0	1	1[[1]]
10	1	1[[1]]
20	1	1[[1]]
30	1	1[[1]]
40	1	1[[1]]
50	1	1[[1]]
60	1	1[[1]]
70	1	1[[1]]
80	1	1[[1]]
90	1	1[[1]]
100	1	1[[1]]
110	1	1[[1]]
120	1	1[[1]]
130	1	1[[1]]
140	1	1[[1]]
150	1	1[[1]]
160	1	1[[1]]
170	1	1[[1]]
180	1	1[[1]]
190	1	1[[1]]
200	1	1[[1]]
210	1	1[[1]]
220	1	1[[1]]
230	1	1[[1]]
240	1	1[[1]]
250	1	1[[1]]
260	1	1[[1]]
270	1	1[[1]]
280	1	1[[1]]
290	1	1[[1]]
300	1	1[[1]]
310	1	1[[1]]
320	1	1[[1]]
330	1	1[[1]]
340	1	1[[1]]
350	1	1[[1]]
360	1	1[[1]]
370	1	1[[1]]
380	1	1[[1]]
390	1	1[[1]]
400	1	1[[1]]
410	1	1[[1]]
420	1	1[[1]]
430	1	1[[1]]
440	1	1[[1]]
450	1	1[[1]]
460	1	1[[1]]
470	1	1[[1]]
480	1	1[[1]]
490	1	1[[1]]
500	1	1[[1]]
510	1	1[[1]]
520	1	1[[1]]
530	1	1[[1]]
540	1	1[[1]]
550	1	1[[1]]
560	1	1[[1]]
570	1	1[[1]]
580	1	1[[1]]
590	1	1[[1]]
600	1	1[[1]]
610	1	1[[1]]
620	1	1[[1]]
630	1	1[[1]]
640	1	1[[1]]
650	1	1[[1]]
660	1	1[[1]]
670	1	1[[1]]
680	1	1[[1]]
690	1	1[[1]]
700	1	1[[1]]
710	1	1[[1]]
720	1	1[[1]]
730	1	1[[1]]
740	1	1[[1]]
750	1	1[[1]]
760	1	1[[1]]
770	1	1[[1]]
780	1	1[[1]]
790	1	1[[1]]
800	1	1[[1]]
810	1	1[[1]]
820	1	1[[1]]
830	1	1[[1]]
840	1	1[[1]]
850	1	1[[1]]
860	1	1[[1]]
870	1	1[[1]]
0	2	1[[2]]
10	2	1[[2]]
20	2	1[[2]]
30	2	1[[2]]
40	2	1[[2]]
50	2	1[[2]]
60	2	1[[2]]
70	2	1[[2]]
80	2	1[[2]]
90	2	1[[2]]
100	2	1[[2]]
110	2	1[[2]]
120	2	1[[2]]
130	2	1[[2]]
140	2	1[[2]]
150	2	1[[2]]
160	2	1[[2]]
170	2	1[[2]]
180	2	1[[2]]
190	2	1[[2]]
200	2	1[[2]]
210	2	1[[2]]
220	2	1[[2]]
230	2	1[[2]]
240	2	1[[2]]
250	2	1[[2]]
260	2	1[[2]]
270	2	1[[2]]
280	2	1[[2]]
290	2	1[[2]]
300	2	1[[2]]
310	2	1[[2]]
320	2	1[[2]]
330	2	1[[2]]
340	2	1[[2]]
350	2	1[[2]]
360	2	1[[2]]
370	2	1[[2]]
380	2	1[[2]]
390	2	1[[2]]
400	2	1[[2]]
410	2	1[[2]]
420	2	1[[2]]
430	2	1[[2]]
440	2	1[[2]]
450	2	1[[2]]
460	2	1[[2]]
470	2	1[[2]]
480	2	1[[2]]
490	2	1[[2]]
500	2	1[[2]]
510	2	1[[2]]
520	2	1[[2]]
530	2	1[[2]]
540	2	1[[2]]
550	2	1[[2]]
560	2	1[[2]]
570	2	1[[2]]
580	2	1[[2]]
590	2	1[[2]]
600	2	1[[2]]
610	2	1[[2]]
620	2	1[[2]]
630	2	1[[2]]
640	2	1[[2]]
650	2	1[[2]]
660	2	1[[2]]
670	2	1[[2]]
680	2	1[[2]]
690	2	1[[2]]
700	2	1[[2]]
710	2	1[[2]]
720	2	1[[2]]
730	2	1[[2]]
740	2	1[[2]]
750	2	1[[2]]
760	2	1[[2]]
770	2	1[[2]]
780	2	1[[2]]
790	2	1[[2]]
800	2	1[[2]]
810	2	1[[2]]
820	2	1[[2]]
830	2	1[[2]]
840	2	1[[2]]
850	2	1[[2]]
860	2	1[[2]]
870	2	1[[2]]
0	3	1[[3]]
10	3	1[[3]]
20	3	1[[3]]
30	3	1[[3]]
40	3	1[[3]]
50	3	1[[3]]
60	3	1[[3]]
70	3	1[[3]]
80	3	1[[3]]
90	3	1[[3]]
100	3	1[[3]]
110	3	1[[3]]
120	3	1[[3]]
130	3	1[[3]]
140	3	1[[3]]
150	3	1[[3]]
160	3	1[[3]]
170	3	1[[3]]
180	3	1[[3]]
190	3	1[[3]]
200	3	1[[3]]
210	3	1[[3]]
220	3	1[[3]]
230	3	1[[3]]
240	3	1[[3]]
250	3	1[[3]]
260	3	1[[3]]
270	3	1[[3]]
280	3	1[[3]]
290	3	1[[3]]
300	3	1[[3]]
310	3	1[[3]]
320	3	1[[3]]
330	3	1[[3]]
340	3	1[[3]]
350	3	1[[3]]
360	3	1[[3]]
370	3	1[[3]]
380	3	1[[3]]
390	3	1[[3]]
400	3	1[[3]]
410	3	1[[3]]
420	3	1[[3]]
430	3	1[[3]]
440	3	1[[3]]
450	3	1[[3]]
460	3	1[[3]]
470	3	1[[3]]
480	3	1[[3]]
490	3	1[[3]]
500	3	1[[3]]
510	3	1[[3]]
520	3	1[[3]]
530	3	1[[3]]
540	3	1[[3]]
550	3	1[[3]]
560	3	1[[3]]
570	3	1[[3]]
580	3	1[[3]]
590	3	1[[3]]
600	3	1[[3]]
610	3	1[[3]]
620	3	1[[3]]
630	3	1[[3]]
640	3	1[[3]]
650	3	1[[3]]
660	3	1[[3]]
670	3	1[[3]]
680	3	1[[3]]
690	3	1[[3]]
700	3	1[[3]]
710	3	1[[3]]
720	3	1[[3]]
730	3	1[[3]]
740	3	1[[3]]
750	3	1[[3]]
760	3	1[[3]]
770	3	1[[3]]
780	3	1[[3]]
790	3	1[[3]]
800	3	1[[3]]
810	3	1[[3]]
820	3	1[[3]]
830	3	1[[3]]
840	3	1[[3]]
850	3	1[[3]]
860	3	1[[3]]
870	3	1[[3]]
0	4	1[[4]]
10	4	1[[4]]
20	4	1[[4]]
30	4	1[[4]]
40	4	1[[4]]
50	4	1[[4]]
60	4	1[[4]]
70	4	1[[4]]
80	4	1[[4]]
90	4	1[[4]]
100	4	1[[4]]
110	4	1[[4]]
120	4	1[[4]]
130	4	1[[4]]
140	4	1[[4]]
150	4	1[[4]]
160	4	1[[4]]
170	4	1[[4]]
180	4	1[[4]]
190	4	1[[4]]
200	4	1[[4]]
210	4	1[[4]]
220	4	1[[4]]
230	4	1[[4]]
240	4	1[[4]]
250	4	1[[4]]
260	4	1[[4]]
270	4	1[[4]]
280	4	1[[4]]
290	4	1[[4]]
300	4	1[[4]]
310	4	1[[4]]
320	4	1[[4]]
330	4	1[[4]]
340	4	1[[4]]
350	4	1[[4]]
360	4	1[[4]]
370	4	1[[4]]
380	4	1[[4]]
390	4	1[[4]]
400	4	1[[4]]
410	4	1[[4]]
420	4	1[[4]]
430	4	1[[4]]
440	4	1[[4]]
450	4	1[[4]]
460	4	1[[4]]
470	4	1[[4]]
480	4	1[[4]]
490	4	1[[4]]
500	4	1[[4]]
510	4	1[[4]]
520	4	1[[4]]
530	4	1[[4]]
540	4	1[[4]]
550	4	1[[4]]
560	4	1[[4]]
570	4	1[[4]]
580	4	1[[4]]
590	4	1[[4]]
600	4	1[[4]]
610	4	1[[4]]
620	4	1[[4]]
630	4	1[[4]]
640	4	1[[4]]
650	4	1[[4]]
660	4	1[[4]]
670	4	1[[4]]
680	4	1[[4]]
690	4	1[[4]]
700	4	1[[4]]
710	4	1[[4]]
720	4	1[[4]]
730	4	1[[4]]
740	4	1[[4]]
750	4	1[[4]]
760	4	1[[4]]
770	4	1[[4]]
780	4	1[[4]]
790	4	1[[4]]
800	4	1[[4]]
810	4	1[[4]]
820	4	1[[4]]
830	4	1[[4]]
840	4	1[[4]]
850	4	1[[4]]
860	4	1[[4]]
870	4	1[[4]]
0	5	1[[5]]
10	5	1[[5]]
20	5	1[[5]]
30	5	1[[5]]
40	5	1[[5]]
50	5	1[[5]]
60	5	1[[5]]
70	5	1[[5]]
80	5	1[[5]]
90	5	1[[5]]
100	5	1[[5]]
110	5	1[[5]]
120	5	1[[5]]
130	5	1[[5]]
140	5	1[[5]]
150	5	1[[5]]
160	5	1[[5]]
170	5	1[[5]]
180	5	1[[5]]
190	5	1[[5]]
200	5	1[[5]]
210	5	1[[5]]
220	5	1[[5]]
230	5	1[[5]]
240	5	1[[5]]
250	5	1[[5]]
260	5	1[[5]]
270	5	1[[5]]
280	5	1[[5]]
290	5	1[[5]]
300	5	1[[5]]
310	5	1[[5]]
320	5	1[[5]]
330	5	1[[5]]
340	5	1[[5]]
350	5	1[[5]]
360	5	1[[5]]
370	5	1[[5]]
380	5	1[[5]]
390	5	1[[5]]
400	5	1[[5]]
410	5	1[[5]]
420	5	1[[5]]
430	5	1[[5]]
440	5	1[[5]]
450	5	1[[5]]
460	5	1[[5]]
470	5	1[[5]]
480	5	1[[5]]
490	5	1[[5]]
500	5	1[[5]]
510	5	1[[5]]
520	5	1[[5]]
530	5	1[[5]]
540	5	1[[5]]
550	5	1[[5]]
560	5	1[[5]]
570	5	1[[5]]
580	5	1[[5]]
590	5	1[[5]]
600	5	1[[5]]
610	5	1[[5]]
620	5	1[[5]]
630	5	1[[5]]
640	5	1[[5]]
650	5	1[[5]]
660	5	1[[5]]
670	5	1[[5]]
680	5	1[[5]]
690	5	1[[5]]
700	5	1[[5]]
710	5	1[[5]]
720	5	1[[5]]
730	5	1[[5]]
740	5	1[[5]]
750	5	1[[5]]
760	5	1[[5]]
770	5	1[[5]]
780	5	1[[5]]
790	5	1[[5]]
800	5	1[[5]]
810	5	1[[5]]
820	5	1[[5]]
830	5	1[[5]]
840	5	1[[5]]
850	5	1[[5]]
860	5	1[[5]]
870	5	1[[5]]
0	6	1[[6]]
10	6	1[[6]]
20	6	1[[6]]
30	6	1[[6]]
40	6	1[[6]]
50	6	1[[6]]
60	6	1[[6]]
70	6	1[[6]]
80	6	1[[6]]
90	6	1[[6]]
100	6	1[[6]]
110	6	1[[6]]
120	6	1[[6]]
130	6	1[[6]]
140	6	1[[6]]
150	6	1[[6]]
160	6	1[[6]]
170	6	1[[6]]
180	6	1[[6]]
190	6	1[[6]]
200	6	1[[6]]
210	6	1[[6]]
220	6	1[[6]]
230	6	1[[6]]
240	6	1[[6]]
250	6	1[[6]]
260	6	1[[6]]
270	6	1[[6]]
280	6	1[[6]]
290	6	1[[6]]
300	6	1[[6]]
310	6	1[[6]]
320	6	1[[6]]
330	6	1[[6]]
340	6	1[[6]]
350	6	1[[6]]
360	6	1[[6]]
370	6	1[[6]]
380	6	1[[6]]
390	6	1[[6]]
400	6	1[[6]]
410	6	1[[6]]
420	6	1[[6]]
430	6	1[[6]]
440	6	1[[6]]
450	6	1[[6]]
460	6	1[[6]]
470	6	1[[6]]
480	6	1[[6]]
490	6	1[[6]]
500	6	1[[6]]
510	6	1[[6]]
520	6	1[[6]]
530	6	1[[6]]
540	6	1[[6]]
550	6	1[[6]]
560	6	1[[6]]
570	6	1[[6]]
580	6	1[[6]]
590	6	1[[6]]
600	6	1[[6]]
610	6	1[[6]]
620	6	1[[6]]
630	6	1[[6]]
640	6	1[[6]]
650	6	1[[6]]
660	6	1[[6]]
670	6	1[[6]]
680	6	1[[6]]
690	6	1[[6]]
700	6	1[[6]]
710	6	1[[6]]
720	6	1[[6]]
730	6	1[[6]]
740	6	1[[6]]
750	6	1[[6]]
760	6	1[[6]]
770	6	1[[6]]
780	6	1[[6]]
790	6	1[[6]]
800	6	1[[6]]
810	6	1[[6]]
820	6	1[[6]]
830	6	1[[6]]
840	6	1[[6]]
850	6	1[[6]]
860	6	1[[6]]
870	6	1[[6]]
0	7	1[[7]]
10	7	1[[7]]
20	7	1[[7]]
30	7	1[[7]]
40	7	1[[7]]
50	7	1[[7]]
60	7	1[[7]]
70	7	1[[7]]
80	7	1[[7]]
90	7	1[[7]]
100	7	1[[7]]
110	7	1[[7]]
120	7	1[[7]]
130	7	1[[7]]
140	7	1[[7]]
150	7	1[[7]]
160	7	1[[7]]
170	7	1[[7]]
180	7	1[[7]]
190	7	1[[7]]
200	7	1[[7]]
210	7	1[[7]]
220	7	1[[7]]
230	7	1[[7]]
240	7	1[[7]]
250	7	1[[7]]
260	7	1[[7]]
270	7	1[[7]]
280	7	1[[7]]
290	7	1[[7]]
300	7	1[[7]]
310	7	1[[7]]
320	7	1[[7]]
330	7	1[[7]]
340	7	1[[7]]
350	7	1[[7]]
360	7	1[[7]]
370	7	1[[7]]
380	7	1[[7]]
390	7	1[[7]]
400	7	1[[7]]
410	7	1[[7]]
420	7	1[[7]]
430	7	1[[7]]
440	7	1[[7]]
450	7	1[[7]]
460	7	1[[7]]
470	7	1[[7]]
480	7	1[[7]]
490	7	1[[7]]
500	7	1[[7]]
510	7	1[[7]]
520	7	1[[7]]
530	7	1[[7]]
540	7	1[[7]]
550	7	1[[7]]
560	7	1[[7]]
570	7	1[[7]]
580	7	1[[7]]
590	7	1[[7]]
600	7	1[[7]]
610	7	1[[7]]
620	7	1[[7]]
630	7	1[[7]]
640	7	1[[7]]
650	7	1[[7]]
660	7	1[[7]]
670	7	1[[7]]
680	7	1[[7]]
690	7	1[[7]]
700	7	1[[7]]
710	7	1[[7]]
720	7	1[[7]]
730	7	1[[7]]
740	7	1[[7]]
750	7	1[[7]]
760	7	1[[7]]
770	7	1[[7]]
780	7	1[[7]]
790	7	1[[7]]
800	7	1[[7]]
810	7	1[[7]]
820	7	1[[7]]
830	7	1[[7]]
840	7	1[[7]]
850	7	1[[7]]
860	7	1[[7]]
870	7	1[[7]]
0	8	1[[8]]
10	8	1[[8]]
20	8	1[[8]]
30	8	1[[8]]
40	8	1[[8]]
50	8	1[[8]]
60	8	1[[8]]
70	8	1[[8]]
80	8	1[[8]]
90	8	1[[8]]
100	8	1[[8]]
110	8	1[[8]]
120	8	1[[8]]
130	8	1[[8]]
140	8	1[[8]]
150	8	1[[8]]
160	8	1[[8]]
170	8	1[[8]]
180	8	1[[8]]
190	8	1[[8]]
200	8	1[[8]]
210	8	1[[8]]
220	8	1[[8]]
230	8	1[[8]]
240	8	1[[8]]
250	8	1[[8]]
260	8	1[[8]]
270	8	1[[8]]
280	8	1[[8]]
290	8	1[[8]]
300	8	1[[8]]
310	8	1[[8]]
320	8	1[[8]]
330	8	1[[8]]
340	8	1[[8]]
350	8	1[[8]]
360	8	1[[8]]
370	8	1[[8]]
380	8	1[[8]]
390	8	1[[8]]
400	8	1[[8]]
410	8	1[[8]]
420	8	1[[8]]
430	8	1[[8]]
440	8	1[[8]]
450	8	1[[8]]
460	8	1[[8]]
470	8	1[[8]]
480	8	1[[8]]
490	8	1[[8]]
500	8	1[[8]]
510	8	1[[8]]
520	8	1[[8]]
530	8	1[[8]]
540	8	1[[8]]
550	8	1[[8]]
560	8	1[[8]]
570	8	1[[8]]
580	8	1[[8]]
590	8	1[[8]]
600	8	1[[8]]
610	8	1[[8]]
620	8	1[[8]]
630	8	1[[8]]
640	8	1[[8]]
650	8	1[[8]]
660	8	1[[8]]
670	8	1[[8]]
680	8	1[[8]]
690	8	1[[8]]
700	8	1[[8]]
710	8	1[[8]]
720	8	1[[8]]
730	8	1[[8]]
740	8	1[[8]]
750	8	1[[8]]
760	8	1[[8]]
770	8	1[[8]]
780	8	1[[8]]
790	8	1[[8]]
800	8	1[[8]]
810	8	1[[8]]
820	8	1[[8]]
830	8	1[[8]]
840	8	1[[8]]
850	8	1[[8]]
860	8	1[[8]]
870	8	1[[8]]
0	9	1[[9]]
10	9	1[[9]]
20	9	1[[9]]
30	9	1[[9]]
40	9	1[[9]]
50	9	1[[9]]
60	9	1[[9]]
70	9	1[[9]]
80	9	1[[9]]
90	9	1[[9]]
100	9	1[[9]]
110	9	1[[9]]
120	9	1[[9]]
130	9	1[[9]]
140	9	1[[9]]
150	9	1[[9]]
160	9	1[[9]]
170	9	1[[9]]
180	9	1[[9]]
190	9	1[[9]]
200	9	1[[9]]
210	9	1[[9]]
220	9	1[[9]]
230	9	1[[9]]
240	9	1[[9]]
250	9	1[[9]]
260	9	1[[9]]
270	9	1[[9]]
280	9	1[[9]]
290	9	1[[9]]
300	9	1[[9]]
310	9	1[[9]]
320	9	1[[9]]
330	9	1[[9]]
340	9	1[[9]]
350	9	1[[9]]
360	9	1[[9]]
370	9	1[[9]]
380	9	1[[9]]
390	9	1[[9]]
400	9	1[[9]]
410	9	1[[9]]
420	9	1[[9]]
430	9	1[[9]]
440	9	1[[9]]
450	9	1[[9]]
460	9	1[[9]]
470	9	1[[9]]
480	9	1[[9]]
490	9	1[[9]]
500	9	1[[9]]
510	9	1[[9]]
520	9	1[[9]]
530	9	1[[9]]
540	9	1[[9]]
550	9	1[[9]]
560	9	1[[9]]
570	9	1[[9]]
580	9	1[[9]]
590	9	1[[9]]
600	9	1[[9]]
610	9	1[[9]]
620	9	1[[9]]
630	9	1[[9]]
640	9	1[[9]]
650	9	1[[9]]
660	9	1[[9]]
670	9	1[[9]]
680	9	1[[9]]
690	9	1[[9]]
700	9	1[[9]]
710	9	1[[9]]
720	9	1[[9]]
730	9	1[[9]]
740	9	1[[9]]
750	9	1[[9]]
760	9	1[[9]]
770	9	1[[9]]
780	9	1[[9]]
790	9	1[[9]]
800	9	1[[9]]
810	9	1[[9]]
820	9	1[[9]]
830	9	1[[9]]
840	9	1[[9]]
850	9	1[[9]]
860	9	1[[9]]
870	9	1[[9]]
0	10	1[[10]]
10	10	1[[10]]
20	10	1[[10]]
30	10	1[[10]]
40	10	1[[10]]
50	10	1[[10]]
60	10	1[[10]]
70	10	1[[10]]
80	10	1[[10]]
90	10	1[[10]]
100	10	1[[10]]
110	10	1[[10]]
120	10	1[[10]]
130	10	1[[10]]
140	10	1[[10]]
150	10	1[[10]]
160	10	1[[10]]
170	10	1[[10]]
180	10	1[[10]]
190	10	1[[10]]
200	10	1[[10]]
210	10	1[[10]]
220	10	1[[10]]
230	10	1[[10]]
240	10	1[[10]]
250	10	1[[10]]
260	10	1[[10]]
270	10	1[[10]]
280	10	1[[10]]
290	10	1[[10]]
300	10	1[[10]]
310	10	1[[10]]
320	10	1[[10]]
330	10	1[[10]]
340	10	1[[10]]
350	10	1[[10]]
360	10	1[[10]]
370	10	1[[10]]
380	10	1[[10]]
390	10	1[[10]]
400	10	1[[10]]
410	10	1[[10]]
420	10	1[[10]]
430	10	1[[10]]
440	10	1[[10]]
450	10	1[[10]]
460	10	1[[10]]
470	10	1[[10]]
480	10	1[[10]]
490	10	1[[10]]
500	10	1[[10]]
510	10	1[[10]]
520	10	1[[10]]
530	10	1[[10]]
540	10	1[[10]]
550	10	1[[10]]
560	10	1[[10]]
570	10	1[[10]]
580	10	1[[10]]
590	10	1[[10]]
600	10	1[[10]]
610	10	1[[10]]
620	10	1[[10]]
630	10	1[[10]]
640	10	1[[10]]
650	10	1[[10]]
660	10	1[[10]]
670	10	1[[10]]
680	10	1[[10]]
690	10	1[[10]]
700	10	1[[10]]
710	10	1[[10]]
720	10	1[[10]]
730	10	1[[10]]
740	10	1[[10]]
750	10	1[[10]]
760	10	1[[10]]
770	10	1[[10]]
780	10	1[[10]]
790	10	1[[10]]
800	10	1[[10]]
810	10	1[[10]]
820	10	1[[10]]
830	10	1[[10]]
840	10	1[[10]]
850	10	1[[10]]
860	10	1[[10]]
870	10	1[[10]]
0	11	1[[11]]
10	11	1[[11]]
20	11	1[[11]]
30	11	1[[11]]
40	11	1[[11]]
50	11	1[[11]]
60	11	1[[11]]
70	11	1[[11]]
80	11	1[[11]]
90	11	1[[11]]
100	11	1[[11]]
110	11	1[[11]]
120	11	1[[11]]
130	11	1[[11]]
140	11	1[[11]]
150	11	1[[11]]
160	11	1[[11]]
170	11	1[[11]]
180	11	1[[11]]
190	11	1[[11]]
200	11	1[[11]]
210	11	1[[11]]
220	11	1[[11]]
230	11	1[[11]]
240	11	1[[11]]
250	11	1[[11]]
260	11	1[[11]]
270	11	1[[11]]
280	11	1[[11]]
290	11	1[[11]]
300	11	1[[11]]
310	11	1[[11]]
320	11	1[[11]]
330	11	1[[11]]
340	11	1[[11]]
350	11	1[[11]]
360	11	1[[11]]
370	11	1[[11]]
380	11	1[[11]]
390	11	1[[11]]
400	11	1[[11]]
410	11	1[[11]]
420	11	1[[11]]
430	11	1[[11]]
440	11	1[[11]]
450	11	1[[11]]
460	11	1[[11]]
470	11	1[[11]]
480	11	1[[11]]
490	11	1[[11]]
500	11	1[[11]]
510	11	1[[11]]
520	11	1[[11]]
530	11	1[[11]]
540	11	1[[11]]
550	11	1[[11]]
560	11	1[[11]]
570	11	1[[11]]
580	11	1[[11]]
590	11	1[[11]]
600	11	1[[11]]
610	11	1[[11]]
620	11	1[[11]]
630	11	1[[11]]
640	11	1[[11]]
650	11	1[[11]]
660	11	1[[11]]
670	11	1[[11]]
680	11	1[[11]]
690	11	1[[11]]
700	11	1[[11]]
710	11	1[[11]]
720	11	1[[11]]
730	11	1[[11]]
740	11	1[[11]]
750	11	1[[11]]
760	11	1[[11]]
770	11	1[[11]]
780	11	1[[11]]
790	11	1[[11]]
800	11	1[[11]]
810	11	1[[11]]
820	11	1[[11]]
830	11	1[[11]]
840	11	1[[11]]
850	11	1[[11]]
860	11	1[[11]]
870	11	1[[11]]
0	12	1[[12]]
10	12	1[[12]]
20	12	1[[12]]
30	12	1[[12]]
40	12	1[[12]]
50	12	1[[12]]
60	12	1[[12]]
70	12	1[[12]]
80	12	1[[12]]
90	12	1[[12]]
100	12	1[[12]]
110	12	1[[12]]
120	12	1[[12]]
130	12	1[[12]]
140	12	1[[12]]
150	12	1[[12]]
160	12	1[[12]]
170	12	1[[12]]
180	12	1[[12]]
190	12	1[[12]]
200	12	1[[12]]
210	12	1[[12]]
220	12	1[[12]]
230	12	1[[12]]
240	12	1[[12]]
250	12	1[[12]]
260	12	1[[12]]
270	12	1[[12]]
280	12	1[[12]]
290	12	1[[12]]
300	12	1[[12]]
310	12	1[[12]]
320	12	1[[12]]
330	12	1[[12]]
340	12	1[[12]]
350	12	1[[12]]
360	12	1[[12]]
370	12	1[[12]]
380	12	1[[12]]
390	12	1[[12]]
400	12	1[[12]]
410	12	1[[12]]
420	12	1[[12]]
430	12	1[[12]]
440	12	1[[12]]
450	12	1[[12]]
460	12	1[[12]]
470	12	1[[12]]
480	12	1[[12]]
490	12	1[[12]]
500	12	1[[12]]
510	12	1[[12]]
520	12	1[[12]]
530	12	1[[12]]
540	12	1[[12]]
550	12	1[[12]]
560	12	1[[12]]
570	12	1[[12]]
580	12	1[[12]]
590	12	1[[12]]
600	12	1[[12]]
610	12	1[[12]]
620	12	1[[12]]
630	12	1[[12]]
640	12	1[[12]]
650	12	1[[12]]
660	12	1[[12]]
670	12	1[[12]]
680	12	1[[12]]
690	12	1[[12]]
700	12	1[[12]]
710	12	1[[12]]
720	12	1[[12]]
730	12	1[[12]]
740	12	1[[12]]
750	12	1[[12]]
760	12	1[[12]]
770	12	1[[12]]
780	12	1[[12]]
790	12	1[[12]]
800	12	1[[12]]
810	12	1[[12]]
820	12	1[[12]]
830	12	1[[12]]
840	12	1[[12]]
850	12	1[[12]]
860	12	1[[12]]
870	12	1[[12]]
0	13	1[[13]]
10	13	1[[13]]
20	13	1[[13]]
30	13	1[[13]]
40	13	1[[13]]
50	13	1[[13]]
60	13	1[[13]]
70	13	1[[13]]
80	13	1[[13]]
90	13	1[[13]]
100	13	1[[13]]
110	13	1[[13]]
120	13	1[[13]]
130	13	1[[13]]
140	13	1[[13]]
150	13	1[[13]]
160	13	1[[13]]
170	13	1[[13]]
180	13	1[[13]]
190	13	1[[13]]
200	13	1[[13]]
210	13	1[[13]]
220	13	1[[13]]
230	13	1[[13]]
240	13	1[[13]]
250	13	1[[13]]
260	13	1[[13]]
270	13	1[[13]]
280	13	1[[13]]
290	13	1[[13]]
300	13	1[[13]]
310	13	1[[13]]
320	13	1[[13]]
330	13	1[[13]]
340	13	1[[13]]
350	13	1[[13]]
360	13	1[[13]]
370	13	1[[13]]
380	13	1[[13]]
390	13	1[[13]]
400	13	1[[13]]
410	13	1[[13]]
420	13	1[[13]]
430	13	1[[13]]
440	13	1[[13]]
450	13	1[[13]]
460	13	1[[13]]
470	13	1[[13]]
480	13	1[[13]]
490	13	1[[13]]
500	13	1[[13]]
510	13	1[[13]]
520	13	1[[13]]
530	13	1[[13]]
540	13	1[[13]]
550	13	1[[13]]
560	13	1[[13]]
570	13	1[[13]]
580	13	1[[13]]
590	13	1[[13]]
600	13	1[[13]]
610	13	1[[13]]
620	13	1[[13]]
630	13	1[[13]]
640	13	1[[13]]
650	13	1[[13]]
660	13	1[[13]]
670	13	1[[13]]
680	13	1[[13]]
690	13	1[[13]]
700	13	1[[13]]
710	13	1[[13]]
720	13	1[[13]]
730	13	1[[13]]
740	13	1[[13]]
750	13	1[[13]]
760	13	1[[13]]
770	13	1[[13]]
780	13	1[[13]]
790	13	1[[13]]
800	13	1[[13]]
810	13	1[[13]]
820	13	1[[13]]
830	13	1[[13]]
840	13	1[[13]]
850	13	1[[13]]
860	13	1[[13]]
870	13	1[[13]]
0	14	1[[14]]
10	14	1[[14]]
20	14	1[[14]]
30	14	1[[14]]
40	14	1[[14]]
50	14	1[[14]]
60	14	1[[14]]
70	14	1[[14]]
80	14	1[[14]]
90	14	1[[14]]
100	14	1[[14]]
110	14	1[[14]]
120	14	1[[14]]
130	14	1[[14]]
140	14	1[[14]]
150	14	1[[14]]
160	14	1[[14]]
170	14	1[[14]]
180	14	1[[14]]
190	14	1[[14]]
200	14	1[[14]]
210	14	1[[14]]
220	14	1[[14]]
230	14	1[[14]]
240	14	1[[14]]
250	14	1[[14]]
260	14	1[[14]]
270	14	1[[14]]
280	14	1[[14]]
290	14	1[[14]]
300	14	1[[14]]
310	14	1[[14]]
320	14	1[[14]]
330	14	1[[14]]
340	14	1[[14]]
350	14	1[[14]]
360	14	1[[14]]
370	14	1[[14]]
380	14	1[[14]]
390	14	1[[14]]
400	14	1[[14]]
410	14	1[[14]]
420	14	1[[14]]
430	14	1[[14]]
440	14	1[[14]]
450	14	1[[14]]
460	14	1[[14]]
470	14	1[[14]]
480	14	1[[14]]
490	14	1[[14]]
500	14	1[[14]]
510	14	1[[14]]
520	14	1[[14]]
530	14	1[[14]]
540	14	1[[14]]
550	14	1[[14]]
560	14	1[[14]]
570	14	1[[14]]
580	14	1[[14]]
590	14	1[[14]]
600	14	1[[14]]
610	14	1[[14]]
620	14	1[[14]]
630	14	1[[14]]
640	14	1[[14]]
650	14	1[[14]]
660	14	1[[14]]
670	14	1[[14]]
680	14	1[[14]]
690	14	1[[14]]
700	14	1[[14]]
710	14	1[[14]]
720	14	1[[14]]
730	14	1[[14]]
740	14	1[[14]]
750	14	1[[14]]
760	14	1[[14]]
770	14	1[[14]]
780	14	1[[14]]
790	14	1[[14]]
800	14	1[[14]]
810	14	1[[14]]
820	14	1[[14]]
830	14	1[[14]]
840	14	1[[14]]
850	14	1[[14]]
860	14	1[[14]]
870	14	1[[14]]
0	15	1[[15]]
10	15	1[[15]]
20	15	1[[15]]
30	15	1[[15]]
40	15	1[[15]]
50	15	1[[15]]
60	15	1[[15]]
70	15	1[[15]]
80	15	1[[15]]
90	15	1[[15]]
100	15	1[[15]]
110	15	1[[15]]
120	15	1[[15]]
130	15	1[[15]]
140	15	1[[15]]
150	15	1[[15]]
160	15	1[[15]]
170	15	1[[15]]
180	15	1[[15]]
190	15	1[[15]]
200	15	1[[15]]
210	15	1[[15]]
220	15	1[[15]]
230	15	1[[15]]
240	15	1[[15]]
250	15	1[[15]]
260	15	1[[15]]
270	15	1[[15]]
280	15	1[[15]]
290	15	1[[15]]
300	15	1[[15]]
310	15	1[[15]]
320	15	1[[15]]
330	15	1[[15]]
340	15	1[[15]]
350	15	1[[15]]
360	15	1[[15]]
370	15	1[[15]]
380	15	1[[15]]
390	15	1[[15]]
400	15	1[[15]]
410	15	1[[15]]
420	15	1[[15]]
430	15	1[[15]]
440	15	1[[15]]
450	15	1[[15]]
460	15	1[[15]]
470	15	1[[15]]
480	15	1[[15]]
490	15	1[[15]]
500	15	1[[15]]
510	15	1[[15]]
520	15	1[[15]]
530	15	1[[15]]
540	15	1[[15]]
550	15	1[[15]]
560	15	1[[15]]
570	15	1[[15]]
580	15	1[[15]]
590	15	1[[15]]
600	15	1[[15]]
610	15	1[[15]]
620	15	1[[15]]
630	15	1[[15]]
640	15	1[[15]]
650	15	1[[15]]
660	15	1[[15]]
670	15	1[[15]]
680	15	1[[15]]
690	15	1[[15]]
700	15	1[[15]]
710	15	1[[15]]
720	15	1[[15]]
730	15	1[[15]]
740	15	1[[15]]
750	15	1[[15]]
760	15	1[[15]]
770	15	1[[15]]
780	15	1[[15]]
790	15	1[[15]]
800	15	1[[15]]
810	15	1[[15]]
820	15	1[[15]]
830	15	1[[15]]
840	15	1[[15]]
850	15	1[[15]]
860	15	1[[15]]
870	15	1[[15]]
0	16	1[[16]]
10	16	1[[16]]
20	16	1[[16]]
30	16	1[[16]]
40	16	1[[16]]
50	16	1[[16]]
60	16	1[[16]]
70	16	1[[16]]
80	16	1[[16]]
90	16	1[[16]]
100	16	1[[16]]
110	16	1[[16]]
120	16	1[[16]]
130	16	1[[16]]
140	16	1[[16]]
150	16	1[[16]]
160	16	1[[16]]
170	16	1[[16]]
180	16	1[[16]]
190	16	1[[16]]
200	16	1[[16]]
210	16	1[[16]]
220	16	1[[16]]
230	16	1[[16]]
240	16	1[[16]]
250	16	1[[16]]
260	16	1[[16]]
270	16	1[[16]]
280	16	1[[16]]
290	16	1[[16]]
300	16	1[[16]]
310	16	1[[16]]
320	16	1[[16]]
330	16	1[[16]]
340	16	1[[16]]
350	16	1[[16]]
360	16	1[[16]]
370	16	1[[16]]
380	16	1[[16]]
390	16	1[[16]]
400	16	1[[16]]
410	16	1[[16]]
420	16	1[[16]]
430	16	1[[16]]
440	16	1[[16]]
450	16	1[[16]]
460	16	1[[16]]
470	16	1[[16]]
480	16	1[[16]]
490	16	1[[16]]
500	16	1[[16]]
510	16	1[[16]]
520	16	1[[16]]
530	16	1[[16]]
540	16	1[[16]]
550	16	1[[16]]
560	16	1[[16]]
570	16	1[[16]]
580	16	1[[16]]
590	16	1[[16]]
600	16	1[[16]]
610	16	1[[16]]
620	16	1[[16]]
630	16	1[[16]]
640	16	1[[16]]
650	16	1[[16]]
660	16	1[[16]]
670	16	1[[16]]
680	16	1[[16]]
690	16	1[[16]]
700	16	1[[16]]
710	16	1[[16]]
720	16	1[[16]]
730	16	1[[16]]
740	16	1[[16]]
750	16	1[[16]]
760	16	1[[16]]
770	16	1[[16]]
780	16	1[[16]]
790	16	1[[16]]
800	16	1[[16]]
810	16	1[[16]]
820	16	1[[16]]
830	16	1[[16]]
840	16	1[[16]]
850	16	1[[16]]
860	16	1[[16]]
870	16	1[[16]]
0	17	1[[17]]
10	17	1[[17]]
20	17	1[[17]]
30	17	1[[17]]
40	17	1[[17]]
50	17	1[[17]]
60	17	1[[17]]
70	17	1[[17]]
80	17	1[[17]]
90	17	1[[17]]
100	17	1[[17]]
110	17	1[[17]]
120	17	1[[17]]
130	17	1[[17]]
140	17	1[[17]]
150	17	1[[17]]
160	17	1[[17]]
170	17	1[[17]]
180	17	1[[17]]
190	17	1[[17]]
200	17	1[[17]]
210	17	1[[17]]
220	17	1[[17]]
230	17	1[[17]]
240	17	1[[17]]
250	17	1[[17]]
260	17	1[[17]]
270	17	1[[17]]
280	17	1[[17]]
290	17	1[[17]]
300	17	1[[17]]
310	17	1[[17]]
320	17	1[[17]]
330	17	1[[17]]
340	17	1[[17]]
350	17	1[[17]]
360	17	1[[17]]
370	17	1[[17]]
380	17	1[[17]]
390	17	1[[17]]
400	17	1[[17]]
410	17	1[[17]]
420	17	1[[17]]
430	17	1[[17]]
440	17	1[[17]]
450	17	1[[17]]
460	17	1[[17]]
470	17	1[[17]]
480	17	1[[17]]
490	17	1[[17]]
500	17	1[[17]]
510	17	1[[17]]
520	17	1[[17]]
530	17	1[[17]]
540	17	1[[17]]
550	17	1[[17]]
560	17	1[[17]]
570	17	1[[17]]
580	17	1[[17]]
590	17	1[[17]]
600	17	1[[17]]
610	17	1[[17]]
620	17	1[[17]]
630	17	1[[17]]
640	17	1[[17]]
650	17	1[[17]]
660	17	1[[17]]
670	17	1[[17]]
680	17	1[[17]]
690	17	1[[17]]
700	17	1[[17]]
710	17	1[[17]]
720	17	1[[17]]
730	17	1[[17]]
740	17	1[[17]]
750	17	1[[17]]
760	17	1[[17]]
770	17	1[[17]]
780	17	1[[17]]
790	17	1[[17]]
800	17	1[[17]]
810	17	1[[17]]
820	17	1[[17]]
830	17	1[[17]]
840	17	1[[17]]
850	17	1[[17]]
860	17	1[[17]]
870	17	1[[17]]
0	18	1[[18]]
10	18	1[[18]]
20	18	1[[18]]
30	18	1[[18]]
40	18	1[[18]]
50	18	1[[18]]
60	18	1[[18]]
70	18	1[[18]]
80	18	1[[18]]
90	18	1[[18]]
100	18	1[[18]]
110	18	1[[18]]
120	18	1[[18]]
130	18	1[[18]]
140	18	1[[18]]
150	18	1[[18]]
160	18	1[[18]]
170	18	1[[18]]
180	18	1[[18]]
190	18	1[[18]]
200	18	1[[18]]
210	18	1[[18]]
220	18	1[[18]]
230	18	1[[18]]
240	18	1[[18]]
250	18	1[[18]]
260	18	1[[18]]
270	18	1[[18]]
280	18	1[[18]]
290	18	1[[18]]
300	18	1[[18]]
310	18	1[[18]]
320	18	1[[18]]
330	18	1[[18]]
340	18	1[[18]]
350	18	1[[18]]
360	18	1[[18]]
370	18	1[[18]]
380	18	1[[18]]
390	18	1[[18]]
400	18	1[[18]]
410	18	1[[18]]
420	18	1[[18]]
430	18	1[[18]]
440	18	1[[18]]
450	18	1[[18]]
460	18	1[[18]]
470	18	1[[18]]
480	18	1[[18]]
490	18	1[[18]]
500	18	1[[18]]
510	18	1[[18]]
520	18	1[[18]]
530	18	1[[18]]
540	18	1[[18]]
550	18	1[[18]]
560	18	1[[18]]
570	18	1[[18]]
580	18	1[[18]]
590	18	1[[18]]
600	18	1[[18]]
610	18	1[[18]]
620	18	1[[18]]
630	18	1[[18]]
640	18	1[[18]]
650	18	1[[18]]
660	18	1[[18]]
670	18	1[[18]]
680	18	1[[18]]
690	18	1[[18]]
700	18	1[[18]]
710	18	1[[18]]
720	18	1[[18]]
730	18	1[[18]]
740	18	1[[18]]
750	18	1[[18]]
760	18	1[[18]]
770	18	1[[18]]
780	18	1[[18]]
790	18	1[[18]]
800	18	1[[18]]
810	18	1[[18]]
820	18	1[[18]]
830	18	1[[18]]
840	18	1[[18]]
850	18	1[[18]]
860	18	1[[18]]
870	18	1[[18]]
0	19	1[[19]]
10	19	1[[19]]
20	19	1[[19]]
30	19	1[[19]]
40	19	1[[19]]
50	19	1[[19]]
60	19	1[[19]]
70	19	1[[19]]
80	19	1[[19]]
90	19	1[[19]]
100	19	1[[19]]
110	19	1[[19]]
120	19	1[[19]]
130	19	1[[19]]
140	19	1[[19]]
150	19	1[[19]]
160	19	1[[19]]
170	19	1[[19]]
180	19	1[[19]]
190	19	1[[19]]
200	19	1[[19]]
210	19	1[[19]]
220	19	1[[19]]
230	19	1[[19]]
240	19	1[[19]]
250	19	1[[19]]
260	19	1[[19]]
270	19	1[[19]]
280	19	1[[19]]
290	19	1[[19]]
300	19	1[[19]]
310	19	1[[19]]
320	19	1[[19]]
330	19	1[[19]]
340	19	1[[19]]
350	19	1[[19]]
360	19	1[[19]]
370	19	1[[19]]
380	19	1[[19]]
390	19	1[[19]]
400	19	1[[19]]
410	19	1[[19]]
420	19	1[[19]]
430	19	1[[19]]
440	19	1[[19]]
450	19	1[[19]]
460	19	1[[19]]
470	19	1[[19]]
480	19	1[[19]]
490	19	1[[19]]
500	19	1[[19]]
510	19	1[[19]]
520	19	1[[19]]
530	19	1[[19]]
540	19	1[[19]]
550	19	1[[19]]
560	19	1[[19]]
570	19	1[[19]]
580	19	1[[19]]
590	19	1[[19]]
600	19	1[[19]]
610	19	1[[19]]
620	19	1[[19]]
630	19	1[[19]]
640	19	1[[19]]
650	19	1[[19]]
660	19	1[[19]]
670	19	1[[19]]
680	19	1[[19]]
690	19	1[[19]]
700	19	1[[19]]
710	19	1[[19]]
720	19	1[[19]]
730	19	1[[19]]
740	19	1[[19]]
750	19	1[[19]]
760	19	1[[19]]
770	19	1[[19]]
780	19	1[[19]]
790	19	1[[19]]
800	19	1[[19]]
810	19	1[[19]]
820	19	1[[19]]
830	19	1[[19]]
840	19	1[[19]]
850	19	1[[19]]
860	19	1[[19]]
870	19	1[[19]]
0	20	1[[20]]
10	20	1[[20]]
20	20	1[[20]]
30	20	1[[20]]
40	20	1[[20]]
50	20	1[[20]]
60	20	1[[20]]
70	20	1[[20]]
80	20	1[[20]]
90	20	1[[20]]
100	20	1[[20]]
110	20	1[[20]]
120	20	1[[20]]
130	20	1[[20]]
140	20	1[[20]]
150	20	1[[20]]
160	20	1[[20]]
170	20	1[[20]]
180	20	1[[20]]
190	20	1[[20]]
200	20	1[[20]]
210	20	1[[20]]
220	20	1[[20]]
230	20	1[[20]]
240	20	1[[20]]
250	20	1[[20]]
260	20	1[[20]]
270	20	1[[20]]
280	20	1[[20]]
290	20	1[[20]]
300	20	1[[20]]
310	20	1[[20]]
320	20	1[[20]]
330	20	1[[20]]
340	20	1[[20]]
350	20	1[[20]]
360	20	1[[20]]
370	20	1[[20]]
380	20	1[[20]]
390	20	1[[20]]
400	20	1[[20]]
410	20	1[[20]]
420	20	1[[20]]
430	20	1[[20]]
440	20	1[[20]]
450	20	1[[20]]
460	20	1[[20]]
470	20	1[[20]]
480	20	1[[20]]
490	20	1[[20]]
500	20	1[[20]]
510	20	1[[20]]
520	20	1[[20]]
530	20	1[[20]]
540	20	1[[20]]
550	20	1[[20]]
560	20	1[[20]]
570	20	1[[20]]
580	20	1[[20]]
590	20	1[[20]]
600	20	1[[20]]
610	20	1[[20]]
620	20	1[[20]]
630	20	1[[20]]
640	20	1[[20]]
650	20	1[[20]]
660	20	1[[20]]
670	20	1[[20]]
680	20	1[[20]]
690	20	1[[20]]
700	20	1[[20]]
710	20	1[[20]]
720	20	1[[20]]
730	20	1[[20]]
740	20	1[[20]]
750	20	1[[20]]
760	20	1[[20]]
770	20	1[[20]]
780	20	1[[20]]
790	20	1[[20]]
800	20	1[[20]]
810	20	1[[20]]
820	20	1[[20]]
830	20	1[[20]]
840	20	1[[20]]
850	20	1[[20]]
860	20	1[[20]]
870	20	1[[20]]
0	21	1[[21]]
10	21	1[[21]]
20	21	1[[21]]
30	21	1[[21]]
40	21	1[[21]]
50	21	1[[21]]
60	21	1[[21]]
70	21	1[[21]]
80	21	1[[21]]
90	21	1[[21]]
100	21	1[[21]]
110	21	1[[21]]
120	21	1[[21]]
130	21	1[[21]]
140	21	1[[21]]
150	21	1[[21]]
160	21	1[[21]]
170	21	1[[21]]
180	21	1[[21]]
190	21	1[[21]]
200	21	1[[21]]
210	21	1[[21]]
220	21	1[[21]]
230	21	1[[21]]
240	21	1[[21]]
250	21	1[[21]]
260	21	1[[21]]
270	21	1[[21]]
280	21	1[[21]]
290	21	1[[21]]
300	21	1[[21]]
310	21	1[[21]]
320	21	1[[21]]
330	21	1[[21]]
340	21	1[[21]]
350	21	1[[21]]
360	21	1[[21]]
370	21	1[[21]]
380	21	1[[21]]
390	21	1[[21]]
400	21	1[[21]]
410	21	1[[21]]
420	21	1[[21]]
430	21	1[[21]]
440	21	1[[21]]
450	21	1[[21]]
460	21	1[[21]]
470	21	1[[21]]
480	21	1[[21]]
490	21	1[[21]]
500	21	1[[21]]
510	21	1[[21]]
520	21	1[[21]]
530	21	1[[21]]
540	21	1[[21]]
550	21	1[[21]]
560	21	1[[21]]
570	21	1[[21]]
580	21	1[[21]]
590	21	1[[21]]
600	21	1[[21]]
610	21	1[[21]]
620	21	1[[21]]
630	21	1[[21]]
640	21	1[[21]]
650	21	1[[21]]
660	21	1[[21]]
670	21	1[[21]]
680	21	1[[21]]
690	21	1[[21]]
700	21	1[[21]]
710	21	1[[21]]
720	21	1[[21]]
730	21	1[[21]]
740	21	1[[21]]
750	21	1[[21]]
760	21	1[[21]]
770	21	1[[21]]
780	21	1[[21]]
790	21	1[[21]]
800	21	1[[21]]
810	21	1[[21]]
820	21	1[[21]]
830	21	1[[21]]
840	21	1[[21]]
850	21	1[[21]]
860	21	1[[21]]
870	21	1[[21]]
0	22	1[[22]]
10	22	1[[22]]
20	22	1[[22]]
30	22	1[[22]]
40	22	1[[22]]
50	22	1[[22]]
60	22	1[[22]]
70	22	1[[22]]
80	22	1[[22]]
90	22	1[[22]]
100	22	1[[22]]
110	22	1[[22]]
120	22	1[[22]]
130	22	1[[22]]
140	22	1[[22]]
150	22	1[[22]]
160	22	1[[22]]
170	22	1[[22]]
180	22	1[[22]]
190	22	1[[22]]
200	22	1[[22]]
210	22	1[[22]]
220	22	1[[22]]
230	22	1[[22]]
240	22	1[[22]]
250	22	1[[22]]
260	22	1[[22]]
270	22	1[[22]]
280	22	1[[22]]
290	22	1[[22]]
300	22	1[[22]]
310	22	1[[22]]
320	22	1[[22]]
330	22	1[[22]]
340	22	1[[22]]
350	22	1[[22]]
360	22	1[[22]]
370	22	1[[22]]
380	22	1[[22]]
390	22	1[[22]]
400	22	1[[22]]
410	22	1[[22]]
420	22	1[[22]]
430	22	1[[22]]
440	22	1[[22]]
450	22	1[[22]]
460	22	1[[22]]
470	22	1[[22]]
480	22	1[[22]]
490	22	1[[22]]
500	22	1[[22]]
510	22	1[[22]]
520	22	1[[22]]
530	22	1[[22]]
540	22	1[[22]]
550	22	1[[22]]
560	22	1[[22]]
570	22	1[[22]]
580	22	1[[22]]
590	22	1[[22]]
600	22	1[[22]]
610	22	1[[22]]
620	22	1[[22]]
630	22	1[[22]]
640	22	1[[22]]
650	22	1[[22]]
660	22	1[[22]]
670	22	1[[22]]
680	22	1[[22]]
690	22	1[[22]]
700	22	1[[22]]
710	22	1[[22]]
720	22	1[[22]]
730	22	1[[22]]
740	22	1[[22]]
750	22	1[[22]]
760	22	1[[22]]
770	22	1[[22]]
780	22	1[[22]]
790	22	1[[22]]
800	22	1[[22]]
810	22	1[[22]]
820	22	1[[22]]
830	22	1[[22]]
840	22	1[[22]]
850	22	1[[22]]
860	22	1[[22]]
870	22	1[[22]]
0	23	1[[23]]
10	23	1[[23]]
20	23	1[[23]]
30	23	1[[23]]
40	23	1[[23]]
50	23	1[[23]]
60	23	1[[23]]
70	23	1[[23]]
80	23	1[[23]]
90	23	1[[23]]
100	23	1[[23]]
110	23	1[[23]]
120	23	1[[23]]
130	23	1[[23]]
140	23	1[[23]]
150	23	1[[23]]
160	23	1[[23]]
170	23	1[[23]]
180	23	1[[23]]
190	23	1[[23]]
200	23	1[[23]]
210	23	1[[23]]
220	23	1[[23]]
230	23	1[[23]]
240	23	1[[23]]
250	23	1[[23]]
260	23	1[[23]]
270	23	1[[23]]
280	23	1[[23]]
290	23	1[[23]]
300	23	1[[23]]
310	23	1[[23]]
320	23	1[[23]]
330	23	1[[23]]
340	23	1[[23]]
350	23	1[[23]]
360	23	1[[23]]
370	23	1[[23]]
380	23	1[[23]]
390	23	1[[23]]
400	23	1[[23]]
410	23	1[[23]]
420	23	1[[23]]
430	23	1[[23]]
440	23	1[[23]]
450	23	1[[23]]
460	23	1[[23]]
470	23	1[[23]]
480	23	1[[23]]
490	23	1[[23]]
500	23	1[[23]]
510	23	1[[23]]
520	23	1[[23]]
530	23	1[[23]]
540	23	1[[23]]
550	23	1[[23]]
560	23	1[[23]]
570	23	1[[23]]
580	23	1[[23]]
590	23	1[[23]]
600	23	1[[23]]
610	23	1[[23]]
620	23	1[[23]]
630	23	1[[23]]
640	23	1[[23]]
650	23	1[[23]]
660	23	1[[23]]
670	23	1[[23]]
680	23	1[[23]]
690	23	1[[23]]
700	23	1[[23]]
710	23	1[[23]]
720	23	1[[23]]
730	23	1[[23]]
740	23	1[[23]]
750	23	1[[23]]
760	23	1[[23]]
770	23	1[[23]]
780	23	1[[23]]
790	23	1[[23]]
800	23	1[[23]]
810	23	1[[23]]
820	23	1[[23]]
830	23	1[[23]]
840	23	1[[23]]
850	23	1[[23]]
860	23	1[[23]]
870	23	1[[23]]
0	24	1[[24]]
10	24	1[[24]]
20	24	1[[24]]
30	24	1[[24]]
40	24	1[[24]]
50	24	1[[24]]
60	24	1[[24]]
70	24	1[[24]]
80	24	1[[24]]
90	24	1[[24]]
100	24	1[[24]]
110	24	1[[24]]
120	24	1[[24]]
130	24	1[[24]]
140	24	1[[24]]
150	24	1[[24]]
160	24	1[[24]]
170	24	1[[24]]
180	24	1[[24]]
190	24	1[[24]]
200	24	1[[24]]
210	24	1[[24]]
220	24	1[[24]]
230	24	1[[24]]
240	24	1[[24]]
250	24	1[[24]]
260	24	1[[24]]
270	24	1[[24]]
280	24	1[[24]]
290	24	1[[24]]
300	24	1[[24]]
310	24	1[[24]]
320	24	1[[24]]
330	24	1[[24]]
340	24	1[[24]]
350	24	1[[24]]
360	24	1[[24]]
370	24	1[[24]]
380	24	1[[24]]
390	24	1[[24]]
400	24	1[[24]]
410	24	1[[24]]
420	24	1[[24]]
430	24	1[[24]]
440	24	1[[24]]
450	24	1[[24]]
460	24	1[[24]]
470	24	1[[24]]
480	24	1[[24]]
490	24	1[[24]]
500	24	1[[24]]
510	24	1[[24]]
520	24	1[[24]]
530	24	1[[24]]
540	24	1[[24]]
550	24	1[[24]]
560	24	1[[24]]
570	24	1[[24]]
580	24	1[[24]]
590	24	1[[24]]
600	24	1[[24]]
610	24	1[[24]]
620	24	1[[24]]
630	24	1[[24]]
640	24	1[[24]]
650	24	1[[24]]
660	24	1[[24]]
670	24	1[[24]]
680	24	1[[24]]
690	24	1[[24]]
700	24	1[[24]]
710	24	1[[24]]
720	24	1[[24]]
730	24	1[[24]]
740	24	1[[24]]
750	24	1[[24]]
760	24	1[[24]]
770	24	1[[24]]
780	24	1[[24]]
790	24	1[[24]]
800	24	1[[24]]
810	24	1[[24]]
820	24	1[[24]]
830	24	1[[24]]
840	24	1[[24]]
850	24	1[[24]]
860	24	1[[24]]
870	24	1[[24]]
0	25	1[[25]]
10	25	1[[25]]
20	25	1[[25]]
30	25	1[[25]]
40	25	1[[25]]
50	25	1[[25]]
60	25	1[[25]]
70	25	1[[25]]
80	25	1[[25]]
90	25	1[[25]]
100	25	1[[25]]
110	25	1[[25]]
120	25	1[[25]]
130	25	1[[25]]
140	25	1[[25]]
150	25	1[[25]]
160	25	1[[25]]
170	25	1[[25]]
180	25	1[[25]]
190	25	1[[25]]
200	25	1[[25]]
210	25	1[[25]]
220	25	1[[25]]
230	25	1[[25]]
240	25	1[[25]]
250	25	1[[25]]
260	25	1[[25]]
270	25	1[[25]]
280	25	1[[25]]
290	25	1[[25]]
300	25	1[[25]]
310	25	1[[25]]
320	25	1[[25]]
330	25	1[[25]]
340	25	1[[25]]
350	25	1[[25]]
360	25	1[[25]]
370	25	1[[25]]
380	25	1[[25]]
390	25	1[[25]]
400	25	1[[25]]
410	25	1[[25]]
420	25	1[[25]]
430	25	1[[25]]
440	25	1[[25]]
450	25	1[[25]]
460	25	1[[25]]
470	25	1[[25]]
480	25	1[[25]]
490	25	1[[25]]
500	25	1[[25]]
510	25	1[[25]]
520	25	1[[25]]
530	25	1[[25]]
540	25	1[[25]]
550	25	1[[25]]
560	25	1[[25]]
570	25	1[[25]]
580	25	1[[25]]
590	25	1[[25]]
600	25	1[[25]]
610	25	1[[25]]
620	25	1[[25]]
630	25	1[[25]]
640	25	1[[25]]
650	25	1[[25]]
660	25	1[[25]]
670	25	1[[25]]
680	25	1[[25]]
690	25	1[[25]]
700	25	1[[25]]
710	25	1[[25]]
720	25	1[[25]]
730	25	1[[25]]
740	25	1[[25]]
750	25	1[[25]]
760	25	1[[25]]
770	25	1[[25]]
780	25	1[[25]]
790	25	1[[25]]
800	25	1[[25]]
810	25	1[[25]]
820	25	1[[25]]
830	25	1[[25]]
840	25	1[[25]]
850	25	1[[25]]
860	25	1[[25]]
870	25	1[[25]]
0	26	1[[26]]
10	26	1[[26]]
20	26	1[[26]]
30	26	1[[26]]
40	26	1[[26]]
50	26	1[[26]]
60	26	1[[26]]
70	26	1[[26]]
80	26	1[[26]]
90	26	1[[26]]
100	26	1[[26]]
110	26	1[[26]]
120	26	1[[26]]
130	26	1[[26]]
140	26	1[[26]]
150	26	1[[26]]
160	26	1[[26]]
170	26	1[[26]]
180	26	1[[26]]
190	26	1[[26]]
200	26	1[[26]]
210	26	1[[26]]
220	26	1[[26]]
230	26	1[[26]]
240	26	1[[26]]
250	26	1[[26]]
260	26	1[[26]]
270	26	1[[26]]
280	26	1[[26]]
290	26	1[[26]]
300	26	1[[26]]
310	26	1[[26]]
320	26	1[[26]]
330	26	1[[26]]
340	26	1[[26]]
350	26	1[[26]]
360	26	1[[26]]
370	26	1[[26]]
380	26	1[[26]]
390	26	1[[26]]
400	26	1[[26]]
410	26	1[[26]]
420	26	1[[26]]
430	26	1[[26]]
440	26	1[[26]]
450	26	1[[26]]
460	26	1[[26]]
470	26	1[[26]]
480	26	1[[26]]
490	26	1[[26]]
500	26	1[[26]]
510	26	1[[26]]
520	26	1[[26]]
530	26	1[[26]]
540	26	1[[26]]
550	26	1[[26]]
560	26	1[[26]]
570	26	1[[26]]
580	26	1[[26]]
590	26	1[[26]]
600	26	1[[26]]
610	26	1[[26]]
620	26	1[[26]]
630	26	1[[26]]
640	26	1[[26]]
650	26	1[[26]]
660	26	1[[26]]
670	26	1[[26]]
680	26	1[[26]]
690	26	1[[26]]
700	26	1[[26]]
710	26	1[[26]]
720	26	1[[26]]
730	26	1[[26]]
740	26	1[[26]]
750	26	1[[26]]
760	26	1[[26]]
770	26	1[[26]]
780	26	1[[26]]
790	26	1[[26]]
800	26	1[[26]]
810	26	1[[26]]
820	26	1[[26]]
830	26	1[[26]]
840	26	1[[26]]
850	26	1[[26]]
860	26	1[[26]]
870	26	1[[26]]
0	27	1[[27]]
10	27	1[[27]]
20	27	1[[27]]
30	27	1[[27]]
40	27	1[[27]]
50	27	1[[27]]
60	27	1[[27]]
70	27	1[[27]]
80	27	1[[27]]
90	27	1[[27]]
100	27	1[[27]]
110	27	1[[27]]
120	27	1[[27]]
130	27	1[[27]]
140	27	1[[27]]
150	27	1[[27]]
160	27	1[[27]]
170	27	1[[27]]
180	27	1[[27]]
190	27	1[[27]]
200	27	1[[27]]
210	27	1[[27]]
220	27	1[[27]]
230	27	1[[27]]
240	27	1[[27]]
250	27	1[[27]]
260	27	1[[27]]
270	27	1[[27]]
280	27	1[[27]]
290	27	1[[27]]
300	27	1[[27]]
310	27	1[[27]]
320	27	1[[27]]
330	27	1[[27]]
340	27	1[[27]]
350	27	1[[27]]
360	27	1[[27]]
370	27	1[[27]]
380	27	1[[27]]
390	27	1[[27]]
400	27	1[[27]]
410	27	1[[27]]
420	27	1[[27]]
430	27	1[[27]]
440	27	1[[27]]
450	27	1[[27]]
460	27	1[[27]]
470	27	1[[27]]
480	27	1[[27]]
490	27	1[[27]]
500	27	1[[27]]
510	27	1[[27]]
520	27	1[[27]]
530	27	1[[27]]
540	27	1[[27]]
550	27	1[[27]]
560	27	1[[27]]
570	27	1[[27]]
580	27	1[[27]]
590	27	1[[27]]
600	27	1[[27]]
610	27	1[[27]]
620	27	1[[27]]
630	27	1[[27]]
640	27	1[[27]]
650	27	1[[27]]
660	27	1[[27]]
670	27	1[[27]]
680	27	1[[27]]
690	27	1[[27]]
700	27	1[[27]]
710	27	1[[27]]
720	27	1[[27]]
730	27	1[[27]]
740	27	1[[27]]
750	27	1[[27]]
760	27	1[[27]]
770	27	1[[27]]
780	27	1[[27]]
790	27	1[[27]]
800	27	1[[27]]
810	27	1[[27]]
820	27	1[[27]]
830	27	1[[27]]
840	27	1[[27]]
850	27	1[[27]]
860	27	1[[27]]
870	27	1[[27]]
0	28	1[[28]]
10	28	1[[28]]
20	28	1[[28]]
30	28	1[[28]]
40	28	1[[28]]
50	28	1[[28]]
60	28	1[[28]]
70	28	1[[28]]
80	28	1[[28]]
90	28	1[[28]]
100	28	1[[28]]
110	28	1[[28]]
120	28	1[[28]]
130	28	1[[28]]
140	28	1[[28]]
150	28	1[[28]]
160	28	1[[28]]
170	28	1[[28]]
180	28	1[[28]]
190	28	1[[28]]
200	28	1[[28]]
210	28	1[[28]]
220	28	1[[28]]
230	28	1[[28]]
240	28	1[[28]]
250	28	1[[28]]
260	28	1[[28]]
270	28	1[[28]]
280	28	1[[28]]
290	28	1[[28]]
300	28	1[[28]]
310	28	1[[28]]
320	28	1[[28]]
330	28	1[[28]]
340	28	1[[28]]
350	28	1[[28]]
360	28	1[[28]]
370	28	1[[28]]
380	28	1[[28]]
390	28	1[[28]]
400	28	1[[28]]
410	28	1[[28]]
420	28	1[[28]]
430	28	1[[28]]
440	28	1[[28]]
450	28	1[[28]]
460	28	1[[28]]
470	28	1[[28]]
480	28	1[[28]]
490	28	1[[28]]
500	28	1[[28]]
510	28	1[[28]]
520	28	1[[28]]
530	28	1[[28]]
540	28	1[[28]]
550	28	1[[28]]
560	28	1[[28]]
570	28	1[[28]]
580	28	1[[28]]
590	28	1[[28]]
600	28	1[[28]]
610	28	1[[28]]
620	28	1[[28]]
630	28	1[[28]]
640	28	1[[28]]
650	28	1[[28]]
660	28	1[[28]]
670	28	1[[28]]
680	28	1[[28]]
690	28	1[[28]]
700	28	1[[28]]
710	28	1[[28]]
720	28	1[[28]]
730	28	1[[28]]
740	28	1[[28]]
750	28	1[[28]]
760	28	1[[28]]
770	28	1[[28]]
780	28	1[[28]]
790	28	1[[28]]
800	28	1[[28]]
810	28	1[[28]]
820	28	1[[28]]
830	28	1[[28]]
840	28	1[[28]]
850	28	1[[28]]
860	28	1[[28]]
870	28	1[[28]]
0	29	1[[29]]
10	29	1[[29]]
20	29	1[[29]]
30	29	1[[29]]
40	29	1[[29]]
50	29	1[[29]]
60	29	1[[29]]
70	29	1[[29]]
80	29	1[[29]]
90	29	1[[29]]
100	29	1[[29]]
110	29	1[[29]]
120	29	1[[29]]
130	29	1[[29]]
140	29	1[[29]]
150	29	1[[29]]
160	29	1[[29]]
170	29	1[[29]]
180	29	1[[29]]
190	29	1[[29]]
200	29	1[[29]]
210	29	1[[29]]
220	29	1[[29]]
230	29	1[[29]]
240	29	1[[29]]
250	29	1[[29]]
260	29	1[[29]]
270	29	1[[29]]
280	29	1[[29]]
290	29	1[[29]]
300	29	1[[29]]
310	29	1[[29]]
320	29	1[[29]]
330	29	1[[29]]
340	29	1[[29]]
350	29	1[[29]]
360	29	1[[29]]
370	29	1[[29]]
380	29	1[[29]]
390	29	1[[29]]
400	29	1[[29]]
410	29	1[[29]]
420	29	1[[29]]
430	29	1[[29]]
440	29	1[[29]]
450	29	1[[29]]
460	29	1[[29]]
470	29	1[[29]]
480	29	1[[29]]
490	29	1[[29]]
500	29	1[[29]]
510	29	1[[29]]
520	29	1[[29]]
530	29	1[[29]]
540	29	1[[29]]
550	29	1[[29]]
560	29	1[[29]]
570	29	1[[29]]
580	29	1[[29]]
590	29	1[[29]]
600	29	1[[29]]
610	29	1[[29]]
620	29	1[[29]]
630	29	1[[29]]
640	29	1[[29]]
650	29	1[[29]]
660	29	1[[29]]
670	29	1[[29]]
680	29	1[[29]]
690	29	1[[29]]
700	29	1[[29]]
710	29	1[[29]]
720	29	1[[29]]
730	29	1[[29]]
740	29	1[[29]]
750	29	1[[29]]
760	29	1[[29]]
770	29	1[[29]]
780	29	1[[29]]
790	29	1[[29]]
800	29	1[[29]]
810	29	1[[29]]
820	29	1[[29]]
830	29	1[[29]]
840	29	1[[29]]
850	29	1[[29]]
860	29	1[[29]]
870	29	1[[29]]
0	30	1[[30]]
10	30	1[[30]]
20	30	1[[30]]
30	30	1[[30]]
40	30	1[[30]]
50	30	1[[30]]
60	30	1[[30]]
70	30	1[[30]]
80	30	1[[30]]
90	30	1[[30]]
100	30	1[[30]]
110	30	1[[30]]
120	30	1[[30]]
130	30	1[[30]]
140	30	1[[30]]
150	30	1[[30]]
160	30	1[[30]]
170	30	1[[30]]
180	30	1[[30]]
190	30	1[[30]]
200	30	1[[30]]
210	30	1[[30]]
220	30	1[[30]]
230	30	1[[30]]
240	30	1[[30]]
250	30	1[[30]]
260	30	1[[30]]
270	30	1[[30]]
280	30	1[[30]]
290	30	1[[30]]
300	30	1[[30]]
310	30	1[[30]]
320	30	1[[30]]
330	30	1[[30]]
340	30	1[[30]]
350	30	1[[30]]
360	30	1[[30]]
370	30	1[[30]]
380	30	1[[30]]
390	30	1[[30]]
400	30	1[[30]]
410	30	1[[30]]
420	30	1[[30]]
430	30	1[[30]]
440	30	1[[30]]
450	30	1[[30]]
460	30	1[[30]]
470	30	1[[30]]
480	30	1[[30]]
490	30	1[[30]]
500	30	1[[30]]
510	30	1[[30]]
520	30	1[[30]]
530	30	1[[30]]
540	30	1[[30]]
550	30	1[[30]]
560	30	1[[30]]
570	30	1[[30]]
580	30	1[[30]]
590	30	1[[30]]
600	30	1[[30]]
610	30	1[[30]]
620	30	1[[30]]
630	30	1[[30]]
640	30	1[[30]]
650	30	1[[30]]
660	30	1[[30]]
670	30	1[[30]]
680	30	1[[30]]
690	30	1[[30]]
700	30	1[[30]]
710	30	1[[30]]
720	30	1[[30]]
730	30	1[[30]]
740	30	1[[30]]
750	30	1[[30]]
760	30	1[[30]]
770	30	1[[30]]
780	30	1[[30]]
790	30	1[[30]]
800	30	1[[30]]
810	30	1[[30]]
820	30	1[[30]]
830	30	1[[30]]
840	30	1[[30]]
850	30	1[[30]]
860	30	1[[30]]
870	30	1[[30]]
0	31	1[[31]]
10	31	1[[31]]
20	31	1[[31]]
30	31	1[[31]]
40	31	1[[31]]
50	31	1[[31]]
60	31	1[[31]]
70	31	1[[31]]
80	31	1[[31]]
90	31	1[[31]]
100	31	1[[31]]
110	31	1[[31]]
120	31	1[[31]]
130	31	1[[31]]
140	31	1[[31]]
150	31	1[[31]]
160	31	1[[31]]
170	31	1[[31]]
180	31	1[[31]]
190	31	1[[31]]
200	31	1[[31]]
210	31	1[[31]]
220	31	1[[31]]
230	31	1[[31]]
240	31	1[[31]]
250	31	1[[31]]
260	31	1[[31]]
270	31	1[[31]]
280	31	1[[31]]
290	31	1[[31]]
300	31	1[[31]]
310	31	1[[31]]
320	31	1[[31]]
330	31	1[[31]]
340	31	1[[31]]
350	31	1[[31]]
360	31	1[[31]]
370	31	1[[31]]
380	31	1[[31]]
390	31	1[[31]]
400	31	1[[31]]
410	31	1[[31]]
420	31	1[[31]]
430	31	1[[31]]
440	31	1[[31]]
450	31	1[[31]]
460	31	1[[31]]
470	31	1[[31]]
480	31	1[[31]]
490	31	1[[31]]
500	31	1[[31]]
510	31	1[[31]]
520	31	1[[31]]
530	31	1[[31]]
540	31	1[[31]]
550	31	1[[31]]
560	31	1[[31]]
570	31	1[[31]]
580	31	1[[31]]
590	31	1[[31]]
600	31	1[[31]]
610	31	1[[31]]
620	31	1[[31]]
630	31	1[[31]]
640	31	1[[31]]
650	31	1[[31]]
660	31	1[[31]]
670	31	1[[31]]
680	31	1[[31]]
690	31	1[[31]]
700	31	1[[31]]
710	31	1[[31]]
720	31	1[[31]]
730	31	1[[31]]
740	31	1[[31]]
750	31	1[[31]]
760	31	1[[31]]
770	31	1[[31]]
780	31	1[[31]]
790	31	1[[31]]
800	31	1[[31]]
810	31	1[[31]]
820	31	1[[31]]
830	31	1[[31]]
840	31	1[[31]]
850	31	1[[31]]
860	31	1[[31]]
870	31	1[[31]]
0	32	1[[32]]
10	32	1[[32]]
20	32	1[[32]]
30	32	1[[32]]
40	32	1[[32]]
50	32	1[[32]]
60	32	1[[32]]
70	32	1[[32]]
80	32	1[[32]]
90	32	1[[32]]
100	32	1[[32]]
110	32	1[[32]]
120	32	1[[32]]
130	32	1[[32]]
140	32	1[[32]]
150	32	1[[32]]
160	32	1[[32]]
170	32	1[[32]]
180	32	1[[32]]
190	32	1[[32]]
200	32	1[[32]]
210	32	1[[32]]
220	32	1[[32]]
230	32	1[[32]]
240	32	1[[32]]
250	32	1[[32]]
260	32	1[[32]]
270	32	1[[32]]
280	32	1[[32]]
290	32	1[[32]]
300	32	1[[32]]
310	32	1[[32]]
320	32	1[[32]]
330	32	1[[32]]
340	32	1[[32]]
350	32	1[[32]]
360	32	1[[32]]
370	32	1[[32]]
380	32	1[[32]]
390	32	1[[32]]
400	32	1[[32]]
410	32	1[[32]]
420	32	1[[32]]
430	32	1[[32]]
440	32	1[[32]]
450	32	1[[32]]
460	32	1[[32]]
470	32	1[[32]]
480	32	1[[32]]
490	32	1[[32]]
500	32	1[[32]]
510	32	1[[32]]
520	32	1[[32]]
530	32	1[[32]]
540	32	1[[32]]
550	32	1[[32]]
560	32	1[[32]]
570	32	1[[32]]
580	32	1[[32]]
590	32	1[[32]]
600	32	1[[32]]
610	32	1[[32]]
620	32	1[[32]]
630	32	1[[32]]
640	32	1[[32]]
650	32	1[[32]]
660	32	1[[32]]
670	32	1[[32]]
680	32	1[[32]]
690	32	1[[32]]
700	32	1[[32]]
710	32	1[[32]]
720	32	1[[32]]
730	32	1[[32]]
740	32	1[[32]]
750	32	1[[32]]
760	32	1[[32]]
770	32	1[[32]]
780	32	1[[32]]
790	32	1[[32]]
800	32	1[[32]]
810	32	1[[32]]
820	32	1[[32]]
830	32	1[[32]]
840	32	1[[32]]
850	32	1[[32]]
860	32	1[[32]]
870	32	1[[32]]
0	33	1[[33]]
10	33	1[[33]]
20	33	1[[33]]
30	33	1[[33]]
40	33	1[[33]]
50	33	1[[33]]
60	33	1[[33]]
70	33	1[[33]]
80	33	1[[33]]
90	33	1[[33]]
100	33	1[[33]]
110	33	1[[33]]
120	33	1[[33]]
130	33	1[[33]]
140	33	1[[33]]
150	33	1[[33]]
160	33	1[[33]]
170	33	1[[33]]
180	33	1[[33]]
190	33	1[[33]]
200	33	1[[33]]
210	33	1[[33]]
220	33	1[[33]]
230	33	1[[33]]
240	33	1[[33]]
250	33	1[[33]]
260	33	1[[33]]
270	33	1[[33]]
280	33	1[[33]]
290	33	1[[33]]
300	33	1[[33]]
310	33	1[[33]]
320	33	1[[33]]
330	33	1[[33]]
340	33	1[[33]]
350	33	1[[33]]
360	33	1[[33]]
370	33	1[[33]]
380	33	1[[33]]
390	33	1[[33]]
400	33	1[[33]]
410	33	1[[33]]
420	33	1[[33]]
430	33	1[[33]]
440	33	1[[33]]
450	33	1[[33]]
460	33	1[[33]]
470	33	1[[33]]
480	33	1[[33]]
490	33	1[[33]]
500	33	1[[33]]
510	33	1[[33]]
520	33	1[[33]]
530	33	1[[33]]
540	33	1[[33]]
550	33	1[[33]]
560	33	1[[33]]
570	33	1[[33]]
580	33	1[[33]]
590	33	1[[33]]
600	33	1[[33]]
610	33	1[[33]]
620	33	1[[33]]
630	33	1[[33]]
640	33	1[[33]]
650	33	1[[33]]
660	33	1[[33]]
670	33	1[[33]]
680	33	1[[33]]
690	33	1[[33]]
700	33	1[[33]]
710	33	1[[33]]
720	33	1[[33]]
730	33	1[[33]]
740	33	1[[33]]
750	33	1[[33]]
760	33	1[[33]]
770	33	1[[33]]
780	33	1[[33]]
790	33	1[[33]]
800	33	1[[33]]
810	33	1[[33]]
820	33	1[[33]]
830	33	1[[33]]
840	33	1[[33]]
850	33	1[[33]]
860	33	1[[33]]
870	33	1[[33]]
0	34	1[[34]]
10	34	1[[34]]
20	34	1[[34]]
30	34	1[[34]]
40	34	1[[34]]
50	34	1[[34]]
60	34	1[[34]]
70	34	1[[34]]
80	34	1[[34]]
90	34	1[[34]]
100	34	1[[34]]
110	34	1[[34]]
120	34	1[[34]]
130	34	1[[34]]
140	34	1[[34]]
150	34	1[[34]]
160	34	1[[34]]
170	34	1[[34]]
180	34	1[[34]]
190	34	1[[34]]
200	34	1[[34]]
210	34	1[[34]]
220	34	1[[34]]
230	34	1[[34]]
240	34	1[[34]]
250	34	1[[34]]
260	34	1[[34]]
270	34	1[[34]]
280	34	1[[34]]
290	34	1[[34]]
300	34	1[[34]]
310	34	1[[34]]
320	34	1[[34]]
330	34	1[[34]]
340	34	1[[34]]
350	34	1[[34]]
360	34	1[[34]]
370	34	1[[34]]
380	34	1[[34]]
390	34	1[[34]]
400	34	1[[34]]
410	34	1[[34]]
420	34	1[[34]]
430	34	1[[34]]
440	34	1[[34]]
450	34	1[[34]]
460	34	1[[34]]
470	34	1[[34]]
480	34	1[[34]]
490	34	1[[34]]
500	34	1[[34]]
510	34	1[[34]]
520	34	1[[34]]
530	34	1[[34]]
540	34	1[[34]]
550	34	1[[34]]
560	34	1[[34]]
570	34	1[[34]]
580	34	1[[34]]
590	34	1[[34]]
600	34	1[[34]]
610	34	1[[34]]
620	34	1[[34]]
630	34	1[[34]]
640	34	1[[34]]
650	34	1[[34]]
660	34	1[[34]]
670	34	1[[34]]
680	34	1[[34]]
690	34	1[[34]]
700	34	1[[34]]
710	34	1[[34]]
720	34	1[[34]]
730	34	1[[34]]
740	34	1[[34]]
750	34	1[[34]]
760	34	1[[34]]
770	34	1[[34]]
780	34	1[[34]]
790	34	1[[34]]
800	34	1[[34]]
810	34	1[[34]]
820	34	1[[34]]
830	34	1[[34]]
840	34	1[[34]]
850	34	1[[34]]
860	34	1[[34]]
870	34	1[[34]]
0	35	1[[35]]
10	35	1[[35]]
20	35	1[[35]]
30	35	1[[35]]
40	35	1[[35]]
50	35	1[[35]]
60	35	1[[35]]
70	35	1[[35]]
80	35	1[[35]]
90	35	1[[35]]
100	35	1[[35]]
110	35	1[[35]]
120	35	1[[35]]
130	35	1[[35]]
140	35	1[[35]]
150	35	1[[35]]
160	35	1[[35]]
170	35	1[[35]]
180	35	1[[35]]
190	35	1[[35]]
200	35	1[[35]]
210	35	1[[35]]
220	35	1[[35]]
230	35	1[[35]]
240	35	1[[35]]
250	35	1[[35]]
260	35	1[[35]]
270	35	1[[35]]
280	35	1[[35]]
290	35	1[[35]]
300	35	1[[35]]
310	35	1[[35]]
320	35	1[[35]]
330	35	1[[35]]
340	35	1[[35]]
350	35	1[[35]]
360	35	1[[35]]
370	35	1[[35]]
380	35	1[[35]]
390	35	1[[35]]
400	35	1[[35]]
410	35	1[[35]]
420	35	1[[35]]
430	35	1[[35]]
440	35	1[[35]]
450	35	1[[35]]
460	35	1[[35]]
470	35	1[[35]]
480	35	1[[35]]
490	35	1[[35]]
500	35	1[[35]]
510	35	1[[35]]
520	35	1[[35]]
530	35	1[[35]]
540	35	1[[35]]
550	35	1[[35]]
560	35	1[[35]]
570	35	1[[35]]
580	35	1[[35]]
590	35	1[[35]]
600	35	1[[35]]
610	35	1[[35]]
620	35	1[[35]]
630	35	1[[35]]
640	35	1[[35]]
650	35	1[[35]]
660	35	1[[35]]
670	35	1[[35]]
680	35	1[[35]]
690	35	1[[35]]
700	35	1[[35]]
710	35	1[[35]]
720	35	1[[35]]
730	35	1[[35]]
740	35	1[[35]]
750	35	1[[35]]
760	35	1[[35]]
770	35	1[[35]]
780	35	1[[35]]
790	35	1[[35]]
800	35	1[[35]]
810	35	1[[35]]
820	35	1[[35]]
830	35	1[[35]]
840	35	1[[35]]
850	35	1[[35]]
860	35	1[[35]]
870	35	1[[35]]
0	36	1[[36]]
10	36	1[[36]]
20	36	1[[36]]
30	36	1[[36]]
40	36	1[[36]]
50	36	1[[36]]
60	36	1[[36]]
70	36	1[[36]]
80	36	1[[36]]
90	36	1[[36]]
100	36	1[[36]]
110	36	1[[36]]
120	36	1[[36]]
130	36	1[[36]]
140	36	1[[36]]
150	36	1[[36]]
160	36	1[[36]]
170	36	1[[36]]
180	36	1[[36]]
190	36	1[[36]]
200	36	1[[36]]
210	36	1[[36]]
220	36	1[[36]]
230	36	1[[36]]
240	36	1[[36]]
250	36	1[[36]]
260	36	1[[36]]
270	36	1[[36]]
280	36	1[[36]]
290	36	1[[36]]
300	36	1[[36]]
310	36	1[[36]]
320	36	1[[36]]
330	36	1[[36]]
340	36	1[[36]]
350	36	1[[36]]
360	36	1[[36]]
370	36	1[[36]]
380	36	1[[36]]
390	36	1[[36]]
400	36	1[[36]]
410	36	1[[36]]
420	36	1[[36]]
430	36	1[[36]]
440	36	1[[36]]
450	36	1[[36]]
460	36	1[[36]]
470	36	1[[36]]
480	36	1[[36]]
490	36	1[[36]]
500	36	1[[36]]
510	36	1[[36]]
520	36	1[[36]]
530	36	1[[36]]
540	36	1[[36]]
550	36	1[[36]]
560	36	1[[36]]
570	36	1[[36]]
580	36	1[[36]]
590	36	1[[36]]
600	36	1[[36]]
610	36	1[[36]]
620	36	1[[36]]
630	36	1[[36]]
640	36	1[[36]]
650	36	1[[36]]
660	36	1[[36]]
670	36	1[[36]]
680	36	1[[36]]
690	36	1[[36]]
700	36	1[[36]]
710	36	1[[36]]
720	36	1[[36]]
730	36	1[[36]]
740	36	1[[36]]
750	36	1[[36]]
760	36	1[[36]]
770	36	1[[36]]
780	36	1[[36]]
790	36	1[[36]]
800	36	1[[36]]
810	36	1[[36]]
820	36	1[[36]]
830	36	1[[36]]
840	36	1[[36]]
850	36	1[[36]]
860	36	1[[36]]
870	36	1[[36]]
0	37	1[[37]]
10	37	1[[37]]
20	37	1[[37]]
30	37	1[[37]]
40	37	1[[37]]
50	37	1[[37]]
60	37	1[[37]]
70	37	1[[37]]
80	37	1[[37]]
90	37	1[[37]]
100	37	1[[37]]
110	37	1[[37]]
120	37	1[[37]]
130	37	1[[37]]
140	37	1[[37]]
150	37	1[[37]]
160	37	1[[37]]
170	37	1[[37]]
180	37	1[[37]]
190	37	1[[37]]
200	37	1[[37]]
210	37	1[[37]]
220	37	1[[37]]
230	37	1[[37]]
240	37	1[[37]]
250	37	1[[37]]
260	37	1[[37]]
270	37	1[[37]]
280	37	1[[37]]
290	37	1[[37]]
300	37	1[[37]]
310	37	1[[37]]
320	37	1[[37]]
330	37	1[[37]]
340	37	1[[37]]
350	37	1[[37]]
360	37	1[[37]]
370	37	1[[37]]
380	37	1[[37]]
390	37	1[[37]]
400	37	1[[37]]
410	37	1[[37]]
420	37	1[[37]]
430	37	1[[37]]
440	37	1[[37]]
450	37	1[[37]]
460	37	1[[37]]
470	37	1[[37]]
480	37	1[[37]]
490	37	1[[37]]
500	37	1[[37]]
510	37	1[[37]]
520	37	1[[37]]
530	37	1[[37]]
540	37	1[[37]]
550	37	1[[37]]
560	37	1[[37]]
570	37	1[[37]]
580	37	1[[37]]
590	37	1[[37]]
600	37	1[[37]]
610	37	1[[37]]
620	37	1[[37]]
630	37	1[[37]]
640	37	1[[37]]
650	37	1[[37]]
660	37	1[[37]]
670	37	1[[37]]
680	37	1[[37]]
690	37	1[[37]]
700	37	1[[37]]
710	37	1[[37]]
720	37	1[[37]]
730	37	1[[37]]
740	37	1[[37]]
750	37	1[[37]]
760	37	1[[37]]
770	37	1[[37]]
780	37	1[[37]]
790	37	1[[37]]
800	37	1[[37]]
810	37	1[[37]]
820	37	1[[37]]
830	37	1[[37]]
840	37	1[[37]]
850	37	1[[37]]
860	37	1[[37]]
870	37	1[[37]]
0	38	1[[38]]
10	38	1[[38]]
20	38	1[[38]]
30	38	1[[38]]
40	38	1[[38]]
50	38	1[[38]]
60	38	1[[38]]
70	38	1[[38]]
80	38	1[[38]]
90	38	1[[38]]
100	38	1[[38]]
110	38	1[[38]]
120	38	1[[38]]
130	38	1[[38]]
140	38	1[[38]]
150	38	1[[38]]
160	38	1[[38]]
170	38	1[[38]]
180	38	1[[38]]
190	38	1[[38]]
200	38	1[[38]]
210	38	1[[38]]
220	38	1[[38]]
230	38	1[[38]]
240	38	1[[38]]
250	38	1[[38]]
260	38	1[[38]]
270	38	1[[38]]
280	38	1[[38]]
290	38	1[[38]]
300	38	1[[38]]
310	38	1[[38]]
320	38	1[[38]]
330	38	1[[38]]
340	38	1[[38]]
350	38	1[[38]]
360	38	1[[38]]
370	38	1[[38]]
380	38	1[[38]]
390	38	1[[38]]
400	38	1[[38]]
410	38	1[[38]]
420	38	1[[38]]
430	38	1[[38]]
440	38	1[[38]]
450	38	1[[38]]
460	38	1[[38]]
470	38	1[[38]]
480	38	1[[38]]
490	38	1[[38]]
500	38	1[[38]]
510	38	1[[38]]
520	38	1[[38]]
530	38	1[[38]]
540	38	1[[38]]
550	38	1[[38]]
560	38	1[[38]]
570	38	1[[38]]
580	38	1[[38]]
590	38	1[[38]]
600	38	1[[38]]
610	38	1[[38]]
620	38	1[[38]]
630	38	1[[38]]
640	38	1[[38]]
650	38	1[[38]]
660	38	1[[38]]
670	38	1[[38]]
680	38	1[[38]]
690	38	1[[38]]
700	38	1[[38]]
710	38	1[[38]]
720	38	1[[38]]
730	38	1[[38]]
740	38	1[[38]]
750	38	1[[38]]
760	38	1[[38]]
770	38	1[[38]]
780	38	1[[38]]
790	38	1[[38]]
800	38	1[[38]]
810	38	1[[38]]
820	38	1[[38]]
830	38	1[[38]]
840	38	1[[38]]
850	38	1[[38]]
860	38	1[[38]]
870	38	1[[38]]
0	39	1[[39]]
10	39	1[[39]]
20	39	1[[39]]
30	39	1[[39]]
40	39	1[[39]]
50	39	1[[39]]
60	39	1[[39]]
70	39	1[[39]]
80	39	1[[39]]
90	39	1[[39]]
100	39	1[[39]]
110	39	1[[39]]
120	39	1[[39]]
130	39	1[[39]]
140	39	1[[39]]
150	39	1[[39]]
160	39	1[[39]]
170	39	1[[39]]
180	39	1[[39]]
190	39	1[[39]]
200	39	1[[39]]
210	39	1[[39]]
220	39	1[[39]]
230	39	1[[39]]
240	39	1[[39]]
250	39	1[[39]]
260	39	1[[39]]
270	39	1[[39]]
280	39	1[[39]]
290	39	1[[39]]
300	39	1[[39]]
310	39	1[[39]]
320	39	1[[39]]
330	39	1[[39]]
340	39	1[[39]]
350	39	1[[39]]
360	39	1[[39]]
370	39	1[[39]]
380	39	1[[39]]
390	39	1[[39]]
400	39	1[[39]]
410	39	1[[39]]
420	39	1[[39]]
430	39	1[[39]]
440	39	1[[39]]
450	39	1[[39]]
460	39	1[[39]]
470	39	1[[39]]
480	39	1[[39]]
490	39	1[[39]]
500	39	1[[39]]
510	39	1[[39]]
520	39	1[[39]]
530	39	1[[39]]
540	39	1[[39]]
550	39	1[[39]]
560	39	1[[39]]
570	39	1[[39]]
580	39	1[[39]]
590	39	1[[39]]
600	39	1[[39]]
610	39	1[[39]]
620	39	1[[39]]
630	39	1[[39]]
640	39	1[[39]]
650	39	1[[39]]
660	39	1[[39]]
670	39	1[[39]]
680	39	1[[39]]
690	39	1[[39]]
700	39	1[[39]]
710	39	1[[39]]
720	39	1[[39]]
730	39	1[[39]]
740	39	1[[39]]
750	39	1[[39]]
760	39	1[[39]]
770	39	1[[39]]
780	39	1[[39]]
790	39	1[[39]]
800	39	1[[39]]
810	39	1[[39]]
820	39	1[[39]]
830	39	1[[39]]
840	39	1[[39]]
850	39	1[[39]]
860	39	1[[39]]
870	39	1[[39]]
0	40	1[[40]]
10	40	1[[40]]
20	40	1[[40]]
30	40	1[[40]]
40	40	1[[40]]
50	40	1[[40]]
60	40	1[[40]]
70	40	1[[40]]
80	40	1[[40]]
90	40	1[[40]]
100	40	1[[40]]
110	40	1[[40]]
120	40	1[[40]]
130	40	1[[40]]
140	40	1[[40]]
150	40	1[[40]]
160	40	1[[40]]
170	40	1[[40]]
180	40	1[[40]]
190	40	1[[40]]
200	40	1[[40]]
210	40	1[[40]]
220	40	1[[40]]
230	40	1[[40]]
240	40	1[[40]]
250	40	1[[40]]
260	40	1[[40]]
270	40	1[[40]]
280	40	1[[40]]
290	40	1[[40]]
300	40	1[[40]]
310	40	1[[40]]
320	40	1[[40]]
330	40	1[[40]]
340	40	1[[40]]
350	40	1[[40]]
360	40	1[[40]]
370	40	1[[40]]
380	40	1[[40]]
390	40	1[[40]]
400	40	1[[40]]
410	40	1[[40]]
420	40	1[[40]]
430	40	1[[40]]
440	40	1[[40]]
450	40	1[[40]]
460	40	1[[40]]
470	40	1[[40]]
480	40	1[[40]]
490	40	1[[40]]
500	40	1[[40]]
510	40	1[[40]]
520	40	1[[40]]
530	40	1[[40]]
540	40	1[[40]]
550	40	1[[40]]
560	40	1[[40]]
570	40	1[[40]]
580	40	1[[40]]
590	40	1[[40]]
600	40	1[[40]]
610	40	1[[40]]
620	40	1[[40]]
630	40	1[[40]]
640	40	1[[40]]
650	40	1[[40]]
660	40	1[[40]]
670	40	1[[40]]
680	40	1[[40]]
690	40	1[[40]]
700	40	1[[40]]
710	40	1[[40]]
720	40	1[[40]]
730	40	1[[40]]
740	40	1[[40]]
750	40	1[[40]]
760	40	1[[40]]
770	40	1[[40]]
780	40	1[[40]]
790	40	1[[40]]
800	40	1[[40]]
810	40	1[[40]]
820	40	1[[40]]
830	40	1[[40]]
840	40	1[[40]]
850	40	1[[40]]
860	40	1[[40]]
870	40	1[[40]]
0	41	1[[41]]
10	41	1[[41]]
20	41	1[[41]]
30	41	1[[41]]
40	41	1[[41]]
50	41	1[[41]]
60	41	1[[41]]
70	41	1[[41]]
80	41	1[[41]]
90	41	1[[41]]
100	41	1[[41]]
110	41	1[[41]]
120	41	1[[41]]
130	41	1[[41]]
140	41	1[[41]]
150	41	1[[41]]
160	41	1[[41]]
170	41	1[[41]]
180	41	1[[41]]
190	41	1[[41]]
200	41	1[[41]]
210	41	1[[41]]
220	41	1[[41]]
230	41	1[[41]]
240	41	1[[41]]
250	41	1[[41]]
260	41	1[[41]]
270	41	1[[41]]
280	41	1[[41]]
290	41	1[[41]]
300	41	1[[41]]
310	41	1[[41]]
320	41	1[[41]]
330	41	1[[41]]
340	41	1[[41]]
350	41	1[[41]]
360	41	1[[41]]
370	41	1[[41]]
380	41	1[[41]]
390	41	1[[41]]
400	41	1[[41]]
410	41	1[[41]]
420	41	1[[41]]
430	41	1[[41]]
440	41	1[[41]]
450	41	1[[41]]
460	41	1[[41]]
470	41	1[[41]]
480	41	1[[41]]
490	41	1[[41]]
500	41	1[[41]]
510	41	1[[41]]
520	41	1[[41]]
530	41	1[[41]]
540	41	1[[41]]
550	41	1[[41]]
560	41	1[[41]]
570	41	1[[41]]
580	41	1[[41]]
590	41	1[[41]]
600	41	1[[41]]
610	41	1[[41]]
620	41	1[[41]]
630	41	1[[41]]
640	41	1[[41]]
650	41	1[[41]]
660	41	1[[41]]
670	41	1[[41]]
680	41	1[[41]]
690	41	1[[41]]
700	41	1[[41]]
710	41	1[[41]]
720	41	1[[41]]
730	41	1[[41]]
740	41	1[[41]]
750	41	1[[41]]
760	41	1[[41]]
770	41	1[[41]]
780	41	1[[41]]
790	41	1[[41]]
800	41	1[[41]]
810	41	1[[41]]
820	41	1[[41]]
830	41	1[[41]]
840	41	1[[41]]
850	41	1[[41]]
860	41	1[[41]]
870	41	1[[41]]
0	42	1[[42]]
10	42	1[[42]]
20	42	1[[42]]
30	42	1[[42]]
40	42	1[[42]]
50	42	1[[42]]
60	42	1[[42]]
70	42	1[[42]]
80	42	1[[42]]
90	42	1[[42]]
100	42	1[[42]]
110	42	1[[42]]
120	42	1[[42]]
130	42	1[[42]]
140	42	1[[42]]
150	42	1[[42]]
160	42	1[[42]]
170	42	1[[42]]
180	42	1[[42]]
190	42	1[[42]]
200	42	1[[42]]
210	42	1[[42]]
220	42	1[[42]]
230	42	1[[42]]
240	42	1[[42]]
250	42	1[[42]]
260	42	1[[42]]
270	42	1[[42]]
280	42	1[[42]]
290	42	1[[42]]
300	42	1[[42]]
310	42	1[[42]]
320	42	1[[42]]
330	42	1[[42]]
340	42	1[[42]]
350	42	1[[42]]
360	42	1[[42]]
370	42	1[[42]]
380	42	1[[42]]
390	42	1[[42]]
400	42	1[[42]]
410	42	1[[42]]
420	42	1[[42]]
430	42	1[[42]]
440	42	1[[42]]
450	42	1[[42]]
460	42	1[[42]]
470	42	1[[42]]
480	42	1[[42]]
490	42	1[[42]]
500	42	1[[42]]
510	42	1[[42]]
520	42	1[[42]]
530	42	1[[42]]
540	42	1[[42]]
550	42	1[[42]]
560	42	1[[42]]
570	42	1[[42]]
580	42	1[[42]]
590	42	1[[42]]
600	42	1[[42]]
610	42	1[[42]]
620	42	1[[42]]
630	42	1[[42]]
640	42	1[[42]]
650	42	1[[42]]
660	42	1[[42]]
670	42	1[[42]]
680	42	1[[42]]
690	42	1[[42]]
700	42	1[[42]]
710	42	1[[42]]
720	42	1[[42]]
730	42	1[[42]]
740	42	1[[42]]
750	42	1[[42]]
760	42	1[[42]]
770	42	1[[42]]
780	42	1[[42]]
790	42	1[[42]]
800	42	1[[42]]
810	42	1[[42]]
820	42	1[[42]]
830	42	1[[42]]
840	42	1[[42]]
850	42	1[[42]]
860	42	1[[42]]
870	42	1[[42]]
0	43	1[[43]]
10	43	1[[43]]
20	43	1[[43]]
30	43	1[[43]]
40	43	1[[43]]
50	43	1[[43]]
60	43	1[[43]]
70	43	1[[43]]
80	43	1[[43]]
90	43	1[[43]]
100	43	1[[43]]
110	43	1[[43]]
120	43	1[[43]]
130	43	1[[43]]
140	43	1[[43]]
150	43	1[[43]]
160	43	1[[43]]
170	43	1[[43]]
180	43	1[[43]]
190	43	1[[43]]
200	43	1[[43]]
210	43	1[[43]]
220	43	1[[43]]
230	43	1[[43]]
240	43	1[[43]]
250	43	1[[43]]
260	43	1[[43]]
270	43	1[[43]]
280	43	1[[43]]
290	43	1[[43]]
300	43	1[[43]]
310	43	1[[43]]
320	43	1[[43]]
330	43	1[[43]]
340	43	1[[43]]
350	43	1[[43]]
360	43	1[[43]]
370	43	1[[43]]
380	43	1[[43]]
390	43	1[[43]]
400	43	1[[43]]
410	43	1[[43]]
420	43	1[[43]]
430	43	1[[43]]
440	43	1[[43]]
450	43	1[[43]]
460	43	1[[43]]
470	43	1[[43]]
480	43	1[[43]]
490	43	1[[43]]
500	43	1[[43]]
510	43	1[[43]]
520	43	1[[43]]
530	43	1[[43]]
540	43	1[[43]]
550	43	1[[43]]
560	43	1[[43]]
570	43	1[[43]]
580	43	1[[43]]
590	43	1[[43]]
600	43	1[[43]]
610	43	1[[43]]
620	43	1[[43]]
630	43	1[[43]]
640	43	1[[43]]
650	43	1[[43]]
660	43	1[[43]]
670	43	1[[43]]
680	43	1[[43]]
690	43	1[[43]]
700	43	1[[43]]
710	43	1[[43]]
720	43	1[[43]]
730	43	1[[43]]
740	43	1[[43]]
750	43	1[[43]]
760	43	1[[43]]
770	43	1[[43]]
780	43	1[[43]]
790	43	1[[43]]
800	43	1[[43]]
810	43	1[[43]]
820	43	1[[43]]
830	43	1[[43]]
840	43	1[[43]]
850	43	1[[43]]
860	43	1[[43]]
870	43	1[[43]]
0	44	1[[44]]
10	44	1[[44]]
20	44	1[[44]]
30	44	1[[44]]
40	44	1[[44]]
50	44	1[[44]]
60	44	1[[44]]
70	44	1[[44]]
80	44	1[[44]]
90	44	1[[44]]
100	44	1[[44]]
110	44	1[[44]]
120	44	1[[44]]
130	44	1[[44]]
140	44	1[[44]]
150	44	1[[44]]
160	44	1[[44]]
170	44	1[[44]]
180	44	1[[44]]
190	44	1[[44]]
200	44	1[[44]]
210	44	1[[44]]
220	44	1[[44]]
230	44	1[[44]]
240	44	1[[44]]
250	44	1[[44]]
260	44	1[[44]]
270	44	1[[44]]
280	44	1[[44]]
290	44	1[[44]]
300	44	1[[44]]
310	44	1[[44]]
320	44	1[[44]]
330	44	1[[44]]
340	44	1[[44]]
350	44	1[[44]]
360	44	1[[44]]
370	44	1[[44]]
380	44	1[[44]]
390	44	1[[44]]
400	44	1[[44]]
410	44	1[[44]]
420	44	1[[44]]
430	44	1[[44]]
440	44	1[[44]]
450	44	1[[44]]
460	44	1[[44]]
470	44	1[[44]]
480	44	1[[44]]
490	44	1[[44]]
500	44	1[[44]]
510	44	1[[44]]
520	44	1[[44]]
530	44	1[[44]]
540	44	1[[44]]
550	44	1[[44]]
560	44	1[[44]]
570	44	1[[44]]
580	44	1[[44]]
590	44	1[[44]]
600	44	1[[44]]
610	44	1[[44]]
620	44	1[[44]]
630	44	1[[44]]
640	44	1[[44]]
650	44	1[[44]]
660	44	1[[44]]
670	44	1[[44]]
680	44	1[[44]]
690	44	1[[44]]
700	44	1[[44]]
710	44	1[[44]]
720	44	1[[44]]
730	44	1[[44]]
740	44	1[[44]]
750	44	1[[44]]
760	44	1[[44]]
770	44	1[[44]]
780	44	1[[44]]
790	44	1[[44]]
800	44	1[[44]]
810	44	1[[44]]
820	44	1[[44]]
830	44	1[[44]]
840	44	1[[44]]
850	44	1[[44]]
860	44	1[[44]]
870	44	1[[44]]
0	45	1[[45]]
10	45	1[[45]]
20	45	1[[45]]
30	45	1[[45]]
40	45	1[[45]]
50	45	1[[45]]
60	45	1[[45]]
70	45	1[[45]]
80	45	1[[45]]
90	45	1[[45]]
100	45	1[[45]]
110	45	1[[45]]
120	45	1[[45]]
130	45	1[[45]]
140	45	1[[45]]
150	45	1[[45]]
160	45	1[[45]]
170	45	1[[45]]
180	45	1[[45]]
190	45	1[[45]]
200	45	1[[45]]
210	45	1[[45]]
220	45	1[[45]]
230	45	1[[45]]
240	45	1[[45]]
250	45	1[[45]]
260	45	1[[45]]
270	45	1[[45]]
280	45	1[[45]]
290	45	1[[45]]
300	45	1[[45]]
310	45	1[[45]]
320	45	1[[45]]
330	45	1[[45]]
340	45	1[[45]]
350	45	1[[45]]
360	45	1[[45]]
370	45	1[[45]]
380	45	1[[45]]
390	45	1[[45]]
400	45	1[[45]]
410	45	1[[45]]
420	45	1[[45]]
430	45	1[[45]]
440	45	1[[45]]
450	45	1[[45]]
460	45	1[[45]]
470	45	1[[45]]
480	45	1[[45]]
490	45	1[[45]]
500	45	1[[45]]
510	45	1[[45]]
520	45	1[[45]]
530	45	1[[45]]
540	45	1[[45]]
550	45	1[[45]]
560	45	1[[45]]
570	45	1[[45]]
580	45	1[[45]]
590	45	1[[45]]
600	45	1[[45]]
610	45	1[[45]]
620	45	1[[45]]
630	45	1[[45]]
640	45	1[[45]]
650	45	1[[45]]
660	45	1[[45]]
670	45	1[[45]]
680	45	1[[45]]
690	45	1[[45]]
700	45	1[[45]]
710	45	1[[45]]
720	45	1[[45]]
730	45	1[[45]]
740	45	1[[45]]
750	45	1[[45]]
760	45	1[[45]]
770	45	1[[45]]
780	45	1[[45]]
790	45	1[[45]]
800	45	1[[45]]
810	45	1[[45]]
820	45	1[[45]]
830	45	1[[45]]
840	45	1[[45]]
850	45	1[[45]]
860	45	1[[45]]
870	45	1[[45]]
0	46	1[[46]]
10	46	1[[46]]
20	46	1[[46]]
30	46	1[[46]]
40	46	1[[46]]
50	46	1[[46]]
60	46	1[[46]]
70	46	1[[46]]
80	46	1[[46]]
90	46	1[[46]]
100	46	1[[46]]
110	46	1[[46]]
120	46	1[[46]]
130	46	1[[46]]
140	46	1[[46]]
150	46	1[[46]]
160	46	1[[46]]
170	46	1[[46]]
180	46	1[[46]]
190	46	1[[46]]
200	46	1[[46]]
210	46	1[[46]]
220	46	1[[46]]
230	46	1[[46]]
240	46	1[[46]]
250	46	1[[46]]
260	46	1[[46]]
270	46	1[[46]]
280	46	1[[46]]
290	46	1[[46]]
300	46	1[[46]]
310	46	1[[46]]
320	46	1[[46]]
330	46	1[[46]]
340	46	1[[46]]
350	46	1[[46]]
360	46	1[[46]]
370	46	1[[46]]
380	46	1[[46]]
390	46	1[[46]]
400	46	1[[46]]
410	46	1[[46]]
420	46	1[[46]]
430	46	1[[46]]
440	46	1[[46]]
450	46	1[[46]]
460	46	1[[46]]
470	46	1[[46]]
480	46	1[[46]]
490	46	1[[46]]
500	46	1[[46]]
510	46	1[[46]]
520	46	1[[46]]
530	46	1[[46]]
540	46	1[[46]]
550	46	1[[46]]
560	46	1[[46]]
570	46	1[[46]]
580	46	1[[46]]
590	46	1[[46]]
600	46	1[[46]]
610	46	1[[46]]
620	46	1[[46]]
630	46	1[[46]]
640	46	1[[46]]
650	46	1[[46]]
660	46	1[[46]]
670	46	1[[46]]
680	46	1[[46]]
690	46	1[[46]]
700	46	1[[46]]
710	46	1[[46]]
720	46	1[[46]]
730	46	1[[46]]
740	46	1[[46]]
750	46	1[[46]]
760	46	1[[46]]
770	46	1[[46]]
780	46	1[[46]]
790	46	1[[46]]
800	46	1[[46]]
810	46	1[[46]]
820	46	1[[46]]
830	46	1[[46]]
840	46	1[[46]]
850	46	1[[46]]
860	46	1[[46]]
870	46	1[[46]]
0	47	1[[47]]
10	47	1[[47]]
20	47	1[[47]]
30	47	1[[47]]
40	47	1[[47]]
50	47	1[[47]]
60	47	1[[47]]
70	47	1[[47]]
80	47	1[[47]]
90	47	1[[47]]
100	47	1[[47]]
110	47	1[[47]]
120	47	1[[47]]
130	47	1[[47]]
140	47	1[[47]]
150	47	1[[47]]
160	47	1[[47]]
170	47	1[[47]]
180	47	1[[47]]
190	47	1[[47]]
200	47	1[[47]]
210	47	1[[47]]
220	47	1[[47]]
230	47	1[[47]]
240	47	1[[47]]
250	47	1[[47]]
260	47	1[[47]]
270	47	1[[47]]
280	47	1[[47]]
290	47	1[[47]]
300	47	1[[47]]
310	47	1[[47]]
320	47	1[[47]]
330	47	1[[47]]
340	47	1[[47]]
350	47	1[[47]]
360	47	1[[47]]
370	47	1[[47]]
380	47	1[[47]]
390	47	1[[47]]
400	47	1[[47]]
410	47	1[[47]]
420	47	1[[47]]
430	47	1[[47]]
440	47	1[[47]]
450	47	1[[47]]
460	47	1[[47]]
470	47	1[[47]]
480	47	1[[47]]
490	47	1[[47]]
500	47	1[[47]]
510	47	1[[47]]
520	47	1[[47]]
530	47	1[[47]]
540	47	1[[47]]
550	47	1[[47]]
560	47	1[[47]]
570	47	1[[47]]
580	47	1[[47]]
590	47	1[[47]]
600	47	1[[47]]
610	47	1[[47]]
620	47	1[[47]]
630	47	1[[47]]
640	47	1[[47]]
650	47	1[[47]]
660	47	1[[47]]
670	47	1[[47]]
680	47	1[[47]]
690	47	1[[47]]
700	47	1[[47]]
710	47	1[[47]]
720	47	1[[47]]
730	47	1[[47]]
740	47	1[[47]]
750	47	1[[47]]
760	47	1[[47]]
770	47	1[[47]]
780	47	1[[47]]
790	47	1[[47]]
800	47	1[[47]]
810	47	1[[47]]
820	47	1[[47]]
830	47	1[[47]]
840	47	1[[47]]
850	47	1[[47]]
860	47	1[[47]]
870	47	1[[47]]
0	48	1[[48]]
10	48	1[[48]]
20	48	1[[48]]
30	48	1[[48]]
40	48	1[[48]]
50	48	1[[48]]
60	48	1[[48]]
70	48	1[[48]]
80	48	1[[48]]
90	48	1[[48]]
100	48	1[[48]]
110	48	1[[48]]
120	48	1[[48]]
130	48	1[[48]]
140	48	1[[48]]
150	48	1[[48]]
160	48	1[[48]]
170	48	1[[48]]
180	48	1[[48]]
190	48	1[[48]]
200	48	1[[48]]
210	48	1[[48]]
220	48	1[[48]]
230	48	1[[48]]
240	48	1[[48]]
250	48	1[[48]]
260	48	1[[48]]
270	48	1[[48]]
280	48	1[[48]]
290	48	1[[48]]
300	48	1[[48]]
310	48	1[[48]]
320	48	1[[48]]
330	48	1[[48]]
340	48	1[[48]]
350	48	1[[48]]
360	48	1[[48]]
370	48	1[[48]]
380	48	1[[48]]
390	48	1[[48]]
400	48	1[[48]]
410	48	1[[48]]
420	48	1[[48]]
430	48	1[[48]]
440	48	1[[48]]
450	48	1[[48]]
460	48	1[[48]]
470	48	1[[48]]
480	48	1[[48]]
490	48	1[[48]]
500	48	1[[48]]
510	48	1[[48]]
520	48	1[[48]]
530	48	1[[48]]
540	48	1[[48]]
550	48	1[[48]]
560	48	1[[48]]
570	48	1[[48]]
580	48	1[[48]]
590	48	1[[48]]
600	48	1[[48]]
610	48	1[[48]]
620	48	1[[48]]
630	48	1[[48]]
640	48	1[[48]]
650	48	1[[48]]
660	48	1[[48]]
670	48	1[[48]]
680	48	1[[48]]
690	48	1[[48]]
700	48	1[[48]]
710	48	1[[48]]
720	48	1[[48]]
730	48	1[[48]]
740	48	1[[48]]
750	48	1[[48]]
760	48	1[[48]]
770	48	1[[48]]
780	48	1[[48]]
790	48	1[[48]]
800	48	1[[48]]
810	48	1[[48]]
820	48	1[[48]]
830	48	1[[48]]
840	48	1[[48]]
850	48	1[[48]]
860	48	1[[48]]
870	48	1[[48]]
0	49	1[[49]]
10	49	1[[49]]
20	49	1[[49]]
30	49	1[[49]]
40	49	1[[49]]
50	49	1[[49]]
60	49	1[[49]]
70	49	1[[49]]
80	49	1[[49]]
90	49	1[[49]]
100	49	1[[49]]
110	49	1[[49]]
120	49	1[[49]]
130	49	1[[49]]
140	49	1[[49]]
150	49	1[[49]]
160	49	1[[49]]
170	49	1[[49]]
180	49	1[[49]]
190	49	1[[49]]
200	49	1[[49]]
210	49	1[[49]]
220	49	1[[49]]
230	49	1[[49]]
240	49	1[[49]]
250	49	1[[49]]
260	49	1[[49]]
270	49	1[[49]]
280	49	1[[49]]
290	49	1[[49]]
300	49	1[[49]]
310	49	1[[49]]
320	49	1[[49]]
330	49	1[[49]]
340	49	1[[49]]
350	49	1[[49]]
360	49	1[[49]]
370	49	1[[49]]
380	49	1[[49]]
390	49	1[[49]]
400	49	1[[49]]
410	49	1[[49]]
420	49	1[[49]]
430	49	1[[49]]
440	49	1[[49]]
450	49	1[[49]]
460	49	1[[49]]
470	49	1[[49]]
480	49	1[[49]]
490	49	1[[49]]
500	49	1[[49]]
510	49	1[[49]]
520	49	1[[49]]
530	49	1[[49]]
540	49	1[[49]]
550	49	1[[49]]
560	49	1[[49]]
570	49	1[[49]]
580	49	1[[49]]
590	49	1[[49]]
600	49	1[[49]]
610	49	1[[49]]
620	49	1[[49]]
630	49	1[[49]]
640	49	1[[49]]
650	49	1[[49]]
660	49	1[[49]]
670	49	1[[49]]
680	49	1[[49]]
690	49	1[[49]]
700	49	1[[49]]
710	49	1[[49]]
720	49	1[[49]]
730	49	1[[49]]
740	49	1[[49]]
750	49	1[[49]]
760	49	1[[49]]
770	49	1[[49]]
780	49	1[[49]]
790	49	1[[49]]
800	49	1[[49]]
810	49	1[[49]]
820	49	1[[49]]
830	49	1[[49]]
840	49	1[[49]]
850	49	1[[49]]
860	49	1[[49]]
870	49	1[[49]]
0	50	1[[50]]
10	50	1[[50]]
20	50	1[[50]]
30	50	1[[50]]
40	50	1[[50]]
50	50	1[[50]]
60	50	1[[50]]
70	50	1[[50]]
80	50	1[[50]]
90	50	1[[50]]
100	50	1[[50]]
110	50	1[[50]]
120	50	1[[50]]
130	50	1[[50]]
140	50	1[[50]]
150	50	1[[50]]
160	50	1[[50]]
170	50	1[[50]]
180	50	1[[50]]
190	50	1[[50]]
200	50	1[[50]]
210	50	1[[50]]
220	50	1[[50]]
230	50	1[[50]]
240	50	1[[50]]
250	50	1[[50]]
260	50	1[[50]]
270	50	1[[50]]
280	50	1[[50]]
290	50	1[[50]]
300	50	1[[50]]
310	50	1[[50]]
320	50	1[[50]]
330	50	1[[50]]
340	50	1[[50]]
350	50	1[[50]]
360	50	1[[50]]
370	50	1[[50]]
380	50	1[[50]]
390	50	1[[50]]
400	50	1[[50]]
410	50	1[[50]]
420	50	1[[50]]
430	50	1[[50]]
440	50	1[[50]]
450	50	1[[50]]
460	50	1[[50]]
470	50	1[[50]]
480	50	1[[50]]
490	50	1[[50]]
500	50	1[[50]]
510	50	1[[50]]
520	50	1[[50]]
530	50	1[[50]]
540	50	1[[50]]
550	50	1[[50]]
560	50	1[[50]]
570	50	1[[50]]
580	50	1[[50]]
590	50	1[[50]]
600	50	1[[50]]
610	50	1[[50]]
620	50	1[[50]]
630	50	1[[50]]
640	50	1[[50]]
650	50	1[[50]]
660	50	1[[50]]
670	50	1[[50]]
680	50	1[[50]]
690	50	1[[50]]
700	50	1[[50]]
710	50	1[[50]]
720	50	1[[50]]
730	50	1[[50]]
740	50	1[[50]]
750	50	1[[50]]
760	50	1[[50]]
770	50	1[[50]]
780	50	1[[50]]
790	50	1[[50]]
800	50	1[[50]]
810	50	1[[50]]
820	50	1[[50]]
830	50	1[[50]]
840	50	1[[50]]
850	50	1[[50]]
860	50	1[[50]]
870	50	1[[50]]
0	51	1[[51]]
10	51	1[[51]]
20	51	1[[51]]
30	51	1[[51]]
40	51	1[[51]]
50	51	1[[51]]
60	51	1[[51]]
70	51	1[[51]]
80	51	1[[51]]
90	51	1[[51]]
100	51	1[[51]]
110	51	1[[51]]
120	51	1[[51]]
130	51	1[[51]]
140	51	1[[51]]
150	51	1[[51]]
160	51	1[[51]]
170	51	1[[51]]
180	51	1[[51]]
190	51	1[[51]]
200	51	1[[51]]
210	51	1[[51]]
220	51	1[[51]]
230	51	1[[51]]
240	51	1[[51]]
250	51	1[[51]]
260	51	1[[51]]
270	51	1[[51]]
280	51	1[[51]]
290	51	1[[51]]
300	51	1[[51]]
310	51	1[[51]]
320	51	1[[51]]
330	51	1[[51]]
340	51	1[[51]]
350	51	1[[51]]
360	51	1[[51]]
370	51	1[[51]]
380	51	1[[51]]
390	51	1[[51]]
400	51	1[[51]]
410	51	1[[51]]
420	51	1[[51]]
430	51	1[[51]]
440	51	1[[51]]
450	51	1[[51]]
460	51	1[[51]]
470	51	1[[51]]
480	51	1[[51]]
490	51	1[[51]]
500	51	1[[51]]
510	51	1[[51]]
520	51	1[[51]]
530	51	1[[51]]
540	51	1[[51]]
550	51	1[[51]]
560	51	1[[51]]
570	51	1[[51]]
580	51	1[[51]]
590	51	1[[51]]
600	51	1[[51]]
610	51	1[[51]]
620	51	1[[51]]
630	51	1[[51]]
640	51	1[[51]]
650	51	1[[51]]
660	51	1[[51]]
670	51	1[[51]]
680	51	1[[51]]
690	51	1[[51]]
700	51	1[[51]]
710	51	1[[51]]
720	51	1[[51]]
730	51	1[[51]]
740	51	1[[51]]
750	51	1[[51]]
760	51	1[[51]]
770	51	1[[51]]
780	51	1[[51]]
790	51	1[[51]]
800	51	1[[51]]
810	51	1[[51]]
820	51	1[[51]]
830	51	1[[51]]
840	51	1[[51]]
850	51	1[[51]]
860	51	1[[51]]
870	51	1[[51]]
0	52	1[[52]]
10	52	1[[52]]
20	52	1[[52]]
30	52	1[[52]]
40	52	1[[52]]
50	52	1[[52]]
60	52	1[[52]]
70	52	1[[52]]
80	52	1[[52]]
90	52	1[[52]]
100	52	1[[52]]
110	52	1[[52]]
120	52	1[[52]]
130	52	1[[52]]
140	52	1[[52]]
150	52	1[[52]]
160	52	1[[52]]
170	52	1[[52]]
180	52	1[[52]]
190	52	1[[52]]
200	52	1[[52]]
210	52	1[[52]]
220	52	1[[52]]
230	52	1[[52]]
240	52	1[[52]]
250	52	1[[52]]
260	52	1[[52]]
270	52	1[[52]]
280	52	1[[52]]
290	52	1[[52]]
300	52	1[[52]]
310	52	1[[52]]
320	52	1[[52]]
330	52	1[[52]]
340	52	1[[52]]
350	52	1[[52]]
360	52	1[[52]]
370	52	1[[52]]
380	52	1[[52]]
390	52	1[[52]]
400	52	1[[52]]
410	52	1[[52]]
420	52	1[[52]]
430	52	1[[52]]
440	52	1[[52]]
450	52	1[[52]]
460	52	1[[52]]
470	52	1[[52]]
480	52	1[[52]]
490	52	1[[52]]
500	52	1[[52]]
510	52	1[[52]]
520	52	1[[52]]
530	52	1[[52]]
540	52	1[[52]]
550	52	1[[52]]
560	52	1[[52]]
570	52	1[[52]]
580	52	1[[52]]
590	52	1[[52]]
600	52	1[[52]]
610	52	1[[52]]
620	52	1[[52]]
630	52	1[[52]]
640	52	1[[52]]
650	52	1[[52]]
660	52	1[[52]]
670	52	1[[52]]
680	52	1[[52]]
690	52	1[[52]]
700	52	1[[52]]
710	52	1[[52]]
720	52	1[[52]]
730	52	1[[52]]
740	52	1[[52]]
750	52	1[[52]]
760	52	1[[52]]
770	52	1[[52]]
780	52	1[[52]]
790	52	1[[52]]
800	52	1[[52]]
810	52	1[[52]]
820	52	1[[52]]
830	52	1[[52]]
840	52	1[[52]]
850	52	1[[52]]
860	52	1[[52]]
870	52	1[[52]]
0	53	1[[53]]
10	53	1[[53]]
20	53	1[[53]]
30	53	1[[53]]
40	53	1[[53]]
50	53	1[[53]]
60	53	1[[53]]
70	53	1[[53]]
80	53	1[[53]]
90	53	1[[53]]
100	53	1[[53]]
110	53	1[[53]]
120	53	1[[53]]
130	53	1[[53]]
140	53	1[[53]]
150	53	1[[53]]
160	53	1[[53]]
170	53	1[[53]]
180	53	1[[53]]
190	53	1[[53]]
200	53	1[[53]]
210	53	1[[53]]
220	53	1[[53]]
230	53	1[[53]]
240	53	1[[53]]
250	53	1[[53]]
260	53	1[[53]]
270	53	1[[53]]
280	53	1[[53]]
290	53	1[[53]]
300	53	1[[53]]
310	53	1[[53]]
320	53	1[[53]]
330	53	1[[53]]
340	53	1[[53]]
350	53	1[[53]]
360	53	1[[53]]
370	53	1[[53]]
380	53	1[[53]]
390	53	1[[53]]
400	53	1[[53]]
410	53	1[[53]]
420	53	1[[53]]
430	53	1[[53]]
440	53	1[[53]]
450	53	1[[53]]
460	53	1[[53]]
470	53	1[[53]]
480	53	1[[53]]
490	53	1[[53]]
500	53	1[[53]]
510	53	1[[53]]
520	53	1[[53]]
530	53	1[[53]]
540	53	1[[53]]
550	53	1[[53]]
560	53	1[[53]]
570	53	1[[53]]
580	53	1[[53]]
590	53	1[[53]]
600	53	1[[53]]
610	53	1[[53]]
620	53	1[[53]]
630	53	1[[53]]
640	53	1[[53]]
650	53	1[[53]]
660	53	1[[53]]
670	53	1[[53]]
680	53	1[[53]]
690	53	1[[53]]
700	53	1[[53]]
710	53	1[[53]]
720	53	1[[53]]
730	53	1[[53]]
740	53	1[[53]]
750	53	1[[53]]
760	53	1[[53]]
770	53	1[[53]]
780	53	1[[53]]
790	53	1[[53]]
800	53	1[[53]]
810	53	1[[53]]
820	53	1[[53]]
830	53	1[[53]]
840	53	1[[53]]
850	53	1[[53]]
860	53	1[[53]]
870	53	1[[53]]
0	54	1[[54]]
10	54	1[[54]]
20	54	1[[54]]
30	54	1[[54]]
40	54	1[[54]]
50	54	1[[54]]
60	54	1[[54]]
70	54	1[[54]]
80	54	1[[54]]
90	54	1[[54]]
100	54	1[[54]]
110	54	1[[54]]
120	54	1[[54]]
130	54	1[[54]]
140	54	1[[54]]
150	54	1[[54]]
160	54	1[[54]]
170	54	1[[54]]
180	54	1[[54]]
190	54	1[[54]]
200	54	1[[54]]
210	54	1[[54]]
220	54	1[[54]]
230	54	1[[54]]
240	54	1[[54]]
250	54	1[[54]]
260	54	1[[54]]
270	54	1[[54]]
280	54	1[[54]]
290	54	1[[54]]
300	54	1[[54]]
310	54	1[[54]]
320	54	1[[54]]
330	54	1[[54]]
340	54	1[[54]]
350	54	1[[54]]
360	54	1[[54]]
370	54	1[[54]]
380	54	1[[54]]
390	54	1[[54]]
400	54	1[[54]]
410	54	1[[54]]
420	54	1[[54]]
430	54	1[[54]]
440	54	1[[54]]
450	54	1[[54]]
460	54	1[[54]]
470	54	1[[54]]
480	54	1[[54]]
490	54	1[[54]]
500	54	1[[54]]
510	54	1[[54]]
520	54	1[[54]]
530	54	1[[54]]
540	54	1[[54]]
550	54	1[[54]]
560	54	1[[54]]
570	54	1[[54]]
580	54	1[[54]]
590	54	1[[54]]
600	54	1[[54]]
610	54	1[[54]]
620	54	1[[54]]
630	54	1[[54]]
640	54	1[[54]]
650	54	1[[54]]
660	54	1[[54]]
670	54	1[[54]]
680	54	1[[54]]
690	54	1[[54]]
700	54	1[[54]]
710	54	1[[54]]
720	54	1[[54]]
730	54	1[[54]]
740	54	1[[54]]
750	54	1[[54]]
760	54	1[[54]]
770	54	1[[54]]
780	54	1[[54]]
790	54	1[[54]]
800	54	1[[54]]
810	54	1[[54]]
820	54	1[[54]]
830	54	1[[54]]
840	54	1[[54]]
850	54	1[[54]]
860	54	1[[54]]
870	54	1[[54]]
0	55	1[[55]]
10	55	1[[55]]
20	55	1[[55]]
30	55	1[[55]]
40	55	1[[55]]
50	55	1[[55]]
60	55	1[[55]]
70	55	1[[55]]
80	55	1[[55]]
90	55	1[[55]]
100	55	1[[55]]
110	55	1[[55]]
120	55	1[[55]]
130	55	1[[55]]
140	55	1[[55]]
150	55	1[[55]]
160	55	1[[55]]
170	55	1[[55]]
180	55	1[[55]]
190	55	1[[55]]
200	55	1[[55]]
210	55	1[[55]]
220	55	1[[55]]
230	55	1[[55]]
240	55	1[[55]]
250	55	1[[55]]
260	55	1[[55]]
270	55	1[[55]]
280	55	1[[55]]
290	55	1[[55]]
300	55	1[[55]]
310	55	1[[55]]
320	55	1[[55]]
330	55	1[[55]]
340	55	1[[55]]
350	55	1[[55]]
360	55	1[[55]]
370	55	1[[55]]
380	55	1[[55]]
390	55	1[[55]]
400	55	1[[55]]
410	55	1[[55]]
420	55	1[[55]]
430	55	1[[55]]
440	55	1[[55]]
450	55	1[[55]]
460	55	1[[55]]
470	55	1[[55]]
480	55	1[[55]]
490	55	1[[55]]
500	55	1[[55]]
510	55	1[[55]]
520	55	1[[55]]
530	55	1[[55]]
540	55	1[[55]]
550	55	1[[55]]
560	55	1[[55]]
570	55	1[[55]]
580	55	1[[55]]
590	55	1[[55]]
600	55	1[[55]]
610	55	1[[55]]
620	55	1[[55]]
630	55	1[[55]]
640	55	1[[55]]
650	55	1[[55]]
660	55	1[[55]]
670	55	1[[55]]
680	55	1[[55]]
690	55	1[[55]]
700	55	1[[55]]
710	55	1[[55]]
720	55	1[[55]]
730	55	1[[55]]
740	55	1[[55]]
750	55	1[[55]]
760	55	1[[55]]
770	55	1[[55]]
780	55	1[[55]]
790	55	1[[55]]
800	55	1[[55]]
810	55	1[[55]]
820	55	1[[55]]
830	55	1[[55]]
840	55	1[[55]]
850	55	1[[55]]
860	55	1[[55]]
870	55	1[[55]]
0	56	1[[56]]
10	56	1[[56]]
20	56	1[[56]]
30	56	1[[56]]
40	56	1[[56]]
50	56	1[[56]]
60	56	1[[56]]
70	56	1[[56]]
80	56	1[[56]]
90	56	1[[56]]
100	56	1[[56]]
110	56	1[[56]]
120	56	1[[56]]
130	56	1[[56]]
140	56	1[[56]]
150	56	1[[56]]
160	56	1[[56]]
170	56	1[[56]]
180	56	1[[56]]
190	56	1[[56]]
200	56	1[[56]]
210	56	1[[56]]
220	56	1[[56]]
230	56	1[[56]]
240	56	1[[56]]
250	56	1[[56]]
260	56	1[[56]]
270	56	1[[56]]
280	56	1[[56]]
290	56	1[[56]]
300	56	1[[56]]
310	56	1[[56]]
320	56	1[[56]]
330	56	1[[56]]
340	56	1[[56]]
350	56	1[[56]]
360	56	1[[56]]
370	56	1[[56]]
380	56	1[[56]]
390	56	1[[56]]
400	56	1[[56]]
410	56	1[[56]]
420	56	1[[56]]
430	56	1[[56]]
440	56	1[[56]]
450	56	1[[56]]
460	56	1[[56]]
470	56	1[[56]]
480	56	1[[56]]
490	56	1[[56]]
500	56	1[[56]]
510	56	1[[56]]
520	56	1[[56]]
530	56	1[[56]]
540	56	1[[56]]
550	56	1[[56]]
560	56	1[[56]]
570	56	1[[56]]
580	56	1[[56]]
590	56	1[[56]]
600	56	1[[56]]
610	56	1[[56]]
620	56	1[[56]]
630	56	1[[56]]
640	56	1[[56]]
650	56	1[[56]]
660	56	1[[56]]
670	56	1[[56]]
680	56	1[[56]]
690	56	1[[56]]
700	56	1[[56]]
710	56	1[[56]]
720	56	1[[56]]
730	56	1[[56]]
740	56	1[[56]]
750	56	1[[56]]
760	56	1[[56]]
770	56	1[[56]]
780	56	1[[56]]
790	56	1[[56]]
800	56	1[[56]]
810	56	1[[56]]
820	56	1[[56]]
830	56	1[[56]]
840	56	1[[56]]
850	56	1[[56]]
860	56	1[[56]]
870	56	1[[56]]
0	57	1[[57]]
10	57	1[[57]]
20	57	1[[57]]
30	57	1[[57]]
40	57	1[[57]]
50	57	1[[57]]
60	57	1[[57]]
70	57	1[[57]]
80	57	1[[57]]
90	57	1[[57]]
100	57	1[[57]]
110	57	1[[57]]
120	57	1[[57]]
130	57	1[[57]]
140	57	1[[57]]
150	57	1[[57]]
160	57	1[[57]]
170	57	1[[57]]
180	57	1[[57]]
190	57	1[[57]]
200	57	1[[57]]
210	57	1[[57]]
220	57	1[[57]]
230	57	1[[57]]
240	57	1[[57]]
250	57	1[[57]]
260	57	1[[57]]
270	57	1[[57]]
280	57	1[[57]]
290	57	1[[57]]
300	57	1[[57]]
310	57	1[[57]]
320	57	1[[57]]
330	57	1[[57]]
340	57	1[[57]]
350	57	1[[57]]
360	57	1[[57]]
370	57	1[[57]]
380	57	1[[57]]
390	57	1[[57]]
400	57	1[[57]]
410	57	1[[57]]
420	57	1[[57]]
430	57	1[[57]]
440	57	1[[57]]
450	57	1[[57]]
460	57	1[[57]]
470	57	1[[57]]
480	57	1[[57]]
490	57	1[[57]]
500	57	1[[57]]
510	57	1[[57]]
520	57	1[[57]]
530	57	1[[57]]
540	57	1[[57]]
550	57	1[[57]]
560	57	1[[57]]
570	57	1[[57]]
580	57	1[[57]]
590	57	1[[57]]
600	57	1[[57]]
610	57	1[[57]]
620	57	1[[57]]
630	57	1[[57]]
640	57	1[[57]]
650	57	1[[57]]
660	57	1[[57]]
670	57	1[[57]]
680	57	1[[57]]
690	57	1[[57]]
700	57	1[[57]]
710	57	1[[57]]
720	57	1[[57]]
730	57	1[[57]]
740	57	1[[57]]
750	57	1[[57]]
760	57	1[[57]]
770	57	1[[57]]
780	57	1[[57]]
790	57	1[[57]]
800	57	1[[57]]
810	57	1[[57]]
820	57	1[[57]]
830	57	1[[57]]
840	57	1[[57]]
850	57	1[[57]]
860	57	1[[57]]
870	57	1[[57]]
0	58	1[[58]]
10	58	1[[58]]
20	58	1[[58]]
30	58	1[[58]]
40	58	1[[58]]
50	58	1[[58]]
60	58	1[[58]]
70	58	1[[58]]
80	58	1[[58]]
90	58	1[[58]]
100	58	1[[58]]
110	58	1[[58]]
120	58	1[[58]]
130	58	1[[58]]
140	58	1[[58]]
150	58	1[[58]]
160	58	1[[58]]
170	58	1[[58]]
180	58	1[[58]]
190	58	1[[58]]
200	58	1[[58]]
210	58	1[[58]]
220	58	1[[58]]
230	58	1[[58]]
240	58	1[[58]]
250	58	1[[58]]
260	58	1[[58]]
270	58	1[[58]]
280	58	1[[58]]
290	58	1[[58]]
300	58	1[[58]]
310	58	1[[58]]
320	58	1[[58]]
330	58	1[[58]]
340	58	1[[58]]
350	58	1[[58]]
360	58	1[[58]]
370	58	1[[58]]
380	58	1[[58]]
390	58	1[[58]]
400	58	1[[58]]
410	58	1[[58]]
420	58	1[[58]]
430	58	1[[58]]
440	58	1[[58]]
450	58	1[[58]]
460	58	1[[58]]
470	58	1[[58]]
480	58	1[[58]]
490	58	1[[58]]
500	58	1[[58]]
510	58	1[[58]]
520	58	1[[58]]
530	58	1[[58]]
540	58	1[[58]]
550	58	1[[58]]
560	58	1[[58]]
570	58	1[[58]]
580	58	1[[58]]
590	58	1[[58]]
600	58	1[[58]]
610	58	1[[58]]
620	58	1[[58]]
630	58	1[[58]]
640	58	1[[58]]
650	58	1[[58]]
660	58	1[[58]]
670	58	1[[58]]
680	58	1[[58]]
690	58	1[[58]]
700	58	1[[58]]
710	58	1[[58]]
720	58	1[[58]]
730	58	1[[58]]
740	58	1[[58]]
750	58	1[[58]]
760	58	1[[58]]
770	58	1[[58]]
780	58	1[[58]]
790	58	1[[58]]
800	58	1[[58]]
810	58	1[[58]]
820	58	1[[58]]
830	58	1[[58]]
840	58	1[[58]]
850	58	1[[58]]
860	58	1[[58]]
870	58	1[[58]]
0	59	1[[59]]
10	59	1[[59]]
20	59	1[[59]]
30	59	1[[59]]
40	59	1[[59]]
50	59	1[[59]]
60	59	1[[59]]
70	59	1[[59]]
80	59	1[[59]]
90	59	1[[59]]
100	59	1[[59]]
110	59	1[[59]]
120	59	1[[59]]
130	59	1[[59]]
140	59	1[[59]]
150	59	1[[59]]
160	59	1[[59]]
170	59	1[[59]]
180	59	1[[59]]
190	59	1[[59]]
200	59	1[[59]]
210	59	1[[59]]
220	59	1[[59]]
230	59	1[[59]]
240	59	1[[59]]
250	59	1[[59]]
260	59	1[[59]]
270	59	1[[59]]
280	59	1[[59]]
290	59	1[[59]]
300	59	1[[59]]
310	59	1[[59]]
320	59	1[[59]]
330	59	1[[59]]
340	59	1[[59]]
350	59	1[[59]]
360	59	1[[59]]
370	59	1[[59]]
380	59	1[[59]]
390	59	1[[59]]
400	59	1[[59]]
410	59	1[[59]]
420	59	1[[59]]
430	59	1[[59]]
440	59	1[[59]]
450	59	1[[59]]
460	59	1[[59]]
470	59	1[[59]]
480	59	1[[59]]
490	59	1[[59]]
500	59	1[[59]]
510	59	1[[59]]
520	59	1[[59]]
530	59	1[[59]]
540	59	1[[59]]
550	59	1[[59]]
560	59	1[[59]]
570	59	1[[59]]
580	59	1[[59]]
590	59	1[[59]]
600	59	1[[59]]
610	59	1[[59]]
620	59	1[[59]]
630	59	1[[59]]
640	59	1[[59]]
650	59	1[[59]]
660	59	1[[59]]
670	59	1[[59]]
680	59	1[[59]]
690	59	1[[59]]
700	59	1[[59]]
710	59	1[[59]]
720	59	1[[59]]
730	59	1[[59]]
740	59	1[[59]]
750	59	1[[59]]
760	59	1[[59]]
770	59	1[[59]]
780	59	1[[59]]
790	59	1[[59]]
800	59	1[[59]]
810	59	1[[59]]
820	59	1[[59]]
830	59	1[[59]]
840	59	1[[59]]
850	59	1[[59]]
860	59	1[[59]]
870	59	1[[59]]
0	60	1[[60]]
10	60	1[[60]]
20	60	1[[60]]
30	60	1[[60]]
40	60	1[[60]]
50	60	1[[60]]
60	60	1[[60]]
70	60	1[[60]]
80	60	1[[60]]
90	60	1[[60]]
100	60	1[[60]]
110	60	1[[60]]
120	60	1[[60]]
130	60	1[[60]]
140	60	1[[60]]
150	60	1[[60]]
160	60	1[[60]]
170	60	1[[60]]
180	60	1[[60]]
190	60	1[[60]]
200	60	1[[60]]
210	60	1[[60]]
220	60	1[[60]]
230	60	1[[60]]
240	60	1[[60]]
250	60	1[[60]]
260	60	1[[60]]
270	60	1[[60]]
280	60	1[[60]]
290	60	1[[60]]
300	60	1[[60]]
310	60	1[[60]]
320	60	1[[60]]
330	60	1[[60]]
340	60	1[[60]]
350	60	1[[60]]
360	60	1[[60]]
370	60	1[[60]]
380	60	1[[60]]
390	60	1[[60]]
400	60	1[[60]]
410	60	1[[60]]
420	60	1[[60]]
430	60	1[[60]]
440	60	1[[60]]
450	60	1[[60]]
460	60	1[[60]]
470	60	1[[60]]
480	60	1[[60]]
490	60	1[[60]]
500	60	1[[60]]
510	60	1[[60]]
520	60	1[[60]]
530	60	1[[60]]
540	60	1[[60]]
550	60	1[[60]]
560	60	1[[60]]
570	60	1[[60]]
580	60	1[[60]]
590	60	1[[60]]
600	60	1[[60]]
610	60	1[[60]]
620	60	1[[60]]
630	60	1[[60]]
640	60	1[[60]]
650	60	1[[60]]
660	60	1[[60]]
670	60	1[[60]]
680	60	1[[60]]
690	60	1[[60]]
700	60	1[[60]]
710	60	1[[60]]
720	60	1[[60]]
730	60	1[[60]]
740	60	1[[60]]
750	60	1[[60]]
760	60	1[[60]]
770	60	1[[60]]
780	60	1[[60]]
790	60	1[[60]]
800	60	1[[60]]
810	60	1[[60]]
820	60	1[[60]]
830	60	1[[60]]
840	60	1[[60]]
850	60	1[[60]]
860	60	1[[60]]
870	60	1[[60]]
0	61	1[[61]]
10	61	1[[61]]
20	61	1[[61]]
30	61	1[[61]]
40	61	1[[61]]
50	61	1[[61]]
60	61	1[[61]]
70	61	1[[61]]
80	61	1[[61]]
90	61	1[[61]]
100	61	1[[61]]
110	61	1[[61]]
120	61	1[[61]]
130	61	1[[61]]
140	61	1[[61]]
150	61	1[[61]]
160	61	1[[61]]
170	61	1[[61]]
180	61	1[[61]]
190	61	1[[61]]
200	61	1[[61]]
210	61	1[[61]]
220	61	1[[61]]
230	61	1[[61]]
240	61	1[[61]]
250	61	1[[61]]
260	61	1[[61]]
270	61	1[[61]]
280	61	1[[61]]
290	61	1[[61]]
300	61	1[[61]]
310	61	1[[61]]
320	61	1[[61]]
330	61	1[[61]]
340	61	1[[61]]
350	61	1[[61]]
360	61	1[[61]]
370	61	1[[61]]
380	61	1[[61]]
390	61	1[[61]]
400	61	1[[61]]
410	61	1[[61]]
420	61	1[[61]]
430	61	1[[61]]
440	61	1[[61]]
450	61	1[[61]]
460	61	1[[61]]
470	61	1[[61]]
480	61	1[[61]]
490	61	1[[61]]
500	61	1[[61]]
510	61	1[[61]]
520	61	1[[61]]
530	61	1[[61]]
540	61	1[[61]]
550	61	1[[61]]
560	61	1[[61]]
570	61	1[[61]]
580	61	1[[61]]
590	61	1[[61]]
600	61	1[[61]]
610	61	1[[61]]
620	61	1[[61]]
630	61	1[[61]]
640	61	1[[61]]
650	61	1[[61]]
660	61	1[[61]]
670	61	1[[61]]
680	61	1[[61]]
690	61	1[[61]]
700	61	1[[61]]
710	61	1[[61]]
720	61	1[[61]]
730	61	1[[61]]
740	61	1[[61]]
750	61	1[[61]]
760	61	1[[61]]
770	61	1[[61]]
780	61	1[[61]]
790	61	1[[61]]
800	61	1[[61]]
810	61	1[[61]]
820	61	1[[61]]
830	61	1[[61]]
840	61	1[[61]]
850	61	1[[61]]
860	61	1[[61]]
870	61	1[[61]]
0	62	1[[62]]
10	62	1[[62]]
20	62	1[[62]]
30	62	1[[62]]
40	62	1[[62]]
50	62	1[[62]]
60	62	1[[62]]
70	62	1[[62]]
80	62	1[[62]]
90	62	1[[62]]
100	62	1[[62]]
110	62	1[[62]]
120	62	1[[62]]
130	62	1[[62]]
140	62	1[[62]]
150	62	1[[62]]
160	62	1[[62]]
170	62	1[[62]]
180	62	1[[62]]
190	62	1[[62]]
200	62	1[[62]]
210	62	1[[62]]
220	62	1[[62]]
230	62	1[[62]]
240	62	1[[62]]
250	62	1[[62]]
260	62	1[[62]]
270	62	1[[62]]
280	62	1[[62]]
290	62	1[[62]]
300	62	1[[62]]
310	62	1[[62]]
320	62	1[[62]]
330	62	1[[62]]
340	62	1[[62]]
350	62	1[[62]]
360	62	1[[62]]
370	62	1[[62]]
380	62	1[[62]]
390	62	1[[62]]
400	62	1[[62]]
410	62	1[[62]]
420	62	1[[62]]
430	62	1[[62]]
440	62	1[[62]]
450	62	1[[62]]
460	62	1[[62]]
470	62	1[[62]]
480	62	1[[62]]
490	62	1[[62]]
500	62	1[[62]]
510	62	1[[62]]
520	62	1[[62]]
530	62	1[[62]]
540	62	1[[62]]
550	62	1[[62]]
560	62	1[[62]]
570	62	1[[62]]
580	62	1[[62]]
590	62	1[[62]]
600	62	1[[62]]
610	62	1[[62]]
620	62	1[[62]]
630	62	1[[62]]
640	62	1[[62]]
650	62	1[[62]]
660	62	1[[62]]
670	62	1[[62]]
680	62	1[[62]]
690	62	1[[62]]
700	62	1[[62]]
710	62	1[[62]]
720	62	1[[62]]
730	62	1[[62]]
740	62	1[[62]]
750	62	1[[62]]
760	62	1[[62]]
770	62	1[[62]]
780	62	1[[62]]
790	62	1[[62]]
800	62	1[[62]]
810	62	1[[62]]
820	62	1[[62]]
830	62	1[[62]]
840	62	1[[62]]
850	62	1[[62]]
860	62	1[[62]]
870	62	1[[62]]
0	63	1[[63]]
10	63	1[[63]]
20	63	1[[63]]
30	63	1[[63]]
40	63	1[[63]]
50	63	1[[63]]
60	63	1[[63]]
70	63	1[[63]]
80	63	1[[63]]
90	63	1[[63]]
100	63	1[[63]]
110	63	1[[63]]
120	63	1[[63]]
130	63	1[[63]]
140	63	1[[63]]
150	63	1[[63]]
160	63	1[[63]]
170	63	1[[63]]
180	63	1[[63]]
190	63	1[[63]]
200	63	1[[63]]
210	63	1[[63]]
220	63	1[[63]]
230	63	1[[63]]
240	63	1[[63]]
250	63	1[[63]]
260	63	1[[63]]
270	63	1[[63]]
280	63	1[[63]]
290	63	1[[63]]
300	63	1[[63]]
310	63	1[[63]]
320	63	1[[63]]
330	63	1[[63]]
340	63	1[[63]]
350	63	1[[63]]
360	63	1[[63]]
370	63	1[[63]]
380	63	1[[63]]
390	63	1[[63]]
400	63	1[[63]]
410	63	1[[63]]
420	63	1[[63]]
430	63	1[[63]]
440	63	1[[63]]
450	63	1[[63]]
460	63	1[[63]]
470	63	1[[63]]
480	63	1[[63]]
490	63	1[[63]]
500	63	1[[63]]
510	63	1[[63]]
520	63	1[[63]]
530	63	1[[63]]
540	63	1[[63]]
550	63	1[[63]]
560	63	1[[63]]
570	63	1[[63]]
580	63	1[[63]]
590	63	1[[63]]
600	63	1[[63]]
610	63	1[[63]]
620	63	1[[63]]
630	63	1[[63]]
640	63	1[[63]]
650	63	1[[63]]
660	63	1[[63]]
670	63	1[[63]]
680	63	1[[63]]
690	63	1[[63]]
700	63	1[[63]]
710	63	1[[63]]
720	63	1[[63]]
730	63	1[[63]]
740	63	1[[63]]
750	63	1[[63]]
760	63	1[[63]]
770	63	1[[63]]
780	63	1[[63]]
790	63	1[[63]]
800	63	1[[63]]
810	63	1[[63]]
820	63	1[[63]]
830	63	1[[63]]
840	63	1[[63]]
850	63	1[[63]]
860	63	1[[63]]
870	63	1[[63]]
0	64	1[[64]]
10	64	1[[64]]
20	64	1[[64]]
30	64	1[[64]]
40	64	1[[64]]
50	64	1[[64]]
60	64	1[[64]]
70	64	1[[64]]
80	64	1[[64]]
90	64	1[[64]]
100	64	1[[64]]
110	64	1[[64]]
120	64	1[[64]]
130	64	1[[64]]
140	64	1[[64]]
150	64	1[[64]]
160	64	1[[64]]
170	64	1[[64]]
180	64	1[[64]]
190	64	1[[64]]
200	64	1[[64]]
210	64	1[[64]]
220	64	1[[64]]
230	64	1[[64]]
240	64	1[[64]]
250	64	1[[64]]
260	64	1[[64]]
270	64	1[[64]]
280	64	1[[64]]
290	64	1[[64]]
300	64	1[[64]]
310	64	1[[64]]
320	64	1[[64]]
330	64	1[[64]]
340	64	1[[64]]
350	64	1[[64]]
360	64	1[[64]]
370	64	1[[64]]
380	64	1[[64]]
390	64	1[[64]]
400	64	1[[64]]
410	64	1[[64]]
420	64	1[[64]]
430	64	1[[64]]
440	64	1[[64]]
450	64	1[[64]]
460	64	1[[64]]
470	64	1[[64]]
480	64	1[[64]]
490	64	1[[64]]
500	64	1[[64]]
510	64	1[[64]]
520	64	1[[64]]
530	64	1[[64]]
540	64	1[[64]]
550	64	1[[64]]
560	64	1[[64]]
570	64	1[[64]]
580	64	1[[64]]
590	64	1[[64]]
600	64	1[[64]]
610	64	1[[64]]
620	64	1[[64]]
630	64	1[[64]]
640	64	1[[64]]
650	64	1[[64]]
660	64	1[[64]]
670	64	1[[64]]
680	64	1[[64]]
690	64	1[[64]]
700	64	1[[64]]
710	64	1[[64]]
720	64	1[[64]]
730	64	1[[64]]
740	64	1[[64]]
750	64	1[[64]]
760	64	1[[64]]
770	64	1[[64]]
780	64	1[[64]]
790	64	1[[64]]
800	64	1[[64]]
810	64	1[[64]]
820	64	1[[64]]
830	64	1[[64]]
840	64	1[[64]]
850	64	1[[64]]
860	64	1[[64]]
870	64	1[[64]]
0	65	1[[65]]
10	65	1[[65]]
20	65	1[[65]]
30	65	1[[65]]
40	65	1[[65]]
50	65	1[[65]]
60	65	1[[65]]
70	65	1[[65]]
80	65	1[[65]]
90	65	1[[65]]
100	65	1[[65]]
110	65	1[[65]]
120	65	1[[65]]
130	65	1[[65]]
140	65	1[[65]]
150	65	1[[65]]
160	65	1[[65]]
170	65	1[[65]]
180	65	1[[65]]
190	65	1[[65]]
200	65	1[[65]]
210	65	1[[65]]
220	65	1[[65]]
230	65	1[[65]]
240	65	1[[65]]
250	65	1[[65]]
260	65	1[[65]]
270	65	1[[65]]
280	65	1[[65]]
290	65	1[[65]]
300	65	1[[65]]
310	65	1[[65]]
320	65	1[[65]]
330	65	1[[65]]
340	65	1[[65]]
350	65	1[[65]]
360	65	1[[65]]
370	65	1[[65]]
380	65	1[[65]]
390	65	1[[65]]
400	65	1[[65]]
410	65	1[[65]]
420	65	1[[65]]
430	65	1[[65]]
440	65	1[[65]]
450	65	1[[65]]
460	65	1[[65]]
470	65	1[[65]]
480	65	1[[65]]
490	65	1[[65]]
500	65	1[[65]]
510	65	1[[65]]
520	65	1[[65]]
530	65	1[[65]]
540	65	1[[65]]
550	65	1[[65]]
560	65	1[[65]]
570	65	1[[65]]
580	65	1[[65]]
590	65	1[[65]]
600	65	1[[65]]
610	65	1[[65]]
620	65	1[[65]]
630	65	1[[65]]
640	65	1[[65]]
650	65	1[[65]]
660	65	1[[65]]
670	65	1[[65]]
680	65	1[[65]]
690	65	1[[65]]
700	65	1[[65]]
710	65	1[[65]]
720	65	1[[65]]
730	65	1[[65]]
740	65	1[[65]]
750	65	1[[65]]
760	65	1[[65]]
770	65	1[[65]]
780	65	1[[65]]
790	65	1[[65]]
800	65	1[[65]]
810	65	1[[65]]
820	65	1[[65]]
830	65	1[[65]]
840	65	1[[65]]
850	65	1[[65]]
860	65	1[[65]]
870	65	1[[65]]
0	66	1[[66]]
10	66	1[[66]]
20	66	1[[66]]
30	66	1[[66]]
40	66	1[[66]]
50	66	1[[66]]
60	66	1[[66]]
70	66	1[[66]]
80	66	1[[66]]
90	66	1[[66]]
100	66	1[[66]]
110	66	1[[66]]
120	66	1[[66]]
130	66	1[[66]]
140	66	1[[66]]
150	66	1[[66]]
160	66	1[[66]]
170	66	1[[66]]
180	66	1[[66]]
190	66	1[[66]]
200	66	1[[66]]
210	66	1[[66]]
220	66	1[[66]]
230	66	1[[66]]
240	66	1[[66]]
250	66	1[[66]]
260	66	1[[66]]
270	66	1[[66]]
280	66	1[[66]]
290	66	1[[66]]
300	66	1[[66]]
310	66	1[[66]]
320	66	1[[66]]
330	66	1[[66]]
340	66	1[[66]]
350	66	1[[66]]
360	66	1[[66]]
370	66	1[[66]]
380	66	1[[66]]
390	66	1[[66]]
400	66	1[[66]]
410	66	1[[66]]
420	66	1[[66]]
430	66	1[[66]]
440	66	1[[66]]
450	66	1[[66]]
460	66	1[[66]]
470	66	1[[66]]
480	66	1[[66]]
490	66	1[[66]]
500	66	1[[66]]
510	66	1[[66]]
520	66	1[[66]]
530	66	1[[66]]
540	66	1[[66]]
550	66	1[[66]]
560	66	1[[66]]
570	66	1[[66]]
580	66	1[[66]]
590	66	1[[66]]
600	66	1[[66]]
610	66	1[[66]]
620	66	1[[66]]
630	66	1[[66]]
640	66	1[[66]]
650	66	1[[66]]
660	66	1[[66]]
670	66	1[[66]]
680	66	1[[66]]
690	66	1[[66]]
700	66	1[[66]]
710	66	1[[66]]
720	66	1[[66]]
730	66	1[[66]]
740	66	1[[66]]
750	66	1[[66]]
760	66	1[[66]]
770	66	1[[66]]
780	66	1[[66]]
790	66	1[[66]]
800	66	1[[66]]
810	66	1[[66]]
820	66	1[[66]]
830	66	1[[66]]
840	66	1[[66]]
850	66	1[[66]]
860	66	1[[66]]
870	66	1[[66]]
0	67	1[[67]]
10	67	1[[67]]
20	67	1[[67]]
30	67	1[[67]]
40	67	1[[67]]
50	67	1[[67]]
60	67	1[[67]]
70	67	1[[67]]
80	67	1[[67]]
90	67	1[[67]]
100	67	1[[67]]
110	67	1[[67]]
120	67	1[[67]]
130	67	1[[67]]
140	67	1[[67]]
150	67	1[[67]]
160	67	1[[67]]
170	67	1[[67]]
180	67	1[[67]]
190	67	1[[67]]
200	67	1[[67]]
210	67	1[[67]]
220	67	1[[67]]
230	67	1[[67]]
240	67	1[[67]]
250	67	1[[67]]
260	67	1[[67]]
270	67	1[[67]]
280	67	1[[67]]
290	67	1[[67]]
300	67	1[[67]]
310	67	1[[67]]
320	67	1[[67]]
330	67	1[[67]]
340	67	1[[67]]
350	67	1[[67]]
360	67	1[[67]]
370	67	1[[67]]
380	67	1[[67]]
390	67	1[[67]]
400	67	1[[67]]
410	67	1[[67]]
420	67	1[[67]]
430	67	1[[67]]
440	67	1[[67]]
450	67	1[[67]]
460	67	1[[67]]
470	67	1[[67]]
480	67	1[[67]]
490	67	1[[67]]
500	67	1[[67]]
510	67	1[[67]]
520	67	1[[67]]
530	67	1[[67]]
540	67	1[[67]]
550	67	1[[67]]
560	67	1[[67]]
570	67	1[[67]]
580	67	1[[67]]
590	67	1[[67]]
600	67	1[[67]]
610	67	1[[67]]
620	67	1[[67]]
630	67	1[[67]]
640	67	1[[67]]
650	67	1[[67]]
660	67	1[[67]]
670	67	1[[67]]
680	67	1[[67]]
690	67	1[[67]]
700	67	1[[67]]
710	67	1[[67]]
720	67	1[[67]]
730	67	1[[67]]
740	67	1[[67]]
750	67	1[[67]]
760	67	1[[67]]
770	67	1[[67]]
780	67	1[[67]]
790	67	1[[67]]
800	67	1[[67]]
810	67	1[[67]]
820	67	1[[67]]
830	67	1[[67]]
840	67	1[[67]]
850	67	1[[67]]
860	67	1[[67]]
870	67	1[[67]]
0	68	1[[68]]
10	68	1[[68]]
20	68	1[[68]]
30	68	1[[68]]
40	68	1[[68]]
50	68	1[[68]]
60	68	1[[68]]
70	68	1[[68]]
80	68	1[[68]]
90	68	1[[68]]
100	68	1[[68]]
110	68	1[[68]]
120	68	1[[68]]
130	68	1[[68]]
140	68	1[[68]]
150	68	1[[68]]
160	68	1[[68]]
170	68	1[[68]]
180	68	1[[68]]
190	68	1[[68]]
200	68	1[[68]]
210	68	1[[68]]
220	68	1[[68]]
230	68	1[[68]]
240	68	1[[68]]
250	68	1[[68]]
260	68	1[[68]]
270	68	1[[68]]
280	68	1[[68]]
290	68	1[[68]]
300	68	1[[68]]
310	68	1[[68]]
320	68	1[[68]]
330	68	1[[68]]
340	68	1[[68]]
350	68	1[[68]]
360	68	1[[68]]
370	68	1[[68]]
380	68	1[[68]]
390	68	1[[68]]
400	68	1[[68]]
410	68	1[[68]]
420	68	1[[68]]
430	68	1[[68]]
440	68	1[[68]]
450	68	1[[68]]
460	68	1[[68]]
470	68	1[[68]]
480	68	1[[68]]
490	68	1[[68]]
500	68	1[[68]]
510	68	1[[68]]
520	68	1[[68]]
530	68	1[[68]]
540	68	1[[68]]
550	68	1[[68]]
560	68	1[[68]]
570	68	1[[68]]
580	68	1[[68]]
590	68	1[[68]]
600	68	1[[68]]
610	68	1[[68]]
620	68	1[[68]]
630	68	1[[68]]
640	68	1[[68]]
650	68	1[[68]]
660	68	1[[68]]
670	68	1[[68]]
680	68	1[[68]]
690	68	1[[68]]
700	68	1[[68]]
710	68	1[[68]]
720	68	1[[68]]
730	68	1[[68]]
740	68	1[[68]]
750	68	1[[68]]
760	68	1[[68]]
770	68	1[[68]]
780	68	1[[68]]
790	68	1[[68]]
800	68	1[[68]]
810	68	1[[68]]
820	68	1[[68]]
830	68	1[[68]]
840	68	1[[68]]
850	68	1[[68]]
860	68	1[[68]]
870	68	1[[68]]
0	69	1[[69]]
10	69	1[[69]]
20	69	1[[69]]
30	69	1[[69]]
40	69	1[[69]]
50	69	1[[69]]
60	69	1[[69]]
70	69	1[[69]]
80	69	1[[69]]
90	69	1[[69]]
100	69	1[[69]]
110	69	1[[69]]
120	69	1[[69]]
130	69	1[[69]]
140	69	1[[69]]
150	69	1[[69]]
160	69	1[[69]]
170	69	1[[69]]
180	69	1[[69]]
190	69	1[[69]]
200	69	1[[69]]
210	69	1[[69]]
220	69	1[[69]]
230	69	1[[69]]
240	69	1[[69]]
250	69	1[[69]]
260	69	1[[69]]
270	69	1[[69]]
280	69	1[[69]]
290	69	1[[69]]
300	69	1[[69]]
310	69	1[[69]]
320	69	1[[69]]
330	69	1[[69]]
340	69	1[[69]]
350	69	1[[69]]
360	69	1[[69]]
370	69	1[[69]]
380	69	1[[69]]
390	69	1[[69]]
400	69	1[[69]]
410	69	1[[69]]
420	69	1[[69]]
430	69	1[[69]]
440	69	1[[69]]
450	69	1[[69]]
460	69	1[[69]]
470	69	1[[69]]
480	69	1[[69]]
490	69	1[[69]]
500	69	1[[69]]
510	69	1[[69]]
520	69	1[[69]]
530	69	1[[69]]
540	69	1[[69]]
550	69	1[[69]]
560	69	1[[69]]
570	69	1[[69]]
580	69	1[[69]]
590	69	1[[69]]
600	69	1[[69]]
610	69	1[[69]]
620	69	1[[69]]
630	69	1[[69]]
640	69	1[[69]]
650	69	1[[69]]
660	69	1[[69]]
670	69	1[[69]]
680	69	1[[69]]
690	69	1[[69]]
700	69	1[[69]]
710	69	1[[69]]
720	69	1[[69]]
730	69	1[[69]]
740	69	1[[69]]
750	69	1[[69]]
760	69	1[[69]]
770	69	1[[69]]
780	69	1[[69]]
790	69	1[[69]]
800	69	1[[69]]
810	69	1[[69]]
820	69	1[[69]]
830	69	1[[69]]
840	69	1[[69]]
850	69	1[[69]]
860	69	1[[69]]
870	69	1[[69]]
0	70	1[[70]]
10	70	1[[70]]
20	70	1[[70]]
30	70	1[[70]]
40	70	1[[70]]
50	70	1[[70]]
60	70	1[[70]]
70	70	1[[70]]
80	70	1[[70]]
90	70	1[[70]]
100	70	1[[70]]
110	70	1[[70]]
120	70	1[[70]]
130	70	1[[70]]
140	70	1[[70]]
150	70	1[[70]]
160	70	1[[70]]
170	70	1[[70]]
180	70	1[[70]]
190	70	1[[70]]
200	70	1[[70]]
210	70	1[[70]]
220	70	1[[70]]
230	70	1[[70]]
240	70	1[[70]]
250	70	1[[70]]
260	70	1[[70]]
270	70	1[[70]]
280	70	1[[70]]
290	70	1[[70]]
300	70	1[[70]]
310	70	1[[70]]
320	70	1[[70]]
330	70	1[[70]]
340	70	1[[70]]
350	70	1[[70]]
360	70	1[[70]]
370	70	1[[70]]
380	70	1[[70]]
390	70	1[[70]]
400	70	1[[70]]
410	70	1[[70]]
420	70	1[[70]]
430	70	1[[70]]
440	70	1[[70]]
450	70	1[[70]]
460	70	1[[70]]
470	70	1[[70]]
480	70	1[[70]]
490	70	1[[70]]
500	70	1[[70]]
510	70	1[[70]]
520	70	1[[70]]
530	70	1[[70]]
540	70	1[[70]]
550	70	1[[70]]
560	70	1[[70]]
570	70	1[[70]]
580	70	1[[70]]
590	70	1[[70]]
600	70	1[[70]]
610	70	1[[70]]
620	70	1[[70]]
630	70	1[[70]]
640	70	1[[70]]
650	70	1[[70]]
660	70	1[[70]]
670	70	1[[70]]
680	70	1[[70]]
690	70	1[[70]]
700	70	1[[70]]
710	70	1[[70]]
720	70	1[[70]]
730	70	1[[70]]
740	70	1[[70]]
750	70	1[[70]]
760	70	1[[70]]
770	70	1[[70]]
780	70	1[[70]]
790	70	1[[70]]
800	70	1[[70]]
810	70	1[[70]]
820	70	1[[70]]
830	70	1[[70]]
840	70	1[[70]]
850	70	1[[70]]
860	70	1[[70]]
870	70	1[[70]]
0	71	1[[71]]
10	71	1[[71]]
20	71	1[[71]]
30	71	1[[71]]
40	71	1[[71]]
50	71	1[[71]]
60	71	1[[71]]
70	71	1[[71]]
80	71	1[[71]]
90	71	1[[71]]
100	71	1[[71]]
110	71	1[[71]]
120	71	1[[71]]
130	71	1[[71]]
140	71	1[[71]]
150	71	1[[71]]
160	71	1[[71]]
170	71	1[[71]]
180	71	1[[71]]
190	71	1[[71]]
200	71	1[[71]]
210	71	1[[71]]
220	71	1[[71]]
230	71	1[[71]]
240	71	1[[71]]
250	71	1[[71]]
260	71	1[[71]]
270	71	1[[71]]
280	71	1[[71]]
290	71	1[[71]]
300	71	1[[71]]
310	71	1[[71]]
320	71	1[[71]]
330	71	1[[71]]
340	71	1[[71]]
350	71	1[[71]]
360	71	1[[71]]
370	71	1[[71]]
380	71	1[[71]]
390	71	1[[71]]
400	71	1[[71]]
410	71	1[[71]]
420	71	1[[71]]
430	71	1[[71]]
440	71	1[[71]]
450	71	1[[71]]
460	71	1[[71]]
470	71	1[[71]]
480	71	1[[71]]
490	71	1[[71]]
500	71	1[[71]]
510	71	1[[71]]
520	71	1[[71]]
530	71	1[[71]]
540	71	1[[71]]
550	71	1[[71]]
560	71	1[[71]]
570	71	1[[71]]
580	71	1[[71]]
590	71	1[[71]]
600	71	1[[71]]
610	71	1[[71]]
620	71	1[[71]]
630	71	1[[71]]
640	71	1[[71]]
650	71	1[[71]]
660	71	1[[71]]
670	71	1[[71]]
680	71	1[[71]]
690	71	1[[71]]
700	71	1[[71]]
710	71	1[[71]]
720	71	1[[71]]
730	71	1[[71]]
740	71	1[[71]]
750	71	1[[71]]
760	71	1[[71]]
770	71	1[[71]]
780	71	1[[71]]
790	71	1[[71]]
800	71	1[[71]]
810	71	1[[71]]
820	71	1[[71]]
830	71	1[[71]]
840	71	1[[71]]
850	71	1[[71]]
860	71	1[[71]]
870	71	1[[71]]
0	72	1[[72]]
10	72	1[[72]]
20	72	1[[72]]
30	72	1[[72]]
40	72	1[[72]]
50	72	1[[72]]
60	72	1[[72]]
70	72	1[[72]]
80	72	1[[72]]
90	72	1[[72]]
100	72	1[[72]]
110	72	1[[72]]
120	72	1[[72]]
130	72	1[[72]]
140	72	1[[72]]
150	72	1[[72]]
160	72	1[[72]]
170	72	1[[72]]
180	72	1[[72]]
190	72	1[[72]]
200	72	1[[72]]
210	72	1[[72]]
220	72	1[[72]]
230	72	1[[72]]
240	72	1[[72]]
250	72	1[[72]]
260	72	1[[72]]
270	72	1[[72]]
280	72	1[[72]]
290	72	1[[72]]
300	72	1[[72]]
310	72	1[[72]]
320	72	1[[72]]
330	72	1[[72]]
340	72	1[[72]]
350	72	1[[72]]
360	72	1[[72]]
370	72	1[[72]]
380	72	1[[72]]
390	72	1[[72]]
400	72	1[[72]]
410	72	1[[72]]
420	72	1[[72]]
430	72	1[[72]]
440	72	1[[72]]
450	72	1[[72]]
460	72	1[[72]]
470	72	1[[72]]
480	72	1[[72]]
490	72	1[[72]]
500	72	1[[72]]
510	72	1[[72]]
520	72	1[[72]]
530	72	1[[72]]
540	72	1[[72]]
550	72	1[[72]]
560	72	1[[72]]
570	72	1[[72]]
580	72	1[[72]]
590	72	1[[72]]
600	72	1[[72]]
610	72	1[[72]]
620	72	1[[72]]
630	72	1[[72]]
640	72	1[[72]]
650	72	1[[72]]
660	72	1[[72]]
670	72	1[[72]]
680	72	1[[72]]
690	72	1[[72]]
700	72	1[[72]]
710	72	1[[72]]
720	72	1[[72]]
730	72	1[[72]]
740	72	1[[72]]
750	72	1[[72]]
760	72	1[[72]]
770	72	1[[72]]
780	72	1[[72]]
790	72	1[[72]]
800	72	1[[72]]
810	72	1[[72]]
820	72	1[[72]]
830	72	1[[72]]
840	72	1[[72]]
850	72	1[[72]]
860	72	1[[72]]
870	72	1[[72]]
0	73	1[[73]]
10	73	1[[73]]
20	73	1[[73]]
30	73	1[[73]]
40	73	1[[73]]
50	73	1[[73]]
60	73	1[[73]]
70	73	1[[73]]
80	73	1[[73]]
90	73	1[[73]]
100	73	1[[73]]
110	73	1[[73]]
120	73	1[[73]]
130	73	1[[73]]
140	73	1[[73]]
150	73	1[[73]]
160	73	1[[73]]
170	73	1[[73]]
180	73	1[[73]]
190	73	1[[73]]
200	73	1[[73]]
210	73	1[[73]]
220	73	1[[73]]
230	73	1[[73]]
240	73	1[[73]]
250	73	1[[73]]
260	73	1[[73]]
270	73	1[[73]]
280	73	1[[73]]
290	73	1[[73]]
300	73	1[[73]]
310	73	1[[73]]
320	73	1[[73]]
330	73	1[[73]]
340	73	1[[73]]
350	73	1[[73]]
360	73	1[[73]]
370	73	1[[73]]
380	73	1[[73]]
390	73	1[[73]]
400	73	1[[73]]
410	73	1[[73]]
420	73	1[[73]]
430	73	1[[73]]
440	73	1[[73]]
450	73	1[[73]]
460	73	1[[73]]
470	73	1[[73]]
480	73	1[[73]]
490	73	1[[73]]
500	73	1[[73]]
510	73	1[[73]]
520	73	1[[73]]
530	73	1[[73]]
540	73	1[[73]]
550	73	1[[73]]
560	73	1[[73]]
570	73	1[[73]]
580	73	1[[73]]
590	73	1[[73]]
600	73	1[[73]]
610	73	1[[73]]
620	73	1[[73]]
630	73	1[[73]]
640	73	1[[73]]
650	73	1[[73]]
660	73	1[[73]]
670	73	1[[73]]
680	73	1[[73]]
690	73	1[[73]]
700	73	1[[73]]
710	73	1[[73]]
720	73	1[[73]]
730	73	1[[73]]
740	73	1[[73]]
750	73	1[[73]]
760	73	1[[73]]
770	73	1[[73]]
780	73	1[[73]]
790	73	1[[73]]
800	73	1[[73]]
810	73	1[[73]]
820	73	1[[73]]
830	73	1[[73]]
840	73	1[[73]]
850	73	1[[73]]
860	73	1[[73]]
870	73	1[[73]]
0	74	1[[74]]
10	74	1[[74]]
20	74	1[[74]]
30	74	1[[74]]
40	74	1[[74]]
50	74	1[[74]]
60	74	1[[74]]
70	74	1[[74]]
80	74	1[[74]]
90	74	1[[74]]
100	74	1[[74]]
110	74	1[[74]]
120	74	1[[74]]
130	74	1[[74]]
140	74	1[[74]]
150	74	1[[74]]
160	74	1[[74]]
170	74	1[[74]]
180	74	1[[74]]
190	74	1[[74]]
200	74	1[[74]]
210	74	1[[74]]
220	74	1[[74]]
230	74	1[[74]]
240	74	1[[74]]
250	74	1[[74]]
260	74	1[[74]]
270	74	1[[74]]
280	74	1[[74]]
290	74	1[[74]]
300	74	1[[74]]
310	74	1[[74]]
320	74	1[[74]]
330	74	1[[74]]
340	74	1[[74]]
350	74	1[[74]]
360	74	1[[74]]
370	74	1[[74]]
380	74	1[[74]]
390	74	1[[74]]
400	74	1[[74]]
410	74	1[[74]]
420	74	1[[74]]
430	74	1[[74]]
440	74	1[[74]]
450	74	1[[74]]
460	74	1[[74]]
470	74	1[[74]]
480	74	1[[74]]
490	74	1[[74]]
500	74	1[[74]]
510	74	1[[74]]
520	74	1[[74]]
530	74	1[[74]]
540	74	1[[74]]
550	74	1[[74]]
560	74	1[[74]]
570	74	1[[74]]
580	74	1[[74]]
590	74	1[[74]]
600	74	1[[74]]
610	74	1[[74]]
620	74	1[[74]]
630	74	1[[74]]
640	74	1[[74]]
650	74	1[[74]]
660	74	1[[74]]
670	74	1[[74]]
680	74	1[[74]]
690	74	1[[74]]
700	74	1[[74]]
710	74	1[[74]]
720	74	1[[74]]
730	74	1[[74]]
740	74	1[[74]]
750	74	1[[74]]
760	74	1[[74]]
770	74	1[[74]]
780	74	1[[74]]
790	74	1[[74]]
800	74	1[[74]]
810	74	1[[74]]
820	74	1[[74]]
830	74	1[[74]]
840	74	1[[74]]
850	74	1[[74]]
860	74	1[[74]]
870	74	1[[74]]
0	75	1[[75]]
10	75	1[[75]]
20	75	1[[75]]
30	75	1[[75]]
40	75	1[[75]]
50	75	1[[75]]
60	75	1[[75]]
70	75	1[[75]]
80	75	1[[75]]
90	75	1[[75]]
100	75	1[[75]]
110	75	1[[75]]
120	75	1[[75]]
130	75	1[[75]]
140	75	1[[75]]
150	75	1[[75]]
160	75	1[[75]]
170	75	1[[75]]
180	75	1[[75]]
190	75	1[[75]]
200	75	1[[75]]
210	75	1[[75]]
220	75	1[[75]]
230	75	1[[75]]
240	75	1[[75]]
250	75	1[[75]]
260	75	1[[75]]
270	75	1[[75]]
280	75	1[[75]]
290	75	1[[75]]
300	75	1[[75]]
310	75	1[[75]]
320	75	1[[75]]
330	75	1[[75]]
340	75	1[[75]]
350	75	1[[75]]
360	75	1[[75]]
370	75	1[[75]]
380	75	1[[75]]
390	75	1[[75]]
400	75	1[[75]]
410	75	1[[75]]
420	75	1[[75]]
430	75	1[[75]]
440	75	1[[75]]
450	75	1[[75]]
460	75	1[[75]]
470	75	1[[75]]
480	75	1[[75]]
490	75	1[[75]]
500	75	1[[75]]
510	75	1[[75]]
520	75	1[[75]]
530	75	1[[75]]
540	75	1[[75]]
550	75	1[[75]]
560	75	1[[75]]
570	75	1[[75]]
580	75	1[[75]]
590	75	1[[75]]
600	75	1[[75]]
610	75	1[[75]]
620	75	1[[75]]
630	75	1[[75]]
640	75	1[[75]]
650	75	1[[75]]
660	75	1[[75]]
670	75	1[[75]]
680	75	1[[75]]
690	75	1[[75]]
700	75	1[[75]]
710	75	1[[75]]
720	75	1[[75]]
730	75	1[[75]]
740	75	1[[75]]
750	75	1[[75]]
760	75	1[[75]]
770	75	1[[75]]
780	75	1[[75]]
790	75	1[[75]]
800	75	1[[75]]
810	75	1[[75]]
820	75	1[[75]]
830	75	1[[75]]
840	75	1[[75]]
850	75	1[[75]]
860	75	1[[75]]
870	75	1[[75]]
0	76	1[[76]]
10	76	1[[76]]
20	76	1[[76]]
30	76	1[[76]]
40	76	1[[76]]
50	76	1[[76]]
60	76	1[[76]]
70	76	1[[76]]
80	76	1[[76]]
90	76	1[[76]]
100	76	1[[76]]
110	76	1[[76]]
120	76	1[[76]]
130	76	1[[76]]
140	76	1[[76]]
150	76	1[[76]]
160	76	1[[76]]
170	76	1[[76]]
180	76	1[[76]]
190	76	1[[76]]
200	76	1[[76]]
210	76	1[[76]]
220	76	1[[76]]
230	76	1[[76]]
240	76	1[[76]]
250	76	1[[76]]
260	76	1[[76]]
270	76	1[[76]]
280	76	1[[76]]
290	76	1[[76]]
300	76	1[[76]]
310	76	1[[76]]
320	76	1[[76]]
330	76	1[[76]]
340	76	1[[76]]
350	76	1[[76]]
360	76	1[[76]]
370	76	1[[76]]
380	76	1[[76]]
390	76	1[[76]]
400	76	1[[76]]
410	76	1[[76]]
420	76	1[[76]]
430	76	1[[76]]
440	76	1[[76]]
450	76	1[[76]]
460	76	1[[76]]
470	76	1[[76]]
480	76	1[[76]]
490	76	1[[76]]
500	76	1[[76]]
510	76	1[[76]]
520	76	1[[76]]
530	76	1[[76]]
540	76	1[[76]]
550	76	1[[76]]
560	76	1[[76]]
570	76	1[[76]]
580	76	1[[76]]
590	76	1[[76]]
600	76	1[[76]]
610	76	1[[76]]
620	76	1[[76]]
630	76	1[[76]]
640	76	1[[76]]
650	76	1[[76]]
660	76	1[[76]]
670	76	1[[76]]
680	76	1[[76]]
690	76	1[[76]]
700	76	1[[76]]
710	76	1[[76]]
720	76	1[[76]]
730	76	1[[76]]
740	76	1[[76]]
750	76	1[[76]]
760	76	1[[76]]
770	76	1[[76]]
780	76	1[[76]]
790	76	1[[76]]
800	76	1[[76]]
810	76	1[[76]]
820	76	1[[76]]
830	76	1[[76]]
840	76	1[[76]]
850	76	1[[76]]
860	76	1[[76]]
870	76	1[[76]]
0	77	1[[77]]
10	77	1[[77]]
20	77	1[[77]]
30	77	1[[77]]
40	77	1[[77]]
50	77	1[[77]]
60	77	1[[77]]
70	77	1[[77]]
80	77	1[[77]]
90	77	1[[77]]
100	77	1[[77]]
110	77	1[[77]]
120	77	1[[77]]
130	77	1[[77]]
140	77	1[[77]]
150	77	1[[77]]
160	77	1[[77]]
170	77	1[[77]]
180	77	1[[77]]
190	77	1[[77]]
200	77	1[[77]]
210	77	1[[77]]
220	77	1[[77]]
230	77	1[[77]]
240	77	1[[77]]
250	77	1[[77]]
260	77	1[[77]]
270	77	1[[77]]
280	77	1[[77]]
290	77	1[[77]]
300	77	1[[77]]
310	77	1[[77]]
320	77	1[[77]]
330	77	1[[77]]
340	77	1[[77]]
350	77	1[[77]]
360	77	1[[77]]
370	77	1[[77]]
380	77	1[[77]]
390	77	1[[77]]
400	77	1[[77]]
410	77	1[[77]]
420	77	1[[77]]
430	77	1[[77]]
440	77	1[[77]]
450	77	1[[77]]
460	77	1[[77]]
470	77	1[[77]]
480	77	1[[77]]
490	77	1[[77]]
500	77	1[[77]]
510	77	1[[77]]
520	77	1[[77]]
530	77	1[[77]]
540	77	1[[77]]
550	77	1[[77]]
560	77	1[[77]]
570	77	1[[77]]
580	77	1[[77]]
590	77	1[[77]]
600	77	1[[77]]
610	77	1[[77]]
620	77	1[[77]]
630	77	1[[77]]
640	77	1[[77]]
650	77	1[[77]]
660	77	1[[77]]
670	77	1[[77]]
680	77	1[[77]]
690	77	1[[77]]
700	77	1[[77]]
710	77	1[[77]]
720	77	1[[77]]
730	77	1[[77]]
740	77	1[[77]]
750	77	1[[77]]
760	77	1[[77]]
770	77	1[[77]]
780	77	1[[77]]
790	77	1[[77]]
800	77	1[[77]]
810	77	1[[77]]
820	77	1[[77]]
830	77	1[[77]]
840	77	1[[77]]
850	77	1[[77]]
860	77	1[[77]]
870	77	1[[77]]
0	78	1[[78]]
10	78	1[[78]]
20	78	1[[78]]
30	78	1[[78]]
40	78	1[[78]]
50	78	1[[78]]
60	78	1[[78]]
70	78	1[[78]]
80	78	1[[78]]
90	78	1[[78]]
100	78	1[[78]]
110	78	1[[78]]
120	78	1[[78]]
130	78	1[[78]]
140	78	1[[78]]
150	78	1[[78]]
160	78	1[[78]]
170	78	1[[78]]
180	78	1[[78]]
190	78	1[[78]]
200	78	1[[78]]
210	78	1[[78]]
220	78	1[[78]]
230	78	1[[78]]
240	78	1[[78]]
250	78	1[[78]]
260	78	1[[78]]
270	78	1[[78]]
280	78	1[[78]]
290	78	1[[78]]
300	78	1[[78]]
310	78	1[[78]]
320	78	1[[78]]
330	78	1[[78]]
340	78	1[[78]]
350	78	1[[78]]
360	78	1[[78]]
370	78	1[[78]]
380	78	1[[78]]
390	78	1[[78]]
400	78	1[[78]]
410	78	1[[78]]
420	78	1[[78]]
430	78	1[[78]]
440	78	1[[78]]
450	78	1[[78]]
460	78	1[[78]]
470	78	1[[78]]
480	78	1[[78]]
490	78	1[[78]]
500	78	1[[78]]
510	78	1[[78]]
520	78	1[[78]]
530	78	1[[78]]
540	78	1[[78]]
550	78	1[[78]]
560	78	1[[78]]
570	78	1[[78]]
580	78	1[[78]]
590	78	1[[78]]
600	78	1[[78]]
610	78	1[[78]]
620	78	1[[78]]
630	78	1[[78]]
640	78	1[[78]]
650	78	1[[78]]
660	78	1[[78]]
670	78	1[[78]]
680	78	1[[78]]
690	78	1[[78]]
700	78	1[[78]]
710	78	1[[78]]
720	78	1[[78]]
730	78	1[[78]]
740	78	1[[78]]
750	78	1[[78]]
760	78	1[[78]]
770	78	1[[78]]
780	78	1[[78]]
790	78	1[[78]]
800	78	1[[78]]
810	78	1[[78]]
820	78	1[[78]]
830	78	1[[78]]
840	78	1[[78]]
850	78	1[[78]]
860	78	1[[78]]
870	78	1[[78]]
0	79	1[[79]]
10	79	1[[79]]
20	79	1[[79]]
30	79	1[[79]]
40	79	1[[79]]
50	79	1[[79]]
60	79	1[[79]]
70	79	1[[79]]
80	79	1[[79]]
90	79	1[[79]]
100	79	1[[79]]
110	79	1[[79]]
120	79	1[[79]]
130	79	1[[79]]
140	79	1[[79]]
150	79	1[[79]]
160	79	1[[79]]
170	79	1[[79]]
180	79	1[[79]]
190	79	1[[79]]
200	79	1[[79]]
210	79	1[[79]]
220	79	1[[79]]
230	79	1[[79]]
240	79	1[[79]]
250	79	1[[79]]
260	79	1[[79]]
270	79	1[[79]]
280	79	1[[79]]
290	79	1[[79]]
300	79	1[[79]]
310	79	1[[79]]
320	79	1[[79]]
330	79	1[[79]]
340	79	1[[79]]
350	79	1[[79]]
360	79	1[[79]]
370	79	1[[79]]
380	79	1[[79]]
390	79	1[[79]]
400	79	1[[79]]
410	79	1[[79]]
420	79	1[[79]]
430	79	1[[79]]
440	79	1[[79]]
450	79	1[[79]]
460	79	1[[79]]
470	79	1[[79]]
480	79	1[[79]]
490	79	1[[79]]
500	79	1[[79]]
510	79	1[[79]]
520	79	1[[79]]
530	79	1[[79]]
540	79	1[[79]]
550	79	1[[79]]
560	79	1[[79]]
570	79	1[[79]]
580	79	1[[79]]
590	79	1[[79]]
600	79	1[[79]]
610	79	1[[79]]
620	79	1[[79]]
630	79	1[[79]]
640	79	1[[79]]
650	79	1[[79]]
660	79	1[[79]]
670	79	1[[79]]
680	79	1[[79]]
690	79	1[[79]]
700	79	1[[79]]
710	79	1[[79]]
720	79	1[[79]]
730	79	1[[79]]
740	79	1[[79]]
750	79	1[[79]]
760	79	1[[79]]
770	79	1[[79]]
780	79	1[[79]]
790	79	1[[79]]
800	79	1[[79]]
810	79	1[[79]]
820	79	1[[79]]
830	79	1[[79]]
840	79	1[[79]]
850	79	1[[79]]
860	79	1[[79]]
870	79	1[[79]]
0	80	1[[80]]
10	80	1[[80]]
20	80	1[[80]]
30	80	1[[80]]
40	80	1[[80]]
50	80	1[[80]]
60	80	1[[80]]
70	80	1[[80]]
80	80	1[[80]]
90	80	1[[80]]
100	80	1[[80]]
110	80	1[[80]]
120	80	1[[80]]
130	80	1[[80]]
140	80	1[[80]]
150	80	1[[80]]
160	80	1[[80]]
170	80	1[[80]]
180	80	1[[80]]
190	80	1[[80]]
200	80	1[[80]]
210	80	1[[80]]
220	80	1[[80]]
230	80	1[[80]]
240	80	1[[80]]
250	80	1[[80]]
260	80	1[[80]]
270	80	1[[80]]
280	80	1[[80]]
290	80	1[[80]]
300	80	1[[80]]
310	80	1[[80]]
320	80	1[[80]]
330	80	1[[80]]
340	80	1[[80]]
350	80	1[[80]]
360	80	1[[80]]
370	80	1[[80]]
380	80	1[[80]]
390	80	1[[80]]
400	80	1[[80]]
410	80	1[[80]]
420	80	1[[80]]
430	80	1[[80]]
440	80	1[[80]]
450	80	1[[80]]
460	80	1[[80]]
470	80	1[[80]]
480	80	1[[80]]
490	80	1[[80]]
500	80	1[[80]]
510	80	1[[80]]
520	80	1[[80]]
530	80	1[[80]]
540	80	1[[80]]
550	80	1[[80]]
560	80	1[[80]]
570	80	1[[80]]
580	80	1[[80]]
590	80	1[[80]]
600	80	1[[80]]
610	80	1[[80]]
620	80	1[[80]]
630	80	1[[80]]
640	80	1[[80]]
650	80	1[[80]]
660	80	1[[80]]
670	80	1[[80]]
680	80	1[[80]]
690	80	1[[80]]
700	80	1[[80]]
710	80	1[[80]]
720	80	1[[80]]
730	80	1[[80]]
740	80	1[[80]]
750	80	1[[80]]
760	80	1[[80]]
770	80	1[[80]]
780	80	1[[80]]
790	80	1[[80]]
800	80	1[[80]]
810	80	1[[80]]
820	80	1[[80]]
830	80	1[[80]]
840	80	1[[80]]
850	80	1[[80]]
860	80	1[[80]]
870	80	1[[80]]
0	81	1[[81]]
10	81	1[[81]]
20	81	1[[81]]
30	81	1[[81]]
40	81	1[[81]]
50	81	1[[81]]
60	81	1[[81]]
70	81	1[[81]]
80	81	1[[81]]
90	81	1[[81]]
100	81	1[[81]]
110	81	1[[81]]
120	81	1[[81]]
130	81	1[[81]]
140	81	1[[81]]
150	81	1[[81]]
160	81	1[[81]]
170	81	1[[81]]
180	81	1[[81]]
190	81	1[[81]]
200	81	1[[81]]
210	81	1[[81]]
220	81	1[[81]]
230	81	1[[81]]
240	81	1[[81]]
250	81	1[[81]]
260	81	1[[81]]
270	81	1[[81]]
280	81	1[[81]]
290	81	1[[81]]
300	81	1[[81]]
310	81	1[[81]]
320	81	1[[81]]
330	81	1[[81]]
340	81	1[[81]]
350	81	1[[81]]
360	81	1[[81]]
370	81	1[[81]]
380	81	1[[81]]
390	81	1[[81]]
400	81	1[[81]]
410	81	1[[81]]
420	81	1[[81]]
430	81	1[[81]]
440	81	1[[81]]
450	81	1[[81]]
460	81	1[[81]]
470	81	1[[81]]
480	81	1[[81]]
490	81	1[[81]]
500	81	1[[81]]
510	81	1[[81]]
520	81	1[[81]]
530	81	1[[81]]
540	81	1[[81]]
550	81	1[[81]]
560	81	1[[81]]
570	81	1[[81]]
580	81	1[[81]]
590	81	1[[81]]
600	81	1[[81]]
610	81	1[[81]]
620	81	1[[81]]
630	81	1[[81]]
640	81	1[[81]]
650	81	1[[81]]
660	81	1[[81]]
670	81	1[[81]]
680	81	1[[81]]
690	81	1[[81]]
700	81	1[[81]]
710	81	1[[81]]
720	81	1[[81]]
730	81	1[[81]]
740	81	1[[81]]
750	81	1[[81]]
760	81	1[[81]]
770	81	1[[81]]
780	81	1[[81]]
790	81	1[[81]]
800	81	1[[81]]
810	81	1[[81]]
820	81	1[[81]]
830	81	1[[81]]
840	81	1[[81]]
850	81	1[[81]]
860	81	1[[81]]
870	81	1[[81]]
0	82	1[[82]]
10	82	1[[82]]
20	82	1[[82]]
30	82	1[[82]]
40	82	1[[82]]
50	82	1[[82]]
60	82	1[[82]]
70	82	1[[82]]
80	82	1[[82]]
90	82	1[[82]]
100	82	1[[82]]
110	82	1[[82]]
120	82	1[[82]]
130	82	1[[82]]
140	82	1[[82]]
150	82	1[[82]]
160	82	1[[82]]
170	82	1[[82]]
180	82	1[[82]]
190	82	1[[82]]
200	82	1[[82]]
210	82	1[[82]]
220	82	1[[82]]
230	82	1[[82]]
240	82	1[[82]]
250	82	1[[82]]
260	82	1[[82]]
270	82	1[[82]]
280	82	1[[82]]
290	82	1[[82]]
300	82	1[[82]]
310	82	1[[82]]
320	82	1[[82]]
330	82	1[[82]]
340	82	1[[82]]
350	82	1[[82]]
360	82	1[[82]]
370	82	1[[82]]
380	82	1[[82]]
390	82	1[[82]]
400	82	1[[82]]
410	82	1[[82]]
420	82	1[[82]]
430	82	1[[82]]
440	82	1[[82]]
450	82	1[[82]]
460	82	1[[82]]
470	82	1[[82]]
480	82	1[[82]]
490	82	1[[82]]
500	82	1[[82]]
510	82	1[[82]]
520	82	1[[82]]
530	82	1[[82]]
540	82	1[[82]]
550	82	1[[82]]
560	82	1[[82]]
570	82	1[[82]]
580	82	1[[82]]
590	82	1[[82]]
600	82	1[[82]]
610	82	1[[82]]
620	82	1[[82]]
630	82	1[[82]]
640	82	1[[82]]
650	82	1[[82]]
660	82	1[[82]]
670	82	1[[82]]
680	82	1[[82]]
690	82	1[[82]]
700	82	1[[82]]
710	82	1[[82]]
720	82	1[[82]]
730	82	1[[82]]
740	82	1[[82]]
750	82	1[[82]]
760	82	1[[82]]
770	82	1[[82]]
780	82	1[[82]]
790	82	1[[82]]
800	82	1[[82]]
810	82	1[[82]]
820	82	1[[82]]
830	82	1[[82]]
840	82	1[[82]]
850	82	1[[82]]
860	82	1[[82]]
870	82	1[[82]]
0	83	1[[83]]
10	83	1[[83]]
20	83	1[[83]]
30	83	1[[83]]
40	83	1[[83]]
50	83	1[[83]]
60	83	1[[83]]
70	83	1[[83]]
80	83	1[[83]]
90	83	1[[83]]
100	83	1[[83]]
110	83	1[[83]]
120	83	1[[83]]
130	83	1[[83]]
140	83	1[[83]]
150	83	1[[83]]
160	83	1[[83]]
170	83	1[[83]]
180	83	1[[83]]
190	83	1[[83]]
200	83	1[[83]]
210	83	1[[83]]
220	83	1[[83]]
230	83	1[[83]]
240	83	1[[83]]
250	83	1[[83]]
260	83	1[[83]]
270	83	1[[83]]
280	83	1[[83]]
290	83	1[[83]]
300	83	1[[83]]
310	83	1[[83]]
320	83	1[[83]]
330	83	1[[83]]
340	83	1[[83]]
350	83	1[[83]]
360	83	1[[83]]
370	83	1[[83]]
380	83	1[[83]]
390	83	1[[83]]
400	83	1[[83]]
410	83	1[[83]]
420	83	1[[83]]
430	83	1[[83]]
440	83	1[[83]]
450	83	1[[83]]
460	83	1[[83]]
470	83	1[[83]]
480	83	1[[83]]
490	83	1[[83]]
500	83	1[[83]]
510	83	1[[83]]
520	83	1[[83]]
530	83	1[[83]]
540	83	1[[83]]
550	83	1[[83]]
560	83	1[[83]]
570	83	1[[83]]
580	83	1[[83]]
590	83	1[[83]]
600	83	1[[83]]
610	83	1[[83]]
620	83	1[[83]]
630	83	1[[83]]
640	83	1[[83]]
650	83	1[[83]]
660	83	1[[83]]
670	83	1[[83]]
680	83	1[[83]]
690	83	1[[83]]
700	83	1[[83]]
710	83	1[[83]]
720	83	1[[83]]
730	83	1[[83]]
740	83	1[[83]]
750	83	1[[83]]
760	83	1[[83]]
770	83	1[[83]]
780	83	1[[83]]
790	83	1[[83]]
800	83	1[[83]]
810	83	1[[83]]
820	83	1[[83]]
830	83	1[[83]]
840	83	1[[83]]
850	83	1[[83]]
860	83	1[[83]]
870	83	1[[83]]
0	84	1[[84]]
10	84	1[[84]]
20	84	1[[84]]
30	84	1[[84]]
40	84	1[[84]]
50	84	1[[84]]
60	84	1[[84]]
70	84	1[[84]]
80	84	1[[84]]
90	84	1[[84]]
100	84	1[[84]]
110	84	1[[84]]
120	84	1[[84]]
130	84	1[[84]]
140	84	1[[84]]
150	84	1[[84]]
160	84	1[[84]]
170	84	1[[84]]
180	84	1[[84]]
190	84	1[[84]]
200	84	1[[84]]
210	84	1[[84]]
220	84	1[[84]]
230	84	1[[84]]
240	84	1[[84]]
250	84	1[[84]]
260	84	1[[84]]
270	84	1[[84]]
280	84	1[[84]]
290	84	1[[84]]
300	84	1[[84]]
310	84	1[[84]]
320	84	1[[84]]
330	84	1[[84]]
340	84	1[[84]]
350	84	1[[84]]
360	84	1[[84]]
370	84	1[[84]]
380	84	1[[84]]
390	84	1[[84]]
400	84	1[[84]]
410	84	1[[84]]
420	84	1[[84]]
430	84	1[[84]]
440	84	1[[84]]
450	84	1[[84]]
460	84	1[[84]]
470	84	1[[84]]
480	84	1[[84]]
490	84	1[[84]]
500	84	1[[84]]
510	84	1[[84]]
520	84	1[[84]]
530	84	1[[84]]
540	84	1[[84]]
550	84	1[[84]]
560	84	1[[84]]
570	84	1[[84]]
580	84	1[[84]]
590	84	1[[84]]
600	84	1[[84]]
610	84	1[[84]]
620	84	1[[84]]
630	84	1[[84]]
640	84	1[[84]]
650	84	1[[84]]
660	84	1[[84]]
670	84	1[[84]]
680	84	1[[84]]
690	84	1[[84]]
700	84	1[[84]]
710	84	1[[84]]
720	84	1[[84]]
730	84	1[[84]]
740	84	1[[84]]
750	84	1[[84]]
760	84	1[[84]]
770	84	1[[84]]
780	84	1[[84]]
790	84	1[[84]]
800	84	1[[84]]
810	84	1[[84]]
820	84	1[[84]]
830	84	1[[84]]
840	84	1[[84]]
850	84	1[[84]]
860	84	1[[84]]
870	84	1[[84]]
0	85	1[[85]]
10	85	1[[85]]
20	85	1[[85]]
30	85	1[[85]]
40	85	1[[85]]
50	85	1[[85]]
60	85	1[[85]]
70	85	1[[85]]
80	85	1[[85]]
90	85	1[[85]]
100	85	1[[85]]
110	85	1[[85]]
120	85	1[[85]]
130	85	1[[85]]
140	85	1[[85]]
150	85	1[[85]]
160	85	1[[85]]
170	85	1[[85]]
180	85	1[[85]]
190	85	1[[85]]
200	85	1[[85]]
210	85	1[[85]]
220	85	1[[85]]
230	85	1[[85]]
240	85	1[[85]]
250	85	1[[85]]
260	85	1[[85]]
270	85	1[[85]]
280	85	1[[85]]
290	85	1[[85]]
300	85	1[[85]]
310	85	1[[85]]
320	85	1[[85]]
330	85	1[[85]]
340	85	1[[85]]
350	85	1[[85]]
360	85	1[[85]]
370	85	1[[85]]
380	85	1[[85]]
390	85	1[[85]]
400	85	1[[85]]
410	85	1[[85]]
420	85	1[[85]]
430	85	1[[85]]
440	85	1[[85]]
450	85	1[[85]]
460	85	1[[85]]
470	85	1[[85]]
480	85	1[[85]]
490	85	1[[85]]
500	85	1[[85]]
510	85	1[[85]]
520	85	1[[85]]
530	85	1[[85]]
540	85	1[[85]]
550	85	1[[85]]
560	85	1[[85]]
570	85	1[[85]]
580	85	1[[85]]
590	85	1[[85]]
600	85	1[[85]]
610	85	1[[85]]
620	85	1[[85]]
630	85	1[[85]]
640	85	1[[85]]
650	85	1[[85]]
660	85	1[[85]]
670	85	1[[85]]
680	85	1[[85]]
690	85	1[[85]]
700	85	1[[85]]
710	85	1[[85]]
720	85	1[[85]]
730	85	1[[85]]
740	85	1[[85]]
750	85	1[[85]]
760	85	1[[85]]
770	85	1[[85]]
780	85	1[[85]]
790	85	1[[85]]
800	85	1[[85]]
810	85	1[[85]]
820	85	1[[85]]
830	85	1[[85]]
840	85	1[[85]]
850	85	1[[85]]
860	85	1[[85]]
870	85	1[[85]]
0	86	1[[86]]
10	86	1[[86]]
20	86	1[[86]]
30	86	1[[86]]
40	86	1[[86]]
50	86	1[[86]]
60	86	1[[86]]
70	86	1[[86]]
80	86	1[[86]]
90	86	1[[86]]
100	86	1[[86]]
110	86	1[[86]]
120	86	1[[86]]
130	86	1[[86]]
140	86	1[[86]]
150	86	1[[86]]
160	86	1[[86]]
170	86	1[[86]]
180	86	1[[86]]
190	86	1[[86]]
200	86	1[[86]]
210	86	1[[86]]
220	86	1[[86]]
230	86	1[[86]]
240	86	1[[86]]
250	86	1[[86]]
260	86	1[[86]]
270	86	1[[86]]
280	86	1[[86]]
290	86	1[[86]]
300	86	1[[86]]
310	86	1[[86]]
320	86	1[[86]]
330	86	1[[86]]
340	86	1[[86]]
350	86	1[[86]]
360	86	1[[86]]
370	86	1[[86]]
380	86	1[[86]]
390	86	1[[86]]
400	86	1[[86]]
410	86	1[[86]]
420	86	1[[86]]
430	86	1[[86]]
440	86	1[[86]]
450	86	1[[86]]
460	86	1[[86]]
470	86	1[[86]]
480	86	1[[86]]
490	86	1[[86]]
500	86	1[[86]]
510	86	1[[86]]
520	86	1[[86]]
530	86	1[[86]]
540	86	1[[86]]
550	86	1[[86]]
560	86	1[[86]]
570	86	1[[86]]
580	86	1[[86]]
590	86	1[[86]]
600	86	1[[86]]
610	86	1[[86]]
620	86	1[[86]]
630	86	1[[86]]
640	86	1[[86]]
650	86	1[[86]]
660	86	1[[86]]
670	86	1[[86]]
680	86	1[[86]]
690	86	1[[86]]
700	86	1[[86]]
710	86	1[[86]]
720	86	1[[86]]
730	86	1[[86]]
740	86	1[[86]]
750	86	1[[86]]
760	86	1[[86]]
770	86	1[[86]]
780	86	1[[86]]
790	86	1[[86]]
800	86	1[[86]]
810	86	1[[86]]
820	86	1[[86]]
830	86	1[[86]]
840	86	1[[86]]
850	86	1[[86]]
860	86	1[[86]]
870	86	1[[86]]
0	87	1[[87]]
10	87	1[[87]]
20	87	1[[87]]
30	87	1[[87]]
40	87	1[[87]]
50	87	1[[87]]
60	87	1[[87]]
70	87	1[[87]]
80	87	1[[87]]
90	87	1[[87]]
100	87	1[[87]]
110	87	1[[87]]
120	87	1[[87]]
130	87	1[[87]]
140	87	1[[87]]
150	87	1[[87]]
160	87	1[[87]]
170	87	1[[87]]
180	87	1[[87]]
190	87	1[[87]]
200	87	1[[87]]
210	87	1[[87]]
220	87	1[[87]]
230	87	1[[87]]
240	87	1[[87]]
250	87	1[[87]]
260	87	1[[87]]
270	87	1[[87]]
280	87	1[[87]]
290	87	1[[87]]
300	87	1[[87]]
310	87	1[[87]]
320	87	1[[87]]
330	87	1[[87]]
340	87	1[[87]]
350	87	1[[87]]
360	87	1[[87]]
370	87	1[[87]]
380	87	1[[87]]
390	87	1[[87]]
400	87	1[[87]]
410	87	1[[87]]
420	87	1[[87]]
430	87	1[[87]]
440	87	1[[87]]
450	87	1[[87]]
460	87	1[[87]]
470	87	1[[87]]
480	87	1[[87]]
490	87	1[[87]]
500	87	1[[87]]
510	87	1[[87]]
520	87	1[[87]]
530	87	1[[87]]
540	87	1[[87]]
550	87	1[[87]]
560	87	1[[87]]
570	87	1[[87]]
580	87	1[[87]]
590	87	1[[87]]
600	87	1[[87]]
610	87	1[[87]]
620	87	1[[87]]
630	87	1[[87]]
640	87	1[[87]]
650	87	1[[87]]
660	87	1[[87]]
670	87	1[[87]]
680	87	1[[87]]
690	87	1[[87]]
700	87	1[[87]]
710	87	1[[87]]
720	87	1[[87]]
730	87	1[[87]]
740	87	1[[87]]
750	87	1[[87]]
760	87	1[[87]]
770	87	1[[87]]
780	87	1[[87]]
790	87	1[[87]]
800	87	1[[87]]
810	87	1[[87]]
820	87	1[[87]]
830	87	1[[87]]
840	87	1[[87]]
850	87	1[[87]]
860	87	1[[87]]
870	87	1[[87]]
0	88	1[[88]]
10	88	1[[88]]
20	88	1[[88]]
30	88	1[[88]]
40	88	1[[88]]
50	88	1[[88]]
60	88	1[[88]]
70	88	1[[88]]
80	88	1[[88]]
90	88	1[[88]]
100	88	1[[88]]
110	88	1[[88]]
120	88	1[[88]]
130	88	1[[88]]
140	88	1[[88]]
150	88	1[[88]]
160	88	1[[88]]
170	88	1[[88]]
180	88	1[[88]]
190	88	1[[88]]
200	88	1[[88]]
210	88	1[[88]]
220	88	1[[88]]
230	88	1[[88]]
240	88	1[[88]]
250	88	1[[88]]
260	88	1[[88]]
270	88	1[[88]]
280	88	1[[88]]
290	88	1[[88]]
300	88	1[[88]]
310	88	1[[88]]
320	88	1[[88]]
330	88	1[[88]]
340	88	1[[88]]
350	88	1[[88]]
360	88	1[[88]]
370	88	1[[88]]
380	88	1[[88]]
390	88	1[[88]]
400	88	1[[88]]
410	88	1[[88]]
420	88	1[[88]]
430	88	1[[88]]
440	88	1[[88]]
450	88	1[[88]]
460	88	1[[88]]
470	88	1[[88]]
480	88	1[[88]]
490	88	1[[88]]
500	88	1[[88]]
510	88	1[[88]]
520	88	1[[88]]
530	88	1[[88]]
540	88	1[[88]]
550	88	1[[88]]
560	88	1[[88]]
570	88	1[[88]]
580	88	1[[88]]
590	88	1[[88]]
600	88	1[[88]]
610	88	1[[88]]
620	88	1[[88]]
630	88	1[[88]]
640	88	1[[88]]
650	88	1[[88]]
660	88	1[[88]]
670	88	1[[88]]
680	88	1[[88]]
690	88	1[[88]]
700	88	1[[88]]
710	88	1[[88]]
720	88	1[[88]]
730	88	1[[88]]
740	88	1[[88]]
750	88	1[[88]]
760	88	1[[88]]
770	88	1[[88]]
780	88	1[[88]]
790	88	1[[88]]
800	88	1[[88]]
810	88	1[[88]]
820	88	1[[88]]
830	88	1[[88]]
840	88	1[[88]]
850	88	1[[88]]
860	88	1[[88]]
870	88	1[[88]]
0	89	1[[89]]
10	89	1[[89]]
20	89	1[[89]]
30	89	1[[89]]
40	89	1[[89]]
50	89	1[[89]]
60	89	1[[89]]
70	89	1[[89]]
80	89	1[[89]]
90	89	1[[89]]
100	89	1[[89]]
110	89	1[[89]]
120	89	1[[89]]
130	89	1[[89]]
140	89	1[[89]]
150	89	1[[89]]
160	89	1[[89]]
170	89	1[[89]]
180	89	1[[89]]
190	89	1[[89]]
200	89	1[[89]]
210	89	1[[89]]
220	89	1[[89]]
230	89	1[[89]]
240	89	1[[89]]
250	89	1[[89]]
260	89	1[[89]]
270	89	1[[89]]
280	89	1[[89]]
290	89	1[[89]]
300	89	1[[89]]
310	89	1[[89]]
320	89	1[[89]]
330	89	1[[89]]
340	89	1[[89]]
350	89	1[[89]]
360	89	1[[89]]
370	89	1[[89]]
380	89	1[[89]]
390	89	1[[89]]
400	89	1[[89]]
410	89	1[[89]]
420	89	1[[89]]
430	89	1[[89]]
440	89	1[[89]]
450	89	1[[89]]
460	89	1[[89]]
470	89	1[[89]]
480	89	1[[89]]
490	89	1[[89]]
500	89	1[[89]]
510	89	1[[89]]
520	89	1[[89]]
530	89	1[[89]]
540	89	1[[89]]
550	89	1[[89]]
560	89	1[[89]]
570	89	1[[89]]
580	89	1[[89]]
590	89	1[[89]]
600	89	1[[89]]
610	89	1[[89]]
620	89	1[[89]]
630	89	1[[89]]
640	89	1[[89]]
650	89	1[[89]]
660	89	1[[89]]
670	89	1[[89]]
680	89	1[[89]]
690	89	1[[89]]
700	89	1[[89]]
710	89	1[[89]]
720	89	1[[89]]
730	89	1[[89]]
740	89	1[[89]]
750	89	1[[89]]
760	89	1[[89]]
770	89	1[[89]]
780	89	1[[89]]
790	89	1[[89]]
800	89	1[[89]]
810	89	1[[89]]
820	89	1[[89]]
830	89	1[[89]]
840	89	1[[89]]
850	89	1[[89]]
860	89	1[[89]]
870	89	1[[89]]
0	90	1[[90]]
10	90	1[[90]]
20	90	1[[90]]
30	90	1[[90]]
40	90	1[[90]]
50	90	1[[90]]
60	90	1[[90]]
70	90	1[[90]]
80	90	1[[90]]
90	90	1[[90]]
100	90	1[[90]]
110	90	1[[90]]
120	90	1[[90]]
130	90	1[[90]]
140	90	1[[90]]
150	90	1[[90]]
160	90	1[[90]]
170	90	1[[90]]
180	90	1[[90]]
190	90	1[[90]]
200	90	1[[90]]
210	90	1[[90]]
220	90	1[[90]]
230	90	1[[90]]
240	90	1[[90]]
250	90	1[[90]]
260	90	1[[90]]
270	90	1[[90]]
280	90	1[[90]]
290	90	1[[90]]
300	90	1[[90]]
310	90	1[[90]]
320	90	1[[90]]
330	90	1[[90]]
340	90	1[[90]]
350	90	1[[90]]
360	90	1[[90]]
370	90	1[[90]]
380	90	1[[90]]
390	90	1[[90]]
400	90	1[[90]]
410	90	1[[90]]
420	90	1[[90]]
430	90	1[[90]]
440	90	1[[90]]
450	90	1[[90]]
460	90	1[[90]]
470	90	1[[90]]
480	90	1[[90]]
490	90	1[[90]]
500	90	1[[90]]
510	90	1[[90]]
520	90	1[[90]]
530	90	1[[90]]
540	90	1[[90]]
550	90	1[[90]]
560	90	1[[90]]
570	90	1[[90]]
580	90	1[[90]]
590	90	1[[90]]
600	90	1[[90]]
610	90	1[[90]]
620	90	1[[90]]
630	90	1[[90]]
640	90	1[[90]]
650	90	1[[90]]
660	90	1[[90]]
670	90	1[[90]]
680	90	1[[90]]
690	90	1[[90]]
700	90	1[[90]]
710	90	1[[90]]
720	90	1[[90]]
730	90	1[[90]]
740	90	1[[90]]
750	90	1[[90]]
760	90	1[[90]]
770	90	1[[90]]
780	90	1[[90]]
790	90	1[[90]]
800	90	1[[90]]
810	90	1[[90]]
820	90	1[[90]]
830	90	1[[90]]
840	90	1[[90]]
850	90	1[[90]]
860	90	1[[90]]
870	90	1[[90]]
0	91	1[[91]]
10	91	1[[91]]
20	91	1[[91]]
30	91	1[[91]]
40	91	1[[91]]
50	91	1[[91]]
60	91	1[[91]]
70	91	1[[91]]
80	91	1[[91]]
90	91	1[[91]]
100	91	1[[91]]
110	91	1[[91]]
120	91	1[[91]]
130	91	1[[91]]
140	91	1[[91]]
150	91	1[[91]]
160	91	1[[91]]
170	91	1[[91]]
180	91	1[[91]]
190	91	1[[91]]
200	91	1[[91]]
210	91	1[[91]]
220	91	1[[91]]
230	91	1[[91]]
240	91	1[[91]]
250	91	1[[91]]
260	91	1[[91]]
270	91	1[[91]]
280	91	1[[91]]
290	91	1[[91]]
300	91	1[[91]]
310	91	1[[91]]
320	91	1[[91]]
330	91	1[[91]]
340	91	1[[91]]
350	91	1[[91]]
360	91	1[[91]]
370	91	1[[91]]
380	91	1[[91]]
390	91	1[[91]]
400	91	1[[91]]
410	91	1[[91]]
420	91	1[[91]]
430	91	1[[91]]
440	91	1[[91]]
450	91	1[[91]]
460	91	1[[91]]
470	91	1[[91]]
480	91	1[[91]]
490	91	1[[91]]
500	91	1[[91]]
510	91	1[[91]]
520	91	1[[91]]
530	91	1[[91]]
540	91	1[[91]]
550	91	1[[91]]
560	91	1[[91]]
570	91	1[[91]]
580	91	1[[91]]
590	91	1[[91]]
600	91	1[[91]]
610	91	1[[91]]
620	91	1[[91]]
630	91	1[[91]]
640	91	1[[91]]
650	91	1[[91]]
660	91	1[[91]]
670	91	1[[91]]
680	91	1[[91]]
690	91	1[[91]]
700	91	1[[91]]
710	91	1[[91]]
720	91	1[[91]]
730	91	1[[91]]
740	91	1[[91]]
750	91	1[[91]]
760	91	1[[91]]
770	91	1[[91]]
780	91	1[[91]]
790	91	1[[91]]
800	91	1[[91]]
810	91	1[[91]]
820	91	1[[91]]
830	91	1[[91]]
840	91	1[[91]]
850	91	1[[91]]
860	91	1[[91]]
870	91	1[[91]]
0	92	1[[92]]
10	92	1[[92]]
20	92	1[[92]]
30	92	1[[92]]
40	92	1[[92]]
50	92	1[[92]]
60	92	1[[92]]
70	92	1[[92]]
80	92	1[[92]]
90	92	1[[92]]
100	92	1[[92]]
110	92	1[[92]]
120	92	1[[92]]
130	92	1[[92]]
140	92	1[[92]]
150	92	1[[92]]
160	92	1[[92]]
170	92	1[[92]]
180	92	1[[92]]
190	92	1[[92]]
200	92	1[[92]]
210	92	1[[92]]
220	92	1[[92]]
230	92	1[[92]]
240	92	1[[92]]
250	92	1[[92]]
260	92	1[[92]]
270	92	1[[92]]
280	92	1[[92]]
290	92	1[[92]]
300	92	1[[92]]
310	92	1[[92]]
320	92	1[[92]]
330	92	1[[92]]
340	92	1[[92]]
350	92	1[[92]]
360	92	1[[92]]
370	92	1[[92]]
380	92	1[[92]]
390	92	1[[92]]
400	92	1[[92]]
410	92	1[[92]]
420	92	1[[92]]
430	92	1[[92]]
440	92	1[[92]]
450	92	1[[92]]
460	92	1[[92]]
470	92	1[[92]]
480	92	1[[92]]
490	92	1[[92]]
500	92	1[[92]]
510	92	1[[92]]
520	92	1[[92]]
530	92	1[[92]]
540	92	1[[92]]
550	92	1[[92]]
560	92	1[[92]]
570	92	1[[92]]
580	92	1[[92]]
590	92	1[[92]]
600	92	1[[92]]
610	92	1[[92]]
620	92	1[[92]]
630	92	1[[92]]
640	92	1[[92]]
650	92	1[[92]]
660	92	1[[92]]
670	92	1[[92]]
680	92	1[[92]]
690	92	1[[92]]
700	92	1[[92]]
710	92	1[[92]]
720	92	1[[92]]
730	92	1[[92]]
740	92	1[[92]]
750	92	1[[92]]
760	92	1[[92]]
770	92	1[[92]]
780	92	1[[92]]
790	92	1[[92]]
800	92	1[[92]]
810	92	1[[92]]
820	92	1[[92]]
830	92	1[[92]]
840	92	1[[92]]
850	92	1[[92]]
860	92	1[[92]]
870	92	1[[92]]
0	93	1[[93]]
10	93	1[[93]]
20	93	1[[93]]
30	93	1[[93]]
40	93	1[[93]]
50	93	1[[93]]
60	93	1[[93]]
70	93	1[[93]]
80	93	1[[93]]
90	93	1[[93]]
100	93	1[[93]]
110	93	1[[93]]
120	93	1[[93]]
130	93	1[[93]]
140	93	1[[93]]
150	93	1[[93]]
160	93	1[[93]]
170	93	1[[93]]
180	93	1[[93]]
190	93	1[[93]]
200	93	1[[93]]
210	93	1[[93]]
220	93	1[[93]]
230	93	1[[93]]
240	93	1[[93]]
250	93	1[[93]]
260	93	1[[93]]
270	93	1[[93]]
280	93	1[[93]]
290	93	1[[93]]
300	93	1[[93]]
310	93	1[[93]]
320	93	1[[93]]
330	93	1[[93]]
340	93	1[[93]]
350	93	1[[93]]
360	93	1[[93]]
370	93	1[[93]]
380	93	1[[93]]
390	93	1[[93]]
400	93	1[[93]]
410	93	1[[93]]
420	93	1[[93]]
430	93	1[[93]]
440	93	1[[93]]
450	93	1[[93]]
460	93	1[[93]]
470	93	1[[93]]
480	93	1[[93]]
490	93	1[[93]]
500	93	1[[93]]
510	93	1[[93]]
520	93	1[[93]]
530	93	1[[93]]
540	93	1[[93]]
550	93	1[[93]]
560	93	1[[93]]
570	93	1[[93]]
580	93	1[[93]]
590	93	1[[93]]
600	93	1[[93]]
610	93	1[[93]]
620	93	1[[93]]
630	93	1[[93]]
640	93	1[[93]]
650	93	1[[93]]
660	93	1[[93]]
670	93	1[[93]]
680	93	1[[93]]
690	93	1[[93]]
700	93	1[[93]]
710	93	1[[93]]
720	93	1[[93]]
730	93	1[[93]]
740	93	1[[93]]
750	93	1[[93]]
760	93	1[[93]]
770	93	1[[93]]
780	93	1[[93]]
790	93	1[[93]]
800	93	1[[93]]
810	93	1[[93]]
820	93	1[[93]]
830	93	1[[93]]
840	93	1[[93]]
850	93	1[[93]]
860	93	1[[93]]
870	93	1[[93]]
0	94	1[[94]]
10	94	1[[94]]
20	94	1[[94]]
30	94	1[[94]]
40	94	1[[94]]
50	94	1[[94]]
60	94	1[[94]]
70	94	1[[94]]
80	94	1[[94]]
90	94	1[[94]]
100	94	1[[94]]
110	94	1[[94]]
120	94	1[[94]]
130	94	1[[94]]
140	94	1[[94]]
150	94	1[[94]]
160	94	1[[94]]
170	94	1[[94]]
180	94	1[[94]]
190	94	1[[94]]
200	94	1[[94]]
210	94	1[[94]]
220	94	1[[94]]
230	94	1[[94]]
240	94	1[[94]]
250	94	1[[94]]
260	94	1[[94]]
270	94	1[[94]]
280	94	1[[94]]
290	94	1[[94]]
300	94	1[[94]]
310	94	1[[94]]
320	94	1[[94]]
330	94	1[[94]]
340	94	1[[94]]
350	94	1[[94]]
360	94	1[[94]]
370	94	1[[94]]
380	94	1[[94]]
390	94	1[[94]]
400	94	1[[94]]
410	94	1[[94]]
420	94	1[[94]]
430	94	1[[94]]
440	94	1[[94]]
450	94	1[[94]]
460	94	1[[94]]
470	94	1[[94]]
480	94	1[[94]]
490	94	1[[94]]
500	94	1[[94]]
510	94	1[[94]]
520	94	1[[94]]
530	94	1[[94]]
540	94	1[[94]]
550	94	1[[94]]
560	94	1[[94]]
570	94	1[[94]]
580	94	1[[94]]
590	94	1[[94]]
600	94	1[[94]]
610	94	1[[94]]
620	94	1[[94]]
630	94	1[[94]]
640	94	1[[94]]
650	94	1[[94]]
660	94	1[[94]]
670	94	1[[94]]
680	94	1[[94]]
690	94	1[[94]]
700	94	1[[94]]
710	94	1[[94]]
720	94	1[[94]]
730	94	1[[94]]
740	94	1[[94]]
750	94	1[[94]]
760	94	1[[94]]
770	94	1[[94]]
780	94	1[[94]]
790	94	1[[94]]
800	94	1[[94]]
810	94	1[[94]]
820	94	1[[94]]
830	94	1[[94]]
840	94	1[[94]]
850	94	1[[94]]
860	94	1[[94]]
870	94	1[[94]]
0	95	1[[95]]
10	95	1[[95]]
20	95	1[[95]]
30	95	1[[95]]
40	95	1[[95]]
50	95	1[[95]]
60	95	1[[95]]
70	95	1[[95]]
80	95	1[[95]]
90	95	1[[95]]
100	95	1[[95]]
110	95	1[[95]]
120	95	1[[95]]
130	95	1[[95]]
140	95	1[[95]]
150	95	1[[95]]
160	95	1[[95]]
170	95	1[[95]]
180	95	1[[95]]
190	95	1[[95]]
200	95	1[[95]]
210	95	1[[95]]
220	95	1[[95]]
230	95	1[[95]]
240	95	1[[95]]
250	95	1[[95]]
260	95	1[[95]]
270	95	1[[95]]
280	95	1[[95]]
290	95	1[[95]]
300	95	1[[95]]
310	95	1[[95]]
320	95	1[[95]]
330	95	1[[95]]
340	95	1[[95]]
350	95	1[[95]]
360	95	1[[95]]
370	95	1[[95]]
380	95	1[[95]]
390	95	1[[95]]
400	95	1[[95]]
410	95	1[[95]]
420	95	1[[95]]
430	95	1[[95]]
440	95	1[[95]]
450	95	1[[95]]
460	95	1[[95]]
470	95	1[[95]]
480	95	1[[95]]
490	95	1[[95]]
500	95	1[[95]]
510	95	1[[95]]
520	95	1[[95]]
530	95	1[[95]]
540	95	1[[95]]
550	95	1[[95]]
560	95	1[[95]]
570	95	1[[95]]
580	95	1[[95]]
590	95	1[[95]]
600	95	1[[95]]
610	95	1[[95]]
620	95	1[[95]]
630	95	1[[95]]
640	95	1[[95]]
650	95	1[[95]]
660	95	1[[95]]
670	95	1[[95]]
680	95	1[[95]]
690	95	1[[95]]
700	95	1[[95]]
710	95	1[[95]]
720	95	1[[95]]
730	95	1[[95]]
740	95	1[[95]]
750	95	1[[95]]
760	95	1[[95]]
770	95	1[[95]]
780	95	1[[95]]
790	95	1[[95]]
800	95	1[[95]]
810	95	1[[95]]
820	95	1[[95]]
830	95	1[[95]]
840	95	1[[95]]
850	95	1[[95]]
860	95	1[[95]]
870	95	1[[95]]
0	96	1[[96]]
10	96	1[[96]]
20	96	1[[96]]
30	96	1[[96]]
40	96	1[[96]]
50	96	1[[96]]
60	96	1[[96]]
70	96	1[[96]]
80	96	1[[96]]
90	96	1[[96]]
100	96	1[[96]]
110	96	1[[96]]
120	96	1[[96]]
130	96	1[[96]]
140	96	1[[96]]
150	96	1[[96]]
160	96	1[[96]]
170	96	1[[96]]
180	96	1[[96]]
190	96	1[[96]]
200	96	1[[96]]
210	96	1[[96]]
220	96	1[[96]]
230	96	1[[96]]
240	96	1[[96]]
250	96	1[[96]]
260	96	1[[96]]
270	96	1[[96]]
280	96	1[[96]]
290	96	1[[96]]
300	96	1[[96]]
310	96	1[[96]]
320	96	1[[96]]
330	96	1[[96]]
340	96	1[[96]]
350	96	1[[96]]
360	96	1[[96]]
370	96	1[[96]]
380	96	1[[96]]
390	96	1[[96]]
400	96	1[[96]]
410	96	1[[96]]
420	96	1[[96]]
430	96	1[[96]]
440	96	1[[96]]
450	96	1[[96]]
460	96	1[[96]]
470	96	1[[96]]
480	96	1[[96]]
490	96	1[[96]]
500	96	1[[96]]
510	96	1[[96]]
520	96	1[[96]]
530	96	1[[96]]
540	96	1[[96]]
550	96	1[[96]]
560	96	1[[96]]
570	96	1[[96]]
580	96	1[[96]]
590	96	1[[96]]
600	96	1[[96]]
610	96	1[[96]]
620	96	1[[96]]
630	96	1[[96]]
640	96	1[[96]]
650	96	1[[96]]
660	96	1[[96]]
670	96	1[[96]]
680	96	1[[96]]
690	96	1[[96]]
700	96	1[[96]]
710	96	1[[96]]
720	96	1[[96]]
730	96	1[[96]]
740	96	1[[96]]
750	96	1[[96]]
760	96	1[[96]]
770	96	1[[96]]
780	96	1[[96]]
790	96	1[[96]]
800	96	1[[96]]
810	96	1[[96]]
820	96	1[[96]]
830	96	1[[96]]
840	96	1[[96]]
850	96	1[[96]]
860	96	1[[96]]
870	96	1[[96]]
0	97	1[[97]]
10	97	1[[97]]
20	97	1[[97]]
30	97	1[[97]]
40	97	1[[97]]
50	97	1[[97]]
60	97	1[[97]]
70	97	1[[97]]
80	97	1[[97]]
90	97	1[[97]]
100	97	1[[97]]
110	97	1[[97]]
120	97	1[[97]]
130	97	1[[97]]
140	97	1[[97]]
150	97	1[[97]]
160	97	1[[97]]
170	97	1[[97]]
180	97	1[[97]]
190	97	1[[97]]
200	97	1[[97]]
210	97	1[[97]]
220	97	1[[97]]
230	97	1[[97]]
240	97	1[[97]]
250	97	1[[97]]
260	97	1[[97]]
270	97	1[[97]]
280	97	1[[97]]
290	97	1[[97]]
300	97	1[[97]]
310	97	1[[97]]
320	97	1[[97]]
330	97	1[[97]]
340	97	1[[97]]
350	97	1[[97]]
360	97	1[[97]]
370	97	1[[97]]
380	97	1[[97]]
390	97	1[[97]]
400	97	1[[97]]
410	97	1[[97]]
420	97	1[[97]]
430	97	1[[97]]
440	97	1[[97]]
450	97	1[[97]]
460	97	1[[97]]
470	97	1[[97]]
480	97	1[[97]]
490	97	1[[97]]
500	97	1[[97]]
510	97	1[[97]]
520	97	1[[97]]
530	97	1[[97]]
540	97	1[[97]]
550	97	1[[97]]
560	97	1[[97]]
570	97	1[[97]]
580	97	1[[97]]
590	97	1[[97]]
600	97	1[[97]]
610	97	1[[97]]
620	97	1[[97]]
630	97	1[[97]]
640	97	1[[97]]
650	97	1[[97]]
660	97	1[[97]]
670	97	1[[97]]
680	97	1[[97]]
690	97	1[[97]]
700	97	1[[97]]
710	97	1[[97]]
720	97	1[[97]]
730	97	1[[97]]
740	97	1[[97]]
750	97	1[[97]]
760	97	1[[97]]
770	97	1[[97]]
780	97	1[[97]]
790	97	1[[97]]
800	97	1[[97]]
810	97	1[[97]]
820	97	1[[97]]
830	97	1[[97]]
840	97	1[[97]]
850	97	1[[97]]
860	97	1[[97]]
870	97	1[[97]]
0	98	1[[98]]
10	98	1[[98]]
20	98	1[[98]]
30	98	1[[98]]
40	98	1[[98]]
50	98	1[[98]]
60	98	1[[98]]
70	98	1[[98]]
80	98	1[[98]]
90	98	1[[98]]
100	98	1[[98]]
110	98	1[[98]]
120	98	1[[98]]
130	98	1[[98]]
140	98	1[[98]]
150	98	1[[98]]
160	98	1[[98]]
170	98	1[[98]]
180	98	1[[98]]
190	98	1[[98]]
200	98	1[[98]]
210	98	1[[98]]
220	98	1[[98]]
230	98	1[[98]]
240	98	1[[98]]
250	98	1[[98]]
260	98	1[[98]]
270	98	1[[98]]
280	98	1[[98]]
290	98	1[[98]]
300	98	1[[98]]
310	98	1[[98]]
320	98	1[[98]]
330	98	1[[98]]
340	98	1[[98]]
350	98	1[[98]]
360	98	1[[98]]
370	98	1[[98]]
380	98	1[[98]]
390	98	1[[98]]
400	98	1[[98]]
410	98	1[[98]]
420	98	1[[98]]
430	98	1[[98]]
440	98	1[[98]]
450	98	1[[98]]
460	98	1[[98]]
470	98	1[[98]]
480	98	1[[98]]
490	98	1[[98]]
500	98	1[[98]]
510	98	1[[98]]
520	98	1[[98]]
530	98	1[[98]]
540	98	1[[98]]
550	98	1[[98]]
560	98	1[[98]]
570	98	1[[98]]
580	98	1[[98]]
590	98	1[[98]]
600	98	1[[98]]
610	98	1[[98]]
620	98	1[[98]]
630	98	1[[98]]
640	98	1[[98]]
650	98	1[[98]]
660	98	1[[98]]
670	98	1[[98]]
680	98	1[[98]]
690	98	1[[98]]
700	98	1[[98]]
710	98	1[[98]]
720	98	1[[98]]
730	98	1[[98]]
740	98	1[[98]]
750	98	1[[98]]
760	98	1[[98]]
770	98	1[[98]]
780	98	1[[98]]
790	98	1[[98]]
800	98	1[[98]]
810	98	1[[98]]
820	98	1[[98]]
830	98	1[[98]]
840	98	1[[98]]
850	98	1[[98]]
860	98	1[[98]]
870	98	1[[98]]
0	99	1[[99]]
10	99	1[[99]]
20	99	1[[99]]
30	99	1[[99]]
40	99	1[[99]]
50	99	1[[99]]
60	99	1[[99]]
70	99	1[[99]]
80	99	1[[99]]
90	99	1[[99]]
100	99	1[[99]]
110	99	1[[99]]
120	99	1[[99]]
130	99	1[[99]]
140	99	1[[99]]
150	99	1[[99]]
160	99	1[[99]]
170	99	1[[99]]
180	99	1[[99]]
190	99	1[[99]]
200	99	1[[99]]
210	99	1[[99]]
220	99	1[[99]]
230	99	1[[99]]
240	99	1[[99]]
250	99	1[[99]]
260	99	1[[99]]
270	99	1[[99]]
280	99	1[[99]]
290	99	1[[99]]
300	99	1[[99]]
310	99	1[[99]]
320	99	1[[99]]
330	99	1[[99]]
340	99	1[[99]]
350	99	1[[99]]
360	99	1[[99]]
370	99	1[[99]]
380	99	1[[99]]
390	99	1[[99]]
400	99	1[[99]]
410	99	1[[99]]
420	99	1[[99]]
430	99	1[[99]]
440	99	1[[99]]
450	99	1[[99]]
460	99	1[[99]]
470	99	1[[99]]
480	99	1[[99]]
490	99	1[[99]]
500	99	1[[99]]
510	99	1[[99]]
520	99	1[[99]]
530	99	1[[99]]
540	99	1[[99]]
550	99	1[[99]]
560	99	1[[99]]
570	99	1[[99]]
580	99	1[[99]]
590	99	1[[99]]
600	99	1[[99]]
610	99	1[[99]]
620	99	1[[99]]
630	99	1[[99]]
640	99	1[[99]]
650	99	1[[99]]
660	99	1[[99]]
670	99	1[[99]]
680	99	1[[99]]
690	99	1[[99]]
700	99	1[[99]]
710	99	1[[99]]
720	99	1[[99]]
730	99	1[[99]]
740	99	1[[99]]
750	99	1[[99]]
760	99	1[[99]]
770	99	1[[99]]
780	99	1[[99]]
790	99	1[[99]]
800	99	1[[99]]
810	99	1[[99]]
820	99	1[[99]]
830	99	1[[99]]
840	99	1[[99]]
850	99	1[[99]]
860	99	1[[99]]
870	99	1[[99]]
0	100	1[[100]]
10	100	1[[100]]
20	100	1[[100]]
30	100	1[[100]]
40	100	1[[100]]
50	100	1[[100]]
60	100	1[[100]]
70	100	1[[100]]
80	100	1[[100]]
90	100	1[[100]]
100	100	1[[100]]
110	100	1[[100]]
120	100	1[[100]]
130	100	1[[100]]
140	100	1[[100]]
150	100	1[[100]]
160	100	1[[100]]
170	100	1[[100]]
180	100	1[[100]]
190	100	1[[100]]
200	100	1[[100]]
210	100	1[[100]]
220	100	1[[100]]
230	100	1[[100]]
240	100	1[[100]]
250	100	1[[100]]
260	100	1[[100]]
270	100	1[[100]]
280	100	1[[100]]
290	100	1[[100]]
300	100	1[[100]]
310	100	1[[100]]
320	100	1[[100]]
330	100	1[[100]]
340	100	1[[100]]
350	100	1[[100]]
360	100	1[[100]]
370	100	1[[100]]
380	100	1[[100]]
390	100	1[[100]]
400	100	1[[100]]
410	100	1[[100]]
420	100	1[[100]]
430	100	1[[100]]
440	100	1[[100]]
450	100	1[[100]]
460	100	1[[100]]
470	100	1[[100]]
480	100	1[[100]]
490	100	1[[100]]
500	100	1[[100]]
510	100	1[[100]]
520	100	1[[100]]
530	100	1[[100]]
540	100	1[[100]]
550	100	1[[100]]
560	100	1[[100]]
570	100	1[[100]]
580	100	1[[100]]
590	100	1[[100]]
600	100	1[[100]]
610	100	1[[100]]
620	100	1[[100]]
630	100	1[[100]]
640	100	1[[100]]
650	100	1[[100]]
660	100	1[[100]]
670	100	1[[100]]
680	100	1[[100]]
690	100	1[[100]]
700	100	1[[100]]
710	100	1[[100]]
720	100	1[[100]]
730	100	1[[100]]
740	100	1[[100]]
750	100	1[[100]]
760	100	1[[100]]
770	100	1[[100]]
780	100	1[[100]]
790	100	1[[100]]
800	100	1[[100]]
810	100	1[[100]]
820	100	1[[100]]
830	100	1[[100]]
840	100	1[[100]]
850	100	1[[100]]
860	100	1[[100]]
870	100	1[[100]]
0	101	1[[101]]
10	101	1[[101]]
20	101	1[[101]]
30	101	1[[101]]
40	101	1[[101]]
50	101	1[[101]]
60	101	1[[101]]
70	101	1[[101]]
80	101	1[[101]]
90	101	1[[101]]
100	101	1[[101]]
110	101	1[[101]]
120	101	1[[101]]
130	101	1[[101]]
140	101	1[[101]]
150	101	1[[101]]
160	101	1[[101]]
170	101	1[[101]]
180	101	1[[101]]
190	101	1[[101]]
200	101	1[[101]]
210	101	1[[101]]
220	101	1[[101]]
230	101	1[[101]]
240	101	1[[101]]
250	101	1[[101]]
260	101	1[[101]]
270	101	1[[101]]
280	101	1[[101]]
290	101	1[[101]]
300	101	1[[101]]
310	101	1[[101]]
320	101	1[[101]]
330	101	1[[101]]
340	101	1[[101]]
350	101	1[[101]]
360	101	1[[101]]
370	101	1[[101]]
380	101	1[[101]]
390	101	1[[101]]
400	101	1[[101]]
410	101	1[[101]]
420	101	1[[101]]
430	101	1[[101]]
440	101	1[[101]]
450	101	1[[101]]
460	101	1[[101]]
470	101	1[[101]]
480	101	1[[101]]
490	101	1[[101]]
500	101	1[[101]]
510	101	1[[101]]
520	101	1[[101]]
530	101	1[[101]]
540	101	1[[101]]
550	101	1[[101]]
560	101	1[[101]]
570	101	1[[101]]
580	101	1[[101]]
590	101	1[[101]]
600	101	1[[101]]
610	101	1[[101]]
620	101	1[[101]]
630	101	1[[101]]
640	101	1[[101]]
650	101	1[[101]]
660	101	1[[101]]
670	101	1[[101]]
680	101	1[[101]]
690	101	1[[101]]
700	101	1[[101]]
710	101	1[[101]]
720	101	1[[101]]
730	101	1[[101]]
740	101	1[[101]]
750	101	1[[101]]
760	101	1[[101]]
770	101	1[[101]]
780	101	1[[101]]
790	101	1[[101]]
800	101	1[[101]]
810	101	1[[101]]
820	101	1[[101]]
830	101	1[[101]]
840	101	1[[101]]
850	101	1[[101]]
860	101	1[[101]]
870	101	1[[101]]
0	102	1[[102]]
10	102	1[[102]]
20	102	1[[102]]
30	102	1[[102]]
40	102	1[[102]]
50	102	1[[102]]
60	102	1[[102]]
70	102	1[[102]]
80	102	1[[102]]
90	102	1[[102]]
100	102	1[[102]]
110	102	1[[102]]
120	102	1[[102]]
130	102	1[[102]]
140	102	1[[102]]
150	102	1[[102]]
160	102	1[[102]]
170	102	1[[102]]
180	102	1[[102]]
190	102	1[[102]]
200	102	1[[102]]
210	102	1[[102]]
220	102	1[[102]]
230	102	1[[102]]
240	102	1[[102]]
250	102	1[[102]]
260	102	1[[102]]
270	102	1[[102]]
280	102	1[[102]]
290	102	1[[102]]
300	102	1[[102]]
310	102	1[[102]]
320	102	1[[102]]
330	102	1[[102]]
340	102	1[[102]]
350	102	1[[102]]
360	102	1[[102]]
370	102	1[[102]]
380	102	1[[102]]
390	102	1[[102]]
400	102	1[[102]]
410	102	1[[102]]
420	102	1[[102]]
430	102	1[[102]]
440	102	1[[102]]
450	102	1[[102]]
460	102	1[[102]]
470	102	1[[102]]
480	102	1[[102]]
490	102	1[[102]]
500	102	1[[102]]
510	102	1[[102]]
520	102	1[[102]]
530	102	1[[102]]
540	102	1[[102]]
550	102	1[[102]]
560	102	1[[102]]
570	102	1[[102]]
580	102	1[[102]]
590	102	1[[102]]
600	102	1[[102]]
610	102	1[[102]]
620	102	1[[102]]
630	102	1[[102]]
640	102	1[[102]]
650	102	1[[102]]
660	102	1[[102]]
670	102	1[[102]]
680	102	1[[102]]
690	102	1[[102]]
700	102	1[[102]]
710	102	1[[102]]
720	102	1[[102]]
730	102	1[[102]]
740	102	1[[102]]
750	102	1[[102]]
760	102	1[[102]]
770	102	1[[102]]
780	102	1[[102]]
790	102	1[[102]]
800	102	1[[102]]
810	102	1[[102]]
820	102	1[[102]]
830	102	1[[102]]
840	102	1[[102]]
850	102	1[[102]]
860	102	1[[102]]
870	102	1[[102]]
0	103	1[[103]]
10	103	1[[103]]
20	103	1[[103]]
30	103	1[[103]]
40	103	1[[103]]
50	103	1[[103]]
60	103	1[[103]]
70	103	1[[103]]
80	103	1[[103]]
90	103	1[[103]]
100	103	1[[103]]
110	103	1[[103]]
120	103	1[[103]]
130	103	1[[103]]
140	103	1[[103]]
150	103	1[[103]]
160	103	1[[103]]
170	103	1[[103]]
180	103	1[[103]]
190	103	1[[103]]
200	103	1[[103]]
210	103	1[[103]]
220	103	1[[103]]
230	103	1[[103]]
240	103	1[[103]]
250	103	1[[103]]
260	103	1[[103]]
270	103	1[[103]]
280	103	1[[103]]
290	103	1[[103]]
300	103	1[[103]]
310	103	1[[103]]
320	103	1[[103]]
330	103	1[[103]]
340	103	1[[103]]
350	103	1[[103]]
360	103	1[[103]]
370	103	1[[103]]
380	103	1[[103]]
390	103	1[[103]]
400	103	1[[103]]
410	103	1[[103]]
420	103	1[[103]]
430	103	1[[103]]
440	103	1[[103]]
450	103	1[[103]]
460	103	1[[103]]
470	103	1[[103]]
480	103	1[[103]]
490	103	1[[103]]
500	103	1[[103]]
510	103	1[[103]]
520	103	1[[103]]
530	103	1[[103]]
540	103	1[[103]]
550	103	1[[103]]
560	103	1[[103]]
570	103	1[[103]]
580	103	1[[103]]
590	103	1[[103]]
600	103	1[[103]]
610	103	1[[103]]
620	103	1[[103]]
630	103	1[[103]]
640	103	1[[103]]
650	103	1[[103]]
660	103	1[[103]]
670	103	1[[103]]
680	103	1[[103]]
690	103	1[[103]]
700	103	1[[103]]
710	103	1[[103]]
720	103	1[[103]]
730	103	1[[103]]
740	103	1[[103]]
750	103	1[[103]]
760	103	1[[103]]
770	103	1[[103]]
780	103	1[[103]]
790	103	1[[103]]
800	103	1[[103]]
810	103	1[[103]]
820	103	1[[103]]
830	103	1[[103]]
840	103	1[[103]]
850	103	1[[103]]
860	103	1[[103]]
870	103	1[[103]]
0	104	1[[104]]
10	104	1[[104]]
20	104	1[[104]]
30	104	1[[104]]
40	104	1[[104]]
50	104	1[[104]]
60	104	1[[104]]
70	104	1[[104]]
80	104	1[[104]]
90	104	1[[104]]
100	104	1[[104]]
110	104	1[[104]]
120	104	1[[104]]
130	104	1[[104]]
140	104	1[[104]]
150	104	1[[104]]
160	104	1[[104]]
170	104	1[[104]]
180	104	1[[104]]
190	104	1[[104]]
200	104	1[[104]]
210	104	1[[104]]
220	104	1[[104]]
230	104	1[[104]]
240	104	1[[104]]
250	104	1[[104]]
260	104	1[[104]]
270	104	1[[104]]
280	104	1[[104]]
290	104	1[[104]]
300	104	1[[104]]
310	104	1[[104]]
320	104	1[[104]]
330	104	1[[104]]
340	104	1[[104]]
350	104	1[[104]]
360	104	1[[104]]
370	104	1[[104]]
380	104	1[[104]]
390	104	1[[104]]
400	104	1[[104]]
410	104	1[[104]]
420	104	1[[104]]
430	104	1[[104]]
440	104	1[[104]]
450	104	1[[104]]
460	104	1[[104]]
470	104	1[[104]]
480	104	1[[104]]
490	104	1[[104]]
500	104	1[[104]]
510	104	1[[104]]
520	104	1[[104]]
530	104	1[[104]]
540	104	1[[104]]
550	104	1[[104]]
560	104	1[[104]]
570	104	1[[104]]
580	104	1[[104]]
590	104	1[[104]]
600	104	1[[104]]
610	104	1[[104]]
620	104	1[[104]]
630	104	1[[104]]
640	104	1[[104]]
650	104	1[[104]]
660	104	1[[104]]
670	104	1[[104]]
680	104	1[[104]]
690	104	1[[104]]
700	104	1[[104]]
710	104	1[[104]]
720	104	1[[104]]
730	104	1[[104]]
740	104	1[[104]]
750	104	1[[104]]
760	104	1[[104]]
770	104	1[[104]]
780	104	1[[104]]
790	104	1[[104]]
800	104	1[[104]]
810	104	1[[104]]
820	104	1[[104]]
830	104	1[[104]]
840	104	1[[104]]
850	104	1[[104]]
860	104	1[[104]]
870	104	1[[104]]
0	105	1[[105]]
10	105	1[[105]]
20	105	1[[105]]
30	105	1[[105]]
40	105	1[[105]]
50	105	1[[105]]
60	105	1[[105]]
70	105	1[[105]]
80	105	1[[105]]
90	105	1[[105]]
100	105	1[[105]]
110	105	1[[105]]
120	105	1[[105]]
130	105	1[[105]]
140	105	1[[105]]
150	105	1[[105]]
160	105	1[[105]]
170	105	1[[105]]
180	105	1[[105]]
190	105	1[[105]]
200	105	1[[105]]
210	105	1[[105]]
220	105	1[[105]]
230	105	1[[105]]
240	105	1[[105]]
250	105	1[[105]]
260	105	1[[105]]
270	105	1[[105]]
280	105	1[[105]]
290	105	1[[105]]
300	105	1[[105]]
310	105	1[[105]]
320	105	1[[105]]
330	105	1[[105]]
340	105	1[[105]]
350	105	1[[105]]
360	105	1[[105]]
370	105	1[[105]]
380	105	1[[105]]
390	105	1[[105]]
400	105	1[[105]]
410	105	1[[105]]
420	105	1[[105]]
430	105	1[[105]]
440	105	1[[105]]
450	105	1[[105]]
460	105	1[[105]]
470	105	1[[105]]
480	105	1[[105]]
490	105	1[[105]]
500	105	1[[105]]
510	105	1[[105]]
520	105	1[[105]]
530	105	1[[105]]
540	105	1[[105]]
550	105	1[[105]]
560	105	1[[105]]
570	105	1[[105]]
580	105	1[[105]]
590	105	1[[105]]
600	105	1[[105]]
610	105	1[[105]]
620	105	1[[105]]
630	105	1[[105]]
640	105	1[[105]]
650	105	1[[105]]
660	105	1[[105]]
670	105	1[[105]]
680	105	1[[105]]
690	105	1[[105]]
700	105	1[[105]]
710	105	1[[105]]
720	105	1[[105]]
730	105	1[[105]]
740	105	1[[105]]
750	105	1[[105]]
760	105	1[[105]]
770	105	1[[105]]
780	105	1[[105]]
790	105	1[[105]]
800	105	1[[105]]
810	105	1[[105]]
820	105	1[[105]]
830	105	1[[105]]
840	105	1[[105]]
850	105	1[[105]]
860	105	1[[105]]
870	105	1[[105]]
0	106	1[[106]]
10	106	1[[106]]
20	106	1[[106]]
30	106	1[[106]]
40	106	1[[106]]
50	106	1[[106]]
60	106	1[[106]]
70	106	1[[106]]
80	106	1[[106]]
90	106	1[[106]]
100	106	1[[106]]
110	106	1[[106]]
120	106	1[[106]]
130	106	1[[106]]
140	106	1[[106]]
150	106	1[[106]]
160	106	1[[106]]
170	106	1[[106]]
180	106	1[[106]]
190	106	1[[106]]
200	106	1[[106]]
210	106	1[[106]]
220	106	1[[106]]
230	106	1[[106]]
240	106	1[[106]]
250	106	1[[106]]
260	106	1[[106]]
270	106	1[[106]]
280	106	1[[106]]
290	106	1[[106]]
300	106	1[[106]]
310	106	1[[106]]
320	106	1[[106]]
330	106	1[[106]]
340	106	1[[106]]
350	106	1[[106]]
360	106	1[[106]]
370	106	1[[106]]
380	106	1[[106]]
390	106	1[[106]]
400	106	1[[106]]
410	106	1[[106]]
420	106	1[[106]]
430	106	1[[106]]
440	106	1[[106]]
450	106	1[[106]]
460	106	1[[106]]
470	106	1[[106]]
480	106	1[[106]]
490	106	1[[106]]
500	106	1[[106]]
510	106	1[[106]]
520	106	1[[106]]
530	106	1[[106]]
540	106	1[[106]]
550	106	1[[106]]
560	106	1[[106]]
570	106	1[[106]]
580	106	1[[106]]
590	106	1[[106]]
600	106	1[[106]]
610	106	1[[106]]
620	106	1[[106]]
630	106	1[[106]]
640	106	1[[106]]
650	106	1[[106]]
660	106	1[[106]]
670	106	1[[106]]
680	106	1[[106]]
690	106	1[[106]]
700	106	1[[106]]
710	106	1[[106]]
720	106	1[[106]]
730	106	1[[106]]
740	106	1[[106]]
750	106	1[[106]]
760	106	1[[106]]
770	106	1[[106]]
780	106	1[[106]]
790	106	1[[106]]
800	106	1[[106]]
810	106	1[[106]]
820	106	1[[106]]
830	106	1[[106]]
840	106	1[[106]]
850	106	1[[106]]
860	106	1[[106]]
870	106	1[[106]]
0	107	1[[107]]
10	107	1[[107]]
20	107	1[[107]]
30	107	1[[107]]
40	107	1[[107]]
50	107	1[[107]]
60	107	1[[107]]
70	107	1[[107]]
80	107	1[[107]]
90	107	1[[107]]
100	107	1[[107]]
110	107	1[[107]]
120	107	1[[107]]
130	107	1[[107]]
140	107	1[[107]]
150	107	1[[107]]
160	107	1[[107]]
170	107	1[[107]]
180	107	1[[107]]
190	107	1[[107]]
200	107	1[[107]]
210	107	1[[107]]
220	107	1[[107]]
230	107	1[[107]]
240	107	1[[107]]
250	107	1[[107]]
260	107	1[[107]]
270	107	1[[107]]
280	107	1[[107]]
290	107	1[[107]]
300	107	1[[107]]
310	107	1[[107]]
320	107	1[[107]]
330	107	1[[107]]
340	107	1[[107]]
350	107	1[[107]]
360	107	1[[107]]
370	107	1[[107]]
380	107	1[[107]]
390	107	1[[107]]
400	107	1[[107]]
410	107	1[[107]]
420	107	1[[107]]
430	107	1[[107]]
440	107	1[[107]]
450	107	1[[107]]
460	107	1[[107]]
470	107	1[[107]]
480	107	1[[107]]
490	107	1[[107]]
500	107	1[[107]]
510	107	1[[107]]
520	107	1[[107]]
530	107	1[[107]]
540	107	1[[107]]
550	107	1[[107]]
560	107	1[[107]]
570	107	1[[107]]
580	107	1[[107]]
590	107	1[[107]]
600	107	1[[107]]
610	107	1[[107]]
620	107	1[[107]]
630	107	1[[107]]
640	107	1[[107]]
650	107	1[[107]]
660	107	1[[107]]
670	107	1[[107]]
680	107	1[[107]]
690	107	1[[107]]
700	107	1[[107]]
710	107	1[[107]]
720	107	1[[107]]
730	107	1[[107]]
740	107	1[[107]]
750	107	1[[107]]
760	107	1[[107]]
770	107	1[[107]]
780	107	1[[107]]
790	107	1[[107]]
800	107	1[[107]]
810	107	1[[107]]
820	107	1[[107]]
830	107	1[[107]]
840	107	1[[107]]
850	107	1[[107]]
860	107	1[[107]]
870	107	1[[107]]
0	108	1[[108]]
10	108	1[[108]]
20	108	1[[108]]
30	108	1[[108]]
40	108	1[[108]]
50	108	1[[108]]
60	108	1[[108]]
70	108	1[[108]]
80	108	1[[108]]
90	108	1[[108]]
100	108	1[[108]]
110	108	1[[108]]
120	108	1[[108]]
130	108	1[[108]]
140	108	1[[108]]
150	108	1[[108]]
160	108	1[[108]]
170	108	1[[108]]
180	108	1[[108]]
190	108	1[[108]]
200	108	1[[108]]
210	108	1[[108]]
220	108	1[[108]]
230	108	1[[108]]
240	108	1[[108]]
250	108	1[[108]]
260	108	1[[108]]
270	108	1[[108]]
280	108	1[[108]]
290	108	1[[108]]
300	108	1[[108]]
310	108	1[[108]]
320	108	1[[108]]
330	108	1[[108]]
340	108	1[[108]]
350	108	1[[108]]
360	108	1[[108]]
370	108	1[[108]]
380	108	1[[108]]
390	108	1[[108]]
400	108	1[[108]]
410	108	1[[108]]
420	108	1[[108]]
430	108	1[[108]]
440	108	1[[108]]
450	108	1[[108]]
460	108	1[[108]]
470	108	1[[108]]
480	108	1[[108]]
490	108	1[[108]]
500	108	1[[108]]
510	108	1[[108]]
520	108	1[[108]]
530	108	1[[108]]
540	108	1[[108]]
550	108	1[[108]]
560	108	1[[108]]
570	108	1[[108]]
580	108	1[[108]]
590	108	1[[108]]
600	108	1[[108]]
610	108	1[[108]]
620	108	1[[108]]
630	108	1[[108]]
640	108	1[[108]]
650	108	1[[108]]
660	108	1[[108]]
670	108	1[[108]]
680	108	1[[108]]
690	108	1[[108]]
700	108	1[[108]]
710	108	1[[108]]
720	108	1[[108]]
730	108	1[[108]]
740	108	1[[108]]
750	108	1[[108]]
760	108	1[[108]]
770	108	1[[108]]
780	108	1[[108]]
790	108	1[[108]]
800	108	1[[108]]
810	108	1[[108]]
820	108	1[[108]]
830	108	1[[108]]
840	108	1[[108]]
850	108	1[[108]]
860	108	1[[108]]
870	108	1[[108]]
0	109	1[[109]]
10	109	1[[109]]
20	109	1[[109]]
30	109	1[[109]]
40	109	1[[109]]
50	109	1[[109]]
60	109	1[[109]]
70	109	1[[109]]
80	109	1[[109]]
90	109	1[[109]]
100	109	1[[109]]
110	109	1[[109]]
120	109	1[[109]]
130	109	1[[109]]
140	109	1[[109]]
150	109	1[[109]]
160	109	1[[109]]
170	109	1[[109]]
180	109	1[[109]]
190	109	1[[109]]
200	109	1[[109]]
210	109	1[[109]]
220	109	1[[109]]
230	109	1[[109]]
240	109	1[[109]]
250	109	1[[109]]
260	109	1[[109]]
270	109	1[[109]]
280	109	1[[109]]
290	109	1[[109]]
300	109	1[[109]]
310	109	1[[109]]
320	109	1[[109]]
330	109	1[[109]]
340	109	1[[109]]
350	109	1[[109]]
360	109	1[[109]]
370	109	1[[109]]
380	109	1[[109]]
390	109	1[[109]]
400	109	1[[109]]
410	109	1[[109]]
420	109	1[[109]]
430	109	1[[109]]
440	109	1[[109]]
450	109	1[[109]]
460	109	1[[109]]
470	109	1[[109]]
480	109	1[[109]]
490	109	1[[109]]
500	109	1[[109]]
510	109	1[[109]]
520	109	1[[109]]
530	109	1[[109]]
540	109	1[[109]]
550	109	1[[109]]
560	109	1[[109]]
570	109	1[[109]]
580	109	1[[109]]
590	109	1[[109]]
600	109	1[[109]]
610	109	1[[109]]
620	109	1[[109]]
630	109	1[[109]]
640	109	1[[109]]
650	109	1[[109]]
660	109	1[[109]]
670	109	1[[109]]
680	109	1[[109]]
690	109	1[[109]]
700	109	1[[109]]
710	109	1[[109]]
720	109	1[[109]]
730	109	1[[109]]
740	109	1[[109]]
750	109	1[[109]]
760	109	1[[109]]
770	109	1[[109]]
780	109	1[[109]]
790	109	1[[109]]
800	109	1[[109]]
810	109	1[[109]]
820	109	1[[109]]
830	109	1[[109]]
840	109	1[[109]]
850	109	1[[109]]
860	109	1[[109]]
870	109	1[[109]]
0	110	1[[110]]
10	110	1[[110]]
20	110	1[[110]]
30	110	1[[110]]
40	110	1[[110]]
50	110	1[[110]]
60	110	1[[110]]
70	110	1[[110]]
80	110	1[[110]]
90	110	1[[110]]
100	110	1[[110]]
110	110	1[[110]]
120	110	1[[110]]
130	110	1[[110]]
140	110	1[[110]]
150	110	1[[110]]
160	110	1[[110]]
170	110	1[[110]]
180	110	1[[110]]
190	110	1[[110]]
200	110	1[[110]]
210	110	1[[110]]
220	110	1[[110]]
230	110	1[[110]]
240	110	1[[110]]
250	110	1[[110]]
260	110	1[[110]]
270	110	1[[110]]
280	110	1[[110]]
290	110	1[[110]]
300	110	1[[110]]
310	110	1[[110]]
320	110	1[[110]]
330	110	1[[110]]
340	110	1[[110]]
350	110	1[[110]]
360	110	1[[110]]
370	110	1[[110]]
380	110	1[[110]]
390	110	1[[110]]
400	110	1[[110]]
410	110	1[[110]]
420	110	1[[110]]
430	110	1[[110]]
440	110	1[[110]]
450	110	1[[110]]
460	110	1[[110]]
470	110	1[[110]]
480	110	1[[110]]
490	110	1[[110]]
500	110	1[[110]]
510	110	1[[110]]
520	110	1[[110]]
530	110	1[[110]]
540	110	1[[110]]
550	110	1[[110]]
560	110	1[[110]]
570	110	1[[110]]
580	110	1[[110]]
590	110	1[[110]]
600	110	1[[110]]
610	110	1[[110]]
620	110	1[[110]]
630	110	1[[110]]
640	110	1[[110]]
650	110	1[[110]]
660	110	1[[110]]
670	110	1[[110]]
680	110	1[[110]]
690	110	1[[110]]
700	110	1[[110]]
710	110	1[[110]]
720	110	1[[110]]
730	110	1[[110]]
740	110	1[[110]]
750	110	1[[110]]
760	110	1[[110]]
770	110	1[[110]]
780	110	1[[110]]
790	110	1[[110]]
800	110	1[[110]]
810	110	1[[110]]
820	110	1[[110]]
830	110	1[[110]]
840	110	1[[110]]
850	110	1[[110]]
860	110	1[[110]]
870	110	1[[110]]
0	111	1[[111]]
10	111	1[[111]]
20	111	1[[111]]
30	111	1[[111]]
40	111	1[[111]]
50	111	1[[111]]
60	111	1[[111]]
70	111	1[[111]]
80	111	1[[111]]
90	111	1[[111]]
100	111	1[[111]]
110	111	1[[111]]
120	111	1[[111]]
130	111	1[[111]]
140	111	1[[111]]
150	111	1[[111]]
160	111	1[[111]]
170	111	1[[111]]
180	111	1[[111]]
190	111	1[[111]]
200	111	1[[111]]
210	111	1[[111]]
220	111	1[[111]]
230	111	1[[111]]
240	111	1[[111]]
250	111	1[[111]]
260	111	1[[111]]
270	111	1[[111]]
280	111	1[[111]]
290	111	1[[111]]
300	111	1[[111]]
310	111	1[[111]]
320	111	1[[111]]
330	111	1[[111]]
340	111	1[[111]]
350	111	1[[111]]
360	111	1[[111]]
370	111	1[[111]]
380	111	1[[111]]
390	111	1[[111]]
400	111	1[[111]]
410	111	1[[111]]
420	111	1[[111]]
430	111	1[[111]]
440	111	1[[111]]
450	111	1[[111]]
460	111	1[[111]]
470	111	1[[111]]
480	111	1[[111]]
490	111	1[[111]]
500	111	1[[111]]
510	111	1[[111]]
520	111	1[[111]]
530	111	1[[111]]
540	111	1[[111]]
550	111	1[[111]]
560	111	1[[111]]
570	111	1[[111]]
580	111	1[[111]]
590	111	1[[111]]
600	111	1[[111]]
610	111	1[[111]]
620	111	1[[111]]
630	111	1[[111]]
640	111	1[[111]]
650	111	1[[111]]
660	111	1[[111]]
670	111	1[[111]]
680	111	1[[111]]
690	111	1[[111]]
700	111	1[[111]]
710	111	1[[111]]
720	111	1[[111]]
730	111	1[[111]]
740	111	1[[111]]
750	111	1[[111]]
760	111	1[[111]]
770	111	1[[111]]
780	111	1[[111]]
790	111	1[[111]]
800	111	1[[111]]
810	111	1[[111]]
820	111	1[[111]]
830	111	1[[111]]
840	111	1[[111]]
850	111	1[[111]]
860	111	1[[111]]
870	111	1[[111]]
0	112	1[[112]]
10	112	1[[112]]
20	112	1[[112]]
30	112	1[[112]]
40	112	1[[112]]
50	112	1[[112]]
60	112	1[[112]]
70	112	1[[112]]
80	112	1[[112]]
90	112	1[[112]]
100	112	1[[112]]
110	112	1[[112]]
120	112	1[[112]]
130	112	1[[112]]
140	112	1[[112]]
150	112	1[[112]]
160	112	1[[112]]
170	112	1[[112]]
180	112	1[[112]]
190	112	1[[112]]
200	112	1[[112]]
210	112	1[[112]]
220	112	1[[112]]
230	112	1[[112]]
240	112	1[[112]]
250	112	1[[112]]
260	112	1[[112]]
270	112	1[[112]]
280	112	1[[112]]
290	112	1[[112]]
300	112	1[[112]]
310	112	1[[112]]
320	112	1[[112]]
330	112	1[[112]]
340	112	1[[112]]
350	112	1[[112]]
360	112	1[[112]]
370	112	1[[112]]
380	112	1[[112]]
390	112	1[[112]]
400	112	1[[112]]
410	112	1[[112]]
420	112	1[[112]]
430	112	1[[112]]
440	112	1[[112]]
450	112	1[[112]]
460	112	1[[112]]
470	112	1[[112]]
480	112	1[[112]]
490	112	1[[112]]
500	112	1[[112]]
510	112	1[[112]]
520	112	1[[112]]
530	112	1[[112]]
540	112	1[[112]]
550	112	1[[112]]
560	112	1[[112]]
570	112	1[[112]]
580	112	1[[112]]
590	112	1[[112]]
600	112	1[[112]]
610	112	1[[112]]
620	112	1[[112]]
630	112	1[[112]]
640	112	1[[112]]
650	112	1[[112]]
660	112	1[[112]]
670	112	1[[112]]
680	112	1[[112]]
690	112	1[[112]]
700	112	1[[112]]
710	112	1[[112]]
720	112	1[[112]]
730	112	1[[112]]
740	112	1[[112]]
750	112	1[[112]]
760	112	1[[112]]
770	112	1[[112]]
780	112	1[[112]]
790	112	1[[112]]
800	112	1[[112]]
810	112	1[[112]]
820	112	1[[112]]
830	112	1[[112]]
840	112	1[[112]]
850	112	1[[112]]
860	112	1[[112]]
870	112	1[[112]]
0	113	1[[113]]
10	113	1[[113]]
20	113	1[[113]]
30	113	1[[113]]
40	113	1[[113]]
50	113	1[[113]]
60	113	1[[113]]
70	113	1[[113]]
80	113	1[[113]]
90	113	1[[113]]
100	113	1[[113]]
110	113	1[[113]]
120	113	1[[113]]
130	113	1[[113]]
140	113	1[[113]]
150	113	1[[113]]
160	113	1[[113]]
170	113	1[[113]]
180	113	1[[113]]
190	113	1[[113]]
200	113	1[[113]]
210	113	1[[113]]
220	113	1[[113]]
230	113	1[[113]]
240	113	1[[113]]
250	113	1[[113]]
260	113	1[[113]]
270	113	1[[113]]
280	113	1[[113]]
290	113	1[[113]]
300	113	1[[113]]
310	113	1[[113]]
320	113	1[[113]]
330	113	1[[113]]
340	113	1[[113]]
350	113	1[[113]]
360	113	1[[113]]
370	113	1[[113]]
380	113	1[[113]]
390	113	1[[113]]
400	113	1[[113]]
410	113	1[[113]]
420	113	1[[113]]
430	113	1[[113]]
440	113	1[[113]]
450	113	1[[113]]
460	113	1[[113]]
470	113	1[[113]]
480	113	1[[113]]
490	113	1[[113]]
500	113	1[[113]]
510	113	1[[113]]
520	113	1[[113]]
530	113	1[[113]]
540	113	1[[113]]
550	113	1[[113]]
560	113	1[[113]]
570	113	1[[113]]
580	113	1[[113]]
590	113	1[[113]]
600	113	1[[113]]
610	113	1[[113]]
620	113	1[[113]]
630	113	1[[113]]
640	113	1[[113]]
650	113	1[[113]]
660	113	1[[113]]
670	113	1[[113]]
680	113	1[[113]]
690	113	1[[113]]
700	113	1[[113]]
710	113	1[[113]]
720	113	1[[113]]
730	113	1[[113]]
740	113	1[[113]]
750	113	1[[113]]
760	113	1[[113]]
770	113	1[[113]]
780	113	1[[113]]
790	113	1[[113]]
800	113	1[[113]]
810	113	1[[113]]
820	113	1[[113]]
830	113	1[[113]]
840	113	1[[113]]
850	113	1[[113]]
860	113	1[[113]]
870	113	1[[113]]
0	114	1[[114]]
10	114	1[[114]]
20	114	1[[114]]
30	114	1[[114]]
40	114	1[[114]]
50	114	1[[114]]
60	114	1[[114]]
70	114	1[[114]]
80	114	1[[114]]
90	114	1[[114]]
100	114	1[[114]]
110	114	1[[114]]
120	114	1[[114]]
130	114	1[[114]]
140	114	1[[114]]
150	114	1[[114]]
160	114	1[[114]]
170	114	1[[114]]
180	114	1[[114]]
190	114	1[[114]]
200	114	1[[114]]
210	114	1[[114]]
220	114	1[[114]]
230	114	1[[114]]
240	114	1[[114]]
250	114	1[[114]]
260	114	1[[114]]
270	114	1[[114]]
280	114	1[[114]]
290	114	1[[114]]
300	114	1[[114]]
310	114	1[[114]]
320	114	1[[114]]
330	114	1[[114]]
340	114	1[[114]]
350	114	1[[114]]
360	114	1[[114]]
370	114	1[[114]]
380	114	1[[114]]
390	114	1[[114]]
400	114	1[[114]]
410	114	1[[114]]
420	114	1[[114]]
430	114	1[[114]]
440	114	1[[114]]
450	114	1[[114]]
460	114	1[[114]]
470	114	1[[114]]
480	114	1[[114]]
490	114	1[[114]]
500	114	1[[114]]
510	114	1[[114]]
520	114	1[[114]]
530	114	1[[114]]
540	114	1[[114]]
550	114	1[[114]]
560	114	1[[114]]
570	114	1[[114]]
580	114	1[[114]]
590	114	1[[114]]
600	114	1[[114]]
610	114	1[[114]]
620	114	1[[114]]
630	114	1[[114]]
640	114	1[[114]]
650	114	1[[114]]
660	114	1[[114]]
670	114	1[[114]]
680	114	1[[114]]
690	114	1[[114]]
700	114	1[[114]]
710	114	1[[114]]
720	114	1[[114]]
730	114	1[[114]]
740	114	1[[114]]
750	114	1[[114]]
760	114	1[[114]]
770	114	1[[114]]
780	114	1[[114]]
790	114	1[[114]]
800	114	1[[114]]
810	114	1[[114]]
820	114	1[[114]]
830	114	1[[114]]
840	114	1[[114]]
850	114	1[[114]]
860	114	1[[114]]
870	114	1[[114]]
0	115	1[[115]]
10	115	1[[115]]
20	115	1[[115]]
30	115	1[[115]]
40	115	1[[115]]
50	115	1[[115]]
60	115	1[[115]]
70	115	1[[115]]
80	115	1[[115]]
90	115	1[[115]]
100	115	1[[115]]
110	115	1[[115]]
120	115	1[[115]]
130	115	1[[115]]
140	115	1[[115]]
150	115	1[[115]]
160	115	1[[115]]
170	115	1[[115]]
180	115	1[[115]]
190	115	1[[115]]
200	115	1[[115]]
210	115	1[[115]]
220	115	1[[115]]
230	115	1[[115]]
240	115	1[[115]]
250	115	1[[115]]
260	115	1[[115]]
270	115	1[[115]]
280	115	1[[115]]
290	115	1[[115]]
300	115	1[[115]]
310	115	1[[115]]
320	115	1[[115]]
330	115	1[[115]]
340	115	1[[115]]
350	115	1[[115]]
360	115	1[[115]]
370	115	1[[115]]
380	115	1[[115]]
390	115	1[[115]]
400	115	1[[115]]
410	115	1[[115]]
420	115	1[[115]]
430	115	1[[115]]
440	115	1[[115]]
450	115	1[[115]]
460	115	1[[115]]
470	115	1[[115]]
480	115	1[[115]]
490	115	1[[115]]
500	115	1[[115]]
510	115	1[[115]]
520	115	1[[115]]
530	115	1[[115]]
540	115	1[[115]]
550	115	1[[115]]
560	115	1[[115]]
570	115	1[[115]]
580	115	1[[115]]
590	115	1[[115]]
600	115	1[[115]]
610	115	1[[115]]
620	115	1[[115]]
630	115	1[[115]]
640	115	1[[115]]
650	115	1[[115]]
660	115	1[[115]]
670	115	1[[115]]
680	115	1[[115]]
690	115	1[[115]]
700	115	1[[115]]
710	115	1[[115]]
720	115	1[[115]]
730	115	1[[115]]
740	115	1[[115]]
750	115	1[[115]]
760	115	1[[115]]
770	115	1[[115]]
780	115	1[[115]]
790	115	1[[115]]
800	115	1[[115]]
810	115	1[[115]]
820	115	1[[115]]
830	115	1[[115]]
840	115	1[[115]]
850	115	1[[115]]
860	115	1[[115]]
870	115	1[[115]]
0	116	1[[116]]
10	116	1[[116]]
20	116	1[[116]]
30	116	1[[116]]
40	116	1[[116]]
50	116	1[[116]]
60	116	1[[116]]
70	116	1[[116]]
80	116	1[[116]]
90	116	1[[116]]
100	116	1[[116]]
110	116	1[[116]]
120	116	1[[116]]
130	116	1[[116]]
140	116	1[[116]]
150	116	1[[116]]
160	116	1[[116]]
170	116	1[[116]]
180	116	1[[116]]
190	116	1[[116]]
200	116	1[[116]]
210	116	1[[116]]
220	116	1[[116]]
230	116	1[[116]]
240	116	1[[116]]
250	116	1[[116]]
260	116	1[[116]]
270	116	1[[116]]
280	116	1[[116]]
290	116	1[[116]]
300	116	1[[116]]
310	116	1[[116]]
320	116	1[[116]]
330	116	1[[116]]
340	116	1[[116]]
350	116	1[[116]]
360	116	1[[116]]
370	116	1[[116]]
380	116	1[[116]]
390	116	1[[116]]
400	116	1[[116]]
410	116	1[[116]]
420	116	1[[116]]
430	116	1[[116]]
440	116	1[[116]]
450	116	1[[116]]
460	116	1[[116]]
470	116	1[[116]]
480	116	1[[116]]
490	116	1[[116]]
500	116	1[[116]]
510	116	1[[116]]
520	116	1[[116]]
530	116	1[[116]]
540	116	1[[116]]
550	116	1[[116]]
560	116	1[[116]]
570	116	1[[116]]
580	116	1[[116]]
590	116	1[[116]]
600	116	1[[116]]
610	116	1[[116]]
620	116	1[[116]]
630	116	1[[116]]
640	116	1[[116]]
650	116	1[[116]]
660	116	1[[116]]
670	116	1[[116]]
680	116	1[[116]]
690	116	1[[116]]
700	116	1[[116]]
710	116	1[[116]]
720	116	1[[116]]
730	116	1[[116]]
740	116	1[[116]]
750	116	1[[116]]
760	116	1[[116]]
770	116	1[[116]]
780	116	1[[116]]
790	116	1[[116]]
800	116	1[[116]]
810	116	1[[116]]
820	116	1[[116]]
830	116	1[[116]]
840	116	1[[116]]
850	116	1[[116]]
860	116	1[[116]]
870	116	1[[116]]
0	117	1[[117]]
10	117	1[[117]]
20	117	1[[117]]
30	117	1[[117]]
40	117	1[[117]]
50	117	1[[117]]
60	117	1[[117]]
70	117	1[[117]]
80	117	1[[117]]
90	117	1[[117]]
100	117	1[[117]]
110	117	1[[117]]
120	117	1[[117]]
130	117	1[[117]]
140	117	1[[117]]
150	117	1[[117]]
160	117	1[[117]]
170	117	1[[117]]
180	117	1[[117]]
190	117	1[[117]]
200	117	1[[117]]
210	117	1[[117]]
220	117	1[[117]]
230	117	1[[117]]
240	117	1[[117]]
250	117	1[[117]]
260	117	1[[117]]
270	117	1[[117]]
280	117	1[[117]]
290	117	1[[117]]
300	117	1[[117]]
310	117	1[[117]]
320	117	1[[117]]
330	117	1[[117]]
340	117	1[[117]]
350	117	1[[117]]
360	117	1[[117]]
370	117	1[[117]]
380	117	1[[117]]
390	117	1[[117]]
400	117	1[[117]]
410	117	1[[117]]
420	117	1[[117]]
430	117	1[[117]]
440	117	1[[117]]
450	117	1[[117]]
460	117	1[[117]]
470	117	1[[117]]
480	117	1[[117]]
490	117	1[[117]]
500	117	1[[117]]
510	117	1[[117]]
520	117	1[[117]]
530	117	1[[117]]
540	117	1[[117]]
550	117	1[[117]]
560	117	1[[117]]
570	117	1[[117]]
580	117	1[[117]]
590	117	1[[117]]
600	117	1[[117]]
610	117	1[[117]]
620	117	1[[117]]
630	117	1[[117]]
640	117	1[[117]]
650	117	1[[117]]
660	117	1[[117]]
670	117	1[[117]]
680	117	1[[117]]
690	117	1[[117]]
700	117	1[[117]]
710	117	1[[117]]
720	117	1[[117]]
730	117	1[[117]]
740	117	1[[117]]
750	117	1[[117]]
760	117	1[[117]]
770	117	1[[117]]
780	117	1[[117]]
790	117	1[[117]]
800	117	1[[117]]
810	117	1[[117]]
820	117	1[[117]]
830	117	1[[117]]
840	117	1[[117]]
850	117	1[[117]]
860	117	1[[117]]
870	117	1[[117]]
0	118	1[[118]]
10	118	1[[118]]
20	118	1[[118]]
30	118	1[[118]]
40	118	1[[118]]
50	118	1[[118]]
60	118	1[[118]]
70	118	1[[118]]
80	118	1[[118]]
90	118	1[[118]]
100	118	1[[118]]
110	118	1[[118]]
120	118	1[[118]]
130	118	1[[118]]
140	118	1[[118]]
150	118	1[[118]]
160	118	1[[118]]
170	118	1[[118]]
180	118	1[[118]]
190	118	1[[118]]
200	118	1[[118]]
210	118	1[[118]]
220	118	1[[118]]
230	118	1[[118]]
240	118	1[[118]]
250	118	1[[118]]
260	118	1[[118]]
270	118	1[[118]]
280	118	1[[118]]
290	118	1[[118]]
300	118	1[[118]]
310	118	1[[118]]
320	118	1[[118]]
330	118	1[[118]]
340	118	1[[118]]
350	118	1[[118]]
360	118	1[[118]]
370	118	1[[118]]
380	118	1[[118]]
390	118	1[[118]]
400	118	1[[118]]
410	118	1[[118]]
420	118	1[[118]]
430	118	1[[118]]
440	118	1[[118]]
450	118	1[[118]]
460	118	1[[118]]
470	118	1[[118]]
480	118	1[[118]]
490	118	1[[118]]
500	118	1[[118]]
510	118	1[[118]]
520	118	1[[118]]
530	118	1[[118]]
540	118	1[[118]]
550	118	1[[118]]
560	118	1[[118]]
570	118	1[[118]]
580	118	1[[118]]
590	118	1[[118]]
600	118	1[[118]]
610	118	1[[118]]
620	118	1[[118]]
630	118	1[[118]]
640	118	1[[118]]
650	118	1[[118]]
660	118	1[[118]]
670	118	1[[118]]
680	118	1[[118]]
690	118	1[[118]]
700	118	1[[118]]
710	118	1[[118]]
720	118	1[[118]]
730	118	1[[118]]
740	118	1[[118]]
750	118	1[[118]]
760	118	1[[118]]
770	118	1[[118]]
780	118	1[[118]]
790	118	1[[118]]
800	118	1[[118]]
810	118	1[[118]]
820	118	1[[118]]
830	118	1[[118]]
840	118	1[[118]]
850	118	1[[118]]
860	118	1[[118]]
870	118	1[[118]]
0	119	1[[119]]
10	119	1[[119]]
20	119	1[[119]]
30	119	1[[119]]
40	119	1[[119]]
50	119	1[[119]]
60	119	1[[119]]
70	119	1[[119]]
80	119	1[[119]]
90	119	1[[119]]
100	119	1[[119]]
110	119	1[[119]]
120	119	1[[119]]
130	119	1[[119]]
140	119	1[[119]]
150	119	1[[119]]
160	119	1[[119]]
170	119	1[[119]]
180	119	1[[119]]
190	119	1[[119]]
200	119	1[[119]]
210	119	1[[119]]
220	119	1[[119]]
230	119	1[[119]]
240	119	1[[119]]
250	119	1[[119]]
260	119	1[[119]]
270	119	1[[119]]
280	119	1[[119]]
290	119	1[[119]]
300	119	1[[119]]
310	119	1[[119]]
320	119	1[[119]]
330	119	1[[119]]
340	119	1[[119]]
350	119	1[[119]]
360	119	1[[119]]
370	119	1[[119]]
380	119	1[[119]]
390	119	1[[119]]
400	119	1[[119]]
410	119	1[[119]]
420	119	1[[119]]
430	119	1[[119]]
440	119	1[[119]]
450	119	1[[119]]
460	119	1[[119]]
470	119	1[[119]]
480	119	1[[119]]
490	119	1[[119]]
500	119	1[[119]]
510	119	1[[119]]
520	119	1[[119]]
530	119	1[[119]]
540	119	1[[119]]
550	119	1[[119]]
560	119	1[[119]]
570	119	1[[119]]
580	119	1[[119]]
590	119	1[[119]]
600	119	1[[119]]
610	119	1[[119]]
620	119	1[[119]]
630	119	1[[119]]
640	119	1[[119]]
650	119	1[[119]]
660	119	1[[119]]
670	119	1[[119]]
680	119	1[[119]]
690	119	1[[119]]
700	119	1[[119]]
710	119	1[[119]]
720	119	1[[119]]
730	119	1[[119]]
740	119	1[[119]]
750	119	1[[119]]
760	119	1[[119]]
770	119	1[[119]]
780	119	1[[119]]
790	119	1[[119]]
800	119	1[[119]]
810	119	1[[119]]
820	119	1[[119]]
830	119	1[[119]]
840	119	1[[119]]
850	119	1[[119]]
860	119	1[[119]]
870	119	1[[119]]
0	120	1[[120]]
10	120	1[[120]]
20	120	1[[120]]
30	120	1[[120]]
40	120	1[[120]]
50	120	1[[120]]
60	120	1[[120]]
70	120	1[[120]]
80	120	1[[120]]
90	120	1[[120]]
100	120	1[[120]]
110	120	1[[120]]
120	120	1[[120]]
130	120	1[[120]]
140	120	1[[120]]
150	120	1[[120]]
160	120	1[[120]]
170	120	1[[120]]
180	120	1[[120]]
190	120	1[[120]]
200	120	1[[120]]
210	120	1[[120]]
220	120	1[[120]]
230	120	1[[120]]
240	120	1[[120]]
250	120	1[[120]]
260	120	1[[120]]
270	120	1[[120]]
280	120	1[[120]]
290	120	1[[120]]
300	120	1[[120]]
310	120	1[[120]]
320	120	1[[120]]
330	120	1[[120]]
340	120	1[[120]]
350	120	1[[120]]
360	120	1[[120]]
370	120	1[[120]]
380	120	1[[120]]
390	120	1[[120]]
400	120	1[[120]]
410	120	1[[120]]
420	120	1[[120]]
430	120	1[[120]]
440	120	1[[120]]
450	120	1[[120]]
460	120	1[[120]]
470	120	1[[120]]
480	120	1[[120]]
490	120	1[[120]]
500	120	1[[120]]
510	120	1[[120]]
520	120	1[[120]]
530	120	1[[120]]
540	120	1[[120]]
550	120	1[[120]]
560	120	1[[120]]
570	120	1[[120]]
580	120	1[[120]]
590	120	1[[120]]
600	120	1[[120]]
610	120	1[[120]]
620	120	1[[120]]
630	120	1[[120]]
640	120	1[[120]]
650	120	1[[120]]
660	120	1[[120]]
670	120	1[[120]]
680	120	1[[120]]
690	120	1[[120]]
700	120	1[[120]]
710	120	1[[120]]
720	120	1[[120]]
730	120	1[[120]]
740	120	1[[120]]
750	120	1[[120]]
760	120	1[[120]]
770	120	1[[120]]
780	120	1[[120]]
790	120	1[[120]]
800	120	1[[120]]
810	120	1[[120]]
820	120	1[[120]]
830	120	1[[120]]
840	120	1[[120]]
850	120	1[[120]]
860	120	1[[120]]
870	120	1[[120]]