T_mu,sigma,ω₀,n_B,P,e
"(17.0, 905.0047428028663)",87.56637463950993,1.8666086336967158,0.02519552113639492,0.24066675165715004,22.56139937417012
"(18.0, 905.0047428028663)",82.75419060666546,3.9511340282643617,0.05333315163604303,0.3548332503018427,47.91192192894155
"(19.0, 905.0047428028663)",77.20233662926651,6.776343746498495,0.09147154140233175,0.5492911872842565,82.23288761331473
"(20.0, 905.0047428028663)",75.31126234182459,7.881251371706134,0.10638268019758727,0.7840532902187072,95.49277684067835
"(21.0, 905.0047428028663)",74.07479661407413,8.657494898154962,0.11685710516411338,1.0430865180481526,104.71314788568777
"(22.0, 905.0047428028663)",73.11756432802285,9.2919381321025,0.12542312402176112,1.3225353727011182,112.18598672414481
"(23.0, 905.0047428028663)",72.32141393121671,9.84480498645863,0.13288526775564086,1.6206307017992556,118.64116686568453
"(24.0, 905.0047428028663)",71.63299717133496,10.343535432451167,0.139613582702159,1.9363656587527334,124.41458884640139
"(25.0, 905.0047428028663)",71.017139757719,10.80599543398484,0.14585830429854693,2.269097323776192,129.7333598435925
"(26.0, 905.0047428028663)",0.0,0.0,3.4365996343188425,163.98096470031805,2946.15800347283
"(27.0, 905.0047428028663)",69.94449054242801,11.653461751525423,0.15729568836676242,2.9839180571283435,139.36942593723327
"(28.0, 905.0047428028663)",69.46569175012672,12.049654469883837,0.16264910366247767,3.3654585411557836,143.8327516860216
"(29.0, 905.0047428028663)",69.01799304910527,12.431723138784104,0.16780171123073903,3.762834249861566,148.09851026439426
"(30.0, 905.0047428028663)",68.59438034948795,12.802810000753349,0.1728121798157975,4.175909149137103,152.2199331982614
"(31.0, 905.0047428028663)",68.19250062441613,13.16439128517059,0.1776925028392155,4.604583152679935,156.2079746773219
"(32.0, 905.0047428028663)",67.80937639627743,13.51795467931329,0.18246491600019193,5.048775826316264,160.08283854898406
"(33.0, 905.0047428028663)",67.44226080858688,13.864802156701408,0.18715053011147814,5.508428356545219,163.86368901241315
"(34.0, 905.0047428028663)",67.09067629470162,14.20554977614962,0.19174607032252564,5.983499833304819,167.5476032223928
"(35.0, 905.0047428028663)",66.75169448471162,14.541328896379301,0.1962786222705336,6.4739597997488,171.15912426589642
"(36.0, 905.0047428028663)",66.4245240044469,14.872682220476305,0.2007510097135317,6.979792388793105,174.70082352441733
"(37.0, 905.0047428028663)",66.10798593573665,15.200189058118324,0.20517170302093735,7.500989767887197,178.1803745550023
"(38.0, 905.0047428028663)",65.80113876152448,15.524332442662491,0.2095469810866198,8.03755540744012,181.60345631597332
"(39.0, 905.0047428028663)",65.50313562326608,15.84553715216677,0.21388257432439026,8.589500960838333,184.9752432056214
"(40.0, 905.0047428028663)",65.2132313971939,16.164176342123202,0.21818355447048815,9.156846697556649,188.30030489982266
"(41.0, 905.0047428028663)",64.93040760702245,16.48070980003816,0.22245725568021596,9.739619398880984,191.5852520626243
"(42.0, 905.0047428028663)",64.65520282363886,16.795082046346593,0.22669701323447136,10.337854144960625,194.82401801148012
"(43.0, 905.0047428028663)",64.38579692036085,17.107843425212103,0.23092108483740528,10.951594909811625,198.0330820812232
"(44.0, 905.0047428028663)",64.1216925886419,17.419301061985827,0.23513125494040454,11.58089026153149,201.2140106407245
"(45.0, 905.0047428028663)",63.86412849303305,17.72939511156891,0.23930924798999362,12.225799085253248,204.3502053422783
"(46.0, 905.0047428028663)",63.61071869687201,18.038567481145954,0.24348468857490227,12.886383993534087,207.46841396663135
"(47.0, 905.0047428028663)",63.36326666932799,18.346883075634054,0.24762745422824936,13.562717138806136,210.5413033859592
"(47.99999999999999, 905.0047428028663)",63.11818546318434,18.65469508485733,0.2517881055131618,14.254876841854925,213.61455282890503
"(49.0, 905.0047428028663)",62.87673777860262,18.961954620737192,0.25594782454175585,14.962947411864137,216.67104770850077
"(50.0, 905.0047428028663)",62.63947864998126,19.26894670034597,0.2600917902955624,15.687023988378199,219.69727979319433
"(51.0, 905.0047428028663)",62.405402379024984,19.575784104241226,0.2642340741956827,16.42720527251785,222.70588508469942
"(52.0, 905.0047428028663)",62.174337786659784,19.882616562161502,0.2683746238814623,17.18359657374313,225.69671088691564
"(53.0, 905.0047428028663)",61.94579816774358,20.18957944473907,0.27251865034980366,17.956310899825823,228.67436016898247
"(54.0, 905.0047428028663)",61.71969534683967,20.496799301157232,0.2766652224098185,18.74546565873002,231.63787279076553
"(55.0, 905.0047428028663)",61.48978747751475,20.803891340526604,0.2809199830890046,19.55119429759751,234.68272274605266
"(56.0, 905.0047428028663)",61.27358595986386,21.112494866757253,0.2849763773365216,20.37362364950431,237.531349426827
"(57.0, 905.0047428028663)",61.05364023284307,21.42131993038614,0.2891331328546707,21.212894973793265,240.45396156113497
"(58.0, 905.0047428028663)",60.83360095104083,21.731305777960124,0.29332847780815036,22.06915444872716,243.39450916679422
"(59.0, 905.0047428028663)",60.616519086109335,22.040877366553946,0.2975070564856858,22.942552443926242,246.30274469293963
"(59.99999999999999, 905.0047428028663)",60.39985267830715,22.35204495752793,0.3017073555028021,23.833249657523908,249.21333801102244
"(61.0, 905.0047428028663)",60.18408065014526,22.66422636987359,0.3059211015476447,24.74140920246564,252.11863862163008
"(61.99999999999999, 905.0047428028663)",59.968969880470056,22.977527419368492,0.3101499382020735,25.667198843319632,255.01996620957277
"(63.0, 905.0047428028663)",59.75439063068629,23.29201814071139,0.31439493782575767,26.610795697703267,257.91811414781967
"(64.0, 905.0047428028663)",59.540168331111694,23.60778948269373,0.3186572389885528,27.572379932196608,260.8139326809101
"(65.0, 905.0047428028663)",59.32614926230008,23.924924107474325,0.32293787362933923,28.552137402665057,263.70816986255966
"(66.0, 905.0047428028663)",59.112185143455484,24.24349697768423,0.3272379602818728,29.550258991651315,266.6016470885795
"(67.0, 905.0047428028663)",58.89813538315802,24.563583481172277,0.33155847631991037,30.566940416355745,269.49505316965497
"(68.0, 905.0047428028663)",58.68386634021684,24.885254633935954,0.3359003834837799,31.602382032225464,272.3890581298969
"(69.0, 905.0047428028663)",58.46925065752106,25.208578708721458,0.3402645986926776,32.656788632665375,275.28428699212185
"(70.0, 905.0047428028663)",58.2541680260772,25.533620403748877,0.3446520024404245,33.73036924537743,278.18132757971176
"(71.0, 905.0047428028663)",58.0385038189306,25.8604420424993,0.34906342998707335,34.82333692574124,281.08072275159645
"(72.0, 905.0047428028663)",57.82215001803265,26.18910260708132,0.35349968054551817,35.935908547655195,283.98297892533685
"(73.0, 905.0047428028663)",57.6050043456531,26.519658444721546,0.3579615127932678,37.0683045921881,286.8885622266082
"(74.0, 905.0047428028663)",57.38697044394819,26.852163028945014,0.362449647572827,38.22074893434626,289.79790114628963
"(74.99999999999999, 905.0047428028663)",57.167957936530065,27.186666835220883,0.366964769613692,39.39346862825996,292.7113883136925
"(76.0, 905.0047428028663)",56.94788171651003,27.52321787881708,0.3715075245386774,40.58669369106611,295.6293780033892
"(77.0, 905.0047428028663)",56.72665462777705,27.861867886092462,0.37607847542999473,41.80065688570701,298.55214704450947
"(78.0, 905.0047428028663)",56.50422565371724,28.202639646568574,0.3806783369804212,43.0355935029002,301.48010694668875
"(78.99999999999999, 905.0047428028663)",56.28050284839098,28.545592700926743,0.38530750632378824,44.2917411424864,304.41337951808737
"(80.0, 905.0047428028663)",56.05543012508278,28.89075774460418,0.3899665329912653,45.56933949436945,307.35222239711607
"(81.0, 905.0047428028663)",55.828947809291805,29.238174736602424,0.39465576950131276,46.86863011929157,310.2967130539113
"(82.00000000000001, 905.0047428028663)",55.6010049272685,29.587859825566184,0.39937599435828447,48.18985622958214,313.2473128262761
"(83.0, 905.0047428028663)",55.37154956028026,29.939858521878236,0.40412726108818847,49.533262470213685,316.2038255105291
"(84.0, 905.0047428028663)",55.14053842864659,30.294192550704807,0.4089100482935082,50.89909470026402,319.16643838511
"(85.0, 905.0047428028663)",54.9079318792925,30.650886232583904,0.41372469160376857,52.28759977512735,322.13520834093634
"(86.00000000000001, 905.0047428028663)",54.673694422175686,31.00996202212874,0.41857148337154704,53.699025329648954,325.1101523236322
"(87.0, 905.0047428028663)",54.437795463366925,31.371439282411572,0.42345069143170194,55.13361956249998,328.0912645263433
"(88.0, 905.0047428028663)",54.20020822478791,31.735335330003153,0.4283625485009993,56.591631022022256,331.07850701050495
"(89.0, 905.0047428028663)",53.96091044629609,32.10166495065184,0.4333072533339806,58.07330839387082,334.0718109642647
"(90.00000000000001, 905.0047428028663)",53.719883718895964,32.470440600319044,0.4382849747864089,59.57890029074341,337.0710805901913
"(91.0, 905.0047428028663)",53.477113675360435,32.84167238376744,0.44329584903897373,61.10865504452844,340.07619080056617
"(92.0, 905.0047428028663)",53.23258976984006,33.21536807888841,0.4483399816206741,62.66282050121262,343.0869892536474
"(93.0, 905.0047428028663)",52.98630529664653,33.59153321134656,0.4534174447822606,64.24164381889739,346.10329417860527
"(94.0, 905.0047428028663)",52.738256900412566,33.9701710257898,0.4585282847556524,65.8453712693098,349.1249011438188
"(95.0, 905.0047428028663)",52.488444961658956,34.35128252684292,0.46367251477243604,67.4742480431529,352.15157693323374
"(96.0, 905.0047428028663)",52.236873237816376,34.734866497272044,0.4688501193725893,69.1285180597449,355.18306363613846
"(97.0, 905.0047428028663)",51.98354876450851,35.12091972078383,0.4740610499131043,70.80842378128501,358.21907476818075
"(98.0, 905.0047428028663)",51.72848138814398,35.509436656970294,0.4793052391081203,72.51420603220815,361.2593086109026
"(99.0, 905.0047428028663)",51.4716849371291,35.90040925746506,0.48458258862656384,74.24610382400145,364.30343716272915
"(100.0, 905.0047428028663)",51.21317392157952,36.293829616123,0.48989294978125697,76.00435418591907,367.35108883180493
"(101.0, 905.0047428028663)",50.95296853589493,36.68968463350654,0.4952361855049288,77.78919200200286,370.4019046875578
"(102.0, 905.0047428028663)",50.691166819450906,37.087985328385415,0.5006103866642054,79.60084985494932,373.4539243725333
"(102.99999999999999, 905.0047428028663)",50.42763383987172,37.48867692940002,0.506018634265615,81.43955787650647,376.5097060805041
"(104.0, 905.0047428028663)",50.16240925661745,37.891716412283564,0.5114611656846005,83.30554360596662,379.5692370980795
"(105.0, 905.0047428028663)",49.89566235552464,38.29715868148881,0.5169338103953017,85.19903185753186,382.62851826537377
"(106.0, 905.0047428028663)",49.627350827048396,38.70495052902262,0.5224381673351182,87.12024459297703,385.6887746665424
"(106.99999999999999, 905.0047428028663)",49.35750710534155,39.11506952863593,0.5279739368977506,89.06940080587295,388.7495161628926
"(108.0, 905.0047428028663)",49.086165383721394,39.52749171433352,0.5335407970071945,91.04671641333981,391.8102353569925
"(109.00000000000001, 905.0047428028663)",48.81336137547283,39.94219178887958,0.5391384016996023,93.05240415731333,394.87040640798364
"(110.0, 905.0047428028663)",48.53913231123471,40.359142812792214,0.5447663897190943,95.08667351529704,397.92949290007795
"(111.0, 905.0047428028663)",48.26351686725546,40.77831661233639,0.5504243756937408,97.14973062088634,400.9869399362558
"(112.0, 905.0047428028663)",47.986554637514516,41.19968345435145,0.5561119669540491,99.2417781942794,404.04218942856585
"(113.0, 905.0047428028663)",47.708286515593116,41.62321285267231,0.5618287378286873,101.36301548296493,407.09465689494516
"(114.00000000000001, 905.0047428028663)",47.428754069000604,42.04887223100382,0.5675742744163528,103.51363821275274,410.14377202694203
"(115.0, 905.0047428028663)",47.14799979237441,42.47662912705701,0.5733481143676831,105.69383854929217,413.1889242305412
"(116.0, 905.0047428028663)",46.86606653916779,42.906449281226905,0.5791498059896606,107.90380507014007,416.22951614386267
"(117.0, 905.0047428028663)",46.58299806310265,43.338297884992464,0.5849788687300153,110.14372274748648,419.2649278926327
"(118.0, 905.0047428028663)",46.29883769280203,43.77213890885261,0.5908348313086798,112.41377294155167,422.29455160593494
"(119.0, 905.0047428028663)",46.013630055233186,44.20793608843649,0.5967171815622586,114.71413340464791,425.31774602115524
"(120.0, 905.0047428028663)",45.72744864393968,44.64561585701632,0.6026259470063079,117.04497829591513,428.3343618808623
"(17.0, 905.0426582370496)",87.52854021123362,1.8816732616491951,0.025398839211189336,0.24162589593084,22.745407059899364
"(18.0, 905.0426582370496)",82.53957485464335,4.051024951489737,0.054682798652013885,0.35688023510210354,49.1333852167579
"(19.0, 905.0426582370496)",77.1410783597476,6.811057315720598,0.09193462458963785,0.552767353738262,82.6519896688928
"(20.0, 905.0426582370496)",75.27495766563466,7.903794404840639,0.10667856390409997,0.7880924544174366,95.76055859826016
"(21.0, 905.0426582370496)",74.0468439878168,8.675870232220781,0.11709616371198446,1.0475224007096509,104.92950087454551
"(22.0, 905.0426582370496)",73.09271626614765,9.308494783299036,0.12564612157530994,1.3272945090897437,112.3878053586043
"(23.0, 905.0426582370496)",72.30040108124123,9.85938806737256,0.13308217370787076,1.6256713083074887,118.81937294822868
"(24.0, 905.0426582370496)",71.61320222432163,10.357363843152658,0.1398041358493878,1.9416630197421783,124.58704372192138
"(25.0, 905.0426582370496)",70.99867614160706,10.819036090478914,0.14604126726562455,2.274630240303908,129.89894649808434
"(26.0, 905.0426582370496)",70.51357381649422,11.200815732748193,0.15118825584304105,2.624178749554934,134.2076422128541
"(27.0, 905.0426582370496)",69.93075115364137,11.664249226911652,0.15744242149263593,2.9898845943704333,139.5022230726028
"(28.0, 905.0426582370496)",69.45291636750333,12.059987821106292,0.16278774315558803,3.371627319950955,143.95822447399252
"(29.0, 905.0426582370496)",69.00577607317834,12.441735312873893,0.16793663415732427,3.769196392918116,148.22062140020958
"(30.0, 905.0426582370496)",68.58257096202404,12.812541447055198,0.1729451972383457,4.182464618316579,152.3403164196067
"(31.0, 905.0426582370496)",68.18180192970817,13.173621748513295,0.17781642741287604,4.611322009939649,156.32013013402505
"(32.0, 905.0426582370496)",67.7991058234775,13.526916910680537,0.18258648870944727,5.05569596491168,160.19286513485554
"(33.0, 905.0426582370496)",67.43299766372337,13.873372134928982,0.18726257846160335,5.515524487660319,163.96509731155325
"(34.0, 905.0426582370496)",67.081182634862,14.214032594863351,0.19186328701807714,5.990771142976125,167.65368815796245
"(35.0, 905.0426582370496)",66.74246598907112,14.549914356970637,0.1963955629108234,6.4814040104783945,171.2649583122949
"(36.0, 905.0426582370496)",66.41606770769617,14.880693926600369,0.20085944299024053,6.987401515582764,174.79896270031765
"(37.0, 905.0426582370496)",66.09981851901755,15.208031006401976,0.20527832798188658,7.508770661252121,178.27687297393146
"(38.0, 905.0426582370496)",65.79336758740318,15.531991587728402,0.20965034721865936,8.045502744687798,181.69700480240812
"(39.0, 905.0426582370496)",65.4956854066234,15.853047783001678,0.21398325440174748,8.597612944154546,185.06636043781785
"(40.0, 905.0426582370496)",65.20603695429696,16.171541507322328,0.21828261403386195,9.16512146682549,188.38995578531285
"(41.0, 905.0426582370496)",64.92375578860023,16.48782338960567,0.2225525231421295,9.748055567744185,191.6714715741712
"(42.0, 905.0426582370496)",64.64838457808604,16.802162357602676,0.22679512120386727,10.346452047288738,194.91280732225317
"(43.0, 905.0426582370496)",64.37907415199739,17.11488417878121,0.23101886918102119,10.960351718773229,198.12157974773538
"(44.0, 905.0426582370496)",64.11585085981862,17.42611471672577,0.2352182291890851,11.58980242571707,201.29272898538412
"(45.0, 905.0426582370496)",63.85798392772271,17.736216632636566,0.2394004527307579,12.234874238362442,204.43274788423588
"(46.0, 905.0426582370496)",63.604789560749495,18.045293179802357,0.24357408061413235,12.895615464952833,207.54931793170692
"(47.0, 905.0426582370496)",63.35569110705046,18.353541586446113,0.2477446466832713,13.572107846175278,210.64736575205123
"(47.99999999999999, 905.0426582370496)",63.11174826906019,18.661208961913445,0.25188966291292353,14.264426281519922,213.70646382362676
"(49.0, 905.0426582370496)",62.871208317525316,18.968430438456682,0.25603513983025017,14.972655158920102,216.7500683951442
"(50.0, 905.0426582370496)",62.63410677766258,19.275350923362975,0.2601777375592901,15.696888998959638,219.7750622158017
"(51.0, 905.0426582370496)",62.40019521939525,19.5821137995161,0.26431872842921283,16.437225421777224,222.7824991776344
"(52.0, 905.0426582370496)",62.169114178442555,19.88889168754988,0.26846044115818407,17.193773558410086,225.77437773888389
"(53.0, 905.0426582370496)",61.940786634425606,20.19579325409861,0.2726021988728209,17.966645960417928,228.74997274870475
"(54.0, 905.0426582370496)",61.71481747360315,20.502953553901165,0.2767476733099546,18.755958319437035,231.71249159392283
"(55.0, 905.0426582370496)",61.49090118115953,20.810491855625347,0.2808996027883256,19.56184300633099,234.6642801989466
"(56.0, 905.0426582370496)",61.268913147661834,21.118549063867835,0.2850573076494966,20.384430017936126,237.60459344706075
"(57.0, 905.0426582370496)",61.048612137447684,21.427207187310344,0.28922318161492755,21.223860210276758,240.53545690227423
"(58.0, 905.0426582370496)",60.82973033059236,21.736592782931947,0.2933991791110892,22.080277270300655,243.45849571696775
"(59.0, 905.0426582370496)",60.61208007261921,22.046798862672517,0.2975865447979605,22.953834791435657,246.37468276808931
"(59.99999999999999, 905.0426582370496)",60.395506197836035,22.35791860130118,0.30178634075793104,23.844684507007226,249.28482755218275
"(61.0, 905.0426582370496)",60.17977934112946,22.67007839469422,0.3059996192557429,24.753009333517042,252.1896994972256
"(61.99999999999999, 905.0426582370496)",59.9647332342777,22.983334009386567,0.3102283208757285,25.678959798801326,255.09090438698442
"(63.0, 905.0426582370496)",59.75022098575963,23.297791694867886,0.3144728599561828,26.622717595344533,257.9886355228066
"(64.0, 905.0426582370496)",59.53606331298464,23.61353185040752,0.31873471153088334,27.584463427914734,260.8840471684151
"(65.0, 905.0426582370496)",59.32210527499849,23.93063543305662,0.3230149657077519,28.564383193771125,263.7779400207221
"(66.0, 905.0426582370496)",59.10819938538071,24.249179895650027,0.32731466883632904,29.562667815137313,266.6710701484735
"(67.0, 905.0426582370496)",58.89420515177125,24.569239489697463,0.3316348231564064,30.57951304723445,269.5641488662135
"(68.0, 905.0426582370496)",58.67998882836785,24.89088538953711,0.3359763874058179,31.615119281911273,272.45784348073096
"(69.0, 905.0426582370496)",58.46542368765307,25.21418531805798,0.3403402816211341,32.669691347388024,275.35278183614923
"(70.0, 905.0426582370496)",58.25038877326204,25.53920464338327,0.34472737911411366,33.74343830462454,278.2495452559041
"(71.0, 905.0426582370496)",58.034770102945565,25.86600511881967,0.3491385186152669,34.83657324074325,281.14867973976357
"(72.0, 905.0426582370496)",57.8184600419664,26.194645401548236,0.35357450089873127,35.94931305988752,284.0506931183383
"(73.0, 905.0426582370496)",57.60135556614182,26.525182592827857,0.3580360768617641,37.08187827190346,286.9560444758321
"(74.0, 905.0426582370496)",57.38336141914684,26.85766916444458,0.362523974719096,38.234492779123364,289.8651689753082
"(74.99999999999999, 905.0426582370496)",57.16438620452569,27.19215657972274,0.3670388697553822,39.40738366158763,292.7784506981457
"(76.0, 905.0426582370496)",56.94434604112123,27.52869173359107,0.3715814161636698,40.600780960927324,295.6962516753278
"(77.0, 905.0426582370496)",56.72316074466226,27.867320506704264,0.376152216641431,41.81491746319878,298.6188845877205
"(78.0, 905.0426582370496)",56.500756527838,28.208085111554244,0.3807518465129086,43.05002848086016,301.54663481584777
"(78.99999999999999, 905.0426582370496)",56.27706427547683,28.551025662717638,0.385380840411564,44.30635163413941,304.47974860557065
"(80.0, 905.0426582370496)",56.05202089318288,28.896178783476746,0.3900397059050523,45.58412663199214,307.4184456183135
"(81.0, 905.0426582370496)",55.82556778951286,29.243579025084912,0.39472891060708387,46.88359505287535,310.3629074859746
"(82.00000000000001, 905.0426582370496)",55.59765019658059,29.593259420039068,0.3994488778086426,48.20500012554263,313.3132740761977
"(83.0, 905.0426582370496)",55.368220104837796,29.945248531158654,0.40420001523218446,49.54858651006557,316.2696697351266
"(84.0, 905.0426582370496)",55.13723300537226,30.29957363556862,0.40898268413237454,50.91460007935654,319.2321755407313
"(85.0, 905.0426582370496)",54.90464917701977,30.656259277941796,0.41379721522192686,52.30328770135483,322.20084393418637
"(86.00000000000001, 905.0426582370496)",54.67043340213597,31.015327506236897,0.4186439064374291,53.714897022201185,325.17569691467236
"(87.0, 905.0426582370496)",54.43455535187756,31.376797494173765,0.42352302606169845,55.14967625060517,328.1567290808737
"(88.0, 905.0426582370496)",54.19698766812492,31.74068723216041,0.42843479823444297,56.607873943709095,331.14389473164516
"(89.0, 905.0426582370496)",53.95770802355003,32.10701155081324,0.4333794211171329,58.089738794746104,334.1371245183376
"(90.00000000000001, 905.0426582370496)",53.71669921284738,32.47578158096096,0.43835707849987043,59.59551942277803,337.13633615977176
"(91.0, 905.0426582370496)",53.47394536542195,32.847009191867876,0.4433678842957456,61.12546416485749,340.1413844151007
"(92.0, 905.0426582370496)",53.22943718456214,33.22070073573612,0.44841196087335494,62.679820870949655,343.1521321831593
"(93.0, 905.0426582370496)",52.983167504930115,33.5968621700602,0.45348937606489564,64.25883670197041,346.1683936940638
"(94.0, 905.0426582370496)",52.73513374922725,33.97549617377736,0.45860017862418173,65.86275793129404,349.1899667987212
"(95.0, 905.0426582370496)",52.48533466300206,34.35660540581885,0.46374436377550243,67.49182975014604,352.21660198368403
"(96.0, 905.0426582370496)",52.23377607222545,34.740186369984514,0.4689219426965158,69.14629607723376,355.24806544650244
"(97.0, 905.0426582370496)",51.980463414433466,35.12623749006144,0.4741328484990544,70.82639937305142,358.28405419003707
"(98.0, 905.0426582370496)",51.725407350638385,35.51475271095227,0.4793770146567754,72.53238045924014,361.324267183469
"(99.0, 905.0426582370496)",51.46862103247213,35.905724493978035,0.48465433941288777,74.26447834343499,364.3683733249262
"(100.0, 905.0426582370496)",51.21011978779774,36.29914408962277,0.48996468311660846,76.02293004999774,367.41600920013127
"(101.0, 905.0426582370496)",50.949923809347624,36.694998385965064,0.49530790874185465,77.80797045706369,370.46681591649843
"(102.0, 905.0426582370496)",50.68812045516392,37.09330206358289,0.500682168190202,79.61983214046936,373.5188882902806
"(102.99999999999999, 905.0426582370496)",50.424604087847705,37.493991175298845,0.5060903517640483,81.45874522399095,376.57461204466676
"(104.0, 905.0426582370496)",50.15939027873031,37.89702849602901,0.5115328978149135,83.32493723820271,379.63415637590776
"(105.0, 905.0426582370496)",49.8926498621982,38.30247215310307,0.5170055305977714,85.21863298760059,382.6934267478628
"(106.0, 905.0426582370496)",49.62434521313991,38.71026438833415,0.5225098969581953,87.1400544233594,385.75369167485263
"(106.99999999999999, 905.0426582370496)",49.35450800619282,39.12038413390662,0.52804567334838,89.08942052762423,388.8144393501665
"(108.0, 905.0426582370496)",49.08317227347205,39.532807119180845,0.5336125475261975,91.0669472052698,391.87517127648385
"(109.00000000000001, 905.0426582370496)",48.810374817553885,39.9475068127873,0.5392101892405122,93.07284718521734,394.93537583351844
"(110.0, 905.0426582370496)",48.53615023298065,40.364460518600566,0.5448381658119673,95.10732993120588,397.9944519642554
"(111.0, 905.0426582370496)",48.26053971993231,40.783635590032844,0.5504961702464909,97.17060156236549,401.05191570683405
"(112.0, 905.0426582370496)",47.983582056261056,41.20500377798559,0.5561837831921476,99.26286478375891,404.1071848248012
"(113.0, 905.0426582370496)",47.705318698010075,41.62853261083758,0.5619006222562325,101.38431882710947,407.15971400472347
"(114.00000000000001, 905.0426582370496)",47.42578992142634,42.05419577774988,0.5676461287443566,103.53515940187073,410.2088018948922
"(115.0, 905.0426582370496)",47.14503919973376,42.481954236179774,0.5734199973451569,105.71557865678098,413.25398002676184
"(116.0, 905.0426582370496)",46.863109562806514,42.91177621673616,0.579221708540733,107.92576515197607,416.2945896543346
"(117.0, 905.0426582370496)",46.58026083785555,43.34374171614053,0.5850445856281185,110.16590384483118,419.3244031192344
"(118.0, 905.0426582370496)",46.295886481255714,43.777469266381374,0.5909067958203001,112.4361760680126,422.35968119152943
"(119.0, 905.0426582370496)",46.01068155030098,44.21326832975461,0.5967891722047772,114.73675956434671,425.38289925495326
"(120.0, 905.0426582370496)",45.72451027964599,44.650941871720285,0.6026980678452264,117.06782847084628,428.39963296613104
"(17.0, 905.1183452791875)",87.45093781036962,1.9126430959518017,0.025816805216323804,0.2435639750360345,23.12370004275806
"(18.0, 905.1183452791875)",82.09991590098134,4.258038729129019,0.0574758676512478,0.3611199821670326,51.66134223981595
"(19.0, 905.1183452791875)",77.01580427820535,6.881987348582408,0.09287970402519495,0.5597642250304256,83.50735979227471
"(20.0, 905.1183452791875)",75.19240063912866,7.953411770605533,0.10734949760291818,0.7961933797217183,96.36780625718367
"(21.0, 905.1183452791875)",73.9838323957209,8.715568335445623,0.11763715842301448,1.0564070596838437,105.41914311550066
"(22.0, 905.1183452791875)",73.04530852863721,9.340770131492262,0.12606926834772655,1.336821786664535,112.77078577078757
"(23.0, 905.1183452791875)",72.25694255524756,9.889191530784377,0.1334871469748759,1.635760260617761,119.1859053253216
"(24.0, 905.1183452791875)",71.57330357517357,10.385176510998184,0.14018694113220426,1.9522579837742036,124.9335142035574
"(25.0, 905.1183452791875)",70.96575149937219,10.843597256844653,0.14636911484795953,2.2856962661578213,130.19567476500663
"(26.0, 905.1183452791875)",70.42808243290867,11.264011300279629,0.15204126795584144,2.635651031151301,134.97968983518945
"(27.0, 905.1183452791875)",69.90242096903485,11.686237059326771,0.15774123149542593,3.0018124826643913,139.77266995077676
"(28.0, 905.1183452791875)",69.42673092216796,12.080851554694474,0.1630715014238679,3.3839594532395463,144.21504807772445
"(29.0, 905.1183452791875)",68.98084056658948,12.461878263698079,0.1682122832918505,3.7819202691758145,148.47010323957784
"(30.0, 905.1183452791875)",68.56012671744783,12.831572282144016,0.17319995016490755,4.195563791708896,152.57088850398995
"(31.0, 905.1183452791875)",68.15977184755876,13.192197190056355,0.17807229878371075,4.624789806843196,156.55171460833014
"(32.0, 905.1183452791875)",67.77924126503727,13.54465453072774,0.18282153866408343,5.069524679988331,160.40560387704184
"(33.0, 905.1183452791875)",67.41377950578635,13.890611360807267,0.18749605142200124,5.52970812966321,164.17640767979998
"(34.0, 905.1183452791875)",67.06307674429743,14.230786585059915,0.19208681325141727,6.005301032951083,167.855997527124
"(35.0, 905.1183452791875)",66.72538059703999,14.565912225314305,0.1966095736156505,6.496276237277302,171.4586556997669
"(36.0, 905.1183452791875)",66.39930584386893,14.896663532381035,0.2010745783117601,7.002616257214896,174.99367334203578
"(37.0, 905.1183452791875)",66.08388171103499,15.223684191843132,0.2054849956608041,7.524315207653083,178.46392404455494
"(38.0, 905.1183452791875)",65.77787168487222,15.547275621320802,0.20985665341146287,8.061378423468517,181.8837284581427
"(39.0, 905.1183452791875)",65.4807191259437,15.868026463786643,0.21418620250731732,8.61381557402258,185.25004562103342
"(40.0, 905.1183452791875)",65.1911774704405,16.18635805428366,0.21848611452907257,9.181649822660171,188.574140626373
"(41.0, 905.1183452791875)",64.9097277653876,16.502380252715923,0.2227466492691083,9.764907403287996,191.84717119965083
"(42.0, 905.1183452791875)",64.63496791275189,16.81634434294629,0.2269866174820945,10.36362427718545,195.0861273387278
"(43.0, 905.1183452791875)",64.36622156442796,17.128825500901698,0.23120444692885456,10.977843425338937,198.2895430000956
"(44.0, 905.1183452791875)",64.10311791223418,17.439911071886588,0.23540501342414066,11.60761362994718,201.4617825909359
"(45.0, 905.1183452791875)",63.8456291028131,17.74976195707859,0.2395857859265612,12.252998306026887,204.60049180423584
"(46.0, 905.1183452791875)",63.59292610294446,18.05866335364804,0.24375440814831462,12.914060036887744,207.71252652082248
"(47.0, 905.1183452791875)",63.34472131891798,18.366767288273525,0.2479127444635715,13.590865727984626,210.79950731450523
"(47.99999999999999, 905.1183452791875)",63.100510520811596,18.674278222214404,0.25206486870206923,14.283496949943915,213.86503991268864
"(49.0, 905.1183452791875)",62.86016112079328,18.981368684727233,0.25620935780798015,14.992040710459523,216.90774927374272
"(50.0, 905.1183452791875)",62.62336725097977,19.28813700984195,0.2603497176117929,15.716587813103422,219.93071778558627
"(51.0, 905.1183452791875)",62.38973967280934,19.59476404017256,0.26448851641279364,16.457238897124505,222.93616942377048
"(52.0, 905.1183452791875)",62.15890511586408,19.901406571489378,0.26862866027556986,17.214099519434747,225.92662896375404
"(53.0, 905.1183452791875)",61.930455756560036,20.208189474155134,0.27277431127608887,17.987278911660955,228.90575434522262
"(54.0, 905.1183452791875)",61.70500505269764,20.51523774729702,0.27691350277850946,18.776911903647562,231.86257951670058
"(55.0, 905.1183452791875)",61.48127314588382,20.822684953996934,0.2810639866454734,19.58311023446946,234.81306027565304
"(56.0, 905.1183452791875)",61.25954555614912,21.130645802699302,0.2852191932683975,20.40601076832843,237.7511134846283
"(57.0, 905.1183452791875)",61.0393286770427,21.439200622156495,0.2893855891516147,21.245755948687176,240.6824496518651
"(58.0, 905.1183452791875)",60.82063082603757,21.748487820125753,0.29356040783013987,22.10248968439721,243.60442089030238
"(59.0, 905.1183452791875)",60.60319959708606,22.058600360080007,0.2977461355121908,22.976364620343116,246.51912486772375
"(59.99999999999999, 905.1183452791875)",60.38681131268874,22.369673157431954,0.301943564665367,23.86753853483552,249.4271210827808
"(61.0, 905.1183452791875)",60.17116203067252,22.681726534534974,0.30615769469242304,24.776175286705822,252.3327707277908
"(61.99999999999999, 905.1183452791875)",59.956279098357044,22.994924673699288,0.3103847881288766,25.70244598368893,255.23251984735109
"(63.0, 905.1183452791875)",59.74190154359741,23.30931521251848,0.31462842194868035,26.646525002584678,258.12943164940685
"(64.0, 905.1183452791875)",59.527871209407444,23.624992675077472,0.318889411221739,27.60859336965901,261.0240628424158
"(65.0, 905.1183452791875)",59.314035903903125,23.942035564328265,0.32316886171233306,28.58883706465211,263.9172282941733
"(66.0, 905.1183452791875)",59.10024533891458,24.26052412501518,0.3274677932709807,29.58744708887126,266.8096600887858
"(67.0, 905.1183452791875)",58.88636159682444,24.58053026801479,0.3317872240422489,30.604619273315173,269.7020839365802
"(68.0, 905.1183452791875)",58.67229395584755,24.902083832582505,0.3361284645827401,31.640554082391432,272.5954855819722
"(69.0, 905.1183452791875)",58.45778557327545,25.22537800931888,0.34049135417239,32.69545641365395,275.48951465672945
"(70.0, 905.1183452791875)",58.242846475296,25.550352078020435,0.3448778461072188,33.76953539441533,278.3857299976008
"(71.0, 905.1183452791875)",58.02731900431597,25.87710996714242,0.34928841407533817,34.863004175041645,281.2843471980201
"(72.0, 905.1183452791875)",57.81109639962238,26.2057095754752,0.35372386296778124,35.97607971996545,284.1858778151948
"(73.0, 905.1183452791875)",57.5940737222942,26.536209920131007,0.35818492444298783,37.10898259638631,287.0907635194016
"(74.0, 905.1183452791875)",57.376157906549935,26.868661441771547,0.3626723422276859,38.261936761113226,289.99945351453704
"(74.99999999999999, 905.1183452791875)",57.157257898817896,27.203115375345973,0.36718679104507473,39.43516934581927,292.91233137327356
"(76.0, 905.1183452791875)",56.93728881418225,27.539619622284615,0.37172891438388755,40.62891044097028,295.8297494386028
"(77.0, 905.1183452791875)",56.716168280156765,27.87822246607048,0.3762992874897671,41.84339287868868,298.7519955437865
"(78.0, 905.1183452791875)",56.49383188366874,28.218956488614854,0.3808985813192025,43.078852014767804,301.6794416280588
"(78.99999999999999, 905.1183452791875)",56.27020267202999,28.561870081611886,0.3855272434353078,44.33552551006765,304.6122551281446
"(80.0, 905.1183452791875)",56.04521668296082,28.90700050453979,0.39018577725511566,45.61365311151273,307.5506519491112
"(81.0, 905.1183452791875)",55.818820153516874,29.254377749399694,0.3948746901060412,46.9134764328797,310.4948496685323
"(82.00000000000001, 905.1183452791875)",55.59095467518402,29.604038359546916,0.3995943717341539,48.23523873562358,313.44495779127027
"(83.0, 905.1183452791875)",55.3615761693948,29.956007197131317,0.40434526225297535,49.57918470993654,316.4011299819556
"(84.0, 905.1183452791875)",55.1306369237843,30.310314636020358,0.40912769287734624,50.94556025627563,319.3634201287596
"(85.0, 905.1183452791875)",54.89809728006842,30.66698520443542,0.41394199277863497,52.33461226758962,322.33187927777783
"(86.00000000000001, 905.1183452791875)",54.66392600589169,31.02603719909841,0.41878849342682467,53.74658841250823,325.3065597799432
"(87.0, 905.1183452791875)",54.42808694217885,31.387495679963973,0.42366740205379283,55.18173691973627,328.2874009759249
"(88.0, 905.1183452791875)",54.19055844052864,31.751372309576777,0.4285790149268715,56.64030636394559,331.2744224480485
"(89.0, 905.1183452791875)",53.95131734846533,32.11768355405067,0.43352350142162166,58.122545453450485,334.26752879292724
"(90.00000000000001, 905.1183452791875)",53.71034313431029,32.48644371117443,0.43850101436342726,59.628702819975544,337.26660970389497
"(91.0, 905.1183452791875)",53.46762147148805,32.85766286838754,0.44351168843415995,61.159026810845795,340.2715387366596
"(92.0, 905.1183452791875)",53.22314439412216,33.231346197714466,0.44855565530785,62.713765283933085,343.2821872139297
"(93.0, 905.1183452791875)",52.976906127235786,33.60749887765858,0.45363298153923853,64.29316540571966,346.29836820914016
"(94.0, 905.1183452791875)",52.728898478379996,33.98612835949777,0.45874367734623206,65.89747345285188,349.31984469405916
"(95.0, 905.1183452791875)",52.47912645690938,34.36723144978633,0.46388779255429,67.52693461754188,352.34641657441205
"(96.0, 905.1183452791875)",52.227593890252244,34.750806732076704,0.4690653147813916,69.1817928172593,355.377828725535
"(97.0, 905.1183452791875)",51.97430337531894,35.13685529873258,0.4742761505322697,70.86229050905334,358.4137540660974
"(98.0, 905.1183452791875)",51.71927121015796,35.52536567983878,0.47952028694284216,72.56866850896104,361.4539401365454
"(99.0, 905.1183452791875)",51.46250471789851,35.91633591282775,0.4847975657273003,74.30116581689661,364.49800466957555
"(100.0, 905.1183452791875)",51.20402375341679,36.309753219244,0.4901078824647731,76.06001944742319,367.5456161373787
"(101.0, 905.1183452791875)",50.94384804398091,36.70560431606276,0.49545111068906605,77.84546426685198,370.5964252067711
"(102.0, 905.1183452791875)",50.68199564119006,37.103879617215206,0.5008270174879784,79.6577328370371,373.64998850279267
"(102.99999999999999, 905.1183452791875)",50.4185150649996,37.5045876408432,0.5062344313183883,81.49705526642178,376.70501553182834
"(104.0, 905.1183452791875)",50.15336239909819,37.90763519673007,0.511676063545791,83.36365906790661,379.76373288762807
"(105.0, 905.1183452791875)",49.88663859031276,38.31307728357505,0.5171487299061729,85.2577690262966,382.8230336496121
"(106.0, 905.1183452791875)",49.618347711924386,38.720870481440315,0.5226531095777067,87.17960707177059,385.8833106242252
"(106.99999999999999, 905.1183452791875)",49.348521830558305,39.130992662233474,0.5281888995655661,89.12939216363081,388.94407060598934
"(108.0, 905.1183452791875)",49.07719972887057,39.54341616228153,0.5337558051281506,91.1073401822941,392.00483093845804
"(109.00000000000001, 905.1183452791875)",48.80441077773782,39.95812154323639,0.5393534208567681,93.113663830668,395.06501197587914
"(110.0, 905.1183452791875)",48.53019760605033,40.37507610976676,0.5449814543063525,95.14857254499931,398.12413958461156
"(111.0, 905.1183452791875)",48.25459689356417,40.794253695157465,0.5506394966392444,97.21227241551884,401.18163762795876
"(112.0, 905.1183452791875)",47.97765019988141,41.215622148235475,0.5563271885597545,99.30496611705071,404.23697822597677
"(113.0, 905.1183452791875)",47.699394803146056,41.63915577003398,0.5620440319816837,101.4268528498274,407.2895113514769
"(114.00000000000001, 905.1183452791875)",47.41987286540421,42.064822917216674,0.5677895786874466,103.57812829063118,410.3386356377175
"(115.0, 905.1183452791875)",47.13912979769617,42.492584743395646,0.5735634895749752,105.75898455442588,413.38385204223215
"(116.0, 905.1183452791875)",46.85721288003431,42.92241445487417,0.5793650515639526,107.96961016656032,416.42432661759557
"(117.0, 905.1183452791875)",46.57414822353904,43.35426108281994,0.5851944670541539,110.21019004557675,419.46005764101506
"(118.0, 905.1183452791875)",46.28999687234003,43.7881108484645,0.5910504186146119,112.48090549679303,422.4896713762356
"(119.0, 905.1183452791875)",46.00479687192841,44.22391336723821,0.5969328618898895,114.78193421642787,425.51294998011866
"(120.0, 905.1183452791875)",45.71864547245701,44.66157254769268,0.6028420740719043,117.11345030654742,428.5299702420879
"(17.0, 905.231516822404)",87.32936395411699,1.9613467031283311,0.026474195712428913,0.24652251756237464,23.71875382385284
"(18.0, 905.231516822404)",81.41348804830413,4.5865404543769195,0.06191293803588206,0.3678702733803521,55.67767253577268
"(19.0, 905.231516822404)",76.81621617763817,6.993543415497318,0.09439744723234163,0.5703661587330868,84.88117818356237
"(20.0, 905.231516822404)",75.02196818476052,8.055989660949901,0.10873960378488132,0.8083968768630351,97.62611959599231
"(21.0, 905.231516822404)",73.89201031209271,8.773827415858761,0.11842873949846913,1.0697660626427925,106.13566142892178
"(22.0, 905.231516822404)",72.96845955311002,9.391215686333512,0.12676218584785762,1.3511301967972034,113.39799557398241
"(23.0, 905.231516822404)",72.19451001879396,9.93269557716687,0.1340712038418672,1.6508997225162745,119.71457949346288
"(24.0, 905.231516822404)",71.51869854926288,10.424668322727227,0.14071603753571615,1.9681514474360253,125.41244065225865
"(25.0, 905.231516822404)",70.91711495369891,10.880051092642674,0.1468552950976879,2.3022882435090986,130.63575329117268
"(26.0, 905.231516822404)",70.30470711329171,11.355680692352152,0.1532785298817802,2.65293070937314,136.09962539181893
"(27.0, 905.231516822404)",69.85990315031627,11.719156558657717,0.15819027888446563,3.0196891810075512,140.1791369201364
"(28.0, 905.231516822404)",69.38819131428734,12.111929455993621,0.16348775475955565,3.402437615191178,144.5918306076906
"(29.0, 905.231516822404)",68.94606616833474,12.491195602781662,0.16859843029065377,3.8009793591514778,148.81963342673342
"(30.0, 905.231516822404)",68.5262250759534,12.860110148170714,0.1735853487317898,4.2151863554177575,152.9197421752063
"(31.0, 905.231516822404)",68.1282498988258,13.219629369466325,0.1784379796090099,4.644961052827033,156.88272188736218
"(32.0, 905.231516822404)",67.74942472279095,13.57119530815534,0.1831748712258103,5.090235549136005,160.72543097435278
"(33.0, 905.231516822404)",67.38496329576921,13.91648848140843,0.1878443585223105,5.550947138040598,164.49168645364202
"(34.0, 905.231516822404)",67.03566471255131,14.25589813011779,0.1924257002650956,6.027059009191898,168.16274951739385
"(35.0, 905.231516822404)",66.69917168942757,14.590365801639889,0.19694031061001785,6.518545735314818,171.75803036166704
"(36.0, 905.231516822404)",66.3742194240962,14.920535941573556,0.20139695579644465,7.025390238517463,175.28548154051276
"(37.0, 905.231516822404)",66.05968604572497,15.24697460383782,0.20580330069557887,7.547588503489043,178.75204555222712
"(38.0, 905.231516822404)",65.75436219939374,15.570174099900951,0.21017001987377804,8.085146142266503,182.1673797386684
"(39.0, 905.231516822404)",65.45841943197784,15.890411912426424,0.21448875811727025,8.63807252486297,185.5239113269873
"(40.0, 905.231516822404)",65.17012113346661,16.208214772419183,0.21877795669336436,9.206391991122375,188.83830959371807
"(41.0, 905.231516822404)",64.88930860210726,16.523853341138075,0.2230347940875821,9.790132285023493,192.107992671051
"(42.0, 905.231516822404)",64.6144507129486,16.837675626416868,0.22727773732657502,10.389329000842658,195.34964189925677
"(43.0, 905.231516822404)",64.3466053807331,17.14974110209941,0.2314884620438254,11.004025823258939,198.54662579955863
"(44.0, 905.231516822404)",64.08439326129242,17.460469981356752,0.23568089861126904,11.63427393674314,201.71150339920317
"(45.0, 905.231516822404)",63.82740199876721,17.77005588355325,0.2398579556347984,12.280130712080357,204.84685028912907
"(46.0, 905.231516822404)",63.57511374805675,18.078697714621175,0.24402429644398632,12.941659416626731,207.956824594883
"(47.0, 905.231516822404)",63.327530832876015,18.386301460665575,0.24817771534145416,13.618937676554374,211.03935202350903
"(47.99999999999999, 905.231516822404)",63.08365122396038,18.69380852556446,0.2523280169518075,14.312038519439023,214.10323500263496
"(49.0, 905.231516822404)",62.843739429131034,19.000653773036333,0.2564698910217913,15.021050641047244,217.14357782788554
"(50.0, 905.231516822404)",62.607135625361266,19.307236785345303,0.26061016239716434,15.746064944322963,220.16646766179517
"(51.0, 905.231516822404)",62.374137107424716,19.6136592470053,0.264742455033755,16.487186015621575,223.16602812187153
"(52.0, 905.231516822404)",62.14358051184646,19.920114373202892,0.26888134053355744,17.244514728695663,226.1553490077379
"(53.0, 905.231516822404)",61.91575523877199,20.226732468590345,0.2730198248667943,18.018167283833936,229.12798290292136
"(54.0, 905.231516822404)",61.690302672906896,20.533612774387212,0.27716172220744006,18.80826471849983,232.08726148045093
"(55.0, 905.231516822404)",61.466750428612166,20.84087880496628,0.2813127906789844,19.61492452739742,235.03827968048307
"(56.0, 905.231516822404)",61.245398178371545,21.148696904300113,0.2854639830351331,20.4383043669249,237.97268999413365
"(57.0, 905.231516822404)",61.0255187152502,21.457122680770333,0.28962768863569865,21.278518379351713,240.90159351810874
"(58.0, 905.231516822404)",60.80718441900024,21.766294249999014,0.2937987306037591,22.135725563871517,243.82014498106622
"(59.0, 905.231516822404)",60.58993569687457,22.07631005792974,0.29798301436678215,23.01001652136221,246.7335995611922
"(59.99999999999999, 905.231516822404)",60.37365484951472,22.387216003738384,0.3021819645557626,23.90172141766466,249.6429167135223
"(61.0, 905.231516822404)",60.15839624717693,22.69918812293351,0.3063912580205099,24.810837242432513,252.54418599659823
"(61.99999999999999, 905.231516822404)",59.94364303096649,23.012257172418987,0.3106187201478152,25.737585945957107,255.4442692468835
"(63.0, 905.231516822404)",59.72946602972299,23.326547779064605,0.31486100085229507,26.682145146874163,258.33995624286916
"(64.0, 905.231516822404)",59.515628502255296,23.64212884113127,0.3191207272241662,27.644695664933096,261.2334442896675
"(65.0, 905.231516822404)",59.30197424388787,23.95908340903879,0.323398953891305,28.62542360285161,264.1255019669531
"(66.0, 905.231516822404)",59.08835774093976,24.27748662609774,0.32769674862651177,29.624520079854424,267.0169047370929
"(67.0, 905.231516822404)",58.874639230486586,24.59741265031582,0.3320151010740789,30.642181039933927,269.90835251329827
"(68.0, 905.231516822404)",58.66068557350142,24.918932357753636,0.3363549643091294,31.678607055666767,272.80050747663205
"(69.0, 905.231516822404)",58.44637041142092,25.242113387926707,0.3407172512622934,32.73400312814408,275.693991039582
"(70.0, 905.231516822404)",58.231573848115545,25.567020339854768,0.3451028345413678,33.80857848349871,278.5893838880948
"(71.0, 905.231516822404)",58.01618468677596,25.893712546279367,0.3495125667897317,34.902546366475626,281.48724461708497
"(72.0, 905.231516822404)",57.800090515873386,26.222253427768205,0.35394720145996184,36.01612383142202,284.38803822122424
"(73.0, 905.231516822404)",57.58319218406434,26.552696599130947,0.35840751314870034,37.149531531093714,287.29224523705
"(74.0, 905.231516822404)",57.36539395687833,26.885095171848636,0.3628942187624875,38.302993503548514,290.2002905928993
"(74.99999999999999, 905.231516822404)",57.146605800950134,27.219499488389896,0.3674079978221863,39.47673695747806,293.1125622037822
"(76.0, 905.231516822404)",56.92674325778106,27.555957158996222,0.3719494929709737,40.67099205618417,296.0294116472545
"(77.0, 905.231516822404)",56.705724701036864,27.89451557974192,0.3765192884478225,41.88599170049899,298.9511348940157
"(78.0, 905.231516822404)",56.483484323178835,28.235209547148568,0.3811180204771366,43.121971310854136,301.87807245401626
"(78.99999999999999, 905.231516822404)",56.25994581161881,28.578086123511916,0.3857461577682091,44.379168608709456,304.81041089622084
"(80.0, 905.231516822404)",56.035045816352444,28.923182309345165,0.39040419965282264,45.65782339760627,307.74836242795504
"(81.0, 905.231516822404)",55.80873120899473,29.270527623499195,0.3950926543774599,46.958177343994436,310.6921454635034
"(82.00000000000001, 905.231516822404)",55.58094867953892,29.62015378091013,0.39981195428597943,48.28047375809857,313.64190806392827
"(83.0, 905.231516822404)",55.35164416833656,29.97209523457458,0.4045624489585822,49.62495737500483,316.5977219451589
"(84.0, 905.231516822404)",55.120776370271294,30.32637628865033,0.4093445234711806,50.991874136237776,319.5596897485232
"(85.0, 905.231516822404)",54.888303183005014,30.68302385854252,0.41415848266920263,52.38147097201986,322.52784049948775
"(86.00000000000001, 905.231516822404)",54.654195016255386,31.042054750343002,0.41900466948683646,53.79399558449101,325.50223693074804
"(87.0, 905.231516822404)",54.418418726118716,31.40349090240605,0.423883323149447,55.229696232143695,328.48284733815143
"(88.0, 905.231516822404)",54.1809480026584,31.76734939855223,0.42879467293298446,56.68882151574933,331.46963066874287
"(89.0, 905.231516822404)",53.94176339659106,32.13364226986856,0.4337389426666473,58.17162016606686,334.46254080900803
"(90.00000000000001, 905.231516822404)",53.700841364402734,32.5023870405057,0.4387162479290586,59.67834083365728,337.46143373379834
"(91.0, 905.231516822404)",53.45816765025881,32.87359371975911,0.44372672296220866,61.20923188110427,340.4661826006106
"(92.0, 905.231516822404)",53.21374056127548,33.24726192648329,0.44877054558776525,62.76454117800582,343.4767005096247
"(93.0, 905.231516822404)",52.96754492215065,33.62340503628563,0.4538477133879251,64.3445158990831,346.49273809744807
"(94.0, 905.231516822404)",52.71957771723689,34.0020262624837,0.45895826589174726,65.94940232577048,349.51408486559615
"(95.0, 905.231516822404)",52.46984527093581,34.383120943320556,0.4641022695526774,67.57944565168636,352.54055577620403
"(96.0, 905.231516822404)",52.21835165631951,34.76668770112534,0.46927970661488955,69.23488979235131,355.5718908406179
"(97.0, 905.231516822404)",51.96509496683959,35.152731603527876,0.47449044793123113,70.91597719958455,358.6077306989458
"(98.0, 905.231516822404)",51.71009462195279,35.541238542404436,0.4797345004992979,72.62294868096474,361.64784087805305
"(99.0, 905.231516822404)",51.45336390100448,35.932200758250985,0.48501176494812726,74.35604322477815,364.6918924359264
"(100.0, 905.231516822404)",51.19490997442065,36.32561698642458,0.4903220292090734,76.11549783086618,367.7394564015024
"(101.0, 905.231516822404)",50.93476029180419,36.721468243301764,0.49566519761475103,77.90154734778474,370.79021132509297
"(102.0, 905.231516822404)",50.672934133602325,37.119742282108255,0.5010410858111348,79.714424316682,373.84375778247585
"(102.99999999999999, 905.231516822404)",50.409518670768065,37.520460642587445,0.5064476314049876,81.55435882260188,376.8979987452488
"(104.0, 905.231516822404)",50.144349850842836,37.92349665558904,0.5118901340454699,83.42157835151187,379.95750413689257
"(105.0, 905.231516822404)",49.87765011128508,38.32893727807828,0.5173628385480405,85.3163076596946,383.0168394266926
"(106.0, 905.231516822404)",49.60937619253657,38.7367354072314,0.5228672007368687,87.23876864544803,386.0771005742719
"(106.99999999999999, 905.231516822404)",49.339571050128775,39.146858592230856,0.5284030226745877,89.18918023385879,389.13788947540144
"(108.0, 905.231516822404)",49.06826534107967,39.559285910164924,0.5339699539995225,91.16775826870963,392.19867312786744
"(109.00000000000001, 905.231516822404)",48.795495099019966,39.97399212601899,0.5395676406825892,93.17471541395308,395.25891838943306
"(110.0, 905.231516822404)",48.521297691516175,40.390950189267066,0.5451957205437216,95.21026106467207,398.3180880082044
"(111.0, 905.231516822404)",48.245711641653976,40.81013161393544,0.5508538167771145,97.27460126782348,401.3756348407346
"(112.0, 905.231516822404)",47.96877708266789,41.23150703435611,0.5565415176083306,99.36793865297165,404.4309835062602
"(113.0, 905.231516822404)",47.690815778807426,41.65509357203129,0.5622530481953586,101.49047237345661,407.4787072824481
"(114.00000000000001, 905.231516822404)",47.41102610914187,42.080714392032455,0.5680040811444298,103.64239805640787,410.5327978792802
"(115.0, 905.231516822404)",47.13029415859306,42.50848137408067,0.5737780563167398,105.82390776698917,413.578072472024
"(116.0, 905.231516822404)",46.84838203725307,42.938312196032754,0.5795798778230968,108.03518997822046,416.6187819433251
"(117.0, 905.231516822404)",46.56533270620191,43.370171457230605,0.5854090907670378,110.27642955518607,419.654329641484
"(118.0, 905.231516822404)",46.28118958278956,43.80402309307875,0.5912652221029324,112.5478077484186,422.68410610015457
"(119.0, 905.231516822404)",45.99599920610359,44.23983184682244,0.597147703464633,114.84950219821556,425.7074191760893
"(120.0, 905.231516822404)",45.7098776949458,44.67746608415031,0.6030574782707694,117.18168694983514,428.7249488363074
"(17.0, 905.3817435682718)",87.15637194575284,2.031039925636949,0.027414914047909748,0.2505692674432113,24.570393413027624
"(18.0, 905.3817435682718)",80.53724275934323,5.015947472027253,0.06770739200217339,0.37760706375472936,60.923429559633476
"(19.0, 905.3817435682718)",76.57263945146717,7.131692004540415,0.09626384125654038,0.5846888709309982,86.57083556849486
"(20.0, 905.3817435682718)",74.91685938597124,8.120400351462392,0.10960939557742552,0.8247698997363052,98.41357577961762
"(21.0, 905.3817435682718)",73.77451228836378,8.849237430988426,0.11944554008439755,1.0876337115539345,107.0561776315118
"(22.0, 905.3817435682718)",72.87152232564712,9.456115283382534,0.12763789821035032,1.3702390141943401,114.19078381288223
"(23.0, 905.3817435682718)",72.11115511491444,9.990606098231035,0.13485280161730354,1.6710976514660079,120.42216700187454
"(24.0, 905.3817435682718)",71.44707301257013,10.476789167946091,0.14141055633628596,1.9893426945462427,126.04119336015965
"(25.0, 905.3817435682718)",70.84912460662686,10.929736902868077,0.1475339994134833,2.324400721763321,131.25018890281657
"(26.0, 905.3817435682718)",70.30700070637441,11.355757806661162,0.1532797415491841,2.6758797433607557,136.10079991413363
"(27.0, 905.3817435682718)",69.80599154146839,11.762079598202739,0.15875917607541298,3.0434965057545362,140.69416313686511
"(28.0, 905.3817435682718)",69.33764292903747,12.152924597232929,0.16403590716887168,3.4270378342187326,145.08807780613748
"(29.0, 905.3817435682718)",68.89830764836863,12.53062192704373,0.16912826991708757,3.826348601335217,149.29929930288282
"(30.0, 905.3817435682718)",68.48126388254259,12.89799405796405,0.1740967076854054,4.241302585383648,153.38267816832442
"(31.0, 905.3817435682718)",68.08630656636093,13.255995138509908,0.17892678657178965,4.671803697940232,157.3252422994947
"(32.0, 905.3817435682718)",67.7080917613535,13.606743416113355,0.1836679452857605,5.117791043853336,161.17181349657045
"(33.0, 905.3817435682718)",67.34691648567362,13.950733779402988,0.18830605355845287,5.579200931124194,164.90966216408825
"(34.0, 905.3817435682718)",66.99936810761606,14.28919357056754,0.1928752344267459,6.05600089030211,168.56971514612425
"(35.0, 905.3817435682718)",66.66438147746669,14.622901829288741,0.19737783088268587,6.548164266435544,172.15412039985407
"(36.0, 905.3817435682718)",66.3403106185274,14.95280902536485,0.20183254313722024,7.055677965992689,175.67982184840218
"(37.0, 905.3817435682718)",66.02784371405922,15.277911637457922,0.20622084585410147,7.5785375677924005,179.1300514117178
"(38.0, 905.3817435682718)",65.7246877928518,15.600395085084859,0.2105640993880651,8.11674871542034,182.52414272142892
"(39.0, 905.3817435682718)",65.42893305375006,15.920111653478441,0.214889119548604,8.670324065781012,185.88636166498486
"(40.0, 905.3817435682718)",65.14181173856956,16.23736288464603,0.21916849835387164,9.23928854807112,189.1918686267971
"(41.0, 905.3817435682718)",64.86120341458854,16.552536632359775,0.2234301712392392,9.823667775216565,192.46593022712335
"(42.0, 905.3817435682718)",64.58812622194954,16.865820412683416,0.2276532671872102,10.423500169060528,195.6896118059095
"(43.0, 905.3817435682718)",64.32090857341026,17.177474085281304,0.23186078328744963,11.038829164822355,198.883691073074
"(44.0, 905.3817435682718)",64.05956029449739,17.48776484938375,0.23604683543732238,11.669707157974946,202.04278827404093
"(45.0, 905.3817435682718)",63.802926666997514,17.797018837305426,0.2402235753359565,12.316191474329319,205.17784800954306
"(46.0, 905.3817435682718)",63.55113625927219,18.1053292142266,0.24438732911118793,12.978346825326085,208.2854793113543
"(47.0, 905.3817435682718)",63.30421304807009,18.412770195176552,0.2485367562073717,13.65624676319031,211.36439491264238
"(47.99999999999999, 905.3817435682718)",63.06134974547708,18.7197300570634,0.25267645747360684,14.349971625136886,214.41868000097156
"(49.0, 905.3817435682718)",62.82195228725172,19.026264470117567,0.25681546092947716,15.059605504180666,217.45642428743875
"(50.0, 905.3817435682718)",62.58564397274726,19.332529190331996,0.26095665002617063,15.785242521761761,220.4801442746679
"(51.0, 905.3817435682718)",62.353254705733306,19.638736883949814,0.26508254461053987,16.52698283013536,223.4739135988694
"(52.0, 905.3817435682718)",62.12318017894918,19.944924406152456,0.26921842413112235,17.284932816674274,226.46051342386377
"(53.0, 905.3817435682718)",61.895911723403465,20.251333550349486,0.27335146205135485,18.059206807882674,229.4282165111093
"(54.0, 905.3817435682718)",61.67074305036588,20.557992274560892,0.2774927668328996,18.849926766686718,232.38695829606783
"(55.0, 905.3817435682718)",61.4479002485774,20.86506930554329,0.2816355961152324,19.657216520434623,235.33051054126412
"(56.0, 905.3817435682718)",61.226728927874454,21.172674888103437,0.28578806164687953,20.481212751246353,238.26608079360219
"(57.0, 905.3817435682718)",61.00739268339511,21.480925684862903,0.28994572016845,21.322053929705874,241.1895077365636
"(58.0, 905.3817435682718)",60.78918696085234,21.789900863952763,0.29411818284543634,22.17988344668976,244.10934975304318
"(59.0, 905.3817435682718)",60.57204970900574,22.099761885487425,0.2983032620052804,23.054860284243283,247.0234671822005
"(59.99999999999999, 905.3817435682718)",60.356318642935214,22.41050954238459,0.3024964297111365,23.947142317254535,249.92760263779138
"(61.0, 905.3817435682718)",60.14284796427591,22.722566898688264,0.30667550304533775,24.856886954036277,252.80151470282846
"(61.99999999999999, 905.3817435682718)",59.926888541800665,23.03525819135068,0.31092927515347357,25.784272509951055,255.7254167549198
"(63.0, 905.3817435682718)",59.71297434407477,23.34941920125824,0.31516973666691966,26.729468880279345,258.61945682316946
"(64.0, 905.3817435682718)",59.49938861292987,23.664876328454604,0.31942775087142555,27.692659194254976,261.5113948338078
"(65.0, 905.3817435682718)",59.285980203263904,23.981707373023987,0.32370441916954895,28.674029717185807,264.4020417112951
"(66.0, 905.3817435682718)",59.072593400627966,24.299998275704628,0.32800070049547403,29.673771724220394,267.29207438198637
"(67.0, 905.3817435682718)",58.8590934976034,24.619818322645596,0.33231762208683135,30.692081308770987,270.1822267946664
"(68.0, 905.3817435682718)",58.645343825759255,24.941241998692586,0.33665609966490273,31.729159186492232,273.07312731101126
"(69.0, 905.3817435682718)",58.431231311660355,25.26432443555518,0.3410171464385758,32.78521049534571,275.9654881338887
"(70.0, 905.3817435682718)",58.216619343124364,25.589146417338522,0.345401491246262,33.860444592246644,278.85975978337524
"(71.0, 905.3817435682718)",58.00140770004486,25.9157569628465,0.34981006922815944,34.95507484674894,281.7565755487799
"(72.0, 905.3817435682718)",57.78548502748316,26.244218671488927,0.35424363581779045,36.06931843215043,284.6564022125246
"(73.0, 905.3817435682718)",57.56875445482985,26.57458314087887,0.3587029788020401,37.20339611437449,287.55973225654935
"(74.0, 905.3817435682718)",57.351107274965514,26.90691597522384,0.3631887016776819,38.35753203897066,290.46688793026584
"(74.99999999999999, 905.3817435682718)",57.13247180544665,27.24125021157885,0.36770163047582427,39.531953516508175,293.37838979658994
"(76.0, 905.3817435682718)",56.91275035168475,27.577646164148437,0.3722422926717559,40.72689080664689,296.2944851623584
"(77.0, 905.3817435682718)",56.69186874687371,27.91614427077506,0.37681132963764546,41.94257690110397,299.2155217225063
"(78.0, 905.3817435682718)",56.469749004468085,28.256790974159244,0.3814092705384213,43.179247305808914,302.14174306736965
"(78.99999999999999, 905.3817435682718)",56.24633219228572,28.599617000411378,0.386036725044453,44.43713982238237,305.07346337975
"(80.0, 905.3817435682718)",56.02155058244454,28.944663578629623,0.3906941522645574,45.716494329244966,308.0108584499679
"(81.0, 905.3817435682718)",55.7953508204722,29.291960535742934,0.3953820547628641,47.017552562502665,310.9541415543051
"(82.00000000000001, 905.3817435682718)",55.56767035801536,29.641548431350962,0.4001007812513791,48.3405578968594,313.9033850355419
"(83.0, 905.3817435682718)",55.33846541790903,29.993452069189484,0.40485076552896493,49.68575512676132,316.85873685280256
"(84.0, 905.3817435682718)",55.10768753191349,30.34770259913563,0.4096323272726185,51.053390248011695,319.8202404400006
"(85.0, 905.3817435682718)",54.8753116428368,30.704310907545832,0.4144459157990707,52.44371024008728,322.7880556208245
"(86.00000000000001, 905.3817435682718)",54.64128415052931,31.063316581081995,0.4192916611669988,53.85696284939531,325.76205240161914
"(87.0, 905.3817435682718)",54.40559363162719,31.424721081988753,0.42416998965931696,55.29339637376077,328.74236843332744
"(88.0, 905.3817435682718)",54.16819974976644,31.78855477046033,0.4290810053174746,56.753259448400165,331.7288492779619
"(89.0, 905.3817435682718)",53.92908042958253,32.15483224605942,0.4340249041921444,58.236800833676405,334.7214236758594
"(90.00000000000001, 905.3817435682718)",53.68823236039961,32.52355209603167,0.439001976031323,59.744269204960794,337.7201052841951
"(91.0, 905.3817435682718)",53.445622054647366,32.89474235375037,0.44401218570752343,61.275912944912406,340.72461391652445
"(92.0, 905.3817435682718)",53.20125401953434,33.26839686365071,0.4490557626930918,62.83197993851721,343.7349094479343
"(93.0, 905.3817435682718)",52.95511732598079,33.644533752278576,0.45413252394842135,64.412717371269,346.7505789722127
"(94.0, 905.3817435682718)",52.70721323694569,34.02312652696701,0.4592431842714477,66.01837153077383,349.7720233667546
"(95.0, 905.3817435682718)",52.45753329935167,34.40421009350661,0.4643870381878336,67.64918761237021,352.7983587126362
"(96.0, 905.3817435682718)",52.206081091179854,34.78777489645634,0.4695642755900766,69.30540952883327,355.82951302228275
"(97.0, 905.3817435682718)",51.95287421652951,35.17380794074809,0.4747749364543678,70.9872797248849,358.865280044686
"(98.0, 905.3817435682718)",51.697917940541274,35.56230829540649,0.48001890091283905,72.69503899672746,361.9053104574643
"(99.0, 905.3817435682718)",51.44123108782865,35.95326335011993,0.4852961099697807,74.4289263170687,364.949311874271
"(100.0, 905.3817435682718)",51.18282555419465,36.34665659750941,0.49060666685368315,76.18917866609402,367.99714077611185
"(101.0, 905.3817435682718)",50.92270147195492,36.74252586144423,0.4959494349756159,77.97603086857045,371.0475332913519
"(102.0, 905.3817435682718)",50.6609155576597,37.140793113691515,0.5013253490392606,79.78971543810789,374.1011031700303
"(102.99999999999999, 905.3817435682718)",50.397542661342904,37.541511577383964,0.5067317215333138,81.63046242824058,377.15518713494305
"(104.0, 905.3817435682718)",50.132389192532635,37.94455218255494,0.5121743408121745,83.49849928994263,380.21479840551416
"(105.0, 905.3817435682718)",49.86572052692055,38.34999203548517,0.5176470777226818,85.39405074062654,383.2741630409558
"(106.0, 905.3817435682718)",49.597471426589316,38.75779408687887,0.5231514493728375,87.31733863644615,386.33443274700187
"(106.99999999999999, 905.3817435682718)",49.32769741259531,39.16791441929895,0.5286873680726881,89.26858185695525,389.39530925121574
"(108.0, 905.3817435682718)",49.0564097644892,39.580350852092344,0.5342542824848115,91.24799619719019,392.45607758772445
"(109.00000000000001, 905.3817435682718)",48.78366174368053,39.99506108581346,0.5398520254330159,93.25579426928883,395.51637378611804
"(110.0, 905.3817435682718)",48.50948502781979,40.41202367125397,0.5454801723611433,95.29218541358301,398.5756041206703
"(111.0, 905.3817435682718)",48.233918483937934,40.831210316584546,0.5511383352607221,97.3573756194887,401.63321130617857
"(112.0, 905.3817435682718)",47.95700204414249,41.25259132325367,0.5568261127663179,99.4515674563873,404.6886293843247
"(113.0, 905.3817435682718)",47.67877650194826,41.67613556004828,0.5625430946474625,101.57496001469521,407.74128784951574
"(114.00000000000001, 905.3817435682718)",47.39928393248172,42.101811181460306,0.5682888378010921,103.7277488572848,410.7905899614547
"(115.0, 905.3817435682718)",47.11856640777473,42.529584646930736,0.5740629115481642,105.91012598138067,413.83595379397485
"(116.0, 905.3817435682718)",46.836667833408995,42.95942234273446,0.5798648292727385,108.12227979104382,416.8767503698264
"(117.0, 905.3817435682718)",46.55363110729159,43.39128871445349,0.585694140019205,110.36439508028411,419.91238660802316
"(118.0, 905.3817435682718)",46.26949942286905,43.825147347690795,0.5915503822966285,112.63665302686141,422.94226350533785
"(119.0, 905.3817435682718)",45.98431699724996,44.26096153597833,0.597433059429639,114.93923119675895,425.9657538149745
"(120.0, 905.3817435682718)",45.69813405607202,44.69869842760569,0.6033414568071054,117.27230355929636,428.98203657174184
"(17.0, 905.5684556552873)",86.91938146463015,2.1272504932987157,0.028713563547769418,0.25580673478147375,25.74629066353203
"(18.0, 905.5684556552873)",79.64346990584752,5.466815714282884,0.07378218818925243,0.3908404281906746,66.42398178521843
"(19.0, 905.5684556552873)",76.29129536490362,7.293292617763078,0.09844135555009913,0.6028687001687473,88.54251761794755
"(20.0, 905.5684556552873)",74.73172468429098,8.23402834789505,0.11114180185239264,0.8453795384270677,99.80113032379009
"(21.0, 905.5684556552873)",73.63048826603061,8.941950880726766,0.12069932144588275,1.1100535565248815,108.19144456386425
"(22.0, 905.5684556552873)",72.75060753305375,9.536798979688816,0.12873651097083905,1.3941716354597178,115.18555179085294
"(23.0, 905.5684556552873)",72.00805053199277,10.062310068491033,0.1358235385754438,1.696368626654391,121.30114344274658
"(24.0, 905.5684556552873)",71.35738045418364,10.541744998812343,0.1422836161756354,2.0158297989121023,126.83172476630769
"(25.0, 905.5684556552873)",70.769096605339,10.989707031960926,0.14833866165974424,2.3520203333260925,131.9787924198607
"(26.0, 905.5684556552873)",70.23276030342676,11.412513585427845,0.15404661823521915,2.7045705064204317,136.79518766776658
"(27.0, 905.5684556552873)",69.73694881556219,11.815974086905051,0.15949159686642708,3.073208028671849,141.35735103565418
"(28.0, 905.5684556552873)",69.27376748383632,12.204128151465335,0.16473128853510646,3.457732675119221,145.71772588172266
"(29.0, 905.5684556552873)",68.83761951451717,12.579898792554589,0.16980519304517677,3.8579912003448156,149.91223522782383
"(30.0, 905.5684556552873)",68.42570002382544,12.944938863255032,0.17473058015568066,4.273867830768799,153.95663379656332
"(31.0, 905.5684556552873)",68.03351259760584,13.301409050306946,0.1795417661642681,4.705272458076562,157.8820874529224
"(32.0, 905.5684556552873)",67.65890767064768,13.65042894592615,0.1842542844133578,5.152137863586821,161.70272992048768
"(33.0, 905.5684556552873)",67.29969564051717,13.993242153593734,0.18888054538979987,5.614407301628033,165.42985649034142
"(34.0, 905.5684556552873)",66.9546099587635,14.330493617543237,0.19343030225171698,6.092065149695151,169.07231493732763
"(35.0, 905.5684556552873)",66.62155756063684,14.663063881301342,0.19792149592743188,6.5850679289154055,172.6463954790733
"(36.0, 905.5684556552873)",66.3005640093148,14.991330193984751,0.20234670809088112,7.093410823324203,176.14538512946626
"(37.0, 905.5684556552873)",65.98833761753389,15.3163387029676,0.20673948287227037,7.617090032672916,179.59966419494165
"(38.0, 905.5684556552873)",65.68611289440386,15.63803311166781,0.2110817197336077,8.156112906875537,182.99283404934977
"(39.0, 905.5684556552873)",65.39251513070218,15.956831011507967,0.21538479657520082,8.710494119453847,186.33518348677896
"(40.0, 905.5684556552873)",65.10634588270118,16.273558872931876,0.21965981378406427,9.28025591211656,189.6367424258465
"(41.0, 905.5684556552873)",64.82755938446626,16.588053438607048,0.22390336190559312,9.865428669763022,192.89439298711184
"(42.0, 905.5684556552873)",64.55540490264544,16.9008038340962,0.22812038841834098,10.46605006716351,196.1125777763178
"(43.0, 905.5684556552873)",64.28889132772102,17.211927181530058,0.232325579180358,11.082163601988382,199.30455234558858
"(44.0, 905.5684556552873)",64.0280396892483,17.521826387699033,0.2365095976503262,11.713823288967983,202.46180780289126
"(45.0, 905.5684556552873)",63.77276993791509,17.83045782603112,0.24067574973309136,12.361083640029273,205.58728335944468
"(46.0, 905.5684556552873)",63.52193289256252,18.13828949406635,0.24483242621422707,13.024017796461193,208.68850430469348
"(47.0, 905.5684556552873)",63.27590813232822,18.445323676613576,0.24897421745461856,13.702692044937125,211.76050555342547
"(47.99999999999999, 905.5684556552873)",63.03396942402095,18.75189467039363,0.2531056374977282,14.397190779237523,214.80729048722716
"(49.0, 905.5684556552873)",62.79482450152249,19.058119115802075,0.2572455115807288,15.107595893879331,217.84582475253552
"(50.0, 905.5684556552873)",62.5597572827539,19.36403866654296,0.2613726988802494,15.834003660316961,220.8568676151249
"(51.0, 905.5684556552873)",62.327338606268874,19.669917019978577,0.26550463234749194,16.576516475763935,223.85610340847916
"(52.0, 905.5684556552873)",62.098076860760614,19.97581856806725,0.2696322945037281,17.335238826091064,226.8352617024416
"(53.0, 905.5684556552873)",61.87120261572895,20.281904084642363,0.27376475070610023,18.11028318050777,229.80243932927013
"(54.0, 905.5684556552873)",61.64669678882763,20.588293106735076,0.27790018292098556,18.901776126980188,232.7558633470985
"(55.0, 905.5684556552873)",61.42428485109714,20.89511107996808,0.28204053095774606,19.70983918275524,235.6971688688481
"(56.0, 905.5684556552873)",61.20353783398235,21.20247512514366,0.2861904620274236,20.534610750887587,238.63044397055955
"(57.0, 905.5684556552873)",60.984681779716844,21.5105921603135,0.2903421585032519,21.376227799556123,241.5484722878563
"(58.0, 905.5684556552873)",60.76680353886012,21.81924541059064,0.29451563979144896,22.234839153104925,244.4692339391664
"(59.0, 905.5684556552873)",60.550328272540234,22.128843418927367,0.2986953406071772,23.110596514361305,247.37848179071017
"(59.99999999999999, 905.5684556552873)",60.334793698337464,22.439440991911077,0.3028877135540176,24.003658773415957,250.2819002266568
"(61.0, 905.5684556552873)",60.12012754181278,22.75108507669797,0.30709338798912195,24.914190922570473,253.17989418068865
"(61.99999999999999, 905.5684556552873)",59.906077216197716,23.063852075057852,0.3113151582496247,25.842362785030815,256.07482429316315
"(63.0, 905.5684556552873)",59.69249603574585,23.377845378269207,0.31555341808104387,26.788350698224843,258.9668707901733
"(64.0, 905.5684556552873)",59.47923138756212,23.693139660571852,0.3198093904750131,27.752335839858574,261.85695999665774
"(65.0, 905.5684556552873)",59.26611078856364,24.009833938396145,0.32408398392452914,28.73450467627666,264.7457281488721
"(66.0, 905.5684556552873)",59.053014968587284,24.3279793943168,0.3283784396769303,29.735048675460902,267.6341078132698
"(67.0, 905.5684556552873)",58.839785995138705,24.647667939235788,0.33269358663497867,30.75416411563778,270.52265333981836
"(68.0, 905.5684556552873)",58.626298633015615,24.96896335514883,0.33703042296428604,31.79205188944623,273.41206774317055
"(69.0, 905.5684556552873)",58.412420837997075,25.291939178787004,0.34138979743767667,32.84891730416537,276.3029143379428
"(70.0, 905.5684556552873)",58.19804739589566,25.61664641806961,0.3457726855288857,33.924969878521466,279.1958669636528
"(71.0, 905.5684556552873)",57.983065752289505,25.94314612809603,0.3501799136230411,35.020423136493875,282.09146044462534
"(72.0, 905.5684556552873)",57.767348538110795,26.271516350890508,0.3546120974258907,36.135494398557896,284.9900350240882
"(73.0, 905.5684556552873)",57.55082296504974,26.60178596360927,0.3590702145282784,37.27040457067517,287.89225507151065
"(74.0, 905.5684556552873)",57.33337310958107,26.934027615723203,0.3635548023366605,38.42537793139757,290.7983829666753
"(74.99999999999999, 905.5684556552873)",57.114916741073,27.26828453710552,0.36806659216636,39.60064191736765,293.7088535290274
"(76.0, 905.5684556552873)",56.895370144192526,27.604603921550094,0.3726062209877009,40.79642690746589,296.6240131999191
"(77.0, 905.5684556552873)",56.6746478877909,27.943037038722228,0.3771742297356209,42.01296600588044,299.5441187287783
"(78.0, 905.5684556552873)",56.45269837081908,28.28360548672695,0.38177136329899275,43.25049482431519,302.4696090517673
"(78.99999999999999, 905.5684556552873)",56.22943238053075,28.626368783500347,0.3863979717171133,44.50925126356427,305.40056325263737
"(80.0, 905.5684556552873)",56.00478565011657,28.97136466967784,0.39105454456558614,45.78947529468045,308.3371847045591
"(81.0, 905.5684556552873)",55.77871919592963,29.318610528487522,0.39574167607942334,47.09140873992346,311.2797697057549
"(82.00000000000001, 905.5684556552873)",55.55117574011663,29.668141017806896,0.40045978104617047,48.41529505374022,314.22845042029485
"(83.0, 905.5684556552873)",55.322094192733196,30.019997744964396,0.40520913217782467,49.76137910396611,317.1832289397257
"(84.0, 905.5684556552873)",55.09143098511621,30.3742072989316,0.4099900867838353,51.12990695350188,320.1441827693131
"(85.0, 905.5684556552873)",54.859169063306126,30.730773197885046,0.4148031570052368,52.521125642680964,323.11152864748897
"(86.00000000000001, 905.5684556552873)",54.62524471963434,31.089744495092706,0.4196483846275748,53.93528297258911,326.0850566128398
"(87.0, 905.5684556552873)",54.38964987638028,31.45111977163013,0.42452621602378265,55.37262728960989,329.0649225402298
"(88.0, 905.5684556552873)",54.15235857038876,31.8149158199217,0.4294368800510947,56.83340727144784,332.05108499784683
"(89.0, 905.5684556552873)",53.91333443183575,32.18116080917903,0.4343804433556902,58.317871714952766,335.0433555415186
"(90.00000000000001, 905.5684556552873)",53.672567105376274,32.54985990857596,0.4393571321875939,59.82626932603645,338.0416903502189
"(91.0, 905.5684556552873)",53.43004282009224,32.921022844641946,0.44436707775698947,61.35884851201609,341.04595983643384
"(92.0, 905.5684556552873)",53.18575164072383,33.294657030441726,0.4494103801871646,62.91585717672845,344.05600676481777
"(93.0, 905.5684556552873)",52.939679867579414,33.67078299114195,0.45448683395189593,64.49754251877212,347.0713978187072
"(94.0, 905.5684556552873)",52.691839583096154,34.04936453631529,0.4595972374016949,66.10415083318964,350.09260966409965
"(95.0, 905.5684556552873)",52.44222525032183,34.43044307219619,0.4647406789256878,67.73592731717845,353.11857157774637
"(96.0, 905.5684556552873)",52.19083880136658,34.8139826745729,0.4699180291800059,69.39311587983673,356.14982808927743
"(97.0, 905.5684556552873)",51.93772767507355,35.200025938596646,0.4751275068309522,71.07595895694394,359.18452364330835
"(98.0, 905.5684556552873)",51.68278831433042,35.58849808620663,0.4803724073335476,72.78469733004042,362.22540171841285
"(99.0, 905.5684556552873)",51.426148446506346,35.97945060268422,0.4856494943991481,74.51956995251984,365.2692926802878
"(100.0, 905.5684556552873)",51.16779243038892,36.37284894094166,0.4909597172635721,76.28081377975452,368.31681917157493
"(101.0, 905.5684556552873)",50.90771758902948,36.76870071842459,0.4963027408210247,78.0686636069189,371.3674429358627
"(102.0, 905.5684556552873)",50.64596920787034,37.166970898888394,0.5016785776971309,79.88335191299896,374.4209429275329
"(102.99999999999999, 905.5684556552873)",50.38263422557159,37.56768544316055,0.5070850526391627,81.72510871230276,377.4751192920238
"(104.0, 905.5684556552873)",50.11752679376184,37.97072445726589,0.5125276107898836,83.59416141186232,380.5346755718268
"(105.0, 905.5684556552873)",49.85088808691378,38.37617104081015,0.5180003154570493,85.49073468083515,383.59401101655664
"(106.0, 905.5684556552873)",49.58267816505263,38.783970241239366,0.5235047738868802,87.41505032272235,386.6543592941901
"(106.99999999999999, 905.5684556552873)",49.31292970277368,39.19409946990587,0.5290406824788647,89.36732716029894,389.7152266509057
"(108.0, 905.5684556552873)",49.04167721075302,39.60653462691688,0.534607713375033,91.34778092784502,392.7761004545881
"(109.00000000000001, 905.5684556552873)",48.7689566855125,40.0212498283126,0.5402055270784963,93.35662417291901,395.83646072000545
"(110.0, 905.5684556552873)",48.494805757619716,40.43821834760507,0.5458337465780957,95.39406616763705,398.89575676562845
"(111.0, 905.5684556552873)",48.219272091736656,40.85740299809155,0.5514920849975131,97.46031282973354,401.95352288757874
"(112.0, 905.5684556552873)",47.942602586830276,41.278851748634615,0.5571750938948669,99.55556665420136,405.0046226537629
"(113.0, 905.5684556552873)",47.664164573315794,41.702351088328776,0.562896950959785,101.68002665171652,408.06169592200587
"(114.00000000000001, 905.5684556552873)",47.38469144813726,42.12803458674186,0.568642802443221,103.83388830589793,411.11109612210436
"(115.0, 905.5684556552873)",47.10401091946545,42.555822459322094,0.5744165508792464,106.01734352977434,414.1561653527816
"(116.0, 905.5684556552873)",46.82211039859196,42.98566268464244,0.580219019697804,108.23058064120357,417.1974609683615
"(117.0, 905.5684556552873)",46.5390893841908,43.41753794014046,0.5860484483928899,110.47378434577652,420.23320400455015
"(118.0, 905.5684556552873)",46.254972946031195,43.851406170304344,0.5919047878842048,112.74713573066323,423.2631689286065
"(119.0, 905.5684556552873)",45.969779502334234,44.28722529862086,0.5977880622168241,115.05081226936046,426.2872000414957
"(120.0, 905.5684556552873)",45.68363219179301,44.724975063459404,0.603696148944606,117.38498783698954,429.30320144782155
"(17.0, 905.7909448205504)",86.59634373391398,2.2597323151748063,0.030501796054615376,0.2623885460219512,27.365862121011848
"(18.0, 905.7909448205504)",78.7797206282015,5.913741105484978,0.07982562722995967,0.4079619729776363,71.8973683365406
"(19.0, 905.7909448205504)",75.97389629324927,7.477197595007291,0.10092860099835022,0.6250498610105597,90.79516299670144
"(20.0, 905.7909448205504)",74.51661385554894,8.366704862454846,0.11293784164896153,0.8703070339610561,101.42776725924553
"(21.0, 905.7909448205504)",73.462589143919,9.0506502481995,0.12217119852753965,1.1370698492557723,109.5244954948634
"(22.0, 905.7909448205504)",72.61306212910789,9.630268194633963,0.12999054456932635,1.4229507029570658,116.32130748023091
"(23.0, 905.7909448205504)",71.88529153307951,10.147527577885931,0.13698657849464316,1.7267125713405518,122.35448979105676
"(24.0, 905.7909448205504)",71.24902564636957,10.619601136658881,0.14334291334509278,2.0476055803580526,127.79110733182381
"(25.0, 905.7909448205504)",70.6731621489613,11.061353797948657,0.14930555279021832,2.3851324639427944,132.8544852648636
"(26.0, 905.7909448205504)",70.14542906266313,11.479674592468415,0.1549523250601485,2.7389448770801343,137.61546804129281
"(27.0, 905.7909448205504)",69.63719476184758,11.894056243786023,0.16054559466824464,3.1087928764234,142.31195300490302
"(28.0, 905.7909448205504)",69.19882182987513,12.264723889261019,0.16554988683549696,3.494474470366899,146.45911394129308
"(29.0, 905.7909448205504)",68.76811911041993,12.63771954258138,0.17058344550395604,3.8958570378630886,150.61708323591012
"(30.0, 905.7909448205504)",68.35994770113368,13.00071051749503,0.17548283143230592,4.3128270400266135,154.63793264282717
"(31.0, 905.7909448205504)",67.97140091622425,13.355224355045218,0.1802684826534532,4.745299837920473,158.5402593861179
"(32.0, 905.7909448205504)",67.60004720248389,13.70256407619722,0.18495655334023473,5.193210721062524,162.33876047974124
"(33.0, 905.7909448205504)",67.24561698576998,14.04343485342828,0.189538246076394,5.656513011646352,166.02551398152053
"(34.0, 905.7909448205504)",66.90110977476053,14.379668386662518,0.1940964279759727,6.135175995409287,169.67561088724094
"(35.0, 905.7909448205504)",66.57060038817167,14.71096093066928,0.19856793655547408,6.629174331188538,173.23186453246143
"(36.0, 905.7909448205504)",66.25104453808336,15.038258057598425,0.202985905061116,7.1385016656911,176.7242930648717
"(37.0, 905.7909448205504)",65.94190425578302,15.361986226993803,0.2073509378579555,7.663155831270964,180.1534460805138
"(38.0, 905.7909448205504)",65.6410119763576,15.682807759486476,0.21168604501266203,8.203143553376853,183.54015916396787
"(39.0, 905.7909448205504)",65.34921859365132,16.000788378815155,0.215976205449426,8.758481133073728,186.8708100597192
"(40.0, 905.7909448205504)",65.0640112628968,16.316779595386652,0.22024503745461174,9.329192839879743,190.16676772817053
"(41.0, 905.7909448205504)",64.78697851175585,16.63047193149271,0.22447384034454015,9.915308252093778,193.4110636810846
"(42.0, 905.7909448205504)",64.51589452583138,16.942395445942434,0.22868864105763526,10.516867462344761,196.62723279097838
"(43.0, 905.7909448205504)",64.25102258135146,17.25281666935131,0.23287929216666345,11.133915134791556,199.80603894599153
"(44.0, 905.7909448205504)",63.99144449650897,17.562175598402174,0.23705450005690468,11.766504286667718,202.95531529383916
"(45.0, 905.7909448205504)",63.736841068736965,17.870308625588624,0.24121484697167575,12.414693419601504,206.07553072361716
"(46.0, 905.7909448205504)",63.4871547420263,18.17760113070635,0.2453622030866647,13.078549518369515,209.1683122387523
"(47.0, 905.7909448205504)",63.241927012284506,18.484203834829998,0.2494979576086666,13.758145624175164,212.2348451289766
"(47.99999999999999, 905.7909448205504)",63.00023158601954,18.790480469950378,0.2536333108639335,14.453562810939733,215.28519347446698
"(49.0, 905.7909448205504)",62.76257705629742,19.096044482682935,0.257757932215202,15.164887055687002,218.3099139005122
"(50.0, 905.7909448205504)",62.53614139978525,19.39345393775273,0.2617726461756711,15.892221188575109,221.21907131906164
"(51.0, 905.7909448205504)",62.29642472803963,19.707063789041506,0.26600876825178854,16.635643559682766,224.31268996565558
"(52.0, 905.7909448205504)",62.0681983302113,20.012571580548947,0.2701268056755155,17.395283856279875,227.28313067790253
"(53.0, 905.7909448205504)",61.841726378058866,20.318294757383555,0.2742591000934012,18.171248825340694,230.2501605738951
"(54.0, 905.7909448205504)",61.61209048508022,20.624152274851284,0.2784853108662217,18.963660054754193,233.28581279340543
"(55.0, 905.7909448205504)",61.39609474945316,20.9309006755833,0.28252449121610984,19.77264280022102,236.1354830333644
"(56.0, 905.7909448205504)",61.1759815860677,21.237970344975462,0.2866694133690792,20.59833830289874,239.06422048383243
"(57.0, 905.7909448205504)",60.95745707773112,21.545711797078233,0.29082297956968506,21.44087944334745,241.9839419966052
"(58.0, 905.7909448205504)",60.740275437972066,21.854218976032794,0.29498733770532537,22.300418501402977,244.89644082880247
"(59.0, 905.7909448205504)",60.524009427934296,22.163598569673862,0.299167226917573,23.177102411596916,247.80586271741555
"(59.99999999999999, 905.7909448205504)",60.30921381738973,22.47392510400833,0.30335304354191794,24.071099673956926,250.70334025006647
"(61.0, 905.7909448205504)",60.09497150761506,22.78536645000953,0.3075555110598522,24.98256726062224,253.59842968704848
"(61.99999999999999, 905.7909448205504)",59.88146355205551,23.097963292305135,0.3117716206545696,25.911678187289933,256.4882326536469
"(63.0, 905.7909448205504)",59.66812391254588,23.411714922114477,0.31601060358624455,26.858608773875066,259.3809344218218
"(64.0, 905.7909448205504)",59.45523422406669,23.72682190790198,0.3202640924475935,27.823540533199388,262.2687743570024
"(65.0, 905.7909448205504)",59.242474812680555,24.04333487192233,0.3245363762640061,28.806660169014705,265.155450715797
"(66.0, 905.7909448205504)",59.02971024685221,24.36132112698927,0.3288285463957661,29.808159377684948,268.04176034610424
"(67.0, 905.7909448205504)",58.81680294753707,24.68085334354526,0.33314158367402746,30.828234656373226,270.9283951787385
"(68.0, 905.7909448205504)",58.60362198435115,25.002001122611244,0.3374764276144731,31.867087107403556,273.81600511617415
"(69.0, 905.7909448205504)",58.39004289442311,25.324831066075355,0.34183397718887976,32.9249222386876,276.7051989309943
"(70.0, 905.7909448205504)",58.1759475307332,25.649406825007688,0.3462150916316493,34.00194976069047,279.59654519947463
"(71.0, 905.7909448205504)",57.96122390212747,25.975789158233127,0.35062059107583005,35.09838338041371,282.49057308370226
"(72.0, 905.7909448205504)",57.74576602617281,26.304035981535552,0.3550512571790801,36.214440592756766,285.38777310720644
"(73.0, 905.7909448205504)",57.529473813886035,26.634202393600916,0.35950783380232537,37.350342469661314,288.28859798053645
"(74.0, 905.7909448205504)",57.31225291028648,26.966340739224812,0.3639910274027939,38.50631344732375,291.19346317005574
"(74.99999999999999, 905.7909448205504)",57.094014592207905,27.30050062732635,0.3685015076408555,39.68258111181061,294.1027476619971
"(76.0, 905.7909448205504)",56.874675637558866,27.636728973350436,0.3730399077865505,40.87937598331424,297.0167945464363
"(77.0, 905.7909448205504)",56.65415820836626,27.975070031116754,0.3776068251482005,42.09693129930821,299.9359116223687
"(78.0, 905.7909448205504)",56.432389750970046,28.31556541269151,0.38220282151469404,43.33548279685818,302.8603720160167
"(78.99999999999999, 905.7909448205504)",56.20930285988314,28.65825413543607,0.3868284234417702,44.59526849427494,305.7904146584901
"(80.0, 905.7909448205504)",55.9848351936527,29.00317263081668,0.3914841226859437,45.87652847235965,308.72624489758556
"(81.0, 905.7909448205504)",55.75892936864848,29.350354770636653,0.3961703765185543,47.1795046554378,311.6680350012167
"(82.00000000000001, 905.7909448205504)",55.531532841668266,29.699831899321126,0.40088760803531864,48.50444059239927,314.61592465676245
"(83.0, 905.7909448205504)",55.302597809141204,30.051632856587556,0.4056362064437396,49.85158123797953,317.57002145011916
"(84.0, 905.7909448205504)",55.07208111586165,30.405783991678557,0.4104165274084912,51.22117273449988,320.5304013968067
"(85.0, 905.7909448205504)",54.83994415708858,30.762309183099834,0.41522889335236046,52.61346219430111,323.497109432125
"(86.00000000000001, 905.7909448205504)",54.60614235761616,31.121239611253618,0.42007350442788005,54.02869748313356,326.47007898667556
"(87.0, 905.7909448205504)",54.37067705803481,31.482565102284454,0.4249508851527597,55.46712700476207,329.4495367600853
"(88.0, 905.7909448205504)",54.133491491245465,31.846331468703433,0.4298609921732038,56.92899948706557,332.4351947549999
"(89.0, 905.7909448205504)",53.89457457164483,32.212543233495396,0.43480410704631023,58.414563769923575,335.4270591634095
"(90.00000000000001, 905.7909448205504)",53.65390886150975,32.5812122915024,0.43978039036716543,59.92406859521295,338.42502670901234
"(91.0, 905.7909448205504)",53.41148084089386,32.952348213359315,0.4447899713214354,61.457762399218375,341.4289659707301
"(92.0, 905.7909448205504)",53.167270102778346,33.325968141794355,0.4498328568877536,63.01589310783191,344.4386353438539
"(93.0, 905.7909448205504)",52.921302730920345,33.70204746870042,0.4549093879112856,64.59870793486532,347.4540963490363
"(94.0, 905.7909448205504)",52.67353338209848,34.08062847668084,0.46001923689929114,66.2064531838718,350.47480604276575
"(95.0, 905.7909448205504)",52.424006356562174,34.46167205453257,0.46516277647510673,67.83937405384809,353.50085674488935
"(96.0, 905.7909448205504)",52.17269352847973,34.84520635256329,0.47033971048032464,69.49771444921642,356.53173629338096
"(97.0, 905.7909448205504)",51.91961336435053,35.23121771969723,0.4755500785092631,71.18171679448862,359.56723812790375
"(98.0, 905.7909448205504)",51.66477671303258,35.61970015168035,0.48079380316871695,72.89162185401261,362.60705138204526
"(99.0, 905.7909448205504)",51.40818578851246,36.01065645345905,0.4860706728952445,74.62766855723729,365.65074549410696
"(100.0, 905.7909448205504)",51.1498916573921,36.40404472221292,0.4913808612669117,76.39009382987895,368.6982407638128
"(101.0, 905.7909448205504)",50.88986777825108,36.79989525104518,0.4967238038012046,78.17913243143268,371.7487911285182
"(102.0, 905.7909448205504)",50.62817037965397,37.19816289597661,0.5020996086932408,79.99501679941694,374.8022621528622
"(102.99999999999999, 905.7909448205504)",50.364812863991105,37.598841716187664,0.5075079749740853,81.83797690076823,377.85815125497277
"(104.0, 905.7909448205504)",50.09982099098082,38.001915975937536,0.5129486332949115,83.70824009077027,380.9159871058376
"(105.0, 905.7909448205504)",49.833224613322855,38.40736439880825,0.5184213590148206,85.60603097989183,383.97534161729624
"(106.0, 905.7909448205504)",49.56506632946189,38.81515575393583,0.5239259610978918,87.53157130891701,387.0358200099574
"(106.99999999999999, 905.7909448205504)",49.29541478987821,39.22533977863099,0.5294597523502571,89.48507983306693,390.0947694927271
"(108.0, 905.7909448205504)",49.02415741492268,39.63776446884435,0.5350278279345221,91.46677221298957,393.1565895571081
"(109.00000000000001, 905.7909448205504)",48.75143747032885,40.05246153895542,0.5406268122452409,93.47686091975346,396.21801013918554
"(110.0, 905.7909448205504)",48.477323056000294,40.46944467752313,0.5462548357250663,95.51555514397415,399.2771286202282
"(111.0, 905.7909448205504)",48.20180293778644,40.88863758272926,0.5519134783705801,97.58306071757228,402.335170314912
"(112.0, 905.7909448205504)",47.924935240574264,41.31003365242733,0.5576014716048336,99.67958004546449,405.39078375280707
"(113.0, 905.7909448205504)",47.646755447384216,41.73359439208527,0.5633186704507815,101.80531204678556,408.44363869588415
"(114.00000000000001, 905.7909448205504)",47.367305269737194,42.159287267652225,0.5690646520933994,103.96045210679324,411.4931567768648
"(115.0, 905.7909448205504)",47.08662766105634,42.58707913973763,0.5748389595464879,106.14519203918186,414.5387322480936
"(116.0, 905.7909448205504)",46.80476540957777,43.016935392860645,0.580641146026459,108.35972005899241,417.57977220200104
"(117.0, 905.7909448205504)",46.52176299099417,43.44882129506723,0.5864707130751659,110.60422076616229,420.6156405397741
"(118.0, 905.7909448205504)",46.237664214646436,43.88270059247722,0.5923271831132108,112.87887513976506,423.64572369524524
"(119.0, 905.7909448205504)",45.952763558690144,44.31867292481038,0.5982027520301401,115.18386054722946,426.66277540840446
"(120.0, 905.7909448205504)",45.66635385258521,44.756291365536214,0.604118847697332,117.51935073831206,429.68603110135655
"(17.0, 906.0483670864494)",86.14509019119119,2.4472623664573097,0.03303469138785031,0.27055355972996803,29.660474629436603
"(18.0, 906.0483670864494)",78.01184107361472,6.32297286638697,0.08534685234892261,0.4292452147292381,76.8991309919804
"(19.0, 906.0483670864494)",75.63643817778824,7.675837446443758,0.10360674467222263,0.6513810184718993,93.2213408109381
"(20.0, 906.0483670864494)",74.28492068706166,8.512215564397472,0.11489210608971767,0.8996340933218449,103.19817102038995
"(21.0, 906.0483670864494)",73.27743466415866,9.172277231767438,0.12380695550250467,1.1687282893802216,111.00636157760883
"(22.0, 906.0483670864494)",72.45720089638799,9.736689859614742,0.1314253319555228,1.4565977767307794,117.62110963536522
"(23.0, 906.0483670864494)",71.75261281616378,10.242356365370368,0.1382505282452116,1.762134796711058,123.49953056870197
"(24.0, 906.0483670864494)",71.12882799138279,10.707506932081648,0.14452706174746427,2.08465782346935,128.86385047262308
"(25.0, 906.0483670864494)",70.56466796617036,11.143238301833556,0.15040448275503812,2.4237098372932047,133.8500261653911
"(26.0, 906.0483670864494)",70.04530828246644,11.55700011638707,0.1559945757092905,2.7789674502089894,138.5596631455372
"(27.0, 906.0483670864494)",69.56364258763821,11.952900896081838,0.16134120574258073,3.150193087281204,143.03274291954295
"(28.0, 906.0483670864494)",69.11295269049702,12.334544541466698,0.16649024292445594,3.537211718029149,147.31100101950045
"(29.0, 906.0483670864494)",68.68759454660562,12.70469205731914,0.1714857024695014,3.939884953013181,151.43445574815127
"(30.0, 906.0483670864494)",68.28607325163509,13.064451502875785,0.1763337494463383,4.358112186533712,155.40879356155222
"(31.0, 906.0483670864494)",67.90004048081134,13.417294052654853,0.18110631621632298,4.791812445640721,159.29926963120087
"(32.0, 906.0483670864494)",67.53236659574411,13.762662014112394,0.1857681955288691,5.2409274031297315,163.07404281239837
"(33.0, 906.0483670864494)",67.17903729441234,14.10218932439039,0.19035527721035708,5.705412431357938,166.7656756513745
"(34.0, 906.0483670864494)",66.8389697131163,14.43663594150914,0.19487071160659944,6.185239012686341,170.37705103144745
"(35.0, 906.0483670864494)",66.51000419280838,14.766677923853555,0.1993385507233309,6.68038722076742,173.9299811594859
"(36.0, 906.0483670864494)",66.19593249064445,15.092079478396213,0.20369984730217175,7.190849674887418,177.37106434900437
"(37.0, 906.0483670864494)",65.8884234370252,15.41473091178018,0.20805658695307766,7.716626304908728,180.79270456550717
"(38.0, 906.0483670864494)",65.58929474401882,15.73450946835879,0.21238069535665066,8.257726064413118,184.1694561641649
"(39.0, 906.0483670864494)",65.29925156162538,16.05156585695678,0.21665762589471924,8.814167441879029,187.48812071685816
"(40.0, 906.0483670864494)",65.01525313027328,16.366545930223985,0.22092497915961373,9.385974224612813,190.7827423915631
"(41.0, 906.0483670864494)",64.73957253680395,16.679470774306136,0.2251442658173761,9.97317914002758,194.01841526268353
"(42.0, 906.0483670864494)",64.47043799075263,16.990590792563395,0.22934074459478512,10.575820491316001,197.21798665517952
"(43.0, 906.0483670864494)",64.2074292700325,17.300301692611775,0.2335127077120672,11.193946309479095,200.3798612069747
"(44.0, 906.0483670864494)",63.94886349515329,17.60886225720185,0.23768280226096514,11.82760763338032,203.5245072396986
"(45.0, 906.0483670864494)",63.695500109187044,17.91638807831897,0.2418362377385462,12.47686663655414,206.63846166878602
"(46.0, 906.0483670864494)",63.446396058269194,18.22316424000135,0.24598238432508682,13.141789548765209,209.73014810101114
"(47.0, 906.0483670864494)",63.202727757351646,18.529089321382997,0.2501051212978414,13.822450277034545,212.78488647483303
"(47.99999999999999, 906.0483670864494)",62.96232229328692,18.83465582492651,0.2542289415035889,14.5189296656175,215.82478764982565
"(49.0, 906.0483670864494)",62.72539633170122,19.13989238128726,0.2583501257439963,15.231315655620946,218.84639391130577
"(50.0, 906.0483670864494)",62.483664562756175,19.453271418158447,0.26257965331745375,15.959711171499391,221.9501549469056
"(51.0, 906.0483670864494)",62.26173608487227,19.74997354756161,0.2665771226157772,16.70419401256878,224.82757263606038
"(52.0, 906.0483670864494)",62.03342350165796,20.055097845600308,0.27070272305204646,17.46489328556446,227.80486690159753
"(53.0, 906.0483670864494)",61.80788421992826,20.360463492959248,0.27482596781231705,18.241921624778364,230.7636977445246
"(54.0, 906.0483670864494)",61.58480077895473,20.666139788896235,0.2789509733155049,19.03539526988842,233.7076785998005
"(55.0, 906.0483670864494)",61.36348641483625,20.972270921377078,0.2830857923947046,19.845443714928145,236.64397622966754
"(56.0, 906.0483670864494)",61.14397597259359,21.279045954340358,0.28722590669021564,20.67220527924575,239.56835846234898
"(57.0, 906.0483670864494)",60.92598498433747,21.586386166608946,0.2913784575063343,21.515815669723498,242.4871599580591
"(58.0, 906.0483670864494)",60.70903807145536,21.89464147720642,0.295542974996288,22.376424821723933,245.39980507753413
"(59.0, 906.0483670864494)",60.49412351329133,22.203766037757305,0.29970605500465025,23.254185956148298,248.29399578673662
"(59.99999999999999, 906.0483670864494)",60.279626732202836,22.513851887068324,0.3038910800227621,24.149258744124307,251.19075808263682
"(61.0, 906.0483670864494)",60.06579535637697,22.82499757770986,0.30809258064811845,25.061807541518633,254.0849720661593
"(61.99999999999999, 906.0483670864494)",59.852864467713516,23.137317337674805,0.31230476588250883,25.9920042712458,256.97121888991717
"(63.0, 906.0483670864494)",59.6399640747283,23.45090013617641,0.31653951639021394,26.94002501590733,259.86008692778046
"(64.0, 906.0483670864494)",59.4275068632175,23.765790140937472,0.3207901538112892,27.90605132896869,262.74534370916086
"(65.0, 906.0483670864494)",59.21515604859259,24.082101143748062,0.32505971218288,28.89027039454743,265.62955103434217
"(66.0, 906.0483670864494)",59.00278058576131,24.39989650382252,0.32934930612442004,29.892874171393082,268.51352684369283
"(67.0, 906.0483670864494)",58.790243885879235,24.71924834975177,0.33365990924627076,30.91405940822663,271.3979565265699
"(68.0, 906.0483670864494)",58.57741593705934,25.040225780622983,0.3379924542642879,31.954027448348228,274.2834838253513
"(69.0, 906.0483670864494)",58.36417313888941,25.362894924550748,0.34234783379078576,33.01298403026761,277.170711751457
"(70.0, 906.0483670864494)",58.150398146623886,25.687318992031244,0.34672690105500586,34.09113908486257,280.0602034409704
"(71.0, 906.0483670864494)",57.935979724937404,26.01355832434713,0.3511304705559931,35.18870652952387,282.95248295203027
"(72.0, 906.0483670864494)",57.72079919283092,26.341683194661858,0.3555592079246696,36.305904059696246,285.847935683002
"(73.0, 906.0483670864494)",57.504797367962354,26.67171006703737,0.3600141841857213,37.44295293814583,288.74731077128723
"(74.0, 906.0483670864494)",57.28784028601438,27.003729197965505,0.36449576884822504,38.600077782325066,291.65071839252914
"(74.99999999999999, 906.0483670864494)",57.069853232512905,27.33777710756164,0.3690047377968956,39.777506350101575,294.55863377793906
"(76.0, 906.0483670864494)",56.85075354798123,27.673900394078963,0.3735417200224617,40.975469324133975,297.4713961408811
"(77.0, 906.0483670864494)",56.63046392993185,28.01214300759003,0.37810730877026355,42.19420009513445,300.38930959961476
"(78.0, 906.0483670864494)",56.4089123220063,28.352546278410543,0.3827020619233566,43.43393454427821,303.3126437419962
"(78.99999999999999, 906.0483670864494)",56.18603180605887,28.695148943724273,0.38732650236206334,44.69491082495367,306.2416341694996
"(80.0, 906.0483670864494)",55.961760496883244,29.039987172609038,0.39198111830199583,45.97736914409668,309.176483022147
"(81.0, 906.0483670864494)",55.736041438337566,29.38709459001716,0.39666636361769636,47.28155154329951,312.11735949063404
"(82.00000000000001, 906.0483670864494)",55.50882250107971,29.73650229969633,0.4013826581519559,48.60770167995337,315.06440031544474
"(83.0, 906.0483670864494)",55.2800424730015,30.088251886418874,0.4061302699810832,49.956064608582885,318.01760333215634
"(84.0, 906.0483670864494)",55.049686124984035,30.442343544630074,0.41090978748525947,51.326886562681935,320.97725540817737
"(85.0, 906.0483670864494)",54.817715405436,30.79880086303108,0.4157215312469638,52.720414737211705,323.9433998117782
"(86.00000000000001, 906.0483670864494)",54.58405473672523,31.15768414971779,0.42056543133408186,54.13689707206952,326.91572524118357
"(87.0, 906.0483670864494)",54.34873027688897,31.51896013225558,0.4254422185544949,55.57658203677199,329.89464537416444
"(88.0, 906.0483670864494)",54.111674953985684,31.882684329975785,0.43035175635978934,57.039718416621746,332.87978770595083
"(89.0, 906.0483670864494)",53.872881533085774,32.24885777616169,0.43529435401663896,58.526555100688306,335.87118355803824
"(90.00000000000001, 906.0483670864494)",53.63233286486134,32.61749218808889,0.4402701696869457,60.03734087187255,338.8687274498586
"(91.0, 906.0483670864494)",53.39001570971462,32.988596962162305,0.4452793302054483,61.57232419941343,341.8722858305809
"(92.0, 906.0483670864494)",53.1459206238965,33.362179203735934,0.45032193142385635,63.13175303417243,344.8816975956287
"(93.0, 906.0483670864494)",52.9000418801288,33.738243735625744,0.45539803861713674,64.71587460704153,347.89677465638704
"(94.0, 906.0483670864494)",52.65237728886447,34.1167931690821,0.4605076868015937,66.32493523087139,350.91730242647066
"(95.0, 906.0483670864494)",52.402928175674894,34.49782787790824,0.46565088125396065,67.95918010628287,353.94304048623434
"(96.0, 906.0483670864494)",52.15169917092358,34.88134608917026,0.47082759787348855,69.61885313175812,356.9737231007516
"(97.0, 906.0483670864494)",51.89869815935685,35.26734387647361,0.4760377837191874,71.30419671843177,360.0090598917904
"(98.0, 906.0483670864494)",51.643936125884956,35.65581521716035,0.48128135750041845,73.01545160997819,363.0487364624256
"(99.0, 906.0483670864494)",51.38747360908985,36.04678465980878,0.48655671434409264,74.75285670808883,366.09105981832437
"(100.0, 906.0483670864494)",51.12917259486747,36.44015784093402,0.4918680790762061,76.5166489033608,369.1396209655843
"(101.0, 906.0483670864494)",50.86922245769517,36.83599330987408,0.4972110553999904,78.30706291384676,372.1902019286447
"(102.0, 906.0483670864494)",50.60758374414621,37.23425824128181,0.5025868188855084,80.12433112858753,375.2436354418004
"(102.99999999999999, 906.0483670864494)",50.34435473339126,37.634970530116156,0.5079932274345864,81.96868345989117,378.2977507481911
"(104.0, 906.0483670864494)",50.07934126443322,38.03801071396797,0.5134358391080825,83.84034720100726,381.3573564265319
"(105.0, 906.0483670864494)",49.8128092634793,38.443447139847954,0.5189087240981485,85.73954689588557,384.4168552401547
"(106.0, 906.0483670864494)",49.54466880383988,38.851266806482954,0.5244131395075095,87.6665042117898,387.4771645176675
"(106.99999999999999, 906.0483670864494)",49.27500025403525,39.26140493413077,0.5299491657520319,89.62143782462603,390.53813844382853
"(108.0, 906.0483670864494)",49.00382254599415,39.673851116595316,0.5355163465921791,91.60456331158666,393.5991480663582
"(109.00000000000001, 906.0483670864494)",48.73117204684067,40.088579522288896,0.5411143319320051,93.61609305336829,396.65966380069995
"(110.0, 906.0483670864494)",48.4570864702985,40.5055627372739,0.5467427575279236,95.6562361458881,399.71914652862955
"(111.0, 906.0483670864494)",48.18160504872862,40.9247723208497,0.5524012287328149,97.72519832181653,402.7770329480987
"(112.0, 906.0483670864494)",47.904768034122476,41.346178240281716,0.5580893431319324,99.82318188211433,405.8327561509221
"(113.0, 906.0483670864494)",47.62661649298821,41.76974918260137,0.5638066863020696,101.95038563777165,408.88574183864057
"(114.00000000000001, 906.0483670864494)",47.34719274397331,42.19545298593252,0.5695528149858414,104.1070048619088,411.9353931255034
"(115.0, 906.0483670864494)",47.06653970685934,42.62325627999403,0.5753272768892815,106.29323125237622,414.9811085134508
"(116.0, 906.0483670864494)",46.784700637130285,43.053124594479314,0.581129612764759,108.50925290493258,418.022283806158
"(117.0, 906.0483670864494)",46.50171898819446,43.485022478259104,0.5869593563772537,110.75525429707066,421.0583120946534
"(118.0, 906.0483670864494)",46.21763988984731,43.91891429445773,0.5928159927993543,113.03141628252659,424.0885459760607
"(119.0, 906.0483670864494)",45.93250706568082,44.35476285482062,0.5986990409051123,115.33791609645998,427.11237229184036
"(120.0, 906.0483670864494)",45.64635995511683,44.792528236272275,0.6046081288654822,117.67492737128313,430.1292805144806
"(17.0, 906.3397459621556)",85.46401933587518,2.7358133812150465,0.036927925987076345,0.2807110256034637,33.188536032432594
"(18.0, 906.3397459621556)",77.311853795078,6.705718430375468,0.09051431243567588,0.4548900096005526,81.5818289292891
"(19.0, 906.3397459621556)",75.27886441898089,7.888935697460372,0.10648281247497937,0.6819940349195687,95.82761117298908
"(20.0, 906.3397459621556)",74.02623836737654,8.675016874621157,0.1170943326747585,0.933437896667926,105.19380983338081
"(21.0, 906.3397459621556)",73.07440912756826,9.306806051463749,0.1256175934669692,1.2050710659575663,112.64714668527265
"(22.0, 906.3397459621556)",72.28375741266393,9.855754015139908,0.13303229190377228,1.4951269627142119,119.07732668611409
"(23.0, 906.3397459621556)",71.60125733678679,10.349904037023107,0.13970270412145266,1.8026295002669472,124.81548386339665
"(24.0, 906.3397459621556)",70.99359071492492,10.80657699070391,0.14586614322902178,2.1269661273620963,130.07731707130893
"(25.0, 906.3397459621556)",70.44164433394064,11.235752252192839,0.1516597164794913,2.4677191268052177,134.98750977990946
"(26.0, 906.3397459621556)",69.93411340887853,11.643580897554664,0.1571602213066103,2.824592216406859,139.6159628379825
"(27.0, 906.3397459621556)",69.45945358708454,12.035501547496498,0.1624615043146327,3.197366311206742,144.0479522379471
"(28.0, 906.3397459621556)",69.01652289933294,12.413124527438818,0.16755377739530325,3.585871613732909,148.2747764257258
"(29.0, 906.3397459621556)",68.5976345509005,12.779882489058867,0.17250233320379615,3.990001108036619,152.3557197457711
"(30.0, 906.3397459621556)",68.1995234329814,13.137507986041104,0.17732996400616202,4.40963965098472,156.31155487783835
"(31.0, 906.3397459621556)",67.81989861794695,13.48730193255362,0.18205099709845105,4.844720578972782,160.15533388339446
"(32.0, 906.3397459621556)",67.4563254619466,13.830481213505088,0.18668335135038153,5.295189637375679,163.90335160089296
"(33.0, 906.3397459621556)",67.10709153116245,14.167953665816869,0.1912386357251218,5.761005778368565,167.56617074288755
"(34.0, 906.3397459621556)",66.77016873478237,14.50063025952634,0.19573327164191506,6.242144237204607,171.1586994590703
"(35.0, 906.3397459621556)",66.44585311831993,14.828754647715872,0.20015801415481616,6.738586336063292,174.67257736530232
"(36.0, 906.3397459621556)",66.13190459894653,15.15315831691099,0.20453414362629158,7.250327692188648,178.1270960826515
"(37.0, 906.3397459621556)",65.82661720718939,15.474569883118626,0.20887526144085466,7.777370622301123,181.53458076978194
"(38.0, 906.3397459621556)",65.53048230264127,15.793006110790108,0.2131734896305078,8.319724339636176,184.88788209794447
"(39.0, 906.3397459621556)",65.24233644765134,16.108960746069894,0.21743816518740347,8.877410983177425,188.19544041525106
"(40.0, 906.3397459621556)",64.96141635058481,16.422759911798614,0.22167548019117,9.450454533204715,191.46284386929915
"(41.0, 906.3397459621556)",64.68806418548158,16.734664846052734,0.22587426802931407,10.038888413946124,194.67993829113024
"(42.0, 906.3397459621556)",64.41967173657484,17.044974739119585,0.2300724269254485,10.642751514740036,197.88103345776756
"(43.0, 906.3397459621556)",64.15786579025747,17.353818037238515,0.23423996967118796,11.262094159142572,201.03890044682495
"(44.0, 906.3397459621556)",63.900224407220115,17.66160071231369,0.23840843886221635,11.896965969714726,204.18207794390057
"(45.0, 906.3397459621556)",63.649128136018696,17.96847942223978,0.24253511177844433,12.547435708960482,207.27177588721776
"(46.0, 906.3397459621556)",63.4021254339367,18.274389443950273,0.2466630526687313,13.213561859647081,210.34696663438064
"(47.0, 906.3397459621556)",63.15875109824216,18.579876789939966,0.2507872465358351,13.895425575002518,213.40302374083473
"(47.99999999999999, 906.3397459621556)",62.91927050811872,18.88478372691896,0.25490775445846386,14.59310428840104,216.43992513126665
"(49.0, 906.3397459621556)",62.683439482085745,19.189502079110873,0.2590197427380936,15.306691453024438,219.4531963794022
"(50.0, 906.3397459621556)",62.451002755278026,19.493932652978103,0.2631304558004133,16.036277777984594,222.44931268706816
"(51.0, 906.3397459621556)",62.22123080852314,19.798553525983046,0.2672407428828009,16.78196672566908,225.42894028946642
"(52.0, 906.3397459621556)",61.994298859187246,20.103205639051676,0.271352309952924,17.543866360674905,228.39351730830234
"(53.0, 906.3397459621556)",61.76977914780843,20.408083235107867,0.27546781609536797,18.322092272511522,231.34533818811406
"(54.0, 906.3397459621556)",61.547468912777084,20.71347682216133,0.2795843269827487,19.116768649115485,234.28161924342922
"(55.0, 906.3397459621556)",61.326889182969055,21.019144149109707,0.283715841449775,19.928021772785524,237.21492189224278
"(56.0, 906.3397459621556)",61.1084306875064,21.32543981237874,0.2878482823071711,20.75598713317469,240.1323519287496
"(57.0, 906.3397459621556)",60.890919219535945,21.632570706414537,0.2919957593604928,21.600806431771087,243.0465559290447
"(58.0, 906.3397459621556)",60.67499560476528,21.940441108142366,0.2961512079143473,22.462627243129834,245.95098330434521
"(59.0, 906.3397459621556)",60.460075384861106,22.24921926825213,0.30032036987672944,23.341603577928716,248.85068416340684
"(59.99999999999999, 906.3397459621556)",60.246203791589586,22.559012447844722,0.3045005432651393,24.237895060110887,251.74304996815383
"(61.0, 906.3397459621556)",60.033023802222814,22.869883597636488,0.3086965679992232,25.151667516064755,254.63230150374045
"(61.99999999999999, 906.3397459621556)",59.82064030348505,23.181990715774475,0.31290355550734833,26.083092870901055,257.5138361382843
"(63.0, 906.3397459621556)",59.60815666812232,23.49523461092024,0.3171382782722776,27.032345159160066,260.4026814050114
"(64.0, 906.3397459621556)",59.396170468147034,23.80989551145158,0.3213855646467548,27.99960951485145,263.2849015029922
"(65.0, 906.3397459621556)",59.18427984827418,24.125978665477557,0.32565204815386245,28.98507219095743,266.1663224048699
"(66.0, 906.3397459621556)",58.97234265437954,24.44355864617287,0.3299387354795284,29.988925440811393,269.0476642567792
"(67.0, 906.3397459621556)",58.76022340256112,24.762706978048033,0.33424659208544744,31.011366295642762,271.9296050637979
"(68.0, 906.3397459621556)",58.54779311273843,25.083492194483,0.3385765430568948,32.052596369410864,274.81278165351995
"(69.0, 906.3397459621556)",58.3349291496974,25.405979892814376,0.34292947384639677,33.11282165966647,277.6977905492124
"(70.0, 906.3397459621556)",58.12151507288897,25.73023278467722,0.3473062309537427,34.19225234492077,280.58518878876816
"(71.0, 906.3397459621556)",57.90744049549367,26.0563107416029,0.35170762254091376,35.29110257897223,283.4754946877132
"(72.0, 906.3397459621556)",57.69260094420587,26.384270841475427,0.3561344189765053,36.4095902826085,286.3691885409372
"(73.0, 906.3397459621556)",57.476897758032756,26.71416738550786,0.36058735348312243,37.54793693304134,289.2667134200178
"(74.0, 906.3397459621556)",57.26023791046525,27.046051977588167,0.3650671223710419,38.70636735141697,292.16847559748834
"(74.99999999999999, 906.3397459621556)",57.04253394594247,27.37997351372367,0.3695743857335811,39.88510948866883,295.0748453912247
"(76.0, 906.3397459621556)",56.82370383741637,27.71597823488116,0.37410976774173543,41.084394210029025,297.98615764697644
"(77.0, 906.3397459621556)",56.60367088134118,28.054109751188374,0.37867385705430534,42.30445507839894,300.9027123267098
"(78.0, 906.3397459621556)",56.38233523705083,28.39443638286455,0.383266955199972,43.545528136870594,303.8245466747609
"(78.99999999999999, 906.3397459621556)",56.15971558192785,28.73691461646823,0.38789033684065993,44.80785169058352,306.75257766275513
"(80.0, 906.3397459621556)",55.93566548716637,29.081662266917984,0.3925437302506606,46.09166608814451,309.6863186662761
"(81.0, 906.3397459621556)",55.71015683660022,29.428685362435317,0.39722783747175905,47.397213502840415,312.6261638004101
"(82.00000000000001, 906.3397459621556)",55.483137966099896,29.778014735429682,0.4019430746855152,48.72473771385845,315.57224648785916
"(83.0, 906.3397459621556)",55.25456190814332,30.12967873534739,0.4066898244683503,50.07448388772007,318.5246683063182
"(84.0, 906.3397459621556)",55.02438632304118,30.483703228510905,0.4114684361489661,51.44669836018178,321.4834995305176
"(85.0, 906.3397459621556)",54.79257336282223,30.840111644786433,0.41627922598743766,52.84162841883345,324.44877951194354
"(86.00000000000001, 906.3397459621556)",54.559089562333334,31.19892500412891,0.4211224774461518,54.25952208663813,327.4205171408607
"(87.0, 906.3397459621556)",54.32390581962598,31.560161883580964,0.42599844164153383,55.70062790670123,330.39869147096067
"(88.0, 906.3397459621556)",54.08699718295409,31.923838514264595,0.43090733739466275,57.16519472852888,333.38325197897865
"(89.0, 906.3397459621556)",53.84834283826182,32.2899687437036,0.4358493517125974,58.653471496084194,336.3741192128815
"(90.00000000000001, 906.3397459621556)",53.60792596484517,32.658564086222576,0.44082464001857685,60.16570703795634,339.37118521033926
"(91.0, 906.3397459621556)",53.36573363896629,33.02963374153825,0.44583332649313495,61.702149859951334,342.3743140152994
"(92.0, 906.3397459621556)",53.12175672684446,33.40318462038436,0.45087550441974994,63.263047940487496,345.3833421958674
"(93.0, 906.3397459621556)",52.87598977542638,33.77922137173727,0.4559512365523961,64.8486485291087,348.3980793789207
"(94.0, 906.3397459621556)",52.62843090105878,34.15774641171886,0.46106055550629443,66.45919794851885,351.4183088022264
"(95.0, 906.3397459621556)",52.37908167563347,34.538759954524544,0.4662034641742663,68.09494140052489,354.44378788585647
"(96.0, 906.3397459621556)",52.12794700978479,34.92226004555159,0.4713799361751419,69.7561227762604,357.4742488283748
"(97.0, 906.3397459621556)",51.87501615416253,35.30825963470134,0.4765897604267087,71.44298447110637,360.5092579222014
"(98.0, 906.3397459621556)",51.62035697547595,35.696701424287866,0.4818333211707565,73.15576720472954,363.54892270127567
"(99.0, 906.3397459621556)",51.363908307745014,36.087644919771876,0.48710989006250127,74.89470984663956,366.59234416826143
"(100.0, 906.3397459621556)",51.10576224618088,36.48101294689052,0.49241993292180225,76.6600492476832,369.6397076633647
"(101.0, 906.3397459621556)",50.845862965031195,36.876860493238425,0.4977626779834479,78.45202007788582,372.69007903507463
"(102.0, 906.3397459621556)",50.584290230245045,37.275122298553406,0.5031383983460465,80.27085467106167,375.7434734696999
"(102.99999999999999, 906.3397459621556)",50.32113126678805,37.67583117850167,0.5085447300224913,82.11678287683401,378.79751854214373
"(104.0, 906.3397459621556)",50.056167920494225,38.07887419722542,0.5139874146918573,83.99003191873209,381.8571909408309
"(105.0, 906.3397459621556)",49.78967476633478,38.484327048102415,0.5194602014202196,85.89082626391168,384.91660072874026
"(106.0, 906.3397459621556)",49.521601787277646,38.892135731580545,0.5249648170287744,87.81938749626778,387.9770914086611
"(106.99999999999999, 906.3397459621556)",49.25198073783624,39.30228026079856,0.5305008980262031,89.77593420187932,391.038114947885
"(108.0, 906.3397459621556)",48.98084783394733,39.71473303982161,0.5360681753348513,91.76068186192525,394.0992119894601
"(109.00000000000001, 906.3397459621556)",48.70823934610187,40.12946946482248,0.5416662663284448,93.77384275517096,397.15982346522105
"(110.0, 906.3397459621556)",48.43419312337744,40.54646191556788,0.5472948077887467,95.81562586995659,400.21941118770286
"(111.0, 906.3397459621556)",48.15874824694617,40.965681427772516,0.5529534186088897,97.88623682600821,403.2774241248783
"(112.0, 906.3397459621556)",47.88194540877276,41.387098325981654,0.5586416784556678,99.98587780625854,406.3332791291236
"(113.0, 906.3397459621556)",47.60382557305761,41.81068086550073,0.5643591834940358,102.11474749888218,409.3864115005118
"(114.00000000000001, 906.3397459621556)",47.32443161547247,42.23639717026582,0.5701054727001235,104.2730410497045,412.43620824896004
"(115.0, 906.3397459621556)",47.04380592676442,42.66421330783381,0.5758801142001281,106.46095002508751,415.4820863837137
"(116.0, 906.3397459621556)",46.76199247626493,43.09409507329505,0.5816826292949769,108.67866238542523,418.5234240803829
"(117.0, 906.3397459621556)",46.47903482022345,43.526006902490664,0.5875125512249123,110.92636246927864,421.5596139574863
"(118.0, 906.3397459621556)",46.19497701838464,43.959912538054176,0.5933693953082652,113.20423098819326,424.59003601721764
"(119.0, 906.3397459621556)",45.909896922752395,44.39573977974502,0.5992531074500385,115.51244503219908,427.6144641411011
"(120.0, 906.3397459621556)",45.623741186115055,44.83355781435032,0.6051617777646351,117.85117808591517,430.6309938392906
"(17.0, 906.6639761477888)",84.18669001813264,3.2937071256423365,0.044458415190415365,0.2937492871172825,40.01509420265396
"(18.0, 906.6639761477888)",76.70794147918642,7.044084748765297,0.0950816908699223,0.4850463672241087,85.72209753575456
"(19.0, 906.6639761477888)",74.91523433398297,8.109389274720417,0.10945643734161448,0.7170059864777346,98.52320270864175
"(20.0, 906.6639761477888)",73.7515203114063,8.84981191561937,0.11946132164396057,0.9717859437042848,107.3394909338789
"(21.0, 906.6639761477888)",72.85159579236709,9.454831923277958,0.12762261359256583,1.246128292481007,114.46469799372757
"(22.0, 906.6639761477888)",72.09934448041047,9.98447864055066,0.13475483043528222,1.5385453371209483,120.63880503045311
"(23.0, 906.6639761477888)",71.43224127825911,10.469582511777913,0.14133518527669184,1.848184728851115,126.29533632369873
"(24.0, 906.6639761477888)",70.846038007415,10.91551740442813,0.14733692997326506,2.1744988287768297,131.410587934192
"(25.0, 906.6639761477888)",70.30753108556223,11.337575001487155,0.15303539420957132,2.5171148792717775,136.23456412612248
"(26.0, 906.6639761477888)",69.81078970453966,11.73962350930594,0.15846031412599088,2.8757606842146424,140.7944977828839
"(27.0, 906.6639761477888)",69.34681255901918,12.126206033628932,0.16367943035136845,3.2502370871639266,145.15200604881286
"(28.0, 906.6639761477888)",68.8666863248158,12.534555963789023,0.16919062915306762,3.6404225116289974,149.75862604323729
"(29.0, 906.6639761477888)",68.49797778188301,12.863361463932492,0.17363243691919866,4.046110510927907,153.38016513446289
"(30.0, 906.6639761477888)",68.10602723938109,13.21781929208019,0.17841352675392724,4.467311122032677,157.29380644323288
"(31.0, 906.6639761477888)",67.73138330528936,13.5649302280843,0.1830990017665385,4.903917154236779,161.10535181610405
"(32.0, 906.6639761477888)",67.37185261973912,13.905895915287486,0.18770240210943118,5.355882279977472,164.8271239490505
"(33.0, 906.6639761477888)",67.02711530898817,14.241024731766789,0.1922247271129521,5.823171536659244,168.46006386149358
"(34.0, 906.6639761477888)",66.69591579126246,14.571234793977036,0.19666857975057972,6.305758638880216,172.00655786111892
"(35.0, 906.6639761477888)",66.3727971370244,14.898106142697165,0.2010947518742733,6.803634813813842,175.5217325029678
"(36.0, 906.6639761477888)",66.06139738170093,15.221045155607316,0.20545317552777748,7.316792792504527,178.9602002436998
"(37.0, 906.6639761477888)",65.75927689371171,15.54086113715893,0.20977001466084266,7.8452387383059365,182.34567683067363
"(38.0, 906.6639761477888)",65.465532870486,15.858053668452342,0.21405021846822467,8.388982223672805,185.6826399480306
"(39.0, 906.6639761477888)",65.18000681821673,16.172608445243306,0.21829612586053568,8.94805148119579,188.97318196917567
"(40.0, 906.6639761477888)",64.90110360224243,16.485385910532976,0.22251703784814283,9.522464878552917,192.22571741747228
"(41.0, 906.6639761477888)",64.62915356638243,16.79621107942432,0.22671177977210802,10.1122600128088,195.43914367491251
"(42.0, 906.6639761477888)",64.36287943858733,17.10555191964926,0.23089145221544724,10.717480613180042,198.62348151101455
"(43.0, 906.6639761477888)",64.10267842272103,17.41354353868103,0.23504678627353814,11.338172764598834,201.77028105892677
"(44.0, 906.6639761477888)",63.847828000036124,17.720433524441884,0.23918469995399044,11.974390751359199,204.88576034264165
"(45.0, 906.6639761477888)",63.597208197710934,18.02639773054198,0.2433203127881986,12.626197934170328,207.9835643359015
"(46.0, 906.6639761477888)",63.35153361501902,18.331584579086297,0.2474387069544364,13.293664495425293,211.05009740475157
"(47.0, 906.6639761477888)",63.1096494524424,18.636365418908714,0.25155066474335336,13.976862528927663,214.09506336990052
"(47.99999999999999, 906.6639761477888)",62.871453213425156,18.94064680726347,0.25566069913588796,14.675875663897141,217.1224703593706
"(49.0, 906.6639761477888)",62.636839177628346,19.24468562613625,0.25976492975073984,15.390794115256947,220.12870995629993
"(50.0, 906.6639761477888)",62.40544259451295,19.54862366892194,0.26386648588401185,16.121701505295093,223.1165357584475
"(51.0, 906.6639761477888)",62.17685510773508,19.85258811256882,0.26796962796171225,16.86873025587086,226.08967811873885
"(52.0, 906.6639761477888)",61.95092977473293,20.156715687722446,0.2720738953651219,17.6319631121241,229.04763666563474
"(53.0, 906.6639761477888)",61.727096267619515,20.461216658376525,0.276184012676484,18.411523880663186,231.99457120104915
"(54.0, 906.6639761477888)",61.50575627126316,20.765931624717133,0.2802980416035165,19.207534731274986,234.92860217540763
"(55.0, 906.6639761477888)",61.28628367437159,21.071228503619636,0.2844177217115142,20.020122537964347,237.85117991589237
"(56.0, 906.6639761477888)",61.068204227364774,21.377195085125667,0.2885490414646222,20.84943006734352,240.767591180604
"(57.0, 906.6639761477888)",60.85175143174431,21.68387094686148,0.2926880108517724,21.69559231917858,243.67408337047655
"(58.0, 906.6639761477888)",60.63640585818306,21.99134732699266,0.2968411702683892,22.558759706599464,246.57643601330108
"(59.0, 906.6639761477888)",60.421878276564286,22.30032182347442,0.30100903855758426,23.43908695342002,249.4749648016224
"(59.99999999999999, 906.6639761477888)",60.20907799197349,22.60915936519303,0.3051810747076397,24.336732497877293,252.35995414160672
"(61.0, 906.6639761477888)",59.99647165091405,22.919797578600427,0.3093715622698428,25.251865070735164,255.24418568389376
"(61.99999999999999, 906.6639761477888)",59.78448023392509,23.23155930692218,0.3135786324836588,26.184655429701095,258.1257943329192
"(63.0, 906.6639761477888)",59.57281278189889,23.544575817098735,0.3178043692491238,27.13527889905419,261.0064941614965
"(64.0, 906.6639761477888)",59.36136133873572,23.85896959619919,0.32204805068098674,28.103919767876416,263.88544637319166
"(65.0, 906.6639761477888)",59.14997994511797,24.174800147537866,0.326311125216892,29.090765213220813,266.76377703718543
"(66.0, 906.6639761477888)",58.938527747938686,24.492141334527183,0.33059458989787305,30.096007813252054,269.6421975565012
"(67.0, 906.6639761477888)",58.72687048000204,24.81106401490633,0.33489940119158285,31.119844910769444,272.52137778310464
"(68.0, 906.6639761477888)",58.514880297178635,25.131636097708633,0.33922647576079734,32.16247841830841,275.40194690957765
"(69.0, 906.6639761477888)",58.30243562679158,25.453922594423613,0.34357669115575945,33.224114619227436,278.28449429575426
"(70.0, 906.6639761477888)",58.08942102478902,25.77798566560256,0.34795088644185485,34.30496396529301,281.16957024022685
"(71.0, 906.6639761477888)",57.875727039798825,26.103884663669003,0.35234986277821173,35.405240871194806,284.0576867104264
"(72.0, 906.6639761477888)",57.66125008306759,26.43167617245659,0.3567743839526013,36.52516350643742,286.94931803570597
"(73.0, 906.6639761477888)",57.445892305823826,26.761414043041032,0.3612251768635751,37.66495358492522,289.84490155489203
"(74.0, 906.6639761477888)",57.229561479088936,27.093149427733373,0.365702931980497,38.82483615263268,292.7448382457091
"(74.99999999999999, 906.6639761477888)",57.01217087980332,27.426930810884553,0.37020830375926095,40.0050393735979,295.64949331570205
"(76.0, 906.6639761477888)",56.793639178821536,27.762804038241896,0.3747419110387568,41.20579431455872,298.55919677706146
"(77.0, 906.6639761477888)",56.57389033371877,28.100812343776827,0.37930433740301794,42.42733472845802,301.4742439914647
"(78.0, 906.6639761477888)",56.35285346703188,28.44099638741639,0.3838961314660492,43.66989683706883,304.39489614569356
"(78.99999999999999, 906.6639761477888)",56.13046284412557,28.783394218335097,0.3885178074984152,44.933719112957625,307.3213810377767
"(80.0, 906.6639761477888)",55.90665761012217,29.128041419230925,0.39316984513149206,46.21904206101658,310.25389302731236
"(81.0, 906.6639761477888)",55.68138185239309,29.474971006504926,0.39785269025310405,47.526107999771504,313.19259406620245
"(82.00000000000001, 906.6639761477888)",55.454584420819515,29.82421351202808,0.4025667549898733,48.855160842686416,316.1376139013449
"(83.0, 906.6639761477888)",55.22621884614029,30.175796991344036,0.4073124180423897,50.20644587970163,319.0890505969818
"(84.0, 906.6639761477888)",54.99624324226627,30.52974704373238,0.41209002495595765,51.580209559216094,322.046970998194
"(85.0, 906.6639761477888)",54.76462020922341,30.886086831879865,0.41689988838647757,52.97669927077147,325.01141118928166
"(86.00000000000001, 906.6639761477888)",54.53131673479281,31.24483710203507,0.42174228837156974,54.39616312869767,327.98237695593707
"(87.0, 906.6639761477888)",54.296304096156405,31.606016204159133,0.4266174726039557,55.83884975694879,330.9598442482741
"(88.0, 906.6639761477888)",54.059557760538894,31.96964011267874,0.431525656711004,57.30500807546954,333.94375964791516
"(89.0, 906.6639761477888)",53.82105728427452,32.33572244811862,0.43646702454623443,58.794887088342556,336.93404084414095
"(90.00000000000001, 906.6639761477888)",53.58078621065136,32.704274499562665,0.4414417284935554,60.30873567405622,339.93057711946335
"(91.0, 906.6639761477888)",53.33873196571854,33.07530524847038,0.4464498897876883,61.84680237820408,342.9332298474435
"(92.0, 906.6639761477888)",53.09488575204883,33.44882139385665,0.4514915988555125,63.40933520898196,345.9418330066795
"(93.0, 906.6639761477888)",52.84924244047017,33.82482737910987,0.45656691567620444,64.99658143583166,348.9561937086881
"(94.0, 906.6639761477888)",52.60180045940764,34.20332542053221,0.46167587016817757,66.60878739159618,351.976092746574
"(95.0, 906.6639761477888)",52.35256168103691,34.58431553818676,0.466818462604593,68.24619827859611,355.001285165682
"(96.0, 906.6639761477888)",52.10150904277643,34.96782425676247,0.4719942654754386,69.90905797900058,358.03113947591555
"(97.0, 906.6639761477888)",51.84869441421916,35.35378234651202,0.47720422403567814,71.59760886987942,361.06627032882875
"(98.0, 906.6639761477888)",51.59410909093392,35.74222745833249,0.48244743973669424,73.31209164346704,364.1056223505249
"(99.0, 906.6639761477888)",51.33776636071222,36.13314341813139,0.48772401081811834,75.05274513282566,367.1490457782767
"(100.0, 906.6639761477888)",51.07968372549766,36.52651980081716,0.493033793748306,76.81980614356907,370.1961736714989
"(101.0, 906.6639761477888)",50.819881228601346,36.92234439302288,0.49837661646330994,78.6135092918881,373.24661540981805
"(102.0, 906.6639761477888)",50.55838128974511,37.32060267341826,0.5037522939089423,80.43408684938224,376.299970939669
"(102.99999999999999, 906.6639761477888)",50.295281318712135,37.72131382473008,0.5091586550517836,82.28176859534028,379.3540420839702
"(104.0, 906.6639761477888)",50.03049980252113,38.12438651622376,0.5145989060054793,84.15678167510605,382.4115085651241
"(105.0, 906.6639761477888)",49.763958802081945,38.52980980347761,0.5200741259272261,86.05935046923749,385.4731244355272
"(106.0, 906.6639761477888)",49.49594186138364,38.93762395088154,0.5255787826880688,87.98969646894516,388.53365242193394
"(106.99999999999999, 906.6639761477888)",49.22637413052033,39.34777347773068,0.5311149673588501,89.94803815951016,391.594769937668
"(108.0, 906.6639761477888)",48.95529084762978,39.760233998828205,0.5366823398772859,91.93459091471624,394.65595328672276
"(109.00000000000001, 906.6639761477888)",48.68272859882672,40.17497922578377,0.5422805537892154,93.94956689935583,397.716676186799
"(110.0, 906.6639761477888)",48.408725490421624,40.591981665378,0.5479092363128917,95.99317498152496,400.7763917820199
"(111.0, 906.6639761477888)",48.13332096412885,41.0112124277814,0.5535679966156933,98.06562065475867,403.8345402249916
"(112.0, 906.6639761477888)",47.856555774540205,41.43264152109451,0.5592564191865252,100.1671059701556,406.89054273567393
"(113.0, 906.6639761477888)",47.57847103721713,41.85623717556997,0.5649740962235541,102.29782947875059,409.94383102380044
"(114.00000000000001, 906.6639761477888)",47.299109289397954,42.281966832699844,0.5707205871936327,104.45798618424624,412.9938106701336
"(115.0, 906.6639761477888)",47.01851410948237,42.70979770047576,0.5764954105607502,106.64776750624772,416.0398536637141
"(116.0, 906.6639761477888)",46.73672866534779,43.13969439204854,0.5822981281797294,108.86736125409138,419.0813749447568
"(117.0, 906.6639761477888)",46.4537970379681,43.57162157787055,0.5881282572499209,111.11695161132485,422.11775259175806
"(118.0, 906.6639761477888)",46.16976364581205,44.00554305044755,0.5939853043448061,113.39671913087051,425.1483586797459
"(119.0, 906.6639761477888)",45.88466976650933,44.44141957024205,0.5998688751955606,115.70684074087258,428.1726588112362
"(120.0, 906.6639761477888)",45.5985699649215,44.87922013357335,0.6057781336248502,118.04748976116612,431.18972153452705
"(17.0, 907.0198277271976)",80.08342483047342,5.234504319657439,0.07066044660310959,0.3136480828816649,63.77677802219763
"(18.0, 907.0198277271976)",76.07058486506452,7.409642998118336,0.10001532058144104,0.5198330097535381,90.19604583410555
"(19.0, 907.0198277271976)",74.53815562428655,8.340542241600494,0.11258545302339301,0.7565207390723325,101.3607174667941
"(20.0, 907.0198277271976)",73.4716362134135,9.031376412657135,0.12190723855619943,1.0147298668168896,109.5575526471255
"(21.0, 907.0198277271976)",72.61883452846207,9.611828459186764,0.1297401587278619,1.2919205394235622,116.38497587922102
"(22.0, 907.0198277271976)",71.89578427249783,10.125700124483085,0.13667646751386966,1.5868469123289715,122.38141910646301
"(23.0, 907.0198277271976)",71.25994453784678,10.59540333730268,0.14301654638427339,1.8987715820228164,127.82007168157959
"(24.0, 907.0198277271976)",70.68704502824843,11.033685152078585,0.1489345313682557,2.2272139369948456,132.85935904727137
"(25.0, 907.0198277271976)",70.16306436026692,11.448127936623308,0.15452772201186632,2.5718378821952594,137.587869916084
"(26.0, 907.0198277271976)",69.67787621626027,11.844021972104361,0.15987021196982432,2.932400417285349,142.07305170229526
"(27.0, 907.0198277271976)",69.22374512508098,12.225395950402554,0.16501803709063362,3.308721017026685,146.36591055680015
"(28.0, 907.0198277271976)",68.7959253247334,12.594809349072627,0.1700043016520249,3.700661563718784,150.4966108335834
"(29.0, 907.0198277271976)",68.3898822182615,12.954576729001715,0.1748620643433318,4.1081110441850095,154.49524843252593
"(30.0, 907.0198277271976)",68.00431346276082,13.30557368130508,0.17959858553374694,4.531010822411712,158.3684672884558
"(31.0, 907.0198277271976)",67.63527140880612,13.649714870450895,0.18424301484157204,4.969273665391991,162.14279391615023
"(32.0, 907.0198277271976)",67.28094478783376,13.987931181335751,0.18880856586417327,5.4228695547368035,165.83024332880487
"(33.0, 907.0198277271976)",66.94003965872336,14.320931144135216,0.19330370196079782,5.891766557883786,169.4385238936286
"(34.0, 907.0198277271976)",66.61119091843867,14.649429792797367,0.19773744769575782,6.37593863075821,172.9758471134638
"(35.0, 907.0198277271976)",66.29406453939137,14.973847415168152,0.20210738274477336,6.875377578070671,176.44002590148844
"(36.0, 907.0198277271976)",65.98548769444744,15.295125480020134,0.20644823766797304,7.390083131968875,179.8625618322196
"(37.0, 907.0198277271976)",65.68590582355179,15.613476303561272,0.21074790796634263,7.92006042311566,183.2324707543837
"(38.0, 907.0198277271976)",65.3948219150101,15.929035352157225,0.2150130175417351,8.465325606265612,186.5557445235439
"(39.0, 907.0198277271976)",65.11163093471558,16.242550257159806,0.21923673121645632,9.025900486245323,189.8261616931788
"(40.0, 907.0198277271976)",64.8393591375165,16.549977842859697,0.22339108390184878,9.601814136678223,193.0183282997686
"(41.0, 907.0198277271976)",64.56552442667656,16.863520416317886,0.22762088494419924,10.193099698859951,196.2635561503399
"(42.0, 907.0198277271976)",64.30112576071065,17.171800173161675,0.23178783910732828,10.799803066794354,199.43636282959392
"(43.0, 907.0198277271976)",64.04282222863925,17.478808326026122,0.2359286751686605,11.421971847123821,202.5700144602606
"(44.0, 907.0198277271976)",63.78910730517003,17.784801158148007,0.2400633014831721,12.059662743557384,205.68251161133168
"(45.0, 907.0198277271976)",63.54065730584176,18.089928216179963,0.24417717148144172,12.71293704890614,208.76059896310554
"(46.0, 907.0198277271976)",63.29702340264058,18.394301185255927,0.24827600525598975,13.381866895943228,211.8093926201414
"(47.0, 907.0198277271976)",63.05600452086606,18.698252941175642,0.25238847095052064,14.066526608578918,214.8548208332931
"(47.99999999999999, 907.0198277271976)",62.81930386036921,19.00182769374994,0.2564860537030899,14.766999558017126,217.87093668618823
"(49.0, 907.0198277271976)",62.5860318592149,19.305266455964816,0.2605781338112742,15.483377094211598,220.86615694476498
"(50.0, 907.0198277271976)",62.35568396275897,19.608503807041632,0.2646751254302144,16.21575293479921,223.8498337365882
"(51.0, 907.0198277271976)",62.128210532507126,19.911860159427317,0.2687705817809231,16.964231420323195,226.81601536474838
"(52.0, 907.0198277271976)",61.903374234040506,20.215439663271372,0.27286647203370606,17.72892311191762,229.76637734462264
"(53.0, 907.0198277271976)",61.680797946320325,20.51928519541898,0.276968354485407,18.509943438528445,232.70584573271083
"(54.0, 907.0198277271976)",61.46025490534445,20.82358228123575,0.28107607509774724,19.30741752122677,235.63415569216878
"(55.0, 907.0198277271976)",61.24160113802393,21.128448524641406,0.2851896082613169,20.12147225465054,238.5511571001161
"(56.0, 907.0198277271976)",61.024846868556985,21.43389568834902,0.2893092971180482,20.952246877707346,241.45702195418139
"(57.0, 907.0198277271976)",60.808844566148636,21.740157380057937,0.2934479887415395,21.7998805096078,244.36326368563596
"(58.0, 907.0198277271976)",60.59442681607292,22.04725065904417,0.2975928875655165,22.664524944064354,247.2581246684497
"(59.0, 907.0198277271976)",60.38097191501876,22.355295725562872,0.30175146162536753,23.546331978889445,250.14822676098152
"(59.99999999999999, 907.0198277271976)",60.16844979195035,22.66443512725347,0.3059214110301215,24.445460701215218,253.0313248293868
"(61.0, 907.0198277271976)",59.956516008857356,22.974592971367933,0.3101105254104707,25.362086828700544,255.9143085054953
"(61.99999999999999, 907.0198277271976)",59.74525802686863,23.285976867521118,0.3143131218549622,26.29637142749708,258.79186220978835
"(63.0, 907.0198277271976)",59.53409828245379,23.598723237117223,0.31853534091414243,27.248500081979305,261.6693699589903
"(64.0, 907.0198277271976)",59.323230095755946,23.91282505573919,0.3227750822007496,28.218650369297546,264.54474908305843
"(65.0, 907.0198277271976)",59.11240415464644,24.228379497348087,0.32703443046932235,29.207012172317892,267.41970061282905
"(66.0, 907.0198277271976)",58.9014810203515,24.545459650187947,0.3313143723041776,30.213778422138653,270.2949264687411
"(67.0, 907.0198277271976)",58.690327744195145,24.86413564732469,0.33561585439737107,31.239146800182173,273.17108763783756
"(68.0, 907.0198277271976)",58.47881771437541,25.184474718616777,0.3399397842497306,32.283319543548544,276.0488050042628
"(69.0, 907.0198277271976)",58.266830511826946,25.50654123786676,0.3442870308089102,33.34650324634483,278.92866012666127
"(70.0, 907.0198277271976)",58.05425177399798,25.830396765852782,0.3486584250494003,34.42890865747505,281.81119596646806
"(71.0, 907.0198277271976)",57.84097306494413,26.156100089916265,0.35305476050703766,35.53075047536735,284.69691757799296
"(72.0, 907.0198277271976)",57.62689175188314,26.483707260117043,0.3574767937685582,36.652247140033595,287.58629276039505
"(73.0, 907.0198277271976)",57.41191088556953,26.813271623176824,0.3619252449283155,37.793620622840216,290.4797526821643
"(74.0, 907.0198277271976)",57.1959390867855,27.144843853219065,0.36640079800446795,38.95509621431601,293.3776924708043
"(74.99999999999999, 907.0198277271976)",56.97889043453318,27.478471981188573,0.37090410133577784,40.136902310295056,296.28047178659324
"(76.0, 907.0198277271976)",56.76068435921371,27.81420142165698,0.37543576794369354,41.33927019669446,299.1884153662226
"(77.0, 907.0198277271976)",56.541245537711866,28.15207499826541,0.3799963758762727,42.562433833141924,302.1018135511144
"(78.0, 907.0198277271976)",56.320503791204715,28.49213296756584,0.38458646852931105,43.8066296357121,305.0209227959549
"(78.99999999999999, 907.0198277271976)",56.09839398500839,28.834413041505066,0.3892065549506355,45.07209625901838,307.9459661626031
"(80.0, 907.0198277271976)",55.87485592961105,29.17895040899713,0.3938571101310638,46.3590743778329,310.8771338023765
"(81.0, 907.0198277271976)",55.649834283669,29.525777756300865,0.3985385752798674,47.66780646850572,313.8145834244824
"(82.00000000000001, 907.0198277271976)",55.42325232263128,29.87495702604127,0.403250958986478,48.99853659037369,316.7580787603688
"(83.0, 907.0198277271976)",55.19514251532003,30.22642074139426,0.407995833019689,50.35151016736896,319.7088000115639
"(84.0, 907.0198277271976)",54.96538508325113,30.58028941534611,0.41277234150912523,51.72697377013316,322.66572431602555
"(85.0, 907.0198277271976)",54.73396924952587,30.93655417956305,0.4175811922774095,53.125174898765124,325.6292461828086
"(86.00000000000001, 907.0198277271976)",54.50086246999595,31.295235498608097,0.4224226615616372,54.54636176656396,328.5993679511365
"(87.0, 907.0198277271976)",54.266036852062655,31.65640652645724,0.4272956282697552,55.99078308513514,331.57482405668287
"(88.0, 907.0198277271976)",54.02946714911063,32.019917746659125,0.43220439982466796,57.45868785004308,334.5592724218641
"(89.0, 907.0198277271976)",53.79113447475657,32.385947753522146,0.4371450613063295,58.950325130663174,337.54891306719907
"(90.00000000000001, 907.0198277271976)",53.551022388037204,32.75445251375784,0.44211912688795585,60.46594385895747,340.5448704458553
"(91.0, 907.0198277271976)",53.309118696839704,33.1254407699846,0.44712671458159853,62.00579262308477,343.5470030089446
"(92.0, 907.0198277271976)",53.06541497109168,33.49891898950656,0.45216791168661924,63.57011946286769,346.55514189889635
"(93.0, 907.0198277271976)",52.81990643526051,33.87489139068996,0.4572427751457075,65.15917166854793,349.56909147361745
"(94.0, 907.0198277271976)",52.57256422908573,34.25338514754436,0.462351100404622,66.77319558308875,352.58841985539175
"(95.0, 907.0198277271976)",52.32347344062227,34.6343245385488,0.46749357943314396,68.41243640839929,355.6135094726219
"(96.0, 907.0198277271976)",52.07255666915204,35.01778276601207,0.47266948577663875,70.07713801584721,358.64345754518274
"(97.0, 907.0198277271976)",51.819822222452466,35.403755456228275,0.4778787588576432,71.76754276152063,361.67796677202585
"(98.0, 907.0198277271976)",51.56536615701031,35.79216009288408,0.4831220063127974,73.48389130660533,364.7173476304462
"(99.0, 907.0198277271976)",51.30908866148861,36.18309058874554,0.4883981818693585,75.22642244329957,367.76041233812253
"(100.0, 907.0198277271976)",51.05109753391848,36.57645700647054,0.4937078411651116,76.99537292671573,370.8074281144304
"(101.0, 907.0198277271976)",50.791379214587465,36.97227527232173,0.4990505841105113,78.7909773131334,373.8577975139399
"(102.0, 907.0198277271976)",50.52995862530401,37.37052990860432,0.5044262104693117,80.61346780505421,376.911106715904
"(102.99999999999999, 907.0198277271976)",50.266860807562,37.77120461177734,0.5098345022129033,82.46307410345162,379.9669282630774
"(104.0, 907.0198277271976)",50.002209376245105,38.17431799331002,0.5152728763413467,84.3400232679109,383.02269226371493
"(105.0, 907.0198277271976)",49.73574604284871,38.579739861724185,0.5207480777142965,86.2445395827733,386.08429215491725
"(106.0, 907.0198277271976)",49.46779051472472,38.98755896020899,0.5262528016106091,88.17684443654396,389.14488102126575
"(106.99999999999999, 907.0198277271976)",49.1982802884323,39.397715212606165,0.5317890766845917,90.13715620337881,392.2060805182851
"(108.0, 907.0198277271976)",48.9272512481479,39.81018279414701,0.5373565877749198,92.12569013849436,395.2673895331881
"(109.00000000000001, 907.0198277271976)",48.65473877930295,40.224939082339105,0.5429549081825211,94.14265828093403,398.3282090024126
"(110.0, 907.0198277271976)",48.38078262874956,40.641952687510255,0.5485837392321306,96.18826936618439,401.38805928608457
"(111.0, 907.0198277271976)",48.10542182436229,41.06119513158666,0.5542426828563802,98.26272874864941,404.44637397480443
"(112.0, 907.0198277271976)",47.82869733369,41.482638152084824,0.5599312725916075,100.36623833413552,407.50252807097485
"(113.0, 907.0198277271976)",47.55065063727414,41.90624819302038,0.5656491392443069,102.49899652257922,410.5559883088296
"(114.00000000000001, 907.0198277271976)",47.271325482402524,42.33199577624268,0.5713957409749385,104.66119816113716,413.60606838200596
"(115.0, 907.0198277271976)",46.99076206781289,42.75983982357268,0.5771708612598869,106.8530345077924,416.6523806413086
"(116.0, 907.0198277271976)",46.70900665266223,43.18975267049511,0.5829738110585524,109.07469320557455,419.69411247022146
"(117.0, 907.0198277271976)",46.4261031425029,43.62169669405545,0.5888041680084334,111.32635826739464,422.73069676467054
"(118.0, 907.0198277271976)",46.14211176784528,44.05571643073045,0.5946590564971443,113.60821007255063,425.75934490790706
"(119.0, 907.0198277271976)",45.857029713050956,44.49153175825683,0.6005451340466528,115.92042536819994,428.7859186572019
"(120.0, 907.0198277271976)",45.570948920806586,44.92934774952386,0.6064547351787539,118.2631772957102,431.8032921304664
"(17.0, 907.405950833453)",78.0843750746922,6.274313782610091,0.08469002221900389,0.34399402057557565,76.5042361171659
"(18.0, 907.405950833453)",75.51470048911554,7.736625438237142,0.10442245495216469,0.5593234254853567,94.19423359874705
"(19.0, 907.405950833453)",74.16612208450361,8.573548465731093,0.1157217318742772,0.8006010565664429,104.20598708690596
"(20.0, 907.405950833453)",73.17925143470174,9.222957939047097,0.12449036301575765,1.0623037064505856,111.90099251546471
"(21.0, 907.405950833453)",72.3729623369716,9.778812314220671,0.13200203991461035,1.3424509863236425,118.43698555434878
"(22.0, 907.405950833453)",71.68452840536054,10.274697671534307,0.13868914281075836,1.6400100948297265,124.20734340764302
"(23.0, 907.405950833453)",71.07306918216983,10.731585835408886,0.1448545070620567,1.9543491566149005,129.48749255654178
"(24.0, 907.405950833453)",70.51894576098802,11.159989174117488,0.15063685827772635,2.2850494234843084,134.40373219258007
"(25.0, 907.405950833453)",70.00966686474,11.566589049780104,0.15612518694834215,2.631812621919614,139.0371110899914
"(26.0, 907.405950833453)",69.53605935747811,11.956247192863826,0.1613851570918027,2.9944223248973016,143.44742959639612
"(27.0, 907.405950833453)",69.09208101323777,12.3321988980728,0.16645979827906304,3.3727162899999095,147.67389524295808
"(28.0, 907.405950833453)",68.67278201442215,12.697040913931367,0.17138451924791617,3.766571115455855,151.74876153083372
"(29.0, 907.405950833453)",68.3117315194226,13.022798752484002,0.1757809639445816,4.175917235120611,155.3287754914334
"(30.0, 907.405950833453)",67.89516821472283,13.400333771284428,0.18087640437993888,4.600604885405169,159.5277208143094
"(31.0, 907.405950833453)",67.53174672047895,13.741404156017891,0.18548098227267043,5.040656918597657,163.2658901620577
"(32.0, 907.405950833453)",67.18263382985397,14.076825631233044,0.19000857403887889,5.496007517356156,166.9189032749013
"(33.0, 907.405950833453)",66.84775191986876,14.406995781303262,0.19445327055458778,5.966630337664128,170.48142452259626
"(34.0, 907.405950833453)",66.52161295130719,14.7336198945552,0.1988738100742664,6.4525095449310506,174.00676918138018
"(35.0, 907.405950833453)",66.2073106000943,15.05614707838483,0.20322960846556373,6.953634696836226,177.45812141036896
"(36.0, 907.405950833453)",65.90148513421146,15.375771793938267,0.20755250723112953,7.470008630367073,180.86437154156312
"(37.0, 907.405950833453)",65.60442042528454,15.692465657607828,0.2118391052941672,8.001640205677463,184.22242455748426
"(38.0, 907.405950833453)",65.318564448849,16.00613636187468,0.2160502625687543,8.548547157702238,187.49674677631538
"(39.0, 907.405950833453)",65.03778983059972,16.318131583277417,0.22026088771723337,9.110751113235505,190.75528913724108
"(40.0, 907.405950833453)",64.76400725378207,16.62813165851245,0.2244461340757933,9.688281477574794,193.9754762243631
"(41.0, 907.405950833453)",64.4963901914832,16.936592208564363,0.22860978397784243,10.281180757209105,197.1606976430353
"(42.0, 907.405950833453)",64.23455391234597,17.243617472583303,0.23275653041744335,10.889487336889506,200.31517345924618
"(43.0, 907.405950833453)",63.97782813191561,17.54962514355039,0.23688812338705545,11.513254023818408,203.44043881936497
"(44.0, 907.405950833453)",63.72642431380178,17.85460475074527,0.24100189670320107,12.152536261498486,206.5340189691353
"(45.0, 907.405950833453)",63.47952038846101,18.158673561977903,0.24510964594722867,12.80739943204706,209.606551907149
"(46.0, 907.405950833453)",63.23692866756009,18.462284665969293,0.24920334252451845,13.477911214076283,212.65068476025905
"(47.0, 907.405950833453)",62.99753350827606,18.76542937017034,0.2533028511666887,14.164155214787321,215.68435929694644
"(47.99999999999999, 907.405950833453)",62.7627524395442,19.06818943992882,0.257383198591526,14.866206773721759,218.68483927277734
"(49.0, 907.405950833453)",62.53090044889508,19.370814357010726,0.26146655963222315,15.584164205877835,221.67214794835132
"(50.0, 907.405950833453)",62.3019259524857,19.67342403883664,0.265551447243311,16.31811945923233,224.64484402178377
"(51.0, 907.405950833453)",62.07570544434013,19.976141670804388,0.26963736797991233,17.068176868479128,227.60237540356283
"(52.0, 907.405950833453)",61.851989736313904,20.27907516244927,0.2737263607946549,17.834449077697144,230.5464796073575
"(53.0, 907.405950833453)",61.63070726905435,20.582355239833156,0.2778170158618099,18.617052492386584,233.47576094341153
"(54.0, 907.405950833453)",61.41035876982936,20.88607130180408,0.2819314330330657,19.41611065924074,236.41014940196624
"(55.0, 907.405950833453)",61.193316454878605,21.19043371990264,0.2860278028744872,20.231752557992053,239.31157787413542
"(56.0, 907.405950833453)",60.97666082628109,21.495461585190064,0.29015226455922344,21.064118090869137,242.2217734179726
"(57.0, 907.405950833453)",60.76241168124943,21.801218115989833,0.2942721860846917,21.913346739467354,245.11098607855112
"(58.0, 907.405950833453)",60.54886956998967,22.107896437947144,0.2984100974656682,22.779589908904036,247.999508320234
"(59.0, 907.405950833453)",60.33665582779186,22.415485986235673,0.3025573495003085,23.66300202597951,250.8793373789973
"(59.99999999999999, 907.405950833453)",60.124794925037236,22.724194259023072,0.3067245559129432,24.563742955337016,253.75994434681581
"(61.0, 907.405950833453)",59.91325423921255,23.034030078716693,0.31091257271177836,25.481982952510737,256.6419357150956
"(61.99999999999999, 907.405950833453)",59.70240859533376,23.345011825441972,0.31511591471069045,26.41789120200425,259.5201650088031
"(63.0, 907.405950833453)",59.49201068636084,23.657480956340738,0.31933070241133776,27.371646964934463,262.39093268693995
"(64.0, 907.405950833453)",59.28194079377757,23.971256366503003,0.32356388393951485,28.343433491021102,265.2603602704794
"(65.0, 907.405950833453)",59.07171351568056,24.286512540129003,0.3278192068315065,29.33343914823023,268.1316599281813
"(66.0, 907.405950833453)",58.861360646982575,24.60331068910843,0.3320953427535399,30.34185724633586,271.00343301230146
"(67.0, 907.405950833453)",58.650750650836365,24.921720168201706,0.33639322789813736,31.368885830272227,273.87633098457155
"(68.0, 907.405950833453)",58.43975823620707,25.24180747726099,0.3407137599181093,32.41472748564267,276.75096579489013
"(69.0, 907.405950833453)",58.22826421982287,25.563636304834183,0.3450577985169921,33.47958914028827,279.627910615521
"(70.0, 907.405950833453)",58.016155399182324,25.88726756655735,0.34942616596535536,34.56368186228959,282.5077005115916
"(71.0, 907.405950833453)",57.80332442761826,26.21275944181618,0.35381964759763934,35.66722065489048,285.3908330970027
"(72.0, 907.405950833453)",57.58966969747413,26.540167406509674,0.35823899225418204,36.79042424874529,288.27776914327876
"(73.0, 907.405950833453)",57.37509522617312,26.869544263978373,0.36268491269829906,37.93351489184379,291.1689331681041
"(74.0, 907.405950833453)",57.15951054574204,27.200940173868535,0.3671580860070878,39.09671813748692,294.0647140019653
"(74.99999999999999, 907.405950833453)",56.94283059762753,27.534402678345863,0.3716591539247781,40.28026263057648,296.96546532249346
"(76.0, 907.405950833453)",56.72497562799784,27.869976727488808,0.37618872320624247,41.48437989252016,299.87150618126293
"(77.0, 907.405950833453)",56.50587108702172,28.207704702615704,0.3807473659308985,42.70930410498458,302.78312150487506
"(78.0, 907.405950833453)",56.28544752979538,28.54762643837341,0.38533561980261355,43.95527189276419,305.7005625842243
"(78.99999999999999, 907.405950833453)",56.06364051899604,28.889779243752365,0.38995398843199613,45.2225221059751,308.62404754845767
"(80.0, 907.405950833453)",55.8403905286568,29.23419792217384,0.39460294160817866,46.51129560178715,311.5537618298597
"(81.0, 907.405950833453)",55.615642849687674,29.580914790510928,0.3992829155564884,47.821835025953476,314.48985861613517
"(82.00000000000001, 907.405950833453)",55.38934746408089,29.929959724168196,0.4039943129981109,49.15438459429567,317.43245912306276
"(83.0, 907.405950833453)",55.16145910512428,30.281360044610544,0.4087375043702383,50.50918987445714,320.38165391991157
"(84.0, 907.405950833453)",54.931936855943306,30.635140798527345,0.41351282612001583,51.88649756805481,323.33750159920646
"(85.0, 907.405950833453)",54.700744362432545,30.991324514994886,0.41832058290010965,53.28655529356929,326.30003098610905
"(86.00000000000001, 907.405950833453)",54.46784958470912,31.349931354293684,0.4231610468415903,54.70961137016804,329.26924069480447
"(87.0, 907.405950833453)",54.233224647312355,31.710979195810907,0.42803445687196673,56.15591460275174,332.24509872463585
"(88.0, 907.405950833453)",53.99684616685752,32.07448318115986,0.43294102462438133,57.62571406851297,335.2275480355831
"(89.0, 907.405950833453)",53.75869430331541,32.440456687535814,0.4378809234243454,59.11925890529827,338.21649676640027
"(90.00000000000001, 907.405950833453)",53.5187535102273,32.80891039606999,0.44285429986614866,60.636798102083915,341.2118289486418
"(91.0, 907.405950833453)",53.27701200724094,33.17985279115584,0.4478612684766498,62.1785802919287,344.2133998716021
"(92.0, 907.405950833453)",53.03346176086855,33.553290089360935,0.4529019131714688,63.744853547705794,347.22103760794073
"(93.0, 907.405950833453)",52.788098377101484,33.92922626565849,0.4579762876086105,65.33586518100894,350.2345435356571
"(94.0, 907.405950833453)",52.540920968016195,34.307663095946914,0.4630844155460438,66.95186154460153,353.25369286011016
"(95.0, 907.405950833453)",52.291932161765715,34.688600113254076,0.468226291333347,68.59308783878357,356.2782352537735
"(96.0, 907.405950833453)",52.04113774299153,35.07203478778013,0.4734018801767164,70.25978792209641,359.3078952860013
"(97.0, 907.405950833453)",51.788546753954876,35.45796242879004,0.4786111187705466,71.95220412674517,362.3423731807053
"(98.0, 907.405950833453)",51.53413798718478,35.84640610651124,0.4838536433175179,73.67057707917762,365.38109819958515
"(99.0, 907.405950833453)",51.27799343057486,36.23729684634806,0.4891298860859158,75.41514552621803,368.42422383863095
"(100.0, 907.405950833453)",51.020096433654224,36.630655235355476,0.4944394081532651,77.1861461671674,371.4711151176758
"(101.0, 907.405950833453)",50.760468966218795,37.02646689622339,0.49978205770583306,78.98381349231524,374.5213997897459
"(102.0, 907.405950833453)",50.49913359528852,37.42471768639905,0.5051576313556443,80.80837962823841,377.57466117280484
"(102.99999999999999, 907.405950833453)",50.23611576516866,37.825391103630146,0.5105659069006845,82.66007419030782,380.63046802405205
"(104.0, 907.405950833453)",49.971559914920626,38.22849983287748,0.5160041446166209,84.53912414301752,383.68610733682993
"(105.0, 907.405950833453)",49.70514646963942,38.633930859113924,0.5214795443383132,86.44575366693682,386.7478881035661
"(106.0, 907.405950833453)",49.437256844871456,39.04175533654999,0.5269843442406316,88.38018403739373,389.80854592262017
"(106.99999999999999, 907.405950833453)",49.16780837246549,39.45191902419171,0.5325207158488596,90.34263350731405,392.86983299603145
"(108.0, 907.405950833453)",48.89683650718843,39.8643968706742,0.5380883270391278,92.33331720246086,395.9312328268608
"(109.00000000000001, 907.405950833453)",48.624378453098835,40.27916265546976,0.5436868146045188,94.35244702463405,398.9922039371906
"(110.0, 907.405950833453)",48.35047253490968,40.69618827973721,0.5493158123990514,96.4002315646734,402.0522054931385
"(111.0, 907.405950833453)",48.07515876671558,41.11544488042992,0.554974914738006,98.47687602527932,405.11066417127546
"(112.0, 907.405950833453)",47.79847780079629,41.53690171375292,0.5606637215678352,100.58258215389368,408.16701521319004
"(113.0, 907.405950833453)",47.52047165969751,41.960527236432206,0.5663818003698511,102.71754818580128,411.22066791356633
"(114.00000000000001, 907.405950833453)",47.24118330795524,42.38628885459292,0.5721286997725317,104.88196879763464,414.2710180185667
"(115.0, 907.405950833453)",46.960655663545175,42.81415235360956,0.5779039800500306,107.07603507137271,417.31747543636214
"(116.0, 907.405950833453)",46.67893290833188,43.244083130202036,0.5837071624521913,109.29993446895679,420.35941828427076
"(117.0, 907.405950833453)",46.39605964426447,43.676045537451685,0.5895377598184568,111.55385081755522,423.3962206827354
"(118.0, 907.405950833453)",46.112080265759474,44.11000296782379,0.5953952847714366,113.83796430552034,426.4272601942596
"(119.0, 907.405950833453)",45.827039339440006,44.5459180985294,0.6012792387773744,116.15245148901907,429.4519078901792
"(120.0, 907.405950833453)",45.54098177704703,44.98375310668212,0.6071891049901835,118.49748530930455,432.4695218400262
"(17.0, 907.8208807693555)",76.93111029885334,6.907745398566463,0.09323760964460182,0.3810216459377973,84.26202726245398
"(18.0, 907.8208807693555)",74.98487704005146,8.054453155608398,0.10871840362392797,0.603562774038347,98.09327415967422
"(19.0, 907.8208807693555)",73.78910623233794,8.812412481631068,0.11895536218212989,0.8492904543997869,107.14087121401906
"(20.0, 907.8208807693555)",72.88088087896742,9.421088330716854,0.12716409717148533,1.1145178594728837,114.32770483698485
"(21.0, 907.8208807693555)",72.12350759919484,9.951487905285607,0.13432434112342856,1.3977029090086777,120.54473875842561
"(22.0, 907.8208807693555)",71.46487700819175,10.431363689752509,0.14080370521711005,1.6979949367665435,126.12654874901901
"(23.0, 907.8208807693555)",70.87995982346351,10.874576263884084,0.146771515199669,2.0148584506179024,131.22738774979845
"(24.0, 907.8208807693555)",70.34208837458687,11.293949934533373,0.152443818274109,2.347929569808862,136.04375180363633
"(25.0, 907.8208807693555)",69.84748312775943,11.692661192438601,0.15782726978384573,2.6969477867963727,140.58194327779717
"(26.0, 907.8208807693555)",69.38617422555049,12.075746621802777,0.16299794118661745,3.0617212928794344,144.91121323874722
"(27.0, 907.8208807693555)",68.95175460526579,12.446413425959152,0.16800558719845543,3.4421057733093696,149.0768743713652
"(28.0, 907.8208807693555)",68.54247372958707,12.806066137547678,0.17285472694904433,3.837989846814213,153.08314061721367
"(29.0, 907.8208807693555)",68.15202006492312,13.157489113453034,0.1775994483345593,4.2492892796977735,156.9791983315335
"(30.0, 907.8208807693555)",67.7795111348142,13.50130852822023,0.1822402352730204,4.675939932576126,160.76555096459185
"(31.0, 907.8208807693555)",67.42175421985522,13.839426562585922,0.18680424816266564,5.117893430217145,164.46690366827124
"(32.0, 907.8208807693555)",67.07802496627143,14.17194385241334,0.19129244570713946,5.575115187985332,168.08416135839414
"(33.0, 907.8208807693555)",66.7465712328546,14.499840789308323,0.19571889515327429,6.047581805187853,171.63011797606273
"(34.0, 907.8208807693555)",66.42678358772869,14.823592981993771,0.20008442303690396,6.535280505846815,175.10553664374365
"(35.0, 907.8208807693555)",66.11553437760132,15.14420929407131,0.2044217796406671,7.038206470841337,178.54015357098817
"(36.0, 907.8208807693555)",65.81303646295194,15.462069200078503,0.20872290015656442,7.556363985669849,181.9266430711967
"(37.0, 907.8208807693555)",65.5220425163771,15.776327960843503,0.21294831204314535,8.089763771747151,185.2291604256086
"(38.0, 907.8208807693555)",65.2371538170151,16.088822636845105,0.2171619615504226,8.638424696784815,188.50573850752076
"(39.0, 907.8208807693555)",64.95924145447414,16.399140171626897,0.22135503842099608,9.202370752257455,191.7483551898257
"(40.0, 907.8208807693555)",64.68823254908361,16.707763932133172,0.22551747880694065,9.781636198314844,194.9478400410865
"(41.0, 907.8208807693555)",64.42271628164377,17.014994795937078,0.22966697162457567,10.37625664145631,198.12021582239655
"(42.0, 907.8208807693555)",64.16464923407091,17.320663672758737,0.23377490599914236,10.986280090350805,201.23946097556393
"(43.0, 907.8208807693555)",63.90926960245969,17.625590209867767,0.23790274395698277,11.61175486872771,204.36132368774688
"(44.0, 907.8208807693555)",63.65823938130467,17.929599841664363,0.24202670740559343,12.252744096332249,207.46415459032067
"(45.0, 907.8208807693555)",63.414289349476206,18.23262555569198,0.24610342697659413,12.909307807334468,210.50852203091398
"(46.0, 907.8208807693555)",63.17366344844945,18.53527077413362,0.25018165577833756,13.581520245273454,213.5386108557527
"(47.0, 907.8208807693555)",62.93634424648873,18.83738055266044,0.25426589241705994,14.269456401205298,216.55843000245628
"(47.99999999999999, 907.8208807693555)",62.70245166237663,19.13943015185736,0.2583429973282666,14.973203532646309,219.55596384249594
"(49.0, 907.8208807693555)",62.47188536664625,19.441286205414155,0.26241836364509946,15.692849822154257,222.53602019219295
"(50.0, 907.8208807693555)",62.244367480751244,19.743144939208992,0.26649239783164524,16.428499573357147,225.49886374450458
"(51.0, 907.8208807693555)",62.019002883202276,20.045071477429094,0.2705785030464211,17.18025074407723,228.45656420877853
"(52.0, 907.8208807693555)",61.796953635723284,20.347445347540358,0.27464932284553634,17.94821853751939,231.3841716308225
"(53.0, 907.8208807693555)",61.576658519316204,20.650103864726937,0.2787346084173383,18.732518536684516,234.30857917764502
"(54.0, 907.8208807693555)",61.35826657742734,20.953282276640213,0.2828265883978137,19.533275686716948,237.2226068975783
"(55.0, 907.8208807693555)",61.14129934666422,21.256999422772584,0.286933096034681,20.350620814823767,240.1332351492584
"(56.0, 907.8208807693555)",60.92635239804522,21.561525919941833,0.2910388092994821,21.184690690521137,243.02641750579923
"(57.0, 907.8208807693555)",60.71265857246452,21.866809486337342,0.29515764891404317,22.035629696668558,245.91464710629032
"(58.0, 907.8208807693555)",60.50040882774093,22.17299588142291,0.2992837711454524,22.9035924709172,248.79246425032164
"(59.0, 907.8208807693555)",60.28822546501392,22.480179842437128,0.30343686661084174,23.78872629084254,251.67759721370524
"(59.99999999999999, 907.8208807693555)",60.077303206660055,22.788446830273717,0.3075969854008945,24.69119630222668,254.55176990641192
"(61.0, 907.8208807693555)",59.8668625906299,23.097890140967174,0.3117745456061523,25.611168596894778,257.424273996748
"(61.99999999999999, 907.8208807693555)",59.6568451338968,23.40858225140339,0.31596935635220985,26.548875662128733,260.2947037176608
"(63.0, 907.8208807693555)",59.44699369176911,23.720696458186726,0.32018172022634267,27.50432249404575,263.16332876808
"(64.0, 907.8208807693555)",59.23766997266522,24.03404062223827,0.32441144590368437,28.477865567323082,266.0296189846198
"(65.0, 907.8208807693555)",59.0280700556326,24.34898663698639,0.32866242027380527,29.46963599044224,268.8969718583117
"(66.0, 907.8208807693555)",58.8183369291242,24.66547434374337,0.33293452899374404,30.479827539126003,271.76508981050523
"(67.0, 907.8208807693555)",58.60830661505557,24.983598748954005,0.3372285666896229,31.50863864444389,274.634495788317
"(68.0, 907.8208807693555)",58.397866533571865,25.30341675033516,0.3415454640167586,32.55627226229302,277.50583170417906
"(69.0, 907.8208807693555)",58.186898813127044,25.62499130696294,0.34588607083700323,33.62293567518344,280.3796617979166
"(70.0, 907.8208807693555)",57.975291481019106,25.948382648212075,0.3502512001623687,34.708840290459115,283.2565127314663
"(71.0, 907.8208807693555)",57.76293834685282,26.27364830611517,0.3546416285939244,35.81420143541021,286.1368741922049
"(72.0, 907.8208807693555)",57.54973889218518,26.60084314473282,0.35905809671687605,36.93923814968707,289.02119945919577
"(73.0, 907.8208807693555)",57.335598159931976,26.930019388927885,0.3635013094900089,38.08417297540779,291.90990596662624
"(74.0, 907.8208807693555)",57.120426651792734,27.261226649426828,0.3679719365844626,39.249231745273846,294.8033758232384
"(74.99999999999999, 907.8208807693555)",56.904140225276066,27.594511947497722,0.37247061271658377,40.434643369004846,297.70195632806576
"(76.0, 907.8208807693555)",56.68665999378974,27.929919737892323,0.3769979379574009,41.64063961837985,300.6059604663387
"(77.0, 907.8208807693555)",56.46791223045168,28.267491929800055,0.3815544780166349,42.86745491111338,303.51566738343985
"(78.0, 907.8208807693555)",56.24782827115461,28.607267907657604,0.38614076452299123,44.11532609384997,306.43132285636426
"(78.99999999999999, 907.8208807693555)",56.0263444207581,28.9492845502723,0.3907572952829354,45.38449222446089,309.35313974634465
"(80.0, 907.8208807693555)",55.803401860339434,29.293576249167366,0.39540453452788993,46.675194353891044,312.281298441415
"(81.0, 907.8208807693555)",55.57894655347934,29.64017492691953,0.40008291316228656,47.98767530778626,315.21594729997025
"(82.00000000000001, 907.8208807693555)",55.35292915565979,29.989110054034644,0.40479282899103053,49.32217946809588,318.15720307566056
"(83.0, 907.8208807693555)",55.125304921609526,30.340408666343034,0.4095346469555306,50.678952554898835,321.10515134983797
"(84.0, 907.8208807693555)",54.896033612762054,30.694095382279528,0.41430869936514003,52.05824140867698,324.0598469593906
"(85.0, 907.8208807693555)",54.6650794060803,31.05019241947984,0.4191152861231464,53.460293773294666,327.0213144189206
"(86.00000000000001, 907.8208807693555)",54.4324107994893,31.40871961277911,0.423954674968428,54.88535807992252,329.9895483562016
"(87.0, 907.8208807693555)",54.198000518228234,31.76969443196902,0.428827101714532,56.33368323218367,332.96451394407273
"(88.0, 907.8208807693555)",53.9618254192158,32.13313200033009,0.43373277050733194,57.80551839282901,335.94614734766986
"(89.0, 907.8208807693555)",53.723866392913614,32.49904511506288,0.4386718540850734,59.301112772200014,338.93435617203755
"(90.00000000000001, 907.8208807693555)",53.48410826500599,32.86744426742171,0.4436444940661688,60.82071541883381,341.9290199327907
"(91.0, 907.8208807693555)",53.24253969501054,33.238337665220094,0.44865080124502765,62.364575012534694,344.9299905316034
"(92.0, 907.8208807693555)",52.999153072370724,33.61173125674111,0.4536908559165082,63.932939660240905,347.9370927548863
"(93.0, 907.8208807693555)",52.75394441107811,33.98762875609673,0.4587647082176821,65.52605669508063,350.95012478499194
"(94.0, 907.8208807693555)",52.50691324021441,34.36603167103134,0.4638723785045667,67.14417247897198,353.96885873961963
"(95.0, 907.8208807693555)",52.25802793761413,34.7469841368735,0.46901323042195164,68.78753220917473,356.9924717249621
"(96.0, 907.8208807693555)",52.00739839326079,35.13034892609242,0.47418910796693037,70.4563797290952,360.02239391667854
"(97.0, 907.8208807693555)",51.754891989688595,35.516289981552475,0.4793977473637833,72.15095734405753,363.0563279065772
"(98.0, 907.8208807693555)",51.50063229406472,35.90468654768521,0.4846403135397366,73.87150564193945,366.0950906520408
"(99.0, 907.8208807693555)",51.244596309765015,36.29556438322215,0.4899163627243787,75.6182633195964,369.1380405921682
"(100.0, 907.8208807693555)",50.98680096456532,36.68890309960791,0.49522600253928845,77.39146701520659,372.18503878989736
"(101.0, 907.8208807693555)",50.72727129234019,37.08471668685623,0.5005683112737879,79.1913511469809,375.23501407881815
"(102.0, 907.8208807693555)",50.46602658598994,37.48296344321275,0.5059438305513664,81.01814775881799,378.28822611214497
"(102.99999999999999, 907.8208807693555)",50.20309388430862,37.88363562184692,0.5113520885940994,82.87208637302304,381.3440170777218
"(104.0, 907.8208807693555)",49.938626752034054,38.28674400664425,0.5167902552864988,84.75339385092289,384.39959087628654
"(105.0, 907.8208807693555)",49.672279296836386,38.69218049731719,0.5222657919801902,86.66229426033485,387.46149701082646
"(106.0, 907.8208807693555)",49.404459677574955,39.100010873846706,0.5277706738619915,88.59900875418793,390.5222292354415
"(106.99999999999999, 907.8208807693555)",49.13507672521645,39.51018253014199,0.533307153485708,90.56375545410013,393.58361434389315
"(108.0, 907.8208807693555)",48.86416611230926,39.92267022290854,0.5388748970984296,92.55674934577819,396.645134362614
"(109.00000000000001, 907.8208807693555)",48.59176523337659,40.337447517819115,0.5444735408904695,94.57820218264246,399.7062472641533
"(110.0, 907.8208807693555)",48.31791262979655,40.754486191708,0.5501027154959737,96.62832239920019,402.7664092959689
"(111.0, 907.8208807693555)",48.04290742843198,41.17380516272235,0.5557569617616741,98.7073150346219,405.82045948556214
"(112.0, 907.8208807693555)",47.76601394540516,41.59522978326697,0.5614510270449178,100.81538166431613,408.8815842164604
"(113.0, 907.8208807693555)",47.48805157265383,42.01886971742503,0.5671693808254799,102.95272034686094,411.9354864995362
"(114.00000000000001, 907.8208807693555)",47.208802220621585,42.44465120077798,0.5729164735927341,105.1195255745242,414.98601208970496
"(115.0, 907.8208807693555)",46.928311735455175,42.87253322272453,0.5786919983353571,107.31598823940224,418.03269138358013
"(116.0, 907.8208807693555)",46.64662323441061,43.3024830659628,0.5844954394980475,109.54229560812809,421.07486908266094
"(117.0, 907.8208807693555)",46.36378145456508,43.7344649975575,0.5903263074179304,111.7986313075777,424.1119170338892
"(118.0, 907.8208807693555)",46.07989532911593,44.16837042936803,0.5961850774876948,114.0851753213659,427.1440868250596
"(119.0, 907.8208807693555)",45.79481718388774,44.60437788790365,0.6020683342158709,116.40210399643314,430.1681014547575
"(120.0, 907.8208807693555)",45.5087526397347,45.042222939330685,0.6079792269540913,118.74959006174926,433.1866472411859
"(17.0, 908.2630435635344)",76.05989190781284,7.405154320018962,0.09994883476248097,0.42379953665400627,90.35603332534573
"(18.0, 908.2630435635344)",74.48641407843414,8.360473066411128,0.11284894583521976,0.6525612389213017,101.84396576831183
"(19.0, 908.2630435635344)",73.42608855963962,9.0484393187371,0.12212085565996952,0.9025993320563577,110.01526071225064
"(20.0, 908.2630435635344)",72.57837241715133,9.624679898584864,0.1299132639630949,1.1713576115668491,116.82405891482657
"(21.0, 908.2630435635344)",71.86502766297498,10.131792605480433,0.1367593176774783,1.457637000555833,122.75579710886288
"(22.0, 908.2630435635344)",71.23593227127786,10.595759583118495,0.14303053554957984,1.7607410919484343,128.1486084488353
"(23.0, 908.2630435635344)",70.67422404184909,11.026428236417276,0.14883444597343318,2.0802186205501223,133.10060826637272
"(24.0, 908.2630435635344)",70.1573062490587,11.434955275161236,0.15434900212015465,2.415756248436608,137.7737381882095
"(25.0, 908.2630435635344)",69.67802854011619,11.825495659286373,0.15962031709289873,2.767129794662101,142.21010522271055
"(26.0, 908.2630435635344)",69.22932148472489,12.201793372499793,0.16469977745249736,3.134169583628713,146.45655155961336
"(27.0, 908.2630435635344)",68.80649347442291,12.566396453205169,0.16962023830220654,3.5167471398105077,150.54304675052362
"(28.0, 908.2630435635344)",68.40484775169898,12.92161058964386,0.17441874005112787,3.914765129445236,154.50333056390912
"(29.0, 908.2630435635344)",68.0214568610975,13.269035237542282,0.1791143556683156,4.328148828361452,158.3548009968643
"(30.0, 908.2630435635344)",67.65705763886216,13.608871293859373,0.18369217761282264,4.756841815546241,162.08397450188937
"(31.0, 908.2630435635344)",67.3057916203064,13.943366714998195,0.18820787012757484,5.200801412667433,165.7414515320141
"(32.0, 908.2630435635344)",66.96766738218084,14.272870710004431,0.1926545172434231,5.65999516052615,169.32098302724876
"(33.0, 908.2630435635344)",66.64113691926686,14.598116893328623,0.19704413941689344,6.134413891541068,172.83349589160397
"(34.0, 908.2630435635344)",66.3249092468089,14.919627349240214,0.20138851715740502,6.624037760738124,176.28970977139363
"(35.0, 908.2630435635344)",66.02044938792413,15.237409768195086,0.20566264595818642,7.128870886383448,179.66690987892858
"(36.0, 908.2630435635344)",65.72117999002631,15.553093888349762,0.20994477611602622,7.64891668047548,183.03616465493133
"(37.0, 908.2630435635344)",65.43262654855842,15.865884917895368,0.21415696714963367,8.184189066875428,186.3266697167867
"(38.0, 908.2630435635344)",65.15059305957433,16.17668885310819,0.21835199879642686,8.734709297805276,189.58634169721861
"(39.0, 908.2630435635344)",64.87597676825551,16.485353467158284,0.2225179982153224,9.300502696297261,192.80437161041655
"(40.0, 908.2630435635344)",64.60830716539402,16.792410821150188,0.22665260272794507,9.881602160727637,195.9785806245524
"(41.0, 908.2630435635344)",64.34482512049814,17.098273620357077,0.23079200738358335,10.47805159329127,199.14179946305987
"(42.0, 908.2630435635344)",64.08765907023707,17.402840933120967,0.23490298391511363,11.089899823565435,202.26379928933162
"(43.0, 908.2630435635344)",63.83547154484222,17.706480536942774,0.2390001215215056,11.717192643075144,205.35778514210213
"(44.0, 908.2630435635344)",63.58785903483215,18.009224732853664,0.2430898879141909,12.359990254125602,208.42957120233584
"(45.0, 908.2630435635344)",63.34460837033414,18.31131088418641,0.24717047263516564,13.018360120613226,211.47744563403964
"(46.0, 908.2630435635344)",63.105855745325314,18.61290567022229,0.25123614687781026,13.692374758598591,214.49613265781653
"(47.0, 908.2630435635344)",62.8703988617515,18.914186347392622,0.25530306977740247,14.382112617225905,217.50023056991105
"(47.99999999999999, 908.2630435635344)",62.638335651932394,19.215273249414373,0.259367170578163,15.087619218763944,220.48599653102082
"(49.0, 908.2630435635344)",62.40942119839364,19.516308095256736,0.26342946451965316,15.809107136155715,223.45414007277657
"(50.0, 908.2630435635344)",62.18321584602587,19.817396983365875,0.267495061097754,16.54655391321905,226.4093244176406
"(51.0, 908.2630435635344)",61.95949337725458,20.118647835489387,0.2715655724927631,17.300106392341814,229.35286700700885
"(52.0, 908.2630435635344)",61.73858488781876,20.42026071348517,0.27563125843964875,18.069875397429065,232.27581029421347
"(53.0, 908.2630435635344)",61.51938862901463,20.7223199273777,0.27970841792379614,18.85597956151096,235.19283941229716
"(54.0, 908.2630435635344)",61.302078859464004,21.02488606740297,0.28379330965636096,19.65854408096326,238.10043109049172
"(55.0, 908.2630435635344)",61.086730136282675,21.32799428965092,0.2878844393500992,20.477685732881493,240.99711134582137
"(56.0, 908.2630435635344)",60.87275826386078,21.63191271872642,0.29198523594366765,21.31358807920095,243.88581099461135
"(57.0, 908.2630435635344)",60.6603488552216,21.936703759045212,0.29609180515510924,22.166349811574747,246.76289431282578
"(58.0, 908.2630435635344)",60.44808870525491,22.242386656650343,0.3002263829857627,23.036134375472827,249.64839399324734
"(59.0, 908.2630435635344)",60.23727172479886,22.549078899304316,0.30436652277948745,23.9230978509141,252.521766487633
"(59.99999999999999, 908.2630435635344)",60.02711791658241,22.85690501676854,0.30852198701614153,24.827407924648643,255.3917110089013
"(61.0, 908.2630435635344)",59.81755653333041,23.165918555637848,0.31269318479866903,25.749223139341524,258.25844058747236
"(61.99999999999999, 908.2630435635344)",59.608363379425924,23.47622492674594,0.3168815739661257,26.688728075175966,261.1230947445007
"(63.0, 908.2630435635344)",59.399417929909234,23.78787978593658,0.32108834377465517,27.64609429722497,263.9865820723178
"(64.0, 908.2630435635344)",59.190605655779414,24.100938402034252,0.3253145350985224,28.62150776600603,266.84966199803415
"(65.0, 908.2630435635344)",58.98169238040743,24.41553740974466,0.3295609887402726,29.61515681981532,269.71290985323236
"(66.0, 908.2630435635344)",58.772591348436606,24.731714149910147,0.33382873790785084,30.627236360548466,272.57706916060954
"(67.0, 908.2630435635344)",58.56317408894827,25.049536277900476,0.3381186958967945,31.657945225678198,275.4427705952775
"(68.0, 908.2630435635344)",58.35331817937317,25.369068700228468,0.3424317388547106,32.70748676094442,278.31060658398843
"(69.0, 908.2630435635344)",58.14290712540919,25.690373607317216,0.3467687062724471,33.7760686223369,281.1811319492652
"(70.0, 908.2630435635344)",57.931830247619935,26.013510504482216,0.3511304013942506,34.863902574525035,284.05486448350257
"(71.0, 908.2630435635344)",57.719982571918806,26.33853624059597,0.3555175916030215,35.97120428613794,286.9322855036
"(72.0, 908.2630435635344)",57.50726472420448,26.665505034467,0.3599310087785508,37.09819312236001,289.8138403837397
"(73.0, 908.2630435635344)",57.29358282842435,26.994468499423814,0.3643713496285567,38.24509193518633,292.6999390657993
"(74.0, 908.2630435635344)",57.0788484061239,27.325475666753633,0.3688392760062862,39.41212685169372,295.5909565595463
"(74.99999999999999, 908.2630435635344)",56.86297827991498,27.65857300718677,0.3733354151992864,40.59952706060018,298.4872334183595
"(76.0, 908.2630435635344)",56.64589447781787,27.993804451498473,0.377860360208934,41.80752459745074,301.38907620792907
"(77.0, 908.2630435635344)",56.42752413959609,28.331211409911237,0.3824146700127433,43.036354128606135,304.29675796051276
"(78.0, 908.2630435635344)",56.207799424858614,28.670832790447495,0.3869988698101714,44.28625273434912,307.21051861508516
"(78.99999999999999, 908.2630435635344)",55.9866574215588,29.01270501659433,0.3916134512643959,45.55745969130075,310.1305654545193
"(80.0, 908.2630435635344)",55.76404005610134,29.356862044151352,0.39625887272697374,46.85021625437449,313.05707352768195
"(81.0, 908.2630435635344)",55.539894003224475,29.703335377740004,0.40093555946225595,48.16476543849357,315.99018607154346
"(82.00000000000001, 908.2630435635344)",55.314170596310895,30.05215408691562,0.4056439038655188,49.501351800305414,318.93001492758447
"(83.0, 908.2630435635344)",55.086825737954484,30.403344822052894,0.41038426567566316,50.860221220096726,321.87664095306724
"(84.0, 908.2630435635344)",54.85781980976373,30.756931830308236,0.4151569721925933,52.24162068417962,324.8301144360868
"(85.0, 908.2630435635344)",54.62711758182653,31.11293697175958,0.4199623184937515,53.64579806795243,327.79045550918073
"(86.00000000000001, 908.2630435635344)",54.3946881208948,31.47137973600862,0.4248005676598768,55.073001919937575,330.7576545703392
"(87.0, 908.2630435635344)",54.160504697336656,31.83227725949851,0.4296719510067108,56.52348124703327,333.7316727082038
"(88.0, 908.2630435635344)",53.92454469174118,32.19564434309667,0.4345766683250827,57.99748530128903,336.7124421333512
"(89.0, 908.2630435635344)",53.68678949777695,32.56149347160725,0.4395148881414974,59.49526336849312,339.69986662638973
"(90.00000000000001, 908.2630435635344)",53.44722442499011,32.929834833661424,0.44448674798879784,61.01706455889936,342.6938219930639
"(91.0, 908.2630435635344)",53.205838598157065,33.30067634358935,0.44949235470067356,62.56313760042144,345.69415653855214
"(92.0, 908.2630435635344)",52.96262485511163,33.67402366458241,0.4545317847241292,64.13373063465195,348.70069155525084
"(93.0, 908.2630435635344)",52.71757964116179,34.04988023397586,0.45960508446122394,65.7290910160583,351.71322183396825
"(94.0, 908.2630435635344)",52.47070290144285,34.428247290305144,0.4647122706340697,67.34946511475448,354.73151619266656
"(95.0, 908.2630435635344)",52.221997912587454,34.80912394901268,0.469853330345589,68.99509812321375,357.7553177249337
"(96.0, 908.2630435635344)",51.97147145808784,35.192507001708876,0.4750282231765592,70.66623386733028,360.78434589358926
"(97.0, 908.2630435635344)",51.71913309188987,35.57839143897424,0.480236878304597,72.36311462225447,363.81829409812946
"(98.0, 908.2630435635344)",51.46495194170281,35.96680920683533,0.4854788376608038,74.08598093339205,366.85650574609673
"(99.0, 908.2630435635344)",51.209031085748144,36.357672602343435,0.4907546967115451,75.8350714429903,369.8992830353369
"(100.0, 908.2630435635344)",50.95134539339073,36.75100958022564,0.4960639439998616,77.61062272274334,372.94592485670165
"(101.0, 908.2630435635344)",50.691916152734066,37.14680718754139,0.5014063936803366,79.41286911281433,375.9960280735039
"(102.0, 908.2630435635344)",50.43076684221143,37.54504948639132,0.506781867216344,81.24204256768797,379.0491985730396
"(102.99999999999999, 908.2630435635344)",50.16792441867866,37.94571959153181,0.5121901227129296,83.09837250927909,382.1049872291465
"(104.0, 908.2630435635344)",49.9034988836435,38.3488443544898,0.5176285449732375,84.9820856880761,385.16079200468045
"(105.0, 908.2630435635344)",49.637411713526575,38.754305710494336,0.5231009545798372,86.89340604999256,388.21985904768053
"(106.0, 908.2630435635344)",49.369526319920595,39.16210783764485,0.5286088534020271,88.83255461642952,391.28333142912584
"(106.99999999999999, 908.2630435635344)",49.10021230417705,39.572288052330315,0.5341454496056327,90.79974936852221,394.34482239590227
"(108.0, 908.2630435635344)",48.82936609765627,39.98478628676024,0.5397133359802518,92.79520514138594,397.4064720478661
"(109.00000000000001, 908.2630435635344)",48.55702529699404,40.399575919600785,0.5453121470262889,94.8191335292847,400.4677368209781
"(110.0, 908.2630435635344)",48.283228817136084,40.81662867061108,0.5509415058723321,96.8717427991319,403.5280661499493
"(111.0, 908.2630435635344)",48.008016844029854,41.23591493048895,0.5566010170870715,98.95323781415526,406.58689601590726
"(112.0, 908.2630435635344)",47.73143071136387,41.65740425163143,0.5622902563392016,101.06381996760828,409.643639621155
"(113.0, 908.2630435635344)",47.45351268451222,42.081064369367105,0.5680088000101329,103.2036871267456,412.6977143413286
"(114.00000000000001, 908.2630435635344)",47.174305891819955,42.50686232661526,0.5737561976103587,105.37303358719578,415.7485167178294
"(115.0, 908.2630435635344)",46.8938540879634,42.934763959500785,0.5795319896750205,107.57205003785923,418.7954387468057
"(116.0, 908.2630435635344)",46.61220180037659,43.364734323480356,0.5853356953550385,109.80092353642607,421.837856633119
"(117.0, 908.2630435635344)",46.329415133581854,43.796743823088605,0.591166343125929,112.0598374955687,424.87470456431225
"(118.0, 908.2630435635344)",46.0454734080336,44.23073588599255,0.597024932018045,114.34897167971677,427.906710158305
"(119.0, 908.2630435635344)",45.76048810392737,44.666693144735994,0.6029094390677769,116.66850221278986,430.9318599080925
"(120.0, 908.2630435635344)",45.47446145187752,45.104559915172295,0.6088204505533716,119.0186015962093,433.95051380711834
"(17.0, 908.730761941059)",75.32238017400192,7.839006694293804,0.10581242645165109,0.47196348043932274,95.68304343180183
"(18.0, 908.730761941059)",74.0123647023193,8.657651786453341,0.11685999662623842,0.7062947771856587,105.48797899740555
"(19.0, 908.730761941059)",73.06247559068949,9.287875538689466,0.1253422978451261,0.9605045157294269,112.94189730851517
"(20.0, 908.730761941059)",72.27128159791647,9.833492987591411,0.13274594764057945,1.232779887543541,119.39754625646813
"(21.0, 908.730761941059)",71.60276657731312,10.317187916123919,0.13926121812121928,1.5221888168597026,125.0287640352759
"(22.0, 908.730761941059)",71.0064020583713,10.763950016640171,0.14529161238840285,1.8281639241534327,130.2027937052049
"(23.0, 908.730761941059)",70.46532417818082,11.183255186309314,0.1509507184785867,2.1503277130291054,135.0232337055673
"(24.0, 908.730761941059)",69.96655841486714,11.581956173057032,0.1563345545934741,2.4884138385922485,139.57760507485153
"(25.0, 908.730761941059)",69.50262377266667,11.964279064782266,0.16149305854735657,2.8422264737541005,143.91148366817728
"(26.0, 908.730761941059)",69.06653380042302,12.333753672638014,0.1664804757301255,3.211619634950907,148.07430992359602
"(27.0, 908.730761941059)",68.6543517113548,12.692565301017549,0.17132364516568765,3.5964804952618086,152.09058611467316
"(28.0, 908.730761941059)",68.26236786274019,13.042648659561337,0.17604940364074273,3.996724855025857,155.9847838546953
"(29.0, 908.730761941059)",67.88811482114515,13.385331442613909,0.1806745607115548,4.4122859432195005,159.77224527555782
"(30.0, 908.730761941059)",67.51804523731568,13.731257012854995,0.18534407256880922,4.8431177369421485,163.5847425497708
"(31.0, 908.730761941059)",67.18863570876869,14.051673516819301,0.18963617412590966,5.289175207334702,167.03904979769052
"(32.0, 908.730761941059)",66.8521372114272,14.37914626897943,0.1940892481926255,5.750442709560166,170.62442768509172
"(33.0, 908.730761941059)",66.53049355927126,14.701662648610805,0.19844373618135566,6.226902674621409,174.1050249078924
"(34.0, 908.730761941059)",66.21967114702723,15.020434041058655,0.20274531464696266,6.718548347768212,177.5223559113459
"(35.0, 908.730761941059)",65.91991016265558,15.335783179527064,0.2069829803482839,7.225381595939566,180.8664198447877
"(36.0, 908.730761941059)",65.62433720165829,15.649493559740927,0.2112363929621937,7.747411145779995,184.20959718043522
"(37.0, 908.730761941059)",65.3387066879253,15.960378686603098,0.21543265360056063,8.284652424650416,187.48562702877126
"(38.0, 908.730761941059)",65.0614484115276,16.26905852521429,0.21958563474676568,8.837127445481947,190.7070937292575
"(39.0, 908.730761941059)",64.78840463147365,16.576423503697033,0.22374649517006093,9.40486706818942,193.92045596934153
"(40.0, 908.730761941059)",64.52367452869615,16.881765951838723,0.22786211087317995,9.98790373037481,197.07740590090808
"(41.0, 908.730761941059)",64.25657325327458,17.192282901199448,0.23206088003541586,10.586282322488549,200.29457800880758
"(42.0, 908.730761941059)",64.00786007658616,17.48956110783513,0.23607606580243912,11.200042807788801,203.32954034490928
"(43.0, 908.730761941059)",63.7582119782881,17.791837822111084,0.2401549322577866,11.829243554337006,206.40693102018483
"(44.0, 908.730761941059)",63.51318681551828,18.093390082360884,0.24422205867942173,12.473952708269078,209.45814475829587
"(45.0, 908.730761941059)",63.27185763760788,18.394415580395545,0.24828862961825413,13.134226476399286,212.49328909789818
"(46.0, 908.730761941059)",63.03485390041913,18.69497532848898,0.2523430894703857,13.810141515636632,215.5017864493478
"(47.0, 908.730761941059)",62.80113003802477,18.995286814763826,0.2563978861259159,14.501778666446416,218.49486775283404
"(47.99999999999999, 908.730761941059)",62.570766870940254,19.295435262869052,0.2604501364363887,15.209222983826866,221.46982794766538
"(49.0, 908.730761941059)",62.343212900908995,19.595526570068888,0.26450665586866867,15.932569064118647,224.4327658618981
"(50.0, 908.730761941059)",62.11894267431774,19.89593120706627,0.2685512498695185,16.671913853123396,227.36886806102788
"(51.0, 908.730761941059)",61.89681749604608,20.19636952747266,0.27260979227502735,17.427365844656602,230.3015384020228
"(52.0, 908.730761941059)",61.67700402924304,20.497241690903564,0.2766703353835349,18.19903668122052,233.2198079983475
"(53.0, 908.730761941059)",61.459300657554074,20.79862770326047,0.28073463018001793,18.987037910275554,236.12515647645355
"(54.0, 908.730761941059)",61.243200650131186,21.10045282110768,0.2848128686993508,19.79151851541272,239.0266966683671
"(55.0, 908.730761941059)",61.029070917730785,21.40303467470463,0.28889298824147625,20.612587935597276,241.91335738850884
"(56.0, 908.730761941059)",60.81585180184396,21.706352442835232,0.2929918969897684,21.45038880765627,244.80036098641224
"(57.0, 908.730761941059)",60.60389721250786,22.010516175372196,0.29710217503945324,22.305074740192776,247.68081115775544
"(58.0, 908.730761941059)",60.39336640707574,22.315726902203668,0.30121708581967277,23.176787648114296,250.54844425846227
"(59.0, 908.730761941059)",60.183436655420834,22.621892461936294,0.305352319403463,24.065688122955553,253.41735774902298
"(59.99999999999999, 908.730761941059)",59.974278866682496,22.92930176333227,0.30949877443158186,24.971937713390556,256.2791193956448
"(61.0, 908.730761941059)",59.765545078503344,23.23787935095639,0.31366431144021034,25.895706172609536,259.1407025561705
"(61.99999999999999, 908.730761941059)",59.557556749418495,23.54772103432039,0.3178422161191868,26.83716640740247,261.99583282362084
"(63.0, 908.730761941059)",59.34962447750435,23.85902433747013,0.32203902552502095,27.796496940036302,264.8502721000721
"(64.0, 908.730761941059)",59.14094630754076,24.171694699991157,0.3262697080903302,28.773886573364834,267.7174338578478
"(65.0, 908.730761941059)",58.932741535668505,24.48593792475746,0.3305113598520964,29.76952064605479,270.5763192225163
"(66.0, 908.730761941059)",58.72431557822087,24.80177819611513,0.33477456780043824,30.78359522707032,273.4363528487106
"(67.0, 908.730761941059)",58.51554160075436,25.119282259065546,0.3390602329183083,31.816309578171172,276.298154225596
"(68.0, 908.730761941059)",58.306298710234806,25.438514165495324,0.3433692198322795,32.86786745218337,279.162305313111
"(69.0, 908.730761941059)",58.09647184782955,25.75953530180213,0.34770235718583353,33.93847689520732,282.0293510789774
"(70.0, 908.730761941059)",57.885951682095275,26.08240441589031,0.3520604380032648,35.028350045208214,284.8998000308016
"(71.0, 908.730761941059)",57.67463450719068,26.407177641653075,0.3564442200207918,36.13770292747491,287.7741247215057
"(72.0, 908.730761941059)",57.462422144326815,26.7339085217201,0.36085442599502965,37.266755247367996,290.6527622368988
"(73.0, 908.730761941059)",57.24922184499645,27.06264802914108,0.3652917439944437,38.41573018072272,293.5361146701263
"(74.0, 908.730761941059)",57.03494619664299,27.393444587627542,0.3697568276736965,39.58485416224977,296.42454958257736
"(74.99999999999999, 908.730761941059)",56.81951302992626,27.72634409077903,0.3742502965333832,40.77435667224539,299.3184004532032
"(76.0, 908.730761941059)",56.60284532861867,28.061389919875772,0.3787727361606825,41.98447002186624,302.2179671119305
"(77.0, 908.730761941059)",56.38487113927784,28.398622961406712,0.3833246984648808,43.21542913726502,305.12351616955283
"(78.0, 908.730761941059)",56.1655234828473,28.738081623390332,0.3879067018999242,44.467471342792116,308.03528143676925
"(78.99999999999999, 908.730761941059)",55.94474026680038,29.079801851243055,0.39251923167690744,45.740836143510926,310.95346433476425
"(80.0, 908.730761941059)",55.722464198088026,29.42381714295395,0.3971627399699536,47.035765007266896,313.8782343002277
"(81.0, 908.730761941059)",55.49864269568886,29.770158564171748,0.40183764611975376,48.35250114650495,316.8097291885005
"(82.00000000000001, 908.730761941059)",55.273227803476274,30.118854762926535,0.40654433683313385,49.691289300063055,319.74805567313325
"(83.0, 908.730761941059)",55.04617610314972,30.469931984222242,0.4112831663789092,51.052375515206016,322.6932896418315
"(84.0, 908.730761941059)",54.8174486259846,30.82341408494078,0.4160544567899737,52.43600693009562,325.6454765976306
"(85.0, 908.730761941059)",54.58701076399068,31.179322548994353,0.4208584980675941,53.8424315569547,328.60463206137985
"(86.00000000000001, 908.730761941059)",54.354794808059594,31.537729116588697,0.42569478479682243,55.27189806620944,331.57004807654215
"(87.0, 908.730761941059)",54.12088671830387,31.89849273162077,0.4305658343370892,56.724655571824385,334.5437631311065
"(88.0, 908.730761941059)",53.885152307274474,32.26178569704938,0.435469551117169,58.20095341823696,337.523623570599
"(89.0, 908.730761941059)",53.64761086934616,32.627567554959384,0.44040686281925895,59.701040969013945,340.5102230448027
"(90.00000000000001, 908.730761941059)",53.40824822184754,32.99584817530327,0.4453779026749757,61.2251673977258,343.5034334518156
"(91.0, 908.730761941059)",53.16705397841794,33.36663516314039,0.4503827733440094,62.77358148127883,346.5030993047501
"(92.0, 908.730761941059)",52.9240214475939,33.73993388136749,0.45542154722051914,64.34653139607255,349.5090382140058
"(93.0, 908.730761941059)",52.67914752824373,34.115747475478564,0.4604942667680952,65.94426451735666,352.5210413923038
"(94.0, 908.730761941059)",52.432432602742296,34.494076900223426,0.4656009448783853,67.56702722216924,355.53887417764287
"(95.0, 908.730761941059)",52.1838356082115,34.874975099532435,0.4707408483116754,69.21506469624468,358.5616250668046
"(96.0, 908.730761941059)",51.933498017337286,35.25827628274733,0.47591608287366205,70.88862074522032,361.5909638645668
"(97.0, 908.730761941059)",51.681295534535096,35.64413746866788,0.4811244243637414,72.58793761080342,364.6246271297127
"(98.0, 908.730761941059)",51.42723697165524,36.0325410755214,0.48636608346887417,74.31325579187597,367.6625658210827
"(99.0, 908.730761941059)",51.17143654719239,36.423389575644904,0.491641740690284,76.06481387139637,370.70515974811394
"(100.0, 908.730761941059)",50.913864495355284,36.816714724634394,0.4969508504227667,77.8428483492538,373.7516766026842
"(101.0, 908.730761941059)",50.65454114149266,37.2125051762289,0.5022931955700547,79.64759348157231,376.80168484661283
"(102.0, 908.730761941059)",50.393491842492175,37.61074355120907,0.507668602849037,81.47928112687802,379.85479515368024
"(102.99999999999999, 908.730761941059)",50.130742601253374,38.01141336324534,0.513076829836478,83.33814059950217,382.9105579121035
"(104.0, 908.730761941059)",49.86632210746922,38.414495754231325,0.5185176186982564,85.2243985306614,385.96851218886866
"(105.0, 908.730761941059)",49.600389115025955,38.820009527220904,0.5239878016059581,87.138278737916,389.0255554632867
"(106.0, 908.730761941059)",49.33259218790374,39.22781385011631,0.5294957507703191,89.08000210074128,392.0890749413238
"(106.99999999999999, 908.730761941059)",49.06335082937863,39.63800479363255,0.535032419773963,91.04978645057737,395.1506320337845
"(108.0, 908.730761941059)",48.792571063252126,40.050512740404535,0.5406005083214381,93.04784646223321,398.21246537043106
"(109.00000000000001, 908.730761941059)",48.52029292503277,40.46531550688994,0.5461994961995065,95.07439356045731,401.27389079274275
"(110.0, 908.730761941059)",48.246554828244065,40.88238310719651,0.5518290544500495,97.12963583375897,404.33440127784866
"(111.0, 908.730761941059)",47.971397218618705,41.30168607399928,0.5574887764318036,99.21377795852192,407.39342262193964
"(112.0, 908.730761941059)",47.69486135252506,41.72319262874585,0.5631782702766788,101.32702113318405,410.4503975239899
"(113.0, 908.730761941059)",47.41699004720372,42.14687128696847,0.5688970803398425,103.4695630226732,413.5047142605958
"(114.00000000000001, 908.730761941059)",47.13788229075669,42.57264270542495,0.5746451558125149,105.6415977132398,416.55613257400535
"(115.0, 908.730761941059)",46.85741544324357,43.00061209998304,0.5804208010127734,107.8433156779861,419.6029210727912
"(116.0, 908.730761941059)",46.57580013046065,43.4306038920768,0.5862248021836396,110.07490375257801,422.64560740450736
"(117.0, 908.730761941059)",46.29302570785048,43.86262881037882,0.5920562513276911,112.3365451222139,425.68318325876595
"(118.0, 908.730761941059)",46.00913755420327,44.29665005318643,0.5979146429956369,114.62841931884404,428.71500978629734
"(119.0, 908.730761941059)",45.724181664604906,44.73263029010351,0.6037994492103484,116.95070222924608,431.74043131126564
"(120.0, 908.730761941059)",45.438187953573824,45.17052233164023,0.6097106184704217,119.30356611370772,434.7592287724729
"(17.0, 909.2222616859175)",74.68226589012826,8.22698574879472,0.11104955631882837,0.5252809542138357,100.44344780120898
"(18.0, 909.2222616859175)",73.55938055534158,8.947338722867622,0.12077106016589848,0.7647038470686447,109.04303262317558
"(19.0, 909.2222616859175)",72.69418085312822,9.531974206739548,0.12866439056977919,1.0229501556711147,115.96157803662375
"(20.0, 909.2222616859175)",71.97046313708753,10.042832900694892,0.13555700308106286,1.2987131070020679,121.9527318217268
"(21.0, 909.2222616859175)",71.33875201832076,10.506466146388506,0.14181310520467003,1.591267554696352,127.34836469619668
"(22.0, 909.2222616859175)",70.77075129152533,10.9379876560741,0.1476367180924046,1.900154071835973,132.33443666002634
"(23.0, 909.2222616859175)",70.25201357099495,11.345142763290587,0.15313541030260677,2.225059008517403,137.00906509101966
"(24.0, 909.2222616859175)",69.77010029259354,11.734530603462334,0.15839931440344038,2.5657569043741137,141.4544259870207
"(25.0, 909.2222616859175)",69.32196534094427,12.108445711177282,0.16343941461515668,2.922079823596733,145.6806743814184
"(26.0, 909.2222616859175)",68.89879866550345,12.470850342917995,0.16833135428341384,3.2939003647544913,149.7567142894645
"(27.0, 909.2222616859175)",68.50015902680427,12.823126912108297,0.17306216259009308,3.6811235561429623,153.67084732627745
"(28.0, 909.2222616859175)",68.11452375163796,13.168982940451759,0.17775441023428337,4.0836728329890555,157.53459406487246
"(29.0, 909.2222616859175)",67.74838928263033,13.507201690561665,0.18232078407932006,4.501491928976999,161.2686237239722
"(30.0, 909.2222616859175)",67.39709561611257,13.839602868858664,0.18680646009085633,4.934539586066976,164.9140525552815
"(31.0, 909.2222616859175)",67.05871876969722,14.167086325663185,0.19122693805535423,5.382783682331345,168.4850054316307
"(32.0, 909.2222616859175)",66.73338792240838,14.490084786557222,0.19557079724354767,5.846206780452024,171.9711158090444
"(33.0, 909.2222616859175)",66.41604231232557,14.809799518117005,0.19990237620504084,6.3247952151158255,175.43089539442053
"(34.0, 909.2222616859175)",66.1096860021357,15.126072400767027,0.20417126736866043,6.818548271284136,178.81851321692946
"(35.0, 909.2222616859175)",65.81217420834528,15.439529729010113,0.2084021352548711,7.327469641280043,182.15639111532832
"(36.0, 909.2222616859175)",65.52240723566362,15.750578992320111,0.21260530253494406,7.851568674403149,185.45390534283743
"(37.0, 909.2222616859175)",65.2408314506664,16.05939302809126,0.21676911554442832,8.390866486466736,188.70043901249434
"(38.0, 909.2222616859175)",64.96581614239857,16.366386816570632,0.22091289116225196,8.945380822733929,191.91353771538374
"(39.0, 909.2222616859175)",64.69584292132924,16.671948454376384,0.22505383859202596,9.515155338968565,195.10880478677072
"(40.0, 909.2222616859175)",64.43503357094072,16.975710797660476,0.2291298183278487,10.10021404087666,198.2297175988533
"(41.0, 909.2222616859175)",64.17726141216063,17.27856862840767,0.23322560247237456,10.700604005460102,201.35330575753298
"(42.0, 909.2222616859175)",63.92515370562719,17.580387220799924,0.2372993482044749,11.316374139392524,204.4414759316742
"(43.0, 909.2222616859175)",63.67755565558284,17.881479110945932,0.2413634806570509,11.947579633876119,207.5054701375129
"(44.0, 909.2222616859175)",63.434796005414825,18.181732789698565,0.24541564655629663,12.594282501834561,210.54308671319322
"(45.0, 909.2222616859175)",63.195155109552196,18.481661660117265,0.24947257772097284,13.256548339162302,213.56947300491646
"(46.0, 909.2222616859175)",62.96108202734217,18.781150511311846,0.2534964223382614,13.93445525723024,216.55013519045235
"(47.0, 909.2222616859175)",62.72874495660034,19.08039500325403,0.2575469487059571,14.628080383543146,219.53933880919416
"(47.99999999999999, 909.2222616859175)",62.50021961967775,19.379587224093708,0.26158507224298566,15.337513402238589,222.50145760580295
"(49.0, 909.2222616859175)",62.27454664063357,19.67884298444111,0.26562438729318333,16.062846409167644,225.44875976447656
"(50.0, 909.2222616859175)",62.05153465527507,19.97825788387505,0.2696640874706642,16.804181626385628,228.3804098791608
"(51.0, 909.2222616859175)",61.83097416069718,20.277925146299385,0.27371194611305444,17.56162376763673,231.30337092772862
"(52.0, 909.2222616859175)",61.62183566220029,20.568267831698844,0.27762993659215285,18.335299708371554,234.09201915166352
"(53.0, 909.2222616859175)",61.39668426315571,20.878755198602704,0.2818081306933534,19.125293996790784,237.1009319537006
"(54.0, 909.2222616859175)",61.18088327053517,21.179818602116864,0.28589514574512204,19.931767861259143,240.0104631581457
"(55.0, 909.2222616859175)",60.96822162781182,21.481814099332944,0.28996077212895477,20.75484049886259,242.8839485364206
"(56.0, 909.2222616859175)",60.756407229680605,21.784540993550934,0.29404704555945393,21.59465498883817,245.75946481679057
"(57.0, 909.2222616859175)",60.545737407516185,22.088164723147877,0.2981457036679834,22.451354482458854,248.62935651848434
"(58.0, 909.2222616859175)",60.335806634251824,22.392708176627416,0.3022630708227784,23.32508809307319,251.49922478454405
"(59.0, 909.2222616859175)",60.12630965333881,22.698386035116886,0.3063992261644061,24.216019954809685,254.3689774372066
"(59.99999999999999, 909.2222616859175)",59.91884987301671,23.0053642549968,0.31052596638289903,25.12430856628578,257.21281290057885
"(61.0, 909.2222616859175)",59.711054953085885,23.313459143784456,0.314685047239465,26.05011962484891,260.06853074495723
"(61.99999999999999, 909.2222616859175)",59.503554036770986,23.62291822476425,0.318861318739452,26.993637401904888,262.9221719865339
"(63.0, 909.2222616859175)",59.29580648869202,23.933681639961435,0.3230650892660342,27.955033053679934,265.78293808054656
"(64.0, 909.2222616859175)",59.08885016369245,24.246087279578013,0.3272729220210749,28.93449450714683,268.6293318414138
"(65.0, 909.2222616859175)",58.881433082167185,24.55991140485613,0.33150995887058393,29.93221211466375,271.48402246105405
"(66.0, 909.2222616859175)",58.67371046458689,24.87540008996304,0.3357684214582037,30.94838089232595,274.33974266861236
"(67.0, 909.2222616859175)",58.46560675922969,25.19257176979749,0.3400496003685688,31.983200541608493,277.19746619089403
"(68.0, 909.2222616859175)",58.25700265585917,25.51148960900608,0.3443543482564489,33.0368752373556,280.05776410575294
"(69.0, 909.2222616859175)",58.047784579885004,25.832214159403826,0.34868348250464243,34.10961343017669,282.92117114521636
"(70.0, 909.2222616859175)",57.837844594917804,26.15480338207025,0.3530377855204709,35.20162764518924,285.78818616632117
"(71.0, 909.2222616859175)",57.627080308653746,26.479312667653993,0.35741800501215404,36.31313427764489,288.6592726067744
"(72.0, 909.2222616859175)",57.41539478009812,26.805794855901606,0.36182485425155636,37.444353385798365,291.53485893097917
"(73.0, 909.2222616859175)",57.2026964295191,27.13430025373386,0.3662590123189135,38.59550848146345,294.41533906198936
"(74.0, 909.2222616859175)",56.98889894923638,27.464876652663545,0.37072112433846904,39.766826318519286,297.3010728072498
"(74.99999999999999, 909.2222616859175)",56.77392121621669,27.797569345190045,0.37521180169955415,40.958536679746445,300.19238627277014
"(76.0, 909.2222616859175)",56.55768720577236,28.132421140398698,0.3797316222680986,42.17087216221804,303.0895722700451
"(77.0, 909.2222616859175)",56.34012590576173,28.46947237908617,0.38428113058983937,43.404067961534885,305.9928907165803
"(78.0, 909.2222616859175)",56.12117123205423,28.808760948012672,0.3888608380843252,44.6583616551328,308.9025690289787
"(78.99999999999999, 909.2222616859175)",55.90076194344518,29.150322294116066,0.3934712232366639,45.9339929849033,311.8188025146608
"(80.0, 909.2222616859175)",55.67884155844163,29.49418943776332,0.39811273177541895,47.23120363934765,314.7417547514578
"(81.0, 909.2222616859175)",55.455358269375466,29.84039298674601,0.4027857768625858,48.5502370354936,317.67155797842594
"(82.00000000000001, 909.2222616859175)",55.23026485959541,30.18896114893525,0.4074907392648014,49.89133810078218,320.6083134696271
"(83.0, 909.2222616859175)",55.0035186172042,30.53991974616202,0.4122279675402008,51.25475305519665,323.55209192189375
"(84.0, 909.2222616859175)",54.775081249778694,30.893292227638625,0.41699777822022255,52.64072919382046,326.50293383757287
"(85.0, 909.2222616859175)",54.544918797086346,31.249099684195944,0.4218004560013675,54.04951467010801,329.4608499156067
"(86.00000000000001, 909.2222616859175)",54.31300147017279,31.60736092738482,0.42663625339750877,55.48135828011359,332.4258209511755
"(87.0, 909.2222616859175)",54.079303928116616,31.968092181699664,0.43150539366501217,56.936509247961006,335.39780070981357
"(88.0, 909.2222616859175)",53.843804453321425,32.3313077476211,0.43640806559347933,58.415217012839065,338.37671140404046
"(89.0, 909.2222616859175)",53.60648559166922,32.69701937247732,0.441344429172815,59.91773101782445,341.3624490571627
"(90.00000000000001, 909.2222616859175)",53.36733369007342,33.06523659277686,0.44631461313468673,61.444300500868465,344.35488147692666
"(91.0, 909.2222616859175)",53.12633887212981,33.43596668993701,0.4513187157705579,62.995174288256464,347.3538492058339
"(92.0, 909.2222616859175)",52.883494937279835,33.80921471261269,0.45635680523365774,64.57060059092437,350.3591659993817
"(93.0, 909.2222616859175)",52.63879925754861,34.18498350085925,0.4614289198646699,66.1708268039795,353.3706193226657
"(94.0, 909.2222616859175)",52.39225267164534,34.56327371228494,0.46653506854503785,67.79609930981192,356.38797086850195
"(95.0, 909.2222616859175)",52.14385929874177,34.944083909820016,0.4716752307026836,69.44666328517567,359.4109567555452
"(96.0, 909.2222616859175)",51.89362680988774,35.3274102970181,0.47684935863550026,71.12276251266958,362.43928982937916
"(97.0, 909.2222616859175)",51.64150976779098,35.71330001470809,0.4820568471339199,72.82463919700584,365.47217761527935
"(98.0, 909.2222616859175)",51.38763473976679,36.10163601260264,0.48729872257860174,74.55253378646826,368.5103128731065
"(99.0, 909.2222616859175)",51.131959341299954,36.49246908973024,0.49257417229613093,76.30668480002863,371.5527181831284
"(100.0, 909.2222616859175)",50.874504426147034,36.88578342914103,0.49788311751460956,78.08732866047632,374.5990855013925
"(101.0, 909.2222616859175)",50.615292176084075,37.28156541421086,0.5032253676054543,79.89469953402468,377.64900733793377
"(102.0, 909.2222616859175)",50.35434655675318,37.67979956917963,0.5086007165217062,81.72902917679437,380.7020645941496
"(102.99999999999999, 909.2222616859175)",50.09169459458363,38.08046835827983,0.5140089294033814,83.5905467885554,383.75781453034415
"(104.0, 909.2222616859175)",49.827364931970365,38.48355272144379,0.5194497500007338,85.47947887415508,386.81579765369645
"(105.0, 909.2222616859175)",49.56148521873002,38.88908149996134,0.5249201976692781,87.39604911355153,389.8730802159284
"(106.0, 909.2222616859175)",49.29380022687812,39.29688296251026,0.5304280440799837,89.3404782368043,392.936507663236
"(106.99999999999999, 909.2222616859175)",49.024632657314946,39.7070821087839,0.5359648948478143,91.31298391647125,395.9982299613134
"(108.0, 909.2222616859175)",48.75392317972184,40.11960359378309,0.5415330904136365,93.31378065750533,399.0601605861457
"(109.00000000000001, 909.2222616859175)",48.48170971587202,40.534420089556896,0.5471322711262047,95.34307970523255,402.12176128948784
"(110.0, 909.2222616859175)",48.20803190820331,40.951503328895626,0.5527620414672462,97.4010889594416,405.18246455753285
"(111.0, 909.2222616859175)",47.932930486232074,41.37082342227855,0.5584219978113404,99.48801289896969,408.24169892622564
"(112.0, 909.2222616859175)",47.65644689162392,41.79234897361023,0.5641117317558264,101.60405251636193,411.29889207423014
"(113.0, 909.2222616859175)",47.37862391583787,42.216047751602765,0.5698308039244846,103.74940526280974,414.35344705971477
"(114.00000000000001, 909.2222616859175)",47.099505682239595,42.64188680538249,0.5755787419094387,105.92426500350804,417.4047404937268
"(115.0, 909.2222616859175)",46.819135682186804,43.06983117823682,0.5813551041958612,108.12882198355452,420.45218069605863
"(116.0, 909.2222616859175)",46.53755846697459,43.4998455044097,0.5871594140867971,110.3632628044742,423.4951476417016
"(117.0, 909.2222616859175)",46.25489145750353,43.93181436302897,0.5929922239921395,112.62777041152266,426.5339606487726
"(118.0, 909.2222616859175)",45.9715649545492,44.366106813225485,0.5988364814451939,114.9225240977231,429.55293594191306
"(119.0, 909.2222616859175)",45.68603737919525,44.8019426724529,0.6047350186180904,117.24769948005968,432.59084186855597
"(120.0, 909.2222616859175)",45.40007401743102,45.23986098627359,0.6106464113670272,119.60346858452972,435.6098426489879
"(17.0, 909.7356783712264)",74.10518067082702,8.585765759297042,0.11589638178163797,0.5835552297947142,104.85151827109435
"(18.0, 909.7356783712264)",73.12784890464349,9.229031491337217,0.12457360096410806,0.8276949359207234,112.50135444430859
"(19.0, 909.7356783712264)",72.34090765464596,9.771870661044613,0.13190020442223083,1.0898450563454236,118.90447689101616
"(20.0, 909.7356783712264)",71.66724657176174,10.255741604337357,0.13843409590864636,1.369051642732486,124.56938450842732
"(21.0, 909.7356783712264)",71.07117147701697,10.700091556717728,0.14443151798888984,1.6647523920772118,129.72975260373147
"(22.0, 909.7356783712264)",70.5316113238439,11.116252250244354,0.15004749352036803,1.9765756098967124,134.5269826957575
"(23.0, 909.7356783712264)",70.034695145688,11.511663589205133,0.15538398937155543,2.304261548886527,139.05409743007286
"(24.0, 909.7356783712264)",69.57195376418925,11.89088727233561,0.16050276555415857,2.647619107907559,143.36747319396278
"(25.0, 909.7356783712264)",69.13738452924203,12.257176419642262,0.1654469718164158,3.0065088361403833,147.50650430373182
"(26.0, 909.7356783712264)",68.72636704504133,12.613013288650034,0.17024953762373532,3.3808192400029005,151.50125936251357
"(27.0, 909.7356783712264)",68.33622989221827,12.959909083904552,0.17492866320012804,3.7704672182706793,155.36837886466958
"(28.0, 909.7356783712264)",67.96259564204732,13.29987803591776,0.17952063187061496,4.1753884678940025,159.1409353485511
"(29.0, 909.7356783712264)",67.60470474995974,13.633586123058427,0.18402579085192144,4.595536305913302,162.81929137256088
"(30.0, 909.7356783712264)",67.2606353049797,13.961989953141773,0.18845864083798267,5.030872810970006,166.41667665669146
"(31.0, 909.7356783712264)",66.98914883370934,14.234144846426846,0.19213202433496634,5.48148070267812,169.30787679252947
"(32.0, 909.7356783712264)",66.6084176488736,14.605793430814096,0.19714428860006633,5.9470259793791325,173.40216714721504
"(33.0, 909.7356783712264)",66.29955645907351,14.921845119685393,0.20139694430494803,6.427819191433253,176.79016655772077
"(34.0, 909.7356783712264)",65.99596291088437,15.235986332264353,0.20565458723903215,6.923754395658059,180.16756103639742
"(35.0, 909.7356783712264)",65.70343744569054,15.546991167856776,0.20984291352819767,7.434838816451871,183.46674647351762
"(36.0, 909.7356783712264)",65.41859755414099,15.855652912642505,0.21400432336179961,7.961086951674581,186.72628133624747
"(37.0, 909.7356783712264)",65.13951037425356,16.162517259978138,0.2181600743763773,8.50251640836732,189.9654868479435
"(38.0, 909.7356783712264)",64.86787696911978,16.467607481094422,0.22227950563968793,9.059155324758587,193.15644152638376
"(39.0, 909.7356783712264)",64.60255246382644,16.771245053610905,0.226375505184368,9.631036574859953,196.31083720067014
"(40.0, 909.7356783712264)",64.34274674420674,17.073614184784294,0.2304576551181365,10.21819663310525,199.43735458163482
"(41.0, 909.7356783712264)",64.08799150903272,17.374859324600795,0.2345308270817912,10.820679355704298,202.54038171851386
"(42.0, 909.7356783712264)",63.839230246858165,17.675123839859737,0.23857556164899635,11.438535266533092,205.60216515301295
"(43.0, 909.7356783712264)",63.59435678148952,17.97478593636676,0.24261914999280326,12.071823099731922,208.64747390482128
"(44.0, 909.7356783712264)",63.35438299042035,18.27374969587245,0.24664693777516836,12.720602243221247,211.6629170118572
"(45.0, 909.7356783712264)",63.11642252587439,18.5725926030147,0.2506937651232317,13.384943173777906,214.68011930404222
"(46.0, 909.7356783712264)",62.882431248705885,18.87105445427422,0.2547332348690651,14.064918368929186,217.67499385837664
"(47.0, 909.7356783712264)",62.65344212851084,19.169332188803423,0.25874703969958,14.760617112511513,220.63079657513256
"(47.99999999999999, 909.7356783712264)",62.42683800936856,19.46741739886253,0.2627698988760981,15.47211768847263,223.57903452111302
"(49.0, 909.7356783712264)",62.202867079619054,19.765728135647286,0.2667972526332233,16.199524125292143,226.51545548657273
"(50.0, 909.7356783712264)",61.981502682094785,20.064269997950845,0.27082665908844383,16.942930127194348,229.43774429964395
"(51.0, 909.7356783712264)",61.762470126054524,20.363117955514692,0.27486116921220843,17.702447691170505,232.34856454000638
"(52.0, 909.7356783712264)",61.54551076737789,20.662443321513564,0.27890127391907626,18.47818388546399,235.2482557419061
"(53.0, 909.7356783712264)",61.330450139415866,20.962307386291727,0.2829487039455828,19.27027304741764,238.13825808077647
"(54.0, 909.7356783712264)",61.11705104608309,21.26282716301174,0.2870049564119585,20.078833458752335,241.01981525858497
"(55.0, 909.7356783712264)",60.90514593031151,21.56407682660021,0.29107144087844966,20.903994499153885,243.89408022289285
"(56.0, 909.7356783712264)",60.69453556283994,21.866182414974347,0.2951487271290204,21.745907672903797,246.76141982221958
"(57.0, 909.7356783712264)",60.48537876535547,22.16926840759467,0.2992318300867762,22.604708389934967,249.61716354432193
"(58.0, 909.7356783712264)",60.27636930140461,22.473265055158095,0.30334357170408616,23.48055417779986,252.48191580596773
"(59.0, 909.7356783712264)",60.068569677948155,22.778403500775788,0.3074621566482338,24.373601010898902,255.33569264096235
"(59.99999999999999, 909.7356783712264)",59.861249793090764,23.084729086131606,0.3115984907426265,25.28401092961816,258.1882534255755
"(61.0, 909.7356783712264)",59.654305614704995,23.39243036149576,0.3157501963861935,26.211957463125028,261.0372616421167
"(61.99999999999999, 909.7356783712264)",59.44756782788841,23.70144297192653,0.31992194400717794,27.157617792975866,263.8867889642356
"(63.0, 909.7356783712264)",59.24082750587949,24.01170163624103,0.3241191823850185,28.121165602148604,266.7416186580135
"(64.0, 909.7356783712264)",59.0348096560147,24.323830598074974,0.3283161754214189,29.10278793299152,269.57815063425954
"(65.0, 909.7356783712264)",58.82797946671723,24.63717639393424,0.33255298521369403,30.102682397012906,272.4326332007434
"(66.0, 909.7356783712264)",58.620984981467224,24.952299979794958,0.33680651995723576,31.12103627222812,275.28387164091976
"(67.0, 909.7356783712264)",58.413575236029146,25.269126471756817,0.341083039741972,32.15805275116429,278.1373577894187
"(68.0, 909.7356783712264)",58.20563254490861,25.587718119955436,0.34538338488288756,33.213936443264174,280.9936515013199
"(69.0, 909.7356783712264)",57.99704485864804,25.90813461525558,0.3497083611451976,34.288896215800285,283.85327694271587
"(70.0, 909.7356783712264)",57.787705675123206,26.23043310658994,0.3540587399781345,35.38314499277788,286.71672300449194
"(71.0, 909.7356783712264)",57.5775139528437,26.55466821725088,0.35843525873515625,36.496899550669276,289.5844437069241
"(72.0, 909.7356783712264)",57.3663740248728,26.880892060725504,0.3628386208876758,37.63038031141475,292.45685860111524
"(73.0, 909.7356783712264)",57.154195514681334,27.20915425548347,0.367269496226501,38.7838111330867,295.3343531615877
"(74.0, 909.7356783712264)",56.940893252859404,27.539501939267396,0.37172852105330145,39.9574190985118,298.21727917184614
"(74.99999999999999, 909.7356783712264)",56.726387194598615,27.871979782744383,0.3762162983664958,41.151434302211925,301.10595510654383
"(76.0, 909.7356783712264)",56.51060233738995,28.20663000285528,0.38073339804126405,42.36608963588784,304.00066650976373
"(77.0, 909.7356783712264)",56.29346864030293,28.54349237528772,0.3852803569976801,43.60162057275806,306.9016663636347
"(78.0, 909.7356783712264)",56.07492094252474,28.88260424693729,0.3898576793702499,44.858264950953576,309.8091754591728
"(78.99999999999999, 909.7356783712264)",55.85489888166961,29.224000548294697,0.39446583667328583,46.13626275623756,312.72338276400757
"(80.0, 909.7356783712264)",55.63334681401846,29.56771380474067,0.39910526795662454,47.435855904234074,315.6444457818158
"(81.0, 909.7356783712264)",55.41021373178935,29.91377414895529,0.4037763799703774,48.75728802244427,318.5724909201851
"(82.00000000000001, 909.7356783712264)",55.18545318186022,30.26220933251614,0.4084795473231249,50.10080423222039,321.50761385255413
"(83.0, 909.7356783712264)",54.959023182704186,30.61304473814277,0.4132151126471063,51.466650930975845,324.4498798862822
"(84.0, 909.7356783712264)",54.73088614152811,30.9663033918414,0.41798338676227076,52.85507557483692,327.3993243292402
"(85.0, 909.7356783712264)",54.50100876804205,31.322005976400202,0.422784648858127,54.26632646200805,330.35595287188085
"(86.00000000000001, 909.7356783712264)",54.26936198971707,31.680170844446483,0.42761914667023804,55.70065251710045,333.3197419634735
"(87.0, 909.7356783712264)",54.035920862699996,32.04081403332653,0.43248709668365815,57.15830307669984,336.2906392116101
"(88.0, 909.7356783712264)",53.80066448229048,32.40394928070492,0.4373886843376353,58.63952767648165,339.2685637813152
"(89.0, 909.7356783712264)",53.56357589155323,32.769588040998705,0.4423240642536646,60.14457584014447,342.253406813581
"(90.00000000000001, 909.7356783712264)",53.32464198588507,33.137739504139354,0.4472933604855417,61.67369687052737,345.2450318617324
"(91.0, 909.7356783712264)",53.0838534172254,33.5084106150284,0.45229666678312763,63.22713964321329,348.2432753377799
"(92.0, 909.7356783712264)",52.84120449416499,33.88160609536931,0.4573340468867665,64.80515240299705,351.2479469837937
"(93.0, 909.7356783712264)",52.59669307956999,34.25732846733725,0.4624055348469635,66.40798256356592,354.2588303630462
"(94.0, 909.7356783712264)",52.35032048512102,34.63557807945418,0.4675111353735315,68.03587651079596,357.275683374346
"(95.0, 909.7356783712264)",52.10209136318221,35.016353134634365,0.47265082421369964,69.68907941003494,360.2982387887344
"(96.0, 909.7356783712264)",51.85201359507685,35.39964972078313,0.47782454856754625,71.36783501778694,363.3262048157348
"(97.0, 909.7356783712264)",51.60003891110117,35.78551501256344,0.48303173724505055,73.07238549821234,366.3588196592457
"(98.0, 909.7356783712264)",51.346299903291786,36.173834210447076,0.4882732696062534,74.8029712448504,369.39664291093123
"(99.0, 909.7356783712264)",51.09075340308633,36.56465203681554,0.4935484925969394,76.55983070798278,372.43884201379007
"(100.0, 909.7356783712264)",50.833419755674484,36.95795455144511,0.49885728265163937,78.34320022806965,375.4850682154461
"(101.0, 909.7356783712264)",50.57432149561839,37.353728796362375,0.504199422498106,80.15331387565884,378.53488978503617
"(102.0, 909.7356783712264)",50.313485812970775,37.75196484012639,0.5095745116659193,81.9904032982033,381.5877107528782
"(102.99999999999999, 909.7356783712264)",50.050931083523096,38.15262652565893,0.5149829161982383,83.85469757412392,384.6436350430729
"(104.0, 909.7356783712264)",49.78669539842881,38.55571311378317,0.520423765961496,85.74642307467039,387.70164469281957
"(105.0, 909.7356783712264)",49.520958104743315,38.96123071745364,0.5258939029653221,87.66580333393878,390.7586432315105
"(106.0, 909.7356783712264)",49.253300409690944,39.36905642369141,0.5314022352671802,89.61305892601928,393.822514062755
"(106.99999999999999, 909.7356783712264)",48.98420939523676,39.77926576354617,0.536939228320759,91.58840735437039,396.8843657661381
"(108.0, 909.7356783712264)",48.71357139493215,40.19179984106638,0.5425075912679351,93.59206294563381,399.9464486180412
"(109.00000000000001, 909.7356783712264)",48.44142446586633,40.60663089603795,0.5481069695681638,95.62423675629466,403.00822902379605
"(110.0, 909.7356783712264)",48.16780881156294,41.02373089128453,0.5537369492943672,97.68513648765742,406.0691227178671
"(111.0, 909.7356783712264)",47.89304072077529,41.443120494598105,0.5593917343708722,99.77496641130038,409.12365253184186
"(112.0, 909.7356783712264)",47.616334783658246,41.86461396475588,0.5650871504029826,101.89392730216476,412.1860148085559
"(113.0, 909.7356783712264)",47.33856126921111,42.288333536589676,0.5708065038608147,104.04221638819757,415.2408256203288
"(114.00000000000001, 909.7356783712264)",47.05948851314804,42.71419428223574,0.5765547476470507,106.2200273020436,418.29239716679734
"(115.0, 909.7356783712264)",46.77916086179256,43.14216152024939,0.5823314166780488,108.42755004957465,421.34011633890736
"(116.0, 909.7356783712264)",46.497622347148464,43.57219926943516,0.588136054677576,110.664970986534,424.3833816901473
"(117.0, 909.7356783712264)",46.214919395166724,44.00427174806199,0.5939681352441665,112.93247280628322,427.4215316409609
"(118.0, 909.7356783712264)",45.93109321298522,44.438338950669035,0.5998272938005474,115.230234538228,430.45405549299
"(119.0, 909.7356783712264)",45.64620079803961,44.874370535535284,0.6057126455844395,117.55843155694663,433.4799729718437
"(120.0, 909.7356783712264)",45.360266717303666,45.31231555931407,0.6116243132018406,119.91723560192295,436.499223877089
"(17.0, 910.2690644316399)",73.57974492910341,8.921008378489649,0.12041543907052513,0.6465911211841693,108.96385794466788
"(18.0, 910.2690644316399)",72.71517650306279,9.503797843843527,0.12828034538243877,0.8951395983405048,115.87449037789966
"(19.0, 910.2690644316399)",71.9958702007714,10.010197461632623,0.13511576450659663,1.1610636547009547,121.83063689268454
"(20.0, 910.2690644316399)",71.36813318065101,10.46925327577536,0.14131364853519474,1.4436615823512202,127.18978106120208
"(21.0, 910.2690644316399)",70.80583048757231,10.895255655040561,0.14706391008144348,1.7424933184064455,132.12523452308793
"(22.0, 910.2690644316399)",70.29165996042667,11.297520556531664,0.15249427297274956,2.0572629877868867,136.75355620230098
"(23.0, 910.2690644316399)",69.81522963850232,11.681691794386186,0.1576805313124093,2.3877541696041056,141.1439555472266
"(24.0, 910.2690644316399)",69.36996932547498,12.051401403531614,0.16266940827059606,2.733809399354287,145.33912067876966
"(25.0, 910.2690644316399)",68.94976683039935,12.409813516243807,0.1675072652859297,3.095306411745243,149.3813752455805
"(26.0, 910.2690644316399)",68.55113860589222,12.758863266276077,0.17221791397714795,3.4721537378579512,153.29248569648914
"(27.0, 910.2690644316399)",68.17098269611044,13.100129830401054,0.1768250994720168,3.864278700139165,157.09413916428522
"(28.0, 910.2690644316399)",67.80711727110106,13.434831513081809,0.18134283036648094,4.271629953190035,160.79913858589217
"(29.0, 910.2690644316399)",67.45756804304476,13.76397230707375,0.18578554273465378,4.694162872573939,164.4206692974238
"(30.0, 910.2690644316399)",67.12089534467584,14.08832801237191,0.1901627740563399,5.131849063229344,167.96744136676048
"(31.0, 910.2690644316399)",66.74603540085909,14.451443507160317,0.19506459029927023,5.584745437246105,171.97651667821174
"(32.0, 910.2690644316399)",66.48072444954944,14.72531955807521,0.19876156141193882,6.052612470425991,174.8738880809915
"(33.0, 910.2690644316399)",66.17551827400092,15.038859965653087,0.2029940344920867,6.535674414242143,178.24351544807362
"(34.0, 910.2690644316399)",65.87947578363219,15.34971166257632,0.2071813851322033,7.033857501447918,181.55694811049403
"(35.0, 910.2690644316399)",65.59052186689718,15.658225620109299,0.21135317928681233,7.547172106771145,184.84108866728815
"(36.0, 910.2690644316399)",65.30928001403298,15.96469784259978,0.21549094342059047,8.075634379596293,188.07910508135606
"(37.0, 910.2690644316399)",65.03421412911848,16.269575566750014,0.21961147569779313,8.619266323713179,191.2862661981688
"(38.0, 910.2690644316399)",64.76936412867342,16.572050466094673,0.22366368626408983,9.178094930360169,194.41603951258472
"(39.0, 910.2690644316399)",64.50535688280644,16.874280263980577,0.227759880182923,9.752151810738667,197.57062123843306
"(40.0, 910.2690644316399)",64.24750699204179,17.174937076050895,0.23183920501140765,10.341484207467289,200.69457203684192
"(41.0, 910.2690644316399)",63.99711407251143,17.47456861657436,0.23586599477016285,10.946130740821445,203.75538764985276
"(42.0, 910.2690644316399)",63.750047022647976,17.773454904055455,0.23990551807206878,11.5661446150892,206.81242687236073
"(43.0, 910.2690644316399)",63.507530581536926,18.071749191142864,0.24393272927868556,12.201583948148771,209.84283331661683
"(44.0, 910.2690644316399)",63.269041276094526,18.369521102438746,0.2479552766898875,12.85251166048166,212.85350607291065
"(45.0, 910.2690644316399)",63.03476515831963,18.666947941921453,0.2519658660839303,13.51899799335116,215.83773519557593
"(46.0, 910.2690644316399)",62.803548464755096,18.964240536937755,0.25597973249916134,14.201120399409456,218.80931121606358
"(47.0, 910.2690644316399)",62.57578193289333,19.261342551942757,0.2599901781875551,14.898959158034284,221.7620571021668
"(47.99999999999999, 910.2690644316399)",62.3509049372485,19.558553449578202,0.2640012645573797,15.612606504089865,224.69957759332598
"(49.0, 910.2690644316399)",62.128784208460196,19.855902122326437,0.2680143477757254,16.342154535640613,227.62301506842513
"(50.0, 910.2690644316399)",61.909060223715414,20.1535372063817,0.27203201657906395,17.08770756636838,230.53462166050852
"(51.0, 910.2690644316399)",61.69164963252133,20.451548278204125,0.27605385223076806,17.84937134011118,233.4339104627402
"(52.0, 910.2690644316399)",61.47616837288521,20.750055165042113,0.28008360404811256,18.627265599984852,236.32417461953244
"(53.0, 910.2690644316399)",61.26252557418946,21.049148098560025,0.28412095000022136,19.42150815995269,239.20500318217753
"(54.0, 910.2690644316399)",61.05042106970269,21.348908962286533,0.2881691654766785,20.232226912223638,242.0792497442789
"(55.0, 910.2690644316399)",60.83968046834038,21.649507368396,0.29222741945562547,21.059558011708436,244.94602169743615
"(56.0, 910.2690644316399)",60.63048438502624,21.950948997470842,0.29629323579194783,21.9036419963141,247.80292454544556
"(57.0, 910.2690644316399)",60.41784820631147,22.25305642348241,0.30044986126577516,22.76462258586373,250.7255915371494
"(58.0, 910.2690644316399)",60.21501845829711,22.55680818858171,0.3044656995163964,23.642653498811175,253.50305395150377
"(59.0, 910.2690644316399)",60.00767692933994,22.861462966382213,0.3085844457434605,24.537895636287256,256.3569790887687
"(59.99999999999999, 910.2690644316399)",59.80147027511399,23.167289520379878,0.3127113860365383,25.45051280939505,259.20098799520605
"(61.0, 910.2690644316399)",59.59551367196426,23.47442343158775,0.3168575677362974,26.38067256355202,262.04496917785235
"(61.99999999999999, 910.2690644316399)",59.38973754071971,23.78293902275405,0.3210228375139305,27.3285530320662,264.8886049329297
"(63.0, 910.2690644316399)",59.18456329415499,24.092906450607895,0.3251996244257773,28.294334809082088,267.7248230704909
"(64.0, 910.2690644316399)",58.978418021760355,24.404291743883178,0.3294133848435461,29.278202936967933,270.5766106958265
"(65.0, 910.2690644316399)",58.77260024845862,24.71743901146776,0.33363647058402673,30.28035023620742,273.418607702589
"(66.0, 910.2690644316399)",58.56635517363953,25.032185625278398,0.33788491713221247,31.300971527043437,276.2652158764578
"(67.0, 910.2690644316399)",58.35965973141641,25.348655672540335,0.3421566257611106,32.34026775559082,279.1143238650621
"(68.0, 910.2690644316399)",58.15239789381184,25.66691046642278,0.34645242414276317,33.398443976122074,281.96648001838463
"(69.0, 910.2690644316399)",57.9444591693393,25.98700881476357,0.3507731061259836,34.47570948251394,284.82219765856547
"(70.0, 910.2690644316399)",57.73573852130079,26.309007033293557,0.3551194319169172,35.57227760724525,287.68195544526236
"(71.0, 910.2690644316399)",57.52613628911393,26.632958957644625,0.3594921282395056,36.68836551723991,290.546197725874
"(72.0, 910.2690644316399)",57.31555810893936,26.958915955428168,0.3638918885007008,37.824194006973734,293.4153348928218
"(73.0, 910.2690644316399)",57.103914835892795,27.28692693762779,0.36831937294359135,38.97998728921826,296.28974373219285
"(74.0, 910.2690644316399)",56.89112246579268,27.617038369980108,0.3727752088017247,40.155972783776114,299.16976777547904
"(74.99999999999999, 910.2690644316399)",56.677102058254675,27.94929428366851,0.37725999044355657,41.35238090448735,302.0557176440583
"(76.0, 910.2690644316399)",56.46177965878027,28.283736286206423,0.38177427951984383,42.56944484482035,304.9478713977713
"(77.0, 910.2690644316399)",56.245086222035845,28.620403571663573,0.386318605101981,43.80740036227926,307.8464748764372
"(78.0, 910.2690644316399)",56.026957534180816,28.959332931077313,0.39089346382225837,45.06648556189051,310.7517420440397
"(78.99999999999999, 910.2690644316399)",55.807334135113635,29.300558762654248,0.3954993200132178,46.34694067899241,313.6638553327891
"(80.0, 910.2690644316399)",55.58616124088735,29.644113081847575,0.4001366058411645,47.649007861555624,316.58296598233306
"(81.0, 910.2690644316399)",55.36338866522524,29.99002553148434,0.40480572144641147,48.972930952266694,319.50919438533333
"(82.00000000000001, 910.2690644316399)",55.138970739709194,30.338323392467096,0.4095070350850179,50.31895527058951,322.4426304344244
"(83.0, 910.2690644316399)",54.9128662336523,30.68903159442432,0.4142408832746657,51.687327395060585,325.3833338727055
"(84.0, 910.2690644316399)",54.68503827299743,31.042172726844363,0.41900757094352387,53.07829494601628,328.33133464651917
"(85.0, 910.2690644316399)",54.45545425728346,31.397767050963935,0.4238073715920667,54.49210636905994,331.286633269283
"(86.00000000000001, 910.2690644316399)",54.22408577486583,31.755832512534493,0.4286405274651237,55.92901071946862,334.2492011936942
"(87.0, 910.2690644316399)",53.99090851756428,32.11638475506762,0.4335072497305182,57.38925744788545,337.21898118864664
"(88.0, 910.2690644316399)",53.75590219104692,32.47943713505206,0.4384077186845717,58.87309618751324,340.1958877391014
"(89.0, 910.2690644316399)",53.51899258706342,32.845071839930895,0.44334114142479086,60.3807765432124,343.17894948558734
"(90.00000000000001, 910.2690644316399)",53.280340681839476,33.21308439388182,0.4483104647807096,61.912547882652795,346.17059946819745
"(91.0, 910.2690644316399)",53.03976415645262,33.58369470107108,0.4533129501909827,63.46865913021091,349.16809593488153
"(92.0, 910.2690644316399)",52.797315682511986,33.95683604268305,0.45834959937059894,65.04935856344629,352.17210243824576
"(93.0, 910.2690644316399)",52.55299362868968,34.33251061211838,0.46342044193256576,66.65489361302356,355.18239850343014
"(94.0, 910.2690644316399)",52.30679979465693,34.71071843797182,0.468525478268397,68.28551066617779,358.1987380995826
"(95.0, 910.2690644316399)",52.05873930369083,35.091457411666234,0.47366467992175865,69.94145487419759,361.22085017249384
"(96.0, 910.2690644316399)",51.80882049131735,35.474723317899404,0.478837989998951,71.62296996433365,364.2484392063384
"(97.0, 910.2690644316399)",51.556990691651144,35.86056750313832,0.48404478851033483,73.33029805652961,367.28069872378387
"(98.0, 910.2690644316399)",51.30339378249515,36.24886458986068,0.48928605760393556,75.06367948540635,370.31828240917355
"(99.0, 910.2690644316399)",51.04797823574549,36.63966697061457,0.4945610641627153,76.82335262790275,373.36028455180826
"(100.0, 910.2690644316399)",50.7907693889418,37.03295809139857,0.4998696736532367,78.60955373701202,376.40634643706886
"(101.0, 910.2690644316399)",50.531787639125135,37.42872426171515,0.5052117138971349,80.42251678200898,379.45607736704136
"(102.0, 910.2690644316399)",50.27105874922427,37.82694997319204,0.5105869440407953,82.26247329560282,382.5090265674219
"(102.99999999999999, 910.2690644316399)",50.00860966858245,38.227617121337914,0.5159951356665652,84.12965222839566,385.5647571660857
"(104.0, 910.2690644316399)",49.74447018393,38.63070632573813,0.5214360148460234,86.0242798110595,388.62279358379294
"(105.0, 910.2690644316399)",49.47867190268453,39.03619589446764,0.5269093039350371,87.94657942459246,391.68265970868026
"(106.0, 910.2690644316399)",49.21141096479154,39.44410482412983,0.5324112155427632,89.89677147943382,394.7406875855894
"(106.99999999999999, 910.2690644316399)",48.94223613091506,39.85428344065522,0.5379518143260661,91.87507330092768,397.8058214349638
"(108.0, 910.2690644316399)",48.671671066927125,40.26683052668802,0.5435203583226855,93.88169902997952,400.86806903996114
"(109.00000000000001, 910.2690644316399)",48.39979877931722,40.681731653658346,0.5491154626670708,95.91685952569802,403.92595894120353
"(110.0, 910.2690644316399)",48.126039538907214,41.0987938656958,0.5547501558327603,97.98076227958262,406.99114306361054
"(111.0, 910.2690644316399)",47.8510542082566,41.518150771058984,0.5604106135990928,100.07361134774139,410.0508335906661
"(112.0, 910.2690644316399)",47.57467859388219,41.93971629653827,0.566100879152859,102.19560727952761,413.1085103608743
"(113.0, 910.2690644316399)",47.296955388532986,42.363457504782666,0.5718205253050651,104.34694706706655,416.1635875251839
"(114.00000000000001, 910.2690644316399)",47.017929259050355,42.789341075156145,0.5775690736799394,106.52782410097619,419.2154362423111
"(115.0, 910.2690644316399)",46.73771712363495,43.21727059636418,0.5833466253962358,108.73842813730317,422.2639588014828
"(116.0, 910.2690644316399)",46.45614589064638,43.647394454213355,0.5891510234203123,110.9789452754329,425.307005622318
"(117.0, 910.2690644316399)",46.17347633144202,44.07948953948017,0.5949835551064824,113.24955794582165,428.3455661131671
"(118.0, 910.2690644316399)",45.88969014561142,44.51358731651369,0.6008428278666329,115.55044490958294,431.3781938830379
"(119.0, 910.2690644316399)",45.604824371743476,44.94964226532329,0.6067286558260806,117.88178126787413,434.4045446347987
"(120.0, 910.2690644316399)",45.318927333585854,45.38761814764024,0.6126404113870827,120.24373848227619,437.4238756240586
"(17.0, 910.8203965511321)",73.09140077232361,9.239411824645,0.124714189553731,0.7141793383570693,112.87804824652525
"(18.0, 910.8203965511321)",72.31859755236493,9.772614242878188,0.13191036534454553,0.9668762031261912,119.17977506919749
"(19.0, 910.8203965511321)",71.65789998716721,10.24719678522159,0.13831629152610325,1.2364476673082823,124.74485182997907
"(20.0, 910.8203965511321)",71.07230011948229,10.683342157646214,0.1442035700711372,1.5223728935713248,129.82117998271085
"(21.0, 910.8203965511321)",70.54128593355183,11.092267881159508,0.14972228132868048,1.8243107953162405,134.5457968570127
"(22.0, 910.8203965511321)",70.05188631104491,11.481005756193694,0.1549684586966724,2.142022642068774,139.00641036095212
"(23.0, 910.8203965511321)",69.59535772622898,11.854217864859045,0.16000785257042968,2.4753311462344194,143.26308458325943
"(24.0, 910.8203965511321)",69.16625251189744,12.214972786196936,0.1648776578926494,2.8241039530985566,147.3498297911063
"(25.0, 910.8203965511321)",68.75984136131868,12.565764264736899,0.16961292534939795,3.188239573870489,151.2986723530657
"(26.0, 910.8203965511321)",68.37343340093673,12.908076609280123,0.17423268966887182,3.567659796959119,155.12702769941305
"(27.0, 910.8203965511321)",68.00380426725658,13.243551806614215,0.17876083653035083,3.9623031516740244,158.85671286471222
"(28.0, 910.8203965511321)",67.64909444651758,13.57317955994319,0.18321031248770384,4.372124664712906,162.49956480759434
"(29.0, 910.8203965511321)",67.3076995707549,13.897805956252975,0.1875921021415884,4.797090661921895,166.06562220054013
"(30.0, 910.8203965511321)",66.97825361140116,14.218129881901415,0.191915830817779,5.237174285150701,169.56367884473875
"(31.0, 910.8203965511321)",66.65958435322283,14.534740928309963,0.1961896266286834,5.692366915236852,173.0011466099191
"(32.0, 910.8203965511321)",66.35170769588319,14.847969777233125,0.20040585086251037,6.162654240567305,176.37108231319144
"(33.0, 910.8203965511321)",66.05090361067818,15.158699728835524,0.20461174046323397,6.648038120188412,179.71650846755168
"(34.0, 910.8203965511321)",65.7588421785203,15.466933447821777,0.20877656718856202,7.14852426177872,183.00943145549144
"(35.0, 910.8203965511321)",65.47531970499915,15.772814402343297,0.21290100012351448,7.664125229589979,186.2504481290421
"(36.0, 910.8203965511321)",65.19839009445943,16.076939175224265,0.21700579375900686,8.194820222660189,189.45848290281165
"(37.0, 910.8203965511321)",64.92709804088526,16.37961318346023,0.22110062122695773,8.74074995935878,192.64220554428053
"(38.0, 910.8203965511321)",64.66360109921868,16.680570101798626,0.22515372532117747,9.301826960846713,195.77277842115282
"(39.0, 910.8203965511321)",64.40439353957892,16.980539008785883,0.2292094680517256,9.87812594316485,198.89053264098192
"(40.0, 910.8203965511321)",64.15135543711868,17.27946782866338,0.2332359305563519,10.469682652624016,201.96636010668476
"(41.0, 910.8203965511321)",63.901874640889645,17.577530856866147,0.23727482239591954,11.076555964644351,205.03819186160655
"(42.0, 910.8203965511321)",63.65857114478725,17.874877380196022,0.24127678884107337,11.698788939507178,208.06103155130305
"(43.0, 910.8203965511321)",63.41873194243305,18.171752491458605,0.2452831663323483,12.336442985318607,211.07246784082818
"(44.0, 910.8203965511321)",63.18285527692121,18.468194004821648,0.2492844794742716,12.989582327266913,214.0638061215317
"(45.0, 910.8203965511321)",62.95091958937208,18.764327961772345,0.2532781835080514,13.658277871089618,217.0326576694642
"(46.0, 910.8203965511321)",62.7220615140048,19.060389043201756,0.25727338697974367,14.342607363533853,219.98724098740914
"(47.0, 910.8203965511321)",62.4959794513487,19.356484733041672,0.26127268057949443,15.042654460640867,222.92983207275154
"(47.99999999999999, 910.8203965511321)",62.272966197024054,19.65263586957882,0.26527090648952045,15.758508221297767,225.85564402096557
"(49.0, 910.8203965511321)",62.05255047571583,19.949030627741088,0.2692716014084079,16.49026625281243,228.76780052195207
"(50.0, 910.8203965511321)",61.834580269046555,20.245726863298632,0.27327617266890103,17.23802864746898,231.66748331079512
"(51.0, 910.8203965511321)",61.61862480838768,20.542887804738545,0.2772881339464298,18.001910181334452,234.55777793867622
"(52.0, 910.8203965511321)",61.40480672737627,20.84054171543584,0.28130513860308404,18.782021927085008,237.43643596724718
"(53.0, 910.8203965511321)",61.19193040753423,21.13888482278229,0.2853420806821634,19.578484083614622,240.31690299603855
"(54.0, 910.8203965511321)",60.98197909940308,21.437925829612354,0.28936735220049287,20.391434821114906,243.17025165908913
"(55.0, 910.8203965511321)",60.77269749007677,21.737752924038524,0.29341542531485365,21.22099757443732,246.0277564650568
"(56.0, 910.8203965511321)",60.564512990204946,22.038531096672802,0.2974759004126181,22.06732279381544,248.87979478441048
"(57.0, 910.8203965511321)",60.35733306168522,22.340356824575096,0.30154831336666404,22.930550914832352,251.72580344511763
"(58.0, 910.8203965511321)",60.15050635774928,22.643055730109097,0.30564778736482207,23.810840548498668,254.57939834410467
"(59.0, 910.8203965511321)",59.94470430471514,22.947280901034283,0.3097486201212661,24.708346321296116,257.41701468872145
"(59.99999999999999, 910.8203965511321)",59.73996041019316,23.252533093889635,0.31386194708365456,25.62323679510037,260.24862630994437
"(61.0, 910.8203965511321)",59.53500909733411,23.559168105081024,0.31800057744076343,26.55568144477774,263.0857306033074
"(61.99999999999999, 910.8203965511321)",59.33021463086167,23.867205313224705,0.32215844825347056,27.505855957021737,265.9226296335017
"(63.0, 910.8203965511321)",59.125383403140894,24.176620919814926,0.3263397373117467,28.47394276516465,268.7629461835128
"(64.0, 910.8203965511321)",58.92129214436852,24.487811800959918,0.3305233611834629,29.46012766077965,271.58729124175517
"(65.0, 910.8203965511321)",58.71485984358251,24.800303350893557,0.3347685734641955,30.46460316843661,274.4494416670787
"(66.0, 910.8203965511321)",58.51004309122447,25.11475351453888,0.33899951467780826,31.487565311953446,277.28010707752924
"(67.0, 910.8203965511321)",58.30407893251538,25.430857433197502,0.34326628134895043,32.52921530470175,280.1247151961818
"(68.0, 910.8203965511321)",58.097514188255246,25.748766193620884,0.3475574089888495,33.589758645873026,282.9726184336349
"(69.0, 910.8203965511321)",57.89023994814086,26.06853770345795,0.3518736792988796,34.669405063663895,285.8243190512475
"(70.0, 910.8203965511321)",57.682152665056755,26.390227428052135,0.35621584100849446,35.76836830650382,288.68028525864815
"(71.0, 910.8203965511321)",57.473154081722534,26.713888399089885,0.3605846099931878,36.886865938990326,291.54095152524036
"(72.0, 910.8203965511321)",57.2631511603135,27.039571222133745,0.3649806693756814,38.025119135053174,294.40671887920263
"(73.0, 910.8203965511321)",57.05205600862225,27.367324085453458,0.3694046696455169,39.18335246877896,297.2779552255907
"(74.0, 910.8203965511321)",56.8397858096901,27.6971927674023,0.37385722876020516,40.36179370322223,300.1549956496552
"(74.99999999999999, 910.8203965511321)",56.62626274822372,28.02922064503162,0.378338932260106,41.560673577478184,303.0381427344035
"(76.0, 910.8203965511321)",56.41141393749591,28.363448702307352,0.3828503333812435,42.78022559234399,305.9276668776934
"(77.0, 910.8203965511321)",56.19517134777127,28.699915537683157,0.38739195315645697,44.02068579479617,308.8238065998856
"(78.0, 910.8203965511321)",55.97747173094358,29.038657372933955,0.39196428053605803,45.28229256154909,311.72676887018247
"(78.99999999999999, 910.8203965511321)",55.758256547901034,29.37970806086981,0.3965677724907537,46.56528638190388,314.63672941752355
"(80.0, 910.8203965511321)",55.537471893127965,29.72309909391749,0.4012028541293167,47.86990964014981,317.5538330553605
"(81.0, 910.8203965511321)",55.31506841867683,30.06885961292242,0.4058699188164242,49.196406397712934,320.47819400683835
"(82.00000000000001, 910.8203965511321)",55.09100125825733,30.41701641579974,0.410569328290439,50.54502217528781,323.4098962299418
"(83.0, 910.8203965511321)",54.86522994893103,30.767593967156607,0.41530141279200167,51.916003735204306,326.34899375225206
"(84.0, 910.8203965511321)",54.63771835171576,31.120614408302654,0.420066471200931,53.30959886424861,329.29551101281805
"(85.0, 910.8203965511321)",54.40843457150358,31.47609756770612,0.42486477117692983,54.72605615719794,332.2494432067793
"(86.00000000000001, 910.8203965511321)",54.17735087370684,31.83406097288614,0.4296965493201342,56.16562480132973,335.21075664708803
"(87.0, 910.8203965511321)",53.94444360006476,32.194519862929624,0.4345620113396031,57.62855436219933,338.1793891321955
"(88.0, 910.8203965511321)",53.70969308162637,32.557487202424646,0.43946133224266926,59.115094570956856,341.1552503312
"(89.0, 910.8203965511321)",53.47308344153223,32.92297378459389,0.44439465590595023,60.62549511352771,344.1382216039338
"(90.00000000000001, 910.8203965511321)",53.2346030458006,33.290987808108326,0.4493620984644489,62.160005421977395,347.12815929646086
"(91.0, 910.8203965511321)",52.99424332307555,33.66153577600421,0.45436374224421133,63.718874468406504,350.12488942092244
"(92.0, 910.8203965511321)",52.751999752906606,34.034621635967156,0.4593996423583308,65.30235056171588,353.12821386654724
"(93.0, 910.8203965511321)",52.50787122280516,34.41024724297521,0.4644698238519275,66.91068114763691,356.1379079992102
"(94.0, 910.8203965511321)",52.26186003318907,34.78841229620132,0.4695742826704379,68.54411261239453,359.1537217397071
"(95.0, 910.8203965511321)",52.013971790145405,35.169114366508836,0.4747129860302387,70.20289009039239,362.1753800936417
"(96.0, 910.8203965511321)",51.7642152954253,35.5523489262543,0.47988587282228884,71.88725727634926,365.20258370693404
"(97.0, 910.8203965511321)",51.51260234524209,35.93810943251091,0.4850928540379128,73.59745624227716,368.23500943665505
"(98.0, 910.8203965511321)",51.25907931439342,36.326448320019864,0.49033325020115687,75.33372725971991,371.2717981307033
"(99.0, 910.8203965511321)",51.003800276083794,36.71723346439958,0.49560803401469594,77.09630862768653,374.3135974475058
"(100.0, 910.8203965511321)",50.74671840383509,37.11051203687536,0.500916491419306,78.88543650669422,377.35952084683987
"(101.0, 910.8203965511321)",50.48785563213156,37.506270249116994,0.506258425209901,80.70134475932034,380.4091548477134
"(102.0, 910.8203965511321)",50.22723814579633,37.90449166197702,0.5116336072689989,82.54426479771766,383.46206026391803
"(102.99999999999999, 910.8203965511321)",49.96489400782444,38.305158454149215,0.5170417806488267,84.41442543843223,386.51777424563556
"(104.0, 910.8203965511321)",49.70085213999006,38.70825035959467,0.5224827020997581,86.31205276498994,389.57584915261884
"(105.0, 910.8203965511321)",49.43514514476204,39.11374589640397,0.5279560691915145,88.23736999856419,392.635786304028
"(106.0, 910.8203965511321)",49.16796094804346,39.521667416931734,0.5334581180778467,90.19059737763344,395.6939372734516
"(106.99999999999999, 910.8203965511321)",48.89887431786542,39.931853396061555,0.5389988501913262,92.17195204338128,398.7591944284867
"(108.0, 910.8203965511321)",48.62838342479767,40.34441432094428,0.5445675738571712,94.18164794188694,401.8216056275898
"(109.00000000000001, 910.8203965511321)",48.35637343755378,40.759276550544946,0.5501673679549117,96.2198957254967,404.8837645246886
"(110.0, 910.8203965511321)",48.08288458555069,41.17640896455549,0.5557978905437121,98.28690267159041,407.9451523957162
"(111.0, 910.8203965511321)",47.8079588570209,41.59578758751416,0.5614585511261388,100.38287260815616,411.0050275755777
"(112.0, 910.8203965511321)",47.53163817351325,42.01737413339125,0.5671491033955881,102.50800585003991,414.0629654083487
"(113.0, 910.8203965511321)",47.253966152100176,42.4411379365644,0.572869042518727,104.6624991454865,417.11830933328775
"(114.00000000000001, 910.8203965511321)",46.974986704361875,42.86704487668191,0.5786179183989391,106.846545633138,420.1704562545743
"(115.0, 910.8203965511321)",46.694745059736036,43.295060254022324,0.5843952456162077,109.06033480960494,423.21877454514566
"(116.0, 910.8203965511321)",46.41328726886097,43.72514844899145,0.5902005207226123,111.30405250766165,426.26261982159275
"(117.0, 910.8203965511321)",46.130656537345395,44.1572717344719,0.5960333095316209,113.57788088514732,429.30141446012726
"(118.0, 910.8203965511321)",45.846901191483916,44.59139353631542,0.6018930429232661,115.8819984245549,432.33446161218194
"(119.0, 910.8203965511321)",45.562065877689555,45.02747520216699,0.6077792349114379,118.21657994329792,435.36114381428166
"(120.0, 910.8203965511321)",45.27619568396353,45.46547777265226,0.6136913753716288,120.58179661462376,438.3808252613729
"(17.0, 911.3875833381285)",72.63577374821028,9.54307954355981,0.1288121837682229,0.7860913856131257,116.61173348341445
"(18.0, 911.3875833381285)",71.93851926269923,10.035067971529426,0.1354539264600395,1.0427067333885578,122.40831995668742
"(19.0, 911.3875833381285)",71.32940054068328,10.481471299712892,0.1414783033408891,1.315800317167574,127.625768659464
"(20.0, 911.3875833381285)",70.7815880620205,10.896923268626116,0.14708472630366665,1.6049854541496968,132.44620779769912
"(21.0, 911.3875833381285)",70.27931516818053,11.289968751222133,0.15239145454945716,1.9099929791436605,136.97768650406834
"(22.0, 911.3875833381285)",69.813203693204,11.665954708010803,0.15746206782177316,2.2306314226826833,141.27834203682764
"(23.0, 911.3875833381285)",69.37505829098336,12.028911515666245,0.16236584782890173,2.5667550887779704,145.4114625806511
"(24.0, 911.3875833381285)",68.9642355852153,12.378993793169863,0.16709125868241737,2.918257019760435,149.366641427734
"(25.0, 911.3875833381285)",68.56904215652395,12.724125003950387,0.17175024124408245,3.2850485791370048,153.24598872604784
"(26.0, 911.3875833381285)",68.19422959445399,13.059989587883043,0.1762831419623786,3.667064935011213,156.99520180133325
"(27.0, 911.3875833381285)",67.83488593372252,13.389759659843895,0.18073396917211648,4.0642553325423245,160.65444005834075
"(28.0, 911.3875833381285)",67.48902138608777,13.714423878970598,0.18511769716883625,4.476581339356074,164.23738931646912
"(29.0, 911.3875833381285)",67.1558530711034,14.034505561938726,0.18943732820213913,4.904013874673547,167.74681486950593
"(30.0, 911.3875833381285)",66.83366620839813,14.35078020083115,0.19370681580029825,5.34653702930171,171.19544969905613
"(31.0, 911.3875833381285)",66.52151640750353,14.663779793729756,0.19793110580528,5.804137285571933,174.58781490174565
"(32.0, 911.3875833381285)",66.24555597352747,14.949946092851143,0.20179389738806444,6.276837325572796,177.63561514731754
"(33.0, 911.3875833381285)",65.9241268142624,15.28142692207516,0.2062686062989477,6.764560855139994,181.2260857581818
"(34.0, 911.3875833381285)",65.63753086896081,15.586787939066353,0.2103899269791424,7.267396141990958,184.47937096621496
"(35.0, 911.3875833381285)",65.35726214554711,15.890365441206127,0.21449793648751078,7.785329984348981,187.70542598201885
"(36.0, 911.3875833381285)",65.08497036481961,16.192121229915255,0.21856397523534735,8.318382906210639,190.87811028830714
"(37.0, 911.3875833381285)",64.82024858509986,16.49206443468859,0.22259607435710158,8.866581349264202,194.00471691960897
"(38.0, 911.3875833381285)",64.55815582970243,16.791537242581008,0.22664808225599556,9.429955847954243,197.13429210755888
"(39.0, 911.3875833381285)",64.30237644719615,17.089569887259138,0.23067919165036366,10.00854326573247,200.22960773888545
"(40.0, 911.3875833381285)",64.05251324475427,17.386653357837762,0.23468406307943884,10.602386056790765,203.2857550411519
"(41.0, 911.3875833381285)",63.806982861455474,17.683175353863838,0.23868107833690558,11.211532313439484,206.31943886057144
"(42.0, 911.3875833381285)",63.56512551904291,17.978950486914542,0.2426864140275381,11.836036226120507,209.34534816343393
"(43.0, 911.3875833381285)",63.3282129770219,18.27440358813529,0.2466673525395941,12.475957154713251,212.33360516476156
"(44.0, 911.3875833381285)",63.09436607223663,18.569502445815257,0.25065733671429735,13.131358958161064,215.31462539585397
"(45.0, 911.3875833381285)",62.86472345956668,18.86445183989326,0.2546319196468621,13.80231666703065,218.26605322067152
"(46.0, 911.3875833381285)",62.63797886226196,19.159333352364644,0.25861153364647266,14.488909806879109,221.2064308665467
"(47.0, 911.3875833381285)",62.414193011509795,19.454250271181017,0.2625928225277167,15.191218694358485,224.13261923111529
"(47.99999999999999, 911.3875833381285)",62.19306206883765,19.749371388176552,0.26657673782074287,15.90933583663369,227.045393019975
"(49.0, 911.3875833381285)",61.97459390002537,20.04472764974269,0.2705629127112972,16.6433580580625,229.94432109881166
"(50.0, 911.3875833381285)",61.75833305414598,20.340479491135103,0.2745551421263318,17.39339163625544,232.8327558393185
"(51.0, 911.3875833381285)",61.54410209977359,20.63674499901526,0.27855368348393117,18.159542576611724,235.71082584374227
"(52.0, 911.3875833381285)",61.33176692906175,20.933503835810832,0.28256171007961234,18.941929232549185,238.5813048607976
"(53.0, 911.3875833381285)",61.114389495235784,21.238241889631958,0.2866731287845953,19.740682711265283,241.52964733970708
"(54.0, 911.3875833381285)",60.91235263870268,21.529364084873908,0.29059348210818386,20.555908997009045,244.2873823953803
"(55.0, 911.3875833381285)",60.70353165921431,21.828476963695476,0.29464578852094037,21.38776848233843,247.1487446585187
"(56.0, 911.3875833381285)",60.49696381778919,22.128593299248237,0.29869109902568297,22.23639181569907,249.98696708992776
"(57.0, 911.3875833381285)",60.29097419142998,22.42972972559979,0.30275621981703815,23.101929042776938,252.82633047686068
"(58.0, 911.3875833381285)",60.08647750442167,22.732036063123005,0.30682350591758756,23.98453433959337,255.65059922996875
"(59.0, 911.3875833381285)",59.88112769922945,23.03544471364534,0.3109320944029437,24.88436601901085,258.4952840811509
"(59.99999999999999, 911.3875833381285)",59.676869268017846,23.340211358936894,0.31504559252320513,25.801591113482075,261.32705009757063
"(61.0, 911.3875833381285)",59.47255345389886,23.64636658752964,0.3191817300960083,26.73638086661879,264.16188477126497
"(61.99999999999999, 911.3875833381285)",59.26907107705011,23.953867802551457,0.32332839061548435,27.688911821519632,266.98856872613305
"(63.0, 911.3875833381285)",59.065209798134745,24.262912794124134,0.3274999304636787,28.659362578076525,269.8200075906207
"(64.0, 911.3875833381285)",58.86119115286263,24.573534992635523,0.3316927549459856,29.64793103548417,272.65272730550373
"(65.0, 911.3875833381285)",58.65690454915293,24.88579223871081,0.3359075925278755,30.65479878155707,275.4872101973521
"(66.0, 911.3875833381285)",58.45227572512709,25.199690022935215,0.3401460778101159,31.68016620631366,278.3247456309909
"(67.0, 911.3875833381285)",58.247056472333895,25.51541971726677,0.34440779315840364,32.724234816301106,281.1647514731544
"(68.0, 911.3875833381285)",58.041201862001586,25.832974764722955,0.3486941463169852,33.78721067067877,284.00830466531016
"(69.0, 911.3875833381285)",57.83460458208596,26.152412159258986,0.3530059066559073,34.869303937511134,286.8558962337012
"(70.0, 911.3875833381285)",57.6271625892873,26.473786503606668,0.3573438112637376,35.970728786591245,289.7079837819029
"(71.0, 911.3875833381285)",57.41877904724768,26.797150012229036,0.3617085649864652,37.09170318541081,292.5649917303061
"(72.0, 911.3875833381285)",57.20936225848336,27.12255251680854,0.36610084050277736,38.23244869238862,295.42731159149525
"(73.0, 911.3875833381285)",56.998825600484714,27.45004147018018,0.3705212783777322,39.39319024774228,298.295302228293
"(74.0, 911.3875833381285)",56.78708745791621,27.779661951854052,0.37497048713652187,40.574155962334856,301.1692901321406
"(74.99999999999999, 911.3875833381285)",56.57407115574661,28.111456673103525,0.3794490433345223,41.775576904823836,304.0495696997912
"(76.0, 911.3875833381285)",56.35970489071577,28.445465982684663,0.38395749163477266,42.997686887351875,306.93640351823325
"(77.0, 911.3875833381285)",56.14392166264885,28.781727872570368,0.38849634488478113,44.24072225009379,309.830022650143
"(78.0, 911.3875833381285)",55.92665920452198,29.120277984025403,0.39306608420037925,45.50492164485783,312.73062692670715
"(78.99999999999999, 911.3875833381285)",55.70785991179668,29.46114961397156,0.3976671590501115,46.79052581800434,315.638385241616
"(80.0, 911.3875833381285)",55.48747077125038,29.804373721415843,0.4022999873429043,48.09777739288698,318.5534358485222
"(81.0, 911.3875833381285)",55.265443287384315,30.14997893477084,0.4069649555274295,49.426920652078664,321.47588666937423
"(82.00000000000001, 911.3875833381285)",55.041733409423415,30.49799155893734,0.4116624186882241,50.77820131955549,324.4058155998339
"(83.0, 911.3875833381285)",54.816301454826295,30.848435583812552,0.4163927006588565,52.151866343133676,327.3432708299783
"(84.0, 911.3875833381285)",54.58911203339127,31.20133269255775,0.4211560941358394,53.54816367736246,330.2882711652255
"(85.0, 911.3875833381285)",54.360133967179536,31.556702271709884,0.4259528608139048,54.96734206713573,333.24080636601116
"(86.00000000000001, 911.3875833381285)",54.12934021110709,31.91456142122781,0.43078323152223696,56.40965083228804,336.200837487353
"(87.0, 911.3875833381285)",53.896707769399306,32.27492496646305,0.4356474063855959,57.875339653464046,339.1682972398278
"(88.0, 911.3875833381285)",53.66221761024617,32.63780547117774,0.4405455550016301,59.36465835953649,342.1430903637537
"(89.0, 911.3875833381285)",53.42585457828339,33.003213252008614,0.44547781663382097,60.87785671690302,345.125094015741
"(90.00000000000001, 911.3875833381285)",53.18760730461718,33.37115639433391,0.45044430042947353,62.415184220982596,348.1141581758692
"(91.0, 911.3875833381285)",52.94746811256749,33.74164077074669,0.455445085663374,63.97688989023596,351.11010607573337
"(92.0, 911.3875833381285)",52.70543292199058,34.11467006061258,0.46048022200817984,65.56322206310105,354.11273464793885
"(93.0, 911.3875833381285)",52.46150114977376,34.490245772333225,0.46554972983041404,67.17442819818436,357.12181499567527
"(94.0, 911.3875833381285)",52.215675607241494,34.86836726768695,0.47065360052167077,68.81075467812063,360.13709289071386
"(95.0, 911.3875833381285)",51.967962393538656,35.24903178900226,0.47579179686408246,70.4724466174564,363.1582892986055
"(96.0, 911.3875833381285)",51.718370786638516,35.63223448850655,0.48096425342718147,72.15974767502681,366.18510092799926
"(97.0, 911.3875833381285)",51.46684003494643,36.01803395508571,0.48617026906902133,73.87289987116758,369.2166467464954
"(98.0, 911.3875833381285)",51.213531316604744,36.4062904257282,0.49141093666726954,75.61214341023766,372.2536825848712
"(99.0, 911.3875833381285)",50.95838988954753,36.797058302627725,0.4966855052086557,77.377716508831,375.2952857623631
"(100.0, 911.3875833381285)",50.701436474706206,37.19032476286722,0.5019938018946125,79.16985523014209,378.341062729308
"(101.0, 911.3875833381285)",50.442694637534665,37.586075016204155,0.5073356261664763,80.9887933248599,381.39059694834117
"(102.0, 911.3875833381285)",50.18219031980146,37.98429247354018,0.5127107521734245,82.83476207902727,384.44345129578426
"(102.99999999999999, 911.3875833381285)",49.91995176331977,38.38495889747611,0.5181189260119456,84.70799016926603,387.4991656905077
"(104.0, 911.3875833381285)",49.656009018501344,38.788053839347654,0.5235598876460392,86.6087035257488,390.5572772087569
"(105.0, 911.3875833381285)",49.390394989590895,39.19355568889422,0.529033328563227,88.53712520331344,393.6172816212522
"(106.0, 911.3875833381285)",49.12330176622789,39.60148610711188,0.5345354318070732,90.49347526155199,396.6754801416994
"(106.99999999999999, 911.3875833381285)",48.85429047329903,40.01168394300055,0.5400763999214261,92.47797065071819,399.74095429162696
"(108.0, 911.3875833381285)",48.58387447679983,40.42425939036019,0.5456453056408478,94.49082511435473,402.80353135345206
"(109.00000000000001, 911.3875833381285)",48.31193407192419,40.83913785953875,0.5512453247813976,96.53224909123455,405.8658952877252
"(110.0, 911.3875833381285)",48.03850986623579,41.25629072681461,0.5568760395714102,98.60244963461597,408.92745828927957
"(111.0, 911.3875833381285)",47.763643751212754,41.675687336111295,0.5625370323818263,100.7016303383844,411.9876361422908
"(112.0, 911.3875833381285)",47.487376927833836,42.09729687556424,0.5682278661717565,102.82999127384534,415.04583046181324
"(113.0, 911.3875833381285)",47.209757392106404,42.52108238863231,0.5739481334536914,104.9877289368462,418.10147337294336
"(114.00000000000001, 911.3875833381285)",46.930825387533496,42.947013775523274,0.5796973275681688,107.17503620536064,421.1539102345642
"(115.0, 911.3875833381285)",46.65062702880927,43.37505430805649,0.5854749997641605,109.39210230763678,424.2025428323129
"(116.0, 911.3875833381285)",46.36920832514899,43.80516825840343,0.591280646157059,111.63911280100363,427.24672637468547
"(117.0, 911.3875833381285)",46.08726650697621,44.237458381825064,0.5971003411781682,113.91624956517731,430.27358739156546
"(118.0, 911.3875833381285)",45.80294809981296,44.67147679617074,0.6029728058414248,116.22369078341977,433.3182375510069
"(119.0, 911.3875833381285)",45.51806404616287,45.107565540347345,0.6088610961035762,118.56161099144376,436.34683197499857
"(120.0, 911.3875833381285)",45.232245284200054,45.54560679011061,0.6147729581439412,120.93018106092802,439.3662595635108
"(17.0, 911.9684732588696)",72.20768351453444,9.834288527548678,0.13274310172780684,0.8620702341583073,120.19545358419651
"(18.0, 911.9684732588696)",71.57076359855789,10.292798574075727,0.13894304667987575,1.12240124844061,125.58927690214153
"(19.0, 911.9684732588696)",71.01141041032875,10.712290525334154,0.14458849260915035,1.3988972806846236,130.46124957488357
"(20.0, 911.9684732588696)",70.49561676862012,11.109804597172605,0.14995983989192352,1.69126546591244,135.06738077046955
"(21.0, 911.9684732588696)",70.01992997008,11.488151245197264,0.15506667177191877,1.9992964691365211,139.41661944003448
"(22.0, 911.9684732588696)",69.57502335581857,11.85223216360182,0.1599810162560182,2.322835918417142,143.5748072269862
"(23.0, 911.9684732588696)",69.15500055228642,12.20513641792703,0.16474828926377938,2.6617646326405544,147.58348119925896
"(24.0, 911.9684732588696)",68.7575154257413,12.548458969766989,0.16937886928147244,3.0159917958822113,151.45219702505585
"(25.0, 911.9684732588696)",68.37804845654345,12.884316969922198,0.17391148490859726,3.3854455521406415,155.21634582213574
"(26.0, 911.9684732588696)",68.01440791697713,13.213917555714817,0.17836050376223475,3.770070912523445,158.88908539320465
"(27.0, 911.9684732588696)",67.66488348331863,13.538167999851408,0.1827377544448591,4.169824588332402,162.48124633949996
"(28.0, 911.9684732588696)",67.32807331253018,13.857814753012327,0.1870525832068398,4.584676744915831,166.00138198135352
"(29.0, 911.9684732588696)",67.00269402350168,14.173514215765461,0.19131371256074134,5.014602670692871,169.45747168681262
"(30.0, 911.9684732588696)",66.68759592242316,14.485833125414347,0.19552926061390102,5.459589555597629,172.8569317238973
"(31.0, 911.9684732588696)",66.3819379865519,14.79518618317475,0.1997050666544637,5.9196292790446154,176.20509545988745
"(32.0, 911.9684732588696)",66.08626298551808,15.10176868561986,0.20382627026601471,6.394721833340654,179.4884106712065
"(33.0, 911.9684732588696)",65.79583790560979,15.406538807941095,0.20795702270268912,6.884871045428942,182.76537745220253
"(34.0, 911.9684732588696)",65.51418696618319,15.709133203685099,0.21204084807145387,7.390089034116581,185.98447945012313
"(35.0, 911.9684732588696)",65.23924265860822,16.010055926291628,0.21610327208807498,7.910392698697483,189.16897841371033
"(36.0, 911.9684732588696)",64.96981028153495,16.309667979850204,0.22015684018192494,8.445802698635589,192.33029471957147
"(37.0, 911.9684732588696)",64.70808098697782,16.607660241541875,0.22416969704838333,8.996346981218023,195.43934938689947
"(38.0, 911.9684732588696)",64.45097409360487,16.904740671586175,0.2281795510344731,9.562058570550327,198.5304982152524
"(39.0, 911.9684732588696)",64.19873274312029,17.20097875750879,0.23218004444632356,10.14297561192929,201.59790504296092
"(40.0, 911.9684732588696)",63.95312231158246,17.496081922357007,0.23614752208001802,10.739141658867673,204.61995351631157
"(41.0, 911.9684732588696)",63.708817938020196,17.791193345613234,0.24014669737313085,11.350605616417463,207.65561134511648
"(42.0, 911.9684732588696)",63.470237755608444,18.085486720694366,0.2441208737591445,11.977422911488647,210.6531176212596
"(43.0, 911.9684732588696)",63.235495292841726,18.379420495259037,0.24809159793040855,12.619654421127992,213.63206137182004
"(44.0, 911.9684732588696)",63.004926114417884,18.673142947761136,0.2520494750868507,13.27736697142681,216.5838080092279
"(45.0, 911.9684732588696)",62.77814321845756,18.966701121473786,0.25600032891513436,13.950632890209285,219.51359622429428
"(46.0, 911.9684732588696)",62.55250544661699,19.26049078008522,0.25997901886248537,14.639531794032214,222.45313711732746
"(47.0, 911.9684732588696)",62.33093913571806,19.5542534188281,0.26394268179211755,15.344134187773555,225.36327035403554
"(47.99999999999999, 911.9684732588696)",62.111784442882445,19.84829207759805,0.267911957866593,16.06457579396183,228.26268338942958
"(49.0, 911.9684732588696)",61.89450920040262,20.142699524102294,0.27189361789130806,16.800910789335404,231.15749680783128
"(50.0, 911.9684732588696)",61.68064697508585,20.43753447495249,0.27586106578808356,17.553257636194875,234.02333736212827
"(51.0, 911.9684732588696)",61.46803870097364,20.732781601181728,0.27985076832890843,18.321728773535746,236.89334915970048
"(52.0, 911.9684732588696)",61.25729066176231,21.02874730675008,0.2838453664728945,19.106439868773844,239.75158563511607
"(53.0, 911.9684732588696)",61.04752093332063,21.32548399059892,0.28785828237785527,19.90751565355069,242.6101626415025
"(54.0, 911.9684732588696)",60.83974740708157,21.622855426264127,0.29187677871885337,20.72508564123942,245.4573346267102
"(55.0, 911.9684732588696)",60.63369933688918,21.921339911788344,0.29589394651229955,21.559285848819115,248.28666479854434
"(56.0, 911.9684732588696)",60.428036906219184,22.220782309311744,0.2999355079807076,22.410259176199748,251.1214681130897
"(57.0, 911.9684732588696)",60.22327671393694,22.521183067309124,0.3039937034582278,23.27813751571143,253.95453610739813
"(58.0, 911.9684732588696)",60.019247240135435,22.82291160048407,0.3080625143802084,24.16312719505047,256.78017371255675
"(59.0, 911.9684732588696)",59.81600182119039,23.125869438488746,0.3121441178429845,25.065336997990578,259.60025758801265
"(59.99999999999999, 911.9684732588696)",59.612502441927056,23.429981012076013,0.3162571749959349,25.98494924121287,262.43162379699305
"(61.0, 911.9684732588696)",59.40954798276014,23.73556097776378,0.32038187925020767,26.922135126395506,265.25603815322387
"(61.99999999999999, 911.9684732588696)",59.20667414530651,24.042605840573387,0.32452606159828484,27.877078336487937,268.0804585920137
"(63.0, 911.9684732588696)",59.00373369544651,24.351179668285994,0.32869101234985226,28.849953379897293,270.9058873267097
"(64.0, 911.9684732588696)",58.80145092499489,24.661406363445977,0.33286321810527714,29.84095224064836,273.71980857885535
"(65.0, 911.9684732588696)",58.59694476537212,24.973120235791274,0.3370913201830825,30.85026724712189,276.5663893690607
"(66.0, 911.9684732588696)",58.39328395313173,25.286672607770075,0.341320251418899,31.8780943302507,279.3952142485761
"(67.0, 911.9684732588696)",58.18881989552706,25.60202157706506,0.34557682761121,32.92463703092639,282.2305348393124
"(68.0, 911.9684732588696)",57.98368528422168,25.9192167381899,0.34985832288071556,33.99010136980036,285.06965920463443
"(69.0, 911.9684732588696)",57.77777441296092,26.238314162831706,0.3541654941501273,35.07469795823221,287.9130670228325
"(70.0, 911.9684732588696)",57.57098675220069,26.55936758175408,0.35849906674008025,36.17864139075367,290.7612051689269
"(71.0, 911.9684732588696)",57.363226894281546,26.882428383809437,0.3628597343542861,37.302150041049764,293.61448790514754
"(72.0, 911.9684732588696)",57.15440449238936,27.207545617584127,0.3672481591022365,38.44544585521331,296.47329710838375
"(73.0, 911.9684732588696)",56.94443420267743,27.534765991950955,0.3716649715079012,39.60875414263485,299.337982487227
"(74.0, 911.9684732588696)",56.733235621618526,27.86413387865003,0.3761107705441513,40.79230336488213,302.2088618244846
"(74.99999999999999, 911.9684732588696)",56.52073322430137,28.195691314526478,0.3805861236640925,41.99632492287592,305.0862212185779
"(76.0, 911.9684732588696)",56.306856300495554,28.529478004698717,0.38509156684374407,43.2210529426151,307.9703153367401
"(77.0, 911.9684732588696)",56.09153888969516,28.86553132612449,0.38962760462997753,44.46672405976727,310.8613676741438
"(78.0, 911.9684732588696)",55.874719715600264,29.203886331313598,0.3941947101924703,45.73357720330235,313.7595708176474
"(78.99999999999999, 911.9684732588696)",55.65634211867771,29.54457575286742,0.39879332538263995,47.02185337844892,316.6650867165848
"(80.0, 911.9684732588696)",55.43635398745366,29.887630008344214,0.403423860802448,48.33179544919706,319.5780469630102
"(81.0, 911.9684732588696)",55.21470768896792,30.233077205593332,0.4080866958739088,49.66364792055541,322.4985530728298
"(82.00000000000001, 911.9684732588696)",54.99135999737645,30.58094314869647,0.4127821789219361,51.01765672079172,325.4266767791159
"(83.0, 911.9684732588696)",54.76627202061087,30.931251344843766,0.41751062726523697,52.39406898394421,328.36246033248693
"(84.0, 911.9684732588696)",54.539409125949085,31.284023011666697,0.42227232731670783,53.79313283275427,331.30591680973345
"(85.0, 911.9684732588696)",54.31074086300302,31.63927708579339,0.4270675346986215,55.21509716236292,334.25703043516825
"(86.00000000000001, 911.9684732588696)",54.080240885149856,31.99703023225932,0.43189647436959805,56.66021142498355,337.2157569117473
"(87.0, 911.9684732588696)",53.84788686793991,32.35729685539067,0.4367593407726056,58.128725415853815,340.18202377008964
"(88.0, 911.9684732588696)",53.61366042605882,32.72008911075398,0.4416562979946994,59.620889060765876,343.15573072662454
"(89.0, 911.9684732588696)",53.37754702594524,33.08541691922383,0.446587479958272,61.13695220545945,346.1367500686119
"(90.00000000000001, 911.9684732588696)",53.13953589802297,33.4532879818951,0.45155299062215065,62.6771644072388,349.1249270459206
"(91.0, 911.9684732588696)",52.89961994348678,33.82370779781983,0.45655290422087774,64.24177472915692,352.1200802950599
"(92.0, 911.9684732588696)",52.657795639370875,34.19667968325277,0.46158726552529733,65.8310315370749,355.12200227976695
"(93.0, 911.9684732588696)",52.414062940457995,34.57220479314571,0.4666560901313916,67.44518230004768,358.130459754031
"(94.0, 911.9684732588696)",52.16842517676555,34.95028214536298,0.47175936478836933,69.08447339435212,361.1451942572712
"(95.0, 911.9684732588696)",51.92088894882051,35.33090864702414,0.47689704775330666,70.74914991160655,364.16592262963877
"(96.0, 911.9684732588696)",51.671464018506406,35.714079123778895,0.48206906918869047,72.43945547135192,367.1923375619825
"(97.0, 911.9684732588696)",51.4201630905306,36.099786412823974,0.48727533158337033,74.15563203853536,370.2241081622603
"(98.0, 911.9684732588696)",51.166444605924866,36.487906121410816,0.4925268246115153,75.89791975428396,373.2710165257187
"(99.0, 911.9684732588696)",50.91192282959724,36.8788397775671,0.4977894374925168,77.66655672446348,376.3017165899786
"(100.0, 911.9684732588696)",50.6550985119032,37.272095646861366,0.5030975427211924,79.46177893428195,379.34731900145283
"(101.0, 911.9684732588696)",50.39647854148705,37.667837803506835,0.5084392663030798,81.28382000960951,382.39676142567
"(102.0, 911.9684732588696)",50.13608822520691,38.06605163864347,0.5138143353622835,83.13291110516121,385.4495638537012
"(102.99999999999999, 911.9684732588696)",49.87395626132498,38.466717873705186,0.5192225110233512,85.00928075212765,388.5052799074745
"(104.0, 911.9684732588696)",49.61011360067526,38.86981638532114,0.5246635064572419,86.91315472156458,391.56342223689137
"(105.0, 911.9684732588696)",49.34459250180396,39.27532459035395,0.5301370428653902,88.84475589593735,394.62351370398443
"(106.0, 911.9684732588696)",49.0774273450243,39.68321918888217,0.5356427924529646,90.80430414917574,397.68503549627206
"(106.99999999999999, 911.9684732588696)",48.80889208563081,40.0935108275216,0.5411759688679589,92.79201623565432,400.74340585724775
"(108.0, 911.9684732588696)",48.53831453135897,40.50606440466648,0.5467495204428466,94.80810568795022,403.8102197253317
"(109.00000000000001, 911.9684732588696)",48.26644397518346,40.92096003949628,0.5523497600907128,96.85278272498961,406.8727846898406
"(110.0, 911.9684732588696)",47.99308440004241,41.33813178989315,0.5579807324666153,98.92625416869791,409.93458252674696
"(111.0, 911.9684732588696)",47.71828273431681,41.75755399870301,0.5636418084293874,101.02872337151747,412.99483612669917
"(112.0, 911.9684732588696)",47.44206828460403,42.179179726701136,0.5693331497403481,103.16039015367949,416.05349319068915
"(113.0, 911.9684732588696)",47.1644987164241,42.60299044062034,0.5750537132070072,105.32145075098285,419.1094061242554
"(114.00000000000001, 911.9684732588696)",46.88561357220258,43.02894657226283,0.5808032492975063,107.5120977728963,422.1621547527412
"(115.0, 911.9684732588696)",46.605457251821235,43.457011652676954,0.5865813239273671,109.73252017135553,425.2111542528518
"(116.0, 911.9684732588696)",46.324077116255694,43.88715113980319,0.592387377462961,111.98290322017961,428.2557089825426
"(117.0, 911.9684732588696)",46.04152226731147,44.31933115450051,0.5982207768248189,114.26342850516578,431.29506000749933
"(118.0, 911.9684732588696)",45.75782935077377,44.75350527249327,0.6040813835425545,116.57427392491718,434.32890314849186
"(119.0, 911.9684732588696)",45.473044479946196,45.189636681332196,0.609968634022102,118.91561370234193,437.3565502025926
"(120.0, 911.9684732588696)",45.18724460862467,45.627703851914035,0.6158810644254328,121.28761840673484,440.37649562637455
"(17.0, 912.5608627989162)",71.8046439141239,10.114058390950085,0.13651832845224193,0.9418353968684239,123.63944820337531
"(18.0, 912.5608627989162)",71.2246796616085,10.541378692987738,0.14228662282495935,1.2056967739637328,128.63950651592515
"(19.0, 912.5608627989162)",70.70006557919557,10.940997521477232,0.14768074275708,1.4854757560868823,133.28219027309885
"(20.0, 912.5608627989162)",70.21617718102706,11.32092026565506,0.15280950504649055,1.780946770620541,137.66702699848022
"(21.0, 912.5608627989162)",69.76495660758026,11.685612133036749,0.1577320586412673,2.091949024286565,141.84815450043754
"(22.0, 912.5608627989162)",69.34028433181449,12.03839061897763,0.16249372227551748,2.418353633805986,145.8670577653477
"(23.0, 912.5608627989162)",68.93774278925784,12.381626515006005,0.1671269939299235,2.760064451411261,149.75348932626895
"(24.0, 912.5608627989162)",68.55386003289316,12.71720900502748,0.17165586392022023,3.117005455280474,153.52941782824905
"(25.0, 912.5608627989162)",68.18721686491644,13.0458987047502,0.17609139664391982,3.4891168005490347,157.20500005229263
"(26.0, 912.5608627989162)",67.83433322809792,13.369443040058217,0.18045885400660885,3.8763525768826725,160.80333493509195
"(27.0, 912.5608627989162)",67.49476476717176,13.68810872685563,0.18476116977326904,4.278677373588504,164.32713512644293
"(28.0, 912.5608627989162)",67.1665552261267,14.002914730435089,0.1890108003259806,4.696064920265731,167.78779410352482
"(29.0, 912.5608627989162)",66.84889613797039,14.314266557391797,0.19321351054102334,5.128497289932335,171.19059059379143
"(30.0, 912.5608627989162)",66.54080670893849,14.622642941911252,0.19737593875306544,5.575965800421256,174.5415911638222
"(31.0, 912.5608627989162)",66.24148895167195,14.928433286191552,0.20150349709078927,6.038465734026235,177.8457394281433
"(32.0, 912.5608627989162)",65.95026433309968,15.231967312154138,0.20560050793214443,6.515997685621589,181.10697922483155
"(33.0, 912.5608627989162)",65.66648282114232,15.533545917388404,0.20967132720157305,7.008571057659115,184.32927619760227
"(34.0, 912.5608627989162)",65.38964588137499,15.833410683947097,0.21371897594943104,7.516197696199878,187.51537539271376
"(35.0, 912.5608627989162)",65.11928586134478,16.131784005411948,0.21774623422482128,8.038896880260346,190.66779449515747
"(36.0, 912.5608627989162)",64.8549163230917,16.428878245215795,0.22175649091986316,8.576691845924355,193.78960283916598
"(37.0, 912.5608627989162)",64.59549688571293,16.724892296037886,0.22576332020573797,9.129611444959759,196.8931588303365
"(38.0, 912.5608627989162)",64.34266539869735,17.019925835756442,0.22973444543503607,9.697691341204697,199.94897239962233
"(39.0, 912.5608627989162)",64.09406618283963,17.31420130860955,0.23370650847899177,10.28096873074543,202.99044428856553
"(40.0, 912.5608627989162)",63.850086506784294,17.60785039181289,0.2376690670423479,10.879489715431788,206.00799916534663
"(41.0, 912.5608627989162)",63.60933597161797,17.9009789638555,0.24164378800750097,11.493304296884123,209.02135937723935
"(42.0, 912.5608627989162)",63.37455054228947,18.193740870794628,0.24557878012793272,12.122468766352364,211.98311471229928
"(43.0, 912.5608627989162)",63.142766120342884,18.48624712366048,0.24952315144666481,12.767044802304897,214.93801757016817
"(44.0, 912.5608627989162)",62.91393963769174,18.778649902397827,0.25347367002409915,13.427100335099542,217.88305067890016
"(45.0, 912.5608627989162)",62.688609689818186,19.07101108221305,0.2574194439341605,14.102709033290305,220.80820082448446
"(46.0, 912.5608627989162)",62.46630691882527,19.36347897261586,0.2613650265055943,14.793951018204506,223.71754307520223
"(47.0, 912.5608627989162)",62.24766998811272,19.656144433969175,0.26529755690047,15.500912808147051,226.59925461539044
"(47.99999999999999, 912.5608627989162)",62.029379954391025,19.94905454952214,0.2692717497351285,16.223686347982742,229.50317391767996
"(49.0, 912.5608627989162)",61.814560801432975,20.242391412679893,0.2732307942023767,16.96237124497403,232.37735805557998
"(50.0, 912.5608627989162)",61.60177508207907,20.536225589622685,0.277197336576442,17.717072110922597,235.24236852083692
"(51.0, 912.5608627989162)",61.39089626724664,20.83064834735856,0.28117138845816914,18.4878996968486,238.09810514890745
"(52.0, 912.5608627989162)",61.181701979958014,21.125750691650193,0.2851547202664576,19.274974793770166,240.94606276377198
"(53.0, 912.5608627989162)",60.97371444657475,21.42150556979648,0.2891560849492493,20.07842004340313,243.79410632144055
"(54.0, 912.5608627989162)",60.76762899157636,21.718365967916935,0.29315332107132575,20.898365330647795,246.62188227856893
"(55.0, 912.5608627989162)",60.562351452553735,22.016040794086923,0.2971717996237948,21.734949683937998,249.45240418025887
"(56.0, 912.5608627989162)",60.35804609619097,22.314748962482007,0.30120387948418464,22.58831378735496,252.27855835311334
"(57.0, 912.5608627989162)",60.15452898329627,22.614574011621176,0.3052507583943975,23.45860901029421,255.10128644012067
"(58.0, 912.5608627989162)",59.9518304299753,22.91551849299015,0.3093125056960827,24.34599185810094,257.92049521441095
"(59.0, 912.5608627989162)",59.74921334530222,23.217867792577227,0.31339408954264675,25.25061940869412,260.74056134042445
"(59.99999999999999, 912.5608627989162)",59.54709337184988,23.52149968378892,0.31749248373479,26.172663263783715,263.5585516254071
"(61.0, 912.5608627989162)",59.345100300182956,23.82653887422814,0.3216109149339421,27.112291687427064,266.37724233024
"(61.99999999999999, 912.5608627989162)",59.14324337511252,24.133089421230824,0.32574717105886297,28.069684742494974,269.19443473328715
"(63.0, 912.5608627989162)",58.94144591313549,24.441096602505052,0.32990442650484136,29.04502588587148,272.01284220656817
"(64.0, 912.5608627989162)",58.739049765579935,24.750903330262947,0.3340848177452022,30.038504384994567,274.83422514458584
"(65.0, 912.5608627989162)",58.53590635614779,25.062178693716916,0.3382992339404218,31.05030984436767,277.66833096451603
"(66.0, 912.5608627989162)",58.33322443580022,25.37544403661084,0.3425169407499773,32.080643155330534,280.48691181871396
"(67.0, 912.5608627989162)",58.12959963601667,25.69033437348587,0.34676894738481556,33.1297058610756,283.3180639562837
"(68.0, 912.5608627989162)",57.92519175442512,26.007164979964383,0.35104552167664016,34.197705051319026,286.15269909161134
"(69.0, 912.5608627989162)",57.71997375292912,26.325918000982814,0.35534804396250946,35.28485178214118,288.99186581019364
"(70.0, 912.5608627989162)",57.51384661760198,26.646646290350688,0.35967722772559074,36.39136107423232,291.8360001881551
"(71.0, 912.5608627989162)",57.30671637185943,26.96940040617409,0.3640337554571013,37.517451708891365,294.68550625897063
"(72.0, 912.5608627989162)",57.098494022905065,27.294228608480122,0.36841827862393994,38.66334602127218,297.540756190682
"(73.0, 912.5608627989162)",56.88909550925155,27.621176856687054,0.3728314176343347,39.829269691279414,300.4020904636521
"(74.0, 912.5608627989162)",56.67844164313754,27.95028880925649,0.3772737618337516,41.015451532443684,303.26981807795755
"(74.99999999999999, 912.5608627989162)",56.46645805484799,28.281605822718138,0.38174586949370143,42.22212327911074,306.1442167559839
"(76.0, 912.5608627989162)",56.25307513173443,28.615166952964085,0.38624826782713684,43.449519372185954,309.0255331707329
"(77.0, 912.5608627989162)",56.03822795885924,28.951008955887502,0.39078145299846384,44.69787674373011,311.9139831703622
"(78.0, 912.5608627989162)",55.82185625580984,29.289166289567355,0.39534589015365496,45.967434600631684,314.8097520219933
"(78.99999999999999, 912.5608627989162)",55.60390431383208,29.6296711163924,0.39994201344829766,47.25843420758453,317.71299465432975
"(80.0, 912.5608627989162)",55.3843209290478,29.972553306666967,0.40457022609783067,48.571118669616915,320.6238359209721
"(81.0, 912.5608627989162)",55.16305933699911,30.317840441848983,0.4092309004191516,49.90573271439292,323.5423708560854
"(82.00000000000001, 912.5608627989162)",54.940077142843265,30.665557819393282,0.41392437789914766,51.262522474497224,326.46866495465366
"(83.0, 912.5608627989162)",54.71533625123093,31.015728457978003,0.41865096926263096,52.64173526998009,329.40275445192896
"(84.0, 912.5608627989162)",54.48880279323298,31.36837310389675,0.4234109545608585,54.04361939136741,332.34464662120234
"(85.0, 912.5608627989162)",54.2604470521108,31.72351023821552,0.42820458326669514,55.468423883399424,335.2943200769063
"(86.00000000000001, 912.5608627989162)",54.030243385884525,32.081156085365215,0.4330320743924222,56.91639832978588,338.2517250973674
"(87.0, 912.5608627989162)",53.798170148094,32.44132462291184,0.43789361661936194,58.387792639244516,341.2167839570583
"(88.0, 912.5608627989162)",53.56420960547608,32.80402759283864,0.4427893684531456,59.882856833111425,344.1893912806783
"(89.0, 912.5608627989162)",53.32834785336187,33.169274514402964,0.4477194583950769,61.40184083485024,347.16941441002456
"(90.00000000000001, 912.5608627989162)",53.09057472713539,33.53707269908611,0.4526839851448408,62.94499426179535,350.1566937972324
"(91.0, 912.5608627989162)",52.850883712219755,33.90742726690647,0.4576830178211535,64.51256621945095,353.15104341183263
"(92.0, 912.5608627989162)",52.60927184908698,34.28034116555805,0.46271659621908334,66.10480509872684,356.1522511783376
"(93.0, 912.5608627989162)",52.365739636006325,34.655815191350236,0.46778473109466273,67.7219583764796,359.1600794354248
"(94.0, 912.5608627989162)",52.12029092809554,35.03384801279606,0.4728874044808948,69.36427241973932,362.1742654200861
"(95.0, 912.5608627989162)",51.87293283277187,35.414436196700166,0.4780245700419684,71.03199229403569,365.194521782544
"(96.0, 912.5608627989162)",51.62367560195287,35.79757423691426,0.483196153460718,72.72536157620728,368.220537127023
"(97.0, 912.5608627989162)",51.372532520060496,36.18325458611157,0.48840205286843147,74.44462217214642,371.25197658623125
"(98.0, 912.5608627989162)",51.119520250381925,36.57146664877093,0.49364215935996364,76.19001413986008,374.2885007195884
"(99.0, 912.5608627989162)",50.86457520891474,36.96227432162574,0.49891558298462024,77.96177551827431,377.32905935399504
"(100.0, 912.5608627989162)",50.607882354900866,37.3555163916253,0.5042235561474835,79.76014216226704,380.3745412792183
"(101.0, 912.5608627989162)",50.349384692101545,37.751251158617535,0.50956516667287,81.58534758423475,383.42388056703305
"(102.0, 912.5608627989162)",50.08910897106829,38.14946120380903,0.5149401876059873,83.4376228027103,386.47663908884516
"(102.99999999999999, 912.5608627989162)",49.827084420342466,38.55012755127035,0.5203483591552972,85.31719619836807,389.5323513883903
"(104.0, 912.5608627989162)",49.563340926728976,38.953229340123464,0.5257894240746269,87.22429337784847,392.59055710623835
"(105.0, 912.5608627989162)",49.297913038930936,39.35874483173735,0.5312630426757226,89.15913704574533,395.65072355158946
"(106.0, 912.5608627989162)",49.03083538915888,39.7666492223865,0.536768917560859,91.1219468851333,398.71235964784444
"(106.99999999999999, 912.5608627989162)",48.762344046333524,40.17696552947414,0.5423024851907826,93.1129394475077,401.77108433618935
"(108.0, 912.5608627989162)",48.49187822603202,40.58952211600708,0.5478760236070065,95.13232804871136,404.8378887609379
"(109.00000000000001, 912.5608627989162)",48.22008876855791,41.004417537034534,0.5534767926331357,97.18032268232193,407.9009367421492
"(110.0, 912.5608627989162)",47.94678238312273,41.42162635171905,0.5591077278775307,99.25712993210242,410.9627006173587
"(111.0, 912.5608627989162)",47.67203587263927,41.84106484973859,0.5647692874138389,101.36295290253884,414.02339530216307
"(112.0, 912.5608627989162)",47.395880840791015,42.2627180712486,0.5704607485714407,103.49799115615276,417.08216175311674
"(113.0, 912.5608627989162)",47.118361833229564,42.68655284003924,0.5761816457353205,105.6624406618585,420.138379099265
"(114.00000000000001, 912.5608627989162)",46.839524049266565,43.11253468463276,0.5819315061342532,107.85649375374248,423.1914235740044
"(115.0, 912.5608627989162)",46.55941184769239,43.54062750741446,0.58770988197969,110.08033910043254,426.2406978744026
"(116.0, 912.5608627989162)",46.27807167415098,43.97079512399485,0.5935162668713025,112.33416168514417,429.28555489612353
"(117.0, 912.5608627989162)",45.99555033203177,44.40300052293904,0.5993501421934914,114.61814279642095,432.3253400823246
"(118.0, 912.5608627989162)",45.71189448176926,44.83720568462216,0.6052109905950136,116.9324600295718,435.35940372320056
"(119.0, 912.5608627989162)",45.42714944744306,45.27337153718444,0.6110983162472291,119.2772872988106,438.38711943072576
"(120.0, 912.5608627989162)",45.141352966960476,45.71145628293499,0.6170117849173584,121.65279485998855,441.40801194129534
"(17.0, 913.1625048218343)",71.42277493899252,10.384019932206018,0.14016335276973899,1.0250773362945833,126.96684096314667
"(18.0, 913.1625048218343)",70.88909858719326,10.785528381811234,0.14558218698239997,1.2922997557662559,131.64789476652274
"(19.0, 913.1625048218343)",70.39972560515274,11.165463192474766,0.1507093106495937,1.5752436144557833,136.04684799829914
"(20.0, 913.1625048218343)",69.94343481849403,11.529877867851992,0.15562988055013824,1.8737365021063874,140.2416350461807
"(21.0, 913.1625048218343)",69.51495672869416,11.881757844839138,0.16038134628264264,2.187646889849952,144.26658500830595
"(22.0, 913.1625048218343)",69.1088952196538,12.224100508613445,0.16500031663792603,2.516871925978111,148.1552305115062
"(23.0, 913.1625048218343)",68.72283626648397,12.558191000442903,0.1695057862942598,2.861334361487121,151.92499403277372
"(24.0, 913.1625048218343)",68.35259513760793,12.885967499097417,0.1739337363024073,3.2209671858763107,155.60879912905037
"(25.0, 913.1625048218343)",67.99732627872737,13.208150691176446,0.17828350798837309,3.5957219499153967,159.2060927731709
"(26.0, 913.1625048218343)",67.65527462228647,13.525611561499552,0.18256832455369001,3.9855601498350315,162.72898840073816
"(27.0, 913.1625048218343)",67.32492024665454,13.83908543033142,0.18679959707326313,4.39045167752529,166.18793628560505
"(28.0, 913.1625048218343)",67.00516530753143,14.149133199500083,0.19098446887721937,4.810374134680512,169.5894818473088
"(29.0, 913.1625048218343)",66.69504505152727,14.45622524938162,0.19512960245452124,5.24531992993308,172.93971661232627
"(30.0, 913.1625048218343)",66.39462595835984,14.760515504153775,0.19922978138649913,5.695276418210996,176.233889787791
"(31.0, 913.1625048218343)",66.1007248199698,15.063001675690106,0.20331972502932324,6.160245626372561,179.50370376109086
"(32.0, 913.1625048218343)",65.81478081320743,15.363669753625368,0.20737638067623876,6.640229702675252,182.72810551652518
"(33.0, 913.1625048218343)",65.54786435097326,15.651641386720794,0.21126535930141405,7.135245156418393,185.78435952534568
"(34.0, 913.1625048218343)",65.26478937818453,15.959077630237283,0.2154123552164407,7.645290338664971,189.06119552035076
"(35.0, 913.1625048218343)",64.99868842514095,16.254954518181258,0.21940886751797092,8.17040238656114,192.1855486562712
"(36.0, 913.1625048218343)",64.73845968407231,16.549717044979822,0.2233875199802124,8.710600797457744,195.27850649361056
"(37.0, 913.1625048218343)",64.48350816726754,16.843471144083544,0.2273562100061588,9.265915183803216,198.34725103221973
"(38.0, 913.1625048218343)",64.23363081692925,17.136579758366267,0.23130898410755202,9.836382908668122,201.38630840677794
"(39.0, 913.1625048218343)",63.98831815183861,17.42892712675632,0.23525791360681422,10.422043308744733,204.40666235961243
"(40.0, 913.1625048218343)",63.74678836843535,17.721018441173243,0.23920356463044004,11.022941444071973,207.4087847961722
"(41.0, 913.1625048218343)",63.5104296003946,18.012353454626346,0.2431340816831954,11.639127325872483,210.3817997115107
"(42.0, 913.1625048218343)",63.27801010077073,18.303540877314106,0.24705571288654604,12.270664040040192,213.3313495699821
"(43.0, 913.1625048218343)",63.048269572605676,18.59461711726809,0.2509894924138119,12.917607114412156,216.27658646214513
"(44.0, 913.1625048218343)",62.822076240014624,18.885648901812562,0.254918321468275,13.580035363737293,219.20181759321028
"(45.0, 913.1625048218343)",62.599136505431176,19.176704523153532,0.2588457587571564,14.258011370524452,222.11023005866875
"(46.0, 913.1625048218343)",62.37877371963996,19.467945824496326,0.26277923362544264,14.9516240774208,225.00851911515036
"(47.0, 913.1625048218343)",62.16124468936689,19.759434972227016,0.2667129961891678,15.6609554740452,227.8913521945916
"(47.99999999999999, 913.1625048218343)",61.94492031237803,20.05123017120438,0.27067302614135846,16.386107627893857,230.7823509110549
"(49.0, 913.1625048218343)",61.73291311934395,20.343662085070704,0.2745991235039065,17.127168123928353,233.62645531677913
"(50.0, 913.1625048218343)",61.52229384773978,20.636469519558798,0.278547158520522,17.884252018754488,236.47456896684992
"(51.0, 913.1625048218343)",61.31293158038734,20.929962620341666,0.28251157658944914,18.657461743065575,239.32151717652127
"(52.0, 913.1625048218343)",61.1053047844775,21.22419132776801,0.286483495622485,19.446932902667864,242.15905355007553
"(53.0, 913.1625048218343)",60.899116640026584,21.51924434657468,0.29046589683224106,20.252779364995927,244.98978655165382
"(54.0, 913.1625048218343)",60.69659831928655,21.812521795931907,0.29442473250756673,21.07513321368505,247.78249300442312
"(55.0, 913.1625048218343)",60.49025879650872,22.11213221026429,0.2984688728963895,21.91413007764645,250.63645350777028
"(56.0, 913.1625048218343)",60.28725133152207,22.41013929874498,0.3024914059927248,22.76991694376706,253.45389303962796
"(57.0, 913.1625048218343)",60.084958575143645,22.70929775879189,0.30652947378227113,23.642641343518545,256.26858073721894
"(58.0, 913.1625048218343)",59.8837898031033,23.009657422186706,0.31057592945017876,24.532457555886506,259.073836118208
"(59.0, 913.1625048218343)",59.681960913079074,23.311357734798513,0.3146559030089455,25.439551055966227,261.8924214926586
"(59.99999999999999, 913.1625048218343)",59.48090651567581,23.6144199650471,0.3187466812993727,26.36405720503397,264.70346069394816
"(61.0, 913.1625048218343)",59.27998182079164,23.918926234549183,0.3228569190462837,27.306148277752044,267.5146846176126
"(61.99999999999999, 913.1625048218343)",59.07903970675255,24.224949199437702,0.32698755351949377,28.26604016331467,270.32673325410985
"(63.0, 913.1625048218343)",58.87794342264563,24.532556082436475,0.33113964659094514,29.243882315462542,273.1404268113419
"(64.0, 913.1625048218343)",58.67657788921057,24.84181460961697,0.3353137845241452,30.23987372594984,275.95610165140744
"(65.0, 913.1625048218343)",58.47478869492725,25.152786333020924,0.3395113353992767,31.254206499774913,278.7748149488345
"(66.0, 913.1625048218343)",58.272491132921004,25.465527574290057,0.343732637236858,32.28708128254554,281.5966747256786
"(67.0, 913.1625048218343)",58.06962801624342,25.780023022863382,0.34797962826866113,33.33870043944296,284.4232485373384
"(68.0, 913.1625048218343)",57.86595051933016,26.09648590238753,0.3522512386955536,34.409271099055466,287.2533523547701
"(69.0, 913.1625048218343)",57.66142891587208,26.414891499135273,0.35654907116286483,35.49900499336927,290.0882379216108
"(70.0, 913.1625048218343)",57.45596570252748,26.73529178875601,0.3608738273012715,36.60811756875724,292.9283304943139
"(71.0, 913.1625048218343)",57.24946833061671,27.05773649674209,0.36522617836394683,37.7368280137443,295.77402384758346
"(72.0, 913.1625048218343)",57.04184915829084,27.38227309270664,0.3696067651490604,38.885359052216124,298.6256804103953
"(73.0, 913.1625048218343)",56.83302540453903,27.708946784313866,0.37401619791744023,40.053936734278764,301.4836313999499
"(74.0, 913.1625048218343)",56.62291909689693,28.037800513890716,0.3784550563495789,41.24279022512001,304.3481769935499
"(74.99999999999999, 913.1625048218343)",56.41145701960599,28.36887495521101,0.3829238895003271,42.4521515921819,307.2195865000561
"(76.0, 913.1625048218343)",56.1985706588876,28.70220851149607,0.387423215773239,43.6822555909098,310.09809855071114
"(77.0, 913.1625048218343)",55.98419614534172,29.037837314685298,0.3919535229111006,44.933339449331925,312.98392130591094
"(78.0, 913.1625048218343)",55.76827419620074,29.3757952248786,0.39651526798825554,46.20564265175409,315.8772326645023
"(78.99999999999999, 913.1625048218343)",55.550750054420654,29.71611383106888,0.40110887742099033,47.49940672174089,318.77818049028474
"(80.0, 913.1625048218343)",55.3315734266784,30.058822452379303,0.405734746984656,48.81487500466757,321.6868828450941
"(81.0, 913.1625048218343)",55.110698418690156,30.403948140445504,0.41039324184534015,50.15229245003974,324.60342823540384
"(82.00000000000001, 913.1625048218343)",54.88808346963762,30.751515682221125,0.4150846965985917,51.51190539381983,327.5278758653613
"(83.0, 913.1625048218343)",54.66369128313581,31.101547604288438,0.4198094153273397,52.893961341000804,330.46025590710246
"(84.0, 913.1625048218343)",54.437488757435986,31.454064177645446,0.4245676716669171,54.29870874865967,333.4005697770765
"(85.0, 913.1625048218343)",54.209446912277954,31.80908342402824,0.42935970889099817,55.72639680976225,336.34879043071527
"(86.00000000000001, 913.1625048218343)",53.97954081410099,32.16662112324937,0.4341857400090803,57.17727523797725,339.3048626666362
"(87.0, 913.1625048218343)",53.747749497626174,32.52669082222705,0.4390459478907874,58.65159405378605,342.2687034540419
"(88.0, 913.1625048218343)",53.51405588542569,32.88930384537675,0.44394048540501024,60.149603372190434,345.24020227206967
"(89.0, 913.1625048218343)",53.27844670472626,33.25446930663641,0.4488694755818795,61.67155319231992,348.21922146809237
"(90.00000000000001, 913.1625048218343)",53.04091240023522,33.62219412367833,0.45383301180533125,63.21769318928161,351.2055966417118
"(91.0, 913.1625048218343)",52.80144704505199,33.99248303366785,0.45883115802645486,64.78827250861374,354.1991370451267
"(92.0, 913.1625048218343)",52.560048246624056,34.365338611877014,0.4638639490133618,66.38353956365229,357.19962601393684
"(93.0, 913.1625048218343)",52.31664905470272,34.74085281375559,0.46893004954138,68.00374183628956,360.20559678914384
"(94.0, 913.1625048218343)",52.071457841684584,35.11874938921344,0.47403346013157527,69.64912568118866,363.2204561419218
"(95.0, 913.1625048218343)",51.82427823743633,35.499299126178066,0.479170106545829,71.31993613472424,366.24023859441024
"(96.0, 913.1625048218343)",51.57513769209548,35.88258920962742,0.4843372626196405,73.01641672931862,369.26221118298287
"(97.0, 913.1625048218343)",51.32412089823769,36.2681326782698,0.4895460847626716,74.73880930314664,372.29631968445653
"(98.0, 913.1625048218343)",51.0712559596021,36.65632425975522,0.4947858826520402,76.48735384042763,375.33256211259163
"(99.0, 913.1625048218343)",50.81660885603177,37.04707695337302,0.5000577374720634,78.26228828384774,378.371687821681
"(100.0, 913.1625048218343)",50.559968904941684,37.440272413296974,0.5053675857601867,80.06384837692345,381.41888209161186
"(101.0, 913.1625048218343)",50.30168951612113,37.836037149928444,0.5107067079087579,81.89226750754207,384.46594911573226
"(102.0, 913.1625048218343)",50.04143213338795,38.23420612929109,0.5160840707235137,83.74777655224142,387.5208461682911
"(102.99999999999999, 913.1625048218343)",49.77951392341703,38.63487285890288,0.5214922541237975,85.6306037376176,390.5765692832539
"(104.0, 913.1625048218343)",49.51587090329884,39.037978823288995,0.5269333535681856,87.54097450076226,393.6348065177313
"(105.0, 913.1625048218343)",49.25053656800275,39.44350402877735,0.5324069937394936,89.47911136346634,396.6949926243524
"(106.0, 913.1625048218343)",48.98354425922563,39.85141567883529,0.5379131006639963,91.4452338128679,399.75684056594656
"(106.99999999999999, 913.1625048218343)",48.7150237408199,40.26173060070557,0.5434488346208738,93.4395581916687,402.8175408732352
"(108.0, 913.1625048218343)",48.44474242771546,40.67431701602155,0.5490205868487783,95.46229759574621,405.8827166898376
"(109.00000000000001, 913.1625048218343)",48.17301076287846,41.08924776941603,0.5546213000062121,97.51366178572843,408.94571375548634
"(110.0, 913.1625048218343)",47.89978011402861,41.50645901076784,0.5602527883932765,99.59385710240721,412.0079824802143
"(111.0, 913.1625048218343)",47.625092803683145,41.92591909840813,0.5659146400662307,101.70308639657296,415.0689438416531
"(112.0, 913.1625048218343)",47.348992429058505,42.34759563819642,0.571606410769157,103.84154896726255,418.1279928629192
"(113.0, 913.1625048218343)",47.07152341889241,42.771454852414756,0.5773276480638746,106.0094405106729,421.18452069823326
"(114.00000000000001, 913.1625048218343)",46.79273156661504,43.19746242614449,0.5830778617254796,108.2069530795601,424.237887639838
"(115.0, 913.1625048218343)",46.5126621982159,43.625582295740315,0.588856584313975,110.43427505324918,427.28747845972987
"(116.0, 913.1625048218343)",46.23131283418314,44.0557667176123,0.5946643450221278,112.69159111830892,430.3335917103329
"(117.0, 913.1625048218343)",45.94887492265721,44.488011294722426,0.6004975885062326,114.97908225990206,433.37279979992053
"(118.0, 913.1625048218343)",45.665250271438815,44.92224489390463,0.6063588426158596,117.29692576393528,436.40723378003145
"(119.0, 913.1625048218343)",45.380533943428134,45.358439669622506,0.612246564507152,119.6452952297631,439.4353111841506
"(120.0, 913.1625048218343)",45.09488815194773,45.79657756651427,0.6181579116424373,122.02436059368978,442.45426637715246
"(17.0, 913.7711170933528)",71.06421840230355,10.64221242534978,0.14364605014880555,1.1114608049286925,130.14815090559316
"(18.0, 913.7711170933528)",70.56749993530626,11.023405847967036,0.14879352091637985,1.381884522099682,134.5813373019139
"(19.0, 913.7711170933528)",70.10862267192955,11.386101834433338,0.1536888206948765,1.6678787116256046,138.7685266594917
"(20.0, 913.7711170933528)",69.67784401101457,11.736159138949425,0.15841429299139698,1.9693052706473129,142.7851001996552
"(21.0, 913.7711170933528)",69.26981784149932,12.076484705750104,0.16300861978692796,2.286058676804298,146.6665099217425
"(22.0, 913.7711170933528)",68.8816815600028,12.408696509446703,0.16749099885187166,2.618054671199105,150.43038245275716
"(23.0, 913.7711170933528)",68.51003066163071,12.734456502548573,0.17188922703699314,2.9652166895635714,154.1021943163426
"(24.0, 913.7711170933528)",0.0,0.0,3.663460380937754,190.50739164608362,3157.0568930706477
"(25.0, 913.7711170933528)",67.80952091758421,13.370378863154333,0.18047293672319384,3.704894961894291,161.20606203277654
"(26.0, 913.7711170933528)",67.47756124789528,13.682100725907395,0.18468057870825047,4.097316826931317,164.65846188475356
"(27.0, 913.7711170933528)",67.15622963335674,13.990457414698565,0.18884246072027713,4.504762468962552,168.0540238180627
"(28.0, 913.7711170933528)",66.84456371364615,14.295900300389665,0.19296554091624282,4.927215879545769,171.3991220040125
"(29.0, 913.7711170933528)",66.54169471584137,14.598878531687303,0.19705468428554107,5.364665152875113,174.6982138352017
"(30.0, 913.7711170933528)",66.24717941337362,14.899559021268317,0.20111369949298316,5.817107461040797,177.9547823874393
"(31.0, 913.7711170933528)",65.95993275513428,15.19852122261226,0.20514782919345545,6.284545213993685,181.17361583738645
"(32.0, 913.7711170933528)",65.67904359574035,15.495860284329307,0.20917139515541874,6.766983233621199,184.3677961815209
"(33.0, 913.7711170933528)",65.40676823310359,15.791255638452796,0.21314970721127321,7.264434601610475,187.5056114649557
"(34.0, 913.7711170933528)",65.1394884918922,16.085710367936652,0.21712437590575903,7.776910088354051,190.62507343124844
"(35.0, 913.7711170933528)",64.87795005277688,16.379087254853903,0.22108441285161048,8.304447490849405,193.7161034124947
"(36.0, 913.7711170933528)",64.6217869265188,16.671513206808356,0.2250327751899671,8.84705785257185,196.7813925153817
"(37.0, 913.7711170933528)",64.37109249372963,16.96320367617156,0.22896186946219238,9.40477796415906,199.8139652660909
"(38.0, 913.7711170933528)",64.1242909078239,17.254257679445118,0.23289742763055063,9.977644671488866,202.8372979426477
"(39.0, 913.7711170933528)",63.88200925432476,17.54488263561869,0.23682220816923838,10.565698053318375,205.83559565800115
"(40.0, 913.7711170933528)",63.64437538836669,17.83496837708975,0.24073663003964427,11.1689861293821,208.80919322723284
"(41.0, 913.7711170933528)",63.41067934550775,18.124746298053612,0.2446472515346123,11.78756136577201,211.76403096282914
"(42.0, 913.7711170933528)",63.179713586870875,18.414377570197825,0.24857089047414269,12.42148536364789,214.71541490179894
"(43.0, 913.7711170933528)",62.953571160852995,18.70404291038125,0.25246623947965646,13.070815884563814,217.6255417931198
"(44.0, 913.7711170933528)",62.729794380755386,18.993651164649638,0.2563784030476557,13.735619471969974,220.53556027949622
"(45.0, 913.7711170933528)",62.50917040532078,19.283445093781665,0.26028737363102566,14.41598931325504,223.4270948548622
"(46.0, 913.7711170933528)",62.291114104273994,19.573473906074483,0.26420213856596597,15.11197969382839,226.30830360204712
"(47.0, 913.7711170933528)",62.07558576886718,19.863832975555066,0.26812087407992646,15.823712087106783,229.17739853695377
"(47.99999999999999, 913.7711170933528)",61.86234845597715,20.154589751474916,0.27204601277077495,16.551252763833467,232.0365362265101
"(49.0, 913.7711170933528)",61.65120692311251,20.44587313896427,0.27597770776851654,17.29471186867031,234.8857464518299
"(50.0, 913.7711170933528)",61.4419585108433,20.73776086923697,0.2799176247682957,18.05418538322844,237.7264552954151
"(51.0, 913.7711170933528)",61.23441777522822,21.030340115265595,0.28386685750259677,18.82981781521687,240.5595176707106
"(52.0, 913.7711170933528)",61.02781499843356,21.32364321752159,0.2878374703206368,19.62170157030112,243.39586522591193
"(53.0, 913.7711170933528)",60.82385256711001,21.61797291308608,0.2917942933205256,20.42996648947325,246.20323087948884
"(54.0, 913.7711170933528)",60.62017129132932,21.91308687877056,0.2957823667016892,21.254746265855154,249.0226373716631
"(55.0, 913.7711170933528)",60.41718835882013,22.209245813981443,0.2997885330858472,22.096181221867674,251.84192154776443
"(56.0, 913.7711170933528)",60.21595966334101,22.506577775948145,0.30379300696430234,22.95441537694134,254.6428599619779
"(57.0, 913.7711170933528)",60.01492760439527,22.805071977955148,0.30782154673080064,23.829597164823024,257.44884145678435
"(58.0, 913.7711170933528)",59.81434628209147,23.104816673129392,0.3118682620932434,24.721885594567464,260.2543246443381
"(59.0, 913.7711170933528)",59.61323808322165,23.40577057685753,0.3159500231448304,25.631443501109374,263.074562093613
"(59.99999999999999, 913.7711170933528)",59.41420654806257,23.708385359124172,0.32001498083283864,26.558436414735542,265.8620101074953
"(61.0, 913.7711170933528)",59.21414713113369,24.012307294461955,0.32412142972428154,27.503039593675663,268.66976131937577
"(61.99999999999999, 913.7711170933528)",59.01432841933692,24.317858377639958,0.32824175275450107,28.46543264786616,271.4724004432944
"(63.0, 913.7711170933528)",58.8141391218522,24.624983724589118,0.33238747812293173,29.445799097428996,274.2802780948047
"(64.0, 913.7711170933528)",58.613658634947875,24.933779928976215,0.33655542801363386,30.444327550160857,277.09030186968886
"(65.0, 913.7711170933528)",58.41272334966504,25.24431223322806,0.3407469128487572,31.46121223839217,279.903474961528
"(66.0, 913.7711170933528)",58.21184568085672,25.55682697622331,0.34494862640039486,32.49665488592102,282.7074367997854
"(67.0, 913.7711170933528)",58.00913826914247,25.870747267964784,0.3492042763430742,33.55085736852747,285.54192431925935
"(68.0, 913.7711170933528)",57.80619180899572,26.186840728605766,0.35347090000745723,34.62402626088176,288.36747289892526
"(69.0, 913.7711170933528)",57.60236726814482,26.504897278845004,0.3577640207063816,35.71637443096579,291.19805442571385
"(70.0, 913.7711170933528)",57.39756864299926,26.824968018475634,0.3620843282476543,36.828117748565255,294.03408335629007
"(71.0, 913.7711170933528)",57.19170480185591,27.14710184265664,0.3664324826771358,37.95947580731371,296.8759432278633
"(72.0, 913.7711170933528)",56.984689446439624,27.471345431487627,0.37080911413484885,39.11067171784166,299.7239867335557
"(73.0, 913.7711170933528)",56.776441068463164,27.797743241832336,0.3752148227486399,40.281931898572786,302.57853583443625
"(74.0, 913.7711170933528)",56.56688290529459,28.126337500043867,0.37965017853351063,41.473485864547456,305.4398818787094
"(74.99999999999999, 913.7711170933528)",56.3559428900468,28.457168197043043,0.3841157213277261,42.68556601455002,308.30828575620524
"(76.0, 913.7711170933528)",56.143553602704095,28.790273083343603,0.3886119607241809,43.91840741684763,311.1839780499253
"(77.0, 913.7711170933528)",55.92965221671765,29.12568766594939,0.39313937603037413,45.17224759373881,314.06715921491985
"(78.0, 913.7711170933528)",55.71418044384765,29.463445206169872,0.39769841623763585,46.447326305239805,316.9579997664819
"(78.99999999999999, 913.7711170933528)",55.49708447660511,29.80357671840487,0.40228950000711033,47.74388533207421,319.8566404843494
"(80.0, 913.7711170933528)",55.2783149302135,30.146110969382054,0.4069130156566992,49.06216825821172,322.7631926182352
"(81.0, 913.7711170933528)",55.05782677961834,30.491074479285587,0.4115693211792428,50.402420253214416,325.67773812209515
"(82.00000000000001, 913.7711170933528)",54.835579296675995,30.83849152306447,0.41625874425963016,51.76488785457527,328.6003298874233
"(83.0, 913.7711170933528)",54.611535984149036,31.188384133183824,0.4209815823103272,53.149818750319355,331.53099199311555
"(84.0, 913.7711170933528)",54.385664507097964,31.540772103488717,0.42573810252654587,54.55746156209444,334.4697199727918
"(85.0, 913.7711170933528)",54.15793662194147,31.895672994379396,0.4305285419542673,55.988065629029755,337.4164810930935
"(86.00000000000001, 913.7711170933528)",53.928328103643956,32.253102139008995,0.4353531075743107,57.44188079259302,340.37121464564746
"(87.0, 913.7711170933528)",53.69681866901858,32.61307265139687,0.44021197641258186,58.91915718278289,343.33383226161476
"(88.0, 913.7711170933528)",53.46339189753842,32.97559543605047,0.44510529566959356,60.42014500590781,346.3042182422638
"(89.0, 913.7711170933528)",53.228035149037,33.340679199377185,0.4500331828750027,61.94509433429648,349.28222991047187
"(90.00000000000001, 913.7711170933528)",52.990739479180625,33.70833046271222,0.45499572606260286,63.494254898265645,352.2676979786601
"(91.0, 913.7711170933528)",52.751499549660856,34.07855357812211,0.45999298398528504,65.0678758806827,355.260426950656
"(92.0, 913.7711170933528)",52.51031353656313,34.45135074592664,0.4650249863503893,66.66620571450677,358.2601955392096
"(93.0, 913.7711170933528)",52.26718286714638,34.82672217295911,0.47009173301266033,68.28949188365196,361.26675612767684
"(94.0, 913.7711170933528)",52.02211295989819,35.20466540372629,0.47519319966331747,69.93798072760565,364.27984016390866
"(95.0, 913.7711170933528)",51.77505560498044,35.58526690068328,0.480327830485176,71.6119172502053,367.2977809832606
"(96.0, 913.7711170933528)",51.526189333222405,35.96825023399903,0.4855000292488458,73.31154493271637,370.3243591428569
"(97.0, 913.7711170933528)",51.2753929552721,36.35401769180724,0.49070111267055116,75.03710555343861,373.35139833048214
"(98.0, 913.7711170933528)",51.02255969480713,36.74212324423994,0.4959439926290406,76.78883900617849,376.39045715419746
"(99.0, 913.7711170933528)",50.76797359912995,37.132824491302465,0.5012176707578675,78.56698313936464,379.4312477759803
"(100.0, 913.7711170933528)",50.51154120021887,37.52604313499402,0.506525318135975,80.3717735821955,382.4764322069803
"(101.0, 913.7711170933528)",50.25328737886658,37.92176302976769,0.5118667279367614,82.2034435916717,385.525588198022
"(102.0, 913.7711170933528)",49.99324005634035,38.319966398776224,0.5172416542551643,84.06222390102991,388.57826031492533
"(102.99999999999999, 913.7711170933528)",49.731427808230755,38.72063371208291,0.5226498504328576,85.94834257655593,391.63399510215015
"(104.0, 913.7711170933528)",49.467883980217344,39.12374371781758,0.52809100770193,87.86202488227377,394.69228515247306
"(105.0, 913.7711170933528)",49.20264087924714,39.52927356680148,0.5335648377767347,89.80349315284977,397.7526447041307
"(106.0, 913.7711170933528)",48.93573550096654,39.93719881934967,0.5390709884476922,91.77296667508082,400.81453263138474
"(106.99999999999999, 913.7711170933528)",48.667204429835074,40.34749307790114,0.5446091289387354,93.77066157830322,403.8774305512828
"(108.0, 913.7711170933528)",48.39717927823061,40.760050617719855,0.5501795830433863,95.79679073398067,406.9414214655296
"(109.00000000000001, 913.7711170933528)",48.12542378360031,41.175077801885585,0.5557798349177316,97.85156366511855,410.00399694561634
"(110.0, 913.7711170933528)",47.85225643003853,41.59230922682829,0.5614115931043794,99.93518646468394,413.06651211546364
"(111.0, 913.7711170933528)",47.577627377144566,42.011791161385666,0.567073745652396,102.04786172506977,416.127748314032
"(112.0, 913.7711170933528)",47.301581230229516,42.43349153393218,0.5727658199863974,104.18978847697556,419.18707468488503
"(113.0, 913.7711170933528)",47.024161678325235,42.85737572133702,0.5784873925660111,106.361162138988,422.24390879047684
"(114.00000000000001, 913.7711170933528)",46.74541494151964,43.283409301360486,0.5842379651873484,108.56217447760936,425.2976036199814
"(115.0, 913.7711170933528)",46.46538878645374,43.71155741102323,0.5900169973695394,110.79301357789734,428.3474772125324
"(116.0, 913.7711170933528)",46.18412317998121,44.14177941193613,0.5958241904414404,113.05386382477236,431.3930722661452
"(117.0, 913.7711170933528)",45.90167191806317,44.57404176263553,0.601658819858816,115.34490589505691,434.43354603640176
"(118.0, 913.7711170933528)",45.61807892392487,45.00830447776959,0.6075204539846899,117.66631676020371,437.46832713444724
"(119.0, 913.7711170933528)",45.33338953490503,45.44452823300291,0.6134085959581295,120.01826969970087,440.4967882636242
"(120.0, 913.7711170933528)",45.04765448198722,45.88267439669236,0.6193226240105133,122.40093432512238,443.51819165815095
"(17.0, 914.3843909386605)",70.71743307690443,10.896116002424364,0.1470774948138482,1.2006228767316802,133.2847426394129
"(18.0, 914.3843909386605)",70.25922975193583,11.255114667004873,0.15191976382263656,1.4741011161620576,137.4389595983446
"(19.0, 914.3843909386605)",0.0,0.0,3.6431186275097627,182.70883577568569,3148.501971557118
"(20.0, 914.3843909386605)",69.41961294344468,11.939400787124514,0.16115685762460152,2.067300507407975,145.29201459725172
"(21.0, 914.3843909386605)",69.03161429344999,12.268530701874989,0.16559371020503938,2.386825037991746,149.02947881111623
"(22.0, 914.3843909386605)",68.65881707192008,12.591776944283389,0.1699620529297969,2.72153312269537,152.68911512820137
"(23.0, 914.3843909386605)",68.30149968441387,12.90937288749834,0.17425032770525437,3.071367732208365,156.26041203742264
"(24.0, 914.3843909386605)",67.95693278638956,13.22264896548572,0.1784791876222456,3.436283290998175,159.76229997819578
"(25.0, 914.3843909386605)",67.62414353967915,13.532081844273888,0.18265555176103793,3.8162447603209717,163.2011406882607
"(26.0, 914.3843909386605)",67.3018283450807,13.838293880550449,0.1867888637712453,4.211224222607927,166.58559721098663
"(27.0, 914.3843909386605)",66.99367491881935,14.140422271879242,0.1908286348340896,4.621201901852863,169.86952313457223
"(28.0, 914.3843909386605)",66.68531088881552,14.442677816480122,0.19494687416103376,5.04616473175053,173.210214063382
"(29.0, 914.3843909386605)",66.38962703398313,14.741552889088497,0.19898091073703628,5.486105636150396,176.4589332365545
"(30.0, 914.3843909386605)",66.10148648119943,15.038596074793086,0.20299050450153197,5.9410221271583605,179.67032669780636
"(31.0, 914.3843909386605)",65.82036300675136,15.334051207359513,0.20697851934775266,6.410918810246016,182.84700854093455
"(32.0, 914.3843909386605)",65.54491758152123,15.628360703881551,0.21095823781906134,6.895803689968549,186.00111611170698
"(33.0, 914.3843909386605)",65.27741169374478,15.920966018830256,0.21490076180339973,7.395690971707598,189.10621122214823
"(34.0, 914.3843909386605)",65.01495727640939,16.212687644767538,0.21883857696500097,7.910598510144015,192.19198040188158
"(35.0, 914.3843909386605)",64.75839994015448,16.50351967554993,0.22275543876452075,8.440548461557754,195.24354774141264
"(36.0, 914.3843909386605)",64.5053592463156,16.793963349696757,0.22668158547788647,8.985570766866653,198.2885327073405
"(37.0, 914.3843909386605)",64.25797800624848,17.08344772462102,0.23059185364201254,9.545696411413832,201.30389523645457
"(38.0, 914.3843909386605)",64.01508415827598,17.372503265791973,0.23449341467721802,10.120963577158976,204.29615458159577
"(39.0, 914.3843909386605)",63.776399789962646,17.66117162056181,0.23838994705620653,10.711413992267737,207.2686325526212
"(40.0, 914.3843909386605)",63.54193226650183,17.94959280499417,0.24227723649043617,11.317098248780436,210.21742507782886
"(41.0, 914.3843909386605)",63.31127422621997,18.23762615656405,0.24616606105815947,11.93806767876378,213.1523361316705
"(42.0, 914.3843909386605)",63.08337210589561,18.52591374151874,0.25005808083295944,12.574380073442228,216.07482586829374
"(43.0, 914.3843909386605)",62.858236725715585,18.81415073853186,0.25396058817701583,13.226102569788607,218.99149517287603
"(44.0, 914.3843909386605)",62.637408482942526,19.102375974913844,0.25784559059828327,13.893303372067303,221.87667994336317
"(45.0, 914.3843909386605)",62.419185783021646,19.39084337361982,0.2617363558907081,14.576061215244021,224.75157715238555
"(46.0, 914.3843909386605)",62.20321802352715,19.67968689372841,0.2656352377508552,15.274456337452639,227.61825874520937
"(47.0, 914.3843909386605)",61.989621292856455,19.968896894604402,0.26954052577935345,15.988578891594209,230.47507060644622
"(47.99999999999999, 914.3843909386605)",61.77723622812387,20.258483776838442,0.2734714749850008,16.718522400922343,233.33952569233472
"(49.0, 914.3843909386605)",61.56809165933107,20.54882575889851,0.2773843956005239,17.464389422253603,236.17157220481994
"(50.0, 914.3843909386605)",61.36160772814542,20.83974138434492,0.2812941826607376,18.2262862613905,238.98472362543637
"(51.0, 914.3843909386605)",61.1543070283069,21.131365072959337,0.285255272478959,19.004327032884518,241.82864155483006
"(52.0, 914.3843909386605)",60.948136278051095,21.423706058522285,0.2892350558547018,19.79863382347033,244.6733865623406
"(53.0, 914.3843909386605)",60.748099286605154,21.71729209217508,0.29313877770584085,20.60932791665799,247.4321947964007
"(54.0, 914.3843909386605)",60.54598201228409,22.011669460947008,0.2971128383056595,21.436550341237822,250.23879135293936
"(55.0, 914.3843909386605)",60.3446300431438,22.307059391193405,0.30110519804604274,22.280431852494672,253.04546127130087
"(56.0, 914.3843909386605)",60.14440114528991,22.603719272805723,0.30510405320412115,23.141125294705695,255.8412585672613
"(57.0, 914.3843909386605)",59.944218002422225,22.90155322048717,0.309129419655863,24.018775800194984,258.6443403130529
"(58.0, 914.3843909386605)",59.74521088090097,23.200647021598275,0.31316155962760717,24.9135425069654,261.43649945852513
"(59.0, 914.3843909386605)",59.54612758918798,23.501129637659325,0.31721763958412147,25.825590235691973,264.23326793043447
"(59.99999999999999, 914.3843909386605)",59.34724374914814,23.803047434819348,0.32129252774233136,26.755085019278372,267.029787273536
"(61.0, 914.3843909386605)",59.14835666868552,24.10647092616814,0.32538811837305015,27.70220271401259,269.8276137232057
"(61.99999999999999, 914.3843909386605)",58.949297703976576,24.411457260315363,0.3295061074573974,28.66712212027461,272.62811925772655
"(63.0, 914.3843909386605)",58.7498844227344,24.717979269366943,0.33365042653456695,29.65002830518737,275.43471374804693
"(64.0, 914.3843909386605)",58.55051731515766,25.026392512491714,0.337807020934299,30.65110755645894,278.2343595353534
"(65.0, 914.3843909386605)",58.35008434113457,25.33646324930515,0.3419980871212779,31.670566214550533,281.0471463800261
"(66.0, 914.3843909386605)",58.14964890517709,25.64843811924964,0.3462028582636458,32.70859254820993,283.85389714641724
"(67.0, 914.3843909386605)",57.948363587662044,25.962162968072743,0.35043824541675267,33.765393171539664,286.66986842547055
"(68.0, 914.3843909386605)",57.7461459019747,26.27788677508214,0.35469987910091055,34.84117713818198,289.4908557795207
"(69.0, 914.3843909386605)",57.54301630752273,26.595594033815686,0.3589882846805353,35.93615671707248,292.3171273246533
"(70.0, 914.3843909386605)",57.33888028289997,26.915334974253078,0.3633041402234666,37.05054819742501,295.1490867863032
"(71.0, 914.3843909386605)",57.13364809903978,27.237157666001412,0.3676480946302633,38.18457157423514,297.98710751401717
"(72.0, 914.3843909386605)",56.9272347869562,27.561108004224607,0.3720207674463658,39.33845034131704,300.83153251666124
"(73.0, 914.3843909386605)",56.71956009991063,27.887229698404262,0.3764227487099716,40.51241128203705,303.68267453258676
"(74.0, 914.3843909386605)",56.51054847294185,28.21556426255193,0.3808545988212953,41.70668425804926,306.5408161213487
"(74.99999999999999, 914.3843909386605)",56.30012897931907,28.546151007073153,0.38531684843166275,42.921501996384876,309.40620977520524
"(76.0, 914.3843909386605)",56.088235284436216,28.879027031864126,0.3898099983523264,44.157099875122384,312.2790780500698
"(77.0, 914.3843909386605)",55.874805596196225,29.21422722111924,0.3943345194829406,45.41371570792607,315.15961371557194
"(78.0, 914.3843909386605)",55.65978261424073,29.551784238712802,0.398890852751328,46.691589527685444,318.0479799163406
"(78.99999999999999, 914.3843909386605)",55.44311347519731,29.89172852542121,0.4034794090738222,47.99096336949205,320.9443103527655
"(80.0, 914.3843909386605)",55.22474969689943,30.234088296573304,0.40810056932706695,49.3120810531757,323.848709472675
"(81.0, 914.3843909386605)",55.004647119051725,30.578889541432645,0.41275468433613605,50.65518796564062,326.7612526781362
"(82.00000000000001, 914.3843909386605)",54.78276584213568,30.926156023277162,0.4174420748788888,52.02053084321504,329.6819865470884
"(83.0, 914.3843909386605)",54.559070164294255,31.275909280605173,0.42216303170088193,53.408357554269884,332.6109290643594
"(84.0, 914.3843909386605)",54.33352851426543,31.62816863008807,0.4269178155552847,54.81891688233808,335.54806987504435
"(85.0, 914.3843909386605)",54.106113382627996,31.982951170471647,0.43170665725658686,56.25245831000295,338.4933705497263
"(86.00000000000001, 914.3843909386605)",53.87680125040203,32.34027178793385,0.43652975775206787,57.70923180382064,341.44676486490494
"(87.0, 914.3843909386605)",53.645572514288055,32.70014316313985,0.44138728821843115,59.18948760055135,344.40815910512583
"(88.0, 914.3843909386605)",53.41241140890601,33.062575780081325,0.44627939017940005,60.69347599503507,347.37743238263243
"(89.0, 914.3843909386605)",53.177305925913515,33.427577936676876,0.4512061756502623,62.22144712998498,350.3544369797424
"(90.00000000000001, 914.3843909386605)",52.94024773004995,33.795155757328075,0.4561677273077279,63.773650788059,353.33899871209076
"(91.0, 914.3843909386605)",52.70123207090569,34.16531320800995,0.4611640986920796,65.35033618656034,356.3309173187732
"(92.0, 914.3843909386605)",52.46025769285502,34.53805211295225,0.4661953144341805,66.95175177510123,359.32996687225426
"(93.0, 914.3843909386605)",52.217326739338134,34.91337217465344,0.4712613705233012,68.57814503665321,362.335896222214
"(94.0, 914.3843909386605)",51.972444655246626,35.291270995585506,0.4763622346069722,70.22976229233677,365.34842946493876
"(95.0, 914.3843909386605)",51.72561990723818,35.6717442585251,0.4814978449356419,71.9068485103712,368.3672651693833
"(96.0, 914.3843909386605)",51.47686475889727,36.05478498121315,0.48666811768993595,73.60964711958387,371.39208326359255
"(97.0, 914.3843909386605)",51.22610644384246,36.44046308253033,0.4918721968191319,75.33839982792017,374.42185928020274
"(98.0, 914.3843909386605)",50.97353612043095,36.82861200529834,0.4971114167538155,77.09334644634725,377.45757359074497
"(99.0, 914.3843909386605)",50.719087743867306,37.21929716618111,0.5023848705438213,78.87472471858196,380.4981591504279
"(100.0, 914.3843909386605)",50.46280766326826,37.61252137958906,0.5076915727769754,80.68277015716548,383.54247940119984
"(101.0, 914.3843909386605)",50.204651054937116,38.0082170867975,0.5130336755440519,82.51771588578745,386.59226905758277
"(102.0, 914.3843909386605)",49.94471578071586,38.406417456780005,0.5184085714356937,84.37979248970102,389.64491335990687
"(102.99999999999999, 914.3843909386605)",49.683008776812166,38.80708558119076,0.5238167792133329,86.2692278722981,392.7006587521362
"(104.0, 914.3843909386605)",49.419562811127335,39.21020016780297,0.5292579941660924,88.18624712056555,395.75900152441403
"(105.0, 914.3843909386605)",49.15441096597859,39.61573767867644,0.5347319292394044,90.13107237837453,398.81945705465307
"(106.0, 914.3843909386605)",48.8876028291414,40.02368301392996,0.5402377941576388,92.10392272848986,401.8810836443882
"(106.99999999999999, 914.3843909386605)",48.61913762773888,40.43398147034035,0.5457765524626443,94.10501408336751,404.94454642878947
"(108.0, 914.3843909386605)",48.34937595006523,40.84667583388575,0.5513411983944587,96.13455908562547,408.00322680768284
"(109.00000000000001, 914.3843909386605)",48.077497570839355,41.26160079838691,0.5569477118818262,98.19276701719554,411.07152729654877
"(110.0, 914.3843909386605)",47.80439236204152,41.67885245474137,0.5625797502554636,100.27984371959393,414.134298572172
"(111.0, 914.3843909386605)",47.529820588143416,42.0983565759679,0.5682422036585623,102.39599152278811,417.1958097751887
"(112.0, 914.3843909386605)",47.25382705231997,42.520080683672575,0.573934602582725,104.5414091852771,420.2554328359501
"(113.0, 914.3843909386605)",46.9764560795042,42.943990154902416,0.579656509387123,106.71629184415184,423.3125724454226
"(114.00000000000001, 914.3843909386605)",46.697753756914985,43.37005014788265,0.5854074344618395,108.92083097577554,426.3665894355774
"(115.0, 914.3843909386605)",46.41776609563341,43.798224404216896,0.5911868965917874,111.15521436704985,429.4168560039485
"(116.0, 914.3843909386605)",46.13653906176611,44.22847568648971,0.5969944118975952,113.41962609737645,432.4627456193899
"(117.0, 914.3843909386605)",45.85451565889502,44.66085319008116,0.6028211943361897,115.71424653292819,435.4960440950846
"(118.0, 914.3843909386605)",45.57052489338989,45.09504742898795,0.6086922619985011,118.0392523221171,438.53945093445793
"(119.0, 914.3843909386605)",45.28589695303525,45.53131206225047,0.6145799773267786,120.39481642544337,441.56752182559893
"(120.0, 914.3843909386605)",45.00018588052302,45.96948765561455,0.6204944114195032,122.78110812447389,444.58929634219123
"(17.0, 915.0)",70.39202801878609,11.138706273524352,0.15035057614665337,1.2921769646958525,136.278600209492
"(18.0, 915.0)",69.96350407625222,11.480665420413953,0.15496542583827325,1.5685672337083552,140.22479740831167
"(19.0, 915.0)",69.55714632087677,11.813425770765768,0.15945727278200772,1.8603191116545248,144.04308548388255
"(20.0, 915.0)",69.17119817939108,12.138142685060199,0.1638340466426756,2.167341198900974,147.7408114791472
"(21.0, 915.0)",68.79846089642331,12.458108716290411,0.1681590274110312,2.48956086022288,151.37594922087067
"(22.0, 915.0)",68.44132384686348,12.772509168032256,0.17240376903298546,2.8269158175985294,154.92253284758314
"(23.0, 915.0)",68.09730327319963,13.082557000034125,0.1765870994253087,3.1793589797369166,158.39783699442052
"(24.0, 915.0)",67.76431321889322,13.38917557024489,0.18072648923433107,3.546849798635985,161.81788785077697
"(25.0, 915.0)",67.44187354234104,13.692670854293857,0.18482270545099833,3.92935758423155,165.18341790343192
"(26.0, 915.0)",67.12872016657853,13.993605392532329,0.1888852485924926,4.326859700563436,168.5031427615673
"(27.0, 915.0)",66.82436177108663,14.29223639522157,0.19291611987406457,4.739337251130705,171.7789124336384
"(28.0, 915.0)",66.52801611269807,14.5889132273817,0.196920578471782,5.166783856589842,175.01554544509068
"(29.0, 915.0)",66.23708691840879,14.885704847962344,0.20092677018954067,5.60919197460695,178.23880274882276
"(30.0, 915.0)",65.95725165971567,15.177330880622556,0.20486303161499772,6.06656182296816,181.38311210475473
"(31.0, 915.0)",65.68184954113498,15.469499860167964,0.2088068832897446,6.53889958193907,184.5193986281772
"(32.0, 915.0)",65.41258238567785,15.76053784267952,0.21273506404314385,7.026215870872688,187.62636772860395
"(33.0, 915.0)",65.14838359936509,16.050708976777372,0.21666009604110284,7.528520678947543,190.71546719866154
"(34.0, 915.0)",64.90528874517105,16.326261808620732,0.2203719817470879,8.04585686067962,193.59450643790584
"(35.0, 915.0)",64.63786966375638,16.628355750271698,0.22444904352689368,8.57820417090257,196.79267065620516
"(36.0, 915.0)",64.38962067937331,16.91629798432545,0.2283356287126001,9.125627315061184,199.80147295696793
"(37.0, 915.0)",64.14584436341131,17.203770853738764,0.23221663046989557,9.688151409288883,202.79006547066558
"(38.0, 915.0)",63.90626871926146,17.49095087450943,0.2360916939063005,10.265810970287337,205.7580889539776
"(39.0, 915.0)",63.67087156642755,17.777784066507515,0.23996222949899795,10.858654546854769,208.70678544472835
"(40.0, 915.0)",63.439841814938134,18.064411352259697,0.24382081352670093,11.466726953598009,211.62931742333333
"(41.0, 915.0)",63.21147211452237,18.350971809337445,0.24769401432720456,12.090084250892735,214.54993885849944
"(42.0, 915.0)",62.98616222161577,18.637623377033663,0.2515699856312553,12.72878414149392,217.45775271110472
"(43.0, 915.0)",62.76438047545797,18.924362452862344,0.25544045458163395,13.382896125407433,220.34511981678764
"(44.0, 915.0)",62.54550141312128,19.211304425949297,0.2593131912107781,14.052487559505895,223.21908239835608
"(45.0, 915.0)",62.329254306035125,19.498547616821625,0.2631902804236096,14.737636577620249,226.08147000998252
"(46.0, 915.0)",62.11560024924224,19.78613112860696,0.2670713331508799,15.43842696038271,228.93184287267238
"(47.0, 915.0)",61.904045794756804,20.074209836864082,0.2709607552526987,16.154947475494613,231.77414358072468
"(47.99999999999999, 915.0)",61.695792886474386,20.362791048913355,0.27483810800490527,16.88729398869392,234.5895748357944
"(49.0, 915.0)",61.48720302776959,20.652071171112997,0.27875978487908415,17.63556812459318,237.42963503976884
"(50.0, 915.0)",61.28137515092542,20.942015494268034,0.28267463423268885,18.39987860927429,240.247411713636
"(51.0, 915.0)",61.077141280825906,21.232731831511934,0.28659971789226324,19.180339536929456,243.05840233449143
"(52.0, 915.0)",60.87450323583268,21.5244002389743,0.29053066958676554,19.977069775625992,245.8584928962645
"(53.0, 915.0)",60.672532397815395,21.816959997820764,0.29448454169320715,20.790203245715706,248.6631524035688
"(54.0, 915.0)",60.47182738027884,22.110564180594594,0.29844791741770965,21.619866705034983,251.45997773216934
"(55.0, 915.0)",60.27207287247959,22.40527649263442,0.3024246607697135,22.466201148603407,254.25236345568445
"(56.0, 915.0)",60.07287086767711,22.70117823170625,0.3064195488549282,23.32935437853383,257.0445328237255
"(57.0, 915.0)",59.87426691045584,22.99832759916621,0.31043070496905334,24.20947738506758,259.8346176616162
"(58.0, 915.0)",59.67604709729533,23.296806761623888,0.31445987348215193,25.106728356532415,262.62405587963656
"(59.0, 915.0)",59.4780992407966,23.596694587668853,0.31850731305942465,26.02126782408202,265.4129236252915
"(59.99999999999999, 915.0)",59.28025032296371,23.89803971199268,0.32257501106850395,26.95326947321834,268.20286565446276
"(61.0, 915.0)",59.082369023616295,24.20092353802481,0.3266633598334031,27.902845291679743,270.9941289558841
"(61.99999999999999, 915.0)",58.884328324459126,24.505410520685583,0.3307732053969559,28.870359254360224,273.7871236838545
"(63.0, 915.0)",58.68587791749546,24.81160809746854,0.33490630214659334,29.855811338609215,276.58345512552364
"(64.0, 915.0)",58.48729489131718,25.11943392312419,0.33906088625543956,30.859455048330293,279.3812558753969
"(65.0, 915.0)",58.28802110281749,25.42909533328628,0.3432408565635664,31.881484441116335,282.1838993145469
"(66.0, 915.0)",58.087969373556504,25.7405471950873,0.34744913350773493,32.92210078304875,284.9938563765287
"(67.0, 915.0)",57.887326837667246,26.053869595199718,0.3516813656708332,33.981506975418625,287.8069426133938
"(68.0, 915.0)",57.6860422195218,26.369278749351547,0.35593351441860627,35.0599128737508,290.6192528192739
"(69.0, 915.0)",57.48360276748788,26.68663782227126,0.360217219771472,36.15753098325852,293.44122510763833
"(70.0, 915.0)",57.28012479134443,27.006049990121404,0.3645286371450703,37.27457797362426,296.26912501411505
"(71.0, 915.0)",57.075519944824116,27.327562504891276,0.368868404403085,38.41127423590153,299.10331579292125
"(72.0, 915.0)",56.86970456952301,27.651220484263643,0.3732371305950813,39.56784364206396,301.9441308524355
"(73.0, 915.0)",56.66259966290796,27.977066897069488,0.377635395761633,40.74451333562101,304.79187378627324
"(74.0, 915.0)",56.454130843080804,28.305142550627306,0.3820637507625435,41.94151352027011,307.6468184274572
"(74.99999999999999, 915.0)",56.24422830900021,28.635486080265284,0.3865227171364654,43.1590772468984,310.50920893296745
"(76.0, 915.0)",56.03282679856696,28.96813394007107,0.3910127869766871,44.397440199195785,313.3792598844729
"(77.0, 915.0)",55.81986554336758,29.303120395294012,0.39553442282796775,45.65684047813727,316.2571564094532
"(78.0, 915.0)",55.605288220135165,29.640477516266493,0.4000880576049147,46.937518385576645,319.14305432292036
"(78.99999999999999, 915.0)",55.389042899794944,29.980235173472,0.40467409452693126,48.23971620719283,322.0370802849493
"(80.0, 915.0)",55.17108199432177,30.32242103377321,0.409292907065421,49.56367799499974,324.9393319698604
"(81.0, 915.0)",54.95136219984661,30.66706055821055,0.4139448389159535,50.909649349671525,327.8498782584259
"(82.00000000000001, 915.0)",54.72984443880547,31.014177000463754,0.4186302039773047,52.27787720288573,330.7687594363481
"(83.0, 915.0)",54.506493797560765,31.36379140732797,0.42334928635719676,53.66860959994991,333.69598741688515
"(84.0, 915.0)",54.28127946235178,31.71592262010203,0.4281023403917613,55.082095482941874,336.6315459755197
"(85.0, 915.0)",54.054174652977835,32.07058727721,0.43288959068158284,56.51858447461789,339.57539099903033
"(86.00000000000001, 915.0)",53.82515655098179,32.42779981935816,0.4377112321614843,57.978326663378525,342.5274507643796
"(87.0, 915.0)",53.59420622886484,32.78757249485629,0.4425674301707331,59.46157238956784,345.4876262166529
"(88.0, 915.0)",53.361308571766735,33.14991536829574,0.4474583205722827,60.96857203340075,348.4557912902379
"(89.0, 915.0)",53.12645219933944,33.514836329925,0.4523840098782563,62.499575804848384,351.4317932337561
"(90.00000000000001, 915.0)",52.88962938176799,33.88234110797882,0.4573445754172696,64.05483353582211,354.4154529709795
"(91.0, 915.0)",52.650835953911496,34.25243328265351,0.46234006552246343,65.63459447497252,357.4065654780815
"(92.0, 915.0)",52.41007122504186,34.62511430272169,0.46737049975632056,67.23910708551652,360.4049001915168
"(93.0, 915.0)",52.16733788437846,35.00038350486381,0.4724358691716432,68.86861884643557,363.410201445618
"(94.0, 915.0)",51.922641904240585,35.37823813515492,0.477536136600723,70.52337605744835,366.42218893221326
"(95.0, 915.0)",51.675992437552985,35.75867337400587,0.4826712369917123,72.20362364816826,369.4405581992486
"(96.0, 915.0)",51.42740171451214,36.14168236264954,0.48784107777492386,73.90960499184885,372.4649811722065
"(97.0, 915.0)",51.17679739342245,36.52733440732794,0.49304480407069823,75.641561724136,375.49443400055287
"(98.0, 915.0)",50.92437175793946,36.915463211432666,0.49828372578672747,77.39973356725798,378.52987552759765
"(99.0, 915.0)",50.670059086511955,37.306132424716544,0.5035569687877255,79.18435816006247,381.5702682807064
"(100.0, 915.0)",50.41398513338824,37.6993638747342,0.5088618731815119,80.99567089466885,384.6129430664145
"(101.0, 915.0)",50.15586824703725,38.09503429084952,0.5142055366616607,82.83390475788985,387.6641612875297
"(102.0, 915.0)",49.896184713178236,38.49326852078112,0.5195773606312399,84.69929018488921,390.71399479269525
"(102.99999999999999, 915.0)",49.63444081160972,38.893901371603086,0.5249886132517166,86.5920549120238,393.77252621329694
"(104.0, 915.0)",49.37109179671142,39.297019190469875,0.5304299227996581,88.51242384721927,396.8309555144679
"(105.0, 915.0)",49.1060292556598,39.70256617103275,0.5359039322069299,90.4606189402573,399.8914790290836
"(106.0, 915.0)",48.83930355493226,40.11052251298384,0.5414099571982239,92.43685906688066,402.9532517694942
"(106.99999999999999, 915.0)",48.570916848292086,40.520834838538924,0.5469488800140243,94.4413599197788,406.0168652930535
"(108.0, 915.0)",48.30103857521566,40.93342267191091,0.552519790694576,96.47433390947315,409.0812745760639
"(109.00000000000001, 915.0)",48.02941386254403,41.348488720146946,0.5581205221516573,98.535990074635,412.14428769413144
"(110.0, 915.0)",47.756369562575294,41.765760946858855,0.5637528378170357,100.62653400170636,415.2073126008812
"(111.0, 915.0)",47.48185430223479,42.18528775979108,0.5694155775802192,102.74616775558707,418.2690857303135
"(112.0, 915.0)",47.205912053038624,42.6070356275809,0.5751083076124582,104.89508981969638,421.3290116457029
"(113.0, 915.0)",46.928586961128175,43.03096789129773,0.5808306430979842,107.07349504680273,424.3865433878528
"(114.00000000000001, 915.0)",46.649929118594244,43.457056959910325,0.5865818352006199,109.28157462031646,427.4408045882508
"(115.0, 915.0)",46.369979936535586,43.88525832584152,0.5923616885896567,111.51951602620034,430.4914290333355
"(116.0, 915.0)",46.08878955318125,44.31553822772223,0.5981695592229642,113.78750303559748,433.53764365341476
"(117.0, 915.0)",45.80640301681927,44.74785783037617,0.6040049871313343,116.08571569814498,436.5788475270259
"(118.0, 915.0)",45.52285204361804,45.18216947161533,0.6098679247690875,118.41433034603887,439.6148208176762
"(119.0, 915.0)",45.23823448143472,45.618462030141444,0.615756313947659,120.77351960870872,442.6435076533992
"(120.0, 915.0)",44.95254533189203,46.056666945506265,0.6216711735544905,123.16345243823784,445.66567136412107
"(17.0, 915.6156090613395)",70.08234781995577,11.373216205768895,0.1535130815334056,1.3857126590440252,139.1732609880482
"(18.0, 915.6156090613395)",69.68057841779235,11.699718884582692,0.15792226778624255,1.6648799384255877,142.9312134650228
"(19.0, 915.6156090613395)",69.29613873314796,12.01984452447074,0.16224347825126495,1.9593425487247873,146.59331860653737
"(20.0, 915.6156090613395)",68.92821560686816,12.334025038920968,0.16648219777508153,2.2690229660383374,150.1646759476633
"(21.0, 915.6156090613395)",68.57281327887011,12.644184458340437,0.17066987818475227,2.5938566658516717,153.6741477967049
"(22.0, 915.6156090613395)",68.22968516843714,12.950497927635425,0.17480551939831845,2.9337902436859378,157.12087186748923
"(23.0, 915.6156090613395)",67.89775590852037,13.253508313211382,0.1788955172438785,3.288779624771409,160.51074835482575
"(24.0, 915.6156090613395)",67.57589592312559,13.553722726426459,0.1829482082370219,3.6587921623486523,163.85144294927292
"(25.0, 915.6156090613395)",67.26303301784012,13.85167397146202,0.1869695501315172,4.043798322003948,167.14844019758982
"(26.0, 915.6156090613395)",66.95873474975973,14.147517666365845,0.19096278586615234,4.443779493472537,170.4047279954147
"(27.0, 915.6156090613395)",66.66227775432985,14.441584583335676,0.19493205605272768,4.8587207494059514,173.62411247889145
"(28.0, 915.6156090613395)",66.37314918697189,14.734096011035575,0.1988803443236184,5.288613207356851,176.8093343908419
"(29.0, 915.6156090613395)",66.09083696342681,15.025268008012059,0.20281058145337644,5.733456955043415,179.96307710647423
"(30.0, 915.6156090613395)",65.81494031286404,15.315264561930327,0.2067250009168366,6.193250727505068,183.08738689517023
"(31.0, 915.6156090613395)",65.54509302205756,15.60423645174535,0.21062555573213293,6.6680033676667385,186.18404312789326
"(32.0, 915.6156090613395)",65.2809337591328,15.892328713870347,0.2145140691741783,7.157725335152162,189.25470476398942
"(33.0, 915.6156090613395)",65.02207438272826,16.179713478198238,0.21839244879654882,7.662433438110074,192.30110158113936
"(34.0, 915.6156090613395)",64.76983176039082,16.466152109224886,0.22224121695850424,8.18214799376484,195.3053792302293
"(35.0, 915.6156090613395)",64.51942995989866,16.752541040203894,0.2261255311922866,8.716893583904177,198.32717238304025
"(36.0, 915.6156090613395)",64.27497165750376,17.038308420655195,0.22998256109665405,9.266700821544816,201.30892193045477
"(37.0, 915.6156090613395)",64.03468419985664,17.3237244626557,0.23383762008724862,9.831603899217972,204.2737710384223
"(38.0, 915.6156090613395)",63.79959346417128,17.608802150757125,0.23767108788296412,10.411642902709008,207.2037149855223
"(39.0, 915.6156090613395)",63.56620337061307,17.894033943577973,0.24153260968771245,11.006861246798058,210.14416628059158
"(40.0, 915.6156090613395)",63.33748056688883,18.179019163804828,0.24537875826428218,11.617308754022668,213.05531244484325
"(41.0, 915.6156090613395)",63.112267786312096,18.463872473918173,0.24922687970752,12.24303693118524,215.95298432667286
"(42.0, 915.6156090613395)",62.89112402419903,18.7478496075306,0.2530578804354404,12.884117652377338,218.8196276702901
"(43.0, 915.6156090613395)",62.67082791050941,19.034426506305472,0.25692258493696124,13.540604967931454,221.70172412073805
"(44.0, 915.6156090613395)",62.45349926363875,19.320062195050493,0.26079053276081754,14.212575412735195,224.57130707849194
"(45.0, 915.6156090613395)",62.23995707170231,19.60603695901507,0.2646424797301854,14.90010595232403,227.41067930933283
"(46.0, 915.6156090613395)",62.02943922244857,19.892400812691914,0.26849050886776094,15.603281020813073,230.23081978333082
"(47.0, 915.6156090613395)",61.8188402738459,20.179404968715374,0.27238116755661596,16.322190595728202,233.07425803346143
"(47.99999999999999, 915.6156090613395)",61.6113235624139,20.466959221246046,0.27626264171777265,17.056931090759296,235.89345586655372
"(49.0, 915.6156090613395)",61.40567366419844,20.7551885705233,0.28015253706338966,17.807604485429792,238.70443136794518
"(50.0, 915.6156090613395)",61.204129404392624,21.041410777266634,0.28401629759882463,18.5743211097741,241.47543419952035
"(51.0, 915.6156090613395)",60.9989315388091,21.33404140461731,0.28796604837329515,19.357192612110925,244.30901615819087
"(52.0, 915.6156090613395)",60.79715819559716,21.62484455795402,0.29189668285149156,20.156345844171625,247.10881320788147
"(53.0, 915.6156090613395)",60.59742366436888,21.916468291922264,0.2958299626497312,20.971904707386976,249.89462672273996
"(54.0, 915.6156090613395)",60.39802959833728,22.209399595393517,0.2997817592693069,21.804004244417353,252.68085385442893
"(55.0, 915.6156090613395)",60.19951924248272,22.50338085467193,0.30374990651183253,22.652785714574946,255.4653699385815
"(56.0, 915.6156090613395)",60.001651856385394,22.79858225942679,0.3077344319260656,23.51839253794088,258.24805677918897
"(57.0, 915.6156090613395)",59.80424959248292,23.095076820635693,0.31173659001249493,24.400983772501085,261.0299039584945
"(58.0, 915.6156090613395)",59.60717246695554,23.392930784344262,0.31575736799378434,25.30071168784391,263.8116631233905
"(59.0, 915.6156090613395)",59.41034005138367,23.692215461064595,0.31979672898305517,26.217741311625485,266.5931354720187
"(59.99999999999999, 915.6156090613395)",59.213521766722494,23.993003308557093,0.32385679370766957,27.15224508446705,269.3760903348334
"(61.0, 915.6156090613395)",59.01653686941898,24.295468835067858,0.3279394694828312,28.104382027423423,272.1621150583516
"(61.99999999999999, 915.6156090613395)",58.819528682413875,24.59933522543154,0.3320411774205285,29.0743761541464,274.94770874319505
"(63.0, 915.6156090613395)",58.62199735402922,24.904926702467257,0.3361707422246108,30.062370444628684,277.7408084459609
"(64.0, 915.6156090613395)",58.424255433989245,25.21242206449578,0.3403163183094079,31.068569752397657,280.53036330998356
"(65.0, 915.6156090613395)",58.22609678283615,25.52166740440725,0.344485578189905,32.09317071555035,283.3232017716472
"(66.0, 915.6156090613395)",58.02705466855036,25.832771502378886,0.3486834249056493,33.13637365724119,286.1236128073387
"(67.0, 915.6156090613395)",57.82696589753225,26.14569485304813,0.35291383951806,34.198383573197766,288.9350365433065
"(68.0, 915.6156090613395)",57.626108454697224,26.46067005682038,0.35716712701739606,35.279408032792155,291.74838850792975
"(69.0, 915.6156090613395)",57.4243517564539,26.777683368402997,0.3614461648476304,36.37966178956593,294.5660885802825
"(70.0, 915.6156090613395)",57.221524810512534,27.096769036046396,0.36575317470793434,37.49936156728781,297.38995425903596
"(71.0, 915.6156090613395)",57.01754062772003,27.417973505486966,0.37008878357763336,38.63872814632443,300.22033883588057
"(72.0, 915.6156090613395)",56.81231683734225,27.74134112701645,0.3744535901464199,39.79798577038689,303.05756623673255
"(73.0, 915.6156090613395)",56.605775659854906,28.066914138104785,0.37884816458166054,40.97736193700953,305.9019310181981
"(74.0, 915.6156090613395)",56.39784387658,28.39473264797481,0.38327304831887016,42.177087186093715,308.7536983871848
"(74.99999999999999, 915.6156090613395)",56.18845279460701,28.724834624471377,0.3877287538863835,43.39739488681081,311.6131042534645
"(76.0, 915.6156090613395)",55.97753820813539,29.05725588284476,0.3922157647530872,44.63852102311923,314.48035530473777
"(77.0, 915.6156090613395)",55.76504035635513,29.392030076220802,0.39673453520041996,45.90070397819173,317.35562910500823
"(78.0, 915.6156090613395)",55.55090387942854,29.72918868714053,0.40128549020871995,47.184184317935916,320.23907420699936
"(78.99999999999999, 915.6156090613395)",55.33507776963866,30.068761021295096,0.40586902537186464,48.48920457390107,323.13081029109105
"(80.0, 915.6156090613395)",55.11751532087549,30.410774202092544,0.41048550682630636,49.8160090257523,326.0309283178688
"(81.0, 915.6156090613395)",54.898174075299984,30.755253166715075,0.4151352711950244,51.16484348355766,328.93949069451895
"(82.00000000000001, 915.6156090613395)",54.67701576614525,31.102220663802076,0.4198186255587146,52.535955070131934,331.8565314661049
"(83.0, 915.6156090613395)",54.45400625911199,31.451697252046074,0.42453584743666967,53.929592003648466,334.78205651544965
"(84.0, 915.6156090613395)",54.229115489219645,31.8037013008798,0.42928718479554323,55.34600338078616,337.71604378801294
"(85.0, 915.6156090613395)",54.00231739610401,32.158248992128975,0.4340728560721127,56.78543896067063,340.658443528792
"(86.00000000000001, 915.6156090613395)",53.7735898557185,32.51535432351256,0.4388930502204498,58.248148949858816,343.60917854052735
"(87.0, 915.6156090613395)",53.54291460816961,32.875029114131785,0.44374792678659575,59.734383788692696,346.5681444657228
"(88.0, 915.6156090613395)",53.310277183017085,33.23728301156076,0.44863761600422086,61.244393939289004,349.535210086243
"(89.0, 915.6156090613395)",53.07561608475463,33.60221538875709,0.4535606160535527,62.77842967551939,352.50875003859056
"(90.00000000000001, 915.6156090613395)",52.83907639392445,33.96955591603644,0.458521807527655,64.33674087520443,355.4929831921356
"(91.0, 915.6156090613395)",52.60050231480379,34.33958345369248,0.46351642499562357,65.91957681520849,358.4832969670941
"(92.0, 915.6156090613395)",52.359944452975085,34.7122071890862,0.4685460858402385,67.52718596921746,361.48092379069914
"(93.0, 915.6156090613395)",52.11740603917377,35.087426094703986,0.4736107761971713,69.15981580918843,364.48560349659823
"(94.0, 915.6156090613395)",51.872893568849435,35.4652370616529,0.4787104541077021,70.81771261048502,367.497051391369
"(95.0, 915.6156090613395)",51.62641670133205,35.845634923880944,0.4838450498451229,72.50112126123148,370.5149587440248
"(96.0, 915.6156090613395)",51.37798815506842,36.228612485348435,0.4890144662810893,74.21028507629126,373.53899330747413
"(97.0, 915.6156090613395)",51.12753572723579,36.61423899847725,0.4942178394874004,75.94544561626792,376.5681224949675
"(98.0, 915.6156090613395)",50.87525273653678,37.002347300064244,0.4994564853656043,77.70684251197193,379.6033115356918
"(99.0, 915.6156090613395)",50.62107387081503,37.393001017125556,0.5047295161627644,79.49471329476616,382.6435100578385
"(100.0, 915.6156090613395)",50.36502262662902,37.78618611183479,0.5100367100315419,81.3092932332267,385.68827966594534
"(101.0, 915.6156090613395)",50.10712486745528,38.181885510287614,0.5153778527604189,83.15081517651875,388.7371913754376
"(102.0, 915.6156090613395)",49.847409923569586,38.58008092945286,0.5207526738718719,85.01950940492621,391.7897672525888
"(102.99999999999999, 915.6156090613395)",49.585908361533164,38.9807516913284,0.5261609106471901,86.91560348790243,394.8455391785935
"(104.0, 915.6156090613395)",49.3226532462643,39.38387525942228,0.5316022756539264,88.83932215008042,397.90401925118334
"(105.0, 915.6156090613395)",49.057679650177725,39.78942965449472,0.5370764004657914,90.79088714554605,400.96464837941147
"(106.0, 915.6156090613395)",48.79126023775764,40.19742991643098,0.5425783726278559,92.77051714106916,404.0227099760955
"(106.99999999999999, 915.6156090613395)",48.52272360501632,40.60772329378021,0.548121701253829,94.77842760673344,407.09035772652874
"(108.0, 915.6156090613395)",48.2528208152441,41.02040815724474,0.5536920944077384,96.81483071979227,410.1542935337977
"(109.00000000000001, 915.6156090613395)",47.98145112628853,41.4353309035559,0.5592945530848231,98.8799352727961,413.21888759465384
"(110.0, 915.6156090613395)",47.708370284252176,41.852705308146376,0.5649264017881632,100.97394659590599,416.28148485219407
"(111.0, 915.6156090613395)",47.43390946065577,42.272254597845425,0.5705894455507502,103.0970664866868,419.3435362252353
"(112.0, 915.6156090613395)",47.158016923598076,42.694026194932476,0.5762825118940239,105.24949315172631,422.40376996751905
"(113.0, 915.6156090613395)",46.88073875338244,43.11798632488787,0.5820051049474552,107.43142115769903,425.4615374855739
"(114.00000000000001, 915.6156090613395)",46.6025480608228,43.544229728653896,0.5877468472492083,109.64304139760416,428.5071461203618
"(115.0, 915.6156090613395)",46.322210865363324,43.9723285519034,0.5935369447738291,111.88454104208112,431.567150147415
"(116.0, 915.6156090613395)",46.041054136895205,44.40263638475622,0.5993452144043604,114.15610356517351,434.613729959674
"(117.0, 915.6156090613395)",45.758698751158164,44.834984885501925,0.605181025726341,116.45790869580772,437.65528476698216
"(118.0, 915.6156090613395)",45.47518165062763,45.26932863876274,0.6110441880947423,118.79013244374651,440.69146400201254
"(119.0, 915.6156090613395)",45.190583742135914,45.70564791890746,0.6169331254682758,121.15294711070837,443.7206523150428
"(120.0, 915.6156090613395)",44.90490516227911,46.1438796917976,0.6228486281480449,123.54652131637259,446.7434046984193
"(17.0, 916.2288829066472)",69.78808189462394,11.599309294796988,0.15656918812742257,1.480798961790518,141.97241337379856
"(18.0, 916.2288829066472)",69.40999160616616,11.912190631392543,0.16079063056534218,1.7626128375964796,145.55840698714238
"(19.0, 916.2288829066472)",69.04590051838667,12.220556746194433,0.16495253138706475,2.0596758303004954,149.0745977350935
"(20.0, 916.2288829066472)",68.69363802512085,12.525448629602307,0.16907068823162885,2.371918390460205,152.53552942026312
"(21.0, 916.2288829066472)",68.3540331019658,12.826600472053489,0.1731325322978271,2.6992819266408286,155.9297447353963
"(22.0, 916.2288829066472)",68.02405430697345,13.12530288746755,0.17716484090309684,3.041718734332377,159.28182553664593
"(23.0, 916.2288829066472)",67.70363224746,13.421632998007828,0.1811645664632317,3.399189544435199,162.58901880843862
"(24.0, 916.2288829066472)",67.3919488029915,13.715935066957783,0.1851372767983908,3.771661027506258,165.8564592778621
"(25.0, 916.2288829066472)",67.08831106258864,14.008547333469734,0.1890869140986152,4.159112043969821,169.08778003286955
"(26.0, 916.2288829066472)",66.79242427751016,14.299493685838433,0.1930138289218694,4.561521843834894,172.28332301478423
"(27.0, 916.2288829066472)",66.50346127778502,14.589197514150728,0.19692456314635365,4.978879253846175,175.4490932546169
"(28.0, 916.2288829066472)",66.2212096033429,14.877720096128117,0.20081894171725803,5.411177364509258,178.58493727158915
"(29.0, 916.2288829066472)",65.94510088485542,15.165311217730292,0.20469980568740295,5.85841516276078,181.69345913341618
"(30.0, 916.2288829066472)",65.67508446929475,15.45188377315463,0.20856901924429302,6.320594704214649,184.77636480691893
"(31.0, 916.2288829066472)",65.4105638035668,15.737770844224784,0.21242782394779472,6.797704378817966,187.8348034551599
"(32.0, 916.2288829066472)",65.1513090430561,16.02301529751387,0.21627814499179013,7.2898228150952615,190.87046036785446
"(33.0, 916.2288829066472)",64.89707140697325,16.307712639274953,0.22012094169011856,7.796898290240013,193.88426621885654
"(34.0, 916.2288829066472)",64.64758689847247,16.591958165586547,0.22395762500659058,8.318969864486478,196.87747471372782
"(35.0, 916.2288829066472)",64.40280326162159,16.87581900405493,0.22778627091214407,8.85608105952588,199.8482794797788
"(36.0, 916.2288829066472)",64.16198416831612,17.159383120764197,0.23161742823523382,9.40824495959072,202.8063325740881
"(37.0, 916.2288829066472)",63.92512565447559,17.442895442108018,0.2354436660587152,9.975502432531345,205.74478470789097
"(38.0, 916.2288829066472)",63.69259012125127,17.726121520340804,0.23926382531409746,10.557894484824864,208.66253290268182
"(39.0, 916.2288829066472)",63.4619825665062,18.009685554564992,0.2431043648366225,11.155465028976048,211.58377559501258
"(40.0, 916.2288829066472)",63.23705140113665,18.29284437843877,0.2469161900770699,11.768264878533877,214.46348012734526
"(41.0, 916.2288829066472)",63.014182672304244,18.57632943325185,0.2507449949057216,12.396349759848944,217.3434568170533
"(42.0, 916.2288829066472)",62.79440830128087,18.859979412074036,0.2545758060223341,13.03978073878331,220.20992562811915
"(43.0, 916.2288829066472)",62.5777616606492,19.143932026173797,0.258404157479042,13.698624122913918,223.0587284225421
"(44.0, 916.2288829066472)",62.36356199632812,19.428246490122927,0.2622402290353031,14.372953751698462,225.89911835050057
"(45.0, 916.2288829066472)",62.15200301335135,19.71287129962749,0.2660816887478478,15.062846117327858,228.72888232602693
"(46.0, 916.2288829066472)",61.94204806931545,19.998244164305724,0.269935045025748,15.768388031674425,231.55389672962215
"(47.0, 916.2288829066472)",61.73439665802389,20.284084029410987,0.2737952042624167,16.489667677269498,234.36940646928187
"(47.99999999999999, 916.2288829066472)",61.528820258333894,20.57058639739051,0.27766116185224266,17.226784460926076,237.174391689516
"(49.0, 916.2288829066472)",61.32486403115966,20.85783663536565,0.28153837492379835,17.979839497440647,239.97375125434394
"(50.0, 916.2288829066472)",61.12275308854521,21.14588678589473,0.28542184557412387,18.74894430630407,242.76279442122902
"(51.0, 916.2288829066472)",60.9214065237963,21.434848022387165,0.28932689843084863,19.53420909143284,245.55545185270856
"(52.0, 916.2288829066472)",60.72206550006312,21.724711569751317,0.29323336304671654,20.335755564993345,248.3331210902591
"(53.0, 916.2288829066472)",60.5227544137651,22.015725587110232,0.2971676155765187,21.153737366109155,251.11981508959656
"(54.0, 916.2288829066472)",60.32482740141525,22.30779900594539,0.3011099597685922,21.98826039209679,253.8973816787459
"(55.0, 916.2288829066472)",60.1276286627044,22.60105696025723,0.30506827425163324,22.839471549923317,256.6728925779093
"(56.0, 916.2288829066472)",59.93101359776868,22.895572620304147,0.30904330786756157,23.70752159624475,259.44688314102626
"(57.0, 916.2288829066472)",59.7348101848623,23.19141152390174,0.3130365976670502,24.59256232732523,262.2206098620538
"(58.0, 916.2288829066472)",59.538844125455235,23.48864829055003,0.3170493094408783,25.49475312898323,264.99498148635655
"(59.0, 916.2288829066472)",59.343069715205594,23.78735194427539,0.32108087803686874,26.414258581206838,267.76931562519883
"(59.99999999999999, 916.2288829066472)",59.147266261925246,24.0875794900365,0.32513379552649674,27.351250048942322,270.545724221498
"(61.0, 916.2288829066472)",58.951294610625624,24.389345324063417,0.3292101797471375,28.30590126904455,273.32597396217176
"(61.99999999999999, 916.2288829066472)",58.75522758591911,24.69287868462242,0.3333036924496918,29.27839338824451,276.10407641359734
"(63.0, 916.2288829066472)",58.5583869097275,24.99804347074525,0.33742875371067366,30.268918050466272,278.8930520224464
"(64.0, 916.2288829066472)",58.36167621520829,25.305041530221075,0.3415666697596765,31.277659505968316,281.6755887660837
"(65.0, 916.2288829066472)",58.16327808256598,25.613612437350447,0.3457526165424527,32.30481853143809,284.48371508530374
"(66.0, 916.2288829066472)",57.965997536359204,25.924643046726512,0.34992142623273187,33.35059644991786,287.25752101239885
"(67.0, 916.2288829066472)",57.7665826337075,26.23714459429521,0.35414866735963096,34.415194493006354,290.0660433847861
"(68.0, 916.2288829066472)",57.56656973669833,26.551714112761378,0.35839603829318,35.498825669033906,292.8739761344944
"(69.0, 916.2288829066472)",57.3654859299676,26.868385369603356,0.3626704586235419,36.60170222814783,295.6874469397414
"(70.0, 916.2288829066472)",57.1633006348111,27.187148021021542,0.3669731079921541,37.72404204181258,298.50731875061916
"(71.0, 916.2288829066472)",56.95992818939853,27.508047720535586,0.37130460268247695,38.8660662716211,301.3339350622412
"(72.0, 916.2288829066472)",56.75528748251559,27.831128064178785,0.3756655312023867,40.02799952530289,304.1676104747921
"(73.0, 916.2288829066472)",56.54930193286995,28.156430569724378,0.3800564540026022,41.21006964707594,307.00863064518984
"(74.0, 916.2288829066472)",56.34189946173729,28.48399465917929,0.3844779032412629,42.41250750603486,309.8572522829974
"(74.99999999999999, 916.2288829066472)",56.13301246230895,28.813857643157043,0.38893038257439194,43.63554678293882,312.7137031716512
"(76.0, 916.2288829066472)",55.92257776461413,29.146054707572528,0.393414366974428,44.879423755632246,315.57818221677365
"(77.0, 916.2288829066472)",55.710536597567334,29.48061890180363,0.3979303025720701,46.144377083376405,318.45085951693557
"(78.0, 916.2288829066472)",55.496834546942374,29.817581128839414,0.4024786065239976,47.4306475903042,321.3318764590021
"(78.99999999999999, 916.2288829066472)",55.28142151040081,30.156970136956605,0.4070596668993456,48.7384780482559,324.2213458312834
"(80.0, 916.2288829066472)",55.06425164859966,30.49881251314822,0.41167384259281903,50.06811295920859,327.1193519614969
"(81.0, 916.2288829066472)",54.84528333546054,30.843132677288715,0.4163214632438794,51.419798337527425,330.025950860473
"(82.00000000000001, 916.2288829066472)",54.62447910233167,31.189952878833562,0.42100282919511356,52.7937814922774,332.9411704016995
"(83.0, 916.2288829066472)",54.401805581363,31.53929319429348,0.4257182114559492,54.190310809827814,335.8650105054723
"(84.0, 916.2288829066472)",54.17715784258917,31.891268301030138,0.4304665069224092,55.60963553700556,338.79621122923993
"(85.0, 916.2288829066472)",53.950737343364715,32.24560360502773,0.4352519622417318,57.05200556498145,341.73841358268663
"(86.00000000000001, 916.2288829066472)",53.722295834713904,32.60260299005963,0.4400707261459484,58.517671214414875,344.6878386022045
"(87.0, 916.2288829066472)",53.49189131808577,32.96218107552754,0.4449242972138608,60.00688302171738,347.6456087925634
"(88.0, 916.2288829066472)",53.25950995884511,33.32434709598947,0.4498128001032033,61.51989152716057,350.6115878285084
"(89.0, 916.2288829066472)",53.0251414296506,33.68910830505707,0.4547363287638323,63.05694706490578,353.58561145545013
"(90.00000000000001, 916.2288829066472)",52.788779737530135,34.0564691367775,0.45969495495918095,64.61829955536165,356.5674955047102
"(91.0, 916.2288829066472)",52.550421324427184,34.42643291706649,0.464688711685021,66.20419830023103,359.5570209062649
"(92.0, 916.2288829066472)",52.31006679370201,34.7990001809609,0.46971761013742164,67.81489178058649,362.5539494372033
"(93.0, 916.2288829066472)",52.06765908679421,35.17426878074866,0.47477996748023626,69.45062745846342,365.55649177240775
"(94.0, 916.2288829066472)",51.82338768763533,35.551937532926985,0.47988072929842696,71.11165158180815,368.5689329517168
"(95.0, 916.2288829066472)",51.57708028425241,35.93229865042205,0.4850148289308523,72.79820899478483,371.58638590968854
"(96.0, 916.2288829066472)",51.328810902453554,36.315245361213584,0.490183828824075,74.51054295122661,374.6100389511588
"(97.0, 916.2288829066472)",51.07850886824425,36.70084585085383,0.4953868618257975,76.24889493425941,377.6388560830206
"(98.0, 916.2288829066472)",50.82636500531968,37.08893457459433,0.5006252374149994,78.01350448097135,380.67379755064866
"(99.0, 916.2288829066472)",50.57231713622966,37.479573197570815,0.5058980643680931,79.80460901305699,383.7138093675561
"(100.0, 916.2288829066472)",50.31638826197759,37.872747706065,0.5112051217408052,81.62244367380389,386.7584539549307
"(101.0, 916.2288829066472)",50.05860522750583,38.268441122172845,0.5165461725751777,83.46724117183616,389.80728149642306
"(102.0, 916.2288829066472)",49.7989967020804,38.666634313408345,0.521920972754752,85.33923163200899,392.85983820062813
"(102.99999999999999, 916.2288829066472)",49.537625950965186,39.06732445959488,0.5273282986845573,87.23864245396481,395.9147755748499
"(104.0, 916.2288829066472)",49.27443200754253,39.47043612776556,0.5327706453710698,89.16569817816722,398.9741550756215
"(105.0, 916.2288829066472)",49.00954335629301,39.87599830429968,0.53824491106051,91.12062036144263,402.03491322971615
"(106.0, 916.2288829066472)",48.742967255565,40.28396774891735,0.5437516583665036,93.10362745963523,405.09734706414326
"(106.99999999999999, 916.2288829066472)",48.474741145658214,40.69431675698295,0.5492905575108082,95.11493472044724,408.16093917885
"(108.0, 916.2288829066472)",48.20490585043887,41.10701860752795,0.554861166719902,97.15475408514294,411.2250728669118
"(109.00000000000001, 916.2288829066472)",47.93359899538273,41.521960360073706,0.560463869077831,99.22329409984116,414.2898905748773
"(110.0, 916.2288829066472)",47.6605773591817,41.93935683996368,0.5660959337604315,101.32075983709105,417.3526851702245
"(111.0, 916.2288829066472)",47.38616773305747,42.35892668698369,0.5717593559045454,103.44735282651286,420.4150831253329
"(112.0, 916.2288829066472)",47.11032398011619,42.780722621081246,0.5774527306321207,105.60327099703942,423.4755993214215
"(113.0, 916.2288829066472)",46.83309012664049,43.20470814360749,0.5831756609799728,107.78870862858082,426.5336757694452
"(114.00000000000001, 916.2288829066472)",46.55451297218009,43.630847647368526,0.5889276534248038,110.00385631466001,429.588669695581
"(115.0, 916.2288829066472)",46.27464024212981,44.05910496883384,0.5947081850362474,112.24890093560956,432.6399150955911
"(116.0, 916.2288829066472)",45.99351546975325,44.489440224602724,0.6005168670243223,114.52402564247951,435.68687259781495
"(117.0, 916.2288829066472)",45.7111902820464,44.921817502856534,0.6063530533344101,116.82940985167735,438.72877085194386
"(118.0, 916.2288829066472)",45.42771067624317,45.35619683348343,0.6122162649588594,119.16522925031863,441.76499529021703
"(119.0, 916.2288829066472)",45.14312422761066,45.792538507699646,0.618105966091159,121.53165581225672,444.79488301737985
"(120.0, 916.2288829066472)",44.85747854794795,46.23080234051555,0.6240216083633222,123.92885782472084,447.81776331561514
"(17.0, 916.8374951781657)",69.50902894919406,11.817105238076971,0.15950761801702307,1.5769853187948646,144.66557964576822
"(18.0, 916.8374951781657)",69.15170548914057,12.117844544713382,0.1635660443227111,1.8613187852510975,148.1021635877842
"(19.0, 916.8374951781657)",68.80544441473019,12.415730766594466,0.16758935420016194,2.160873171230613,151.49133055217226
"(20.0, 916.8374951781657)",68.46945240403191,12.711309707272395,0.17157590477070125,2.4755801878587196,154.8316425750385
"(21.0, 916.8374951781657)",68.14273468934311,13.00478735213142,0.1755382503490177,2.80538454085091,158.13466521710026
"(22.0, 916.8374951781657)",67.82501825817897,13.296372185699807,0.1794732577325219,3.1502480092027105,161.39756406174803
"(23.0, 916.8374951781657)",67.515250006259,13.586459284714037,0.1833893094150685,3.5101270447647757,164.62806804180025
"(24.0, 916.8374951781657)",67.21313791344079,13.875157200191781,0.18728673847714017,3.8849938950057354,167.82651029046363
"(25.0, 916.8374951781657)",66.91827233211873,14.162637912556795,0.19116676165090743,4.2748263171152985,170.9940285962241
"(26.0, 916.8374951781657)",66.63010494174988,14.44907806643066,0.19503336475594496,4.679607320457396,174.13429429855273
"(27.0, 916.8374951781657)",66.34837333554802,14.734582405531112,0.1988868782109473,5.099327310935709,177.2476199317941
"(28.0, 916.8374951781657)",66.07264569066817,15.019293966895908,0.20272990305437957,5.533980427165287,180.33639608692445
"(29.0, 916.8374951781657)",65.80265179418372,15.303307154476357,0.2065634027951049,5.9835647333638695,183.40150808077863
"(30.0, 916.8374951781657)",65.5440986190858,15.581155273736735,0.21031392713743516,6.448089809832164,186.37560434793713
"(31.0, 916.8374951781657)",65.2786356609572,15.869642513284877,0.21420806860636174,6.927556131727155,189.46643293628222
"(32.0, 916.8374951781657)",65.02409053814779,16.152070951051236,0.21802332210513628,7.421982899527276,192.46997362976828
"(33.0, 916.8374951781657)",64.7742950828561,16.434260889398722,0.2218293556695097,7.931386740049129,195.4500840689706
"(34.0, 916.8374951781657)",64.52891356200786,16.716124922422992,0.22563380412892078,8.455789307617348,198.41374249746326
"(35.0, 916.8374951781657)",64.3244289735251,16.962174267864114,0.22895605823893178,8.99529795217485,200.92020098947359
"(36.0, 916.8374951781657)",64.05061685073264,17.279402235754585,0.23323346703364387,9.549702303706685,204.28748540313862
"(37.0, 916.8374951781657)",63.81714311099989,17.5608884051778,0.23703511653879106,10.119280944961256,207.2034015717285
"(38.0, 916.8374951781657)",63.58718512754672,17.842386776887412,0.2408386477361048,10.703975518528738,210.1059270139382
"(39.0, 916.8374951781657)",63.360943936219,18.123906695169225,0.2446392844814527,11.30388347299671,212.99058533315707
"(40.0, 916.8374951781657)",63.13815367592891,18.405602126761778,0.24843727179147596,11.919004117116812,215.85760186107717
"(41.0, 916.8374951781657)",62.91782317570285,18.687596185063956,0.25224661794440906,12.54941165031546,218.71974571300024
"(42.0, 916.8374951781657)",62.70066972259481,18.969832742519063,0.2560553440238241,13.195167003682437,221.565973238104
"(43.0, 916.8374951781657)",62.48626640658063,19.252399254365017,0.25986828769549664,13.856337134990468,224.40065283198757
"(44.0, 916.8374951781657)",62.27398473306855,19.53540710533232,0.26369327603181325,14.532996063645676,227.2308866286866
"(45.0, 916.8374951781657)",62.06515883275782,19.818891153329357,0.26750590919799755,15.22522218695502,230.03422554749488
"(46.0, 916.8374951781657)",61.856873093935434,20.10307690926974,0.2713506683383977,15.933104440069837,232.85136263422794
"(47.0, 916.8374951781657)",61.65122850477347,20.38783716102037,0.27519433284675654,16.65672447538319,235.65175833906346
"(47.99999999999999, 916.8374951781657)",61.4470719221679,20.673302757136852,0.27905325652855434,17.396193032042387,238.4502957049075
"(49.0, 916.8374951781657)",61.2451635607714,20.959588672974146,0.2829115033813961,18.151603257301524,241.2322708599868
"(50.0, 916.8374951781657)",61.04435557203354,21.246730218733706,0.28678767085773665,18.923072051231273,244.01461774595623
"(51.0, 916.8374951781657)",60.84451122071242,21.534714761641617,0.29068436937136766,19.710707964811427,246.79962113707802
"(52.0, 916.8374951781657)",60.64649287477186,21.82389719393273,0.2945782778866271,20.514645710441503,249.56576472103131
"(53.0, 916.8374951781657)",60.449100235613756,22.11406856794182,0.29849481528972477,21.335002891160837,252.33623588273963
"(54.0, 916.8374951781657)",60.2524877765878,22.405394837326558,0.30242747434580575,22.17191975266728,255.10492829960023
"(55.0, 916.8374951781657)",60.05656738121066,22.697936453209728,0.3063762954271685,23.02553805812319,257.87173722328765
"(56.0, 916.8374951781657)",59.86118566842449,22.99178410310945,0.3103418453399785,23.896004903370496,260.63703522710506
"(57.0, 916.8374951781657)",59.666350080460965,23.286715236952556,0.3143233454545754,24.783473247116724,263.39995547547744
"(58.0, 916.8374951781657)",59.471317114228924,23.58361267571125,0.3183304063201439,25.688100798539534,266.16915157106894
"(59.0, 916.8374951781657)",59.27662434720291,23.881733507473886,0.3223538908348831,26.610059004058442,268.9360748299316
"(59.99999999999999, 916.8374951781657)",59.08162932021564,24.18135061830459,0.32640409604831094,27.54951540435481,271.709998432472
"(61.0, 916.8374951781657)",58.88684879061206,24.48270899202417,0.33046701812108253,28.50664306094232,274.4779100721885
"(61.99999999999999, 916.8374951781657)",58.69161847836826,24.785694461317508,0.33455651652980684,29.481629651442024,277.25232895927866
"(63.0, 916.8374951781657)",58.495963054539466,25.090419768494925,0.33866968489946836,30.474657478825446,280.03040811718176
"(64.0, 916.8374951781657)",58.29976405842586,25.396952273942176,0.3428072173453164,31.485918142222186,282.8125923376547
"(65.0, 916.8374951781657)",58.10294916938656,25.705326982592698,0.34696968772054426,32.51561270847315,285.59920668398104
"(66.0, 916.8374951781657)",57.905371959420926,26.015619815400647,0.3511579625042614,33.56394113288951,288.3908456213857
"(67.0, 916.8374951781657)",57.706941038803365,26.327876325650553,0.35537283345105447,34.63110661740135,291.1880318582309
"(68.0, 916.8374951781657)",57.507562146453346,26.642146564824653,0.359614854949369,35.71732056526319,293.99106227537567
"(69.0, 916.8374951781657)",57.307224700312055,26.95839980387093,0.36388545731894667,36.82279720070753,296.80103401935685
"(70.0, 916.8374951781657)",57.10566942697176,27.276844096378472,0.36818380906568887,37.94775434848468,299.6169669204575
"(71.0, 916.8374951781657)",56.90289764485349,27.5974434096095,0.3725112487555566,39.092413542115786,302.43986669261926
"(72.0, 916.8374951781657)",56.69882947207433,27.920240600299287,0.3768683549159592,40.25699974446081,305.2700387886032
"(73.0, 916.8374951781657)",56.493389495748595,28.245276481106917,0.38125567847749936,41.441741137920786,308.10776013984184
"(74.0, 916.8374951781657)",56.28650675008667,28.57258980008941,0.385673742500168,42.646868912694735,310.95327911714816
"(74.99999999999999, 916.8374951781657)",56.07811468900753,28.90221722310971,0.39012304193457176,43.87261705340995,313.8068155251693
"(76.0, 916.8374951781657)",55.868151155569784,29.234193317993075,0.39460404340943445,45.119222124439226,316.66856062224286
"(77.0, 916.8374951781657)",55.65655834577727,29.568550541420578,0.3991171850538027,46.386923054120224,319.53867717316865
"(78.0, 916.8374951781657)",55.443282770848235,29.90531922679402,0.40366287633469494,47.675960918126954,322.4172995169884
"(78.99999999999999, 916.8374951781657)",55.2282752144487,30.24452757449191,0.4082414979249373,48.98657872222285,325.304533663059
"(80.0, 916.8374951781657)",55.011490686585,30.586201643758194,0.41285340159364614,50.319021184636384,328.2004574082675
"(81.0, 916.8374951781657)",54.79288837563518,30.930365345626864,0.4174989101120321,51.673534518262734,331.10512046846696
"(82.00000000000001, 916.8374951781657)",54.5724315951784,31.277040438253877,0.42217831718960674,53.050366212931294,334.01854463772094
"(83.0, 916.8374951781657)",54.35008772949537,31.626246523111462,0.4268918874230053,54.44976481799452,336.94072395879317
"(84.0, 916.8374951781657)",54.125753386321,31.978097392883765,0.4316385063249304,55.87197972547243,339.8703872359216
"(85.0, 916.8374951781657)",53.89962827567411,32.332319283668866,0.4364224300705488,57.31726095392153,342.8111866715286
"(86.00000000000001, 916.8374951781657)",53.67146726354115,32.689214371945255,0.4412397860226926,58.7858589336369,345.75932125635836
"(87.0, 916.8374951781657)",53.441328183688505,33.04869728312834,0.44609207228117287,60.2780242929077,348.71591387620003
"(88.0, 916.8374951781657)",53.209197825658556,33.41077684452163,0.45097940800652764,61.79400764620179,351.68082316743505
"(89.0, 916.8374951781657)",52.97500357537476,33.77555757140351,0.4559003021121907,63.33405938429594,354.652431655214
"(90.00000000000001, 916.8374951781657)",52.738879096313326,34.14284676342637,0.4608578167985768,64.89842946653472,357.63329692035035
"(91.0, 916.8374951781657)",52.500781506475974,34.512651671858514,0.4658524712164146,66.48736721619892,360.6236456164172
"(92.0, 916.8374951781657)",52.260626061039865,34.88516348061733,0.47088062102086065,68.10112111877532,363.61988798592967
"(93.0, 916.8374951781657)",52.018404650205674,35.26038329666933,0.47594233940817177,69.73993862337034,366.62184368885426
"(94.0, 916.8374951781657)",51.77431077999776,35.63801008233801,0.48104251502176015,71.4040659480618,369.63374859869396
"(95.0, 916.8374951781657)",51.52816911732209,36.01833521745984,0.48617612886431366,73.09374789036953,372.65075631300493
"(96.0, 916.8374951781657)",51.28005533558462,36.401251763167735,0.4913447214938219,74.80922764089304,375.67403608251607
"(97.0, 916.8374951781657)",51.02997713644619,36.78689397389481,0.4965445358700291,76.55074660408344,378.6999019073989
"(98.0, 916.8374951781657)",50.777893055957364,37.17489587618468,0.5017855408898505,78.31854421875217,381.7372542073194
"(99.0, 916.8374951781657)",50.5239729765078,37.56551980870806,0.5070581735775608,80.11285779786651,384.77708797459985
"(100.0, 916.8374951781657)",50.26815736564802,37.958674148159375,0.5123654528534483,81.93392235702714,387.8219360529549
"(101.0, 916.8374951781657)",50.01057902173914,38.3544012350026,0.5177040077852771,83.78197046312825,390.8684752784228
"(102.0, 916.8374951781657)",49.75098764249299,38.7525634142991,0.5230808385238883,85.6572320837939,393.9228936841424
"(102.99999999999999, 916.8374951781657)",49.48984410807185,39.15328182257711,0.5284855552565836,87.55993444880737,396.97543827048077
"(104.0, 916.8374951781657)",49.22660931354227,39.55637268842726,0.533930607086274,89.49030191242916,400.0372984875076
"(105.0, 916.8374951781657)",48.96180418254807,39.96194313652996,0.5394049919582012,91.4485558344933,403.0981658790625
"(106.0, 916.8374951781657)",48.6953053707529,40.36992406966529,0.5449118906367445,93.43491445932675,406.16073844486465
"(106.99999999999999, 916.8374951781657)",48.42715082051129,40.78028783649676,0.5504509591923153,95.44959281108841,409.2244858332127
"(108.0, 916.8374951781657)",48.157380680341866,41.193005395322736,0.5560218224892575,97.49280259560425,412.28885239984527
"(109.00000000000001, 916.8374951781657)",47.88613368724473,41.607966877838955,0.5616247623574399,99.56475211221691,415.3538882376108
"(110.0, 916.8374951781657)",47.61316728198326,42.02537918328023,0.5672572385252188,101.66564617591169,418.4170595152332
"(111.0, 916.8374951781657)",47.33890599166883,42.44489441710221,0.5729215777485206,103.79568604849796,421.48029822797844
"(112.0, 916.8374951781657)",47.063013281595076,42.86679519288929,0.5786145253444963,105.95506938179733,424.54042270875397
"(113.0, 916.8374951781657)",46.785821698228624,43.29080579286428,0.584337800463076,108.143990169192,427.5988151452934
"(114.00000000000001, 916.8374951781657)",46.50728298092367,43.71697151063326,0.5900901503666248,110.36263870963049,430.65413668181293
"(115.0, 916.8374951781657)",46.2274440634672,44.14525529421795,0.5958710836029568,112.6112015810878,433.70575015854644
"(116.0, 916.8374951781657)",45.94636598286793,44.575623283412575,0.6016797808631629,114.88986162520082,436.75272156072907
"(117.0, 916.8374951781657)",45.66405489862248,45.00802490660534,0.6075166725774357,117.19879794250187,439.7952664223681
"(118.0, 916.8374951781657)",45.38059946393727,45.44243279415475,0.6133802930021962,119.53818589851976,442.8318655292632
"(119.0, 916.8374951781657)",45.09602570577143,45.87880077235652,0.6192706023182692,121.90819714035865,445.86231072659734
"(120.0, 916.8374951781657)",44.81041206783452,46.31709686074005,0.6251863599236128,124.30899962403069,448.8852966278896
"(17.0, 917.4391372010838)",69.24434547735089,12.026616841484003,0.16233420179502822,1.6738054905609976,147.25794454249632
"(18.0, 917.4391372010838)",68.90392235262658,12.317159529946109,0.16626249351985642,1.9605379202945536,150.5751806834633
"(19.0, 917.4391372010838)",68.57534694678324,12.604993953793391,0.17013990176973895,2.2624720844564554,153.83053259865002
"(20.0, 917.4391372010838)",68.2533147630483,12.89224501094979,0.1740187986194454,2.5795436438946227,157.0721128182985
"(21.0, 917.4391372010838)",67.93923871482895,13.178318950251812,0.17788053436657086,2.9117031637213198,160.28286081041318
"(22.0, 917.4391372010838)",67.63258860379798,13.463389175305936,0.18172781540168192,3.258902160880537,163.46530800667634
"(23.0, 917.4391372010838)",67.33285377425902,13.747580951184744,0.18556445750498896,3.62111658702666,166.62297920153756
"(24.0, 917.4391372010838)",67.03983060723394,14.030961830392709,0.18938954926866733,3.9983069204240516,169.75507775552427
"(25.0, 917.4391372010838)",66.75305967901635,14.313668022101904,0.19320578901006125,4.390454448045002,172.8640979236002
"(26.0, 917.4391372010838)",66.47237515543725,14.595735500148896,0.19701282253534627,4.797544086120473,175.94972983825784
"(27.0, 917.4391372010838)",66.19741151550357,14.877264015163707,0.20081282272925466,5.219565271793111,179.01397755184848
"(28.0, 917.4391372010838)",65.92792047983363,15.158331774041038,0.20460623189343927,5.656516157448156,182.05724869683365
"(29.0, 917.4391372010838)",65.66398797140874,15.438977679237345,0.2083880992583519,6.108393079690783,185.0750049068654
"(30.0, 917.4391372010838)",65.40564786678702,15.718979823993772,0.21216210144862138,6.575206190450536,188.07060910934146
"(31.0, 917.4391372010838)",65.14802601487953,15.999748119017491,0.21598324152860174,7.056959687499346,191.0945190703943
"(32.0, 917.4391372010838)",64.90050714838807,16.279020073048528,0.21972789385906913,7.553669851612524,194.03329950946318
"(33.0, 917.4391372010838)",64.65423880031966,16.55885811886882,0.223510968505349,8.065354801043874,196.9923552994821
"(34.0, 917.4391372010838)",64.41279469814705,16.83841997772805,0.22728447379873568,8.59203674321999,199.9276347978944
"(35.0, 917.4391372010838)",64.14418132935467,17.148398266730183,0.23146849610306502,9.133804276351137,203.22445307767725
"(36.0, 917.4391372010838)",63.941548099084336,17.39753261970262,0.23482976372296344,9.690507767119074,205.75150805201088
"(37.0, 917.4391372010838)",63.712022466809344,17.67703968264592,0.23859532802805425,10.262363772160738,208.63432811410692
"(38.0, 917.4391372010838)",63.484945747679184,17.956782235344786,0.2423777043500549,10.849352675234602,211.51743928045914
"(39.0, 917.4391372010838)",63.261299984570044,18.23672345800536,0.24615865092305678,11.451524724195433,214.38405559323655
"(40.0, 917.4391372010838)",63.040964711340706,18.516854892260636,0.24993992540800017,12.06892627255383,217.23574324586508
"(41.0, 917.4391372010838)",62.823412614496235,18.797331854021007,0.2537263156406653,12.701618616160374,220.07683349042145
"(42.0, 917.4391372010838)",62.60983495446717,19.078012944190444,0.25749975704533384,13.349660142069588,222.89069479109014
"(43.0, 917.4391372010838)",62.39657693267679,19.359432939643934,0.26131072282105633,14.013119614386996,225.7235644719545
"(44.0, 917.4391372010838)",62.18652500226009,19.641234338605003,0.26511679406816513,14.692072858493312,228.53644994892153
"(45.0, 917.4391372010838)",61.97872536601914,19.923592797771597,0.26892993977376034,15.386598004387597,231.3402539091905
"(46.0, 917.4391372010838)",61.77318181832078,20.206585695233148,0.2727478891408815,16.096780633721107,234.13280745310604
"(47.0, 917.4391372010838)",61.56890778361301,20.490229539134667,0.27658699545680504,16.822712960001716,236.9290215129296
"(47.99999999999999, 917.4391372010838)",61.36755351081007,20.77475150943112,0.28041299337275194,17.56449298034148,239.69736171952925
"(49.0, 917.4391372010838)",61.166726770922246,21.060084960441646,0.28426849260954445,18.322225229763973,242.47681536338916
"(50.0, 917.4391372010838)",60.9675421347029,21.34632400335558,0.28813190159760055,19.09601999609445,245.24746320571577
"(51.0, 917.4391372010838)",60.769372549400025,21.633509875319692,0.2920128648717368,19.885995193075644,248.01803560646724
"(52.0, 917.4391372010838)",60.572622033924766,21.921827056963448,0.29589995581784023,20.692273391351012,250.77792677200716
"(53.0, 917.4391372010838)",60.37659775461667,22.211218986265784,0.2998063751546395,21.514985135775706,253.5391170134812
"(54.0, 917.4391372010838)",60.181313795615054,22.50181094790098,0.30372882123554173,22.35426428664632,256.2984434107913
"(55.0, 917.4391372010838)",59.986567595207596,22.793735326759208,0.3076674287718042,23.21025558719062,259.0558848100893
"(56.0, 917.4391372010838)",59.78966097400944,23.08996677198631,0.31166764351595905,24.083107029698617,261.8529869310778
"(57.0, 917.4391372010838)",59.59850153383772,23.381410829070614,0.3156016468837339,24.9729683445511,264.5723342717028
"(58.0, 917.4391372010838)",59.4051031184988,23.677415820810594,0.31959272551209694,25.880005464054342,267.3268688855067
"(59.0, 917.4391372010838)",59.2112544804983,23.97497115773594,0.3236116034106673,26.80438128670446,270.08956893463744
"(59.99999999999999, 917.4391372010838)",59.017286813095765,24.274140478090988,0.3276516047027453,27.746267528144426,272.8541379928928
"(61.0, 917.4391372010838)",58.823284101704594,24.574930174412422,0.33171165711047795,28.705839744457535,275.6194167545211
"(61.99999999999999, 917.4391372010838)",58.62896433021613,24.877432976077305,0.33579434759661353,29.683280432129713,278.3875961039082
"(63.0, 917.4391372010838)",58.43415272395008,25.18169275955737,0.33990168989337993,30.678785664510958,281.16032744446187
"(64.0, 917.4391372010838)",58.23878946946985,25.487797151753075,0.3440328545254019,31.69253570544073,283.93666951917
"(65.0, 917.4391372010838)",58.042745984494736,25.795751345060697,0.34819005807579073,32.724731796550486,286.71845466649825
"(66.0, 917.4391372010838)",57.84619876182793,26.10567114182896,0.3523682372363885,33.77557744232549,289.50083410489356
"(67.0, 917.4391372010838)",57.64786304843933,26.41745453528046,0.3565902155913876,34.84527684416267,292.30454288234847
"(68.0, 917.4391372010838)",57.449435503025214,26.73144931585691,0.3608213279472533,35.93404230852589,295.0975654871515
"(69.0, 917.4391372010838)",57.249783483434186,27.04738523296458,0.36508655225876174,37.04208685635487,297.90260465164187
"(70.0, 917.4391372010838)",57.04884446887869,27.36551695575113,0.36938068454226064,38.16962880076495,300.7146677244324
"(71.0, 917.4391372010838)",56.84666024019588,27.685821334848914,0.3737041428438182,39.316890363429515,303.5339160156736
"(72.0, 917.4391372010838)",56.64315210888545,28.00834050592104,0.37805749595416993,40.484096852336314,306.3606460482596
"(73.0, 917.4391372010838)",56.43824579840421,28.333114592852077,0.38244128550603734,41.67147677854107,309.1951262261912
"(74.0, 917.4391372010838)",56.231871425487384,28.660181685279888,0.3868560256695825,42.87926164425285,312.0375967670892
"(74.99999999999999, 917.4391372010838)",56.02396347642783,28.989577818758733,0.3913022028863106,44.107685729314184,314.88826967158604
"(76.0, 917.4391372010838)",55.81446078021437,29.321336956871026,0.3957802756258531,45.356985876381984,317.74732871500777
"(77.0, 917.4391372010838)",55.60330647539552,29.655490976181646,0.4002906741867746,46.62740127501946,320.6149294805351
"(78.0, 917.4391372010838)",55.390447975474395,29.99206965244291,0.4048338005066344,47.919173244986,323.4911994016564
"(78.99999999999999, 917.4391372010838)",55.175836927598844,30.331100649661074,0.40941002801705,49.2325450188851,326.3762378465488
"(80.0, 917.4391372010838)",54.95942917087283,30.67260950979908,0.414019701504096,50.5677615244805,329.2701162076876
"(81.0, 917.4391372010838)",54.741184688210865,31.016619645331364,0.41866313700806274,51.92506916682504,332.17287802775115
"(82.00000000000001, 917.4391372010838)",54.52106755790885,31.363152332300885,0.4233406217301198,53.30471561049658,335.0845391317549
"(83.0, 917.4391372010838)",54.299045898458154,31.71222670640828,0.4280524139786391,54.70694956214059,338.00508779526314
"(84.0, 917.4391372010838)",54.07509164511183,32.0638599012715,0.43279874199446927,56.132020553588966,340.93448388353136
"(85.0, 917.4391372010838)",53.8491813270524,32.418066339878365,0.4375798096000141,57.580178725800785,343.87266425025064
"(86.00000000000001, 917.4391372010838)",53.62129432824466,32.77485915065227,0.44239578488517356,59.05167461391759,346.81953257253235
"(87.0, 917.4391372010838)",53.3914144951195,33.134248755144526,0.4472468115730611,60.546758933700715,349.7749699918242
"(88.0, 917.4391372010838)",53.15946624178809,33.49633999361063,0.45213145717894837,62.065682369730546,352.7374116059926
"(89.0, 917.4391372010838)",52.92562938984708,33.86085008919064,0.4570544439591332,63.6086953653137,355.71093935447453
"(90.00000000000001, 917.4391372010838)",52.68970995835718,34.228072148451325,0.46201119225157805,65.17604791552462,358.6911016810072
"(91.0, 917.4391372010838)",52.45176905108529,34.597911781379906,0.4670032772966443,66.76798936193713,361.6790944311747
"(92.0, 917.4391372010838)",52.211807780824444,34.97036934417875,0.47203069480351295,68.3847681912075,364.6746651817555
"(93.0, 917.4391372010838)",51.96983095380351,35.34544272854933,0.47709341678614176,70.02663183682813,367.67754082376683
"(94.0, 917.4391372010838)",51.72584716308165,35.723127278653415,0.48219139181711723,71.69382648478984,370.68742798969595
"(95.0, 917.4391372010838)",51.479866970406135,36.10341731586848,0.48732453183626545,73.38659688352186,373.7040011412636
"(96.0, 917.4391372010838)",51.23190471272213,36.48630448306719,0.49249272784679526,75.10518615852459,376.72691715504743
"(97.0, 917.4391372010838)",50.981892160811135,36.871855190710086,0.4976951062737258,76.84983563211044,379.7551332568583
"(98.0, 917.4391372010838)",50.73001927261462,37.2599042532791,0.5029329776656286,78.6207846486725,382.7896124508538
"(99.0, 917.4391372010838)",50.4762237029323,37.650514184666434,0.508205414898004,80.41827040593293,385.8292669590107
"(100.0, 917.4391372010838)",50.220530443287664,38.043669112442316,0.5135122045605444,82.24252779256544,388.87366610168675
"(101.0, 917.4391372010838)",49.96296731946928,38.43935136524894,0.5188531019958441,84.09378923264505,391.9223529965281
"(102.0, 917.4391372010838)",49.70360394075535,38.83756171977717,0.5242267181753079,85.97228453739201,394.97382348311805
"(102.99999999999999, 917.4391372010838)",49.442351532446246,39.23821773747,0.5296361769670922,87.8782407639313,398.03071646323826
"(104.0, 917.4391372010838)",49.1793654416634,39.641357811691336,0.5350777496117802,89.8118820836408,401.08938685568836
"(105.0, 917.4391372010838)",48.914671226028936,40.04695353863728,0.5405513584965103,91.77342965682168,404.1495422950905
"(106.0, 917.4391372010838)",48.64821695047295,40.45492964660661,0.5460592938420223,93.76310151727823,407.2130658857798
"(106.99999999999999, 917.4391372010838)",48.380131273473594,40.86530741495566,0.5515985557772191,95.78111246637185,410.2769906272439
"(108.0, 917.4391372010838)",48.1104255163718,41.27804164698752,0.5571696224770419,97.82767397515161,413.3415437448393
"(109.00000000000001, 917.4391372010838)",47.839141878782826,41.69310202192597,0.5627720823234524,99.90299409714947,416.40613955053607
"(110.0, 917.4391372010838)",47.56641684075871,42.11037750713581,0.5684062486154567,102.0072773906335,419.4708609188358
"(111.0, 917.4391372010838)",47.29201556297399,42.53007269105434,0.5740694709400821,104.14072485140129,422.53307526135023
"(112.0, 917.4391372010838)",47.016263360966626,42.95191634428307,0.5797634776157511,106.30353385488652,425.59417082960806
"(113.0, 917.4391372010838)",46.739112184539124,43.375951702990506,0.5854870966956286,108.49589811005758,428.6528787247474
"(114.00000000000001, 917.4391372010838)",46.460610857978175,43.80214364660629,0.5912397820579626,110.71800762288926,431.70850790732476
"(115.0, 917.4391372010838)",46.180804355169535,44.23045399311998,0.597021097893029,112.97004867089501,434.76047227092926
"(116.0, 917.4391372010838)",45.89974256594192,44.66084565046045,0.6028304758521429,115.25220378831709,437.8080678559917
"(117.0, 917.4391372010838)",45.617429260878666,45.09326902422134,0.6086683537426779,117.56465176204952,440.85151753723693
"(118.0, 917.4391372010838)",45.33404136731189,45.52771591882266,0.6145314086854796,119.90756763824946,443.88759772912346
"(119.0, 917.4391372010838)",45.04949817812243,45.964115215875424,0.6204218832749623,122.28112273972476,446.91819455272815
"(120.0, 917.4391372010838)",44.76388974493503,46.40243661009253,0.6263383137790698,124.68548469378197,449.94179749566956
"(17.0, 918.0315267411304)",68.99325656163411,12.227961975166556,0.1650523567014776,1.7707795764028567,149.75248743847627
"(18.0, 918.0315267411304)",68.67079654150183,12.508112107267495,0.16883428114007393,2.0597904665461098,152.93540241471717
"(19.0, 918.0315267411304)",68.35528368789605,12.78794582025384,0.1726112561917633,2.363996228443066,156.09857882598575
"(20.0, 918.0315267411304)",68.04638715518092,13.067496820779121,0.17638411981362728,2.683334746038952,159.24284805935577
"(21.0, 918.0315267411304)",67.74375497659022,13.346798175268658,0.18015463025846704,3.0177538606071885,162.36987640505714
"(22.0, 918.0315267411304)",67.447379760687,13.625778931479338,0.18392035877226978,3.3672113424284564,165.4774764200548
"(23.0, 918.0315267411304)",67.1569968852744,13.904468061791475,0.18768202180521795,3.7316719639086275,168.56634105579772
"(24.0, 918.0315267411304)",66.87237037221179,14.18288938123478,0.19144010764455427,4.111107807736923,171.63694649267958
"(25.0, 918.0315267411304)",66.59327792832565,14.461070105814278,0.19519508780032516,4.505497093974111,174.6897473717274
"(26.0, 918.0315267411304)",66.32661411759067,14.732705254837992,0.19886159039516574,4.9148278820362306,177.64638155860706
"(27.0, 918.0315267411304)",66.05098772979836,15.016776399826663,0.202695947272792,5.3390824336761264,180.7421875054048
"(28.0, 918.0315267411304)",65.78737334677265,15.294369251481795,0.2064428885795059,5.7782677813685694,183.7428124061243
"(29.0, 918.0315267411304)",65.5291079889622,15.571729683474741,0.21017926745425833,6.232377161176359,186.7188166291888
"(30.0, 918.0315267411304)",65.2742622282136,15.849197795746424,0.21393194624054168,6.701418026191128,189.69485319971477
"(31.0, 918.0315267411304)",65.02442452557388,16.126495082589095,0.21767482971204058,7.185400189125576,192.64695606453463
"(32.0, 918.0315267411304)",64.77879926241384,16.403773566524606,0.2214175607884589,7.684337402432914,195.58396397549308
"(33.0, 918.0315267411304)",64.5397286065985,16.68059843068168,0.22512528648740587,8.198248630126642,198.47386183194095
"(34.0, 918.0315267411304)",64.29957449229722,16.958410474488698,0.2289040334229469,8.727157639870876,201.41396164059984
"(35.0, 918.0315267411304)",64.06584225392399,17.235868381947395,0.23264461863616004,9.271090404205756,204.3040040304563
"(36.0, 918.0315267411304)",63.834997223969204,17.513430511867742,0.23640080075173323,9.830082250217755,207.19330578672165
"(37.0, 918.0315267411304)",63.60960636693765,17.791097943876157,0.24012332850280277,10.404165696726048,210.03662017486397
"(38.0, 918.0315267411304)",63.38432756908597,18.0691860811999,0.24390209502229082,10.993387144859092,212.9164255238148
"(39.0, 918.0315267411304)",63.16371092894694,18.3475702506334,0.24765496490749414,11.597789767029358,215.75727577201857
"(40.0, 918.0315267411304)",62.94604890655632,18.62615723127726,0.2514152563534514,12.217425252295595,218.5897063838761
"(41.0, 918.0315267411304)",62.73101136324614,18.905192826240334,0.25518167781255835,12.852354262673188,221.412471015953
"(42.0, 918.0315267411304)",62.51858207727607,19.184690805324657,0.2589534599699728,13.502635916351597,224.22480429478074
"(43.0, 918.0315267411304)",62.308463416523594,19.46468471552289,0.2627344396076812,14.168338038064315,227.0301606824506
"(44.0, 918.0315267411304)",62.1009123393208,19.745255187578014,0.2665175749524009,14.849541617497044,229.82199461939922
"(45.0, 918.0315267411304)",61.89418235330157,20.026404983258917,0.2703329050506388,15.546319611132674,232.62780994087026
"(46.0, 918.0315267411304)",61.69125508711328,20.308375993462143,0.2741217867910406,16.2587607507005,235.39368169008515
"(47.0, 918.0315267411304)",61.48934439950553,20.591054306288775,0.2779355895460552,16.986957395047142,238.16667621161403
"(47.99999999999999, 918.0315267411304)",61.28886394288284,20.87454861883663,0.2817648162569623,17.731008194809263,240.9379762555039
"(49.0, 918.0315267411304)",61.089919836445205,21.15894430276396,0.2856027661869395,18.491018138955667,243.70132534513053
"(50.0, 918.0315267411304)",60.89226967509974,21.44430219912124,0.2894545232798733,19.267098457753043,246.46127947099512
"(51.0, 918.0315267411304)",60.695522250075506,21.730666841813473,0.293324679820544,20.059366704984964,249.22193694152224
"(52.0, 918.0315267411304)",60.50022559174983,22.018169867858195,0.2972006912480069,20.86793265605581,251.97167167887127
"(53.0, 918.0315267411304)",60.305522858264816,22.306816449432983,0.30109699467228623,21.692965436457925,254.723568279707
"(54.0, 918.0315267411304)",60.11154010788131,22.596692502355705,0.3050092922640757,22.53456972889407,257.473576518527
"(55.0, 918.0315267411304)",59.918071839124835,22.887865378484037,0.3089394909204147,23.392891755798153,260.2233007644977
"(56.0, 918.0315267411304)",59.724997148199854,23.180395263770812,0.31288825573939405,24.268083257717656,262.9731998580875
"(57.0, 918.0315267411304)",59.53224530411141,23.474357616494448,0.31685509083838487,25.16029701583862,265.7226657822234
"(58.0, 918.0315267411304)",59.3392833246377,23.769679995154057,0.32085080097661217,26.069700894772446,268.48144978190135
"(59.0, 918.0315267411304)",59.146803881513755,24.066799373739695,0.3248532855903904,26.996454374737738,271.2291033626808
"(59.99999999999999, 918.0315267411304)",58.95399361234854,24.36541971047629,0.32888362887437744,27.94072979393711,273.9848101417709
"(61.0, 918.0315267411304)",58.76090621032448,24.665710606330887,0.3329369950926419,28.902706383783325,276.74395152971897
"(61.99999999999999, 918.0315267411304)",58.56747252222508,24.967737958666284,0.3370131114892653,29.882567132963803,279.5060941393052
"(63.0, 918.0315267411304)",58.37347794574769,25.271555789850794,0.3411144706835439,30.880498041642063,282.2733402734643
"(64.0, 918.0315267411304)",58.178862300755085,25.577213021318002,0.34524114012938456,31.89669538813955,285.0455555786879
"(65.0, 918.0315267411304)",57.98321293604133,25.88526057941853,0.3493984850891367,32.93135317550876,287.82747153190945
"(66.0, 918.0315267411304)",57.7874922466086,26.194295689945772,0.3535701909139273,33.984674600728084,290.6039075741375
"(67.0, 918.0315267411304)",57.59048011574224,26.505824183886673,0.35777478554769854,35.05683739319456,293.39169521263966
"(68.0, 918.0315267411304)",57.39243579389419,26.81940216255619,0.36200747927926624,36.148140239203144,296.1861386552498
"(69.0, 918.0315267411304)",57.19337298450577,27.135004096345842,0.36626918734511626,37.25871017387909,298.9879510827911
"(70.0, 918.0315267411304)",56.99303445191948,27.452830125487882,0.37055919300440976,38.38879469217144,301.79622700962807
"(71.0, 918.0315267411304)",56.791422743778035,27.77284604954803,0.37487875739940874,39.53861627031471,304.61190172788235
"(72.0, 918.0315267411304)",56.5884603273625,28.09509330283128,0.379228439851729,40.70840055042885,307.43526307031084
"(73.0, 918.0315267411304)",56.384074026132716,28.419611339461294,0.3836087729507815,41.89837636173937,310.2665711415582
"(74.0, 918.0315267411304)",56.178195005742246,28.746437608261388,0.38802026221516706,43.10877550847072,313.1060582194128
"(74.99999999999999, 918.0315267411304)",55.9707587539945,29.07560753082551,0.39246338579628526,44.33983255616506,315.953928696392
"(76.0, 918.0315267411304)",55.7617050559943,29.407154482092967,0.39693859421803096,45.59178461670981,318.8103590557472
"(77.0, 918.0315267411304)",55.55097796576492,29.741109772982288,0.4014463101411183,46.864871132303804,321.6754978711404
"(78.0, 918.0315267411304)",55.3385257721309,30.07750263573573,0.4059869281656206,48.15933365862226,324.54946584220403
"(78.99999999999999, 918.0315267411304)",55.124300961889865,30.416360210786504,0.4105608146542189,49.475415647395806,327.43235584969904
"(80.0, 918.0315267411304)",54.90826017956293,30.757707535382348,0.4151683075796355,50.81336222860514,330.32423303325885
"(81.0, 918.0315267411304)",54.690364181429004,31.101567534896358,0.41980971640591935,52.17341999257075,333.22513490031633
"(82.00000000000001, 918.0315267411304)",54.47057778878507,31.44796101482167,0.42448532198071337,53.55583677211638,336.1350714450382
"(83.0, 918.0315267411304)",54.24886983512459,31.796906655489988,0.4291953764663156,54.96086142508193,339.05402530252405
"(84.0, 918.0315267411304)",54.02521311149076,32.148421008136424,0.4339401032822168,56.388743617408515,341.9819519129688
"(85.0, 918.0315267411304)",53.79958430832236,32.50251849248228,0.4387196970816782,57.83973360707427,344.918779716225
"(86.00000000000001, 918.0315267411304)",53.57196395122921,32.85921139781706,0.4435343237516963,59.314082029144295,347.8644103667203
"(87.0, 918.0315267411304)",53.342336336056334,33.21850988427411,0.4483841204440929,60.81203968223302,350.8187189755365
"(88.0, 918.0315267411304)",53.11068928087648,33.58042214574679,0.45326919418549144,62.33385731668839,353.78155304614023
"(89.0, 918.0315267411304)",52.87701494328486,33.94495362369856,0.458189629178583,63.87978542481683,356.7527393869501
"(90.00000000000001, 918.0315267411304)",52.64130795992701,34.31210860164579,0.4631454725035853,65.4500740334647,359.7320711922439
"(91.0, 918.0315267411304)",52.40356714748451,34.68188863109031,0.468136748693165,67.04497249938572,362.71932162702944
"(92.0, 918.0315267411304)",52.163794524569546,35.05429333905154,0.47316345271117755,68.66472930765973,365.7142375828872
"(93.0, 918.0315267411304)",51.92199540204924,35.42932028525895,0.4782255516242955,70.30959187364371,368.71654141062754
"(94.0, 918.0315267411304)",51.67817828827738,35.8069649823323,0.4833229848709423,71.97980634879143,371.72593136136
"(95.0, 918.0315267411304)",51.43235478882714,36.18722091977686,0.4884556645698388,73.67561743078427,374.74208205961827
"(96.0, 918.0315267411304)",51.18453950653614,36.570079588550676,0.49362347587061084,75.39726817836373,377.76464501039663
"(97.0, 918.0315267411304)",50.93466676982452,36.955604961025564,0.4988255629612709,77.14499983130864,380.7925933115307
"(98.0, 918.0315267411304)",50.68292282946748,37.343635841977395,0.5040631858285198,78.91905163597464,383.8268444241795
"(99.0, 918.0315267411304)",50.42924762164239,37.734232209541375,0.5093354418137401,80.71966067681358,386.86633259482244
"(100.0, 918.0315267411304)",50.1736668392758,38.12737804174433,0.5146421053948936,82.5470617143252,389.9106160266188
"(101.0, 918.0315267411304)",49.91620814742065,38.52305515610349,0.5199829421899896,84.40148702983353,392.9592472681876
"(102.0, 918.0315267411304)",49.65690216026143,38.921243950122694,0.5253576749209101,86.2831662775038,396.0117421153098
"(102.99999999999999, 918.0315267411304)",49.39578124178753,39.32192289977922,0.5307660144762563,88.19232634402233,399.06760826792015
"(104.0, 918.0315267411304)",49.132879366812546,39.72506867467638,0.536207659136988,90.12919121629972,402.12634475151697
"(105.0, 918.0315267411304)",48.868232619882335,40.13065649326979,0.5416822779706626,92.0939818575829,405.1874267964379
"(106.0, 918.0315267411304)",48.601880515247586,40.538660511173696,0.5471894810279756,94.08691609232109,408.25027859247814
"(106.99999999999999, 918.0315267411304)",48.333860351766404,40.94905226392459,0.5527289454380325,96.10820850012412,411.31438915436786
"(108.0, 918.0315267411304)",48.06421621764389,41.361802956172234,0.5583002205255228,98.15807031909448,414.379133509861
"(109.00000000000001, 918.0315267411304)",47.793078194145295,41.77680491052757,0.5639036527875028,100.23670935876888,417.44462194464256
"(110.0, 918.0315267411304)",47.52022112892368,42.19425424415102,0.5695367087668232,102.34432992333659,420.5083243609887
"(111.0, 918.0315267411304)",47.245960093640555,42.61389481746539,0.57520088706877,104.48113274409927,423.57141579449626
"(112.0, 918.0315267411304)",46.97024918053745,43.0357587822903,0.5808953115173096,106.64731492340488,426.6328947855954
"(113.0, 918.0315267411304)",46.69313634894568,43.45981898823157,0.5866192605666369,108.8430698881968,429.6919055055459
"(114.00000000000001, 918.0315267411304)",46.41467123528128,43.886038910418605,0.5923722088438849,111.06858735448526,432.7477759294821
"(115.0, 918.0315267411304)",46.134897498631055,44.3143761898223,0.5981538493826213,113.32405330242331,435.80003827238863
"(116.0, 918.0315267411304)",45.8538629155371,44.74479464457363,0.6039636168041382,115.60964996213501,438.84799126866307
"(117.0, 918.0315267411304)",45.57159627556588,45.1772455132103,0.609801547074397,117.92555581026572,441.89148945954634
"(118.0, 918.0315267411304)",45.288209201810375,45.61172053118269,0.6156652939716246,120.27194557720762,444.92820420908976
"(119.0, 918.0315267411304)",45.00368513869689,46.048147880750804,0.621556153909513,122.64899026515343,447.9591546637418
"(120.0, 918.0315267411304)",44.718095791710454,46.486497741651284,0.6274729208320774,125.0568571765335,450.9830663236549
"(17.0, 918.6124166618715)",68.7555264789335,12.421025358641323,0.16765764079677736,1.8674166939410595,152.14497389021457
"(18.0, 918.6124166618715)",68.44803807851216,12.692268788250315,0.17131985543165915,2.1585886636596583,155.2179577565792
"(19.0, 918.6124166618715)",68.14591850748816,12.96418384280893,0.17498859189051125,2.4649575082880113,158.28173577651248
"(20.0, 918.6124166618715)",67.84847503032422,13.236855144943101,0.17867060390141482,2.786460083636895,161.34257515267777
"(21.0, 918.6124166618715)",67.55647217194242,13.50985489980854,0.18235555967594896,3.1230445834206058,164.39103678223097
"(22.0, 918.6124166618715)",67.26965234251837,13.78316252920015,0.18604465303906073,3.4746673603677007,167.4282609748633
"(23.0, 918.6124166618715)",66.98732516127687,14.056875677391838,0.18974510701612468,3.8412924837805944,170.46091882206713
"(24.0, 918.6124166618715)",66.71109163400475,14.330506500858728,0.19343250018110922,4.22289220289702,173.46660424941962
"(25.0, 918.6124166618715)",66.43915944684595,14.604435065901077,0.197130201874244,4.619444019456369,176.4668071212855
"(26.0, 918.6124166618715)",66.17201785675823,14.87848882305345,0.2008292110658057,5.030935332449416,179.45327158100744
"(27.0, 918.6124166618715)",65.90946712251267,15.152671901298838,0.20453032283726105,5.457361816529752,182.4267323256394
"(28.0, 918.6124166618715)",65.65138017813608,15.426968516277892,0.2082335752911637,5.898708662932765,185.3872391654249
"(29.0, 918.6124166618715)",65.39771927632805,15.701386440211229,0.21193681225462752,6.354981121396173,188.33280616344058
"(30.0, 918.6124166618715)",65.14823422299527,15.975927959527418,0.21564260300979848,6.826186512924071,191.26578617316346
"(31.0, 918.6124166618715)",64.90281781168743,16.25060904726418,0.2193502452554425,7.312331940055854,194.1855269494204
"(32.0, 918.6124166618715)",64.66152141975718,16.525344315465958,0.22305915663281145,7.813434251048267,197.0914766819776
"(33.0, 918.6124166618715)",64.42254768726688,16.80075119448593,0.22678518096726,8.329510929341344,199.99817222209325
"(34.0, 918.6124166618715)",64.19088936995865,17.07536297901377,0.23047054212290413,8.860586066712687,202.85251560217992
"(35.0, 918.6124166618715)",63.95975887382999,17.351044807160818,0.23419350728864233,9.40668738209533,205.72637631484403
"(36.0, 918.6124166618715)",63.731013424055305,17.626942527759404,0.23793935041044903,9.967847199938955,208.60619449955948
"(37.0, 918.6124166618715)",63.507757343871425,17.90293833714532,0.2416516915534171,10.544102865445097,211.44014150286856
"(38.0, 918.6124166618715)",63.286943457930455,18.179208800269443,0.24538214563842276,11.13549608816056,214.27558972242628
"(39.0, 918.6124166618715)",63.06891288136589,18.455987099286983,0.2491167159982769,11.742074942914424,217.09963357113182
"(40.0, 918.6124166618715)",62.85318609672223,18.733228977470436,0.2528644349132974,12.363890620831903,219.92051902271075
"(41.0, 918.6124166618715)",62.64090679382435,19.01079908400909,0.25660730158843487,13.001000778504189,222.72165266672965
"(42.0, 918.6124166618715)",62.43093259777021,19.288871148543627,0.26036083895847945,13.65346920088144,225.5172302788797
"(43.0, 918.6124166618715)",62.222850762734566,19.56771515675001,0.26412442625887617,14.321364229862574,228.30661327523393
"(44.0, 918.6124166618715)",62.01693236948895,19.847144412452025,0.26789773251180293,15.004760540696655,231.08942294020628
"(45.0, 918.6124166618715)",61.81333885763865,20.1272325907559,0.27167554797738575,15.703735101773205,233.86079657367134
"(46.0, 918.6124166618715)",61.61096351184548,20.40849043326649,0.2754731842934891,16.418386507410226,236.6347010419729
"(47.0, 918.6124166618715)",61.41110517773378,20.6897439270134,0.27926933903238566,17.148795586328887,239.39148684177445
"(47.99999999999999, 918.6124166618715)",61.212372072316064,20.972301443491556,0.28308292644868627,17.895065536628987,242.1484256441135
"(49.0, 918.6124166618715)",61.014947937719874,21.25580056425905,0.286910362946787,18.657298541903813,244.9021233299789
"(50.0, 918.6124166618715)",60.818811933569734,21.54029964647268,0.2907503840565161,19.435616089841485,247.65129685368206
"(51.0, 918.6124166618715)",60.623730730372415,21.825873186900886,0.2946049695208544,20.230126741523545,250.39765627062553
"(52.0, 918.6124166618715)",60.429559954477504,22.11258515550515,0.29847499339606304,21.040946013180832,253.14188898351276
"(53.0, 918.6124166618715)",60.236158288418395,22.400502038441733,0.30236117878318935,21.86823761938734,255.88449552737043
"(54.0, 918.6124166618715)",60.04479193822182,22.688090192512277,0.3062431211178611,22.712111638386006,258.60662193776665
"(55.0, 918.6124166618715)",59.85110163997043,22.980180864494503,0.31018592559602565,23.57271278508305,261.36792994118156
"(56.0, 918.6124166618715)",59.65910090177945,23.27215174583333,0.31412519322897337,24.450193516041885,264.1091093704027
"(57.0, 918.6124166618715)",59.46726317591831,23.565375493819175,0.3180901494948182,25.34471279688626,266.85684814688466
"(58.0, 918.6124166618715)",59.27575330121971,23.860334745066115,0.32206599566983773,26.256431195395397,269.59739141148606
"(59.0, 918.6124166618715)",59.082959686460605,24.156753566553995,0.32608605168209726,27.18551037265372,272.36118560276554
"(59.99999999999999, 918.6124166618715)",58.892146926282486,24.454906032846406,0.3300912829658373,28.13212604687927,275.0938251173862
"(61.0, 918.6124166618715)",58.699944714868806,24.75470255810845,0.3341383639658701,29.096452536923255,277.8471974852087
"(61.99999999999999, 918.6124166618715)",58.50732290759488,25.0562726327091,0.338208749283728,30.078682556739306,280.6040739589751
"(63.0, 918.6124166618715)",58.31393068186337,25.35967803692718,0.34230682596255585,31.078993746558673,283.3683068907594
"(64.0, 918.6124166618715)",58.120382380789906,25.664906290929963,0.3464236276077869,32.09758509946686,286.13146064609447
"(65.0, 918.6124166618715)",57.92581555409236,25.972072043680022,0.3505702473958573,33.13465218216241,288.9035299878962
"(66.0, 918.6124166618715)",57.73041302302322,26.28121897654988,0.3547430431710962,34.19039900424157,291.6809651771457
"(67.0, 918.6124166618715)",57.534084662417364,26.59239994206076,0.3589425480514565,35.265033581105904,294.4640479272125
"(68.0, 918.6124166618715)",57.336654667746934,26.905635138838132,0.3631713950110594,36.35876497679855,297.2549878567738
"(69.0, 918.6124166618715)",57.1381174103184,27.221000076073132,0.3674281826791483,37.47180866997068,300.0522821706013
"(70.0, 918.6124166618715)",56.93844280355594,27.538452242166013,0.37171486224759026,38.60438403920014,302.8575038791934
"(71.0, 918.6124166618715)",56.737386775994544,27.858187172704945,0.3760306334870158,39.7567137046456,305.6696952617565
"(72.0, 918.6124166618715)",56.53495402327403,28.18016953721006,0.3803767401947307,40.92902363070072,308.48977292154575
"(73.0, 918.6124166618715)",56.331072430598326,28.504438140616465,0.3847537061950181,42.12154295341317,311.3179889140041
"(74.0, 918.6124166618715)",56.12567417646814,28.831029810373444,0.38916202861702365,43.33450376820954,314.1545678127109
"(74.99999999999999, 918.6124166618715)",55.918695715292515,29.1599793728055,0.39360217757480764,44.568140916044264,316.9997066293249
"(76.0, 918.6124166618715)",55.71007775703773,29.49131963128063,0.3980745958755079,45.822691768259766,319.8535747606385
"(77.0, 918.6124166618715)",55.49976524023799,29.825081347755006,0.40257969876745753,47.09839601041463,322.71631397336785
"(78.0, 918.6124166618715)",55.287707300899555,30.161293226338525,0.4071178737211863,48.39549542532922,325.58803841993233
"(78.99999999999999, 918.6124166618715)",55.07385723865717,30.49998189856788,0.41168948022876695,49.71423367553946,328.46883467167794
"(80.0, 918.6124166618715)",54.858172477400366,30.84117191120924,0.41629484964071245,51.05485608542942,331.3587617869159
"(81.0, 918.6124166618715)",54.64061452293945,31.184885715738297,0.4209342850226592,52.417609423217385,334.2578513972846
"(82.00000000000001, 918.6124166618715)",54.42114891644028,31.531143659819772,0.42560806104250587,53.80274168306998,337.1661078219597
"(83.0, 918.6124166618715)",54.199745184995166,31.879963980455223,0.4303164238764733,55.21050186756162,340.0835081988998
"(84.0, 918.6124166618715)",53.976376787453745,32.231362799401474,0.4350595911477565,56.641139770728465,343.0100026454379
"(85.0, 918.6124166618715)",53.75102105705864,32.585354120355944,0.43983775188914975,58.09490576198274,345.9455144400337
"(86.00000000000001, 918.6124166618715)",53.523659140560525,32.941949828125146,0.44465106653117265,59.57205057116587,348.8899402263133
"(87.0, 918.6124166618715)",53.29427593325076,33.30115969000265,0.44949966692080645,61.072825075017015,351.8431502438113
"(88.0, 918.6124166618715)",53.06286001001869,33.662991359432525,0.45438365637029154,62.5974800853939,354.804988584577
"(89.0, 918.6124166618715)",52.82940355345165,34.02745038140745,0.45930310973843796,64.14626613953769,357.77527347760156
"(90.00000000000001, 918.6124166618715)",52.59385417309412,34.39463372573475,0.46425636532303005,65.7194332928248,360.75222840722057
"(91.0, 918.6124166618715)",52.356355335804224,34.764262178856434,0.4692485661076468,67.31723091377931,363.74032841348406
"(92.0, 918.6124166618715)",52.116765261837806,35.13661559375904,0.47427457775123805,68.939907483457,366.73460854589644
"(93.0, 918.6124166618715)",51.875137853641185,35.51159767082721,0.47933607100594755,70.58771039668133,369.7363561832986
"(94.0, 918.6124166618715)",51.63148209280693,35.889203595378405,0.48443298088615777,72.26088576844337,372.74526551410423
"(95.0, 918.6124166618715)",51.38577881129848,36.26952114304679,0.4895632076898639,73.95967824424046,375.7591630804831
"(96.0, 918.6124166618715)",51.13813675769604,36.652257672031375,0.49473265484129536,75.68433081449872,378.7832288508072
"(97.0, 918.6124166618715)",50.88839985966315,37.03775814624828,0.4999344612865928,77.43508463601924,381.8109190190086
"(98.0, 918.6124166618715)",50.63678029978696,37.42577151426271,0.5051718474778355,79.21217885652831,384.84495278462856
"(99.0, 918.6124166618715)",50.38322110739667,37.816354863240456,0.510443932768778,81.01585044709951,387.8842842040175
"(100.0, 918.6124166618715)",50.127749427892965,38.209494841485245,0.515750394051573,82.84633404028905,390.9283818337389
"(101.0, 918.6124166618715)",49.87039118448375,38.605164736674936,0.5210912423840196,84.70386177523343,393.9770236924879
"(102.0, 918.6124166618715)",49.61117917121654,39.00335235568529,0.5264659672478784,86.58866315005089,397.0295113137524
"(102.99999999999999, 918.6124166618715)",49.35014489272649,39.40403378051119,0.5318743501495452,88.5009648818846,400.08541726945157
"(104.0, 918.6124166618715)",49.087324111947154,39.807185419449894,0.537316064378409,90.44099077502582,403.14421763487013
"(105.0, 918.6124166618715)",48.8228024556341,40.21282561483882,0.5427888842370329,92.4089615978676,406.203647088314
"(106.0, 918.6124166618715)",48.55646797391572,40.620797214608835,0.5482981771829186,94.40509496621519,409.2684186270847
"(106.99999999999999, 918.6124166618715)",48.288498712441445,41.03122101667339,0.5538375322455682,96.42960524177037,412.33242869237824
"(108.0, 918.6124166618715)",48.01892636302524,41.44396996624633,0.5594093043496331,98.482703431856,415.39762953989685
"(109.00000000000001, 918.6124166618715)",47.74775199661233,41.85906679819061,0.5650122661250708,100.56459710513079,418.462686123621
"(110.0, 918.6124166618715)",47.47503375413494,42.27645931116315,0.5706463101491965,102.6754903144831,421.5272957108502
"(111.0, 918.6124166618715)",47.200816769413876,42.69611877500552,0.5763108603213628,104.81558353071662,424.5907286175728
"(112.0, 918.6124166618715)",46.925979775558034,43.11833829266436,0.5819840725151377,106.98507361298552,427.632721698863
"(113.0, 918.6124166618715)",46.64807334809388,43.54209564904551,0.5877296713017072,109.1841536306231,430.71162006772556
"(114.00000000000001, 918.6124166618715)",46.36963909905523,43.96833795187676,0.5934830669181099,111.41301309334094,433.76790125620323
"(115.0, 918.6124166618715)",46.08989463889699,44.39670105022651,0.5992650673798872,113.67183766173667,436.82049410514065
"(116.0, 918.6124166618715)",45.80888656096677,44.82714608920643,0.6050751934285186,115.96080926631521,439.86877643120556
"(117.0, 918.6124166618715)",45.52665136493194,45.25962685833257,0.6109132916360167,118.28010607813462,442.91242912248543
"(118.0, 918.6124166618715)",45.243277595805885,45.69412654118687,0.6167775914868924,120.62990251669642,445.94965134196633
"(119.0, 918.6124166618715)",44.95877100488044,46.130581286681334,0.6226688337160949,123.0103692685282,448.9809528514428
"(120.0, 918.6124166618715)",44.67319639450043,46.56895854107184,0.6285859866690364,125.42167331632493,452.0052189775056
"(17.0, 919.1796034488679)",68.53079790812654,12.605645392679904,0.17015196627810414,1.9632191022507328,154.43699778730218
"(18.0, 919.1796034488679)",68.23671566780537,12.868908812396082,0.17370482606151735,2.2564369502588457,157.40949618612123
"(19.0, 919.1796034488679)",67.94643065270152,13.13372111374338,0.17727840795637612,2.5648606448602407,160.38583608052818
"(20.0, 919.1796034488679)",67.65988807509204,13.39991622723105,0.1808717618836841,2.888425617319199,163.3652087460236
"(21.0, 919.1796034488679)",67.37760118008207,13.66711418711887,0.18447833019985593,3.227077617822663,166.34164078019023
"(22.0, 919.1796034488679)",67.09943894572154,13.935215775068588,0.18809813599928535,3.5807724622786257,169.3151975950157
"(23.0, 919.1796034488679)",66.8258904214426,14.203886101026471,0.19172515584423433,3.94947385041489,172.2803788696608
"(24.0, 919.1796034488679)",66.55627187580217,14.4733960585398,0.19536158093693787,4.3331531985808995,175.23922729617755
"(25.0, 919.1796034488679)",66.29105671295963,14.743327588523197,0.19900512694028757,4.731788269313643,178.1896653959515
"(26.0, 919.1796034488679)",66.03026259791714,15.013533464654612,0.20265219937593462,5.145365849145899,181.12840241126662
"(27.0, 919.1796034488679)",65.77319888595791,15.284521878667187,0.20630994526716884,5.573873795467656,184.06201988276624
"(28.0, 919.1796034488679)",65.51870388177134,15.556187950559481,0.20999084621640243,6.0173091193952795,187.00199363368972
"(29.0, 919.1796034488679)",65.27054996724941,15.827472562356473,0.21364869292141717,6.4756715928030655,189.9058492440741
"(30.0, 919.1796034488679)",65.02667364184943,16.09899869156302,0.2173055982626875,6.94896764460246,192.79390599371362
"(31.0, 919.1796034488679)",64.78537537374756,16.371270543755283,0.22097894073336152,7.437206175382779,195.68212893845936
"(32.0, 919.1796034488679)",64.5478244359162,16.64377776123504,0.22465720616771986,7.94040411639377,198.5599175607815
"(33.0, 919.1796034488679)",64.31380597202043,16.916616231016906,0.22833993288987608,8.458577675594219,201.4268312896632
"(34.0, 919.1796034488679)",64.08319615083846,17.189797028032107,0.2320273714823015,8.991752005022185,204.28307530336286
"(35.0, 919.1796034488679)",63.85539911205687,17.463502753666845,0.2357241725625089,9.539955009298758,207.13289645002067
"(36.0, 919.1796034488679)",63.65196494878049,17.717005290367137,0.23914533742982635,10.103247214466785,209.7142692109267
"(37.0, 919.1796034488679)",63.41002049315144,18.011647661245384,0.24312897821031487,10.681580055317564,212.7976177229681
"(38.0, 919.1796034488679)",63.192361133972085,18.28635892017315,0.24682868740399913,11.275083047989046,215.60481195982342
"(39.0, 919.1796034488679)",62.97754726372861,18.56154814513051,0.25053327460081615,11.88377549240547,218.40130050591904
"(40.0, 919.1796034488679)",62.764175832632965,18.83733400035909,0.25426417456771266,12.50770784453817,221.20673530586566
"(41.0, 919.1796034488679)",62.55684810160767,19.110332299210498,0.2579506621466429,13.14693970398324,223.9560476373409
"(42.0, 919.1796034488679)",62.34546001462954,19.390643043881138,0.2617347521795122,13.801532239770204,226.77971347738148
"(43.0, 919.1796034488679)",62.13907087633562,19.668179745191882,0.26549154269976016,14.471556075111764,229.56285486268192
"(44.0, 919.1796034488679)",61.93597247690517,19.94643970795387,0.26923503499453616,15.157087749143955,232.31826495167584
"(45.0, 919.1796034488679)",61.7332584608507,20.22541094675221,0.2730164834061316,15.858206406034252,235.0929765462182
"(46.0, 919.1796034488679)",61.532830736403085,20.505296099897627,0.2767965156582011,16.57500004030325,237.85071145843037
"(47.0, 919.1796034488679)",61.33404168866073,20.78601793629254,0.2805883010686987,17.30756191836656,240.60348139035145
"(47.99999999999999, 919.1796034488679)",61.13806984708962,21.067593264671938,0.28437107242695014,18.055991564366416,243.33209802136687
"(49.0, 919.1796034488679)",60.94210612724134,21.35027981126377,0.2881861170746579,18.82039501362761,246.07440579852548
"(50.0, 919.1796034488679)",60.74744210626364,21.633953975996015,0.29201440620747726,19.600884485897605,248.81280161324796
"(51.0, 919.1796034488679)",60.55372273474308,21.918744618294983,0.2958585276272384,20.397573946176088,251.54955015519482
"(52.0, 919.1796034488679)",60.36085402174936,22.2047111341778,0.29971854147161053,21.210601789547752,254.28456830660028
"(53.0, 919.1796034488679)",60.16869198356956,22.49192265850548,0.30359518713442357,22.04008593718226,257.018417782022
"(54.0, 919.1796034488679)",59.977117524719745,22.78042095559623,0.3074894644711374,22.88616302456698,259.7518809927178
"(55.0, 919.1796034488679)",59.78524189096891,23.070179487667886,0.3114167700033382,23.748991386363745,262.4989517726319
"(56.0, 919.1796034488679)",59.59509501242286,23.361586887914964,0.31533402079499334,24.62870709796968,265.21989309030937
"(57.0, 919.1796034488679)",59.404386587730755,23.654367873523594,0.31928613048112536,25.525469623454686,267.9558291789096
"(58.0, 919.1796034488679)",59.213695712126324,23.948655480123932,0.32326037663076096,26.43944108922056,270.69490371297394
"(59.0, 919.1796034488679)",59.022945377054505,24.24464348154758,0.3272533920058712,27.370786424057645,273.433856667196
"(59.99999999999999, 919.1796034488679)",58.83219746040587,24.54224775710873,0.33126666382392,28.319684004569066,276.17387668493114
"(61.0, 919.1796034488679)",58.640575301582196,24.841594244188446,0.33531125754286434,29.286305472104363,278.92496326808686
"(61.99999999999999, 919.1796034488679)",58.44881326098256,25.142709197353923,0.3393751705723333,30.270839677400325,281.6758950296689
"(63.0, 919.1796034488679)",58.256438966251544,25.445658073847298,0.3434646149933409,31.273405466556984,284.4322631417402
"(64.0, 919.1796034488679)",58.06365631071397,25.75046977587411,0.3475761070234492,32.29440058295954,287.1904676391557
"(65.0, 919.1796034488679)",57.86954425667132,26.057294525300673,0.35172060103145103,33.333812618273264,289.96058996261337
"(66.0, 919.1796034488679)",57.67481771175968,26.366082113177036,0.35588854196137115,34.39193063922652,292.73355823282236
"(67.0, 919.1796034488679)",57.47910795259334,26.676910665833944,0.3600842014880985,35.46894531277432,295.5131082192583
"(68.0, 919.1796034488679)",57.28233510037025,26.989830581376946,0.3643078506155944,36.565072751681335,298.2992729104701
"(69.0, 919.1796034488679)",57.08408217343581,27.304812463580713,0.36856715920817,37.68052991650986,301.0988853287316
"(70.0, 919.1796034488679)",56.88526705393641,27.62205831093206,0.372843306262712,38.81553542845817,303.89442697066625
"(71.0, 919.1796034488679)",56.684748175940946,27.941520645772098,0.3771553977426688,39.97031189659429,306.703237039112
"(72.0, 919.1796034488679)",56.48282742267117,28.26324603385597,0.38149803554927575,41.14508589121554,309.52012714148987
"(73.0, 919.1796034488679)",56.27943370001873,28.587272653452334,0.38587173504557826,42.34008684306786,312.3453415582534
"(74.0, 919.1796034488679)",56.07450015994956,28.91363673218807,0.3902769852617067,43.555547127239066,315.1790974208362
"(74.99999999999999, 919.1796034488679)",55.86796418773224,29.242372520924025,0.39471424854254633,44.79170184911349,318.02158460184216
"(76.0, 919.1796034488679)",55.659767383381094,29.573512270681,0.3991839602367066,46.04878862906379,320.87296564446075
"(77.0, 919.1796034488679)",55.44985553684141,29.907086212684586,0.40368652842789254,47.32704738613534,323.733375731865
"(78.0, 919.1796034488679)",55.238178601365014,30.243122539778547,0.4082223336830294,48.62672012095274,326.6029226727856
"(78.99999999999999, 919.1796034488679)",55.024690659214606,30.581647391306234,0.41279172884942944,49.94805069806208,329.4816869327291
"(80.0, 919.1796034488679)",54.80934988692796,30.922684838728735,0.4173950388602315,51.291284627956514,332.36972167311586
"(81.0, 919.1796034488679)",54.592118512794066,31.26625687472326,0.42203256058741556,52.65666884898796,335.267052834263
"(82.00000000000001, 919.1796034488679)",54.372962773617346,31.612383403045783,0.4267045627053369,54.04445150940926,338.1736792279049
"(83.0, 919.1796034488679)",54.15185286561974,31.961082231150456,0.4314112855914363,55.4548817497718,341.08957266353093
"(84.0, 919.1796034488679)",53.928762892656835,32.31236906440581,0.436152941247202,56.88820948594797,344.01467809271253
"(85.0, 919.1796034488679)",53.70367081009075,32.66625750248825,0.4409297132508685,58.34468519301501,346.9489137817413
"(86.00000000000001, 919.1796034488679)",53.476558364710975,33.022759037960334,0.4457417567378686,59.824559690303516,349.89217150861225
"(87.0, 919.1796034488679)",53.24741103148849,33.38188305674914,0.45058919840720624,61.328083927873095,352.844316782406
"(88.0, 919.1796034488679)",53.01621794525887,33.74363684131965,0.4554721365646167,62.85550877475668,355.8051890947163
"(89.0, 919.1796034488679)",52.78297182898499,34.108025576041115,0.46039064119416095,64.40708480926739,358.7746021951515
"(90.00000000000001, 919.1796034488679)",52.547630005978355,34.475142882537966,0.46534298311415145,65.98306211182626,361.7507165747527
"(91.0, 919.1796034488679)",52.31030888156204,34.844718191794364,0.47033448886463164,67.58369006001091,364.7381789029071
"(92.0, 919.1796034488679)",52.07089473401389,35.21702203481768,0.47535983140080135,69.20921712812866,367.7318441943806
"(93.0, 919.1796034488679)",51.82943275091947,35.591960781334485,0.4804207397970346,70.85989068849274,370.7330544067573
"(94.0, 919.1796034488679)",51.585932373833465,35.96952929771315,0.4855171447623323,72.53595681800942,373.7414997722577
"(95.0, 919.1796034488679)",51.34037557533465,36.34981319004517,0.49064697651402744,74.237660108702,376.7550331968477
"(96.0, 919.1796034488679)",51.09289803781457,36.73261688707826,0.49581319988819667,75.96524348238047,379.77613697556643
"(97.0, 919.1796034488679)",50.84326399812436,37.11800105861173,0.5010175727383307,77.71894801183325,382.8061858186998
"(98.0, 919.1796034488679)",50.59176379762328,37.50599765144067,0.506254735783341,79.49901274669477,385.840014534748
"(99.0, 919.1796034488679)",50.3383162973197,37.89656869184911,0.5115266527634064,81.30567454501463,388.8791912955799
"(100.0, 919.1796034488679)",50.08294806895265,38.289698004413566,0.5168330781315792,83.13916791227005,391.9232558939727
"(101.0, 919.1796034488679)",49.82568724667739,38.68536590471174,0.5221737994097077,84.99972484667853,394.97178102612526
"(102.0, 919.1796034488679)",49.56656505190512,39.0835530850548,0.5275485117972106,86.88757469193263,398.0242571818679
"(102.99999999999999, 919.1796034488679)",49.30561444798182,39.48423716096264,0.5329569295151877,88.80294399763523,401.0801951294613
"(104.0, 919.1796034488679)",49.04287050187356,39.88739460022083,0.5383987295343232,90.74605638782063,404.13907432291285
"(105.0, 919.1796034488679)",48.77836994481992,40.293000032843764,0.5438735766514254,92.71713243792438,407.2003660748503
"(106.0, 919.1796034488679)",48.51214320588195,40.70103599448576,0.5493809822337108,94.71638956057569,410.26340383135613
"(106.99999999999999, 919.1796034488679)",48.244256628723974,41.11144587256797,0.5549209326630612,96.74404190046998,413.32796093023853
"(108.0, 919.1796034488679)",47.97472012629357,41.52423669768467,0.560492518684406,98.80030023876832,416.39299082162114
"(109.00000000000001, 919.1796034488679)",47.70360381644958,41.93934389274213,0.5660958159912505,100.88537190705274,419.4583557498481
"(110.0, 919.1796034488679)",47.43093139886407,42.356758139785356,0.5717300767484679,102.99946071140943,422.52316451403806
"(111.0, 919.1796034488679)",47.15675662637782,42.77643618967059,0.5773949822442401,105.14276686651803,425.5869239461087
"(112.0, 919.1796034488679)",46.88112635852014,43.198350960984165,0.5830898477524479,107.31548694017475,428.648808091981
"(113.0, 919.1796034488679)",46.60408638721038,43.6224592519501,0.588814409229787,109.51781380827946,431.7083813725355
"(114.00000000000001, 919.1796034488679)",46.32568317439111,44.04872605646909,0.5945681399002398,111.74993662043879,434.7649704363946
"(115.0, 919.1796034488679)",46.045966517285684,44.47711447252894,0.6003504840576243,114.0120407762519,437.81787909017095
"(116.0, 919.1796034488679)",45.76498322183327,44.90758549682563,0.6061609592820796,116.30430791233684,440.8664822667504
"(117.0, 919.1796034488679)",45.48278344574798,45.34010038142954,0.6119989977697766,118.62691590009949,443.91008018102826
"(118.0, 919.1796034488679)",45.19941458515243,45.77461889345746,0.6178640871804884,120.98003885422963,446.9480277856283
"(119.0, 919.1796034488679)",44.91492690419296,46.21110090035158,0.6237556435098877,123.36384715188193,449.97961789853
"(120.0, 919.1796034488679)",44.62936483798179,46.649504652507645,0.6296731908261797,125.77850746242044,453.0042463835707
"(17.0, 919.7309355683601)",68.31952165701061,12.781496110843777,0.17252303854799017,2.057684785453194,156.61709086538607
"(18.0, 919.7309355683601)",68.03739294586113,13.037551283365643,0.17597940110381893,2.3528350024972484,159.50086421547786
"(19.0, 919.7309355683601)",67.75750391155421,13.296042133167383,0.1794693182152908,2.6632055014660208,162.4002784464991
"(20.0, 919.7309355683601)",67.4807371848771,13.556354947296121,0.18298350676948502,2.988729097520458,165.30686277715733
"(21.0, 919.7309355683601)",67.20733878043706,13.81821809573697,0.1865178911050464,3.3293498051670363,168.21692468111482
"(22.0, 919.7309355683601)",66.93738352959095,14.081428208429305,0.19007055052182517,3.685021086650142,171.12874416878137
"(23.0, 919.7309355683601)",66.67102636618115,14.345779601340627,0.193638634425447,4.055706311831184,174.03973609046483
"(24.0, 919.7309355683601)",66.40853513436387,14.611139119395704,0.19721523459704468,4.441375129923142,176.94357709435036
"(25.0, 919.7309355683601)",66.1492835894304,14.877345171521743,0.20081384414068723,4.842004828686827,179.8526999179063
"(26.0, 919.7309355683601)",65.89232346565656,15.144790814363608,0.20443844329857086,5.257582324465293,182.77077839666842
"(27.0, 919.7309355683601)",65.64247551619547,15.411919479169137,0.2080295489538397,5.688092363014777,185.6431193221642
"(28.0, 919.7309355683601)",65.39440704529574,15.680210268267901,0.21165241930778608,6.1335361232378,188.52974150201914
"(29.0, 919.7309355683601)",65.15153761552818,15.948688500203072,0.21526135010614375,6.593909546420631,191.3886133784113
"(30.0, 919.7309355683601)",64.91012326743004,16.218174142344484,0.21890625830164837,7.069218735496804,194.26563901404734
"(31.0, 919.7309355683601)",64.67239971958962,16.488078403180793,0.2225555582332864,7.559474505310005,197.13175728452913
"(32.0, 919.7309355683601)",64.4397023961671,16.75820227135202,0.22618646727832095,8.06469118842847,199.96599997436394
"(33.0, 919.7309355683601)",64.20698339029335,17.029416293988003,0.22987147170656488,8.58488803431607,202.83501569883867
"(34.0, 919.7309355683601)",63.97922926186192,17.30055644332251,0.23354326696619684,9.120088114464037,205.6768793080475
"(35.0, 919.7309355683601)",63.75659807431645,17.572088361593597,0.23718500775541054,9.670319399273161,208.47606968639934
"(36.0, 919.7309355683601)",63.50080160643068,17.87897172551034,0.24132975914031696,10.23570108456758,211.72274407004312
"(37.0, 919.7309355683601)",63.31575172402192,18.117127928326106,0.24455950349118513,10.816013447868633,214.1129275002127
"(38.0, 919.7309355683601)",63.10105966864096,18.390342339123567,0.2482307074772337,11.411555637466144,216.89390518736593
"(39.0, 919.7309355683601)",62.88800441808696,18.66412712913347,0.2519274948174997,12.022290077699639,219.68322042619258
"(40.0, 919.7309355683601)",62.67749409163053,18.938501909385916,0.2556313566332836,12.648269552330554,222.4637972446085
"(41.0, 919.7309355683601)",62.46907467352425,19.21359481566837,0.25934610855329976,13.289550527689075,225.23908852805081
"(42.0, 919.7309355683601)",62.263294179167005,19.489245417524295,0.2630653900216327,13.946201528940318,228.00317575131146
"(43.0, 919.7309355683601)",62.05937868660139,19.76566404192862,0.2667968374396627,14.618287018413083,230.76301788664756
"(44.0, 919.7309355683601)",61.857372345742014,20.042857837031967,0.27053871687062886,15.305884161950184,233.51694301293696
"(45.0, 919.7309355683601)",61.65730962919696,20.320815886663024,0.27429028047529697,16.009076497029746,236.26417978182303
"(46.0, 919.7309355683601)",61.458752905149126,20.599709671862414,0.27805428769241464,16.727948963901994,239.0071811942365
"(47.0, 919.7309355683601)",61.26176710447609,20.879467343105688,0.28183110713233733,17.46259637437886,241.74619146071248
"(47.99999999999999, 919.7309355683601)",61.065777162981156,21.160276184057093,0.2856254938902693,18.213118757999293,244.48548395987302
"(49.0, 919.7309355683601)",60.87171524332345,21.442038370106836,0.2894237772356849,18.979621765452936,247.21237964725216
"(50.0, 919.7309355683601)",60.67838423909337,21.72491064431415,0.29324229330771645,19.762219075677184,249.9417896964403
"(51.0, 919.7309355683601)",60.48595986375986,22.008958138949307,0.29707529502743807,20.561029517505528,252.6683095123267
"(52.0, 919.7309355683601)",60.29412073446135,22.29412017248872,0.3009326061620818,21.37617837392947,255.40084903454684
"(53.0, 919.7309355683601)",60.10335049217801,22.580782442847784,0.3047933096029546,22.207797254508534,258.1200385415937
"(54.0, 919.7309355683601)",59.91296898472655,22.86857595135928,0.3086793824430976,23.056024365659702,260.8459528393941
"(55.0, 919.7309355683601)",59.722918097305815,23.157839448822383,0.31258313868261717,23.921003643641388,263.57137893981655
"(56.0, 919.7309355683601)",59.533067448178144,23.44854516760942,0.31650765363840433,24.802882730751392,266.2989976646447
"(57.0, 919.7309355683601)",59.33728971219083,23.74777560172883,0.3205467390178349,25.701830819508437,269.11492135075184
"(58.0, 919.7309355683601)",59.153628674943114,24.034572022924948,0.3244178485305304,26.617983442563023,271.7591479014962
"(59.0, 919.7309355683601)",58.96369579104134,24.330000376127707,0.32840687823159653,27.55152860813951,274.4944367548913
"(59.99999999999999, 919.7309355683601)",58.77362271637734,24.627138837096574,0.33241639008076884,28.50263970789029,277.2309977393521
"(61.0, 919.7309355683601)",58.58278246700348,24.92598011692102,0.33645681962914825,29.471488085346444,279.97825741052503
"(61.99999999999999, 919.7309355683601)",58.39202737418144,25.226730396472604,0.3405097280988272,30.45826183668225,282.71906895778
"(63.0, 919.7309355683601)",58.20045141639736,25.529242130687088,0.3445936453359197,31.463148255367695,285.4702875603494
"(64.0, 919.7309355683601)",58.00814012281441,25.833708136539563,0.34870262751197706,32.486341885249104,288.226251951487
"(65.0, 919.7309355683601)",57.81499338899745,26.140131447219037,0.35283862043135467,33.52804175956083,290.98855271441846
"(66.0, 919.7309355683601)",57.62092251314542,26.448566290642574,0.35700198678873085,34.588450746833196,293.75732056212956
"(67.0, 919.7309355683601)",57.425804431523694,26.759062372820516,0.36119372820527285,35.667776551722056,296.5332690119375
"(68.0, 919.7309355683601)",57.22969631208523,27.071682225571138,0.3654117841871795,36.766232001032094,299.3142901371462
"(69.0, 919.7309355683601)",57.03229940513442,27.38644199939606,0.36966074001493177,37.88403295690537,302.1043852999202
"(70.0, 919.7309355683601)",56.83369823950263,27.703330941119336,0.37394024190731356,39.02139794499909,304.9030105910733
"(71.0, 919.7309355683601)",56.633696404753955,28.0225299667749,0.378248779023645,40.17855082591637,307.7085525830906
"(72.0, 919.7309355683601)",56.432268484362446,28.3440071291637,0.3825880660934854,41.35571813080845,310.5223618346425
"(73.0, 919.7309355683601)",56.22934436063851,28.6678000044966,0.38695861034961354,42.553129572305025,313.34467515077756
"(74.0, 919.7309355683601)",56.02485811880214,28.993944243213303,0.39136089302915317,43.771017792956336,316.1757024976156
"(74.99999999999999, 919.7309355683601)",55.81874803541453,29.32247354280213,0.3957953690054345,45.00961815098724,319.0156268780054
"(76.0, 919.7309355683601)",55.610956563767736,29.653419622606663,0.40026246644852237,46.269168504807105,321.8646042347917
"(77.0, 919.7309355683601)",55.401430311364265,29.986812202447926,0.4047625865372148,47.54990899654082,324.72276340240103
"(78.0, 919.7309355683601)",55.19012001450344,30.322678983072134,0.40929610319396686,48.85208183479155,327.59020608027964
"(78.99999999999999, 919.7309355683601)",54.976980508154455,30.66104562894153,0.41386336285460507,50.17593107686912,330.4670068388645
"(80.0, 919.7309355683601)",54.76197069082952,31.001935753571264,0.4184646842700001,51.52170241070448,333.35321315526113
"(81.0, 919.7309355683601)",54.545053485632685,31.34537090690027,0.4231003583340357,52.88964293667398,336.2488454731971
"(82.00000000000001, 919.7309355683601)",54.32619579766606,31.691370564474326,0.42777064794049235,54.28000094955766,339.15389728943495
"(83.0, 919.7309355683601)",54.10536846710021,32.039952118957004,0.43247578786636204,55.69302572089214,342.0683352641007
"(84.0, 919.7309355683601)",53.88254621807488,32.391130873720265,0.43721598468629613,57.12896728192782,344.99209935904116
"(85.0, 919.7309355683601)",53.65770760476985,32.74492003813521,0.44199141670950387,58.58807620750416,347.92510299591277
"(86.00000000000001, 919.7309355683601)",53.43078848473415,33.10141693091784,0.44680069769058955,60.070603401129354,350.8658202984326
"(87.0, 919.7309355683601)",53.2019142916317,33.460371954094676,0.45164855814619026,61.57679988114997,353.81835105074646
"(88.0, 919.7309355683601)",52.97089020019484,33.82213808507824,0.45652888743559955,63.10691656973797,356.7768241853886
"(89.0, 919.7309355683601)",52.73789121884177,34.18637163917952,0.46144807302807317,64.66120408217868,359.746863840148
"(90.00000000000001, 919.7309355683601)",52.50270312556426,34.55342180989689,0.4664003047547434,66.23991252082594,362.7228761206225
"(91.0, 919.7309355683601)",52.265598171906134,34.9229494655176,0.47139037135854955,67.84329126970346,365.70901599781206
"(92.0, 919.7309355683601)",52.026352850001935,35.29520560585031,0.47641507005268446,69.47158879386939,368.7020893045519
"(93.0, 919.7309355683601)",51.78504955855087,35.67010268689131,0.4814754161000564,71.12505244144235,371.702782461428
"(94.0, 919.7309355683601)",51.54169818231254,36.047635266439386,0.48657133604403274,72.80392824998256,374.7107818705426
"(95.0, 919.7309355683601)",51.29631148376498,36.42779608161121,0.49170272730728803,74.50846075709609,377.7257486507502
"(96.0, 919.7309355683601)",51.04890569558452,36.81057542211957,0.49686946529376946,76.23889281587451,380.74732535411493
"(97.0, 919.7309355683601)",50.7994266922319,37.196027040042125,0.502070768105336,77.99546541553002,383.7745518555158
"(98.0, 919.7309355683601)",50.548040966190435,37.5840076204972,0.5073077158719226,79.77841750766524,386.808182632266
"(99.0, 919.7309355683601)",50.294700512791955,37.974567111787465,0.5125794671824357,81.58798583862072,389.8472070662124
"(100.0, 919.7309355683601)",50.03943235721336,38.367686847806524,0.5178858303225456,83.42440478832232,392.8912144518296
"(101.0, 919.7309355683601)",49.782262938742456,38.76335256383269,0.5232264695068738,85.28790621601568,395.9396640976714
"(102.0, 919.7309355683601)",49.52322690917446,39.161539426517294,0.5286011698413356,87.17871931335503,398.9921291673462
"(102.99999999999999, 919.7309355683601)",49.26244844941283,39.56225596190367,0.5340074539246609,89.09707046543632,402.04610473316995
"(104.0, 919.7309355683601)",48.999685426642515,39.965390071588914,0.5394514961142631,91.04318311852025,405.1070460964026
"(105.0, 919.7309355683601)",48.735253147716364,40.37100372090293,0.5449264661715593,93.01727765979432,408.16845088813426
"(106.0, 919.7309355683601)",48.4690981655558,40.779041646301934,0.5504341321781046,95.01957130121336,411.2317280557131
"(106.99999999999999, 919.7309355683601)",48.201260527520496,41.18947450810839,0.5559741390083076,97.0502779760572,414.29633704586706
"(108.0, 919.7309355683601)",47.931782693395846,41.60227287222173,0.5615460628083271,99.1096082435143,417.3616774679175
"(109.00000000000001, 919.7309355683601)",47.660706958566166,42.01740314703215,0.5671495595075933,101.19776920319829,420.42722576990377
"(110.0, 919.7309355683601)",47.38808006211621,42.43483870088037,0.5727839963589204,103.31496441969468,423.4921964300794
"(111.0, 919.7309355683601)",47.11394472563412,42.8545373136075,0.5784491887465066,105.46139385721307,426.55621968737046
"(112.0, 919.7309355683601)",46.83835095542347,43.276474166732335,0.5841443388431174,107.63725382465893,429.61836544648264
"(113.0, 919.7309355683601)",46.561341380927146,43.700603944981694,0.5898692838245144,109.8427369311587,432.67829134380054
"(114.00000000000001, 919.7309355683601)",46.28296767164153,44.12689503947873,0.5956233218324618,112.07803205225446,435.7351629830501
"(115.0, 919.7309355683601)",46.00327853022751,44.555309089409945,0.6014059490380115,114.34332430675087,438.7883318583569
"(116.0, 919.7309355683601)",45.72231907831259,44.98580556118961,0.6072167463708178,116.63879504433079,441.83723118807717
"(117.0, 919.7309355683601)",45.440130797618416,45.418342777651795,0.6130553538405762,118.96462184390994,444.8813522990753
"(118.0, 919.7309355683601)",45.15678850099426,45.85289049234107,0.618920566912012,121.32097852273073,447.919413525754
"(119.0, 919.7309355683601)",44.872314729505256,46.28939824448222,0.6248125005742364,123.70803515610311,450.95135055184596
"(120.0, 919.7309355683601)",44.58676827625155,46.7278283713863,0.6307303461581022,126.12595810776146,453.9762532555856
"(17.0, 920.2643216287736)",68.1193375532076,12.949220657222073,0.17479495912429166,2.1503107723752914,158.70725371027018
"(18.0, 920.2643216287736)",67.8475832897595,13.198887867629667,0.1781684297824412,2.4472815702612842,161.51476759914078
"(19.0, 920.2643216287736)",67.57893860655749,13.45095354516219,0.18156053264790195,2.7594909861461914,164.32418942563407
"(20.0, 920.2643216287736)",67.31205180078666,13.70557090825396,0.18498973699861893,3.0868689959315,167.1525858313878
"(21.0, 920.2643216287736)",67.0458312350401,13.962836502579066,0.18846979832792324,3.429357310613991,170.01267379514405
"(22.0, 920.2643216287736)",66.78588286630598,14.220655527159503,0.19193245129524025,3.7869077844849786,172.8416793052769
"(23.0, 920.2643216287736)",66.52371002082643,14.481820743727392,0.19547521451189762,4.159473627648852,175.72939205038162
"(24.0, 920.2643216287736)",66.26729086665065,14.743380937458632,0.19900564771532725,4.547046891198703,178.59075050384163
"(25.0, 920.2643216287736)",66.01408911413101,15.006095701783865,0.202551838209649,4.949581415993798,181.45164856866995
"(26.0, 920.2643216287736)",65.76441626278036,15.269810422791268,0.2061072754277748,5.367068139872211,184.30610386442373
"(27.0, 920.2643216287736)",65.51632977195186,15.53486853868228,0.2096985356656811,5.799495556393485,187.1785851145317
"(28.0, 920.2643216287736)",65.27432554211346,15.799936166436403,0.21326705183949934,6.246858412475696,190.01520037436964
"(29.0, 920.2643216287736)",65.03428796632252,16.06625283198445,0.2168591571471688,6.709153123032667,192.85859201799425
"(30.0, 920.2643216287736)",64.79765598102743,16.333078561924893,0.2204632418189153,7.186397461697734,195.69805821486662
"(31.0, 920.2643216287736)",64.56594737249516,16.600332172551603,0.22404868473752657,7.678588278872709,198.50542259292612
"(32.0, 920.2643216287736)",64.33384723804689,16.86884629637525,0.22769519278426584,8.18574308577367,201.35401903997155
"(33.0, 920.2643216287736)",64.10660399961036,17.137651433210834,0.23132338722038331,8.707882264492014,204.17077775274413
"(34.0, 920.2643216287736)",63.88296951669791,17.406890000852073,0.23495231572338815,9.245028066441765,206.97320537785146
"(35.0, 920.2643216287736)",63.661279815482864,17.677014358611807,0.23859965902447938,9.79720900007867,209.77754435294054
"(36.0, 920.2643216287736)",63.44258660707543,17.94767020653649,0.2422530930207137,10.36446011363875,212.57241819754051
"(37.0, 920.2643216287736)",0.0,0.0,3.990482436063405,252.8319568401583,3419.466655155267
"(38.0, 920.2643216287736)",63.01375646424664,18.49062434136337,0.2495794471422898,11.544320657234465,218.13473995964924
"(39.0, 920.2643216287736)",62.802898828523084,18.76299006096047,0.25326134310068815,12.157021248320667,220.9103568550262
"(40.0, 920.2643216287736)",62.5945671674283,19.036090139429533,0.2569474850513849,12.784970274708007,223.6746327503242
"(41.0, 920.2643216287736)",62.38824981046971,19.30992470339163,0.26064623787938307,13.428223779252274,226.43520950791014
"(42.0, 920.2643216287736)",62.18404104189761,19.584559622295753,0.2643532020656218,14.086859846442504,229.18796032287105
"(43.0, 920.2643216287736)",61.98257727716659,19.85981467384459,0.2680611350288917,14.760932122315811,231.92616646008625
"(44.0, 920.2643216287736)",61.78197293933007,20.13600563396069,0.27179465232727684,15.450520763631125,234.6724005826587
"(45.0, 920.2643216287736)",61.58383340730671,20.412949057911465,0.27552950649749297,16.155711167036056,237.40426321859007
"(46.0, 920.2643216287736)",61.38592983800173,20.690913821880354,0.2792973220303098,16.87658861258787,240.15077197836834
"(47.0, 920.2643216287736)",61.191066385426524,20.9698459446749,0.28305005172934405,17.613245451382415,242.8676183903117
"(47.99999999999999, 920.2643216287736)",60.99690825933916,21.249752323280315,0.286828094419711,18.365786659877667,245.59187507535148
"(49.0, 920.2643216287736)",60.80387526536012,21.53073926946099,0.29062095152906425,19.134316412494954,248.31377639750804
"(50.0, 920.2643216287736)",60.61182178024295,21.812862103357887,0.29442952367148745,19.918947613095348,251.03403825592898
"(51.0, 920.2643216287736)",60.42072776611382,22.096175731353338,0.29825274580324496,20.71980059718658,253.7515601933557
"(52.0, 920.2643216287736)",60.230289942164255,22.380733776491414,0.30209422613958004,21.537000269038902,256.46953781727103
"(53.0, 920.2643216287736)",60.04046952656098,22.666595467521926,0.3059530903231459,22.370679977218142,259.1870331392386
"(54.0, 920.2643216287736)",59.85112863969767,22.953833124511714,0.30982987992358835,23.22097675992487,261.90440750828054
"(55.0, 920.2643216287736)",59.662105416804984,23.242486713114737,0.313726388314411,24.08797779883925,264.6232241203674
"(56.0, 920.2643216287736)",59.473122402842904,23.532606307166418,0.31764595543876845,24.97200798712901,267.34623171285284
"(57.0, 920.2643216287736)",59.2842741952384,23.824341720730555,0.32158338427417904,25.8730491437578,270.06866583240475
"(58.0, 920.2643216287736)",59.09569859488634,24.11762275281579,0.32553861285633456,26.791319560359614,272.7902511638471
"(59.0, 920.2643216287736)",58.906709099164104,24.412567942972448,0.3295198533349953,27.726995596578217,275.51836869596417
"(59.99999999999999, 920.2643216287736)",58.7173821110098,24.7092398927689,0.33352461688520535,28.68023885858282,278.2505664457773
"(61.0, 920.2643216287736)",58.52765297923688,25.007686226237144,0.33755301889330436,29.65124123190131,280.98675871369
"(61.99999999999999, 920.2643216287736)",58.33723412378273,25.307872951186077,0.34161075010654196,30.640176928304253,283.7320082795891
"(63.0, 920.2643216287736)",58.14641253957808,25.610086390306254,0.34568638015521125,31.6472402679691,286.47560186187275
"(64.0, 920.2643216287736)",57.95486363359686,25.914190834692622,0.3497888743736124,32.67262461085393,289.2255965778708
"(65.0, 920.2643216287736)",57.76224823722232,26.220251739306622,0.35392227076142635,33.71652953104389,291.9855088805353
"(66.0, 920.2643216287736)",57.56912806505133,26.528297350469447,0.35807743561889943,34.779157702927094,294.7467306774703
"(67.0, 920.2643216287736)",57.37442993414765,26.838547433813005,0.36226583447786165,35.86071857839866,297.5196038366522
"(68.0, 920.2643216287736)",57.1788155257831,27.15085540359745,0.3664813403058878,36.961422863087144,300.29827916311444
"(69.0, 920.2643216287736)",56.981982902416455,27.465333939000217,0.37072619136561685,38.08148895546402,303.0845980516343
"(70.0, 920.2643216287736)",56.7839203463374,27.78196155330796,0.37500150518375563,39.221135156975954,305.87937062072194
"(71.0, 920.2643216287736)",56.584413988380085,28.100907395911932,0.3793066246699864,40.38058523837734,308.68176840284747
"(72.0, 920.2643216287736)",56.383458340944706,28.422145875878954,0.3836426898674642,41.56006619772345,311.4926135409965
"(73.0, 920.2643216287736)",56.18098421772401,28.745713992957775,0.3880102002260604,42.7598080161109,314.31213567996923
"(74.0, 920.2643216287736)",55.97692659340637,29.071646845216307,0.39240962952372654,43.980043590782245,317.1405379234683
"(74.99999999999999, 920.2643216287736)",55.77122459581456,29.399977599751274,0.3968414254726706,45.22100852066393,319.9779966861388
"(76.0, 920.2643216287736)",55.56382149227914,29.730737466603323,0.40130600936613153,46.48294089070698,322.8246615841663
"(77.0, 920.2643216287736)",55.35466467110138,30.063955675310794,0.4058037757629189,47.766081055248364,325.6806553616091
"(78.0, 920.2643216287736)",55.14370561758458,30.399659454302242,0.4103350922089697,49.07067142063213,328.5460738515356
"(78.99999999999999, 920.2643216287736)",54.93089988535722,30.737874012728586,0.4149002989924036,50.39695622730682,331.4209859685128
"(80.0, 920.2643216287736)",54.71620706398184,31.078622524316746,0.4194997089259716,51.74518133163186,334.30543372659537
"(81.0, 920.2643216287736)",54.4995907409599,31.42192611395917,0.42413360716579707,53.11559398760621,337.19943229079075
"(82.00000000000001, 920.2643216287736)",54.28101846139199,31.76780384575148,0.4288022510500602,54.50844262875135,340.1029700467233
"(83.0, 920.2643216287736)",54.06046168163796,32.116272713897075,0.43350586997627244,55.923976650391545,343.01600870541415
"(84.0, 920.2643216287736)",53.83789572047254,32.46734763514975,0.4382446652997423,57.36244619256789,345.9384834269284
"(85.0, 920.2643216287736)",53.61329970534993,32.82104144376503,0.44301881026548334,58.824101923869556,348.87030297388185
"(86.00000000000001, 920.2643216287736)",53.38661295409773,33.17744799330074,0.4478269471978456,60.309194826519274,351.8099669435907
"(87.0, 920.2643216287736)",53.157952716675034,33.53632663269273,0.45267370134751306,61.81797598248608,354.7614807072691
"(88.0, 920.2643216287736)",52.9271783477959,33.89793340230322,0.4575546516789822,63.35069636248924,357.7205247729591
"(89.0, 920.2643216287736)",52.69432761852052,34.26218925295513,0.4624713662735042,64.9076066156538,360.6882915407646
"(90.00000000000001, 920.2643216287736)",52.45939785358652,34.629168811598916,0.46742199556222486,66.48895686271626,363.6628287977222
"(91.0, 920.2643216287736)",52.222388136455294,34.99865702011887,0.4724121791836915,68.09499649160196,366.6490771140485
"(92.0, 920.2643216287736)",51.98330410648181,35.37086746342768,0.47743626114304616,69.7259739562802,369.64158302550317
"(93.0, 920.2643216287736)",51.74215237099099,35.745724660624695,0.48249606892317937,71.38213657918371,372.6417809769559
"(94.0, 920.2643216287736)",51.49894324093095,36.12322287191491,0.487591525051409,73.06373035761378,375.64935367576027
"(95.0, 920.2643216287736)",51.25369006899408,36.50335436290396,0.49272252512733355,74.77099977453942,378.66396056298254
"(96.0, 920.2643216287736)",51.00640915009909,36.88610942898133,0.49788893816181884,76.50418761421055,381.6852383097461
"(97.0, 920.2643216287736)",50.75717458655802,37.27156334102074,0.5030874955776625,78.2635347831259,384.70993805457033
"(98.0, 920.2643216287736)",50.50577442443102,37.65950334085522,0.508326750683473,80.04928013586353,387.74569224762143
"(99.0, 920.2643216287736)",50.25253551484495,38.05005182687007,0.5135983545041709,81.861660309046,390.7845809883892
"(100.0, 920.2643216287736)",49.9973610425835,38.44316585573459,0.5189045970593328,83.70090955909438,393.8284774437646
"(101.0, 920.2643216287736)",49.74028124123492,38.838826706009556,0.5242451988725743,85.56725960895709,396.87689269865393
"(102.0, 920.2643216287736)",49.481326344909,39.23701326458134,0.5296199075675548,87.46093950138855,399.9293654573611
"(102.99999999999999, 920.2643216287736)",49.2205305497037,39.63770308468914,0.5350284106954937,89.38217546009592,402.9853819607135
"(104.0, 920.2643216287736)",48.957930887595246,40.04087044735246,0.540470404394836,91.33119075902958,406.04443930181304
"(105.0, 920.2643216287736)",48.69356257021272,40.44649488439298,0.5459454353863253,93.30820560017686,409.1059001419453
"(106.0, 920.2643216287736)",48.42746586754061,40.85454346202269,0.5514532722180091,95.31343700018935,412.1693344674842
"(106.99999999999999, 920.2643216287736)",48.159683595399045,41.264989700622735,0.5569934370955455,97.34709868621154,415.23408885419957
"(108.0, 920.2643216287736)",47.89025493628563,41.677802866946124,0.5625655856740289,99.40940100114611,418.29963607085784
"(109.00000000000001, 920.2643216287736)",47.619226775344664,42.09295249662024,0.5681692161220177,101.50055081867795,421.3653074262027
"(110.0, 920.2643216287736)",47.34663933512136,42.51040449750481,0.5738039906049767,103.62075146829933,424.4305886936727
"(111.0, 920.2643216287736)",47.07254125750873,42.93012255230229,0.5794694721072831,105.77020267049676,427.4948779828956
"(112.0, 920.2643216287736)",46.79698026716778,43.35207847939293,0.5851649836688989,107.94910048233235,430.5573562546393
"(113.0, 920.2643216287736)",46.520004904520746,43.77623484378883,0.5908900549593343,110.1576372535389,433.6173983308017
"(114.00000000000001, 920.2643216287736)",46.24165835223947,44.202548812613415,0.5966444134731096,112.39600159322391,436.6745648252048
"(115.0, 920.2643216287736)",45.96195441102008,44.6309744302878,0.6024282874336535,114.66437834732896,439.72888091778594
"(116.0, 920.2643216287736)",45.68105358481546,45.06150651463992,0.6082385434507964,116.96294858672692,442.77728199049363
"(117.0, 920.2643216287736)",45.39889256943856,45.494071777679686,0.614077265561666,119.29188960626522,445.8215086134936
"(118.0, 920.2643216287736)",45.11556515558487,45.92864288709626,0.6199428797543368,121.65137493431152,448.85993875140167
"(119.0, 920.2643216287736)",44.831097606161556,46.365174064696674,0.6258353135837624,124.04157435311836,451.8923359533735
"(120.0, 920.2643216287736)",44.54555986571965,46.80362888657996,0.6317535517445129,126.4626539297513,454.9175998029811
"(17.0, 920.7777383140825)",67.93374979464132,13.107309642942539,0.17692169363089863,2.240597780274634,160.66495913988126
"(18.0, 920.7777383140825)",67.67191187750667,13.35104271710752,0.18021196787102434,2.539277969466724,163.39589022394517
"(19.0, 920.7777383140825)",67.41079357876714,13.598186583588067,0.18354805440347108,2.853218375099122,166.15374403047915
"(20.0, 920.7777383140825)",67.1512986272994,13.848128210419171,0.18691945410514083,3.182345522665215,168.9289266751693
"(21.0, 920.7777383140825)",66.8931975900339,14.100655449285213,0.19033016864710955,3.5265990348656815,171.72518318495773
"(22.0, 920.7777383140825)",66.63747797853554,14.355254586787607,0.19376661204934695,3.885928287786289,174.53005451579364
"(23.0, 920.7777383140825)",66.38568591255054,14.611210736437167,0.19721014804643403,4.260291804884289,177.3264222858966
"(24.0, 920.7777383140825)",66.13355988084393,14.869749578201374,0.20071140514465446,4.649657800554611,180.16093588238184
"(25.0, 920.7777383140825)",65.88572909123982,15.129218595887702,0.20421367542603375,5.054002029392317,182.98140416219718
"(26.0, 920.7777383140825)",65.64095629414938,15.389893469973773,0.20773117752601827,5.473305396100553,185.80093842362774
"(27.0, 920.7777383140825)",65.39893651704561,15.65175355258846,0.21126658780944338,5.907557441510494,188.6220134630023
"(28.0, 920.7777383140825)",65.1598777974836,15.914664410860757,0.21481564752843232,6.356751445693345,191.4407146400117
"(29.0, 920.7777383140825)",64.9242627746928,16.17840880426593,0.2183712433325782,6.820880479819797,194.25049906878576
"(30.0, 920.7777383140825)",64.69249073847494,16.442854437999987,0.22192616551963645,7.299968946274153,197.0447038136134
"(31.0, 920.7777383140825)",64.4609912397751,16.70859940710956,0.2255321791654534,7.793981942278794,199.87102790673381
"(32.0, 920.7777383140825)",64.23396086615935,16.974822699235876,0.22912555232527526,8.303013348907756,202.67069451112417
"(33.0, 920.7777383140825)",64.00980160549372,17.241776388670946,0.2327289086709507,8.827008712517456,205.4645894538252
"(34.0, 920.7777383140825)",63.78846778007371,17.509432884068346,0.23634168041150055,9.366015740623979,208.2521422180272
"(35.0, 920.7777383140825)",63.570073273802294,17.77780680532787,0.23995929306201108,9.920062893837445,211.02911225924723
"(36.0, 920.7777383140825)",63.35359090837878,18.0469605939886,0.2435979278209409,10.489182294083509,213.81036674287955
"(37.0, 920.7777383140825)",63.14068792608594,18.316570013488125,0.24723304851978703,11.073411110819771,216.57327614172556
"(38.0, 920.7777383140825)",62.92961268027664,18.586992088759825,0.250886690849024,11.672795727073176,219.33808404599557
"(39.0, 920.7777383140825)",62.72132875045665,18.85814215032313,0.25454161063456043,12.287377092979083,222.08887145393527
"(40.0, 920.7777383140825)",62.51536756101098,19.129972015175728,0.2582068656365048,12.91721883184169,224.83391492610735
"(41.0, 920.7777383140825)",62.31068984023808,19.402626785734434,0.26189637919834435,13.562370503174328,227.58598520772455
"(42.0, 920.7777383140825)",62.10857932181691,19.676131756987157,0.265585056107294,14.222899696196945,230.32190759629592
"(43.0, 920.7777383140825)",61.90791100730564,19.950402159180314,0.26929478142361973,14.898875981988521,233.06176379703723
"(44.0, 920.7777383140825)",61.709864289160144,20.225604451242237,0.2729992981818869,15.590376216854718,235.78130012439493
"(45.0, 920.7777383140825)",61.512732200150836,20.501647447828702,0.2767308821461693,16.297476269210676,238.51015951500003
"(46.0, 920.7777383140825)",61.31733186679129,20.77868891780722,0.2804703549488351,17.020282070026003,241.2305770239103
"(47.0, 920.7777383140825)",61.123343045497386,21.056724060700706,0.28422301598490857,17.758870360872383,243.94735547451907
"(47.99999999999999, 920.7777383140825)",60.93051631826382,21.33584183323654,0.28799054427497345,18.513348155801484,246.66193385755022
"(49.0, 920.7777383140825)",60.73870660871927,21.61599354703226,0.29177652226980794,19.28382156414382,249.37750470459846
"(50.0, 920.7777383140825)",60.548072682671354,21.89745451598951,0.29557077152597955,20.070405873761494,252.08458064367838
"(51.0, 920.7777383140825)",60.35810962700917,22.180068098730988,0.29938597442676784,20.873218923511228,254.7947214921258
"(52.0, 920.7777383140825)",60.16887005708271,22.463971871169424,0.3032174998399872,21.6923892963634,257.50353442355066
"(53.0, 920.7777383140825)",59.980146491303735,22.74921034848354,0.3070677573311667,22.528047727183264,260.2131073773859
"(54.0, 920.7777383140825)",59.79166481081655,23.035824364025824,0.31094029967556946,23.380332981688497,262.92657290428536
"(55.0, 920.7777383140825)",59.60379986493693,23.323937312078566,0.31482571101706774,24.249390313118674,265.63511584029993
"(56.0, 920.7777383140825)",59.415887434046866,23.613543798778547,0.31873540504014203,25.135371423334693,268.3490939501503
"(57.0, 920.7777383140825)",59.22809008433847,23.90472355133597,0.32266471279677245,26.038432190150683,271.06405229262447
"(58.0, 920.7777383140825)",59.04084580411256,24.197584815433206,0.32660407846690587,26.958735852513612,273.7710288423991
"(59.0, 920.7777383140825)",58.85192517146129,24.492023501915355,0.33059245006963295,27.896451155347897,276.5057173234799
"(59.99999999999999, 920.7777383140825)",0.0,0.0,4.4057935886832995,362.2873056558665,3694.469350410627
"(61.0, 920.7777383140825)",58.47443430412644,25.086279396296053,0.3386137839657155,29.824817609173135,281.9632165527517
"(61.99999999999999, 920.7777383140825)",58.2845812529683,25.38618059176596,0.34266582240356985,30.815835508544925,284.7032254417492
"(63.0, 920.7777383140825)",58.09480932995543,25.687857860252006,0.34673476586069496,31.824990873216198,287.44066263085745
"(64.0, 920.7777383140825)",57.90366171507012,25.991660490703868,0.3508350341028825,32.85247958492878,290.18860963766735
"(65.0, 920.7777383140825)",57.712106307590496,26.29736397670182,0.35495750038484714,33.89850436075146,292.93846004122815
"(66.0, 920.7777383140825)",57.51897756492448,26.60516999313735,0.35911575242780497,34.963264905560344,295.70252540787396
"(67.0, 920.7777383140825)",57.324975733549955,26.914943098631547,0.3633025220207776,36.04697551864943,298.4738990314444
"(68.0, 920.7777383140825)",57.129660190171705,27.226928542409908,0.3675188754977499,37.14984516766088,301.25335380089217
"(69.0, 920.7777383140825)",56.93345944095551,27.541132464604594,0.3717583721829669,38.27208912508085,304.03474401287633
"(70.0, 920.7777383140825)",56.73604706432727,27.857711062814758,0.3760225021942761,39.41392913000742,306.8192199956402
"(71.0, 920.7777383140825)",56.53707599402738,28.1763551301554,0.3803249163407605,40.57558869065742,309.6191276020807
"(72.0, 920.7777383140825)",56.33657077417316,28.49736521655848,0.3846578985965346,41.75729506549064,312.42713482887416
"(73.0, 920.7777383140825)",56.13452582805832,28.820718263928114,0.3890225058834023,42.95927849015165,315.2439846304444
"(74.0, 920.7777383140825)",55.93087697476924,29.146448843928116,0.3934192048717878,44.18177210329691,318.0698735678725
"(74.99999999999999, 920.7777383140825)",55.72556415055286,29.474589618047972,0.3978484364467709,45.42501173195598,320.9049717712957
"(76.0, 920.7777383140825)",55.518531396671904,29.80517131039537,0.4023106153406856,46.689235675690746,323.7494228174525
"(77.0, 920.7777383140825)",55.30972684370588,30.138222682694614,0.4068061297954905,47.974684489783144,326.6033436356137
"(78.0, 920.7777383140825)",55.0991026891426,30.473770512592576,0.4113353412709575,49.28160076771511,329.4668244564084
"(78.99999999999999, 920.7777383140825)",54.886615170695585,30.811839574322303,0.4158985841831721,50.6102289231323,332.339928789078
"(80.0, 920.7777383140825)",54.672224535742174,31.152452621468903,0.4204961656721219,51.960814971538525,335.2226934257816
"(81.0, 920.7777383140825)",54.45589500478262,31.495630372624127,0.4251283654084405,53.33360631192534,338.1151284820213
"(82.00000000000001, 920.7777383140825)",54.237594732014394,31.841391498747534,0.4297954354226096,54.72885150856993,341.0172174575769
"(83.0, 920.7777383140825)",54.01729576165691,32.189752612748975,0.43449759996418397,56.14680007324442,343.92891732467393
"(84.0, 920.7777383140825)",53.7949739790989,32.54072826163042,0.4392350553969743,57.58770224808817,346.8501586485986
"(85.0, 920.7777383140825)",53.5706090586836,32.89433092063545,0.44400797011855214,59.0518087893924,349.78084572979475
"(86.00000000000001, 920.7777383140825)",53.34418426540934,33.2505711251404,0.4488164831159959,60.53937075258501,352.72085548904226
"(87.0, 920.7777383140825)",53.11568710353604,33.60945679201645,0.4536607109337969,62.05063927871673,355.67004409686353
"(88.0, 920.7777383140825)",52.8851078329949,33.97099457590591,0.45854073372187976,63.58586538273232,358.62823433858006
"(89.0, 920.7777383140825)",52.65244081904268,34.33518851774561,0.46345660926125914,65.14529974389173,361.59522873840393
"(90.00000000000001, 920.7777383140825)",52.417683606351744,34.702040894826894,0.4684083638670467,66.72919249865659,364.5708013902425
"(91.0, 920.7777383140825)",52.1808376938111,35.07155126792878,0.4733960048789605,68.33779303640353,367.55470966296815
"(92.0, 920.7777383140825)",51.941907032325126,35.443718145246436,0.478419498900026,69.9713497983673,370.54667436415536
"(93.0, 920.7777383140825)",51.70089935681519,35.81853734639509,0.48347879392706106,71.63011008016707,373.5464003148126
"(94.0, 920.7777383140825)",51.45838817474508,36.19634513728341,0.4885564219319418,73.31431985782285,376.53755736749116
"(95.0, 920.7777383140825)",51.212698866606566,36.57610663133459,0.4937044348585527,75.02422350128096,379.5678294234095
"(96.0, 920.7777383140825)",50.96553647636118,36.95883872490244,0.4988705379338812,76.76006378505184,382.58882184523696
"(97.0, 920.7777383140825)",50.71629429484958,37.344244404741225,0.5040713936039003,78.52208151438198,385.61563623704495
"(98.0, 920.7777383140825)",50.465120981742814,37.73219553108441,0.5093079443553566,80.31051544942284,388.648901659497
"(99.0, 920.7777383140825)",50.21197816914156,38.12273363757193,0.5145794132452504,82.12560211857964,391.68766619236965
"(100.0, 920.7777383140825)",49.95689367079389,38.515841095623394,0.5198855593077358,83.96757565789802,394.7314738236307
"(101.0, 920.7777383140825)",49.699896479550574,38.911498693625724,0.5252261297453179,85.83666765741857,397.7798601929341
"(102.0, 920.7777383140825)",49.441018658139264,39.309685331628415,0.5306008397315067,87.7331070148892,400.83233414064057
"(102.99999999999999, 920.7777383140825)",49.18029514878105,39.71037834638856,0.5360093666335008,89.657119797265,403.88837252669373
"(104.0, 920.7777383140825)",48.91776082336317,40.11355327166728,0.5414514007201588,91.60892911035731,406.94746705174254
"(105.0, 920.7777383140825)",48.6534538496611,40.519182305910824,0.546926636187669,93.58875497701123,410.0091161155997
"(106.0, 920.7777383140825)",48.387413503491196,40.92724368074091,0.5524345527210264,95.59681422415287,413.0726237968655
"(106.99999999999999, 920.7777383140825)",48.11968104629699,41.33770224639932,0.5579749240012829,97.63332037901851,416.13756817885485
"(108.0, 920.7777383140825)",47.85030041187,41.75053069305013,0.5635472379366826,99.69848357490092,419.2032676055858
"(109.00000000000001, 920.7777383140825)",47.579312338827656,42.165695923570624,0.5691511517719355,101.7925104666163,422.26919982080165
"(110.0, 920.7777383140825)",47.306766204985195,42.58316653630343,0.5747861130615077,103.91560415602106,425.3346530430966
"(111.0, 920.7777383140825)",47.032704698211916,43.00290742734347,0.5804517369197987,106.06796412768757,428.39907339380545
"(112.0, 920.7777383140825)",46.75717323864749,43.424880097970394,0.5861476576123337,108.24978619500286,431.46192829937894
"(113.0, 920.7777383140825)",46.480226881713456,43.84905805647957,0.5918730049129498,110.4612624567835,434.5222243761223
"(114.00000000000001, 920.7777383140825)",46.201900867631586,44.27539099089936,0.5976278267492235,112.70258126450663,437.5798174032037
"(115.0, 920.7777383140825)",45.92253184566484,44.70391439923629,0.6034052353068557,114.97392720116335,440.62818065156
"(116.0, 920.7777383140825)",45.641305917841635,45.13438694455442,0.609223295552212,117.27548106565861,443.6837671411591
"(117.0, 920.7777383140825)",45.35919002851653,45.566984705405446,0.6150616773335954,119.60741988082549,446.7276802980685
"(118.0, 920.7777383140825)",45.075879001506785,46.00158116896081,0.6209275546982497,121.96991689517135,449.7663525767767
"(119.0, 920.7777383140825)",44.791430178747234,46.43813794477709,0.6268201791301384,124.36314160789381,452.79892526118323
"(120.0, 920.7777383140825)",44.505905438136814,46.87661722806606,0.6327386919807714,126.78725979955881,455.8244419463067
"(17.0, 921.269238058941)",67.75925443364883,13.256827445765149,0.1789415876281399,2.328051875883914,162.52532821534976
"(18.0, 921.269238058941)",67.50607352475006,13.495285776842957,0.18215987943217807,2.628331286324226,165.18996204306706
"(19.0, 921.269238058941)",67.25334765706344,13.737403184443844,0.18542542689406696,2.9438949435852333,167.88284680786572
"(20.0, 921.269238058941)",67.004750838329,13.981602467184862,0.18869459102899488,3.274665923989839,170.56385617913577
"(21.0, 921.269238058941)",66.74958603854543,14.231369013239386,0.192094603019264,3.6205808244826776,173.35026773430943
"(22.0, 921.269238058941)",66.50006335751847,14.482187570504056,0.19548004208443995,3.98158607931887,176.10816334754284
"(23.0, 921.269238058941)",66.25266725617873,14.73507829914643,0.19889282187075444,4.357639518239025,178.8761989420236
"(24.0, 921.269238058941)",66.0073305022078,14.989908475234204,0.20233251199775926,4.748706702195255,181.65401246053193
"(25.0, 921.269238058941)",65.76427954923676,15.246393861763087,0.2057971698330039,5.154761696897341,184.43984014984062
"(26.0, 921.269238058941)",65.52268355582899,15.504688853927368,0.20929491680137366,5.575785838363206,187.24118269284776
"(27.0, 921.269238058941)",65.28641798275686,15.7635554090581,0.2127759273307768,6.011766038052095,190.01215041125724
"(28.0, 921.269238058941)",65.05156476986265,16.023973112231765,0.21629016064676032,6.462696086702629,192.7987754119842
"(29.0, 921.269238058941)",64.81935149323999,16.285539535882545,0.21981975583630767,6.928574215868489,195.58460475374912
"(30.0, 921.269238058941)",64.58979590712704,16.548094289418508,0.22336563350396774,7.409405253365764,198.37048173338727
"(31.0, 921.269238058941)",64.36309648433469,16.811583305385227,0.22692226272045232,7.90519684048388,201.1513032345981
"(32.0, 921.269238058941)",64.1391597106375,17.07593492712726,0.23049042925376922,8.415964176974391,203.92777796152384
"(33.0, 921.269238058941)",63.91787799520681,17.341165796059336,0.23407052455006253,8.941724719628436,206.7002490846643
"(34.0, 921.269238058941)",63.69926464890069,17.607186525144737,0.2376612294843063,9.482502163353315,209.46747763980468
"(35.0, 921.269238058941)",63.48331765962531,17.874001140948995,0.2412609207502358,10.038324516322605,212.22794011664567
"(36.0, 921.269238058941)",63.268945501370254,18.14176514612257,0.24488414699602623,10.60922404218878,214.99500747355404
"(37.0, 921.269238058941)",63.10411822445504,18.36314846290136,0.24786607954988532,11.195403867154747,217.15599038042498
"(38.0, 921.269238058941)",62.84988549783054,18.67908101406731,0.252129626668812,11.796412229391127,220.48285682387055
"(39.0, 921.269238058941)",62.643386472552024,18.94900458496273,0.2557730444304054,12.412791447499975,223.22304631091527
"(40.0, 921.269238058941)",62.439177087385865,19.219700284554172,0.25942553236281723,13.044423246199955,225.9563392867278
"(41.0, 921.269238058941)",62.2361646042419,19.491316086769075,0.26310192294085566,13.691386379979717,228.69632169958462
"(42.0, 921.269238058941)",62.03620283004513,19.76370379132639,0.26677141113465713,14.353726086155024,231.41456858577905
"(43.0, 921.269238058941)",61.83792447011726,20.036931286431006,0.27045641929121966,15.031518315218744,234.13166101335264
"(44.0, 921.269238058941)",61.64120629935452,20.311100950787832,0.2741554799892782,15.724841612618874,236.84616854678669
"(45.0, 921.269238058941)",61.445346233677576,20.58640867435958,0.2778751801775429,16.433776778569094,239.56407873908682
"(46.0, 921.269238058941)",61.25144216830254,20.862598942458195,0.2816023019693601,17.15841170039006,242.27312647056613
"(47.0, 921.269238058941)",61.05879244148257,21.1398202535747,0.28534498489432963,17.89884190697909,244.98071491056004
"(47.99999999999999, 921.269238058941)",60.86727664746688,21.4181724564255,0.28910218909234925,18.65516892672015,247.6857845395603
"(49.0, 921.269238058941)",60.67873893927167,21.697705547354417,0.29284083805555255,19.427499494010277,250.35775625397036
"(50.0, 921.269238058941)",60.48725750221576,21.978370103871033,0.2966633689794261,20.215947294153306,253.09088860552103
"(51.0, 921.269238058941)",60.29845615771184,22.260301093354194,0.3004698779741602,21.02063372052709,255.79302182039044
"(52.0, 921.269238058941)",60.110248961823686,22.54360891817597,0.3042930850892707,21.84168497215808,258.4941736746389
"(53.0, 921.269238058941)",59.922580134352756,22.828264714181156,0.30813462307418893,22.679233145990878,261.19571627314616
"(54.0, 921.269238058941)",59.735306969695266,23.11436119459041,0.31199456147286764,23.533418508114014,263.8975734185282
"(55.0, 921.269238058941)",59.54849311324615,23.40186546311925,0.31587277140223763,24.404385910472705,266.59948152283283
"(56.0, 921.269238058941)",59.36114679312674,23.690978477720947,0.31978051825757875,25.292283345901595,269.31167105535127
"(57.0, 921.269238058941)",59.17417530424717,23.98167967617895,0.3237036038529181,26.197277324410926,272.0208951541002
"(58.0, 921.269238058941)",58.98703242100595,24.27401356823164,0.32765000493860524,27.119522463253368,274.73434793654377
"(59.0, 921.269238058941)",58.79975800731922,24.567932253623656,0.331617172291949,28.059190158812687,277.44950948585176
"(59.99999999999999, 921.269238058941)",58.61187402240206,24.863877301495734,0.3356118890212957,29.01645493919597,280.17245434297496
"(61.0, 921.269238058941)",58.423655296416065,25.161509798539072,0.3396285602308691,29.991495084430476,282.89784982251746
"(61.99999999999999, 921.269238058941)",58.23476108605747,25.461003232694917,0.3436718936683911,30.98449557708965,285.62984804506243
"(63.0, 921.269238058941)",58.045210988846044,25.762421434616915,0.3477402035960869,31.995657949953745,288.3666944594743
"(64.0, 921.269238058941)",57.854746345231604,26.065782844496518,0.3518376040281568,33.025160846079075,291.1120005374243
"(65.0, 921.269238058941)",57.66364753886927,26.371155560492735,0.3559581007990509,34.07321128054219,293.8600370235071
"(66.0, 921.269238058941)",57.47121959017551,26.678686940859752,0.3601093374241821,35.14001715321779,296.61763775346856
"(67.0, 921.269238058941)",57.277915604534336,26.98828119230473,0.3642869660519692,36.22578103281144,299.3805946166895
"(68.0, 921.269238058941)",57.083407996142,27.300034535108267,0.3684940205623064,37.33071861586421,302.15148693684756
"(69.0, 921.269238058941)",56.88754446061217,27.61397969808383,0.3727325049216379,38.455039201231614,304.9319516077262
"(70.0, 921.269238058941)",56.69054801029177,27.930202524557718,0.37699700245627227,39.59898412231537,307.71675708107927
"(71.0, 921.269238058941)",56.49184954513086,28.248586440024244,0.3812997853389929,40.76275759568341,310.51700511560836
"(72.0, 921.269238058941)",56.29177172707126,28.56937912010173,0.385629833008894,41.946592907904716,313.3223095209957
"(73.0, 921.269238058941)",56.09006476868086,28.89260432089064,0.3899907539303269,43.15072085586013,316.1357638675641
"(74.0, 921.269238058941)",55.88687301049854,29.218065485183008,0.39438577703651495,44.37537480587742,318.9601095058361
"(74.99999999999999, 921.269238058941)",55.68192942959669,29.546025424458914,0.3988125677317461,45.62079080011905,321.7929596024365
"(76.0, 921.269238058941)",55.475248040412936,29.876437525083908,0.40327245752186414,46.88720734044267,324.63530233088176
"(77.0, 921.269238058941)",55.26677767552014,30.20933010471463,0.40776582865374483,48.17486517147103,327.48724909883714
"(78.0, 921.269238058941)",55.05647120682789,30.54472951274218,0.4122930368044702,49.484007062918586,330.3488848109426
"(78.99999999999999, 921.269238058941)",54.84428551952899,30.8826601102754,0.41685441081232083,50.81487759142475,333.2202678391509
"(80.0, 921.269238058941)",54.63018148403936,31.223144251599237,0.421450252425818,52.167722922121115,336.1014300099606
"(81.0, 921.269238058941)",54.41412392065633,31.566202268996953,0.42608083610051184,53.54279059017422,338.99237663566083
"(82.00000000000001, 921.269238058941)",54.19608156138249,31.911852459371904,0.43074640881603793,54.94032928248664,341.89308656408974
"(83.0, 921.269238058941)",53.9760270074859,32.26011107300055,0.4354471899267125,56.36058861984828,344.8035122588411
"(84.0, 921.269238058941)",53.753936681678816,32.61099230507509,0.44018337104610983,57.803818939739614,347.7235799101261
"(85.0, 921.269238058941)",53.52979077752054,32.96450828893783,0.4449551159562677,59.270271080081905,350.65318956737656
"(86.00000000000001, 921.269238058941)",53.30357320330576,33.32066909221416,0.4497625605532939,60.760196164197254,353.59221530417415
"(87.0, 921.269238058941)",53.07525209130579,33.67955638384155,0.4546041854782093,62.27384538737343,356.53900618654194
"(88.0, 921.269238058941)",52.84487689088513,34.040955089323184,0.45948495286546076,63.811469804692244,359.4978826212192
"(89.0, 921.269238058941)",52.61238398392414,34.4050900863069,0.464400032907225,65.37332012237916,362.4641443486072
"(90.00000000000001, 921.269238058941)",52.37779092855617,34.77188951811083,0.4693510774188631,66.95964648981737,365.4390629860017
"(91.0, 921.269238058941)",52.141099224204865,35.14135314831696,0.4743380832233657,68.57069829579432,368.4223862177343
"(92.0, 921.269238058941)",51.90231365924575,35.513478705117066,0.479361019646427,70.20672396741398,371.4138373574069
"(93.0, 921.269238058941)",51.661442226635735,35.888261894477154,0.48441982873358946,71.8679707727289,374.4131157453078
"(94.0, 921.269238058941)",51.41843826163521,36.26574890726798,0.4895139072484601,73.554684627401,377.41941972264294
"(95.0, 921.269238058941)",51.17348919950855,36.64577399925794,0.4946446981420561,75.26710990579534,380.43383426143157
"(96.0, 921.269238058941)",50.92643876873352,37.028484398419664,0.49981050853341286,77.00548925690383,383.45455711352525
"(97.0, 921.269238058941)",50.67730607645782,37.413868072064545,0.5050111751009018,78.77006342559366,386.48119707086454
"(98.0, 921.269238058941)",50.426230356745585,37.801805888167245,0.5102475411335311,80.56107107953345,389.51429236200283
"(99.0, 921.269238058941)",50.17317865276936,38.19233427689602,0.5155188774433486,82.37874864227528,392.55293478495906
"(100.0, 921.269238058941)",49.918303009554386,38.58546371838762,0.5208223308611658,84.2233301330796,395.5942617834683
"(101.0, 921.269238058941)",49.661259887545775,38.981090302727324,0.5261654739190179,86.09504701260624,398.64501823768893
"(102.0, 921.269238058941)",49.40245495958194,39.379277223692746,0.5315401818376647,87.99412803881762,401.69749028047875
"(102.99999999999999, 921.269238058941)",49.141798356949174,39.77997323549862,0.5369487562585996,89.92079912691842,404.7535724281377
"(104.0, 921.269238058941)",48.87932630107495,40.18315196602554,0.542390913897693,91.87528322029567,407.81278075632457
"(105.0, 921.269238058941)",48.61516007650707,40.58881653558872,0.5478642654025362,93.85780016903132,410.87269417808466
"(106.0, 921.269238058941)",48.349087822899165,40.99686255133794,0.5533742781874579,95.86856661655067,413.93813301062505
"(106.99999999999999, 921.269238058941)",48.08140439388838,41.407333791546904,0.5589147918204636,97.90779589785481,417.00320850245527
"(108.0, 921.269238058941)",47.81206633628494,41.82017630956122,0.56448731841441,99.97569794409264,420.0691037854857
"(109.00000000000001, 921.269238058941)",47.54111963909912,42.2353576966762,0.5700914135772314,102.07247919927896,423.1352030109616
"(110.0, 921.269238058941)",47.26860834735892,42.65284514796305,0.5757266390057164,104.19834254610946,426.20089950092193
"(111.0, 921.269238058941)",46.99457911116799,43.07260437404474,0.5813925241953265,106.35348724211843,429.2655605364745
"(112.0, 921.269238058941)",46.71907754826511,43.49459697714611,0.5870886938431089,108.53810886625729,432.32864478360256
"(113.0, 921.269238058941)",46.44215755945975,43.91879551608615,0.5928143167094735,110.75239927601388,435.38919458935453
"(114.00000000000001, 921.269238058941)",46.16385857482812,44.34515293310683,0.5985692851597406,112.99654657515251,438.44692268944675
"(115.0, 921.269238058941)",45.88423430622501,44.77363465280888,0.6043529052882927,115.27073509221611,441.50100548143666
"(116.0, 921.269238058941)",45.6033135631289,45.20419138097654,0.6101652357918865,117.57514536975124,444.5513164982941
"(117.0, 921.269238058941)",45.321206449689896,45.6368136771852,0.6160039791605239,119.90995416426614,447.59556235822544
"(118.0, 921.269238058941)",45.0379005457676,46.07143035465682,0.6218703673654548,122.27533445703969,450.63470505716657
"(119.0, 921.269238058941)",44.75346292418491,46.50801020635045,0.6277633024700514,124.67145547543417,453.66756387251456
"(120.0, 921.269238058941)",44.467947914964064,46.94651256811956,0.6336821156492705,127.09848272490385,456.69335713087725
"(17.0, 921.7369564364656)",67.59964700171909,13.396183934869415,0.18080520108463619,2.4121885225977207,164.24264723303799
"(18.0, 921.7369564364656)",67.35170620906693,13.630831542040251,0.18398843525922154,2.7139584806387624,166.87498185470378
"(19.0, 921.7369564364656)",67.10495842286959,13.868978413786293,0.18720866028858837,3.031037433657994,169.52610331929367
"(20.0, 921.7369564364656)",66.86010008446574,14.110104604191362,0.19045781516746652,3.3633460837652724,172.18866079823422
"(21.0, 921.7369564364656)",66.61510659460814,14.354691833109102,0.19375921155781012,3.71081662484186,174.88420931798328
"(22.0, 921.7369564364656)",66.37084135038836,14.60243354902636,0.19710318600777071,4.073394392614512,177.60389638211862
"(23.0, 921.7369564364656)",66.12909200681764,14.8517138578343,0.20046777462570323,4.451034246432576,180.3275222006544
"(24.0, 921.7369564364656)",65.88869484354738,15.10352818828324,0.20386696466563764,4.843681717548239,183.06803381129706
"(25.0, 921.7369564364656)",65.6504606120442,15.357156694884498,0.2072908828355694,5.251366205228214,185.81630123665752
"(26.0, 921.7369564364656)",65.4143755802479,15.612569197326174,0.2107357582272503,5.674009604760971,188.56892679595558
"(27.0, 921.7369564364656)",65.18057835964686,15.86940075739171,0.21420478730556863,6.111619920574223,191.32884878458106
"(28.0, 921.7369564364656)",64.94932911419669,16.12759952133094,0.21768978524209118,6.564185365080932,194.088534731272
"(29.0, 921.7369564364656)",64.72058948167086,16.387028214076825,0.22119308762963344,7.031709505539943,196.8501338709828
"(30.0, 921.7369564364656)",64.49436780375912,16.647623003359204,0.22470914251188687,7.514190807015532,199.60853029533908
"(31.0, 921.7369564364656)",64.2707292809912,16.909264967869074,0.22824066855931843,8.0116406127899,202.36621856010035
"(32.0, 921.7369564364656)",64.0492262626405,17.172017914304874,0.23179067066534498,8.524071627578303,205.1259556818639
"(33.0, 921.7369564364656)",63.83107169623838,17.435487200073474,0.2353436105218389,9.051501482933885,207.87340179623482
"(34.0, 921.7369564364656)",63.61396590140518,17.700145594859574,0.23892898224448475,9.593953817167131,210.63571908132656
"(35.0, 921.7369564364656)",63.401408465371865,17.965261412768818,0.2424970552062714,10.151455777715546,213.36704183291863
"(36.0, 921.7369564364656)",63.190086406584555,18.23159154861699,0.2460889922071343,10.724040873459835,216.1052778160612
"(37.0, 921.7369564364656)",62.9844969147463,18.49520776150718,0.2496477291391251,11.311746556754288,218.79779148121804
"(38.0, 921.7369564364656)",62.774270677722505,18.766611847683667,0.25331257699750115,11.914613922946785,221.5729498258078
"(39.0, 921.7369564364656)",62.56996231454241,19.03524801838612,0.25693927546408163,12.532693306428017,224.29773244882523
"(40.0, 921.7369564364656)",62.36749356926001,19.304970051949336,0.2605754319808878,13.166037945793738,227.015967650387
"(41.0, 921.7369564364656)",62.16669621408767,19.57551281770019,0.2642301756159936,13.814705590656292,229.73601228030242
"(42.0, 921.7369564364656)",61.96821400169234,19.846885003649824,0.2678905477584887,14.478761595978305,232.4458565530287
"(43.0, 921.7369564364656)",61.77105074094205,20.119231297243577,0.27156977297257734,15.15827787759677,235.1576181222886
"(44.0, 921.7369564364656)",61.57592700858836,20.392554653282417,0.2752541052772893,15.853328633103587,237.85855261182755
"(45.0, 921.7369564364656)",61.38160767758395,20.666961551838366,0.2789620095736006,16.563997747290912,240.5655959184799
"(46.0, 921.7369564364656)",61.18895188799769,20.942361642065112,0.28268003659178653,17.290373633684485,243.26626293977756
"(47.0, 921.7369564364656)",60.997640234483576,21.218839569704947,0.28641125715754984,18.032551950316787,245.96328851122504
"(47.99999999999999, 921.7369564364656)",60.80736957378911,21.496463172624953,0.29015857066313017,18.790633699753617,248.6592441072351
"(49.0, 921.7369564364656)",60.618352990140146,21.775268157365115,0.2939173756840398,19.564726776664376,251.3497805301357
"(50.0, 921.7369564364656)",60.422810232725716,22.055101487139897,0.29782406203827294,20.354945527965015,254.1604989687378
"(51.0, 921.7369564364656)",60.24196946439645,22.33667096705225,0.3014978816758667,21.16141001804422,256.7403298099108
"(52.0, 921.7369564364656)",60.05470050692435,22.619353685323457,0.305315383471443,21.984247853598003,259.43622446060226
"(53.0, 921.7369564364656)",59.86757496765926,22.903408202590374,0.3091575593188505,22.823591673809435,262.13835611207384
"(54.0, 921.7369564364656)",59.68093203814267,23.18888115935165,0.3130174935565848,23.67958116033421,264.8402106618832
"(55.0, 921.7369564364656)",59.495510795448155,23.475930499084754,0.31687901576606275,24.552362043242294,267.52673750755116
"(56.0, 921.7369564364656)",59.30915839769177,23.76474231603117,0.32077573985168517,25.442086123570792,270.22876802597693
"(57.0, 921.7369564364656)",59.12305151512098,24.054773247032397,0.3246944935575236,26.34891037547494,272.93400388791645
"(58.0, 921.7369564364656)",58.942164776911895,24.340361286108006,0.32854544242013944,27.27300612756007,275.5594700198513
"(59.0, 921.7369564364656)",58.75009151534699,24.640368536400914,0.33259569840787145,28.214521285087258,278.35122548924477
"(59.99999999999999, 921.7369564364656)",58.56330838433164,24.935821478206684,0.33657782033094735,29.17365398845572,281.06256172741126
"(61.0, 921.7369564364656)",58.37539349765199,25.233079040258744,0.3405953487589785,30.150573617993224,283.78874652352414
"(61.99999999999999, 921.7369564364656)",58.18724092615006,25.532141027787404,0.3446342258074206,31.14546704319491,286.5166353363746
"(63.0, 921.7369564364656)",57.998451887573054,25.833241311872747,0.34869513782779593,32.158525813117635,289.24666925246885
"(64.0, 921.7369564364656)",57.80845513068837,26.13636820458041,0.35278781351948435,33.18994442831712,291.98762107300774
"(65.0, 921.7369564364656)",57.61776657318587,26.441461369049126,0.35690597931551316,34.23992335141817,294.73350775683906
"(66.0, 921.7369564364656)",57.425831862465465,26.748567860384576,0.36105744666326917,35.30866659938715,297.49132538673604
"(67.0, 921.7369564364656)",57.2331283628185,27.057972859453745,0.36522782532202025,36.396383582517856,300.24760053571015
"(68.0, 921.7369564364656)",57.03902547285869,27.369508651381057,0.36943161298927385,37.50328919087727,303.01548137727025
"(69.0, 921.7369564364656)",56.84397350994289,27.68315420878976,0.3736628017184399,38.62959851709337,305.78921507238397
"(70.0, 921.7369564364656)",56.64700095842952,27.999122195842567,0.3779312508206234,39.7755333155504,308.5776675580775
"(71.0, 921.7369564364656)",56.44889337140288,28.31732676532811,0.3822275273753,40.941315239276925,311.371922509868
"(72.0, 921.7369564364656)",56.24921884951249,28.637913677713474,0.3865547976068396,42.127175143915665,314.1746674981266
"(73.0, 921.7369564364656)",56.04796529194377,28.960868314924678,0.39091402561056604,43.333342593974116,316.9865616006356
"(74.0, 921.7369564364656)",55.845070345632045,29.286224050154196,0.39530566657729044,44.56005116943528,319.80779080360463
"(74.99999999999999, 921.7369564364656)",55.64047514911257,29.61401284146691,0.3997301471900356,45.80753711418484,322.638512152659
"(76.0, 921.7369564364656)",55.43412525794595,29.944264440167665,0.40418787061364736,47.076039119769156,325.4788585681901
"(77.0, 921.7369564364656)",55.22597016517944,30.277006744723565,0.4086792134346401,48.365798108273154,328.3289362418207
"(78.0, 921.7369564364656)",55.01596337736861,30.61226570013573,0.41320452586980366,49.677057014484966,331.1888250465206
"(78.99999999999999, 921.7369564364656)",54.80406238970347,30.950065277089855,0.4177641314862849,51.0100605676126,334.058578496879
"(80.0, 921.7369564364656)",54.59022865952044,31.290427452482437,0.4223583269373743,52.365055072726,336.938223724127
"(81.0, 921.7369564364656)",54.37442757234414,31.633372193406004,0.42698738174746137,53.742288192201634,339.8277614964787
"(82.00000000000001, 921.7369564364656)",54.156628404996916,31.978917442937703,0.4316515381196026,55.142008727343516,342.727166260138
"(83.0, 921.7369564364656)",53.93680428388976,32.32707910838392,0.43635101077747096,56.56446640044966,345.63638621155184
"(84.0, 921.7369564364656)",53.71493213898637,32.677871051861715,0.44108598683802613,58.00991163756695,348.5553433972902
"(85.0, 921.7369564364656)",53.4909926537075,33.031305083136836,0.4458566257143332,59.47859535220071,351.48393384076115
"(86.00000000000001, 921.7369564364656)",53.264970209718854,33.38739095510373,0.4506630590562203,60.97076873023725,354.42202770259036
"(87.0, 921.7369564364656)",53.03685270291089,33.74613649465248,0.4555053891209385,62.4866830164125,357.3694679923293
"(88.0, 921.7369564364656)",52.80663210738105,34.107546936864246,0.46038369675763685,64.02658930260037,360.32607813975255
"(89.0, 921.7369564364656)",52.57430315254097,34.47162626034237,0.4652980254900728,65.59073831826251,363.29164753285414
"(90.00000000000001, 921.7369564364656)",52.339864505885636,34.83837586058847,0.4702483975516019,67.17938022342292,366.26594650491575
"(91.0, 921.7369564364656)",52.10331806839529,35.2077952248636,0.4752348060238791,68.79276440450315,369.2487192926213
"(92.0, 921.7369564364656)",51.86466901918652,35.579881810354316,0.48025721658571896,70.4311392734125,372.2396858489566
"(93.0, 921.7369564364656)",51.623925729023384,35.954631059015796,0.48531556771441425,72.09475207025824,375.2385422260613
"(94.0, 921.7369564364656)",51.38109959700896,36.33203645830255,0.4904097708850262,73.78384867013435,378.2449609521341
"(95.0, 921.7369564364656)",51.1362053210668,36.71208934737352,0.49553971105432354,75.49867339433047,381.25859166628726
"(96.0, 921.7369564364656)",50.889207152782554,37.09482721251461,0.5007047728963643,77.23946882643904,384.27862461626745
"(97.0, 921.7369564364656)",50.64023070696771,37.48014231268076,0.5059057310571312,79.0064756337556,387.30553315460963
"(98.0, 921.7369564364656)",50.38924697535079,37.8680672457859,0.5111419305095358,80.79993239441706,390.33847494050184
"(99.0, 921.7369564364656)",50.136280255676866,38.25858666702348,0.5164131490828074,82.62007543069855,393.3770088686591
"(100.0, 921.7369564364656)",49.88135935848094,38.651682307346924,0.5217191386892069,84.46713864889374,396.4206723611502
"(101.0, 921.7369564364656)",49.62451461372367,39.04733449908806,0.5270596295573786,86.34135338622339,399.46898542252575
"(102.0, 921.7369564364656)",49.36577776167405,39.44552032815179,0.5324343812100849,88.2429482651289,402.5214977735876
"(102.99999999999999, 921.7369564364656)",49.10518323083832,39.846220789956725,0.5378429719361644,90.17214905541601,405.57759493776746
"(104.0, 921.7369564364656)",48.84276888640191,40.24940704116765,0.5432851554927932,92.12917854457562,408.63682715646354
"(105.0, 921.7369564364656)",48.57857220390224,40.65505387114139,0.5487605583790283,94.11425641668963,411.69863047597124
"(106.0, 921.7369564364656)",48.31263331453791,41.063133632541486,0.5542687967646248,96.12759914022969,414.7624346372974
"(106.99999999999999, 921.7369564364656)",48.04499388469696,41.473616822892716,0.5598094782629759,98.1694198651029,417.8276648132982
"(108.0, 921.7369564364656)",47.775697144709916,41.886472678351076,0.5653821860340997,100.23992832921591,420.8937270492507
"(109.00000000000001, 921.7369564364656)",47.504787063671756,42.30166670553019,0.5709865588202181,102.33933077482449,423.96008211825426
"(110.0, 921.7369564364656)",47.2323108234483,42.71917347924202,0.5766219066514114,104.46782987494605,427.02589137651773
"(111.0, 921.7369564364656)",46.958311390614504,43.13895052905378,0.5822880330103443,106.62562466997169,430.0907746463592
"(112.0, 921.7369564364656)",46.68283596877133,43.56096149169755,0.5879844799678151,108.81291051470869,433.1541144827032
"(113.0, 921.7369564364656)",46.405941048905234,43.9851798660729,0.5937103474079164,111.02987903597645,436.214889588633
"(114.00000000000001, 921.7369564364656)",46.12766271848574,44.41155752637649,0.5994656043680264,113.27671810082981,439.2728835577013
"(115.0, 921.7369564364656)",45.84805774615292,44.840060266886915,0.6052494969377525,115.55361179554806,442.3272173965579
"(116.0, 921.7369564364656)",45.56715924991866,45.27064046824091,0.6110619695498088,117.86074041535642,445.37765959155655
"(117.0, 921.7369564364656)",45.28505925151406,45.703282060683115,0.6169011763454146,120.19828046490733,448.4223322417905
"(118.0, 921.7369564364656)",45.001765573648,46.13792068925147,0.6227678529448988,122.5664046695307,451.46174067037265
"(119.0, 921.7369564364656)",44.71733825842665,46.5745225366743,0.6286610762702922,124.96528199709628,454.49486507435563
"(120.0, 921.7369564364656)",44.43183016907072,47.01304660281372,0.6345802060375753,127.39507769050061,457.52095003739913
"(17.0, 922.1791192306445)",67.45172009004376,13.526448793774238,0.1825446720863123,2.4925383614840797,165.8463465633182
"(18.0, 922.1791192306445)",67.20516249153025,13.758681758941492,0.18574155140915163,2.7956899093788046,168.4912903736461
"(19.0, 922.1791192306445)",66.96906959683403,13.991407266018905,0.1888555896981617,3.1141765657612774,171.04450480387348
"(20.0, 922.1791192306445)",66.72933886469633,14.22917540408225,0.1920645944140934,3.447915141391741,173.67004337078785
"(21.0, 922.1791192306445)",66.49003425349738,14.470320513111519,0.19531764979731156,3.7968354481631894,176.32102281212104
"(22.0, 922.1791192306445)",66.25125762271699,14.71449019726929,0.1986155959156521,4.160879595951739,178.9982757110139
"(23.0, 922.1791192306445)",66.01159110944903,14.961927328185375,0.2019749453546265,4.540000841199081,181.71707637258794
"(24.0, 922.1791192306445)",65.77791749426022,15.210316842056622,0.20530839117234026,4.934162069756546,184.39694927221282
"(25.0, 922.1791192306445)",65.54377912657048,15.461440671505462,0.2086980129239087,5.343334073777534,187.11361566957822
"(26.0, 922.1791192306445)",65.31344111857356,15.713877357761893,0.21208907664224821,5.767495045623355,189.81662285076575
"(27.0, 922.1791192306445)",65.08152936154376,15.969024426210593,0.21554933787515254,6.206630692585917,192.56846785987085
"(28.0, 922.1791192306445)",64.85354039223763,16.22522683768403,0.21900699542349952,6.660732297870981,195.30294584712158
"(29.0, 922.1791192306445)",64.62812278443833,16.482640810600106,0.22248215453200176,7.129797764134231,198.03859954672328
"(30.0, 922.1791192306445)",64.4065940837651,16.740984058859553,0.22595284306090455,7.613829017771362,200.75516478379362
"(31.0, 922.1791192306445)",64.18409542426323,17.00132829554414,0.22948336288688195,8.112835845165295,203.51192961994587
"(32.0, 922.1791192306445)",63.965654480209025,17.262357448530167,0.2330067849143755,8.626829013268168,206.24716267383485
"(33.0, 922.1791192306445)",63.748454011490054,17.524604610295825,0.23656150768782075,9.155827455821232,208.99625534760665
"(34.0, 922.1791192306445)",63.535570793457666,17.787533682200106,0.24009969393133404,9.699853326232638,211.7150709509123
"(35.0, 922.1791192306445)",63.32449380933553,18.05150482570804,0.24365850093288363,10.258933734845057,214.43784804850074
"(36.0, 922.1791192306445)",63.115474413242794,18.31644009040773,0.24723300563938821,10.833105421575379,217.1600099637006
"(37.0, 922.1791192306445)",62.873051500600994,18.619039647220454,0.2513192857928846,11.422505206766795,220.3388924113901
"(38.0, 922.1791192306445)",62.7035750855881,18.849116338451964,0.25442473021570233,12.026864933503415,222.5983086873073
"(39.0, 922.1791192306445)",62.50079689052847,19.116810282529137,0.2580381632218868,12.646545156918608,225.3108609309342
"(40.0, 922.1791192306445)",62.299907481690866,19.385473229728245,0.26166392908742875,13.281496059183997,228.01951560109086
"(41.0, 922.1791192306445)",62.101228135999115,19.654897953649346,0.2653006188461806,13.931774999214685,230.72291601970107
"(42.0, 922.1791192306445)",61.90375802713782,19.925436675013362,0.268955869816693,14.597447700977822,233.42803943849202
"(43.0, 922.1791192306445)",61.708218495439525,20.196990396984777,0.27261830093738454,15.278587530228698,236.12431711436332
"(44.0, 922.1791192306445)",61.51388338114586,20.469501429521674,0.27630182057197755,15.975266984133613,238.8245025527562
"(45.0, 922.1791192306445)",61.321370438905475,20.743011226209035,0.2799935455099403,16.687570529152882,241.51663065946929
"(46.0, 922.1791192306445)",61.13009128473083,21.01784102847207,0.2836968362964835,17.41558780619167,244.2037108182198
"(47.0, 922.1791192306445)",60.94013568032088,21.293384462759096,0.2874171062686809,18.159414046710626,246.89063986396206
"(47.99999999999999, 922.1791192306445)",60.750932549386896,21.570425908992938,0.29115693614295846,18.91915074147571,249.5796961887307
"(49.0, 922.1791192306445)",60.562129732415684,21.84859501126737,0.29492201462654805,19.694906281892717,252.2760174081446
"(50.0, 922.1791192306445)",60.37542991359944,22.127953306219634,0.2986837887599868,20.486794810347636,254.95315843680885
"(51.0, 922.1791192306445)",60.18879979702279,22.40872146079406,0.3024712254220627,21.29493699196896,257.6377112603625
"(52.0, 922.1791192306445)",60.00233154405835,22.690925398450563,0.30628186408788816,22.119460678830187,260.3272789820585
"(53.0, 922.1791192306445)",59.81657141669836,22.974482342528074,0.31010848682609066,22.96049654123772,263.0150747059945
"(54.0, 922.1791192306445)",59.63174171099599,23.259478032306358,0.31394540066373566,23.818190692815822,265.6957023777797
"(55.0, 922.1791192306445)",59.445642685967506,23.54609123421278,0.31782442158076707,24.69268350468654,268.3983616586542
"(56.0, 922.1791192306445)",59.26021630072805,23.834288781238673,0.3217143019206925,25.584128216830333,271.09408337229553
"(57.0, 922.1791192306445)",59.07478202678984,24.124035139839023,0.32562747466387126,26.492683422461898,273.7941743603659
"(58.0, 922.1791192306445)",58.889220889892464,24.415538709415422,0.32956052104424116,27.418514332968265,276.4953166968023
"(59.0, 922.1791192306445)",58.70331170167654,24.708788035386256,0.3335177066103242,28.361777694321365,279.2012872354119
"(59.99999999999999, 922.1791192306445)",58.51665991375042,25.00372355494899,0.33750711494427543,29.322681398769866,281.91933259461797
"(61.0, 922.1791192306445)",58.329946818329375,25.300726135972816,0.34150726582127267,30.30137413075835,284.6294954751684
"(61.99999999999999, 922.1791192306445)",58.14238984674708,25.599465215958258,0.3455423258657657,31.2980512726532,287.353866451147
"(63.0, 922.1791192306445)",57.95396506057789,25.90029921931181,0.34960095398568636,32.312906798662056,290.08179303005124
"(64.0, 922.1791192306445)",57.764603441088866,26.203007223208967,0.3536912190727108,33.34613303491375,292.82052384917154
"(65.0, 922.1791192306445)",57.57406998056074,26.507751937551294,0.3578129287152205,34.3979313557007,295.56968009623876
"(66.0, 922.1791192306445)",57.38327405978231,26.814779597234306,0.3619457320597841,35.46850831548716,298.31028808469534
"(67.0, 922.1791192306445)",57.190920531357726,27.123811291293098,0.3661176317138721,36.55807104155692,301.06796410715117
"(68.0, 922.1791192306445)",56.997516018999136,27.435093319018208,0.37031469405524947,37.66683380642948,303.829644595606
"(69.0, 922.1791192306445)",56.802307511432765,27.748554205268253,0.3745507487957919,38.79501427227145,306.6078653594103
"(70.0, 922.1791192306445)",56.60605647268583,28.064303660434867,0.37881164340323076,39.94283343541378,309.3893542324905
"(71.0, 922.1791192306445)",56.40835739198707,28.382314765844818,0.38310461672338053,41.11051573813941,312.18056228502127
"(72.0, 922.1791192306445)",56.20906108011956,28.702708152834287,0.38742927480792627,42.29828842242601,314.98089898411473
"(73.0, 922.1791192306445)",56.00816795878039,29.02548047947136,0.3917860436297156,43.506382816693744,317.7905258246162
"(74.0, 922.1791192306445)",55.805616096089054,29.350664906028495,0.3961753708018356,44.73503270016178,320.609621806749
"(74.99999999999999, 922.1791192306445)",55.60134758163988,29.678292737958312,0.4005976788979957,45.9844745048211,323.4383401871731
"(76.0, 922.1791192306445)",55.39530852126859,30.008393394545553,0.40505336503218936,47.254947099023404,326.2768083077697
"(77.0, 922.1791192306445)",55.187449026377294,30.34099438070408,0.4095428004767629,48.546691570187946,329.1251274607248
"(78.0, 922.1791192306445)",54.977723196966615,30.676121261995707,0.414066330325833,49.85995100681995,331.9833727961218
"(78.99999999999999, 922.1791192306445)",54.76608909974341,31.01379764234434,0.4186242731936892,51.19497028009663,334.8515932622284
"(80.0, 922.1791192306445)",54.55250874127209,31.354045144308095,0.42321692094998453,52.55199582520096,337.72981157996105
"(81.0, 922.1791192306445)",54.33694803663706,31.696883391808097,0.4278445384858185,53.931275422655844,340.61802424583783
"(82.00000000000001, 922.1791192306445)",54.11937677303639,32.04232999545014,0.4325073635152348,55.33305797986241,343.51620156738494
"(83.0, 922.1791192306445)",53.89976856922052,32.39040054005625,0.43720560640825634,56.757593313096045,346.4242877271696
"(84.0, 922.1791192306445)",53.67810083082499,32.741108574518094,0.44193945005255364,58.205131930205944,349.3422008725334
"(85.0, 922.1791192306445)",53.45435470042294,33.094465604303615,0.44670904975408665,59.67592481427388,352.2698332403079
"(86.00000000000001, 922.1791192306445)",53.228515003892454,33.45048108623561,0.4515145331644185,61.17022320850957,355.20705130488943
"(87.0, 922.1791192306445)",53.0005701922463,33.809162425771866,0.45635600024400097,62.68827840270868,358.1536959579239
"(88.0, 922.1791192306445)",52.77051227910032,34.17051497658555,0.4612335232667817,64.23034152153544,361.10958272427223
"(89.0, 922.1791192306445)",52.53833677279257,34.534542043995145,0.4661471468436475,65.7966633149974,364.0745019931553
"(90.00000000000001, 922.1791192306445)",52.304042605294335,34.90124488952857,0.4710968880070195,67.38749395144495,367.0482193031658
"(91.0, 922.1791192306445)",52.06763205585327,35.27062273950158,0.4760827363160074,69.00308281346325,370.0304756433476
"(92.0, 922.1791192306445)",51.82911066974901,35.64267279641424,0.4811046540115093,70.64367829701796,373.02098779707967
"(93.0, 922.1791192306445)",51.58848717307081,36.01739025324099,0.4861625762097302,72.30952761427821,376.0194487177119
"(94.0, 922.1791192306445)",51.345773382319365,36.39476831116271,0.491256411141743,74.00087660048204,379.0255279426179
"(95.0, 922.1791192306445)",51.10098411013987,36.77479820039791,0.4963860404325647,75.71796952529061,382.03887203919896
"(96.0, 922.1791192306445)",50.85413699936497,37.157469242544586,0.5015513194219506,77.46104890903027,385.0591050844718
"(97.0, 922.1791192306445)",50.60520495861242,37.54281176722848,0.5067516504328945,79.23035534426829,388.0854353206138
"(98.0, 922.1791192306445)",50.35430691857158,37.93072410668879,0.5119877138115249,81.0261273231338,391.1182516564894
"(99.0, 922.1791192306445)",50.101419234452536,38.321236613117684,0.5172587903326096,82.84860107081968,394.15665461241485
"(100.0, 922.1791192306445)",49.84657207402245,38.71432706385831,0.5225647124530803,84.69801038570334,397.20025588529325
"(101.0, 922.1791192306445)",49.58979526579993,39.10997704686537,0.5279051803515905,86.57458648649417,400.2485477674301
"(102.0, 922.1791192306445)",49.331121950057735,39.508164774207266,0.5332798982636197,88.47855786680746,403.301029017345
"(102.99999999999999, 922.1791192306445)",49.07058638499822,39.90886699806416,0.5386885564543693,90.41015015759905,406.35718837311856
"(104.0, 922.1791192306445)",48.808225731743505,40.31205850592054,0.544130818098265,92.36958599779499,409.4164925823131
"(105.0, 922.1791192306445)",48.54407643792072,40.71766955463547,0.5496075216761245,94.3570849137494,412.47949534807645
"(106.0, 922.1791192306445)",48.278184980695585,41.125802006641415,0.5551146919928516,96.37286320632865,415.5423145276296
"(106.99999999999999, 922.1791192306445)",48.0105873377286,41.536296653781875,0.5606555155846187,98.4171338504467,418.60767570317984
"(108.0, 922.1791192306445)",47.74132788842277,41.94916286195833,0.5662284730333147,100.49010639989838,421.67396814527643
"(109.00000000000001, 922.1791192306445)",47.470454524011245,42.3643784362115,0.5718328062527045,102.59198690517552,424.7402867121313
"(110.0, 922.1791192306445)",47.19800592344415,42.78189604500742,0.5774685449932289,104.72297784005416,427.8064563652034
"(111.0, 922.1791192306445)",46.924035208903184,43.20168987266863,0.5831348833668081,106.88327803868576,430.8715350971819
"(112.0, 922.1791192306445)",46.648584225763365,43.623718654543374,0.588831574162224,109.07308264303279,433.93509979308084
"(113.0, 922.1791192306445)",46.371706459565765,44.04795207708129,0.5945578634882253,111.29258306093718,436.99626382228814
"(114.00000000000001, 922.1791192306445)",46.09345277790934,44.47435258350519,0.6003132038580272,113.54196693480544,440.05433466151635
"(115.0, 922.1791192306445)",45.81386513755973,44.902875196791044,0.6060973575775959,115.82141812104231,443.108909257886
"(116.0, 922.1791192306445)",45.53401837788275,45.333728215290016,0.6118874071606812,118.1311166939823,446.13867350977745
"(117.0, 922.1791192306445)",45.25089576341568,45.7661379707412,0.6177495530465158,120.47123887819868,449.20449985536163
"(118.0, 922.1791192306445)",44.96761025964638,46.20079675710921,0.6236165595973308,122.84195719751018,452.24421246960094
"(119.0, 922.1791192306445)",44.68319208123561,46.637419357197146,0.6295100551968562,125.24344036002458,455.27758788824667
"(120.0, 922.1791192306445)",44.39769098749529,47.07596405327415,0.6354294636629465,127.67585335973747,458.3039297741593
"(17.0, 922.594049166547)",67.30882204394801,13.649693823008468,0.18424242253073028,2.568646495021505,167.4123161358588
"(18.0, 922.594049166547)",67.07645114839978,13.875288130501785,0.18728806809109916,2.8730649864675986,169.91779211427954
"(19.0, 922.594049166547)",66.84271964633862,14.105600496847686,0.1903970294554679,3.1928589450537332,172.46630740954873
"(20.0, 922.594049166547)",66.61316432088121,14.335757070013708,0.19350359530509104,3.5279204244639026,174.9973450963449
"(21.0, 922.594049166547)",66.37578555020875,14.577528145758395,0.19675124961215493,3.8781818221496143,177.64335023610641
"(22.0, 922.594049166547)",66.14001424407398,14.81935895231374,0.20003115597320129,4.243584812381701,180.3039693363992
"(23.0, 922.594049166547)",65.90695469546091,15.063425836229607,0.20332566064130547,4.624081022821186,182.96296352770403
"(24.0, 922.594049166547)",65.67512423033195,15.309989077462303,0.20665373331414527,5.019630082884348,185.6378745107967
"(25.0, 922.594049166547)",65.44478687297402,15.5587757482606,0.2100119083439118,5.430201473089588,188.32553541911378
"(26.0, 922.594049166547)",65.21615915336659,15.80955900853718,0.21339703086926928,5.855770467588648,191.02306032220915
"(27.0, 922.594049166547)",64.98942790353298,16.06213575730326,0.21680620580531174,6.296329343011894,193.72778595534638
"(28.0, 922.594049166547)",64.76469739882265,16.316348741740665,0.22023754390334438,6.751859955513023,196.43798745276865
"(29.0, 922.594049166547)",64.54207844606707,16.57205098383112,0.22368899282588015,7.222363082908345,199.15177056230712
"(30.0, 922.594049166547)",64.32162727849784,16.82912742558952,0.2271591004959491,7.707839272278185,201.8677950593101
"(31.0, 922.594049166547)",64.10408606239385,17.087426194711682,0.23063387262918764,8.208296393123817,204.57314203080008
"(32.0, 922.594049166547)",63.88740515909596,17.347019369129193,0.23414951144851534,8.72374801003479,207.30119786761978
"(33.0, 922.594049166547)",63.6736451134002,17.607687982645214,0.23766803552543056,9.25420988287674,210.016905369989
"(34.0, 922.594049166547)",63.46187563346944,17.86954220240039,0.241202419495978,9.799700566455806,212.73221630510665
"(35.0, 922.594049166547)",63.25278872933002,18.1322211238066,0.2447470154711041,10.360262426660329,215.44187759825314
"(36.0, 922.594049166547)",63.04491132207081,18.396076731167554,0.2483183179421774,10.935912897163313,218.16108953533615
"(37.0, 922.594049166547)",62.84043087136587,18.66074360346328,0.2518826855393351,11.526694897875794,220.85877186880344
"(38.0, 922.594049166547)",62.6368976370656,18.926490270562795,0.25547769124234704,12.132649539975244,223.5695480950226
"(39.0, 922.594049166547)",62.43716875094554,19.1930453007176,0.2590555688129662,12.753826916995251,226.2492992733023
"(40.0, 922.594049166547)",62.23575346025806,19.461016446464974,0.26270048680404173,13.390278934729636,228.97562690383427
"(41.0, 922.594049166547)",62.0394853823346,19.729523879121764,0.2663087364492169,14.042065297215682,231.65279019189413
"(42.0, 922.594049166547)",61.84381726427747,19.99915616831732,0.2699470687583462,14.709252889348527,234.34230633705434
"(43.0, 922.594049166547)",61.65000708212279,20.269722244760665,0.2735967404544822,15.391909302368694,237.02681531230087
"(44.0, 922.594049166547)",61.45679471121112,20.541573805452547,0.2772699781516943,16.09011307453196,239.71751878075972
"(45.0, 922.594049166547)",61.264198418699884,20.815744861129975,0.2809702616902654,16.80394733585833,242.41754409234795
"(46.0, 922.594049166547)",61.07511236745768,21.08851510926607,0.2846521097090267,17.53350090111354,245.08484159913763
"(47.0, 922.594049166547)",60.88628532350322,21.363386400964725,0.28836231368957044,18.278869786492585,247.7624848274022
"(47.99999999999999, 922.594049166547)",60.69818285760697,21.639728927822734,0.2920942982382735,19.040151453768843,250.44430989634088
"(49.0, 922.594049166547)",60.511004430984414,21.917354397376787,0.2958393575574696,19.817467164621135,253.12216362715466
"(50.0, 922.594049166547)",60.32461526607422,22.196211719701985,0.2996029911970716,20.610918798347242,255.80101799256843
"(51.0, 922.594049166547)",60.139009401859816,22.476387622970872,0.30338279640004084,21.420631644227164,258.4785309339566
"(52.0, 922.594049166547)",59.95338963049067,22.75805777420324,0.3071875371758873,22.24673243153295,261.1626613450681
"(53.0, 922.594049166547)",59.76852151490553,23.041135035026343,0.3110064587694744,23.08935821039152,263.84334990268667
"(54.0, 922.594049166547)",59.58383361769176,23.325668255626493,0.31484801328627915,23.948644758621704,266.5282586912094
"(55.0, 922.594049166547)",59.399102641694114,23.61181822926901,0.31871163095242055,24.82474244623733,269.2167116706305
"(56.0, 922.594049166547)",59.21449696865406,23.89954978607861,0.32259553934804347,25.717798981645196,271.9069259085324
"(57.0, 922.594049166547)",59.029769400778896,24.188942876065166,0.3265018981249366,26.627977487244877,274.60073076440375
"(58.0, 922.594049166547)",58.84482462917972,24.480057809910658,0.3304309133292228,27.5554372131118,277.29815708509625
"(59.0, 922.594049166547)",58.65904821012013,24.77289915982592,0.33439252328801045,28.50035439005182,280.0081976812526
"(59.99999999999999, 922.594049166547)",58.47388710265556,25.067605838218366,0.3383600383877716,29.46289681369654,282.70606107862596
"(61.0, 922.594049166547)",58.287402124411976,25.36413754241804,0.34236608950222597,30.4432526333224,285.42166417785273
"(61.99999999999999, 922.594049166547)",58.10031412525356,25.662699916584977,0.34639397250411225,31.44160481841608,288.13941288103837
"(63.0, 922.594049166547)",57.91246993703052,25.96315952856828,0.350449890541412,32.45814252849339,290.86484101608113
"(64.0, 922.594049166547)",57.72372833071315,26.265645429263007,0.35453310612236916,33.49306386468285,293.5970700763468
"(65.0, 922.594049166547)",57.53405182910454,26.57019116953948,0.35864366100314293,34.54656899383983,296.33593841896425
"(66.0, 922.594049166547)",57.34338947120477,26.876835379770426,0.3627816531033051,35.61886339362755,299.0813309062844
"(67.0, 922.594049166547)",57.15132226457279,27.185672515917172,0.3669516271200083,36.710156247131145,301.8372312657702
"(68.0, 922.594049166547)",56.95816501205011,27.49668785752002,0.37114938644707274,37.8206613214359,304.59955396644847
"(69.0, 922.594049166547)",56.763638514049994,27.80999741079028,0.37537669840787513,38.95059875715938,307.3697093897319
"(70.0, 922.594049166547)",56.56773154526266,28.125484093422724,0.37963703168197516,40.100181745454634,310.15068452758754
"(71.0, 922.594049166547)",56.370382334089946,28.443303321705248,0.38392771968946265,41.2696479088868,312.9397815866936
"(72.0, 922.594049166547)",56.17143825880314,28.763515982548846,0.3882499384314222,42.45921451659912,315.7378682695093
"(73.0, 922.594049166547)",55.970880726551385,29.086118127830325,0.39260441026301146,43.66911618760492,318.5453763975911
"(74.0, 922.594049166547)",55.76864845553848,29.41114250717453,0.39699157725143736,44.89958688569744,321.3624798557202
"(74.99999999999999, 922.594049166547)",55.56468415869675,29.73862003097661,0.4014118566368653,46.15086321709334,324.1893269809737
"(76.0, 922.594049166547)",55.35893454001964,30.068579738135632,0.40586564039636364,47.4231842138569,327.0260403769979
"(77.0, 922.594049166547)",55.15135028493891,30.40104876701266,0.41035329485307975,48.71679111642417,329.87271677091263
"(78.0, 922.594049166547)",54.94188604542526,30.736052329335717,0.41487516032348354,50.03192715550169,332.7294269059614
"(78.99999999999999, 922.594049166547)",54.73050041904449,31.07361368721098,0.41943155080698435,51.36883733350536,335.5962154737146
"(80.0, 922.594049166547)",54.51715592354668,31.413754132578056,0.4240227537087647,52.727768205797446,338.47310107712127
"(81.0, 922.594049166547)",54.30181896637811,31.756492969294595,0.4286490295988164,54.10896766191272,341.36007622697036
"(82.00000000000001, 922.594049166547)",54.08445981006931,32.1018474975355,0.43331061200017457,55.51268470701601,344.2571073650596
"(83.0, 922.594049166547)",53.86505253174905,32.44983300107324,0.43800770721798815,56.93916924382765,347.16413492457144
"(84.0, 922.594049166547)",53.643574979573245,32.8004627364501,0.4427404941937192,58.38867185526206,350.08107341291947
"(85.0, 922.594049166547)",53.42000872412296,33.15374792484816,0.4475091243941366,59.861443588040984,353.00781152572154
"(86.00000000000001, 922.594049166547)",53.194339005167016,33.50969774643001,0.4523137217368603,61.357735737570856,355.9442122932299
"(87.0, 922.594049166547)",52.966554673968425,33.868319337308044,0.45715438254793084,62.877799634363534,358.89011325476463
"(88.0, 922.594049166547)",52.73664813167314,34.229617788855705,0.46203117555362977,64.42188643233733,361.8453266628657
"(89.0, 922.594049166547)",52.50461526223927,34.593596150149935,0.46694414191218403,65.99024689929364,364.80963972206706
"(90.00000000000001, 922.594049166547)",52.27045536131807,34.96025543297327,0.47189329528260393,67.58313120994974,367.7828148593728
"(91.0, 922.594049166547)",52.03417106068504,35.32959461972652,0.47687862193121866,69.20078874187098,370.764590026615
"(92.0, 922.594049166547)",51.79576824759893,35.70161067455151,0.4819000808812923,70.84346787469296,373.75467903926506
"(93.0, 922.594049166547)",51.555255979543915,36.0762985575671,0.4869576041053986,72.51141579300749,376.75277195103257
"(94.0, 922.594049166547)",51.31264639438957,36.45365124231016,0.4920510967617121,74.20487829333561,379.7585354648928
"(95.0, 922.594049166547)",51.067912949428106,36.83369778621483,0.4971800544201288,75.92409959559916,382.7712599767117
"(96.0, 922.594049166547)",50.82115656256357,37.216351207301784,0.5023450990198425,77.66932215949953,385.791276824187
"(97.0, 922.594049166547)",50.572430986870614,37.601664894892465,0.5075438078768728,79.4407865064506,388.81611033208145
"(98.0, 922.594049166547)",50.3215375830438,37.989539487241636,0.5127815609449612,81.23873104603348,391.85048560412076
"(99.0, 922.594049166547)",50.06872406007994,38.38004305393616,0.518052561714579,83.06339191179214,394.8888186815638
"(100.0, 922.594049166547)",49.813945207208256,38.77312931254122,0.5233584079601673,84.91500279947216,397.9323499658562
"(101.0, 922.594049166547)",49.55723207779232,39.1687770587138,0.5286988519544251,86.79379481544163,400.9806197988962
"(102.0, 922.594049166547)",49.29861687479218,39.566965218371905,0.5340735890754799,88.69999633132882,404.0331187667287
"(102.99999999999999, 922.594049166547)",49.03813553465099,39.96767039314231,0.5394822845453296,90.63383284671323,407.08931250558174
"(104.0, 922.594049166547)",48.77582318135602,40.37086648516051,0.5449246521996365,92.59552686006441,410.1487145034705
"(105.0, 922.594049166547)",48.51172279791943,40.77652885533538,0.5504002123257862,94.585297748289,413.2106628034853
"(106.0, 922.594049166547)",48.24587064708895,41.18462705636193,0.555908707136234,96.60336165520712,416.27470342855105
"(106.99999999999999, 922.594049166547)",47.97831180509996,41.595132330850625,0.5614496653202459,98.64993138931892,419.3401887416894
"(108.0, 922.594049166547)",47.709086653798714,42.008013190454136,0.567022725235684,100.72521633111897,422.40657571352114
"(109.00000000000001, 922.594049166547)",47.438242148762484,42.42323785059609,0.5726273997670768,102.82942235021738,425.47320906460106
"(110.0, 922.594049166547)",47.165823482601475,42.8407720725441,0.5782632613057345,104.96275173256159,428.53949199974903
"(111.0, 922.594049166547)",46.89187935173145,43.26058197770059,0.5839297864078007,107.12540311788104,431.6047429530488
"(112.0, 922.594049166547)",46.61645344839538,43.68263050138644,0.5896265820104696,109.31757144758262,434.66840434568763
"(113.0, 922.594049166547)",46.339605637395465,44.106881931378915,0.5953529419348526,111.53944792321725,437.7296334596746
"(114.00000000000001, 922.594049166547)",46.06135557156003,44.533295876007955,0.6011088667546601,113.79121997558661,440.7882433935096
"(115.0, 922.594049166547)",45.78178514259037,44.961837920251604,0.6068932206779563,116.07307124464853,443.843002632354
"(116.0, 922.594049166547)",45.50092900983883,45.39246523929472,0.6127057861993542,118.3851815701183,446.89353066731655
"(117.0, 922.594049166547)",45.2188398439116,45.82513872555021,0.6185459432941154,120.72772699289061,449.9390794263688
"(118.0, 922.594049166547)",44.935563718928435,46.2598168618892,0.6244132123912051,123.10087976717665,452.9790342059163
"(119.0, 922.594049166547)",44.65115514241337,46.69645913898608,0.6303069329200216,125.50480838330844,456.0126170771215
"(120.0, 922.594049166547)",44.36565844975685,47.13502290927262,0.6362266343337856,127.9396776011067,459.03922915650463
"(17.0, 922.9801722728024)",67.18222051699946,13.761756673178256,0.18575547529163242,2.640079785079667,168.80854080020754
"(18.0, 922.9801722728024)",66.9587450310127,13.982697249358036,0.18871434198969295,2.945671995436977,171.23392388455835
"(19.0, 922.9801722728024)",66.72687126086872,14.210996913495727,0.19181971334612286,3.2666506035784466,173.7791414659456
"(20.0, 922.9801722728024)",66.49723552464414,14.44253994385279,0.19494300763359815,3.602923965613526,176.3256068034231
"(21.0, 922.9801722728024)",66.26742192829272,14.677718199160656,0.19811964398620818,3.954420880203414,178.9060822568133
"(22.0, 922.9801722728024)",66.03771045613723,14.91636219548529,0.201340588842337,4.321074602863107,181.51229677234457
"(23.0, 922.9801722728024)",65.80859593485317,15.157994854364688,0.20460215300602835,4.702835566093419,184.1408948627969
"(24.0, 922.9801722728024)",65.58021714381178,15.40237416092854,0.20790187695816054,5.099664517767821,186.78964569291415
"(25.0, 922.9801722728024)",65.3535525059165,15.648951756938624,0.21122905806783665,5.511526829127348,189.4487055753463
"(26.0, 922.9801722728024)",65.12817278937294,15.897741196717849,0.2145871023774403,5.93840015036323,192.12124056948812
"(27.0, 922.9801722728024)",64.90416507238163,16.148616547839726,0.21797288183637228,6.380268593562331,194.80437943457176
"(28.0, 922.9801722728024)",64.68254416611349,16.400941572443557,0.22137930520979757,6.83711986064372,197.49158939952858
"(29.0, 922.9801722728024)",64.46262561158467,16.654992455976632,0.22480845321183984,7.308949079128408,200.18479579471776
"(30.0, 922.9801722728024)",64.24468744900801,16.910531568039822,0.22825779639161792,7.795762856217136,202.8816573799286
"(31.0, 922.9801722728024)",64.02892751714599,17.167394462095693,0.23172454792383573,8.297562654258606,205.57960050832054
"(32.0, 922.9801722728024)",63.81506323179601,17.425614285852983,0.23521035377418487,8.81436319630878,208.28012965053514
"(33.0, 922.9801722728024)",63.603409616559745,17.684999285184016,0.23871157782586078,9.346180650337091,210.97987257488833
"(34.0, 922.9801722728024)",63.39381835467911,17.945551894047064,0.24222848694401708,9.893037318705732,213.6790532902634
"(35.0, 922.9801722728024)",63.185933051687165,18.20716360714587,0.24576868815191039,10.45496068655675,216.38466544315412
"(36.0, 922.9801722728024)",62.98057770662431,18.46999165655478,0.24930965794707238,11.031983211308258,219.07588782995404
"(37.0, 922.9801722728024)",62.77760189951926,18.73358178410407,0.2528652847550266,11.624141683090263,221.76550240191543
"(38.0, 922.9801722728024)",62.57589577825932,18.998368215517505,0.2564427834396322,12.231478877948502,224.46012555928021
"(39.0, 922.9801722728024)",62.37571457342627,19.26417440834109,0.26004040183045,12.854042566532613,227.15809231282492
"(40.0, 922.9801722728024)",62.17860535425761,19.53094954822077,0.263629421423982,13.491889304780711,229.83283949730543
"(41.0, 922.9801722728024)",61.98194133474199,19.798764924190735,0.2672554163444982,14.145074814554164,232.52637540393027
"(42.0, 922.9801722728024)",61.78817554252285,20.067620443793476,0.27087205239070156,14.813663088631358,235.1958704908259
"(43.0, 922.9801722728024)",61.595175073273815,20.33757243341569,0.27451590440490836,15.497729711910262,237.87500702735622
"(44.0, 922.9801722728024)",61.40364680484317,20.608590003481268,0.27817403978172395,16.197346932610447,240.5517762269465
"(45.0, 922.9801722728024)",61.213400885606674,20.880744426117715,0.28184719237692835,16.912601060133692,243.22676911452933
"(46.0, 922.9801722728024)",61.0242895176756,21.154049294811536,0.2855369161474314,17.64358177898769,245.90133027701327
"(47.0, 922.9801722728024)",60.835774738152594,21.428575223082422,0.28925020929262213,18.390382925044648,248.58182507780387
"(47.99999999999999, 922.9801722728024)",60.64921583774116,21.704287381909058,0.29296390242426673,19.15310761130167,251.2467655179605
"(49.0, 922.9801722728024)",60.46309415947506,21.981227655718026,0.29670299372374986,19.93186344343922,253.91911681756363
"(50.0, 922.9801722728024)",60.27742790707719,22.259648587156676,0.30046011274780215,20.72676718539121,256.59195943968086
"(51.0, 922.9801722728024)",60.092456587693334,22.539363495612868,0.30423577838460647,21.537939962711505,259.2656511822627
"(52.0, 922.9801722728024)",59.90820612604758,22.820429350538202,0.30802811544631986,22.365488620790707,261.9383544387203
"(53.0, 922.9801722728024)",59.72345977899221,23.10308665806029,0.3118510799998403,23.209607733071294,264.6227558086408
"(54.0, 922.9801722728024)",59.53933764756513,23.38717018357371,0.315690166499856,24.0703768362787,267.30538742458805
"(55.0, 922.9801722728024)",59.35593281446944,23.672958571994954,0.31953667371645605,24.947959466684466,269.9780546876084
"(56.0, 922.9801722728024)",59.17198478975798,23.96029938017499,0.32341562276466745,25.842519993599865,272.6636872214485
"(57.0, 922.9801722728024)",58.98791843058219,24.24930511507886,0.32731719101986445,26.75420461077333,275.353072744591
"(58.0, 922.9801722728024)",58.80389199125838,24.540027811930777,0.3312375010344967,27.683182442321936,278.0424633257104
"(59.0, 922.9801722728024)",58.61884797508249,24.83262341385325,0.3351899760827253,28.629623246207153,280.7440786227432
"(59.99999999999999, 922.9801722728024)",58.43349467828436,25.126954797762604,0.33916689538517303,29.593703129542885,283.4506164022957
"(61.0, 922.9801722728024)",58.24781786338578,25.423264114547848,0.34316238065879096,30.575602660641707,286.15647055735417
"(61.99999999999999, 922.9801722728024)",58.06124104191181,25.721452470664318,0.3471886672897196,31.575508757089764,288.8727471891403
"(63.0, 922.9801722728024)",57.874070952204406,26.02165515969805,0.35123756091906544,32.59361164745708,291.5916928383009
"(64.0, 922.9801722728024)",57.685694083390814,26.32387296005381,0.3553191231091408,33.630108988446956,294.3223964706489
"(65.0, 922.9801722728024)",57.49674662470607,26.628123510671177,0.3594231759261476,34.68520031193786,297.05526452321556
"(66.0, 922.9801722728024)",57.30612376525518,26.934602635573626,0.3635624138539995,35.75909284084962,299.8018065300307
"(67.0, 922.9801722728024)",57.114801775958725,27.243182282893233,0.36772504860272387,36.85199289322994,302.55093581513677
"(68.0, 922.9801722728024)",56.922023491389275,27.553972258534685,0.37192061271046867,37.964122095246516,305.3112290960681
"(69.0, 922.9801722728024)",56.72755490977717,27.86698594198285,0.3761526487769909,39.09568958742628,308.0857469816317
"(70.0, 922.9801722728024)",56.532131667537044,28.182397663604515,0.3804055407863977,40.24692029265476,310.85985127590317
"(71.0, 922.9801722728024)",56.335063425459666,28.50009450539229,0.38469337935018544,41.418039017630626,313.64632252721003
"(72.0, 922.9801722728024)",56.1364807734571,28.82010572483678,0.3890136664518715,42.609274097159044,316.44262678106384
"(73.0, 922.9801722728024)",55.936233317732395,29.142550222495522,0.3933660105055437,43.82085671915519,319.24817142351657
"(74.0, 922.9801722728024)",55.73429633284976,29.467426343792688,0.3977511764710979,45.05302101712158,322.0634283638822
"(74.99999999999999, 922.9801722728024)",55.53061310591615,29.794764634201876,0.4021695766609273,46.30600375742741,324.88854139195524
"(76.0, 922.9801722728024)",55.325130892032014,30.124593781111077,0.4066215983061386,47.580044122567784,327.7236287318742
"(77.0, 922.9801722728024)",55.11780090599056,30.456940583962286,0.4111076031534253,48.87538349353945,330.5687828876679
"(78.0, 922.9801722728024)",54.90857830877247,30.791829927289747,0.4156279271011111,50.19226523160036,333.4240705255709
"(78.99999999999999, 922.9801722728024)",54.69742218781764,31.129284756954036,0.42018287987886477,51.530934459581175,336.2895323970957
"(80.0, 922.9801722728024)",54.484295532578074,31.469326058966058,0.4247727447615168,52.89163784301892,339.16518329375697
"(81.0, 922.9801722728024)",54.26916520540868,31.81197284080807,0.4293977783170178,54.27462337128625,342.0510120333135
"(82.00000000000001, 922.9801722728024)",54.05200190694322,32.15724211556577,0.4340582101924475,55.680140138966046,344.94698148088344
"(83.0, 922.9801722728024)",53.83277336957569,32.505202566023904,0.4387529449486837,57.10843812779799,347.8518305861375
"(84.0, 922.9801722728024)",53.61147815611091,32.85570614394365,0.44348605180495265,58.55976798882149,350.76906450669867
"(85.0, 922.9801722728024)",53.388077926936035,33.208924841058455,0.44825378473795335,60.03438082681676,353.6949746325551
"(86.00000000000001, 922.9801722728024)",53.16256507269713,33.564813903299125,0.4530575621836119,61.53252798428057,356.63061880944537
"(87.0, 922.9801722728024)",52.93492881504547,33.92338021703771,0.45789747709653467,63.05446082827051,359.5758314655707
"(88.0, 922.9801722728024)",52.705161913395216,34.28462863036729,0.46277359491846215,64.60043053860223,362.53042182254404
"(89.0, 922.9801722728024)",52.473260599161065,34.648561954897076,0.46768595360231546,66.17068789835164,365.49417412708334
"(90.00000000000001, 922.9801722728024)",52.23922450444371,35.015180970749775,0.47263456367969087,67.76548308690376,368.46684792025815
"(91.0, 922.9801722728024)",52.00305658739816,35.384484434002964,0.4776194083618326,69.38506547593569,371.44817833470256
"(92.0, 922.9801722728024)",51.76476305144609,35.756469087799395,0.48264044368841835,71.02968342868078,374.4378764326774
"(93.0, 922.9801722728024)",51.52435326109304,36.13112967607786,0.4876975987142844,72.6995841029007,377.43562957544157
"(94.0, 922.9801722728024)",51.281839651773225,36.50845896111631,0.4927907757453992,74.39501325794585,380.4411018339907
"(95.0, 922.9801722728024)",51.03723759092215,36.88844777047968,0.4979198505914159,76.11621506633193,383.45393441058116
"(96.0, 922.9801722728024)",50.79056545921708,37.27108491515837,0.5030846729985626,77.86343193024737,386.47374622177244
"(97.0, 922.9801722728024)",50.54180759186966,37.656390633032096,0.5082847325892618,79.63690430342061,389.4998257454515
"(98.0, 922.9801722728024)",50.29106058183248,38.04428345487922,0.5135205035588433,81.43687051878707,392.53237232157034
"(99.0, 922.9801722728024)",50.03831566243348,38.434780203700576,0.5187913933467184,83.26356662236458,395.5706029824368
"(100.0, 922.9801722728024)",49.78359898026035,38.827861825763485,0.5240972028414738,85.11722621379175,398.61410035252555
"(101.0, 922.9801722728024)",49.52694370210922,39.22350823329626,0.5294376190771186,86.99808029392756,401.66234456957375
"(102.0, 922.9801722728024)",49.26838228621689,39.62169730315565,0.5348123579871183,88.90635711991837,404.71484518865583
"(102.99999999999999, 922.9801722728024)",49.007950628420815,40.02240546476583,0.540221086438859,90.84228206816412,407.77106935857444
"(104.0, 922.9801722728024)",48.74568498445233,40.42560694822435,0.5456634889001453,92.80607750551313,410.83050348252135
"(105.0, 922.9801722728024)",48.481625533126305,40.831275392837625,0.551139170744197,94.79796266911232,413.8925640906561
"(106.0, 922.9801722728024)",48.21581141310644,41.23938212607872,0.5566477796783839,96.81815355519002,416.9567100276376
"(106.99999999999999, 922.9801722728024)",47.94828595763008,41.64989707434754,0.5621889028172774,98.8668628171303,420.0223475550182
"(108.0, 922.9801722728024)",47.67909349806747,42.062789600895236,0.5677620925317911,100.94429967314663,423.0888543018127
"(109.00000000000001, 922.9801722728024)",47.40827834316443,42.47802689277571,0.5733669262396832,103.05066982373617,426.1556345324939
"(110.0, 922.9801722728024)",47.1359015086009,42.89559600660191,0.5790021519796484,105.18617537937645,429.2213306011228
"(111.0, 922.9801722728024)",46.86196178003955,43.31539893429284,0.5846697504468471,107.35101479783799,432.28757219228936
"(112.0, 922.9801722728024)",46.586615410984614,43.737476831942935,0.5903654828857402,109.54538283353607,435.35025226426063
"(113.0, 922.9801722728024)",46.30971542737244,44.161727349083925,0.5960935985115521,111.76947049505337,438.4131017498537
"(114.00000000000001, 922.9801722728024)",46.03149081150379,44.58815963715836,0.6018495649564727,114.02346501581842,441.4717501300179
"(115.0, 922.9801722728024)",45.75193739679659,45.01672136225855,0.60763403810597,116.30754983363951,444.52661933622727
"(116.0, 922.9801722728024)",45.47109101152923,45.44732645874598,0.6134479781823299,118.6219045821922,447.578416000937
"(117.0, 922.9801722728024)",45.189007863120956,45.880056100958626,0.6192873767991188,120.96670509210479,450.6232646323178
"(118.0, 922.9801722728024)",44.90574845921241,46.314754190503926,0.6251547067397959,123.34212340487817,453.663275518972
"(119.0, 922.9801722728024)",44.62134414125418,46.75141409335066,0.6310487185860844,125.74832779471078,456.69712719840453
"(120.0, 922.9801722728024)",44.33585492571142,47.189996088566055,0.6369686198389841,128.1854828029878,459.723923668367
"(17.0, 923.3360238522112)",67.06739364491996,13.864084108705933,0.1871368071275802,2.706427472201965,170.08372793737607
"(18.0, 923.3360238522112)",66.84535193227285,14.08321442963637,0.19009624005373513,3.0130792319068425,172.5096272085644
"(19.0, 923.3360238522112)",66.62230989214996,14.307079766718976,0.19311358482421873,3.3351417757994124,174.9735877876414
"(20.0, 923.3360238522112)",66.39640911873704,14.536145599329867,0.19620764480861635,3.6725218321306814,177.4930647748641
"(21.0, 923.3360238522112)",66.1703993279408,14.768968246438716,0.199351046032618,4.025141517744823,180.0428606767918
"(22.0, 923.3360238522112)",65.94626518057943,15.004762797218095,0.20251573584745863,4.392935964735105,182.59713834016205
"(23.0, 923.3360238522112)",65.71665082278555,15.245444159942101,0.20579935371464006,4.775852652882263,185.24610431734826
"(24.0, 923.3360238522112)",65.49398715995534,15.486972677266898,0.20904285302163117,5.173849379319559,187.84294734439555
"(25.0, 923.3360238522112)",65.27020509530078,15.73171939495959,0.21234631632259002,5.586892241228477,190.48011115173568
"(26.0, 923.3360238522112)",65.04772769826805,15.978715399153515,0.21568024755378473,6.014956733322746,193.13038546644944
"(27.0, 923.3360238522112)",64.8256877972803,16.22808943454568,0.21905400831010124,6.458024679958857,195.80243236197924
"(28.0, 923.3360238522112)",64.60743290851595,16.478638182350533,0.22242807885162752,6.916083169701603,198.45977475024625
"(29.0, 923.3360238522112)",64.39052650485588,16.731042708424393,0.2258296577917891,7.389132507050658,201.12752578632538
"(30.0, 923.3360238522112)",64.17379858313272,16.98550435542388,0.22927265322645982,7.8771685291702065,203.818531478996
"(31.0, 923.3360238522112)",63.96052027601587,17.240950165156683,0.2327178144126124,8.3801994261327,206.49654201318566
"(32.0, 923.3360238522112)",63.74911568627587,17.497760763096053,0.23618309754029698,8.89823496727545,209.1781272166813
"(33.0, 923.3360238522112)",63.53904766890914,17.75610676521284,0.23967134133068338,9.431297250418284,211.86588608518102
"(34.0, 923.3360238522112)",63.331322007471066,18.01552691949297,0.24317301236709596,9.979402951770853,214.55099939542808
"(35.0, 923.3360238522112)",63.125567457448405,18.27611784412366,0.2466905409135461,10.542580559866519,217.23568260919836
"(36.0, 923.3360238522112)",62.921796639661224,18.5378213263491,0.2502228504232732,11.12086255748974,219.9189092293019
"(37.0, 923.3360238522112)",62.71937629638905,18.801196969099205,0.2537779615052137,11.714285706519972,222.60804821102352
"(38.0, 923.3360238522112)",62.51993372461492,19.06449297369067,0.25733177677053437,12.322892572335054,225.28080700179498
"(39.0, 923.3360238522112)",62.321493217243145,19.3294704932426,0.2609112779181233,12.946731596072299,227.9620503350469
"(40.0, 923.3360238522112)",62.125334395167464,19.595365476868587,0.26449875126411304,13.585854339696949,230.63537096638422
"(41.0, 923.3360238522112)",61.93058033694576,19.86242501270306,0.26810255595679294,14.24032632663596,233.30842167512415
"(42.0, 923.3360238522112)",61.737295451303694,20.130607610997902,0.27172136513495904,14.910205608543745,235.97991927086414
"(43.0, 923.3360238522112)",61.54527788425238,20.399923652245636,0.2753575863071983,15.595561223168644,238.65201765526191
"(44.0, 923.3360238522112)",61.3543855952748,20.670268401162772,0.2790156341864016,16.296484494534415,241.32870176774065
"(45.0, 923.3360238522112)",61.16570262368056,20.941742220141656,0.28267264637766604,17.013043311445966,243.98879404669034
"(46.0, 923.3360238522112)",60.97764193717915,21.214491069378262,0.2863524954654853,17.74533607920741,246.6542385040521
"(47.0, 923.3360238522112)",60.79072984258359,21.488509438997664,0.29004532969561286,18.493452914500754,249.31584854355012
"(47.99999999999999, 923.3360238522112)",60.60951448405934,21.757785348958695,0.29368590253749993,19.257505854488077,251.9132676559351
"(49.0, 923.3360238522112)",60.41883700034082,22.040212963209104,0.29749855939428926,20.0375868091101,254.65355012377378
"(50.0, 923.3360238522112)",60.23378278074435,22.31808589020263,0.30125438784702263,20.833827683150425,257.3252009595513
"(51.0, 923.3360238522112)",60.049951435697054,22.597324971122887,0.3050182002712537,21.64634220280547,259.98795003821135
"(52.0, 923.3360238522112)",59.86619668472206,22.87802769137483,0.3088075314085,22.47525988134748,262.6578583049937
"(53.0, 923.3360238522112)",59.68272041285402,23.1602208047211,0.312616107508107,23.320715039273995,265.3289986594169
"(54.0, 923.3360238522112)",59.49943819386884,23.443960495713913,0.3164459051383655,24.182848364533502,268.0030554502389
"(55.0, 923.3360238522112)",59.31622701757962,23.72929450932157,0.3202969549701695,25.061806279668165,270.67991057445886
"(56.0, 923.3360238522112)",59.13288969710312,24.016278784145992,0.3241712155708293,25.957742303017255,273.36121892949024
"(57.0, 923.3360238522112)",58.9495402479163,24.30490436568359,0.3280645403891522,26.870811744807586,276.0429965450154
"(58.0, 923.3360238522112)",58.765674713166284,24.59537973390607,0.3319876993957886,27.801188133744322,278.73501419420626
"(59.0, 923.3360238522112)",58.58134507920866,24.88757970700049,0.33593545063614677,28.749008706867382,281.4322945545131
"(59.99999999999999, 923.3360238522112)",58.39677502626848,25.181695331812957,0.33990205705916565,29.7145256824117,284.1292881817857
"(61.0, 923.3360238522112)",58.211438368159726,25.477682583074444,0.34389740729885987,30.697847725637754,286.8350169427759
"(61.99999999999999, 923.3360238522112)",58.025420330829206,25.775626459494184,0.34791817208718356,31.699185703736642,289.5461959371728
"(63.0, 923.3360238522112)",57.83846948661611,26.07548210985066,0.35196987768722254,32.71873051967339,292.2677368597957
"(64.0, 923.3360238522112)",57.6509949870845,26.37754167173573,0.3560386321996922,33.75667889367565,294.98661609936795
"(65.0, 923.3360238522112)",57.4616889512748,26.681512417081578,0.3601531882942466,34.8132318029961,297.72918105431023
"(66.0, 923.3360238522112)",57.27194312460041,26.987828096622597,0.3642805328696508,35.888595446573476,300.4647433400546
"(67.0, 923.3360238522112)",57.08078751556682,27.29621027972887,0.3684435992734675,36.982979596565755,303.21426837039513
"(68.0, 923.3360238522112)",56.88828800679503,27.6067434106213,0.37263948347016446,38.096593414227435,305.974865583456
"(69.0, 923.3360238522112)",56.694725333470366,27.919705056080307,0.3768568809050874,39.229655068718074,308.73587890753157
"(70.0, 923.3360238522112)",56.499334950848656,28.234882653146684,0.38111366990532813,40.38241419338085,311.51356641272895
"(71.0, 923.3360238522112)",56.30262517872931,28.55240526491373,0.3853988449113811,41.55505837214035,314.2975786855693
"(72.0, 923.3360238522112)",56.104309238043975,28.872261948647427,0.38971755297776695,42.74783035443798,317.09242543746683
"(73.0, 923.3360238522112)",55.90434566959137,29.194561769564913,0.3940679443589502,43.96096141720233,319.8961674548051
"(74.0, 923.3360238522112)",55.702679022469766,29.519301832858226,0.3984512740010132,45.194685856412235,322.70972917853123
"(74.99999999999999, 923.3360238522112)",55.499253108126844,29.846512349903083,0.40286794970463935,46.449240584353305,325.533250233421
"(76.0, 923.3360238522112)",55.29401568512932,30.17622168617498,0.4073183543538534,47.7248649205409,328.36684483057206
"(77.0, 923.3360238522112)",55.0869184520955,30.50845633058283,0.41180284550281976,49.02180037395659,331.2106016036434
"(78.0, 923.3360238522112)",54.87791703502609,30.84324086794186,0.41632175500246016,50.34029042466161,334.0645834824843
"(78.99999999999999, 923.3360238522112)",54.66697096919168,31.180597954274905,0.4208753886692496,51.680580305009634,336.9288276061093
"(80.0, 923.3360238522112)",54.45404367559531,31.520548295066412,0.4254640259902266,53.04291678066514,339.8033452693045
"(81.0, 923.3360238522112)",54.23910243238427,31.86311062613292,0.43008791986560535,54.42754793164689,342.6881219039295
"(82.00000000000001, 923.3360238522112)",54.02211834178696,32.20830169695088,0.43474729638361076,55.83472293362573,345.5831170897162
"(83.0, 923.3360238522112)",53.80306621684099,32.55613634009551,0.43944235358471556,57.26469183971209,348.4882636314566
"(84.0, 923.3360238522112)",53.58192491506085,32.90662704220198,0.44417326653453154,58.7177053629816,351.40347246046116
"(85.0, 923.3360238522112)",53.35867653871377,33.25978476981854,0.4489401767439434,60.194014660007745,354.32862308225384
"(86.00000000000001, 923.3360238522112)",53.13330713551735,33.6156181280319,0.45374320253949113,61.693871115673346,357.2635733671089
"(87.0, 923.3360238522112)",52.90580626638758,33.97413377391741,0.4585824337801636,63.21752612956252,360.2081548854837
"(88.0, 923.3360238522112)",52.67618566717818,34.33538784016368,0.46345630010012373,64.7652309043752,363.1606664593302
"(89.0, 923.3360238522112)",52.44438594329236,34.699228396155185,0.46836973488104117,66.33723623576928,366.12541246200556
"(90.00000000000001, 923.3360238522112)",52.210462979739134,35.065810533255565,0.4733178474079743,67.93379230676575,369.0976269372008
"(91.0, 923.3360238522112)",51.97440138557601,35.43508129162206,0.4783022508766803,69.55514848243266,372.0785500416041
"(92.0, 923.3360238522112)",51.736207654517266,35.8070372111502,0.48332289858303,71.20155310987049,375.06789030450994
"(93.0, 923.3360238522112)",51.49593184019412,36.18172728042555,0.488377670303653,72.87325332130047,378.0634429150806
"(94.0, 923.3360238522112)",51.253465427411236,36.55898073782392,0.4934726055165345,74.57049484030298,381.0705386173247
"(95.0, 923.3360238522112)",51.00894531736075,36.938951524083535,0.4986014376966283,76.29352179528865,384.0831471745121
"(96.0, 923.3360238522112)",50.76231838311694,37.32160232435601,0.503765773611339,78.0425765343313,387.1025098247956
"(97.0, 923.3360238522112)",50.51366860718416,37.70686317727867,0.5089660010978045,79.81789944806489,390.1287442815421
"(98.0, 923.3360238522112)",50.26298811756076,38.09474712566274,0.5142016473486142,81.61972879731097,393.16117572381535
"(99.0, 923.3360238522112)",50.010303865392075,38.485236884226396,0.5194724864742268,83.44830054713628,396.1993596145979
"(100.0, 923.3360238522112)",49.755645525326,38.878315429615704,0.5247782086754406,85.30384820756646,399.24277639510075
"(101.0, 923.3360238522112)",49.49904246717476,39.273960271168065,0.5301186189045884,87.18660268137786,402.2910150680105
"(102.0, 923.3360238522112)",49.24062978056619,39.67217858468999,0.5354910969417006,89.09679211963295,405.3414281387758
"(102.99999999999999, 923.3360238522112)",48.9801430015847,40.072860909997836,0.5409021378581378,91.03464178373623,408.3997874793573
"(104.0, 923.3360238522112)",48.71791916715025,40.476067093171025,0.5463445923346145,93.00037391913501,411.4592696202652
"(105.0, 923.3360238522112)",48.45389641096724,40.88174171958498,0.5518203801607005,94.99420763319237,414.52142806500444
"(106.0, 923.3360238522112)",48.188116815543474,41.289856015113905,0.5573291043044072,97.01635878537455,417.585680360171
"(106.99999999999999, 923.3360238522112)",47.920624558980066,41.70038081478037,0.5628703112926333,99.06703988540698,420.6513952879894
"(108.0, 923.3360238522112)",47.65145988463775,42.11328394305897,0.5684436538788576,101.14646000123729,423.71804315528965
"(109.00000000000001, 923.3360238522112)",47.3806703526623,42.528532747492356,0.57404865309198,103.25482467683665,426.78497616682955
"(110.0, 923.3360238522112)",47.108300567175434,42.9460936979712,0.5796848648013575,105.39233586011886,429.85158229287316
"(111.0, 923.3360238522112)",46.834398368321274,43.36593124199017,0.5853518182044471,107.55919184110448,432.91722853445214
"(112.0, 923.3360238522112)",46.559013205138974,43.788010122201456,0.5910489778011206,109.75558720055876,435.9812258642417
"(113.0, 923.3360238522112)",46.2821860966223,44.21228884436195,0.596776075976025,111.98171276919449,439.0431363526335
"(114.00000000000001, 923.3360238522112)",46.0039807915633,44.63873993848837,0.6025320839967389,114.23775559759775,442.10182308333765
"(115.0, 923.3360238522112)",45.72443645511953,45.06731456510065,0.6083169048765252,116.52389893683998,445.1570132539346
"(116.0, 923.3360238522112)",45.443602052716464,45.49797578686761,0.6141299371309037,118.84032222992539,448.2079720491316
"(117.0, 923.3360238522112)",45.16153027022359,45.93068329376295,0.6199705884785388,121.1872011139786,451.25397695711086
"(118.0, 923.3360238522112)",44.87827233862722,46.36539644174112,0.6258382717803431,123.56470743317752,454.29431400702396
"(119.0, 923.3360238522112)",44.59387386070447,46.802072946785145,0.6317325061749537,125.97300926233967,457.32837112743454
"(120.0, 923.3360238522112)",44.308389158030096,47.24067146843991,0.6376526282954734,128.41227094108896,460.3553714681654
"(17.0, 923.6602540378444)",66.96446687749072,13.9565021499984,0.18838156099365228,2.7673057431422223,171.23325474030034
"(18.0, 923.6602540378444)",66.74646310007809,14.173096802718932,0.19130597785238412,3.0749103169570873,173.62681778513425
"(19.0, 923.6602540378444)",66.52667747298678,14.394700952089046,0.19429917593431706,3.3979486623087642,176.06847754052637
"(20.0, 923.6602540378444)",66.3042750109754,14.621415154373143,0.19736737699960977,3.7363246459442325,178.56407693229832
"(21.0, 923.6602540378444)",66.08291932543995,14.851657980505804,0.2004670295264558,4.089957751855743,181.07346966676246
"(22.0, 923.6602540378444)",65.8602737894217,15.08589643916104,0.20362893817193345,4.4587824000009055,183.62517436134365
"(23.0, 923.6602540378444)",65.6377185798905,15.323464121132305,0.20683481940736942,4.842743025678567,186.20235881200392
"(24.0, 923.6602540378444)",65.41563969973458,15.563816100438716,0.2100858295376549,5.241795341550441,188.80613533895118
"(25.0, 923.6602540378444)",65.19488559514224,15.806850638193948,0.21336039623075012,5.655905958868839,191.41661182524095
"(26.0, 923.6602540378444)",64.97431431980354,16.052468004105027,0.21668055151702284,6.085047744941895,194.05416551433166
"(27.0, 923.6602540378444)",64.75645424722684,16.29977252610586,0.22001381094913758,6.529201773122774,196.6888107399919
"(28.0, 923.6602540378444)",64.53943033557678,16.549242658200104,0.22338120810575615,6.988357155332854,199.33998627091046
"(29.0, 923.6602540378444)",64.32405719626696,16.800494365499286,0.2267724830789314,7.462507162579986,201.99822216689856
"(30.0, 923.6602540378444)",64.11093758020222,17.053295261026257,0.2301782736566671,7.951652635083949,204.65487008462566
"(31.0, 923.6602540378444)",63.89864607711001,17.307787229689783,0.2336199695759589,8.455799900420388,207.3296805464233
"(32.0, 923.6602540378444)",63.68872698528017,17.563613483079003,0.23707309080548805,8.974958973233223,210.0000323057008
"(33.0, 923.6602540378444)",63.4802472516233,17.82084900635539,0.24055136821983816,9.509146762416298,212.67859111667048
"(34.0, 923.6602540378444)",63.27460624384301,18.079206785864763,0.24403254635886998,10.058386153783466,215.3447776095524
"(35.0, 923.6602540378444)",63.07005793355451,18.338829714318788,0.24754458468678017,10.622702392486158,218.02439158499791
"(36.0, 923.6602540378444)",62.868089278211166,18.59966603650142,0.2510576106298378,11.202127631020543,220.68980878146962
"(37.0, 923.6602540378444)",62.66760470624689,18.86162168850057,0.2545935725155687,11.796699082191184,223.36126478394138
"(38.0, 923.6602540378444)",62.46907238232852,19.124669479604254,0.25814237697546044,12.406459164065755,226.02939433102102
"(39.0, 923.6602540378444)",62.271741906698225,19.388948159187525,0.26171262985044547,13.031456160375345,228.70209801219946
"(40.0, 923.6602540378444)",62.07579805155295,19.65422098077034,0.2653058238370211,13.671743582849253,231.3807010601733
"(41.0, 923.6602540378444)",61.88373984004614,19.92050453585398,0.2688740488367176,14.32738058659937,234.02089166610705
"(42.0, 923.6602540378444)",61.690769919951194,20.18806568057996,0.27249734666678216,14.998430828224997,236.69653761865357
"(43.0, 923.6602540378444)",61.49995088475595,20.456706259773846,0.2761236766798798,15.684969605647282,239.35949574235414
"(44.0, 923.6602540378444)",61.3103938500784,20.72648488842573,0.279766862594771,16.387069286971073,242.02246208868584
"(45.0, 923.6602540378444)",61.12218145832392,20.9974586682273,0.2834230301302538,17.104816022612475,244.68177198767333
"(46.0, 923.6602540378444)",60.934979441520966,21.269647298921253,0.28709698952300583,17.838300909641877,247.34177736667803
"(47.0, 923.6602540378444)",60.74876594803721,21.542989118251135,0.290790235423425,18.587616936187946,250.0037657867374
"(47.99999999999999, 923.6602540378444)",60.56340063531306,21.817806418397225,0.29449603186511064,19.352868200250754,252.66141140541447
"(49.0, 923.6602540378444)",60.379093434267844,22.093809232964546,0.298218206140579,20.13416221081648,255.31814183170093
"(50.0, 923.6602540378444)",60.194813448079906,22.371284261904535,0.3019665677398743,20.9316172235174,257.98289944603084
"(51.0, 923.6602540378444)",60.011250821092055,22.65019496820669,0.30572988661806844,21.74535087096245,260.64519386964406
"(52.0, 923.6602540378444)",59.82823140819034,22.930418800059112,0.3095144192976924,22.57549940172747,263.31066775515495
"(53.0, 923.6602540378444)",59.64553231015219,23.21224900162234,0.3133159488076039,23.42218838140772,265.9753004883319
"(54.0, 923.6602540378444)",59.46310979301776,23.495599873245983,0.31713782926613665,24.285562298445086,268.6420456465253
"(55.0, 923.6602540378444)",59.279694608212004,23.78058575866689,0.3209973649600516,25.165768379358635,271.32673928512133
"(56.0, 923.6602540378444)",59.09769768328832,24.06727890374137,0.32485346820845207,26.06295947399324,273.99127749650046
"(57.0, 923.6602540378444)",58.91444674902459,24.35563017115242,0.3287514943872453,26.977295017302616,276.67739380374144
"(58.0, 923.6602540378444)",58.73113898777752,24.64576416940586,0.3326685581512274,27.908938490764857,279.3637864416013
"(59.0, 923.6602540378444)",58.547521047510976,24.937712376484956,0.3366082020852312,28.858062577224278,282.0535548720424
"(59.99999999999999, 923.6602540378444)",58.36328026004336,25.231536506648663,0.3405741852206871,29.82484212808125,284.7499963115905
"(61.0, 923.6602540378444)",58.17842498956994,25.527261786422727,0.34456588822185574,30.809458692251575,287.4523571555232
"(61.99999999999999, 923.6602540378444)",57.9927586554846,25.824958534270966,0.3485847650892592,31.812099493604578,290.1617931824629
"(63.0, 923.6602540378444)",57.80630456255008,26.124666589639492,0.3526298342669511,32.83295659383869,292.8772057064964
"(64.0, 923.6602540378444)",57.61888066497713,26.426430136527713,0.35670313678038384,33.8722244923682,295.6002854422971
"(65.0, 923.6602540378444)",57.43040021962562,26.730301568132102,0.3608049781313209,34.93010892580055,298.33110883309416
"(66.0, 923.6602540378444)",57.24082979108547,27.036310240744964,0.3649354901095145,36.006811843249935,301.06959565872944
"(67.0, 923.6602540378444)",57.049984424849065,27.344567776410887,0.369094984416908,37.10254286769091,303.81582420292455
"(68.0, 923.6602540378444)",56.857933240226956,27.654957116722276,0.37328570955731194,38.21752168160795,306.5716516367958
"(69.0, 923.6602540378444)",56.66449443081868,27.96767855558553,0.37750574814047066,39.351958157494934,309.3350970706788
"(70.0, 923.6602540378444)",56.46930999958549,28.282612625187287,0.38176404849842566,40.50608687489814,312.1141911436737
"(71.0, 923.6602540378444)",56.273026195564384,28.600049007333524,0.38604344710024857,41.68012209292674,314.89286632533407
"(72.0, 923.6602540378444)",56.075034200076104,28.919786063619316,0.3903589194140686,42.874292439569984,317.6847262323671
"(73.0, 923.6602540378444)",55.87532773033293,29.24195457307862,0.3947075385449989,44.088833743007314,320.4868315801187
"(74.0, 923.6602540378444)",55.673905903950555,29.566571148921586,0.3990892015563199,45.3239791196243,323.2988541736466
"(74.99999999999999, 923.6602540378444)",55.47071300615703,29.89366569992977,0.4035043121628393,46.5799656132672,326.12092986442656
"(76.0, 923.6602540378444)",55.26569725016979,30.223266300095055,0.407953249312833,47.85703266694881,328.95316922890663
"(77.0, 923.6602540378444)",55.05881077221966,30.555399156885738,0.4124363667596873,49.15542190496557,331.7956573907328
"(78.0, 923.6602540378444)",54.849987389016945,30.89012167740174,0.41695346837276903,50.475376914388015,334.6479696047641
"(78.99999999999999, 923.6602540378444)",54.63925373057686,31.227356972919413,0.42150642936080834,51.81714302612216,337.5115925958668
"(80.0, 923.6602540378444)",54.426506918530485,31.567224776586965,0.4260939528369514,53.180967095920174,340.3850816254477
"(81.0, 923.6602540378444)",54.2117368372583,31.9097104838145,0.4307168126873992,54.56709728525009,343.26890333996374
"(82.00000000000001, 923.6602540378444)",53.994914952402944,32.254830604970344,0.43537523177238535,55.97578284255896,346.1630143381079
"(83.0, 923.6602540378444)",53.77601650307268,32.60259965708333,0.4400694060438786,57.40727388500169,349.06734549577055
"(84.0, 923.6602540378444)",53.55502046028827,32.95303015152705,0.44479950438636406,58.861821180903114,351.9818020365133
"(85.0, 923.6602540378444)",53.33188705817607,33.306163061733194,0.4495652077094308,60.33967593325944,354.9058380262097
"(86.00000000000001, 923.6602540378444)",53.106669852258705,33.66191543247667,0.45436801273076194,61.84108956449925,357.8405845010668
"(87.0, 923.6602540378444)",52.87926828255036,34.0204123353358,0.4592062584768089,63.366313502899224,360.78425585755815
"(88.0, 923.6602540378444)",52.64976757232258,34.38154622918018,0.4640815611793322,64.91559897081244,363.73809372236894
"(89.0, 923.6602540378444)",52.418095287059884,34.74540081234046,0.4689928600635976,66.48919677521941,366.70086749305835
"(90.00000000000001, 923.6602540378444)",52.184274595012035,35.11194954081374,0.4739405218815794,68.08735710079692,369.67266573917135
"(91.0, 923.6602540378444)",51.94830909631762,35.481190682222525,0.4789245258193604,69.71032930597907,372.6532198772855
"(92.0, 923.6602540378444)",51.710205547596345,35.85312059189374,0.4839448226811513,71.3583617223241,375.6422361356477
"(93.0, 923.6602540378444)",51.46997377473155,36.22773374341152,0.48900133465259826,73.0317014575997,378.6393955324642
"(94.0, 923.6602540378444)",51.227626959539215,36.60502220186721,0.49409396428849583,74.73059420301881,381.6443623702589
"(95.0, 923.6602540378444)",50.9831807941386,36.98497673201527,0.49922257727223296,76.45528404498239,384.6567684997157
"(96.0, 923.6602540378444)",50.73665410546753,37.36758575115995,0.5043870202434104,78.20601328182563,387.67622996959426
"(97.0, 923.6602540378444)",50.48804230412281,37.752859769812176,0.5095868677972561,79.9830222459303,390.7021135180328
"(98.0, 923.6602540378444)",50.23751911446712,38.14076415838892,0.5148201799911712,81.7865491318934,393.73238910256066
"(99.0, 923.6602540378444)",49.98481819126662,38.53123209774294,0.5200924619407274,83.6168298296844,396.77190568965585
"(100.0, 923.6602540378444)",49.73018555513404,38.92429509875622,0.5253988537310725,85.47409776749572,399.81594094093896
"(101.0, 923.6602540378444)",49.47377882262939,39.319976577327445,0.5307359914530855,87.35858375832093,402.86115693426325
"(102.0, 923.6602540378444)",49.21516207685638,39.71812934425469,0.5361139953507921,89.27051585431174,405.9166732846447
"(102.99999999999999, 923.6602540378444)",48.95481566676207,40.11884273421166,0.5415228006135452,91.2101192138178,408.9729683681743
"(104.0, 923.6602540378444)",48.69262888138576,40.52205326430188,0.5469653115226637,93.17761596938061,412.0325026215316
"(105.0, 923.6602540378444)",48.42864092097519,40.92773371237723,0.5524411652674378,95.17322510990961,415.0947219419748
"(106.0, 923.6602540378444)",48.16289254285685,41.33585552183811,0.5579499760075768,97.19716236964965,418.1590542099179
"(106.99999999999999, 923.6602540378444)",47.89542745161829,41.74638846450396,0.563491323425751,99.24964012682634,421.224898816724
"(108.0, 923.6602540378444)",47.626287579695386,42.15930186081612,0.569064791355276,101.33086731190495,424.2916624353022
"(109.00000000000001, 923.6602540378444)",47.3555470426976,42.57458124700074,0.5746689990346446,103.4410493257803,427.3578643102333
"(110.0, 923.6602540378444)",47.08317284020892,42.992133158753695,0.5803063116875232,105.58038796746698,430.42548730559525
"(111.0, 923.6602540378444)",46.809289226044484,43.411983396442984,0.5859734231162326,107.74908137366292,433.4912794813017
"(112.0, 923.6602540378444)",46.53391953106622,43.83407508928133,0.5916707811238716,109.94732396662201,436.55546003302305
"(113.0, 923.6602540378444)",46.25710779115398,44.25836762258461,0.5973980458636331,112.17530641424132,439.6175243898739
"(114.00000000000001, 923.6602540378444)",45.97891637748779,44.68483310680474,0.6031542180914756,114.43321560019527,442.6763627061745
"(115.0, 923.6602540378444)",45.699379853789054,45.113421782563655,0.6089392941092775,116.7212346049023,445.73178848569864
"(116.0, 923.6602540378444)",45.41855546254254,45.54409784098562,0.6147525131571299,119.03954269731649,448.7829197758015
"(117.0, 923.6602540378444)",45.136492439114335,45.976820561361706,0.6205933443512457,121.38831533745638,451.8290907602107
"(118.0, 923.6602540378444)",44.8532396221947,46.41154860739023,0.6264612539744766,123.76772418967732,454.8696368012542
"(119.0, 923.6602540378444)",44.568849758560155,46.84824073542263,0.6323556214287102,126.17793714662093,457.9038167844805
"(120.0, 923.6602540378444)",44.28335215912088,47.28685234078825,0.6382762531129226,128.6191183637036,460.931287732902
"(17.0, 923.9516329135506)",66.87280757727358,14.03903043530599,0.18949743102503142,2.822359529819337,172.26410129868137
"(18.0, 923.9516329135506)",66.65974098597607,14.252859543148924,0.19237533178691663,3.130810570357373,174.6146913664503
"(19.0, 923.9516329135506)",66.4422067226729,14.472725589962293,0.1953536443129052,3.4547168314180006,177.0426018271037
"(20.0, 923.9516329135506)",66.22418555482007,14.697025710871907,0.19837997988420034,3.793978098227382,179.49952825313684
"(21.0, 923.9516329135506)",66.00523218723299,14.92560667903466,0.20146084996157854,4.148515390940557,181.99156589921176
"(22.0, 923.9516329135506)",65.78523155744915,15.158054642225347,0.20460333351915108,4.518257368313518,184.52532673626195
"(23.0, 923.9516329135506)",65.56558190098517,15.3938186644846,0.20778533260070084,4.9031419443115265,187.08045540759124
"(24.0, 923.9516329135506)",65.34687108108592,15.632382154366486,0.21100299285444013,5.303143804570873,189.65341599293535
"(25.0, 923.9516329135506)",65.12796115738846,15.874120678859962,0.21426355302317082,5.718207098994402,192.25095259062343
"(26.0, 923.9516329135506)",64.91007767471262,16.118123049665872,0.21756190172112433,6.148310734830607,194.86836362017965
"(27.0, 923.9516329135506)",64.693685159301,16.364319111110998,0.22088507918310799,6.5934364929846305,197.4936931044869
"(28.0, 923.9516329135506)",64.47868728609744,16.612536168796073,0.2242355160415965,7.053563055633023,200.1292081482127
"(29.0, 923.9516329135506)",64.26515591760757,16.86267675176482,0.22761029117037349,7.528704979820305,202.77219521497497
"(30.0, 923.9516329135506)",64.0534187375426,17.11437749013363,0.23100930442644074,8.018844194739245,205.42257984829422
"(31.0, 923.9516329135506)",63.84332088882306,17.36774419831612,0.23442903773060977,8.52398941833916,208.07710279521012
"(32.0, 923.9516329135506)",63.63569503872779,17.622484582297616,0.23785789976864716,9.044153232666973,210.72504165996222
"(33.0, 923.9516329135506)",63.42806004832918,17.8789447629612,0.24133255328988196,9.579350890074469,213.40025579730843
"(34.0, 923.9516329135506)",63.224918646287705,18.13614294749658,0.24478896847495524,10.129604833547585,216.04356230811095
"(35.0, 923.9516329135506)",63.02108686877615,18.39513901110693,0.24829653570479812,10.694940226241819,218.71904938498415
"(36.0, 923.9516329135506)",62.81991588917776,18.655207571651996,0.2518078658426603,11.275389462080659,221.38289936372163
"(37.0, 923.9516329135506)",62.62089355463057,18.916363635617888,0.25533068958582505,11.870990173961985,224.04221740180395
"(38.0, 923.9516329135506)",62.4544047900128,19.1457129797324,0.25842849380957034,12.481872820091082,226.29355602665083
"(39.0, 923.9516329135506)",62.22738589224838,19.44224574096487,0.2624312754732372,13.107817639609918,229.3659878614734
"(40.0, 923.9516329135506)",62.033186533080155,19.70688183579593,0.2660029388143586,13.749145918626557,232.0247037587034
"(41.0, 923.9516329135506)",61.840589930777476,19.972653601971327,0.26958879687409365,14.405831008895621,234.68117807812274
"(42.0, 923.9516329135506)",61.64921447873354,20.239605303201778,0.27319339450130803,15.077933349811955,237.3395496008674
"(43.0, 923.9516329135506)",61.459279951856956,20.50767120585465,0.27681349775259906,15.765526165883273,239.99675709514207
"(44.0, 923.9516329135506)",61.270746749283326,20.776940862226592,0.28044645073220065,16.468685662890284,242.65027043593614
"(45.0, 923.9516329135506)",61.083246341447335,21.047424465707206,0.2840977888301325,17.187498905932735,245.30511699079725
"(46.0, 923.9516329135506)",60.89682867531362,21.31913996692622,0.2877654721912357,17.922052721165745,247.9593252060654
"(47.0, 923.9516329135506)",60.711724146660245,21.592064486589294,0.2914455264582098,18.67244309202863,250.60912698438375
"(47.99999999999999, 923.9516329135506)",60.52685485183638,21.86637786978957,0.2951514616033407,19.43877409262521,253.2669008126026
"(49.0, 923.9516329135506)",60.34320224834466,22.14198540007367,0.2988683562318731,20.22115367821023,255.91875208841762
"(50.0, 923.9516329135506)",60.15983829188768,22.419074655893912,0.3026068695468254,21.01969777442531,258.57441347422184
"(51.0, 923.9516329135506)",59.97668565154588,22.697545242627374,0.3063708345524375,21.83452762039726,261.2373052414146
"(52.0, 923.9516329135506)",59.794234688491,22.97747965052788,0.3101494017058256,22.665777351027177,263.8972688022312
"(53.0, 923.9516329135506)",59.6119521124948,23.2589693660529,0.3139491489401781,23.513574726003906,266.5602540890932
"(54.0, 923.9516329135506)",59.42985469848653,23.542033578241437,0.317769255150908,24.37806299055658,269.22535919584755
"(55.0, 923.9516329135506)",59.247697631775026,23.82671400661651,0.3216127549446601,25.259388599432928,271.8952414975114
"(56.0, 923.9516329135506)",59.06587689602798,24.113079122187095,0.3254713076898857,26.157707133182196,274.5620390733963
"(57.0, 923.9516329135506)",58.883148457889895,24.401158935290983,0.3293647631216143,27.073171878414207,277.24393883198616
"(58.0, 923.9516329135506)",58.70019188325835,24.691011910705523,0.3332805186579513,28.005959684351026,279.92911974793816
"(59.0, 923.9516329135506)",58.517068569201484,24.9827569488326,0.3372145910222681,28.95623067304323,282.61374134425654
"(59.99999999999999, 923.9516329135506)",58.33348607239691,25.276275835259938,0.3411752099572361,29.92416618272682,285.305226166885
"(61.0, 923.9516329135506)",58.148748447009226,25.571832706836787,0.3451668337751414,30.909945961635916,288.00751373250614
"(61.99999999999999, 923.9516329135506)",57.963508646134386,25.86930086819802,0.3491824778882915,31.913757166371813,290.7139634633149
"(63.0, 923.9516329135506)",57.777375875136904,26.16879646162982,0.3532257480748059,32.935775278419875,293.4277314424075
"(64.0, 923.9516329135506)",57.59031747047379,26.4703662236133,0.35729616360965694,33.97624688231937,296.14812691857026
"(65.0, 923.9516329135506)",57.40212693824858,26.774013892613343,0.3613972584766504,35.03532537558807,298.87826172439355
"(66.0, 923.9516329135506)",57.21277464536579,27.07980075891933,0.3655281864161162,36.11323319692837,301.61713151817094
"(67.0, 923.9516329135506)",57.022400853894524,27.38791863349529,0.3696821223757958,37.21017737312768,304.35822325493587
"(68.0, 923.9516329135506)",56.82975927829438,27.698109772986538,0.373885607204174,38.32637455699168,307.12584274217926
"(69.0, 923.9516329135506)",56.63743043542082,28.01076962474774,0.3780883850765612,39.46204500167583,309.8733357754602
"(70.0, 923.9516329135506)",56.442743583150985,28.32564578896615,0.3823390496228957,40.61740861170103,312.6453806139885
"(71.0, 923.9516329135506)",56.24653122977026,28.64287778414697,0.3866213119689684,41.79268981385961,315.426702699048
"(72.0, 923.9516329135506)",56.048755879067784,28.96249708505537,0.39093532475315307,42.988118696183726,318.21721297308125
"(73.0, 923.9516329135506)",55.84927919380868,29.28454800060728,0.39528235680245766,44.20392686400039,321.01785216554714
"(74.0, 923.9516329135506)",55.64807617233445,29.60905399050481,0.39966252733489355,45.44034874708771,323.8284959983437
"(74.99999999999999, 923.9516329135506)",55.44509152238122,29.93604469309446,0.40407623641369006,46.69762150639754,326.64927694959334
"(76.0, 923.9516329135506)",55.24027386316351,30.265547921627547,0.4085238594665637,47.97598469484744,329.48030234342997
"(77.0, 923.9516329135506)",55.033575720811314,30.597589632123896,0.4130057468517268,49.275680039316214,332.3216541670173
"(78.0, 923.9516329135506)",54.82495348712967,30.93219392234949,0.41752222320829113,50.59695122200585,335.17338868899066
"(78.99999999999999, 923.9516329135506)",54.614367555754704,31.269382867112718,0.4220735884121665,51.94004366146298,338.0355375616402
"(80.0, 923.9516329135506)",54.40178199472195,31.60917677345048,0.4266601146634901,53.30520429340246,340.9081053490119
"(81.0, 923.9516329135506)",54.18716482548359,31.95159388230885,0.4312820488168245,54.69268135158444,343.79107189902226
"(82.00000000000001, 923.9516329135506)",53.970487838230895,32.296650490084204,0.43593961084276567,56.10272414897507,346.684391140896
"(83.0, 923.9516329135506)",53.75172658552214,32.644360905977386,0.44063299388900934,57.53558285941248,349.5879913599242
"(84.0, 923.9516329135506)",53.53086034150055,32.99473743943533,0.44536236410997826,58.991508300034155,352.50177525761956
"(85.0, 923.9516329135506)",53.30787202776818,33.34779041407258,0.4501278603365338,60.47075171473126,355.4256198630918
"(86.00000000000001, 923.9516329135506)",53.08274830097475,33.70352804273884,0.45492959498384494,61.973564558897166,358.3593775871266
"(87.0, 923.9516329135506)",52.85547919726763,34.06195667704077,0.4597676518515022,63.500198285792,361.3028744032323
"(88.0, 923.9516329135506)",52.62605846777159,34.42308047748349,0.4646420887526757,65.05090413481285,364.2559124885848
"(89.0, 923.9516329135506)",52.39448313727918,34.786901717503575,0.4695529352430834,66.62593292200332,367.21826833519424
"(90.00000000000001, 923.9516329135506)",52.16075370033243,35.15342057910085,0.4745001941547969,68.22553483317726,370.18969437394406
"(91.0, 923.9516329135506)",51.92487392804221,35.52263525215483,0.47948384105681535,69.84995921997688,373.16991868012906
"(92.0, 923.9516329135506)",51.68685081281012,35.89454192629855,0.48450382451746143,71.49945439930251,376.15864541646636
"(93.0, 923.9516329135506)",51.44669448402112,36.26913480457521,0.4895600662879638,73.17426745644191,379.15555519958826
"(94.0, 923.9516329135506)",51.204418119842956,36.64640611983846,0.49465246153358783,74.87464405236587,382.1603055062999
"(95.0, 923.9516329135506)",50.96001747898268,37.02636440778075,0.49978069989760926,76.60082823557256,385.17236553350074
"(96.0, 923.9516329135506)",50.713572672771924,37.40894327016671,0.504945161837792,78.35306225890119,388.19184455292384
"(97.0, 923.9516329135506)",50.46517818757463,37.794231015772255,0.510141856810756,80.13158640189633,391.21481521595234
"(98.0, 923.9516329135506)",50.214455497270485,38.18207239915598,0.5153803663213231,81.93663879824632,394.24989223592405
"(99.0, 923.9516329135506)",49.961876306460326,38.572552167633106,0.5206510472012833,83.76845527137733,397.28792996839843
"(100.0, 923.9516329135506)",49.7073147355005,38.965623851362004,0.5259567091718163,85.62726917422792,400.3312911069092
"(101.0, 923.9516329135506)",49.450802271919684,39.36126657326468,0.5312970763399948,87.51331123803423,403.3794900084993
"(102.0, 923.9516329135506)",49.192372957337014,39.759457915261514,0.536671839601447,89.4268094278708,406.4320131106053
"(102.99999999999999, 923.9516329135506)",48.932062064061256,40.16017362856945,0.5420806844290367,91.36798880624956,409.488344742854
"(104.0, 923.9516329135506)",48.66990860243247,40.56338811017526,0.5475232403805765,93.3370714050149,412.5479206027373
"(105.0, 923.9516329135506)",48.405950650748615,40.969073927282714,0.5529991646163637,95.3342761059141,415.61020504120444
"(106.0, 923.9516329135506)",48.14023022935838,41.37720214867201,0.5585080597897788,97.35981853015788,418.6746153079872
"(106.99999999999999, 923.9516329135506)",47.872802691768015,41.787799109852905,0.564047786798478,99.41391093780294,421.73896271592497
"(108.0, 923.9516329135506)",47.60367280538024,42.20066397764513,0.5696231218460565,101.49676213382516,424.80745144115315
"(109.00000000000001, 923.9516329135506)",47.33292626444226,42.6159307121824,0.5752284678581077,103.60857739133486,427.87470478452354
"(110.0, 923.9516329135506)",47.060596491991525,43.03351639842297,0.5808648883634696,105.74955837522518,430.9415037303499
"(111.0, 923.9516329135506)",46.78672953115644,43.45337790224522,0.5865321420664446,107.91990308335414,434.00742733522
"(112.0, 923.9516329135506)",46.5113733190369,43.87548124648179,0.5922296766024239,110.11980579531652,437.07177096135695
"(113.0, 923.9516329135506)",46.23457427171892,44.29978597637149,0.5979571094996169,112.34945703228213,440.13399070215564
"(114.00000000000001, 923.9516329135506)",45.95658398836574,44.72630608861866,0.6037094063768506,114.60904352799128,443.18924829917006
"(115.0, 923.9516329135506)",45.67683089042438,45.15485450621312,0.6094995669119767,116.89874820779363,446.2493719006291
"(116.0, 923.9516329135506)",45.39606551563202,45.58552785249014,0.6153126354909227,119.21875018517956,449.3003641289988
"(117.0, 923.9516329135506)",45.113994105440575,46.01829148195704,0.6211531141937147,121.56922476023054,452.34620938838924
"(118.0, 923.9516329135506)",44.83073469246124,46.45303063238187,0.627021456670779,123.9503434353757,455.3871553274237
"(119.0, 923.9516329135506)",44.54635819247161,46.88973837730636,0.6329158094521412,126.36227393921492,458.4213217008925
"(120.0, 923.9516329135506)",44.26086373601094,47.32836036679497,0.638836708930125,128.8051802613183,461.44904011978934
"(17.0, 924.2090551794495)",66.79298843185349,14.111415726690076,0.19047270562976462,2.8712672706678988,173.16533203689028
"(18.0, 924.2090551794495)",66.58209948149211,14.32354137348089,0.19333769845498425,3.180458615640519,175.50399300400977
"(19.0, 924.2090551794495)",66.36897760086909,14.541123309263284,0.19627000716109844,3.5051241391984718,177.88939373922412
"(20.0, 924.2090551794495)",66.15079354246011,14.764593158819324,0.19931144727365588,3.845162779127496,180.36028159210667
"(21.0, 924.2090551794495)",65.93674441483398,14.990690184045596,0.20234372788421273,4.200490454097417,182.80741511525844
"(22.0, 924.2090551794495)",65.71957146835484,15.221515311266584,0.20545936495550896,4.571037077881428,185.3163684854192
"(23.0, 924.2090551794495)",65.50225425909156,15.4558055243315,0.2086219331077677,4.956738204420824,187.85354148281948
"(24.0, 924.2090551794495)",65.28515765628637,15.693227023818238,0.21182665379400534,5.357567506991309,190.4145440577907
"(25.0, 924.2090551794495)",65.06818083605046,15.933531093592666,0.21507683415752768,5.773467887426845,193.00248980028897
"(26.0, 924.2090551794495)",64.85304447423486,16.176180192451618,0.21834565058420802,6.204410318321401,195.59261711065173
"(27.0, 924.2090551794495)",64.63854455156338,16.421206579735454,0.22165286855258196,6.650395896422075,198.20319232637442
"(28.0, 924.2090551794495)",64.42530622833483,16.66833041974796,0.2249886394863419,7.111390436250734,200.8251474895311
"(29.0, 924.2090551794495)",64.21347621470889,16.91737852127861,0.22835057857159996,7.587393781006502,203.45627869033254
"(30.0, 924.2090551794495)",64.00367139690911,17.168080673505052,0.2317299152181448,8.078404877736578,206.08848112283894
"(31.0, 924.2090551794495)",63.795061643628024,17.42048621663435,0.23513855072389842,8.584428996287736,208.73274880451146
"(32.0, 924.2090551794495)",63.58777608389509,17.67457752848735,0.23857087414933306,9.105476339146206,211.38388585174425
"(33.0, 924.2090551794495)",63.38263986610671,17.92997849770298,0.24201813643980802,9.641563162609412,214.03379005271668
"(34.0, 924.2090551794495)",63.17921715511391,18.18675728664719,0.2454842817252798,10.19271033439688,216.6860857403298
"(35.0, 924.2090551794495)",62.9769797583646,18.444968888317547,0.24897552877423557,10.75894350197382,219.34649470926627
"(36.0, 924.2090551794495)",62.77828597244928,18.704038882526653,0.2524601169661546,11.340295654764722,221.98563051701834
"(37.0, 924.2090551794495)",62.579675586665935,18.964732158043475,0.2559813477879951,11.936800462532409,224.64347912017257
"(38.0, 924.2090551794495)",62.39352410495542,19.21532939784899,0.25936902517333243,12.548516434390658,227.16268526386978
"(39.0, 924.2090551794495)",62.18857438720241,19.489290337907303,0.26306083755326326,13.175455614011954,229.94775251580415
"(40.0, 924.2090551794495)",61.994885898592514,19.75342424488315,0.26663105534272064,13.817703300300428,232.60513243949492
"(41.0, 924.2090551794495)",61.80307304321925,20.018667678003755,0.27021130512903446,14.47530943500901,235.25642557710185
"(42.0, 924.2090551794495)",61.612657457483714,20.28508448375749,0.27380763427819604,15.148338512562724,237.90715646460907
"(43.0, 924.2090551794495)",61.42050337273349,20.556074536133185,0.2774652446830593,15.83686333100071,240.59902830266427
"(44.0, 924.2090551794495)",61.23581346821978,20.821491099656267,0.2810464265770124,16.540952752822616,243.2046996154785
"(45.0, 924.2090551794495)",61.04894776502722,21.09154124074338,0.28469345201081264,17.26070881154476,245.85555748714432
"(46.0, 924.2090551794495)",60.863030135595885,21.362851561706844,0.2883586487614387,17.99620527212299,248.50746905250895
"(47.0, 924.2090551794495)",60.678464789627014,21.635427902945484,0.29203415320213827,18.747543608552967,251.1530652025258
"(47.99999999999999, 924.2090551794495)",60.49449966748338,21.909323577902203,0.29573132152621895,19.5148256690368,253.80273958568003
"(49.0, 924.2090551794495)",60.311188601384316,22.184602314476173,0.2994470485343541,20.298164177378652,256.4535096248315
"(50.0, 924.2090551794495)",60.12837399134691,22.46124506083095,0.3031842097732619,21.097671102872184,259.1079209570022
"(51.0, 924.2090551794495)",59.94615514745295,22.739430720679703,0.3069361164862185,21.913469897252362,261.7596683209251
"(52.0, 924.2090551794495)",59.76421096282562,23.019068171813675,0.31071039598003036,22.745689068480193,264.4156724346563
"(53.0, 924.2090551794495)",59.58279534942979,23.30027489396619,0.31449971145013383,23.59446358183309,267.06901759170455
"(54.0, 924.2090551794495)",59.40120350927279,23.58301748391456,0.3183167361800626,24.459933639530625,269.73127635325113
"(55.0, 924.2090551794495)",59.21920737179542,23.86744743176214,0.3221610989049,25.342250086842785,272.401954747628
"(56.0, 924.2090551794495)",59.03736963347524,24.153538758904332,0.32602418771053276,26.24156138042097,275.072945109178
"(57.0, 924.2090551794495)",58.855352153388935,24.44138960621054,0.3299092375397818,27.158031595153318,277.747073126461
"(58.0, 924.2090551794495)",58.673001228475556,24.73102171783833,0.33381820006241847,28.091820933771416,280.42598234762085
"(59.0, 924.2090551794495)",58.49171880909309,25.020590522499067,0.3377282905787803,29.04310839396406,283.088435949221
"(59.99999999999999, 924.2090551794495)",58.306702198449806,25.31587497323745,0.3417122121815753,30.012062257598178,285.80145850601514
"(61.0, 924.2090551794495)",58.122551851598246,25.61117588627226,0.34569882417283165,30.998868589048094,288.4991150763713
"(61.99999999999999, 924.2090551794495)",57.937748105796985,25.90845750965098,0.349710143244199,32.003712304746614,291.2015687696445
"(63.0, 924.2090551794495)",57.75158740632026,26.20770354663479,0.35375846418598295,33.02678778637428,293.9199881606861
"(64.0, 924.2090551794495)",57.56502489863138,26.509200658590682,0.35782097145673175,34.06828864603574,296.63309330738304
"(65.0, 924.2090551794495)",57.37732996526652,26.812696090797182,0.3619163599814993,35.1284245558942,299.35795255659275
"(66.0, 924.2090551794495)",57.18836379233158,27.118386945246293,0.36604209532167553,36.20739316670816,302.0920259064436
"(67.0, 924.2090551794495)",56.99809194094187,27.42628040209816,0.37019874115558193,37.305408584061205,304.83562020796074
"(68.0, 924.2090551794495)",56.806437163354715,27.73640601920083,0.37438706549068984,38.42268368002081,307.5892323885363
"(69.0, 924.2090551794495)",56.61339209402341,28.048815366098378,0.378606177934868,39.55943906200008,310.3518189322868
"(70.0, 924.2090551794495)",56.4192513695139,28.363630998045988,0.38284867458793054,40.71589457140386,313.11631724621196
"(71.0, 924.2090551794495)",56.22310047378018,28.68071972201345,0.3871325510674679,41.89228029167876,315.89912895959577
"(72.0, 924.2090551794495)",56.02556393333004,29.000232331856456,0.3914445749595725,43.08881965529363,318.68780112321406
"(73.0, 924.2090551794495)",55.82628926196416,29.32217968203177,0.39579020928448577,44.30574666594217,321.48714870614896
"(74.0, 924.2090551794495)",55.62527859699007,29.646588279487464,0.4001690654231784,45.54329593318985,324.2965779336092
"(74.99999999999999, 924.2090551794495)",55.42247701677251,29.973487524869608,0.4045815402289595,46.80170472055533,327.1162183174977
"(76.0, 924.2090551794495)",55.21783349684084,30.30290500216941,0.40902800603356526,48.08121267720437,329.94617432101114
"(77.0, 924.2090551794495)",55.01130090591964,30.6348664461337,0.413508810207367,49.38206161981485,332.7865251703141
"(78.0, 924.2090551794495)",54.80283599608694,30.96939571291673,0.41802427476294635,50.704495313859155,335.6373247068781
"(78.99999999999999, 924.2090551794495)",54.5923514657326,31.306591818359394,0.42257341101193885,52.04875925477537,338.49741368052577
"(80.0, 924.2090551794495)",54.37995554416016,31.646243592482232,0.42716034420434806,53.4151004474216,341.37035767980734
"(81.0, 924.2090551794495)",54.16547275445818,31.988600303148814,0.4317814633386171,54.80376718947638,344.252571086707
"(82.00000000000001, 924.2090551794495)",53.94892309297634,32.33360099398327,0.4364382708340629,56.21500884994536,347.14519308175664
"(83.0, 924.2090551794495)",53.73027447863492,32.68129684862987,0.4411301059806036,57.64907565214178,350.0473628074023
"(84.0, 924.2090551794495)",53.509530180343276,33.03158882607731,0.44585968668920345,59.106218455447625,352.96134132218646
"(85.0, 924.2090551794495)",53.28664967680701,33.384598225831894,0.450624595496066,60.5866885394596,355.88464310458113
"(86.00000000000001, 924.2090551794495)",53.061627700873835,33.74029610521388,0.4554257933226476,62.090737387988234,358.81790476308714
"(87.0, 924.2090551794495)",52.834454637058656,34.09868856235065,0.4602633624820279,63.61861647577063,361.7609508974609
"(88.0, 924.2090551794495)",52.60512437178363,34.45977967648488,0.46513735803677264,65.17057705665238,364.71358114317854
"(89.0, 924.2090551794495)",52.373634228263505,34.823571509154554,0.47004780781396627,66.74686995411567,367.6755703948016
"(90.00000000000001, 924.2090551794495)",52.139984897596364,35.19006410791964,0.4749947124562483,68.34774535440161,370.6466690600219
"(91.0, 924.2090551794495)",51.904180364535925,35.559255513371234,0.47997804551608625,69.97345260260992,373.62660335069097
"(92.0, 924.2090551794495)",51.666227828752696,35.931141769183576,0.48499775359131353,71.6242400021399,376.61507560864345
"(93.0, 924.2090551794495)",51.42613762081975,36.30571693558329,0.4900537565074688,73.30035461789333,379.6117646710144
"(94.0, 924.2090551794495)",51.18392311396584,36.682973105986584,0.49514594754186303,75.00204208360921,382.61632626998926
"(95.0, 924.2090551794495)",50.9395846884299,37.0629146754018,0.5002740541842354,76.72954641378637,385.62826453461855
"(96.0, 924.2090551794495)",50.693189343438256,37.44548712360543,0.5054383360243104,78.48310982057906,388.64757716792195
"(97.0, 924.2090551794495)",50.444694423020465,37.8307351502412,0.5106380246303782,80.26297253612971,391.6733137462126
"(98.0, 924.2090551794495)",50.194174104839966,38.21859788159122,0.5158733729054943,82.06937264074313,394.70546992447953
"(99.0, 924.2090551794495)",49.94165495482793,38.60905746874569,0.5211441692792745,83.90254589734282,397.7436144045346
"(100.0, 924.2090551794495)",49.68711659312221,39.002142506334216,0.5264496261519674,85.76272559264038,400.7867859928438
"(101.0, 924.2090551794495)",49.43064123156536,39.39778443462719,0.5317899796818936,87.65014238543196,403.8349722902695
"(102.0, 924.2090551794495)",49.17224530509163,39.795976249440145,0.5371647703008482,89.5650241624253,406.88752067300766
"(102.99999999999999, 924.2090551794495)",48.91196590183089,40.19669399155642,0.5425736459248062,91.50759590200937,409.94388076342494
"(104.0, 924.2090551794495)",48.64984078277352,40.599911977860316,0.5480162547206175,93.4780795463315,413.0035054519909
"(105.0, 924.2090551794495)",48.38590919807109,41.0056020782384,0.553492252729008,95.47669388206187,416.06585806175974
"(106.0, 924.2090551794495)",48.12021341247925,41.4137368298533,0.5590011967353805,97.50365443016045,419.1303134488271
"(106.99999999999999, 924.2090551794495)",47.8538508063145,41.82463744339663,0.5645171430105496,99.55917337639386,422.17268199798826
"(108.0, 924.2090551794495)",47.5836985604916,42.237213254830266,0.5701164366765771,101.64345932302493,425.26331396010886
"(109.00000000000001, 924.2090551794495)",47.31296916486986,42.65249114774694,0.5757218348712715,103.75671752148565,428.3306155310712
"(110.0, 924.2090551794495)",47.04065348663687,43.07008315795759,0.5813584872278657,105.89914948704411,431.3976287143756
"(111.0, 924.2090551794495)",46.76680188680971,43.4899546463042,0.587025852551372,108.07095309485278,434.4636554575615
"(112.0, 924.2090551794495)",46.491459942199846,43.91206917409575,0.5927234793700354,110.27232249804746,437.52808435320895
"(113.0, 924.2090551794495)",46.2146697496097,44.33638408182242,0.5984511096246294,112.50344808785185,440.59048650942003
"(114.00000000000001, 924.2090551794495)",45.93651508193751,44.762874127799044,0.6042073410483345,114.76451646439418,443.6493793383745
"(115.0, 924.2090551794495)",45.656953610814114,45.191475701327875,0.6099937191953712,117.05571041825691,446.70600846469546
"(116.0, 924.2090551794495)",45.376169326021774,45.62218755320422,0.6158065938173612,119.37720892278824,449.7568213224302
"(117.0, 924.2090551794495)",45.09412167413328,46.05493637499553,0.6216476990111974,121.72918713734515,452.80324542027245
"(118.0, 924.2090551794495)",44.81087767044407,46.48968972598355,0.6275159745287201,124.11181642102244,455.84412950817745
"(119.0, 924.2090551794495)",44.526472948118794,46.926404158573924,0.6334111186824465,126.52526435724766,458.8790271804144
"(120.0, 924.2090551794495)",44.24099834478505,47.36504097155916,0.6393318326971983,128.96969478884208,461.90657425438144
"(17.0, 924.4315443447127)",66.7240229037547,14.173875351110622,0.19131864855555786,2.913739935621304,173.94725381053638
"(18.0, 924.4315443447127)",66.51711443213108,14.383904445860056,0.19414294335131857,3.2235656430947506,176.24829530279274
"(19.0, 924.4315443447127)",66.3062695036624,14.599940870524305,0.19705819471158217,3.5488823086835612,178.61792895432546
"(20.0, 924.4315443447127)",66.09209059679559,14.821336223170103,0.2000602064174638,3.8895870029043182,181.05237857751374
"(21.0, 924.4315443447127)",65.87809976889477,15.046749602134858,0.20310066608592747,4.245594063125027,183.50706834412873
"(22.0, 924.4315443447127)",65.66256426203886,15.27638468358416,0.20620471453843206,4.616831528481127,186.00531118344225
"(23.0, 924.4315443447127)",65.447794629842,15.509324022709462,0.2093411077389612,5.003241457060759,188.5182820649
"(24.0, 924.4315443447127)",65.2329263249949,15.745440790633747,0.212526158923496,5.404773989729639,191.06111131756762
"(25.0, 924.4315443447127)",65.01795510893663,15.984550277454973,0.21575897139496147,5.82139508000565,193.6330040528653
"(26.0, 924.4315443447127)",64.80403211839203,16.22623399733691,0.21902122045493316,6.253071726197863,196.2170533432198
"(27.0, 924.4315443447127)",64.59163358575263,16.470125033789706,0.22230889399461265,6.699783585954993,198.80957061104982
"(28.0, 924.4315443447127)",64.37937907721793,16.716462936833757,0.22563835213712966,7.161518485311939,201.42569184421092
"(29.0, 924.4315443447127)",64.16807737817885,16.96487988647802,0.22899950424124707,7.638269882374137,204.05609547753548
"(30.0, 924.4315443447127)",63.960279619283966,17.214531002749375,0.23236027829217376,8.130031801129523,206.67113910487188
"(31.0, 924.4315443447127)",63.752792703343026,17.466237996027058,0.23575875177786676,8.636813870011151,209.30601312878403
"(32.0, 924.4315443447127)",63.547524138958956,17.71935998728423,0.23917123734591128,9.158620878275636,211.93881542424094
"(33.0, 924.4315443447127)",63.34308946463348,17.97416880059206,0.24261461537978266,9.695476432285203,214.58512714384577
"(34.0, 924.4315443447127)",63.14075986464915,18.230279224625022,0.2460716683279228,10.247392951673001,217.2290194201886
"(35.0, 924.4315443447127)",62.94026371546625,18.487638217564815,0.24954688491490923,10.814400866388285,219.87461134191358
"(36.0, 924.4315443447127)",62.74163538556938,18.74642684249814,0.25303206565638797,11.396528868040908,222.51429435542656
"(37.0, 924.4315443447127)",62.54379923481961,19.00648586495268,0.2565504268005709,11.993818785666507,225.1694884638804
"(38.0, 924.4315443447127)",62.34100677087003,19.275455199144947,0.26017944684064603,12.606313178347973,227.91177467130353
"(39.0, 924.4315443447127)",62.15437239176653,19.53003462612374,0.26361548105486043,13.234044391512027,230.46042187320694
"(40.0, 924.4315443447127)",61.961859490374906,19.793616486911702,0.2671739100837986,13.877085822890153,233.1069044844912
"(41.0, 924.4315443447127)",61.77079572698905,20.05841020026131,0.27074785161357157,14.535487908973558,235.7523666861735
"(42.0, 924.4315443447127)",61.58115273693123,20.324397889028184,0.27433709002296125,15.20931699484064,238.3965428061199
"(43.0, 924.4315443447127)",61.39269478256776,20.59157644763016,0.2779449491150317,15.898642605364522,241.04243594785683
"(44.0, 924.4315443447127)",61.205776119757736,20.85992423273119,0.2815646360587215,16.603545338601634,243.6836860060193
"(45.0, 924.4315443447127)",61.01923666372953,21.129628775132982,0.2852110762788636,17.32410652580873,246.33400918287884
"(46.0, 924.4315443447127)",60.834357757910524,21.400566262798193,0.2888639559985847,18.060417638255327,248.9745353110395
"(47.0, 924.4315443447127)",60.65010362306773,21.67281696646517,0.29253900254690096,18.81257342447867,251.6197084810148
"(47.99999999999999, 924.4315443447127)",60.46666254445388,21.9464054102997,0.29623162963565647,19.580679552669544,254.26518331517133
"(49.0, 924.4315443447127)",60.28388093658229,22.221332822750753,0.2999441766878194,20.36484265106097,256.91301582166335
"(50.0, 924.4315443447127)",60.10162890951467,22.497763467338707,0.3036739716882261,21.16518056945794,259.5606180555815
"(51.0, 924.4315443447127)",59.91981021795554,22.77562059420715,0.3074246054388284,21.981813973522293,262.2111888018578
"(52.0, 924.4315443447127)",59.73866062377458,23.055026888283482,0.31118857382967885,22.814871668941638,264.857662218857
"(53.0, 924.4315443447127)",59.55679880065357,23.33591014593823,0.31499112550487524,23.664490719991882,267.5232418853592
"(54.0, 924.4315443447127)",59.375957613157894,23.61844549603319,0.31879818065611537,24.530808959919582,270.1762855182979
"(55.0, 924.4315443447127)",59.19453694246316,23.9026263491129,0.3226369243428832,25.41397867665291,272.84177155626685
"(56.0, 924.4315443447127)",59.01300549810884,24.188442889143094,0.3264996709374509,26.314147820235373,275.5124472125129
"(57.0, 924.4315443447127)",58.829827797192436,24.475975658633793,0.33040976284552015,27.23148542180523,278.20972191204925
"(58.0, 924.4315443447127)",58.64939682265364,24.765580387257128,0.3342855781736387,28.16614535786053,280.85798792536144
"(59.0, 924.4315443447127)",58.460160040622476,25.064920119499952,0.3383255283130876,29.118315694183273,283.6404749355251
"(59.99999999999999, 924.4315443447127)",58.283756494308825,25.3500566162885,0.3421745572136068,30.088077361058446,286.22887699938434
"(61.0, 924.4315443447127)",58.1002851897991,25.645199191771482,0.34615240407675746,31.075833280998577,288.9183681983134
"(61.99999999999999, 924.4315443447127)",57.9153128209184,25.942316895439593,0.35016939150338056,32.08156825877982,291.6260631109386
"(63.0, 924.4315443447127)",57.729892455697374,26.241481335561215,0.35420579092359517,33.10554450194559,294.3334618173939
"(64.0, 924.4315443447127)",57.54350589884686,26.542690621286223,0.35827143033744213,34.14760410689412,297.0498075345367
"(65.0, 924.4315443447127)",57.35590320769968,26.846124326312797,0.36236547981222306,35.20899719135502,299.77308292867116
"(66.0, 924.4315443447127)",57.167224953108445,27.151666711287273,0.3664890697129188,36.288883401997865,302.50517329817274
"(67.0, 924.4315443447127)",56.9770287117514,27.459404314170456,0.3706472658575511,37.38782342485796,305.25020095898327
"(68.0, 924.4315443447127)",56.78554412938164,27.769371389308287,0.37483576645266325,38.506030522866496,308.00397593460303
"(69.0, 924.4315443447127)",56.59303070448196,28.08175825646526,0.3790460233836532,39.64372315480384,310.7583776194688
"(70.0, 924.4315443447127)",56.39850118896557,28.39647199924702,0.38329613722103584,40.80112572946012,313.529914343145
"(71.0, 924.4315443447127)",56.20293685629844,28.713419143216097,0.3875735769544737,41.97846149565978,316.30677879556873
"(72.0, 924.4315443447127)",56.00553725493396,29.032848054296885,0.39188473140854546,43.175960767700225,319.09464669341446
"(73.0, 924.4315443447127)",55.80643643635163,29.35470613788221,0.3962291610068519,44.39385450081805,321.8928807231559
"(74.0, 924.4315443447127)",55.605591309344746,29.67903079021152,0.40060688425475033,45.63237789003233,324.7012627967101
"(74.99999999999999, 924.4315443447127)",55.40293529740637,30.00586258176305,0.40501818180572574,46.89176828684664,327.51981500750804
"(76.0, 924.4315443447127)",55.198441623744074,30.33520615875768,0.40946364957565023,48.17226542297093,330.3488485072697
"(77.0, 924.4315443447127)",54.99206346706086,30.66708704026156,0.41394363423972885,49.47411119208409,333.18844187981136
"(78.0, 924.4315443447127)",54.78373390064193,31.001551672348477,0.4184582265733746,50.797549431024066,336.03843520395037
"(78.99999999999999, 924.4315443447127)",54.573413857780665,31.338621787311197,0.4230077194888372,52.14282570062446,338.89885369617633
"(80.0, 924.4315443447127)",54.361092020117766,31.678294498243673,0.4275926108077899,53.510187066398494,341.7699104930344
"(81.0, 924.4315443447127)",54.1467366983946,32.02058787453242,0.4322131429076633,54.89988187927606,344.6515813049371
"(82.00000000000001, 924.4315443447127)",53.9302965674373,32.36554038341295,0.4368693002644436,56.31215955665333,347.54360236360026
"(83.0, 924.4315443447127)",53.71175952250102,32.71315473960104,0.44156138627666697,57.74727036395611,350.4460038747754
"(84.0, 924.4315443447127)",53.4911298654756,33.06346612540694,0.4462885831249323,59.20546519702598,353.3577789245689
"(85.0, 924.4315443447127)",53.268305642402645,33.41642602919624,0.45105384959819755,60.68699536531237,356.28141140137717
"(86.00000000000001, 924.4315443447127)",53.04338316317365,33.77207832297305,0.45585470212839896,62.192112376971856,359.214353908383
"(87.0, 924.4315443447127)",52.81629265559771,34.13043963914904,0.4606918511632862,63.72106772479715,362.157011713104
"(88.0, 924.4315443447127)",52.58704018336667,34.49150259135633,0.4655654668025232,65.27411267468169,365.10929079514193
"(89.0, 924.4315443447127)",52.355677051454926,34.85530429646287,0.47047383641174956,66.85149805624113,368.06935711165426
"(90.00000000000001, 924.4315443447127)",52.12204278274105,35.22173909912449,0.47542217477051263,68.45347405521997,371.04178118360693
"(91.0, 924.4315443447127)",51.8863029039125,35.59091048222209,0.48040523777614813,70.08029001108208,374.0214658576115
"(92.0, 924.4315443447127)",51.648411007249216,35.96277917312925,0.48542470896530854,71.73219421500957,377.00971915687336
"(93.0, 924.4315443447127)",51.40837759671045,36.33733910887536,0.4904805065006418,73.40943371388082,380.00621838148436
"(94.0, 924.4315443447127)",51.16620383491075,36.71459398856031,0.4955723964132388,75.1122541175085,383.010501633392
"(95.0, 924.4315443447127)",50.92193074630552,37.09451043820152,0.5007004968416732,76.8408994106255,386.02243413888743
"(96.0, 924.4315443447127)",50.675578318077534,37.47707641864684,0.5058646428184118,78.59561176984673,389.04162122016413
"(97.0, 924.4315443447127)",50.4271432013659,37.86230175229177,0.5110644014931562,80.37663138608754,392.06742254583725
"(98.0, 924.4315443447127)",50.176650517059514,38.25017110501684,0.5162995456489053,82.18419629283032,395.0993900358608
"(99.0, 924.4315443447127)",49.92415088690121,38.640642827892535,0.5215701341110686,84.01854220068302,398.13734235969105
"(100.0, 924.4315443447127)",49.669677028679885,39.03369759591835,0.526875863792353,85.87990233866624,401.18076610485303
"(101.0, 924.4315443447127)",49.4132333841098,39.42933866162519,0.5322162138142289,87.7685073026283,404.2289491589552
"(102.0, 924.4315443447127)",49.154853944327314,39.82754376526346,0.5375908654235542,89.68458491122206,407.28136903788476
"(102.99999999999999, 924.4315443447127)",48.89460202342066,40.2282636372155,0.5429997511120278,91.62836006980962,410.337738429477
"(104.0, 924.4315443447127)",48.63250150304253,40.63148465677747,0.548442401511524,93.60005464269918,413.397401570722
"(105.0, 924.4315443447127)",48.36860507068045,41.03716595180079,0.5539186135437643,95.59988733408379,416.4599520254603
"(106.0, 924.4315443447127)",48.10291690263418,41.445318363972625,0.5594274777582827,97.62807357798435,419.5243336349724
"(106.99999999999999, 924.4315443447127)",47.83551633432335,41.855871798275516,0.5649691108700545,99.6848254375298,422.590442231134
"(108.0, 924.4315443447127)",47.56643715814506,42.268807727709,0.5705428832096784,101.770351513902,425.657487126506
"(109.00000000000001, 924.4315443447127)",47.29572364990665,42.684092594486806,0.5761483808399033,103.88485686513312,428.7248806064044
"(110.0, 924.4315443447127)",47.023422105294024,43.10169275162333,0.5817851281248665,106.02854293502948,431.79198153422743
"(111.0, 924.4315443447127)",46.749580998979674,43.52157283826217,0.5874526304005758,108.20160749243394,434.85813485813406
"(112.0, 924.4315443447127)",46.47424865868076,43.94369608417228,0.5931504018742164,110.4042445809401,437.9226974523287
"(113.0, 924.4315443447127)",46.19747236760249,44.368024158971025,0.5988779845111746,112.63664447922373,440.98505561649034
"(114.00000000000001, 924.4315443447127)",45.91929921477361,44.79451622097077,0.6046349626994805,114.89899367208002,444.0446386610085
"(115.0, 924.4315443447127)",45.639772815893004,45.2231328912134,0.6104209044124863,117.19147483223509,447.1008645340958
"(116.0, 924.4315443447127)",45.358990313952155,45.653854443955,0.6162339882256116,119.51426681287235,450.1518706002313
"(117.0, 924.4315443447127)",45.07694472485745,46.08661287345847,0.6220752906475109,121.8675446511007,453.19847698086375
"(118.0, 924.4315443447127)",44.79370956122522,46.521377438583905,0.6279436032002422,124.25147958195399,456.23939528582946
"(119.0, 924.4315443447127)",44.50932544489794,46.9581045909126,0.6338385492394681,126.66623906319988,459.2741098754539
"(120.0, 924.4315443447127)",44.22382996139232,47.39674880511407,0.6397598309808658,129.1119868106443,462.3021817527098
"(17.0, 924.6182564317282)",66.66647936265508,14.226099764595638,0.19202689922771837,2.949527027425249,174.6020497244989
"(18.0, 924.6182564317282)",66.46082393676565,14.435068182812106,0.1948440513307911,3.2598810961485767,176.89648592142163
"(19.0, 924.6182564317282)",66.25249880340662,14.649541348239572,0.19773891236872315,3.5857401792137935,179.2472682038613
"(20.0, 924.6182564317282)",66.04212611564503,14.869107763503807,0.20070010916582787,3.9270006385871974,181.6439843639781
"(21.0, 924.6182564317282)",65.82924449422937,15.093628326749563,0.2037332164584495,4.283574383685948,184.0918769953535
"(22.0, 924.6182564317282)",65.6158610561681,15.322106613216725,0.20681510511392917,4.655389203049684,186.56963269113612
"(23.0, 924.6182564317282)",65.40247092609245,15.553944072464711,0.20994550985733865,5.042384679378685,189.077066590584
"(24.0, 924.6182564317282)",65.18807404030875,15.789393301172044,0.21313172202617847,5.444512487400738,191.62096872273617
"(25.0, 924.6182564317282)",64.97525779437522,16.027503813322642,0.21633940693293588,5.8617337096728654,194.16963152613243
"(26.0, 924.6182564317282)",64.76328841830221,16.268045298713822,0.21958604085249184,6.29401868476815,196.7392435450091
"(27.0, 924.6182564317282)",64.55145170975888,16.51136844317812,0.22287079100091506,6.741345943215545,199.32905624161066
"(28.0, 924.6182564317282)",64.34100326662413,16.75678397203223,0.2261825743345075,7.203700267063677,201.92883724934842
"(29.0, 924.6182564317282)",64.13204692453063,17.004155976272678,0.22951889889856492,7.681074296715464,204.53628982100574
"(30.0, 924.6182564317282)",63.92401430582835,17.253476388732338,0.23288763037580013,8.173466798340879,207.1586879442482
"(31.0, 924.6182564317282)",63.71813865518664,17.504341506440657,0.2362714626159508,8.680881173207556,209.78002663532712
"(32.0, 924.6182564317282)",63.513712024468504,17.75699057971681,0.2396746425849761,9.203328017397086,212.40422212042114
"(33.0, 924.6182564317282)",63.310026172965166,18.01117117634718,0.24311536107466852,9.740819976350602,215.04808129227945
"(34.0, 924.6182564317282)",63.10858329918954,18.26676347861527,0.24656417380993487,10.293382685139406,217.68435380153218
"(35.0, 924.6182564317282)",62.90874581010456,18.523694355879325,0.25003332808319395,10.861039426364735,220.32434043574034
"(36.0, 924.6182564317282)",62.71070181011937,18.781970758692854,0.2535165983977367,11.443820560908044,222.96225462610994
"(37.0, 924.6182564317282)",62.5147072130735,19.04138423904938,0.25701299970280755,12.041763751930901,225.5971479135673
"(38.0, 924.6182564317282)",62.29737288657817,19.325630948885923,0.260857301371883,12.654956408732632,228.53846676322374
"(39.0, 924.6182564317282)",62.1259266484102,19.564149110436556,0.26407861697554086,13.283307613774978,230.8886027750518
"(40.0, 924.6182564317282)",61.93394280778852,19.82737081661961,0.267632836597153,13.927013241625426,233.53119349671178
"(41.0, 924.6182564317282)",61.743563024773195,20.091764326685453,0.271201049880029,14.586081873958888,236.17136000856772
"(42.0, 924.6182564317282)",61.554689851755555,20.357334452231715,0.27478366093532836,15.260578164582988,238.80941130536752
"(43.0, 924.6182564317282)",61.36730053442627,20.624136957994,0.278378642621603,15.950579908499709,241.44339526011802
"(44.0, 924.6182564317282)",61.18017809631309,20.89226854221646,0.2820043342157021,16.656158032399283,244.09019777631354
"(45.0, 924.6182564317282)",60.99468248970791,21.16160881091275,0.2856385300463465,17.37739907314291,246.72920054803183
"(46.0, 924.6182564317282)",60.809978226271156,21.432228513754303,0.2892936377364947,18.114392220905266,249.37178669980446
"(47.0, 924.6182564317282)",60.626299566460574,21.70420057854667,0.2929628690692822,18.867234729702623,252.0115824683738
"(47.99999999999999, 924.6182564317282)",60.443261034471334,21.977477374690064,0.2966538082619762,19.63602950070789,254.65549745831277
"(49.0, 924.6182564317282)",60.26107726671354,22.252251491599708,0.30035710623452466,20.420885374530773,257.2947784989148
"(50.0, 924.6182564317282)",60.079147515129605,22.528368930742666,0.30408700059169214,21.221918403665605,259.9424738869787
"(51.0, 924.6182564317282)",59.89774860985581,22.80598605293385,0.30783419090588493,22.039251515190454,262.58986135028067
"(52.0, 924.6182564317282)",59.71658839209236,23.085118618349554,0.3116030594379166,22.873013847408497,265.24086366887013
"(53.0, 924.6182564317282)",59.53569157201183,23.365837206971882,0.3153911870431996,23.72329855987105,267.8931508979452
"(54.0, 924.6182564317282)",59.354808760712125,23.64816422633571,0.3192021657155096,24.59037295829133,270.5497769548147
"(55.0, 924.6182564317282)",59.17388883020956,23.932152976759653,0.3230354135662541,25.474258050977358,273.21018280635474
"(56.0, 924.6182564317282)",58.99285452133156,24.217837947138342,0.3268913506396864,26.375149530051488,275.87456114102804
"(57.0, 924.6182564317282)",58.81128484172279,24.50528067810686,0.33077532891529005,27.293207924391883,278.547699967895
"(58.0, 924.6182564317282)",58.62957655646734,24.79456382075011,0.3346787432428816,28.228597875119476,281.2214781668757
"(59.0, 924.6182564317282)",58.44743574110486,25.085721003620158,0.33860582530325045,29.18149092551997,283.89963688399786
"(59.99999999999999, 924.6182564317282)",58.26461016418606,25.37870491636963,0.3425619821084045,30.152062646908348,286.5869999699615
"(61.0, 924.6182564317282)",58.08106926520329,25.673732175136553,0.3465423591925898,31.140501238918528,289.2788906974716
"(61.99999999999999, 924.6182564317282)",57.89672717973211,25.97069965677715,0.3505512131044386,32.1469863340845,291.97906511656873
"(63.0, 924.6182564317282)",57.71139269722423,26.269762533045753,0.35458780148292834,33.17171456842587,294.68664019067904
"(64.0, 924.6182564317282)",57.52413560359951,26.572079563752446,0.35866909015853327,34.21488251783728,297.4171062605001
"(65.0, 924.6182564317282)",57.33774753656072,26.874130059862544,0.3627466259909952,35.27668494142829,300.1254679088579
"(66.0, 924.6182564317282)",57.14935988302408,27.17960305275079,0.3668662137965085,36.35734720676547,302.85385173747187
"(67.0, 924.6182564317282)",56.9594094236564,27.487242154254943,0.371021924426077,37.457063381237106,305.5965814795466
"(68.0, 924.6182564317282)",56.76742562766841,27.798208936746956,0.37521934552944125,38.57605154605308,308.3586054968331
"(69.0, 924.6182564317282)",56.57564287231294,28.109369502901426,0.37942089231327786,39.71453162137893,311.1049522830945
"(70.0, 924.6182564317282)",56.3818013030687,28.423980047930122,0.38366207604408364,40.87272571454111,313.8682340963166
"(71.0, 924.6182564317282)",56.186102414905776,28.740891693635568,0.3879417491976813,42.05086099281784,316.64716274741704
"(72.0, 924.6182564317282)",55.98874379137345,29.060219989301604,0.3922541183498215,43.24916485027998,319.4361541364968
"(73.0, 924.6182564317282)",55.78977867382125,29.38201222523873,0.39659745601563956,44.467869646716764,322.23337863972296
"(74.0, 924.6182564317282)",55.589081618574724,29.706257705863965,0.4009743140877161,45.70721032119647,325.04096084449577
"(74.99999999999999, 924.6182564317282)",55.386569294622845,30.033012129772885,0.4053848344242596,46.967424298593414,327.8587944906303
"(76.0, 924.6182564317282)",55.18219246645223,30.362301871435516,0.4098293866506412,48.24875137942828,330.68698153997224
"(77.0, 924.6182564317282)",54.97592152032275,30.694136170656,0.4143084752457496,49.55143352155303,333.52574648505976
"(78.0, 924.6182564317282)",54.767713463275776,31.02853868775423,0.4188224190057716,50.87571462127535,336.37514019435986
"(78.99999999999999, 924.6182564317282)",54.55751277871045,31.365547012055668,0.42337134614525285,52.221840294115175,339.2350356018622
"(80.0, 924.6182564317282)",54.34529278795668,31.705172837563214,0.42795560429586627,53.59005765543181,342.10550701879873
"(81.0, 924.6182564317282)",54.131022243952714,32.04743393157182,0.432575433281479,54.980615101108015,344.9865277948125
"(82.00000000000001, 924.6182564317282)",53.91467366170078,32.39234611126767,0.4372310464746677,56.39376208855487,347.8780457606723
"(83.0, 924.6182564317282)",53.69621504982639,32.73993119972506,0.44192254593014746,57.82974891823732,350.77990497756593
"(84.0, 924.6182564317282)",53.47564276984693,33.09018508631758,0.446650262019832,59.2888265159841,353.69215998756755
"(85.0, 924.6182564317282)",53.25293227063676,33.44312567994851,0.4514142401675599,60.77124621635006,356.6146014558326
"(86.00000000000001, 924.6182564317282)",53.02807099586783,33.79876064728655,0.45621458765518264,62.277259547304205,359.54707704915063
"(87.0, 924.6182564317282)",52.80105794041378,34.15708778055259,0.46105147125579854,63.80711801654548,362.48948946127405
"(88.0, 924.6182564317282)",52.57187045529868,34.51812717412747,0.46592476909281305,65.36107289974811,365.44147472720425
"(89.0, 924.6182564317282)",52.340568592357506,34.88190586333749,0.4708328991078502,66.93937503125876,368.40131921253754
"(90.00000000000001, 924.6182564317282)",52.10699171881901,35.248323601692135,0.4757809364363383,68.542274596425,371.373465294797
"(91.0, 924.6182564317282)",51.87130582985737,35.617478244823424,0.4807637736716766,70.17002092935496,374.35294123848865
"(92.0, 924.6182564317282)",51.63345571725002,35.989340648879015,0.48578295730607607,71.82286231079762,377.34092867779515
"(93.0, 924.6182564317282)",51.39346976905253,36.363887990709365,0.4908385786581029,73.5010457722184,380.3372650160644
"(94.0, 924.6182564317282)",51.151361514408066,36.7411117501922,0.4959305417733585,75.20481690307597,383.3416159426491
"(95.0, 924.6182564317282)",50.907130044861866,37.12101903449068,0.5010585178456376,76.93441966284564,386.3534334778538
"(96.0, 924.6182564317282)",50.660794464587156,37.503602437785005,0.5062222270664308,78.6900961980567,389.372216759093
"(97.0, 924.6182564317282)",50.412404434269796,37.88880876322417,0.5114221185250861,80.47208666475808,392.3981408665277
"(98.0, 924.6182564317282)",50.16194809692795,38.27667061014955,0.5166572407990723,82.28062905688735,395.4300881035783
"(99.0, 924.6182564317282)",49.90948964825547,38.667130260273154,0.5219278765814508,84.11595904090063,398.4680841869546
"(100.0, 924.6182564317282)",49.6550220148695,39.0602047032512,0.5272333450254207,85.97830979715464,401.5112664129177
"(101.0, 924.6182564317282)",49.398604406356604,39.45584534075159,0.5325736902423495,87.86791186844,404.5594450248525
"(102.0, 924.6182564317282)",49.14026222643623,39.85403837940056,0.5379484955517545,89.78499301605879,407.61200699107576
"(102.99999999999999, 924.6182564317282)",48.88003321764424,40.25475991119389,0.5433573937262902,91.72977808386091,410.6683879226297
"(104.0, 924.6182564317282)",48.61795221948654,40.657983380131036,0.5488000969017842,93.70248887061445,413.7280998562768
"(105.0, 924.6182564317282)",48.35406196138065,41.06368129434256,0.5542761875973186,95.70334401108008,416.79053814677815
"(106.0, 924.6182564317282)",48.08840294791152,41.471823839444575,0.5597853094291221,97.73255886609579,419.85515791435455
"(106.99999999999999, 924.6182564317282)",47.82105790248483,41.88240675161058,0.5653257345014636,99.79034542219487,422.9201495285345
"(108.0, 924.6182564317282)",47.55195257184142,42.29532454467328,0.570900838596077,101.87691219991693,425.9884257781993
"(109.00000000000001, 924.6182564317282)",47.28125180103742,42.710616219954396,0.5765064007587257,103.9924641743211,429.055878916943
"(110.0, 924.6182564317282)",47.00896152685494,43.12822292476868,0.5821432427807504,106.13720270255006,432.1230674308996
"(111.0, 924.6182564317282)",46.73513148580647,43.54811019226753,0.5878108248459372,108.31132546405362,435.18929451669277
"(112.0, 924.6182564317282)",46.45980610307448,43.97024041225363,0.5935087420614598,110.51502641031203,438.2539918515432
"(113.0, 924.6182564317282)",46.183041200112186,44.394577191268866,0.5992363518132682,112.74849572538596,441.3163750787078
"(114.00000000000001, 924.6182564317282)",45.90487224344947,44.82107721059717,0.604993482101547,115.01191979712223,444.37609877617024
"(115.0, 924.6182564317282)",45.62535477268825,45.24970316295229,0.6107794609151072,117.30548119917366,447.43235901646375
"(116.0, 924.6182564317282)",45.34457687688659,45.68043265899939,0.6165926765580092,119.62935868373563,450.48348684390334
"(117.0, 924.6182564317282)",45.06253079255478,46.11319917025382,0.622434175953806,121.9837271851794,453.53027532874825
"(118.0, 924.6182564317282)",44.77927895995685,46.547968701209825,0.6283030088349131,124.36875783428594,456.57167470546005
"(119.0, 924.6182564317282)",44.49491843228526,46.984708481181386,0.6341976361032274,126.78461798323819,459.60609454365164
"(120.0, 924.6182564317282)",44.209423161323464,47.42336141695102,0.6401190519022822,129.2314712411191,462.6342904375001
"(17.0, 924.768483177596)",66.62175877210743,14.267505292819381,0.19257893221647537,2.9784160346643938,175.1125110031266
"(18.0, 924.768483177596)",66.41728965292882,14.475502950253384,0.19539021450217997,3.2891927475637894,177.4015195453623
"(19.0, 924.768483177596)",66.2102665074536,14.689114996439175,0.19827331651829322,3.6154862761880984,179.7414278950253
"(20.0, 924.768483177596)",66.00096373396644,14.907889025297434,0.20122633345513788,3.957191023424739,182.13058014127225
"(21.0, 924.768483177596)",65.78912728819937,15.131576185074577,0.204253529724723,4.314218806757151,184.57300806044495
"(22.0, 924.768483177596)",65.57744589029971,15.358975546635145,0.2073226646240239,4.686494151375729,187.03897194132028
"(23.0, 924.768483177596)",65.3659910933148,15.589871248568045,0.2104314799683416,5.073960750390235,189.5264397927497
"(24.0, 924.768483177596)",65.15364755773535,15.824317941005352,0.21359614665857474,5.476564806618274,192.0504197514112
"(25.0, 924.768483177596)",64.9417203702984,16.06165237869729,0.21679814040407083,5.894268286579188,194.59381917061688
"(26.0, 924.768483177596)",64.73024829298242,16.301827331957274,0.22004198234839217,6.327040942521852,197.16084930919212
"(27.0, 924.768483177596)",64.51964321791338,16.544420701265608,0.22331622630502598,6.774860434470655,199.740947434573
"(28.0, 924.768483177596)",64.31016398247941,16.78920302740602,0.22662058829130308,7.237711998391533,202.33386569257127
"(29.0, 924.768483177596)",64.1015632087926,17.036136024492272,0.22995680667845955,7.715586923029666,204.94122038537304
"(30.0, 924.768483177596)",63.89508517628786,17.284745514395922,0.2333089391454063,8.208484453128705,207.5482693121427
"(31.0, 924.768483177596)",63.68954708668248,17.535308406802976,0.23668959848054266,8.71640484060535,210.1666761301603
"(32.0, 924.768483177596)",63.485885562250324,17.787309198525815,0.24009119108096125,9.239365708997227,212.7894008912457
"(33.0, 924.768483177596)",63.28353871175575,18.041033677151763,0.24351362010639951,9.77737263974644,215.41634845913396
"(34.0, 924.768483177596)",63.08289274234121,18.296097784708405,0.2469573647089046,10.330454049212538,218.04793352217752
"(35.0, 924.768483177596)",62.88325975786517,18.552706061623145,0.25042739856814994,10.898630026688055,220.6887354932912
"(36.0, 924.768483177596)",62.68632230716685,18.810428799533597,0.253900848335721,11.481932808272472,223.31756958465712
"(37.0, 924.768483177596)",62.490395189456954,19.069549149891564,0.257400216170491,12.08040352546754,225.95520395210275
"(38.0, 924.768483177596)",62.26242953612853,19.365915134273543,0.26140065825177394,12.69418704355011,229.040903189568
"(39.0, 924.768483177596)",62.10322232817859,19.591607374649357,0.26444774354981465,13.323008604522373,231.22993007777762
"(40.0, 924.768483177596)",61.91192332630116,19.854453153962513,0.26799621374466925,13.96724578572184,233.86720629627473
"(41.0, 924.768483177596)",61.72218817204709,20.118539754844946,0.2715576968095519,14.62685057701977,236.501148796751
"(42.0, 924.768483177596)",61.53367454492871,20.38383142111521,0.27513829307333404,15.301886547413458,239.1373354020865
"(43.0, 924.768483177596)",61.34629183172432,20.65038339381009,0.2787369358747213,15.992419016942945,241.77471437749392
"(44.0, 924.768483177596)",61.159918707406455,20.91823668436646,0.2823537785955315,16.698548833380812,244.41332671787166
"(45.0, 924.768483177596)",60.97478926035535,21.187317381283485,0.28598568606933533,17.420335814798158,247.05021330204522
"(46.0, 924.768483177596)",60.79056318337993,21.45771748305715,0.28963559871943834,18.157877005058964,249.68799629695087
"(47.0, 924.768483177596)",60.60721247369481,21.72943892853671,0.2933032793389132,18.911270548224397,252.32635819703708
"(47.99999999999999, 924.768483177596)",60.424566439066005,22.00253643625398,0.29698977682837185,19.6806190610014,254.96616637582477
"(49.0, 924.768483177596)",60.24238159368955,22.27704961091436,0.3006977624074405,20.46603237089847,257.60978126552743
"(50.0, 924.768483177596)",60.06115981883307,22.552984907853848,0.3044180303063442,21.267626095974137,260.24857404233524
"(51.0, 924.768483177596)",59.88000029271556,22.830410121839375,0.30816408878961665,22.085518993415327,262.8949179663645
"(52.0, 924.768483177596)",59.69910046841294,23.109353986368347,0.3119315145777793,22.91984978757425,265.54458380380885
"(53.0, 924.768483177596)",59.51853578351013,23.389912866014832,0.3157163129118623,23.770745588909627,268.1937502170165
"(54.0, 924.768483177596)",59.33796042762191,23.672072655943055,0.3195246946634623,24.638350011629914,270.8480172100846
"(55.0, 924.768483177596)",59.15718695784208,23.95590995203999,0.3233577114725325,25.522810628718112,273.5082097335145
"(56.0, 924.768483177596)",58.97648020855827,24.2414608246874,0.32721003854843,26.424276844248915,276.1692541846654
"(57.0, 924.768483177596)",58.79534584926538,24.528777449176296,0.33108855430898493,27.342922224126337,278.83733794165676
"(58.0, 924.768483177596)",58.613812038745564,24.817900359045254,0.33499185017891453,28.278899596652096,281.5110055701592
"(59.0, 924.768483177596)",58.43182111019287,25.108918935443405,0.3389186354669232,29.2323806646437,284.18889177672344
"(59.99999999999999, 924.768483177596)",58.24899332465496,25.40179696907505,0.34287623527710936,30.203550130155943,286.877585884701
"(61.0, 924.768483177596)",58.065795624605435,25.696682863851848,0.34685344189099765,31.192584174181114,289.5665471682852
"(61.99999999999999, 924.768483177596)",57.88165913548293,25.993562225758726,0.3508600698964397,32.199671770010376,292.2646628757054
"(63.0, 924.768483177596)",57.69662662505691,26.292496149147947,0.3548940207077453,33.22500704070053,294.9697981779994
"(64.0, 924.768483177596)",57.510447657376865,26.593520078830448,0.35895877198714776,34.26878379890463,297.68497529494255
"(65.0, 924.768483177596)",57.32323215719422,26.896657698688028,0.36305207788920496,35.33120720958043,300.407912174494
"(66.0, 924.768483177596)",57.134970458779804,27.20205428548349,0.367170700799696,36.41248373485605,303.1354083109337
"(67.0, 924.768483177596)",56.94525271964294,27.50960722236189,0.3713241326073855,37.512823165183406,305.87603171338503
"(68.0, 924.768483177596)",56.75424527650602,27.819466350060587,0.3755060754683069,38.63243938905751,308.62374444574056
"(69.0, 924.768483177596)",56.561783822011364,28.131606464990828,0.3797201493773472,39.7715519503012,311.38167462135834
"(70.0, 924.768483177596)",56.36792994998261,28.446089485121654,0.38396409522366287,40.93038606114915,314.1475078734956
"(71.0, 924.768483177596)",56.172375163134475,28.76296979067377,0.3882416490546804,42.10916004401736,316.92448085864794
"(72.0, 924.768483177596)",55.97524039507627,29.082243840312987,0.3925513293556297,43.30811422467784,319.71098319287677
"(73.0, 924.768483177596)",55.77640154385351,29.40396717046528,0.3968939403520181,44.52747145825406,322.50753574346095
"(74.0, 924.768483177596)",55.57580585429627,29.728165099899616,0.4012699534746027,45.76746958413996,325.3143366353129
"(74.99999999999999, 924.768483177596)",55.37339919328313,30.05486652254502,0.405679758628039,47.028346085923914,328.13150895638097
"(76.0, 924.768483177596)",55.16912592212979,30.384103716902878,0.4101236681325882,48.310340819191154,330.95910167501415
"(77.0, 924.768483177596)",54.962955795612345,30.715886368279385,0.414602182916057,49.61369579314137,333.79733602426086
"(78.0, 924.768483177596)",54.754824644563115,31.050258718924113,0.4191154042682743,50.93865495164484,336.6460617298921
"(78.99999999999999, 924.768483177596)",54.54471561421433,31.387221247610917,0.42366383926585555,52.28546395394819,339.50550206113394
"(80.0, 924.768483177596)",54.33257195833601,31.726814468339228,0.4282475378230455,53.654369955250495,342.37545602190744
"(81.0, 924.768483177596)",54.1183843145362,32.069035501516765,0.4328669458421754,55.04562138735217,345.25608753683497
"(82.00000000000001, 924.768483177596)",53.90210385301133,32.41392053221816,0.4375220651617335,56.45946773961296,348.14714881673257
"(83.0, 924.768483177596)",53.683728286021655,32.76146251779107,0.44221330311363005,57.89615934044388,351.0487662209023
"(84.0, 924.768483177596)",53.46321631155697,33.1116942422303,0.44694059040873985,59.35594713959946,353.96062472319005
"(85.0, 924.768483177596)",53.2405680843849,33.46460948336229,0.4517042300838453,60.83908249151237,356.88275320802904
"(86.00000000000001, 924.768483177596)",53.01577090603906,33.820216123557785,0.45650432482949416,62.34581693996296,359.8149950966209
"(87.0, 924.768483177596)",52.78879910486712,34.17853593098913,0.46134078029333964,63.876402004391196,362.757011615449
"(88.0, 924.768483177596)",52.55966927439771,34.53955096079808,0.46621388311781414,65.4310889681378,365.7088165590602
"(89.0, 924.768483177596)",52.328421416811885,34.90330937540672,0.4711217948952265,67.01012866912563,368.6684589880394
"(90.00000000000001, 924.768483177596)",52.0948856411989,35.26971523089785,0.47606961672407505,68.61377129223371,371.64040605262863
"(91.0, 924.768483177596)",51.85930130419267,35.63888942703793,0.4810505210769344,70.24226616720652,374.61809454090223
"(92.0, 924.768483177596)",51.62143645260998,36.01070446013091,0.48607132218968385,71.89586156564481,377.60757777183767
"(93.0, 924.768483177596)",51.381488246944095,36.38524163248765,0.4911268088267489,73.5748045069999,380.60378953956587
"(94.0, 924.768483177596)",51.13940694277415,36.76246498730299,0.49621856240029527,75.27934056397626,383.60794671151206
"(95.0, 924.768483177596)",50.89521445307009,37.14235924110843,0.5013465048687051,77.00971367554935,386.6197331782723
"(96.0, 924.768483177596)",50.6489189188801,37.52492357550649,0.5065103457536003,78.76616596385936,389.6386381924573
"(97.0, 924.768483177596)",50.40055725186501,37.910120106033375,0.5117103163207004,80.54893755676991,392.66463549345207
"(98.0, 924.768483177596)",50.15012808435771,38.297987593475206,0.5169451389363154,82.3582664161336,395.6963056040345
"(99.0, 924.768483177596)",49.89767883811242,38.68846022062755,0.5222155635170128,84.19438817280503,398.7341063925564
"(100.0, 924.768483177596)",49.6432495905373,39.081517592861644,0.5275212015407872,86.05753596780147,401.7774454250952
"(101.0, 924.768483177596)",49.386846988007086,39.4771643296017,0.5328614584934552,87.94794030105957,404.8255424137346
"(102.0, 924.768483177596)",49.12852439649587,39.87535801772316,0.5382362641212576,89.86582888758598,407.8781046750053
"(102.99999999999999, 924.768483177596)",48.86831248491952,40.27608081591357,0.5436451932962094,91.81142652158627,410.93451426974025
"(104.0, 924.768483177596)",48.60624856917806,40.67930635260605,0.5490879144069027,93.78495494894833,413.9942427882728
"(105.0, 924.768483177596)",48.34237520079987,41.08500896897847,0.5545639614125732,95.78663274842383,417.0566406720404
"(106.0, 924.768483177596)",48.07672811006753,41.4931541661822,0.5600731760985695,97.81667522183247,420.1213463073003
"(106.99999999999999, 924.768483177596)",47.809356764233485,41.90371715164815,0.5656148933951872,99.87529429366252,423.1875327340623
"(108.0, 924.768483177596)",47.54040246627137,42.31669481086488,0.5711864268217669,101.96269842056864,426.2525071230276
"(109.00000000000001, 924.768483177596)",47.269609101263775,42.7319577254397,0.5767945352158945,104.07909250897617,429.32231492775304
"(110.0, 924.768483177596)",46.997329097557746,43.149571230040735,0.5824313920285685,106.22467784737968,432.38951711389547
"(111.0, 924.768483177596)",46.72350491699326,43.56946401298771,0.5880990904800926,108.39965204286213,435.4558518185368
"(112.0, 924.768483177596)",46.448189786312234,43.99160077076973,0.5937970274994319,110.60420897268779,438.5205674633271
"(113.0, 924.768483177596)",46.171429317260184,44.4159436129976,0.5995247556119201,112.83853874466372,441.58306012999054
"(114.00000000000001, 924.768483177596)",45.89326581011035,44.842450293775215,0.6052819683561756,115.1028276685296,444.6428601029606
"(115.0, 924.768483177596)",45.6138291221202,45.27112003433335,0.6110658463986739,117.39725823835396,447.6971776573815
"(116.0, 924.768483177596)",45.332976786187956,45.70181919910383,0.6168813765920748,119.72200912428114,450.7504458072791
"(117.0, 924.768483177596)",45.0509370353221,46.13459310272928,0.6227229058815762,122.07725517861576,453.7972619334342
"(118.0, 924.768483177596)",44.76796995828593,46.56951594516081,0.6285834352059428,124.4631674530706,456.8309824728918
"(119.0, 924.768483177596)",44.48332558730673,47.006115850429694,0.6344866165871929,126.87991319938075,459.87331281844246
"(120.0, 924.768483177596)",44.19783213855787,47.44477599546921,0.6404081083702674,129.32765595608103,462.90157903612464
"(17.0, 924.8816547208125)",66.58710894023338,14.298997611704534,0.19300805434158572,3.0002350550539485,175.50937361883635
"(18.0, 924.8816547208125)",66.38449751566286,14.505985816110522,0.1958009308126171,3.3113284991055467,177.78136038674307
"(19.0, 924.8816547208125)",66.17679428457616,14.719436507977045,0.19869844359914376,3.6379474323832004,180.13459787404292
"(20.0, 924.8816547208125)",65.97051323837032,14.936877870570846,0.20161716577294378,3.979986123604159,182.49203177659646
"(21.0, 924.8816547208125)",65.78238288279886,15.139407082743723,0.2043512513232079,4.337374486580219,184.66334898149694
"(22.0, 924.8816547208125)",65.550006851617,15.386345502759717,0.2076839425018136,4.709978579986263,187.3730898200332
"(23.0, 924.8816547208125)",65.33860654837342,15.616933481705072,0.2107956586161921,5.0977965158868965,189.86324103302033
"(24.0, 924.8816547208125)",65.12702013758226,15.85082437880902,0.21395535231618626,5.50075818802359,192.38262209854517
"(25.0, 924.8816547208125)",64.91612330476978,16.087603194829693,0.21714997394050872,5.918823490249212,194.91920373042984
"(26.0, 924.8816547208125)",64.70554366759671,16.327236380138867,0.220382835267895,6.351962658775053,197.47607869585994
"(27.0, 924.8816547208125)",64.49580070952628,16.569228267455497,0.2236521280515078,6.800152074095413,200.05159820001415
"(28.0, 924.8816547208125)",64.28708336153137,16.813570932145044,0.22694912263803604,7.263377159065779,202.63770292383762
"(29.0, 924.8816547208125)",64.07955272204934,17.05996442105113,0.23027482141402772,7.741628964258982,205.23532890568657
"(30.0, 924.8816547208125)",63.87332715539493,17.308275085286287,0.23362658822079369,8.234906717090311,207.84203878333525
"(31.0, 924.8816547208125)",63.66861992268584,17.558323601688855,0.23700143020617734,8.743211586924666,210.4550633533638
"(32.0, 924.8816547208125)",63.465234045929,17.810102385548504,0.24040021835526798,9.26655463265276,213.07519711501217
"(33.0, 924.8816547208125)",63.26348878819198,18.063404265502324,0.24381929803820482,9.80495020294437,215.69904561949747
"(34.0, 924.8816547208125)",63.063091055268984,18.318430688395157,0.24726159773370482,10.35841976082429,218.32929590003653
"(35.0, 924.8816547208125)",62.864917828721744,18.574383928332498,0.2507127487501812,10.926987798024724,220.9526341256462
"(36.0, 924.8816547208125)",62.66782860306688,18.831916786718256,0.2541914455624573,11.510685324880164,223.58631946280067
"(37.0, 924.8816547208125)",62.472493328211414,19.090786114092495,0.25768359041645894,12.10954990703944,226.21727559173524
"(38.0, 924.8816547208125)",62.278374427570355,19.350934984926795,0.2611990910950079,12.723622620523592,228.85462496299954
"(39.0, 924.8816547208125)",62.08622169334626,19.612269170161007,0.26472466475889456,13.352951921429307,231.48603406618946
"(40.0, 924.8816547208125)",61.89544382873284,19.87486461355886,0.2682677660377349,13.997590805196634,234.11834455603943
"(41.0, 924.8816547208125)",61.70577634108616,20.138722057077103,0.27183186102969187,14.657598794284093,236.75470264069529
"(42.0, 924.8816547208125)",61.51754560601023,20.403820733346073,0.27541016557243536,15.33304061052412,239.38876905104283
"(43.0, 924.8816547208125)",61.33051647316054,20.670163278319873,0.2790058647312183,16.0239876915241,242.02341815789626
"(44.0, 924.8816547208125)",61.144533834839194,20.93778614971986,0.28261974083063274,16.730518261257235,244.65929529494557
"(45.0, 924.8816547208125)",60.95987119303027,21.20660831204488,0.2862482162231717,17.452715980451742,247.29300790091622
"(46.0, 924.8816547208125)",60.775964100482156,21.476823034865358,0.28989548721607844,18.190669857559428,249.92834805494337
"(47.0, 924.8816547208125)",60.59287840608503,21.748451851370177,0.29355902078457174,18.9444776125441,252.562875288912
"(47.99999999999999, 924.8816547208125)",60.41044428967528,22.021378969208378,0.29724458078379457,19.714243926863578,255.2018158052466
"(49.0, 924.8816547208125)",60.2287527783072,22.29572836942051,0.300946627259208,20.500063688807273,257.8399509133366
"(50.0, 924.8816547208125)",60.047737198385846,22.571508395944733,0.3046658346675927,21.302091246465704,260.477750057795
"(51.0, 924.8816547208125)",59.86657386657205,22.848800623752414,0.30841392399433154,22.1204117071614,263.12596865565484
"(52.0, 924.8816547208125)",59.6859458962099,23.127622074113837,0.3121784180111334,22.955165435696767,265.7729263825658
"(53.0, 924.8816547208125)",59.5057367092195,23.40803200528496,0.31595973848144854,23.806488739485463,268.4188770123918
"(54.0, 924.8816547208125)",59.32528045987695,23.690085564564793,0.3197675346067637,24.674524556017627,271.0726019770807
"(55.0, 924.8816547208125)",59.1448202487145,23.973759097645367,0.3235983241875366,25.559417813512503,273.73073572593825
"(56.0, 924.8816547208125)",58.96416396249923,24.259236825140444,0.3274504723202655,26.461325588857125,276.39160908982166
"(57.0, 924.8816547208125)",58.783188219874816,24.546451562503393,0.3313277783878968,27.380404601713746,279.0585793286549
"(58.0, 924.8816547208125)",58.601936836961414,24.83543366824588,0.3352289873001384,28.31682386927221,281.73031661526204
"(59.0, 924.8816547208125)",58.42002518991216,25.126385892986455,0.33915514449317496,29.27075200634753,284.40761923957643
"(59.99999999999999, 924.8816547208125)",58.2375633869299,25.419189701923873,0.3431077330187241,30.242366740343236,287.0916811215211
"(61.0, 924.8816547208125)",58.05424827915594,25.713986329833435,0.3470882240863955,31.23185107352143,289.7836799536122
"(61.99999999999999, 924.8816547208125)",57.870313038902346,26.010781807110476,0.3510919947567835,32.239392975117774,292.47915209476696
"(63.0, 924.8816547208125)",57.685379636570865,26.309632136060735,0.3551265558622926,33.26515869775802,295.18487792346224
"(64.0, 924.8816547208125)",57.49940242279041,26.610580435499024,0.3591891923915443,34.309421376666535,297.89807324025725
"(65.0, 924.8816547208125)",57.312386639101405,26.913694190868956,0.3632791614722878,35.37230794500052,300.61792404307823
"(66.0, 924.8816547208125)",57.12408739052899,27.218952354340733,0.3674012601259164,36.454049639651544,303.34863577211775
"(67.0, 924.8816547208125)",56.934574099640166,27.526470834372358,0.37155168125189547,37.55485834744097,306.086475423112
"(68.0, 924.8816547208125)",56.74363283257566,27.836267405249473,0.3757336080704845,38.67494756926391,308.83417359718703
"(69.0, 924.8816547208125)",56.551321514614514,28.148353888633377,0.379946112183202,39.81453951736227,311.5906494233771
"(70.0, 924.8816547208125)",56.35761116451257,28.46278915826442,0.38418852191984165,40.97385167314076,314.3550642048255
"(71.0, 924.8816547208125)",56.162179112327664,28.77960806511152,0.38846525540738774,42.1531135518629,317.13127467086497
"(72.0, 924.8816547208125)",55.965072697877396,29.098835680685944,0.3927752327385638,43.35255252956843,319.9180546590267
"(73.0, 924.8816547208125)",55.766317937285855,29.420517103099655,0.39711720449916577,44.57240118865059,322.71401602664116
"(74.0, 924.8816547208125)",55.565809236648356,29.744669340219403,0.4014926746920199,45.81289452226873,325.5203148051715
"(74.99999999999999, 924.8816547208125)",55.36348198207763,30.071330897993356,0.4059019418836897,47.07427005806147,328.33698960571655
"(76.0, 924.8816547208125)",55.159289618154865,30.400525526737194,0.41034540036595607,48.35676769292082,331.16416520461894
"(77.0, 924.8816547208125)",54.953185903533715,30.732278384316267,0.4148233897754631,49.66062947455156,334.00191367787534
"(78.0, 924.8816547208125)",54.74512531881498,31.066615822103053,0.41933619243239256,50.98609938249231,336.85025215870394
"(78.99999999999999, 924.8816547208125)",54.535075701010996,31.403553084357906,0.4238841612808984,52.333423108771164,339.70926138664987
"(80.0, 924.8816547208125)",54.32300184293741,31.74310990285003,0.4284675610552523,53.70284783844699,342.57893902452554
"(81.0, 924.8816547208125)",54.10883212768647,32.08536613243559,0.43308561301756165,55.09462203039336,345.45831637306657
"(82.00000000000001, 924.8816547208125)",53.89264701973644,32.43016516103049,0.4377414108163744,56.50899519738305,348.3500051782883
"(83.0, 924.8816547208125)",53.674315212097156,32.777693029522126,0.44243225422557053,57.9462176892522,351.2512577007527
"(84.0, 924.8816547208125)",53.45385801640234,33.127898820083125,0.4471593190380918,59.40654047346747,354.1629104423146
"(85.0, 924.8816547208125)",53.23125972912608,33.4807919319819,0.4519227371788151,60.89021491930066,357.0848340486007
"(86.00000000000001, 924.8816547208125)",53.006501076101465,33.83638657738491,0.4567225422894613,62.39749258231929,360.016808078654
"(87.0, 924.8816547208125)",52.77957297267395,34.19468852949937,0.461558809268356,63.92862499067631,362.9586502764087
"(88.0, 924.8816547208125)",52.5504766946785,34.55569671836561,0.4664316098645793,65.48386343335983,365.9101757122848
"(89.0, 924.8816547208125)",52.31926898875844,34.91943587844201,0.4713394697652739,67.0634587508844,368.86976998085254
"(90.00000000000001, 924.8816547208125)",52.08576789497378,35.285831579448335,0.4762871043621297,68.6676611276156,371.8415440770152
"(91.0, 924.8816547208125)",51.85015512423984,35.65496853338749,0.4812695095169976,70.29671988959831,374.8206204391563
"(92.0, 924.8816547208125)",51.61238750845125,36.02679609512287,0.48628861958920533,71.95088330241866,377.80853985514534
"(93.0, 924.8816547208125)",51.37246448258319,36.401329170769,0.4913439585013814,73.63039837536468,380.8046150004672
"(94.0, 924.8816547208125)",51.130504834433964,36.77855893486969,0.4964338482149557,75.33551066874469,383.80704832772426
"(95.0, 924.8816547208125)",50.886236145366254,37.15844087027986,0.501563421208415,77.06646410598321,386.8203428486875
"(96.0, 924.8816547208125)",50.63996737667976,37.54099681172855,0.5067272523231184,78.8235007907426,389.8392388299939
"(97.0, 924.8816547208125)",50.39161479317681,37.92621322055006,0.5119267369229386,80.60686082950117,392.86478671161234
"(98.0, 924.8816547208125)",50.14121428330966,38.31405887079943,0.5171619074898927,82.41678215999585,395.8967785978279
"(99.0, 924.8816547208125)",49.88879003956475,38.70452336453218,0.5224323803687833,84.2535003860107,398.9346240492025
"(100.0, 924.8816547208125)",49.63437121943031,39.097586243380974,0.5277379305431065,86.11724861887967,401.97788184076586
"(101.0, 924.8816547208125)",49.377995135608224,39.493221624836046,0.5330783202917702,88.00825732616622,405.0261016410775
"(102.0, 924.8816547208125)",49.11968406015466,39.89142041093077,0.5384530501086994,89.92675418790628,408.0785937860962
"(102.99999999999999, 924.8816547208125)",48.8594885741398,40.29213916625854,0.5438620836927588,91.8729639608213,411.13509994484644
"(104.0, 924.8816547208125)",48.59743695298224,40.69536617319234,0.5493048289305016,93.84710835087246,414.19485077650273
"(105.0, 924.8816547208125)",48.33357259362023,41.10106891860142,0.5547809915649191,95.84940589453154,417.257355591684
"(106.0, 924.8816547208125)",48.067933889782154,41.50922362440113,0.5602900803868044,97.88007184908469,420.32194482272007
"(106.99999999999999, 924.8816547208125)",47.80069963784622,41.91981521458786,0.5658292028688634,99.9393180924762,423.38573134623647
"(108.0, 924.8816547208125)",47.53152390115107,42.332735537380174,0.5714059251580743,102.02735303175939,426.45550454571713
"(109.00000000000001, 924.8816547208125)",47.26084125715141,42.748038627457774,0.5770115236295593,104.14438152406031,429.52299124342375
"(110.0, 924.8816547208125)",46.98856651338133,43.165655118150895,0.5826484870168696,106.29060480417105,432.5902919885691
"(111.0, 924.8816547208125)",46.71474949237058,43.58555232417105,0.5883162233750071,108.46622042513705,435.6566617490386
"(112.0, 924.8816547208125)",46.43943729362116,44.00769344842056,0.5940142627699793,110.67142220823308,438.72147207022886
"(113.0, 924.8816547208125)",46.16275910678224,44.43206054330611,0.5997403342158014,112.9064002038913,441.7824325084322
"(114.00000000000001, 924.8816547208125)",45.88452572333622,44.8585499464173,0.605499350448054,115.17134066256443,444.8439005122089
"(115.0, 924.8816547208125)",45.60501564716708,45.28719180386414,0.6112853797355863,117.46642601827526,447.90020749821394
"(116.0, 924.8816547208125)",45.324245072817746,45.71793307095722,0.6170987501125506,119.79183488038655,450.95147824985435
"(117.0, 924.8816547208125)",45.04220008355835,46.15071073801942,0.6229405039462494,122.14774203810747,453.9985020443165
"(118.0, 924.8816547208125)",44.75896901139178,46.58549568111916,0.628809158162605,124.53431847493559,457.03973623009557
"(119.0, 924.8816547208125)",44.47457577109,47.022238564789795,0.6347047500912514,126.95173139388682,460.0750481296696
"(120.0, 924.8816547208125)",44.189100498108346,47.460909785246216,0.6406258838002551,129.40014425329454,463.10298321286837
"(17.0, 924.9573417629504)",66.56439537708007,14.319897482074547,0.1932893417392133,3.014853667398197,175.76954205881503
"(18.0, 924.9573417629504)",66.36157632156974,14.52669682144534,0.19608865738432754,3.3261585981830017,178.04748468589054
"(19.0, 924.9573417629504)",66.15604383641151,14.739188054344334,0.19896142559917906,3.6529949900874463,180.37783634549623
"(20.0, 924.9573417629504)",65.94941207328766,14.95652687896057,0.20188729964441754,3.9952561251342926,182.74188388966638
"(21.0, 924.9573417629504)",65.75012084129838,15.1700839625478,0.20476530273555033,4.352855155754108,185.0463149478063
"(22.0, 924.9573417629504)",65.5310728578908,15.404817782514094,0.2079335635941643,4.725706978422479,187.60396926693312
"(23.0, 924.9573417629504)",65.32042559403692,15.634922513411832,0.2110396649961618,5.113760048567686,190.0889274928257
"(24.0, 924.9573417629504)",65.10941975723374,15.868415939957341,0.2141952044844302,5.516958874397693,192.60446808389244
"(25.0, 924.9573417629504)",64.89881347161322,16.10497995623912,0.21738664244194655,5.935267950695105,195.13810297718075
"(26.0, 924.9573417629504)",64.68910413983527,16.344117800567908,0.22061242224854574,6.368651254608797,197.68842838829167
"(27.0, 924.9573417629504)",64.47989409445493,16.585822438376173,0.22387590537318575,6.817088072194161,200.25857424656152
"(28.0, 924.9573417629504)",64.27162888896807,16.82987054442966,0.22716920354876455,7.280562600686549,202.8412600441853
"(29.0, 924.9573417629504)",64.07164195236373,17.068906112343356,0.23039556978492612,7.7590698543566194,205.34700392786897
"(30.0, 924.9573417629504)",63.858800923694126,17.324001339684834,0.23383880633335657,8.252596677517216,208.03832402960563
"(31.0, 924.9573417629504)",63.65445631127666,17.573803114371998,0.23721093874886706,8.761157424910143,210.64884191733597
"(32.0, 924.9573417629504)",63.451526129833745,17.825320673277076,0.24060564384290453,9.284757707688847,213.26519903440732
"(33.0, 924.9573417629504)",63.25015766156374,18.078388841885918,0.2440215336093502,9.823411784132091,215.8860972760909
"(34.0, 924.9573417629504)",63.05007399798267,18.3330590771805,0.2474598217288282,10.377141347605203,218.51263755182526
"(35.0, 924.9573417629504)",62.852289085116126,18.588894947003137,0.25091034907215826,10.945969394660665,221.13540010393677
"(36.0, 924.9573417629504)",62.65552345642002,18.846293167397747,0.254384503991153,11.529931665368963,223.76488293197454
"(37.0, 924.9573417629504)",62.46059585132842,19.104898201538603,0.257874295404668,12.129060828607367,226.39366195788816
"(38.0, 924.9573417629504)",62.26681874928611,19.364882150088906,0.2613860775085561,12.743399075847023,229.02757235031152
"(39.0, 924.9573417629504)",62.074789235109,19.626058142472054,0.26491194228421855,13.372994313115317,231.65925162335563
"(40.0, 924.9573417629504)",61.88425446426251,19.888502415301637,0.26845296850009437,14.017901540327264,234.28964259189306
"(41.0, 924.9573417629504)",61.69487918294926,20.152214965553668,0.27201397989058396,14.678179460896619,236.92314830105855
"(42.0, 924.9573417629504)",61.506926315513134,20.417182992564662,0.27558920595039216,15.353892180651423,239.55436717378558
"(43.0, 924.9573417629504)",61.31996688042429,20.683384900550013,0.27918593949757264,16.04511191775758,242.1899725375091
"(44.0, 924.9573417629504)",61.13444921376652,20.950857113912537,0.282794041268109,16.751915545751302,244.82050913200086
"(45.0, 924.9573417629504)",60.94997123643134,21.219621063697264,0.28641943987786656,17.474387848619266,247.45137589004537
"(46.0, 924.9573417629504)",60.76612361479174,21.489711502374934,0.2900676557485459,18.212618408989464,250.08758938359614
"(47.0, 924.9573417629504)",60.58325358323916,21.761167513415554,0.2937308363783585,18.966704107940476,252.7217895023941
"(47.99999999999999, 924.9573417629504)",60.40106481334096,22.033987994548326,0.29741370869150013,19.73674226642658,255.35825112872388
"(49.0, 924.9573417629504)",60.21937989307115,22.30831922897977,0.3011149394870103,20.522861166678123,257.9956128263386
"(50.0, 924.9573417629504)",60.03839319804996,22.583940523564785,0.3048367813182945,21.325156424306694,260.63586249543675
"(51.0, 924.9573417629504)",59.857721278529766,22.86111126466183,0.3085785841135462,22.14375950963886,263.27826737700184
"(52.0, 924.9573417629504)",59.67728540692936,23.139864563809063,0.31234064748725787,22.978799533237872,265.922975491095
"(53.0, 924.9573417629504)",59.497023803321866,23.420170193289078,0.3161246420347457,23.830409966725025,268.5713985954976
"(54.0, 924.9573417629504)",59.31724267679092,23.701576417028825,0.31992317973695483,24.698733158875534,271.2165607389688
"(55.0, 924.9573417629504)",59.13625357709444,23.98570427709581,0.323763973833919,25.583916952715807,273.8839476433153
"(56.0, 924.9573417629504)",58.9559668922881,24.27113337899112,0.32761038699957007,26.4861154323265,276.5395172607273
"(57.0, 924.9573417629504)",58.77512175437671,24.558265357297266,0.33148696980019005,27.405485633870978,279.2058207815682
"(58.0, 924.9573417629504)",58.593868288168586,24.84722595012601,0.3353879776710975,28.342202153008483,281.87737013290166
"(59.0, 924.9573417629504)",58.41212069082493,25.138070759720524,0.339313565041632,29.296426711519995,284.5541464334979
"(59.99999999999999, 924.9573417629504)",58.22979442126337,25.430830076581916,0.3432644223067901,30.268338730519062,287.2366088481643
"(61.0, 924.9573417629504)",58.046702990721094,25.725564681918428,0.3472422413037719,31.258124935136053,289.92613552900974
"(61.99999999999999, 924.9573417629504)",57.86267844105592,26.02229533250054,0.35124938175232123,32.26597061439739,292.6247238271094
"(63.0, 924.9573417629504)",57.67763238454129,26.32143008020238,0.3552858304442433,33.29206804868677,295.33216924506274
"(64.0, 924.9573417629504)",57.492032090713636,26.621999665996828,0.35934282324852357,34.33661035740544,298.04017221614265
"(65.0, 924.9573417629504)",57.30509301413945,26.92505473255984,0.36343255883848363,35.3998084171483,300.7598051162026
"(66.0, 924.9573417629504)",57.116886558229155,27.230282881978304,0.36755350058126096,36.48186377571878,303.48944507759137
"(67.0, 924.9573417629504)",56.92744861774145,27.537756223184523,0.3717034604951684,37.58298635172439,306.2268583919764
"(68.0, 924.9573417629504)",56.73655170874724,27.847489290369136,0.375885870734244,38.70339203948159,308.9750037611167
"(69.0, 924.9573417629504)",56.543963517320186,28.159352268824847,0.38010820585782573,39.843302179345635,311.7405734931932
"(70.0, 924.9573417629504)",56.35060176441591,28.473935575621606,0.3843408902654753,41.00293575603501,314.4959924347249
"(71.0, 924.9573417629504)",56.155279817892406,28.790727953517898,0.38861631234934474,42.18251383443334,317.270997401937
"(72.0, 924.9573417629504)",55.95827501174404,29.109932278168394,0.3929249759104861,43.382286190359835,320.0565550400747
"(73.0, 924.9573417629504)",55.759582312326536,29.431580299691877,0.3972665706437712,44.60246346730693,322.852167686639
"(74.0, 924.9573417629504)",55.55912577237536,29.75570741475294,0.4016416281140067,45.8432879505653,325.65808473110985
"(74.99999999999999, 924.9573417629504)",55.35685153298126,30.082342340179824,0.4060505359215345,47.10499719714889,328.47442713025504
"(76.0, 924.9573417629504)",55.152709593375086,30.411511998922453,0.4104936574780103,48.38783113148509,331.30129109992635
"(77.0, 924.9573417629504)",54.94665260755745,30.743242789115925,0.4149713157989807,49.69203182695522,334.1387333423438
"(78.0, 924.9573417629504)",54.7386404788778,31.07755547379227,0.4194838556638396,51.01784328686791,336.98682876043034
"(78.99999999999999, 924.9573417629504)",54.52863396314848,31.414472452948097,0.42403154988756436,52.36551122510147,339.8455839825239
"(80.0, 924.9573417629504)",54.31659818543398,31.754013308102635,0.4286146607616065,53.73528284660726,342.714994412077
"(81.0, 924.9573417629504)",54.10250215327577,32.096195615086955,0.4332334250242442,55.127406628013425,345.59503054527
"(82.00000000000001, 924.9573417629504)",53.88632038424386,32.44103329710603,0.43788807124427653,56.5421320985273,348.48565426928417
"(83.0, 924.9573417629504)",53.668025203357395,32.78854434233082,0.44257873283370275,57.97970962139525,351.38673862128144
"(84.0, 924.9573417629504)",53.44760093128298,33.138736542582656,0.44730560619104304,59.44039017614793,354.2982142819843
"(85.0, 924.9573417629504)",53.22503068500858,33.49162020818107,0.45206881596629683,60.92442514192056,357.2199451681897
"(86.00000000000001, 924.9573417629504)",53.000302790654615,33.84720167922684,0.456868487245049,62.43206608209513,360.1517954153458
"(87.0, 924.9573417629504)",52.77340437086713,34.2054915047155,0.4617046258672867,63.963564530594496,363.0935188912686
"(88.0, 924.9573417629504)",52.54433406725476,34.56648840151086,0.4665773481239623,65.51917178012445,366.0449718674225
"(89.0, 924.9573417629504)",52.31308867735611,34.93019519396008,0.47148666156108476,67.09913867269744,369.0059104815314
"(90.00000000000001, 924.9573417629504)",52.07966926759822,35.296612525375366,0.47643253732015123,68.7037153928012,371.9760578562235
"(91.0, 924.9573417629504)",51.84408071721502,35.66573695457851,0.4814149666893,70.3331512635564,374.95515661027787
"(92.0, 924.9573417629504)",51.60633107851011,36.03756450015886,0.4864338762148134,71.98769454626826,377.9428905408336
"(93.0, 924.9573417629504)",51.36643044409394,36.41208875712022,0.4914891938500299,73.66759224375258,380.9389460049865
"(94.0, 924.9573417629504)",51.124395148344384,36.78929932865781,0.49658082687250227,75.37308990784652,383.94299168659103
"(95.0, 924.9573417629504)",50.88024372534514,37.16918308231922,0.5017086890813709,77.10443145152878,386.9547039405506
"(96.0, 924.9573417629504)",50.633979394047756,37.5517494480687,0.5068722881369255,78.86185896605156,389.9733852823833
"(97.0, 924.9573417629504)",50.38564698548039,37.93695584422198,0.5120718587067692,80.64561254355712,392.99901267746924
"(98.0, 924.9573417629504)",50.13525785650751,38.32480337592291,0.5173069379177401,82.45593010555635,396.0309200663681
"(99.0, 924.9573417629504)",49.882970105041224,38.71529565968066,0.5225747432018472,84.29304723794468,399.0662981064923
"(100.0, 924.9573417629504)",49.628441039483455,39.1083260128267,0.5278829759842265,86.15719703151233,402.11203719677326
"(101.0, 924.9573417629504)",49.3720688543124,39.503968481778024,0.5332232674742503,88.04860993275572,405.16016611638156
"(102.0, 924.9573417629504)",49.11376801711503,39.90216483090725,0.538598065620501,89.96751359807051,408.2127214569353
"(102.99999999999999, 924.9573417629504)",48.85358182725186,40.30288737264231,0.5440070184552617,91.91413275906793,411.26915293169924
"(104.0, 924.9573417629504)",48.59153838489396,40.70611577443369,0.5494497686132869,93.88868909496199,414.328908313852
"(105.0, 924.9573417629504)",48.32768144176747,41.11182018560388,0.5549259438602689,95.8914011139136,417.39142479437703
"(106.0, 924.9573417629504)",48.062052907343705,41.51997128759446,0.5604351500490858,97.92248404337728,420.4561225765453
"(106.99999999999999, 924.9573417629504)",47.79469624156895,41.93053862355734,0.5659769653665492,99.98214972984965,423.5223996546551
"(108.0, 924.9573417629504)",47.52565485168887,42.34349033966823,0.5715509721711667,102.07060654824323,426.5896613532291
"(109.00000000000001, 924.9573417629504)",47.25497665081523,42.758792956992,0.577156694782387,104.18805932119406,429.6572628654131
"(110.0, 924.9573417629504)",46.9827058715454,43.17641213393967,0.5827937034625117,106.33470924845274,432.7246055024172
"(111.0, 924.9573417629504)",46.708893524808346,43.59631265927808,0.5884614566245748,108.51075384668243,435.79099080273807
"(112.0, 924.9573417629504)",46.43358512297162,44.0184567358948,0.5941595353534561,110.71638689968117,438.8558375039613
"(113.0, 924.9573417629504)",46.156830734585675,44.442807432519544,0.5998873966443843,112.95179841926515,441.91845333802127
"(114.00000000000001, 924.9573417629504)",45.87867665047758,44.86932125259764,0.605644706594731,115.21717461684071,444.9783432478237
"(115.0, 924.9573417629504)",45.59917145851667,45.29796526013731,0.6114307748498861,117.51269788576491,448.0346862914467
"(116.0, 924.9573417629504)",45.31839525108181,45.72870848800907,0.6172443465090801,119.83854679446824,451.0861431707799
"(117.0, 924.9573417629504)",45.03636038112059,46.161491154436206,0.6230859734537495,122.19489609040637,454.13304960515404
"(118.0, 924.9573417629504)",44.753128394025445,46.5962792466024,0.6289547162750269,124.5819167146973,457.1743657403222
"(119.0, 924.9573417629504)",44.46873392206025,47.033027259786515,0.6348503415287117,126.99977582745682,460.2097084902415
"(120.0, 924.9573417629504)",44.183259084324725,47.47170112869988,0.6407715474660589,129.44863684365498,463.23771037788305
"(17.0, 924.9952571971337)",66.55299933649788,14.330365427041427,0.19343071255222993,3.022185064210027,175.90030664286473
"(18.0, 924.9952571971337)",66.35176245044188,14.536500337323204,0.19621169463054203,3.333595229336896,178.16129171052677
"(19.0, 924.9952571971337)",66.14499000898493,14.749310043225133,0.19910131097414335,3.660540592646722,180.50722776016752
"(20.0, 924.9952571971337)",65.94036407361152,14.965837740642016,0.20200436472892916,4.002910871514441,182.85016843586502
"(21.0, 924.9952571971337)",65.73403070687186,15.185403805726466,0.20497209991211543,4.360622509364587,185.23759776707922
"(22.0, 924.9952571971337)",65.5215691392842,15.414070399785452,0.20805906084823755,4.733592463344856,187.72005203816477
"(23.0, 924.9952571971337)",65.31122186658268,15.643978291256582,0.21116270058638456,5.1217640658735295,190.2027324734706
"(24.0, 924.9952571971337)",65.10084011097676,15.877224892639342,0.21431028227179802,5.525083775484028,192.71091089450812
"(25.0, 924.9952571971337)",64.89042457721636,16.113530045885213,0.21750379037835194,5.943511974377716,195.24646254799737
"(26.0, 924.9952571971337)",64.6799396178049,16.352902851426215,0.22073750639450437,6.377018524821577,197.80412797561692
"(27.0, 924.9952571971337)",64.47179596025336,16.594196482996953,0.22398895879173228,6.8255776548963425,200.36314689198025
"(28.0, 924.9952571971337)",64.26392724011558,16.83802948060187,0.2272788359840061,7.2891783698875985,202.9426669766033
"(29.0, 924.9952571971337)",64.059926179769,17.081138413254426,0.23056067318211326,7.767808358766305,205.49972083086683
"(30.0, 924.9952571971337)",63.851519684301834,17.331879647722083,0.23394524397704122,8.261464958725545,208.13677616386389
"(31.0, 924.9952571971337)",63.64735442320848,17.581574799296185,0.2373155183480219,8.770153093139971,210.74557583805964
"(32.0, 924.9952571971337)",63.444577219207865,17.832994507878546,0.24070871461850074,9.293880368111921,213.36053902001962
"(33.0, 924.9952571971337)",63.24350044191187,18.0858893445091,0.24412265859296012,9.832666493194761,215.97963487964844
"(34.0, 924.9952571971337)",63.04376721653182,18.34041510025729,0.24755700663965374,10.386525789630015,218.602531237969
"(35.0, 924.9952571971337)",62.84583110625174,18.59619117762025,0.2510111294246669,10.9554587669824,221.2286454545304
"(36.0, 924.9952571971337)",62.64913666075789,18.85347541726769,0.25448611837147017,11.539579038297408,223.85887347782085
"(37.0, 924.9952571971337)",62.454399305090945,19.112003346385027,0.2579734155077992,12.138839993715608,226.4853458339441
"(38.0, 924.9952571971337)",62.261010250421464,19.371849924229117,0.26148069596674406,12.753311912275697,229.11509170556826
"(39.0, 924.9952571971337)",62.069000071432995,19.6329799470145,0.2650065277518371,13.383041159253374,231.7467401374765
"(40.0, 924.9952571971337)",61.878427739815805,19.89537633891144,0.2685486896296557,14.028082695676874,234.37818153825975
"(41.0, 924.9952571971337)",61.689452480314394,20.158972605932856,0.27210465343221624,14.688495470483895,237.0070184155859
"(42.0, 924.9952571971337)",61.50163385231269,20.423848223892737,0.2756791904661755,15.364342935628482,239.63760075352914
"(43.0, 924.9952571971337)",61.314902493697595,20.69000039524053,0.27927237565372637,16.055698859454008,242.26992408641914
"(44.0, 924.9952571971337)",61.12925889149171,20.95741143910363,0.28288371030094595,16.762639316266934,244.903451050436
"(45.0, 924.9952571971337)",60.944884015549505,21.226018428763563,0.28651082060439714,17.48524903624948,247.5359011584767
"(46.0, 924.9952571971337)",60.761222826740855,21.4961527142004,0.2901538417615134,18.223617508445724,250.16730997848177
"(47.0, 924.9952571971337)",60.57840494793847,21.767539578713627,0.2938173261144558,18.977842782036706,252.80179035617846
"(47.99999999999999, 924.9952571971337)",60.396309717381975,22.040300868125705,0.29749952382841616,19.748026231770634,255.43762232792
"(49.0, 924.9952571971337)",60.21485099697282,22.31448380703471,0.30120025959768515,20.534279210591333,258.0745323838129
"(50.0, 924.9952571971337)",60.0338558711932,22.590128588928767,0.3049200914121269,21.33671691863006,260.7129214617038
"(51.0, 924.9952571971337)",59.85326365111186,22.867278033865876,0.30866150839697293,22.155460832934743,263.35497051357845
"(52.0, 924.9952571971337)",59.672868558314484,23.146017428310728,0.31242270109793135,22.990643998965798,265.99887275733846
"(53.0, 924.9952571971337)",59.492913184404294,23.425994002784286,0.3162054877221675,23.842393676469882,268.64618276624157
"(54.0, 924.9952571971337)",59.311270915792136,23.709629445661314,0.3200318288080275,24.710865246107318,271.31705855344313
"(55.0, 924.9952571971337)",59.1322441252233,23.991755835162834,0.3238404977996097,25.596193992683954,273.95473056031386
"(56.0, 924.9952571971337)",58.951824958844874,24.277086858212154,0.3276912751474416,26.498538399290133,276.6143369369743
"(57.0, 924.9952571971337)",58.77108262457422,24.56418786176955,0.33156655511908817,27.418058645189273,279.2794322851593
"(58.0, 924.9952571971337)",58.589897684248825,24.853142709592912,0.33546621338955734,28.35491999664961,281.9497363385725
"(59.0, 924.9952571971337)",58.408207451753796,25.14392646864144,0.339392089178304,29.309294234601936,284.6267785855559
"(59.99999999999999, 924.9952571971337)",58.225898700852454,25.43665547643684,0.34334313579319925,30.281358208488374,287.3094139914124
"(61.0, 924.9952571971337)",58.04284994186016,25.731351433209714,0.3473209360483511,31.27129248104931,289.9989260889445
"(61.99999999999999, 924.9952571971337)",57.859023477999514,26.028024569129382,0.35132613789269446,32.27929057276115,292.69572070736746
"(63.0, 924.9952571971337)",57.67420774698105,26.326834621602373,0.3553581264620442,33.30554012366008,295.39904146019006
"(64.0, 924.9952571971337)",57.488383399690406,26.627715800828117,0.3594191972825373,34.3502384631044,298.1108143688435
"(65.0, 924.9952571971337)",57.30142666359087,26.93073684771597,0.3635099024918381,35.413589501888126,300.83134624725466
"(66.0, 924.9952571971337)",57.11327248783469,27.23595844431169,0.36762991253483546,36.495798707297205,303.56012679122273
"(67.0, 924.9952571971337)",56.92388763806587,27.54340636215941,0.3717794561242032,37.597077641848344,306.2971559963695
"(68.0, 924.9952571971337)",56.733102810998545,27.853126441668127,0.37596025201542715,38.71764691212354,309.0438030967857
"(69.0, 924.9952571971337)",56.54086201993935,28.165164974639552,0.38017232041713567,39.857709484859804,311.7998838186197
"(70.0, 924.9952571971337)",56.34712334975368,28.479537632154184,0.3844162678566757,41.017510289216126,314.56571426763185
"(71.0, 924.9952571971337)",56.15178222762545,28.796299708104232,0.3886925717501028,42.19725695550986,317.3415284210919
"(72.0, 924.9952571971337)",55.95486980391606,29.115491807613083,0.39299998339139736,43.39718553318357,320.1259351824113
"(73.0, 924.9952571971337)",55.75620683794936,29.43712426077206,0.3973413796406147,44.61752741971566,322.92136423601875
"(74.0, 924.9952571971337)",55.55577545496649,29.76123908704927,0.4017162374157596,45.85851778154523,325.72709656711015
"(74.99999999999999, 924.9952571971337)",55.35353017007796,30.087859140982513,0.40612496825359723,47.1203941903702,328.5432752735437
"(76.0, 924.9952571971337)",55.149413763602766,30.417015926818117,0.4105679262831473,48.4033965843922,331.36998798478146
"(77.0, 924.9952571971337)",54.9433819624909,30.74873371576097,0.4150454424794757,49.70776704982684,334.207298764974
"(78.0, 924.9952571971337)",54.7353928138343,31.08303534374821,0.4195578352555242,51.03374960186728,337.05525812938896
"(78.99999999999999, 924.9952571971337)",54.52540789641708,31.419942135407876,0.42410539244813894,52.38158996531252,339.9138866009451
"(80.0, 924.9952571971337)",54.31338907069112,31.759507766595988,0.42868753163760265,53.75153535518516,342.78239822914344
"(81.0, 924.9952571971337)",54.099316108421405,32.101646943483324,0.43330702233543306,55.14383425669323,345.6631063137948
"(82.00000000000001, 924.9952571971337)",53.88315135528902,32.44647798184426,0.4379615407617807,56.55873620737636,348.5536118320199
"(83.0, 924.9952571971337)",53.66487442213608,32.793980875502804,0.4426521054565118,57.996491577309705,351.45460655828924
"(84.0, 924.9952571971337)",53.44446740112333,33.14416516768595,0.44737890027674265,59.45735135196275,354.36600957409365
"(85.0, 924.9952571971337)",53.22191253489849,33.497042507447944,0.4521420274222459,60.94156691539178,357.28766402968205
"(86.00000000000001, 924.9952571971337)",52.99719740190124,33.852620581480615,0.4569415872302699,62.44938983487197,360.2194111692581
"(87.0, 924.9952571971337)",52.77031486599991,34.21090268829616,0.46177768951539244,63.98107164720108,363.16110103398745
"(88.0, 924.9952571971337)",52.54125777628911,34.57189472008772,0.46665034851837445,65.53686364692724,366.11249550195856
"(89.0, 924.9952571971337)",52.310086650545934,34.93562372139318,0.4715579699549017,67.11701667704841,369.0718690247441
"(90.00000000000001, 924.9952571971337)",52.07661707600215,35.30201059863198,0.4765054295062267,68.72178092134598,372.0434814005968
"(91.0, 924.9952571971337)",51.841038725953545,35.67113284001082,0.4814877917906994,70.35140570220791,375.02251810251005
"(92.0, 924.9952571971337)",51.60329884050416,36.042957234673565,0.4865066729133298,72.00613927852861,378.0102257610587
"(93.0, 924.9952571971337)",51.36340873916569,36.417477810991215,0.491561970586518,73.68622864986419,381.0062627611419
"(94.0, 924.9952571971337)",51.1213793159101,36.794691352251554,0.496653482452651,75.39191936379558,384.0101963753465
"(95.0, 924.9952571971337)",50.87723085274437,37.17457870658442,0.5017812554554254,77.12345532804788,387.02182611864396
"(96.0, 924.9952571971337)",50.63098187946747,37.55713420552454,0.5069449697108853,78.88107862764974,390.0406140148638
"(97.0, 924.9952571971337)",50.38265560723888,37.94234032033976,0.5121445164210795,80.66502934754362,393.06621934147444
"(98.0, 924.9952571971337)",50.13227527514845,38.33018433428029,0.5173796226270059,82.4755454010922,396.098151699331
"(99.0, 924.9952571971337)",49.87986948419681,38.72064697535903,0.5226500744681705,84.31286236490712,399.1359776918793
"(100.0, 924.9952571971337)",49.62546824877605,39.113708668737665,0.5279556092730088,86.17721332041612,402.17922126774005
"(101.0, 924.9952571971337)",49.369102408736794,39.50935011860944,0.5332959082887613,88.06882870260343,405.2273571471384
"(102.0, 924.9952571971337)",49.11080997562612,39.9075448162901,0.53867070283917,89.98793615632529,408.2799091609535
"(102.99999999999999, 924.9952571971337)",48.850624372290376,40.3082696739556,0.5440796653875304,91.93476040059734,411.33634962027173
"(104.0, 924.9952571971337)",48.5885851940015,40.71149835359888,0.5495224269224929,93.90952310122769,414.3961155255367
"(105.0, 924.9952571971337)",48.324731978512006,41.11720337090548,0.5549986145444534,95.91244275217812,417.4586434524214
"(106.0, 924.9952571971337)",48.05910790416611,41.52535660258784,0.5605077819500669,97.94373456594987,420.52330535994724
"(106.99999999999999, 924.9952571971337)",47.791753276194925,41.93592393379739,0.5660496544487438,100.00361037335828,423.58963532980613
"(108.0, 924.9952571971337)",47.52271473518101,42.34887660935721,0.5716236806787915,102.09227853294834,426.6569149965027
"(109.00000000000001, 924.9952571971337)",47.25203807106369,42.764179956287165,0.5772294494296146,104.20994385032091,429.7245591865853
"(110.0, 924.9952571971337)",46.97977090265259,43.181801431013206,0.5828664298941792,106.35680750758146,432.79187572395995
"(111.0, 924.9952571971337)",46.7059570449145,43.60169947159121,0.5885343641487677,108.53306700314806,435.8584285319929
"(112.0, 924.9952571971337)",46.430652670990426,44.023848274662775,0.5942323407428649,110.73891610204831,438.9231807582528
"(113.0, 924.9952571971337)",46.153901999737116,44.44820138362161,0.5999601675029854,112.97454479680023,441.9857646506591
"(114.00000000000001, 924.9952571971337)",45.875794688302776,44.87473212118519,0.6057163841538173,115.24013927909446,445.04464326978365
"(115.0, 924.9952571971337)",45.596243855889874,45.303362418041324,0.611503613869013,117.53588192195872,448.10206066578564
"(116.0, 924.9952571971337)",45.31546783865037,45.73410714440807,0.6173172259997126,119.86195127339008,451.1535549624352
"(117.0, 924.9952571971337)",45.0334193471347,46.16688802372559,0.6231591939108175,122.21852205986642,454.20077678642883
"(118.0, 924.9952571971337)",44.75020268980098,46.601681486444704,0.6290276344593545,124.60576520128171,457.24181331955356
"(119.0, 924.9952571971337)",44.46580727117436,47.03843222856561,0.6349232768478357,127.02384783623927,460.27717193207144
"(120.0, 924.9952571971337)",44.1803358827171,47.477106192840466,0.6408445041848826,129.4729333579829,463.3051936138821

#m0=700.0, a6=2.94182184e9, a8=-1.19166148e8, gv=5.91156108, d=0.0,  ga=8.38832349, h=0.0, flag=4