T_mu,sigma,ω₀,n_B,P,e
"(17, 875.0023714014332)",92.56120955275681,0.14544212855964606,0.0017827701168378859,0.028680734982576166,1.531247344914184
"(18, 875.0023714014332)",92.39955447939491,0.20181536344029155,0.002473770169779845,0.041487251309996045,2.1230675135494943
"(19, 875.0023714014332)",92.19840624744207,0.27388645944943224,0.003357188183014925,0.05838091508748768,2.87916670629144
"(20, 875.0023714014332)",91.95221550576787,0.3648801872106957,0.004472552075712449,0.08024755310940312,3.833246119355392
"(21, 875.0023714014332)",91.655110516047,0.4785818315080936,0.005866260320332745,0.10810099924396735,5.024890692305315
"(22, 875.0023714014332)",91.30091508032656,0.6193953236586625,0.00759229450547372,0.14309582440192664,6.50017987226565
"(23, 875.0023714014332)",90.8831886430562,0.7923745619725234,0.009712603249256093,0.1865383559404759,8.312012519639872
"(24, 875.0023714014332)",90.39529853140581,1.0032119620001123,0.012296961852938458,0.23989416244138198,10.51997661991273
"(25, 875.0023714014332)",89.830541282635,1.2581649608021446,0.015422071420322345,0.3047898630970531,13.189559201607267
"(26, 875.0023714014332)",89.18234603244606,1.5638957973584164,0.01916959495154524,0.3830068482344735,16.390434193172553
"(27, 875.0023714014332)",88.44462831605148,1.9271869155953418,0.023622668869806653,0.47646413214449873,20.193427147767135
"(28, 875.0023714014332)",87.61243238791411,2.354463142983231,0.028860046082076908,0.5871867192945568,24.665422041277377
"(29, 875.0023714014332)",86.68311107993395,2.850991486968034,0.03494628741108815,0.7172539252934619,29.86083043108472
"(30, 875.0023714014332)",85.65839215794578,3.419556314182169,0.04191552248403885,0.8687187222428864,35.80746284982119
"(31, 875.0023714014332)",84.54753764331019,4.05844083996655,0.04974670765685138,1.0434862312395605,42.485000937919224
"(32, 875.0023714014332)",83.37091302434905,4.758992837705522,0.058333787474979484,1.2431445959854026,49.79905777744886
"(33, 875.0023714014332)",82.16140674156728,5.504162244566643,0.06746776924277921,1.468768291596506,57.56568978899998
"(34, 875.0023714014332)",80.96009794207875,6.270281504196078,0.07685854573599563,1.720763293289476,65.53064648817221
"(35, 875.0023714014332)",79.80606890603606,7.032704203480694,0.08620401130463384,1.9988487719806927,73.42986554388987
"(36, 875.0023714014332)",78.72656601979507,7.772084578328568,0.09526703348609565,2.302207811068658,81.05667240564478
"(37, 875.0023714014332)",77.73384192061224,8.47726297930643,0.10391082186263408,2.6297297865778426,88.29248575749887
"(38, 875.0023714014332)",76.8283273636279,9.144283675662592,0.11208688870483836,2.9802305957765545,95.09606282396553
"(39, 875.0023714014332)",76.00375442066388,9.773800824085033,0.11980325239780058,3.3525922039584515,101.47553774572148
"(40, 875.0023714014332)",75.25119558094282,10.36875670532863,0.1270959782154304,3.7458259089245254,107.46345642516195
"(41, 875.0023714014332)",74.56138806470227,10.932903604789486,0.13401106013719313,4.159087455960141,113.10090795810393
"(42, 875.0023714014332)",73.92579730075578,11.470032317282024,0.14059496417524897,4.591668726584469,118.42925833385793
"(43, 875.0023714014332)",73.33697552522102,11.983633376403546,0.14689047586258402,5.042980839126614,123.4865338769194
"(44, 875.0023714014332)",72.7885870529354,12.47678469522042,0.15293532299850437,5.512535905675801,128.30623438905965
"(45, 875.0023714014332)",72.27530015269836,12.952145056228268,0.158762095851231,5.9999304046722095,132.91727995381655
"(46, 875.0023714014332)",71.7926406873822,13.411990989419946,0.16439869919417113,6.504831062504628,137.344420587706
"(47, 875.0023714014332)",71.33684814177394,13.858267150982813,0.1698689698273804,7.0269632560936195,141.60878817038272
"(48, 875.0023714014332)",70.90474889067357,14.292636902111377,0.17519329655196345,7.56610162956102,145.72844830704153
"(49, 875.0023714014332)",70.49365005241017,14.716527884526327,0.18038917881613617,8.122062545505022,149.7188966937713
"(50, 875.0023714014332)",70.1012527084839,15.131171086588234,0.18547170557166742,8.694698009513141,153.59348419356425
"(51, 875.0023714014332)",69.72558177357251,15.537633496944862,0.19045395552893798,9.283890773465624,157.3637719571382
"(52, 875.0023714014332)",69.36492954161075,15.936845063309402,0.19534732760660903,9.889550359362406,161.03982454335315
"(53, 875.0023714014332)",69.01781026566223,16.329620820498526,0.20016181216806062,10.51160981621662,164.63045049484467
"(54, 875.0023714014332)",68.6829235296819,16.716679025673457,0.20490621331576375,11.15002305324436,168.14339951293684
"(55, 875.0023714014332)",68.35912460371438,17.098656033648265,0.2095883312267193,11.804762629838635,171.5855242116098
"(56, 875.0023714014332)",68.04540034340144,17.47611852700279,0.21421511206418237,12.475817908477149,174.96291313770615
"(57, 875.0023714014332)",67.74084949956718,17.84957360437294,0.21879277163579652,13.163193497323322,178.28100052949085
"(58, 875.0023714014332)",67.44466654692071,18.21947713404757,0.2233268977885667,13.866907925001712,181.54465723771963
"(59, 875.0023714014332)",67.15612833242221,18.586240699989716,0.22782253555034723,14.586992502302605,184.75826636293854
"(60, 875.0023714014332)",66.874582992943,18.950237402629337,0.23228425823358895,15.323490335135896,187.92578645847732
"(61, 875.0023714014332)",66.59944070816687,19.311806724647642,0.23671622707812598,16.076455460393326,191.05080458216705
"(62, 875.0023714014332)",66.33016594480755,19.671258630614386,0.2411222415028598,16.845952082221217,194.13658103041018
"(63, 875.0023714014332)",66.06627091870632,20.028877036320587,0.24550578163141917,17.63205389067677,197.18608722957742
"(64, 875.0023714014332)",65.80731005630183,20.384922757489097,0.24987004443624386,18.434843448384065,200.2020379755108
"(65, 875.0023714014332)",65.5528752800042,20.739636026749846,0.2542179745906379,19.254411633555318,203.18691898612212
"(66, 875.0023714014332)",65.30259197612257,21.0932386510669,0.25855229091363785,20.090857130038014,206.14301055066832
"(67, 875.0023714014332)",65.056115530629,21.445935868631068,0.2628755091310303,20.94428595676719,209.07240791624344
"(68, 875.0023714014332)",64.81312833948866,21.797917953511533,0.26718996154451913,21.814811030503126,211.97703893560885
"(69, 875.0023714014332)",64.57333721728529,22.149361607793345,0.271497814095982,22.702551756796012,214.85867940749367
"(70, 875.0023714014332)",64.33647114146615,22.50043117401947,0.2758010812290845,23.60763364510045,217.71896646542774
"(71, 875.0023714014332)",64.1022792805022,22.851279695141187,0.28010163888171963,24.530187944651384,220.55941031028115
"(72, 875.0023714014332)",63.87052926319242,23.202049844582422,0.28440123588635174,25.470351298359905,223.38140453169626
"(73, 875.0023714014332)",63.641005653478175,23.55287474532437,0.28870150401003375,26.428265412448965,226.1862352234909
"(74, 875.0023714014332)",63.41350860104542,23.903878693841182,0.29300396682809676,27.404076739925625,228.9750890646859
"(75, 875.0023714014332)",63.18785264278848,24.255177802206266,0.29731004759484225,28.39793617638519,231.74906051057474
"(76, 875.0023714014332)",62.96386563417552,24.6068805696081,0.3016210762489362,29.409998766804765,234.50915821566687
"(77, 875.0023714014332)",62.741387792777665,24.959088392812177,0.3059382956704551,30.44042342231042,237.2563107918506
"(78, 875.0023714014332)",62.52027083900364,25.31189602364044,0.31026286728847224,31.489372646006373,239.99137198921494
"(79, 875.0023714014332)",62.30037722120864,25.665391980404515,0.3145958761242414,32.557012267140905,242.71512537468183
"(80, 875.0023714014332)",62.081579414354536,26.01965891916851,0.3189383353419847,33.64351118302519,245.4282885720369
"(81, 875.0023714014332)",61.86375928285117,26.37477396993679,0.3232911903697455,34.749041108160405,248.13151711855912
"(82, 875.0023714014332)",61.64680749958155,26.730809042132314,0.32765532264381253,35.873776330268825,250.82540798536886
"(83, 875.0023714014332)",61.43062301424136,27.087831103128288,0.3320315530228579,37.01789347278463,253.51050280231675
"(84, 875.0023714014332)",61.21511256500904,27.445902433120132,0.3364206449120358,38.181571263621315,256.18729082280953
"(85, 875.0023714014332)",61.00019022840815,27.805080859172225,0.34082330713184766,39.36499031000679,258.8562116592389
"(86, 875.0023714014332)",60.78577700287778,28.1654199709233,0.345240196562163,40.568332879194735,261.51765781579485
"(87, 875.0023714014332)",60.57180042132223,28.526969320516915,0.3496719205928884,41.791782685004,264.171977046267
"(88, 875.0023714014332)",60.35819419515242,28.889774605821252,0.35411903936979805,43.035524680059865,266.8194745269109
"(89, 875.0023714014332)",60.14489786913839,29.25387784710263,0.35858206796012954,44.29974485374018,269.460414953403
"(90, 875.0023714014332)",59.931856513997474,29.619317544458937,0.36306147828233193,45.584630035786326,272.095024425764
"(91, 875.0023714014332)",59.71902042494413,29.986128831456455,0.3675577009892895,46.89036770563809,274.72349228684914
"(92, 875.0023714014332)",59.50634484191374,30.354343617617022,0.3720711272148659,48.21714580748529,277.34597283552665
"(93, 875.0023714014332)",59.293789683776424,30.723990723576136,0.37660211023062495,49.56515257114262,279.96258695543816
"(94, 875.0023714014332)",59.081319296170676,31.095096009478112,0.38115096701963525,50.93457633878393,282.57342366534635
"(95, 875.0023714014332)",58.86890221064028,31.467682497153344,0.3857179797740773,52.32560539766576,285.1785415968219
"(96, 875.0023714014332)",58.656510915544395,31.841770487156133,0.39030339732983826,53.73842781891578,287.77797041072847
"(97, 875.0023714014332)",58.444121636074854,32.2173776708803,0.3949074365407924,55.17323130251988,290.3717121547345
"(98, 875.0023714014332)",58.23171412344257,32.59451923853307,0.39953028360228143,56.630203028618006,292.9597425700654
"(99, 875.0023714014332)",58.019271452154996,32.97320798334109,0.40417209532844706,58.10952951524995,295.54201235142733
"(100, 875.0023714014332)",57.80677982472671,33.35345440242084,0.40883300038864717,59.611396482680334,298.11844836454895
"(101, 875.0023714014332)",57.59422838322807,33.73526679467013,0.4135131005073786,61.13598872442812,300.6889548250873
"(102, 875.0023714014332)",57.381609027185526,34.11865135597615,0.4182124716312892,62.68348998516653,303.2534144418661
"(103, 875.0023714014332)",57.16891623736007,34.503612272018835,0.4229311650667345,64.25408284560628,305.8116895273574
"(104, 875.0023714014332)",56.95614690505373,34.890151808880304,0.42766920859041835,65.84794861449954,308.3636230774907
"(105, 875.0023714014332)",56.743300166583715,35.27827040166523,0.4324266075356793,67.46526722791815,310.9090398228781
"(106, 875.0023714014332)",56.530377242698684,35.66796674126483,0.4372033458559961,69.10621715590318,313.44774725273436
"(107, 875.0023714014332)",56.317381282665714,36.05923785940863,0.4419993871675204,70.77097531664481,315.9795366129157
"(108, 875.0023714014332)",56.10431721284824,36.45207921209584,0.44681467577175876,72.45971699826308,318.5041838789883
"(109, 875.0023714014332)",55.891191589610436,36.846484761484234,0.4516491376593001,74.17261578834479,321.0214507049551
"(110, 875.0023714014332)",55.67801245641725,37.24244705628576,0.45650268149530926,75.90984351129553,323.5310853482132
"(111, 875.0023714014332)",55.464789205015705,37.63995731070824,0.46137519958713974,77.67157017362459,326.0328235709322
"(112, 875.0023714014332)",55.251532440607754,38.039005481958554,0.4662665688343384,79.4579639172229,328.5263895180328
"(113, 875.0023714014332)",55.038253850935035,38.4395803463131,0.4711766516610957,81.26919098072202,331.0114965717237
"(114, 875.0023714014332)",54.82496607922427,38.84166957374184,0.47610529693094583,83.10541566896757,333.4878481823935
"(115, 875.0023714014332)",54.611682600931566,39.24525980106934,0.4810523408435507,84.96680033069457,335.95513867562283
"(116, 875.0023714014332)",54.39841760424826,39.65033670364117,0.48601760781315445,86.85350534437902,338.41305403498285
"(117, 875.0023714014332)",54.18518587432648,40.05688506546004,0.49100091132829105,88.76568911236883,340.86127266015063
"(118, 875.0023714014332)",53.97200268119747,40.46488884774555,0.49600205479214776,90.70350806322836,343.2994660998845
"(119, 875.0023714014332)",53.758883671338616,40.87433125587495,0.5010208323431092,92.66711666237389,345.72729975936653
"(120, 875.0023714014332)",53.54584476286007,41.28519480465325,0.5060570296548089,94.65666743091836,348.1444335814048
"(17, 875.0213291185248)",92.56068138746362,0.1456231632778904,0.0017849891663594564,0.028714553262031702,1.5331890395479875
"(18, 875.0213291185248)",92.3988585098535,0.20205987031582692,0.00247676723504131,0.04153417675327704,2.1256899811697836
"(19, 875.0213291185248)",92.19750670174189,0.27421169900061415,0.0033611748363897294,0.058444597490043125,2.8826550752474382
"(20, 875.0213291185248)",91.95107140210095,0.365307580002586,0.004477790881724535,0.08033239213876397,3.83783013670265
"(21, 875.0213291185248)",91.65367499794982,0.47913786544184034,0.005873075956839382,0.10821227473335253,5.030854455034296
"(22, 875.0213291185248)",91.29913473433471,0.6201125258427255,0.007601085676464788,0.1432398402810824,6.507872251082918
"(23, 875.0213291185248)",90.88100285804862,0.7932924637130542,0.009723854513311585,0.18672259135886188,8.321857509034208
"(24, 875.0213291185248)",90.3926390047512,1.0043779431691784,0.01231125397314866,0.24012742020834604,10.532482394491913
"(25, 875.0213291185248)",89.82733186937931,1.2596347988086005,0.01544008809334886,0.30508240109774437,13.205324004051484
"(26, 875.0213291185248)",89.17850333304688,1.5657336406145372,0.019192122482384628,0.3833704734754908,16.410146049666228
"(27, 875.0213291185248)",88.44006382756758,1.9294641866518638,0.023650582726869714,0.4769122285375036,20.217852103555657
"(28, 875.0213291185248)",87.60705790085007,2.357255425120059,0.02889427273429019,0.5877341642282302,24.695370767643524
"(29, 875.0213291185248)",86.67685039753411,2.854371628752558,0.03498771980639044,0.7179168197555467,29.897084268058755
"(30, 875.0213291185248)",85.65120352112002,3.423581015849856,0.041964855630723746,0.8695138123661558,35.85062993789674
"(31, 875.0213291185248)",84.53944947250879,4.063128437555159,0.04980416631056799,1.0444298597634019,42.53527794094986
"(32, 875.0213291185248)",83.36206449068455,4.764295762491509,0.05839878855777355,1.2442510874313755,49.85593449530334
"(33, 875.0213291185248)",82.15206332385497,5.509950691879096,0.06753872166209338,1.4700479989181694,57.62777399681288
"(34, 875.0213291185248)",80.95060651884913,6.276361656186926,0.07693307375193337,1.7222210622170087,65.59585938537323
"(35, 875.0213291185248)",79.79676251280658,7.038871124738333,0.08627960290274835,2.0004837197178986,73.49600908806349
"(36, 875.0213291185248)",78.7176832017737,7.778174517575459,0.09534168147021369,2.304014564093395,81.12199027636801
"(37, 875.0213291185248)",77.72550637034378,8.483173991220687,0.10398327662870135,2.6317003853325813,88.35588453641293
"(38, 875.0213291185248)",76.82057339826227,9.149967447492479,0.11215655805490714,2.982356167691795,95.15702433087203
"(39, 875.0213291185248)",75.99656337304943,9.779244464175907,0.11986997831123966,3.3548640326221246,101.53392371068755
"(40, 875.0213291185248)",75.24452389269953,10.373966831764257,0.1271598418140063,3.748235963894532,107.51933783069862
"(41, 875.0213291185248)",74.555184062324,10.93789592205742,0.13407225392008978,4.1616285797905626,113.15445324328276
"(42, 875.0213291185248)",73.92000972123651,11.474825734726393,0.14065371992547082,4.59433464309268,118.48067031155755
"(43, 875.0213291185248)",73.33155722601215,11.988247011167605,0.14694702791025238,5.04576608327405,123.53601758877195
"(44, 875.0213291185248)",72.78349623115191,12.481236497081143,0.15298989136464433,5.5154357275218375,128.35398235606797
"(45, 875.0213291185248)",72.27050039084641,12.956451281565982,0.15881487979990114,6.002940671913814,132.96346653439443
"(46, 875.0213291185248)",71.78810050724256,13.416166094812851,0.164449875928194,6.507948171644305,137.38920083642049
"(47, 875.0213291185248)",71.33254039796414,13.862323879730502,0.16991869554890984,7.030184055318979,141.65229876597408
"(48, 875.0213291185248)",70.900650155154,14.296586448214004,0.17524170847248327,7.56942335340993,145.77080931118343
"(49, 875.0213291185248)",70.48974005224244,14.720380077408041,0.18043639742068723,8.125482760109763,149.76021353229837
"(50, 875.0213291185248)",70.09751383678254,15.134934570253206,0.1855178368149296,8.69821456691338,153.6338495780799
"(51, 875.0213291185248)",69.72199867463974,15.541315892594328,0.19049909282847588,9.28750177352904,157.40326762911715
"(52, 875.0213291185248)",69.36148876350087,15.940453112002965,0.19539155359157429,9.893254117951745,161.07852280428105
"(53, 875.0213291185248)",69.01449997092786,16.333160506050795,0.20020520018560453,10.515404838495602,164.66841552435238
"(54, 875.0213291185248)",68.67973325503469,16.72015567948388,0.2049488287160004,11.153908011215671,168.1806884931439
"(55, 875.0213291185248)",68.35604506023549,17.102074423682456,0.20963023245342136,11.80873634330653,171.62218828151154
"(56, 875.0213291185248)",68.04242325010719,17.479482933193918,0.21425635157901748,12.47987932887479,174.99899820188304
"(57, 875.0213291185248)",67.73796744438862,17.852887882502948,0.21883339670136392,13.167341693873094,178.31654794327576
"(58, 875.0213291185248)",67.44187287012168,18.22274476996792,0.22336695113300697,13.871142072812477,181.57970438874386
"(59, 875.0213291185248)",67.15341702846851,18.58946485573481,0.22786205593258602,14.591311872088957,184.7928471657221
"(60, 875.0213291185248)",66.87194862761042,18.95342095571877,0.23232328092508306,15.32789428428128,187.9599317759613
"(61, 875.0213291185248)",66.5968783481466,19.314952301728173,0.2367547842752387,16.08094342513846,191.08454258655053
"(62, 875.0213291185248)",66.32767109774795,19.67436863631344,0.24116036268052937,16.85052357080824,194.16993751261407
"(63, 875.0213291185248)",66.06383948191386,20.031953678085706,0.24554349384763458,17.636708477299663,197.21908586566386
"(64, 875.0213291185248)",65.80493827263722,20.387968067062932,0.2499073725952743,18.43958076782588,200.23470055700946
"(65, 875.0213291185248)",65.5505596999025,20.742651878754476,0.25425494167083695,19.259231376405012,203.21926561936374
"(66, 875.0213291185248)",65.30032942466289,21.096226779191404,0.25858891816585466,20.095759038407895,206.1750598303997
"(67, 875.0213291185248)",65.05390307893866,21.448897879745488,0.26291181625162047,20.949269820449988,209.10417707700833
"(68, 875.0213291185248)",64.81096327981516,21.800855340016962,0.2672259668267244,21.819876683492364,212.00854398421083
"(69, 875.0213291185248)",64.57121704118092,22.152275758467166,0.27153353456287055,22.707699074137544,214.88993523931632
"(70, 875.0213291185248)",64.3343935206234,22.50332338357299,0.27583653275069486,23.61286254001346,217.74998696694507
"(71, 875.0213291185248)",64.10024204989483,22.85415117265197,0.28013683627842995,24.535498365910918,220.5902084494994
"(72, 875.0213291185248)",63.86853040617217,23.204901720968717,0.2844361930204974,25.475743227885793,223.41199243832313
"(73, 875.0213291185248)",63.639043288576765,23.55570807998137,0.2887362338672446,26.433738863086674,226.2166242601069
"(74, 875.0213291185248)",63.41158097023844,23.906694480555604,0.2930384815898077,27.409631753397985,229.0052898901899
"(75, 875.0213291185248)",63.18595810104698,24.257976974434328,0.2973443587029743,28.403572821386028,231.77908313678597
"(76, 875.0213291185248)",62.962002640125604,24.6096640052032,0.30165519446385936,29.41571713723898,234.53901205803427
"(77, 875.0213291185248)",62.73955490034546,24.96185691826261,0.3059722311229244,30.446223635637566,237.2860047149042
"(78, 875.0213291185248)",62.518466689892215,25.314650417891936,0.31029662952648435,31.495254841696983,240.02091434756585
"(79, 875.0213291185248)",62.29860053815513,25.66813297829312,0.3146294741551161,32.562976605230595,242.74452404984163
"(80, 875.0213291185248)",62.07982899503172,26.022387214530365,0.31897177767048446,33.64955784275141,245.45755100577446
"(81, 875.0213291185248)",61.862033994341715,26.377490218430776,0.3233244850326669,34.75517028668229,248.1606503431645
"(82, 875.0213291185248)",61.64510627339643,26.73351386378919,0.3276884772412411,35.8799882414474,250.85441865100893
"(83, 875.0213291185248)",61.42894484178008,27.09052508467747,0.33206457474667783,37.02418834604006,253.53939720197573
"(84, 875.0213291185248)",61.21345649342876,27.448586130110087,0.33645354057193694,38.18794934284611,256.2160749150437
"(85, 875.0213291185248)",60.99855535686255,27.807754797904856,0.3408560831790212,39.3714518525209,258.8848910889207
"(86, 875.0213291185248)",60.78416247907453,28.168084650226977,0.3452728591110453,40.57487815477347,261.5462379331266
"(87, 875.0213291185248)",60.5702054383748,28.52962521337104,0.3497044754410663,41.798411974931966,264.20046292420636
"(88, 875.0213291185248)",60.356617988700414,28.8924221608452,0.3541514920162657,43.04223827623901,266.84787097714246
"(89, 875.0213291185248)",60.143339714682035,29.256517489936048,0.3586144236222012,44.30654305783265,269.4887265411395
"(90, 875.0213291185248)",59.93031572445697,29.62194967902862,0.3630937419111766,45.59151315840092,272.1232554833354
"(91, 875.0213291185248)",59.7174963484097,29.98875384114686,0.367589877284278,46.89733606554301,274.75164692626134
"(92, 875.0213291185248)",59.50483685956286,30.35696186635641,0.3721032206368844,48.224199730861756,277.37405496010854
"(93, 875.0213291185248)",59.29229720794136,30.72660255684676,0.3766341250144508,49.57229239086858,279.99060027066884
"(94, 875.0213291185248)",59.0798417685586,31.09770175524973,0.3811829071853885,50.94180239374185,282.6013716888801
"(95, 875.0213291185248)",58.86743910066199,31.47028246676184,0.385749849137986,52.33291803208774,285.2064276679032
"(96, 875.0213291185248)",58.65506171878422,31.84436497611191,0.3903351995141489,53.74582738175115,287.805797698864
"(97, 875.0213291185248)",58.44268587284175,32.21996695963538,0.39493917498316894,55.18071814682317,290.399483667923
"(98, 875.0213291185248)",58.230291337428724,32.597103593194944,0.3995619615645625,56.63777751097475,292.98746116245366
"(99, 875.0213291185248)",58.01786120918248,32.97578765634277,0.4042037159048517,58.1171919952168,295.56968073049313
"(100, 875.0213291185248)",57.805381711565374,33.35602963315547,0.40886456651355985,59.61914732224968,298.14606909791496
"(101, 875.0213291185248)",57.59284200650001,33.737837810083114,0.41354461496260203,61.14382828752195,300.71653034686267
"(102, 875.0213291185248)",57.38023401232822,34.12121837112836,0.4182439370529536,62.691418637144416,303.2809470586957
"(103, 875.0213291185248)",57.1675522276499,34.50617549062042,0.42296258395183295,64.26210095279706,305.83918142414143
"(104, 875.0213291185248)",56.9547935606869,34.89271142379628,0.42770058330301464,65.85605654376093,308.39107632281133
"(105, 875.0213291185248)",56.7419571638196,35.28082659539144,0.43245794031273016,67.47346534620405,310.93645637410077
"(106, 875.0213291185248)",56.52904427303944,35.670519686385944,0.437234638812974,69.11450582986724,313.4751289609194
"(107, 875.0213291185248)",56.3160580520856,36.06178771903259,0.44203064230373984,70.77935491224339,316.0068852274902
"(108, 875.0213291185248)",56.10300344106065,36.45462614027067,0.4468458949754709,72.46818788040059,318.5315010521927
"(109, 875.0213291185248)",55.88988700938122,36.84902890359216,0.45168032271254355,74.18117832052022,321.04873799609385
"(110, 875.0213291185248)",55.67671681290872,37.2449885494236,0.45653383407856307,75.9184980552739,323.5583442277265
"(111, 875.0213291185248)",55.46350225516219,37.64249628405284,0.46140632128379644,77.68031708912945,326.0600554243072
"(112, 875.0213291185248)",55.250253952531075,38.04154205711312,0.4662976611349633,79.46680356164337,328.5535956495317
"(113, 875.0213291185248)",55.03698360337765,38.44211463764597,0.47120771596756794,81.27812370883767,331.038678208008
"(114, 875.0213291185248)",54.82370386101895,38.84420168870769,0.4761363345604017,83.1144418326945,333.51500647597084
"(115, 875.0213291185248)",54.61042821049133,39.24778984052131,0.4810833530322062,84.97592027883799,335.98227470819955
"(116, 875.0213291185248)",54.39717084908825,39.652864762127905,0.4860485957199499,86.86271942241932,338.4401688206438
"(117, 875.0213291185248)",54.18394657060007,40.059411231516265,0.4910318760384462,88.77499766224646,340.88836714847747
"(118, 875.0213291185248)",53.97077065326093,40.46741320416913,0.4960329973205661,90.71291142315961,343.32654117892776
"(119, 875.0213291185248)",53.75765875132917,40.876853879997746,0.5010517536376949,92.67661516666821,345.7543562585553
"(120, 875.0213291185248)",53.54462679030633,41.287715768596726,0.506087930599594,94.6662614098237,348.17147227427677
"(17, 875.0591726395937)",92.5596250120097,0.14598529008893843,0.0017894279686764907,0.028782187495277514,1.5370731702729212
"(18, 875.0591726395937)",92.39746656352085,0.20254895765213446,0.0024827622675420422,0.04162801972932514,2.130935875966816
"(19, 875.0591726395937)",92.19570764238271,0.27486228138290725,0.003369149409102454,0.058571947005738784,2.8896331474226304
"(20, 875.0591726395937)",91.94878325920124,0.3661625199378316,0.004488270385726129,0.0805020457084303,3.8470001246078662
"(21, 875.0591726395937)",91.65080404011727,0.4802501702955119,0.0058867101347389135,0.10843479046992215,5.042784909603823
"(22, 875.0591726395937)",91.29557410114921,0.6215472940007332,0.007618672477634573,0.1435278247498325,6.523261410141121
"(23, 875.0591726395937)",90.87663127551446,0.7951288167412203,0.009746363777546176,0.18709100195845826,8.341554021465605
"(24, 875.0591726395937)",90.3873197955167,1.006710715822949,0.01233984814612198,0.24059386218859533,10.55750344705513
"(25, 875.0591726395937)",89.82091265256564,1.2625756359820288,0.015476135672432001,0.30566739013610184,13.236867087040348
"(26, 875.0591726395937)",89.17081720977151,1.5694109381275885,0.01923719729105189,0.38409762341734155,16.449588321995158
"(27, 875.0591726395937)",88.43093371599693,1.9340208791413398,0.023706436799429565,0.4778083061651637,20.266726665776492
"(28, 875.0591726395937)",87.5963074094,2.3628427142679898,0.0289627594391099,0.58882892044498,24.755299391702113
"(29, 875.0591726395937)",86.66432743405784,2.8611350938477145,0.03507062359484154,0.7192424461255571,29.969628420731095
"(30, 875.0591726395937)",85.63682544039884,3.431633604982886,0.0420635609742969,0.8711037769944678,35.93700108744888
"(31, 875.0591726395937)",84.52327490583357,4.072505798233535,0.04991911016183499,1.046316798694284,42.63585843842578
"(32, 875.0591726395937)",83.34437449521292,4.774901076524818,0.05852878415896074,1.246463561950917,49.969685879790624
"(33, 875.0591726395937)",82.13339156855181,5.521522469183132,0.06768056377469665,1.4726065849906498,57.75189155547666
"(34, 875.0591726395937)",80.9316477961212,6.288511182960194,0.07708199768119366,1.7251352978855843,65.72617381842682
"(35, 875.0591726395937)",79.7781814222056,7.0511889258135945,0.08643058946956791,2.0037517002407483,73.62812841175173
"(36, 875.0591726395937)",78.69995382080117,7.790334582917042,0.09549073457693275,2.3076254492046293,81.25241774443319
"(37, 875.0591726395937)",77.70887310672245,8.494974130869663,0.10412791791351364,2.635638215489763,88.48245148259302
"(38, 875.0591726395937)",76.80510279097355,9.161312367504943,0.11229561944362823,2.9866031981011054,95.27870864329088
"(39, 875.0591726395937)",75.98221692280174,9.790109223847384,0.12000315409104717,3.3594028546865857,101.65045787836682
"(40, 875.0591726395937)",75.2312139778744,10.38436512405865,0.1272872998273892,3.753050551889854,107.63086872259325
"(41, 875.0591726395937)",74.54280721670334,10.947859365202545,0.1341943817304825,4.166704656945238,113.2613199930126
"(42, 875.0591726395937)",73.90846349668472,11.484392214837056,0.14077098192537058,4.599659694021113,118.58327928125686
"(43, 875.0591726395937)",73.32074750219692,11.997454755083725,0.1470598926686265,5.0513292119223125,123.63477879515345
"(44, 875.0591726395937)",72.77333959543958,12.490121360705515,0.15309879838847915,5.521227464506216,128.4492803854323
"(45, 875.0591726395937)",72.26092420087254,12.965045719018246,0.15892022689852295,6.008952779600222,133.05564948591777
"(46, 875.0591726395937)",71.77904198580987,13.424498956735418,0.16455201674097217,6.51417346674658,137.4785781587851
"(47, 875.0591726395937)",71.32394541540847,13.870420591906676,0.17001794173469822,7.036616255033232,141.73914317321842
"(48, 875.0591726395937)",70.89247199768161,14.304469342037216,0.17533833376036426,7.576056945078369,145.85536032727092
"(49, 875.0591726395937)",70.48193829850152,14.728068760287965,0.1805306421502715,8.132312892050209,149.84268146406095
"(50, 875.0591726395937)",70.09005338157925,15.142446284053865,0.18560991232993052,8.705236957360606,153.71441935977592
"(51, 875.0591726395937)",69.71484890124634,15.548665838563714,0.19058918545957523,9.294712634718936,157.48210230759105
"(52, 875.0591726395937)",69.35462285061243,15.947654735693154,0.1954798281488473,9.90065009267684,161.15576659498345
"(53, 875.0591726395937)",69.00789431587604,16.340225742614155,0.20029180296526983,10.522982946920848,164.7441964423607
"(54, 875.0591726395937)",68.67336699458777,16.727095162857864,0.20503389006451017,11.1616656060769,168.25512059685076
"(55, 875.0591726395937)",68.3498996722971,17.108897664106966,0.2097138689434071,11.816671072004475,171.69537357666152
"(56, 875.0591726395937)",68.03648222197299,17.486198467594274,0.2143386678526185,12.487989101225832,175.0710282545592
"(57, 875.0591726395937)",67.73221599556231,17.859503401932763,0.21891448703236857,13.175624654526352,178.38750524683914
"(58, 875.0591726395937)",67.43629771996608,18.229267227723852,0.22344690075208065,13.879596577542964,181.6496635234541
"(59, 875.0591726395937)",67.14800620062019,18.59590055930759,0.22794094215437138,14.59993646728923,184.8618757850045
"(60, 875.0591726395937)",66.86669128467479,18.959775645207028,0.23240117410935973,15.336687689150866,188.02809144745564
"(61, 875.0591726395937)",66.59176465145094,19.321231216888055,0.23683174864879444,16.089904516122367,191.1518895112799
"(62, 875.0591726395937)",66.32269208778749,19.680576574113942,0.24123645704264937,16.859651367927203,194.23652314232046
"(63, 875.0591726395937)",66.05898697608647,20.03809504224473,0.24561877217729,17.646002132094967,197.2849574341173
"(64, 875.0591726395937)",65.80020477738212,20.394046910842075,0.24998188457568668,18.44903955265449,200.2999015390323
"(65, 875.0591726395937)",65.54593833490244,20.74867194206229,0.2543287331442757,19.26885467491996,203.28383612878594
"(66, 875.0591726395937)",65.29581385724997,21.10219152083662,0.25866203152898376,20.105546337023796,206.23903696600524
"(67, 875.0591726395937)",65.04948746709212,21.454810505580472,0.2629842908004656,20.95922070066352,209.1675952244022
"(68, 875.0591726395937)",64.80664222244617,21.80671882757539,0.26729783905867893,21.82999081495579,212.07143508008306
"(69, 875.0591726395937)",64.56698553463441,22.158092878594772,0.27160483844182376,22.71797620837481,214.952329003438
"(70, 875.0591726395937)",64.33024692049436,22.509096719475394,0.2759072999405263,23.623302504697946,217.81191110648325
"(71, 875.0591726395937)",64.0961760374007,22.859883136718967,0.2802070963492261,24.546101059626267,220.65168883947044
"(72, 875.0591726395937)",63.86454095844598,23.21059456967715,0.2845059736312298,25.48650861532551,223.47305328144054
"(73, 875.0591726395937)",63.6351266523354,23.561363927138178,0.2888055609280936,26.444666970628944,226.27728822882244
"(74, 875.0591726395937)",63.40773363840291,23.912315309084246,0.29310737940663617,27.420722665020335,229.06557825311023
"(75, 875.0591726395937)",63.18217679189926,24.263564646905383,0.29741285010641316,28.414826674870568,231.83901587163083
"(76, 875.0591726395937)",62.95828427868761,24.615220273262235,0.3017233009248618,29.42713412064448,234.5986079527523
"(77, 875.0591726395937)",62.735896601707665,24.967383431087665,0.30603997285644,30.457803984007036,237.3452814583931
"(78, 875.0591726395937)",62.5148657442456,25.320148729801318,0.3103640255847125,31.50699883398762,240.0798886112646
"(79, 875.0591726395937)",62.29505439730585,25.673604555611686,0.31469654251166707,32.57488456141742,242.8032115613827
"(80, 875.0591726395937)",62.07633526024392,26.027833441790758,0.3190385352963908,33.661630121112616,245.51596661549496
"(81, 875.0591726395937)",61.858590405355585,26.382912403984605,0.3233909479651674,34.767407281238704,248.2188080842946
"(82, 875.0591726395937)",61.64171069845777,26.738913244909646,0.3277546606463256,35.8923903795454,250.91233179439908
"(83, 875.0591726395937)",61.425595268594414,27.095902832196668,0.3321304929759292,37.03675608605999,253.59707830583704
"(84, 875.0591726395937)",61.210151020930866,27.453943352645336,0.33651920721433004,38.20068317202445,256.2735358702792
"(85, 875.0591726395937)",60.99529218770722,27.81309254572071,0.3409215111082704,39.38435228489571,258.94214316054746
"(86, 875.0591726395937)",60.78093991278087,28.17340391876761,0.3453380605288986,40.58794572921643,261.6032917981635
"(87, 875.0591726395937)",60.56702186504597,28.534926946501603,0.34976946191703595,41.811647253274245,264.2573287064431
"(88, 875.0591726395937)",60.35347188325844,28.897707253832518,0.3542162745241662,43.05564184148693,266.90455827910915
"(89, 875.0591726395937)",60.14022963157825,29.261786792189305,0.358679012573743,44.320115512463836,269.5452444735021
"(90, 875.0591726395937)",59.92724029280065,29.627203996628193,0.36315814718696493,45.605255122732004,272.17961269202135
"(91, 875.0591726395937)",59.7144542674682,29.993993939185675,0.36765410826250466,46.911248176168904,274.8078516175661
"(92, 875.0591726395937)",59.501826894612506,30.362188471103934,0.3721672862198671,48.23828263916311,277.43011492391673
"(93, 875.0591726395937)",59.289318186419216,30.731816357761435,0.3766980336532887,49.586546761574574,280.04652290203404
"(94, 875.0591726395937)",59.07689257649895,31.102903406847872,0.3812466669028729,50.956228903564224,282.6571640080665
"(95, 875.0591726395937)",58.8645186793868,31.475472590358837,0.3858134675499481,52.347517368400645,285.26209633906967
"(96, 875.0591726395937)",58.65216906181951,31.84954416145004,0.3903986838494081,53.76060024133008,287.8613490475193
"(97, 875.0591726395937)",58.439820023045215,32.22513576640603,0.39500253210219366,55.19566523463863,290.45492369725156
"(98, 875.0591726395937)",58.22745138431596,32.60226255246166,0.39962519797691354,56.65289953902661,293.0427955685852
"(99, 875.0591726395937)",58.01504628641791,32.980937271882574,0.40426683778562006,58.132489681429625,295.6249149168799
"(100, 875.0591726395937)",57.80259099461633,33.36117038271906,0.40892757971881916,59.63462138940478,298.20120818885664
"(101, 875.0591726395937)",57.59007471043906,33.74297014658235,0.41360752504395926,61.159479462237975,300.771579200239
"(102, 875.0591726395937)",57.37748938976314,34.12634272376061,0.4183067492713349,62.70724764890327,303.33591027802896
"(103, 875.0591726395937)",57.16482956678825,34.51129226592758,0.42302530329046273,64.2781085330122,305.8940633699533
"(104, 875.0591726395937)",56.95209218350258,34.89782100667401,0.42776321447978566,65.87224342488449,308.4458811234498
"(105, 875.0591726395937)",56.73927642432701,35.28592935004624,0.4325204877919392,67.489832260885,310.9911879360028
"(106, 875.0591726395937)",56.52638355566771,35.675615957244496,0.43729710681646133,69.13105351013384,313.52979097836686
"(107, 875.0591726395937)",56.31341677013904,36.066877831609446,0.4420930348215278,70.79608408874178,316.0614811919114
"(108, 875.0591726395937)",56.10038103526515,36.459710401995245,0.4469082157759052,72.48509928165743,318.5860342610432
"(109, 875.0591726395937)",55.88728294650153,36.85410760460219,0.45174257535201434,74.19827267225489,321.1032115613581
"(110, 875.0591726395937)",55.67413058444385,37.25006196332172,0.4565960219107771,75.93577607974318,323.61276108403126
"(111, 875.0591726395937)",55.46093337610836,37.64756466863136,0.4614684474686695,77.6977795045033,326.1144183367084
"(112, 875.0591726395937)",55.24770196019323,38.046605655056496,0.4663597286472212,79.48445108142974,328.60790722103303
"(113, 875.0591726395937)",55.03444805626219,38.447173677194876,0.47126972760489116,81.29595704132966,331.0929408866931
"(114, 875.0591726395937)",54.82118433776474,38.84925638430566,0.4761982929513502,83.13246168046047,333.5692225619349
"(115, 875.0591726395937)",54.607924308857676,39.2528403934346,0.48114526064382146,84.99412733824099,336.0364463602031
"(116, 875.0591726395937)",54.394682184988966,39.6579113610442,0.48611045486508636,86.88111438317246,338.4942980625266
"(117, 875.0591726395937)",54.18147277719036,40.064454053118446,0.4910936888828129,88.79358120699722,340.9424558753231
"(118, 875.0591726395937)",53.96831138005989,40.47245241369264,0.496094765889549,90.73168422711177,343.3805911630299
"(119, 875.0591726395937)",53.75521366339033,40.88188963176514,0.5011134798229172,92.69557789722776,345.8083691551619
"(120, 875.0591726395937)",53.542195567420656,41.29274820653694,0.5061496161652785,94.68541472628391,348.22544962715267
"(17, 875.115758411202)",92.55804035282303,0.14652861818535684,0.0017960878622267859,0.028883631953856362,1.542901159771892
"(18, 875.115758411202)",92.39537864657879,0.20328276533538142,0.002491756981949463,0.04176876305711288,2.1388070379779993
"(19, 875.115758411202)",92.19300915915265,0.2758384037388939,0.0033811143176462467,0.05876293121700777,2.9001034891449615
"(20, 875.115758411202)",91.9453512376739,0.3674453036347479,0.004503994223543355,0.08075646252045972,3.8607598582953564
"(21, 875.115758411202)",91.64649783799304,0.4819192046511143,0.005907168475122871,0.10876847291675369,5.060687747253142
"(22, 875.115758411202)",91.29023334499814,0.6237003362584068,0.007645063588898453,0.14395967935360743,6.546355941347128
"(23, 875.115758411202)",90.87007392622128,0.797884695703659,0.00978014421453849,0.18764346251800987,8.371114859158771
"(24, 875.115758411202)",90.37934065801917,1.0102118700996692,0.012382763863018781,0.24129333532041353,10.595058453892094
"(25, 875.115758411202)",89.81128292940424,1.2669897568465598,0.015530242160334256,0.3065446488768881,13.28421499757365
"(26, 875.115758411202)",89.15928630552004,1.5749308650861198,0.019304858297709535,0.3851880879081115,16.508797622312752
"(27, 875.115758411202)",88.41723582071441,1.9408612357910904,0.023790283093102882,0.47915212356491366,20.340099508273013
"(28, 875.115758411202)",87.5801780100566,2.3712303870527283,0.029065572101028357,0.5904707070942565,24.84526946575265
"(29, 875.115758411202)",86.64553915793584,2.871288149557755,0.0351950755984925,0.7212304627630549,30.078534811951297
"(30, 875.115758411202)",85.6152565234044,3.4437203211952943,0.04221171499739644,0.8734881645536823,36.066648819230416
"(31, 875.115758411202)",84.49901779940123,4.086577065103542,0.05009158999511867,1.0491463865625879,42.78679338203866
"(32, 875.115758411202)",83.317857584973,4.790807451204515,0.058723757993058054,1.2497809713627084,50.140305041488176
"(33, 875.115758411202)",82.105422092336,5.538867032450035,0.06789316633619659,1.4764423541639184,57.937937395074655
"(34, 875.115758411202)",80.90327042461804,6.306708228188863,0.07730504961786205,1.7295033508879498,65.921363774463
"(35, 875.115758411202)",79.75038927603907,7.0696252949301215,0.08665657494055508,2.00864883437148,73.82588546604954
"(36, 875.115758411202)",78.67345045612225,7.8085250209497055,0.0957137055254094,2.313035174042548,81.44753682717256
"(37, 875.115758411202)",77.68401772669702,8.512619594454051,0.10434420878801866,2.6415364934824903,88.67172491586128
"(38, 875.115758411202)",76.78199002019454,9.178273217970903,0.11250351861057815,2.9929634146333735,95.46063859819151
"(39, 875.115758411202)",75.96078614564537,9.806350131036343,0.12020222848780415,3.366198958473818,101.82466538734751
"(40, 875.115758411202)",75.211332529637,10.399907750953785,0.12747781498997512,3.760258592569715,107.79758615298528
"(41, 875.115758411202)",74.52431961724707,10.962751650581904,0.13437692527277412,4.174303314655088,113.42106155839407
"(42, 875.115758411202)",73.89121627715234,11.498691149662518,0.1409462524192901,4.60763028793459,118.73665629318918
"(43, 875.115758411202)",73.30459989780212,12.011217657268794,0.14722859269371194,5.059655482781942,123.78240607218974
"(44, 875.115758411202)",72.758166971156,12.503401903095176,0.1532615858445094,5.5298952841935325,128.59173364742784
"(45, 875.115758411202)",72.24661807446397,12.977892435335804,0.15907769669202718,6.017949858828431,133.19344932812209
"(46, 875.115758411202)",71.765508638624,13.436954966422888,0.16470469741242472,6.523489089621438,137.61218710034015
"(47, 875.115758411202)",71.31110405455014,13.882523881643987,0.17016629890928595,7.046241049139735,141.86896867688733
"(48, 875.115758411202)",70.88025290693356,14.31625326761842,0.17548277629976775,7.585982686893558,145.981760182781
"(49, 875.115758411202)",70.47028115601448,14.739562604498444,0.18067152899089306,8.14253234401789,149.96596977215899
"(50, 875.115758411202)",70.07890580002417,15.153675794583256,0.18574755907641877,8.715743732060558,153.8348723021292
"(51, 875.115758411202)",69.70416519116515,15.559653714737424,0.1907238703509748,9.305501081613448,157.59996336769962
"(52, 875.115758411202)",69.34436298565258,15.958421054709543,0.19561179728324365,9.911715203508138,161.27125113019594
"(53, 875.115758411202)",68.9980230718345,16.350788326279808,0.200421274795077,10.534320276391593,164.85749561764212
"(54, 875.115758411202)",68.66385323434157,16.737469890152134,0.2051610592277631,11.17327120504388,168.36640473750558
"(55, 875.115758411202)",68.34071575151647,17.119098736355376,0.20983890951414283,11.828541430952916,171.8047950126958
"(56, 875.115758411202)",68.0276034942005,17.496238633051217,0.21446173609372743,12.500121102175894,175.17872372966946
"(57, 875.115758411202)",67.72362039874774,17.86939414605655,0.21903572372789643,13.188015529906707,178.4935979593779
"(58, 875.115758411202)",67.42796542986557,18.239018934589122,0.22356643318576958,13.892243874823103,181.75426485782896
"(59, 875.115758411202)",67.13991933903908,18.60552264887617,0.2280588857922582,14.612838018412797,184.96508678409293
"(60, 875.115758411202)",66.85883367291181,18.969276690366446,0.2325176340343945,15.349841583955406,188.13000406803206
"(61, 875.115758411202)",66.5841216010569,19.330619043554616,0.23694682078785606,16.103309079136537,191.25258769775127
"(62, 875.115758411202)",66.31525022226774,19.689858347121348,0.2413502292193405,16.873305137979468,194.33608374802117
"(63, 875.115758411202)",66.05173407831857,20.047277339298144,0.24573132501842887,17.65990384432566,197.38345101456633
"(64, 875.115758411202)",65.7931296585435,20.40313578639634,0.2500932922943066,18.463188122567434,200.39739303711912
"(65, 875.115758411202)",65.53903072141772,20.757672982691844,0.2544390642183167,19.283249184147216,203.38038546870155
"(66, 875.115758411202)",65.28906429291916,21.111109893384967,0.25877134929150303,20.12018602060792,206.33469956971578
"(67, 875.115758411202)",65.04288722803075,21.463650999178224,0.2630926539546661,20.97410493561133,209.26242246234222
"(68, 875.115758411202)",64.80018324291981,21.81548589041274,0.2674053021286544,21.845119109891463,212.16547466560252
"(69, 875.115758411202)",64.56066034217272,22.16679065020314,0.2717114521682589,22.73334819416288,215.04562533907205
"(70, 875.115758411202)",64.32404857890421,22.517729059168566,0.2760131116293116,23.638917925894297,217.90450558902646
"(71, 875.115758411202)",64.09009809658414,22.86845364871094,0.28031215017934163,24.56195976667587,220.74362012939343
"(72, 875.115758411202)",63.85857741006651,23.21910662533252,0.28461031092748285,25.502610557389044,223.56435754156314
"(73, 875.115758411202)",63.62927189054168,23.56982068473396,0.28890922040335437,26.4610121889772,226.36799933629337
"(74, 875.115758411202)",63.40198242492115,23.92071973141501,0.293210397377626,27.437311286934115,229.155727988237
"(75, 875.115758411202)",63.17652422493155,24.271919517003482,0.29751526068640416,28.43165890797964,231.92863408650942
"(76, 875.115758411202)",62.952725765131035,24.623528208468937,0.3018251361961527,29.44421024765935,234.68772272220116
"(77, 875.115758411202)",62.730427832257796,24.97564689568814,0.3061412630252316,30.475124357811566,237.43391921547726
"(78, 875.115758411202)",62.50948267105472,25.328370046384567,0.31046479912035074,31.52456387303375,240.1680742691535
"(79, 875.115758411202)",62.28975321387025,25.681785915315686,0.3147968262722238,32.59269474541752,242.89096862323902
"(80, 875.115758411202)",62.07111238325059,26.03597691356521,0.31913835464220613,33.67968598698517,245.6033172738322
"(81, 875.115758411202)",61.85344245827543,26.391019942977096,0.32349032686164075,34.78570941927659,248.3057733109358
"(82, 875.115758411202)",61.63663449667683,26.74698670007811,0.32785362175722693,35.91093942981198,250.99893142212304
"(83, 875.115758411202)",61.42058780591003,27.10394395323454,0.3322290577482838,37.05555273496079,253.68333110266767
"(84, 875.115758411202)",61.20520945726164,27.461953796294438,0.3366173959558011,38.21972814906792,256.3594596071968
"(85, 875.115758411202)",60.99041383787821,27.821073881541274,0.34101934305788745,39.403646359605595,259.0277546733874
"(86, 875.115758411202)",60.77612223629286,28.18135763441139,0.34543555392168585,40.607489708203246,261.68860704416653
"(87, 875.115758411202)",60.562262456693865,28.542854452555392,0.3498666340433907,41.831441977436846,264.34236281621946
"(88, 875.115758411202)",60.34876846453316,28.905609888265488,0.35431314178436707,43.07568818334785,266.9893256043343
"(89, 875.115758411202)",60.13558004276284,29.26966582444917,0.35877559052816055,44.340414373613996,269.6297586308641
"(90, 875.115758411202)",59.922642485692975,29.63506063142057,0.36325445060238654,45.62580743140167,272.26388660375034
"(91, 875.115758411202)",59.70990629867066,30.00182931996652,0.3677501511549506,46.932054884894065,274.8918975489047
"(92, 875.115758411202)",59.49732691932618,30.37000368331753,0.372263081894264,48.25934472255118,277.5139445178391
"(93, 875.115758411202)",59.28486445270276,30.739612431843288,0.37679359474029556,49.607865214164015,280.13014721147283
"(94, 875.115758411202)",59.07248341995044,31.110681321015253,0.3813420053930773,50.977804737777326,282.7405935258342
"(95, 875.115758411202)",58.86015251819528,31.483233273214733,0.3859085948257842,52.36935161257678,285.3453410257907
"(96, 875.115758411202)",58.64784439216114,31.857288494414348,0.39049361071496214,53.78269393783745,287.9444183577153
"(97, 875.115758411202)",58.43553541480248,32.23286458598527,0.3950972688110199,55.21801943807018,290.53782660368006
"(98, 875.115758411202)",58.22320547707147,32.609976652381356,0.39971975425817313,56.67551531446976,293.1255405851107
"(99, 875.115758411202)",58.010837785709676,32.988637405089605,0.4043612228686297,58.15536810279918,295.70751011996276
"(100, 875.115758411202)",57.79841866844099,33.36885726326151,0.4090218023560866,59.65776353785632,298.28366123770724
"(101, 875.115758411202)",57.585937385960676,33.7506444513874,0.4137015935329829,61.1828864246456,300.8538973558936
"(102, 875.115758411202)",57.373385950231786,34.13400509430996,0.4184006714751334,62.730920516399436,303.41810042131806
"(103, 875.115758411202)",57.16075894863696,34.518943309845255,0.4231190866570448,64.30204839960044,305.97613201853443
"(104, 875.115758411202)",56.948053373614776,34.90546129923161,0.42785686606059337,65.89645138610418,308.52783444795205
"(105, 875.115758411202)",56.735268457461665,35.29355943559166,0.4326140142593659,67.51430941254563,311.0730317753539
"(106, 875.115758411202)",56.522405512027916,35.683236350561714,0.4373905144805192,69.15580094710653,313.6115308543789
"(107, 875.115758411202)",56.30946777306688,36.074489019218014,0.44218632964577376,70.82110290380783,316.14312232321925
"(108, 875.115758411202)",56.09646024907716,36.46731284338253,0.4470014033925503,72.51039056442109,318.6675815763222
"(109, 875.115758411202)",55.88338957442238,36.861701733409745,0.45183566107645673,74.2238375081012,321.184669712049
"(110, 875.115758411202)",55.67026386665529,37.257648188476615,0.45668901075547935,75.9616155488665,323.6941344564764
"(111, 875.115758411202)",55.45709258789493,37.65514337543257,0.46156134415646727,77.72389468097894,326.19571106380175
"(112, 875.115758411202)",55.243886410184444,38.05417720621595,0.46645253762408806,79.51084303234423,328.6891231933894
"(113, 875.115758411202)",55.03065708475994,38.45473841383885,0.4713624530522164,81.32262682596014,331.17408376339483
"(114, 875.115758411202)",54.81741731515261,38.85681462693799,0.47629093879773676,83.15941034951155,333.65029578085324
"(115, 875.115758411202)",54.604180634090916,39.26039244286241,0.4812378305764404,85.02135593312899,336.11745314793416
"(116, 875.115758411202)",54.3909612841522,39.66545749927202,0.4862029523406359,86.90862393535554,338.5752414439856
"(117, 875.115758411202)",54.1777741021272,40.0719945442089,0.4911861171380605,88.82137273736362,341.02333868296375
"(118, 875.115758411202)",53.964634407066846,40.47998750459683,0.4961871279515233,90.75975874540721,343.4614160457662
"(119, 875.115758411202)",53.75155789197501,40.88941955312305,0.5012057785187068,92.7239364015314,345.8891385869437
"(120, 875.115758411202)",53.53856051911348,41.30027317345226,0.5062418541315391,94.71405820253,348.3061659152849
"(17, 875.1908717841359)",92.5559273401531,0.14725329743574425,0.001804970684038294,0.029018875477628367,1.5506749910306543
"(18, 875.1908717841359)",92.3925948197844,0.20426148497264657,0.002503753726904736,0.041956377478587124,2.149306029503948
"(19, 875.1908717841359)",92.18941145119615,0.27714033818171413,0.003397072897472693,0.05901749691269834,2.9140696937406885
"(20, 875.1908717841359)",91.94077565780708,0.3691563457449418,0.004524967477805242,0.08109555967618687,3.8791146720190457
"(21, 875.1908717841359)",91.64075678128108,0.48414561784260857,0.005934458937280086,0.10921320425793121,5.084571086627385
"(22, 875.1908717841359)",91.28311282885187,0.6265726660350287,0.007680271432335459,0.14453524689781605,6.577168203506648
"(23, 875.1908717841359)",90.86133099567418,0.8015616513046357,0.009825214832191106,0.18837977319948165,8.410558561252275
"(24, 875.1908717841359)",90.36870138925389,1.0148837146706915,0.012440029422688027,0.24222559504614066,10.645174600416494
"(25, 875.1908717841359)",89.79844184107651,1.2728804931855144,0.015602448396692805,0.30771388682133816,13.34740652744723
"(26, 875.1908717841359)",89.14390881448067,1.5822980667870359,0.019395162442506338,0.38664152894250975,16.58782759750954
"(27, 875.1908717841359)",88.39896717310023,1.9499914748642526,0.02390219782881541,0.4809432907098917,20.43804206464795
"(28, 875.1908717841359)",87.55866567713157,2.382426324402319,0.02920280732119897,0.5926590689131518,24.96537132907112
"(29, 875.1908717841359)",86.62048143824829,2.8848399559501563,0.03536118809770264,0.7238803156980993,30.223908722853082
"(30, 875.1908717841359)",85.58649523876754,3.459850191831593,0.04240942835351642,0.8766662467866143,36.239678325794266
"(31, 875.1908717841359)",84.46668470593401,4.105347980608132,0.05032167619884329,1.0529175680187275,42.988154094085935
"(32, 875.1908717841359)",83.2825365898641,4.8120122481046455,0.05898367771935314,1.2542016647122662,50.36777465952292
"(33, 875.1908717841359)",82.06820195579441,5.561967794043025,0.06817632602212807,1.4815526666807997,58.185745539664936
"(34, 875.1908717841359)",80.86554837532316,6.330919259397956,0.07760181853457675,1.735321134699701,66.18108208061084
"(35, 875.1908717841359)",79.71348214600087,7.094131201745875,0.08695695832183313,2.0151691805446146,74.08876698083729
"(36, 875.1908717841359)",78.63828213492185,7.832685893307882,0.09600985961568662,2.3202356746248056,81.70671706230047
"(37, 875.1908717841359)",77.65105342380731,8.536044594940186,0.10463134286166771,2.6493849225992796,88.9230112524485
"(38, 875.1908717841359)",76.75134637749846,9.200782250888572,0.1127794251284618,3.0014242959857578,95.7020991015064
"(39, 875.1908717841359)",75.93237711767684,9.827899902780842,0.12046637677450099,3.3752376745995027,102.0558356353522
"(40, 875.1908717841359)",75.18497901284272,10.42052919154962,0.12773058417332747,3.76984337530246,108.01879794084896
"(41, 875.1908717841359)",74.49981382747127,10.982509600974957,0.13461911014643899,4.184405915337447,113.6330104525291
"(42, 875.1908717841359)",73.86835399256466,11.517661881150188,0.14117878788563518,4.61822597049863,118.940160476558
"(43, 875.1908717841359)",73.28319421924202,12.029477541313602,0.14745241488288344,5.070722725810262,123.97828480221658
"(44, 875.1908717841359)",72.73805262279505,12.521022292182511,0.15347756936608473,5.541415391217479,128.78075234159638
"(45, 875.1908717841359)",72.22765131187728,12.994937763058202,0.1592866313466236,6.029906568754274,133.37629918305552
"(46, 875.1908717841359)",71.7475653356591,13.45348243252146,0.16490728433107882,6.535868224082094,137.78948171318913
"(47, 875.1908717841359)",71.29407723377365,13.898583851446277,0.1703631554495762,7.0590302076326585,142.04124833017818
"(48, 875.1908717841359)",70.86405027165145,14.331889952375692,0.1756744443851184,7.599170989018159,146.14949914258733
"(49, 875.1908717841359)",70.45482285284565,14.7548148091651,0.1808584842765798,8.156110213813125,150.12958430976417
"(50, 875.1908717841359)",70.06412248105441,15.168577635407843,0.18593021974545018,8.729702718259682,153.9947283917768
"(51, 875.1908717841359)",69.68999637435475,15.574235266870959,0.19090260505224865,9.31983370785192,157.7563836336882
"(52, 875.1908717841359)",69.33075568396333,15.972708918428811,0.19578693207207382,9.926414843189114,161.42452092091057
"(53, 875.1908717841359)",68.98493065321105,16.364806113663075,0.20059309909865808,10.549381047783625,165.0078682262525
"(54, 875.1908717841359)",68.65123447518049,16.751238639585246,0.20532983092602208,11.188687882955524,168.51410584847898
"(55, 875.1908717841359)",68.32853405022053,17.132637264007805,0.21000485924799075,11.844309371970608,171.95002647218317
"(56, 875.1908717841359)",68.01582621627831,17.509563830476417,0.21462507091291474,12.516236181061354,175.3216667379445
"(57, 875.1908717841359)",67.71221832980382,17.88252123224207,0.21919663018054886,13.204474085208975,178.63441577465042
"(58, 875.1908717841359)",67.41691231699825,18.251961669778872,0.2237250799393266,13.909042662109677,181.89310508996508
"(59, 875.1908717841359)",67.12919150488693,18.618293516352843,0.2282154258616934,14.629974169830957,185.10208334465233
"(60, 875.1908717841359)",66.84840968946455,18.98188705144583,0.2326722066820695,15.367312573087698,188.26527883293136
"(61, 875.1908717841359)",66.57398201282545,19.34307927014741,0.23709955314840886,16.121112690297572,191.38625192928743
"(62, 875.1908717841359)",66.30537731039182,19.70217793546625,0.24150123769378054,16.891439439244188,194.46823931492344
"(63, 875.1908717841359)",66.04211165869053,20.059465007889553,0.24588071647449233,17.678367163733622,197.51419144248527
"(64, 875.1908717841359)",65.78374290837674,20.415199560573658,0.25024116510332245,18.481979027001803,200.5268044160528
"(65, 875.1908717841359)",65.5298660296628,20.769620267957094,0.25458550915390293,19.302366460534433,203.508547239478
"(66, 875.1908717841359)",65.2801091307494,21.122947539166585,0.25891645031114796,20.139628659058907,206.46168520800856
"(67, 875.1908717841359)",65.03413003629306,21.475385354466987,0.2632364888817005,20.993872114272698,209.38830007549774
"(68, 875.1908717841359)",64.79161333398193,21.827122852460977,0.26754794324918774,21.865210181261485,212.29030751504763
"(69, 875.1908717841359)",64.55226781402449,22.17833570728915,0.2718529667553599,22.753762672670028,215.1694722990571
"(70, 875.1908717841359)",64.31582423975392,22.529187328253172,0.2761535624045926,23.659655476593752,218.02742155057643
"(71, 875.1908717841359)",64.08203339843813,22.879829908704092,0.28045159572072725,24.583020194901483,220.86565635717383
"(72, 875.1908717841359)",63.85066439004184,23.23040534656555,0.2847488060304649,25.52399379926602,223.68556199002833
"(73, 875.1908717841359)",63.621503118873626,23.581046055135225,0.28904681640184454,26.48271830267335,226.488416930486
"(74, 875.1908717841359)",63.3943509587537,23.931875679828444,0.29334714242978743,27.4593404445776,229.27540087393317
"(75, 875.1908717841359)",63.16902356713793,24.283009734014573,0.2976512000299245,28.454011388161987,232.04760185362184
"(76, 875.1908717841359)",62.94534982753054,24.63455616504596,0.3019603123767418,29.466886428461848,234.8060226047488
"(77, 875.1908717841359)",62.72317090266523,24.986615859913,0.3062757161017313,30.49812471029866,237.5515862710861
"(78, 875.1908717841359)",62.50233938368686,25.339283098511828,0.3105985668491958,31.547888955155337,240.28514154049552
"(79, 875.1908717841359)",62.28271852270732,25.692645961342983,0.31492994427397936,32.61634519630792,243.00746728376544
"(80, 875.1908717841359)",62.06418153801607,26.046786697500604,0.3192708565517979,33.70366252157291,245.71927675926287
"(81, 875.1908717841359)",61.846610982697435,26.401782057954648,0.3236222444646484,34.810012823232505,248.42122143852183
"(82, 875.1908717841359)",61.62989816879596,26.757703598445296,0.327984985113522,35.93557055474524,251.1138944988649
"(83, 875.1908717841359)",61.41394264019284,27.114617955729315,0.33235989530452165,37.08051249389838,253.79783402375003
"(84, 875.1908717841359)",61.198651688323395,27.472587100410355,0.33674773464795943,38.24501751215186,256.4735259457286
"(85, 875.1908717841359)",60.983939905645,27.831668569165867,0.3411492084048913,39.429266350006344,259.14140676233836
"(86, 875.1908717841359)",60.769728772424514,28.191915678826664,0.3455649701112185,40.63344139822613,261.8018660514701
"(87, 875.1908717841359)",60.55594627217282,28.553377724848897,0.34999562401047907,41.85772648482338,264.45524881354044
"(88, 875.1908717841359)",60.34252653827177,28.916100163225916,0.3544417272836452,43.10230666773689,267.1018576303115
"(89, 875.1908717841359)",60.12940951112858,29.280124785997447,0.3589037922004417,44.36736803316354,269.7419547493734
"(90, 875.1908717841359)",59.916540632872284,29.64548987761646,0.36338228803603384,45.653097499556964,272.37576395761346
"(91, 875.1908717841359)",59.7038705477731,30.012230367640825,0.36787764294265435,46.95968262729948,275.00347240957524
"(92, 875.1908717841359)",59.49135482416745,30.380377972361174,0.3723902456856195,48.28731143408505,277.6252323314209
"(93, 875.1908717841359)",59.27895369019981,30.749961329187464,0.3769204472905862,49.63617221610956,280.2411626414051
"(94, 875.1908717841359)",59.06663178306675,31.121006124334126,0.3814685626086609,51.00645337509591,282.85135049261925
"(95, 875.1908717841359)",58.85435790938433,31.493535214377342,0.3860348718064091,52.3983432513045,285.4558527440238
"(96, 875.1908717841359)",58.64210481727532,31.867568742703067,0.39061962179321197,53.812029962586074,288.0546973706045
"(97, 875.1908717841359)",58.429848977412114,32.24312425110878,0.39522302758925054,55.247701249629955,290.6478848153718
"(98, 875.1908717841359)",58.21757037315023,32.62021678730451,0.39984527364319666,56.70554432751108,293.23538929104456
"(99, 875.1908717841359)",58.0052522986905,32.99885900867933,0.4044865151041489,58.18574574367128,295.8171600352559
"(100, 875.1908717841359)",57.792881164560555,33.37906128278934,0.40914687905336844,59.68849124247746,298.39312252399844
"(101, 875.1908717841359)",57.58044630991408,33.76083178487919,0.4138264656996598,61.21396563648375,300.9631796465493
"(102, 875.1908717841359)",57.36793982107753,34.14417659277233,0.41852534954249837,62.76235268454288,303.52721284531646
"(103, 875.1908717841359)",57.155356355950865,34.52909977937061,0.42324358050584754,64.33383497690308,306.08508322304874
"(104, 875.1908717841359)",56.94269297387197,34.91560350299201,0.4279811850454847,65.92859382743156,308.63663261973375
"(105, 875.1908717841359)",56.72994897061759,35.30368809573654,0.4327381672321592,67.54680917308339,311.18168466109915
"(106, 875.1908717841359)",56.51712571829855,35.69335215001968,0.43751450981227236,69.18865948076511,313.72004578004646
"(107, 875.1908717841359)",56.304226509880216,36.084592603416695,0.442310175247875,70.85432166169758,316.25150621248406
"(108, 875.1908717841359)",56.09125640818585,36.47740482189167,0.44712510673685624,72.54397099339629,318.7758409682077
"(109, 875.1908717841359)",55.878222099177464,36.87178268150796,0.45195922921449894,74.25778104939992,321.29281077772345
"(110, 875.1908717841359)",55.66513174941825,37.26771864865314,0.45681245033686696,75.99592363680064,323.8021630153693
"(111, 875.1908717841359)",55.45199486757457,37.66520385883019,0.4616846614465797,77.75856874171626,326.3036325990795
"(112, 875.1908717841359)",55.238822169912595,38.06422819400902,0.4665757385209647,79.54588448274833,328.79694286674174
"(113, 875.1908717841359)",55.025625449666784,38.46478035856491,0.4714855431028769,81.35803707250993,331.2818064293137
"(114, 875.1908717841359)",54.81241745026423,38.86684795377245,0.4764139232138074,83.19519078728233,333.75792600031014
"(115, 875.1908717841359)",54.59921174231841,39.270417550850546,0.4813607142492541,85.05750794484152,336.2249952015975
"(116, 875.1908717841359)",54.38602260438673,39.67547476251163,0.4863257398557309,86.94514889049937,338.6826993449027
"(117, 875.1908717841359)",54.17286490742118,40.08200431299284,0.49130881278918465,88.85827199137324,341.1307161888221
"(118, 875.1908717841359)",53.95975400290161,40.489990106515016,0.4963097357541389,90.79703363890759,343.5687166707113
"(119, 875.1908717841359)",53.7467056146109,40.899415294125674,0.5013283022230257,92.76158825964444,345.99636561298615
"(120, 875.1908717841359)",53.53373573401952,41.3102623388753,0.5063642972350932,94.75208833424293,348.4133224032997
"(17, 875.2842278276436)",92.55328595665756,0.148159501639113,0.0018160785644682428,0.029187898307313474,1.5603970256676079
"(18, 875.2842278276436)",92.38911526036777,0.20548533794430976,0.002518755215997974,0.042190817476890304,2.162435896844746
"(19, 875.2842278276436)",92.18491490424535,0.2787684033745512,0.0034170290546246688,0.0593355646639627,2.9315360728778135
"(20, 875.2842278276436)",91.93505709485936,0.3712961424524977,0.004551196230534638,0.0815192156412627,3.9020710626943296
"(21, 875.2842278276436)",91.63358157041813,0.48693020339101023,0.005968591247860431,0.10976881324011342,5.114444968362235
"(22, 875.2842278276436)",91.2742132547693,0.6301655431084421,0.007724311449786915,0.14525429991881664,6.615713682908149
"(23, 875.2842278276436)",90.85040299220555,0.806161636142352,0.009881599564643117,0.1892996451191781,8.459908599521452
"(24, 875.2842278276436)",90.35540202838521,1.0207291840952673,0.012511680795726975,0.24339028738430624,10.707886576729535
"(25, 875.2842278276436)",89.78238860825705,1.2802521089073908,0.015692806646781847,0.30917468208555626,13.426491466191406
"(26, 875.2842278276436)",89.12468276001373,1.5915185159725795,0.019508182936910323,0.3884574533561236,16.68674738489784
"(27, 875.2842278276436)",88.37612432590583,1.9614196129814072,0.024042279271022916,0.48318123551374964,20.560646611440106
"(28, 875.2842278276436)",87.53176566174155,2.3964406877959807,0.029374589654916263,0.5953933353839586,25.115721688473307
"(29, 875.2842278276436)",86.58914954965351,2.9018022726574513,0.03556910523723862,0.7271911888227627,30.40588562327384
"(30, 875.2842278276436)",85.55054059177176,3.4800346278597356,0.04265684091363663,0.8806369574117976,36.456223103247275
"(31, 875.2842278276436)",84.4262858047491,4.128825313137055,0.050609451737265734,1.057628817769113,43.24002606686392
"(32, 875.2842278276436)",83.23844383519267,4.838510740336548,0.05930848539756959,1.2597232936775529,50.652058551161225
"(33, 875.2842278276436)",82.02179601051176,5.590801202236549,0.06852975414507374,1.4879338231813837,58.49507911690775
"(34, 875.2842278276436)",80.81858209685792,6.361098189241853,0.0779717395115083,1.7425829914018693,66.50485081930684
"(35, 875.2842278276436)",79.66758921799644,7.124640249504783,0.0873309257491288,2.023304588811354,74.41607732098812
"(36, 875.2842278276436)",78.59459448223701,7.862736733126117,0.09637821051712935,2.3292159668687415,82.0291116050269
"(37, 875.2842278276436)",77.6101307190372,8.565161284668296,0.10498824333378436,2.6591695499755694,89.23538394741662
"(38, 875.2842278276436)",76.7133194422713,9.22874929544039,0.11312223372028427,3.0119689394771947,96.00213805252005
"(39, 875.2842278276436)",75.89713026590204,9.854669162743852,0.12079450341280833,3.3864992567392673,102.34302438876432
"(40, 875.2842278276436)",75.15228497518046,10.446142510081701,0.12804454175439592,3.7817824539355636,108.29358540310534
"(41, 875.2842278276436)",74.4694122045049,11.007049444634774,0.1349199095116696,4.196987465325023,113.89628135017223
"(42, 875.2842278276436)",73.83999020433434,11.541224005492607,0.1414676027674234,4.6314193465611595,119.19294210435085
"(43, 875.2842278276436)",73.2566359249368,12.052157306822627,0.14773041417103278,5.084501277897516,124.22160021645287
"(44, 875.2842278276436)",72.71309469206955,12.542908536260533,0.1537458419931331,5.555755973732452,129.01555461693795
"(45, 875.2842278276436)",72.2041155032992,13.016110577738123,0.15954615904794764,6.0447890539767695,133.60344757117247
"(46, 875.2842278276436)",71.72529782310427,13.474012845483763,0.16515893773493132,6.551275063544061,138.00973822060917
"(47, 875.2842278276436)",71.27294548791748,13.91853436408173,0.17060770067243788,7.074946053718292,142.25528349080625
"(48, 875.2842278276436)",70.8439399723555,14.35131540711979,0.17591255366312988,7.615582375496531,146.357901322725
"(49, 875.2842278276436)",70.43563510178194,14.77376333019114,0.18109074749617038,8.173005288768726,150.33286980014756
"(50, 875.2842278276436)",70.04577139352142,15.18709152592107,0.18615715544200562,8.747071021605807,154.1933510340407
"(51, 875.2842278276436)",69.67240704481279,15.59235181625619,0.19112467030379687,9.337665985996725,157.95074347967508
"(52, 875.2842278276436)",69.31386248659163,15.990461106597863,0.19600453113287994,9.944702894237698,161.61497178912447
"(53, 875.2842278276436)",68.96867582956338,16.3822232156676,0.2008065908103303,10.568117591785956,165.19472418833558
"(54, 875.2842278276436)",68.63556696208157,16.76834674010886,0.20553953502394368,11.207866452652187,168.69764674883328
"(55, 875.2842278276436)",68.3134085060998,17.14945969340261,0.21021106170607332,11.86392422031307,172.13050260591643
"(56, 875.2842278276436)",68.0012022105834,17.526121533770834,0.21482802846674753,12.536282202573268,175.49930280967888
"(57, 875.2842278276436)",67.69805966598769,17.898833081599477,0.2193965741573915,13.224946748700777,178.80941425068198
"(58, 875.2842278276436)",67.40318646499237,18.268044729495482,0.2239222195063418,13.929937952814353,182.06564904124613
"(59, 875.2842278276436)",67.11586912346533,18.634163268128955,0.228409950787231,14.651288539384682,185.27233886356686
"(60, 875.2842278276436)",66.8354642225659,18.99755758644375,0.2328642896898328,15.389042896054159,188.43339709374385
"(61, 875.2842278276436)",66.56138934697374,19.358563453232467,0.23728935193065362,16.143256226163064,191.55237095018106
"(62, 875.2842278276436)",66.29311548274565,19.717487546126097,0.24168889663864773,16.913993799059458,194.63248546981447
"(63, 875.2842278276436)",66.03016060720691,20.07461086155531,0.24606636815311408,17.701330280643326,197.6766807626078
"(64, 875.2842278276436)",65.77208425714554,20.430191613427574,0.25042493155450707,18.5053491301251,200.6876437143521
"(65, 875.2842278276436)",65.51848290375433,20.78446770777186,0.25476750299760614,19.326142051670363,203.66783508516622
"(66, 875.2842278276436)",65.26898599587626,21.137658864318514,0.25909677571699546,20.163808491831613,206.61951277425092
"(67, 875.2842278276436)",65.02325255949266,21.48996844286652,0.26341524241389597,21.018455175366597,209.54475187891188
"(68, 875.2842278276436)",64.78096826209917,21.841585021897025,0.2677252146061909,21.890195673477077,212.44546206309292
"(69, 875.2842278276436)",64.54184286736009,22.19268376842042,0.2720288394194408,22.779149999547716,215.32340265854756
"(70, 875.2842278276436)",64.30560801870202,22.543427631271992,0.2763281142138118,23.685444228399028,218.18019584830617
"(71, 875.2842278276436)",64.07201530122164,22.8939683845713,0.28062489937437407,24.60921013582105,221.01733822228812
"(72, 875.2842278276436)",63.84083454005488,23.244447543527144,0.2849209295366712,25.550584855641315,223.8362109457984
"(73, 875.2842278276436)",63.611852300272986,23.594997171173457,0.2892178234753499,26.5097105521702,226.63808874244316
"(74, 875.2842278276436)",63.38487055923267,23.945740591561215,0.2935170928461807,27.486734106167745,229.4241478599163
"(75, 875.2842278276436)",63.15970552692942,24.296793022505444,0.29782014994200645,28.481806812831973,232.19547316067013
"(76, 875.2842278276436)",62.93618659383077,24.648262138917918,0.3021283145978521,29.49508409056894,234.95306445707942
"(77, 875.2842278276436)",62.714155388814774,25.00024857609132,0.3064428203599687,30.5267251995006,237.69784219259992
"(78, 875.2842278276436)",62.49346493251614,25.352846380880596,0.3107648200162309,31.57689296886709,240.4306525550362
"(79, 875.2842278276436)",62.273978873529664,25.706143417584137,0.3150953905712673,32.64575353260827,243.15227209561317
"(80, 875.2842278276436)",62.05557079686148,26.06022173429686,0.3194355377370675,33.73347607255089,245.8634119163463
"(81, 875.2842278276436)",61.83812359537542,26.415157894775263,0.32378620000083264,34.840232568690894,248.5647214802849
"(82, 875.2842278276436)",61.621528896500905,26.771023280050052,0.3281482523220395,35.96619755627607,251.25679209041098
"(83, 875.2842278276436)",61.405686537334056,27.127884363550486,0.3325225095047915,37.111547889250566,253.9401600779611
"(84, 875.2842278276436)",61.19050408235319,27.485802962926257,0.3369097292845532,38.276462509900654,256.61530973454995
"(85, 875.2842278276436)",60.975896378659215,27.844836471378102,0.3413106151637024,39.46112222448636,259.28267601845295
"(86, 875.2842278276436)",60.76178514435196,28.205038070933842,0.34572581902577965,40.665709484705104,261.9426470613541
"(87, 875.2842278276436)",60.54809858537586,28.5664569302058,0.35015594355951996,41.890408174908806,264.5955665028456
"(88, 875.2842278276436)",60.3347710434302,28.929138385653,0.3546015444806952,43.13540340498025,267.2417356422949
"(89, 875.2842278276436)",60.12174265425495,29.29312411651722,0.3590631326764034,44.40088130887768,269.8814155171628
"(90, 875.2842278276436)",59.90895904335978,29.658452300667125,0.363541176115336,45.68702884880459,272.5148287708606
"(91, 875.2842278276436)",59.6963710273754,30.02515776681817,0.3680361017136459,46.99403362505356,275.1421614760711
"(92, 875.2842278276436)",59.483934336804786,30.39327213574262,0.3725482970658201,48.32208369155934,277.7635648342006
"(93, 875.2842278276436)",59.271609352529886,30.762823954269777,0.3770781120872153,49.67136737723475,280.37915679172914
"(94, 875.2842278276436)",59.059360855734795,31.13383882262832,0.38162586057496595,51.04207311314727,282.9890235792718
"(95, 875.2842278276436)",58.84715778890083,31.50633951568801,0.38619182169410454,52.43438926566525,285.59322117921005
"(96, 875.2842278276436)",58.63497302845463,31.880346099125504,0.39077624140148987,53.848503975648484,288.19177673284344
"(97, 875.2842278276436)",58.42278316631939,32.255876040771454,0.3953793338106458,55.28460500381391,290.78468988964534
"(98, 875.2842278276436)",58.210568300535904,32.632944317868386,0.4000012825064834,56.74287958241738,293.37193410633705
"(99, 875.2842278276436)",57.99831183382801,33.011563520636045,0.40464224181476327,58.22351427334649,295.9534578999352
"(100, 875.2842278276436)",57.78600027949426,33.391743952556034,0.4093023380313532,59.72669483279381,298.5291860590283
"(101, 875.2842278276436)",57.573623074052335,33.77349372772304,0.41398167061550356,61.252606082633264,301.09902081685567
"(102, 875.2842278276436)",57.36117239612268,34.15681886556945,0.41868031335095474,62.80143178864159,303.66284298938467
"(103, 875.2842278276436)",57.14864299112947,34.5417233832179,0.42339831547795315,64.37335454569426,306.220513080951
"(104, 875.2842278276436)",56.93603200143945,34.92820938568573,0.4281357027989394,65.96855567009746,308.7718723597177
"(105, 875.2842278276436)",56.72333880162297,35.31627715412481,0.43289247876016046,67.58721509915891,311.3167439048227
"(106, 875.2842278276436)",56.510564838580116,35.70592523224394,0.43766862551098973,69.22951129814474,313.85493362662805
"(107, 875.2842278276436)",56.297713476291236,36.0971505110428,0.44246410494257776,70.89562117474372,316.38623126136986
"(108, 875.2842278276436)",56.08478984501132,36.48994831195039,0.4472788597069135,72.5857200011471,318.9104113410476
"(109, 875.2842278276436)",55.87180069475166,36.88431246843979,0.45211281421723254,74.29998134385762,321.42723413925563
"(110, 875.2842278276436)",55.65875425290177,37.280235406178384,0.4569658756304652,76.0385770013249,323.93644659346984
"(111, 875.2842278276436)",55.44566008591688,37.67770822173166,0.46183793481195023,77.80167694950129,326.43778320389015
"(112, 875.2842278276436)",55.23252896494967,38.07672075985159,0.46672886728281365,79.58944929538694,328.93096690912137
"(113, 875.2842278276436)",55.01937273537258,38.47726168934332,0.47163853414990325,81.40206023864918,331.4157099385106
"(114, 875.2842278276436)",54.80620419013125,38.87931857749878,0.4765667830181701,83.23967404136398,333.8917146409992
"(115, 875.2842278276436)",54.593036946873966,39.282877963078704,0.48151344888524966,85.10245300591933,336.358674290232
"(116, 875.2842278276436)",54.37988532881755,39.68792542781126,0.4864783550178633,86.9905574611471,338.8162738655256
"(117, 875.2842278276436)",54.16676424932021,40.09444566636624,0.4914613138095341,88.90414575666604,341.2641908082713
"(118, 875.2842278276436)",53.95368910011696,40.502422554766085,0.4964621276191418,90.8433742654864,343.7020957533032
"(119, 875.2842278276436)",53.7406756431999,40.9118392171795,0.5014805895896476,92.80839739485629,346.12965323466983
"(120, 875.2842278276436)",53.527739906294165,41.32267809105446,0.5065164844464752,94.79936760534673,348.5465223653589
"(17, 875.3954724102753)",92.55011630254174,0.14924740610041953,0.001829413652333171,0.029390667936722,1.5720697604812812
"(18, 875.3954724102753)",92.38494034463749,0.20695454601880944,0.0025367641675759687,0.04247201570168975,2.178199851166934
"(19, 875.3954724102753)",92.1795201939033,0.2807229264315194,0.0034409867987331673,0.059717021425496196,2.9525072428090455
"(20, 875.3954724102753)",91.92819650649353,0.373865222495581,0.004582686962785713,0.08202726076413443,3.929636157932074
"(21, 875.3954724102753)",91.62497337174153,0.49027383652661033,0.006009576135078769,0.11043506318351026,5.150320676569286
"(22, 875.3954724102753)",91.26353585151946,0.6344803943824252,0.007777201131655824,0.14611652540219713,6.66201013327338
"(23, 875.3954724102753)",90.83729097170907,0.811686904903623,0.00994932604893387,0.19040268119268675,8.519192295577636
"(24, 875.3954724102753)",90.33944312398441,1.0277517139013428,0.012597760093430195,0.24478692494103185,10.783235223358608
"(25, 875.3954724102753)",89.76312284736834,1.2891096445734012,0.015801378695654077,0.31092645172107003,13.52152891629469
"(26, 875.3954724102753)",89.10160636756746,1.6025993201320357,0.019644006901511035,0.39063517624531136,16.80563952533365
"(27, 875.3954724102753)",88.34870379630539,1.975155225379132,0.024210644789058284,0.4858651590927819,20.708023673382264
"(28, 875.3954724102753)",87.49947302960494,2.4132856160836385,0.02958106789522304,0.5986725661029446,25.29646033843626
"(29, 875.3954724102753)",86.55153885427474,2.92218906108517,0.03581899815029723,0.7311619370642194,30.624626869978
"(30, 875.3954724102753)",85.50739303753556,3.5042868754713816,0.04295411504415408,0.8853988100966486,36.71643902094592
"(31, 875.3954724102753)",84.3778361541834,4.157016081594908,0.05095500264522149,1.0632780388138672,43.54250057346662
"(32, 875.3954724102753)",83.18562275936273,4.870295068425355,0.059698084689477744,1.2663426860321576,50.993090362701835
"(33, 875.3954724102753)",81.96628866655311,5.625335524559475,0.06895306174138202,1.4955809107329883,58.865617146499005
"(34, 875.3954724102753)",80.76249999657009,6.397185236320439,0.07841407977270934,1.7512815136279565,66.89204889261995
"(35, 875.3954724102753)",79.61287362898686,7.161067856209298,0.08777744045091332,2.033044508529516,74.80692944196257
"(36, 875.3954724102753)",78.5425698550224,7.898576130386921,0.0968175151881669,2.339961952161939,82.41365249357243
"(37, 875.3954724102753)",77.56143705944271,8.599859684584812,0.10541356212611659,2.670872580258122,89.60768243558363
"(38, 875.3954724102753)",76.6680923599882,9.262061921933459,0.11353056626886213,3.0245758892439576,96.35956780269267
"(39, 875.3954724102753)",75.85521949588545,9.88654674278511,0.1211852457490231,3.3999587274746954,102.68505672414669
"(40, 875.3954724102753)",75.11341313140798,10.47663972761631,0.12841836417164126,3.796047511389208,108.62080705879946
"(41, 875.3954724102753)",74.43326599937195,11.036267215511348,0.13527804899515597,4.21201649789873,114.2097751089562
"(42, 875.3954724102753)",73.80626525058234,11.569277778263839,0.14181147443828207,4.6471759807929764,119.49394667830464
"(43, 875.3954724102753)",73.22505533330315,12.079161323597866,0.14806141836230904,5.100953900042049,124.51134137296687
"(44, 875.3954724102753)",72.68341445928377,12.568968867315885,0.15406527887088275,5.57287713600116,129.29517044319604
"(45, 875.3954724102753)",72.17612384753764,13.041322664698104,0.159855198496562,6.06255489152954,133.87396211360667
"(46, 875.3954724102753)",71.69881209518336,13.498461227216612,0.16545861599727618,6.569664771405178,138.27205854388072
"(47, 875.3954724102753)",71.24780838862216,13.942293375473593,0.17089892891513903,7.0939414367261335,142.51020717535204
"(48, 875.3954724102753)",70.82001584518146,14.374450243257494,0.1761961310208919,7.6351674689139255,146.6061278829825
"(49, 875.3954724102753)",70.41280660307265,14.796331182956562,0.181367375003687,8.193166041468434,150.5750128796957
"(50, 875.3954724102753)",70.0239366237432,15.209142660733168,0.18642744923222207,8.76779503230046,154.4299499585832
"(51, 875.3954724102753)",69.65147712924447,15.613930536986416,0.19138917343544348,9.358942283586654,158.1822736101455
"(52, 875.3954724102753)",69.2937595568009,16.011606595587224,0.19626372388706761,9.96652175441713,161.84185353470224
"(53, 875.3954724102753)",68.94933134709804,16.402970253737166,0.2010608995161339,10.590470383326068,165.41733073183485
"(54, 875.3954724102753)",68.61692032797556,16.788726318636336,0.20578933956099482,11.230745507966917,168.9163106140287
"(55, 875.3954724102753)",68.2954059062544,17.169499532654903,0.21045670185806328,11.887322725949785,172.345521218998
"(56, 875.3954724102753)",67.98379565465049,17.545846521389084,0.2150698092962022,12.560194106013876,175.71094320402287
"(57, 875.3954724102753)",67.68120618481079,17.91826564372131,0.21963477055473155,13.249366678660051,179.01791704882157
"(58, 875.3954724102753)",67.38684743782852,18.287205145459,0.22415708004739934,13.95486115069258,182.27123183150846
"(59, 875.3954724102753)",67.10000971180787,18.65306993794238,0.2286417010117782,14.676710800002107,185.47519906989237
"(60, 875.3954724102753)",66.8200528916493,19.016227258787048,0.23309313489633723,15.414960516110012,188.63371442206116
"(61, 875.3954724102753)",66.54639745967634,19.377011420430104,0.23751547956617608,16.169665959220037,191.75030948036576
"(62, 875.3954724102753)",66.2785169534754,19.73572781143745,0.2419124783494093,16.940892815978955,194.82819545064268
"(63, 875.3954724102753)",66.01593160571343,20.09265628318956,0.24628756154978645,17.728716134674062,197.87030015697601
"(64, 875.3954724102753)",65.75820295402606,20.448054028949613,0.2506438817371151,18.533219725919007,200.87929953408803
"(65, 875.3954724102753)",65.50492925089851,20.802158041947404,0.2549843438774639,19.354495617658223,203.85764454817837
"(66, 875.3954724102753)",65.25574153636053,21.155187222902626,0.25931163116631045,20.192643555493586,206.80758431081782
"(67, 875.3954724102753)",65.01030026234572,21.507344194446276,0.2636282272689773,21.047770540982683,209.73118600982707
"(68, 875.3954724102753)",64.76829237819119,21.85881686953148,0.2679364355455759,21.919990402015337,212.63035216832935
"(69, 875.3954724102753)",64.52942880326518,22.209779812554753,0.27223839573507336,22.80942339042138,215.50683565229863
"(70, 875.3954724102753)",64.29344222593353,22.56039542515444,0.2765360984903195,23.71619580284339,218.36225277358426
"(71, 875.3954724102753)",64.06008517866684,22.910814983204894,0.28083139808909974,24.64043962168996,221.19809477615559
"(72, 875.3954724102753)",63.82912834775634,23.26117954704305,0.28512602359131917,25.58229217344411,224.01573794474203
"(73, 875.3954724102753)",63.60035908301918,23.61162076336375,0.2894215886683178,26.541895802216327,226.8164525358181
"(74, 875.3954724102753)",63.373580078650214,23.962261574203907,0.29371960029328703,27.519397556667336,229.6014106982319
"(75, 875.3954724102753)",63.14860820096245,24.313216846021348,0.2980214664522795,28.51494888886679,232.37169352452943
"(76, 875.3954724102753)",62.92527344265839,24.664593929822278,0.3023285030100215,29.528705363823924,235.1282973517252
"(77, 875.3954724102753)",62.703417986399295,25.016493161635342,0.30664193984450216,30.560826378678826,237.87213941230235
"(78, 875.3954724102753)",62.48289536309181,25.36900831122073,0.31096292634708694,31.61147489073081,240.604062920959
"(79, 875.3954724102753)",62.26356969243301,25.72222698577514,0.31529253637095633,32.6808171535508,243.32484167033638
"(80, 875.3954724102753)",62.04531499517636,26.076230994368316,0.31963177269822163,33.76902246068189,246.03518419781156
"(81, 875.3954724102753)",61.82801456797217,26.431096678100012,0.3239815710868542,34.87626289636981,248.7357375774301
"(82, 875.3954724102753)",61.61156041305678,26.786895210209945,0.32834280394931376,36.00271309305673,251.42709088266722
"(83, 875.3954724102753)",61.39585271601791,27.14369286985766,0.3327162837084235,37.14854999519645,254.1097783603301
"(84, 875.3954724102753)",61.18079936586636,27.501551292753135,0.3371027658695077,38.31395262924654,256.78428234990156
"(85, 875.3954724102753)",60.96631551238389,27.860527701421653,0.3415029518428697,39.49910187960726,259.45103597838516
"(86, 875.3954724102753)",60.75232315638976,28.220675117522706,0.34591749154632184,40.70418027038939,262.1104256567804
"(87, 875.3954724102753)",60.53875076825409,28.582042558762208,0.3503469858188564,41.92937175288407,264.76279340552975
"(88, 875.3954724102753)",60.32553293733665,28.944675219380724,0.35479198863298234,43.17486149870187,267.40843899804867
"(89, 875.3954724102753)",60.11261003161089,29.308614644410696,0.35925300923071324,44.440835698540695,270.04762203179246
"(90, 875.3954724102753)",59.899927894626586,29.673898884895575,0.36373051402617795,45.72748136657732,272.68056378940094
"(91, 875.3954724102753)",59.68743754795135,30.040562649557753,0.3682249284646939,47.03498615051084,275.3074490560797
"(92, 875.3954724102753)",59.47509491492537,30.408637445500343,0.3727366387474436,48.363538147321194,277.9284278136153
"(93, 875.3954724102753)",59.2628605580542,30.778151711759648,0.3772659934685029,49.71332572477064,280.5436168519213
"(94, 875.3954724102753)",59.05069942975536,31.14913094623201,0.38181330517065193,51.08453734876757,283.1531013036239
"(95, 875.3954724102753)",58.83858063408833,31.521597826544852,0.38637885182697124,52.47736141666903,285.7569361077422
"(96, 875.3954724102753)",58.62647720006727,31.895572325888484,0.3909628782606602,53.891986096630475,288.35514741324107
"(97, 875.3954724102753)",58.414365863837496,32.27107182405013,0.39556559750603687,55.32859917313156,290.9477339249184
"(98, 875.3954724102753)",58.20222685983175,32.6481112144035,0.400187192119988,56.78738789879027,293.5346681996282
"(99, 875.3954724102753)",57.99004371986154,33.026703007212724,0.4048278154482114,58.268538852610064,296.1158978964967
"(100, 875.3954724102753)",57.77780307946752,33.40685742968944,0.4094875928516834,59.77223780478132,298.69134698576454
"(101, 875.3954724102753)",57.56549449098337,33.78858252313624,0.41416662289740513,61.298669588191515,301.2609169196508
"(102, 875.3954724102753)",57.353110242821614,34.17188423747394,0.41886497851707544,62.848017976777264,303.8244877682978
"(103, 875.3954724102753)",57.140645184518085,34.55676652342649,0.42358270813703114,64.4204655708488,306.3819193235913
"(104, 875.3954724102753)",56.92809655721164,34.94323142255759,0.4283198367819495,66.01619368953725,308.93305217288946
"(105, 875.3954724102753)",56.71546382920982,35.33127915536521,0.4330763671545942,67.6353822704936,311.47770874452823
"(106, 875.3954724102753)",56.5027485363912,35.72090820756962,0.43785228069354665,69.27820977695784,314.01569432668583
"(107, 875.3954724102753)",56.28995412721864,36.11211541472199,0.4426475386102842,70.94485311234223,316.5467980606531
"(108, 875.3954724102753)",56.07708581217448,36.50489604522787,0.44746208290685985,72.6354875424227,319.07079390951367
"(109, 875.3954724102753)",55.864150417466,36.899243881855924,0.45229583737499285,74.35028662525617,321.58744160282674
"(110, 875.3954724102753)",55.651156242861084,37.29515130178722,0.45714870857729045,76.08942214893399,324.09648755783047
"(111, 875.3954724102753)",55.43811292356344,37.692609355230964,0.46202058681087504,77.85306407723462,326.59766577734393
"(112, 875.3954724102753)",55.22503129603121,38.09160784262532,0.4669113470536943,79.64138050328079,329.09069872450596
"(113, 875.3954724102753)",55.011923267670916,38.49213539042399,0.471820849893464,81.45453761126146,331.57529817424506
"(114, 875.3954724102753)",54.79880169034958,38.894179525455684,0.4767489424391567,83.29269964626783,334.0511660413569
"(115, 875.3954724102753)",54.58568023767198,39.297726747837565,0.48169545921473034,85.15602889231072,336.5179951848526
"(116, 875.3954724102753)",54.372573285998314,39.702762602402906,0.4866602230346627,87.04468565853185,338.9754701881867
"(117, 875.3954724102753)",54.15949579914025,40.109271748617786,0.49164304586096574,88.95882827365978,341.423268115027
"(118, 875.3954724102753)",53.94646321673282,40.51723802892819,0.4966437296409525,90.89861308869197,343.8610592399507
"(119, 875.3954724102753)",53.73349134622815,40.926644535500245,0.5016620671253099,92.8641944878434,346.2885077536325
"(120, 875.3954724102753)",53.52059625849233,41.3374736752958,0.5066978426657737,94.85572490771901,348.70527244195324
"(17, 875.5241835432247)",92.54641867679133,0.15051715949441602,0.0018449777700270597,0.029627133914048132,1.585695521844293
"(18, 875.5241835432247)",92.3800707513739,0.20866929443453375,0.0025577828522151983,0.04279987605051906,2.1966008673160533
"(19, 875.5241835432247)",92.17322841490666,0.28300419500564145,0.003468949655731409,0.06016171147925756,2.976987603607535
"(20, 875.5241835432247)",91.92019539226264,0.3768640855015389,0.0046194457987875455,0.0826194654846234,3.961817045921021
"(21, 875.5241835432247)",91.61493401231742,0.4941773953547892,0.006057424362391703,0.11121163689379275,5.1922098823640415
"(22, 875.5241835432247)",91.25108261006997,0.639518713789252,0.007838958789952966,0.1471215056928826,6.716076488709672
"(23, 875.5241835432247)",90.82199682005245,0.8181398880674279,0.010028424076876296,0.1916883520760282,8.588439450056308
"(24, 875.5241835432247)",90.32082607048854,1.035955082207694,0.012698313626494208,0.24641485699413396,10.871265813218013
"(25, 875.5241835432247)",89.74064496863858,1.299458720087105,0.01592823342987355,0.3129684145735704,13.632585154402369
"(26, 875.5241835432247)",89.07467853575983,1.6155484763164083,0.019802732360993683,0.39317377524107605,16.944597307042912
"(27, 875.5241835432247)",88.31670262639864,1.991209140496955,0.024407427113504184,0.4889939796971236,20.88029871624439
"(28, 875.5241835432247)",87.46178334294949,2.432974838602982,0.02982241033072582,0.6024954822765582,25.50774597382319
"(29, 875.5241835432247)",86.50764566778574,2.9460159762362377,0.036111058729501024,0.7357910026770551,30.880314208350764
"(30, 875.5241835432247)",85.45705564082,3.5326213158085307,0.04330142702322536,0.8909497954719644,37.02049674529395
"(31, 875.5241835432247)",84.32135727531573,4.189926569427114,0.05135840594258443,1.069862434638379,43.89566399632435
"(32, 875.5241835432247)",83.12412993510607,4.907352927124403,0.060152324762398894,1.274055687068363,51.390759338757825
"(33, 875.5241835432247)",81.90178605333642,5.665529345966178,0.06944574116236625,1.5044876107482306,59.29693822098659
"(34, 875.5241835432247)",80.69746019008046,6.4391055551384015,0.07892792189271339,1.7614073239027723,67.34189704997853
"(35, 875.5241835432247)",79.54953339170335,7.203310303814692,0.08829523109382138,2.044375751833189,75.26023436234513
"(36, 875.5241835432247)",78.48242740995187,7.940081280836949,0.09732626834414743,2.3524561800739923,82.85904544924449
"(37, 875.5241835432247)",77.5051962516942,8.64000764587177,0.10590567941251135,2.684472149671428,90.03851135055807
"(38, 875.5241835432247)",76.61588290815968,9.300585678426788,0.11400277471729948,3.039218929101165,96.77296732692464
"(39, 875.5241835432247)",75.80685109233505,9.923400077383041,0.12163697884918663,3.4155856934835573,103.08053090211506
"(40, 875.5241835432247)",75.06855622380347,10.51189229449426,0.12885047571589706,3.8126041980046135,108.99910335231225
"(41, 875.5241835432247)",74.39155424476843,11.070039255554633,0.13569201284710186,4.229454934431429,114.57218382686419
"(42, 875.5241835432247)",73.76734519369634,11.60170461935507,0.14220894939174547,4.6654542805332735,119.84192002821443
"(43, 875.5241835432247)",73.18860663835125,12.110375927117413,0.14844403420350227,5.120035680548667,124.84630616733517
"(44, 875.5241835432247)",72.64915543690663,12.5990942159935,0.15443454307179721,5.592730820573523,129.6184464132327
"(45, 875.5241835432247)",72.14381031645264,13.070469172897917,0.16021246447130685,6.0831530306934125,134.18673411899542
"(46, 875.5241835432247)",71.66823362409961,13.526726563410945,0.1658050809260321,6.590983437330008,138.57537466775256
"(47, 875.5241835432247)",71.21878383348783,13.969763346344376,0.17123564458111656,7.115959703752708,142.80498821162718
"(48, 875.5241835432247)",70.79238902441443,14.40120006493627,0.176524019392658,7.657866976454043,146.8931809780712
"(49, 875.5241835432247)",70.38644243470422,14.822426816472557,0.18168724460455885,8.216530629373311,150.8550458632512
"(50, 875.5241835432247)",69.99871780828398,15.234642067446092,0.1867400105288358,8.791810437534128,154.703584815578
"(51, 875.5241835432247)",69.62730135784285,15.638884798816498,0.19169505256908265,9.383595887728488,158.45005850209313
"(52, 875.5241835432247)",69.27053718482051,16.03606088773299,0.1965634745968336,9.991802372891073,162.10427323792103
"(53, 875.5241835432247)",68.92698346382791,16.426964676965422,0.20135501334082687,10.616368088784366,165.67481556877817
"(54, 875.5241835432247)",68.59537715632943,16.81229660601003,0.20607825450188128,11.257251481578614,169.16924403719386
"(55, 875.5241835432247)",68.27460547443228,17.192677647542098,0.21074080970903292,11.914429131559729,172.59424622817937
"(56, 875.5241835432247)",67.96368269074878,17.568661163033205,0.21534946184084147,12.587893983067909,175.95576777160764
"(57, 875.5241835432247)",67.66173119378843,17.940742675046437,0.21991028481018657,13.277653850623919,179.25911871057266
"(58, 875.5241835432247)",67.36796592794788,18.30936795566211,0.2244287427088746,13.983730146273235,182.50906157754665
"(59, 875.5241835432247)",67.08168154356827,18.674939750655657,0.22890977222987785,14.706156785013542,185.7098846516158
"(60, 875.5241835432247)",66.80224172757498,19.037823394720164,0.23335785149641655,15.444979234256989,188.86546317054422
"(61, 875.5241835432247)",66.52907029732425,19.39835152195529,0.2377770578012167,16.200253680323016,191.97931071639738
"(62, 875.5241835432247)",66.26164372742919,19.756828035265023,0.24217111626175977,16.972046290487782,195.0546225523408
"(63, 875.5241835432247)",65.99948484693016,20.11353146625292,0.24654344100450343,17.76043255352147,198.09431233988357
"(64, 875.5241835432247)",65.74215749712555,20.46871783169792,0.2508971701783999,18.565496684874763,201.1010433888743
"(65, 875.5241835432247)",65.48926198161281,20.82262307256914,0.2552351958513313,19.387331085567318,204.0772553736646
"(66, 875.5241835432247)",65.24043117285166,21.175465145354735,0.25956018964477273,20.22603584581154,207.0251872732527
"(67, 875.5241835432247)",64.99532716510582,21.527445822733405,0.2638746248056827,21.081718286167437,209.94689715460262
"(68, 875.5241835432247)",64.75363838421718,21.87875225024243,0.2681807952874987,21.95449253039135,212.84427930566866
"(69, 875.5241835432247)",64.51507708092275,22.22955829733946,0.27248083231091347,22.84447910516536,215.71907913502545
"(70, 875.5241835432247)",64.27937714747982,22.580025734576605,0.2767767187931767,23.75180456286301,218.57290618230573
"(71, 875.5241835432247)",64.0462922079614,22.93030526314513,0.28107030196784677,24.676601124097015,221.40724552454967
"(72, 875.5241835432247)",63.81559394101234,23.28053741868194,0.28536330446327446,25.619006337490962,224.22346781591403
"(73, 875.5241835432247)",63.58707060085711,23.63085336758165,0.28965733406346617,26.57916275447169,227.0228381587516
"(74, 875.5241835432247)",63.36052570790228,23.981375611146788,0.2939538923392793,27.55721761731687,229.80652397238364
"(75, 875.5241835432247)",63.135776884986996,24.332218610437163,0.29825438230756285,28.553322558998083,232.5756019990197
"(76, 875.5241835432247)",62.9126548190755,24.68348934269819,0.30256011525163234,29.56763331359535,235.33106456483404
"(77, 875.5241835432247)",62.691002331293035,25.035287798602912,0.30687231681625327,30.600309436280305,238.0738251962876
"(78, 875.5241835432247)",62.47067354088571,25.387707428120226,0.31119213247291705,31.651514032033432,240.80472367639229
"(79, 875.5241835432247)",62.25153311078231,25.740835541701514,0.31552063243742356,32.721413492411315,243.52453061340586
"(80, 875.5241835432247)",62.033455564238444,26.09475367251544,0.3198588161099985,33.810177239806634,246.23395158400228
"(81, 875.5241835432247)",61.8163246635954,26.449537904631132,0.32420761609804183,34.91797747870872,248.93363090402462
"(82, 875.5241835432247)",61.60003284337618,26.80525917140868,0.3285679018736638,36.04498895365702,251.62415507279283
"(83, 875.5241835432247)",61.38448069114555,27.16198352771587,0.33294048311041347,37.19138871349525,254.30605593023628
"(84, 875.5241835432247)",61.169576470280845,27.519772399193183,0.33732611273866275,38.35735588175609,256.97981356157135
"(85, 875.5241835432247)",60.955235679748746,27.878682811288236,0.3417254897530232,39.54307143296976,259.64585897895444
"(86, 875.5241835432247)",60.74138064654181,28.238767600475544,0.3461392618013855,40.74871797474659,262.30457660616594
"(87, 875.5241835432247)",60.52794014613143,28.60007561018505,0.3505680275865359,41.974479535576606,264.9563065934839
"(88, 875.5241835432247)",60.314849053637204,28.962651870412017,0.3550123390677338,43.220541358244766,267.6013469518033
"(89, 875.5241835432247)",60.10204800501703,29.326537771180266,0.35947270358696093,44.48708969887094,270.23995561517864
"(90, 875.5241835432247)",59.889483095442195,29.691771217044817,0.3639495857627478,45.77431163154341,272.87235229428114
"(91, 875.5241835432247)",59.67710558299788,30.058386778121527,0.3684434093414302,47.08239485862102,275.49872028691675
"(92, 875.5241835432247)",59.46487161357781,30.426415830211003,0.3729545589147428,48.41152752668233,278.1192081658713
"(93, 875.5241835432247)",59.25274195932588,30.795886687821216,0.37748338155033584,49.76189804826084,280.7339313847325
"(94, 875.5241835432247)",59.04068177030483,31.166824730627688,0.38203018834189584,51.13369492940051,283.34297380750223
"(95, 875.5241835432247)",58.828660337086404,31.539252523911248,0.3865952558854001,52.52710660314569,285.9463891676033
"(96, 875.5241835432247)",58.61665086483396,31.913189934002457,0.39117882769420276,53.942321269081276,288.5442024672813
"(97, 875.5241835432247)",58.404630256174976,32.288654238965904,0.3957811155557531,55.379526739024556,291.1364113197528
"(98, 875.5241835432247)",58.192578903017825,32.665660235260205,0.40040230083898787,56.83891028901663,293.7229872418668
"(99, 875.5241835432247)",57.980480486202815,33.044220340762095,0.40504253575715915,58.32065851772142,296.30387690134273
"(100, 875.5241835432247)",57.768321782407384,33.42434469454846,0.40970194459092707,59.824957211397965,298.8790033226449
"(101, 875.5241835432247)",57.55609247768985,33.80604125380254,0.4143806248761858,61.35199121555454,301.4482670552993
"(102, 875.5241835432247)",57.34378498723081,34.189315888116845,0.41907864855999843,62.90194431345041,304.01154730744025
"(103, 875.5241835432247)",57.13139428078801,34.57417247147634,0.423796063128093,64.47499911156886,306.5687030474877
"(104, 875.5241835432247)",56.91891771355801,34.96061297211114,0.42853289270622175,66.07133693220226,309.11957407582884
"(105, 875.5241835432247)",56.706354862088624,35.34863754042041,0.43328913913792205,67.69113771329604,311.66398206857986
"(106, 875.5241835432247)",56.493707365009946,35.738244595103495,0.4380647830402567,69.33457991564858,314.20173159471204
"(107, 875.5241835432247)",56.280978768345896,36.12943090762513,0.44285978483915744,71.00184043762722,316.73261110780425
"(108, 875.5241835432247)",56.06817437523407,36.52219168510323,0.4476740857854391,72.69309453749592,319.2563939132602
"(109, 875.5241835432247)",55.855301099877195,36.9165206517009,0.4525076089524596,74.40851576345575,321.7728391117433
"(110, 875.5241835432247)",55.64236732562748,37.3124101285585,0.45736026021590037,76.14827589152911,324.28169251911385
"(111, 875.5241835432247)",55.42938276709377,37.709851112300086,0.4622319292160602,77.91254487132966,326.7826875631711
"(112, 875.5241835432247)",55.21635833615667,38.1088333521424,0.46712249030302855,79.7014907798507,329.27554615738626
"(113, 875.5241835432247)",55.003306011868546,38.50934542558486,0.47203180346447104,81.51527978329524,331.7599795513717
"(114, 875.5241835432247)",54.79023871414538,38.9113748126857,0.47695971523606157,83.35407610704134,334.23568915802036
"(115, 875.5241835432247)",54.57717018122532,39.314907968890566,0.4819060595941891,85.21804201376473,336.7023673569703
"(116, 875.5241835432247)",54.364114850844,39.719930396386495,0.4868706588305978,87.10733778976997,339.15969827404115
"(117, 875.5241835432247)",54.151087745089434,40.126426713944824,0.4918533244084773,89.02212173954746,341.6073585362055
"(118, 875.5241835432247)",53.93810435891837,40.534380725200236,0.4968538577994066,90.9625501885761,344.04501800155083
"(119, 875.5241835432247)",53.725180552291555,40.94377548532439,0.5018720513006103,92.92877749436454,346.4723404637657
"(120, 875.5241835432247)",53.512332445901635,41.35459336603928,0.5069076888318702,94.92095606573258,348.8889843305736
"(17, 875.6698729810778)",92.5421936749946,0.15196884992873735,0.0018627719975376064,0.029897221610968683,1.6012760968654955
"(18, 875.6698729810778)",92.37450758594504,0.2106296873351588,0.002581812546736419,0.04317426533947811,2.217641199522155
"(19, 875.6698729810778)",92.16604123642128,0.28561239939871047,0.003500919958260739,0.0606694255372184,3.0049807096298826
"(20, 875.6698729810778)",91.91105598528573,0.38029312736944804,0.004661477591309071,0.08329552623694554,3.9986199640488085
"(21, 875.6698729810778)",91.60346621412228,0.4986416653155842,0.006112145557401869,0.11209811850422906,5.2401236053877245
"(22, 875.6698729810778)",91.23685656728684,0.6452819407034825,0.007909602067942438,0.14826869559682135,6.7779315425692035
"(23, 875.6698729810778)",90.8045235938263,0.8255230381794383,0.010118923710773216,0.19315596740632318,8.667680673111676
"(24, 875.6698729810778)",90.29955351454522,1.0453432166526713,0.012813389538116468,0.24827323350495265,10.972025955794566
"(25, 875.6698729810778)",89.71495665869266,1.3113052934713598,0.01607344388041866,0.3152995466938622,13.75973101444083
"(26, 875.6698729810778)",89.0438994078952,1.6303745710154072,0.019984464565002004,0.39607203553551207,17.10372151169464
"(27, 875.6698729810778)",88.28011906498944,2.0095930653132417,0.02463276974371216,0.4925662652406408,21.077608087407924
"(28, 875.6698729810778)",87.4186934921298,2.4555231996810445,0.030098798917112184,0.6068603842203242,25.749751040410302
"(29, 875.6698729810778)",86.45746831835052,2.9732997411044186,0.036445491958466955,0.7410763142758577,31.17314299972779
"(30, 875.6698729810778)",85.39953549439372,3.56505260319579,0.04369895647756694,0.8972872568393453,37.36857241127735
"(31, 875.6698729810778)",84.25687907750105,4.227561118020667,0.051819714844328575,1.077378355107355,44.299584760541514
"(32, 875.6698729810778)",83.0540374877589,4.949665981242964,0.06067098087106423,1.2828569688011167,51.844893144201095
"(33, 875.6698729810778)",81.82841853348427,5.7113297996327,0.07000714438812213,1.5146459690648961,59.78850126504999
"(34, 875.6698729810778)",80.62365244864247,6.486767673944716,0.07951214464821453,1.7729488128712283,67.85344079168388
"(35, 875.6698729810778)",79.47780233027724,7.251243702858239,0.0888827790914995,2.057282215806154,75.7746896614524
"(36, 875.6698729810778)",78.41442304248136,7.9871075408816194,0.09790269700305566,2.3666775722008557,83.36376467696984
"(37, 875.6698729810778)",77.44166769415592,8.685450873521885,0.10646270390788734,2.6999420651834933,90.52624034305832
"(38, 875.6698729810778)",76.55694233425804,9.34416441770698,0.11453694507692999,3.0558668451118067,97.24068530204416
"(39, 875.6698729810778)",75.75226239061095,9.96507569994188,0.12214782158252085,3.433344135003492,103.5278232750779
"(40, 875.6698729810778)",75.01793566397767,10.551751667265254,0.1293390556024042,3.8314119487437934,109.42690244210604
"(41, 875.6698729810778)",74.34448243965248,11.10822281942507,0.1361600513535287,4.249257928514366,114.98199694532717
"(42, 875.6698729810778)",73.72342058090308,11.638367716328043,0.142658350636911,4.68620536545917,120.23541441645476
"(43, 875.6698729810778)",73.14746675911456,12.145670004928338,0.14887665457179358,5.141693928570337,125.22510727015994
"(44, 875.6698729810778)",72.6104823064923,12.633158775169697,0.1548520925036157,5.615260724082246,129.98405144941302
"(45, 875.6698729810778)",72.10732867564838,13.103429152740064,0.16061647442149074,6.106523729505639,134.54048402582967
"(46, 875.6698729810778)",71.63370645767112,13.558692315498693,0.16619690403910523,6.61516803303824,138.9184538167334
"(47, 875.6698729810778)",71.18600721339988,14.000831729362668,0.17161646811121473,7.14093467350717,143.1384361589014
"(48, 875.6698729810778)",70.76118717210645,14.431455933147264,0.17689488344862184,7.683611680647385,147.21790843980983
"(49, 875.6698729810778)",70.356663337624,14.851944556311988,0.18204906098488435,8.243026901507175,151.171851207451
"(50, 875.6698729810778)",69.97022946886497,15.263487030236885,0.18709358028330764,8.819042243237917,155.01316943902117
"(51, 875.6698729810778)",69.59998864348772,15.667114573217038,0.19204108159591818,9.411549041122415,158.75304048712403
"(52, 875.6698729810778)",69.24429920666857,16.06372640149514,0.19690258714758263,10.020464299861436,162.40119917730783
"(53, 875.6698729810778)",68.90173140392756,16.45411113784734,0.20168776355369503,10.645727628644408,165.96617066425736
"(54, 875.6698729810778)",68.57103246737447,16.838964299727554,0.20640513618269318,11.287298720090917,169.4554606636501
"(55, 875.6698729810778)",68.25109838606858,17.21890261236741,0.2110622646001899,11.94515525961913,172.8757111739278
"(56, 875.6698729810778)",67.94095096684492,17.594475759797678,0.2156658866081745,12.619291176482957,176.23282835604874
"(57, 875.6698729810778)",67.63971909501792,17.966176069188638,0.22022203695171103,13.309715167249918,179.5320879578891
"(58, 875.6698729810778)",67.34662334228862,18.3344465257514,0.22473614556230542,14.016449437532069,182.77822260126894
"(59, 875.6698729810778)",67.06096325460382,18.699687435469638,0.22921311922695653,14.739528619377477,185.97549437968817
"(60, 875.6698729810778)",66.78210679609325,19.06226198903493,0.23365740978859395,15.478998830694572,189.12775551997112
"(61, 875.6698729810778)",66.50948153643206,19.422500929452887,0.23807307135968447,16.234916850126783,192.2384993076232
"(62, 875.6698729810778)",66.24256725517229,19.780706485500836,0.24246380853695107,17.0073493861743,195.31090303788602
"(63, 875.6698729810778)",65.98088970337135,20.13715570144246,0.24683301721564835,17.796372423671063,198.3478644090919
"(64, 875.6698729810778)",65.72401531524012,20.49210326808941,0.2511838192915624,18.602070634083972,201.3520324998605
"(65, 875.6698729810778)",65.471546703369,20.845783940315044,0.2555190922938978,19.42453683871453,204.32583425452322
"(66, 875.6698729810778)",65.2231188032753,21.198414610187328,0.2598414947969051,20.263871516048297,207.27149722797097
"(67, 875.6698729810778)",64.97839555850899,21.55019609213809,0.26415348830174107,21.12018234612086,210.19106920257335
"(68, 875.6698729810778)",64.7370670576938,21.901314666417168,0.2684573561555091,21.993583786116382,213.0864351794142
"(69, 875.6698729810778)",64.49884705106814,22.25194341884438,0.2727552199733855,22.88419667251425,215.95933215650615
"(70, 875.6698729810778)",64.26347078701133,22.602243408246906,0.2770490539485898,23.79214784594016,218.81136203474924
"(71, 875.6698729810778)",64.03069311935899,22.952364687644064,0.28134069736965245,24.717569795552603,221.64400293453883
"(72, 875.6698729810778)",63.80028684485052,23.302447200809745,0.2856318656101069,25.660600320414684,224.4586191577359
"(73, 875.6698729810778)",63.572041236811856,23.65262157231268,0.2899241598124862,26.621382205705014,227.2564699914405
"(74, 875.6698729810778)",63.345760746766764,24.00300980620366,0.29421907545252973,27.600062912020622,230.03871751810624
"(75, 875.6698729810778)",63.12126385022444,24.353725906115987,0.2985180099401471,28.596794276329817,232.8064335705229
"(76, 875.6698729810778)",62.89838201671857,24.704876427528777,0.3028222693888127,29.611732223377697,235.56060594816563
"(77, 875.6698729810778)",62.67695878711803,25.056560971368487,0.3071330746659404,30.645036486548364,238.30214399446356
"(78, 875.6698729810778)",62.45684894399109,25.40887262666563,0.31145156681877884,31.69687033738173,241.03188361857602
"(79, 875.6698729810778)",62.237917762777876,25.761898368921095,0.31577881195744845,32.76740032305698,243.75059183383755
"(80, 875.6698729810778)",62.02004033338635,26.115719419848126,0.3201158056644841,33.856796011284445,246.45897087416972
"(81, 875.6698729810778)",61.8031009433247,26.470411573349505,0.324463476990538,34.96522974218218,249.1576619411211
"(82, 875.6698729810778)",61.586992514689285,26.82604549194187,0.32882269208783715,36.09287638670442,251.84724862714796
"(83, 875.6698729810778)",61.37161608844551,27.182686977241776,0.333194257525678,37.23991311143411,254.52826005410085
"(84, 875.6698729810778)",61.156880350273816,27.540397217673434,0.33757892332673517,38.40651914938546,257.20117376122573
"(85, 875.6698729810778)",60.94270119307325,27.899233016120714,0.34197738575752573,39.592875576726335,259.86641837196726
"(86, 875.6698729810778)",60.729001311829236,28.259246999913366,0.3463902899023231,40.79916509523585,262.5243760654102
"(87, 875.6698729810778)",60.51570982626094,28.62048781564141,0.3508182320511352,42.025571820453095,265.17538487921075
"(88, 875.6698729810778)",60.30276193394534,28.98300030777264,0.35526176188909986,43.27228107541439,267.8197408330476
"(89, 875.6698729810778)",60.090098573253236,29.346825691228922,0.3597213846118747,44.53947918999043,270.4576999816673
"(90, 875.6698729810778)",59.87766612332164,29.712001705078208,0.36419756280951027,45.82735330582125,273.0894802596007
"(91, 875.6698729810778)",59.66541610917552,30.078562762842264,0.36869071830888306,47.13609118685407,275.7152632839879
"(92, 875.6698729810778)",59.45330492790909,30.446540091968977,0.3732012338832727,48.46588103556979,278.3351960353771
"(93, 875.6698729810778)",59.24129358830014,30.81596186626031,0.3777294548756211,49.81691131493747,280.94939245720946
"(94, 875.6698729810778)",59.02934746352039,31.186853331806155,0.3822756907421733,51.189370576205505,283.55793497974713
"(95, 875.6698729810778)",58.817436054693474,31.559236926933167,0.38684021652275347,52.58344729260335,286.16087597384876
"(96, 875.6698729810778)",58.605532765850604,31.93313239720995,0.39142327425046897,53.999329699084825,288.7582391456609
"(97, 875.6698729810778)",58.39361468758638,32.30855690573776,0.39602507430359196,55.4372056382187,291.35002087452955
"(98, 875.6698729810778)",58.18166238960383,32.68552513944588,0.4006457967084908,56.89726241237249,293.93619150175437
"(99, 875.6698729810778)",57.96965972102286,33.06404941178751,0.4052855923984432,58.37968664229359,296.516696574312
"(100, 875.6698729810778)",57.757593617888155,33.44413976222261,0.40994458443304116,59.88466413225653,299.09145804750534
"(101, 875.6698729810778)",57.54545391726572,33.8258040528504,0.41462286918267655,61.41237974189722,301.6603754503472
"(102, 875.6698729810778)",57.33323317749034,34.20904806246278,0.41932051748142196,62.96301726487295,304.2233270164436
"(103, 875.6698729810778)",57.120926504092154,34.59387557829689,0.4240375757516788,64.53675931450874,306.78017078316793
"(104, 875.6698729810778)",56.90853138107368,34.980288485684575,0.42877406710307453,66.13378721653993,309.33074566118944
"(105, 875.6698729810778)",56.696047507234184,35.368286855777264,0.4335299924077504,67.75428090910734,311.8748724760751
"(106, 875.6698729810778)",56.48347663725376,35.75786903150603,0.4383053313540402,69.39841885011643,314.41235498360516
"(107, 875.6698729810778)",56.27082242735312,36.14903171188046,0.4431000434797499,71.06637793210818,316.9429808597145
"(108, 875.6698729810778)",56.05809028531296,36.5417700347333,0.4479140691864176,72.75833340472258,319.46652266618537
"(109, 875.6698729810778)",55.845287224734236,36.936077657965456,0.45274733073519813,74.47445880489589,321.982738792517
"(110, 875.6698729810778)",55.63242172338809,37.33194683935351,0.45759973322507386,76.21492589487949,324.491374374496
"(111, 875.6698729810778)",55.41950358556643,37.729368514940866,0.46247116555377515,77.97990460815511,326.99216218973015
"(112, 875.6698729810778)",55.20654380835014,38.12833237602831,0.46736150136148547,79.76956300335921,329.4848235300986
"(113, 875.6698729810778)",54.993554451723526,38.52882694476396,0.4722705999573928,81.58406722624726,331.96906905114025
"(114, 875.6698729810778)",54.78054851247175,38.93083964832337,0.47719830722895556,83.42358147979151,334.44459959817334
"(115, 875.6698729810778)",54.567539801846564,39.334356891641235,0.4821444565334247,85.28826800243372,336.91110700872105
"(116, 875.6698729810778)",54.35454282691403,39.73936412868538,0.4871088695714894,87.17828705454612,339.3682748910764
"(117, 875.6698729810778)",54.14157267559313,40.145845932213355,0.4920913572423215,89.09379691311051,341.8157793783593
"(118, 875.6698729810778)",53.92864490533783,40.55378606197393,0.49709172047956623,91.03495387464146,344.2532898576457
"(119, 875.6698729810778)",53.715775435425144,40.96316753130864,0.5021097510677102,93.00191226635187,346.68046967367053
"(120, 875.6698729810778)",53.50298044283417,41.373972672093394,0.5071452324381187,94.99482446554597,349.09697680650066
"(17, 875.8319880738944)",92.53744230323441,0.1536024651769489,0.0018827961849980028,0.030200824970966357,1.6188123008737785
"(18, 875.8319880738944)",92.36825252514024,0.21283569559417484,0.0026088528933090704,0.043595003627710925,2.2413218125115035
"(19, 875.8319880738944)",92.15796108316395,0.2885475645421415,0.0035368980119203763,0.06123988801716783,3.0364885293776602
"(20, 875.8319880738944)",91.90078147636338,0.3841525523930702,0.004708784844507495,0.08405504903836158,4.040049342738862
"(21, 875.8319880738944)",91.59057386823893,0.5036672264169635,0.006173746829609675,0.11309397261259156,5.294070987029353
"(22, 875.8319880738944)",91.22086213828909,0.6517713161472065,0.007989146177610094,0.14955739569510262,6.847592384054099
"(23, 875.8319880738944)",90.78487592030864,0.8338386476119624,0.010220853049586042,0.1948046422142561,8.756945404015813
"(24, 875.8319880738944)",90.27562983315156,1.0559199648487563,0.012943034991057227,0.2503609631917096,11.085563104735922
"(25, 875.8319880738944)",89.68606144905475,1.324655373620308,0.01623708370185581,0.3179185292557223,13.90303876986288
"(26, 875.8319880738944)",89.00927104742144,1.6470864218340049,0.020189311596130285,0.3993283855822556,17.283116527499864
"(27, 875.8319880738944)",88.23895337569847,2.030319137045351,0.02488682145272742,0.49658015439488246,21.30009415538742
"(28, 875.8319880738944)",87.3702026842394,2.4809460884705197,0.030410422288321175,0.6117650547606361,26.022655556186365
"(29, 875.8319880738944)",86.40100840865563,3.0040573953077363,0.0368225067018609,0.7470151685300134,31.503314082025124
"(30, 875.8319880738944)",85.33484540879671,3.60159463105793,0.04414687370709581,0.9044077445176717,37.76083642161519
"(31, 875.8319880738944)",84.18444213391642,4.26992068960398,0.05233894114504821,1.0858211157674416,44.75429776098268
"(32, 875.8319880738944)",82.9754358983833,4.997208011016517,0.061253731624326326,1.2927398068497598,52.35523773862875
"(33, 875.8319880738944)",81.74634351768366,5.762670554722072,0.07063645836238636,1.5260461290940646,60.33962362893364
"(34, 875.8319880738944)",80.54130025704798,6.540061789488826,0.08016540211588373,1.7858918385458917,68.42553167135173
"(35, 875.8319880738944)",79.39795093763092,7.304722928562796,0.08953830556379581,2.0717445670514465,76.34876760365569
"(36, 875.8319880738944)",78.33884913264012,8.039488034765153,0.09854475567013822,2.3826011120690227,83.92604816076431
"(37, 875.8319880738944)",77.37114537073332,8.736013043356959,0.10708247430259472,2.7172515144982223,91.06900484181503
"(38, 875.8319880738944)",76.49155395107064,9.39262073299902,0.11513090276807786,3.074483163782645,97.76084429632522
"(39, 875.8319880738944)",75.69172021882066,10.011399850053309,0.12271564406506125,3.4531921756112505,104.02509433365974
"(40, 875.8319880738944)",74.9617999642904,10.596049993039497,0.12988204635883335,3.8524237849094933,109.90242709265326
"(41, 875.8319880738944)",74.29228104249044,11.15065678120346,0.1366801894988288,4.271373698562021,115.43750840051382
"(42, 875.8319880738944)",73.67470503131277,11.679112723811267,0.14315778627135087,4.709372929270753,120.67279562902417
"(43, 875.8319880738944)",73.10183403034684,12.184895673888484,0.14935746677612197,5.165868063021644,125.6461789971899
"(44, 875.8319880738944)",72.56757971171095,12.671020648569938,0.15531618785984994,5.640402211414888,130.39048338193592
"(45, 875.8319880738944)",72.06685137355615,13.140066174047146,0.1610655560418105,6.132598492420851,134.9337676659053
"(46, 875.8319880738944)",71.59539219610227,13.594227008409089,0.16663247376886078,6.642146371879795,139.2999044067726
"(47, 875.8319880738944)",71.14963046811937,14.035371528334077,0.17203984283804338,7.168790616343375,143.5092069644205
"(48, 875.8319880738944)",70.72655360421868,14.46509489839916,0.1773072161242107,7.712322438662143,147.57900915925296
"(49, 875.8319880738944)",70.32360490473107,14.884765113033982,0.18245136194349565,8.27257241583423,151.52416664192725
"(50, 875.8319880738944)",69.93860025735684,15.295561576236178,0.18748673694764462,8.849404808609954,155.3574767497329
"(51, 875.8319880738944)",69.56966137671515,15.698506899766416,0.19242587589331042,9.442712992889915,159.09002444760864
"(52, 875.8319880738944)",69.2151623437911,16.094492919765813,0.19727971054308904,10.052415752907729,162.73146533868837
"(53, 875.8319880738944)",68.87368673739704,16.48430192422468,0.202057829863165,10.678454258657466,166.29025657629506
"(54, 875.8319880738944)",68.5439931337588,16.86862398105688,0.206768692423739,11.320789579428672,169.77384537749424
"(55, 875.8319880738944)",68.22498721630028,17.248071113663713,0.2114198001573137,11.979400621486427,173.1888232684791
"(56, 875.8319880738944)",67.91569911405747,17.62318893559366,0.21601784097157334,12.654282402334138,176.5410527152293
"(57, 875.8319880738944)",67.61526488920849,17.994466237244996,0.22056880625927378,13.345444593342837,179.83577149980258
"(58, 875.8319880738944)",67.32291133052598,18.3623429191755,0.22507808814150582,14.05291027733556,183.0776791315107
"(59, 875.8319880738944)",67.03794339331435,18.72721658677549,0.22955056030249843,14.776714879135064,186.2710087140785
"(60, 875.8319880738944)",66.75973376839231,19.08944805740953,0.23399064549390539,15.516905236003723,189.41958699761727
"(61, 875.8319880738944)",66.48771417269812,19.449365980533653,0.23840237216632484,16.27353878173209,192.52688479423267
"(62, 875.8319880738944)",66.22136803910355,19.80727073140591,0.24278942219679533,17.046682823552484,195.59605950237886
"(63, 875.8319880738944)",65.96022434918453,20.163437707403425,0.24715517129371203,17.836413895185274,198.62999114173047
"(64, 875.8319880738944)",65.70385240426234,20.51812013096906,0.25150272335419394,18.6428171727404,201.63131302856195
"(65, 875.8319880738944)",65.45185737045823,20.87155144336067,0.2558349398056898,19.46598594270679,204.60243800607563
"(66, 875.8319880738944)",65.20387646519801,21.22394735764108,0.2601544647706851,20.306021113394202,207.54558097301486
"(67, 875.8319880738944)",64.95957567777683,21.575507626722523,0.26446374673865575,21.16303076282661,210.46277831676116
"(68, 875.8319880738944)",64.71864693650573,21.926417572201725,0.26876505730593814,22.03712971739961,213.35590474765436
"(69, 875.8319880738944)",64.48080565092647,22.276849411585673,0.27306050744427923,22.928439156678046,216.2266879427115
"(70, 875.8319880738944)",64.24578857023452,22.62696341499688,0.27735206167928667,23.83708624054994,219.07672133641313
"(71, 875.8319880738944)",64.01335190943482,22.97690891708796,0.28164155049403067,24.763203755631412,221.90747533776957
"(72, 875.8319880738944)",63.783269703000926,23.326825205595448,0.2859306812206222,25.706929778426012,224.72030720635448
"(73, 875.8319880738944)",63.55533235256253,23.67684230444106,0.2902210476391031,26.668407353081136,227.516469781563
"(74, 875.8319880738944)",63.32934534064217,24.02708166638996,0.29451413846778135,27.647784182087328,230.29711922801985
"(75, 875.8319880738944)",63.10512808702404,24.377656787876308,0.29881134489952405,28.64521232844666,233.06332193393766
"(76, 875.8319880738944)",62.88251292797104,24.728673756678262,0.3031139673149112,29.660847928184413,235.8160606781997
"(77, 875.8319880738944)",62.66134420160315,25.080231741476382,0.3074232212830743,30.694850912171855,238.55624016426387
"(78, 875.8319880738944)",62.44147742531912,25.432423430966356,0.3117402429441269,31.74738473653749,241.284692003856
"(79, 875.8319880738944)",62.22277855317395,25.78533542910283,0.31606609385391493,32.81861612091683,244.00217922190757
"(80, 875.8319880738944)",62.00512330295099,26.13904861207937,0.32040176535973586,33.908714794079444,246.70940034332347
"(81, 875.8319880738944)",61.788396544136134,26.4936384518604,0.32474818256606,35.017853246436566,249.40699311377975
"(82, 875.8319880738944)",61.572491739180485,26.84917531044358,0.3291062079414697,36.146206489059395,252.09553789977855
"(83, 875.8319880738944)",61.35731043158941,27.205724708416216,0.33347664461052656,37.29395181900807,254.77556080644098
"(84, 875.8319880738944)",61.14276177516169,27.563347570943193,0.3378602393689683,38.461268590626936,257.44753654701844
"(85, 875.8319880738944)",60.92876209950323,27.922100453889936,0.3422576854554675,39.64833799271091,260.11189109332076
"(86, 875.8319880738944)",60.71523450759045,28.28203575243962,0.3466696251087465,40.85534283138708,262.769004132438
"(87, 875.8319880738944)",60.502108500832264,28.643201894680782,0.35109665194050116,42.08246731864588,265.41921135649136
"(88, 875.8319880738944)",60.28931963437394,29.00564351911591,0.35553931311123743,43.32989686643156,268.0628065742103
"(89, 875.8319880738944)",60.07680918194678,29.369401646264958,0.35999811143370847,44.597817886322005,270.7000437535103
"(90, 875.8319880738944)",59.86452383762136,29.734513831451945,0.3644735072457118,45.88641759476569,273.3311388565111
"(91, 875.8319880738944)",59.65241542248897,30.101014314320427,0.36896592024279384,47.195883823920944,275.95627163383915
"(92, 875.8319880738944)",59.44044061228702,30.4689341575728,0.373475731178856,48.52640483815902,278.5755872975698
"(93, 875.8319880738944)",59.22856067827409,30.83830137875878,0.3780032834815521,49.87816915627947,281.1891981138282
"(94, 875.8319880738944)",59.016741241141965,31.209141075600883,0.38254888478851357,51.25136537955017,283.7971849202248
"(95, 875.8319880738944)",58.80495203560325,31.58147554542327,0.38711280841120177,52.64618202565012,286.39959857400135
"(96, 875.8319880738944)",58.59316668633255,31.955324399659624,0.39169529473856196,54.06280736863339,288.99646134143137
"(97, 875.8319880738944)",58.38136249248551,32.33070467371042,0.3962965525835594,55.50142928505326,291.5877682310362
"(98, 875.8319880738944)",58.169520221050746,32.70763093283348,0.4009167604811658,56.96223510633521,294.1734882780296
"(99, 875.8319880738944)",57.95762390788689,33.08611537447633,0.4055560679427094,58.445411477584216,296.7535657841103
"(100, 875.8319880738944)",57.745660665890966,33.46616792743042,0.41021459667124094,59.95114422291268,299.32792151659106
"(101, 875.8319880738944)",57.53362049972277,33.8477963481521,0.4148924417422429,61.47961821747232,301.8964538704687
"(102, 875.8319880738944)",57.321496126593324,34.23100631455029,0.4195896727531937,63.03101726630821,304.45903999639614
"(103, 875.8319880738944)",57.10928280271962,34.61580151747914,0.42430633494507625,64.6055239901733,307.01553689712057
"(104, 875.8319880738944)",56.89697815507857,35.00218375015518,0.4290424502984047,66.20331971845667,309.5657824944902
"(105, 875.8319880738944)",56.68458201816022,35.39015299567383,0.43379801860597017,67.82458438935316,312.10959666882997
"(106, 875.8319880738944)",56.47209627546526,35.77970751277046,0.43857301852405883,69.46949645739511,314.64678227210027
"(107, 875.8319880738944)",56.25952470553181,36.1708439199422,0.443367408603593,71.13823280847924,317.1771261159763
"(108, 875.8319880738944)",56.04687283231263,36.56355727802219,0.4481811283022899,72.83096868250959,319.70039993568616
"(109, 875.8319880738944)",55.834147779745955,36.95784117127756,0.453014098978719,74.54787760374701,322.21636133028846
"(110, 875.8319880738944)",55.62135813041934,37.353687787067514,0.45786622486872547,76.28913131898591,324.72475467967877
"(111, 875.8319880738944)",55.40851378819209,37.75108799410748,0.46273739404475533,78.05489974363367,327.2253120387175
"(112, 875.8319880738944)",55.19562584473233,38.150031419332976,0.46762747935803084,79.84535091577321,329.717754008355
"(113, 875.8319880738944)",54.98270644987044,38.55050652337796,0.47253633936372436,81.66065095829384,332.20179058379733
"(114, 875.8319880738944)",54.769768685741155,38.95250067464082,0.47746381922882153,83.50096404912422,334.6771219794091
"(115, 875.8319880738944)",54.556826444651726,39.35600022192102,0.4824097516225016,85.36645239963626,337.14343943013296
"(116, 875.8319880738944)",54.34389431064492,39.7609905655934,0.4873739575885251,87.25727624124329,339.60042596895653
"(117, 875.8319880738944)",54.13098744473128,40.167456227273426,0.49235624739919104,89.17359382021871,342.047757180017
"(118, 875.8319880738944)",53.91812147374711,40.5753809179367,0.4973564213902932,91.11556140075906,344.48510192681897
"(119, 875.8319880738944)",53.705312382828794,40.9847476044318,0.5023742707764369,93.0833332762751,346.9121230550246
"(120, 875.8319880738944)",53.49257641144833,41.39553857434854,0.507409578446141,95.07706178891809,349.32847806930226
"(17, 876.0099138635989)",92.53216610838653,0.15541784701439282,0.0019050483929842574,0.03053779828516072,1.638303480358966
"(18, 876.0099138635989)",92.36130798254129,0.2152870965186595,0.00263890116337551,0.04406185322569871,2.2676417275974328
"(19, 876.0099138635989)",92.14899134261125,0.2918094716597148,0.003576881135040882,0.06187274264635175,3.0715105923611428
"(20, 876.0099138635989)",91.88937627009751,0.38844227189234914,0.004761366471354296,0.08489753078281995,4.086106701661285
"(21, 876.0099138635989)",91.57626234862057,0.5092543228416618,0.006242231172107045,0.11419852026810763,5.354057871126056
"(22, 876.0099138635989)",91.20310549773117,0.6589877160626656,0.008077601855764805,0.15098672205271557,6.925072583840256
"(23, 876.0099138635989)",90.763060457281,0.8430886366571517,0.010334235631605914,0.19663325873560134,8.856259606753628
"(24, 876.0099138635989)",90.24906168450795,1.067688826927294,0.01308729288809264,0.25267666568946756,11.211921649916256
"(25, 876.0099138635989)",89.65396537314945,1.3395146845063628,0.016419223056297144,0.32082368905811576,14.062578486195962
"(26, 876.0099138635989)",88.97079822059997,1.6656926575963142,0.020417379222975207,0.4029408235574521,17.482885790881493
"(27, 876.0099138635989)",88.19320877611511,2.0533993965569928,0.025169729832532992,0.5010332661896264,21.547899596377658
"(28, 876.0099138635989)",87.31631359621117,2.5092587675067213,0.03075746752626737,0.6172066485239296,26.32663982982399
"(29, 876.0099138635989)",86.33827229194898,3.038305408747759,0.0372423048410016,0.7536040944273716,31.871024161420333
"(30, 876.0099138635989)",85.2630058864817,3.642259313932384,0.044645324755339506,0.9123068484650863,38.19744024487227
"(31, 876.0099138635989)",84.10410031465725,4.31700118954236,0.052916034654385845,1.0951847904372787,45.25978616915448
"(32, 876.0099138635989)",82.88843716927948,5.0499427925910565,0.061900133004999316,1.3036958253889939,52.92143435646577
"(33, 876.0099138635989)",81.6557485093216,5.819469596382096,0.07133267778064764,1.5386760291781616,60.94945688910682
"(34, 876.0099138635989)",80.45066287920405,6.598857978139703,0.08088610174499987,1.8002193895353393,69.05680763286428
"(35, 876.0099138635989)",79.3102870568002,7.363580591536748,0.09025975872001689,2.087739893276366,76.98070356839486
"(36, 876.0099138635989)",78.25603402975207,8.097033363785048,0.09925012277357845,2.4001975070305672,84.5438939948035
"(37, 876.0099138635989)",77.29395657163968,8.791496044453922,0.10776256223397833,2.7363647533390205,91.66470810696904
"(38, 876.0099138635989)",76.42003147850136,9.445756519923767,0.1157822195082984,3.09502587271355,98.33134626568722
"(39, 876.0099138635989)",75.62551911399626,10.062179199498562,0.12333807655859039,3.4750818389876796,104.57029598320504
"(40, 876.0099138635989)",74.90042296939275,10.6446009033812,0.13047716355740366,3.875586106909139,110.42370270217876
"(41, 876.0099138635989)",74.23520378758725,11.1971624417087,0.13725023686153992,4.295743355038656,115.93682481579748
"(42, 876.0099138635989)",73.62143366503247,11.723768555732082,0.14370515919197024,4.734893099324012,121.1522510261886
"(43, 876.0099138635989)",73.05192675102914,12.227889043619756,0.14988446191527544,5.192489502279182,126.10778506961312
"(44, 876.0099138635989)",72.52065092257091,12.71252257983998,0.15582490155643888,5.668082233428354,130.83607635683143
"(45, 876.0099138635989)",72.02256831282088,13.18022901966771,0.16155785577427845,6.161300014077548,135.36498330673584
"(46, 876.0099138635989)",71.55346886051498,13.633184889809739,0.16711000354282762,6.671837076861116,139.71818273243701
"(47, 876.0099138635989)",71.10982104193647,14.073241925198833,0.17250404267141586,7.199442245018537,143.91580931669105
"(48, 876.0099138635989)",70.68864632392543,14.50198059804039,0.17775934594182505,7.743910194342876,147.97503913260493
"(49, 876.0099138635989)",70.28741668336801,14.920756152415159,0.18289252538161377,8.305074471449004,151.91059093439455
"(50, 876.0099138635989)",69.90397211980633,15.330737021227177,0.187917903163359,8.882801897313788,155.73514426624845
"(51, 876.0099138635989)",69.53645464462655,15.732936409652753,0.1928478987416453,9.476988067834455,159.45968309761028
"(52, 876.0099138635989)",69.18325547099307,16.12823809332088,0.19769334507661296,10.08755370349097,163.09377648847948
"(53, 876.0099138635989)",68.84297269196036,16.517417444587913,0.20246374636542996,10.714441672850494,166.64580734123132
"(54, 876.0099138635989)",68.5143772319889,16.901158583893693,0.20716748827659887,11.357614543713836,170.12315901680768
"(55, 876.0099138635989)",68.19638532710826,17.280068404113162,0.21181200985472481,12.017052551528387,173.53236795658486
"(56, 876.0099138635989)",67.88803616594271,17.65468807757204,0.2164039445687994,12.692751898900932,176.87924894255607
"(57, 876.0099138635989)",67.58847362425317,18.025502535865897,0.220949236511957,13.384723319017832,180.16899832604955
"(58, 876.0099138635989)",67.29693126027763,18.392948313992,0.2254532365516203,14.09299085041836,183.40627948143612
"(59, 876.0099138635989)",67.01271992014112,18.7574200706691,0.2299207822529256,14.81759078187063,186.595293874966
"(60, 876.0099138635989)",66.73521744286472,19.119276033472907,0.2343562646229576,15.558570734726056,189.7398404510258
"(61, 876.0099138635989)",66.46386006320657,19.478842567160005,0.2387636841073982,16.315988857048595,192.84336549162882
"(62, 876.0099138635989)",66.19813519444794,19.836418024015444,0.24314669778651427,17.08991310896252,195.90900467522033
"(63, 876.0099138635989)",65.93757533849751,20.19227600376444,0.2475086593338149,17.88042062285244,198.9396187206576
"(64, 876.0099138635989)",65.68175292152986,20.546668125858346,0.2518526529976093,18.68759712534382,201.9378237334107
"(65, 876.0099138635989)",65.43027589321147,20.899826397324933,0.25618152262513577,19.511536410479895,204.9060171578109
"(66, 876.0099138635989)",65.1827839588361,21.251965243798914,0.26049789655811934,20.3523398556215,207.8464000699053
"(67, 876.0099138635989)",64.9389453384512,21.603283258901715,0.26480420907591556,21.210115973179274,210.76099641013192
"(68, 876.0099138635989)",64.69845396675994,21.953964717136596,0.269102718940021,22.084979992581868,213.6516696465262
"(69, 876.0099138635989)",64.46102706322408,22.304180887479067,0.27339552549548124,22.977053467951347,216.5201372720385
"(70, 876.0099138635989)",64.2264030143547,22.65409117836254,0.2776845827056442,23.88646390777592,219.36798346944485
"(71, 876.0099138635989)",63.99433952035165,23.003844139490756,0.281971711432032,24.81334442351167,222.19667022003424
"(72, 876.0099138635989)",63.76461196639012,23.353578341672723,0.28625861021892846,25.757833394650145,225.0075470859469
"(73, 876.0099138635989)",63.53701198555544,23.70342315235142,0.29054686479953373,26.720074148203288,227.80185985817494
"(74, 876.0099138635989)",63.311346185797305,24.05349942168017,0.29483795650559447,27.70021465087941,230.58075823130594
"(75, 876.0099138635989)",63.0874350177804,24.403920091615106,0.2991332697333938,28.698407212611695,233.3453026402753
"(76, 876.0099138635989)",62.86511176412743,24.754790738567653,0.30343409859541104,29.71480820023141,236.0964703736134
"(77, 876.0099138635989)",62.64422163356981,25.10621005856234,0.30774165286713834,30.749577760379104,238.83516106000428
"(78, 876.0099138635989)",62.42462094604586,25.458270302486266,0.3120570633222094,31.80287955085286,241.5622016105634
"(79, 876.0099138635989)",62.206176396845436,25.811057667922157,0.3163813865353364,32.87488047972379,244.2783506871422
"(80, 876.0099138635989)",61.988764389654285,26.1646526531131,0.32071560922105274,33.965750451736525,246.98430275670952
"(81, 876.0099138635989)",61.77227042977977,26.5191303778372,0.32506065216687635,35.075662121516196,249.68069178363442
"(82, 876.0099138635989)",61.55658857009789,26.874560875297924,0.3294173738111495,36.20479065322813,252.3680946042499
"(83, 876.0099138635989)",61.34162090328248,27.231009358578895,0.33378657350919316,37.353313486501925,255.0470340221122
"(84, 876.0099138635989)",61.12727709472671,27.588536464762687,0.338168994525554,38.521410108231954,257.71798165743843
"(85, 876.0099138635989)",60.91347395135445,27.947198479377782,0.34256532678521456,39.709261830268815,260.38136057950254
"(86, 876.0099138635989)",60.70013502212056,28.30704754352097,0.34697620941241375,40.91705157273222,263.0375477473544
"(87, 876.0099138635989)",60.48719022655722,28.668131845696635,0.35140223308212876,42.144963652968826,265.6868762807831
"(88, 876.0099138635989)",60.27457550813201,29.030495800162406,0.355843942207148,43.39318358003544,268.32963758173173
"(89, 876.0099138635989)",60.06223250995785,29.394180213399753,0.3603018369736424,44.66189785473583,270.9660833174411
"(90, 876.0099138635989)",59.850108269498094,29.759222439943937,0.3647763752612193,45.95129377520795,273.59642729684856
"(91, 876.0099138635989)",59.638154931669476,30.12565652905247,0.369267974430756,47.261559248075606,276.2208472255966
"(92, 876.0099138635989)",59.426329476944986,30.49351336302948,0.37377701302488825,48.59288260525873,278.83948637886687
"(93, 876.0099138635989)",59.214593463684004,30.86282078830349,0.3783038323737593,49.94545242647932,281.4524551855269
"(94, 876.0099138635989)",59.002912783317086,31.23360374011025,0.382848738123286,51.31945736756115,284.05983273860613
"(95, 876.0099138635989)",58.791257426092855,31.605884361333025,0.38741200169187123,52.715085994641115,286.6616682371794
"(96, 876.0099138635989)",58.57960125806299,31.979682116485098,0.39199386166755845,54.13252662438982,289.2579823700675
"(97, 876.0099138635989)",58.36792180656493,32.35501390108097,0.39659452514865307,55.57196717035668,291.8487686438898
"(98, 876.0099138635989)",58.15620005444361,32.73189414709127,0.40121416903634577,57.033594995590875,294.43399466279374
"(99, 876.0099138635989)",57.944420241882526,33.11033492487772,0.40585294128419486,58.517596771660216,297.01360336399557
"(100, 876.0099138635989)",57.73256967530607,33.49034604198159,0.410510962109034,60.0241583441973,299.58751421300065
"(101, 876.0099138635989)",57.52063854276728,33.87193513911731,0.41518832516759896,61.55346460514662,302.1556243620936
"(102, 876.0099138635989)",57.30861973535192,34.255107783653926,0.4198850987024387,63.105699371812854,304.7178097751191
"(103, 876.0099138635989)",57.0965086741918,34.63986756083541,0.42460132666000455,64.68104527288553,307.2739263209149
"(104, 876.0099138635989)",56.88430314274182,35.02621616294195,0.4293370297835647,66.27968364155211,309.82381083760174
"(105, 876.0099138635989)",56.672003124009514,35.41415347657417,0.43409220668312604,67.90179441586828,312.3672821694765
"(106, 876.0099138635989)",56.459610642493665,35.80367766820201,0.4388668348840244,69.54755604646647,314.904142177878
"(107, 876.0099138635989)",56.247129610623716,36.19478526808812,0.44366087185563896,71.21714541177317,317.4341767271343
"(108, 876.0099138635989)",56.034565679511,36.58747125268325,0.44847425602135893,72.91073774082693,319.95715664648526
"(109, 876.0099138635989)",55.82192609388527,36.98172912555058,0.4533069077505149,74.62850654380976,322.4728386684931
"(110, 876.0099138635989)",55.60921955106791,37.37755099687726,0.45815873033300825,76.37062355039298,324.9809663444814
"(111, 876.0099138635989)",55.39645606392018,37.77492766158472,0.4630296109367575,78.13725865598602,327.48127093701856
"(112, 876.0099138635989)",55.183646827654655,38.1738486760647,0.46791942154828164,79.92857987597593,329.9734722896393
"(113, 876.0099138635989)",54.97080409046939,38.57430243352552,0.4728280198962745,81.74475330800855,332.45727967362285
"(114, 876.0099138635989)",54.757941027930194,38.97627623794554,0.4777552503580994,83.58594310239387,334.93239261168685
"(115, 876.0099138635989)",54.54507162108651,39.37975637659516,0.4827009448487239,85.45231144066688,337.3985016781415
"(116, 876.0099138635989)",54.33221053825521,39.784728191106694,0.4876649236918766,87.34401852233245,339.85528927528685
"(117, 876.0099138635989)",54.119373020465844,40.191176147041006,0.49264699647274945,89.2612225598476,342.3024303854064
"(118, 876.0099138635989)",53.90657477052134,40.599083901910475,0.49764696287182164,91.20407978182381,344.73959329800226
"(119, 876.0099138635989)",53.69383184565832,41.008434371605354,0.5026646134790652,93.17274444446878,347.1664403116064
"(120, 876.0099138635989)",53.48116055376967,41.41920979517237,0.5076997305879734,95.1673688512523,349.5826284096905
"(17, 876.2029754167264)",92.526367324151,0.15741463968720806,0.001929524260723916,0.030907946976656355,1.659746951408398
"(18, 876.2029754167264)",92.35367729425379,0.2179834062071343,0.0026719514246027333,0.04457450642510105,2.296597281980775
"(19, 876.2029754167264)",92.13913659749845,0.2953975695375275,0.0036208625710747845,0.06256753635372429,3.11004302199706
"(20, 876.2029754167264)",91.87684627302312,0.3931617890666084,0.004819216382294902,0.08582233844836495,4.13678939489546
"(21, 876.2029754167264)",91.56053886569427,0.5154027144278279,0.0063175956410886835,0.11541091229079015,5.420085185910855
"(22, 876.2029754167264)",91.18359501026772,0.6669314608179397,0.008174973029479941,0.1525555722237701,7.010380120158045
"(23, 876.2029754167264)",90.73908641324446,0.8532743108302708,0.01045908745889976,0.19864042351457123,8.965643128117168
"(24, 876.2029754167264)",90.21985863322755,1.0806526479903793,0.01324619810365953,0.2552186178522982,11.351139573533581
"(25, 876.2029754167264)",89.61867771392696,1.3558882782164725,0.016619923870158697,0.3240129316759421,14.238413814556582
"(26, 876.2029754167264)",88.92848929009283,1.686201233085432,0.020668764952013974,0.4069068346866198,17.703126514456976
"(27, 876.2029754167264)",88.14289251403113,2.0788451780701704,0.02548163381338425,0.5059225982519602,21.821160767514787
"(28, 876.2029754167264)",87.25703370077521,2.5404755926356155,0.031140110599037655,0.623181567013939,26.661875994668794
"(29, 876.2029754167264)",86.26927277366515,3.0760586502890277,0.03770506863234687,0.7608386999404545,32.27645462401375
"(30, 876.2029754167264)",85.18404739345239,3.6870551733760486,0.045194414076054755,0.9209790092098674,38.678501076444896
"(31, 876.2029754167264)",84.0159237785156,4.368791540564596,0.05355085959168089,1.1054619770667418,45.815960533287395
"(32, 876.2029754167264)",82.79317831695953,5.1078217259285585,0.0626095892937,1.315714710550264,53.54299371820889
"(33, 876.2029754167264)",81.55685429082853,5.881626843861004,0.07209457589399118,1.5525210661518345,61.61696084357023
"(34, 876.2029754167264)",80.35203731289336,6.663004393802609,0.08167238226824718,1.8159112159605701,69.7456731368499
"(35, 876.2029754167264)",79.21515628360511,7.427626111413688,0.09104480250399287,2.1052413274607726,77.668485522766
"(36, 876.2029754167264)",78.16634121211334,8.159531467313885,0.10001619896095039,2.419432828962816,85.21505829049322
"(37, 876.2029754167264)",77.2104603118139,8.851680377149213,0.10850027716495109,2.757240777609558,92.31102490786009
"(38, 876.2029754167264)",76.3427171265293,9.503353679859545,0.11648822193390126,3.117447131267088,98.94987952822117
"(39, 876.2029754167264)",75.55397932048422,10.117201702676962,0.12401251989486116,3.4989588000956147,105.16118012070773
"(40, 876.2029754167264)",74.8341019032876,10.697200417699959,0.13112190688738706,3.900838485195069,110.98856647184842
"(41, 876.2029754167264)",74.17352584195338,11.24754443358609,0.1378677987085465,4.322300729113985,116.47787471346878
"(42, 876.2029754167264)",73.56386139227757,11.772148266056957,0.14429817789076613,4.762694300518046,121.67179851458332
"(43, 876.2029754167264)",72.99798160819613,12.274471061109425,0.15045544523066817,5.221481560871842,126.60802721788794
"(44, 876.2029754167264)",72.46991638695538,12.757492756997019,0.15637612759237812,5.698219253996215,131.31900902659115
"(45, 876.2029754167264)",71.97468551898183,13.223752449653091,0.1620913481751982,6.192542134558237,135.83237942585902
"(46, 876.2029754167264)",71.5081296671433,13.675406655887079,0.1676275406800265,6.704149562239933,140.17160034338764
"(47, 876.2029754167264)",71.06676075208794,14.114288970151346,0.17300718055760192,7.232794720915317,144.3566116521143
"(48, 876.2029754167264)",70.64763697379794,14.541963913768997,0.1782494450703167,7.778276007635505,148.40441812935632
"(49, 876.2029754167264)",70.2482612018853,14.95977292338304,0.18337077699980694,8.340430159827243,152.32959025188063
"(50, 876.2029754167264)",69.86649938917051,15.368872570828776,0.18838535313051938,8.919126749464901,156.1446801884269
"(51, 876.2029754167264)",69.50051538261977,15.77026590269188,0.19330546839719143,9.51426375815377,159.8605628157893
"(52, 876.2029754167264)",69.14871882092885,16.1648279960002,0.19814184913606736,10.125763987488874,163.48671378010545
"(53, 876.2029754167264)",68.8097234048107,16.553326763538198,0.20290390810793602,10.753572132098544,167.03143587575704
"(54, 876.2029754167264)",68.48231333661343,16.936439912402594,0.20759995236916165,11.397652371141815,170.5020435910883
"(55, 876.2029754167264)",68.16541619980154,17.314768804017838,0.21223735316209302,12.057986369700561,173.90501396549593
"(56, 876.2029754167264)",67.85808092574422,17.68884982284379,0.2168226852680215,12.734571605383707,177.24611036430113
"(57, 876.2029754167264)",67.55945979394923,18.059163740587465,0.22136184178986829,13.427419954020758,180.53048446598848
"(58, 876.2029754167264)",67.26879364448818,18.4261434639746,0.22586012912118847,14.136556482907531,183.76276068108382
"(59, 876.2029754167264)",66.98539966116087,18.790180474857006,0.2303223458863801,14.86201841098367,186.94710635962298
"(60, 876.2029754167264)",66.70866122268681,19.15163020845065,0.23475284886492742,15.603854204039749,190.08729045896274
"(61, 876.2029754167264)",66.43801942605154,19.51081656585468,0.2391556083040063,16.36212277955177,193.18673280401572
"(62, 876.2029754167264)",66.17296596916582,19.868035717664082,0.24353425454162708,17.13689280109537,196.24854564417268
"(63, 876.2029754167264)",65.91303714404292,20.223559324655284,0.24789211748443468,17.928242046226885,199.2755688759875
"(64, 876.2029754167264)",65.65780874178384,20.577637277062138,0.25223226018471934,18.73625683497624,202.27040003496074
"(65, 876.2029754167264)",65.40689171001826,20.93050003451962,0.25655750752240747,19.561031508587643,205.23541994804492
"(66, 876.2029754167264)",65.15992843401025,21.28236063346861,0.2608704708110436,20.402667950212866,208.17281477278578
"(67, 876.2029754167264)",64.91658953725732,21.633416416410217,0.2651735689942825,21.26127514074203,211.08459501392088
"(68, 876.2029754167264)",64.67657111655244,21.98385052765415,0.26946904698015534,22.13696874434543,213.9726120023763
"(69, 876.2029754167264)",64.43959234207286,22.333833212213282,0.27375899156238837,23.029870719240932,216.83857223480626
"(70, 876.2029754167264)",64.20539336530794,22.683522948172133,0.278045345300511,23.940108950043104,219.68404990303574
"(71, 876.2029754167264)",63.973733487705836,23.033067437628205,0.2823299186664192,24.867816898746245,222.51049788593264
"(72, 876.2029754167264)",63.74438955094018,23.382604477114107,0.28661440071364164,25.813133271848415,225.3192574307263
"(73, 876.2029754167264)",63.517154516201664,23.732262724990598,0.29090036848373174,26.77620170166479,228.11156671360308
"(74, 876.2029754167264)",63.291836205384286,24.08216238042115,0.29518929532887794,27.75717044012269,230.88856843820693
"(75, 876.2029754167264)",63.06825618127868,24.432415786289297,0.2994825583021661,28.75619206371797,233.65131660605323
"(76, 876.2029754167264)",62.8462487476006,24.783127966440063,0.30378144474294955,29.773423188472268,236.400782571692
"(77, 876.2029754167264)",62.625660052566374,25.13439710609947,0.3080871581655594,30.809024193981415,239.13786047836538
"(78, 876.2029754167264)",62.40634728227354,25.486314982950166,0.31240082354328386,31.863158955793125,241.86337215546789
"(79, 876.2029754167264)",62.188177932112026,25.83896735529551,0.31672349206632777,32.9359945854419,244.57807154745043
"(80, 876.2029754167264)",61.971029146224474,26.192434312778715,0.32105614544077415,34.027701177685294,247.2826487333463
"(81, 876.2029754167264)",61.75478711640791,26.54679059438215,0.3253996997864975,35.138451564466635,249.97773358817204
"(82, 876.2029754167264)",61.5393465330852,26.90210587776722,0.32975500918376727,36.268421075261635,252.66389913012517
"(83, 876.2029754167264)",61.32461008199665,27.25844504346375,0.334122868911578,37.417787303625126,255.34166459147235
"(84, 876.2029754167264)",61.11048798109397,27.615868416966343,0.3385040184151662,38.586729879589306,258.0114982462977
"(85, 876.2029754167264)",60.89689755289041,27.9744319913808,0.3428991440351163,39.77543024785032,260.67382002356726
"(86, 876.2029754167264)",60.68376282813381,28.334187632929957,0.3473088815263735,40.98407145159525,263.3290039304685
"(87, 876.2029754167264)",60.471014177178986,28.695183271352178,0.3517338183920698,42.21283792189588,265.9773803079222
"(88, 876.2029754167264)",60.25858796593468,29.0574630769572,0.35617449605377904,43.46191527263076,268.6192379372435
"(89, 876.2029754167264)",60.04642623364273,29.42106762589282,0.36063141187732733,44.73149010089506,271.25482601475414
"(90, 876.2029754167264)",59.83447639007536,29.78603405500159,0.36510502107095416,46.02174979296926,273.8843560089874
"(91, 876.2029754167264)",59.62269093005647,30.152396207470762,0.3695957384705867,47.33288233580876,276.50800341346155
"(92, 876.2029754167264)",59.41102716345027,30.52018477034329,0.37410394022544513,48.66507613418775,279.1259094064684
"(93, 876.2029754167264)",59.19944695897841,30.889427404812007,0.3786299653951286,50.01851983349857,281.73818242764526
"(94, 876.2029754167264)",58.9879165007614,31.260148870212934,0.3831741174694441,51.393402148372296,284.34489968103287
"(95, 876.2029754167264)",58.776406055332515,31.632371142224176,0.387736665817264,52.789911697147616,286.9461085701001
"(96, 876.2029754167264)",58.56488974972878,32.00611352628907,0.39231784707681455,54.20823684236685,289.5418280754223
"(97, 876.2029754167264)",58.35334535803491,32.38139276645335,0.39691786648975985,55.64856553738446,292.1320500770021
"(98, 876.2029754167264)",58.141754096515186,32.75822315036188,0.40153689918820723,57.11108517923147,294.7167406290818
"(99, 876.2029754167264)",57.930100426333524,33.13661661074972,0.4061750914387392,58.59598246787411,297.2958411909101
"(100, 876.2029754167264)",57.71837186321902,33.51658282384946,0.41083256184866,60.1034432720029,299.8692698178693
"(101, 876.2029754167264)",57.50655879358438,33.89812930502183,0.4155094025381832,61.63365250149304,302.4369223160894
"(102, 876.2029754167264)",57.29465429658709,34.28126150191367,0.4202056802823438,63.18679398668384,304.99867336371545
"(103, 876.2029754167264)",57.08265397175081,34.665982885378845,0.42492143762543116,64.76305036461187,307.5543776011438
"(104, 876.2029754167264)",56.87055577180435,35.0522950383634,0.4296566939705721,66.36260297234367,310.1038706923855
"(105, 876.2029754167264)",56.65835984042187,35.44019774294453,0.4344114466465383,67.98563174753845,312.64697035924286
"(106, 876.2029754167264)",56.44606835464533,35.829689065642434,0.4391856719535342,69.63231513637344,315.18347738970755
"(107, 876.2029754167264)",56.233685371761176,36.22076544113489,0.4439793261893081,71.3028300089509,317.71317662163415
"(108, 876.2029754167264)",56.02121668046147,36.6134217544572,0.44879234665670104,72.99735158231255,320.23583790254384
"(109, 876.2029754167264)",55.80866965616074,37.00765142174408,0.45362465265339025,74.71605335116554,322.75121702611403
"(110, 876.2029754167264)",55.59605312033234,37.40344646957023,0.45847614644438933,76.45910702640869,325.25905664576
"(111, 876.2029754167264)",55.383377203776895,37.80079761290975,0.46334671421765056,78.22668248157288,327.75908716549617
"(112, 876.2029754167264)",55.1706532137513,38.199694331722384,0.4682362270228227,80.01894770724184,330.25102760805726
"(113, 876.2029754167264)",54.95789350489162,38.60012494616488,0.4731445416931646,81.83606877350705,332.73458646022715
"(114, 876.2029754167264)",54.74511135386877,39.00207669041661,0.47807150175047014,83.67820980055296,335.20946249515174
"(115, 876.2029754167264)",54.53232083776171,39.40553578508106,0.48301693829253367,85.54553293738167,337.6753455712137
"(116, 876.2029754167264)",54.3195367160822,39.81048750814324,0.4879806708629198,87.4381983487361,340.13191740720447
"(117, 876.2029754167264)",54.10677431645208,40.2169162644275,0.49296250830233385,89.35636421023969,342.57885233315795
"(118, 876.2029754167264)",53.894049423881604,40.624805653517804,0.4979622495812017,91.300186711762,345.0158180164935
"(119, 876.2029754167264)",53.681378173629874,41.0341385360903,0.5029796846126902,93.26982006901581,347.44247616278994
"(120, 876.2029754167264)",53.46877694763183,41.44489709859369,0.5080145950455733,95.26541654337463,349.8584831906801
"(17, 876.4104403846778)",92.5200490327275,0.15959223248152382,0.001956216302458381,0.03131101746080614,1.6831373736644297
"(18, 876.4104403846778)",92.34536492423598,0.22092380354759114,0.002707993612425187,0.04513257198005859,2.3281813024443943
"(19, 876.4104403846778)",92.12840288346396,0.2993108753104428,0.00366883027244214,0.0633237015566872,3.1520774532109663
"(20, 876.4104403846778)",91.86319921322603,0.3983100699090006,0.004882321902887832,0.08682868612099881,4.192089202888684
"(21, 876.4104403846778)",91.54341285926408,0.522111509656198,0.00639982930867568,0.11673009982236136,5.492147122980859
"(22, 876.4104403846778)",91.16234170991649,0.6756021003730996,0.008281254182306134,0.15426258776890225,7.103515037083471
"(23, 876.4104403846778)",90.71296612864464,0.8643960859724884,0.01059541362908095,0.20082442012865298,9.085106704591999
"(24, 876.4104403846778)",90.18803385049524,1.0948132690806345,0.013419773204392596,0.25798469433170923,11.503244649592505
"(25, 876.4104403846778)",89.58021184426013,1.3737800940852365,0.0168392344301915,0.32748366741893087,14.43059719528603
"(26, 876.4104403846778)",88.88235722295171,1.7086188745249202,0.020943551230543464,0.41122329944634595,17.94392365773331
"(27, 876.4104403846778)",88.08801708605394,2.106666409751395,0.025822655090686007,0.5112444136338761,22.12000010629589
"(28, 876.4104403846778)",87.19237677363981,2.5746091166159233,0.0315585053732145,0.6296853197014508,27.028518272319694
"(29, 876.4104403846778)",86.19403105023424,3.1173292010238365,0.03821094616098359,0.7687135012888405,32.719758651174
"(30, 876.4104403846778)",85.09801293942415,3.735985716086278,0.04579418465290448,0.9304173070710804,39.20408423163819
"(31, 876.4104403846778)",83.92000231816613,4.425271504555585,0.054243167886398116,1.1166435371260213,46.42263511805217
"(32, 876.4104403846778)",82.68982514002705,5.1707812323562,0.06338132116906141,1.3287838934286291,54.21926770451119
"(33, 876.4104403846778)",81.4499181408461,5.949021666983773,0.07292067406707683,1.5675637276855154,62.34087634458884
"(34, 876.4104403846778)",80.24576000351034,6.732325532634096,0.08252209243130565,1.8329434330214878,70.49027993616419
"(35, 876.4104403846778)",79.11294198877785,7.496644964202587,0.09189080736839461,2.1242176514853814,78.40984530155293
"(36, 876.4104403846778)",78.07016806405977,8.226747683614075,0.10084010784466686,2.440268141678207,85.93705518290469
"(37, 876.4104403846778)",77.12104542643608,8.91632573291942,0.10929267349193586,2.779832988589692,93.00540711729663
"(38, 876.4104403846778)",76.25997942085596,9.565174976496426,0.11724600209925576,3.141692979443568,99.61392735370804
"(39, 876.4104403846778)",75.47744458373049,10.176237574511392,0.12473615746239583,3.5247621387005696,105.79530855481028
"(40, 876.4104403846778)",74.76315524987605,10.753627954462486,0.13181357255058496,3.928113456890523,111.5946777108453
"(41, 876.4104403846778)",74.10754182288316,11.301591719812283,0.13853028823434252,4.350972209853827,117.05841870822266
"(42, 876.4104403846778)",73.50226108249875,11.824050012532949,0.14493436826796463,4.792697130198052,122.2292963904039
"(43, 876.4104403846778)",72.9402519949709,12.324448430601182,0.1510680473819867,5.252759359301802,127.14485457479853
"(44, 876.4104403846778)",72.415612187304,12.805745686229072,0.15696759226039914,5.730723192264266,131.83731346679468
"(45, 876.4104403846778)",71.9234237228515,13.270458030153693,0.16266384607543327,6.226229811788408,136.33406316184752
"(46, 876.4104403846778)",71.45958172210504,13.720720238147695,0.1681829760352504,6.73898403403962,140.65833205821988
"(47, 876.4104403846778)",71.02064458337088,14.158346329783178,0.17354721764971692,7.26874368087702,144.82984976704694
"(48, 876.4104403846778)",70.60370971905402,14.584883684584932,0.1787755380640721,7.815311106170983,148.86543693857018
"(49, 876.4104403846778)",70.20631293151393,15.001658939164194,0.18388419864721817,8.378526439825727,152.77950507636632
"(50, 876.4104403846778)",69.82634781712349,15.409815972929106,0.18888722060501995,8.958262178847914,156.5844700146354
"(51, 876.4104403846778)",69.46200146842588,15.810346973921305,0.19379676577262311,9.554418841780203,160.29108999413066
"(52, 876.4104403846778)",69.11170313372712,16.20411772800685,0.19862344659901476,10.16692144374404,163.90874086082104
"(53, 876.4104403846778)",68.77408312208789,16.591888184037842,0.2033765782263569,10.795716622041738,167.44563986524858
"(54, 876.4104403846778)",68.44793976460495,16.974329204187672,0.2080643838087423,11.440770270542098,170.90902797164435
"(55, 876.4104403846778)",68.13221271989751,17.352036247182898,0.21269416223566492,12.102065576090435,174.30531881611876
"(56, 876.4104403846778)",67.82596128787499,17.72554058868618,0.2172724256668702,12.779601373827093,177.64022088832178
"(57, 876.4104403846778)",67.52834669279807,18.095318561719296,0.22180501279768908,13.473390756540633,180.91883818901115
"(58, 876.4104403846778)",67.23861752656862,18.46179920143553,0.22629718256552764,14.183459887491383,184.14575354257454
"(59, 876.4104403846778)",66.9560977209651,18.82537059951381,0.23075369203943194,14.909846976852597,187.32509788381628
"(60, 876.4104403846778)",66.68017655409918,19.186385211056606,0.2351788614698721,15.652601390494231,190.4606081594835
"(61, 876.4104403846778)",66.41030030194938,19.545164307516824,0.23957662887089887,16.41178286623486,193.55567594838615
"(62, 876.4104403846778)",66.14596522709722,19.90200173050272,0.2439505960327432,17.187460817853616,196.6133884833075
"(63, 876.4104403846778)",65.88671166017629,20.257167070644538,0.24830406748707395,17.979713711111852,199.6365634245414
"(64, 876.4104403846778)",65.63211897859584,20.610908371666905,0.25264008365239987,18.788628499161252,202.62777847346038
"(65, 876.4104403846778)",65.38180132579558,20.96345444061202,0.25696144915184843,19.614300107209683,205.5893967058468
"(66, 876.4104403846778)",65.13540394447033,21.315016830030828,0.2612707571100504,20.456830958273063,208.52358834018438
"(67, 876.4104403846778)",64.89260002118756,21.6657915458233,0.2655704100871493,21.316330533389248,211.43234952422878
"(68, 876.4104403846778)",64.65308795887886,22.015960524684527,0.2698626381887297,22.19291496093193,214.31751861742364
"(69, 876.4104403846778)",64.41658900877071,22.36569291735836,0.27414951479541727,23.086706630657652,217.18079036243975
"(70, 876.4104403846778)",64.1828452056093,22.71514620754078,0.27843297027793595,23.997833828935345,220.0237282699644
"(71, 876.4104403846778)",63.951617559715864,23.064467191229976,0.28271480400159205,24.926430392211277,222.84777548609185
"(72, 876.4104403846778)",63.72268446739961,23.41379283713897,0.28699669487281004,25.8726353763489,225.65426436607757
"(73, 876.4104403846778)",63.495840307698096,23.76325104538694,0.29128021063897536,26.836592739882594,228.44442494156354
"(74, 876.4104403846778)",63.27089419868972,24.112961318915957,0.2955668161182325,27.818451039519125,231.21939243775813
"(75, 876.4104403846778)",63.04766889082401,24.46303535981696,0.2998578805091322,28.818363136632264,233.9802139731924
"(76, 876.4104403846778)",62.825999778428205,24.81357760080669,0.3041546839051856,29.83648591356814,236.72785455283804
"(77, 876.4104403846778)",62.60573401332214,25.164685680585627,0.3084584231216637,30.872979998914722,239.46320244950584
"(78, 876.4104403846778)",62.38672970700622,25.516450870470127,0.31277021692501694,31.928009500966365,242.18707405349892
"(79, 876.4104403846778)",62.16885520981939,25.86895845863668,0.3170911107428229,33.00174174874667,244.9002182594374
"(80, 876.4104403846778)",61.95198845723597,26.222288097376858,0.32142208092028884,34.09434704012258,247.6033204485873
"(81, 876.4104403846778)",61.736016374808514,26.57651411803036,0.32576403858057307,35.20599839658529,250.2970061173059
"(82, 876.4104403846778)",61.52083433449409,26.931705817603284,0.33011783313802695,36.3368713243181,252.98184419501573
"(83, 876.4104403846778)",61.30634565608678,27.28792772054421,0.3344842555069467,37.48714358141313,255.65835008917114
"(84, 876.4104403846778)",61.092461148371164,27.64523981867121,0.33886404104249934,38.65699495088793,258.32698848970045
"(85, 876.4104403846778)",60.87909868522519,28.00369779190388,0.3432578722463614,39.846607019431715,260.9881759615094
"(86, 876.4104403846778)",60.66618281267379,28.363353212044423,0.34766638126458943,41.056162961752854,263.6422833492933
"(87, 876.4104403846778)",60.45364438328494,28.724253731632633,0.3520901522025199,42.28584733045983,266.28963801645887
"(88, 876.4104403846778)",60.241420214830576,29.08644325961514,0.35652972327806354,43.53584585142136,268.93052593693363
"(89, 876.4104403846778)",60.02945277049176,29.449962125374235,0.3609855888322892,44.80634522460713,271.5651936564217
"(90, 876.4104403846778)",59.817689858256834,29.814847232461066,0.36545820121383005,46.09753293043898,274.193850137566
"(91, 876.4104403846778)",59.60608434741818,30.181132203236384,0.3699479725518315,47.40959704165556,276.8166685019138
"(92, 876.4104403846778)",59.394593900349975,30.548847515471024,0.37445527643034193,48.74272604080188,279.43378767988037
"(93, 876.4104403846778)",59.18318071794147,30.918020631817466,0.3789804494753191,50.097108643365694,282.0453139784819
"(94, 876.4104403846778)",58.97181129760324,31.288676123057304,0.3835237928653645,51.47293362669532,284.65132257644075
"(95, 876.4104403846778)",58.7604562016032,31.66083578563113,0.3880855737723041,52.87038966478667,287.2518589519388
"(96, 876.4104403846778)",58.54908983638653,32.034518754438025,0.3926660267439342,54.28966516906411,289.84694025368896
"(97, 876.4104403846778)",58.337690240197986,32.40974161113078,0.3972653550313495,55.73094813525084,292.43655661734954
"(98, 876.4104403846778)",58.126238879231735,32.78651848859898,0.40188373186973075,57.19442599651763,295.0206724348709
"(99, 876.4104403846778)",57.91472045126408,33.16486117200276,0.40652130171676426,58.680285482988516,297.59922758035333
"(100, 876.4104403846778)",57.703122696157735,33.54477919676243,0.4111781814537317,60.18871248778137,300.1721385966546
"(101, 876.4104403846778)",57.49143621274684,33.926279943808176,0.41585446155303085,61.719891939709754,302.73929984591507
"(102, 876.4104403846778)",57.27965428161018,34.30936873238418,0.4205502072158154,63.27400768280494,305.30058462707535
"(103, 876.4104403846778)",57.06777269333219,34.69404891065705,0.42526545948250966,64.85124236277501,307.8558462626836
"(104, 876.4104403846778)",56.855789581945544,35.08032194430405,0.43000023631880846,66.45177732056081,310.40491915712164
"(105, 876.4104403846778)",56.643705263223666,35.46818750328322,0.43475453367919203,68.07579249312649,312.94761982788947
"(106, 876.4104403846778)",56.43152207760651,35.857643546903475,0.43952832654968305,69.7234663215939,315.4837479113543
"(107, 876.4104403846778)",56.21924423755439,36.24868640730669,0.4443215699712052,71.39497566687093,318.01308714400443
"(108, 876.4104403846778)",56.006877679144544,36.641310871461656,0.44913420004452653,73.09049573286671,320.53540631997674
"(109, 876.4104403846778)",55.79442991779851,37.03551026170852,0.45396613491764337,74.8101999974219,323.05046022548
"(110, 876.4104403846778)",55.58190990799286,37.431276514923574,0.45881727575607784,76.55426015104882,325.5579905504335
"(111, 876.4104403846778)",55.36932790688741,37.828600260307965,0.46368750769641365,78.32284604355877,328.0577267775288
"(112, 876.4104403846778)",55.156695341781564,38.227470895820375,0.46857670078315994,80.11612563867394,330.5493870486947
"(113, 876.4104403846778)",54.94402468135096,38.627876663240976,0.47348471088887306,81.93426497668672,333.0326790088424
"(114, 876.4104403846778)",54.73132931059368,39.02980472186118,0.4784113806174023,83.77742814522273,335.5073006267165
"(115, 876.4104403846778)",54.51862340947901,39.433241220756884,0.48335654018976787,85.64577725814974,337.97294099237894
"(116, 876.4104403846778)",54.305921835231835,39.83817136962268,0.4883200083124776,87.53947244268774,340.4292810911003
"(117, 876.4104403846778)",54.093240008257695,40.2445795081146,0.4933015930274367,89.45867183471731,342.8759945529216
"(118, 876.4104403846778)",53.88059380164547,40.652449173665794,0.4983010925432208,91.40353158232189,345.31274837764835
"(119, 876.4104403846778)",53.667999434260494,41.06176316770594,0.5033182960468119,93.37420585755339,347.7392036344986
"(120, 876.4104403846778)",53.45547336736851,41.47250362025115,0.5083529844952395,95.37084687641614,350.155016135922
"(17, 876.6315217817672)",92.51321534139913,0.16194969659174172,0.001985113133134045,0.03174668607667308,1.708466060731597
"(18, 876.6315217817672)",92.33637668889965,0.22410704681179366,0.002747012505836741,0.04573556044049554,2.362382192904713
"(19, 876.6315217817672)",92.11679797073883,0.30354786480686136,0.003720765556492163,0.0641405369104599,3.197599835070449
"(20, 876.6315217817672)",91.84844499024867,0.4038854001183934,0.004950662019931302,0.08791561004923133,4.251990770310344
"(21, 876.6315217817672)",91.52489642979599,0.5293789798861895,0.006488910985899135,0.11815480230612314,5.5702291099690635
"(22, 876.6315217817672)",91.13935982772706,0.684998174419178,0.00839642741437343,0.15610611351486176,7.204466828277466
"(23, 876.6315217817672)",90.68471571731449,0.8764531805365338,0.010743204562131436,0.2031831574949667,9.214648606619138
"(24, 876.6315217817672)",90.15360488996932,1.110171134614478,0.013608023637766297,0.2609723027307118,11.668250167286617
"(25, 876.6315217817672)",89.53858616149633,1.3931924613357178,0.01707718328705972,0.3312327302668721,14.63916444241445
"(26, 876.6315217817672)",88.83242071610208,1.7329504519159324,0.021241797753045688,0.4158863929904659,18.2053430966425
"(27, 876.6315217817672)",88.02860160366778,2.1368708196543587,0.02619288839175938,0.5169941167053789,22.44451749402263
"(28, 876.6315217817672)",87.12236458991133,2.6116690685885553,0.03201277110462629,0.6367123711914668,27.426691878708464
"(29, 876.6315217817672)",86.11257889592007,3.1621250017181017,0.03876003476157289,0.7772217349018603,33.20104652244997
"(30, 876.6315217817672)",85.00496097380146,3.7890475940617265,0.046444595447457035,0.9406132299887437,39.77418315565406
"(31, 876.6315217817672)",83.81644904232745,4.486409253347804,0.05499256940188075,1.1287183092101922,47.07950149224998
"(32, 876.6315217817672)",82.57857618894937,5.238739956178166,0.0642143314062474,1.3428882043442043,54.94941885651318
"(33, 876.6315217817672)",81.33523695071942,6.021510375460361,0.07380921100310846,1.5837831971643626,63.11969776600216
"(34, 876.6315217817672)",80.13220817763415,6.806620653058078,0.08343277162605109,1.851288103107855,71.28850945390796
"(35, 876.6315217817672)",79.00406486295135,7.570398173952951,0.09279484404377882,2.1446328869138482,79.20225246068573
"(36, 876.6315217817672)",77.96794422524478,8.29842505308195,0.10171869971901785,2.462659123811153,86.70715940453408
"(37, 876.6315217817672)",77.02612833387404,8.985171776914227,0.1101365601368294,2.804088860228805,93.74509145632908
"(38, 876.6315217817672)",76.17221078123205,9.630965052707625,0.11805242994113635,3.1677030538012176,100.3207782555326
"(39, 876.6315217817672)",75.39627975863787,10.239040395372026,0.125505968750352,3.5524241036139186,106.47006427470207
"(40, 876.6315217817672)",74.68792048963887,10.813647445902198,0.1325492669248781,3.957336336035491,112.23952923937806
"(41, 876.6315217817672)",74.03756369913931,11.359078679521366,0.1392349398706479,4.381676597378738,117.67606062662017
"(42, 876.6315217817672)",73.43692163558894,11.879258096583964,0.14561108637865888,4.824814251094294,122.82245398932581
"(43, 876.6315217817672)",72.87900624325346,12.377614601882385,0.15171973656121848,5.286229753755489,127.7160737922343
"(44, 876.6315217817672)",72.35798842111453,12.857083128386686,0.1575968656261006,5.76549538639189,132.38888475545335
"(45, 876.6315217817672)",71.86901687347331,13.320155020780888,0.16327301145732426,6.262259116931621,136.86800938279447
"(46, 876.6315217817672)",71.40804465214423,13.768941645337396,0.1687740543189712,6.7762315149674635,141.1764245599509
"(47, 876.6315217817672)",70.9716794232018,14.205236087598767,0.17412197312013974,7.307175289861072,145.33363498209098
"(48, 876.6315217817672)",70.55706007477647,14.63056746996462,0.17933551121769467,7.854896964023637,149.35626514425522
"(49, 876.6315217817672)",70.16175719529528,15.04624670679706,0.18443073726363893,8.419240241139693,153.25855762961737
"(50, 876.6315217817672)",69.7836935554737,15.453404216962618,0.18942150747002806,9.00008069977252,157.05278365187456
"(51, 876.6315217817672)",69.42108076817276,15.85302068562599,0.19431984267444763,9.597321531630136,160.7495778644645
"(52, 876.6315217817672)",69.07236876082288,16.245952063381626,0.19913623476914538,10.210890084702392,164.3582104428648
"(53, 876.6315217817672)",68.73620535449338,16.63294987273388,0.20387989560955955,10.840735044268442,167.8868081046476
"(54, 876.6315217817672)",68.41140377757296,17.014677735577738,0.20855895960141635,11.486824112355341,171.34253402425637
"(55, 876.6315217817672)",68.09691642139933,17.391724868037162,0.213180649114936,12.14914208099357,174.73173476705773
"(56, 876.6315217817672)",67.79181352035026,17.76461714312782,0.21775141008642962,12.82768921770427,178.0600607764882
"(57, 876.6315217817672)",67.49526573307459,18.133826199884382,0.222277023674253,13.522479899742528,181.3325656209398
"(58, 876.6315217817672)",67.20652982910683,18.49977697899079,0.22676269862748322,14.233541447461182,184.55378813368966
"(59, 876.6315217817672)",66.92493686022469,18.862853986476477,0.23121314806374005,14.960913117866719,187.72782072520278
"(60, 876.6315217817672)",66.64988233050275,19.223406525114886,0.2356326535935365,15.704645227681375,190.85836647349652
"(61, 876.6315217817672)",66.3808179827274,19.581753084402767,0.24002511913083857,16.46479838157366,193.94878706794333
"(62, 876.6315217817672)",66.11724489890665,19.938185041685152,0.24439411625994958,17.241442786267694,197.00214326520205
"(63, 876.6315217817672)",65.85870767458881,20.29296979687775,0.24874292265967113,18.03465763512032,200.0212291884716
"(64, 876.6315217817672)",65.60478947528787,20.646353439321285,0.2530745547924281,18.844530550812912,203.00860154111658
"(65, 876.6315217817672)",65.35510782080314,20.998563026624385,0.2573917958375667,19.671157076232895,205.96660460299515
"(66, 876.6315217817672)",65.10931097332278,21.34980854023466,0.26169721966171566,20.514640205556326,208.89739171255087
"(67, 876.6315217817672)",64.86707482842705,21.70028457064364,0.2659932114755651,21.375089949057934,211.8029438103861
"(68, 876.6315217817672)",64.62810022698723,22.05017177551771,0.2702819857068754,22.252622926414862,214.68508551400117
"(69, 876.6315217817672)",64.39211062068006,22.39963814641044,0.27456560152740417,23.147361984199573,217.54549911169505
"(70, 876.6315217817672)",64.15885003593301,22.748840113466443,0.2788459763938293,24.059435834116094,220.3857367947292
"(71, 876.6315217817672)",63.928081290663535,23.097923512515525,0.28312489790214435,24.988978709117816,223.20723139314646
"(72, 876.6315217817672)",63.699584425948096,23.447024434901937,0.2874040342043598,25.93613003505364,226.01130583573334
"(73, 876.6315217817672)",63.47315532115732,23.796269976985844,0.2916849431956829,26.901034115964034,228.79918151849577
"(74, 876.6315217817672)",63.2486044661778,24.14577890358586,0.2959690806466477,27.883839831404938,231.5719857362164
"(75, 876.6315217817672)",63.0257558686406,24.49566223732398,0.30025780742714236,28.884700344527076,234.33075830718553
"(76, 876.6315217817672)",62.80444607751898,24.846023784010534,0.3045523959463676,29.903772819834114,237.07645750091345
"(77, 876.6315217817672)",62.58452330733252,25.196960602662053,0.30885403591398813,30.941218149719965,239.809965362
"(78, 876.6315217817672)",62.36584664963156,25.54856342742303,0.3131638395120887,31.997200689091837,242.53209250941163
"(79, 876.6315217817672)",62.14828536033339,25.900917047672536,0.3174828460541501,33.07188799741788,245.24358247863825
"(80, 876.6315217817672)",61.93171821322406,26.254100651616657,0.3218120261968107,34.165450587791426,247.9451156647927
"(81, 876.6315217817672)",61.716032911292395,26.608188137972267,0.32615228576034017,35.27806168254893,250.63731291613988
"(82, 876.6315217817672)",61.50112554869327,26.963248399716537,0.330504469206656,36.40989697510968,253.32073882119641
"(83, 876.6315217817672)",61.28690011721663,27.31934558329375,0.33486936281663465,37.56113439791671,255.99590472612047
"(84, 876.6315217817672)",61.07326805189523,27.676539326269037,0.3392476976031513,38.73195389607739,258.66327151473394
"(85, 876.6315217817672)",60.86014781111103,28.034884976015572,0.3436401519916689,39.922537206719845,261.3232521790547
"(86, 876.6315217817672)",60.64746448720012,28.39443379168018,0.34804735429583655,41.13306764388457,263.9762142045925
"(87, 876.6315217817672)",60.43514944404951,28.75523313140139,0.35246988501234827,42.363729888912836,266.62248179170655
"(88, 876.6315217817672)",60.22313997861779,29.117326626516245,0.3569082789562836,43.61470978628935,269.26233793166904
"(89, 876.6315217817672)",60.0113790037176,29.480754344270597,0.3613630272555519,44.88619414491933,271.89602635378134
"(90, 876.6315217817672)",59.799814749729975,29.845552940367853,0.36583457922078216,46.17837054488949,274.5237533578172
"(91, 876.6315217817672)",59.588400483190455,30.211755802543568,0.370323344105147,47.49142714974108,277.14568954446696
"(92, 876.6315217817672)",59.37709424046344,30.579393186194903,0.37482969276696065,48.82555252430647,279.76197145498656
"(93, 876.6315217817672)",59.165858574877596,30.948492342987006,0.37935395924597554,50.18093545820526,282.3727031295328
"(94, 876.6315217817672)",58.95466031628032,31.31907764331164,0.3838964422644865,51.557764795108,284.9779575938151
"(95, 876.6315217817672)",58.743470340790374,31.691170693096208,0.3884574066591104,52.9562292678138,287.57777827916095
"(96, 876.6315217817672)",58.532263351384834,32.064790445963936,0.393037084755611,54.37651733935439,290.1721803866263
"(97, 876.6315217817672)",58.32101766668868,32.439953310936005,0.3976356776890562,55.81881705015673,292.76115219712494
"(98, 876.6315217817672)",58.10971501819868,32.816673256376355,0.4022533566779342,57.28331587146674,295.34465633493477
"(99, 876.6315217817672)",57.8983403548631,33.194961910549104,0.40689026425675545,58.77020056513167,297.9226309884533
"(100, 876.6315217817672)",57.686881654497746,33.574828659152644,0.4115465154715683,60.2796570499072,300.4949910919173
"(101, 876.6315217817672)",57.47532974146439,33.95628074017333,0.41622219904265834,61.81187027441756,303.0616294717016
"(102, 876.6315217817672)",57.26367811020033,34.33932333631899,0.4209173784975103,63.36702409692071,305.62241795974387
"(103, 876.6315217817672)",57.051922754174406,34.723959665279125,0.42563209327727286,64.9453011720205,308.17720847679425
"(104, 876.6315217817672)",56.84006199993938,35.110191068019795,0.4303663598189516,66.54688284446314,310.725834087304
"(105, 876.6315217817672)",56.62809634603052,35.49801709525541,0.4351201726153864,68.17194905015535,313.26811002761605
"(106, 876.6315217817672)",56.41602830641532,35.88743559226481,0.43989350525489573,69.82067822453524,315.8038347089798
"(107, 876.6315217817672)",56.203862258353276,36.278442782132814,0.4446863114415723,71.49324721842157,318.3327906961248
"(108, 876.6315217817672)",55.99160429446459,36.671033347512314,0.4494985259975788,73.18983122145559,320.8547456624632
"(109, 876.6315217817672)",55.779262078870225,37.06520051097768,0.4543300658480009,74.91060369324809,323.36945332229544
"(110, 876.6315217817672)",55.56684470732142,37.46093611398831,0.4591808309887593,76.65573630233249,325.87665434036
"(111, 876.6315217817672)",55.35436257119405,37.85823069450307,0.46405070543806004,78.42539887299866,328.37607721907057
"(112, 876.6315217817672)",55.14182722530135,38.25707356324851,0.4689395581711278,80.21975934012274,330.8674391631026
"(113, 876.6315217817672)",54.92925125945509,38.65745287862727,0.47384724403853173,82.03898371201977,333.35044692157476
"(114, 876.6315217817672)",54.71664817372869,39.05935572026174,0.4787736046675593,83.88323604140771,335.82479760725704
"(115, 876.6315217817672)",54.50403225738899,39.46276816113301,0.4837184693465096,85.75267840452031,338.2901794926575
"(116, 876.6315217817672)",54.29141847146391,39.867675338284165,0.4886816558913373,87.64747088839493,340.74627278246203
"(117, 876.6315217817672)",54.078822334919316,40.27406152204323,0.4936629714941567,89.56777158638167,343.19275036185013
"(118, 876.6315217817672)",53.86625981441833,40.68191018371796,0.4986622135530211,91.51373660186046,345.629278520189
"(119, 876.6315217817672)",53.653747217638035,41.09120406171106,0.5036791704823297,93.48552006019368,348.05551764950917
"(120, 876.6315217817672)",53.44130109012171,41.501925225998825,0.5087136225031883,95.4832741288741,350.4711229172113
"(17, 876.8653809705295)",92.50587157324175,0.16448571632136388,0.002016198625587034,0.032214547344884506,1.735720228592748
"(18, 876.8653809705295)",92.32671999952652,0.22753138239352258,0.0027889866106272994,0.0463828683989864,2.3991829384504264
"(19, 876.8653809705295)",92.10433166895056,0.3081063525922546,0.0037766416350550618,0.06501718668702351,3.246589119424697
"(20, 876.8653809705295)",91.83259605449275,0.4098852280210596,0.005024205456099709,0.08908194187230534,4.316469889464779
"(21, 876.8653809705295)",91.50500480698194,0.5372023547057205,0.006584806714180859,0.11968347306830263,5.6543055749791975
"(22, 876.8653809705295)",91.11466736685078,0.6951169471171182,0.008520459190885558,0.15808415357291372,7.313211540886801
"(23, 876.8653809705295)",90.65435576806321,0.889443273763587,0.010902431811137255,0.20571411427709727,9.354250909300992
"(24, 876.8653809705295)",90.11659453930108,1.1267248549299897,0.013810932369873458,0.26417831348694304,11.846150160580363
"(25, 876.8653809705295)",89.49382511731139,1.4141255427377613,0.017333772435929193,0.33525629017849423,14.86412868050902
"(26, 876.8653809705295)",88.77870544177584,1.7591982745268435,0.02156353282558756,0.4208914760394114,18.487423950139945
"(27, 876.8653809705295)",87.96467331206075,2.169463041371224,0.0265923905132807,0.5231661181739269,22.79478052017105
"(28, 876.8653809705295)",87.04702881732062,2.651661201680076,0.03250297831274523,0.6442559750115564,27.856480485870645
"(29, 876.8653809705295)",86.02496110623339,3.210448324881177,0.039352362289604335,0.7863551525934827,33.72036899857073
"(30, 876.8653809705295)",84.90496859956507,3.8462285391555042,0.047145496081793824,0.9515564205947918,40.38869696221196
"(31, 876.8653809705295)",83.70540436335985,4.552158698259655,0.055798499201920655,1.141672797921379,47.786099462354564
"(32, 876.8653809705295)",82.45966684015839,5.311595819951572,0.0651073687817175,1.3580095008944693,55.732388229875006
"(33, 876.8653809705295)",81.21315008771516,6.098923770774865,0.07475811273589028,1.6011549359074506,63.95164606888677
"(34, 876.8653809705295)",80.01180065521517,6.885662444762357,0.08440163357566058,1.8709128038928327,72.1379577759638
"(35, 876.8653809705295)",78.88898190114372,7.648622114655034,0.0937536811103567,2.16644588190152,80.04291142232096
"(36, 876.8653809705295)",77.86012948279078,8.374284898773562,0.10264855867602238,2.4865556966394866,87.52241181288663
"(37, 876.8653809705295)",76.92615046934576,9.057939146748323,0.11102851278979137,2.82994961795898,94.52710954805274
"(38, 876.8653809705295)",76.07982487168834,9.700451609325814,0.11890416772775772,3.19541031945147,101.06753801413254
"(39, 876.8653809705295)",75.31086825773397,10.305348338719334,0.12631874439557306,3.5818698962450366,107.18266403189808
"(40, 876.8653809705295)",74.6087517187144,10.877008549301943,0.133325921411647,3.988425045482956,112.92045982638778
"(41, 876.8653809705295)",73.96391860085734,11.419766273374396,0.13997882357102664,4.414324979560932,118.32825947885388
"(42, 876.8653809705295)",73.36814597826464,11.937544071554289,0.146325532017188,4.858950309275033,123.44884306869194
"(43, 876.8653809705295)",72.8145257925717,12.433750819164537,0.1524078313493935,5.321791292180817,128.31935980689732
"(44, 876.8653809705295)",72.29730752461413,12.911295090867297,0.15826137368606,5.802428584947086,132.97149114519922
"(45, 876.8653809705295)",71.81171059938106,13.372641313494462,0.16391636696318646,6.300517258615174,137.43207030586444
"(46, 876.8653809705295)",71.35374918727348,13.819875854088188,0.16939838501451923,6.815773899344771,141.72380551220405
"(47, 876.8653809705295)",70.92008275124877,14.254769591144953,0.1747291345442662,7.347966324646959,145.8659628041619
"(48, 876.8653809705295)",70.50789369016523,14.678832357793102,0.17992712246929918,7.8969054125878255,149.87495937838528
"(49, 876.8653809705295)",70.11478903594897,15.093358499958313,0.18500821435250098,8.462438600898578,153.76485975998457
"(50, 876.8653809705295)",69.73872209827057,15.499464275212127,0.18998609282256868,9.044444688216513,157.54778297374756
"(51, 876.8653809705295)",69.37793014455025,15.898118280351188,0.1948726305428151,9.642829660086589,161.2342337615682
"(52, 876.8653809705295)",69.03088473219786,16.290166137534374,0.1996781928037517,10.257523303306538,164.83337130106204
"(53, 876.8653809705295)",68.69625199756199,16.676350524480345,0.20441188304505148,10.888476444738977,168.3532272564634
"(54, 876.8653809705295)",68.37286074970294,17.057327465378382,0.2090817425428704,11.53565867781369,171.80088315102253
"(55, 876.8653809705295)",68.05967669787057,17.433679626515413,0.21369491338220764,12.199056474168351,175.18261516018546
"(56, 876.8653809705295)",67.75578151495432,17.80592721268263,0.21825777202059649,12.87867160064253,178.5040128119768
"(57, 876.8653809705295)",67.46035573058342,18.17453693810496,0.22277603925008851,13.574519779389764,181.7700767487447
"(58, 876.8653809705295)",67.17266467202906,18.539929447381528,0.22725487116011284,14.286629542715751,184.9852996345052
"(59, 876.8653809705295)",66.89204684361819,18.90248548394127,0.231698934747869,15.01504124443316,188.15373344372287
"(60, 876.8653809705295)",66.61790426762678,19.262551042246816,0.23611247107195094,15.759806197810985,191.2790457005884
"(61, 876.8653809705295)",66.34969441159554,19.620441691741874,0.24049934825350927,16.520985916285245,194.3645667131922
"(62, 876.8653809705295)",66.08692340550157,19.97644622278411,0.24486310616661427,17.29865143812188,197.41332943629354
"(63, 876.8653809705295)",65.82914031315727,20.330829735053435,0.24920699429469945,18.09288271989176,200.42810327285042
"(64, 876.8653809705295)",65.57593226966287,20.683836265462652,0.2535340039424365,18.903768086756518,203.4114228692118
"(65, 876.8653809705295)",65.32692033379259,21.035691034077285,0.2578468957652016,19.731403729841578,206.36561275738032
"(66, 876.8653809705295)",65.08175593334599,21.386602371815414,0.2621482233982237,20.57589324287174,209.29280853795913
"(67, 876.8653809705295)",64.84011780467247,21.736763381924547,0.2664403538221009,21.437347191795613,212.1949751683436
"(68, 876.8653809705295)",64.60170934568953,22.08635337788933,0.27072548498819665,22.315882712225715,215.07392282038072
"(69, 876.8653809705295)",64.36625631653095,22.435539132800375,0.27500566113279606,23.211623130538108,217.93132068772343
"(70, 876.8653809705295)",64.1335048335041,22.78447596917304,0.27928278613577623,24.124697605268032,220.7687090581903
"(71, 876.8653809705295)",63.9032196116332,23.133308713209104,0.283558635217457,25.055240785962585,223.58750991147625
"(72, 876.8653809705295)",63.67518241855114,23.4821725335237,0.28783486521946533,26.003392487260907,226.3890362600066
"(73, 876.8653809705295)",63.44919070886069,23.831193681024267,0.2921130236737637,26.969297376318295,229.17450041382978
"(74, 876.8653809705295)",63.225056413028014,24.180490143975863,0.2963945568322372,27.953104672021354,231.94502132226958
"(75, 876.8653809705295)",63.00260485912581,24.530172230040026,0.30068081680108155,28.9549678547474,234.70163112006298
"(76, 876.8653809705295)",62.78167380908252,24.88034308527386,0.3049730679024707,29.97504438561757,237.44528098643357
"(77, 876.8653809705295)",62.562112593992765,25.231099158525925,0.30927249236693594,31.013495434379568,240.1768464086589
"(78, 876.8653809705295)",62.34378133529771,25.582530618448583,0.313580195444929,32.07048561521511,242.89713192841563
"(79, 876.8653809705295)",62.12655024071343,25.9347217292348,0.3178972100124682,33.146182729900296,245.60687543715102
"(80, 876.8653809705295)",61.91029896526528,26.28775119038272,0.3222245007358183,34.240757517819404,248.30675207793257
"(81, 876.8653809705295)",61.69491602930416,26.64169244497624,0.32656296785020916,35.35438341248765,250.99737780235282
"(82, 876.8653809705295)",61.48029828639581,26.996613960403973,0.33091345060093474,36.48723630420916,253.67931262525195
"(83, 876.8653809705295)",61.26635043505071,27.352579484885702,0.33527673038757677,37.639494308724785,256.3530636131312
"(84, 876.8653809705295)",61.052984569003094,27.709648282733887,0.33965353364783657,38.81133754156538,259.0190876385314
"(85, 876.8653809705295)",60.840119761511694,28.067875350894973,0.34404453451180245,40.00294789800988,261.67779392751027
"(86, 876.8653809705295)",60.62768167968943,28.427311619009295,0.34845035725412277,41.214508838563695,264.3295464243898
"(87, 876.8653809705295)",60.41560222545546,28.78800413490623,0.3528715785678934,42.44620517988068,266.97466599472733
"(88, 876.8653809705295)",60.20381920004337,29.14999623728386,0.35730872968113375,43.69822289109459,269.6134324848487
"(89, 876.8653809705295)",59.992275989504975,29.513327717023838,0.36176229833418766,44.97074889556845,272.2460866540133
"(90, 876.8653809705295)",59.78092126883419,29.87803496850531,0.3662327306344873,46.26397087809095,274.87283199359604
"(91, 876.8653809705295)",59.56970872276266,30.244151132049847,0.37072043280249295,47.578077097556125,277.49383644536147
"(92, 876.8653809705295)",59.3585967814037,30.611706228542054,0.37522577282198416,48.91325620518519,280.1092340303253
"(93, 876.8653809705295)",59.147548369186126,30.98072728712049,0.3797490820050282,50.26969706840542,282.7191263971425
"(94, 876.8653809705295)",58.93653066603704,31.351238466801625,0.38429065648302513,51.647588600433664,285.32358429996907
"(95, 876.8653809705295)",58.72551487860387,31.72326117254697,0.3888507586291783,53.047119595722315,287.9226490103315
"(96, 876.8653809705295)",58.51447602218773,32.09681416673436,0.3934296184250836,54.468478571356044,290.516333674045
"(97, 876.8653809705295)",58.30339271075322,32.47191367624674,0.3980274347732199,55.91185361454086,293.10462461460116
"(98, 876.8653809705295)",58.09224695526704,32.848573495852825,0.4026443767642186,57.37743223631257,295.6874825906854
"(99, 876.8653809705295)",57.88102396929605,33.226805088253265,0.40728058490317615,58.86540123161444,298.26484401140914
"(100, 876.8653809705295)",57.66971198135271,33.60661768114934,0.4119361722994793,60.37594654588134,300.8366221130433
"(101, 876.8653809705295)",57.4583020534365,33.988018361667386,0.41661122582422516,61.909253148268185,303.4027081006903
"(102, 876.8653809705295)",57.24678790533607,34.37101216840767,0.4213058072385128,63.46550491168275,305.9629722576122
"(103, 876.8653809705295)",57.03516574430875,34.755602181350284,0.42601995429547806,65.04488449975614,308.51726502459576
"(104, 876.8653809705295)",56.823434099806654,35.14178960981718,0.43075368181849744,66.64757326088866,311.06541805134634
"(105, 876.8653809705295)",56.61159366297166,35.52957387865399,0.43550698275756206,68.27375112951934,313.60724522151617
"(106, 876.8653809705295)",56.3996471306717,35.91895271276154,0.44027982922544856,69.92359653473683,316.1425436526758
"(107, 876.8653809705295)",56.18759905386924,36.30992222009215,0.44507217351499395,71.59728631636818,318.67109467223855
"(108, 876.8653809705295)",55.97545569018105,36.70247697317571,0.44988394909852547,73.29499564865502,321.19266477014986
"(109, 876.8653809705295)",55.76322486048197,37.096610089252394,0.45471507160997526,75.01689797162895,323.70700652869357
"(110, 876.8653809705295)",55.55091580944229,37.49231330904134,0.45956543981045794,76.76316493028907,326.2138595299971
"(111, 876.8653809705295)",55.33853906992752,37.889577074165935,0.4644349365373039,78.53396632166843,328.7129512411382
"(112, 876.8653809705295)",55.12610633117602,38.28839060324666,0.4693234296367721,80.32947004986696,331.20399787697664
"(113, 876.8653809705295)",54.91363031070658,38.68874196665014,0.47423077288029736,82.1498420891285,333.68670524050214
"(114, 876.8653809705295)",54.7011246299091,39.09061815987677,0.4791568068640429,83.9952464550173,336.16076954044405
"(115, 876.8653809705295)",54.488603693281775,39.494005175557525,0.484101359891408,85.86584518372463,338.62587818580624
"(116, 876.8653809705295)",54.27608257128901,39.898888074020924,0.48906424883801125,87.76179831957468,341.08171055683385
"(117, 876.8653809705295)",54.06357688681184,40.305251052387284,0.4940452799986201,89.68326391072314,343.5279387519588
"(118, 876.8653809705295)",53.851102705166,40.71307751214148,0.49904424991543317,91.63039801306975,345.96422831017867
"(119, 876.8653809705295)",53.63867642766364,41.1223501251329,0.5040609461870413,93.60335470239788,348.3902389082677
"(120, 876.8653809705295)",53.426314688707016,41.53305089793662,0.5090951482574297,95.60228609471483,350.80562503228447
"(17, 877.1111308429588)",92.49802447084745,0.16719851502581465,0.0020494510023995926,0.032714101347078216,1.7648821849748637
"(18, 877.1111308429588)",92.31640412144891,0.23119444656725108,0.0028338869528518364,0.047073761830170126,2.4385600280668105
"(19, 877.1111308429588)",92.09101615313212,0.3129833620196139,0.00383642202160974,0.06595261882658517,3.2990158389383644
"(20, 877.1111308429588)",91.81566781404652,0.41630599379476496,0.00510290857646835,0.0903262802080318,4.385491631886356
"(21, 877.1111308429588)",91.48375685366695,0.5455775985132708,0.006687467026768349,0.12131426274017959,5.744337503583607
"(22, 877.1111308429588)",91.08828672300382,0.7059541163120782,0.008653296777788538,0.160194324628056,7.42970859765778
"(23, 877.1111308429588)",90.62191210461438,0.9033621294419077,0.011073043450348189,0.20841427949529653,9.503875383112822
"(24, 877.1111308429588)",90.07703174646322,1.1444707226987154,0.014028453957798056,0.2675989849395004,12.036914129963135
"(25, 877.1111308429588)",89.44596034292533,1.4365767172088204,0.017608969748642476,0.3395497590631926,15.105473610148062
"(26, 877.1111308429588)",88.72124541468496,1.787361306141612,0.02190874374665705,0.4262329777855648,18.790170025193405
"(27, 877.1111308429588)",87.89626926445419,2.204443614673915,0.027021168071554157,0.5297536900100602,23.170813593928457
"(28, 877.1111308429588)",86.96641311147546,2.6945860019473975,0.033029132955458985,0.6523079944956633,28.317912162829405
"(29, 877.1111308429588)",85.93123820385068,3.262294063170237,0.039987866141359664,0.7961038006172875,34.27769869062755
"(30, 877.1111308429588)",84.79813509823738,3.9075050689806394,0.047896598718399824,0.9632344033418027,41.04740546208528
"(31, 877.1111308429588)",83.58704024014371,4.622456598952462,0.05666018211231702,1.1554908397855808,48.541785566516786
"(32, 877.1111308429588)",82.33337334844147,5.389223001211194,0.06605889101516191,1.3741262733099617,56.566862327230474
"(33, 877.1111308429588)",81.08404183443429,6.181064864805154,0.0757649646656012,1.6196502489283207,64.83464358719397
"(34, 877.1111308429588)",79.8849980050921,6.969196041265328,0.08542555423106078,1.891780190912667,73.03592428357956
"(35, 877.1111308429588)",78.7681847620085,7.731028680097777,0.09476378708004692,2.1896099042488224,80.92876254449249
"(36, 877.1111308429588)",77.74721119629767,8.454027708723162,0.10362601342052265,2.5119016672288326,88.37962814879342
"(37, 877.1111308429588)",76.82157540743879,9.134330672397597,0.11196488886222548,2.857349938944961,95.34830034570783
"(38, 877.1111308429588)",75.98325375064722,9.773346741718886,0.11979768644198022,3.2247408274847666,101.8511434000107
"(39, 877.1111308429588)",75.22160936873365,10.374885513709202,0.12717110264148854,3.6130174821367707,107.93017216628522
"(40, 877.1111308429588)",74.52601717931152,10.943447945694095,0.13414030835469853,4.021289978563202,113.63466757404962
"(41, 877.1111308429588)",73.88694656517609,11.483403279002037,0.14075885995444262,4.448820639722907,119.01234219108393
"(42, 877.1111308429588)",73.29624901040638,11.998667910026626,0.14707476302565914,4.895001884220876,124.10590983167522
"(43, 877.1111308429588)",72.7471033168071,12.492627222183373,0.1531295142134191,5.359334203401353,128.9522671737636
"(44, 877.1111308429588)",72.23384255780252,12.968160867817597,0.15895841111821143,5.841406972166324,133.58278476072806
"(45, 877.1111308429588)",71.75176063568831,13.427704415851473,0.16459130794758092,6.340882641835832,138.02398559898856
"(46, 877.1111308429588)",71.29693571124987,13.87331774162046,0.17005345381077128,6.857484043482252,142.29829313223422
"(47, 877.1111308429588)",70.86608129838739,14.306748339420686,0.17536626877802963,7.390984293827863,146.42472202577997
"(48, 877.1111308429588)",70.4564251028684,14.729485811387356,0.18054801178298455,7.941198788528946,150.4194719978925
"(49, 877.1111308429588)",70.06561205460298,15.142807169815546,0.18561433591997242,8.507978838163153,154.2964212412687
"(50, 877.1111308429588)",69.6916271953899,15.547813881297579,0.19057874251591245,9.091206581542673,158.06752978121835
"(51, 877.1111308429588)",69.33273443709473,15.945461930330099,0.19545294963770377,9.690790902913484,161.74316678040472
"(52, 877.1111308429588)",68.98742779624546,16.33658617056022,0.20024719057984794,10.306664120098656,165.33237565751725
"(53, 877.1111308429588)",68.65439242498498,16.72192006211416,0.20497045579653822,10.938779283229902,168.84308898986842
"(54, 877.1111308429588)",68.33247330936817,17.102111713291023,0.20963068953418854,11.587107949934033,172.28230320678728
"(55, 877.1111308429588)",68.02064998764355,17.477736967141738,0.21423495024136052,12.25163833673318,175.65622113555156
"(56, 877.1111308429588)",67.71801601201707,17.849310123841384,0.2187895419992202,12.932373768561844,178.97036883098724
"(57, 877.1111308429588)",67.42376216544649,18.21729276725716,0.22330012271399344,13.629331365724502,182.22969178531775
"(58, 877.1111308429588)",67.13716266633806,18.582101066232077,0.2277717936131177,14.342540920883138,185.43863454924755
"(59, 877.1111308429588)",66.85756376368914,18.94411184378374,0.2322091736390003,15.072043928855166,188.60120695375736
"(60, 877.1111308429588)",66.58437425511887,19.303667646810162,0.23661646159139238,15.817892739942055,191.72103946254364
"(61, 877.1111308429588)",66.31705756023057,19.661081001300445,0.2409974882860252,16.580149813585283,194.801429667283
"(62, 877.1111308429588)",66.05512505872775,20.0166380008208,0.24535576054080352,17.358887053903775,197.8453815328746
"(63, 877.1111308429588)",65.79813046242094,20.37060134674711,0.24969449844173214,18.154185212414724,200.85563868107837
"(64, 877.1111308429588)",65.54566503672176,20.72321293564321,0.25401666705793885,18.96613334616142,203.83471274998672
"(65, 877.1111308429588)",65.29735352354194,21.074696070951237,0.25832500355167076,19.794828321811064,206.78490766840622
"(66, 877.1111308429588)",65.05285064607264,21.425257361683077,0.2626220404517049,20.640374358047104,209.70834052683307
"(67, 877.1111308429588)",64.81183809857113,21.775088359228853,0.26691012571657613,21.502882600163865,212.60695960053854
"(68, 877.1111308429588)",64.57402194208211,22.12436697420904,0.27119144010189405,22.38247072180102,215.48255998090178
"(69, 877.1111308429588)",64.33913034148921,22.47325870781441,0.27546801225360296,23.27926254979429,218.33679718902545
"(70, 877.1111308429588)",64.10691159064501,22.821917726135215,0.27974173187655055,24.193387708807165,221.17119908140185
"(71, 877.1111308429588)",63.87713238168348,23.170487801061878,0.28401436126777607,25.12498128306149,223.98717630415823
"(72, 877.1111308429588)",63.64957628198824,23.5191031374676,0.2882875454556526,26.07418349291112,226.78603150963724
"(73, 877.1111308429588)",63.42404238850266,23.867889103062694,0.292562821146357,27.0411393844827,229.5689675138048
"(74, 877.1111308429588)",63.20034413394734,24.216962874746866,0.2968416246463702,28.025998530859038,232.33709454397984
"(75, 877.1111308429588)",62.97830822363437,24.566434013037032,0.3011252989037135,29.02891474357111,235.091436703289
"(76, 877.1111308429588)",62.757773684862016,24.916404974419386,0.3054150997880189,30.050045793404422,237.83293775817992
"(77, 877.1111308429588)",62.53859101375473,25.266971569893016,0.3097122017114045,31.089553139680365,240.5624663392722
"(78, 877.1111308429588)",62.32062140654025,25.618223376861547,0.314017702676959,32.14760166730413,243.28082063239142
"(79, 877.1111308429588)",62.10373606438388,25.970244110328935,0.3183326288290173,33.22435943105285,245.98873262537842
"(80, 877.1111308429588)",61.88781556227656,26.323111958666246,0.3226579385686277,34.319997406606916,248.68687196678002
"(81, 877.1111308429588)",61.672749273984365,26.67689988834724,0.32699452628897696,35.43468924799825,251.37584948478394
"(82, 877.1111308429588)",61.45843484611249,27.031675921516417,0.3313432257776868,36.56861105109844,254.0562204079223
"(83, 877.1111308429588)",61.24477771528738,27.387503389718944,0.3357048133269331,37.721941123055565,256.7284873235551
"(84, 877.1111308429588)",61.0316906633241,27.74444116666073,0.3400800105865183,38.89485975733054,259.39310290529596
"(85, 877.1111308429588)",60.81909340586575,28.102543882524596,0.3444694871908759,40.08754901431762,262.05047243656566
"(86, 877.1111308429588)",60.60691221060462,28.4618621220313,0.3488738631868212,41.30019250741794,264.7009561539265
"(87, 877.1111308429588)",60.39507954171024,28.822442608154915,0.3532937112854591,42.53297519451694,267.3448714307779
"(88, 877.1111308429588)",60.183533727477496,29.18432837318672,0.35772955895901065,43.78608317483521,269.9824948196555
"(89, 877.1111308429588)",59.97221864862286,29.547558918617526,0.36218189040061,45.059703491164754,272.61406396895484
"(90, 877.1111308429588)",59.76108344495131,29.912170365150036,0.36665114836300383,46.354023937510924,275.2397794280329
"(91, 877.1111308429588)",59.55008223843756,30.278195593964618,0.37113773589030197,47.669232872205484,277.85980635303264
"(92, 877.1111308429588)",59.33917387092007,30.645664380298914,0.3756420179551702,49.005519036533975,280.4742761242564
"(93, 877.1111308429588)",59.12832165491947,31.014603520166762,0.38016432301218506,50.36307137898821,283.0832878843773
"(94, 877.1111308429588)",58.917493136502706,31.385036951130203,0.3847049444781898,51.74207888522657,285.6869100069162
"(95, 877.1111308429588)",58.706659868045094,31.756985867575228,0.38926414214529764,53.14273041386359,288.2851814998127
"(96, 877.1111308429588)",58.49579719156692,32.13046883147615,0.39384214353859776,54.56521453820158,290.8781133545528
"(97, 877.1111308429588)",58.28488403001166,32.50550187883705,0.39843914522086904,56.00971939403467,293.46568984274364
"(98, 877.1111308429588)",58.07390268674582,32.88209862248769,0.4030553140526082,57.47643253368209,296.04786976726496
"(99, 877.1111308429588)",57.862838652225555,33.26027035159182,0.40769078841176665,58.96554078635536,298.6245876717467
"(100, 877.1111308429588)",57.65168041730238,33.64002612823373,0.41234567937768385,60.477230125032015,301.1957550121364
"(101, 877.1111308429588)",57.44041929266491,34.02137288139618,0.4170200718829488,62.011685539981166,303.76126129348404
"(102, 877.1111308429588)",57.22904923395364,34.404315498601164,0.42171402583685147,63.569090919059796,306.32097517503774
"(103, 877.1111308429588)",57.01756667219319,34.78885691544796,0.42642757722277025,65.14962893496012,308.874745545527
"(104, 877.1111308429588)",56.805970349209346,35.174998203235994,0.431160739172207,66.75348093951442,311.42240257090606
"(105, 877.1111308429588)",56.59426115776827,35.562738654827896,0.43591350301740794,68.38082686523224,313.963758716082
"(106, 877.1111308429588)",56.382441986197826,35.95207586890156,0.4406858393239291,70.03184513415857,316.4986097417313
"(107, 877.1111308429588)",56.17051756731438,36.343005832672475,0.4454776989047242,71.70671257421563,319.0267356774262
"(108, 877.1111308429588)",55.958494331476125,36.735523003189144,0.4502890138165094,73.40560434311998,321.54790177163926
"(109, 877.1111308429588)",55.7463802636728,37.129620387225536,0.45511969833922594,75.12869386000486,324.0618594192199
"(110, 877.1111308429588)",55.53418476449798,37.525289619849154,0.4599696499389402,76.8761527448306,326.5683470665531
"(111, 877.1111308429588)",55.32191851496492,37.922521041647094,0.464838750214518,78.64815076568512,329.0670910945984
"(112, 877.1111308429588)",55.10959334506571,38.32130377463913,0.4697268658281287,80.44485579404707,331.5578066797817
"(113, 877.1111308429588)",54.897222106044026,38.72162579685523,0.47463384941938064,82.26643376808414,334.04019863249545
"(114, 877.1111308429588)",54.68481854632443,39.12347401556403,0.4795595405029293,84.11304866405426,336.5139622129998
"(115, 877.1111308429588)",54.47239719107071,39.526834339118686,0.48450376634914355,85.98486247582773,338.9787839243423
"(116, 877.1111308429588)",54.259973225345696,39.931691747383844,0.48946634284731244,87.88203520260608,341.43434228176756
"(117, 877.1111308429588)",54.04756238084719,40.33803036069207,0.49444707535100557,89.80472484482424,343.8803085582899
"(118, 877.1111308429588)",53.83518082620051,40.7458335072906,0.4994457595046833,91.7530874082731,346.31634750560005
"(119, 877.1111308429588)",53.62284506077514,41.15508378921702,0.504462182051253,93.72727691643108,348.74211805004995
"(120, 877.1111308429588)",53.410571812019136,41.56576314654998,0.5094961216195497,95.72744543100717,351.1572739628177
"(17, 877.3678391856132)",92.48968241138562,0.17008577608712275,0.0020848418674163905,0.033244740591857745,1.7959284636669595
"(18, 877.3678391856132)",92.30544044815653,0.2350931601135642,0.0028816757886733265,0.047807358554486826,2.4804823013873274
"(19, 877.3678391856132)",92.07686630923556,0.31817498574747816,0.0039000588215628816,0.066945602087051,3.3548405788843634
"(20, 877.3678391856132)",91.79767906656382,0.4231429454373864,0.005186713132895209,0.09164696084996721,4.459008333033944
"(21, 877.3678391856132)",91.46117560252873,0.5544991687421449,0.0067968239851464605,0.12304498084098092,5.840269792331918
"(22, 877.3678391856132)",91.06024534774285,0.7175034974371235,0.0087948643671908,0.1624338067439439,7.553897339028794
"(23, 877.3678391856132)",90.58741660146063,0.9182031850554893,0.01125495903912718,0.21128008985764274,9.663459002423958
"(24, 877.3678391856132)",90.03495261883188,1.1634021825422691,0.014260508048393806,0.271229884086152,12.240481248022169
"(25, 877.3678391856132)",89.39503186882034,1.4605398997806387,0.017902700638147705,0.3441076912109798,15.363146083267571
"(26, 877.3678391856132)",88.66008448123578,1.8174342973724862,0.022277366171406035,0.4319042714378338,19.113540349115357
"(27, 877.3678391856132)",87.82343815471862,2.2418078766983496,0.027479163911099287,0.5367488109245263,23.572585852383938
"(28, 877.3678391856132)",86.88057541750555,2.740437252524777,0.033591158828970215,0.660858711673801,28.81094372584053
"(29, 877.3678391856132)",85.83148940741717,3.3176478286254527,0.04066636995511273,0.80645578360567,34.87290935143433
"(30, 877.3678391856132)",84.68458574803556,3.9728399673049206,0.04869744717594593,0.9756322933300046,41.74994170928522
"(31, 877.3678391856132)",83.4615646021687,4.6972194864751105,0.057576595004811756,1.1701532488505535,49.345699498186306
"(32, 877.3678391856132)",82.20001672405458,5.47146891735815,0.06706702781150008,1.3912132318889292,57.45124003968832
"(33, 877.3678391856132)",80.94834322361567,6.26770688034353,0.07682698704999592,1.6392358418954367,65.76629177730058
"(34, 877.3678391856132)",79.75230192216571,7.05693846705497,0.0865010649941776,1.9138475646250537,73.97940491657083
"(35, 877.3678391856132)",78.64219746291626,7.817305866564931,0.09582133753892484,2.214072251368314,81.85648761303347
"(36, 877.3678391856132)",77.62970126792268,8.537334331879466,0.10464715192948552,2.5386343973722876,89.275411167929
"(37, 877.3678391856132)",76.71288570567036,9.214032813122621,0.11294184510001307,2.88621768380004,96.20532490523466
"(38, 877.3678391856132)",75.88294485825467,9.84934842363386,0.12072928396948694,3.255613507047864,102.6683774956872
"(39, 877.3678391856132)",75.12891547795887,10.447363410437694,0.12805950705153316,3.64577743901064,108.7095155499678
"(40, 877.3678391856132)",74.44009673357483,11.012690714098982,0.13498905788512516,4.055833898342311,114.37922413203161
"(41, 877.3678391856132)",73.806998245752,11.549727585601774,0.14157183617389946,4.485059002721293,119.72551699071252
"(42, 877.3678391856132)",73.22155552591595,12.062379220388223,0.14785571020610877,4.932857477803027,124.79098749698485
"(43, 877.3678391856132)",72.67704083097364,12.55400399033828,0.1538818455304746,5.398740425595017,129.6122418773718
"(44, 877.3678391856132)",72.16787547969925,13.027450115460958,0.15968515446276416,5.882306233052934,134.22031268796331
"(45, 877.3678391856132)",71.68943123464088,13.485122471008482,0.16529511498007268,6.383224967163837,138.64139289084002
"(46, 877.3678391856132)",71.23785279566074,13.929053053577444,0.17073663446546583,6.901225896847432,142.8976061539422
"(47, 877.3678391856132)",70.8099096889235,14.360964904371745,0.1760308332531873,7.436087599069001,147.00770420232294
"(48, 877.3678391856132)",70.40287647639732,14.78232654970931,0.18119571193812462,7.987630123528778,150.98766012932245
"(49, 877.3678391856132)",70.01443723216234,15.19439698850648,0.1862467028139804,8.555708770719685,154.85115843262736
"(50, 877.3678391856132)",69.64260974841606,15.598262340793301,0.19119711909579348,9.140209121175987,158.60999411841468
"(51, 877.3678391856132)",69.28568542440736,15.99486551867363,0.1960585186144209,9.741043046681446,162.27439578398534
"(52, 877.3678391856132)",68.94218144141134,16.385030221932286,0.20084099794487967,10.358145474455059,165.8532869123262
"(53, 877.3678391856132)",68.61080256363533,16.76948036724713,0.20555343056167957,10.991471747511072,169.3544974615797
"(54, 877.3678391856132)",68.29041046220385,17.148855869130802,0.21020366027515114,11.64099544992512,172.78493575459095
"(55, 877.3678391856132)",67.9799989404406,17.523725508641682,0.21479865897084074,12.306706599048834,176.15072868216515
"(56, 877.3678391856132)",67.67867380661843,17.89459747482788,0.21934465582221616,12.988610128500124,179.4573365871497
"(57, 877.3678391856132)",67.3856364244009,18.261928041521585,0.22384724364727027,13.68672460264931,182.7096478638117
"(58, 877.3678391856132)",67.10017018937296,18.626128744599775,0.22831146688443907,14.401081116382974,185.91205724531503
"(59, 877.3678391856132)",66.82162934635792,18.987572348425452,0.23274189472679885,15.131722343841824,189.06853092057514
"(60, 877.3678391856132)",66.54942968985729,19.346597830193172,0.23714268221813642,15.878701707573832,192.18266096883306
"(61, 877.3678391856132)",66.28304078776117,19.703514564067625,0.24151762154040932,16.6420826454574,195.2577110907002
"(62, 877.3678391856132)",66.02197944402477,20.058605850260726,0.2458701852717293,17.42193795743545,198.29665521458807
"(63, 877.3678391856132)",65.76580417424645,20.412131905478816,0.2502035630420348,18.218349217736122,201.30221024499528
"(64, 877.3678391856132)",65.51411051371457,20.764332408405057,0.25452069273458267,19.031406241067256,204.27686397149895
"(65, 877.3678391856132)",65.26652701291293,21.115428676024344,0.25882428716246936,19.86120659361327,207.2228989628791
"(66, 877.3678391856132)",65.02271180354666,21.465625532320345,0.2631168569742123,20.707855141373653,210.142413115401
"(67, 877.3678391856132)",64.78234964004425,21.81511291961381,0.2674007304051712,21.5714636298477,213.03733740239204
"(68, 877.3678391856132)",64.54514933934762,22.16406729363252,0.27167807037744196,22.452150290198,215.90945127097518
"(69, 877.3678391856132)",64.31084155545115,22.512652836229382,0.2759508893650194,23.350039467955114,218.7603960555802
"(70, 877.3678391856132)",64.07917683667402,22.86102251368594,0.2802210623660101,24.26526127099539,221.5916867113678
"(71, 877.3678391856132)",63.849923922556876,23.209319003817008,0.2844903382667035,25.197951234208844,224.40472212003303
"(72, 877.3678391856132)",63.622868244633985,23.5576755112034,0.2887603498343615,26.14824999867455,227.20079417798095
"(73, 877.3678391856132)",63.39781060133201,23.90621648668885,0.29303262253654466,27.116303003555593,229.981095842226
"(74, 877.3678391856132)",63.17456598205011,24.25505826471431,0.29730858235316354,28.102260189320756,232.74672828121226
"(75, 877.3678391856132)",62.95296251951065,24.604309629880944,0.3015895627214381,29.10627571102239,235.49870725481975
"(76, 877.3678391856132)",62.7328405527579,24.954072322407466,0.30587681073132544,30.128507660716114,238.23796882761368
"(77, 877.3678391856132)",62.51405178585448,25.30444149064995,0.3101714926724758,31.169117798156147,240.9653745048702
"(78, 877.3678391856132)",62.29645852962369,25.6555060976603,0.3144746990175158,32.22827128914887,243.68171586639505
"(79, 877.3678391856132)",62.079933015660416,26.007349287701885,0.31878744891491007,33.306136450993804,246.38771876297488
"(80, 877.3678391856132)",61.86435677332542,26.360048717878534,0.3231106942535762,34.40288450455979,249.08404713046363
"(81, 877.3678391856132)",61.649620061880306,26.713676859186144,0.32744532335340815,35.51868933269992,251.77130646931417
"(82, 877.3678391856132)",61.435621350899254,27.06830127083511,0.33179216432754743,36.653727244598315,254.4500470301799
"(83, 877.3678391856132)",61.22226684312548,27.423984851066262,0.3361519881569218,37.80817674599887,257.1207667411875
"(84, 877.3678391856132)",61.00947003464962,27.780786067340628,0.34052551151170635,38.982218314976556,259.7839139076249
"(85, 877.3678391856132)",60.79715130806216,28.13875916833385,0.3449133993499792,40.1760341832276,262.43988971062817
"(86, 877.3678391856132)",60.58523755469327,28.497954379931638,0.3493162673201436,41.38980812275827,265.0890505283001
"(87, 877.3678391856132)",60.37366182262981,28.858418087101892,0.35373468399013985,42.62372523794298,267.73171009949175
"(88, 877.3678391856132)",60.16236298761358,29.220193003284862,0.3581691729238471,43.87797176290343,270.3681415481905
"(89, 877.3678391856132)",59.95128544422416,29.583318328791066,0.3626202146226558,45.15273486425714,272.9985792842457
"(90, 877.3678391856132)",59.74037881518705,29.947829899456938,0.36708824834752873,46.44820244921812,275.62322079388485
"(91, 877.3678391856132)",59.52959767679289,30.31376032670803,0.3715736738360425,47.764562979157006,278.24222833263144
"(92, 877.3678391856132)",59.31890129875604,30.681139130029628,0.37607685292594883,49.102005288650936,280.8557305307144
"(93, 877.3678391856132)",59.10825339693845,31.04999286270787,0.3805981110965711,50.46071841012408,283.46382392080045
"(94, 877.3678391856132)",58.8976218979853,31.420345231696555,0.38513773893804804,51.84089140419716,286.06657439671085
"(95, 877.3678391856132)",58.68697871366871,31.792217212084697,0.3896959935544427,53.2427131958304,288.6640186083216
"(96, 877.3678391856132)",58.476299525679,32.16562715712102,0.3942730999123704,54.66637241639959,291.2561653027302
"(97, 877.3678391856132)",58.26556357821691,32.5405909039879,0.3988692521375318,56.112057251850175,293.8429966136377
"(98, 877.3678391856132)",58.054753478698196,32.91712187598776,0.40348461476728203,57.579955297038225,296.42446930597157
"(99, 877.3678391856132)",57.843855005516346,33.2952311814991,0.40811932396357564,59.0702534164096,299.00051597940603
"(100, 877.3678391856132)",57.63285692236312,33.67492771005414,0.41277348869066416,60.58313761118871,301.57104623444644
"(101, 877.3678391856132)",57.421750798585926,34.05621822585694,0.4174471918613954,62.11879289318619,304.1359478043484
"(102, 877.3678391856132)",57.21053083514581,34.43910745900923,0.4221404914554181,63.677403165391794,306.6950876556012
"(103, 877.3678391856132)",56.99919369583966,34.823598194654224,0.4268534216118814,65.25915110949532,309.2483130591065
"(104, 877.3678391856132)",56.787738343429474,35.20969136024882,0.43158599369916956,66.86421808047824,311.79545263413786
"(105, 877.3678391856132)",56.57616588044159,35.59738611110788,0.43633819736348184,68.49278400840666,314.33631736653706
"(106, 877.3678391856132)",56.36447939440482,35.98667991435211,0.44111000155781416,70.14502730756053,316.87070160238136
"(107, 877.3678391856132)",56.15268380734637,36.377568631357725,0.4459013555526176,71.82112479303781,319.3983840180981
"(108, 877.3678391856132)",55.94078572937133,36.77004659879637,0.4507121899291247,73.5212516049256,321.91912856780624
"(109, 877.3678391856132)",55.72879331623775,37.16410670829978,0.4555424175558632,75.24558114016966,324.4326854082084
"(110, 877.3678391856132)",55.516716130799495,37.559740484799526,0.4603919345489157,76.99428499223686,326.9387918014296
"(111, 877.3678391856132)",55.30456500823442,37.95693816355959,0.465260621216153,78.76753289865373,329.43717299591844
"(112, 877.3678391856132)",55.092351925018725,38.35568876589491,0.4701483429853015,80.56549269651171,331.9275430851988
"(113, 877.3678391856132)",54.88008987156252,38.75598017357405,0.47505495131608333,82.38833028599903,334.40960584461965
"(114, 877.3678391856132)",54.66779272849803,39.15779920188319,0.4799802845956527,84.23620960202886,336.8830555453546
"(115, 877.3678391856132)",54.45547514657281,39.561131671312744,0.484924169017385,86.1092925939949,339.34757774566725
"(116, 877.3678391856132)",54.243152430119736,39.965962477837394,0.48988641944231165,88.00773921370113,341.8028500587768
"(117, 877.3678391856132)",54.03084042409415,40.37227566173359,0.4948668402426885,89.93170741149115,344.2485428968485
"(118, 877.3678391856132)",53.81855540463897,40.78005447489589,0.49986522612704454,91.88135314057482,346.6843201905382
"(119, 877.3678391856132)",53.60631397318193,41.189281446577596,0.5048813629461582,93.85683036957296,349.10984008358514
"(120, 877.3678391856132)",53.39413295401662,41.599938447525304,0.5099150284790418,95.8582911032543,351.52475560167306
"(17, 877.63453221582)",92.48085563161695,0.1731445594737261,0.002122335182996267,0.0338057363600578,1.8288289091740477
"(18, 877.63453221582)",92.29384278778106,0.23922361688685362,0.002932305238181853,0.04858261015962743,2.5249097258661015
"(19, 877.63453221582)",92.06190009595583,0.3236762374915507,0.00396749091508124,0.06799468215621553,3.414012351171624
"(20, 877.63453221582)",91.77865245309172,0.43038994228640426,0.005275543855789476,0.09304202583632631,4.536957438223514
"(21, 877.63453221582)",91.43728882206604,0.5639597565066083,0.006912787999983325,0.12487305581074516,5.942028406861754
"(22, 877.63453221582)",91.03057645096266,0.7297566827785397,0.0089450589007765,0.1647992920356552,7.685693291990286
"(23, 877.63453221582)",90.55090805190311,0.9339571067900878,0.011448064167397699,0.21430736436784925,9.83290907596292
"(24, 877.63453221582)",89.9904014915529,1.183509253883625,0.014506972303829975,0.27506580357321,12.456754048166466
"(25, 877.63453221582)",89.34108943577904,1.4860047983681406,0.018214838948276413,0.3489236786735437,15.637047981083525
"(26, 877.63453221582)",88.59527792851954,1.8494068335458436,0.022669272441026084,0.4378975432711943,19.457438771181714
"(27, 877.63453221582)",87.74624230730319,2.2815447409509315,0.027966242138211826,0.5441420033865221,23.999997833417364
"(28, 877.63453221582)",86.78959047639425,2.7892004496669807,0.03418887815230199,0.6698966253497686,29.335443458829452
"(29, 877.63453221582)",85.72581585722325,3.3764838608344707,0.041387557970265956,0.8173970149558417,35.50575306383365
"(30, 877.63453221582)",84.5644759009277,4.0421795513590935,0.04954738343299851,0.9887324888623216,42.4957621928752
"(31, 877.63453221582)",83.32922585260322,4.7763404528300875,0.058546427444952226,1.18563744533924,50.196729018218846
"(32, 877.63453221582)",82.05996625066342,5.558151326714162,0.06812954532678822,1.4092408825703084,58.38360076038198
"(33, 877.63453221582)",80.80653308381048,6.358591656394915,0.07794101545720293,1.6598733783885486,66.74385326281974
"(34, 877.63453221582)",79.6142537309391,7.148578599223474,0.08762435224767834,1.9370664530831097,74.9650909425223
"(35, 877.63453221582)",78.51157340203959,7.907118797010434,0.09692222770114677,2.239773888605572,82.82252008120555
"(36, 877.63453221582)",77.50813269180392,8.623867486034625,0.10570783993557627,2.5666845093321387,90.20616614407211
"(37, 877.63453221582)",76.60057951519889,9.296717297952085,0.11395535769185333,2.91647366965043,97.09468337172571
"(38, 877.63453221582)",75.77935788448383,9.928142122675263,0.12169510490054858,3.2879400011477973,103.5158864612003
"(39, 877.63453221582)",75.03320923742197,10.522482432889195,0.12898028530030325,3.6800528495783302,109.51749950501633
"(40, 877.63453221582)",74.35137931409862,11.084451767668252,0.13586867552496049,4.091951882074664,115.15108960505705
"(41, 877.63453221582)",73.72443261483986,11.618467535544651,0.14241442236130425,4.522927626344103,120.46488732350537
"(42, 877.63453221582)",73.14439813301935,12.128418501848458,0.14866519270399772,4.97239754860004,125.50130930694773
"(43, 877.63453221582)",72.60464779972142,12.617632520329947,0.1546617780230113,5.439883680186355,130.29663352670613
"(44, 877.63453221582)",72.0996954098178,13.088923966278902,0.16043867577939036,5.924993663920246,134.88152850305062
"(45, 877.63453221582)",71.62499357664575,13.544665306747142,0.16602496670376557,6.4274053755319285,139.28183861367447
"(46, 877.63453221582)",71.17675573282645,13.986859399985539,0.17144520101327815,6.946854678975085,143.51937411296052
"(47, 877.63453221582)",70.75180907998059,14.41720387996262,0.17672018761067715,7.48312574233101,147.6126134444576
"(48, 877.63453221582)",70.34747633295389,14.83714545493004,0.18186765965391452,8.036043380243502,151.57729502530574
"(49, 877.63453221582)",69.96148174471054,15.24792451974592,0.18690282139576178,8.60546697847328,155.42690324701303
"(50, 877.63453221582)",69.59187669922271,15.650611368896646,0.19183879206821491,9.191285642168898,159.17306289546687
"(51, 877.63453221582)",69.23698077800913,16.046135447512533,0.19668696442947933,9.793414303466802,162.8258577165489
"(52, 877.63453221582)",68.89533490843444,16.43530897213367,0.20145729429765305,10.411790563482302,166.3940876789032
"(53, 877.63453221582)",68.56566395832613,16.818846037975693,0.20615853475978288,11.0463721156435,169.8854771005574
"(54, 877.63453221582)",68.24684670332141,17.197378128863324,0.21079842628627354,11.697134622105564,173.30684362347912
"(55, 877.63453221582)",67.93789157260319,17.57146676029589,0.21538385170442043,12.364069947685195,176.66423598976533
"(56, 877.63453221582)",67.63791694288705,17.941613834051925,0.21992096312091602,13.047184676982589,179.96304691609515
"(57, 877.63453221582)",67.34613503076369,18.308270160479434,0.22441528638459263,13.746498856985818,183.20810603123542
"(58, 877.63453221582)",67.06183864746119,18.671842508070586,0.22887180749723857,14.46204492009406,186.4037567901341
"(59, 877.63453221582)",66.78439024359679,19.032699464149577,0.23329504445149513,15.193866752184789,189.55392045327207
"(60, 877.63453221582)",66.51321279624706,19.3911763314576,0.23768910725120423,15.942018877906184,192.6621495773003
"(61, 877.63453221582)",66.24778218656542,19.747579239206114,0.24205774830301283,16.706565741176355,195.731672959953
"(62, 877.63453221582)",65.98762078985278,20.10218861113968,0.24640440492647214,17.487581063343903,198.76543359021795
"(63, 877.63453221582)",65.73229205714314,20.455262104824797,0.25073223538263345,18.2851472650956,201.76612084636878
"(64, 877.63453221582)",65.48139591182687,20.807037114096453,0.25504414954801824,19.099354940915465,204.73619794204114
"(65, 877.63453221582)",65.23456481950774,21.157732909040597,0.2593428351456419,19.930302377125948,207.677925429444
"(66, 877.63453221582)",64.99146041664339,21.50755247391402,0.26363078027349207,20.778095106286994,210.59338141673084
"(67, 877.63453221582)",64.7517706051313,21.85668409227341,0.2679102928343875,21.642845492104833,213.4844790354062
"(68, 877.63453221582)",64.51520703710776,22.20530271970699,0.2721835173623931,22.52467234012887,216.3529815970715
"(69, 877.63453221582)",64.2815029279613,22.553571177397195,0.27645244965286075,23.423700530368688,219.20051580063725
"(70, 877.63453221582)",64.05041114649165,22.90164119397141,0.28071894953333626,24.34006066872911,222.0285832890768
"(71, 877.63453221582)",63.82170254011438,23.249654318414006,0.28498475205336565,25.273888754669944,224.83857080232707
"(72, 877.63453221582)",63.5951644600144,23.597742723029523,0.2892514773268975,26.225325863021176,227.63175913350537
"(73, 877.63453221582)",63.370599457147556,23.946029912280952,0.29352063922124266,27.194517838237715,230.40933106038605
"(74, 877.63453221582)",63.14782412464126,24.294631350863494,0.29779365305528027,28.181614999658535,233.17237839635254
"(75, 877.63453221582)",62.92666806609174,24.64365502217181,0.3020718424454112,29.186771856645645,235.92190828350365
"(76, 877.63453221582)",62.706972972495336,24.993201926681007,0.3063564454140218,30.210146832635576,238.65884882960083
"(77, 877.63453221582)",62.488591793145886,25.343366528241887,0.3106486198604461,31.251901997299516,241.38405417741322
"(78, 877.63453221582)",62.271387988086246,25.69423715517893,0.31494944847711864,32.312202806232634,244.09830907961387
"(79, 877.63453221582)",62.05523485155159,26.045896361985985,0.3192599431832644,33.391217847563425,246.80233304333007
"(80, 877.63453221582)",61.84001489729165,26.39842125668166,0.32358104913742614,34.489118595129995,249.49678409849926
"(81, 877.63453221582)",61.625619298069935,26.751883798093136,0.32791364838149883,35.6060791678539,252.18226223662572
"(82, 877.63453221582)",61.411947372616176,27.106351066816707,0.33225856316191216,36.74227609498702,254.85931256031827
"(83, 877.63453221582)",61.198906114284476,27.461885513047495,0.33661655896769294,37.89788808715868,257.52842817855145
"(84, 877.63453221582)",60.986409756420464,27.818545184103577,0.3409883473191196,39.07309581288526,260.1900528775758
"(85, 877.63453221582)",60.774379370110786,28.176383934055323,0.3453745883373061,40.268081680558204,262.84458359408484
"(86, 877.63453221582)",60.56274249056929,28.53545161758103,0.3497758931205288,41.48302962576453,265.4923727134414
"(87, 877.63453221582)",60.35143276885887,28.89579426993075,0.354192825950029,42.718124903938424,268.1337302129146
"(88, 877.63453221582)",60.140389646098086,29.25745427460969,0.35862590634552627,43.97355388829963,270.7689256677308
"(89, 877.63453221582)",59.929558047650154,29.620470520231954,0.3630756109877173,45.249503873094255,273.39819013508406
"(90, 877.63453221582)",59.7188880951185,29.984878547786003,0.36754237552350194,46.546162882206715,276.0217179298531
"(91, 877.63453221582)",59.50833483418928,30.350710689456992,0.372026596267579,47.86371948315612,278.6396683039843
"(92, 877.63453221582)",59.29785797669882,30.717996199956346,0.3765286318122341,49.202362606585716,281.25216703980703
"(93, 877.63453221582)",59.08742165533954,31.08676138124743,0.3810488045561975,50.56228137131423,283.85930796676155
"(94, 877.63453221582)",58.87699419009899,31.45702970149077,0.38558740216251264,51.94366491506866,286.4611544101414
"(95, 877.63453221582)",58.666547864247796,31.828821908663837,0.3901446789514923,53.34670223100334,289.05774057708084
"(96, 877.63453221582)",58.45605871061236,32.20215613983959,0.3947208572398655,54.77158201014329,291.6490728893935
"(97, 877.63453221582)",58.24550630553487,32.57704802625531,0.39931612862901555,56.21849248986444,294.23513126569384
"(98, 877.63453221582)",58.03487357080268,32.95351079488534,0.40393065524975497,57.68762130858293,296.8158703591654
"(99, 877.63453221582)",57.824146582563024,33.33155536681232,0.408564570968251,59.179155366753804,299.39122075492435
"(100, 877.63453221582)",57.61331438666229,33.7111904527934,0.413217982557402,60.693280694369086,301.9610901305612
"(101, 877.63453221582)",57.402368819953814,34.09242264630262,0.4178909708373153,62.23018232507018,304.52536438295186
"(102, 877.63453221582)",57.19130433714745,34.47525651431267,0.4225835917880948,63.79004417704539,307.0839087239802
"(103, 877.63453221582)",56.98011784280955,34.859694686055875,0.42729587763773075,65.37304894083226,309.6365687475058
"(104, 877.63453221582)",56.768808528251576,35.24573793991654,0.43202783792742205,66.97937797420265,312.1831714694424
"(105, 877.63453221582)",56.55737771300071,35.633385288654516,0.4367794605559052,68.60921120422611,314.723526342234
"(106, 877.63453221582)",56.34582869067792,36.02263406303356,0.44155071280482966,70.2627270366803,317.2574262453482
"(107, 877.63453221582)",56.13416657906791,36.41347999399854,0.44634154234586715,71.94010227292264,319.78464845228007
"(108, 877.63453221582)",55.92239817426063,36.80591729344384,0.45115187823074576,73.64151203431835,322.30495557501075
"(109, 877.63453221582)",55.710531808717036,37.19993873364145,0.45598163186493346,75.36712969438395,324.8180964864032
"(110, 877.63453221582)",55.498577213186785,37.595535725354424,0.46083069796511505,77.11712681869474,327.3238072206088
"(111, 877.63453221582)",55.286545382386045,37.99269839465891,0.46569895550075213,78.89167311267504,329.8218118516235
"(112, 877.63453221582)",55.07444844437187,38.39141565846987,0.47058626861992275,80.69093637735868,332.31182335007543
"(113, 877.63453221582)",54.86229953357835,38.79167529875941,0.4754924875590372,82.5150824731553,334.7935444178569
"(114, 877.63453221582)",54.65011266745855,39.19346403545003,0.48041744953633886,84.3642752917215,337.2666683004205
"(115, 877.63453221582)",54.437902626727094,39.59676759793941,0.4853609796286212,86.23867673594681,339.7308795762303
"(116, 877.63453221582)",54.22568483915472,40.001570795226876,0.4903228916308131,88.13844670812132,342.18585492299553
"(117, 877.63453221582)",54.013475266908685,40.40785758458799,0.49530298889777924,90.06374310627743,344.6312638601225
"(118, 877.63453221582)",53.80129029741318,40.81561113875155,0.5003010651676599,92.0147218287467,347.066769466749
"(119, 877.63453221582)",53.58914663771921,41.22481391150966,0.5053169053662655,93.99153678691488,349.4920290749533
"(120, 877.63453221582)",53.37706121234848,41.63544770172698,0.5103502863915109,95.99433992616758,351.9066949372559
"(17, 877.9101982755661)",92.4715564600311,0.17637121461810465,0.002161886201858392,0.03439622475348339,1.8635457193692282
"(18, 877.9101982755661)",92.28162765948453,0.243580966994302,0.0029857158533665583,0.04939828345901007,2.571792113364526
"(19, 877.9101982755661)",92.04613891972298,0.32948089598890995,0.004038642044468668,0.06909815741293525,3.4764668806105905
"(20, 877.9101982755661)",91.75861492987963,0.4380392472694745,0.005369305907221598,0.09450919176125683,4.619259221849824
"(21, 877.9101982755661)",91.41212960737259,0.573950010919588,0.0070352444519391315,0.1267954940381752,6.049517357680784
"(22, 877.9101982755661)",90.99931973766749,0.7427026773823243,0.009103745606897418,0.16728693197848357,7.824984178823142
"(23, 877.9101982755661)",90.51243308331952,0.9506113115382985,0.011652204596597972,0.21749123682437246,10.012098010922417
"(24, 877.9101982755661)",89.94343206047255,1.2047779078560474,0.014767674763996801,0.279100675862508,12.685591604266998
"(25, 877.9101982755661)",89.28419389300075,1.512956107634781,0.01854519707247374,0.3539902426987377,15.927027396256133
"(26, 877.9101982755661)",88.52689421007032,1.8832622975441957,0.023084258869687704,0.4442036562791804,19.821702625052847
"(27, 877.9101982755661)",87.66475982106297,2.323635363000664,0.02848217176556633,0.5519221634803709,24.452866898546695
"(28, 877.9101982755661)",86.69355253220598,2.840851069167335,0.03482199031776279,0.6794082399464592,29.89117218427052
"(29, 877.9101982755661)",85.61434408223192,3.438762747547317,0.04215094708758093,0.8289109555727342,36.17583535958833
"(30, 877.9101982755661)",84.43799526630379,4.115450749425945,0.05044551180633942,1.0025143505396796,43.284114921476174
"(31, 877.9101982755661)",83.1903173166537,4.859685879719057,0.05956804159414704,1.2019170721919157,51.09347413461288
"(32, 877.9101982755661)",81.91364243771132,5.649055672150571,0.06924381360751002,1.4281750984213661,59.36167503510409
"(33, 877.9101982755661)",80.65913812259161,6.453428580877755,0.07910348768320197,1.6815190482086986,67.76423950803995
"(34, 877.9101982755661)",79.47143195388537,7.2437777072213105,0.08879126397104886,1.961382222205906,75.98937393575574
"(35, 877.9101982755661)",78.37689173288831,8.000111195680851,0.0980620904842652,2.2666491278610983,83.82306017249668
"(36, 877.9101982755661)",77.38305573993904,8.713273561460571,0.10680374303539777,2.5959756391005193,91.16811958567816
"(37, 877.9101982755661)",76.48516701663488,9.382042947512042,0.11500124460056155,2.9480314942245096,98.01273395499136
"(38, 877.9101982755661)",75.67296156885999,10.009402525851728,0.12269116168203129,3.32162455469636,104.39019752423528
"(39, 877.9101982755661)",74.93492071723712,10.599933501329224,0.12992964881484798,3.7157392468515087,110.35082450606635
"(40, 877.9101982755661)",74.26026038500227,11.158437336443116,0.13677556036221625,4.12953131789933,115.94712799894559
"(41, 877.9101982755661)",73.63961468623987,11.689343300031343,0.1432831884897017,4.5623062445036675,121.22746617204567
"(42, 877.9101982755661)",73.0651151982642,12.196518426651753,0.14949993372505246,5.013494597607467,126.23402186113732
"(43, 877.9101982755661)",72.53023926837139,12.683256627535345,0.15546617148471834,5.482629596699659,131.0027078365926
"(44, 877.9101982755661)",72.0295969248347,13.152336157052554,0.16121595647429007,5.9693283336411085,135.56380397988792
"(45, 877.9101982755661)",71.55872419780329,13.606095505838656,0.16677795295538567,6.473276643461265,139.94278910359438
"(46, 877.9101982755661)",71.11390508199806,14.046507272305723,0.17217634023241937,6.994217106686604,144.16114788511803
"(47, 877.9101982755661)",70.69202581103066,14.475242852443644,0.17743160559373203,7.531939583361445,148.23707646378386
"(48, 877.9101982755661)",70.29045829369122,14.893726501347036,0.18256120697566186,8.0862737386053,152.1860716748247
"(49, 877.9101982755661)",69.90696778374422,15.303179511110224,0.18758011447711237,8.657083117158997,156.02141237599614
"(50, 877.9101982755661)",69.53963992119375,15.704655950053882,0.19250124843638222,9.24426041323784,159.7545487698405
"(51, 877.9101982755661)",69.18682301689395,16.09907146838203,0.19733583251911158,9.847723676240937,163.3954161774862
"(52, 877.9101982755661)",68.84708220167656,16.487226526751023,0.202093678444584,10.467413231862333,166.9526880816609
"(53, 877.9101982755661)",68.51916283425432,16.869825169251108,0.206783416097262,11.103289169452028,170.43398065659414
"(54, 877.9101982755661)",68.20196112599541,17.247490253471067,0.2114126802106811,11.75532927035763,173.8460187313703
"(55, 877.9101982755661)",67.89450041768387,17.620775861297627,0.2159882624939539,12.423527284167125,177.19477106709493
"(56, 877.9101982755661)",67.59591190285492,17.990177461633,0.22051623620220281,13.10789148052443,180.485561166733
"(57, 877.9101982755661)",67.30541886822272,18.35614027434539,0.22500205865845385,13.808443420245474,183.72315850900833
"(58, 877.9101982755661)",67.02232373172075,18.71906618906375,0.22945065606137505,14.525216901946756,186.91185405535373
"(59, 877.9101982755661)",66.74599731863765,19.079319517696916,0.23386649399732137,15.258257049722603,190.0555230654773
"(60, 877.9101982755661)",66.47586993861013,19.437231801266282,0.2382536363605125,16.0076195148477,193.15767762228447
"(61, 877.9101982755661)",66.21142391976345,19.79310584629206,0.24261579482940523,16.773369770026118,196.22151077344108
"(62, 877.9101982755661)",65.95218732842694,20.14721913049682,0.24695637061241646,17.55558247917326,199.24993381058746
"(63, 877.9101982755661)",65.69772865858252,20.499826689830197,0.25127848983589146,18.354340929168597,202.2456079050437
"(64, 877.9101982755661)",65.44765231861389,20.85116357696015,0.2555850336792812,19.169736512686022,205.210971080959
"(65, 877.9101982755661)",65.20159477680448,21.20144696414756,0.25987866415132554,20.001868253414816,208.14826131926466
"(66, 877.9101982755661)",64.95922125379204,21.550877949693586,0.2641618462327719,20.85084236660647,211.0595364364459
"(67, 877.9101982755661)",64.72022287112121,21.899643116331934,0.2684368669783343,21.716771849301967,213.94669126411927
"(68, 877.9101982755661)",64.48431418192865,22.247915881113585,0.27270585206340003,22.599776095620392,216.81147256026634
"(69, 877.9101982755661)",64.2512310231194,22.5958576694068,0.2769707801740973,23.49998053338732,219.65549200579272
"(70, 877.9101982755661)",64.02072863906636,22.94361893993804,0.2812334955718364,24.4175162790464,222.4802375801551
"(71, 877.9101982755661)",63.7925800356213,23.29134008319231,0.285495719105867,25.352519808394447,225.28708355866263
"(72, 877.9101982755661)",63.56657453014445,23.639152211833938,0.28975905790155737,26.305132641080274,228.07729933341722
"(73, 877.9101982755661)",63.34251646901203,23.987177858665,0.29402501391587027,27.275501037234374,230.85205722762336
"(74, 877.9101982755661)",63.1202240887024,24.33553159520598,0.29829499151964006,28.263775704842352,233.61243944477317
"(75, 877.9101982755661)",62.89952850036488,24.684320581902607,0.30257030424176984,29.270111516749683,236.35944427244084
"(76, 877.9101982755661)",62.68027278095874,25.033645059250453,0.30685218078925486,30.294667236388236,239.09399164159635
"(77, 877.9101982755661)",62.462311156589344,25.383598787751158,0.31114177043996744,31.33760525143677,241.81692812732572
"(78, 877.9101982755661)",62.24550826591955,25.73426944339309,0.31544014789030944,32.39909131484147,244.52903146361402
"(79, 877.9101982755661)",62.02973849320663,26.08573897443412,0.31974831762850187,33.47929429266403,247.23101463485276
"(80, 877.9101982755661)",61.81488536216301,26.438083924373267,0.32406721789344367,34.578385918334305,249.92352959710996
"(81, 877.9101982755661)",61.60084098295072,26.791375725382295,0.32839772427148173,35.69654055303007,252.6071706753912
"(82, 877.9101982755661)",61.38750554583352,27.145680965815078,0.33274065297541333,36.833934951839964,255.2824776761465
"(83, 877.9101982755661)",61.17478685574346,27.501061634999946,0.3370967638450693,37.99074803562952,257.949938749647
"(84, 877.9101982755661)",60.96259990295871,27.85757534801911,0.34146676310256013,39.16716066832872,260.6099930315556
"(85, 877.9101982755661)",60.75086646556457,28.215275552907354,0.3458513058920319,40.3633554396137,263.2630330899235
"(86, 877.9101982755661)",60.53951474006521,28.574211722330023,0.3502509986291779,41.57951645288842,265.90940719986816
"(87, 877.9101982755661)",60.32847899687951,28.934429531593473,0.35466640118322074,42.815829118528214,268.5494214659145
"(88, 877.9101982755661)",60.11769925796631,29.295971024566708,0.3590980289107362,44.07247995239268,271.18334180899666
"(89, 877.9101982755661)",59.90712099406015,29.65887476896118,0.3635463545588693,45.34965637959076,273.8113958335455
"(90, 877.9101982755661)",59.696694839416864,30.023176002170874,0.36801181005329336,46.64754654358692,276.4337745880498
"(91, 877.9101982755661)",59.48637632215705,30.38890676881587,0.3724947881837699,47.96633912066438,279.0506342303641
"(92, 877.9101982755661)",59.2761256085627,30.756096050915176,0.37699564420003334,49.30622313985777,281.66209760881827
"(93, 877.9101982755661)",59.06590725983539,31.12476989155869,0.3815146973276802,50.667387808421914,284.26825576756437
"(94, 877.9101982755661)",58.85569000037728,31.494951512907463,0.3860522322144342,52.050022342966535,286.8691693851323
"(95, 877.9101982755661)",58.64544649544943,31.866661428961333,0.3906085003125151,53.45431580635696,289.4648701511247
"(96, 877.9101982755661)",58.435153138974265,32.2399175540472,0.3951837212084119,54.88045695052874,292.0553620908242
"(97, 877.9101982755661)",58.22478984889107,32.61473530718697,0.399778083902188,56.32863406531877,294.640622839477
"(98, 877.9101982755661)",58.01433987034528,32.99112771302299,0.4043917480445835,57.79903483349108,297.22060487333204
"(99, 877.9101982755661)",57.803789585766694,33.36910549960492,0.4090248451356402,59.29184619207993,299.7952367005827
"(100, 877.9101982755661)",57.59312833126926,33.74867719342072,0.4136774796895604,60.807254200197775,302.36442401620064
"(101, 877.9101982755661)",57.382348218936784,34.12984921194935,0.41834973036917655,62.34544391346891,304.9280508234645
"(102, 877.9101982755661)",57.17144396455587,34.51262595400161,0.4230416510933354,63.90659926522709,307.4859805249459
"(103, 877.9101982755661)",56.960412720452865,34.89700988806614,0.4277532721197141,65.49090295462513,310.03805698501526
"(104, 877.9101982755661)",56.74925391312795,35.283001638836836,0.43248460110555337,67.09853634180313,312.5841055659024
"(105, 877.9101982755661)",56.537969085434334,35.67060007208062,0.43723562414793565,68.72967935024812,315.12393413860696
"(106, 877.9101982755661)",56.32656174309988,36.05980237796331,0.4420063068050432,70.38451037647964,317.6573340697866
"(107, 877.9101982755661)",56.115037205400306,36.450604152926346,0.44679659509987346,72.0632062072016,320.18408118577617
"(108, 877.9101982755661)",55.90340245985247,36.84299948019291,0.4516064165069334,73.76594194400714,322.7039367141127
"(109, 877.9101982755661)",55.69166602081168,37.236981008937654,0.4564356809228772,75.49289093578048,325.2166482032656
"(110, 877.9101982755661)",55.479837791860895,37.63254003218115,0.4612842816210914,77.24422471887179,327.72195042050265
"(111, 877.9101982755661)",55.26792893194604,38.02966656338908,0.46615209619072334,79.02011296515704,330.21956622821165
"(112, 877.9101982755661)",55.05595172517534,38.428349411799545,0.47103898745999234,80.82072343803233,332.7092074384915
"(113, 877.9101982755661)",54.843919454252635,38.82857625645339,0.4759448044036202,82.64622195645258,335.1905756457552
"(114, 877.9101982755661)",54.631846277492556,39.23033371891183,0.4808693830341766,84.4967723670325,337.6633630371506
"(115, 877.9101982755661)",54.419747109419,39.633607434613424,0.48581254727674494,86.37253652428508,340.1272531801999
"(116, 877.9101982755661)",54.20763750488768,40.03838212284628,0.49077410982660885,88.27367427901473,342.5819217873779
"(117, 877.9101982755661)",53.99553354674334,40.44464165527331,0.4957538729892081,90.20034347490414,345.02703745693134
"(118, 877.9101982755661)",53.783451736983885,40.85236912296293,0.5007516295017781,92.15269995328542,347.46226238943336
"(119, 877.9101982755661)",53.57140889140746,41.26154690187189,0.505767163336005,94.13089756612462,349.8872530794582
"(120, 877.9101982755661)",53.3594220377331,41.67215671671704,0.5108002504809465,96.1350881971821,352.3016609817544
"(17, 878.1937916690642)",92.46179955359669,0.17976129040613786,0.002203440364122543,0.03501519263293246,1.9000324554525072
"(18, 878.1937916690642)",92.2688145959276,0.24815929571550938,0.0030418351340046603,0.050252941797959284,2.6210677881657696
"(19, 878.1937916690642)",92.02960801878616,0.3355813424931668,0.0041134188222487,0.07025405435019516,3.542124817883288
"(20, 878.1937916690642)",91.73759825328213,0.44608130936874285,0.005467882214721414,0.09604581776786657,4.705814396778172
"(21, 878.1937916690642)",91.38573699013993,0.5844582488717998,0.0071640501342136445,0.12880883834322474,6.162615512729124
"(22, 878.1937916690642)",90.96652217268048,0.7563275135903764,0.00927075327571466,0.16989228379301935,7.971625687035237
"(23, 878.1937916690642)",90.47204711274492,0.9681494580128758,0.011867180021848736,0.2208260870199672,10.200857732786742
"(24, 878.1937916690642)",89.89410857198855,1.227189400437431,0.015042385672338858,0.2833274853702324,12.926802223969437
"(25, 878.1937916690642)",89.22441867575776,1.5413726418921236,0.01889351532523707,0.3592987222827203,16.232869139144796
"(26, 878.1937916690642)",88.45501678025792,1.9189767494151435,0.02352203201124832,0.45081200980930536,20.206090469909963
"(27, 878.1937916690642)",87.57908685950753,2.368051694153165,0.02902660898374014,0.5600763853765679,24.93091141734951
"(28, 878.1937916690642)",86.59257822800731,2.8953526861496948,0.03549004884411564,0.6893778470840988,30.477762713850108
"(29, 878.1937916690642)",85.49722968034523,3.504428968631954,0.042955856763991426,0.8409783436212839,36.88258838234157
"(30, 878.1937916690642)",84.30537232391008,4.19255802720826,0.051390661275696164,1.0169538707160408,44.11400581136812
"(31, 878.1937916690642)",83.04518146760644,4.947092201826098,0.060639432535811034,1.2189616053882328,52.03421157789608
"(32, 878.1937916690642)",81.76151918276328,5.743932810296559,0.07040677875614283,1.4479766962613663,60.382819298800634
"(33, 878.1937916690642)",80.50673189657445,6.551894166138099,0.08031043854865844,1.704123158793078,68.82400538085867
"(34, 878.1937916690642)",79.32444892733282,7.342170610934129,0.08999732393582853,1.9867337266048457,77.04835742066943
"(35, 878.1937916690642)",78.23875315109197,8.095907301134629,0.09923631995824082,2.29462535819718,84.85409473721477
"(36, 878.1937916690642)",77.25503386089028,8.805184690485982,0.10793035205751779,2.6264242474815855,92.15734086208695
"(37, 878.1937916690642)",76.36716674829337,9.46965764722025,0.11607518974978964,2.980797419873658,98.95571358520021
"(38, 878.1937916690642)",75.56423048395787,10.092795350889967,0.12371335681840015,3.356563962778483,105.28773794168023
"(39, 878.1937916690642)",74.83448458509574,10.679399703985068,0.1309037130202905,3.752724618966305,111.20610346188167
"(40, 878.1937916690642)",74.16713944704507,11.23434648035121,0.13770602359659206,4.168451960117835,116.76412303784298
"(41, 878.1937916690642)",73.55291328649557,11.76206827528,0.14417462148717702,4.603066868093698,122.01019063818242
"(42, 878.1937916690642)",72.98404883683187,12.266405138247567,0.15035657644769934,5.056013310713617,126.98619866227098
"(43, 878.1937916690642)",72.45413403607064,12.750613761308673,0.1562918076771763,5.526835893610744,131.72765929722087
"(44, 878.1937916690642)",71.95787838460467,13.217434174329506,0.16201390134085666,6.015161300196532,136.26444102142807
"(45, 878.1937916690642)",71.49090344930714,13.669169489909766,0.16755108805087235,6.52068343312177,140.62164188055107
"(46, 878.1937916690642)",71.04956524232072,14.107761074640855,0.17292716428475818,7.0431516757366674,144.8204104100743
"(47, 878.1937916690642)",70.63081007583953,14.534853385421972,0.17816228712249554,7.582361651311085,148.87865280922577
"(48, 878.1937916690642)",70.23205983728516,14.951847699923139,0.18327363285255413,8.13814793593312,152.8116186118154
"(49, 878.1937916690642)",69.85112139129136,15.359945802632684,0.18827593245758473,8.710378285840644,156.63237671911432
"(50, 878.1937916690642)",69.48611512238753,15.760185214510258,0.19318190344510064,9.298949030536463,160.35219923776353
"(51, 878.1937916690642)",69.13541847139577,16.15346753012178,0.19800259719248076,9.903781377919994,163.9808702108671
"(52, 878.1937916690642)",68.79762110753941,16.540581238576817,0.20274767867668703,10.524818415377718,167.52693427380314
"(53, 878.1937916690642)",68.47148916457526,16.92222015170151,0.20742565235927068,11.162022661827907,170.9978974729892
"(54, 878.1937916690642)",68.15593653372414,17.29899834668655,0.21204404534724194,11.815374048480914,174.4003901358605
"(55, 878.1937916690642)",67.85000167904185,17.671462339251104,0.21660955660672532,12.484868237841562,177.74029959037335
"(56, 878.1937916690642)",67.55282879593221,18.040101050395748,0.22112817913134628,13.17051521048266,181.02287886575039
"(57, 878.1937916690642)",67.2636524041252,18.405354008912276,0.22560530048523705,13.87233806497504,184.25283618879388
"(58, 878.1937916690642)",66.98178467239397,18.767618137042994,0.23004578597888226,14.590371988317264,187.4344090579674
"(59, 878.1937916690642)",66.70660492894687,19.127253392890296,0.2344540478314503,15.324663363440955,190.57142587382052
"(60, 878.1937916690642)",66.43755093052961,19.484587486011836,0.23883410297264962,16.075268987442072,193.66735748198883
"(61, 878.1937916690642)",66.17411155499734,19.83991983787738,0.24318962158836957,16.842255379736287,196.7253604975189
"(62, 878.1937916690642)",65.91582065220908,20.193524924200826,0.24752396808963675,17.625698163578218,199.74831390203235
"(63, 878.1937916690642)",65.66225184260914,20.545655108869965,0.25184023584975285,18.425681507737817,202.73885010798807
"(64, 878.1937916690642)",65.41301409523871,20.896543057754254,0.25614127679177234,19.242297617820878,205.69938145090097
"(65, 878.1937916690642)",65.16774794981359,21.246403803872596,0.2604297267024779,20.0756462687237,208.6321228874635
"(66, 878.1937916690642)",64.92612227375095,21.59543652188252,0.2647080269833888,20.92583437139676,211.53911153038243
"(67, 878.1937916690642)",64.6878314654151,21.943826059279125,0.2689784434193584,21.792975568458132,214.42222353523107
"(68, 878.1937916690642)",64.4525930312769,22.291744263071852,0.27324308244090184,22.677189854120535,217.28318876199776
"(69, 878.1937916690642)",64.22014547777775,22.639351133900544,0.27750390527024127,23.578603214870657,220.12360355737533
"(70, 878.1937916690642)",63.99024646900061,22.986795833969065,0.28176274027682624,24.4973472879202,222.9449419468516
"(71, 878.1937916690642)",63.762671209908,23.334217570727123,0.2860212938084601,25.43355903502526,225.74856547271773
"(72, 878.1937916690642)",63.537211021583964,23.681746374501298,0.2902811597238225,26.387380429722537,228.53573187823443
"(73, 878.1937916690642)",63.313672080557204,24.02950378540147,0.29454382781182054,27.358958156359527,231.30760280242313
"(74, 878.1937916690642)",63.09187429883817,24.377603462252733,0.29881069125583903,28.34844331960175,234.06525062561764
"(75, 878.1937916690642)",62.87165032500875,24.726151724379044,0.30308305327465884,29.35599116334595,236.8096645825637
"(76, 878.1937916690642)",62.652844649761306,25.075248035368862,0.30736213305226134,30.381760798119217,239.5417562425376
"(77, 878.1937916690642)",62.43531280189898,25.42498543654736,0.31164907105115,31.425914936278787,242.26236444027222
"(78, 878.1937916690642)",62.21892062282307,25.775450936775023,0.31594493379034394,32.488619634388144,244.9722597295855
"(79, 878.1937916690642)",62.00354360937338,26.126725864194142,0.32025071815694434,33.57004404229352,247.67214842069427
"(80, 878.1937916690642)",61.78906631630428,26.478886184766726,0.3245673553106382,34.670360158499825,250.36267625374992
"(81, 878.1937916690642)",61.57538181094996,26.8320027917545,0.3288957142320275,35.7897425915602,253.044431753569
"(82, 878.1937916690642)",61.362391173628396,27.18614176974403,0.333236604958942,36.92836832715503,255.71794930466433
"(83, 878.1937916690642)",61.15000303827483,27.54136463630734,0.33759078154861477,38.08641650081816,258.3837119798826
"(84, 878.1937916690642)",60.938133168465,27.897728564017815,0.3419589447990628,39.264068175989074,261.0421541522521
"(85, 878.1937916690642)",60.72670406470019,28.25528658515461,0.346341744758271,40.461506127414204,263.6936639151311
"(86, 878.1937916690642)",60.515644599293296,28.614087781168358,0.3507397830465837,41.678914629790825,266.33858533307347
"(87, 878.1937916690642)",60.30488967574098,28.974177458686512,0.3551536150141065,42.91647925163391,268.97722054257935
"(88, 878.1937916690642)",60.09437990977768,29.335597313659992,0.3595837517527503,44.174386654341774,271.60983171999357
"(89, 878.1937916690642)",59.884061329745556,29.698385585018208,0.3640306619796688,45.452824396527504,274.2366429311973
"(90, 878.1937916690642)",59.67388509413118,30.062577199074052,0.3684947738073191,46.75198074359974,276.857841876484
"(91, 878.1937916690642)",59.46380722444441,30.428203905746365,0.37297647641321835,48.07204448272656,279.47358154196496
"(92, 878.1937916690642)",59.25378835180893,30.795294407556852,0.37747612162113653,49.413204743199664,282.083981767799
"(93, 878.1937916690642)",59.0437934757797,31.163874482239574,0.38199402540399263,50.77565082234316,284.689130742118
"(94, 878.1937916690642)",58.83379173451503,31.53396709976511,0.3865304693182887,52.15957201705205,287.28908642919885
"(95, 878.1937916690642)",58.623756184143595,31.905592534233875,0.3910857018756567,53.56515746108754,289.88387793665277
"(96, 878.1937916690642)",58.41366358811289,32.27876847157252,0.3956599398629504,54.992595968257895,292.4735068315405
"(97, 878.1937916690642)",58.20349421396521,32.65351011317692,0.40025336961266034,56.44207588162159,295.05794840684
"(98, 878.1937916690642)",57.99323163782132,33.02983027617873,0.40486614823197326,57.91378492885765,297.6371529054283
"(99, 878.1937916690642)",57.78286255563638,33.407739490639365,0.40949840479399013,59.40791008394946,300.2110467045181
"(100, 878.1937916690642)",57.572376600687534,33.787246094025065,0.414150241496044,60.92463743531878,302.7795334647507
"(101, 878.1937916690642)",57.36176616684205,34.16835632327289,0.41882173478795864,62.46415206058598,305.3424952462667
"(102, 878.1937916690642)",57.15102623721346,34.5510744046708,0.42351293647378835,64.0266379080761,307.8997935947396
"(103, 878.1937916690642)",56.940154217825814,34.93540264178673,0.42822387478972873,65.612277685235,310.4512705995755
"(104, 878.1937916690642)",56.72914977603198,35.321341501612245,0.432954555460021,67.22125275409849,312.99674992573154
"(105, 878.1937916690642)",56.518014683398896,35.70888969908708,0.4377049627328998,68.85374303395035,315.5360378208214
"(106, 878.1937916690642)",56.30675266289493,36.09804428009413,0.44247506039800155,70.5099269112934,318.0689240986258
"(107, 878.1937916690642)",56.09536924016866,36.488800703045555,0.4472647927864033,72.18998115728172,320.5951830998881
"(108, 878.1937916690642)",55.883871598825685,36.88115291910437,0.45207408575393493,73.89408085271263,323.1145746308612
"(109, 878.1937916690642)",55.67226843953797,37.27509345111402,0.4569028476486707,75.6223993206944,325.62684488028447
"(110, 878.1937916690642)",55.460569842939734,37.67061347124503,0.4617509702626857,77.37510806710509,328.13172731475214
"(111, 878.1937916690642)",55.24878713622417,38.06770287737768,0.46661832976833356,79.15237672889998,330.6289435526386
"(112, 878.1937916690642)",55.036932763368014,38.46635036822746,0.47150478763908654,80.95437303038497,333.1182042165014
"(113, 878.1937916690642)",54.825020158977566,38.86654351718022,0.4764101915545945,82.78126274750197,335.5992097636126
"(114, 878.1937916690642)",54.6130636256844,39.26826884483051,0.4813343762898174,84.63320968018289,338.071651294436
"(115, 878.1937916690642)",54.401078215104754,39.671511890168254,0.4862771645876124,86.5103756328395,340.5352113384374
"(116, 878.1937916690642)",54.18907961230222,40.07625728039064,0.491238368014448,88.41292040299894,342.9895646169323
"(117, 878.1937916690642)",53.97708402376775,40.48248879927475,0.4962177877984976,90.34100177812392,345.4343787822738
"(118, 878.1937916690642)",53.76510806888611,40.89018945406464,0.5012152156495115,92.2947755406243,347.86931513284793
"(119, 878.1937916690642)",53.553168674878705,41.29934154081327,0.5062304345597476,94.27439548106221,350.2940293032407
"(120, 878.1937916690642)",53.34128297519772,41.70992670812293,0.5112632195852789,96.28001341953846,352.7081719289909
"(17, 878.4842366294348)",92.45160213583516,0.18330944345090336,0.002246932172737663,0.03566146359693045,1.9382330309286326
"(18, 878.4842366294348)",92.25542644816954,0.2529514995089998,0.0031005760077902527,0.05114492656679589,2.672662220748365
"(19, 878.4842366294348)",92.01233685103857,0.341968393535142,0.004191708681212655,0.07146010318348885,3.6108898978045847
"(20, 878.4842366294348)",91.71563947172994,0.4545045384397053,0.005571130711038901,0.0976488736895759,4.796501636160234
"(21, 878.4842366294348)",91.35815656064634,0.5954701527535119,0.007299029547429265,0.13090912652646247,6.281173273582625
"(22, 878.4842366294348)",90.93223876524151,0.7706138470635279,0.009445869307413195,0.17261025681074355,8.125437031013545
"(23, 878.4842366294348)",90.42981533371065,0.9865509101682973,0.012092737495061793,0.22430547154293612,10.398973795566567
"(24, 878.4842366294348)",89.84250706046885,1.2507195652170533,0.015330808806878999,0.2877381797813386,13.180135691841576
"(25, 878.4842366294348)",89.1618513526237,1.5712264106159897,0.019259450610171362,0.3648391613265959,16.554284605852096
"(26, 878.4842366294348)",88.37974602677943,1.9565177264710543,0.023982193951361263,0.45771039688237386,20.610268949178273
"(27, 878.4842366294348)",87.48934007406287,2.4147549278468983,0.0295990781177757,0.5685897822024293,25.433733763026762
"(28, 878.4842366294348)",86.48680967039884,2.952654956124433,0.036192436629207216,0.6997873024359111,31.094697761532384
"(29, 878.4842366294348)",85.37466116884971,3.5734082834237606,0.04380137698779845,0.853576918508927,37.62524230793529
"(30, 878.4842366294348)",84.16687876101082,4.273380219026737,0.052381346641545166,1.0320233380129034,44.98416398000671
"(31, 878.4842366294348)",82.89421372983051,5.0383628236916325,0.06175819048317102,1.2367359655439931,53.016860856679735
"(32, 878.4842366294348)",81.6041249157785,5.842497278723225,0.07161494169100441,1.4686010293954677,61.44399635328803
"(33, 878.4842366294348)",80.3499325590764,6.653632364130688,0.08155750376228274,1.7276297629559176,69.9193516710553
"(34, 878.4842366294348)",79.17394649753707,7.4433674689071,0.09123775362493362,2.0130530139296345,78.13787533105463
"(35, 878.4842366294348)",78.09777518697493,8.194114183718684,0.10044009975211865,2.3236228401013514,85.91142151762288
"(36, 878.4842366294348)",77.12463938345296,8.899221041086712,0.1090830111763531,2.6579394987607285,93.16976630373794
"(37, 878.4842366294348)",76.24710189987843,9.55920043592327,0.11717276862486913,3.014670325793903,99.91975987338164
"(38, 878.4842366294348)",75.4536418588615,10.177979214382061,0.12475750577148988,3.39264758614285,106.20485463531675
"(39, 878.4842366294348)",74.73233735394778,10.760557976538465,0.13189851792637447,3.7908894798253465,112.07987935327955
"(40, 878.4842366294348)",74.0724176184653,11.311872615718812,0.13865630725082667,4.20858604871725,117.59879418038157
"(41, 878.4842366294348)",73.46469889965246,11.83635048579839,0.14508514243758094,4.645073948561992,122.80993665198912
"(42, 878.4842366294348)",72.9015429703763,12.337799554090111,0.1512316999922581,5.099810762521521,127.75485375934905
"(43, 878.4842366294348)",72.37665288894478,12.819436224609959,0.15713540527957387,5.572352619463468,132.46862393501985
"(44, 878.4842366294348)",71.88484031210857,13.283960404110886,0.16282935265207413,6.062335886569442,136.98068367885293
"(45, 878.4842366294348)",71.42181400205524,13.733638609542057,0.16834132414737046,6.569462600883377,141.31573703590763
"(46, 878.4842366294348)",70.98400306488905,14.170380162329693,0.1736947234464724,7.09348900029979,145.49458753313533
"(47, 878.4842366294348)",70.56841462766785,14.595802013716575,0.1789093704762805,7.6342165136143345,149.53484523509368
"(48, 878.4842366294348)",70.17252108701464,15.01128205272763,0.18400215483681512,8.19148466400194,153.45150786598865
"(49, 878.4842366294348)",69.79417131927106,15.418002246398483,0.18898756459650118,8.765165450928079,157.25743096608528
"(50, 878.4842366294348)",69.43152076912557,15.816983326899914,0.19387811147274664,9.355158867670687,160.96370588862163
"(51, 878.4842366294348)",69.08297626431856,16.209112639654304,0.19868467218275399,9.961389306552771,164.57996326588338
"(52, 878.4842366294348)",68.74715222724161,16.595166543408187,0.20341676301446074,10.583802640472541,168.11461713391665
"(53, 878.4842366294348)",68.42283574994748,16.975828484792984,0.20808276137710296,11.222363839935706,171.57506194417343
"(54, 878.4842366294348)",68.10895856217469,17.35170364762303,0.2126900853663148,11.877055006508574,174.96783227516784
"(55, 878.4842366294348)",67.80457439036046,17.723330884125588,0.217245340012276,12.547873734705181,178.2987329472811
"(56, 878.4842366294348)",67.50884055478322,18.091192482702738,0.22175443700893124,13.234831733904702,181.57294558107634
"(57, 878.4842366294348)",67.22100291771623,18.45572220672071,0.2262226932501897,13.937953657187656,184.79511633096004
"(58, 878.4842366294348)",66.94038349690649,18.817311945262457,0.23065491235211924,14.65727609568496,187.9694285067957
"(59, 878.4842366294348)",66.6663702117386,19.1763172441145,0.23505545244953246,15.3928467059623,191.09966300475162
"(60, 878.4842366294348)",66.3984083458195,19.533061929008994,0.23942828286578988,16.144723444887187,194.18924885596263
"(61, 878.4842366294348)",66.1359933989951,19.88784198930962,0.24377703171743048,16.91297389174662,197.2413057243298
"(62, 878.4842366294348)",65.87866507034198,20.240928856248416,0.2481050260974642,17.697674641538402,200.25867981361844
"(63, 878.4842366294348)",65.62600216667694,20.59257218315102,0.25241532615423456,18.498910756657413,203.2439743535151
"(64, 878.4842366294348)",65.37761827240435,20.943002214105736,0.25671075412559,19.316775266719823,206.19957560586565
"(65, 878.4842366294348)",65.13315804879326,21.292431810975565,0.2609939191851742,20.15136870829648,209.12767515201566
"(66, 878.4842366294348)",64.89229405603493,21.64105819558896,0.2652672387974851,21.002798697954656,212.03028907985203
"(67, 878.4842366294348)",64.65472401161507,21.98906445342851,0.26953295714947095,21.87117953325375,214.90927457467336
"(68, 878.4842366294348)",64.42016841434362,22.336620836840314,0.27379316112475016,22.756631817367598,217.7663443276684
"(69, 878.4842366294348)",64.18836847617739,22.683885899039126,0.27804979420376835,23.659282103830154,220.60307910223872
"(70, 878.4842366294348)",63.95908431421449,23.03100748474347,0.2823046686066095,24.57926255854434,223.42093873925862
"(71, 878.4842366294348)",63.732093363368186,23.37812359893913,0.2865594759419352,25.51671063672322,226.2212718350586
"(72, 878.4842366294348)",63.50718897707512,23.72536317160234,0.2908157965806534,26.471768772872643,229.00532428606363
"(73, 878.4842366294348)",63.284179188626595,24.072846733391703,0.295075107938274,27.444584082240443,231.77424686326228
"(74, 878.4842366294348)",63.06288561034299,24.420687014823105,0.2993387918193435,28.4353080724841,234.52910195250917
"(75, 878.4842366294348)",62.843142451330706,24.7689894795293,0.30360814095393385,29.44409636448331,237.2708695759151
"(76, 878.4842366294348)",62.62479563759131,25.117852800560392,0.30788436483593024,30.471108421465434,240.00045279156515
"(77, 878.4842366294348)",62.4077020207847,25.46736928730376,0.3121685949560408,31.51650728572709,242.71868255391365
"(78, 878.4842366294348)",62.19172866394095,25.817625269510522,0.31646188950903914,32.580459322383255,245.42632210527353
"(79, 878.4842366294348)",61.976752194180214,26.16870144395265,0.320765237642952,33.66313396969581,248.12407095833214
"(80, 878.4842366294348)",61.762658213925654,26.520673188454932,0.325079563308315,34.7647034955762,250.81256852115894
"(81, 878.4842366294348)",61.54934076328922,26.873610847386157,0.3294057287576292,35.885342759986344,253.49239740902217
"(82, 878.4842366294348)",61.336701827352904,27.227579992128913,0.33374453773807733,37.02522898296575,256.1640864811127
"(83, 878.4842366294348)",61.12465088288913,27.58264165958906,0.3380967384150842,38.18454151820401,258.828113635273
"(84, 878.4842366294348)",60.91310447983222,27.93885257138936,0.34246302605909823,39.36346163188073,261.4849083894524
"(85, 878.4842366294348)",60.701985853412644,28.29626533606012,0.346844045523965,40.562172286789206,264.13485427479617
"(86, 878.4842366294348)",60.49122456340658,28.65492863624259,0.3512403935415862,41.78085793165603,266.7782910621466
"(87, 878.4842366294348)",60.280756157384914,29.014887402682753,0.3556526208546662,43.01970429562174,269.4155168411475
"(88, 878.4842366294348)",60.07052185528815,29.376182976552343,0.3600812342063765,44.27889818790199,272.04678996847144
"(89, 878.4842366294348)",59.86046825293648,29.738853261475217,0.3645266982038359,45.55862730264349,274.6723309000016
"(90, 878.4842366294348)",59.65054704240519,30.10293286646133,0.3689894370701271,46.859080029038324,277.29232391983714
"(91, 878.4842366294348)",59.44071474747515,30.46845324079769,0.3734698362977485,48.18044526674778,279.90691877739977
"(92, 878.4842366294348)",59.23093247253516,30.83544280184959,0.3779682442151392,49.522912246744056,282.51623224276034
"(93, 878.4842366294348)",59.02116566350403,31.203927056583247,0.38248497347625554,50.88667035764189,285.12034958887614
"(94, 878.4842366294348)",58.8113838799099,31.573928717607284,0.38702030248296454,52.271908977654775,287.7193260091853
"(95, 878.4842366294348)",58.60156057597637,31.945467814181338,0.3915744767457364,53.67881731228801,290.31318797526063
"(96, 878.4842366294348)",58.39167289156613,32.318561799095356,0.39614771019373185,55.107584237893974,292.90193454414515
"(97, 878.4842366294348)",58.1817014503729,32.693225651587774,0.40074018643632964,56.5583981512605,295.48553861699594
"(98, 878.4842366294348)",57.97163016573348,33.06947197693706,0.4053520599838734,58.031446825317964,298.0639481557839
"(99, 878.4842366294348)",57.76144605306533,33.447311103051355,0.4099834574316393,59.5269172711791,300.6370873613509
"(100, 878.4842366294348)",57.551139048465295,33.82675117439069,0.41463447861108466,61.04499560660378,303.20485781629867
"(101, 878.4842366294348)",57.34070183297993,34.20779824352175,0.4193051977120988,62.585866931087935,305.7671395957794
"(102, 878.4842366294348)",57.130129662180046,34.59045636053869,0.42399566437910463,64.1497152076903,308.32379234857746
"(103, 878.4842366294348)",56.91942020068931,34.974727660569386,0.4287059047835418,65.73672315175675,310.8746563505441
"(104, 878.4842366294348)",56.708573361371904,35.360612449529306,0.43343592267531067,67.34707212670203,313.419553532493
"(105, 878.4842366294348)",56.49759114895688,35.74810928829127,0.4381857004140663,68.98094204695558,315.9582884832297
"(106, 878.4842366294348)",56.28647750788593,36.13721507534829,0.44295519998288996,70.63851128824406,318.49064942976366
"(107, 878.4842366294348)",56.075238174226,36.52792512809927,0.44774436398437056,72.31995660530016,321.01640919464137
"(108, 878.4842366294348)",55.8638805315087,36.92023326279819,0.4525531166205976,74.02545305714547,323.5353261315718
"(109, 878.4842366294348)",55.65241347039086,37.31413187321223,0.4573813646575627,75.7551739400416,326.0471450396865
"(110, 878.4842366294348)",55.44084725204937,37.70961200803737,0.46222899837381465,77.50929072821579,328.55159805619303
"(111, 878.4842366294348)",55.22919337524114,38.10666344705679,0.4670958924941186,79.28797302244894,331.04840552799135
"(112, 878.4842366294348)",55.017464446979076,38.505274776052175,0.47198190710767846,81.09138850661036,333.53727686178337
"(113, 878.4842366294348)",54.805674056779075,38.9054334604529,0.4768868885707798,82.91970291221158,336.0179113524763
"(114, 878.4842366294348)",54.59383665445761,39.307125917677425,0.48181067039377085,84.77307999100758,338.4899989897805
"(115, 878.4842366294348)",54.38196743144158,39.71033758816179,0.48675307411144625,86.65168149575423,340.9532212420703
"(116, 878.4842366294348)",54.17008220559178,40.115053004996724,0.49171391013678334,88.55566716908196,343.4072518175047
"(117, 878.4842366294348)",53.95819730950232,40.52125586215307,0.49669297859707495,90.48519474056044,345.85175740149117
"(118, 878.4842366294348)",53.74632948228594,40.928929081211116,0.5016900701521104,92.44041993194942,348.2863983701949
"(119, 878.4842366294348)",53.534495764802145,41.338054876571626,0.506704966793288,94.42149647063862,350.7108294791061
"(120, 878.4842366294348)",53.32271339833829,41.748614819058574,0.5117374426232393,96.428576111253,353.1247005263225
"(17, 878.7804313994582)",92.4409842322209,0.18700934591130874,0.0022922840635087862,0.03633368442157634,1.9780806937987776
"(18, 878.7804313994582)",92.24148968748666,0.25794916083660374,0.003161835295983855,0.05207233905079265,2.7264866463679334
"(19, 878.7804313994582)",91.99435947999572,0.3486311310321852,0.004273377791969555,0.07271371410934706,3.682647065450522
"(20, 878.7804313994582)",91.69278141747792,0.4632950750057251,0.005678881512378805,0.09931490889362557,4.8911750364210285
"(21, 878.7804313994582)",91.32944109373547,0.6069684592795594,0.007439971085289629,0.1330918506991605,6.405009149231154
"(22, 878.7804313994582)",90.89653336398541,0.7855405380786666,0.00962883457991434,0.17543505957603456,8.28619634643511
"(23, 878.7804313994582)",90.38581372346526,1.0057901774466131,0.012328564563228311,0.2279220554047803,10.606179230005068
"(24, 878.7804313994582)",89.78871662081309,1.275338070950373,0.015632572379629235,0.29232358205308967,13.445275117600742
"(25, 878.7804313994582)",89.09659522793619,1.6024816425806216,0.019642564458223374,0.37060019596608146,16.89090107242312
"(26, 878.7804313994582)",88.3012012855519,1.9958429706608671,0.024464226708123284,0.4648848612007466,21.03379883921798
"(27, 878.7804313994582)",87.39565914138046,2.4636938472612697,0.030198951372838245,0.5774453061300334,25.96080220910402
"(28, 878.7804313994582)",86.37641763277772,3.0126914714133117,0.03692833967487911,0.710615801014512,31.741286469341475
"(29, 878.7804313994582)",85.24686394309808,3.645604993220745,0.044686334723461,0.8666811433229055,38.402795362620736
"(30, 878.7804313994582)",84.02283379808031,4.357767339957351,0.053415729450233373,1.0476910028699693,45.89300676692285
"(31, 878.7804313994582)",82.7378656283969,5.13326533188457,0.06292146660746065,1.2552001398761636,54.03895342971471
"(32, 878.7804313994582)",81.44204250892504,5.944426254395679,0.07286434537938768,1.4899976090102711,62.541763257127165
"(33, 878.7804313994582)",80.18939932931832,6.7582556912212075,0.08283993370818818,1.751976336965002,71.04613634421914
"(34, 878.7804313994582)",79.02059082281188,7.546956199397563,0.09250750190893162,2.040265095696354,79.25351733952077
"(35, 878.7804313994582)",77.95458704292717,8.294324445365637,0.10166843614704085,2.353554573830058,86.99067760317476
"(36, 878.7804313994582)",76.99244912828581,8.994993282692482,0.11025694813708141,2.690423215488091,94.201225233204
"(37, 878.7804313994582)",76.12549664618008,9.650303670066293,0.11828947480199946,3.0495417354381638,100.90093396107825
"(38, 878.7804313994582)",75.34167249447165,10.264607528203344,0.12581936020584067,3.4297574399200017,107.13783420017249
"(39, 878.7804313994582)",74.62891473645861,10.843080787707672,0.1329100487886281,3.8301070107329704,112.96864300106067
"(40, 878.7804313994582)",73.976495320724,11.390705038667765,0.13962260284387892,4.2497984977392695,118.44781266251988
"(41, 878.7804313994582)",73.37534160872099,11.911893981461654,0.14601112370534514,4.688184608434408,123.62353367046845
"(42, 878.7804313994582)",72.81794147118916,12.41041866222026,0.15212183531390133,5.144736685510337,128.5369553769172
"(43, 878.7804313994582)",72.29811690917657,12.889452388729286,0.15799363477830117,5.619022457770686,133.22269207107325
"(44, 878.7804313994582)",71.81078383958443,13.351653278541598,0.16365910421617125,6.110688019146293,137.70973018638955
"(45, 878.7804313994582)",71.35173940892845,13.799250233313687,0.16914556459225163,6.619443567379187,142.0223686543046
"(46, 878.7804313994582)",70.91748651457607,14.234119881597877,0.17447601885168573,7.14505221305886,146.1810589022855
"(47, 878.7804313994582)",70.50509352785899,14.657851239966568,0.1796699445095864,7.687321204786441,150.20311014086462
"(48, 878.7804313994582)",70.11208363529767,15.071798511877349,0.18474394083800535,8.24609502530213,154.1032650027562
"(49, 878.7804313994582)",69.73634792130524,15.477123632120446,0.18971225035828904,8.821249928946438,157.89416328267282
"(50, 878.7804313994582)",69.37607703776341,15.874830382087243,0.19458717701212114,9.412689584068241,161.5867137754463
"(51, 878.7804313994582)",69.02970731641693,16.26579173119621,0.19937942130153521,10.020341578471125,165.19039228506628
"(52, 878.7804313994582)",68.6958780308109,16.650771805206247,0.20409834956750614,10.64415458148562,168.71348109936483
"(53, 878.7804313994582)",68.373397316318,17.03044360028684,0.2087522111217821,11.284096025951186,172.16326211923925
"(54, 878.7804313994582)",68.06121481688785,17.405403334455166,0.21334831416092917,11.940150194330611,175.54617336235788
"(55, 878.7804313994582)",67.75839958980718,17.776182133885197,0.21789316901231934,12.612316623457051,178.867936440184
"(56, 878.7804313994582)",67.46412214282601,18.143255599589402,0.22239260539861483,13.300608761562941,182.13366095068127
"(57, 878.7804313994582)",67.17763973836651,18.5070516810042,0.22685186894894893,14.005052825991715,185.347930432739
"(58, 878.7804313994582)",66.89828429634773,18.86795719076084,0.23127570105432355,14.725686821444219,188.51487352328635
"(59, 878.7804313994582)",66.62545237663097,19.226323223401774,0.2356684052880227,15.462559687247238,191.63822317898368
"(60, 878.7804313994582)",66.35859683539243,19.582469685659355,0.2400339029359071,16.21573054883843,194.72136622367367
"(61, 878.7804313994582)",66.09721983694493,19.936689102835402,0.2443757796534651,16.985268053831287,197.7673850136197
"(62, 878.7804313994582)",65.84086696906022,20.289249832547853,0.2486973248586005,17.77124977710395,200.7790926500282
"(63, 878.7804313994582)",65.58912226162015,20.64039879092369,0.25300156514819844,18.57376168247417,203.75906288319777
"(64, 878.7804313994582)",65.3416039485863,20.990363775807825,0.2572912927750544,19.39289763104086,206.70965562914574
"(65, 878.7804313994582)",65.09796084460235,21.339355455414008,0.2615690900239572,20.228758928208237,209.63303884380855
"(66, 878.7804313994582)",64.85786923232253,21.68756907797894,0.2658373501679223,21.081453903000224,212.53120735965538
"(67, 878.7804313994582)",64.62103017604372,22.03518594778369,0.2700982955606636,21.95109751445154,215.40599917860678
"(68, 878.7804313994582)",64.38716719274218,22.38237470473591,0.27435399332118415,22.837810980929167,218.2591096260251
"(69, 878.7804313994582)",64.15602422406296,22.72929243811129,0.27860636898556324,23.741721428956758,221.09210369881313
"(70, 878.7804313994582)",63.9273638626866,23.07608565979142,0.28285721843651734,24.66296155878158,223.90642688331187
"(71, 878.7804313994582)",63.700965794640894,23.422891157980914,0.2871082183679008,25.60166932445234,226.70341467122137
"(72, 878.7804313994582)",63.4766254255148,23.76983674894504,0.2913609354992092,26.55798762654618,229.4843009643986
"(73, 878.7804313994582)",63.254152663939294,24.117041941396597,0.29561683471935607,27.532064016059074,232.25022552755897
"(74, 878.7804313994582)",63.03337083999257,24.46461852583188,0.2998772863105178,28.524050408221072,235.0022406226346
"(75, 878.7804313994582)",62.81411573968463,24.81267109921291,0.3041435723794659,29.53410280523793,237.74131693776147
"(76, 878.7804313994582)",62.59623473974124,25.16129753372872,0.308416892603459,30.562381027126477,240.4683489058216
"(77, 878.7804313994582)",62.37958602918559,25.5105893971168,0.31269836938236617,31.609048449978054,243.18415949376478
"(78, 878.7804313994582)",62.16403790634251,25.860632330867308,0.31698905247453774,32.674271751087204,245.88950453139253
"(79, 878.7804313994582)",61.94946814150926,26.211506391741562,0.32128992318301275,33.758220660536715,248.58507663853004
"(80, 878.7804313994582)",61.73576339694056,26.56328636126594,0.32560189814918905,34.86106771881986,251.27150880120695
"(81, 878.7804313994582)",61.522818697033564,26.91604202719145,0.32992583280264226,35.98298804028354,253.9493776398479
"(82, 878.7804313994582)",61.31053694249877,27.269838440379328,0.3342625245103478,37.12415908208692,256.61920640778845
"(83, 878.7804313994582)",61.098828463234945,27.624736150129674,0.33861271546081684,38.28476041863651,259.28146775136213
"(84, 878.7804313994582)",60.88761060528166,27.980791420523158,0.3429770953161337,39.46497352121505,261.93658626083004
"(85, 878.7804313994582)",60.67680734784024,28.338056430073628,0.3473563036591766,40.66498154283892,264.58494083609344
"(86, 878.7804313994582)",60.46634894690601,28.696579456653538,0.3517509322603584,41.884969108247745,267.2268668886716
"(87, 878.7804313994582)",60.256171602447296,29.056405049444773,0.35616152718532634,43.12512210901583,269.86265839879513
"(88, 878.7804313994582)",60.04621714650785,29.417574189425967,0.36058859076215316,44.38562750379729,272.49256984389035
"(89, 878.7804313994582)",59.836432749892076,29.780124439748775,0.3650325834245853,45.666673123736885,275.1168180129789
"(90, 878.7804313994582)",59.62677064540978,30.144090087181773,0.3694939254458073,46.968447483091445,277.7355837196543
"(91, 878.7804313994582)",59.41718786590739,30.50950227566228,0.3739729985754621,48.29113959515217,280.3490134247414
"(92, 878.7804313994582)",59.20764599550492,30.876389132887276,0.3784701475913553,49.634938793535284,282.9572207786125
"(93, 878.7804313994582)",58.99811093264922,31.244775890734044,0.3829856817755145,51.00003455896179,285.5602880915405
"(94, 878.7804313994582)",58.78855266410247,31.614685000314015,0.3875198763245167,52.38661635163551,288.1582677406879
"(95, 878.7804313994582)",58.57894504778617,31.986136242080992,0.3920729736989675,53.7948734493231,290.751183517924
"(96, 878.7804313994582)",58.369265605307355,32.3591468318874,0.39664518492384815,55.224994791316334,293.33903192858077
"(97, 878.7804313994582)",58.15949532160265,32.73373152316854,0.40123669084069813,56.67716882837196,295.9217834419078
"(98, 878.7804313994582)",57.94961845207316,33.109902705853926,0.40584764332020756,58.151583378799955,298.4993837005855
"(99, 878.7804313994582)",57.739622336237936,33.48767050234053,0.41047816643857377,59.64842549083035,301.0717546921181
"(100, 878.7804313994582)",57.529497217424066,33.86704286086164,0.4151283576219938,61.16788131144195,303.63879588576225
"(101, 878.7804313994582)",57.319236068073785,34.24802564652071,0.4197982887625024,62.71013596176411,306.2003853377021
"(102, 878.7804313994582)",57.1088344202452,34.63062273024813,0.42448800730838376,64.27537341923006,308.7563807671277
"(103, 878.7804313994582)",56.89829020099445,35.01483607587845,0.429197537331516,65.86377640663221,311.3066206051425
"(104, 878.7804313994582)",56.687603572365525,35.40066582551564,0.4339268805737552,67.47552628819214,313.8509250182336
"(105, 878.7804313994582)",56.47677677574325,35.788110383332246,0.4386760174740953,69.11080297283718,316.3890969076445
"(106, 878.7804313994582)",56.26581398038169,36.17716649791053,0.44344490817799437,70.76978482475432,318.9209228857967
"(107, 878.7804313994582)",56.0547211359422,36.56782934321545,0.44823349352991526,72.45264858141925,321.4461742304859
"(108, 878.7804313994582)",55.84350582891915,36.96009259826425,0.4530416960497463,74.15956927915173,323.96460781738654
"(109, 878.7804313994582)",55.63217714284673,37.35394852552034,0.4578694208940206,75.890720186361,326.4759670315065
"(110, 878.7804313994582)",55.420745522200725,37.74938804806602,0.46271655680159424,77.64627274454591,328.97998265723095
"(111, 878.7804313994582)",55.20922263992907,38.14640082554033,0.4675829770244639,79.42639651716217,331.47637374743914
"(112, 878.7804313994582)",54.99762126858196,38.54497532882752,0.4724685402435313,81.23125914643433,333.96484847144836
"(113, 878.7804313994582)",54.785955154968235,38.94509891351674,0.4773730914687528,83.06102631815797,336.44510494124563
"(114, 878.7804313994582)",54.57423889835112,39.34675789205826,0.4822964629237415,84.91586173459261,338.9168320159657
"(115, 878.7804313994582)",54.36248783213102,39.74993760460949,0.4872384749141464,86.7959270954472,341.3797100840204
"(116, 878.7804313994582)",54.15071790901217,40.15462248851411,0.4921989366792889,88.70138208702194,343.83341182235813
"(117, 878.7804313994582)",53.93894558964504,40.560796146360794,0.4971776472264113,90.6323843795233,346.27760293227
"(118, 878.7804313994582)",53.72718773471454,40.96844141257494,0.5021743961469213,92.58908963254596,348.7119428512079
"(119, 878.7804313994582)",53.51546150047926,41.377540418475256,0.5071889644138308,94.57165150875302,351.13608543987766
"(120, 878.7804313994582)",53.30378423772978,41.78807465574274,0.5122211251597406,96.58022169572008,353.5496796440726
"(17, 879.0812524109172)",92.42996889852574,0.19085359438257785,0.002339405288728466,0.03703031198917936,2.019497019122964
"(18, 879.0812524109172)",92.22703469923152,0.26314242376081154,0.0032254921885352503,0.05303302329569237,2.7824366894435055
"(19, 879.0812524109172)",91.97571495164286,0.3555567323634557,0.004358268980078613,0.07401195456254824,3.7572605987886094
"(20, 879.0812524109172)",91.66907319015431,0.4724365582360318,0.005790934074369878,0.10104002247539944,4.989661556250727
"(21, 879.0812524109172)",91.29965116809946,0.6189326435557446,0.007586623162037525,0.1353519182668059,6.533906272586814
"(22, 879.0812524109172)",90.85947944973081,0.8010822232208485,0.00981933819885352,0.1783601488560473,8.453635972838466
"(23, 879.0812524109172)",90.34013005640855,1.025836337846629,0.012574282197261701,0.23166754564945025,10.822148196487666
"(24, 879.0812524109172)",89.73284069988243,1.3010076512096418,0.015947219593962485,0.29707330441869,13.72182846871377
"(25, 879.0812524109172)",89.02877098205828,1.635093766952576,0.020042310538349376,0.37656894408968433,17.242250505171008
"(26, 879.0812524109172)",88.21952291681976,2.036899093518069,0.024967475867551065,0.4723195562718836,21.476120398914258
"(27, 879.0812524109172)",87.29820938697863,2.514803087940893,0.030825427538170972,0.5866235703182885,26.511431876039023
"(28, 879.0812524109172)",86.26160485430732,3.0753775151957705,0.03769671955700082,0.721839654555462,32.41663978539593
"(29, 879.0812524109172)",85.11410425927252,3.7208991247800673,0.04560925938804415,0.8802619306111585,39.213982933765074
"(30, 879.0812524109172)",83.87360823380699,4.445537477804067,0.054491579896411346,1.063920751391723,46.83860554979512
"(31, 879.0812524109172)",82.57664703461994,5.231529163069616,0.0641259444539942,1.2743088251016113,55.09760673754852
"(32, 879.0812524109172)",81.27590776766517,6.049359345613395,0.07415057228725098,1.5121097680029203,63.67226818525992
"(33, 879.0812524109172)",80.0258276955077,6.86534719499606,0.08415261755424917,1.7770935233296965,72.19989490991661
"(34, 879.0812524109172)",78.86506683058342,7.652505324744464,0.09380127991115424,2.0682877968455804,80.39065882519888
"(35, 879.0812524109172)",77.80982469421066,8.396119010277637,0.10291619228330424,2.384326251645446,88.08736895412441
"(36, 879.0812524109172)",76.85903992471327,9.092105207992756,0.11144730639244381,2.7237699167824716,95.24746776451026
"(37, 879.0812524109172)",76.00287259490169,9.742595221193584,0.11942074688262498,3.085295925025407,101.8952438083997
"(38, 879.0812524109172)",75.22879582088876,10.352330394378397,0.12689463121520392,3.46776836046241,108.0829229724205
"(39, 879.0812524109172)",74.52464914093885,10.926637809784053,0.13393425658512365,3.8702432771748554,113.86885074240078
"(40, 879.0812524109172)",73.87977009488924,11.470530429470266,0.14060106983069312,4.291947156166059,119.30781740091446
"(41, 879.0812524109172)",73.28520915358526,11.988400216025495,0.14694890583272946,4.732248942002281,124.44777923784747
"(42, 879.0812524109172)",72.73358640876079,12.483976801492531,0.1530234808951607,5.190633807307083,129.32943942628887
"(43, 879.0812524109172)",72.21884587348383,12.960387894555016,0.15886313319159734,5.666681098406131,133.9869209895856
"(44, 879.0812524109172)",71.73600923270614,13.420248412052532,0.16449991530299193,6.16004663117425,138.44874493486967
"(45, 879.0812524109172)",71.28096273493932,13.865748829219141,0.16996067717872243,6.670448751299815,142.73879620357908
"(46, 879.0812524109172)",70.8502833912667,14.298732604081184,0.1752680151731821,7.197657427959017,146.87716885805753
"(47, 879.0812524109172)",70.44110094610774,14.720760528566796,0.18044106083536263,7.741485716917678,150.88086802858737
"(48, 879.0812524109172)",70.05098941357366,15.133162937799684,0.18549612086902337,8.30178305025576,154.76437920065217
"(49, 879.0812524109172)",69.6778820842734,15.537081613858454,0.19044719077182,8.878429929566138,158.54012505226626
"(50, 879.0812524109172)",69.32000480134265,15.933503303750587,0.19530636568492868,9.471333692991477,162.21883085714018
"(51, 879.0812524109172)",68.97582338261931,16.32328653956322,0.2000841691434783,10.080425120616834,165.80981687762986
"(52, 879.0812524109172)",68.64400193804329,16.707183166619327,0.2047898169598867,10.705655676676749,169.32123309742295
"(53, 879.0812524109172)",68.32336963662075,17.085855692040383,0.20943142987544114,11.346995256199087,172.7602484129129
"(54, 879.0812524109172)",68.01289403206438,17.459891335379513,0.2140162057872142,12.004430323481227,176.1332038961756
"(55, 879.0812524109172)",67.7116595127793,17.82981346822063,0.2185505599699886,12.677962359480546,179.44573761404428
"(56, 879.0812524109172)",67.41884977819784,18.19609097867822,0.22304023986246754,13.367606553727562,182.70288684260174
"(57, 879.0812524109172)",67.13373349823844,18.559145979082977,0.22749041954493018,14.073390690776506,185.9091722342657
"(58, 879.0812524109172)",66.85565250474778,18.919360184315376,0.23190577792223496,14.795354192223867,189.06866750498247
"(59, 879.0812524109172)",66.58401200953281,19.277080217978064,0.23629056376471225,15.53354728374377,192.18505744342113
"(60, 879.0812524109172)",66.31827245406623,19.632622049463627,0.2406486500959246,16.288030263107267,195.2616864542147
"(61, 879.0812524109172)",66.05794268062162,19.986274722906824,0.24498357990064,17.058872850136368,198.30159938902824
"(62, 879.0812524109172)",65.80257417961496,20.338303506308225,0.24929860472549617,17.846153603532276,201.3075760628511
"(63, 879.0812524109172)",65.55175621817095,20.688952563580962,0.25359671743186263,18.64995939248974,204.2821605748095
"(64, 879.0812524109172)",65.30511169394764,21.038447232251748,0.2578806801149638,19.47038491353512,207.22768633450636
"(65, 879.0812524109172)",65.06229358896489,21.386995973654564,0.2621530480085603,20.307532244804808,210.14629752189967
"(66, 879.0812524109172)",64.82298192207051,21.734792049995956,0.26641619004172107,21.161510431597833,213.03996757282323
"(67, 879.0812524109172)",64.58688111774866,22.08201497265354,0.270672306591535,22.032435098172588,215.91051517326576
"(68, 879.0812524109172)",64.35371772414075,22.428831758069432,0.2749234448770677,22.92042808173154,218.75961815792488
"(69, 879.0812524109172)",64.12323842511286,22.775398021191286,0.2791715123628535,23.825617085313972,221.58882564007308
"(70, 879.0812524109172)",63.89520830103176,23.121858931255055,0.2834182884739509,24.748135346932518,224.39956864090684
"(71, 879.0812524109172)",63.66940930064227,23.46835005043744,0.287665434876066,25.688121322754565,227.19316944342864
"(72, 879.0812524109172)",63.445638892840115,23.814998072544043,0.2919145045300431,26.645718382586928,229.9708498565957
"(73, 879.0812524109172)",63.22370887228024,24.16192147606748,0.29616694969683005,27.62107451619547,232.73373854601496
"(74, 879.0812524109172)",63.00344429700429,24.509231103667727,0.3004241290402583,28.614342049268753,235.4828775619005
"(75, 879.0812524109172)",62.78468253971072,24.857030678209167,0.3046873139529236,29.62567736808391,238.21922817537043
"(76, 879.0812524109172)",62.56727243718043,25.205417263993024,0.3089576942092739,30.655240652055415,240.94367611542222
"(77, 879.0812524109172)",62.35107352472523,25.554481680430865,0.31323638303650464,31.70319561353326,243.657036286863
"(78, 879.0812524109172)",62.135955344489595,25.904308874409683,0.3175244216788085,32.769709244319344,246.36005703613984
"(79, 879.0812524109172)",61.92179681807326,26.254978256657843,0.32182278352040933,33.85495156850249,249.0534240229864
"(80, 879.0812524109172)",61.7084856753424,26.606564006664055,0.3261323778231367,34.95909540120869,251.7377637473047
"(81, 879.0812524109172)",61.49591793238777,26.95913535009613,0.33045405312690646,36.0823161130798,254.41364677398488
"(82, 879.0812524109172)",61.28399741263843,27.312756812090736,0.3347886003544522,37.22479140016934,257.0815906923205
"(83, 879.0812524109172)",61.07263530588657,27.667488449371373,0.33913675565652224,38.38670105923924,259.7420628418716
"(84, 879.0812524109172)",60.86174976073671,28.023386063735078,0.3434992030287178,39.568226768186335,262.3954828324508
"(85, 879.0812524109172)",60.65126550653692,28.38050139914651,0.34787657672739114,40.76955187162348,265.0422248823141
"(86, 879.0812524109172)",60.44111350140407,28.73888232437496,0.35226946350833555,41.99086117155274,267.6826199954768
"(87, 879.0812524109172)",60.231230603345004,29.098573002890898,0.35667840470930395,43.23234072310373,270.3169579966792
"(88, 879.0812524109172)",60.02155926190108,29.459614051507916,0.3611038981945871,44.49417763537273,272.9454894399893
"(89, 879.0812524109172)",59.812047228021505,29.822042689098712,0.36554640017789736,45.776559877373835,275.5684274053145
"(90, 879.0812524109172)",59.6026472801804,30.185892876543683,0.37000632693781615,47.0796760891921,278.1859491952666
"(91, 879.0812524109172)",59.393316965008275,30.551195448930873,0.37448405643823973,48.40371539838499,280.79819794326335
"(92, 879.0812524109172)",59.18401835087534,30.917978240928324,0.37897992986514206,49.74886724174715,283.4052841427035
"(93, 879.0812524109172)",58.974717793074554,31.28626620610014,0.38349425308910384,51.11532119252397,286.0072871054347
"(94, 879.0812524109172)",58.765385709739554,31.6560815309634,0.3880272980633779,52.503266793213115,288.60425635796537
"(95, 879.0812524109172)",58.555996366448255,32.02744374418253,0.39257930416234205,53.912893394056034,291.196212979582
"(96, 879.0812524109172)",58.34652767033547,32.40036982181786,0.39715047947163695,55.34438999738547,293.78315089213737
"(97, 879.0812524109172)",58.136960971210506,32.774874288749324,0.4017410020311894,56.79794510793541,296.3650381024594
"(98, 879.0812524109172)",57.92728087001326,33.15096931690685,0.4063510210396476,58.27374658929721,298.94181790469116
"(99, 879.0812524109172)",57.717475033673416,33.52866482063833,0.41098065802299477,59.77198152664593,301.51341004487114
"(100, 879.0812524109172)",57.50753401594062,33.90796854949654,0.41563000797208005,61.29283609589809,304.0797118517575
"(101, 879.0812524109172)",57.29745108369066,34.28888617876897,0.4202991404522547,62.836495439462034,306.64059933653806
"(102, 879.0812524109172)",57.087222048374656,34.67142139795926,0.42498810068794646,64.40314354870938,309.19592826378755
"(103, 879.0812524109172)",56.87684510226846,35.05557599743148,0.42969691062470433,65.99296315335205,311.745535195715
"(104, 879.0812524109172)",56.66632065925999,35.44134995337977,0.4344255699707267,67.60613561783441,314.2892385113585
"(105, 879.0812524109172)",56.455651199935275,35.828741511265775,0.4391740572195994,69.24284084489747,316.82683940209176
"(106, 879.0812524109172)",56.24484112078783,36.217747267826184,0.443942330655511,70.90325718646922,319.3581228443989
"(107, 879.0812524109172)",56.03389658740303,36.608362251731165,0.44873032934194235,72.5875613619576,321.8828585507204
"(108, 879.0812524109172)",55.82282539145633,37.000580002973216,0.453537974094754,74.29592838411838,324.400801899008
"(109, 879.0812524109172)",55.61163681147883,37.39439265099934,0.45836516843993313,76.02853149258289,326.91169484113453
"(110, 879.0812524109172)",55.40034147726452,37.789790991634504,0.4632117995564642,77.78554209514846,329.4152667904628
"(111, 879.0812524109172)",55.18895123788665,38.18676456278764,0.4680777392043159,79.56712971691624,331.91123548848446
"(112, 879.0812524109172)",54.97747903326728,38.58530171893816,0.4729628446374594,81.37346195738348,334.39930785034437
"(113, 879.0812524109172)",54.76593876926202,38.98538970438493,0.4778669595017285,83.20470445552075,336.8791807890558
"(114, 879.0812524109172)",54.55434519625202,39.38701472521862,0.4827899147170255,85.0610208629151,339.35054201788756
"(115, 879.0812524109172)",54.34271379119468,39.79016201999308,0.4877315293435836,86.94257282503582,341.81307083061364
"(116, 879.0812524109172)",54.1310606431521,40.194815929032956,0.49269161143150486,88.84951997061806,344.2664388589422
"(117, 879.0812524109172)",53.919402342264405,40.60095996233553,0.49766995885308396,90.7820199092344,346.7103108066243
"(118, 879.0812524109172)",53.707755872156824,41.00857686601041,0.502666360117189,92.74022823702055,349.14434515963507
"(119, 879.0812524109172)",53.496138505779115,41.417648687192376,0.5076805951649429,94.72429855059983,351.568194871718
"(120, 879.0812524109172)",53.28456770465665,41.82815683736927,0.5127124361459661,96.73438246915046,353.9815080246978
"(17, 879.3855585466764)",92.41858243689244,0.19483362179097363,0.0023881908366171867,0.0377496013163642,2.0623909314582947
"(18, 879.3855585466764)",92.21209606175584,0.26851987273523703,0.0032914067583462805,0.05402455012867346,2.840391020463976
"(19, 879.3855585466764)",91.95644765469511,0.3627303034344934,0.0044461996798222676,0.07535152825012888,3.8345722606004298
"(20, 879.3855585466764)",91.64457062174854,0.48190989613553975,0.005907054375146605,0.10281983556244083,5.091758475491446
"(21, 879.3855585466764)",91.26885576766216,0.631338603320091,0.007738690342005309,0.13768361540422785,6.6676089134198815
"(22, 879.3855585466764)",90.82116091298157,0.8172088835707514,0.010017012204596007,0.1813781816753102,8.627437690832226
"(23, 879.3855585466764)",90.29286490740907,1.046652451670349,0.012829437605403407,0.2355326284629482,11.04648952600446
"(24, 879.3855585466764)",89.67499838769432,1.3276833155503045,0.016274198975413424,0.30197566645540225,14.009319889438283
"(25, 879.3855585466764)",88.95851832562235,1.6690083632239527,0.020458021786225192,0.3827308993391561,17.607758015900558
"(26, 879.3855585466764)",88.13487441447289,2.0796201933076883,0.025491133633135335,0.479996609504072,21.936538178458616
"(27, 879.3855585466764)",87.19718445875802,2.5680013350795954,0.031477509890143376,0.596102676479071,27.08476493992319
"(28, 879.3855585466764)",86.14260937648095,3.140607745090401,0.03849628503175195,0.7334320755385908,33.11964503908066
"(29, 879.3855585466764)",84.97669313281652,3.7991435966785327,0.04656834811762955,0.8942863775580981,40.05724644245963
"(30, 879.3855585466764)",83.71962800823327,4.536473886573029,0.05560624119634764,1.0806717959902594,47.818653677141114
"(31, 879.3855585466764)",82.41112724977624,5.33284390050747,0.06536781906135981,1.2940111035112913,56.18950497274069
"(32, 879.3855585466764)",81.1064063733285,6.156899334658334,0.07546875348229405,1.5348743819953548,64.83125755185323
"(33, 879.3855585466764)",79.85994343879408,6.974463251588337,0.08549011754057767,1.8029049522740814,73.37586981136783
"(34, 879.3855585466764)",78.7080712681924,7.759567627771285,0.09511360582639054,2.0970316949806684,81.5444996900482
"(35, 879.3855585466764)",77.66412468310843,8.49907058400535,0.10417813056034167,2.4158363016176065,89.19690722953703
"(36, 879.3855585466764)",76.72498491146662,9.190156153960062,0.11264917477905911,2.7578669458497,96.30419053705538
"(37, 879.3855585466764)",75.87974541543582,9.835700665474471,0.12056199533259361,3.1218101175252375,102.8986674875294
"(38, 879.3855585466764)",75.115479140823,10.44079647019032,0.12797901218427557,3.506548253795586,109.0363468581255
"(39, 879.3855585466764)",74.41996733891561,11.010897554115004,0.1349670780635577,3.911157523753387,114.77694180458117
"(40, 879.3855585466764)",73.78263457003617,11.55103432326441,0.14158785362962759,4.334883143871834,120.17543060364329
"(41, 879.3855585466764)",73.19466512191852,12.065569395598903,0.14789481406885782,4.777110388472221,125.27945328762718
"(42, 879.3855585466764)",72.64881641202237,12.558186916127362,0.15393311812371616,5.237338258146984,130.12922280190867
"(43, 879.3855585466764)",72.13915675227547,13.0319668324342,0.15974051853179863,5.715157677171153,134.75834743445031
"(44, 879.3855585466764)",71.66081450233817,13.489479720154986,0.1653485243577213,6.210234132689058,139.1948703144944
"(45, 879.3855585466764)",71.20976526392862,13.932877032280889,0.1707835072321643,6.7222940682526255,143.4622558296645
"(46, 879.3855585466764)",70.78266011801323,14.363968750763098,0.17606765317349019,7.251114266786711,147.58023726118546
"(47, 879.3855585466764)",70.37669001969897,14.784287291686589,0.18121974591121426,7.796513552922886,151.56551392489706
"(48, 879.3855585466764)",69.98947961408193,15.195139052030777,0.18625579872511078,8.358346276255867,155.43231331818302
"(49, 879.3855585466764)",69.6190042057847,15.597645633343301,0.19118955974814358,8.936497159604713,159.19284062780972
"(50, 879.3855585466764)",69.26352465702104,15.992776741352719,0.19603291523646277,9.530877189874104,162.85763746887596
"(51, 879.3855585466764)",68.9215361244422,16.381376473478145,0.20079621179094329,10.141420322563445,166.43586853727192
"(52, 879.3855585466764)",68.59172743177292,16.764184400854848,0.20548851477202984,10.768080803391513,169.93555153433692
"(53, 879.3855585466764)",68.27294868123374,17.1418525484133,0.21011781643459695,11.41083097899421,173.36374238695186
"(54, 879.3855585466764)",67.96418525507394,17.514959143235377,0.21469120444968834,12.069659487221376,176.72668525282648
"(55, 879.3855585466764)",67.66453680769546,17.884019806865904,0.21921499909527578,12.744569746757877,180.0299346744504
"(56, 879.3855585466764)",67.37320017838573,18.24949671749699,0.22369486556257756,13.43557868357283,183.2784556131981
"(57, 879.3855585466764)",67.08945540361815,18.61180615182657,0.22813590640107406,14.142715645822186,186.47670582923863
"(58, 879.3855585466764)",66.81265419507449,18.971324727131233,0.2325427380312798,14.866021469395617,189.62870410021483
"(59, 879.3855585466764)",66.54221039161267,19.32839459508421,0.23691955440844653,15.605547664539408,192.73808701956202
"(60, 879.3855585466764)",66.27759200085497,19.68332778585422,0.24127018027074193,16.361355700245742,195.80815653779797
"(61, 879.3855585466764)",66.01831452858882,20.036409859779095,0.2455981158999721,17.133516367984498,198.84191996072386
"(62, 879.3855585466764)",65.76393535718816,20.387902992045486,0.2499065749323305,17.922109210136693,201.84212377121762
"(63, 879.3855585466764)",65.51404898332362,20.73804859074585,0.25419851644946306,18.72722200150049,204.8112823681471
"(64, 879.3855585466764)",65.268282963104,21.087069529158445,0.2584766723408457,19.54895027451947,207.7517026032214
"(65, 879.3855585466764)",65.02629444262156,21.435172057592364,0.2627435707383985,20.38739688077366,210.66550482756108
"(66, 879.3855585466764)",64.78776717514943,21.782547447949305,0.2670015561748472,21.242671582723922,213.55464102692588
"(67, 879.3855585466764)",64.55240894485172,22.12937341434346,0.27125280699711124,22.114890670859083,216.4209105176494
"(68, 879.3855585466764)",64.31994933148842,22.475815345361838,0.27549935047083407,23.004176602322634,219.26597359071832
"(69, 879.3855585466764)",64.09013776239111,22.822027377256394,0.2797430759351383,23.910657657845167,222.09136342294173
"(70, 879.3855585466764)",63.86274180745568,23.168153332281666,0.2839857463043915,24.8344676144119,224.89849651877014
"(71, 879.3855585466764)",63.637545680466005,23.514327542313172,0.2882290081637712,25.77574543155283,227.68868190189968
"(72, 879.3855585466764)",63.414348916299716,23.86067557450789,0.2924744006641227,26.73463494954195,230.46312923908206
"(73, 879.3855585466764)",63.192965198586315,24.207314873042833,0.2967233633881263,27.711284598145426,233.2229560487705
"(74, 879.3855585466764)",62.97322131648723,24.554355328731337,0.30097724333247233,28.705847114725593,235.96919412303953
"(75, 879.3855585466764)",62.75495623267026,24.90189978646875,0.305237301127661,29.71847927081411,238.7027952706141
"(76, 879.3855585466764)",62.53802024736135,25.250044498879532,0.3095047165991462,30.749341606364137,241.42463647300679
"(77, 879.3855585466764)",62.32227424559468,25.598879533387564,0.31378059375651296,31.79859817108204,244.13552453059685
"(78, 879.3855585466764)",62.107589016793284,25.948489138726107,0.3180659652862707,32.86641627232515,246.8362002656298
"(79, 879.3855585466764)",61.89384463732234,26.29895207614991,0.32236179661166536,33.952966229174265,249.52734233828517
"(80, 879.3855585466764)",61.68092990809406,26.650341919783965,0.3266689895742195,35.05842113232255,252.2095707242809
"(81, 879.3855585466764)",61.46874184029535,27.002727329997825,0.33098838578466017,36.182956609570596,254.88344989613563
"(82, 879.3855585466764)",61.25718518342055,27.35617230309196,0.3353207696834591,37.32675059666626,257.5494917437239
"(83, 879.3855585466764)",61.04617199044876,27.710736400207534,0.3396668713467198,38.489983113466785,260.20815826557055
"(84, 879.3855585466764)",60.83562121577453,28.06647495795294,0.34402736906795167,39.672836045136926,262.85986405802737
"(85, 879.3855585466764)",60.625458342046045,28.423439282936588,0.3484028917425746,40.87549292848594,265.50497862583524
"(86, 879.3855585466764)",60.41561503257293,28.781676832114982,0.35279402107854707,42.098138743299494,268.1438285347865
"(87, 879.3855585466764)",60.206028806401676,29.14123138062478,0.35720129365358677,43.340959708715225,270.7766994244395
"(88, 879.3855585466764)",59.99664273347776,29.502143178587108,0.36162520283721483,44.6041430846471,273.4038378969122
"(89, 879.3855585466764)",59.78740514772519,29.864449098150484,0.36606620059314493,45.88787697829288,276.0254532953696
"(90, 879.3855585466764)",59.578269376031024,30.228182771943693,0.3705246991763826,47.192350155798536,278.641719384764
"(91, 879.3855585466764)",59.36919348146982,30.59337472392414,0.3750010727371111,48.51775185915901,281.2527759453682
"(92, 879.3855585466764)",59.16014001924432,30.960052493523733,0.3794956588424203,49.864271628443134,283.8587302887376
"(93, 879.3855585466764)",58.951075804033174,31.32824075387563,0.38400875992548683,51.23209912945139,286.45965870443945
"(94, 879.3855585466764)",58.74197168760908,31.69796142481027,0.3885406446706222,52.62142398693839,289.0556078448224
"(95, 879.3855585466764)",58.532802345682676,32.06923378124989,0.39309154934193974,54.03243562351997,291.6465960545201
"(96, 879.3855585466764)",58.32354607312506,32.44207455752701,0.39766167906204314,55.465323104393356,294.23261465019067
"(97, 879.3855585466764)",58.11418458678588,32.81649804810769,0.40225120904664957,56.92027498804558,296.81362915551824
"(98, 879.3855585466764)",57.904702835236435,33.192516205137316,0.4068602858002672,58.39747918305908,299.3895804958692
"(99, 879.3855585466764)",57.69508881484889,33.57013873317606,0.4114890282774246,59.897122811197974,301.96038615637417
"(100, 879.3855585466764)",57.48533339172856,33.94937318143082,0.41613752901321244,61.4193920769127,304.52594130660486
"(101, 879.3855585466764)",57.275430129063224,34.330225033756605,0.4208058552265185,62.96447214341946,307.0861198946643
"(102, 879.3855585466764)",57.06537511949826,34.712697796677,0.42549404989876555,64.53254701551548,309.6407757129979
"(103, 879.3855585466764)",56.855166822261616,35.09679308558112,0.43020213283084185,66.12379942926161,312.18974343815967
"(104, 879.3855585466764)",56.644805904745226,35.482510709308535,0.4349301016795437,67.73841074870121,314.73283964552706
"(105, 879.3855585466764)",56.43429508833369,35.869848753214896,0.4396779329759465,69.37656086973466,317.2698638009662
"(106, 879.3855585466764)",56.22363899830105,36.25880366084323,0.44444558312645027,71.03842813130576,319.800599229951
"(107, 879.3855585466764)",56.01284401761484,36.64937031427977,0.4492329893977682,72.72418923400785,322.3248140651417
"(108, 879.3855585466764)",55.8019181445486,37.04154211324379,0.45404007088638637,74.43401916623735,324.84226217276006
"(109, 879.3855585466764)",55.59087085397186,37.43531105297164,0.45886672947309165,76.16809113802084,327.3526840581605
"(110, 879.3855585466764)",55.379712962291855,37.8306678008745,0.46371285076292346,77.92657652257927,329.85580775084577
"(111, 879.3855585466764)",55.16845649593673,38.22760177202942,0.4685783050102259,79.70964480576556,332.3513496685068
"(112, 879.3855585466764)",54.957114563375846,38.6261012034512,0.47346294802904454,81.51746354341509,334.83901546026226
"(113, 879.3855585466764)",54.74570123063969,39.02615322712689,0.47836662208863506,83.3501983267094,337.3185008287918
"(114, 879.3855585466764)",54.534231400294715,39.42774394181557,0.48328915679324147,85.20801275558671,339.78949233059024
"(115, 879.3855585466764)",54.32272069387854,39.83085848353228,0.48823036994624486,87.09106842026053,342.2516681543685
"(116, 879.3855585466764)",54.11118533778432,40.235481094691835,0.49319006839752183,88.99952489087327,344.704698876555
"(117, 879.3855585466764)",53.89964205256347,40.641595191845994,0.49816804887403987,90.93353971531388,347.1482481938917
"(118, 879.3855585466764)",53.68810794566154,41.04918343197458,0.5031640987921201,92.89326842519566,349.58197363174787
"(119, 879.3855585466764)",53.47660040755519,41.45822777725135,0.5081779970514665,94.87886455001495,352.0055272282202
"(120, 879.3855585466764)",53.26513701129409,41.86870955823231,0.5132095148096729,96.89047963946396,354.4185561929091
"(17, 879.6921954693303)",92.40685459433898,0.19893961418354172,0.002438520411754262,0.03848959481333784,2.1066577798995443
"(18, 879.6921954693303)",92.19671280375766,0.274068417279198,0.00335941854768115,0.05504420298292547,2.9002100747270942
"(19, 879.6921954693303)",91.93660765482014,0.37013471837800926,0.004536959969325022,0.07672875630911341,3.914399519862881
"(20, 879.6921954693303)",91.61933671256128,0.4916930425470738,0.0060269721819324,0.10464946636056201,5.1972309243961305
"(21, 879.6921954693303)",91.23713285103611,0.6441583494610708,0.007895829546112966,0.14008057403269025,6.80581905443903
"(22, 879.6921954693303)",90.78167279851701,0.8338854173060742,0.010221426333367015,0.18448097153694124,8.807228000490714
"(23, 879.6921954693303)",90.24413262455816,1.0681949756915552,0.013093497052598133,0.23950691141175695,11.2787402571595
"(24, 879.6921954693303)",89.61532568413242,1.355311554510712,0.016612854626889946,0.30701761921178183,14.307180940529857
"(25, 879.6921954693303)",88.88599764002004,1.7041600950061748,0.0208888973351261,0.3890698320822268,17.986730125588295
"(26, 879.6921954693303)",88.04744451370824,2.1239264437192764,0.026034221526616788,0.4878959943464717,22.41420549773795
"(27, 879.6921954693303)",87.09280900288636,2.6231894822889963,0.032153983623186895,0.6058580519324561,27.679750394633714
"(28, 879.6921954693303)",86.01970784300683,3.2082538490130146,0.03932546330209256,0.7453629730060806,33.8489401770603
"(29, 879.6921954693303)",84.83499001663009,3.8801614487604628,0.047561431807014325,0.9087175175835255,40.93070284839374
"(30, 879.6921954693303)",83.56137705482975,4.6303224250872095,0.05675659819145618,1.0978983929219,48.83043807749081
"(31, 879.6921954693303)",82.24193468137643,5.436858372952009,0.06664278591607507,1.3142501657248074,57.31088848897984
"(32, 879.6921954693303)",80.93426922161954,6.266613949850025,0.07681359035508406,1.5582216626422838,66.01409427870338
"(33, 879.6921954693303)",79.6924956410201,7.085137134520545,0.08684671272492943,1.8293271549437278,74.56904823134367
"(34, 879.6921954693303)",78.55030662585422,7.867683726045479,0.09643884873270155,2.126400158674764,82.7101024115301
"(35, 879.6921954693303)",77.51811964013369,8.602746588765308,0.10544894861663423,2.4479760293413335,90.31464108915821
"(36, 879.6921954693303)",76.5908484008294,9.288744047159758,0.11385762484520637,2.7925946909295236,97.36706928007344
"(37, 879.6921954693303)",75.75662156388003,9.929245480361914,0.12170862940772789,3.1589547650258316,103.9071766462214
"(38, 879.6921954693303)",75.0021810954531,10.529654777872087,0.12906820097116092,3.545958427842033,109.99433064975526
"(39, 879.6921954693303)",74.31528832796492,11.095528953949632,0.13600445514312604,3.952702548903259,115.68935518956334
"(40, 879.6921954693303)",73.68547460073108,11.631902533999234,0.14257910307659236,4.378451263998548,121.04727294949694
"(41, 879.6921954693303)",73.10406728580342,12.143101786981594,0.14884517440676656,4.8226061786285195,126.11533208027534
"(42, 879.6921954693303)",72.56396515751058,12.632761776316611,0.1548472262540724,5.28468004944629,130.9332163763348
"(43, 879.6921954693303)",72.05936231794433,13.103912893679652,0.16062240392004742,5.764275284392287,135.5339998615958
"(44, 879.6921954693303)",71.5854941113887,13.559080514717209,0.16620166242632814,6.261066947643427,139.94523836282565
"(45, 879.6921954693303)",71.13842528853984,14.000376692809564,0.17161089045928582,6.774789495247002,144.1899714993289
"(46, 879.6921954693303)",70.71488060251487,14.42957780012191,0.17687186206227207,7.305226449966871,148.2875702043418
"(47, 879.6921954693303)",70.31211177735187,14.848187862684549,0.18200301297112445,7.852202342795604,152.25442771980585
"(48, 879.6921954693303)",69.9277936690323,15.257489380026433,0.18702006354044656,8.415576388615552,156.10451390409352
"(49, 879.6921954693303)",69.55994322265882,15.658583835667443,0.1919365153046475,8.995237488060333,159.84981705101774
"(50, 879.6921954693303)",69.20685599892668,16.052423961550055,0.19676404646214998,9.591100240815168,163.50069578090284
"(51, 879.6921954693303)",68.86705622316462,16.439839485017817,0.20151282747132068,10.203101747976095,167.06615986550236
"(52, 879.6921954693303)",68.53925720771733,16.82155776123074,0.2061917739541772,10.831199012037377,170.55409530542866
"(53, 879.6921954693303)",68.2223298014124,17.198220383662154,0.21080875030106241,11.475366810704317,173.97144556578314
"(54, 879.6921954693303)",67.91527706076454,17.570396630265158,0.2153707344882547,12.135595938319199,177.32435832349577
"(55, 879.6921954693303)",67.61721377874943,17.938594409082185,0.21988395224477209,12.811891737065585,180.61830496161136
"(56, 879.6921954693303)",67.32734982926888,18.303269218885614,0.22435398688823874,13.50427285749672,183.85817843051535
"(57, 879.6921954693303)",67.04497652832718,18.66483152604893,0.2287858697475537,14.212770201455935,187.0483738491298
"(58, 879.6921954693303)",66.76945539537364,19.023652871138914,0.2331841550149995,14.937426010833535,190.19285526297202
"(59, 879.6921954693303)",66.50020883654894,19.380070951069207,0.23755298204120714,15.678293073513656,193.29521123860223
"(60, 879.6921954693303)",66.2367123760064,19.73439387081892,0.24189612745097416,16.435434023904953,196.35870140897143
"(61, 879.6921954693303)",65.97848814175315,20.086903718367658,0.246217048963362,17.208920720249917,199.38629564430957
"(62, 879.6921954693303)",65.7250993737185,20.43785958535764,0.25051892241773827,17.9988336845505,202.3807071837205
"(63, 879.6921954693303)",65.47614576943872,20.787500131517955,0.2548046732074343,18.805261593790323,205.34442079590278
"(64, 879.6921954693303)",65.2312595195257,21.13604577183685,0.25907700308927273,19.628300813485836,208.27971682973097
"(65, 879.6921954693303)",64.99010191414463,21.483700550315362,0.26333841315096723,20.468054966280164,211.18869184990376
"(66, 879.6921954693303)",64.75236042427152,21.83065375222802,0.26759122357417,21.324634529816144,214.07327642446984
"(67, 879.6921954693303)",64.51774617978364,22.17708129724514,0.27183759071023306,22.198156459168413,216.93525052380974
"(68, 879.6921954693303)",64.28599178040672,22.523146948212055,0.27607952189694684,23.08874383005195,219.77625691159622
"(69, 879.6921954693303)",64.0568493872183,22.869003364187876,0.2803188883667896,23.996525499761866,222.5978128391414
"(70, 879.6921954693303)",63.83008905154574,23.214793021475227,0.28455743653593746,24.92163578332109,225.40132030010238
"(71, 879.6921954693303)",63.605497245495684,23.560649022264126,0.2887967979165899,25.86421414285118,228.1880750609063
"(72, 879.6921954693303)",63.38287556437807,23.906695807339016,0.2930384978529758,26.824404888467974,230.9592746448509
"(73, 879.6921954693303)",63.16203957622475,24.253049786560513,0.2972839632495488,27.802356889419126,233.71602541940013
"(74, 879.6921954693303)",62.94281779757184,24.599819898676564,0.30153452943291936,28.798223294314642,236.45934891234157
"(75, 879.6921954693303)",62.72505077803236,24.947108110178302,0.30579144626662325,29.812161259588308,239.1901874624392
"(76, 879.6921954693303)",62.50859027884591,25.295009861451252,0.3100558836198672,30.84433168544574,241.90940929429837
"(77, 879.6921954693303)",62.29329853284712,25.64361446723058,0.31432893627613867,31.894898958703696,244.61781309359196
"(78, 879.6921954693303)",62.07904757524606,25.99300547729792,0.3186116283544818,32.964030702070495,247.3161321471419
"(79, 879.6921954693303)",61.8657186360673,26.34326100254687,0.32290491730627996,34.05189752943297,250.00503810357102
"(80, 879.6921954693303)",61.65320158644765,26.694454010800484,0.3272096975412598,35.15867280688093,252.6851444020454
"(81, 879.6921954693303)",61.44139443214491,27.04665259612773,0.33152680372866367,36.28453241921941,255.35700940977847
"(82, 879.6921954693303)",61.230202848404154,27.399920224959573,0.3358570138140404,37.42965454174241,258.021139304104
"(83, 879.6921954693303)",61.01953975126974,27.754315961792884,0.3402010517858307,38.594219417232786,260.67799072921997
"(84, 879.6921954693303)",60.80932490097013,28.10989467696444,0.3445595902221791,39.778409137974315,263.32797325458716
"(85, 879.6921954693303)",60.599484533627106,28.466707238634402,0.34893325264418285,40.98240743279536,265.9714516580203
"(86, 879.6921954693303)",60.389951018045984,28.82480069084111,0.35332261569842144,42.20639945907173,268.6087480536391
"(87, 879.6921954693303)",60.18066253474346,29.184218419265616,0.3577282111888247,43.450571599749075,271.2401438822643
"(88, 879.6921954693303)",59.971562774392375,29.545000306307706,0.3621505279775329,44.7151112653322,273.86588178160076
"(89, 879.6921954693303)",59.76260065457874,29.907182876224955,0.3665900137640019,46.000206700953264,276.48616734423354
"(90, 879.6921954693303)",59.553730051142544,30.270799432338745,0.37104707676659116,47.30604679855319,279.10117078472655
"(91, 879.6921954693303)",59.344909544230916,30.635880186403178,0.3755220873087515,48.63282091426623,281.71102851759485
"(92, 879.6921954693303)",59.1361021765425,31.002452381560033,0.38001537932572915,49.98071869111618,284.31584466004483
"(93, 879.6921954693303)",58.92727522279065,31.370540409458027,0.38452725180037584,51.34992988710883,286.91569246695184
"(94, 879.6921954693303)",58.718399969184624,31.74016592224051,0.3890579701358081,52.74064420888684,289.51061570472336
"(95, 879.6921954693303)",58.5094515023118,32.11134794008802,0.3936077674736196,54.1530511510315,292.10062997161856
"(96, 879.6921954693303)",58.300408505392255,32.48410295459654,0.3981768459610448,55.58733984118518,294.6857239673397
"(97, 879.6921954693303)",58.09125306310983,32.85844502886938,0.4027653779778527,57.04369889112488,297.265860721247
"(98, 879.6921954693303)",57.88197047239883,33.23438589432504,0.4073735073229746,58.52231625394206,299.8409787790468
"(99, 879.6921954693303)",57.67254905980042,33.61193504482076,0.4120013503682245,60.02337908748144,302.4109933542707
"(100, 879.6921954693303)",57.46298000450599,33.99109982831887,0.4166489971819244,61.54707362418722,304.97579744687465
"(101, 879.6921954693303)",57.253257166723195,34.37188553637477,0.42131651262578956,63.0935850475299,307.53526293173275
"(102, 879.6921954693303)",57.0433769209966,34.7542954916752,0.42600393742799775,64.66309737513862,310.08924161947596
"(103, 879.6921954693303)",56.83333799419281,35.13833113381977,0.4307112892344578,66.25579334881374,312.63756629127215
"(104, 879.6921954693303)",56.62314130788423,35.523992103486435,0.43543856364085903,67.87185433156606,315.1800517096729
"(105, 879.6921954693303)",56.41278982490952,35.91127632515023,0.44018573520622645,69.5114602117969,317.7164956060497
"(106, 879.6921954693303)",56.20228839995909,36.30018008840985,0.4449527584499818,71.17478931479285,320.2466796462062
"(107, 879.6921954693303)",55.99164363401067,36.690698128036274,0.4497395688330975,72.86201832163283,322.7703703745847
"(108, 879.6921954693303)",55.78086373252793,37.08282370277802,0.454546083724078,74.5733221956431,325.2873201375771
"(109, 879.6921954693303)",55.569958367311195,37.476548672970885,0.45937220335024165,76.30887411650538,327.79726798625234
"(110, 879.6921954693303)",55.358938541931614,37.871863576967066,0.46421781173458315,78.06884542212406,330.29994055863966
"(111, 879.6921954693303)",55.14781646071794,38.26875770637777,0.46908277761805206,79.85340555833331,332.79505294134253
"(112, 879.6921954693303)",54.93660540121014,38.667219180137614,0.47396695536744304,81.66272203653618,335.2823095105639
"(113, 879.6921954693303)",54.72531959010595,39.06723501734862,0.47887018586811847,83.49696039933136,337.7614047518
"(114, 879.6921954693303)",54.513974082638136,39.46879120887145,0.4837922974018788,85.35628419420722,340.2320240584027
"(115, 879.6921954693303)",54.30258464538192,39.87187278764674,0.4887331065086003,87.24085495531558,342.693844507781
"(116, 879.6921954693303)",54.091167642496714,40.276463897660165,0.4936924188317447,89.15083219338773,345.1465356152739
"(117, 879.6921954693303)",53.8797399253641,40.68254786152804,0.4986700299467952,91.08637339380171,347.58976006485125
"(118, 879.6921954693303)",53.668318725642266,41.09010724663227,0.5036657261717599,93.04763402281867,350.0231744158713
"(119, 879.6921954693303)",53.456921551712036,41.499123929733635,0.5086792853594772,95.03476754197736,352.4464297856711
"(120, 879.6921954693303)",53.245566088503594,41.90957916002995,0.5137104776702524,97.04792543064488,354.8591725066978
"(17, 880.0)",92.3948187371639,0.20316043487018232,0.0024902575051479743,0.039248113197075836,2.1521784913331414
"(18, 880.0)",92.18092863170418,0.2797731856925322,0.0034293452652588187,0.05608896590564672,2.9617348675221136
"(19, 880.0)",91.91625099337153,0.3777504699614082,0.00463031073690931,0.07813956144812582,3.9965338870320672
"(20, 880.0)",91.59344202529552,0.5017607864582148,0.006150378468449965,0.10652350902413817,5.305809543211831
"(21, 880.0)",91.20456987386365,0.6573597099009006,0.008057646422191641,0.14253574350739617,6.948193108021248
"(22, 880.0)",90.74112199883028,0.8510712258242588,0.01043208294409588,0.1876594504908578,8.992573540313517
"(23, 880.0)",90.19406224881354,1.0904131895480993,0.013365838829394128,0.24357887267439968,11.518359297192433
"(24, 880.0)",89.55397671334475,1.383829553469251,0.01696241659245502,0.31218467761530727,14.61474192374511
"(25, 880.0)",88.8113915692033,1.7404716470492396,0.021333989486344424,0.39556770042180595,18.378343047561287
"(26, 880.0)",87.95744925350432,2.1697226791335833,0.02659557304676337,0.49599541437511313,22.90810886677665
"(27, 880.0)",86.98534128255959,2.68024878673194,0.03285339323617718,0.6158623009479652,28.29512374688795
"(28, 880.0)",85.89321866920454,3.2781622289339123,0.04018237162620806,0.7575987661240957,34.602888264939
"(29, 880.0)",84.68940609664442,3.9637432336794647,0.04858594313630523,0.9235140964231559,41.832115863525445
"(30, 880.0)",83.39939919260443,4.7267895023276605,0.05793905216312194,1.1155495977500125,49.87081630579729
"(31, 880.0)",82.06975490346137,5.543180716740448,0.0679460417136579,1.3349630945691195,58.457553613449825
"(32, 880.0)",80.76026619484152,6.378038693417731,0.07817938928195757,1.5820750380733477,67.21578753004931
"(33, 880.0)",79.52424890796955,7.1968832497580415,0.08821645089426905,1.8562695798441031,75.77420720711267
"(34, 880.0)",78.39247409422971,7.976386223201925,0.09777127947663614,2.1562894918364393,83.88243644760335
"(35, 880.0)",77.37243280729395,8.706712584464054,0.10672332126322968,2.4806298614419786,91.43589285020015
"(36, 880.0)",76.45718325793845,9.387467538790636,0.11506773702145345,2.827826901820303,98.43178167705874
"(37, 880.0)",75.63399616471598,10.02285683115058,0.12285607905272146,3.196593920747538,104.91675564564736
"(38, 880.0)",74.88934938122165,10.618556436321052,0.13015792113401695,3.5858540092146747,110.95311658872023
"(39, 880.0)",74.21102140800146,11.180202879129672,0.13704235348098262,3.9947251599005527,116.60254590336416
"(40, 880.0)",73.58866758557902,11.712822520537209,0.14357098717017389,4.422490492005425,121.9199782177476
"(41, 880.0)",73.01376609298617,12.220698977231438,0.14979632902268075,4.868567855163425,126.95220168479564
"(42, 880.0)",72.47935999047596,12.707415157853445,0.1557622968669878,5.332483623366888,131.7383376195824
"(43, 880.0)",71.97976986838232,13.175950487622826,0.16150541127866302,5.813851542267248,136.3109103829562
"(44, 880.0)",71.51033778224422,13.628784570260683,0.1670560662258047,6.312356117887404,140.69698216082077
"(45, 880.0)",71.06721698833478,14.067989900422631,0.17243966550012024,6.827739700295387,144.91916593981043
"(46, 880.0)",70.64720517624008,14.495309276062443,0.1776775716060132,7.359792451014196,148.9964705622774
"(47, 880.0)",70.24761413208167,14.912218452592953,0.18278787374965297,7.908344522228922,152.9449843774657
"(48, 880.0)",69.86616829107103,15.319976180040287,0.18778600117395652,8.473259922743765,156.77842111033797
"(49, 880.0)",69.500925694341,15.719663973472935,0.19268521064821972,9.0544316712919,160.50855369914146
"(50, 880.0)",69.15021614041976,16.112217730211583,0.19749697401896293,9.651777930318486,164.1455592063689
"(51, 880.0)",68.8125925374415,16.498452931587043,0.2022312871227522,10.265238904508003,167.69829376351393
"(52, 880.0)",68.48679236454322,16.879084824857763,0.20689691716790284,10.894774317734335,171.17451279002015
"(53, 880.0)",68.1717069491682,17.254744664905726,0.21150160181853297,11.540361348855296,174.58104825145372
"(54, 880.0)",67.86635679883734,17.625992859733337,0.21605221032669494,12.201992923294958,177.92395216419658
"(55, 880.0)",67.56987165880352,17.993329671098618,0.22055487469637958,12.879676285090646,181.2086134477234
"(56, 880.0)",67.28147428173499,18.357203975312274,0.22501509706978384,13.5734317908459,184.43985363056387
"(57, 880.0)",67.00046713240191,18.71802047666542,0.22943783814655933,14.283291880177693,187.6220056887945
"(58, 880.0)",66.72622142800888,19.07614567986234,0.23382759039144732,15.009300187261397,190.75897935721224
"(59, 880.0)",66.4581680490683,19.431912861704266,0.23818843897514547,15.751510765734244,193.8543155323938
"(60, 880.0)",66.19578995757006,19.785626231390285,0.24252411276957564,16.50998740510525,196.9112318321213
"(61, 880.0)",65.93861583684104,20.137564429558378,0.24683802723769757,17.284803021402873,199.93266094777098
"(62, 880.0)",65.68621472734692,20.48798348560217,0.25113332068308447,18.07603910837782,202.92128309273653
"(63, 880.0)",65.43819147869884,20.83711932906743,0.2554128850335993,18.88378523830735,205.87955359126002
"(64, 880.0)",65.19418287414854,21.185189932195392,0.25967939210381086,19.708138603702775,208.80972644765077
"(65, 880.0)",64.95385431189035,21.532397145982152,0.263935316100658,20.549203592909144,211.71387457566993
"(66, 880.0)",64.71689694954827,21.878928280477346,0.26818295299411044,21.40709139400139,214.5939072408158
"(67, 880.0)",64.48302523581438,22.22495747070321,0.27242443726003285,22.28191962241189,217.451585166417
"(68, 880.0)",64.25197476703597,22.570646862180425,0.2766617564118973,23.17381196867602,220.2885336737936
"(69, 880.0)",64.02350041774761,22.916147644034673,0.28089676366415345,24.082897863277065,223.10625416117793
"(70, 880.0)",63.797374703028325,23.261600952856334,0.28513118901139756,25.0093121562703,225.90613417375957
"(71, 880.0)",63.573386337859866,23.60713866653532,0.28936664895885456,25.953194809642895,228.68945627414914
"(72, 880.0)",63.35133896446251,23.952884104129314,0.29360465510109063,26.914690600905484,231.4574058880543
"(73, 880.0)",63.13105002341088,24.298952645191807,0.29784662171347365,27.893948836565418,234.21107827129137
"(74, 880.0)",62.9123497482072,24.64545227985784,0.30209387249490477,28.891123074461667,236.95148472105453
"(75, 880.0)",62.6950802662397,24.99248409920293,0.3063476465784335,29.90637085408582,239.67955813493566
"(76, 880.0)",62.47909479167724,25.340142733942155,0.31060910390865604,30.93985343420655,242.3961580054108
"(77, 880.0)",62.264256898030965,25.68851674833299,0.31487933007001345,31.99173553720343,245.1020749244084
"(78, 880.0)",62.05043985999918,26.037688995105725,0.31915934063737994,33.06218509969547,247.79803466119887
"(79, 880.0)",61.83752605567451,26.387736936431757,0.3234500851103659,34.15137302905291,250.4847018680691
"(80, 880.0)",61.62540642149825,26.738732935218337,0.3277524504838881,35.25947296552632,253.16268346029523
"(81, 880.0)",61.413979953403455,27.090744520431354,0.33206726450038604,36.3866610497716,255.8325317105681
"(82, 880.0)",61.203153248504265,27.443834629639635,0.33639529862283346,37.53311569553275,258.4947470925607
"(83, 880.0)",60.992840082454265,27.79806183155041,0.34073727076248594,38.69901736751027,261.14978090347734
"(84, 880.0)",60.78296101824573,28.153480530944837,0.3450938477908953,39.88454836412776,263.79803769186015
"(85, 880.0)",60.57344304274878,28.51014115812792,0.3494656478621079,41.08989260530862,266.4398775133463
"(86, 880.0)",60.36421922782609,28.86809034471401,0.353853242567384,42.31523542514854,269.0756180341494
"(87, 880.0)",60.155228413256346,29.227371087348097,0.3582571589420034,43.5607633695459,271.7055364994171
"(88, 880.0)",59.94641490866423,29.588022900952957,0.36267788134372836,44.82666399878929,274.32987158369167
"(89, 880.0)",59.737728213430636,29.95008196221647,0.36711585321159795,46.11312569515588,276.94882513105034
"(90, 880.0)",59.5291227508626,30.313581245308782,0.371571478729505,47.420337475617295,279.5625638063471
"(91, 880.0)",59.32055761682477,30.67855064991446,0.37604512439554977,48.748488809708334,282.1712206583755
"(92, 880.0)",59.11199634029598,31.04501712296653,0.38053712051421384,50.09776944267496,284.7748966098332
"(93, 880.0)",58.903406654937534,31.413004774673183,0.3850477626185671,51.468369224026084,287.37366188031297
"(94, 880.0)",58.69476028049058,31.78253498950704,0.3895773128307286,52.860477941588435,289.9675573494527
"(95, 880.0)",58.48603271339099,32.153626532847746,0.3941260011690442,54.27428516122381,292.5565958675351
"(96, 880.0)",58.27720302460974,32.52629565353858,0.39869402680518895,55.70998007233932,295.14076351622697
"(97, 880.0)",58.06825366592426,32.9005561832357,0.40328155928194465,57.16775133933442,297.72002082877685
"(98, 880.0)",57.85917028202727,33.27641963253598,0.407888739691501,58.64778695914612,300.2943039693748
"(99, 880.0)",57.64994152908496,33.653895284485074,0.41251568182163395,60.150274125038706,302.8635258779992
"(100, 880.0)",57.44055889889098,34.03299028567727,0.4171624732724102,61.67539909680198,305.42757738291897
"(101, 880.0)",57.23101654824393,34.413709735235315,0.42182917654667484,63.22334707750746,307.9863282835664
"(102, 880.0)",57.021311133202474,34.796056771868386,0.426515830117559,64.79430209697152,310.53962840648035
"(103, 880.0)",56.81144164793452,35.18003265922581,0.43122244947431854,66.38844690209794,313.08730863530235
"(104, 880.0)",56.60140926788028,35.56563686967854,0.43594902814949327,68.00596285422033,315.62918191733377
"(105, 880.0)",56.39121719706456,35.95286716665698,0.4406955387281274,69.64702983360773,318.16504424714435
"(106, 880.0)",56.180870519348474,36.341719685654255,0.44546193384067373,71.311826151255,320.6946756285379
"(107, 880.0)",55.970376053503045,36.73218901396135,0.45024814714036876,73.00052846809875,323.21784101542573
"(108, 880.0)",55.759742211985746,37.12426826919239,0.4550540942657316,74.71331172176225,325.73429123208155
"(109, 880.0)",55.5489788633471,37.517949176624,0.4598796737885912,76.45034906096512,328.24376387299515
"(110, 880.0)",55.3380971981715,37.91322214538174,0.4647247681479348,78.21181178766751,330.7459841825151
"(111, 880.0)",55.12710959853573,38.31007634345547,0.46958924456944257,79.9978693070687,333.2406659140408
"(112, 880.0)",54.916029510923124,38.70849977154932,0.4744729559705584,81.80868908552081,335.7275121685706
"(113, 880.0)",54.70487132258107,39.10847933571695,0.4793757418511376,83.64443661643564,338.2062162125655
"(114, 880.0)",54.49365024129515,39.510000918781614,0.4842974291685758,85.50527539423928,340.67646227410745
"(115, 880.0)",54.28238217858116,39.91304945046213,0.4892378331975271,87.39136689642052,343.13792631740336
"(116, 880.0)",54.07108363626611,40.317608976181376,0.49419675837331284,89.30287057369989,345.5902767948154
"(117, 880.0)",53.85977159647684,40.72366272448522,0.4991739991183109,91.2399438483569,348.0331753757567
"(118, 880.0)",53.648463415002645,41.13119317302577,0.5041693406507438,93.20274212070889,350.46627765194575
"(119, 880.0)",53.43717671804804,41.54018211303534,0.5091825597749897,95.19141878375659,352.88923381823435
"(120, 880.0)",53.22592930235051,41.95061071223533,0.5142134256526821,97.20612524596513,355.3016893283951
"(17, 880.3078045306697)",92.38251199484594,0.20748355841675958,0.0025432485851504725,0.040022748548956454,2.198818829820588
"(18, 880.3078045306697)",92.16479211926651,0.285617431192448,0.003500981635930034,0.057155514412148695,3.024785943215612
"(19, 880.3078045306697)",91.89543993933017,0.3855555353958862,0.004725982036238815,0.07957945563627078,4.080739414936504
"(20, 880.3078045306697)",91.56696502380134,0.5120845597900727,0.006276923058874473,0.10843601705869951,5.417188340107024
"(21, 880.3078045306697)",91.17126424663428,0.6709060551136908,0.00822369198049639,0.1450413680284851,7.094338864458768
"(22, 880.3078045306697)",90.69962787446732,0.8687198243140806,0.010648412244989051,0.19090363832072887,9.182976766803082
"(23, 880.3078045306697)",90.14279835320308,1.1132486486263227,0.013645746545625314,0.24773581913900175,11.764721363622389
"(24, 880.3078045306697)",89.49112485253823,1.4131644337392006,0.017321991554979422,0.3174608638492514,14.931223492013485
"(25, 880.3078045306697)",88.73490652175204,1.7778526891517963,0.021792191009222393,0.4022045742740646,18.7816312489675
"(26, 880.3078045306697)",87.86513394079186,2.216897007843821,0.027173816670803895,0.5042702031413384,23.417052691052948
"(27, 880.3078045306697)",86.87507566690786,2.739039064503893,0.03357402041215743,0.6260850753312296,28.929387122962968
"(28, 880.3078045306697)",85.76350496784939,3.3501517815891018,0.04106479011436412,0.7701022223820417,35.37955300670659
"(29, 880.3078045306697)",84.54040701755137,4.049644688132196,0.049638888025849495,0.9386303818222482,42.75887015555707
"(30, 880.3078045306697)",83.23429880527829,4.825540701116986,0.05914950396238447,1.1335690713410604,50.93620090086376
"(31, 880.3078045306697)",81.89532695315343,5.651379533503672,0.06927229854936987,1.3560807249996936,59.62486432578919
"(32, 880.3078045306697)",80.58519850682845,6.49068069094947,0.07956010880998629,1.6063511341867613,68.43103358055346
"(33, 880.3078045306697)",79.35597509537787,7.309201890551696,0.08959320684767633,1.8836347215230822,76.98596449941702
"(34, 880.3078045306697)",78.23526702767164,8.08520383008554,0.09910512118851907,2.186589188942924,85.05642246226824
"(35, 880.3078045306697)",77.22767342262453,8.810535427091594,0.10799593919803697,2.513675692840582,92.55599244081104
"(36, 880.3078045306697)",76.32452699925959,9.485928655778256,0.11627463311665164,2.8634311024624783,99.49403589906622
"(37, 880.3078045306697)",75.51234904852984,10.116166063942485,0.12399982545889601,3.234585700459481,105.92342841144752
"(38, 880.3078045306697)",74.77741873715347,10.707156296247309,0.13124394197403635,3.626084443912586,111.90898197320196
"(39, 880.3078045306697)",74.10756448203956,11.264593570360473,0.13807678005294863,4.037066707262931,117.51300039781243
"(40, 880.3078045306697)",73.49258097407399,11.793484685893745,0.14455971099717765,4.466834540386341,122.79020727112723
"(41, 880.3078045306697)",72.92410331788034,12.298065077448216,0.1507446510315009,4.914821865493026,127.78687092878947
"(42, 880.3078045306697)",72.39532068305236,12.781862974934015,0.1566748477548858,5.380568472278726,132.5415227800017
"(43, 880.3078045306697)",71.90068006917849,13.247805819172367,0.16238618453941334,5.863699249803046,137.0861263482001
"(44, 880.3078045306697)",71.43562940777659,13.698327156834212,0.16790849080469974,6.363907972683549,141.44724692965983
"(45, 880.3078045306697)",70.99640939916402,14.135459979573527,0.17326668613081445,6.880944735848546,145.64707133027335
"(46, 880.3078045306697)",70.57988961449217,14.560913711491423,0.17848172393912992,7.414606213260818,149.7042483364437
"(47, 880.3078045306697)",70.18344094592995,14.976136085925303,0.18357134995268007,7.964728072103436,153.6345639794716
"(48, 880.3078045306697)",69.80483657823399,15.382362354267624,0.188550705377736,8.531179025956252,157.45147846782768
"(49, 880.3078045306697)",69.44217494413944,15.78065429609613,0.193432805074029,9.113856136762275,161.16655182216516
"(50, 880.3078045306697)",69.09381948854282,16.171931181644105,0.19822891708003773,9.712681066596154,164.78978172262404
"(51, 880.3078045306697)",68.75835130821855,16.556994427039918,0.2029488648268335,10.327597070324538,168.32987255737692
"(52, 880.3078045306697)",68.43453163684032,16.936547327221184,0.20760126901606915,10.95856654781304,171.7944507975037
"(53, 880.3078045306697)",68.12127193627349,17.311210931477632,0.21219374221589102,11.605569040308328,175.19023830490957
"(54, 880.3078045306697)",67.81760987708088,17.681536891201468,0.21673304634340307,12.268599571071677,178.52319262473338
"(55, 880.3078045306697)",67.52268991513594,18.04801791838286,0.2212252208606302,12.947667257323216,181.79862122531068
"(56, 880.3078045306697)",67.23574747842142,18.41109634908282,0.22567568774206792,13.642794136889243,185.02127507527956
"(57, 880.3078045306697)",66.9560960085422,18.771171195643515,0.23008933791778102,14.35401416555019,188.195425742767
"(58, 880.3078045306697)",66.68311627457264,19.128603986874257,0.2344706028600278,15.081372350876322,191.32492927981733
"(59, 880.3078045306697)",66.41624750717047,19.483723630842068,0.23882351418934922,15.824923995687865,194.4132794506374
"(60, 880.3078045306697)",66.15497999992004,19.836830485127717,0.24315175356610547,16.58473402996895,197.46365231959183
"(61, 880.3078045306697)",65.89884890031777,20.18819978106267,0.24745869466337084,17.360876414607485,200.47894379652988
"(62, 880.3078045306697)",65.64742897080114,20.53808451868058,0.25174743865206334,18.15343360360781,203.4618014124095
"(63, 880.3078045306697)",65.4003301451407,20.886717925840514,0.25602084434387495,18.96249605429195,206.41465134415296
"(64, 880.3078045306697)",65.15719374031501,21.23431555679532,0.2602815539146639,19.788161776996127,209.33972150945277
"(65, 880.3078045306697)",64.91768921124708,21.58107709112862,0.2645320149550826,20.630535917539422,212.23906139564366
"(66, 880.3078045306697)",64.6815113573715,21.927187882542388,0.26877449945498894,21.489730367006135,215.11455916204486
"(67, 880.3078045306697)",64.44837790692817,22.27282029794952,0.2730111202174892,22.365863394490773,217.96795645662584
"(68, 880.3078045306697)",64.21802741837101,22.61813488008693,0.2772438451097864,23.25905929926554,220.80086130897155
"(69, 880.3078045306697)",63.99021744926177,22.96328136095087,0.2814745094854366,24.16944807948967,223.6147593969822
"(70, 880.3078045306697)",63.764722951529215,23.308399548736894,0.2857048270561103,25.097165115207837,226.4110239343713
"(71, 880.3078045306697)",63.541334859192524,23.6536201070497,0.2899363994428272,26.042350863681694,229.1909243833608
"(72, 880.3078045306697)",63.31985884018582,23.999065242115076,0.2941707245995089,27.005150565597038,231.9556341637929
"(73, 880.3078045306697)",63.100114188747916,24.34484931108817,0.2984092042693873,27.98571396084609,234.70623750128235
"(74, 880.3078045306697)",62.88193283849044,24.691079362540293,0.30265315061005726,28.98419501293412,237.44373553489552
"(75, 880.3078045306697)",62.6651584794843,25.03785561843021,0.3069037921012958,30.000751641121184,240.16905178570764
"(76, 880.3078045306697)",62.449645765287435,25.385271905441535,0.31116227883220543,31.035545459689704,242.88303707184915
"(77, 880.3078045306697)",62.235259597912176,25.733416042412653,0.31542968725018483,32.08874152376799,245.586473943238
"(78, 880.3078045306697)",62.021874480577864,26.08237018956762,0.31970702444165316,33.16050808125513,248.2800806980097
"(79, 880.3078045306697)",61.809373929556436,26.432211164441814,0.32399523200453656,34.25101633057246,250.9645150337461
"(80, 880.3078045306697)",61.59764993762473,26.783010728724584,0.32829518956426407,35.36044018385282,253.6403773794445
"(81, 880.3078045306697)",61.38660248278517,27.13483584960905,0.3326077179773,36.48895603547218,256.30821394708096
"(82, 880.3078045306697)",61.17613907665365,27.487748938820356,0.33693358226103637,37.63674253564443,258.9685195372223
"(83, 880.3078045306697)",60.96617434779959,27.84180807200912,0.34127349428304493,38.80398036911697,261.6217401277004
"(84, 880.3078045306697)",60.75662965587604,28.197067190885267,0.345628115238739,39.990852038700964,264.2682752711866
"(85, 880.3078045306697)",60.54743273293344,28.553576290157437,0.3499980579428056,41.19754165377001,266.9084803238593
"(86, 880.3078045306697)",60.33851734881294,28.911381591068714,0.35438388895633627,42.42423472358358,269.54266852460944
"(87, 880.3078045306697)",60.129822997892724,29.270525703106653,0.3587861305689993,43.67111795553323,272.17111294171673
"(88, 880.3078045306697)",59.921294604487535,29.631047775427216,0.3632052626551331,44.938379058301045,274.79404830362444
"(89, 880.3078045306697)",59.71288224585263,29.992983638715483,0.3676417244126201,46.22620655000988,277.41167272153325
"(90, 880.3078045306697)",59.50454088916857,30.3563659394253,0.3720959160083352,47.53478957141716,280.0241493247089
"(91, 880.3078045306697)",59.296230142697326,30.721224266486686,0.3765682001312788,48.86431770428229,282.63160780934965
"(92, 880.3078045306697)",59.087914018642095,31.087585271833593,0.3810589034699564,50.21498079496499,285.2341459155367
"(93, 880.3078045306697)",58.87956070679859,31.455472785341982,0.38556831812123854,51.58696878340986,287.83183083848047
"(94, 880.3078045306697)",58.67114235782765,31.824907924839813,0.39009670293882237,52.98047153762206,290.4247005811055
"(95, 880.3078045306697)",58.462634875602944,32.19590920184878,0.3946442848293683,54.39567869378628,293.0127652549312
"(96, 880.3078045306697)",58.25401771661343,32.568492623329945,0.399211259999657,55.832779502159,295.59600833206144
"(97, 880.3078045306697)",58.045273697656945,32.94267179029778,0.4037977951653601,57.291962678889284,298.17438785745395
"(98, 880.3078045306697)",57.83638880925359,33.318457993275764,0.4084040287210975,58.773416263927466,300.7478376210224
"(99, 880.3078045306697)",57.62735203540863,33.69586030518721,0.4130300718790481,60.27732748516813,303.3162682958214
"(100, 880.3078045306697)",57.418155178847925,34.07488567190335,0.4176760097788625,61.803882628982805,305.8795685445782
"(101, 880.3078045306697)",57.20879269140639,34.45553900070395,0.4223419025720083,63.35326691732127,308.4376060971494
"(102, 880.3078045306697)",56.999261509207074,34.83782324688419,0.42702778648316786,64.92566439149581,310.9902288010933
"(103, 880.3078045306697)",56.789560892357635,35.221739498661684,0.43173367485138364,66.52125780284715,313.5372656475324
"(104, 880.3078045306697)",56.57969226890587,35.60728706057847,0.4364595591519769,68.14022851039827,316.0785277731025
"(105, 880.3078045306697)",56.369659082869745,35.994463535476164,0.4412054100015574,69.78275638568095,318.613809439844
"(106, 880.3078045306697)",56.1594666461705,36.383264905164005,0.44597117814680054,71.4490197248175,321.1428889935487
"(107, 880.3078045306697)",55.94912199432283,36.77368560985331,0.4507567954380757,73.1391951680442,323.6655298013284
"(108, 880.3078045306697)",55.73863374580107,37.165718626393584,0.455562175788481,74.85345762675458,326.1814811688182
"(109, 880.3078045306697)",55.52801196498173,37.55935554535278,0.46038721611867617,76.59198021819152,328.6904792372273
"(110, 880.3078045306697)",55.31726802859061,37.95458664696418,0.4652317972876293,78.35493420788688,331.19224786024364
"(111, 880.3078045306697)",55.10641449563806,38.35140097590434,0.47009578500957444,80.14248895993781,333.6864994609624
"(112, 880.3078045306697)",54.895464980775934,38.74978641493681,0.47497903075634706,81.95481189520196,336.1729358680234
"(113, 880.3078045306697)",54.68443403107089,39.14972975735309,0.4798813726455168,83.79206845747662,338.65124913126243
"(114, 880.3078045306697)",54.473337006176294,39.551216778196114,0.48480263631338094,85.65442208772052,341.12112231599264
"(115, 880.3078045306697)",54.26218996189242,39.95423230421496,0.48974263577243266,87.5420342063678,343.58223027552583
"(116, 880.3078045306697)",54.05100953710091,40.358760282504626,0.4947011742527322,89.4550642037583,346.0342404014087
"(117, 880.3078045306697)",53.83981284408618,40.76478384776614,0.49967804502634244,91.39366943871724,348.47681335059934
"(118, 880.3078045306697)",53.62861736221709,41.172285388136,0.504673032214276,93.35800524528207,350.9096037491031
"(119, 880.3078045306697)",53.41744083499462,41.58124660952237,0.5096859115749481,95.3482249475904,353.33226087116526
"(120, 880.3078045306697)",53.20630117046629,41.99164859836194,0.5147164512737243,97.36447988290487,355.74442929368485
"(17, 880.6144414533236)",92.3699753662585,0.21189501727730414,0.002597322443296814,0.0408108597658304,2.246428792912175
"(18, 880.6144414533236)",92.14835684942153,0.29158245432971086,0.003574098449474251,0.05824020943095919,3.0891625003519985
"(19, 880.6144414533236)",91.87424318326323,0.3935252626195079,0.00482367169258319,0.08104353215103902,4.166751421167315
"(20, 880.6144414533236)",91.53999234124136,0.52263227066638,0.006406212584114236,0.11038049228168573,5.531022824309324
"(21, 880.6144414533236)",91.13732370920994,0.684756054597986,0.00839345960864766,0.1475889712199249,7.243812773910367
"(22, 880.6144414533236)",90.6573227776464,0.8867784891886756,0.010869767971893658,0.1942026207685887,9.37787203052777
"(23, 880.6144414533236)",90.09050177172308,1.1366346798736218,0.013932402950286187,0.25196385559744194,12.017111386571466
"(24, 880.6144414533236)",89.42696373711885,1.4432325425951793,0.017690554133574295,0.3228286642569384,15.255728783080375
"(25, 880.6144414533236)",88.65677403540616,1.8161988953132995,0.022262223118322273,0.4089585761634547,19.195476600687183
"(26, 880.6144414533236)",87.77077495489753,2.2653194908382153,0.027767359659485392,0.512693244436125,23.939644672735152
"(27, 880.6144414533236)",86.76234490327818,2.7993969798549987,0.03431386304831961,0.6364929701847363,29.58079037221708
"(28, 880.6144414533236)",85.63097709839137,3.424011859392287,0.04197013673462424,0.7828323276577939,36.176676190622956
"(29, 880.6144414533236)",84.38851483101872,4.137584818112513,0.050716822166062644,0.954016016812777,43.707950007242026
"(30, 880.6144414533236)",83.06674006679641,4.926200252279682,0.060383347564402036,1.1518949493946211,52.02255293911318
"(31, 880.6144414533236)",81.71943780580928,5.760986228604144,0.0706158125818286,1.3775275948144443,60.80777675970513
"(32, 880.6144414533236)",80.40988986202441,6.604023462959445,0.08094941814490986,1.6309598685622773,69.65426677708906
"(33, 880.6144414533236)",79.18844485779397,7.421584335733268,0.09097074488917019,1.9113183680345383,78.19883333113486
"(34, 880.6144414533236)",78.07936471597257,8.193665477615836,0.10043459969626414,2.2171823029529754,86.22697661116081
"(35, 880.6144414533236)",77.084432501647,8.91378630635014,0.10926154623983649,2.5469853372827824,93.67031017703732
"(36, 880.6144414533236)",76.1933989805882,9.583735039396629,0.1174735037580379,2.899269098091853,100.5495947993576
"(37, 880.6144414533236)",75.39214403012846,10.208809970823694,0.12513541657221813,3.2727828313729344,106.9232721393999
"(38, 880.6144414533236)",74.66680921312121,10.795114464617825,0.13232209722145719,3.6664940798336785,112.8582556567722
"(39, 880.6144414533236)",74.00530258661134,11.348379983562237,0.1391037996320249,4.079563696439943,118.4172511205507
"(40, 880.6144414533236)",73.39757096439452,11.8735836027398,0.1455415307543456,4.511312496944727,123.65466131655504
"(41, 880.6144414533236)",72.83541087393299,12.374907865342752,0.1516865584919427,4.961190225041776,128.61618375731726
"(42, 880.6144414533236)",72.31215833079628,12.855824361505233,0.1575814361765825,5.428749825906456,133.33973857614728
"(43, 880.6144414533236)",71.82238591582013,13.319207922721043,0.16326140231672828,5.913627093139981,137.85672151889204
"(44, 880.6144414533236)",71.36164606738667,13.767446035586547,0.16875572174644468,6.41552486161967,142.19320078617818
"(45, 880.6144414533236)",70.92626547512951,14.202532453055921,0.17408883307387063,6.93420079376792,146.37093970683955
"(46, 880.6144414533236)",70.51318423861444,14.626143584288288,0.1792812850367228,7.46945792650797,150.4082307591398
"(47, 880.6144414533236)",70.11983116829119,15.039699512445052,0.18435048443348956,8.02113731647591,154.3205615645711
"(48, 880.6144414533236)",69.74402718493313,15.444412339123003,0.18931128870971783,8.589112276507176,158.12114249140987
"(49, 880.6144414533236)",69.3839102602079,15.841324420447858,0.19417647464040722,9.173283822826123,161.82132393601154
"(50, 880.6144414533236)",69.03787677257769,16.231338671894118,0.1989571097940942,9.773577041868966,165.43092707262488
"(51, 880.6144414533236)",68.70453541290513,16.61524267887464,0.2036628480705985,10.389938174699504,168.9585070237837
"(52, 880.6144414533236)",68.38267067315172,16.993727984547736,0.20830216612306657,11.022332242466517,172.4115634315152
"(53, 880.6144414533236)",68.07121373453731,17.367405603607683,0.2128825535196778,11.67074110181684,175.7967098610715
"(54, 880.6144414533236)",67.76921908241522,17.736818576545264,0.21741066662863473,12.335161833245945,179.11981092592399
"(55, 880.6144414533236)",67.475845590028,18.102452189845636,0.22189245389315518,13.015605391913436,182.38609395591476
"(56, 880.6144414533236)",67.19034111270057,18.464742345513,0.22633325842169688,13.712095466101756,185.6002404812316
"(57, 880.6144414533236)",66.91202985835882,18.824082454891766,0.2307379024895877,14.424667500787894,188.7664616221918
"(58, 880.6144414533236)",66.64030196844004,19.180829149037766,0.2351107575344275,15.153367853175183,191.8885605726725
"(59, 880.6144414533236)",66.37460487005231,19.535307034620175,0.23945580245197964,15.898253054216823,194.9699846747906
"(60, 880.6144414533236)",66.11443605624191,19.887812675811514,0.24377667240456058,16.65938915569611,198.01386905319586
"(61, 880.6144414533236)",65.85933702458233,20.23861794514339,0.24807669989444722,17.43685114666731,201.02307336846513
"(62, 880.6144414533236)",65.60888816061997,20.587972857237045,0.252358949498597,18.23072242644972,204.00021293200473
"(63, 880.6144414533236)",65.36270439628697,20.936107976634247,0.25662624738284484,19.041094323963954,206.9476851773424
"(64, 880.6144414533236)",65.12043150715522,21.283236473234,0.2608812064966158,19.86806565525177,209.8676922894347
"(65, 880.6144414533236)",64.88174293906931,21.62955588475094,0.2651262481764061,20.711742312616934,212.7622606398642
"(66, 880.6144414533236)",64.64633707541343,21.975249634583623,0.26936362075120707,21.572236880190264,215.63325755547885
"(67, 880.6144414533236)",64.41393487290036,22.320488344581925,0.2735954156338593,22.449668271644175,218.48240585095675
"(68, 880.6144414533236)",64.18427780692015,22.66543097512437,0.2778235812956562,23.34416138669031,221.311296478546
"(69, 880.6144414533236)",63.95712607794716,23.01022581925446,0.2820499354520631,24.255846783571943,224.12139958649254
"(70, 880.6144414533236)",63.73225703905592,23.355011372981245,0.2862761757305086,25.184860365348523,226.91407422696687
"(71, 880.6144414533236)",63.509463811410484,23.699917100129813,0.2905038890455988,26.13134307814059,229.69057691376767
"(72, 880.6144414533236)",63.28855406013041,24.04506410709059,0.2947345598699285,27.095440619889988,232.4520691969583
"(73, 880.6144414533236)",63.06934890750015,24.39056574031224,0.2989695775578994,28.077303158419298,235.19962439426638
"(74, 880.6144414533236)",62.85168196418606,24.73652811734139,0.3032102428549893,29.077085057831205,237.93423359684178
"(75, 880.6144414533236)",62.63539846215451,25.083050600538677,0.30745777370436805,30.094944612469764,240.65681104868466
"(76, 880.6144414533236)",62.420354475555804,25.430226221177648,0.3117133104453351,31.13104378778044,243.36819898360483
"(77, 880.6144414533236)",62.20641621787214,25.778142060503075,0.31597792048416234,32.18554796757729,246.06917199116603
"(78, 880.6144414533236)",61.99345940537901,26.126879593351106,0.32025260250606347,33.25862570728703,248.76044097256332
"(79, 880.6144414533236)",61.78136867844717,26.476514999114148,0.3245382902868743,34.350448492854674,251.44265673833772
"(80, 880.6144414533236)",61.57003707336724,26.827119444187314,0.32883585615514777,35.46119050502053,254.11641329287042
"(81, 880.6144414533236)",61.35936553848446,27.178759339419898,0.33314611414791107,36.59102838881804,256.7822508438898
"(82, 880.6144414533236)",61.14926248918302,27.53149657567289,0.337469822898019,37.74014102806604,259.440658570625
"(83, 880.6144414533236)",60.939643397109776,27.88538874011481,0.34180768828542957,38.908709324871566,262.0920771790538
"(84, 880.6144414533236)",60.73043040954109,28.240489315596136,0.3461603658810439,40.09691598393792,264.7369012696757
"(85, 880.6144414533236)",60.52155199539332,28.596847865113716,0.3505284632078037,41.304945301733156,267.37548153949876
"(86, 880.6144414533236)",60.312942614809245,28.954510203135516,0.3549125418407169,42.53298296048224,270.00812683736
"(87, 880.6144414533236)",60.10454240970553,29.313518555308345,0.3593131193644876,43.78121582700722,272.6351060890024
"(88, 880.6144414533236)",59.896296912535725,29.673911708107656,0.3637306712078653,45.04983175645673,275.2566501087001
"(89, 880.6144414533236)",59.68815677237642,30.035725149076146,0.36816563236263433,46.33901940097805,277.87295330435285
"(90, 880.6144414533236)",59.480077494660875,30.39899119961612,0.3726183990113206,47.64896802342922,280.4841752971565
"(91, 880.6144414533236)",59.27201919483581,30.76373914038261,0.3770893300642173,48.97986731620027,283.09044245630844
"(92, 880.6144414533236)",59.063946363481314,31.129995330624876,0.38157874862221874,50.331907225275835,285.69184936313746
"(93, 880.6144414533236)",58.85582764200485,31.497783322053916,0.38608694337256316,51.705277779645066,288.28846021080557
"(94, 880.6144414533236)",58.647635607787784,31.867123967873155,0.39061416992528813,53.10016892619049,290.88031014632077
"(95, 880.6144414533236)",58.439346568210226,32.23803552764555,0.39516065209864865,54.51677037019949,293.4674065619831
"(96, 880.6144414533236)",58.23094036160645,32.61053376823158,0.3997265831563691,55.95527142164117,296.04973033865036
"(97, 880.6144414533236)",58.022400166362424,32.98463206167652,0.40431212700751107,57.41586084735708,298.6272370501675
"(98, 880.6144414533236)",57.813712315615625,33.36034148000195,0.40891741936838627,58.89872672932386,301.1998581283021
"(99, 880.6144414533236)",57.604866118191104,33.73767088749357,0.41354256889378266,60.404056329141426,303.76750199442955
"(100, 880.6144414533236)",57.395853684922216,34.11662703069486,0.418187658280069,61.93203595891927,306.33005516005704
"(101, 880.6144414533236)",57.186669760023065,34.49721462636762,0.42285274534338296,63.48285085868871,308.88738329887894
"(102, 880.6144414533236)",56.97731155718457,34.87943644762997,0.42753786407547323,65.05668508053019,311.4393322924397
"(103, 880.6144414533236)",56.76777860010677,35.26329340845235,0.432243025679452,66.6537213795443,313.98572925126086
"(104, 880.6144414533236)",56.55807256722839,35.64878464666711,0.4369682195871095,68.27414111183249,316.5263835127232
"(105, 880.6144414533236)",56.34819714047973,36.03590760557958,0.4417134144596394,69.91812413960746,319.0610876172084
"(106, 880.6144414533236)",56.13815785787247,36.42465811432151,0.4464785591722059,71.58584874360979,321.589618262707
"(107, 880.6144414533236)",55.927961969814966,36.81503046697244,0.4512635837839747,73.27749154289899,324.111737239251
"(108, 880.6144414533236)",55.71761829904208,37.20701750052343,0.4560684004937086,74.99322742221136,326.62719234306655
"(109, 880.6144414533236)",55.50713710409984,37.60061067169462,0.4608929045813786,76.73322946692808,329.1357182708026
"(110, 880.6144414533236)",55.2965299462927,37.99580013263607,0.46573697533606884,78.49766890580649,331.6370374939261
"(111, 880.6144414533236)",55.08580956008182,38.39257480549317,0.47060047696996954,80.28671506153867,334.1308611130387
"(112, 880.6144414533236)",54.87498972688347,38.790922455829524,0.47548325951836196,82.10053530921768,336.61688969195035
"(113, 880.6144414533236)",54.66408515225787,39.190829764874394,0.48038515972520573,83.9392950427876,339.09481407109007
"(114, 880.6144414533236)",54.45311134646905,39.592282400559746,0.48530600191390266,85.80315764954476,341.5643161598123
"(115, 880.6144414533236)",54.24208450840603,39.99526508730718,0.4902455988425694,87.69228449269465,344.0250697070047
"(116, 880.6144414533236)",54.031021412878815,40.399761674487216,0.4952037525434877,89.60683490206095,346.4767410496124
"(117, 880.6144414533236)",53.81993930125558,40.805755203536634,0.5001802551454977,91.54696617290053,348.91898983803287
"(118, 880.6144414533236)",53.608855775465315,41.21322797363096,0.5051748896791312,93.51283357288848,351.35146973814403
"(119, 880.6144414533236)",53.39778869534562,41.62216160587242,0.5101874308633806,95.5045903572407,353.77382910902134
"(120, 880.6144414533236)",53.1867560793325,42.032537105921165,0.5152176458733954,97.52238779198083,356.18571165571547
"(17, 880.9187475890828)",92.35725378112969,0.21637936398747507,0.0026522897308881867,0.04160957091851346,2.2948421770588934
"(18, 880.9187475890828)",92.1316814997086,0.29764754568318547,0.003648441858278468,0.059339095376463064,3.1546417370697912
"(19, 880.9187475890828)",91.85273596059727,0.40163228275223317,0.004923044228924612,0.0825264626333997,4.2542754938365315
"(20, 880.9187475890828)",91.5126189624555,0.5333681696994185,0.006537808842798113,0.11234988036040078,5.646928497414144
"(21, 880.9187475890828)",91.10286660130143,0.6988634747504555,0.008566382594047949,0.15016934896149267,7.396117677156146
"(22, 880.9187475890828)",90.61435245231495,0.9051879565549863,0.011095423692237425,0.19754453815884976,9.57662220477718
"(23, 880.9187475890828)",90.03735018427028,1.160495939408742,0.014224884508900582,0.25624786720524145,12.274719578974805
"(24, 880.9187475890828)",89.36170809995498,1.4739388171411019,0.018066939086146167,0.32826900283174193,15.587236349704389
"(25, 880.9187475890828)",88.57725194931122,1.8553910513511773,0.022742624534959587,0.41580584237862533,19.61859847984672
"(26, 880.9187475890828)",87.67468131964577,2.3148409311329985,0.028374373217211757,0.5212349176650654,24.47428240046633
"(27, 880.9187475890828)",86.64752207267536,2.8611344916069017,0.03507061621281992,0.6470494509433546,30.24731386043135
"(28, 880.9187475890828)",85.49609468939946,3.499500507994095,0.04289544570954467,0.7957441965246196,36.991658115202966
"(29, 880.9187475890828)",84.23430894880889,4.227244544030097,0.05181583440985141,0.9696159273949339,44.67592402621468
"(30, 880.9187475890828)",82.89744451100701,5.02835151662855,0.06163547597645106,1.1704597890502704,53.12538651518201
"(31, 880.9187475890828)",81.5429150788639,5.871498554093522,0.07197042746113368,1.399221999695059,62.00087682281775
"(32, 880.9187475890828)",80.23517675977003,6.717532457380007,0.08234076496614584,1.655804666221034,70.87971888328318
"(33, 880.9187475890828)",79.02241935000345,7.533518097921856,0.0923427831580782,1.9392099701091885,79.4072789183953
"(34, 880.9187475890828)",77.92542671171142,8.301304272934138,0.10175399201818285,2.247945925185943,87.38905328566122
"(35, 880.9187475890828)",76.94327917993719,9.01604356594284,0.11051497389822502,2.580425078622771,94.7742873176418
"(36, 880.9187475890828)",76.06429793284343,9.680502034418927,0.11865963399918893,2.935197573768548,101.59429859817591
"(37, 880.9187475890828)",75.27382637612263,10.300432720860828,0.12625849076266274,3.3110332851733264,107.91243826995931
"(38, 880.9187475890828)",74.557924721208,10.88209770855035,0.1333883022439247,3.7069228278201933,113.797333327932
"(39, 880.9187475890828)",73.90460665083107,11.431247037981645,0.1401195500872225,4.1220484734836145,119.31189010209819
"(40, 880.9187475890828)",73.3039813903131,11.95281916053571,0.146512767809443,4.5557495333500535,124.51009439115457
"(41, 880.9187475890828)",72.74800978566412,12.450939862757854,0.15261852761435224,5.007491247630102,129.43703095729492
"(42, 880.9187475890828)",72.23017438598646,12.92902269791689,0.15847867144156,5.476839403028959,134.12999336285182
"(43, 880.9187475890828)",71.74517181469454,13.389889649410508,0.16412779000918426,5.963440418047961,138.61980680140664
"(44, 880.9187475890828)",71.2886571474907,13.835882414078135,0.1695945868791801,6.467005947636602,142.93204512385861
"(45, 880.9187475890828)",70.85704124308592,14.268955970508848,0.1749030253793816,6.9873010186698705,147.08805304807655
"(46, 880.9187475890828)",70.447333100846,14.690754222612622,0.18007325581145792,7.524134860467373,151.10577212325066
"(47, 880.9187475890828)",70.05701804832592,15.10267009201981,0.18512235203895983,8.077353775911503,155.0003967329943
"(48, 880.9187475890828)",69.68396355984518,15.505892971716483,0.19006489315457503,8.646835556625753,158.78489208175532
"(49, 880.9187475890828)",69.32634615706323,15.901446180848941,0.19491342258579397,9.232485071301413,162.47040304127785
"(50, 880.9187475890828)",68.98259432778637,16.290216613296824,0.19967881151500003,9.8342307443478,166.06657781552258
"(51, 880.9187475890828)",68.65134366996139,16.672978308699534,0.2043705478034603,10.452021729256323,169.58182528586272
"(52, 880.9187475890828)",68.33140136020991,17.050411301227044,0.20899696703185355,11.085825605165773,173.02352084245146
"(53, 880.9187475890828)",68.02171781861092,17.42311677769884,0.21356543830228863,11.735626489470574,176.39817194809507
"(54, 880.9187475890828)",67.72136394130032,17.791629343875712,0.21808251459349454,12.401423472474782,179.7115521543043
"(55, 880.9187475890828)",67.42951267777308,18.156427011169885,0.2225540551738264,13.083229305889668,182.9688102487091
"(56, 880.9187475890828)",67.14542402142169,18.517939376324172,0.22698532586442352,13.781069292154333,186.1745596894335
"(57, 880.9187475890828)",66.86843270004222,18.87655436032243,0.2313810816420228,14.494980333433004,189.33295232246505
"(58, 880.9187475890828)",66.59793801658286,19.232623791800513,0.2357456350781218,15.225010108206138,192.44773949440585
"(59, 880.9187475890828)",66.33339541339338,19.586468058476356,0.24008291335431037,15.971216350351197,195.52232299926618
"(60, 880.9187475890828)",66.07430942656073,19.93838000268207,0.24439650601209884,16.733666210896523,198.55979778042936
"(61, 880.9187475890828)",65.82022776818187,20.288628200478577,0.2486897051469838,17.512435686837865,201.56298790954136
"(62, 880.9187475890828)",65.57073632894384,20.63745973556417,0.2529655394098609,18.307609104588085,204.53447705554336
"(63, 880.9187475890828)",65.32545493587403,20.985102556966456,0.25722680290666805,19.119278648201767,207.47663441468407
"(64, 880.9187475890828)",65.08403373278824,21.33176749229249,0.26147607987603283,19.94754392447963,210.39163688441823
"(65, 880.9187475890828)",64.84615007693426,21.67764997454624,0.26571576585558715,20.792511558621168,213.28148811355666
"(66, 880.9187475890828)",64.61150586539863,22.022931529749584,0.26994808591723596,21.654294815395403,216.1480349448862
"(67, 880.9187475890828)",64.37982522117125,22.367781063940107,0.27417511044203174,22.533013241696423,218.99298166899666
"(68, 880.9187475890828)",64.15085248125801,22.712355981232108,0.27839876882528236,23.428792327264603,221.81790243664574
"(69, 880.9187475890828)",63.92435043974628,23.05680315904601,0.28262086143014553,24.341763180839116,224.6242521127524
"(70, 880.9187475890828)",63.70009880675915,23.40125980212366,0.28684307005639814,25.272062219666427,227.41337580902336
"(71, 880.9187475890828)",63.477892851074664,23.745854193323073,0.2910669671427789,26.21983087056818,230.1865172894013
"(72, 880.9187475890828)",63.25754219944034,24.09070635616864,0.2952940238885548,27.18521528120091,232.9448264132455
"(73, 880.9187475890828)",63.03886977013748,24.43592864174098,0.2995256174473118,28.168366040314478,235.68936575221818
"(74, 880.9187475890828)",62.82171082191722,24.781626250467877,0.30376303732285986,29.169437906125882,238.42111649618369
"(75, 880.9187475890828)",62.60591210239419,25.127897697747677,0.3080074910766522,30.18858954202441,241.14098374527566
"(76, 880.9187475890828)",62.391331082483134,25.474835230950188,0.31226010943921473,31.225983259003804,243.8498012702192
"(77, 880.9187475890828)",62.177835265438986,25.822525204236282,0.31652195090452634,32.2817847643401,246.5483358109284
"(78, 880.9187475890828)",61.965301560807944,26.17104841666876,0.32079400587444706,33.356162916103926,249.23729097289888
"(79, 880.9187475890828)",61.75361571497068,26.520480418316872,0.32507720041081906,34.449289483217946,251.9173107724461
"(80, 880.9187475890828)",61.54267179117089,26.870891788383254,0.32937239964463805,35.56133891078097,254.58898287458445
"(81, 880.9187475890828)",61.3323716928922,27.222348388838387,0.3336804108849994,36.692488090520726,257.2528415613035
"(82, 880.9187475890828)",61.122624725316726,27.57491159656377,0.3380019864646056,37.84291613615112,259.9093704628714
"(83, 880.9187475890828)",60.91334719029554,27.928638516614118,0.34233782635385934,39.01280416368404,262.5590050803267
"(84, 880.9187475890828)",60.704462010849895,28.283582178880067,0.3466885805714667,40.20233507647148,265.2021351239818
"(85, 880.9187475890828)",60.495898381788024,28.639791720119735,0.3510548514157094,41.41169335505635,267.839106689142
"(86, 880.9187475890828)",60.28759144340173,28.997312553111495,0.35543719553784797,42.64106485180731,270.4702242879697
"(87, 880.9187475890828)",60.07948197566564,29.356186524429845,0.35983612587607555,43.89063659034183,273.0957527537182
"(88, 880.9187475890828)",59.87151611058836,29.716452062212547,0.36425211346678305,45.160596569814956,275.7159190320201
"(89, 880.9187475890828)",59.663645060774854,30.07814431506755,0.36868558914723043,46.451133574115474,278.3309138716059
"(90, 880.9187475890828)",59.4558248623916,30.441295283185294,0.37313694516266166,47.76243698605891,280.9408934258493
"(91, 880.9187475890828)",59.248016131012406,30.805933942566917,0.3776065366890451,49.094696606685595,283.54598077487907
"(92, 880.9187475890828)",59.04018382899935,31.17208636317829,0.3820946832813585,50.448102479764096,286.1462673768975
"(93, 880.9187475890828)",58.83229704321418,31.539775821758703,0.38660167025635117,51.822844721617976,288.74181445645445
"(94, 880.9187475890828)",58.6243287719852,31.909022909897786,0.39112775001730543,53.219113356426675,291.33265433615395
"(95, 880.9187475890828)",58.416255720806625,32.27984563802845,0.39567314332873704,54.63709815712036,293.91879171866634
"(96, 880.9187475890828)",58.2080581047838,32.6522595355873,0.4002380405441331,56.07698849203777,296.50020492160854
"(97, 880.9187475890828)",57.999719459136635,33.02627774817404,0.40482260279687204,57.53897317747656,299.0768470740967
"(98, 880.9187475890828)",57.79122645514911,33.40191113169575,0.40942696315422716,59.02324033630532,301.64864727471803
"(99, 880.9187475890828)",57.58256872226285,33.779168344059485,0.414051227741278,60.52997726280841,304.2155117167603
"(100, 880.9187475890828)",57.37373867545995,34.158055934621565,0.41869547683735636,62.05937029388997,306.77732478288783
"(101, 880.9187475890828)",57.16473134760329,34.538578431654976,0.42335976594817903,63.61160468682488,309.33395011185223
"(102, 880.9187475890828)",56.95554422643486,34.92073842803036,0.4280441268560952,65.18686450369731,311.8852316392366
"(103, 880.9187475890828)",56.74617709592627,35.304536665300496,0.43274856865075473,66.7853325027012,314.43099461408985
"(104, 880.9187475890828)",56.53663188177815,35.68997211631978,0.43747307874182706,68.40719003640847,316.97104659278205
"(105, 880.9187475890828)",56.32691250087006,36.0770420665183,0.4422176238552242,70.05261695720684,319.5051784111574
"(106, 880.9187475890828)",56.11702471450621,36.465742193920875,0.4469821510139452,71.72179152998933,322.03316513588953
"(107, 880.9187475890828)",55.90697598533654,36.85606664797632,0.45176658850432183,73.41489035227079,324.5547669955489
"(108, 880.9187475890828)",55.696775337856465,37.248008127240226,0.45657084682827276,75.13208828180304,327.06973029184593
"(109, 880.9187475890828)",55.48643322240773,37.641557955946084,0.46139481964173257,76.8735583718577,329.5777882910281
"(110, 880.9187475890828)",55.2759613826236,38.03670615946092,0.46623838467973105,78.63947181422354,332.07866209580214
"(111, 880.9187475890828)",55.06537272628887,38.43344153862871,0.47110140466766187,80.42999789004097,334.57206149725346
"(112, 880.9187475890828)",54.85468119956904,38.831751742991464,0.475983728218629,82.24530392855362,337.05768580658344
"(113, 880.9187475890828)",54.64390166460236,39.231623342840685,0.48088519071675845,84.08555527381935,339.53522466652475
"(114, 880.9187475890828)",54.43304978044729,39.63304190007091,0.4858056151856624,85.95091525947569,342.004358841622
"(115, 880.9187475890828)",54.22214188736461,40.03599203779089,0.49074481314169455,87.84154519156287,344.46476098705716
"(116, 880.9187475890828)",54.01119489445638,40.44045750862725,0.49570258543120066,89.75760433947734,346.9160963952463
"(117, 880.9187475890828)",53.800226170627205,40.846421261678735,0.5006787230512088,91.69924993504976,349.3580237197224
"(118, 880.9187475890828)",53.58925343889482,41.25386550804467,0.5056730079526485,93.66663717976628,351.7901956754851
"(119, 880.9187475890828)",53.3782946740357,41.66277178486857,0.5106852138253798,95.65991926013113,354.2122597151854
"(120, 880.9187475890828)",53.16736800355271,42.07312101783395,0.5157151068642314,97.67924737116715,356.6238586804416
"(17, 881.2195686005418)",92.34439610914747,0.22091965198294855,0.0027079427238712026,0.04241577293102681,2.3438763459937304
"(18, 881.2195686005418)",92.11482986133694,0.30378995307630874,0.0037237329754694986,0.06044790239264726,3.2209784638341965
"(19, 881.2195686005418)",91.8310000918062,0.40984645435801187,0.005023730184351563,0.08402249991268257,4.342986845907123
"(20, 881.2195686005418)",91.48494830302292,0.5442527576234527,0.00667122766908492,0.11433657384231613,5.7644797947446955
"(21, 881.2195686005418)",91.06802200763315,0.7131770293907258,0.008741832291677574,0.1527725720136973,7.550701108836701
"(22, 881.2195686005418)",90.5708762832712,0.9238821870556012,0.011324569922598967,0.200916586549654,9.77851603522968
"(23, 881.2195686005418)",89.98353852109165,1.1847480529766563,0.014522156996364952,0.2605715174580103,12.536637406028053
"(24, 881.2195686005418)",89.29559439681972,1.5051762505415993,0.018449834766679992,0.33376123415754805,15.924594199687474
"(25, 881.2195686005418)",88.49662532241783,1.895294289061891,0.023231742099864883,0.42272050845616055,20.04954524262582
"(26, 881.2195686005418)",87.57719596176663,2.3652918252866133,0.028992779640134626,0.5298630734383774,25.01914169357163
"(27, 881.2195686005418)",86.53102211501337,2.9240375298098487,0.035841655923783446,0.6577148182079736,30.92665375287753
"(28, 881.2195686005418)",85.35936796911898,3.576343089023982,0.04383735063432488,0.8087890310927243,37.82154218347774
"(29, 881.2195686005418)",84.07842588477546,4.318266056517574,0.05293153887635666,0.9853702956958457,45.65893755828998
"(30, 881.2195686005418)",82.72718680713537,5.131538601245683,0.06290030104963151,1.189190605833725,54.239785549966776
"(31, 881.2195686005418)",81.36661813702874,5.982385306066871,0.07332963190711463,1.4210761643758127,63.19843043044826
"(32, 881.2195686005418)",80.06189834145066,6.830661130220677,0.08372744996103096,1.680782802962116,72.10148453172104
"(33, 881.2195686005418)",78.85864239335683,7.644492126694103,0.09370305740735797,1.9671931319358726,80.60577469312793
"(34, 881.2195686005418)",77.7740878612773,8.407661190315467,0.10305767160472523,2.2787517735841343,88.53768513890815
"(35, 881.2195686005418)",76.80475766832886,9.116895256937058,0.1117511726717007,2.6138563181267935,95.86346385423397
"(36, 881.2195686005418)",75.93769996838525,9.775854564471354,0.11982842630734486,2.9710687794501895,102.62408535719007
"(37, 881.2195686005418)",75.15782149702119,10.39068730020401,0.1273647944764082,3.3491809903887546,108.88716825300834
"(38, 881.2195686005418)",74.45115186464332,10.967780733052457,0.13443856970848497,3.7472068965293333,114.72269150525568
"(39, 881.2195686005418)",73.80583247827421,11.5128867643764,0.14112025645754836,4.164349980255267,120.19358153606333
"(40, 881.2195686005418)",73.21214279182949,12.030897631553463,0.14746982176813705,4.599967679630046,125.35332504048648
"(41, 881.2195686005418)",72.66220931557861,12.525879345913953,0.15353710514388377,5.053540338883357,130.24636122018592
"(42, 881.2195686005418)",72.14965982421859,13.001186580535817,0.15936322679510226,5.524646223514715,134.90934774365562
"(43, 881.2195686005418)",71.66931278022867,13.45958860543213,0.16498213130080602,6.01294206058335,139.37254051111086
"(44, 881.2195686005418)",71.21692356413897,13.90338185916613,0.17042196746551735,6.518148056211045,143.66102459380772
"(45, 881.2195686005418)",70.78898504799355,14.334483199691796,0.1757062313499166,7.040036375593442,147.79573301500704
"(46, 881.2195686005418)",70.38257325050887,14.754504677333477,0.18085468280745054,7.578422250872834,151.79426331209655
"(47, 881.2195686005418)",69.99522842072291,15.164812650208717,0.18588407009699562,8.133157072037594,155.67152298854975
"(48, 881.2195686005418)",69.6248632502473,15.566574330163215,0.19080870042389397,8.704122975435856,159.440237697338
"(49, 881.2195686005418)",69.26969169777766,15.96079445525626,0.19564088945627434,9.291228568765593,163.11135163851878
"(50, 881.2195686005418)",68.92817343459305,16.348344287719268,0.2003913167701678,9.89440551781573,166.6943441976861
"(51, 881.2195686005418)",68.59897019442374,16.729984653381173,0.2050693082573605,10.513605805811064,170.19748154995168
"(52, 881.2195686005418)",68.28091119412768,17.10638435964766,0.20968306188544586,11.148799498666518,173.6280178388668
"(53, 881.2195686005418)",67.9729655521829,17.478135005562283,0.21423982923349788,11.799972912846375,176.99235698135035
"(54, 881.2195686005418)",67.67422012029247,17.845762966815872,0.21874606239941313,12.467127094715686,180.29618364596234
"(55, 881.2195686005418)",67.38386153903525,18.209739154683867,0.22320753362097578,13.15027654546477,183.54456994040245
"(56, 881.2195686005418)",67.10116161243334,18.57048701067258,0.2276294332709546,13.849448140223501,186.74206284759296
"(57, 881.2195686005418)",66.82546530852323,18.928389094507576,0.23201645060997328,14.564680201655486,189.89275631309408
"(58, 881.2195686005418)",66.55618085183582,19.283792543927714,0.23637284071043527,15.296021696882297,193.00035102285204
"(59, 881.2195686005418)",66.29277149315467,19.637013624410216,0.240702480225187,16.043531533548137,196.06820425157161
"(60, 881.2195686005418)",66.03474863262484,19.98834154059915,0.24500891410645326,16.80727793577101,199.09937165640494
"(61, 881.2195686005418)",65.78166604124102,20.338041645621118,0.24929539494431183,17.587337884921684,202.09664250200646
"(62, 881.2195686005418)",65.53311497903925,20.68635815670705,0.25356491625367833,18.383796613206837,205.0625695000921
"(63, 881.2195686005418)",65.28872004911932,21.033516464108274,0.2578202407760575,19.19674714047738,207.99949421268784
"(64, 881.2195686005418)",65.04813565885952,21.379725103243885,0.2620639246533132,20.026289846694056,210.9095687820635
"(65, 881.2195686005418)",64.81104298449426,21.725177446795126,0.26629833816866644,20.872532073885168,213.79477460614828
"(66, 881.2195686005418)",64.57714735498354,22.070053162871993,0.27052568362031537,21.73558775272695,216.65693846253401
"(67, 881.2195686005418)",64.34617598682877,22.414519476904516,0.2747480107891772,22.615577049834087,219.4977464916617
"(68, 881.2195686005418)",64.11787601380341,22.758732268231356,0.2789672303804196,23.512626032528537,222.3187563769928
"(69, 881.2195686005418)",63.89201276559117,23.10283702690302,0.28318512575156796,24.42686634857655,225.12140800031034
"(70, 881.2195686005418)",63.66836825734142,23.44696969183242,0.2874033631862073,25.35843491880738,227.90703280248704
"(71, 881.2195686005418)",63.44673985864121,23.79125738786208,0.29162350092865413,26.307473640932994,230.6768620411953
"(72, 881.2195686005418)",63.22693911565233,24.135819076423118,0.2958469971594731,27.274129103208733,233.43203410542787
"(73, 881.2195686005418)",63.00879070448924,24.480766132072347,0.3000752170624191,28.258552306862796,236.17360102059607
"(74, 881.2195686005418)",62.79213149737621,24.82620285526794,0.3043094391098435,29.260898396362155,238.90253425708698
"(75, 881.2195686005418)",62.5768097261391,25.172226930077837,0.3085508606730913,30.281326396816663,241.61972993685072
"(76, 881.2195686005418)",62.36268422980586,25.518929834266018,0.3128006030491737,31.319998957952464,244.32601351902971
"(77, 881.2195686005418)",62.1496237752657,25.86639720800258,0.3170597159802645,32.37708210414149,247.02214403259748
"(78, 881.2195686005418)",61.93750644141279,26.214709186605948,0.32132918173231445,33.45274499016406,249.70881791475117
"(79, 881.2195686005418)",61.72621905871778,26.56394070188764,0.32560991878881934,34.54715966238114,252.3866725047597
"(80, 881.2195686005418)",61.51565669722606,26.914161756072218,0.3299027852084113,35.66050082507422,255.05628923639918
"(81, 881.2195686005418)",61.30572219703211,27.265437671682633,0.33420858168785733,36.79294561183362,257.71819656573894
"(82, 881.2195686005418)",61.096325736024504,27.61782932035884,0.3385280543668174,37.94467336175737,260.3728726665502
"(83, 881.2195686005418)",60.887384430469474,27.971393333150317,0.3428618974055303,39.11586540054814,263.02074792071653
"(84, 881.2195686005418)",60.678821964537924,28.326182294518894,0.3472107553628202,40.30670482627497,265.66220722801773
"(85, 881.2195686005418)",60.47056824538857,28.682244922004532,0.3515752253983641,41.51737629989328,268.29759215629144
"(86, 881.2195686005418)",60.26255908090429,29.039626233239545,0.3559558593198811,42.748065840492146,270.9272029502087
"(87, 881.2195686005418)",60.05473587748744,29.39836770181952,0.360353165493743,43.99896062530659,273.55130041492924
"(88, 881.2195686005418)",59.8470453556761,29.758507403342854,0.36476761063505964,45.270248794536656,276.170107688741
"(89, 881.2195686005418)",59.639439281624774,30.120080152773387,0.3691996214914138,46.562119261058605,278.78381191708837
"(90, 881.2195686005418)",59.431874212720196,30.483117634151863,0.3736495864328181,47.87476152510335,281.3925658389955
"(91, 881.2195686005418)",59.224311255816524,30.8476485235627,0.3781178569589845,49.208365494003196,283.9964892955545
"(92, 881.2195686005418)",59.0167158367818,31.21369860614547,0.38260474913364556,50.56312130712685,286.59567066894283
"(93, 881.2195686005418)",58.80905748017727,31.58129088787396,0.3871105449544986,51.93921916613043,289.1901682593935
"(94, 881.2195686005418)",58.60130959800493,31.950445702686967,0.39163549366676725,53.33684917064428,291.7800116070446
"(95, 881.2195686005418)",58.393449287037726,32.32118081563939,0.3961798130271859,54.756201159556475,294.36520276450364
"(96, 881.2195686005418)",58.185457132739394,32.69351152228668,0.4007436905224173,56.19746455803891,296.9457175235147
"(97, 881.2195686005418)",57.97731702112,33.067450745142736,0.4053272845513496,57.66082823044599,299.52150660392334
"(98, 881.2195686005418)",57.76901595591926,33.443009127185206,0.40993072557125265,59.14648033928703,302.09249680471936
"(99, 881.2195686005418)",57.560543881837255,33.82019512296168,0.4145541172145077,60.65460821039482,304.6585921229521
"(100, 881.2195686005418)",57.35189351294606,34.19901508751004,0.4191975373786092,62.18539820446389,307.21967484272363
"(101, 881.2195686005418)",57.14306016598523,34.57947336334339,0.42386103929219726,63.73903559512176,309.7756065965256
"(102, 881.2195686005418)",56.93404159823978,34.9615723656747,0.4285446525600716,65.3157044536927,312.32622940136275
"(103, 881.2195686005418)",56.724837849694424,35.34531266610558,0.43324838418865574,66.91558754078346,314.8713666708255
"(104, 881.2195686005418)",56.515451089278606,35.73069307486689,0.4379722195942459,68.5388662048826,317.4108242049806
"(105, 881.2195686005418)",56.30588546501031,36.11771072174827,0.4427161235949778,70.18572028807999,319.94439115879055
"(106, 881.2195686005418)",56.0961469578741,36.50636113580396,0.44748004138782516,71.8563280390602,322.47184099007166
"(107, 881.2195686005418)",55.886243239347486,36.89663832388419,0.45226389951121515,73.55086603349744,324.99293238737437
"(108, 881.2195686005418)",55.676183532443716,37.288534848053814,0.45706760679397546,75.26950910197232,327.5074101782968
"(109, 881.2195686005418)",55.4659784762298,37.68204190190783,0.4618910552907991,77.01243026552334,330.0150062182837
"(110, 881.2195686005418)",55.255639993762166,38.07714938579474,0.4667341212042894,78.7798006789292,332.5154402598677
"(111, 881.2195686005418)",55.04518116338726,38.47384598094783,0.4715966657936325,80.57178958181552,335.0084208023032
"(112, 881.2195686005418)",54.83461609339941,38.872119222496124,0.47647853626953973,82.38856425767187,337.49364592118957
"(113, 881.2195686005418)",54.62395980003298,39.27195557132804,0.4813795666751196,84.23029000083959,339.97080407772506
"(114, 881.2195686005418)",54.41322808878368,39.673340484765845,0.4862995787521776,86.09713009151866,342.43957490710056
"(115, 881.2195686005418)",54.20243743905063,40.076258486004804,0.4912383827923724,87.98924577886939,344.89962998545286
"(116, 881.2195686005418)",53.991604892101336,40.480693232261125,0.49619577847254476,89.9067962722027,347.3506335747832
"(117, 881.2195686005418)",53.78074794236309,40.88662758156823,0.5011715556734819,91.84993874030671,349.79224334514146
"(118, 881.2195686005418)",53.56988443203271,41.29404365816124,0.5061654952813687,93.81882831891431,352.224111073413
"(119, 881.2195686005418)",53.35903244900956,41.702922916381596,0.5111773699711086,95.8136181262986,354.6458833180013
"(120, 881.2195686005418)",53.148210228141345,42.1132462030367,0.5162069449707297,97.83445928700426,357.05720206870575
"(17, 881.5157633705652)",92.33145510970465,0.22549743810162196,0.002764055353509227,0.04322612884744626,2.3933322360997376
"(18, 881.5157633705652)",92.09787078208856,0.30998487768802846,0.003799667827243371,0.0615620535818151,3.2879050317052023
"(19, 881.5157633705652)",91.80912392681935,0.4181348460319002,0.005125325899012692,0.085525487423679,4.432530084967422
"(20, 881.5157633705652)",91.45709216900757,0.5552427427525337,0.006805938411196932,0.11633242362514222,5.883209570374174
"(21, 881.5157633705652)",91.03292975518148,0.72764029500985,0.008919117085244605,0.15538799945530124,7.706954306535548
"(22, 881.5157633705652)",90.52706736399657,0.9427882139562476,0.01155631226659935,0.204305032725017,9.982766396714934
"(23, 881.5157633705652)",89.9292791479069,1.2092973622056151,0.014823072386670681,0.26491726414329936,12.801854706289852
"(24, 881.5157633705652)",89.22888116747468,1.5368254917806574,0.01883777821924326,0.3392831589465379,16.266515288195087
"(25, 881.5157633705652)",88.41520703081895,1.935757489390325,0.023727723457478027,0.4296747229307634,20.486687533733647
"(26, 881.5157633705652)",87.47869656591875,2.4164815350893307,0.029620242163061274,0.5385430445732851,25.572167337018673
"(27, 881.5157633705652)",86.41330280041228,2.987864984121839,0.036624026749266715,0.6684462172242912,31.616210680359558
"(28, 881.5157633705652)",85.22135823204516,3.6542314046291997,0.044792073745757235,0.8219141374572166,38.66300494348463
"(29, 881.5157633705652)",83.92155758940315,4.4102530282696515,0.054059077547593794,1.0012146098135568,46.65271440166217
"(30, 881.5157633705652)",82.55678869073515,5.23526918904871,0.06417178816253713,1.2080090130792152,55.3604338158739
"(31, 881.5157633705652)",81.19142789173429,6.093092048859842,0.07468662987419931,1.442996538677905,64.39444500845177
"(32, 881.5157633705652)",79.89088621320361,6.942857326389376,0.08510270503831407,1.7057858781701647,73.31359011857931
"(33, 881.5157633705652)",78.69783337965404,7.754001784676567,0.09504538199851746,1.9951462199459236,81.78885624732418
"(34, 881.5157633705652)",77.62595414158717,8.512288411134682,0.10434014927836441,2.309466883454881,89.66801945786125
"(35, 881.5157633705652)",76.66938484269075,9.21594139079974,0.11296523966444469,2.647136311420208,96.93350316572159
"(36, 881.5157633705652)",75.81405705206784,9.869428781820725,0.12097542078583,3.006731295180841,103.63500910791544
"(37, 881.5157633705652)",75.04453383979764,10.47923683900143,0.12845019850061548,3.387066618086644,109.84380816828404
"(38, 881.5157633705652)",74.34685903221155,11.051847330878548,0.135469023676072,3.7871795954476046,115.63090022343019
"(39, 881.5157633705652)",73.70931994073658,11.592999352528166,0.1421022437919872,4.206294573628672,121.05907333933507
"(40, 881.5157633705652)",73.12237166069039,12.107532654998666,0.1484091825369481,4.64378665932022,126.18124717593913
"(41, 881.5157633705652)",72.57830623919014,12.599451287233512,0.1544389199049922,5.099150847339785,131.04119152683498
"(42, 881.5157633705652)",72.07089443843056,13.072050733252505,0.1602318505911741,5.571977475665122,135.67492461449206
"(43, 881.5157633705652)",71.59507374355594,13.528048040039463,0.1658212790459772,6.061933230831083,140.112138150467
"(44, 881.5157633705652)",71.14669708451352,13.969695165733395,0.17123480885107406,6.568746575701181,144.37743666426618
"(45, 881.5157633705652)",70.72233688644386,14.398871678748586,0.17649547898722703,7.092196567121129,148.49135032375784
"(46, 881.5157633705652)",70.31913407956667,14.817158559619212,0.18162266846710087,7.632104233501155,152.47114100567438
"(47, 881.5157633705652)",69.93468206337249,15.225896302507477,0.18663280851978992,8.188325878533487,156.33143679378162
"(48, 881.5157633705652)",69.56693727186665,15.626230545520711,0.1915399419085744,8.760747837044189,160.08473027044647
"(49, 881.5157633705652)",69.2141498759768,16.019147965752776,0.19635616291765723,9.349282331726608,163.74177051514707
"(50, 881.5157633705652)",68.87480971277817,16.405504636263547,0.20109196494041956,9.9538641639374,167.31187281820348
"(51, 881.5157633705652)",68.54760380414992,16.786048544579607,0.20575651650198665,10.574448055844062,170.80316465687298
"(52, 881.5157633705652)",68.23138269850428,17.16143759012835,0.21035788186441842,11.211006481711586,174.2227823310164
"(53, 881.5157633705652)",67.92513361773335,17.532254055239527,0.21490319840632097,11.863527888926422,177.57702910499765
"(54, 881.5157633705652)",67.62795886717515,17.899016316681486,0.2193988201780722,12.532015220387905,180.87150323148677
"(55, 881.5157633705652)",67.33905835302878,18.262188383349464,0.22385043481090153,13.216484674428079,184.11120224873673
"(56, 881.5157633705652)",67.05771532755305,18.62218771132059,0.22826315931063496,13.916964652657628,187.30060847643367
"(57, 881.5157633705652)",66.78328468885236,18.97939164544121,0.23264161901604308,14.633494857182873,190.44375952150853
"(58, 881.5157633705652)",66.51518331630517,19.3341427592381,0.23699001305328285,15.366125507160444,193.54430676070442
"(59, 881.5157633705652)",66.25288203874389,19.68675330599784,0.24131216889540713,16.114916651175612,196.605564123266
"(60, 881.5157633705652)",65.99589892043375,20.037508948686867,0.24561158808220607,16.87993755690231,199.63054900404038
"(61, 881.5157633705652)",65.7437936170885,20.38667190154225,0.24989148472853573,17.661266163407404,202.62201675687172
"(62, 881.5157633705652)",65.49616260564184,20.734483589222673,0.25415481811910384,18.458988584474774,205.58248992409423
"(63, 881.5157633705652)",65.25263513140627,21.081166908361084,0.2584043204296579,19.273198653737836,208.5142831280642
"(64, 881.5157633705652)",65.01286974728126,21.426928159877374,0.26264252041248476,20.103997504209403,211.41952437077137
"(65, 881.5157633705652)",64.7765513440377,21.77195870738103,0.2668717637244278,20.95149317632548,214.3001733452626
"(66, 881.5157633705652)",64.54338858975173,22.116436406744686,0.27109423045002135,21.815800249781294,217.1580372507252
"(67, 881.5157633705652)",64.3131117118215,22.460526843626404,0.27531195027052624,22.697039495342803,219.99478451241922
"(68, 881.5157633705652)",64.08547056693558,22.804384409221772,0.27952681565006227,23.595337543567215,222.81195673674065
"(69, 881.5157633705652)",63.86023295417644,23.148153239171254,0.2837405933443491,24.510826567981365,225.61097917317963
"(70, 881.5157633705652)",63.637183134203546,23.49196803628806,0.2879549344853698,25.443643980711638,228.39316990848022
"(71, 881.5157633705652)",63.41612052375528,23.835954794304367,0.2921713834527533,26.393932138952916,231.15974798043504
"(72, 881.5157633705652)",63.196858539907076,24.180231436964384,0.2963913857075176,27.36183806098681,233.9118405674352
"(73, 881.5157633705652)",62.97922357262654,24.52490838451338,0.30061629473586365,28.3475131506661,236.65048938504958
"(74, 881.5157633705652)",62.76305406768523,24.870089057681078,0.3048473782267864,29.35111292952992,239.37665639957112
"(75, 881.5157633705652)",62.548199704720524,25.215870327728418,0.30908582358857695,30.372796775873987,242.09122895183026
"(76, 881.5157633705652)",62.3345206576787,25.562342919773336,0.3133327428926197,31.41272767017271,244.79502436980798
"(77, 881.5157633705652)",62.121886926691715,25.90959177558462,0.31758917732036945,32.47107194646029,247.48879413733496
"(78, 881.5157633705652)",61.91017773215103,26.257696381082344,0.3218561011777194,33.54799904927828,250.1732276758729
"(79, 881.5157633705652)",61.69928096302446,26.606731063059502,0.3261344255320957,34.643681295937895,252.8489557884082
"(80, 881.5157633705652)",61.48909267261266,26.95676525899748,0.3304250015197371,35.75829364384688,255.51655380754434
"(81, 881.5157633705652)",61.27951661589541,27.307863763311396,0.3347286233640829,36.892013462797735,258.1765444839702
"(82, 881.5157633705652)",61.070463823396736,27.660086952925337,0.3390460311407672,38.0450203119927,260.8294006468211
"(83, 881.5157633705652)",60.86185220723423,28.013490994666427,0.3433779133197847,39.21749572189827,263.47554766278347
"(84, 881.5157633705652)",60.65360619550485,28.36812803668942,0.3477249091118808,40.409622980705635,266.11536571801435
"(85, 881.5157633705652)",60.44565639173008,28.724046385827197,0.35208761064245414,41.62158692549919,268.74919194330215
"(86, 881.5157633705652)",60.23793925651756,29.081290672522396,0.35646656497321544,42.85357373810599,271.37732240034126
"(87, 881.5157633705652)",60.03039680885369,29.43990200484171,0.3608622759900279,44.1057707456738,274.0000139453152
"(88, 881.5157633705652)",59.8229763448849,29.79991811283631,0.3652752061724262,45.37836622601288,276.61748598341404
"(89, 881.5157633705652)",59.61563017226187,30.161373484387244,0.36970577825874723,46.671549217808206,279.2299221264603
"(90, 881.5157633705652)",59.40831535830573,30.52429949356479,0.3741543768195121,47.985509335758046,281.8374717647323
"(91, 881.5157633705652)",59.20099349059122,30.88872452235298,0.378621349749508,49.32043659077202,284.44025156205925
"(92, 881.5157633705652)",58.99363044859273,31.25467407655826,0.38310700968836175,50.67652121533073,287.03834688272
"(93, 881.5157633705652)",58.786196185278705,31.62217089656281,0.38761163537849347,52.053953494129956,289.6318131578559
"(94, 881.5157633705652)",58.578664517598774,31.99123506356237,0.39213547296694445,53.452923600170266,292.2206771969634
"(95, 881.5157633705652)",58.37101292539059,32.36188410187371,0.39667873725962277,54.87362143640073,294.8049384518875
"(96, 881.5157633705652)",58.16322235675132,32.73413307756696,0.4012416129302526,56.316236483105556,297.3845702351429
"(97, 881.5157633705652)",57.9552770411984,33.10799469424233,0.40582425569436925,57.78095765116178,299.9595209015516
"(98, 881.5157633705652)",57.747164308066,33.483479385906314,0.41042679344775534,59.26797314133877,302.52971499249253
"(99, 881.5157633705652)",57.53887441083036,33.860595407512015,0.4150493273762499,60.777470309802055,305.09505434871255
"(100, 881.5157633705652)",57.330400356533296,34.2393489233608,0.419691933039338,62.30963553997069,307.65541919366945
"(101, 881.5157633705652)",57.12173774001482,34.619744093603174,0.42435466143044115,63.86465412091119,310.2106691898018
"(102, 881.5157633705652)",56.912884582629516,35.00178315904683,0.4290375400164651,65.44271013239675,312.7606444698469
"(103, 881.5157633705652)",56.70384117520187,35.38546652443114,0.43374057375853764,67.04398633680735,315.30516664473686
"(104, 881.5157633705652)",56.49460992499375,35.770792840309625,0.43846374611569766,68.66866407802104,317.84403978947586
"(105, 881.5157633705652)",56.28519520652013,36.157759083643406,0.4432070200327695,70.31692318743052,320.3770514079497
"(106, 881.5157633705652)",56.07560321605893,36.546360637193885,0.44797033891353294,71.98894189722189,322.90397337751193
"(107, 881.5157633705652)",55.865841829739914,36.936591367776806,0.45275362757992305,73.68489676105591,325.4245628738526
"(108, 881.5157633705652)",55.65592046514819,37.32844370340653,0.457556793217639,75.40496258226625,327.93856327636865
"(109, 881.5157633705652)",55.44584994633226,37.721908709373146,0.46237972630865826,77.149312349685,330.4457050543649
"(110, 881.5157633705652)",55.235642372213896,38.11697616323533,0.4672223015505098,78.9181171811971,332.9457066338529
"(111, 881.5157633705652)",55.02531098832988,38.513634628743056,0.4720843787622281,80.71154627512622,335.4382752447783
"(112, 881.5157633705652)",54.814870061903754,38.911871528641804,0.47696580377706077,82.52976686949896,337.92310774869196
"(113, 881.5157633705652)",54.60433476023006,39.31167321635673,0.48186640932084784,84.37294420930452,340.3998914457959
"(114, 881.5157633705652)",54.39372103235768,39.71302504648992,0.4867860158762906,86.24124152175969,342.8683048615447
"(115, 881.5157633705652)",54.18304549408594,40.11591144409108,0.49172443253202075,88.13481999965566,345.3280185117666
"(116, 881.5157633705652)",53.972325316251535,40.5203159726518,0.4966814578160417,90.05383879279606,347.7786956459171
"(117, 881.5157633705652)",53.76157811633938,40.92622140074841,0.50165688051261,91.99845500757507,350.2199929675948
"(118, 881.5157633705652)",53.550821853382246,41.33360976728686,0.5066504804619841,93.96882371466505,352.6515613318445
"(119, 881.5157633705652)",53.34007472618214,41.742462445267236,0.5116620293420429,95.96509796486228,355.07304641832116
"(120, 881.5157633705652)",53.1293550748205,42.152760204017724,0.5166912914310235,97.98742881303025,357.48408937971163
"(17, 881.8062083309358)",92.31848731514248,0.23009280980218783,0.0028203835400167025,0.044037083182970706,2.4429946322781397
"(18, 881.8062083309358)",92.0808780241038,0.3162055033365052,0.0038759177118122233,0.06267667761396926,3.3551316236418844
"(19, 881.8062083309358)",91.78720218093774,0.42646176310216377,0.005227393842223343,0.08702887554488428,4.522519467918564
"(20, 881.8062083309358)",91.4291705803248,0.5662910570931916,0.006941364128924028,0.11832875987217635,6.002609223298689
"(21, 881.8062083309358)",90.99774024006341,0.742191703189101,0.009097482294257844,0.15800430444561459,7.864212062811718
"(22, 881.8062083309358)",90.48311235363673,0.9618260918802898,0.011789670786452836,0.20769524505727618,10.1885096486147
"(23, 881.8062083309358)",89.87480179108587,1.2340408011604866,0.015126367339745069,0.2692663952674553,13.069258234414047
"(24, 881.8062083309358)",89.16184907789761,1.5687546128501497,0.019229152324279367,0.3448110650760023,16.61157483541479
"(25, 881.8062083309358)",88.33333797224599,1.976612900816157,0.024228512378288183,0.4366386933868292,20.928213940410618
"(26, 881.8062083309358)",87.37959592989036,2.46819774287092,0.030254158282842513,0.5472376977512936,26.131066903886037
"(27, 881.8062083309358)",86.29486501545244,3.0523480920428163,0.03741443430848495,0.679197698790743,32.313082755621245
"(28, 881.8062083309358)",85.08267727116477,3.7328234434496967,0.045755422808495344,0.8350630083781967,39.512352888959896
"(29, 881.8062083309358)",83.76444822089027,4.502771809125072,0.05519313491727569,1.017079801079315,47.65256922622134
"(30, 881.8062083309358)",82.38711111170683,5.339018596232219,0.06544350595571272,1.226831474271551,56.48165837241848
"(31, 881.8062083309358)",81.01823569502068,6.203047664298918,0.07603442082943716,1.4648842239406723,65.58274011030403
"(32, 881.8062083309358)",79.72295467428664,7.053569698675057,0.08645977200941701,1.7307004150379708,74.51006331374322
"(33, 881.8062083309358)",78.5406811265512,7.8615534405490095,0.09636370620076135,2.0229430825877617,82.95117130302188
"(34, 881.8062083309358)",77.48159935721861,8.614752252581813,0.10559610913261963,2.3399543923331065,90.7753502164019
"(35, 881.8062083309358)",76.5376484615072,9.312795875374325,0.11415244231673825,2.6801189867857866,97.98021334425303
"(36, 881.8062083309358)",75.69379591686638,9.9608734886757,0.1220963125957784,3.0420308688380286,104.62325559243399
"(37, 881.8062083309358)",74.93434610486591,10.565755771684037,0.12951071218571403,3.424528433719494,110.77882161700411
"(38, 881.8062083309358)",74.2453957406683,11.133991406176674,0.13647591214894417,3.8266721992315107,116.51863442133485
"(39, 881.8062083309358)",73.6153923700945,11.671294099191426,0.14306194876907355,4.2477069022123555,121.90520769827899
"(40, 881.8062083309358)",73.03496984948337,12.182446139964737,0.14932744139129966,4.687024778983617,126.99084011403838
"(41, 881.8062083309358)",72.49658425864686,12.671388229185508,0.15532069351267225,5.1441349673421195,131.81861685439875
"(42, 881.8062083309358)",71.99414625314954,13.141356860581203,0.16108137674937176,5.618639432937323,136.42391863115313
"(43, 881.8062083309358)",71.5227089667632,13.59501768267615,0.16664216553059086,6.110214443969253,140.83588169061724
"(44, 881.8062083309358)",71.07821974214617,14.034579180538126,0.1720301305628775,6.618596403174891,145.07864074715195
"(45, 881.8062083309358)",70.65732782452193,14.461884628261616,0.17726786594606925,7.143570994271098,149.17233373454886
"(46, 881.8062083309358)",70.2572367444188,14.8784848423051,0.18237438095392966,7.684964820413106,153.13389654527322
"(47, 881.8062083309358)",69.87559112439399,15.285695245716855,0.18736579950409327,8.242638912956926,156.97768631864187
"(48, 881.8062083309358)",69.51038954221035,15.68464058366914,0.19225590826279065,8.816483648096744,160.7159698463349
"(49, 881.8062083309358)",69.1599170562516,16.07629005138475,0.19705658722860075,9.40641473008193,164.35930728060478
"(50, 881.8062083309358)",68.82269256955959,16.461485023441845,0.20177814962692603,10.012369981778251,167.91685506477359
"(51, 881.8062083309358)",68.49742747593939,16.84096106463592,0.20642961171013735,10.634306766154356,171.39660642318918
"(52, 881.8062083309358)",68.18299288891713,17.215365518812135,0.21101890835428397,11.27219988086238,174.805583581162
"(53, 881.8062083309358)",67.87839348951631,17.585271651235537,0.2155530664104831,11.926039830226436,178.14999235530806
"(54, 881.8062083309358)",67.58274649249346,17.951190095356093,0.22003834501468422,12.595831388825399,181.43534731598757
"(55, 881.8062083309358)",67.29526460760297,18.31357817656826,0.22448034987449633,13.281592395021116,184.66657377261032
"(56, 881.8062083309358)",67.01524214107482,18.672847553689987,0.2288841269353137,13.983352726288565,187.848091393677
"(57, 881.8062083309358)",66.74204358302585,19.029370519112632,0.23325423960498293,14.701153419128984,190.98388318405662
"(58, 881.8062083309358)",66.47509417642435,19.383485222936034,0.23759483278909704,15.435045904425959,194.07755271635037
"(59, 881.8062083309358)",66.21387207603671,19.735500028791307,0.24190968628291049,16.185091335494366,197.1323718841651
"(60, 881.8062083309358)",65.95790179108432,20.085697165026033,0.24620225952605676,16.951359990893785,200.15132096428732
"(61, 881.8062083309358)",65.7067486706201,20.434335800914635,0.2504757293094875,17.73393073777911,203.13712240354593
"(62, 881.8062083309358)",65.4600142407178,20.78165465124023,0.2547330217013618,18.532890544616883,206.09226945854294
"(63, 881.8062083309358)",65.21733224122926,21.12787419211901,0.2589768392077245,19.34833403426571,209.01905059302825
"(64, 881.8062083309358)",64.97836524012068,21.47319855480705,0.2632096839860601,20.180363070334167,211.91957036139732
"(65, 881.8062083309358)",64.74280172704326,21.817817151551456,0.26743387777405986,21.029086371064874,214.7957673681178
"(66, 881.8062083309358)",64.5103536062785,22.161906077522957,0.2716515790744467,21.89461914621024,217.649429784539
"(67, 881.8062083309358)",64.28075402426117,22.505629324785517,0.27586479803480257,22.77708275320612,220.4822088138425
"(68, 881.8062083309358)",64.05375547834699,22.84913983788824,0.28007540938685027,23.676604369683837,223.29563042846917
"(69, 881.8062083309358)",63.82912816314968,23.192580435466567,0.28428516374299967,24.593316679968584,226.0911056449852
"(70, 881.8062083309358)",63.60665851828635,23.536084618058734,0.288495697498238,25.52735757360883,228.86993955710105
"(71, 881.8062083309358)",63.38614794754516,23.879777278946015,0.29270854154331766,26.478869854394457,231.63333930999667
"(72, 881.8062083309358)",63.167411684476676,24.223775332060377,0.29692512896139334,27.448000958636253,234.38242116898414
"(73, 881.8062083309358)",62.95027778348343,24.56818826873683,0.30114680185245984,28.434902681638277,237.11821681086695
"(74, 881.8062083309358)",62.73458621888377,24.913118653196705,0.3053748174067855,29.439730911615797,239.84167894561358
"(75, 881.8062083309358)",62.52018807709547,25.25866256515117,0.3096103533301698,30.46264537032346,242.55368635975486
"(76, 881.8062083309358)",62.30694482943636,25.604909996603126,0.3138545127077678,31.50380935992843,245.25504845846183
"(77, 881.8062083309358)",62.09472767489378,25.95194520888368,0.31810832838050757,32.563389515657484,247.9465093720501
"(78, 881.8062083309358)",61.88341694376985,26.29984705508589,0.3223727668973584,33.64155556390624,250.62875168300593
"(79, 881.8062083309358)",61.67290155446037,26.648689272303603,0.3266487320974433,34.73848008554782,253.30239982140628
"(80, 881.8062083309358)",61.46307851672233,26.998540747462357,0.33093706836851755,35.854338284224895,255.96802316997324
"(81, 881.8062083309358)",61.2538524756691,27.349465760035613,0.3352385636220755,36.989307759483026,258.62613891440856
"(82, 881.8062083309358)",61.04513529156153,27.70152420447171,0.3395539520197615,38.14356828461908,261.2772146697113
"(83, 881.8062083309358)",60.8368456511336,28.05477179478326,0.3438839164811532,39.31730158925592,263.9216709089819
"(84, 881.8062083309358)",60.628908706693146,28.409260253463078,0.34822909099944876,40.51069114647978,266.55988321827255
"(85, 881.8062083309358)",60.421255739807606,28.76503748658547,0.35259006278759203,41.72392196464204,269.192184397251
"(86, 881.8062083309358)",60.213823846728694,29.122147746723936,0.35696737427564584,42.957180383790835,271.81886642406647
"(87, 881.8062083309358)",60.0065556431073,29.48063178515719,0.36136152497607404,44.21065387678357,274.44018229905305
"(88, 881.8062083309358)",59.79939898583503,29.840526994597177,0.3657729732334446,45.48453085515877,277.05634778175784
"(89, 881.8062083309358)",59.59230671014294,30.20186754357156,0.370202137871592,46.779000479814485,279.66754303274035
"(90, 881.8062083309358)",59.38523638027086,30.564684503454938,0.37464939975071737,48.094252476603785,282.27391417103735
"(91, 881.8062083309358)",59.1781500523044,30.929005968999714,0.37911510324480113,49.43047695697226,284.87557475631706
"(92, 881.8062083309358)",58.97101404786596,31.29485717315612,0.38359955764906034,50.787864243716534,287.4726072042256
"(93, 881.8062083309358)",58.763798737564024,31.662260596861156,0.388103038525522,52.16660470203218,290.06506414187345
"(94, 881.8062083309358)",58.556478333166524,32.03123607436674,0.3926257889944702,53.566888575968285,292.65296971018756
"(95, 881.8062083309358)",58.349030688046355,32.40180089475873,0.3971680209783092,54.98890583044681,295.2363208187376
"(96, 881.8062083309358)",58.14143710394255,32.7739698998452,0.4017299164019548,56.432845998990686,297.81508835652096
"(97, 881.8062083309358)",57.93368214541231,33.14775557927069,0.4063116283583249,57.8988980373203,300.3892183661025
"(98, 881.8062083309358)",57.72575345938217,33.52316816278678,0.41091328223953155,59.387250182989945,302.958633181471
"(99, 881.8062083309358)",57.51764160054619,33.90021571023863,0.41553497683985846,60.898089821206106,305.5232325348327
"(100, 881.8062083309358)",57.30933986177815,34.27890419945771,0.42017678543311954,62.431603357002494,308.0828946344578
"(101, 881.8062083309358)",57.10084410925846,34.65923761230387,0.4248387568273527,63.98797609393643,310.63747721601993
"(102, 881.8062083309358)",56.89215262202009,35.041218019055115,0.42952091639909,65.56739211945643,313.18681856925394
"(103, 881.8062083309358)",56.68326593567288,35.424845661284806,0.43422326710952774,67.17003419709157,315.7307385418322
"(104, 881.8062083309358)",56.47418669007786,35.810119033397015,0.4389457905036583,68.7960836656411,318.26903952121506
"(105, 881.8062083309358)",56.264919480810455,36.19703496289213,0.443688447694278,70.44572034546705,320.8015073960629
"(106, 881.8062083309358)",56.05547071428083,36.58558868945745,0.44845118033142184,72.11912245206118,323.3279124975226
"(107, 881.8062083309358)",55.84584846639573,36.97577394293887,0.45323391155810466,73.8164665170061,325.84801052104484
"(108, 881.8062083309358)",55.6360623446665,37.3675830202374,0.458036546952891,75.53792731644533,328.36154342907804
"(109, 881.8062083309358)",55.42612335372722,37.76100686113741,0.4628589754593914,77.28367780717802,330.8682403346096
"(110, 881.8062083309358)",55.216043764185976,38.15603512308985,0.46770107030278907,79.05388907048294,333.3678183655399
"(111, 881.8062083309358)",55.00583698480863,38.552656254910424,0.47256268989346967,80.84873026376125,335.8599835098671
"(112, 881.8062083309358)",54.79551743798409,38.950857569409884,0.4774436787170362,82.6683685800686,338.3444314409746
"(113, 881.8062083309358)",54.5851004384937,39.350625314882095,0.4823438682106954,84.51296921562314,340.82084832292674
"(114, 881.8062083309358)",54.374602075551095,39.75194474543531,0.48726307762534066,86.38269534532361,343.28891159514046
"(115, 881.8062083309358)",54.164039098128995,40.15480019010409,0.49220111487268753,88.27770810634006,345.74829073580383
"(116, 881.8062083309358)",53.953428803582696,40.559175120682156,0.49715777735674527,90.19816658979674,348.1986480033903
"(117, 881.8062083309358)",53.74278892954636,40.965052218228315,0.5021328527890153,92.14422784058277,350.63963915569474
"(118, 881.8062083309358)",53.5321375491372,41.37241343816461,0.5071261199864444,94.11604686528298,353.07091414554276
"(119, 881.8062083309358)",53.32149296944223,41.78124007391262,0.5121373496514438,96.11377664823162,355.4921177925627
"(120, 881.8062083309358)",53.11087363329434,42.191512818994866,0.517166305133114,98.13756817569669,357.9028904302544
"(17, 882.0898017244339)",92.30555284171612,0.23468443989532747,0.002876665863430656,0.04484487558597982,2.492632745515015
"(18, 882.0898017244339)",92.06393002807576,0.3224230630491139,0.003952130015393616,0.06378662718629106,3.4223469544814478
"(19, 882.0898017244339)",91.76533565109345,0.4347888246186385,0.005329463555996497,0.08852574590658371,4.6125397054999615
"(20, 882.0898017244339)",91.40131144148525,0.5773469398358204,0.007076882617026601,0.12031642292688205,6.122129561553205
"(21, 882.0898017244339)",90.96261406210067,0.7567646227138629,0.00927611118054495,0.1606095130865765,8.021753558934124
"(22, 882.0898017244339)",90.4392110926723,0.9809089641542397,0.01202358082868292,0.21107174148788493,10.394806287702737
"(23, 882.0898017244339)",89.8203531620298,1.2588659284890313,0.015430663595488203,0.2735990872572032,13.337631904163425
"(24, 882.0898017244339)",89.0948005885562,1.6008190786603196,0.019622185429782352,0.35031979709243155,16.95820985806436
"(25, 882.0898017244339)",88.25138680269758,2.017676021999936,0.024731847320336366,0.44358076855764383,21.372129530516833
"(26, 882.0898017244339)",87.28034171946098,2.520206257740421,0.030891657383334756,0.5559075308027887,26.69330840540211
"(27, 882.0898017244339)",86.17625223227098,3.117190318321812,0.038209243793633864,0.6899203381670596,33.01406394379999
"(28, 882.0898017244339)",84.9439856178365,3.8117438641735104,0.046722797042274666,0.8481754805335593,40.36552729849747
"(29, 882.0898017244339)",83.60788925537135,4.595353700982896,0.056327965875809155,1.0328924780442963,48.65343177288887
"(30, 882.0898017244339)",82.21904478162944,5.442234998125491,0.06670869038808913,1.2455696759223653,57.59748580180383
"(31, 882.0898017244339)",80.84793180348719,6.311671464658058,0.07736588694022271,1.4866355306553494,66.75702434068067
"(32, 882.0898017244339)",79.5588917433479,7.162253910538852,0.0877919786197144,1.7554085820679706,75.68500043159163
"(33, 882.0898017244339)",78.3878388296824,7.966668557594096,0.09765216430675572,2.0504538716727523,84.08752437963523
"(34, 882.0898017244339)",77.34156270641861,8.714635651376144,0.1068204389764004,2.370074408992336,91.85514542781767
"(35, 882.0898017244339)",76.4100059821374,9.4070881310697,0.11530823821554585,2.71265583549508,98.99956514924955
"(36, 882.0898017244339)",75.5773173912233,10.04985133535652,0.12318696664281492,3.076811317654659,105.58515566334039
"(37, 882.0898017244339)",74.82761876002624,10.649930836375232,0.13054249569576426,3.4614032069444436,111.68880093794502
"(38, 882.0898017244339)",74.14709220361006,11.213917876428017,0.13745561812629656,3.8655148657303036,117.38268407320412
"(39, 882.0898017244339)",73.52435613115854,11.747490259788432,0.1439959301366137,4.288410833309476,122.72893063002152
"(40, 882.0898017244339)",72.9502241310187,12.255369089283825,0.15022130107394607,4.72949986507434,127.77917781402924
"(41, 882.0898017244339)",72.41731354469415,12.741431091165865,0.15617925026285917,5.188304686742767,132.5758192110934
"(42, 882.0898017244339)",71.91967105026988,13.20885444295666,0.16190873450334212,5.6644384133929035,137.15360510211414
"(43, 882.0898017244339)",71.45246155580571,13.660254529198133,0.16744181210925274,6.157586492123502,141.54112835170716
"(44, 882.0898017244339)",71.01172334064209,14.097797580514845,0.17280503584946222,6.667492929237453,145.76206688019838
"(45, 882.0898017244339)",70.5941794953509,14.52329172234071,0.17802056898589744,7.193949754813556,149.8361786448276
"(46, 882.0898017244339)",70.19709366025525,14.938258623932727,0.18310706351785705,7.736788912163451,153.7800844406464
"(47, 882.0898017244339)",69.81815961552842,15.343989515104846,0.18808034681220176,8.295875963143843,157.60787986469396
"(48, 882.0898017244339)",69.45541637487278,15.741588995667536,0.19295395860155823,8.871105158664014,161.33161392612908
"(49, 882.0898017244339)",69.10718247090982,16.132009411754126,0.19773957235525905,9.462395542737385,164.9616646291874
"(50, 882.0898017244339)",68.77200469988915,16.516077974114193,0.2024473276842903,10.069687838292971,168.50703529838415
"(51, 882.0898017244339)",68.44861785033986,16.894518276914706,0.20708609410995774,10.69294194440171,171.97558974893838
"(52, 882.0898017244339)",68.1359127828092,17.26796749158632,0.21166368181901082,11.332134891282399,175.37424023671255
"(53, 882.0898017244339)",67.83291094906298,17.63699019213408,0.21618701112865668,11.987259160885143,178.7090986209896
"(54, 882.0898017244339)",67.53874389098499,18.00208954677823,0.2206622496691155,12.6583212898425,181.9855987688551
"(55, 882.0898017244339)",67.25263662682535,18.363716435715833,0.22509492414540172,13.345340695025275,185.20859631356862
"(56, 882.0898017244339)",66.97389409367739,18.722276925607286,0.2294900119565313,14.048348675170194,188.38245046930444
"(57, 882.0898017244339)",66.70189001028723,19.078138433650317,0.23385201675221745,14.767387552440434,191.51109153738207
"(58, 882.0898017244339)",66.43605766960712,19.431634840372446,0.23818503110338834,15.502509925747074,194.59807693396888
"(59, 882.0898017244339)",66.17588228042324,19.783070753850826,0.24249278877124952,16.253778013800847,197.64663795303565
"(60, 882.0898017244339)",65.9208945600857,20.13272508517957,0.2467787085339001,17.021263070449674,200.6597190100301
"(61, 882.0898017244339)",65.67066534388077,20.480854061773538,0.2510459311221795,17.805044858647367,203.6400107486418
"(62, 882.0898017244339)",65.42480102511291,20.827693779489806,0.2552973505025256,18.60521117211342,206.58997811343266
"(63, 882.0898017244339)",65.18293967779084,21.1734623744439,0.2595356404982076,19.42185739604765,209.51188427144024
"(64, 882.0898017244339)",64.94474774304085,21.51836187975357,0.26376327754854173,20.255086100001616,212.40781109497837
"(65, 882.0898017244339)",64.70991718331078,21.862579820086683,0.2679825602541976,21.105006657357364,215.27967678287393
"(66, 882.0898017244339)",64.4781630267804,22.20629058695705,0.2721956262350118,21.97173488704328,218.1292510888564
"(67, 882.0898017244339)",64.24922123847864,22.54965663003159,0.27640446673255104,22.855392713871023,220.9581685419928
"(68, 882.0898017244339)",64.02284686634255,22.89282949330376,0.2806109393110964,23.756107844698104,223.76793997393406
"(69, 882.0898017244339)",63.7988124194719,23.235950720022842,0.2848167789498955,24.6740134580925,226.55996261361273
"(70, 882.0898017244339)",63.5769064433486,23.579152646127117,0.2890236077687471,25.6092479056461,229.33552896476854
"(71, 882.0898017244339)",63.356932262660244,23.922559098671794,0.2932329435890415,26.56195442344623,232.09583464608352
"(72, 882.0898017244339)",63.13870686744233,24.266286012933097,0.2974462074979687,27.53228085250816,234.84198534305986
"(73, 882.0898017244339)",62.922059921978516,24.6104419797792,0.30166473055797166,28.520379367184262,237.57500299795174
"(74, 882.0898017244339)",62.706832879407244,24.95512873295311,0.30588975977965543,29.526406210771604,240.29583134279935
"(75, 882.0898017244339)",62.49287818748677,25.300441584499364,0.3101224634590718,30.550521437683976,243.00534086522163
"(76, 882.0898017244339)",62.28005857330512,25.646469815263018,0.3143639359643018,31.592888661674174,245.70433328238943
"(77, 882.0898017244339)",62.06824639651815,25.99329702637928,0.318615202043859,32.6536748097282,248.3935455875298
"(78, 882.0898017244339)",61.857323062219415,26.341001456812876,0.32287722071897096,33.733049881280515,251.0736537240529
"(79, 882.0898017244339)",61.64717848588918,26.68965627125757,0.3271508888125223,34.83118671253404,253.7452759340761
"(80, 882.0898017244339)",61.43771060386939,27.039329822135397,0.33143704416054315,35.948260745660136,256.40897582204576
"(81, 882.0898017244339)",61.228824923778916,27.39008588889674,0.33573646854544836,37.084449802782345,259.0652651681338
"(82, 882.0898017244339)",61.02043411002547,27.741983897401834,0.3400498903851215,38.23993386458699,261.7146065216403
"(83, 882.0898017244339)",60.81245760020401,28.095079121806855,0.344377987207558,39.41489485360005,264.3574156005744
"(84, 882.0898017244339)",60.60482124875311,28.449422871053134,0.34872138793677354,40.60951642198909,266.99406352022885
"(85, 882.0898017244339)",60.397456994730206,28.805062661784003,0.3530806750123434,41.82398374395444,269.62487887041283
"(86, 882.0898017244339)",60.190302550865034,29.16204237933757,0.357456386362791,43.05848331273394,272.250149659153
"(87, 882.0898017244339)",59.983301111574946,29.520402428182635,0.36184901724960006,44.313202742246354,274.8701251376346
"(88, 882.0898017244339)",59.776401077761655,29.88017987308257,0.36625902199737875,45.58833057343775,277.4850175200151
"(89, 882.0898017244339)",59.56955579656963,30.241408572050897,0.37068681562390576,46.8840560854421,280.0950036101107
"(90, 882.0898017244339)",59.36272331447218,30.60411930210713,0.37513277538126466,48.20056911161302,282.70022634478335
"(91, 882.0898017244339)",59.155866142286875,30.96833987864575,0.3795972422191802,49.53805986056924,285.3007962636893
"(92, 882.0898017244339)",58.948951030831196,31.334095269215812,0.3840805221796594,50.89671874236249,287.8967929133103
"(93, 882.0898017244339)",58.74194875618135,31.70140770234864,0.3885828877309418,52.27673619989373,290.4882661922007
"(94, 882.0898017244339)",58.534833913457874,32.07029677204418,0.3931045790482654,53.67830254574652,293.075237643905
"(95, 882.0898017244339)",58.32758471875986,32.44077953849264,0.39764580524846455,55.10160780453894,295.657701703632
"(96, 882.0898017244339)",58.12018281728464,32.81287062526412,0.40220674558127884,56.54684156101057,298.23562690100954
"(97, 882.0898017244339)",57.91261309900423,33.186582313772305,0.4067875505872526,58.01419281393546,300.8089570275423
"(98, 882.0898017244339)",57.704863519355925,33.561924634956895,0.4113883432215398,59.503849836083305,303.37761226794805
"(99, 882.0898017244339)",57.49692492566296,33.938905458738624,0.4160092199504128,61.0160000403429,305.9414903012531
"(100, 882.0898017244339)",57.288790888505474,34.31753058141841,0.42065025182255567,62.55082985221709,308.50046737327426
"(101, 882.0898017244339)",57.08045753771149,34.69780381127586,0.42531148551833026,64.10852458880326,311.0543993431851
"(102, 882.0898017244339)",56.87192340271178,35.079727052546524,0.42999294437899294,65.68926834445479,313.6031227057166
"(103, 882.0898017244339)",56.66318925700229,35.46330038792569,0.4346946294182725,67.29324388326638,316.1464555909739
"(104, 882.0898017244339)",56.45425796649852,35.84852215976059,0.43941652031731,68.92063253853834,318.6841987425983
"(105, 882.0898017244339)",56.24513434163708,36.23538904999694,0.44415857640475637,70.57161411935104,321.2161364757273
"(106, 882.0898017244339)",56.035824993079224,36.62389615897979,0.44892073762264245,72.24636682440779,323.74203761513553
"(107, 882.0898017244339)",55.82633819092137,37.014037083153944,0.4537029254788124,73.94506716326174,326.2616564141395
"(108, 882.0898017244339)",55.616683727309166,37.40580399171198,0.4585050439864533,75.66788988505776,328.77473345460567
"(109, 882.0898017244339)",55.40687278242568,37.79918770219684,0.46332698059068733,77.41500791488727,331.28099652793276
"(110, 882.0898017244339)",55.196917793800104,38.19417775505284,0.46816860708263647,79.18659229787245,333.7801614972547
"(111, 882.0898017244339)",54.986832328884525,38.59076248714794,0.4730297805003741,80.98281215106775,336.27193314025965
"(112, 882.0898017244339)",54.776630960936636,38.98892910419241,0.4779103440167538,82.80383462323914,338.7560059725552
"(113, 882.0898017244339)",54.56632914813037,39.38866375207005,0.48281012781361443,84.64982486262163,341.2320650510381
"(114, 882.0898017244339)",54.355943115961644,39.78995158698744,0.48772894994188076,86.52094599268608,343.69978675681386
"(115, 882.0898017244339)",54.145489742897176,40.19277684443789,0.49266661716665355,88.41735909596483,346.1588395568162
"(116, 882.0898017244339)",53.93498644930253,40.59712290688524,0.4976229257969733,90.33922320597125,348.60888474381363
"(117, 882.0898017244339)",53.72445108964414,41.00297237012332,0.5025976624991999,92.28669530724311,351.04957715384006
"(118, 882.0898017244339)",53.51390184796522,41.41030710824307,0.5075906050933533,94.25993034349727,353.48056586048415
"(119, 882.0898017244339)",53.303357136643676,41.81910833713647,0.5126015233315449,96.25908123390771,355.9014948452574
"(120, 882.0898017244339)",53.09283549842373,42.22935667647606,0.5176301796575828,98.28429889749877,358.31200364324155
"(17, 882.36546778418)",92.29271512246571,0.23924967135383995,0.0029326246031801816,0.04564555899279505,2.542001120827681
"(18, 882.36546778418)",92.04710957627306,0.328606946687624,0.004027929531434125,0.0648865035056174,3.489219421699968
"(19, 882.36546778418)",91.74363080184709,0.4430750961289972,0.0054310332827383675,0.0900088436718859,4.702147379403004
"(20, 882.36546778418)",91.37365004607408,0.5883560963157568,0.007211828353714976,0.12228580525765277,6.241182493647275
"(21, 882.36546778418)",90.92772144711651,0.7712875433818778,0.009454127201298491,0.16319105770490433,8.17880431275998
"(22, 882.36546778418)",90.39557594894143,0.9999432663510417,0.0122568955187758,0.21441825611824572,10.600643091888182
"(23, 882.36546778418)",89.76619624093398,1.2836511404538316,0.01573447058503055,0.2778944871849524,13.60565901091195
"(24, 882.36546778418)",89.0280591935814,1.6328619555870272,0.020014953907582764,0.355782856564648,17.30472131077842
"(25, 882.36546778418)",88.16974913046857,2.058745798691553,0.025235263842880988,0.45046755998410287,21.816257825396786
"(26, 882.36546778418)",87.18141552337643,2.572251241166795,0.03152960350047932,0.5645108203824988,27.256122521367658
"(27, 882.36546778418)",86.05804903300859,3.182067816313273,0.039004485625006254,0.7005624180456747,33.71564878614429
"(28, 882.36546778418)",84.8059894591229,3.890585319969795,0.04768920335629817,0.8611879738588334,41.21811825387609
"(29, 882.36546778418)",83.45271292323116,4.687498362032634,0.057457437437951404,1.0485752650799347,49.64988339753831
"(30, 882.36546778418)",82.05349942543141,5.544345684486351,0.06796032141174217,1.2641310252127096,58.7017097680224
"(31, 882.36546778418)",80.68139392567778,6.418380568403311,0.07867388348316404,1.5081426641799676,67.91097533784014
"(32, 882.36546778418)",79.39945130448393,7.268378397291085,0.08909280916668326,1.7797890257654176,76.83262921080174
"(33, 882.36546778418)",78.23992018342621,8.068887196514824,0.09890511856874497,2.0775459530924163,85.19291525906803
"(34, 882.36546778418)",77.20634718461496,8.81154019313742,0.10800825520921375,2.3996849549176074,92.9030696773134
"(35, 882.36546778418)",76.28688392646211,9.498464397824945,0.11642829111474795,2.74459686353551,99.98770668924176
"(36, 882.36546778418)",75.46499609663685,10.136039806971185,0.1242434296713305,3.1109154838865956,106.51719645716781
"(37, 882.36546778418)",74.72468982013811,10.731461922292652,0.13154187039555873,3.4975271705134148,112.57047683426975
"(38, 882.36546778418)",74.05225910266807,11.291343459268955,0.13840466924879016,3.9035375991932058,118.21996312603025
"(39, 882.36546778418)",73.43650035694493,11.821317808420224,0.1449008780275975,4.3282304219928935,123.52730060116659
"(40, 882.36546778418)",72.86840589321802,12.326042347461655,0.1510875849628487,4.771030240363716,128.5434373417623
"(41, 882.36546778418)",72.3407503949518,12.809329911595574,0.15701152622876677,5.231472771979621,133.31007601637424
"(42, 882.36546778418)",71.84771199702821,13.274301475323595,0.16271095745411285,5.709181774462385,137.86134831314772
"(43, 882.36546778418)",71.38456306444537,13.723523577663295,0.16821733822428908,6.203851449758304,142.22531888192617
"(44, 882.36546778418)",70.94742903908087,14.159121605789894,0.17355672066587077,6.715233054791124,146.4252239626382
"(45, 882.36546778418)",70.53310367101635,14.582869818376391,0.17875085291588683,7.243124672003333,150.48045527794434
"(46, 882.36546778418)",70.13890806335209,14.996261854879616,0.18381804339580649,7.7873633389766,154.40733050913693
"(47, 882.36546778418)",69.76258296815654,15.400565706441549,0.18877383462236058,8.347818941300458,158.21969395067217
"(48, 882.36546778418)",69.4022060318106,15.79686663538518,0.1936315292971604,8.9243894295971,161.929385496458
"(49, 882.36546778418)",69.05612777052721,16.186100820009163,0.19840260271083615,9.516997038484044,165.54660831206172
"(50, 882.36546778418)",68.72292163693436,16.56908188164181,0.20309702790080783,10.125585263015031,169.08021876625793
"(51, 882.36546778418)",68.40134478330603,16.946521929022634,0.20772353360470855,10.750116427845843,172.53795647105565
"(52, 882.36546778418)",68.09030695337655,17.31904837228104,0.2122898103592495,11.390569699674733,175.92662812377932
"(53, 882.36546778418)",67.7888456420062,17.687217443799778,0.21680267623344748,12.046939454024555,179.25225537756347
"(54, 882.36546778418)",67.49610610199532,18.05152514514296,0.22126821101157865,12.7192339156004,182.52019459939987
"(55, 882.36546778418)",67.21132513540353,18.41241616741744,0.22569186553532347,13.407474014322943,185.73523449383703
"(56, 882.36546778418)",66.93381786119755,18.770291205728814,0.2300785513613777,14.111692411935447,188.90167618715307
"(57, 882.36546778418)",66.66296684048261,19.125512992999667,0.23443271472152505,14.831932664169099,192.0233993250046
"(58, 882.36546778418)",66.39821308235871,19.478411306083853,0.23875839788554062,15.568248491181802,195.10391694649462
"(59, 882.36546778418)",66.13904855972874,19.82928714229328,0.24305929035534662,16.320703134836503,198.1464212988498
"(60, 882.36546778418)",65.88500994521955,20.17841622234273,0.24733877180267638,17.089368786028484,201.15382229680463
"(61, 882.36546778418)",65.63567333880992,20.526051943440123,0.2515999482668522,17.874326068711763,204.1287799782448
"(62, 882.36546778418)",65.390649806208,20.872427881116437,0.2558456828211816,18.675663570106387,207.07373203296845
"(63, 882.36546778418)",65.1495815835467,21.217759918899798,0.2600786216776447,19.493477408686353,209.99091726857338
"(64, 882.36546778418)",64.91213883260276,21.562248069562692,0.2643012165109889,20.327870833251264,212.88239570939535
"(65, 882.36546778418)",64.67801685303193,21.90607803962414,0.26851574363575964,21.178953847758308,215.75006589282572
"(66, 882.36546778418)",64.44693367584179,22.24942257915971,0.2727243205517139,22.046842857625535,218.59567982211018
"(67, 882.36546778418)",64.21862797628341,22.592442651344147,0.27692892027960614,22.931660334063377,221.4208559514192
"(68, 882.36546778418)",63.99285725553043,22.935288450015758,0.2811313838340673,23.833534493719966,224.22709051184071
"(69, 882.36546778418)",63.769396249488665,23.278100288601344,0.28533343111972626,24.752598991351714,227.01576743307064
"(70, 882.36546778418)",63.54803553026274,23.62100937977622,0.28953667048776166,25.688992623815917,229.7881670717919
"(71, 882.36546778418)",63.32858027169618,23.964138521929808,0.2937426071507576,26.642859043870452,232.5454739228524
"(72, 882.36546778418)",63.11084915511891,24.30760270595052,0.29795265061987,27.61434648267834,235.28878345905957
"(73, 882.36546778418)",62.89467339535422,24.651509653553184,0.3021681213038125,28.603607480054293,238.01910822365107
"(74, 882.36546778418)",62.67989587019216,24.995960296699117,0.30639025638535594,29.610798621695697,240.73738327828377
"(75, 882.36546778418)",62.46637033918112,25.341049206127707,0.3106202150739025,30.636080282818998,243.44447109408753
"(76, 882.36546778418)",62.25396073975014,25.686864975797246,0.31485908331794943,31.67961637769833,246.1411659602422
"(77, 882.36546778418)",62.04254055047551,26.033490569047995,0.31910787804818586,32.7415741147309,248.82819797287368
"(78, 882.36546778418)",61.83199221282252,26.38100363142487,0.32336755101193876,33.82212375671523,251.5062366581588
"(79, 882.36546778418)",61.622206603898526,26.729476774421254,0.32763899225119447,34.92143838614277,254.17589427591977
"(80, 882.36546778418)",61.4130825538655,27.078977833782393,0.3319230332687641,36.03969367527134,256.8377288432656
"(81, 882.36546778418)",61.20452640252023,27.429570105517694,0.3362204499212415,37.177067660924074,259.4922469124396
"(82, 882.36546778418)",60.99645159027448,27.78131256236394,0.34053196507231104,38.33374052381389,262.1399061326819
"(83, 882.36546778418)",60.78877827944326,28.13426005306082,0.3448582510353856,39.509894372525565,264.7811176215466
"(84, 882.36546778418)",60.581433002287746,28.48846348649785,0.3491999318308094,40.70571303191931,267.41624816817654
"(85, 882.36546778418)",60.374348332669975,28.843970002556667,0.3535575852799982,41.92138183611726,270.0456222881135
"(86, 882.36546778418)",60.16746257864985,29.200823131216456,0.3579317449555375,43.15708742604871,272.669524146452
"(87, 882.36546778418)",59.96071949364187,29.559062941303985,0.3623229020048092,44.41301755158487,275.2881993648103
"(88, 882.36546778418)",59.75406800405061,29.918726180145736,0.3667315068614776,45.689360878385166,277.9018567246397
"(89, 882.36546778418)",59.54746195159534,30.279846405159837,0.3711579708586463,46.986306799475976,280.51066977904054
"(90, 882.36546778418)",59.34085984872104,30.64245410836504,0.3756026677550094,48.3040452517247,283.1147783829101
"(91, 882.36546778418)",59.13422464569015,31.006576834647525,0.3800659351845405,49.64276653728632,285.71429015065263
"(92, 882.36546778418)",58.92752350815748,31.372239294524253,0.3845480760385946,51.00266115013621,288.30928184916473
"(93, 882.36546778418)",58.720727604133494,31.739463472061924,0.38904935978886657,52.38391960787903,290.89980073335994
"(94, 882.36546778418)",58.513811899354636,32.10826872852616,0.3935700237578869,53.7867322889068,293.485865830052
"(95, 882.36546778418)",58.30675496063723,32.47867190235836,0.39811027434435386,55.21128927511512,296.0674691764289
"(96, 882.36546778418)",58.099538765293566,32.850687405679885,0.4026702882061554,56.65778020029465,298.64457701552027
"(97, 882.36546778418)",57.89214851800272,33.22432731813193,0.4072502134105941,58.12639410437976,301.21713095686624
"(98, 882.36546778418)",57.68457247258101,33.59960147799439,0.41185017055127787,59.61731929370745,303.78504910176514
"(99, 882.36546778418)",57.47680175941001,33.97651757111866,0.4164702538382295,61.13074320745062,306.3482271387149
"(100, 882.36546778418)",57.268830217710615,34.355081217859016,0.421110532163481,62.666852290397,308.9065394108779
"(101, 882.36546778418)",57.06065423237275,34.73529605824487,0.4257710501449437,64.22583187222915,311.4598399578757
"(102, 882.36546778418)",56.852272575096265,35.117163835546194,0.4304518291509872,65.80786605346384,314.0079635339029
"(103, 882.36546778418)",56.64368624954731,35.50068447843925,0.4351528683073249,67.41313759821377,316.55072660340664
"(104, 882.36546778418)",56.43489834038617,35.88585618184779,0.43987414548809906,69.04182783392888,319.0879283158441
"(105, 882.36546778418)",56.22591386597426,36.2726754865935,0.44461561829206664,70.69411655823995,321.6193514601918
"(106, 882.36546778418)",56.016739634645525,36.6611373579101,0.44937722500512206,72.37018195306388,324.1447634001374
"(107, 882.36546778418)",55.80738410443277,37.05123526288878,0.4541588855495901,74.07020050610048,326.6639169902055
"(108, 882.36546778418)",55.59785724618646,37.44296124688216,0.45896050242063136,75.79434693982432,329.1765514730183
"(109, 882.36546778418)",55.38817041001117,37.836306008881365,0.46378196161030993,77.54279414809629,331.68239335804947
"(110, 882.36546778418)",55.17833619499854,38.23125897587156,0.46862313351886337,79.31571314050915,334.18115728135103
"(111, 882.36546778418)",54.9683683222194,38.627808376140436,0.47348387385352697,81.11327299451844,336.6725468465146
"(112, 882.36546778418)",54.75828151096395,39.02594131153467,0.4783640245139931,82.93564081548523,339.1562554459273
"(113, 882.36546778418)",54.54809135822443,39.42564382860587,0.48326341446459553,84.78298170466415,341.63196706236874
"(114, 882.36546778418)",54.33781422142457,39.82690098861129,0.4881818605923399,86.65545873520855,344.0993570501028
"(115, 882.36546778418)",54.12746710438887,40.22969693631808,0.4931191685502639,88.55323293622564,346.55809289497387
"(116, 882.36546778418)",53.917067546572326,40.634014967545134,0.49807513358535116,90.47646328493671,349.00783495276966
"(117, 882.36546778418)",53.70663351554313,41.039837595387105,0.50304954135027,92.42530670692884,351.4482371652194
"(118, 882.36546778418)",53.496183302733776,41.4471466150485,0.5080421686980812,94.39991808453584,353.8789477528359
"(119, 882.36546778418)",53.2857354224539,41.85592316722411,0.5130527844591389,96.40045027333552,356.29960988392867
"(120, 882.36546778418)",53.07530851417294,42.266147799952975,0.5180811501992609,98.42705412674484,358.709862318992
"(17, 882.6321608143868)",92.2800405584778,0.24376463423328035,0.0029879671712504745,0.04643502256484335,2.590840898238414
"(18, 882.6321608143868)",92.03050334900779,0.3347248527567891,0.004102920321418724,0.0659706872189075,3.5553987417241593
"(19, 882.6321608143868)",91.72219921277846,0.45127728318028953,0.005531572336220837,0.09147061844370637,4.790873025375977
"(20, 882.6321608143868)",91.34632840177434,0.5992609399480503,0.007345495466187865,0.12422690452448622,6.35914363104919
"(21, 882.6321608143868)",90.89324143834031,0.785684372736254,0.00963059764631071,0.16573584484152817,8.33453936565564
"(22, 882.6321608143868)",90.35243086822064,1.0188290824617294,0.012488390127164819,0.21771782530524966,10.80493693772729
"(23, 882.6321608143868)",89.7126091828972,1.3082660890750517,0.01603619055615562,0.2821308204676899,13.871926701343206
"(24, 882.6321608143868)",88.96196817872149,1.6647143935364306,0.020405388062301223,0.36117253551582484,17.649279222169195
"(25, 882.6321608143868)",88.08884609588395,2.0996051839960193,0.025736101473865642,0.457264106209509,22.258246748606847
"(26, 882.6321608143868)",87.08333111310944,2.6240559189077297,0.03216460404883262,0.5730038239125075,27.8165101494478
"(27, 882.6321608143868)",85.94087857701345,3.2466305554692196,0.039795869271340385,0.7110696807377702,34.41404440571225
"(28, 882.6321608143868)",84.6694361407194,3.968910705923665,0.04864928389725111,0.8740338189503829,42.06538874935292
"(29, 882.6321608143868)",83.29978405133758,4.778678333819248,0.05857508423372625,1.0640472506252323,50.636205916473294
"(30, 882.6321608143868)",81.89139214809241,5.644764131160387,0.06919120965356478,1.2824192725166845,59.78796761337045
"(31, 882.6321608143868)",80.5194763565775,6.522597225455464,0.07995132863407639,1.5292945304159857,69.03831942186001
"(32, 882.6321608143868)",79.24534660554696,7.3714295039743964,0.09035596747797413,1.803717801660886,77.94736501589789
"(33, 882.6321608143868)",78.0974966739024,8.16777089128021,0.10011719444948405,2.1040848930838303,86.26257077853842
"(34, 882.6321608143868)",77.07641876152863,8.905087699425186,0.10915492227443131,2.42864296566269,93.91500194494506
"(35, 882.6321608143868)",76.16867773481859,9.586588752459406,0.11750848340541184,2.775791593382273,100.94097502875789
"(36, 882.6321608143868)",75.35718046840859,10.219132014965673,0.12526193996693957,3.1441862342400313,107.41603050658183
"(37, 882.6321608143868)",74.62587485633489,10.810062777777064,0.1325053275293567,3.5327370186263396,113.42072653802782
"(38, 882.6321608143868)",73.96118753497971,11.365997352549195,0.13931974613444653,3.9405712496571845,119.02751732510117
"(39, 882.6321608143868)",73.35209682656222,11.89251811192494,0.14577362222252238,4.3669909136893175,124.29749625831572
"(40, 882.6321608143868)",72.78977095410521,12.394217276569972,0.151923245355993,4.811435731592086,129.28090659490226
"(41, 882.6321608143868)",72.2671369963646,12.874844527730536,0.1578145775937201,5.27345378234465,134.01876784721023
"(42, 882.6321608143868)",71.77849936594295,13.337465150780869,0.16348519194992417,5.752678935136612,138.54460929677975
"(43, 882.6321608143868)",71.31923318071135,13.78459851475349,0.1689659698196223,6.2488137048358885,142.88598534115582
"(44, 882.6321608143868)",70.8855470125575,14.218330747612438,0.17428248210604083,6.7616162320308115,147.06570754131872
"(45, 882.6321608143868)",70.47430190316432,14.640403645373093,0.17945607903223207,7.290890346109383,151.102816461387
"(46, 882.6321608143868)",70.08287363675727,15.052284025010039,0.18450474024064836,7.836477923460821,155.0133396356398
"(47, 882.6321608143868)",69.70904764789115,15.455217662184848,0.1894437359397489,8.398252958367665,158.810881046883
"(48, 882.6321608143868)",69.35093833007437,15.850271343496793,0.19428614236328295,8.976116918924692,162.50708073147132
"(49, 882.6321608143868)",69.00692662538198,16.238365804090993,0.1990432455060216,9.569995074852308,166.111974801636
"(50, 882.6321608143868)",68.67561135024872,16.620301685965345,0.20372485931006046,10.179833559655423,169.6342792247902
"(51, 882.6321608143868)",68.35577094268923,16.996780127425993,0.20833957804194755,10.805597007936209,173.08161494238553
"(52, 882.6321608143868)",68.04633312563631,17.36841921361893,0.21289497793656623,11.447266622119953,176.4606877805627
"(53, 882.6321608143868)",67.74635067481681,17.73576720647554,0.21739777936439653,12.104838583014601,179.777433173632
"(54, 882.6321608143868)",67.45498190761957,18.09931325809255,0.22185397815174865,12.7783227255377,183.03713339580796
"(55, 882.6321608143868)",67.17147485894931,18.459496142745024,0.22626895261419636,13.467741423625384,186.24451314745085
"(56, 882.6321608143868)",66.89515435742418,18.81671141878225,0.23064755134417886,14.173128640483402,189.4038179889764
"(57, 882.6321608143868)",66.62541139980716,19.171317338211242,0.23499416564824815,14.894529110290433,192.51887909459677
"(58, 882.6321608143868)",66.36169435928501,19.52363975116219,0.23931278966401065,15.631997624812774,195.5931670268518
"(59, 882.6321608143868)",66.10350166673938,19.873976198788554,0.2436070705292089,16.38559840422171,198.62983664663668
"(60, 882.6321608143868)",65.85037568264578,20.22259934709066,0.2478803504721384,17.15540453574492,201.63176482490613
"(61, 882.6321608143868)",65.60189753710415,20.56975988257251,0.25213570230541993,17.941497467258046,204.60158227702772
"(62, 882.6321608143868)",65.3576827615971,20.915688966134525,0.2563759595048098,18.7439665455908,207.5417005730012
"(63, 882.6321608143868)",65.11737757168862,21.26060032253542,0.26060374182097085,19.56290859140946,210.45433516834862
"(64, 882.6321608143868)",64.88065568766757,21.604692027781855,0.26482147718857335,20.39842750418778,213.34152513682056
"(65, 882.6321608143868)",64.64721560197923,21.948148044967343,0.26903142055195817,21.250633892104734,216.20515015663415
"(66, 882.6321608143868)",64.41677821941276,22.291139549744802,0.2732356701122622,22.119644722722956,219.04694520003
"(67, 882.6321608143868)",64.18908480974207,22.633826079102125,0.27743618140861925,23.00558299111367,221.86851329366814
"(68, 882.6321608143868)",63.963895223333004,22.97635653115163,0.2816347795731831,23.90857740278637,224.67133665237577
"(69, 882.6321608143868)",63.74098632904897,23.31887003877689,0.2858331700399273,24.828762069256165,227.4567864355109
"(70, 882.6321608143868)",63.520150640745356,23.661496736113726,0.29003294793985324,25.76627621454587,230.22613133297332
"(71, 882.6321608143868)",63.3011951044247,24.004358433628266,0.2942356063758277,26.721263891227572,232.98054515280057
"(72, 882.6321608143868)",63.08394002272458,24.34756921498318,0.29844254373871953,27.69387370489082,235.72111355415734
"(73, 882.6321608143868)",62.86821809719645,24.691235966761692,0.3026550702005755,28.68425854612239,238.44884004644155
"(74, 882.6321608143868)",62.65387357197873,25.035458850362236,0.3068744134987476,29.69257532931,241.16465135573722
"(75, 882.6321608143868)",62.44076146501692,25.380331723916104,0.31110172410791237,30.718984737657713,243.86940224479017
"(76, 882.6321608143868)",62.22874687507433,25.72594252095218,0.31533807988126655,31.7636509739721,246.5638798586899
"(77, 882.6321608143868)",62.017704354584254,26.072373591451242,0.31958449023118163,32.826741516853275,249.2488076586589
"(78, 882.6321608143868)",61.80751733984178,26.419702010164993,0.3238418999084481,33.90842688199527,251.9248489964346
"(79, 882.6321608143868)",61.598077631224434,26.767999856377003,0.3281111924314257,35.008880388382536,254.5926103747518
"(80, 882.6321608143868)",61.389284917236125,27.117334468663486,0.33239319320884275,36.12827792921829,257.25264443269657
"(81, 882.6321608143868)",61.181046336963824,27.467768677766045,0.3366886723942261,37.266797747477646,259.9054526895653
"(82, 882.6321608143868)",60.973276076298845,27.81936102025172,0.3409983475048679,38.42462021594551,262.5514880764112
"(83, 882.6321608143868)",60.76589499389554,28.172165935289613,0.3453228858338378,39.601927621836055,265.191157280344
"(84, 882.6321608143868)",60.55883027338951,28.52623394656343,0.3496629066797812,40.79890395579961,267.82482292361505
"(85, 882.6321608143868)",60.352015098799065,28.881611831108643,0.3540189834164643,42.01573470547109,270.4528055967154
"(86, 882.6321608143868)",60.145388350481205,29.238342776616253,0.35839164542093627,43.25260665351518,273.07538576218934
"(87, 882.6321608143868)",59.93889431929981,29.596466528579267,0.3627813798771927,44.509707680262885,275.69280554396863
"(88, 882.6321608143868)",59.73248243698413,29.956019528479903,0.36718863347001524,45.78722657099699,278.3052704151244
"(89, 882.6321608143868)",59.526107020913365,30.317035044071602,0.3716138139819172,47.085352827971974,280.91295079536314
"(90, 882.6321608143868)",59.319727031730366,30.679543292710385,0.37605729180488867,48.404276487288904,283.5159835684664
"(91, 882.6321608143868)",59.113305842449016,31.043571558548248,0.38051940137690254,49.74418794071342,286.11447352837905
"(92, 882.6321608143868)",58.906811017847694,31.40914430432487,0.3850004425522398,51.10527776260002,288.7084947617786
"(93, 882.6321608143868)",58.70021410307676,31.77628327842018,0.3895006819135715,52.487736542032216,291.29809197402056
"(94, 882.6321608143868)",58.49349042053787,32.145007617697786,0.3940203540328175,53.89175472032869,293.88328176450665
"(95, 882.6321608143868)",58.28661887459291,32.51533394676838,0.39855966268763254,55.31752243407833,296.46405385735994
"(96, 882.6321608143868)",58.07958176224159,32.88727647382989,0.4031187820362914,56.76522936385317,299.0403722897025
"(97, 882.6321608143868)",57.87236459111673,33.26084708391734,0.40769785776069356,58.23506458875579,301.61217656596165
"(98, 882.6321608143868)",57.66495590230733,33.636055429471966,0.4122970081765135,59.72721644698429,304.17938277715876
"(99, 882.6321608143868)",57.457347098734736,34.012909018780455,0.41691632531728356,61.241872402543585,306.7418846910442
"(100, 882.6321608143868)",57.24953227829482,34.391413302461025,0.421555875994382,62.77921891831882,309.2995548146042
"(101, 882.6321608143868)",57.04150807151414,34.771571758201425,0.4262157028359517,64.3394413356251,311.85224543149354
"(102, 882.6321608143868)",56.833273483409805,35.153385973969485,0.4308958253066291,65.92272376042278,314.39978961586587
"(103, 882.6321608143868)",56.624829739337926,35.53685572981705,0.43559624071038056,67.52924895635229,316.94200222447466
"(104, 882.6321608143868)",56.41618013466075,35.92197907840376,0.4403169251775045,69.15919824472627,319.4786808678412
"(105, 882.6321608143868)",56.20732988802479,36.308752424357095,0.44505783463739435,70.81275141164572,322.00960686172965
"(106, 882.6321608143868)",55.99828599818668,36.69717060251393,0.4498189057775936,72.4900866223575,324.53454615928297
"(107, 882.6321608143868)",55.78905710423712,37.0872269551194,0.454600056990069,74.19138034299904,327.053250264489
"(108, 882.6321608143868)",55.57965334919186,37.47891340799507,0.45940118930486123,75.91680726984487,329.5654571270039
"(109, 882.6321608143868)",55.370086246867906,37.87222054570682,0.46422218731137194,77.6665402661668,332.0708920184504
"(110, 882.6321608143868)",55.16036855202851,38.2671376857108,0.4690629200674078,79.44075030681155,334.5692683901906
"(111, 882.6321608143868)",54.950514133754005,38.66365295149039,0.47392324199546443,81.23960643058398,337.06028871203233
"(112, 882.6321608143868)",54.74053785205125,39.06175334462512,0.4788029937662443,83.0632757005167,339.54364529178093
"(113, 882.6321608143868)",54.530455437673886,39.4614248157805,0.4837020031686913,84.91192317209341,342.0190210749359
"(114, 882.6321608143868)",54.32028337517322,39.862652334548805,0.4886200859662754,86.78571186948054,344.4860904242445
"(115, 882.6321608143868)",54.11003878917111,40.26541995811255,0.4935570467384408,88.684802769813,346.94451987810436
"(116, 882.6321608143868)",53.89973933387968,40.66971089864427,0.4985126797068851,90.60935479556977,349.39396888748854
"(117, 882.6321608143868)",53.68940308585889,41.07550758940077,0.5034867695456025,92.5595248150407,351.83409053044954
"(118, 882.6321608143868)",53.479048440024776,41.482791749427626,0.5084790921741988,94.53546765092517,354.2645322037257
"(119, 882.6321608143868)",53.26869400891398,41.891544446823886,0.5134894155331299,96.53733609702991,356.6849362902931
"(120, 882.6321608143868)",53.058358525200326,42.30174616047634,0.5185175003405725,98.56528094306995,359.0949408026042
"(17, 882.8888691570412)",92.26759808596987,0.24820439618320872,0.003042387957088697,0.04720901934616315,2.638881443624877
"(18, 882.8888691570412)",92.01420137053636,0.34074298679792075,0.00417668814669688,0.0670333757919478,3.6205180988668784
"(19, 882.8888691570412)",91.70115688177737,0.45934998903907914,0.005630524262389679,0.09290327375227314,4.878223925030234
"(20, 882.8888691570412)",91.31949436766361,0.6100009230357731,0.007477141785543393,0.12612938825449785,6.475355867310768
"(21, 882.8888691570412)",90.85936084398746,0.799874854930745,0.009804538772242959,0.16823033871451276,8.488087810517438
"(22, 882.8888691570412)",90.31001010808356,1.0374606681857252,0.012716768483470706,0.22095289407898763,11.006540451624366
"(23, 882.8888691570412)",89.65988381509978,1.3325723270261318,0.016334126478168752,0.2862855252213468,14.134932929757149
"(24, 882.8888691570412)",88.89688885202226,1.6961964135180199,0.020791281785094175,0.366460084527616,17.98993117903957
"(25, 882.8888691570412)",88.00912227190557,2.1400221076655583,0.026231515591124282,0.4639340815978004,22.69557905492521
"(26, 882.8888691570412)",86.98663182382603,2.675323840501053,0.03279302525989484,0.581341038933587,28.37125594901325
"(27, 882.8888691570412)",85.82539892050256,3.310504187175391,0.04057880612041972,0.7213856534978146,35.10519059390237
"(28, 882.8888691570412)",84.53510824506,4.046256372291995,0.04959735543631572,0.8866436766263683,42.902309377722254
"(29, 882.8888691570412)",83.14999049734115,4.868344618162208,0.05967417686801082,1.0792245470183401,51.606441985856996
"(30, 882.8888691570412)",81.73363540313278,5.742897614865573,0.07039408975401001,1.3003352544051323,60.84982304385202
"(31, 882.8888691570412)",80.36300014792762,6.6237557943671765,0.08119128899153154,1.5499776494017692,70.13290767373405
"(32, 882.8888691570412)",79.09724523769947,7.470915873996372,0.0915754307054742,1.8270693876970938,79.02385907042802
"(33, 882.8888691570412)",77.9610959875372,8.262904894335101,0.10128330814309544,2.1299355049432074,87.29196988599847
"(34, 882.8888691570412)",76.95220624496682,8.994921401133059,0.11025606704229084,2.4568053385948634,94.88704901007621
"(35, 882.8888691570412)",76.0557520377258,9.671143863790897,0.1185449253717165,2.8060901039525112,101.8559050017881
"(36, 882.8888691570412)",75.25419304930024,10.29883731329058,0.12623893490929008,3.1764674923215206,108.27848299333093
"(37, 882.8888691570412)",74.53146720097517,10.885461591365141,0.13342953534342655,3.566870934578058,114.23658063692929
"(38, 882.8888691570412)",73.8741491106922,11.437621816810585,0.14019768951841885,3.9764485388875537,119.80253101845922
"(39, 882.8888691570412)",73.2713999655296,11.960844524428293,0.14661113943715576,4.404519771034688,125.03682333246104
"(40, 882.8888691570412)",72.71455948108654,12.45965636455829,0.1527253709278213,4.850538699410709,129.9889913306431
"(41, 882.8888691570412)",72.19670127890613,12.937745196371253,0.15858558825955796,5.314065104819171,134.6993855782661
"(42, 882.8888691570412)",71.71225033650533,13.398122491236037,0.16422870481652763,5.794742417118203,139.2009530614714
"(43, 882.8888691570412)",71.25667948741025,13.843262354035305,0.16968504716431143,6.2922810074437745,143.52075839631436
"(44, 882.8888691570412)",70.8262761804598,14.275213391989553,0.17497972629220943,6.806445521530122,147.68120715000725
"(45, 882.8888691570412)",70.41796522616085,14.69568645108964,0.18013371305053485,7.337045220778297,151.70100499146739
"(46, 882.8888691570412)",70.02917419392949,15.106122812826905,0.18516467407823112,7.883926556855678,155.59590314790591
"(47, 882.8888691570412)",69.65773082335622,15.507747121332933,0.1900876205621078,8.44696741071516,159.3792769481169
"(48, 882.8888691570412)",69.30178429932087,15.901608597063634,0.19491541341731583,9.02607257954323,163.06257635374794
"(49, 882.8888691570412)",68.9597443745895,16.28861329527107,0.1996591586984982,9.621170207136345,166.65567863302695
"(50, 882.8888691570412)",68.63023388884888,16.669549520495643,0.20432851912024788,10.232208926848156,170.16716625576038
"(51, 882.8888691570412)",68.31205144716809,17.045107982206513,0.20893196111669374,10.859155563066897,173.60454731801372
"(52, 882.8888691570412)",68.00414181276902,17.41589789945461,0.21347695224574892,11.50199324912748,176.97443171021345
"(53, 882.8888691570412)",67.70557224970638,17.782459954275115,0.21797011996663185,12.16071987905815,180.28267284830605
"(54, 882.8888691570412)",67.41551346721054,18.145276783236632,0.22241738024097,12.835346816689054,183.5344825051326
"(55, 882.8888691570412)",67.13322415878342,18.504781530682695,0.2268240423749426,13.525897807733669,186.7345244623082
"(56, 882.8888691570412)",66.85803836995241,18.86136486583001,0.2311948950320009,14.232408052376112,189.88699137730802
"(57, 882.8888691570412)",66.58935510815937,19.215380774483574,0.23553427722533818,14.954923405345943,192.99566826185392
"(58, 882.8888691570412)",66.32662974234073,19.567151367065335,0.23984613725274306,15.69349967785031,196.06398521290848
"(59, 882.8888691570412)",66.06936684063419,19.916970892159704,0.24413408189300018,16.44820202111999,199.09506146408341
"(60, 882.8888691570412)",65.8171141708442,20.26510910475573,0.24840141769241325,17.219104375772478,202.0917423876881
"(61, 882.8888691570412)",65.56945764680098,20.611814107392533,0.2526511857904217,18.006288974427193,205.05663073926374
"(62, 882.8888691570412)",65.32601704846842,20.957314758552204,0.25688619144070973,18.80984588766704,207.9921131754804
"(63, 882.8888691570412)",65.08644237845914,21.301822723955016,0.2611090291549998,19.62987260542076,210.9003828719299
"(64, 882.8888691570412)",64.85041074463625,21.64553423178179,0.26532210421815383,20.466473647524285,213.78345890800819
"(65, 882.8888691570412)",64.61762367980046,21.988631581306638,0.2695276511800742,21.31976019839977,216.64320295852943
"(66, 882.8888691570412)",64.38780482615064,22.331284445236633,0.27372774981939557,22.189849761864043,219.4813337330836
"(67, 882.8888691570412)",64.16069792556465,22.67365099876757,0.27792433898299385,23.0768658328496,222.299439523064
"(68, 882.8888691570412)",63.93606506740385,23.015878902466593,0.2821192286336083,23.980937583439164,225.09898915234405
"(69, 882.8888691570412)",63.71368515397264,23.358106161402375,0.286314110381009,24.902199561173905,227.88134157681944
"(70, 882.8888691570412)",63.49335255077741,23.70046187909577,0.2905105667233141,25.840791397935913,230.64775433458203
"(71, 882.8888691570412)",63.2748758941805,24.043066921755443,0.29471007918906506,26.796857528103693,233.399391016312
"(72, 882.8888691570412)",63.0580770336591,24.386034505731267,0.2989140355379681,27.77054691487361,236.13732789641065
"(73, 882.8888691570412)",62.84279008955409,24.729470719031482,0.3031237361534296,28.762012783912922,238.86255984324583
"(74, 882.8888691570412)",62.62886061021688,25.07347498605185,0.30734039973902255,29.77141236361438,241.57600560824423
"(75, 882.8888691570412)",62.41614481502377,25.418140483225496,0.31156516841335,30.798906631447903,244.27851257773779
"(76, 882.8888691570412)",62.204508911744746,25.763554512158123,0.31579911228380825,31.844660065916706,246.97086105913223
"(77, 882.8888691570412)",61.99382847849416,26.10979883583553,0.3200432335675486,32.90884040382535,249.65376816199043
"(78, 882.8888691570412)",61.78398790195635,26.456949982643394,0.32429847031830733,33.99161840252557,252.32789132616307
"(79, 882.8888691570412)",61.57487986471855,26.805079522332136,0.3285656998087973,35.093167607012724,254.99383154096816
"(80, 882.8888691570412)",61.36640487560028,27.15425431741322,0.3328457416122842,36.21366412162685,257.65213629417946
"(81, 882.8888691570412)",61.158470837712024,27.504536753028876,0.3371393604203256,37.35328638634467,260.30330228348475
"(82, 882.8888691570412)",60.95099264965355,27.855984947945185,0.341447268629028,38.51221495748937,262.9477779191537
"(83, 882.8888691570412)",60.743891835927926,28.20865294894397,0.3457701287217131,39.69063229295489,265.58596564244294
"(84, 882.8888691570412)",60.537096203126545,28.562590910604776,0.35010855547269837,40.88872254179212,268.2182240817038
"(85, 882.8888691570412)",60.33053951889716,28.91784526223018,0.3544631179933827,42.106671338273536,270.844870064783
"(86, 882.8888691570412)",60.12416121109081,29.274458863437793,0.3588343416394267,43.34466560044565,273.46618050429913
"(87, 882.8888691570412)",59.9179060848088,29.632471149763415,0.36322270979549676,44.6028933332168,276.0823941702855
"(88, 882.8888691570412)",59.71172405536055,29.991918269455997,0.36762866555203993,45.88154343607424,278.6937133628784
"(89, 882.8888691570412)",59.50556989536271,30.352833212519027,0.3720526132870261,47.180805515517775,281.30030549638667
"(90, 882.8888691570412)",59.299402994479195,30.715245932905376,0.3764949201637555,48.50086970231325,283.90230460443536
"(91, 882.8888691570412)",59.09318713044396,31.079183464687933,0.3809559175548365,49.841926473688694,286.49981277498387
"(92, 882.8888691570412)",58.88689025017149,31.44467003293519,0.3854359024012663,51.2041664805996,289.09290152297814
"(93, 882.8888691570412)",58.68048425995074,31.811727159919077,0.38993513851421246,52.58778038020481,291.6816131072024
"(94, 882.8888691570412)",58.47394482374795,32.18037376720669,0.39445385782650144,53.99295867370356,294.26596179736856
"(95, 882.8888691570412)",58.26725116922475,32.55062627422462,0.39899226160079243,55.41989154967231,296.84593509746173
"(96, 882.8888691570412)",58.06038589959893,32.92249869348078,0.40355052159665167,56.868768733083996,299.4214949271179
"(97, 882.8888691570412)",57.85333481272449,33.29600272324119,0.40812878120666013,58.33977934014208,301.9925787698476
"(98, 882.8888691570412)",57.6460867249118,33.67114783758092,0.4127271565600949,59.83311173913783,304.5591007866054
"(99, 882.8888691570412)",57.43863330021449,34.047941374344454,0.41734573760131116,61.34895341743409,307.12095290089877
"(100, 882.8888691570412)",57.23096888440301,34.426388621202726,0.42198458914441583,62.8874908548123,309.67800585659967
"(101, 882.8888691570412)",57.0230903433893,34.80649290000163,0.4266437519071789,64.44890940328112,312.2301102509653
"(102, 882.8888691570412)",56.81499690579697,35.18825564959735,0.4313232435265875,66.03339317356645,314.77709754476945
"(103, 882.8888691570412)",56.60669000946231,35.57167650733952,0.4360230595573467,67.64112492838947,317.3187810505896
"(104, 882.8888691570412)",56.39817315169807,35.9567533892846,0.4407431744553847,69.2722859827233,319.85495690087583
"(105, 882.8888691570412)",56.18945174313951,36.34348256927676,0.4454835425469902,70.9270561111481,322.38540499623673
"(106, 882.8888691570412)",55.98053296507975,36.7318587569325,0.45024409898480444,72.60561346245869,324.90988993486627
"(107, 882.8888691570412)",55.771425630183664,37.12187517459715,0.45502476069112724,74.30813448165819,327.4281619233844
"(108, 882.8888691570412)",55.56214004652018,37.51352363329815,0.4598254272888319,76.03479383943296,329.9399576692571
"(109, 882.8888691570412)",55.35268788486654,37.90679460769648,0.46464598202025814,77.78576436925303,332.4450012549756
"(110, 882.8888691570412)",55.14308204923408,38.30167731005714,0.46948629265375064,79.56121701218726,334.94300499361435
"(111, 882.8888691570412)",54.933336550621085,38.698159763192955,0.4743462123778596,81.36132076951085,337.4336702657033
"(112, 882.8888691570412)",54.72346638395582,39.09622887237791,0.47922558068276,83.18624266320317,339.9166883369252
"(113, 882.8888691570412)",54.513487408248416,39.49587049617206,0.48412422422846496,85.03614770439464,342.39174115620466
"(114, 882.8888691570412)",54.303416229947594,39.89706951612049,0.4890419576991737,86.91119886981953,344.8585021335495
"(115, 882.8888691570412)",54.09327008951014,40.29980990527151,0.4939785846430488,88.81155708631485,347.31663689698223
"(116, 882.8888691570412)",53.883066751187144,40.70407479544938,0.49893389829689355,90.73738122340599,349.76580402805257
"(117, 882.8888691570412)",53.672824396049045,41.10984654321719,0.5039076823946745,92.68882809398697,352.2056557749927
"(118, 882.8888691570412)",53.46256151824349,41.517106794465604,0.508899711959229,94.6660524631175,354.63583874291015
"(119, 882.8888691570412)",53.25229682449865,41.925836547554766,0.5139097540762297,96.66920706492468,357.055994560211
"(120, 882.8888691570412)",53.042049136862936,42.33601621494361,0.5189375686496079,98.69844262759328,359.46576052056344
"(17, 883.1346190294705)",92.25545865874862,0.25254314725773835,0.0030955705929362138,0.04796319858850066,2.6858423576830543
"(18, 883.1346190294705)",91.9982963433528,0.34662630769577274,0.0042488034876115716,0.06806862715470482,3.684196822208226
"(19, 883.1346190294705)",91.68062338117501,0.46724603955912614,0.005727310819679384,0.09429882518633215,4.963687633614585
"(20, 883.1346190294705)",91.29330059827515,0.620512960726998,0.007605994043473048,0.12798267015928994,6.589133981763702
"(21, 883.1346190294705)",90.8262729309746,0.8137751189481992,0.009974922522480122,0.1706606600451227,8.638538741693845
"(22, 883.1346190294705)",90.26855663965048,1.0557271527606686,0.012940671579240682,0.2241054429836674,11.204249622134547
"(23, 883.1346190294705)",89.60832369981897,1.356424197405203,0.016626492948348996,0.29033541352210757,14.393096102214264
"(24, 883.1346190294705)",88.83319820983711,1.7271180279326088,0.02117030628568893,0.3716159160950509,18.324614460254047
"(25, 883.1346190294705)",87.93104283308418,2.179750893415119,0.026718494795251433,0.47044005131841304,23.12558767072685
"(26, 883.1346190294705)",86.89188699051525,2.725740737638423,0.03341101496129904,0.589475521693785,28.916948447540985
"(27, 883.1346190294705)",85.71229813364886,3.3732927011614877,0.041348442040380615,0.7314520492216493,35.78478855957202
"(28, 883.1346190294705)",84.40381621547276,4.122136329537698,0.050527460912522894,0.8989460512826307,43.72360389222474
"(29, 883.1346190294705)",83.00423246083999,4.955933164721813,0.06074780144247244,1.094020960147773,52.55446552362804
"(30, 883.1346190294705)",81.58112508476091,5.838155059578979,0.07156171654502938,1.3177777481490733,61.8808515299404
"(31, 883.1346190294705)",80.21274467238597,6.721309113872209,0.08238705767653562,1.5700771609383433,71.18878563318795
"(32, 883.1346190294705)",78.95576562726075,7.566372019373298,0.09274549308789334,1.8497177625958359,80.05703794228124
"(33, 883.1346190294705)",77.83120143203229,8.353899818863434,0.10239868670527381,2.154962940234941,88.27686223234517
"(34, 883.1346190294705)",76.83410172865749,9.080706739722428,0.11130758863107929,2.4840300132963296,95.8155548675009
"(35, 883.1346190294705)",75.94844127218458,9.751831516948355,0.1195339616177576,2.8353440964671233,102.72923555791459
"(36, 883.1346190294705)",75.15633100595271,10.374881760452212,0.12717105663559855,3.207605292840432,109.10155736061411
"(37, 883.1346190294705)",74.4417383111335,10.957401461174396,0.1343113448395835,3.599769637369374,115.01522871887205
"(38, 883.1346190294705)",73.79139617436465,11.505972670003414,0.14103550631702758,4.011005103002372,120.54233303791425
"(39, 883.1346190294705)",73.19464694880175,12.026062909079117,0.14741055971775405,4.440647715517019,125.7427207817427
"(40, 883.1346190294705)",72.64299599880552,12.522133770763059,0.15349119341586165,4.888165081469387,130.66522154022636
"(41, 883.1346190294705)",72.12965684811194,12.997813158673143,0.1593218767698536,5.353128000476756,135.34953694372814
"(42, 883.1346190294705)",71.64916886803485,13.456060927448327,0.1649388904671251,5.835188896130231,139.82805529969787
"(43, 883.1346190294705)",71.1970972880259,13.899308027540545,0.17037203210390625,6.334065527270064,144.1273741380899
"(44, 883.1346190294705)",70.76980399519081,14.329567419893502,0.17564597573201426,6.849528656888021,148.26951320526402
"(45, 883.1346190294705)",70.36427391653612,14.74852060841728,0.1807813325385389,7.38139265571125,152.2728605833513
"(46, 883.1346190294705)",69.97798341519236,15.157584696037539,0.18579547279145617,7.929508280489207,156.1529058005938
"(47, 883.1346190294705)",69.60880008454234,15.557964332658635,0.19070316259651715,8.493757071006536,159.9228077763838
"(48, 883.1346190294705)",69.25490588762251,15.95069212380612,0.19551705920985288,9.074046960679146,163.59383663837673
"(49, 883.1346190294705)",68.91473771944625,16.336660243235478,0.20024809853240097,9.67030879947215,167.17571940931566
"(50, 883.1346190294705)",68.58694106626861,16.716645326833994,0.20490580024917496,10.28249357991678,170.67691226006713
"(51, 883.1346190294705)",68.27033354507002,17.091328220823552,0.2094985098946544,10.910570191422725,174.10481653163464
"(52, 883.1346190294705)",67.96387599036592,17.461309757121462,0.2140335922207022,11.554523589819565,177.46595133551932
"(53, 883.1346190294705)",67.66664933574204,17.82712344571372,0.21851758677448838,12.214353287005679,180.7660924603214
"(54, 883.1346190294705)",67.37783598643045,18.189245756613545,0.2229563339305276,12.890072091357666,184.01038493458626
"(55, 883.1346190294705)",67.09670469991673,18.548104504268395,0.22735507766331547,13.581705045307686,187.2034348513001
"(56, 883.1346190294705)",66.82259822777554,18.904085727971665,0.23171854988459384,14.289288518861028,190.3493847555311
"(57, 883.1346190294705)",66.55492314696708,19.257539372310845,0.23605104007196687,15.012869426970596,193.45197591849615
"(58, 883.1346190294705)",66.29314143938359,19.608784004139807,0.24035645308761638,15.752504545784982,196.51460008302192
"(59, 883.1346190294705)",66.03676347667617,19.95811075123672,0.2446383574567548,16.508259908197676,199.5403427043689
"(60, 883.1346190294705)",65.78534214173254,20.305786608613,0.2489000258950185,17.280210263239933,202.53201928198257
"(61, 883.1346190294705)",65.53846787511004,20.652057228192934,0.25314446950320535,18.068438587200408,205.49220604693025
"(62, 883.1346190294705)",65.29576447833786,20.997149284232307,0.2573744667616192,18.873035636752867,208.4232660146828
"(63, 883.1346190294705)",65.05688553994416,21.341272488559277,0.2615925882320642,19.694099536483183,211.32737121277398
"(64, 883.1346190294705)",64.82151137645181,21.68462131541146,0.2658012177001937,20.531735394679185,214.20652173655077
"(65, 883.1346190294705)",64.58934640129749,22.027376484349574,0.27000257035245284,21.386054942518655,217.06256216267258
"(66, 883.1346190294705)",64.360116851028,22.369706240740275,0.2741987084717285,22.25717619277581,219.897195751777
"(67, 883.1346190294705)",64.13356881110876,22.7117674661506,0.2783915550481208,23.14522311490003,222.711996793544
"(68, 883.1346190294705)",63.90946649404188,23.0537066452673,0.2825829056309157,24.050325324000926,225.50842138459862
"(69, 883.1346190294705)",63.68759073088262,23.395660711275767,0.28677443869116803,24.972617781715556,228.2878168791994
"(70, 883.1346190294705)",63.46773764388721,23.73775778796736,0.29096772471787274,25.912240507344958,231.05143021124547
"(71, 883.1346190294705)",63.24971747354041,24.0801178437083,0.2951642342341893,26.869338298004266,233.8004152535319
"(72, 883.1346190294705)",63.03335353759621,24.422853269983484,0.29936534488896394,27.84406045668583,236.53583935245538
"(73, 883.1346190294705)",62.81848130342059,24.76606939515211,0.3035723477541381,28.836560527479556,239.25868915425315
"(74, 883.1346190294705)",62.604947557896054,25.10986494238268,0.3077864529379283,29.846996037216638,241.96987582055272
"(75, 883.1346190294705)",62.39260966156278,25.454332439367448,0.31200879460693515,30.875528243065567,244.67023971597445
"(76, 883.1346190294705)",62.18133487578408,25.799558586225945,0.3162404354957793,31.92232188560363,247.36055463767525
"(77, 883.1346190294705)",61.970999753307765,26.145624587108315,0.3204823709716516,32.98754494708349,250.0415316466275
"(78, 883.1346190294705)",61.761489584076976,26.492606450155794,0.32473553271131944,34.07136841460337,252.71382255173987
"(79, 883.1346190294705)",61.55269788929795,26.840575259856795,0.3290007920393423,35.173966048013256,255.37802309004536
"(80, 883.1346190294705)",61.34452595771977,27.189597425249993,0.3332789629705735,36.29551415238205,258.03467584117243
"(81, 883.1346190294705)",61.13688241898126,27.53973490696231,0.3375708049929656,37.43619135496861,260.6842729079658
"(82, 883.1346190294705)",60.929682849538345,27.891045425657296,0.34187702562286615,38.59617838656819,263.32725839181023
"(83, 883.1346190294705)",60.72284940728095,28.243582654171856,0.34619828275993364,39.77565786731337,265.9640306865375
"(84, 883.1346190294705)",60.5163104914795,28.597396395276697,0.350535186866158,40.97481409680752,268.59494461266115
"(85, 883.1346190294705)",60.310000425134064,28.952532746785113,0.3548883029896775,42.19383284868392,271.22031341012024
"(86, 883.1346190294705)",60.10385915714153,29.309034255521723,0.35925815265206584,43.432901169621196,273.84041060599236
"(87, 883.1346190294705)",59.89783198207292,29.666940061459027,0.36364521561511126,44.692207182877326,276.4554717712636
"(88, 883.1346190294705)",59.69186927557228,30.026286033203665,0.36804993154146654,45.97193989640243,279.0656961792933
"(89, 883.1346190294705)",59.4859262436899,30.38710489583541,0.3724727015618286,47.272289015676535,281.6712483770066
"(90, 883.1346190294705)",59.279962684609195,30.749426352041763,0.37691388975957374,48.59344476131743,284.2722596784195
"(91, 883.1346190294705)",59.07394276148,31.113277197317444,0.3813738245829114,49.935597691626995,286.86882958921456
"(92, 883.1346190294705)",58.867834785182865,31.478681429957522,0.3858528001931478,51.29893853019278,289.4610271698372
"(93, 883.1346190294705)",58.66161100600529,31.84566035647545,0.39035107775675254,52.68365799868021,292.04889234377265
"(94, 883.1346190294705)",58.455247413306665,32.21423269296855,0.3948688866880446,54.089946654974106,294.63243715686326
"(95, 883.1346190294705)",58.2487235427716,32.584414663032945,0.3994064258492135,55.517994736820164,297.21164699344746
"(96, 883.1346190294705)",58.042022289389024,32.95622009238859,0.40396386471027546,56.967992011115115,299.78648175146657
"(97, 883.1346190294705)",57.835129727581815,33.32966050100846,0.4085413444783489,58.44012762903801,302.3568769846363
"(98, 883.1346190294705)",57.628034935946545,33.70474519268333,0.4131389791954933,59.93458998715661,304.92274501087974
"(99, 883.1346190294705)",57.420729827419585,34.081481342529436,0.41775685681136665,61.45156659469741,307.48397599235795
"(100, 883.1346190294705)",57.213208984039966,34.459874082633284,0.422395040232936,62.99124394713068,310.04043898892115
"(101, 883.1346190294705)",57.00546949610243,34.839926586020255,0.4270535683538988,64.55380740625144,312.5919829871449
"(102, 883.1346190294705)",56.797510805392974,35.22164014915831,0.43173245706581137,66.13944108690283,315.1384379065697
"(103, 883.1346190294705)",56.58933455232197,35.60501427310944,0.43643170025289596,67.74832775050908,317.6796155847163
"(104, 883.1346190294705)",56.38094442675011,35.99004674346651,0.4411512707718557,69.38064870556788,320.21531074190165
"(105, 883.1346190294705)",56.172346022369496,36.376733709159645,0.4458911214178511,71.03658371524855,322.7453019267287
"(106, 883.1346190294705)",55.96354669453105,36.765069760197285,0.45065118587743497,72.71631091223044,325.2693524428172
"(107, 883.1346190294705)",55.75455542141299,37.155048004399156,0.4554313796690347,74.42000672092641,327.78721125715265
"(108, 883.1346190294705)",55.54538266848869,37.54666014312823,0.46023160107141203,76.14784578718809,330.2986138903366
"(109, 883.1346190294705)",55.33604025621599,37.93989654606406,0.46505173203997857,77.90000091563755,332.80328328848435
"(110, 883.1346190294705)",55.12654123095063,38.33474632497395,0.4698916391112774,79.67664301469321,335.3009306769782
"(111, 883.1346190294705)",54.91689973903566,38.731197406500435,0.4747511742950168,81.47794104940867,337.79125639541473
"(112, 883.1346190294705)",54.70713090408314,39.12923660390667,0.479630175953583,83.30406200217904,340.2739507136264
"(113, 883.1346190294705)",54.49725070743019,39.52884968775885,0.48452846966837043,85.15517084140406,342.7486946281046
"(114, 883.1346190294705)",54.2872758717925,39.930021455480514,0.4894458690924171,87.03143049814784,345.215160638332
"(115, 883.1346190294705)",54.07722374810636,40.33273579973727,0.4943821767886446,88.93300185085181,347.6730135023482
"(116, 883.1346190294705)",53.86711220557891,40.736975775587524,0.4993371850528403,90.86004371810928,350.1219109707791
"(117, 883.1346190294705)",53.65695952496954,41.14272366631657,0.5043106767208017,92.81271285956045,352.5615044987592
"(118, 883.1346190294705)",53.446784295073655,41.54996104791912,0.5093024259586039,94.79116398487047,354.99143993486626
"(119, 883.1346190294705)",53.23660531245788,41.95866885212784,0.5143121990351933,96.79554977082671,357.41135818632796
"(120, 883.1346190294705)",53.02644148442049,42.368827427931585,0.5193397550765497,98.82602088651475,359.8208958598725
"(17, 883.3684782182328)",92.24369464817646,0.25675441879771294,0.003147190636796287,0.04869314268404601,2.731435860805361
"(18, 883.3684782182328)",91.98288287272881,0.3523388219825775,0.004318825150958959,0.06907040962300802,3.746043591670237
"(19, 883.3684782182328)",91.6607208681906,0.4749168754369533,0.005821336788011915,0.09564916682435987,5.04673625279754
"(20, 883.3684782182328)",91.26790329428506,0.6307319500026277,0.007731254233799668,0.12977599743583557,6.6997702897940465
"(21, 883.3684782182328)",90.79417586266517,0.8272983599530052,0.010140684878854481,0.17301269996651672,8.78494866955781
"(22, 883.3684782182328)",90.22832021040892,1.0735134264568955,0.013158688446495927,0.22715713503056414,11.396813453298384
"(23, 883.3684782182328)",89.55824174975076,1.3796699805669626,0.01691143024934797,0.2942568594685378,14.644767544391767
"(24, 883.3684782182328)",88.77128601430523,1.7572807132882518,0.02154002814432911,0.37660984341303916,18.65117203922087
"(25, 883.3684782182328)",87.85508995664934,2.2185341535694523,0.027193884133412605,0.4767437722764679,23.545476271499172
"(26, 883.3684782182328)",86.79968739831175,2.7749770178740314,0.034014533143668896,0.5973592652619759,29.45000711516446
"(27, 883.3684782182328)",85.60228820118955,3.434581899478827,0.04209969996218903,0.7412092426146917,36.44833864642842
"(28, 883.3684782182328)",84.27638974576004,4.196047374980497,0.051433432273278,0.9108678966652529,44.52380490012087
"(29, 883.3684782182328)",82.86341104228566,5.040872068157069,0.06178894777538798,1.108348763003281,53.47406000404706
"(30, 883.3684782182328)",81.43472925296422,5.929954792544843,0.07268696011976429,1.3346444242883413,62.87472492301721
"(31, 883.3684782182328)",80.069440822549,6.814734071046892,0.08353222258485556,1.5894779037453655,72.20025444322518
"(32, 883.3684782182328)",78.82147497954983,7.657361059645595,0.09386079952326849,1.8715375305145547,81.04213410870177
"(33, 883.3684782182328)",77.7082522339503,8.440392730105204,0.10345888143019376,2.179033808442106,89.21328083870874
"(34, 883.3684782182328)",76.72246151647232,9.16213184457377,0.11230566425832102,2.5101770707629565,96.69710666039785
"(35, 883.3684782182328)",75.8470505696383,9.828372940470857,0.12047217507700282,2.8634079739357836,103.55791399147671
"(36, 883.3684782182328)",75.0638668187659,10.447008449646878,0.12805515608736381,3.2374488462728643,109.88243951461999
"(37, 883.3684782182328)",74.35693825742503,11.025640766626385,0.13514779433161514,3.631277436554574,115.75402397671499
"(38, 883.3684782182328)",73.71316212523075,11.570819704309189,0.14183037473700036,4.044080541580574,121.24440175496512
"(39, 883.3684782182328)",73.12205788703508,12.087952093999705,0.14816917202991203,4.475209774069831,126.41276624084911
"(40, 883.3684782182328)",72.57528947041483,12.581435813453666,0.1542180935968692,4.924145439032725,131.3072572153506
"(41, 883.3684782182328)",72.06620298386639,13.054841152626786,0.16002090259167312,5.3904686531904495,135.9669525523239
"(42, 883.3684782182328)",71.58944563364597,13.511078830778175,0.165613277420334,5.873840254276468,140.423708593258
"(43, 883.3684782182328)",71.14066948935314,13.95253893233386,0.17102451476004857,6.373984910952744,144.70368043064306
"(44, 883.3684782182328)",70.71630628414813,14.381200765008842,0.17627887615512958,6.890679108160841,148.8285234630163
"(45, 883.3684782182328)",70.31339730262047,14.798718181458167,0.18139663385488528,7.423741997043469,152.81632640525652
"(46, 883.3684782182328)",69.92946463155222,15.206485523727613,0.1863948791337445,7.973028363879615,156.68233236416768
"(47, 883.3684782182328)",69.56241320611996,15.605688631140428,0.19128814752504533,8.538423174624809,160.4394966057593
"(48, 883.3684782182328)",69.21045570226829,15.997344482867796,0.19608890474345955,9.119837300272335,164.09892007843754
"(49, 883.3684782182328)",68.87205445755207,16.382332197014655,0.2008079266591031,9.717204129491922,167.6701884575185
"(50, 883.3684782182328)",68.54587618447276,16.761417436503308,0.20545459845487202,10.330476865334504,171.16163911468388
"(51, 883.3684782182328)",68.23075633038079,17.135271769889822,0.21003715194341235,10.959626335560847,174.58057294598305
"(52, 883.3684782182328)",67.92567080635857,17.504488138682266,0.21456285515918055,11.604639206980561,177.93342363714385
"(53, 883.3684782182328)",67.62971337414692,17.869593304006845,0.21903816492458358,12.265516511144668,181.22589390999903
"(54, 883.3684782182328)",67.3420774191991,18.231057931659702,0.22346885046841472,12.94227241391339,184.46306595354793
"(55, 883.3684782182328)",67.06204115060142,18.589304817988694,0.22786009425536094,13.634933176869184,187.6494915321521
"(56, 883.3684782182328)",66.7889554992691,18.94471564195591,0.23221657475000304,14.343536270358134,190.78926598360255
"(57, 883.3684782182328)",66.52223415632419,19.29763654113702,0.23654253476515574,15.068129606999102,193.88608936237998
"(58, 883.3684782182328)",66.26134532101523,19.64838274320936,0.24084183823273697,15.808770871339053,196.9433172595956
"(59, 883.3684782182328)",66.00580482322779,19.997242434295618,0.24511801762035482,16.565526926576304,199.96400328258648
"(60, 883.3684782182328)",65.755170358236,20.344480007120275,0.24937431374586883,17.338473283365897,202.95093475703837
"(61, 883.3684782182328)",65.50903662684513,20.69033880235114,0.2536137093796468,18.127693618848124,205.90666289113156
"(62, 883.3684782182328)",65.26703121659182,21.03504343366443,0.2578389577442495,18.933279336516687,208.8335283913962
"(63, 883.3684782182328)",65.02881109293337,21.378801769097926,0.2620526068010538,19.755329159457485,211.73368332351035
"(64, 883.3684782182328)",64.79405959493485,21.721806627344915,0.26625702004272295,20.593948751054693,214.60910985900694
"(65, 883.3684782182328)",64.5624838503659,22.064237236489394,0.27045439437382285,21.44925035838585,217.46163642705184
"(66, 883.3684782182328)",64.3338125410238,22.406260493946444,0.2746467755545255,22.321352474575402,220.29295169457032
"(67, 883.3684782182328)",64.10779396185536,22.748032059310134,0.2788360715965269,23.210379517028972,223.10461672154517
"(68, 883.3684782182328)",63.88419432754352,23.08969730624872,0.28302406443076494,24.116461519165618,225.8980755761783
"(69, 883.3684782182328)",63.66279628845372,23.43139215496366,0.28721242011148956,25.03973383369498,228.67466464556733
"(70, 883.3684782182328)",63.44339762431874,23.77324380314045,0.2914026977758353,25.980336845865754,231.43562083706146
"(71, 883.3684782182328)",63.225810089448345,24.115371370257666,0.29559635754172475,26.938415695465455,234.18208883302057
"(72, 883.3684782182328)",63.009858387536696,24.457886467749116,0.2997947674963973,27.914120006546536,236.91512753453483
"(73, 883.3684782182328)",62.79537925772321,24.800893705442082,0.30399920990434315,28.90760362409395,239.6357158086508
"(74, 883.3684782182328)",62.58222065646335,25.14449114310872,0.3082108867421177,29.919024356987848,242.34475763468876
"(75, 883.3684782182328)",62.37024102216173,25.488770694570686,0.31243092465178707,30.948543726745307,245.04308673121918
"(76, 883.3684782182328)",62.159308611520785,25.83381849069106,0.31666037939023717,31.996326721659667,247.7314707323024
"(77, 883.3684782182328)",61.94930089820471,26.179715206634135,0.32090023984057325,33.0625415560025,250.41061497183065
"(78, 883.3684782182328)",61.74010402581306,26.526536357986554,0.32515143164202737,34.147359434044745,253.0811659260527
"(79, 883.3684782182328)",61.531612308233505,26.874352569737418,0.3294148204868003,35.2509543187423,255.74371435721483
"(80, 883.3684782182328)",61.32372777156154,27.223229821453295,0.3336912151254306,36.37350270491673,258.3987981952278
"(81, 883.3684782182328)",61.11635973242255,27.57322967163823,0.3379813701168822,37.51518339686133,261.0469051894022
"(82, 883.3684782182328)",60.90942440832988,27.924409463804384,0.34228598835446855,38.676177290287654,263.688475357823
"(83, 883.3684782182328)",60.702844556268,28.276822516468027,0.34660572339476636,39.85666715868231,266.3239032582822
"(84, 883.3684782182328)",60.49654913618956,28.630518299004194,0.35094118161309296,41.056837443925964,268.9535401017404
"(85, 883.3684782182328)",60.29047299653922,28.985542595041313,0.3552929242064823,42.27687405134732,271.57769572663886
"(86, 883.3684782182328)",60.08455657927222,29.34193765489925,0.3596614690620754,43.51696414916135,274.1966404499382
"(87, 883.3684782182328)",59.87874564219271,29.699742338347832,0.364047292506985,44.77729597241659,276.81060680894655
"(88, 883.3684782182328)",59.67299099668012,30.058992248835846,0.36845083095377146,46.05805863150886,279.41979120636756
"(89, 883.3684782182328)",59.467248259090546,30.41971986022703,0.3728724824537691,47.35944192536195,282.0243554692787
"(90, 883.3684782182328)",59.2614776143806,30.78195463691172,0.3773126081693794,48.681636159397236,284.6244283317398
"(91, 883.3684782182328)",59.0556435906502,31.145723148089118,0.38177153377502077,50.02483196840226,287.2201068494785
"(92, 883.3684782182328)",58.84971484345034,31.511049176938727,0.38624955079516543,51.389220144448515,289.81145775395277
"(93, 883.3684782182328)",58.64366394887013,31.87795382528055,0.39074691788730537,52.7749914699851,292.39851875258864
"(94, 883.3684782182328)",58.437467204474885,32.24645561426981,0.3952638620761392,54.18233655626612,294.9812997805945
"(95, 883.3684782182328)",58.23110443773438,32.61657058167993,0.39980057994617896,55.61144568727727,297.55978421054573
"(96, 883.3684782182328)",58.02455882006064,32.98831237597345,0.4043572387946807,57.06250866929394,300.13393002128976
"(97, 883.3684782182328)",57.81781668790541,33.36169234791871,0.40893397775473306,58.53571468627495,302.7036709346523
"(98, 883.3684782182328)",57.61086736840011,33.736719639684964,0.4135309088872647,60.03125216122694,305.2689175187187
"(99, 883.3684782182328)",57.403703010323305,34.11340127192771,0.4181481182486413,61.54930862371916,307.8295582634007
"(100, 883.3684782182328)",57.196318419627445,34.491742229039296,0.4227856669354895,63.09007058372637,310.38546062955766
"(101, 883.3684782182328)",56.988710899260575,34.87174554277374,0.4274435921098134,64.65372341193256,312.93647207424834
"(102, 883.3684782182328)",56.78088009305377,35.253412374412314,0.43212190800613437,66.24045122670591,315.48242105343223
"(103, 883.3684782182328)",56.572827833431795,35.636742095624186,0.4368206069225917,67.8504367878542,318.02311800372047
"(104, 883.3684782182328)",56.364557992778046,36.021732368126024,0.4415396601975044,69.48386139734986,320.5583563043152
"(105, 883.3684782182328)",56.15607633832031,36.40837922223827,0.4462790191721487,71.14090480715285,323.0879132196737
"(106, 883.3684782182328)",55.94739039042239,36.79667713439255,0.4510386161408867,72.82174513427046,325.61155082376223
"(107, 883.3684782182328)",55.73850928418633,37.18661910364784,0.4558183652890444,74.52655878320473,328.12901690610096
"(108, 883.3684782182328)",55.52944363431684,37.57819672723069,0.4606181636188746,76.25552037586834,330.6400458598138
"(109, 883.3684782182328)",55.320205403197136,37.97140027511481,0.4654378918636616,78.00880268913485,333.1443595515703
"(110, 883.3684782182328)",55.110807772148085,38.3662187636263,0.47027741539005774,79.7865766000757,335.64166817344335
"(111, 883.3684782182328)",54.90126501584989,38.762640028069,0.4751365850881743,81.58901103900212,338.1316710761463
"(112, 883.3684782182328)",54.69159237993831,39.16065079431765,0.48001523824923287,83.4162729503847,340.6140575834026
"(113, 883.3684782182328)",54.481805961746474,39.5602367493625,0.4849131994301982,85.26852726171427,343.08850778687435
"(114, 883.3684782182328)",54.271922594242064,39.96138261072772,0.48983028130473744,87.14593686036078,345.55469332101404
"(115, 883.3684782182328)",54.061959733128624,40.364072194731555,0.49476628549991286,89.04866257848384,348.01227811726187
"(116, 883.3684782182328)",53.85193534714602,40.768288483515,0.49972100341773346,90.97686318599979,350.4609191368117
"(117, 883.3684782182328)",53.6418678115822,41.17401369076575,0.5046942170408952,92.93069539166109,352.900267081297
"(118, 883.3684782182328)",53.43177580498899,41.58122932608812,0.5096856997216818,94.91031385222732,355.32996708050985
"(119, 883.3684782182328)",53.221678209131014,41.989916257925884,0.5146952169532975,96.9158711897314,357.74965935650613
"(120, 883.3684782182328)",53.011594012144464,42.400054774985676,0.5197225271227756,98.9475180168428,360.1589798633376
"(17, 883.5895596153222)",92.23237916449398,0.26081133518911137,0.0031969186583862283,0.04939440813311229,2.7753695413563824
"(18, 883.5895596153222)",91.96805658638655,0.35784392480312,0.004386304449397188,0.07003265745410905,3.8056601593274797
"(19, 883.5895596153222)",91.6415729552403,0.482313010817212,0.005911995590015133,0.09694614546569763,5.126831434363501
"(20, 883.5895596153222)",91.24346076572793,0.6405913827127169,0.007852107126827164,0.13149854884595294,6.806541329399595
"(21, 883.5895596153222)",90.76327088506518,0.8403556538620633,0.010300735846331257,0.175272248106873,8.926350402066726
"(22, 883.5895596153222)",90.18955507007131,1.0907012157856544,0.013369369337193153,0.23008948186299932,11.582945683122091
"(23, 883.5895596153222)",89.50995739383808,1.4021533032547975,0.017187021621751484,0.29802601293041714,14.888246852931996
"(24, 883.5895596153222)",88.71155127394151,1.7864792456408567,0.021897931809857295,0.3814113532156198,18.967372571142544
"(25, 883.5895596153222)",87.78175844230685,2.256105176735819,0.027654414366456832,0.4828065390427255,23.952345272434506
"(26, 883.5895596153222)",86.71063973820173,2.8226909103184106,0.03459939051924663,0.6049436356857348,29.96671659617395
"(27, 883.5895596153222)",85.49609774444087,3.493943682298483,0.04282733241326576,0.7505968196011537,37.09118696693535
"(28, 883.5895596153222)",84.15366801536155,4.267475080037107,0.052308963863387146,0.9223353093390839,45.29731903464497
"(29, 883.5895596153222)",82.72841647781169,5.122589226060045,0.06279060326946782,1.1221195629489087,54.35900192790057
"(30, 883.5895596153222)",81.29527794166975,6.0177319063907495,0.07376289607491696,1.3508328801905172,63.825291978596134
"(31, 883.5895596153222)",79.93376595907957,6.9035362389492,0.08462072323328829,1.6080655474108303,73.16192202862044
"(32, 883.5895596153222)",78.69488854456667,7.743476663113999,0.09491636936384575,1.8924050731222268,81.97470793336349
"(33, 883.5895596153222)",77.59264455919593,8.52204775395921,0.10445977531051782,2.2020173089915045,90.09754955514444
"(34, 883.5895596153222)",76.6176074139127,9.23890773915497,0.11324675176789022,2.5351098376169157,97.52853768483891
"(35, 883.5895596153222)",75.75185684576432,9.900508970130016,0.12135638902035904,2.890139921966587,104.33909840903817
"(36, 883.5895596153222)",74.97704909983246,10.514977728308324,0.12888829570145222,3.265851602714922,110.61850083570066
"(37, 883.5895596153222)",74.27729630575921,11.089953456918538,0.13593611298125047,3.6612432846140783,116.45048692030771
"(38, 883.5895596153222)",73.63966181269355,11.631947034761081,0.1425796485487287,4.075519462986888,121.90636940829171
"(39, 883.5895596153222)",73.05383607824223,12.146304269047361,0.14888442912190963,4.508046320739941,127.04468084066683
"(40, 883.5895596153222)",72.51163343780968,12.637361404223032,0.15490360661140962,4.958315997572549,131.912893551028
"(41, 883.5895596153222)",72.0065246937863,13.10863387655993,0.16068027179701336,5.425919211169867,136.54949138482345
"(42, 883.5895596153222)",71.53325800534624,13.562985999154867,0.16624953425697442,5.9105246242153155,140.98582813615715
"(43, 883.5895596153222)",71.0875665325455,14.002769433747593,0.17164021969892176,6.411863330197962,145.24764280584947
"(44, 883.5895596153222)",70.6659471377038,14.429931930192199,0.17687620284381178,6.929717135017526,149.35624904217653
"(45, 883.5895596153222)",70.26549361801594,14.846101452053,0.1819774386030771,7.463909636512539,153.3294551987047
"(46, 883.5895596153222)",69.88377065053373,15.252651050407106,0.18696075727515715,8.014299370615323,157.18227381548795
"(47, 883.5895596153222)",69.51871795102431,15.650748977554432,0.1918404788188505,8.580774492947016,160.92746970299365
"(48, 883.5895596153222)",69.16857680468644,16.04139760614436,0.1966288899080656,9.163248610617854,164.57598563089948
"(49, 883.5895596153222)",68.83183325400292,16.425463851295493,0.2013366168336971,9.761657478067487,168.1372751244578
"(50, 883.5895596153222)",68.50717379352064,16.803703118951983,0.20597291905280357,10.375956359309406,171.61956447923967
"(51, 883.5895596153222)",68.19345049314583,17.176778304095325,0.2105459220609011,11.006117890239919,175.03006066235363
"(52, 883.5895596153222)",67.88965332406447,17.545274970131988,0.21506280345469356,11.652130334478578,178.3751174596907
"(53, 883.5895596153222)",67.59488801559705,17.909713566021086,0.21952994268462406,12.313996142491503,181.66036923659237
"(54, 883.5895596153222)",67.30835820049165,18.270559327525408,0.22395304242036362,12.991730748239522,184.89083937848113
"(55, 883.5895596153222)",67.02935091174085,18.62823035511841,0.22833722756648536,13.685361552676024,188.0710287965784
"(56, 883.5895596153222)",66.75722471911267,18.98310424628599,0.23268712655850957,14.394927054932186,191.20498862905603
"(57, 883.5895596153222)",66.49139996013169,19.335523574047738,0.23700693851637772,15.1204761007932,194.29638032866873
"(58, 883.5895596153222)",66.23135064456689,19.685800438697513,0.24130048903782264,15.862067224809314,197.34852561908227
"(59, 883.5895596153222)",65.97659770508842,20.03422027050286,0.24557127681030536,16.619768067399622,200.36444826359045
"(60, 883.5895596153222)",65.72670333741182,20.38104502359626,0.2498225127604244,17.393654852394466,203.34690917958213
"(61, 883.5895596153222)",65.48126622767032,20.726515872195765,0.25405715310308896,18.183811913433313,206.29843611404752
"(62, 883.5895596153222)",65.2399175061756,21.070855497979284,0.25827792737921956,18.990331260069137,209.22134885129364
"(63, 883.5895596153222)",65.00231729928036,21.414270039802616,0.26248736235459935,19.813312176353776,212.11778073113413
"(64, 883.5895596153222)",64.76815177603335,21.756950763328415,0.26668780248543345,20.65286084608595,214.9896971067962
"(65, 883.5895596153222)",64.53713060629484,22.099075497179186,0.270881427522281,21.509090000139665,217.8389112522424
"(66, 883.5895596153222)",64.3089847625623,22.44080987366552,0.2750702677182362,22.38211858220564,220.66709813421946
"(67, 883.5895596153222)",64.08346461013429,22.782308405254934,0.27925621702393844,23.272071429953357,223.4758063900692
"(68, 883.5895596153222)",63.860338240269044,23.123715422407283,0.2834410445830712,24.17907896934443,226.2664687907183
"(69, 883.5895596153222)",63.63939000890638,23.465165893956375,0.2876264047884431,25.10327692012781,229.040411420631
"(70, 883.5895596153222)",63.420419250003604,23.80678614762298,0.2918138461135573,26.04480601107195,231.79886176605956
"(71, 883.5895596153222)",63.20323913769683,24.148694505304427,0.296004818899834,27.00381170368417,234.54295587203336
"(72, 883.5895596153222)",62.987675675849545,24.491001845370207,0.3002006822489689,27.98044392348455,237.27374470110115
"(73, 883.5895596153222)",62.77356679691501,24.833812102269896,0.3044027101469294,28.974856798023836,239.99219980641206
"(74, 883.5895596153222)",62.56076155499194,25.177222712099596,0.30861209692552194,29.98720840107156,242.69921841331148
"(75, 883.5895596153222)",62.349119400246096,25.521325011466658,0.31282996215153475,31.017660502444105,245.39562798950837
"(76, 883.5895596153222)",62.13850952386414,25.866204595867757,0.31705735501950616,32.066378323113796,248.08219037137053
"(77, 883.5895596153222)",61.928810264280735,26.211941642883765,0.32129525831346656,33.13353029530242,250.75960550438472
"(78, 883.5895596153222)",61.71990856683112,26.558611204720734,0.32554459199266367,34.219287827294906,253.42851484665255
"(79, 883.5895596153222)",61.51169949002245,26.906283474001956,0.3298062164495112,35.32382507284727,256.089504478172
"(80, 883.5895596153222)",61.304085752692046,27.255024026122104,0.3340809354804159,36.44731870503413,258.7431079519814
"(81, 883.5895596153222)",61.09697731699395,27.604894041098312,0.338369499005003,37.58994769445674,261.38980891863105
"(82, 883.5895596153222)",60.89029100290635,27.955950507404197,0.3426726055646431,38.75189309173965,264.0300435513583
"(83, 883.5895596153222)",60.68395013053541,28.30824640995947,0.346990904626805,39.93333781440445,266.66420279531644
"(84, 883.5895596153222)",60.477884186922914,28.661830904197007,0.3513249987187055,41.13446643796676,269.29263446174787
"(85, 883.5895596153222)",60.272028514536984,29.016749477863655,0.35567544541052626,42.35546499142415,271.9156451848463
"(86, 883.5895596153222)",60.06632401897202,29.37304410200702,0.3600427591662122,43.5965207571077,274.53350225725126
"(87, 883.5895596153222)",59.860716893694416,29.730753372439054,0.3644274130773972,44.85782207501628,277.1464353577922
"(88, 883.5895596153222)",59.65515835991921,30.08991264280642,0.3688298404946624,46.13955815168827,279.75463818398003
"(89, 883.5895596153222)",59.44960441997492,30.450554150269777,0.3732504365679189,47.44191887373053,282.35826999954367
"(90, 883.5895596153222)",59.24401562269915,30.81270713466156,0.37768955970707646,48.76509462610286,284.9574571067777
"(91, 883.5895596153222)",59.038356839573815,31.17639795191736,0.3821475329724094,50.10927611530813,287.55229425186485
"(92, 883.5895596153222)",58.83259705048238,31.541650182466103,0.3866246454031815,51.47465419758829,290.1428459706389
"(93, 883.5895596153222)",58.62670913813199,31.90848473518142,0.391121153291779,52.861419712321045,292.7291478809989
"(94, 883.5895596153222)",58.42066969017021,32.27691994744115,0.39563728141032223,54.26976332144961,295.3112079273003
"(95, 883.5895596153222)",58.214458808718135,32.64697168183243,0.400173224195872,55.699875349935176,297.8890075871389
"(96, 883.5895596153222)",58.00805992540231,33.01865341968698,0.4047291468971117,57.151945643059214,300.4625030272448
"(97, 883.5895596153222)",57.80145962336648,33.39197635222163,0.40930518669138766,58.62616341457678,303.0316262423337
"(98, 883.5895596153222)",57.594647463738674,33.76694946919448,0.41390145377148696,60.122717112060265,305.5962861500295
"(99, 883.5895596153222)",57.38761581736945,34.14357964559321,0.4185180324081656,61.64179428391141,308.15636966269074
"(100, 883.5895596153222)",57.18035970105443,34.52187172651681,0.4231549819906954,63.18358145341611,310.711742732772
"(101, 883.5895596153222)",56.972876618011625,34.90182861046687,0.42781233804771573,64.74826399930306,313.2622513742794
"(102, 883.5895596153222)",56.76516640235543,35.28345133120998,0.4324901132507107,66.33602604290719,315.8077226622691
"(103, 883.5895596153222)",56.557231067354124,35.666739138357514,0.4371882984017256,67.94705034217111,318.34796571158165
"(104, 883.5895596153222)",56.349074657311505,36.051689576767124,0.4419068634066291,69.58151819257132,320.8827726358804
"(105, 883.5895596153222)",56.14070310291611,36.438298564861825,0.44664575823511926,71.23960933515794,323.4119194878627
"(106, 883.5895596153222)",55.93212407997194,36.826560471919066,0.4514049138681183,72.92150187182826,325.9351671810948
"(107, 883.5895596153222)",55.72334687140684,37.216468194386586,0.4561842432331507,74.62737218796677,328.4522623938619
"(108, 883.5895596153222)",55.51438223251287,37.60801323123372,0.4609836421281039,76.35739488258783,330.96293845525076
"(109, 883.5895596153222)",55.30524225938179,38.00118575835734,0.46580299013309784,78.1117427060683,333.4669162131359
"(110, 883.5895596153222)",55.09594026048677,38.39597470202863,0.47064215151092675,79.89058650559136,335.9639048843561
"(111, 883.5895596153222)",54.88649063142293,38.792367811363206,0.47550097609525277,81.69409517838677,338.4536028862735
"(112, 883.5895596153222)",54.676908732793386,39.190351729775244,0.4803793001665069,83.52243563284165,340.93569864959886
"(113, 883.5895596153222)",54.46721077122436,39.58991206538836,0.4852769473149593,85.37577275755194,343.40987141194086
"(114, 883.5895596153222)",54.25741368356302,39.991033460330115,0.4901937292900881,87.25426939837418,345.8757919912472
"(115, 883.5895596153222)",54.0475350242266,40.39369965887238,0.49512944683582916,89.15808634350832,348.3331235387401
"(116, 883.5895596153222)",53.83759285573803,40.79789357434499,0.5000838905107704,91.08738231666474,350.7815222704639
"(117, 883.5895596153222)",53.6276056424543,41.20359735475842,0.5050568414925268,93.0423139783058,353.22063817678156
"(118, 883.5895596153222)",53.417592147501885,41.610792447063645,0.5100480723654089,95.02303593499693,355.6501157089987
"(119, 883.5895596153222)",53.207571332917354,42.019459659982665,0.5150573478905852,97.02970075684941,358.0695944424286
"(120, 883.5895596153222)",52.997562263007055,42.429579225333,0.520084425757762,99.06245900303544,360.4787097150532
"(17, 883.7970245832736)",92.22158530744926,0.2646868960327089,0.003244423697857144,0.050062570357472275,2.817349440296133
"(18, 883.7970245832736)",91.95391315819613,0.36310478453874034,0.004450789916011546,0.07094933151542798,3.8626455533008146
"(19, 883.7970245832736)",91.62330345060211,0.489384554535232,0.005998675680290032,0.09818164178245457,5.20343007589792
"(20, 883.7970245832736)",91.22013181952966,0.6500240485278623,0.007967728885831233,0.13313954221126711,6.908715539772578
"(21, 883.7970245832736)",90.73376027534087,0.8528569004943698,0.010453971013747862,0.17742513377677022,9.061763343253379
"(22, 883.7970245832736)",90.15251737419761,1.107170341798038,0.013571241146936848,0.23288402754297843,11.761338518021901
"(23, 883.7970245832736)",89.46379330696706,1.4237148064691738,0.017451313708132264,0.3016190370440075,15.121800093272583
"(24, 883.7970245832736)",88.65439814011839,1.8145038966205718,0.022241446517709283,0.3859899103794013,19.27093434440007
"(25, 883.7970245832736)",87.71155056409317,2.2921908074656594,0.02809673726663386,0.4885895716741875,24.343223225074798
"(26, 883.7970245832736)",86.6253600975191,2.8685322556802353,0.035161294978676566,0.6121798626298761,30.463268020019267
"(27, 883.7970245832736)",85.39446366809844,3.550941101342709,0.04352598346034991,0.7595541949248892,37.70858047939314
"(28, 883.7970245832736)",84.03648909130028,4.3359004801698475,0.05314769442789037,0.9332743016827948,46.03849989714774
"(29, 883.7970245832736)",82.60011650123477,5.2005201800318055,0.06374584902455566,1.13524524865155,55.203146448785304
"(30, 883.7970245832736)",81.1635544033828,6.100944968105943,0.07478288774597636,1.3662417343191942,64.72665194531966
"(31, 883.7970245832736)",79.8063406007834,6.987253528896174,0.08564689552778285,1.6257277557628846,74.06874367648608
"(32, 883.7970245832736)",78.57647002207675,7.8243442618504435,0.09590761130918586,1.9121997102248665,82.85066179972272
"(33, 883.7970245832736)",77.48473309652174,8.598556280356682,0.1053975855302628,2.223786360174429,90.92628612973292
"(34, 883.7970245832736)",76.51982828434471,9.310768328200147,0.11412758947287681,2.5586959820603954,98.30692801692945
"(35, 883.7970245832736)",75.6631100284987,9.968000081708492,0.12218366745794633,2.9154029788779057,105.0701587731272
"(36, 883.7970245832736)",74.8961034969098,10.57856732757206,0.1296677509970506,3.292672303571835,111.3073002120263
"(37, 883.7970245832736)",74.20302156300495,11.150129269517375,0.1366737234763666,3.6895218162527543,117.10230833087718
"(38, 883.7970245832736)",73.57109198558823,11.689153388698495,0.1432808606342696,4.105172515713449,122.52602579258472
"(39, 883.7970245832736)",72.99016830778075,12.200925329958432,0.14955395174308345,4.539004103424058,127.63633346178358
"(40, 883.7970245832736)",72.45220620716886,12.689722433923862,0.15554542669450305,4.990519671548205,132.4800656285893
"(41, 883.7970245832736)",71.95079280990709,13.15900840709096,0.16129774218588736,5.459318811869599,137.0951458040176
"(42, 883.7970245832736)",71.48077008085167,13.61160409969784,0.16684547504554606,5.9450774157855575,141.51245699465088
"(43, 883.7970245832736)",71.03794636450513,14.049825327030007,0.17221701158993682,6.447532511495026,145.7573499143143
"(44, 883.7970245832736)",70.6188788362786,14.475590463800472,0.1774358664715488,6.966470820658762,149.8508200212511
"(45, 883.7970245832736)",70.22070989305975,14.8905034073841,0.18252169960831205,7.501720050416377,153.81041498529186
"(46, 883.7970245832736)",69.84104361881289,15.295917432261584,0.18749109888523743,8.053142203204125,157.65093312741706
"(47, 883.7970245832736)",69.47785190964643,15.692984461304105,0.19235818410166547,8.620628384736687,161.38496237855682
"(48, 883.7970245832736)",69.12940252450478,16.082693307459554,0.19713507572222744,9.204094733917328,165.0232986303856
"(49, 883.7970245832736)",68.79420344618092,16.465899557632298,0.2018322611812088,9.8034791953239,168.5752727015426
"(50, 883.7970245832736)",68.47095948377344,16.843349095239766,0.20645888321242348,10.418738941861344,172.0490077400641
"(51, 883.7970245832736)",68.15853810144947,17.21569676151356,0.21102296859181907,11.049848284920525,175.45162347525877
"(52, 883.7970245832736)",67.85594229591723,17.583521267615694,0.21553161092408907,11.696796968497726,178.789399469852
"(53, 883.7970245832736)",67.56228888726719,17.94733719887015,0.21999111778563812,12.359588759100127,182.06790657459533
"(54, 883.7970245832736)",67.27679100807367,18.307604745582502,0.22440713000098433,13.038240267367073,185.29211352277477
"(55, 883.7970245832736)",66.99874387441186,18.6647376437875,0.2287847189771968,13.732779951934647,188.46647395023228
"(56, 883.7970245832736)",66.72751314254606,19.019109696550235,0.23312846663933723,14.443247267340457,191.59499789416674
"(57, 883.7970245832736)",66.4625253178431,19.37106016214783,0.23744253147659247,15.169691926316437,194.68131090221627
"(58, 883.7970245832736)",66.20325980399718,19.720898231866865,0.24173070342927097,15.9121732533835,197.7287031878279
"(59, 883.7970245832736)",65.9492422720842,20.0689067718795,0.24599644975520188,16.670759611558477,200.7401707401377
"(60, 883.7970245832736)",65.70003909817235,20.41534546681334,0.25024295356233744,17.445527887932396,203.71844989339172
"(61, 883.7970245832736)",65.4552526713759,20.76045347413089,0.2544731463449799,18.236563026890227,206.66604654914698
"(62, 883.7970245832736)",65.2145174147203,21.1044516765561,0.25868973559324804,19.04395760197658,209.58526100556978
"(63, 883.7970245832736)",64.97749639315961,21.44754460244614,0.2628952283320599,19.86781141941118,212.47820915760374
"(64, 883.7970245832736)",64.74387840739972,21.789922070679072,0.26709195128358115,20.70823114753903,215.34684068703066
"(65, 883.7970245832736)",64.51337549187275,22.13176060584489,0.2712820682140249,21.565329967802274,218.19295474254957
"(66, 883.7970245832736)",64.28572075032393,22.473224661158444,0.2754675949236214,22.439227243590363,221.0182135190167
"(67, 883.7970245832736)",64.06066647475969,22.81446767970744,0.2796504122549794,23.33004820414583,223.8241540702908
"(68, 883.7970245832736)",63.837982503214796,23.15563301923944,0.28383227742872064,24.237923641223283,226.61219863097426
"(69, 883.7970245832736)",63.61745477960068,23.496854761324343,0.28801483396188415,25.162989616675084,229.3836636746837
"(70, 883.7970245832736)",63.398884085228815,23.838258422179738,0.29219962038093295,26.10538717948675,232.13976789754386
"(71, 883.7970245832736)",63.182084916731284,24.17996157956083,0.2963880779058673,27.065262091114857,234.88163928404617
"(72, 883.7970245832736)",62.9668844892436,24.52207442776918,0.300581557253361,28.042764558175048,237.61032138695228
"(73, 883.7970245832736)",62.753121847161985,24.864700270897057,0.3047813246827424,29.038048971724248,240.3267789314321
"(74, 883.7970245832736)",62.540647067582036,25.207935962832547,0.30898856738934155,30.051273652572696,243.0319028363757
"(75, 883.7970245832736)",62.329320543795426,25.551872301254154,0.313204398333958,31.082600602121634,245.72651473182486
"(76, 883.7970245832736)",62.11901233823124,25.89659438171672,0.317429860583095,32.13219525837857,248.41137103884415
"(77, 883.7970245832736)",61.909601595713795,26.242181917070262,0.32166593122425857,33.20022625686597,251.08716666894168
"(78, 883.7970245832736)",61.70097600930468,26.588709526664996,0.32591352491092146,34.28686519617919,253.7545383915398
"(79, 883.7970245832736)",61.49303133209289,26.936246999171015,0.33017349708405225,35.392286408058865,256.4140679110807
"(80, 883.7970245832736)",61.285670929198,27.28485953232337,0.33444664691081943,36.51666673186235,259.06628468977254
"(81, 883.7970245832736)",61.078805365103555,27.634607952424837,0.33873371997515794,37.66018529331939,261.71166854674897
"(82, 883.7970245832736)",60.87235202202214,27.985548916097926,0.3430354107507731,38.823023287556936,264.3506520606774
"(83, 883.7970245832736)",60.66623474564546,28.337735096415333,0.34735236488263954,40.005363766440524,266.98362279879984
"(84, 883.7970245832736)",60.46038351503262,28.691215355302777,0.3516851813002583,41.20739143011968,269.6109253930777
"(85, 883.7970245832736)",60.25473413387595,29.04603490383972,0.35603441418254683,42.429292422910194,272.23286348087356
"(86, 883.7970245832736)",60.049227940679636,29.402235451908865,0.3604005747921937,43.6712541335482,274.8497015258941
"(87, 883.7970245832736)",59.843811535736194,29.75985534845438,0.3647841331948512,44.93346499986678,277.46166653293125
"(88, 883.7970245832736)",59.63843652302468,30.118929713464198,0.3691855198769639,46.21611431801336,280.0689496684763
"(89, 883.7970245832736)",59.43305926539466,30.479490562665227,0.37360512727423734,47.51939205629048,282.6717077977357
"(90, 883.7970245832736)",59.22764065159927,30.841566925802464,0.3780433112214081,48.84348867374969,285.2700649473393
"(91, 883.7970245832736)",59.02214587392003,31.20518495926908,0.38250039233281596,50.18859494366403,287.86411370201347
"(92, 883.7970245832736)",58.81654421528853,31.57036805376355,0.3869766573221053,51.55490178200301,290.4539165424547
"(93, 883.7970245832736)",58.61080884490944,31.937136937597842,0.3914723602684328,52.94260008107793,293.0395071307543
"(94, 883.7970245832736)",58.404916621530006,32.305509776145115,0.395987723835522,54.35188054925334,295.620891548084
"(95, 883.7970245832736)",58.1988479039537,32.675502268018136,0.4005229404505201,55.78293355161422,298.1980494958991
"(96, 883.7970245832736)",57.99258636702969,33.0471277380998,0.40507817344442393,57.23594896753238,300.77093544627667
"(97, 883.7970245832736)",57.786118824491645,33.420397228246195,0.40965355816375737,58.71111603902919,303.33947977605055
"(98, 883.7970245832736)",57.57943505621625,33.795319585525384,0.4142492030522861,60.2086232363583,305.90358985724447
"(99, 883.7970245832736)",57.372527640666206,34.17190154853737,0.4188651907090113,61.72865812522892,308.4631511249007
"(100, 883.7970245832736)",57.16539179176969,34.550147831956714,0.4235015789244591,63.2714072410858,311.01802811866963
"(101, 883.7970245832736)",56.95802519999684,34.93006120950874,0.42815840169784725,64.83705596986323,313.5680655010242
"(102, 883.7970245832736)",56.75042787738725,35.31164259555092,0.4328356702369885,66.42578843538071,316.1130890535767
"(103, 883.7970245832736)",56.54260200632682,35.69489112538627,0.437533373942777,68.03778739352403,318.65290665298306
"(104, 883.7970245832736)",56.33455179188961,36.07980423443082,0.4422514813795912,69.67323413338684,321.1873092274409
"(105, 883.7970245832736)",56.12628331764086,36.466377736304054,0.4469899412325,71.33230838550716,323.71607169442865
"(106, 883.7970245832736)",55.9178044047554,36.8546058999248,0.45174868325224493,73.01518823733319,326.23895388041257
"(107, 883.7970245832736)",55.709124474421984,37.244481525627506,0.456527619188274,74.72205005606622,328.75570142261614
"(108, 883.7970245832736)",55.5002544134323,37.63599602034543,0.46132664371029053,76.45306841898272,331.26604665315995
"(109, 883.7970245832736)",55.2912064429408,38.02913947185239,0.4661456353182885,78.20841605136565,333.76970946541746
"(110, 883.7970245832736)",55.08199399036103,38.42390072206116,0.47098445724097565,79.98826377212988,336.26639816241243
"(111, 883.7970245832736)",54.87263156439286,38.82026743934909,0.47584295832238843,81.79278044724937,338.7558102869802
"(112, 883.7970245832736)",54.66313463317899,39.21822618988448,0.4807209738961134,83.6221329510441,341.23763343311447
"(113, 883.7970245832736)",54.453519505589185,39.6177625079072,0.4856183266467667,85.47648613541931,343.71154603810135
"(114, 883.7970245832736)",54.24380321564398,40.0188609649131,0.49053482745805305,87.35600280708623,346.1772181548106
"(115, 883.7970245832736)",54.034003410106834,40.42150523767773,0.49547027624658185,89.26084371282047,348.6343122033612
"(116, 883.7970245832736)",53.82413823923186,40.82567817506826,0.500424462780774,91.19116753279704,351.0824837015341
"(117, 883.7970245832736)",53.61422625070059,41.23136186356454,0.5053971674840261,93.14713088200425,353.5213819731924
"(118, 883.7970245832736)",53.404286286753766,41.6385376914236,0.5103881622212106,95.128888319751,355.9506508338801
"(119, 883.7970245832736)",53.19433738452624,42.04718641141555,0.5153972110676511,97.13659236727236,358.3699292528351
"(120, 883.7970245832736)",52.984398679580835,42.457288202061555,0.5204240710597796,99.17039353340542,360.7788519907419
"(17, 883.9900861364011)",92.21138535519782,0.26835428520940346,0.0032893770541904946,0.05069327151346444,2.8570834339554922
"(18, 883.9900861364011)",91.94054724841865,0.3680847663648159,0.004511832496107615,0.07181448420284843,3.916600712664336
"(19, 883.9900861364011)",91.60603498480056,0.49608178796755625,0.006080767628092562,0.09934765738232651,5.275990641950657
"(20, 883.9900861364011)",91.19807399062758,0.6589628199992544,0.008077296690003651,0.13468835000213747,7.005561846743458
"(21, 883.9900861364011)",90.7058450749,0.8647118857504459,0.010599284573576884,0.17945737820164795,9.19020510497881
"(22, 883.9900861364011)",90.11746229202438,1.1228001498299194,0.013762824940210023,0.2355225475525227,11.930678256823946
"(23, 883.9900861364011)",89.42007173484481,1.4441940580882875,0.017702339997167874,0.3050123665484452,15.343680692363842
"(24, 883.9900861364011)",88.60023125488961,1.8411429737912,0.02256797742859638,0.3903152907797945,19.559553020249474
"(25, 883.9900861364011)",87.64497019927975,2.3265147968801725,0.02851746668819016,0.49405444118435987,24.715103392900808
"(26, 883.9900861364011)",86.54446655690109,2.912146905283656,0.03569590551236002,0.6190195787789944,30.935807009808975
"(27, 883.9900861364011)",85.29812185085572,3.6051341077501577,0.044190259164519255,0.7680212900657384,38.295729715167525
"(28, 883.9900861364011)",83.92567878644024,4.400807291236011,0.05394329556694057,0.9436116424134979,46.74172685228765
"(29, 883.9900861364011)",82.47934526637059,5.274115857649924,0.06464795473571025,1.147638998864973,56.00051207649769
"(30, 883.9900861364011)",81.04028801980293,6.179081880050688,0.07574065804966515,1.3807717588684623,65.57321907448274
"(31, 883.9900861364011)",79.68772674376677,7.065458869635581,0.08660550460362595,1.6423553598363632,74.91605211460943
"(32, 883.9900861364011)",78.46663289565711,7.899621636476516,0.09683033057413548,1.930804851091594,83.66624741375463
"(33, 883.9900861364011)",77.38483304894072,8.669636841364515,0.1062688619706424,2.2442187101188376,91.69640173692667
"(34, 883.9900861364011)",76.42938177617988,9.377470215830856,0.1149451939261515,2.5808085886521925,99.0296032910918
"(35, 883.9900861364011)",75.58103436688037,10.030626322938959,0.12295131430484846,2.9390660834167344,105.74867683951
"(36, 883.9900861364011)",74.82123364624107,10.637572420385299,0.13039101128793468,3.3177760102498333,111.94658528958401
"(37, 883.9900861364011)",74.13430366046158,11.20597389095789,0.13735824400199634,3.715974364087087,117.70735158278245
"(38, 883.9900861364011)",73.5076317753921,11.742252344653703,0.14393172591553569,4.132897395547901,123.10132139428737
"(39, 883.9900861364011)",72.93122518148873,12.251635175797407,0.1501755322898376,4.567937245898613,128.1857444785748
"(40, 883.9900861364011)",72.39717106754432,12.738344114400162,0.15614141136443413,5.020607063840644,133.00685261766472
"(41, 883.9900861364011)",71.89916411839441,13.205794574670927,0.1618712278895758,5.4905145807923725,137.6020461043188
"(42, 883.9900861364011)",71.43213274346044,13.656767070245026,0.1673990642639975,5.9773423158628205,142.0017709220213
"(43, 883.9900861364011)",70.99195444221735,14.093544258987023,0.172752900374051,6.480832738280915,146.23101854368954
"(44, 883.9900861364011)",70.57524181009573,14.518017396958195,0.17795591846289277,7.000777077351254,150.3104906131437
"(45, 883.9900861364011)",70.17918187851633,14.931768189399097,0.1830275064263428,7.5370068094890295,154.25749436166444
"(46, 883.9900861364011)",69.80141491662444,15.336131685983757,0.1879840287571858,8.089387118020221,158.0866306553122
"(47, 883.9900861364011)",69.43994237038163,15.732244766477379,0.19283942086252823,8.657811816816219,161.81032444194383
"(48, 883.9900861364011)",69.09305631202322,16.121083753802196,0.19760565010937134,9.242199369984561,165.43923629123816
"(49, 883.9900861364011)",68.75928487859966,16.503493800227115,0.20229307602850874,9.8424897344403,168.98258396879868
"(50, 883.9900861364011)",68.43734970751052,16.880212016886965,0.20691073382670352,10.458641837808836,172.4483955802048
"(51, 883.9900861364011)",68.12613241221136,17.25188582459975,0.21146655932351008,11.090631532349022,175.84371045900903
"(52, 883.9900861364011)",67.82464796535676,17.619087619871323,0.21596756872114634,11.738449924076047,179.17473975239926
"(53, 883.9900861364011)",67.53202338747914,17.982326583192478,0.22042000334578563,12.402101990843619,182.44699575298324
"(54, 883.9900861364011)",67.2474805512275,18.342058253076274,0.22482944700217475,13.081605426803597,185.6653967946483
"(55, 883.9900861364011)",66.9703222037746,18.698692340635162,0.2292009217615318,13.776989664915734,188.8343529056033
"(56, 883.9900861364011)",66.69992052536722,19.052599148788424,0.2335389666455669,14.488295040162345,191.95783620105843
"(57, 883.9900861364011)",66.43570770140886,19.404114877357102,0.23784770265415467,15.215572064502517,195.0394390920888
"(58, 883.9900861364011)",66.1771681044283,19.75354603285672,0.2421308868187861,15.958880790964331,198.08242270425762
"(59, 883.9900861364011)",65.92383177176147,20.101173114422213,0.2463919573831131,16.71829024915164,201.08975738126298
"(60, 883.9900861364011)",65.67526893264431,20.447253711062306,0.2506340717678356,17.49387793821281,204.06415675255315
"(61, 883.9900861364011)",65.4310853902597,20.792025117569604,0.2548601386354485,18.28572936628091,207.00810653880433
"(62, 883.9900861364011)",65.19091860429596,21.135706554750094,0.2590728451049234,19.093937627650615,209.92388903225313
"(63, 883.9900861364011)",64.95443435047109,21.478501062808714,0.2632746799600309,19.91860301078026,212.81360400462088
"(64, 883.9900861364011)",64.72132385774509,21.820597123435057,0.26746795353223474,20.7598326316382,215.67918665004893
"(65, 883.9900861364011)",64.49130134286166,22.16217005571719,0.2716548148111767,21.617740087975058,218.52242305632512
"(66, 883.9900861364011)",64.264101877004,22.50338322262982,0.27583726623337695,22.49244513106344,221.3449636062089
"(67, 883.9900861364011)",64.03947953121096,22.844389078256143,0.2800171765186525,23.38407335209447,224.14833463830098
"(68, 883.9900861364011)",63.81720575674729,23.185330080570257,0.2841962918585347,24.292755881006162,226.9339486386657
"(69, 883.9900861364011)",63.59706796440512,23.526339490241796,0.28837624570783194,25.21862909598169,229.70311318697665
"(70, 883.9900861364011)",63.37886827276316,23.86754207253878,0.2925585673881523,26.16183434214343,232.45703884325144
"(71, 883.9900861364011)",63.16242240057816,24.209054716482015,0.2967446896773078,27.122517658382684,235.1968461299803
"(72, 883.9900861364011)",62.94755868255636,24.550986983121053,0.300935955529807,28.100829511328868,237.9235717390054
"(73, 883.9900861364011)",62.734117191046785,24.893441592915256,0.30513362405101974,29.096924535821177,240.638174072152
"(74, 883.9900861364011)",62.52194894902004,25.23651486061597,0.30933887582779024,30.11096128122862,243.3415382071172
"(75, 883.9900861364011)",62.310915221960265,25.5802970847534,0.3135528177025539,31.143101963232258,246.03448036595964
"(76, 883.9900861364011)",62.10088687814148,25.92487289777343,0.3177764870652219,32.193512220667635,248.7177519522408
"(77, 883.9900861364011)",61.891743808361745,26.27032158196959,0.3220108557256895,33.26236087718437,251.3920432126241
"(78, 883.9900861364011)",61.68337439751232,26.616717355598738,0.32625683342101347,34.349819707490674,254.05798657094053
"(79, 883.9900861364011)",61.475675041416395,26.96412963297771,0.33051527100349115,35.45606320803282,256.7161596757393
"(80, 883.9900861364011)",61.26854970333606,27.31262326179641,0.3347869633495757,36.581268372044036,259.36708819669155
"(81, 883.9900861364011)",61.061909505288774,27.662258740467646,0.33907265202406267,37.72561446880803,262.0112484004411
"(82, 883.9900861364011)",60.85567234998114,28.013092417950144,0.34337302772944783,38.889282827165694,264.64906953230576
"(83, 883.9900861364011)",60.649762569732815,28.365176678163348,0.3476887325663692,40.07245662329025,267.28093602671055
"(84, 883.9900861364011)",60.44411059921574,28.71856011084725,0.35202036212798427,41.275320672634074,269.9071895666499
"(85, 883.9900861364011)",60.23865266926862,29.073287670484397,0.35636846744796874,42.498061226204726,272.52813100942245
"(86, 883.9900861364011)",60.033330519362025,29.429400824714,0.3607335568196708,43.740865771154795,275.1440221941564
"(87, 883.9900861364011)",59.828091126652204,29.786937693466015,0.3651160975015985,45.003922835798114,277.7550876444266
"(88, 883.9900861364011)",59.622886449719964,30.145933179949253,0.3695165173230168,46.28742179913734,280.3615161780593
"(89, 883.9900861364011)",59.41767318544591,30.50641909443552,0.3739352062012089,47.59155270499366,282.96346243424597
"(90, 883.9900861364011)",59.21241253755775,30.868424271719807,0.3783725175812974,48.916506080888276,285.5610483274498
"(91, 883.9900861364011)",59.00706999563305,31.23197468300883,0.38282876980772435,50.262472761769246,288.15436443605347
"(92, 883.9900861364011)",58.80161512346071,31.597093542915104,0.3873042474357063,51.629643718755,290.74347133292906
"(93, 883.9900861364011)",58.59602135580969,31.96380141214781,0.3917992024900128,53.018209893011566,293.32840086430815
"(94, 883.9900861364011)",58.39026580271371,32.33211629641971,0.39631385567729277,54.42836203570286,295.9091573815164
"(95, 883.9900861364011)",58.18432906094349,32.70205374211326,0.40084839755874146,55.86029054887587,298.4857189367144
"(96, 883.9900861364011)",57.97819503083594,33.07362692886681,0.4054029896849905,57.314185343271404,301.0580384283179
"(97, 883.9900861364011)",57.771850739929334,33.446846759854786,0.40997776570268113,58.79023568687743,303.62604473064494
"(98, 883.9900861364011)",57.565286170934314,33.82172194965366,0.41457283243152965,60.28863007072218,306.18964378023753
"(99, 883.9900861364011)",57.35849409483713,34.19825911021391,0.4191882709181203,61.809556076315296,308.74871963996287
"(100, 883.9900861364011)",57.15146990837812,34.57646283509039,0.4238241374683743,63.35320025011359,311.30313553724045
"(101, 883.9900861364011)",56.94421147569152,34.9563357821297,0.42848046466107154,64.91974798448123,313.8527348790246
"(102, 883.9900861364011)",56.73671897384288,35.33787875478511,0.43315726234463,66.50938340526375,316.39734224537347
"(103, 883.9900861364011)",56.528994742074374,35.721090782192725,0.4378545186185914,68.12228926617986,318.93676436268123
"(104, 883.9900861364011)",56.32104313459132,36.10596919811247,0.44257220080127574,69.75864685013434,321.470791057762
"(105, 883.9900861364011)",56.112870376760036,36.492509718819214,0.44731025638453425,71.41863587764072,323.9991961934194
"(106, 883.9900861364011)",55.904484424622325,36.880706519999904,0.45206861397632425,73.10243442247636,326.52173858601805
"(107, 883.9900861364011)",55.6958948276245,37.27055231270911,0.45684718423171755,74.81021883469602,329.0381629054723
"(108, 883.9900861364011)",55.4871125945533,37.66203841837924,0.4616458607723979,76.54216367114375,331.5482005575613
"(109, 883.9900861364011)",55.278150062588125,38.055154842919926,0.4664645210948918,78.29844163354565,334.05157054870284
"(110, 883.9900861364011)",55.06902076949358,38.44989034987029,0.4713030274672546,80.07922351432022,336.5479803328048
"(111, 883.9900861364011)",54.85973932890848,38.846232532599096,0.47616122781407844,81.88467815016799,339.03712664001375
"(112, 883.9900861364011)",54.65032130875606,39.244167885506315,0.4810389565892465,83.71497238353761,341.51869628675496
"(113, 883.9900861364011)",54.440783112763334,39.64368187419091,0.4859360356360069,85.57027103201735,343.99236696663763
"(114, 883.9900861364011)",54.2311418651193,40.04475900452222,0.4908522750336434,87.45073686572762,346.4578080215113
"(115, 883.9900861364011)",54.02141529826813,40.44738289056663,0.49578747393009454,89.35653059274433,348.91468119206866
"(116, 883.9900861364011)",53.8116216438656,40.851536321298376,0.5007414213596424,91.287810852585,351.3626413471892
"(117, 883.9900861364011)",53.60177952691011,41.25720132602684,0.5057138970449127,93.24473421777532,353.8013371913321
"(118, 883.9900861364011)",53.39190786305081,41.66435923847507,0.5107046721823187,95.22745520351621,356.2304119491942
"(119, 883.9900861364011)",53.18202575910009,42.07299075942866,0.5157135102099878,97.23612628543658,358.64950402679636
"(120, 883.9900861364011)",52.97215241673659,42.48307601789106,0.5207401675573602,99.27089792540363,361.0582476483111
"(17, 884.1680119261056)",92.20184990496787,0.2717872019365587,0.0033314563431514396,0.051282270684508906,2.894284861058313
"(18, 884.1680119261056)",91.92805137702885,0.37274788820187876,0.004568991136073932,0.07262232759995037,3.967133481690537
"(19, 884.1680119261056)",91.589887544075,0.5023557905975135,0.006157671785795218,0.10043640644417652,5.3439800144958545
"(20, 884.1680119261056)",91.17744164285008,0.6673415081729023,0.008179999222351611,0.13613462129699871,7.096359028686716
"(21, 884.1680119261056)",90.67972264041644,0.8758314475358955,0.010735583613337573,0.18135535560214644,9.310704264669011
"(22, 884.1680119261056)",90.08464085900033,1.137471091044137,0.013942655336269235,0.23798726022403524,12.089662589416042
"(23, 884.1680119261056)",89.37911046341759,1.4634316851402358,0.017938146960162167,0.3081829831339826,15.552152752270915
"(24, 884.1680119261056)",88.5494506116984,1.866185672952588,0.02287494059086525,0.3943579373114276,19.830932807841673
"(25, 884.1680119261056)",87.5825163133289,2.3588015811469107,0.028913224882391442,0.49916352613649606,25.064985036499955
"(26, 884.1680119261056)",86.46857101169623,2.953181662966521,0.0361988927862213,0.6254153997886501,31.380487668930883
"(27, 884.1680119261056)",85.20779713658608,3.656085862802604,0.0448148049354556,0.7759392605985687,38.847877724039435
"(28, 884.1680119261056)",83.82203932155463,4.461689437828125,0.05468956401521087,0.9532757496153992,47.401487338819074
"(29, 884.1680119261056)",82.36689320833753,5.342849951840645,0.06549046914549374,1.1592163323891784,56.745361572089976
"(30, 884.1680119261056)",80.9261489751532,6.2516647733442055,0.0766303494646359,1.3943270274479944,66.35977671190184
"(31, 884.1680119261056)",79.5784276151325,7.137761981532512,0.08749176657270148,1.6578435194686736,75.69957779101969
"(32, 884.1680119261056)",78.36574247374111,7.968998981354221,0.09768072968791694,1.9481091193932112,84.41806745226364
"(33, 884.1680119261056)",77.29322238899921,8.735034742001307,0.10707048268476443,2.2631980158728364,92.40509779548384
"(34, 884.1680119261056)",76.34649613779702,9.438792400661113,0.11569685618314168,2.60132719976152,99.69413211778742
"(35, 884.1680119261056)",75.50582977139693,10.088187171423337,0.12365687163953537,2.961005088861447,106.37244526966818
"(36, 884.1680119261056)",74.7526221420398,10.691805624918821,0.1310557797242889,3.3410350991584683,112.53429311109164
"(37, 884.1680119261056)",74.0713134521029,11.257309071048736,0.13798748964020782,3.7404699405508075,118.26365444530585
"(38, 884.1680119261056)",73.44944319627426,11.791072528184786,0.14453014375470713,4.158559818727329,123.6303700482663
"(39, 884.1680119261056)",72.87716147805166,12.29826796527004,0.15074713794742556,4.5947082154413526,128.6910890470843
"(40, 884.1680119261056)",72.34667653095897,12.783065280155713,0.15668958512047504,5.048437430316777,133.49148153517993
"(41, 884.1680119261056)",71.85178151265275,13.248835299749006,0.16239880349119895,5.519362594977286,138.06846462701438
"(42, 884.1680119261056)",71.38748374669255,13.698321482064797,0.16790842124569724,6.007172252241761,142.45208274621743
"(43, 884.1680119261056)",70.94972376282938,14.133776111290896,0.1732460459622155,6.511613816529385,146.66699821594142
"(44, 884.1680119261056)",70.53516462531117,14.55706564295457,0.1784345558891096,7.032482614774314,150.7336439246173
"(45, 884.1680119261056)",70.14103399609331,14.969751506771992,0.18349309039311584,7.5696135508676425,154.66910738419077
"(46, 884.1680119261056)",69.76500507912819,15.373152110602812,0.1884378099784658,8.122874701624504,158.48780911874488
"(47, 884.1680119261056)",69.40510621712521,15.768390601349445,0.1932824817204524,8.692162345386171,162.20202525753007
"(48, 884.1680119261056)",69.05965161599833,16.15643190080642,0.1980389332357178,9.277397063111934,165.82229281987944
"(49, 884.1680119261056)",68.72718776443593,16.538111635983935,0.20271740729832802,9.878520644539918,169.35772634923737
"(50, 884.1680119261056)",68.40645162702519,16.91415890938018,0.2073268409484559,10.495493616148007,172.81626716416815
"(51, 884.1680119261056)",68.0963377081117,17.28521436626784,0.21187508695379073,11.128293234775725,176.20488117382817
"(52, 884.1680119261056)",67.79587189450338,17.65184463614075,0.21636909082688177,11.776911848512075,179.52971703015092
"(53, 884.1680119261056)",67.50419050566605,18.014553962325465,0.22081503337615718,12.44135554030615,182.79623352328738
"(54, 884.1680119261056)",67.22052338436158,18.37379363306341,0.22521844630827612,13.12164299317568,186.00930292829918
"(55, 884.1680119261056)",66.94418014748871,18.729969681090633,0.22958430660642182,13.817804529619517,189.1732954120139
"(56, 884.1680119261056)",66.67453892813272,19.08344920977348,0.23391711407349136,14.529881288732424,192.29214841711848
"(57, 884.1680119261056)",66.41103709599092,19.43456562246314,0.23822095543137978,15.25792451265406,195.36942405024638
"(58, 884.1680119261056)",66.1531635600484,19.78362297029356,0.24249955761451172,16.001994920206027,198.40835682877693
"(59, 884.1680119261056)",65.90045234506314,20.130899587091143,0.24675633232507857,16.762162150376298,201.41189363166583
"(60, 884.1680119261056)",65.65247720004965,20.476651144404293,0.25099441348033436,17.538504262011763,204.38272730945437
"(61, 884.1680119261056)",65.40884704768577,20.821113232316804,0.25521668884714666,18.33110727890632,207.32332510943883
"(62, 884.1680119261056)",65.16920212298598,21.164503550324774,0.2594258268968826,19.140064771800493,210.2359528379022
"(63, 884.1680119261056)",64.93321067976119,21.507023776083482,0.26362429971175505,19.965477470489095,213.1226955010652
"(64, 884.1680119261056)",64.70056616728212,21.848861166717754,0.26781440261299816,20.807452900669283,215.98547502284288
"(65, 884.1680119261056)",64.47098479820131,22.190189937103383,0.27199827105529295,21.666105041247445,218.8260655250489
"(66, 884.1680119261056)",64.24420344348364,22.531172451381856,0.27617789523186265,22.54155399869008,221.6461065664022
"(67, 884.1680119261056)",64.01997780192134,22.871960257386935,0.2803551327540671,23.433925695691617,224.4471146647513
"(68, 884.1680119261056)",63.798080801143975,23.212694988442045,0.28453171970524505,24.343351571985266,227.23049336971715
"(69, 884.1680119261056)",63.57830119462131,23.553509152729106,0.2887092803164948,25.269968295563473,229.99754210648845
"(70, 884.1680119261056)",63.36044232520588,23.894526827024094,0.292889335470166,26.21391748290647,232.74946397410838
"(71, 884.1680119261056)",63.14432103072832,24.235864268785505,0.2970733102026294,27.175345427141355,235.4873726510247
"(72, 884.1680119261056)",62.92976667123834,24.577630458280584,0.3012625403494319,28.154402833212377,238.21229853535297
"(73, 884.1680119261056)",62.71662026067523,24.91992758061212,0.3054582784537604,29.151244559399355,240.92519422743274
"(74, 884.1680119261056)",62.50473368857265,25.262851455909086,0.3096616990395631,30.166029364590432,243.62693944488012
"(75, 884.1680119261056)",62.293969019590115,25.606491924700602,0.3138739033352836,31.198919660900803,246.3183454465435
"(76, 884.1680119261056)",62.084197860499444,25.950933194437393,0.3180959235214065,32.25008127128231,249.00015903043814
"(77, 884.1680119261056)",61.875300785842725,26.296254152226883,0.3223287265638437,33.31968319186436,251.6730661607627
"(78, 884.1680119261056)",61.66716681469746,26.64252864814618,0.3265732176866061,34.40789735881556,254.33769527146222
"(79, 884.1680119261056)",61.45969293217296,26.989825752818795,0.33083024352916196,35.51489841959963,256.99462028660884
"(80, 884.1680119261056)",61.2527836499909,27.338209992526064,0.3351005950282646,36.64086350852446,259.6443633928713
"(81, 884.1680119261056)",61.04635060147195,27.68774156457098,0.3393850100578307,37.78597202649226,262.28739759386133
"(82, 884.1680119261056)",60.840312166711485,28.03847653534615,0.3436841758567665,38.950405424928185,264.92414907281113
"(83, 884.1680119261056)",60.63459312441477,28.390467023170984,0.34799873127011105,40.13434699395837,267.55499938594284
"(84, 884.1680119261056)",60.42912432723176,28.743761367746778,0.35232926882614796,41.33798165474017,270.1802875066535
"(85, 884.1680119261056)",60.223842397911504,29.09840428781145,0.3566763366688762,42.56149575606274,272.80031173754384
"(86, 884.1680119261056)",60.01868944386547,29.454437028416596,0.3610404403632637,43.805076875275184,275.41533150563737
"(87, 884.1680119261056)",59.81361278808966,29.811897499049948,0.36542204458830496,45.0689136236003,278.025569054014
"(88, 884.1680119261056)",59.60856471462369,30.170820403694215,0.3698215747312242,46.35319545594281,280.6312110415454
"(89, 884.1680119261056)",59.403502226958516,30.531237363781926,0.3742394183946047,47.658112485295455,283.23241006104416
"(90, 884.1680119261056)",59.198386817958074,30.89317703491397,0.37867592682708223,48.98385530187188,285.8292860851048
"(91, 884.1680119261056)",58.99318425013523,31.256665218062988,0.3831314162864241,50.33061479707668,288.4219278473241
"(92, 884.1680119261056)",58.78786434515034,31.62172496595428,0.38760616934350745,51.698581992477244,291.01039416626514
"(93, 884.1680119261056)",58.58240078161604,31.988376685201946,0.3921004361342604,53.08794787391729,293.59471521827066
"(94, 884.1680119261056)",58.37677090032522,32.356638234709706,0.3966144355658184,54.49890323166991,296.1748937637542
"(95, 884.1680119261056)",58.17095551699027,32.72652502096571,0.4011483564846164,55.93163850153187,298.7509063388961
"(96, 884.1680119261056)",57.96493873782851,33.09805008977654,0.40570235880080124,57.386343622846425,301.3227043917896
"(97, 884.1680119261056)",57.75870778797347,33.471224217035314,0.41027657460087996,58.86320788723751,303.8902154174751
"(98, 884.1680119261056)",57.55225283604586,33.84605599537335,0.4148711092097946,60.362419804611115,306.45334403099116
"(99, 884.1680119261056)",57.345566829882266,34.22255192025202,0.4194860422462691,61.8841669707659,309.0119730328682
"(100, 884.1680119261056)",57.13864533417029,34.60071647381467,0.42412142865057656,63.428635942057475,311.5659644431824
"(101, 884.1680119261056)",56.93148637259335,34.9805522073106,0.4287772996948868,64.9960121165282,314.1151605137439
"(102, 884.1680119261056)",56.724090273833944,35.362059822171325,0.4334536639770608,66.5864796216682,316.65938471901586
"(103, 884.1680119261056)",56.51645952125729,35.74523824986105,0.43815050839942987,68.20022120896988,319.1984427269665
"(104, 884.1680119261056)",56.308598606095664,36.13008473061634,0.4428677991339319,69.83741815542069,321.7321233509178
"(105, 884.1680119261056)",56.10051388402111,36.51659489114734,0.4476054825745699,71.49825017209565,324.26019948308686
"(106, 884.1680119261056)",55.892213434997025,36.90476282136558,0.4523634862779111,73.18289531997442,326.7824290103284
"(107, 884.1680119261056)",55.6837069263403,37.294581150174466,0.45714171989204994,74.89152993312774,329.2985557123067
"(108, 884.1680119261056)",55.47500547894783,37.686041120335,0.4619400760743505,76.6243285493827,331.80831014226976
"(109, 884.1680119261056)",55.26612153662855,38.07913266242814,0.4667584313979756,78.38146384858975,334.3114104903059
"(110, 884.1680119261056)",55.057068738562535,38.47384446787559,0.4715966472470122,80.1631065985822,336.8075634288256
"(111, 884.1680119261056)",54.84786179483065,38.870164061023914,0.47645457069999914,81.96942560892622,339.29646493999815
"(112, 884.1680119261056)",54.63851636506446,39.26807787022968,0.48133203540128133,83.80058769254421,341.7778011245526
"(113, 884.1680119261056)",54.42904894017346,39.66757129792572,0.48622886241985475,85.65675763525589,344.25124899159897
"(114, 884.1680119261056)",54.219476727218876,40.06862878958986,0.4911448610947476,87.53809817332478,346.71647722854146
"(115, 884.1680119261056)",54.00981753739458,40.4712339015802,0.49607982986652743,89.4447699790288,349.17314695069945
"(116, 884.1680119261056)",53.800089677176786,40.87536936775279,0.5010335570938546,91.37693165428492,351.62091242965334
"(117, 884.1680119261056)",53.59031184262226,41.2810171648071,0.5060058218544944,93.33473973237125,354.0594217997521
"(118, 884.1680119261056)",53.380503016854156,41.68815857627906,0.5109963947296853,95.31834868772573,356.4883177418276
"(119, 884.1680119261056)",53.170682370726404,42.09677425511499,0.5160050385711522,97.32791095382964,358.9072381434794
"(120, 884.1680119261056)",52.96086916668634,42.50684428474771,0.5210315092497658,99.36357694916688,361.31581673505684
"(17, 884.3301270189222)",92.19304698046466,0.2749602078237397,0.0033703497513560823,0.051825495446035166,2.928676328268882
"(18, 884.3301270189222)",91.91651474974346,0.37705930083177447,0.004621838668450258,0.07336730372993194,4.013863873001651
"(19, 884.3301270189222)",91.57497693641118,0.508159102161694,0.0062288064050267395,0.1014404101236357,5.406880749209937
"(20, 884.3301270189222)",91.15838397336897,0.6750957733607658,0.00827504783290888,0.13746840786526784,7.180405693298699
"(21, 884.3301270189222)",90.65558405563901,0.8861287246223878,0.010861803423625195,0.18310596032189635,9.422314040947137
"(22, 884.3301270189222)",90.05429662917315,1.1510664277349496,0.01410930141207099,0.24026104656848235,12.237019263316514
"(23, 884.3301270189222)",89.34121850237527,1.4812716885248087,0.01815682242395849,0.31110870292882015,15.745516377510405
"(24, 884.3301270189222)",88.50244601682837,1.889425193177334,0.023159801123344,0.39808933299364285,20.082820536146134
"(25, 884.3301270189222)",87.52467591718336,2.388780420645731,0.02928069323372281,0.5038804925750399,25.389918674005145
"(26, 884.3301270189222)",86.39827037969305,2.9912896732673695,0.03666600518789786,0.6313215345519992,31.79353149053817
"(27, 884.3301270189222)",85.12419282000242,3.7033694720373846,0.04539438807546364,0.7832512593417689,39.36037371337924
"(28, 884.3301270189222)",83.72633814027047,4.518058665126935,0.05538051494485373,0.9621976178774193,48.012460197678394
"(29, 884.3301270189222)",82.26349813330577,5.406225715741518,0.06626730333468658,1.1698961765815878,57.43227659858325
"(30, 884.3301270189222)",80.82174466102472,6.318253890751729,0.07744657162665015,1.4068160543178163,67.08152046945777
"(31, 884.3301270189222)",79.4788886137621,7.20381035456465,0.08830136051136325,1.6720928537640134,76.41546050319349
"(32, 884.3301270189222)",78.27411842241001,8.03219856426496,0.09845540432260244,1.9640074362658921,85.10307277404047
"(33, 884.3301270189222)",77.21014425065661,8.794521515648317,0.10779964722226983,2.2806148777448363,93.04986084292004
"(34, 884.3301270189222)",76.27137204989236,9.494535888258204,0.11638013705148811,2.6201388121526246,100.29832256906944
"(35, 884.3301270189222)",75.43767314360016,10.140501342222041,0.12429811734537624,2.9811037328243395,106.93946616742512
"(36, 884.3301270189222)",74.69043149480078,10.741096968074114,0.13165997284540334,3.3623302128816337,113.06855029680175
"(37, 884.3301270189222)",74.01420370773931,11.30397270024458,0.13855947331850896,3.762886176190672,118.76943046324132
"(38, 884.3301270189222)",73.39667164656358,11.835457771577467,0.1450741999118374,4.182034451517606,124.11145118368609
"(39, 884.3301270189222)",72.82811650841725,12.340672336806087,0.1512669133876407,4.619188746760797,129.1506999830918
"(40, 884.3301270189222)",72.3008565839689,12.823738653544861,0.15718814269349193,5.073879600446375,133.93233059355782
"(41, 884.3301270189222)",71.80877416132826,13.287986892216122,0.16287870769617893,5.545728802103163,138.49281946353665
"(42, 884.3301270189222)",71.34694781639672,13.736126865699312,0.16837182417349078,6.034430312739677,142.8618463450111
"(43, 884.3301270189222)",70.91137491305196,14.170383346902938,0.17369476248166868,6.539735995021938,147.06377537291363
"(44, 884.3301270189222)",70.49876399096013,14.592600359740212,0.17887012591151746,7.06144486247861,151.11879630474422
"(45, 884.3301270189222)",70.10637931071678,15.004321010105132,0.18391682922385616,7.599394903555934,155.04379804489423
"(46, 884.3301270189222)",69.73192374033965,15.40684867266023,0.1888508486521371,8.153456799964204,158.85303817621147
"(47, 884.3301270189222)",69.37344984972538,15.801294091475135,0.19368579924280063,8.723529049561588,162.55865839658574
"(48, 884.3301270189222)",69.0292917847766,16.188611891997134,0.19843338240407732,9.309534140505441,166.17108412568663
"(49, 884.3301270189222)",68.69801257054145,16.569629098591218,0.203103735462327,9.911415514466322,169.69933666495086
"(50, 884.3301270189222)",68.37836298619867,16.945067579995754,0.2077057067892563,10.529135139559651,173.1512789279384
"(51, 884.3301270189222)",68.06924915796189,17.315561860555217,0.21224707412471872,11.162671539594687,176.5338104805124
"(52, 884.3301270189222)",67.76970681518493,17.68167335894035,0.21673471910912204,11.812018183438946,179.85302349574138
"(53, 884.3301270189222)",67.4788806656472,18.043901856560087,0.22117476785853776,12.47718215161055,183.11432840211077
"(54, 884.3301270189222)",67.19600774378756,18.402694799683225,0.2255727049862953,13.158183020074828,186.32255583245757
"(55, 884.3301270189222)",66.92040386704349,18.758454895280824,0.22993346670970766,13.855051914870753,189.48203990642614
"(56, 884.3301270189222)",66.65145254293695,19.111546353238687,0.23426151736457587,14.567830701698842,192.596686704962
"(57, 884.3301270189222)",66.38859582300496,19.462300047381916,0.23856091266689786,15.296571282699515,195.6700309177683
"(58, 884.3301270189222)",66.1313267140927,19.811017807357427,0.242835352321023,16.041334978677625,198.70528298405736
"(59, 884.3301270189222)",65.87918284380034,20.157976007510165,0.24708822401060243,16.80219197976336,201.70536854441258
"(60, 884.3301270189222)",65.63174114219387,20.503428583841018,0.251322640379273,17.57922085113011,204.67296163820328
"(61, 884.3301270189222)",65.3886133519399,20.847609583115833,0.2555414702765482,18.372508083189324,207.6105127850727
"(62, 884.3301270189222)",65.14944221747623,21.190735327276705,0.25974736528830117,19.182147677911644,210.5202728603221
"(63, 884.3301270189222)",64.91389823377824,21.533006259938865,0.26394278237037316,20.00824076462435,213.4043134946955
"(64, 884.3301270189222)",64.681676858598,21.874608528930413,0.26813000324669994,20.850895240025118,216.26454458871305
"(65, 884.3301270189222)",64.45249611042374,22.215715348680277,0.2723111511088965,21.710225428218713,219.1027294205806
"(66, 884.3301270189222)",64.22609448893459,22.556488178191962,0.27648820505536537,22.586351757410803,221.92049773843428
"(67, 884.3301270189222)",64.00222916624313,22.897077743913655,0.2806630126292687,23.47940045062749,224.71935715732707
"(68, 884.3301270189222)",63.78067440653261,23.237624931608682,0.28483730075065566,24.389503228304207,227.50070312425007
"(69, 884.3301270189222)",63.56122017900933,23.57826156720448,0.2890126852878257,25.316797021062904,230.2658276695998
"(70, 884.3301270189222)",63.34367093524509,23.91911110314433,0.29319067947031446,26.261423691323696,233.0159271254236
"(71, 884.3301270189222)",63.12784452669322,24.260289224085884,0.29737270131334625,27.22352976266393,235.7521089617276
"(72, 884.3301270189222)",62.913571242267885,24.601904383477702,0.301560080194926,28.203266156064625,238.47539786655065
"(73, 884.3301270189222)",62.70069294904375,24.94405828073061,0.30575406270482663,29.2007879323784,241.18674117593247
"(74, 884.3301270189222)",62.48906232182519,25.286846287174622,0.30995581786580406,30.216254040451243,243.88701374306916
"(75, 884.3301270189222)",62.278542149585775,25.630357827709027,0.31416644181168796,31.249827070517334,246.5770223218955
"(76, 884.3301270189222)",62.06900470851136,25.97467672405544,0.31838696199486105,32.30167301247411,249.25750952961016
"(77, 884.3301270189222)",61.86033119299887,26.31988150460889,0.32261834098425274,33.37196101885342,251.9291574423848
"(78, 884.3301270189222)",61.652411197156,26.666045685188298,0.32686147990671066,34.46086317224036,254.592590871254
"(79, 884.3301270189222)",61.44514224045367,27.013238024366974,0.33111722157669776,35.56855425704506,257.2483803580287
"(80, 884.3301270189222)",61.23842933203131,27.361522756565098,0.33538635335345846,36.69521153550747,259.89704492596957
"(81, 884.3301270189222)",61.03218456897339,27.710959805631486,0.33966960975902377,37.841014527867074,262.5390546147982
"(82, 884.3301270189222)",60.8263267644337,28.061604981313977,0.3439676748864405,39.00614479673276,265.17483282599653
"(83, 884.3301270189222)",60.6207811020969,28.41351016067103,0.34828118462348373,40.190785735535535,267.8047585008506
"(84, 884.3301270189222)",60.415478813865455,28.76672345625238,0.35261072871410537,41.39512236126773,270.4291681507118
"(85, 884.3301270189222)",60.210356878115824,29.121289372613315,0.3569568526769271,42.61934111136983,273.0483577566918
"(86, 884.3301270189222)",60.005357736172364,29.477248952555584,0.36132005959783997,43.86362964495128,275.6625845536911
"(87, 884.3301270189222)",59.80042902492708,29.834639914330758,0.36570081181173136,45.12817664837248,278.2720687120189
"(88, 884.3301270189222)",59.59552332383846,30.193496780864194,0.37009953248650107,46.41317164532444,280.8769949281068
"(89, 884.3301270189222)",59.39059791472155,30.553851001961814,0.37451660712100293,47.71880481146415,283.47751393454814
"(90, 884.3301270189222)",59.185614552945566,30.91573107034011,0.3789523849673063,49.04526679378479,286.07374393847675
"(91, 884.3301270189222)",58.980539248828926,31.279162632224793,0.3834071803863556,50.392748534805804,288.66577199622685
"(92, 884.3301270189222)",58.77534205817769,31.644168593172328,0.38788127414508095,51.76144110176101,291.25365533121976
"(93, 884.3301270189222)",58.56999688103546,32.01076921969784,0.3923749146621456,53.15153552090486,293.83742260130913
"(94, 884.3301270189222)",58.36448126775677,32.37898223722336,0.3968883192085182,54.56322261786611,296.4170751201293
"(95, 884.3301270189222)",58.15877623253294,32.748822924953245,0.4014216750704359,55.996692858925776,298.99258804426137
"(96, 884.3301270189222)",57.95286606967761,33.12030420723183,0.4059751406692245,57.45213620923519,301.563911505305
"(97, 884.3301270189222)",57.74673818270172,33.4934367439671,0.4105488466696747,58.92974198171297,304.1309717411525
"(98, 884.3301270189222)",57.54038290946768,33.86822901696699,0.4151428970383201,60.42969870323202,306.69367216566894
"(99, 884.3301270189222)",57.333793358474445,34.24468741574432,0.4197573700951934,61.95219398239227,309.25189443101885
"(100, 884.3301270189222)",57.1269652469847,34.62281632110922,0.4243923195384781,63.497414384355125,311.80549945896223
"(101, 884.3301270189222)",56.91989674363399,35.00261818735347,0.42904777545186795,65.06554531213663,314.35432845039975
"(102, 884.3301270189222)",56.71258831485912,35.38409362310652,0.43372374529570373,66.65677089452883,316.89820387394354
"(103, 884.3301270189222)",56.50504257497843,35.76724147098367,0.43842021488323535,68.27127388081102,319.4369304345437
"(104, 884.3301270189222)",56.29726413973317,36.15205888614325,0.4431371493435509,69.90923554240419,321.9702960233813
"(105, 884.3301270189222)",56.08925948320248,36.53854141381503,0.44787449407191293,71.57083558160932,324.498072649541
"(106, 884.3301270189222)",55.88103679795968,36.92668306587617,0.4526321756683476,73.25625204758647,327.0200173540545
"(107, 884.3301270189222)",55.672605858435325,37.3164763964894,0.45741010286483663,74.96566125968522,329.53587310651403
"(108, 884.3301270189222)",55.46397788740461,37.70791257684218,0.4622081674413991,76.69923773825754,332.04536968437816
"(109, 884.3301270189222)",55.25516542558488,38.10098146897607,0.46702624513109375,78.45715414307753,334.54822453487293
"(110, 884.3301270189222)",55.04618220432041,38.49567169869878,0.47186419651372397,80.23958121944072,337.0441436192225
"(111, 884.3301270189222)",54.83704302134727,38.891970727553094,0.4767218678980048,82.04668775206167,339.5328222388788
"(112, 884.3301270189222)",54.62776361963824,39.289864923806725,0.4815990921917437,83.87864052683184,342.01394584329046
"(113, 884.3301270189222)",54.41836056934702,39.689339632414935,0.48649568975939494,85.7356043005084,344.4871908185755
"(114, 884.3301270189222)",54.20885115284935,40.09037924390715,0.4914114692664575,87.61774177839287,346.9522252565687
"(115, 884.3301270189222)",53.99925325291678,40.4929672621303,0.49634622850982507,89.52521360003009,349.4087097034265
"(116, 884.3301270189222)",53.789585244025396,40.897086370787996,0.5012997552334304,91.45817833298264,351.85629788715147
"(117, 884.3301270189222)",53.57986588681915,41.30271849870771,0.5062718279282266,93.41679247466226,354.29463742320826
"(118, 884.3301270189222)",53.37011422574499,41.709844883759715,0.5112622166157068,95.40121046227041,356.7233704974733
"(119, 884.3301270189222)",53.160349489866206,42.118446135358504,0.5162706836140012,97.41158469080091,359.14213452571465
"(120, 884.3301270189222)",52.950590996859425,42.52850229547234,0.5212969842857258,99.44806553911643,361.55056278886053
"(17, 884.4758164567753)",92.18504112398868,0.27784908278721554,0.003405760398925479,0.05231909397865475,2.959993615517111
"(18, 884.4758164567753)",91.90602206090072,0.38098578217936657,0.0046699678706293,0.07404415538779954,4.05642948981396
"(19, 884.4758164567753)",91.56141322143154,0.5134464074851696,0.006293616030839092,0.10235259222722616,5.464198585114628
"(20, 884.4758164567753)",91.14104296081985,0.6821640718452193,0.008361688144349318,0.13868029204120078,7.257030656389101
"(21, 884.4758164567753)",90.63361145650782,0.8955204621583444,0.010976923500524875,0.18469677663745054,9.524126598672852
"(22, 884.4758164567753)",90.02666219543846,1.1634740264385786,0.014261388681485842,0.2423276744922639,12.371525723372342
"(23, 884.4758164567753)",89.3066915715523,1.4975638910853228,0.01835652557840226,0.31376847048854095,15.922134477778476
"(24, 884.4758164567753)",88.4595912671369,1.910662047972528,0.023420113802204486,0.401482383622677,20.31304189309273
"(25, 884.4758164567753)",87.4719166470772,2.4161898096200414,0.02961666631159298,0.5081707874353026,25.68705432923877
"(26, 884.4758164567753)",86.33413739872908,3.0261361298032705,0.03709313879770581,0.6366944132140655,32.17128980983127
"(27, 884.4758164567753)",85.04797993869673,3.746574955039857,0.045923983212327754,0.7899032191109889,39.82874932755984
"(28, 884.4758164567753)",83.63929720730849,4.569452005751842,0.05601047349110153,0.9703117591538183,48.569597512018774
"(29, 884.4758164567753)",82.16983772165581,5.463782006823184,0.0669728048065962,1.1796019306113075,58.05622428110311
"(30, 884.4758164567753)",80.72761767077283,6.378450487074531,0.07818443688016063,1.4181529026300521,67.73409074116324
"(31, 884.4758164567753)",79.38949916271984,7.263289565249845,0.08903043234517677,1.6850105221059533,77.06025381589396
"(32, 884.4758164567753)",78.19203758532976,8.088974093757113,0.09915133555393785,1.9784020472702015,85.71855641957868
"(33, 884.4758164567753)",77.13580934876406,8.847894268086813,0.10845386858882222,2.296367816912962,93.6284561510814
"(34, 884.4758164567753)",76.20418441649207,9.544523255896284,0.11699286175599535,2.6371388180760253,100.84021810317262
"(35, 884.4758164567753)",75.3767196607168,10.187406564955653,0.12487306237843597,2.999254552729269,107.44794924789572
"(36, 884.4758164567753)",74.63480505566228,10.785293821479542,0.1322017197951345,3.381551157869343,113.54767289492209
"(37, 884.4758164567753)",73.96310978449034,11.345818858486426,0.13907240640850835,3.7831102050433887,119.22306999973051
"(38, 884.4758164567753)",73.34944639859249,11.875267243327993,0.14556216813196118,4.203205787129457,124.5430117166053
"(39, 884.4758164567753)",72.78421447158823,12.378711596747495,0.1517331830755345,4.641260713284254,129.56307027103446
"(40, 884.4758164567753)",72.25983094173274,12.860231076714973,0.15763545188899913,5.096812845127843,134.32793216692738
"(41, 884.4758164567753)",71.77025768340636,13.32311931661627,0.16330934658308766,5.569489886588789,138.87367776751015
"(42, 884.4758164567753)",71.31063676349416,13.770056001840445,0.1687877136451427,6.058990610943488,143.2296602232165
"(43, 884.4758164567753)",70.87701613207454,14.203241320916412,0.17409752208613258,6.565070831888317,147.41997715834526
"(44, 884.4758164567753)",70.466144781387,14.624499276553108,0.1792611297851315,7.087532838116189,151.46460128755194
"(45, 884.4758164567753)",70.07531951998085,15.03535663098818,0.18429725116910417,7.626217359139514,155.38024433939327
"(46, 884.4758164567753)",69.70226959540473,15.437103355151223,0.18922169817402903,8.180997392265606,159.18101859154623
"(47, 884.4758164567753)",69.34506912380992,15.830839136452182,0.1940479503183339,8.751773409026843,162.8789458805453
"(48, 884.4758164567753)",69.00206998736114,16.217509421801093,0.19878759650349387,9.338469594154443,166.48435212475331
"(49, 884.4758164567753)",68.67184992292395,16.59793356642592,0.2034506800507243,9.941030859351287,170.00617548719927
"(50, 884.4758164567753)",68.35317200290278,16.972826989553663,0.20804597027626007,10.559420456090544,173.45220896454657
"(51, 884.4758164567753)",68.04495269816091,17.342818757347064,0.21258117801579457,11.193618036431364,176.82929295243162
"(52, 884.4758164567753)",67.74623650116571,17.708465641066,0.21706312794367766,11.843618067672557,180.1434692429732
"(53, 884.4758164567753)",67.45617559006644,18.070263441861858,0.22149789738760786,12.509428519280029,183.4001051160835
"(54, 884.4758164567753)",67.17401340565118,18.428656178090772,0.22589092894296442,13.191069763213015,186.60399404379484
"(55, 884.4758164567753)",66.89907129021756,18.784043588784172,0.23024712244727435,13.888573642003191,189.75943797137293
"(56, 884.4758164567753)",66.63073754129195,19.136787301124578,0.23457091057861462,14.601982669451928,192.87031498157745
"(57, 884.4758164567753)",66.36845838416333,19.487215930633297,0.2388663213716179,15.331349336562887,195.94013528262533
"(58, 884.4758164567753)",66.11173047969034,19.835629323266506,0.24313703021536176,16.076735501366244,198.9720878092415
"(59, 884.4758164567753)",65.86009466881087,20.18230210329754,0.24738640334184925,16.838211845983402,201.96907923010383
"(60, 884.4758164567753)",65.6131307194066,20.527486656339388,0.2516175343906843,17.615857387678982,204.93376677736222
"(61, 884.4758164567753)",65.37045289037592,20.87141565024058,0.25583327530917127,18.40975903359344,207.8685860222968
"(62, 884.4758164567753)",65.13170616574443,21.21430417590184,0.2600362625935941,19.220011170905007,210.77577449493253
"(63, 884.4758164567753)",64.89656304107268,21.556351573943964,0.2642289396797344,20.04671528590781,213.6573918688333
"(64, 884.4758164567753)",64.6647207673296,21.89774300052885,0.26841357613608685,20.889979606838946,216.51533729420927
"(65, 884.4758164567753)",64.43589897560186,22.238650775570587,0.2725922841896682,21.749918766328374,219.35136435214568
"(66, 884.4758164567753)",64.20983762026226,22.57923554863984,0.27676703301719846,22.62665348019445,222.16709401601148
"(67, 884.4758164567753)",63.98629518956354,22.91964731152778,0.2809396611566986,23.52031023997055,224.96402593669023
"(68, 884.4758164567753)",63.76504714182603,23.260026281280137,0.28511188733136006,24.431021017087588,227.7435483118492
"(69, 884.4758164567753)",63.54588453265985,23.60050367341594,0.28928531992733075,25.358922977041086,230.5069465546442
"(70, 884.4758164567753)",63.32861280454178,23.941202381720203,0.29346146532636724,26.304158202214385,233.25541094092594
"(71, 884.4758164567753)",63.11305071498725,24.28223757822643,0.2976417352601331,27.26687342231272,235.99004338350488
"(72, 884.4758164567753)",62.8990293833253,24.62371724484596,0.3018274533267343,28.24721975157473,238.71186345865783
"(73, 884.4758164567753)",62.686391439449785,24.965742646206643,0.3060198607865537,29.24535243207692,241.42181378909885
"(74, 884.4758164567753)",62.47499026040481,25.308408751826896,0.31022012173709707,30.261430582624907,244.12076487211428
"(75, 884.4758164567753)",62.26468928297077,25.65180461444763,0.3144293277504388,31.29561695280917,246.80951942721518
"(76, 884.4758164567753)",62.05536138212316,25.996013710360305,0.31864850204480294,32.348077681914226,249.48881632689128
"(77, 884.4758164567753)",61.846888306791286,26.341114246681467,0.3228786032510414,33.41898206241637,252.15933416447166
"(78, 884.4758164567753)",61.63916016556106,26.687179439829794,0.32712052882606185,34.50850230792202,254.8216945052811
"(79, 884.4758164567753)",61.43207495605901,27.03427776883323,0.3313751181577759,35.616813325376704,257.47646486068254
"(80, 884.4758164567753)",61.22553813257427,27.38247320662436,0.3356431554002239,36.7440924914969,260.1241614192444
"(81, 884.4758164567753)",61.019462207268255,27.731825432030526,0.3399253720720554,37.890519433320264,262.7652515644841
"(82, 884.4758164567753)",60.81376638092866,28.08239002481635,0.34422244944729324,39.056275812908545,265.40015620473724
"(83, 884.4758164567753)",60.608376199775215,28.434218645824064,0.34853502076340964,40.24154511614542,268.02925193735047
"(84, 884.4758164567753)",60.40322323524677,28.787359204012862,0.3528636732688237,41.4465124457608,270.65287306661884
"(85, 884.4758164567753)",60.19824478414844,29.141856011946707,0.3572089501288165,42.67136431850115,273.2713134923513
"(86, 884.4758164567753)",59.993383586801414,29.497749931125465,0.36157135220695075,43.916288466604584,275.88482848401844
"(87, 884.4758164567753)",59.78858756119909,29.855078508354815,0.36595133973659755,45.18147364363922,278.4936363533387
"(88, 884.4758164567753)",59.58380955138113,30.213876104224703,0.37034933389581565,46.46710943479954,281.09792003692485
"(89, 884.4758164567753)",59.37900708845662,30.574174014647706,0.3747657182971062,47.773386071770254,283.6978285990726
"(90, 884.4758164567753)",59.17414216292897,30.936000586279974,0.3792008404021809,49.10049425229372,286.29347866352055
"(91, 884.4758164567753)",58.96918100710617,31.299381326570835,0.383655012870919,50.448624964568495,288.88495578217226
"(92, 884.4758164567753)",58.76409388656806,31.664339009083992,0.3881285148523488,51.81796931661422,291.4723157475727
"(93, 884.4758164567753)",58.558854899742066,32.03089377468133,0.3926215932249145,53.208718370760664,294.0555858554055
"(94, 884.4758164567753)",58.353441784752626,32.399063229054754,0.39713446379198847,54.621062984189386,296.63476612135327
"(95, 884.4758164567753)",58.14783573363905,32.76886253723247,0.40166731244028303,56.0551936503593,299.2098304642587
"(96, 884.4758164567753)",57.942021209274294,33.1403045145969,0.40622029625551154,57.51130035741018,301.78072783449653
"(97, 884.4758164567753)",57.73598577502404,33.513399717002955,0.4107935446270284,58.98957243720269,304.347383341961
"(98, 884.4758164567753)",57.529719920431134,33.888156526830244,0.4153871603026113,60.4901984316663,306.9096993226472
"(99, 884.4758164567753)",57.323216897984004,34.26458123853572,0.4200012204371361,62.01336596072753,309.4675563982505
"(100, 884.4758164567753)",57.116472561702786,34.64267814200643,0.4246357776142896,63.559261597290124,312.02081450486634
"(101, 884.4758164567753)",56.90948521014904,35.02244960453505,0.4292908608513763,65.12807074867553,314.56931390027745
"(102, 884.4758164567753)",56.702255433245185,35.403896151475564,0.43396647658796306,66.71997754468686,317.1128761503219
"(103, 884.4758164567753)",56.494785962693726,35.78701654571561,0.438662609660041,68.33516473246668,319.6513050956578
"(104, 884.4758164567753)",56.28708152585405,36.17180786606425,0.4433792242608447,69.97381357828493,322.1843877997974
"(105, 884.4758164567753)",56.079148702954,36.55826558463062,0.4481162648893345,71.63610377642496,324.71189547912974
"(106, 884.4758164567753)",55.87099578752703,36.94638364325704,0.4528736572870998,73.3222133652891,327.2335844154843
"(107, 884.4758164567753)",55.662632650029174,37.33615452903259,0.4576513093639482,75.03231865087058,329.74919685131977
"(108, 884.4758164567753)",55.4540706045843,37.727569348903266,0.46244911211245926,76.7665941376996,332.25846186767865
"(109, 884.4758164567753)",55.24532227878981,38.120617903399214,0.4672669405117059,78.52521246738753,334.7610962449631
"(110, 884.4758164567753)",55.03640148662829,38.51528875943573,0.47210465441961497,80.30834436486693,337.25680530596577
"(111, 884.4758164567753)",54.827323104425915,38.911569322187475,0.4769620994539658,82.11615859241016,339.7452837410739
"(112, 884.4758164567753)",54.61810294988712,39.309445905986955,0.4818391078614467,83.94882191151858,342.2262164150387
"(113, 884.4758164567753)",54.4087576642119,39.70890380420253,0.4867354993741817,85.80649905273089,344.6992791547447
"(114, 884.4758164567753)",54.199304597313244,40.109927358040416,0.4916510820530826,87.68935269342961,347.1641395173277
"(115, 884.4758164567753)",53.98976169614208,40.51250002421429,0.4965856531173155,89.59754344365795,349.62045753800066
"(116, 884.4758164567753)",53.780147396147264,40.916604441412346,0.5015389997590154,91.53122984001321,352.06788645675636
"(117, 884.4758164567753)",53.57048051588579,41.322222495491886,0.5065108999424369,93.49056834760174,354.50607342324116
"(118, 884.4758164567753)",53.360780154792664,41.729335383333485,0.5115011231866342,95.47571337007979,356.9346601789761
"(119, 884.4758164567753)",53.1510655941242,42.13792367527829,0.5165094313307924,97.48681726777835,359.353283716149
"(120, 884.4758164567753)",52.94135620108073,42.54796737607545,0.5215355792813077,99.52403038388884,361.76157691220305
"(17, 884.6045275897247)",92.17789249294519,0.2804311817831032,0.0034374107121771355,0.052759486417613986,2.9879895927597
"(18, 884.6045275897247)",91.89665229889506,0.38449623450496534,0.004712997559239101,0.07464799627760134,4.09449098314463
"(19, 884.6045275897247)",91.5492991386262,0.5181752281020492,0.006351579979590497,0.10316637380799207,5.515470033486013
"(20, 884.6045275897247)",91.12555130304351,0.688488616532134,0.00843921182598218,0.13976151352310456,7.32560347702948
"(21, 884.6045275897247)",90.61397533037419,0.9039283426522385,0.011079983860263362,0.18611624763196727,9.615287640778078
"(22, 884.6045275897247)",90.0019556580766,1.1745881954290276,0.014397621618571528,0.24417202233464258,12.492029247977433
"(23, 884.6045275897247)",89.2758074959425,1.5121664590754513,0.01853551788344955,0.3161426527921245,16.080460388127662
"(24, 884.6045275897247)",88.42123818308922,1.9297074903056368,0.023653565043537706,0.40451180154379046,20.51953892960771
"(25, 884.6045275897247)",87.42467914969801,2.440782044079746,0.029918107861818644,0.5120021345382196,25.953691536944294
"(26, 884.6045275897247)",86.27671125164748,3.0574041522384707,0.03747640942611473,0.6414933186069266,32.5103081375404
"(27, 884.6045275897247)",84.97978665614117,3.7853162559782563,0.04639885823158407,0.7958446368887329,40.24879542976431
"(28, 884.6045275897247)",83.56158307410645,4.615438890694572,0.056574161915179735,0.9775571350667628,49.06820263969541
"(29, 884.6045275897247)",82.08652351133279,5.515098480244372,0.06760182114610418,1.188262499620673,58.612614559533874
"(30, 884.6045275897247)",80.64424515812449,6.431898832462161,0.07883958483416101,1.4282582403129775,68.31359545728004
"(31, 884.6045275897247)",79.31059519463369,7.315923078907159,0.08967559242514575,1.6965112396221802,77.63092383395256
"(32, 884.6045275897247)",78.1197369477807,8.139109882426597,0.09976587952712387,1.9912034806026682,86.26214524806214
"(33, 884.6045275897247)",77.0703983355562,8.89497496542086,0.10903096451777285,2.3103641856575705,94.13892067423892
"(34, 884.6045275897247)",76.14508406729585,9.588598198790173,0.11753311437654368,2.65223188095925,101.31809323825225
"(35, 884.6045275897247)",75.32310398662678,10.228759347470227,0.12537994787059198,3.0153597376473513,107.89630981764198
"(36, 884.6045275897247)",74.58586788766337,10.8242608206441,0.13267936133092112,3.3985977396829625,113.97016601136292
"(37, 884.6045275897247)",73.91815026212818,11.38271784286469,0.13952469906499318,3.8010394882859186,119.62314101520087
"(38, 884.6045275897247)",73.30788106579485,11.910375552492015,0.14599251142416916,4.221968961314133,124.92366763870051
"(39, 884.6045275897247)",72.74556479750481,12.412263879446007,0.15214445323184306,4.660816937360796,129.9268552391907
"(40, 884.6045275897247)",72.22370529660739,12.892423713210341,0.1580300560583308,5.117127683503166,134.67697540095426
"(41, 884.6045275897247)",71.73633432363246,13.354116425269583,0.1636892964611793,5.590534074555967,139.20975869297996
"(42, 884.6045275897247)",71.27864960151632,13.799995178792345,0.16915469582919904,6.080739090563483,143.55427070300874
"(43, 884.6045275897247)",70.84674338258112,14.232238557099581,0.17445295834555877,6.587501999386855,147.7343748045161
"(44, 884.6045275897247)",70.4374000695662,14.652652985479756,0.1796062264325032,7.110627953531433,151.7698531319662
"(45, 884.6045275897247)",70.04794495653633,15.062750885512527,0.1846330387350783,7.649960079959222,155.67726192774006
"(46, 884.6045275897247)",69.67613037743428,15.463810470580906,0.18954906307006425,8.205373401844225,159.4705859903249
"(47, 884.6045275897247)",69.32004930642778,15.85692173058251,0.19436766008775017,8.776770118037467,163.16174201260696
"(48, 884.6045275897247)",68.97806915138655,16.243022062267737,0.1991003200140472,9.364075898538903,166.76096863045035
"(49, 884.6045275897247)",68.64878052985226,16.622924094133257,0.20375700371665234,9.967236942412086,170.2771310734549
"(50, 884.6045275897247)",68.33095727967249,16.99733758781122,0.20834641116331315,10.586217625374047,173.7179609967631
"(51, 884.6045275897247)",68.02352493283031,17.366886820795568,0.21287619449218378,11.220998588173927,177.09024687568265
"(52, 884.6045275897247)",67.72553565944048,17.73212448633649,0.21735312839103618,11.871575173304167,180.39998628719718
"(53, 884.6045275897247)",67.43614818420015,18.093542892391294,0.22178324736942828,12.537956129692086,183.65250863685608
"(54, 884.6045275897247)",67.15461156336886,18.451583048318557,0.22617195713967478,13.220162527440479,186.852574772145
"(55, 884.6045275897247)",66.88025198315619,18.806642087439283,0.23052412559957008,13.918226837690458,190.00445838635162
"(56, 884.6045275897247)",66.61246194168005,19.159079369018162,0.23484415762798666,14.632192142986158,193.11201297272584
"(57, 884.6045275897247)",66.35069132519284,19.50922152516183,0.23913605694766854,15.362111451214162,196.17872723464765
"(58, 884.6045275897247)",66.09444000032153,19.85736665927946,0.24340347758826028,16.10804709209938,199.20777121355974
"(59, 884.6045275897247)",65.84325162774914,20.203787858037348,0.24764976693441612,16.870070179816143,202.20203490690847
"(60, 884.6045275897247)",65.59670846606885,20.548736144647805,0.2518780019259808,17.64826012874092,205.1641607752351
"(61, 884.6045275897247)",65.35442698305407,20.892442975037994,0.25609101965503245,18.442704212134583,208.0965712497763
"(62, 884.6045275897247)",65.11605412914732,21.235122357961487,0.2602914433533263,19.253497155668104,211.00149212754872
"(63, 884.6045275897247)",64.8812641567659,21.576972664306798,0.2644817045700695,20.080740759365312,213.88097256796615
"(64, 884.6045275897247)",64.64975589191229,21.918178178240094,0.2686640621851922,20.924543542897467,216.73690226677093
"(65, 884.6045275897247)",64.42125038231482,22.258910432980496,0.27284061878271565,21.78502041013582,219.57102627543654
"(66, 884.6045275897247)",64.19548886045152,22.599329366137884,0.2770133348124463,22.662292329791406,222.3849578480269
"(67, 884.6045275897247)",63.97223097113945,22.939584323214127,0.2811840408904486,23.556486029533243,225.18018962813193
"(68, 884.6045275897247)",63.75125322222177,23.279814932885856,0.2853544485279273,24.467733701543388,227.95810343413018
"(69, 884.6045275897247)",63.53234762425898,23.620151873545186,0.2895261595271557,25.396172717914197,230.71997885547268
"(70, 884.6045275897247)",63.3153204908809,23.96071754731232,0.2937006742432559,26.341945354522316,233.4670008372167
"(71, 884.6045275897247)",63.09999137625243,24.301626675021677,0.29787939887728154,27.305198522425354,236.20026640012344
"(72, 884.6045275897247)",62.88619212995364,24.6429868234898,0.3020636519392733,28.286083505899384,238.92079061986854
"(73, 884.6045275897247)",62.67376605276096,24.98489887456375,0.3062546699976458,29.284755706476766,241.62951196893772
"(74, 884.6045275897247)",62.46256713940295,25.32745744396577,0.31045361281321293,30.30137439252236,244.3272971086332
"(75, 884.6045275897247)",62.25245939653388,25.670751256713093,0.31466156794094746,31.336102453863997,247.0149452051799
"(76, 884.6045275897247)",62.043316225936046,26.01486348488002,0.3188795548701137,32.38910616123998,249.6931918326587
"(77, 884.6045275897247)",61.83501986446884,26.35987205260463,0.32310852876291646,33.460554930297725,252.36271251623296
"(78, 884.6045275897247)",61.62746087345114,26.70584991256986,0.32734938384350193,34.55062108994153,255.024125961727
"(79, 884.6045275897247)",61.42053767132954,27.052865297530424,0.33160295648107135,35.659479654966354,257.67799701032783
"(80, 884.6045275897247)",61.21415610419141,27.400981950038616,0.33587002800574656,36.78730810283442,260.32483935273666
"(81, 884.6045275897247)",61.00822904957313,27.750259333023212,0.3401513272897903,37.93428615456362,262.9651180316392
"(82, 884.6045275897247)",60.8026760495069,28.100752823586394,0.34444753312306814,39.10059555975304,265.5992517580247
"(83, 884.6045275897247)",60.597422969393875,28.452513892020672,0.34875927640737026,40.28641988562964,268.22761506324633
"(84, 884.6045275897247)",60.39240167963625,28.805590267845336,0.3530871421916193,41.49194431037373,270.85054030604965
"(85, 884.6045275897247)",60.187549757426154,29.16002609440163,0.3574316715668347,42.71735542050855,273.46831955147684
"(86, 884.6045275897247)",59.98281020639628,29.51586207336924,0.36179336343755714,43.96284101261148,276.0812063361663
"(87, 884.6045275897247)",59.778131192112056,29.87313560040977,0.36617267618450966,45.22858989936962,278.68941733309384
"(88, 884.6045275897247)",59.57346579164644,30.23188089299401,0.37057002923145155,46.51479172007406,281.2931339271246
"(89, 884.6045275897247)",59.36877175569214,30.59212911134949,0.3749858045277056,47.82163675567733,283.8925037114065
"(90, 884.6045275897247)",59.1640112818847,30.953908473341375,0.3794203479563183,49.149315748545476,286.4876419132825
"(91, 884.6045275897247)",58.959150798096054,31.317244364044072,0.38387397067715046,50.49801972701945,289.078632757833
"(92, 884.6045275897247)",58.75416075471421,31.682159440624375,0.3883469504124841,51.867939834956864,291.6655307755889
"(93, 884.6045275897247)",58.54901542495998,32.04867373312645,0.3928395326824063,53.259267166379196,294.24836206070904
"(94, 884.6045275897247)",58.343692712408696,32.416804741642935,0.3973519319958938,54.67219260615941,296.82712548393266
"(95, 884.6045275897247)",58.13817396581184,32.786567530498345,0.4018843330052727,56.106906671600775,299.4017938722401
"(96, 884.6045275897247)",57.93244379657647,33.1579748189658,0.4064368916181918,57.56359937098861,301.9723151339581
"(97, 884.6045275897247)",57.726489908944956,33.53103707111381,0.411009736098923,59.04246005276485,304.53861338380034
"(98, 884.6045275897247)",57.52030292613511,33.90576258161295,0.41560296812014524,60.54367727201177,307.1005900067968
"(99, 884.6045275897247)",57.313876227544434,34.282157561061716,0.42021666380883116,62.06743865852266,309.6581247154186
"(100, 884.6045275897247)",57.1072057877237,34.660226219136064,0.42485087476546884,63.61393079190607,312.2110765760828
"(101, 884.6045275897247)",56.900290019755204,35.03997084637354,0.4295056290665328,65.18333908315546,314.7592850143723
"(102, 884.6045275897247)",56.69312962240823,35.421391894655365,0.43418093225099236,66.77584766284859,317.3025707995068
"(103, 884.6045275897247)",56.48572743085858,35.804488056524775,0.4388767682925837,68.39163927611813,319.84073700944793
"(104, 884.6045275897247)",56.27808827085958,36.18925634342475,0.44359310055879436,70.030895184572,322.37356997730154
"(105, 884.6045275897247)",56.07021881620978,36.575692162946744,0.4483298727577604,71.69379507530195,324.90084021993806
"(106, 884.6045275897247)",55.862127449447,36.96378939513577,0.4530870098735728,73.38051697710108,327.4223033491517
"(107, 884.6045275897247)",55.65382412568663,37.3535404678921,0.45786441909053677,75.0912371840627,329.93770096566533
"(108, 884.6045275897247)",55.445320239577846,37.74493643147781,0.4626619907064207,76.8261301866414,332.44676153593355
"(109, 884.6045275897247)",55.236628495321604,38.137967032139144,0.46747959903490904,78.58536861031632,334.94920125179334
"(110, 884.6045275897247)",55.02776277975431,38.532620784823195,0.47231710329691834,80.36912316194224,337.4447248725754
"(111, 884.6045275897247)",54.818738038490935,38.928885044962016,0.47717434850050733,82.17756258387796,339.93302654934797
"(112, 884.6045275897247)",54.60957015512514,39.326746079290736,0.4820511663089385,84.0108536159944,342.4137906308
"(113, 884.6045275897247)",54.40027583349986,39.72618913565164,0.4869473758962888,85.86916096559821,344.88669245019446
"(114, 884.6045275897247)",54.19087248307209,40.12719851172434,0.4918627847899437,87.75264728532541,347.3513990927492
"(115, 884.6045275897247)",53.98137810737858,40.529757622627905,0.49679718969921627,89.66147315909339,349.8075701426847
"(116, 884.6045275897247)",53.77181119562986,40.93384906732245,0.5017503773292766,91.59579709607364,352.2548584092572
"(117, 884.6045275897247)",53.56219061744345,41.33945469374461,0.5067221251795574,93.55577553276177,354.69291063096193
"(118, 884.6045275897247)",53.35253552073922,41.746555662599974,0.5117122023256956,95.54156284312491,357.1213681570947
"(119, 884.6045275897247)",53.142865232790484,42.15513250974757,0.5167203701842118,97.55331135681047,359.5398676059819
"(120, 884.6045275897247)",52.93319916446247,42.565165207090146,0.5217463832588829,99.59117138543729,361.9480414989343
"(17, 884.7157721723564)",92.17165598185075,0.28268578363092817,0.003465046699350559,0.05314341447782624,3.0124380517513782
"(18, 884.7157721723564)",91.8884775827188,0.3875621720883643,0.00475057856797373,0.07517437868696544,4.127737407343361
"(19, 884.7157721723564)",91.5387285719023,0.5223066031337724,0.006402220684718164,0.10387576471903563,5.560269851979228
"(20, 884.7157721723564)",91.11203039555592,0.6940163262387918,0.008506968230383058,0.14070409236276332,7.385544874426288
"(21, 884.7157721723564)",90.59683185744831,0.9112803070893317,0.011170101232913895,0.18735383930982527,9.695010898210981
"(22, 884.7157721723564)",89.98037713270492,1.1843115167955947,0.014516806114428378,0.24578029658151485,12.597467034421372
"(23, 884.7157721723564)",89.2488216307578,1.524948427374139,0.018692194022219714,0.3182133263103648,16.219065541653254
"(24, 884.7157721723564)",88.38771065808805,1.946386955099337,0.023858015100014035,0.40715448124974474,20.700407770458913
"(25, 884.7157721723564)",87.38336948265393,2.462327817002947,0.030182207132724136,0.5153450208249327,26.187329668469104
"(26, 884.7157721723564)",86.22648828602362,3.0848006593949604,0.037812224603931396,0.6456810054246708,32.80739048259707
"(27, 884.7157721723564)",84.92018803353452,3.8192380889513617,0.04681465818398891,0.8010293398003422,40.61663712443232
"(28, 884.7157721723564)",83.49379793405221,4.655627723076137,0.05706678018273354,0.9838780579411889,49.504002436816045
"(29, 884.7157721723564)",82.01409632164665,5.559799896334803,0.06814975281882883,1.195813276720494,59.097347911744876
"(30, 884.7157721723564)",80.57203927943027,6.4782874463203,0.07940819748695079,1.4370603246086475,68.81662443187399
"(31, 884.7157721723564)",79.24246200487174,7.361471683819067,0.09023390859188937,1.7065182125891107,78.12484390341413
"(32, 884.7157721723564)",78.05741649758284,8.18241993725687,0.10029675646267648,2.0023314253773083,86.73179091488228
"(33, 884.7157721723564)",77.0140640225351,8.935609711408796,0.10952904861188989,2.32252100049766,94.57955581747407
"(34, 884.7157721723564)",76.09419933406214,9.626625081687921,0.11799923235169961,2.665332736871523,101.73044922890769
"(35, 884.7157721723564)",75.27694138744504,10.264434739503436,0.12581724223263924,3.029331907875047,108.28316670657078
"(36, 884.7157721723564)",74.543727568804,10.857879775873766,0.1330914487318441,3.4133805274451188,114.3347233068859
"(37, 884.7157721723564)",73.87942753119263,11.414556179813951,0.13991496037542292,3.816582568046428,119.9683896389605
"(38, 884.7157721723564)",73.27207403760178,11.940672832272723,0.14636388308621442,4.2382304987756045,125.25220534398909
"(39, 884.7157721723564)",72.7122624690858,12.441222282531324,0.15249941349104196,4.677761931545986,130.24087443101266
"(40, 884.7157721723564)",72.19257155457059,12.920212221650003,0.15837067622752393,5.134726620940017,134.97830848715208
"(41, 884.7157721723564)",71.70709312229278,13.380876161186476,0.16401730635762124,5.608761869938131,139.4999359738747
"(42, 884.7157721723564)",71.25107266359134,13.825844418005893,0.1694715452295028,6.09957426084077,143.83457473812123
"(43, 884.7157721723564)",70.82064042522107,14.257276991183524,0.17475986922825384,6.606926019515982,148.00588662949866
"(44, 884.7157721723564)",70.41261116700105,14.676965198785389,0.17990423559796767,7.1306247513837855,152.0334899627497
"(45, 884.7157721723564)",70.02433459960463,15.08640914278556,0.1849230319750056,7.670515637324963,155.93380738889547
"(46, 884.7157721723564)",69.65358284551888,15.486876938434246,0.18983180239736336,8.226475436585963,159.72071420426752
"(47, 884.7157721723564)",69.29846504446505,15.87945024754295,0.1946438054330593,8.798407828630621,163.40603679364435
"(48, 884.7157721723564)",68.95736191513541,16.26505955351761,0.199370446567058,9.386239756964873,166.99993882595737
"(49, 884.7157721723564)",68.62887512011508,16.644511707691517,0.20402161585294715,9.989918524800729,170.5112228843913
"(50, 884.7157721723564)",68.31178773032057,17.018511612234526,0.20860595369317644,10.609409472369691,173.9475679290397
"(51, 884.7157721723564)",68.00503305062993,17.387679431015584,0.21313106180276561,11.244694088869686,177.3157178278783
"(52, 884.7157721723564)",67.70766983866031,17.752564353617426,0.2176036719229653,11.895768468044475,180.6216321648219
"(53, 884.7157721723564)",67.41886243731072,18.113655686316285,0.2220297817699536,12.56264202808359,183.8706077957807
"(54, 884.7157721723564)",67.13786472297967,18.471391852446185,0.22641476535761357,13.245336438682633,187.06737752590132
"(55, 884.7157721723564)",66.86400704059992,18.82616774552738,0.23076346312918422,13.943884710977809,190.2161907605255
"(56, 884.7157721723564)",66.59668549540892,19.178340775064214,0.23508025606416127,14.658330416205441,193.32087985007425
"(57, 884.7157721723564)",66.33535311798113,19.528235867726327,0.23936912698075258,15.388727006479499,196.38491500451985
"(58, 884.7157721723564)",66.07951252885701,19.87614962833983,0.24363371153957786,16.135137216991236,199.41145001496352
"(59, 884.7157721723564)",65.82870981144394,20.222353821036158,0.24787734091420086,16.897632533395598,202.40336053754206
"(60, 884.7157721723564)",65.58252936470821,20.567098297022817,0.25210307767850726,17.67629271155869,205.3632763238094
"(61, 884.7157721723564)",65.34058955497122,20.910613469491388,0.2563137461431555,18.471205339641703,208.29360849778948
"(62, 884.7157721723564)",65.1025390230571,21.25311241600572,0.2605119581257572,19.282465434500754,211.19657275886112
"(63, 884.7157721723564)",64.86805353188726,21.594792672865587,0.26470013494547323,20.11017506608952,214.07420921632178
"(64, 884.7157721723564)",64.63683326184692,21.935837773660545,0.26888052628196113,20.954443004851314,216.9283994268035
"(65, 884.7157721723564)",64.40860047899204,22.276418574381033,0.2730552264180645,21.815384388097478,219.7608810980581
"(66, 884.7157721723564)",64.18309751518873,22.61669439964014,0.2772261882897176,22.69312040221335,222.57326083692323
"(67, 884.7157721723564)",63.96008501019672,22.95681403843297,0.2813952356915564,23.5877779781295,225.36702525234804
"(68, 884.7157721723564)",63.739340374846314,23.296916612737377,0.28556407392387634,24.499489498084504,228.14355066816162
"(69, 884.7157721723564)",63.520656441428365,23.63713233831751,0.28973429911824966,25.42839251203923,230.9041116571795
"(70, 884.7157721723564)",63.30384027327886,23.97758319377784,0.29390740643851154,26.374629462494315,233.64988857192805
"(71, 884.7157721723564)",63.08871211023718,24.31838351124842,0.29808479732114057,27.33834741667609,236.38197421813712
"(72, 884.7157721723564)",62.87510443047988,24.659640499906967,0.30226778589238545,28.319697805284576,239.10137979332575
"(73, 884.7157721723564)",62.662861112340906,25.00145471176775,0.30645760467770333,29.318836167199684,241.80904019332536
"(74, 884.7157721723564)",62.4518366823638,25.343920457664954,0.3106554097007218,30.33592189958633,244.50581877330754
"(75, 884.7157721723564)",62.24189563790694,25.68712618016765,0.31486228505427316,31.371118013067182,247.1925116366767
"(76, 884.7157721723564)",62.032911834419224,26.031154789135307,0.3190792470134997,32.424590891617854,249.86985151410465
"(77, 884.7157721723564)",61.82476792897732,26.376083964779845,0.3233072477506613,33.4965100569717,252.5385112856739
"(78, 884.7157721723564)",61.617354872857376,26.721986432417275,0.3275471787029326,34.58704793735792,255.1991071916839
"(79, 884.7157721723564)",61.41057144699406,27.0689302124784,0.3317998736369336,35.69637964046653,257.85220177092344
"(80, 884.7157721723564)",61.20432383500661,27.416978848870023,0.3360661114478759,36.82468273054331,260.49830656002536
"(81, 884.7157721723564)",60.998525229212746,27.766191618354497,0.3403466187260675,37.97213700956562,263.13788458291776
"(82, 884.7157721723564)",60.7930954656736,28.116623723260627,0.34464207211907133,39.13892430251768,265.77135265538743
"(83, 884.7157721723564)",60.587960684822356,28.46832646954505,0.348953100514318,40.32522824670794,268.39908352675485
"(84, 884.7157721723564)",60.383053014691484,28.82134743196132,0.3532802870636731,41.531234085288496,271.0214078775208
"(85, 884.7157721723564)",60.17831027411719,29.17573060788472,0.35762417106896954,42.75712846487492,273.63861618990734
"(86, 884.7157721723564)",59.97367569367849,29.53151656112881,0.36198524974483764,44.00309923745716,276.25096050555015
"(87, 884.7157721723564)",59.769097652329,29.888742556968563,0.3663639798737731,45.26933526662344,278.85865608353936
"(88, 884.7157721723564)",59.5645294280102,30.24744268940358,0.3707607793660788,46.556026238236875,281.4618829698482
"(89, 884.7157721723564)",59.35992896071789,30.607648001588924,0.37517602873605094,47.8633624756622,284.0607874881113
"(90, 884.7157721723564)",59.15525862664854,30.969386600268425,0.37961007250465734,49.191534759666794,286.6554836606954
"(91, 884.7157721723564)",58.950485022282365,31.332683764920244,0.38406322053739905,50.54073415313475,289.24605456761225
"(92, 884.7157721723564)",58.74557875735166,31.697562052267607,0.38853574932536405,51.91115183075003,291.83255365020455
"(93, 884.7157721723564)",58.54051425579055,32.06404139672286,0.39302790321642134,53.30297891378101,294.41500596561735
"(94, 884.7157721723564)",58.33526956383851,32.432139207246124,0.39753989560248876,54.716406310903444,296.99340939637034
"(95, 884.7157721723564)",58.12982616538914,32.80187046124715,0.4020719100705216,56.15162455989842,299.5677358269574
"(96, 884.7157721723564)",57.92416879994162,33.173247795047686,0.406624101511389,57.60882368634313,302.137932266196
"(97, 884.7157721723564)",57.718285293233755,33.54628159349204,0.41119659721825885,59.088193052892414,304.70392196970494
"(98, 884.7157721723564)",57.512166383768445,33.92098007554469,0.41578949793583925,60.589921225888595,307.2656055015738
"(99, 884.7157721723564)",57.30580556040082,34.29734937941757,0.4204028789038196,62.11419584354278,309.8228617893316
"(100, 884.7157721723564)",57.09919890164302,34.67539364554537,0.4250367908739561,63.66120349115759,312.3755491485549
"(101, 884.7157721723564)",56.892344919358436,35.05511509820565,0.429691261110531,65.23112958280544,314.92350628631164
"(102, 884.7157721723564)",56.68524440620086,35.43651412585377,0.4343662943750729,66.82415824963269,317.466553284055
"(103, 884.7157721723564)",56.477900286607095,35.81958936030195,0.4390618738968942,68.44047223495312,320.0044925611794
"(104, 884.7157721723564)",56.2703174712041,36.20433775483565,0.44377796233061645,70.08025279625805,322.53710982014815
"(105, 884.7157721723564)",56.06250271451434,36.59075466134263,0.4485145027015801,71.74367961433835,325.06417497379056
"(106, 884.7157721723564)",55.854464475852346,36.9788339065158,0.4532714193399111,73.43093070960563,327.5854430553638
"(107, 884.7157721723564)",55.646212783370586,37.368567867151626,0.4580486188035024,75.14218236579234,330.1006551114296
"(108, 884.7157721723564)",55.43775910118977,37.75994754457011,0.4628459907902093,76.87760906111872,332.6095390777207
"(109, 884.7157721723564)",55.22911619959398,38.15296263814981,0.4676634090392331,78.63738340704803,335.11181063785364
"(110, 884.7157721723564)",55.02029802827957,38.54760161796371,0.472500732221444,80.42167609474149,337.6071740645571
"(111, 884.7157721723564)",54.81131959263861,38.9438517964947,0.4773578048184452,82.23065584929121,340.09532304316053
"(112, 884.7157721723564)",54.60219683310996,39.34169939938058,0.48223445798974246,84.064489391813,342.57594147669977
"(113, 884.7157721723564)",54.39294650758389,39.74112963515275,0.4871305104275635,85.92334140946643,345.0487042721695
"(114, 884.7157721723564)",54.183586076889796,40.14212676390754,0.4920457691986059,87.8073745334535,347.51327810723217
"(115, 884.7157721723564)",53.974133593387556,40.544674164846974,0.49698003057192663,89.71674932505132,349.96932217663203
"(116, 884.7157721723564)",53.7646075926712,40.948754402627465,0.5019330808322191,91.65162426968064,352.4164889176459
"(117, 884.7157721723564)",53.55502698841572,41.35434929244018,0.5069046970775347,93.61215577906397,354.8544247136815
"(118, 884.7157721723564)",53.34541097036775,41.761439963756835,0.511894648000654,95.59849820145494,357.28277057534024
"(119, 884.7157721723564)",53.13577890550721,42.17000692265985,0.5169026946531129,97.61080383994083,359.7011627980597
"(120, 884.7157721723564)",52.92615024237298,42.580030112689585,0.5219285911910319,99.64922297881202,362.1092335955919
"(17, 884.8091282158641)",92.16638039181001,0.2845944227876637,0.0034884420173795123,0.05346798813685135,3.033137352092305
"(18, 884.8091282158641)",91.88156205891487,0.390158186383597,0.0047823994492702734,0.07561935721655896,4.155891330272301
"(19, 884.8091282158641)",91.52978509022978,0.5258057407110961,0.006445111681771998,0.1044754499729394,5.598218198429624
"(20, 884.8091282158641)",91.10058840377624,0.6986997372242658,0.008564375566430773,0.1415009450220554,7.436336733624804
"(21, 884.8091282158641)",90.58232036653929,0.9175118281545681,0.011246484669044697,0.18840019578081835,9.762592099729703
"(22, 884.8091282158641)",89.96210539495408,1.1925566190299317,0.01461787120484752,0.24714023819736053,12.686885638935557
"(23, 884.8091282158641)",89.2259624479282,1.5357921520281816,0.018825111963258735,0.31996454965732324,16.33666635511967
"(24, 884.8091282158641)",88.35929889894113,1.960543412922537,0.02403153916912234,0.4093898569498824,20.85393536496665
"(25, 884.8091282158641)",87.34835175783307,2.4806206967279216,0.030406433769446444,0.5181731601453595,26.38571699555196
"(26, 884.8091282158641)",86.1839130959557,3.1080620563067507,0.03809735329189072,0.6492242906401381,33.059661662889475
"(27, 884.8091282158641)",84.86969647035646,3.848022416122465,0.047167484691839054,0.8054162125375801,40.92880479778365
"(28, 884.8091282158641)",83.43647181618199,4.68967177275134,0.05748407821747935,0.9892250377090209,49.87321209619142
"(29, 884.8091282158641)",81.95302298610275,5.597559565551573,0.06861259539799065,1.2021970512799467,59.50685366744398
"(30, 884.8091282158641)",80.5113484138411,6.517349714223719,0.07988700678796244,1.4444958982555995,69.24025693357626
"(31, 884.8091282158641)",79.1853372336805,7.399732694845337,0.09070289641387155,1.7149639816879292,78.53978672092359
"(32, 884.8091282158641)",78.00524202420293,8.218746984936951,0.10074203855307567,2.0117155203591683,87.12575978647669
"(33, 884.8091282158641)",76.96693341090953,8.969668051707428,0.10994652181525115,2.332765689680688,94.94892042803816
"(34, 884.8091282158641)",76.05163747270765,9.658488514742354,0.1183898012801104,2.676366913584663,102.07600994671921
"(35, 884.8091282158641)",75.2383287344526,10.294326107335689,0.1261836383920633,3.041094814593001,108.60734026619438
"(36, 884.8091282158641)",74.50847491484336,10.886049581985583,0.13343674269192635,3.425821539915671,114.64022643329226
"(37, 884.8091282158641)",73.84702832408337,11.441236626967651,0.14024199838263632,3.82965974398707,120.257740584204
"(38, 884.8091282158641)",73.24210887445251,11.966064806408863,0.14667512751824824,4.251908982991578,125.52758272738033
"(39, 884.8091282158641)",72.68438831699487,12.465494979960683,0.15279693828705998,4.692012563826426,130.5041131960003
"(40, 884.8091282158641)",72.16650805369896,12.943506903552045,0.158656212909278,5.149524811168777,135.23094061912002
"(41, 884.8091282158641)",71.68261007425805,13.403310732376966,0.16429230015411292,5.624086714815252,139.7432401571245
"(42, 884.8091282158641)",71.22797971425082,13.847517668937538,0.16973720707368853,6.115407856039889,144.06962236062606
"(43, 884.8091282158641)",70.79877889247445,14.278272181800695,0.1750172196864764,6.623252923557608,148.23358064999795
"(44, 884.8091282158641)",70.39184766654378,14.69735297266549,0.18015414059029827,7.147431565398618,152.2545965147814
"(45, 884.8091282158641)",70.0045560922291,15.106249858929397,0.18516623135738625,7.687790673156376,156.14898106918955
"(46, 884.8091282158641)",69.63469278082924,15.506222527373003,0.19006893271300337,8.244208452381585,159.93051820233066
"(47, 884.8091282158641)",69.2803803430607,15.898345689200417,0.19487541802746494,8.816589816320201,163.61095891926314
"(48, 884.8091282158641)",68.94001059109863,16.283544057901523,0.19959702206046212,9.4048627699519,167.2004043138482
"(49, 884.8091282158641)",68.61219439408217,16.662619662865424,0.20424357576016872,10.008975537017339,170.7076046750283
"(50, 884.8091282158641)",68.2957225203906,17.036273349922087,0.20882366980807496,10.628894262062293,174.14019497165796
"(51, 884.8091282158641)",67.98953475619264,17.405121848781768,0.21334486382468912,11.264601141981387,177.50488182807405
"(52, 884.8091282158641)",67.69269535296424,17.769711423708586,0.2178138536939046,11.91609289729752,180.807593102944
"(53, 884.8091282158641)",67.404373339941,18.13052887444077,0.22223660640777984,12.583379504685837,184.05359846863394
"(54, 884.8091282158641)",67.12382661488165,18.488010464567218,0.22661846950692802,13.26648313429774,187.24760730774062
"(55, 884.8091282158641)",66.85038899287531,18.842549216754133,0.23096426050242216,13.96543724808619,190.3938487360837
"(56, 884.8091282158641)",66.58345958954368,19.194500911692863,0.23527834040843676,14.680285825347987,193.49613743951627
"(57, 884.8091282158641)",66.32249406008091,19.544189051128853,0.23956467457703587,15.41108268919725,196.55792817462702
"(58, 884.8091282158641)",66.06699732408889,19.891908987646044,0.24382688331937846,16.157890913523865,199.58236115188663
"(59, 884.8091282158641)",65.81651748789177,20.23793138007922,0.2480682842607411,16.920782294332056,202.57230004041944
"(60, 884.8091282158641)",65.57064073789486,20.582505100008525,0.25229192796714794,17.699836872834773,205.530363967677
"(61, 884.8091282158641)",65.32898702609451,20.925859688959868,0.2565006280647323,18.495142500365997,208.4589546044114
"(62, 884.8091282158641)",65.09120640537215,21.26820744595579,0.2606969868280622,19.306794437158988,211.36027920668133
"(63, 884.8091282158641)",64.85697590059445,21.60974520944625,0.26488341702234386,20.134894978819016,214.23637031556024
"(64, 884.8091282158641)",64.62599682379522,21.95065588535102,0.2690621606335164,20.97955310544618,217.08910268057227
"(65, 884.8091282158641)",64.39799245916119,22.291109763245537,0.273235305001538,21.84088414954313,219.92020786666342
"(66, 884.8091282158641)",64.17270605736655,22.631265655011767,0.2774047967774953,22.719009479523272,222.73128692007126
"(67, 884.8091282158641)",63.94989908981107,22.971271884101334,0.2815724540495839,23.61405619630834,225.52382140090546
"(68, 884.8091282158641)",63.72934972217863,23.3112671485751,0.285739976921898,24.526156841096753,228.29918303558895
"(69, 884.8091282158641)",63.510851473760994,23.651381277112396,0.2899089567812777,25.455449112635602,231.05864219897734
"(70, 884.8091282158641)",63.294212034745534,23.991735893923067,0.2940808844475397,26.4020755928057,233.8033754001722
"(71, 884.8091282158641)",63.07925221834836,24.332445005838764,0.29825715736978686,27.366183479476135,236.5344719170268
"(72, 884.8091282158641)",62.86580502843311,24.673615522714563,0.3024390860052915,28.347924325865186,239.25293970087955
"(73, 884.8091282158641)",62.6537148263946,25.01534772048372,0.3066278994954234,29.34745378575158,241.95971065345563
"(74, 884.8091282158641)",62.4428365836111,25.357735654761292,0.3108247507354385,30.36493136407856,244.65564536205807
"(75, 884.8091282158641)",62.2330352079264,25.70086753166033,0.3150307209197867,31.400520172540343,247.3415373657113
"(76, 884.8091282158641)",62.024184934327714,26.044826041503836,0.3192468236326238,32.45438668986035,250.01811701420525
"(77, 884.8091282158641)",61.8161687714791,26.389688660261072,0.32347400854268765,33.526700526545525,252.6860549726009
"(78, 884.8091282158641)",61.608877996939334,26.73552792286257,0.3277131647534859,34.61763419394231,255.34596541645135
"(79, 884.8091282158641)",61.402211694977595,27.08241167193063,0.33196512385212873,35.72736287747182,257.9984089562016
"(80, 884.8091282158641)",61.196076331674554,27.430403285011682,0.33623066269465507,36.85606421400112,260.64389532429885
"(81, 884.8091282158641)",60.99038536279991,27.77956188294265,0.3405105059601036,38.003918073247036,263.28288585365505
"(82, 884.8091282158641)",60.78505887051021,28.129942521662212,0.34480532850164547,39.17110634328227,265.91579577244335
"(83, 884.8091282158641)",60.58002322544976,28.481596369470196,0.3491157575193701,40.35781272004446,268.54299633709036
"(84, 884.8091282158641)",60.37521077131059,28.834570871471705,0.35344237457596717,41.56422250105342,271.164816822053
"(85, 884.8091282158641)",60.170559529225464,29.188909902754872,0.3577857174743212,42.79052238320485,273.7815463833368
"(86, 884.8091282158641)",59.966012919764424,29.544653911631297,0.36214628201328763,44.036900264836824,276.3934358099567
"(87, 884.8091282158641)",59.76151950053668,29.901840054131718,0.36652452363629284,45.30354505211559,279.00069917624756
"(88, 884.8091282158641)",59.55703271768019,30.26050232079384,0.3709208589854451,46.59064646986649,281.60351540612464
"(89, 884.8091282158641)",59.352510669691696,30.62067165667714,0.37533566737262203,47.89839487691791,284.2020297593713
"(90, 884.8091282158641)",59.1479158822955,30.982376075404865,0.3797692921773609,49.22698108614586,286.79635524846066
"(91, 884.8091282158641)",58.94321509316685,31.345640767963474,0.38422204218046724,50.57659618931354,289.3865739937047
"(92, 884.8091282158641)",58.73837904548082,31.710488206898923,0.3886941928412173,51.947431386868566,291.97273852353794
"(93, 884.8091282158641)",58.53338228939931,32.076938246471826,0.39318598752501677,53.33967782284396,294.5548730258598
"(94, 884.8091282158641)",58.32820299064527,32.445008219262476,0.3976976386875431,54.75352642579551,297.13297455483723
"(95, 884.8091282158641)",58.12282274630035,32.81471302983274,0.4022293290228207,56.189167750598706,299.7070142049352
"(96, 884.8091282158641)",57.917226403162125,33.1860652449709,0.4067812125693984,57.6467918372513,302.2769382308702
"(97, 884.8091282158641)",57.71140188873024,33.559075183116356,0.411353415806485,59.126588060255415,304.84266916809844
"(98, 884.8091282158641)",57.505340038083844,33.93375099976974,0.4159460387008734,60.6287449953207,307.4041068924412
"(99, 884.8091282158641)",57.299034431766195,34.31009877246426,0.4205591557484763,62.153450287649655,309.96112967335944
"(100, 884.8091282158641)",57.09248123538388,34.68812258358713,0.4251928169895294,63.70089052724649,312.51359519690646
"(101, 884.8091282158641)",56.88567904355272,35.06782460186835,0.4298470490074362,65.27125113069945,315.061341567732
"(102, 884.8091282158641)",56.67862872758025,35.44920516259002,0.4345218559119479,66.86471622956847,317.6041882906215
"(103, 884.8091282158641)",56.4713332866852,35.832262846648845,0.4392172203082759,68.48146856557263,320.1419372327881
"(104, 884.8091282158641)",56.263797702605245,36.21699455857019,0.44393310425335936,70.12168939268761,322.67437356788963
"(105, 884.8091282158641)",56.05602879749213,36.60339560354086,0.4486694502000998,71.78555838636008,325.20126670228126
"(106, 884.8091282158641)",55.84803509499405,36.99145976351877,0.4534261819302787,73.47325355991251,327.7223711840652
"(107, 884.8091282158641)",55.6398266844538,37.381179372455094,0.4582032054766067,75.18495118832921,330.23742759514164
"(108, 884.8091282158641)",55.431415088202826,37.7725453906329,0.4630004100339301,76.92082573950788,332.74616342620146
"(109, 884.8091282158641)",55.22281313189809,38.16554747813262,0.4678176688597461,78.68104981310162,335.2482939346682
"(110, 884.8091282158641)",55.01403481790241,38.56017406740311,0.4726548401637437,80.46579408705901,337.74352298523166
"(111, 884.8091282158641)",54.805095201698045,38.95641243491384,0.4775117679860916,82.27522727193134,340.2315438726584
"(112, 884.8091282158641)",54.59601027135822,39.35424877184127,0.48238828306387765,84.10951607305124,342.7120401262459
"(113, 884.8091282158641)",54.38679683005898,39.75366825375556,0.48728420368530667,85.96882516063557,345.18468629552217
"(114, 884.8091282158641)",54.17747238167875,40.1546551092378,0.492199336530776,87.8533171478567,347.64914871636597
"(115, 884.8091282158641)",53.968055019485625,40.557192687374275,0.4971334775001983,89.7631525769541,350.1050862569173
"(116, 884.8091282158641)",53.75856331794228,40.961263524056264,0.5020864125256703,91.69848991337818,352.55215104249083
"(117, 884.8091282158641)",53.549016227639854,41.3668494070179,0.5070579183686887,93.65948554803113,354.9899891587192
"(118, 884.8091282158641)",53.33943297337521,41.77393143953967,0.512047763400995,95.646293807554,357.41824133216346
"(119, 884.8091282158641)",53.129832955400815,42.182490102735414,0.5170557083680684,97.65906697271491,359.83654358747174
"(120, 884.8091282158641)",52.920235653823,42.592505316363436,0.5220815071345178,99.69795530483829,362.2445278804789
"(17, 884.884241588798)",92.16210766890003,0.28614119494007617,0.0035074017176958978,0.0537307280853306,3.049913780825251
"(18, 884.884241588798)",91.87596088852645,0.3922623754506901,0.004808191738108041,0.07597954697856737,4.178713552610691
"(19, 884.884241588798)",91.52254060388121,0.5286426210855827,0.006479885000940884,0.10496086854268305,5.628987256097519
"(20, 884.884241588798)",91.09131848341315,0.7024978495593109,0.00861093127377034,0.14214599057332758,7.477531398990203
"(21, 884.884241588798)",90.57056097878636,0.9225670962979768,0.011308450078021663,0.18924728154154358,9.817421989293438
"(22, 884.884241588798)",89.94729476231441,1.1992478338287265,0.014699889378720465,0.24824131220227458,12.759459152126011
"(23, 884.884241588798)",89.2074274204798,1.544595610046812,0.01893302115047922,0.32138261461236256,16.432149447114114
"(24, 884.884241588798)",88.33625404115813,1.972040522596043,0.024172466036454347,0.41120023228459507,20.978634043714287
"(25, 884.884241588798)",87.31994126416583,2.4954813372721363,0.03058858942229352,0.520463921299882,26.546896830917447
"(26, 884.884241588798)",86.14937025398513,3.126959545576063,0.03832899098508373,0.6520945983870546,33.26462552031264
"(27, 884.884241588798)",84.82875306564881,3.8713943691935095,0.047453968531974096,0.8089698661917613,41.182299088602825
"(28, 884.884241588798)",83.39005599506741,4.717274291287738,0.05782241859851902,0.9935555532076101,50.1725914751729
"(29, 884.884241588798)",81.90369419461021,5.628102001330018,0.06898697208197128,1.2073648241143864,59.83811964614836
"(30, 884.884241588798)",80.4624588562022,6.548864049039612,0.08027329661277534,1.4505109828238307,69.58206421020449
"(31, 884.884241588798)",79.13941377157367,7.430539049265329,0.09108050810460228,1.721791162594861,78.87391517506849
"(32, 884.884241588798)",77.96334759617316,8.24796156350464,0.10110013890654451,2.0192960447240194,87.44262369611575
"(33, 884.884241588798)",76.92910948892649,8.997042333974433,0.11028206456946474,2.341036747636591,95.24582431976107
"(34, 884.884241588798)",76.01748591016035,9.684092968373065,0.11870365019891367,2.6852713602451184,102.35371811984258
"(35, 884.884241588798)",75.20734538140621,10.318344927993756,0.1264780512704703,3.050583952611501,108.86785052348773
"(36, 884.884241588798)",74.4801846124389,10.908686132424082,0.13371421226741792,3.4358548465285352,114.88574446536913
"(37, 884.884241588798)",73.8210241819192,11.462678168475927,0.1405048200274969,3.8402036659508196,120.49029744365134
"(38, 884.884241588798)",73.21805465666192,11.986472841270631,0.1469252808614062,4.262935642988881,125.74893008227767
"(39, 884.884241588798)",72.66200928135257,12.485005315261297,0.15303608799621066,4.703498640223416,130.71572402202
"(40, 884.884241588798)",72.14557975965617,12.962232827156331,0.1588857476207288,5.1614506361659505,135.43404364647182
"(41, 884.884241588798)",71.66294827285297,13.421346758960082,0.16451337839009042,5.63643556759157,139.93886050033453
"(42, 884.884241588798)",71.20943205229243,13.864942974209768,0.16995079933766308,6.128165412864817,144.25861876645317
"(43, 884.884241588798)",70.78121835827068,14.295153489925577,0.17522414385594617,6.636406829400649,148.41667681461473
"(44, 884.884241588798)",70.37516748495493,14.713746897986615,0.18035509062073068,7.160971098238018,152.4324064823662
"(45, 884.884241588798)",69.98866576149024,15.122204776888928,0.1853618002151627,7.7017064788620955,156.32202952406644
"(46, 884.884241588798)",69.6195149881819,15.521780062387588,0.1902596306131938,8.258492333514685,160.09925660660613
"(47, 884.884241588798)",69.26584855161211,15.913541898676256,0.195061686947006,8.83123456238174,163.77577835475122
"(48, 884.884241588798)",68.9260671389121,16.29841037784067,0.19977924732901114,9.419862019701121,167.3616457382118
"(49, 884.884241588798)",68.59878898554112,16.677183666942973,0.20442209536454936,10.024323665873451,170.86556715477874
"(50, 884.884241588798)",68.28281101962813,17.05055936246466,0.2089987819059373,10.644586289215757,174.29514233060218
"(51, 884.884241588798)",67.97707821462016,17.41915144291479,0.21351683285057838,11.28063265318995,177.65704805023623
"(52, 884.884241588798)",67.68065921965837,17.783503828745182,0.21798291535287406,11.932459980188108,180.957186751155
"(53, 884.884241588798)",67.39272681580047,18.144101311194195,0.22240297178551582,12.600078694158581,184.20080632136242
"(54, 884.884241588798)",67.11254212072625,18.501378423040222,0.22678232847354896,13.283511366130089,187.39259737092794
"(55, 884.884241588798)",66.83944172850242,18.855726687477045,0.2311257845481232,13.98279181922705,190.53677275225488
"(56, 884.884241588798)",66.57282716588387,19.207500579559152,0.23543768501945345,14.69796435970921,193.63713299015217
"(57, 884.884241588798)",66.31215619049127,19.557022458708865,0.23972198123747557,15.429083108021473,196.69712045146616
"(58, 884.884241588798)",66.05693556382857,19.904586673499175,0.24398228120658752,16.176211409519073,199.71986445707697
"(59, 884.884241588798)",65.80671501308792,20.250462996475257,0.24822189168829747,16.9394213089978,202.70821906333808
"(60, 884.884241588798)",65.5610821570386,20.594899513613413,0.25244385361901656,17.718793076451927,205.6647948769651
"(61, 884.884241588798)",65.31965821852616,20.93812506733165,0.2566509720554964,18.514414774228378,208.59198598612733
"(62, 884.884241588798)",65.08209438224016,21.280351332181805,0.26084584161780316,19.32638185774414,211.4919928738173
"(63, 884.884241588798)",64.84806868466109,21.621774586803706,0.265030868209212,20.154796803571323,214.36684200935792
"(64, 884.884241588798)",64.61728334509355,21.96257723355039,0.26920828764315596,20.99976875998428,217.21840268054876
"(65, 884.884241588798)",64.38946246404885,22.30292910754183,0.27338018168906114,21.861413216067973,220.0484015232647
"(66, 884.884241588798)",64.16435002897343,22.642988609234294,0.27754849195492454,22.739851686255733,222.85843512139223
"(67, 884.884241588798)",63.94170817821082,22.98290368848179,0.2817150319495348,23.63521140786918,225.64998098295894
"(68, 884.884241588798)",63.72131568285395,23.322812703129053,0.2858814976067567,24.547625049644218,228.42440714438044
"(69, 884.884241588798)",63.502966613238456,23.662845171170435,0.2900494765051828,25.477230429724298,231.18298061079227
"(70, 884.884241588798)",63.28646916239695,24.003122432344103,0.29422045597768753,26.424170241836897,233.92687480588947
"(71, 884.884241588798)",63.07164460352417,24.343758232349245,0.2983958302725255,27.388591788699415,236.657176175264
"(72, 884.884241588798)",62.85832636224914,24.68485924073687,0.30257690690141614,28.37064672184917,239.37489006389478
"(73, 884.884241588798)",62.64635918754926,25.026525511785515,0.306764912288776,29.370490787291153,242.08094596941655
"(74, 884.884241588798)",62.43559840775494,25.368850896183258,0.3109609968179505,30.388283576470776,244.77620225647792
"(75, 884.884241588798)",62.22590926011556,25.711923410172624,0.3151662393560353,31.42418828220747,247.4614504047514
"(76, 884.884241588798)",62.01716628421241,26.055825567779497,0.319381651326208,32.47837145927902,250.13741885189046
"(77, 884.884241588798)",61.809252770887646,26.400634680948798,0.32360818038666156,33.5510027894463,252.8047764839356
"(78, 884.884241588798)",61.60206025959605,26.746423131700617,0.32784671376659075,34.64225485077098,255.4641358179584
"(79, 884.884241588798)",61.39548807808732,27.093258619844928,0.332098081302572,35.752302891069576,258.1160559154518
"(80, 884.884241588798)",61.18944291918967,27.4412043892994,0.33636305821267865,36.88132460550096,260.7610450595139
"(81, 884.884241588798)",60.983838450171994,27.79031943564735,0.34064236764063704,38.029499918158855,263.3995632245387
"(82, 884.884241588798)",60.77859495076168,28.1406586972297,0.34493668299815666,39.197010767751856,266.0320243632276
"(83, 884.884241588798)",60.573638976441366,28.492273231753764,0.3492466301297282,40.38404089727616,268.6587985325118
"(84, 884.884241588798)",60.3689030440577,28.84521038016511,0.3535727893212983,41.590775647888,271.2802138771249
"(85, 884.884241588798)",60.16432533718064,29.19951391929999,0.3579156971714166,42.81740175683289,273.89655848742194
"(86, 884.884241588798)",59.95984942894948,29.555224204662377,0.3622758483413427,44.06410715964737,276.50808214582
"(87, 884.884241588798)",59.755424020446455,29.912378304500074,0.36665369719849733,45.33108079667157,279.1149979745495
"(88, 884.884241588798)",59.55100269287464,30.271010126217515,0.3710496593659686,46.618512423981684,281.71748399585533
"(89, 884.884241588798)",59.346543672033214,30.631150536040845,0.375464113189336,47.926592428863415,284.31568461449274
"(90, 884.884241588798)",59.14200960373881,30.99282747275951,0.3798974011308501,49.255511649952346,286.9097120312753
"(91, 884.884241588798)",58.93736733907358,31.3560660562417,0.38434983109957943,50.605461202172386,289.49964759516155
"(92, 884.884241588798)",58.73258772839894,31.720888691379415,0.38882167772552156,51.97663230662584,292.0855431008063
"(93, 884.884241588798)",58.52764542326424,32.087315168015685,0.3933131835844821,53.369216125603636,294.6674220374265
"(94, 884.884241588798)",58.32251868537654,32.455362757337646,0.3978245603796063,54.78340360358735,297.2452807933176
"(95, 884.884241588798)",58.117189202742495,32.82504630535352,0.4023559900871895,56.219385309145565,299.819089827867
"(96, 884.884241588798)",57.91164190835098,33.19637832296275,0.40690762606071956,57.67735129382653,302.3887947896115
"(97, 884.884241588798)",57.70586481145897,33.56936907522382,0.4114795941250841,59.15749094160371,304.95431763503774
"(98, 884.884241588798)",57.49984882472922,33.94402666662384,0.4160719936217723,60.659992835675375,307.5155576866658
"(99, 884.884241588798)",57.29358760237149,34.32035712591631,0.420684898448775,62.18504462681386,310.07239268489093
"(100, 884.884241588798)",57.08707737996227,34.698364488826606,0.425318358074367,63.732832908762795,312.6246798096663
"(101, 884.884241588798)",56.880316818608215,35.07805087942777,0.42997239853456437,65.30354310008492,315.17225668128947
"(102, 884.884241588798)",56.67330685281174,35.45941659025472,0.4346470234151404,66.89735933263339,317.71494234090164
"(103, 884.884241588798)",56.46605054187755,35.842460161271006,0.4393422148195666,68.51446434679528,320.25253821175966
"(104, 884.884241588798)",56.25855292468018,36.227178457801074,0.4440579343242721,70.15503939368482,322.7848290423369
"(105, 884.884241588798)",56.05082087771583,36.61356674748396,0.4487941239219112,71.81926414440491,325.3115838317445
"(106, 884.884241588798)",55.84286297632043,37.001618776314125,0.4535507069534442,73.50731660653516,327.8325567380264
"(107, 884.884241588798)",55.63468935901032,37.39132684379304,0.4583275890293075,75.21937304799052,330.3474879694305
"(108, 884.884241588798)",55.42631159489421,37.7826818772089,0.46312465893991306,76.95560792832602,332.85610465878966
"(109, 884.884241588798)",55.217742554120555,38.17567350504761,0.4679417895554834,78.71619383766357,335.35812172084525
"(110, 884.884241588798)",55.008996281373626,38.57029012950719,0.47277883871490506,80.50130144328561,337.85324269218586
"(111, 884.884241588798)",54.800087872391266,38.96651899809915,0.47763565010339093,82.31109944401459,340.34116055349693
"(112, 884.884241588798)",54.59103335352113,39.36434627429341,0.4825120541184181,84.1457545324604,342.821558533569
"(113, 884.884241588798)",54.381849564331844,39.76375710715728,0.4874078687233245,86.00543136517256,345.2941108944789
"(114, 884.884241588798)",54.17255404329471,40.164735699932514,0.4923229002879107,87.89029254079742,347.7584836972678
"(115, 884.884241588798)",53.96316491655555,40.56726537748887,0.4972569444152533,89.8004985862271,350.21433554742737
"(116, 884.884241588798)",53.75370078980757,40.971328652590934,0.5022097867539727,91.7362079508269,352.6613183194342
"(117, 884.884241588798)",53.54418064331091,41.37690729089428,0.5071812037949339,93.69757700871573,355.09907785945796
"(118, 884.884241588798)",53.33462373002997,41.783982374619654,0.5121709636517363,95.68476006913221,357.5272546656383
"(119, 884.884241588798)",53.12504947695159,42.19253436480637,0.5171788268237955,97.69790939485812,359.9454845449004
"(120, 884.884241588798)",52.91547738955083,42.60254316209,0.5222045469413197,99.73717522872452,362.35339924566694
"(17, 884.9408273604063)",92.15887223270991,0.287313027527575,0.0035217655621998115,0.05392960317755789,3.0626245272049295
"(18, 884.9408273604063)",91.87171935214116,0.39385672492582935,0.0048277346217846665,0.07625217468996037,4.1960072957886405
"(19, 884.9408273604063)",91.51705417524762,0.530792532857622,0.0065062377399901054,0.10532828278877773,5.652307125841566
"(20, 884.9408273604063)",91.0842972017002,0.7053768815945676,0.008646221270746704,0.14263424433097405,7.508759960544756
"(21, 884.9408273604063)",90.561652511715,0.9264000798861732,0.011355433222912681,0.18988850697332346,9.85899796434687
"(22, 884.9408273604063)",89.93607231238609,1.2043226811898384,0.014762094781746078,0.24907487504787554,12.814505494683234
"(23, 884.9408273604063)",89.19337934034401,1.5512744664485187,0.01901488784017583,0.3224562681189655,16.504594309331562
"(24, 884.9408273604063)",88.31878332060838,1.9807654706329743,0.024279412880458453,0.4125710725794157,21.073272649678394
"(25, 884.9408273604063)",87.29839830373064,2.506761269711511,0.030726854219928296,0.522198707906861,26.669249087659075
"(26, 884.9408273604063)",86.12317695702515,3.141303880709181,0.03850481797740319,0.6542684431730011,33.420217035112024
"(27, 884.9408273604063)",84.79772011525785,3.8891274451639637,0.04767133332326777,0.8116612292085599,41.374647923257726
"(28, 884.9408273604063)",83.35491762905853,4.738192787768377,0.05807882897138837,0.9968347277841902,50.399492234279776
"(29, 884.9408273604063)",81.86642320854767,5.651204881222508,0.0692701577331515,1.2112765126461225,60.08871418311481
"(30, 884.9408273604063)",80.42559669684627,6.572653753555504,0.0805649010792354,1.4550615571944046,69.84010866007345
"(31, 884.9408273604063)",79.10484241748651,7.453758399871924,0.09136512140615158,1.7269530753997564,79.125773053644
"(32, 884.9408273604063)",77.93183774095486,8.269961189143864,0.10136980131839028,2.0250245040727575,87.68125134398353
"(33, 884.9408273604063)",76.90067276465034,9.017647146556014,0.11053462993341515,2.347284290027711,95.46932257522502
"(34, 884.9408273604063)",75.99181330013164,9.703362438572535,0.11893984748194998,2.6919949815493833,102.56273205524798
"(35, 884.9408273604063)",75.18405390674083,10.336420609529053,0.12669961558063036,3.057747080356566,109.0639155578119
"(36, 884.9408273604063)",74.45891575570968,10.925722242014485,0.13392303392992985,3.4434270774110614,115.07053337115683
"(37, 884.9408273604063)",73.80147185127485,11.478816006936182,0.14070263104994435,3.848159836991808,120.66534289613193
"(38, 884.9408273604063)",73.19996628194707,12.0018339861044,0.1471135714910942,4.271254851306912,125.91555081996626
"(39, 884.9408273604063)",72.64517863625528,12.499691876605368,0.15321610985743273,4.712163399244885,130.8750276229345
"(40, 884.9408273604063)",72.12983843449057,12.976329928506463,0.1590585441224722,5.170446198190565,135.58695343629165
"(41, 884.9408273604063)",71.64815803509188,13.434925394107834,0.16467981974520937,5.645749393581134,140.08614654130702
"(42, 884.9408273604063)",71.19547860128581,13.878062606012243,0.17011161441753805,6.1377867602791705,144.40092604599135
"(43, 884.9408273604063)",70.76800640045349,14.307864227433935,0.17537994687682487,6.64632643122793,148.5545488603736
"(44, 884.9408273604063)",70.36261690238253,14.726091258558318,0.18050640274299287,7.171180911548755,152.56630447568608
"(45, 884.9408273604063)",69.97670863902344,15.134219092483212,0.18550906678109969,7.712199486202834,156.45234755392036
"(46, 884.9408273604063)",69.6080933007967,15.533495597112964,0.19040323484546243,8.269262384720665,160.2263337915206
"(47, 884.9408273604063)",69.2549123552746,15.924985737764427,0.19520196084529337,8.842276247399248,163.8999084854083
"(48, 884.9408273604063)",68.91557314566673,16.309606137396987,0.19991648036987644,9.431170565462462,167.4830849760364
"(49, 884.9408273604063)",68.58869943258506,16.688152063651632,0.2045565414846352,10.035894851902258,170.98454021149408
"(50, 884.9408273604063)",68.27309276482318,17.061318673596528,0.20913066514055237,10.656416378056363,174.4118474578561
"(51, 884.9408273604063)",67.96770200749015,17.429717880130617,0.21364635191562836,11.292718332525427,177.77166109422325
"(52, 884.9408273604063)",67.67159910935966,17.793891843830387,0.2181102473924337,11.944798314356401,181.06986446888678
"(53, 884.9408273604063)",67.38395966686794,18.154323847697516,0.22252827545630896,12.612667083231377,184.31168911015905
"(54, 884.9408273604063)",67.10404721422749,18.511447124672358,0.22690574649941803,13.296347511120189,187.5018115289054
"(55, 884.9408273604063)",66.83120043134227,18.865652071745554,0.23124744584837412,13.995873692317563,190.64443236172337
"(56, 884.9408273604063)",66.56482265490159,19.217292183265865,0.23555770649230426,14.711290178612032,193.74334149580747
"(57, 884.9408273604063)",66.30437322090508,19.566688960538087,0.23984046926268562,15.44265131373781,196.80197199009132
"(58, 884.9408273604063)",66.04936027380128,19.914135997846607,0.2440993329181609,16.190020646953396,199.82344498376716
"(59, 884.9408273604063)",65.79933475787064,20.259902401841927,0.24833759605796843,16.95347040993619,202.81060731029675
"(60, 884.9408273604063)",65.55388536754481,20.604235668195606,0.2525582923828069,17.733081044550065,205.76606317342248
"(61, 884.9408273604063)",65.31263428011754,20.94736411397591,0.25676422050990605,18.528940771689587,208.69220096289646
"(62, 884.9408273604063)",65.07523353040257,21.28949894442157,0.26095796930668563,19.341145193419973,211.5912160711299
"(63, 884.9408273604063)",64.84136191475834,21.630836017437463,0.2651419395192216,20.169796922313555,214.46513040376922
"(64, 884.9408273604063)",64.6107223340607,21.971557356876552,0.2693183623214507,21.015005233028837,217.3158091430654
"(65, 884.9408273604063)",64.38303950213009,22.311832456242094,0.27348931529539633,21.876885732325068,220.14497521941396
"(66, 884.9408273604063)",64.15805795998119,22.651819406705126,0.27765673625796555,22.755560044402962,222.95422186191118
"(67, 884.9408273604063)",63.93554034710383,22.99166587724908,0.281822435275154,23.651155509099098,225.7450235320202
"(68, 884.9408273604063)",63.71526588953721,23.33150996992479,0.2859881051454041,24.56380489103128,228.5187454915775
"(69, 884.9408273604063)",63.497029071733685,23.671480969122772,0.29015533058389414,25.493646098093382,231.27665221185006
"(70, 884.9408273604063)",63.280638464643324,24.01170000067533,0.29432559630152344,26.440821908100876,234.01991479631423
"(71, 884.9408273604063)",63.06591568719168,24.352280613909443,0.2985002941394967,27.40547970259927,236.74961756053156
"(72, 884.9408273604063)",62.85269448202887,24.693329297659975,0.30268072939438906,28.387771207047447,239.46676388927446
"(73, 884.9408273604063)",62.64081988948813,25.034945939499373,0.3068681264472036,29.387852236794252,242.17228147193188
"(74, 884.9408273604063)",62.43014750623386,25.377224235987928,0.31106363379204865,30.40588244832367,244.8670270013463
"(75, 884.9408273604063)",62.22054281715902,25.7202520605549,0.31526832854547565,31.44202509545366,247.55179040811194
"(76, 884.9408273604063)",62.011880590854986,26.064111794612092,0.3194832205051313,32.4964467901479,250.22729869143006
"(77, 884.9408273604063)",61.804044330326,26.408880626718737,0.3237092558167956,33.569317267753654,252.89421939898287
"(78, 884.9408273604063)",61.59692577194583,26.754630823865554,0.32794732029968265,34.6608091564922,255.55316380013716
"(79, 884.9408273604063)",61.39042442655352,27.10142997842083,0.3321982424733918,35.77109775110135,258.2046897909749
"(80, 884.9408273604063)",61.184447157490716,27.449341233765487,0.33646279632365905,36.90036079057188,260.84930456408284
"(81, 884.9408273604063)",60.978907791073894,27.798423491246343,0.34074170383909685,38.04877823988341,263.4874670716815
"(82, 884.9408273604063)",60.77372675561935,28.14873160071965,0.3450356373468069,39.216532075819046,266.11959030668936
"(83, 884.9408273604063)",60.56883074561866,28.500316536680508,0.3493452216712997,40.40380607676094,268.7460434234436
"(84, 884.9408273604063)",60.36415240816045,28.853225561692547,0.3536710361377442,41.61078561667609,271.3671537164714
"(85, 884.9408273604063)",60.15963004899008,29.207502378657527,0.358013616438435,42.83765746314333,273.9832084741765
"(86, 884.9408273604063)",59.955207356000095,29.5631872732416,0.3623734563785871,44.08460957966975,276.5944567214472
"(87, 884.9408273604063)",59.75083313819656,29.92031724762931,0.3667510095158434,45.35183093228255,279.2011108639321
"(88, 884.9408273604063)",59.54646107839059,30.278926146656357,0.3711466907063547,46.639511300553266,281.80334824520503
"(89, 884.9408273604063)",59.34204949813857,30.63904477722163,0.37556087756848633,47.94784109315834,284.40131262649817
"(90, 884.9408273604063)",59.13756113360587,31.000701021789492,0.3799939118740786,49.277011168088976,286.99511559767546
"(91, 884.9408273604063)",58.93296292119042,31.363919946700864,0.38444610087608744,50.62721265767552,289.5848379270915
"(92, 884.9408273604063)",58.72822579189264,31.728723905926156,0.38891771858033675,51.99863679854553,292.17053085705936
"(93, 884.9408273604063)",58.523324473543155,32.095132640820296,0.3934090069682799,53.391474766693456,294.752217350852
"(94, 884.9408273604063)",58.318237300065164,32.46316337635836,0.3979201771766148,54.805917518568776,297.32989329550423
"(95, 884.9408273604063)",58.11294602787761,32.8328309144725,0.4024514106413714,56.24215563302083,299.903528672317
"(96, 884.9408273604063)",57.90743565482257,33.20414772399046,0.40700286020034127,57.70037917026054,302.47306867348124
"(97, 884.9408273604063)",57.70169425167073,33.577124029788344,0.41157465118586833,59.18077752136808,305.03843481962485
"(98, 884.9408273604063)",57.49571278946656,33.95176789794877,0.4161668824686987,60.68353927514929,307.5995260167019
"(99, 884.9408273604063)",57.28948497785042,34.32808532050388,0.4207796274967084,62.20885208654488,310.1562196067958
"(100, 884.9408273604063)",57.0830071050528,34.7060802980496,0.42541293530756785,63.75690255208723,312.70837238881086
"(101, 884.9408273604063)",56.87627788221011,35.085754921041605,0.43006683152522523,65.32787609179815,315.2558216184031
"(102, 884.9408273604063)",56.66929829138394,35.46710944983053,0.4347413193409544,66.9219568377234,317.7983859876154
"(103, 884.9408273604063)",56.46207143709206,35.85014239356437,0.4394363804804994,68.53932752922942,320.335866585446
"(104, 884.9408273604063)",56.25460240121057,36.234850588052424,0.4441519761585058,70.18016941524269,322.86804784022496
"(105, 884.9408273604063)",56.04689810112842,36.6212292726663,0.4488880480211387,71.84466216357339,325.3946984444508
"(106, 884.9408273604063)",55.83896715108418,37.0092721663218,0.4536445190774373,73.53298377745688,327.9155722624441
"(107, 884.9408273604063)",55.63081972659926,37.39897154258369,0.4584212946199173,75.24531051945465,330.4304092211235
"(108, 884.9408273604063)",55.422467431983044,37.79031830389929,0.46321826313450143,76.98181684282426,332.9389361838718
"(109, 884.9408273604063)",55.21392317087014,38.18330205496522,0.46803529719981307,78.74267533048351,335.4408678073927
"(110, 884.9408273604063)",55.00520101979819,38.577911175201685,0.4728722543755375,80.5280566416607,337.9359073812079
"(111, 884.9408273604063)",54.796316104798336,38.97413289031816,0.4777289780796483,82.33812946632955,340.42374764951586
"(112, 884.9408273604063)",54.58728448102345,39.37195334292367,0.4826052984539138,84.17306048749194,342.90407161483034
"(113, 884.9408273604063)",54.378123015432635,39.771357662129695,0.48750103321706784,86.03301435139353,345.3765533227714
"(114, 884.9408273604063)",54.168849272532725,40.17233003209875,0.4924159885050419,87.91815364571286,347.84085862743126
"(115, 884.9408273604063)",53.959481403211186,40.57485375946812,0.49734995969742596,89.82863888577316,350.2966459365317
"(116, 884.9408273604063)",53.75003803667075,40.97891133958676,0.5023027322293679,91.76462850880307,352.74356693564636
"(117, 884.9408273604063)",53.54053817549561,41.384484521488815,0.5072740823879943,93.72627887627011,355.1812672906525
"(118, 884.9408273604063)",53.33100109385195,41.79155437153696,0.5122637780925207,95.71374428428155,357.60938732768125
"(119, 884.9408273604063)",53.12144623884726,42.200101335655326,0.5172715796570905,97.72717698206647,360.02756268970353
"(120, 884.9408273604063)",52.911893135049695,42.61010530008105,0.5222972405354189,99.76672719850752,362.4354249689632
"(17, 884.9786708814752)",92.15670041358712,0.28809990712282907,0.003531410810394728,0.05406306159293665,3.0711601837266627
"(18, 884.9786708814752)",91.868872099133,0.39492742873458747,0.004840858871086488,0.07643512135999904,4.2076217282989195
"(19, 884.9786708814752)",91.513371019722,0.5322365252294439,0.006523937607799569,0.10557483645964735,5.667970796604486
"(20, 884.9786708814752)",91.07958320813408,0.7073109076289377,0.008669927770736873,0.14296189609070337,7.529739259094405
"(21, 884.9786708814752)",90.55567071079412,0.9289754231961364,0.011387000727727546,0.19031883349164297,9.886933935859073
"(22, 884.9786708814752)",89.92853553013238,1.2077331302594332,0.01480389867134425,0.24963431518705786,12.851500254843215
"(23, 884.9786708814752)",89.18394319645535,1.555763833125815,0.01906991666047058,0.3231768989650179,16.553292601038734
"(24, 884.9786708814752)",88.30704597296615,1.9866313912387845,0.024351314935691048,0.4134912506106289,21.13690307539345
"(25, 884.9786708814752)",87.28392295963442,2.5143461325719754,0.030819826366182475,0.5233632781808026,26.751525696161206
"(26, 884.9786708814752)",86.10557681995547,3.1509493953651795,0.03862304875043938,0.6557278365736868,33.52484651198058
"(27, 884.9786708814752)",84.77687491856287,3.901047833307815,0.04781744856496018,0.8134680431804479,41.503954032781316
"(28, 884.9786708814752)",83.33133559322224,4.752242438310257,0.058251043840533326,0.9990358919295017,50.551895463524225
"(29, 884.9786708814752)",81.84144520113423,5.66670043143211,0.0694600958489591,1.2139015319057944,60.2568017718059
"(30, 884.9786708814752)",80.40092963796435,6.588586726753652,0.08076020094710552,1.458114111441762,70.01294118284854
"(31, 884.9786708814752)",79.08173415447801,7.4692922910786175,0.09155552949021714,1.7304142559948963,79.29427654410718
"(32, 884.9786708814752)",77.91078923983417,8.284669650327029,0.10155009161894647,2.0288641058425876,87.84080100298469
"(33, 884.9786708814752)",76.88168251263,9.031418852353823,0.1107034378696218,2.3514705040302033,95.61871080383767
"(34, 884.9786708814752)",75.97467037747944,9.71624017081149,0.11909769745622054,2.6964990712619237,102.70242292858818
"(35, 884.9786708814752)",75.16850071389621,10.348500342223964,0.12684768400262855,3.0625446419189197,109.19495015112068
"(36, 884.9786708814752)",74.44471228067218,10.937107581799463,0.13406259076770063,3.448497837478431,115.1940355550484
"(37, 884.9786708814752)",73.78841360629144,11.489601554361393,0.14083483587830925,3.853487021742263,120.78233884765454
"(38, 884.9786708814752)",73.1878847078324,12.012101003176518,0.14723942038650442,4.276824528324293,126.02692202668318
"(39, 884.9786708814752)",72.63393617328848,12.509508555310672,0.1533364386893588,4.717963913327579,130.98151379568
"(40, 884.9786708814752)",72.11932277526022,12.985753091076619,0.159174049394586,5.176467719266233,135.68917095277678
"(41, 884.9786708814752)",71.63827700523979,13.44400241978422,0.16479108221287306,5.651983563218249,140.18460934665006
"(42, 884.9786708814752)",71.18615598509963,13.886833174416285,0.1702191204573162,6.144226417058932,144.49606456387048
"(43, 884.9786708814752)",70.75917865368613,14.316361775306808,0.1754841063426163,6.652965396922816,148.6467257949892
"(44, 884.9786708814752)",70.354230596657,14.73434415725758,0.18060756339928935,7.178013823627463,152.65582758461738
"(45, 884.9786708814752)",69.96871847991387,15.142251586905072,0.18560752581192452,7.719221665572446,156.5394798330636
"(46, 884.9786708814752)",69.60046058632605,15.541328551498117,0.19049924799614176,8.27646973035541,160.31130156519066
"(47, 884.9786708814752)",69.24760377025827,15.932637228763143,0.19529574969201213,8.849665151625437,163.98290783961272
"(48, 884.9786708814752)",68.90855981211371,16.317091927509903,0.20000823812291793,9.43873784527013,167.56428689409535
"(49, 884.9786708814752)",68.5819561560779,16.69548598118603,0.20464643764573556,10.04363769273126,171.06409469562047
"(50, 884.9786708814752)",68.26659743173795,17.068512919467544,0.2092188492635358,10.664332287429163,174.48988685716645
"(51, 884.9786708814752)",67.96143509915981,17.436783277156607,0.21373295666217737,11.300805101498542,177.84830280896315
"(52, 884.9786708814752)",67.66554330749558,17.800838040636545,0.21819539103144747,11.953053985199535,181.1452131622746
"(53, 884.9786708814752)",67.3780995307994,18.161159486540814,0.22261206392104085,12.621089922168089,184.38583852885662
"(54, 884.9786708814752)",67.09836891502479,18.518179980446632,0.22698827509133437,13.304935985131811,187.57484601087594
"(55, 884.9786708814752)",66.82569153137983,18.872289167789354,0.23132880065668635,14.00462644930933,190.71642809245066
"(56, 884.9786708814752)",66.55947192391478,19.223839888417817,0.23563796558362984,14.720206030305526,193.81436756111
"(57, 884.9786708814752)",66.29917048161671,19.57315307090671,0.23991970368335414,15.45172922086364,196.87209126310844
"(58, 884.9786708814752)",66.04429627158669,19.92052180608836,0.24417760754338766,16.199259706313136,199.89271487645254
"(59, 884.9786708814752)",65.79440105018526,20.26621475612014,0.24841497031455734,16.96286984305879,202.8790804129793
"(60, 884.9786708814752)",65.54907422960576,20.610479022616023,0.25263482086736505,17.74264018767884,205.83378780190142
"(61, 884.9786708814752)",65.30793862406712,20.953542571924615,0.25683995352006006,18.538659066892514,208.7592216285501
"(62, 884.9786708814752)",65.0706468356923,21.295616295974202,0.26103295329963205,19.35102218067309,211.65757388670147
"(63, 884.9786708814752)",64.836878168013,21.636895771745053,0.26521621750870117,20.179832232370803,214.53086343469175
"(64, 884.9786708814752)",64.60633597680254,21.977562770371552,0.2693919742234759,21.02519858102384,217.3809527134045
"(65, 884.9786708814752)",64.37874538524588,22.31778655725091,0.27356229822995604,21.887236911966088,220.20956217886214
"(66, 884.9786708814752)",64.15385130388897,22.65772501701534,0.2777291248133803,22.766068922679125,223.0182828197415
"(67, 884.9786708814752)",63.93141670674783,22.997525631090088,0.281894261740726,23.661822021456402,225.808587062966
"(68, 884.9786708814752)",63.71122112358573,23.337326330693767,0.2860593997164516,24.574629036939356,228.58183831727862
"(69, 884.9786708814752)",63.49305931532815,23.67725624420109,0.2902261215433494,25.504627936953945,231.33929936156494
"(70, 884.9786708814752)",63.27674010523954,24.0174363545787,0.2943959101811399,26.451961555472693,234.08213974957465
"(71, 884.9786708814752)",63.06208534308721,24.3579800799903,0.29857015586327423,27.416777326680798,236.81144237407455
"(72, 884.9786708814752)",62.8489289832001,24.69899378856104,0.30275016240671804,28.399227025406617,239.52820931044147
"(73, 884.9786708814752)",62.63711626046141,25.040577256507063,0.3069371528275192,29.39946651330514,242.23336704013707
"(74, 884.9786708814752)",62.426502950720156,25.38282407743054,0.31113227435776225,30.417655490303876,244.92777113915903
"(75, 884.9786708814752)",62.216954704252444,25.725822029353125,0.31533660294453364,31.453957250962326,247.61221050317053
"(76, 884.9786708814752)",62.00834644257897,26.069653405097082,0.31955114729958434,32.50853844543139,250.28741117040525
"(77, 884.9786708814752)",61.80056181040212,26.414395310786748,0.3237768525582465,33.58156884484841,252.95403979433596
"(78, 884.9786708814752)",61.59349267561157,26.760119936561626,0.328014603597715,34.67322111093631,255.61270681068348
"(79, 884.9786708814752)",61.38703867133317,27.10689480300402,0.3322652280576732,35.783670569775815,258.26396933683407
"(80, 884.9786708814752)",61.181106774795225,27.45478298632256,0.3365294991004826,36.913094989626444,260.90833383672725
"(81, 884.9786708814752)",60.975610918552036,27.803843324896135,0.34080813794292075,38.06167436278262,263.54625857953386
"(82, 884.9786708814752)",60.77047163016986,28.154130609457212,0.345101816187375,39.22959069145013,266.17815591683615
"(83, 884.9786708814752)",60.5656156970024,28.50569575889427,0.34941115797675404,40.41702777764934,268.8043943997756
"(84, 884.9786708814752)",60.36097585313308,28.858585983397234,0.353736741994248,41.62417101725309,271.42530075475975
"(85, 884.9786708814752)",60.15649048592262,29.2128449364614,0.3580791033265498,42.851207198107396,274.041161734253
"(86, 884.9786708814752)",59.952103359931876,29.56851285707843,0.3624387352067583,44.098324302391696,276.6522258568482
"(87, 884.9786708814752)",59.74776335626409,29.925626703284966,0.3668160906513672,45.36571131328803,279.2587050492976
"(88, 884.9786708814752)",59.543424225610664,30.284220278102666,0.3712115840039893,46.6535580260575,281.8607762016
"(89, 884.9786708814752)",59.33904435350289,30.644324348780923,0.3756255923969797,47.96205486365812,284.45858264488766
"(90, 884.9786708814752)",59.13458653647256,31.005966760138335,0.38005845714073816,49.29139269700784,287.0522355606667
"(91, 884.9786708814752)",58.9300177679161,31.369172542742565,0.3845104850497222,50.64176267005331,289.6418153292411
"(92, 884.9786708814752)",58.72530903271415,31.733964016528937,0.3889819497125679,52.013356029786344,292.22737282372685
"(93, 884.9786708814752)",58.52043510966806,32.10036089044256,0.3934730927134643,53.40636396135039,294.80893065583473
"(94, 884.9786708814752)",58.315374380948484,32.468380358573334,0.39798412481053014,54.8209774291772,297.3864843775729
"(95, 884.9786708814752)",58.1101086486891,32.83803719339148,0.4025152270786636,56.257387018975415,299.9600036506555
"(96, 884.9786708814752)",57.90462295406566,33.2093438356039,0.4070665520109592,57.71578279673421,302.5294333622293
"(97, 884.9786708814752)",57.698905408953564,33.582310483227324,0.4116382246105351,59.19635415827073,305.0946947415708
"(98, 884.9786708814752)",57.492947023409926,33.956945176672974,0.41623034343346393,60.69928969612476,307.65568641616215
"(99, 884.9786708814752)",57.28674154411453,34.33325388342722,0.42084298162675393,62.22477706801186,310.21228546182994
"(100, 884.9786708814752)",57.08028529448238,34.71124058060395,0.425476187940237,63.773002872315196,312.76434842275245
"(101, 884.9786708814752)",56.87357701908457,35.09090733618568,0.43012998772239713,65.3441525300225,315.3117123108097
"(102, 884.9786708814752)",56.66661773176272,35.47225438900958,0.4348043839008044,66.9384101732916,317.85419558468095
"(103, 884.9786708814752)",56.45941056725208,35.85528022762256,0.43949935794868433,68.55595854079449,320.3915991098939
"(104, 884.9786708814752)",56.25196063615992,36.23998166810602,0.4442148708388657,70.19697887998505,322.92370710078046
"(105, 884.9786708814752)",56.0442748832079,36.62635393093275,0.4489508639858592,71.8616508564609,325.45028804483474
"(106, 884.9786708814752)",55.83636194863149,37.014390716917,0.453707260176821,73.55015247054152,327.9710956100172
"(107, 884.9786708814752)",55.62823203268162,37.40408428228503,0.45848396449174117,75.2626599811968,330.4858695351738
"(108, 884.9786708814752)",55.4198967631916,37.79542551287806,0.46328086521299194,76.99934783746359,332.9943365035499
"(109, 884.9786708814752)",55.21136906617809,38.18840399748776,0.4680978347242368,78.76038861743021,335.49621099932136
"(110, 884.9786708814752)",55.00266303946332,38.58300810030844,0.47293473039853023,80.54595297493549,337.99119614684463
"(111, 884.9786708814752)",54.79379382932319,38.97922503247477,0.4777913954751957,82.35620959401976,340.4789845322242
"(112, 884.9786708814752)",54.584777510164315,39.37704092264828,0.4826676599250355,84.1913251512579,342.9592590066719
"(113, 884.9786708814752)",54.37563096725136,39.77644088659947,0.48756334130325774,86.05146428599058,345.4316934710975
"(114, 884.9786708814752)",54.16637178248954,40.17740909573661,0.4924782455894559,87.93678957855848,347.8959536412389
"(115, 884.9786708814752)",53.95701812330196,40.5799288445078,0.4974121680138121,89.84746153653867,350.3516977925978
"(116, 884.9786708814752)",53.74758863460325,40.98398261661916,0.5023648938687582,91.7836385890378,352.7985774844491
"(117, 884.9786708814752)",53.538102333896866,41.38955214999296,0.5073361993052158,93.74547708905244,355.2362382621367
"(118, 884.9786708814752)",53.32857850951994,41.796618500389556,0.5123258521124471,95.73313132390678,357.66432033678586
"(119, 884.9786708814752)",53.119036622027245,42.20516210362809,0.5173336124807247,97.74675353375598,360.082459241748
"(120, 884.9786708814752)",52.90949620874456,42.615162836321,0.5223592337457951,99.78649393815051,362.490286464869
"(17, 884.9976285985668)",92.15561001513993,0.2884950566211724,0.003536254391304251,0.05413005498407336,3.075446695441457
"(18, 884.9976285985668)",91.86744256337087,0.3954651393402282,0.004847449907732645,0.07652695544769116,4.213454717646042
"(19, 884.9976285985668)",91.5115217268083,0.5329617614619813,0.006532827256870488,0.10569859966235129,5.675838030712112
"(20, 884.9976285985668)",91.07721619729905,0.7082823569732593,0.008681835399415272,0.14312637096560035,7.540277369400006
"(21, 884.9976285985668)",90.55266686684924,0.9302691504986438,0.01140285870778524,0.1905348552964426,9.900968060338014
"(22, 884.9976285985668)",89.92475046526944,1.2094465896259594,0.014824901555345651,0.24991516233160363,12.870087558356502
"(23, 884.9976285985668)",89.179203725455,1.5580196526138903,0.019097567572982484,0.32353868306334577,16.57776333102704
"(24, 884.9976285985668)",88.3011500125406,1.9895792725098658,0.024387448858438007,0.41395323833345343,21.16888116895301
"(25, 884.9976285985668)",87.27665098794994,2.518158215611196,0.0308665533206935,0.5239479944886416,26.79287849733633
"(26, 884.9976285985668)",86.09673503170357,3.155797161391039,0.03868247068333182,0.6564606044509862,33.57743421863126
"(27, 884.9976285985668)",84.7664050268021,3.9070377589502163,0.04789087062320667,0.8143752485614497,41.56893168449722
"(28, 884.9976285985668)",83.31949744364468,4.759298626783524,0.05833753571241109,1.0001410183486084,50.62843974541941
"(29, 884.9976285985668)",81.82891699348157,5.674476347276423,0.06955540984453612,1.215219240047148,60.341153528568725
"(30, 884.9976285985668)",80.3885685399463,6.596575133906286,0.08085811957421474,1.4596460685536525,70.09959800756576
"(31, 884.9976285985668)",79.07016194042275,7.477075484794018,0.09165093269496115,1.732150844117274,79.3787072497702
"(32, 884.9976285985668)",77.90025250381213,8.292036455687027,0.10164039090549289,2.030790119699496,87.92071480149306
"(33, 884.9976285985668)",76.87217771966759,9.038315229873081,0.11078797084415991,2.353569989793637,95.69352148453504
"(34, 884.9976285985668)",75.9660906048875,9.722688448084893,0.1191767378009895,2.698757640967584,102.77237269702131
"(35, 884.9976285985668)",75.16071648503826,10.354548984256752,0.1269218257823891,3.0649500872431275,109.26056474757166
"(36, 884.9976285985668)",74.43760329411879,10.942808628182462,0.13413247186216112,3.4510400205721146,115.25587949550447
"(37, 884.9976285985668)",73.78187749290457,11.495002423957207,0.14090103752851754,3.856157556262934,120.84092652355277
"(38, 884.9976285985668)",73.18183713595614,12.0172423892096,0.14730244139334583,4.2796164489924875,126.08269487089795
"(39, 884.9976285985668)",72.62830834141779,12.514424588809357,0.15339669741701598,4.720871393354121,131.0348420555569
"(40, 884.9976285985668)",72.1140585201379,12.990472204740612,0.15923189435946403,5.179485844187153,135.74036306119604
"(41, 884.9976285985668)",71.6333302343602,13.448548318002361,0.16484680397367,5.655108154127964,140.23392244462278
"(42, 884.9976285985668)",71.18148858639508,13.891225708123544,0.17027296233867298,6.147453893358756,144.5437139908199
"(43, 884.9976285985668)",70.75475885071906,14.320617671962243,0.17553627338288713,6.656292669460265,148.69289300742457
"(44, 884.9976285985668)",70.35003167052525,14.738477610371062,0.1806582295767116,7.18143821098707,152.70066655121818
"(45, 884.9976285985668)",69.9647177782661,15.146274725922817,0.1856568398042852,7.722740827986877,156.58312213190956
"(46, 884.9976285985668)",69.5966387527145,15.545251814928694,0.19054733775440846,8.280081617049387,160.35386043137225
"(47, 884.9976285985668)",69.2439441414463,15.93646966083081,0.1953427260765895,8.853367958489047,164.0244813832721
"(48, 884.9976285985668)",68.90504794339058,16.320841414951023,0.20005419780619346,9.442529980518001,167.6049606691518
"(49, 884.9976285985668)",68.57857944452678,16.699159443284497,0.20469146544145952,10.047517748818196,171.103943761239
"(50, 884.9976285985668)",68.26334481496029,17.07211646146689,0.2092630200072875,10.668299017877027,174.52897744194684
"(51, 884.9976285985668)",67.95829681236155,17.440322314959914,0.21377633673987922,11.304857401623037,177.88669366365875
"(52, 884.9976285985668)",67.66251068625684,17.804317402767996,0.218238039629176,11.95719087595839,181.1829566658624
"(53, 884.9976285985668)",67.37516484970622,18.164583498084056,0.2226540340539013,12.625310536530279,184.42298159907693
"(54, 884.9976285985668)",67.09552525475308,18.521552532560012,0.22702961445555273,13.309239556489578,187.61143085832148
"(55, 884.9976285985668)",66.82293266847374,18.87561377563151,0.23136955233964046,14.009012301550062,190.75249284894375
"(56, 884.9976285985668)",66.55679223881837,19.227119739689368,0.23567816865885052,14.724673569275929,193.84994680625988
"(57, 884.9976285985668)",66.29656488147212,19.576391066755995,0.23995939371192815,15.45627792694962,196.90721646805665
"(58, 884.9976285985668)",66.04176012508734,19.92372059575003,0.24421681699855247,16.203889127980645,199.92741477962846
"(59, 884.9976285985668)",65.79193013226163,20.269376766418155,0.24845372894332834,16.96757959117737,202.91338134013935
"(60, 884.9976285985668)",65.54666467425587,20.61360648319396,0.2526731559997997,17.74742993051469,205.86771393982377
"(61, 884.9976285985668)",65.30558688393673,20.95663753692139,0.2568778903349536,18.54352852566891,208.79279526016776
"(62, 884.9976285985668)",65.06834964726889,21.298680662733172,0.26107051505384443,19.35597112559601,211.69081559406274
"(63, 884.9976285985668)",64.83463252152387,21.63993129702875,0.2652534257359061,20.184860479084257,214.5637922748387
"(64, 884.9976285985668)",64.60413909008412,21.980571084464657,0.26942884890703866,21.030305987389802,217.41358637138097
"(65, 884.9976285985668)",64.37659468097047,22.32076917627357,0.2735988579538571,21.892423375167986,220.24191710127167
"(66, 884.9976285985668)",64.15174438962498,22.660683353721364,0.27776538689457586,22.771334376578302,223.05037433188477
"(67, 884.9976285985668)",63.929351357471575,23.000461004352438,0.2819302423454235,23.667166434178203,225.84042947174083
"(68, 884.9976285985668)",63.70919526625076,23.340239973885073,0.2860951139628256,24.580052408640665,228.6134450020967
"(69, 884.9976285985668)",63.49107101524743,23.680149312599525,0.29026158359233045,25.51013029780002,231.3706828546771
"(70, 884.9976285985668)",63.27478755399479,24.02030993195103,0.29443113331709464,26.45754296372817,234.11331180748905
"(71, 884.9976285985668)",63.0601668477834,24.360835184448923,0.29860515256580805,27.422437866957466,236.8424140410959
"(72, 884.9976285985668)",62.84704295688464,24.701831377791827,0.3027849444147559,28.404966807028742,239.5589909753791
"(73, 884.9976285985668)",62.635261213546514,25.04339823245424,0.30697173119672116,29.40528566877731,242.2639684871176
"(74, 884.9976285985668)",62.42467748330095,25.385629290496297,0.3111666595120127,30.423554173871924,244.95820159319703
"(75, 884.9976285985668)",62.215157499199215,25.7286122821774,0.3153708047222645,31.459935637262397,247.6424786711634
"(76, 884.9976285985668)",62.006576259307195,26.0724294559692,0.3195851749955938,32.51459672822168,250.31752527813688
"(77, 884.9976285985668)",61.79881747924948,26.4171578767271,0.32381071496147823,33.587707235794745,252.98400761991996
"(78, 884.9976285985668)",61.59177309274836,26.76286969611365,0.3280483090254786,34.67943983848276,255.64253571483562
"(79, 884.9976285985668)",61.38534279413589,27.109632398773424,0.33229878438676436,35.78996987804425,258.29366629042863
"(80, 884.9976285985668)",61.17943361765323,27.457509027281368,0.33656291379543185,36.91947513739898,260.93790544578206
"(81, 884.9976285985668)",60.973959549029246,27.80655838849238,0.34084141808185076,38.06813562250119,263.57571110810943
"(82, 884.9976285985668)",60.76884116551696,28.156835243534537,0.34513496848552816,39.236133348296256,266.20749530783723
"(83, 884.9976285985668)",60.56400530095127,28.508390483456772,0.34944418880812683,40.42365212862427,268.83362629411783
"(84, 884.9976285985668)",60.35938473296986,28.86127129222301,0.35376965741137306,41.630877370333025,271.4544305088595
"(85, 884.9976285985668)",60.15491788979093,29.21552129859018,0.35811190907872303,42.85799587140553,274.07019443616997
"(86, 884.9976285985668)",59.95054857435587,29.57118071817966,0.36247143675681187,44.10519562336994,276.68116634112397
"(87, 884.9976285985668)",59.74622570386138,29.928286486921973,0.3668486931911695,45.37266561799266,279.28755791067556
"(88, 884.9976285985668)",59.541903062979124,30.286872386902584,0.37124409246877804,46.66059565839058,281.8895458077051
"(89, 884.9976285985668)",59.33753906927556,30.64696916551335,0.37565801147858885,47.969176174667254,284.4872731479371
"(90, 884.9976285985668)",59.133096549497765,31.00860464872528,0.38009079129997364,49.298598044208,287.08085090842144
"(91, 884.9976285985668)",58.92854252558525,31.37180384918925,0.38454273852777465,50.64905241677491,289.67035927510443
"(92, 884.9976285985668)",58.72384800938918,31.736589069799596,0.3890141265417472,52.02073054454202,292.2558489362471
"(93, 884.9976285985668)",58.518987805232804,32.102980003270496,0.3935051967271253,53.413823617233966,294.83734232748446
"(94, 884.9976285985668)",58.313940319444036,32.470993828224834,0.3980161596524433,54.82852260327674,297.41483483304415
"(95, 884.9976285985668)",58.1086873770429,32.84064530237992,0.40254719621176144,56.265018091806475,299.9882959546043
"(96, 884.9976285985668)",57.90321404090298,33.21194685235955,0.4070984587255504,57.72350015170424,302.55767042653935
"(97, 884.9976285985668)",57.697508443481965,33.584908662728814,0.4116700720320454,59.204158181154575,305.12287933220676
"(98, 884.9976285985668)",57.49156161436701,33.95953876104459,0.41626213452975136,60.7071807745644,307.6838211596432
"(99, 884.9976285985668)",57.28536731878698,34.33584310249907,0.42087471921498176,62.232755591033865,310.24037285131266
"(100, 884.9976285985668)",57.07892189777022,34.713825652447994,0.42550787469344203,63.78106922986947,312.7923908238428
"(101, 884.9976285985668)",56.87222411263264,35.09348846761744,0.43016162617564097,65.35230711253844,315.339711967007
"(102, 884.9976285985668)",56.6652749931271,35.474831776071056,0.4348359764570887,66.94665337125232,317.8821546226135
"(103, 884.9976285985668)",56.458077689117374,35.85785405603935,0.439530906884559,68.56429074433113,320.41951954428106
"(104, 884.9976285985668)",56.25063732560111,36.24255211372171,0.44424637830974845,70.20540047848972,322.9515908391395
"(105, 884.9976285985668)",56.04296086098247,36.62892116012786,0.4489823320311708,71.87016223820847,325.47813689203207
"(106, 884.9976285985668)",55.83505694851523,37.016954887005674,0.45373869072485856,73.55875402234744,327.99891127257087
"(107, 884.9976285985668)",55.62693580083492,37.40664554189709,0.4585153593643501,75.27135208807395,330.5136536253956
"(108, 884.9976285985668)",55.41860905755225,37.79798400232755,0.4633122261300788,77.00813088230493,333.02209054353773
"(109, 884.9976285985668)",55.21008965589221,38.19095984912246,0.4681291633080691,78.76926298071108,335.5239364247613
"(110, 884.9976285985668)",55.00139170433408,38.585561438850945,0.4729660281779085,80.55491903442378,338.0188943107082
"(111, 884.9976285985668)",54.79253035929202,38.981775975347766,0.47782266388943573,82.36526772451359,340.5066567082871
"(112, 884.9976285985668)",54.58352170481412,39.37958958028882,0.48269890032783164,84.2004757243264,342.98690639294057
"(113, 884.9976285985668)",54.37438263532962,39.77898736276389,0.48759455496641035,86.06070766974881,345.4593171930979
"(114, 884.9976285985668)",54.1651307414558,40.17995348779334,0.49250943370647143,87.94612613743995,347.9235547552103
"(115, 884.9976285985668)",53.95578419889955,40.58247124371884,0.4974433317033385,89.85689163109397,350.3792772885309
"(116, 884.9976285985668)",53.74636166043831,40.98652310841754,0.502396034178,91.79316257574561,352.82613628910894
"(117, 884.9976285985668)",53.536882151050264,41.39209081424457,0.5073673172131383,93.75509532015043,355.2637772418939
"(118, 884.9976285985668)",53.32736496616559,41.79915541165167,0.5123569485329403,95.74284414722794,357.69184030042226
"(119, 884.9976285985668)",53.117829573073905,42.20769733139637,0.5173646882656405,97.75656129258562,360.1099609431431
"(120, 884.9976285985668)",52.90829551548993,42.61769644527043,0.5223902896878933,99.7963969710999,362.5177706056041

#m0=600, a6=1.21959532e9, a8=-3.7720572e7, gv=6.50976728, d=0.0,  ga=8.18026059, h=0.0, flag=4