T_mu,sigma,ω₀,n_B,P,e
"(17, 934.0023714014332)",66.38370981762586,18.294662388177997,0.22424848787816315,4.838978359271864,204.60964110211805
"(18, 934.0023714014332)",66.27011143580216,18.4531412145888,0.22619105650442475,5.165755328697934,206.09722783623036
"(19, 934.0023714014332)",66.15167803973245,18.61909591657801,0.22822526135542262,5.508496169096431,207.65443915058017
"(20, 934.0023714014332)",66.02891753445823,18.79202813310169,0.23034499372533276,5.867006765061899,209.27576361484714
"(21, 934.0023714014332)",65.90231810409632,18.971455587566435,0.2325443420649793,6.241114836922231,210.95585210775445
"(22, 934.0023714014332)",65.77234210721225,19.15691795809527,0.23481766393704528,6.630668106693746,212.68958685745136
"(23, 934.0023714014332)",65.63942225482421,19.34798062734144,0.23715963197992868,7.035532505049129,214.4721261648954
"(24, 934.0023714014332)",65.50395953898612,19.544236804210282,0.23956525991477468,7.455590476961116,216.29893038883912
"(25, 934.0023714014332)",65.36632245837923,19.74530843477764,0.24202991371123275,7.8907394197966525,218.16577393657897
"(26, 934.0023714014332)",65.22684717115436,19.950846241720303,0.2445493120707498,8.340890271064762,220.06874712760467
"(27, 934.0023714014332)",65.08583828384005,20.160529159366284,0.2471195195016524,8.805966252033262,222.00425098209277
"(28, 934.0023714014332)",64.94357005465432,20.3740633683147,0.249736934485923,9.285901766078984,223.96898727029745
"(29, 934.0023714014332)",64.80028784756651,20.591181081112527,0.2523982745944963,9.780641445796428,225.95994556309324
"(30, 934.0023714014332)",64.65620972053438,20.811639188106735,0.25510055988869784,10.290139339839213,227.9743885420379
"(31, 934.0023714014332)",64.5115280672244,21.03521784004574,0.25784109554632806,10.814358228565414,230.0098364564485
"(32, 934.0023714014332)",64.36641125981613,21.26171901860179,0.2606174543397368,11.353269056456465,232.06405132546246
"(33, 934.0023714014332)",64.22100525968172,21.490965128170465,0.263427459374642,11.90685046874501,234.13502127942527
"(34, 934.0023714014332)",64.07543517725999,21.722797628945823,0.2662691673349689,12.4750884396323,236.22094528231372
"(35, 934.0023714014332)",63.929806771559676,21.957075722469995,0.26914085237080143,13.057975979615435,238.32021837571617
"(36, 934.0023714014332)",63.78420788603011,22.193675094767624,0.2720409906922928,13.6555129101009,240.43141751489577
"(37, 934.0023714014332)",63.63870981988591,22.432486718827295,0.27496824589092683,14.267705693489743,242.55328802872833
"(38, 934.0023714014332)",63.49336863874636,22.673415715183047,0.2779214549730338,14.894567309235528,244.68473069891465
"(39, 934.0023714014332)",63.348226424484956,22.916380269575757,0.2808996150928824,15.536117164986214,246.82478945751572
"(40, 934.0023714014332)",63.203312468655405,23.16131060496033,0.2839018709520003,16.192381035025825,248.97263967944613
"(41, 934.0023714014332)",63.05864441093076,23.40814800586473,0.28692750284014945,16.863391017937975,251.12757705505302
"(42, 934.0023714014332)",62.91422932444051,23.6568438929794,0.28997591529202,17.549185506886566,253.28900702516123
"(43, 934.0023714014332)",62.77006474779296,23.907358946473078,0.29304662634121387,18.249809165767818,255.45643476811563
"(44, 934.0023714014332)",62.626139674659015,24.15966227450983,0.2961392573282471,18.965312913168813,257.6294556964732
"(45, 934.0023714014332)",62.482435471490746,24.41373063152372,0.2992535233184614,19.695753889943965,259.80774653973305
"(46, 934.0023714014332)",62.33892677381906,24.66954767521607,0.3023892239946683,20.441195440927817,261.9910568563315
"(47, 934.0023714014332)",62.19558231150486,24.927103271007084,0.3055462351313098,21.20170707465823,264.179201110765
"(48, 934.0023714014332)",62.052365693367264,25.186392836954845,0.30872450056483963,21.97736441947037,266.37205121781295
"(49, 934.0023714014332)",61.90923614174517,25.447416730011568,0.31192402467061325,22.768249167980365,268.56952957145154
"(50, 934.0023714014332)",61.76614917917345,25.710179672152307,0.31514486532868163,23.574449010103752,270.7716025418702
"(51, 934.0023714014332)",61.62305726805472,25.974690215166795,0.3183871273633804,24.396057554235565,272.97827442685184
"(52, 934.0023714014332)",61.479910404489665,26.24096024276824,0.32165095644040637,25.233174236498986,275.18958184237965
"(53, 934.0023714014332)",61.33665666759259,26.509004508605933,0.3249365334039589,26.08590421826614,277.4055885359925
"(54, 934.0023714014332)",61.19324272580111,26.77884020869095,0.3282440690357008,26.954358272351563,279.6263806054487
"(55, 934.0023714014332)",61.049614301882336,27.05048658665302,0.3315737992161778,27.838652658445675,281.8520621040471
"(56, 934.0023714014332)",60.90571659841042,27.323964570227822,0.3349259804690144,28.73890898843212,284.08275101357737
"(57, 934.0023714014332)",60.76149468566727,27.599296437293194,0.33830088586732204,29.65525408237276,286.3185755649116
"(58, 934.0023714014332)",60.6168938539317,27.876505509786345,0.34169880128186675,30.587819815935017,288.5596708863556
"(59, 934.0023714014332)",60.47185993215033,28.1556158738381,0.345120021950589,31.536742960080204,290.8061759598846
"(60, 934.0023714014332)",60.32633957505357,28.436652124445427,0.3485648493489007,32.50216501384414,293.0582308652124
"(61, 934.0023714014332)",60.18028052071625,28.719639133060213,0.3520335883408835,33.48423203099967,295.31597429234137
"(62, 934.0023714014332)",60.033631820521165,29.004601836519416,0.3555265445920834,34.48309444138325,297.57954130378
"(63, 934.0023714014332)",59.886344043459914,29.291565045780587,0.3590440222250723,35.4989068676488,299.8490613280776
"(64, 934.0023714014332)",59.7383694566201,29.580553272999612,0.3625863216998269,36.531827938114574,302.1246563672467
"(65, 934.0023714014332)",59.58966218360675,29.871590575568433,0.36615373790201644,37.58202009642686,304.40643940155536
"(66, 934.0023714014332)",59.440178342577894,30.164700415795178,0.369746558423021,38.64964940857615,306.694512976044
"(67, 934.0023714014332)",59.289876165484515,30.459905534986202,0.3733650620164645,39.734885367923,308.98896795389805
"(68, 934.0023714014332)",59.138716099968356,30.757227840788357,0.3770095172173253,40.837900698704374,311.2898824231869
"(69, 934.0023714014332)",58.986660895303615,31.05668830671609,0.3806801811103622,41.95887115853126,313.5973207440741
"(70, 934.0023714014332)",58.83367567365165,31.358306882875176,0.3843772982358107,43.097975340329775,315.9113327247933
"(71, 934.0023714014332)",58.67972798780669,31.662102416972143,0.38810109962114864,44.25539447412712,318.2319529155295
"(72, 934.0023714014332)",58.52478786648959,31.968092584773316,0.39185180192868846,45.431312229076276,320.5592000102434
"(73, 934.0023714014332)",58.36882784831899,32.276293829272575,0.3956296067099232,46.625914516069564,322.8930763476151
"(74, 934.0023714014332)",58.211823004910656,32.586721307834,0.3994346997576205,47.839389291251194,325.2335675023858
"(75, 934.0023714014332)",58.05375095469559,32.8993888467466,0.40326725054877655,49.07192636076897,327.5806419603243
"(76, 934.0023714014332)",57.894591867416416,33.21430890257393,0.4071274117708511,50.32371718701474,329.9342508694879
"(77, 934.0023714014332)",57.734328460449866,33.531492529824625,0.41101531892548654,51.594954696647626,332.2943278620731
"(78, 934.0023714014332)",57.57294598741078,33.850949354476604,0.41493109000398853,52.885833090642336,334.66078894126446
"(79, 934.0023714014332)",57.4104322196064,34.172687552960596,0.41887482522969693,54.19654765662973,337.0335324282681
"(80, 934.0023714014332)",57.246777420853775,34.49671383623128,0.4228466068627483,55.52729458373976,339.4124389651167
"(81, 934.0023714014332)",57.08197431610805,34.82303343861064,0.42684649906331906,56.878270780203096,341.7973715693365
"(82, 934.0023714014332)",56.91601805431387,35.15165011111802,0.4308745478098735,58.249673693925416,344.1881757370166
"(83, 934.0023714014332)",56.748906165879674,35.48256611902199,0.4349307808691459,59.641701136264814,346.58467959099454
"(84, 934.0023714014332)",56.5806385150963,35.815782243399426,0.43901520781525527,61.0545511092245,348.9866940715169
"(85, 934.0023714014332)",56.411217247856904,36.15129778648067,0.4431278200952283,62.488421636277856,351.39401316661304
"(86, 934.0023714014332)",56.24064673495688,36.48911058060774,0.44726859113880235,63.94351059710121,353.8064141799182
"(87, 934.0023714014332)",56.068933511276896,36.82921700062866,0.4514374765103422,65.42001556632101,356.2236580338174
"(88, 934.0023714014332)",55.896086211108084,37.17161197957819,0.45563441410106326,66.91813365649978,358.64548960599586
"(89, 934.0023714014332)",55.722115499888226,37.51628902749771,0.4598593243597042,68.43806136583841,361.0716380971862
"(90, 934.0023714014332)",55.54703400260892,37.86324025325343,0.46411211055998497,69.9799944303819,363.5018174287682
"(91, 934.0023714014332)",55.370856229118125,38.212456389234916,0.46839265910332056,71.54412768125363,365.9357266682709
"(92, 934.0023714014332)",55.19359849658588,38.56392681879335,0.47270083985517397,73.13065490703562,368.373050481146
"(93, 934.0023714014332)",55.01527884993866,38.917639606419435,0.47703650651495005,74.73976872147125,370.8134596085473
"(94, 934.0023714014332)",54.835916976454804,39.2735815297191,0.48139949700795875,76.37166043674422,373.2566113601464
"(95, 934.0023714014332)",54.655534126893755,39.631738115517194,0.4857896339279319,78.02651994249702,375.70215014842546
"(96, 934.0023714014332)",54.4741530231936,39.99209367586062,0.49020672497836487,79.70453559079624,378.1497080159267
"(97, 934.0023714014332)",54.291797773160795,40.35463134790313,0.49465056346138236,81.4058940872328,380.5989052007534
"(98, 934.0023714014332)",54.10849378029996,40.719333135061326,0.4991209287822286,83.13078038832468,383.04935071036266
"(99, 934.0023714014332)",53.92426765304104,41.08617995013771,0.5036175869778444,84.87937760539359,385.50064291138057
"(100, 934.0023714014332)",53.73914711303331,41.455151660148346,0.5081402912663446,86.6518669150992,387.95237013228166
"(101, 934.0023714014332)",53.553160902751394,41.826227132706244,0.5126887826155786,88.44842747673275,390.4041112771315
"(102, 934.0023714014332)",53.36633869264381,42.199384283814524,0.5172627903289448,90.26923635647088,392.855436448486
"(103, 934.0023714014332)",53.178710988059706,42.57460012691512,0.521862032646618,92.11446845865792,395.3059075776554
"(104, 934.0023714014332)",52.990309036202106,42.95185082302729,0.5264862173601225,93.9842964642761,397.75507906024865
"(105, 934.0023714014332)",52.8011647333027,43.331111731831385,0.5311350424385003,95.87889077667731,400.20249839528276
"(106, 934.0023714014332)",52.61131053227956,43.71235746351566,0.5358081966638237,97.7984194746876,402.64770682564927
"(107, 934.0023714014332)",52.420779351063786,44.09556193123549,0.5405053602742254,99.74304827314685,405.09023997816564
"(108, 934.0023714014332)",52.22960448181674,44.48069840401213,0.5452262056123001,101.71294049093233,407.52962850116126
"(109, 934.0023714014332)",52.03781950123696,44.867739559904976,0.5499703977768782,103.7082570265631,409.96539869763063
"(110, 934.0023714014332)",51.845458182138465,45.256657539295205,0.554737595276147,105.72915634135659,412.3970731520931
"(111, 934.0023714014332)",51.652554406489585,45.64742399811156,0.5595274506800771,107.7757944502075,414.82417134918296
"(112, 934.0023714014332)",51.45914208006467,46.040010160843565,0.5643396112702291,109.84832491996987,417.2462102821871
"(113, 934.0023714014332)",51.265255048873655,46.43438687317816,0.5691737196849626,111.94689887545549,419.6627050496742
"(114, 934.0023714014332)",51.07092701750989,46.83052465410688,0.5740294145581348,114.0716650130121,422.0731694384623
"(115, 934.0023714014332)",50.876191469527136,47.22839374736003,0.5789063311495626,116.22276962167099,424.4771164913238
"(116, 934.0023714014332)",50.68108158997971,47.62796417201618,0.583804101965376,118.40035661180929,426.874059057736
"(117, 934.0023714014332)",50.48563019020255,48.02920577215922,0.5887223573666899,120.6045675512904,429.26351032623984
"(118, 934.0023714014332)",50.289869634925516,48.43208826544743,0.5936607261649505,122.83554170900686,431.6449843369537
"(119, 934.0023714014332)",50.09383177178538,48.83658129047545,0.5986188362024657,125.09341610576631,434.01799647290267
"(120, 934.0023714014332)",49.897547863281744,49.24265445281781,0.6035963149168037,127.37832557244329,436.3820639290176
"(17, 934.0213291185248)",66.3795940067066,18.299481275133232,0.22430755582323014,4.84323015858521,204.6648112627559
"(18, 934.0213291185248)",66.26609157822922,18.45788266113279,0.22624917521661103,5.17004394567989,206.15151140210912
"(19, 934.0213291185248)",66.14775383437889,18.623760355737794,0.2282824361425905,5.512823341009517,207.70784107930763
"(20, 934.0213291185248)",66.02508811159993,18.79661645044853,0.23040123544245855,5.871374113414252,209.32829404510105
"(21, 934.0213291185248)",65.8985821264099,18.975969036301127,0.2325996660732686,6.245523871196963,211.00752538708244
"(22, 934.0213291185248)",65.76869786220864,19.1613580822136,0.23487208916219746,6.635120229442893,212.74042066267742
"(23, 934.0213291185248)",65.63586773719064,19.35234919390275,0.2372131800818167,7.040029017849122,214.5221407266013
"(24, 934.0213291185248)",65.50049252219088,19.548535744986733,0.23961795457227422,7.460132586884109,216.34814782337375
"(25, 934.0213291185248)",65.36294055586,19.749539796864692,0.242081780016801,7.8953282460772165,218.21421768059358
"(26, 934.0213291185248)",65.22354788767102,19.95501214646714,0.2446003760270151,8.345526851778738,220.1164414678649
"(27, 934.0213291185248)",65.08261905794403,20.164631768741263,0.24716980760914412,8.810651550656338,222.05122067040654
"(28, 934.0213291185248)",64.94042829327711,20.378104857796078,0.24978647341075996,9.290636677815293,224.0152572131318
"(29, 934.0213291185248)",64.7972209538126,20.595163618164086,0.25244709090456585,9.785426803614692,226.00554057517297
"(30, 934.0213291185248)",64.65321511561612,20.81556491541698,0.25514867984819406,10.294975920215473,228.01933315443173
"(31, 934.0213291185248)",64.50860320751553,21.039088862714898,0.25788854495871366,10.819246756885057,230.0541547698951
"(32, 934.0213291185248)",64.3635536498173,21.265537394605204,0.26066425843082625,11.358210212083959,232.10776690117103
"(33, 934.0213291185248)",64.21821246165887,21.494732861473107,0.26347364270822776,11.911844889767464,234.17815706027076
"(34, 934.0213291185248)",64.07270481811999,21.726516664791596,0.26631475375504216,12.480136727289977,236.26352353886716
"(35, 934.0213291185248)",63.927136547556024,21.960747944370986,0.26918586496469,13.063078702427058,238.36226067181244
"(36, 934.0213291185248)",63.781595565723805,22.197302322846795,0.27208545177032173,13.660670607687338,240.47294468864283
"(37, 934.0213291185248)",63.63615324571643,22.436070709221607,0.27501217697910013,14.272918880128485,242.5943201856696
"(38, 934.0213291185248)",63.490865727534874,22.67695816025218,0.27796487681560783,14.899836477145925,244.72528721443513
"(39, 934.0213291185248)",63.345775167121786,22.9198827987163,0.2809425476623317,15.54144278737629,246.86488898613925
"(40, 934.0213291185248)",63.2009109291559,23.164774785874396,0.2839443334645711,16.197763568877452,249.01230016937487
"(41, 934.0213291185248)",63.05629072505364,23.411575346136768,0.2869695137752053,16.868830906583746,251.16681576623031
"(42, 934.0213291185248)",62.91192169794633,23.660235841890955,0.29001749241425606,17.554683182360165,253.32784055002497
"(43, 934.0213291185248)",62.767801454496606,23.91071689694403,0.29308778672447366,18.255365050962997,255.4948790538366
"(44, 934.0213291185248)",62.62391905432623,24.162987565125604,0.2961800173803545,18.970927423792062,257.6675260681544
"(45, 934.0213291185248)",62.48025592764696,24.417024548592074,0.29929389880646345,19.701427436292683,259.8454577239856
"(46, 934.0213291185248)",62.33678677151078,24.672811454830264,0.30242923007007894,20.446928429501778,262.02842300484554
"(47, 934.0213291185248)",62.19348037505807,24.9303381010766,0.30558588635505174,21.207499909592695,264.2162358236152
"(48, 934.0213291185248)",62.05030040416371,25.189599859194217,0.3087638109315705,21.98321750383166,266.40876756617473
"(49, 934.0213291185248)",61.9072061360501,25.45059704186165,0.311963007632322,22.77416290491065,268.60594011964326
"(50, 934.0213291185248)",61.76415314599715,25.71333432864667,0.3151835338175346,23.580423803838087,270.80771936868916
"(51, 934.0213291185248)",61.62109394708284,25.977820230720784,0.3184254938136681,24.40209381099358,273.0141091460713
"(52, 934.0213291185248)",61.47797858408574,26.244066592891077,0.3216890328095217,25.239272365256063,275.22514562234613
"(53, 934.0213291185248)",61.33475518287109,26.51208813153747,0.3249743311924562,26.092064631419937,277.4408921183617
"(54, 934.0213291185248)",61.19137045677403,26.781902006962067,0.3282815993064404,26.960581386294592,279.6614343230619
"(55, 934.0213291185248)",61.047770171664524,27.053527428580782,0.3316110726126306,27.84493889403721,281.8868758980317
"(56, 934.0213291185248)",60.90389957152837,27.32698529132138,0.33496300723251393,28.74525877139029,284.11733444946043
"(57, 934.0213291185248)",60.7597037664143,27.602297841604408,0.33833767585360414,29.661667843587473,286.3529378480685
"(58, 934.0213291185248)",60.615128084799096,27.879488371189936,0.34173536397677357,30.59429799171446,288.59382087667444
"(59, 934.0213291185248)",60.47011839233176,28.158580937245365,0.3451563664849385,31.543285992325973,290.840122185657
"(60, 934.0213291185248)",60.32462137901984,28.439600106954572,0.34860098451258653,32.508773350167544,293.09198153630484
"(61, 934.0213291185248)",60.17858481683288,28.722570725059388,0.35206952259640184,33.490906124790754,295.349537312825
"(62, 934.0213291185248)",60.03195778975025,29.007517702722577,0.3555622860872234,34.48983475182367,297.61292428378596
"(63, 934.0213291185248)",59.88469089810626,29.294465826218154,0.35907957880506963,35.50571385968122,299.88227159515
"(64, 934.0213291185248)",59.736736439137395,29.583439583958185,0.36262170091887264,36.5387020823792,302.1577009770864
"(65, 934.0213291185248)",59.58804856545253,29.874463010485524,0.3661889470342238,37.58896186914526,304.4393251482735
"(66, 934.0213291185248)",59.43858342312924,30.16755954610475,0.36978160447278985,38.656659291422315,306.7272464018335
"(67, 934.0213291185248)",59.28829927099334,30.462751910926915,0.37339995172839724,39.741963847854635,309.021555358296
"(68, 934.0213291185248)",59.137156582565076,30.76006199217138,0.3770442570856308,40.84504826776781,311.3223298718598
"(69, 934.0213291185248)",58.98511813204375,31.05951074365593,0.3807147773878136,41.966088313640874,313.62963407718814
"(70, 934.0213291185248)",58.83214906560802,31.3611180964833,0.3844117569422555,43.10526258303699,315.94351756495576
"(71, 934.0213291185248)",58.67821695920019,31.664902880018097,0.38813542655160044,44.262752310356426,318.26401467535493
"(72, 934.0213291185248)",58.523291863852805,31.970882752316758,0.3918860026610799,45.438741168863785,320.59114389958387
"(73, 934.0213291185248)",58.367346339697846,32.2790741392645,0.3956636866124804,46.633415073265546,322.9249073804589
"(74, 934.0213291185248)",58.21035547910603,32.58949218168707,0.3994686639958495,47.846961983228354,325.26529050337643
"(75, 934.0213291185248)",58.05229692052728,32.90215068988423,0.4033011040921888,49.07957170810955,327.6122615710451
"(76, 934.0213291185248)",57.89315085302408,33.21706210495112,0.4071611593993547,50.331435713195994,329.96577155442884
"(77, 934.0213291185248)",57.73290001261882,33.534237466427385,0.4110489652355123,51.602746927711635,332.3257539143559
"(78, 934.0213291185248)",57.571529670926296,33.85368638579935,0.41496463941432404,52.89369955486962,334.69212448808673
"(79, 934.0213291185248)",57.40902761663413,34.17541702546208,0.41890828198709246,54.20448888419601,337.06478143614584
"(80, 934.0213291185248)",57.245384130344355,34.499436082771716,0.42287997504726804,55.53531110637909,339.4436052448788
"(81, 934.0213291185248)",57.080591953217706,34.82574877887402,0.42687978259352216,56.88636313086383,341.8284587809647
"(82, 934.0213291185248)",56.91464624985935,35.15435885201132,0.4309077504476975,58.25784240642747,344.21918739420454
"(83, 934.0213291185248)",56.7475445657978,35.4852685550662,0.4349639062247066,59.64994674495377,346.6156190656321
"(84, 934.0213291185248)",56.57928677993482,35.818478657099746,0.4390482593513906,61.06287414862432,349.0175645979363
"(85, 934.0213291185248)",56.40987505227356,36.153988448688054,0.44316080113191664,62.49682264074961,351.4248178457134
"(86, 934.0213291185248)",56.23931376724441,36.49179575086306,0.44730150485738523,63.951990100500964,353.8371559831102
"(87, 934.0213291185248)",56.067609472891334,36.83189692750096,0.45147032595768294,65.42857410166027,356.2543398069084
"(88, 934.0213291185248)",55.8947708162205,37.1742869009881,0.4556672021934935,66.92677175561253,358.6761140728739
"(89, 934.0213291185248)",55.720808474951006,37.51895917103021,0.4598920538868717,68.44677955905107,361.10220786341307
"(90, 934.0213291185248)",55.54573508592634,37.86590583646575,0.4641447841886115,69.98879324618038,363.5323349850974
"(91, 934.0213291185248)",55.36956517043635,38.2151176199519,0.46842527938083817,71.55300764597581,365.96619439403094
"(92, 934.0213291185248)",55.19231505669409,38.56658389539522,0.4727334092132453,73.13961654454701,368.40347064753985
"(93, 934.0213291185248)",55.01400280027017,38.92029271812767,0.4770690272729798,74.748812552864,370.8438343819264
"(94, 934.0213291185248)",54.83464809871607,39.276230856866675,0.481431971376389,76.38078698003568,373.28694280509075
"(95, 934.0213291185248)",54.65427221268882,39.63438382981975,0.4858220640115893,78.03572971234303,375.73244023086664
"(96, 934.0213291185248)",54.47289787365962,39.994735940680904,0.49023911277967824,79.71382909820454,378.17995860615696
"(97, 934.0213291185248)",54.29054919861729,40.35727031850743,0.4946829108835431,81.41527183929189,380.6291180763758
"(98, 934.0213291185248)",54.107251599902725,40.72196895887311,0.49915323763229524,83.14024288793728,383.079527559194
"(99, 934.0213291185248)",53.9230316944464,41.08881276698541,0.5036498589697734,84.88892535103182,385.53078533427356
"(100, 934.0213291185248)",53.73791721206444,41.45778160251152,0.5081725280240188,86.66150040055032,387.9824796459645
"(101, 934.0213291185248)",53.551936903078754,41.8288543259546,0.5127209856757265,88.45814719087782,390.43418931692446
"(102, 934.0213291185248)",53.36512044546822,42.20200884644542,0.5172949611440618,90.2790427830559,392.88548437103634
"(103, 934.0213291185248)",53.17749835180718,42.5772221707851,0.5218941725877932,92.12436207608388,395.33592666357947
"(104, 934.0213291185248)",52.98910187621695,42.95447045358433,0.5265183277198964,93.99427774540673,397.7850705167939
"(105, 934.0213291185248)",52.799962921559036,43.33372904833835,0.5311671244335942,95.88896018864985,400.23246335888064
"(106, 934.0213291185248)",52.61011394709031,43.71497255927489,0.5358402514379008,97.80857747873968,402.677646364493
"(107, 934.0213291185248)",52.419587876800506,44.098174893808164,0.540537388900574,99.75329532444728,405.1201550947238
"(108, 934.0213291185248)",52.228418008636986,44.4833093154341,0.5452582090964829,101.72327703844584,407.5595201346377
"(109, 934.0213291185248)",52.03663792481478,44.87034849690112,0.5500023770593566,103.71868351289979,409.99526772642844
"(110, 934.0213291185248)",51.844281403405795,45.25926457348857,0.5547695512348466,105.73967320265297,412.426920396206
"(111, 934.0213291185248)",51.6513823313806,45.650029196231024,0.5595593841329333,107.78640211601409,414.8539975725715
"(112, 934.0213291185248)",51.45797461927021,46.0426135849266,0.5643715229776743,109.85902381315074,417.27601619510267
"(113, 934.0213291185248)",51.26409211760187,46.43698858077062,0.5692056103523678,111.95768941209671,419.692491310943
"(114, 934.0213291185248)",51.06976853525118,46.83312469846037,0.5740612848382362,114.08254760234995,422.1029366577475
"(115, 934.0213291185248)",50.87503735983047,47.23099217762361,0.5789381816448103,116.23374466602483,424.5068652313229
"(116, 934.0213291185248)",50.67993178023103,47.630561033426844,0.5838359332302647,118.41142450653463,426.9037898363515
"(117, 934.0213291185248)",50.48448461141471,48.031801106226276,0.5887541699100276,120.61572868473328,429.29322361870453
"(118, 934.0213291185248)",50.28872822153103,48.43468211013537,0.5936925204520752,122.84679646247507,431.67468057789915
"(119, 934.0213291185248)",50.09269446144015,48.83917368037959,0.5986506126574537,125.10476485351212,434.047676058422
"(120, 934.0213291185248)",49.89641459667537,49.24524541933836,0.603628073924542,127.38976868165743,436.41172721859834
"(17, 934.0591726395937)",66.37138417815933,18.309096839248618,0.2244254194747823,4.851720976690412,204.77490065721855
"(18, 934.0591726395937)",66.25807289377194,18.467343927315188,0.2263651475472168,5.178608205697016,206.25983422669586
"(19, 934.0591726395937)",66.13992571259885,18.633068172403554,0.22839652755179277,5.521464511175237,207.81440704760848
"(20, 934.0591726395937)",66.01744883732701,18.805772568626896,0.23051346739365697,5.8800954312087725,209.4331232047944
"(21, 934.0591726395937)",65.89112905160984,18.98497594066071,0.23271006902251343,6.254328350726902,211.11064618534473
"(22, 934.0591726395937)",65.76142758999653,19.170218838060695,0.23498070068275975,6.64401067155582,212.84186819445478
"(23, 934.0591726395937)",65.62877628571253,19.361067312314912,0.2373200432110485,7.049008021990763,214.62195519051383
"(24, 934.0591726395937)",65.49357546733239,19.55711506649856,0.23972311638587956,7.469202563959699,216.44637319002
"(25, 934.0591726395937)",65.35619315312353,19.757984393049085,0.24218529042245437,7.90449143140693,218.3109005660705
"(26, 934.0591726395937)",65.2169651745871,19.963326238012083,0.24470228676018435,8.35478531969153,220.21163019454286
"(27, 934.0591726395937)",65.07619593875286,20.172819658359384,0.24727017141072008,8.820007225630347,222.14496450071738
"(28, 934.0591726395937)",64.93415960797415,20.38617087609625,0.24988534336357188,9.30009134836009,224.10760572857865
"(29, 934.0591726395937)",64.79110153359332,20.6031120806907,0.25254451990678867,9.794982134021868,226.09654318477658
"(30, 934.0591726395937)",64.64723982672254,20.823400089137735,0.25524472020257993,10.304633461982041,228.10903871106436
"(31, 934.0591726395937)",64.50276698530548,21.04681494041023,0.2579832480586471,10.82900795948335,230.1426112770516
"(32, 934.0591726395937)",64.35785152472631,21.273158475764,0.26075767452616866,11.368076433096531,232.19502129424103
"(33, 934.0591726395937)",64.21263957844924,21.502252938526492,0.26356582073656204,11.921817404343036,234.26425504892558
"(34, 934.0591726395937)",64.06725644972268,21.733939613620763,0.2664057412253363,12.4902167369804,236.34850949839492
"(35, 934.0591726395937)",63.92180810451313,21.968077518254788,0.26927570788310207,13.073267343412967,238.44617757381823
"(36, 934.0591726395937)",63.776382602140934,22.20454214911257,0.2721741945991349,13.670968958428633,240.55583406268707
"(37, 934.0591726395937)",63.631051462476954,22.443224287993054,0.2750998626214187,14.283327968449433,242.67622210497885
"(38, 934.0591726395937)",63.48587097336369,22.68402886482071,0.27805154661984216,14.910357286801817,244.80624030008738
"(39, 934.0591726395937)",63.34088343800621,22.9268738771269,0.2810282414416896,15.552076264111188,246.94493042527338
"(40, 934.0591726395937)",63.19611836652674,23.17168936340966,0.2840290895275014,16.208510626010032,249.091465743625
"(41, 934.0591726395937)",63.05159361303889,23.418416428449746,0.2870533689637552,16.87969243014096,251.24513988755226
"(42, 934.0591726395937)",62.90731645998106,23.667006318566564,0.29010048214778944,17.565660035784187,253.40535630152726
"(43, 934.0591726395937)",62.76328464945105,23.917419545359458,0.29316994504694105,18.266458079397506,255.5716182339434
"(44, 934.0591726395937)",62.61948737235079,24.169625054463857,0.29626137700951005,18.98213745801131,257.74351923655837
"(45, 934.0591726395937)",62.47590618581296,24.42359944393383,0.29937449118402104,19.712755296232007,259.920734248514
"(46, 934.0591726395937)",62.33251590939395,24.679326221235566,0.3025090854117281,20.458374927466895,262.10301110817204
"(47, 934.0591726395937)",62.18928545028415,24.936795107623826,0.3056650336999827,21.219065853147622,264.29016262951177
"(48, 934.0591726395937)",62.0461785880031,25.196001382924354,0.3088422781908261,21.994903698374255,266.482059144676
"(49, 934.0591726395937)",61.903154709076766,25.45694527161417,0.31204082163580193,22.785970155957543,268.6786215309586
"(50, 934.0591726395937)",61.76016949385988,25.719631368757604,0.3152607203593281,23.592352919061785,270.87981470553456
"(51, 934.0591726395937)",61.617175556404,25.984068104574707,0.31850207769559263,24.414145601994413,273.08564157434245
"(52, 934.0591726395937)",61.47412303847225,26.25026724633638,0.32176503788299093,25.251447649109853,275.29613742022417
"(53, 934.0591726395937)",61.33096015908973,26.518243436138395,0.32504978039834137,26.10436423201406,277.5113647135423
"(54, 934.0591726395937)",61.18763372104768,26.788013763114073,0.3283565147132534,26.973006135456963,279.7314083284251
"(55, 934.0591726395937)",61.0440895761487,27.05959736846006,0.331685475452682,27.8574896324939,281.9563711454085
"(56, 934.0591726395937)",60.90027305089169,27.333015081713544,0.33503691793657286,28.7579363495414,284.1863700220133
"(57, 934.0591726395937)",60.75612933459971,27.60828908657394,0.33841111408364116,29.674473122141524,286.4215321108675
"(58, 934.0591726395937)",60.61160383189518,27.88544261463284,0.34180834865723325,30.607231842168368,288.6619915059127
"(59, 934.0591726395937)",60.46664248159681,28.164499665305165,0.345228915832359,31.55634929732115,290.907886196316
"(60, 934.0591726395937)",60.32119204402529,28.445484750323164,0.3486731160638054,32.52196700373418,293.15935530849293
"(61, 934.0591726395937)",60.17520035874589,28.728422661155687,0.35214125323525614,33.50423103246374,295.4165366167293
"(62, 934.0591726395937)",60.02861657471546,29.013338257772855,0.3556336320700596,34.50329183068704,297.67956430348653
"(63, 934.0591726395937)",59.88139135477064,29.300256277219184,0.3591505557847809,35.51930403830197,299.9485669510807
"(64, 934.0591726395937)",59.73347705625811,29.58920116055537,0.36269232396795065,36.552426300674625,302.22366574756086
"(65, 934.0591726395937)",59.58482788963536,29.880196896746106,0.36625923066648336,37.60282107817145,304.5049728897781
"(66, 934.0591726395937)",59.43540005664661,30.17326688221408,0.36985156266415575,38.67065445309961,306.7925901684426
"(67, 934.0591726395937)",59.285151869715435,30.468433794792755,0.3734695979365749,39.756095934627865,309.086607720051
"(68, 934.0591726395937)",59.134043853970624,30.765719480955834,0.3771136042688804,40.859318262228996,311.3871029322966
"(69, 934.0591726395937)",58.98203883332716,31.065144855228557,0.3807838380227632,41.98049720809182,313.6941394899794
"(70, 934.0591726395937)",58.8291020018645,31.36672981080681,0.38448054304088675,43.11981137901539,316.007766549777
"(71, 934.0591726395937)",58.675200981688185,31.670493140468423,0.38820394967743005,44.27744201813004,318.3280180329927
"(72, 934.0591726395937)",58.520305868336514,31.97645246693819,0.39195427394454496,45.45357280687641,320.6549120263179
"(73, 934.0591726395937)",58.36438926485782,32.2846241819678,0.39573171676561886,46.648389667577675,322.98845028176225
"(74, 934.0591726395937)",58.207426305015915,32.595023393391756,0.3995364633263083,47.86208056691423,325.32861780700676
"(75, 934.0591726395937)",58.049394667199465,32.90766387960695,0.4033686825165655,49.09483532064361,327.6753825395025
"(76, 934.0591726395937)",57.890274579002984,33.222558050850715,0.40722852645600316,50.34684539981403,330.02869509692124
"(77, 934.0591726395937)",57.73004881365021,33.53971691679429,0.4111161300966676,51.618303738766976,332.3884885981179
"(78, 934.0591726395937)",57.568702678661914,33.859150060010755,0.41503161089781865,52.909404545163724,334.75467854933055
"(79, 934.0591726395937)",57.406223997400076,34.18086561488994,0.41897506856748135,54.22034311231146,337.1271627904472
"(80, 934.0591726395937)",57.24260308394558,34.50487025165837,0.4229465848665623,55.55131563399865,339.50582149720424
"(81, 934.0591726395937)",57.07783271180032,34.83116916516567,0.42694622347140315,56.90251902208839,341.89051723520953
"(82, 934.0591726395937)",56.91190807680214,35.159766068164664,0.43097402989141065,58.27415072708398,344.28109506243857
"(83, 934.0591726395937)",56.74482675465251,35.49066318881952,0.4350300314385088,59.66640856190743,346.6773826769226
"(84, 934.0591726395937)",56.576588653398154,35.8238612722178,0.4391142372456775,61.079490529093825,349.07919060687
"(85, 934.0591726395937)",56.40719596120133,36.159359585676235,0.44322663833198145,62.51359465161856,351.48631244058043
"(86, 934.0591726395937)",56.23665308968548,36.49715592766299,0.4473672077119492,63.9689188076365,353.898525093872
"(87, 934.0591726395937)",56.06496661316646,36.83724664015619,0.45153590054703874,65.44566056923752,356.31558911280337
"(88, 934.0591726395937)",55.89214520402036,37.179626624292865,0.4557326543374692,66.94401704544744,358.737249009855
"(89, 934.0591726395937)",55.718199564465245,37.524289359155446,0.4599573891525261,68.46418472993709,361.1632336313391
"(90, 934.0591726395937)",55.5431423549965,37.8712269235697,0.4642100078976697,70.00635935324505,363.59325655467154
"(91, 934.0591726395937)",55.366988119733456,38.22043002077103,0.46849039661696945,71.57073574003606,366.02701651360553
"(92, 934.0591726395937)",55.18975320891545,38.57188800582234,0.4727984248291432,73.1575076714864,368.46419784972625
"(93, 934.0591726395937)",55.01145569936647,38.925588915770945,0.4771339458972104,74.76686775302073,370.9044709899923
"(94, 934.0591726395937)",54.83211530912541,39.28151950160114,0.4814967974201536,76.3990072876093,373.3474929392734
"(95, 934.0591726395937)",54.65175331859783,39.63966526432389,0.48588680167529885,78.0541161548064,375.79290781452164
"(96, 934.0591726395937)",54.47039247828149,40.00001049096114,0.4903037660593883,79.73238269574934,378.24034737175987
"(97, 934.0591726395937)",54.28805692348895,40.36253829441174,0.49474748357724346,81.43399360427856,380.6894315714024
"(98, 934.0591726395937)",54.10477208419187,40.727230654598124,0.4992177333461251,83.15913382437267,383.1397691519223
"(99, 934.0591726395937)",53.9205645942773,41.09406846157283,0.5037142811241133,84.90798645405913,385.5909582194779
"(100, 934.0591726395937)",53.73546219986315,41.46303156033424,0.5082368798594441,86.68073265596836,388.04258685047256
"(101, 934.0591726395937)",53.54949366692835,41.83409879719703,0.5127852702588983,88.47755157467698,390.49423370512005
"(102, 934.0591726395937)",53.362688688479984,42.20724806757567,0.5173591813735028,90.2986202609726,392.9454686502589
"(103, 934.0591726395937)",53.17507779150351,42.582456365020946,0.5219583311996197,92.14411360319093,395.39585338946887
"(104, 934.0591726395937)",52.986692243934144,42.95969983134955,0.5265824272933938,94.01420426570836,397.84494209850806
"(105, 934.0591726395937)",52.79756396185644,43.33895380771579,0.5312311673967846,95.90906263471749,400.2922820642886
"(106, 934.0591726395937)",52.607725417177065,43.7201928864511,0.5359042400729825,97.82885677135864,402.73741432526157
"(107, 934.0591726395937)",52.41720954597737,44.10339096351091,0.5406013253492866,99.77375237229946,405.17987431132303
"(108, 934.0591726395937)",52.22604965774709,44.48852129136545,0.5453220953654221,101.7439127378069,407.6191924813089
"(109, 934.0591726395937)",52.03427934571105,44.875556532162875,0.5500662150251792,103.73949874736685,410.05489495604485
"(110, 934.0591726395937)",51.84193239843118,45.264468811001244,0.5548333426494145,105.7606688428962,412.48650414507614
"(111, 934.0591726395937)",51.64904271286303,45.655229769146,0.5596231306283616,107.80757901954946,414.91353936515725
"(112, 934.0591726395937)",51.45564420902661,46.04781061703369,0.5644352260713269,109.88038282414264,417.33551744868305
"(113, 934.0591726395937)",51.26177074646266,46.44218218689553,0.5692692714517338,111.97923136118148,419.7519533401693
"(114, 934.0591726395937)",51.06745604259355,46.838314984857675,0.5741249052457383,114.104273306484,422.16236067913553
"(115, 934.0591726395937)",50.87273359312648,47.23617924236207,0.5790017625625357,116.25565492835968,424.5662523676688
"(116, 934.0591726395937)",50.67763659461131,47.63574496676659,0.5838994757645862,118.43352011630788,426.96314112105404
"(117, 934.0591726395937)",50.48219786924635,48.03698199098818,0.5888176750761279,120.63801041719289,429.35253999998423
"(118, 934.0591726395937)",50.286449792006124,48.439860022064316,0.593755989178418,122.86926507881775,431.7339629229789
"(119, 934.0591726395937)",50.09042422018079,48.84434868849953,0.5987140457900879,125.12742110084984,434.1069251575435
"(120, 934.0591726395937)",49.89415242535388,49.250417586296734,0.6036914722313756,127.41261329299591,436.47094378902113
"(17, 934.115758411202)",66.35912370418063,18.323464829099894,0.22460153641696096,4.864425245751073,204.93940928469962
"(18, 934.115758411202)",66.246097242438,18.481481918065242,0.22653844525449793,5.19142215595282,206.4217094422471
"(19, 934.115758411202)",66.12823406311561,18.6469773931899,0.2285670210904424,5.534393329250333,207.9736629244375
"(20, 934.115758411202)",66.00603867683691,18.81945559632421,0.23068118834994641,5.8931439594713835,209.58978924723615
"(21, 934.115758411202)",65.87999647384883,18.998436448515193,0.23287506242160735,6.267501098176395,211.26476445083935
"(22, 934.115758411202)",65.75056756907941,19.183461367912674,0.23514302219665106,6.657311828813983,212.99349068551285
"(23, 934.115758411202)",65.61818292011847,19.37409707369107,0.23747975669600055,7.062441478929793,214.77114155446247
"(24, 934.115758411202)",65.48324219252792,19.569937763220555,0.2398802917570013,7.482771928802275,216.5931887336894
"(25, 934.115758411202)",65.34611292331516,19.77060607639267,0.24234000185381216,7.91820005052831,218.45541457451753
"(26, 934.115758411202)",65.20713061547525,19.975753184441142,0.24485461118610255,8.368636297428484,220.35391453115767
"(27, 934.115758411202)",65.0665994740006,20.185058269282138,0.24742018729704152,8.834003443760048,222.28509245945753
"(28, 934.115758411202)",64.92479356236,20.39822759695223,0.25003312971586095,9.314235484912462,224.2456511075454
"(29, 934.115758411202)",64.78195821592782,20.614993336667684,0.25269015548237,9.809276681257487,226.23257955020114
"(30, 934.115758411202)",64.63831159546535,20.835112234986756,0.2553882828953879,10.319080743464419,228.24313882269547
"(31, 934.115758411202)",64.49404629964525,21.05836422202329,0.25812481442827284,10.843610146179865,230.274846648237
"(32, 934.115758411202)",64.34933098349057,21.284551001510327,0.2608973194464999,11.382835558474333,232.3254618637426
"(33, 934.115758411202)",64.20431194907974,21.513494658508684,0.2637036171415231,11.936735378525734,234.39296894340535
"(34, 934.115758411202)",64.05911468909541,21.745036305367726,0.26654175993351764,12.505295359943664,236.47556286861072
"(35, 934.115758411202)",63.91384537322801,21.979034777530618,0.2694100174850918,13.088508317287708,238.57163448937402
"(36, 934.115758411202)",63.7685922735815,22.215365384777844,0.2723068613945364,13.686373898918196,240.67975645321326
"(37, 934.115758411202)",63.623427127753104,22.45391872001964,0.2752309505945005,14.298898415441867,242.79866973737603
"(38, 934.115758411202)",63.478406443048335,22.69459952472763,0.27818111744490776,14.926094714176095,244.9272707835496
"(39, 934.115758411202)",63.33357274140458,22.937325610245722,0.28115635451083865,15.56798208880317,247.06459923721766
"(40, 934.115758411202)",63.188955749080485,23.182026832501013,0.28415580199494433,16.22458621637217,249.2098262710786
"(41, 934.115758411202)",63.044573532347194,23.428644118288457,0.2871787358020264,16.895939113609916,251.36224347967018
"(42, 934.115758411202)",62.900433580811296,23.67712854120163,0.29022455621222204,17.582079105920126,253.5212523298142
"(43, 934.115758411202)",62.75653383806743,23.927440445797405,0.29329277714532753,18.283050802312232,255.68635415732302
"(44, 934.115758411202)",62.61286369038329,24.17954861660611,0.2963830159748893,18.998905078227303,257.85714066935583
"(45, 934.115758411202)",62.46940488382372,24.433429496631973,0.2994949839488755,19.729699041978932,260.03328502977575
"(46, 934.115758411202)",62.32613242034468,24.68906644433805,0.30262847708214563,20.475496015488083,262.2145333709275
"(47, 934.115758411202)",62.18301538294783,24.946449037963102,0.3057833676290124,21.236365493007842,264.4006968692985
"(48, 934.115758411202)",62.040017720429844,25.205572420173105,0.3089595960502614,22.01238309631143,266.5916442865971
"(49, 934.115758411202)",61.89709898217535,25.46643668396949,0.3121571634858634,22.803630518327036,268.78729499475986
"(50, 934.115758411202)",61.754215005117686,25.729046298437158,0.3153761247160367,23.610195455357236,270.9876124685492
"(51, 934.115758411202)",61.61131855377935,25.993409573105552,0.3186165815955942,24.432171527515,273.19259823203805
"(52, 934.115758411202)",61.46835991450712,26.259538159611225,0.3218786769455492,25.26965818727764,275.4022862441083
"(53, 934.115758411202)",61.325287445198036,26.527446589269193,0.32516258888474736,26.122760616367387,277.6167377066582
"(54, 934.115758411202)",61.182048082046904,26.797151845042702,0.32846852558348155,26.99158961135489,279.8360362782683
"(55, 934.115758411202)",61.038587804977986,27.068672966372567,0.33179672041939934,27.876261458530934,282.06028367438586
"(56, 934.115758411202)",60.89485206357302,27.342030685223637,0.33514742751644855,28.776897798728644,284.28959563536205
"(57, 934.115758411202)",60.750786165381584,27.61724709171745,0.33852091764630066,29.693625482843792,286.5240982423864
"(58, 934.115758411202)",60.606335628626695,27.894345327652278,0.3419174744716528,30.626576418831032,288.76392456129975
"(59, 934.115758411202)",60.461446501282666,28.173349306255943,0.34533739111106915,31.57588741100984,291.00921159445244
"(60, 934.115758411202)",60.316065648584804,28.45428345649432,0.3487809670048242,32.54169999248342,293.2600975206204
"(61, 934.115758411202)",60.1701410109533,28.73717249032254,0.35224850506195154,33.524160251477916,295.5167192036791
"(62, 934.115758411202)",60.02362183432461,29.022041191284487,0.355740309068993,34.52341865238681,297.779209951031
"(63, 934.115758411202)",59.87645887479914,29.308914222937716,0.35925668134175126,35.53962985223988,300.0476975036016
"(64, 934.115758411202)",59.728604579452764,29.59781595564124,0.3627979206021172,36.57295251333289,302.3223022399208
"(65, 934.115758411202)",59.58001324507749,29.88877031031372,0.36636432006292435,37.62354911264447,304.60313557773844
"(66, 934.115758411202)",59.43064115652443,30.181800617847795,0.3699561657047154,38.691585748688944,306.8902985574716
"(67, 934.115758411202)",59.28044670621842,30.476929492950436,0.37357373472931305,39.77723194634204,309.1838805928354
"(68, 934.115758411202)",59.129390496345636,30.774178721242233,0.3772172941759449,40.88066046020759,311.4839583747767
"(69, 934.115758411202)",58.977435425042614,31.073569158569445,0.38088709968704204,42.0020470769626,313.79059491624184
"(70, 934.115758411202)",58.82454675790618,31.375120641514606,0.3845833944113206,43.141570417181626,316.1038387257036
"(71, 934.115758411202)",58.67069218597513,31.678851908207953,0.3883064080331143,44.29941173701288,318.42372309876936
"(72, 934.115758411202)",58.51584187126512,31.98478052860392,0.3920563559177371,45.47575473010287,320.75026551792627
"(73, 934.115758411202)",58.3599684808479,32.29292284346097,0.3958334383635236,46.67078533012332,323.0834671513333
"(74, 934.115758411202)",58.20304721037017,32.603293911336976,0.3996378399521148,47.88469151421919,325.42331244246515
"(75, 934.115758411202)",58.04505579783767,32.91590746297219,0.4034697289893087,49.117663107687,327.76976878312325
"(76, 934.115758411202)",57.8859745284032,33.23077586249998,0.4073292570295934,50.36989159016617,330.1227862631039
"(77, 934.115758411202)",57.72578623084418,33.54791007497365,0.411216558478109,51.641569903619235,332.482297490404
"(78, 934.115758411202)",57.56447626631723,33.86731963976651,0.41513175026458915,52.932892262339664,334.8482174766368
"(79, 934.115758411202)",57.40203250997024,34.18901264942985,0.4190749315842168,54.24405396526405,337.22044358264924
"(80, 934.115758411202)",57.238445325898475,34.512995733652275,0.42304618370100583,55.57525121079037,339.59885552003936
"(81, 934.115758411202)",57.073707535908305,34.83927404799579,0.42704556980972525,56.92668091437155,341.9833154045839
"(82, 934.115758411202)",56.907814382497556,35.16785126712492,0.43107313495290617,58.29854052907512,344.3736678581533
"(83, 934.115758411202)",56.74076348643898,35.498729582269924,0.43512890598975784,59.69102786935352,346.76974015590577
"(84, 934.115758411202)",56.572554799322226,35.83190970269354,0.43921289161412996,61.10434093824737,349.1713424158627
"(85, 934.115758411202)",56.403190551370855,36.167390860958974,0.44332508241909707,62.53867775821001,351.57826782841346
"(86, 934.115758411202)",56.23267519484099,36.5051708218131,0.4474654510058412,63.99423620585943,353.9902929232725
"(87, 934.115758411202)",56.061015343294095,36.845245894512146,0.45163395213473173,65.47121385073693,356.40717787184656
"(88, 934.115758411202)",55.888219707010805,37.18761094843724,0.45583052291673776,66.9698077983208,358.82866682302244
"(89, 934.115758411202)",55.714299024813045,37.53225943185131,0.46005508304336756,68.4902145377466,361.25448827023723
"(90, 934.115758411202)",55.53926599253176,37.87918339367202,0.46430753505348415,70.03262979404997,363.68435544847114
"(91, 934.115758411202)",55.36313518839865,38.22837350810846,0.468587764635363,71.59724838543637,366.1179667591356
"(92, 934.115758411202)",55.185922995565726,38.579819102060306,0.4728956409625082,73.18426408568881,368.555006221356
"(93, 934.115758411202)",55.00764752260624,38.93350818525129,0.4772310170630168,74.79386949192768,370.99514394924154
"(94, 934.115758411202)",54.82832851817309,39.28942748216146,0.48159373021099794,76.42625589792014,373.4380366442061
"(95, 934.115758411202)",54.64798729218359,39.64756246809885,0.4859836023687166,78.08161317315705,375.88332812890474
"(96, 934.115758411202)",54.46664662356704,40.00789740516662,0.49040044062747234,79.76012964786895,378.33064987405004
"(97, 934.115758411202)",54.28433067500766,40.370415382117265,0.49484403769611013,81.4619920041756,380.7796215635878
"(98, 934.115758411202)",54.101064902825414,40.73509835547863,0.4993141724051297,83.1873851735465,383.2298516681329
"(99, 934.115758411202)",53.91687596624792,41.101927192650905,0.5038106102349497,84.93649224074709,385.6809380344834
"(100, 934.115758411202)",53.73179163575066,41.47088171670854,0.5083331038650699,86.70949435442242,388.13246848801765
"(101, 934.115758411202)",53.54584070070662,41.841940752760436,0.5128813937423374,88.50657064446614,390.5840214461518
"(102, 934.115758411202)",53.35905287657753,42.21508217572058,0.5174552086664964,90.32789814632913,393.0351665410019
"(103, 934.115758411202)",53.17145871188975,42.59028295933184,0.5220542663911097,92.17365173238339,395.48546524935176
"(104, 934.115758411202)",52.98308949521439,42.967519226290946,0.526678274237959,94.04400405044957,397.9344715280445
"(105, 934.115758411202)",52.79397716239736,43.34676629930546,0.5313269297228873,95.9391254696101,400.38173245278017
"(106, 934.115758411202)",52.604154204249454,43.72799875292489,0.5359999211911254,97.8591840333765,402.82678885841614
"(107, 934.115758411202)",52.41365357491781,44.11119046597851,0.5406969284600455,99.80434542030613,405.26917597875666
"(108, 934.115758411202)",52.222508601140554,44.49631467445644,0.5454176234673624,101.77477291210377,407.7084240839469
"(109, 934.115758411202)",52.030752892594705,44.88334402466228,0.5501616709226584,103.77062736929237,410.14405911340083
"(110, 934.115758411202)",51.83842025351775,45.27225062647619,0.5549287289602514,105.7920672144493,412.5756033024202
"(111, 934.115758411202)",51.64554459578177,45.663006106563564,0.5597184497914117,107.83924842304988,415.00257580059696
"(112, 934.115758411202)",51.45215985359056,46.0555816613661,0.5645304803539039,109.91232452194016,417.42449328008695
"(113, 934.115758411202)",51.25829989995105,46.44994810971764,0.5693644629569315,112.011446595391,419.84087053200983
"(114, 934.115758411202)",51.063998465055036,46.846075944933986,0.5742200359196294,114.13676329875724,422.2512210492151
"(115, 934.115758411202)",50.86928905670822,47.24393538622059,0.5790968342011994,116.28842087969701,424.65505759368244
"(116, 934.115758411202)",50.67420488290399,47.64349642926397,0.5839944900210414,118.46656320690245,427.05189274706584
"(117, 934.115758411202)",50.47877877664839,48.044728895864495,0.5889126334671285,120.67133180630971,429.44123944277527
"(118, 934.115758411202)",50.2830431231175,48.447602482482196,0.5938508930910517,122.90286590470743,431.82261147821
"(119, 934.115758411202)",50.08702978920917,48.852086807574345,0.598808896488325,125.16130248069224,434.19552400587446
"(120, 934.115758411202)",49.89077005554542,49.25815145761502,0.6037862708623688,127.44677632288077,436.5594940019923
"(17, 934.1908717841359)",66.34287711174748,18.34251928487975,0.22483509814143113,4.881304598091773,205.15759174232352
"(18, 934.1908717841359)",66.23022691501913,18.500232384853007,0.226768280806252,5.208446855991445,206.63641108339084
"(19, 934.1908717841359)",66.11273900001319,18.66542543031168,0.22879314958306118,5.551570263129558,208.18490160410857
"(20, 934.1908717841359)",65.99091563723758,18.837604548558158,0.2309036507823578,5.910479557796045,209.79760326471447
"(21, 934.1908717841359)",65.86524037008617,19.01629111480553,0.23309391761729115,6.285001350210887,211.46920875626589
"(22, 934.1908717841359)",65.73617182747648,19.20102770089689,0.23535834312062998,6.6749823021359065,213.19463343939518
"(23, 934.1908717841359)",65.60413980299931,19.39138191434887,0.2376916272021888,7.0802873425915385,214.96906108921107
"(24, 934.1908717841359)",65.46954307902676,19.5869486116947,0.24008880377908376,7.500797978539724,216.78797092945288
"(25, 934.1908717841359)",65.3327485496748,19.78735089770686,0.24254525302378876,7.9364107348498285,218.64715063454722
"(26, 934.1908717841359)",65.19409127720995,19.99224024657094,0.24505670284943648,8.387035743813742,220.54269912764727
"(27, 934.1908717841359)",65.05387519341792,20.201296010272856,0.247619222883842,8.852595484385084,222.4710222119815
"(28, 934.1908717841359)",64.9123742253399,20.414224517547797,0.2502292134247656,9.333023681538284,224.4288233536021
"(29, 934.1908717841359)",64.76983368200372,20.630757914900304,0.2528833912336337,9.828264349039806,226.41309136723714
"(30, 934.1908717841359)",64.62647178505766,20.850652859402764,0.25557877351237945,10.338270973554575,228.42108626349537
"(31, 934.1908717841359)",64.48248126202424,21.073689140504033,0.2583126610101482,10.863005827039222,230.45032415491107
"(32, 934.1908717841359)",64.33803094870778,21.2996682829724,0.26108262089873613,11.402439395911097,232.49856182916625
"(33, 934.1908717841359)",64.1932673666714,21.52841216514467,0.2638864698356625,11.956549914447105,234.56378139336852
"(34, 934.1908717841359)",64.04831625602422,21.75976167339641,0.26672225747120987,12.52532298985884,236.64417524140347
"(35, 934.1908717841359)",63.90328405312838,21.99357540476064,0.2695882505456351,13.108751306624281,238.73813149336263
"(36, 934.1908717841359)",63.758259309071775,22.229728423548913,0.27248291764839316,13.706834398190425,240.8442199860469
"(37, 934.1908717841359)",63.61331404726892,22.468111074345007,0.2754049146682458,14.31957847431315,242.96117885325094
"(38, 934.1908717841359)",63.46850506341168,22.708627850661014,0.2783530709257242,14.94699629449707,245.0879016973966
"(39, 934.1908717841359)",63.32387516709572,22.951196318694564,0.2813263759810115,15.589107076634496,247.22342535693826
"(40, 934.1908717841359)",63.17945436901696,23.195746093848204,0.28432396708848606,16.245936433081,249.36691825043573
"(41, 934.1908717841359)",63.035261014810004,23.44221786831392,0.28734511727731427,16.917516326067584,251.5176692861414
"(42, 934.1908717841359)",62.89130286703039,23.690562487906046,0.29038922403559025,17.603885035845913,253.67507732268086
"(43, 934.1908717841359)",62.747578134866885,23.940740076810147,0.2934557985818955,18.30508713481005,255.8386411725207
"(44, 934.1908717841359)",62.604076462198755,24.192719206945988,0.29654445568366483,19.021173469570996,258.0079501083039
"(45, 934.1908717841359)",62.46077984433499,24.44647611661578,0.29965490407974166,19.752201126648576,260.1826749499969
"(46, 934.1908717841359)",62.31766352391389,24.701993967520792,0.30278693737315115,20.49823341255829,262.36255957691435
"(47, 934.1908717841359)",62.17469681601112,24.959262148983342,0.30594042550252354,21.25933981186528,264.5474130023467
"(48, 934.1908717841359)",62.03184389294616,25.218275622435634,0.3091153067071851,22.03559594179001,266.7371019128158
"(49, 934.1908717841359)",61.8890645191919,25.479034307124536,0.31231157999727605,22.82708349526673,268.93154369066946
"(50, 934.1908717841359)",61.746314738533606,25.74154250560268,0.3155292981117331,23.63389017263744,271.13069990379904
"(51, 934.1908717841359)",61.60354751433859,26.00580836781669,0.31876856094927125,24.456109601587137,273.33457024898706
"(52, 934.1908717841359)",61.46071332403636,26.27184339248937,0.32202950945652536,25.29384124525307,275.543186934156
"(53, 934.1908717841359)",61.31776070911574,26.539661964397578,0.32531231995620774,26.147190298672605,277.75660948333683
"(54, 934.1908717841359)",61.174636782148475,26.809280926058786,0.3286171988970127,27.016267573981974,279.9749199468791
"(55, 934.1908717841359)",61.0312876925033,27.0807191822688,0.3319443780061882,27.90118937494356,282.1982184985002
"(56, 934.1908717841359)",60.88765905254976,27.353997335875366,0.3352941098250175,28.802077361417822,284.42661940010106
"(57, 934.1908717841359)",60.743696326244944,27.629137353141324,0.3386666636069636,29.719058404584352,286.6602473146297
"(58, 934.1908717841359)",60.59934518210567,27.906162257007594,0.34206232155781646,30.652264433646792,288.8992339469551
"(59, 934.1908717841359)",60.45455181255469,28.18509584659526,0.3454813753974705,31.601832274890402,291.1437149928549
"(60, 934.1908717841359)",60.3092632216692,28.465962441285935,0.34892412322295474,32.5679034838592,293.3938273763082
"(61, 934.1908717841359)",60.16342748336609,28.74878664773898,0.35239086665263514,33.55062417148535,295.649706755507
"(62, 934.1908717841359)",60.016993971953156,29.033593148285497,0.35588190823242916,34.55014482493184,297.911485278923
"(63, 934.1908717841359)",59.86991356701003,29.32040650914671,0.35939754908502763,35.56662012389353,300.1792895729302
"(64, 934.1908717841359)",59.722138834410906,29.609251007031975,0.3629380867844046,36.60020875305931,302.45323894372996
"(65, 934.1908717841359)",59.57362418527802,29.900150472711747,0.3665038134383931,37.65107321139124,304.7334437768315
"(66, 934.1908717841359)",59.42432601451021,30.193128150266084,0.3700950139634193,38.719379618843774,307.0200041186049
"(67, 934.1908717841359)",59.27420282050138,30.4882065707536,0.37371196453598476,39.80529752108052,309.3130084249532
"(68, 934.1908717841359)",59.1232153074916,30.78540743916534,0.3773549312069901,40.908999692718396,311.6125324635823
"(69, 934.1908717841359)",58.97132647193621,31.084751533586363,0.38102416866569927,42.03066193960587,313.91863835702935
"(70, 934.1908717841359)",58.81850167417757,31.386258615569087,0.38471991914114406,43.17046290054747,316.2313737546402
"(71, 934.1908717841359)",58.66470869657952,31.68994735081584,0.3884424114298636,44.328583848906085,318.55077112269015
"(72, 934.1908717841359)",58.509917789208245,31.995835239333065,0.39219186003977924,45.50520849447678,320.87684714272643
"(73, 934.1908717841359)",58.35410170405011,32.303938554296,0.39596846444081596,46.700522785943306,323.20960220904817
"(74, 934.1908717841359)",58.19723571866462,32.61427228893367,0.3997724084138429,47.91471471428469,325.54902001708683
"(75, 934.1908717841359)",58.03929765009535,32.92685011080852,0.4036038594902504,49.14797411741245,327.89506723522646
"(76, 934.1908717841359)",57.880267859773944,33.24168432293152,0.40746296847531177,50.4004924863205,330.24769325338286
"(77, 934.1908717841359)",57.720129250100854,33.55878583120241,0.4113498690490875,51.672462773041,332.60683000221616
"(78, 934.1908717841359)",57.55886725332515,33.87816411771462,0.4152646774391985,52.96407920062132,334.97239183746154
"(79, 934.1908717841359)",57.39646981323144,34.1998272195453,0.41920749216084785,54.27553707542276,337.34427548476106
"(80, 934.1908717841359)",57.232927360213935,34.52378171262778,0.4231783938191394,55.60703260192861,339.72236004018356
"(81, 934.1908717841359)",57.06823278010735,34.850032700427874,0.42717744497026655,56.95876270030878,342.10650702298426
"(82, 934.1908717841359)",56.90238137726405,35.17858380710034,0.431204690037637,58.33092482699115,344.4965604766771
"(83, 934.1908717841359)",56.73537083220959,35.50943717489416,0.43526015528006196,59.72371679842713,346.89234711555235
"(84, 934.1908717841359)",56.567201154259365,35.84259346556104,0.43934384880902405,61.13733661828378,349.293676513616
"(85, 934.1908717841359)",56.39787462940009,36.17805186557297,0.44345576065262915,62.57198230829095,351.70034133348577
"(86, 934.1908717841359)",56.227395763758786,36.51581009495281,0.4475958628638504,64.02785174298386,354.1121175927691
"(87, 934.1908717841359)",56.05577122293414,36.85586441955534,0.45176410967106323,65.50514248848934,356.5287649659052
"(88, 934.1908717841359)",55.88300976746437,37.19820966664166,0.4559604376689475,67.00405164553905,358.95002711949115
"(89, 934.1908717841359)",55.70912218470143,37.54283924359827,0.46018476604794917,68.52477569722119,361.37563207889104
"(90, 934.1908717841359)",55.534121217337734,37.88974515966762,0.4644369968606266,70.06751036122954,363.80529262480525
"(91, 934.1908717841359)",55.35802148883213,38.23891805055935,0.4687170153233396,71.63245044716825,366.23870671780054
"(92, 934.1908717841359)",55.18083942598306,38.59034720581333,0.47302469015165055,73.21978971897293,368.6755579492182
"(93, 934.1908717841359)",55.00259317946649,38.94402059890737,0.4773598739293698,74.82972076270883,371.1155160181343
"(94, 934.1908717841359)",54.823302538532126,39.29992491916245,0.4817224034996391,76.46243485990635,373.5582372233708
"(95, 934.1908717841359)",54.642988852232925,39.65804560778991,0.48611210040678093,78.118121866665,376.0033649971631
"(96, 934.1908717841359)",54.461674937197095,40.01836689383836,0.49052877133692546,79.79697009871133,378.4505304317321
"(97, 934.1908717841359)",54.279384992415366,40.3808718340238,0.49497220860622915,81.49916622257892,380.89935284419346
"(98, 934.1908717841359)",54.09614450914824,40.745542353839035,0.4994421906647743,83.22489515311132,383.34944034979287
"(99, 934.1908717841359)",53.911980180227225,41.11235929063366,0.5039384826246325,84.97433995744534,385.80039045123465
"(100, 934.1908717841359)",53.726919808431106,41.48130243839649,0.5084608368087866,86.74768176563252,388.25179064085916
"(101, 934.1908717841359)",53.54099221416042,41.85235059410218,0.513008993319219,88.54509968806192,390.70321901392117
"(102, 934.1908717841359)",53.354227142658864,42.225481605465966,0.5175826806222896,90.36677073979762,393.1542448911091
"(103, 934.1908717841359)",53.16665517101336,42.600672419955266,0.5221816161494834,92.2128697720004,395.6044294483346
"(104, 934.1908717841359)",52.97830761516779,42.977899134898095,0.5268055069116238,94.08356941049468,398.05332635195873
"(105, 934.1908717841359)",52.789216437176094,43.35713704852846,0.5314540501245703,95.97904000163072,400.50048239745144
"(106, 934.1908717841359)",52.5994141529194,43.738360711804916,0.5361269338443769,97.8994495655014,402.94543814953283
"(107, 934.1908717841359)",52.408933740503876,44.12154398083527,0.540823837609916,99.84496375660144,405.3877285818479
"(108, 934.1908717841359)",52.21780854954347,44.50666006974487,0.5455444330908873,101.81574583198653,407.8268837141716
"(109, 934.1908717841359)",52.02607221153547,44.893681603815686,0.5502883847391966,103.81195662698221,410.2624292452119
"(110, 934.1908717841359)",51.8337585515028,45.28258067273963,0.5550553504417063,105.83375453847741,412.69388717910925
"(111, 934.1908717841359)",51.64090150110573,45.67332888380929,0.5598449821722195,107.88129551582023,415.1207764436195
"(112, 934.1908717841359)",51.44753501335342,46.065897414901436,0.564656926640944,109.95473305932377,417.5426134983306
"(113, 934.1908717841359)",51.25369297911151,46.4602570670756,0.569490825939209,112.05421822638347,419.9589129308338
"(114, 934.1908717841359)",51.05940914551069,46.85637831664978,0.574346318177799,114.17989964518111,422.3691880393456
"(115, 934.1908717841359)",50.864717036395234,47.25423136659811,0.5792230381169587,116.33192353594558,424.77295139999194
"(116, 934.1908717841359)",50.66964987493552,47.65378619712215,0.5841206177862802,118.51043373973978,427.1697154171134
"(117, 934.1908717841359)",50.47424050847303,48.05501261527253,0.58903868709294,120.71557175470424,429.5589928552323
"(118, 934.1908717841359)",50.27852133570714,48.45788030347853,0.5939768744165446,122.94747677972283,431.9402973510851
"(119, 934.1908717841359)",50.08252423627834,48.86235886686805,0.5989348071892261,125.20628576541422,434.3131439045523
"(120, 934.1908717841359)",49.886280502792545,49.26841787927404,0.6039121124594483,127.49213347238499,436.6770493471063
"(17, 934.2842278276436)",66.32272945779637,18.366173030715093,0.2251250360819984,4.902307850022306,205.428462650518
"(18, 934.2842278276436)",66.21054404558592,18.52351039094185,0.2270536130827109,5.229630367005724,206.90297920745138
"(19, 934.2842278276436)",66.09351981045467,18.688329521421245,0.22907389856265759,5.572942593734434,208.4471878403461
"(20, 934.2842278276436)",65.9721562483047,18.86013876279656,0.23117986596257023,5.932048704619684,210.0556538555184
"(21, 934.2842278276436)",65.84693461162273,19.038461295670107,0.23336567062533586,6.306774763214699,211.72309061845743
"(22, 934.2842278276436)",65.71831168295753,19.222841126723274,0.23562572317133576,6.696966908654286,213.44442992080727
"(23, 934.2842278276436)",65.5867158066639,19.412846970712668,0.23795473708252812,7.102489575799381,215.21486821728035
"(24, 934.2842278276436)",65.45254466270505,19.60807450808874,0.2403477563752506,7.52322380847202,217.02989416668558
"(25, 934.2842278276436)",65.31616433986999,19.808147427115532,0.24280016837418025,7.959065700579667,218.88530212531316
"(26, 934.2842278276436)",65.17790934538966,20.012717584809117,0.24530770568503088,8.40992498581006,220.77719540029986
"(27, 934.2842278276436)",65.03808326363821,20.221464551136727,0.2478664406075417,8.875723776318928,222.70198229108468
"(28, 934.2842278276436)",64.89695984403413,20.434094739408106,0.25047277447615335,9.35639546107029,224.65636723223014
"(29, 934.2842278276436)",64.75478435477142,20.650340274457083,0.2531234237866554,9.851883747313591,226.6373387902912
"(30, 934.2842278276436)",64.61177508527719,20.869957708455516,0.2558154044551604,10.362141843182913,228.64215577462292
"(31, 934.2842278276436)",64.46812491561496,21.092726662038967,0.2585460151615697,10.88713176855459,230.6683323645868
"(32, 934.2842278276436)",64.32400289905635,21.318448443203597,0.2613128204205736,11.426823782597065,232.71362286550223
"(33, 934.2842278276436)",64.17955582314384,21.546944678643033,0.26411363380515657,11.98119591561335,234.7760065027904
"(34, 934.2842278276436)",64.03490972914112,21.778055978778703,0.2669465015830531,12.55023359258104,236.85367251023254
"(35, 934.2842278276436)",63.89017137893509,22.011640648850126,0.26980968691785956,13.133929336004472,238.94500566646622
"(36, 934.2842278276436)",63.74542966488543,22.247573452235386,0.27270165471028834,13.732282536187105,241.04857236213533
"(37, 934.2842278276436)",63.60075696059861,22.485744428681986,0.2756210571125476,14.345299277231495,243.16310724020389
"(38, 934.2842278276436)",63.456210415555546,22.72605776699407,0.2785667197101995,14.972992209174754,245.28750041374857
"(39, 934.2842278276436)",63.31183319262176,22.968430731850557,0.28153762836750434,15.615380455408767,247.4207852683511
"(40, 934.2842278276436)",63.16765565212046,23.212792642591953,0.2845329167098693,16.272489547572366,249.56212683225513
"(41, 934.2842278276436)",63.0236964833395,23.4590839024494,0.2875518542244752,16.944351379869023,251.71081070465195
"(42, 934.2842278276436)",62.87996378483457,23.70725507650891,0.2905938349583577,17.631004176138887,253.8662325294041
"(43, 934.2842278276436)",62.736456092905655,23.957266017233913,0.29365836679944635,18.332492462987357,256.02788800736033
"(44, 934.2842278276436)",62.5931633689143,24.209085034248197,0.29674506130007905,19.04886705091846,258.19536340749266
"(45, 934.2842278276436)",62.45006791546489,24.462688113222427,0.2998536241024114,19.780184999111405,260.36832665673046
"(46, 934.2842278276436)",62.30714527208302,24.718058172918727,0.30298384583164206,20.526509594670824,262.5465188523947
"(47, 934.2842278276436)",62.164365040227615,24.97518436932389,0.3061355935662618,21.28791030989294,264.7297463357193
"(48, 934.2842278276436)",62.02169166813422,25.234061439959827,0.30930880280099243,22.064462756101324,266.91787322911676
"(49, 934.2842278276436)",61.87908518588949,25.494689089325615,0.31250346991369987,22.85624862601314,269.1108144557672
"(50, 934.2842278276436)",61.73650189280466,25.757071414093147,0.31571964511970435,23.663355624775377,271.30852922590526
"(51, 934.2842278276436)",61.59389499794686,26.0212163668705,0.31895742589882153,24.48587738929154,273.51101497648176
"(52, 934.2842278276436)",61.45121521491706,26.287135257241882,0.3222169508793172,25.323913395746168,275.71830174951447
"(53, 934.2842278276436)",61.308411312186344,26.554842288685723,0.3254983941616204,26.177568855531494,277.930446992896
"(54, 934.2842278276436)",61.16543062043803,26.824354129918152,0.32880196006402734,27.04695459996103,280.1475307666745
"(55, 934.2842278276436)",61.02221949862774,27.095689519079347,0.3321278782709968,27.932186954329758,282.3696513361221
"(56, 934.2842278276436)",60.87872376051948,27.36886889917267,0.33547639936450396,28.833387601987646,284.5969211326761
"(57, 934.2842278276436)",60.73488906361541,27.643914083094916,0.3388477907181142,29.750683439159896,286.8294630630164
"(58, 934.2842278276436)",60.590661262445416,27.920847946589227,0.3422423327333307,30.684206421312165,289.06740714637914
"(59, 934.2842278276436)",60.445986728235944,28.19969414744249,0.3456603153976263,31.634093401885025,291.31088746004605
"(60, 934.2842278276436)",60.30081263697263,28.48047686927409,0.34910203514391275,32.60048596417196,293.56003937331747
"(61, 934.2842278276436)",60.155087227870474,28.7632205882845,0.35256779199144594,33.583530247187156,295.8149970504382
"(62, 934.2842278276436)",60.00876003422896,29.047949861379067,0.35605788694872054,34.5833767662683,298.0758912035595
"(63, 934.2842278276436)",59.86178208857164,29.334689134145943,0.3595726196597703,35.60018022915229,300.34284707763914
"(64, 934.2842278276436)",59.71410610394903,29.623462567211153,0.3631122862756522,36.63409934824116,302.6159826495368
"(65, 934.2842278276436)",59.56568663312439,29.914293879597782,0.3666771775344528,37.68529664970498,304.895407025091
"(66, 934.2842278276436)",59.416480207372274,30.2072062077488,0.3702675770332261,38.75393828003282,307.1812190180674
"(67, 934.2842278276436)",59.26644545640458,30.50222197900766,0.37388375967717397,39.840193810612334,309.4735058966724
"(68, 934.2842278276436)",59.115543210948694,30.799362798379246,0.3775259902916078,40.94423604084232,311.7723422836189
"(69, 934.2842278276436)",58.96373658933105,31.098649347509593,0.3811945223836841,42.06624080029072,314.0777891970769
"(70, 934.2842278276436)",58.810991069346365,31.40010129489149,0.38488959704174397,43.20638675032378,316.3898932207149
"(71, 934.2842278276436)",58.65727454657637,31.70373721638954,0.3886114419611356,44.364855185612946,318.7086857920338
"(72, 934.2842278276436)",58.50255738026179,32.00957452523818,0.39236027058616574,45.541829835925796,321.0341825989153
"(73, 934.2842278276436)",58.34681242768597,32.31762941076647,0.3961362813590037,46.73749666852324,323.3663830754877
"(74, 934.2842278276436)",58.19001506798529,32.62791678515118,0.39993965706701395,47.95204369149384,325.70526998901386
"(75, 934.2842278276436)",58.032143216224256,32.94045023756479,0.40377056428071517,49.18566075834336,328.05080911019655
"(76, 934.2842278276436)",57.87317732843721,33.25524199517507,0.40762915287572643,50.438539374104984,330.4029489604295
"(77, 934.2842278276436)",57.71310039835284,33.57230289047038,0.41151555563226067,51.71087250324151,332.76162062970883
"(78, 934.2842278276436)",57.55189794639368,33.891642334464436,0.41542988790667396,53.00285437961801,335.1267376597934
"(79, 934.2842278276436)",57.38955800150196,34.21326829537917,0.4193722473701683,54.314680318749254,337.498195987832
"(80, 934.2842278276436)",57.22607107631324,34.53718728243273,0.42334271381008154,55.64654653260329,339.87587394590787
"(81, 934.2842278276436)",57.06143013610327,34.86340433442544,0.4273413489899628,56.998649947157695,342.25963231275324
"(82, 934.2842278276436)",56.89563056196852,35.19192301281472,0.4313681965647014,58.37118802294962,344.6493144139056
"(83, 934.2842278276436)",56.72867010857441,35.52274539904647,0.43542328204781455,59.76435857884478,347.0447462673759
"(84, 934.2842278276436)",56.56054885686185,35.85587209589367,0.43950661282784076,61.17835961923833,349.445736771764
"(85, 934.2842278276436)",56.391269162020194,36.19130223260453,0.44361817823146216,62.61338916489246,351.85207793439514
"(86, 934.2842278276436)",56.22083559702639,36.52903347367718,0.4477579496310533,64.06964508770369,354.2635451370339
"(87, 934.2842278276436)",56.04925489205519,36.869062031082066,0.45192588059449695,65.54732494949408,356.6798974370634
"(88, 934.2842278276436)",55.8765358700188,37.21138267978312,0.4561219070754394,67.04662584504825,359.1008779022009
"(89, 934.2842278276436)",55.702689378503,37.555988776410516,0.4603459476421643,68.56774424987702,361.5262139765673
"(90, 934.2842278276436)",55.52772821835795,37.90287228094466,0.4645979037434145,70.11087587250543,363.95561787675246
"(91, 934.2842278276436)",55.35166706917685,38.25202378128986,0.4688776600095603,71.67621551179296,366.3887870158715
"(92, 934.2842278276436)",55.174522411933445,38.60343252059356,0.4731850845875044,73.26395691939447,368.8254044540003
"(93, 934.2842278276436)",54.996312449563355,38.95708642732375,0.47752002950934547,74.8742926675841,371.2651393747883
"(94, 934.2842278276436)",54.81705702171035,39.31297214713912,0.48188233108303274,76.5074140226378,373.70764757705837
"(95, 934.2842278276436)",54.63677752600187,39.671075078910235,0.4862718103338942,78.16351082397131,376.15257200818144
"(96, 934.2842278276436)",54.45549682586773,40.03137941063381,0.4906882734448597,79.84277136923907,378.5995432902713
"(97, 934.2842278276436)",54.27323916536615,40.393868159240526,0.4951315122444144,81.5453823055648,381.0481802848413
"(98, 934.2842278276436)",54.0900300791282,40.758523211681926,0.4996013047102197,83.2715285270862,383.4980906657847
"(99, 934.2842278276436)",53.90589630170601,41.1253253679842,0.5040974154968494,85.02139307898896,385.94887150839577
"(100, 934.2842278276436)",53.720865675975936,41.494254386015044,0.5086195964845274,86.79515706818563,388.40010989136874
"(101, 934.2842278276436)",53.53496706085835,41.86528902780616,0.5131675873469234,88.59299958077801,390.85138350981714
"(102, 934.2842278276436)",53.34823023856674,42.238407107293675,0.5177411161363444,90.41509760646495,393.302261297602
"(103, 934.2842278276436)",53.160685821647874,42.613585539309256,0.5223398998842412,92.2616259700075,395.7523040569095
"(104, 934.2842278276436)",52.972365160024886,42.990800389673815,0.5269636452152339,94.13275726985923,398.2010650932958
"(105, 934.2842278276436)",52.7833002482868,43.37002692622547,0.5316120489726026,96.02866182408823,400.64809085415123
"(106, 934.2842278276436)",52.59352363343755,43.75123967062239,0.5362847988532526,97.94950762364674,403.0929215686675
"(107, 934.2842278276436)",52.403068323328135,44.13441245075162,0.5409815740501308,99.89546029309646,405.53509188731323
"(108, 934.2842278276436)",52.2119676959712,44.519518453581725,0.545702045900065,101.86668305882709,407.9741315188804
"(109, 934.2842278276436)",52.020255409951254,44.90653027828589,0.550445878534931,103.863336724824,410.4095658630929
"(110, 934.2842278276436)",51.827965316097696,45.29541998948044,0.5552127295342197,105.88557965602264,412.84091663693414
"(111, 934.2842278276436)",51.63513137062966,45.68615917039925,0.5600022505768398,107.93356776926566,415.26770249265974
"(112, 934.2842278276436)",51.441787549905946,46.078718975859154,0.564814088090333,110.00745453187318,417.6894396257782
"(113, 934.2842278276436)",51.247967766961644,46.47307018484351,0.5696478838954318,112.10739096781518,420.1056423710794
"(114, 934.2842278276436)",51.05370578995052,46.869183252561086,0.5745032758441699,114.23352567147528,422.51582378504673
"(115, 934.2842278276436)",50.85903516263177,47.26702836182396,0.5793798984496557,116.38600482897515,424.91949621291997
"(116, 934.2842278276436)",50.66398912700907,47.666575473604595,0.5842773835057773,118.56497224701364,427.3161718388375
"(117, 934.2842278276436)",50.46860054822131,48.06779437663328,0.5891953606951491,120.77056938917076,429.70536321752655
"(118, 934.2842278276436)",50.272901841753644,48.470654735913435,0.5941334581837918,123.00293541962698,432.08658378618446
"(119, 934.2842278276436)",50.07692490306145,48.87512614001942,0.5990913032009243,125.26220725420859,434.45934835512367
"(120, 934.2842278276436)",49.88070103962594,49.28117814708579,0.6040685226025256,127.54851961869863,436.8231735759875
"(17, 934.3954724102753)",66.29878551682286,18.394318317327528,0.22547002949208972,4.927370985063148,205.75080373655672
"(18, 934.3954724102753)",66.1871498471036,18.551210919191895,0.22739315482672712,5.254907742189579,207.220226584993
"(19, 934.3954724102753)",66.07067423556157,18.715587304711658,0.22940801332007066,5.598444412524123,208.75936456838602
"(20, 934.3954724102753)",65.94985488579852,18.886958443549595,0.23150861063829234,5.95778450185193,210.3628131025617
"(21, 934.3954724102753)",65.82517032717777,19.06484966460724,0.2336891284572358,6.332753425005379,212.02531015693899
"(22, 934.3954724102753)",65.6970751430709,19.248806685540256,0.23594399836975488,6.723196700491476,213.74180711858486
"(23, 934.3954724102753)",65.56599594755066,19.438399544819994,0.23826795008331764,7.128978175984309,215.50751560234517
"(24, 934.3954724102753)",65.43232910032138,19.633224911257013,0.24065603972917923,7.549978344646913,217.3179355864855
"(25, 934.3954724102753)",65.29643972173407,19.832907176433974,0.2431036632530201,7.9860927877350125,219.16886948223916
"(26, 934.3954724102753)",65.15866164735397,20.03709866248737,0.24560655896180725,8.43723076452148,221.0564259236585
"(27, 934.3954724102753)",65.01929803648751,20.24547920849394,0.24816080245390823,8.903313950414967,222.9770162922176
"(28, 934.3954724102753)",64.8786224154058,20.4577553380286,0.2507627964153578,9.384275334119684,224.92734628533026
"(29, 934.3954724102753)",64.73687999217687,20.673659159421323,0.2534092571396445,9.880058257597494,226.90440428053753
"(30, 934.3954724102753)",64.59428912573146,20.892947108866338,0.25609719912127593,10.390615596944704,228.9054477589283
"(31, 934.3954724102753)",64.4510428670792,21.115398614417554,0.25882391867956495,10.915909071394804,230.92798869427594
"(32, 934.3954724102753)",64.3073105182909,21.340814733866836,0.26158697726229835,11.455908669008355,232.9697785263728
"(33, 934.3954724102753)",64.16323917414809,21.569016801594422,0.264384184859397,12.010592176663199,235.02879313283862
"(34, 934.3954724102753)",64.01895522567034,21.799845106208224,0.2672135837939508,12.579944801776945,237.1032180618144
"(35, 934.3954724102753)",63.87456581418953,22.03315761171387,0.27007343304683834,13.163958873398968,239.19143418386636
"(36, 934.3954724102753)",63.73016023089116,22.268828728846184,0.27296219319622533,13.7626336108249,241.29200385090687
"(37, 934.3954724102753)",63.58581125945952,22.506748139552094,0.275878512008544,14.375974947973834,243.40365760809345
"(38, 934.3954724102753)",63.44157646431054,22.746819674524122,0.27882121067976234,15.003995403985547,245.52528146713587
"(39, 934.3954724102753)",63.297499423179765,22.988960243685465,0.28178927072570986,15.646713989196071,247.65590475070053
"(40, 934.3954724102753)",63.15361090742477,23.233098817723498,0.2847818214981178,16.30415613862692,249.79468849396557
"(41, 934.3954724102753)",63.0099300107419,23.4791754592914,0.2877981283095244,16.97635366498112,251.94091439558994
"(42, 934.3954724102753)",62.86646522737772,23.72714040238626,0.2908375811486022,17.6633447244655,254.0939743075444
"(43, 934.3954724102753)",62.723215479192355,23.976953178768387,0.2938996839722406,18.365173788718227,256.2533602577541
"(44, 934.3954724102753)",62.580171101953034,24.228581788335216,0.29698404453626454,19.08189162482624,258.41865496795094
"(45, 934.3954724102753)",62.43731476089415,24.48200191827156,0.3000903648241388,19.81355525901299,260.58952294661
"(46, 934.3954724102753)",62.29462234607825,24.73719620017099,0.3032184319410349,20.5602279548972,262.76570200214906
"(47, 934.3954724102753)",62.15206379725442,24.99415351408663,0.3063681095831857,21.32197916979872,264.9469953156251
"(48, 934.3954724102753)",62.00960388874698,25.252868332637725,0.3095393299982303,22.098884507685543,267.1332639755709
"(49, 934.3954724102753)",61.86720296468637,25.51334010616549,0.3127320864486712,22.891025660699047,269.3244199943581
"(50, 934.3954724102753)",61.72481762660422,25.77557268759932,0.31594642616214513,23.69849033940498,271.5204197907108
"(51, 934.3954724102753)",61.58240137428258,26.039573795835757,0.31918244375372545,24.521372191392114,273.72125812493624
"(52, 934.3954724102753)",61.43990520086701,26.30535451638544,0.3224402751050703,25.359770708111675,275.9269624727896
"(53, 934.3954724102753)",61.29727814356636,26.572928837887417,0.3257200916831901,26.21379112017885,278.1375878216537
"(54, 934.3954724102753)",61.15446779138829,26.84231322303926,0.32902209528109766,27.083544281495044,280.3532118721048
"(55, 934.3954724102753)",61.01142075157591,27.11352621238851,0.33234651316124064,27.96914654277346,282.5739306264318
"(56, 934.3954724102753)",60.868083076545155,27.386588059371707,0.33569359358196404,28.870719615108587,284.79985434501367
"(57, 934.3954724102753)",60.72440065320032,27.66152039496345,0.3390636016869025,29.788390424345245,287.0311038510174
"(58, 934.3954724102753)",60.58031955646817,27.938345920267672,0.34245681573956605,30.72229095702676,289.2678071660636
"(59, 934.3954724102753)",60.43578637000343,28.217088125331298,0.34587352366334817,31.672558098732253,291.5100964388884
"(60, 934.3954724102753)",60.29074847328228,28.497771032653677,0.3493140199242118,32.63933346562668,293.7581052009895
"(61, 934.3954724102753)",60.14515430174857,28.780418963553963,0.35277860264027605,33.6227632299944,296.0119658403031
"(62, 934.3954724102753)",59.99895357733923,29.06505632601768,0.35626757099463774,34.62299794055396,298.2718073634419
"(63, 934.3954724102753)",59.85209751408684,29.351707422373206,0.3597812228753022,35.640192338280265,300.53775337463424
"(64, 934.3954724102753)",59.70453899971486,29.640396275377963,0.36331985274340106,36.67450516842437,302.8099202717775
"(65, 934.3954724102753)",59.55623275514498,29.93114647130292,0.36688374970979504,37.726098989411575,305.0884156403256
"(66, 934.3954724102753)",59.4071354735525,30.223981018719662,0.3704731958041456,38.795139979192,307.373336829567
"(67, 934.3954724102753)",59.257205940582224,30.518922221736037,0.3740884644210791,39.88179773964876,309.6647696963199
"(68, 934.3954724102753)",59.10640513717862,30.815991566536887,0.3777298189294628,40.98624509956242,311.9627875024807
"(69, 934.3954724102753)",58.95469632641869,31.115209620151735,0.3813975114315313,42.10865791662428,314.2674499535447
"(70, 934.3954724102753)",58.802045125615145,31.416595940461104,0.38509178165978125,43.24921487893984,316.578802366366
"(71, 934.3954724102753)",58.64841956485825,31.72016899653308,0.3888128560004977,44.40809730644584,318.8968749553276
"(72, 934.3954724102753)",58.49379013310259,32.025946098442155,0.3925609466334877,45.5854889525775,321.22168222684513
"(73, 934.3954724102753)",58.33812981274481,32.3339433358292,0.3963362507789942,46.781575806604316,323.55322247335124
"(74, 934.3954724102753)",58.18141410364467,32.644175524486975,0.40013895004293915,47.99654589688652,325.8914773582371
"(75, 934.3954724102753)",58.023621037357,32.95665616037029,0.4039692098532154,49.23058909539456,328.23641158460623
"(76, 934.3954724102753)",57.864731182361815,33.27139738044647,0.4078271789798072,50.48389692377009,330.58797264081676
"(77, 934.3954724102753)",57.70472764094811,33.58840992989009,0.41171298913266824,51.756662361191744,332.9460906168743
"(78, 934.3954724102753)",57.54359603836246,33.90770313516507,0.41562675463177534,53.04907965429608,335.3106780862112
"(79, 934.3954724102753)",57.38132450478601,34.22928488258765,0.4195685721443717,54.36134412941196,337.6816300479329
"(80, 934.3954724102753)",57.21790365063454,34.55316160200996,0.4235385204849513,55.6936520073249,340.0588239251602
"(81, 934.3954724102753)",57.05332653564633,34.87933825529709,0.42753666047402356,57.04620022083147,342.4421196155052
"(82, 934.3954724102753)",56.88758863217444,35.20781832931067,0.43156303485211933,58.41918623527667,344.8313595901815
"(83, 934.3954724102753)",56.720687783053116,35.53860383314897,0.4356176682459376,59.812807872313606,347.2263690386119
"(84, 934.3954724102753)",56.55262415440527,35.871695299404415,0.4397005671837822,61.22726313711022,349.6269560556459
"(85, 934.3954724102753)",56.38340018372294,36.20709178923107,0.4438117201576617,62.662750049197534,352.03291186873764
"(86, 934.3954724102753)",56.213020523494265,36.544790901050206,0.44795109773000574,64.11946647724106,354.444011102889
"(87, 934.3954724102753)",56.04149198070457,36.884788782704405,0.452118652682645,65.5976099778546,356.86001208104267
"(88, 934.3954724102753)",55.868823452459324,37.22708014691669,0.45631432020630325,67.09737763865228,359.2806571580901
"(89, 934.3954724102753)",55.69502585799647,37.57165828990655,0.46053801812877915,68.6189659260504,361.7056730862821
"(90, 934.3954724102753)",55.52011206734896,37.918515113022245,0.46478964718011345,70.16257053756676,364.1347714107005
"(91, 934.3954724102753)",55.34409682689468,38.26764114726325,0.4690690912931687,71.72838625918673,366.5676488927522
"(92, 934.3954724102753)",55.166996682057096,38.61902558055603,0.4733762179379745,73.31660682786311,369.00398796008005
"(93, 934.3954724102753)",54.98882989794601,38.972656287790834,0.47771087848989163,74.92742479937213,371.44345718271774
"(94, 934.3954724102753)",54.809616374159035,39.32851986265239,0.48207290861979346,76.56103142174393,373.88571176424347
"(95, 934.3954724102753)",54.629377566123395,39.68660165360461,0.4864621287351445,78.21761651444838,376.33039407473507
"(96, 934.3954724102753)",54.44813639295029,40.04688579977559,0.4908783444198652,79.89736835354601,378.7771341766278
"(97, 934.3954724102753)",54.26591715232021,40.409355270732895,0.49532134692187857,81.60047356297228,381.2255503889903
"(98, 934.3954724102753)",54.082745430474844,40.773991907541635,0.4997909136563923,83.32711701213317,383.67524986019464
"(99, 934.3954724102753)",53.89864801160312,41.140776465796456,0.5042868087333546,85.07748172000612,386.1258291566669
"(100, 934.3954724102753)",53.71365278629997,41.5096886603578,0.5088087835058237,86.85174876586638,388.5768748645552
"(101, 934.3954724102753)",53.52778865931599,41.8807072116582,0.5133565771375671,88.6500972068324,391.02796420254646
"(102, 934.3954724102753)",53.34108545685951,42.25380989341522,0.5179299171879077,90.47270400232023,393.47866564388954
"(103, 934.3954724102753)",53.15357383367009,42.62897358160568,0.5225285202120267,92.31974394558812,395.9285395457706
"(104, 934.3954724102753)",52.96528518010601,43.00617430453723,0.5271520923747255,94.19138960242731,398.37713878411944
"(105, 934.3954724102753)",52.77625152947093,43.38538729385824,0.531800330075682,96.08781125715265,400.82400939185453
"(106, 934.3954724102753)",52.586505465804336,43.766587036340844,0.536472920584185,98.00917686595578,403.2686911986239
"(107, 934.3954724102753)",52.39608003235013,44.14974732627244,0.5411695426813282,99.95565201768513,405.7107184700872
"(108, 934.3954724102753)",52.205008640917,44.53484131828645,0.5458898673075941,101.92739990214659,408.14962054471533
"(109, 934.3954724102753)",52.01332498231605,44.92184158047277,0.5506335582138443,103.9245812859415,410.58492246623433
"(110, 934.3954724102753)",51.82106293808867,45.31072014758967,0.5554002726135887,105.94735449589079,413.01614560967903
"(111, 934.3954724102753)",51.628256493676105,45.70144857422677,0.5601896618346215,107.99587541007024,415.4428082992432
"(112, 934.3954724102753)",51.434939653221164,46.09399798774473,0.5650013719679423,110.0702974564476,417.8644264159915
"(113, 934.3954724102753)",51.24114635613553,46.488339140843884,0.5698350445121135,112.17077161912988,420.28051399369673
"(114, 934.3954724102753)",51.04691039558807,46.88444246359972,0.5746903170110977,114.29744645219654,422.69058380099904
"(115, 934.3954724102753)",50.85226533903264,47.28227811481979,0.5795668236837624,116.45046810109352,425.0941479082184
"(116, 934.3954724102753)",50.65724445088409,47.68181603258097,0.5844641960433553,118.62998033154331,427.4907182372794
"(117, 934.3954724102753)",50.46188061745162,48.08302598380408,0.5893820635051576,120.83612456591693,429.87980709312774
"(118, 934.3954724102753)",50.26620627419284,48.485877612745725,0.5943200539808687,123.06903992701486,432.26092767533925
"(119, 934.3954724102753)",50.070253335375725,48.89034048827364,0.5992777944581567,125.32886328918083,434.63359456853635
"(120, 934.3954724102753)",49.874053126179255,49.296384149828945,0.6042549115639315,127.6157293366759,436.99732421033303
"(17, 934.5241835432247)",66.27116879769014,18.42682760385065,0.22586851502793143,4.956417140509675,206.12317245408852
"(18, 934.5241835432247)",66.16016368530543,18.583209612374688,0.22778538171826904,5.284201021937751,207.58674685140943
"(19, 934.5241835432247)",66.04431759825422,18.747077520179534,0.2297940074997862,5.627996625353737,209.12006061650962
"(20, 934.5241835432247)",65.9241229463338,18.91794532870478,0.23188843520092556,5.98760668739252,210.7177438918684
"(21, 934.5241835432247)",65.80005512896626,19.095340843171638,0.23406287685125363,6.362855875960296,212.37456301123584
"(22, 934.5241835432247)",65.67256617553555,19.27881176704454,0.23631178838486042,6.7535889944200775,214.0854921075809
"(23, 934.5241835432247)",65.54208069775493,19.46792967424267,0.23862991833008185,7.159669213303134,215.845760383103
"(24, 934.5241835432247)",65.40899351931282,19.662292385644015,0.24101233693978394,7.580976390352767,217.65088101214337
"(25, 934.5241835432247)",65.27366862852803,19.86152511715206,0.24345445026379006,8.017405514883,219.49666584784998
"(26, 934.5241835432247)",65.13643907032396,20.06528074085185,0.2459520033501519,8.468865298064612,221.37922982355656
"(27, 934.5241835432247)",64.997607497513,20.273239419612175,0.24850107576610989,8.935276910451703,223.29498802948515
"(28, 934.5241835432247)",64.85744716298376,20.48510781717138,0.25109807191579053,9.416572877839068,225.240647768543
"(29, 934.5241835432247)",64.71620318996763,20.700618035192957,0.2537397080109648,9.912696119537351,227.21319734190573
"(30, 934.5241835432247)",64.57409400284227,20.91952638770413,0.25642299704866955,10.42359912727061,229.209892831344
"(31, 934.5241835432247)",64.43131283594333,21.141612091414352,0.2591452327576147,10.949243272113646,231.22824378981514
"(32, 934.5241835432247)",64.28802926543987,21.366675925439967,0.26190397316973246,11.48959822803859,233.26599846513227
"(33, 934.5241835432247)",64.14439072859324,21.594538896069956,0.26469702425332386,12.044641499779262,235.32112897687938
"(34, 934.5241835432247)",64.00052400892598,21.825040928965336,0.26752242388261666,12.614358042496226,237.39181671591058
"(35, 934.5241835432247)",63.85653667545679,22.05803960200254,0.2703784263054857,13.198739960839035,239.47643812999692
"(36, 934.5241835432247)",63.712518470340605,22.293408925876413,0.2732634871965729,13.797786275651221,241.57355098890048
"(37, 934.5241835432247)",63.56854264203473,22.531038175875967,0.27617624933764334,14.411502746481109,243.68188117981006
"(38, 934.5241835432247)",63.42466722613089,22.770830775041397,0.2791155289278398,15.039901740418467,245.80031004510633
"(39, 934.5241835432247)",63.280936272190786,23.012703228943717,0.2820803025266218,15.683002136391108,247.927862275926
"(40, 934.5241835432247)",63.13738101965667,23.25658411042721,0.2850696946091058,16.34082925704339,250.06369435044763
"(41, 934.5241835432247)",62.9940210232569,23.50241309315702,0.2880829657197847,17.013414820207906,252.2070835117847
"(42, 934.5241835432247)",62.850865228800785,23.750140032644214,0.2911195012079978,17.700796903277038,254.35741727663793
"(43, 934.5241835432247)",62.70791299849298,23.999724093781005,0.2941788005337238,18.40301991374803,256.51418347075537
"(44, 934.5241835432247)",62.56515509607671,24.25113292189063,0.29726046710655113,19.12013456795936,258.6769607544679
"(45, 934.5241835432247)",62.42257460156533,24.504341862257,0.30036419871905523,19.85219785348329,260.8454097200567
"(46, 934.5241835432247)",62.28014780623144,24.75933321734384,0.303489778442097,20.599273006290588,263.0192644060243
"(47, 934.5241835432247)",62.13784503724643,25.01609555078751,0.30663706609338276,21.361429465901328,265.19832436910707
"(48, 934.5241835432247)",61.99563144258482,25.274623031292087,0.3098059901952872,22.138742827324666,267.3824472167264
"(49, 934.5241835432247)",61.85346772638813,25.534914817490172,0.3129965404346641,22.93129478160548,269.5715416199529
"(50, 934.5241835432247)",61.71131083683222,25.796974482425693,0.3162087606084405,23.739173045165337,271.76556079165255
"(51, 934.5241835432247)",61.56911460726907,26.060809476535493,0.319442742041004,24.56247127756092,273.9644964171173
"(52, 934.5241835432247)",61.42683035173668,26.3264306278413,0.32269861745783224,25.40128898752652,276.16837302278157
"(53, 934.5241835432247)",61.2844074160405,26.593851678023995,0.3259765552988173,26.2557314275561,278.377242767304
"(54, 934.5241835432247)",61.14179368592634,26.863088852889696,0.32927675445325316,27.125909477334453,280.59118063785485
"(55, 934.5241835432247)",60.99893605395118,27.13416046570795,0.33259943939772,28.011939516646166,282.8102800334424
"(56, 934.5241835432247)",60.85578084685549,27.407086551809,0.3359448557170799,28.913943288368785,285.0346487161817
"(57, 934.5241835432247)",60.712274215303225,27.681888532804443,0.33931326598869854,29.83204775230814,287.2644051111654
"(58, 934.5241835432247)",60.5683624879909,27.958588908749288,0.3427049460090453,30.766384930661104,289.4996749346668
"(59, 934.5241835432247)",60.42399249209183,28.237210976591747,0.34612018134258254,31.717091745920413,291.7405881310894
"(60, 934.5241835432247)",60.27911184209396,28.517778573235137,0.34955926417230626,32.684309851999245,293.98727609859566
"(61, 934.5241835432247)",60.13366919900592,28.80031584159992,0.3530224904322768,33.6681854594135,296.2398691842058
"(62, 934.5241835432247)",59.98761450192296,29.0848470180942,0.3565101572024645,34.668869155257745,298.4984944292421
"(63, 934.5241835432247)",59.84089917386758,29.37139623996115,0.3600225603473241,35.686515718714354,300.76327354701004
"(64, 934.5241835432247)",59.69347630373172,29.659987371052193,0.36355999238017545,36.72128393281151,303.03432111525296
"(65, 934.5241835432247)",59.54530080612408,29.95064384460979,0.3671227405361301,37.773336393064135,305.31174296661396
"(66, 934.5241835432247)",59.396329560745855,30.24338852177282,0.3707110850376727,38.84283931360715,307.59563476164686
"(67, 934.5241835432247)",59.246521532913796,30.53824356454328,0.37432529753755794,39.92996233140001,309.886080729461
"(68, 934.5241835432247)",59.09583787668913,30.835230322070323,0.3779656397249219,41.0348783090128,312.18315256231244
"(69, 934.5241835432247)",58.94424202198631,31.134369229179363,0.38163236208150103,42.157763136483865,314.48690845140317
"(70, 934.5241835432247)",58.79169974694677,31.43567971614927,0.3853257027756932,43.298795532672294,316.79739225200166
"(71, 934.5241835432247)",58.63817923674115,31.739180128829716,0.389045886683432,44.45815684655407,319.1146327671301
"(72, 934.5241835432247)",58.48365112988687,32.04488765826289,0.39279312452547305,45.63603085878276,321.4386431397771
"(73, 934.5241835432247)",58.32808855307226,32.35281827904274,0.39656761211185604,46.832603583922854,323.76942034459563
"(74, 934.5241835432247)",58.17146714540793,32.66298669571262,0.400369529684864,48.04806307361853,326.1069447707138
"(75, 934.5241835432247)",58.01376507272664,32.97540629667503,0.40419904135404455,49.28259922104752,328.4511798892951
"(76, 934.5241835432247)",57.85496303331943,33.29008911472439,0.40805629461248183,50.53640356692102,330.80207199548215
"(77, 934.5241835432247)",57.695044254687375,33.60704579425006,0.41194141993474526,51.80966910728689,333.15955002486766
"(78, 934.5241835432247)",57.53399448302259,33.92628556409727,0.41585453044423654,53.10259010342183,335.52352543272934
"(79, 934.5241835432247)",57.37180196532203,34.24781621600983,0.41979572164897033,54.41536189401982,337.893892134923
"(80, 934.5241835432247)",57.20845742484529,34.57164408818807,0.4237650712400121,55.74818070994105,340.2705265047677
"(81, 934.5241835432247)",57.043954030346534,34.897774053649535,0.4277626389488185,57.101243491739226,342.6532874222006
"(82, 934.5241835432247)",56.87828735950461,35.22620951310337,0.4317884664598915,58.47474771019112,345.0420163716201
"(83, 934.5241835432247)",56.711455356919494,35.55695239208737,0.43584257737568194,59.86889119005425,347.4365375853297
"(84, 934.5241835432247)",56.543458287048765,35.890003142126815,0.43992497723080526,61.28387193727394,349.83665822961603
"(85, 934.5241835432247)",56.374298682391675,36.22536074571857,0.44403565355312424,62.719887969837266,352.24216863097837
"(86, 934.5241835432247)",56.203981287233646,36.563022724949036,0.4481745759693859,64.17713715256023,354.6528425400611
"(87, 934.5241835432247)",56.03251299724032,36.902985153575635,0.4523416963533164,65.65581703592008,357.06843743122016
"(88, 934.5241835432247)",55.85990279517934,37.24524267241315,0.4565369490142069,67.15612469913493,359.48869483568154
"(89, 934.5241835432247)",55.686161683026036,37.589788507880904,0.4607602509243018,68.67825659798655,361.9133407062179
"(90, 934.5241835432247)",55.511302610697186,37.93661449358242,0.4650115019832267,70.22240841716436,364.3420858119192
"(91, 934.5241835432247)",55.335340401695305,38.285711094762156,0.4692905853178606,71.7887749276631,366.7746261610326
"(92, 934.5241835432247)",55.158291675865534,38.63706743553956,0.4735973676160997,73.37754984932451,369.2106434503315
"(93, 934.5241835432247)",54.980174770124975,38.99067132888858,0.47793169949437697,74.98892571874808,371.6498055406604
"(94, 934.5241835432247)",54.80100965331202,39.34650930843187,0.4822934158873358,76.62309376276421,374.0917669476212
"(95, 934.5241835432247)",54.62081784760628,39.704566664381574,0.48668233648842163,78.28024377768433,376.53616937406684
"(96, 934.5241835432247)",54.43962233643141,40.0648274793877,0.49109826618926616,79.96056401449914,378.9826422355181
"(97, 934.5241835432247)",54.257447479401335,40.42727466827905,0.4955409955668327,81.6642410702303,381.4308032240607
"(98, 934.5241835432247)",54.07431892236761,40.791890019088704,0.5000103013862737,83.39145978559412,383.8802588806149
"(99, 934.5241835432247)",53.890263506854424,41.15865423605667,0.5045059471280628,85.14240314916657,386.33060518338766
"(100, 934.5241835432247)",53.70530917857118,41.52754698433781,0.5090276835359847,86.9172522081803,388.7814281491848
"(101, 934.5241835432247)",53.519484895210375,41.89854693628144,0.5135752491844215,88.71618598614216,391.2323044459375
"(102, 934.5241835432247)",53.33282053379578,42.27163181912053,0.5181483710629065,90.53938140736786,393.6828020144466
"(103, 934.5241835432247)",53.14534679780482,42.646778463921024,0.5227467651761247,92.38701322859374,396.132480697486
"(104, 934.5241835432247)",52.9570951243018,43.02396285563102,0.5273701371573873,94.25925397775835,398.5808928743275
"(105, 934.5241835432247)",52.76809759131143,43.40316018406749,0.5320181828936299,96.15627390007005,401.0275840987494
"(106, 934.5241835432247)",52.57838682565238,43.78434489567921,0.5366905891598656,98.07824091143222,403.47209373852337
"(107, 934.5241835432247)",52.38799591145455,44.16749074591458,0.5413870342611192,100.02532055932137,405.91395561443886
"(108, 934.5241835432247)",52.19695829955903,44.55257085203396,0.5461071886797665,101.99767599115786,408.3526986368867
"(109, 934.5241835432247)",52.00530771800703,44.93955774619573,0.5508507157262426,103.99546793023542,410.7878474380324
"(110, 934.5241835432247)",51.81307808381121,45.32842342864759,0.555617272191033,106.0188546592309,413.2189229976079
"(111, 934.5241835432247)",51.620303416168554,45.71913942086839,0.560406508996077,108.06799201131366,415.6454432605541
"(112, 934.5241835432247)",51.42701775131041,46.111676818484575,0.5652180718433891,110.14303336887414,418.0669237444448
"(113, 934.5241835432247)",51.23325505911739,46.50600634381493,0.5700516018591276,112.24412966985233,420.48287813505624
"(114, 934.5241835432247)",51.03904916165038,46.902098397884664,0.5749067362311666,114.37142942165343,422.89281886827763
"(115, 934.5241835432247)",50.84443365372726,47.299923111756925,0.5797831088382964,116.52507872261998,425.2962576966416
"(116, 934.5241835432247)",50.64944182564855,47.699450397044025,0.584680350869371,118.70522129102665,427.6927062389384
"(117, 934.5241835432247)",50.45410658817163,48.10064999545962,0.5895980914306919,120.91199850152532,430.0816765113855
"(118, 934.5241835432247)",50.258460399818944,48.50349152728091,0.5945359581400348,123.14554942900605,432.4626814388988
"(119, 934.5241835432247)",50.062535196585934,48.90794453859736,0.5994935777058861,125.40601089978439,434.83523534521544
"(120, 934.5241835432247)",49.86636232408545,49.31397854725085,0.6044705764902927,127.69351755004611,437.19885442044705
"(17, 934.6698729810778)",66.24002040937032,18.46355446562946,0.2263186978760034,4.9893566020629105,206.54391199494412
"(18, 934.6698729810778)",66.12972200894168,18.61936363396459,0.2282285429256335,5.31741923843109,208.00092398852723
"(19, 934.6698729810778)",66.01458179464315,18.782660826084385,0.23023017310773872,5.6615069670565195,209.52769968796517
"(20, 934.6698729810778)",65.89508791137237,18.952963457910364,0.23231767310410045,6.021421659727725,211.1189083517414
"(21, 934.6698729810778)",65.77171221561176,19.12980213716378,0.2344852892961742,6.396987143611801,212.7693484187746
"(22, 934.6698729810778)",65.64490386154834,19.31272681066212,0.23672750511611726,6.788047416356407,214.47401972165235
"(23, 934.6698729810778)",65.51508518537119,19.50131079883045,0.23903909050028502,7.194464884974434,216.22817147043935
"(24, 934.6698729810778)",65.38264926179738,19.695153237134477,0.24141513181518987,7.616118690163897,218.02733189924976
"(25, 934.6698729810778)",65.24795878349133,19.89388028772692,0.24385104670938135,8.052903153103255,219.86732370105707
"(26, 934.6698729810778)",65.11134588355664,20.097145459996334,0.24634258804274253,8.504726364698417,221.7442691110417
"(27, 934.6698729810778)",64.97311262306134,20.304629298975453,0.24888584006689596,8.97150892560602,223.65458759650846
"(28, 934.6698729810778)",64.83353192628071,20.51603864297055,0.25147720932576806,9.453182837625148,225.5949884605264
"(29, 934.6698729810778)",64.69284880112626,20.731105601840486,0.2541134121315826,9.949690541657484,227.56246009815715
"(30, 934.6698729810778)",64.55128172710204,20.949586366582338,0.25679145997331454,10.460984094141406,229.55425718174206
"(31, 934.6698729810778)",64.4090241277079,21.171259929263734,0.25950864382614425,10.987024471673493,231.56788669080052
"(32, 934.6698729810778)",64.2662458718887,21.395926767324347,0.26226251802411826,11.527780992181622,233.60109341711865
"(33, 934.6698729810778)",64.12309476802321,21.62340752857582,0.2650508841414785,12.08323084043837,235.6518453735997
"(34, 934.6698729810778)",63.97969802843484,21.853541739824355,0.2678717751634884,12.653358685371467,237.71831938190212
"(35, 934.6698729810778)",63.83616369181435,22.086186552955947,0.2707234401163907,13.238156376925994,239.79888700966137
"(36, 934.6698729810778)",63.69258199737856,22.321215536057267,0.27360432924949485,13.837622710550828,241.89210095614752
"(37, 934.6698729810778)",63.5490267073137,22.558517513461265,0.27651307981698325,14.451763247651257,243.9966819424951
"(38, 934.6698729810778)",63.405556379166605,22.797995455333197,0.2794485024667879,15.080590182452614,246.1115061229324
"(39, 934.6698729810778)",63.262215586102464,23.039565417365658,0.2824095682439558,15.724122244373106,248.2355930348461
"(40, 934.6698729810778)",63.11903608781148,23.28315552919291,0.285395396190948,16.38238462810491,250.36809407907285
"(41, 934.6698729810778)",62.97603795208936,23.528705030660166,0.28840524153463615,17.055408943362323,252.5082815288931
"(42, 934.6698729810778)",62.83323062785019,23.77616335475387,0.2914384844452375,17.743233177609433,254.6555380606185
"(43, 934.6698729810778)",62.69061396838666,24.0254892564611,0.29449461935826626,18.445901665048726,256.8093468041529
"(44, 934.6698729810778)",62.54817921516517,24.27664998462362,0.2975732448234408,19.163465063898652,258.9692818777939
"(45, 934.6698729810778)",62.40590991157477,24.529620501939526,0.30067405394372293,19.895980317351555,261.1349994909337
"(46, 934.6698729810778)",62.26378279741336,24.78438274235019,0.30379682527278146,20.643510629443227,263.3062294603221
"(47, 934.6698729810778)",62.12176863327358,25.040924914981158,0.30694141428287874,21.40612541895577,265.48276728145487
"(48, 934.6698729810778)",61.97983298539074,25.299240847851404,0.31010774532041846,22.183900270181308,267.66446665890265
"(49, 934.6698729810778)",61.837936961147825,25.559329372414606,0.3132958040618286,22.976916872365205,269.85123251560884
"(50, 934.6698729810778)",61.696037897171124,25.821193747660995,0.3165056304544796,23.785262948034564,272.0430144666498
"(51, 934.6698729810778)",61.554090000821546,26.084841122645503,0.3197373121285545,24.60903216977561,274.23980074473167
"(52, 934.6698729810778)",61.41204494607134,26.35028203621845,0.3229909782649801,25.44832406540842,276.4416125635546
"(53, 934.6698729810778)",61.26985242504417,26.61752995259243,0.3262667939025617,26.30324391171122,278.6484989031396
"(54, 934.6698729810778)",61.127460656611305,26.8866008313283,0.3295649546670657,27.173902617110635,280.86053170057033
"(55, 934.6698729810778)",60.98481685376145,27.157512730161727,0.3328856819028328,28.060416593866407,283.0778014274738
"(56, 934.6698729810778)",60.84186765142168,27.430285439126354,0.33622921818800744,28.96290762041442,285.30041303589763
"(57, 934.6698729810778)",60.69855949668809,27.70494014429254,0.33959582321274867,29.881502694606613,287.5284822525577
"(58, 934.6698729810778)",60.554839003387265,27.981499119474964,0.3429857700003935,30.81633387861879,289.7621322019661
"(59, 934.6698729810778)",60.41065327298676,28.25998544423801,0.3463993414507906,31.76753813634963,292.0014903381898
"(60, 934.6698729810778)",60.265950183874565,28.54042274653511,0.3498368271857176,32.73525716409697,294.24668566568096
"(61, 934.6698729810778)",60.12067865099523,28.822834968366827,0.35329852067643697,33.719637215310705,296.4978462297373
"(62, 934.6698729810778)",59.97478885784171,29.107246152860995,0.3567847166337684,34.72082892019383,298.7550968574802
"(63, 934.6698729810778)",59.8282324626819,29.393680251260882,0.3602957086422602,35.73898710086595,301.01855713142277
"(64, 934.6698729810778)",59.680962780918506,29.68216094833294,0.36383178702008523,36.774270582812,303.2883395777296
"(65, 934.6698729810778)",59.53293494527522,29.972711504834923,0.36739323688809805,37.82684200324071,305.5645480530649
"(66, 934.6698729810778)",59.38410604554945,30.26535461569488,0.37098033643144557,38.89686761696398,307.84727631389273
"(67, 934.6698729810778)",59.234435249478594,30.560112282678073,0.37459335533876376,39.98451710037419,310.13660675366384
"(68, 934.6698729810778)",59.083883906187964,30.857005700391518,0.37823255340488027,41.08996335402818,312.43260929422
"(69, 934.6698729810778)",58.93241563361547,31.156055154542887,0.3818981792836854,42.21338230432423,314.7353404184629
"(70, 934.6698729810778)",58.77999639118313,31.457279931461645,0.3855904693791356,43.35495270469211,317.0448423326187
"(71, 934.6698729810778)",58.62659453888529,31.760698237976737,0.38930964686308966,44.51485593674347,319.3611422470888
"(72, 934.6698729810778)",58.47218088387467,32.066327130810436,0.39305592080985746,45.69327581171494,321.6842517660951
"(73, 934.6698729810778)",58.316728715541494,32.37418245472294,0.39682948543804275,46.890398372580414,324.01416637694143
"(74, 934.6698729810778)",58.160213829986105,32.684278788719524,0.4006305194511244,48.10641169713054,326.3508650305951
"(75, 934.6698729810778)",58.00261454469935,32.99662939969277,0.40445918546924153,49.34150570234633,328.69430980621985
"(76, 934.6698729810778)",57.843911704203855,33.311246202933546,0.4083156295451603,50.59587195031878,331.044445652845
"(77, 934.6698729810778)",57.684088677326706,33.62813972900613,0.4121999807582271,51.86970345600631,333.4012002020885
"(78, 934.6698729810778)",57.52313134673138,33.947319096522165,0.4161123508806577,53.16319449706555,335.76448364641647
"(79, 934.6698729810778)",57.36102809123395,34.26879199042591,0.4200528341113422,54.47654042600966,338.1341886781803
"(80, 934.6698729810778)",57.19776976143865,34.59256464540807,0.42402150687258217,55.809937484926046,340.51019048491554
"(81, 934.6698729810778)",57.03334964914304,34.91864183413196,0.42801842766573284,57.16358262298053,342.89234679691066
"(82, 934.6698729810778)",56.86776345090834,35.24702685999193,0.43204363698243725,58.53767331693667,345.2804979837208
"(83, 934.6698729810778)",56.7010092262179,35.577721554125986,0.4360971572680525,59.93240739490662,347.67446719623314
"(84, 934.6698729810778)",56.53308735053416,35.91072627647754,0.44017899293460305,61.34798286355857,350.0740605515656
"(85, 934.6698729810778)",56.364000463623455,36.24603992067176,0.44428913042061174,62.78459773898538,352.4790673581213
"(86, 934.6698729810778)",56.19375341341509,36.58365992254543,0.44842753829560156,64.24244988149783,354.8892603784695
"(87, 934.6698729810778)",56.02235319571345,36.92358227213884,0.4525941674071372,65.72173683448915,357.30439612791645
"(88, 934.6698729810778)",55.84980889001749,37.265801529007135,0.45678895106847467,67.22265566753437,359.7242152067966
"(89, 934.6698729810778)",55.676131591731526,37.61031084069238,0.4610118052849735,68.74540282424745,362.1484426642361
"(90, 934.6698729810778)",55.50133434099595,37.95710196423088,0.4652626290177626,70.29017397466667,364.57678839220785
"(91, 934.6698729810778)",55.325432048412274,38.30616529055289,0.4695413044828021,71.85716387269309,367.00894754761714
"(92, 934.6698729810778)",55.14844141788743,38.657489871655955,0.4738476974839442,73.44656621868302,369.4446010010112
"(93, 934.6698729810778)",54.970380867443026,39.0110634505306,0.47818165777979416,75.05857352740705,371.88341581151434
"(94, 934.6698729810778)",54.791270444129175,39.36687249290699,0.48254301947280004,76.69337700158943,374.3250457169583
"(95, 934.6698729810778)",54.61113174552658,39.724902223150636,0.4869316014492817,78.35116641121218,376.76913166586075
"(96, 934.6698729810778)",54.42998782770925,40.085136660066055,0.4913472078182794,80.0321299787852,379.2153023423333
"(97, 934.6698729810778)",54.24786312025595,40.44755865660105,0.4957896283982433,81.73645427076289,381.66317472955893
"(98, 934.6698729810778)",54.06478333635496,40.81214994083726,0.5002586392194749,83.46432409528722,384.1123546816662
"(99, 934.6698729810778)",53.880775382308165,41.17889115895485,0.5047540030507638,85.21592240642015,386.5624375117278
"(100, 934.6698729810778)",53.69586726608606,41.54776191991519,0.5092754699471052,86.99143021503345,389.0130085928061
"(101, 934.6698729810778)",53.510088005194454,41.918740841705265,0.513822777816519,88.79102650649662,391.46364397005374
"(102, 934.6698729810778)",53.32346753406504,42.29180559900328,0.518395653004355,90.61488816530358,393.91391098221976
"(103, 934.6698729810778)",53.13603661123954,42.66693297209801,0.522993810892884,92.4631899067727,396.3633688903689
"(104, 934.6698729810778)",52.947826726551035,43.044098896913404,0.5276169565145101,94.33610421591008,398.8115695121699
"(105, 934.6698729810778)",52.75887000854798,43.423278515971454,0.5322647851764342,96.23380129357614,401.2580578595822
"(106, 934.6698729810778)",52.56919913238051,43.80444623012916,0.5369369830948314,98.15644901000147,403.7023727780877
"(107, 934.6698729810778)",52.378847228369885,44.18757575092224,0.5416332280364636,100.10421286575443,406.1440475854182
"(108, 934.6698729810778)",52.18784779145715,44.572640153354186,0.5463531899657348,102.07725596021096,408.58261070786904
"(109, 934.6698729810778)",51.99623459174527,44.95961192895699,0.5510965316950985,104.07573896757654,411.0175863121937
"(110, 934.6698729810778)",51.804041586318945,45.34846303895962,0.5558629095367669,106.09982012048968,413.4484949311326
"(111, 934.6698729810778)",51.61130283251105,45.73916496740386,0.5606519739537928,108.14965520123077,415.87485408075133
"(112, 934.6698729810778)",51.41805240280506,46.13168877403552,0.5654633702083748,110.22539754054118,418.2961788675726
"(113, 934.6698729810778)",51.22432430149915,46.5260051468243,0.5702967390056374,112.3271980240444,420.7119825838775
"(114, 934.6698729810778)",51.03015238329337,46.922084453949886,0.5751517171308496,114.45520510625896,423.121777289281
"(115, 934.6698729810778)",50.83557027391792,47.31989679510673,0.5800279380782959,116.60956483216205,425.5250743769553
"(116, 934.6698729810778)",50.640611292910116,47.719412051988,0.5849250326700954,118.79042086626588,427.92138512294497
"(117, 934.6698729810778)",50.445308378645635,48.12059993780742,0.5898426296632034,120.9979145291634,430.3102212169679
"(118, 934.6698729810778)",50.249694015698275,48.523430045732134,0.5947803563431028,123.2321848414682,432.6910952733798
"(119, 934.6698729810778)",50.0538001645989,48.9278718961044,0.599737839102623,125.4933685750865,435.0635213209083
"(120, 934.6698729810778)",49.85765819404241,49.333894982340034,0.60471470400453,127.78160031175027,437.42701526995387
"(17, 934.8319880738944)",66.20549779751347,18.504334613331263,0.22681856424486607,5.026086811898296,207.0111625331962
"(18, 934.8319880738944)",66.09597715653383,18.659512635985163,0.2287206729689157,5.354458434799685,208.46094299033084
"(19, 934.8319880738944)",65.98161416734428,18.822180718411,0.23071459178174003,5.698870031793164,209.98051048118785
"(20, 934.8319880738944)",65.86289226449155,18.991860054814527,0.2327944516777723,6.05912251945843,211.5645775550456
"(21, 934.8319880738944)",65.74027936736142,19.168084368132572,0.2349545372235316,6.435038795318698,213.2079783443372
"(22, 934.8319880738944)",65.61422144627136,19.35040609746006,0.23718936240047192,6.826461965174857,214.90574123763773
"(23, 934.8319880738944)",65.4851382965455,19.538400515865774,0.23949372107965958,7.2332535901036055,216.6531378180093
"(24, 934.8319880738944)",65.3534210346998,19.731668234102997,0.2418627177110699,7.655292015696271,218.44571322309832
"(25, 934.8319880738944)",65.21943089470012,19.929836483049673,0.24429178304328772,8.092470821323777,220.27930239114937
"(26, 934.8319880738944)",65.08349897476813,20.13255949911651,0.24677667884769947,8.544697410078367,222.15003588738946
"(27, 934.8319880738944)",64.94592665527024,20.33951827155346,0.24931349482095466,9.011891748257307,224.05433826886633
"(28, 934.8319880738944)",64.80698647160176,20.550419852254514,0.25189864012508084,9.49398525531916,225.98892128592064
"(29, 934.8319880738944)",64.66692327994791,20.764996379353118,0.2545288314188588,9.990919839850282,227.95077365756663
"(30, 934.8319880738944)",64.52595559805333,20.98300392557363,0.2572010787415318,10.502647073686294,229.93714870101016
"(31, 934.8319880738944)",64.38427703755542,21.20422125082916,0.2599126702226086,11.029127494012553,231.94555073578317
"(32, 934.8319880738944)",64.2420577718094,21.42844851372074,0.2626611562879742,11.57033002196582,233.973720900509
"(33, 934.8319880738944)",64.09944600194186,21.655505978955407,0.26544433381593496,12.12623148552759,236.0196228185734
"(34, 934.8319880738944)",63.95656939843588,21.885232744221355,0.268260230531762,12.696816234326908,238.0814283948414
"(35, 934.8319880738944)",63.81353650491455,22.117485500982685,0.27110708981806725,13.282075833977686,240.157503921574
"(36, 934.8319880738944)",63.670438097275756,22.352137337345283,0.27398335604071233,13.882008828217522,242.24639659847924
"(37, 934.8319880738944)",63.52734849417295,22.58907658734663,0.27688766044405755,14.496620557042213,244.34682152900552
"(38, 934.8319880738944)",63.38432681995489,22.82820572775149,0.2798188076281904,15.125923021366983,246.45764921416088
"(39, 934.8319880738944)",63.24141821757871,23.06944032326519,0.2827757626197422,15.769934783317664,248.57789356560755
"(40, 934.8319880738944)",63.09865501382152,23.312708019122898,0.2857576385236643,16.42868089428315,250.70670043409524
"(41, 934.8319880738944)",62.95605783659178,23.55794758042111,0.2887636847475375,17.10219284276698,252.8433366533168
"(42, 934.8319880738944)",62.813636684720755,23.80510797726232,0.29179327578775466,17.790508515289655,254.98717959597116
"(43, 934.8319880738944)",62.67139194892243,24.054147515115783,0.29484590056981086,18.493672163639072,257.137707241475
"(44, 934.8319880738944)",62.529315393960076,24.305033007659286,0.2979211523093454,19.211734380536235,259.2944887220746
"(45, 934.8319880738944)",62.38739107127765,24.55773899733236,0.30101871895799753,19.944752058986687,261.45717543197503
"(46, 934.8319880738944)",62.24559621286948,24.812247012963233,0.304138374103701,20.692788366726127,263.62549254619853
"(47, 934.8319880738944)",62.10390205528783,25.068544873716515,0.3072799684387439,21.45591269871984,265.7992310921547
"(48, 934.8319880738944)",61.96227462442014,25.32662603261466,0.31044342171297673,22.2342006266219,267.97824047778255
"(49, 934.8319880738944)",61.82067547106829,25.586488960780628,0.3136287151860268,23.027733836996642,270.162421497418
"(50, 934.8319880738944)",61.67906235927687,25.84813657113756,0.31683588456333434,23.836600058503276,272.3517198009895
"(51, 934.8319880738944)",61.53738990815552,26.111575680475685,0.3200650134023076,24.66089297760394,274.5461198141729
"(52, 934.8319880738944)",61.39561018815286,26.376816508683007,0.32331622697417195,25.50071214274461,276.7456390960711
"(53, 934.8319880738944)",61.25367327302771,26.643872213799465,0.3265896865647818,26.356162857149968,278.95032311863514
"(54, 934.8319880738944)",61.11152774895052,26.91275846145594,0.3298855841970448,27.227356060672093,281.1602404511694
"(55, 934.8319880738944)",60.969121182328735,27.18349302719318,0.33320413775625635,28.11440820117152,283.3754783319574
"(56, 934.8319880738944)",60.82640054816103,27.456095430044435,0.33654558649875177,29.017441096140963,285.59613860798197
"(57, 934.8319880738944)",60.683312620755565,27.730586595771854,0.3399101869239587,29.936581785272118,287.82233402342126
"(58, 934.8319880738944)",60.539804328794595,28.00698854807805,0.34329820898941826,30.87196237475279,290.05418483703244
"(59, 934.8319880738944)",60.39582307672865,28.285324126135453,0.3467099326483566,31.823719874106388,292.2918157485228
"(60, 934.8319880738944)",60.25131703454014,28.565616726764098,0.350145644689439,32.79199602635319,294.5353531140905
"(61, 934.8319880738944)",60.10623539784445,28.84789006965325,0.35360563585888066,33.776937132295835,296.7849224317951
"(62, 934.8319880738944)",59.960528620328915,29.13216798401985,0.3570901982455066,34.77869386970231,299.0406460778457
"(63, 934.8319880738944)",59.81414862042609,29.418474215194497,0.36059962290985464,35.797421108084414,301.30264127543165
"(64, 934.8319880738944)",59.66704896407499,29.70683224965587,0.3641341977395754,36.83327771979415,303.57101827878574
"(65, 934.8319880738944)",59.519185025331026,29.99726515712705,0.3676942055139059,37.88642638806897,305.8458787557468
"(66, 934.8319880738944)",59.37051412649724,30.28979544841582,0.37127992216108874,38.957033412637756,308.12731435313356
"(67, 934.8319880738944)",59.22099565936187,30.58444494775284,0.37489161519364794,40.045268513439694,310.4154054302716
"(68, 934.8319880738944)",59.07059118900573,30.881234678486734,0.37852954230717867,41.15130463297465,312.7102199467465
"(69, 934.8319880738944)",58.919264541568886,31.180184761046622,0.3821939501296698,42.27531773778701,315.01181249174704
"(70, 934.8319880738944)",58.766981877244454,31.481314322187334,0.3858850731090623,43.41748661947606,317.3202234431088
"(71, 934.8319880738944)",58.6137117496786,31.78464141460153,0.3896031325278767,44.57799269567671,319.63547824517525
"(72, 934.8319880738944)",58.45942515285064,32.090182946064665,0.39334833563470417,45.75701981137325,321.95758679557474
"(73, 934.8319880738944)",58.304095556438156,32.397954617342045,0.397120874883108,46.9547540408804,324.2865429317397
"(74, 934.8319880738944)",58.147698930548955,32.7079708681761,0.4009209272695404,48.171383490821995,326.62232400899165
"(75, 934.8319880738944)",57.990213760660545,33.02024483071568,0.40474865376251423,49.407098104409265,328.96489056263425
"(76, 934.8319880738944)",57.83162105350182,33.334788289829184,0.4086041988161224,50.6620894672741,331.3141860473424
"(77, 934.8319880738944)",57.67190433455302,33.651611649792464,0.4124876899617227,51.93655061518899,333.6701366477364
"(78, 934.8319880738944)",57.5110496377888,33.970723906889845,0.4163992374720891,53.23067584379751,336.03265115468923
"(79, 934.8319880738944)",57.34904548820112,34.29213262753149,0.42033893409318984,54.54466052076944,338.4016209024289
"(80, 934.8319880738944)",57.185882877628686,34.61584393151391,0.42430685483896463,55.87870090046517,340.7769197620255
"(81, 934.8319880738944)",57.021555234336915,34.941862480101086,0.42830305684530245,57.232993941428056,343.15840418739225
"(82, 934.8319880738944)",56.856058386763685,35.270191468646594,0.4323275792795326,58.60773712687385,345.5459133101858
"(83, 934.8319880738944)",56.68939052183012,35.60083262348369,0.43638044330234277,60.00312828845304,347.9392690804434
"(84, 934.8319880738944)",56.52155213816324,35.93378620286006,0.44046165207922755,61.41936543344501,350.3382764500913
"(85, 934.8319880738944)",56.35254599454269,36.26905100171547,0.44457119083905744,62.85664657564659,352.74272359680816
"(86, 934.8319880738944)",56.18237705390476,36.60662436010254,0.44870902697727366,64.31516957018316,355.1523821856843
"(87, 934.8319880738944)",56.01105242317512,36.94650217508641,0.4528751102017768,65.7951319523794,357.5670076667316
"(88, 934.8319880738944)",55.83858128920841,37.28867891596582,0.4570693727195141,67.29673078091423,359.986339606157
"(89, 934.8319880738944)",55.66497485110247,37.63314764266865,0.46129172946189223,68.82016248569722,362.41010204920855
"(90, 934.8319880738944)",55.490246249136135,37.9799000271804,0.46554207834754363,70.36562272030058,364.83800391338633
"(91, 934.8319880738944)",55.314410490592415,38.32892637787636,0.46982030058048296,71.93330621945093,367.2697394096766
"(92, 934.8319880738944)",55.13748437269019,38.68021566663102,0.4741262609824597,73.52340666166701,369.7049884906079
"(93, 934.8319880738944)",54.95948640348205,39.03375555868577,0.4784598083590547,75.13611653728918,372.1434173244605
"(94, 934.8319880738944)",54.780436716847156,39.38953244433883,0.4828207758880955,76.77162702206998,374.5846787847786
"(95, 934.8319880738944)",54.60035699407533,39.74753147479467,0.48720898155913495,78.4301278565586,377.0284129818249
"(96, 934.8319880738944)",54.419270371898115,40.10773659791805,0.49162422861166893,80.11180723143511,379.4742477869061
"(97, 934.8319880738944)",54.23720135757391,40.470130597897665,0.4960663060213039,81.81685167901448,381.92179939535396
"(98, 934.8319880738944)",54.05417573906019,40.83469513619479,0.5005349890017549,83.54544597106278,384.37067289799256
"(99, 934.8319880738944)",53.87022049457452,41.20141079447617,0.5050300395310279,85.29777302311973,386.8204628687085
"(100, 934.8319880738944)",53.68536370122619,41.570257119255004,0.5095512068986485,87.07401380547422,389.27075396504165
"(101, 934.8319880738944)",53.49963444292949,41.94121266810905,0.5140982282721812,88.87434726094699,391.7211215400029
"(102, 934.8319880738944)",53.31306271786562,42.314255057311364,0.5186708292810461,90.69895022961136,394.17113226312443
"(103, 934.8319880738944)",53.12567934571824,42.68936101072123,0.5232687246158444,92.54799738058564,396.6203447489354
"(104, 934.8319880738944)",52.937515874913366,43.066506409782086,0.5278916186411634,94.42166115100727,399.0683101908576
"(105, 934.8319880738944)",52.7486044901029,43.44566634445384,0.5325392060199311,96.32011169228747,401.51457299861795
"(106, 934.8319880738944)",52.55897792010608,43.8268151649247,0.5372111723472441,98.24351682373624,403.95867143714554
"(107, 934.8319880738944)",52.368669346532805,44.20992653392875,0.5419071947916707,100.19204199363465,406.40013826501
"(108, 934.8319880738944)",52.177712313294215,44.59497347950595,0.5466269427419608,102.16585024780957,408.8385013704124
"(109, 934.8319880738944)",51.986140637196094,44.98192844803884,0.5513700784571366,104.16510220575883,411.2732844027853
"(110, 934.8319880738944)",51.79398831981701,45.3707633573928,0.5561362577178819,106.18995604435896,413.7040073980243
"(111, 934.8319880738944)",51.60128946083645,45.76144965000279,0.5609251304772427,108.24056748918495,416.1301873954645
"(112, 934.8319880738944)",51.408078172987885,46.15395834573896,0.565736341508653,110.31708981342956,418.5513390447562
"(113, 934.8319880738944)",51.21438849878343,46.548260094397925,0.5705695310493123,112.41967384443168,420.9669752007866
"(114, 934.8319880738944)",51.02025432916258,46.9443252276564,0.5754243354370595,114.54846797779219,423.37660750493365
"(115, 934.8319880738944)",50.825709324171775,47.342123810350124,0.5803003877388918,116.70361819903383,425.7797469509662
"(116, 934.8319880738944)",50.63078683580948,47.74162569092187,0.5851973183693611,118.88526811279068,428.17590443395085
"(117, 934.8319880738944)",50.4355198331087,48.142800550915496,0.5901147556972223,121.09355897943745,430.5645912807374
"(118, 934.8319880738944)",50.239940829562414,48.54561795337214,0.595052326638695,123.32862975913638,432.9453197605112
"(119, 934.8319880738944)",50.04408181293903,48.95004739002053,0.6000096572358659,125.59061716319832,435.3176035741421
"(120, 934.8319880738944)",49.84797417754947,49.35605832713963,0.604986373218874,127.87965571270573,437.6809583211094
"(17, 935.0099138635989)",66.16777337549475,18.54898700746832,0.2273658950265418,5.066492396045663,207.52287352824126
"(18, 935.0099138635989)",66.0590960612042,18.703479819473213,0.22925960471874812,5.395201704529095,208.96480155595032
"(19, 935.0099138635989)",65.94557628059046,18.86546454009759,0.23124514716214684,5.7399673245738025,210.47653780488034
"(20, 935.0099138635989)",65.82769233316021,19.03446648796336,0.23331670390658726,6.100589133018307,212.05284208961865
"(21, 935.0099138635989)",65.7059078503259,19.210022789144784,0.23546860123281146,6.476889014175,213.68858754209816
"(22, 935.0099138635989)",65.58066530185013,19.391688623690737,0.23769538671983828,6.868709100726699,215.37883396196412
"(23, 935.0099138635989)",65.45238169348777,19.57904141428545,0.23999188058778612,7.275910029788253,217.11887756656077
"(24, 935.0099138635989)",65.32144597909532,19.771683405105296,0.24235320730850685,7.698369277686401,218.9042822124075
"(25, 935.0099138635989)",65.18821777224102,19.969243018257988,0.24477481223210007,8.135979612100133,220.73089648901433
"(26, 935.0099138635989)",65.05302701183751,20.17137530892428,0.2472524671662097,8.588647682916452,222.59486034472354
"(27, 935.0099138635989)",64.91617430522443,20.37776177612078,0.24978226805592668,9.056292761251099,224.49260417837527
"(28, 935.0099138635989)",64.7779317337972,20.588109728898733,0.2523606272154373,9.538845627924552,226.4208426873452
"(29, 935.0099138635989)",64.63854395965234,20.802151359045194,0.254984261961182,10.036247607392687,228.37656520550541
"(30, 935.0099138635989)",64.49822951527658,21.01964263149633,0.25765018101117787,10.548449739376629,230.35702381482545
"(31, 935.0099138635989)",64.3571821923874,21.24036207246433,0.2603556696303278,11.075412078289892,232.35972015666252
"(32, 935.0099138635989)",64.2155724731274,21.464109510617153,0.26309827420032394,11.6171031090647,234.38239158864172
"(33, 935.0099138635989)",64.07354896570173,21.690704808958944,0.26587578667556694,12.173499267251197,236.42299713068724
"(34, 935.0099138635989)",63.93123982091607,21.9199866116867,0.2686862292226184,12.744584551056349,238.4797034907193
"(35, 935.0099138635989)",63.78875411552257,22.151811121143552,0.2715278392286233,13.330350213015357,240.5508713557088
"(36, 935.0099138635989)",63.64618319490038,22.38605091357546,0.2743990547853399,13.930794519515004,242.6350420595786
"(37, 935.0099138635989)",63.5036019703527,22.62259379863605,0.27729850070938006,14.54592256643989,244.73092469634267
"(38, 935.0099138635989)",63.36107017163717,22.861341724140914,0.2802249751171901,15.17574614143539,246.83738370531765
"(39, 935.0099138635989)",63.21863355171809,23.102209727420213,0.28317743657111316,15.82028362189899,248.95342695457225
"(40, 935.0099138635989)",63.0763250456841,23.3451249325551,0.286154991787971,16.479559900849566,251.07819432246
"(41, 935.0099138635989)",62.93416588324956,23.590025593161833,0.28915688390577454,17.153606332678567,253.21094678112632
"(42, 935.0099138635989)",62.7921666549793,23.83686018000886,0.2921824813003581,17.842460692071384,255.35105598102908
"(43, 935.0099138635989)",62.65032833058042,24.085586513134857,0.29523126694701185,18.546167139343673,257.497994338623
"(44, 935.0099138635989)",62.5086432392522,24.33617093581402,0.29830282829528165,19.264776194341575,259.6513255952977
"(45, 935.0099138635989)",62.36709598098871,24.5885875357887,0.301396847723394,19.998344694035723,261.8106959345751
"(46, 935.0099138635989)",62.22566431969747,24.84281740322388,0.30451309344229,20.746935765400924,263.9758255044127
"(47, 935.0099138635989)",62.084320006746495,25.098847934703183,0.3076514109644462,21.510618776380948,266.1465004895005
"(48, 935.0099138635989)",61.943029565574655,25.35667217660994,0.31081171505528804,22.28946928390087,268.32256563774143
"(49, 935.0099138635989)",61.801755027313185,25.616288209077144,0.31399398218186353,23.083568970767125,270.5039172627855
"(50, 935.0099138635989)",61.66045461931948,25.877698569288032,0.3171982434439329,23.89300557158011,272.69049670861637
"(51, 935.0099138635989)",61.51908340729851,26.140909713081253,0.3204245779745095,24.717872787273308,274.88228426445284
"(52, 935.0099138635989)",61.3775938919763,26.40593151366466,0.32367310679535277,25.558270188203117,277.0792935164831
"(53, 935.0099138635989)",61.23593656151689,26.672776796129703,0.3269439871111797,26.41430310593005,279.2815661211157
"(54, 935.0099138635989)",61.09406040110765,26.94146090633891,0.3302374070253008,27.28608251412062,281.4891669831441
"(55, 935.0099138635989)",60.95191336130214,27.212001312683427,0.3335535806581038,28.173724899070216,283.7021798209584
"(56, 935.0099138635989)",60.809442786880105,27.48441723912398,0.3368927436490342,29.077352120515197,285.9207031000398
"(57, 935.0099138635989)",60.666595808106244,27.758729327878793,0.34025514902196574,29.997091263476324,288.1448463151978
"(58, 935.0099138635989)",60.52331969630076,28.034959330119612,0.3436410633938604,30.93307448187892,290.37472660201007
"(59, 935.0099138635989)",60.379562185765344,28.313129822984713,0.3470507635060428,31.885438834769513,292.6104656573118
"(60, 935.0099138635989)",60.235271764038146,28.593263951275972,0.35048453305804383,32.854326115919825,294.8521869492054
"(61, 935.0099138635989)",60.090397932494334,28.875385192208583,0.3539426598239171,33.83988267760086,297.10001319701297
"(62, 935.0099138635989)",59.944891439261156,29.159517141621805,0.357425433031854,34.84225924929359,299.3540641024797
"(63, 935.0099138635989)",59.798704486354914,29.44568332013725,0.36093314098801155,35.86161075205243,301.61445431366644
"(64, 935.0099138635989)",59.651790912891315,29.7339069977857,0.3644660689268636,36.89809610921538,303.8812916042958
"(65, 935.0099138635989)",59.50410635612512,30.024211035712018,0.3680244970710192,37.95187805410904,306.1546752519589
"(66, 935.0099138635989)",59.35560839199617,30.31661774364844,0.37160869888403186,39.0231229353355,308.4346945991872
"(67, 935.0099138635989)",59.2062566567689,30.611148751899492,0.37521893950134166,40.11200052021734,310.72142778292306
"(68, 935.0099138635989)",59.05601295121112,30.907824896708142,0.37885547432505223,41.2186837969056,313.0149406185144
"(69, 935.0099138635989)",58.90484132874464,31.206666117889952,0.3825185477693157,42.343348775625515,315.3152856253913
"(70, 935.0099138635989)",58.752708168765565,31.507691367794113,0.38620839214422836,43.48617428949998,317.62250118267394
"(71, 935.0099138635989)",58.599582236398305,31.81091853061575,0.38992522666697277,44.64734179535504,319.9366108037754
"(72, 935.0099138635989)",58.44543472968136,32.11636435128108,0.39366925658999335,45.82703517486866,322.25762252008803
"(73, 935.0099138635989)",58.29023931523661,32.42404437309752,0.39744067243679443,47.02544053642867,324.58552836458927
"(74, 935.0099138635989)",58.133972153297464,32.73397288349584,0.40123964933685846,48.242746017986164,326.9203039471305
"(75, 935.0099138635989)",57.976611912911665,33.04616286723757,0.40506634645208023,49.47914159122625,329.261908113976
"(76, 935.0099138635989)",57.81813977808582,33.360625966511336,0.40892090648764484,50.734818867333466,331.6102826847041
"(77, 935.0099138635989)",57.65853944553314,33.67737244741791,0.4128034552812177,52.0099709046189,333.9653522604684
"(78, 935.0099138635989)",57.497797114645934,33.99641117238268,0.41671410146478105,53.304792018198455,336.32702409813345
"(79, 935.0099138635989)",57.33590147023972,34.317749578093476,0.42065293619421495,54.61947759210446,338.6951880453184
"(80, 935.0099138635989)",57.17284365859008,34.64139365859264,0.42462003294203854,55.95422389390721,341.0697165319867
"(81, 935.0099138635989)",57.00861725720536,34.967347953204225,0.4286154473494279,57.30922789217931,343.45046461461715
"(82, 935.0099138635989)",56.843218238761914,35.29561553900466,0.43263921713392584,58.6846870769817,345.83727006942513
"(83, 935.0099138635989)",56.67664492958215,35.62619802757948,0.43669136204969083,60.08079928360028,348.2299535314588
"(84, 935.0099138635989)",56.50889796302046,35.95909556582971,0.4407718838973768,61.49776251975937,350.6283186766231
"(85, 935.0099138635989)",56.339980228066,36.29430684062897,0.4448807665812144,62.93577479650891,353.0321524441642
"(86, 935.0099138635989)",56.169896813489395,36.631829087133426,0.4490179762108812,64.39503396305476,355.44122529708875
"(87, 935.0099138635989)",55.99865494781057,36.97165810057946,0.4531834612461025,65.87573754566846,357.85529151845736
"(88, 935.0099138635989)",55.82626393535901,37.313788251412724,0.4573771526821011,67.3780825908537,360.27408954161575
"(89, 935.0099138635989)",55.65273508871728,37.6582125035882,0.4615989642739318,68.90226551328364,362.6973423120118
"(90, 935.0099138635989)",55.47808165776238,38.004922435925494,0.4658487927981911,70.44848194826439,365.1247576794338
"(91, 935.0099138635989)",55.302318755595756,38.35390826636093,0.47012651835035074,72.01692660928587,367.5560288184692
"(92, 935.0099138635989)",55.12546328157523,38.705158878989366,0.4744320046762016,73.60779315072271,369.9908346757071
"(93, 935.0099138635989)",54.94753384230443,39.05866185387003,0.4787650995371734,75.22127403591412,372.4288404432357
"(94, 935.0099138635989)",54.768550666715115,39.41440349865163,0.4831256350980248,76.85756041084754,374.86969804745314
"(95, 935.0099138635989)",54.58853552774096,39.772368884373606,0.4875134283656796,78.51684198359737,377.3130466799445
"(96, 935.0099138635989)",54.40751165041288,40.13254188116969,0.4919282816268367,80.19930690975191,379.7585133212249
"(97, 935.0099138635989)",54.22550362703718,40.49490519788086,0.4963699829335248,81.90514168399412,382.2057133031569
"(98, 935.0099138635989)",54.04253732742715,40.85944042296703,0.5008383066046184,83.63453103801764,384.6542508799573
"(99, 935.0099138635989)",53.85863980854958,41.226128067391606,0.5053330137514939,85.38765784493415,387.10371981528294
"(100, 935.0099138635989)",53.673839223208546,41.59494760923379,0.50985385282484,87.16470303035048,389.55370398242724
"(101, 935.0099138635989)",53.48816472803507,41.96587753986662,0.514400560180693,88.96584549024962,392.0037779756871
"(102, 935.0099138635989)",53.301646391013136,42.33889541155309,0.5189728606638727,90.79126201581688,394.4535077310562
"(103, 935.0099138635989)",53.11431509877437,42.713977886308385,0.523570468206925,92.64112722534136,396.9024511543397
"(104, 935.0099138635989)",52.926202463903685,43.091100785865066,0.5281930864425297,94.51561350329345,399.3501587546847
"(105, 935.0099138635989)",52.73734073248303,43.47023914257678,0.5328404093274896,96.41489094669271,401.796174281648
"(106, 935.0099138635989)",52.5477626920992,43.85136725109761,0.5375121217761925,98.33912731884897,404.240035363749
"(107, 935.0099138635989)",52.357501580523675,44.23445872067359,0.5422079003015696,100.2884880105455,406.6812741465879
"(108, 935.0099138635989)",52.16659099528636,44.61948652787276,0.5469274136614481,102.26313600872815,409.11941792850337
"(109, 935.0099138635989)",51.97506480433073,45.00642306959258,0.5516703235082873,104.26323187274694,411.5539897918405
"(110, 935.0099138635989)",51.78295705795657,45.39524021616977,0.5564362850401807,106.28893371818296,413.98450922781734
"(111, 935.0099138635989)",51.59030190220547,45.785909364439185,0.5612249476512313,108.34039720827833,416.4104927532022
"(112, 935.0099138635989)",51.39713349388043,46.17840149056769,0.5660359555791649,110.41777555297303,418.8314545168018
"(113, 935.0099138635989)",51.20348591733462,46.572687202512476,0.5708689485483434,112.52121951555175,421.24690689403803
"(114, 935.0099138635989)",51.00939310317867,46.96873679194636,0.5757235624062479,114.65087742686265,423.6563610678474
"(115, 935.0099138635989)",50.814888749032896,47.36652028549852,0.5805994297515564,116.80689520710506,426.0593275941523
"(116, 935.0099138635989)",50.620006242427394,47.76600749517362,0.585496180552174,118.98941639511116,428.4553169504431
"(117, 935.0099138635989)",50.424778585958975,48.16716806780532,0.5904134427514042,121.19858218509759,430.8438400658037
"(118, 935.0099138635989)",50.229238324773576,48.569971533421985,0.5953508428607883,123.43453147080511,433.2244088310816
"(119, 935.0099138635989)",50.03341747645219,48.974387352395155,0.6003080065380709,125.69740089697792,435.5965365878126
"(120, 935.0099138635989)",49.837347463344,49.3803849612659,0.6052845591488607,127.98732491807151,437.95973859467114
"(17, 935.2029754167264)",66.12703307412474,18.597315051987596,0.2279582804270264,5.1104452173564825,208.07681690887912
"(18, 935.2029754167264)",66.01925887603936,18.75107307245418,0.229842983345134,5.439519257172396,209.51032264585402
"(19, 935.2029754167264)",65.90664261779067,18.912324566193426,0.23181953819331008,5.784667339863183,211.01365453825187
"(20, 935.2029754167264)",65.78965707349518,19.080599297953185,0.23388218102019082,6.1456882242148065,212.5816233628211
"(21, 935.2029754167264)",65.66876124726738,19.255438073177384,0.2360252832067523,6.5224027035207675,214.2091444250095
"(22, 935.2029754167264)",65.54439381913213,19.436399045255264,0.2382434287779806,6.914651861328443,215.89131160532196
"(23, 935.2029754167264)",65.41696876329718,19.62306197816419,0.24053146665261063,7.322295337504639,217.62344795736593
"(24, 935.2029754167264)",65.28687267250244,19.815030904179302,0.2428845432202498,7.745209669211338,219.40113783309877
"(25, 935.2029754167264)",65.15446338043299,20.011935558533878,0.24529811992684855,8.183286746350568,221.22024487336716
"(26, 935.2029754167264)",65.02006954165472,20.213431908450325,0.2477679797594003,8.636432403585266,223.07691948039712
"(27, 935.2029754167264)",64.88399089527866,20.41920203143164,0.2502902257538345,9.104565158978978,224.96759868373127
"(28, 935.2029754167264)",64.74649899903618,20.628953541620916,0.2528612739640787,9.587615101071751,226.8890006777987
"(29, 935.2029754167264)",64.60783827289735,20.84241871499281,0.25547784273848856,10.0855229206476,228.83811576143341
"(30, 935.2029754167264)",64.46822723409876,21.05935342487464,0.2581369396721806,10.598239079820006,230.8121949665713
"(31, 935.2029754167264)",64.32785983933306,21.27953596826121,0.26083584722044934,11.125723108610458,232.80873730729644
"(32, 935.2029754167264)",64.18690687662782,21.502765838933232,0.26357210765993727,11.667943017850465,234.82547630258063
"(33, 935.2029754167264)",64.04551736820726,21.7288624857416,0.2663435078686589,12.22487481631006,236.86036622538805
"(34, 935.2029754167264)",63.90381995998284,21.957664081093313,0.2691480642301316,12.79650211978643,238.91156837588483
"(35, 935.2029754167264)",63.76192428282924,22.18902631539514,0.2719840078564319,13.382815839915475,240.9774375731859
"(36, 935.2029754167264)",63.6199222773775,22.422821226855742,0.2748497702441431,13.983813940899411,243.05650898402686
"(37, 935.2029754167264)",63.47788947699935,22.65893607209627,0.2777439694311636,14.599501252469153,245.14748536360733
"(38, 935.2029754167264)",63.33588624897125,22.897272239630748,0.28066539667821105,15.229889329565403,247.2492247404134
"(39, 935.2029754167264)",63.193958990310094,23.137744207945385,0.28361300369753645,15.874996347864187,249.36072857694694
"(40, 935.2029754167264)",63.052141279757876,23.380278547866816,0.2865858904243802,16.53484702726624,251.48113041006607
"(41, 935.2029754167264)",62.91045498498899,23.624812969166882,0.2895832933306032,17.209472575399467,253.6096849783553
"(42, 935.2029754167264)",62.76891132483112,23.87129541097836,0.2926045742753983,17.898910644370684,255.74575783852634
"(43, 935.2029754167264)",62.62751188461371,24.119683175864665,0.29564920989103893,18.60320529406011,257.88881547564375
"(44, 935.2029754167264)",62.48624959443121,24.369942105094815,0.29871678147378317,19.322406964091293,260.03841587709877
"(45, 935.2029754167264)",62.345109638907566,24.62204580070312,0.30180696544815805,20.05657242951621,262.19419965909435
"(46, 935.2029754167264)",62.20407034944715,24.87597488383664,0.30491952427613445,20.805764772012996,264.35588159368064
"(47, 935.2029754167264)",62.063104027171676,25.131716298895018,0.3080542979274671,21.570053329158355,266.52324268251954
"(48, 935.2029754167264)",61.92217772730004,25.38926265679933,0.3112111958298821,22.349513640910434,268.6961226821928
"(49, 935.2029754167264)",61.781253994747765,25.648611618681958,0.3143901893144777,23.144227385034473,270.874413103693
"(50, 935.2029754167264)",61.64029155280734,25.90976531880791,0.31759130454223844,23.954282301655276,273.0580506727258
"(51, 935.2029754167264)",61.49924594555628,26.172729825717973,0.32081461589877097,24.779772106528664,275.2470112391761
"(52, 935.2029754167264)",61.35807013490288,26.437514640420503,0.3240602398436528,25.62079639292934,277.44130412311273
"(53, 935.2029754167264)",61.21671505344543,26.7041322303623,0.3273283291976466,26.47746052234761,279.64096688147725
"(54, 935.2029754167264)",61.07513011453872,26.972597597742322,0.3306190678516414,27.34987550435761,281.846060480002
"(55, 935.2029754167264)",60.933263681155864,27.242927880698684,0.33393266587790654,28.23815786619832,284.05666485165943
"(56, 935.2029754167264)",60.79106349527423,27.51514198577915,0.3372693550251652,29.14242951272875,286.272874823686
"(57, 935.2029754167264)",60.648477069668495,27.789260250070097,0.3406293845771053,30.062817577455263,288.49479639342195
"(58, 935.2029754167264)",60.505452044024956,28.065304131341787,0.3440130175542935,30.999454265425733,290.7225433334361
"(59, 935.2029754167264)",60.361936507401786,28.34329592453009,0.34742052723894,31.952476688785264,292.95623410591924
"(60, 935.2029754167264)",60.217879288995505,28.623258502929023,0.3508521940025195,32.92202669575162,295.1959890668912
"(61, 935.2029754167264)",60.07323021927137,28.90521508243715,0.3543083024160233,33.90825069384502,297.4419279404693
"(62, 935.2029754167264)",59.92794036336728,29.189189007306226,0.3577891386237366,34.911299468089226,299.6941675446169
"(63, 935.2029754167264)",59.781962228723,29.47520355584052,0.36129498796160125,35.93132799491211,301.95281974992776
"(64, 935.2029754167264)",59.635249948750136,29.763281764598787,0.3648261328023179,36.96849525244117,304.2179896540643
"(65, 935.2029754167264)",59.487759444334344,30.05344626968549,0.36838285061000237,38.02296402783724,306.48977395513236
"(66, 935.2029754167264)",59.339448564817545,30.34571916382972,0.37196541218828966,39.09490072224156,308.768259508356
"(67, 935.2029754167264)",59.19027721005221,30.640121868002428,0.3755740801066788,40.18447515391447,311.0535220512515
"(68, 935.2029754167264)",59.04020743499145,30.93667501642222,0.37920910729098045,41.29186036007894,313.3456250835666
"(69, 935.2029754167264)",58.889203538214325,31.235398353862465,0.3828707357645504,42.41723239791365,315.6446188890851
"(70, 935.2029754167264)",58.73723213563123,31.53631064428029,0.38655919552831425,43.56077014517225,317.95053968760334
"(71, 935.2029754167264)",58.58426222057871,31.839429589839035,0.390274703568101,44.72265510078058,320.2634089059884
"(72, 935.2029754167264)",58.430265211351546,32.14477175949449,0.3940174629794439,45.90307118584269,322.58323255868305
"(73, 935.2029754167264)",58.27521498716872,32.45235252637877,0.39778766219988837,47.10220454532316,324.91000072807617
"(74, 935.2029754167264)",58.11908791361148,32.76218601329502,0.4015854743409792,48.32024335078844,327.24368713703274
"(75, 935.2029754167264)",57.96186285791037,33.07428504565798,0.4054110566114051,49.557377604465714,329.58424880535927
"(76, 935.2029754167264)",57.80352119557108,33.3886611113866,0.4092645498253752,50.813798944902,331.93162578437597
"(77, 935.2029754167264)",57.64404680828907,33.70532432715646,0.41314607798896236,52.08970045453524,334.28574096249326
"(78, 935.2029754167264)",57.4834260741757,34.02428341061922,0.41705574795957323,53.385276469277414,336.6464999371638
"(79, 935.2029754167264)",57.32164785075257,34.34554565814101,0.4209936491730808,54.700722390591615,339.01379094761904
"(80, 935.2029754167264)",57.15870345119379,34.66911692772329,0.4249598534344676,56.036234500074976,341.3874848644951
"(81, 935.2029754167264)",56.994586614321186,34.99500162675499,0.4289544147677075,57.39200977688557,343.76743523201503
"(82, 935.2029754167264)",56.82929346872427,35.3232027043317,0.43297736932160663,58.76824571821153,346.1534783594619
"(83, 935.2029754167264)",56.66282249143509,35.65372164785992,0.4370287353281854,60.1651401630095,348.5454334585186
"(84, 935.2029754167264)",56.495174461476275,35.98655848373202,0.44110851311094845,61.58289111920787,350.9431028237992
"(85, 935.2029754167264)",56.32635240863822,36.32171178185041,0.4452166851403495,63.02169659460881,353.3462720538179
"(86, 935.2029754167264)",56.1563615577682,36.65917866382463,0.4493532161342521,64.48175443174306,355.7547103100849
"(87, 935.2029754167264)",55.985209268890706,36.998954814654645,0.45351805320115146,65.96326214679927,358.1681706121188
"(88, 935.2029754167264)",55.812904973400364,37.3410344977594,0.4577111260243829,67.46641677283489,360.58639016650824
"(89, 935.2029754167264)",55.63946010663176,37.68541057318355,0.46193234708529785,68.99141470774575,363.00909072765677
"(90, 935.2029754167264)",55.46488803702046,38.03207451886423,0.46618161192392993,70.53845156679353,365.4359789890314
"(91, 935.2029754167264)",55.28920399214579,38.38101645480392,0.47045879943531804,72.10772204020158,367.8667470026888
"(92, 935.2029754167264)",55.11242498187335,38.73222517003567,0.4747637722000108,73.69941975592512,370.3010726255939
"(93, 935.2029754167264)",54.93456971943512,39.08568815236483,0.4790963768486459,75.31373714780764,372.7386199924193
"(94, 935.2029754167264)",54.75565853661127,39.44139161992597,0.4834564444487646,76.95086532932454,375.17904000355145
"(95, 935.2029754167264)",54.575713305496244,39.799320556933566,0.4878437909429888,78.61099397311654,377.62197085534206
"(96, 935.2029754167264)",54.39475734667693,40.159458749323115,0.49225821758595845,80.29431119650532,380.06703856321735
"(97, 935.2029754167264)",54.21281534449074,40.521788824320254,0.49669951142930496,82.00100345315842,382.5138575235619
"(98, 935.2029754167264)",54.02991325734392,40.886292291301366,0.5011674458225459,83.73125543110156,384.9620310841444
"(99, 935.2029754167264)",53.84607822741688,41.252949584644725,0.505661780938283,85.48524995723939,387.41115213076375
"(100, 935.2029754167264)",53.661338489441825,41.62174010829064,0.5101822643184427,87.26316790852388,389.86080368692654
"(101, 935.2029754167264)",53.47572327875027,41.99264228188852,0.5147286314399165,89.06518812995546,392.3105595248341
"(102, 935.2029754167264)",53.289262738869084,42.36563358835762,0.5193006062975348,90.89148735951537,394.7599847856493
"(103, 935.2029754167264)",53.10198782889035,42.74069062271139,0.5238979020025528,92.74224016018313,397.20863660718487
"(104, 935.2029754167264)",52.913930230839235,43.117789141991395,0.5285202213946953,94.6176188591369,399.65606475708915
"(105, 935.2029754167264)",52.72512225728764,43.49690411613762,0.5331672576657442,96.51779349423678,402.10181226954364
"(106, 935.2029754167264)",52.53559675942545,43.87800977963885,0.5378386949925695,98.44293176788993,404.5454160834103
"(107, 935.2029754167264)",52.345387035808386,44.26107968378965,0.5425342091777873,100.39319900836018,406.98640768006715
"(108, 935.2029754167264)",52.154526741998644,44.646086749391465,0.5472534682956484,102.36875813857412,409.4243137186393
"(109, 935.2029754167264)",51.963049801288186,45.03300331972611,0.5519961333414254,104.3697696524986,411.8586566669305
"(110, 935.2029754167264)",51.77099031670231,45.42180121363848,0.5567618588820216,106.3963915990862,414.2889554259279
"(111, 935.2029754167264)",51.57838248446095,45.812451778556884,0.5615502937059563,108.44877957382964,416.7147259461173
"(112, 935.2029754167264)",51.38526050905928,46.20492594329906,0.5663610814705639,110.52708671793097,419.1354818335754
"(113, 935.2029754167264)",51.1916585201302,46.59919427049335,0.5711938613445842,112.63146372506459,421.55073494415956
"(114, 935.2029754167264)",50.99761049121595,46.995227008471296,0.5760482686442342,114.76205885572507,423.95999596401646
"(115, 935.2029754167264)",50.803150160592,47.39299414247169,0.5809239354608489,116.91901795913061,426.3627749746496
"(116, 935.2029754167264)",50.60831095423934,47.79246544502158,0.5858204912784312,119.10248450262695,428.7585820010503
"(117, 935.2029754167264)",50.41312591106546,48.19361052535489,0.590737563579402,121.31259960855665,431.1469275413277
"(118, 935.2029754167264)",50.21762761046647,48.59639887773449,0.5956747784369032,123.54950209851347,433.52732307637774
"(119, 935.2029754167264)",50.021848102275584,49.00079992856413,0.6006317610923276,125.8133285449294,435.8992815584038
"(120, 935.2029754167264)",49.82581883917125,49.40678308217257,0.6056081365164264,128.10421332989347,438.2623178768476
"(17, 935.4104403846778)",66.08347483441831,18.64910785034778,0.22859313536278764,5.157804460491001,208.67060095812846
"(18, 935.4104403846778)",65.97665754243829,18.80208617022682,0.23046828103003947,5.487268516584562,210.09516773642434
"(19, 935.4104403846778)",65.86499922233402,18.96255915092199,0.23243529318378417,5.832825673231837,211.5895742847534
"(20, 935.4104403846778)",65.74896676503434,19.13006130060338,0.23448846601558457,6.194273499431178,213.14868576133435
"(21, 935.4104403846778)",65.62901423824918,19.30413735876526,0.23662221912839518,6.571431625747593,214.76746257394427
"(22, 935.4104403846778)",65.50557624445626,19.484348682155677,0.23883117581266652,6.964140016165463,216.44103532835135
"(23, 935.4104403846778)",65.3790635128152,19.670277549328283,0.2411102158097804,7.37225724509355,218.16475590677783
"(24, 935.4104403846778)",65.24986007817459,19.86152993440203,0.2434545093116698,7.795658845196349,219.93423092366834
"(25, 935.4104403846778)",65.11832183817728,20.057737006217973,0.24585953533686558,8.234235766607657,221.74534045562203
"(26, 935.4104403846778)",64.98477603819339,20.258555738239306,0.2483210892063971,8.687892970378465,223.5942464409803
"(27, 935.4104403846778)",64.84952145169282,20.463668857874374,0.25083528192269183,9.156548166908754,225.4773933604112
"(28, 935.4104403846778)",64.71282903915511,20.672784336251592,0.25339853391515954,9.640130701642777,227.3915035007683
"(29, 935.4104403846778)",64.57494292507232,20.885634568987093,0.256007564998729,10.13858058468762,229.3335685325825
"(30, 935.4104403846778)",64.43608157520877,21.101975359515386,0.25865938191193205,10.651847657231944,231.300838686637
"(31, 935.4104403846778)",64.29643908932935,21.321584785999818,0.2613512644276118,11.179890885228264,233.29081046809645
"(32, 935.4104403846778)",64.15618655127032,21.544262008475883,0.2640807507316253,11.722677769184008,235.30121356980197
"(33, 935.4104403846778)",64.01547339687555,21.769826055357115,0.26684562254830707,12.280183858182355,237.32999744445306
"(34, 935.4104403846778)",63.874428774611985,21.99811461504898,0.2696438903285296,12.85239235586934,239.37531784337833
"(35, 935.4104403846778)",63.733162883188236,22.22898284919101,0.2724737787029072,13.439293806221693,241.43552352354192
"(36, 935.4104403846778)",63.59176827717617,22.462302237543845,0.2753337123229163,14.040885847318004,243.50914324940933
"(37, 935.4104403846778)",63.45032113457679,22.697959460612456,0.2782223021645559,14.65717302144095,245.5948731711452
"(38, 935.4104403846778)",63.308882485706604,22.935855322559544,0.28113833232582264,15.288166632022522,247.69156461788913
"(39, 935.4104403846778)",63.16749939936192,23.175903716610822,0.2840807473451104,15.933884636498455,249.7982123423997
"(40, 935.4104403846778)",63.02620612726877,23.41803063302458,0.28704864004125463,16.5943515673009,251.91394322551193
"(41, 935.4104403846778)",62.88502520549535,23.662173209898345,0.2900412398787829,17.26959847292117,254.03800545180908
"(42, 935.4104403846778)",62.74396851226669,23.908278826680064,0.2930579018565031,17.959662872361612,256.16975816143963
"(43, 935.4104403846778)",62.603038280043585,24.156304240432426,0.29609809592017566,18.664588716217906,258.3086615855382
"(44, 935.4104403846778)",62.46222807143168,24.40621476260951,0.29916139687177773,19.384426356594258,260.45426763733076
"(45, 935.4104403846778)",62.321523687224015,24.657983482062598,0.3022474748454808,20.11923250073306,262.60621104963496
"(46, 935.4104403846778)",62.18090405758003,24.911590523923557,0.30535608622326665,20.86907018040852,264.764200907839
"(47, 935.4104403846778)",62.040342064267485,25.167022353934986,0.3084870651077338,21.634008699389614,266.92801272601247
"(48, 935.4104403846778)",61.89980532468949,25.424271121683677,0.3116403152717536,22.414123578250795,269.09748097172013
"(49, 935.4104403846778)",61.75925692738109,25.68333404407003,0.3148158026012176,23.209496488243033,271.2724920630177
"(50, 935.4104403846778)",61.61865612079837,25.94421282786971,0.31801354801707593,24.020215174379416,273.4529778245675
"(51, 935.4104403846778)",61.477958955952374,26.206913130432095,0.3212336208648195,24.846373367317796,275.63890939220767
"(52, 935.4104403846778)",61.33711888380718,26.471444057366433,0.3244761327572674,25.68807068399515,277.8302915527975
"(53, 935.4104403846778)",61.196087308559584,26.73781769595203,0.3277412318553539,26.54541251711997,280.0271575049134
"(54, 935.4104403846778)",61.05481409817248,27.00604868289229,0.3310290975697958,27.41850991395304,282.22956402395215
"(55, 935.4104403846778)",60.913248053750884,27.2761538049093,0.3343399356653729,28.307479444868193,284.4375870140631
"(56, 935.4104403846778)",60.77133733945776,27.54815163063439,0.33767397374879704,29.212443062372323,286.651317428434
"(57, 935.4104403846778)",60.6290298748374,27.822062172170615,0.34103145712014893,30.133527951276445,288.87085753851045
"(58, 935.4104403846778)",60.48627369149689,28.097906574655674,0.3444126449679727,31.070866370801898,291.0963175327411
"(59, 935.4104403846778)",60.343017256081986,28.375706832218246,0.347817806887265,32.02459548939817,293.3278124246512
"(60, 935.4104403846778)",60.199209761603626,28.655485528623675,0.35124721970059075,32.99485721308966,295.56545925093366
"(61, 935.4104403846778)",60.05480138908211,28.937265601017803,0.35470116456212053,33.981798008078506,297.8093745399327
"(62, 935.4104403846778)",59.909743541468025,29.221070125186298,0.35817992432531626,34.98556871840914,300.05967203168547
"(63, 935.4104403846778)",59.76398905177397,29.50692212077741,0.36168378115569305,36.00632437937805,302.3164606314642
"(64, 935.4104403846778)",59.61749236723385,29.794844375058233,0.36521301437022147,37.044224027381205,304.57984257888336
"(65, 935.4104403846778)",59.470209711270186,30.084859283776954,0.36876789848682323,38.09943050683496,306.8499118164565
"(66, 935.4104403846778)",59.32209922493697,30.376988707829017,0.37234870146740756,39.172110274765814,309.1267525415248
"(67, 935.4104403846778)",59.17312108940116,30.67125384448915,0.3759556831395007,40.26243320362691,311.4104379270158
"(68, 935.4104403846778)",59.02323763096668,30.967675112039153,0.37958909378204936,41.37057238283768,313.7010289970499
"(69, 935.4104403846778)",58.87241340999909,31.266272046723923,0.383249172862349,42.49670391952418,315.99857364470927
"(70, 935.4104403846778)",58.720615295015435,31.567063211046463,0.38693614791196884,43.64100673889731,318.30310578018833
"(71, 935.4104403846778)",58.567812523150174,31.87006611246922,0.390650233530223,44.80366238465741,320.6146445982257
"(72, 935.4104403846778)",58.41397674804355,32.175297131701136,0.39439163050514076,45.98485481980003,322.9331939550448
"(73, 935.4104403846778)",58.25908207614703,32.48277145978961,0.3981605250423681,47.18477022815493,325.2587418455212
"(74, 935.4104403846778)",58.103105092480526,32.79250304334902,0.4019570880938158,48.403596816976744,327.5912599726023
"(75, 935.4104403846778)",57.946024876219965,33.10450453724605,0.4057814747776047,49.641524620893215,329.93070340077
"(76, 935.4104403846778)",57.787823007628496,33.418787264241736,0.40963382388356806,50.89874530745296,332.277010287935
"(77, 935.4104403846778)",57.62848356622979,33.73536118102749,0.41351425745673637,52.17545198461943,334.63010168832943
"(78, 935.4104403846778)",57.46799312131004,34.054234850220226,0.41742288045416565,53.47183901027483,336.989881421997
"(79, 935.4104403846778)",57.30634071514458,34.37541541790637,0.42135978046965894,54.78810180424554,339.35623600526935
"(80, 935.4104403846778)",57.14351783949459,34.698908596362585,0.4253250275219683,56.1244366628417,341.7290346381079
"(81, 935.4104403846778)",56.979518405795396,35.02471865164358,0.4293186739026452,57.481040576249214,344.10812924439
"(82, 935.4104403846778)",56.814338709506934,35.35284839572342,0.4333407540797204,58.858111048982586,346.493354561357
"(83, 935.4104403846778)",56.6479773889725,35.68329918294934,0.4373912846542423,60.25584592360844,348.8845282752364
"(84, 935.4104403846778)",56.48043537915268,36.01607091057285,0.44147026436671133,61.67444320796169,351.28145120004393
"(85, 935.4104403846778)",56.31171586057662,36.35116202313341,0.445577674150998,63.11410090604527,353.6839074971203
"(86, 935.4104403846778)",56.141824203794236,36.68856952053585,0.4497134772330952,64.57501685291818,356.0916649326162
"(87, 935.4104403846778)",55.970767909643044,37.028288969613776,0.45387761927311204,66.05738855364193,358.50447517136894
"(88, 935.4104403846778)",55.798556545596654,37.37031451904826,0.45807002854797507,67.561413026544,360.9220741045393
"(89, 935.4104403846778)",55.6252016784527,37.714638917482674,0.4622906161734718,69.08728665121822,363.3441822093131
"(90, 935.4104403846778)",55.45071680363497,38.06125353468619,0.4665392763638092,70.63520502111751,365.7705049391022
"(91, 935.4104403846778)",55.27511727134691,38.41014838564982,0.4708158867268216,72.20536280120848,368.20073314203034
"(92, 935.4104403846778)",55.09842020982758,38.76131215746984,0.4751203085935734,73.79795359080568,370.63454350641285
"(93, 935.4104403846778)",54.92064444654562,39.114732239016604,0.47945238738195206,75.41316979180766,373.0715990326293
"(94, 935.4104403846778)",54.741810423461615,39.470394752426024,0.4838119529828347,77.05120248251976,375.5115495205247
"(95, 935.4104403846778)",54.56194011891793,39.82828458878792,0.4881988201973234,78.71224129728063,377.9540320987778
"(96, 935.4104403846778)",54.38105695588337,40.188385443729544,0.4926127891731321,80.39647431206214,380.39867174750185
"(97, 935.4104403846778)",54.19918571730708,40.55067985693478,0.4970536458888298,82.10408793624238,382.8450818594376
"(98, 935.4104403846778)",54.01635245651999,40.91514925295427,0.5015211626541607,83.835266810718,385.29286480984615
"(99, 935.4104403846778)",53.83258440702735,41.28177398400671,0.5060150986346552,85.5901937125313,387.74161254260775
"(100, 935.4104403846778)",53.64790989134737,41.65053337450508,0.5105352003974403,87.3690494661579,390.1909071694915
"(101, 935.4104403846778)",53.46235822914897,42.02140576715759,0.5150812024762681,89.17201286162184,392.6403215805736
"(102, 935.4104403846778)",53.27595964491763,42.39436857049061,0.5196528279540912,90.99926057954727,395.0894200641324
"(103, 935.4104403846778)",53.088745175397854,42.7693983076365,0.5242497890611139,92.85096712330412,397.53775893392685
"(104, 935.4104403846778)",52.90074657703127,43.14647066623606,0.5288717877863288,94.7273047583296,399.9848871619121
"(105, 935.4104403846778)",52.71199623364534,43.52556054926863,0.5335185165007708,96.62844345874856,402.4303470146174
"(106, 935.4104403846778)",52.52252706459115,43.906642126673965,0.5381896585900929,98.5545508613652,404.87367469087303
"(107, 935.4104403846778)",52.332372433565915,44.289688887573455,0.542884889094802,100.5057922271007,407.314400959255
"(108, 935.4104403846778)",52.14156605832211,44.6746736929381,0.5476038753557715,102.48233040994717,409.75205179295125
"(109, 935.4104403846778)",51.95014192146428,45.061568828527925,0.5523462776632058,104.48432583346226,412.1861490003145
"(110, 935.4104403846778)",51.75813418252166,45.45034605794193,0.5571117499068416,106.51193647486512,414.61621084897206
"(111, 935.4104403846778)",51.56557709148349,45.84097667560406,0.5618999402254703,108.56531785671751,417.04175268171383
"(112, 935.4104403846778)",51.37250490395127,46.23343155953247,0.5667104916537614,110.6446230462288,419.46228752223345
"(113, 935.4104403846778)",51.17895179807336,46.6276812237271,0.5715430427643543,112.75000266214927,421.87732666885415
"(114, 935.4104403846778)",50.984951793394146,47.02369587002054,0.576397228303537,114.88160488925773,424.2863802746615
"(115, 935.4104403846778)",50.790538671749125,47.421445439247556,0.5812726798183548,117.03957550038601,426.6889579120831
"(116, 935.4104403846778)",50.59574590031139,47.820899661586886,0.5861690262736928,119.22405788595786,429.08456912057494
"(117, 935.4104403846778)",50.40060655689501,48.222028105933454,0.5910858946575436,121.4351930909786,431.47272393580556
"(118, 935.4104403846778)",50.20515325757932,48.62480022818693,0.5960229105728155,123.67311985941897,433.8529333988559
"(119, 935.4104403846778)",50.00941808674809,49.02918541831404,0.6009796988142456,125.93797468591296,436.2247100441715
"(120, 935.4104403846778)",49.81343252956523,49.43515304609118,0.6059558839290282,128.22989187470216,438.5875683650369
"(17, 935.6315217817672)",66.03730706706833,18.70414150788556,0.22926771542463165,5.208416755443128,209.3016847227341
"(18, 935.6315217817672)",65.93149432353665,18.85630002288389,0.23113281225901106,5.5382942580035355,210.7168506095945
"(19, 935.6315217817672)",65.82084230209445,19.01595392273545,0.23308978445482817,5.88428517219019,212.20186456906478
"(20, 935.6315217817672)",65.70581168699185,19.18264273043641,0.23513298767334176,6.246185812365294,213.75164926553697
"(21, 935.6315217817672)",65.58685131039249,19.355915364986227,0.23725689274816653,6.623814581040195,215.36121303414038
"(22, 935.6315217817672)",65.46439147802704,19.5353365718101,0.23945616450677207,7.017010258086751,217.0257253394096
"(23, 935.6315217817672)",65.33883942474475,19.720491338852757,0.24172571590114847,7.425630289600654,218.74056913277803
"(24, 935.6315217817672)",65.21057645564139,19.91098772016995,0.244060742618245,7.849549143282734,220.50137487981405
"(25, 935.6315217817672)",65.07995638056573,20.106458436436004,0.2464567426984123,8.288656771849935,222.304040452443
"(26, 935.6315217817672)",64.94730491203194,20.306561561745273,0.24890952495351013,8.742857208266967,224.14474040996245
"(27, 935.6315217817672)",64.81291975916125,20.510980546878724,0.2514152092529571,9.212067304124844,226.01992752830083
"(28, 935.6315217817672)",64.67707120824295,20.719423775357857,0.253970221081168,9.69621561403799,227.92632882338708
"(29, 935.6315217817672)",64.54000303023759,20.931623802396498,0.25657128220934955,10.195241423133487,229.86093779589953
"(30, 935.6315217817672)",64.4019335974845,21.147336388467686,0.2592153988492942,10.709093910785068,231.8210041838478
"(31, 935.6315217817672)",64.26305712446798,21.366339408956286,0.26189984828833235,11.237731441272429,233.80402216715393
"(32, 935.6315217817672)",64.12354497386582,21.588431697236118,0.26462216470824673,11.781120970384942,235.8077176927774
"(33, 935.6315217817672)",63.98354698761736,21.813431861029045,0.2673801246767002,12.339237556212883,237.83003538924677
"(34, 935.6315217817672)",63.843192816989195,22.041177098560894,0.2701717326361342,12.912063961884897,239.86912538687807
"(35, 935.6315217817672)",63.70259323509179,22.271522031792905,0.2729952066020186,13.49959033813598,241.92333025403866
"(36, 935.6315217817672)",63.561841422104166,22.50433756740662,0.27584896420126237,14.101813973983797,243.99117218356753
"(37, 935.6315217817672)",63.42101421636329,22.73950979228424,0.27873160913347567,14.718739103812409,246.07134051842218
"(38, 935.6315217817672)",63.28017333014454,22.97693890653745,0.2816419180924397,15.350376761421362,248.16267966094384
"(39, 935.6315217817672)",63.13936652541742,23.216538196816924,0.2845788281813899,15.996744670073857,250.26417740815205
"(40, 935.6315217817672)",62.9986287501735,23.45823305034277,0.28754142482739853,16.65786716082279,252.37495372573372
"(41, 935.6315217817672)",62.857983233529076,23.70196001030994,0.2905289302029068,17.33377511099935,254.49424997637522
"(42, 935.6315217817672)",62.717442538768005,23.94766587277662,0.29354069215575707,18.024505896214723,256.6214186103495
"(43, 935.6315217817672)",62.57700957178157,24.195306825390155,0.2965761736520536,18.730103349095764,258.7559133291888
"(44, 935.6315217817672)",62.43667855439165,24.444847625839508,0.2996349427059623,19.450617727013015,260.8972796959591
"(45, 935.6315217817672)",62.29643593042446,24.696260825977888,0.3027166628693358,20.18610566353094,263.0451462856039
"(46, 935.6315217817672)",62.15626125567443,24.949526031341872,0.3058210841551703,20.936630135868374,265.19921622518353
"(47, 935.6315217817672)",62.016128019283464,25.20462920578102,0.3089480345140821,21.70226041042662,267.35925927347
"(48, 935.6315217817672)",61.876004427308274,25.461562014722638,0.31209741178428363,22.483071985856554,269.5251043460236
"(49, 935.6315217817672)",61.735854138038746,25.720321208463847,0.3152691761322627,23.279146525232388,271.69663251028055
"(50, 935.6315217817672)",61.595636950810444,25.980908044420545,0.3184633429708924,24.09057177757894,273.87377043798597
"(51, 935.6315217817672)",61.45530944881526,26.243327747408884,0.3216799763438325,24.91744148829908,276.05648430500383
"(52, 935.6315217817672)",61.31482559681602,26.507589006829853,0.3249191827622298,25.759855298441643,278.24477412547157
"(53, 935.6315217817672)",61.17413729480189,26.773703509550188,0.32818110547886753,26.617918632925395,280.43866850629007
"(54, 935.6315217817672)",61.033194888985754,27.04168550707568,0.33146591918291834,27.491742578151364,282.63821980575483
"(55, 935.6315217817672)",60.891947641658184,27.311551415575448,0.3347738250970524,28.381443749483708,284.8434996787746
"(56, 935.6315217817672)",60.75034416163113,27.58331944718034,0.3381050464581204,29.287144149266368,287.05459499043985
"(57, 935.6315217817672)",60.608332797104104,27.85700927095724,0.3414598243614974,30.208971016072596,289.27160407861015
"(58, 935.6315217817672)",60.4658619928767,28.13264170191391,0.34483841394903575,31.147056665976493,291.4946333459708
"(59, 935.6315217817672)",60.32288061387932,28.410238416384434,0.3482410809203692,32.10153832660386,293.72379416184873
"(60, 935.6315217817672)",60.17933823703734,28.68982169213908,0.35166809834729473,33.072557964759774,295.95920005401973
"(61, 935.6315217817672)",60.03518541344695,28.97141417160531,0.3551197437714242,34.060262108406555,298.20096417120226
"(62, 935.6315217817672)",59.890373902830305,29.255038646614665,0.3585962965657073,35.064801663736645,300.44919699734197
"(63, 935.6315217817672)",59.74485688216385,29.54071786315554,0.3620980355411643,36.08633172805764,302.70400429951036
"(64, 935.6315217817672)",59.59858913034752,29.82847434465241,0.3656252367807199,37.12501139915877,304.9654852918052
"(65, 935.6315217817672)",59.45152719065082,30.118330232389635,0.3691781716831791,38.18100358179784,307.23373099874556
"(66, 935.6315217817672)",59.30362951262004,30.41030714175395,0.37275710520111005,39.25447479191734,309.50882280236357
"(67, 935.6315217817672)",59.15485657501546,30.70442603305967,0.3763622942574722,40.3455949590867,311.79083115830935
"(68, 935.6315217817672)",59.005170991271896,31.000707095789366,0.37999398632668435,41.454537227748915,314.0798144670068
"(69, 935.6315217817672)",58.854537598830646,31.29916964518716,0.38365241816713935,42.58147775767248,316.375818087303
"(70, 935.6315217817672)",58.702923533641716,31.599832030202336,0.3873378146926587,43.72659552407996,318.6788734804365
"(71, 935.6315217817672)",58.55029829100827,31.902711551854075,0.39105038797214997,44.89007211783775,320.98899747389544
"(72, 935.6315217817672)",58.39663377384884,32.20782439120745,0.3947903363464591,46.07209154606003,323.30619163451325
"(73, 935.6315217817672)",58.24190432934048,32.51518554616922,0.39855784365379254,47.27284003347984,325.6304417423777
"(74, 935.6315217817672)",58.08608677502721,32.824808776428085,0.4023530785547857,48.492505824895446,327.9617173568976
"(75, 935.6315217817672)",57.929160414716904,33.13670655587055,0.4061761939492371,49.73127898898016,330.2999714672707
"(76, 935.6315217817672)",57.771107045712654,33.450890031980265,0.41002732647844087,50.98935122374002,332.6451402213931
"(77, 935.6315217817672)",57.61191095728515,33.76736899162231,0.4139065961057857,52.26691566386433,334.9971427261033
"(78, 935.6315217817672)",57.45155892143402,34.08615183282333,0.41781410577084616,53.56416669023801,337.35588091402707
"(79, 935.6315217817672)",57.290040176385,34.40724554209647,0.4217499411114437,54.881299741832436,339.7212394716383
"(80, 935.6315217817672)",57.12734640331778,34.73065567697008,0.4257141702494873,56.218511130226304,342.09308582436387
"(81, 935.6315217817672)",56.96347169679679,35.05638635338216,0.4297068436364848,57.57599785696053,344.47127017468364
"(82, 935.6315217817672)",56.7984125293284,35.38444023765507,0.4337279939550535,58.95395743397519,346.8556255895447
"(83, 935.6315217817672)",56.63216771043128,35.71481854277673,0.43777763607359754,60.35258770731591,349.24596813424887
"(84, 935.6315217817672)",56.46473834055937,36.04752102878762,0.44185576705069735,61.772086684349176,351.6420970493448
"(85, 935.6315217817672)",56.29612776023462,36.38254600701787,0.44596236618742296,63.21265236468662,354.04379496864965
"(86, 935.6315217817672)",56.126341494669816,36.719890348035385,0.4500973951243807,64.67448257507817,356.4508281751555
"(87, 935.6315217817672)",55.955387194196014,37.05954949308407,0.45426079798227575,66.15777480840579,358.86294689355077
"(88, 935.6315217817672)",55.783274570756554,37.401517468893644,0.4584525015431795,67.66272606697015,361.27988561653285
"(89, 935.6315217817672)",55.61001533074287,37.745786905683275,0.4626724154713342,69.18953271055787,363.7013634633326
"(90, 935.6315217817672)",55.435623104424806,38.092349058234625,0.4669204325714273,70.73839030907652,366.127084568729
"(91, 935.6315217817672)",55.26011337223113,38.441193829893336,0.47119642908280535,72.30949350028378,368.55673850059594
"(92, 935.6315217817672)",55.083503388121244,38.792309799373356,0.4755002650080123,73.90303585268897,370.99000070439115
"(93, 935.6315217817672)",54.905812100891595,39.14568425034759,0.479831784475513,75.51920973387303,373.4265329742121
"(94, 935.6315217817672)",54.727060069541174,39.50130320287015,0.4841908161248492,77.15820618439729,375.86598393925124
"(95, 935.6315217817672)",54.54726938527071,39.859151448998404,0.4885771735433026,78.8202147975194,378.3079895926354
"(96, 935.6315217817672)",54.366463579806414,40.21921258832312,0.49299065570132383,80.50542360489972,380.75217381312115
"(97, 935.6315217817672)",54.184667540861405,40.58146906742241,0.4974310474362495,82.21401896847114,383.1981489258054
"(98, 935.6315217817672)",54.00190742261464,40.94590222062671,0.5018981199519773,83.94618547867192,385.6455162714046
"(99, 935.6315217817672)",53.81821055558936,41.31249231277269,0.5063916313429438,85.70210585918103,388.09386679176913
"(100, 935.6315217817672)",53.63360535557541,41.68121858368479,0.5109113271393592,87.48196087833193,390.542781628609
"(101, 935.6315217817672)",53.448121231852184,42.05205929422597,0.5154569408718239,89.28592926734645,392.99183273353253
"(102, 935.6315217817672)",53.26178849492015,42.424991773792414,0.5200281946533356,91.11418764551931,395.4405834874062
"(103, 935.6315217817672)",53.074638264029645,42.79999246905683,0.5246247997768413,92.96691045249867,397.8885893271622
"(104, 935.6315217817672)",52.88670237469402,43.177036993830825,0.5292464573264356,94.84426988773602,400.33539837820604
"(105, 935.6315217817672)",52.69801328644819,43.556100179867876,0.5338928588000145,96.74643585724907,402.78055209022665
"(106, 935.6315217817672)",52.508603991067424,43.937156128440435,0.5385636867415753,98.67357592774862,405.22358587467045
"(107, 935.6315217817672)",52.318507921464175,44.32017826252946,0.5432586153809142,100.62585528822741,407.6640297416732
"(108, 935.6315217817672)",52.12775886146865,44.705139379459126,0.5479773112787495,102.60343671904431,410.10140893457327
"(109, 935.6315217817672)",51.93639085670214,45.0920117037999,0.5527194339752403,104.60648056857274,412.53524456003834
"(110, 935.6315217817672)",51.74443812672775,45.480766940382026,0.557484636639724,106.63514473743095,414.9650542117496
"(111, 935.6315217817672)",51.55193497866121,45.87137632724279,0.5622725667198751,108.68958467031541,417.39035258594157
"(112, 935.6315217817672)",51.35891572240071,46.26381068836176,0.5670828665879546,110.76995335544356,419.8106520866113
"(113, 935.6315217817672)",51.16541458763466,46.658040486008964,0.5719151741825557,112.87640133159132,422.2254634189176
"(114, 935.6315217817672)",50.971465642777005,47.05403587255628,0.5767691236436356,115.00907670272012,424.63429616871093
"(115, 935.6315217817672)",50.777102715934674,47.451766741604374,0.5816443459393135,117.16812516013886,427.03665936682165
"(116, 935.6315217817672)",50.58235931803634,47.85120277828565,0.586540469482292,119.35369001218068,429.4320620361284
"(117, 935.6315217817672)",50.387268568215354,48.25231350859088,0.5914571207346688,121.5659122213288,431.82001372031186
"(118, 935.6315217817672)",50.191863121517954,48.65506834761267,0.5963939247991494,123.8049304487237,434.2000249925053
"(119, 935.6315217817672)",49.99617509901714,49.05943664656431,0.6013505059954384,126.0708811059984,436.5716079427493
"(120, 935.6315217817672)",49.80023602037251,49.4653877384717,0.6063264884203351,128.36389841433748,438.9342766429757
"(17, 935.8653809705295)",65.98874710116112,18.76218046489151,0.2299791332180016,5.262116345966535,209.96739277837068
"(18, 935.8653809705295)",65.88398032367044,18.91348395561772,0.23183374951460825,5.592428790120882,211.3727515211943
"(19, 935.8653809705295)",65.77437681727777,19.072283013864695,0.23378024341172307,5.93887613220303,212.8479604316923
"(20, 935.8653809705295)",65.66039077172923,19.238122421753175,0.2358130350347956,6.301253374136752,214.38800249651902
"(21, 935.8653809705295)",65.54246552868726,19.410555492280828,0.23792664907727126,6.679377631699911,215.98793645004204
"(22, 935.8653809705295)",65.42102684961598,19.589150560480704,0.24011579436656424,7.073086442222991,217.64297292968297
"(23, 935.8653809705295)",65.29647828983326,19.77349547736202,0.24237541894894452,7.482236066260892,219.34852772628477
"(24, 935.8653809705295)",65.16919824619782,19.96320051885331,0.24470074574616274,7.906699851151363,221.1002567903539
"(25, 935.8653809705295)",65.03953829466978,20.15790007247177,0.24708729322996364,8.346366699177844,222.89407711245903
"(26, 935.8653809705295)",64.90782249348959,20.35725340669182,0.24953088485268904,8.801139664856569,224.72617695171857
"(27, 935.8653809705295)",64.7743473883256,20.560944770500708,0.2520276502675838,9.270934693511597,226.59301823926808
"(28, 935.8653809705295)",64.63938251192589,20.76868301807689,0.25457402072826585,9.75567950449474,228.49133338956324
"(29, 935.8653809705295)",64.50317121965382,20.980200908183374,0.2571667205009745,10.255312616567975,230.4181182380182
"(30, 935.8653809705295)",64.3659317433277,21.19525419004267,0.2598027556595855,10.76978250895691,232.37062239359446
"(31, 935.8653809705295)",64.22785837785942,21.413620557638797,0.2624794012679005,11.299046908939701,234.34633795556047
"(32, 935.8653809705295)",64.08912274134059,21.635098530408648,0.2651941876595876,11.843072195196672,236.3429872700133
"(33, 935.8653809705295)",63.94987506753148,21.859506300926867,0.26794488631360047,12.401832905249137,238.35851020373374
"(34, 935.8653809705295)",63.81024550381231,22.086680576917704,0.27072949566002563,12.975311334827719,240.3910512610015
"(35, 935.8653809705295)",63.67034539734333,22.316475435545385,0.273546227036422,13.563497217153216,242.43894676133883
"(36, 935.8653809705295)",63.53026855870557,22.54876120146641,0.2763934909354874,14.166387470349024,244.5007122217654
"(37, 935.8653809705295)",63.39009249560505,22.78342335592781,0.2792698836331828,14.783986001390168,246.57503003857389
"(38, 935.8653809705295)",63.2498796146892,23.020361480596762,0.2821741742426756,15.416303557099255,248.6607375205669
"(39, 935.8653809705295)",63.10967838622396,23.25948823931746,0.28510529223307096,16.063357611275173,250.75681532114194
"(40, 935.8653809705295)",62.969524471722046,23.500728398658737,0.2880623154237665,16.725172280198358,252.8623762871177
"(41, 935.8653809705295)",62.82944181226945,23.744017888283768,0.2910444584667723,17.401778258412666,254.9766547439546
"(42, 935.8653809705295)",62.68944367637555,23.989302901535016,0.2940510618220953,18.093212768149815,257.09899622877407
"(43, 935.8653809705295)",62.549533664465635,24.236539036858588,0.2970815812336464,18.79951951559367,259.22884768496016
"(44, 935.8653809705295)",62.40970667933484,24.4856904781404,0.3001355776821584,19.520748656284724,261.3657480940384
"(45, 935.8653809705295)",62.26994983002214,24.73672922010894,0.30321270789045,20.25695674428574,263.5093196407161
"(46, 935.8653809705295)",62.130243320386114,24.989634328614258,0.3063127152562941,21.00820669758139,265.6592592618676
"(47, 935.8653809705295)",61.99056126946349,25.24439124566488,0.30943542133377905,21.774567741592026,267.81533073072137
"(48, 935.8653809705295)",61.850872494462116,25.500991132796976,0.3125807177846318,22.556115350348392,269.97735718320763
"(49, 935.8653809705295)",61.711141245788106,25.75943025426293,0.31574855881758557,23.3529311769143,272.14521411180107
"(50, 935.8653809705295)",61.57132789579885,26.019709399012925,0.31893895410326983,24.165102973241726,274.3188228149571
"(51, 935.8653809705295)",61.43138958174759,26.281833340585834,0.3221519621537675,24.992724499067098,276.49814429237216
"(52, 935.8653809705295)",61.291280803733194,26.545810333836325,0.3253876841537155,25.835895419722505,278.6831735739128
"(53, 935.8653809705295)",61.15095397870347,26.81165164729284,0.3286462582281255,26.694721193024517,280.87393446817913
"(54, 935.8653809705295)",61.01035995188279,27.079371129772635,0.33192785413012926,27.569312945651966,283.0704747145718
"(55, 935.8653809705295)",60.86944846707687,27.3489848098363,0.33523266833127413,28.45978733946531,285.27286152214975
"(56, 935.8653809705295)",60.7281685976383,27.620510526495536,0.33856091949486017,29.366266428481904,287.4811774763082
"(57, 935.8653809705295)",60.58646913983067,27.893967589618057,0.341912844313347,30.288877507143223,289.6955167948846
"(58, 935.8653809705295)",60.44429897060235,28.169376468344698,0.34528869368909615,31.22775295069036,291.91598191347214
"(59, 935.8653809705295)",60.30160737163638,28.446758505922993,0.3486887292389026,32.18303004841022,294.14268038088517
"(60, 935.8653809705295)",60.15834432176485,28.726135659263655,0.35211322010159424,33.154850830506184,296.3757220446322
"(61, 935.8653809705295)",60.01446075968402,29.007530261627963,0.35556244002915416,34.14336188940297,298.6152165072924
"(62, 935.8653809705295)",59.86990881891866,29.29096480687126,0.359036664742054,35.14871419619851,300.8612708350121
"(63, 935.8653809705295)",59.72464203698785,29.576461753690495,0.36253616952982665,36.1710629129915,303.11398749963615
"(64, 935.8653809705295)",59.57861554056135,29.86404334843899,0.36606122707915967,37.21056720173567,305.3734625372416
"(65, 935.8653809705295)",59.43178620840686,30.15373146508921,0.36961210551226115,38.26739003027953,307.63978390627227
"(66, 935.8653809705295)",59.2841128137634,30.445547461045443,0.3731890666194602,39.34169797615321,309.9130300297042
"(67, 935.8653809705295)",59.135556147751004,30.73951204754695,0.3767923642706545,40.4336610286538,312.19326850628875
"(68, 935.8653809705295)",58.98607912526185,31.03564517351866,0.38042224299160216,41.54345238975226,314.48055497724687
"(69, 935.8653809705295)",58.83564687472912,31.333965921782177,0.3840789366917289,42.671248274250466,316.7749321355103
"(70, 935.8653809705295)",58.68422681303969,31.63449241663584,0.3877626675312666,43.8172277096511,319.0764288656465
"(71, 935.8653809705295)",58.53178870677064,31.937241741885362,0.3914736449165175,44.98157233610102,321.3850595036174
"(72, 935.8653809705295)",58.37830472082873,32.24222986848709,0.3952120646129327,46.164466206794295,323.7008232063375
"(73, 935.8653809705295)",58.22374945545937,32.54947159103579,0.39897810796660216,47.3660955891671,326.0237034218981
"(74, 935.8653809705295)",58.06809997269955,32.85898047241314,0.4027719412257822,48.58664876718004,328.3536674523263
"(75, 935.8653809705295)",57.91133581259652,33.170768795926136,0.4065937149542232,49.826315844986674,330.69066610087026
"(76, 935.8653809705295)",57.75343900076555,33.484847524440795,0.4104435635302553,51.085288552284155,333.03463339786
"(77, 935.8653809705295)",57.59439404714414,33.80122626592469,0.4143216047244142,52.363760051561506,335.38548639817355
"(78, 935.8653809705295)",57.43418793704845,34.119913244987465,0.4182279393505972,53.66192474752569,337.7431250453405
"(79, 935.8653809705295)",57.272810114929484,34.44091527998961,0.422162650985483,54.97997809893653,340.1074320971212
"(80, 935.8653809705295)",57.110252461354015,34.76423776536463,0.42612580575182446,56.318116433066145,342.4782731082389
"(81, 935.8653809705295)",56.9465092636816,35.08988465881603,0.43011745216154007,57.67653676303103,344.8554964662021
"(82, 935.8653809705295)",56.78157718084029,35.41785847311127,0.4341376210150995,59.05543660819101,347.2389334767444
"(83, 935.8653809705295)",56.61545520260444,35.74816027220151,0.43818632535398266,60.45501381785721,349.6283984956242
"(84, 935.8653809705295)",56.44814460373098,36.08078967143485,0.4422635604632838,61.87546639850082,352.0236891038531
"(85, 935.8653809705295)",56.27964889326617,36.415744841662054,0.4463693039220412,63.31699234470161,354.42458632384955
"(86, 935.8653809705295)",56.10997375935506,36.75302251703306,0.45050351569879876,64.77978947400972,356.8308548740095
"(87, 935.8653809705295)",55.93912700982668,37.09261800632054,0.45466613829041114,66.26405526608274,359.2422434594723
"(88, 935.8653809705295)",55.7671185088517,37.43452520760179,0.4588570969020014,67.7699867059036,361.6584850973191
"(89, 935.8653809705295)",55.59396010992248,37.778736626156395,0.4630762996663698,69.29778013195389,364.07929747373635
"(90, 935.8653809705295)",55.41966558541743,38.12524339544111,0.46732363790103676,70.84763108889942,366.5043833318881
"(91, 935.8653809705295)",55.244250553014545,38.47403530099541,0.4715989864013307,72.41973418538231,368.9334308884146
"(92, 935.8653809705295)",55.06773239918995,38.8251008071581,0.47590220376783726,74.01428295701322,371.3661142768883
"(93, 935.8653809705295)",54.89013020063112,39.17842708658458,0.4802331327682118,75.6314697347586,373.8020940180348
"(94, 935.8653809705295)",54.71146463971315,39.53400005159026,0.48459160072137686,77.27148551895311,376.24101750527694
"(95, 935.8653809705295)",54.53175792661558,39.891804389709186,0.4889774199333932,78.93451985911001,378.6825195328416
"(96, 935.8653809705295)",54.35103370773125,40.25182359915727,0.49339038813213915,80.62076073972929,381.12622281675254
"(97, 935.8653809705295)",54.16931698122592,40.61404002823433,0.49783028895029646,82.33039447228919,383.57173855484876
"(98, 935.8653809705295)",53.9866340076088,40.978434916034665,0.5022968924243543,84.0636055935825,386.0186669954488
"(99, 935.8653809705295)",53.80301221970306,41.344988435147265,0.5067899555180205,85.82057677058404,388.4665980223259
"(100, 935.8653809705295)",53.61848013165362,41.71367973608991,0.5113092226668923,87.60148871199131,390.9151117529051
"(101, 935.8653809705295)",53.433067247220315,42.084486993328774,0.5158544263424428,89.40652008658185,393.36377914772237
"(102, 935.8653809705295)",53.2468039676155,42.45738745271004,0.5204252876336223,91.23584744854875,395.8121626293885
"(103, 935.8653809705295)",53.05972149908857,42.83235748018229,0.5250215168438771,93.089645169905,398.25981670891525
"(104, 935.8653809705295)",52.87185176053628,43.20937261160867,0.5296428141018427,94.96808538008597,400.70628861763834
"(105, 935.8653809705295)",52.68322729132969,43.588407603538506,0.5342888699835722,96.87133791285724,403.1511189426322
"(106, 935.8653809705295)",52.493881159618105,43.969436484741586,0.5389593661444017,98.79957026058528,405.5938422637803
"(107, 935.8653809705295)",52.30384687129999,44.35243260836726,0.5436539759581227,100.7529475359765,408.0339877902151
"(108, 935.8653809705295)",52.113158279884594,44.737368704537694,0.5483723651617273,102.73163244131743,410.47107999447275
"(109, 935.8653809705295)",51.92184949744632,45.124216933214804,0.5531141925034132,104.73578524526853,412.904639242145
"(110, 935.8653809705295)",51.729954806850245,45.512948937176475,0.5578791103919553,106.7655637672501,415.33418241521724
"(111, 935.8653809705295)",51.53750857544782,45.90353589492692,0.5626667655452463,108.82112336942477,417.7592235270328
"(112, 935.8653809705295)",51.34454517038443,46.29594857339039,0.567476799636201,110.9026169562938,420.17927432717624
"(113, 935.8653809705295)",51.151098875695126,46.6901573802176,0.5723088499339248,113.01019498188481,422.59384489433336
"(114, 935.8653809705295)",50.95720381131243,47.086132415561075,0.5771625499382689,115.14400546452266,425.00244421537764
"(115, 935.8653809705295)",50.76289385412626,47.48384352315335,0.5820375300060934,117.30419400914347,427.4045807491551
"(116, 935.8653809705295)",50.568202561194035,47.8832603405666,0.5869334179671567,119.49090383711436,429.7997629730537
"(117, 935.8653809705295)",50.373163095202166,48.28435234849892,0.5918498397283456,121.70427582349703,432.1874999112179
"(118, 935.8653809705295)",50.17780815226722,48.68708891896425,0.5967864198643261,123.94444854169959,434.56730164266634
"(119, 935.8653809705295)",49.982169892132774,49.09143936226415,0.6017427821933519,126.21155831543571,436.9386797882119
"(120, 935.8653809705295)",49.78627987081231,49.49737297263351,0.6067185503366895,128.50573927793002,439.30114797480326
"(17, 936.1111308429588)",65.93801964286254,18.822978845880368,0.23072437490177267,5.318725309067458,210.66493019326572
"(18, 936.1111308429588)",65.8343340134254,18.97339700816361,0.23256813920448027,5.649492188153614,212.0601316005951
"(19, 936.1111308429588)",65.72581506992066,19.131310311611973,0.2345037758816028,5.996416543587235,213.52517828388372
"(20, 936.1111308429588)",65.61291025639562,19.29626901372142,0.2365257721734996,6.359292014304915,215.05511604853382
"(21, 936.1111308429588)",65.49605719261041,19.46783101759498,0.2386287090372528,6.737934377440928,216.6450562910172
"(22, 936.1111308429588)",65.37567688677363,19.64556842230697,0.24080734143835086,7.132179875702242,218.29025283343887
"(23, 936.1111308429588)",65.25216902921763,19.829072094379825,0.24305665438599083,7.541883532656325,219.98615606351976
"(24, 936.1111308429588)",65.125908946641,20.01795466265096,0.24537189964291925,7.9669175252212385,221.72844892659688
"(25, 936.1111308429588)",64.99724584185498,20.21185229231387,0.2477486174709111,8.40716965701031,223.5130688084639
"(26, 936.1111308429588)",64.8665020008584,20.410425538427084,0.25018264709272797,8.862541958092484,225.33621872916598
"(27, 936.1111308429588)",64.73397270738691,20.613359523570583,0.2526701288697597,9.332949423957201,227.1943706425497
"(28, 936.1111308429588)",64.59992665977828,20.820363633011002,0.25520750056548047,9.818318897722634,229.08426305623436
"(29, 936.1111308429588)",64.46460673258619,21.03117087636857,0.2577914895210383,10.318588093516258,231.0028946837137
"(30, 936.1111308429588)",64.32823096559989,21.245537027580152,0.2604191021132503,10.833704754831025,232.94751541751168
"(31, 936.1111308429588)",64.19099369457625,21.46323962546009,0.26308761150390764,11.3636259390506,234.9156155766454
"(32, 936.1111308429588)",64.05306676370897,21.684076893471442,0.265794544398755,11.90831741748021,236.90491411152732
"(33, 936.1111308429588)",63.91460077797787,21.90786662008334,0.2685376673233885,12.467753179364811,238.9133462526627
"(34, 936.1111308429588)",63.77572636772224,22.1344450277483,0.2713149727596206,13.041915027813767,240.9390509368212
"(35, 936.1111308429588)",63.636555447180214,22.363665649302863,0.2741246653728745,13.630792255651128,242.9803582384981
"(36, 936.1111308429588)",63.49718245559165,22.595398223910177,0.2769651484791091,14.234381389501348,245.0357769573654
"(37, 936.1111308429588)",63.35768557258605,22.82952762053798,0.2798350108492098,14.85268599043457,247.10398246507086
"(38, 936.1111308429588)",63.218127905288554,23.065952793206293,0.28273301390290123,15.485716501838313,249.18380486944451
"(39, 936.1111308429588)",63.07855864128903,23.30458577170533,0.28565807933733384,16.13349013346772,251.27421754943154
"(40, 936.1111308429588)",62.93901416698717,23.545350689122156,0.28860927720692287,16.79603077401894,253.37432608392263
"(41, 936.1111308429588)",62.79951914870876,23.788182847521746,0.29158581447084536,17.47336892408575,255.4833575979825
"(42, 936.1111308429588)",62.66008757495561,24.03302782254297,0.29458702401755305,18.165541642884094,257.60065054184935
"(43, 936.1111308429588)",62.52072375663779,24.27984060776366,0.297612354176714,18.872592501921876,259.725644919277
"(44, 936.1111308429588)",62.38142329436682,24.528584797136116,0.3006613586979075,19.59457154799174,261.85787294348694
"(45, 936.1111308429588)",62.242173979917965,24.7792318118269,0.30373368727347505,20.3315352498929,263.9969502187814
"(46, 936.1111308429588)",62.1029566832068,25.03176016140864,0.3068290764825582,21.08354646172368,266.14256729986454
"(47, 936.1111308429588)",61.96374617148935,25.28615474940022,0.30994734127864704,21.850674364239794,268.29448178188295
"(48, 936.1111308429588)",61.82451189161883,25.542406216847805,0.31308836694353326,22.632994404058746,270.45251082922744
"(49, 936.1111308429588)",61.68521870469942,25.800510325467204,0.31625210152605393,23.43058822223187,272.6165241687847
"(50, 936.1111308429588)",61.5458275746749,26.0604673794246,0.3194385487545582,24.24354357235724,274.7864375371058
"(51, 936.1111308429588)",61.406296211319756,26.322281684887955,0.3226477614122884,25.071954227845254,276.9622065717612
"(52, 936.1111308429588)",61.26657966837486,26.585961046326158,0.3258798351632307,25.915919878209117,279.1438211353598
"(53, 936.1111308429588)",61.12663089785573,26.85151629836923,0.3291349028138506,26.77554601456199,281.331300058399
"(54, 936.1111308429588)",60.98640126184007,27.118960871898057,0.3324131289943924,27.650943804665694,283.5246862853213
"(55, 936.1111308429588)",60.84584100322409,27.38831039293116,0.33571470524219305,28.54222995805553,285.7240424068244
"(56, 936.1111308429588)",60.70489967714226,27.659582312770713,0.3390398454681818,29.449526581898922,287.9294465601427
"(57, 936.1111308429588)",60.56352654485497,27.932795567822982,0.34238878178707993,30.37296102824216,290.1409886784043
"(58, 936.1111308429588)",60.42167093201716,28.207970267457494,0.3457617606913111,31.31266573344465,292.35876706955105
"(59, 936.1111308429588)",60.27928255327944,28.485127408267132,0.34915903954852523,32.26877805055925,294.5828853052521
"(60, 936.1111308429588)",60.13631180522344,28.764288613081604,0.35258088340251903,33.24144007543002,296.81344940011144
"(61, 936.1111308429588)",59.99271002959567,29.045475893126948,0.3560275620578943,34.23079846726614,299.05056526201105
"(62, 936.1111308429588)",59.84842974881879,29.328711431739926,0.3594993474289333,35.23700426445866,301.29433639454584
"(63, 936.1111308429588)",59.70342487564921,29.614017388130797,0.3629965111341607,36.2602126963058,303.5448618335421
"(64, 936.1111308429588)",59.557650898851826,29.901415719709583,0.3665193223185248,37.30058299133908,305.8022343000501
"(65, 936.1111308429588)",59.41106504663784,30.190928021589833,0.37006804568609813,38.358278182877406,308.0665385531797
"(66, 936.1111308429588)",59.26362642951662,30.482575381959567,0.3736429397272606,39.43346491237686,310.33784992719654
"(67, 936.1111308429588)",59.115296164169806,30.776378252061242,0.3772442551249778,40.52631323113496,312.61623303791765
"(68, 936.1111308429588)",58.966037479793805,31.072356329637124,0.38087223332611414,41.636996400833326,314.9017406447586
"(69, 936.1111308429588)",58.81581580830078,31.370528454754805,0.3845271052645143,42.76569069339482,317.1944126555391
"(70, 936.1111308429588)",58.664598859651115,31.67091251701805,0.38820909022362143,43.91257519055963,319.49427526219085
"(71, 936.1111308429588)",58.51235668349179,31.97352537324633,0.39191839482743585,45.07783158359606,321.80134019647215
"(72, 936.1111308429588)",58.359061718181025,32.278382774784596,0.3956552121494987,46.2616439734774,324.1156040957006
"(73, 936.1111308429588)",58.20468882819201,32.58549930367473,0.39941972093051226,47.46419867188319,326.43704796935765
"(74, 936.1111308429588)",58.04921533079816,32.89488831699376,0.40321208489606747,48.68568400332044,328.76563675828436
"(75, 936.1111308429588)",57.892621012862904,33.20656189872891,0.40703245216673484,49.9262901086441,331.1013189789406
"(76, 936.1111308429588)",57.734888138486546,33.52053081861802,0.4108809547535521,51.18620875028105,333.4440264459012
"(77, 936.1111308429588)",57.576001448184336,33.836804497447055,0.41475770813266394,52.46563311938134,335.79367406652057
"(78, 936.1111308429588)",57.41594815020069,34.15539097835197,0.4186628108935389,53.76475764515512,338.15015970228734
"(79, 936.1111308429588)",57.25471790454728,34.476296903696976,0.4225963444555616,55.08377780663427,340.513364091762
"(80, 936.1111308429588)",57.09230280024266,34.799527497184144,0.4265583728487332,56.422889947083334,342.8831508308768
"(81, 936.1111308429588)",56.928697326227415,35.12508655085402,0.4305489425543376,57.78229109129219,345.25936640648894
"(82, 936.1111308429588)",56.76389833638203,35.452976416686774,0.43456808240198375,59.16217876594879,347.6418402796283
"(83, 936.1111308429588)",56.59790500901714,35.78319800254974,0.43861580351993973,60.56275082332804,350.03038501531574
"(84, 936.1111308429588)",56.43071880121369,36.115750772247935,0.44269209933574527,61.984205268519545,352.4247964559084
"(85, 936.1111308429588)",56.26234339832962,36.450632749473975,0.44679694562463385,63.42674009036976,354.8248539354862
"(86, 936.1111308429588)",56.09278465898397,36.78784052546579,0.4509303006034287,64.89055309637624,357.23032053285476
"(87, 936.1111308429588)",55.92205055581974,37.127369270199544,0.45509210506756975,66.37584175185405,359.6409433606513
"(88, 936.1111308429588)",55.750151112319514,37.46921274694214,0.4592822825698396,67.88280302320443,362.05645388938353
"(89, 936.1111308429588)",55.57709833593205,37.81336333004783,0.4635007396381549,69.41163322613497,364.476568303086
"(90, 936.1111308429588)",55.40290614778938,38.15981202581787,0.46774736603143396,70.96252787840929,366.90098788609174
"(91, 936.1111308429588)",55.227590309246054,38.508548496316095,0.47202203503148965,72.53568155771733,369.3293994384052
"(92, 936.1111308429588)",55.05116834550626,38.859561085995416,0.47632460376938773,74.13128776473694,371.7614757181489
"(93, 936.1111308429588)",54.87365946716218,39.212836851131286,0.4806549135862507,75.74953879162257,374.19687591082726
"(94, 936.1111308429588)",54.69508448577338,39.56836159108992,0.48501279041651735,77.39062559610039,376.63524611400464
"(95, 936.1111308429588)",54.51546573609775,39.92611988382433,0.4893980452230453,79.05473768139414,379.0762198646843
"(96, 936.1111308429588)",54.33482698460676,40.286095121261326,0.4938104744308679,80.74206298213358,381.5194186594441
"(97, 936.1111308429588)",54.15319334513345,40.64826954865425,0.4982498604095608,82.45278775647066,383.9644525138697
"(98, 936.1111308429588)",53.970591189547015,41.01262430523238,0.5027159719715136,84.187096484533,386.4109205305378
"(99, 936.1111308429588)",53.78704805780875,41.37913946685288,0.5072085648947328,85.94517177342566,388.8584114834169
"(100, 936.1111308429588)",53.6025925670703,41.74779409038616,0.5117273824669044,87.72719426889725,391.3065044155039
"(101, 936.1111308429588)",53.417254320057474,42.11856625968537,0.5162721560488619,89.53334257384695,393.7547692477857
"(102, 936.1111308429588)",53.231063812985404,42.49143313298337,0.5208426056555726,91.3637931737919,396.2027673976394
"(103, 936.1111308429588)",53.044052343231,42.866370991566505,0.525438440552743,93.21872036942385,398.6500524047652
"(104, 936.1111308429588)",52.85625191702485,43.24335528955018,0.5300593598669625,95.09829621636297,401.0961705625942
"(105, 936.1111308429588)",52.66769515736424,43.62236070460663,0.5347050532074946,97.00269047221302,403.5406615532993
"(106, 936.1111308429588)",52.47841521239201,44.00336118946861,0.5393752012975926,98.93207055099614,405.98305908434185
"(107, 936.1111308429588)",52.28844566445157,44.386330024044845,0.5440694766133085,100.8866014850382,408.4228915245828
"(108, 936.1111308429588)",52.097820440036976,44.77123986797404,0.5487875440276783,102.8664458943732,410.8596825379068
"(109, 936.1111308429588)",51.90657372081998,45.15806281345704,0.5535290614583345,104.87176396369772,413.29295171250544
"(110, 936.1111308429588)",51.714739855968894,45.54677043819165,0.5582936805162614,106.90271342691568,415.7222151836393
"(111, 936.1111308429588)",51.522353275919535,45.93733385824126,0.5630810471540655,108.95944955927435,418.1469862483553
"(112, 936.1111308429588)",51.329448407772595,46.32972378069302,0.5678908023111168,111.0421251771261,420.5667759696486
"(113, 936.1111308429588)",51.13605959247356,46.72391055591523,0.5727225825544228,113.15089064527132,422.9810937690492
"(114, 936.1111308429588)",50.94222100390846,47.11986422929245,0.5775760207125223,115.2858938918854,425.3894480050901
"(115, 936.1111308429588)",50.74796657004863,47.51755459225931,0.5824507465012285,117.44728043098574,427.7913465366048
"(116, 936.1111308429588)",50.5533298962459,47.91695123251513,0.5873463871389708,119.63519339240375,430.18629726878453
"(117, 936.1111308429588)",50.35834419079083,48.31802358325885,0.5922625679503639,121.84977355919624,432.57380868077365
"(118, 936.1111308429588)",50.163042192797384,48.72074097132886,0.5971989129563977,124.09115941244119,434.9533903333581
"(119, 936.1111308429588)",49.96745610248667,49.12507266413033,0.6021550454494756,126.35948718334386,437.32455335515795
"(120, 936.1111308429588)",49.77161751392464,49.53098791522202,0.6071305885522998,128.65489091256967,439.6868109064748
"(17, 936.3678391856132)",65.88535526280823,18.886281811734627,0.23150031676228955,5.3780538312507185,211.39139754623935
"(18, 936.3678391856132)",65.78277977797188,19.035789240822144,0.23333291767003492,5.709292583421108,212.77614734614406
"(19, 936.3678391856132)",65.67537531172283,19.19279071956763,0.23525737757294152,6.056712394795421,214.23072989565375
"(20, 936.3678391856132)",65.56358234852071,19.35684216831567,0.23726825312427077,6.420105498064359,215.75025598725418
"(21, 936.3678391856132)",65.44783258473636,19.527506253707518,0.2393601836705661,6.799286286751853,217.32989168392763
"(22, 936.3678391856132)",65.32854208955416,19.70435899606576,0.24152797224241673,7.194089663291064,218.96493580822346
"(23, 936.3678391856132)",65.20610652024763,19.886994417351044,0.2437666425270716,7.604369368824984,220.65087495978085
"(24, 936.3678391856132)",65.0808979837228,20.075027621853195,0.24607147663052453,8.029996365250279,222.38342049248712
"(25, 936.3678391856132)",64.95326317851845,20.26809665807071,0.24843803789884863,8.470857314285459,224.15853140457293
"(26, 936.3678391856132)",64.82352250493274,20.465863457405963,0.25086218242595004,8.926853180043569,225.97242651153036
"(27, 936.3678391856132)",64.69196988808154,20.668014091089155,0.25334006220122024,9.397897968700356,227.82158865380507
"(28, 936.3678391856132)",64.55887311053766,20.874258537274347,0.25586812225551164,9.883917609843936,229.7027631430298
"(29, 936.3678391856132)",64.42447449857296,21.084330106422303,0.25844309361754353,10.384848977942287,231.6129521451621
"(30, 936.3678391856132)",64.28899184488867,21.297984636759757,0.26106198345218384,10.900639048090401,233.5494062905413
"(31, 936.3678391856132)",64.15261948197,21.514999542459517,0.26372206339340026,11.431244177466843,235.50961446778268
"(32, 936.3678391856132)",64.01552944552343,21.73517277376485,0.26642085679793853,11.976629502022021,237.49129249184335
"(33, 936.3678391856132)",63.87787268547209,21.958321731120627,0.2691561254351465,12.536768437026776,239.4923711402532
"(34, 936.3678391856132)",63.739780295931624,22.184282162168717,0.2719258559668013,13.111642269491382,241.5109839008406
"(35, 936.3678391856132)",63.601364745120755,22.412907061140345,0.27472824645632,13.701239830508756,243.54545466704818
"(36, 936.3678391856132)",63.46272109300782,22.64406558347196,0.27756169306457873,14.305557235888118,245.59428553969184
"(37, 936.3678391856132)",63.32392818756767,22.877641984346873,0.2804247770389488,14.92459768346327,247.65614484660458
"(38, 936.3678391856132)",63.185049836499765,23.113534585931344,0.2833162520541564,15.558371297658296,249.72985544445868
"(39, 936.3678391856132)",63.04613594785332,23.351654777568058,0.28623503195699324,16.206895010411444,251.8143833623832
"(40, 936.3678391856132)",62.90722363861347,23.591926050676246,0.2891801789365793,16.87019247067414,253.9088268154796
"(41, 936.3678391856132)",62.76833830813865,23.834283070115152,0.2921508921414837,17.548293974457327,256.01240561621296
"(42, 936.3678391856132)",62.62949467442792,24.078670783090885,0.29514649675708043,18.24123640797449,258.1244510036565
"(43, 936.3678391856132)",62.490697769795176,24.325043566696746,0.29816643355644135,18.949063202394157,260.24439590453153
"(44, 936.3678391856132)",62.3519439046999,24.573364412676476,0.30121024890750686,19.67182428676417,262.37176562331877
"(45, 936.3678391856132)",62.213221566586476,24.823604155859304,0.3042775853155259,20.409576039764435,264.50616903475066
"(46, 936.3678391856132)",62.074512305061184,25.075740736412463,0.30736817238010783,21.162381246976196,266.64729015901645
"(47, 936.3678391856132)",61.93579154975253,25.32975850601211,0.3104818182905028,21.93030904078054,268.7948802583178
"(48, 936.3678391856132)",61.79702939171292,25.585647571725602,0.31361840178317235,22.713434837507325,270.9487503690473
"(49, 936.3678391856132)",61.65819131755627,25.84340317919828,0.3167778645811948,23.51184026405208,273.1087642956741
"(50, 936.3678391856132)",61.519238897796875,26.10302513429481,0.31996020430493816,24.325613074187263,275.274832056215
"(51, 936.3678391856132)",61.38013042979972,26.364517262366533,0.3231654678439923,25.15484705411325,277.4469037703736
"(52, 936.3678391856132)",61.24082153602662,26.627886904169326,0.3263937451783393,25.999641917171115,279.62496397917016
"(53, 936.3678391856132)",61.10126571859097,26.893144447262085,0.32964516363442764,26.860103187860844,281.80902638249603
"(54, 936.3678391856132)",60.961414871349135,27.160302891603077,0.3329198825604286,27.73634207552448,283.9991289795122
"(55, 936.3678391856132)",60.821219751067964,27.429377447890463,0.3362180884028567,28.628475338215928,286.1953295946845
"(56, 936.3678391856132)",60.680630409273355,27.700385167161567,0.33953999016635233,29.53662513738147,288.3977017717902
"(57, 936.3678391856132)",60.53959658661933,27.973344600048016,0.3428858152369722,30.460918884045476,290.6063310167956
"(58, 936.3678391856132)",60.39806807164182,28.24827548408124,0.3462558055492984,31.40148907725841,292.821311370412
"(59, 936.3678391856132)",60.25599502587581,28.525198457394847,0.3496502140771333,32.35847313557653,295.0427422906159
"(60, 936.3678391856132)",60.11332827730061,28.804134797197893,0.35306930162780165,33.33201322233674,297.27072582566143
"(61, 936.3678391856132)",59.970019584099724,29.0851061813995,0.35651333392024653,34.32225606548869,299.50536405827154
"(62, 936.3678391856132)",59.8260218706787,29.368134471812862,0.35998257892762914,35.32935277271491,301.74675680221367
"(63, 936.3678391856132)",59.68128943783752,29.653241517415136,0.3634773044657738,36.35345864255271,303.99499953307514
"(64, 936.3678391856132)",59.53577814894888,29.940448976191565,0.3669977760094071,37.394732972153825,306.2501815357004
"(65, 936.3678391856132)",59.389445593872566,30.229778154182927,0.37054425471925767,38.453338862331364,308.5123842517834
"(66, 936.3678391856132)",59.242251232305854,30.521249860400214,0.37411699566367274,39.52944302046346,310.7816798117432
"(67, 936.3678391856132)",59.09415651810548,30.814884276386614,0.3777162462197524,40.6232155617706,313.05812973632004
"(68, 936.3678391856132)",58.94512500609505,31.11070083924649,0.38134224463957145,41.73482980950775,315.3417837938392
"(69, 936.3678391856132)",58.795122442695714,31.408718137083273,0.3849952187684969,42.8644620944819,317.632679000568
"(70, 936.3678391856132)",58.6441168416826,31.70895381583489,0.3886753849032166,44.01229155434267,319.9308387521188
"(71, 936.3678391856132)",58.49207854622812,32.0114244965974,0.3923829467783305,45.178499933028455,322.23627207508036
"(72, 936.3678391856132)",58.33898027831952,32.316145702593495,0.3961180946711485,46.363271380717194,324.54897298882827
"(73, 936.3678391856132)",58.18479717653396,32.62313179502218,0.3998810046153777,47.56679225462588,326.8689199684475
"(74, 936.3678391856132)",58.0295068230811,32.932395917090716,0.4036718377150704,48.789250920950984,329.19607550039507
"(75, 936.3678391856132)",57.873089260940986,33.24394994559492,0.40749073955113685,50.03083755824861,331.5303857233969
"(76, 936.3678391856132)",57.715527001830665,33.55780444948751,0.4113378396734734,51.29174396251666,333.8717801478118
"(77, 936.3678391856132)",57.55680502568898,33.873968654916474,0.4152132511724276,52.57216335424183,336.22017144731745
"(78, 936.3678391856132)",57.396910772298654,34.19245041627435,0.41911707032393275,53.87229018764836,338.57545531737725
"(79, 936.3678391856132)",57.235834125592156,34.51325619285083,0.4230493763033173,55.192319962376494,340.9375103955821
"(80, 936.3678391856132)",57.07356739116181,34.83639103072074,0.4270102309633028,56.53244903785329,343.3061982394042
"(81, 936.3678391856132)",56.910105267423205,35.16185854954137,0.43099967867216943,57.892874450524374,345.68136335742855
"(82, 936.3678391856132)",56.74544481087096,35.489660933960735,0.43501774620843586,59.27379373421767,348.0628332903709
"(83, 936.3678391856132)",56.579585395791995,35.81979892938552,0.4390644427089947,60.67540474381053,350.4504187388463
"(84, 936.3678391856132)",56.41252866881417,36.15227184186468,0.4431397596676769,62.09790548245343,352.8439137348011
"(85, 936.3678391856132)",56.24427849861278,36.48707754188209,0.4472436709817446,63.54149393253438,355.24309585408315
"(86, 936.3678391856132)",56.07484092108012,36.82421247186994,0.4513761330439871,65.00636789059325,357.6477264677628
"(87, 936.3678391856132)",55.9042240802657,37.163671657261524,0.45553708487820055,66.49272480651507,360.05755102979884
"(88, 936.3678391856132)",55.73243816535124,37.50544872092939,0.4597264483161671,68.00076162685838,362.47229939942747
"(89, 936.3678391856132)",55.559495343939446,37.84953590085342,0.4639441282142536,69.53067464311852,364.89168619571524
"(90, 936.3678391856132)",55.38540969191038,38.195924070885326,0.4681900127077575,71.0826593445537,367.31541118289397
"(91, 936.3678391856132)",55.21019712010231,38.54460276445368,0.4724639735018387,72.65691027611992,369.74315968484564
"(92, 936.3678391856132)",55.03387529806713,38.89556020110874,0.4767658661965277,74.25362090162375,372.1746030262761
"(93, 936.3678391856132)",54.85646357573453,39.248783315867485,0.48109553064660476,75.87298347229823,374.60939900111896
"(94, 936.3678391856132)",54.677982899094964,39.60425779040585,0.485452791343912,77.51518890100286,377.0471923563204
"(95, 936.3678391856132)",54.49845573256668,39.96196808848184,0.4898374578515496,79.1804266422516,379.4876153183777
"(96, 936.3678391856132)",54.317905967588466,40.32189749125954,0.49424932523686727,80.86888457824165,381.9302881127511
"(97, 936.3678391856132)",54.136358838386734,40.684028136597405,0.49868817455304004,82.58074891108834,384.37481952255973
"(98, 936.3678391856132)",53.95384083274078,41.04834105964342,0.5031537733366676,84.31620406140685,386.8208074559364
"(99, 936.3678391856132)",53.77037960213442,41.41481623543295,0.5076458761299286,86.07543257345029,389.26783952981845
"(100, 936.3678391856132)",53.58600387094531,41.78343262322509,0.5121642250240249,87.85861502691444,391.7154936670059
"(101, 936.3678391856132)",53.4007433449189,42.15416821242469,0.5167085502220866,89.6659299555868,394.16333870459937
"(102, 936.3678391856132)",53.214628619166284,42.527000069937365,0.5212785706196243,91.49755377296664,396.610935011896
"(103, 936.3678391856132)",53.0276910859346,42.901904388794776,0.5258739944005564,93.353660704972,399.0578351157842
"(104, 936.3678391856132)",52.83996284236915,43.27885653789639,0.5304945196469301,95.23442272985427,401.5035843317515
"(105, 936.3678391856132)",52.65147659852165,43.65783111269196,0.5351398349601609,97.14000952540631,403.94772139838517
"(106, 936.3678391856132)",52.46226558581186,44.03880198664655,0.5398096200918683,99.07058842356436,406.38977911346507
"(107, 936.3678391856132)",52.27236346616622,44.42174236331689,0.5445035465822156,101.02632437245627,408.82928496963575
"(108, 936.3678391856132)",52.08180424205273,44.8066248288662,0.5492212784036037,103.00737990597152,411.2657617875709
"(109, 936.3678391856132)",51.89062216759621,45.19342140485562,0.5539624726077731,105.01391512087899,413.69872834478093
"(110, 936.3678391856132)",51.698851660981056,45.58210360113696,0.5587267799741418,107.04608766154081,416.1276999979819
"(111, 936.3678391856132)",51.50652721830978,45.972642468685294,0.5635138456574077,109.10405271221718,418.55218929718484
"(112, 936.3678391856132)",51.31368332908917,46.36500865220657,0.5683233098323819,111.18796299698658,420.9717065895766
"(113, 936.3678391856132)",51.120354393500335,46.75917244235804,0.5731548083340925,113.29796878725958,423.38576061137894
"(114, 936.3678391856132)",50.92657464158099,47.15510382743381,0.5780079732913282,115.43421791686568,425.793859065991
"(115, 936.3678391856132)",50.73237805446086,47.55277254435649,0.582882433751663,117.59685580468141,428.19550918661463
"(116, 936.3678391856132)",50.53779828775614,47.95214812883552,0.5877778162962947,119.78602548476198,430.5902182818378
"(117, 936.3678391856132)",50.34286859720813,48.35319996456053,0.5926937456429913,122.00186764390091,432.97749426265426
"(118, 936.3678391856132)",50.14762176666739,48.75589733128724,0.5976298452355903,124.24452066658688,435.35684614949525
"(119, 936.3678391856132)",49.952090038469116,49.16020945171022,0.6025857378184577,126.51412068725082,437.7277845578868
"(120, 936.3678391856132)",49.756305046263634,49.56610553699681,0.6075610459946837,128.81080164974227,440.0898221616507
"(17, 936.63453221582)",65.83098892848204,18.95182690288661,0.23230374167753456,5.439900546741721,212.14380587138052
"(18, 936.63453221582)",65.72954650425443,19.100403035766963,0.23412492713733324,5.771626514517458,213.5178650948216
"(19, 936.63453221582)",65.62328038514698,19.256471417946514,0.236037949524235,6.119558036888548,214.96173640092462
"(20, 936.63453221582)",65.51262391968926,19.41959379089539,0.2380374368444497,6.483485904374433,216.4705974042795
"(21, 936.63453221582)",65.39800270992875,19.58933773485824,0.2401180886735189,6.863223088892122,218.039670572386
"(22, 936.63453221582)",65.27982772441412,19.765283330510375,0.24227475781212546,7.258603113519938,219.66430133754127
"(23, 936.63453221582)",65.15849043767821,19.94702788173404,0.24450250817598937,7.6694783976178265,221.34001397339466
"(24, 936.63453221582)",65.03435960071899,20.134189081301855,0.2467966535994997,8.095718649077464,223.0625495475197
"(25, 936.63453221582)",64.90777928579922,20.32640696053639,0.24915278173386451,8.537209349626663,224.8278898199418
"(26, 936.63453221582)",64.77906789995315,20.52334491345921,0.25156676660069166,8.993850360236626,226.6322703958486
"(27, 936.63453221582)",64.64851791580719,20.7246900338223,0.2540347727231912,9.465554663630147,228.47218585250818
"(28, 936.63453221582)",64.51639611938329,20.93015295500658,0.25655325316371497,9.952247241244063,230.34438902419893
"(29, 936.63453221582)",64.38294421996005,21.13946734018735,0.25911894327441287,10.453864096675883,232.24588612541143
"(30, 936.63453221582)",64.24837970543906,21.35238913438044,0.26172885152912656,10.97035140702076,234.1739290123465
"(31, 936.63453221582)",64.11289685717216,21.568695661342375,0.2643802484535513,11.501664801655723,236.12600553573856
"(32, 936.63453221582)",63.97666786332774,21.78818462504626,0.2670706543857405,12.047768755616138,238.09982868354484
"(33, 936.63453221582)",63.83984398743216,22.010673058577414,0.269797826592097,12.608636086646795,240.09332501628688
"(34, 936.63453221582)",63.70255676278733,22.235996250015013,0.2725597461012774,13.184247544049933,242.1046227463827
"(35, 936.63453221582)",63.56491919289556,22.46400666558346,0.2753546045046083,13.774591477482304,244.13203970616357
"(36, 936.63453221582)",63.42702694479233,22.69457288367242,0.2781807908897541,14.379663574075684,246.174071372376
"(37, 936.63453221582)",63.288959525502705,22.927578549027814,0.2810368790215952,14.999466652277954,248.22937906550786
"(38, 936.63453221582)",63.15078143772723,23.162921352517923,0.2839216148366645,15.634010503095316,250.29677839540417
"(39, 936.63453221582)",63.01254330756805,23.400512041264548,0.28683390430966804,16.283311767737008,252.3752280189862
"(40, 936.63453221582)",62.874282982873915,23.640273461313512,0.2897728017190157,16.947393843987694,254.46381874297012
"(41, 936.63453221582)",62.73602659858085,23.882139635019783,0.2927374983377227,17.626286813218417,256.56176300436385
"(42, 936.63453221582)",62.59778960550488,24.126054874776738,0.29572731156986887,18.32002738062965,258.66838475505654
"(43, 936.63453221582)",62.4595777668409,24.37197293284112,0.2987416745295613,19.028658827228043,260.7831097491383
"(44, 936.63453221582)",62.3213881068519,24.619856190917815,0.3017801261070992,19.752230960093176,262.90545628826084
"(45, 936.63453221582)",62.18320981825275,24.869674888082713,0.30484230150527036,20.490800061559074,265.03502640842373
"(46, 936.63453221582)",62.04502513971991,25.121406385377956,0.307927923224983,21.244428844157987,267.17149748186296
"(47, 936.63453221582)",61.90681017333446,25.375034472527954,0.31103679256730965,22.013186388191706,269.3146143199994
"(48, 936.63453221582)",61.768535665022156,25.630548712208114,0.31416878159579953,22.797148076754205,271.4641817100416
"(49, 936.63453221582)",61.630167738020326,25.887943823384806,0.3173238255776929,23.59639552034156,273.62005741055526
"(50, 936.63453221582)",61.4916685808795,26.147219102876598,0.32050191589368165,24.411016471253415,275.7821455960992
"(51, 936.63453221582)",61.35299709025886,26.408377884413582,0.32370309340727227,25.24110472739133,277.950390742943
"(52, 936.63453221582)",61.2141094692229,26.671427034216048,0.3269274422817809,26.086760025315048,280.12477194479527
"(53, 936.63453221582)",61.07495978195114,26.93637648198693,0.33017508423144715,26.948087922730668,282.30529764570974
"(54, 936.63453221582)",60.9355004661058,27.20323878603556,0.33344617319088027,27.825199670754944,284.4920007750405
"(55, 936.63453221582)",60.7956828043369,27.4720287311142,0.33674089038553595,28.718212076466823,286.68493426772835
"(56, 936.63453221582)",60.6554573565296,27.742762957489155,0.34005943978498593,29.627247356382195,288.8841669522019
"(57, 936.63453221582)",60.5147743546031,28.01545961965959,0.3434020439196586,30.552432981516734,291.0897797871292
"(58, 936.63453221582)",60.373584061735436,28.29013807311661,0.3467689400412408,31.49390151481705,293.3018624276863
"(59, 936.63453221582)",60.23183709797046,28.566818587501853,0.3501603766067146,32.45179044170629,295.52051010183925
"(60, 936.63453221582)",60.08948473414838,28.845522084552776,0.3535766100661753,33.42624199449009,297.7458207772974
"(61, 936.63453221582)",59.94647915616922,29.12626989920266,0.3570179019345032,34.4174029714218,299.97789259967516
"(62, 936.63453221582)",59.80277370151509,29.40908356227252,0.36048451612771093,35.425424551112954,302.2168215832118
"(63, 936.63453221582)",59.65832306991399,29.693984603240978,0.3639767165453235,36.450462102999694,304.4626995358795
"(64, 936.63453221582)",59.51308351001556,29.980994371604755,0.367494764880747,37.49267499453075,306.7156122013104
"(65, 936.63453221582)",59.36701298379289,30.270133875462687,0.37103891864265925,38.552226395680975,308.9756376010498
"(66, 936.63453221582)",59.22007131035627,30.561423635990003,0.37460942937123287,39.62928308137881,311.24284456138116
"(67, 936.63453221582)",59.07222029075014,30.854883556565348,0.37820654103394324,40.72401523236737,313.51729140992336
"(68, 936.63453221582)",58.923423815199456,31.150532805394388,0.3818304885868139,41.83659623500193,315.79902482824644
"(69, 936.63453221582)",58.77364795418642,31.4483897105487,0.3854814966878487,42.9672024804258,318.08807884765156
"(70, 936.63453221582)",58.62286103462,31.748471666428976,0.3891597785504953,44.11601316356375,320.38447397629153
"(71, 936.63453221582)",58.47103370229453,32.05079505072459,0.39286553492576987,45.28321008229009,322.68821644662626
"(72, 936.63453221582)",58.31813897169137,32.35537515104256,0.39659895320290717,46.46897743714244,324.9992975733464
"(73, 936.63453221582)",58.16415226413599,32.66222610042783,0.40036020661899147,47.673501631912934,327.31769321249516
"(74, 936.63453221582)",58.009051435199915,32.97136082108473,0.40414945356911436,48.896971075400884,329.6433633135858
"(75, 936.63453221582)",57.85281679221747,33.282790975645376,0.40796683700905256,50.13957598463735,331.9762515569043
"(76, 936.63453221582)",57.695431102402466,33.59652692554793,0.4118124839450764,51.4015081898306,334.31628507070087
"(77, 936.63453221582)",57.53687959301209,33.91257769562731,0.41568650499991755,52.682960941299086,336.66337421772784
"(78, 936.63453221582)",57.3771499428955,34.230950945100496,0.41958899405712907,53.98412871862246,339.01741245298314
"(79, 936.63453221582)",57.21623226727426,34.551652943887895,0.4235200279708263,55.30520704224921,341.3782762402367
"(80, 936.63453221582)",57.05411909547892,34.874688554299695,0.4274796663412206,56.646392287800275,343.7458250274837
"(81, 936.63453221582)",56.890805342370996,35.200061217622974,0.43146795135020133,58.007881503260606,346.11990127575336
"(82, 936.63453221582)",56.72628827382748,35.527772945339635,0.43548490765368986,59.38987222931684,348.5003305379465
"(83, 936.63453221582)",56.56056746669851,35.8578243147026,0.4395305423274194,60.79256232301289,350.8869215843952
"(84, 936.63453221582)",56.3936447635547,36.190214468455935,0.4436048448634931,62.21614978495707,353.27946657243217
"(85, 936.63453221582)",56.225524222598985,36.5249411184658,0.4477077872149048,63.6608325903216,355.6777412570906
"(86, 936.63453221582)",56.05621206302955,36.86200055308394,0.4518393238857881,65.12680852375996,358.08150524071755
"(87, 936.63453221582)",55.88571660615266,37.20138764806507,0.45599939206524104,66.61427501865549,360.49050225906984
"(88, 936.63453221582)",55.71404821253021,37.543095880875505,0.46018791180271046,68.12342900047797,362.90446050222874
"(89, 936.63453221582)",55.54121921542057,37.88711734824621,0.4644047862231632,69.65446673511944,365.3230929678009
"(90, 936.63453221582)",55.367243850789635,38.23344278682106,0.4686499017801658,71.20758368177975,367.74609784507584
"(91, 936.63453221582)",55.19213818412721,38.58206159677235,0.4729231285453643,72.7829743509812,370.1731589281481
"(92, 936.63453221582)",55.01592003433657,38.93296186824249,0.4772243205326016,74.3808321678108,372.60394605625504
"(93, 936.63453221582)",54.83860889552549,39.28613041060848,0.4815533160566116,76.00134934058218,375.0381155810792
"(94, 936.63453221582)",54.66022585279719,39.64155278359379,0.4859099381143941,77.64471673515364,377.4753108496399
"(95, 936.63453221582)",54.48079350475198,39.999213332619455,0.4902939948185245,79.31112375505198,379.91516273002236
"(96, 936.63453221582)",54.30033587216424,40.359095224060994,0.49470527982931856,81.00075822763827,382.35729012999184
"(97, 936.63453221582)",54.11887831386747,40.72118048447316,0.4991435728356371,82.71380629644769,384.80130055499234
"(98, 936.63453221582)",53.936447437614596,41.08545004112803,0.5036086400517819,84.45045231992988,387.24679067481605
"(99, 936.63453221582)",53.75307101032536,41.45188376455952,0.5081002347389936,86.21087877670173,389.6933469068038
"(100, 936.63453221582)",53.56877786736848,41.82046051284932,0.5126180977482859,87.99526617750877,392.1405460123205
"(101, 936.63453221582)",53.38359782113126,42.1911581774991,0.5171619580827299,89.80379298402923,394.587955704606
"(102, 936.63453221582)",53.197561569103954,42.56395373074173,0.5217315334773744,91.63663553463707,397.035135266186
"(103, 936.63453221582)",53.01070060173487,42.93882327412476,0.5263265309947686,93.49396797727566,399.48163617378464
"(104, 936.63453221582)",52.82304711028925,43.315742088205596,0.5309466476340943,95.37596220953296,401.9270027287847
"(105, 936.63453221582)",52.6346338949391,43.694684683195554,0.5355915709519481,97.28278782601478,404.37077269129924
"(106, 936.63453221582)",52.44549427331114,44.075624850384386,0.5402609796926835,99.21461207311332,406.81247791580387
"(107, 936.63453221582)",52.25566198971499,44.45853571417549,0.5449545444262284,101.17159981123055,409.25164498631517
"(108, 936.63453221582)",52.065171125267376,44.843389784558816,0.5496719281912882,103.1539134845162,411.68779584909873
"(109, 936.63453221582)",51.87405600909194,45.23015900986345,0.5544127871419521,105.16171309815556,414.12044844101564
"(110, 936.63453221582)",51.68235113081252,45.61881482960755,0.5591767711955169,107.19515620326163,416.54911731140396
"(111, 936.63453221582)",51.490091054503935,46.00932822728735,0.5639635246795528,109.25439788934989,418.9733142356681
"(112, 936.63453221582)",51.29731033426932,46.40166978294037,0.5687726869761891,111.33959078442963,421.3925488186482
"(113, 936.63453221582)",51.10404343159263,46.79580972532526,0.5736038931617347,113.45088506269099,423.8063290860235
"(114, 936.63453221582)",50.91032463462838,47.19171798355379,0.5784567746395352,115.58842845975626,426.21416206181675
"(115, 936.63453221582)",50.71618797952241,47.58936423803778,0.5833309597644873,117.75236629548115,428.6155543305348
"(116, 936.63453221582)",50.5216671738984,47.98871797059933,0.5882260744572451,119.94284150424237,431.0100125821674
"(117, 936.63453221582)",50.32679552259914,48.38974851360791,0.5931417428065422,122.15999467266647,433.3970441386153
"(118, 936.63453221582)",50.131605855760945,48.79242509801682,0.5980775876580291,124.4039640847367,435.7761574601074
"(119, 936.63453221582)",49.936130459287355,49.196716900182956,0.603033231187977,126.67488577419626,438.146862630149
"(120, 936.63453221582)",49.74040100777705,49.60259308733517,0.6080082954610178,128.97289358417433,440.5086718182941
"(17, 936.9101982755661)",65.77515859543598,19.019345363183408,0.23313135534452448,5.504052942225941,212.91909141786394
"(18, 936.9101982755661)",65.67486622040438,19.166974383664087,0.23494093148795347,5.836279344488677,214.28227535893603
"(19, 936.9101982755661)",65.56975641054285,19.322093113528787,0.23684231342525167,6.184736613569873,215.71524221772646
"(20, 936.9101982755661)",65.46025523959409,19.48426924425896,0.23883020209542402,6.549214069182506,217.21323793023475
"(21, 936.9101982755661)",65.34678207525438,19.65307539592136,0.24089935885011612,6.929523230623401,218.77154283409567
"(22, 936.9101982755661)",65.22974264861432,19.828095829868964,0.24304468773497181,7.325496209131579,220.38555036646392
"(23, 936.9101982755661)",65.10952412110974,20.008931244084668,0.24526129426928509,7.736984069088873,222.05082377406896
"(24, 936.9101982755661)",64.9864917661719,20.195202022463,0.24754452527409512,8.163855231111812,223.76313502547154
"(25, 936.9101982755661)",64.86098691826122,20.386550271521344,0.2498899938374937,8.605993964097806,225.5184897092684
"(26, 936.9101982755661)",64.73332589033319,20.582640929861714,0.252293592913925,9.063298994223862,227.31314116641656
"(27, 936.9101982755661)",64.60379961270068,20.78316218548701,0.2547515004394838,9.535682248734224,229.1435965390205
"(28, 936.9101982755661)",64.47267379570104,20.987825389019513,0.2572601782681666,10.023067732502538,231.00661689713294
"(29, 936.9101982755661)",64.34018946267794,21.196364609318447,0.25981636672483593,10.52539054984802,232.89921311355522
"(30, 936.9101982755661)",64.20656373730884,21.408535942880064,0.2624170761401138,11.042596053443985,234.81863878388438
"(31, 936.9101982755661)",64.07199079913762,21.62411666026357,0.2650595763876274,11.574639120145882,236.76238114802365
"(32, 936.9101982755661)",63.9366429460315,21.842904249740858,0.26774138516145235,12.121483541055445,238.72815071713558
"(33, 936.9101982755661)",63.80067171946708,22.06471540172795,0.27046025552769865,12.683101515078507,240.71387011703789
"(34, 936.9101982755661)",63.66420906262466,22.289384964272084,0.27321416312127356,13.259473234206258,242.717662507439
"(35, 936.9101982755661)",63.52736849054196,22.516764890659665,0.27600129324613537,13.850586548703859,244.7378398308455
"(36, 936.9101982755661)",63.390246258500405,22.74672319342009,0.2788200280538553,14.456436700660104,246.7728910664764
"(37, 936.9101982755661)",63.25292251802988,22.97914291472696,0.28166893392324277,15.077026114333343,248.82147061575938
"(38, 936.9101982755661)",63.11546245600364,23.213921119176334,0.28454674911422706,15.712364233960637,250.88238689731762
"(39, 936.9101982755661)",62.97791740899513,23.450967914260925,0.28745237176121563,16.362467398082842,252.95459122349945
"(40, 936.9101982755661)",62.84032595091398,23.69020550119696,0.2903848482385466,17.02735874268139,255.03716699671548
"(41, 936.9101982755661)",62.70271494987563,23.931567258641294,0.2933433619290401,17.707068125097503,257.1293192626606
"(42, 936.9101982755661)",62.56510059030077,24.174996861298307,0.2963272224202765,18.401632061271627,259.23036465095737
"(43, 936.9101982755661)",62.42748936427058,24.42044743340972,0.2993358551283893,19.11109367488575,261.33972170443957
"(44, 936.9101982755661)",62.28987901617386,24.66788074107421,0.3023687913978389,19.835502644869912,263.45690165602264
"(45, 936.9101982755661)",62.152259447048834,24.91726642212812,0.30542565906164565,20.574915151955732,265.5814996379362
"(46, 936.9101982755661)",62.01461358988486,25.168581252093162,0.3085061734436748,21.329393831192206,267.71318629915737
"(47, 936.9101982755661)",61.876918225378745,25.421808451784457,0.3116101288715139,22.09900770714262,269.8516999185422
"(48, 936.9101982755661)",61.739144761218775,25.676937032095726,0.3147373906452205,22.883832126701638,271.9968389474462
"(49, 936.9101982755661)",61.60125996478705,25.93396117756753,0.31788788748124663,23.683948681612815,274.14845500784287
"(50, 936.9101982755661)",61.46322665067635,26.192879667968832,0.32106160442251697,24.499445120921568,276.3064463372502
"(51, 936.9101982755661)",61.325004323266235,26.453695337199203,0.32425857620580784,25.33041525294959,278.4707516725866
"(52, 936.9101982755661)",61.18654977495735,26.716414568600484,0.32747888107551654,26.176958836637592,280.64134456288514
"(53, 936.9101982755661)",61.04781764097273,26.981046825589058,0.33072263503031796,27.03918146245666,282.8182280980163
"(54, 936.9101982755661)",60.90876091193442,27.24760421634923,0.3339899864873931,27.917194423195003,285.0014300387621
"(55, 936.9101982755661)",60.76933140565059,27.516101091204195,0.3372811113471309,28.811114575152203,287.1909983316915
"(56, 936.9101982755661)",60.62948019970433,27.786553671192436,0.3405962084403844,29.721064190362977,289.38699699142364
"(57, 936.9101982755661)",60.48915802666252,28.058979706265276,0.3439354953387983,30.647170800502796,291.58950233137574
"(58, 936.9101982755661)",60.34831563372525,28.33339816152658,0.34729920450885465,31.589567033258962,293.79859952407844
"(59, 936.9101982755661)",60.206904108772264,28.609828929876095,0.3506875797895834,32.54839044190664,296.01437947153033
"(60, 936.9101982755661)",60.064875174780276,28.888292569426422,0.3541008731739173,33.523783328834476,298.2369359660915
"(61, 936.9101982755661)",59.922181454556686,29.16881006409681,0.357539341874158,34.515892563789194,300.46636312284363
"(62, 936.9101982755661)",59.778776707741315,29.451402605807136,0.3610032456521861,35.524869397564714,302.70275306454784
"(63, 936.9101982755661)",59.63461604196389,29.73609139675302,0.3644928443958472,36.5508692717875,304.94619384115083
"(64, 936.9101982755661)",59.48965609998647,30.022897470301604,0.3680083959235503,37.594051625513984,307.1967675662925
"(65, 936.9101982755661)",59.34385522458749,30.31184152911149,0.3715501540000133,38.6545796991878,309.45454875428175
"(66, 936.9101982755661)",59.19717360283762,30.602943799166834,0.37511836654707714,39.73262033657901,311.71960284184956
"(67, 936.9101982755661)",59.04957339135435,30.896223898476833,0.3787132740342766,40.82834378520306,313.9919848798399
"(68, 936.9101982755661)",58.90101882398781,31.19170071929214,0.38233510803508736,41.941923495714875,316.27173838114885
"(69, 936.9101982755661)",58.75147630333557,31.4893923227471,0.38598408993551,43.07353592073965,318.55889431195294
"(70, 936.9101982755661)",58.60091447733126,31.78931584494593,0.389660429782899,44.22336031353964,320.8534702144986
"(71, 936.9101982755661)",58.449304302107805,32.09148741356191,0.3933643252636755,45.391578526905725,323.1554694504187
"(72, 936.9101982755661)",58.296619092184365,32.39592207412463,0.397095960799787,46.57837481262571,325.4648805547291
"(73, 936.9101982755661)",58.14283455900586,32.702633725208194,0.4008555067542715,47.783935621848535,327.78167669114856
"(74, 936.9101982755661)",57.98792883870598,33.011635061840146,0.4046431187375776,49.008449406654705,330.10581520061254
"(75, 936.9101982755661)",57.831882509928974,33.322937526492666,0.40845893700685654,50.25210642310889,332.43723723541206
"(76, 936.9101982755661)",57.674678602461775,33.63655126708631,0.4123030859511608,51.51509853607325,334.77586747205663
"(77, 936.9101982755661)",57.51630259734451,33.95248510149793,0.416175673656423,52.79761902600713,337.1216138968994
"(78, 936.9101982755661)",57.35674241909201,34.27074648810681,0.4200767915443997,54.09986239803343,339.47436765879377
"(79, 936.9101982755661)",57.19598842056798,34.59134150197336,0.4240065140807028,55.422024193457254,341.83400298402563
"(80, 936.9101982755661)",57.03403336102996,34.91427481628207,0.4279648985473114,56.76430080400929,344.20037714893476
"(81, 936.9101982755661)",56.870872377809796,35.23954968871618,0.4319519848755755,58.12688928899251,346.5733305063073
"(82, 936.9101982755661)",56.70650295204371,35.56716795247621,0.43596779553611636,59.509987195588955,348.9526865619153
"(83, 936.9101982755661)",56.54092486884849,35.897130011675586,0.44001233548239305,60.91379238249756,351.33825209800625
"(84, 936.9101982755661)",56.37414017111245,36.22943484146581,0.44408559215223004,62.33850284715138,353.72981734751664
"(85, 936.9101982755661)",56.20615311550824,36.56407998859682,0.4481875354746937,63.78431655670934,356.1271561695233
"(86, 936.9101982755661)",56.036970106248035,36.9010615844502,0.4523181180298393,65.25143128301758,358.53002636395007
"(87, 936.9101982755661)",55.8665996481722,37.240374349998724,0.4564772751095117,66.7400444418833,360.9381698892594
"(88, 936.9101982755661)",55.695052278168795,37.58201161289442,0.4606649249267999,68.25035293648321,363.3513132152836
"(89, 936.9101982755661)",55.52234049996126,37.92596532431667,0.46488096882255114,69.78255300576033,365.7691676683133
"(90, 936.9101982755661)",55.348478714256444,38.27222607951603,0.4691252915171954,71.33684007736989,368.19142981408845
"(91, 936.9101982755661)",55.17348314571205,38.62078314132318,0.47339776139890494,72.91340862579086,370.61778186966626
"(92, 936.9101982755661)",54.9973717669569,38.97162446649832,0.4776982308465692,74.51245203563653,373.04789214270977
"(93, 936.9101982755661)",54.82016422051196,39.324736734907994,0.48202653658744293,76.13416247043283,375.48141549779274
"(94, 936.9101982755661)",54.64188173469133,39.68010538055668,0.4863825000775096,77.77873074703304,377.9179938383521
"(95, 936.9101982755661)",54.462547046236544,40.03771462686642,0.490765927933935,79.44634621585918,380.35725663161605
"(96, 936.9101982755661)",54.28218430908642,40.397547521862556,0.4951766123663444,81.13719664718893,382.798821426386
"(97, 936.9101982755661)",54.100819010373606,40.75958597733768,0.4996143316568891,82.851468123637,385.2422944103334
"(98, 936.9101982755661)",53.91847788138547,41.12381080933036,0.5040788506564196,84.5893449390138,387.68727097601175
"(99, 936.9101982755661)",53.735188807908926,41.49020178061519,0.5085699213053076,86.35100950373763,390.1333363034072
"(100, 936.9101982755661)",53.55098073961037,41.85873764493628,0.5130872831756351,88.13664225694056,392.58006595581526
"(101, 936.9101982755661)",53.36588359869479,42.229396192832596,0.5176306640329157,89.94642158542295,395.027026487169
"(102, 936.9101982755661)",53.179928188081476,42.60215429890329,0.5221997804154452,91.78052374958496,397.47377605890694
"(103, 936.9101982755661)",52.993146099355755,42.976987970343664,0.5267943382292379,93.63912281645713,399.91986506434387
"(104, 936.9101982755661)",52.80556962070823,43.35387239660199,0.5314140333567041,95.52239059994625,402.3648367587017
"(105, 936.9101982755661)",52.617231645120036,43.73278199997864,0.5360585522768581,97.43049660837796,404.8082278926461
"(106, 936.9101982755661)",52.428165578997145,44.113690487010366,0.5407275726951861,99.3636079994458,407.24956934746666
"(107, 936.9101982755661)",52.23840525149522,44.4965709004607,0.5454207641809102,101.32188954259773,409.6883867697496
"(108, 936.9101982755661)",52.04798482471842,44.88139567175888,0.550137788809769,103.30550358896132,412.1242012036809
"(109, 936.9101982755661)",51.85693870502624,45.26813667370221,0.5548783018100163,105.3146100488116,414.5565297188201
"(110, 936.9101982755661)",51.665301455609914,45.656765273267524,0.5596419522097643,107.34936637662959,416.98488603154556
"(111, 936.9101982755661)",51.473107710535906,46.04725238435584,0.5644283834835152,109.40992756376603,419.40878111813146
"(112, 936.9101982755661)",51.280392090416996,46.4395685203105,0.5692372341958899,111.49644613871031,421.8277238175957
"(113, 936.9101982755661)",51.08718911986292,46.83368384604881,0.5740681386406489,113.6090721749443,424.2412214225513
"(114, 936.9101982755661)",50.893533146861415,47.22956822964762,0.5789207274730054,115.74795330638054,426.64878025618793
"(115, 936.9101982755661)",50.699458264194554,47.62719129324155,0.5837946283335123,117.91323475032527,429.0499062338361
"(116, 936.9101982755661)",50.50499823302733,48.0265224630791,0.5886894664616303,120.10505933793868,431.4441054073646
"(117, 936.9101982755661)",50.310186408743284,48.42753101860882,0.5936048652974042,122.32356755213364,433.83088449099796
"(118, 936.9101982755661)",50.115055669117226,48.83018614046196,0.5985404470696168,124.56889757283919,436.20975136710143
"(119, 936.9101982755661)",49.919638344892846,49.234456957207776,0.6034958333689301,126.8411853295646,438.5802155705978
"(120, 936.9101982755661)",49.72396615280392,49.640312590779914,0.6084706457045693,129.14056456117848,440.9417887507514
"(17, 937.1937916690642)",65.71810386868712,19.088563435621346,0.23397980216189185,5.570287831889983,213.71413013019097
"(18, 937.1937916690642)",65.61897279833944,19.235234147082537,0.23577763174536695,5.903025747717929,215.06630693847487
"(19, 937.1937916690642)",65.51503152999983,19.38939127090493,0.2376672267091511,6.2520205603446914,216.48822879467573
"(20, 937.1937916690642)",65.4066987608127,19.550608548167176,0.2396433621457502,6.617060097244588,217.9752111204537
"(21, 937.1937916690642)",65.2943875150562,19.718463740863616,0.24170086243441377,6.997954401013692,219.52259331357743
"(22, 937.1937916690642)",65.17849817477341,19.892545392032503,0.24383468410401712,7.39453414516307,221.12581799070927
"(23, 937.1937916690642)",65.05941347796319,20.07245769093844,0.24603997546847348,7.8066490120971554,222.78048849936505
"(24, 937.1937916690642)",64.9374951142236,20.25782380400752,0.24831211745599072,8.234166107660684,224.48240876829328
"(25, 937.1937916690642)",64.8130815800309,20.448287997335193,0.25064674962588007,8.676968460389014,226.22760919101614
"(26, 937.1937916690642)",64.6864870014334,20.643516830780055,0.25303978480528233,9.134953634916524,228.01236172987007
"(27, 937.1937916690642)",64.55800068166062,20.84319965531767,0.25548741518553936,9.60803247546658,229.8331868859975
"(28, 937.1937916690642)",64.42788717895358,21.047048599633477,0.25798611215782785,10.09612798597875,231.6868546651764
"(29, 937.1937916690642)",64.29638676257939,21.254798191513114,0.2605326216723388,10.599174346758392,233.57038121182265
"(30, 937.1937916690642)",64.16371613183655,21.46620472504528,0.26312395648170805,11.11711606296343,235.48102239109437
"(31, 937.1937916690642)",64.03006931186268,21.681045457109594,0.26575738629188095,11.649907237167115,237.41626528578098
"(32, 937.1937916690642)",63.89561866461804,21.899117693802864,0.26843042656390853,12.197510956176034,239.3738183145977
"(33, 937.1937916690642)",63.760515970355,22.120237810991114,0.2711408265082585,12.759898781125665,241.35160049043307
"(34, 937.1937916690642)",63.624893548774985,22.34424023999365,0.27388655665178424,13.337050329171191,243.34773018649844
"(35, 937.1937916690642)",63.48886539834096,22.57097644019451,0.27666579624437415,13.928952935077815,245.36051367232798
"(36, 937.1937916690642)",63.35252833915028,22.800313873546877,0.2794769206888659,14.535601381157116,247.38843360323548
"(37, 937.1937916690642)",63.215963147974776,23.032134991650263,0.28231848912505236,15.15699768406572,249.4301375973236
"(38, 937.1937916690642)",63.079235680270365,23.2663362419723,0.2851892322483476,15.793150929139415,251.48442698487884
"(39, 937.1937916690642)",62.942397970732976,23.502827099042005,0.2880880404345705,16.44407714132884,253.55024580805699
"(40, 937.1937916690642)",62.805489309832126,23.741529123769492,0.2910139522094197,17.109799185055625,255.62667011469028
"(41, 937.1937916690642)",62.66853729183794,23.982375053800713,0.29396614309849695,17.7903466849526,257.71289758785844
"(42, 937.1937916690642)",62.53155882994489,24.225307927246867,0.29694391488626,18.485755960039892,259.80823754527
"(43, 937.1937916690642)",62.394561142158764,24.47028024008891,0.2999466852878878,19.196069969977348,261.91210131354575
"(44, 937.1937916690642)",62.25754269168186,24.71725314141791,0.30297397808481236,19.921338259706555,264.0239930386587
"(45, 937.1937916690642)",62.120494087980134,24.966195665451764,0.3060254137111539,20.66161690334741,266.14350091970294
"(46, 937.1937916690642)",61.983398959676656,25.217083998994116,0.30910070027448355,21.41696845419205,268.2702888436142
"(47, 937.1937916690642)",61.84623476845782,25.469900790055412,0.31219962508123195,22.187461877482225,270.4040885100579
"(48, 937.1937916690642)",61.70897358704746,25.72463449327661,0.3153220466130916,22.97317248094369,272.544691981229
"(49, 937.1937916690642)",61.57158283100905,25.981278753820575,0.3184678869750691,23.774181835155904,274.6919446838441
"(50, 937.1937916690642)",61.43402594566489,26.239831829061,0.3216371248067808,24.590577684022687,276.8457388551803
"(51, 937.1937916690642)",61.29626304833419,26.500296047408494,0.32482978864891465,25.422453844827295,279.00600742610976
"(52, 937.1937916690642)",61.158251526428934,26.762677303412755,0.32804595075445137,26.26991009785203,281.17271833139534
"(53, 937.1937916690642)",61.019946592266294,27.026984588089405,0.3312857213315908,27.133052065640733,283.3458692349338
"(54, 937.1937916690642)",60.881301795778874,27.29322955323647,0.3345492432033059,28.011991082274733,285.52548265544743
"(55, 937.1937916690642)",60.74226949651683,27.56142610838216,0.33783668686689533,28.906844053175085,287.7116014765249
"(56, 937.1937916690642)",60.602801296548634,27.831590048890483,0.3411482459354759,29.817733306014734,289.9042848235044
"(57, 937.1937916690642)",60.46284843599907,28.103738713686155,0.34448413294249186,30.744786433459495,292.10360428874446
"(58, 937.1937916690642)",60.32236215309671,28.377890670993626,0.347844575489646,31.68813612843284,294.3096404862245
"(59, 937.1937916690642)",60.18129401064343,28.654065430477658,0.35122981271842507,32.647920012689774,296.52247991610636
"(60, 937.1937916690642)",60.0395961908591,28.932283180166237,0.35464009208541825,33.62428045943983,298.7422121199594
"(61, 937.1937916690642)",59.897221760572606,29.212564546546986,0.3580756664216762,34.617364410753005,300.96892710740474
"(62, 937.1937916690642)",59.75412490868177,29.494930376275466,0.3615367912569723,35.627323190484134,303.2027130355047
"(63, 937.1937916690642)",59.6102611577772,29.779401537972443,0.36502372239032455,36.654312313385255,305.4436541227589
"(64, 937.1937916690642)",59.465587551738466,30.065998742660316,0.36853671368897123,37.69849129106719,307.69182878035605
"(65, 937.1937916690642)",59.32006282108868,30.35474238142664,0.3720760150985235,38.76002343539607,309.9473079439052
"(66, 937.1937916690642)",59.17364752771476,30.645652379026593,0.37564187084848333,39.83907565992819,312.21015359022283
"(67, 937.1937916690642)",59.02630419057384,30.93874806215818,0.3792345178376043,40.93581827986495,314.4804174241488
"(68, 937.1937916690642)",58.87799739381025,31.234048041274573,0.3828541841852101,42.05042481104592,316.75813972185745
"(69, 937.1937916690642)",58.728693878701854,31.531570104832817,0.38650108793493204,43.18307176840483,319.0433483175525
"(70, 937.1937916690642)",58.57836262065637,31.831331125007967,0.39017543589898696,44.33393846431246,321.3360577219891
"(71, 937.1937916690642)",58.42697489247506,32.13334697393284,0.3938774226314892,45.5032068071777,323.63626836166617
"(72, 937.1937916690642)",58.27450431493682,32.437632449636624,0.39760722952062677,46.69106110065847,325.9439659288096
"(73, 937.1937916690642)",58.1209268956957,32.74420121091261,0.4013650239902982,47.8976878438005,328.259120833012
"(74, 937.1937916690642)",57.96622105739141,33.05306572040557,0.40515095880250923,49.123275532409195,330.5816877460713
"(75, 937.1937916690642)",57.81036765592722,33.36423719531975,0.4089651714531569,50.368014461935104,332.911605232838
"(76, 937.1937916690642)",57.653349989196336,33.677725565117115,0.41280778365352677,51.632096532134305,335.2487954606172
"(77, 937.1937916690642)",57.49515379774639,33.99353943577773,0.41667890089219967,52.91571505374844,337.5931639819104
"(78, 937.1937916690642)",57.33576725717576,34.31168606008445,0.42057861207082514,54.21906455747851,339.9445995840906
"(79, 937.1937916690642)",57.17518096332442,34.632171313561074,0.4245069892091653,55.54234060539131,342.30297420156484
"(80, 937.1937916690642)",57.01338791058253,34.9549996756921,0.4284640872149125,56.88573960512631,344.66814288584214
"(81, 937.1937916690642)",56.850383463830546,35.28017421608442,0.43244994371404955,58.24945862698637,347.0399438294571
"(82, 937.1937916690642)",56.686165324412244,35.60769658528591,0.4364645789383199,59.63369522420769,349.418198440238
"(83, 937.1937916690642)",56.52073349053779,35.937567009996116,0.4405079956665117,61.03864725658421,351.80271146265363
"(84, 937.1937916690642)",56.354090211292274,36.269784293016144,0.44458017922385235,62.46451271768606,354.19327115002824
"(85, 937.1937916690642)",56.18623994286367,36.60434581364092,0.4486810974868091,63.911489565857195,356.5896494380425
"(86, 937.1937916690642)",56.017189282459015,36.94124754055655,0.45281070104118926,65.37977555921069,358.99160225790854
"(87, 937.1937916690642)",55.84694692161022,37.28048403664155,0.4569689232409683,66.86956809492546,361.39886975220725
"(88, 937.1937916690642)",55.67552357774875,37.62204847593093,0.46115568041628613,68.38106405271975,363.81117662634665
"(89, 937.1937916690642)",55.5029319291395,37.96593266035282,0.46537087207850913,69.91445964329493,366.2282324923021
"(90, 937.1937916690642)",55.329186545210526,38.31212704014366,0.46961438117054854,71.46995026136663,368.649732250181
"(91, 937.1937916690642)",55.15430381363679,38.66062073726853,0.4738860743539021,73.04773034384016,371.0753564990615
"(92, 937.1937916690642)",54.97830186450993,39.01140157166788,0.4781858023303812,74.64799323322694,373.50477197509673
"(93, 937.1937916690642)",54.80120049237964,39.364456090352014,0.48251340019874217,76.27093104652168,375.93763201687005
"(94, 937.1937916690642)",54.623021072277986,39.719769598344925,0.48686868783397985,77.91673454971534,378.37357704635417
"(95, 937.1937916690642)",54.44378648247245,40.07732619390021,0.49125147031899413,79.58559303817313,380.81223509308774
"(96, 937.1937916690642)",54.26352101334255,40.43710880360772,0.49566153837490456,81.27769422303375,383.25322231106446
"(97, 937.1937916690642)",54.082250283483496,40.79909922149958,0.5000986688404049,82.99322412382791,385.69614353536286
"(98, 937.1937916690642)",53.900001150768254,41.16327814946907,0.5045626251671984,84.73236696748187,388.1405928474616
"(99, 937.1937916690642)",53.7168016227926,41.529625239705155,0.5090531579401388,86.49530509387304,390.58615415715667
"(100, 937.1937916690642)",53.532680766354034,41.898119138872644,0.5135700054187813,88.28221886809058,393.03240179783893
"(101, 937.1937916690642)",53.34766861619737,42.26873753389281,0.5181128940985315,90.09328659955396,395.478901133281
"(102, 937.1937916690642)",53.1617960832926,42.641457199157436,0.5226815392893847,91.92868446809815,397.92520917394324
"(103, 937.1937916690642)",52.97509486287056,43.01625404502376,0.5272756457103559,93.78858645718368,400.37087520085896
"(104, 937.1937916690642)",52.78759734245959,43.39310316742491,0.5318949080975786,95.67316429430866,402.8154413951294
"(105, 937.1937916690642)",52.599336510157165,43.771978898428344,0.5365390118240398,97.58258739872919,405.2584434710156
"(106, 937.1937916690642)",52.41034586335823,44.15285485757696,0.5412076335288833,99.51702283658616,407.69941131058937
"(107, 937.1937916690642)",52.220659318165104,44.53570400384004,0.545900441754217,101.4766352834754,410.1378695979765
"(108, 937.1937916690642)",52.03031111968746,44.920498688005665,0.5506170975873109,103.46158699455133,412.5733384511157
"(109, 937.1937916690642)",51.83933575343377,45.307210705344,0.5553572553061258,105.47203778217697,415.00533404909555
"(110, 937.1937916690642)",51.6477678579847,45.69581134837323,0.5601205630260916,107.50814500117302,417.43336925306085
"(111, 937.1937916690642)",51.4556421391299,46.08627145956041,0.5649066633460966,109.57006354165723,419.85695421879063
"(112, 937.1937916690642)",51.26299328563526,46.47856148379269,0.5697151939916615,111.65794582949738,422.27559699902434
"(113, 937.1937916690642)",51.06985588679029,46.87265152046194,0.5745457884533568,113.7719418343524,424.68880413374114
"(114, 937.1937916690642)",50.87626435188442,47.26851137500197,0.5793980766185446,115.91219908527931,427.0960812266175
"(115, 937.1937916690642)",50.68225283172596,47.66611060973421,0.5842716853946127,118.07886269388284,429.49693350596885
"(116, 937.1937916690642)",50.48785514232823,48.065418593872266,0.5891662393219104,120.27207538494528,431.8908663685592
"(117, 937.1937916690642)",50.29310469084542,48.466404552554074,0.5940813611747553,122.49197753449498,434.2773859047928
"(118, 937.1937916690642)",50.09803440384848,48.86903761476585,0.5990166725489239,124.73870721523662,436.65599940387557
"(119, 937.1937916690642)",49.90267665799828,49.27328686004633,0.6039717944340183,127.01240024928067,439.02621583750556
"(120, 937.1937916690642)",49.707063213178515,49.67912136384256,0.6089463477695294,129.3131902680779,441.3875463210759
"(17, 937.4842366294348)",65.66006474286345,19.159203622838344,0.23484568068048595,5.638371905762358,214.52575177270302
"(18, 937.4842366294348)",65.5621007282735,19.30490929352981,0.2366316811889712,5.971630269419003,215.86684073236347
"(19, 937.4842366294348)",65.45933471659865,19.458097317936325,0.23850939732853693,6.32117217564486,217.27762810784517
"(20, 937.4842366294348)",65.3521779628717,19.618347557348844,0.24047367921075358,6.686783945274262,218.75349963909065
"(21, 937.4842366294348)",65.2410370696238,19.785242993621395,0.24251941519777342,7.0682741269862515,220.28985469751532
"(22, 937.4842366294348)",65.1263069837057,19.958376532813855,0.24464161529860684,7.465471937207559,221.88218602879874
"(23, 937.4842366294348)",65.00836592986846,20.13735593707507,0.2468354716221243,7.878225655560835,223.52613803117285
"(24, 937.4842366294348)",64.88757192375235,20.321807234819207,0.2490964001776048,8.306401051391173,225.21754751625085
"(25, 937.4842366294348)",64.76426053591116,20.511376927312558,0.2514200679221719,8.749879890741763,226.95247055859622
"(26, 937.4842366294348)",64.63874362157084,20.705733266231302,0.253802408420579,9.208558554148475,228.72719855873007
"(27, 937.4842366294348)",64.51130877823202,20.90456683034849,0.25623962891400254,9.682346782052127,230.5382661246012
"(28, 937.4842366294348)",64.38221933935216,21.107590585208428,0.2587282110514945,10.171166555004866,232.38245287710478
"(29, 937.4842366294348)",64.25171475380036,21.3145395702136,0.26126490705444017,10.674951109084997,234.25678083890708
"(30, 937.4842366294348)",64.12001123658456,21.525170323802044,0.2638467326706067,11.193644082243917,236.15850868263036
"(31, 937.4842366294348)",63.98730260483233,21.739260130266665,0.26647095794194897,11.727198784089165,238.08512380603307
"(32, 937.4842366294348)",63.853761237009685,21.956606149342754,0.2691350965354907,12.275577579537075,240.0343329462267
"(33, 937.4842366294348)",63.71953911024401,22.177024473280472,0.27183689418526324,12.838751375473784,242.00405185751416
"(34, 937.4842366294348)",63.584768884113316,22.400349143175987,0.2745743166348974,13.416699198901615,243.99239442961388
"(35, 937.4842366294348)",63.44956500870502,22.626431147005192,0.27734553735597123,14.009407854902692,245.9976615158404
"(36, 937.4842366294348)",63.31402484152284,22.85513741506002,0.280148925234437,14.616871652984209,248.0183296629786
"(37, 937.4842366294348)",63.178229761150895,23.086349824088806,0.2829830323637808,15.23909219027435,250.05303988436737
"(38, 937.4842366294348)",63.04224627178955,23.31996421731772,0.28584658203289154,15.876078182365985,252.10058656787245
"(39, 937.4842366294348)",62.906127089605,23.555889446716833,0.2887384569864989,16.527845330803512,254.1599066027453
"(40, 937.4842366294348)",62.76991220784065,23.79404644109588,0.29165768800229536,17.194416219626202,256.2300687743115
"(41, 937.4842366294348)",62.633629935674364,24.034367303378303,0.2946034428256935,17.875820232864843,258.3102634729838
"(42, 937.4842366294348)",62.497297906059664,24.276794439702247,0.2975750154946926,18.57209348560888,260.39979275542527
"(43, 937.4842366294348)",62.36092405590381,24.521279720947284,0.3005718160622295,19.283278767285964,262.4980607661362
"(44, 937.4842366294348)",62.2245075619556,24.767783681085984,0.30359336076987176,20.009425483439877,264.6045645836679
"(45, 937.4842366294348)",62.08803973836261,25.016274751519997,0.306639262662658,20.750589596834516,266.7188854810801
"(46, 937.4842366294348)",61.95150490699921,25.26672853018144,0.3097092226300187,21.506833574949965,268.8406805794488
"(47, 937.4842366294348)",61.8148812093296,25.51912709131463,0.31280302094538526,22.278226320227194,270.9696749861384
"(48, 937.4842366294348)",61.67814138293335,25.773458331643194,0.31592050925174003,23.064843098285465,273.1056543531643
"(49, 937.4842366294348)",61.54125349226271,26.029715354696783,0.3190616030149718,23.866765456120525,275.24845788413404
"(50, 937.4842366294348)",61.404181614849946,26.28789589269158,0.3222262744375162,24.684081130485918,277.39797178251575
"(51, 937.4842366294348)",61.26688648310674,26.54800176535568,0.3254145458248461,25.516883946052626,279.5541231346674
"(52, 937.4842366294348)",61.12932608218388,26.810038374892898,0.32862648339497685,26.365273703208768,281.7168742185467
"(53, 937.4842366294348)",60.99145620470452,27.074014236069104,0.3318621915184227,27.229356055654304,283.8862172261655
"(54, 937.4842366294348)",60.85323096353808,27.339940540200548,0.3351218073737563,28.10924237813564,286.0621693855268
"(55, 937.4842366294348)",60.71460326395925,27.607830751720876,0.3384054960025012,29.00504962479588,288.24476846631427
"(56, 937.4842366294348)",60.57552523678305,27.877700235867817,0.3417134457454565,29.916900178775645,290.43406865191747
"(57, 937.4842366294348)",60.435948634207335,28.149565915955513,0.34504586404168247,30.84492169373023,292.63013675953016
"(58, 937.4842366294348)",60.29582519019888,28.4234459586512,0.3484029735707541,31.789246927970083,294.83304878943346
"(59, 937.4842366294348)",60.155106947335405,28.699359485644994,0.3517850087185285,32.750013572018254,297.04288678415054
"(60, 937.4842366294348)",60.01374655206389,28.977326310091037,0.35519221234654336,33.7273640702871,299.25973597813226
"(61, 937.4842366294348)",59.87169752030685,29.257366696232133,0.35862483284559876,34.72144543763261,301.48368221898227
"(62, 937.4842366294348)",59.72891447535933,29.539501140636435,0.3620831214542415,35.732409071504485,303.714809641428
"(63, 937.4842366294348)",59.585353359939575,29.82375017354021,0.365567329823711,36.76041056034773,305.9531985760948
"(64, 937.4842366294348)",59.44097162425095,30.11013417882034,0.3690777078112319,37.805609488921334,308.19892367543304
"(65, 937.4842366294348)",59.29572839175206,30.398673231231943,0.3726145014849375,38.86816924112597,310.4520522405381
"(66, 937.4842366294348)",59.14958460433523,30.689386949572906,0.37617795132402915,39.94825680090603,312.7126427329261
"(67, 937.4842366294348)",59.0025031484527,30.98229436455172,0.3797682905991484,41.046042551743156,314.9807434566648
"(68, 937.4842366294348)",58.85444896366651,31.277413800196175,0.3833857439187291,42.16170007522163,317.25639139703605
"(69, 937.4842366294348)",58.705389135005056,31.574762767719285,0.3870305259280582,43.295405949107725,319.53961120284663
"(70, 937.4842366294348)",58.555292970369734,31.874357870859956,0.390702840148976,44.44733954536682,321.83041430064804
"(71, 937.4842366294348)",58.404132064188154,32.17621472176919,0.3944028779488421,45.617682828446824,324.1287981298755
"(72, 937.4842366294348)",58.251880348377846,32.48034786660847,0.3981308176285555,46.80662015424407,326.434745488915
"(73, 937.4842366294348)",58.09851413162243,32.78677072008615,0.4018868236201221,48.01433806999347,328.748223982945
"(74, 937.4842366294348)",57.944012127822674,33.0954955082403,0.405671045785315,49.24102511545101,331.0691855652595
"(75, 937.4842366294348)",57.7883554747271,33.4065332188469,0.409483618807799,50.48687162559175,333.3975661646961
"(76, 937.4842366294348)",57.63152774297348,33.71989355883637,0.41332466167115695,51.752069535125266,335.73328539177874
"(77, 937.4842366294348)",57.47351493707585,34.03558491828709,0.4171942772175329,53.03681218504397,338.07624631840366
"(78, 937.4842366294348)",57.31430548811344,34.353614340456396,0.42109255178029964,54.34129413150794,340.426335324587
"(79, 937.4842366294348)",57.153890239203136,34.673987497481214,0.42501955488618937,55.665710957127686,342.7834220079337
"(80, 937.4842366294348)",56.99226242408191,34.996708671369774,0.4289753390223063,57.01025908514264,345.14735915103716
"(81, 937.4842366294348)",56.829417639300594,35.321780739951656,0.4329599394639095,58.37513559644288,347.5179827430066
"(82, 937.4842366294348)",56.665353810439306,35.64920516749708,0.4369733741594241,59.76053804980874,349.8951120514273
"(83, 937.4842366294348)",56.50007115273504,35.97898199974259,0.4410156436694699,61.16666430551771,352.2785497415941
"(84, 937.4842366294348)",56.33357212531013,36.31110986366436,0.44508673116408104,62.59371235256372,354.66808204668524
"(85, 937.4842366294348)",56.16586138761516,36.64558596770177,0.4491866024254512,64.04188013966197,357.0634789393316
"(86, 937.4842366294348)",55.99694573350423,36.982406114519605,0.45331520600436304,65.51136541027076,359.4644944432445
"(87, 937.4842366294348)",55.82683404476025,37.321564705648846,0.45747247327707014,67.00236554192864,361.8708668472049
"(88, 937.4842366294348)",55.655537222813955,37.66305475833397,0.46165831865181545,68.51507738977232,364.28231905515327
"(89, 937.4842366294348)",55.48306812385485,38.00686792213848,0.46587263977236276,70.0496971350448,366.6985589284884
"(90, 937.4842366294348)",55.3094414892965,38.352994499258216,0.47011531776699444,71.6064201382004,369.1192796663945
"(91, 937.4842366294348)",55.13467387301884,38.7014234678295,0.4743862175342168,73.18544079715791,371.5441602154323
"(92, 937.4842366294348)",54.95878356565925,39.05214250808806,0.47868518806339505,74.7869524108216,373.97286570660776
"(93, 937.4842366294348)",54.78179051679555,39.40513803137021,0.483012062790252,76.41114704804563,376.4050479196824
"(94, 937.4842366294348)",54.60371625107487,39.76039521097828,0.48736665997519135,78.05821542227264,378.8403457632069
"(95, 937.4842366294348)",54.42458379110458,40.1178980173234,0.49174878313406967,79.72834677202673,381.27838579787004
"(96, 937.4842366294348)",54.24441756642025,40.477629252960746,0.49615822146764266,81.42172874744226,383.71878275256876
"(97, 937.4842366294348)",54.06324332970394,40.83957059163382,0.5005947503401565,83.13854730301793,386.1611400803263
"(98, 937.4842366294348)",53.88108806795011,41.203702618632754,0.505058131774038,84.87898659676895,388.6050505229036
"(99, 937.4842366294348)",53.69797991301026,41.570004873173154,0.5095481149693613,86.64322889593052,391.05009669208863
"(100, 937.4842366294348)",53.513948051031115,41.938455892498496,0.514064436844439,88.43145448937716,393.49585166407206
"(101, 937.4842366294348)",53.32902263195899,42.30903325775499,0.5186068225981284,90.24384160689817,395.941879587325
"(102, 937.4842366294348)",53.14323467659895,42.68171364086457,0.5231749862843966,92.08056634546227,398.3877362949803
"(103, 937.4842366294348)",52.95661598605131,43.05647285327137,0.5277686314098141,93.94180260258986,400.8329699316013
"(104, 937.4842366294348)",52.76919904918444,43.43328589536076,0.5323874515393353,95.82772201694722,403.2771215804968
"(105, 937.4842366294348)",52.58101695113234,43.8121270070033,0.5370311309158311,97.73849391624437,405.7197258966256
"(106, 937.4842366294348)",52.39210328211358,44.19296971885405,0.541699345088897,99.6742852725443,408.1603117407851
"(107, 937.4842366294348)",52.202492046933585,44.57578690426113,0.5463917615511308,101.63526066502185,410.59840281335215
"(108, 937.4842366294348)",52.012217575378166,44.96055083161507,0.5511080403798108,103.62158225024668,413.0335182855639
"(109, 937.4842366294348)",51.821314433698944,45.347233216968945,0.5558478348818825,105.6334097400307,415.46517342633507
"(110, 937.4842366294348)",51.62981733737832,45.73580527676163,0.5606107922402269,107.67090038685306,417.89288022269875
"(111, 937.4842366294348)",51.43776106536938,46.12623778046961,0.5653965541590449,109.73420897689809,420.316147991807
"(112, 937.4842366294348)",51.24518037595254,46.5185011030355,0.5702047575065039,111.82348783068787,422.73448398276895
"(113, 937.4842366294348)",51.05210992438753,46.91256527690103,0.5750350349525312,113.9388868113105,425.1473939663435
"(114, 937.4842366294348)",50.85858418248691,47.30840004349556,0.579887015599947,116.08055334021331,427.55438281082417
"(115, 937.4842366294348)",50.664637360232184,47.70597490403161,0.5847603256070887,118.24863242052726,429.95495504241404
"(116, 937.4842366294348)",50.47030332956862,48.10525916945238,0.5896545888000506,120.44326666788217,432.3486153883765
"(117, 937.4842366294348)",50.27561555043593,48.506222009411765,0.5945694272730668,122.66459634864326,434.73486930164813
"(118, 937.4842366294348)",50.08060699915408,48.90883250013946,0.5995044619751995,124.91275942551609,437.1132234652438
"(119, 937.4842366294348)",49.88531009919696,49.31305967108397,0.6044593132821168,127.18789161043927,439.48318627539834
"(120, 937.4842366294348)",49.68975665442908,49.7188725502119,0.6094336015512832,129.49012642468466,441.8442683019472
"(17, 937.7804313994582)",65.601280427605,19.23098590651696,0.23572555855031405,5.708062353403606,215.35075363578812
"(18, 937.7804313994582)",65.50448397159627,19.375724092320763,0.23749970002481,6.041847959755874,216.68072318675235
"(19, 937.7804313994582)",65.40289465551791,19.527939819673062,0.23936549814481503,6.391944265830596,218.08033584656025
"(20, 937.7804313994582)",65.29691626204493,19.68721911227305,0.24131787855818504,6.758136078307803,219.545048180389
"(21, 937.7804313994582)",65.18694891998156,19.853150227350834,0.24335179429046716,7.140230441409852,221.07032019013667
"(22, 937.7804313994582)",65.07338209203427,20.025330490597334,0.24546230952470524,7.538055101596315,222.6516954167891
"(23, 937.7804313994582)",64.95658940894343,20.20337130752854,0.24764466102867227,7.951456921024232,224.28486013221664
"(24, 937.7804313994582)",64.83692514288879,20.386901633838534,0.24989430069304888,8.38030031659701,225.9656847915963
"(25, 937.7804313994582)",64.71472186358497,20.57557027203872,0.25220692368267816,8.8244657751064,227.69025191796575
"(26, 937.7804313994582)",64.59028908132541,20.76904722927595,0.25457848508015724,9.283848475811855,229.45487308767855
"(27, 937.7804313994582)",64.46391261625462,20.96702437226513,0.257005207913724,9.75835703808262,231.25609771115688
"(28, 937.7804313994582)",64.33585450908194,21.16921555934583,0.25948358477595135,10.247912401957501,233.09071567031205
"(29, 937.7804313994582)",64.20635332473555,21.37535639288488,0.2620103747888137,10.752446842558784,234.95575545802868
"(30, 937.7804313994582)",64.07562473521389,21.58520370230247,0.2645825972668083,11.271903114431487,236.84847909122507
"(31, 937.7804313994582)",63.94386229591853,21.798534841256615,0.26719752310215633,11.806233718694044,238.76637476491283
"(32, 937.7804313994582)",63.81123835315034,22.015146860522005,0.26985266462627067,12.355400283618968,240.70714796389848
"(33, 937.7804313994582)",63.67790503707114,22.234855601867352,0.2725457645028853,12.919373047917977,242.66871156369297
"(34, 937.7804313994582)",63.54399530796153,22.457494745284894,0.27527478404937655,13.498130435395984,244.64917530382107
"(35, 937.7804313994582)",63.40962403272867,22.682914832772187,0.278037891270697,14.091658709304376,246.64683491192548
"(36, 937.7804313994582)",63.27488907554804,22.910982285013713,0.28083344880623967,14.699951695089881,248.6601610778232
"(37, 937.7804313994582)",63.13987238981894,23.14157842290703,0.283660001936099,15.323010559999515,250.68778842640657
"(38, 937.7804313994582)",63.00464110492002,23.374598501680673,0.28651626674172814,15.960843640393264,252.7285045876268
"(39, 937.7804313994582)",62.86924859804094,23.609950764517148,0.28940111850559047,16.61346630577924,254.78123945387912
"(40, 937.7804313994582)",62.73373554756499,23.847555519697828,0.29231358039919597,17.28090085198402,256.8450546786942
"(41, 937.7804313994582)",62.598130962482536,24.08734424503579,0.295252812505605,17.963176415384897,258.9191334680247
"(42, 937.7804313994582)",62.4624531827038,24.329258722564745,0.2982181012128051,18.660328900826553,261.0027707056451
"(43, 937.7804313994582)",62.32671085328294,24.573250204392828,0.30120884898907824,19.372400921879628,263.09536342443243
"(44, 937.7804313994582)",62.19090385556879,24.8192786143579,0.3042245645972206,20.099441739694967,265.19640169059886
"(45, 937.7804313994582)",62.0550242010913,25.06731178482464,0.3072648537395256,20.841507201309387,267.3054598924344
"(46, 937.7804313994582)",61.91905689911051,25.31732472759337,0.31032941012084336,21.59865968455024,269.42218841451364
"(47, 937.7804313994582)",61.78298076628827,25.569298944962263,0.31341800700392847,22.370968025728516,271.54630579077394
"(48, 937.7804313994582)",61.64676920161505,25.82322177675625,0.31653048920553356,23.158507445512743,273.67759127273405
"(49, 937.7804313994582)",61.51039091598885,26.079085785191815,0.3196667655563465,23.96135946487026,275.8158778426298
"(50, 937.7804313994582)",61.37381061759989,26.33688817703551,0.32282680181805307,24.77961181136788,277.9610456648733
"(51, 937.7804313994582)",61.236989653167825,26.596630262519103,0.3260106140509383,25.613358315353025,280.1130159701381
"(52, 937.7804313994582)",61.09988660547372,26.858316950234755,0.32921826242252594,26.462698795928002,282.27174536324844
"(53, 937.7804313994582)",60.96245784793853,27.12195627703795,0.3324498454452848,27.327738936840113,284.43722054352224
"(54, 937.7804313994582)",60.82465805737658,27.387558971767756,0.3357054946289433,28.2085901526213,286.60945342367756
"(55, 937.7804313994582)",60.68644068624474,27.655138051482687,0.33898536953129865,29.105369445488066,288.7884766316779
"(56, 937.7804313994582)",60.54775839594687,27.92470844877416,0.34228965318992405,30.01819925357903,290.9743393784389
"(57, 937.7804313994582)",60.40856345292918,28.19628666862232,0.345618547916123,30.947207291229407,293.1671036732067
"(58, 937.7804313994582)",60.268808089351175,28.469890473248274,0.34897227143193443,31.89252638197117,295.3668408679171
"(59, 937.7804313994582)",60.12844483027336,28.745538593334135,0.35235105333040045,32.85429428504155,297.5736285111949
"(60, 937.7804313994582)",59.98742678927393,29.023250464017426,0.355755131839485,33.83265351609594,299.7875474929074
"(61, 937.7804313994582)",59.845707934441535,29.303045984064628,0.35918475087012586,34.82775116290178,302.00867946019173
"(62, 937.7804313994582)",59.70324332667786,29.58494529665698,0.36264015732920296,35.839738696680186,304.2371044862672
"(63, 937.7804313994582)",59.559989332161024,29.868968590289974,0.36612159867903193,36.86877177979215,306.4728989740897
"(64, 937.7804313994582)",59.41590381082524,30.15513591831016,0.3696293207253343,37.9150100704015,308.7161337772912
"(65, 937.7804313994582)",59.27094628255406,30.44346703572533,0.3731635656169124,38.978617024713074,310.966872522075
"(66, 937.7804313994582)",59.12507807277828,30.733981251953676,0.376724570040717,40.059759697337626,313.2251701142214
"(67, 937.7804313994582)",58.97826243901371,31.026697298290358,0.3803125635973007,41.15860854030452,315.49107141660596
"(68, 937.7804313994582)",58.83046467983492,31.32163320891826,0.383927767342304,42.27533720119856,317.7646100832981
"(69, 937.7804313994582)",58.681652227616546,31.618806214405772,0.3875703924809807,43.410122320857745,320.0458075376136
"(70, 937.7804313994582)",58.53179472635379,31.918232646673022,0.39124063920332913,44.56314333102937,322.33467208206844
"(71, 937.7804313994582)",58.380864095684394,32.21992785453561,0.394938695648853,45.734582252369776,324.63119812955085
"(72, 937.7804313994582)",58.228834582238,32.52390612896049,0.39866473699037774,46.924623493117835,326.9353655454702
"(73, 937.7804313994582)",58.07568279926161,32.830180637286,0.40241892462775153,48.133453648767045,329.24713909195185
"(74, 937.7804313994582)",57.921387755428896,33.13876336569154,0.4062014054826569,49.36126130302421,331.566467965568
"(75, 937.7804313994582)",57.76593087380145,33.449665069317206,0.41001231138720434,50.60823683033479,333.8932854214467
"(76, 937.7804313994582)",57.60929600119043,33.762895229396236,0.4138517585584707,51.87457220024083,336.2275084761462
"(77, 937.7804313994582)",57.45146940945703,34.07846201698572,0.41771984715393135,53.160460783805306,338.56903768432414
"(78, 937.7804313994582)",57.29243978848947,34.39637226274663,0.4216166609010339,54.46609716235032,340.9177569826203
"(79, 937.7804313994582)",57.132198231962015,34.71663143240405,0.4255422667964018,55.7916769387284,343.2735335963046
"(80, 937.7804313994582)",56.970738216181466,35.03924360751525,0.42949671487009355,57.13739655135319,345.6362180041732
"(81, 937.7804313994582)",56.808055572529,35.3642114712113,0.4334800380108315,58.50345309121031,348.00564395764076
"(82, 937.7804313994582)",56.64414845392328,35.6915362986137,0.4374922518485355,59.890044122050305,350.38162855038973
"(83, 937.7804313994582)",56.47901729567404,36.02121795167432,0.441533354691068,61.29736750398583,352.76397233545396
"(84, 937.7804313994582)",56.31266477110494,36.35325487819266,0.4456033275121862,62.72562122069804,355.152459486714
"(85, 937.7804313994582)",56.145095742273085,36.68764411479997,0.4497021339881338,64.17500321045817,357.5468580021909
"(86, 937.7804313994582)",55.97631720610122,37.02438129371673,0.4538297205804527,65.64571120117309,359.9469199466594
"(87, 937.7804313994582)",55.80633823620829,37.36346065311034,0.4579860166629574,67.13794254975844,362.3523817313492
"(88, 937.7804313994582)",55.63516992074326,37.70487505087974,0.462170934690692,68.651894085709,364.7629644288189
"(89, 937.7804313994582)",55.46282529646066,38.04861598172931,0.46638437040922587,70.18776195967249,367.17837412065603
"(90, 937.7804313994582)",55.28931927933724,38.39467359737074,0.4706262031022658,71.74574149661647,369.59830227651537
"(91, 937.7804313994582)",55.114668591964396,38.74303672972431,0.4748962958760617,73.32602705418242,372.0224261624754
"(92, 937.7804313994582)",54.93889168796386,39.093692916987834,0.4791944959789385,74.92881188628489,374.45040927709
"(93, 937.7804313994582)",54.762008674306315,39.44662843254783,0.4835206351556844,76.55428801219225,376.88190181464546
"(94, 937.7804313994582)",54.584041227549974,39.801828315763885,0.4878745300248865,78.2026460912758,379.31654114427016
"(95, 937.7804313994582)",54.405012516868354,40.15927640703909,0.4922559825088205,79.87407530362374,381.75395233246206
"(96, 937.7804313994582)",54.224947113106985,40.51895538278521,0.4966647802620253,81.56876323670357,384.1937486583356
"(97, 937.7804313994582)",54.043870905120116,40.880846794403745,0.5011006971491268,83.28689577825708,386.6355321688203
"(98, 937.7804313994582)",53.8618110110373,41.24493110858489,0.5055634937388059,85.02865701559688,389.0788942425979
"(99, 937.7804313994582)",53.6787956889052,41.61118774963267,0.5100529178225954,86.79422914146188,391.52341617076405
"(100, 937.7804313994582)",53.49485424622889,41.97959514351259,0.5145687049548086,88.58379236660093,393.9686697505799
"(101, 937.7804313994582)",53.3100169495649,42.350130763681044,0.5191105790142876,90.39752483921578,396.4142178928254
"(102, 937.7804313994582)",53.124314931677134,42.722771177909785,0.5236782527783619,92.23560257138864,398.8596152336181
"(103, 937.7804313994582)",52.93778010106914,43.09749209698645,0.5282714285198047,94.09819937263775,401.3044087606727
"(104, 937.7804313994582)",52.75044504954958,43.47426842408987,0.5328897986120458,95.98548679068678,403.74813844008787
"(105, 937.7804313994582)",52.562342960813496,43.85307430529507,0.5375330461482525,97.89763405955163,406.1903378488214
"(106, 937.7804313994582)",52.37350751936812,44.2338831808234,0.5422008455695178,99.83480805503048,408.6305348083029
"(107, 937.7804313994582)",52.18397282011678,44.6166678369139,0.5468928633006985,101.79717325765229,411.06825201776167
"(108, 937.7804313994582)",51.993773278851535,45.00140045812752,0.5516087583915146,103.78489172315216,413.5030076849618
"(109, 937.7804313994582)",51.802943543832534,45.38805267992384,0.5563481831610353,105.79812306050516,415.9343161525553
"(110, 937.7804313994582)",51.611518408652344,45.776595641338034,0.5611107838433607,107.83702441754794,418.3616885179669
"(111, 937.7804313994582)",51.41953272656639,46.16700003759023,0.5658962012324832,109.90175047420598,420.78463324490673
"(112, 937.7804313994582)",51.22702132645373,46.55923617246372,0.5707040713243324,111.99245344331378,423.2026567646458
"(113, 937.7804313994582)",51.03401893056717,46.95327401029001,0.5755340259539626,114.10928307903333,425.6152640651407
"(114, 937.7804313994582)",50.840560074204824,47.34908322738785,0.5803856934260976,116.25238669283608,428.02195926636335
"(115, 937.7804313994582)",50.64667902743587,47.74663326280264,0.5852586991370589,118.42190917701295,430.4222461800239
"(116, 937.7804313994582)",50.45240971898798,48.14589336820473,0.5901526661863966,120.61799303566161,432.8156288521578
"(117, 937.7804313994582)",50.25778566239239,48.546832656808,0.5950672159765205,122.84077842311257,435.20161208702336
"(118, 937.7804313994582)",50.06283988446571,48.94942015118081,0.600001968798749,125.09040318970169,437.5797019509135
"(119, 937.7804313994582)",49.86760485619711,49.35362482982586,0.6049565444042553,127.36700293483229,439.94940625451574
"(120, 937.7804313994582)",49.67211242608389,49.75941567241917,0.609930562558596,129.67071106723947,442.31023501267487
"(17, 938.0812524109172)",65.54198826216796,19.303628921432676,0.23661598691155536,5.779107564086701,216.1859137783503
"(18, 938.0812524109172)",65.44635489645317,19.447401270784194,0.23837828955790707,6.113425083668336,217.5047793323854
"(19, 938.0812524109172)",65.34593870163378,19.598645616053044,0.24023218087369153,6.464080865191715,218.8932242382068
"(20, 938.0812524109172)",65.24113599176728,19.756954157880433,0.24217266222118722,6.830858200277224,220.34677607586008
"(21, 938.0812524109172)",65.13234041128952,19.921920455814064,0.24419475161958976,7.2135626247004,221.8609558067772
"(22, 938.0812524109172)",65.0199358795522,20.09314630656482,0.2462935680558677,7.612020408386386,223.43135837421542
"(23, 938.0812524109172)",64.90429140890846,20.270246798571833,0.24846439344156895,8.026076987391104,225.0537123917948
"(24, 938.0812524109172)",64.78575746386596,20.452853871970152,0.2507027162494218,8.455595415961193,226.7239226261152
"(25, 938.0812524109172)",64.6646635519978,20.640618686472624,0.25300426053788777,8.900454890240258,228.43809870043947
"(26, 938.0812524109172)",64.54131677509096,20.83321306075777,0.25536500359457265,9.360549376017994,230.1925730178971
"(27, 938.0812524109172)",64.416001112197,21.030330204181503,0.25778118490525975,9.83578635894174,231.98391042495456
"(28, 938.0812524109172)",64.28897724891975,21.23168492019582,0.2602493086473249,10.326085725683555,233.8089116692743
"(29, 938.0812524109172)",64.16048280636727,21.43701342338844,0.26276614144709176,10.831378777549343,235.6646122823227
"(30, 938.0812524109172)",64.03073285691717,21.64607287992094,0.26532870674670156,11.351607373042546,237.5482781524722
"(31, 938.0812524109172)",63.89992064133277,21.85864075489484,0.26793427680440646,11.886723192503846,239.45739875598713
"(32, 938.0812524109172)",63.768218424764406,22.074514028482813,0.27058036308619715,12.436687115719243,241.3896787659813
"(33, 938.0812524109172)",63.635778445478785,22.293508326644755,0.2732647056105217,13.001468701935943,243.34302857688286
"(34, 938.0812524109172)",63.50273392349697,22.515456999424988,0.2759852616503976,13.581045761059684,245.3155541349
"(35, 938.0812524109172)",63.3692001054483,22.740210170660365,0.2787401940851112,14.175404004461008,247.30554636016223
"(36, 938.0812524109172)",63.2352753287524,22.96763377613424,0.28152785961033994,14.784536764129179,249.31147036770335
"(37, 938.0812524109172)",63.101042091676085,23.19760860270793,0.28434679696020354,15.408444768705287,251.33195464275522
"(38, 938.0812524109172)",62.966568122028626,23.43002933680058,0.2871957152439113,16.047135967261944,253.36578027579552
"(39, 938.0812524109172)",62.83190743427723,23.664803629577055,0.29007348248719694,16.700625389874077,255.41187035291188
"(40, 938.0812524109172)",62.69710137093027,23.901851183382284,0.29297911443427177,17.368935037386354,257.46927956135676
"(41, 938.0812524109172)",62.56217962229385,24.14110286353432,0.29591176366048033,18.05209379237917,259.5371840653675
"(42, 938.0812524109172)",62.42716121900982,24.382499838811206,0.2988707090367638,18.750137343884237,261.614871698262
"(43, 938.0812524109172)",62.29205550012383,24.62599275180907,0.30185534556027044,19.463108124601295,263.70173248550736
"(44, 938.0812524109172)",62.15686303930536,24.871540924068107,0.3048651746110513,20.19105524680088,265.79724956880705
"(45, 938.0812524109172)",62.02157653487831,25.119111595482135,0.30789979462916134,20.93403443778795,267.9009905249999
"(46, 938.0812524109172)",61.88618167440627,25.368679197164976,0.31095889220161876,21.69210798218352,270.01259906262237
"(47, 938.0812524109172)",61.750657942041194,25.620224663905027,0.3140422336348916,22.465344647039753,272.1317871911012
"(48, 938.0812524109172)",61.614979391690305,25.873734782181163,0.3171496569630118,23.253819605319567,274.2583278002353
"(49, 938.0812524109172)",61.47911537529791,26.129201575659884,0.3202810644153689,24.057614349570184,276.39204768070067
"(50, 938.0812524109172)",61.34303122727666,26.386621727732944,0.32343641533832695,24.876816596087565,278.5328209797878
"(51, 938.0812524109172)",61.206688905103235,26.64599604058911,0.3266157195647938,25.711520179114313,280.6805630873203
"(52, 938.0812524109172)",61.070047586394296,26.907328930131932,0.32981903122309436,26.56182493493935,282.8352249437764
"(53, 938.0812524109172)",60.93306422327003,27.170627955749005,0.3330464429731245,27.42783657606223,284.99678775916755
"(54, 938.0812524109172)",60.795694054984985,27.43590338383882,0.33629808065619127,28.30966655572059,287.165258129627
"(55, 938.0812524109172)",60.657891080213574,27.703167783757543,0.33957409834232094,29.207431923302323,289.34066353597007
"(56, 938.0812524109172)",60.5196084904636,27.972435654802048,0.3428746737579616,30.12125517120579,291.52304820764743
"(57, 938.0812524109172)",60.38079906635016,28.243723082703568,0.34620000407543217,31.051264073853062,293.71246933389295
"(58, 938.0812524109172)",60.24141553852095,28.517047424079703,0.34955030204504595,31.99759151952225,295.9089936035088
"(59, 938.0812524109172)",60.10141091512335,28.792427017248585,0.3529257924504076,32.96037533578682,298.112694054207
"(60, 938.0812524109172)",59.960738777757996,29.069880917795608,0.3563267088670869,33.939758109272866,300.3236472122243
"(61, 938.0812524109172)",59.8193535478067,29.34942865732922,0.3597532907055517,34.93588700043751,302.5419305035752
"(62, 938.0812524109172)",59.677210725115444,29.63109002383502,0.3632057805188343,35.94891355412182,304.767619917871
"(63, 938.0812524109172)",59.5342671008485,29.914884862148103,0.36668442155680586,36.97899350649417,307.000787907087
"(64, 938.0812524109172)",59.39048094634059,30.200832893082524,0.37018945554913457,38.02628658905088,309.2415015017968
"(65, 938.0812524109172)",59.24581217970706,30.488953549820316,0.3737211206998231,39.09095633024249,311.4898206282591
"(66, 938.0812524109172)",59.10022251183131,30.779265830264574,0.377279649877391,40.17316985530576,313.74579661082953
"(67, 938.0812524109172)",58.953675573306455,31.07178816411114,0.38086526898551104,41.273097684781675,316.0094708449674
"(68, 938.0812524109172)",58.806137023801305,31.366538293480197,0.3844781954998388,42.39091353221471,318.28087362696357
"(69, 938.0812524109172)",58.65757464519029,31.66353316604575,0.38811863715802586,43.526794101456645,320.5600231277626
"(70, 938.0812524109172)",58.50795841975441,31.962788839646418,0.39178679079049133,44.6809188839663,322.8469244988318
"(71, 938.0812524109172)",58.35726059457952,32.264320397484354,0.39548284128095434,45.85346995651087,325.14156909935474
"(72, 938.0812524109172)",58.20545573327078,32.568141873049775,0.3992069606462019,47.04463177954607,327.44393383459874
"(73, 938.0812524109172)",58.05252075591888,32.87426618403073,0.40295930722596607,48.25459099665988,329.7539805965099
"(74, 938.0812524109172)",57.89843496826222,33.18270507447259,0.4067400249739532,49.48353623530821,332.0716557979055
"(75, 938.0812524109172)",57.74318008097641,33.493469064611155,0.4105492428429075,50.73165790915882,334.3968899932696
"(76, 938.0812524109172)",57.58674021933687,33.80656740773142,0.4143870742558152,51.99914802229775,336.7295975784931
"(77, 938.0812524109172)",57.42910192483875,34.12200805363285,0.4182536166580635,53.28619997550692,339.0696765644849
"(78, 938.0812524109172)",57.270254148455045,34.43979761816202,0.42214895114399387,54.593008374897465,341.41700841821535
"(79, 938.0812524109172)",57.110188236671235,34.75994135843853,0.4260731421532283,55.919768843092996,343.7714579666621
"(80, 938.0812524109172)",56.948897910594965,35.08244315340013,0.43002623723219874,57.26667783318292,346.13287335915226
"(81, 938.0812524109172)",56.78637923865245,35.4073054893326,0.4340082668567789,58.63393244568439,348.5010860840143
"(82, 938.0812524109172)",56.622630603280015,35.73452945009365,0.43801924431245354,60.02173024869542,350.8759110360145
"(83, 938.0812524109172)",56.45765266200824,36.06411471176499,0.44205916562876546,61.430269101476355,353.257146631281
"(84, 938.0812524109172)",56.29144830329679,36.39605954149669,0.4461280095651483,62.85974698165217,355.64457496681183
"(85, 938.0812524109172)",56.12402259745018,36.73036080033229,0.4502257376455583,64.31036181624327,358.0379620219311
"(86, 938.0812524109172)",55.955382742939676,37.06701394981521,0.4543522942394506,65.78231131673734,360.43705789918005
"(87, 938.0812524109172)",55.78553800841445,37.406013062206,0.45850760668702056,67.27579281849555,362.8415971023969
"(88, 938.0812524109172)",55.614499670701285,37.74735083413823,0.4626915854665849,68.79100312438158,365.25129885010534
"(89, 938.0812524109172)",55.44228094904384,38.0910186035699,0.46690412440238854,70.32813835339283,367.6658674218225
"(90, 938.0812524109172)",55.26889693585564,38.437006369881445,0.4711451009109153,71.88739379390081,370.0849925358786
"(91, 938.0812524109172)",55.094364524268904,38.78530281696671,0.4754143762839712,73.46896376209249,372.5083497565303
"(92, 938.0812524109172)",54.918702332676645,39.135895339211764,0.4797117960070934,75.07304146566761,374.93560092895694
"(93, 938.0812524109172)",54.741930627176906,39.48877007032082,0.4840371901129059,76.69981887302264,377.3663946415533
"(94, 938.0812524109172)",54.56407123793013,39.843911914015095,0.4883903735573941,78.3494865881109,379.8003667040451
"(95, 938.0812524109172)",54.385147482314835,40.201304579036204,0.4927711466489774,80.0222337311948,382.2371406692417
"(96, 938.0812524109172)",54.20518407407824,40.56093061403809,0.49717929547619394,81.71824782562672,384.67632834745876
"(97, 938.0812524109172)",54.02420703978647,40.92277144650789,0.5016145923847827,83.43771469089462,387.117530361014
"(98, 938.0812524109172)",53.84224363019493,41.28680742300441,0.5060767964708943,85.18081834206149,389.5603367074599
"(99, 938.0812524109172)",53.659322230987314,41.65301785142942,0.5105656540992597,86.94774089578381,392.0043273396489
"(100, 938.0812524109172)",53.475472272412865,42.02138104502456,0.515080899442462,88.73866248305353,394.4490727588729
"(101, 938.0812524109172)",53.290724138978014,42.391874368150745,0.5196222550420962,90.55376116880397,396.89413462167073
"(102, 938.0812524109172)",53.10510907669668,42.76447428306515,0.5241894323821444,92.39321287852148,399.3390663510883
"(103, 938.0812524109172)",52.91865910270963,43.13915639858073,0.5287821324854068,94.25719133197525,401.78341376245066
"(104, 938.0812524109172)",52.731406912947,43.515895519395436,0.5334000465181826,96.14586798416406,404.2267156896542
"(105, 938.0812524109172)",52.54338579081103,43.894665696550376,0.5380428564087458,98.05941197359961,406.66850461706395
"(106, 938.0812524109172)",52.35462951617613,44.27544027864618,0.5427102354751432,99.99799007797341,409.1083073127727
"(107, 938.0812524109172)",52.16517227508142,44.65819196366489,0.5474018490604138,101.9617666773068,411.54564546133804
"(108, 938.0812524109172)",51.97504857031608,45.042892851231876,0.5521173551731693,103.95090372461284,413.98003629403695
"(109, 938.0812524109172)",51.784293133087544,45.42951449515183,0.556856405131591,105.96556072412471,416.41099321475923
"(110, 938.0812524109172)",51.59294083598906,45.81802795603795,0.5616186442085093,108.00589471711768,418.83802641932203
"(111, 938.0812524109172)",51.401026607425464,46.20840385387626,0.566403712275734,110.07206027531754,421.2606435064959
"(112, 938.0812524109172)",51.20858534767391,46.6006124203561,0.5712112444454879,112.16420950192894,423.67835007869286
"(113, 938.0812524109172)",51.015651846736084,46.99462355080463,0.5760408717070093,114.28249204023372,426.09065033055407
"(114, 938.0812524109172)",50.822260704107414,47.39040685557739,0.5808922215564636,116.42705508976844,428.4970476236788
"(115, 938.0812524109172)",50.62844625061144,47.78793171074164,0.5857649186182126,118.59804343001713,430.8970450457346
"(116, 938.0812524109172)",50.43424247238802,48.187167307921335,0.5906585852557853,120.79559945158944,433.2901459524182
"(117, 938.0812524109172)",50.23968293714399,48.58808270315879,0.5955728421708053,123.0198631948199,435.6758544906986
"(118, 938.0812524109172)",50.04480072274264,48.99064686466567,0.6005073089883078,125.2709723957199,438.0536761019415
"(119, 938.0812524109172)",49.84962834819646,49.394828719342584,0.6054616048269483,127.5490625392091,440.42311800357834
"(120, 938.0812524109172)",49.65419770711076,49.8005971979549,0.6104353488527594,129.85426691955092,442.7836896481408
"(17, 938.3855585466764)",65.48242272128343,19.376851081049907,0.23751351419164077,5.851247903594191,217.02800377351258
"(18, 938.3855585466764)",65.38794329848028,19.51966312645385,0.2392640458250302,6.186099906533287,218.33582537512524
"(19, 938.3855585466764)",65.28869191636882,19.66994091984626,0.24110608954330004,6.537318030946332,219.71315447414827
"(20, 938.3855585466764)",65.1850574566256,19.827282826614738,0.2430347222736495,6.904684058866213,221.15558954812872
"(21, 938.3855585466764)",65.07742708547659,19.991287717259436,0.24504502713478224,7.288002019942344,222.65871263701575
"(22, 938.3855585466764)",64.96617917982645,20.161561876535423,0.24713217812626664,7.687096707154971,224.2181702987185
"(23, 938.3855585466764)",64.85167809472071,20.33772411361596,0.24929150276688253,8.101812127763226,225.82973393707815
"(24, 938.3855585466764)",64.73427045192192,20.519409391995037,0.25151852658846285,8.532009968758777,227.48934308879302
"(25, 938.3855585466764)",64.61428264962763,20.70627127393142,0.25380900309888876,8.977568129573863,229.193135007552
"(26, 938.3855585466764)",64.49201932872901,20.897983437484275,0.25615893237729787,9.438379355318208,230.93746348027275
"(27, 938.3855585466764)",64.36776257202695,21.094240483263437,0.2585645709628926,9.914349989875776,232.71890935351996
"(28, 938.3855585466764)",64.24177165406705,21.294758207829357,0.2610224352061644,10.405398857959696,234.53428479619058
"(29, 938.3855585466764)",64.11428319679581,21.49927348442005,0.26352929980690665,10.911456278156127,236.38063291456248
"(30, 938.3855585466764)",63.98551161927397,21.707543860141087,0.2660821928767151,11.432463203883682,238.25522397805707
"(31, 938.3855585466764)",63.85564979632448,21.919346953074026,0.26867838854900095,11.96837048568762,240.1555492222876
"(32, 938.3855585466764)",63.72486986352137,22.134479711412148,0.27131539789777953,12.519138246003408,242.07931295261818
"(33, 938.3855585466764)",63.59332412194249,22.352757580929403,0.2739909587328427,13.084735356006409,244.02442349125153
"(34, 938.3855585466764)",63.46114600935035,22.574013614325118,0.2767030246824714,13.665139003422421,245.98898336479328
"(35, 938.3855585466764)",63.32845111339066,22.79809754694342,0.27944975386398513,14.26033433983894,247.971279025548
"(36, 938.3855585466764)",63.19533820927717,23.024874856512053,0.28222949735838315,14.870314196312666,249.96977032068145
"(37, 938.3855585466764)",63.06189030779966,23.254225820052852,0.28504078765039514,15.495078855852995,251.98307987204765
"(38, 938.3855585466764)",62.928175705865364,23.48604457686321,0.2878823271428093,16.134635873678018,254.0099824779441
"(39, 938.3855585466764)",62.794249028673775,23.720238205477504,0.29075297684233004,16.788999934317854,256.0493946389809
"(40, 938.3855585466764)",62.66015225894003,23.956725819563427,0.2936517452773774,17.458192737999646,258.10036427231853
"(41, 938.3855585466764)",62.52591574680119,24.195437687252017,0.2965777777032318,18.14224290830732,260.16206067427186
"(42, 938.3855585466764)",62.391559194388606,24.436314377598414,0.29953034563966097,18.84118591368888,262.23376478106337
"(43, 938.3855585466764)",62.257092617559884,24.67930593560421,0.30250883675875345,19.555064001639334,264.3148597455289
"(44, 938.3855585466764)",62.12251726701305,24.92437109096631,0.30551274518601146,20.283926131589315,266.4048219029144
"(45, 938.3855585466764)",61.98782651427371,25.171476500256023,0.3085416622113088,21.02782790753126,268.5032121215477
"(46, 938.3855585466764)",61.85300671320687,25.42059602184301,0.3115952674012522,21.786831517651326,270.6096675231737
"(47, 938.3855585466764)",61.71803800484981,25.671710029893895,0.3146733201904067,22.561005656837164,272.7238936697748
"(48, 938.3855585466764)",61.58289508871696,25.924804763463225,0.31777565190271595,23.350425447740633,274.8456571555237
"(49, 938.3855585466764)",61.44754794964287,26.179871712736126,0.32090215822835816,24.15517235215686,276.97477863579496
"(50, 938.3855585466764)",61.311962541155715,26.43690704202799,0.32405279215107635,24.975334073040845,279.11112628825697
"(51, 938.3855585466764)",61.17610142531479,26.695911049103007,0.3272275573207515,25.811004446680965,281.254609701617
"(52, 938.3855585466764)",61.03992436926059,26.956887660174264,0.330426501863298,26.66228332492341,283.40517418469193
"(53, 938.3855585466764)",60.90338889924139,27.219843959628417,0.33364971261621673,27.529276447576088,285.56279548473054
"(54, 938.3855585466764)",60.766450813087246,27.48478975339137,0.33689730977654275,28.412095305312562,287.7274749022212
"(55, 938.3855585466764)",60.629064652287745,27.751737164674378,0.34016944194818527,29.310856993565714,289.89923478949333
"(56, 938.3855585466764)",60.491184136122705,28.020700260618376,0.34346628155277775,30.22568405801457,292.0781143988388
"(57, 938.3855585466764)",60.35276255676245,28.291694708556314,0.3467880206417003,31.156704332295487,294.2641661148628
"(58, 938.3855585466764)",60.21375314167424,28.56473746002295,0.3501348669973911,32.10405076867309,296.45745196533994
"(59, 938.3855585466764)",60.0741093806957,28.839846461232057,0.35350704059720023,33.067861262391915,298.65804047859444
"(60, 938.3855585466764)",59.9337853223825,29.117040388252946,0.3569047703647408,34.04827847044354,300.866003816247
"(61, 938.3855585466764)",59.79273584066741,29.396338405358353,0.3603282912078334,35.04544962545743,303.08141517977475
"(62, 938.3855585466764)",59.65091687386514,29.677759944984572,0.36377784132133023,36.05952634541735,305.3043464698033
"(63, 938.3855585466764)",59.508285637887745,29.96132450779789,0.3672536597364222,37.09066443987544,307.5348661801982
"(64, 938.3855585466764)",59.3648008154555,30.247051481429068,0.37075598409875615,38.139023713258865,309.7730375097751
"(65, 938.3855585466764)",59.22042272308691,30.534959976465824,0.3742850486580993,39.20476776590748,312.018916674793
"(66, 938.3855585466764)",59.07511345745702,30.825068678422646,0.3778410824538466,40.28806379333591,314.27255140699776
"(67, 938.3855585466764)",58.928837022722504,31.117395714432543,0.38142430768097385,41.38908238426487,316.53397962222516
"(68, 938.3855585466764)",58.781559440254554,31.411958533515367,0.38503493822243484,42.507997317872295,318.80322824597226
"(69, 938.3855585466764)",58.633248842157705,31.708773799341703,0.38867317833468346,43.644985360688764,321.0803121830151
"(70, 938.3855585466764)",58.48387554982031,32.00785729450646,0.3923392214743122,44.80022606356535,323.36523341937533
"(71, 938.3855585466764)",58.33341213868886,32.30922383538513,0.3960332492543912,45.97390155902478,325.65798024561224
"(72, 938.3855585466764)",58.18183349031596,32.612887196745326,0.3997554305203898,47.16619635939006,327.95852659155304
"(73, 938.3855585466764)",58.0291168326866,32.91886004533754,0.4035059205361497,48.37729715596147,330.26683146324416
"(74, 938.3855585466764)",57.87524176972542,33.22715388176659,0.4072848602713834,49.60739261954614,332.582838473821
"(75, 938.3855585466764)",57.7201903007753,33.53777899002814,0.4110923757831022,50.856673202616534,334.90647546088996
"(76, 938.3855585466764)",57.56394683083724,33.85074439411804,0.4149285776837563,52.12533094333914,337.2376541834105
"(77, 938.3855585466764)",57.406498172216,34.16605782121872,0.41879356068998497,53.413559271738514,339.5762700920844
"(78, 938.3855585466764)",57.24783353819308,34.48372567099915,0.42268740324631504,54.7215528181984,341.9222021677392
"(79, 938.3855585466764)",57.08794452931257,34.80375299060313,0.42661016721856804,56.04950722456039,344.2753128225266
"(80, 938.3855585466764)",56.92682511273834,35.12614345497985,0.4305618976527714,57.39761895800105,346.6354478598118
"(81, 938.3855585466764)",56.764471595206935,35.450899352202015,0.4345426225951812,58.766085127940414,349.00243648837636
"(82, 938.3855585466764)",56.60088258993864,35.77802157350148,0.4385523529701539,60.15510330616155,351.3760913876955
"(83, 938.3855585466764)",56.43605897795086,36.10750960773492,0.4425910825123033,61.564871350367554,353.7562088207183
"(84, 938.3855585466764)",56.27000386409904,36.439361540058556,0.44665878775025886,62.99558723137907,356.14256879142897
"(85, 938.3855585466764)",56.1027225281895,36.77357405459394,0.45075542803933877,64.44744886417918,358.5349352444619
"(86, 938.3855585466764)",55.934222371486086,37.11014244088662,0.4548809456407181,65.92065394300282,360.9330563043028
"(87, 938.3855585466764)",55.764512858900865,37.449060603983455,0.4590352658449497,67.41539978078983,363.3366645517454
"(88, 938.3855585466764)",55.593605457155114,37.790321077961906,0.46321829713782636,68.93188315286146,365.7454773358581
"(89, 938.3855585466764)",55.421513569169676,38.1339150427673,0.46742993140670824,70.47030014560576,368.1591971189128
"(90, 938.3855585466764)",55.248252464986415,38.47983234418879,0.47167004418543734,72.03084600980766,370.57751185287947
"(91, 938.3855585466764)",55.07383920942654,38.8280615168657,0.475938494936315,73.61371501916342,373.0000953855151
"(92, 938.3855585466764)",54.89829258678885,39.17858981016045,0.4802351273672405,75.21910033408615,375.4266078941561
"(93, 938.3855585466764)",54.721633023410966,39.53140321690461,0.48455976978406995,76.84719387098195,377.85669634709143
"(94, 938.3855585466764)",54.543882504135944,39.88648650401664,0.48891223546592705,78.49818617724587,380.2899949807523
"(95, 938.3855585466764)",54.36506449560242,40.24382324743571,0.49329232309338744,80.17226631211904,382.72612582065693
"(96, 938.3855585466764)",54.18520385548799,40.603395866941035,0.4976998171752983,81.8696217336222,385.16469919499883
"(97, 938.3855585466764)",54.0043267490697,40.9651856650145,0.5021344885251326,83.59043819173169,387.60531428847463
"(98, 938.3855585466764)",53.822460560695326,41.32917286702025,0.5065960947534897,85.33489962797714,390.04755970484126
"(99, 938.3855585466764)",53.63963380462401,41.6953366634204,0.5110843807855682,87.10318808161287,392.4910140463347
"(100, 938.3855585466764)",53.455876034754525,42.06365525372372,0.5155990793998653,88.89548360252273,394.935246506272
"(101, 938.3855585466764)",53.27121775441809,42.434105892214156,0.5201399117886962,90.71196417100589,397.3798174752488
"(102, 938.3855585466764)",53.085690323718424,42.806664934682786,0.5247065881310227,92.55280562455339,399.82427915189726
"(103, 938.3855585466764)",52.899325869243796,43.181307887043936,0.5292988081883606,94.41818159175978,402.26817616816516
"(104, 938.3855585466764)",52.71215719182641,43.558009454618585,0.5339162619088801,96.30826343345969,404.7110462150583
"(105, 938.3855585466764)",52.52421767531084,43.9367435925534,0.5385586300454236,98.2232201911929,407.15242067411475
"(106, 938.3855585466764)",52.33554119565371,44.317483556991505,0.5432255847827372,100.16321854306965,409.5918252501241
"(107, 938.3855585466764)",52.14616203071044,44.7002019568521,0.5479167903721528,102.12842276710414,412.0287806033707
"(108, 938.3855585466764)",51.95611477090667,45.084870806053,0.5526319037717227,104.11899471208059,414.4628029794605
"(109, 938.3855585466764)",51.76543423101367,45.47146157599771,0.5573705752895843,106.13509377597396,416.89340483462496
"(110, 938.3855585466764)",51.57415536320517,45.859945248163456,0.5621324492285557,108.17687689196444,419.32009545458493
"(111, 938.3855585466764)",51.38231317158436,46.25029236661777,0.5669171645298626,110.24449852204766,421.7423815650055
"(112, 938.3855585466764)",51.18994262834741,46.64247309029967,0.5717243554139896,112.33811065825375,424.15976793164145
"(113, 938.3855585466764)",50.99707859172697,47.036457244909556,0.5765536520167156,114.45786283144432,426.57175794838747
"(114, 938.3855585466764)",50.80375572587862,47.432214374241134,0.5814046810183193,116.6039021276753,428.9778542113525
"(115, 938.3855585466764)",50.61000842280513,47.829713790818225,0.5862770662642728,118.77637321208329,431.37755907742314
"(116, 938.3855585466764)",50.41587072646025,48.22892462567906,0.5911704293754717,120.97541836024841,433.77037520553205
"(117, 938.3855585466764)",50.2213762590976,48.62981587718455,0.5960843903465023,123.20117749697376,436.1558060792839
"(118, 938.3855585466764)",50.0265581499724,49.03235645870703,0.6010185681302004,125.45378824241787,438.5333565093639
"(119, 938.3855585466764)",49.83144896643973,49.43651524508951,0.6059725812071234,127.73338596549942,440.90253311451835
"(120, 938.3855585466764)",49.63608064750575,49.8422611177583,0.6109460481385276,130.04010384450055,443.2628447798564
"(17, 938.6921954693303)",65.42281451253058,19.45037165267153,0.2384146992840074,5.924216566786209,217.87380093627888
"(18, 938.6921954693303)",65.3294755074191,19.592232592945006,0.24015357265976536,6.259603554796919,219.17068081500153
"(19, 938.6921954693303)",65.23137618498545,19.741552372242012,0.2419838734331383,6.611384712469832,220.5369887086553
"(20, 938.6921954693303)",65.12889806156164,19.897935482877426,0.2439007536327053,6.979340323781352,221.96839358032702
"(21, 938.6921954693303)",65.02242186275681,20.060986090778,0.2458993612863209,7.363272920653703,223.46053838970892
"(22, 938.6921954693303)",64.91232043616702,20.230314971248745,0.24797492543689076,7.763005824687718,225.00912135501073
"(23, 938.6921954693303)",64.79895347306706,20.40554467072728,0.250122819413048,8.178381617413775,226.60995687439905
"(24, 938.6921954693303)",64.68266373084653,20.586313203049578,0.2523386061364714,8.609260619521578,228.25901957639337
"(25, 938.6921954693303)",64.56377446546716,20.77227656737069,0.25461806898551936,9.055519432879157,229.9524747492994
"(26, 938.6921954693303)",64.44258781614799,20.96311034030109,0.25695723131099707,9.517049579639881,231.68669802140047
"(27, 938.6921954693303)",64.3193839235349,21.158510555611553,0.25935236721920396,9.993756258484932,233.4582867266776
"(28, 938.6921954693303)",64.19442060223068,21.358194046037095,0.261800005761638,10.485557227850439,235.26406495442484
"(29, 938.6921954693303)",64.06793342497781,21.56189838640746,0.26429693023791484,10.992381818634108,237.1010838821986
"(30, 938.6921954693303)",63.94013610748495,21.769381546777524,0.2668401739439722,11.514170073744005,238.9666186451412
"(31, 938.6921954693303)",63.81122110974679,21.980421338538783,0.2694270133827351,12.05087200822595,240.85816270275834
"(32, 938.6921954693303)",63.68136039061634,22.19481471619266,0.2720549597055396,12.602446981319257,242.7734204329939
"(33, 938.6921954693303)",63.550706269094704,22.41237698128266,0.27472174895426077,13.168863170246441,244.7102984988028
"(34, 938.6921954693303)",63.41939235833842,22.632940922658104,0.27742533152301907,13.750097134730694,246.66689639141885
"(35, 938.6921954693303)",63.287534547494126,22.856355918125892,0.28016386114656844,14.346133460951899,248.641496449885
"(36, 938.6921954693303)",63.155232012328355,23.082487015964862,0.28293568364192984,14.95696447334868,250.63255358111033
"(37, 938.6921954693303)",63.02256824242995,23.311214009345022,0.2857393255629592,15.582590004196849,252.63868484042305
"(38, 938.6921954693303)",62.88961207226411,23.542430514267025,0.2885734828980837,16.223017209771115,254.6586590060623
"(39, 938.6921954693303)",62.75641870893857,23.776043058248952,0.2914370098998829,16.878260424301196,256.69138623963687
"(40, 938.6921954693303)",62.62303074903488,24.01197018584221,0.2943289081207766,17.54834104291456,258.735907911068
"(41, 938.6921954693303)",62.48947917848277,24.2501415856671,0.2972483157126451,18.233287426001244,260.7913866498622
"(42, 938.6921954693303)",62.35578434903423,24.490497242979405,0.30019449703927736,18.933134817523285,262.8570966760874
"(43, 938.6921954693303)",62.22195693351842,24.73298661949318,0.3031668326230648,19.64792527612068,264.93241443230704
"(44, 938.6921954693303)",62.08799884168523,24.977567865894958,0.3061648094922286,20.37770760502293,267.01680959268634
"(45, 938.6921954693303)",61.953904102020005,25.224207066908704,0.309188011927193,21.122537281789555,269.1098364469447
"(46, 938.6921954693303)",61.81965972000605,25.47287751842378,0.31223611259989437,21.88247639529792,271.21112564590595
"(47, 938.6921954693303)",61.68524648034766,25.723559043122915,0.3153088641850351,22.657593565634716,273.3203764071568
"(48, 938.6921954693303)",61.55063971626096,25.976237340770922,0.31840609139616927,23.44796386270498,275.4373491207734
"(49, 938.6921954693303)",61.415810034779774,26.23090337528732,0.32152768347272714,24.25366871532984,277.5618583878523
"(50, 938.6921954693303)",61.28072399895608,26.48755279830132,0.3246735871141519,25.07479581108055,279.69376648800556
"(51, 938.6921954693303)",61.145344766832,26.746185408801303,0.32784379985653467,25.911438986425456,281.8329772719128
"(52, 938.6921954693303)",61.009632687389576,27.006804648281584,0.33103836388430097,26.763698107050924,283.9794304720786
"(53, 938.6921954693303)",60.873545854142705,27.269417130494794,0.3342573602661295,27.63167893850854,286.13309642148744
"(54, 938.6921954693303)",60.7370406173653,27.534032204726607,0.33750090360172696,28.515493007465246,288.29397116732264
"(55, 938.6921954693303)",60.60007205618962,27.800661551354075,0.3407691370643898,29.415257454091428,290.46207196506975
"(56, 938.6921954693303)",60.46259441205544,28.06931880831285,0.3440622278223502,30.33109487612603,292.63743313650474
"(57, 938.6921954693303)",60.324561485180546,28.340019226986715,0.34738036282082874,31.263133165309814,294.82010227390646
"(58, 938.6921954693303)",60.18592699581522,28.612779355990266,0.3507237449059801,32.21150533686594,297.0101367721538
"(59, 938.6921954693303)",60.04664491215203,28.88761675126435,0.35409258927134024,33.17634935275501,299.20760066977914
"(60, 938.6921954693303)",59.90666974678256,29.164549710904076,0.35748712020747,34.15780793945409,301.4125617801043
"(61, 938.6921954693303)",59.7659568236349,29.443597033135003,0.36090756813534347,35.15602840093371,303.6250890935288
"(62, 938.6921954693303)",59.62446251727107,29.724777795903123,0.36435416690460914,36.171162427552545,305.8452504325338
"(63, 938.6921954693303)",59.48214446641935,30.008111156564965,0.3678271513383039,37.203365901507844,308.07311034147426
"(64, 938.6921954693303)",59.338961763537846,30.293616170236675,0.37132675500625045,38.2527986994763,310.308728193843
"(65, 938.6921954693303)",59.194875122129616,30.581311625423755,0.3748532082102646,39.31962449301685,312.55215650059836
"(66, 938.6921954693303)",59.04984702346966,30.871215895614096,0.37840673616504306,40.40401054729233,314.8034394038555
"(67, 938.6921954693303)",58.903841844279434,31.16334680561122,0.3819875573597353,41.506127518586496,317.06261134139015
"(68, 938.6921954693303)",58.756825966817914,31.45772151144828,0.3855958820859785,42.62614925110757,319.32969586811254
"(69, 938.6921954693303)",58.608767872753766,31.7543563928077,0.3892319111192197,43.764252573490566,321.60470462173294
"(70, 938.6921954693303)",58.45963822207003,32.05326695695853,0.3928958345412192,44.920617095383186,323.8876364208686
"(71, 938.6921954693303)",58.309409918178304,32.35446775329122,0.39658783069245535,46.09542500449968,326.17847648462026
"(72, 938.6921954693303)",58.15805816030931,32.65797229761399,0.40030806524417467,47.2888608644472,328.477195763687
"(73, 938.6921954693303)",58.00556048417025,32.963793005441545,0.4040566903806766,48.50111141366319,330.7837503738455
"(74, 938.6921954693303)",57.8518967917623,33.27194113358224,0.407833844083316,49.7323653657243,333.09808112354017
"(75, 938.6921954693303)",57.69704937118187,33.58242672939105,0.4116396495084586,50.98281321131023,335.4201131280104
"(76, 938.6921954693303)",57.54100290714771,33.89525858712022,0.41547421445245114,52.25264702207558,337.7497555031911
"(77, 938.6921954693303)",57.383744482939505,34.210444210850355,0.4193376308972439,53.542060256662495,340.086901133179
"(78, 938.6921954693303)",57.22526357435092,34.52798978354866,0.42322997463111933,54.85124756910893,342.43142650580546
"(79, 938.6921954693303)",57.065552036225384,34.8479001418367,0.4271513049394081,56.180404619825666,344.78319161133675
"(80, 938.6921954693303)",56.904604082080915,35.17017875609778,0.4311016643606453,57.52972788941937,347.14203989975715
"(81, 938.6921954693303)",56.74241625728629,35.49482771560006,0.43508107850422967,58.89941449553659,349.50779829276274
"(82, 938.6921954693303)",56.57898740621284,35.82184771833506,0.439089555925853,60.28966201294564,351.88027724674663
"(83, 938.6921954693303)",56.41431863375698,36.15123806530713,0.44312708805751316,61.70066829707558,354.2592708635627
"(84, 938.6921954693303)",56.24841326158434,36.48299665904084,0.4471936491892158,63.13263131120619,356.64455704616023
"(85, 938.6921954693303)",56.08127677943838,36.81712000608883,0.45128919649970967,64.58574895752237,359.0358976963801
"(86, 938.6921954693303)",55.91291679182822,37.153603223344774,0.45541367013387657,66.06021891223125,361.4330389524827
"(87, 938.6921954693303)",55.743342960392944,37.49244004798424,0.4595669933245765,67.55623846504996,363.8357114640358
"(88, 938.6921954693303)",55.57256694221784,37.833622850872324,0.46374907255699305,69.074004362927,366.24363070246255
"(89, 938.6921954693303)",55.40060232439423,38.17714265327485,0.46795979777347885,70.61371265880243,368.6564973045683
"(90, 938.6921954693303)",55.227464555063456,38.522989146739285,0.4721990426172353,72.17555856500668,371.07399744788177
"(91, 938.6921954693303)",55.05317087123402,38.871150715989806,0.4764666647129648,73.75973631186015,373.49580325550204
"(92, 938.6921954693303)",54.87774022359513,39.22161446471636,0.48076250598297593,75.36643901157237,375.92157322892433
"(93, 938.6921954693303)",54.70119319920602,39.574366244234845,0.48508639299848494,76.99585852764173,378.35095270840446
"(94, 938.6921954693303)",54.52355193807505,39.92939068402335,0.4894381373539209,78.64818534994626,380.7835743492254
"(95, 938.6921954693303)",54.344840056578,40.28667122658909,0.4938175360943117,80.32360847574436,383.21905864188034
"(96, 938.6921954693303)",54.16508255678767,40.646190162219305,0.4982243721412416,82.02231529673645,385.65701442485425
"(97, 938.6921954693303)",53.98430574315097,41.00792866778257,0.5026584147684654,83.74449149238463,388.09703943775935
"(98, 938.6921954693303)",53.80253713405699,41.37186684685178,0.5071194200937214,85.49032092966443,390.5387208832445
"(99, 938.6921954693303)",53.619805372776085,41.73798377186649,0.51160713159553,87.25998556939483,392.98163600577976
"(100, 938.6921954693303)",53.43614013728329,42.10625752803128,0.5161212806512988,89.05366537930212,395.42535268370796
"(101, 938.6921954693303)",53.25157205014694,42.476665258996476,0.520661587097237,90.87153825398663,397.86943003486465
"(102, 938.6921954693303)",53.06613258595626,42.84918321354646,0.5252277598006635,92.71377994186629,400.3134190268565
"(103, 938.6921954693303)",52.87985398113329,43.223786794168944,0.529819497255334,94.58056397927838,402.75686310178787
"(104, 938.6921954693303)",52.692769141777504,43.60045060629863,0.5344364881850527,96.47206163179658,405.1992988015494
"(105, 938.6921954693303)",52.50491155253129,43.97914850869163,0.5390784121611502,98.38844184288578,407.6402563987848
"(106, 938.6921954693303)",52.316315185769824,44.35985366455603,0.543744940229205,100.32987118996091,410.0792605291314
"(107, 938.6921954693303)",52.12701441148197,44.74253859328828,0.5484357355432196,102.29651384791723,412.5158308229846
"(108, 938.6921954693303)",51.93704390803806,45.12717522265264,0.5531504540052151,104.28853156018572,414.9494825348265
"(109, 938.6921954693303)",51.746438574058494,45.51373494122589,0.5578887449080675,106.30608361735645,417.37972716802665
"(110, 938.6921954693303)",51.55523344156906,45.90218865093955,0.5626502515795565,108.349326843391,419.8060730931939
"(111, 938.6921954693303)",51.36346359062649,46.29250681955048,0.5674346120255263,110.41841558942858,422.22802615810025
"(112, 938.6921954693303)",51.171164065578616,46.68465953287588,0.5722414595701614,112.5135017351997,424.645090287289
"(113, 938.6921954693303)",50.97836979311778,47.078616546629355,0.5770704234913703,114.63473469801949,427.0567680695111
"(114, 938.6921954693303)",50.785115502259366,47.47434733770649,0.5819211296494265,116.78226144934607,429.46256133126695
"(115, 938.6921954693303)",50.59143564637856,47.8718211547642,0.5867932011069421,118.95622653885123,431.86197169470057
"(116, 938.6921954693303)",50.39736432741389,48.271007067952226,0.5916862587384691,121.15677212597753,434.2545011182703
"(117, 938.6921954693303)",50.202935222325905,48.67187401766185,0.5965999218280283,123.38403801889392,436.63965241868885
"(118, 938.6921954693303)",50.008181511906976,49.07439086215505,0.6015338086529317,125.63816172081238,439.0169297726362
"(119, 938.6921954693303)",49.81313581198177,49.47852642396438,0.6064875370525376,127.91927848356599,441.3858391970673
"(120, 938.6921954693303)",49.61783010707424,49.88424953493877,0.6114607249804018,130.22752136837997,443.7458890067417
"(17, 939.0)",65.36338976384667,19.523911781161328,0.23931612409646313,5.997740504046737,218.72010002253214
"(18, 939.0)",65.27117357883895,19.66483425813076,0.24104349417293078,6.333660949721806,220.0061800786602
"(19, 939.0)",65.1742094140204,19.813208054382798,0.24286219947311305,6.686003692822271,221.3616016124309
"(20, 939.0)",65.07287151641235,19.96864372693236,0.24476746636417768,7.054547536562278,222.78210337940058
"(21, 939.0)",64.96753423483408,20.130750699864382,0.24675450732635415,7.439093529338601,224.26338885010793
"(22, 939.0)",64.858564923944,20.299144222578676,0.2488186062441681,7.839463532686834,225.801207730587
"(23, 939.0)",64.74631862498127,20.473450579080556,0.25095518225982333,8.255498711078491,227.39141743089564
"(24, 939.0)",64.63113422662079,20.653310846881084,0.25315983584827595,8.687058025231384,229.03002783629975
"(25, 939.0)",64.51333182425793,20.83838348512277,0.2554283805414045,9.134016783754248,230.71323254462456
"(26, 939.0)",64.39321102666003,21.028345999041072,0.25775686333031134,9.596265288402481,232.43742937875984
"(27, 939.0)",64.27104999610593,21.22289589030977,0.260141576314251,10.07370759377158,234.1992325653101
"(28, 939.0)",64.14710504607221,21.421751065397938,0.26257906170611633,10.56626039193739,235.99547855010584
"(29, 939.0)",64.02161065587926,21.624649839672912,0.2650661118827228,11.07385202506754,237.82322703280914
"(30, 939.0)",63.89477979234142,21.831350645261274,0.26759976580390116,11.596421623767348,239.67975846609588
"(31, 939.0)",63.76680445478723,22.04163152543224,0.27017730281483054,12.133918365204666,241.56256897792122
"(32, 939.0)",63.637856380195025,22.255289478355913,0.2727962346021269,12.686300842605334,243.4693634487918
"(33, 939.0)",63.50808786168678,22.47213969707462,0.2754542958776999,13.253536536125186,245.398047293035
"(34, 939.0)",63.3776326457877,22.692014740433454,0.27814943421637134,13.83560137416431,247.34671735500834
"(35, 939.0)",63.246606883079394,22.914763660536867,0.28087979936057456,14.43247937398829,249.31365222559123
"(36, 939.0)",63.1151101125871,23.14025110579122,0.28364373222585765,15.044162350102644,251.29730220997772
"(37, 939.0)",62.98322626701379,23.368356413171256,0.28643975377418973,15.670649680384654,253.2962791135795
"(38, 939.0)",62.85102468556736,23.598972700812173,0.2892665538914186,16.31194811877887,255.3093459852632
"(39, 939.0)",62.71856112667664,23.83200596865996,0.2921229803633326,16.968071645846578,257.3354069153228
"(40, 939.0)",62.585878772441816,24.067374213689096,0.2950080280303653,17.639041348347813,259.3734969721652
"(41, 939.0)",62.45300921843966,24.30500656471691,0.29792082818257604,18.32488532032927,261.42277234310967
"(42, 939.0)",62.31997344196914,24.544842441202054,0.30086063824846077,19.02563857823547,263.48250073706924
"(43, 939.0)",62.18678275068552,24.78683073799932,0.3038268318020557,19.74134298897314,265.5520520731572
"(44, 939.0)",62.05343969308152,25.030929041735185,0.30681888895757625,20.472047196811193,267.6308895343529
"(45, 939.0)",61.919938935967075,25.277102878894663,0.3098363871527929,21.217806550266932,269.71856098620555
"(46, 939.0)",61.78626811941569,25.52532499523123,0.3128789923162583,21.97868303643521,271.81469074853135
"(47, 939.0)",61.65240865620465,25.775574673155916,0.3159464505002849,22.75474519824579,273.9189718215217
"(48, 939.0)",61.518336499011475,26.027837083304757,0.3190385799325847,23.546068050656217,276.03115850604087
"(49, 939.0)",61.384022864055304,26.282102672543296,0.32215526351472834,24.352732987411123,278.1510594529188
"(50, 939.0)",61.24943491203966,26.538366588150232,0.3252964417640591,25.174827678721005,280.27853113773045
"(51, 939.0)",61.11453638615705,26.79662813788227,0.32846210619533767,26.012445959365294,282.41347175805674
"(52, 939.0)",60.979288207337845,27.056890285344515,0.3316522931352196,26.865687707114695,284.55581554685654
"(53, 939.0)",60.84364902735335,27.319159179823085,0.3348670779591422,27.73465871159119,286.7055274920434
"(54, 939.0)",60.70757574071217,27.583443719533197,0.3381065697377884,28.6194705338851,288.8625984498982
"(55, 939.0)",60.571023956559806,27.849755147067402,0.34137090627825206,29.520240357406156,291.0270406378725
"(56, 939.0)",60.4339484320629,28.118106675671186,0.3446602495430989,30.437090830547795,293.198883490422
"(57, 939.0)",60.29630346887562,28.38851314490768,0.34797478142961963,31.37014990181504,295.37816986059784
"(58, 939.0)",60.15804327449819,28.660990704157122,0.35131469989031183,32.31955064810878,297.56495254889404
"(59, 939.0)",60.01912229031355,28.93555652241976,0.3546802153757593,33.28543109690047,299.7592911409375
"(60, 939.0)",59.879495488248786,29.212228522815234,0.3580715475802274,34.267934042994575,301.96124913483897
"(61, 939.0)",59.73911863794263,29.49102514022284,0.36148892247092834,35.267206860601036,304.1708913396007
"(62, 939.0)",59.59794854629988,29.771965100526984,0.36493256958208964,36.28340131138858,306.38828152619357
"(63, 939.0)",59.45594327132754,30.055067219946917,0.3684027195552366,37.31667334919269,308.6134803131745
"(64, 939.0)",59.313062311979984,30.340350223044496,0.3718996019083806,38.36718292195865,310.8465432700107
"(65, 939.0)",59.169266775814606,30.62783257798887,0.37542344301679004,39.43509377152886,313.08751922123696
"(66, 939.0)",59.02451952603063,30.917532347808255,0.3789744642896735,40.52057323180179,315.33644873620165
"(67, 939.0)",58.878785309478225,31.209467056377356,0.3825528805275214,41.62379202574589,317.5933627895967
"(68, 939.0)",58.73203086710057,31.503653567985257,0.38615889844588636,42.744924061742935,319.8582815789444
"(69, 939.0)",58.58422502812273,31.800107979433903,0.38979271535278626,43.88414622969557,322.1312134865707
"(70, 939.0)",58.43533878930261,32.098845523646965,0.39345451796716535,45.04163819724071,324.4121541739275
"(71, 939.0)",58.28534538036221,32.39988048389804,0.3971444813675487,46.21758220648452,326.7010857976437
"(72, 939.0)",58.13422031671695,32.70322611779692,0.4008627680602961,47.412162871542066,328.99797633707595
"(73, 939.0)",57.981941440437254,33.0088945902926,0.40460952715837617,48.62556697721875,331.3027790244965
"(74, 939.0)",57.82848895037357,33.31689691498011,0.40838489366192743,49.85798327910351,333.61543186944635
"(75, 939.0)",57.67384542226755,33.62724290307851,0.4121889878328647,51.10960230533928,335.9358572697206
"(76, 939.0)",57.517995819555566,33.9399411195302,0.4160219146567448,52.38061616032627,338.2639617023571
"(77, 939.0)",57.36092749559013,34.25499884568406,0.41988376338536665,53.67121833060158,340.5996354882577
"(78, 939.0)",57.20263018786048,34.57242204811945,0.42377460715461684,54.981603493118115,342.9427526250671
"(79, 939.0)",57.043096004780864,34.89221535319376,0.4276945026724933,56.31196732614092,345.29317068333035
"(80, 939.0)",56.88231940556554,35.21438202693699,0.4316434899726545,57.66250632298471,347.65073076133785
"(81, 939.0)",56.72029717363031,35.538923959979954,0.4356215922296798,59.033417608802054,350.0152574948673
"(82, 939.0)",56.557028383969914,35.86584165720407,0.4396288156322003,60.4248987606313,352.3865591180048
"(83, 939.0)",56.39251436488917,36.19513423185621,0.44366514931075873,61.837147630909335,354.7644275718931
"(84, 939.0)",56.22675865444726,36.52679940389127,0.44773056531749417,63.27036217465687,357.14863865847013
"(85, 939.0)",56.05976695195323,36.86083350232704,0.45182501865500924,64.72474028054509,359.5389522365086
"(86, 939.0)",55.89154706483198,37.19723147141435,0.4559484473519953,66.2004796060307,361.9351124574929
"(87, 939.0)",55.722108851154566,37.53598688044562,0.46010077258347437,67.69777741688243,364.336848039
"(88, 939.0)",55.55146415812155,37.877091937035225,0.4642818988335675,69.21683043096017,366.74387257375975
"(89, 939.0)",55.3796267567592,38.220537503722994,0.46849171409902785,70.75783466702526,369.1558848719619
"(90, 939.0)",55.20661227311765,38.566313117743455,0.47273009013155576,72.32098529822345,371.57256933530743
"(91, 939.0)",55.03243811621383,38.91440701382772,0.4769968827172966,73.90647651077042,373.9935963607711
"(92, 939.0)",54.8571234029736,39.26480614990186,0.4812919319918439,75.51450136794422,376.41862277239716
"(93, 939.0)",54.68068888105124,39.61749623566112,0.48561506279049,77.14525167958853,378.84729228068153
"(94, 939.0)",54.50315684550221,39.97246176303421,0.48996608502163547,78.79891787733658,381.27923595797915
"(95, 939.0)",54.3245510623395,40.32968604097897,0.49434479409331744,80.47568889571897,383.7140727579061
"(96, 939.0)",54.14489667794286,40.68915123016839,0.49875097133836294,82.17575205937709,386.1514100273457
"(97, 939.0)",53.9642201358541,41.05083838173042,0.5031843844892473,83.89929297651514,388.5908440588881
"(98, 939.0)",53.78254908843806,41.414727477316404,0.507644788169242,85.6464954388118,391.03196065210636
"(99, 939.0)",53.59991230791662,41.78079747121197,0.5121319244085933,87.41754132790207,393.47433569176707
"(100, 939.0)",53.4163395962922,42.14902633418353,0.5166455231819599,89.21261052861719,395.9175357392431
"(101, 939.0)",53.23186169531934,42.51939109911704,0.5211853029678593,91.03188084910859,398.36111863771123
"(102, 939.0)",53.046510194035164,42.891867907656014,0.525750971320313,92.87552794798246,400.8046341217915
"(103, 939.0)",52.86031743865375,43.26643205873247,0.5303422254637379,94.74372526857539,403.2476244418745
"(104, 939.0)",52.673316440508714,43.643058057764854,0.5349587528959785,96.6366439804584,405.68962498886543
"(105, 939.0)",52.48554078500188,44.02171966699511,0.5396002320053318,98.55445292828756,408.13016492471905
"(106, 939.0)",52.29702454089735,44.40238995657159,0.5442663326966922,100.49731858804769,410.56876781414627
"(107, 939.0)",52.10780217028207,44.78504135625054,0.5489567170252884,102.46540503078027,413.0049522559655
"(108, 939.0)",51.91790843943644,45.16964570752883,0.5536710398357075,104.45887389383934,415.4382325118901
"(109, 939.0)",51.72737833079482,45.556174316046736,0.5584089494042284,106.4778843597114,417.86811913085904
"(110, 939.0)",51.53624695619814,45.94459800408591,0.5631700880823132,108.52259314242036,420.29411956687176
"(111, 939.0)",51.34454947161806,46.33488716299347,0.567954092939206,110.5931544815378,422.7157387883766
"(112, 939.0)",51.15232099351867,46.727011805368555,0.572760596401613,112.68972014379077,425.13247987732393
"(113, 939.0)",50.959596517004734,47.12094161685199,0.5775892268885242,114.81243943225489,427.5438446160693
"(114, 939.0)",50.76641083590896,47.51664600735769,0.5824396094391747,116.96145920309802,429.949334060287
"(115, 939.0)",50.572798464931154,47.914094161599216,0.5873113663323888,119.13692388984927,432.34844909626383
"(116, 939.0)",50.37879356394561,48.31325508876652,0.5922041176954933,121.33897553513738,434.7406909809308
"(117, 939.0)",50.18442986456897,48.71409767121562,0.5971174821011412,123.5677538298384,437.1255618631332
"(118, 939.0)",49.989740599071474,49.116590712041045,0.6020510771504167,125.82339615956323,439.50256528467816
"(119, 939.0)",49.79475843169433,49.52070298140913,0.6070045200408113,128.1060376584151,441.8712066599068
"(120, 939.0)",49.5995153924163,49.92640326154549,0.6119774281176,130.41581126992887,444.2309937324975
"(17, 939.3078045306697)",65.30436929858648,19.597195461004453,0.24021440546631073,6.071541418786973,219.56372439641348
"(18, 939.3078045306697)",65.21325456892573,19.737195334012164,0.24193046664082068,6.40799181141286,220.83918365805687
"(19, 939.3078045306697)",65.11740480740185,19.884638453852432,0.24373776409025127,6.760892599801468,222.1838914690268
"(20, 939.3078045306697)",65.0171871148413,20.03914135692482,0.24563159747462932,7.130021129121662,223.5936554181336
"(21, 939.3078045306697)",64.91296955191112,20.200318667393216,0.24760724301461845,7.515176983988404,225.06423883796487
"(22, 939.3078045306697)",64.80511403898284,20.36779007390205,0.2496600390091879,7.916180582672023,226.5914425380896
"(23, 939.3078045306697)",64.69397100066422,20.54118558235122,0.2517854502220076,8.332871686667133,228.17116677413304
"(24, 939.3078045306697)",64.57987546961205,20.72014933364707,0.2539791146778766,8.765107908274745,229.7994566964447
"(25, 939.3078045306697)",64.46314437683884,20.904342258618204,0.2562368762055955,9.212763272151056,231.47253435632382
"(26, 939.3078045306697)",64.34407478407509,21.093443811818986,0.2585548056902132,9.675726866968477,233.18682001675958
"(27, 939.3078045306697)",64.22294284907812,21.287152990009186,0.26092921355714405,10.153901608381155,234.93894511589406
"(28, 939.3078045306697)",64.1000033511664,21.485188804994554,0.2633566555680341,10.647203127544158,236.7257588226057
"(29, 939.3078045306697)",63.97548963852712,21.687290347040566,0.2658339335981014,11.155558779432397,238.5443297583521
"(30, 939.3078045306697)",63.84961388846285,21.89321654615303,0.26835809270995736,11.678906784599901,240.39194410682808
"(31, 939.3078045306697)",63.72256759752186,22.102745713711624,0.2709264155351871,12.217195483274645,242.26610108244586
"(32, 939.3078045306697)",63.59452223831393,22.315674927431118,0.2735364147354148,12.770382702914398,244.16450648139883
"(33, 939.3078045306697)",63.4656300359672,22.53181930684572,0.276185824121533,13.338435226254436,246.08506487183638
"(34, 939.3078045306697)",63.336024829274116,22.75101121449398,0.2788725888621136,13.921328349568928,248.02587083828706
"(35, 939.3078045306697)",63.20582299063328,22.97309940889102,0.28159485510088195,14.519045520043155,249.98519959189835
"(36, 939.3078045306697)",63.075124384415844,23.197948168974918,0.2843509592245998,15.131578040804387,251.96149718464443
"(37, 939.3078045306697)",62.94401335046475,23.42543640410496,0.2871394169537231,15.758924833654373,253.95337049936379
"(38, 939.3078045306697)",62.812559698767565,23.655456761297632,0.2899589123992966,16.40109224838775,255.95957716149633
"(39, 939.3078045306697)",62.680819707171054,23.887914737845733,0.29280828718577356,17.0580939099478,257.979015474907
"(40, 939.3078045306697)",62.548837113451285,24.12272780627808,0.295686529725194,17.729950594707667,260.0107144707569
"(41, 939.3078045306697)",62.416644094979574,24.359824557039463,0.29859276470844237,18.416690128300974,262.0538241387289
"(42, 939.3078045306697)",62.28426222867802,24.59914386359674,0.30152624287145036,19.1183472975577,264.10760590240585
"(43, 939.3078045306697)",62.15170343295758,24.84063407220917,0.30448633106383316,19.83496377554136,266.1714233656264
"(44, 939.3078045306697)",62.018970872726165,25.08425222227367,0.30747250269206516,20.566588045470436,268.24473341176366
"(45, 939.3078045306697)",61.88605983245955,25.329963297512677,0.31048432854095676,21.313275324740857,270.3270776582444
"(46, 939.3078045306697)",61.752958567673055,25.577739507788706,0.31352146797032837,22.075087496613484,272.41807425582834
"(47, 939.3078045306697)",61.619649101540475,25.8275596083208,0.3165836605704035,22.852093024855595,274.5174101358129
"(48, 939.3078045306697)",61.48610798985559,26.079408252633534,0.31967071823033577,23.6443668674918,276.6248336461872
"(49, 939.3078045306697)",61.35230704291501,26.333275381577906,0.32278251764919397,24.451990381269823,278.74014761267676
"(50, 939.3078045306697)",61.21821400512653,26.589155648217368,0.3259189932864183,25.275051217150896,280.8632028215608
"(51, 939.3078045306697)",61.08379319194555,26.847047878385688,0.32908013074955894,26.113643206393,282.99389192264096
"(52, 939.3078045306697)",60.94900608434595,27.106954566349376,0.3322659606123128,26.96786623706011,285.1321437459654
"(53, 939.3078045306697)",60.81381188135974,27.368881404782233,0.33547655265315096,27.837826121114727,287.27791802303415
"(54, 939.3078045306697)",60.67816801155989,27.63283684805157,0.3387120105022452,28.72363445237144,289.4312005006617
"(55, 939.3078045306697)",60.54203060471117,27.89883170760054,0.34197246668184467,29.62540845585023,291.5919984330109
"(56, 939.3078045306697)",60.40535492501041,28.166878778093082,0.34525807802370523,30.543270829002463,293.76033643592274
"(57, 939.3078045306697)",60.268095767513245,28.436992492886343,0.3485690214460168,31.477349575552722,295.9362526863093
"(58, 939.3078045306697)",60.13020781951764,28.709188607303584,0.3519054900710853,32.42777783259029,298.1197954483702
"(59, 939.3078045306697)",59.99164598870301,28.9834839081701,0.3552676896649486,33.3946936916414,300.3110199082248
"(60, 939.3078045306697)",59.852365699943036,29.259895948023416,0.3586558353794271,34.37824001443153,302.5099852979314
"(61, 939.3078045306697)",59.71232316266104,29.538442802449296,0.3620701487776713,35.37856424404528,304.7167522904021
"(62, 939.3078045306697)",59.57147561061758,29.819142849006383,0.365510855124264,36.395818212147354,306.93138064675276
"(63, 939.3078045306697)",59.42978151598196,30.102014566238527,0.36897818092163936,37.430157942925945,309.1539270982994
"(64, 939.3078045306697)",59.2872007794788,30.387076351338337,0.372472351675061,38.48174345435236,311.3844434459247
"(65, 939.3078045306697)",59.1436948983044,30.674346355096247,0.37599358986949155,39.55073855735419,313.622974860563
"(66, 939.3078045306697)",58.99922711349149,30.963842332809307,0.3795421131420993,40.63731065339172,315.8695583690446
"(67, 939.3078045306697)",58.85376253821623,31.255581509947866,0.38311813263565486,41.74163053098957,318.12422151089737
"(68, 939.3078045306697)",58.70726826854658,31.549580461405306,0.3867218515184199,42.8638721616154,320.3869811521872
"(69, 939.3078045306697)",58.559713477962404,31.84585500327287,0.3903534636575719,44.00421249536782,322.65784244376863
"(70, 939.3078045306697)",58.411069496912,32.1444200961448,0.3940131524339549,45.16283125684635,324.93679791209996
"(71, 939.3078045306697)",58.26130987855957,32.44528975904481,0.3977010896870277,46.33991074154518,327.22382667183183
"(72, 939.3078045306697)",58.11041045181411,32.74847699312526,0.4014174347795966,47.53563561311554,329.5188937500407
"(73, 939.3078045306697)",57.9583493626042,33.05399371438345,0.4051623337730815,48.7501927017923,331.8219495131233
"(74, 939.3078045306697)",57.805107104292254,33.36185069470003,0.40893591870479024,49.983770804260296,334.13292918806866
"(75, 939.3078045306697)",57.650666538042486,33.67205751055631,0.41273830695931296,51.23656048523475,336.4517524704232
"(76, 939.3078045306697)",57.49501290403537,33.9846224988943,0.41656960072747556,52.508753881003315,338.7783232125394
"(77, 939.3078045306697)",57.338133823702755,34.299552719534496,0.4204298865456677,53.80054450515601,341.11252918513367
"(78, 939.3078045306697)",57.18001929445259,34.61685392380362,0.4243192349113009,55.11212705674905,343.4542419079185
"(79, 939.3078045306697)",57.02066167658672,34.93653052884841,0.4282376999679528,56.44369723111096,345.80331654305047
"(80, 939.3078045306697)",56.86005567342852,35.258585597333074,0.4321853192565085,57.79545153349137,348.15959184772623
"(81, 939.3078045306697)",56.69819830495572,35.58302082217127,0.4361621135280095,59.16758709580485,350.52289018164646
"(82, 939.3078045306697)",56.535088875390215,35.909836515995195,0.44016808661457707,60.56030149663172,352.89301756577237
"(83, 939.3078045306697)",56.37072893513344,36.23903160509928,0.44420322535516543,61.97379258470893,355.2697637890938
"(84, 939.3078045306697)",56.205122237398214,36.57060362762542,0.44826749957332424,63.40825830611275,357.65290256055937
"(85, 939.3078045306697)",56.03827468989661,36.9045487357634,0.45236086210417004,64.8638965353316,360.0421917033374
"(86, 939.3078045306697)",55.87019430187329,37.24086170178412,0.45648324886833985,66.34090491041803,362.4373733891296
"(87, 939.3078045306697)",55.70089112679957,37.57953592771871,0.46063457899062776,67.83948067256645,364.83817441002947
"(88, 939.3078045306697)",55.53037720100833,37.920563458519304,0.4648147549613128,69.3598205099275,367.24430648624445
"(89, 939.3078045306697)",55.358666478544016,38.2639349985477,0.46902366283826213,70.90212040649013,369.6554666070509
"(90, 939.3078045306697)",55.18577476248975,38.609639931245646,0.47326117248805355,72.46657549563389,372.07133740373024
"(91, 939.3078045306697)",55.011719633045985,38.95766634183972,0.4775271378642616,74.0533799189019,374.49158755219213
"(92, 939.3078045306697)",54.83652037259926,39.30800104295036,0.48182139732138324,75.66272669009078,376.91587220375726
"(93, 939.3078045306697)",54.6601978886505,39.66062960309142,0.4861437739641699,77.29480756486278,379.3438334436758
"(94, 939.3078045306697)",54.482774630604624,40.015536377051184,0.4904940760200092,78.94981291608048,381.7751007655738
"(95, 939.3078045306697)",54.30427451343984,40.372704540630316,0.494872097264752,80.62793161504844,384.2092915901938
"(96, 939.3078045306697)",54.12472282721322,40.732116125254755,0.4992776174469668,82.3293509188565,386.6460117765575
"(97, 939.3078045306697)",53.94414615395684,41.09375205666282,0.5037104027621573,84.05425636398094,389.0848561738004
"(98, 939.3078045306697)",53.76257227943606,41.4575921949179,0.5081702063432154,85.80283166634368,391.52540918179943
"(99, 939.3078045306697)",53.580030104278215,41.82361537646801,0.5126567687759838,87.57525862795005,393.9672453288065
"(100, 939.3078045306697)",53.396549553987875,42.19179945794445,0.517169818636106,89.37171705030343,396.4099298623019
"(101, 939.3078045306697)",53.21216148901318,42.562121361754194,0.5217090730478802,91.19238465469212,398.85301935364294
"(102, 939.3078045306697)",53.02689761235811,42.934557122676935,0.5262742382554471,93.03743700950372,401.29606230727086
"(103, 939.3078045306697)",52.840790379575964,43.30908193635075,0.5308650102170799,94.90704746468526,403.73859978447166
"(104, 939.3078045306697)",52.65387290679704,43.68567020843026,0.5354810752077666,96.80138709343137,406.1801660276983
"(105, 939.3078045306697)",52.466178879769956,44.06429560488209,0.540122110435693,98.72062464121969,408.620289090603
"(106, 939.3078045306697)",52.27774246324175,44.44493110302929,0.544787784667946,100.66492648225585,411.0584914693198
"(107, 939.3078045306697)",52.08859821101733,44.82754904320852,0.5494777588636812,102.63445658339334,413.49429073328383
"(108, 939.3078045306697)",51.89878097691818,45.21212118086324,0.5541916868126805,104.62937647558263,415.92720015358475
"(109, 939.3078045306697)",51.7083258268403,45.598618738902736,0.5589292157771388,106.64984523289095,418.35672932678233
"(110, 939.3078045306697)",51.51726795210038,45.98701246015669,0.5636899871346276,108.69601945910715,420.7823847922413
"(111, 939.3078045306697)",51.32564258425946,46.37727265975314,0.5684736370201311,110.76805328194803,423.2036706409961
"(112, 939.3078045306697)",51.13348491158027,46.769369277259294,0.5732797969651605,112.86609835486128,425.62008911427176
"(113, 939.3078045306697)",50.9408299972798,47.16327192842041,0.5781080945319512,114.99030386641556,428.0311411898004
"(114, 939.3078045306697)",50.74771269971874,47.558949956340086,0.5829581539408057,117.1408165572382,430.43632715415225
"(115, 939.3078045306697)",50.55416759463908,47.95637248195591,0.5878295966888085,119.31778074447539,432.8351471594384
"(116, 939.3078045306697)",50.360228899582765,48.355508453658125,0.5927220421580308,121.52133835371319,435.2271017626818
"(117, 939.3078045306697)",50.16593040055964,48.756326695924535,0.5976351082116752,123.75162895831352,437.6116924464444
"(118, 939.3078045306697)",49.97130538107134,49.158795956830765,0.6025684117764311,126.00878982607905,439.988422119173
"(119, 939.3078045306697)",49.776386553529356,49.5628849543254,0.607521569409719,128.29295597318773,442.3567955940823
"(120, 939.3078045306697)",49.581205993139335,49.96856242114908,0.6124941978502544,130.6042602252962,444.7163200451999
"(17, 939.6144414533236)",65.24596799444897,19.669950457149024,0.24110620644764844,6.145336832124507,220.4015366701124
"(18, 939.6144414533236)",65.15592988933416,19.80904657826039,0.24281118980110472,6.482311729296953,221.66658875428502
"(19, 939.6144414533236)",65.0611702187674,19.95557738573604,0.24460730449876106,6.835764982709517,223.0007908092969
"(20, 939.6144414533236)",64.96204908563458,20.109165288331674,0.24648992218158944,7.2054725073060055,224.40001804722138
"(21, 939.6144414533236)",64.85892837441511,20.269430032399537,0.24845438185593713,7.591232448847524,225.86009278534962
"(22, 939.6144414533236)",64.75216465108183,20.43599569324053,0.25049607559061626,7.992863804417253,227.37686634790916
"(23, 939.6144414533236)",64.64210377594348,20.608495967413692,0.25261051338788987,8.410204951778072,228.9462814904214
"(24, 939.6144414533236)",64.52907695498133,20.786578045483882,0.25479337065402174,8.843112171422774,230.5644184816655
"(25, 939.6144414533236)",64.41339796543512,20.969905330209464,0.2570405215177112,9.291458218212444,232.22752783852275
"(26, 939.6144414533236)",64.29536131769034,21.15815923658981,0.2593480608943473,9.755130979684816,233.93205239955986
"(27, 939.6144414533236)",64.17524114912807,21.35104027579601,0.26171231777236714,10.234032242981879,235.67464104215557
"(28, 939.6144414533236)",64.05329068037999,21.548268590243428,0.26412986177198755,10.728076585228276,237.45215595480138
"(29, 939.6144414533236)",63.92974209768236,21.749584074477667,0.266597504626944,11.23719038225177,239.26167502064408
"(30, 939.6144414533236)",63.804806753712356,21.954746188365473,0.26911229789467844,11.761310949491397,241.10049052503732
"(31, 939.6144414533236)",63.678675604396,22.163533544811415,0.2716715279027288,12.300385794490658,242.96610515460287
"(32, 939.6144414533236)",63.55151981862977,22.3757433350206,0.27427270870386355,12.854371982198293,244.85622601247263
"(33, 939.6144414533236)",63.42349151372211,22.591190638776123,0.2769135736216993,13.423235600363798,246.76875720903305
"(34, 939.6144414533236)",63.294724581158995,22.8097076553657,0.2795920658237567,14.006951314861823,248.70179144890818
"(35, 939.6144414533236)",63.16533557633826,23.03114288172956,0.2823063282474798,14.605502003914946,250.65360093107944
"(36, 939.6144414533236)",63.035424651379294,23.255360258018484,0.285054693126922,15.21887845987839,252.62262780622302
"(37, 939.6144414533236)",62.90507651711691,23.482238295188385,0.2878356712990511,15.84707914866269,254.60747436933764
"(38, 939.6144414533236)",62.77436141983323,23.711669196765687,0.29064794143880834,16.49011001572069,256.6068931388635
"(39, 939.6144414533236)",62.643336124041234,23.943557983416635,0.29349033932836965,17.147984329890225,258.6197769300822
"(40, 939.6144414533236)",62.512044892244205,24.17782162763961,0.2963618472505888,17.820722556409734,260.6451490160274
"(41, 939.6144414533236)",62.38052045445694,24.41438820434213,0.2992615835770809,18.508352251533598,262.6821534496824
"(42, 939.6144414533236)",62.2487849598475,24.65319606230276,0.3021887926124172,19.210907971341538,264.73004561262906
"(43, 939.6144414533236)",62.11685091192525,24.894193019028837,0.3051428347249389,19.92843119376411,266.7881830197932
"(44, 939.6144414533236)",61.98472206801155,25.13733558513735,0.3081231768395806,20.660970239556743,268.8560164653894
"(45, 939.6144414533236)",61.85239430781247,25.382588218733954,0.31112938329834156,21.408580193482194,270.933081514106
"(46, 939.6144414533236)",61.719856481359564,25.629922609698035,0.31416110708734774,22.171322833379566,273.01899032885643
"(47, 939.6144414533236)",61.58709120269288,25.879317000821796,0.31721808151563335,22.9492665422001,275.1134239400066
"(48, 939.6144414533236)",61.45407561250406,26.130755542218665,0.32030011230178185,23.742486219331287,277.2161248985443
"(49, 939.6144414533236)",61.32078209821099,26.384227681419656,0.323407070097941,24.551063182784507,279.32689034934816
"(50, 939.6144414533236)",61.18717897209522,26.639727589061913,0.32653888345016324,25.375085062518625,281.4455655232984
"(51, 939.6144414533236)",61.053231107131765,26.897253619987957,0.32969553219279335,26.21464568448618,283.5720376465016
"(52, 939.6144414533236)",60.918900530592744,27.156807809272824,0.3328770412709341,27.069844945260545,285.7062302611631
"(53, 939.6144414533236)",60.784146975943244,27.418395402405075,0.33608347498164953,27.940788677355894,287.84809794921875
"(54, 939.6144414533236)",60.64892839385851,27.682024418660543,0.3393149316219396,28.827588505549546,289.99762144717187
"(55, 939.6144414533236)",60.51320142355562,27.947705246475362,0.34257153852899697,29.730361694697184,292.154803138032
"(56, 939.6144414533236)",60.3769218258325,28.215450269506963,0.34585344749664026,30.64923098956679,294.31966290469524
"(57, 939.6144414533236)",60.24004487940262,28.485273521959563,0.3491608305503962,31.584324447379696,296.49223432760937
"(58, 939.6144414533236)",60.102525742245874,28.757190371674145,0.3524938760629763,32.535775263717845,298.67256120891267
"(59, 939.6144414533236)",59.9643197798174,29.031217229428407,0.3558527851909803,33.50372159248884,300.8606944043437
"(60, 939.6144414533236)",59.82538286195304,29.307371282900643,0.3592377686139323,34.48830636070856,303.05668894440976
"(61, 939.6144414533236)",59.68567163038345,29.58567025372817,0.3626490435564277,35.48967707873263,305.2606014261222
"(62, 939.6144414533236)",59.54514373871024,29.866132176143427,0.36608683107469736,36.507985646657325,307.4724876570117
"(63, 939.6144414533236)",59.40375806669578,30.148775195687875,0.3695513535893694,37.543388157493226,309.6924005337018
"(64, 939.6144414533236)",59.26147491064945,30.43361738657153,0.3730428326467161,38.59604469775531,311.9203881377545
"(65, 939.6144414533236)",59.118256151614126,30.7206765863087,0.3765614868916921,39.666119146001726,314.1564920325686
"(66, 939.6144414533236)",58.974065402991236,31.00997024632509,0.3801075302367354,40.75377896985987,316.4007457457325
"(67, 939.6144414533236)",58.82886813914884,31.301515297308065,0.38368117021128706,41.85919502203984,318.65317342219623
"(68, 939.6144414533236)",58.68263180645192,31.595328028156697,0.38728260647800583,42.98254133576844,320.9137886346503
"(69, 939.6144414533236)",58.535325918075706,31.891423977457418,0.39091202950252923,44.123994920074836,323.18259333832935
"(70, 939.6144414533236)",58.38692213386027,32.189817836494456,0.39456961936460966,45.28373555527956,325.4595769584486
"(71, 939.6144414533236)",58.23739432635736,32.49052336288698,0.3982555446995144,46.46194558907786,327.7447155994455
"(72, 939.6144414533236)",58.0867186341442,32.793553304013265,0.40196996175939315,47.65880973350985,330.0379713660562
"(73, 939.6144414533236)",57.93487350338415,33.098919329457246,0.4057130135852321,48.87451486313558,332.33929178709695
"(74, 939.6144414533236)",57.78183971852908,33.40663197178292,0.4094848292808932,50.10924981467604,334.6486093337
"(75, 939.6144414533236)",57.627600422949016,33.71670057500609,0.4132855233814969,51.36320518840491,336.9658410244448
"(76, 939.6144414533236)",57.47214113043296,34.029133250206634,0.41711519530934366,52.6365731515171,339.2908881107658
"(77, 939.6144414533236)",57.315449727648506,34.34393683772567,0.42097392891053803,53.929547243727974,341.62363583595834
"(78, 939.6144414533236)",57.157516469144824,34.66111687556513,0.42486179206764085,55.242322185311195,343.96395326318327
"(79, 939.6144414533236)",56.9983339644915,34.9806775734974,0.4287788363823223,56.575093687803474,346.3116931665783
"(80, 939.6144414533236)",56.837897158634824,35.30262179256548,0.4327250969240733,57.92805826759024,348.6666919815582
"(81, 939.6144414533236)",56.67620330575227,35.62695102962503,0.43670059204073997,59.30141306257853,351.02876981011707
"(82, 939.6144414533236)",56.51325193704694,35.953665406638564,0.4407053232272904,60.69535565216415,353.3977304775527
"(83, 939.6144414533236)",56.34904482287442,36.28276366445577,0.44473927504957395,62.11008388070292,355.7733616373585
"(84, 939.6144414533236)",56.183585929573766,36.61424316083701,0.4488024151200976,63.54579568467565,358.1554349212975
"(85, 939.6144414533236)",56.0168813713176,36.94809987251582,0.452894694123307,65.00268892377834,360.5437061320666
"(86, 939.6144414533236)",55.848939357323786,37.28432840109098,0.4570160458878083,66.48096121609572,362.9379154759838
"(87, 939.6144414533236)",55.67977013469933,37.62292198258382,0.46116638750351346,67.98080977770967,365.33778783345116
"(88, 939.6144414533236)",55.50938592723266,37.96387250047772,0.4653456194814964,69.50243126656564,367.74303306529146
"(89, 939.6144414533236)",55.33780087037634,38.30717050210384,0.4695536259547952,71.0460216314209,370.15334635247683
"(90, 939.6144414533236)",55.16503094271819,38.65280521820537,0.47379027491826836,72.61177596546284,372.5684085678825
"(91, 939.6144414533236)",54.99109389417884,39.00076458555416,0.47805541850579947,74.19988836517263,374.987886677889
"(92, 939.6144414533236)",54.81600917120082,39.35103527247487,0.4823488933031696,75.8105517945095,377.411434172177
"(93, 939.6144414533236)",54.63979783980014,39.70360270726328,0.4866705206963855,77.4439579546266,379.8386915213058
"(94, 939.6144414533236)",54.462482502445674,40.05845110849769,0.4910201072432366,79.10029715932957,382.2692866503752
"(95, 939.6144414533236)",54.28408722186097,40.4155635197103,0.49539744509827627,80.77975821643784,384.70283545698254
"(96, 939.6144414533236)",54.10463743060746,40.77492184393645,0.4998023124363164,82.48252831525909,387.13894232166984
"(97, 939.6144414533236)",53.92415984808447,41.13650688234841,0.504234473925978,84.20879292034769,389.57720065912054
"(98, 939.6144414533236)",53.74268239238566,41.50029837421176,0.5086936812194687,85.95873567169316,392.01719347817294
"(99, 939.6144414533236)",53.560234091515575,41.86627503889781,0.513179673467544,87.73253829154092,394.45849395886444
"(100, 939.6144414533236)",53.37684499349762,42.2344146196341,0.5176921778557951,89.53038049795079,396.9006660427768
"(101, 939.6144414533236)",53.19254607652574,42.60469392905496,0.5222309101629756,91.35243992526145,399.34326503718376
"(102, 939.6144414533236)",53.00736915667372,42.97708889575127,0.5267955753316014,93.19889205158889,401.78583822369603
"(103, 939.6144414533236)",52.8213467979675,43.351574612719936,0.5313858680618163,95.06991013345325,404.2279254816398
"(104, 939.6144414533236)",52.63451222050377,43.728125386480585,0.536001473413449,96.96566514766556,406.6690599118707
"(105, 939.6144414533236)",52.44689920958479,44.10671478732856,0.5406420674219895,98.88632574054199,409.10876846634073
"(106, 939.6144414533236)",52.25854202518231,44.48731570034245,0.5453073177238247,100.83205818454725,411.54657257893433
"(107, 939.6144414533236)",52.06947531209146,44.86990037699893,0.5499968841889056,102.80302634240432,413.9819887958225
"(108, 939.6144414533236)",51.87973401097892,45.254440487226425,0.5547104195588032,104.79939163874425,416.4145294033394
"(109, 939.6144414533236)",51.68935327053579,45.64090717172086,0.5594475700879743,106.82131303931564,418.8437030513154
"(110, 939.6144414533236)",51.498368360916274,46.02927109435841,0.5642079761862121,108.8689470377923,421.2690153699255
"(111, 939.6144414533236)",51.3068145886602,46.419502494526924,0.5689912730601091,110.94244765017457,423.6899695780154
"(112, 939.6144414533236)",51.11472721324731,46.8115712392209,0.5737970913516084,113.04196641678675,426.10606708109646
"(113, 939.6144414533236)",50.92214136544966,47.2054468747319,0.5786250577716114,115.16765241186506,428.5168080571047
"(114, 939.6144414533236)",50.72909196762059,47.601098677778246,0.5834747957266965,117.31965226068239,430.9216920281496
"(115, 939.6144414533236)",50.53561365603891,47.99849570592699,0.5883459259371786,119.49811016420416,433.3202184165964
"(116, 939.6144414533236)",50.341740705423966,48.39760684716095,0.5932380670446791,121.70316793119252,435.71188708384295
"(117, 939.6144414533236)",50.14750695571781,48.798400868452674,0.5981508362075147,123.93496501771986,438.0961988502426
"(118, 939.6144414533236)",49.95294574120916,49.20084646321729,0.6030838496823975,126.19363857402614,440.4726559948199
"(119, 939.6144414533236)",49.75808982205995,49.604912297528095,0.6080367233908497,128.47932349861154,442.84076273339065
"(120, 939.6144414533236)",49.56297131829601,50.01056705497041,0.6130090734690801,130.79215249951838,445.20002567395073
"(17, 939.9187475890828)",65.1883942218001,19.741909175562313,0.24198824698228308,6.218841209986829,221.23044882487832
"(18, 939.9187475890828)",65.09940473812459,19.880123168015903,0.2436824175634974,6.556333294351655,222.48533943141075
"(19, 939.9187475890828)",65.00570757661393,20.025762868424668,0.24546760943524293,6.9103314501836115,223.80927658387606
"(20, 939.9187475890828)",64.90765601359678,20.178456430602544,0.24733926465907652,7.280610194727129,225.19820167323675
"(21, 939.9187475890828)",64.80560589109704,20.337828626469182,0.24929278384268339,7.666966264768111,226.6479949076428
"(22, 939.9187475890828)",64.69990852062567,20.503507848434747,0.2513236119722378,8.069217263229312,228.15455734128105
"(23, 939.9187475890828)",64.59090526870658,20.675131437368172,0.2534273037204628,8.487200208343346,229.71387370947218
"(24, 939.9187475890828)",64.47892356014385,20.85234960654517,0.25559957154477286,8.920770070240009,231.3220591004291
"(25, 939.9187475890828)",64.36427404315475,21.034828219528936,0.25783631973741317,9.369798352841194,232.9753923777265
"(26, 939.9187475890828)",64.24724868471225,21.222250653232216,0.2601336672620981,9.834171758996561,234.67033897974986
"(27, 939.9187475890828)",64.12811959638817,21.414318944501158,0.2624879618083714,10.31379096201505,236.4035653581204
"(28, 939.9187475890828)",64.0071384243528,21.610754385014246,0.26489578708364053,10.80856949595727,238.1719469413225
"(29, 939.9187475890828)",63.884536169344834,21.811297697626042,0.26735396497471237,11.318432769289911,239.97257115271728
"(30, 939.9187475890828)",63.76052333018425,22.015708899848473,0.26985955387442045,11.843317200814655,241.80273670177925
"(31, 939.9187475890828)",63.63529028903201,22.223766936304457,0.2724098441763785,12.383169472898995,243.65995009629987
"(32, 939.9187475890828)",63.509007875421595,22.43526914324157,0.27500235171120974,12.937945894259236,245.5419201101935
"(33, 939.9187475890828)",63.38182806177764,22.65003059279314,0.2776348097087697,13.507611862863998,247.4465507657362
"(34, 939.9187475890828)",63.25388475468637,22.867883353013234,0.28030515972796655,14.092141418421832,249.37193325584633
"(35, 939.9187475890828)",63.12529465508457,23.08867569073275,0.2830115418856751,14.691516873605575,251.31633712883345
"(36, 939.9187475890828)",62.99615816601065,23.312271237891597,0.2857522846380026,15.305728512669502,253.27820098500106
"(37, 939.9187475890828)",62.86656033345386,23.538548136492,0.2885258942994638,15.934774347674365,255.25612286929774
"(38, 939.9187475890828)",62.73657180540035,23.767398174741096,0.2913310444541475,16.57865992119646,257.2488505159653
"(39, 939.9187475890828)",62.606249799859356,23.99872592347154,0.294166565370388,17.237398146953094,259.25527155856406
"(40, 939.9187475890828)",62.47563907242295,24.23244788051971,0.29703143351278577,17.911009179594743,261.27440380233276
"(41, 939.9187475890828)",62.34477287567741,24.468491629197768,0.29992476122724104,18.599520306162123,263.305385637501
"(42, 939.9187475890828)",62.21367390255484,24.706795016130776,0.302845786663072,19.30296585182385,265.3474666611613
"(43, 939.9187475890828)",62.08235521475553,24.94730535123044,0.30579386396675834,20.021387098932287,267.39999854112955
"(44, 939.9187475890828)",61.95082113663548,25.189978636175418,0.3087684538248627,20.75483220507778,269.46242620900466
"(45, 939.9187475890828)",61.81906811924398,25.434778822028598,0.31176911436427684,21.50335612147253,271.5342793887561
"(46, 939.9187475890828)",61.68708558466348,25.681677096067766,0.31479549241039767,22.267020519424854,273.61516445364475
"(47, 939.9187475890828)",61.55485671667357,25.930651204915645,0.31784731519046844,23.045893699804424,275.70475671857315
"(48, 939.9187475890828)",61.42235922104311,26.18168481046446,0.3209243824386347,23.84005050196685,277.8027931105545
"(49, 939.9187475890828)",61.28956604368096,26.43476688113383,0.3240265589342966,24.64957220366034,279.9090652554639
"(50, 939.9187475890828)",61.15644604725861,26.689891118414213,0.32715376747290337,25.47454641222225,282.0234129799591
"(51, 939.9187475890828)",61.02296464584894,26.947055418579183,0.33030598226783436,26.315066946610113,284.14571822775457
"(52, 939.9187475890828)",60.889084397609246,27.206261369127997,0.3334832227779999,27.17123371015449,286.2758993853143
"(53, 939.9187475890828)",60.75476555595036,27.467513779241592,0.33668554795238487,28.0431525541176,288.41390600863207
"(54, 939.9187475890828)",60.619966580043666,27.730820243287553,0.3399130508796312,28.930935132395817,290.55971393957134
"(55, 939.9187475890828)",60.4846446057608,27.996190736240962,0.3431658538289074,29.83469874781831,292.7133207983866
"(56, 939.9187475890828)",60.34875587847116,28.263637239702067,0.34644410366576817,30.754566190595575,294.87474183655564
"(57, 939.9187475890828)",60.21225614920929,28.5331733971289,0.3497479676261402,31.690665569566992,297.04400613342176
"(58, 939.9187475890828)",60.07510103597767,28.804814196768675,0.35307762942982446,32.643130136925215,299.22115311847773
"(59, 939.9187475890828)",59.93724635195567,29.078575680771305,0.3564332857149346,33.61209810710609,301.40622940113695
"(60, 939.9187475890828)",59.79864840246791,29.35447467893514,0.3598151427742548,34.5977124705644,303.5992858894002
"(61, 939.9187475890828)",59.6592642526114,29.63252856552374,0.36322341357439947,35.600120803113114,305.80037517876787
"(62, 939.9187475890828)",59.519051967384925,29.9127550376412,0.36665831503923124,36.61947507148303,308.00954919331457
"(63, 939.9187475890828)",59.3779708261712,30.195171913671494,0.37012006557921423,37.65593143576187,310.22685706104244
"(64, 939.9187475890828)",59.2359815133299,30.479796950359837,0.3736088828492649,38.709650049287056,312.4523432065504
"(65, 939.9187475890828)",59.09304628661027,30.766647677165718,0.37712498171832937,39.780794856576044,314.6860456446719
"(66, 939.9187475890828)",58.94912912503849,31.055741246574502,0.380668572434554,40.869533389793595,316.9279944594165
"(67, 939.9187475890828)",58.804195857773294,31.347094299165843,0.3842398589713605,41.9760365642603,319.1782104539067
"(68, 939.9187475890828)",58.65821427540944,31.640722842274528,0.3878390375401062,43.10047847343792,321.43670395741395
"(69, 939.9187475890828)",58.51115422506765,31.936642141181274,0.39146629525636145,44.243036183801166,323.7034737768962
"(70, 939.9187475890828)",58.36298769052237,32.2348666218464,0.39512180894764437,45.403889529974,325.97850628122876
"(71, 939.9187475890828)",58.213688858517784,32.5354097842777,0.39880574409153224,46.583220910492464,328.26177460735283
"(72, 939.9187475890828)",58.063234172368475,32.83828412568315,0.4025182538736829,47.78121508447474,330.5532379782218
"(73, 939.9187475890828)",57.91160237378523,33.143501072662275,0.406259478356682,48.9980589695549,332.85284112365173
"(74, 939.9187475890828)",57.758774533837475,33.45107092173437,0.41002954375105116,50.23394144130247,335.1605137957086
"(75, 939.9187475890828)",57.60473407385764,33.76100278756156,0.4138285617805908,51.489053134415265,337.47617037098905
"(76, 939.9187475890828)",57.449466777180305,34.073304558340695,0.41765662913558793,52.76358624592787,339.79970953347197
"(77, 939.9187475890828)",57.29296079185043,34.38798285777095,0.4215138270066401,54.05773434066631,342.1310140308962
"(78, 939.9187475890828)",57.135206625869216,34.70504301324513,0.4254002206947493,55.37169215915927,344.46995050036895
"(79, 939.9187475890828)",56.97619713455173,35.02448902975934,0.42931585929151805,56.70565542828587,346.8163693571287
"(80, 939.9187475890828)",56.8159275011076,35.346323569219805,0.43326077542550495,58.05982067471179,349.1701047427037
"(81, 939.9187475890828)",56.6543952106983,35.670547934806784,0.43723498507056086,59.43438504157231,351.53097452808055
"(82, 939.9187475890828)",56.49160001843623,35.99716206009579,0.4412384874124826,60.829546108367126,353.89878036847483
"(83, 939.9187475890828)",56.32754391169511,36.32616450268025,0.44527126477083556,62.245501714410985,356.2733078063997
"(84, 939.9187475890828)",56.1622310671205,36.657552442044576,0.4493332825728993,63.68244978599866,358.65432642001235
"(85, 939.9187475890828)",55.99566780265821,36.9913216814824,0.45342448937716145,65.14058816749528,361.04159001410574
"(86, 939.9187475890828)",55.82786252491662,37.32746665386252,0.45754481694400306,66.6201144565347,363.43483685134885
"(87, 939.9187475890828)",55.65882567216803,37.66598043106172,0.4616941803513264,68.12122584365879,365.8337899213281
"(88, 939.9187475890828)",55.48856965328594,38.00685473689155,0.46587247815299704,69.6441189562461,368.23815724554123
"(89, 939.9187475890828)",55.31710878286634,38.35007996337674,0.47007959257838833,71.1889897074994,370.6476322159657
"(90, 939.9187475890828)",55.14445921281806,38.69564519022905,0.4743153897710712,72.75603315015528,373.06189396569755
"(91, 939.9187475890828)",54.970638860695004,39.043538207367845,0.47857972006486993,74.34544333542722,375.48060776947915
"(92, 939.9187475890828)",54.795667334994725,39.39374554036545,0.48287241829576644,75.95741317727659,377.90342547259195
"(93, 939.9187475890828)",54.619565858323334,39.74625247878973,0.48719330414929635,77.59213432224743,380.3299859475463
"(94, 939.9187475890828)",54.442357184371794,40.101043106443534,0.4915421825312309,79.24979702502851,382.75991556693043
"(95, 939.9187475890828)",54.26406552184018,40.45810033597454,0.4959188439917905,80.93059002994313,385.19282872064633
"(96, 939.9187475890828)",54.084716444094106,40.817405943363916,0.5003230651484093,82.63470045856165,387.6283283256623
"(97, 939.9187475890828)",53.90433680627358,41.17894060650454,0.5047546091586019,84.36231370359268,390.0660063765775
"(98, 939.9187475890828)",53.72295465723669,41.542683945107164,0.5092132262091184,86.1136133292346,392.5054445050363
"(99, 939.9187475890828)",53.540599150866996,41.90861456266412,0.5136986540303231,87.8887809781331,394.9462145562457
"(100, 939.9187475890828)",53.35730045626671,42.276710090156364,0.5182106184319277,89.68799628511943,397.38787917878216
"(101, 939.9187475890828)",53.173089668004664,42.64694723155653,0.522748833860762,91.51143679784491,399.82999242821603
"(102, 939.9187475890828)",52.987998713893276,43.0193018103463,0.5273130039709507,93.35927790443567,402.2721003753774
"(103, 939.9187475890828)",52.80206026516965,43.39374881791546,0.5319028222171809,95.2316927683217,404.71374172914955
"(104, 939.9187475890828)",52.615307644684634,43.7702624626467,0.5365179724563587,97.12885227028923,407.15444845992545
"(105, 939.9187475890828)",52.427774736129756,44.14881622012764,0.5411581295630884,99.05092495789569,409.593746428693
"(106, 939.9187475890828)",52.239495893590984,44.52938288411838,0.5458229600544059,100.99807700229452,412.03115601740865
"(107, 939.9187475890828)",52.05050585178906,44.91193461812806,0.5505121227219972,102.97047216254069,414.4661927589264
"(108, 939.9187475890828)",51.86083963721758,45.29644300742871,0.5552252692697501,104.96827175743498,416.8983679643999
"(109, 939.9187475890828)",51.670532480388985,45.682879111329214,0.5599620449545096,106.99163464492693,419.32718934613746
"(110, 939.9187475890828)",51.47961972936785,46.0712135155445,0.5647220892280042,109.04071720911847,421.7521616339575
"(111, 939.9187475890828)",51.288136764784376,46.46141638448527,0.5695050363777837,111.11567335486097,424.17278718302055
"(112, 939.9187475890828)",51.09611891648832,46.853457513305145,0.5743105161651934,113.2166545099484,426.58856657127984
"(113, 939.9187475890828)",50.90360138199941,47.24730637954355,0.5791381544584027,115.34380963489386,428.9989991847008
"(114, 939.9187475890828)",50.71061914689403,47.642932194206594,0.5839875738585152,117.49728524024815,431.40358378843445
"(115, 939.9187475890828)",50.51720690725369,48.0403039521356,0.5888583943169822,119.67722541144053,433.8018190822956
"(116, 939.9187475890828)",50.32339899427982,48.43939048152179,0.5937502337425067,121.88377184107254,436.1932042389096
"(117, 939.9187475890828)",50.12922930118421,48.8401604924202,0.5986627085957786,124.11706386861228,438.5772394230201
"(118, 939.9187475890828)",49.934731212409844,49.24258262415122,0.6035954344703927,126.37723852742033,440.95342629047946
"(119, 939.9187475890828)",49.73993753527186,49.64662549144824,0.6085480266585849,128.66443059902423,443.3212684657206
"(120, 939.9187475890828)",49.54488043404886,50.052257729253355,0.6135201007003132,130.97877267456403,445.6802719964023
"(17, 940.2195686005418)",65.1318493563027,19.812809484821422,0.24285731397046187,6.2917671470055225,222.0474318257885
"(18, 940.2195686005418)",65.0438776023861,19.95016552678791,0.24454096814556273,6.629767287453647,223.2924362875262
"(19, 940.2195686005418)",64.95121237838256,20.09493795465316,0.24631552934523923,6.9843008634334955,224.60637987716146
"(20, 940.2195686005418)",64.85420032658229,20.246760521182853,0.24817650826072496,7.35514103140945,225.9852685022782
"(21, 940.2195686005418)",64.75319140046876,20.4052629096364,0.250119365700853,7.742083153646364,227.42503896425086
"(22, 940.2195686005418)",64.6485317758956,20.570077743830684,0.25213959851869894,8.144943470638863,228.92164107572606
"(23, 940.2195686005418)",64.54055841335256,20.740845948082544,0.2542328053114017,8.563557669980064,230.4711008640116
"(24, 940.2195686005418)",64.42959501753481,20.91722071855343,0.2563947350993758,8.997779437520418,232.06956778906493
"(25, 940.2195686005418)",64.31594914619338,21.09887035726162,0.2586213220644488,9.447479049602052,233.7133488127358
"(26, 940.2195686005418)",64.19991024290549,21.285480194851566,0.26090870911837866,9.912542045172685,235.39893188623356
"(27, 940.2195686005418)",64.08174839843512,21.476753796933146,0.26325326268967275,10.39286800166264,237.1230010771066
"(28, 940.2195686005418)",63.96171367763245,21.67241361626429,0.265651580717768,10.88836942757521,238.88244519293667
"(29, 940.2195686005418)",63.840035879654806,21.87220122244249,0.26810049546851517,11.398970776880844,240.67436141411798
"(30, 940.2195686005418)",63.716924626472185,22.075877213866928,0.27059707245501036,11.924607584556181,242.49605514366323
"(31, 940.2195686005418)",63.592569698413605,22.2832208934963,0.2731386064632001,12.465225718502797,244.34503701848035
"(32, 940.2195686005418)",63.46714155407259,22.494029771421808,0.2757226154546268,13.020780740466996,246.21901781569528
"(33, 940.2195686005418)",63.34079198712241,22.708118942191525,0.27834683293388557,13.591237366552747,248.1159018158722
"(34, 940.2195686005418)",63.213654884091866,22.925320373212987,0.28100919922620177,14.176569017053472,250.0337790521897
"(35, 940.2195686005418)",63.08584705577284,23.1454821317631,0.2837078520023911,14.776757444772942,251.97091677350159
"(36, 940.2195686005418)",62.9574691204831,23.368467571684494,0.28644111630977415,15.39179243061064,253.92575037562287
"(37, 940.2195686005418)",62.82860642426722,23.594154495363615,0.2892074942999803,16.02167153666018,255.89687399011092
"(38, 940.2195686005418)",62.699329982533435,23.8224343040591,0.2920056548140727,16.66639990576308,257.8830308924431
"(39, 940.2195686005418)",62.56969743360082,24.0532111460079,0.29483442294032985,17.325990098974707,259.8831038465719
"(40, 940.2195686005418)",62.43975399416822,24.28640107042054,0.2976927696443161,18.00046196220625,261.8961054882731
"(41, 940.2195686005418)",62.30953340875979,24.521931193782926,0.3005798015497576,18.68984251460914,263.92116882854043
"(42, 940.2195686005418)",62.17905888482296,24.759738884058127,0.3034947509387372,19.39416585127807,265.9575379488703
"(43, 940.2195686005418)",62.04834401440665,24.999770965791487,0.30643696600828574,20.11347305938814,268.0045589241812
"(44, 940.2195686005418)",61.9173936624485,25.24198295271865,0.30940590146398766,20.847812133398993,270.06167106353325
"(45, 940.2195686005418)",61.78620482627043,25.48633830865527,0.31240110946023575,21.597237890670034,272.1283984763635
"(46, 940.2195686005418)",61.65476747625285,25.732807736932074,0.31542223089044086,22.361811895384875,274.2043419594459
"(47, 940.2195686005418)",61.52306534346324,25.98136850555856,0.3184689871151599,23.14160236547058,276.28917131259664
"(48, 940.2195686005418)",61.39107667751013,26.232003804732244,0.3215411720867119,23.936684079162337,278.3826180275185
"(49, 940.2195686005418)",61.258774962728666,26.484702139310254,0.32463864490233896,24.747138272676665,280.48446838846496
"(50, 940.2195686005418)",61.12612959323003,26.739456756264396,0.32776132278618164,25.57305252928314,282.5945569846835
"(51, 940.2195686005418)",60.99310650628194,26.996265107066147,0.330909174499428,26.414520659362484,284.7127606344511
"(52, 940.2195686005418)",60.85966877400766,27.255128344603197,0.33408221417368483,27.271642571292546,286.8389927162032
"(53, 940.2195686005418)",60.725777153785366,27.51605085395391,0.33728049555946654,28.14452413328534,288.9731978990132
"(54, 940.2195686005418)",60.591390598171024,27.779039816083138,0.34050410667809844,29.033277026476565,291.1153472611181
"(55, 940.2195686005418)",60.456466725410664,28.04410480334975,0.3437531648636361,29.938018589732724,293.26543378342615
"(56, 940.2195686005418)",60.320962251926275,28.311257405533958,0.3470278121788683,30.858871656719504,295.4234682024859
"(57, 940.2195686005418)",60.184833388295885,28.580510885005125,0.3503282111884926,31.795964385879103,297.5894752063649
"(58, 940.2195686005418)",60.04803620043993,28.851879859544816,0.35365454107129574,32.74943008398923,299.7634899556871
"(59, 940.2195686005418)",59.91052693778668,29.125380011311385,0.35700699405275227,33.719407023971314,301.9455549116836
"(60, 940.2195686005418)",59.77226233028168,29.401027820390375,0.360385772139029,34.70603825769396,304.13571695263704
"(61, 940.2195686005418)",59.633199856076864,29.678840321409456,0.36379108413360417,35.7094714244057,306.33402476041505
"(62, 940.2195686005418)",59.49329798178929,29.958834881675596,0.36722314291783026,36.72985855548254,308.5405264588549
"(63, 940.2195686005418)",59.35251637713076,30.24102899937314,0.37068216297729256,37.76735587612365,310.75526748630216
"(64, 940.2195686005418)",59.2108161056808,30.5254401203897,0.3741683581565433,38.82212360457046,312.9782886853477
"(65, 940.2195686005418)",59.06815979351165,30.812085472402458,0.3776819396254032,39.89432574941755,315.20962459339495
"(66, 940.2195686005418)",58.92451177728825,31.100981914927477,0.3812231140409247,40.98412990553589,317.4493019185775
"(67, 940.2195686005418)",58.77983823336509,31.392145804116634,0.3847920818901266,42.091707049081876,319.6973381865573
"(68, 940.2195686005418)",58.634107289331936,31.685592871151577,0.3883890359993966,43.21723133203152,321.95374054450144
"(69, 940.2195686005418)",58.487289119358934,31.981338113167045,0.39201416019747864,44.360879876651914,324.2185047095251
"(70, 940.2195686005418)",58.33935602457664,32.279395695723395,0.3956676281200167,45.5228325702833,326.49161404991844
"(71, 940.2195686005418)",58.190282499655616,32.579778865914015,0.3993496021444632,46.70327186076751,328.7730387882977
"(72, 940.2195686005418)",58.040045286656195,32.88249987526966,0.40306023244507144,47.90238255285477,331.0627353166844
"(73, 940.2195686005418)",57.88862341711492,33.18756991170208,0.4067996561586847,49.12035160587294,333.36064561449433
"(74, 940.2195686005418)",57.735998243259985,33.49499903979323,0.41056799665283245,50.35736793292889,335.6666967611859
"(75, 940.2195686005418)",57.5821534591776,33.8047961487975,0.4143653628883603,51.6136222019146,337.9808005359865
"(76, 940.2195686005418)",57.42707511266637,34.11696890779134,0.4181918488696683,52.88930663854669,340.30285309795585
"(77, 940.2195686005418)",57.27075160844981,34.43152372746035,0.4220475331763184,54.18461483167962,342.6327347402813
"(78, 940.2195686005418)",57.113173703364524,34.74846572806206,0.4259324785703333,55.49974154111392,344.9703097132444
"(79, 940.2195686005418)",56.95433449408088,35.067798713152854,0.429846731674152,56.83488250810013,347.3154261109239
"(80, 940.2195686005418)",56.7942293978605,35.38952514871085,0.433790322714724,58.19023426878184,349.6679158171458
"(81, 940.2195686005418)",56.63285612681719,35.71364614732323,0.4377632653296893,59.56599397073976,352.02759450670527
"(82, 940.2195686005418)",56.47021465609218,36.0401614571509,0.44176555643210574,60.962359192887725,354.39426169828505
"(83, 940.2195686005418)",56.30630718636583,36.369069455386644,0.4457971761302674,62.37952776888847,356.76770085565136
"(84, 940.2195686005418)",56.141138101024474,36.70036714599158,0.449858087699955,63.81769761431157,359.14767953440486
"(85, 940.2195686005418)",55.9747139183584,37.03405016147431,0.45394823760624575,65.27706655773302,361.53394957138767
"(86, 940.2195686005418)",55.807043239076684,37.37011276853218,0.4580675555726614,66.75783217595298,363.9262473144794
"(87, 940.2195686005418)",55.63813668945871,37.70854787736445,0.4622159546953228,68.26019163366816,366.32429389025583
"(88, 940.2195686005418)",55.46800686042587,38.04934705449205,0.4663933316000958,69.78434152744761,368.72779550776386
"(89, 940.2195686005418)",55.29666824279405,38.392500538935266,0.4705995666408818,71.33047773478796,371.1364437959039
"(90, 940.2195686005418)",55.12413715899568,38.73799726159028,0.4748345241371367,72.89879526788482,373.5499161729775
"(91, 940.2195686005418)",54.95043169151682,39.085824867670446,0.47909805264893623,74.48948813265741,375.9678762462851
"(92, 940.2195686005418)",54.775571608320384,39.435969742065986,0.483389985287837,76.10274919312529,378.389974240027
"(93, 940.2195686005418)",54.599578286111004,39.788417037618224,0.4877101400634406,77.73877004133867,380.81584745121927
"(94, 940.2195686005418)",54.42247462741086,40.14315070528659,0.4920583202531722,79.39774087305092,383.24512072169387
"(95, 940.2195686005418)",54.24428498459037,40.50015352870514,0.49643431482586164,81.0798503693426,385.67740695473464
"(96, 940.2195686005418)",54.06503506961301,40.85940715860417,0.5008378988636658,82.78528558435238,388.1123076240453
"(97, 940.2195686005418)",53.884751871233846,41.22089215134253,0.5052688340343844,84.51423183932184,390.5494133237858
"(98, 940.2195686005418)",53.703463567039,41.58458800875965,0.5097268690799547,86.26687262307544,392.9883043273844
"(99, 940.2195686005418)",53.521199434828766,41.950473220098935,0.514211740330316,88.04338949916018,395.42855116354343
"(100, 940.2195686005418)",53.337989762910034,42.318525305664025,0.5187231722385488,89.84396201971754,397.8697152055154
"(101, 940.2195686005418)",53.15386576041497,42.688720862287795,0.523260877938204,91.66876764629919,400.3113492742998
"(102, 940.2195686005418)",52.96885946517364,43.06103560980348,0.5278245598129295,93.51798167769466,402.7529982463888
"(103, 940.2195686005418)",52.78300365396986,43.4354444394103,0.5324139100893137,95.39177718493266,405.19419967616955
"(104, 940.2195686005418)",52.59633175082176,43.81192146271636,0.5370286114380428,97.29032495351954,407.6344844189051
"(105, 940.2195686005418)",52.408877736289405,44.19044006191537,0.5416683375889335,99.21379343303734,410.0733772594024
"(106, 940.2195686005418)",52.22067605711623,44.570972940715066,0.5463327539551998,101.16234869415248,412.5103975419514
"(107, 940.2195686005418)",52.03176153655541,44.95349217587642,0.5510215182652021,103.13615439311748,414.94505979980636
"(108, 940.2195686005418)",51.84216928559664,45.33796926918793,0.555734281199523,105.13537174380463,417.3768743821431
"(109, 940.2195686005418)",51.65193461530057,45.72437519970007,0.5604706870312309,107.16015949730266,419.8053480764506
"(110, 940.2195686005418)",51.461092950428245,46.11268047605068,0.5652303742672753,109.21067392910861,422.22998472439184
"(111, 940.2195686005418)",51.26967974454274,46.50285518871391,0.5700129762889213,111.28706883392482,424.6502858291557
"(112, 940.2195686005418)",51.0777303967604,46.89486906200106,0.5748181219891617,113.38949552803945,427.0657511523838
"(113, 940.2195686005418)",50.885280170297285,47.28869150565699,0.5796454364051625,115.51810285929213,429.4758792988426
"(114, 940.2195686005418)",50.69236411295241,47.68429166589256,0.5844945413437962,117.67303722458563,431.88016828704997
"(115, 940.2195686005418)",50.49901697965871,48.08163847570086,0.5893650559984055,119.85444259490794,434.278116104147
"(116, 940.2195686005418)",50.30527315719832,48.48070070431885,0.5942565975550556,122.0624605478129,436.6692212434273
"(117, 940.2195686005418)",50.111166591192195,48.88144700568714,0.599168781786611,124.297230307287,439.05298322303264
"(118, 940.2195686005418)",49.91673071542773,49.283845965793205,0.6041012236329164,126.55888879095353,441.4289030842466
"(119, 940.2195686005418)",49.72199838360271,49.687866148758054,0.609053537765847,128.84757066451974,443.7964838683189
"(120, 940.2195686005418)",49.527001803521266,50.09347614157252,0.6140253391375803,131.16340840338506,446.1552310703521
"(17, 940.5157633705652)",65.07652736039446,19.88239549029535,0.24371027076047663,6.36382660063003,222.84952474490677
"(18, 940.5157633705652)",64.98953982756161,20.018920105668272,0.24538373364849964,6.702323917385569,224.0849456537525
"(19, 940.5157633705652)",64.8978732490058,20.16285151862219,0.24714798603172186,7.057381578569719,225.38919516955292
"(20, 940.5157633705652)",64.80186784475944,20.31382891738351,0.2489986052261135,7.428771420828903,226.75834185161526
"(21, 940.5157633705652)",64.70186785221142,20.471486765887693,0.25093111064102835,7.816287470643277,228.18837760732728
"(22, 940.5157633705652)",64.59821444793961,20.63546181840862,0.2529410497586444,8.219744642199444,229.6752998593041
"(23, 940.5157633705652)",64.4912402905078,20.805398507922664,0.2550240641838338,8.638977325799512,231.2151750779229
"(24, 940.5157633705652)",64.38126544041039,20.98095296122403,0.25717593885950746,9.073837953494108,232.80418650349733
"(25, 940.5157633705652)",64.26859441687392,21.16179588543411,0.25939263744825974,9.524195601718995,234.43866882063526
"(26, 940.5157633705652)",64.15351417190821,21.3476145472012,0.26167032659259437,9.989934670480666,236.11513229617833
"(27, 940.5157633705652)",64.03629279084524,21.538114035766128,0.26400539139706036,10.47095366372868,237.83027856002238
"(28, 940.5157633705652)",63.91717875927985,21.733017969842827,0.2663944440929124,10.967164084400904,239.58100985932194
"(29, 940.5157633705652)",63.79640066636443,21.9320687783856,0.2688343274796363,11.478489449758777,241.3644332799639
"(30, 940.5157633705652)",63.67416724065166,22.135027659153593,0.27132211441705056,12.004864426670418,243.17786113359773
"(31, 940.5157633705652)",63.5506676379527,22.341674296183992,0.27385510436220484,12.546234082460057,245.01880844968483
"(32, 940.5157633705652)",63.42607191873238,22.551806399160203,0.2764308177231418,13.102553244055748,246.88498830597453
"(33, 940.5157633705652)",63.3005316676124,22.765239112736126,0.27904698861864674,13.673785956319882,248.77430556060406
"(34, 940.5157633705652)",63.174180718693265,22.98180433251176,0.28170155649376494,14.25990502934602,250.68484941906368
"(35, 940.5157633705652)",63.047135959081345,23.201349955530365,0.28439265693265203,14.86089166400769,252.61488516798877
"(36, 940.5157633705652)",62.91949818835288,23.423739086836406,0.28711861193295485,15.476735144629965,254.5628453353901
"(37, 940.5157633705652)",62.7913530185774,23.64884921813321,0.28987791983808353,16.10743258908466,256.527320471702
"(38, 940.5157633705652)",62.66277179899911,23.87657139198997,0.2926692450924211,16.752988745272084,258.5070497179134
"(39, 940.5157633705652)",62.533812555357784,24.106809361456474,0.2954914079402234,17.41341582551959,260.5009112828227
"(40, 940.5157633705652)",62.40452093351447,24.339478753525462,0.29834337417168016,18.088733370172715,262.5079129354552
"(41, 940.5157633705652)",62.27493113905468,24.574506243189468,0.30122424499884654,18.77896813296526,264.52718259784706
"(42, 940.5157633705652)",62.145066864226884,24.81182874396017,0.30413324713336515,19.484153980753383,266.5579591132523
"(43, 940.5157633705652)",62.01494220293165,25.051392618088407,0.3070697231056159,20.204331806827007,268.59958322783945
"(44, 940.5157633705652)",61.884562533451714,25.293152913292875,0.310033121908959,20.9395494432891,270.65148887907503
"(45, 940.5157633705652)",61.75392537337122,25.537072626962246,0.3130229899805012,21.68986157397408,272.7131948000738
"(46, 940.5157633705652)",61.62302121660356,25.783121998206855,0.3160389625234247,22.455329655864766,274.78429643669546
"(47, 940.5157633705652)",61.49183431792639,26.031277835109382,0.319080755260715,23.23602182351603,276.86445828737186
"(48, 940.5157633705652)",61.36034344837029,26.28152287386147,0.3221481565796684,24.032012793306848,278.9534066106404
"(49, 940.5157633705652)",61.22852260939991,26.53384517249294,0.3252410201004776,24.84338375890587,281.0509225403162
"(50, 940.5157633705652)",61.09634170633281,26.78823753929157,0.32835925767010316,25.670222278268195,283.156835609121
"(51, 940.5157633705652)",60.96376718041857,27.04469699590987,0.33150283278115766,26.512622151735368,285.27101768093996
"(52, 940.5157633705652)",60.83076259949892,27.30322427480336,0.334671754411799,27.370683291107003,287.3933772880725
"(53, 940.5157633705652)",60.69728920759588,27.56382335036997,0.3378660712785573,28.24451157976674,289.5238543657993
"(54, 940.5157633705652)",60.56330643418886,27.826501002886452,0.3410858664913002,29.134218724193794,291.6624153737821
"(55, 940.5157633705652)",60.42877236426594,28.09126641413987,0.3443312525966133,30.039922097298223,293.80904879094845
"(56, 940.5157633705652)",60.293644170444274,28.358130793510348,0.3476023669944974,30.961744574130687,295.9637609691144
"(57, 940.5157633705652)",60.15787850871842,28.627107033113283,0.35089936771122715,31.89981436061112,298.1265723285623
"(58, 940.5157633705652)",60.02143187948981,28.898209390550488,0.3542224295106502,32.854264815933014,300.2975138782524
"(59, 940.5157633705652)",59.88426095566081,29.171453197753443,0.3575717403253124,33.82523426932005,302.4766240424827
"(60, 940.5157633705652)",59.74632287962489,29.44685459438496,0.3609474979885989,34.81286583184944,304.6639457755932
"(61, 940.5157633705652)",59.607575531007896,29.72443028426573,0.3643499072491112,35.81730720401797,306.8595239463745
"(62, 940.5157633705652)",59.46797776700579,30.004197313313814,0.3677791770487423,36.83871047967141,309.0634029741247
"(63, 940.5157633705652)",59.32748963713466,30.286172867523888,0.3712355180463804,37.877231946971804,311.2756246986869
"(64, 940.5157633705652)",59.18607257416302,30.570374089558307,0.37471914036977066,38.93303188694733,313.4962264674895
"(65, 940.5157633705652)",59.04368956290653,30.856817912597197,0.3782302515789092,40.0062743702052,315.7252394233735
"(66, 940.5157633705652)",58.90030528852638,31.145520910140913,0.3817690548249796,41.097127052306085,317.96268697766874
"(67, 940.5157633705652)",58.755886265840424,31.436499160556497,0.3853357471900324,42.20576096828531,320.2085834541151
"(68, 940.5157633705652)",58.61040095109045,31.729768125222655,0.38893051819332153,43.332350326743374,322.462932889958
"(69, 940.5157633705652)",58.46381983751592,32.0253425392051,0.39255354845125284,44.477072303918646,324.72572798153556
"(70, 940.5157633705652)",58.316115535967946,32.323236313483484,0.39620500847893037,45.64010683812062,326.9969491626818
"(71, 940.5157633705652)",58.16726284173925,32.62346244781042,0.39988505762199694,46.821636424835454,329.27656380499945
"(72, 940.5157633705652)",58.01723878863929,32.926032953384606,0.4035938431088173,48.021845912859376,331.56452553029004
"(73, 940.5157633705652)",57.86602269132771,33.2309587845582,0.4073314992133562,49.240922301712914,333.8607736258136
"(74, 940.5157633705652)",57.71359617676315,33.53824977890128,0.4110981465205262,50.479054540630365,336.16523255434674
"(75, 940.5157633705652)",57.55994320560572,33.84791460498387,0.41489389128611126,51.73643332937925,338.4778115513619
"(76, 940.5157633705652)",57.405050084285946,34.15996071732067,0.41871882488450407,53.01325092112753,340.7984043027479
"(77, 940.5157633705652)",57.24890546844748,34.474394317951074,0.42257302333776575,54.30970092762821,343.1268886966982
"(78, 940.5157633705652)",57.09150035835062,34.79122032420753,0.4264565469205454,55.6259781268994,345.46312664445264
"(79, 940.5157633705652)",56.93282808678843,35.11044234226287,0.4303694398358358,56.96227827364753,347.8069639649161
"(80, 940.5157633705652)",56.77288430005,35.432062646073945,0.43431172995686984,58.31879791261409,350.1582303285621
"(81, 940.5157633705652)",56.61166693236394,35.756082161405935,0.4382834286312961,59.69573419508357,352.5167392567485
"(82, 940.5157633705652)",56.44917617426519,36.08250045463474,0.44228453054393035,61.09328469872425,354.8822881727924
"(83, 940.5157633705652)",56.285414435268805,36.41131572606266,0.44631501363481296,62.511647250986584,357.25465850150374
"(84, 940.5157633705652)",56.12038630120895,36.74252480751201,0.4503748390697179,63.95101975624959,359.6336158143016
"(85, 940.5157633705652)",55.95409848658494,37.07612316397825,0.45446395126041533,65.41160002692641,362.0189100171665
"(86, 940.5157633705652)",55.78655978223178,37.41210489914612,0.4585822779322838,66.89358561870874,364.4102755789859
"(87, 940.5157633705652)",55.61778099860599,37.75046276459281,0.46272973023712255,68.3971736702615,366.8074317979615
"(88, 940.5157633705652)",55.44777490499466,38.09118817250078,0.4669062029089791,69.92256074725704,369.2100831041335
"(89, 940.5157633705652)",55.276556164887296,38.43427121174161,0.4711115744612913,71.46994269148024,371.61791939569
"(90, 940.5157633705652)",55.10414126782293,38.77970066716004,0.4753457074232741,73.03951447467142,374.03061640745057
"(91, 940.5157633705652)",54.93054845793992,39.127464041932626,0.4796084486139818,74.63147005763781,376.44783610951373
"(92, 940.5157633705652)",54.75579765949984,39.47754758285502,0.48389962945225795,76.24600225471895,378.86922713430505
"(93, 940.5157633705652)",54.5799104002671,39.82993630854111,0.48821906630240025,77.88330260381218,381.2944252316544
"(94, 940.5157633705652)",54.40290972866148,40.18461403952967,0.49256656084319334,79.5435612421687,383.7230537400812
"(95, 940.5157633705652)",54.224820137914804,40.541563432778794,0.4969419004907223,81.22696678813143,386.1547241027197
"(96, 940.5157633705652)",54.04566747587611,40.900766016034424,0.5013448588196522,82.93370622899864,388.5890363756747
"(97, 940.5157633705652)",53.86547886231271,41.262202226311246,0.5057751960349149,84.6639648151983,391.025579777477
"(98, 940.5157633705652)",53.68428260102983,41.62585144969892,0.5102326594596251,86.41792596092743,393.4639332473355
"(99, 940.5157633705652)",53.502108091349236,41.991692063235085,0.5147169840483604,88.19577115142735,395.9036660206114
"(100, 940.5157633705652)",53.318985738465265,42.35970147852947,0.5192278929218698,89.99767985703103,398.3443382176714
"(101, 940.5157633705652)",53.13494686386086,42.72985618718554,0.5237650979238446,91.82382945412628,400.7855014465773
"(102, 940.5157633705652)",52.95002361325589,43.10213180723546,0.5283283001901008,93.67439515316892,403.2266994103968
"(103, 940.5157633705652)",52.76424886694215,43.476503131470444,0.5329171907409808,95.54954993384686,405.6674685292038
"(104, 940.5157633705652)",52.57765614815135,43.852944176444055,0.5375314510820268,97.44946448750314,408.10733856259696
"(105, 940.5157633705652)",52.3902795324415,44.23142823261395,0.5421707538185978,99.37430716691219,410.54583323798107
"(106, 940.5157633705652)",52.202153557420466,44.61192791523509,0.5468347632796869,101.32424394347773,412.9824708800794
"(107, 940.5157633705652)",52.01331313316267,44.99441521585866,0.5515231361491896,103.29943837191897,415.4167650399642
"(108, 940.5157633705652)",51.82379345351693,45.378861554271005,0.5562355221025349,105.30005156249182,417.84822512159866
"(109, 940.5157633705652)",51.63362990853216,45.7652378306871,0.5609715644464663,107.32624216077645,420.2763570037721
"(110, 940.5157633705652)",51.44285799817217,46.15351447803778,0.5657309007599376,109.37816633506367,422.7006636554865
"(111, 940.5157633705652)",51.25151324751247,46.54366151417382,0.5705131635340346,111.45597777133082,425.12064574283784
"(112, 940.5157633705652)",51.05963112358166,46.93564859382489,0.5753179808088449,113.55982767581901,427.5358022254239
"(113, 940.5157633705652)",50.867246954006085,47.32944506014779,0.5801449768053242,115.68986478518566,429.9456309404726
"(114, 940.5157633705652)",50.674395847582865,47.725019995714106,0.5849937725502841,117.84623538419976,432.34962917295746
"(115, 940.5157633705652)",50.48111261693363,48.12234227277479,0.5898639864924798,120.0290833309466,434.74729420983283
"(116, 940.5157633705652)",50.28743170331923,48.52138060266557,0.5947552351083446,122.23855008948546,437.1381238770793
"(117, 940.5157633705652)",50.09338710372362,48.92210358422338,0.5996671334951922,124.47477476989741,439.52161705757186
"(118, 940.5157633705652)",49.899012300289954,49.32447975105987,0.6045992959509408,126.73789417565865,441.89727418894665
"(119, 940.5157633705652)",49.704340192163606,49.72847761759914,0.6095513365382417,129.0280428582542,444.2645977395585
"(120, 940.5157633705652)",49.50940302978893,50.1340657237486,0.6145228696321817,131.34535317894753,446.6230926618342
"(17, 940.8062083309358)",65.02261442790217,19.950418262641918,0.24454406607827625,6.434732168301674,223.63384340863124
"(18, 940.8062083309358)",64.9365752482704,20.08614012022083,0.24620768908964072,6.773714101313773,224.860008333033
"(19, 940.8062083309358)",64.84587155937601,20.229259000149064,0.24796198177510861,7.12928273081124,226.1548891532533
"(20, 940.8062083309358)",64.75083738785281,20.379419346781944,0.24980258587905269,7.501208618271793,227.51461503386273
"(21, 940.8062083309358)",64.65181144464395,20.536260258717085,0.2517250776197015,7.889284497077154,228.93523132012473
"(22, 940.8062083309358)",64.54913005970452,20.69942250539294,0.25372505369572457,8.293323995359385,230.41278173067832
"(23, 940.8062083309358)",64.44312170905158,20.868553940472477,0.25579819764145456,8.713160243641472,231.94337217730273
"(24, 940.8062083309358)",64.33410289905969,21.043313557138838,0.25794032953479357,9.148644454840126,233.5232189504211
"(25, 940.8062083309358)",64.22237517517347,21.22337442361069,0.26014744197970446,9.599644537254393,235.14868395866347
"(26, 940.8062083309358)",64.10822304119208,21.408425715400966,0.26241572501676397,10.066043780913928,236.81629947852124
"(27, 940.8062083309358)",63.9919126025463,21.598174032099898,0.26474158226377803,10.547739642515648,238.52278455460186
"(28, 940.8062083309358)",63.8736907765463,21.792344156249168,0.2671216402177155,11.044642643107052,240.26505485326226
"(29, 940.8062083309358)",63.753784941616296,21.990679382839726,0.269552752293588,11.556675384493287,242.04022744600516
"(30, 940.8062083309358)",63.63240292291138,22.192941522503126,0.2720319988635536,12.083771684449616,243.84562171105568
"(31, 940.8062083309358)",63.509733234596226,22.39891065901732,0.27455668428450974,12.625875826645906,245.6787572869775
"(32, 940.8062083309358)",63.38594551648698,22.608384724082,0.2771243316859093,13.18294191821402,247.53734981145087
"(33, 940.8062083309358)",63.26119111766768,22.821178937527527,0.2797326761080133,13.754933346028706,249.419305009417
"(34, 940.8062083309358)",63.135603790566606,23.037125149936546,0.28237965644403484,14.341822321618956,251.32271156728575
"(35, 940.8062083309358)",63.0093004675371,23.25607111591161,0.28506340653218354,14.943589504084533,253.2458331293592
"(36, 940.8062083309358)",62.882382097278665,23.477879719931476,0.28778224566649224,15.560223689988243,255.18709968046616
"(37, 940.8062083309358)",62.75493452529777,23.702428171237564,0.29053466872804956,16.191721560539225,257.14509851418154
"(38, 940.8062083309358)",62.62702940207671,23.929607181596598,0.2933193361064214,16.83808747514197,259.1185649572877
"(39, 940.8062083309358)",62.49872510853283,24.15932013617304,0.29613506353646624,17.49933330280476,261.1063729767788
"(40, 940.8062083309358)",62.37006768805756,24.391482266282715,0.29898081195833726,18.175478282785328,263.1075257794425
"(41, 940.8062083309358)",62.2410917764641,24.626019831085955,0.30185567748696085,18.866548907023418,265.12114649265004
"(42, 940.8062083309358)",62.11182152091158,24.862869314339495,0.30475888156623754,19.57257881700113,267.14646900450754
"(43, 940.8062083309358)",61.98227148828732,25.101976639687923,0.30768976135031156,20.29360871427376,269.18282900396343
"(44, 940.8062083309358)",61.852447542424045,25.343296411503015,0.31064776039814374,21.02968627012756,271.2296553165471
"(45, 940.8062083309358)",61.72234769449359,25.586791182380303,0.313632419694767,21.78086603583888,273.28646154685157
"(46, 940.8062083309358)",61.59196293635895,25.832430747844448,0.3166433690060802,22.547209361654694,275.35283802608893
"(47, 940.8062083309358)",61.46127802203726,26.080191475694974,0.3196803186582348,23.328784298777926,277.42844417610127
"(48, 940.8062083309358)",61.330272220588654,26.330055666807983,0.3227430517026122,24.125665501347296,279.51300123614243
"(49, 940.8062083309358)",61.19892002826018,26.582010950162598,0.3258314165002975,24.93793411975127,281.6062853929915
"(50, 940.8062083309358)",61.06719184024406,26.8360497122653,0.32894531972820135,25.76567768558265,283.7081213161138
"(51, 940.8062083309358)",60.935054581427124,27.092168561010947,0.3320847198073182,26.60898998784782,285.8183760987164
"(52, 940.8062083309358)",60.80247229594696,27.350367823704843,0.33524962074953524,27.467970940226852,287.93695360152765
"(53, 940.8062083309358)",60.669406695950194,27.610651078586105,0.3384400664155232,28.342726439545984,290.0637891921125
"(54, 940.8062083309358)",60.53581767017673,27.873024719058353,0.34165613517299104,29.233368215733726,292.1988448693696
"(55, 940.8062083309358)",60.40166375349966,28.137497549484795,0.34489793494220944,30.140013673713934,294.34210476043586
"(56, 940.8062083309358)",60.26690255865279,28.40408041135817,0.3481655986137733,31.062785727788846,296.49357097530566
"(57, 940.8062083309358)",60.13149117169901,28.672785838459163,0.3514592798216292,32.00181262914067,298.6532598025677
"(58, 940.8062083309358)",59.99538651286986,28.943627739566654,0.3547791490539063,32.95722778709237,300.82119822918906
"(59, 940.8062083309358)",59.85854566455225,29.216621107213317,0.35812539008293354,33.929169584851316,302.9974207661107
"(60, 940.8062083309358)",59.72092616822699,29.491781750967125,0.36149819669592664,34.91778119036695,305.1819665615986
"(61, 940.8062083309358)",59.582486292223756,29.769126053702315,0.3648977697074654,35.923210363028495,307.37487678386697
"(62, 940.8062083309358)",59.443185272107456,30.048670749367698,0.3683243142354382,36.9456092568144,309.5761922551203
"(63, 940.8062083309358)",59.30298352553109,30.330432720765966,0.3717780372223382,37.98513422052839,311.78595131933713
"(64, 940.8062083309358)",59.161842843275835,30.61442881594682,0.3752591451846669,39.04194559570579,314.0041879269889
"(65, 940.8062083309358)",59.019726558217954,30.900675681827867,0.3787678421735315,40.116207512726014,316.2309299202445
"(66, 940.8062083309358)",58.876599693783525,31.18918961378036,0.3823043279309262,41.20808768566164,318.4661975035397
"(67, 940.8062083309358)",58.73242909344766,31.47998641994643,0.3858687962265897,42.31775720630441,320.71000188485596
"(68, 940.8062083309358)",58.58718353271067,31.773081299148203,0.3894614333614683,43.445390337835164,322.96234407409924
"(69, 940.8062083309358)",58.440833814873,32.06848873133611,0.39308241682487,44.59116430849399,325.22321382607237
"(70, 940.8062083309358)",58.29335285187819,32.366222379578964,0.3967319140931032,45.75525910567473,327.4925887161323
"(71, 940.8062083309358)",58.14471573134594,32.66629500270378,0.40041008155865127,46.937857270715035,329.7704333379604
"(72, 940.8062083309358)",57.99489977088286,32.96871837773859,0.40411706357950566,48.13914369475644,332.05669861331
"(73, 940.8062083309358)",57.84388456063447,33.273503231402266,0.4078529916393968,49.3593054159122,334.35132120477755
"(74, 940.8062083309358)",57.69165199495404,33.580659179956086,0.41161798361052304,50.59853141804816,336.6542230233933
"(75, 940.8062083309358)",57.53818629401528,33.89019467678228,0.41541214311098784,51.85701243140416,338.96531082347235
"(76, 940.8062083309358)",57.38347401611058,34.20211696712109,0.4192355589499809,53.13494073532103,341.284475877911
"(77, 940.8062083309358)",57.22750406128633,34.51643204946597,0.4230883046545798,54.43250996326475,343.6115937279743
"(78, 940.8062083309358)",57.07026766694595,34.83314464314885,0.4269704380724259,55.74991491040877,345.94652400190887
"(79, 940.8062083309358)",56.91175839597887,35.152258161702555,0.4308820010452078,57.087351343954445,348.2891102974338
"(80, 940.8062083309358)",56.751972117886964,35.47377469164934,0.4348230191486626,58.44501581640634,350.63918012385676
"(81, 940.8062083309358)",56.59090698342681,35.79769497635678,0.43879350149468443,59.82310548201853,352.9965448994503
"(82, 940.8062083309358)",56.428563393139704,36.124018404694844,0.44279344059229525,61.2218179166006,355.36100000084616
"(83, 940.8062083309358)",56.26494396018857,36.45274300421074,0.44682281226397025,62.641350940886525,357.73232486094486
"(84, 940.8062083309358)",56.10005346785462,36.78386543858891,0.4508815756145209,64.08190244767665,360.1102831124989
"(85, 940.8062083309358)",55.93389882203554,37.1173810091784,0.45496967304980607,65.54367023295005,362.49462277460356
"(86, 940.8062083309358)",55.76648899904748,37.4532836603975,0.45908703034298093,67.02685183111889,364.8850764797702
"(87, 940.8062083309358)",55.597834989060075,37.79156598882146,0.46323355674589467,68.53164435476918,367.28136173898935
"(88, 940.8062083309358)",55.42794973540891,38.13221925580641,0.46740914514382587,70.05824433873154,369.68318124323525
"(89, 940.8062083309358)",55.25684807011242,38.475233403468216,0.4716136722513438,71.6068475892406,372.09022319857485
"(90, 940.8062083309358)",55.08454664581444,38.820597073889786,0.4758469988477471,73.17764903785876,374.5021616937454
"(91, 940.8062083309358)",54.91106386444588,39.16829763139896,0.48010897005013414,74.77084260065203,376.91865709788544
"(92, 940.8062083309358)",54.736419802861164,39.51832118777795,0.484399415622416,76.38662104275782,379.3393564866884
"(93, 940.8062083309358)",54.56063613630237,39.87065263040373,0.4887181503202384,78.02517584850284,381.76389409678893
"(94, 940.8062083309358)",54.38373605564605,40.225275652286335,0.49306497425918827,79.68669709731195,384.1918917962654
"(95, 940.8062083309358)",54.205744191667456,40.58217278651052,0.49743967333696604,81.3713733455621,386.6229595999682
"(96, 940.8062083309358)",54.02668652491029,40.941325440550386,0.5018420196539938,83.07939151457093,389.05669617724186
"(97, 940.8062083309358)",53.84659030308592,41.30271393470119,0.5062717719845021,84.8109367849134,391.4926894008101
"(98, 940.8062083309358)",53.665483953271654,41.66631754184082,0.5107286762639065,86.5661924971976,393.93051690452626
"(99, 940.8062083309358)",53.48339699346402,42.032114529263495,0.5152124661015876,88.34534005948562,396.36974665837977
"(100, 940.8062083309358)",53.30035994302665,42.400082202257714,0.5197228633150557,90.14855886150474,398.80993755682994
"(101, 940.8062083309358)",53.11640423317456,42.77019694949518,0.5242595784863108,91.97602619576531,401.2506400211153
"(102, 940.8062083309358)",52.931562115005335,43.14243428942672,0.5288223115305342,93.82791718574148,403.69139660610125
"(103, 940.8062083309358)",52.74586656991343,43.516768918576894,0.5334107522880726,95.70440472120967,406.13174262188386
"(104, 940.8062083309358)",52.55935121803469,43.89317476051311,0.5380245811246878,97.60565940084136,408.5712067559161
"(105, 940.8062083309358)",52.372050227713615,44.27162501595229,0.5426634695457268,99.53184948215993,411.00931170086545
"(106, 940.8062083309358)",52.18399822531006,44.65209221361735,0.5473270808195143,101.48314083892299,413.4455747837239
"(107, 940.8062083309358)",51.99523020569645,45.03454826170148,0.552015070608172,103.45969692598709,415.87950859442105
"(108, 940.8062083309358)",51.805781443650034,45.41896449976971,0.5567270876038126,105.46167875171287,418.3106216119548
"(109, 940.8062083309358)",51.61568740636224,45.80531175091551,0.5614627741678523,107.48924485794619,420.7384188258793
"(110, 940.8062083309358)",51.424983667242635,46.19356037400737,0.5662217669714239,109.54255130757983,423.16240235124815
"(111, 940.8062083309358)",51.23370582120316,46.583680315852874,0.5710036976347909,111.62175167972542,425.58207203500626
"(112, 940.8062083309358)",51.04188940159189,46.975641163113615,0.5758081933636916,113.72699707246956,427.99692605191143
"(113, 940.8062083309358)",50.84956979892428,47.36941219381169,0.5806348775806861,115.85843611320831,430.4064614881741
"(114, 940.8062083309358)",50.656782181559706,47.76496242826583,0.5854833705495157,118.01621497653036,432.8101749109758
"(115, 940.8062083309358)",50.463561418440584,48.162260679311196,0.5903532899906715,120.20047740959643,435.2075629222206
"(116, 940.8062083309358)",50.26994200400765,48.56127560165535,0.59524425168638,122.41136476497024,437.59812269487804
"(117, 940.8062083309358)",50.07595798538425,48.96197574023403,0.6001558700733305,124.64901604084514,439.98135249039865
"(118, 940.8062083309358)",49.88164289190882,49.36432957743681,0.6050877588215633,126.91356792858133,442.3567521557974
"(119, 940.8062083309358)",49.68702966707779,49.76830557908474,0.6100395313979695,129.2051548674819,444.7238235990226
"(120, 940.8062083309358)",49.49215060294153,50.17387223904293,0.6150108016132723,131.52390910672736,447.08207124162476
"(17, 941.0898017244339)",64.97028868596536,20.016636522431384,0.24535574241931307,6.504198399657247,224.39758858568536
"(18, 941.0898017244339)",64.88515987529232,20.151586244505697,0.24700990090951183,6.843650779822511,225.61484789108204
"(19, 941.0898017244339)",64.79538109932915,20.29392310718693,0.24875460794746232,7.199715552711905,226.9007091186047
"(20, 941.0898017244339)",64.70128043585385,20.443296617032974,0.25058556732792503,7.572162052648131,228.2513598189936
"(21, 941.0898017244339)",64.60319127427091,20.599350347241185,0.25249841011695306,7.960781766251277,229.66289694644684
"(22, 941.0898017244339)",64.50144526149836,20.761728955324,0.2544887806716915,8.365387079671823,231.13140906374326
"(23, 941.0898017244339)",64.39636683714171,20.93008361027874,0.25655240316440814,8.785809905088376,232.6530403208315
"(24, 941.0898017244339)",64.28826904440575,21.10407610090447,0.25868513194054393,9.221900274865675,234.22403925211987
"(25, 941.0898017244339)",64.17745053610994,21.283381800571014,0.2608829878596642,9.673524964848381,235.84079435328087
"(26, 941.0898017244339)",64.06419342227983,21.46769175736353,0.2631421839155753,10.140566187837287,237.49985949860599
"(27, 941.0898017244339)",63.9487618638943,21.65671405989781,0.26545914197794135,10.622920383200759,239.19797090675843
"(28, 941.0898017244339)",63.83140122974102,21.850174645422648,0.2678305026976667,11.120497117289348,240.93205756221326
"(29, 941.0898017244339)",63.71233769444143,22.0478176756747,0.27025313011397806,11.633218101053167,242.6992465333181
"(30, 941.0898017244339)",63.59177817644016,22.249405582582934,0.27272411221463233,12.161016325358121,244.4968643641825
"(31, 941.0898017244339)",63.469910536812186,22.45471886408653,0.27524075843315754,12.70383531011925,246.32243547022378
"(32, 941.0898017244339)",63.34690397702842,22.66355569282354,0.2778005948523255,13.261628460454373,248.1736782680504
"(33, 941.0898017244339)",63.22290958821056,22.87573138601474,0.280401357706157,13.834358521075849,250.04849960587347
"(34, 941.0898017244339)",63.09806101521232,23.091077773747124,0.2830409856366692,14.421997118949252,251.9449879337521
"(35, 941.0898017244339)",62.97247520729886,23.309442494211822,0.285717611055111,15.024524383744472,253.86140555328882
"(36, 941.0898017244339)",62.84625323233336,23.530688238231303,0.28842955088177324,15.641928635034057,255.79618021576144
"(37, 941.0898017244339)",62.71948113836925,23.754691959860768,0.2911752968697916,16.274206126740612,257.7478962715047
"(38, 941.0898017244339)",62.59223084580599,23.981344067335925,0.2939535056881574,16.921360837830278,259.71528554644004
"(39, 941.0898017244339)",62.4645610594029,24.21054760490108,0.2967629888928634,17.583404300865762,261.69721807546944
"(40, 941.0898017244339)",62.33651818903445,24.44221743464211,0.2996027028981786,18.260355459784154,263.6926928067672
"(41, 941.0898017244339)",62.20813727022254,24.67627942565136,0.3024717390377855,18.952240549509952,265.70082836880437
"(42, 941.0898017244339)",62.079442875215406,24.912669656908527,0.3053693137939625,19.659092990013377,267.72085398107316
"(43, 941.0898017244339)",61.950450014881056,25.151333637570165,0.3082947592402131,20.380953294164993,269.7521005518892
"(44, 941.0898017244339)",61.821165010504245,25.392225551869526,0.3112475137856469,21.11786897471521,271.7939920610422
"(45, 941.0898017244339)",61.69158633969596,25.63530752989886,0.31422711323639796,21.86989445200841,273.84603724007457
"(46, 941.0898017244339)",61.56170546610423,25.88054894495782,0.31723318218290525,22.637090970570803,275.9078215503507
"(47, 941.0898017244339)",61.43150761781245,26.127925745006163,0.32026542580511147,23.41952649872092,277.97899957140277
"(48, 941.0898017244339)",61.300972537725656,26.37741981515145,0.32332362205807513,24.217275628350528,280.0592877471092
"(49, 941.0898017244339)",61.17007519366266,26.629018373998417,0.3264076142726619,25.030419466122805,282.1484575310821
"(50, 941.0898017244339)",61.03878644843777,26.88271340410366,0.329517304174349,25.859045516465812,284.24632893374223
"(51, 941.0898017244339)",60.907073689234224,27.13850111663821,0.3326526453212165,26.70324755589931,286.3527644725528
"(52, 941.0898017244339)",60.774901416065134,27.396381449999538,0.3358136369581639,27.563125498565466,288.46766352275404
"(53, 941.0898017244339)",60.642231789620986,27.65635760179455,0.3390003182801479,28.438785253063454,290.5909570617209
"(54, 941.0898017244339)",60.509025139169154,27.91843559336424,0.342212763094307,29.3303385709013,292.72260279709076
"(55, 941.0898017244339)",60.375240431519885,28.182623865798448,0.3454510748680619,30.23790288697288,294.86258066610407
"(56, 941.0898017244339)",60.240835702340384,28.4489329062197,0.3487153821482727,31.161601152651187,297.01088869152693
"(57, 941.0898017244339)",60.105768451311235,28.717374902988283,0.3520058343348748,32.101561662083974,299.1675391779673
"(58, 941.0898017244339)",59.96999600273381,28.98796342840975,0.35532259779163805,33.05791787236349,301.3325552315799
"(59, 941.0898017244339)",59.833475833379545,29.26071314743082,0.3586658522754774,34.030808218236835,303.5059675850173
"(60, 941.0898017244339)",59.696165869358495,29.535639550822584,0.3620357876659389,35.02037592205767,305.68781170963
"(61, 941.0898017244339)",59.558024753836825,29.81275871133648,0.36543260097622265,36.02676879962385,307.8781251967337
"(62, 941.0898017244339)",59.419012087464566,30.092087061313,0.3688564936272395,37.05013906256072,310.076945389868
"(63, 941.0898017244339)",59.2790886432813,30.373641190299683,0.3723076689668792,38.090643117849005,312.2843072506775
"(64, 941.0898017244339)",59.13821655786842,30.657437661252455,0.37578633001708095,39.14844136509156,314.5002414414358
"(65, 941.0898017244339)",58.996359500429996,30.9434928439668,0.3792926774320981,40.223697992057005,316.72477260804584
"(66, 941.0898017244339)",58.85348282140093,31.231822764456272,0.3828269076522504,41.316580768992104,318.95791784824235
"(67, 941.0898017244339)",58.70955368210769,31.52244296906189,0.38638921123822856,42.42726084218677,321.1996853504582
"(68, 941.0898017244339)",58.56454116693195,31.815368402143978,0.3899797713718867,43.55591252720956,323.45007318969937
"(69, 941.0898017244339)",58.41841637926208,32.1106132963225,0.39359876251085657,44.70271310220673,325.70906826811785
"(70, 941.0898017244339)",58.27115252254589,32.408191074246254,0.3972463491844798,45.86784260164921,327.97664538812813
"(71, 941.0898017244339)",58.122724967517804,32.70811426102455,0.4009226849204203,47.051483610821094,330.25276644776494
"(72, 941.0898017244339)",57.97311130672237,33.010394406456065,0.40462791129138725,48.253821061406,332.53737974797747
"(73, 941.0898017244339)",57.82229139726246,33.31504201631819,0.4083621570729,49.47504202841939,334.8304194030782
"(74, 941.0898017244339)",57.67024739267994,33.622066492014284,0.41212553750351916,50.71533552878251,337.13180484598007
"(75, 941.0898017244339)",57.5169637647692,33.93147607795828,0.41591815363989537,51.974892321758816,339.44144042080296
"(76, 941.0898017244339)",57.36242731607294,34.24327781612378,0.41974009179966065,53.25390471151678,341.75921505602156
"(77, 941.0898017244339)",57.206627183756694,34.55747750723554,0.42359142308572684,54.55256635203584,344.0850020118816
"(78, 941.0898017244339)",57.049554835189106,34.87407967828608,0.42747220298811445,55.871072054556095,346.41865869823545
"(79, 941.0898017244339)",56.89120405666987,35.19308755552357,0.43138247105285665,57.20961759781911,348.76002655271003
"(80, 941.0898017244339)",56.7315709343242,35.51450304328626,0.43532225062255153,58.56839954126759,351.1089309833437
"(81, 941.0898017244339)",56.57065382911175,35.83832670760859,0.4392915486354164,59.947615041430765,353.46518136309277
"(82, 941.0898017244339)",56.40845334548061,36.16455776475535,0.4432903554847502,61.34746167169311,355.82857107780427
"(83, 941.0898017244339)",56.2449722943674,36.49319407425809,0.44731864493355916,62.76813724563961,358.198877622526
"(84, 941.0898017244339)",56.08021565083062,36.82423213625452,0.45137637408196835,64.20983964419028,360.57586274370317
"(85, 941.0898017244339)",55.91419050669433,37.15766709289511,0.45546348338444553,65.67276664671142,362.9592726242764
"(86, 941.0898017244339)",55.746906018486655,37.493492733636124,0.4595798967146813,67.15711576629708,365.34883810945814
"(87, 941.0898017244339)",55.57837335099165,37.83170150422915,0.463725521475794,68.66308408953586,367.7442749706788
"(88, 941.0898017244339)",55.4086056166937,38.17228451924415,0.4679002487538143,70.1908681206231,370.1452842059173
"(89, 941.0898017244339)",55.23761781140249,38.515231577962695,0.4721039535125089,71.7406636305862,372.5515523738221
"(90, 941.0898017244339)",55.06542674629944,38.86053118350585,0.4763364948278391,73.312665511261,374.9627519603819
"(91, 941.0898017244339)",54.892050976710465,39.20817056503271,0.4805977161600605,74.90706763455678,377.3785417757303
"(92, 941.0898017244339)",54.71751072783116,39.55813570288518,0.48488744566193953,76.52406271710174,379.79856737956015
"(93, 941.0898017244339)",54.541827818295154,39.91041135666023,0.48920549652285045,78.16384219046911,382.22246153472344
"(94, 941.0898017244339)",54.36502557749491,40.26498109519121,0.49355166733627354,79.82659607717984,384.64984467707757
"(95, 941.0898017244339)",54.18712876995033,40.621827330938736,0.4979257425213459,81.51251287268346,387.08032543022154
"(96, 941.0898017244339)",54.00816350524509,40.980931354251084,0.5023274927428097,83.22177943346547,389.51350111259734
"(97, 941.0898017244339)",53.82815715551817,41.34227337175028,0.5067566753815353,84.95458087149002,391.94895828585237
"(98, 941.0898017244339)",53.64713826773197,41.705832546053756,0.511213035021408,86.71110045512452,394.3862733121184
"(99, 941.0898017244339)",53.46513647530776,42.07158703756508,0.5156963039615907,88.49151951669789,396.8250129285389
"(100, 941.0898017244339)",53.28218240864862,42.439514048014516,0.5202062027502187,90.29601736686705,399.2647348351569
"(101, 941.0898017244339)",53.09830760570005,42.80958986581166,0.5247424407403187,92.12477121588958,401.7049882968124
"(102, 941.0898017244339)",52.913544420056056,43.181789912405925,0.5293047166580693,93.97795610197252,404.14531474957766
"(103, 941.0898017244339)",52.727925931446826,43.55608879054879,0.5338927191943853,95.8557448267641,406.5852484219988
"(104, 941.0898017244339)",52.5414858542657,43.9324603332261,0.5385061276047146,97.75830789813622,409.02431695677734
"(105, 941.0898017244339)",52.35425844710747,44.31087765373401,0.5431446123228388,99.68581348030098,411.462042038294
"(106, 941.0898017244339)",52.16627842265762,44.69131319649962,0.5478078355838181,101.63842735137433,413.8979400212923
"(107, 941.0898017244339)",51.977580858262755,45.07373878851373,0.5524954520544275,103.61631286841852,416.33152255913416
"(108, 941.0898017244339)",51.788201107414245,45.45812569119209,0.5572071094688598,105.61963094003227,418.76229722946186
"(109, 941.0898017244339)",51.5981747123298,45.844444652500414,0.5619424492676436,107.6485400065041,421.18976815532534
"(110, 941.0898017244339)",51.407537317848394,46.23266595915962,0.5667011072375584,109.70319602756526,423.6134366196457
"(111, 941.0898017244339)",51.2163245867988,46.62275948877127,0.5714827141505683,111.78375247773575,426.03280167116395
"(112, 941.0898017244339)",51.024572117017755,47.01469476169263,0.5762868963996769,113.89036034926595,428.44736071989536
"(113, 941.0898017244339)",50.83231536017682,47.408440992496715,0.5811132766297165,116.02316816264633,430.85661012024957
"(114, 941.0898017244339)",50.639589542544925,47.803967140865744,0.5859614743611671,118.1823219846692,433.2600457400385
"(115, 941.0898017244339)",50.44642958782287,48.20124196176207,0.5908311066051407,120.36796545398418,435.6571635136756
"(116, 941.0898017244339)",50.252870042151464,48.600234054735154,0.5957217884677568,122.5802398140957,438.04745997795067
"(117, 941.0898017244339)",50.058945001391514,49.000911912224765,0.6006331337422633,124.81928395376389,440.4304327888681
"(118, 941.0898017244339)",49.86468804075223,49.40324396673691,0.6055647554871513,127.08523445469957,442.8055812180088
"(119, 941.0898017244339)",49.67013214683046,49.80719863675846,0.6105162665892069,129.3782256465081,445.17240662747025
"(120, 941.0898017244339)",49.47530965210827,50.212744371317896,0.6154872803095343,131.69838966876972,447.53041292164085
"(17, 941.36546778418)",64.91971994857184,20.08081728264753,0.24614244392404325,6.571943135248815,225.1380537308495
"(18, 941.36546778418)",64.83546163335608,20.215027263732647,0.24778753497179892,6.911850258006564,226.3467785118098
"(19, 941.36546778418)",64.74656780101647,20.356614477605007,0.24952305312130293,7.268394717993179,227.62399090647895
"(20, 941.36546778418)",64.65336083867973,20.505233285968266,0.25134476167971137,7.64134467343386,228.9659344802909
"(21, 941.36546778418)",64.55616903314754,20.660531563562216,0.2532483444396215,8.030490413861996,230.36875581511146
"(22, 941.36546778418)",64.45531953806871,20.82215771154736,0.25522949164628844,8.435643131055775,231.82858666487104
"(23, 941.36546778418)",64.35113288477788,20.98976610807256,0.2572839668084401,8.85663356393422,233.34160820406245
"(24, 941.36546778418)",64.24391877586825,21.163021252517257,0.25940765749671074,9.293310606605381,234.90410023958407
"(25, 941.36546778418)",64.1339730700881,21.341600751231415,0.26159661194161926,9.745539941792035,236.512477029387
"(26, 941.36546778418)",64.02157554267103,21.525197483459664,0.2638470655825756,10.213202741426652,238.16331357419787
"(27, 941.36546778418)",63.90698845520683,21.713520997645187,0.26615545818321223,10.69619446097907,239.8533629349733
"(28, 941.36546778418)",63.790455656260555,21.90629836975029,0.26851844435231503,11.194423742653797,241.57956723374357
"(29, 941.36546778418)",63.672202131185564,22.103274622969316,0.2709328986885061,11.707811434379417,243.33906347765
"(30, 941.36546778418)",63.552433895001165,22.304212813847,0.273395916835833,12.23628972532579,245.1291854171229
"(31, 941.36546778418)",63.431338150024175,22.508893864541534,0.27590481342773343,12.779801394418504,246.9474623618867
"(32, 941.36546778418)",63.30908364662518,22.717116203905565,0.2784571176875217,13.33829916523183,248.7916156845165
"(33, 941.36546778418)",63.185821199719385,22.928695265758783,0.28105056727848216,13.911745158623914,250.6595535784936
"(34, 941.36546778418)",63.06168432422107,23.14346288175903,0.2836831008618427,14.50011043331157,252.5493645119637
"(35, 941.36546778418)",62.936789960888795,23.36126659775899,0.28635284971705044,15.103374603968291,254.4593097212559
"(36, 941.36546778418)",62.811239269210155,23.581968936294643,0.2890581287015881,15.721525525912478,256.38781501607775
"(37, 941.36546778418)",62.68511847080549,23.80544662236999,0.29179742676096637,16.35455903690211,258.333462104155
"(38, 941.36546778418)",62.558499726181395,24.031589787134557,0.2945693971677671,17.002478745116917,260.29497961462204
"(39, 941.36546778418)",62.43144203373311,24.260301160343836,0.2973728476231229,17.665295854974406,262.27123395408034
"(40, 941.36546778418)",62.303992139590974,24.491495261003376,0.30020673033596107,18.343029022141508,264.2612201125297
"(41, 941.36546778418)",62.17618544900908,24.725097593815505,0.30307013217341666,19.03570423043914,266.2640525144025
"(42, 941.36546778418)",62.04804692978803,24.961043858056573,0.30596226496351253,19.743354683190326,268.27895599849387
"(43, 941.36546778418)",61.91959200784862,25.199279172758096,0.30888245599778485,20.466020708494955,270.3052569721862
"(44, 941.36546778418)",61.79082743373315,25.439757325597025,0.31183013882448185,21.20374966362582,272.3423748400884
"(45, 941.36546778418)",61.66175212406674,25.6824400469416,0.3148048443501138,21.956595840262175,274.38981372210867
"(46, 941.36546778418)",61.53235798772919,25.92729630979694,0.31780619225846957,22.724620378775377,276.44715446132784
"(47, 941.36546778418)",61.40263070117139,26.17430166338575,0.32083388284191877,23.507891165535437,278.5140470369622
"(48, 941.36546778418)",61.27255045635085,26.4234375973047,0.323887689207514,24.306482730548744,280.59020332981976
"(49, 941.36546778418)",61.142092668743146,26.674690939228714,0.3269674498942884,25.120476136635517,282.67539028330174
"(50, 941.36546778418)",61.01122864575955,26.92805328640809,0.33007306190475266,25.949958860474837,284.76942346244925
"(51, 941.36546778418)",60.87992621471768,27.183520471159166,0.33320447415316673,26.795024665140126,286.8721610138374
"(52, 941.36546778418)",60.748150310199115,27.441092060093414,0.33636168132722044,27.655773463939084,288.9834980233331
"(53, 941.36546778418)",60.61586352095539,27.700770886586003,0.33954471815727305,28.53231117566139,291.1033612661075
"(54, 941.36546778418)",60.48302659708911,27.962562615635083,0.342753654082552,29.424749571551885,293.2317043386067
"(55, 941.36546778418)",60.34959891843972,28.22647534011196,0.3459885883021662,30.333206114438607,295.3685031606182
"(56, 941.36546778418)",60.21553892544321,28.492519207196814,0.3492496451960919,31.25780379055757,297.51375183292043
"(57, 941.36546778418)",60.08080451393569,28.76070607366616,0.35253697009985063,32.19867093467716,299.66745883458617
"(58, 941.36546778418)",59.9453533955325,29.03104918860883,0.3558507254153527,33.15594104920404,301.82964354275924
"(59, 941.36546778418)",59.809143425288106,29.30356290210292,0.3591910870399876,34.129752617905,304.0003330574011
"(60, 941.36546778418)",59.67213289845915,29.578262398332235,0.3625582410952639,35.12024891495791,306.1795593126947
"(61, 941.36546778418)",59.53428081819242,29.855163451631704,0.36595238093653565,36.127577809969694,308.36735645708666
"(62, 941.36546778418)",59.395547135930144,30.13428220398435,0.36937370442561873,37.15189156959297,310.5637584842051
"(63, 941.36546778418)",59.25589296637338,30.41563496248303,0.37282241144818895,38.19334665638886,312.7687970969616
"(64, 941.36546778418)",59.115280778701695,30.699238015373382,0.3762987016589014,39.252103525463404,314.9824997882479
"(65, 941.36546778418)",58.97367456575022,30.985107465313323,0.37980277243754634,40.32832641944508,317.2048881219543
"(66, 941.36546778418)",58.83103999275342,31.273259078561818,0.3833348170404785,41.4221831622936,319.4359761989795
"(67, 941.36546778418)",58.68734452714818,31.56370814889828,0.38689502293259026,42.533844952403015,321.6757692939059
"(68, 941.36546778418)",58.54255755088814,31.8564693751231,0.3904835702857616,43.66348615542206,323.92426264867066
"(69, 941.36546778418)",58.39665045657714,32.15155675109399,0.3941006306309785,44.81128409718971,326.18144041078176
"(70, 941.36546778418)",58.24959672868614,32.44898346730463,0.39774636565191496,45.977418857133706,328.44727470423874
"(71, 941.36546778418)",58.101372010980015,32.74876182311055,0.40142092610904245,47.16207306248116,330.72172482251636
"(72, 941.36546778418)",57.951954161221735,33.050903148766835,0.4051244508839898,48.365431683570264,333.0047365336459
"(73, 941.36546778418)",57.80132329410902,33.355417736525474,0.408857066134975,49.58768183055762,335.29624148846057
"(74, 941.36546778418)",57.64946181334677,33.66231478009403,0.4126188845547011,50.82901255177679,337.59615672364595
"(75, 941.36546778418)",57.49635443364973,33.97160232183641,0.4164100047231765,52.08961463400948,339.9043842522362
"(76, 941.36546778418)",57.34198819342167,34.28328720714575,0.42023051054843097,53.369680404887845,342.22081073472066
"(77, 941.36546778418)",57.18635245876897,34.597375045486125,0.42408047078898126,54.66940353766354,344.5453072247411
"(78, 941.36546778418)",57.02943891947023,34.913870177638586,0.427959938652342,55.98897885856348,346.87772898378745
"(79, 941.36546778418)",56.87124157745621,35.232775648741274,0.4318689514645744,57.328602156923374,349.2179153599891
"(80, 941.36546778418)",56.71175672828516,35.55409318676665,0.4358075304064576,58.68846999832237,351.56568972662086
"(81, 941.36546778418)",56.550982936103765,35.87782318608832,0.43977568031205905,60.06877954091185,353.9208594761556
"(82, 941.36546778418)",56.38892100250068,36.20396469585731,0.4437733895262651,61.469728355143666,356.2832160664201
"(83, 941.36546778418)",56.22557392964149,36.532515412916624,0.4478006298179173,62.89151424709766,358.6525351154965
"(84, 941.36546778418)",56.06094687805309,36.86347167901554,0.4518573563456733,64.33433508559872,361.028576542469
"(85, 941.36546778418)",55.89504711939158,37.1968284821081,0.45594350767392766,65.79838863333863,363.4110847512881
"(86, 941.36546778418)",55.727883984510015,37.53257946154007,0.4600590058363791,67.28387238217327,365.7997888553145
"(87, 941.36546778418)",55.559468807133264,37.870716916939465,0.4642037564450211,68.7909833929164,368.19440294012446
"(88, 941.36546778418)",55.38981486341016,38.21123182065203,0.46837764884255834,70.31991813950057,370.59462636282876
"(89, 941.36546778418)",55.21893730764318,38.55411383355213,0.47258055629621765,71.87087235824828,373.00014408524873
"(90, 941.36546778418)",55.046853104448715,38.89935132408784,0.47681233623119507,73.4440409019219,375.4106270396248
"(91, 941.36546778418)",54.8735809576187,39.246931390412136,0.4810728305019278,75.03961759905819,377.82573252464863
"(92, 941.36546778418)",54.699141235939294,39.59683988546172,0.48536186569949996,76.65779511869431,380.24510463011785
"(93, 941.36546778418)",54.52355589684838,39.949061444969765,0.48967925349501457,78.29876484069766,382.6683746898448
"(94, 941.36546778418)",54.3468484038361,40.3035795173881,0.4940247910063632,79.96271673186668,385.09516175082024
"(95, 941.36546778418)",54.1690436509113,40.6603763982311,0.4983982612192045,81.64983922802296,387.5250730874154
"(96, 941.36546778418)",53.990167872595656,41.0194332642871,0.5027994334063097,83.36031912224072,389.95770470791075
"(97, 941.36546778418)",53.81024856150454,41.38073021196057,0.5072280635975482,85.09434145941685,392.3926419023529
"(98, 941.36546778418)",53.629314380686395,41.74424629695359,0.5116838950662795,86.85208943732594,394.8294597993736
"(99, 941.36546778418)",53.447395075334754,42.109959576017026,0.5161666588411354,88.6337443143287,397.2677239402541
"(100, 941.36546778418)",53.264521383378096,42.47784715045773,0.5206760742393004,90.43948532387333,399.7069908664362
"(101, 941.36546778418)",53.08072494612074,42.847885211453146,0.5252118494219689,92.26948959593565,402.14680872097045
"(102, 941.36546778418)",52.89603821641126,43.22004908638271,0.5297736819622508,94.12393208550922,404.58671785463247
"(103, 941.36546778418)",52.710494369214295,43.59431328705281,0.5343612594362913,96.00298550827483,407.02625144671316
"(104, 941.36546778418)",52.52412721019983,43.970651558601794,0.5389742600227392,97.906820283534,409.46493612640415
"(105, 941.36546778418)",52.33697108536482,44.34903692953952,0.5436123531161018,99.83560448450768,411.90229259989036
"(106, 941.36546778418)",52.149060790990276,44.72944176253932,0.5482751999493324,101.78950379606215,414.33783627870594
"(107, 941.36546778418)",51.96043148429357,45.11183780583484,0.5529624542238364,103.76868147993035,416.77107790757964
"(108, 941.36546778418)",51.77111859498487,45.49619624505018,0.5576737627447835,105.77329834747458,419.20152418973237
"(109, 941.36546778418)",51.5811577379367,45.88248775528566,0.5624087660595449,107.803512740019,421.62867840754797
"(110, 941.36546778418)",51.390584627150915,46.27068255329082,0.5671670990972236,109.85948051677305,424.05204103668126
"(111, 941.36546778418)",51.19943499121517,46.66075044954953,0.5719483918070779,111.94135505036202,426.4711103515174
"(112, 941.36546778418)",51.00774449040766,47.052660900114056,0.5767522697938906,114.04928722993449,428.88538302017895
"(113, 941.36546778418)",50.81554863560419,47.44638305802644,0.5815783549482723,116.1834254718566,431.2943546871776
"(114, 941.36546778418)",50.62288270913719,47.84188582416407,0.5864262660698933,118.34391573793245,433.69752054188274
"(115, 941.36546778418)",50.429781687711206,48.239137897368735,0.5912956194819668,120.53090156114017,436.0943758712381
"(116, 941.36546778418)",50.23628016750788,48.63810782370322,0.5961860296349867,122.74452407879289,438.4844165949394
"(117, 941.36546778418)",50.04241229155843,49.03876404470396,0.6010971096982424,124.98492207309995,440.8671397817046
"(118, 941.36546778418)",49.84821167945898,49.44107494450666,0.6060284721373843,127.2522320190242,443.2420441451166
"(119, 941.36546778418)",49.65371135951359,49.84500889570692,0.6109797292766092,129.54658813937968,445.60863051774714
"(120, 941.36546778418)",49.45894370331768,50.250534303864065,0.6159504938442075,131.8681224670594,447.9664023024897
"(17, 941.6321608143868)",64.87106951595618,20.14273645087167,0.246901423759464,6.637688862684351,225.85263230008832
"(18, 941.6321608143868)",64.78764014446256,20.276240687012937,0.24853786407419953,6.978033563584797,227.05321242879606
"(19, 941.6321608143868)",64.69958950692126,20.417112301748666,0.2502646107022135,7.335039701956429,228.32216644894018
"(20, 941.6321608143868)",64.60723457016893,20.56501029298464,0.2520774837791348,7.70847431372184,229.65579142987843
"(21, 941.6321608143868)",64.51089874985415,20.719586652101928,0.2539722175576691,8.098126544049954,231.05028146159955
"(22, 941.6321608143868)",64.41090489623633,20.880493372829246,0.2559445463193009,8.503806441220743,232.50180975808053
"(23, 941.6321608143868)",64.30756979182227,21.04738792191618,0.257990271431562,8.925343619370798,234.0065931378211
"(24, 941.6321608143868)",64.20119995019094,21.219937394989262,0.26010531228882355,9.362585880075615,235.5609413697502
"(25, 941.6321608143868)",64.09208850325315,21.39782157863192,0.26228574384601355,9.815397855729726,237.1612938728008
"(26, 941.6321608143868)",63.98051297877128,21.5807351220742,0.26452782323829965,10.28365971717748,238.8042460742288
"(27, 941.6321608143868)",63.8667337932046,21.768388996772195,0.2668280076720225,10.767265972714279,240.48656745729005
"(28, 941.6321608143868)",63.75099331153514,21.960511394638367,0.26918296543483283,11.266124374176897,242.20521302264916
"(29, 941.6321608143868)",63.63351535176512,22.156848189145215,0.27158958154770707,11.780154937352096,243.95732959009044
"(30, 941.6321608143868)",63.51450503535331,22.357163059633685,0.27404495928868067,12.309289077851785,245.74025809743924
"(31, 941.6321608143868)",63.39414890590802,22.56123735815831,0.2765464185606756,12.85346885913646,247.55153281563233
"(32, 941.6321608143868)",63.27261525491224,22.768869781340374,0.27909149186922344,13.412646346266353,249.38887820746137
"(33, 941.6321608143868)",63.15005460714202,22.979875895666066,0.2816779185037575,13.98678305696575,251.2502039974262
"(34, 941.6321608143868)",63.026600328841646,23.19408755384599,0.2843036373835883,14.575849500234797,253.13359889666336
"(35, 941.6321608143868)",62.902369329932874,23.411352231351547,0.28696677892543737,15.179824792257014,255.037323329247
"(36, 941.6321608143868)",62.7774628365326,23.631532306120775,0.28966565621435814,15.798696338686769,256.95980143615657
"(37, 941.6321608143868)",62.65196721695676,23.8545042989165,0.29239875569237467,16.43245957395891,258.8996125680898
"(38, 941.6321608143868)",62.5259548436974,24.08015808925558,0.2951647275476401,17.08111774667505,260.8554824501991
"(39, 941.6321608143868)",62.3994849799212,24.308396118117464,0.29796237594161706,17.74468174279668,262.8262741564968
"(40, 941.6321608143868)",62.27260467879537,24.539132587112334,0.30079064919272025,18.423169938035215,264.81097901406815
"(41, 941.6321608143868)",62.14534968604341,24.772292661984434,0.3036486300132592,19.11660807211875,266.80870753559475
"(42, 941.6321608143868)",62.01774533597044,25.0078116873062,0.30653552588344757,19.825029137589468,268.8186804664157
"(43, 941.6321608143868)",61.88980744090465,25.24563441642582,0.30945065961244106,20.54847328254447,270.84021999375574
"(44, 941.6321608143868)",61.761543152494426,25.48571426428556,0.31239346017963454,21.286987712587724,272.8727412206446
"(45, 941.6321608143868)",61.632951798895085,25.72801258463226,0.31536345387506964,22.04062659365393,274.9157439206161
"(46, 941.6321608143868)",61.50402570741583,25.972497972552336,0.31836025575018845,22.80945096407251,276.9688045753982
"(47, 941.6321608143868)",61.37475097683882,26.219145600143033,0.32138356147467906,23.59352862966618,279.0315688119592
"(48, 941.6321608143868)",61.24510822290656,26.46793658234429,0.3244331395632322,24.39293405932226,281.1037441873996
"(49, 941.6321608143868)",61.11507328429912,26.718857375986648,0.3275088240091895,25.207748272181494,283.1850933653704
"(50, 941.6321608143868)",60.984617889367655,26.97189921235092,0.33061050732920183,26.03805871686242,285.2754276874746
"(51, 941.6321608143868)",60.853710282728485,27.2270575634931,0.3337381340215653,26.8839591422232,287.37460114266474
"(52, 941.6321608143868)",60.72231581146152,27.484331642130748,0.3368916944361068,27.745549459571812,289.4825047327196
"(53, 941.6321608143868)",60.59039747111027,27.74372393459535,0.3400712190492535,28.622935596391034,291.5990612277402
"(54, 941.6321608143868)",60.45791641211026,28.00523976605859,0.3432767731347847,29.51622934188969,293.7242203024077
"(55, 941.6321608143868)",60.32483240755385,28.268886897055275,0.34650845181816087,30.425548184808306,295.8579540411743
"(56, 941.6321608143868)",60.19110428360329,28.53467515007914,0.3497663754994915,31.351015144022515,298.0002527977799
"(57, 941.6321608143868)",60.056690313910984,28.802616064984406,0.3530506856295888,32.29275859253857,300.1511213938519
"(58, 941.6321608143868)",59.92154857972937,29.0727225817437,0.3563615408213431,33.25091207557067,302.31057563917494
"(59, 941.6321608143868)",59.785637297377534,29.34500874912076,0.35969911327875037,34.22561412330247,304.4786391563861
"(60, 941.6321608143868)",59.648915114880644,29.61948945774046,0.3630635855250133,35.21700805906795,306.65534049186925
"(61, 941.6321608143868)",59.511341379571654,29.89618019606726,0.36645514741137986,36.22524180357076,308.84071049496146
"(62, 941.6321608143868)",59.37287637849144,30.17509682778825,0.3698739933884409,37.250467675780506,311.0347799476233
"(63, 941.6321608143868)",59.23348155335685,30.45625538915875,0.3733203200220527,38.292842191120556,313.2375774271633
"(64, 941.6321608143868)",59.093119691837536,30.739671904900554,0.3767943237367024,39.35252585751202,315.44912738527466
"(65, 941.6321608143868)",58.951755096816825,31.025362221305112,0.3802961987697482,40.42968296980479,317.66944842725076
"(66, 941.6321608143868)",58.809353735233,31.313341855260603,0.3838261353208574,41.52448140309083,319.8985517761234
"(67, 941.6321608143868)",58.66588336801182,31.60362585799574,0.38738431788183364,42.63709240535929,322.136439907319
"(68, 941.6321608143868)",58.52131366251478,31.896228692404794,0.3909709237329205,43.76769038992817,324.3831053402985
"(69, 941.6321608143868)",58.37561628883303,32.19116412289829,0.39458612159263107,44.91645272800546,326.6385295746321
"(70, 941.6321608143868)",58.22876500115561,32.48844511680366,0.39823007040915964,46.08355954177146,328.9026821588709
"(71, 941.6321608143868)",58.08073570537168,32.788083756404205,0.4019029182821946,47.269193498308326,331.1755198813625
"(72, 941.6321608143868)",57.93150651393432,33.09009116080177,0.4056048015051343,48.47353960464557,333.45698607332446
"(73, 941.6321608143868)",57.78105778898653,33.39447741682745,0.40933584371823173,49.69678500424906,335.74701001492963
"(74, 941.6321608143868)",57.629372174600284,33.70125151832895,0.41309615516439097,50.9391187751812,338.04550643637947
"(75, 941.6321608143868)",57.47643461895203,34.01042131320103,0.41688583203989743,52.200731730194505,340.35237510643765
"(76, 941.6321608143868)",57.32223238714429,34.32199345758965,0.42070495593306295,53.481816218988214,342.6675005015832
"(77, 941.6321608143868)",57.16675506553945,34.635973376784285,0.42455359334486936,54.78256593285442,344.99075154998735
"(78, 941.6321608143868)",57.009994557601445,34.95236523228222,0.42843179528524716,56.1031757119147,347.32198144411956
"(79, 941.6321608143868)",56.85194507281686,35.2711718947141,0.43233959694121316,57.44384135517148,349.6610275182041
"(80, 941.6321608143868)",56.6926031081939,35.59239492215864,0.4362770174110559,58.80475943357625,352.00771118485216
"(81, 941.6321608143868)",56.53196742339169,35.91603454358297,0.4402440595013622,60.18612710630117,354.36183792766394
"(82, 941.6321608143868)",56.37003900972075,36.242089647089834,0.4442407095829537,61.588141940425224,356.7231973458879
"(83, 941.6321608143868)",56.20682105341326,36.57055777271334,0.44826693750256985,63.01100173424246,359.09156324795003
"(84, 941.6321608143868)",56.042318893540994,36.90143510951869,0.4523226965473325,64.4549043443697,361.46669379088513
"(85, 941.6321608143868)",55.87653997490261,37.2347164967979,0.45640792345939574,65.92004751687014,363.84833166300797
"(86, 941.6321608143868)",55.70949379621795,37.57039542915383,0.4605225384982624,67.40662872256975,366.2362043072757
"(87, 941.6321608143868)",55.541191853900855,37.90846406530602,0.4646664455487225,68.9148449968791,368.6300241831051
"(88, 941.6321608143868)",55.371647581736916,38.24891324043156,0.4688395322721281,70.44489278399564,371.0294890646148
"(89, 941.6321608143868)",55.20087628670013,38.59173248190425,0.4730416702993076,71.99696778622666,373.4342823729571
"(90, 941.6321608143868)",55.028895081216056,38.936910028263185,0.47727271546308697,73.57126481809566,375.8440735411609
"(91, 941.6321608143868)",54.85572281211476,39.28443285127718,0.48153250806873815,75.16797766575534,378.2585184093817
"(92, 941.6321608143868)",54.68137998652735,39.63428668096619,0.4858208732006814,76.78729895179896,380.6772596488909
"(93, 941.6321608143868)",54.50588869502389,39.986456033421355,0.4901376210634977,78.42942000566867,383.09992721277575
"(94, 941.6321608143868)",54.32927253218839,40.340924241314724,0.49448254735589686,80.09453073986967,385.52613881186585
"(95, 941.6321608143868)",54.15155651494324,40.69767348693022,0.49885543367560564,81.78281953215898,387.95550041379954
"(96, 941.6321608143868)",53.97276699884683,41.0566848375904,0.5032560479536082,83.49447311389937,390.3876067635654
"(97, 941.6321608143868)",53.792931592629486,41.4179382833291,0.5076841449159232,85.22967646475102,392.82204192363395
"(98, 941.6321608143868)",53.612079071229516,41.78141277665874,0.51213946657106,86.98861271384872,395.258379831786
"(99, 941.6321608143868)",53.43023928757505,42.147086274286096,0.5166217427213452,88.77146304765884,397.6961848747356
"(100, 941.6321608143868)",53.24744308323841,42.51493578058715,0.5211306914958281,90.57840662461604,400.1350124752962
"(101, 941.6321608143868)",53.063722199152096,42.884937392886606,0.5256660199052918,92.4096204967093,402.5744096934091
"(102, 941.6321608143868)",52.87910918384389,43.25706634775827,0.530227424409786,94.2652795381293,405.0139158319044
"(103, 941.6321608143868)",52.69363730407691,43.63129706922028,0.5348145915093889,96.14555638109134,407.4530630569581
"(104, 941.6321608143868)",52.507340453507766,44.00760321760993,0.5394271983432916,98.05062135893243,409.891377019112
"(105, 941.6321608143868)",52.320253062384,44.38595773959062,0.5440649133027576,99.98064245656927,412.3283774799984
"(106, 941.6321608143868)",52.13241000756824,44.766332918914905,0.5487273966533632,101.93578526838934,414.76357894037017
"(107, 941.6321608143868)",51.943846523265364,45.148700427789635,0.553414301164612,103.91621296365122,417.1964912675662
"(108, 941.6321608143868)",51.75459811265556,45.5330313786726,0.558125272744822,105.92208625939747,419.62662032042834
"(109, 941.6321608143868)",51.56470046063658,45.919296376326294,0.5628599510792036,107.95356340097642,422.0534685696141
"(110, 941.6321608143868)",51.37418934787416,46.307465569953735,0.5676179702688927,110.01080015012609,424.47653571124766
"(111, 941.6321608143868)",51.183100566333536,46.69750870524889,0.5723989594689851,112.093949780674,426.895319272013
"(112, 941.6321608143868)",50.991469836467765,47.08939517619166,0.5772025435234018,114.20316308181924,429.3093152036818
"(113, 941.6321608143868)",50.799332726210146,47.48309407642782,0.5820283435947008,116.33858836899107,431.71801846530536
"(114, 941.6321608143868)",50.60672457191119,47.87857425007577,0.5868759777868294,118.5003715022404,434.12092359122784
"(115, 941.6321608143868)",50.41368040135016,48.275804341806996,0.5917450617589924,120.68865591212817,436.5175252432346
"(116, 941.6321608143868)",50.22023485892037,48.67475284605963,0.5966352093288946,122.90358263306334,438.9073187452477
"(117, 941.6321608143868)",50.02642213309338,49.07538815524191,0.6015460330636303,125.14529034400756,441.28980059902125
"(118, 941.6321608143868)",49.83227588622439,49.47767860680684,0.6064771448566428,127.41391541649611,443.6644689794043
"(119, 941.6321608143868)",49.63782918678549,49.881592529062296,0.6114281564892513,129.70959196987874,446.03082420785205
"(120, 941.6321608143868)",49.44311444403927,50.287098285619884,0.6163986801755865,132.03245193370068,448.388369203173
"(17, 941.8888691570412)",64.82449001463591,20.202179392692038,0.2476300510241746,6.701164080702961,226.53882464775725
"(18, 941.8888691570412)",64.74184655156007,20.335013321659588,0.24925827498796646,7.041927812588833,227.7316669438617
"(19, 941.8888691570412)",64.6545957781617,20.4752049068028,0.25097668609141016,7.399376149089527,228.99277089833052
"(20, 941.8888691570412)",64.56304952189592,20.62241755267287,0.252781158485187,7.773275060073932,230.31848444974568
"(21, 941.8888691570412)",64.46752656988173,20.776307171616512,0.2546674744835923,8.163412601837154,231.70504695059324
"(22, 941.8888691570412)",64.36834567436365,20.936529186623083,0.2566314104025877,8.569597733013676,233.14867120125618
"(23, 941.8888691570412)",64.26582004545617,21.10274401595204,0.2586688037881036,8.991658994565787,234.64560809161566
"(24, 941.8888691570412)",64.16025312786765,21.27462125637552,0.2607756046925336,9.429443144482391,236.19219626311167
"(25, 941.8888691570412)",64.05193545471515,21.451842780965787,0.26294791364612835,9.882813810849322,237.78489922050585
"(26, 941.8888691570412)",63.94114238490247,21.6341049508794,0.26518200876815323,10.35165020637408,239.42033215305432
"(27, 941.8888691570412)",63.828132552825686,21.821120116412022,0.2674743641662015,10.835845932058866,241.09528046094331
"(28, 941.8888691570412)",63.71314688449529,22.012617556119054,0.2698216614475401,11.335307886166568,242.806711688731
"(29, 941.8888691570412)",63.59640805967852,22.208343976776764,0.27222079584745484,11.849955286150596,244.55178227563843
"(30, 941.8888691570412)",63.47812032253691,22.4080636736471,0.2746688781936801,12.379718804978872,246.32784026949952
"(31, 941.8888691570412)",63.3584695636902,22.61155842996886,0.27716323367442786,12.924539818778692,248.13242491873692
"(32, 941.8888691570412)",63.23762361292536,22.818627217917452,0.2797013981728434,13.484369759612047,249.96326386705073
"(33, 941.8888691570412)",63.11573269522837,23.02908574953558,0.28228111276254253,14.059169565086455,251.818268519216
"(34, 941.8888691570412)",62.992930013176206,23.242765915378758,0.2849003168267204,14.648909215159321,253.6955280232431
"(35, 941.8888691570412)",62.869332426683506,23.459515140275816,0.2875571401613497,15.253567345991996,255.59330221861444
"(36, 941.8888691570412)",62.74504120618423,23.679195679437708,0.29024989434713816,15.873130930000434,257.5100138295762
"(37, 941.8888691570412)",62.62014284205487,23.901683872743174,0.2929770636088982,16.507595012783938,259.4442401187517
"(38, 941.8888691570412)",62.49470989248037,24.12686937239787,0.29573729534852883,17.15696249607706,261.39470418731065
"(39, 941.8888691570412)",62.36880185801353,24.354654355466828,0.2985293904924954,17.82124395843753,263.3602660626797
"(40, 941.8888691570412)",62.242466070806195,24.584952731238392,0.3013522937760858,18.500457505140393,265.33991369749754
"(41, 941.8888691570412)",62.11573858867878,24.817689351532422,0.30420508406361424,19.194628639944423,267.3327539805559
"(42, 941.8888691570412)",61.988645084045096,25.052799230998545,0.3070869647912733,19.90379015140798,269.33800384871256
"(43, 941.8888691570412)",61.861201727386266,25.290226781711407,0.3099972545850001,20.627982013267943,271.35498154958526
"(44, 941.8888691570412)",61.733416043574145,25.52992506976628,0.3129353781481971,21.367251283996712,273.3830981592397
"(45, 941.8888691570412)",61.605287744853875,25.771855095610366,0.3159008574402833,22.121652007337673,275.4218493728305
"(46, 941.8888691570412)",61.476809550090614,26.015985099093694,0.3188933031583323,22.891245122256233,277.47080757129885
"(47, 941.8888691570412)",61.347967954145126,26.262289897196386,0.32191240661920634,23.676098355890495,279.52961428229537
"(48, 941.8888691570412)",61.21874397096842,26.510750251525653,0.32495793200654627,24.47628611713835,281.5979729841182
"(49, 941.8888691570412)",61.08911383757772,26.761352268684234,0.32802970902077316,25.291889381981736,283.6756422975075
"(50, 941.8888691570412)",60.959049679117996,27.014086833905957,0.3311276259368107,26.12299557089465,285.76242956938376
"(51, 941.8888691570412)",60.82852013408544,27.26894907821752,0.3342516230727744,26.96969841795274,287.85818485196836
"(52, 941.8888691570412)",60.69749093938625,27.525937878988966,0.3374016866679271,27.83209783145689,289.9627952758753
"(53, 941.8888691570412)",60.56592547541213,27.78505539339038,0.34057784316397754,28.710299746194934,292.07617981146797
"(54, 941.8888691570412)",60.43378527169962,28.0463066240083,0.3437801538805855,29.60441596762258,294.1982844095958
"(55, 941.8888691570412)",60.301030474092,28.309699015644775,0.3470087100730888,30.51456400840168,296.3290775099835
"(56, 941.8888691570412)",60.16762027464937,28.575242082116887,0.3502636283579626,31.44086691782906,298.4685459030945
"(57, 941.8888691570412)",60.033513305706016,28.842947061773,0.3535450464902885,32.38345310474933,300.6166909300621
"(58, 941.8888691570412)",59.89866799966789,29.112826600329115,0.3568531194760705,33.34245615462509,302.7735250038535
"(59, 941.8888691570412)",59.76304291628689,29.38489445954708,0.3601880160013773,34.31801464139879,304.9390684340567
"(60, 941.8888691570412)",59.62659703912191,29.65916525030092,0.36354991516030455,35.31027193481928,307.11334653765823
"(61, 941.8888691570412)",59.489290043085425,29.93565418847854,0.36693900346299174,36.319376003894725,309.2963870174742
"(62, 941.8888691570412)",59.35108253477645,30.214376872297297,0.3703554721060047,37.34547921709216,311.4882175909548
"(63, 941.8888691570412)",59.21193626745033,30.49534907954254,0.3737995144869804,38.388738139889696,313.68886385170333
"(64, 941.8888691570412)",59.07181433233348,30.778586583341024,0.3772713239464563,39.44931333023649,315.89834734707097
"(65, 941.8888691570412)",58.93068132793735,31.064104985132076,0.38077109172049445,40.52736913245879,318.1166838558497
"(66, 941.8888691570412)",58.788503508995305,31.351919563542456,0.3842990050882488,41.62307347009727,320.34388185064944
"(67, 941.8888691570412)",58.64524891649108,31.642045137979174,0.3878552456999508,42.73659763813847,322.5799411308146
"(68, 941.8888691570412)",58.50088749023342,31.934495945790648,0.3914399880711913,43.86811609505469,324.8248516121654
"(69, 941.8888691570412)",58.35539116527611,32.229285531955995,0.3950533982307893,45.01780625501535,327.07859226122895
"(70, 941.8888691570412)",58.20873395344809,32.52642665030891,0.39869563251001255,46.18584828067692,329.3411301620301
"(71, 941.8888691570412)",58.06089201108187,32.82593117542111,0.4023668364625103,47.372424876803,331.61241970516693
"(72, 941.8888691570412)",57.9118436940536,33.12781002428708,0.4060671439043329,48.57772108509941,333.89240188878216
"(73, 941.8888691570412)",57.76156960105794,33.43207308707448,0.40979667606510783,49.80192408045838,336.1810037228204
"(74, 941.8888691570412)",57.61005260600813,33.738729166247985,0.4135555408418502,51.04522296894162,338.47813772821723
"(75, 941.8888691570412)",57.45727788037485,34.04778592343908,0.4173438321477023,52.30780858770371,340.78370152356166
"(76, 941.8888691570412)",57.303232906164915,34.35924983349571,0.42116162934870127,53.589873307103794,343.0975774924813
"(77, 941.8888691570412)",57.1479074804111,34.67312614522756,0.42500899678261134,54.891610835224625,345.41963252591773
"(78, 941.8888691570412)",56.99129371116144,34.98941884832292,0.4288859833533973,56.21321602501264,347.74971783302436
"(79, 941.8888691570412)",56.83338600655806,35.3081306461371,0.4327926221976834,57.554884684242175,350.08766881704435
"(80, 941.8888691570412)",56.674181056474744,35.62926293387448,0.43672893041731625,58.91681338850936,352.4333050104208
"(81, 941.8888691570412)",56.513677807784646,35.95281578190451,0.4406949088748508,60.29919929745516,354.78643006594336
"(82, 941.8888691570412)",56.35187743349722,36.27878792388737,0.44469054204801617,61.70223997441939,357.1468318000182
"(83, 941.8888691570412)",56.18878329615221,36.6071767494597,0.44871579794004496,63.12613320971808,359.5142822849303
"(84, 941.8888691570412)",56.024400905863224,36.93797830122664,0.452770628042809,64.57107684774638,361.8885379870183
"(85, 941.8888691570412)",55.85873787332076,37.27118727585857,0.45685496735026304,66.03726861810257,364.26933994821366
"(86, 941.8888691570412)",55.691803858094666,37.606797029083715,0.4609687344196418,67.52490597092526,366.65641400834363
"(87, 941.8888691570412)",55.5236105125192,37.94479958440418,0.4651118314782993,69.03418591673766,369.049471065918
"(88, 941.8888691570412)",55.35417142145681,38.28518564536371,0.46928414457407386,70.56530487069315,371.4482073755107
"(89, 941.8888691570412)",55.18350203822848,38.627944611203176,0.4734855437671981,72.11845850194281,373.85230487915015
"(90, 941.8888691570412)",55.01161961695254,38.97306459576812,0.47771588336205345,73.69384158780468,376.26143157043686
"(91, 941.8888691570412)",54.83854314158487,39.3205324495092,0.48197500217684297,75.29164787324737,378.6752418890617
"(92, 941.8888691570412)",54.664293251912476,39.67033378443816,0.4862627238494915,76.91206993577434,381.0933771440458
"(93, 941.8888691570412)",54.48889216674626,40.02245300190601,0.49057885717814204,78.55529905592599,383.51546596394786
"(94, 941.8888691570412)",54.312363604589194,40.376873323054724,0.49492319649441596,80.22152509358467,385.9411247721289
"(95, 941.8888691570412)",54.1347327020297,40.73357682180499,0.4992955220677615,81.9109363702722,388.3699582853062
"(96, 941.8888691570412)",53.956025930101944,41.09254446024444,0.5036956005392436,83.62371955761148,390.80156003367335
"(97, 941.8888691570412)",53.77627100890142,41.453756126256565,0.5081231853827605,85.36005957213885,393.23551290050307
"(98, 941.8888691570412)",53.59549682067857,41.81719067325649,0.5125780173921276,87.1201394766038,395.67138967962546
"(99, 941.8888691570412)",53.413733321691794,42.182825961870236,0.5170598251919541,88.90414038796068,398.1087536486265
"(100, 941.8888691570412)",53.23101145292807,42.5506389033773,0.5215683257701484,90.71224139213594,400.54715915564043
"(101, 941.8888691570412)",53.047363050879774,42.92060550496181,0.5261032250325904,92.54461946576659,402.9861522200525
"(102, 941.8888691570412)",52.86282075584938,43.2927009159808,0.5306642183702609,94.40144940498541,405.42527113788475
"(103, 941.8888691570412)",52.67741792265277,43.66689947613201,0.5352509912496732,96.28290376139547,407.86404710194466
"(104, 941.8888691570412)",52.4911885293481,44.043174764297994,0.5398632198115778,98.1891527853234,410.3020048224828
"(105, 941.8888691570412)",52.30416708699005,44.421499648528986,0.5445005714836322,100.12036437643587,412.7386631536451
"(106, 941.8888691570412)",52.11638854973656,44.8018463367705,0.5491627056021993,102.0767040417927,415.17353572108385
"(107, 941.8888691570412)",51.927888225637695,45.18418642820218,0.5538492740416461,104.05833486139377,417.60613154914046
"(108, 941.8888691570412)",51.73870168834145,45.56849096500315,0.558559921848846,106.0654174612775,420.03595568537736
"(109, 941.8888691570412)",51.548864689908385,45.954730484374224,0.5632942878808599,108.0981099941896,422.4625098205343
"(110, 941.8888691570412)",51.358413074940835,46.342875070638044,0.5680520054435523,110.15656812783396,424.8852929017829
"(111, 941.8888691570412)",51.167382696185705,46.73289440725729,0.5728327029292092,112.24094504074371,427.3038017374205
"(112, 941.8888691570412)",50.97580933180262,47.12475782859188,0.5776360044509598,114.35139142571829,429.7175315909878
"(113, 941.8888691570412)",50.783728604439276,47.5184343712393,0.5824615304720799,116.48805550084579,432.12597676298105
"(114, 941.8888691570412)",50.59117590224487,47.91389282480279,0.5873088984282968,118.65108302805429,434.5286311584417
"(115, 941.8888691570412)",50.39818630196807,48.311101781928016,0.5921777233411057,120.84061733916113,436.9249888385841
"(116, 941.8888691570412)",50.20479449422309,48.710029687473686,0.5970676184204942,123.05679936936076,439.31454455500636
"(117, 941.8888691570412)",50.011034711041845,49.110644886668524,0.6019781956552203,125.2997676980831,441.6967942648083
"(118, 941.8888691570412)",49.81694065576655,49.512915672135435,0.6069090663892378,127.56965859716222,444.0712356253526
"(119, 941.8888691570412)",49.62254543536493,49.916810329655824,0.6118598418825735,129.8666060862231,446.43736846716007
"(120, 941.8888691570412)",49.42788149519881,50.32229718255977,0.6168301338556965,132.1907419951978,448.7946952441305
"(17, 942.1346190294705)",64.7801252725077,20.25894145803695,0.24832581720189262,6.7621046613513,227.19424452333575
"(18, 942.1346190294705)",64.69822337776141,20.391141810295423,0.24994627504155706,7.103267572831204,228.37977104128143
"(19, 942.1346190294705)",64.61172773834909,20.530690304091884,0.25165680339433694,7.461137238127604,229.6334493539704
"(20, 942.1346190294705)",64.52094533248687,20.67725451157873,0.25345332749566274,7.8354786194661665,230.95167552241165
"(21, 942.1346190294705)",64.42619057132089,20.830494060630297,0.2553316752032518,8.226078742251676,232.33073180152044
"(22, 942.1346190294705)",64.32777832464257,20.9900676305074,0.2572876627471047,8.632745532062875,233.7668685911635
"(23, 942.1346190294705)",64.22601841076235,21.155638448207473,0.25931716210151473,9.055306511170889,235.25636921314313
"(24, 942.1346190294705)",64.12121135385793,21.326878496352755,0.2614161525636512,9.49360744588765,236.79559985781782
"(25, 942.1346190294705)",64.01364520756577,21.503471643638896,0.26358075912529744,9.947511009012219,238.38104707299854
"(26, 942.1346190294705)",63.90359325562447,21.685115893604213,0.2658072800373668,10.416895501069627,240.00934501219473
"(27, 942.1346190294705)",63.79131242172963,21.871524924204433,0.26809220568136033,10.901653658576665,241.6772944058022
"(28, 942.1346190294705)",63.67704224514971,22.062429065020282,0.2704322305475937,11.40169156536629,243.3818749348808
"(29, 942.1346190294705)",63.561004303468046,22.257575833526204,0.2728242598085403,11.916927678654814,245.1202523980616
"(30, 942.1346190294705)",63.44340198601434,22.456730129081137,0.2752654116967293,12.447291960761847,246.88978182012656
"(31, 942.1346190294705)",63.324420541679444,22.659674163065393,0.2777530166483438,12.992725131634383,248.68800739263915
"(32, 942.1346190294705)",63.20422734062568,22.866207187251664,0.2802846139737194,13.55317801819971,250.51265998775264
"(33, 942.1346190294705)",63.082972302708946,23.076145068901692,0.28285794664909514,14.128611003158037,252.3616528025455
"(34, 942.1346190294705)",62.96078845554613,23.289319750491792,0.28547095469406925,14.718993560151066,254.23307558452507
"(35, 942.1346190294705)",62.837792593105284,23.505578623644922,0.2881217674976058,15.324303865678864,256.1251877897757
"(36, 942.1346190294705)",62.714086010555015,23.724783840824834,0.2908086953809733,15.944528477074108,258.03641095613654
"(37, 942.1346190294705)",62.58975529801704,23.946811582831746,0.2935302206190705,16.57966206718758,259.9653205093968
"(38, 942.1346190294705)",62.46487317502597,24.171551297635553,0.29628498811036125,17.22970720504344,261.91063719246296
"(39, 942.1346190294705)",62.33949935372272,24.398904922283077,0.29907179583924376,17.894674174165875,263.87121826129965
"(40, 942.1346190294705)",62.21368141847514,24.628786098090906,0.30188958525633913,18.574580820088975,265.8460485743569
"(41, 942.1346190294705)",62.08745571185562,24.861119387463354,0.30473743167842904,19.26945241976274,267.8342316786133
"(42, 942.1346190294705)",61.96084821673432,25.09583949959486,0.30761453479754,19.979321565524273,269.8349809838838
"(43, 942.1346190294705)",61.83387543407413,25.3328905295092,0.3105202093533288,20.70422806319139,271.8476110768585
"(44, 942.1346190294705)",61.70654523442844,25.572225218328036,0.3134538760658164,21.444218829374883,273.87152928120383
"(45, 942.1346190294705)",61.578857686903135,25.81380423660349,0.31641505285071164,22.199347789821612,275.90622748287336
"(46, 942.1346190294705)",61.450805875083624,26.057595491831357,0.31940334633123196,22.969675787330488,277.9512742251828
"(47, 942.1346190294705)",61.322376663580584,26.303573468176847,0.32241844374469,23.755270472674695,280.0063071928036
"(48, 942.1346190294705)",61.19355143878631,26.551718595594277,0.32546010520949803,24.556206196305656,282.07102603453615
"(49, 942.1346190294705)",61.0643068108863,26.802016651515768,0.32852815639121286,25.372563891850696,284.1451855702389
"(50, 942.1346190294705)",60.93461527729834,27.054458195534526,0.33162248157320695,26.204430951839203,286.2285893867417
"(51, 942.1346190294705)",60.80444584653469,27.30903803741244,0.3347430171356612,27.05190109519371,288.3210838266879
"(52, 942.1346190294705)",60.6737646221419,27.56575473829188,0.33788974544164385,27.915074226356403,290.4225523692715
"(53, 942.1346190294705)",60.54253534684727,27.824610144671677,0.3410626891247839,28.794056286143825,292.5329103976012
"(54, 942.1346190294705)",60.41071990745647,28.08560895442122,0.3442619057696443,29.688959094620536,294.6521003440228
"(55, 942.1346190294705)",60.2782788013966,28.348758313876093,0.34748748297307835,30.599900186425106,296.7800872019257
"(56, 942.1346190294705)",60.14517156613844,28.614067444844903,0.35073953377224976,31.527002639070282,298.91685439002237
"(57, 942.1346190294705)",60.011357172845806,28.88154730027686,0.3540181924239254,32.47039489482798,301.06239995398874
"(58, 942.1346190294705)",59.87679438588266,29.151210247174816,0.35732361051776895,33.43021057682634,303.2167330885668
"(59, 942.1346190294705)",59.74144208984086,29.423069775321014,0.3606559534060118,34.406588300057166,305.37987096282626
"(60, 942.1346190294705)",59.605259585867465,29.69714023032294,0.36401539693124363,35.39967147787831,307.5518358308004
"(61, 942.1346190294705)",59.46820685906816,29.97343656949944,0.3674021244341595,36.40960812474376,309.7326524096512
"(62, 942.1346190294705)",59.33024481880232,30.251974139119884,0.37081632402305326,37.43655065573046,311.92234550763754
"(63, 942.1346190294705)",59.19133551362836,30.532768471560093,0.37425818608742895,38.480655683469145,314.1209378846714
"(64, 942.1346190294705)",59.05144232262833,30.81583510097388,0.3777279010385971,39.54208381306278,316.3284483287374
"(65, 942.1346190294705)",58.91053012477447,31.10118939614154,0.38122565726077406,40.620999435484805,318.54488993215404
"(66, 942.1346190294705)",58.768565447924,31.388846409219223,0.3847516392571346,41.71757051995675,320.7702685525281
"(67, 942.1346190294705)",58.625516598942276,31.67882073918978,0.38830602597603875,42.83196840577591,323.00458144400704
"(68, 942.1346190294705)",58.48135377637874,31.971126408879854,0.3918889893035601,43.96436759397399,325.24781604537986
"(69, 942.1346190294705)",58.336049167010536,32.26577675449616,0.39550069270946425,45.11494553921186,327.49994891251094
"(70, 942.1346190294705)",58.18957702748544,32.562784326703856,0.3991412900346702,46.28388244225338,329.760944783492
"(71, 942.1346190294705)",58.04191375220153,32.86216080234829,0.402810924409171,47.47136104333834,332.03075576580477
"(72, 942.1346190294705)",57.89303792848256,33.16391690598835,0.40650972729022344,48.677566416763774,334.30932063558487
"(73, 942.1346190294705)",57.742930379994206,33.4680623404957,0.4102378176116612,49.902685766935264,336.5965642401086
"(74, 942.1346190294705)",57.591574199288765,33.77460572602919,0.4139953010358623,51.14690822615298,338.8923969952601
"(75, 942.1346190294705)",57.43895477030002,34.083554546752254,0.4177822693006415,52.41042465438401,341.19671447044357
"(76, 942.1346190294705)",57.28505978145651,34.394915104743895,0.42159879965430735,53.693427441230945,343.509397054362
"(77, 942.1346190294705)",57.12987923032517,34.70869248060291,0.4254449543727579,54.99611031033444,345.8303096956543
"(78, 942.1346190294705)",56.97340541972889,35.024890500230974,0.429320780352333,56.3186681264121,348.15930171226813
"(79, 942.1346190294705)",56.815632946976905,35.34351170749079,0.4332263087746615,57.66129670514097,350.49620666581853
"(80, 942.1346190294705)",56.656558685623374,35.66455734226808,0.437161554837753,59.02419262608633,352.84084229531106
"(81, 942.1346190294705)",56.49618176087286,35.988027323666394,0.44112651755001653,60.4075530488724,355.1930105069095
"(82, 942.1346190294705)",56.3345035188368,36.31392023802367,0.44512117958335645,61.811575532803914,357.5524974159102
"(83, 942.1346190294705)",56.171527490044774,36.64223333149327,0.4491455071822492,63.23645786011548,359.91907343783123
"(84, 942.1346190294705)",56.00725934760479,36.97296250693588,0.4531994501256346,64.68239786307112,362.29249342540913
"(85, 942.1346190294705)",55.84170686031406,37.306102324923415,0.4572829417392324,66.14959325509008,364.67249684907716
"(86, 942.1346190294705)",55.67487984106304,37.641646008645964,0.46139589895567507,67.63824146609632,367.0588080182687
"(87, 942.1346190294705)",55.506790090817454,37.97958545254755,0.46553822242037673,69.1485394823916,369.4511363412869
"(88, 942.1346190294705)",55.33745133848408,38.31991123451464,0.46970979664091816,70.68068369093396,371.8491766217675
"(89, 942.1346190294705)",55.16687917691513,38.66261263146926,0.4739104901782026,72.23486972875854,374.25260938935196
"(90, 942.1346190294705)",54.995090995343176,39.007677638207,0.4781401558773426,73.81129233720031,376.66110126299156
"(91, 942.1346190294705)",54.82210590849832,39.35509298933976,0.48239863113663495,75.4101452214423,379.0743053448094
"(92, 942.1346190294705)",54.647944682674606,39.70484418419929,0.48668573821282485,77.03162091547732,381.4918616427391
"(93, 942.1346190294705)",54.472629659002216,40.056915514562604,0.49100128456093556,78.67591065269147,383.91339752010623
"(94, 942.1346190294705)",54.29618467418389,40.41129009505868,0.49534506320699867,80.3432042422661,386.33852817038854
"(95, 942.1346190294705)",54.11863497895022,40.7679498961168,0.4997168531519111,82.03368995156752,388.7668571153141
"(96, 942.1346190294705)",53.94000715449862,41.126875779309955,0.5041164198046638,83.74755439471825,391.1979767244493
"(97, 942.1346190294705)",53.76032902716095,41.488047534953,0.5085435154432046,85.4849824275223,393.631468754469
"(98, 942.1346190294705)",53.57962958156649,41.85144392180222,0.5129978797010518,87.24615704889173,396.0669049061849
"(99, 942.1346190294705)",53.397938872555486,42.217042708703104,0.5174792400778137,89.0312593089464,398.5038473974245
"(100, 942.1346190294705)",53.21528793609498,42.584820718032766,0.5219873124716689,90.84046822393391,400.9418495497791
"(101, 942.1346190294705)",53.03170869945492,42.954753870773125,0.5265218017318595,92.67396069808449,403.38045638727135
"(102, 942.1346190294705)",52.84723389089576,43.326817233051145,0.5310824022291734,94.53191145254735,405.8192052448909
"(103, 942.1346190294705)",52.66189694911208,43.70098506398004,0.5356687984423496,96.41449296150981,408.25762638494746
"(104, 942.1346190294705)",52.47573193268784,44.077230864624894,0.5402806655582795,98.32187539559303,410.69524361914534
"(105, 942.1346190294705)",52.28877342978276,44.455527427928054,0.5449176700839865,100.25422657261966,413.1315749343836
"(106, 942.1346190294705)",52.10105646829794,44.83584688941236,0.5495794704681022,102.21171191582104,415.5661331200626
"(107, 942.1346190294705)",51.912616426737465,45.21816077848825,0.5542657177298133,104.19449441954355,417.99842639493016
"(108, 942.1346190294705)",51.72348894597829,45.60244007019431,0.5589760560929437,106.20273462249104,420.42795903123033
"(109, 942.1346190294705)",51.53370984215984,45.988655237181014,0.5637101236233911,108.23659058856255,422.85423197441673
"(110, 942.1346190294705)",51.34331502087628,46.37677630178859,0.5684675528672428,110.29621789525604,425.27674345593914
"(111, 942.1346190294705)",51.15234039285864,46.7667728880256,0.5732479714880432,112.3817696296897,427.6949895976146
"(112, 942.1346190294705)",50.96082179131344,47.158614273296244,0.5780510029007146,114.49339639220378,430.10846500526435
"(113, 942.1346190294705)",50.768794891076084,47.55226943969783,0.5828762669005582,116.631246307533,432.5166633501443
"(114, 942.1346190294705)",50.57629512970342,47.94770712475442,0.5877233802849336,118.7954650435117,434.9190779359469
"(115, 942.1346190294705)",50.38335763064271,48.34489587141691,0.5925919574661368,120.98619583727466,437.3152022500123
"(116, 942.1346190294705)",50.19001712859074,48.74380407718073,0.5974816110736582,123.20357952889012,439.704530497105
"(117, 942.1346190294705)",49.99630789711581,49.14440004220915,0.6023919525438397,125.44775460236741,442.0865581139419
"(118, 942.1346190294705)",49.802263678637814,49.54665201630662,0.6073225926957853,127.71885723396494,444.46078226346907
"(119, 942.1346190294705)",49.60791761682675,49.950528244634675,0.6122731422916615,130.01702134771074,446.8267023072206
"(120, 942.1346190294705)",49.413302191455266,50.35599701205751,0.617243212580314,132.34237867806127,449.1838202548193
"(17, 942.3684782182328)",64.73811022473625,20.312828471562913,0.24898634217048946,6.820255200202612,227.81662516812574
"(18, 942.3684782182328)",64.65690441636143,20.44443313203602,0.2505994982639264,7.161796215181658,228.99527160604737
"(19, 942.3684782182328)",64.57111794848308,20.583376700418523,0.25230261168843576,7.520065034599496,230.2419631927174
"(20, 942.3684782182328)",64.48105324817004,20.72933066900074,0.2540916557309092,7.894825673390679,231.55314126569732
"(21, 942.3684782182328)",64.38702061183903,20.881958167004882,0.2559625011671121,8.285864186293566,232.9251285194905
"(22, 942.3684782182328)",64.28933125155996,21.040920948128427,0.25791100191227395,8.69298752488446,234.3542108629249
"(23, 942.3684782182328)",64.18829178365691,21.20588489669662,0.25993306251311715,9.116022249872499,235.83670230921848
"(24, 942.3684782182328)",64.08419996925834,21.376524257572473,0.262024689996419,9.554813190535414,237.36899517699413
"(25, 942.3684782182328)",63.977341510649644,21.55252479637807,0.26418203260572715,10.009222116179297,238.94759792307937
"(26, 942.3684782182328)",63.86798771844867,21.73358608222703,0.2664014077821249,10.479126463895945,240.56916278293997
"(27, 942.3684782182328)",63.75639388483252,21.91942306289435,0.2686793214720449,10.964418151254318,242.23050515306394
"(28, 942.3684782182328)",63.642798221793875,22.109767077325753,0.27101248053818544,11.465002490512518,243.9286163724057
"(29, 942.3684782182328)",63.52742124737067,22.304366425684414,0.2733977997469036,11.980797216249895,245.66067127945277
"(30, 942.3684782182328)",63.41046552450783,22.502986594792656,0.2758324045315953,12.511731617700153,247.4240316840153
"(31, 942.3684782182328)",63.292115676983734,22.70541021689998,0.2783136304873042,13.057745791106509,249.21624663860587
"(32, 942.3684782182328)",63.17253862218551,22.91143682372371,0.28083902035580505,13.618789988340042,251.0350502486593
"(33, 942.3684782182328)",63.05188397369074,23.12088244422637,0.2834063190954048,14.194824064503377,252.87835757886415
"(34, 942.3684782182328)",62.93028457657973,23.333579084128683,0.2860134675009182,14.785817011581232,254.74425910717903
"(35, 942.3684782182328)",62.80785714612026,23.549374116976328,0.2886585947397213,15.391746568584596,256.6310140809001
"(36, 942.3684782182328)",62.68470298542102,23.768129610503713,0.29134001009452226,16.012598897573042,258.5370430592865
"(37, 942.3684782182328)",62.56090876439943,23.989721606622776,0.2940561941377923,16.648368316263788,260.4609198640128
"(38, 942.3684782182328)",62.43654734158324,24.21403937083451,0.2968057895313211,17.299057076514707,262.4013631304774
"(39, 942.3684782182328)",62.31167861658043,24.440984623007044,0.2995875915974536,17.96467518043159,264.35722760632615
"(40, 942.3684782182328)",62.18635040058144,24.670470760018222,0.30240053879056605,18.645240225643306,266.3274953267961
"(41, 942.3684782182328)",62.060599294667504,24.902422078759912,0.3052437031729145,19.34077727247525,268.3112667722821
"(42, 942.3684782182328)",61.93445156539048,25.136773007005797,0.3081162809869758,20.05131872568784,270.30775210226994
"(43, 942.3684782182328)",61.80792401717496,25.37346734668858,0.31101758337982266,20.776904230438817,272.316262518317
"(44, 942.3684782182328)",61.68102483919206,25.612457537697995,0.31394702737909536,21.51758056743893,274.33620186493704
"(45, 942.3684782182328)",61.5537544304659,25.853703944101124,0.3169041271437081,22.27340154923446,276.3670584882591
"(46, 942.3684782182328)",61.42610621263927,26.097174164014582,0.31988848550466187,23.04442792619361,278.4083973583698
"(47, 942.3684782182328)",61.298067393767624,26.342842371279957,0.3228997858954563,23.830727275499644,280.4598525757947
"(48, 942.3684782182328)",61.16961970681898,26.590688686162498,0.3259377846384404,24.632373891062898,282.5211202124863
"(49, 942.3684782182328)",61.040740109805235,26.84069857831084,0.32900230362650723,25.449448665296018,284.59195153350856
"(50, 942.3684782182328)",60.91140144761486,27.09286230248889,0.33209322340654085,26.282038963232125,286.6721466049774
"(51, 942.3684782182328)",60.78157307456648,27.347174367404406,0.3352104766685307,27.130238488480742,288.761548292451
"(52, 942.3684782182328)",60.65122143724654,27.603633037583197,0.3383540421397311,27.994147140933645,290.8600366492725
"(53, 942.3684782182328)",60.52031061773392,27.86223986786915,0.34152393887879773,28.87387086628175,292.96752369002763
"(54, 942.3684782182328)",60.38880283775104,28.12299926983894,0.3447202209610283,29.769521497644472,295.0839485404527
"(55, 942.3684782182328)",60.25665892459828,28.385918109198833,0.3479429725434335,30.68121658974362,297.2092729527401
"(56, 942.3684782182328)",60.12383874006595,28.651005333021693,0.3511923032955839,31.60907924613177,299.3434771724837
"(57, 942.3684782182328)",59.990301573686445,28.91827162557055,0.3544683441808001,32.55323794009025,301.4865561421071
"(58, 942.3684782182328)",59.856006501937074,29.187729091306927,0.3577712435706196,33.5138263298253,303.63851602406424
"(59, 942.3684782182328)",59.72091271502832,29.459390963669637,0.36110116367512163,34.4909830686283,305.79937102672903
"(60, 942.3684782182328)",59.58497981303802,29.733271338143155,0.3644582772709911,35.48485161061761,307.969140515285
"(61, 942.3684782182328)",59.448168073220714,30.009384928110233,0.3678427647088528,36.49558001277587,310.14784638949317
"(62, 942.3684782182328)",59.310438690207995,30.287746842055128,0.3712548111823299,37.52332073382845,312.3355107112611
"(63, 942.3684782182328)",59.17175399093086,30.56837238064435,0.37469460424072965,38.56823043059972,314.53215356431963
"(64, 942.3684782182328)",59.03207762593685,30.851276852314715,0.37816233152861095,39.630469752396756,316.7377911296792
"(65, 942.3684782182328)",58.89137473879211,31.13647540601518,0.38165817873559066,40.710203133931586,318.9524339606693
"(66, 942.3684782182328)",58.74961211512056,31.423982879846903,0.38518232774104727,41.807598587268025,321.17608544261924
"(67, 942.3684782182328)",58.606758312806974,31.7138136643853,0.38873495493880605,42.92282749325342,323.40874042266256
"(68, 942.3684782182328)",58.46278377475404,32.005981579576144,0.3923162297279824,44.05606439282581,325.65038399624757
"(69, 942.3684782182328)",58.31766092553477,32.30049976412262,0.39592631315755417,45.207486778588994,327.9009904382508
"(70, 942.3684782182328)",58.17136425314478,32.597380576437466,0.3995653567118454,46.37727488700905,330.16052226625806
"(71, 942.3684782182328)",58.02387037700544,32.896635506217436,0.40323350122686114,47.56561149153238,332.4289294262346
"(72, 942.3684782182328)",57.87515810325746,33.19827509584138,0.4069308759267657,48.77268169693529,334.7061485901834
"(73, 942.3684782182328)",57.725208468317526,33.50230887082434,0.41065759757142845,49.998672735181074,336.99210255696136
"(74, 942.3684782182328)",57.574004771550534,33.808745278655984,0.41441376970672167,51.243773763035,339.28669974816944
"(75, 942.3684782182328)",57.42153259789483,34.11759163538409,0.4181994820097649,52.50817566167356,341.58983379152176
"(76, 942.3684782182328)",57.267779831149966,34.42885407939064,0.4220148097223353,53.792070838533625,343.9013831850605
"(77, 942.3684782182328)",57.11273665858326,34.742537531859206,0.42585981316628607,55.09565303158889,346.22121103622504
"(78, 942.3684782182328)",56.95639556749602,35.05864566345934,0.4297345373351861,56.41911711630131,348.5491648700744
"(79, 942.3684782182328)",56.798751334265646,35.3771808668574,0.43363901155735946,57.762658915416274,350.88507650195123
"(80, 942.3684782182328)",56.63980100638861,35.69814423467517,0.437573249225747,59.12647501186487,353.2287619700098
"(81, 942.3684782182328)",56.47954387796416,36.0215355425809,0.44153724759051766,60.51076256481205,355.58002152373115
"(82, 942.3684782182328)",56.317981459068655,36.34735323719611,0.4455309876109973,61.915719129313764,357.9386396647281
"(83, 942.3684782182328)",56.15511743938546,36.675594428575344,0.44955443386347876,63.34154247951971,360.30438523666595
"(84, 942.3684782182328)",55.99095764645355,37.006254887017725,0.4536075345019847,64.78843043575651,362.67701156120336
"(85, 942.3684782182328)",55.82550999889236,37.33932904397487,0.45769022126953024,66.2565806956666,365.05625661746683
"(86, 942.3684782182328)",55.65878445489497,37.6748099968811,0.4618024095572894,67.74619066956853,367.4418432624473
"(87, 942.3684782182328)",55.49079295630334,38.01268951771303,0.46594399850951285,69.25745732035004,369.83347948997806
"(88, 942.3684782182328)",55.32154936855935,38.352958065108744,0.4701148711720935,70.79057700779192,372.2308587264144
"(89, 942.3684782182328)",55.151069416791415,38.69560479989605,0.4743148946829185,72.34574533802635,374.6336601605569
"(90, 942.3684782182328)",54.9793706183272,39.04061760387425,0.47854392050195865,73.9231570178103,377.0415491062074
"(91, 942.3684782182328)",54.806472211890444,39.387983101692825,0.4828017846797179,75.52300571414277,379.4541773955299
"(92, 942.3684782182328)",54.63239508373034,39.73768668571515,0.4870883081617406,77.145483919296,381.8711838009771
"(93, 942.3684782182328)",54.45716169096947,40.08971254369069,0.49140329712792513,78.79078282148154,384.29219448438334
"(94, 942.3684782182328)",54.28079598239665,40.44404368912399,0.49574654336475465,80.45909218133049,386.71682347126256
"(95, 942.3684782182328)",54.103323317000424,40.80066199417646,0.5001178246686051,82.15060021438593,389.14467314838043
"(96, 942.3684782182328)",53.924770380453346,41.15954822498093,0.5045169052786221,83.86549347977386,391.5753347830136
"(97, 942.3684782182328)",53.74516509984842,41.52068207920418,0.5089435363370627,85.60395677523039,394.0083890617332
"(98, 942.3684782182328)",53.56453655692134,41.88404222571203,0.513397456375608,87.36617303865204,396.44340664714116
"(99, 942.3684782182328)",53.38291490002112,42.249606346188365,0.5178783918255172,89.15232325630733,398.879948750411
"(100, 942.3684782182328)",53.200331255079625,42.61735117855444,0.5223860575497234,90.96258637787955,401.3175677176755
"(101, 942.3684782182328)",53.0168176358514,42.987252562010134,0.5269201573950187,92.7971392384624,403.75580762839314
"(102, 942.3684782182328)",52.832406853653964,43.35928548355145,0.531480384762235,94.65615648761428,406.194204903614
"(103, 942.3684782182328)",52.647132426876304,43.73342412578317,0.5360664231922988,96.53981052562688,408.63228892199095
"(104, 942.3684782182328)",52.46102849048544,44.10964191586293,0.5406779469661835,98.44827144705404,411.0695826416267
"(105, 942.3684782182328)",52.27412970577845,44.48791157539892,0.5453146217165151,100.3817069916259,413.5056032255178
"(106, 942.3684782182328)",52.086471170608945,44.86820517112715,0.5499761050487753,102.3402825026003,415.939862668605
"(107, 942.3684782182328)",51.898088330310024,45.25049416619339,0.5546620471698754,104.32416089261565,418.37186842426956
"(108, 942.3684782182328)",51.70901688952765,45.634749471863785,0.5593720915220158,106.33350261708541,420.8011240282666
"(109, 942.3684782182328)",51.51929272517838,46.02094149948439,0.5641058754195802,108.36846565517556,423.2271297179382
"(110, 942.3684782182328)",51.32895180070573,46.40904021252512,0.5688630306870671,110.4292054983693,425.649383044814
"(111, 942.3684782182328)",51.1380300818332,46.79901517852908,0.5736431842958734,112.51587514662872,428.06737947853463
"(112, 942.3684782182328)",50.946563453975784,47.190835620802815,0.5784459589978784,114.62862511214934,430.48061300016764
"(113, 942.3684782182328)",50.75458764145809,47.584470469687524,0.58327097395391,116.7676034306765,432.88857668313614
"(114, 942.3684782182328)",50.56213812868742,47.97988841324838,0.5881178453550862,118.9329556803595,435.29076325989894
"(115, 942.3684782182328)",50.36925008339555,48.37705794723695,0.5929861870352289,121.12482500809081,437.68666567273027
"(116, 942.3684782182328)",50.175958282069956,48.7759474241768,0.5978756110724874,123.34335216328489,440.07577760689117
"(117, 942.3684782182328)",49.98229703765779,49.17652510143559,0.6027857283786562,125.58867553901939,442.4575940048438
"(118, 942.3684782182328)",49.788300129626,49.57875918815658,0.6077161492744618,127.86093122048165,444.83161155993736
"(119, 942.3684782182328)",49.59400073643207,49.98261789093396,0.6126664840492997,130.16025304061841,447.19732918823536
"(120, 942.3684782182328)",49.39943137046069,50.38806945810658,0.6176363435043187,132.48677264292,449.55424847751857
"(17, 942.5895596153222)",64.69857084533686,20.363657188546725,0.2496093797911141,6.875370344471843,228.4038250286881
"(18, 942.5895596153222)",64.6180146473504,20.494705068796943,0.25121571110033347,7.217267242453317,229.57603925206
"(19, 942.5895596153222)",64.53289030884729,20.633082974292257,0.2529118908605626,7.575911820762969,230.81619600697317
"(20, 942.5895596153222)",64.4434960106362,20.77846606258139,0.25469393728591566,7.951067209079812,232.1207789739439
"(21, 942.5895596153222)",64.35013820327242,20.930520742215247,0.2565577613488693,8.342518553695923,233.48614873202771
"(22, 942.5895596153222)",64.25312467394708,21.088911651518707,0.25849925232319365,8.750071893482211,234.9086245147269
"(23, 942.5895596153222)",64.15275903517684,21.2533071728106,0.2605143453750049,9.17355288710422,236.3845491933956
"(24, 942.5895596153222)",64.04933645081924,21.423383681938805,0.2625990736518281,9.61280548395624,237.910339704912
"(25, 942.5895596153222)",63.94314040804846,21.59882873547625,0.2647496073499492,10.067690604225202,239.48252519609287
"(26, 942.5895596153222)",63.83444035414314,21.77934338451133,0.26696228207589,10.538084872855935,241.09777502295864
"(27, 942.5895596153222)",63.723490036269915,21.964643782507594,0.269233618554925,11.023879436587773,242.7529185107386
"(28, 942.5895596153222)",63.61052640539332,22.1544622303994,0.271560335441413,11.524978881437614,244.44495811127302
"(29, 942.5895596153222)",63.49576896888625,22.348547777868287,0.27393935668900105,12.041300259376294,246.1710773234139
"(30, 942.5895596153222)",63.379419497458755,22.54666647794153,0.27636781467139304,12.572772226423428,247.9286444965339
"(31, 942.5895596153222)",63.261662011528955,22.748601372377085,0.27884305000322107,13.119334289813521,249.7152134145159
"(32, 942.5895596153222)",63.14266298715226,22.95415226959463,0.28136260881796754,13.680936158533505,251.52852137941267
"(33, 942.5895596153222)",63.022571734593924,23.163135363593163,0.2839242380968822,14.257537189365458,253.36648536249064
"(34, 942.5895596153222)",62.9015209124146,23.375382731965082,0.2865258795157637,14.849105919128004,255.22719667202855
"(35, 942.5895596153222)",62.77962714761561,23.59074174297479,0.2891656621772393,15.455619673224042,257.10891449429295
"(36, 942.5895596153222)",62.656991737192364,23.809074395685574,0.29184189452228043,16.07706423982717,259.0100585952305
"(37, 942.5895596153222)",62.533701413264474,24.03025661167277,0.29455305564830025,16.713433600573076,260.92920140630576
"(38, 942.5895596153222)",62.40982915304538,24.254177494355535,0.29729778623039704,17.36472970701589,262.86505969050427
"(39, 942.5895596153222)",62.28543502119031,24.4807385681628,0.3000748791952886,18.03096229465851,264.81648593764953
"(40, 942.5895596153222)",62.160567031756756,24.709853008177845,0.30288327027868206,18.712148726148623,266.78245962068286
"(41, 942.5895596153222)",62.03526201924173,24.941444869016017,0.3057220285730919,19.408313856321218,268.76207842109244
"(42, 942.5895596153222)",61.90954650806672,25.175448320550412,0.3085903471597499,20.119489911891062,270.754549518957
"(43, 942.5895596153222)",61.78343757982142,25.41180689524351,0.3114875338827157,20.84571638536305,272.7591810028087
"(44, 942.5895596153222)",61.65694371578326,25.65047275528782,0.31441300236566916,21.587039928193956,274.77537350899337
"(45, 942.5895596153222)",61.53006561835585,25.89140598157802,0.3173662632965789,22.343514245113255,276.80261211236945
"(46, 942.5895596153222)",61.402797020803355,26.134573885857307,0.32034691599615334,23.115199998304274,278.84045847463653
"(47, 942.5895596153222)",61.275125448439816,26.379950354245555,0.3233546403711322,23.902164694571,280.8885433724254
"(48, 942.5895596153222)",61.147032954958355,26.627515219465202,0.32638918921928645,24.704482573559204,282.94655955585006
"(49, 942.5895596153222)",61.01849682073879,26.87725366504229,0.3294503809263149,25.522234487921807,285.0142549845135
"(50, 942.5895596153222)",60.88949021316862,27.12915566203332,0.33253809256155203,26.35550777588837,287.09142644702416
"(51, 942.5895596153222)",60.759982807899036,27.38321543867685,0.33565225337710264,27.204396125815006,289.17791356879866
"(52, 942.5895596153222)",60.62994137062413,27.639430982910586,0.33879283870992905,28.068999432510704,291.2735932079062
"(53, 942.5895596153222)",60.49933029941056,27.89780357739062,0.3419598642823006,28.949423645510183,293.3783742344589
"(54, 942.5895596153222)",60.36811212811971,28.158337366303915,0.34515338089196634,29.84578060952817,295.4921926851699
"(55, 942.5895596153222)",60.23624799173441,28.421038953075414,0.34837346948102227,30.75818789753432,297.61500728224433
"(56, 942.5895596153222)",60.10369805476106,28.685917027846212,0.3516202365696474,31.686768636975977,299.7467953030434
"(57, 942.5895596153222)",59.970421904109045,28.952982023447515,0.3548938100392227,32.63165132974944,301.88754878532535
"(58, 942.5895596153222)",59.836378907962946,29.222245798529023,0.3581943352482265,33.592969666531026,304.03727105179786
"(59, 942.5895596153222)",59.70152854232392,29.493721346404,0.36152197146337783,34.57086233614153,306.1959735367868
"(60, 942.5895596153222)",59.56583068697991,29.767422528133505,0.3648768885879314,35.565472830586664,308.3636728973205
"(61, 942.5895596153222)",59.42924589265578,30.043363828393257,0.3682592641689997,36.576949246406365,310.5403883909136
"(62, 942.5895596153222)",59.29173562115764,30.32156013262038,0.37166928066629973,37.605444082967104,312.72613950282397
"(63, 942.5895596153222)",59.15326246023036,30.602026524058722,0.3751071229640259,38.65111403826065,314.920943804971
"(64, 942.5895596153222)",59.01379031486997,30.884778099265514,0.3785729761095996,39.71411980279548,317.1248150306139
"(65, 942.5895596153222)",58.87328457673752,31.169829800768273,0.38206702326241304,40.79462585205221,319.3377613484028
"(66, 942.5895596153222)",58.73171227323732,31.457196265605198,0.38558944383729227,41.892800238034226,321.55978382087613
"(67, 942.5895596153222)",58.589042197777886,31.74689168853991,0.3891404118278418,43.008814380318164,323.7908750330124
"(68, 942.5895596153222)",58.445245022610784,32.03892969883251,0.3927200942959572,44.14284285703729,326.03101787747687
"(69, 942.5895596153222)",58.30029339555773,32.333323249522714,0.3963286500147029,45.29506319614698,328.28018448414696
"(70, 942.5895596153222)",58.15416202187347,32.63008451824043,0.3999662282524816,46.46565566736025,330.53833528214784
"(71, 942.5895596153222)",58.00682773234624,32.92922481866316,0.40363296768772644,47.65480307501871,332.805418183981
"(72, 942.5895596153222)",57.85826953871675,33.23075452177874,0.40732899544376344,48.862690552235996,335.08136788165257
"(73, 942.5895596153222)",57.70846867733225,33.534682986221576,0.4110544262349035,50.089505356562185,337.3661052461244
"(74, 942.5895596153222)",57.55740864196063,33.84101849697358,0.41480936161506715,51.335436667435836,339.6595368216232
"(75, 942.5895596153222)",57.40507520652098,34.14976821183092,0.4185938893215922,52.60067538564599,341.96155440765847
"(76, 942.5895596153222)",57.251456438492276,34.460938115057935,0.42240808270716945,53.88541393505081,344.2720347218526
"(77, 942.5895596153222)",57.096542703652,34.774532977733465,0.4262520002536482,55.189846066759394,346.5908391374771
"(78, 942.5895596153222)",56.94032666274617,35.0905563243213,0.43012568516255084,56.51416666598296,348.91781349062455
"(79, 942.5895596153222)",56.7828032606595,35.40901040507151,0.4340291650164892,57.858571561752036,351.25278795134653
"(80, 942.5895596153222)",56.62396970855918,35.729896173876774,0.43796245150789104,59.22325733978162,353.5955769550883
"(81, 942.5895596153222)",56.46382545949536,36.053213271255906,0.44192554023041153,60.608421158436826,355.9459791901101
"(82, 942.5895596153222)",56.30237217787777,36.3789600121737,0.44591841052949954,62.014260568388906,358.3037776369765
"(83, 942.5895596153222)",56.13961370320568,36.707133378423684,0.4499410254093144,63.44097333577946,360.6687396576527
"(84, 942.5895596153222)",55.9755560084138,37.03772901535974,0.4539933314922889,64.88875726930681,363.04061713030273
"(85, 942.5895596153222)",55.8102071531936,37.37074123271649,0.4580752590295506,66.35781005135522,365.41914662798354
"(86, 942.5895596153222)",55.64357723256364,37.70616300937522,0.462186721959097,67.84832907338003,367.80404963809457
"(87, 942.5895596153222)",55.475678321043276,38.04398600184677,0.46632761800977973,69.36051127581227,370.19503282048817
"(88, 942.5895596153222)",55.30652441266983,38.384200556327826,0.4704978288492993,70.89455299242726,372.591788302599
"(89, 942.5895596153222)",55.136131357168665,38.72679572417234,0.47469722027360534,72.45064979983171,374.9939940084836
"(90, 942.5895596153222)",54.9645167925405,39.071759280610365,0.4789256424364707,74.0289963718007,377.4013140208774
"(91, 942.5895596153222)",54.79170007431627,39.419077746588975,0.4831829301171769,75.62978633894693,379.81339897384385
"(92, 942.5895596153222)",54.6177022017654,39.76873641357625,0.48746890302455725,77.25321215381948,382.2298864742621
"(93, 942.5895596153222)",54.4425457412948,40.12071937119946,0.49178336613576906,78.8994649616454,384.65040155040987
"(94, 942.5895596153222)",54.26625474731729,40.47500953756643,0.49612611006798796,80.56873447689748,387.0745571257501
"(95, 942.5895596153222)",54.088854680824,40.831588692142624,0.5004969114813154,82.26120886586523,389.5019545161368
"(96, 942.5895596153222)",53.91037232594563,41.1904375110206,0.5048955335111972,83.9770746354319,391.93218394863055
"(97, 942.5895596153222)",53.73083570473331,41.55153560445415,0.5093217262285236,85.71651652819861,394.36482510006107
"(98, 942.5895596153222)",53.55027399043517,41.91486155650225,0.5137752271253755,87.47971742413814,396.79944765323165
"(99, 942.5895596153222)",53.368717419526384,42.28039296661196,0.5182557616249914,89.26685824892778,399.23561186927634
"(100, 942.5895596153222)",53.18619720273005,42.64810649301505,0.5227630436135093,91.07811788910605,401.6728691737172
"(101, 942.5895596153222)",53.00274543530895,43.01797789774559,0.5272967759918549,92.91367311418347,404.1107627545582
"(102, 942.5895596153222)",52.81839500686551,43.38998209313059,0.5318566512455968,94.77369850583905,406.548828170228
"(103, 942.5895596153222)",52.63317951089548,43.76409318958369,0.536442352030776,96.65836639430051,408.9865939653962
"(104, 942.5895596153222)",52.44713315435986,44.14028454452087,0.5410535517734958,98.56784680201802,411.42358229246724
"(105, 942.5895596153222)",52.26029066748975,44.51852881223578,0.5456899152812892,100.50230739470766,413.8593095368052
"(106, 942.5895596153222)",52.07268721406476,44.89879799455777,0.5503510993639844,102.46191343984201,416.29328694346447
"(107, 942.5895596153222)",51.88435830240247,45.28106349210115,0.555036753462062,104.44682777264148,418.7250212434817
"(108, 942.5895596153222)",51.69533969725057,45.66529615595499,0.5597465202800769,106.45721076961132,421.1540152773954
"(109, 942.5895596153222)",51.50566733280048,46.05146633961651,0.564480036423327,108.49322032965478,423.57976861425004
"(110, 942.5895596153222)",51.31537722701509,46.43954395100365,0.5692369330353763,110.55501186278318,426.00177816380875
"(111, 942.5895596153222)",51.12450539744018,46.829498504377746,0.5740168364345144,112.642738286416,428.4195387801733
"(112, 942.5895596153222)",50.933087778685476,47.22129917200146,0.5788193687469477,114.7565500292781,430.83254385472617
"(113, 942.5895596153222)",50.74116014170997,47.61491483537742,0.5836441485348632,116.89659504285225,433.2402858966842
"(114, 942.5895596153222)",50.548758015061715,48.01031413590479,0.5884907914173587,119.06301882037103,435.64225709938955
"(115, 942.5895596153222)",50.35591660819518,48.40746552480279,0.5933589106824023,121.25596442329302,438.03794989065983
"(116, 942.5895596153222)",50.16267073696951,48.80633731216095,0.5982481178880027,123.47557251521174,440.42685746553605
"(117, 942.5895596153222)",49.96905475142731,49.206897714970445,0.6031580234510646,125.72198140313148,442.80847430005565
"(118, 942.5895596153222)",49.775102465927766,49.609114904017275,0.6080882372220694,127.99532708603508,445.1822966443729
"(119, 942.5895596153222)",49.580847091692014,50.01295704950914,0.6130383690444775,130.29574331066306,447.54782299426637
"(120, 942.5895596153222)",49.38632117181813,50.41839236532875,0.6180080292970705,132.6233616344137,449.9045545394452
"(17, 942.7970245832736)",64.66162410060299,20.41125571721456,0.2501928230847075,6.92721608880763,228.953833087544
"(18, 942.7970245832736)",64.58167017638564,20.54178663767151,0.2517928177122552,7.269445585818126,230.12007376473463
"(19, 942.7970245832736)",64.49715998396513,20.67963911790747,0.2534825570245903,7.628441392825352,231.3541591537184
"(20, 942.7970245832736)",64.40838776848449,20.824491719383357,0.25525810095958584,8.003965817760067,232.6526122677143
"(21, 942.7970245832736)",64.31565641016793,20.976013900966723,0.2571153978792904,8.395803162474307,234.01182893266522
"(22, 942.7970245832736)",64.21927051135793,21.13387298861108,0.2590503700012373,8.803758616422675,235.42815943794
"(23, 942.7970245832736)",64.11953088639706,21.297739696116235,0.2610589810699667,9.227656997928548,236.89797359557724
"(24, 942.7970245832736)",64.016730275187,21.467292392038367,0.26313728865878566,9.667341435942229,238.41771136847086
"(25, 942.7970245832736)",63.911150093421455,21.642220311218423,0.26528148353549186,10.12267205822846,239.98392129606992
"(26, 942.7970245832736)",63.803058041968654,21.822225896791196,0.2674879183697544,10.593524731277112,241.5932888197009
"(27, 942.7970245832736)",63.69270641624126,22.007026437923862,0.26975312780782823,11.079789881435168,243.24265638781682
"(28, 942.7970245832736)",63.580330978776544,22.196355144770166,0.2720738416489099,11.581371415114138,244.92903695841883
"(29, 942.7970245832736)",63.46615028102662,22.389961778473854,0.27444699256746835,12.098185747013478,246.64962225142347
"(30, 942.7970245832736)",63.350365340989576,22.587612932615695,0.27686971956309486,12.630160938908274,248.4017868623829
"(31, 942.7970245832736)",63.23315960236488,22.789092043179682,0.27933936808266463,13.177235946803572,250.18308913050447
"(32, 942.7970245832736)",63.11469911572849,22.9941991885755,0.28185348756910783,13.739359970934336,251.99126947763918
"(33, 942.7970245832736)",62.99513289492826,23.20275072813969,0.28440982703029155,14.316491900868073,253.82424678553434
"(34, 942.7970245832736)",62.87459341152003,23.41457881731685,0.28700632909632184,14.908599846492482,255.68011326208756
"(35, 942.7970245832736)",62.75319719774176,23.62953082961125,0.2896411229340262,15.515660745068509,257.5571281540896
"(36, 942.7970245832736)",62.63104553312656,23.847468709516818,0.292312516315507,16.137660033757022,259.45371059695253
"(37, 942.7970245832736)",62.50822519676652,24.06826827515841,0.29501898707012797,16.774591378528427,261.3684318267595
"(38, 942.7970245832736)",62.3848092662443,24.291818486897135,0.29775917411941993,17.42645644874034,263.3000069534217
"(39, 942.7970245832736)",62.26085795057439,24.518020694314846,0.3005318682469106,18.093264729248094,265.24728644639157
"(40, 942.7970245832736)",62.136419444159586,24.7467878724325,0.30333600273600614,18.77503336164053,267.2092474668498
"(41, 942.7970245832736)",62.01153079105855,24.978043856076013,0.3061706439851572,19.471787007344965,269.184985156606
"(42, 942.7970245832736)",61.88621874870693,25.21172258019807,0.30903498219605174,20.183557725361783,271.1737039812208
"(43, 942.7970245832736)",61.76050065036973,25.447767330999575,0.3119283221941064,20.91038486429495,273.17470918356116
"(44, 942.7970245832736)",61.63438524352738,25.686130016237655,0.31485007448432306,21.652314953627503,275.1873984600144
"(45, 942.7970245832736)",61.507873507871366,25.926770456803837,0.3177997465675852,22.40940159622584,277.2112538810119
"(46, 942.7970245832736)",61.380959462176904,26.169655701013337,0.32077693453569706,23.181705370815088,279.2458340643836
"(47, 942.7970245832736)",61.25363092300443,26.414759369920052,0.3237813150461789,23.96929371745747,281.2907667237395
"(48, 942.7970245832736)",61.12587023899743,26.662061030970293,0.32681263764528257,24.772240824171767,283.3457415440121
"(49, 942.7970245832736)",60.997654987439624,26.91154560340943,0.3298707174792493,25.590627505594828,285.41050343099107
"(50, 942.7970245832736)",60.86895863312172,27.16320279597084,0.3329554284019245,26.424541074123294,287.4848461420603
"(51, 942.7970245832736)",60.73975114837107,27.41702657730991,0.3360666964835681,27.2740752030988,289.5686063031393
"(52, 942.7970245832736)",60.60999959381043,27.673014679150914,0.3392044939205852,28.13932978188822,291.66165781171463
"(53, 942.7970245832736)",60.47966865983112,27.931168131809123,0.34236883334214596,29.020410762968826,293.763906622053
"(54, 942.7970245832736)",60.34872116928657,28.191490831408373,0.3455597625053494,29.917430001278735,295.8752859044674
"(55, 942.7970245832736)",60.21711854224585,28.45398913788828,0.3487773593677457,30.830505086264736,297.995751567657
"(56, 942.7970245832736)",60.084821223909515,28.718671502717484,0.352021727523966,31.75975916717476,300.12527813108426
"(57, 942.7970245832736)",59.95178907709715,28.985548125038893,0.3552929919909326,32.70532077213881,302.2638549322013
"(58, 942.7970245832736)",59.81798174079703,29.254630634921394,0.35859129532527395,33.667323621693,304.41148265243726
"(59, 942.7970245832736)",59.683358956479026,29.525931802270488,0.3619167940552709,34.64590643742386,306.56817014460296
"(60, 942.7970245832736)",59.54788086386342,29.799465269958805,0.36526965540967476,35.64121274630138,308.73393154449764
"(61, 942.7970245832736)",59.411508267946814,30.07524530968802,0.3686500543251645,36.65339068143208,310.9087836487952
"(62, 942.7970245832736)",59.274202879043635,30.353286599130005,0.3720581707146701,37.682592779771156,313.09274354191547
"(63, 942.7970245832736)",59.1359275275983,30.63360401891975,0.37549418697883596,38.72897577741357,315.2858264545483
"(64, 942.7970245832736)",58.99664635546436,30.916212468105325,0.3789582857441906,39.79270040300017,317.4880438378007
"(65, 942.7970245832736)",58.8563249853336,31.201126696731414,0.38245064781071614,40.87393116977196,319.6994016361167
"(66, 942.7970245832736)",58.71493066982981,31.48836115429595,0.38597145029444896,41.972836166710486,321.9198987449868
"(67, 942.7970245832736)",58.572432421825276,31.777929852865306,0.3895208649495666,43.08958684926449,324.14952563829
"(68, 942.7970245832736)",58.428801127335724,32.06984624374626,0.39309905665668493,44.224357829991256,326.38826315242295
"(69, 942.7970245832736)",58.28400964232486,32.36412310665945,0.39670618206439173,45.37732666957239,328.63608141452653
"(70, 942.7970245832736)",58.13803287465111,32.66077245043906,0.4003423883720643,46.54867366847216,330.89293890327144
"(71, 942.7970245832736)",57.99084785226792,32.95980542437277,0.4040078122431097,47.738581659593656,333.15878163160806
"(72, 942.7970245832736)",57.842433778730836,33.26123223935494,0.4077025788384939,48.947235802219545,335.43354244164004
"(73, 942.7970245832736)",57.69277207697076,33.56506209809902,0.411426800961339,50.174823377503486,337.71714040266164
"(74, 942.7970245832736)",57.54184642220101,33.871303133733775,0.4151805783041375,51.42153358575755,340.0094803041461
"(75, 942.7970245832736)",57.38964276476564,34.17996235614581,0.41896399679130825,52.68755734578381,342.31045223657776
"(76, 942.7970245832736)",57.23614934365419,34.491045605533486,0.4227771280095196,53.9730870964771,344.6199312527598
"(77, 942.7970245832736)",57.08135669134927,34.804557512633096,0.4266200287205121,55.27831660090144,346.93777710442805
"(78, 942.7970245832736)",56.92525763060874,35.120501465194764,0.4304927404499379,56.603440753055594,349.2638340478453
"(79, 942.7970245832736)",56.76784726372513,35.438879580283604,0.43439528914785286,57.948655387533826,351.59793071405267
"(80, 942.7970245832736)",56.609122954788255,35.75969268203014,0.43832768491617485,59.31415709228037,353.93988003916394
"(81, 942.7970245832736)",56.449084305381234,36.08294028452897,0.4422899217988541,60.700143024617354,356.2894792505111
"(82, 942.7970245832736)",56.28773312414735,36.40862057956732,0.44628197763155936,62.1068107307624,358.6465099054108
"(83, 942.7970245832736)",56.125073390614396,36.736730428931715,0.45030381394734825,63.53435796903164,361.0107379790283
"(84, 942.7970245832736)",55.96111121363647,37.067265361048406,0.4543553759355049,64.98298253689819,363.3819139985105
"(85, 942.7970245832736)",55.7958547847809,37.40021957174881,0.4584365924508995,66.45288210213218,365.7597732206707
"(86, 942.7970245832736)",55.62931432700453,37.73558592894828,0.46254737607136,67.94425403819113,368.1440358506876
"(87, 942.7970245832736)",55.46150203888183,38.07335598107661,0.46668762320099544,69.4572952641557,370.5344072995827
"(88, 942.7970245832736)",55.29243203470923,38.413519969072546,0.4708572142172434,70.99220208911137,372.9305784784748
"(89, 942.7970245832736)",55.122120280739345,38.75606684179912,0.4750560136597505,72.54917006169548,375.33222612710824
"(90, 942.7970245832736)",54.950584527831246,39.100984274714364,0.4792838704593225,74.12839382446795,377.7390131753365
"(91, 942.7970245832736)",54.77784424077831,39.44825869165999,0.48354061820500066,75.73006697364008,380.15058913519124
"(92, 942.7970245832736)",54.603920524568565,39.79787528962841,0.48782607544757417,77.35438192423625,382.56659052187223
"(93, 942.7970245832736)",54.428836047843156,40.149818066361306,0.49214004603785383,79.00152978090699,384.9866413018569
"(94, 942.7970245832736)",54.25261496382221,40.5040698506307,0.49648231949800103,80.67170021457127,387.4103533663463
"(95, 942.7970245832736)",54.075282828936615,40.8606123350822,0.5008526714239395,82.36508134507423,389.8373270279999
"(96, 942.7970245832736)",53.896866519427235,41.21942611148127,0.5052508639174693,84.0818596300492,392.2671515394693
"(97, 942.7970245832736)",53.71739414619263,41.58049070821179,0.5096766460459099,85.82221976014317,394.69940563152295
"(98, 942.7970245832736)",53.536894968108314,41.943784629894125,0.5141297543276565,87.58634456076332,397.1336580690807
"(99, 942.7970245832736)",53.35539930410447,42.3092853989485,0.5186099132417367,89.37441490052721,399.5694682231718
"(100, 942.7970245832736)",53.172938444247976,42.676969598957434,0.5231168357593259,91.18660960651958,402.00638665678986
"(101, 942.7970245832736)",52.98954456006936,43.04681291967289,0.5276502238953034,93.02310538652127,404.44395572266893
"(102, 942.7970245832736)",52.80525061442143,43.418790203477144,0.5322097692778824,94.88407675832227,406.88171017101587
"(103, 942.7970245832736)",52.62009027108602,43.792875493153836,0.5367951537341539,96.76969598622843,409.31917776505276
"(104, 942.7970245832736)",52.43409780438959,44.169042080787655,0.5414060498893998,98.6801330248517,411.75587990225773
"(105, 942.7970245832736)",52.24730800906341,44.54726255761505,0.5460421217782208,100.61555547029009,414.1913322393539
"(106, 942.7970245832736)",52.05975611057968,44.927508864657646,0.5507030254651047,102.57612851873732,416.6250453187702
"(107, 942.7970245832736)",51.8714776761908,45.309752343951885,0.5553884096725009,104.5620149326118,419.05652519465826
"(108, 942.7970245832736)",51.68250852687779,45.69396379021508,0.5600979164139569,106.57337501421877,421.48527405615084
"(109, 942.7970245832736)",51.49288465042731,46.0801135027489,0.5648311816304967,108.61036658700203,423.91079084608486
"(110, 942.7970245832736)",51.30264211580859,46.46817133743289,0.569587835827823,110.67314498438213,426.3325718729155
"(111, 942.7970245832736)",51.111816989054184,46.858106758615364,0.5743675047123816,112.76186304618956,428.7501114139632
"(112, 942.7970245832736)",50.92044525079697,47.24988889074371,0.579169809824282,114.87667112269142,431.1629023081021
"(113, 942.7970245832736)",50.728562715624925,47.64348656957013,0.5839943691649483,117.01771708617898,433.5704365359201
"(114, 942.7970245832736)",50.53620495337693,48.03886839278144,0.5888407978176539,119.18514635008097,435.97220578564406
"(115, 942.7970245832736)",50.343407212534444,48.43600276988424,0.5937087085590558,121.3791018955767,438.3677020030791
"(116, 942.7970245832736)",50.150204345783735,48.83485797121995,0.5985977124599877,123.59972430561972,440.75641792401063
"(117, 942.7970245832736)",49.95663073786007,49.235402175963635,0.6035074194737768,125.84715180634073,443.1378475874657
"(118, 942.7970245832736)",49.76272023575297,49.637603518973435,0.6084374390105569,128.12152031573552,445.5114868284846
"(119, 942.7970245832736)",49.568506081321566,50.0414301363809,0.6133873804960535,130.4229634995581,447.8768337490494
"(120, 942.7970245832736)",49.374020846379146,50.44685020979968,0.6183568539135311,132.75161283433061,450.23338916602046
"(17, 942.9900861364011)",64.62737792040699,20.455463908481235,0.25073470900930395,6.975571028706975,229.46477381736202
"(18, 942.9900861364011)",64.54797819247752,20.58551849021255,0.25232886487160117,7.318108858652849,230.62550916131866
"(19, 942.9900861364011)",64.46403334694753,20.722886645632414,0.2540126675284588,7.677430315412747,231.8539969169856
"(20, 942.9900861364011)",64.37583400876385,20.86725007308601,0.2557822153683966,8.053296949965201,233.14679635243863
"(21, 942.9900861364011)",64.283679769039,21.01828104660066,0.2576334912605313,8.445492285277012,234.5003358301132
"(22, 942.9900861364011)",64.18787229161089,21.175649376325953,0.2595624478726572,8.853820726485104,235.91099435072704
"(23, 942.9900861364011)",64.0887098049369,21.339027934540187,0.2615650754070646,9.2781063152232,237.3751666731589
"(24, 942.9900861364011)",63.98648280503651,21.5080969378532,0.26363745408974076,9.71819142149363,238.8893141193725
"(25, 942.9900861364011)",63.88147078648667,21.68254718052676,0.2657757938032271,10.17393543950061,240.4500032519749
"(26, 942.9900861364011)",63.77393982717706,21.86208240199735,0.2679764631067364,10.64521353309762,242.05393449445185
"(27, 942.9900861364011)",63.66414087025491,22.046420951705247,0.27023600964290856,11.131915460866086,243.6979625494576
"(28, 942.9900861364011)",63.552308568296894,22.235296891233777,0.2725511736474182,11.633944498870006,245.37911021548612
"(29, 942.9900861364011)",63.438660577050044,22.42846065054371,0.2749188959928272,12.151216470420474,247.09457694237997
"(30, 942.9900861364011)",63.32339720634865,22.625679333978912,0.27733632193943336,12.68365888554354,248.8417432288754
"(31, 942.9900861364011)",63.20670135441404,22.82673675274971,0.2798008015335035,13.231210188192016,250.61817175092054
"(32, 942.9900861364011)",63.08873866636165,23.031433245240194,0.282309887404622,13.793819105803802,252.42160593503837
"(33, 942.9900861364011)",62.96965787024822,23.239585333518324,0.28486133055533497,14.371444093553544,254.24996654375164
"(34, 942.9900861364011)",62.84959125350281,23.451025254299307,0.2874530746119433,14.964052864225534,256.1013467242642
"(35, 942.9900861364011)",62.72865525006533,23.665600394632083,0.2900832489073228,15.571621993910629,257.9740058799328
"(36, 942.9900861364011)",62.6069511132543,23.883172656644064,0.2927501606942161,16.194136593011798,259.86636265647235
"(37, 942.9900861364011)",62.48456565618014,24.103617770270418,0.2954522867210272,16.831590033522556,261.77698727073556
"(38, 942.9900861364011)",62.36157204046691,24.326824570455422,0.29818826437197193,17.483983721876587,263.7045933831132
"(39, 942.9900861364011)",62.23803060049353,24.55269425138485,0.3009568825257929,18.151326909291786,265.6480296670484
"(40, 942.9900861364011)",62.11398968994789,24.78113960879984,0.30375707226835996,18.833636531201037,267.6062712116808
"(41, 942.9900861364011)",61.98948653978238,25.01208427948558,0.30658789757063204,19.53093706855721,269.5784108699512
"(42, 942.9900861364011)",61.864548116633095,25.245461985843246,0.309448546028923,20.243260423755427,271.56365065084276
"(43, 942.9900861364011)",61.73919198074297,25.48121579058663,0.31233831972918463,20.970645810934073,273.56129321418854
"(44, 942.9900861364011)",61.6134271205528,25.719297369979955,0.3152566263389373,21.713139645503773,275.5707335809219
"(45, 942.9900861364011)",61.48725476744881,25.959666307872926,0.3182029704535024,22.47079543494303,277.59145108186385
"(46, 942.9900861364011)",61.360669199963226,26.20228941200651,0.3211769452157499,23.243673679721315,279.6230015543049
"(47, 942.9900861364011)",61.233658500146724,26.447140060992812,0.3241782243115933,24.03184175718994,281.665009909945
"(48, 942.9900861364011)",61.106205285941364,26.694197579347236,0.3272065543094345,24.835373806726682,283.717163025922
"(49, 942.9900861364011)",60.978287406103384,26.94344664401346,0.3302617473854215,25.654350606991397,285.7792030075456
"(50, 942.9900861364011)",60.84987859769452,27.194876722967653,0.33334367444240803,26.488859445740115,287.8509208297307
"(51, 942.9900861364011)",60.72094910494691,27.448481546410765,0.33645225862773515,27.33899398176047,289.9321503623942
"(52, 942.9900861364011)",60.591466259044736,27.70425861051745,0.33958746925052374,28.204854098773435,292.02276278062044
"(53, 942.9900861364011)",60.461395018784266,27.96220871344183,0.34274931609423537,29.086545751417713,294.1226613554779
"(54, 942.9900861364011)",60.33069847258897,28.22233552292079,0.34593784411648054,29.984180803578617,296.2317766176623
"(55, 942.9900861364011)",60.19933830269025,28.484645174586174,0.34915312852532754,30.897876859493746,298.3500618833988
"(56, 942.9900861364011)",60.06727521257796,28.749145899908562,0.3523952702187723,31.827757088146605,300.47748912951386
"(57, 942.9900861364011)",59.9344693191129,29.015847682513126,0.35566439157201296,32.77395004154408,302.61404520259913
"(58, 942.9900861364011)",59.80088051076957,29.284761941554304,0.3589606325563683,33.73658946750174,304.7597283464051
"(59, 942.9900861364011)",59.66646877369855,29.555901240711385,0.36228414717228047,34.71581411757572,306.91454503026563
"(60, 942.9900861364011)",59.531194487321926,29.829279021357365,0.3656351001786025,35.711767550787194,309.07850706112487
"(61, 942.9900861364011)",59.39501869121602,30.104909358439038,0.3690136641002793,36.72459793378131,311.25162896165006
"(62, 942.9900861364011)",59.25790332505336,30.382806737610682,0.3724200164965295,37.754457838019675,313.43392559696264
"(63, 942.9900861364011)",59.119811443351395,30.66298585219338,0.3758543374720948,38.801504034588596,315.62541003296207
"(64, 942.9900861364011)",58.980707406732876,30.945461418580827,0.37931680741444507,39.86589728717291,317.8260916095593
"(65, 942.9900861364011)",58.840557051331146,31.230248008758167,0.38280760494107896,40.947802143706696,320.03597421335076
"(66, 942.9900861364011)",58.69932783792228,31.51735989868295,0.3863269050408209,42.04738672716442,322.25505473408856
"(67, 942.9900861364011)",58.556988982258254,31.80681093132397,0.38987487739512205,43.16482252594699,324.483321691298
"(68, 942.9900861364011)",58.413511568021576,32.09861439323877,0.3934516848651681,44.3002841842551,326.720754017262
"(69, 942.9900861364011)",58.26886864369769,32.39278290364968,0.3970574821322255,45.453949292819814,328.96731998415015
"(70, 942.9900861364011)",58.12303530458305,32.68932831504989,0.40069241447930487,46.62599818033722,331.222976263705
"(71, 942.9900861364011)",57.97598876107964,32.988261624434635,0.40435661670309603,47.81661370591767,333.4876671087586
"(72, 942.9900861364011)",57.82770839428394,33.289592894355266,0.40805021214620135,49.02598105283169,335.7613236468915
"(73, 942.9900861364011)",57.67817579984962,33.59333118302726,0.4117733118405368,50.254287523837284,338.04386327734164
"(74, 942.9900861364011)",57.52737482099696,33.899484482818444,0.41552601375326054,51.50172233832884,340.33518916277376
"(75, 942.9900861364011)",57.37529157145667,34.20805966649384,0.41930840212796794,52.768476431534175,342.63518980883504
"(76, 942.9900861364011)",57.22191444907823,34.51906244066726,0.4231205469139289,54.05474225601095,344.94373872443606
"(77, 942.9900861364011)",57.06723414077961,34.832497305929984,0.42696250327759927,55.36071358562695,347.2606941571298
"(78, 942.9900861364011)",56.911243619419494,35.14836752323369,0.4308343111903744,56.68658532224701,349.5858988976812
"(79, 942.9900861364011)",56.753938133163864,35.46667508609215,0.4347359950879307,58.03255330533346,351.9191801492284
"(80, 942.9900861364011)",56.595315187826685,35.787420698255715,0.43866756359655396,59.398814124634015,354.2603494565256
"(81, 942.9900861364011)",56.43537452266484,36.11060375651669,0.44262900932236654,60.785564936181295,356.6092026911871
"(82, 942.9900861364011)",56.27411808003139,36.43622233836043,0.44662030869997715,62.19300328178128,358.96552008947623
"(83, 942.9900861364011)",56.11154996927562,36.76427319420019,0.4506414218972741,63.62132691219135,361.3290663393494
"(84, 942.9900861364011)",55.947676425275155,37.09475174394082,0.4546922927733416,65.07073361417257,363.6995907137186
"(85, 942.9900861364011)",55.782505761896076,37.4276520776805,0.4587728488869924,66.54142104163846,366.07682724734866
"(86, 942.9900861364011)",55.61604832073676,37.76296696032816,0.4628830015534391,68.0335865510437,368.46049495490973
"(87, 942.9900861364011)",55.448316415435414,38.100687839970874,0.46702264594686066,69.54742704134844,370.85029808773163
"(88, 942.9900861364011)",55.27932427183301,38.44080485982056,0.47119166124676565,71.08313879843077,373.2459264274107
"(89, 942.9900861364011)",55.109087964275034,38.7833068735739,0.4753899108263297,72.64091734466132,375.6470556138354
"(90, 942.9900861364011)",54.93762534832219,39.12818146403917,0.4796172424807054,74.22095729332709,378.0533475060565
"(91, 942.9900861364011)",54.76495599013106,39.47541496488628,0.4838734886935733,75.82345220840173,380.4644505738719
"(92, 942.9900861364011)",54.591101092774956,39.82499248536731,0.48815846694027365,77.44859446977746,382.8800003184448
"(93, 942.9900861364011)",54.41608341975881,40.17689793788001,0.49247198002554554,79.09657514413696,385.2996197199162
"(94, 942.9900861364011)",54.239927215985865,40.531114068222756,0.49681381645445827,80.76758386165933,387.72291971048446
"(95, 942.9900861364011)",54.06265812644286,40.88762248840309,0.5011837508344948,82.46180869877509,390.1494996708098
"(96, 942.9900861364011)",53.88430311285114,41.24640371185422,0.5055815443072929,84.17943606709525,392.5789479482135
"(97, 942.9900861364011)",53.70489036855886,41.607437190909174,0.5100069450079804,85.92065060872976,395.0108423945085
"(98, 942.9900861364011)",53.52444923190818,41.97070135639352,0.5144596885504255,87.68563509813336,397.44475092173843
"(99, 942.9900861364011)",53.34301009835328,42.33617365916975,0.5189394985365275,89.47457035064569,399.88023207389523
"(100, 942.9900861364011)",53.16060433159288,42.70383061347568,0.5234460870874306,91.28763513785155,402.3168356124868
"(101, 942.9900861364011)",52.97726417394425,43.07364784190854,0.5279791553948718,93.12500610992622,404.75410311410826
"(102, 942.9900861364011)",52.79302265624455,43.445600121867905,0.5325383942905629,94.9868577250481,407.19156857795065
"(103, 942.9900861364011)",52.60791350750431,43.81966143330901,0.5371234848314281,96.8733621860198,409.6287590410525
"(104, 942.9900861364011)",52.421971064572844,44.19580500761827,0.5417340988987548,98.78468938418037,412.0651951993821
"(105, 942.9900861364011)",52.23523018204551,44.57400337744666,0.5463698998090155,100.72100685069348,414.50039203254687
"(106, 942.9900861364011)",52.04772614265106,44.95422842731974,0.5510305429342316,102.682479715288,416.9338594300509
"(107, 942.9900861364011)",51.85949456833493,45.336451444853545,0.5557156763297192,104.66927067249694,419.36510281701345
"(108, 942.9900861364011)",51.67057133226907,45.720643172387504,0.5604249413670686,106.68153995545332,421.7936237772662
"(109, 942.9900861364011)",51.48099247197427,46.10677385887535,0.5651579733701201,108.7194453172541,424.2189206717094
"(110, 942.9900861364011)",51.29079410375667,46.49481331184794,0.5699144022519429,110.7831420199276,426.6404892500076
"(111, 942.9900861364011)",51.10001233864114,46.88473094928187,0.5746938531505795,112.87278283098709,429.0578232535382
"(112, 942.9900861364011)",50.90868319997012,47.276495851200124,0.5794959470616247,114.98851802758183,431.470415007755
"(113, 942.9900861364011)",50.716842542809204,47.67007681085526,0.5843203014655269,117.13049540820238,433.8777560020228
"(114, 942.9900861364011)",50.52452597531475,48.065442385321205,0.5891665309477675,119.29886031191813,436.2793374552018
"(115, 942.9900861364011)",50.33176878217142,48.46256094535708,0.5940342478100238,121.49375564510406,438.67465086524254
"(116, 942.9900861364011)",50.138605850232686,48.86140072437944,0.5989230626705405,123.71532191558234,441.06318854118786
"(117, 942.9900861364011)",49.94507159641728,49.26192986643351,0.6038325850520403,125.96369727414053,443.44444411604866
"(118, 942.9900861364011)",49.75119989798234,49.664116473004896,0.6087624239555849,128.2390175633255,445.8179130391558
"(119, 942.9900861364011)",49.55702402520322,50.06792864857209,0.6137121884189235,130.54141637344898,448.183093046671
"(120, 942.9900861364011)",49.36257657652249,50.47333454477857,0.6186814880579231,132.8710251057024,450.5394846090353
"(17, 943.1680119261056)",64.59593118396533,20.496133713827042,0.2512332228467075,7.020227561633286,229.93491176048408
"(18, 943.1680119261056)",64.51703694101379,20.625753279296756,0.25282204645762113,7.363048557957985,231.09061837056606
"(19, 943.1680119261056)",64.43360794010077,20.762678969511423,0.25450042555698627,7.722669123466806,232.31399128346374
"(20, 943.1680119261056)",64.34593150544976,20.90659534779315,0.25626449365106035,8.09885011806878,233.60162288605193
"(21, 943.1680119261056)",64.25430422519622,21.057177262745398,0.25811026516703,8.49137435279004,234.94997130251758
"(22, 943.1680119261056)",64.15902507651545,21.21409679957676,0.26003372065943253,8.900045515126068,236.3554418329792
"(23, 943.1680119261056)",64.0603899201645,21.377028810210046,0.26203087459625846,9.324686935424047,237.81445212078768
"(24, 943.1680119261056)",63.958687194392425,21.54565520889216,0.26409782801242526,9.765140288114171,239.3234831123675
"(25, 943.1680119261056)",63.85419462903982,21.719668224882476,0.2662308083800839,10.221264294599111,240.87911795872455
"(26, 943.1680119261056)",63.747176808385646,21.898772792830155,0.268426198908869,10.692933473914252,242.47807089984505
"(27, 943.1680119261056)",63.63788342848489,22.08268824201228,0.2706805592518693,11.180036971440531,244.11720796519145
"(28, 943.1680119261056)",63.526548115798875,22.271149423013895,0.2729906393160271,11.682477484111699,245.79356107402214
"(29, 943.1680119261056)",63.41338769562487,22.463907387710346,0.27535338759705397,12.2001702916127,247.50433686541908
"(30, 943.1680119261056)",63.29860181886056,22.660729717541646,0.2777659552033187,12.733042396559995,249.2469213533098
"(31, 943.1680119261056)",63.18237287375588,22.86140057647189,0.28022569650498946,13.28103177179726,251.0188812914219
"(32, 943.1680119261056)",63.06486612388581,23.065720549728766,0.28273016715735527,13.84408670957292,252.81796295976537
"(33, 943.1680119261056)",62.94623002568049,23.273506316735062,0.28527712009178335,14.422165265083686,254.64208893988848
"(34, 943.1680119261056)",62.82659668845482,23.48459019648115,0.28786449994302,15.015234785315887,256.4893533300448
"(35, 943.1680119261056)",62.70608244713261,23.698819595744116,0.29049043628578736,15.623271513543864,258.35801576166926
"(36, 943.1680119261056)",62.58478852257767,23.916056384633887,0.2931532359803868,16.24626025895008,260.2464945103758
"(37, 943.1680119261056)",62.46280175113441,24.136176218590762,0.29585137486207097,16.884194122419796,262.1533589318447
"(38, 943.1680119261056)",62.34019536405158,24.35906782343813,0.2985834889775301,17.53707426781983,264.07732142507757
"(39, 943.1680119261056)",62.21702980373311,24.58463225628618,0.30134836552521777,18.204909730732833,266.0172290788682
"(40, 943.1680119261056)",62.09335356349408,24.812782153448275,0.3041449336368554,18.88771725622749,267.9720551394427
"(41, 943.1680119261056)",61.96920403973649,25.043440974640074,0.3069722551129512,19.58552115851539,269.9408904128401
"(42, 943.1680119261056)",61.84460838545312,25.276542251490188,0.309829515211387,20.298353195235038,271.92293470271795
"(43, 943.1680119261056)",61.71958436402586,25.51202884550864,0.31271601355193773,21.026252456134678,273.9174883431035
"(44, 943.1680119261056)",61.594141180268174,25.74985222407128,0.31563115524154256,21.769265251007187,275.9239439400985
"(45, 943.1680119261056)",61.46828029219346,25.98997175670929,0.31857444224850096,22.527444998938172,277.94177834704846
"(46, 943.1680119261056)",61.34199621273184,26.232354033294484,0.3215454650451702,23.300852127778793,279.9705448827295
"(47, 943.1680119261056)",61.21527726394413,26.476972212576577,0.32454389462246824,24.089553956574896,282.00986591725393
"(48, 943.1680119261056)",61.08810630760346,26.723805398492043,0.32756947484500587,24.893624579373586,284.059425777869
"(49, 943.1680119261056)",60.960461438597065,26.972838047738815,0.3306220151893396,25.713144741173316,286.1189640239588
"(50, 943.1680119261056)",60.8323166411213,27.22405940925597,0.33370138387336207,26.54820170652524,288.18826909830386
"(51, 943.1680119261056)",60.70364240647301,27.477462996107437,0.3368075013828734,27.398889120302464,290.26717236078133
"(52, 943.1680119261056)",60.57440631190522,27.7330460898135,0.3399403343958539,28.265306860531755,292.3555425051013
"(53, 943.1680119261056)",60.444573560521825,27.990809276817107,0.3430998901006492,29.147560883361518,294.4532803549331
"(54, 943.1680119261056)",60.31410748264944,28.250756016453042,0.34628621090041173,30.04576306044731,296.5603140319181
"(55, 943.1680119261056)",60.182969999482346,28.51289223955419,0.3494993694928564,30.960031009184615,298.67659448482016
"(56, 943.1680119261056)",60.051122050093795,28.77722597661694,0.3527394643125336,31.89048791629117,300.8020913672406
"(57, 943.1680119261056)",59.91852398317023,29.043767014295813,0.3560066153202463,32.83726235533205,302.9367892488065
"(58, 943.1680119261056)",59.78513591497685,29.312526578892903,0.35930096012336216,33.80048809881652,305.0806841438759
"(59, 943.1680119261056)",59.65091805518272,29.583517045435187,0.3626226504099716,34.78030392549528,307.2337803410528
"(60, 943.1680119261056)",59.515831002266225,29.85675167090318,0.36597184867868315,35.776853423503574,309.3960875156916
"(61, 943.1680119261056)",59.37983601026053,30.13224435012983,0.36934872524668017,36.790284789985556,311.5676181083672
"(62, 943.1680119261056)",59.242895228610145,30.410009392926476,0.3727534555177973,37.82075062780398,313.74838495150294
"(63, 943.1680119261056)",59.1049719168429,30.69006132103002,0.3761862174934909,38.868407739903915,315.93839912743346
"(64, 943.1680119261056)",58.96603063579477,30.9724146834636,0.3796471895097851,39.9334169218821,318.13766804139533
"(65, 943.1680119261056)",58.82603741700796,31.257083889011227,0.3831365481836459,41.015942753275695,320.3461936933242
"(66, 943.1680119261056)",58.68495991186759,31.54408305453123,0.3866544665537456,42.11615338801818,322.5639711338269
"(67, 943.1680119261056)",58.54276752196373,31.833425867925445,0.3902011124007871,43.234220344536084,324.7909870898691
"(68, 943.1680119261056)",58.399431512087325,32.12512546463778,0.39377664673366947,44.37031829583808,327.02721874688535
"(69, 943.1680119261056)",58.25492510715069,32.41919431664862,0.39738122242882395,45.52462486001996,329.2726326749395
"(70, 943.1680119261056)",58.10922357427132,32.71564413298637,0.40101498301074684,46.69732039146958,331.5271838873576
"(71, 943.1680119261056)",57.962304291119025,33.01448577087869,0.40467806156286584,47.88858777312752,333.79081502123086
"(72, 943.1680119261056)",57.81414680159578,33.31572915670365,0.40837057975867525,49.09861221006266,336.0634556300382
"(73, 943.1680119261056)",57.66473285977689,33.61938321601012,0.41209264700389053,50.32758102464407,338.3450215793818
"(74, 943.1680119261056)",57.514046463003844,33.925455811910204,0.4158443596813485,51.5756834535538,340.635414537788
"(75, 943.1680119261056)",57.36207387490748,34.23395369123996,0.4196258004909928,52.84311044687627,342.934521555114
"(76, 943.1680119261056)",57.20880363911519,34.544882437909116,0.42343703787810466,54.13005446947539,345.24221472189566
"(77, 943.1680119261056)",57.05422658427769,34.85824643295258,0.42727812554361666,55.436709304906294,347.5583509035796
"(78, 943.1680119261056)",56.898335821038835,35.174048820817774,0.4311491020308816,56.76326986201962,349.8827715441726
"(79, 943.1680119261056)",56.741126731469784,35.4922914814943,0.43504999038404213,58.109931984499305,352.21530253448907
"(80, 943.1680119261056)",56.58259695151262,35.81297500809889,0.4389807978732789,59.47689226350781,354.55575414036826
"(81, 943.1680119261056)",56.42274634684062,36.13609868961217,0.44294151578321955,60.86434785364825,356.90392098714665
"(82, 943.1680119261056)",56.26157698259312,36.46166049845736,0.44693211926062504,62.27249629241573,359.25958209654914
"(83, 943.1680119261056)",56.09909308736044,36.78965708265911,0.45095256721838334,63.70153532336784,361.6225009729683
"(84, 943.1680119261056)",55.93530101177122,37.120083762354476,0.4550028022926415,65.15166272317035,363.9924257359872
"(85, 943.1680119261056)",55.77020918203779,37.452934530423384,0.45908275085057515,66.62307613273889,366.3690892965657
"(86, 943.1680119261056)",55.60382804875577,37.78820205705662,0.4631923230463838,68.11597289264853,368.7522095744438
"(87, 943.1680119261056)",55.43617003127583,38.125877698069885,0.4673314129231912,69.63054988310515,371.141489754279
"(88, 943.1680119261056)",55.26724945793364,38.46595150679617,0.471499898558831,71.16700336839492,373.53661857869815
"(89, 943.1680119261056)",55.09708250239914,38.80841224940752,0.4756976422536182,72.72552884648044,375.93727067580045
"(90, 943.1680119261056)",54.92568711644805,39.1532474234958,0.4799244907581463,74.30632090347405,378.3431069195354
"(91, 943.1680119261056)",54.753082959395044,39.500443279782594,0.48418027553940435,75.90957307345536,380.7537748208787
"(92, 943.1680119261056)",54.57929132446075,39.84998484681024,0.4884648130833824,77.5354777037534,383.16890894795716
"(93, 943.1680119261056)",54.40433506233529,40.20185595846882,0.4927779052325121,79.1842258258767,385.58813137338257
"(94, 943.1680119261056)",54.22823850219377,40.55603928422173,0.49711933955616966,80.8560070322931,388.0110521469181
"(95, 943.1680119261056)",54.05102737042391,40.91251636188662,0.5014888897524731,82.55100935924743,390.4372697916225
"(96, 943.1680119261056)",53.87272870732446,41.27126763282604,0.5058863160796471,84.26941917577403,392.8663718216882
"(97, 943.1680119261056)",53.69337078203235,41.632272479402104,0.51031136581512,86.0114210790913,395.29793528005104
"(98, 943.1680119261056)",53.51298300593845,41.995509264542484,0.5147637737405101,87.77719779654257,397.73152729387397
"(99, 943.1680119261056)",53.33159584484963,42.36095537326435,0.519243262650609,89.56693009421242,400.1667056459872
"(100, 943.1680119261056)",53.14924073015411,42.728587255997326,0.5237495438844143,91.38079669239903,402.6030193602686
"(101, 943.1680119261056)",52.96594996924379,43.09838047354438,0.528282317876248,93.21897418804292,405.0400092990129
"(102, 943.1680119261056)",52.781756655456185,43.47030974350954,0.5328412747248435,95.08163698424752,407.477208770155
"(103, 943.1680119261056)",52.59669457776933,43.84434898803128,0.5374260947784476,96.96895722700631,409.91414414239296
"(104, 943.1680119261056)",52.41079813051233,44.220471382641115,0.5420364492336758,98.8811047492139,412.35033546599755
"(105, 943.1680119261056)",52.224102223314574,44.59864940607766,0.5466720007461925,100.81824702207363,414.7852970973792
"(106, 943.1680119261056)",52.036642191538476,44.97885489088057,0.5513324040507661,102.78054911393774,417.21853832506366
"(107, 943.1680119261056)",51.84845370741392,45.36105907458141,0.5560173065888427,104.76817365666358,419.6495639952431
"(108, 943.1680119261056)",51.65957269208996,45.74523265132322,0.560726349141208,106.78128081952438,422.07787513457214
"(109, 943.1680119261056)",51.47003522880608,46.13134582372721,0.5654591664637845,108.82002829067932,424.50296956836104
"(110, 943.1680119261056)",51.27987747738197,46.519368354833595,0.5702153879242846,110.8845712662613,426.9243425319592
"(111, 943.1680119261056)",51.089135590203014,46.909269619945206,0.5749946381376998,112.97506244703992,429.3414872734649
"(112, 943.1680119261056)",50.897845629864875,47.3010186582091,0.5797965375985591,115.09165204268358,431.7538956457889
"(113, 943.1680119261056)",50.70604348864188,47.69458422376733,0.5846207033079243,117.23448778358213,434.16105868619445
"(114, 943.1680119261056)",50.51376480990131,48.089934836327544,0.5894667493932312,119.40371494018916,436.56246718156865
"(115, 943.1680119261056)",50.32104491160965,48.4870388309893,0.5943342877190998,121.59947634985579,438.9576122176856
"(116, 943.1680119261056)",50.127918712011734,48.88586440719891,0.5992229284873444,123.82191245108928,441.3459857108583
"(117, 943.1680119261056)",49.93442065760337,49.28637967667707,0.6041322808244904,126.07116132516566,443.72708092045264
"(118, 943.1680119261056)",49.74058465345115,49.688552710205855,0.6090619533552265,128.34735874502803,446.1003929408514
"(119, 943.1680119261056)",49.546443995941175,50.092351583140776,0.6140115547603382,130.65063823139542,448.4654191715699
"(120, 943.1680119261056)",49.35203130797739,50.497744419553435,0.6189806943177278,132.98113111596913,450.8216597643227
"(17, 943.3301270189222)",64.56737371687908,20.53312951197592,0.2516867022067903,7.060993026236257,230.36265573546888
"(18, 943.3301270189222)",64.48893570905219,20.66235599414507,0.2532707075633991,7.4040712037800835,231.5138175321735
"(19, 943.3301270189222)",64.40597244863616,20.79888174239186,0.2549441843377322,7.763963461998955,232.73256633204952
"(20, 943.3301270189222)",64.31876828192729,20.942393908904,0.2567032977692626,8.14043003656167,234.01552445429303
"(21, 943.3301270189222)",64.22761708437154,21.09256967156036,0.2585440908365017,8.533253094692073,235.35917695409682
"(22, 943.3301270189222)",64.1328154031153,21.249083176437747,0.26046256935534906,8.94223567432103,236.7599529593352
"(23, 943.3301270189222)",64.03465695451962,21.411611071120895,0.2624547698041687,9.367200461464671,238.2142908746238
"(24, 943.3301270189222)",63.93342831055176,21.57983681189691,0.26451681211961314,9.80798850000722,239.71868947542782
"(25, 943.3301270189222)",63.829405598101616,21.75345393355278,0.2666449397764658,10.264457901063361,241.26974700722297
"(26, 943.3301270189222)",63.72285204250054,21.932168460043084,0.2688355493366182,10.736482598415323,242.86419030449844
"(27, 943.3301270189222)",63.61401620304144,22.115700615476076,0.27108521142163644,11.223951180603171,244.49889574272052
"(28, 943.3301270189222)",63.50313076879251,22.303785972774712,0.2733906847925744,11.726765818383635,246.1709035927857
"(29, 943.3301270189222)",63.39041180446958,22.49617615490537,0.2757489249453575,12.244841297317667,247.87742709671767
"(30, 943.3301270189222)",63.276058355524185,22.692639183178827,0.27815708838010533,12.778104158606732,249.6158573542116
"(31, 943.3301270189222)",63.1602523397241,22.89295954858845,0.280612533475581,13.326491946521328,251.38376490010006
"(32, 943.3301270189222)",63.043158666603894,23.096938067193022,0.28311281871648986,13.889952557278642,253.17889868323286
"(33, 943.3301270189222)",62.924925282746436,23.3043916395405,0.2856557034112316,14.468443681934067,254.99918730066258
"(34, 943.3301270189222)",62.80568489530059,23.51515245042761,0.28823911955000586,15.061932334350342,256.84271292257904
"(35, 943.3301270189222)",62.68555297511572,23.729068145724963,0.29086121063788817,15.670394454597341,258.70774832131923
"(36, 943.3301270189222)",62.5646309623416,23.94600050041755,0.2935202787026212,16.293814577354432,260.5927072138187
"(37, 943.3301270189222)",62.443005707868366,24.16582510762119,0.2962147988155301,16.932185556349612,262.4961582351889
"(38, 943.3301270189222)",62.32075049995189,24.388430599056083,0.29894340586978835,17.585508334241286,264.41681269637536
"(39, 943.3301270189222)",62.19792587325908,24.61371791197976,0.3017048855948219,18.253791749876363,266.35351630051633
"(40, 943.3301270189222)",62.07458044243859,24.84159954221692,0.30449816540025465,18.93705237457907,268.3052406694719
"(41, 943.3301270189222)",61.950751749046155,25.07199879263926,0.30732230516402753,19.63531437031253,270.2710747958175
"(42, 943.3301270189222)",61.82646711058977,25.304849025258328,0.31017648806499226,20.348609362452933,272.2502165221794
"(43, 943.3301270189222)",61.701744470549016,25.540092922200337,0.31306001152404755,21.076976327038935,274.2419641084861
"(44, 943.3301270189222)",61.57659322619825,25.777681764181686,0.31597227836014513,21.82046147724137,276.2457080026926
"(45, 943.3301270189222)",61.45101503764116,26.01757472887554,0.31891278818995755,22.579118151201964,278.2609228399893
"(46, 943.3301270189222)",61.32500462725884,26.259738210825,0.3218811290914663,23.35300671019024,280.28715968065677
"(47, 943.3301270189222)",61.19855053194602,26.504145171400687,0.3248769696362801,24.14219441972164,282.32403861279295
"(48, 943.3301270189222)",61.071635832049395,26.750774516294012,0.32790005125895194,24.94675533212019,284.37124167149807
"(49, 943.3301270189222)",60.94423884335696,26.999610504067036,0.33095018100737966,25.766770161303697,286.4285061253231
"(50, 943.3301270189222)",60.81633377211606,27.250642186428358,0.33402722468190654,26.602326150258058,288.49561813670294
"(51, 943.3301270189222)",60.68789133169777,27.503862880787853,0.3371311003723508,27.453516930773475,290.5724068055052
"(52, 943.3301270189222)",60.55887932120596,27.759269675059645,0.34026177237667343,28.320442375284046,292.6587385804869
"(53, 943.3301270189222)",60.429263163461854,28.016862964681042,0.3434192455488735,29.203208440909798,294.75451208345146
"(54, 943.3301270189222)",60.299006406962306,28.276646020818166,0.34660355998326675,30.101927005996565,296.85965325822906
"(55, 943.3301270189222)",60.16807118844615,28.538624589293434,0.34981478610980926,31.016715699539116,298.9741109145244
"(56, 943.3301270189222)",60.03641865958947,28.80280651896758,0.3530530201366178,31.94769772403314,301.09785260585664
"(57, 943.3301270189222)",59.90400937841559,29.0692014183881,0.35631837984130854,32.895001672313086,303.2308608425651
"(58, 943.3301270189222)",59.7708036669682,29.337820339404235,0.3596110006929781,33.858761339024184,305.37312962208455
"(59, 943.3301270189222)",59.63676193692156,29.60867548633246,0.36293103228709067,34.839115527336304,307.5246612591535
"(60, 943.3301270189222)",59.50184498481448,29.881779949226395,0.36627863507621633,35.83620785156489,309.6854634991997
"(61, 943.3301270189222)",59.36601425865556,30.15714745981358,0.3696539773782478,36.85018653630161,311.8555468969706
"(62, 943.3301270189222)",59.229232097683706,30.43479216862448,0.3730572326445603,37.881204212684835,314.0349224432358
"(63, 943.3301270189222)",59.09146194697706,30.714728441919952,0.37648857697094357,38.92941771236361,316.22359942280985
"(64, 943.3301270189222)",58.952668548633255,30.996970677032515,0.3799481868339948,39.99498785969463,318.42158348702685
"(65, 943.3301270189222)",58.81281811115857,31.28153313478944,0.3834362370371034,41.078079262698594,320.62887492516967
"(66, 943.3301270189222)",58.671878458597135,31.568429787780996,0.3869528988505736,42.17886010322143,322.84546711983035
"(67, 943.3301270189222)",58.52981916091955,31.85767418326552,0.39049833833112857,43.29750192674418,325.0713451718374
"(68, 943.3301270189222)",58.38661164704905,32.14927931959906,0.3940727148073276,44.434179432247475,327.30648468164037
"(69, 943.3301270189222)",58.24222930182397,32.44325753516019,0.3976761795179579,45.589070262471544,329.5508506746034
"(70, 943.3301270189222)",58.09664754813699,32.73962040878248,0.40130887439162605,46.76235479494708,331.8043966587262
"(71, 943.3301270189222)",57.94984391534334,33.03837867082505,0.40497093095668424,47.954215934060755,334.06706380427937
"(72, 943.3301270189222)",57.801798095008664,33.33954212404282,0.40866246937130285,49.16483890448446,336.3387802354131
"(73, 943.3301270189222)",57.652491984914946,33.64311957352747,0.412383597564674,50.39441104620558,338.61946042499846
"(74, 943.3301270189222)",57.501909722231396,33.94911876501557,0.41613441048086686,51.64312161141241,340.909004684448
"(75, 943.3301270189222)",57.35003770661707,34.25754633096418,0.4199149894178476,52.91116156348056,343.207298741207
"(76, 943.3301270189222)",57.196864613995224,34.56840774382742,0.4237254014547098,54.198723378263665,345.5142133971516
"(77, 943.3301270189222)",57.04238140167048,34.881707276021565,0.4275656989609849,55.506000847911764,347.8296042618884
"(78, 943.3301270189222)",56.88658130540112,35.19744796612317,0.4314359191823017,56.83318888742076,350.15331155534534
"(79, 943.3301270189222)",56.729459828703355,35.51563159102732,0.43533608389912176,58.18048334410564,352.48515997637304
"(80, 943.3301270189222)",56.571014725806954,35.83625864324383,0.43926619914840365,59.54808081020972,354.8249586275731
"(81, 943.3301270189222)",56.41124597713803,36.15932831378895,0.4432262550139806,60.93617843882332,357.1725010016362
"(82, 943.3301270189222)",56.25015575935489,36.48483847958429,0.44721622547201656,62.344973763318855,359.5275650161215
"(83, 943.3301270189222)",56.087748409343455,36.81278569558463,0.4512360682945573,63.77466452050181,361.88991309932203
"(84, 943.3301270189222)",55.92403038288186,37.14316519122237,0.455285725005937,65.22544847764631,364.2592923221063
"(85, 943.3301270189222)",55.759010208238145,37.47597087098976,0.4593651208899143,66.69752326364534,366.6354345735001
"(86, 943.3301270189222)",55.59269843503277,37.81119531895411,0.4634741650450172,68.19108620441939,369.0180567774856
"(87, 943.3301270189222)",55.4251075786685,38.14882980702329,0.46761275048587536,69.70633416291764,371.40686114859074
"(88, 943.3301270189222)",55.25625206060416,38.48886430680031,0.4717807542884916,71.2434633835761,373.8015354844696
"(89, 943.3301270189222)",55.08614814477006,38.83128750485563,0.475978037777468,72.80266934195757,376.20175349287865
"(90, 943.3301270189222)",54.91481387037746,39.17608682127686,0.48020444675338514,74.38414659925272,378.6071751516693
"(91, 943.3301270189222)",54.742268981400535,39.52324843134287,0.4844598117584845,75.98808866214532,381.01744709954903
"(92, 943.3301270189222)",54.56853485298867,39.87275729018325,0.4887439483788802,77.61468784813987,383.4322030558388
"(93, 943.3301270189222)",54.39363441507508,40.22459716027426,0.49305665758165085,79.26413515654774,385.8510642674762
"(94, 943.3301270189222)",54.21759207343092,40.57875064163958,0.497397726085012,80.93662014533413,388.2736399813633
"(95, 943.3301270189222)",54.040433628434265,40.93519920460632,0.50176692675981,82.63233081398462,390.6995279402413
"(96, 943.3301270189222)",53.8621861918073,41.29392322497285,0.5061640190606156,84.35145349260645,393.12831490025224
"(97, 943.3301270189222)",53.68287810158116,41.654902021443306,0.5105887494845447,86.09417273738393,395.5595771683042
"(98, 943.3301270189222)",53.50253883555248,42.01811389517131,0.5150408520560316,87.86067123260311,397.99288115734714
"(99, 943.3301270189222)",53.32119892347755,42.38353617126947,0.5195200488355769,89.65112969934772,400.4277839575937
"(100, 943.3301270189222)",53.138889858281566,42.75114524211093,0.524026050450548,91.46572681106522,402.8638339216743
"(101, 943.3301270189222)",52.955644006512856,43.120916612276375,0.5285585566461174,93.30463911607393,405.30057126184624
"(102, 943.3301270189222)",52.771494518327835,43.49282494496301,0.5331172568541167,95.1680409671842,407.7375286569892
"(103, 943.3301270189222)",52.58647523721869,43.86684410970418,0.5377018307779816,97.05610445851663,410.1742318675837
"(104, 943.3301270189222)",52.40062060976819,44.24294723120933,0.5423119489913785,98.96899936961206,412.6102003563043
"(105, 943.3301270189222)",52.21396559563836,44.621106739162435,0.5469472735486677,100.90689311693465,415.04494791238324
"(106, 943.3301270189222)",52.02654557803937,45.00129441880012,0.5516074586048195,102.86995071281808,417.47798327745124
"(107, 943.3301270189222)",51.83839627491156,45.38348146208462,0.5562921510426805,104.85833473192214,419.90881077079905
"(108, 943.3301270189222)",51.649553651016085,45.7676385193045,0.5610009911055076,106.87220528523632,422.33693091206345
"(109, 943.3301270189222)",51.46005383115316,46.15373575092347,0.5657336130324568,108.91172000167086,424.76184103911044
"(110, 943.3301270189222)",51.26993301469712,46.54174287949929,0.5704896456950426,110.97703401722987,427.18303591925456
"(111, 943.3301270189222)",51.07922739162569,46.931629241509526,0.5752687132323324,113.06829997179052,429.6000083516776
"(112, 943.3301270189222)",50.887973060218386,47.32336383890624,0.5800704356829538,115.1856680134614,432.012249759261
"(113, 943.3301270189222)",50.69620594656431,47.716915390249774,0.5848944296117994,117.32928581050528,434.4192507678535
"(114, 943.3301270189222)",50.503961726037915,48.11225238124673,0.5897403087295596,119.49929857078739,436.82050177124654
"(115, 943.3301270189222)",50.311275746845624,48.50934311455802,0.5946076845032192,121.69584906870402,439.215493480145
"(116, 943.3301270189222)",50.118182955764865,48.90815575872049,0.599496166755721,123.91907767953937,441.603717453492
"(117, 943.3301270189222)",49.9247178261662,49.30865839604867,0.6044053642531315,126.16912242117316,443.9846666106514
"(118, 943.3301270189222)",49.73091428838809,49.7108190693899,0.6093348852777526,128.44611900307345,446.35783572304933
"(119, 943.3301270189222)",49.53680566253507,50.114605827609275,0.61428433818564,130.75020088249414,448.7227218839003
"(120, 943.3301270189222)",49.342424593739615,50.51998676969429,0.6192533319472265,133.08149932776934,451.0788249548986
"(17, 943.4758164567753)",64.5417862966936,20.566328404857515,0.25209364065528006,7.097690770515381,230.74656267028593
"(18, 943.4758164567753)",64.46375482013515,20.69520426395477,0.2536733482177024,7.440999407465626,231.89366991555497
"(19, 943.4758164567753)",64.38120668491113,20.831373169003097,0.2553424509540805,7.801135154589909,233.10829223538528
"(20, 943.4758164567753)",64.29442358487606,20.974524581374187,0.25709714240893494,8.177857690932871,234.38707865204086
"(21, 943.4758164567753)",64.2036969765895,21.124337758835207,0.25893349105515534,8.570948609077345,235.7265382721885
"(22, 943.4758164567753)",64.10932123788923,21.280488689744846,0.260847525290621,8.980210366694434,237.12312152760356
"(23, 943.4758164567753)",64.01158816855002,21.442655628788593,0.2628353012928674,9.405465073796284,238.57328540715432
"(24, 943.4758164567753)",63.910782670419735,21.610523414131908,0.2648929559370429,9.846553210209438,240.07354466614072
"(25, 943.4758164567753)",63.80717943400413,21.783786752117365,0.26701674705838796,10.30333234081353,241.6205110977313
"(26, 943.4758164567753)",63.701040465094636,21.96215264575745,0.2692030832196765,10.775675875281257,243.21092285808425
"(27, 943.4758164567753)",63.592613301116316,22.14534212490054,0.27144854491890513,11.263471903247527,244.8416656401201
"(28, 943.4758164567753)",63.482129786894085,22.33309141428369,0.27374989890682855,11.766622123839001,246.50978725224073
"(29, 943.4758164567753)",63.36980530057306,22.525152653597065,0.27610410701311366,12.285040879518503,248.21250691174777
"(30, 943.4758164567753)",63.25583833954732,22.721294263531124,0.2785083306333253,12.818654297583123,249.94722033670698
"(31, 943.4758164567753)",63.14041039414781,22.92130103344934,0.280959931803542,13.36739953770831,251.71150151227837
"(32, 943.4758164567753)",63.023686050699666,23.124973991544792,0.28345647160874143,13.931224140600351,253.5031018404137
"(33, 943.4758164567753)",62.905813277686185,23.332130105704906,0.2859957065161235,14.510085470327121,255.3199472381048
"(34, 943.4758164567753)",62.78692385780666,23.542601853508554,0.2885755831044204,15.103950241522385,257.1601336374107
"(35, 943.4758164567753)",62.6671339361556,23.756236691867525,0.29119423156284696,15.71279412182078,259.0219212494395
"(36, 943.4758164567753)",62.54654465910899,23.97289645108726,0.2938499582637841,16.336601399168412,260.9037278895446
"(37, 943.4758164567753)",62.4252428853193,24.192456672730078,0.2965412376466371,16.9753647050842,262.80412159667935
"(38, 943.4758164567753)",62.303301949149926,24.414805908198844,0.2992667036200993,17.62908478326952,264.72181275303143
"(39, 943.4758164567753)",62.18078246323885,24.63984499109692,0.30202514064302294,18.297770295573734,266.6556458630747
"(40, 943.4758164567753)",62.057733146556345,24.86748629482451,0.3048154746243847,18.981437656947904,268.6045911329529
"(41, 943.4758164567753)",61.93419166662883,25.09765298490019,0.307636763758572,19.680110892261297,270.5677359669776
"(42, 943.4758164567753)",61.81018548456059,25.33027827429349,0.3104881893974715,20.393821507754538,272.5442764842108
"(43, 943.4758164567753)",61.68573270168447,25.565304687080854,0.3133690470247258,21.122608376974277,274.53350911696054
"(44, 943.4758164567753)",61.560842884469565,25.802683339185158,0.31627873743930984,21.866517625938798,276.53482240753215
"(45, 943.4758164567753)",61.43551787109584,26.04237323861667,0.3192167581781842,22.625602519729654,278.5476890291177
"(46, 943.4758164567753)",61.309752568867985,26.284340606931472,0.32218269519900083,23.399923359453908,280.5716580416678
"(47, 943.4758164567753)",61.18353570465179,26.528558230497524,0.3251762149281983,24.18954736218274,282.606347509523
"(48, 943.4758164567753)",61.05685055232089,26.775004839054137,0.32819705664360055,24.99454854241489,284.65143743311666
"(49, 943.4758164567753)",60.92967562349159,27.023664515140087,0.33124502523550886,25.815007585797236,286.7066630455196
"(50, 943.4758164567753)",60.80198532144374,27.274526135112318,0.33431998435483,26.651011715610274,288.7718084813793
"(51, 943.4758164567753)",60.673750557004546,27.527582842278054,0.33742184995503494,27.50265455155278,290.84670082512935
"(52, 943.4758164567753)",60.544939325779076,27.78283155225428,0.34055058422902457,28.37003596070437,292.9312045396064
"(53, 943.4758164567753)",60.41551724668746,28.040272490260936,0.3437061899374628,29.253261900741514,295.02521627175366
"(54, 943.4758164567753)",60.28544806217827,28.299908759767504,0.3468887051213869,30.15244425569816,297.1286600283359
"(55, 943.4758164567753)",60.15469410091822,28.561745941625087,0.3500981981885912,31.067700664683368,299.2414827113437
"(56, 943.4758164567753)",60.02321670401063,28.825791722647214,0.3533347633609053,31.99915434406639,301.3636500004252
"(57, 943.4758164567753)",59.890976616066546,29.092055552426253,0.35659851646755886,32.94693390369724,303.4951425678077
"(58, 943.4758164567753)",59.75793434263938,29.36054832705494,0.359889591068409,33.911173157817345,305.63595260974483
"(59, 943.4758164567753)",59.624050475611135,29.631282098379124,0.3632081348900331,34.89201093125913,307.78608067785746
"(60, 943.4758164567753)",59.48928598827042,29.90426980732084,0.36655430655696175,35.88959086157446,309.9455327930021
"(61, 943.4758164567753)",59.35360250179561,30.179525039839017,0.36992827260033767,36.9040611977496,312.1143178242985
"(62, 943.4758164567753)",59.21696252491442,30.457061804073327,0.3733302047262011,37.93557459606957,314.2924451159581
"(63, 943.4758164567753)",59.07932966844882,30.73689432726505,0.37676027732625206,38.984287913709025,316.4799223451577
"(64, 943.4758164567753)",58.94066883646078,31.019036871070465,0.3802186652140408,40.050362000616886,318.6767535943055
"(65, 943.4758164567753)",58.80094639560896,31.303503563958046,0.3837055415705556,41.13396149016258,320.8829376221065
"(66, 943.4758164567753)",58.660130324288986,31.590308249426176,0.38722107608374123,42.23525458902826,323.0984663183506
"(67, 943.4758164567753)",58.51819034302881,31.879464348859365,0.3907654332674201,43.35441286677418,325.32332332829054
"(68, 943.4758164567753)",58.37509802753576,32.170984737903055,0.394338770946013,44.49161104548607,327.5574828333649
"(69, 943.4758164567753)",58.230826905707815,32.46488163531898,0.3979412388920775,45.647026789832076,329.8009084756914
"(70, 943.4758164567753)",58.085352539803374,32.76116650335706,0.4015729776052037,46.82084049791183,332.0535524151361
"(71, 943.4758164567753)",57.93865259491044,33.059849958753276,0.40523411722099156,48.01323509317546,334.3153545080402
"(72, 943.4758164567753)",57.79070689474523,33.36094169353143,0.40892477654031084,49.224395817701655,336.58624159807255
"(73, 943.4758164567753)",57.64149746572681,33.66445040486809,0.4126450621695748,50.45451002710545,338.8661269101909
"(74, 943.4758164567753)",57.4910085702049,33.97038373333192,0.41639506776377017,51.70376698731353,341.1549095396838
"(75, 943.4758164567753)",57.339226729627,34.278748208890065,0.42017487336455106,52.97235767345444,343.45247402878755
"(76, 943.4758164567753)",57.1861407383921,34.58954920410551,0.4239845448266015,54.26047457106431,345.7586900242678
"(77, 943.4758164567753)",57.031741669016775,34.90279089404351,0.4278241333261684,55.56831147983776,348.07341200998127
"(78, 943.4758164567753)",56.87602286924265,35.2184762224185,0.43169367494608624,56.89606332011166,350.3964791088728
"(79, 943.4758164567753)",56.71897995163277,35.536606873573774,0.4355931903323527,58.24392594229013,352.7277149495379
"(80, 943.4758164567753)",56.560610776127604,35.857183249946445,0.43952268441787534,59.61209593941545,355.066927593013
"(81, 943.4758164567753)",56.400915426057225,36.180204454668306,0.44348214620921433,61.00077046305646,357.413909515685
"(82, 943.4758164567753)",56.23989617800245,36.50566827902362,0.44747154863283495,62.41014704271808,359.76843764482356
"(83, 943.4758164567753)",56.07755746590004,36.833571194498454,0.4514908484376547,63.84042340897625,362.1302734435022
"(84, 943.4758164567753)",55.9139058397617,37.16390834917509,0.4555399861508549,65.29179732051563,364.4991630418703
"(85, 943.4758164567753)",55.74894991932349,37.4966735682677,0.45961888608443335,66.7644663952714,366.8748374121929
"(86, 943.4758164567753)",55.58270034296641,37.83185935858968,0.4637274563899729,68.25862794585413,369.25701258509923
"(87, 943.4758164567753)",55.41516971219024,38.1694569167807,0.4678655891594864,69.77447881955703,371.64538990471965
"(88, 943.4758164567753)",55.24637253193899,38.50945614111936,0.47203316057020334,71.31221524284122,374.03965632080343
"(89, 943.4758164567753)",55.076325147058576,38.8518456467617,0.47623003107136874,72.87203267100365,376.4394847152914
"(90, 943.4758164567753)",54.905045675148074,39.19661278425908,0.48045604561120236,74.45412564270771,378.8445342619151
"(91, 943.4758164567753)",54.73255393608892,39.54374366119795,0.48471103390219533,76.05868763988832,381.2544508165931
"(92, 943.4758164567753)",54.558871378491254,39.893223166833764,0.4889948107230201,77.68591095312304,383.66886733690467
"(93, 943.4758164567753)",54.38402100334181,40.24503499956178,0.49330717625526843,79.33598655267002,386.0874043287557
"(94, 943.4758164567753)",54.20802728509558,40.59916169709309,0.497647916453347,81.00910396536474,388.5096703184699
"(95, 943.4758164567753)",54.030916090478904,40.95558466918912,0.5020168034457212,82.70545115755297,390.93526234841937
"(96, 943.4758164567753)",53.852714595264345,41.314284232808916,0.5064135959657253,84.42521442423738,393.3637664943368
"(97, 943.4758164567753)",53.67345119926712,41.67523964952544,0.5108380398101967,86.16857828462317,395.79475840248085
"(98, 943.4758164567753)",53.493155439833195,42.03842916505374,0.5152898683240176,87.9357253841937,398.227803844713
"(99, 943.4758164567753)",53.31185790407333,42.403830050740346,0.519768802908648,89.72683640349713,400.66245928950036
"(100, 943.4758164567753)",53.129590140096866,42.77141864685379,0.5242745535527807,91.54208997377114,403.09827248694995
"(101, 943.4758164567753)",52.946384567510925,43.14117040751125,0.5288068193830203,93.38166259954596,405.53478306575965
"(102, 943.4758164567753)",52.76227438742402,43.51305994707989,0.5333652892326708,95.24572858834435,407.9715231401538
"(103, 943.4758164567753)",52.5772934922233,43.887061087875644,0.5379496422263772,97.13445998757722,410.4080179245842
"(104, 943.4758164567753)",52.39147637535459,44.2631469089918,0.5425595483786885,99.04802652875375,412.8437863542486
"(105, 943.4758164567753)",52.204858041347784,44.64128979608438,0.5471946692042713,100.98659557906258,415.2783417092324
"(106, 943.4758164567753)",52.01747391632741,45.02146149193155,0.5518546583376496,102.95033210041275,417.71119224017593
"(107, 943.4758164567753)",51.82935975922694,45.4036331475932,0.5565391621603266,104.93939861598157,420.14184179340225
"(108, 943.4758164567753)",51.640551573920284,45.787775373995935,0.5612478204330652,106.95395518431344,422.5697904333584
"(109, 943.4758164567753)",51.45108552247889,46.1738582937638,0.5659802669311986,108.99415938099476,424.9945350603415
"(110, 943.4758164567753)",51.26099783974814,46.56185159311992,0.5707361300808614,111.06016628792828,427.4155700214928
"(111, 943.4758164567753)",51.07032474941826,46.95172457369254,0.5755150335939713,113.15212849020304,429.83238771301745
"(112, 943.4758164567753)",50.87910238176179,47.34344620405321,0.5803165970999626,115.27019608053915,432.24447917176565
"(113, 943.4758164567753)",50.68736669319529,47.73698517082246,0.5851404367722465,117.41451667130784,434.6513346542615
"(114, 943.4758164567753)",50.49515338778839,48.13230992919338,0.5899861659474811,119.5852354140708,437.05244420143146
"(115, 943.4758164567753)",50.30249784086249,48.52938875271187,0.5948533957357727,121.78249502659224,439.4472981873011
"(116, 943.4758164567753)",50.10943502477664,48.928189782174044,0.5997417356200325,124.00643582728728,441.83538785002634
"(117, 943.4758164567753)",49.915999436992244,49.32868107350448,0.604650794042859,126.25719577701354,444.2162058038104
"(118, 943.4758164567753)",49.72222503050421,49.730830644481884,0.6095801789792284,128.53491052814678,446.58924653014805
"(119, 943.4758164567753)",49.52814514667894,50.13460652019678,0.6145294984938238,130.83971348086123,448.9540068473718
"(120, 943.4758164567753)",49.333792450571075,50.53997677712778,0.6194983612811649,133.17173584650288,451.30998635687854
"(17, 943.6045275897247)",64.51924066446233,20.59562048327611,0.2524526909702194,7.1301611401563285,231.0853410615523
"(18, 943.6045275897247)",64.4415656361766,20.724188630514277,0.254028626726548,7.473672860070131,232.22888945650072
"(19, 943.6045275897247)",64.35938158071602,20.860044285363582,0.2556938897701309,7.834023191946481,233.43988887217702
"(20, 943.6045275897247)",64.27296786716916,21.002878935677188,0.25744469848524104,8.210971326499147,234.71501176814584
"(21, 943.6045275897247)",64.18261382994764,21.15237366621887,0.2592771437394026,8.604298351722399,236.0507883813097
"(22, 943.6045275897247)",64.08861194176667,21.30820608524525,0.2611872737865075,9.013806215377079,237.44368787838846
"(23, 943.6045275897247)",63.99125231747925,21.47005586201149,0.263171162143282,9.439316520974549,238.8901836084759
"(24, 943.6045275897247)",63.890818389079875,21.637609052365836,0.2652249606107732,9.880669252079116,240.3868044100529
"(25, 943.6045275897247)",63.787583581401634,21.81056139628742,0.2673449396940967,10.33772149272854,241.93017403082303
"(26, 943.6045275897247)",63.68180882425581,21.988620761768026,0.2695275185585989,10.81034619101619,243.51704063090133
"(27, 943.6045275897247)",63.57374075217395,22.17150889164389,0.27176928644178067,11.29843099701184,245.14429814928118
"(28, 943.6045275897247)",63.46361046278339,22.358962588521216,0.2740670171776667,11.801877194144721,246.80900107771245
"(29, 943.6045275897247)",63.35163272536814,22.55073445126318,0.2764176782243103,12.320598734193322,248.50837394410553
"(30, 943.6045275897247)",63.238005550123255,22.746593256524598,0.2788184353405533,12.854521379372702,250.23981658345627
"(31, 943.6045275897247)",63.122910046217235,22.946324060712985,0.28126665383574234,13.403581950036338,252.00090606938198
"(32, 943.6045275897247)",63.00651051056029,23.149728083053702,0.28375989713644967,13.967727673119462,253.789396013229
"(33, 943.6045275897247)",62.888954701000415,23.356622418015807,0.2862959232615299,14.546915624029918,255.6032137960301
"(34, 943.6045275897247)",62.77037425691749,23.56683961545279,0.2888726796755617,15.14111225315441,257.44045618568185
"(35, 943.6045275897247)",62.65088523723121,23.780227159126166,0.29148829689688177,15.75029298748285,259.2993837038327
"(36, 943.6045275897247)",62.53058875045051,23.996646868425103,0.2941410811640841,16.3744418969642,261.1784140396023
"(37, 943.6045275897247)",62.40957165797775,24.21597424282309,0.2968295064006615,17.013551416730053,263.0761147451573
"(38, 943.6045275897247)",62.287907330917264,24.438097766081725,0.2995522056861715,17.667622114593367,264.9911954203666
"(39, 943.6045275897247)",62.165656446965386,24.662918183374035,0.30230796239555663,18.336662495882027,266.92249954698946
"(40, 943.6045275897247)",62.04286781359705,24.89034776292001,0.30509570114851875,19.020688837212273,268.86899611469164
"(41, 943.6045275897247)",61.919579206135666,25.120309551705482,0.3079144786865066,19.719725042141697,270.8297711568757
"(42, 943.6045275897247)",61.79581820925272,25.35273663365738,0.3107634747796617,20.433802511437534,272.80401930016654
"(43, 943.6045275897247)",61.671603060617926,25.587571395690915,0.31364198323038317,21.162960027859842,274.79103539055023
"(44, 943.6045275897247)",61.54694347324758,25.82476481044244,0.31654940308126106,21.907243640201834,276.7902063131009
"(45, 943.6045275897247)",61.421841439897996,26.06427573817206,0.3194852300582239,22.66670654873649,278.80100303224833
"(46, 943.6045275897247)",61.296292028659835,26.306070249609657,0.322449048270158,23.44140900116796,280.8229728635509
"(47, 943.6045275897247)",61.1702841318184,26.550120978367904,0.3254405222710574,24.231418171512264,282.8557321046221
"(48, 943.6045275897247)",61.043801191972875,26.79640650045467,0.3284593894544205,25.0368080405885,284.89895897795935
"(49, 943.6045275897247)",60.91682189162957,27.044910744502154,0.33150545282396515,25.857659268809407,286.95238693656603
"(50, 943.6045275897247)",60.78932080617837,27.2956224334251,0.33457857414981484,26.69405906178279,289.015798340497
"(51, 943.6045275897247)",60.66126901895449,27.54853455809825,0.33767866751697906,27.54610102827295,291.08901851121385
"(52, 943.6045275897247)",60.53263469777707,27.80364388315634,0.3408056932676587,28.413885030368824,293.1719101653489
"(53, 943.6045275897247)",60.4033836329022,28.06095048464588,0.34395965233401654,29.297517025990274,295.2643682245754
"(54, 943.6045275897247)",60.273479736750666,28.320457318959395,0.34714058095429445,30.197108903947207,297.3663149946524
"(55, 943.6045275897247)",60.14288550617445,28.582169822206147,0.3503485457620947,31.11277831204153,299.4776957035469
"(56, 943.6045275897247)",60.01156244833745,28.84609553897302,0.35358363923587915,32.044648478655354,301.59847438597205
"(57, 943.6045275897247)",59.879471471503244,29.11224377928136,0.35684597549408414,32.99284802843968,303.72863009995007
"(58, 943.6045275897247)",59.7465732422266,29.380625302421503,0.36013568641969357,33.95751079271619,305.86815345954
"(59, 943.6045275897247)",59.612828510560874,29.65125202627674,0.3634529180972256,34.938775615224976,308.01704346701445
"(60, 943.6045275897247)",59.47819840498078,29.92413676070062,0.36679782754464657,35.93678615383476,310.1753046273688
"(61, 943.6045275897247)",59.342644698747776,30.199292963509986,0.37017057972236883,36.951690678864665,312.3429443276757
"(62, 943.6045275897247)",59.20613004948177,30.476734517640256,0.3735713448017188,37.9836418685957,314.5199704640883
"(63, 943.6045275897247)",59.06861821365006,30.75647552805962,0.3770002956756393,39.032796602558506,316.7063892996397
"(64, 943.6045275897247)",58.930074237667874,31.038530137069948,0.380457605694681,40.09931575310672,318.9022035363405
"(65, 943.6045275897247)",58.79046462723503,31.322912356676053,0.38394344661226654,41.18336397580592,321.1074105859326
"(66, 943.6045275897247)",58.64975749646837,31.609635916769122,0.3874579867237823,42.285109499090055,323.3220010242704
"(67, 943.6045275897247)",58.507922698307404,31.898714127937925,0.3910013891849905,43.40472391360999,325.5459572152191
"(68, 943.6045275897247)",58.364931937585354,32.190159757794866,0.3945738104960465,44.54238196167531,327.7792520907242
"(69, 943.6045275897247)",58.22075886805639,32.48398491978155,0.3981753991385657,45.6982613271497,330.0218480748467
"(70, 943.6045275897247)",58.075379174618575,32.780200973478,0.4018062943536415,46.87254242613724,332.27369614000855
"(71, 943.6045275897247)",57.928770641817295,33.07881843554438,0.4054666250501875,48.06540819875955,334.53473498512267
"(72, 943.6045275897247)",57.78091320969075,33.379846900462795,0.409156508833445,49.277043902307916,336.804890325736
"(73, 943.6045275897247)",57.63178901789769,33.683294970339205,0.41287605114449794,50.50763690604131,339.08407428727367
"(74, 943.6045275897247)",57.48138243900276,33.98917019307969,0.4166253445025047,51.75737648787146,341.3721848933208
"(75, 943.6045275897247)",57.32968010170285,34.29747900833273,0.4204044678420346,53.0264536331569,343.6691056415358
"(76, 943.6045275897247)",57.176670904722414,34.608226700633985,0.42421348593876823,54.31506083584173,345.9747051606
"(77, 943.6045275897247)",57.02234602205929,34.92141735924154,0.42805244891715605,55.623391902136845,348.288836941961
"(78, 943.6045275897247)",56.86669890013624,35.237053844230985,0.4319213918348338,56.95164175695671,350.61133914124804
"(79, 943.6045275897247)",56.70972524745129,35.55513775842071,0.43582033433849876,58.30000625330281,352.9420344441722
"(80, 943.6045275897247)",56.55142301720452,35.87566942477484,0.4397492803869027,59.66868198478715,355.2807299926175
"(81, 943.6045275897247)",56.39179238335055,36.19864786895896,0.4437082180370634,61.05786610150214,357.62721736703963
"(82, 943.6045275897247)",56.23083571051788,36.524070806745726,0.4476971192898558,62.46775612941052,359.9812726213745
"(83, 943.6045275897247)",56.068557518167204,36.85193463601661,0.4517159399919742,63.89854979346031,362.3426563674149
"(84, 943.6045275897247)",55.904964439358324,37.182234433111766,0.45576461979122146,65.35044484462686,364.71111390557917
"(85, 943.6045275897247)",55.74006517444254,37.51496395332688,0.45984308214256164,66.82363889104744,367.0863753994874
"(86, 943.6045275897247)",55.57387044003357,37.850115635338526,0.4639512343623859,68.31832923345742,369.46815609173143
"(87, 943.6045275897247)",55.40639291352445,38.18768060939495,0.46808896772890535,69.83471270518348,371.85615655861216
"(88, 943.6045275897247)",55.23764717345076,38.527648709096695,0.4722561576265581,71.37298551677324,374.2500630017737
"(89, 943.6045275897247)",55.06764963598892,38.870008486603545,0.47645266373239303,72.93334310543815,376.64954757463255
"(90, 943.6045275897247)",54.896418487847164,39.21474723112125,0.4806783302427011,74.5159799898589,379.05426874142285
"(91, 943.6045275897247)",54.72397361582762,39.56185099051818,0.4849329861379576,76.12108963000664,381.4638716673754
"(92, 943.6045275897247)",54.55033653330776,39.91130459593294,0.4892164454844661,77.74886429257367,383.8779886379203
"(93, 943.6045275897247)",54.37553030392175,40.26309168922311,0.49352850777080387,79.39949492205561,386.29623950507556
"(94, 943.6045275897247)",54.19957946281426,40.617194753057305,0.4978689582766941,81.0731710176929,388.7182321585754
"(95, 943.6045275897247)",54.022509934832904,40.97359514394409,0.5022375684778415,82.7700805164578,391.1435630248879
"(96, 943.6045275897247)",53.84434895260939,41.3322731267386,0.5066340964689161,84.49040968226352,393.5718175771351
"(97, 943.6045275897247)",53.665124970313094,41.69320791266396,0.5110582874295909,86.23434300155137,396.0025708792615
"(98, 943.6045275897247)",53.48486757780149,42.05637769851581,0.5155098741051067,88.0020630854468,398.43538813734096
"(99, 943.6045275897247)",53.303607412761906,42.42175970819604,0.5199885773153757,89.79375057860197,400.8698252711262
"(100, 943.6045275897247)",53.12137607196999,42.78933023599284,0.5244941064854703,91.60958407489018,403.30542949892686
"(101, 943.6045275897247)",52.93820602181564,43.15906469149477,0.5290261601961948,93.44974004008156,405.7417399344548
"(102, 943.6045275897247)",52.754130508346705,43.5309376459751,0.5335844267526126,95.31439274161434,408.1782881935188
"(103, 943.6045275897247)",52.569183467065756,43.90492288008227,0.5381685847686436,97.20371418556385,410.6145990086828
"(104, 943.6045275897247)",52.383399432744426,44.280993432655336,0.5427783037653976,99.11787406093771,413.05019084956234
"(105, 943.6045275897247)",52.19681344948198,44.65912165049457,0.5474132447812711,101.05703969132536,415.4845765468642
"(106, 943.6045275897247)",52.00946098124468,45.03927923890964,0.5520730609915212,103.0213759940262,417.9172639178915
"(107, 943.6045275897247)",51.821377823116606,45.421437312864555,0.5567573983351924,105.01104544667459,420.3477563914889
"(108, 943.6045275897247)",51.632600013460745,45.805566448549754,0.5614658961472659,107.02620806141908,422.7755536303632
"(109, 943.6045275897247)",51.44316374721578,46.19163673519562,0.5661981877937613,109.0670213666837,425.2001521486066
"(110, 943.6045275897247)",51.25310529050456,46.57961782696104,0.5709539013077708,111.13364039652177,427.6210459225077
"(111, 943.6045275897247)",51.062460896743225,46.969478994721214,0.5757326600242549,113.22621768756028,430.0377269926025
"(112, 943.6045275897247)",50.871266724418014,47.36118917758788,0.5805340832115496,115.34490328354421,432.4496860550241
"(113, 943.6045275897247)",50.6795587566802,47.75471703399942,0.5853577866976154,117.48984474741788,434.8564130403524
"(114, 943.6045275897247)",50.48737272290124,48.15003099222139,0.5902033834890406,119.66118718095208,437.2573976780812
"(115, 943.6045275897247)",50.29474402230972,48.54709930010703,0.5950704843810063,121.85907325183786,439.65213004509036
"(116, 943.6045275897247)",50.10170764981461,48.9458900739746,0.5999586985564151,124.08364322820711,442.04010109646504
"(117, 943.6045275897247)",49.908298124119376,49.346371346462696,0.6048676341723369,126.33503502049949,444.4208031770029
"(118, 943.6045275897247)",49.714549418186365,49.748511113229,0.6097968989327007,128.61338423061906,446.79373051245113
"(119, 943.6045275897247)",49.52049489212514,50.152277378387694,0.6147461006450279,130.918824208274,449.15837967850285
"(120, 943.6045275897247)",49.326167228549636,50.55763819855708,0.619714847760404,133.25148611443018,451.51425004686405
"(17, 943.7157721723564)",64.49979954019227,20.620909062562976,0.2527626680304874,7.158262379021279,231.37785405771515
"(18, 943.7157721723564)",64.4224305642603,20.749212790085764,0.2543353626381084,7.501949232810884,232.51834390994787
"(19, 943.7157721723564)",64.34055918553419,20.884799206737394,0.25599732546999354,7.862484632455967,233.72622904751702
"(20, 943.7157721723564)",64.25446277775194,21.027361541632185,0.25774479625409985,8.239627349176486,234.99820207116804
"(21, 943.7157721723564)",64.16442885229947,21.176582450706455,0.25957388511672347,8.633158037169508,236.3308113915377
"(22, 943.7157721723564)",64.07074824390445,21.332140936462977,0.2614806574018502,9.04287820553335,237.7205423025891
"(23, 943.7157721723564)",63.97370961742712,21.49371788678696,0.26346120156371206,9.468609021816624,239.16388224933874
"(24, 943.7157721723564)",63.87359513873993,21.661000407562092,0.26551168227422306,9.910190042203887,240.65737221599585
"(25, 943.7157721723564)",63.770677141343526,21.833685131022236,0.2676283809754104,10.367477936455415,242.19764627099164
"(26, 943.7157721723564)",63.665215626210376,22.011480672730933,0.26980772599602876,10.840345254828243,243.78146122158162
"(27, 943.7157721723564)",63.55745644748674,22.194109392566297,0.2720463141370548,11.328679268382801,245.40571814411132
"(28, 943.7157721723564)",63.447630056050805,22.381308594053422,0.2743409253725436,11.832380901993472,247.06747732443534
"(29, 943.7157721723564)",63.335950693277965,22.572831274878332,0.2766885320491891,12.35136377036213,248.76396790367414
"(30, 943.7157721723564)",63.22261594606695,22.7684465216674,0.27908630372529364,12.885553320616843,250.49259330222742
"(31, 943.7157721723564)",63.10780659155924,22.96793962417143,0.2815316085704757,13.434886080174818,252.2509332928373
"(32, 943.7157721723564)",62.99168667363583,23.171111969426377,0.2840220120682419,13.999309005033213,254.03674342789404
"(33, 943.7157721723564)",62.874403765062745,23.377780764062084,0.28655527361226124,14.578778921262538,255.84795238579346
"(34, 943.7157721723564)",62.75608937821215,23.587778623175474,0.28912934146684294,15.173262050964171,257.6826576891024
"(35, 943.7157721723564)",62.63685949438261,23.80095305646679,0.29174234646828046,15.782733613176163,259.53912015951227
"(36, 943.7157721723564)",62.5168151862214,24.01716587656752,0.2943925947723205,16.40717748941969,261.41575740796435
"(37, 943.7157721723564)",62.39604331444476,24.2362925491549,0.29707855988820414,17.04658594503043,263.3111365957178
"(38, 943.7157721723564)",62.27461727894611,24.458221501998043,0.29979887420915124,17.700959395730386,265.2239666749619
"(39, 943.7157721723564)",62.15259781078676,24.68285340619689,0.30255232020214906,18.370306211445865,267.15309027066326
"(40, 943.7157721723564)",62.03003379119841,24.910100441293498,0.3053378213999154,19.0546425491068,269.0974753467394
"(41, 943.7157721723564)",61.90696308607288,25.139885553923776,0.3081544333138771,19.753992207266567,271.0562067758739
"(42, 943.7157721723564)",61.78341338441326,25.372141718456657,0.3110013343712326,20.468386495366133,273.0284779174148
"(43, 943.7157721723564)",61.65940303939294,25.606811205108315,0.3138778169439129,21.197864117537293,275.013582267461
"(44, 943.7157721723564)",61.53494188849302,25.843844864397248,0.3167832785776872,21.94247105563414,277.01090529859863
"(45, 943.7157721723564)",61.4100320560128,26.08320143049032,0.31971721345286447,22.70226045373971,279.0199165167244
"(46, 943.7157721723564)",61.28466874707468,26.324846845257483,0.32267920409878825,23.47729251320596,281.0401617468434
"(47, 943.7157721723564)",61.158840995131115,26.56875361167226,0.3256689134681746,24.267634370643517,283.0712557755072
"(48, 943.7157721723564)",61.03253238691214,26.814900174169544,0.32868607734172645,25.073359977569243,285.112875303281
"(49, 943.7157721723564)",60.90572175105209,27.063270329552125,0.3317304971072799,25.89454997239011,287.16475225832625
"(50, 943.7157721723564)",60.778383810221925,27.31385266922675,0.33480203292295124,26.731291545249384,289.22666747950825
"(51, 943.7157721723564)",60.65048979547651,27.56664005335147,0.33790059727149413,27.583678295260288,291.2984447763082
"(52, 943.7157721723564)",60.52200802220083,27.82162911701796,0.3410261489072376,28.45181008001757,293.3799453669412
"(53, 943.7157721723564)",60.39290442754352,28.078819808224935,0.3441786871927603,29.335792857449285,295.4710626919344
"(54, 943.7157721723564)",60.263143069716925,28.338214957065038,0.3473582468181848,30.235738520317867,297.57171759614135
"(55, 943.7157721723564)",60.1326865899028,28.59981987530166,0.35056489289294634,31.15176472374764,299.68185386923864
"(56, 943.7157721723564)",60.00149663782621,28.863641985295843,0.35379871639729893,32.083994706330095,301.8014341321354
"(57, 943.7157721723564)",59.869534262291204,29.129690477090055,0.3570598299790118,33.03255710532475,303.9304360550487
"(58, 943.7157721723564)",59.73676026817321,29.397975992334267,0.3603483640791026,33.99758576664723,306.0688488913085
"(59, 943.7157721723564)",59.60313554145193,29.668510333685123,0.36366446336970193,34.97921955020981,308.21667031037407
"(60, 943.7157721723564)",59.46862134399249,29.941306198236177,0.3670082834865728,35.97760213127038,310.3739035129117
"(61, 943.7157721723564)",59.333179579830485,30.216376933525538,0.3703799880383895,36.99288179842287,312.540554610414
"(62, 943.7157721723564)",59.19677303463837,30.493736314719452,0.3737797458755023,38.025211248809654,314.71663025247716
"(63, 943.7157721723564)",59.059365590173634,30.773398341518607,0.3772077286005192,39.07474738111806,316.9021354845016
"(64, 943.7157721723564)",58.92092241533399,31.05537705345102,0.38066410830422465,40.14165108691957,319.0970718197033
"(65, 943.7157721723564)",58.781410135475525,31.339686362218576,0.38414905551057515,41.22608704081554,321.30143550962833
"(66, 943.7157721723564)",58.64079698153966,31.626339899851327,0.38766273731541684,42.32822348989701,323.51521599817096
"(67, 943.7157721723564)",58.499052920459,31.915350881485754,0.39120531570448885,43.44823204289935,325.73839454509283
"(68, 943.7157721723564)",58.356149768248216,32.20673198164705,0.3947769460369322,44.58628745947614,327.97094300561196
"(69, 943.7157721723564)",58.21206128704783,32.50049522301436,0.39837777568183286,45.742567439951074,330.21282275393565
"(70, 943.7157721723564)",58.06676326738365,32.79665187667876,0.4020079427956158,46.91725241585516,332.46398373892987
"(71, 943.7157721723564)",57.920233596700015,33.09521237303751,0.40566757522982044,48.1105253415906,334.7243636617069
"(72, 943.7157721723564)",57.77245231525154,33.39618622248153,0.40935678955892996,49.32257148747683,336.9938872651256
"(73, 943.7157721723564)",57.62340166026777,33.69958194514777,0.4130756902192968,50.55357823444496,339.27246572648784
"(74, 943.7157721723564)",57.47306609928852,34.00540700904125,0.4168243687506751,51.80373487064751,341.5599961451508
"(75, 943.7157721723564)",57.32143235343129,34.313667775927414,0.42060290313297793,53.073232390164385,343.85636111790876
"(76, 943.7157721723564)",57.16848941135183,34.62436945441667,0.42441135721122714,54.36226329409954,346.16142839521143
"(77, 943.7157721723564)",57.01422853451353,34.93751605976161,0.4282497802027437,55.67102139418727,348.47505061248694
"(78, 943.7157721723564)",56.85864325440829,35.25311037989191,0.4321182062808253,56.999701619195505,350.7970650908471
"(79, 943.7157721723564)",56.7017293622501,35.57115394729414,0.4360166542300707,58.34849982425939,353.1272937024791
"(80, 943.7157721723564)",56.54348489163996,35.89164701637271,0.4399451271688638,59.71761260338663,355.46554279624326
"(81, 943.7157721723564)",56.38391009467832,36.21458854595531,0.4439036123349382,61.10723710529623,357.8116031794683
"(82, 943.7157721723564)",56.22300741192138,36.53997618665909,0.44789208093052263,62.51757085278768,360.16525015244406
"(83, 943.7157721723564)",56.060781436583504,36.86780627285252,0.4519104880238033,63.948811565861156,362.5262435923088
"(84, 943.7157721723564)",55.897238873344065,37.19807381896857,0.4559587725037412,65.40115698872962,364.89432808339836
"(85, 943.7157721723564)",55.732388492090536,37.53077251996033,0.46003685708565,66.87480472097687,367.2692330913513
"(86, 943.7157721723564)",55.56624107691391,37.865894755700175,0.4641446483651194,68.36995205298555,369.65067317856995
"(87, 943.7157721723564)",55.398809370670115,38.20343159913566,0.4682820369179953,69.88679580595121,372.0383482585586
"(88, 943.7157721723564)",55.23010801537645,38.54337282804229,0.4724488974444299,71.42553217651798,374.43194388723066
"(89, 943.7157721723564)",55.06015348874618,38.88570694020205,0.47664508895494156,72.98635658624993,376.83113158902427
"(90, 943.7157721723564)",54.88896403710563,39.230421171869104,0.4808704549967541,74.5694635364629,379.23556921567126
"(91, 943.7157721723564)",54.71655960499191,39.577501519360844,0.48512482391845424,76.17504646806618,381.64490133611633
"(92, 943.7157721723564)",54.542961761661424,39.92693276364596,0.4894080091713787,77.80329762703214,384.0587596554712
"(93, 943.7157721723564)",54.36819362480302,40.27869849777215,0.4937198096458243,79.45440793551796,386.47676346118
"(94, 943.7157721723564)",54.192279781812346,40.63278115694442,0.49806001003971356,81.1285668688466,388.89852009395327
"(95, 943.7157721723564)",54.01524620801517,40.989162051535274,0.5024283812632429,82.82596233853462,391.32362544661373
"(96, 943.7157721723564)",53.83712018477672,41.34782140157569,0.5068246808616382,84.54678058155517,393.7516644737938
"(97, 943.7157721723564)",53.65793021327514,41.7087383747651,0.5112486534810838,86.29120605597446,396.18221173600404
"(98, 943.7157721723564)",53.47770592868332,42.07189112566039,0.5157000313490726,88.05942134315573,398.6148319507427
"(99, 943.7157721723564)",53.29647801232682,42.43725683720156,0.5201785347834172,89.85160705666601,401.04908056395146
"(100, 943.7157721723564)",53.11427810297675,42.8048117639756,0.5246838727225588,91.66794175802819,403.4845043347237
"(101, 943.7157721723564)",52.93113870739695,43.174531277121645,0.5292157432759951,93.50860187945453,405.9206419320186
"(102, 943.7157721723564)",52.74709311040943,43.546389910705926,0.533773834292729,95.37376165368062,408.3570245412815
"(103, 943.7157721723564)",52.56217528472373,43.920361409398645,0.5383578239456639,97.26359305101093,410.79317647890076
"(104, 943.7157721723564)",52.376419800772815,44.29641877728027,0.542967381329867,99.17826572365901,413.22861581245866
"(105, 943.7157721723564)",52.189861736799614,44.674534327601584,0.5476021670724851,101.1179469574883,415.6628549845778
"(106, 943.7157721723564)",52.002536589427336,45.054679733318345,0.5522618339522041,103.08280163119156,418.09540143833436
"(107, 943.7157721723564)",51.814480184931064,45.4368260782285,0.5569460275260429,105.07299218299494,420.52575824207116
"(108, 943.7157721723564)",51.62572859143745,45.82094390852753,0.5616543867613185,107.0886785849042,422.9534247115448
"(109, 943.7157721723564)",51.43631803224402,46.20700328461278,0.5663865446706238,109.1300183245387,425.3778970273319
"(110, 943.7157721723564)",51.24628480046293,46.59497383295608,0.57114212894768,111.19716639455172,427.79866884547164
"(111, 943.7157721723564)",51.05566517515785,46.984824797879874,0.5759207626019675,113.29027528965295,430.2152318993551
"(112, 943.7157721723564)",50.864495339158594,47.376525093058866,0.5807220645900327,115.4094950112129,432.62707659089494
"(113, 943.7157721723564)",50.67281129868516,47.77004335259706,0.5855456504415488,117.55497307942417,435.0336925691868
"(114, 943.7157721723564)",50.4806488049376,48.1653479815105,0.5903911328781289,119.72685455298944,437.4345692948063
"(115, 943.7157721723564)",50.28804327776786,48.56240720547056,0.5952581224230482,121.92528205628882,439.82919658804525
"(116, 943.7157721723564)",50.095029731543825,48.96118911966027,0.6001462280001166,124.15039581396272,442.21706515949455
"(117, 943.7157721723564)",49.90164270328841,49.36166173661217,0.6050550575200362,126.40233369284795,444.5976671214625
"(118, 943.7157721723564)",49.707916183190996,49.76379303288773,0.6099842184526004,128.68123125119297,446.97049647875417
"(119, 943.7157721723564)",49.513883547529474,50.16755099449021,0.6149333183833365,130.9872217950649,449.33504959757505
"(120, 943.7157721723564)",49.3195774940605,50.57290366089337,0.6199019655531803,133.32043644186027,451.69082565132084
"(17, 943.8091282158641)",64.483516640235,20.6421108884748,0.25302255133962787,7.181871434252486,231.6231221645554
"(18, 943.8091282158641)",64.40640306650542,20.770193804751614,0.2545925393333194,7.525704982153616,232.76105761628963
"(19, 943.8091282158641)",64.32479266891146,20.905555344331553,0.25625174571404047,7.886395407316025,233.96634131884582
"(20, 943.8091282158641)",64.23896115659919,21.047890190321343,0.257996428032217,8.26370113074392,235.23568269314976
"(21, 943.8091282158641)",64.14919451904069,21.196882311530334,0.2598227125067735,8.657402444245776,236.56564533745322
"(22, 943.8091282158641)",64.05578222248637,21.352211876356787,0.2617266787727827,9.067300490265133,237.95272803310843
"(23, 943.8091282158641)",63.95901171947663,21.51356079249273,0.2637044277848502,9.493216071763444,239.3934300225193
"(24, 943.8091282158641)",63.85916411643345,21.680617045263656,0.26575213499472367,9.934988387378402,240.88430246349637
"(25, 943.8091282158641)",63.75651083287193,21.853078014869396,0.2678660910126869,10.39247376015092,242.4219880771244
"(26, 943.8091282158641)",63.651311091141935,22.03065294417259,0.270042731856688,10.865544407258254,244.0032509274328
"(27, 943.8091282158641)",63.543810090516516,22.213064711418923,0.27227866068161893,11.354087282348672,245.6249980873532
"(28, 943.8091282158641)",63.43423773847738,22.40005104152363,0.2745706626267879,11.85800300993013,247.2842947175107
"(29, 943.8091282158641)",63.322807832239135,22.591365268225886,0.27691571415806315,12.377204922242358,248.97837384655264
"(30, 943.8091282158641)",63.20971760192897,22.786776739899683,0.2793109880421639,12.911618202327723,250.70464192285863
"(31, 943.8091282158641)",63.09514754422498,22.986070943912054,0.2817538548709945,13.461179132020778,252.46068100523163
"(32, 943.8091282158641)",62.979261488650174,23.189049410020512,0.2842418818774942,14.025834440118173,254.24424829711626
"(33, 943.8091282158641)",62.86220685051895,23.395529440923422,0.28677282963288475,14.605540743573679,256.0532735882358
"(34, 943.8091282158641)",62.74411503341054,23.605343708429775,0.28934464709665697,15.20026407298292,257.8858550572398
"(35, 943.8091282158641)",62.625101951255715,23.818339745947515,0.29195546539566536,15.809979472893886,259.74025380004593
"(36, 943.8091282158641)",62.5052686444041,24.0343793623235,0.29460359063932073,16.4346706666953,261.61488738386527
"(37, 943.8091282158641)",62.384701970828324,24.25333799670367,0.2972874960115882,17.07432977720562,263.5083226629686
"(38, 943.8091282158641)",62.263475352485,24.475104031616127,0.3000058133511963,17.728957092440435,265.4192680662434
"(39, 943.8091282158641)",62.14164956319006,24.6995780776707,0.3027573243836246,18.398560868629726,267.3465655188466
"(40, 943.8091282158641)",62.019273544134315,24.926672241570227,0.3055409517487932,19.08315716216523,269.2891821421087
"(41, 943.8091282158641)",61.89638523537246,25.156309387226738,0.30835574994410536,19.78276968338293,271.24620185171216
"(42, 943.8091282158641)",61.7730124117062,25.388422398471214,0.3112008962870112,20.497429664969882,273.2168169596697
"(43, 943.8091282158641)",61.64917352159522,25.622953448892513,0.31407568196502716,21.22717574494144,275.2003198442738
"(44, 943.8091282158641)",61.52487850541707,25.85985328775338,0.31697950328275204,21.972053848856135,277.19609480673574
"(45, 943.8091282158641)",61.40012959638848,26.099080544552375,0.31991185313747283,22.732117073508174,279.2036101420916
"(46, 943.8091282158641)",61.2749221132643,26.340601054077748,0.3228723127460352,23.507425581217266,281.22241043665804
"(47, 943.8091282158641)",61.1492452066744,26.584387210663706,0.3258605437294794,24.29804647706854,283.2521092201989
"(48, 943.8091282158641)",61.023082583111155,26.830417349241802,0.3288762805262563,25.10405368784552,285.29238192651644
"(49, 943.8091282158641)",60.8964131927103,27.078675156840227,0.3319193231786203,25.92552783335421,287.3429592138591
"(50, 943.8091282158641)",60.76921188069456,27.3291491152922,0.3349895305016049,26.762556090618844,289.40362065354253
"(51, 943.8091282158641)",60.64145000111102,27.581831975789502,0.33808681364228316,27.615232050518795,291.4741887944838
"(52, 943.8091282158641)",60.51309599226841,27.83672026539107,0.3412111300307598,28.483655566738115,293.5545236051432
"(53, 943.8091282158641)",60.38411591374005,28.093813825264593,0.34436247772012707,29.367932597085453,295.6445172902026
"(54, 943.8091282158641)",60.254473945295835,28.353115380093325,0.3475408901084555,30.268175037497155,297.7440894751297
"(55, 943.8091282158641)",60.12413284850044,28.614630137830048,0.35074643103268577,31.184500549122035,299.8531827486628
"(56, 943.8091282158641)",59.993054392027645,28.878365418763227,0.3539791902219213,32.11703237898092,301.97175855092814
"(57, 943.8091282158641)",59.8611997419883,29.14433031270794,0.357239279095404,33.065899174796655,304.09979339270035
"(58, 943.8091282158641)",59.72852981873451,29.412535363022847,0.36052682688930393,34.03123479460335,306.23727539022235
"(59, 943.8091282158641)",59.595005621756144,29.682992276065182,0.3638419770953591,35.01317811176569,308.3842010989416
"(60, 943.8091282158641)",59.46058852435476,29.95571365466015,0.3671848841938553,36.011872816015384,310.54057262903024
"(61, 943.8091282158641)",59.325240539812064,30.23071275415058,0.3705557106633528,37.02746721117048,312.70639502541854
"(62, 943.8091282158641)",59.18892456081941,30.508003259575492,0.3739546242494643,38.06011401008341,314.88167389509454
"(63, 943.8091282158641)",59.05160457385458,30.787599082590344,0.3773817954755718,39.1099701274115,317.0664132649255
"(64, 943.8091282158641)",58.913245850208014,31.06951417674894,0.3808373953786315,40.17719647074013,319.2606136535664
"(65, 943.8091282158641)",58.77381511528847,31.353762369830843,0.38432159345390804,41.26195773054455,321.4642703417202
"(66, 943.8091282158641)",58.63328069772878,31.640357211979403,0.3878345557935145,42.364422169469364,323.67737182599444
"(67, 943.8091282158641)",58.491612659806734,31.929311838445255,0.3913764434039814,43.48476141132225,325.89989844201494
"(68, 943.8091282158641)",58.34878291053602,32.22063884584149,0.39494741068944084,44.62315023022206,328.131821143692
"(69, 943.8091282158641)",58.204765302739666,32.51435018086679,0.39854760408763307,45.779766340200695,330.3731004262697
"(70, 943.8091282158641)",58.059535715321495,32.81045704053012,0.40217716084691923,46.95479018565003,332.6236853816122
"(71, 943.8091282158641)",57.91307212183256,33.10896978300197,0.4058362079335108,48.14840473286336,334.88351287529565
"(72, 943.8091282158641)",57.76535464639616,33.4098978482588,0.40952486105878366,49.36079526300101,337.1525068356125
"(73, 943.8091282158641)",57.61636560790896,33.71324968779184,0.4132432238176573,50.592149166710335,339.43057764574604
"(74, 943.8091282158641)",57.46608955341006,34.01903270268753,0.4169913869296187,51.842655740644425,341.717621630923
"(75, 943.8091282158641)",57.3145132813933,34.32725318947307,0.4207694275749281,53.1125059861334,344.01352063324765
"(76, 943.8091282158641)",57.16162585579459,34.637916293165254,0.4245774088190923,54.40189241019744,346.3181416675006
"(77, 943.8091282158641)",57.00741861128766,34.95102596701266,0.42841537911941796,55.71100882913592,348.6313366518308
"(78, 943.8091282158641)",56.851885150689434,35.266584938512935,0.4322833719084525,57.0400501748681,350.95294220826264
"(79, 943.8091282158641)",56.69502133438192,35.584594681218036,0.43618140524839816,58.38921230425229,353.28277952720896
"(80, 943.8091282158641)",56.53682526333631,35.90505539208716,0.44010948155349516,59.75869181155462,355.62065429298565
"(81, 943.8091282158641)",56.37729725509879,36.22796597394252,0.4440675873749899,61.14868584426678,357.96635666504454
"(82, 943.8091282158641)",56.21643981381923,36.55332402280203,0.448055693245853,62.559391922473104,360.3196613120501
"(83, 943.8091282158641)",56.0542575944898,36.88112581980762,0.4520737535818415,63.99100776194446,362.6803274954067
"(84, 943.8091282158641)",55.89075736178638,37.21136632750724,0.4561217066359301,65.4437311011631,365.0480991992262
"(85, 943.8091282158641)",55.725947943841774,37.544039190282184,0.460199474503545,66.91775953246562,367.42270530412395
"(86, 943.8091282158641)",55.55984018127949,37.879136738715594,0.4643069631761131,68.41329033748919,369.8038598023134
"(87, 943.8091282158641)",55.39244687179732,38.216649997726854,0.46844406264076205,69.93052032718398,372.1912620516913
"(88, 943.8091282158641)",55.223782710599274,38.556568698296765,0.4726106470240617,71.4696456864715,374.5845970668436
"(89, 943.8091282158641)",55.05386422695462,38.89888129262608,0.4768065747778111,73.03086182372849,376.9835358449096
"(90, 943.8091282158641)",54.882709717145495,39.243574972578706,0.481031688905115,74.614363225636,379.38773572410537
"(91, 943.8091282158641)",54.710339174083366,39.59063569125693,0.4852858172248461,76.22034331705726,381.79684077344797
"(92, 943.8091282158641)",54.53677421384899,39.94004818756903,0.48956877267279114,77.84899432652408,384.2104822114935
"(93, 943.8091282158641)",54.362037999424075,40.291796013643776,0.4938803536376656,79.50050715739455,386.62827885231326
"(94, 943.8091282158641)",54.18615516198911,40.6458615648932,0.4982203443296366,81.17507126486846,389.0498375762935
"(95, 943.8091282158641)",54.00915171917343,41.00222611300772,0.5025885151847426,82.87287453905745,391.47475382876
"(96, 943.8091282158641)",53.83105499317836,41.36086984043801,0.5069846232875743,84.59410319427529,393.90261212961855
"(97, 943.8091282158641)",53.65189352457698,41.721771878391486,0.5114084128370078,86.3389416647281,396.3329866172269
"(98, 943.8091282158641)",53.471696986515255,42.08491034601109,0.5158596156264454,88.10757250676225,398.76544159940397
"(99, 943.8091282158641)",53.29049609689491,42.450262391889154,0.5203379515526814,89.90017630781438,401.1995321247503
"(100, 943.8091282158641)",53.10832252967658,42.817804237326555,0.5248431291461508,91.71693160221515,403.6348045672997
"(101, 943.8091282158641)",52.925208825460636,43.18751122122274,0.5293748461211664,93.55801479397633,406.0707972230489
"(102, 943.8091282158641)",52.74118830156618,43.5593578464452,0.5339327899443135,95.4236000866746,408.507040916532
"(103, 943.8091282158641)",52.556294961882486,43.933317827497184,0.5385166384187201,97.31385942055097,410.943059615159
"(104, 943.8091282158641)",52.37056340672916,44.30936413931421,0.5431260602822037,99.22896241691248,413.378371049351
"(105, 943.8091282158641)",52.184028742964664,44.687469067014696,0.5477607158170854,101.16907632992252,415.81248733629855
"(106, 943.8091282158641)",51.996726494577544,45.067604256427074,0.5524202574695208,103.13436600584429,418.2449156052474
"(107, 943.8091282158641)",51.808692513986124,45.44974076521429,0.5571043304761892,105.12499384979745,420.6751586222174
"(108, 943.8091282158641)",51.6199628942568,45.83384911442242,0.5618125734961309,107.14111980007118,423.1027154120232
"(109, 943.8091282158641)",51.43057388245483,46.21989934027104,0.5665446192455793,109.18290131001001,425.5270818755489
"(110, 943.8091282158641)",51.24056179430728,46.60786104601771,0.5713000951337024,111.25049333749497,427.9477514002849
"(111, 943.8091282158641)",51.049962930374164,46.99770345371831,0.5760786238970497,113.34404834203225,430.36421546203684
"(112, 943.8091282158641)",50.85881349388034,47.38939545572126,0.5808798242307526,115.46371628940351,432.7759642160074
"(113, 943.8091282158641)",50.66714951037768,47.782905665725764,0.5857033114143794,117.60964466389906,435.18248707525106
"(114, 943.8091282158641)",50.47500674935948,48.178202469252824,0.5905486979305746,119.7819784880559,437.5832732748134
"(115, 943.8091282158641)",50.282420647957245,48.575254073375426,0.5954155940746445,121.98086034988395,439.97781241983705
"(116, 943.8091282158641)",50.089426236840104,48.974028555556686,0.6003036085531915,124.20643043750097,442.36559501592416
"(117, 943.8091282158641)",49.89605806838384,49.374493911471184,0.6052123490702846,126.45882658113364,444.74611298036695
"(118, 943.8091282158641)",49.702350147209515,49.77661810166913,0.6101414228994597,128.7381843023747,447.1188601327512
"(119, 943.8091282158641)",49.50833586313791,50.18036909697082,0.6150904374401274,131.04463687064973,449.4833326636315
"(120, 943.8091282158641)",49.31404792661494,50.58571492247443,0.620059000757022,133.37831536677228,451.83902958011254
"(17, 943.884241588798)",64.47043669507927,20.659156313464628,0.2532314871864899,7.2008846593623295,231.82032557006116
"(18, 943.884241588798)",64.39352767137494,20.78706228339168,0.2547993062442094,7.544836052849935,232.95621387881752
"(19, 943.884241588798)",64.31212632531691,20.922243590892663,0.25645630341383724,7.905651023581155,234.1594124248553
"(20, 943.884241588798)",64.22650703328024,21.064396084136543,0.25819875052665403,8.283087711991156,235.42664410803494
"(21, 943.884241588798)",64.13695456544097,21.213204784545585,0.2600227867040989,8.676926119396226,236.75448470460796
"(22, 943.884241588798)",64.04375729104898,21.368350795827208,0.2619245030458109,9.086967094199084,238.13944381671894
"(23, 943.884241588798)",63.94720169020346,21.529516844301416,0.26390001054088275,9.513031146872995,239.57803015778393
"(24, 943.884241588798)",63.84756801895491,21.696391621714664,0.2659454933000578,9.954957189099446,241.06680305838438
"(25, 943.884241588798)",63.74512696268068,21.868673109520138,0.2680572493035325,10.412601265577663,242.60241219566646
"(26, 943.884241588798)",63.64013711783846,22.046071055246216,0.2702317207552399,10.88583532600808,244.18162747228735
"(27, 943.884241588798)",63.532843156828285,22.228308754559027,0.2724655159266518,11.374546069088979,245.8013607904393
"(28, 943.884241588798)",63.42347454952498,22.415124272072262,0.2747554241209495,11.878633877999675,247.45868124081127
"(29, 943.884241588798)",63.31224473503111,22.60627121279949,0.2770984251291717,12.398011858002944,249.15082499049564
"(30, 943.884241588798)",63.19935065542348,22.801519136768416,0.27949169431240856,12.932604979870229,250.8752009365657
"(31, 943.884241588798)",63.08497258053703,23.00065369151524,0.2819326042258442,13.482349328007993,252.62939299085772
"(32, 943.884241588798)",62.96927416611234,23.203476522867682,0.2844187235251781,14.04719144853503,254.41115969968172
"(33, 943.884241588798)",62.85240269937266,23.409805012101085,0.2869478137447694,14.627087790228243,256.2184317618171
"(34, 943.884241588798)",62.734489494928475,23.61947187793375,0.28951782441911245,15.222004229641724,258.049307898631
"(35, 943.884241588798)",62.615650411051796,23.832324674116972,0.29212688692444483,15.831915670958885,259.90204944141726
"(36, 943.884241588798)",62.495986460653526,24.048225207698223,0.29477330734808477,16.456805710334685,261.775073936534
"(37, 943.884241588798)",62.375584498090355,24.267048897667806,0.297455558626989,17.096666355891095,263.66694800511664
"(38, 943.884241588798)",62.25451796167452,24.488684091316436,0.300172272167887,17.751497792858153,265.5763796683141
"(39, 943.884241588798)",62.1328476583103,24.713031351668462,0.3029222291130371,18.421308185940855,267.50221030080627
"(40, 943.884241588798)",62.01062257615202,24.94000272786444,0.3057043513967721,19.10611351057689,269.4434063579607
"(41, 943.884241588798)",61.8878807137088,25.169521018239674,0.30851769271266855,19.80593740605258,271.39905099677037
"(42, 943.884241588798)",61.76464991367622,25.401519034694605,0.31136142949648477,20.520811043223098,273.36833569707045
"(43, 943.884241588798)",61.64094870008419,25.63593887394142,0.3142348519934046,21.250773006834564,275.3505519477283
"(44, 943.884241588798)",61.51678709507443,25.872731204580262,0.317137355519308,21.99586917706219,277.3450831167568
"(45, 943.884241588798)",61.39216741854372,26.111854572640766,0.3200684319483843,22.756152612565838,279.35139653355066
"(46, 943.884241588798)",61.26708507976995,26.353274727457556,0.32302766144998857,23.531683444174465,281.369035795751
"(47, 943.884241588798)",61.141529322819544,26.59696397660414,0.3260147045816917,24.322528751512266,283.3976134293738
"(48, 943.884241588798)",61.01548394974426,26.84290056751703,0.3290292947094514,25.128762441379205,285.4368038559484
"(49, 943.884241588798)",60.88892800771101,27.09106809945535,0.33207123079969997,25.95046511851901,287.4863367183145
"(50, 943.884241588798)",60.76183643985118,27.341454966614474,0.33514037059324137,26.78772394931026,289.5459905738801
"(51, 943.884241588798)",60.63418069853107,27.59405383299265,0.33823662416836386,27.640632517921073,291.61558696279036
"(52, 943.884241588798)",60.505929320359314,27.84886113917536,0.34135994789522206,28.509290674793203,293.6949848530801
"(53, 943.884241588798)",60.37704846285377,28.105876640787994,0.34451033877836246,29.393804377553582,295.7840754597609
"(54, 943.884241588798)",60.247502403064836,28.36510297808771,0.3476878291809818,30.29428552460833,297.8827774315382
"(55, 943.884241588798)",60.1172539989317,28.626545275855687,0.35089248192055905,31.21085178186098,299.9910323949369
"(56, 943.884241588798)",59.98626511438323,28.89021077258203,0.3541243857235326,32.14362640303505,302.1088008437205
"(57, 943.884241588798)",59.85449700948678,29.156108477747757,0.3573836510244458,33.09273804418715,304.23605835925747
"(58, 943.884241588798)",59.721910697117764,29.42424885590659,0.36067040609351175,34.0583205730212,306.37279214607696
"(59, 943.884241588798)",59.58846726772705,29.694643536197024,0.3639847934759535,35.04051287364337,308.51899786626234
"(60, 943.884241588798)",59.45412818392939,29.967305045843194,0.3673269667253638,36.03945864735573,310.67467675532794
"(61, 943.884241588798)",59.318855546598925,30.242246566226484,0.37069708741371793,37.05530621014619,312.83983300252737
"(62, 943.884241588798)",59.18261233422428,30.51948171008569,0.37409532240040433,38.088208287430774,315.0144713783917
"(63, 943.884241588798)",59.04536261726619,30.799024318427982,0.3775218413428227,39.1383218066492,317.19859509242747
"(64, 943.884241588798)",58.907071749143206,31.08088827581182,0.3809768144322174,40.20580768819634,319.39220386507344
"(65, 943.884241588798)",58.76770653551863,31.365087342663536,0.38446041033825895,41.290830635252874,321.59529219779273
"(66, 943.884241588798)",58.62723538340322,31.651635003395445,0.38797279434736076,42.39355892290399,323.8078478267413
"(67, 943.884241588798)",58.48562843157581,31.940544329128247,0.3915141266799735,43.51416418702584,326.0298503456015
"(68, 943.884241588798)",58.34285766368004,32.23182785392158,0.39508456097347283,44.652821213302644,328.26126998458693
"(69, 943.884241588798)",58.19889700531436,32.52549746346706,0.39868424291780324,45.80970772674005,330.50206653313484
"(70, 943.884241588798)",58.05372240631833,32.82156429528435,0.40231330903212453,46.985004182009405,332.75218839485717
"(71, 943.884241588798)",57.907311909358825,33.12003864954092,0.4059718855716778,48.178893554916925,335.0115717642804
"(72, 943.884241588798)",57.75964570589278,33.42092990965708,0.4096600875545921,49.3915611352875,337.28013991537927
"(73, 943.884241588798)",57.61070618038027,33.72424647198829,0.41337801789995404,50.62319432152285,339.55780259345585
"(74, 943.884241588798)",57.46047794368987,34.02999568386768,0.4171257666683704,51.873982417068,341.84445550185274
"(75, 943.884241588798)",57.308947856443424,34.33818378941643,0.4209034103977236,53.14411642902272,344.1399798763712
"(76, 943.884241588798)",57.1561050430357,34.64881588255776,0.4247110115272417,54.43378886912532,346.44424214067647
"(77, 943.884241588798)",57.0019408969545,34.96189586672955,0.42854861790366966,55.74319355728908,348.75709363664373
"(78, 943.884241588798)",56.846449078224,35.27742642086638,0.43241626236429004,57.07252542792203,351.07837042445857
"(79, 943.884241588798)",56.689625502861404,35.595408971169896,0.436313962390898,58.421980339218024,353.40789314671804
"(80, 943.884241588798)",56.53146832592017,35.915843668438676,0.44024171983192323,59.79175488560318,355.74546695369975
"(81, 943.884241588798)",56.3719779175194,36.238729370487526,0.44419952068692836,61.18204621354048,358.0908814841485
"(82, 943.884241588798)",56.21115683289371,36.564063629456435,0.44818733495104185,62.59305184087671,360.44391089909203
"(83, 943.884241588798)",56.04900977666471,36.89184268371,0.452205116515679,64.02496947994234,362.8043139650334
"(84, 943.884241588798)",55.88554356170771,37.22206145409587,0.4562528031226693,65.4779968645591,365.17183418364476
"(85, 943.884241588798)",55.72076706295173,37.554713544348175,0.4603303163691992,66.95233158119726,367.5461999652758
"(86, 943.884241588798)",55.55469116643622,37.88979124543521,0.4644375617611096,68.44817090441096,369.9271248438245
"(87, 943.884241588798)",55.387328713928355,38.227285543668174,0.46857442881230055,69.96571163687135,372.3143077305312
"(88, 943.884241588798)",55.21869444336689,38.567186132414,0.472740791188269,71.50514995402584,374.70743320480176
"(89, 943.884241588798)",55.04880492544689,38.909481427233146,0.4769365068916969,73.06668125360444,377.1061718398754
"(90, 943.884241588798)",54.87767849659075,39.25415858430604,0.4811614184883006,74.6505000104783,379.51018056114157
"(91, 943.884241588798)",54.70533518858449,39.601203521993575,0.4854153533711037,76.25679963770402,381.9191030345386
"(92, 943.884241588798)",54.53179665513544,39.950600945391606,0.48969812406143187,77.8857723463169,384.33257009086486
"(93, 943.884241588798)",54.35708609562235,40.30233437373298,0.494009528544781,79.53760902794842,386.7502001601818
"(94, 943.884241588798)",54.181228176415146,40.65638617043693,0.4983493506391586,81.21249912042988,389.1715997538822
"(95, 943.884241588798)",54.00424894913528,41.01273757609697,0.5027173603994366,82.91063049661383,391.5963639575308
"(96, 943.884241588798)",53.82617576880398,41.37136874294924,0.507113314539841,84.63218935255554,394.0240769414638
"(97, 943.884241588798)",53.647037207655885,41.73225877286118,0.5115369568996101,86.37736010323306,396.45431250459706
"(98, 943.884241588798)",53.46686296935574,42.09538575650244,0.5159880189231411,88.14632528483631,398.88663462533907
"(99, 943.884241588798)",53.28568380119549,42.46072681485191,0.5204662201687469,89.93926546374581,401.32059803282016
"(100, 943.884241588798)",53.10353140542299,42.82825814244498,0.5249712688387819,91.75635915238851,403.755748791414
"(101, 943.884241588798)",52.92043834982974,43.1979550522608,0.5295028623298431,93.59778273205931,406.1916248972423
"(102, 943.884241588798)",52.73643797785231,43.56979202208219,0.5340606878010333,95.4637103828464,408.62775688462375
"(103, 943.884241588798)",52.55156431843959,43.94374274215671,0.5386444227581652,97.35431402077903,411.06366844034756
"(104, 943.884241588798)",52.36585199593148,44.31978016398564,0.5432537356518129,99.26976324227101,413.4988770237217
"(105, 943.884241588798)",52.17933614018322,44.69787655006855,0.5478882864870377,101.21022527595905,415.9328944902446
"(106, 943.884241588798)",51.99205229717726,45.07800352442155,0.5525477274426382,103.17586494198743,418.3652277168211
"(107, 943.884241588798)",51.80403634034156,45.46013212369465,0.5572317034977187,105.16684461882173,420.79537922635643
"(108, 943.884241588798)",51.615324382789304,45.84423284871102,0.561939853063435,107.18332421759939,423.2228478097015
"(109, 943.884241588798)",51.42595269068354,46.230275716251846,0.5666718086177556,109.22546116406704,425.6471291428556
"(110, 943.884241588798)",51.235957597927786,46.618230310908494,0.5714271973410463,111.29341038811268,428.0677163973532
"(111, 943.884241588798)",51.045375422354645,47.00806583683517,0.5762056417504243,113.38732432089441,430.4841008418916
"(112, 943.884241588798)",50.854242383583816,47.39975116923082,0.5810067603308106,115.50735289954635,432.8957724332653
"(113, 943.884241588798)",50.662594522700175,47.79325490538988,0.5858301681606861,117.65364357945354,435.30222039473364
"(114, 943.884241588798)",50.47046762389483,48.18854541516004,0.5906754775305851,119.82634135403656,437.7029337800209
"(115, 943.884241588798)",50.277897138187456,48.585590890659745,0.5955422985525037,122.02558878202838,440.097402021251
"(116, 943.884241588798)",50.08491810934561,48.98435939510543,0.6004302397584111,124.25152602214821,442.48511545919985
"(117, 943.884241588798)",49.89156510208081,49.38481891061834,0.6053389086862532,126.50429087514895,444.8655658543657
"(118, 943.884241588798)",49.69787213261048,49.7869373848759,0.6102679124517663,128.78401883311955,447.2382468773948
"(119, 943.884241588798)",49.50387260163795,50.19068277649089,0.615216858304735,131.0908431359897,449.6026545776181
"(120, 943.884241588798)",49.309599229801506,50.59602309900557,0.6201853541682456,133.42489483512824,451.9582878284464
"(17, 943.9408273604063)",64.46059546613068,20.671989443481205,0.2533887904446701,7.2152184094114835,231.96880608678305
"(18, 943.9408273604063)",64.3838399850988,20.799762532386367,0.2549549807011795,7.559258473047345,233.10315694968043
"(19, 943.9408273604063)",64.30259558023361,20.934808475245372,0.2566103186264021,7.920167159275339,234.3047893141481
"(20, 943.9408273604063)",64.2171356276973,21.076823995107365,0.25835108677552043,8.297702397876025,235.57043620246884
"(21, 943.9408273604063)",64.12774398221438,21.225494904170404,0.26017343396302356,8.69164397197182,236.89668254028265
"(22, 943.9408273604063)",64.03470818900368,21.38050300912562,0.26207345990539643,9.101792509016565,238.2800460632876
"(23, 943.9408273604063)",63.938313997341304,21.54153165187847,0.26404728313734216,9.527968299633876,239.71704260729632
"(24, 943.9408273604063)",63.838841023870856,21.708270055656396,0.2660910942842816,9.970010039772196,241.20423765216844
"(25, 943.9408273604063)",63.73655940165395,21.88041665452879,0.2682011968743936,10.42777356479494,242.73828611187136
"(26, 943.9408273604063)",63.63172725599336,22.05768157616662,0.2703740377712431,10.901130623223368,244.31596228733758
"(27, 943.9408273604063)",63.52458886240343,22.239788430891398,0.27260622910321797,11.389967721935983,245.93418172135605
"(28, 943.9408273604063)",63.415373360877936,22.426475539594826,0.2748945633148473,11.894185062522165,247.59001646977237
"(29, 943.9408273604063)",63.30429392030371,22.617496712172162,0.27723602270853787,12.413695579416213,249.2807050701894
"(30, 943.9408273604063)",63.19154726518168,22.812621668710538,0.27962778460731447,12.948424083612014,251.00365827157387
"(31, 943.9408273604063)",63.07731349377254,23.01163617808635,0.2820672230536981,13.49830651087602,252.756461389684
"(32, 943.9408273604063)",62.96175613013459,23.214341974290612,0.284551907784056,14.06328926978323,254.53687399088057
"(33, 943.9408273604063)",62.84502236418083,23.42055649853702,0.2870796010674624,14.643328682465741,256.3428274674501
"(34, 943.9408273604063)",62.727243442658626,23.63011250563159,0.28964825288074136,15.238390509460004,258.17242095828317
"(35, 943.9408273604063)",62.60853518105969,23.842857565393484,0.2922559947971026,15.848449549220966,260.02391598059467
"(36, 943.9408273604063)",62.48899857078461,24.058653484236736,0.29490113289606956,16.47348930205048,261.8957300733866
"(37, 943.9408273604063)",62.36872046262557,24.277375666676154,0.2975821399371911,17.113501689653997,263.78642969033837
"(38, 943.9408273604063)",62.24777430642734,24.49891243411865,0.30029764700992645,17.76848681981171,265.6947225531215
"(39, 943.9408273604063)",62.12622093322838,24.723164314392914,0.30304643482508875,18.43845278824396,267.61944962917175
"(40, 943.9408273604063)",62.0041093658226,24.950043313880194,0.3058274247929174,19.12341550937526,269.5595768791536
"(41, 943.9408273604063)",61.88147764605502,25.17947218208278,0.3086396700084127,19.823398568921696,271.51418689506215
"(42, 943.9408273604063)",61.75835366708068,25.411383677261647,0.3114823462498067,20.53843309111877,273.4824705360843
"(43, 943.9408273604063)",61.634756009235105,25.645719838712875,0.31435474305853706,21.268557620533205,275.4637186268102
"(44, 943.9408273604063)",61.510694755655734,25.882431274743944,0.31725625501143057,22.01381800310775,277.45731383764604
"(45, 943.9408273604063)",61.386172290972155,26.121476468947087,0.3201863732173416,22.774267268716997,279.46272277558825
"(46, 943.9408273604063)",61.26118409212706,26.362821106692007,0.3231446770615708,23.54996552441565,281.4794882981948
"(47, 943.9408273604063)",61.13571947308135,26.60643743057379,0.3261308263052003,24.340979830600002,283.50722217966376
"(48, 943.9408273604063)",61.00976230741804,26.852303622466263,0.32914455351056665,25.147384078956474,285.54559808297927
"(49, 943.9408273604063)",60.88329171496275,27.10040321584122,0.3321856568377023,25.969258862831584,287.5943448898091
"(50, 943.9408273604063)",60.75628271220375,27.35072453917704,0.33525399322187,26.806691340533778,289.65324039719826
"(51, 943.9408273604063)",60.62870682519069,27.603260191072394,0.3383494719397199,27.65977509111563,291.72210538862015
"(52, 943.9408273604063)",60.500532664244126,27.858006547225493,0.34147204856604463,28.528609962531366,293.8007980813536
"(53, 943.9408273604063)",60.371726460333875,28.11496329906519,0.34462171931850144,29.413301912212688,295.88920894765926
"(54, 943.9408273604063)",60.24225256349204,28.37413302347071,0.3477985157834261,30.313962840377876,297.98725590295066
"(55, 943.9408273604063)",60.11207390397117,28.63552078277858,0.3510025000128564,31.230710416462355,300.0948798512443
"(56, 943.9408273604063)",59.981152417199155,28.89913375404606,0.35423375998025614,32.16366789918937,302.2120405755612
"(57, 943.9408273604063)",59.84944943377309,29.16498088641758,0.3574924053805434,33.1129639508416,304.3387129591303
"(58, 943.9408273604063)",59.71692603603945,29.433072585245228,0.3607785637582803,34.078732446361734,306.47488352152845
"(59, 943.9408273604063)",59.583543382763196,29.70342042164695,0.36409237694749635,35.06111227790386,308.6205472535328
"(60, 943.9408273604063)",59.449263003637775,29.97603686603827,0.3674339978054462,36.06024715543905,310.77570473337556
"(61, 943.9408273604063)",59.314047065331245,30.250935044217844,0.3708035872227987,37.07628540407644,312.9403595072188
"(62, 943.9408273604063)",59.17785861080337,30.528128514574803,0.3742013113927405,38.109379758657695,315.11451571675474
"(63, 943.9408273604063)",59.0406617736101,30.807631065012973,0.3776273393217581,39.1596871561974,317.2981759570918
"(64, 943.9408273604063)",58.902421968892476,31.089456528217692,0.38108184056525013,40.22736852671369,319.491339348475
"(65, 943.9408273604063)",58.763106062629156,31.37361861397445,0.38456498317215737,41.31258858290515,321.69399980646176
"(66, 943.9408273604063)",58.62268252074328,31.660130757269243,0.3880769318230451,42.41551560919585,323.9061444953373
"(67, 943.9408273604063)",58.48112153952349,31.9490059809948,0.39161784614720235,43.536321250512025,326.1277524507784
"(68, 943.9408273604063)",58.33839515871428,32.240256772168344,0.3951878792053795,44.67518030121536,328.3587933587148
"(69, 943.9408273604063)",58.19447735863368,32.53389497059429,0.398787176125055,45.832270494539145,330.5992264776653
"(70, 943.9408273604063)",58.04934414245052,32.82993166904906,0.40241587287694613,47.00777229286342,332.84899969356115
"(71, 943.9408273604063)",57.902973604816864,33.128377124061785,0.4060740951813904,48.201868679123315,335.10804869602674
"(72, 943.9408273604063)",57.75534598781404,33.42924067651211,0.4097619575350697,49.414744949639754,337.3762962668336
"(73, 943.9408273604063)",57.606443725214014,33.73253068127299,0.4134795623486001,50.64658850862135,339.6536516713349
"(74, 943.9408273604063)",57.45625147589251,34.03825444523491,0.41722699918685363,51.89758866459541,341.9400101449428
"(75, 943.9408273604063)",57.30475614720283,34.34641817308707,0.4210043441043756,53.1679364289809,344.23525246722863
"(76, 943.9408273604063)",57.15194690901155,34.65702692030979,0.4248116590691732,54.45782431703409,346.53924461706805
"(77, 943.9408273604063)",56.997815199052084,34.970084552857,0.42864899146852825,55.76744615136356,348.8518375026427
"(78, 943.9408273604063)",56.842354720384186,35.285593713118345,0.4325163736917734,57.096996868222405,351.1728667613129
"(79, 943.9408273604063)",56.685561430875154,35.60355579166388,0.43641382278394686,58.44667232678208,353.5021526234144
"(80, 943.9408273604063)",56.52743352627271,35.92397090454936,0.44034134016761295,59.81666912156041,355.83949983724625
"(81, 943.9408273604063)",56.36797141624583,36.24683787571842,0.44429891142715544,61.20718439821595,358.18469764966096
"(82, 943.9408273604063)",56.207177694467774,36.572154224285285,0.44828650615288845,62.61841567288782,360.5375198395755
"(83, 943.9408273604063)",56.045057102902106,36.89991615641775,0.45230407784157056,64.05056065528393,362.8977248009738
"(84, 943.9408273604063)",55.88161649068888,37.23011856157731,0.4563515638503088,65.503817075696,365.26505567237973
"(85, 943.9408273604063)",55.716864767972794,37.56275501290105,0.46042888540124305,66.97838251614216,367.63924051013686
"(86, 943.9408273604063)",55.55081285497325,37.89781777153485,0.464535947634685,68.47445424582384,370.0199925031111
"(87, 943.9408273604063)",55.38347362661335,38.23529779473176,0.46867263970831863,69.99222906114738,372.4070102263085
"(88, 943.9408273604063)",55.214861852992975,38.57518474754229,0.47283883494057055,71.53190313040162,374.79997793153115
"(89, 943.9408273604063)",55.04499413598333,38.917467017943984,0.47703439099601797,73.09367184327361,377.1985658728751
"(90, 943.9408273604063)",54.87388884221721,39.262131735253504,0.48125915011108955,74.67772966571586,379.602430664912
"(91, 943.9408273604063)",54.701566032734846,39.60916479167851,0.48551293935823714,76.28427000100893,382.0112156709882
"(92, 943.9408273604063)",54.528047389563845,39.958550866858275,0.48979557094674836,77.91348504956854,384.4245514273677
"(93, 943.9408273604063)",54.35335613947438,40.310273455260585,0.4941068425585597,79.56556569159093,386.84205607757394
"(94, 943.9408273604063)",54.17751697531861,40.664314896219445,0.49844653771645125,81.2407013526621,389.26333585433485
"(95, 943.9408273604063)",54.000555974307325,41.02065640691355,0.5028144261882821,82.93907989261686,391.6879855722981
"(96, 943.9408273604063)",53.822500516162016,41.37927811683153,0.5072102644094543,84.66088749373434,394.1155891386163
"(97, 943.9408273604063)",53.64337919694586,41.74015910575165,0.5116337959484449,86.40630855649506,396.5457200966253
"(98, 943.9408273604063)",53.46322174329376,42.10327744290593,0.5160847519868756,88.17552560187603,398.9779421767055
"(99, 943.9408273604063)",53.282058924620564,42.468610228481964,0.5205628518282079,89.9687191803894,401.4118098674217
"(100, 943.9408273604063)",53.09992246446495,42.83613363686283,0.5250678034277787,91.78606778794219,403.84686899998644
"(101, 943.9408273604063)",52.916844951083974,43.20582296151201,0.5295993039429701,93.62774778869594,406.2826573447265
"(102, 943.9408273604063)",52.732859747572505,43.577652661325125,0.5341570403013728,95.4939333450325,408.7187052174312
"(103, 943.9408273604063)",52.54800090174178,43.95159640828662,0.5387406897849398,97.3847963547261,411.154536093586
"(104, 943.9408273604063)",52.36230305601005,44.32762713625396,0.5433499206279689,99.30050639542385,413.58966722835214
"(105, 943.9408273604063)",52.17580135754226,44.70571709069572,0.5479843926267678,101.2412306765147,416.0236102801862
"(106, 943.9408273604063)",51.988531368877176,45.08583787920379,0.552643757758812,103.20713399846035,418.4558719359566
"(107, 943.9408273604063)",51.800528979255034,45.46796052260716,0.5573276608092766,105.19837871962864,420.8859545355199
"(108, 943.9408273604063)",51.61183031687489,45.852055506503625,0.5620357400026937,107.21512473069083,423.31335669357014
"(109, 943.9408273604063)",51.42247166227701,46.23809283303701,0.5667676276376126,109.25752943659339,425.7375739167493
"(110, 943.9408273604063)",51.2324893630444,46.62604207274483,0.5715229507221312,111.32574774612203,428.15809921398716
"(111, 943.9408273604063)",51.04191975001123,47.01587241630175,0.5763013316081391,113.4199320690696,430.57442369802106
"(112, 943.9408273604063)",50.85079905513404,47.40755272599549,0.581102388622301,115.54023232097953,432.98603717626366
"(113, 943.9408273604063)",50.65916333118986,47.80105158676817,0.5859257366916852,117.68679593544927,435.39242872905567
"(114, 943.9408273604063)",50.46704837343151,48.19633735666684,0.5907709879621758,119.85976788395907,437.79308727358176
"(115, 943.9408273604063)",50.27448964333024,48.59337821655053,0.5956377524077606,122.05929070317136,440.1875021117031
"(116, 943.9408273604063)",50.081522194511734,48.99214221890901,0.6005256384289289,124.285504529655,442.57516346008424
"(117, 943.9408273604063)",49.888180600969704,49.39259733566003,0.6054342534385423,126.5385471419497,444.9555629611578
"(118, 943.9408273604063)",49.69449888764887,49.794711504788545,0.6103632044335471,128.81855400990796,447.3281941734432
"(119, 943.9408273604063)",49.500510463441714,50.19845267571689,0.6153120985510652,131.1256583512337,449.6925530399266
"(120, 943.9408273604063)",49.30624805665647,50.603788853287035,0.6202805436075416,133.45999119510688,452.0481383333585
"(17, 943.9786708814752)",64.4540197604524,20.68056825532817,0.25349394601101344,7.22480952328663,232.06806870869025
"(18, 943.9786708814752)",64.37736670211108,20.80825267611655,0.25505904941001983,7.568908836503411,233.20139362185964
"(19, 943.9786708814752)",64.29622699627106,20.94320828590448,0.2567132800694027,7.929880145591301,234.40198077194734
"(20, 943.9786708814752)",64.2108733520074,21.08513239149325,0.25845292769977074,8.307481239779849,235.66656993567574
"(21, 943.9786708814752)",64.12158901327624,21.233711332894018,0.26027414758524803,8.701491756572825,236.99175214575854
"(22, 943.9786708814752)",64.0286609753399,21.38862738616062,0.26217304519570794,9.111712175933555,238.37405056885976
"(23, 943.9786708814752)",63.93237449955535,21.54956430435516,0.26414574410553854,9.537962641692939,239.80998579805163
"(24, 943.9786708814752)",63.833008775525876,21.71621166581443,0.26618843929297853,9.980081705720258,241.29612742207988
"(25, 943.9786708814752)",63.730833567291505,21.888268207147643,0.26829743799461325,10.437925063563087,242.82913385549693
"(26, 943.9786708814752)",63.62610668523087,22.06544431023385,0.27046919018999327,10.911364329337559,244.40578234060123
"(27, 943.9786708814752)",63.51907213944689,22.247463795920346,0.272700310588037,11.400285881760727,246.02299085609994
"(28, 943.9786708814752)",63.409958849198475,22.434065156677832,0.2749875937364182,11.904589801080633,247.6778334431185
"(29, 943.9786708814752)",63.298979802465695,22.625002339660508,0.2773280236200106,12.424188907558127,249.36755022744583
"(30, 943.9786708814752)",63.18633157797141,22.820045172287838,0.2797187788774809,12.959007905392433,251.08955319996124
"(31, 943.9786708814752)",63.07219415889403,23.018979504915908,0.28215723455008945,13.508982630998776,252.84142861918733
"(32, 943.9786708814752)",62.95673098086451,23.2216071308398,0.284640961101127,14.074059400991995,254.62093673767558
"(33, 943.9786708814752)",62.84008916833469,23.427745531710382,0.2871677212953309,14.6541944528291,256.4260094155993
"(34, 943.9786708814752)",62.72239992226548,23.637227486825537,0.2897354654097398,15.249353469474798,258.254746075237
"(35, 943.9786708814752)",62.60377902912649,23.849900577108365,0.292342325153656,15.859511178677703,260.1054083622705
"(36, 943.9786708814752)",62.48432746553486,24.06562660889111,0.2949866066056429,16.48465101663462,261.97641381479673
"(37, 943.9786708814752)",62.364132079506064,24.284280977342643,0.2976667824106215,17.124764847251814,263.8663287782919
"(38, 943.9786708814752)",62.24326632821136,24.50575198688051,0.30038148344985965,17.779852726506615,265.77386077789777
"(39, 943.9786708814752)",62.121791058459394,24.72994014210054,0.3031294901493981,18.449922703967502,267.69785051224056
"(40, 943.9786708814752)",61.999755315858664,24.956757421077516,0.3059097235724468,19.134990653231437,269.6372636144063
"(41, 943.9786708814752)",61.87719717089147,25.186126540932,0.30872123641712,19.835080124180504,271.5911823017381
"(42, 943.9786708814752)",61.75414455014631,25.417980224303854,0.31156320402504417,20.550222209846403,273.5587970212886
"(43, 943.9786708814752)",61.63061607130343,25.652260472337197,0.31443491546998176,21.280455427898985,275.5393981561834
"(44, 943.9786708814752)",61.50662185801166,25.8889178532403,0.31733576483721654,22.025825601363938,277.53236791282814
"(45, 943.9786708814752)",61.382164337919455,26.127910809060616,0.3202652427263989,22.786385740846356,279.5371724175527
"(46, 943.9786708814752)",61.257239032976955,26.36920498258167,0.32322292800081515,23.562195937473298,281.55335403515494
"(47, 943.9786708814752)",61.13183530364979,26.61277257312618,0.3262084798911307,24.353323238755497,283.58052403914047
"(48, 943.9786708814752)",61.00593707113458,26.858591718892598,0.32922163042432934,25.15984152624821,285.61835558714245
"(49, 943.9786708814752)",60.87952350364675,27.106645909510434,0.3322621772230489,25.98183138565082,287.666577053548
"(50, 943.9786708814752)",60.75256966654032,27.35692342965432,0.33532997668560305,26.819379969844196,289.7249657285474
"(51, 943.9786708814752)",60.625047134966145,27.609416834317997,0.33842493755416797,27.67258085444025,291.7933418910895
"(52, 943.9786708814752)",60.49692456836774,27.864122455933057,0.3415470148731877,28.541533885701565,293.8715632578256
"(53, 943.9786708814752)",60.36816824668287,28.12103994311028,0.3446962043354754,29.426345020906798,295.95951980558465
"(54, 943.9786708814752)",60.23874256860902,28.38017183044913,0.34787253700911563,30.327126161459216,298.0571289605725
"(55, 943.9786708814752)",60.10861051262698,28.641523138622173,0.35107607443545247,31.24399497913406,300.16433114473017
"(56, 943.9786708814752)",59.977734061845176,28.905101003700278,0.3543069040855333,32.17707473597223,302.28108566681976
"(57, 943.9786708814752)",59.846074593922104,29.170914334554375,0.3575651351606478,33.12649409839993,304.40736694410344
"(58, 943.9786708814752)",59.7135932375481,29.438973497027174,0.36085089472105686,34.092386946178145,306.54316103899623
"(59, 943.9786708814752)",59.580251197073274,29.709290023506675,0.3641643241260524,35.0748921768163,308.68846249414537
"(60, 943.9786708814752)",59.44601004695747,29.981876346483148,0.36750557576802184,36.07415350606383,310.84327144896474
"(61, 943.9786708814752)",59.31083199778278,30.25674555464512,0.37087481008274825,37.09031926510846,313.0075910202238
"(62, 943.9786708814752)",59.17468013553871,30.533911170094257,0.3742721928186257,38.12354219507404,315.1814249297475
"(63, 943.9786708814752)",59.037518635904924,30.8133869452721,0.3776978925474551,39.173979239365416,317.36477536231547
"(64, 943.9786708814752)",58.89931295522462,31.095186678224735,0.38115207840004195,40.24179133440402,319.5576410373794
"(65, 943.9786708814752)",58.760029999744084,31.379324044918214,0.3846349180107831,41.32714319924223,321.76001547918196
"(66, 943.9786708814752)",58.6196382747294,31.66581244732326,0.3881465756555558,42.43020312452956,323.9718854699979
"(67, 943.9786708814752)",58.47810801486275,31.954664876123722,0.3916872105688468,43.55114276122442,326.19322967282807
"(68, 943.9786708814752)",58.335411297361404,32.24589378690891,0.3952569754261728,44.69013690947368,328.4240174099568
"(69, 943.9786708814752)",58.191522139079105,32.53951098883388,0.3988560149793289,45.84736330799592,330.6642075852728
"(70, 943.9786708814752)",58.046416578809215,32.8355275447807,0.4024844648325972,47.02300242430995,332.91374773880693
"(71, 943.9786708814752)",57.90007274591818,33.13395368212788,0.4061424503489989,48.21723724610215,335.17257322289134
"(72, 943.9786708814752)",57.75247091630418,33.43479871333174,0.40983008567681634,49.43025307401894,337.44060649042325
"(73, 943.9786708814752)",57.60359355667657,33.73807096554992,0.41354747288693877,50.66223731613944,339.717756486066
"(74, 943.9786708814752)",57.453425357981985,34.04377771864922,0.41729470121299855,51.91337928437126,342.00391813255743
"(75, 943.9786708814752)",57.30195325878945,34.351925150971795,0.42107184638658307,53.183869993010504,344.2989719046049
"(76, 943.9786708814752)",57.149166459343554,34.66251829230952,0.4248789700608255,54.47390195964781,346.6027834838603
"(77, 943.9786708814752)",56.99505642693764,34.97556098356774,0.42871611931597303,55.78366900868084,348.9152034886753
"(78, 943.9786708814752)",56.83961689338391,35.29105584271436,0.4325833262420038,57.1133660775838,351.2360672738305
"(79, 943.9786708814752)",56.68284384451206,35.609004236506806,0.43648060759207213,58.463189026165495,353.5651947941374
"(80, 943.9786708814752)",56.5247355032574,35.929406257783036,0.44040796450414843,59.833334448993654,355.9023905292483
"(81, 943.9786708814752)",56.36529230571401,36.25226070785032,0.4443653822851474,61.22399949117587,358.2474434640962
"(82, 943.9786708814752)",56.20451687124098,36.5775650837495,0.44835283025481454,62.63538166769642,360.60012712219105
"(83, 943.9786708814752)",56.042413966751944,36.90531557013027,0.45237026164615624,64.06767868649672,362.960199648547
"(84, 943.9786708814752)",55.87899046562372,37.23550703547462,0.4564176135591163,65.52108827549269,365.3274039389367
"(85, 943.9786708814752)",55.71425530152945,37.56813303247081,0.46049480696517964,66.9958080137193,367.70146781309245
"(86, 943.9786708814752)",55.548219417529936,37.90318580233138,0.4646017467603249,68.49203516677896,370.08210422924424
"(87, 943.9786708814752)",55.38089571070452,38.240656282886334,0.4687383218641541,70.00996652688298,372.4690115376543
"(88, 943.9786708814752)",55.212298972647886,38.58053412025777,0.47290440536308326,71.5497982575204,374.8618737711173
"(89, 943.9786708814752)",55.04244582606588,38.922807683985845,0.4770998546956875,73.11172574298654,377.2603609703935
"(90, 943.9786708814752)",54.87135465777769,39.2674640854316,0.48132451187830544,74.6959434432603,379.6641295422973
"(91, 943.9786708814752)",54.69904554837811,39.614489199318626,0.48557820376907085,76.30264475507538,382.07282264786625
"(92, 943.9786708814752)",54.52554019881633,39.96386768827189,0.48986074236872007,77.93202187173378,384.48607062650336
"(93, 943.9786708814752)",54.35086185417362,40.315583030201964,0.49417192515623953,79.58426566577265,386.9034914301542
"(94, 943.9786708814752)",54.17503522500122,40.66961754834226,0.4985115354570526,81.25956555458367,389.3246911052483
"(95, 943.9786708814752)",53.99808640560983,41.025952444220046,0.5028793428471705,82.95810938928338,391.7492642853383
"(96, 943.9786708814752)",53.8200427922286,41.3845678321176,0.5072751035756015,84.6800833429319,394.17679470162705
"(97, 943.9786708814752)",53.64093299684805,41.74544277704581,0.5116985610298131,86.42567180629811,396.60685572658826
"(98, 943.9786708814752)",53.46078676145477,42.108555333905784,0.5161494462157581,88.19505729018863,399.0390109247721
"(99, 943.9786708814752)",53.27963487025227,42.47388258898441,0.5206274782665167,89.98842033448433,401.4728146239162
"(100, 943.9786708814752)",53.097509061004374,42.84140070319509,0.5251323649723155,91.80593942403962,403.9078124993725
"(101, 943.9786708814752)",52.91444193564941,43.21108495695325,0.5296638033305994,93.64779091155226,406.343542170494
"(102, 943.9786708814752)",52.73046687042064,43.58290979652829,0.5342214801141909,95.51414894755399,408.7795338069743
"(103, 943.9786708814752)",52.54561792573702,43.95684888169483,0.5388050724553832,97.40518541760089,411.2153107430287
"(104, 943.9786708814752)",52.359929756098616,44.33287513451554,0.5434142484438955,99.3210698867848,413.6503900973395
"(105, 943.9786708814752)",52.173437520240924,44.71096078907268,0.5480486677364679,101.26196955161815,416.084283396616
"(106, 943.9786708814752)",51.986176791765374,45.09107744197943,0.552707982176002,103.22804919938719,418.51649720069724
"(107, 943.9786708814752)",51.798183470482726,45.473196103486934,0.5573918364180162,105.21947117501497,420.9465337270486
"(108, 943.9786708814752)",51.60949369467523,45.85728724901418,0.5620998685622737,107.2363953554816,423.37389147258534
"(109, 943.9786708814752)",51.42014375449044,46.24332087092031,0.5668317107873874,109.27897913181364,425.798065830737
"(110, 943.9786708814752)",51.23017000665637,46.631266530346345,0.571586989986276,111.34737739868137,428.2185497017065
"(111, 943.9786708814752)",51.03960879069344,47.021093408957036,0.5763653284003918,113.44174255158326,430.6348340939835
"(112, 943.9786708814752)",50.848496346806414,47.412770360407336,0.5811663442505784,115.56222449161675,433.0464087150902
"(113, 943.9786708814752)",50.6568687355829,47.8062659613832,0.5859896523627066,117.7089706378042,435.45276254984134
"(114, 943.9786708814752)",50.464761759671255,48.20154856204195,0.5908348647859287,119.8821259469475,437.85338442410955
"(115, 943.9786708814752)",50.27221088752845,48.59858633571362,0.5957015914020117,122.08183294094766,440.2477635527029
"(116, 943.9786708814752)",50.07925117936622,48.99734732771979,0.6005894405235103,124.3082317415512,442.6353900692809
"(117, 943.9786708814752)",49.885917215382065,49.39779950315604,0.6054980194796951,126.56146011243789,445.0157555373701
"(118, 943.9786708814752)",49.69224302635276,49.799910793528355,0.6104269351880833,128.84165350858993,447.3883534405094
"(119, 943.9786708814752)",49.498262026642884,50.20364914211533,0.6153757947104949,131.14894513284005,449.7526796506044
"(120, 943.9786708814752)",49.30400694968669,50.60898254794276,0.6203442057920816,133.4834659995251,452.1082328731085
"(17, 943.9976285985668)",64.45072744253997,20.684864684667954,0.2535466098843478,7.229615689007146,232.11778278102312
"(18, 943.9976285985668)",64.37412561360091,20.81250474732525,0.2551111695595268,7.573744667858443,233.25059442534175
"(19, 943.9976285985668)",64.29303827852978,20.947415163738437,0.256764846257018,7.934747332130301,234.4506586419703
"(20, 943.9976285985668)",64.20773781277188,21.08929353273718,0.25850393326695703,8.31238140075157,235.71471858665802
"(21, 943.9976285985668)",64.11850715476189,21.23782645842332,0.2603245891106384,8.706426438367302,237.03936834797165
"(22, 943.9976285985668)",64.02563302460418,21.392696451746517,0.26222292213715565,9.11668285114088,238.4211338105207
"(23, 943.9976285985668)",63.92940043948897,21.553587471572598,0.26419505844355995,9.542970709433806,239.85653794874653
"(24, 943.9976285985668)",63.83008837526507,21.72018927403237,0.2662371951874177,9.985128493004474,241.3421524086516
"(25, 943.9976285985668)",63.72796641122993,21.892200747236814,0.2683456414623667,10.443011827412418,242.87463735782305
"(26, 943.9976285985668)",63.623292200038456,22.069332400412218,0.27051684880892124,10.916492259484377,244.45077151209432
"(27, 943.9976285985668)",63.5163096188476,22.251308159891973,0.27274743322900813,11.40545610377638,246.06747407075324
"(28, 943.9976285985668)",63.40724747630905,22.437866604151576,0.2750341903245179,11.9098033797755,247.72182007009633
"(29, 943.9976285985668)",63.29631866972533,22.628761749173666,0.2773741049239871,12.429446850575433,249.4110504323185
"(30, 943.9976285985668)",63.18371970469526,22.823763476241833,0.27976435632632835,12.964311166896021,251.13257777156238
"(31, 943.9976285985668)",63.0696305066629,23.022657676618064,0.282202320074208,13.514332115392168,252.8839888196739
"(32, 943.9976285985668)",62.954214466844924,23.225246173413563,0.28468556699639574,14.07945596662317,254.66304417421284
"(33, 943.9976285985668)",62.83761867678539,23.431346468641763,0.287211860107224,14.659638915637426,256.46767593096536
"(34, 943.9976285985668)",62.71997431438829,23.640791353976876,0.28977914983544123,15.25484660654141,258.2959836554239
"(35, 943.9976285985668)",62.601397151468525,23.85342841600773,0.2923855679597842,15.86505373166839,260.146229058813
"(36, 943.9976285985668)",62.48198815711187,24.069119461133,0.2950294205596155,16.49024369509959,262.01682967998676
"(37, 943.9976285985668)",62.36183417782789,24.28773987993619,0.29770918022370063,17.130408331788683,263.90635181140806
"(38, 943.9976285985668)",62.241008674337905,24.509177968424478,0.3004234777301938,17.785547671750003,265.8135028808873
"(39, 943.9976285985668)",62.11957250124422,24.73333421964497,0.30317109336354375,18.455669741438115,267.73712345338186
"(40, 943.9976285985668)",61.9975747154742,24.960120597579863,0.3059509480142726,19.14079039399028,269.67617899896646
"(41, 943.9976285985668)",61.87505340175426,25.18945980321193,0.30876209418263106,19.840933161329314,271.6297515482018
"(42, 943.9976285985668)",61.7520365033276,25.421284541411843,0.31160370699247913,20.556129120847608,273.59703134257535
"(43, 943.9976285985668)",61.62854265649073,25.65553679428466,0.31447507528417956,21.28641677674174,275.57730854487954
"(44, 943.9976285985668)",61.50458200509832,25.892167110018722,0.3173755928976713,22.031841940545604,277.56996512992026
"(45, 943.9976285985668)",61.38015699827314,26.13113390991238,0.320304750178188,22.792457613199698,279.5744669838661
"(46, 943.9976285985668)",61.25526318042979,26.372402815476573,0.3232621257283253,23.56832387785168,281.59035622541916
"(47, 943.9976285985668)",61.12988993526252,26.61594600441014,0.3262473785136754,24.35950777554567,283.61724387786296
"(48, 943.9976285985668)",61.00402120775567,26.861741593082122,0.3292602402936477,25.166083182757255,285.6548028462405
"(49, 943.9976285985668)",60.87763619029732,27.10977304920988,0.33230050842228614,25.988130681344135,287.7027612513921
"(50, 943.9976285985668)",60.75070997266928,27.36002863556469,0.335368039029425,26.825737421462204,289.7608961300666
"(51, 943.9976285985668)",60.623214154562575,27.61250088533877,0.3384627405900082,27.678996976994,291.82902750894567
"(52, 943.9976285985668)",60.49511741997744,27.86718610932746,0.3415845678832687,28.548009193344424,293.9070128543274
"(53, 943.9976285985668)",60.36638607333869,28.124083934724844,0.34473351633949867,29.432880027707224,295.9947418952248
"(54, 943.9976285985668)",60.236984537672676,28.38319687498588,0.3479096167676101,30.33372138207464,298.0921318131855
"(55, 943.9976285985668)",60.106875815584026,28.644529929938944,0.35111293045344716,31.250650929384797,300.1991227889629
"(56, 943.9976285985668)",59.97602191402729,28.908090215151226,0.35434354461672074,32.183791933334994,302.31567389405984
"(57, 943.9976285985668)",59.84438423419838,29.17388661934597,0.35760156821176353,33.1332730624177,304.4417593126157
"(58, 943.9976285985668)",59.71192392797546,29.441929488594273,0.36088712805649825,34.09922819880396,306.57736487827776
"(59, 943.9976285985668)",59.57860222251058,29.712230335906465,0.364200365272677,35.08179624267851,308.72248490946043
"(60, 943.9976285985668)",59.44438071465991,29.984801574795085,0.36754143202006706,36.08112091267611,310.8771193259886
"(61, 943.9976285985668)",59.30922163697911,30.259656275376237,0.3709104885068015,37.0973505430266,313.04127102973
"(62, 943.9976285985668)",59.173088096984046,30.536807941593395,0.37430770025869914,38.13063787799285,315.2149435324023
"(63, 943.9976285985668)",59.03594429143946,30.81627030813609,0.3777332356299643,39.1811398641721,317.3981388133779
"(64, 943.9976285985668)",58.89775569730041,31.098057155716546,0.3811872635389292,40.24901744118939,319.5908553915367
"(65, 943.9976285985668)",58.758489240971386,31.38218214336968,0.3846699514124594,41.334435331278435,321.7930865952092
"(66, 943.9976285985668)",58.61811344740346,31.66865865654292,0.38818146332388986,42.43756182819663,324.004819015477
"(67, 943.9976285985668)",58.476598570494986,31.95749966979683,0.3917219583100797,43.558568585920526,326.22603112878136
"(68, 943.9976285985668)",58.333916706219085,32.24871762298796,0.395291588853701,44.69763040748902,328.45669207536446
"(69, 943.9976285985668)",58.190041889715694,32.54232430992863,0.39889049951848177,45.85492503436256,330.69676058158205
"(70, 943.9976285985668)",58.044950177612336,32.838330778533795,0.40251882572524306,47.03063293663061,332.94618401427863
"(71, 943.9976285985668)",57.898619716645435,33.136747241591486,0.4061766926581619,48.22493710435363,335.20489755696013
"(72, 943.9976285985668)",57.75103079964767,33.437582997324476,0.4098642142910508,49.438022840339386,337.4728234978274
"(73, 943.9976285985668)",57.60216590981518,33.740846359014995,0.41358149252472154,50.67007755460165,339.7498706209914
"(74, 943.9976285985668)",57.45200975414729,34.04654459300081,0.4173286164269721,51.92129056073858,342.03593369264394
"(75, 943.9976285985668)",57.30054928683833,34.354683864433234,0.4211056615677049,53.191852874478414,344.3308930348657
"(76, 943.9976285985668)",57.147773723345765,34.665269190239606,0.4249126894423607,54.481957014581106,346.6346141804467
"(77, 943.9976285985668)",56.99367454575749,34.97830439878531,0.4287497469774798,55.79179680633541,348.94694760264105
"(78, 943.9976285985668)",56.83824550028198,35.293792095809195,0.4326168661131405,57.12156718782,351.2677285147284
"(79, 943.9976285985668)",56.68148258674847,35.61173363614493,0.4365140634563395,58.471464019163776,353.596776733545
"(80, 943.9976285985668)",56.52338404170102,35.93212910100619,0.44044134000256313,59.841683894950755,355.93389660424396
"(81, 943.9976285985668)",56.36395031447082,36.254977280361715,0.44439868091974055,61.232423960012945,358.2788769805533
"(82, 943.9976285985668)",56.203184037271704,36.58027566020197,0.4483860553921739,62.643881728746315,360.6314912581315
"(83, 943.9976285985668)",56.041089989511875,36.90802041440016,0.4524034165207637,64.07625490820753,362.9914974572831
"(84, 943.9976285985668)",55.87767505670202,37.238206400933066,0.4564507012766925,65.52974122512033,365.35863835223023
"(85, 943.9976285985668)",55.71294818429821,37.57082716224752,0.460527830505918,67.00453825701607,367.7326416442133
"(86, 943.9976285985668)",55.546920326794435,37.905874929576186,0.4646347089820672,68.50084326769877,370.1132201759579
"(87, 943.9976285985668)",55.37960439236868,38.24334063101953,0.468771225505504,70.01885304726792,372.50007218517186
"(88, 943.9976285985668)",55.21101518337476,38.58321390322262,0.4729372530464669,71.55876375680745,374.89288159497755
"(89, 943.9976285985668)",55.04116933295216,38.9254831064916,0.4771326489303464,73.12077077790825,377.29131833929125
"(90, 943.9976285985668)",54.870085238028835,39.27013534319495,0.4813572550632528,74.70506856755388,379.6950387208722
"(91, 943.9976285985668)",54.697782988989566,39.61715647930095,0.48561089819600767,76.31185051919378,382.1036857994575
"(92, 943.9976285985668)",54.52428429626138,39.96653116891223,0.48989339022487693,77.9413088225668,384.5168898158293
"(93, 943.9976285985668)",54.34961241409217,40.31824288164856,0.4942045285272232,79.59363434636629,386.9342686260052
"(94, 943.9976285985668)",54.173792061895846,40.67227393267995,0.49854409632963326,81.26901650387923,389.35542818311
"(95, 943.9976285985668)",53.99684934254636,41.0286055156949,0.5029118631120346,82.96764314185161,391.77996302999617
"(96, 943.9976285985668)",53.818811660539815,41.3872177373597,0.5073075850300804,84.68970042871962,394.20745680974215
"(97, 943.9976285985668)",53.63970763584275,41.74808965528923,0.5117310053805799,86.43537275038909,396.63748280923875
"(98, 943.9976285985668)",53.45956701812899,42.11119931720736,0.5161818550815137,88.20484261256534,399.06960450999264
"(99, 943.9976285985668)",53.27842059900501,42.47652380244045,0.5206598531806371,89.99829054980385,401.5033761591956
"(100, 943.9976285985668)",53.09630012336149,42.8440392651541,0.5251647073854713,91.81589504141868,403.93834335412646
"(101, 943.9976285985668)",52.91323819998645,43.21372097922956,0.5296961146133642,93.65783243436256,406.3740436385279
"(102, 943.9976285985668)",52.729268211693565,43.58554338461201,0.5342537615596178,95.52427687322884,408.8100071089145
"(103, 943.9976285985668)",52.54442422521131,43.95948013496288,0.538837325281594,97.41540023745218,411.2457570287672
"(104, 943.9976285985668)",52.35874090109411,44.335504146435525,0.5434464737965794,99.33137208583085,413.68081044839334
"(105, 943.9976285985668)",52.1722534038692,44.71358764741068,0.5480808666914228,101.2723596084226,416.11467882852776
"(106, 943.9976285985668)",51.98499731268003,45.09370222900188,0.5527401557416197,103.23852758591609,418.5468686653754
"(107, 943.9976285985668)",51.79700853262816,45.475818896163695,0.5574239855377593,105.2300383564961,420.9768821151105
"(108, 943.9976285985668)",51.60832320704564,45.85990811921691,0.5621319941171168,107.24705179027988,423.4042176156619
"(109, 943.9976285985668)",51.41897763089197,46.24593988561973,0.5668638135982308,109.28972527132314,425.8283705037467
"(110, 943.9976285985668)",51.22900816547352,46.6338837518075,0.5716190708163371,111.35821368722031,428.24883362511815
"(111, 943.9976285985668)",51.03845115466136,47.02370889493207,0.5763973879575747,113.45266942630809,430.6650979360506
"(112, 943.9976285985668)",50.84734284278862,47.41538416432571,0.5811983831897979,115.57324238244611,433.0766530940442
"(113, 943.9976285985668)",50.655719294357915,47.80887813253758,0.5860216712881732,117.72007996735506,435.4829880360493
"(114, 943.9976285985668)",50.463616315717694,48.20415914577422,0.5908668642534473,119.89332713047999,437.88359154224554
"(115, 943.9976285985668)",50.27106937882149,48.60119537359816,0.5957335719211385,122.09312638632655,440.277952783782
"(116, 943.9976285985668)",50.07811354718194,48.99995485773619,0.60062140255984,124.31961784921587,442.66556185281826
"(117, 943.9976285985668)",49.88478340410224,49.400405559870414,0.6055299634568714,126.57293927538348,445.0459102732799
"(118, 943.9976285985668)",49.69111298327942,49.80251540826064,0.6104588614900179,128.8532261123569,447.418491491201
"(119, 943.9976285985668)",49.49713570181749,50.206252343108545,0.615407703683395,131.16061155552077,449.7828013428937
"(120, 943.9976285985668)",49.302884295717476,50.611584360527296,0.6203760977464364,133.4952266117771,452.1383385000916

#m0=600, a6=1.21959532e9, a8=-3.7720572e7, gv=6.50976728, d=0.0,  ga=8.18026059, h=0.0, flag=4