T_mu,sigma,ω₀,n_B,P,e
"(1, 260.1118481127528)",92.99999999940911,0.0,1.3858752159537385e-298,3.971889227456797e-12,-3.971889227456797e-12
"(2, 260.1118481127528)",92.99999999940911,0.0,1.0299688693964281e-150,3.971889227456797e-12,-3.971889227456797e-12
"(3, 260.1118481127528)",92.99999999940911,0.0,2.6145015408578257e-101,3.971889227456797e-12,-3.971889227456797e-12
"(4, 260.1118481127528)",92.99999999940911,0.0,1.4977605225734302e-76,3.971889227456797e-12,-3.971889227456797e-12
"(5, 260.1118481127528)",92.99999999940911,0.0,1.1575478205896421e-61,3.971889227456797e-12,-3.971889227456797e-12
"(6, 260.1118481127528)",92.99999999940911,0.0,1.0258521329631265e-51,3.971889227456797e-12,-3.971889227456797e-12
"(7, 260.1118481127528)",92.99999999940911,0.0,1.356134378319536e-44,3.971889227456797e-12,-3.971889227456797e-12
"(8, 260.1118481127528)",92.99999999940911,0.0,3.055646310006631e-39,3.971889227456797e-12,-3.971889227456797e-12
"(9, 260.1118481127528)",92.99999999940911,0.0,4.5462564498232393e-35,3.971889227456797e-12,-3.971889227456797e-12
"(10, 260.1118481127528)",92.99999999940911,0.0,1.007207206198507e-31,3.971889227456797e-12,-3.971889227456797e-12
"(11, 260.1118481127528)",92.99999999940911,0.0,5.577053113807382e-29,3.971889227456797e-12,-3.9718892274567825e-12
"(12, 260.1118481127528)",92.99999999940911,0.0,1.09033654894977e-26,3.971889227456797e-12,-3.971889227453961e-12
"(13, 260.1118481127528)",92.99999999940911,0.0,9.5618659781779e-25,3.971889227456797e-12,-3.9718892272080814e-12
"(14, 260.1118481127528)",92.99999999940911,0.0,4.463342754400806e-23,3.971889227456797e-12,-3.9718892158471135e-12
"(15, 260.1118481127528)",92.99999999940911,0.0,1.257322690139304e-21,3.971889227456797e-12,-3.971888900412268e-12
"(16, 260.1118481127528)",92.99999999940911,0.0,2.3487253720126216e-20,3.971889227456797e-12,-3.971883118143825e-12
"(17, 260.1118481127528)",92.99999999940911,0.0,3.1270804523883996e-19,3.971889227456797e-12,-3.97180788838923e-12
"(18, 260.1118481127528)",92.99999999940911,0.0,3.1386785878418287e-18,3.971889227456797e-12,-3.971072819968681e-12
"(19, 260.1118481127528)",92.99999999940911,0.0,2.4826571794154372e-17,3.971889227456797e-12,-3.9654315419851155e-12
"(20, 260.1118481127528)",92.99999999940911,0.0,1.6034999073788894e-16,3.971889227456797e-12,-3.930180295021102e-12
"(21, 260.1118481127528)",92.99999999940911,0.0,8.7035310621115675e-16,3.971889227456797e-12,-3.745500072489538e-12
"(22, 260.1118481127528)",92.99999999384626,5.157915577699805e-13,4.064663747042071e-15,2.1100661520864233e-12,-1.0527989528864034e-12
"(23, 260.1118481127528)",92.99999999493528,2.1019574753014756e-12,1.665374528390538e-14,2.358309228802473e-12,1.973527234993196e-12
"(24, 260.1118481127528)",92.99999999940255,7.221958070550222e-12,6.084274304263623e-14,1.4894584602962989e-12,1.4336459876773141e-11
"(25, 260.1118481127528)",92.99999999936308,2.2353812194952133e-11,2.0092904554581377e-13,4.964861534320996e-12,4.7299163842132105e-11
"(26, 260.1118481127528)",92.99999999923119,6.422543192937337e-11,6.06782342264365e-13,1.973532459892596e-11,1.3809595184964295e-10
"(27, 260.1118481127528)",92.99999999895469,1.7314248040781327e-10,1.6922251526309069e-12,4.3690781502024765e-11,3.964770303716856e-10
"(28, 260.1118481127528)",92.99999999822717,4.3074107781583477e-10,4.39529965191895e-12,1.271004552786175e-10,1.0161690601913595e-9
"(29, 260.1118481127528)",92.999999996551,1.0165074847067652e-9,1.0710016946314068e-11,3.145239781992351e-10,2.471278323025418e-9
"(30, 260.1118481127528)",92.99999999285046,2.2943892549850496e-9,2.4638211214241662e-11,7.431156501494951e-10,5.665575002979255e-9
"(31, 260.1118481127528)",92.999999980685,4.900436426023635e-9,5.380702235152085e-11,1.670055298607225e-9,1.2325788726691061e-8
"(32, 260.1118481127528)",92.99999996974402,1.0003991285131566e-8,1.1209216780879518e-10,3.5869883370085616e-9,2.5569512590701967e-8
"(33, 260.1118481127528)",92.99999994030395,1.9610778172245968e-8,2.2369751275144489e-10,7.3780324830777164e-9,5.0808340976926704e-8
"(34, 260.1118481127528)",92.99999988046731,3.704442059319904e-8,4.292635519260035e-10,1.4594955209366717e-8,9.706158060955067e-8
"(35, 260.1118481127528)",92.99999978436492,6.763565310294673e-8,7.947056311227883e-10,2.781873978449233e-8,1.7889361063246772e-7
"(36, 260.1118481127528)",92.99999962059043,1.1968136051196612e-7,1.423610155116929e-9,5.124804548649147e-8,3.190498229530556e-7
"(37, 260.1118481127528)",92.99999934977612,2.0425452421442953e-7,2.4741360678861705e-9,9.154522000826948e-8,5.520068850920216e-7
"(38, 260.1118481127528)",92.99999889871346,3.4387101309252563e-7,4.181472003563669e-9,1.5889629739517768e-7,9.287541132835035e-7
"(39, 260.1118481127528)",92.999998190492,5.582011763267448e-7,6.886979675424582e-9,2.685990090067659e-7,1.5227860022828886e-6
"(40, 260.1118481127528)",92.99999710028615,8.897573398067221e-7,1.1075205572076352e-8,4.430142223428474e-7,2.43777796723859e-6
"(41, 260.1118481127528)",92.99999544897176,1.3896050850401317e-6,1.741996153234789e-8,7.14220900748977e-7,3.816917487483093e-6
"(42, 260.1118481127528)",92.99999300118857,2.1421258287502466e-6,2.684065766041947e-8,1.1273151297844691e-6,5.854257938828955e-6
"(43, 260.1118481127528)",92.999989444354,3.0056389573364854e-6,4.057001954845692e-8,1.744530331688192e-6,8.808212431031446e-6
"(44, 260.1118481127528)",92.99998434454353,4.691641676720594e-6,6.023422395863576e-8,2.6503428807373875e-6,1.3017292432780813e-5
"(45, 260.1118481127528)",92.99997717976599,6.5155287528980775e-6,8.794640104547254e-8,3.957659686056356e-6,1.891824122474684e-5
"(46, 260.1118481127528)",92.999967259742,9.776668850352435e-6,1.2641421600282964e-7,5.815192872817999e-6,2.7066642479402746e-5
"(47, 260.1118481127528)",92.99995368505044,1.3265867030545766e-5,1.790622536416544e-7,8.41617721024732e-6,3.81600365117179e-5
"(48, 260.1118481127528)",92.99993540408451,1.853385634597893e-5,2.5016940654697686e-7,1.2008576873963677e-5,5.306344980424107e-5
"(49, 260.1118481127528)",92.99991104207281,2.556101390749458e-5,3.4502175713166187e-7,1.6906841741607904e-5,7.2837405145018e-5
"(50, 260.1118481127528)",92.99987897234367,3.482603373553326e-5,4.7008070209080256e-7,2.3505359064561866e-5,9.876820111841717e-5
"(51, 260.1118481127528)",92.99983724615018,4.690826413885349e-5,6.33166265164022e-7,3.229369745468189e-5,0.00013240034993978114
"(52, 260.1118481127528)",92.9997834595109,6.25023803293821e-5,8.43655152444123e-7,4.3873714555930666e-5,0.00017557098631615635
"(53, 260.1118481127528)",92.99971483617436,8.243410518074553e-5,1.1126929435010512e-6,5.8978619009630565e-5,0.00023044599890644667
"(54, 260.1118481127528)",92.99962806120618,0.00010767692123458501,1.4534196764468645e-6,7.849401228237532e-5,0.0002995576658416578
"(55, 260.1118481127528)",92.99951929948577,0.00013936970487577868,1.8812078673969416e-6,0.00010348102740321077,0.0003858434276696581
"(56, 260.1118481127528)",92.99938409153071,0.0001788352037926179,2.413911922402693e-6,0.00013520149584675224,0.0004926855954708201
"(57, 260.1118481127528)",92.99921724315865,0.00022759927011982341,3.0721277587608184e-6,0.00017514525216155732,0.0006239515768082084
"(58, 260.1118481127528)",92.99901297859681,0.00028741075333544376,3.879461273922595e-6,0.00022505949554063189,0.0007840343461012286
"(59, 260.1118481127528)",92.99876458372222,0.00036026195603031276,4.86280451482059e-6,0.00028698025835505035,0.0009778928110059713
"(60, 260.1118481127528)",92.99846464062257,0.00044840954463048506,6.052617847364819e-6,0.0003632659471449012,0.0012110916670533935
"(61, 260.1118481127528)",92.99810429650317,0.0005543958210686847,7.483217338052384e-6,0.00045663285875627296,0.001489840632873927
"(62, 260.1118481127528)",92.99767443937938,0.0006810702235489252,9.193064476597455e-6,0.0005701926845329199,0.0018210323062945407
"(63, 260.1118481127528)",92.99716438325275,0.0008316109959498757,1.1225059170578019e-5,0.0007074919519210195,0.0022122789341130333
"(64, 260.1118481127528)",92.99656301548704,0.0010095468757621237,1.3626831786551206e-5,0.0008725532973631081,0.0026719471025583312
"(65, 260.1118481127528)",92.99585653955806,0.0012187787547726522,1.6451037073224054e-5,0.0010699184387882392,0.0032091912176994814
"(66, 260.1118481127528)",92.99503121365744,0.001463601162511251,1.9755642182570992e-5,0.0013046929540705275,0.003833983644692271
"(67, 260.1118481127528)",92.99407154780384,0.0017487235408691604,2.3604215024214617e-5,0.001582592597601794,0.004557143395597475
"(68, 260.1118481127528)",92.99296067801126,0.0020792911953055196,2.8066206764445292e-5,0.0019099910628801336,0.005390361848134375
"(69, 260.1118481127528)",92.99168027986384,0.002460905865408153,3.321722951395073e-5,0.002293969354706594,0.006346225603352609
"(70, 260.1118481127528)",92.9902105377689,0.0028996458440143477,3.913932785522344e-5,0.00274236628046164,0.007438236621851472
"(71, 260.1118481127528)",92.9885300439431,0.0034020855960413977,4.5921243730498664e-5,0.0032638303180136056,0.008680829256362566
"(72, 260.1118481127528)",92.98661579239241,0.003975314817975526,5.3658673631877425e-5,0.003867872614622599,0.010089384151044076
"(73, 260.1118481127528)",92.9844431073848,0.004626956909101213,6.245451795950489e-5,0.00456492102436932,0.011680239065068607
"(74, 260.1118481127528)",92.98198559897496,0.00536518681714252,7.241912190015121e-5,0.00536637515655381,0.013470696479597252
"(75, 260.1118481127528)",92.97921511782896,0.0061987482369950525,8.367050758498739e-5,0.00628466227780214,0.01547902808266103
"(76, 260.1118481127528)",92.97610173632829,0.0071369701423236705,9.63345971629734e-5,0.007333294152035439,0.017724475953223125
"(77, 260.1118481127528)",92.9726136702774,0.008189782657878243,0.00011054542718617419,0.008526924507128582,0.020227250858680934
"(78, 260.1118481127528)",92.96871728456827,0.009367732246350445,0.0001264453534824294,0.00988140733008013,0.023008527249504883
"(79, 260.1118481127528)",92.9643770640447,0.010681996234450545,0.0001441852472081642,0.011413855704221045,0.02609043541768867
"(80, 260.1118481127528)",92.959555565946,0.012144396693236798,0.00016392468230844027,0.013142701304764026,0.02949605076178025
"(81, 260.1118481127528)",92.95421340768922,0.013767413675898153,0.00018583211418685927,0.015087754416780416,0.03324938024306366
"(82, 260.1118481127528)",92.94830926861354,0.015564197836111432,0.00021008504992971666,0.017270264479576546,0.037375346118502004
"(83, 260.1118481127528)",92.94179985962789,0.017548582473375034,0.00023687021100516712,0.019712981110551583,0.041899767236860154
"(84, 260.1118481127528)",92.93463994091812,0.019735095003073962,0.00026638368791873465,0.022440215609653973,0.046849337761978874
"(85, 260.1118481127528)",92.92678228169092,0.02213896793562818,0.00029883108870177374,0.025477902835457766,0.05225160392030657
"(86, 260.1118481127528)",92.91817770278448,0.024776149327178778,0.00033442767968224114,0.02885366366312073,0.05813493815908672
"(87, 260.1118481127528)",92.90877506213498,0.02766331281352473,0.00037339852110697576,0.03259686776046595,0.06452851164723825
"(88, 260.1118481127528)",92.89852128671292,0.030817867204696165,0.00041597859646844127,0.03673869682455432,0.07146226467820095
"(89, 260.1118481127528)",92.88736137277174,0.03425796573222831,0.0004624129375046058,0.041312208305682385,0.0789668754598875
"(90, 260.1118481127528)",92.87523840719878,0.038002514952171385,0.0005129567444396725,0.046352399534154466,0.08707372726394978
"(91, 260.1118481127528)",92.8620936298535,0.04207118330575084,0.0005678755010948254,0.051896272427943695,0.0958148736597869
"(92, 260.1118481127528)",92.84786642061465,0.04648440949990441,0.0006274450886250656,0.05798289857445528,0.10522300301708053
"(93, 260.1118481127528)",92.83249437491506,0.05126341056363543,0.0006919518937714069,0.06465348499768896,0.1153314008963109
"(94, 260.1118481127528)",92.8159133310183,0.05643018975937726,0.0007616929158739809,0.07195144034182921,0.12617391170054354
"(95, 260.1118481127528)",92.79805741938883,0.06200754429825207,0.0008369758710211586,0.07992244177722276,0.1377848988598718
"(96, 260.1118481127528)",92.77885912699105,0.06801907287884906,0.0009181192935930091,0.08861450251777886,0.15019920372667378
"(97, 260.1118481127528)",92.75824933832646,0.07448918313614819,0.001005452637126777,0.09807803995028874,0.1634521036825982
"(98, 260.1118481127528)",92.73615740859276,0.08144309891780672,0.0010993163723200308,0.10836594463259579,0.17757926863217446
"(99, 260.1118481127528)",92.71251122646565,0.08890686746868356,0.001200062084059696,0.11953364991944833,0.19261671661536087
"(100, 260.1118481127528)",92.68723728301607,0.09690736649960534,0.0013080525668360684,0.13163920248761307,0.2086007681007468
"(101, 260.1118481127528)",92.66026074376975,0.10547231114322918,0.0014236619186328286,0.1447433336861484,0.22556799905718414
"(102, 260.1118481127528)",92.63150552294272,0.11463026079328344,0.0015472756332428695,0.15890953184526835,0.24355519265736428
"(103, 260.1118481127528)",92.60089435964767,0.12441062581605579,0.0016792906908597892,0.17420411546460782,0.2625992896534734
"(104, 260.1118481127528)",92.56834889507508,0.13484367412182166,0.0018201156467787872,0.19069630747538707,0.28273733718718164
"(105, 260.1118481127528)",92.53378975163649,0.14596053757122154,0.001970170717819027,0.20845831051304992,0.304006435996486
"(106, 260.1118481127528)",92.49713660395471,0.15779321823322384,0.00212988786704717,0.2275653833089815,0.32644368606158713
"(107, 260.1118481127528)",92.45830826788624,0.1703745943647039,0.0022997108839819635,0.24809591817797122,0.35008612997958977
"(108, 260.1118481127528)",92.4172227631057,0.18373842625655765,0.0024800954639685965,0.2701315197534693,0.3749706948754575
"(109, 260.1118481127528)",92.37379738707939,0.19791936177343702,0.0026715092828783764,0.29375708494928837,0.401134131870581
"(110, 260.1118481127528)",92.32794878659566,0.2129529416000466,0.0028744320677410056,0.3190608841134924,0.4286129533011821
"(111, 260.1118481127528)",92.27959301961448,0.22887560420162567,0.0030893556637274686,0.34613464362085433,0.45744336754889764
"(112, 260.1118481127528)",92.22864560906886,0.24572469046979037,0.003316784097052643,0.3750736298198518,0.48766121145549923
"(113, 260.1118481127528)",92.1750215964261,0.26353844798308307,0.0035572336323215314,0.40597673429510345,0.5193018799768906
"(114, 260.1118481127528)",92.11863558421929,0.28235603491434724,0.003811232825312231,0.43894656078533767,0.5524002529946149
"(115, 260.1118481127528)",92.05940177043195,0.30221752355815595,0.004079322570588947,0.47408951345577593,0.5869906194281806
"(116, 260.1118481127528)",91.99723397356468,0.3231639034726203,0.004362056143902004,0.511515886889972,0.6231065982719662
"(117, 260.1118481127528)",91.93204564997107,0.34523708419564264,0.0046599992389287515,0.5513399576596076,0.6607810565821713
"(118, 260.1118481127528)",91.86374989369425,0.3684798976974935,0.004973730000115522,0.5936800776867281,0.7000460246571625
"(119, 260.1118481127528)",91.79225943373358,0.3929361003003063,0.005303839049030754,0.6386587693474025,0.7409326077885722
"(120, 260.1118481127528)",91.71748661235674,0.41865037441676706,0.005650929507430907,0.6864028225062186,0.7834708952265225
"(1, 261.00288351272707)",92.99999999940911,0.0,3.3782819009814438e-298,3.971889227456797e-12,-3.971889227456797e-12
"(2, 261.00288351272707)",92.99999999940911,0.0,1.608088615078456e-150,3.971889227456797e-12,-3.971889227456797e-12
"(3, 261.00288351272707)",92.99999999940911,0.0,3.518677701638052e-101,3.971889227456797e-12,-3.971889227456797e-12
"(4, 261.00288351272707)",92.99999999940911,0.0,1.8714805948976684e-76,3.971889227456797e-12,-3.971889227456797e-12
"(5, 261.00288351272707)",92.99999999940911,0.0,1.3833539928864404e-61,3.971889227456797e-12,-3.971889227456797e-12
"(6, 261.00288351272707)",92.99999999940911,0.0,1.190090896786813e-51,3.971889227456797e-12,-3.971889227456797e-12
"(7, 261.00288351272707)",92.99999999940911,0.0,1.5402262595099262e-44,3.971889227456797e-12,-3.971889227456797e-12
"(8, 261.00288351272707)",92.99999999940911,0.0,3.415660594926879e-39,3.971889227456797e-12,-3.971889227456797e-12
"(9, 261.00288351272707)",92.99999999940911,0.0,5.019390403259665e-35,3.971889227456797e-12,-3.971889227456797e-12
"(10, 261.00288351272707)",92.99999999940911,0.0,1.1010732188313e-31,3.971889227456797e-12,-3.971889227456797e-12
"(11, 261.00288351272707)",92.99999999940911,0.0,6.047616395069047e-29,3.971889227456797e-12,-3.971889227456781e-12
"(12, 261.00288351272707)",92.99999999940911,0.0,1.174379382115677e-26,3.971889227456797e-12,-3.9718892274537314e-12
"(13, 261.00288351272707)",92.99999999940911,0.0,1.024023451833593e-24,3.971889227456797e-12,-3.971889227189524e-12
"(14, 261.00288351272707)",92.99999999940911,0.0,4.756650677439062e-23,3.971889227456797e-12,-3.9718892150418015e-12
"(15, 261.00288351272707)",92.99999999940911,0.0,1.3342740370772347e-21,3.971889227456797e-12,-3.971888879207426e-12
"(16, 261.00288351272707)",92.99999999940911,0.0,2.483236733556199e-20,3.971889227456797e-12,-3.9718827461373176e-12
"(17, 261.00288351272707)",92.99999999940911,0.0,3.2953552060940504e-19,3.971889227456797e-12,-3.971803217735698e-12
"(18, 261.00288351272707)",92.99999999940911,0.0,3.297960090453689e-18,3.971889227456797e-12,-3.971028450363479e-12
"(19, 261.00288351272707)",92.9999999938396,4.818983024887535e-16,2.6018592282777563e-17,5.9578338411851955e-12,-5.951042913574448e-12
"(20, 261.00288351272707)",92.99999999940911,0.0,1.6765542905526396e-16,3.971889227456797e-12,-3.928130677036809e-12
"(21, 261.00288351272707)",92.99999999940911,0.0,9.080772456368015e-16,3.971889227456797e-12,-3.734878447893297e-12
"(22, 261.00288351272707)",92.99999999940431,3.1357823843159925e-13,4.232669141919956e-15,6.08195537954322e-12,-4.977216528546772e-12
"(23, 261.00288351272707)",92.99999999939928,1.2825326648487677e-12,1.7311585335114912e-14,2.358309228802473e-12,2.1600644618391584e-12
"(24, 261.00288351272707)",92.99999999382729,4.678043533268732e-12,6.314408378168076e-14,1.4894584602962989e-12,1.49913294834916e-11
"(25, 261.00288351272707)",92.99999999936308,1.4885873203080458e-11,2.0821961606656246e-13,5.213104611037046e-12,4.913281558624871e-11
"(26, 261.00288351272707)",92.99999999923119,4.495360531122572e-11,6.27937626392973e-13,2.0355932290716086e-11,1.4353759886398736e-10
"(27, 261.00288351272707)",92.99999999894365,1.2957525316590526e-10,1.7490026677516918e-12,4.716618457604946e-11,4.0932855497859427e-10
"(28, 261.00288351272707)",92.99999999822717,3.256267561281612e-10,4.5374196004293896e-12,1.310723445060743e-10,1.0532072549131622e-9
"(29, 261.00288351272707)",92.999999996551,7.934539969115299e-10,1.1044194389423666e-11,3.2420545819116104e-10,2.558361123523498e-9
"(30, 261.00288351272707)",92.99999998820884,1.880355019108025e-9,2.538097259039124e-11,7.67443471667668e-10,5.857063560781936e-9
"(31, 261.00288351272707)",92.99999998472452,4.102546739335801e-9,5.537604608867066e-11,1.7205727647189412e-9,1.2732734941957773e-8
"(32, 261.00288351272707)",92.99999996443863,8.538857238642699e-9,1.1525722498285249e-10,3.68827151230871e-9,2.6394196553890916e-8
"(33, 261.00288351272707)",92.99999993868967,1.702625714902098e-8,2.298198803055513e-10,7.588046125979494e-9,5.2395605322319195e-8
"(34, 261.00288351272707)",92.99999988315858,3.264653946030956e-8,4.4066195673088725e-10,1.49844485967342e-8,1.0002959276438793e-7
"(35, 261.00288351272707)",92.99999978023737,6.039406234207427e-8,8.151971434630026e-10,2.8535914033125e-8,1.8423289104205694e-7
"(36, 261.00288351272707)",92.99999961565968,1.0811150477305886e-7,1.4592856708620758e-9,5.253233104388195e-8,3.2834543691992417e-7
"(37, 261.00288351272707)",92.99999934977612,1.832969236598928e-7,2.534441700391531e-9,9.377642878179333e-8,5.677201631152952e-7
"(38, 261.00288351272707)",92.9999988771727,3.171350848160833e-7,4.280679340880769e-9,1.6266810270280133e-7,9.546015486604393e-7
"(39, 261.00288351272707)",92.999998190492,5.102234302470639e-7,7.046138860409962e-9,2.748062030185124e-7,1.5642563571795682e-6
"(40, 261.00288351272707)",92.99999710028615,8.205090856406448e-7,1.132468537745894e-8,4.5299334578375587e-7,2.5027821926074435e-6
"(41, 261.00288351272707)",92.99999544897176,1.2905617574527766e-6,1.7802688699140975e-8,7.299125938712753e-7,3.916640490883959e-6
"(42, 261.00288351272707)",92.99999285569405,2.0311334438741225e-6,2.7416174960973584e-8,1.151486558164311e-6,6.004214161539222e-6
"(43, 261.00288351272707)",92.9999892233354,3.0685716378040397e-6,4.1419482878233674e-8,1.7810607898854191e-6,9.029543674939598e-6
"(44, 261.00288351272707)",92.99998403203003,4.55375731992722e-6,6.146647222437698e-8,2.704563016459862e-6,1.3338363473457477e-5
"(45, 261.00288351272707)",92.99997673170408,6.645829871248192e-6,8.970520132899813e-8,4.036808267421118e-6,1.9376507945537108e-5
"(46, 261.00288351272707)",92.99996661999279,9.548610767613464e-6,1.2888684601495845e-7,5.928931148006222e-6,2.7710907308758764e-5
"(47, 261.00288351272707)",92.99995279893967,1.3519771962052657e-5,1.8248945437536812e-7,8.57724886172376e-6,3.9053024940911566e-5
"(48, 261.00288351272707)",92.99993419384107,1.8881133247402686e-5,2.5485693917455624e-7,1.2233569752357577e-5,5.428482625542929e-5
"(49, 261.00288351272707)",92.99990941486716,2.6030103411038904e-5,3.5135351222726033e-7,1.7217086878015322e-5,7.448719294562383e-5
"(50, 261.00288351272707)",92.9998768106399,3.545226453257112e-5,4.785335449203949e-7,2.3927972298495575e-5,0.0001009706627832946
"(51, 261.00288351272707)",92.99983436261779,4.773508337401229e-5,6.443266459711225e-7,3.286283368221648e-5,0.00013530827884033052
"(52, 261.00288351272707)",92.99977971745875,6.358271877254039e-5,8.582375265737217e-7,4.463192326102296e-5,0.00017937054591354913
"(53, 261.00288351272707)",92.99970998081541,8.383187996726402e-5,1.1315600654304212e-6,5.997844828675981e-5,0.00023536199165843024
"(54, 261.00288351272707)",92.99962187838399,0.0001094686771827403,1.47760474100249e-6,7.979980139980019e-5,0.00030585929669392595
"(55, 261.00288351272707)",92.99951145416424,0.00014164639504388703,1.9119385585791225e-6,0.00010517089895365992,0.00039385057793465803
"(56, 261.00288351272707)",92.99937421561481,0.00018170410763467714,2.4526362955784516e-6,0.0001373695870803195,0.0005027755582736295
"(57, 261.00288351272707)",92.99920496762125,0.00023118604716088406,3.1205419496522794e-6,0.00017790414156177648,0.0006365663054198956
"(58, 261.00288351272707)",92.99899777260178,0.0002918616299887561,3.9395390469999e-6,0.0002285429265475145,0.0007996881244304402
"(59, 261.00288351272707)",92.99874588056717,0.00036574603947937676,4.936828470074493e-6,0.00029134608650689247,0.0009971803795902753
"(60, 261.00288351272707)",92.9984416819759,0.00045512126124889866,6.143212384146081e-6,0.00036869930989412994,0.0012346968363990919
"(61, 261.00288351272707)",92.99807659847824,0.0005625574657632369,7.593382873350853e-6,0.0004633496298959806,0.001518545195664749
"(62, 261.00288351272707)",92.99764080864215,0.0006909346354091498,9.32621399051239e-6,0.0005784432047938207,0.0018557255389866495
"(63, 261.00288351272707)",92.99712441201746,0.0008434643041745096,1.1385054490199252e-5,0.0007175649978817605,0.002253967053009765
"(64, 261.00288351272707)",92.99651485932547,0.0010237114032429053,1.3818024130314999e-5,0.0008847802659596912,0.002721763876500966
"(65, 261.00288351272707)",92.99579939419412,0.0012356159189924403,1.667830457860551e-5,0.0010846779187102795,0.003268407668409277
"(66, 261.00288351272707)",92.99496372721846,0.001483514539287413,2.0024432316914194e-5,0.0013224154148247292,0.0039040191605953134
"(67, 261.00288351272707)",92.99399225097288,0.0017721619571332344,2.3920586024817853e-5,0.0016037654190408058,0.004639576508750896
"(68, 261.00288351272707)",92.99286792732751,0.002106751896997894,2.8436870446490775e-5,0.0019351638322133203,0.005486941352398622
"(69, 261.00288351272707)",92.9915722762961,0.002492937738469101,3.3649594716046973e-5,0.002323759301658079,0.006458881948264805
"(70, 261.00288351272707)",92.99008529003437,0.0029368526868763767,3.964154465193439e-5,0.002777464078462766,0.0075690933825906335
"(71, 261.00288351272707)",92.98838540421434,0.0034451294280930093,4.650224801465422e-5,0.0033050060851069494,0.008832214736541789
"(72, 261.00288351272707)",92.98644940132644,0.004024919229636135,5.432823241108663e-5,0.003915982085281343,0.010263843230161863
"(73, 261.00288351272707)",92.98425240992778,0.004683910433794046,6.322327483309019e-5,0.004620912021442509,0.01188054501511166
"(74, 261.00288351272707)",92.98176782358925,0.005430346331253982,7.329864296136835e-5,0.0054312942186117655,0.013699862951875228
"(75, 261.00288351272707)",92.9789672797456,0.006273042370967586,8.467332745843326e-5,0.006359661565134736,0.015740321058133715
"(76, 261.00288351272707)",92.97582061890016,0.007221402712242096,9.747426532022993e-5,0.00741963844822396,0.018021425868640664
"(77, 261.00288351272707)",92.97229581384092,0.008285436103395266,0.00011183655437383532,0.00862599851937812,0.020563664654320784
"(78, 261.00288351272707)",92.96835900156755,0.009475771064466251,0.0001279036580279571,0.009994723091704015,0.023388500465418547
"(79, 261.00288351272707)",92.96397440150831,0.010803670439880632,0.00014582760176226563,0.011543060198433968,0.026518364357263003
"(80, 261.00288351272707)",92.95910430639165,0.012281045261947832,0.00016576916036523963,0.013289584233821494,0.029976644618989724
"(81, 261.00288351272707)",92.95370907528076,0.013920467991222712,0.00018789803651752298,0.015254256144764234,0.03378767319268895
"(82, 261.00288351272707)",92.94774710654767,0.015735185149822566,0.00021239303131972048,0.017458484102529,0.037976709509926994
"(83, 261.00288351272707)",92.94117487558353,0.01773912930732252,0.00023944220611151005,0.019925184699883282,0.042569921529869555
"(84, 261.00288351272707)",92.93394677644257,0.019946930706632487,0.00026924303961572206,0.022678844558200212,0.047594365147234655
"(85, 261.00288351272707)",92.92601539282239,0.02237392797189958,0.00030200257187110066,0.02574558240634949,0.053077959680267385
"(86, 261.00288351272707)",92.91733118181796,0.02503617889409004,0.0003379375505852443,0.02915321159984739,0.05904946355012945
"(87, 261.00288351272707)",92.90784273667342,0.027950470198003795,0.0003772745623583718,0.03293130298084455,0.06553844567069265
"(88, 261.00288351272707)",92.89749661803597,0.031134327370890242,0.00042025016595849087,0.03711124835474949,0.0725752567571187
"(89, 261.00288351272707)",92.88623769295484,0.03460602344791757,0.00046711100958141626,0.04172632419920779,0.08019099622208294
"(90, 261.00288351272707)",92.8740086029754,0.038384588752504986,0.0005181139644622751,0.04681175601764421,0.08841748269522018
"(91, 261.00288351272707)",92.86075031914275,0.0424898187024605,0.0005735262284811756,0.05240478301365919,0.09728721639010675
"(92, 261.00288351272707)",92.84640183412183,0.04694228276740849,0.0006336254480942239,0.05854472340055513,0.10683334561908109
"(93, 261.00288351272707)",92.83090077432082,0.05176333132165894,0.0006986998083452717,0.06527304016725764,0.11708962452064804
"(94, 261.00288351272707)",92.81418234958872,0.05697510598124283,0.0007690481777950863,0.07263340743368991,0.12809038453103602
"(95, 261.00288351272707)",92.79618051710506,0.06260054489033053,0.0008449801741960001,0.08067177740553008,0.13987048457071238
"(96, 261.00288351272707)",92.7768274736459,0.06866339153174732,0.0009268162863279264,0.08943644798966742,0.15246527522847864
"(97, 261.00288351272707)",92.75605382483191,0.07518820192811265,0.0010148879706633484,0.09897813102617037,0.16591055575934352
"(98, 261.00288351272707)",92.73378865751577,0.0822003519402447,0.0011095377496569236,0.10935002135037925,0.18024253067630014
"(99, 261.00288351272707)",92.70995959357629,0.08972604449511067,0.0012111193095862695,0.1206078665262484,0.1954977655537111
"(100, 261.00288351272707)",92.6844928610795,0.09779231667790599,0.0013199975962856555,0.13281003745263498,0.21171314140778974
"(101, 261.00288351272707)",92.65731337574306,0.10642704668766309,0.0014365489088029968,0.14601759979015536,0.22892580771448842
"(102, 261.00288351272707)",92.6283448161644,0.1156589606892152,0.0015611609918339897,0.16029438636525026,0.24717313413100997
"(103, 261.00288351272707)",92.59750968305086,0.12551763959554033,0.0016942331278283938,0.1757070704165388,0.2664926612894587
"(104, 261.00288351272707)",92.5647294029715,0.1360335255709607,0.0018361762239387876,0.1923252399721679,0.2869220491133665
"(105, 261.00288351272707)",92.52992438213693,0.14723792853200365,0.001987412900589815,0.21022147315844567,0.3084990246258889
"(106, 261.00288351272707)",92.49301410131143,0.15916303232662574,0.0021483775742890967,0.22947141469023571,0.33126132707329653
"(107, 261.00288351272707)",92.45391718481117,0.17184190078913306,0.002319516539625623,0.2501538534403404,0.3552466517574098
"(108, 261.00288351272707)",92.41255147645484,0.1853084835305508,0.0025012880473749945,0.27235080122130295,0.3804925916394893
"(109, 261.00288351272707)",92.36883411037233,0.19959762147661786,0.002694162379291403,0.2961475727939029,0.4070365768526628
"(110, 261.00288351272707)",92.32268158244189,0.21474505209544745,0.002898621918465519,0.32163286716750833,0.434915811765185
"(111, 261.00288351272707)",92.27400980463652,0.2307874143748216,0.003115161216953728,0.3488988501875687,0.46416721004437017
"(112, 261.00288351272707)",92.22273417226111,0.24776225336463922,0.0033442870565368373,0.37804123850569726,0.4948273265447078
"(113, 261.00288351272707)",92.16876960640981,0.2657080244571249,0.0035865185069206404,0.4091593849832334,0.5269322870948143
"(114, 261.00288351272707)",92.11203060022639,0.2846640972299278,0.0038423869773917788,0.4423563655789257,0.5605177150920803
"(115, 261.00288351272707)",92.05243125034379,0.3046707589392764,0.004112436264140591,0.4777390677075802,0.5956186554954209
"(116, 261.00288351272707)",91.98988528536809,0.32576921757741645,0.0043972225912407,0.5154182802599503,0.632269495501178
"(117, 261.00288351272707)",91.92430607510292,0.3480016046023495,0.0046973146478702646,0.5555087851995917,0.6705038826611175
"(118, 261.00288351272707)",91.8556066383065,0.3714109772180903,0.005013293618742433,0.5981294509336618,0.7103546394540676
"(119, 261.00288351272707)",91.78369963130442,0.39604132034723677,0.005345753210972156,0.6434033274996175,0.751853675111535
"(120, 261.00288351272707)",91.70849732885335,0.421937548233299,0.005695299675584774,0.691457743533181,0.7950318942635438
"(1, 262.76505005423184)",92.99999999940911,0.0,1.9678640591507196e-297,3.971889227456797e-12,-3.971889227456797e-12
"(2, 262.76505005423184)",92.99999999940911,0.0,3.8811424232978786e-150,3.971889227456797e-12,-3.971889227456797e-12
"(3, 262.76505005423184)",92.99999999940911,0.0,6.331100760838795e-101,3.971889227456797e-12,-3.971889227456797e-12
"(4, 262.76505005423184)",92.99999999940911,0.0,2.9074358860274116e-76,3.971889227456797e-12,-3.971889227456797e-12
"(5, 262.76505005423184)",92.99999999940911,0.0,1.96785562164875e-61,3.971889227456797e-12,-3.971889227456797e-12
"(6, 262.76505005423184)",92.99999999940911,0.0,1.596357424862091e-51,3.971889227456797e-12,-3.971889227456797e-12
"(7, 262.76505005423184)",92.99999999940911,0.0,1.981131022542738e-44,3.971889227456797e-12,-3.971889227456797e-12
"(8, 262.76505005423184)",92.99999999940911,0.0,4.257330826274859e-39,3.971889227456797e-12,-3.971889227456797e-12
"(9, 262.76505005423184)",92.99999999940911,0.0,6.104984458954328e-35,3.971889227456797e-12,-3.971889227456797e-12
"(10, 262.76505005423184)",92.99999999940911,0.0,1.3132472263360416e-31,3.971889227456797e-12,-3.971889227456797e-12
"(11, 262.76505005423184)",92.99999999940911,0.0,7.098347781069508e-29,3.971889227456797e-12,-3.9718892274567784e-12
"(12, 262.76505005423184)",92.99999999940911,0.0,1.3601403661377996e-26,3.971889227456797e-12,-3.9718892274532225e-12
"(13, 262.76505005423184)",92.99999999940911,0.0,1.1726797736446723e-24,3.971889227456797e-12,-3.971889227148658e-12
"(14, 262.76505005423184)",92.99999999940911,0.0,5.394681715563313e-23,3.971889227456797e-12,-3.971889213281459e-12
"(15, 262.76505005423184)",92.99999999940911,0.0,1.5006012179011006e-21,3.971889227456797e-12,-3.971888833151243e-12
"(16, 262.76505005423184)",92.99999999940911,0.0,2.7723598972151046e-20,3.971889227456797e-12,-3.971881942663925e-12
"(17, 262.76505005423184)",92.99999999940911,0.0,3.655275283189229e-19,3.971889227456797e-12,-3.971793179597522e-12
"(18, 262.76505005423184)",92.99999999940911,0.0,3.637158663006862e-18,3.971889227456797e-12,-3.9709335092786565e-12
"(19, 262.76505005423184)",92.9999999938396,1.927593209955014e-15,2.8547159667455935e-17,5.9578338411851955e-12,-5.950332645346271e-12
"(20, 262.76505005423184)",92.99999999997134,4.818983024887535e-16,1.8309764617261515e-16,3.971889227456797e-12,-3.923777565295438e-12
"(21, 262.76505005423184)",92.99999999940911,0.0,9.875651851419607e-16,3.971889227456797e-12,-3.7123916121511525e-12
"(22, 262.76505005423184)",92.99999999940431,3.1357823843159925e-13,4.58564878715263e-15,6.08195537954322e-12,-4.877007146455932e-12
"(23, 262.76505005423184)",92.99999999939928,1.2825326648487677e-12,1.8690066317402023e-14,2.358309228802473e-12,2.552786982606581e-12
"(24, 262.76505005423184)",92.99999999491372,5.03444770732733e-12,6.795481602456724e-14,5.5854692261111204e-12,1.2270681408010408e-11
"(25, 262.76505005423184)",92.9999999948804,1.655256486725756e-11,2.234259973396632e-13,7.571413839839519e-12,5.1137129534533755e-11
"(26, 262.76505005423184)",92.99999999923119,4.495360531122572e-11,6.719719978998982e-13,2.147302613593831e-11,1.550977295272706e-10
"(27, 262.76505005423184)",92.99999999894365,1.2957525316590526e-10,1.8669597752064044e-12,5.0393344573358114e-11,4.401784342079902e-10
"(28, 262.76505005423184)",92.99999999822717,3.256267561281612e-10,4.8321579603504e-12,1.3926436603770394e-10,1.1304578622837239e-9
"(29, 262.76505005423184)",92.999999996551,7.934539969115299e-10,1.1736098017722914e-11,3.443131474051611e-10,2.7395232356631715e-9
"(30, 262.76505005423184)",92.99999998820884,1.880355019108025e-9,2.691648131521589e-11,8.134925623984953e-10,6.259217997678005e-9
"(31, 262.76505005423184)",92.99999997827949,4.34250828464997e-9,5.861503952710947e-11,1.8209870892505835e-9,1.3580996706021112e-8
"(32, 262.76505005423184)",92.99999996717868,9.02226121154123e-9,1.2178219638023272e-10,3.899029884440636e-9,2.8101075043125503e-8
"(33, 262.76505005423184)",92.99999993868967,1.702625714902098e-8,2.424256230246252e-10,8.003977401017236e-9,5.569700356747674e-8
"(34, 262.76505005423184)",92.99999988315858,3.264653946030956e-8,4.641030252216794e-10,1.5781432994531075e-8,1.0616862165816393e-7
"(35, 262.76505005423184)",92.99999978023737,6.039406234207427e-8,8.572912332697803e-10,3.0009236693434755e-8,1.9525693712775318e-7
"(36, 262.76505005423184)",92.99999959061029,1.1353513210327962e-7,1.5324936227698678e-9,5.5169789612451625e-8,3.475159738824638e-7
"(37, 262.76505005423184)",92.99999930146579,1.9692357705996016e-7,2.658068212626681e-9,9.835266577951535e-8,6.000947611588971e-7
"(38, 262.76505005423184)",92.9999988771727,3.171350848160833e-7,4.483861723252936e-9,1.7038908299636227e-7,1.0078130671504498e-6
"(39, 262.76505005423184)",92.999998190492,5.102234302470639e-7,7.371813336126021e-9,2.875074359171507e-7,1.6495474643404571e-6
"(40, 262.76505005423184)",92.99999710028615,8.205090856406448e-7,1.1834739967154914e-8,4.7339545128674115e-7,2.636360588561538e-6
"(41, 262.76505005423184)",92.99999514506108,1.3768389958739004e-6,1.8584529216340168e-8,7.619718218922312e-7,4.121392927873727e-6
"(42, 262.76505005423184)",92.99999254513887,2.1181661875041737e-6,2.8590940199357153e-8,1.2008303310093136e-6,6.311869501572319e-6
"(43, 262.76505005423184)",92.9999892233354,3.0685716378040397e-6,4.3152158273386963e-8,1.8555651156494386e-6,9.483313913005221e-6
"(44, 262.76505005423184)",92.99998337960385,4.739835998347207e-6,6.397815633819698e-8,2.8150736351646227e-6,1.3996149817419177e-5
"(45, 262.76505005423184)",92.99997580311539,6.911243741884061e-6,9.328774935023276e-8,4.1980200521143645e-6,2.0314740075346176e-5
"(46, 262.76505005423184)",92.99996531144564,9.921505092750103e-6,1.3392016189766574e-7,6.160456542963906e-6,2.902908150134707e-5
"(47, 262.76505005423184)",92.99995100110586,1.4036307239195835e-5,1.894616311026849e-7,8.904927737044332e-6,4.087896724300907e-5
"(48, 262.76505005423184)",92.99993172296557,1.958720450564508e-5,2.643874669715436e-7,1.2691008635159164e-5,5.678077735733005e-5
"(49, 262.76505005423184)",92.99990609746091,2.698330026042954e-5,3.642197331628498e-7,1.7847489248640357e-5,7.785672716663484e-5
"(50, 262.76505005423184)",92.99987239127286,3.672408376653246e-5,4.957005207281929e-7,2.4786269012595165e-5,0.00010546650312845721
"(51, 262.76505005423184)",92.99982855563506,4.9413403746932815e-5,6.669805603309971e-7,3.401808794967765e-5,0.0001412410923708964
"(52, 262.76505005423184)",92.99977212991413,6.577454534077189e-5,8.878227318943219e-7,4.6170205300797e-5,0.00018711857928469937
"(53, 262.76505005423184)",92.99970017861979,8.666636282023483e-5,1.169819825278967e-6,6.200597063692123e-5,0.00024538179430693926
"(54, 262.76505005423184)",92.99960931281541,0.00011310040716533027,1.5266257205180623e-6,8.244655133436671e-5,0.00031869733253163965
"(55, 262.76505005423184)",92.99949555037334,0.00014625897618367824,1.9741990328609285e-6,0.00010859462203924464,0.0004101558856474733
"(56, 262.76505005423184)",92.9993542092726,0.00018751400452484657,2.5310581009547745e-6,0.00014176027429386396,0.0005233133342936863
"(57, 262.76505005423184)",92.9991800053358,0.0002384467017147325,3.2185460362870767e-6,0.00018348896225284968,0.0006622324480739734
"(58, 262.76505005423184)",92.99896685862625,0.000300867841509114,4.061104606428145e-6,0.0002355916225121269,0.0008315247326714363
"(59, 262.76505005423184)",92.99870779077179,0.00037683859946576007,5.086555521303837e-6,0.0003001768660228663,0.0010363921501361658
"(60, 262.76505005423184)",92.9983952519222,0.0004686918288511285,6.326387476263495e-6,0.0003796852746102341,0.0012826682472526088
"(61, 262.76505005423184)",92.99802008819493,0.0005790536830347287,7.816048370962493e-6,0.0004769256788442586,0.001576858662577998
"(62, 262.76505005423184)",92.99757308222951,0.0007108654399312503,9.595239216138421e-6,0.0005951134618224459,0.001926180051088495
"(63, 262.76505005423184)",92.99704288613472,0.0008674054901251165,1.1708211860651576e-5,0.000737910756302342,0.0023385981193073204
"(64, 262.76505005423184)",92.99641762467631,0.0010523113087094478,1.4204064749389049e-5,0.0009094685051466281,0.002822863279700135
"(65, 262.76505005423184)",92.99568403571821,0.0012696013359933664,1.7137038661956115e-5,0.001114470228439369,0.0033885445933508358
"(66, 262.76505005423184)",92.99482756063216,0.0015236967599975351,2.0566810655987744e-5,0.0013581775646714091,0.00404606146680512
"(67, 262.76505005423184)",92.99383228689572,0.0018194429642144926,2.4558783562221384e-5,0.0016464773309251546,0.004806712661072993
"(68, 262.76505005423184)",92.99268087791235,0.0021621306773815883,2.9184371471616312e-5,0.001985930106651238,0.005682702723889317
"(69, 262.76505005423184)",92.99135451446946,0.002557516708223278,3.452127961371934e-5,0.0023838202572550315,0.006687165508380064
"(70, 262.76505005423184)",92.98983285409665,0.003011844207589511,4.065377782594754e-5,0.0028482072115589346,0.00783418475376979
"(71, 262.76505005423184)",92.98809395118185,0.0035318624068098083,4.7672967017092575e-5,0.0033879780341005564,0.009138811530379518
"(72, 262.76505005423184)",92.98611420787304,0.0041248457817284956,5.567703784822138e-5,0.004012901053208697,0.010617078583850553
"(73, 262.76505005423184)",92.98386833609285,0.004798612605300194,6.477152112251791e-5,0.004733680616599391,0.012286011373247762
"(74, 262.76505005423184)",92.9813293267906,0.005561542852638837,7.506952946514665e-5,0.0055620127590170045,0.014163635908439887
"(75, 262.76505005423184)",92.97846836870545,0.006422595459518232,8.669199031373793e-5,0.006510641727306929,0.0162689834467834
"(76, 262.76505005423184)",92.97525481730261,0.007391324889843859,9.976786963394437e-5,0.007593417397053281,0.018622091861114187
"(77, 262.76505005423184)",92.9716562467314,0.008477897023151486,0.00011443438580598374,0.008825353349543184,0.021244003764691412
"(78, 262.76505005423184)",92.96763825659535,0.009693104360661014,0.00013083721598382666,0.010222685632392488,0.024156761974554068
"(79, 262.76505005423184)",92.96316454797355,0.011048380598183262,0.000149130691736227,0.011802932214631488,0.02738340146406042
"(80, 262.76505005423184)",92.95819690866132,0.012555814452800084,0.00016947798623304783,0.013584952915562571,0.030947938620054655
"(81, 262.76505005423184)",92.95269517917946,0.014228162925621719,0.00019205129300683892,0.01558900989017882,0.03487535772974315
"(82, 262.76505005423184)",92.94661721590862,0.016078863929879065,0.00021703199660678328,0.017836828692989002,0.03919159475876228
"(83, 262.76505005423184)",92.93991882137585,0.018122048396644875,0.000244610836094966,0.020351659641347816,0.04392351894895343
"(84, 262.76505005423184)",92.93255404066964,0.020372551484833804,0.00027498805564941123,0.023158339787478187,0.049098910419555254
"(85, 262.76505005423184)",92.92447485434715,0.022845923778415198,0.00030837355633370916,0.026283355230338305,0.05474643773509027
"(86, 262.76505005423184)",92.91563083793943,0.02555844223993779,0.00034498704520637114,0.029754903828773605,0.06089563437294005
"(87, 262.76505005423184)",92.90597052912067,0.028527118625969575,0.0003850581446327523,0.03360295843200734,0.06757686421620746
"(88, 262.76505005423184)",92.89543951222866,0.03176971146803909,0.00042882656017716967,0.03785933042961997,0.07482130211991808
"(89, 262.76505005423184)",92.88398203560436,0.03530473332954156,0.0004765421734564281,0.04255773380434489,0.08266089425688587
"(90, 262.76505005423184)",92.87154031577973,0.03915146065858194,0.0005284651772321125,0.047733849603029684,0.09112832914428488
"(91, 262.76505005423184)",92.8580546885121,0.043329942260119846,0.0005848661896326536,0.053425390907682974,0.10025700268616912
"(92, 262.76505005423184)",92.84346364991718,0.0478610076709118,0.0006460263671805351,0.059672168268005206,0.11008098244054162
"(93, 262.76505005423184)",92.8277039136709,0.05276627528798815,0.0007122375142687407,0.066516155691101,0.12063497039622631
"(94, 262.76505005423184)",92.81071044468867,0.058068160333320955,0.000783802190854221,0.07400155720140586,0.1319542647110201
"(95, 262.76505005423184)",92.79241651082904,0.063789882631794,0.0008610338174533128,0.08217487393818325,0.1440747202033228
"(96, 262.76505005423184)",92.77275374979702,0.06995547421496306,0.000944256777559117,0.09108497198347693,0.15703270743589212
"(97, 262.76505005423184)",92.75165221296689,0.07658978683845966,0.0010338065194362349,0.10078315079329395,0.17086507103275952
"(98, 262.76505005423184)",92.72904044075425,0.08371849932757901,0.001130029655055981,0.11132321235961536,0.18560908651393582
"(99, 262.76505005423184)",92.70484553011777,0.09136812482424625,0.001233284057911329,0.1227615311940913,0.20130241601406518
"(100, 262.76505005423184)",92.67899319719933,0.09956601794333929,0.0013439389598450047,0.13515712505547262,0.21798306299803233
"(101, 262.76505005423184)",92.65140786464215,0.10834038175783808,0.0014623750449845165,0.14857172658337767,0.23568932531003836
"(102, 262.76505005423184)",92.62201272731059,0.11772027472002287,0.001588984543455355,0.16306985578601554,0.2544597473104316
"(103, 262.76505005423184)",92.5907298408267,0.12773561738808129,0.0017241713218393196,0.17871889355923504,0.2743330701259448
"(104, 262.76505005423184)",92.55748018401302,0.13841719908730202,0.0018683509736407333,0.195589156135244,0.29534818097233606
"(105, 262.76505005423184)",92.52218375444549,0.14979668429374388,0.0020219509049006204,0.21375397058201737,0.3175440601513934
"(106, 262.76505005423184)",92.48475963768726,0.16190661890944844,0.002185410419222949,0.23328975142302644,0.34095972677313147
"(107, 262.76505005423184)",92.44512609155468,0.17478043625887096,0.0023591807984183746,0.25427607835879473,0.36563418222459204
"(108, 262.76505005423184)",92.40320060985621,0.18845246291739096,0.0025437253816603285,0.2767957752122927,0.39160635202390337
"(109, 262.76505005423184)",92.35890000426963,0.20295792417612527,0.0027395196388060833,0.30093499001029206,0.4189150250051396
"(110, 262.76505005423184)",92.31214047014969,0.21833294925394944,0.002947051240786869,0.3267832764500413,0.4475987903477064
"(111, 262.76505005423184)",92.26283764218611,0.23461457621703974,0.0031668201263699517,0.3544336766034326,0.4776959724149166
"(112, 262.76505005423184)",92.21090665790945,0.2518407564749666,0.0033993385624722103,0.3839828049821613,0.5092445625371296
"(113, 262.76505005423184)",92.15626217170312,0.27005035914374914,0.003645131205816239,0.415530934049398,0.5422821497011484
"(114, 262.76505005423184)",92.09881856178373,0.2892831738706543,0.0039047351277369012,0.44918208117871794,0.5768458401095863
"(115, 262.76505005423184)",92.03848962752585,0.30957991614677915,0.00417869991277108,0.4850440971419588,0.6129721945989483
"(116, 262.76505005423184)",91.97518895081531,0.33098222832340923,0.004467587645366911,0.5232287561330835,0.6506971351234206
"(117, 262.76505005423184)",91.90882973755468,0.35353268319347614,0.004771972971684758,0.5638518474896527,0.6900558692725342
"(118, 262.76505005423184)",91.8393248535328,0.3772747859664205,0.0050924431236910005,0.6070332691040875,0.731082803190907
"(119, 262.76505005423184)",91.76658681379875,0.4022529760976858,0.005429597943749187,0.6528971225897637,0.7738114528738456
"(120, 262.76505005423184)",91.69052775938356,0.4285126287744358,0.00578404990469992,0.7015718103994126,0.8182743523252366
"(1, 265.3589838486225)",92.99999999940911,0.0,2.6334570012498497e-296,3.971889227456797e-12,-3.971889227456797e-12
"(2, 265.3589838486225)",92.99999999940911,0.0,1.4197933800148551e-149,3.971889227456797e-12,-3.971889227456797e-12
"(3, 265.3589838486225)",92.99999999940911,0.0,1.5031059886931128e-100,3.971889227456797e-12,-3.971889227456797e-12
"(4, 265.3589838486225)",92.99999999940911,0.0,5.560872666324377e-76,3.971889227456797e-12,-3.971889227456797e-12
"(5, 265.3589838486225)",92.99999999940911,0.0,3.305974791220678e-61,3.971889227456797e-12,-3.971889227456797e-12
"(6, 265.3589838486225)",92.99999999940911,0.0,2.4597190242256414e-51,3.971889227456797e-12,-3.971889227456797e-12
"(7, 265.3589838486225)",92.99999999940911,0.0,2.869766100283934e-44,3.971889227456797e-12,-3.971889227456797e-12
"(8, 265.3589838486225)",92.99999999940911,0.0,5.887815225641942e-39,3.971889227456797e-12,-3.971889227456797e-12
"(9, 265.3589838486225)",92.99999999940911,0.0,8.14432587823805e-35,3.971889227456797e-12,-3.971889227456797e-12
"(10, 265.3589838486225)",92.99999999940911,0.0,1.7021589138195914e-31,3.971889227456797e-12,-3.971889227456797e-12
"(11, 265.3589838486225)",92.99999999940911,0.0,8.986068190804769e-29,3.971889227456797e-12,-3.971889227456773e-12
"(12, 265.3589838486225)",92.99999999940911,0.0,1.6883474845332838e-26,3.971889227456797e-12,-3.971889227452317e-12
"(13, 265.3589838486225)",92.99999999940911,0.0,1.4316477230774728e-24,3.971889227456797e-12,-3.971889227076896e-12
"(14, 265.3589838486225)",92.99999999940911,0.0,6.492811548841025e-23,3.971889227456797e-12,-3.971889210227538e-12
"(15, 265.3589838486225)",92.99999999940911,0.0,1.78388887318781e-21,3.971889227456797e-12,-3.971888754085859e-12
"(16, 265.3589838486225)",92.99999999940911,0.0,3.2603047195353287e-20,3.971889227456797e-12,-3.971880575945323e-12
"(17, 265.3589838486225)",92.99999999940911,0.0,4.2578168652050344e-19,3.971889227456797e-12,-3.97177624246112e-12
"(18, 265.3589838486225)",92.99999999940911,0.0,4.200951076355321e-18,3.971889227456797e-12,-3.970774467347977e-12
"(19, 265.3589838486225)",92.9999999938396,1.927593209955014e-15,3.272308920829307e-17,5.9578338411851955e-12,-5.949150475484495e-12
"(20, 265.3589838486225)",92.99999999940911,0.0,2.0845367989913791e-16,3.971889227456797e-12,-3.916574170779256e-12
"(21, 265.3589838486225)",92.99999999940911,0.0,1.1174042800913022e-15,3.971889227456797e-12,-3.6753759631436674e-12
"(22, 265.3589838486225)",92.99999999940431,3.1357823843159925e-13,5.159492003561227e-15,6.08195537954322e-12,-4.7128378243031204e-12
"(23, 265.3589838486225)",92.99999999383355,1.5499661769524386e-12,2.0921394481962407e-14,6.454319994617295e-12,-9.026400141875735e-13
"(24, 265.3589838486225)",92.99999999491372,5.03444770732733e-12,7.571103598506733e-14,5.833712302827171e-12,1.4256891272296787e-11
"(25, 265.3589838486225)",92.9999999948804,1.655256486725756e-11,2.4785351553079497e-13,8.192021531629644e-12,5.757813549293088e-11
"(26, 265.3589838486225)",92.99999999923119,4.495360531122572e-11,7.424708597075462e-13,2.3334849211308683e-11,1.736864636578989e-10
"(27, 265.3589838486225)",92.99999999885434,1.522614753820875e-10,2.055220577482575e-12,5.746827225976553e-11,4.879029717657896e-10
"(28, 265.3589838486225)",92.99999999822717,4.679129132641921e-10,5.301203413114072e-12,1.524212491036546e-10,1.2543007017751448e-9
"(29, 265.3589838486225)",92.9999999959839,9.508265600860058e-10,1.2834226825534912e-11,3.7621238276317346e-10,3.029465006143502e-9
"(30, 265.3589838486225)",92.99999998820884,1.880355019108025e-9,2.934738410685238e-11,8.863519054146559e-10,6.901240119794906e-9
"(31, 265.3589838486225)",92.99999997827949,4.34250828464997e-9,6.373072251136819e-11,1.9796144152721394e-9,1.493190535028305e-8
"(32, 265.3589838486225)",92.99999996717868,9.02226121154123e-9,1.3206506852433716e-10,4.2280760826277605e-9,3.081657630288904e-8
"(33, 265.3589838486225)",92.99999993868967,1.702625714902098e-8,2.6225023426809137e-10,8.658222029702385e-9,6.093223364974153e-8
"(34, 265.3589838486225)",92.99999988315858,3.264653946030956e-8,5.008961851606615e-10,1.703245397964161e-8,1.1588484872824298e-7
"(35, 265.3589838486225)",92.99999978023737,6.039406234207427e-8,9.232409174178197e-10,3.231740082074059e-8,2.1267287087272202e-7
"(36, 265.3589838486225)",92.99999959061029,1.1353513210327962e-7,1.646991164206894e-9,5.9291741779783275e-8,3.777521599618179e-7
"(37, 265.3589838486225)",92.99999930146579,1.9692357705996016e-7,2.851103473515132e-9,1.0549486733971282e-7,6.510710532395405e-7
"(38, 265.3589838486225)",92.99999874086224,3.556554351575306e-7,4.8006258110285155e-9,1.8243011343247426e-7,1.0914590736195217e-6
"(39, 265.3589838486225)",92.999998190492,5.102234302470639e-7,7.878795798250063e-9,3.0727974873450734e-7,1.783429498239926e-6
"(40, 265.3589838486225)",92.99999669277776,9.355214190936658e-7,1.2627638528168942e-8,5.051112350110604e-7,2.8457460932315648e-6
"(41, 265.3589838486225)",92.99999514506108,1.3768389958739004e-6,1.9798308768655032e-8,8.117364908738059e-7,4.441922605897766e-6
"(42, 265.3589838486225)",92.99999254513887,2.1181661875041737e-6,3.041240815662204e-8,1.2773313999608986e-6,6.792874324869885e-6
"(43, 265.3589838486225)",92.99998807002015,3.395727380640527e-6,4.5835420772169384e-8,1.970940305685527e-6,1.0191900374691382e-5
"(44, 265.3589838486225)",92.99998237036638,5.027668790304255e-6,6.7863314257059e-8,2.986018410288214e-6,1.5022121701564699e-5
"(45, 265.3589838486225)",92.99997436675402,7.3213420669907e-6,9.88232435740207e-8,4.447113361368167e-6,2.177652213405888e-5
"(46, 265.3589838486225)",92.99996330393806,1.0497066592142917e-5,1.416890727345567e-7,6.517821070127414e-6,3.108064729316811e-5
"(47, 265.3589838486225)",92.99994822119636,1.4832772894228439e-5,2.0021229931963013e-7,9.410197847624492e-6,4.3717934453828805e-5
"(48, 265.3589838486225)",92.99992793822166,2.0674869130240222e-5,2.7906872950238214e-7,1.3395691912779174e-5,6.065770257189904e-5
"(49, 265.3589838486225)",92.99990098834117,2.8450285191689075e-5,3.8402104952711846e-7,1.8817707595092762e-5,8.308572788390492e-5
"(50, 265.3589838486225)",92.99986559734903,3.8679688913097637e-5,5.220972170903004e-7,2.6106020313626842e-5,0.0001124371666836489
"(51, 265.3589838486225)",92.99981960633215,5.199185291559741e-5,7.017843859241296e-7,3.579295333709747e-5,0.00015043183819255906
"(52, 265.3589838486225)",92.99976047119902,6.91391352036508e-5,9.332378597854383e-7,4.85315666782277e-5,0.00019911148348349944
"(53, 265.3589838486225)",92.99968516310722,9.101402227633023e-5,1.228504392924234e-6,6.511590367496303e-5,0.00026087877368498053
"(54, 265.3589838486225)",92.99959011568964,0.0001186666702501712,1.6017589604003635e-6,8.650317523302208e-5,0.0003385379548692443
"(55, 265.3589838486225)",92.99947116483314,0.00015332336780150477,2.069553972025305e-6,0.00011383826253466238,0.0004353364765018531
"(56, 265.3589838486225)",92.99932356757355,0.00019640583437491427,2.651079745124821e-6,0.00014848013345332442,0.0005550076938146631
"(57, 265.3589838486225)",92.9991418393267,0.00024955125962943084,3.3684350066082145e-6,0.00019203058637124162,0.0007018139041424421
"(58, 265.3589838486225)",92.99891962015863,0.00031463298318257953,4.246906051917667e-6,0.0002463650423747976,0.0008805896320626394
"(59, 265.3589838486225)",92.99864981451522,0.0003937817071966569,5.3152530241751e-6,0.00031366550299836337,0.0010967846383950588
"(60, 265.3589838486225)",92.99832437591401,0.000489407136094199,6.606002037990935e-6,0.0003964555492709544,0.0013565064388322493
"(61, 265.3589838486225)",92.99793413722799,0.0006042199337273888,8.155741620020968e-6,0.0004976374457400564,0.0016665618630806256
"(62, 265.3589838486225)",92.99746943574833,0.000741253876299906,1.0005421368530864e-5,0.0006205311711099698,0.002034497276220674
"(63, 265.3589838486225)",92.99691865057471,0.0009038881345669991,1.2200653440831805e-5,0.000768915387782705,0.0024686376115656216
"(64, 265.3589838486225)",92.99626952677306,0.0010958695249385668,1.4792012177573242e-5,0.0009470703143061816,0.002978123006211103
"(65, 265.3589838486225)",92.99550842888338,0.0013213346387813186,1.783533314676693e-5,0.0011598222241869453,0.0035729436562407808
"(66, 265.3589838486225)",92.99462037425901,0.0015848318572290604,2.139201026907873e-5,0.0014125897629593005,0.0042639723445227285
"(67, 265.3589838486225)",92.99358902330249,0.0018913430000339659,2.5529287970733318e-5,0.0017114317874809876,0.0050629941268116666
"(68, 265.3589838486225)",92.9923965553008,0.002246304657366759,3.032054919754871e-5,0.0020630966605539006,0.005982733464239791
"(69, 265.3589838486225)",92.99102367936095,0.0026556290783104767,3.5845597272640064e-5,0.002475073021225771,0.00703687824648895
"(70, 265.3589838486225)",92.98944949956451,0.003125724573134102,4.2190931397134055e-5,0.002955641761553207,0.008240100921617229
"(71, 265.3589838486225)",92.98765153816645,0.0036635153583898473,4.9450014391944866e-5,0.0035139293076338553,0.00960807626271239
"(72, 265.3589838486225)",92.98560561263197,0.004276460819775944,5.7723532835741935e-5,0.004159961920669368,0.011157496096775705
"(73, 265.3589838486225)",92.98328583313207,0.004972574136352612,6.711964836956884e-5,0.004904721086326017,0.012906080601299623
"(74, 265.3589838486225)",92.98066455638441,0.005760440249698669,7.775424022672615e-5,0.005760199807327741,0.014872586369157994
"(75, 265.3589838486225)",92.97771227496112,0.0066492331737280615,8.975113903342579e-5,0.006739459776070899,0.017076811277095406
"(76, 265.3589838486225)",92.97439776533348,0.007648732539789428,0.00010324234985205118,0.007856689317537297,0.019539595729346982
"(77, 265.3589838486225)",92.97068777234855,0.0087693396117452,0.00011836826863036444,0.009127262055587535,0.02228282142808675
"(78, 265.3589838486225)",92.96654714527129,0.010022092447973745,0.00013527788687267878,0.010567796208550553,0.02532940638917239
"(79, 265.3589838486225)",92.961939040402,0.011418680317352548,0.00015412898562902174,0.012196214522549641,0.028703296485586505
"(80, 265.3589838486225)",92.95682427397246,0.01297145790872226,0.00017508832845052362,0.014031804709258385,0.032429456212126416
"(81, 265.3589838486225)",92.95116195430455,0.014693458224455858,0.00019833183422895227,0.016095280420358144,0.03653385357547007
"(82, 265.3589838486225)",92.94490913164191,0.016598405376069266,0.00022404475058093298,0.01840884267739745,0.041043444673377
"(83, 265.3589838486225)",92.93802085194271,0.018700726587761216,0.00025242181580805166,0.020996241754695007,0.04598615478935373
"(84, 265.3589838486225)",92.9304501896635,0.021015563658947398,0.00028366741335384777,0.023882839478049887,0.05139085708049432
"(85, 265.3589838486225)",92.92214821088248,0.023558783947715975,0.0003179957203443397,0.02709567192535722,0.05728734929342748
"(86, 265.3589838486225)",92.91306400438036,0.026346990842825452,0.000355630848757694,0.03066351257257198,0.06370632807899285
"(87, 265.3589838486225)",92.90314467216415,0.029397533824966574,0.00039680698144907195,0.034616935796646334,0.07067936158471859
"(88, 265.3589838486225)",92.89233538393096,0.03272851808229666,0.0004417685015615597,0.038988380810409916,0.07823885986029415
"(89, 265.3589838486225)",92.88057936714094,0.03635881381854633,0.0004907701185010618,0.043812216010278356,0.08641804393843143
"(90, 265.3589838486225)",92.86781794050515,0.040308065212059,0.0005440769888503908,0.04912480379674073,0.09525091310001726
"(91, 265.3589838486225)",92.85399056369214,0.044596699071636936,0.0006019648329908968,0.054964565812888395,0.1047722105821817
"(92, 265.3589838486225)",92.83903486374696,0.04924593326906568,0.0006647200490820055,0.06137204869097322,0.11501738807723423
"(93, 265.3589838486225)",92.82288668153332,0.05427778493648749,0.0007326398236786731,0.06838999031369787,0.12602256882470877
"(94, 265.3589838486225)",92.80548012180782,0.059715078470624454,0.0008060322397598532,0.07606338667116537,0.13782450942073854
"(95, 265.3589838486225)",92.78674760572767,0.06558145337230209,0.0008852163825670438,0.08443955924149738,0.15046056052264678
"(96, 265.3589838486225)",92.76661992832517,0.07190137193706382,0.0009705224434427677,0.09356822303537864,0.16396862635887638
"(97, 265.3589838486225)",92.74502633034436,0.07870012679092055,0.0010622918213421082,0.10350155533059306,0.17838712293145118
"(98, 265.3589838486225)",92.72189455023025,0.08600384835101715,0.0011608772238643793,0.11429426510983234,0.1937549353878292
"(99, 265.3589838486225)",92.69715090483734,0.09383951211902798,0.0012666427654776343,0.12600366325092946,0.21011137389542464
"(100, 265.3589838486225)",92.67072036230329,0.10223494587751726,0.0013799640646527923,0.13868973353319125,0.22749612841068848
"(101, 265.3589838486225)",92.64252661046807,0.1112188367869942,0.0015012283398908573,0.1524152045186637,0.2459492222795286
"(102, 265.3589838486225)",92.61249214556267,0.12082073830278826,0.0016308345027942022,0.16724562229864842,0.2655109641880945
"(103, 265.3589838486225)",92.58053835045851,0.13107107697562678,0.0017691932498691304,0.18324942419992707,0.2862218988171874
"(104, 265.3589838486225)",92.54658556823635,0.14200115911323985,0.0019167271526713099,0.20049801350059004,0.3081227560473322
"(105, 265.3589838486225)",92.51055318306025,0.1536431772383217,0.002073870745010418,0.2190658351586972,0.331254398370653
"(106, 265.3589838486225)",92.47235971105833,0.16603021629205306,0.0022410706062187904,0.23903045263581454,0.35565776616342004
"(107, 265.3589838486225)",92.43192286587416,0.17919625969456843,0.0024187854434330703,0.2604726258412443,0.38137382157599486
"(108, 265.3589838486225)",92.38915963568603,0.19317619509476436,0.002607486169170425,0.28347639025379606,0.40844348999660524
"(109, 265.3589838486225)",92.34398636381326,0.20800581978838334,0.002807655974019885,0.3081291372476608,0.43690759901477033
"(110, 265.3589838486225)",92.29631880252262,0.22372184592805794,0.003019790397621794,0.3345216956856903,0.46680681566305665
"(111, 265.3589838486225)",92.24607218742011,0.24036190525734005,0.0032443973919058173,0.36274841481073916,0.4981815803065095
"(112, 265.3589838486225)",92.19316128154912,0.257964553603423,0.003481997382349191,0.39290724848757363,0.5310720386561711
"(113, 265.3589838486225)",92.13750043237144,0.27656927486785043,0.0037331233213040854,0.4250998363193999,0.5655179748034468
"(114, 265.3589838486225)",92.07900360475983,0.29621648470102735,0.00399832073806022,0.45943161331942123,0.6015587148331131
"(115, 265.3589838486225)",92.01758441531854,0.3169475337278467,0.004278147781787792,0.49601185337187037,0.6392330947575764
"(116, 265.3589838486225)",91.95315615003497,0.3388047103268208,0.0045731752599193235,0.5349538044835266,0.678579335450325
"(117, 265.3589838486225)",91.88563176697465,0.36183124313049364,0.004883986671973405,0.5763747580592969,0.7196349823457812
"(118, 265.3589838486225)",91.81492386152797,0.3860713033440335,0.0052111782440472255,0.6203961468462748,0.7624368166481457
"(119, 265.3589838486225)",91.74094493764385,0.4115700037942904,0.005555358888787772,0.6671436402155136,0.8070207494276221
"(120, 265.3589838486225)",91.6636067286211,0.4383734059763086,0.005917150363355194,0.716747241289614,0.8534217664098275
"(1, 268.7267407012788)",92.99999999940911,0.0,7.640547088263659e-295,3.971889227456797e-12,-3.971889227456797e-12
"(2, 268.7267407012788)",92.99999999940911,0.0,7.647583998053384e-149,3.971889227456797e-12,-3.971889227456797e-12
"(3, 268.7267407012788)",92.99999999940911,0.0,4.618727564266134e-100,3.971889227456797e-12,-3.971889227456797e-12
"(4, 268.7267407012788)",92.99999999940911,0.0,1.2906025711302366e-75,3.971889227456797e-12,-3.971889227456797e-12
"(5, 268.7267407012788)",92.99999999940911,0.0,6.483645544231416e-61,3.971889227456797e-12,-3.971889227456797e-12
"(6, 268.7267407012788)",92.99999999940911,0.0,4.311734968306964e-51,3.971889227456797e-12,-3.971889227456797e-12
"(7, 268.7267407012788)",92.99999999940911,0.0,4.642900910837351e-44,3.971889227456797e-12,-3.971889227456797e-12
"(8, 268.7267407012788)",92.99999999940911,0.0,8.969730085124054e-39,3.971889227456797e-12,-3.971889227456797e-12
"(9, 268.7267407012788)",92.99999999940911,0.0,1.184040527959999e-34,3.971889227456797e-12,-3.971889227456797e-12
"(10, 268.7267407012788)",92.99999999940911,0.0,2.3837488247959667e-31,3.971889227456797e-12,-3.971889227456797e-12
"(11, 268.7267407012788)",92.99999999940911,0.0,1.2204887343937459e-28,3.971889227456797e-12,-3.971889227456764e-12
"(12, 268.7267407012788)",92.99999999940911,0.0,2.2353503979963183e-26,3.971889227456797e-12,-3.97188922745079e-12
"(13, 268.7267407012788)",92.99999999940911,0.0,1.855001617278637e-24,3.971889227456797e-12,-3.9718892269583084e-12
"(14, 268.7267407012788)",92.99999999940911,0.0,8.258565885848723e-23,3.971889227456797e-12,-3.971889205263822e-12
"(15, 268.7267407012788)",92.99999999940911,0.0,2.2329286409205378e-21,3.971889227456797e-12,-3.971888627409161e-12
"(16, 268.7267407012788)",92.99999999940911,0.0,4.0241210713735955e-20,3.971889227456797e-12,-3.9718784135674e-12
"(17, 268.7267407012788)",92.99999999940911,0.0,5.190659985910121e-19,3.971889227456797e-12,-3.9717497405427865e-12
"(18, 268.7267407012788)",92.99999999940911,0.0,5.06527994361758e-18,3.971889227456797e-12,-3.970528051286809e-12
"(19, 268.7267407012788)",92.9999999938396,1.927593209955014e-15,3.906910679025458e-17,5.9578338411851955e-12,-5.94733492745534e-12
"(20, 268.7267407012788)",92.99999999940911,0.0,2.4668331325305263e-16,3.971889227456797e-12,-3.905598824700911e-12
"(21, 268.7267407012788)",92.99999999940911,0.0,1.3117713063881769e-15,3.971889227456797e-12,-3.6193811997456433e-12
"(22, 268.7267407012788)",92.99999999940431,3.1357823843159925e-13,6.012968280430385e-15,6.08195537954322e-12,-4.4661100116029895e-12
"(23, 268.7267407012788)",92.99999999492833,1.7943768316706919e-12,2.422044176269486e-14,8.440264608345693e-12,-1.931584235111568e-12
"(24, 268.7267407012788)",92.99999999491372,5.03444770732733e-12,8.711660900285252e-14,6.08195537954322e-12,1.7328607018741018e-11
"(25, 268.7267407012788)",92.9999999948663,2.101022798584671e-11,2.8359539320441197e-13,9.060872300135818e-12,6.714879339358341e-11
"(26, 268.7267407012788)",92.99999999923119,4.495360531122572e-11,8.451490974444545e-13,2.5941401516827204e-11,2.0117276084604853e-10
"(27, 268.7267407012788)",92.99999999877659,1.7248862607263722e-10,2.3282460175601534e-12,6.87633322503458e-11,5.568986315993266e-10
"(28, 268.7267407012788)",92.99999999223722,4.429368614605142e-10,5.978747753891075e-12,1.714118444724324e-10,1.4352375529058075e-9
"(29, 268.7267407012788)",92.9999999959839,9.508265600860058e-10,1.4414654264118482e-11,4.220132304172847e-10,3.4515898283150653e-9
"(30, 268.7267407012788)",92.99999998820884,1.880355019108025e-9,3.283392171229072e-11,9.909863622504708e-10,7.832366403934365e-9
"(31, 268.7267407012788)",92.99999997610966,5.2633360951376e-9,7.104434417623929e-11,2.2063844658522507e-9,1.688513058988841e-8
"(32, 268.7267407012788)",92.99999995612684,1.0869906862783777e-8,1.4672165909471078e-10,4.701103265310193e-9,3.472692997349557e-8
"(33, 268.7267407012788)",92.99999993868967,1.702625714902098e-8,2.9042708228022243e-10,9.58801647354235e-9,6.845750675900396e-8
"(34, 268.7267407012788)",92.99999988315858,4.2789521491411046e-8,5.530512585083142e-10,1.880577839816271e-8,1.2981388374151697e-7
"(35, 268.7267407012788)",92.99999972722962,7.530697946770256e-8,1.016491227186911e-9,3.558117667186485e-8,2.375771977615168e-7
"(36, 268.7267407012788)",92.99999952383106,1.3398329901821056e-7,1.8085023310195021e-9,6.511006301185405e-8,4.2088287395368195e-7
"(37, 268.7267407012788)",92.99999930146579,1.9692357705996016e-7,3.122789726112912e-9,1.155473466097909e-7,7.23629758383971e-7
"(38, 268.7267407012788)",92.99999861974781,3.8861447844025964e-7,5.245505938685006e-9,1.9933745290145098e-7,1.2102702613305727e-6
"(39, 268.7267407012788)",92.999998190492,5.102234302470639e-7,8.589393091812036e-9,3.349929852113954e-7,1.9732066249533334e-6
"(40, 268.7267407012788)",92.99999669277776,9.355214190936658e-7,1.3736852684169874e-8,5.4947972011252e-7,3.1419799291980635e-6
"(41, 268.7267407012788)",92.99999438600402,1.592329812008057e-6,2.1493217436458802e-8,8.81225561758931e-7,4.894576707124538e-6
"(42, 268.7267407012788)",92.9999914134102,2.4412173414328712e-6,3.295147443529277e-8,1.3839676889673518e-6,7.470974637330386e-6
"(43, 268.7267407012788)",92.99998710358024,3.6723753096496996e-6,4.956960573252621e-8,2.1315129885777683e-6,1.1189165597771426e-5
"(44, 268.7267407012788)",92.9999809635996,5.4276014795787474e-6,7.326159308603846e-8,3.2235461987193535e-6,1.6463802929875106e-5
"(45, 268.7267407012788)",92.99997237485755,7.89029828967925e-6,1.0650299666617745e-7,4.792689445426121e-6,2.3827513723594908e-5
"(46, 268.7267407012788)",92.99996050853971,1.1294428259457986e-5,1.524518354390527e-7,7.012895216939153e-6,3.395498963452519e-5
"(47, 268.7267407012788)",92.9999443710134,1.593464235830918e-5,2.1508529859520348e-7,1.0109210756886152e-5,4.7689960507364214e-5
"(48, 268.7267407012788)",92.99992269610911,2.2177604873639665e-5,2.9935260919507225e-7,1.4369281772577999e-5,6.607476921683745e-5
"(49, 268.7267407012788)",92.9998939385548,3.0474521865874885e-5,4.1134413237942733e-7,2.0156483873159342e-5,9.038268412775953e-5
"(50, 268.7267407012788)",92.99985622817417,4.137486363565481e-5,5.584766004975231e-7,2.7924891006526883e-5,0.00012215270560310269
"(51, 268.7267407012788)",92.99980729305823,5.554125529350501e-5,7.496941069379233e-7,3.823618056461066e-5,0.00016322667331577346
"(52, 268.7267407012788)",92.99974443548572,7.376549383098526e-5,9.95684303162011e-7,5.1778505939159855e-5,0.00021578849161699135
"(53, 268.7267407012788)",92.99966449165028,9.698563548323981e-5,1.309109041141538e-6,6.938749614833142e-5,0.00028240510970021035
"(54, 268.7267407012788)",92.99956374170876,0.00012630408399221145,1.7048485294411629e-6,9.206930048974472e-5,0.00036606908821634716
"(55, 268.7267407012788)",92.99943777964216,0.00016300659881657566,2.2002579177529344e-6,0.00012102586564352506,0.00047024227329640336
"(56, 268.7267407012788)",92.99928167836153,0.00020858213140433594,2.8154350110706237e-6,0.0001576823069539424,0.0005989003672273351
"(57, 268.7267407012788)",92.99908957848395,0.0002647433925263717,3.573497946126385e-6,0.00020371655386587588,0.0007565779020993816
"(58, 268.7267407012788)",92.99885504497385,0.00033344804159982067,4.500871114961036e-6,0.00026109110195202725,0.0009484133230879829
"(59, 268.7267407012788)",92.99857052212855,0.0004169203946578907,5.627578295597782e-6,0.0003320868974722851,0.0011801938759449647
"(60, 268.7267407012788)",92.99822757545003,0.0005176735323345975,6.9875410002284635e-6,0.00041933941863607455,0.0014583996998718742
"(61, 268.7267407012788)",92.99781706245396,0.000638531695482339,8.618880622246563e-6,0.0005258766996150257,0.0017902469984947028
"(62, 268.7267407012788)",92.99732823178093,0.0007826528739604898,1.0564223729194665e-5,0.0006551594424040386,0.0021837299683815526
"(63, 268.7267407012788)",92.99674952714409,0.0009535514460520795,1.2871007248059985e-5,0.0008111229701494914,0.0026476608571642042
"(64, 268.7267407012788)",92.99606807783911,0.0011551208106802468,1.559178415405361e-5,0.0009982211345228266,0.0031917082029138456
"(65, 268.7267407012788)",92.9952697206386,0.0013916558263097308,1.8784526311631787e-5,0.0012214718237654962,0.003826432707576728
"(66, 268.7267407012788)",92.99433893995828,0.0016678751227472614,2.251292563590459e-5,0.0014865043045055148,0.00456332082528139
"(67, 268.7267407012788)",92.99325879779323,0.0019889430072412367,2.684668977986841e-5,0.001799608000032576,0.005414815443129794
"(68, 268.7267407012788)",92.99201085631266,0.0023604910245379907,3.186183316211793e-5,0.0021677828287809046,0.006394343749642967
"(69, 268.7267407012788)",92.9905751483549,0.00278863904213265,3.764096155675014e-5,0.002598790876994528,0.00751634203901307
"(70, 268.7267407012788)",92.98893008397546,0.0032800158203449437,4.4273549772315476e-5,0.003101209337680477,0.008796277391909704
"(71, 268.7267407012788)",92.98705247351559,0.003841778988450283,5.185621123013674e-5,0.003684484663098273,0.010250665965893425
"(72, 268.7267407012788)",92.98491733406584,0.004481634442622327,6.0492959903779086e-5,0.004358987787177068,0.011897088163138628
"(73, 268.7267407012788)",92.98249798156515,0.0052078550375218215,7.02954625156061e-5,0.005136070328244707,0.013754200199663039
"(74, 268.7267407012788)",92.97976591799753,0.006029298638571067,8.138328225287572e-5,0.006028121711373251,0.01584174247601427
"(75, 268.7267407012788)",92.97669080443488,0.006955425462445012,9.388411281821989e-5,0.007048627142694756,0.018180544498576624
"(76, 268.7267407012788)",92.9732404194221,0.007996314716321245,0.00010793400304407697,0.008212226293319877,0.02079252655555683
"(77, 268.7267407012788)",92.96938064190316,0.009162680526309868,0.00012367757183110283,0.009534772660835949,0.023700698115184604
"(78, 268.7267407012788)",92.96507539519087,0.010465887175375457,0.00014126821394351343,0.01103339362973346,0.026929153067997848
"(79, 268.7267407012788)",92.96028664805246,0.011917963641355759,0.00016086829614012297,0.012726551002129024,0.030503061901774327
"(80, 268.7267407012788)",92.95497420185973,0.013531617602047137,0.0001826493466644433,0.01463410208740764,0.0344486615329462
"(81, 268.7267407012788)",92.94909636711358,0.015320248199020085,0.00020679222602140187,0.016777361303990428,0.03879323959710307
"(82, 268.7267407012788)",92.94260925944185,0.017297959037188844,0.00023348730376429675,0.019179162102577144,0.043565120033131746
"(83, 268.7267407012788)",92.9354663379845,0.019479570726425182,0.00026293462931759856,0.02186391951744367,0.0487936464365735
"(84, 268.7267407012788)",92.92761978282921,0.0218806311982958,0.00029534406762967525,0.02485769286432706,0.054509155815253646
"(85, 268.7267407012788)",92.91901955092244,0.02451742743327521,0.0003309354597417792,0.02818824903024618,0.060742958448641415
"(86, 268.7267407012788)",92.90961357832269,0.02740699579700087,0.00036993876208691077,0.03188512604619536,0.06752731174848599
"(87, 268.7267407012788)",92.8993478352055,0.030567132073830137,0.00041259418156211085,0.03597969706683255,0.07489539257666517
"(88, 268.7267407012788)",92.88816632305023,0.03401640115099028,0.0004591523064742978,0.04050523474028147,0.08288126806403125
"(89, 268.7267407012788)",92.87601111986139,0.037774146315861436,0.0005098742318135899,0.04549697597102669,0.09151986451180762
"(90, 268.7267407012788)",92.86282239283067,0.04186049827411682,0.0005650316812017248,0.050992187155835866,0.10084693492646765
"(91, 268.7267407012788)",92.84853843661496,0.046296383875142524,0.0006249071246913853,0.05703022984008167,0.11089902501924193
"(92, 268.7267407012788)",92.83309573298901,0.051103534569654545,0.0006897938926633265,0.06365262679073967,0.12171343774032381
"(93, 268.7267407012788)",92.81642898355112,0.056304494692732736,0.0007599962878396916,0.07090312870761918,0.1333281966686121
"(94, 268.7267407012788)",92.79847116597513,0.06192262953921843,0.0008358296942349179,0.07882778135325613,0.14578200815983977
"(95, 268.7267407012788)",92.77915359159829,0.06798213327957472,0.0009176206839957546,0.08747499338607839,0.15911422222417884
"(96, 268.7267407012788)",92.75840596725756,0.07450803673064518,0.0010057071222916603,0.09689560470184905,0.17336479237165123
"(97, 268.7267407012788)",92.73615645845638,0.08152621500183584,0.001100438270593833,0.10714295552306582,0.18857423427656678
"(98, 268.7267407012788)",92.71233177171193,0.0890633949825676,0.001202174887432806,0.11827295616531956,0.2047835830874251
"(99, 268.7267407012788)",92.68685720469388,0.09714716279232691,0.001311289329551365,0.1303441575998922,0.22203435004681116
"(100, 268.7267407012788)",92.65965674575605,0.10580597100144176,0.0014281656487852555,0.1434178227625737,0.2403684772170152
"(101, 268.7267407012788)",92.63065314144637,0.11506914580258983,0.0015531996891565856,0.1575579987437415,0.2598282913815471
"(102, 268.7267407012788)",92.59976797979105,0.1249668940091935,0.0016867991812759213,0.1728315898660335,0.2804564563358304
"(103, 268.7267407012788)",92.5669217719685,0.13553030990426326,0.0018293838347918914,0.18930843172954814,0.3022959236856835
"(104, 268.7267407012788)",92.53203403485601,0.14679138191016086,0.0019813854284173923,0.20706136617206874,0.32538988207954406
"(105, 268.7267407012788)",92.49502337179625,0.1587829990637149,0.002143247897380758,0.22616631734824308,0.34978170462975683
"(106, 268.7267407012788)",92.45580755797823,0.17153895723979945,0.0023154274172296173,0.2467023687971433,0.3755148943653518
"(107, 268.7267407012788)",92.4143036127138,0.18509396516424528,0.002498392485254138,0.26875184169009714,0.4026330278648152
"(108, 268.7267407012788)",92.37042787528812,0.19948365011953115,0.0026926239975206836,0.29240037417215414,0.4311796966156274
"(109, 268.7267407012788)",92.324096085059,0.21474456328965993,0.002898615320580452,0.31773700198336924,0.461198445663008
"(110, 268.7267407012788)",92.27522343521188,0.23091418487119272,0.0031168723611035526,0.34485424025030376,0.49273271053095324
"(111, 268.7267407012788)",92.22372447264479,0.24803092969573515,0.0033479136530375807,0.3738481666033933,0.5258257575267078
"(112, 268.7267407012788)",92.16951395605928,0.2661341468051808,0.0035922702967360006,0.40481850560764504,0.5605205829522361
"(113, 268.7267407012788)",92.1125054276896,0.2852641319484466,0.0038504862270390405,0.4378687146001289,0.5968598993072367
"(114, 268.7267407012788)",92.05261248029873,0.30546212382846905,0.004123118082376055,0.473106070912789,0.6348860128906351
"(115, 268.7267407012788)",91.98974841693855,0.3267703092666504,0.004410735295208549,0.510641760651119,0.6746407593263671
"(116, 268.7267407012788)",91.9238261912769,0.34923182622932186,0.004713920140466326,0.5505909689310164,0.7161654263426137
"(117, 268.7267407012788)",91.85475843887274,0.37289076588532905,0.005033267761852511,0.5930729717540425,0.7595006689654031
"(118, 268.7267407012788)",91.78245759531677,0.3977921733487334,0.005369386169380393,0.6382112296360217,0.8046864152280957
"(119, 268.7267407012788)",91.70683562752589,0.423982051055378,0.00572289630999589,0.6861334828814937,0.851761789875077
"(120, 268.7267407012788)",91.62780425200222,0.45150735777080575,0.006094432029107757,0.7369718487821723,0.9007650068254363
"(1, 272.7930904891632)",92.99999999940911,0.0,4.4577708661266947e-293,3.971889227456797e-12,-3.971889227456797e-12
"(2, 272.7930904891632)",92.99999999940911,0.0,5.8414530837596864e-148,3.971889227456797e-12,-3.971889227456797e-12
"(3, 272.7930904891632)",92.99999999940911,0.0,1.7913760869046897e-99,3.971889227456797e-12,-3.971889227456797e-12
"(4, 272.7930904891632)",92.99999999940911,0.0,3.5668994181669503e-75,3.971889227456797e-12,-3.971889227456797e-12
"(5, 272.7930904891632)",92.99999999940911,0.0,1.462237764350949e-60,3.971889227456797e-12,-3.971889227456797e-12
"(6, 272.7930904891632)",92.99999999940911,0.0,8.491500711787878e-51,3.971889227456797e-12,-3.971889227456797e-12
"(7, 272.7930904891632)",92.99999999940911,0.0,8.299930837365058e-44,3.971889227456797e-12,-3.971889227456797e-12
"(8, 272.7930904891632)",92.99999999940911,0.0,1.4911761805030454e-38,3.971889227456797e-12,-3.971889227456797e-12
"(9, 272.7930904891632)",92.99999999940911,0.0,1.8603238804304932e-34,3.971889227456797e-12,-3.971889227456797e-12
"(10, 272.7930904891632)",92.99999999940911,0.0,3.5798134842978364e-31,3.971889227456797e-12,-3.971889227456797e-12
"(11, 272.7930904891632)",92.99999999940911,0.0,1.7663600307626318e-28,3.971889227456797e-12,-3.9718892274567485e-12
"(12, 272.7930904891632)",92.99999999940911,0.0,3.1369841964199404e-26,3.971889227456797e-12,-3.971889227448239e-12
"(13, 272.7930904891632)",92.99999999940911,0.0,2.536241052556765e-24,3.971889227456797e-12,-3.9718892267649275e-12
"(14, 272.7930904891632)",92.99999999940911,0.0,1.1041995954777233e-22,3.971889227456797e-12,-3.971889197334995e-12
"(15, 272.7930904891632)",92.99999999940911,0.0,2.9282507286525992e-21,3.971889227456797e-12,-3.971888428650231e-12
"(16, 272.7930904891632)",92.99999999940911,0.0,5.1885511964823833e-20,3.971889227456797e-12,-3.971875073447637e-12
"(17, 272.7930904891632)",92.99999999940911,0.0,6.593332576597782e-19,3.971889227456797e-12,-3.971709365899778e-12
"(18, 272.7930904891632)",92.99999999940911,0.0,6.349135426733464e-18,3.971889227456797e-12,-3.970157227181804e-12
"(19, 272.7930904891632)",92.9999999938396,1.927593209955014e-15,4.8392811694754634e-17,5.9578338411851955e-12,-5.944632616525523e-12
"(20, 272.7930904891632)",92.99999999940911,0.0,3.023011206782711e-16,3.971889227456797e-12,-3.8894235704886335e-12
"(21, 272.7930904891632)",92.99999999940911,0.0,1.592037634505105e-15,3.971889227456797e-12,-3.5375923609650927e-12
"(22, 272.7930904891632)",92.99999999940431,3.1357823843159925e-13,7.233718220990529e-15,6.08195537954322e-12,-4.1086470303114416e-12
"(23, 272.7930904891632)",92.99999999492833,1.7943768316706919e-12,2.8904442718074255e-14,8.564386146703719e-12,-6.794538887732529e-13
"(24, 272.7930904891632)",92.99999999491372,5.03444770732733e-12,1.0320107324550405e-13,6.454319994617295e-12,2.169821971782225e-11
"(25, 272.7930904891632)",92.9999999948663,2.520046484842859e-11,3.3368683935395304e-13,1.0302087683716067e-11,8.072537647920971e-11
"(26, 272.7930904891632)",92.99999999923119,4.495360531122572e-11,9.882260678881944e-13,2.9665047667567954e-11,2.3991619549360617e-10
"(27, 272.7930904891632)",92.99999999877659,1.7248862607263722e-10,2.7066753317248084e-12,7.906541993406186e-11,6.592969087579297e-10
"(28, 272.7930904891632)",92.99999999223722,4.429368614605142e-10,6.913238524617246e-12,1.9760148906597564e-10,1.6882822133531059e-9
"(29, 272.7930904891632)",92.9999999959839,9.508265600860058e-10,1.6584434180385454e-11,4.849428503648033e-10,4.039176203716658e-9
"(30, 272.7930904891632)",92.99999998820884,1.880355019108025e-9,3.760012583941308e-11,1.1339743744389154e-9,9.12308015607602e-9
"(31, 272.7930904891632)",92.99999997233581,6.0010703285393494e-9,8.100225755575817e-11,2.5150747317486584e-9,1.9581781443485784e-8
"(32, 272.7930904891632)",92.99999995612684,1.0869906862783777e-8,1.666025329297094e-10,5.337226149395071e-9,4.011079369182294e-8
"(33, 272.7930904891632)",92.99999993868967,1.702625714902098e-8,3.2851267843759213e-10,1.084487117095571e-8,7.877111764490774e-8
"(34, 272.7930904891632)",92.99999983498229,4.6178309888611076e-8,6.233133658402117e-10,2.119462152540126e-8,1.4884095788535248e-7
"(35, 272.7930904891632)",92.99999972722962,7.530697946770256e-8,1.1417227600777915e-9,3.9964280555901784e-8,2.714897996475364e-7
"(36, 272.7930904891632)",92.99999952383106,1.3398329901821056e-7,2.024764504224846e-9,7.289558650536116e-8,4.794461801148929e-7
"(37, 272.7930904891632)",92.99999930146579,1.9692357705996016e-7,3.485558492118713e-9,1.2896972564628935e-7,8.21866547499522e-7
"(38, 272.7930904891632)",92.99999861974781,3.8861447844025964e-7,5.837958309192597e-9,2.2185061752882954e-7,1.3707040717827085e-6
"(39, 272.7930904891632)",92.99999750454053,7.062786847904426e-7,9.533327340034157e-9,3.718043304499266e-7,2.228821497282825e-6
"(40, 272.7930904891632)",92.99999602046901,1.1265976517464357e-6,1.520677946919149e-8,6.082746033742561e-7,3.540029764413647e-6
"(41, 272.7930904891632)",92.999993805663,1.7583537097526733e-6,2.3734202740580458e-8,9.731075235007658e-7,5.501418992398544e-6
"(42, 272.7930904891632)",92.99999054055586,2.689392411182449e-6,3.630133367458944e-8,1.5246670241100129e-6,8.378085977859572e-6
"(43, 272.7930904891632)",92.9999858239015,4.03661210627427e-6,5.4486062493084106e-8,2.342917165073771e-6,1.2520504211000323e-5
"(44, 272.7930904891632)",92.99997912602925,5.953119656590726e-6,8.035502076281732e-8,3.5356501792852224e-6,1.8384644270924586e-5
"(45, 272.7930904891632)",92.99996975792753,8.636510234992844e-6,1.165753419590274e-7,5.245943694683505e-6,2.6555004113150598e-5
"(46, 272.7930904891632)",92.99995686757424,1.2338323175985442e-5,1.665422958460795e-7,7.66104262329554e-6,3.7770544957717006e-5
"(47, 272.7930904891632)",92.99993935406901,1.7374710236201336e-5,2.3452328901742906e-7,1.1022770475873501e-5,5.2953562326874206e-5
"(48, 272.7930904891632)",92.99991587307244,2.4138335969168713e-5,3.2581849515408936e-7,1.5639602788052434e-5,7.324143144356005e-5
"(49, 272.7930904891632)",92.99988476309348,3.3111512689970924e-5,4.4693815110397903e-7,2.190052218706948e-5,0.00010002111731009757
"(50, 272.7930904891632)",92.99984405240932,4.488055524330997e-5,6.057963146504288e-7,3.029075849228613e-5,0.0001349662903881499
"(51, 272.7930904891632)",92.99979129212356,6.015132401866824e-5,8.119206693703799e-7,4.140952841369341e-5,0.0001800768202158826
"(52, 272.7930904891632)",92.99972365205257,7.976590851547493e-5,1.076677710726634e-6,5.598983666092619e-5,0.00023772040350898953
"(53, 272.7930904891632)",92.99963774187187,0.00010472038925082247,1.4135125027564363e-6,7.492035050257565e-5,0.0003106760935694244
"(54, 272.7930904891632)",92.99952960558474,0.00013618360221689943,1.8382019568041605e-6,9.926954165364301e-5,0.0004021792510861912
"(55, 272.7930904891632)",92.999394670121,0.0001755168186995294,2.369120465310776e-6,0.00013031198092695458,0.0005159677125462964
"(56, 272.7930904891632)",92.99922758561478,0.00022429424390960385,3.027516608604038e-6,0.00016955683678661172,0.0006563287753817542
"(57, 272.7930904891632)",92.99902230485652,0.00028432422890535607,3.837799446931821e-6,0.00021877863254107457,0.0008281465392650582
"(58, 272.7930904891632)",92.99877190252025,0.0003576710867168591,4.82783301321237e-6,0.00028005022456705284,0.0010369492634727587
"(59, 272.7930904891632)",92.99846854424935,0.0004466773976119667,6.029237381784854e-6,0.00035577786962300907,0.0012889564290468718
"(60, 272.7930904891632)",92.99810341504944,0.0005539866880638509,7.477694787157707e-6,0.0004487385226267058,0.0015911249480967504
"(61, 272.7930904891632)",92.99766653119464,0.0006825663693039713,9.213259314158537e-6,0.0005621191384991114,0.0019511943432882642
"(62, 272.7930904891632)",92.99714705431938,0.0008357308124656545,1.1280668157847959e-5,0.0006995580081120762,0.0023777303214499636
"(63, 272.7930904891632)",92.99653289207433,0.0010171644734354658,1.3729653879316649e-5,0.0008651880054594567,0.002880166707625861
"(64, 272.7930904891632)",92.99580999468509,0.001230944918062109,1.6615255818053616e-5,0.0010636816543258699,0.0034688453295490256
"(65, 272.7930904891632)",92.99496451012011,0.0014815656745839948,1.9998126602990706e-5,0.001300298030837122,0.004155052729186264
"(66, 272.7930904891632)",92.99397941528564,0.001773958898044644,2.3944841076215666e-5,0.0015809311905954934,0.004951056007857239
"(67, 272.7930904891632)",92.99283729327345,0.0021135175369640324,2.852819284124029e-5,0.0019121602518445862,0.005870133639388174
"(68, 272.7930904891632)",92.99151894099509,0.0025061171882924506,3.3827490512788244e-5,0.0023013008987086947,0.006926604781767659
"(69, 272.7930904891632)",92.99000355794598,0.002958137404970285,3.992884509531323e-5,0.002756458184108803,0.00813585486910476
"(70, 272.7930904891632)",92.98826867267881,0.0034764824563063416,4.692545021665346e-5,0.0032865806648750525,0.009514357922321215
"(71, 272.7930904891632)",92.98629020097974,0.0040686014521616135,5.491785367919268e-5,0.003901515603187348,0.011079695424991287
"(72, 272.7930904891632)",92.98404214151104,0.004742507894367392,6.401422154607123e-5,0.004612065276048934,0.012850572054761814
"(73, 272.7930904891632)",92.98149692170306,0.005506798396640104,7.433059053299725e-5,0.0054300442262218435,0.014846827283159012
"(74, 272.7930904891632)",92.97862488437659,0.006370670919896095,8.599111451991719e-5,0.006368337325041322,0.017089444559454443
"(75, 272.7930904891632)",92.97539455087205,0.007343942092435198,9.912829813119755e-5,0.007440958769617201,0.01960055603252332
"(76, 272.7930904891632)",92.97177283931701,0.008437063752669812,0.00011388321957958701,0.008663111597870322,0.0224034438261012
"(77, 272.7930904891632)",92.96772417899264,0.009661139243367015,0.0001304057518499204,0.010051248040520502,0.025522540024182187
"(78, 272.7930904891632)",92.96321140647426,0.011027938278992445,0.00014885476195866687,0.011623130278207189,0.02898342027052627
"(79, 272.7930904891632)",92.95819499875978,0.012549911833425,0.00016939831335935923,0.013397891877430818,0.032812797547520485
"(80, 272.7930904891632)",92.95263438577872,0.01424020517574588,0.0001922138389131464,0.015396099601837703,0.037038507550065686
"(81, 272.7930904891632)",92.94648555495883,0.01611267263395132,0.00021748834539686294,0.017639815721852897,0.04168950216433192
"(82, 272.7930904891632)",92.93970338494773,0.018181888654699708,0.00024541855780421315,0.020152660701518405,0.04679582614528624
"(83, 272.7930904891632)",92.93224050880613,0.020463160567287017,0.000276211093867973,0.02295987627966554,0.052388601643971175
"(84, 272.7930904891632)",92.92404749997783,0.022972539924213893,0.0003100826170260423,0.026088388947159098,0.058500006458342586
"(85, 272.7930904891632)",92.91507292138621,0.02572683344251935,0.00034725998378790524,0.029566873736307186,0.0651632504444122
"(86, 272.7930904891632)",92.90526332148313,0.028743613512137417,0.00038798038571408384,0.03342581839430312,0.0724125500738194
"(87, 272.7930904891632)",92.89456325243769,0.03204122827424476,0.0004324914854794245,0.03769758793449327,0.08028310099968798
"(88, 272.7930904891632)",92.88291530997449,0.03563881130219395,0.0004810515473623075,0.04241648952910326,0.08881104876045467
"(89, 272.7930904891632)",92.87026014425156,0.03955629097182195,0.0005339295639449935,0.04761883776613674,0.09803345808594933
"(90, 272.7930904891632)",92.85653649755923,0.043814399514255906,0.0005914053783180012,0.05334302042212332,0.10798828046115697
"(91, 272.7930904891632)",92.84168126078468,0.04843468178259322,0.0006537698021885073,0.05962956452295255,0.11871432028453924
"(92, 272.7930904891632)",92.82562950492719,0.0534395038206219,0.0007213247317543247,0.06652120297653584,0.13025119984499306
"(93, 272.7930904891632)",92.80831454634944,0.0588520611907945,0.0007943832598802978,0.0740629416751443,0.14263932282045821
"(94, 272.7930904891632)",92.78966798631905,0.06469638716921292,0.0008732697870185797,0.08230212711756753,0.15591983691404418
"(95, 272.7930904891632)",92.7696197844799,0.07099736073958625,0.0009583201289040601,0.09128851461749853,0.17013459502421333
"(96, 272.7930904891632)",92.74809832146832,0.07778071446914868,0.0010498816229150402,0.10107433713128497,0.18532611543148714
"(97, 272.7930904891632)",92.72503046935903,0.08507304224780629,0.0011483132325360074,0.11171437475444741,0.2015375407986512
"(98, 272.7930904891632)",92.70034166757624,0.09290180689807988,0.0012539856500169838,0.1232660248954046,0.2188125960017906
"(99, 272.7930904891632)",92.67395599165454,0.10129534768816498,0.0013672813980231597,0.1357893732407217,0.23719554489435965
"(100, 272.7930904891632)",92.64579624633436,0.11028288765979628,0.0014885949281865755,0.1493472654684394,0.25673114547807047
"(101, 272.7930904891632)",92.61578403885485,0.11989454087200978,0.0016183327191238992,0.16400537986686903,0.27746460402267037
"(102, 272.7930904891632)",92.58383986501468,0.1301613194623767,0.0017569133716868416,0.17983230073833295,0.29944152764585646
"(103, 272.7930904891632)",92.54988319233524,0.14111514054507368,0.0019047677021262418,0.19689959287519046,0.3227078752517689
"(104, 272.7930904891632)",92.51383255126115,0.15278883288097564,0.002062338831856908,0.2152818768513424,0.3473099067267143
"(105, 272.7930904891632)",92.47560560540354,0.16521614340127522,0.0022300822760497126,0.23505690547538918,0.3732941306533192
"(106, 272.7930904891632)",92.4351192469626,0.17843174337512627,0.002408466026343994,0.25630564120089,0.40070724946364245
"(107, 272.7930904891632)",92.39228966918078,0.19247123437249158,0.002597970631605126,0.2791123346734512,0.42959610292219436
"(108, 272.7930904891632)",92.34703244264801,0.20737115388525784,0.002799089273782076,0.3035646044508874,0.46000760909919247
"(109, 272.7930904891632)",92.29926258936393,0.22316898058873758,0.0030123278387658237,0.3297535178093218,0.491988702894149
"(110, 272.7930904891632)",92.24889464343434,0.23990313927091805,0.0032382049831716666,0.3577736729241809,0.5255862720726268
"(111, 272.7930904891632)",92.1958427132554,0.25761300531844183,0.0034772521947226817,0.38772328215574664,0.5608470904528792
"(112, 272.7930904891632)",92.14002053227631,0.27633890879956763,0.003730013847379447,0.4197042567529216,0.5978177482410917
"(113, 272.7930904891632)",92.0813415002945,0.2961221381144193,0.003997047250714063,0.4538222928828599,0.6365445794706426
"(114, 272.7930904891632)",92.01971871916774,0.31700494316603456,0.00427892269256861,0.4901869590394647,0.6770735862305381
"(115, 272.7930904891632)",91.95506501509199,0.33903053809580086,0.004576223476019082,0.5289117849490396,0.7194503598432668
"(116, 272.7930904891632)",91.88729294985694,0.36224310356625883,0.004889545950264061,0.5701143520072273,0.7637199988540784
"(117, 272.7930904891632)",91.81631475133597,0.3866877892005903,0.00521949955055386,0.6139163852165781,0.8099270279858077
"(118, 272.7930904891632)",91.74204265518289,0.4124107119389669,0.005566706740738231,0.6604438468913603,0.8581152887614789
"(119, 272.7930904891632)",91.66438817289142,0.4394589631814685,0.005931803180162463,0.7098270320299437,0.9083278896600212
"(120, 272.7930904891632)",91.58326275976596,0.46788060336565124,0.006315437580083352,0.7622006655501233,0.9606070697122164
"(1, 277.46719767745515)",92.99999999940911,0.0,4.775916367148064e-291,3.971889227456797e-12,-3.971889227456797e-12
"(2, 277.46719767745515)",92.99999999940911,0.0,6.046309474883066e-147,3.971889227456797e-12,-3.971889227456797e-12
"(3, 277.46719767745515)",92.99999999940911,0.0,8.508109951399146e-99,3.971889227456797e-12,-3.971889227456797e-12
"(4, 277.46719767745515)",92.99999999940911,0.0,1.147560569762662e-74,3.971889227456797e-12,-3.971889227456797e-12
"(5, 277.46719767745515)",92.99999999940911,0.0,3.7239672432231105e-60,3.971889227456797e-12,-3.971889227456797e-12
"(6, 277.46719767745515)",92.99999999940911,0.0,1.85057958568211e-50,3.971889227456797e-12,-3.971889227456797e-12
"(7, 277.46719767745515)",92.99999999940911,0.0,1.6183260568052524e-43,3.971889227456797e-12,-3.971889227456797e-12
"(8, 277.46719767745515)",92.99999999940911,0.0,2.6746792978707486e-38,3.971889227456797e-12,-3.971889227456797e-12
"(9, 277.46719767745515)",92.99999999940911,0.0,3.127071542985723e-34,3.971889227456797e-12,-3.971889227456797e-12
"(10, 277.46719767745515)",92.99999999940911,0.0,5.712876610727309e-31,3.971889227456797e-12,-3.971889227456797e-12
"(11, 277.46719767745515)",92.99999999940911,0.0,2.701591731802793e-28,3.971889227456797e-12,-3.971889227456722e-12
"(12, 277.46719767745515)",92.99999999940911,0.0,4.6309970524667886e-26,3.971889227456797e-12,-3.9718892274439474e-12
"(13, 277.46719767745515)",92.99999999940911,0.0,3.6336263138961005e-24,3.971889227456797e-12,-3.971889226448585e-12
"(14, 277.46719767745515)",92.99999999940911,0.0,1.5418558826033648e-22,3.971889227456797e-12,-3.971889184675353e-12
"(15, 277.46719767745515)",92.99999999940911,0.0,3.998877020374765e-21,3.971889227456797e-12,-3.971888117899597e-12
"(16, 277.46719767745515)",92.99999999940911,0.0,6.948927430492047e-20,3.971889227456797e-12,-3.971869946462587e-12
"(17, 277.46719767745515)",92.99999999940911,0.0,8.679877585156592e-19,3.971889227456797e-12,-3.971648389325823e-12
"(18, 277.46719767745515)",92.99999999940911,0.0,8.2316970602063e-18,3.971889227456797e-12,-3.969605201541372e-12
"(19, 277.46719767745515)",92.9999999938396,1.9872439277653365e-15,6.188994698140869e-17,5.9578338411851955e-12,-5.940661411031857e-12
"(20, 277.46719767745515)",92.99999999940911,0.0,3.818888949407825e-16,3.971889227456797e-12,-3.865927585953438e-12
"(21, 277.46719767745515)",92.99999999940911,0.0,1.988920295861915e-15,3.971889227456797e-12,-3.4200290865601764e-12
"(22, 277.46719767745515)",92.99999999940431,3.1357823843159925e-13,8.946059824229273e-15,6.206076917901245e-12,-3.723838768217482e-12
"(23, 277.46719767745515)",92.99999999492833,2.6071950402088432e-12,3.541791941059598e-14,8.812629223419768e-12,1.0146816230042406e-12
"(24, 277.46719767745515)",92.99999999491372,5.03444770732733e-12,1.2539066548911116e-13,6.950806148049394e-12,2.7840990420125463e-11
"(25, 277.46719767745515)",92.99999999930762,2.980357838931459e-11,4.0228775819386314e-13,1.2039789220728415e-11,9.958186770526848e-11
"(26, 277.46719767745515)",92.99999999923119,8.854675335508884e-11,1.1828537238422473e-12,3.475403074024697e-11,2.934490772766038e-10
"(27, 277.46719767745515)",92.99999999877659,1.7248862607263722e-10,3.2182459525961767e-12,9.284291069180263e-11,8.001147752118706e-10
"(28, 277.46719767745515)",92.99999999223722,4.429368614605142e-10,8.169199237635357e-12,2.3272788442129668e-10,2.0339569353141892e-9
"(29, 277.46719767745515)",92.9999999959839,1.2499555111451748e-9,1.948492180491758e-11,5.689731318331861e-10,4.837453518341636e-9
"(30, 277.46719767745515)",92.99999998820884,1.880355019108025e-9,4.3939390842642637e-11,1.3241285712034098e-9,1.0867611073559078e-8
"(31, 277.46719767745515)",92.99999997233581,6.0010703285393494e-9,9.418443056704237e-11,2.9236828360232765e-9,2.320940717826082e-8
"(32, 277.46719767745515)",92.99999995612684,1.0869906862783777e-8,1.9280454885650219e-10,6.175667141003529e-9,4.7321270729676126e-8
"(33, 277.46719767745515)",92.99999993868967,1.702625714902098e-8,3.784996784300755e-10,1.2494446415733861e-8,9.252679868007712e-8
"(34, 277.46719767745515)",92.99999983498229,5.53932452804881e-8,7.151721608661355e-10,2.431789179510424e-8,1.7411892353735252e-7
"(35, 277.46719767745515)",92.99999965126945,9.666974791214764e-8,1.304845200028401e-9,4.5673623077294216e-8,3.163781179774646e-7
"(36, 277.46719767745515)",92.99999952383106,1.3398329901821056e-7,2.3054822812857427e-9,8.300131391539483e-8,5.566943939679865e-7
"(37, 277.46719767745515)",92.99999930146579,1.9692357705996016e-7,3.9549015231204506e-9,1.4633544595642227e-7,9.510199967541081e-7
"(38, 277.46719767745515)",92.99999861974781,4.630819940785643e-7,6.6020761057050105e-9,2.5088711372615245e-7,1.580972442177103e-6
"(39, 277.46719767745515)",92.99999750454053,7.062786847904426e-7,1.0747175393029465e-8,4.1914440930121565e-7,2.5628442299507725e-6
"(40, 277.46719767745515)",92.99999552782702,1.2662442209162819e-6,1.7091724442849802e-8,6.836722318498383e-7,4.05872065278296e-6
"(41, 277.46719767745515)",92.99999305834626,1.9706847426801954e-6,2.6600240302530536e-8,1.09061474920123e-6,6.290079385088819e-6
"(42, 277.46719767745515)",92.99998942072028,3.0059816236263106e-6,4.0574644884989906e-8,1.7041393212834155e-6,9.553993691712624e-6
"(43, 277.46719767745515)",92.9999841961591,4.500131933323869e-6,6.074263845294726e-8,2.6119465034540242e-6,1.4242143167620078e-5
"(44, 277.46719767745515)",92.99997678146919,6.620336052541751e-6,8.936108662343783e-8,3.9319101764378305e-6,2.0862860110379788e-5
"(45, 277.46719767745515)",92.99996645281475,9.581833547405775e-6,1.2933528605503538e-7,5.820129682884652e-6,3.0066169699618056e-5
"(46, 277.46719767745515)",92.99995224692807,1.3657964687963614e-5,1.8435477538870174e-7,8.48040241081222e-6,4.267200049474753e-5
"(47, 277.46719767745515)",92.99993301230369,1.9191490089618176e-5,2.590461260118887e-7,1.2175319142041542e-5,5.9701483511678134e-5
"(48, 277.46719767745515)",92.99990726402582,2.6607183257978817e-5,3.5914291793896897e-7,1.723913607633232e-5,8.241124292989764e-5
"(49, 277.46719767745515)",92.9998732311709,3.642569277207192e-5,4.916728490119695e-7,2.4092441280598412e-5,0.00011233064630884328
"(50, 277.46719767745515)",92.99982877152344,4.927865286928075e-5,6.651616972496689e-7,3.325889496078618e-5,0.00015130165717745927
"(51, 277.46719767745515)",92.99977127484213,6.592500389936305e-5,8.898536167597817e-7,4.538389026631584e-5,0.00020152129911916894
"(52, 277.46719767745515)",92.9996976652219,8.726846772279541e-5,1.177947017542403e-6,6.125546727280866e-5,0.000265586190697198
"(53, 277.46719767745515)",92.99960436359594,0.00011437610821274515,1.5438450897003348e-6,8.182737538452155e-5,0.00034653899530272974
"(54, 277.46719767745515)",92.9994870821413,0.00014849789408068548,2.00441987872059e-6,0.0001082443575123183,0.00044791640920526833
"(55, 277.46719767745515)",92.99934098225586,0.0001910871688214597,2.579288558711598e-6,0.0001418697272729404,0.000573798241114289
"(56, 277.46719767745515)",92.99916036092301,0.00024382192528667575,3.291100632809844e-6,0.000184315218108916,0.0007288572517513307
"(57, 277.46719767745515)",92.99893873911576,0.00030862677228882013,4.165834416609686e-6,0.00023747308310432397,0.0009184093184606618
"(58, 277.46719767745515)",92.9986688522979,0.00038769547728836445,5.233101287293399e-6,0.0003035504504612744,0.001148463498886308
"(59, 277.46719767745515)",92.99834230822493,0.0004835139684806871,6.526456250000275e-6,0.00038510586351546427,0.0014257716629366246
"(60, 277.46719767745515)",92.99794973357204,0.0005988836711598313,8.083712877204235e-6,0.0004850879867966992,0.0017578771720703178
"(61, 277.46719767745515)",92.9974808559519,0.0007369450589675985,9.947261088856811e-6,0.0006068764070127391,0.0021531622518783516
"(62, 277.46719767745515)",92.99692387526945,0.0009012013152929289,1.2164386839468257e-5,0.0007543244182400565,0.002620893909571716
"(63, 277.46719767745515)",92.99626597254482,0.0010955419776495637,1.478759095180458e-5,0.0009318037672419289,0.0031712676545557796
"(64, 277.46719767745515)",92.99549296571762,0.0013242664212031188,1.7874906253050033e-5,0.0011442511909774218,0.0038154489558035907
"(65, 277.46719767745515)",92.99458895101048,0.0015921072240346512,2.1490213302999334e-5,0.0013972167186221641,0.004565612544051828
"(66, 277.46719767745515)",92.99353781569131,0.0019042530514883594,2.5703547442602705e-5,0.0016969136296186844,0.005434977649649808
"(67, 277.46719767745515)",92.99232009099478,0.0022663713674351874,3.059140901544549e-5,0.002050269877974484,0.006437842654546013
"(68, 277.46719767745515)",92.9909159255013,0.0026846304211544303,3.6237056480718376e-5,0.0024649809973300582,0.007589613516454534
"(69, 277.46719767745515)",92.98930351985872,0.003165720862412258,4.2730800044735375e-5,0.0029495642786450554,0.008906831064283345
"(70, 277.46719767745515)",92.98745940158399,0.003716876688441044,5.0170283936632455e-5,0.0035134142125587847,0.010407193878020866
"(71, 277.46719767745515)",92.98535830655392,0.004345895559190927,5.866076076283045e-5,0.004166858925219522,0.012109577977270658
"(72, 277.46719767745515)",92.98297320143115,0.0050611584146036444,6.831535614242256e-5,0.004921217818092737,0.014034052609082574
"(73, 277.46719767745515)",92.98027517209438,0.005871648391754372,7.925532420954963e-5,0.005788859877653254,0.016201892831788647
"(74, 277.46719767745515)",92.97723342924687,0.006786968995791129,9.161029276145478e-5,0.006783263030801393,0.01863558818013072
"(75, 277.46719767745515)",92.9738151134088,0.007817361593152454,0.00010551849965154989,0.007919074093083553,0.02135884830836152
"(76, 277.46719767745515)",92.96998594313544,0.008973721813705695,0.00012112701310721985,0.009212169458539012,0.024396603431361658
"(77, 277.46719767745515)",92.96570882748294,0.0102676160727364,0.00013859195689722663,0.010679716376269214,0.027775005524638907
"(78, 277.46719767745515)",92.96094521680506,0.011711296217137063,0.00015807870578580136,0.012340234711701691,0.03152142079516353
"(79, 277.46719767745515)",92.95565401516198,0.013317714583612198,0.00017976209088299832,0.01421365929507295,0.035664424310872606
"(80, 277.46719767745515)",92.94979348791699,0.015100536555033772,0.00020382656465632424,0.016321402574009165,0.04023378313340375
"(81, 277.46719767745515)",92.94331775337562,0.017074156169543303,0.00023046641973545364,0.01868641779833999,0.04526045384441247
"(82, 277.46719767745515)",92.93618024008268,0.019253706283056882,0.0002598859182076239,0.021333262476242097,0.05077655496465961
"(83, 277.46719767745515)",92.92833198197764,0.021655071754807582,0.000292299473364084,0.02428816221689712,0.056815353540031206
"(84, 277.46719767745515)",92.91972195189506,0.024294900669791862,0.00032793180052922017,0.02757907493235742,0.0634112427898075
"(85, 277.46719767745515)",92.91029707461249,0.027190615298500993,0.00036701806500743275,0.03123575532563602,0.0705997186689784
"(86, 277.46719767745515)",92.90000226495135,0.030360422586342792,0.00040980402344329315,0.03528981972857112,0.07841735425318555
"(87, 277.46719767745515)",92.88878041256476,0.03382332427985497,0.0004565461609330465,0.039774811242919476,0.08690177264157338
"(88, 277.46719767745515)",92.87657244858595,0.037599126623737794,0.0005075118214983894,0.044726265314261604,0.09609161758507734
"(89, 277.46719767745515)",92.86331736105763,0.04170844977670789,0.0005629793353971405,0.05018177556010789,0.10602652298285281
"(90, 277.46719767745515)",92.84895224083684,0.046172736917207614,0.0006232381419655375,0.056181060060109186,0.11674708067677247
"(91, 277.46719767745515)",92.83341232553693,0.05101426310309561,0.0006885889092323948,0.06276602807969983,0.1282948069167883
"(92, 277.46719767745515)",92.81663104889519,0.056256143911385406,0.0007593436505800378,0.06998084712638639,0.14071210767422537
"(93, 277.46719767745515)",92.79854011133855,0.06192234385785231,0.0008358258381169017,0.07787201066983832,0.1540422423788687
"(94, 277.46719767745515)",92.77906951290869,0.06803768471666483,0.0009183705155359398,0.08648840625705763,0.16832928711829936
"(95, 277.46719767745515)",92.75814764859568,0.07462785359412495,0.0010073244065250367,0.09588138420372058,0.18361809602688697
"(96, 277.46719767745515)",92.73570136191688,0.08171941094153998,0.0011030460232765691,0.10610482695031444,0.19995426203749614
"(97, 277.46719767745515)",92.71165603446136,0.08933979837533487,0.0012059057716827498,0.11721521905340405,0.21738407607847754
"(98, 277.46719767745515)",92.6859356413577,0.09751734645475503,0.0013162860569134148,0.12927171782059285,0.2359544857330796
"(99, 277.46719767745515)",92.65846285552806,0.10628128222140129,0.0014345813845934334,0.1423362247706437,0.2557130518527398
"(100, 277.46719767745515)",92.62915912051203,0.11566173667662555,0.0015611984620242472,0.15647345781362884,0.2767079044625919
"(101, 277.46719767745515)",92.5979447368491,0.12568975207934482,0.0016965562966917,0.17175102429695185,0.2989876970481353
"(102, 277.46719767745515)",92.56473895539014,0.1363972890482654,0.001841086291900784,0.18823949491115913,0.32260155918492855
"(103, 277.46719767745515)",92.52946005624337,0.14781723351590115,0.001995232340933596,0.2060124785537218,0.3475990478005519
"(104, 277.46719767745515)",92.49202543689391,0.1599834034320537,0.0021594509175129136,0.225146698075818,0.3740300965284995
"(105, 277.46719767745515)",92.45235170386186,0.17293055518912542,0.002334211162270778,0.2457220671229984,0.4019449628597098
"(106, 277.46719767745515)",92.4103547494142,0.18669438981436404,0.00251999496658846,0.26782176792811213,0.43139417361248
"(107, 277.46719767745515)",92.36594983719029,0.20131155879160745,0.0027172970509002376,0.29153233028202186,0.4624284676884802
"(108, 277.46719767745515)",92.31905166870017,0.21681966960529694,0.002926625039974229,0.3169437115115655,0.4950987369827541
"(109, 277.46719767745515)",92.26957407409796,0.23325729302159445,0.0031484995860682685,0.34414937775595283,0.5294559792790372
"(110, 277.46719767745515)",92.217431861032,0.2506639576711788,0.003383454180306597,0.3732463862660484,0.5655511636136941
"(111, 277.46719767745515)",92.16253774791524,0.26908017193737904,0.0036320356469126923,0.4043354691371331,0.6034352836763546
"(112, 277.46719767745515)",92.10480477891701,0.28854741458999744,0.0038948038722743943,0.43752111186219916,0.6431592040810781
"(113, 277.46719767745515)",92.04414593653348,0.3091081402688173,0.004172331896925088,0.4729116711082711,0.6847735681117937
"(114, 277.46719767745515)",91.9804738020563,0.3308057845711655,0.004465206013175966,0.5106193993329339,0.7283288001955232
"(115, 277.46719767745515)",91.91370072309893,0.35368476554336625,0.0047740257746330915,0.5507605968421542,0.7738749564852316
"(116, 277.46719767745515)",91.84373882743445,0.37779048554355815,0.005099404020273018,0.5934556708204984,0.8214616725098045
"(117, 277.46719767745515)",91.7704998226951,0.4031693343822384,0.00544196693733859,0.6388292337200416,0.8711380822366602
"(118, 277.46719767745515)",91.6938958939311,0.4298686820298273,0.005802353868635202,0.6870101970526837,0.9229526708104665
"(119, 277.46719767745515)",91.6138378588453,0.4579368957537745,0.00618121772936572,0.7381318667463976,0.9769532948549111
"(120, 277.46719767745515)",91.53023692922874,0.4874233238938035,0.006579224603423825,0.7923320404823323,1.0331869731202423
"(1, 282.64465043529765)",92.99999999940911,0.0,8.464394258026484e-289,3.971889227456797e-12,-3.971889227456797e-12
"(2, 282.64465043529765)",92.99999999940911,0.0,8.049334080586405e-146,3.971889227456797e-12,-3.971889227456797e-12
"(3, 282.64465043529765)",92.99999999940911,0.0,4.779100342461525e-98,3.971889227456797e-12,-3.971889227456797e-12
"(4, 282.64465043529765)",92.99999999940911,0.0,4.18707190109103e-74,3.971889227456797e-12,-3.971889227456797e-12
"(5, 282.64465043529765)",92.99999999940911,0.0,1.0488508496320645e-59,3.971889227456797e-12,-3.971889227456797e-12
"(6, 282.64465043529765)",92.99999999940911,0.0,4.385957517079885e-50,3.971889227456797e-12,-3.971889227456797e-12
"(7, 282.64465043529765)",92.99999999940911,0.0,3.390674775569007e-43,3.971889227456797e-12,-3.971889227456797e-12
"(8, 282.64465043529765)",92.99999999940911,0.0,5.109041661520135e-38,3.971889227456797e-12,-3.971889227456797e-12
"(9, 282.64465043529765)",92.99999999940911,0.0,5.558734403007885e-34,3.971889227456797e-12,-3.971889227456797e-12
"(10, 282.64465043529765)",92.99999999940911,0.0,9.58758543376577e-31,3.971889227456797e-12,-3.971889227456796e-12
"(11, 282.64465043529765)",92.99999999940911,0.0,4.325465921026508e-28,3.971889227456797e-12,-3.971889227456675e-12
"(12, 282.64465043529765)",92.99999999940911,0.0,7.129405353950667e-26,3.971889227456797e-12,-3.971889227436646e-12
"(13, 282.64465043529765)",92.99999999940911,0.0,5.4113465585769946e-24,3.971889227456797e-12,-3.9718892259273086e-12
"(14, 282.64465043529765)",92.99999999940911,0.0,2.2317946859648583e-22,3.971889227456797e-12,-3.971889164376314e-12
"(15, 282.64465043529765)",92.99999999940911,0.0,5.6473037549178346e-21,3.971889227456797e-12,-3.9718876312766014e-12
"(16, 282.64465043529765)",92.99999999940911,0.0,9.60399508651001e-20,3.971889227456797e-12,-3.971862082278457e-12
"(17, 282.64465043529765)",92.99999999940911,0.0,1.1770123741140798e-18,3.971889227456797e-12,-3.971556551205758e-12
"(18, 282.64465043529765)",92.99999999384877,1.5053456252765832e-15,1.09751029876888e-17,3.971889227456797e-12,-3.96878717330935e-12
"(19, 282.64465043529765)",92.99999999999056,1.135347948256958e-14,8.127643047968738e-17,5.9578338411851955e-12,-5.934861492903635e-12
"(20, 282.64465043529765)",92.99999999385813,5.780537480677241e-14,4.947255038683068e-16,5.9578338411851955e-12,-5.818002324082911e-12
"(21, 282.64465043529765)",92.99999999997515,1.3469458878939565e-13,2.545018548355817e-15,5.9578338411851955e-12,-5.238497963233816e-12
"(22, 282.64465043529765)",92.99999999940431,3.1357823843159925e-13,1.1319790076832308e-14,6.206076917901245e-12,-3.0065988086340267e-12
"(23, 282.64465043529765)",92.99999999383009,2.6071950402088432e-12,4.435941808099831e-14,8.936750761777794e-12,3.6012014552391965e-12
"(24, 282.64465043529765)",92.99999999491372,5.03444770732733e-12,1.5558027591421132e-13,7.695535378197545e-12,3.627839732220187e-11
"(25, 282.64465043529765)",92.99999999930762,4.689536821848606e-11,4.948556805824259e-13,1.439809844953089e-11,1.254702124046102e-10
"(26, 282.64465043529765)",92.9999999945441,9.492786838497256e-11,1.4434889860887791e-12,4.145659381158032e-11,3.665378460686849e-10
"(27, 282.64465043529765)",92.99999999877659,1.7248862607263722e-10,3.8985095279727585e-12,1.1121289836879031e-10,9.906799643837472e-10
"(28, 282.64465043529765)",92.99999999223722,8.073444242805849e-10,9.828439825781132e-12,2.79149339767198e-10,2.4988065991150674e-9
"(29, 282.64465043529765)",92.99999998762927,1.7257036039261545e-9,2.3293492689344978e-11,6.794413009718283e-10,5.904339797625244e-9
"(30, 282.64465043529765)",92.99999998820884,1.880355019108025e-9,5.221622094134715e-11,1.5724957694578175e-9,1.3186139745561515e-8
"(31, 282.64465043529765)",92.99999997233581,6.0010703285393494e-9,1.1130450132264671e-10,3.454426534042191e-9,2.8005195334172412e-8
"(32, 282.64465043529765)",92.99999995612684,1.3469870543216576e-8,2.2666486562942689e-10,7.2592481708690865e-9,5.680636354092399e-8
"(33, 282.64465043529765)",92.99999993868967,1.702625714902098e-8,4.427954420079072e-10,1.4616179992425938e-8,1.1053758292824208e-7
"(34, 282.64465043529765)",92.9999997740947,6.169866617217269e-8,8.328066449834444e-10,2.8317460125614876e-8,2.0707088292592378e-7
"(35, 282.64465043529765)",92.99999965126945,9.666974791214764e-8,1.5128749767999302e-9,5.295459251737595e-8,3.746514264525494e-7
"(36, 282.64465043529765)",92.99999929489438,1.972208777206647e-7,2.662081169969954e-9,9.584094232930237e-8,6.565820593872434e-7
"(37, 282.64465043529765)",92.99999930146579,1.9692357705996016e-7,4.548907240678351e-9,1.6831364675347773e-7,1.1174106501506492e-6
"(38, 282.64465043529765)",92.99999801147317,5.359243290983604e-7,7.565762964642914e-9,2.874992438956191e-7,1.850923184522199e-6
"(39, 282.64465043529765)",92.99999678740699,9.09244986241334e-7,1.2272960054989232e-8,4.786498883700514e-7,2.9902366161787515e-6
"(40, 282.64465043529765)",92.99999490898148,1.4412227426320594e-6,1.9453578999236024e-8,7.781483337433558e-7,4.720301702211158e-6
"(41, 282.64465043529765)",92.99999211892471,2.2359380527829816e-6,3.018062111285331e-8,1.2374100654572688e-6,7.292981038905319e-6
"(42, 282.64465043529765)",92.99998803564344,3.4003468588420103e-6,4.589777434450281e-8,1.9277121251569624e-6,1.1045048260203207e-5
"(43, 282.64465043529765)",92.99998216960326,5.075948224471028e-6,6.851498857440159e-8,2.946156157636842e-6,1.6419238837553304e-5
"(44, 282.64465043529765)",92.9999738872461,7.447038953554616e-6,1.0051989617220796e-7,4.4228950150468255e-6,2.3988515900339306e-5
"(45, 282.64465043529765)",92.99996236235253,1.0750204181625936e-5,1.4510591590865818e-7,6.5298025222251144e-6,3.4483608355871275e-5
"(46, 282.64465043529765)",92.99994656726518,1.5285089445588425e-5,2.0631765370314735e-7,9.490680611405064e-6,4.882390049815181e-5
"(47, 282.64465043529765)",92.99992520693874,2.1426481750461945e-5,2.8921397288156557e-7,1.3593187402051392e-5,6.815159486406238e-5
"(48, 282.64465043529765)",92.9998967025413,2.9637708376190823e-5,4.0004885011859133e-7,1.9202570007864107e-5,9.386909739094793e-5
"(49, 282.64465043529765)",92.99985911416478,4.048534315177624e-5,5.464698809051915e-7,2.6777415063509995e-5,0.0001276793733983566
"(50, 282.64465043529765)",92.99981008656461,5.465519124959857e-5,7.377340425192545e-7,3.688736781895245e-5,0.00017162921274312124
"(51, 282.64465043529765)",92.9997468368812,7.296950564910596e-5,9.84940078434803e-7,5.0233055632302555e-5,0.00022815498853661698
"(52, 282.64465043529765)",92.9996660169978,9.640537188956425e-5,1.301276660922491e-6,6.766820915862833e-5,0.0003001306777874205
"(53, 282.64465043529765)",92.99956376110595,0.0001261141824524505,1.7022852451301197e-6,9.022404863271745e-5,0.00039091776941825015
"(54, 282.64465043529765)",92.99943549203631,0.0001634421094482137,2.2061364219918186e-6,0.00011913599643771193,0.0005044166613687439
"(55, 282.64465043529765)",92.99927591823176,0.0002099514725301388,2.833918337481774e-6,0.00015587270106503002,0.000645119156794686
"(56, 282.64465043529765)",92.99907903813224,0.00026744289014644235,3.609935669237053e-6,0.00020216740002055705,0.0008181616053048621
"(57, 282.64465043529765)",92.99883784685193,0.0003379780972494197,4.562017671809776e-6,0.00026005158952962647,0.001029378300598698
"(58, 282.64465043529765)",92.99854455022923,0.00042390330338339853,5.721833389732219e-6,0.00033189096231487156,0.0012853546359750058
"(59, 282.64465043529765)",92.99819029626127,0.0005278729699364317,7.125212646131631e-6,0.0004204236339270011,0.0015934796037160358
"(60, 282.64465043529765)",92.99776505511268,0.0006528738796887302,8.812470973461416e-6,0.000528800460151132,0.001961997317614077
"(61, 282.64465043529765)",92.99725775472756,0.0008022493713369981,1.0828736631214753e-5,0.0006606275076735692,0.002400056972112028
"(62, 282.64465043529765)",92.99665603833009,0.00097972363397097,1.3224278612506964e-5,0.0008200105555010747,0.002917761050189939
"(63, 282.64465043529765)",92.99594624134694,0.0011894258925583031,1.60548330654472e-5,0.001011601448645854,0.003526211230934528
"(64, 282.64465043529765)",92.99511333947311,0.001435914489579296,1.9381928352263613e-5,0.0012406463497529835,0.00423755201413455
"(65, 282.64465043529765)",92.994140844088,0.0017242006231902914,2.3273205457350534e-5,0.0015130356944200777,0.005065011326581625
"(66, 282.64465043529765)",92.99301072805669,0.0020597717433826824,2.7802733828198788e-5,0.0018353557030010418,0.006022938281015829
"(67, 282.64465043529765)",92.99170343211297,0.002448614481050251,3.305132080296639e-5,0.0022149414779383605,0.007126837536840956
"(68, 282.64465043529765)",92.99019771244198,0.0028972370612415557,3.910681420318763e-5,0.0026599313812849293,0.00839340044881317
"(69, 282.64465043529765)",92.98847066777772,0.003412691101491742,4.606439650863304e-5,0.0031793228063590083,0.009840532442336522
"(70, 282.64465043529765)",92.98649753575904,0.004002592800173721,5.40268709725799e-5,0.0037830290293806774,0.0114873770307771
"(71, 282.64465043529765)",92.984251826219,0.004675143373243089,6.310493734014333e-5,0.004481937130911834,0.013354335824334337
"(72, 282.64465043529765)",92.9817050886518,0.005439148841600655,7.341745907282245e-5,0.0052879669267766605,0.015463085128709012
"(73, 282.64465043529765)",92.97882728855645,0.006304038894246906,8.50917175310851e-5,0.006214130700931352,0.017836588055581283
"(74, 282.64465043529765)",92.9755859378948,0.007279885374672234,9.826366244552136e-5,0.0072745937535641046,0.02049910476884237
"(75, 282.64465043529765)",92.97194671846427,0.008377419565942276,0.00011307814455514887,0.00848473561883081,0.023476197020831303
"(76, 282.64465043529765)",92.96787396755234,0.009608048585550623,0.0001296891358237693,0.009861211907418566,0.02679472855274655
"(77, 282.64465043529765)",92.96332885398974,0.010983872148203302,0.00014825995874239733,0.011422016656518043,0.0304828675557785
"(78, 282.64465043529765)",92.95827123488945,0.01251769691090078,0.00016896347683511423,0.013186545235612098,0.03457007761078127
"(79, 282.64465043529765)",92.95265869100898,0.01422305138586428,0.00019198229757940471,0.015175657630462705,0.039087111758633435
"(80, 282.64465043529765)",92.946446293915,0.01611419985159434,0.00021750896297234918,0.017411742122549128,0.044066002683314606
"(81, 282.64465043529765)",92.93958873842709,0.01820615447786865,0.00024574609711854945,0.019918779334540487,0.049540040381370616
"(82, 282.64465043529765)",92.93203604951253,0.0205146899090809,0.0002769066352902745,0.02272240660233211,0.05554377253250197
"(83, 282.64465043529765)",92.92373786413846,0.023056353189483028,0.0003112139258316348,0.025849982678362263,0.06211296859891679
"(84, 282.64465043529765)",92.9146413260546,0.02584847620566189,0.0003489019139559215,0.029330652669270346,0.06928460683700739
"(85, 282.64465043529765)",92.90469151062376,0.028909186445091075,0.0003902152839242255,0.03319541331526167,0.07709684920401147
"(86, 282.64465043529765)",92.89383145471783,0.03225741750354693,0.00043540960081034103,0.037477178600132055,0.08558901581707928
"(87, 282.64465043529765)",92.88200218348032,0.035912919203166256,0.000484751447088574,0.042210845564603444,0.09480155774575123
"(88, 282.64465043529765)",92.86914274503748,0.03989626735634969,0.0005385185544236722,0.04743336053608733,0.10477602803191331
"(89, 282.64465043529765)",92.85519025041854,0.04422887321887016,0.0005969999312685883,0.05318378566204945,0.11555505122125741
"(90, 282.64465043529765)",92.8400799193746,0.048932992669148204,0.0006604959867660452,0.05950336583919806,0.12718229145420776
"(91, 282.64465043529765)",92.82374512879808,0.054031735153302396,0.0007293186515458825,0.06643559599828042,0.13970241932384822
"(92, 282.64465043529765)",92.80611748451074,0.059549072393499276,0.0008037914949834296,0.07402628885011489,0.15316107727234185
"(93, 282.64465043529765)",92.78712685085591,0.06550984698929228,0.0008842498419332228,0.08232364316410454,0.16760484430657843
"(94, 282.64465043529765)",92.76670145855377,0.07193978073787138,0.0009710408842237035,0.09137831240471705,0.18308119887507399
"(95, 282.64465043529765)",92.7447679475264,0.07886548292272282,0.001064523793119059,0.10124347410698452,0.19963848127920908
"(96, 282.64465043529765)",92.72125144528187,0.08631445842033385,0.0011650698287550094,0.11197489973558056,0.21732585474559113
"(97, 282.64465043529765)",92.69607566986821,0.09431511561685599,0.001273062446385366,0.1236310251992593,0.23619326494163737
"(98, 282.64465043529765)",92.66916297948192,0.10289677432493625,0.001388897404155783,0.13627302208259254,0.2562913992055111
"(99, 282.64465043529765)",92.64043449075076,0.1120896733960078,0.0015129828649449255,0.14996486960729363,0.27767164336966005
"(100, 282.64465043529765)",92.60981014590679,0.12192497831192,0.0016457394994430013,0.16477342738717404,0.3003860381404548
"(101, 282.64465043529765)",92.57720880618527,0.13243478854187457,0.0017876005853873663,0.18076850889928164,0.324487233675464
"(102, 282.64465043529765)",92.5425483500723,0.14365214468037618,0.0019390121036190083,0.1980229559699805,0.3500284422472252
"(103, 282.64465043529765)",92.50574575542535,0.15561103541415514,0.0021004328324054342,0.21661271407812285,0.37706338959993324
"(104, 282.64465043529765)",92.46671719599298,0.16834640417618832,0.002272334436946754,0.2366169085943458,0.4056462640085583
"(105, 282.64465043529765)",92.42537811675344,0.18189415559046784,0.0024552015568748567,0.2581179220385369,0.43583166375255555
"(106, 282.64465043529765)",92.38164332939675,0.1962911614954738,0.0026495318870440893,0.2812014723533586,0.46767454167739264
"(107, 282.64465043529765)",92.33542708603507,0.2115752666848152,0.0028558362552875485,0.30595669221915245,0.5012301478570461
"(108, 282.64465043529765)",92.28664315548801,0.22778529422235658,0.0030746386940900144,0.33247620946347156,0.5365539694424406
"(109, 282.64465043529765)",92.2352046776067,0.24496105158756049,0.0033064765386196827,0.3608562286363615,0.5737016767943116
"(110, 282.64465043529765)",92.1810252289045,0.2631433292717377,0.003551900337682359,0.3911966136906965,0.6127290156345494
"(111, 282.64465043529765)",92.12401706623903,0.2823739152729761,0.003811474173813852,0.4236009719366224,0.6536918135641587
"(112, 282.64465043529765)",92.06409264984364,0.30269558997252377,0.004085775495916672,0.4581767392002269,0.6966458476002457
"(113, 282.64465043529765)",92.0011642684032,0.32415213145462063,0.004375395213938379,0.4950352663082006,0.7416467844516867
"(114, 282.64465043529765)",91.93514394889438,0.3467883185943813,0.004680937751725939,0.5342919068499565,0.7887501076960094
"(115, 282.64465043529765)",91.86594352829745,0.37064993268731417,0.005003021063747718,0.5760661064629694,0.8380110332204355
"(116, 282.64465043529765)",91.79347465891895,0.39578375879617,0.005342276653332918,0.6204814934020275,0.889484423807907
"(117, 282.64465043529765)",91.71764837175024,0.4222375907772173,0.0056993496853186285,0.6676659707764311,0.9432247287389763
"(118, 282.64465043529765)",91.63837715570253,0.4500602116214175,0.006074898496235202,0.7177518103087952,0.9992857515895188
"(119, 282.64465043529765)",91.55557070454516,0.47930143393949587,0.00646959558980417,0.7708757478494284,1.0577208360885144
"(120, 282.64465043529765)",91.46914007345102,0.5100120594175473,0.006884126640804529,0.8271790805786404,1.1185824873638757
"(1, 288.2097930235638)",92.99999999940911,0.0,2.2105818235735337e-286,3.971889227456797e-12,-3.971889227456797e-12
"(2, 288.2097930235638)",92.99999999940911,0.0,1.3008143199240396e-144,3.971889227456797e-12,-3.971889227456797e-12
"(3, 288.2097930235638)",92.99999999940911,0.0,3.0548019255944007e-97,3.971889227456797e-12,-3.971889227456797e-12
"(4, 288.2097930235638)",92.99999999940911,0.0,1.6832092344208664e-73,3.971889227456797e-12,-3.971889227456797e-12
"(5, 288.2097930235638)",92.99999999940911,0.0,3.192242780687821e-59,3.971889227456797e-12,-3.971889227456797e-12
"(6, 288.2097930235638)",92.99999999940911,0.0,1.1088759632865065e-49,3.971889227456797e-12,-3.971889227456797e-12
"(7, 288.2097930235638)",92.99999999940911,0.0,7.508605280333534e-43,3.971889227456797e-12,-3.971889227456797e-12
"(8, 288.2097930235638)",92.99999999940911,0.0,1.0243622202207492e-37,3.971889227456797e-12,-3.971889227456797e-12
"(9, 288.2097930235638)",92.99999999940911,0.0,1.031625118120263e-33,3.971889227456797e-12,-3.971889227456797e-12
"(10, 288.2097930235638)",92.99999999940911,0.0,1.672633259097408e-30,3.971889227456797e-12,-3.971889227456796e-12
"(11, 288.2097930235638)",92.99999999940911,0.0,7.17385343005039e-28,3.971889227456797e-12,-3.97188922745659e-12
"(12, 288.2097930235638)",92.99999999940911,0.0,1.1336082587363517e-25,3.971889227456797e-12,-3.971889227424125e-12
"(13, 288.2097930235638)",92.99999999940911,0.0,8.302751225550549e-24,3.971889227456797e-12,-3.971889225063863e-12
"(14, 288.2097930235638)",92.99999999940911,0.0,3.321170526256751e-22,3.971889227456797e-12,-3.97188913173741e-12
"(15, 288.2097930235638)",92.99999999940911,0.0,8.184063006856044e-21,3.971889227456797e-12,-3.971886868729692e-12
"(16, 288.2097930235638)",92.99999999940911,0.0,1.3599071499017808e-19,3.971889227456797e-12,-3.971850033600977e-12
"(17, 288.2097930235638)",92.99999999940911,0.0,1.6328738174340778e-18,3.971889227456797e-12,-3.97141861723184e-12
"(18, 288.2097930235638)",92.99999999940911,2.0914268883228706e-15,1.495139680852728e-17,3.971889227456797e-12,-3.967580088477198e-12
"(19, 288.2097930235638)",92.99999999999056,6.021382501106333e-15,1.0893583449148872e-16,5.9578338411851955e-12,-5.926437466873554e-12
"(20, 288.2097930235638)",92.99999999385813,3.6651849268008565e-14,6.534466274587267e-16,5.9578338411851955e-12,-5.76950412393337e-12
"(21, 288.2097930235638)",92.99999999997515,1.8854826745797476e-13,3.3172804983592747e-15,6.08195537954322e-12,-5.12588265370999e-12
"(22, 288.2097930235638)",92.99999999940431,3.1357823843159925e-13,1.4578007926184557e-14,6.33019845625927e-12,-2.1286738091577455e-12
"(23, 288.2097930235638)",92.99999999383009,3.286377383405752e-12,5.650268967667042e-14,9.184993838493843e-12,7.099634658493994e-12
"(24, 288.2097930235638)",92.99999999491372,5.03444770732733e-12,1.9618208037860288e-13,8.688507685061743e-12,4.785308909578755e-11
"(25, 288.2097930235638)",92.99999999476674,5.327648324836979e-11,6.182372299271968e-13,1.948708152220991e-11,1.586949425545689e-10
"(26, 288.2097930235638)",92.99999999334838,1.324656637667127e-10,1.7880173426681535e-12,5.051746611171613e-11,4.64806642141215e-10
"(27, 288.2097930235638)",92.99999999877659,1.7248862607263722e-10,4.790865115848115e-12,1.3529247681024715e-10,1.24548176663215e-9
"(28, 288.2097930235638)",92.99999999064359,8.073444242805849e-10,1.198955160014742e-11,3.3972065048591416e-10,3.115785534637912e-9
"(29, 288.2097930235638)",92.99999998762927,1.7257036039261545e-9,2.8221264382452288e-11,8.22429313160273e-10,7.311215453369574e-9
"(30, 288.2097930235638)",92.99999998820884,1.880355019108025e-9,6.28592540463084e-11,1.8917363661146575e-9,1.6224916232187505e-8
"(31, 288.2097930235638)",92.99999997233581,6.0010703285393494e-9,1.331918575815447e-10,4.1328748627071555e-9,3.4254322843293826e-8
"(32, 288.2097930235638)",92.99999992804064,1.9982247832522197e-8,2.6971974902985306e-10,8.636997246643164e-9,6.909887579561836e-8
"(33, 288.2097930235638)",92.99999993868967,1.702625714902098e-8,5.241347239688163e-10,1.7300432380956587e-8,1.3376032793055868e-7
"(34, 288.2097930235638)",92.9999997350415,7.267105326335734e-8,9.809115789738346e-10,3.3352946815261585e-8,2.493553763352044e-7
"(35, 288.2097930235638)",92.99999965126945,9.666974791214764e-8,1.773608239317376e-9,6.208025626053467e-8,4.490910072980137e-7
"(36, 288.2097930235638)",92.99999929489438,1.972208777206647e-7,3.107118157286974e-9,1.1186217813594115e-7,7.836397028754947e-7
"(37, 288.2097930235638)",92.99999861174719,3.7539884899602275e-7,5.287240850804985e-9,1.956319284953105e-7,1.3282026627809258e-6
"(38, 288.2097930235638)",92.99999769732577,6.489142746518879e-7,8.759024357126427e-9,3.328450619901097e-7,2.191591535065652e-6
"(39, 288.2097930235638)",92.99999629406494,1.0487044125804252e-6,1.415537898053913e-8,5.520641787842108e-7,3.527654667367077e-6
"(40, 288.2097930235638)",92.99999415157102,1.6563572537135122e-6,2.2357457820341255e-8,8.943032552834093e-7,5.549335035650201e-6
"(41, 288.2097930235638)",92.99999097900566,2.560996520577966e-6,3.456825000262067e-8,1.417304499982627e-6,8.545603678459486e-6
"(42, 288.2097930235638)",92.99998634567143,3.882119926656241e-6,5.240073194092209e-8,2.2008316405907277e-6,1.2901572466385677e-5
"(43, 288.2097930235638)",92.99997971174126,5.77729728703109e-6,7.798177598167353e-8,3.353228630238895e-6,1.912188288504915e-5
"(44, 288.2097930235638)",92.99997036661846,8.451111187899758e-6,1.1407283142274754e-7,5.019213487117207e-6,2.7857693646844747e-5
"(45, 288.2097930235638)",92.99995740835975,1.2165399145869087e-5,1.6420817274722168e-7,7.38940288484208e-6,3.993700059541229e-5
"(46, 288.2097930235638)",92.9999396950653,1.725083806800888e-5,2.328512664271032e-7,1.0711215112507174e-5,5.6398800189722945e-5
"(47, 288.2097930235638)",92.99991580598969,2.4119892460612262e-5,3.255695454462192e-7,1.5301867833937174e-5,7.853046347389341e-5
"(48, 288.2097930235638)",92.99988400952263,3.3281127838181815e-5,4.4922761054518404e-7,2.1563097412678577e-5,0.00010790869924301905
"(49, 288.2097930235638)",92.9998421608692,4.535487079427402e-5,6.121986114958659e-7,2.9998028766764103e-5,0.00014644360634177256
"(50, 288.2097930235638)",92.99978772848287,6.109017773116883e-5,8.245932864824444e-7,4.1230168074147614e-5,0.00019642569235157794
"(51, 288.2097930235638)",92.99971764822519,8.13830559254257e-5,1.0985059139132028e-6,5.602464580162947e-5,0.00026057551628245546
"(52, 288.2097930235638)",92.99962829433846,0.00010729586365555196,1.4482761742476035e-6,7.531174121177848e-5,0.00034209563520908216
"(53, 288.2097930235638)",92.99951547104351,0.00014007780098887867,1.89076572557434e-6,0.0001002127934787933,0.00044472440494503575
"(54, 288.2097930235638)",92.99937421461432,0.00018118639027323195,2.4456481631353637e-6,0.00013206847508548202,0.0005727912758202201
"(55, 288.2097930235638)",92.99919882639438,0.0002323098338785675,3.1357107915031166e-6,0.0001724694630001196,0.000731273095200749
"(56, 288.2097930235638)",92.99898282063886,0.00029539012890418965,3.987166613731425e-6,0.00022328950080649878,0.0009258509636874989
"(57, 288.2097930235638)",92.99871869760626,0.0003726468135729552,5.029974898960193e-6,0.0002867208062345698,0.0011629672183084687
"(58, 288.2097930235638)",92.99839800405192,0.00046660121348770855,6.298168428639549e-6,0.0003653118389862534,0.0014498819802594952
"(59, 288.2097930235638)",92.99801130752277,0.000580101056870725,7.830185713436011e-6,0.0004620072687396432,0.001794728935065816
"(60, 288.2097930235638)",92.9975478391188,0.0007163453326156519,9.669206661323074e-6,0.0005801901994345315,0.0022065698511274565
"(61, 288.2097930235638)",92.99699585683065,0.0008789092511270641,1.1863489266038064e-5,0.0007237264776826866,0.0026954473082194145
"(62, 288.2097930235638)",92.99634206833623,0.0010717692156889252,1.4466706963620876e-5,0.0008970109877433511,0.0032724356319743706
"(63, 288.2097930235638)",92.9955719595185,0.0012993276022496927,1.753828286654901e-5,0.0011050159220171445,0.00394968895293966
"(64, 288.2097930235638)",92.9946695348269,0.0015664373986582446,2.1143722448909043e-5,0.0013533408206442522,0.004740487050103504
"(65, 288.2097930235638)",92.99361711819635,0.0018784264210418584,2.5354940644082077e-5,0.0016482643188908612,0.00565927787626478
"(66, 288.2097930235638)",92.99239609892182,0.0022411210951971986,3.0250581645245023e-5,0.0019967974677760937,0.006721716407042392
"(67, 288.2097930235638)",92.9909852399098,0.002660869817470373,3.591633662467431e-5,0.0024067385210707953,0.00794470142369123
"(68, 288.2097930235638)",92.9893622795644,0.003144565582588438,4.244524673700893e-5,0.002886729066036098,0.00934640671087134
"(69, 288.2097930235638)",92.98750291504541,0.0036996680962883377,4.9938002914672425e-5,0.0034463113926466913,0.010946310091401174
"(70, 288.2097930235638)",92.98538112717905,0.004334225088667995,5.8503233109639995e-5,0.004095986945526274,0.012765217760212375
"(71, 288.2097930235638)",92.98296887269296,0.00505689297758794,6.825778151411646e-5,0.004847275845190059,0.014825285237241083
"(72, 288.2097930235638)",92.98023655805558,0.005876956579103087,7.932697395275568e-5,0.005712777214339574,0.01715003352976978
"(73, 288.2097930235638)",92.97715207859335,0.0068043484206000504,9.184487968580758e-5,0.006706230427621711,0.019764363336899012
"(74, 288.2097930235638)",92.97368167671492,0.007849666749280036,0.00010595455343181743,0.007842576979761274,0.022694562934726957
"(75, 288.2097930235638)",92.96978922946774,0.009024193240210233,0.00012180827528684276,0.009138023019481467,0.02596831478949676
"(76, 288.2097930235638)",92.96543752988924,0.010339909040638827,0.00013956776506924575,0.010610102459472434,0.029614694223896263
"(77, 288.2097930235638)",92.96058577805016,0.01180951189190201,0.00015940441785463282,0.012277740532700851,0.03366417374422455
"(78, 288.2097930235638)",92.95519206978375,0.01344643005596865,0.00018149948744218802,0.014161317800273686,0.038148611909322235
"(79, 288.2097930235638)",92.94921212645426,0.015264837358989291,0.00020604429168174433,0.01628273455251897,0.04310124810676338
"(80, 288.2097930235638)",92.94259953316026,0.01727966681510612,0.00023324039596091747,0.01866547550994424,0.04855669073468585
"(81, 288.2097930235638)",92.93530575522891,0.019506623713148704,0.0002632997897104239,0.02133467485324113,0.054550903042348026
"(82, 288.2097930235638)",92.92728012188448,0.021962198114632077,0.00029644505525134565,0.02431718157439243,0.061121186442456836
"(83, 288.2097930235638)",92.91846983346458,0.024663676785544028,0.00033290952891318695,0.02764162499782563,0.06830616142581611
"(84, 288.2097930235638)",92.90882001459639,0.027629154581731732,0.0003729374543368598,0.03133848063383983,0.07614574589132131
"(85, 288.2097930235638)",92.89827368440803,0.030877545426383178,0.0004167841311731279,0.03544013630361056,0.08468113187730249
"(86, 288.2097930235638)",92.8867718207744,0.034428592803757395,0.0004647160563641649,0.039980958438088875,0.09395475998135389
"(87, 288.2097930235638)",92.87425339528534,0.038302879894227544,0.0005170110608761035,0.04499735878426739,0.10401029206172756
"(88, 288.2097930235638)",92.86065537671986,0.04252183941965852,0.0005739584431127645,0.050527861258406144,0.11489258283525064
"(89, 288.2097930235638)",92.8459128268375,0.04710776310258285,0.0006358590958842742,0.05661316926707257,0.12664764914988452
"(90, 288.2097930235638)",92.82995891385504,0.05208381096458114,0.0007030256324808468,0.06329623326252297,0.13932263876504192
"(91, 288.2097930235638)",92.81272499001061,0.057474020334515465,0.0007757825079496048,0.07062231877098697,0.1529657972764699
"(92, 288.2097930235638)",92.79414064004882,0.06330331470706058,0.0008544661389460813,0.0786390747663823,0.1676264342849115
"(93, 288.2097930235638)",92.77413376407407,0.06959751238505367,0.0009394250201094734,0.08739660255094188,0.1833548880559667
"(94, 288.2097930235638)",92.75263064960512,0.07638333498641764,0.0010310198388740204,0.09694752512872754,0.20020248923634199
"(95, 288.2097930235638)",92.72955603892026,0.08368841583067697,0.0011296235889097595,0.10734705712018955,0.2182215236340275
"(96, 288.2097930235638)",92.70483321262611,0.0915413081680521,0.0012356216812066266,0.11865307523763143,0.23746519375835837
"(97, 288.2097930235638)",92.67838408628258,0.0999714932422272,0.0013494120525998452,0.1309261894582376,0.2579875789250662
"(98, 288.2097930235638)",92.65012928998297,0.10900938825454218,0.001471405273509112,0.1442298148139854,0.279843594517856
"(99, 288.2097930235638)",92.6199882615192,0.11868635414457704,0.0016020246529051146,0.15863024393584335,0.3030889496965864
"(100, 288.2097930235638)",92.5878793377485,0.12903470320352686,0.001741706341130066,0.17419672035076686,0.32778010373415806
"(101, 288.2097930235638)",92.55371985433477,0.14008770646075464,0.0018908994293677071,0.19100151257021675,0.353974220596225
"(102, 288.2097930235638)",92.51742623115427,0.15187960089090355,0.0020500660472257287,0.20911998906726395,0.38172912208829884
"(103, 288.2097930235638)",92.47891406660877,0.16444559633175654,0.0022196814560854553,0.22863069412254503,0.41110323891408673
"(104, 288.2097930235638)",92.43809823420703,0.1778218820853341,0.0024002341379535954,0.24961542452839394,0.4421555595793039
"(105, 288.2097930235638)",92.39489296521137,0.19204563323358204,0.002592225880943571,0.2721593073992691,0.474945577217803
"(106, 288.2097930235638)",92.34921193687569,0.20715501654441842,0.0027961718587963063,0.2963508787996449,0.5095332338823523
"(107, 288.2097930235638)",92.30096834746391,0.2231891960122207,0.0030126007058824144,0.3222821635398868,0.545978862365126
"(108, 288.2097930235638)",92.25007499081998,0.2401883379323026,0.0032420545856546505,0.35004875599277824,0.5843431251098445
"(109, 288.2097930235638)",92.19644432495154,0.25819361549317565,0.0034850892524918497,0.3797499019639627,0.62468695016536
"(110, 288.2097930235638)",92.13998852922943,0.2772472128851479,0.0037422741072004003,0.41148858173905895,0.6670714641346105
"(111, 288.2097930235638)",92.0806195514,0.297392328894521,0.004014192245695851,0.44537159433723694,0.7115579219515588
"(112, 288.2097930235638)",92.01824915007934,0.31867317992083133,0.0043014404995015175,0.48150964285445685,0.7582076332100506
"(113, 288.2097930235638)",91.95278892071644,0.3411350024840251,0.004604629469759399,0.5200174211865675,0.8070818852429912
"(114, 288.2097930235638)",91.88415031402373,0.36482405515135036,0.004924383553129783,0.5610137019975917,0.8582418626185848
"(115, 288.2097930235638)",91.81224463937282,0.3897876199483881,0.005261340960902192,0.604621426040068,0.9117485633279512
"(116, 288.2097930235638)",91.73698274070419,0.41607400622637136,0.005616153805006681,0.6509677929008032,0.9676627328286724
"(117, 288.2097930235638)",91.65827655438044,0.44373253612732627,0.005989487732578486,0.7001843532108881,1.0260446665127316
"(118, 288.2097930235638)",91.57603591223744,0.4728135744205926,0.0063820226672994885,0.7524071025204302,1.086954329493648
"(119, 288.2097930235638)",91.4901716528911,0.5033684981940517,0.006794452061618315,0.8077765766731713,1.1504510457143697
"(120, 288.2097930235638)",91.40059397547296,0.5354497110633925,0.007227483257990422,0.8664379490912114,1.2165935047754808
"(1, 294.03830935295304)",92.99999999940911,0.0,7.512751775734111e-284,3.971889227456797e-12,-3.971889227456797e-12
"(2, 294.03830935295304)",92.99999999940911,0.0,2.3980682850334825e-143,3.971889227456797e-12,-3.971889227456797e-12
"(3, 294.03830935295304)",92.99999999940911,0.0,2.13180372295828e-96,3.971889227456797e-12,-3.971889227456797e-12
"(4, 294.03830935295304)",92.99999999940911,0.0,7.227052832046688e-73,3.971889227456797e-12,-3.971889227456797e-12
"(5, 294.03830935295304)",92.99999999940911,0.0,1.0241284567293695e-58,3.971889227456797e-12,-3.971889227456797e-12
"(6, 294.03830935295304)",92.99999999940911,0.0,2.9293085454616316e-49,3.971889227456797e-12,-3.971889227456797e-12
"(7, 294.03830935295304)",92.99999999940911,0.0,1.7265240024892772e-42,3.971889227456797e-12,-3.971889227456797e-12
"(8, 294.03830935295304)",92.99999999940911,0.0,2.1225861221798597e-37,3.971889227456797e-12,-3.971889227456797e-12
"(9, 294.03830935295304)",92.99999999940911,0.0,1.9714097655336648e-33,3.971889227456797e-12,-3.971889227456797e-12
"(10, 294.03830935295304)",92.99999999940911,0.0,2.9959206484940515e-30,3.971889227456797e-12,-3.971889227456796e-12
"(11, 294.03830935295304)",92.99999999940911,0.0,1.218625789521025e-27,3.971889227456797e-12,-3.971889227456438e-12
"(12, 294.03830935295304)",92.99999999940911,0.0,1.8424869850111227e-25,3.971889227456797e-12,-3.971889227402621e-12
"(13, 294.03830935295304)",92.99999999940911,0.0,1.2999816577028386e-23,3.971889227456797e-12,-3.9718892236343526e-12
"(14, 294.03830935295304)",92.99999999940911,0.0,5.036144327670858e-22,3.971889227456797e-12,-3.971889079374861e-12
"(15, 294.03830935295304)",92.99999999940911,0.0,1.2070414069476989e-20,3.971889227456797e-12,-3.9718856782926505e-12
"(16, 294.03830935295304)",92.99999999940911,0.0,1.9575613839589744e-19,3.971889227456797e-12,-3.971831667652818e-12
"(17, 294.03830935295304)",92.99999999940911,0.0,2.300660369181454e-18,3.971889227456797e-12,-3.971212745171447e-12
"(18, 294.03830935295304)",92.99999999997425,1.8881536505207684e-15,2.0668522449903755e-17,5.9578338411851955e-12,-5.951756503787202e-12
"(19, 294.03830935295304)",92.99999999999056,6.021382501106333e-15,1.4804609695237429e-16,5.9578338411851955e-12,-5.9143026171310165e-12
"(20, 294.03830935295304)",92.99999999385813,3.6651849268008565e-14,8.745305744510585e-16,5.9578338411851955e-12,-5.70068834959614e-12
"(21, 294.03830935295304)",92.99999999997515,1.8854826745797476e-13,4.378447649321439e-15,6.08195537954322e-12,-4.794524035146333e-12
"(22, 294.03830935295304)",92.99999999940431,3.1357823843159925e-13,1.9000154720056856e-14,6.33019845625927e-12,-7.434250849292214e-13
"(23, 294.03830935295304)",92.99999999383009,3.286377383405752e-12,7.279901485946407e-14,9.557358453567918e-12,1.1848340798269402e-11
"(24, 294.03830935295304)",92.99999999491372,5.03444770732733e-12,2.5010940462068713e-13,9.929723068641992e-12,6.361202341929852e-11
"(25, 294.03830935295304)",92.99999999476674,4.580224313012452e-11,7.805612784724518e-13,2.3458970749666705e-11,2.060559479187526e-10
"(26, 294.03830935295304)",92.99999999334838,1.324656637667127e-10,2.237325971476912e-12,6.218489071737048e-11,5.956746554071539e-10
"(27, 294.03830935295304)",92.99999999877659,1.7248862607263722e-10,5.945188612708266e-12,1.664469829381114e-10,1.5816662255270555e-9
"(28, 294.03830935295304)",92.99999999064359,8.882486056630338e-10,1.4764078709952942e-11,4.1742073349803776e-10,3.923784009530454e-9
"(29, 294.03830935295304)",92.99999998762927,1.7257036039261545e-9,3.4503449160314244e-11,1.0045156099314956e-9,9.140820248012873e-9
"(30, 294.03830935295304)",92.99999998820884,1.880355019108025e-9,7.633886984113236e-11,2.2961243380851026e-9,2.015042788791659e-8
"(31, 294.03830935295304)",92.99999997233581,1.0574398496883814e-8,1.6074310404114442e-10,4.986955168148725e-9,4.2277675384255215e-8
"(32, 294.03830935295304)",92.99999992804064,1.9982247832522197e-8,3.2360536174488636e-10,1.0361293657512844e-8,8.479107980750432e-8
"(33, 294.03830935295304)",92.99999993868967,1.702625714902098e-8,6.253869745189534e-10,2.0641784193554616e-8,1.632459444853568e-7
"(34, 294.03830935295304)",92.99999968666576,8.626036626984377e-8,1.1643396962171e-9,3.9589557631598905e-8,3.027709181566082e-7
"(35, 294.03830935295304)",92.99999965126945,9.666974791214764e-8,2.0949824994909015e-9,7.332839830961559e-8,5.426767139647127e-7
"(36, 294.03830935295304)",92.99999929489438,1.972208777206647e-7,3.6531836730186898e-9,1.3152054738108513e-7,9.426554035891417e-7
"(37, 294.03830935295304)",92.99999836859772,4.5853666655157817e-7,6.1893134240717704e-9,2.2900858252439847e-7,1.5908866727452018e-6
"(38, 294.03830935295304)",92.99999769732577,6.489142746518879e-7,1.0211011388236969e-8,3.880205611933258e-7,2.6144079641876225e-6
"(39, 294.03830935295304)",92.99999569232843,1.217749981104679e-6,1.6437150728496316e-8,6.410452960530801e-7,4.192106714733637e-6
"(40, 294.03830935295304)",92.99999323941414,1.9161806629500494e-6,2.586454596138233e-8,1.034584673206419e-6,6.570582693460191e-6
"(41, 294.03830935295304)",92.99998960096589,2.9522150773757195e-6,3.984890570378383e-8,1.6338070927882241e-6,1.008329776991762e-5
"(42, 294.03830935295304)",92.99998431311603,4.460032586254875e-6,6.020137873520454e-8,2.5284622326328783e-6,1.5173049391383484e-5
"(43, 294.03830935295304)",92.9999767598009,6.615950805286699e-6,8.930189471980197e-8,3.839986509859107e-6,2.2418191635566866e-5
"(44, 294.03830935295304)",92.999966169438,9.648139288076824e-6,1.3023027884519793e-7,5.730146656558157e-6,3.2562544361647485e-5
"(45, 294.03830935295304)",92.99995151355171,1.3847704830376423e-5,1.869158817652964e-7,8.411235187076057e-6,4.6549194678408164e-5
"(46, 294.03830935295304)",92.99993154448218,1.9581183426426857e-5,2.6430619448362153e-7,1.2158123095874344e-5,6.555802348160252e-5
"(47, 294.03830935295304)",92.99990469580713,2.730445301695167e-5,3.685546428864717e-7,1.7322139376192328e-5,9.104704472232718e-5
"(48, 294.03830935295304)",92.9998690268458,3.7578059960421324e-5,5.072274647988141e-7,2.4347033794609166e-5,0.00012479727241221863
"(49, 294.03830935295304)",92.99982222930473,5.108393112269198e-5,6.895292863156963e-7,3.3787134134404105e-5,0.00016896089146321155
"(50, 294.03830935295304)",92.99976148069823,6.864342334062613e-5,9.265467571765642e-7,4.6327676807053366e-5,0.00022611256520960464
"(51, 294.03830935295304)",92.99968346489996,9.123664312640774e-5,1.2315093221173326e-6,6.280753425063274e-5,0.000299303384777149
"(52, 294.03830935295304)",92.99958422014426,0.00012002295254054573,1.6200660158498726e-6,8.424433340553512e-5,0.0003921171389351359
"(53, 294.03830935295304)",92.99945913591053,0.00015636256196487088,2.1105769161993232e-6,0.0001118619961737659,0.0005087284720248523
"(54, 294.03830935295304)",92.99930289320173,0.0002018390979646164,2.7244177580978805e-6,0.0001471207701286627,0.0006539624214336007
"(55, 294.03830935295304)",92.99910926986868,0.00025828302474208495,3.4862960999876086e-6,0.00019174966420354203,0.0008333549469406081
"(56, 294.03830935295304)",92.9988712534873,0.0003277957882976949,4.42457717890158e-6,0.00024778138344339946,0.0010532138098424796
"(57, 294.03830935295304)",92.99858073628359,0.00041277455093172334,5.571617836458341e-6,0.0003175896931874799,0.0013206793958054886
"(58, 294.03830935295304)",92.99822867286528,0.0005159373751169686,6.964106376764022e-6,0.0004039290336994602,0.0016437850314783523
"(59, 294.03830935295304)",92.99780484330186,0.0006403487231582468,8.643406804578005e-6,0.0005099765585189106,0.0020315161653490163
"(60, 294.03830935295304)",92.99729775497839,0.0007894451346628017,1.0655905452473465e-5,0.0006393762756798598,0.0024938681481903517
"(61, 294.03830935295304)",92.99669470725236,0.0009670609571140557,1.3053358200961822e-5,0.0007962853935761239,0.003041901983213195
"(62, 294.03830935295304)",92.99598153070524,0.0011774539598286469,1.589323635023092e-5,0.0009854225687409679,0.0036877977778278295
"(63, 294.03830935295304)",92.99514285626118,0.0014253308125299683,1.9239070209480584e-5,0.001212118197287895,0.0044449054806305404
"(64, 294.03830935295304)",92.9941614455497,0.0017158722085185557,2.316078878545352e-5,0.0014823663752896441,0.005327792802465944
"(65, 294.03830935295304)",92.9930185820531,0.0020547575834108265,2.773505305321061e-5,0.0018028785885425762,0.0063522895210379295
"(66, 294.03830935295304)",92.99169432056408,0.0024481893134986566,3.304558190969322e-5,0.002181138911028363,0.007535528125282361
"(67, 294.03830935295304)",92.99016630254893,0.002902916402455212,3.918347375942299e-5,0.0026254606668927355,0.008895981711903799
"(68, 294.03830935295304)",92.98841072859962,0.0034262574442660023,4.6247514617868026e-5,0.0031450443132836786,0.010453496696730218
"(69, 294.03830935295304)",92.98640209667744,0.004026122854144434,5.434447889523872e-5,0.0037500365778101413,0.012229322119213088
"(70, 294.03830935295304)",92.98411270150163,0.004711036498092814,6.358942159152407e-5,0.0044515906304296434,0.014246135387074263
"(71, 294.03830935295304)",92.98151296917136,0.005490156364301791,7.410595704178841e-5,0.005261927148762719,0.01652806317278731
"(72, 294.03830935295304)",92.97857173769061,0.006373294358187812,8.602652560804876e-5,0.006194396320649089,0.019100697828650086
"(73, 294.03830935295304)",92.97525494104214,0.007370935817197653,9.949265875381243e-5,0.0072635404727728866,0.021991112700228403
"(74, 294.03830935295304)",92.97152765718363,0.008494257037302522,0.00011465521274568022,0.008485157469586132,0.025227867444656833
"(75, 294.03830935295304)",92.96735160724977,0.009755143670443847,0.00013167462060481033,0.009876364589727783,0.02884101823760216
"(76, 294.03830935295304)",92.96268672874994,0.011166206789869593,0.0001507211068397427,0.011455662931697006,0.032862116507266746
"(77, 294.03830935295304)",92.95749227766339,0.01274079789436334,0.00017197488684859646,0.013243002222549108,0.0373242027575776
"(78, 294.03830935295304)",92.9517228786266,0.014493026369222369,0.0001956264113626378,0.015259846048480546,0.04226181321337479
"(79, 294.03830935295304)",92.94533263226815,0.01643777139426367,0.00022187651817876636,0.017529237341104335,0.04771095894929987
"(80, 294.03830935295304)",92.93827305367621,0.018590696843712957,0.0002509366377908243,0.020075864197860612,0.0537091205328677
"(81, 294.03830935295304)",92.93049349619271,0.02096826406626545,0.00028302896491546123,0.022926125923611804,0.06029523241804668
"(82, 294.03830935295304)",92.92194114236085,0.02358774432802288,0.0003183866266060731,0.02610819932643869,0.06750966608140098
"(83, 294.03830935295304)",92.91256103465594,0.026467230688126557,0.0003572538424265747,0.02965210524752969,0.07539421058942662
"(84, 294.03830935295304)",92.90229610540011,0.02962564937276998,0.0003998860778534946,0.03358977527129463,0.08399205099453028
"(85, 294.03830935295304)",92.89108716641583,0.0330827707368421,0.0004465501926878493,0.0379551186711853,0.0933477450279853
"(86, 294.03830935295304)",92.87887299783043,0.03685921974433903,0.0004975245818543402,0.04278408964298151,0.10350719726700355
"(87, 294.03830935295304)",92.86559033450038,0.040976486185767054,0.0005530993140067279,0.04811475467175604,0.11451763252306031
"(88, 294.03830935295304)",92.85117395135586,0.04545693449450193,0.0006135762635101577,0.05398736029875916,0.12642756688286966
"(89, 294.03830935295304)",92.83555669493313,0.05032381334780367,0.0006792692403378031,0.060444401079450344,0.139286777944942
"(90, 294.03830935295304)",92.81866956169098,0.05560126497879252,0.0007505041154137624,0.06753068792990628,0.1531462733287899
"(91, 294.03830935295304)",92.80044173123333,0.061314334352727366,0.0008276189450547118,0.0752934168800993,0.16805825851226266
"(92, 294.03830935295304)",92.78080066611359,0.06748897807090311,0.000910964090591622,0.08378223809093399,0.18407610298787688
"(93, 294.03830935295304)",92.75967217002623,0.07415207318091412,0.0010009023376232546,0.0930493254547793,0.20125430572738112
"(94, 294.03830935295304)",92.73698048026053,0.08133142578615406,0.0010978090119282708,0.10314944668106744,0.2196484591787572
"(95, 294.03830935295304)",92.71264833878499,0.08905577956296717,0.001202072094740063,0.11414003377287583,0.23931521268485512
"(96, 294.03830935295304)",92.68659708223382,0.09735482410871284,0.0013140923354294006,0.12608125427691022,0.2603122343664244
"(97, 294.03830935295304)",92.65874674391728,0.10625920311486095,0.0014342833615121112,0.13903608303133924,0.2826981717207523
"(98, 294.03830935295304)",92.62901613879,0.11580052242701362,0.001563071787691692,0.1530703745328715,0.3065326113172915
"(99, 294.03830935295304)",92.59732296196509,0.12601135789699794,0.001700897321786767,0.16825293622431794,0.33187603665682874
"(100, 294.03830935295304)",92.56358388579882,0.13692526303843117,0.001848212868059369,0.18465560227541303,0.35878978477313633
"(101, 294.03830935295304)",92.52771465713559,0.14857677644934902,0.002005484627415938,0.2023533083230956,0.3873360009556238
"(102, 294.03830935295304)",92.48963019306545,0.16100142897365788,0.00217319219411565,0.22142416700418166,0.4175775916526186
"(103, 294.03830935295304)",92.44924468169152,0.17423575053067705,0.0023518286476935336,0.24194954428055304,0.4495781751750954
"(104, 294.03830935295304)",92.406471662158,0.18831727668430034,0.002541900642211371,0.26401413678276336,0.4834020305962537
"(105, 294.03830935295304)",92.36122412934665,0.20328455470359072,0.002743928487290261,0.2877060499686259,0.5191140434196083
"(106, 294.03830935295304)",92.31341460234736,0.21917714935052426,0.0029584462270208665,0.31311687732194043,0.5567796495828978
"(107, 294.03830935295304)",92.26295486913963,0.23603565005104446,0.0031860017600658748,0.3403417805248285,0.5964647906004741
"(108, 294.03830935295304)",92.2097577808996,0.25390166578711704,0.003427156651143125,0.3694795706363229,0.6382357769535298
"(109, 294.03830935295304)",92.15373385410066,0.27281784914434404,0.0036824866955793133,0.4006327903807275,0.6821593718021565
"(110, 294.03830935295304)",92.09479478948302,0.29282788015821193,0.003952581461077476,0.4339077974423543,0.7283025729526916
"(111, 294.03830935295304)",92.03285178292019,0.31397647934699807,0.004238044583740149,0.46941484898099606,0.776732615384397
"(112, 294.03830935295304)",91.9678159054462,0.3363094082360479,0.004539493751293384,0.5072681872555559,0.8275168806930453
"(113, 294.03830935295304)",91.8995981246398,0.3598734713225723,0.004857560729224888,0.547586126454635,0.8807228179459488
"(114, 294.03830935295304)",91.82810931287085,0.38471651740961094,0.005192891379249749,0.5904911408436769,0.9364178609644436
"(115, 294.03830935295304)",91.75326024465261,0.4108874404003116,0.005546145669705272,0.6361099541072789,0.9946693420380608
"(116, 294.03830935295304)",91.67496157711253,0.4384361795699188,0.005917997679437178,0.6845736302174527,1.0555444021989544
"(117, 294.03830935295304)",91.59312382132974,0.4674137193023992,0.006309135593894066,0.7360176656312277,1.1191098978759229
"(118, 294.03830935295304)",91.50765729186696,0.4978720884605809,0.006720261697088261,0.7905820830662106,1.1854323047550286
"(119, 294.03830935295304)",91.41847204856752,0.5298643593202806,0.007152092356919988,0.8484115269409874,1.2545776180239427
"(120, 294.03830935295304)",91.32547782057534,0.5634446462403049,0.007605358007292708,0.9096553604489658,1.326611250039326
"(1, 300.0)",92.99999999940911,0.0,2.9169454846822376e-281,3.971889227456797e-12,-3.971889227456797e-12
"(2, 300.0)",92.99999999940911,0.0,4.7252655063327044e-142,3.971889227456797e-12,-3.971889227456797e-12
"(3, 300.0)",92.99999999940911,0.0,1.555214633321043e-95,3.971889227456797e-12,-3.971889227456797e-12
"(4, 300.0)",92.99999999940911,0.0,3.208068036106271e-72,3.971889227456797e-12,-3.971889227456797e-12
"(5, 300.0)",92.99999999940911,0.0,3.37427380006343e-58,3.971889227456797e-12,-3.971889227456797e-12
"(6, 300.0)",92.99999999940911,0.0,7.912008127719848e-49,3.971889227456797e-12,-3.971889227456797e-12
"(7, 300.0)",92.99999999940911,0.0,4.046209251980264e-42,3.971889227456797e-12,-3.971889227456797e-12
"(8, 300.0)",92.99999999940911,0.0,4.472049929423623e-37,3.971889227456797e-12,-3.971889227456797e-12
"(9, 300.0)",92.99999999940911,0.0,3.823474100739071e-33,3.971889227456797e-12,-3.971889227456797e-12
"(10, 300.0)",92.99999999940911,0.0,5.438053778398744e-30,3.971889227456797e-12,-3.971889227456795e-12
"(11, 300.0)",92.99999999940911,0.0,2.095299218010389e-27,3.971889227456797e-12,-3.9718892274561685e-12
"(12, 300.0)",92.99999999940911,0.0,3.028067270081688e-25,3.971889227456797e-12,-3.971889227365955e-12
"(13, 300.0)",92.99999999940911,0.0,2.056370382320473e-23,3.971889227456797e-12,-3.971889221287686e-12
"(14, 300.0)",92.99999999940911,0.0,7.709679002539156e-22,3.971889227456797e-12,-3.971888996166427e-12
"(15, 300.0)",92.99999999940911,0.0,1.7961024309271054e-20,3.971889227456797e-12,-3.971883839149504e-12
"(16, 300.0)",92.99999999940911,0.0,2.841425463239424e-19,3.971889227456797e-12,-3.9718039846928996e-12
"(17, 300.0)",92.99999999940911,0.0,3.2670404729080578e-18,3.971889227456797e-12,-3.970909115314924e-12
"(18, 300.0)",92.99999999997425,1.5312321009767412e-15,2.878393780299101e-17,5.9578338411851955e-12,-5.949198659844299e-12
"(19, 300.0)",92.99999999999056,6.021382501106333e-15,2.0261293376276559e-16,5.9578338411851955e-12,-5.897049961056366e-12
"(20, 300.0)",92.99999999385813,3.6651849268008565e-14,1.1782343551476491e-15,5.9578338411851955e-12,-5.6043635346409005e-12
"(21, 300.0)",92.99999999997515,1.8854826745797476e-13,5.8158370884691105e-15,6.08195537954322e-12,-4.337204253002488e-12
"(22, 300.0)",92.99999999940431,3.1357823843159925e-13,2.4914089153115627e-14,6.454319994617295e-12,1.019906751317393e-12
"(23, 300.0)",92.99999999383009,3.286377383405752e-12,9.4340137624712e-14,1.0053844607000017e-11,1.8248196680413582e-11
"(24, 300.0)",92.99999999491372,5.03444770732733e-12,3.206347271723357e-13,1.1667424605654342e-11,8.452299354604636e-11
"(25, 300.0)",92.99999999476674,4.580224313012452e-11,9.90768770123964e-13,2.879619689906178e-11,2.6843443413812746e-10
"(26, 300.0)",92.99999999334838,1.324656637667127e-10,2.813916982207025e-12,7.707947532033347e-11,7.670956193417739e-10
"(27, 300.0)",92.99999999741955,4.356198485087291e-10,7.41411679945231e-12,2.0616587521267935e-10,2.0180691646230134e-9
"(28, 300.0)",92.99999999064359,8.882486056630338e-10,1.8267341718826885e-11,5.154767488008774e-10,4.964725766847189e-9
"(29, 300.0)",92.99999998762927,1.7257036039261545e-9,4.237824042187304e-11,1.2328992405102613e-9,1.148057288605165e-8
"(30, 300.0)",92.99999998820884,1.880355019108025e-9,9.312153274844147e-11,2.799561297665252e-9,2.513689852686719e-8
"(31, 300.0)",92.99999994220052,1.0574398496883814e-8,1.9482860683574886e-10,6.043601824190591e-9,5.240498022653407e-8
"(32, 300.0)",92.99999992804064,1.9982247832522197e-8,3.8987560809742544e-10,1.2482034261898059e-8,1.0448064816732957e-7
"(33, 300.0)",92.99999993868967,1.702625714902098e-8,7.492165387584906e-10,2.472811347937751e-8,2.0003684814816966e-7
"(34, 300.0)",92.99999968666576,8.626036626984377e-8,1.3874924305326313e-9,4.7176734906809896e-8,3.690709942529795e-7
"(35, 300.0)",92.99999933954477,1.8402938913635396e-7,2.4840228750452596e-9,8.694477931056764e-8,6.582620832030103e-7
"(36, 300.0)",92.99999929489438,1.972208777206647e-7,4.311136949589402e-9,1.5520690878902374e-7,1.1381341760877971e-6
"(37, 300.0)",92.99999836859772,5.434074894439242e-7,7.271415992695457e-9,2.690464671525466e-7,1.9123783306560906e-6
"(38, 300.0)",92.99999686202877,8.849840204754326e-7,1.194548632034585e-8,4.539286015752836e-7,3.129717294528471e-6
"(39, 300.0)",92.9999949861317,1.418881596008744e-6,1.91520188902378e-8,7.469310221170824e-7,4.998674644954258e-6
"(40, 300.0)",92.99999214709885,2.2241537398958274e-6,3.002155683819562e-8,1.2008649609185155e-6,7.805602090540169e-6
"(41, 300.0)",92.99998797338414,3.4142682718675187e-6,4.608568510327249e-8,1.8895148388211257e-6,1.193619069216062e-5
"(42, 300.0)",92.99998192076251,5.140249143295945e-6,6.938292030030188e-8,2.914086379285126e-6,1.790078971080544e-5
"(43, 300.0)",92.99997331091234,7.599846908680563e-6,1.0258249311609812e-7,4.411049227790551e-6,2.6363698707038883e-5
"(44, 300.0)",92.99996125619484,1.1048104318268528e-5,1.4912696261551156e-7,6.561594640695523e-6,3.8176494143957945e-5
"(45, 300.0)",92.99994465022232,1.580936661859244e-5,2.1339433041165234e-7,9.602755285614674e-6,5.4415543837881026e-5
"(46, 300.0)",92.99992207772763,2.2290764604539393e-5,3.008800353331163e-7,1.384050602154975e-5,7.642350457838515e-5
"(47, 300.0)",92.9998918063128,3.099717611122799e-5,4.183989024002573e-7,1.9664781487937097e-5,0.00010585488923214009
"(48, 300.0)",92.99985171080075,4.2547649089261816e-5,5.74306821477478e-7,2.7566785722022452e-5,0.00014472526072122096
"(49, 300.0)",92.99979923053488,5.7693247441567525e-5,7.787416289101014e-7,3.815843083298319e-5,0.00019546405784004722
"(50, 300.0)",92.99973128656364,7.733625995397326e-5,1.0438823899342323e-6,5.219427324964542e-5,0.00026097044373062426
"(51, 300.0)",92.99964420488182,0.00010255069346610085,1.3842260168734298e-6,7.059576595198529e-5,0.0003446720391100437
"(52, 300.0)",92.99953371294384,0.0001346039541787319,1.8168799146172002e-6,9.447813165303428e-5,0.00045058584273212577
"(53, 300.0)",92.99939475834685,0.00017497960654825798,2.3618691927025933e-6,0.00012517963587072863,0.0005833811219400494
"(54, 300.0)",92.99922151310822,0.00022540108646959824,3.04245673647607e-6,0.0001642934953482612,0.0007484435255945598
"(55, 300.0)",92.99900731355793,0.0002878562363526409,3.885474370343423e-6,0.00021370227660073577,0.0009519400345022913
"(56, 300.0)",92.99874446122836,0.0003646225234384412,4.92166328630858e-6,0.00027561480258574725,0.0012008841833068265
"(57, 300.0)",92.99842428118335,0.00045829279668868487,6.186021671226375e-6,0.00035260548061281016,0.001503201020755102
"(58, 300.0)",92.99803695745636,0.000571801438881507,7.718157730053133e-6,0.00044765608959694856,0.0018677912294189913
"(59, 300.0)",92.99757146088263,0.0007084507693228219,9.56264606913758e-6,0.0005641998487902823,0.002304593971950992
"(60, 300.0)",92.99701549811299,0.000871937555550517,1.1769385537363782e-5,0.0007061676426288563,0.0028246480185802783
"(61, 300.0)",92.99635537117047,0.0010663795113045025,1.4393956937016723e-5,0.0008780365014884291,0.0034401505796165877
"(62, 300.0)",92.9955760667944,0.0012963415883614046,1.7497977746278427e-5,0.0010848799492281988,0.004164513374655329
"(63, 300.0)",92.99466087067562,0.0015668620893023438,2.1149454910739863e-5,0.00133242032277753,0.005012416150444429
"(64, 300.0)",92.99359156910499,0.001883478307057698,2.5423130604197583e-5,0.0016270828149019983,0.005999856366357277
"(65, 300.0)",92.99234821690047,0.0022522517134902498,3.040082254087309e-5,0.001976051136259023,0.007144195626002905
"(66, 300.0)",92.99090945224526,0.0026797925611490646,3.617175520888232e-5,0.0023873247511904875,0.008464201811474208
"(67, 300.0)",92.98925137228106,0.0031732838987484843,4.283288609575833e-5,0.0028697773455457444,0.009980088483181755
"(68, 300.0)",92.98734931431089,0.003740504696730939,5.048921410467859e-5,0.0034332166763497134,0.011713547555053863
"(69, 300.0)",92.98517526143773,0.004389852496284198,5.925409126277954e-5,0.0040884454438600846,0.013687781934973775
"(70, 300.0)",92.98270116951102,0.005130364818887792,6.924950213292704e-5,0.004847323213816864,0.015927527426061246
"(71, 300.0)",92.97989500267276,0.005971740278030078,8.060636132363955e-5,0.005722829184959588,0.018459079212132277
"(72, 300.0)",92.97672339918525,0.006924358488526936,9.346477207829713e-5,0.006729125744840436,0.0213103058786487
"(73, 300.0)",92.97315142276646,0.007999298839866397,0.00010797428305740704,0.007881622696762491,0.024510662220459625
"(74, 300.0)",92.96914174141135,0.009208359030429675,0.00012429413883461207,0.009197042073812892,0.028091199576570733
"(75, 300.0)",92.96465416066671,0.010564072773284066,0.00014259352003741788,0.010693483448513268,0.0320845725627121
"(76, 300.0)",92.95964707709052,0.012079725662661741,0.00016305175478169732,0.012390489660511535,0.036525036773997654
"(77, 300.0)",92.95407644723798,0.013769371394141154,0.0001858585394060596,0.014309112908322149,0.04144844891349573
"(78, 300.0)",92.94789601781719,0.01564784665718079,0.00021121413907010617,0.016471981179918164,0.04689226054111369
"(79, 300.0)",92.94105731996979,0.017730785407267174,0.0002393295804099347,0.01890336489929477,0.05289550922368564
"(80, 300.0)",92.93350967110744,0.020034632455298816,0.00027042683497382363,0.021629243826737247,0.05949880666540984
"(81, 300.0)",92.92520018778927,0.022576656419153542,0.00030473899400083583,0.024677374180149404,0.06674432402010134
"(82, 300.0)",92.91607377218557,0.02537496211261007,0.0003425104359482479,0.028077355898873488,0.07467577488560088
"(83, 300.0)",92.90607324496719,0.02844850229749585,0.00038399698387946775,0.0318607001267088,0.08333839503713153
"(84, 300.0)",92.89513915937931,0.03181708919574732,0.00042946606324561007,0.03606089685020632,0.0927789221234767
"(85, 300.0)",92.88321004588774,0.03550140525186551,0.00047919684479520166,0.040713482751941796,0.10304557068661872
"(86, 300.0)",92.87022234835955,0.03952301374826434,0.0005334803890318083,0.04585610920007439,0.1141880075094681
"(87, 300.0)",92.85611048857415,0.04390436899393312,0.0005926197835644007,0.05152861055503572,0.12625732451428448
"(88, 300.0)",92.84080693592182,0.04866882620936308,0.000656930276252684,0.05777307263161921,0.13930601024418604
"(89, 300.0)",92.82424223182639,0.053840651222650575,0.0007267394066988571,0.06463390148192347,0.15338792052773367
"(90, 300.0)",92.80634510174627,0.05944502983383195,0.0008023871318069246,0.07215789249964646,0.16855824704243094
"(91, 300.0)",92.78704248192062,0.06550807711432464,0.000884225952158717,0.08039429985019864,0.18487348579741647
"(92, 300.0)",92.7662596283563,0.07205684641862685,0.0009726210330179582,0.08939490631774034,0.2023914035876471
"(93, 300.0)",92.74392018166411,0.07911933831779482,0.0010679503252737192,0.09921409353513416,0.2211710040469816
"(94, 300.0)",92.71994626888588,0.08672450932311059,0.0011706046828059559,0.10990891277331305,0.2412724920684737
"(95, 300.0)",92.69425857053959,0.09490228054878556,0.001280987980057887,0.12153915616768035,0.26275723784968574
"(96, 300.0)",92.66677643655912,0.10368354612251422,0.0013995172249883804,0.1341674285811293,0.28568773891538485
"(97, 300.0)",92.63741797965675,0.113100181482742,0.0015266226711292557,0.14785921999110346,0.3101275813476732
"(98, 300.0)",92.6061001654312,0.12318505151693797,0.001662747927755458,0.1626829786499347,0.33614139967670265
"(99, 300.0)",92.57273892106268,0.13397201844434042,0.0018083500660308531,0.17871018483897808,0.36379483497027787
"(100, 300.0)",92.53724923604365,0.1454959494824729,0.0019638997224970868,0.19601542534985122,0.39315449139927483
"(101, 300.0)",92.49954525761083,0.1577927242642925,0.0021298811994214586,0.21467646883266234,0.4242878909937752
"(102, 300.0)",92.45954039735012,0.17089924189733963,0.0023067925597830955,0.2347743418410567,0.45726342609387194
"(103, 300.0)",92.41714742754691,0.1848534276974535,0.0024951457181442167,0.2563934057664697,0.49215030967679535
"(104, 300.0)",92.37227856623139,0.19969423956990934,0.002695466527216499,0.27962143467250933,0.5290185234924402
"(105, 300.0)",92.32484557489998,0.21546167387592782,0.0029082948565838985,0.3045496939196207,0.5679387630555489
"(106, 300.0)",92.27475983727886,0.23219677087996354,0.003134184666445271,0.33127301986600816,0.608982380067573
"(107, 300.0)",92.22193243641547,0.2499416196572665,0.0033737040737830894,0.3598899003871388,0.652221321747788
"(108, 300.0)",92.16627422167166,0.2687393624603342,0.0036274354113672727,0.3905025564707599,0.6977280669394219
"(109, 300.0)",92.10769586841995,0.28863419849301736,0.003895975278653609,0.4232170247949578,0.7455755588011249
"(110, 300.0)",92.04610792675717,0.3096713870854383,0.004179934584636145,0.45814324133059287,0.7958371340602506
"(111, 300.0)",91.98142085879824,0.331897250252877,0.004479938582410167,0.49539512604506425,0.848586448677986
"(112, 300.0)",91.91354506668111,0.3553591745879273,0.004796626894776309,0.5350906687513441,0.9038973996815485
"(113, 300.0)",91.84239090319842,0.38010561261806003,0.0051306535323230006,0.5773520160317809,0.9618440436651192
"(114, 300.0)",91.76786867500239,0.40618608343478313,0.005482686902140291,0.6223055594666668,1.0225005111754206
"(115, 300.0)",91.68988862527527,0.4336511728526597,0.005853409810081406,0.6700820250834184,1.0859409179410033
"(116, 300.0)",91.60836090882809,0.4625525329428115,0.006243519454238422,0.7208165640946338,1.152239272176893
"(117, 300.0)",91.52319555241398,0.49294288107364514,0.0066537274115937945,0.7746488451596178,1.2214693783185204
"(118, 300.0)",91.43430238733019,0.5248759986610751,0.007084759622397682,0.8317231480325936,1.293704738686711
"(119, 300.0)",91.34159098646707,0.5584067293734382,0.007537356364853591,0.8921884588794796,1.369018450576598
"(120, 300.0)",91.24497058016111,0.5935909771279114,0.008012272227547223,0.9561985672700589,1.447483100994108
"(1, 305.96169064704696)",92.99999999940911,0.0,1.1325503807634783e-278,3.971889227456797e-12,-3.971889227456797e-12
"(2, 305.96169064704696)",92.99999999940911,0.0,9.310883336007503e-141,3.971889227456797e-12,-3.971889227456797e-12
"(3, 305.96169064704696)",92.99999999940911,0.0,1.1345756314027735e-94,3.971889227456797e-12,-3.971889227456797e-12
"(4, 305.96169064704696)",92.99999999940911,0.0,1.4240522020286732e-71,3.971889227456797e-12,-3.971889227456797e-12
"(5, 305.96169064704696)",92.99999999940911,0.0,1.1117475986704599e-57,3.971889227456797e-12,-3.971889227456797e-12
"(6, 305.96169064704696)",92.99999999940911,0.0,2.1370186638135784e-48,3.971889227456797e-12,-3.971889227456797e-12
"(7, 305.96169064704696)",92.99999999940911,0.0,9.482525690765831e-42,3.971889227456797e-12,-3.971889227456797e-12
"(8, 305.96169064704696)",92.99999999940911,0.0,9.422104659313826e-37,3.971889227456797e-12,-3.971889227456797e-12
"(9, 305.96169064704696)",92.99999999940911,0.0,7.415481356694722e-33,3.971889227456797e-12,-3.971889227456797e-12
"(10, 305.96169064704696)",92.99999999940911,0.0,9.870897163752669e-30,3.971889227456797e-12,-3.971889227456794e-12
"(11, 305.96169064704696)",92.99999999940911,0.0,3.602646664069786e-27,3.971889227456797e-12,-3.971889227455694e-12
"(12, 305.96169064704696)",92.99999999940911,0.0,4.976529021210302e-25,3.971889227456797e-12,-3.971889227304534e-12
"(13, 305.96169064704696)",92.99999999940911,0.0,3.2528601254829585e-23,3.971889227456797e-12,-3.9718892175042915e-12
"(14, 305.96169064704696)",92.99999999940911,0.0,1.1802509564542773e-21,3.971889227456797e-12,-3.971888866345219e-12
"(15, 305.96169064704696)",92.99999999940911,0.0,2.6726369796354552e-20,3.971889227456797e-12,-3.971881050211509e-12
"(16, 305.96169064704696)",92.99999999940911,0.0,4.1243649942703142e-19,3.971889227456797e-12,-3.971763037688148e-12
"(17, 305.96169064704696)",92.99999999940911,0.0,4.639342848738681e-18,3.971889227456797e-12,-3.970469766275305e-12
"(18, 305.96169064704696)",92.99999999997425,2.9144908597382512e-15,4.0085835465741007e-17,5.9578338411851955e-12,-5.945569111195098e-12
"(19, 305.96169064704696)",92.99999999999056,6.021382501106333e-15,2.7729199217932656e-16,5.9578338411851955e-12,-5.872993114455121e-12
"(20, 305.96169064704696)",92.99999999385813,3.6651849268008565e-14,1.5874071450256335e-15,5.9578338411851955e-12,-5.472148067347951e-12
"(21, 305.96169064704696)",92.99999999997515,1.8854826745797476e-13,7.725102892200148e-15,6.08195537954322e-12,-3.718369838223271e-12
"(22, 305.96169064704696)",92.99999999940431,3.1357823843159925e-13,3.266877601614666e-14,6.702563071333345e-12,3.292830869936587e-12
"(23, 305.96169064704696)",92.99999999383009,3.286377383405752e-12,1.2225524047946976e-13,1.0798573837148167e-11,2.6606846230411697e-11
"(24, 305.96169064704696)",92.99999999491372,5.03444770732733e-12,4.1104661121756805e-13,1.3777490757740765e-11,1.1198702534512578e-10
"(25, 305.96169064704696)",92.99999999476674,4.580224313012452e-11,1.2575857148136287e-12,3.53746384320371e-11,3.493984130059158e-10
"(26, 305.96169064704696)",92.99999999334838,2.639065935287871e-10,3.539103636265257e-12,9.594594915075325e-11,9.868841827760765e-10
"(27, 305.96169064704696)",92.99999999741955,5.492764985325327e-10,9.245985223255824e-12,2.5556624747917326e-10,2.5733510231257927e-9
"(28, 305.96169064704696)",92.99999999064359,8.882486056630338e-10,2.26018683719349e-11,6.368676133150258e-10,6.278438245544195e-9
"(29, 305.96169064704696)",92.99999998762927,1.7257036039261545e-9,5.2050309699410865e-11,1.5134139171993976e-9,1.4411986837134738e-8
"(30, 305.96169064704696)",92.99999998820884,1.880355019108025e-9,1.1359376526078603e-10,3.413714669460759e-9,3.134162579669313e-8
"(31, 305.96169064704696)",92.99999994220052,1.4433920807365684e-8,2.36141918816757e-10,7.32441197850705e-9,6.492596873530563e-8
"(32, 305.96169064704696)",92.99999992804064,1.9982247832522197e-8,4.697171459612241e-10,1.5036952007459643e-8,1.2867850009674222e-7
"(33, 305.96169064704696)",92.99999993868967,1.702625714902098e-8,8.975649238846547e-10,2.9623591073756373e-8,2.449968905034806e-7
"(34, 305.96169064704696)",92.99999968666576,1.0817888181142236e-7,1.6534137001816877e-9,5.621799600388515e-8,4.496632550426936e-7
"(35, 305.96169064704696)",92.99999933954477,2.2623673738734072e-7,2.9453082726069656e-9,1.0308976429094937e-7,7.980617342726113e-7
"(36, 305.96169064704696)",92.99999866152967,3.6432387911553785e-7,5.087590555685396e-9,1.831532455149481e-7,1.3734545622225047e-6
"(37, 305.96169064704696)",92.99999775073715,6.328883930280212e-7,8.542707514184917e-9,3.1608219999178176e-7,2.2976590337514673e-6
"(38, 305.96169064704696)",92.99999633638646,1.0353101714532776e-6,1.3974583936168723e-8,5.310322805955969e-7,3.74465504660365e-6
"(39, 305.96169064704696)",92.99999415811516,1.653233406688376e-6,2.231529221601994e-8,8.703006321957344e-7,5.957323901500613e-6
"(40, 305.96169064704696)",92.99999088603325,2.5816249283321117e-6,3.4846691633811406e-8,1.3938703535406317e-6,9.267882332196612e-6
"(41, 305.96169064704696)",92.99998609111832,3.948637641218696e-6,5.329858594286633e-8,2.1852435889529586e-6,1.4122081875223357e-5
"(42, 305.96169064704696)",92.99997916352996,5.924207967504398e-6,7.996477170525034e-8,3.3585237791867865e-6,2.1107632963956754e-5
"(43, 305.96169064704696)",92.99996934253146,8.730063598123512e-6,1.1783812222072783e-7,5.06704235658655e-6,3.0986908740740695e-5
"(44, 305.96169064704696)",92.99995564025495,1.265120672836797e-5,1.70765588124426e-7,7.513686401807662e-6,4.473404164507901e-5
"(45, 305.96169064704696)",92.99993680317671,1.8048916074433176e-5,2.436236983021445e-7,1.0963071243083288e-5,6.357644737112696e-5
"(46, 305.96169064704696)",92.99991129525812,2.5375287648596396e-5,3.4251482978486037e-7,1.5755683981398704e-5,8.904073241126269e-5
"(47, 305.96169064704696)",92.99987717427052,3.51893103476094e-5,4.749841976840125e-7,2.2324254376671486e-5,0.00012300271377736015
"(48, 305.96169064704696)",92.99983210115556,4.8174448689276695e-5,6.502571844833018e-7,3.121233956568987e-5,0.00016774144795420986
"(49, 305.96169064704696)",92.99977325310047,6.515768209464143e-5,8.794963320095369e-7,4.3095297623178306e-5,0.00022599688703633613
"(50, 305.96169064704696)",92.99969725885416,8.712992871708479e-5,1.176077021026347e-6,5.8803804373184047e-5,0.0003010307093111797
"(51, 305.96169064704696)",92.99960009613886,0.0001152677623930885,1.5558806096980495e-6,7.934980608565393e-5,0.00039669005570251947
"(52, 305.96169064704696)",92.99947707044335,0.0001509563141033096,2.0376035513923847e-6,0.00010595518484923202,0.000517473442603209
"(53, 305.96169064704696)",92.99932269783083,0.00019581323506993273,2.6430808524352493e-6,0.00014008290451300131,0.0006685985816149257
"(54, 305.96169064704696)",92.99913064770845,0.00025171358685924293,3.397622034305755e-6,0.00018347089723179245,0.0008560712845640554
"(55, 305.96169064704696)",92.99889365507644,0.0003208155152849141,4.330357678932108e-6,0.00023816845354292097,0.001086755103009569
"(56, 305.96169064704696)",92.99860343041414,0.00040558655918287285,5.474594544862734e-6,0.0003065751980186903,0.0013684410045346125
"(57, 305.96169064704696)",92.9982505576155,0.0005088304422851339,6.868177212684754e-6,0.0003914825849584878,0.001709916526698062
"(58, 305.96169064704696)",92.99782445552721,0.0006337141953895769,8.553854161159526e-6,0.0004961177747319868,0.0021210339059646597
"(59, 305.96169064704696)",92.9973132433593,0.0007837954601752719,1.0579646337662924e-5,0.0006241898526681418,0.0026127766272510448
"(60, 305.96169064704696)",92.99670375622509,0.0009630498352062686,1.2999216204382228e-5,0.0007799383103074631,0.0031973238566718122
"(61, 305.96169064704696)",92.99598126489091,0.00117589808340542,1.587223512655284e-5,0.0009681835675847477,0.0038881123260828053
"(62, 305.96169064704696)",92.9951296205128,0.0014272331720207255,1.926474820230959e-5,0.0011943795458719871,0.004699895383996313
"(63, 305.96169064704696)",92.99413100378406,0.0017224468967072149,2.3249533780244896e-5,0.0014646680965141534,0.005648798565645204
"(64, 305.96169064704696)",92.99296608003871,0.0020674560626016275,2.7906456524761872e-5,0.0017859351087293972,0.00675237150955506
"(65, 305.96169064704696)",92.99161349720768,0.002468728119521878,3.3322814066384985e-5,0.0021658682489627493,0.008029636279905598
"(66, 305.96169064704696)",92.99005025452135,0.002933306103567998,3.9593673205994116e-5,0.0026130161369466247,0.00950113105608602
"(67, 305.96169064704696)",92.98825155619873,0.0034688329042784007,4.6822197146519744e-5,0.0031368488183349196,0.011188949780423599
"(68, 305.96169064704696)",92.98619050943016,0.0040835747225718005,5.5119962969761154e-5,0.0037478194414401504,0.013116777617190595
"(69, 305.96169064704696)",92.98383827513963,0.004786443701958694,6.460726656492528e-5,0.004457426988755425,0.015309921517533544
"(70, 305.96169064704696)",92.98116439155022,0.0055870196309886575,7.54134142027276e-5,0.005278279898800213,0.017795335808132345
"(71, 305.96169064704696)",92.97813504039057,0.006495571102541056,8.76770134754849e-5,0.006224160552720866,0.02060164672112241
"(72, 305.96169064704696)",92.97471570105377,0.007523074991492759,0.00010154622857388246,0.007310090421962456,0.02375916535133409
"(73, 305.96169064704696)",92.9708692527402,0.008681235860078343,0.00011717904695981474,0.008552395825253252,0.02729990349098137
"(74, 305.96169064704696)",92.96655573392796,0.009982504409502192,0.00013474352866440475,0.009968774211119772,0.03125758362279034
"(75, 305.96169064704696)",92.96173320311206,0.011440094476968504,0.00015441803435308068,0.011578360895431418,0.03566764196163093
"(76, 305.96169064704696)",92.95635910924716,0.01306799847829631,0.00017639143000750134,0.013401796047560527,0.04056722409318483
"(77, 305.96169064704696)",92.95038588334164,0.014881005826029895,0.00020086334579192864,0.015461292137778084,0.04599519672974282
"(78, 305.96169064704696)",92.94376552113512,0.016894714988041015,0.00022804432838073463,0.017780701487297927,0.051992126766541996
"(79, 305.96169064704696)",92.9364473308204,0.019125549056545874,0.00025815605601942207,0.020385584115964413,0.05860027923451172
"(80, 305.96169064704696)",92.92837834098461,0.02159076898499936,0.0002914315166120534,0.023303275709965605,0.06586360382049121
"(81, 305.96169064704696)",92.91950335954616,0.024308486436732415,0.0003281151807815176,0.026562955766792018,0.07382771967208256
"(82, 305.96169064704696)",92.90976496967383,0.027297676098850393,0.0003684631683068125,0.03019571590428404,0.08253989801203572
"(83, 305.96169064704696)",92.89910355873873,0.0305781874691547,0.0004127434072457242,0.03423462822081743,0.09204904246350695
"(84, 305.96169064704696)",92.88745742543442,0.03417075610882835,0.0004612357848166098,0.03871481390795201,0.10240566660145549
"(85, 305.96169064704696)",92.87476264476899,0.038097014714758536,0.0005142322991994326,0.04367351194351114,0.11366187170486532
"(86, 305.96169064704696)",92.86095329351564,0.04237950351176948,0.0005720371974778053,0.04915014796612684,0.12587132008718113
"(87, 305.96169064704696)",92.84596142666479,0.04704168055544075,0.0006349671156979815,0.05518640335483377,0.13908920886939974
"(88, 305.96169064704696)",92.82971714450424,0.05210793169044536,0.0007033512132199574,0.061826284527365244,0.15337224178806452
"(89, 305.96169064704696)",92.81214866019829,0.057603580277155106,0.0007775313040163449,0.0691161925077931,0.16877859980005083
"(90, 305.96169064704696)",92.79318238614606,0.06355489668866958,0.0008578619845719609,0.07710499276202179,0.18536791037944628
"(91, 305.96169064704696)",92.77274298504638,0.0699891076950363,0.0009447107611519549,0.08584408541086017,0.20320121624365053
"(92, 305.96169064704696)",92.75075347995373,0.07693440559438862,0.001038458172507326,0.09538747575476254,0.2223409423718217
"(93, 305.96169064704696)",92.72713534102506,0.0844199572302848,0.0011394979115750962,0.10579184531317752,0.2428508622011181
"(94, 305.96169064704696)",92.70180855592334,0.09247591291438104,0.0012482369465660187,0.11711662321876043,0.2647960632806863
"(95, 305.96169064704696)",92.67469175955823,0.10113341506547033,0.0013650956366700634,0.12942405823666175,0.2882429106538178
"(96, 305.96169064704696)",92.64570231165179,0.11042460681128101,0.0014905078488096734,0.14277929123611438,0.31325901010838636
"(97, 305.96169064704696)",92.61475640203562,0.12038264035155798,0.0016249210705173442,0.15725042832048589,0.33991316958301016
"(98, 305.96169064704696)",92.58176917059097,0.13104168506272426,0.0017687965187656114,0.1729086145616782,0.3682753587304594
"(99, 305.96169064704696)",92.5466547964783,0.1424369354592051,0.0019226092480008768,0.1898281084494676,0.3984166675225282
"(100, 305.96169064704696)",92.50932660643679,0.15460461882436563,0.0020868482530677496,0.20808635697845704,0.4304092626539881
"(101, 305.96169064704696)",92.46969718426338,0.16758200250873637,0.0022620165674776625,0.22776407155832643,0.4643263416987693
"(102, 305.96169064704696)",92.42767847180214,0.1814074008879824,0.0024486313573051197,0.24894530468134873,0.500242085171099
"(103, 305.96169064704696)",92.38318185817715,0.1961201819594364,0.0026472240106844907,0.27171752733811044,0.5382316064923726
"(104, 305.96169064704696)",92.33611828294211,0.21176077340365027,0.0028583402191535473,0.29617170736203363,0.5783708985346364
"(105, 305.96169064704696)",92.2863983216335,0.22837066820086363,0.003082540053543846,0.3224023885655452,0.6207367777039685
"(106, 305.96169064704696)",92.23393226177805,0.24599242973020413,0.0033203980331234935,0.3505077707794785,0.665406825056115
"(107, 305.96169064704696)",92.17863018279473,0.26466969622339914,0.0035725031852804194,0.38058979084684535,0.7124593235635124
"(108, 305.96169064704696)",92.12040201501573,0.2844471846740859,0.003839459098607643,0.41275420446671696,0.7619731925134644
"(109, 305.96169064704696)",92.0591575958654,0.3053706940654616,0.004121883966314717,0.4471106691148584,0.814027917869748
"(110, 305.96169064704696)",91.99480671058664,0.32748710797261166,0.0044204106214644715,0.4837728278366901,0.868703479260743
"(111, 305.96169064704696)",91.92725912615587,0.3508443964430591,0.0047356865622543804,0.5228583941683893,0.9260802727934628
"(112, 305.96169064704696)",91.85642460658453,0.37549161729125013,0.005068373969337619,0.5644892380697066,0.9862390304203157
"(113, 305.96169064704696)",91.78221291811289,0.4014789166420529,0.005419149713711612,0.6087914729942321,1.0492607352824332
"(114, 305.96169064704696)",91.70453382043614,0.42885752892220963,0.00578870535598389,0.6558955440540413,1.1152265333204054
"(115, 305.96169064704696)",91.62329704227889,0.4576797762055806,0.0061777471378519164,0.7059363175018907,1.1842176411852372
"(116, 305.96169064704696)",91.5384122427778,0.4879990670305145,0.006586995966066153,0.7590531714264539,1.2563152506364248
"(117, 305.96169064704696)",91.4497889559062,0.5198698947507735,0.007017187390419827,0.8153900878441729,1.331600429715817
"(118, 305.96169064704696)",91.35733652964728,0.553347835369712,0.007469071573417752,0.8750957462676584,1.4101540198990365
"(119, 305.96169064704696)",91.26096402672084,0.5884895453205036,0.00794341326242068,0.9383236188354169,1.4920565324429893
"(120, 305.96169064704696)",91.16058013884604,0.6253527587155769,0.008440991750792732,1.0052320671086523,1.5773880397016693
"(1, 311.79020697643614)",92.99999999940911,0.0,3.849016924139546e-276,3.971889227456797e-12,-3.971889227456797e-12
"(2, 311.79020697643614)",92.99999999940911,0.0,1.7164735575061445e-139,3.971889227456797e-12,-3.971889227456797e-12
"(3, 311.79020697643614)",92.99999999940911,0.0,7.917673916833916e-94,3.971889227456797e-12,-3.971889227456797e-12
"(4, 311.79020697643614)",92.99999999940911,0.0,6.114332199588154e-71,3.971889227456797e-12,-3.971889227456797e-12
"(5, 311.79020697643614)",92.99999999940911,0.0,3.566684564230794e-57,3.971889227456797e-12,-3.971889227456797e-12
"(6, 311.79020697643614)",92.99999999940911,0.0,5.645344065818551e-48,3.971889227456797e-12,-3.971889227456797e-12
"(7, 311.79020697643614)",92.99999999940911,0.0,2.18040558384773e-41,3.971889227456797e-12,-3.971889227456797e-12
"(8, 311.79020697643614)",92.99999999940911,0.0,1.9523584775736646e-36,3.971889227456797e-12,-3.971889227456797e-12
"(9, 311.79020697643614)",92.99999999940911,0.0,1.417079384588486e-32,3.971889227456797e-12,-3.971889227456797e-12
"(10, 311.79020697643614)",92.99999999940911,0.0,1.7680152999052185e-29,3.971889227456797e-12,-3.971889227456791e-12
"(11, 311.79020697643614)",92.99999999940911,0.0,6.119829692268316e-27,3.971889227456797e-12,-3.971889227454889e-12
"(12, 311.79020697643614)",92.99999999940911,0.0,8.088495839693429e-25,3.971889227456797e-12,-3.9718892272046055e-12
"(13, 311.79020697643614)",92.99999999940911,0.0,5.0930787364595317e-23,3.971889227456797e-12,-3.971889211577076e-12
"(14, 311.79020697643614)",92.99999999940911,0.0,1.7897038212153985e-21,3.971889227456797e-12,-3.971888669444672e-12
"(15, 311.79020697643614)",92.99999999940911,0.0,3.9417856298238776e-20,3.971889227456797e-12,-3.971876937355223e-12
"(16, 311.79020697643614)",92.99999999940911,0.0,5.936945510711868e-19,3.971889227456797e-12,-3.9717041193098376e-12
"(17, 311.79020697643614)",92.99999999940911,0.0,6.536664697013759e-18,3.971889227456797e-12,-3.9698511594179795e-12
"(18, 311.79020697643614)",92.99999999997425,2.9144908597382512e-15,5.541386870442873e-17,5.9578338411851955e-12,-5.940556339592476e-12
"(19, 311.79020697643614)",92.99999999999056,6.021382501106333e-15,3.7684556478078804e-16,5.9578338411851955e-12,-5.8403370845440415e-12
"(20, 311.79020697643614)",92.99999999385813,3.6651849268008565e-14,2.1244822321639284e-15,5.9578338411851955e-12,-5.295441086301043e-12
"(21, 311.79020697643614)",92.99999999997515,1.8854826745797476e-13,1.0196289233913893e-14,6.206076917901245e-12,-3.026973787267625e-12
"(22, 311.79020697643614)",92.99999999940431,3.1357823843159925e-13,4.257863529681855e-14,6.950806148049394e-12,6.324795363919851e-12
"(23, 311.79020697643614)",92.99999999383009,3.286377383405752e-12,1.575156803296766e-13,1.1543303067296316e-11,3.75685435047277e-11
"(24, 311.79020697643614)",92.99999999491372,5.03444770732733e-12,5.240366915562064e-13,1.6508164601617313e-11,1.468813439219391e-10
"(25, 311.79020697643614)",92.99999999476674,1.3146952495565791e-10,1.5877765704910687e-12,4.3690781502024765e-11,4.513624040437215e-10
"(26, 311.79020697643614)",92.99999999266366,2.639065935287871e-10,4.428440043665693e-12,1.1915667682370392e-10,1.2615875609735604e-9
"(27, 311.79020697643614)",92.99999999741955,5.492764985325327e-10,1.1473735816438559e-11,3.157651935828154e-10,3.2616332714175116e-9
"(28, 311.79020697643614)",92.99999999064359,8.882486056630338e-10,2.7832211407908812e-11,7.833310285774952e-10,7.89447992690632e-9
"(29, 311.79020697643614)",92.9999999780293,2.3022161453162068e-9,6.363694610740442e-11,1.849410921534571e-9,1.7991965676641366e-8
"(30, 311.79020697643614)",92.99999998820884,1.880355019108025e-9,1.3795294273610395e-10,4.144542287312809e-9,3.8867834281385484e-8
"(31, 311.79020697643614)",92.99999994220052,1.4433920807365684e-8,2.849887631739062e-10,8.838570624936595e-9,8.001813483101416e-8
"(32, 311.79020697643614)",92.99999992804064,1.9982247832522197e-8,5.635589500472331e-10,1.803982438495534e-8,1.576723372936945e-7
"(33, 311.79020697643614)",92.99999993868967,1.702625714902098e-8,1.0709562977498115e-9,3.534546987052296e-8,2.9856821586760853e-7
"(34, 311.79020697643614)",92.99999947613311,1.2660701267353014e-7,1.9625980579261948e-9,6.673233151819344e-8,5.451865231741665e-7
"(35, 311.79020697643614)",92.99999907866486,2.577419125847851e-7,3.478992184690802e-9,1.217706764215239e-7,9.62945016912625e-7
"(36, 311.79020697643614)",92.9999984263935,4.431568565771115e-7,5.981717228936552e-9,2.153437941234868e-7,1.649697058761155e-6
"(37, 311.79020697643614)",92.99999736922308,7.408674157476686e-7,1.0000204945762815e-8,3.700096571268079e-7,2.7479563127193606e-6
"(38, 311.79020697643614)",92.99999572280701,1.2069339504273797e-6,1.6291156292897518e-8,6.190659781621795e-7,4.460357014285807e-6
"(39, 311.79020697643614)",92.9999932171315,1.919725735213755e-6,2.591239723213577e-8,1.010583787820281e-6,7.068647908442962e-6
"(40, 311.79020697643614)",92.99998945872208,2.9865896833607444e-6,4.031289308070505e-8,1.6125142911259818e-6,1.0956650986325987e-5
"(41, 311.79020697643614)",92.99998396580469,4.551832350819134e-6,6.144048905306378e-8,2.519059405494566e-6,1.663748339309365e-5
"(42, 311.79020697643614)",92.99997605731309,6.806115996874084e-6,9.186873844199518e-8,3.858487942245216e-6,2.4785285031248537e-5
"(43, 311.79020697643614)",92.99996488557426,9.997350511106668e-6,1.3494392099722443e-7,5.802592923094662e-6,3.6271600134841784e-5
"(44, 311.79020697643614)",92.99994935712591,1.4443141101218121e-5,1.9495306159081318e-7,8.577929792483193e-6,5.220652563160635e-5
"(45, 311.79020697643614)",92.9999280719829,2.0544827750942657e-5,2.773134349262022e-7,1.2479094567383587e-5,7.398451870560344e-5
"(46, 311.79020697643614)",92.99989931204712,2.8803127372482717e-5,3.8878370194554595e-7,1.7884028767709884e-5,0.00010333492213095693
"(47, 311.79020697643614)",92.99986095122607,3.983536416021706e-5,5.376964854544207e-7,2.527169407513649e-5,0.00014237680441519962
"(48, 311.79020697643614)",92.9998104223768,5.439424877213177e-5,7.342118494470762e-7,3.5242085938186105e-5,0.00019367797856546974
"(49, 311.79020697643614)",92.9997446162948,7.338814324164823e-5,9.905908359303937e-7,4.853879737844475e-5,0.0002603177243852536
"(50, 311.79020697643614)",92.99965982931215,9.790272665378697e-5,1.3214879067238694e-6,6.60741194686562e-5,0.00034595286848563645
"(51, 311.79020697643614)",92.99955168023688,0.00012922395704293539,1.7442608834171917e-6,8.895682060185736e-5,0.0004548866412596902
"(52, 311.79020697643614)",92.99941504606439,0.00016886220805896164,2.279296741556618e-6,0.00011852258916048349,0.0005921398136501709
"(53, 311.79020697643614)",92.99924396035915,0.00021857744512284943,2.9503514408770782e-6,0.00015636720462512994,0.000763523481779161
"(54, 311.79020697643614)",92.99903156653609,0.0002804052946733401,3.784901798697497e-6,0.00020438232777189447,0.0009757129874294833
"(55, 311.79020697643614)",92.9987699802495,0.00035668385297808595,4.814507366358555e-6,0.0002647940360657837,0.0012363222121807265
"(56, 311.79020697643614)",92.99845023808834,0.0004500810755344664,6.075180122868691e-6,0.00034020387263939273,0.001553977795288967
"(57, 311.79020697643614)",92.99806221159615,0.0005636225870838067,7.6077598497796495e-6,0.00043363247749606844,0.0019383925406937493
"(58, 311.79020697643614)",92.99759447005628,0.0007007197538090482,9.458293077093711e-6,0.0005485656807879085,0.002400437475362933
"(59, 311.79020697643614)",92.99703429417434,0.0008651978600976919,1.1678413355872816e-5,0.0006890028657802097,0.0029522120516037517
"(60, 311.79020697643614)",92.99636751317662,0.0010613242539423218,1.4325721199043017e-5,0.0008595076430830831,0.0036071119346532585
"(61, 311.79020697643614)",92.99557838034573,0.0012938362608401004,1.7464160916250642e-5,0.0010652605448369839,0.00437989380191059
"(62, 311.79020697643614)",92.99464959464385,0.001567968866662186,2.1164394194034374e-5,0.001312113747168299,0.005286737099120562
"(63, 311.79020697643614)",92.99356222270873,0.0018894818801361596,2.5504166695964278e-5,0.0016066476157420913,0.006345301797154141
"(64, 311.79020697643614)",92.99229550837786,0.0022646865938729167,3.0568668078680894e-5,0.00195622891069569,0.007574782436550202
"(65, 311.79020697643614)",92.99082689185718,0.0027004717888970083,3.6450882895889284e-5,0.002369070511068151,0.008995957811515003
"(66, 311.79020697643614)",92.98913195983573,0.003204329019409549,4.3251931758629626e-5,0.0028542926103181953,0.010631236144835627
"(67, 311.79020697643614)",92.98718422817119,0.003784377097766492,5.10814023896296e-5,0.0034219850716337955,0.012504695952075437
"(68, 311.79020697643614)",92.98495537831714,0.004449385720284164,6.0057667684379246e-5,0.004083271035628089,0.014642121602206532
"(69, 311.79020697643614)",92.9824147776534,0.005208798285468272,7.030819446254926e-5,0.004850371305160242,0.017071035198457513
"(70, 311.79020697643614)",92.9795298645391,0.006072753630423552,8.196983635818226e-5,0.0057366698170886205,0.019820722426853628
"(71, 311.79020697643614)",92.97626584156964,0.007052106987100342,9.518911697919376e-5,0.006756779675053324,0.022922254809793693
"(72, 311.79020697643614)",92.97258571607324,0.00815844992312435,0.00011012249894427801,0.007926609917430579,0.02640850682116823
"(73, 311.79020697643614)",92.96845026724463,0.009404129364872215,0.0001269366406369372,0.009263432776684313,0.030314168680399833
"(74, 311.79020697643614)",92.9638180035627,0.010802265708945139,0.00014580864074632957,0.010785951355145484,0.03467575492210543
"(75, 311.79020697643614)",92.95864513666785,0.012366770043863929,0.00016692627078644906,0.01251436773596153,0.03953160878235005
"(76, 311.79020697643614)",92.95288561298004,0.014112360496581579,0.00019048819545559566,0.01447045129276439,0.04492190259490361
"(77, 311.79020697643614)",92.94649103930348,0.016054577801196863,0.0002167041832148815,0.016677607315476087,0.05088863482175134
"(78, 311.79020697643614)",92.93941075271165,0.01820980004765984,0.0002457953048695187,0.019160945764580124,0.05747562321452335
"(79, 311.79020697643614)",92.93159176117834,0.020595256766940843,0.00027799412419160366,0.021947350190102122,0.06472849532983109
"(80, 311.79020697643614)",92.92297880141558,0.023229042302907725,0.0003135448780611833,0.025065546814306797,0.07269467561279098
"(81, 311.79020697643614)",92.9135143539909,0.026130128593336056,0.00035270364897525776,0.02854617363996397,0.08142337007537594
"(82, 311.79020697643614)",92.90313863469352,0.029318377426401178,0.0003957385308918868,0.03242184971649716,0.09096554873883499
"(83, 311.79020697643614)",92.89178968385067,0.03281455213413016,0.0004429297864257364,0.036727244480729254,0.10137392530497975
"(84, 311.79020697643614)",92.8794033516344,0.03664032893143764,0.0004945700005849164,0.041499147215419446,0.11270293563128779
"(85, 311.79020697643614)",92.86591338636144,0.04081830778888321,0.0005509642270106363,0.04677653658649333,0.1250087137897651
"(86, 311.79020697643614)",92.85125147139573,0.045372023016302235,0.0006124301310666709,0.05260065040009216,0.13834906692379106
"(87, 311.79020697643614)",92.83534728610142,0.05032595354126126,0.0006792981286044176,0.0590150554458866,0.15278344867039048
"(88, 311.79020697643614)",92.81812858971924,0.05570553290809945,0.0007519115206224282,0.06606571760427292,0.1683729310385608
"(89, 311.79020697643614)",92.79952126258078,0.06153715913043372,0.0008306266269180563,0.07380107216469978,0.18518017576221998
"(90, 311.79020697643614)",92.77944943077806,0.06784820423212971,0.0009158129139511705,0.08227209443977684,0.2032694035527517
"(91, 311.79020697643614)",92.75783550945165,0.07466702375738439,0.001007853124149463,0.09153237067727492,0.22270636350313394
"(92, 311.79020697643614)",92.73460032461608,0.08202296599644818,0.0011071433997428659,0.10163816934660086,0.24355830041182247
"(93, 311.79020697643614)",92.70966319566729,0.08994638113431744,0.0012140934065702476,0.11264851287546125,0.26589392164780273
"(94, 311.79020697643614)",92.68294203843487,0.09846863021254437,0.0013291264549771438,0.12462524977217175,0.28978336272300875
"(95, 311.79020697643614)",92.65435346894365,0.10762209392877911,0.0014526796185954744,0.13763312726828392,0.31529815168404934
"(96, 311.79020697643614)",92.62381290984374,0.11744018124942815,0.0015852038505971525,0.15173986453651525,0.34251117214101445
"(97, 311.79020697643614)",92.59123469884446,0.1279573378115263,0.0017271640970995866,0.16701622645171124,0.37149662486523827
"(98, 311.79020697643614)",92.5565321978898,0.13920905408266507,0.001879039407315263,0.18353609796943582,0.4023299877542699
"(99, 311.79020697643614)",92.51961790293765,0.1512318732388594,0.0020413230398711787,0.20137655917866623,0.4350879739285363
"(100, 311.79020697643614)",92.48040355061399,0.16406339872957243,0.0022145225649998347,0.22061796100972525,0.4698484878855615
"(101, 311.79020697643614)",92.4388002303816,0.17774230144254732,0.0023991599609516604,0.24134400172988882,0.5066905790648079
"(102, 311.79020697643614)",92.39471847545035,0.19230832653308352,0.0025957717067917373,0.2636418041087536,0.5456943936154192
"(103, 311.79020697643614)",92.34806837576072,0.2078022996710107,0.0028049088659615118,0.287601993356633,0.5869411225115474
"(104, 311.79020697643614)",92.29875966003085,0.22426613289100983,0.0030271371658317807,0.3133187759664347,0.6305129475143185
"(105, 311.79020697643614)",92.24670178669453,0.24174282981177816,0.00326303706788708,0.34089001923609563,0.6764929835322004
"(106, 311.79020697643614)",92.19180402126376,0.26027649028004934,0.0035132038304481424,0.37041733174129227,0.7249652177045423
"(107, 311.79020697643614)",92.13397550463928,0.2799123143753766,0.0037782475628042175,0.4020061445873852,0.776014445027557
"(108, 311.79020697643614)",92.07312531386467,0.300696605729309,0.004058793269863343,0.4357657936130044,0.8297262000722535
"(109, 311.79020697643614)",92.00916250796718,0.32267677417232016,0.004355480888049918,0.471809602478496,0.8861866850884998
"(110, 311.79020697643614)",91.9419961658945,0.3459013376432231,0.004668965310906055,0.5102549667262416,0.9454826939269579
"(111, 311.79020697643614)",91.87153540590948,0.3704199234366926,0.004999916406162516,0.5512234387151645,1.0077015324271248
"(112, 311.79020697643614)",91.79768939878426,0.39628326866941344,0.005349019021840659,0.5948408137070856,1.0729309342335072
"(113, 311.79020697643614)",91.72036736164273,0.42354322012503437,0.005716972984080394,0.6412372168957797,1.1412589730893403
"(114, 311.79020697643614)",91.63947853742482,0.4522527334320144,0.006104493086198412,0.6905471916047631,1.2127739712272632
"(115, 311.79020697643614)",91.55493215677026,0.48246587167365096,0.006512309070372545,0.7429097886093717,1.2875644043366066
"(116, 311.79020697643614)",91.46663739931817,0.5142378033042886,0.006941165598082396,0.79846865678719,1.3657188016966384
"(117, 311.79020697643614)",91.37450331127522,0.5476247998940363,0.007391822221879143,0.8573721349849929,1.447325645507725
"(118, 311.79020697643614)",91.2784387432423,0.5826842331164623,0.007865053342250091,0.9197733454215693,1.5324732640392975
"(119, 311.79020697643614)",91.17835224031487,0.6194745718166789,0.00836164816999981,0.9858302885996146,1.6212497249887647
"(120, 311.79020697643614)",91.07415193813131,0.658055378688608,0.008882410680486908,1.0557059398847002,1.7137427246340198
"(1, 317.35534956470235)",92.99999999940911,0.0,1.0052181104651727e-273,3.971889227456797e-12,-3.971889227456797e-12
"(2, 317.35534956470235)",92.99999999940911,0.0,2.7739106516800545e-138,3.971889227456797e-12,-3.971889227456797e-12
"(3, 317.35534956470235)",92.99999999940911,0.0,5.060978793278685e-93,3.971889227456797e-12,-3.971889227456797e-12
"(4, 317.35534956470235)",92.99999999940911,0.0,2.4579707529768917e-70,3.971889227456797e-12,-3.971889227456797e-12
"(5, 317.35534956470235)",92.99999999940911,0.0,1.0855425460433836e-56,3.971889227456797e-12,-3.971889227456797e-12
"(6, 317.35534956470235)",92.99999999940911,0.0,1.4272790208584625e-47,3.971889227456797e-12,-3.971889227456797e-12
"(7, 317.35534956470235)",92.99999999940911,0.0,4.828478213726337e-41,3.971889227456797e-12,-3.971889227456797e-12
"(8, 317.35534956470235)",92.99999999940911,0.0,3.914474396582636e-36,3.971889227456797e-12,-3.971889227456797e-12
"(9, 317.35534956470235)",92.99999999940911,0.0,2.629903999645763e-32,3.971889227456797e-12,-3.971889227456797e-12
"(10, 317.35534956470235)",92.99999999940911,0.0,3.084446168495552e-29,3.971889227456797e-12,-3.971889227456787e-12
"(11, 317.35534956470235)",92.99999999940911,0.0,1.0149826463572746e-26,3.971889227456797e-12,-3.9718892274535755e-12
"(12, 317.35534956470235)",92.99999999940911,0.0,1.2861070890102007e-24,3.971889227456797e-12,-3.971889227048644e-12
"(13, 317.35534956470235)",92.99999999940911,0.0,7.814419967068517e-23,3.971889227456797e-12,-3.971889202657317e-12
"(14, 317.35534956470235)",92.99999999940911,0.0,2.6632859486138577e-21,3.971889227456797e-12,-3.971888382248754e-12
"(15, 317.35534956470235)",92.99999999940911,0.0,5.712425322627603e-20,3.971889227456797e-12,-3.971871098769446e-12
"(16, 317.35534956470235)",92.99999999940911,0.0,8.406595136012037e-19,3.971889227456797e-12,-3.9716224396629935e-12
"(17, 317.35534956470235)",92.99999999940911,0.0,9.068335315499195e-18,3.971889227456797e-12,-3.969011342732776e-12
"(18, 317.35534956470235)",92.99999999997425,4.105348836869931e-15,7.549034765353429e-17,5.9578338411851955e-12,-5.9338765755168475e-12
"(19, 317.35534956470235)",92.99999999999056,6.021382501106333e-15,5.05090690150622e-16,5.9578338411851955e-12,-5.797540608650568e-12
"(20, 317.35534956470235)",92.99999999385813,3.6651849268008565e-14,2.806071665729936e-15,5.9578338411851955e-12,-5.067311986803865e-12
"(21, 317.35534956470235)",92.99999999997515,1.8854826745797476e-13,1.3290252845508915e-14,6.206076917901245e-12,-1.9883440803114833e-12
"(22, 317.35534956470235)",92.99999999940431,2.232203789319971e-12,5.4834188081753355e-14,7.199049224765445e-12,1.0202873702016026e-11
"(23, 317.35534956470235)",92.99999999383009,3.286377383405752e-12,2.0063512239314407e-13,1.2536275374160516e-11,5.113635402787256e-11
"(24, 317.35534956470235)",92.99999999491372,5.03444770732733e-12,6.607944619712538e-13,1.9859446137283983e-11,1.8984721133202267e-10
"(25, 317.35534956470235)",92.9999999988745,1.3146952495565791e-10,1.983653875766943e-12,5.362050457066676e-11,5.759026645887281e-10
"(26, 317.35534956470235)",92.99999999266366,3.280819686857786e-10,5.4854081122321884e-12,1.4658753680082742e-10,1.5942360721616729e-9
"(27, 317.35534956470235)",92.99999999741955,5.492764985325327e-10,1.4100032773978083e-11,3.866385919852476e-10,4.088082237874327e-9
"(28, 317.35534956470235)",92.99999999064359,2.294579320363181e-9,3.395205086504737e-11,9.546187515115696e-10,9.820246219204093e-9
"(29, 317.35534956470235)",92.9999999780293,4.714557352567613e-9,7.70994237036086e-11,2.2398972812089174e-9,2.2228017279486886e-8
"(30, 317.35534956470235)",92.99999998820884,1.880355019108025e-9,1.660713469107335e-10,4.9880722619939464e-9,4.771555808954284e-8
"(31, 317.35534956470235)",92.99999994220052,1.4433920807365684e-8,3.4103004508070895e-10,1.057589979733387e-8,9.765180937132073e-8
"(32, 317.35534956470235)",92.99999992804064,1.9982247832522197e-8,6.706066433968807e-10,2.146533060056011e-8,1.9135527513506867e-7
"(33, 317.35534956470235)",92.99999993868967,1.702625714902098e-8,1.267685446912383e-9,4.183764693433945e-8,3.604691112086258e-7
"(34, 317.35534956470235)",92.99999947613311,1.453995146904707e-7,2.311622998979389e-9,7.859909531445077e-8,6.550068295884589e-7
"(35, 317.35534956470235)",92.99999907866486,2.577419125847851e-7,4.078571468964579e-9,1.4275590491171517e-7,1.1516005693461605e-6
"(36, 317.35534956470235)",92.99999816342802,5.172421690606714e-7,6.981718432837415e-9,2.5134785287653746e-7,1.964337840938906e-6
"(37, 317.35534956470235)",92.99999736922308,9.114630605904666e-7,1.1623336993434733e-8,4.3006549109672316e-7,3.2586626835630928e-6
"(38, 317.35534956470235)",92.9999950554616,1.3972897599381315e-6,1.886057296819065e-8,7.167058139469047e-7,5.268797913363815e-6
"(39, 317.35534956470235)",92.99999217173472,2.214171881042196e-6,2.9886822017826905e-8,1.1655862684356291e-6,8.31915658040987e-6
"(40, 317.35534956470235)",92.99998788596339,3.4324042136680467e-6,4.633048350975817e-8,1.8532198391821637e-6,1.2850006950558819e-5
"(41, 317.35534956470235)",92.99998163039184,5.213572665316794e-6,7.03726389290612e-8,2.8852853416460683e-6,1.944784808547673e-5
"(42, 317.35534956470235)",92.99997266578606,7.770429355546957e-6,1.048850096552261e-7,4.4051690940323775e-6,2.8880649809199086e-5
"(43, 317.35534956470235)",92.99996003628554,1.1378693075557256e-5,1.535892392095057e-7,6.604337009522954e-6,4.2138029689186414e-5
"(44, 317.35534956470235)",92.99994252847803,1.6390483419412045e-5,2.2123822660349246e-7,9.734471945026364e-6,6.047666279579981e-5
"(45, 317.35534956470235)",92.9999186026153,2.3249416486901865e-5,3.138198881319675e-7,1.4121872792599714e-5,8.547054750587662e-5
"(46, 317.35534956470235)",92.99988635693379,3.2507363285086704e-5,4.3878336142454163e-7,2.018398697187179e-5,0.00011906626007618875
"(47, 317.35534956470235)",92.99984348007867,4.4842845154946063e-5,6.052873050760747e-7,2.844841294107951e-5,0.00016364275134841483
"(48, 317.35534956470235)",92.99978712627795,6.108101461066409e-5,8.244696025598755e-7,3.95743762021208e-5,0.0002220754627237397
"(49, 317.35534956470235)",92.99971390564636,8.221514560621556e-5,1.1097374340371182e-6,5.437683829580062e-5,0.00029780427300808487
"(50, 317.35534956470235)",92.9996197756233,0.00010942953501751992,1.4770764019609263e-6,7.385329824148707e-5,0.0003949047996365955
"(51, 317.35534956470235)",92.99949998584982,0.0001441236975765331,1.945377110621366e-6,9.92133271330422e-5,0.000518162505843372
"(52, 317.35534956470235)",92.9993489626215,0.00018793772001744145,2.5367774003514058e-6,0.00013191088603612883,0.0006731489926202285
"(53, 317.35534956470235)",92.99916025898158,0.00024277862672822566,3.2770182245911855e-6,0.00017367939925954748,0.0008662998649354885
"(54, 317.35534956470235)",92.99892644069901,0.0003108475994786954,4.1958110659084466e-6,0.00022656959131674636,0.001104993496212075
"(55, 317.35534956470235)",92.99863902232285,0.0003946678868023045,5.327214648676353e-6,0.000292990045500303,0.0013976300215365841
"(56, 317.35534956470235)",92.99828833171547,0.0004971132359416784,6.710018729962063e-6,0.0003757503395919065,0.001753710000040904
"(57, 317.35534956470235)",92.99786348103311,0.0006214366783106418,8.388132624159537e-6,0.000478106858005072,0.002183911903130162
"(58, 317.35534956470235)",92.9973522466125,0.0007712995047475124,1.0410976314212081e-5,0.000603810948583714,0.0027001680789228975
"(59, 317.35534956470235)",92.9967409722344,0.0009508002777580387,1.2833872066757834e-5,0.0007571595131758445,0.0033157384428387565
"(60, 317.35534956470235)",92.99601449405907,0.001164503678688445,1.5718433814205486e-5,0.0009430477415379948,0.004045281316178826
"(61, 317.35534956470235)",92.99515603536145,0.0014174691652324588,1.913295397214345e-5,0.0011670240079333224,0.004904921288101624
"(62, 317.35534956470235)",92.99414720981058,0.001715279153101857,2.315278374366576e-5,0.0014353466621967572,0.005912313116170248
"(63, 317.35534956470235)",92.99296776190396,0.0020640667168205884,2.7860707293516244e-5,0.0017550426138598914,0.007086701888393809
"(64, 317.35534956470235)",92.99159572898745,0.0024705426564320893,3.334730662700758e-5,0.0021339675652305057,0.0084489785864248
"(65, 317.35534956470235)",92.99000713053178,0.0029420218374089815,3.9711317705528816e-5,0.002580867730455154,0.010021731381657895
"(66, 317.35534956470235)",92.98817605676193,0.0034864487404106356,4.7059974963146096e-5,0.003105442905148205,0.011829291899787164
"(67, 317.35534956470235)",92.98607460541798,0.0041124221563097274,5.5509344413387e-5,0.0037184107104588824,0.013897776689959007
"(68, 317.35534956470235)",92.98367284177235,0.00482921892903403,6.518464431900161e-5,0.004431571888075368,0.016255123696032176
"(69, 317.35534956470235)",92.98093838525173,0.0056468168452561635,7.622055512456284e-5,0.005257876563997512,0.01893112435157379
"(70, 317.35534956470235)",92.97783679910366,0.006575916476336084,8.876151278198904e-5,0.006211491175242682,0.021957449741577248
"(71, 317.35534956470235)",92.9743319289822,0.0076279618160253896,0.00010296198725908725,0.0073078661996179625,0.0253676712588661
"(72, 317.35534956470235)",92.9703839464489,0.008815160866892324,0.00011898676505656759,0.00856380437415885,0.02919728204394127
"(73, 317.35534956470235)",92.96595330330499,0.010150503399403009,0.00013701117374087892,0.0099975293708317,0.0334836995659751
"(74, 317.35534956470235)",92.96099501704202,0.011647780470619274,0.00015722137227557566,0.011628754867811517,0.038266288689746
"(75, 317.35534956470235)",92.95546374375729,0.013321600236299675,0.00017981453848549424,0.013478753902019136,0.04358635181586052
"(76, 317.35534956470235)",92.94931128629212,0.015187404806377642,0.0002049991095338889,0.015570428445077196,0.049487135621502816
"(77, 317.35534956470235)",92.94248710734566,0.017261485531097805,0.0002329949855335431,0.017928379172523337,0.056013825908296996
"(78, 317.35534956470235)",92.93493832171244,0.019560997655521235,0.0002640337274273728,0.020578975302159082,0.06321354056242615
"(79, 317.35534956470235)",92.92660970277727,0.022103974263284552,0.0002983587452600005,0.023550424628262533,0.07113531926941091
"(80, 317.35534956470235)",92.91744372518507,0.02490933954970714,0.0003362254770889404,0.026872843522412353,0.07983011029170714
"(81, 317.35534956470235)",92.90738054869026,0.02799692154414486,0.0003779015611561035,0.03057832706997659,0.08935075497176538
"(82, 317.35534956470235)",92.89635809164474,0.031387464246841024,0.0004236669992803656,0.03470101921839306,0.09975196943725587
"(83, 317.35534956470235)",92.88431205243185,0.03510263932937968,0.0004738143149901624,0.03927718299669548,0.11109032456576752
"(84, 317.35534956470235)",92.87117595873859,0.03916505740533469,0.0005286487056438782,0.04434527082167645,0.12342422395486397
"(85, 317.35534956470235)",92.85688122214367,0.04359827893765855,0.0005884881896725249,0.0499459948939144,0.1368138802543086
"(86, 317.35534956470235)",92.84135721347758,0.048426824811425406,0.0006536637490381031,0.05612239767820323,0.15132128989555785
"(87, 317.35534956470235)",92.82453130037298,0.05367618669211637,0.0007245194696156352,0.06291992257413608,0.16701020697216656
"(88, 317.35534956470235)",92.80632895336154,0.05937283707014892,0.0008014126762298992,0.07038648477311973,0.18394611523740353
"(89, 317.35534956470235)",92.78667381979186,0.06554423914593463,0.0008847140661816429,0.07857254229462043,0.20219619944326403
"(90, 317.35534956470235)",92.76548780292299,0.07221885654197537,0.0009748078405367557,0.0875311673335825,0.22182931565837224
"(91, 317.35534956470235)",92.74269115299276,0.07942616284421691,0.0010720918330264673,0.09731811789729825,0.24291596053827877
"(92, 317.35534956470235)",92.71820258806123,0.08719665092736367,0.0011769776353079725,0.10799190978013681,0.2655282391028616
"(93, 317.35534956470235)",92.69193937377551,0.09556184221479748,0.0012898907225565744,0.1196138889842417,0.28973983217296645
"(94, 317.35534956470235)",92.66381743255899,0.10455429572549821,0.0014112705755813537,0.13224830454349915,0.31562596230050005
"(95, 317.35534956470235)",92.633751470982,0.11420761688326839,0.00154157079912841,0.14596238178764137,0.34326335804849273
"(96, 317.35534956470235)",92.60165507152537,0.12455646621984716,0.0016812592400255036,0.1608263962630772,0.37273021756410235
"(97, 317.35534956470235)",92.56744081733291,0.1356365677481955,0.0018308180998072227,0.17691374807213592,0.40410616998156945
"(98, 317.35534956470235)",92.53102039667266,0.14748471711970054,0.0019907440451979058,0.1943010369035445,0.4374722354540864
"(99, 317.35534956470235)",92.492304729729,0.16013878937413456,0.0021615483120998986,0.2130681376274091,0.4729107825600464
"(100, 317.35534956470235)",92.45120406646733,0.17363774641763752,0.0023437568071013083,0.233298276654165,0.5105054841581212
"(101, 317.35534956470235)",92.40762809769437,0.1880216440236096,0.0025379102018635515,0.25507810885294213,0.5503412704232895
"(102, 317.35534956470235)",92.36148606291079,0.2033316383492012,0.002744564020848942,0.2784977952813131,0.592504278957908
"(103, 317.35534956470235)",92.31268684474507,0.2196099919631056,0.0029642887228782584,0.3036510816103701,0.6370818022493648
"(104, 317.35534956470235)",92.26113872788476,0.23690008118441333,0.0031976698250326834,0.3306353773138941,0.6841622478018536
"(105, 317.35534956470235)",92.20675115177146,0.2552463913543491,0.003445307714301892,0.3595518356428409,0.7338349983874017
"(106, 317.35534956470235)",92.14943144610372,0.2746945400767695,0.0037078182104179603,0.3905054343518794,0.7861905099376814
"(107, 317.35534956470235)",92.08908823558203,0.2952912615693574,0.003985832105420996,0.42360505733772735,0.8413200837843663
"(108, 317.35534956470235)",92.02562982161423,0.31708441894829037,0.004279995454148689,0.458963576970705,0.8993158765159892
"(109, 317.35534956470235)",91.95896456110835,0.3401230042439788,0.004590969549523969,0.4966979373994023,0.960270808830681
"(110, 317.35534956470235)",91.88900088322691,0.36445713974433464,0.0049194309413618945,0.536929238724569,1.0242784873307478
"(111, 317.35534956470235)",91.81564726851694,0.3901380787978083,0.005266071451426629,0.5797828220042465,1.091433124295951
"(112, 317.35534956470235)",91.73881223226078,0.417218205825652,0.005631598176924694,0.6253883553439703,1.1618294527019066
"(113, 317.35534956470235)",91.65840519972521,0.44575102650877324,0.006016733251976604,0.6738799208740698,1.2355625635445338
"(114, 317.35534956470235)",91.574334080802,0.4757911893787733,0.006422214419802244,0.7253961028655335,1.3127279993102798
"(115, 317.35534956470235)",91.48650794642417,0.5073944574790733,0.006848794332653958,0.7800800769406274,1.3934214425955218
"(116, 317.35534956470235)",91.39483550627413,0.5406177195314227,0.0072972408726318695,0.8380797004727215,1.4777387275191993
"(117, 317.35534956470235)",91.29922533668571,0.5755189838448423,0.007768337034021393,0.899547604318685,1.565775710649597
"(118, 317.35534956470235)",91.19958578681268,0.6121573747964751,0.008262880876092553,0.9646412859497586,1.6576281628940879
"(119, 317.35534956470235)",91.09582487839226,0.6505931289783691,0.00878168546995052,1.0335232040991933,1.753391657984222
"(120, 317.35534956470235)",90.98785017646121,0.6908875914137982,0.009325578848644739,1.1063608750952094,1.8531614603096367
"(1, 322.53280232254485)",92.99999999940911,0.0,1.7815549176422578e-271,3.971889227456797e-12,-3.971889227456797e-12
"(2, 322.53280232254485)",92.99999999940911,0.0,3.6928531879440105e-137,3.971889227456797e-12,-3.971889227456797e-12
"(3, 322.53280232254485)",92.99999999940911,0.0,2.8428082796855868e-92,3.971889227456797e-12,-3.971889227456797e-12
"(4, 322.53280232254485)",92.99999999940911,0.0,8.968328392905291e-70,3.971889227456797e-12,-3.971889227456797e-12
"(5, 322.53280232254485)",92.99999999940911,0.0,3.057417060623517e-56,3.971889227456797e-12,-3.971889227456797e-12
"(6, 322.53280232254485)",92.99999999940911,0.0,3.382715069312838e-47,3.971889227456797e-12,-3.971889227456797e-12
"(7, 322.53280232254485)",92.99999999940911,0.0,1.0116497471679669e-40,3.971889227456797e-12,-3.971889227456797e-12
"(8, 322.53280232254485)",92.99999999940911,0.0,7.477232581448638e-36,3.971889227456797e-12,-3.971889227456797e-12
"(9, 322.53280232254485)",92.99999999940911,0.0,4.674957175046739e-32,3.971889227456797e-12,-3.971889227456797e-12
"(10, 322.53280232254485)",92.99999999940911,0.0,5.176440022667524e-29,3.971889227456797e-12,-3.97188922745678e-12
"(11, 322.53280232254485)",92.99999999940911,0.0,1.6250673284331362e-26,3.971889227456797e-12,-3.971889227451555e-12
"(12, 322.53280232254485)",92.99999999940911,0.0,1.979955815396731e-24,3.971889227456797e-12,-3.971889226818197e-12
"(13, 322.53280232254485)",92.99999999940911,0.0,1.1637545977316268e-22,3.971889227456797e-12,-3.9718891899218934e-12
"(14, 322.53280232254485)",92.99999999940911,0.0,3.855030811383264e-21,3.971889227456797e-12,-3.971887984082906e-12
"(15, 322.53280232254485)",92.99999999940911,0.0,8.067208157161333e-20,3.971889227456797e-12,-3.971863208064259e-12
"(16, 322.53280232254485)",92.99999999940911,0.0,1.1618603869528829e-18,3.971889227456797e-12,-3.971514489370285e-12
"(17, 322.53280232254485)",92.99999999940911,0.0,1.2296873107667056e-17,3.971889227456797e-12,-3.9679230825135764e-12
"(18, 322.53280232254485)",92.99999999997425,4.105348836869931e-15,1.0064921091072835e-16,5.9578338411851955e-12,-5.9253711691386055e-12
"(19, 322.53280232254485)",92.99999999999056,6.021382501106333e-15,6.633055495454466e-16,5.9578338411851955e-12,-5.743896043494207e-12
"(20, 322.53280232254485)",92.99999999385813,3.6651849268008565e-14,3.635179085050607e-15,6.08195537954322e-12,-4.909490882297543e-12
"(21, 322.53280232254485)",92.99999999997515,1.7348754164195381e-12,1.7006174249357508e-14,6.33019845625927e-12,-8.451494188284929e-13
"(22, 322.53280232254485)",92.99999999938764,2.232203789319971e-12,6.93837588752986e-14,7.447292301481495e-12,1.4931245884240305e-11
"(23, 322.53280232254485)",92.99999999383009,3.286377383405752e-12,2.512867608945009e-13,1.3777490757740765e-11,6.727073242011787e-11
"(24, 322.53280232254485)",92.99999999491372,5.03444770732733e-12,8.198900104203108e-13,2.3707213826382756e-11,2.407342088307406e-10
"(25, 322.53280232254485)",92.9999999988745,1.7450393655689194e-10,2.4400994357600496e-12,6.491556456124703e-11,7.220965444001023e-10
"(26, 322.53280232254485)",92.99999999266366,3.280819686857786e-10,6.694085843745381e-12,1.7799028600540771e-10,1.9810719801654673e-9
"(27, 322.53280232254485)",92.99999999741955,5.492764985325327e-10,1.7080453712742683e-11,4.670693488412477e-10,5.0419372520701655e-9
"(28, 322.53280232254485)",92.99999998296381,2.294579320363181e-9,4.0848022004653604e-11,1.1497378098103847e-9,1.2025089196683517e-8
"(29, 322.53280232254485)",92.9999999780293,4.714557352567613e-9,9.21694526871965e-11,2.676929217767523e-9,2.7050742645969175e-8
"(30, 322.53280232254485)",92.99999998820884,1.880355019108025e-9,1.973540545255943e-10,5.926555213518973e-9,5.7726601042337274e-8
"(31, 322.53280232254485)",92.99999994220052,1.4433920807365684e-8,4.030196301077861e-10,1.2497549454192811e-8,1.1748950123546692e-7
"(32, 322.53280232254485)",92.99999992804064,1.9982247832522197e-8,7.883784299410001e-10,2.523403286972482e-8,2.2904387142979402e-7
"(33, 322.53280232254485)",92.99999993868967,1.702625714902098e-8,1.4830270940955264e-9,4.89438532484131e-8,4.293810313304774e-7
"(34, 322.53280232254485)",92.99999947613311,1.622459037295318e-7,2.691848032494897e-9,9.152685002059249e-8,7.766824393264155e-7
"(35, 322.53280232254485)",92.99999907866486,2.577419125847851e-7,4.728812332974287e-9,1.655143336988892e-7,1.3596827597127188e-6
"(36, 322.53280232254485)",92.99999816342802,6.113716526246333e-7,8.061609718249863e-9,2.9022395990565443e-7,2.309909613752135e-6
"(37, 322.53280232254485)",92.99999648912434,9.904528976153953e-7,1.3369101874753587e-8,4.946628080336202e-7,3.817311084166243e-6
"(38, 322.53280232254485)",92.99999433311147,1.6012480505988854e-6,2.1613595524441615e-8,8.213206595796591e-7,6.1497728731845085e-6
"(39, 322.53280232254485)",92.99999106612141,2.5285191779063113e-6,3.412987185884994e-8,1.3310672134407e-6,9.676936000103533e-6
"(40, 322.53280232254485)",92.9999862171317,3.906717421240965e-6,5.273274814508129e-8,2.109306404150134e-6,1.4898734629251913e-5
"(41, 322.53280232254485)",92.99997916299458,5.91531635489764e-6,7.98447529999856e-8,3.2736339560652743e-6,2.2478917979771503e-5
"(42, 322.53280232254485)",92.9999690848526,8.789857499075688e-6,1.1864521841412585e-7,4.9830937470904064e-6,3.3283881030188e-5
"(43, 322.53280232254485)",92.99995492194915,1.2834655705555985e-5,1.7324177676962734e-7,7.449387845413593e-6,4.8426767895431066e-5
"(44, 322.53280232254485)",92.99993534593432,1.84372114672616e-5,2.4886489723155726e-7,1.0950038605677234e-5,6.931705409812907e-5
"(45, 322.53280232254485)",92.99990867812953,2.6084349436288685e-5,3.520857233597943e-7,1.5843819830991354e-5,9.771537518200341e-5
"(46, 322.53280232254485)",92.99987282558862,3.638007409535877e-5,4.910570890770391e-7,2.2588553443224915e-5,0.00013579346559714403
"(47, 322.53280232254485)",92.99982524813515,5.006510548292241e-5,6.757772100934995e-7,3.176139081825198e-5,0.00018619892649891553
"(48, 322.53280232254485)",92.99976287584155,6.80380310126251e-5,9.183751903298303e-7,4.408175814177563e-5,0.000252124365578805
"(49, 322.53280232254485)",92.999682016486,9.13779845379311e-5,1.233417144660503e-6,6.04369880034851e-5,0.00033738050009653864
"(50, 322.53280232254485)",92.9995782986606,0.00012136874140404031,1.6382314312666386e-6,8.191078021755816e-5,0.0004464725941617443
"(51, 322.53280232254485)",92.99944655975465,0.000159524098868008,2.1532512400710105e-6,0.00010981445239885966,0.0005846797041657381
"(52, 322.53280232254485)",92.99928081401482,0.00020761439505872543,2.8023725355547736e-6,0.0001457210820744977,0.0007581359849697189
"(53, 322.53280232254485)",92.99907409672457,0.0002676940073695173,3.6133252415902597e-6,0.00019150244004053436,0.0009739134758323584
"(54, 322.53280232254485)",92.99881842512568,0.0003421296616742397,4.618055348106252e-6,0.00024936881773648484,0.0012401055149688397
"(55, 322.53280232254485)",92.9985046839081,0.00043362937873632165,5.8531156339719e-6,0.0003219115082141849,0.0015659102795286708
"(56, 322.53280232254485)",92.99812253767199,0.0005452718818446258,7.360062608626072e-6,0.00041214800611307813,0.0019617136123164683
"(57, 322.53280232254485)",92.99766032751009,0.0006805362907679894,9.185857328841521e-6,0.0005235698469558942,0.002439170459050448
"(58, 322.53280232254485)",92.99710503272038,0.0008433319307472593,1.1383267718609338e-5,0.0006601928366527917,0.00301128440021804
"(59, 322.53280232254485)",92.99644207354058,0.0010380281037281832,1.4011270501969316e-5,0.0008266096581812036,0.0036924846809181697
"(60, 322.53280232254485)",92.99565531754537,0.0012694836073509485,1.7135449585797943e-5,0.001028044688497916,0.004498699885466186
"(61, 322.53280232254485)",92.99472700855478,0.0015430759918771664,2.0828390914854114e-5,0.0012704108885290809,0.005447428401108251
"(62, 322.53280232254485)",92.99363751658203,0.0018647302591161114,2.5170070075976957e-5,0.0015603686040113111,0.006557804632248366
"(63, 322.53280232254485)",92.99236554936576,0.002240946986219426,3.024823151548757e-5,0.0019053860641913003,0.007850660811800024
"(64, 322.53280232254485)",92.99088769718539,0.002678829763421662,3.615875946494655e-5,0.002313801562124042,0.009348584456612012
"(65, 322.53280232254485)",92.98917878512553,0.003186111804894715,4.3006036366847835e-5,0.00279488701780911,0.011075970408375596
"(66, 322.53280232254485)",92.98721142783118,0.003771181711382454,5.0903291579784816e-5,0.00335891280103643,0.013059068479633168
"(67, 322.53280232254485)",92.98495622058404,0.004443108327695109,5.997293586310286e-5,0.004017213750143073,0.01532602531729374
"(68, 322.53280232254485)",92.98238164952615,0.005211664564152214,7.034688340208273e-5,0.004782256139803334,0.017906921298527726
"(69, 322.53280232254485)",92.97945373974628,0.006087350323685709,8.216686206204942e-5,0.005667705462063126,0.02083380281685967
"(70, 322.53280232254485)",92.97613647378677,0.0070814142911522545,9.558470606079884e-5,0.006688494980651559,0.02414070812431463
"(71, 322.53280232254485)",92.97239122696197,0.008205874857927377,0.00011076264051227504,0.007860894860719973,0.027863689976348728
"(72, 322.53280232254485)",92.96817768875084,0.00947353975027124,0.00012787354191359307,0.0092025817995355,0.032040830016765075
"(73, 322.53280232254485)",92.96345279554518,0.010898025165133949,0.00014710119966702308,0.010732708989820343,0.03671225316379281
"(74, 322.53280232254485)",92.95817124607551,0.012493773054156616,0.00016864055340207854,0.012471976497532877,0.04192013377646429
"(75, 322.53280232254485)",92.95228457445141,0.014276069404560495,0.00019269793311559665,0.014442701743786725,0.047708702625748986
"(76, 322.53280232254485)",92.94574287522086,0.016261058774122355,0.00021949125681916838,0.016668890274359423,0.05412423987282433
"(77, 322.53280232254485)",92.93849352388769,0.01846576047415776,0.00024925025064695785,0.01917630654310272,0.0612150752776573
"(78, 322.53280232254485)",92.93048152095797,0.02090808289032226,0.0002822166413461102,0.021992544820467357,0.06903157937495014
"(79, 322.53280232254485)",92.9216494915295,0.02360683731601896,0.0003186443431541909,0.02514710014447745,0.07762615279727035
"(80, 322.53280232254485)",92.91193771207637,0.026581751141211515,0.000358799635834645,0.028671439311299618,0.087053212706757
"(81, 322.53280232254485)",92.90128415558036,0.029853480456894874,0.00040296133466840336,0.03259907183937422,0.09736917665885876
"(82, 322.53280232254485)",92.88962453256678,0.03344362215089001,0.0004514209536615639,0.03696562097909923,0.10863244423248063
"(83, 322.53280232254485)",92.87689232105309,0.03737472556968711,0.0005044828631752726,0.04180889477390038,0.12090337680972123
"(84, 322.53280232254485)",92.86301882279882,0.04167030377323269,0.0005624644418628123,0.047168957135202944,0.13424427550559603
"(85, 322.53280232254485)",92.84793324106525,0.04635484442781752,0.0006256962234407785,0.05308819899286944,0.14871935735611802
"(86, 322.53280232254485)",92.83156274459098,0.05145382042227247,0.0006945220400165645,0.05961140951787601,0.16439473032343718
"(87, 322.53280232254485)",92.81383252281539,0.05699370025961559,0.0007692991627744253,0.06678584754407979,0.18133836724994318
"(88, 322.53280232254485)",92.79466589326493,0.06300195816663691,0.0008503984379635642,0.07466131308841467,0.19962007819868852
"(89, 322.53280232254485)",92.77398438897882,0.06950708403978596,0.0009382044211049778,0.08329021911858535,0.2193114819718041
"(90, 322.53280232254485)",92.75170782895881,0.0765385932680188,0.0010331155101859005,0.09272766354368368,0.24048597707946046
"(91, 322.53280232254485)",92.72775444368662,0.08412703630156894,0.0011355440742152648,0.1030315015623993,0.2632187108550099
"(92, 322.53280232254485)",92.70204097722859,0.09230400810336015,0.0012459165808015172,0.11426241826816161,0.28758654799787514
"(93, 322.53280232254485)",92.6744827751729,0.10110215748583301,0.001364673722852306,0.12648400170782204,0.3136680383796721
"(94, 322.53280232254485)",92.6449939289803,0.11055519613073155,0.0014922705393113668,0.13976281636086005,0.3415433825066105
"(95, 322.53280232254485)",92.61348736080693,0.1206979075619854,0.001629176537286525,0.15416847704432593,0.3712943970048369
"(96, 322.53280232254485)",92.57987496037228,0.13156615574284922,0.0017758758074141255,0.16977372336453905,0.40300447737755085
"(97, 322.53280232254485)",92.54406769981952,0.14319689345358586,0.001932867136964786,0.1866544947141762,0.4367585594882304
"(98, 322.53280232254485)",92.5059757385908,0.1556281703897728,0.002100664119711567,0.20489000584019468,0.47264307942879885
"(99, 322.53280232254485)",92.46550855290042,0.16889914079570464,0.0022797952583458294,0.2245628230012088,0.5107459303947217
"(100, 322.53280232254485)",92.42257504173666,0.18305007074829152,0.0024708040630981904,0.24575894077588387,0.5511564176851054
"(101, 322.53280232254485)",92.37708363683916,0.19812234493646078,0.002674249143190322,0.2685678595595837,0.5939652107022555
"(102, 322.53280232254485)",92.32894240575304,0.21415847291464674,0.002890704291289441,0.29308266367368263,0.6392642920817068
"(103, 322.53280232254485)",92.27805915189144,0.2312020947515671,0.003120758559565728,0.3194001001951544,0.6871469033936483
"(104, 322.53280232254485)",92.22434132931174,0.24929798706974524,0.0033650163553361145,0.3476206585788014,0.7377074963689519
"(105, 322.53280232254485)",92.16769697787106,0.2684920624260124,0.003624097363321699,0.3778486508521804,0.7910416276297132
"(106, 322.53280232254485)",92.10803308943679,0.28883138282969356,0.0038986368665931306,0.41019229272542856,0.8472459810948394
"(107, 322.53280232254485)",92.04525737221331,0.31036415269716633,0.004189285512942967,0.44476378533919797,0.9064182108795369
"(108, 322.53280232254485)",91.97927744375647,0.33313972590055657,0.004496709479391044,0.48167939786629815,0.9686569117520473
"(109, 322.53280232254485)",91.91000103921805,0.3572086060138377,0.004821590461628178,0.5210595508595574,1.0340615323810316
"(110, 322.53280232254485)",91.83733602686922,0.38262244688407093,0.005164625681589277,0.5630289004981999,1.102732293531773
"(111, 322.53280232254485)",91.76119041874874,0.40943405225509266,0.0055265278825092825,0.6077164236535488,1.1747701014058503
"(112, 322.53280232254485)",91.68147235767738,0.4376973747723169,0.0059080253155539145,0.6552555038349999,1.2502764573831415
"(113, 322.53280232254485)",91.59809009392677,0.467467514200083,0.006309861715695787,0.705784018174147,1.329353363256956
"(114, 322.53280232254485)",91.51095194797324,0.49880071495732875,0.006732796268019156,0.75944442532567,1.4121032224653198
"(115, 322.53280232254485)",91.41996624633586,0.5317543631812661,0.0071776035690622655,0.8163838545190769,1.498628738570875
"(116, 322.53280232254485)",91.32504125688996,0.5663869831196144,0.007645073577182596,0.8767541957709827,1.5890328090397623
"(117, 322.53280232254485)",91.22608509616477,0.6027582332495425,0.008136011560820283,0.9407121913219714,1.6834184171180167
"(118, 322.53280232254485)",91.12300563319191,0.6409289019550802,0.00865123803905303,1.0084195285104127,1.7818885197847585
"(119, 322.53280232254485)",91.01571035921219,0.6809609032731839,0.009191588726194428,1.0800429341409508,1.884545935514848
"(120, 322.53280232254485)",90.90410626616956,0.7229172723077886,0.00975791446822702,1.155754270503313,1.9914932277576523
"(1, 327.2069095108368)",92.99999999940911,0.0,1.908701130784603e-269,3.971889227456797e-12,-3.971889227456797e-12
"(2, 327.2069095108368)",92.99999999940911,0.0,3.822359366163635e-136,3.971889227456797e-12,-3.971889227456797e-12
"(3, 327.2069095108368)",92.99999999940911,0.0,1.3501869032619602e-91,3.971889227456797e-12,-3.971889227456797e-12
"(4, 327.2069095108368)",92.99999999940911,0.0,2.885334993198156e-69,3.971889227456797e-12,-3.971889227456797e-12
"(5, 327.2069095108368)",92.99999999940911,0.0,7.786503410701228e-56,3.971889227456797e-12,-3.971889227456797e-12
"(6, 327.2069095108368)",92.99999999940911,0.0,7.372055288120353e-47,3.971889227456797e-12,-3.971889227456797e-12
"(7, 327.2069095108368)",92.99999999940911,0.0,1.972520252793716e-40,3.971889227456797e-12,-3.971889227456797e-12
"(8, 327.2069095108368)",92.99999999940911,0.0,1.3411683167087466e-35,3.971889227456797e-12,-3.971889227456797e-12
"(9, 327.2069095108368)",92.99999999940911,0.0,7.8582610084045e-32,3.971889227456797e-12,-3.971889227456797e-12
"(10, 327.2069095108368)",92.99999999940911,0.0,8.260857594990121e-29,3.971889227456797e-12,-3.97188922745677e-12
"(11, 327.2069095108368)",92.99999999940911,0.0,2.4854860501499803e-26,3.971889227456797e-12,-3.971889227448664e-12
"(12, 327.2069095108368)",92.99999999940911,0.0,2.9229215144463933e-24,3.971889227456797e-12,-3.971889226500397e-12
"(13, 327.2069095108368)",92.99999999940911,0.0,1.6672880701453116e-22,3.971889227456797e-12,-3.9718891729019794e-12
"(14, 327.2069095108368)",92.99999999940911,0.0,5.382990082587218e-21,3.971889227456797e-12,-3.971887466105249e-12
"(15, 327.2069095108368)",92.99999999940911,0.0,1.10167276934623e-19,3.971889227456797e-12,-3.971853179962582e-12
"(16, 327.2069095108368)",92.99999999940911,0.0,1.5560559807452435e-18,3.971889227456797e-12,-3.971380075188312e-12
"(17, 327.2069095108368)",92.99999999997425,1.3261668425140506e-15,1.618836361384965e-17,5.9578338411851955e-12,-5.95253689675707e-12
"(18, 327.2069095108368)",92.99999999997425,4.105348836869931e-15,1.3049228708546341e-16,5.9578338411851955e-12,-5.9151358632129604e-12
"(19, 327.2069095108368)",92.99999999999056,6.021382501106333e-15,8.483061221392783e-16,5.9578338411851955e-12,-5.68026221664088e-12
"(20, 327.2069095108368)",92.99999999385813,3.6651849268008565e-14,4.592221549840796e-15,6.08195537954322e-12,-4.579348758430748e-12
"(21, 327.2069095108368)",92.99999999384094,1.7348754164195381e-12,2.124567109328348e-14,6.454319994617295e-12,4.974103842997141e-13
"(22, 327.2069095108368)",92.99999999938764,5.140311267984558e-12,8.580801202003456e-14,7.819656916555568e-12,2.0257317507788677e-11
"(23, 327.2069095108368)",92.99999999383009,3.286377383405752e-12,3.0791289910197615e-13,1.5018706141321012e-11,8.57325219723587e-11
"(24, 327.2069095108368)",92.99999999491372,5.03444770732733e-12,9.961768366558451e-13,2.7927346130555603e-11,2.9802859791788514e-10
"(25, 327.2069095108368)",92.99999999415358,1.8412759542747844e-10,2.9417457397297954e-12,7.757596147376557e-11,8.849835705898913e-10
"(26, 327.2069095108368)",92.99999999266366,3.280819686857786e-10,8.012460442760722e-12,2.122478305922226e-10,2.409484588461344e-9
"(27, 327.2069095108368)",92.99999999741955,5.492764985325327e-10,2.0308711447855343e-11,5.543267903069392e-10,6.090823918693159e-9
"(28, 327.2069095108368)",92.99999998296381,3.0262348246895447e-9,4.826906535951902e-11,1.3575172650217185e-9,1.4436454436243086e-8
"(29, 327.2069095108368)",92.9999999780293,4.714557352567613e-9,1.082891484913314e-10,3.144370931223845e-9,3.2288586680184794e-8
"(30, 327.2069095108368)",92.99999998820884,1.880355019108025e-9,2.3062730130366506e-10,6.924740624994209e-9,6.853810588340261e-8
"(31, 327.2069095108368)",92.99999994220052,1.4433920807365684e-8,4.686063088855756e-10,1.4530784374035618e-8,1.3880043773369416e-7
"(32, 327.2069095108368)",92.99999992804064,1.9982247832522197e-8,9.12368647240366e-10,2.9201701964877445e-8,2.693316234332256e-7
"(33, 327.2069095108368)",92.99999993868967,1.702625714902098e-8,1.7086865928821286e-9,5.639064906374116e-8,5.027034103158215e-7
"(34, 327.2069095108368)",92.99999918024463,2.2881593049385045e-7,3.0885501934607238e-9,1.0501464110780563e-7,9.05580322563575e-7
"(35, 327.2069095108368)",92.99999907866486,2.577419125847851e-7,5.404435722224149e-9,1.8916122445762996e-7,1.5792074858613012e-6
"(36, 327.2069095108368)",92.99999758612866,6.800496312376811e-7,9.179288405088837e-9,3.304583289290233e-7,2.673068261608753e-6
"(37, 327.2069095108368)",92.99999648912434,9.904528976153953e-7,1.5169297415447645e-8,5.612700250411488e-7,4.402228901718199e-6
"(38, 327.2069095108368)",92.99999359146665,1.8108317911837146e-6,2.444255022374967e-8,9.288169867253951e-7,7.068954332551146e-6
"(39, 327.2069095108368)",92.9999899286036,2.8504671122252106e-6,3.847551488957568e-8,1.5005432584009006e-6,1.1088911060455342e-5
"(40, 327.2069095108368)",92.99998450305188,4.390970925673155e-6,5.926918668095495e-8,2.37076792821516e-6,1.702251947488096e-5
"(41, 327.2069095108368)",92.99997664691193,6.629622538411131e-6,8.948643526466609e-8,3.668942933990983e-6,2.5611636992101965e-5
"(42, 327.2069095108368)",92.99996544566547,9.82457738239243e-6,1.326118346609137e-7,5.56969151676274e-6,3.78218170671969e-5
"(43, 327.2069095108368)",92.9999497465162,1.4308441335002902e-5,1.9313488858095068e-7,8.304789300509445e-6,5.489028071078323e-5
"(44, 327.2069095108368)",92.99992810642985,2.0503618436335298e-5,2.7675719292312274e-7,1.2177293046866049e-5,7.837957273440336e-5
"(45, 327.2069095108368)",92.9998986758081,2.8939442572076008e-5,3.9062368049430005e-7,1.7578010838534324e-5,0.00011023675643775414
"(46, 327.2069095108368)",92.9998592177853,4.027107396497259e-5,5.435776826075827e-7,2.5004474677028573e-5,0.0001528578989280611
"(47, 327.2069095108368)",92.99980697620583,5.5300112112710285e-5,7.464391639828017e-7,3.508245471716231e-5,0.00020915759726750297
"(48, 327.2069095108368)",92.99973862420781,7.499684932444145e-5,1.0123050997711375e-6,4.859029875599103e-5,0.00028264292442218214
"(49, 327.2069095108368)",92.99965019075178,0.00010052406363553635,1.356870630994685e-6,6.648604211449113e-5,0.0003774914036592988
"(50, 327.2069095108368)",92.99953696820053,0.0001332622274734818,1.7987693312713403e-6,8.993739118109498e-5,0.0004986323626270749
"(51, 327.2069095108368)",92.99939344099171,0.0001748359892777409,2.3599306524388464e-6,0.00012035462058421717,0.0006518309948601905
"(52, 327.2069095108368)",92.99921316681528,0.00022714176982628617,3.065952424497685e-6,0.00015942643910373555,0.000843774378423409
"(53, 327.2069095108368)",92.9989887324878,0.00029237630297816015,3.946486086619419e-6,0.0002091586848088173,0.0010821588310214393
"(54, 327.2069095108368)",92.9987115906565,0.00037306594305540396,5.035632297350252e-6,0.00027191592712217354,0.0013757777543267574
"(55, 327.2069095108368)",92.99837204799312,0.000472096555728835,6.372344374253349e-6,0.00035046587254162223,0.001734609236496583
"(56, 327.2069095108368)",92.9979591009207,0.0005927438099111072,8.000837198120267e-6,0.0004480264188670366,0.002169902794229239
"(57, 327.2069095108368)",92.99746039102281,0.0007387036887407189,9.970999026434701e-6,0.0005683153753096947,0.0026942644008655665
"(58, 327.2069095108368)",92.99686208348552,0.0009141230534292718,1.2338804052732077e-5,0.0007156025992479801,0.0033217393419062713
"(59, 327.2069095108368)",92.99614875946924,0.0011236300450999978,1.5166722796733383e-5,0.00089476453547958,0.0040678919582471055
"(60, 327.2069095108368)",92.99530336183419,0.0013723642779234766,1.8524129604045565e-5,0.0011113408899917773,0.004949882309126173
"(61, 327.2069095108368)",92.99430711334949,0.0016660065352986227,2.248770350666281e-5,0.00137159339071129,0.0059865385756998546
"(62, 327.2069095108368)",92.9931393912215,0.0020108079483074355,2.71418220634866e-5,0.0016825663787985573,0.0071984253370879344
"(63, 327.2069095108368)",92.9917776634133,0.0024136184846710903,3.2578945946588765e-5,0.0020521491587442244,0.008607907059559688
"(64, 327.2069095108368)",92.99019744769127,0.0028819146651489712,3.889999296512407e-5,0.002489139866844406,0.010239206611267133
"(65, 327.2069095108368)",92.98837213991737,0.003423826425161348,4.621470085978607e-5,0.0030033107179215125,0.012118458724376899
"(66, 327.2069095108368)",92.98627320116316,0.00404816301837506,5.464197633618619e-5,0.003605474519822468,0.014273757686705291
"(67, 327.2069095108368)",92.98386966514967,0.004764437993787452,6.431023329091777e-5,0.0043075521888330135,0.016735200496209118
"(68, 327.2069095108368)",92.98112841231494,0.005582893090172376,7.535771460605708e-5,0.0051226412477622316,0.01953492365628535
"(69, 327.2069095108368)",92.9780142296975,0.0065145210824823045,8.793279992848623e-5,0.006065085100159045,0.022707134609075662
"(70, 327.2069095108368)",92.97448951733689,0.007571087625414125,0.0001021943012343136,0.007150542890382385,0.02628813858611686
"(71, 327.2069095108368)",92.97051378275336,0.008765152143160183,0.0001183117474256446,0.008396059974845806,0.030316361259126068
"(72, 327.2069095108368)",92.96604508658704,0.010110087315420905,0.00013646563926009405,0.00982013880708331,0.03483236126963279
"(73, 327.2069095108368)",92.96103869979393,0.011620097716160835,0.00015684771130560217,0.011442810103950467,0.039878844776203556
"(74, 327.2069095108368)",92.95544642449335,0.013310238711155966,0.00017966118210724233,0.013285704284892902,0.04550067587148151
"(75, 327.2069095108368)",92.94922001423123,0.015196430722658529,0.00020512094106625787,0.015372123100872504,0.05174486610137222
"(76, 327.2069095108368)",92.94230612406267,0.0172954787424301,0.00023345382482144346,0.017727111346082704,0.05866059318722609
"(77, 327.2069095108368)",92.93465059078906,0.01962508444114953,0.0002648987688352894,0.02037752864041301,0.0662991788434076
"(78, 327.2069095108368)",92.92619643464492,0.022203862025175127,0.0002997070270697648,0.02335212126305165,0.0747140888231268
"(79, 327.2069095108368)",92.91688428271203,0.025051351662403246,0.0003381423520927247,0.02668159392837166,0.08396092007461402
"(80, 327.2069095108368)",92.90665239485301,0.028188032580384284,0.0003804811719267404,0.030398681617423463,0.09409738677578662
"(81, 327.2069095108368)",92.89543671815566,0.03163533559093253,0.0004270127588903773,0.03453822136660547,0.10518330379161098
"(82, 327.2069095108368)",92.88317091122396,0.03541565515120575,0.00047803939264968,0.03913722402592495,0.11728056826741427
"(83, 327.2069095108368)",92.86978639882716,0.039552360980357026,0.0005338765170439476,0.04423494604034547,0.1304531391620142
"(84, 327.2069095108368)",92.8552124502773,0.04406980928107033,0.0005948528912718533,0.04987296121983931,0.14476701494680963
"(85, 327.2069095108368)",92.83937623159026,0.048993353672898615,0.000661310737711448,0.05609523261196422,0.1602902101009303
"(86, 327.2069095108368)",92.82220289041075,0.054349355821696775,0.000733605885223033,0.06294818440398117,0.1770927300988091
"(87, 327.2069095108368)",92.80361562382463,0.0601651958652807,0.0008121079101777515,0.07048077394611466,0.19524654553245166
"(88, 327.2069095108368)",92.78353579033785,0.06646928257528309,0.000897200273123892,0.07874456396099534,0.21482556462015207
"(89, 327.2069095108368)",92.7618829849025,0.07329106340313832,0.0009892804548231214,0.08779379491446072,0.2359056053476878
"(90, 327.2069095108368)",92.73857514017664,0.08066103433170752,0.001088760089294217,0.09768545765470649,0.258564366361997
"(91, 327.2069095108368)",92.71352865689803,0.08861074950465984,0.001196065093093458,0.10847936633592455,0.28288139634897713
"(92, 327.2069095108368)",92.68665848131249,0.09717283081338664,0.0013116357956870863,0.12023823163350249,0.3089380634770564
"(93, 327.2069095108368)",92.65787824570263,0.10638097717320885,0.0014359270638983764,0.13302773441437665,0.336817522446781
"(94, 327.2069095108368)",92.62710037469438,0.11626997367943627,0.0015694084258431986,0.14691659975095384,0.36660468102946653
"(95, 327.2069095108368)",92.59423620719065,0.12687570050180588,0.0017125641909173871,0.16197667140334326,0.3983861648456617
"(96, 327.2069095108368)",92.55919611770584,0.1382351415102124,0.001865893566226608,0.17828298682761595,0.43225028045354635
"(97, 327.2069095108368)",92.52188963697078,0.1503863925908144,0.0020299107688368802,0.19591385270487774,0.46828697654900436
"(98, 327.2069095108368)",92.48222557099476,0.16336866959875088,0.0022051451331765344,0.21495092098730884,0.5065878030622476
"(99, 327.2069095108368)",92.44011212390052,0.17722231586705198,0.00239214121210642,0.23547926552633308,0.5472458676005157
"(100, 327.2069095108368)",92.39545700008102,0.19198880931723586,0.0025914588735243835,0.25758745941225214,0.5903557897180959
"(101, 327.2069095108368)",92.34816752884478,0.20771076891237375,0.002803673386631178,0.2813676527753633,0.6360136513420059
"(102, 327.2069095108368)",92.29815075304745,0.22443196066290466,0.0030293755038068933,0.306915651362589,0.6843169449858987
"(103, 327.2069095108368)",92.2453132815256,0.24219730432323036,0.003269171570454906,0.3343309957232945,0.7353645305059442
"(104, 327.2069095108368)",92.18956263732348,0.2610528707256582,0.0035236833891268654,0.363717041034828,0.7892565108160449
"(105, 327.2069095108368)",92.130804804789,0.28104590019100656,0.0037935486682563776,0.395181037679493,0.846094298139627
"(106, 327.2069095108368)",92.06894682634704,0.30222479103922945,0.004079420666824735,0.42883421248569437,0.905980416500664
"(107, 327.2069095108368)",92.00389559130637,0.3246391091380398,0.004381968423309436,0.4647918506590765,0.9690184947060785
"(108, 327.2069095108368)",91.93555813266339,0.34833958783212177,0.004701876734819681,0.5031733785067981,1.035313176794454
"(109, 327.2069095108368)",91.86384162981123,0.37337812878750576,0.005039846170561912,0.5441024468246155,1.1049700430549736
"(110, 327.2069095108368)",91.78865338938374,0.3998078021233765,0.005396593077803934,0.5877070151808687,1.1780955276949314
"(111, 327.2069095108368)",91.70990130021141,0.4276828410310645,0.005772849455998544,0.6341194368950516,1.2547967926735475
"(112, 327.2069095108368)",91.62749271582867,0.4570586501161919,0.006169363197602175,0.6834765449562298,1.3351817205810717
"(113, 327.2069095108368)",91.54133560983439,0.48799179201622916,0.0065868977682317425,0.7359197388073316,1.419358723199605
"(114, 327.2069095108368)",91.45133790339678,0.5205399898493223,0.007026232312660833,0.7915950721226578,1.507436688408273
"(115, 327.2069095108368)",91.35740752571748,0.5547621223071959,0.0074881615737506894,0.8506533416012034,1.5995248648635638
"(116, 327.2069095108368)",91.2594523343884,0.5907182193783265,0.007973495834336167,0.9132501769723989,1.6957327529782698
"(117, 327.2069095108368)",91.15738001476994,0.6284694577583574,0.00848306085566921,0.9795461321222945,1.7961699936535829
"(118, 327.2069095108368)",91.05109797072195,0.6680781559284361,0.009017697810345358,1.049706777733161,1.900946253692584
"(119, 327.2069095108368)",90.94051319296098,0.7096077692098764,0.00957826321619583,1.1239027952911567,2.010171110161609
"(120, 327.2069095108368)",90.82553211619498,0.75312288481507,0.010165628869843485,1.2023100728868057,2.1239539328488215
"(1, 331.2732592987212)",92.99999999940911,0.0,1.1136045536647364e-267,3.971889227456797e-12,-3.971889227456797e-12
"(2, 331.2732592987212)",92.99999999940911,0.0,2.91963221944086e-135,3.971889227456797e-12,-3.971889227456797e-12
"(3, 331.2732592987212)",92.99999999940911,0.0,5.236707479781609e-91,3.971889227456797e-12,-3.971889227456797e-12
"(4, 331.2732592987212)",92.99999999940911,0.0,7.974336571158607e-69,3.971889227456797e-12,-3.971889227456797e-12
"(5, 331.2732592987212)",92.99999999940911,0.0,1.756067211761962e-55,3.971889227456797e-12,-3.971889227456797e-12
"(6, 331.2732592987212)",92.99999999940911,0.0,1.4518468264988806e-46,3.971889227456797e-12,-3.971889227456797e-12
"(7, 331.2732592987212)",92.99999999940911,0.0,3.5261942552751623e-40,3.971889227456797e-12,-3.971889227456797e-12
"(8, 331.2732592987212)",92.99999999940911,0.0,2.2296282680118396e-35,3.971889227456797e-12,-3.971889227456797e-12
"(9, 331.2732592987212)",92.99999999940911,0.0,1.234661630385708e-31,3.971889227456797e-12,-3.971889227456797e-12
"(10, 331.2732592987212)",92.99999999940911,0.0,1.2405792146839684e-28,3.971889227456797e-12,-3.971889227456756e-12
"(11, 331.2732592987212)",92.99999999940911,0.0,3.5971307150369985e-26,3.971889227456797e-12,-3.9718892274448804e-12
"(12, 331.2732592987212)",92.99999999940911,0.0,4.1018834323713656e-24,3.971889227456797e-12,-3.9718892260979525e-12
"(13, 331.2732592987212)",92.99999999940911,0.0,2.2795878784460828e-22,3.971889227456797e-12,-3.971889151940146e-12
"(14, 331.2732592987212)",92.99999999940911,0.0,7.19724057581598e-21,3.971889227456797e-12,-3.971886843203453e-12
"(15, 331.2732592987212)",92.99999999940911,0.0,1.4447262531689016e-19,3.971889227456797e-12,-3.971841367539329e-12
"(16, 331.2732592987212)",92.99999999940911,0.0,2.006318426168513e-18,3.971889227456797e-12,-3.971224587812569e-12
"(17, 331.2732592987212)",92.99999999997425,1.199318533186272e-15,2.0562928803215338e-17,5.9578338411851955e-12,-5.9510218927398266e-12
"(18, 331.2732592987212)",92.99999999997425,4.105348836869931e-15,1.6356698258112504e-16,5.9578338411851955e-12,-5.903648473751889e-12
"(19, 331.2732592987212)",92.99999999999056,6.021382501106333e-15,1.0507506677003133e-15,5.9578338411851955e-12,-5.609748242785805e-12
"(20, 331.2732592987212)",92.99999999385813,3.6651849268008565e-14,5.627591328006072e-15,6.08195537954322e-12,-4.21768485831343e-12
"(21, 331.2732592987212)",92.99999999384094,2.2483790182710913e-12,2.578489836983654e-14,6.454319994617295e-12,2.0875273290447385e-12
"(22, 331.2732592987212)",92.99999999938764,5.140311267984558e-12,1.0322866498900175e-13,8.192021531629644e-12,2.6004874772332757e-11
"(23, 331.2732592987212)",92.99999999383009,3.286377383405752e-12,3.67460146938413e-13,1.6384043063259287e-11,1.053456774754158e-10
"(24, 331.2732592987212)",92.99999999491372,5.03444770732733e-12,1.1801019668554732e-12,3.227159997308647e-11,3.5866462489195755e-10
"(25, 331.2732592987212)",92.99999999291302,2.5643452501740647e-10,3.461345114278973e-12,9.048460146300015e-11,1.0561664761018997e-9
"(26, 331.2732592987212)",92.99999999266366,3.280819686857786e-10,9.368903208416533e-12,2.4762246902425967e-10,2.8560446328821315e-9
"(27, 331.2732592987212)",92.99999999741955,5.492764985325327e-10,2.3609650599977325e-11,6.434460548480011e-10,7.177799850310496e-9
"(28, 331.2732592987212)",92.99999998296381,3.0262348246895447e-9,5.581360929065915e-11,1.5687721233070767e-9,1.692078413963497e-8
"(29, 331.2732592987212)",92.9999999780293,4.714557352567613e-9,1.245894549695307e-10,3.6170257492912036e-9,3.7656129072716496e-8
"(30, 331.2732592987212)",92.99999998820884,1.880355019108025e-9,2.6410534140826026e-10,7.929132113387348e-9,7.956190513312855e-8
"(31, 331.2732592987212)",92.99999994220052,2.010546131880646e-8,5.342883181733775e-10,1.6566874089260658e-8,1.6042855847726627e-7
"(32, 331.2732592987212)",92.99999992804064,1.9982247832522197e-8,1.0359950100665287e-9,3.315782775696277e-8,3.100396158449877e-7
"(33, 331.2732592987212)",92.99999993868967,1.702625714902098e-8,1.9327575516748574e-9,6.378494146834377e-8,5.764859521092029e-7
"(34, 331.2732592987212)",92.99999907674352,2.5788569887648476e-7,3.4809330077528678e-9,1.1835572053667957e-7,1.0347843023421137e-6
"(35, 331.2732592987212)",92.99999840125935,4.227041617547276e-7,6.070260893779436e-9,2.1246107139512168e-7,1.7984540396807606e-6
"(36, 331.2732592987212)",92.99999758612866,6.800496312376811e-7,1.0276953682203543e-8,3.6997428248837584e-7,3.034505659477187e-6
"(37, 331.2732592987212)",92.99999554816279,1.2543729047507998e-6,1.6931485798998285e-8,6.264689590744671e-7,4.982479526329707e-6
"(38, 331.2732592987212)",92.99999286211073,2.0153554887607373e-6,2.720320465030487e-8,1.033723890337906e-6,7.977970377538717e-6
"(39, 331.2732592987212)",92.99998881555895,3.1637195131751993e-6,4.270378593161281e-8,1.6654477829818368e-6,1.2481174566978417e-5
"(40, 331.2732592987212)",92.99998285178005,4.860830469007644e-6,6.561133586979288e-8,2.6244538585097475e-6,1.911082722201964e-5
"(41, 331.2732592987212)",92.99997420635167,7.320856929983853e-6,9.881669529842872e-8,4.051481543321189e-6,2.8683847181317916e-5
"(42, 331.2732592987212)",92.99996193295881,1.082334464073478e-5,1.460931635133299e-7,6.135909150444378e-6,4.226084928787743e-5
"(43, 331.2732592987212)",92.99994476936416,1.572758870311374e-5,2.1229049468016123e-7,9.128478199040975e-6,6.119768589179386e-5
"(44, 331.2732592987212)",92.9999211411422,2.248883706263547e-5,3.0355361130687094e-7,1.335632713925354e-5,8.720286705027076e-5
"(45, 331.2732592987212)",92.9998891006665,3.16763274897241e-5,4.2756606619006967e-7,1.9240409575926396e-5,0.00012240079473639073
"(46, 331.2732592987212)",92.9998462068265,4.399312929375619e-5,5.938178677031737e-7,2.7315493847959717e-5,0.00016940048661588745
"(47, 331.2732592987212)",92.99978953733613,6.029773103514835e-5,8.138968656952012e-7,3.8252910286158245e-5,0.00023136935714570463
"(48, 331.2732592987212)",92.9997155170594,8.162728726849558e-5,1.1018025413961929e-6,5.288608152421309e-5,0.0003121116374677179
"(49, 331.2732592987212)",92.99961992807253,0.00010922241186286246,1.4742806594368609e-6,7.22389735136026e-5,0.0004161507856591144
"(50, 331.2732592987212)",92.99949773832591,0.00014455338303217313,1.9511769918316476e-6,9.755748995665389e-5,0.0005488152715960904
"(51, 331.2732592987212)",92.99934309874229,0.00018934760630821268,2.555808000049548e-6,0.0001303438809070418,0.0007163269654111182
"(52, 331.2732592987212)",92.99914917165391,0.00024561816697113957,3.3153462477239574e-6,0.00017239413227315318,0.0009258914249141477
"(53, 331.2732592987212)",92.99890809051807,0.00031569329205505486,4.261218067569889e-6,0.00022583820279366247,0.001185789395032813
"(54, 331.2732592987212)",92.99861082028976,0.0004022465355063314,5.429511013021404e-6,0.0002931833511429264,0.0015054684585389755
"(55, 331.2732592987212)",92.99824713236013,0.0005083274958597283,6.861388455393355e-6,0.0003773601146448025,0.0018956344022879727
"(56, 331.2732592987212)",92.99780540420217,0.0006373928780996157,8.603508901289651e-6,0.0004817711342174638,0.0023683413009183184
"(57, 331.2732592987212)",92.99727261448818,0.0007933377118600443,1.0708447333257813e-5,0.0006103424725475546,0.00293707977756946
"(58, 331.2732592987212)",92.99663418802353,0.0009805265582351096,1.3235116470515925e-5,0.0007675775586760977,0.0036168626117098995
"(59, 331.2732592987212)",92.99587397837816,0.0012038244794061613,1.6249184733618146e-5,0.0009586132865895782,0.004424307101063127
"(60, 331.2732592987212)",92.99497404600237,0.0014686277418542331,1.9823490797396752e-5,0.001189278462066412,0.005377713945065416
"(61, 331.2732592987212)",92.99391471216275,0.0017808939432660174,2.4038450104748797e-5,0.0014661541545407848,0.006497141560149035
"(62, 331.2732592987212)",92.99267438655225,0.0021471715530585102,2.898245369358149e-5,0.0017966359186092223,0.00780447597893778
"(63, 331.2732592987212)",92.99122950573111,0.0025746287044717056,3.4752256803207214e-5,0.0021889977080584598,0.00932349567112615
"(64, 331.2732592987212)",92.98955449303016,0.0030710811382527407,4.1453356054079996e-5,0.002652457260857661,0.011079931108047798
"(65, 331.2732592987212)",92.98762163554429,0.0036450192416567647,4.920035442585231e-5,0.0031972428630168068,0.01310151890628755
"(66, 331.2732592987212)",92.98540104998295,0.004305634085909913,5.811731270897647e-5,0.003834661241826961,0.015418050360958667
"(67, 331.2732592987212)",92.98286066712225,0.005062842420288278,6.833808681316704e-5,0.004577166474538844,0.01806141427829796
"(68, 331.2732592987212)",92.97996599768956,0.005927310666184072,8.000665182890764e-5,0.0054384298329178005,0.021065634484022426
"(69, 331.2732592987212)",92.9766803236659,0.00691047770491362,9.327740940961364e-5,0.006433410222465067,0.02446690121159885
"(70, 331.2732592987212)",92.97296439604631,0.008024576715462374,0.00010831548325884605,0.0075784253501083336,0.02830359782156567
"(71, 331.2732592987212)",92.96877706525706,0.009282655717207744,0.00012529699318557353,0.008891223266491121,0.03261632004642348
"(72, 331.2732592987212)",92.96407397832871,0.010698597492077376,0.00014440933046377588,0.01039105430545108,0.03744789527043006
"(73, 331.2732592987212)",92.95880883578893,0.012287137919547497,0.0001658513988652882,0.01209874335626812,0.042843390105088135
"(74, 331.2732592987212)",92.95293238916997,0.014063884023981992,0.00018983386257942597,0.01403676222887959,0.0488501201530724
"(75, 331.2732592987212)",92.94639386639659,0.016045329718493966,0.00021657935426397777,0.016229302194106822,0.055517646389733485
"(76, 331.2732592987212)",92.93913969102151,0.018248872404763757,0.0002463227023495759,0.01870234658656304,0.06289777786004973
"(77, 331.2732592987212)",92.93111262082712,0.02069282911138074,0.00027931115260644053,0.021483743406568306,0.07104457247584975
"(78, 331.2732592987212)",92.92225433444965,0.023396448388206505,0.0003158045200635523,0.024603277941055077,0.08001431472166629
"(79, 331.2732592987212)",92.91250367881685,0.02637992550821856,0.00035607539987564293,0.028092745317075722,0.08986551295582397
"(80, 331.2732592987212)",92.90179713161268,0.029664415105961947,0.0004004093364925718,0.031986023011122834,0.10065888294240982
"(81, 331.2732592987212)",92.89006881225974,0.033272043677298115,0.0004491049928032078,0.03631914333759705,0.11245733139565031
"(82, 331.2732592987212)",92.8772505706797,0.03722592154995634,0.0005024743112241085,0.04113036587086994,0.1253259369222205
"(83, 331.2732592987212)",92.86327202539695,0.0415501544872936,0.0005608426705896497,0.04646024985989949,0.13933192958013277
"(84, 331.2732592987212)",92.84806063464073,0.04626985491655796,0.0006245490376482594,0.05235172662981293,0.15454466866380567
"(85, 331.2732592987212)",92.83154176991629,0.051411152856642724,0.0006939461145681784,0.058850172024573745,0.1710356191261105
"(86, 331.2732592987212)",92.81363879721322,0.0570012065848739,0.0007694004829174555,0.06600347892126676,0.1888783267608088
"(87, 331.2732592987212)",92.79427316528378,0.06306821307944235,0.000851292744615541,0.07386212980123104,0.20814839232491317
"(88, 331.2732592987212)",92.77336450051676,0.0696414182658977,0.000940017660238492,0.08247926955553406,0.2289234445500291
"(89, 331.2732592987212)",92.75083070769772,0.0767511270871536,0.0010359842849518581,0.09191077836653253,0.2512831122917247
"(90, 331.2732592987212)",92.72658807751374,0.08442871340359542,0.001139616102124437,0.10221534491947233,0.2753089955805942
"(91, 331.2732592987212)",92.70055139542124,0.0927066297352456,0.0012513511549189073,0.11345453982794987,0.30108463578925554
"(92, 331.2732592987212)",92.67263406864004,0.1016184167909594,0.0013716421745501117,0.1256928894240425,0.32869548433075846
"(93, 331.2732592987212)",92.64274822487528,0.11119871288707554,0.0015009567081269448,0.1389979498881596,0.3582288708793328
"(94, 331.2732592987212)",92.61080485357243,0.12148326303902926,0.00163977724073275,0.15344038177384844,0.3897739692875534
"(95, 331.2732592987212)",92.57671392750662,0.13250892784324167,0.0017886013153314104,0.16909402501642568,0.4234217622993905
"(96, 331.2732592987212)",92.54038451182339,0.14431369211291253,0.0019479416499933618,0.18603597438174393,0.45926500493528594
"(97, 331.2732592987212)",92.5017249092274,0.15693667303361314,0.0021183262470563188,0.20434665545066694,0.497398184669708
"(98, 331.2732592987212)",92.46064276672546,0.17041812804297335,0.002300298500148659,0.2241099010748341,0.5379174804293722
"(99, 331.2732592987212)",92.41704519769605,0.18479946218539142,0.0024944172933638966,0.24541302851248703,0.5809207183112653
"(100, 331.2732592987212)",92.3708389014071,0.20012323492905512,0.0027012570930004714,0.26834691700145197,0.626507324400603
"(101, 331.2732592987212)",92.32193026696481,0.21643316644472138,0.002921408032585842,0.2930060860380018,0.6747782746581747
"(102, 331.2732592987212)",92.27022547935498,0.23377414319787151,0.003155475988112704,0.31948877420197636,0.7258360410189719
"(103, 331.2732592987212)",92.21563046684494,0.2521922237095639,0.003404082668161478,0.3478970186354032,0.779784541768737
"(104, 331.2732592987212)",92.158051664772,0.2717346387775538,0.0036678655596448354,0.37833673514892474,0.8367290434641481
"(105, 331.2732592987212)",92.09739483448264,0.2924498021667737,0.003947478176315413,0.41091779892413327,0.8967761625544457
"(106, 331.2732592987212)",92.03356621424513,0.3143873067358023,0.004243589918863057,0.4457541259688266,0.960033737580134
"(107, 331.2732592987212)",91.96647218811462,0.3375979284405323,0.004556886156203048,0.48296375512820483,1.0266107740904007
"(108, 331.2732592987212)",91.89601929923943,0.36213362720894715,0.004888068241868267,0.5226689308813836,1.096617367276887
"(109, 331.2732592987212)",91.8221143013411,0.38804754676320546,0.005237853508073266,0.5649961867621145,1.1701646165865571
"(110, 331.2732592987212)",91.74466388552747,0.4153940163221143,0.005606975322802713,0.6100764295535278,1.2473645604388262
"(111, 331.2732592987212)",91.66357607223834,0.4442285356388526,0.005996182718313935,0.6580450242704263,1.328329968176097
"(112, 331.2732592987212)",91.57875737825859,0.47460779900867717,0.00640624105403083,0.7090418798757573,1.4131744739463108
"(113, 331.2732592987212)",91.49011558009099,0.5065896655218155,0.006837931276279203,0.7632115359922922,1.502012244761384
"(114, 331.2732592987212)",91.3975582517936,0.5402331684425973,0.0072920502142575835,0.8207032504148892,1.5949579910321587
"(115, 331.2732592987212)",91.30099297204373,0.5755985080992653,0.007769410449897206,0.8816710877173846,1.692126834849607
"(116, 331.2732592987212)",91.20032722873208,0.6127470470394542,0.00827084025309659,0.9462740089968081,1.7936341987855597
"(117, 331.2732592987212)",91.09546831588072,0.6517413047600109,0.008797183510002412,1.0146759627353157,1.8995956912721472
"(118, 331.2732592987212)",90.98632321014932,0.692644952291402,0.009349299650167505,1.087045977134448,2.010126990136935
"(119, 331.2732592987212)",90.87279843504581,0.7355228066917088,0.009928063572198489,1.1635582538793972,2.1253437242077013
"(120, 331.2732592987212)",90.75479991104933,0.7804408256323567,0.010534365570737322,1.2443922636028668,2.245361353659519
"(1, 334.6410161513775)",92.99999999940911,0.0,3.2309412434887346e-266,3.971889227456797e-12,-3.971889227456797e-12
"(2, 334.6410161513775)",92.99999999940911,0.0,1.572632522107762e-134,3.971889227456797e-12,-3.971889227456797e-12
"(3, 334.6410161513775)",92.99999999940911,0.0,1.6091297096734183e-90,3.971889227456797e-12,-3.971889227456797e-12
"(4, 334.6410161513775)",92.99999999940911,0.0,1.8507344818588974e-68,3.971889227456797e-12,-3.971889227456797e-12
"(5, 334.6410161513775)",92.99999999940911,0.0,3.443981249372903e-55,3.971889227456797e-12,-3.971889227456797e-12
"(6, 334.6410161513775)",92.99999999940911,0.0,2.5449963951220508e-46,3.971889227456797e-12,-3.971889227456797e-12
"(7, 334.6410161513775)",92.99999999940911,0.0,5.704910585611389e-40,3.971889227456797e-12,-3.971889227456797e-12
"(8, 334.6410161513775)",92.99999999940911,0.0,3.396700464694924e-35,3.971889227456797e-12,-3.971889227456797e-12
"(9, 334.6410161513775)",92.99999999940911,0.0,1.794976980374732e-31,3.971889227456797e-12,-3.971889227456797e-12
"(10, 334.6410161513775)",92.99999999940911,0.0,1.7373381166990776e-28,3.971889227456797e-12,-3.971889227456739e-12
"(11, 334.6410161513775)",92.99999999940911,0.0,4.8856204708688105e-26,3.971889227456797e-12,-3.971889227440447e-12
"(12, 334.6410161513775)",92.99999999940911,0.0,5.430834114608915e-24,3.971889227456797e-12,-3.971889225639417e-12
"(13, 334.6410161513775)",92.99999999940911,0.0,2.9536833622298865e-22,3.971889227456797e-12,-3.971889128614437e-12
"(14, 334.6410161513775)",92.99999999940911,0.0,9.154557699187026e-21,3.971889227456797e-12,-3.971886163966306e-12
"(15, 334.6410161513775)",92.99999999940911,0.0,1.8083902604981786e-19,3.971889227456797e-12,-3.971828711301359e-12
"(16, 334.6410161513775)",92.99999999940911,0.0,2.4763515446538925e-18,3.971889227456797e-12,-3.971060538659546e-12
"(17, 334.6410161513775)",92.99999999997425,1.199318533186272e-15,2.5068030106354973e-17,5.9578338411851955e-12,-5.949445050117491e-12
"(18, 334.6410161513775)",92.99999999997425,4.105348836869931e-15,1.9722008597482151e-16,5.9578338411851955e-12,-5.89183591120912e-12
"(19, 334.6410161513775)",92.99999999999056,6.021382501106333e-15,1.2545228371872916e-15,5.9578338411851955e-12,-5.5380190441637316e-12
"(20, 334.6410161513775)",92.99999999385813,3.6651849268008565e-14,6.659666844917998e-15,6.08195537954322e-12,-3.853357699330223e-12
"(21, 334.6410161513775)",92.99999999383357,2.242562674864188e-12,3.027004014723061e-14,6.57844153297532e-12,3.5511554608369265e-12
"(22, 334.6410161513775)",92.99999999938764,5.140311267984558e-12,1.2030455868549885e-13,8.564386146703719e-12,3.169445361945464e-11
"(23, 334.6410161513775)",92.99999999383009,3.286377383405752e-12,4.254039371661627e-13,1.7749379985197562e-11,1.246082258228839e-10
"(24, 334.6410161513775)",92.99999999491372,9.420906001202539e-11,1.3578792691124819e-12,3.661585381561735e-11,4.1778624461107336e-10
"(25, 334.6410161513775)",92.99999999291302,2.5643452501740647e-10,3.96048944855755e-12,1.0302087683716067e-10,1.2223213366849467e-9
"(26, 334.6410161513775)",92.99999999266366,3.280819686857786e-10,1.0664550535537067e-11,2.8125940591928444e-10,3.2875366220905574e-9
"(27, 334.6410161513775)",92.99999999741955,5.492764985325327e-10,2.6746064583018103e-11,7.280969440081741e-10,8.222233286103373e-9
"(28, 334.6410161513775)",92.99999998296381,3.0262348246895447e-9,6.294710787888689e-11,1.7684836785251388e-9,1.929620046585595e-8
"(29, 334.6410161513775)",92.9999999780293,4.714557352567613e-9,1.3993157682595277e-10,4.062001464304723e-9,4.2764843596396665e-8
"(30, 334.6410161513775)",92.99999998820884,1.880355019108025e-9,2.9548162426665253e-10,8.87034573875625e-9,9.000992525989589e-8
"(31, 334.6410161513775)",92.99999984157066,2.010546131880646e-8,5.956021978400973e-10,1.846767132767545e-8,1.8084525337952854e-7
"(32, 334.6410161513775)",92.99999992804064,1.9982247832522197e-8,1.1509696555799512e-9,3.683703839697135e-8,3.483246167057045e-7
"(33, 334.6410161513775)",92.999999433936,1.1660875691095283e-7,2.1404179304839127e-9,7.062987194417377e-8,6.456417593015912e-7
"(34, 334.6410161513775)",92.99999907674352,2.5788569887648476e-7,3.843379534992153e-9,1.3067887922947937e-7,1.1554735538157036e-6
"(35, 334.6410161513775)",92.99999823916846,4.951394043199594e-7,6.683376013732261e-9,2.339201959187639e-7,2.0026115446383427e-6
"(36, 334.6410161513775)",92.99999703185834,8.36033651224984e-7,1.1284755772774602e-8,4.0625116038273745e-7,3.370090978438679e-6
"(37, 334.6410161513775)",92.99999513013523,1.3739039609778723e-6,1.854491219588842e-8,6.861657094339126e-7,5.519722552236262e-6
"(38, 334.6410161513775)",92.99999220237291,2.2021207433650077e-6,2.972415614411465e-8,1.1295180388472474e-6,8.81740377746149e-6
"(39, 334.6410161513775)",92.999987813041,3.4490583646717783e-6,4.6555280679896015e-8,1.8156542073550307e-6,1.3763652226577966e-5
"(40, 334.6410161513775)",92.99998134039349,5.2878058462820305e-6,7.137463606075581e-8,2.8549898806851797e-6,2.10298908581209e-5
"(41, 334.6410161513775)",92.99997200000685,7.947584314074055e-6,1.0727624168610274e-7,4.398328880175005e-6,3.150070164656318e-5
"(42, 334.6410161513775)",92.99995874912621,1.1726958476173669e-5,1.5829011460662037e-7,6.648177109235624e-6,4.632218768944182e-5
"(43, 334.6410161513775)",92.9999402647424,1.700890030021171e-5,2.2958559823635234e-7,9.87215773333923e-6,6.695660015419563e-5
"(44, 334.6410161513775)",92.99991486867545,2.4277731776870214e-5,3.2770005557346957e-7,1.4418766547490576e-5,9.524311304247818e-5
"(45, 334.6410161513775)",92.99988047753587,3.4137941511579646e-5,4.607928546606696e-7,2.0735596741704073e-5,0.00013346459237723642
"(46, 334.6410161513775)",92.99983453152518,4.7334837911190395e-5,6.389241444554247e-7,2.939036000061857e-5,0.00018441986494359427
"(47, 334.6410161513775)",92.9997738988669,6.477697102888599e-5,8.743575058507198e-7,4.109451514838997e-5,0.00025150136908907896
"(48, 334.6410161513775)",92.9996948457588,8.756022655706664e-5,1.1818851675874416e-6,5.67299611061228e-5,0.0003387772923495798
"(49, 334.6410161513775)",92.99959288663199,0.00011699346973847726,1.5791741528528052e-6,7.737859432616401e-5,0.0004510778488644895
"(50, 334.6410161513775)",92.99946274368986,0.00015462559469806014,2.0871313862858207e-6,0.00010435494158575271,0.0005940848263623676
"(51, 334.6410161513775)",92.99929825667293,0.00020227381619161963,2.7302855721425862e-6,0.000139241792798252,0.0007744237454469883
"(52, 334.6410161513775)",92.99909224495443,0.0002620530265170552,3.5371834619627913e-6,0.0001839289269331166,0.0009997577410919593
"(53, 334.6410161513775)",92.99883645169623,0.0003364060297646388,4.540797947576773e-6,0.000240654744862289,0.0012788824944528915
"(54, 334.6410161513775)",92.99852143403052,0.00042813445968432017,5.778945390365148e-6,0.0003120509106644422,0.00162182124705067
"(55, 334.6410161513775)",92.99813644793338,0.0005404301850925131,7.294709539043962e-6,0.0004011898224038108,0.0020399191902710076
"(56, 334.6410161513775)",92.99766937731741,0.0006769070079345327,9.13686937547934e-6,0.0005116347682785046,0.002545936483974304
"(57, 334.6410161513775)",92.99710661439997,0.0008416324640871613,1.1360328374478672e-5,0.0006474928017752416,0.003154139029273628
"(58, 334.6410161513775)",92.9964329847118,0.001039159555227612,1.4026542797481656e-5,0.0008134699810911433,0.003880386553748904
"(59, 334.6410161513775)",92.99563160746077,0.0012745581821535532,1.7203946030830975e-5,0.0010149289970262927,0.004742216984544443
"(60, 334.6410161513775)",92.99468388083612,0.0015534462549781402,2.09683684187505e-5,0.0012579489563709276,0.005758927158316193
"(61, 334.6410161513775)",92.99356932656482,0.0018820201661197483,2.540344866152785e-5,0.001549387140190431,0.0069516487336526
"(62, 334.6410161513775)",92.99226550214054,0.0022670846182999737,3.0601036454534514e-5,0.0018969425880622712,0.008343419346368506
"(63, 334.6410161513775)",92.99074797148411,0.002716081645377687,3.666158412131028e-5,0.0023092212693309327,0.009959248494743545
"(64, 334.6410161513775)",92.98899022927019,0.0032371187331635665,4.369452623635662e-5,0.002795802819907809,0.011826177840079596
"(65, 334.6410161513775)",92.98696354202534,0.0038389959947478874,5.181864648178823e-5,0.003367308476099214,0.013973336038155402
"(66, 334.6410161513775)",92.98463697805995,0.004531232281843672,6.116243000969004e-5,0.004035470164130033,0.016431987564600146
"(67, 334.6410161513775)",92.98197740657564,0.005324090205173602,7.186440113249765e-5,0.00481320060833284,0.019235575611756383
"(68, 334.6410161513775)",92.97894913151917,0.0062286001754019715,8.407344818243658e-5,0.005714664162593225,0.022419759968527537
"(69, 334.6410161513775)",92.97551441372772,0.0072565830509997015,9.794912843990848e-5,0.006755348358348754,0.02602244751392401
"(70, 334.6410161513775)",92.97163262808523,0.008420672115880766,0.00011366196638864922,0.00795213604390294,0.030083819886158353
"(71, 334.6410161513775)",92.96726119586651,0.009734333405645753,0.00013139372522089597,0.009323377863087505,0.034646351860748006
"(72, 334.6410161513775)",92.96235494877767,0.011211885403058005,0.0001513376744465393,0.010888965102441481,0.0397548280563348
"(73, 334.6410161513775)",92.95686547487085,0.01286851779134939,0.00017369884816829923,0.012670402754485917,0.045456356300877576
"(74, 334.6410161513775)",92.95074325960539,0.014720308378268016,0.00019869425753351306,0.014690882755389342,0.05180036548906897
"(75, 334.6410161513775)",92.94393540340181,0.01678423991616593,0.00022655313935913992,0.016975357221392016,0.05883861554603521
"(76, 334.6410161513775)",92.93638614535503,0.0190782167827025,0.00025751716652331507,0.019550611804386855,0.06662519447739879
"(77, 334.6410161513775)",92.9280379748318,0.02162107839074995,0.0002918406320087572,0.022445338977744058,0.07521650667192668
"(78, 334.6410161513775)",92.91883064941054,0.024432614321776715,0.00032979065509419097,0.02569021127062528,0.08467126866732327
"(79, 334.6410161513775)",92.90870152540843,0.027533577629798522,0.00037164735966085455,0.029317954468412646,0.09505049561847219
"(80, 334.6410161513775)",92.89758553733088,0.030945697827665403,0.0004177040501831678,0.033363420704655526,0.10641748709918576
"(81, 334.6410161513775)",92.88541530709851,0.03469169326214766,0.0004682673779774138,0.03786366151677383,0.11883780968012912
"(82, 334.6410161513775)",92.87212114253308,0.038795283125695926,0.000523657504117456,0.04285800081698627,0.13237927847617334
"(83, 334.6410161513775)",92.85763114228266,0.043281198987563704,0.0005842082544825081,0.04838810780018492,0.14711193612386417
"(84, 334.6410161513775)",92.84187124724245,0.04817519604020373,0.0006502672718485281,0.054498069914366995,0.16310803070700852
"(85, 334.6410161513775)",92.82476532412454,0.05350406403232918,0.0007221961633936064,0.061234465756469604,0.18044199222219312
"(86, 334.6410161513775)",92.80623524981598,0.05929563796176072,0.0008003706450669141,0.0686464380748249,0.19919040788810075
"(87, 334.6410161513775)",92.78620101044729,0.06557880854100949,0.0008851806827164415,0.07678576684273686,0.21943199629906324
"(88, 334.6410161513775)",92.76458069043827,0.07238353271028082,0.0009770306370618443,0.08570694248559645,0.2412475827118068
"(89, 334.6410161513775)",92.741291088992,0.07974084269236481,0.0010763393715937204,0.09546723929703384,0.26472006173682383
"(90, 334.6410161513775)",92.71624682533452,0.08768285802740816,0.0011835404433211652,0.10612678899892747,0.28993438761031914
"(91, 334.6410161513775)",92.68936145831829,0.09624279326015314,0.0012990821782913457,0.11774865469860216,0.31697752550895875
"(92, 334.6410161513775)",92.66054710837791,0.10545496855841796,0.0014234278289153802,0.1303989050669634,0.3459384300194286
"(93, 334.6410161513775)",92.62971466951845,0.11535481891633546,0.001557055695807049,0.14414668890264967,0.3769080113465114
"(94, 334.6410161513775)",92.59677395079713,0.12597890324514285,0.00170045924992196,0.15906431010628247,0.4099791012116114
"(95, 334.6410161513775)",92.56163379422549,0.13736491325010575,0.001854147252705661,0.1752273030203782,0.44524641771932916
"(96, 334.6410161513775)",92.52420220367992,0.14955168194841395,0.0020186438709954716,0.1927145083510177,0.4828065278866572
"(97, 334.6410161513775)",92.48438646973148,0.16257919181252858,0.00219448878699931,0.21160814944264178,0.5227578081716112
"(98, 334.6410161513775)",92.44209329877856,0.17648858244205182,0.0023822373015524295,0.23199390916042142,0.565200402144799
"(99, 334.6410161513775)",92.39722892081151,0.19132215781113393,0.0025824604325897504,0.253961007305482,0.610236176027078
"(100, 334.6410161513775)",92.34969921978269,0.20712339282394235,0.002795745002774609,0.27760227852164837,0.6579686701069827
"(101, 334.6410161513775)",92.29940982708077,0.2239369393872013,0.003022693722336427,0.3030142508394307,0.7085030479176211
"(102, 334.6410161513775)",92.24626597889635,0.24180863312259168,0.003263925299609399,0.3302972247462846,0.7619460541571939
"(103, 334.6410161513775)",92.19017388061195,0.26078549063365125,0.0035200743010979237,0.35955535291657814,0.8184058881311812
"(104, 334.6410161513775)",92.13103822844896,0.2809157279565117,0.003791791607575689,0.3908967204209158,0.8779922761724782
"(105, 334.6410161513775)",92.06876484501497,0.30224874878307467,0.00407974404769381,0.4244334256724961,0.9408162680852943
"(106, 334.6410161513775)",92.00325945195516,0.32483515389756895,0.004384614629250947,0.46028166189825526,1.006990233066477
"(107, 334.6410161513775)",91.93442797149721,0.34872674087673117,0.004707102514363404,0.49856179929156225,1.0766277692437116
"(108, 334.6410161513775)",91.86217655807637,0.373976504352324,0.00504792302281816,0.5393984677513878,1.1498436220584143
"(109, 334.6410161513775)",91.7864114769555,0.40063863662099175,0.005407807656594826,0.582920640353791,1.2267536090003013
"(110, 334.6410161513775)",91.70703977238857,0.42876852010933575,0.005787503917845032,0.629261717492172,1.307474474555568
"(111, 334.6410161513775)",91.62396791497856,0.45842273711286585,0.006187775600677178,0.678559611686789,1.3921239030405221
"(112, 334.6410161513775)",91.53710310297701,0.4896590546181985,0.006609402426024286,0.7309568333162493,1.4808203106818976
"(113, 334.6410161513775)",91.44635254473553,0.5225364265012328,0.00705318015141951,0.7866005769940599,1.5736827959756916
"(114, 334.6410161513775)",91.35162352516889,0.5571149878535222,0.007519920478455545,0.8456428090575565,1.67083102123036
"(115, 334.6410161513775)",91.25282332339582,0.5934560499671574,0.008010450984997083,0.908240355849719,1.7723851016005077
"(116, 334.6410161513775)",91.1498591132906,0.6316220949066337,0.00852561505198663,0.9745549932556091,1.8784654910566763
"(117, 334.6410161513775)",91.04263784952272,0.6716767697678688,0.009066271785908464,1.0447535373530463,1.9891928657879263
"(118, 334.6410161513775)",90.93106613836771,0.7136848807784804,0.009633295939176214,1.1190079364294896,2.1046880055433776
"(119, 334.6410161513775)",90.81505009472603,0.7577123873766708,0.010227577830210723,1.197495364541999,2.2250716733270184
"(120, 334.6410161513775)",90.69449518652789,0.8038263964151012,0.010850023265140847,1.2803983166931332,2.350464494019687
"(1, 337.23494994576816)",92.99999999940911,0.0,4.323745186041807e-265,3.971889227456797e-12,-3.971889227456797e-12
"(2, 337.23494994576816)",92.99999999940911,0.0,5.752979372955191e-134,3.971889227456797e-12,-3.971889227456797e-12
"(3, 337.23494994576816)",92.99999999940911,0.0,3.8203348508027834e-90,3.971889227456797e-12,-3.971889227456797e-12
"(4, 337.23494994576816)",92.99999999940911,0.0,3.5397851266160865e-68,3.971889227456797e-12,-3.971889227456797e-12
"(5, 337.23494994576816)",92.99999999940911,0.0,5.785847804228677e-55,3.971889227456797e-12,-3.971889227456797e-12
"(6, 337.23494994576816)",92.99999999940911,0.0,3.921410991994108e-46,3.971889227456797e-12,-3.971889227456797e-12
"(7, 337.23494994576816)",92.99999999940911,0.0,8.263839330806443e-40,3.971889227456797e-12,-3.971889227456797e-12
"(8, 337.23494994576816)",92.99999999940911,0.0,4.6975742123921334e-35,3.971889227456797e-12,-3.971889227456797e-12
"(9, 337.23494994576816)",92.99999999940911,0.0,2.394578183683849e-31,3.971889227456797e-12,-3.971889227456797e-12
"(10, 337.23494994576816)",92.99999999940911,0.0,2.2518397365692193e-28,3.971889227456797e-12,-3.971889227456721e-12
"(11, 337.23494994576816)",92.99999999940911,0.0,6.184885582109077e-26,3.971889227456797e-12,-3.971889227435939e-12
"(12, 337.23494994576816)",92.99999999940911,0.0,6.741307812100347e-24,3.971889227456797e-12,-3.971889225183392e-12
"(13, 337.23494994576816)",92.99999999940911,0.0,3.605954202468336e-22,3.971889227456797e-12,-3.9718891058514185e-12
"(14, 337.23494994576816)",92.99999999940911,0.0,1.1018028892031509e-20,3.971889227456797e-12,-3.9718855117923754e-12
"(15, 337.23494994576816)",92.99999999940911,0.0,2.1497812324054853e-19,3.971889227456797e-12,-3.971816729320167e-12
"(16, 337.23494994576816)",92.99999999940911,0.0,2.912195496550972e-18,3.971889227456797e-12,-3.970907133354285e-12
"(17, 337.23494994576816)",92.99999999997425,1.199318533186272e-15,2.9200263951198703e-17,5.9578338411851955e-12,-5.94798649163321e-12
"(18, 337.23494994576816)",92.99999999997425,4.105348836869931e-15,2.277908306594037e-16,5.9578338411851955e-12,-5.881014811809667e-12
"(19, 337.23494994576816)",92.99999999999056,6.021382501106333e-15,1.438035853793616e-15,5.9578338411851955e-12,-5.472877892010886e-12
"(20, 337.23494994576816)",92.99999999385813,3.6651849268008565e-14,7.581918109321974e-15,6.08195537954322e-12,-3.5250676054531113e-12
"(21, 337.23494994576816)",92.99999999383357,2.242562674864188e-12,3.424974670389417e-14,6.702563071333345e-12,4.847648544009644e-12
"(22, 337.23494994576816)",92.99999999938764,5.140311267984558e-12,1.3535929090151903e-13,8.936750761777794e-12,3.671113293009065e-11
"(23, 337.23494994576816)",92.99999999383009,3.286377383405752e-12,4.761909566876823e-13,1.8866473830419785e-11,1.417217596127782e-10
"(24, 337.23494994576816)",92.99999999453517,9.420906001202539e-11,1.5128643097609454e-12,4.0339499966358095e-11,4.698512198106135e-10
"(25, 337.23494994576816)",92.99999999291302,2.5643452501740647e-10,4.393494899553779e-12,1.1381945067430884e-10,1.3678205818636973e-9
"(26, 337.23494994576816)",92.99999999625332,5.169966476606637e-10,1.1783402041966205e-11,3.1228979050879064e-10,3.6614852073045446e-9
"(27, 337.23494994576816)",92.99999999741955,5.492764985325327e-10,2.944308290560639e-11,8.009562870243347e-10,9.128280302896938e-9
"(28, 337.23494994576816)",92.99999998296381,3.0262348246895447e-9,6.905721378031771e-11,1.939523158382497e-9,2.134898287421716e-8
"(29, 337.23494994576816)",92.9999999780293,5.4170643055218595e-9,1.5302473779326214e-10,4.441689250141921e-9,4.716360054003314e-8
"(30, 337.23494994576816)",92.99999998820884,1.880355019108025e-9,3.2216735321812267e-10,9.67092966116551e-9,9.89751615755087e-8
"(31, 337.23494994576816)",92.99999984157066,4.4125321616229935e-8,6.475838601859393e-10,2.007901713863933e-8,1.9830889353685323e-7
"(32, 337.23494994576816)",92.99999992804064,1.9982247832522197e-8,1.2481534554835436e-9,3.994690354053166e-8,3.8097406454409874e-7
"(33, 337.23494994576816)",92.99999938769399,1.715408237857834e-7,2.31545261209869e-9,7.640797779781655e-8,7.044435679450834e-7
"(34, 337.23494994576816)",92.99999907674352,2.5788569887648476e-7,4.148074536973004e-9,1.4103855930699355e-7,1.2578371495404128e-6
"(35, 337.23494994576816)",92.99999823916846,4.951394043199594e-7,7.19751383580509e-9,2.519149641852953e-7,2.175338253966408e-6
"(36, 337.23494994576816)",92.99999680456317,8.984963316555957e-7,1.2127875070723253e-8,4.366034690081938e-7,3.653339873415692e-6
"(37, 337.23494994576816)",92.99999477652527,1.4736799889606072e-6,1.9891685864753183e-8,7.359964110738939e-7,5.97217527586309e-6
"(38, 337.23494994576816)",92.9999916569207,2.3576900728160043e-6,3.1824026003521105e-8,1.2093130451837778e-6,9.522860771186485e-6
"(39, 337.23494994576816)",92.99998697493369,3.686260298900237e-6,4.975702488316388e-8,1.9405241985893547e-6,1.4839283597334758e-5
"(40, 337.23494994576816)",92.99998009062247,5.642074756820632e-6,7.615654660974362e-8,3.046264274333355e-6,2.2636384909646092e-5
"(41, 337.23494994576816)",92.99997017609651,8.466649701900825e-6,1.1428256979459041e-7,4.685578391535448e-6,3.3854498312817006e-5
"(42, 337.23494994576816)",92.99995612730476,1.2474055294508738e-5,1.6837440368999047e-7,7.071719268762403e-6,4.97100143317801e-5
"(43, 337.23494994576816)",92.99993655066766,1.8066531394465905e-5,2.438614692922017e-7,1.0486022026071902e-5,7.175258836438521e-5
"(44, 337.23494994576816)",92.9999097038095,2.575201910646978e-5,3.475999391102058e-7,1.5294347434049598e-5,0.00010192850063293272
"(45, 337.23494994576816)",92.99987339021634,3.6163596666573794e-5,4.881350835943397e-7,2.196598500349335e-5,0.00014265022547921716
"(46, 337.23494994576816)",92.99982492822824,5.0080775604317006e-5,6.759887249151983e-7,3.109530648426593e-5,0.0001968717173264146
"(47, 337.23494994576816)",92.99976107429391,6.845258182801197e-5,9.239707836781826e-7,4.34262888058715e-5,0.0002681689521791926
"(48, 337.23494994576816)",92.99967789446856,9.242231746072941e-5,1.247513517703629e-6,5.988003902155881e-5,0.00036082511967789363
"(49, 337.23494994576816)",92.99957075443444,0.00012335387345115842,1.6650266809231695e-6,8.158523015074196e-5,0.0004799199592487516
"(50, 337.23494994576816)",92.99943413629833,0.0001628594408887576,2.1982715817086404e-6,0.00010991171366395238,0.0006314222931607655
"(51, 337.23494994576816)",92.99926164641185,0.00021282845064819468,2.8727516929348e-6,0.00014650718188223135,0.0008222850914912566
"(52, 337.23494994576816)",92.99904581934385,0.00027545755743417234,3.718117394731199e-6,0.00019333686278982605,0.0010605422707148397
"(53, 337.23494994576816)",92.99877808890767,0.0003532814740541345,4.7685821607421585e-6,0.0002527262882202971,0.0013554062780698677
"(54, 337.23494994576816)",92.99844867208476,0.0004492044568123023,6.063347547381998e-6,0.00032740701973476335,0.001717365686910401
"(55, 337.23494994576816)",92.99804644896275,0.000566532241310058,7.647034270712061e-6,0.0004205651744338092,0.002158282045083347
"(56, 337.23494994576816)",92.99755888464234,0.0007090042298197709,9.570116660809422e-6,0.0005358927750308757,0.002691485038052352
"(57, 337.23494994576816)",92.99697190402279,0.0008808257377989984,1.1889357943125827e-5,0.0006776416713515615,0.0033318653594857977
"(58, 337.23494994576816)",92.9962698412269,0.001086700125495538,1.4668243910444426e-5,0.000850679965860839,0.004095964535070206
"(59, 337.23494994576816)",92.99543528351457,0.0013318605809892272,1.797741198710253e-5,0.0010605506989469979,0.005002060932677976
"(60, 337.23494994576816)",92.99444904053371,0.0016221015391650888,2.1895075251776537e-5,0.0013135327575947047,0.0060702518489969826
"(61, 337.23494994576816)",92.99328999464517,0.0019638094108770546,2.6507437294350242e-5,0.001616703700122251,0.007322530589028541
"(62, 337.23494994576816)",92.99193507379024,0.002363992619309473,3.1909097581446255e-5,0.001978004333018436,0.008782858592675224
"(63, 337.23494994576816)",92.99035913601358,0.002830310790700536,3.8203445510454225e-5,0.0024063050045044464,0.010477232029969466
"(64, 337.23494994576816)",92.9885349037532,0.003371103010159664,4.550304176792199e-5,0.002911473261198471,0.0124337427517869
"(65, 337.23494994576816)",92.98643285506255,0.003995415065926896,5.3929986236981145e-5,0.003504442722784973,0.014682633486419329
"(66, 337.23494994576816)",92.98402133393031,0.004713025610289047,6.36162705797368e-5,0.004197283137576271,0.017256346687117712
"(67, 337.23494994576816)",92.98126613423632,0.005534471264582074,7.470411820098139e-5,0.0050032713329904235,0.020189568229260286
"(68, 337.23494994576816)",92.97813093090684,0.006471070506025424,8.73463050027136e-5,0.005936962879107338,0.023519263916430583
"(69, 337.23494994576816)",92.97457674141202,0.007534946494264657,0.00010170646975496306,0.007014264472253936,0.027284711764721813
"(70, 337.23494994576816)",92.9705623095097,0.008739048741292643,0.00011795940396967633,0.008252506800304997,0.031527526893041447
"(71, 337.23494994576816)",92.96604393012007,0.010097173598535084,0.00013629132975243694,0.009670517746339332,0.03629168202076592
"(72, 337.23494994576816)",92.96097504501459,0.011623983873744484,0.000156900166565684,0.011288695937726178,0.04162352388053496
"(73, 337.23494994576816)",92.95530666126675,0.013335027170873093,0.00017999577683325036,0.013129084449122311,0.04757178234168853
"(74, 337.23494994576816)",92.94898817841585,0.015246752956404385,0.00020580018898829538,0.015215444611841327,0.05418757182045609
"(75, 337.23494994576816)",92.94196470090758,0.017376530222241445,0.00023454785587423733,0.017573329929346817,0.06152440450628886
"(76, 337.23494994576816)",92.9341806986286,0.019742661167258164,0.000266485815764179,0.020230159842062015,0.06963817089842808
"(77, 337.23494994576816)",92.92557662072423,0.02236439850349651,0.0003018739433713197,0.02321529367910646,0.07858715050365218
"(78, 337.23494994576816)",92.91609127897513,0.025261957525542306,0.0003409851033730539,0.02656010427676635,0.08843198999149807
"(79, 337.23494994576816)",92.90566083686959,0.02845653056284858,0.00038410534914814105,0.030298051707929548,0.09923569648594559
"(80, 337.23494994576816)",92.89421905757546,0.031970299680651806,0.0004315340935248748,0.03446475682521414,0.11106362160453946
"(81, 337.23494994576816)",92.88169735861679,0.035826449059890804,0.00048358427583383034,0.03909807472590045,0.12398344432948188
"(82, 337.23494994576816)",92.86802486823215,0.04004917693726793,0.0005405825231088512,0.044238168140528264,0.13806515198164224
"(83, 337.23494994576816)",92.85312849290551,0.04466370715965269,0.0006028693060455733,0.04992758080498598,0.15338101944313295
"(84, 337.23494994576816)",92.83693299368666,0.04969630040920821,0.0006707990904922444,0.056211310738267274,0.17000558696755155
"(85, 337.23494994576816)",92.81936106722486,0.05517426515266613,0.0007447404852733727,0.06313688357546193,0.18801563669829102
"(86, 337.23494994576816)",92.80033343704086,0.06112596834829505,0.0008250763866889338,0.07075442593574893,0.2074901680307289
"(87, 337.23494994576816)",92.77976894716637,0.06758084595378158,0.0009122041204374848,0.07911673885964932,0.22851037203640934
"(88, 337.23494994576816)",92.75758467675298,0.07456941322255799,0.0010065355803087494,0.08827937139162546,0.25115960465243037
"(89, 337.23494994576816)",92.7336960363406,0.08212327487178482,0.0011084973657680495,0.09830069433769163,0.2755233593221124
"(90, 337.23494994576816)",92.70801688388744,0.09027513506057411,0.0012185309166644418,0.10924197423465178,0.3016892384540523
"(91, 337.23494994576816)",92.68045965633497,0.09905880715845936,0.0013370926447187363,0.12116744756311208,0.32974692355146573
"(92, 337.23494994576816)",92.65093548344814,0.1085092233700507,0.0014646540637234782,0.13414439534998687,0.3597881445176663
"(93, 337.23494994576816)",92.61935431685542,0.11866244410809718,0.0016017019159892886,0.14824321797121248,0.3919066474954762
"(94, 337.23494994576816)",92.58562505843632,0.129555667114823,0.0017487382954628075,0.16353751051300822,0.42619816102563957
"(95, 337.23494994576816)",92.54965568827078,0.14122723628457096,0.001906280766882257,0.18010413839615072,0.46276036060596776
"(96, 337.23494994576816)",92.51135340034367,0.1537166501011865,0.002074862479338457,0.19802331361973896,0.501692830744318
"(97, 337.23494994576816)",92.470624715398,0.16706456974702927,0.002255032276437415,0.21737867125233346,0.5430970256181299
"(98, 337.23494994576816)",92.42737562420368,0.18131282660699566,0.002447354796647159,0.23825734667254136,0.587076225674299
"(99, 337.23494994576816)",92.38151169053569,0.19650442938569213,0.0026524105702786733,0.26075005315168054,0.6337354927518742
"(100, 337.23494994576816)",92.33293817796566,0.21268357049712838,0.002870796105078975,0.2849511600548171,0.6831816207459973
"(101, 337.23494994576816)",92.28156015237285,0.2298956318674764,0.003103123964851612,0.31095877154784624,0.7355230834144009
"(102, 337.23494994576816)",92.22728258232975,0.24818718998477277,0.003350022837598854,0.3388748058667202,0.7908699780881095
"(103, 337.23494994576816)",92.17001043160026,0.2676060201573692,0.0036121375927998483,0.36880507519673267,0.8493339651083516
"(104, 337.23494994576816)",92.10964872889274,0.2882011000016914,0.003890129329539294,0.40085936600981237,0.911028203719936
"(105, 337.23494994576816)",92.04610266261207,0.31002261191594516,0.004184675406288566,0.43515152012085245,0.9760672810581592
"(106, 337.23494994576816)",91.97927758913097,0.33312194489541064,0.004496469471934802,0.47179951619062893,1.0445671411099786
"(107, 337.23494994576816)",91.90907911531288,0.3575516951729675,0.0048262214682238975,0.5109255519384469,1.1166450033252309
"(108, 337.23494994576816)",91.83541310544094,0.38336566609030154,0.005174657630886709,0.5526561268902459,1.1924192802483207
"(109, 337.23494994576816)",91.75818546841161,0.4106188691212843,0.005542520530468532,0.5971221258154567,1.2720095078504912
"(110, 337.23494994576816)",91.6773032746963,0.439367511437189,0.005930568767411806,0.6444589027628681,1.3555361586651882
"(111, 337.23494994576816)",91.5926724894851,0.4696690140211072,0.006339577490536624,0.6948063658598413,1.4431207318385957
"(112, 337.23494994576816)",91.50420017799541,0.5015819871423154,0.006770337791970638,0.7483090628423523,1.5348854635488085
"(113, 337.23494994576816)",91.41179332659878,0.5351662365141499,0.0072236569273571435,0.8051162673743218,1.630953314948366
"(114, 337.23494994576816)",91.31535899521306,0.5704827562597282,0.007700358193427988,0.8653820662943835,1.7314478436307896
"(115, 337.23494994576816)",91.21480422790266,0.6075937234606885,0.008201280854498087,0.9292654477575664,1.836493090700283
"(116, 337.23494994576816)",91.11003594904437,0.6465624922843043,0.008727280063063015,0.9969303905679248,1.9462134646618319
"(117, 337.23494994576816)",91.00096084206078,0.687453587869741,0.009279226777444706,1.0685459546152285,2.0607336232117683
"(118, 337.23494994576816)",90.88748521571272,0.7303327000524859,0.009858007676977098,1.1442863726886578,2.180178352821712
"(119, 337.23494994576816)",90.76951485587107,0.775266677121714,0.01046452507771201,1.2243311438026718,2.3046724469857733
"(120, 337.23494994576816)",90.6469548636389,0.8223235197617749,0.011099696850922254,1.3088651281831245,2.4343405837508425
"(1, 338.99711648727293)",92.99999999940911,0.0,2.5186002347722694e-264,3.971889227456797e-12,-3.971889227456797e-12
"(2, 338.99711648727293)",92.99999999940911,0.0,1.388488918743147e-133,3.971889227456797e-12,-3.971889227456797e-12
"(3, 338.99711648727293)",92.99999999940911,0.0,6.873867630644927e-90,3.971889227456797e-12,-3.971889227456797e-12
"(4, 338.99711648727293)",92.99999999940911,0.0,5.499227689476831e-68,3.971889227456797e-12,-3.971889227456797e-12
"(5, 338.99711648727293)",92.99999999940911,0.0,8.230511891746557e-55,3.971889227456797e-12,-3.971889227456797e-12
"(6, 338.99711648727293)",92.99999999940911,0.0,5.260078557581199e-46,3.971889227456797e-12,-3.971889227456797e-12
"(7, 338.99711648727293)",92.99999999940911,0.0,1.062943853550806e-39,3.971889227456797e-12,-3.971889227456797e-12
"(8, 338.99711648727293)",92.99999999940911,0.0,5.855123433150551e-35,3.971889227456797e-12,-3.971889227456797e-12
"(9, 338.99711648727293)",92.99999999940911,0.0,2.912475453773353e-31,3.971889227456797e-12,-3.971889227456797e-12
"(10, 338.99711648727293)",92.99999999940911,0.0,2.6857612868400844e-28,3.971889227456797e-12,-3.971889227456706e-12
"(11, 338.99711648727293)",92.99999999940911,0.0,7.259460361054561e-26,3.971889227456797e-12,-3.9718892274321876e-12
"(12, 338.99711648727293)",92.99999999940911,0.0,7.807627902786365e-24,3.971889227456797e-12,-3.971889224810033e-12
"(13, 338.99711648727293)",92.99999999940911,0.0,4.12942320799928e-22,3.971889227456797e-12,-3.971889087470541e-12
"(14, 338.99711648727293)",92.99999999940911,0.0,1.2495917670156193e-20,3.971889227456797e-12,-3.9718849913767385e-12
"(15, 338.99711648727293)",92.99999999940911,0.0,2.417765823959517e-19,3.971889227456797e-12,-3.9718072658925305e-12
"(16, 338.99711648727293)",92.99999999940911,0.0,3.2512603426860826e-18,3.971889227456797e-12,-3.970787059575677e-12
"(17, 338.99711648727293)",92.99999999997425,1.199318533186272e-15,3.2389511490649917e-17,5.9578338411851955e-12,-5.9468538901854334e-12
"(18, 338.99711648727293)",92.99999999997425,4.105348836869931e-15,2.512192303443726e-16,5.9578338411851955e-12,-5.872671246492302e-12
"(19, 338.99711648727293)",92.99999999999056,6.021382501106333e-15,1.5777879648416887e-15,5.9578338411851955e-12,-5.42296827067554e-12
"(20, 338.99711648727293)",92.99999999385813,3.6651849268008565e-14,8.28026179590056e-15,6.08195537954322e-12,-3.2749705069732025e-12
"(21, 338.99711648727293)",92.99999999383357,2.242562674864188e-12,3.7247763460793784e-14,6.702563071333345e-12,5.924321337475754e-12
"(22, 338.99711648727293)",92.99999999938764,5.140311267984558e-12,1.4664741585324183e-13,9.184993838493843e-12,4.052805727606513e-11
"(23, 338.99711648727293)",92.99999999383009,3.286377383405752e-12,5.141087994506394e-13,1.973532459892596e-11,1.5454607597557448e-10
"(24, 338.99711648727293)",92.99999999453517,1.1208088993996202e-10,1.6281239264813797e-12,4.3070173810234644e-11,5.088591425508899e-10
"(25, 338.99711648727293)",92.99999999291302,2.5643452501740647e-10,4.714353104368946e-12,1.2188735066758044e-10,1.4762647578163157e-9
"(26, 338.99711648727293)",92.99999999603646,9.341935984069372e-10,1.2609715635659258e-11,3.33762816644729e-10,3.940894423568239e-9
"(27, 338.99711648727293)",92.99999999741955,5.492764985325327e-10,3.142879340459977e-11,8.545767915950014e-10,9.799693547238541e-9
"(28, 338.99711648727293)",92.99999998296381,3.0262348246895447e-9,7.354297208461676e-11,2.0651341552008182e-9,2.286572131938827e-8
"(29, 338.99711648727293)",92.9999999561828,5.4170643055218595e-9,1.626115101972682e-10,4.719721496063897e-9,5.0405111568450805e-8
"(30, 338.99711648727293)",92.99999998820884,1.880355019108025e-9,3.4165793486401475e-10,1.0255666228370166e-8,1.0556538851552736e-7
"(31, 338.99711648727293)",92.99999981774829,5.078257176721555e-8,6.854615470238001e-10,2.1255316957658334e-8,2.1111417094631516e-7
"(32, 338.99711648727293)",92.99999992804064,1.9982247832522197e-8,1.31881412823926e-9,4.22080256047998e-8,4.048661610509859e-7
"(33, 338.99711648727293)",92.99999934968503,1.8094991554349247e-7,2.4424562376196936e-9,8.060105160662735e-8,7.473845700928023e-7
"(34, 338.99711648727293)",92.99999907674352,2.5788569887648476e-7,4.368731540845459e-9,1.4854083744996764e-7,1.3324465576036437e-6
"(35, 338.99711648727293)",92.99999823916846,4.951394043199594e-7,7.56916906443379e-9,2.649229014052163e-7,2.3010035856425082e-6
"(36, 338.99711648727293)",92.99999664456278,9.435711032258131e-7,1.273629291193382e-8,4.585105481637701e-7,3.859056023719087e-6
"(37, 338.99711648727293)",92.99999477652527,1.4736799889606072e-6,2.086197204950885e-8,7.71896952463954e-7,6.30025141655763e-6
"(38, 338.99711648727293)",92.99999125585194,2.469597569672456e-6,3.333454988571525e-8,1.266712926475908e-6,1.0033603364182713e-5
"(39, 338.99711648727293)",92.99998637294277,3.85663985316022e-6,5.20568027158429e-8,2.0302135533560948e-6,1.5616892460861486e-5
"(40, 338.99711648727293)",92.99997919293358,5.8961884630175765e-6,7.958656539387083e-8,3.1834590378404774e-6,2.379615714180752e-5
"(41, 338.99711648727293)",92.99996886694218,8.838477923547933e-6,1.1930149535497813e-7,4.891356386940759e-6,3.555150653101661e-5
"(42, 338.99711648727293)",92.99995424170936,1.3008557785521574e-5,1.7558910154877165e-7,7.3747345738035436e-6,5.214946453782099e-5
"(43, 338.99711648727293)",92.99993390112189,1.8822293418816683e-5,2.5406272103448193e-7,1.092466394310455e-5,7.520186589449524e-5
"(44, 338.99711648727293)",92.99990601413184,2.6804307315045e-5,3.618036920553597e-7,1.5919308564676094e-5,0.00010673109977654012
"(45, 338.99711648727293)",92.99986832796803,3.7607845209956814e-5,5.07629505114579e-7,2.2843227877450987e-5,0.00014924171060025267
"(46, 338.99711648727293)",92.99981809672381,5.203651804371519e-5,7.023872740738063e-7,3.230961579373323e-5,0.00020579764477464296
"(47, 338.99711648727293)",92.99975194004247,7.106783926672293e-5,9.592714465123607e-7,4.5085385910343245e-5,0.00028010486838592235
"(48, 338.99711648727293)",92.99966585680515,9.58784479757773e-5,1.2941642571006564e-6,6.211922223155754e-5,0.0003765987291864587
"(49, 338.99711648727293)",92.99955503669767,0.00012787088250858502,1.725997126261985e-6,8.45726853919582e-5,0.0005005353634761742
"(50, 338.99711648727293)",92.99941384532426,0.00016870174712955088,2.2771308448879805e-6,0.00011385451339531497,0.000658086276885938
"(51, 338.99711648727293)",92.99923568423411,0.00022031109656284358,2.9737522119943317e-6,0.00015165792559820962,0.0008564354994155184
"(52, 338.99711648727293)",92.99901292566561,0.0002849528494463372,3.846284547433042e-6,0.0002000010934064683,0.0011038782773628885
"(53, 338.99711648727293)",92.99873678397394,0.0003652260327770054,4.929809434610103e-6,0.00026127059584634836,0.0014099205873182301
"(54, 338.99711648727293)",92.9983972095677,0.00046410665431422156,6.264496939779244e-6,0.0003382679096590949,0.0017853784891694144
"(55, 338.99711648727293)",92.99798284544708,0.0005849799984994889,7.896041513651497e-6,0.00043425875481148765,0.0022424765499801714
"(56, 338.99711648727293)",92.99748083961349,0.0007316731461446815,9.876100983487951e-6,0.0005530251027857494,0.0027949446527537865
"(57, 338.99711648727293)",92.9968768236731,0.0009084875293661984,1.226273593586707e-5,0.0006989199887750067,0.0034581121337287904
"(58, 338.99711648727293)",92.99615477551073,0.0011202312914798788,1.5120846527930147e-5,0.0008769246178930225,0.0042489987539218906
"(59, 338.99711648727293)",92.99529690125003,0.0013722513873975915,1.852260580859936e-5,0.0010927078691638059,0.005186402089781789
"(60, 338.99711648727293)",92.99428358862127,0.0016704651250709637,2.25478854249213e-5,0.001352687898034072,0.006290980243899657
"(61, 338.99711648727293)",92.99309333050488,0.002021391102581259,2.7284673172645616e-5,0.0016640957271886244,0.007585329802635891
"(62, 338.99711648727293)",92.99170258572397,0.0024321793794878353,3.2829480317961796e-5,0.0020350405705988985,0.00909405859296583
"(63, 338.99711648727293)",92.9900856808225,0.0029106407769473137,3.928773716289136e-5,0.002474576740493485,0.01084385287103656
"(64, 338.99711648727293)",92.98821488248102,0.003465275203142164,4.677417505375156e-5,0.0029927720355950906,0.012863538433697624
"(65, 338.99711648727293)",92.98606011875107,0.004105298960880651,5.541319548036971e-5,0.003600777259484107,0.015184136223706811
"(66, 338.99711648727293)",92.98358907292878,0.004840670949425849,6.53392233141317e-5,0.004310896914020781,0.017838911382987863
"(67, 338.99711648727293)",92.98076707122623,0.005682117737187907,7.669704544820855e-5,0.005136660656735458,0.020863416593300564
"(68, 338.99711648727293)",92.97755704584176,0.006641157488519532,8.964213366907867e-5,0.006092895685779075,0.024295529143805283
"(69, 338.99711648727293)",92.9739194019257,0.007730122750260825,0.00010434095267018446,0.007195799513249953,0.0281754825734776
"(70, 338.99711648727293)",92.96981235216681,0.00896218199817167,0.00012097124904270672,0.008463013448371665,0.03254589115496969
"(71, 338.99711648727293)",92.96519116520997,0.010351360289655585,0.00013972233369242016,0.009913696237188161,0.03745177199341481
"(72, 338.99711648727293)",92.96000888900373,0.011912558515887612,0.00016079533792673605,0.011568598093862355,0.0429405578078978
"(73, 338.99711648727293)",92.95421593099812,0.01366157185847004,0.00018440346468477943,0.01345013485150374,0.04906210794689916
"(74, 338.99711648727293)",92.94776008693655,0.015615107208697939,0.00021077222329678874,0.015582462152094302,0.0558687137811287
"(75, 338.99711648727293)",92.94058692633621,0.017790799279584456,0.00024013964580007582,0.017991549771706902,0.06341509770879387
"(76, 338.99711648727293)",92.93263901464836,0.020207226871376938,0.0002727565089357426,0.0207052557937989,0.07175841423855293
"(77, 338.99711648727293)",92.92385670563912,0.02288392699829744,0.0003088865225592558,0.0237534008242106,0.0809582396451581
"(78, 338.99711648727293)",92.91417760853227,0.025841409554228485,0.0003488065294476698,0.02716784204654343,0.0910765656481497
"(79, 338.99711648727293)",92.90353742384868,0.02910116972332762,0.0003928066693799941,0.030982547205671715,0.10217778105111583
"(80, 338.99711648727293)",92.89186923608364,0.03268570167223774,0.0004411905669713642,0.035233668469863616,0.11432866155481393
"(81, 338.99711648727293)",92.87910311844956,0.03661851189128125,0.0004942755148672233,0.03995961620142446,0.1275983580888264
"(82, 338.99711648727293)",92.86516762385276,0.040924128803573066,0.0005523925957159734,0.045201132637972596,0.14205836447866227
"(83, 338.99711648727293)",92.84998884606597,0.045628115864790326,0.0006158868642302904,0.051001365507682604,0.15778250554877438
"(84, 338.99711648727293)",92.83349073479542,0.050757082430757605,0.0006851174927187891,0.0574059415833365,0.17484691290332322
"(85, 338.99711648727293)",92.81559519349076,0.05633869469425561,0.0007604579184463666,0.06446304030973089,0.19333000125350114
"(86, 338.99711648727293)",92.79622215349829,0.062401686432675255,0.0008422959890948277,0.07222346737311927,0.21331244415882278
"(87, 338.99711648727293)",92.77528968734234,0.06897586950836922,0.0009310341042123089,0.08074072844181802,0.23487714823746583
"(88, 338.99711648727293)",92.75271410955183,0.07609214421366758,0.0010270893549763854,0.09007110295534376,0.258109226756424
"(89, 338.99711648727293)",92.72841008876803,0.08378250943823519,0.001130893661447529,0.1002737181398245,0.283095972144622
"(90, 338.99711648727293)",92.7022907704684,0.09208007265084654,0.0012428939071486515,0.1114106231959395,0.3099268274270537
"(91, 338.99711648727293)",92.67426789380995,0.1010190597213922,0.0013635520717897752,0.1235468637895917,0.338693356727389
"(92, 338.99711648727293)",92.64425191914547,0.11063482452765251,0.0014933453608933888,0.13675055682024007,0.36948921444226474
"(93, 338.99711648727293)",92.61215215645564,0.12096385833163717,0.0016327663323595417,0.1510929655246081,0.40241011304277685
"(94, 338.99711648727293)",92.57787689409697,0.13204379889108744,0.0017823230195190332,0.16664857495523977,0.437553789310602
"(95, 338.99711648727293)",92.54133353566097,0.14391343922553457,0.0019425390491853822,0.1834951679494592,0.4750199683883142
"(96, 338.99711648727293)",92.50242872206702,0.1566127360599568,0.0021139537559751965,0.20171390137648712,0.5149103262865448
"(97, 338.99711648727293)",92.46106846138933,0.1701828178080531,0.002297122290041863,0.2213893830493521,0.5573284494934805
"(98, 338.99711648727293)",92.41715825884381,0.18466599204296053,0.0024926157176599776,0.2426097489814872,0.6023797918160997
"(99, 338.99711648727293)",92.37060323683137,0.2001057524270569,0.002701021114741663,0.26546674118946156,0.6501716282792017
"(100, 338.99711648727293)",92.3213082418864,0.2165467850564691,0.0029229416529649908,0.2900557860378749,0.7008130059778002
"(101, 338.99711648727293)",92.26917796093738,0.2340349740357518,0.0031589966744661126,0.31647607310345205,0.7544146905334446
"(102, 338.99711648727293)",92.21411687849226,0.25261740715457187,0.0034098217807518455,0.3448306345439403,0.8110891168664336
"(103, 338.99711648727293)",92.15603005212711,0.272342375994002,0.0036760687740560087,0.37522642504255804,0.8709502893713332
"(104, 338.99711648727293)",92.09482181922084,0.2932593870297542,0.003958405927180583,0.407774402317817,0.9341137928825308
"(105, 338.99711648727293)",92.03039723171212,0.31541915606441623,0.004257517788430534,0.442589608127348,1.0006966455438746
"(106, 338.99711648727293)",91.96266142588148,0.3388736135212711,0.004574105313082523,0.47979124989953414,1.0708172617445557
"(107, 338.99711648727293)",91.89151978686542,0.36367590422880425,0.004908885849040557,0.5195027829025896,1.1445953650873377
"(108, 338.99711648727293)",91.81687800178362,0.38988038670255243,0.005262593123578883,0.5618519930074358,1.2221519011315563
"(109, 338.99711648727293)",91.73864201178682,0.4175426320957997,0.005635977236620868,0.6069710800692002,1.303608951733183
"(110, 338.99711648727293)",91.6567180546167,0.446719421586185,0.006029804617982161,0.6549967419720194,1.3890896365055756
"(111, 338.99711648727293)",91.57101261288682,0.47746874337776807,0.00644485799058988,0.7060702592956919,1.4787180156842372
"(112, 338.99711648727293)",91.48143237558769,0.5098497887403589,0.006881936316331952,0.7603375807995473,1.5726189862860294
"(113, 338.99711648727293)",91.38788417818589,0.5439229473660281,0.00734185473335546,0.8179494095832733,1.6709181746926638
"(114, 338.99711648727293)",91.29027492587619,0.5797498021109261,0.007825444485112014,0.8790612902696366,1.7737418254145678
"(115, 338.99711648727293)",91.18851150080108,0.6173931232271023,0.008333552842472124,0.9438336969918828,1.8812166867004845
"(116, 338.99711648727293)",91.0825006531275,0.6569168622136178,0.008867043020747443,1.0124321225717103,1.9934698932302712
"(117, 338.99711648727293)",90.97214887713983,0.6983861454152761,0.009426794093278568,1.085027168808381,2.11062884653231
"(118, 338.99711648727293)",90.85736227279176,0.7418672675153842,0.010013700903659249,1.1617946381476887,2.2328210935587958
"(119, 338.99711648727293)",90.73804639513278,0.7874276850588922,0.010628673978039991,1.2429156268740238,2.360174203764845
"(120, 338.99711648727293)",90.61410608795646,0.8351360102216434,0.011272639441555272,1.3285766199206113,2.4928156459673283
"(1, 339.8881518872472)",92.99999999940911,0.0,6.139471285601515e-264,3.971889227456797e-12,-3.971889227456797e-12
"(2, 339.8881518872472)",92.99999999940911,0.0,2.1678453447080346e-133,3.971889227456797e-12,-3.971889227456797e-12
"(3, 339.8881518872472)",92.99999999940911,0.0,9.251065377914642e-90,3.971889227456797e-12,-3.971889227456797e-12
"(4, 339.8881518872472)",92.99999999940911,0.0,6.871390671216273e-68,3.971889227456797e-12,-3.971889227456797e-12
"(5, 339.8881518872472)",92.99999999940911,0.0,9.836060658578252e-55,3.971889227456797e-12,-3.971889227456797e-12
"(6, 339.8881518872472)",92.99999999940911,0.0,6.102215258927097e-46,3.971889227456797e-12,-3.971889227456797e-12
"(7, 339.8881518872472)",92.99999999940911,0.0,1.207235521734826e-39,3.971889227456797e-12,-3.971889227456797e-12
"(8, 339.8881518872472)",92.99999999940911,0.0,6.544967988306666e-35,3.971889227456797e-12,-3.971889227456797e-12
"(9, 339.8881518872472)",92.99999999940911,0.0,3.2155786703805004e-31,3.971889227456797e-12,-3.971889227456797e-12
"(10, 339.8881518872472)",92.99999999940911,0.0,2.936057727296246e-28,3.971889227456797e-12,-3.971889227456698e-12
"(11, 339.8881518872472)",92.99999999940911,0.0,7.871972989333599e-26,3.971889227456797e-12,-3.971889227430041e-12
"(12, 339.8881518872472)",92.99999999940911,0.0,8.409433905328924e-24,3.971889227456797e-12,-3.97188922459853e-12
"(13, 339.8881518872472)",92.99999999940911,0.0,4.422384112150939e-22,3.971889227456797e-12,-3.971889077145201e-12
"(14, 339.8881518872472)",92.99999999940911,0.0,1.331707986460233e-20,3.971889227456797e-12,-3.971884701139133e-12
"(15, 339.8881518872472)",92.99999999940911,0.0,2.565738324113392e-19,3.971889227456797e-12,-3.971802021051076e-12
"(16, 339.8881518872472)",92.99999999940911,0.0,3.4374587198967718e-18,3.971889227456797e-12,-3.970720875965302e-12
"(17, 339.8881518872472)",92.99999999997425,1.7682224566854008e-15,3.4132449180520613e-17,5.9578338411851955e-12,-5.9462326261138424e-12
"(18, 339.8881518872472)",92.99999999997425,3.9649845982205546e-15,2.6396802396234897e-16,5.9578338411851955e-12,-5.868114237363304e-12
"(19, 339.8881518872472)",92.99999999999056,1.554607212244515e-14,1.6535433418955713e-15,5.9578338411851955e-12,-5.395814050642847e-12
"(20, 339.8881518872472)",92.99999999385813,7.649201987515473e-13,8.657503281203306e-15,6.08195537954322e-12,-3.13937258933725e-12
"(21, 339.8881518872472)",92.99999999383357,2.715931380533431e-12,3.886220476012422e-14,6.82668460969137e-12,6.382118344491033e-12
"(22, 339.8881518872472)",92.99999999938764,3.714206677307913e-12,1.527087941375019e-13,9.309115376851867e-12,4.259479443947375e-11
"(23, 339.8881518872472)",92.99999999383009,3.286377383405752e-12,5.344165557834626e-13,2.023181075235806e-11,1.61410044730831e-10
"(24, 339.8881518872472)",92.99999999453517,1.2393393078025808e-10,1.6897065547346105e-12,4.455963227053094e-11,5.297516058499835e-10
"(25, 339.8881518872472)",92.99999999291302,4.3818735140153393e-10,4.885409636682379e-12,1.261074829717533e-10,1.5343853696523684e-9
"(26, 339.8881518872472)",92.99999999603646,6.405524827803346e-10,1.3049348448090051e-11,3.4518199817366726e-10,4.090136929180378e-9
"(27, 339.8881518872472)",92.99999999741955,5.492764985325327e-10,3.248328937386787e-11,8.830006238789892e-10,1.0157684568623616e-8
"(28, 339.8881518872472)",92.99999998296381,5.207540449648111e-9,7.592094440770025e-11,2.131787421299078e-9,2.3672842062968594e-8
"(29, 339.8881518872472)",92.9999999561828,4.168319924759332e-9,1.6768535773014464e-10,4.866805519018157e-9,5.2127460818432624e-8
"(30, 339.8881518872472)",92.99999998820884,1.89437489036943e-8,3.519577826278924e-10,1.0564728858881648e-8,1.0906155142084616e-7
"(31, 339.8881518872472)",92.99999981774829,2.990285616781068e-8,7.054497151057003e-10,2.1874931677141594e-8,2.1789906823951992e-7
"(32, 339.8881518872472)",92.99999992804064,7.859580745610149e-8,1.3560523554047382e-9,4.339959237303684e-8,4.1750653656782814e-7
"(33, 339.8881518872472)",92.99999933090976,1.7247714062535958e-7,2.509303621042735e-9,8.281103559709198e-8,7.700715346831005e-7
"(34, 339.8881518872472)",92.99999907674352,3.3519523975507436e-7,4.484735946120393e-9,1.524850475743706e-7,1.371823564854795e-6
"(35, 339.8881518872472)",92.99999794889135,5.91301915766949e-7,7.764340219757009e-9,2.717559162133639e-7,2.3672513317036683e-6
"(36, 339.8881518872472)",92.99999664456278,1.0393696884232356e-6,1.305546214121346e-8,4.7000060309111085e-7,3.967396296119855e-6
"(37, 339.8881518872472)",92.99999438380694,1.6804131448511117e-6,2.137046974658645e-8,7.907114193698017e-7,6.472858047759796e-6
"(38, 339.8881518872472)",92.99999104851113,2.6985926208787977e-6,3.4125424474730275e-8,1.2967701982046873e-6,1.0302057258879218e-5
"(39, 339.8881518872472)",92.99998605240302,4.19474595193215e-6,5.325983816442132e-8,2.077133853164657e-6,1.602525411035438e-5
"(40, 339.8881518872472)",92.99997873005562,6.3745327377322415e-6,8.137931973222119e-8,3.255171249599133e-6,2.440469533602691e-5
"(41, 339.8881518872472)",92.99996818293644,9.032663798246998e-6,1.219226101474578e-7,4.998824042011134e-6,3.644122659427763e-5
"(42, 339.8881518872472)",92.99995326196935,1.3752539138012385e-5,1.7935404706296045e-7,7.5328603246885946e-6,5.342745526503939e-5
"(43, 339.8881518872472)",92.99993251137506,1.9216395830268584e-5,2.5938230312243043e-7,1.1153413980464548e-5,7.700755766007608e-5
"(44, 339.8881518872472)",92.99990409204825,2.735265408240803e-5,3.6920525934275814e-7,1.6244977539926033e-5,0.00010924351572513584
"(45, 339.8881518872472)",92.99986570086728,3.835993996213867e-5,5.177812559058762e-7,2.330004478722386e-5,0.0001526876693644822
"(46, 339.8881518872472)",92.99981453885316,5.305432384480352e-5,7.161255845725759e-7,3.294157204189697e-5,0.0002104610294176504
"(47, 339.8881518872472)",92.99974719254544,7.242803735035578e-5,9.776313572202005e-7,4.594828765763746e-5,0.00028633702757495773
"(48, 339.8881518872472)",92.99965959102623,9.767493206340131e-5,1.3184131431950288e-6,6.328313869293765e-5,0.0003848298679714773
"(49, 339.8881518872472)",92.99954687129278,0.00013021748826980953,1.7576715365803084e-6,8.612467740037312e-5,0.000511287052792726
"(50, 339.8881518872472)",92.99940330599617,0.00017173521367196256,2.3180764802943335e-6,0.00011590170689923999,0.0006719850239212958
"(51, 339.8881518872472)",92.99922221339656,0.0002241942542236399,3.0261669512583074e-6,0.00015433093058942043,0.000874227361776031
"(52, 339.8881518872472)",92.99899587119789,0.0002898780258339561,3.912764420718152e-6,0.00020345780315620857,0.0011264444645718596
"(53, 339.8881518872472)",92.99871536728378,0.0003714186669530704,5.013397414782537e-6,0.00026570036359509555,0.0014382940183916436
"(54, 339.8881518872472)",92.99837055143817,0.000471829106734978,6.368734353941035e-6,0.0003438961097107304,0.0018207612397111092
"(55, 339.8881518872472)",92.99794990035237,0.0005945355437501055,8.025021961150084e-6,0.00044135170631060157,0.0022862581769192724
"(56, 339.8881518872472)",92.9974404413347,0.0007434101323674302,1.0034526448428512e-5,0.0005618954474074118,0.002848721202212658
"(57, 339.8881518872472)",92.99682762916528,0.0009228036902024875,1.2455975012581948e-5,0.0007099323932406043,0.003523705933739605
"(58, 339.8881518872472)",92.99609524830773,0.0011375781922074546,1.535499444454869e-5,0.0008905018791363656,0.004328478804860236
"(59, 339.8881518872472)",92.9952253327495,0.0013931389894526738,1.8804546005917716e-5,0.001109337458639239,0.005282104930390849
"(60, 339.8881518872472)",92.99419806768049,0.0016954664520483294,2.288535254545852e-5,0.0013729288400356424,0.006405531341928361
"(61, 339.8881518872472)",92.99299171065164,0.0020511469915999643,2.7686317221149704e-5,0.0016885858440725205,0.007721665348788119
"(62, 339.8881518872472)",92.991582475212,0.002467403300830343,3.3304931721751765e-5,0.0020645041130308976,0.009255447578606264
"(63, 339.8881518872472)",92.98994449964276,0.0029521237022365086,3.984767232608923e-5,0.002509832379386566,0.011033919324536508
"(64, 339.8881518872472)",92.98804968733499,0.003513890525769586,4.7430383135757134e-5,0.0030347411538005605,0.01308628411351599
"(65, 339.8881518872472)",92.98586774393954,0.0041620074261794395,5.617864456400271e-5,0.0036504926297489548,0.015443963046640473
"(66, 339.8881518872472)",92.98336606510806,0.004906525603040125,6.622812734695362e-5,0.004369511607811095,0.018140644199098225
"(67, 339.8881518872472)",92.98050966368639,0.005758268879636957,7.772493114274267e-5,0.0052054573729630035,0.021212325828707346
"(68, 339.8881518872472)",92.97726108578716,0.006728857633640255,9.082590768837996e-5,0.006173296241630604,0.024697353666054574
"(69, 339.8881518872472)",92.97358057772364,0.007830731511443848,0.00010569896653924598,0.00728937471693849,0.028636451676477808
"(70, 339.8881518872472)",92.96942584218364,0.00907717105795953,0.00012252336773339441,0.008571493141810169,0.03307274788009484
"(71, 339.8881518872472)",92.96475184554316,0.01048231824723041,0.00014149000005749535,0.010038979661999806,0.038051794968068785
"(72, 339.8881518872472)",92.95951127324399,0.012061195739794,0.00016280163850597673,0.01171276443351927,0.04362158360249286
"(73, 339.8881518872472)",92.95365394639899,0.013829725391962337,0.00018667319760847672,0.013615454010165517,0.04983255413186253
"(74, 339.8881518872472)",92.94712769574564,0.01580474530469794,0.0002133319549392529,0.015771405781565467,0.0567375981212307
"(75, 339.8881518872472)",92.93987775362923,0.018004026357691078,0.00024301777815407063,0.018206802415689238,0.06439206107684288
"(76, 339.8881518872472)",92.93184574665213,0.020446288396493435,0.00027598335397390053,0.020949726300246285,0.07285374583358672
"(77, 339.8881518872472)",92.92297197291465,0.023151213803770485,0.0003124943514023575,0.024030233893845187,0.0821828936795061
"(78, 339.8881518872472)",92.91319372749932,0.02613946254714457,0.00035282963838964896,0.027480429955266086,0.09244218376803742
"(79, 339.8881518872472)",92.90244598512473,0.029432685083266838,0.0003972814519783747,0.03133454168597217,0.10369671680603976
"(80, 339.8881518872472)",92.89066128091115,0.0330535353823959,0.0004461555747491967,0.035628992756319255,0.11601400099937778
"(81, 339.8881518872472)",92.87776970552757,0.03702568341236306,0.0004997715037525882,0.040402477230730476,0.12946393554564717
"(82, 339.8881518872472)",92.86369932557267,0.041373826399027314,0.0005584626003835643,0.0456960333647775,0.14411878777773846
"(83, 339.8881518872472)",92.84837587722569,0.046123700962796485,0.0006225762562666284,0.051553117377437466,0.16005317577390804
"(84, 339.8881518872472)",92.83172266415441,0.051302094926419496,0.0006924740540767783,0.05801967715868261,0.17734404931134326
"(85, 339.8881518872472)",92.8136612826443,0.05693685682172832,0.0007685318918510505,0.06514422598513775,0.19607065840252555
"(86, 339.8881518872472)",92.79411126763365,0.06305690759512105,0.000851140143614082,0.07297791627384313,0.21631453413619336
"(87, 339.8881518872472)",92.77299030441884,0.06969225089683503,0.0009407037975185051,0.08157461337213658,0.2381594618397433
"(88, 339.8881518872472)",92.75021431054513,0.07687398347829966,0.001037642596896467,0.09099096955668051,0.2616914550219434
"(89, 339.8881518872472)",92.72569760517732,0.08463430525303883,0.001142391174475335,0.10128649810435532,0.286998726920368
"(90, 339.8881518872472)",92.69935294996509,0.09300652946586634,0.001255399191924263,0.1125236476598031,0.3141716635640782
"(91, 339.8881518872472)",92.67109173309605,0.10202509238183825,0.0013771314688795489,0.12476787678207898,0.343302793081161
"(92, 339.8881518872472)",92.64082408465009,0.11172556291445272,0.0015080681131264947,0.13808772887583076,0.3744867550148216
"(93, 339.8881518872472)",92.60845898520482,0.12214465205963788,0.001648704648739072,0.15255490736550867,0.40782026870232757
"(94, 339.8881518872472)",92.57390441797207,0.13332022193332532,0.0017995521372893163,0.1682443513603516,0.4434020988076598
"(95, 339.8881518872472)",92.53706749089835,0.14529129456925222,0.001961137296953901,0.18523431160534948,0.48133301985346344
"(96, 339.8881518872472)",92.49785456937293,0.158098060303097,0.0021340026156120954,0.20360642697052053,0.5217157781724261
"(97, 339.8881518872472)",92.45617140397047,0.1717818857255267,0.0023187064582546146,0.22344580135289296,0.5646550515122926
"(98, 339.8881518872472)",92.41192326093739,0.18638532110207304,0.002515823166843322,0.24484108104903113,0.6102574056044672
"(99, 339.8881518872472)",92.3650150318424,0.20195210729574925,0.0027259431543906975,0.2678845326828816,0.6586312482126655
"(100, 339.8881518872472)",92.31535136158618,0.2185271819374103,0.0029496729874504426,0.292672121569534,0.7098867788067321
"(101, 339.8881518872472)",92.2628367459621,0.23615668500223275,0.0031876354619587515,0.31930359067848896,0.7641359353769226
"(102, 339.8881518872472)",92.20737551321302,0.25488796425333976,0.0034404696871936204,0.3478825400484803,0.8214923435558549
"(103, 339.8881518872472)",92.14887248406748,0.2747695758870075,0.003708831044011254,0.3785165068066445,0.8820712224043903
"(104, 339.8881518872472)",92.08723198056973,0.295851293816958,0.003993391403148172,0.4113170456581116,0.9459893781203413
"(105, 339.8881518872472)",92.02235883654095,0.31818410631902216,0.004294838999503531,0.44639980998106027,1.0133650802134686
"(106, 339.8881518872472)",91.95415809306834,0.34182021937347146,0.004613878505642033,0.48388463344432486,1.0843180048706396
"(107, 339.8881518872472)",91.88253502865078,0.36681305702623296,0.0049512310386024515,0.5238956121523949,1.1589691551249677
"(108, 339.8881518872472)",91.80739524298109,0.3932172603194846,0.005307634138058878,0.566561187468366,1.2374407706101282
"(109, 339.8881518872472)",91.72864457957171,0.4210886862807166,0.005683841763807611,0.6120142293338747,1.3198562433862457
"(110, 339.8881518872472)",91.64618919710317,0.4504844048991331,0.006080624243627342,0.6603921202750508,1.406340016212237
"(111, 339.8881518872472)",91.55993549990504,0.48146269608015557,0.006498768237806686,0.7118368400725223,1.4970174858191347
"(112, 339.8881518872472)",91.46979010041564,0.514083045490627,0.006939076682001226,0.7664950511293542,1.5920148981199338
"(113, 339.8881518872472)",91.3756597573657,0.5484061397436887,0.007402368722217142,0.8245181846778012,1.691459239904547
"(114, 339.8881518872472)",91.27745129733374,0.5844938609726245,0.007889479641518315,0.8860625277914852,1.7954781269162365
"(115, 339.8881518872472)",91.17507151942294,0.6224092809100534,0.008401260780161615,0.9512893113690715,1.9041996887228723
"(116, 339.8881518872472)",91.0684270845985,0.6622166545878241,0.008938579450531857,1.0203647992073606,2.0177524507312374
"(117, 339.8881518872472)",90.95742438979191,0.7039814137992197,0.009502318848882502,1.093460378223248,2.1362652139667797
"(118, 339.8881518872472)",90.84196942742871,0.7477701604702891,0.01009337796593742,1.1707526500739138,2.2598669330680177
"(119, 339.8881518872472)",90.72196763250834,0.7936506600795447,0.010712671497963937,1.2524235241660573,2.3886865930520935
"(120, 339.8881518872472)",90.59732371660957,0.841691835305482,0.011361129761098876,1.3386603125468104,2.522853085304289

#m0=700.0, a6=2.94182184e9, a8=-1.19166148e8, gv=5.91156108, d=0.0,  ga=8.38832349, h=0.0, flag=4