0	1	1
10	1	1
20	1	1
30	1	1
40	1	1
50	1	1
60	1	1
70	1	1
80	1	1
90	1	1
100	1	1
110	1	1
120	1	1
130	1	1
140	1	1
150	1	1
160	1	1
170	1	1
180	1	1
190	1	1
200	1	1
210	1	1
220	1	1
230	1	1
240	1	1
250	1	1
260	1	1
270	1	1
280	1	1
290	1	1
300	1	1
310	1	1
320	1	1
330	1	1
340	1	1
350	1	1
360	1	1
370	1	1
380	1	1
390	1	1
400	1	1
410	1	1
420	1	1
430	1	1
440	1	1
450	1	1
460	1	1
470	1	1
480	1	1
490	1	1
500	1	1
510	1	1
520	1	1
530	1	1
540	1	1
550	1	1
560	1	1
570	1	1
580	1	1
590	1	1
600	1	1
610	1	1
620	1	1
630	1	1
640	1	1
650	1	1
660	1	1
670	1	1
680	1	1
690	1	1
700	1	1
710	1	1
720	1	1
730	1	1
740	1	1
750	1	1
760	1	1
770	1	1
780	1	1
790	1	1
0	2	1
10	2	1
20	2	1
30	2	1
40	2	1
50	2	1
60	2	1
70	2	1
80	2	1
90	2	1
100	2	1
110	2	1
120	2	1
130	2	1
140	2	1
150	2	1
160	2	1
170	2	1
180	2	1
190	2	1
200	2	1
210	2	1
220	2	1
230	2	1
240	2	1
250	2	1
260	2	1
270	2	1
280	2	1
290	2	1
300	2	1
310	2	1
320	2	1
330	2	1
340	2	1
350	2	1
360	2	1
370	2	1
380	2	1
390	2	1
400	2	1
410	2	1
420	2	1
430	2	1
440	2	1
450	2	1
460	2	1
470	2	1
480	2	1
490	2	1
500	2	1
510	2	1
520	2	1
530	2	1
540	2	1
550	2	1
560	2	1
570	2	1
580	2	1
590	2	1
600	2	1
610	2	1
620	2	1
630	2	1
640	2	1
650	2	1
660	2	1
670	2	1
680	2	1
690	2	1
700	2	1
710	2	1
720	2	1
730	2	1
740	2	1
750	2	1
760	2	1
770	2	1
780	2	1
790	2	1
0	3	1
10	3	1
20	3	1
30	3	1
40	3	1
50	3	1
60	3	1
70	3	1
80	3	1
90	3	1
100	3	1
110	3	1
120	3	1
130	3	1
140	3	1
150	3	1
160	3	1
170	3	1
180	3	1
190	3	1
200	3	1
210	3	1
220	3	1
230	3	1
240	3	1
250	3	1
260	3	1
270	3	1
280	3	1
290	3	1
300	3	1
310	3	1
320	3	1
330	3	1
340	3	1
350	3	1
360	3	1
370	3	1
380	3	1
390	3	1
400	3	1
410	3	1
420	3	1
430	3	1
440	3	1
450	3	1
460	3	1
470	3	1
480	3	1
490	3	1
500	3	1
510	3	1
520	3	1
530	3	1
540	3	1
550	3	1
560	3	1
570	3	1
580	3	1
590	3	1
600	3	1
610	3	1
620	3	1
630	3	1
640	3	1
650	3	1
660	3	1
670	3	1
680	3	1
690	3	1
700	3	1
710	3	1
720	3	1
730	3	1
740	3	1
750	3	1
760	3	1
770	3	1
780	3	1
790	3	1
0	4	1
10	4	1
20	4	1
30	4	1
40	4	1
50	4	1
60	4	1
70	4	1
80	4	1
90	4	1
100	4	1
110	4	1
120	4	1
130	4	1
140	4	1
150	4	1
160	4	1
170	4	1
180	4	1
190	4	1
200	4	1
210	4	1
220	4	1
230	4	1
240	4	1
250	4	1
260	4	1
270	4	1
280	4	1
290	4	1
300	4	1
310	4	1
320	4	1
330	4	1
340	4	1
350	4	1
360	4	1
370	4	1
380	4	1
390	4	1
400	4	1
410	4	1
420	4	1
430	4	1
440	4	1
450	4	1
460	4	1
470	4	1
480	4	1
490	4	1
500	4	1
510	4	1
520	4	1
530	4	1
540	4	1
550	4	1
560	4	1
570	4	1
580	4	1
590	4	1
600	4	1
610	4	1
620	4	1
630	4	1
640	4	1
650	4	1
660	4	1
670	4	1
680	4	1
690	4	1
700	4	1
710	4	1
720	4	1
730	4	1
740	4	1
750	4	1
760	4	1
770	4	1
780	4	1
790	4	1
0	5	1
10	5	1
20	5	1
30	5	1
40	5	1
50	5	1
60	5	1
70	5	1
80	5	1
90	5	1
100	5	1
110	5	1
120	5	1
130	5	1
140	5	1
150	5	1
160	5	1
170	5	1
180	5	1
190	5	1
200	5	1
210	5	1
220	5	1
230	5	1
240	5	1
250	5	1
260	5	1
270	5	1
280	5	1
290	5	1
300	5	1
310	5	1
320	5	1
330	5	1
340	5	1
350	5	1
360	5	1
370	5	1
380	5	1
390	5	1
400	5	1
410	5	1
420	5	1
430	5	1
440	5	1
450	5	1
460	5	1
470	5	1
480	5	1
490	5	1
500	5	1
510	5	1
520	5	1
530	5	1
540	5	1
550	5	1
560	5	1
570	5	1
580	5	1
590	5	1
600	5	1
610	5	1
620	5	1
630	5	1
640	5	1
650	5	1
660	5	1
670	5	1
680	5	1
690	5	1
700	5	1
710	5	1
720	5	1
730	5	1
740	5	1
750	5	1
760	5	1
770	5	1
780	5	1
790	5	1
0	6	1
10	6	1
20	6	1
30	6	1
40	6	1
50	6	1
60	6	1
70	6	1
80	6	1
90	6	1
100	6	1
110	6	1
120	6	1
130	6	1
140	6	1
150	6	1
160	6	1
170	6	1
180	6	1
190	6	1
200	6	1
210	6	1
220	6	1
230	6	1
240	6	1
250	6	1
260	6	1
270	6	1
280	6	1
290	6	1
300	6	1
310	6	1
320	6	1
330	6	1
340	6	1
350	6	1
360	6	1
370	6	1
380	6	1
390	6	1
400	6	1
410	6	1
420	6	1
430	6	1
440	6	1
450	6	1
460	6	1
470	6	1
480	6	1
490	6	1
500	6	1
510	6	1
520	6	1
530	6	1
540	6	1
550	6	1
560	6	1
570	6	1
580	6	1
590	6	1
600	6	1
610	6	1
620	6	1
630	6	1
640	6	1
650	6	1
660	6	1
670	6	1
680	6	1
690	6	1
700	6	1
710	6	1
720	6	1
730	6	1
740	6	1
750	6	1
760	6	1
770	6	1
780	6	1
790	6	1
0	7	1
10	7	1
20	7	1
30	7	1
40	7	1
50	7	1
60	7	1
70	7	1
80	7	1
90	7	1
100	7	1
110	7	1
120	7	1
130	7	1
140	7	1
150	7	1
160	7	1
170	7	1
180	7	1
190	7	1
200	7	1
210	7	1
220	7	1
230	7	1
240	7	1
250	7	1
260	7	1
270	7	1
280	7	1
290	7	1
300	7	1
310	7	1
320	7	1
330	7	1
340	7	1
350	7	1
360	7	1
370	7	1
380	7	1
390	7	1
400	7	1
410	7	1
420	7	1
430	7	1
440	7	1
450	7	1
460	7	1
470	7	1
480	7	1
490	7	1
500	7	1
510	7	1
520	7	1
530	7	1
540	7	1
550	7	1
560	7	1
570	7	1
580	7	1
590	7	1
600	7	1
610	7	1
620	7	1
630	7	1
640	7	1
650	7	1
660	7	1
670	7	1
680	7	1
690	7	1
700	7	1
710	7	1
720	7	1
730	7	1
740	7	1
750	7	1
760	7	1
770	7	1
780	7	1
790	7	1
0	8	1
10	8	1
20	8	1
30	8	1
40	8	1
50	8	1
60	8	1
70	8	1
80	8	1
90	8	1
100	8	1
110	8	1
120	8	1
130	8	1
140	8	1
150	8	1
160	8	1
170	8	1
180	8	1
190	8	1
200	8	1
210	8	1
220	8	1
230	8	1
240	8	1
250	8	1
260	8	1
270	8	1
280	8	1
290	8	1
300	8	1
310	8	1
320	8	1
330	8	1
340	8	1
350	8	1
360	8	1
370	8	1
380	8	1
390	8	1
400	8	1
410	8	1
420	8	1
430	8	1
440	8	1
450	8	1
460	8	1
470	8	1
480	8	1
490	8	1
500	8	1
510	8	1
520	8	1
530	8	1
540	8	1
550	8	1
560	8	1
570	8	1
580	8	1
590	8	1
600	8	1
610	8	1
620	8	1
630	8	1
640	8	1
650	8	1
660	8	1
670	8	1
680	8	1
690	8	1
700	8	1
710	8	1
720	8	1
730	8	1
740	8	1
750	8	1
760	8	1
770	8	1
780	8	1
790	8	1
0	9	1
10	9	1
20	9	1
30	9	1
40	9	1
50	9	1
60	9	1
70	9	1
80	9	1
90	9	1
100	9	1
110	9	1
120	9	1
130	9	1
140	9	1
150	9	1
160	9	1
170	9	1
180	9	1
190	9	1
200	9	1
210	9	1
220	9	1
230	9	1
240	9	1
250	9	1
260	9	1
270	9	1
280	9	1
290	9	1
300	9	1
310	9	1
320	9	1
330	9	1
340	9	1
350	9	1
360	9	1
370	9	1
380	9	1
390	9	1
400	9	1
410	9	1
420	9	1
430	9	1
440	9	1
450	9	1
460	9	1
470	9	1
480	9	1
490	9	1
500	9	1
510	9	1
520	9	1
530	9	1
540	9	1
550	9	1
560	9	1
570	9	1
580	9	1
590	9	1
600	9	1
610	9	1
620	9	1
630	9	1
640	9	1
650	9	1
660	9	1
670	9	1
680	9	1
690	9	1
700	9	1
710	9	1
720	9	1
730	9	1
740	9	1
750	9	1
760	9	1
770	9	1
780	9	1
790	9	1
0	10	1
10	10	1
20	10	1
30	10	1
40	10	1
50	10	1
60	10	1
70	10	1
80	10	1
90	10	1
100	10	1
110	10	1
120	10	1
130	10	1
140	10	1
150	10	1
160	10	1
170	10	1
180	10	1
190	10	1
200	10	1
210	10	1
220	10	1
230	10	1
240	10	1
250	10	1
260	10	1
270	10	1
280	10	1
290	10	1
300	10	1
310	10	1
320	10	1
330	10	1
340	10	1
350	10	1
360	10	1
370	10	1
380	10	1
390	10	1
400	10	1
410	10	1
420	10	1
430	10	1
440	10	1
450	10	1
460	10	1
470	10	1
480	10	1
490	10	1
500	10	1
510	10	1
520	10	1
530	10	1
540	10	1
550	10	1
560	10	1
570	10	1
580	10	1
590	10	1
600	10	1
610	10	1
620	10	1
630	10	1
640	10	1
650	10	1
660	10	1
670	10	1
680	10	1
690	10	1
700	10	1
710	10	1
720	10	1
730	10	1
740	10	1
750	10	1
760	10	1
770	10	1
780	10	1
790	10	1
0	11	1
10	11	1
20	11	1
30	11	1
40	11	1
50	11	1
60	11	1
70	11	1
80	11	1
90	11	1
100	11	1
110	11	1
120	11	1
130	11	1
140	11	1
150	11	1
160	11	1
170	11	1
180	11	1
190	11	1
200	11	1
210	11	1
220	11	1
230	11	1
240	11	1
250	11	1
260	11	1
270	11	1
280	11	1
290	11	1
300	11	1
310	11	1
320	11	1
330	11	1
340	11	1
350	11	1
360	11	1
370	11	1
380	11	1
390	11	1
400	11	1
410	11	1
420	11	1
430	11	1
440	11	1
450	11	1
460	11	1
470	11	1
480	11	1
490	11	1
500	11	1
510	11	1
520	11	1
530	11	1
540	11	1
550	11	1
560	11	1
570	11	1
580	11	1
590	11	1
600	11	1
610	11	1
620	11	1
630	11	1
640	11	1
650	11	1
660	11	1
670	11	1
680	11	1
690	11	1
700	11	1
710	11	1
720	11	1
730	11	1
740	11	1
750	11	1
760	11	1
770	11	1
780	11	1
790	11	1
0	12	1
10	12	1
20	12	1
30	12	1
40	12	1
50	12	1
60	12	1
70	12	1
80	12	1
90	12	1
100	12	1
110	12	1
120	12	1
130	12	1
140	12	1
150	12	1
160	12	1
170	12	1
180	12	1
190	12	1
200	12	1
210	12	1
220	12	1
230	12	1
240	12	1
250	12	1
260	12	1
270	12	1
280	12	1
290	12	1
300	12	1
310	12	1
320	12	1
330	12	1
340	12	1
350	12	1
360	12	1
370	12	1
380	12	1
390	12	1
400	12	1
410	12	1
420	12	1
430	12	1
440	12	1
450	12	1
460	12	1
470	12	1
480	12	1
490	12	1
500	12	1
510	12	1
520	12	1
530	12	1
540	12	1
550	12	1
560	12	1
570	12	1
580	12	1
590	12	1
600	12	1
610	12	1
620	12	1
630	12	1
640	12	1
650	12	1
660	12	1
670	12	1
680	12	1
690	12	1
700	12	1
710	12	1
720	12	1
730	12	1
740	12	1
750	12	1
760	12	1
770	12	1
780	12	1
790	12	1
0	13	1
10	13	1
20	13	1
30	13	1
40	13	1
50	13	1
60	13	1
70	13	1
80	13	1
90	13	1
100	13	1
110	13	1
120	13	1
130	13	1
140	13	1
150	13	1
160	13	1
170	13	1
180	13	1
190	13	1
200	13	1
210	13	1
220	13	1
230	13	1
240	13	1
250	13	1
260	13	1
270	13	1
280	13	1
290	13	1
300	13	1
310	13	1
320	13	1
330	13	1
340	13	1
350	13	1
360	13	1
370	13	1
380	13	1
390	13	1
400	13	1
410	13	1
420	13	1
430	13	1
440	13	1
450	13	1
460	13	1
470	13	1
480	13	1
490	13	1
500	13	1
510	13	1
520	13	1
530	13	1
540	13	1
550	13	1
560	13	1
570	13	1
580	13	1
590	13	1
600	13	1
610	13	1
620	13	1
630	13	1
640	13	1
650	13	1
660	13	1
670	13	1
680	13	1
690	13	1
700	13	1
710	13	1
720	13	1
730	13	1
740	13	1
750	13	1
760	13	1
770	13	1
780	13	1
790	13	1
0	14	1
10	14	1
20	14	1
30	14	1
40	14	1
50	14	1
60	14	1
70	14	1
80	14	1
90	14	1
100	14	1
110	14	1
120	14	1
130	14	1
140	14	1
150	14	1
160	14	1
170	14	1
180	14	1
190	14	1
200	14	1
210	14	1
220	14	1
230	14	1
240	14	1
250	14	1
260	14	1
270	14	1
280	14	1
290	14	1
300	14	1
310	14	1
320	14	1
330	14	1
340	14	1
350	14	1
360	14	1
370	14	1
380	14	1
390	14	1
400	14	1
410	14	1
420	14	1
430	14	1
440	14	1
450	14	1
460	14	1
470	14	1
480	14	1
490	14	1
500	14	1
510	14	1
520	14	1
530	14	1
540	14	1
550	14	1
560	14	1
570	14	1
580	14	1
590	14	1
600	14	1
610	14	1
620	14	1
630	14	1
640	14	1
650	14	1
660	14	1
670	14	1
680	14	1
690	14	1
700	14	1
710	14	1
720	14	1
730	14	1
740	14	1
750	14	1
760	14	1
770	14	1
780	14	1
790	14	1
0	15	1
10	15	1
20	15	1
30	15	1
40	15	1
50	15	1
60	15	1
70	15	1
80	15	1
90	15	1
100	15	1
110	15	1
120	15	1
130	15	1
140	15	1
150	15	1
160	15	1
170	15	1
180	15	1
190	15	1
200	15	1
210	15	1
220	15	1
230	15	1
240	15	1
250	15	1
260	15	1
270	15	1
280	15	1
290	15	1
300	15	1
310	15	1
320	15	1
330	15	1
340	15	1
350	15	1
360	15	1
370	15	1
380	15	1
390	15	1
400	15	1
410	15	1
420	15	1
430	15	1
440	15	1
450	15	1
460	15	1
470	15	1
480	15	1
490	15	1
500	15	1
510	15	1
520	15	1
530	15	1
540	15	1
550	15	1
560	15	1
570	15	1
580	15	1
590	15	1
600	15	1
610	15	1
620	15	1
630	15	1
640	15	1
650	15	1
660	15	1
670	15	1
680	15	1
690	15	1
700	15	1
710	15	1
720	15	1
730	15	1
740	15	1
750	15	1
760	15	1
770	15	1
780	15	1
790	15	1
0	16	1
10	16	1
20	16	1
30	16	1
40	16	1
50	16	1
60	16	1
70	16	1
80	16	1
90	16	1
100	16	1
110	16	1
120	16	1
130	16	1
140	16	1
150	16	1
160	16	1
170	16	1
180	16	1
190	16	1
200	16	1
210	16	1
220	16	1
230	16	1
240	16	1
250	16	1
260	16	1
270	16	1
280	16	1
290	16	1
300	16	1
310	16	1
320	16	1
330	16	1
340	16	1
350	16	1
360	16	1
370	16	1
380	16	1
390	16	1
400	16	1
410	16	1
420	16	1
430	16	1
440	16	1
450	16	1
460	16	1
470	16	1
480	16	1
490	16	1
500	16	1
510	16	1
520	16	1
530	16	1
540	16	1
550	16	1
560	16	1
570	16	1
580	16	1
590	16	1
600	16	1
610	16	1
620	16	1
630	16	1
640	16	1
650	16	1
660	16	1
670	16	1
680	16	1
690	16	1
700	16	1
710	16	1
720	16	1
730	16	1
740	16	1
750	16	1
760	16	1
770	16	1
780	16	1.0023724345224407
790	16	1.0030549884553124
0	17	1
10	17	1
20	17	1
30	17	1
40	17	1
50	17	1
60	17	1
70	17	1
80	17	1
90	17	1
100	17	1
110	17	1
120	17	1
130	17	1
140	17	1
150	17	1
160	17	1
170	17	1
180	17	1
190	17	1
200	17	1
210	17	1
220	17	1
230	17	1
240	17	1
250	17	1
260	17	1
270	17	1
280	17	1
290	17	1
300	17	1
310	17	1
320	17	1
330	17	1
340	17	1
350	17	1
360	17	1
370	17	1
380	17	1
390	17	1
400	17	1
410	17	1
420	17	1
430	17	1
440	17	1
450	17	1
460	17	1
470	17	1
480	17	1
490	17	1
500	17	1
510	17	1
520	17	1
530	17	1
540	17	1
550	17	1
560	17	1
570	17	1
580	17	1
590	17	1
600	17	1
610	17	1
620	17	1
630	17	1
640	17	1
650	17	1
660	17	1
670	17	1
680	17	1
690	17	1
700	17	1
710	17	1
720	17	1
730	17	1
740	17	1
750	17	1
760	17	1
770	17	1
780	17	1.0024531576683755
790	17	1.003489660540668
0	18	1
10	18	1
20	18	1
30	18	1
40	18	1
50	18	1
60	18	1
70	18	1
80	18	1
90	18	1
100	18	1
110	18	1
120	18	1
130	18	1
140	18	1
150	18	1
160	18	1
170	18	1
180	18	1
190	18	1
200	18	1
210	18	1
220	18	1
230	18	1
240	18	1
250	18	1
260	18	1
270	18	1
280	18	1
290	18	1
300	18	1
310	18	1
320	18	1
330	18	1
340	18	1
350	18	1
360	18	1
370	18	1
380	18	1
390	18	1
400	18	1
410	18	1
420	18	1
430	18	1
440	18	1
450	18	1
460	18	1
470	18	1
480	18	1
490	18	1
500	18	1
510	18	1
520	18	1
530	18	1
540	18	1
550	18	1
560	18	1
570	18	1
580	18	1
590	18	1
600	18	1
610	18	1
620	18	1
630	18	1
640	18	1
650	18	1
660	18	1
670	18	1
680	18	1
690	18	1
700	18	1
710	18	1
720	18	1
730	18	1
740	18	1
750	18	1
760	18	1
770	18	1
780	18	1.002997693999603
790	18	1.004595049161042
0	19	1
10	19	1
20	19	1
30	19	1
40	19	1
50	19	1
60	19	1
70	19	1
80	19	1
90	19	1
100	19	1
110	19	1
120	19	1
130	19	1
140	19	1
150	19	1
160	19	1
170	19	1
180	19	1
190	19	1
200	19	1
210	19	1
220	19	1
230	19	1
240	19	1
250	19	1
260	19	1
270	19	1
280	19	1
290	19	1
300	19	1
310	19	1
320	19	1
330	19	1
340	19	1
350	19	1
360	19	1
370	19	1
380	19	1
390	19	1
400	19	1
410	19	1
420	19	1
430	19	1
440	19	1
450	19	1
460	19	1
470	19	1
480	19	1
490	19	1
500	19	1
510	19	1
520	19	1
530	19	1
540	19	1
550	19	1
560	19	1
570	19	1
580	19	1
590	19	1
600	19	1
610	19	1
620	19	1
630	19	1
640	19	1
650	19	1
660	19	1
670	19	1
680	19	1
690	19	1
700	19	1
710	19	1
720	19	1
730	19	1
740	19	1
750	19	1
760	19	1
770	19	1
780	19	1.0040690581042644
790	19	1.0064717078746144
0	20	1
10	20	1
20	20	1
30	20	1
40	20	1
50	20	1
60	20	1
70	20	1
80	20	1
90	20	1
100	20	1
110	20	1
120	20	1
130	20	1
140	20	1
150	20	1
160	20	1
170	20	1
180	20	1
190	20	1
200	20	1
210	20	1
220	20	1
230	20	1
240	20	1
250	20	1
260	20	1
270	20	1
280	20	1
290	20	1
300	20	1
310	20	1
320	20	1
330	20	1
340	20	1
350	20	1
360	20	1
370	20	1
380	20	1
390	20	1
400	20	1
410	20	1
420	20	1
430	20	1
440	20	1
450	20	1
460	20	1
470	20	1
480	20	1
490	20	1
500	20	1
510	20	1
520	20	1
530	20	1
540	20	1
550	20	1
560	20	1
570	20	1
580	20	1
590	20	1
600	20	1
610	20	1
620	20	1
630	20	1
640	20	1
650	20	1
660	20	1
670	20	1
680	20	1
690	20	1
700	20	1
710	20	1
720	20	1
730	20	1
740	20	1
750	20	1
760	20	1
770	20	1
780	20	1.0056835308959322
790	20	1.0091646070009404
0	21	1
10	21	1
20	21	1
30	21	1
40	21	1
50	21	1
60	21	1
70	21	1
80	21	1
90	21	1
100	21	1
110	21	1
120	21	1
130	21	1
140	21	1
150	21	1
160	21	1
170	21	1
180	21	1
190	21	1
200	21	1
210	21	1
220	21	1
230	21	1
240	21	1
250	21	1
260	21	1
270	21	1
280	21	1
290	21	1
300	21	1
310	21	1
320	21	1
330	21	1
340	21	1
350	21	1
360	21	1
370	21	1
380	21	1
390	21	1
400	21	1
410	21	1
420	21	1
430	21	1
440	21	1
450	21	1
460	21	1
470	21	1
480	21	1
490	21	1
500	21	1
510	21	1
520	21	1
530	21	1
540	21	1
550	21	1
560	21	1
570	21	1
580	21	1
590	21	1
600	21	1
610	21	1
620	21	1.0004936267633202
630	21	1.0001287413371227
640	21	1.000219171052462
650	21	1.0003494094217598
660	21	1.0003598523184913
670	21	1.0003726216880067
680	21	1.0003938751580606
690	21	1.0004106713865295
700	21	1.0004819741929494
710	21	1.0006034206743408
720	21	1.00079744472178
730	21	1.0010754563771254
740	21	1.0015361680920394
750	21	1.0022695950273424
760	21	1.003434372207361
770	21	1.0051573654384733
780	21	1.008231753688376
790	21	1.0130323673120745
0	22	1
10	22	1
20	22	1
30	22	1
40	22	1
50	22	1
60	22	1
70	22	1
80	22	1
90	22	1
100	22	1
110	22	1
120	22	1
130	22	1
140	22	1
150	22	1
160	22	1
170	22	1
180	22	1
190	22	1
200	22	1
210	22	1
220	22	1
230	22	1
240	22	1
250	22	1
260	22	1
270	22	1
280	22	1
290	22	1
300	22	1
310	22	1
320	22	1
330	22	1
340	22	1
350	22	1
360	22	1
370	22	1
380	22	1
390	22	1
400	22	1
410	22	1
420	22	1
430	22	1
440	22	1
450	22	1
460	22	1
470	22	1
480	22	1
490	22	1
500	22	1
510	22	1
520	22	1
530	22	1
540	22	1
550	22	1
560	22	1
570	22	1
580	22	1
590	22	1
600	22	1
610	22	1
620	22	1.0002955676731113
630	22	1.0003062658456556
640	22	1.0001486010040974
650	22	1.000248197050963
660	22	1.000239516242628
670	22	1.0003088466787544
680	22	1.0003566042033876
690	22	1.0004304461445253
700	22	1.0005502972436588
710	22	1.0007456695732269
720	22	1.0010238940727492
730	22	1.0014631320457188
740	22	1.0021586660046002
750	22	1.0031167803354823
760	22	1.0047889015647866
770	22	1.00743427674415
780	22	1.0116227907855864
790	22	1.0182859180434156
0	23	1
10	23	1
20	23	1
30	23	1
40	23	1
50	23	1
60	23	1
70	23	1
80	23	1
90	23	1
100	23	1
110	23	1
120	23	1
130	23	1
140	23	1
150	23	1
160	23	1
170	23	1
180	23	1
190	23	1
200	23	1
210	23	1
220	23	1
230	23	1
240	23	1
250	23	1
260	23	1
270	23	1
280	23	1
290	23	1
300	23	1
310	23	1
320	23	1
330	23	1
340	23	1
350	23	1
360	23	1
370	23	1
380	23	1
390	23	1
400	23	1
410	23	1
420	23	1
430	23	1
440	23	1
450	23	1
460	23	1
470	23	1
480	23	1
490	23	1
500	23	1
510	23	1
520	23	1
530	23	1
540	23	1
550	23	1
560	23	1
570	23	1
580	23	1
590	23	1
600	23	1
610	23	1
620	23	1.0002789427168584
630	23	1.0002032701587333
640	23	1.0001759184335348
650	23	1.0002266116665572
660	23	1.000246753550465
670	23	1.0003044201781677
680	23	1.0003917007715184
690	23	1.0005078925656845
700	23	1.0006953185526744
710	23	1.0009597665742287
720	23	1.0013779538882075
730	23	1.0020240306846073
740	23	1.0029023844647618
750	23	1.004458712947412
760	23	1.0067312422610888
770	23	1.0103441440818584
780	23	1.0159717253271516
790	23	1.0247737246372042
0	24	1
10	24	1
20	24	1
30	24	1
40	24	1
50	24	1
60	24	1
70	24	1
80	24	1
90	24	1
100	24	1
110	24	1
120	24	1
130	24	1
140	24	1
150	24	1
160	24	1
170	24	1
180	24	1
190	24	1
200	24	1
210	24	1
220	24	1
230	24	1
240	24	1
250	24	1
260	24	1
270	24	1
280	24	1
290	24	1
300	24	1
310	24	1
320	24	1
330	24	1
340	24	1
350	24	1
360	24	1
370	24	1
380	24	1
390	24	1
400	24	1
410	24	1
420	24	1
430	24	1
440	24	1
450	24	1
460	24	1
470	24	1
480	24	1
490	24	1
500	24	1
510	24	1
520	24	1
530	24	1
540	24	1
550	24	1
560	24	1
570	24	1
580	24	1
590	24	1
600	24	1
610	24	1
620	24	1.000212055979301
630	24	1.000157284926416
640	24	1.000174363802231
650	24	1.0001995262238665
660	24	1.0002942799584686
670	24	1.000368282279707
680	24	1.0004798247756725
690	24	1.0006684789734857
700	24	1.0009265063125907
710	24	1.0013304647727272
720	24	1.0018637788177223
730	24	1.0027611131522722
740	24	1.004133173230197
750	24	1.0062159880958994
760	24	1.0093925938926687
770	24	1.0142385473893247
780	24	1.0216717909315052
790	24	1.0331376782531547
0	25	1
10	25	1
20	25	1
30	25	1
40	25	1
50	25	1
60	25	1
70	25	1
80	25	1
90	25	1
100	25	1
110	25	1
120	25	1
130	25	1
140	25	1
150	25	1
160	25	1
170	25	1
180	25	1
190	25	1
200	25	1
210	25	1
220	25	1
230	25	1
240	25	1
250	25	1
260	25	1
270	25	1
280	25	1
290	25	1
300	25	1
310	25	1
320	25	1
330	25	1
340	25	1
350	25	1
360	25	1
370	25	1
380	25	1
390	25	1
400	25	1
410	25	1
420	25	1
430	25	1
440	25	1
450	25	1
460	25	1
470	25	1
480	25	1
490	25	1
500	25	1
510	25	1
520	25	1
530	25	1
540	25	1
550	25	1
560	25	1
570	25	1
580	25	1
590	25	1
600	25	1
610	25	1
620	25	1.000194897991665
630	25	1.0001748957702559
640	25	1.000221739632513
650	25	1.0002732407711692
660	25	1.000370951441666
670	25	1.0004692235401236
680	25	1.0006578149337904
690	25	1.0009049139346209
700	25	1.0012389887017261
710	25	1.001806572193288
720	25	1.0026854062056885
730	25	1.0039056158865938
740	25	1.005790086921491
750	25	1.0086066271798766
760	25	1.01283734455816
770	25	1.0192074671818863
780	25	1.0288319372055725
790	25	1.043476348555762
0	26	1
10	26	1
20	26	1
30	26	1
40	26	1
50	26	1
60	26	1
70	26	1
80	26	1
90	26	1
100	26	1
110	26	1
120	26	1
130	26	1
140	26	1
150	26	1
160	26	1
170	26	1
180	26	1
190	26	1
200	26	1
210	26	1
220	26	1
230	26	1
240	26	1
250	26	1
260	26	1
270	26	1
280	26	1
290	26	1
300	26	1
310	26	1
320	26	1
330	26	1
340	26	1
350	26	1
360	26	1
370	26	1
380	26	1
390	26	1
400	26	1
410	26	1
420	26	1
430	26	1
440	26	1
450	26	1
460	26	1
470	26	1
480	26	1
490	26	1
500	26	1
510	26	1
520	26	1
530	26	1
540	26	1
550	26	1
560	26	1
570	26	1
580	26	1
590	26	1
600	26	1
610	26	1
620	26	1.0001733066199134
630	26	1.0002074820291722
640	26	1.0002767636155017
650	26	1.000348005964529
660	26	1.0004680140735838
670	26	1.0006558276255964
680	26	1.0008492276398064
690	26	1.001221766016316
700	26	1.0017927174788948
710	26	1.002547908787973
720	26	1.0037146526314256
730	26	1.005427263993835
740	26	1.007953182777808
750	26	1.0116867264254907
760	26	1.0172077146110792
770	26	1.0254021880868671
780	26	1.0376435792917924
790	26	1.0560750248206479
0	27	1
10	27	1
20	27	1
30	27	1
40	27	1
50	27	1
60	27	1
70	27	1
80	27	1
90	27	1
100	27	1
110	27	1
120	27	1
130	27	1
140	27	1
150	27	1
160	27	1
170	27	1
180	27	1
190	27	1
200	27	1
210	27	1
220	27	1
230	27	1
240	27	1
250	27	1
260	27	1
270	27	1
280	27	1
290	27	1
300	27	1
310	27	1
320	27	1
330	27	1
340	27	1
350	27	1
360	27	1
370	27	1
380	27	1
390	27	1
400	27	1
410	27	1
420	27	1
430	27	1
440	27	1
450	27	1
460	27	1
470	27	1
480	27	1
490	27	1
500	27	1
510	27	1
520	27	1
530	27	1
540	27	1
550	27	1
560	27	1
570	27	1
580	27	1
590	27	1
600	27	1
610	27	1
620	27	1.0002237222117536
630	27	1.0002712101572913
640	27	1.0003411535707363
650	27	1.0004671042527087
660	27	1.0006181993287742
670	27	1.0008456226779925
680	27	1.0012344624244496
690	27	1.0017514288489506
700	27	1.0024678652940442
710	27	1.003549533296851
720	27	1.005119094364089
730	27	1.0074043978384626
740	27	1.010723465630013
750	27	1.015557766505636
760	27	1.0226280814624205
770	27	1.0330077050575572
780	27	1.0483426964169111
790	27	1.071224388649495
0	28	1
10	28	1
20	28	1
30	28	1
40	28	1
50	28	1
60	28	1
70	28	1
80	28	1
90	28	1
100	28	1
110	28	1
120	28	1
130	28	1
140	28	1
150	28	1
160	28	1
170	28	1
180	28	1
190	28	1
200	28	1
210	28	1
220	28	1
230	28	1
240	28	1
250	28	1
260	28	1
270	28	1
280	28	1
290	28	1
300	28	1
310	28	1
320	28	1
330	28	1
340	28	1
350	28	1
360	28	1
370	28	1
380	28	1
390	28	1
400	28	1
410	28	1
420	28	1
430	28	1
440	28	1
450	28	1
460	28	1
470	28	1
480	28	1
490	28	1
500	28	1
510	28	1
520	28	1
530	28	1
540	28	1
550	28	1
560	28	1
570	28	1
580	28	1
590	28	1
600	28	1
610	28	1
620	28	1.0002506202289054
630	28	1.000351094063544
640	28	1.0004416723724834
650	28	1.0006128416741322
660	28	1.0008667898979768
670	28	1.0012212956341686
680	28	1.0016924267500478
690	28	1.002392350405852
700	28	1.0034073776009362
710	28	1.0048565722517138
720	28	1.0069327676440065
730	28	1.0099067097114989
740	28	1.014184559630006
750	28	1.0203531720151946
760	28	1.0292581011174504
770	28	1.0422054408289474
780	28	1.061164010181255
790	28	1.0892476304628473
0	29	1
10	29	1
20	29	1
30	29	1
40	29	1
50	29	1
60	29	1
70	29	1
80	29	1
90	29	1
100	29	1
110	29	1
120	29	1
130	29	1
140	29	1
150	29	1
160	29	1
170	29	1
180	29	1
190	29	1
200	29	1
210	29	1
220	29	1
230	29	1
240	29	1
250	29	1
260	29	1
270	29	1
280	29	1
290	29	1
300	29	1
310	29	1
320	29	1
330	29	1
340	29	1
350	29	1
360	29	1
370	29	1
380	29	1
390	29	1
400	29	1
410	29	1
420	29	1
430	29	1
440	29	1
450	29	1
460	29	1
470	29	1
480	29	1
490	29	1
500	29	1
510	29	1
520	29	1
530	29	1
540	29	1
550	29	1
560	29	1
570	29	1
580	29	1
590	29	1
600	29	1
610	29	1
620	29	1.000321251699021
630	29	1.00044945928615
640	29	1.0006303468225006
650	29	1.0008676005856474
660	29	1.0011898469024865
670	29	1.001667071990423
680	29	1.002333922294497
690	29	1.0032859114067945
700	29	1.004627349618777
710	29	1.006522897610151
720	29	1.0092118053210661
730	29	1.0130308608668814
740	29	1.0184488062940444
750	29	1.026180112814673
760	29	1.0372489222763133
770	29	1.0531930223039836
780	29	1.0763660574232021
790	29	1.1105035210159486
0	30	1
10	30	1
20	30	1
30	30	1
40	30	1
50	30	1
60	30	1
70	30	1
80	30	1
90	30	1
100	30	1
110	30	1
120	30	1
130	30	1
140	30	1
150	30	1
160	30	1
170	30	1
180	30	1
190	30	1
200	30	1
210	30	1
220	30	1
230	30	1
240	30	1
250	30	1
260	30	1
270	30	1
280	30	1
290	30	1
300	30	1
310	30	1
320	30	1
330	30	1
340	30	1
350	30	1
360	30	1
370	30	1
380	30	1
390	30	1
400	30	1
410	30	1
420	30	1
430	30	1
440	30	1
450	30	1
460	30	1
470	30	1
480	30	1
490	30	1
500	30	1
510	30	1
520	30	1
530	30	1
540	30	1
550	30	1
560	30	1
570	30	1
580	30	1
590	30	1
600	30	1
610	30	1
620	30	1.0004792793244515
630	30	1.0006394703272685
640	30	1.0008514835113265
650	30	1.0011862124974507
660	30	1.0016445651236645
670	30	1.0022814728378613
680	30	1.0031780267256911
690	30	1.0044226465017838
700	30	1.0061691289655792
710	30	1.008616848721548
720	30	1.0120387446949832
730	30	1.016849545726757
740	30	1.0236210378594162
750	30	1.0331867089472888
760	30	1.0467661962337516
770	30	1.0661816367750212
780	30	1.0942315553290378
790	30	1.1353960870305946
0	31	1
10	31	1
20	31	1
30	31	1
40	31	1
50	31	1
60	31	1
70	31	1
80	31	1
90	31	1
100	31	1
110	31	1
120	31	1
130	31	1
140	31	1
150	31	1
160	31	1
170	31	1
180	31	1
190	31	1
200	31	1
210	31	1
220	31	1
230	31	1
240	31	1
250	31	1
260	31	1
270	31	1
280	31	1
290	31	1
300	31	1
310	31	1
320	31	1
330	31	1
340	31	1
350	31	1
360	31	1
370	31	1
380	31	1
390	31	1
400	31	1
410	31	1
420	31	1
430	31	1
440	31	1
450	31	1
460	31	1
470	31	1
480	31	1
490	31	1
500	31	1
510	31	1
520	31	1
530	31	1
540	31	1
550	31	1
560	31	1
570	31	1
580	31	1
590	31	1
600	31	1
610	31	1
620	31	1.0006316997342921
630	31	1.0008546050926808
640	31	1.0011845760911149
650	31	1.0016265692296331
660	31	1.002233648935076
670	31	1.003081525031655
680	31	1.004243546901563
690	31	1.005861028052621
700	31	1.0080928693911384
710	31	1.011189928556293
720	31	1.0154889482751448
730	31	1.0214699139375014
740	31	1.0298154283380383
750	31	1.0415080520628515
760	31	1.0579856651993584
770	31	1.0814000024717567
780	31	1.1150739298031107
790	31	1.164386285652794
0	32	1
10	32	1
20	32	1
30	32	1
40	32	1
50	32	1
60	32	1
70	32	1
80	32	1
90	32	1
100	32	1
110	32	1
120	32	1
130	32	1
140	32	1
150	32	1
160	32	1
170	32	1
180	32	1
190	32	1
200	32	1
210	32	1
220	32	1
230	32	1
240	32	1
250	32	1
260	32	1
270	32	1
280	32	1
290	32	1
300	32	1
310	32	1
320	32	1
330	32	1
340	32	1
350	32	1
360	32	1
370	32	1
380	32	1
390	32	1
400	32	1
410	32	1
420	32	1
430	32	1
440	32	1
450	32	1
460	32	1
470	32	1
480	32	1
490	32	1
500	32	1
510	32	1
520	32	1
530	32	1
540	32	1
550	32	1
560	32	1
570	32	1
580	32	1
590	32	1
600	32	1
610	32	1
620	32	1.0008674957642578
630	32	1.001183551111086
640	32	1.0016128670309872
650	32	1.0021933778627168
660	32	1.0029939002215162
670	32	1.0040906495682116
680	32	1.0055851358303127
690	32	1.0076370597411368
700	32	1.0104533280813703
710	32	1.014321290593333
720	32	1.019643688982072
730	32	1.0269864829732822
740	32	1.0371515729466847
750	32	1.0512919247874162
760	32	1.0710958835629023
770	32	1.0990981672824562
780	32	1.1392441591826077
790	32	1.1980071060446158
0	33	1
10	33	1
20	33	1
30	33	1
40	33	1
50	33	1
60	33	1
70	33	1
80	33	1
90	33	1
100	33	1
110	33	1
120	33	1
130	33	1
140	33	1
150	33	1
160	33	1
170	33	1
180	33	1
190	33	1
200	33	1
210	33	1
220	33	1
230	33	1
240	33	1
250	33	1
260	33	1
270	33	1
280	33	1
290	33	1
300	33	1
310	33	1
320	33	1
330	33	1
340	33	1
350	33	1
360	33	1
370	33	1
380	33	1
390	33	1
400	33	1
410	33	1
420	33	1
430	33	1
440	33	1
450	33	1
460	33	1
470	33	1
480	33	1
490	33	1
500	33	1
510	33	1
520	33	1
530	33	1
540	33	1
550	33	1
560	33	1
570	33	1
580	33	1
590	33	1
600	33	1
610	33	1
620	33	1.0011830540308833
630	33	1.0016002721604162
640	33	1.0021552665851619
650	33	1.0029214305660143
660	33	1.0039461433081693
670	33	1.0053414145303432
680	33	1.007235443763492
690	33	1.009810775973004
700	33	1.013310960664047
710	33	1.0180795615799372
720	33	1.0245890733220626
730	33	1.0335019870411388
740	33	1.04575556820275
750	33	1.0626964013550693
760	33	1.0863009325169124
770	33	1.1195526710498327
780	33	1.1671402012374539
790	33	1.2368815076209516
0	34	1
10	34	1
20	34	1
30	34	1
40	34	1
50	34	1
60	34	1
70	34	1
80	34	1
90	34	1
100	34	1
110	34	1
120	34	1
130	34	1
140	34	1
150	34	1
160	34	1
170	34	1
180	34	1
190	34	1
200	34	1
210	34	1
220	34	1
230	34	1
240	34	1
250	34	1
260	34	1
270	34	1
280	34	1
290	34	1
300	34	1
310	34	1
320	34	1
330	34	1
340	34	1
350	34	1
360	34	1
370	34	1
380	34	1
390	34	1
400	34	1
410	34	1
420	34	1
430	34	1
440	34	1
450	34	1
460	34	1
470	34	1
480	34	1
490	34	1
500	34	1
510	34	1
520	34	1
530	34	1
540	34	1
550	34	1
560	34	1
570	34	1
580	34	1
590	34	1
600	34	1
610	34	1
620	34	1.0015909949267328
630	34	1.0021226171193982
640	34	1.0028484867282115
650	34	1.0038192271037067
660	34	1.005124542264074
670	34	1.0068817301480417
680	34	1.0092448085994619
690	34	1.0124307656834588
700	34	1.016728660161785
710	34	1.022538877205314
720	34	1.0304143656975266
730	34	1.0411250085687078
740	34	1.0557611952220582
750	34	1.0758907046278225
760	34	1.1038235291096
770	34	1.1430716354462982
780	34	1.1992178700259244
790	34	1.2817451047589816
0	35	1
10	35	1
20	35	1
30	35	1
40	35	1
50	35	1
60	35	1
70	35	1
80	35	1
90	35	1
100	35	1
110	35	1
120	35	1
130	35	1
140	35	1
150	35	1
160	35	1
170	35	1
180	35	1
190	35	1
200	35	1
210	35	1
220	35	1
230	35	1
240	35	1
250	35	1
260	35	1
270	35	1
280	35	1
290	35	1
300	35	1
310	35	1
320	35	1
330	35	1
340	35	1
350	35	1
360	35	1
370	35	1
380	35	1
390	35	1
400	35	1
410	35	1
420	35	1
430	35	1
440	35	1
450	35	1
460	35	1
470	35	1
480	35	1
490	35	1
500	35	1
510	35	1
520	35	1
530	35	1
540	35	1
550	35	1
560	35	1
570	35	1
580	35	1
590	35	1
600	35	1
610	35	1
620	35	1.0020924730332503
630	35	1.0027846575057362
640	35	1.0037023548282717
650	35	1.0049295065293085
660	35	1.0065639060208682
670	35	1.008745392557836
680	35	1.0116586320913679
690	35	1.0155539548196915
700	35	1.0207728585279998
710	35	1.0277790883382645
720	35	1.0372144350630272
730	35	1.0499705087587883
740	35	1.0673110875516039
750	35	1.09105803471825
760	35	1.1239093930249546
770	35	1.170003027997193
780	35	1.2360040802343975
790	35	1.3334737133705925
0	36	1
10	36	1
20	36	1
30	36	1
40	36	1
50	36	1
60	36	1
70	36	1
80	36	1
90	36	1
100	36	1
110	36	1
120	36	1
130	36	1
140	36	1
150	36	1
160	36	1
170	36	1
180	36	1
190	36	1
200	36	1
210	36	1
220	36	1
230	36	1
240	36	1
250	36	1
260	36	1
270	36	1
280	36	1
290	36	1
300	36	1
310	36	1
320	36	1
330	36	1
340	36	1
350	36	1
360	36	1
370	36	1
380	36	1
390	36	1
400	36	1
410	36	1
420	36	1
430	36	1
440	36	1
450	36	1
460	36	1
470	36	1
480	36	1
490	36	1
500	36	1
510	36	1
520	36	1
530	36	1
540	36	1
550	36	1
560	36	1
570	36	1
580	36	1
590	36	1
600	36	1
610	36	1
620	36	1.002726824357281
630	36	1.0036005858520662
640	36	1.0047534600284842
650	36	1.006279930200542
660	36	1.0082998881665464
670	36	1.010976480726104
680	36	1.0145254503429293
690	36	1.019239454519695
700	36	1.025512278896701
710	36	1.0338819861933664
720	36	1.0450873801335363
730	36	1.0601595579819638
740	36	1.0805581834081812
750	36	1.1083982073937075
760	36	1.1468318615783613
770	36	1.200742128095772
780	36	1.278112589888576
790	36	1.3931163752860238
0	37	1
10	37	1
20	37	1
30	37	1
40	37	1
50	37	1
60	37	1
70	37	1
80	37	1
90	37	1
100	37	1
110	37	1
120	37	1
130	37	1
140	37	1
150	37	1
160	37	1
170	37	1
180	37	1
190	37	1
200	37	1
210	37	1
220	37	1
230	37	1
240	37	1
250	37	1
260	37	1
270	37	1
280	37	1
290	37	1
300	37	1
310	37	1
320	37	1
330	37	1
340	37	1
350	37	1
360	37	1
370	37	1
380	37	1
390	37	1
400	37	1
410	37	1
420	37	1
430	37	1
440	37	1
450	37	1
460	37	1
470	37	1
480	37	1
490	37	1
500	37	1
510	37	1
520	37	1
530	37	1
540	37	1
550	37	1
560	37	1
570	37	1
580	37	1
590	37	1
600	37	1
610	37	1
620	37	1.0035064045824649
630	37	1.004594533609194
640	37	1.0060245838118496
650	37	1.0079033954389114
660	37	1.0103722278548013
670	37	1.013619672060237
680	37	1.0178995329803113
690	37	1.0235473609851926
700	37	1.031019603725421
710	37	1.0409330497076246
720	37	1.0541382647787465
730	37	1.0718215578158072
740	37	1.0956679685536947
750	37	1.1281314158852076
760	37	1.1728977526749533
770	37	1.2357420811240554
780	37	1.3262625496431226
790	37	1.461932824029281
0	38	1
10	38	1
20	38	1
30	38	1
40	38	1
50	38	1
60	38	1
70	38	1
80	38	1
90	38	1
100	38	1
110	38	1
120	38	1
130	38	1
140	38	1
150	38	1
160	38	1
170	38	1
180	38	1
190	38	1
200	38	1
210	38	1
220	38	1
230	38	1
240	38	1
250	38	1
260	38	1
270	38	1
280	38	1
290	38	1
300	38	1
310	38	1
320	38	1
330	38	1
340	38	1
350	38	1
360	38	1
370	38	1
380	38	1
390	38	1
400	38	1
410	38	1
420	38	1
430	38	1
440	38	1
450	38	1
460	38	1
470	38	1
480	38	1
490	38	1
500	38	1
510	38	1
520	38	1
530	38	1
540	38	1
550	38	1
560	38	1
570	38	1
580	38	1
590	38	1
600	38	1
610	38	1
620	38	1.0044490739326137
630	38	1.0057944142225288
640	38	1.0075469093081337
650	38	1.0098325232692273
660	38	1.012818015743989
670	38	1.0167215817084405
680	38	1.0218341510039726
690	38	1.028542973794907
700	38	1.0373700955957375
710	38	1.0490231940479815
720	38	1.0644775394266106
730	38	1.0850954310077856
740	38	1.1128208539558666
750	38	1.1505014569169787
760	38	1.2024536728952622
770	38	1.2755250218640695
780	38	1.3812994314376181
790	38	1.5414310649702785
0	39	1
10	39	1
20	39	1
30	39	1
40	39	1
50	39	1
60	39	1
70	39	1
80	39	1
90	39	1
100	39	1
110	39	1
120	39	1
130	39	1
140	39	1
150	39	1
160	39	1
170	39	1
180	39	1
190	39	1
200	39	1
210	39	1
220	39	1
230	39	1
240	39	1
250	39	1
260	39	1
270	39	1
280	39	1
290	39	1
300	39	1
310	39	1
320	39	1
330	39	1
340	39	1
350	39	1
360	39	1
370	39	1
380	39	1
390	39	1
400	39	1
410	39	1
420	39	1
430	39	1
440	39	1
450	39	1
460	39	1
470	39	1
480	39	1
490	39	1
500	39	1
510	39	1
520	39	1
530	39	1
540	39	1
550	39	1
560	39	1
570	39	1
580	39	1
590	39	1
600	39	1
610	39	1
620	39	1.0055853841478795
630	39	1.0072239122263495
640	39	1.0093473700154603
650	39	1.0121030105949131
660	39	1.015680099572852
670	39	1.0203301820905346
680	39	1.0263860794618826
690	39	1.0342918788892919
700	39	1.0446427330656807
710	39	1.058248324173019
720	39	1.0762233670457215
730	39	1.100131552585182
740	39	1.1322149685821916
750	39	1.1757810652309113
760	39	1.235893877582018
770	39	1.320695494980864
780	39	1.4442186407617217
790	39	1.6333895029015226
0	40	1
10	40	1
20	40	1
30	40	1
40	40	1
50	40	1
60	40	1
70	40	1
80	40	1
90	40	1
100	40	1
110	40	1
120	40	1
130	40	1
140	40	1
150	40	1
160	40	1
170	40	1
180	40	1
190	40	1
200	40	1
210	40	1
220	40	1
230	40	1
240	40	1
250	40	1
260	40	1
270	40	1
280	40	1
290	40	1
300	40	1
310	40	1
320	40	1
330	40	1
340	40	1
350	40	1
360	40	1
370	40	1
380	40	1
390	40	1
400	40	1
410	40	1
420	40	1
430	40	1
440	40	1
450	40	1
460	40	1
470	40	1
480	40	1
490	40	1
500	40	1
510	40	1
520	40	1
530	40	1
540	40	1
550	40	1
560	40	1
570	40	1
580	40	1
590	40	1
600	40	1
610	40	1
620	40	1.006932406874645
630	40	1.0089131898359285
640	40	1.0114640342293373
650	40	1.0147547926737135
660	40	1.0190027440010507
670	40	1.024496569336358
680	40	1.0316151796435566
690	40	1.0408637827345109
700	40	1.052921078804207
710	40	1.0687095556973694
720	40	1.0895025111451753
730	40	1.117093800056459
740	40	1.154069397382684
750	40	1.2042767164479928
760	40	1.2736688554945859
770	40	1.3719545668146487
780	40	1.5161868248974866
790	40	1.7398243801190822
0	41	1
10	41	1
20	41	1
30	41	1
40	41	1
50	41	1
60	41	1
70	41	1
80	41	1
90	41	1
100	41	1
110	41	1
120	41	1
130	41	1
140	41	1
150	41	1
160	41	1
170	41	1
180	41	1
190	41	1
200	41	1
210	41	1
220	41	1
230	41	1
240	41	1
250	41	1
260	41	1
270	41	1
280	41	1
290	41	1
300	41	1
310	41	1
320	41	1
330	41	1
340	41	1
350	41	1
360	41	1
370	41	1
380	41	1
390	41	1
400	41	1
410	41	1
420	41	1
430	41	1
440	41	1
450	41	1
460	41	1
470	41	1
480	41	1
490	41	1
500	41	1
510	41	1
520	41	1
530	41	1
540	41	1
550	41	1.001536845007243
560	41	1.001965348941527
570	41	1.0025100522386323
580	41	1.0032011045338398
590	41	1.004087307629915
600	41	1.0052201683950819
610	41	1.0066672634748763
620	41	1.0085196820060198
630	41	1.0108903573648838
640	41	1.01392813382037
650	41	1.017824866659728
660	41	1.0228308621345243
670	41	1.0292726842016824
680	41	1.0375817219376262
690	41	1.0483315594240585
700	41	1.0622929122296902
710	41	1.080515198802731
720	41	1.104452146724386
730	41	1.1361609871569938
740	41	1.1786280346470226
750	41	1.2363346061467662
760	41	1.3162947181986169
770	41	1.430115699016283
780	41	1.5985555148288433
790	41	1.8628079846150776
0	42	1
10	42	1
20	42	1
30	42	1
40	42	1
50	42	1
60	42	1
70	42	1
80	42	1
90	42	1
100	42	1
110	42	1
120	42	1
130	42	1
140	42	1
150	42	1
160	42	1
170	42	1
180	42	1
190	42	1
200	42	1
210	42	1
220	42	1
230	42	1
240	42	1
250	42	1
260	42	1
270	42	1
280	42	1
290	42	1
300	42	1
310	42	1
320	42	1
330	42	1
340	42	1
350	42	1
360	42	1
370	42	1
380	42	1
390	42	1
400	42	1
410	42	1
420	42	1
430	42	1
440	42	1
450	42	1
460	42	1
470	42	1
480	42	1
490	42	1
500	42	1
510	42	1
520	42	1
530	42	1
540	42	1
550	42	1.001949734888106
560	42	1.0024751331077444
570	42	1.0031409557131037
580	42	1.003984759541209
590	42	1.0050587464742928
600	42	1.0064254132492065
610	42	1.008162452800831
620	42	1.0103721218868726
630	42	1.0131872685102226
640	42	1.0167752084055228
650	42	1.0213557537360811
660	42	1.0272113675831342
670	42	1.0347140422150516
680	42	1.0443509383877378
690	42	1.0567721429778762
700	42	1.0728515113674435
710	42	1.0937815119792396
720	42	1.121221496644882
730	42	1.1575314698863424
740	42	1.206163587179647
750	42	1.2723472580575184
760	42	1.3643639878965628
770	42	1.4961182325020395
780	42	1.692848465613014
790	42	2.003936830895964
0	43	1
10	43	1
20	43	1
30	43	1
40	43	1
50	43	1
60	43	1
70	43	1
80	43	1
90	43	1
100	43	1
110	43	1
120	43	1
130	43	1
140	43	1
150	43	1
160	43	1
170	43	1
180	43	1
190	43	1
200	43	1
210	43	1
220	43	1
230	43	1
240	43	1
250	43	1
260	43	1
270	43	1
280	43	1
290	43	1
300	43	1
310	43	1
320	43	1
330	43	1
340	43	1
350	43	1
360	43	1
370	43	1
380	43	1
390	43	1
400	43	1
410	43	1
420	43	1
430	43	1
440	43	1
450	43	1
460	43	1
470	43	1
480	43	1
490	43	1
500	43	1
510	43	1
520	43	1
530	43	1
540	43	1
550	43	1.0024407826951482
560	43	1.0030839764267678
570	43	1.003887626734745
580	43	1.004911425971779
590	43	1.0062032124556557
600	43	1.0078372196436318
610	43	1.0099032309481089
620	43	1.0125191720647124
630	43	1.0158352001010982
640	43	1.0200422575579227
650	43	1.0253883216665227
660	43	1.032193586607041
670	43	1.040876942938913
680	43	1.0519901595265693
690	43	1.066266935883013
700	43	1.084696577843771
710	43	1.1086341683273309
720	43	1.1399733981233975
730	43	1.1814241026403496
740	43	1.2369823940012863
750	43	1.3127607417159153
760	43	1.4185556255124683
770	43	1.5710360482475474
780	43	1.8006878207821528
790	43	2.1631190437023617
0	44	1
10	44	1
20	44	1
30	44	1
40	44	1
50	44	1
60	44	1
70	44	1
80	44	1
90	44	1
100	44	1
110	44	1
120	44	1
130	44	1
140	44	1
150	44	1
160	44	1
170	44	1
180	44	1
190	44	1
200	44	1
210	44	1
220	44	1
230	44	1
240	44	1
250	44	1
260	44	1
270	44	1
280	44	1
290	44	1
300	44	1
310	44	1
320	44	1
330	44	1
340	44	1
350	44	1
360	44	1
370	44	1
380	44	1
390	44	1
400	44	1
410	44	1
420	44	1
430	44	1
440	44	1
450	44	1
460	44	1
470	44	1
480	44	1
490	44	1
500	44	1
510	44	1
520	44	1
530	44	1
540	44	1
550	44	1.0030266667359462
560	44	1.0038081377898826
570	44	1.0047758682971168
580	44	1.0060015493828052
590	44	1.0075395092024633
600	44	1.0094776698245322
610	44	1.011916551798837
620	44	1.0149895790832526
630	44	1.0188683217140424
640	44	1.0237673092100221
650	44	1.0299668944066298
660	44	1.0378275483084756
670	44	1.0478217617070327
680	44	1.0605704569692762
690	44	1.0769018320722237
700	44	1.097934896170191
710	44	1.125209591278854
720	44	1.1608871231746463
730	44	1.2080832190954387
740	44	1.2714292693557623
750	44	1.358082149974066
760	44	1.4796444840810257
770	44	1.6560721890223282
780	44	1.9235904788345446
790	44	2.3364871639830516
0	45	1
10	45	1
20	45	1
30	45	1
40	45	1
50	45	1
60	45	1
70	45	1
80	45	1
90	45	1
100	45	1
110	45	1
120	45	1
130	45	1
140	45	1
150	45	1
160	45	1
170	45	1
180	45	1
190	45	1
200	45	1
210	45	1
220	45	1
230	45	1
240	45	1
250	45	1
260	45	1
270	45	1
280	45	1
290	45	1
300	45	1
310	45	1
320	45	1
330	45	1
340	45	1
350	45	1
360	45	1
370	45	1
380	45	1
390	45	1
400	45	1
410	45	1
420	45	1
430	45	1
440	45	1
450	45	1
460	45	1
470	45	1
480	45	1
490	45	1
500	45	1
510	45	1
520	45	1
530	45	1
540	45	1
550	45	1.0037220455170819
560	45	1.004650506981607
570	45	1.0058145440815998
580	45	1.0072683215167253
590	45	1.0090883805655724
600	45	1.0113687505338895
610	45	1.014227540984877
620	45	1.0178137860631853
630	45	1.0223204426080783
640	45	1.027990153449664
650	45	1.0351371225980135
660	45	1.0441673220895566
670	45	1.0556109309040536
680	45	1.070166983976118
690	45	1.088768849344464
700	45	1.112682569549099
710	45	1.143656554427879
720	45	1.1841611152447642
730	45	1.237781290146626
740	45	1.3098931293229612
750	45	1.4088867098105378
760	45	1.548506654092325
770	45	1.75252302014133
780	45	2.0625297927151007
790	45	2.514733505666093
0	46	1
10	46	1
20	46	1
30	46	1
40	46	1
50	46	1
60	46	1
70	46	1
80	46	1
90	46	1
100	46	1
110	46	1
120	46	1
130	46	1
140	46	1
150	46	1
160	46	1
170	46	1
180	46	1
190	46	1
200	46	1
210	46	1
220	46	1
230	46	1
240	46	1
250	46	1
260	46	1
270	46	1
280	46	1
290	46	1
300	46	1
310	46	1
320	46	1
330	46	1
340	46	1
350	46	1
360	46	1
370	46	1
380	46	1
390	46	1
400	46	1
410	46	1
420	46	1
430	46	1
440	46	1
450	46	1
460	46	1
470	46	1
480	46	1
490	46	1
500	46	1
510	46	1
520	46	1
530	46	1
540	46	1
550	46	1.0045368218583028
560	46	1.0056418317021036
570	46	1.007018328899509
580	46	1.0087320915598346
590	46	1.0108707470232197
600	46	1.0135356463731287
610	46	1.0168640279414465
620	46	1.0210229086413025
630	46	1.0262273454024127
640	46	1.0327512899464992
650	46	1.0409462622673082
660	46	1.0512681242321837
670	46	1.064310530434639
680	46	1.0808597791212717
690	46	1.1019669529340543
700	46	1.1290640748736194
710	46	1.1641383447382154
720	46	1.2100146641542415
730	46	1.2708233483148519
740	46	1.352812264488689
750	46	1.4658241669321566
760	46	1.6261157950087903
770	46	1.8616842739907558
780	46	2.2171816324625837
790	46	2.687535343294114
0	47	1
10	47	1
20	47	1
30	47	1
40	47	1
50	47	1
60	47	1
70	47	1
80	47	1
90	47	1
100	47	1
110	47	1
120	47	1
130	47	1
140	47	1
150	47	1
160	47	1
170	47	1
180	47	1
190	47	1
200	47	1
210	47	1
220	47	1
230	47	1
240	47	1
250	47	1
260	47	1
270	47	1
280	47	1
290	47	1
300	47	1
310	47	1
320	47	1
330	47	1
340	47	1
350	47	1
360	47	1
370	47	1
380	47	1
390	47	1
400	47	1
410	47	1
420	47	1
430	47	1
440	47	1
450	47	1
460	47	1
470	47	1
480	47	1
490	47	1
500	47	1
510	47	1
520	47	1
530	47	1
540	47	1
550	47	1.005482252984063
560	47	1.0067883545295881
570	47	1.008405039849286
580	47	1.0104137169276315
590	47	1.0129070155982334
600	47	1.0160038921203915
610	47	1.019854913622681
620	47	1.0246491513574032
630	47	1.0306263469298407
640	47	1.0380937392732548
650	47	1.0474445728347355
660	47	1.059188207773837
670	47	1.0739907299961617
680	47	1.0927338812329965
690	47	1.1166026250867471
700	47	1.1472161413084074
710	47	1.1868346458083987
720	47	1.2386916602322873
730	47	1.3075509824645841
740	47	1.400679532947573
750	47	1.5296213460008339
760	47	1.7135225984174904
770	47	1.9846575657666015
780	47	2.385089663112933
790	47	2.8627077756425567
0	48	1
10	48	1
20	48	1
30	48	1
40	48	1
50	48	1
60	48	1
70	48	1
80	48	1
90	48	1
100	48	1
110	48	1
120	48	1
130	48	1
140	48	1
150	48	1
160	48	1
170	48	1
180	48	1
190	48	1
200	48	1
210	48	1
220	48	1
230	48	1
240	48	1
250	48	1
260	48	1
270	48	1
280	48	1
290	48	1
300	48	1
310	48	1
320	48	1
330	48	1
340	48	1
350	48	1
360	48	1
370	48	1
380	48	1
390	48	1
400	48	1
410	48	1
420	48	1
430	48	1
440	48	1
450	48	1
460	48	1
470	48	1
480	48	1
490	48	1
500	48	1
510	48	1
520	48	1
530	48	1
540	48	1
550	48	1.00657450117828
560	48	1.008105241317527
570	48	1.0099986437862989
580	48	1.0123339090151864
590	48	1.015223278436583
600	48	1.0187994810230119
610	48	1.0232290040024885
620	48	1.0287250357363034
630	48	1.0355553289128807
640	48	1.0440620820695137
650	48	1.054683473729828
660	48	1.0679894062303508
670	48	1.084725671893807
680	48	1.1058814114584323
690	48	1.1327912842319081
700	48	1.1672879343226625
710	48	1.211943757532997
720	48	1.2704634070036602
730	48	1.3483461008726334
740	48	1.4540460064749718
750	48	1.6010792843690915
760	48	1.8118024331893487
770	48	2.1220227317863114
780	48	2.5620234908182873
790	48	3.091820632786594
0	49	1
10	49	1
20	49	1
30	49	1
40	49	1
50	49	1
60	49	1
70	49	1
80	49	1
90	49	1
100	49	1
110	49	1
120	49	1
130	49	1
140	49	1
150	49	1
160	49	1
170	49	1
180	49	1
190	49	1
200	49	1
210	49	1
220	49	1
230	49	1
240	49	1
250	49	1
260	49	1
270	49	1
280	49	1
290	49	1
300	49	1
310	49	1
320	49	1
330	49	1
340	49	1
350	49	1
360	49	1
370	49	1
380	49	1
390	49	1
400	49	1
410	49	1
420	49	1
430	49	1
440	49	1
450	49	1
460	49	1
470	49	1
480	49	1
490	49	1
500	49	1
510	49	1
520	49	1
530	49	1
540	49	1
550	49	1.0078287640524881
560	49	1.0096146915434352
570	49	1.0118098151384365
580	49	1.0145124399942078
590	49	1.0178417694964677
600	49	1.0219477935756598
610	49	1.0270176322654927
620	49	1.0332870288030382
630	49	1.041055009205292
640	49	1.0507021777737993
650	49	1.0627177841234772
660	49	1.0777370491025138
670	49	1.0965944232330163
680	49	1.120400279361934
690	49	1.150658071161784
700	49	1.1894429454039825
710	49	1.2396848942665273
720	49	1.3056317876037826
730	49	1.393634452037462
740	49	1.5135223174812251
750	49	1.681058328625523
760	49	1.92195284011686
770	49	2.273425060912373
780	49	2.74637625444413
790	49	3.457860800421774
0	50	1
10	50	1
20	50	1
30	50	1
40	50	1
50	50	1
60	50	1
70	50	1
80	50	1
90	50	1
100	50	1
110	50	1
120	50	1
130	50	1
140	50	1
150	50	1
160	50	1
170	50	1
180	50	1
190	50	1
200	50	1
210	50	1
220	50	1
230	50	1
240	50	1
250	50	1
260	50	1
270	50	1
280	50	1
290	50	1
300	50	1
310	50	1
320	50	1
330	50	1
340	50	1
350	50	1
360	50	1
370	50	1
380	50	1
390	50	1
400	50	1
410	50	1
420	50	1
430	50	1
440	50	1
450	50	1
460	50	1
470	50	1
480	50	1
490	50	1
500	50	1
510	50	1
520	50	1
530	50	1
540	50	1
550	50	1.0092603759555512
560	50	1.0113290623031175
570	50	1.0138631346488653
580	50	1.0169719355031677
590	50	1.0207881311471594
600	50	1.0254784213563846
610	50	1.0312519001738047
620	50	1.038371079076868
630	50	1.0471667987168782
640	50	1.0580632176373608
650	50	1.0716051761482601
660	50	1.0885004672598946
670	50	1.1096823925180634
680	50	1.1363973500914288
690	50	1.1703398022329465
700	50	1.2138610289479612
710	50	1.270300518963587
720	50	1.3445316537031724
730	50	1.4438877951533322
740	50	1.5797749406044692
750	50	1.7704441103806805
760	50	2.04472217409877
770	50	2.4374117710934025
780	50	2.9491241037304063
790	50	3.995529886002027
0	51	1
10	51	1
20	51	1
30	51	1
40	51	1
50	51	1
60	51	1
70	51	1
80	51	1
90	51	1
100	51	1
110	51	1
120	51	1
130	51	1
140	51	1
150	51	1
160	51	1
170	51	1
180	51	1
190	51	1
200	51	1
210	51	1
220	51	1
230	51	1
240	51	1
250	51	1
260	51	1
270	51	1
280	51	1
290	51	1
300	51	1
310	51	1
320	51	1
330	51	1
340	51	1
350	51	1
360	51	1
370	51	1
380	51	1
390	51	1
400	51	1
410	51	1
420	51	1
430	51	1
440	51	1
450	51	1.0015230825254882
460	51	1.001848322469563
470	51	1.0022555582943606
480	51	1.00273868279133
490	51	1.0033387687062127
500	51	1.004062177861127
510	51	1.0049477669617866
520	51	1.0060227336116263
530	51	1.007334598241724
540	51	1.00893524822822
550	51	1.0108869885132528
560	51	1.0132689357877998
570	51	1.0161773655562771
580	51	1.0197341710487553
590	51	1.0240867231388997
600	51	1.0294197085697259
610	51	1.0359652468552063
620	51	1.044013926328374
630	51	1.0539345001454745
640	51	1.0661964726202668
650	51	1.0814062278833296
660	51	1.1003532896668076
670	51	1.12408096190008
680	51	1.1539881792597233
690	51	1.1919860129721638
700	51	1.2407401298851322
710	51	1.3040587214590105
720	51	1.387533510215334
730	51	1.499623827285333
740	51	1.653514260132497
750	51	1.870083333177333
760	51	2.180377612198738
770	51	2.6123806711062363
780	51	3.200680660148348
790	51	4.604852662184388
0	52	1
10	52	1
20	52	1
30	52	1
40	52	1
50	52	1
60	52	1
70	52	1
80	52	1
90	52	1
100	52	1
110	52	1
120	52	1
130	52	1
140	52	1
150	52	1
160	52	1
170	52	1
180	52	1
190	52	1
200	52	1
210	52	1
220	52	1
230	52	1
240	52	1
250	52	1
260	52	1
270	52	1
280	52	1
290	52	1
300	52	1
310	52	1
320	52	1
330	52	1
340	52	1
350	52	1
360	52	1
370	52	1
380	52	1
390	52	1
400	52	1
410	52	1
420	52	1
430	52	1
440	52	1
450	52	1.0018424479021264
460	52	1.0022352460466863
470	52	1.0027102199775682
480	52	1.0032898468918434
490	52	1.0039874910810331
500	52	1.004835412075166
510	52	1.0058663485086567
520	52	1.007113716706424
530	52	1.0086324507458582
540	52	1.0104783465989187
550	52	1.012722444241734
560	52	1.0154502486421453
570	52	1.0187731653470882
580	52	1.0228222750662672
590	52	1.027763648553377
600	52	1.033801322995486
610	52	1.041190939418934
620	52	1.0502557213894483
630	52	1.0614032741165906
640	52	1.0751557825673552
650	52	1.0921861390659464
660	52	1.113374903338358
670	52	1.1398887689242188
680	52	1.1732983728716546
690	52	1.2157603205922252
700	52	1.2702978176856408
710	52	1.341254937233501
720	52	1.4350441158554779
730	52	1.5614020632193188
740	52	1.7354691664399409
750	52	1.9806780445027021
760	52	2.3285107050322127
770	52	2.799661169819876
780	52	3.5342569215887343
790	52	5.056512561660131
0	53	1
10	53	1
20	53	1
30	53	1
40	53	1
50	53	1
60	53	1
70	53	1
80	53	1
90	53	1
100	53	1
110	53	1
120	53	1
130	53	1
140	53	1
150	53	1
160	53	1
170	53	1
180	53	1
190	53	1
200	53	1
210	53	1
220	53	1
230	53	1
240	53	1
250	53	1
260	53	1
270	53	1
280	53	1
290	53	1
300	53	1
310	53	1
320	53	1
330	53	1
340	53	1
350	53	1
360	53	1
370	53	1
380	53	1
390	53	1
400	53	1
410	53	1
420	53	1
430	53	1
440	53	1
450	53	1.0022199851290323
460	53	1.0026803233213155
470	53	1.0032352026640134
480	53	1.003914636737518
490	53	1.0047313232370674
500	53	1.0057180534536159
510	53	1.006909374198491
520	53	1.0083533591028064
530	53	1.010101723945989
540	53	1.0122172577527115
550	53	1.0147844863020146
560	53	1.0178955684668805
570	53	1.0216725316805417
580	53	1.0262624094377022
590	53	1.0318472579333502
600	53	1.0386535831760018
610	53	1.0469650866517468
620	53	1.057137246050827
630	53	1.069622338817017
640	53	1.0849981766843328
650	53	1.1040139221917424
660	53	1.12765069084037
670	53	1.1572126392438882
680	53	1.1944652305325352
690	53	1.2418418958107753
700	53	1.3027732753341166
710	53	1.3822132789693893
720	53	1.4875056950406162
730	53	1.6298131138667553
740	53	1.8263411195195363
750	53	2.1026363240319803
760	53	2.4881554427617347
770	53	3.0076168109980714
780	53	3.9402374846342276
790	53	5.104618065068252
0	54	1
10	54	1
20	54	1
30	54	1
40	54	1
50	54	1
60	54	1
70	54	1
80	54	1
90	54	1
100	54	1
110	54	1
120	54	1
130	54	1
140	54	1
150	54	1
160	54	1
170	54	1
180	54	1
190	54	1
200	54	1
210	54	1
220	54	1
230	54	1
240	54	1
250	54	1
260	54	1
270	54	1
280	54	1
290	54	1
300	54	1
310	54	1
320	54	1
330	54	1
340	54	1
350	54	1
360	54	1
370	54	1
380	54	1
390	54	1
400	54	1
410	54	1
420	54	1
430	54	1
440	54	1
450	54	1.0026503247797274
460	54	1.0031975077446713
470	54	1.0038464088471861
480	54	1.004633413279327
490	54	1.0055767755881073
500	54	1.0067174300393353
510	54	1.0080947847649662
520	54	1.009749895169179
530	54	1.0117527975085758
540	54	1.0141705079775507
550	54	1.0170896501986832
560	54	1.0206219612833443
570	54	1.0248962308815077
580	54	1.0300776107851721
590	54	1.0363650639663584
600	54	1.044009971723163
610	54	1.0533241699611684
620	54	1.0647012465165848
630	54	1.0786411486372172
640	54	1.0957848794208078
650	54	1.1169637833384505
660	54	1.1432718640408999
670	54	1.1761687087147967
680	54	1.2176378161754833
690	54	1.2704270793507542
700	54	1.3384284403504696
710	54	1.4272867967679954
720	54	1.545391271787438
730	54	1.7054579641883643
740	54	1.9267298660570809
750	54	2.2359078147950666
760	54	2.6586360763523786
770	54	3.25032117729867
780	54	4.3271760183700305
790	54	4.620751181196116
0	55	1
10	55	1
20	55	1
30	55	1
40	55	1
50	55	1
60	55	1
70	55	1
80	55	1
90	55	1
100	55	1
110	55	1
120	55	1
130	55	1
140	55	1
150	55	1
160	55	1
170	55	1
180	55	1
190	55	1
200	55	1
210	55	1
220	55	1
230	55	1
240	55	1
250	55	1
260	55	1
270	55	1
280	55	1
290	55	1
300	55	1
310	55	1
320	55	1
330	55	1
340	55	1
350	55	1
360	55	1
370	55	1
380	55	1
390	55	1
400	55	1
410	55	1
420	55	1
430	55	1
440	55	1
450	55	1.0031501398688614
460	55	1.0037836221549348
470	55	1.004538740899983
480	55	1.0054485262477642
490	55	1.006538603571642
500	55	1.0078514987902942
510	55	1.0094270998099084
520	55	1.0113229061228766
530	55	1.0136047860072348
540	55	1.0163504991748313
550	55	1.0196601502519822
560	55	1.0236508061518401
570	55	1.0284696794034742
580	55	1.0342937270259571
590	55	1.0413465493380782
600	55	1.0499030567915835
610	55	1.0603075438595104
620	55	1.0729937470252544
630	55	1.0885146066037021
640	55	1.1075802754904938
650	55	1.131115109791931
660	55	1.1603378240020947
670	55	1.196882794091946
680	55	1.2429792771969987
690	55	1.3017300764146549
700	55	1.3775483176065415
710	55	1.4768555114161739
720	55	1.6091947504952975
730	55	1.7889118673992022
740	55	2.037026304870809
750	55	2.3798963051199085
760	55	2.8411305381083283
770	55	3.5322994384696322
780	55	4.536846472830788
790	55	3.651887744536158
0	56	1
10	56	1
20	56	1
30	56	1
40	56	1
50	56	1
60	56	1
70	56	1
80	56	1
90	56	1
100	56	1
110	56	1
120	56	1
130	56	1
140	56	1
150	56	1
160	56	1
170	56	1
180	56	1
190	56	1
200	56	1
210	56	1
220	56	1
230	56	1
240	56	1
250	56	1
260	56	1
270	56	1
280	56	1
290	56	1
300	56	1
310	56	1
320	56	1
330	56	1
340	56	1
350	56	1
360	56	1
370	56	1
380	56	1
390	56	1
400	56	1
410	56	1
420	56	1
430	56	1
440	56	1
450	56	1.0037245730323825
460	56	1.0044534730735424
470	56	1.0053274559733587
480	56	1.0063725376082862
490	56	1.0076248073103753
500	56	1.0091254139162185
510	56	1.0109257304426544
520	56	1.0130804194621281
530	56	1.015670011243834
540	56	1.0187776458568893
550	56	1.0225108153569953
560	56	1.0270037965706065
570	56	1.0324134201436705
580	56	1.038938531064234
590	56	1.046822369249426
600	56	1.0563683543187679
610	56	1.067955072491609
620	56	1.0820620298415118
630	56	1.0992995137052954
640	56	1.1204539652029322
650	56	1.1465530533478938
660	56	1.17895586264812
670	56	1.2194918297898498
680	56	1.2706670953745618
690	56	1.3359839920120866
700	56	1.4204410056388925
710	56	1.5313217171580178
720	56	1.6794129076429956
730	56	1.8806671946172466
740	56	2.157278127102682
750	56	2.5336069791646016
760	56	3.0392072438750017
770	56	3.8226656286637497
780	56	4.416121357462982
790	56	2.380681040140431
0	57	1
10	57	1
20	57	1
30	57	1
40	57	1
50	57	1
60	57	1
70	57	1
80	57	1
90	57	1
100	57	1
110	57	1
120	57	1
130	57	1
140	57	1
150	57	1
160	57	1
170	57	1
180	57	1
190	57	1
200	57	1
210	57	1
220	57	1
230	57	1
240	57	1
250	57	1
260	57	1
270	57	1
280	57	1
290	57	1
300	57	1
310	57	1
320	57	1
330	57	1
340	57	1
350	57	1
360	57	1
370	57	1
380	57	1
390	57	1
400	57	1
410	57	1
420	57	1
430	57	1
440	57	1
450	57	1.0043673842031264
460	57	1.0052110170916293
470	57	1.0062144787703011
480	57	1.0074123171533746
490	57	1.0088428075613576
500	57	1.01055385897046
510	57	1.0125960276402857
520	57	1.01504070222996
530	57	1.017963927623369
540	57	1.0214668523734465
550	57	1.0256633532935764
560	57	1.0307011740215282
570	57	1.036754110452003
580	57	1.0440395193223442
590	57	1.0528245818148303
600	57	1.063442459708659
610	57	1.0763104587531802
620	57	1.0919569786855663
630	57	1.1110563759323113
640	57	1.1344802728551968
650	57	1.1633700646115044
660	57	1.1992420347021988
670	57	1.2441443016327365
680	57	1.3008938955931746
690	57	1.373440820253941
700	57	1.467434797025431
710	57	1.5911004615892996
720	57	1.756515255343098
730	57	1.981050462456507
740	57	2.287058979675362
750	57	2.6960959924824004
760	57	3.2544228063743086
770	57	4.040836620886215
780	57	3.8960766108403995
790	57	1.0384754462736694
0	58	1
10	58	1
20	58	1
30	58	1
40	58	1
50	58	1
60	58	1
70	58	1
80	58	1
90	58	1
100	58	1
110	58	1
120	58	1
130	58	1
140	58	1
150	58	1
160	58	1
170	58	1
180	58	1
190	58	1
200	58	1
210	58	1
220	58	1
230	58	1
240	58	1
250	58	1
260	58	1
270	58	1
280	58	1
290	58	1
300	58	1
310	58	1
320	58	1
330	58	1
340	58	1
350	58	1
360	58	1
370	58	1
380	58	1
390	58	1
400	58	1
410	58	1
420	58	1
430	58	1
440	58	1
450	58	1.0051000572360291
460	58	1.0060681052227907
470	58	1.0072136555803535
480	58	1.0085813170827966
490	58	1.0102083506294215
500	58	1.0121472308348427
510	58	1.0144579744503528
520	58	1.0172149983191565
530	58	1.020505909127522
540	58	1.0244366104638254
550	58	1.0291381012255678
560	58	1.0347666166648195
570	58	1.0415167904030473
580	58	1.0496251271034263
590	58	1.059385697523402
600	58	1.0711638973624253
610	58	1.0854187549412715
620	58	1.102732917608968
630	58	1.123850948390841
640	58	1.149738836532681
650	58	1.1816654767962604
660	58	1.2213220312296809
670	58	1.2710015399192567
680	58	1.333868183578851
690	58	1.4143704279845513
700	58	1.5188734779590949
710	58	1.6566034279092807
720	58	1.8408975353674804
730	58	2.09011169342917
740	58	2.4253987139081232
750	58	2.8667478227246885
760	58	3.47460523362246
770	58	4.075842441254392
780	58	3.0247565094267554
790	58	-0.17102155409474015
0	59	1
10	59	1
20	59	1
30	59	1
40	59	1
50	59	1
60	59	1
70	59	1
80	59	1
90	59	1
100	59	1
110	59	1
120	59	1
130	59	1
140	59	1
150	59	1
160	59	1
170	59	1
180	59	1
190	59	1
200	59	1
210	59	1
220	59	1
230	59	1
240	59	1
250	59	1
260	59	1
270	59	1
280	59	1
290	59	1
300	59	1
310	59	1
320	59	1
330	59	1
340	59	1
350	59	1
360	59	1
370	59	1
380	59	1
390	59	1
400	59	1
410	59	1
420	59	1
430	59	1
440	59	1
450	59	1.0059280176235854
460	59	1.0070301132667647
470	59	1.0083346326135159
480	59	1.0098853758963762
490	59	1.0117297166816241
500	59	1.0139187180367184
510	59	1.0165221946285266
520	59	1.019621244962441
530	59	1.0233090437890768
540	59	1.0277064614321283
550	59	1.0329541549626158
560	59	1.0392242901564208
570	59	1.0467279673707566
580	59	1.0557267463162507
590	59	1.0665409630204634
600	59	1.079573036483472
610	59	1.0953277214675288
620	59	1.114446529656736
630	59	1.1377524527987681
640	59	1.1663157935582433
650	59	1.2015465987206648
660	59	1.2453319971039212
670	59	1.3002373964364766
680	59	1.3698135727643226
690	59	1.459057867182631
700	59	1.5751073519673895
710	59	1.7282127946318826
720	59	1.9328139180102504
730	59	2.2074943996951224
740	59	2.57081257893899
750	59	3.043893262250891
760	59	3.660564539204544
770	59	3.834660792902404
780	59	1.9414516135833588
790	59	-1.112663812049893
0	60	1
10	60	1
20	60	1
30	60	1
40	60	1
50	60	1
60	60	1
70	60	1
80	60	1
90	60	1
100	60	1
110	60	1
120	60	1
130	60	1
140	60	1
150	60	1
160	60	1
170	60	1
180	60	1
190	60	1
200	60	1
210	60	1
220	60	1
230	60	1
240	60	1
250	60	1
260	60	1
270	60	1
280	60	1
290	60	1
300	60	1
310	60	1
320	60	1
330	60	1
340	60	1
350	60	1
360	60	1
370	60	1
380	60	1
390	60	1
400	60	1
410	60	1
420	60	1
430	60	1
440	60	1
450	60	1.006853143556988
460	60	1.008107380562241
470	60	1.0095870680937977
480	60	1.0113400630008806
490	60	1.0134161343424353
500	60	1.0158803717368277
510	60	1.0188020639529942
520	60	1.022271121252428
530	60	1.0263922714626696
540	60	1.0312952764858665
550	60	1.0371334178484028
560	60	1.0440963303265816
570	60	1.0524149851604425
580	60	1.0623744517194706
590	60	1.0743270911253207
600	60	1.0887131526021863
610	60	1.1060886633376683
620	60	1.1271595816151245
630	60	1.1528358314763678
640	60	1.1843034098653595
650	60	1.2231297161747956
660	60	1.2714185296993448
670	60	1.3320387874356574
680	60	1.4089673738262838
690	60	1.5077982524213573
700	60	1.6364782177377706
710	60	1.806241753923046
720	60	2.032284459074895
730	60	2.3323060334901293
740	60	2.7212876636490755
750	60	3.2199594451355633
760	60	3.7447243347145234
770	60	3.2889400837421676
780	60	0.8199798687427451
790	60	-1.7289278525847855
0	61	0.9988838113074896
10	61	1.0008060281929436
20	61	0.9986996329314287
30	61	1.0006568531497462
40	61	1.0004419498956074
50	61	0.9999267870983024
60	61	0.9995960219269108
70	61	1.0003925070521766
80	61	0.9998790153472558
90	61	0.9997873411213467
100	61	1.0005359790921187
110	61	1.0002417894490678
120	61	0.9995365969540049
130	61	1.0000448130688602
140	61	1.0001600427219794
150	61	0.9999493886725231
160	61	0.9998078882908491
170	61	1.0002680996097328
180	61	1.0000628730183745
190	61	1.0001527726367698
200	61	1.000025811075062
210	61	1.000064647121505
220	61	1.0001835762922213
230	61	1.0001649307485356
240	61	1.0002709421004559
250	61	1.0002839345969576
260	61	1.0003482237349386
270	61	1.000412972845885
280	61	1.0004897775299912
290	61	1.0006194542080828
300	61	1.0006332181897646
310	61	1.0007592496652395
320	61	1.0009659030396414
330	61	1.0010897099932157
340	61	1.0012922242455775
350	61	1.001525913229423
360	61	1.0017921538613563
370	61	1.0021191001001541
380	61	1.0024973091835225
390	61	1.00294007632765
400	61	1.0034584999582097
410	61	1.0040832496896086
420	61	1.0048155272662602
430	61	1.0056698980125214
440	61	1.006689545048239
450	61	1.0078896256791439
460	61	1.00930595115921
470	61	1.0109758897150827
480	61	1.0129504545010464
490	61	1.0152843486800547
500	61	1.0180448500563233
510	61	1.0213132087427315
520	61	1.025184573528983
530	61	1.0297748119890433
540	61	1.0352223489104033
550	61	1.04169862664861
560	61	1.0494092670513233
570	61	1.0586068386892693
580	61	1.0696021809360088
590	61	1.082782021362493
600	61	1.098629766083286
610	61	1.117755472330905
620	61	1.1409376293449736
630	61	1.1691817407219551
640	61	1.2038014404198605
650	61	1.2465391107703325
660	61	1.2997392727281312
670	61	1.366605057717027
680	61	1.4515780887542293
690	61	1.56088811722026
700	61	1.7032963877204332
710	61	1.8908776759796773
720	61	2.1389780081245817
730	61	2.4630031466453084
740	61	2.873671574188633
750	61	3.373765655542955
760	61	3.650590594658486
770	61	2.4908084461627227
780	61	-0.18463007567357562
790	61	-2.0293778755116247
0	62	1.0005090592038355
10	62	1.0003429728227984
20	62	0.9995934355879064
30	62	1.0000683298067305
40	62	0.9988173379284457
50	62	1.000370029316393
60	62	0.9992181878123353
70	62	1.0001319211936612
80	62	0.9995485717117032
90	62	0.9996395565629342
100	62	0.9996523674237366
110	62	0.9997193554349965
120	62	1.0002558446670544
130	62	0.9997801649381372
140	62	1.0000041958306856
150	62	0.9998609168628851
160	62	1.0001304690736321
170	62	1.0001115164655416
180	62	1.000077046534396
190	62	1.0000191158066931
200	62	1.0001645638326147
210	62	1.0001314788859426
220	62	1.0002887949625754
230	62	1.0002181118095805
240	62	1.000255802120609
250	62	1.0003642392595882
260	62	1.0004170285703966
270	62	1.0004951109630231
280	62	1.0005912197062987
290	62	1.0006397825427475
300	62	1.0007974284348635
310	62	1.000969396849022
320	62	1.001093971754212
330	62	1.001296078912924
340	62	1.0015259058781152
350	62	1.001788482176212
360	62	1.0020988292199202
370	62	1.0024760642438868
380	62	1.0029071056821663
390	62	1.0034228194121266
400	62	1.0040209593526122
410	62	1.0047273840240885
420	62	1.0055545726602462
430	62	1.0065362109099925
440	62	1.0076864387395088
450	62	1.009040758156103
460	62	1.0106365381042297
470	62	1.0125140825855496
480	62	1.0147303988650362
490	62	1.0173439602243268
500	62	1.0204271059715828
510	62	1.024070541022788
520	62	1.0283749712059358
530	62	1.0334708558158334
540	62	1.0395083644381327
550	62	1.046673229130221
560	62	1.0551889577848916
570	62	1.0653331399967867
580	62	1.0774449666505659
590	62	1.0919476486170985
600	62	1.1093710534209604
610	62	1.1303860601904185
620	62	1.1558509790872815
630	62	1.1868758816324694
640	62	1.2249168863425002
650	62	1.2719092098559837
660	62	1.3304624377076528
670	62	1.4041458090251107
680	62	1.4979000642996223
690	62	1.6186116311857999
700	62	1.7758063122903593
710	62	1.9821034267812492
720	62	2.2520747720143777
730	62	2.597241604306206
740	62	3.0215516960206195
750	62	3.4676423447339157
760	62	3.3257188094327916
770	62	1.5527019504343096
780	62	-0.9679992541990347
790	62	-2.0705086790974327
0	63	0.9996152994434068
10	63	1.000232854567529
20	63	1.0006554170768311
30	63	0.9997912629587714
40	63	0.9996149374442952
50	63	0.9998248053043514
60	63	0.9999887288633923
70	63	1.000021719231848
80	63	1.0000785152397946
90	63	1.0001683949884483
100	63	0.999754115880901
110	63	0.999934580385373
120	63	1.0001257039347362
130	63	1.0001327749988274
140	63	1.0001259176815307
150	63	0.9999344618569538
160	63	1.0001324673662577
170	63	1.0000965503796475
180	63	1.000103160418114
190	63	1.0001739486504937
200	63	1.0001043258977456
210	63	1.0002896107119534
220	63	1.0002736535544283
230	63	1.0003504748662675
240	63	1.00037091981684
250	63	1.0004296132379924
260	63	1.0004948221671979
270	63	1.000583144165279
280	63	1.0006656993173035
290	63	1.0007810765515301
300	63	1.0009869609138358
310	63	1.0010961402200602
320	63	1.0012956936264046
330	63	1.001513350359618
340	63	1.0017820457131232
350	63	1.0020887749594483
360	63	1.0024527587844643
370	63	1.0028817812948974
380	63	1.0033818277385818
390	63	1.003961691643079
400	63	1.004648534110691
410	63	1.005447463041294
420	63	1.0063880316596263
430	63	1.0074932986309382
440	63	1.008791919838923
450	63	1.0103184649401744
460	63	1.0121076548963839
470	63	1.0142138283711712
480	63	1.016691918507153
490	63	1.0196061931112066
500	63	1.0230401949512398
510	63	1.0270870992416377
520	63	1.0318624393310118
530	63	1.037502878063336
540	63	1.0441748535750672
550	63	1.0520803076726448
560	63	1.0614636800205544
570	63	1.0726256492892563
580	63	1.0859391491114554
590	63	1.1018661582055642
600	63	1.1209883006115846
610	63	1.1440424518652197
620	63	1.1719745904796517
630	63	1.2060110621091797
640	63	1.2477646076386013
650	63	1.2993829809908204
660	63	1.3637662561936101
670	63	1.4448783050603613
680	63	1.5481849194178843
690	63	1.681219966167235
700	63	1.8541377649173787
710	63	2.0795945567350764
720	63	2.3701124480877747
730	63	2.731475792102231
740	63	3.151286844643973
750	63	3.4412434740378743
760	63	2.768635141202902
770	63	0.6080779396014052
780	63	-1.4856679418277325
790	63	-1.9323402846863644
0	64	1.0000792605931441
10	64	1.0000949188626997
20	64	1.0001456206148807
30	64	0.9993364828830453
40	64	0.9996397409737897
50	64	1.0003701185855816
60	64	0.9993790799161787
70	64	0.9999502316352339
80	64	1.0000791877524438
90	64	0.9998523880569433
100	64	1.0003959071421158
110	64	1.000210365905801
120	64	1.0001191201559352
130	64	1.000147972561127
140	64	1.0002278726629616
150	64	1.000060570935702
160	64	0.9999808905570555
170	64	1.0001555309532522
180	64	1.0001092152789197
190	64	1.0001402415713812
200	64	1.0001848767885624
210	64	1.000290885900528
220	64	1.0003058406017153
230	64	1.0003711870338101
240	64	1.00046872302076
250	64	1.0004879043522703
260	64	1.000639675097908
270	64	1.000630769378764
280	64	1.0008300829902586
290	64	1.0009861204573083
300	64	1.0011017369057649
310	64	1.0012957072520503
320	64	1.001514589768008
330	64	1.0017898400258376
340	64	1.0020909656234527
350	64	1.0024395401199022
360	64	1.0028601776955606
370	64	1.0033355812519842
380	64	1.0039065988910667
390	64	1.00457049738386
400	64	1.0053449674458972
410	64	1.006250684938817
420	64	1.0073134337148109
430	64	1.0085593019813879
440	64	1.0100191407850587
450	64	1.011726570749029
460	64	1.0137328079869055
470	64	1.016084462236656
480	64	1.0188438773949269
490	64	1.022086939587825
500	64	1.0258975422235073
510	64	1.0303810663916875
520	64	1.0356622090061653
530	64	1.041889428346515
540	64	1.0492444461595667
550	64	1.057946381722581
560	64	1.0682610087846884
570	64	1.0805184484007297
580	64	1.0951238996839905
590	64	1.112583967548527
600	64	1.1335361967449529
610	64	1.1587907669424193
620	64	1.1893892974465283
630	64	1.2266867491778533
640	64	1.27246772159823
650	64	1.3291125994578428
660	64	1.3998365274140936
670	64	1.4890224331463784
680	64	1.6026691936518163
690	64	1.748900910680691
700	64	1.9382382464618364
710	64	2.1825916235829768
720	64	2.4907943779328456
730	64	2.8598907194161773
740	64	3.237975126618424
750	64	3.2512526727965376
760	64	2.034009013550369
770	64	-0.22593476479196378
780	64	-1.7462152731994967
790	64	-1.696540074205817
0	65	1.0001162386706828
10	65	0.9996576561713637
20	65	0.999664277537228
30	65	1.0002276176642237
40	65	1.0002067649048108
50	65	1.0005909822871715
60	65	0.9998161058772123
70	65	0.999552172544263
80	65	0.9998701274707875
90	65	0.999772771915668
100	65	0.9999737014853031
110	65	1.0001982795145394
120	65	1.0000368618429516
130	65	1.0000890848481336
140	65	1.0001701709699586
150	65	1.000187589306378
160	65	1.000196683837469
170	65	1.0001143119286318
180	65	1.000213711902899
190	65	1.0002795731003153
200	65	1.000283005760032
210	65	1.0002826012524098
220	65	1.0003705239922396
230	65	1.0004398184000336
240	65	1.0005245851095514
250	65	1.000637667209819
260	65	1.0006579458555602
270	65	1.0008528526770266
280	65	1.0009820604910447
290	65	1.0011019296933934
300	65	1.0013314733735754
310	65	1.0015231156535538
320	65	1.0017856639349174
330	65	1.0020805163600968
340	65	1.0024194089212086
350	65	1.002833701102058
360	65	1.0033003251683805
370	65	1.0038521165567174
380	65	1.0044958850826229
390	65	1.0052411753184567
400	65	1.0061188213988914
410	65	1.007145616458022
420	65	1.0083389248489716
430	65	1.009737532295644
440	65	1.0113717828259605
450	65	1.0132820343237714
460	65	1.0155174898590174
470	65	1.0181366654787087
480	65	1.0212021495666919
490	65	1.024797354353418
500	65	1.029014246047396
510	65	1.0339685630278252
520	65	1.0397932283946967
530	65	1.046651717879263
540	65	1.0547397067144553
550	65	1.0642966733736041
560	65	1.0756126410272806
570	65	1.089045781165143
580	65	1.105040436929585
590	65	1.1241498857419208
600	65	1.1470734476900972
610	65	1.1747015335462148
620	65	1.2081815256869877
630	65	1.2490087905278613
640	65	1.2991564193015543
650	65	1.3612577694014418
660	65	1.43886393566988
670	65	1.5367921968335303
680	65	1.661555151974776
690	65	1.8217361637340492
700	65	2.0277835992220385
710	65	2.2897457608763703
720	65	2.6106692953415758
730	65	2.9723483551109964
740	65	3.2454666759646273
750	65	2.871068617660128
760	65	1.215300950250842
770	65	-0.8717339346022892
780	65	-1.795383309694673
790	65	-1.430214004869227
0	66	1.0002822824863289
10	66	1.0000778950183875
20	66	1.000099120507597
30	66	1.0005688942924926
40	66	0.9999155406692636
50	66	1.0001126498745043
60	66	1.0002379446405665
70	66	1.0003860386396413
80	66	0.9996895389467605
90	66	1.000121897262884
100	66	0.9999841877757901
110	66	0.9999485043413645
120	66	1.0001562298907998
130	66	1.0001002621803432
140	66	1.0001498342949398
150	66	1.0002522074174536
160	66	1.0002068019695445
170	66	1.000104212705889
180	66	1.0002026436981162
190	66	1.0002956108169012
200	66	1.00029473494434
210	66	1.0004126150920576
220	66	1.0004352058965804
230	66	1.0005750476647832
240	66	1.0006044753526189
250	66	1.000671679315931
260	66	1.0008430103281578
270	66	1.0009782281142332
280	66	1.0011153919978002
290	66	1.0013215616523985
300	66	1.0015275809275865
310	66	1.0017727162027454
320	66	1.0020639451422604
330	66	1.0024128161635366
340	66	1.0028028677002188
350	66	1.0032667304382836
360	66	1.0037962329682677
370	66	1.0044229833138385
380	66	1.0051458351251648
390	66	1.0059917355796517
400	66	1.0069827630881398
410	66	1.0081336871893773
420	66	1.009473396961685
430	66	1.0110362422575303
440	66	1.0128612394306709
450	66	1.014989449189962
460	66	1.0174750036844193
470	66	1.0203806564198603
480	66	1.0237771373622093
490	66	1.0277515088626938
500	66	1.0324058056668526
510	66	1.0378656360623473
520	66	1.0442739573925415
530	66	1.0518097773407538
540	66	1.0606851573142153
550	66	1.071159298278233
560	66	1.083549063194144
570	66	1.098245664290366
580	66	1.1157324039020196
590	66	1.1366160433564285
600	66	1.161662403637506
610	66	1.1918503656344352
620	66	1.2284434032711653
630	66	1.2730901365783112
640	66	1.3279686437805764
650	66	1.3959837105432424
660	66	1.4810389976811817
670	66	1.5883844892067978
680	66	1.7249839554797222
690	66	1.8996426574317324
700	66	2.122064051341873
710	66	2.398926795111694
720	66	2.724497578747735
730	66	3.0518643864687207
740	66	3.13396256774749
750	66	2.3164347938233547
760	66	0.41626686851620726
770	66	-1.2982813162901232
780	66	-1.6970603548655985
790	66	-1.177997052420281
0	67	0.9999367176380379
10	67	1.000246561464024
20	67	1.0000522764868143
30	67	1.0002099676915797
40	67	0.9999666240384927
50	67	0.9996792766022198
60	67	0.9997490176594738
70	67	1.0001549866357577
80	67	0.9999539789826852
90	67	1.0003146880940461
100	67	1.000135183707359
110	67	1.0000768470933012
120	67	1.0000521259590043
130	67	1.0000833707075152
140	67	1.00011800219243
150	67	1.0002698982635458
160	67	1.0001499262221143
170	67	1.0002856511237832
180	67	1.000326103114758
190	67	1.000299867700749
200	67	1.0003653352589872
210	67	1.000432318938196
220	67	1.0005559985082295
230	67	1.0005890604734993
240	67	1.000684728895637
250	67	1.000864834403828
260	67	1.0010187500025727
270	67	1.001121338531324
280	67	1.0013382433188347
290	67	1.0015222418683747
300	67	1.0017763399483137
310	67	1.0020590673890342
320	67	1.0023906640647033
330	67	1.0027779586433798
340	67	1.0032332870591318
350	67	1.0037500265118986
360	67	1.0043579720676172
370	67	1.005061764604467
380	67	1.0058831651101596
390	67	1.0068295501627107
400	67	1.007936093337068
410	67	1.0092237711593248
420	67	1.0107225282939636
430	67	1.0124652527385563
440	67	1.0144939959619181
450	67	1.016858850843117
460	67	1.0196137882930738
470	67	1.0228294995883
480	67	1.0265802628671628
490	67	1.030963656389632
500	67	1.0360885446340669
510	67	1.0420896372837352
520	67	1.0491251180458463
530	67	1.057386658811959
540	67	1.0671057407338376
550	67	1.0785637196632987
560	67	1.0921056801148397
570	67	1.1081568273964357
580	67	1.1272463498517762
590	67	1.150037247510161
600	67	1.1773696864318637
610	67	1.2103184441988175
620	67	1.250273076449361
630	67	1.2990502450858767
640	67	1.3590480014390862
650	67	1.4334583454593777
660	67	1.5265441269912974
670	67	1.6439609666033204
680	67	1.7929976446477907
690	67	1.9822949437586435
700	67	2.2198427100856644
710	67	2.5069537492465988
720	67	2.824117597423506
730	67	3.0735358076882298
740	67	2.8740914541635907
750	67	1.642037452950323
760	67	-0.27533992791392414
770	67	-1.5156178272867944
780	67	-1.5158343930149494
790	67	-0.962308038066714
0	68	0.999944038509547
10	68	1.0000809183105568
20	68	0.9997354295223005
30	68	1.0004901088132252
40	68	0.9999806343440929
50	68	0.9998374051259571
60	68	0.9998092894057391
70	68	1.0000736295370658
80	68	0.9999809167714413
90	68	1.0000331937809521
100	68	1.0000108743932783
110	68	1.0001819620746175
120	68	1.000162222711625
130	68	1.0002812621808115
140	68	1.0002301544244745
150	68	1.000219461161811
160	68	1.0003026064413487
170	68	1.0002723190603606
180	68	1.0003502460945255
190	68	1.0004384013227712
200	68	1.0004205324029556
210	68	1.0005959706561802
220	68	1.0006080976914202
230	68	1.0007095881572396
240	68	1.0009049223796573
250	68	1.0009967284568704
260	68	1.0011060257565823
270	68	1.0013270676775303
280	68	1.0015268151128947
290	68	1.001769602395217
300	68	1.0020491793876447
310	68	1.002385836379103
320	68	1.002760129159209
330	68	1.003192443788092
340	68	1.003706513169644
350	68	1.0042932527454758
360	68	1.0049797943482737
370	68	1.0057692894773975
380	68	1.0066855431586443
390	68	1.0077545113573732
400	68	1.0089909158347112
410	68	1.0104251818802277
420	68	1.0120944901744686
430	68	1.0140300964838385
440	68	1.016282612557429
450	68	1.0189005144504661
460	68	1.0219473505150385
470	68	1.0254940860098534
480	68	1.0296276848327113
490	68	1.0344485559143612
500	68	1.0400782945112
510	68	1.046660079759046
520	68	1.0543670920101547
530	68	1.063405617685767
540	68	1.074028139854989
550	68	1.0865400788516792
560	68	1.1013163576083915
570	68	1.1188211567981108
580	68	1.1396316176729697
590	68	1.1644732134277915
600	68	1.1942665237873957
610	68	1.230191233409975
620	68	1.2737748443302386
630	68	1.3270142210244553
640	68	1.392542088584476
650	68	1.4738470477564651
660	68	1.5755426011343876
670	68	1.7036243551794914
680	68	1.865488117700686
690	68	2.069025140344481
700	68	2.319179889852576
710	68	2.609164666030869
720	68	2.8969518733085917
730	68	3.007492284090007
740	68	2.460990762902611
750	68	0.9262422625795091
760	68	-0.8038714157879279
770	68	-1.5620585647095484
780	68	-1.304637220906519
790	68	-0.7889587836678631
0	69	0.9999357112849815
10	69	1.0000249057582091
20	69	1.0001132256319663
30	69	1.0001714673780246
40	69	0.9999467604746437
50	69	0.9997489204950307
60	69	1.0002002444671303
70	69	0.999939958757892
80	69	1.0000235344438773
90	69	1.0001760216409954
100	69	1.0001433202619734
110	69	1.0001350075727617
120	69	1.0001000189230154
130	69	1.00012988804478
140	69	1.000211103675073
150	69	1.0002887707716195
160	69	1.0002925965996075
170	69	1.0003199990713123
180	69	1.000431217985724
190	69	1.0004169442021948
200	69	1.0005493968453072
210	69	1.0006264608842628
220	69	1.0007086059408692
230	69	1.0008888624684318
240	69	1.0009809253850235
250	69	1.0011333374753886
260	69	1.0013241226948288
270	69	1.001520612426076
280	69	1.0017604720367765
290	69	1.002053325713687
300	69	1.0023696401802056
310	69	1.0027399460360593
320	69	1.0031626398156919
330	69	1.0036642954818857
340	69	1.004231290906683
350	69	1.0048984384111823
360	69	1.0056645961135524
370	69	1.006548874759061
380	69	1.0075803039918256
390	69	1.0087683759585002
400	69	1.0101462594843884
410	69	1.01174450409601
420	69	1.0135958982529334
430	69	1.0157422707783492
440	69	1.0182328471874285
450	69	1.021124953947951
460	69	1.0244843387997173
470	69	1.0283892698469652
480	69	1.032931821654721
490	69	1.038222420865251
500	69	1.0443916284309778
510	69	1.0515953432122276
520	69	1.060020011097658
530	69	1.0698908510276817
540	69	1.0814803498032992
550	69	1.0951204171354072
560	69	1.111219647321807
570	69	1.1302831860495808
580	69	1.1529409761434672
590	69	1.1799864835160254
600	69	1.2124283678892773
610	69	1.2515601881310676
620	69	1.2990581185432095
630	69	1.3571117707889497
640	69	1.4285990024262845
650	69	1.51730548396822
660	69	1.6281626676874827
670	69	1.7673845138247068
680	69	1.9421291528062445
690	69	2.1586975652463236
700	69	2.417204256600086
710	69	2.698732949512135
720	69	2.9250182782039746
730	69	2.8268577972049562
740	69	1.920750187433271
750	69	0.24988416075706596
760	69	-1.1500842908465985
770	69	-1.4890048519746173
780	69	-1.0991330856595594
790	69	-0.6543074609517776
0	70	1.0000192560809602
10	70	0.9999299901594312
20	70	0.999990159072733
30	70	1.000061196786623
40	70	1.000057847478286
50	70	1.0000268428880386
60	70	0.9999580008512441
70	70	1.0001932865835113
80	70	1.0001791697593787
90	70	1.000115708286146
100	70	1.0001035712934778
110	70	1.0001531633792702
120	70	1.0002103546268821
130	70	1.0002478503006302
140	70	1.0002424340240545
150	70	1.0001902648748466
160	70	1.0003833534197466
170	70	1.0004328912064728
180	70	1.000485613050704
190	70	1.0006019588606327
200	70	1.0005714171369238
210	70	1.0007122035319918
220	70	1.000913585759194
230	70	1.000965432286991
240	70	1.001138004434825
250	70	1.0013231484987526
260	70	1.0015410314611248
270	70	1.0017607856396729
280	70	1.0020450057997117
290	70	1.0023538063223512
300	70	1.0027176209309574
310	70	1.0031352239859523
320	70	1.0036165964036843
330	70	1.004174924951261
340	70	1.0048216032908064
350	70	1.0055618426662691
360	70	1.0064254290779029
370	70	1.0074132840901904
380	70	1.0085601298259754
390	70	1.0098846890478173
400	70	1.0114170544593526
410	70	1.0131871402605295
420	70	1.0152371302276435
430	70	1.017609309993428
440	70	1.0203576031811221
450	70	1.023542518837197
460	70	1.027237330460559
470	70	1.0315245518446678
480	70	1.0365059473597877
490	70	1.042299458931309
500	70	1.0490465239929314
510	70	1.0569153104427573
520	70	1.0661084798686553
530	70	1.0768683043441916
540	70	1.0894916972318405
550	70	1.1043393410588622
560	70	1.1218555555276337
570	70	1.1425898958473055
580	70	1.167230374164251
590	70	1.1966444111267687
600	70	1.2319358554986148
610	70	1.2745215563234933
620	70	1.3262371238484287
630	70	1.3894749560622364
640	70	1.467362643434856
650	70	1.563968727833829
660	70	1.6844752729617751
670	70	1.8351130818460035
680	70	2.022288846782596
690	70	2.249553399759406
700	70	2.5097942748402335
710	70	2.765772709224768
720	70	2.885976087443467
730	70	2.518306683261027
740	70	1.3057462717982815
750	70	-0.32220004209164027
760	70	-1.3260479483988377
770	70	-1.3474386612111386
780	70	-0.9182002120121047
790	70	-0.5510941004133919
0	71	1.0002293781401066
10	71	1.0001124396998495
20	71	1.0000118536579308
30	71	1.00028385473627
40	71	0.9999925975502915
50	71	1.0000724764808269
60	71	1.0000859365739816
70	71	0.9999655650427296
80	71	1.000256843015346
90	71	1.0000566902847658
100	71	1.0002771473598742
110	71	1.0002736664516232
120	71	1.0003075870914009
130	71	1.0002480484830107
140	71	1.0003022990904653
150	71	1.000363208733811
160	71	1.0004721287786678
170	71	1.0004829499082826
180	71	1.0006446859425133
190	71	1.0005507576023938
200	71	1.0007817175607758
210	71	1.000904201398535
220	71	1.0009921550546264
230	71	1.0011646127736755
240	71	1.0013362226589495
250	71	1.0015304583929638
260	71	1.001752408908678
270	71	1.002032451661508
280	71	1.0023418176974304
290	71	1.0026943973649038
300	71	1.0031126445071943
310	71	1.0035798267955223
320	71	1.0041231351476696
330	71	1.0047454937155158
340	71	1.0054684892261057
350	71	1.006295940948065
360	71	1.0072562773606746
370	71	1.0083593650302074
380	71	1.009635372947717
390	71	1.011106313175176
400	71	1.0128041477645235
410	71	1.0147629446832198
420	71	1.0170252260294717
430	71	1.019640426770219
440	71	1.0226661929671854
450	71	1.0261654454859666
460	71	1.0302194529965438
470	71	1.034915651616383
480	71	1.0403658998900307
490	71	1.0466966892308145
500	71	1.0540606751486337
510	71	1.0626405949144522
520	71	1.0726534379207027
530	71	1.0843649453238307
540	71	1.0980938692165758
550	71	1.1142337035086978
560	71	1.1332661625457827
570	71	1.1557915827263907
580	71	1.1825596738427429
590	71	1.2145181378160788
600	71	1.252873688892318
610	71	1.2991760658519071
620	71	1.3554291273007422
630	71	1.424234660462057
640	71	1.5089656036846577
650	71	1.6139369165831858
660	71	1.7444639845936702
670	71	1.9064841225752527
680	71	2.104920252821589
690	71	2.3390168251649746
700	71	2.5911285927860006
710	71	2.7966370856790888
720	71	2.757426190802606
730	71	2.0902248041250613
740	71	0.6813612372304683
750	71	-0.751792397713695
760	71	-1.3646084259037696
770	71	-1.1788167108134244
780	71	-0.7681209775149057
790	71	-0.4719027899393484
0	72	1.000199726842429
10	72	0.9999819598979243
20	72	0.9998162235279282
30	72	0.9999623761786298
40	72	1.000040092325913
50	72	1.0001445175201498
60	72	1.0000423652622263
70	72	1.0001244082008958
80	72	1.0001052273845983
90	72	1.0000511947539306
100	72	1.000212743983924
110	72	1.0002447062031468
120	72	1.000338149632734
130	72	1.0003411198080743
140	72	1.000393684148473
150	72	1.000439521487707
160	72	1.0004893001174928
170	72	1.0006339622028606
180	72	1.0006040109337089
190	72	1.0007585005467756
200	72	1.0009211876799193
210	72	1.0009902578180598
220	72	1.0011785605337733
230	72	1.0013374906954944
240	72	1.001520068515851
250	72	1.0017657797448574
260	72	1.0020207750832828
270	72	1.002332536509199
280	72	1.002679155534698
290	72	1.0030815286995243
300	72	1.003534913340759
310	72	1.0040662530406645
320	72	1.00467181304851
330	72	1.005373430998514
340	72	1.006182728925633
350	72	1.0071081856344524
360	72	1.0081734298837548
370	72	1.0093993840817637
380	72	1.01081273443957
390	72	1.0124410267938713
400	72	1.0143163334347391
410	72	1.0164771416010314
420	72	1.01896901758223
430	72	1.0218463426103621
440	72	1.0251662019390482
450	72	1.0290027313812589
460	72	1.033440428849199
470	72	1.0385759225436249
480	72	1.044527194809064
490	72	1.0514316926305227
500	72	1.0594545351128215
510	72	1.0687928188730667
520	72	1.0796821683134303
530	72	1.0924086977352292
540	72	1.1073198227896213
550	72	1.1248407304861132
560	72	1.1454971197529582
570	72	1.1699416176798558
580	72	1.1989920225753052
590	72	1.2336827310423049
600	72	1.275331301264647
610	72	1.3256280569934753
620	72	1.3867524593566476
630	72	1.4615163631150814
640	72	1.55351938568206
650	72	1.667254763414636
660	72	1.8079844655621444
670	72	1.9808974787959261
680	72	2.1884260021502615
690	72	2.423446373390681
700	72	2.653127079818249
710	72	2.7742659892915085
720	72	2.5239815980660487
730	72	1.574099366893577
740	72	0.11009357002539413
750	72	-1.029153642974944
760	72	-1.3074054982905978
770	72	-1.0112768474050822
780	72	-0.6477278226398894
790	72	-0.410591328701964
0	73	0.9999281232705381
10	73	1.0000562616419604
20	73	0.9997480067941941
30	73	1.0002095952027559
40	73	0.9999135920324346
50	73	1.0000999360731138
60	73	1.0000934747462291
70	73	1.0002029149619176
80	73	1.0002440456686603
90	73	1.000318475920246
100	73	1.0002460967168676
110	73	1.000296241778617
120	73	1.0003440064593712
130	73	1.0004054112307725
140	73	1.0004154492669928
150	73	1.000553022437957
160	73	1.0005764834267536
170	73	1.0006246356868922
180	73	1.000784889921357
190	73	1.0009033949581796
200	73	1.0009784668009765
210	73	1.00115888731426
220	73	1.0013465846136143
230	73	1.0015305969245571
240	73	1.0017572650413114
250	73	1.0020082552762908
260	73	1.002314249561124
270	73	1.0026483195178608
280	73	1.003051598786519
290	73	1.003506022737719
300	73	1.0040195793490427
310	73	1.0046085754368244
320	73	1.005289325385313
330	73	1.0060697462413635
340	73	1.006969663588881
350	73	1.0079965617053133
360	73	1.009177438637467
370	73	1.0105358856547193
380	73	1.0121009268145937
390	73	1.0138963748382168
400	73	1.0159628295835261
410	73	1.0183409856120145
420	73	1.0210798275177904
430	73	1.0242342707473961
440	73	1.0278706955018673
450	73	1.0320678530451606
460	73	1.036915675183373
470	73	1.04251871404757
480	73	1.0490043051294604
490	73	1.0565221265702158
500	73	1.0652480079024105
510	73	1.0753954622892397
520	73	1.08721983754177
530	73	1.1010302652102648
540	73	1.1172037045089118
550	73	1.1362019072043694
560	73	1.1585961260145792
570	73	1.1850964588906296
580	73	1.2165946789100814
590	73	1.2542177514379345
600	73	1.2994015986213328
610	73	1.3539840404894092
620	73	1.4203233677136033
630	73	1.501433047053331
640	73	1.6011003511148154
650	73	1.723884323475141
660	73	1.8747121900767616
670	73	2.0573830438893514
680	73	2.270493690778009
690	73	2.4978171444665733
700	73	2.6849892581372328
710	73	2.680524354315897
720	73	2.184474277526704
730	73	1.0182007581500385
740	73	-0.36120748197167724
750	73	-1.1680265275100556
760	73	-1.1946732675709537
770	73	-0.8602883617849348
780	73	-0.5526023181027787
790	73	-0.36253053880029484
0	74	1.0000572047790663
10	74	1.0000927700349482
20	74	0.9998026466987725
30	74	1.0003253141263069
40	74	1.0001663666234315
50	74	1.0000782505964285
60	74	1.0000805967178892
70	74	1.0001953424203232
80	74	1.0001006468319762
90	74	1.0002961169817284
100	74	1.0002803874787554
110	74	1.000387713415473
120	74	1.0003662086219856
130	74	1.0003867203148282
140	74	1.000577120949552
150	74	1.0005377905462212
160	74	1.0006182382370388
170	74	1.0008091226300808
180	74	1.0009123773144464
190	74	1.000981903360475
200	74	1.0011739637476944
210	74	1.0013524321935086
220	74	1.001531764364419
230	74	1.0017602226066054
240	74	1.0020093750074615
250	74	1.00230387193055
260	74	1.0026459586588279
270	74	1.0030214322117184
280	74	1.0034657201135773
290	74	1.0039684977404142
300	74	1.0045468135669342
310	74	1.0052047728641476
320	74	1.005962479546639
330	74	1.0068343138434486
340	74	1.0078268494817715
350	74	1.0089683074894953
360	74	1.0102744396031123
370	74	1.0117756592731988
380	74	1.0135002774687043
390	74	1.01547839935376
400	74	1.0177494288322484
410	74	1.0203603591053665
420	74	1.0233607994752467
430	74	1.026814831022827
440	74	1.030790530139229
450	74	1.0353728239018074
460	74	1.0406573254591265
470	74	1.0467599827539291
480	74	1.0538159226120234
490	74	1.0619865673935194
500	74	1.0714614798769866
510	74	1.0824721353512903
520	74	1.0952936089811207
530	74	1.1102610944990345
540	74	1.1277828437530935
550	74	1.148360634190181
560	74	1.1726141272300945
570	74	1.2013166436976104
580	74	1.2354383803093267
590	74	1.2762062862808259
600	74	1.3251802797521943
610	74	1.3843504997312517
620	74	1.4562512347843444
630	74	1.5440758881101624
640	74	1.6517314420405929
650	74	1.783668893471518
660	74	1.9440750033898275
670	74	2.1344840147429816
680	74	2.347896121349931
690	74	2.5553526992574533
700	74	2.6733115838161003
710	74	2.500738531976373
720	74	1.7558111764593423
730	74	0.47631263492455295
740	74	-0.7078515073313715
750	74	-1.1968956304735705
760	74	-1.0587443915638677
770	74	-0.7318159773068637
780	74	-0.4776656448010593
790	74	-0.32436239069947825
0	75	1.0000258205051864
10	75	1.0000566352157434
20	75	0.99999496977598
30	75	1.0000547569914817
40	75	1.0000949977478955
50	75	1.0002438603231687
60	75	1.0001364864274511
70	75	1.0002461405262808
80	75	1.0003129864841627
90	75	1.000329729300274
100	75	1.0003194204181678
110	75	1.000402747363763
120	75	1.0003763084096142
130	75	1.000572021020709
140	75	1.0005716387802137
150	75	1.0006379060864612
160	75	1.0008356599027581
170	75	1.0008556052219955
180	75	1.0010102612907408
190	75	1.0011704702009498
200	75	1.0013290351289423
210	75	1.0015404225615792
220	75	1.0017566128968602
230	75	1.002006858730965
240	75	1.0023008321035791
250	75	1.0026190974951352
260	75	1.0029996543904438
270	75	1.0034323100989586
280	75	1.003919193911614
290	75	1.0044864907511863
300	75	1.0051284304521948
310	75	1.0058589777808444
320	75	1.0067027280884413
330	75	1.0076667581983232
340	75	1.008766881070708
350	75	1.0100255986239024
360	75	1.0114712420904173
370	75	1.013125960952408
380	75	1.0150220287052458
390	75	1.0171924956775813
400	75	1.01968435904341
410	75	1.0225439273526986
420	75	1.025826460609628
430	75	1.029598791814844
440	75	1.0339361548833201
450	75	1.0389294988254598
460	75	1.0446811349080494
470	75	1.051314904561989
480	75	1.0589784357142422
490	75	1.0678436247700487
500	75	1.078118152958401
510	75	1.0900480299590267
520	75	1.1039327691925438
530	75	1.1201350898297218
540	75	1.1390970224565429
550	75	1.1613624312879753
560	75	1.1876051258739484
570	75	1.2186653716428777
580	75	1.2555975263385604
590	75	1.2997342067991235
600	75	1.3527643428632539
610	75	1.4168306301801177
620	75	1.4946320446932313
630	75	1.5895013359443129
640	75	1.7053572275345488
650	75	1.84628622213401
660	75	2.0151697016186314
670	75	2.210116384923408
680	75	2.4162539038029482
690	75	2.5872253532513456
700	75	2.6034191798537965
710	75	2.229252279983772
720	75	1.2713015745992378
730	75	-0.00404741318247042
740	75	-0.9272875251836284
750	75	-1.1496488623619057
760	75	-0.9216324847075774
770	75	-0.6260389885650092
780	75	-0.41838285608984316
790	75	-0.29366733434643155
0	76	0.9999919699988031
10	76	1.0001192255673599
20	76	0.9997145904369615
30	76	1.000157888913515
40	76	1.0001177074492207
50	76	1.000147003105516
60	76	1.0001861843189388
70	76	1.0002770952213433
80	76	1.0002305555361508
90	76	1.0003178295757742
100	76	1.0004133640200712
110	76	1.0004698681380326
120	76	1.0005270438060128
130	76	1.0005031990749842
140	76	1.0006496958913624
150	76	1.000853083806717
160	76	1.0008848432483874
170	76	1.0010395285926466
180	76	1.001145929103818
190	76	1.0013365349550223
200	76	1.001528978212999
210	76	1.0017412409002495
220	76	1.0020000915910614
230	76	1.002280554779268
240	76	1.0026117633074965
250	76	1.0029781984528328
260	76	1.0034002508159234
270	76	1.0038715516068972
280	76	1.0044211129226306
290	76	1.0050473195030203
300	76	1.0057653060420844
310	76	1.0065826999033571
320	76	1.007511412745511
330	76	1.0085750915032627
340	76	1.0097914794872749
350	76	1.0111832467992279
360	76	1.0127730686784393
370	76	1.0145920064983356
380	76	1.0166718165403568
390	76	1.0190518309883143
400	76	1.0217789402180089
410	76	1.0249043149781252
420	76	1.0284865122400588
430	76	1.0325983456888774
440	76	1.0373206327617637
450	76	1.0427499838943295
460	76	1.0489989479104216
470	76	1.05619968010458
480	76	1.06451006646399
490	76	1.0741156407280381
500	76	1.085239641509966
510	76	1.0981500265212512
520	76	1.113168426238895
530	76	1.1306879734904327
540	76	1.1511871557923983
550	76	1.1752562402198807
560	76	1.203626432756493
570	76	1.2372093855479456
580	76	1.2771496608202655
590	76	1.3248893986019314
600	76	1.382249696417546
610	76	1.4515197139641969
620	76	1.5355397293058284
630	76	1.6377140927010736
640	76	1.761811198936605
650	76	1.911189187878922
660	76	2.0866604583595594
670	76	2.2814052349431995
680	76	2.469779877085357
690	76	2.5826073808274046
700	76	2.4622719719621107
710	76	1.8737121566999506
720	76	0.7738871812959704
730	76	-0.39016046932838877
740	76	-1.034232748633864
750	76	-1.058049577798346
760	76	-0.7957832208332247
770	76	-0.5403738191926785
780	76	-0.37111357560977665
790	76	-0.268686489389843
0	77	1.0000731618488887
10	77	1.0000731132691545
20	77	0.9998405092258377
30	77	1.0001416365065188
40	77	1.000174385229168
50	77	1.0002681150276844
60	77	1.0002413258070215
70	77	1.0002460261418433
80	77	1.000302455727675
90	77	1.0004905255127818
100	77	1.0004843421100955
110	77	1.0005514136184155
120	77	1.0005465443842687
130	77	1.000727000594766
140	77	1.0008377667176829
150	77	1.0008613963863864
160	77	1.0010423835022997
170	77	1.0011702489063068
180	77	1.0013603729113278
190	77	1.0015413788951288
200	77	1.0017582883589657
210	77	1.0019940843309305
220	77	1.002265166538246
230	77	1.0025867168487255
240	77	1.002948417963504
250	77	1.0033638033067553
260	77	1.0038287063243918
270	77	1.004373487401576
280	77	1.0049749867448325
290	77	1.0056731948232598
300	77	1.0064671066436575
310	77	1.0073663178879306
320	77	1.008400173994009
330	77	1.0095702892377485
340	77	1.010910684657628
350	77	1.012438874146798
360	77	1.0141841916712109
370	77	1.0161792902600781
380	77	1.01845634096454
390	77	1.0210587156519944
400	77	1.0240380129281335
410	77	1.0274452081818184
420	77	1.0313495289643915
430	77	1.035823070556227
440	77	1.0409553142885068
450	77	1.0468501290779366
460	77	1.053627873044695
470	77	1.0614314032229404
480	77	1.070429389663814
490	77	1.0808231183407493
500	77	1.0928527319249608
510	77	1.1068065015519237
520	77	1.1230331802996807
530	77	1.1419576271803917
540	77	1.1640978688632169
550	77	1.1900936602456849
560	77	1.220737850930393
570	77	1.2570184724193414
580	77	1.3001742670412024
590	77	1.3517605961342452
600	77	1.413727937223039
610	77	1.4884992396854837
620	77	1.5790136254105107
630	77	1.6886442734084417
640	77	1.8207740785179394
650	77	1.9775325625533724
660	77	2.1566590265525494
670	77	2.344500241137638
680	77	2.501082068073427
690	77	2.529485790947823
700	77	2.242510886669901
710	77	1.455908863334261
720	77	0.30688616462138024
730	77	-0.6676092151125065
740	77	-1.053449274887993
750	77	-0.947254621219888
760	77	-0.6864864485948127
770	77	-0.47139448408842854
780	77	-0.333069132187349
790	77	-0.248123234512505
0	78	1.0000706604082954
10	78	1.0000841134532779
20	78	0.9997424275123791
30	78	1.0001636891902208
40	78	1.0002163992043696
50	78	1.0002544773306457
60	78	1.0002954401641424
70	78	1.0003640477648692
80	78	1.0003775943972588
90	78	1.0005178136239918
100	78	1.0005114794397585
110	78	1.000554824672529
120	78	1.0007165013280042
130	78	1.0008087941166348
140	78	1.0008646739652942
150	78	1.0010678722609512
160	78	1.0011668049891163
170	78	1.0013237464882887
180	78	1.0015398976865615
190	78	1.0017303835575155
200	78	1.0019985919361556
210	78	1.00226680583001
220	78	1.0025702951069781
230	78	1.0029334040778273
240	78	1.0033363135376663
250	78	1.0037876836147652
260	78	1.0043144464552465
270	78	1.0049099257831688
280	78	1.0055821590785412
290	78	1.0063547298157918
300	78	1.007227110116498
310	78	1.0082248591388518
320	78	1.009357162488579
330	78	1.0106516572970106
340	78	1.012120830174523
350	78	1.0138018592703244
360	78	1.015713895052742
370	78	1.01789368492171
380	78	1.0203841288976518
390	78	1.0232251280088538
400	78	1.0264705864999477
410	78	1.0301811990810972
420	78	1.0344254416586762
430	78	1.0392840288643734
440	78	1.0448533382970102
450	78	1.0512435545727736
460	78	1.0585831036949847
470	78	1.0670273539008694
480	78	1.0767567320137639
490	78	1.0879892713662611
500	78	1.1009816977883804
510	78	1.116047251449356
520	78	1.1335616805562825
530	78	1.1539841250526879
540	78	1.1778756898006337
550	78	1.2059289847823298
560	78	1.2390025954425632
570	78	1.2781650992018438
580	78	1.3247527265215868
590	78	1.3804341409349343
600	78	1.447282457661213
610	78	1.5278280900390087
620	78	1.6250432760992635
630	78	1.7421177783672501
640	78	1.8817213296576447
650	78	2.0440846550229224
660	78	2.2225882530958234
670	78	2.3943898568685573
680	78	2.501200323307035
690	78	2.416569100509455
700	78	1.9462938573238013
710	78	1.008424795073028
720	78	-0.09451320270036874
730	78	-0.8389646507666207
740	78	-1.0125728181055866
750	78	-0.8343926857606487
760	78	-0.594579219935235
770	78	-0.41580385434902867
780	78	-0.30214770173941086
790	78	-0.2310085350357626
0	79	1.0001981666936315
10	79	1.0000864671960046
20	79	0.9996936300236768
30	79	1.0001900146602283
40	79	1.000319509380034
50	79	1.00027609844495
60	79	1.0003458363485076
70	79	1.0003353892029858
80	79	1.0004791538747924
90	79	1.000511624539071
100	79	1.0005122306374818
110	79	1.0007822794410672
120	79	1.000824181754418
130	79	1.000898033514636
140	79	1.0010326527584703
150	79	1.0011785547267946
160	79	1.0013279063179894
170	79	1.0015178464100756
180	79	1.0017301185513143
190	79	1.0019874467483187
200	79	1.0022423793751245
210	79	1.0025471179144416
220	79	1.0029017110528025
230	79	1.0032990168759384
240	79	1.0037493958931096
250	79	1.004265917982702
260	79	1.0048424899162955
270	79	1.0054974138100834
280	79	1.0062452457481992
290	79	1.0070953586690152
300	79	1.0080614005743522
310	79	1.0091564905763104
320	79	1.0104037495181795
330	79	1.0118239140231657
340	79	1.01343511167673
350	79	1.0152738045904006
360	79	1.0173641664185042
370	79	1.0197452450889533
380	79	1.0224611737010874
390	79	1.0255567354162525
400	79	1.0290875538068367
410	79	1.0331194999245545
420	79	1.0377257503495156
430	79	1.042995101713125
440	79	1.0490281779207364
450	79	1.0559434163031398
460	79	1.0638813716879107
470	79	1.073006412715458
480	79	1.0835140759309658
490	79	1.0956373150733565
500	79	1.1096556745546704
510	79	1.1259041741548446
520	79	1.144790360491767
530	79	1.1668097548182306
540	79	1.1925699781028378
550	79	1.2228196046947384
560	79	1.2584864580811472
570	79	1.3007235396637387
580	79	1.350965813159471
590	79	1.4109920130598255
600	79	1.482981759551293
610	79	1.5695313975583685
620	79	1.6735467922177807
630	79	1.7978188867830662
640	79	1.9438580659748084
650	79	2.1091243063993788
660	79	2.2810347734544485
670	79	2.424768263919364
680	79	2.4601462588117466
690	79	2.2361849017886466
700	79	1.5872092400221653
710	79	0.568174239028118
720	79	-0.40862380047487656
730	79	-0.9191837642260413
740	79	-0.9366851969085385
750	79	-0.7293519583773267
760	79	-0.5186269347137381
770	79	-0.37079779945433644
780	79	-0.27676665120707017
790	79	-0.2166098039274136
0	80	1.0002534262976819
10	80	1.0001145752699383
20	80	0.9995377002602999
30	80	1.000253381806111
40	80	1.000296604082663
50	80	1.0003274357187706
60	80	1.00036387217068
70	80	1.0005039573461283
80	80	1.0004163400271724
90	80	1.0006183402083573
100	80	1.0007854576119954
110	80	1.0007667624500178
120	80	1.000888291700817
130	80	1.0010233938088149
140	80	1.0011609493604154
150	80	1.0013534533925594
160	80	1.0015325624537135
170	80	1.0017282457579433
180	80	1.0019671731869608
190	80	1.0022230730736343
200	80	1.0025312023563024
210	80	1.002886700225789
220	80	1.0032674660736438
230	80	1.0037066014060172
240	80	1.0042090223478577
250	80	1.0047716713941628
260	80	1.0054156982102798
270	80	1.006136870896838
280	80	1.0069738900503502
290	80	1.0079028343868217
300	80	1.0089648896527488
310	80	1.01016985731238
320	80	1.011539493619961
330	80	1.013094367779404
340	80	1.0148591846498638
350	80	1.0168638333718905
360	80	1.0191474364615505
370	80	1.021742372149531
380	80	1.0246968596107362
390	80	1.0280618722245216
400	80	1.0318964285885133
410	80	1.0362699091505905
420	80	1.0412629370615918
430	80	1.046968010946689
440	80	1.053493155793546
450	80	1.0609671505907095
460	80	1.0695399360041424
470	80	1.0793881219027903
480	80	1.090722619589927
490	80	1.1037939443115496
500	80	1.118902797575945
510	80	1.1364109666466344
520	80	1.156758247045972
530	80	1.180479986907629
540	80	1.2082327969226407
550	80	1.2408251913085167
560	80	1.2792573294140428
570	80	1.3247687758023423
580	80	1.3788918717756453
590	80	1.4435064145832561
600	80	1.5212413229667352
610	80	1.613585366131128
620	80	1.724344234178503
630	80	1.8552430246384375
640	80	2.0070634591835472
650	80	2.1703258117039486
660	80	2.3276081964022635
670	80	2.4280714663053686
680	80	2.368202487455912
690	80	1.9874225586693177
700	80	1.1891378483717843
710	80	0.16909311664464294
720	80	-0.6286331954658577
730	80	-0.9297149991830486
740	80	-0.8453343650163918
750	80	-0.6366335873172678
760	80	-0.45634109955948965
770	80	-0.3341220397712484
780	80	-0.25572771929221727
790	80	-0.2043679404813046
0	81	1.0002584114932531
10	81	1.0002108739179254
20	81	0.9995173010108119
30	81	1.0003227667996042
40	81	1.000216416733643
50	81	1.000499303763654
60	81	1.0003975339882123
70	81	1.0004657285587801
80	81	1.0005763197453361
90	81	1.0006706864196995
100	81	1.000715105786692
110	81	1.0008930016991657
120	81	1.0009913847345924
130	81	1.0011605043331988
140	81	1.001341298519133
150	81	1.0015133919243582
160	81	1.0017133549603763
170	81	1.0019499320267942
180	81	1.0022116513771944
190	81	1.0025277528955496
200	81	1.0028569883447542
210	81	1.0032434089188889
220	81	1.003677005227987
230	81	1.0041583990222516
240	81	1.0047141881576305
250	81	1.0053374881889572
260	81	1.006046210092386
270	81	1.006848499510135
280	81	1.007753622957392
290	81	1.0087832086154005
300	81	1.0099461829317595
310	81	1.0112687216474805
320	81	1.0127674742267565
330	81	1.0144647812319278
340	81	1.0163913345873579
350	81	1.0185801841262327
360	81	1.0210665748594105
370	81	1.0238893609931128
380	81	1.027098104192484
390	81	1.0307515019891702
400	81	1.0349080733212013
410	81	1.0396452607538613
420	81	1.0450469885087657
430	81	1.0512135472606772
440	81	1.0582628131437424
450	81	1.0663305691251308
460	81	1.0755772806269743
470	81	1.0861939610119051
480	81	1.0984065873011215
490	81	1.1124851518703063
500	81	1.128753714837261
510	81	1.1476027355207843
520	81	1.169506128401617
530	81	1.1950419480673664
540	81	1.2249186441986504
550	81	1.2600077989979643
560	81	1.3013845268088298
570	81	1.3503748314217867
580	81	1.4086037025193339
590	81	1.4780349687736594
600	81	1.5609653507210925
610	81	1.659898246936335
620	81	1.777123444856531
630	81	1.9136394129042438
640	81	2.0666951041028105
650	81	2.224638625344368
660	81	2.35684934253433
670	81	2.395862065982014
680	81	2.218009568902437
690	81	1.6783133398911545
700	81	0.7821839353030718
710	81	-0.16373922266473817
720	81	-0.7605122728338001
730	81	-0.8930903849464721
740	81	-0.7518015837986975
750	81	-0.5573285304745802
760	81	-0.40534324812317396
770	81	-0.30400846374612883
780	81	-0.23811701458315668
790	81	-0.1938528624346508
0	82	1.0002977685885615
10	82	1.0002850946945459
20	82	0.9994150133271765
30	82	1.000317906707826
40	82	1.000438111774566
50	82	1.0003396653484171
60	82	1.0005381762762893
70	82	1.0006086035564425
80	82	1.000624169806661
90	82	1.0008373460138222
100	82	1.0008876442072816
110	82	1.0010002256490902
120	82	1.0011543970100654
130	82	1.0013060663913709
140	82	1.0015017006837603
150	82	1.0017249307408804
160	82	1.001941213453684
170	82	1.002200062995091
180	82	1.0024983867470907
190	82	1.0028282605279821
200	82	1.003211034881564
210	82	1.0036314080973345
220	82	1.0041092775261486
230	82	1.004648811516207
240	82	1.0052617536571817
250	82	1.0059496798170267
260	82	1.0067298994470137
270	82	1.007612881038594
280	82	1.0086070655291408
290	82	1.009735963693779
300	82	1.0110121669514358
310	82	1.0124547615901578
320	82	1.0140928999331977
330	82	1.0159465182614495
340	82	1.0180448655338052
350	82	1.0204262600764638
360	82	1.0231290976346927
370	82	1.0261944806875434
380	82	1.0296763160103786
390	82	1.0336318782936995
400	82	1.03813297557349
410	82	1.043255399718409
420	82	1.049091943405555
430	82	1.0557493824907815
440	82	1.0633529505020252
450	82	1.0720496241592232
460	82	1.0820125871998776
470	82	1.093444890079963
480	82	1.106590157187185
490	82	1.1217397687731356
500	82	1.1392418003987408
510	82	1.1595173819838565
520	82	1.1830776806251115
530	82	1.2105456342843146
540	82	1.2426844523884952
550	82	1.2804312707272518
560	82	1.3249374801804117
570	82	1.3776126490869018
580	82	1.4401643125463905
590	82	1.5146122498238173
600	82	1.6032274325440703
610	82	1.7076662100578839
620	82	1.8313977196318696
630	82	1.971942950372673
640	82	2.12370376989277
650	82	2.2681779285911436
660	82	2.3622668445662645
670	82	2.3197530654592935
680	82	2.007046340739889
690	82	1.3259554610929742
700	82	0.39698039470479607
710	82	-0.4171317499293493
720	82	-0.8188284820347194
730	82	-0.8291113494631989
740	82	-0.663874167221574
750	82	-0.49069824463950423
760	82	-0.36349805768418575
770	82	-0.27908243893914514
780	82	-0.22323251328592378
790	82	-0.18473133773239203
0	83	1.0003343654963104
10	83	1.000288989094343
20	83	0.999308821928825
30	83	1.000262882914789
40	83	1.0004506703590357
50	83	1.0004990895541466
60	83	1.0005162365715279
70	83	1.0006791690643728
80	83	1.0007406290179899
90	83	1.0008670389295307
100	83	1.0009861872876051
110	83	1.0011615480655878
120	83	1.0013030277486379
130	83	1.0015005455792878
140	83	1.0016866354040599
150	83	1.0019408163032457
160	83	1.0021873574863867
170	83	1.0024786046741758
180	83	1.0028153914995672
190	83	1.0031790052989722
200	83	1.003593648073485
210	83	1.0040666556971143
220	83	1.004588004730947
230	83	1.0051867464597128
240	83	1.0058615541028306
250	83	1.0066157006247285
260	83	1.0074723181651934
270	83	1.0084396064752723
280	83	1.00953513986963
290	83	1.0107667037973553
300	83	1.0121607081496928
310	83	1.013737249251307
320	83	1.0155197072227486
330	83	1.0175394603086816
340	83	1.019825612474501
350	83	1.022411704736996
360	83	1.0253429241326684
370	83	1.028665847453804
380	83	1.0324367846227573
390	83	1.036717060811457
400	83	1.0415806804988692
410	83	1.0471119024636248
420	83	1.0534092104312938
430	83	1.0605873653683484
440	83	1.0687800281234952
450	83	1.0781437030472278
460	83	1.0888653151553096
470	83	1.101163617143378
480	83	1.1153006723646508
490	83	1.1315875939643911
500	83	1.1504013350231508
510	83	1.1721946373952223
520	83	1.1975179688090214
530	83	1.2270429261751776
540	83	1.2615889641105136
550	83	1.3021605422176523
560	83	1.3503927317601216
570	83	1.4065471814352906
580	83	1.4736212317178683
590	83	1.5532399163284252
600	83	1.6475580271394488
610	83	1.7584386006002142
620	83	1.8864548312039564
630	83	2.028697109272812
640	83	2.174320866491537
650	83	2.2961587686613543
660	83	2.3366290504007132
670	83	2.1929386730205254
680	83	1.739698657671067
690	83	0.9542168586860482
700	83	0.05918475098943788
710	83	-0.5897179403527327
720	83	-0.8220291488137719
730	83	-0.752955115091812
740	83	-0.5852780910313307
750	83	-0.43522069097367283
760	83	-0.3290125856956065
770	83	-0.25827654240862735
780	83	-0.2105313762088933
790	83	-0.176743430299052
0	84	1.0003004664633695
10	84	1.0004403696872453
20	84	0.999163840155403
30	84	1.0004111831295501
40	84	1.000519838827089
50	84	1.0005723274057854
60	84	1.0006024525812451
70	84	1.0007594137018294
80	84	1.0008501949911874
90	84	1.0010183451766947
100	84	1.0011268493063497
110	84	1.0012877942185632
120	84	1.001482285131373
130	84	1.0016959181636027
140	84	1.0019066277047752
150	84	1.0021784414017483
160	84	1.0024540518469645
170	84	1.00278586309869
180	84	1.0031356818121522
190	84	1.003552008045373
200	84	1.0040179949220842
210	84	1.0045342233016776
220	84	1.005112815175562
230	84	1.005766582623052
240	84	1.0065075291108385
250	84	1.0073402695211064
260	84	1.00827366629015
270	84	1.009338664429435
280	84	1.0105309540988139
290	84	1.0118777506865566
300	84	1.013400557626105
310	84	1.015119121966865
320	84	1.0170598252409464
330	84	1.0192535238394111
340	84	1.0217343350759642
350	84	1.0245407982866976
360	84	1.0277156354073747
370	84	1.0313125730639747
380	84	1.0353891717697399
390	84	1.0400131080867365
400	84	1.0452621264417108
410	84	1.0512272673125593
420	84	1.0580131261040377
430	84	1.0657422410686914
440	84	1.074559015832766
450	84	1.0846316218118381
460	84	1.0961583053032777
470	84	1.1093759248115327
480	84	1.124564673569619
490	84	1.1420607324394034
500	84	1.1622688667005823
510	84	1.1856762789521025
520	84	1.2128757588555235
530	84	1.2445879980880699
540	84	1.2816921528522942
550	84	1.3252597334385436
560	84	1.3765889038095356
570	84	1.4372329153156638
580	84	1.5089992910966996
590	84	1.5938737681960027
600	84	1.6937685491489554
610	84	1.8098868334542628
620	84	1.9414506640619131
630	84	2.0819691156020848
640	84	2.2150775261462776
650	84	2.302933695228395
660	84	2.272648021343831
670	84	2.0121298455546666
680	84	1.4280130621597475
690	84	0.5896069903253223
700	84	-0.21430907615483946
710	84	-0.6894995704005086
720	84	-0.7884480590586547
730	84	-0.674895789238659
740	84	-0.5171335554040213
750	84	-0.38918242604697634
760	84	-0.3004295348490616
770	84	-0.2407602067204249
780	84	-0.19959126899112709
790	84	-0.16968503581562597
0	85	1.0004491566844826
10	85	1.0004087668192274
20	85	0.9989532326768951
30	85	1.0005058678874237
40	85	1.000585338915766
50	85	1.0006374295057028
60	85	1.0007418927211005
70	85	1.000848941575002
80	85	1.0009636017140149
90	85	1.0011115022081927
100	85	1.0012815753633977
110	85	1.0014723829699952
120	85	1.0016564431204742
130	85	1.0018816378593474
140	85	1.0021477043263598
150	85	1.002431211813403
160	85	1.0027501552355476
170	85	1.003104909161295
180	85	1.0035046142256165
190	85	1.0039640610476328
200	85	1.0044712287892912
210	85	1.0050359814270924
220	85	1.0056759578284078
230	85	1.0064051938544099
240	85	1.0072092031684041
250	85	1.0081229570665555
260	85	1.0091467074525955
270	85	1.0103068136259534
280	85	1.0116118248524053
290	85	1.0130825373299572
300	85	1.014735464465764
310	85	1.01660482578754
320	85	1.0187144833187813
330	85	1.0210942075689449
340	85	1.0237825472476438
350	85	1.0268208853873306
360	85	1.030256126474564
370	85	1.0341435081073793
380	85	1.0385439329599642
390	85	1.0435312218358375
400	85	1.049189725981221
410	85	1.055614442948706
420	85	1.0629172901812198
430	85	1.0712309139574163
440	85	1.0807092815948363
450	85	1.091532014365761
460	85	1.1039135553520634
470	85	1.1181062325194144
480	85	1.1344127130276993
490	85	1.153193045631034
500	85	1.1748827227008618
510	85	1.200006468869574
520	85	1.229200109989741
530	85	1.263236769710219
540	85	1.3030550500824232
550	85	1.3497916325624706
560	85	1.4048093899066814
570	85	1.4697087033631278
580	85	1.546290601066186
590	85	1.6364063070490893
600	85	1.7415541009533426
610	85	1.8619513182128402
620	85	1.994569926854336
630	85	2.129266456069553
640	85	2.2417351410249005
650	85	2.282223608546409
660	85	2.1641299641969995
670	85	1.7793719947780313
680	85	1.0905927618632916
690	85	0.25658337933555725
700	85	-0.41671402984854883
710	85	-0.7301833513508355
720	85	-0.7337053547232602
730	85	-0.6010262685478925
740	85	-0.45910674304998483
750	85	-0.35096452632156533
760	85	-0.2765826091652203
770	85	-0.22588495647161316
780	85	-0.19008170933724328
790	85	-0.16339484053303258
0	86	1.0005026377247512
10	86	1.0004995359160636
20	86	0.9987469552171291
30	86	1.0005861821101598
40	86	1.0006269585626444
50	86	1.000707889251752
60	86	1.0008163483058468
70	86	1.0009642512201489
80	86	1.0010866763378352
90	86	1.0012525213340235
100	86	1.0014367242130866
110	86	1.0016388552821152
120	86	1.001867579438728
130	86	1.0021254044357322
140	86	1.0024029033117927
150	86	1.0027122371003716
160	86	1.0030706085099648
170	86	1.0034613056408128
180	86	1.0039103960382978
190	86	1.0044079712189902
200	86	1.004967034470025
210	86	1.0055907081051934
220	86	1.0062948577377113
230	86	1.0070838847367307
240	86	1.0079709825079597
250	86	1.0089693684599759
260	86	1.0100938161061261
270	86	1.0113540913903243
280	86	1.0127755288133113
290	86	1.0143751341127916
300	86	1.0161746303776835
310	86	1.0182025931939838
320	86	1.0204902305161045
330	86	1.0230677640947101
340	86	1.0259769268793526
350	86	1.0292613306331395
360	86	1.0329715083894209
370	86	1.0371652555707753
380	86	1.0419107293753977
390	86	1.0472837167822766
400	86	1.0533743469000094
410	86	1.0602852297530678
420	86	1.06813722578161
430	86	1.0770699529221532
440	86	1.0872492329320698
450	86	1.0988681615486302
460	86	1.1121548792454474
470	86	1.1273827892556565
480	86	1.144874865916657
490	86	1.1650196051782657
500	86	1.1882838939867948
510	86	1.2152311716321418
520	86	1.2465431182476372
530	86	1.2830458038921806
540	86	1.3257370373133812
550	86	1.3758146989713702
560	86	1.4339636832792353
570	86	1.5039904403624194
580	86	1.5854423443664685
590	86	1.6806461041899299
600	86	1.7904582395150643
610	86	1.9136915084745203
620	86	2.0444965444077092
630	86	2.1674656776577907
640	86	2.2493226943105653
650	86	2.2276439647242596
660	86	2.007490206994775
670	86	1.5030509832216503
680	86	0.7497730905928949
690	86	-0.026344217308220688
700	86	-0.5503880571722658
710	86	-0.7274939241622803
720	86	-0.6695763680434123
730	86	-0.5343703817313469
740	86	-0.4101831030160662
750	86	-0.31915300437249083
760	86	-0.25654468867668806
770	86	-0.21314252725991956
780	86	-0.18174258343335412
790	86	-0.15774450336828333
0	87	1.0005154557421017
10	87	1.0005692227692478
20	87	0.9985505648098497
30	87	1.0006675237686466
40	87	1.0007126988668738
50	87	1.0008104186077775
60	87	1.000943133005233
70	87	1.0010525865115714
80	87	1.0012166437111703
90	87	1.0014158033664153
100	87	1.0016177058167137
110	87	1.001832496288348
120	87	1.0020874769812096
130	87	1.0023735922707775
140	87	1.0026797840505557
150	87	1.0030379887005705
160	87	1.0034214359999576
170	87	1.0038636228449613
180	87	1.0043458465943051
190	87	1.0048924072041419
200	87	1.0055025055165008
210	87	1.006194558348283
220	87	1.006962352361367
230	87	1.0078282150487612
240	87	1.008796151168373
250	87	1.0098831349548287
260	87	1.0111087654326891
270	87	1.0124800239545242
280	87	1.0140266768401691
290	87	1.015760367854428
300	87	1.0177170183229587
310	87	1.0199160461541434
320	87	1.0223907086881858
330	87	1.0251795944669315
340	87	1.0283244267070528
350	87	1.031868688852125
360	87	1.0358701322432728
370	87	1.040389880318165
380	87	1.0455003565215097
390	87	1.0512808072492055
400	87	1.0578292500937803
410	87	1.0652551187510182
420	87	1.0736875260958523
430	87	1.083276459867073
440	87	1.0941980574831818
450	87	1.1066602228245948
460	87	1.1209083328776392
470	87	1.1372341441458982
480	87	1.1559850929327689
490	87	1.17757838580812
500	87	1.2025147208627252
510	87	1.2313983463866083
520	87	1.2649577607552376
530	87	1.30407227693298
540	87	1.3497963176812042
550	87	1.4026543569206558
560	87	1.4662700327822573
570	87	1.5400618481773947
580	87	1.6263409386117775
590	87	1.7262913624105545
600	87	1.8398311909251002
610	87	1.9638446616850154
620	87	2.0887986525523647
630	87	2.192776816526579
640	87	2.2323258575347786
650	87	2.1335915219660526
660	87	1.8032956680193803
670	87	1.197535410312828
680	87	0.42786054493002657
690	87	-0.24877893719347058
700	87	-0.6243201668808129
710	87	-0.6962997724049874
720	87	-0.603994659159089
730	87	-0.4759617747382349
740	87	-0.36912244066415273
750	87	-0.29256129398122743
760	87	-0.23958047609310698
770	87	-0.20213288338456756
780	87	-0.17436802028731796
790	87	-0.15263124513321377
0	88	1.0006168706383498
10	88	1.0006223669785697
20	88	0.9982638410580434
30	88	1.000752138568909
40	88	1.0008195419133268
50	88	1.000910316269987
60	88	1.0010448306174118
70	88	1.0011973762872257
80	88	1.0013852493547082
90	88	1.0015770774321524
100	88	1.0018041624427303
110	88	1.0020598330383037
120	88	1.002333366926884
130	88	1.0026351691963806
140	88	1.002981816739869
150	88	1.0033676302741616
160	88	1.00380517523486
170	88	1.004280886248175
180	88	1.0048142002807514
190	88	1.0054211028951245
200	88	1.0060893107129198
210	88	1.0068397394553994
220	88	1.0076864117108781
230	88	1.008630490628435
240	88	1.0096853352735133
250	88	1.0108696153114254
260	88	1.0122009965277028
270	88	1.013694069803688
280	88	1.0153704449771432
290	88	1.0172524261768434
300	88	1.01936923674814
310	88	1.021749957065153
320	88	1.0244241525356184
330	88	1.0274373058685144
340	88	1.0308283884303386
350	88	1.0346514463171796
360	88	1.0389620467307523
370	88	1.0438261218824922
380	88	1.0493216391478144
390	88	1.0555346081599741
400	88	1.0625674888539545
410	88	1.070539149962674
420	88	1.0795857018954607
430	88	1.0898689603007985
440	88	1.1015770309376975
450	88	1.1149334693967934
460	88	1.1302003081161947
470	88	1.1476904342532466
480	88	1.1677774944455521
490	88	1.1909085427887904
500	88	1.2176200651680353
510	88	1.2485573396905518
520	88	1.2844977307801797
530	88	1.3263719709447779
540	88	1.3745637740082575
550	88	1.432528053678476
560	88	1.499549259434136
570	88	1.577862845396142
580	88	1.6687923827489886
590	88	1.7728979011716535
600	88	1.8887822749655492
610	88	2.0107627255864498
620	88	2.124642117663829
630	88	2.200779593608311
640	88	2.1851046402592664
650	88	1.996443157600553
660	88	1.5573208599169215
670	88	0.8813430284342123
680	88	0.14351939703775737
690	88	-0.4086149093012314
700	88	-0.6510441837741651
710	88	-0.6489052252137979
720	88	-0.541702249994053
730	88	-0.42568861657042406
740	88	-0.3346956525275036
750	88	-0.27021467966924717
760	88	-0.2251067610356045
770	88	-0.1925398127219088
780	88	-0.16779409801454925
790	88	-0.14797224681104068
0	89	1.0007149650815408
10	89	1.0007319366740877
20	89	0.9979796344173494
30	89	1.0008376267454988
40	89	1.0009332773040982
50	89	1.0010375010362798
60	89	1.0011781116838019
70	89	1.0013498407180959
80	89	1.0015561585666806
90	89	1.0017608179131936
100	89	1.00201239404236
110	89	1.002285353903475
120	89	1.0025932584485553
130	89	1.002938008865382
140	89	1.0033135724617785
150	89	1.0037467102839461
160	89	1.004214968994791
170	89	1.0047439985321462
180	89	1.0053321303071399
190	89	1.0059873581773342
200	89	1.0067250906675
210	89	1.0075415145526085
220	89	1.0084640462187404
230	89	1.0094906154514178
240	89	1.0106407806292033
250	89	1.0119327171205432
260	89	1.013377543573753
270	89	1.014995131844563
280	89	1.016814889366196
290	89	1.0188530468065213
300	89	1.021140628660474
310	89	1.023712640882521
320	89	1.0265994382168848
330	89	1.029849359938831
340	89	1.03350314133205
350	89	1.0376185960719853
360	89	1.0422558686465875
370	89	1.047484745779856
380	89	1.0533867071182312
390	89	1.0600569880487762
400	89	1.0676029651234724
410	89	1.076151253879165
420	89	1.0858485376861302
430	89	1.0968672263449204
440	89	1.1094089743438285
450	89	1.12371219213902
460	89	1.140058659320492
470	89	1.1587844525852087
480	89	1.180289201428283
490	89	1.205051479717704
500	89	1.2336451886775879
510	89	1.2667589949992828
520	89	1.305216760710785
530	89	1.3492806227226128
540	89	1.4022502050998518
550	89	1.4632824152349995
560	89	1.5345062742092388
570	89	1.6172740158279104
580	89	1.7124974002364024
590	89	1.8198416519833753
600	89	1.936126080943643
610	89	2.052350806778402
620	89	2.1486092189549497
630	89	2.1865822768633603
640	89	2.1025945298555437
650	89	1.8158467127199667
660	89	1.2806267596534757
670	89	0.5742545668913484
680	89	-0.09075308003432041
690	89	-0.5105870596254524
700	89	-0.6438337917909943
710	89	-0.5944377203208133
720	89	-0.4851154155435113
730	89	-0.3828671537974455
740	89	-0.3057904435272385
750	89	-0.25132156742319006
760	89	-0.21266031790360637
770	89	-0.1841122080462223
780	89	-0.1618895618287946
790	89	-0.14370031364362876
0	90	1.0008042304215432
10	90	1.0008358064086416
20	90	0.9976342983821193
30	90	1.0009169878132407
40	90	1.001035589450198
50	90	1.0011603864375298
60	90	1.0013436125951414
70	90	1.0015154463134286
80	90	1.0017382798258432
90	90	1.0019824394778905
100	90	1.0022342636465325
110	90	1.002550100612607
120	90	1.0028910930119308
130	90	1.003264723390041
140	90	1.003682821644726
150	90	1.0041447145206943
160	90	1.0046636760250405
170	90	1.0052424933108248
180	90	1.0058866695586854
190	90	1.0066047216420961
200	90	1.0074075389525659
210	90	1.0083016374243685
220	90	1.0093011124991829
230	90	1.0104227129224643
240	90	1.0116720904636525
250	90	1.0130724744360762
260	90	1.0146397067110091
270	90	1.0163928450895634
280	90	1.0183614614649568
290	90	1.0205639279125882
300	90	1.0230342677271138
310	90	1.0258068344415303
320	90	1.0289218411896845
330	90	1.03241957119014
340	90	1.036353611385745
350	90	1.0407783836336324
360	90	1.0457593715372562
370	90	1.051374605480125
380	90	1.0577079088703707
390	90	1.06486166420407
400	90	1.0729502538484363
410	90	1.0821086749673474
420	90	1.092494701108022
430	90	1.104291384069046
440	90	1.1177157694900897
450	90	1.1330226241762127
460	90	1.1505140617149545
470	90	1.1705501558270344
480	90	1.1935579167916943
490	90	1.2200498965106912
500	90	1.2506382885988834
510	90	1.286054045615449
520	90	1.326454878617072
530	90	1.3749982379625973
540	90	1.430724379996053
550	90	1.4956440320884843
560	90	1.5710742570979694
570	90	1.6580988601759286
580	90	1.7570227682401653
590	90	1.8662748761422527
600	90	1.9803267244728044
610	90	2.08601853429765
620	90	2.15673380777337
630	90	2.1451626307430796
640	90	1.9812686969584958
650	90	1.5957290385056964
660	90	0.9884360138100088
670	90	0.294168760321584
680	90	-0.2695788468232116
690	90	-0.5639097219104302
700	90	-0.6146959890686549
710	90	-0.539012727456568
720	90	-0.4351296949211163
730	90	-0.34659019856137513
740	90	-0.2814465746947487
750	90	-0.23524291561293617
760	90	-0.2018723686530379
770	90	-0.17664970858503015
780	90	-0.1565486943724621
790	90	-0.13976062676497078
0	91	1.00090722239489
10	91	1.0009242682365507
20	91	0.9972474281519194
30	91	1.0010578233310556
40	91	1.0011557115678502
50	91	1.001304386223114
60	91	1.0014741888896772
70	91	1.0016948581681995
80	91	1.0019119938163217
90	91	1.0021978556364306
100	91	1.002481389217344
110	91	1.0028214408194251
120	91	1.0031934278009451
130	91	1.003613523087713
140	91	1.0040646733896716
150	91	1.004586730483236
160	91	1.0051500121125627
170	91	1.0057857159004069
180	91	1.0064864709305337
190	91	1.0072715945673096
200	91	1.0081400823946345
210	91	1.0091183703424678
220	91	1.0102049958102115
230	91	1.0114179691474627
240	91	1.0127771357842106
250	91	1.0142943790803947
260	91	1.0159919410894052
270	91	1.0178854931541075
280	91	1.0200128989929325
290	91	1.022391318346969
300	91	1.0250550605439335
310	91	1.028044701679499
320	91	1.0313964790168644
330	91	1.0351599119888157
340	91	1.0393864927589087
350	91	1.0441389638058565
360	91	1.0494854498951065
370	91	1.055507874069784
380	91	1.0622977245221974
390	91	1.0699620139709014
400	91	1.0786243720197732
410	91	1.0884286004552386
420	91	1.0995425809958996
430	91	1.112163540799375
440	91	1.126522392925904
450	91	1.1428928445423692
460	91	1.161598322969007
470	91	1.1830225476989367
480	91	1.2076241225211173
490	91	1.2359487100388435
500	91	1.2686473040654147
510	91	1.305787755082044
520	91	1.3503967681471338
530	91	1.4014128843305849
540	91	1.4607254597208035
550	91	1.529582238209645
560	91	1.6091290992957044
570	91	1.7000406986980503
580	91	1.80176649573466
590	91	1.9110788509901777
600	91	2.0194448790488018
610	91	2.1086599773478394
620	91	2.1446374956072796
630	91	2.071934860067628
640	91	1.8202160215963425
650	91	1.3446114152032642
660	91	0.6979863540633993
670	91	0.054536015254434037
680	91	-0.39412888040630384
690	91	-0.5797712849032577
700	91	-0.5733032593956289
710	91	-0.48630297362934055
720	91	-0.3917435571014284
730	91	-0.3159187147317471
740	91	-0.26085669748971263
750	91	-0.2214642827999771
760	91	-0.19244850388376114
770	91	-0.16999169050598092
780	91	-0.15168585577395546
790	91	-0.13610817237726178
0	92	1.0010075951223367
10	92	1.0010484722025084
20	92	0.9967744366283334
30	92	1.001181251180173
40	92	1.0013132274910084
50	92	1.0014635410025488
60	92	1.0016484230085783
70	92	1.0018825707505536
80	92	1.0021399329939737
90	92	1.002433764277284
100	92	1.0027673847947147
110	92	1.0031240622570796
120	92	1.0035349360641526
130	92	1.0039785974354782
140	92	1.0044878853450503
150	92	1.005051017215435
160	92	1.005671009096927
170	92	1.0063606483450085
180	92	1.0071307694209533
190	92	1.007983971419768
200	92	1.0089340979201644
210	92	1.009993633502567
220	92	1.0111734492473574
230	92	1.01249113530722
240	92	1.0139617354687367
250	92	1.0156007143484336
260	92	1.0174367993271962
270	92	1.019486459216289
280	92	1.0217777028582513
290	92	1.0243427332511215
300	92	1.027211759397683
310	92	1.03042690802358
320	92	1.0340325945491018
330	92	1.0380753399279337
340	92	1.042613830963723
350	92	1.047711725607861
360	92	1.053444564405167
370	92	1.0598975422147332
380	92	1.0671690710352677
390	92	1.075373580361662
400	92	1.084642051001244
410	92	1.0951287512884338
420	92	1.1070138304220065
430	92	1.120506779154469
440	92	1.1358555260368217
450	92	1.1533525225647243
460	92	1.173343617054777
470	92	1.1962397813109025
480	92	1.2225290339240273
490	92	1.252793147582201
500	92	1.2877206863056243
510	92	1.3281245898439704
520	92	1.3749501908534458
530	92	1.4292703424173008
540	92	1.4924084573444494
550	92	1.565023829464134
560	92	1.6484716383102584
570	92	1.7426753888046282
580	92	1.8459181536582496
590	92	1.9528140831017522
600	92	2.051096910470794
610	92	2.11668732871493
620	92	2.1078143196669674
630	92	1.9635347376612686
640	92	1.6220607499947588
650	92	1.0749709139186685
660	92	0.4259038981972458
670	92	-0.1370524620028272
680	92	-0.47048526659884254
690	92	-0.5692647696009342
700	92	-0.5267208843062128
710	92	-0.43821371719646945
720	92	-0.35448578072456444
730	92	-0.2899759182235533
740	92	-0.24335241905443453
750	92	-0.20957184336287654
760	92	-0.18415286752504093
770	92	-0.16400871278460832
780	92	-0.1472312732837475
790	92	-0.13270577767277492
0	93	1.001119645790809
10	93	1.001174967397182
20	93	1.001026998462756
30	93	1.001326994953364
40	93	1.001452531612609
50	93	1.0016332165890296
60	93	1.0018452684384465
70	93	1.0020762981216982
80	93	1.0023740627678348
90	93	1.0026921045462025
100	93	1.003055790225073
110	93	1.003454371096883
120	93	1.003904548830306
130	93	1.0044049040834382
140	93	1.0049492073334876
150	93	1.0055580650427363
160	93	1.0062320154283457
170	93	1.0069860781582896
180	93	1.0078257080885278
190	93	1.0087528155452827
200	93	1.009783415278549
210	93	1.0109325672078642
220	93	1.0122135680638629
230	93	1.0136395534541944
240	93	1.0152299013907242
250	93	1.017003319240695
260	93	1.0189860655863954
270	93	1.0211920532374992
280	93	1.023661248851778
290	93	1.0264219459699317
300	93	1.029509862657253
310	93	1.032966617439137
320	93	1.0368359598928127
330	93	1.041174871525145
340	93	1.0460412369095347
350	93	1.0515056479078504
360	93	1.0576455604575183
370	93	1.0645542789975808
380	93	1.0723349657252736
390	93	1.0811093906200773
400	93	1.0910193804352482
410	93	1.1022289152033253
420	93	1.114929143574705
430	93	1.1293452993954123
440	93	1.1457424886023229
450	93	1.164432750208207
460	93	1.1857859253994305
470	93	1.21024030978264
480	93	1.2383161079128326
490	93	1.2706293068948828
500	93	1.307906002777505
510	93	1.3509937360777582
520	93	1.4008621722871404
530	93	1.4585819243299596
540	93	1.5252537606890189
550	93	1.601839819962669
560	93	1.688807034719998
570	93	1.785419938564216
580	93	1.8884165472669527
590	93	1.98967447740664
600	93	2.072439989421202
610	93	2.1061500338138366
620	93	2.0420992023108013
630	93	1.8187234565625354
640	93	1.3933922508569583
650	93	0.80168009408365
660	93	0.18578637097548098
670	93	-0.2789592433166727
680	93	-0.5075596200195933
690	93	-0.5420386139422753
700	93	-0.47965277016315666
710	93	-0.3954872027114213
720	93	-0.32268186311943176
730	93	-0.2679859043450419
740	93	-0.22838534798418877
750	93	-0.19923255364264675
760	93	-0.17679583213577607
770	93	-0.1585959355992883
780	93	-0.14312778961936284
790	93	-0.1295225933921878
0	94	1.001283837538074
10	94	1.0012978744222336
20	94	1.001368161761252
30	94	1.0014745487810615
40	94	1.0016131749436892
50	94	1.0018129868571128
60	94	1.0020542318752408
70	94	1.0023159061344729
80	94	1.0026244223853085
90	94	1.0029792382730487
100	94	1.003369550277898
110	94	1.0038090267371185
120	94	1.0043062451146159
130	94	1.0048412637248005
140	94	1.0054465253995226
150	94	1.0061016793035786
160	94	1.0068447405672798
170	94	1.0076634264904274
180	94	1.0085726237988848
190	94	1.0095799693204348
200	94	1.010698426475811
210	94	1.0119424959133638
220	94	1.0133279315889423
230	94	1.0148716539748268
240	94	1.0165873975355773
250	94	1.01849936251152
260	94	1.0206343470940533
270	94	1.0230135335793265
280	94	1.025669570830523
290	94	1.0286397065304
300	94	1.0319552666740897
310	94	1.035665009413587
320	94	1.0398172070734717
330	94	1.044467865416689
340	94	1.0496812125355224
350	94	1.0555316932575127
360	94	1.0621023019068832
370	94	1.0694909258832725
380	94	1.077809800910178
390	94	1.087187984392631
400	94	1.0977755533735896
410	94	1.1097486373980154
420	94	1.1233117548264226
430	94	1.1387050663039195
440	94	1.1562121357560884
450	94	1.1765207034639265
460	94	1.1989613656821883
470	94	1.225064864360418
480	94	1.2550290323698228
490	94	1.2895035178777987
500	94	1.3292485904586908
510	94	1.375139743789703
520	94	1.4281558034534652
530	94	1.489335818150932
540	94	1.5596650462506145
550	94	1.6398288207753733
560	94	1.7297190087232426
570	94	1.827496347354569
580	94	1.9279050583607615
590	94	2.0194523797570114
600	94	2.0802045245793086
610	94	2.0729771081231485
620	94	1.9443187101623316
630	94	1.6392082009066031
640	94	1.1444487319925003
650	94	0.5398720243642475
660	94	-0.01342536825876414
670	94	-0.37450757841159743
680	94	-0.5151337855610962
690	94	-0.5056758130870174
700	94	-0.4349289490312017
710	94	-0.3581662566587197
720	94	-0.29560689804972023
730	94	-0.24928288970222867
740	94	-0.21550794818635519
750	94	-0.19017796444476254
760	94	-0.1702243127793453
770	94	-0.1536680305993003
780	94	-0.13932832789714517
790	94	-0.12653287647535705
0	95	1.0014241509048014
10	95	1.001439295929434
20	95	1.0015275889841928
30	95	1.0016557164276978
40	95	1.0018039150673457
50	95	1.0020072753326505
60	95	1.002263908882734
70	95	1.0025630369627008
80	95	1.0028959524549395
90	95	1.003287104630009
100	95	1.0037150832803177
110	95	1.0041849861990055
120	95	1.004729371358685
130	95	1.005315877209089
140	95	1.0059709325811237
150	95	1.0066967052129558
160	95	1.0074998767679664
170	95	1.0083894417600174
180	95	1.009374697534999
190	95	1.010463515386484
200	95	1.0116783352963852
210	95	1.0130264138744267
220	95	1.0145201985904495
230	95	1.016182870414987
240	95	1.0180353907406332
250	95	1.0200959450276916
260	95	1.0223954980188439
270	95	1.0249537052622486
280	95	1.0278097245168665
290	95	1.0309980802290568
300	95	1.034556356004848
310	95	1.038534225515791
320	95	1.0429836072525756
330	95	1.047962419472773
340	95	1.0535426935698338
350	95	1.0598002463776144
360	95	1.0668262161744357
370	95	1.0747223787645999
380	95	1.0836094675139192
390	95	1.0936241961442332
400	95	1.1049291819422244
410	95	1.1177098577030704
420	95	1.1321855742216091
430	95	1.148613516426188
440	95	1.1672948114081043
450	95	1.1885864936151969
460	95	1.21290771516868
470	95	1.2407549586429452
480	95	1.2721281094187968
490	95	1.3094603411468482
500	95	1.3517899882959437
510	95	1.4005932716594232
520	95	1.4568368229131856
530	95	1.5214889289167008
540	95	1.5953478160471615
550	95	1.678697007680621
560	95	1.770640871112368
570	95	1.8678927495310627
580	95	1.9626918333792382
590	95	2.039528663434784
600	95	2.070799739783733
610	95	2.013371597467765
620	95	1.813054847616461
630	95	1.4301147862007701
640	95	0.8880033569881306
650	95	0.3027685963084966
660	95	-0.16800257129740798
670	95	-0.43036329383284255
680	95	-0.5023860327445137
690	95	-0.4656342280366392
700	95	-0.3940328878592549
710	95	-0.32591426006721713
720	95	-0.27256580848313755
730	95	-0.23330619992408624
740	95	-0.20435595857157626
750	95	-0.1821912305887697
760	95	-0.16431421931698753
770	95	-0.1491551871329223
780	95	-0.13579390815534156
790	95	-0.123715046850803
0	96	1.0015977959038982
10	96	1.001609051827386
20	96	1.0016950811365837
30	96	1.0018251310857014
40	96	1.0020034495463845
50	96	1.0022367441587057
60	96	1.0025059890885175
70	96	1.0028260384324534
80	96	1.0031834717907366
90	96	1.0036175256731745
100	96	1.0040963026467904
110	96	1.0046112019197184
120	96	1.0051875290874344
130	96	1.005832210181517
140	96	1.0065425247533846
150	96	1.0073319378279797
160	96	1.0082023175155086
170	96	1.0091663325488365
180	96	1.0102315808615476
190	96	1.0114135382957754
200	96	1.012725496922334
210	96	1.0141758862796983
220	96	1.0157925369317915
230	96	1.0175873939562456
240	96	1.019579614059677
250	96	1.021797858158066
260	96	1.0242683085396642
270	96	1.027018320099751
280	96	1.0300833305176422
290	96	1.0335018897401338
300	96	1.0373179871524651
310	96	1.0415786603544377
320	96	1.0463412090274762
330	96	1.051668602634259
340	96	1.0576367157754027
350	96	1.0643241899673082
360	96	1.0718299423469788
370	96	1.0802622909419948
380	96	1.0897491477221721
390	96	1.1004376757914427
400	96	1.1125003987856974
410	96	1.126134585755709
420	96	1.1415766883871812
430	96	1.1590988175702321
440	96	1.179023484301167
450	96	1.2017300575285172
460	96	1.2276647217685905
470	96	1.25735265902141
480	96	1.2914078099780995
490	96	1.3299064337144133
500	96	1.376104432451014
510	96	1.427371931317055
520	96	1.4868877476157858
530	96	1.5549567691805375
540	96	1.6320981968182027
550	96	1.7180346973283227
560	96	1.8108222688938476
570	96	1.9053242252716773
580	96	1.9907202444978893
590	96	2.0469031417965913
600	96	2.040524055084912
610	96	1.9243583540793188
620	96	1.6493699181793091
630	96	1.199879382961326
640	96	0.6376584676252199
650	96	0.10000182153165714
660	96	-0.2789653918629997
670	96	-0.4547946218526093
680	96	-0.4770269698621853
690	96	-0.42552155181580686
700	96	-0.35755793034399924
710	96	-0.2982188662772647
720	96	-0.252930390902331
730	96	-0.2195891769671357
740	96	-0.19463319672338153
750	96	-0.1750967070850952
760	96	-0.15896452221304447
770	96	-0.14500001775225138
780	96	-0.13249211572625358
790	96	-0.12105094752650286
0	97	1.0017699212390723
10	97	1.0018022898302432
20	97	1.0018773194164683
30	97	1.002021067565459
40	97	1.0022102218812918
50	97	1.0024709663393263
60	97	1.002771503541373
70	97	1.0031135934111666
80	97	1.0035177970428255
90	97	1.0039803248026014
100	97	1.0044838844329693
110	97	1.0050535418995898
120	97	1.0056792211481291
130	97	1.006385360892395
140	97	1.0071547623278148
150	97	1.0080064001389213
160	97	1.008951300578419
170	97	1.0099940081848369
180	97	1.0111512676404768
190	97	1.0124274986808215
200	97	1.0138412516312234
210	97	1.015410538059832
220	97	1.0171522005110587
230	97	1.01908188744925
240	97	1.021227683337953
250	97	1.0236110181076572
260	97	1.0262638350879862
270	97	1.0292147956157311
280	97	1.0325005754119843
290	97	1.0361633506860761
300	97	1.040249707735318
310	97	1.0448093098156126
320	97	1.0499032674125832
330	97	1.055598322617327
340	97	1.061973537466051
350	97	1.0691158720121827
360	97	1.0771268782676238
370	97	1.0861259884845882
380	97	1.0962470377759268
390	97	1.107647569854284
400	97	1.1205103462481836
410	97	1.1350486120213663
420	97	1.151511661897259
430	97	1.170492906294432
440	97	1.1914311103738968
450	97	1.2156336774352652
460	97	1.2432721877730137
470	97	1.2758856730061048
480	97	1.311160347828913
490	97	1.352787359332456
500	97	1.4006017025215227
510	97	1.4554767013661132
520	97	1.5182595648119876
530	97	1.5896014382302293
540	97	1.6696230517378057
550	97	1.7572888450490336
560	97	1.8492941362021649
570	97	1.9381971966690326
580	97	2.0095618866511225
590	97	2.0382904930956696
600	97	1.985902364948518
610	97	1.8044355551049238
620	97	1.457282227048854
630	97	0.9594649747918466
640	97	0.40595194451097083
650	97	-0.06323162414999935
660	97	-0.3509102213751769
670	97	-0.456198411999393
680	97	-0.4449811601115692
690	97	-0.3875056057146791
700	97	-0.3255541395468965
710	97	-0.27451273448377544
720	97	-0.23615211724538243
730	97	-0.20774621577297167
740	97	-0.1860988099743664
750	97	-0.1687516940845012
760	97	-0.15409259952074789
770	97	-0.14115509741565826
780	97	-0.12939585044798416
790	97	-0.1185252470280851
0	98	1.0019479824526931
10	98	1.0019924542145753
20	98	1.0020873053600663
30	98	1.0022412791143638
40	98	1.002444163880678
50	98	1.0027230952019743
60	98	1.0030469645461144
70	98	1.003420226519158
80	98	1.0038638979940464
90	98	1.0043636203551254
100	98	1.0049093282376824
110	98	1.005532943524327
120	98	1.006218224179507
130	98	1.0069811050105877
140	98	1.0078131537144823
150	98	1.008738445634203
160	98	1.009758481765846
170	98	1.0108883253528946
180	98	1.0121338073828132
190	98	1.0135084545426922
200	98	1.0150370035042595
210	98	1.0167258852726297
220	98	1.018598071073251
230	98	1.0206758167771508
240	98	1.022979432907688
250	98	1.02553798401762
260	98	1.0283828315701096
270	98	1.0315468008621278
280	98	1.035067104448246
290	98	1.0389887819437034
300	98	1.043359226050655
310	98	1.0482330541521905
320	98	1.0536766590151099
330	98	1.0597591096290258
340	98	1.0665642951133445
350	98	1.0741862300159732
360	98	1.0827327915039178
370	98	1.0923290513214172
380	98	1.1031197050182517
390	98	1.1152728140471624
400	98	1.128982052738419
410	98	1.143417524074745
420	98	1.1620187597500717
430	98	1.1819226754257428
440	98	1.2045526827738369
450	98	1.2303355751930523
460	98	1.2597710966004567
470	98	1.2934397360374106
480	98	1.332174256336675
490	98	1.3762274622533612
500	98	1.4269111654362625
510	98	1.4848843178704771
520	98	1.5508628974903076
530	98	1.6252163920720712
540	98	1.7075176879969207
550	98	1.795732961349863
560	98	1.8848330459795468
570	98	1.9645848342909884
580	98	2.016446705075719
590	98	2.010304846072296
600	98	1.9041545077566486
610	98	1.6542133337696359
620	98	1.2437879236734897
630	98	0.7210123032407563
640	98	0.202732579912229
650	98	-0.18611425587413588
660	98	-0.39054294129379047
670	98	-0.4420936972071485
680	98	-0.41045248234071113
690	98	-0.3527262979235684
700	98	-0.2977690189380441
710	98	-0.2542401860912748
720	98	-0.22176222237066287
730	98	-0.1974601119165361
740	98	-0.1785567055697387
750	98	-0.1630398527742204
760	98	-0.14963061758029403
770	98	-0.13758110215144984
780	98	-0.12648238136994167
790	98	-0.11612494327234522
0	99	1.0021646963965019
10	99	1.0021972983887584
20	99	1.0023092333487456
30	99	1.0024670604573815
40	99	1.0027029744196574
50	99	1.002982649351398
60	99	1.0033436954928385
70	99	1.003767981634471
80	99	1.0042329588971222
90	99	1.0047772818985294
100	99	1.0053737492255574
110	99	1.0060479070274873
120	99	1.006789327277622
130	99	1.0076122689387106
140	99	1.008516556991983
150	99	1.0095114379853485
160	99	1.010617222562136
170	99	1.0118344179060261
180	99	1.0131799167906104
190	99	1.0146664021883895
200	99	1.016305921880675
210	99	1.0181268874966802
220	99	1.020137843159764
230	99	1.0223680630163623
240	99	1.0248411969117601
250	99	1.0275869980314873
260	99	1.0306336808298246
270	99	1.0340214329205402
280	99	1.0377900008629177
290	99	1.0419820366521937
300	99	1.0466537787676207
310	99	1.0518601482666934
320	99	1.057672035343165
330	99	1.0641630172036276
340	99	1.0714234684797654
350	99	1.079550443997571
360	99	1.088661568783038
370	99	1.0988890287664999
380	99	1.110387851973396
390	99	1.1233347904141946
400	99	1.1379390891015368
410	99	1.154442548988871
420	99	1.1731278445878397
430	99	1.1930248218939108
440	99	1.2184243026975012
450	99	1.2458746226733821
460	99	1.2772018010419006
470	99	1.3126347296837602
480	99	1.3539869324075064
490	99	1.4008843090878933
500	99	1.4544897268783543
510	99	1.5155405013655106
520	99	1.5845550363066372
530	99	1.6615078657505318
540	99	1.7452405846875834
550	99	1.8324345473242452
560	99	1.91593056023169
570	99	1.9822224739501701
580	99	2.0083503768777784
590	99	1.959753358647811
600	99	1.7937560681513331
610	99	1.4768713274951977
620	99	1.0183177964136114
630	99	0.4962192866332722
640	99	0.03415611826703249
650	99	-0.27142927849818893
660	99	-0.4052928328062392
670	99	-0.418605496142576
680	99	-0.3761968956878801
690	99	-0.3216421149302417
700	99	-0.27380331799549296
710	99	-0.23689026583447195
720	99	-0.2093655682125934
730	99	-0.1884705174946274
740	99	-0.17184695826885463
750	99	-0.1578659989578141
760	99	-0.1455226107327258
770	99	-0.13424523839488087
780	99	-0.12373256679146123
790	99	-0.11383901619150964
0	100	1.0024043945128276
10	100	1.0024282570361893
20	100	1.0025319812324842
30	100	1.0027272055309508
40	100	1.002971163678875
50	100	1.0032844986675562
60	100	1.0036668239725317
70	100	1.004118167205439
80	100	1.0046310615221867
90	100	1.0052184085037297
100	100	1.0058721817105476
110	100	1.0065908374336598
120	100	1.007400690925518
130	100	1.0082886316176567
140	100	1.0092653271696985
150	100	1.0103470139373736
160	100	1.011539520375091
170	100	1.012852219507469
180	100	1.0142984759768636
190	100	1.0158983700185462
200	100	1.0176629150186052
210	100	1.0196174761001977
220	100	1.0217765040731999
230	100	1.0241710318073307
240	100	1.026821477322976
250	100	1.0297613811593231
260	100	1.0330233108618663
270	100	1.036648076556229
280	100	1.0406749546192142
290	100	1.0451555890828266
300	100	1.0501417212130517
310	100	1.0557002125056145
320	100	1.061899767268349
330	100	1.0688225485343517
340	100	1.0765615175512033
350	100	1.0852230923453312
360	100	1.0949291101693617
370	100	1.1058237459691087
380	100	1.1184320573021895
390	100	1.131856363059255
400	100	1.1474071260331133
410	100	1.164977733453875
420	100	1.1848699694920202
430	100	1.2074357290862396
440	100	1.2330838079537567
450	100	1.2622905213750246
460	100	1.2956043610930859
470	100	1.333650506351719
480	100	1.3771241196672759
490	100	1.4267664853318878
500	100	1.4833089448826535
510	100	1.547350583839152
520	100	1.6191262162204494
530	100	1.6980754182722826
540	100	1.782085101421334
550	100	1.866223471315004
560	100	1.940771437656262
570	100	1.9885376927414113
580	100	1.9821589412573872
590	100	1.884041697165599
600	100	1.6550020467662974
610	100	1.2782592760754135
620	100	0.7916751319257268
630	100	0.2948287242804276
640	100	-0.09755332356134971
650	100	-0.3243804311585284
660	100	-0.40224996018045006
670	100	-0.39034305358799665
680	100	-0.3438628435828041
690	100	-0.29429108898097517
700	100	-0.25320589363552476
710	100	-0.22201036171288036
720	100	-0.1986320816352782
730	100	-0.1805639754979703
740	100	-0.16583885459179887
750	100	-0.15315197854327714
760	100	-0.14172223612002288
770	100	-0.13112007508553133
780	100	-0.121130229305609
790	100	-0.11165808441781827
0	101	1.0026445355675204
10	101	1.0026839610763976
20	101	1.002795346644722
30	101	1.0029868185081505
40	101	1.0032596605965856
50	101	1.0036030410929901
60	101	1.0040197446650463
70	101	1.004508864355341
80	101	1.0050658395320866
90	101	1.0056952762132287
100	101	1.006402840107718
110	101	1.0071863189179406
120	101	1.0080553370077212
130	101	1.0090170586269658
140	101	1.0100711808652039
150	101	1.011237405218761
160	101	1.0125212820848641
170	101	1.0139340390893739
180	101	1.0154899407083213
190	101	1.0172058430111708
200	101	1.0191058893710498
210	101	1.0212010774666158
220	101	1.0235189427790736
230	101	1.026083098351338
240	101	1.0289226868448353
250	101	1.0320680502230504
260	101	1.0355577821830981
270	101	1.0394307620610934
280	101	1.0437309267229982
290	101	1.0485139183841174
300	101	1.053835526132189
310	101	1.0597622015305423
320	101	1.0663718731402687
330	101	1.0737491562568202
340	101	1.081992991738865
350	101	1.0912175913697362
360	101	1.1015531767140385
370	101	1.113151601239431
380	101	1.126187133690656
390	101	1.1408615498792778
400	101	1.157411290372562
410	101	1.1761102530037792
420	101	1.1979007066662186
430	101	1.221286914757055
440	101	1.2485683134598757
450	101	1.2796215298301497
460	101	1.3150161740135549
470	101	1.3553904346275714
480	101	1.4014376607020609
490	101	1.453864927059642
500	101	1.513309086263838
510	101	1.5801670602468352
520	101	1.65428230060065
530	101	1.734386603027315
540	101	1.8171504825340004
550	101	1.8956644320703189
560	101	1.957232537224772
570	101	1.9807307821244005
580	101	1.9349277155648614
590	101	1.7816623178719708
600	101	1.490436340110367
610	101	1.0665259741147164
620	101	0.5746636897712333
630	101	0.12355970304132795
640	101	-0.19365258781137465
650	101	-0.35134742960055537
660	101	-0.38751369199089314
670	101	-0.36053146033855055
680	101	-0.3143133288027196
690	101	-0.2704727039568723
700	101	-0.23552787045433515
710	101	-0.20920881667645722
720	101	-0.1892876266551136
730	101	-0.17356545915097873
740	101	-0.1604252704382924
750	101	-0.14883337961325344
760	101	-0.13819095129977535
770	101	-0.12818256745676432
780	101	-0.11866167524380068
790	101	-0.10957418843342266
0	102	1.0029116850358135
10	102	1.0029559419728546
20	102	1.0030802244269397
30	102	1.0032873261271025
40	102	1.0035802519460733
50	102	1.0039509537512834
60	102	1.0043950579929997
70	102	1.0049199931515664
80	102	1.0055278319391017
90	102	1.006210498216333
100	102	1.0069741059928068
110	102	1.007819442591239
120	102	1.008756438766599
130	102	1.0097887571347153
140	102	1.0109290996998457
150	102	1.0121856863532637
160	102	1.0135643147453304
170	102	1.015083734558523
180	102	1.0167593638700254
190	102	1.0186011307912644
200	102	1.0206376267053174
210	102	1.0228839724863394
220	102	1.0253658008973396
230	102	1.0281108990342123
240	102	1.0311474607518905
250	102	1.0345126485769611
260	102	1.03824072576432
270	102	1.0423753040785189
280	102	1.0469655922219459
290	102	1.052066843867162
300	102	1.0577416824471797
310	102	1.0640583377960218
320	102	1.0710987449751606
330	102	1.0789560433881564
340	102	1.0877334363122055
350	102	1.0975520358613229
360	102	1.1095625722044848
370	102	1.1199344298716076
380	102	1.1359862296750134
390	102	1.1503748233058486
400	102	1.167980906290423
410	102	1.187871290338162
420	102	1.2103854902618434
430	102	1.2359157884097232
440	102	1.2649161771124997
450	102	1.297906249059937
460	102	1.335471477068987
470	102	1.3782550498744655
480	102	1.4269318636232744
490	102	1.4821458975641588
500	102	1.5443902784331958
510	102	1.613776974908728
520	102	1.6896251853126156
530	102	1.7697520481755293
540	102	1.8493123508709122
550	102	1.919039111028731
560	102	1.9629119677502362
570	102	1.9559234418311835
580	102	1.8642369917925428
590	102	1.6526933131779653
600	102	1.3049971128263793
610	102	0.8512834306594851
620	102	0.37671428887591535
630	102	-0.014330949747041476
640	102	-0.25797209535101895
650	102	-0.35883313033329856
660	102	-0.3659175806429109
670	102	-0.33126459233795014
680	102	-0.2878899380131582
690	102	-0.2498671298275686
700	102	-0.22035102029660675
710	102	-0.19815193130233558
720	102	-0.18110532587637193
730	102	-0.16733131215254285
740	102	-0.15551815570415425
750	102	-0.14485690916987912
760	102	-0.13489658584894088
770	102	-0.12541331673046321
780	102	-0.11631528110075379
790	102	-0.10758054791095223
0	103	1.0031956667924986
10	103	1.003243802257541
20	103	1.0033890344406646
30	103	1.0036079171926406
40	103	1.0039179749151133
50	103	1.0043168901189907
60	103	1.0047987769296771
70	103	1.0053735550601353
80	103	1.0060224533333169
90	103	1.0067613585792037
100	103	1.0075791437399575
110	103	1.0084947602146435
120	103	1.009501429363158
130	103	1.0106168984762396
140	103	1.0118404400633958
150	103	1.0131925550163519
160	103	1.0146742395766384
170	103	1.0163049057438054
180	103	1.0181038819198953
190	103	1.0200824625038938
200	103	1.022265136696514
210	103	1.0246706786882545
220	103	1.0273279071513073
230	103	1.0302611208195498
240	103	1.0335090204637913
250	103	1.0371016277030125
260	103	1.0410804064084405
270	103	1.045492410646957
280	103	1.0503873001160626
290	103	1.0558253591259565
300	103	1.0618702104690223
310	103	1.0685983642293506
320	103	1.0760939623022805
330	103	1.084456556097408
340	103	1.093796276382398
350	103	1.104242871888337
360	103	1.115943770729306
370	103	1.129070200621031
380	103	1.143296953758257
390	103	1.1604225524811513
400	103	1.1791440691470922
410	103	1.2002925422786586
420	103	1.22435790507224
430	103	1.2513595769990173
440	103	1.2821649892656029
450	103	1.317179510123384
460	103	1.3569989088751875
470	103	1.4022585279557194
480	103	1.4535925086707582
490	103	1.511544343913477
500	103	1.5764002593694213
510	103	1.6478844086707956
520	103	1.72462982187936
530	103	1.8032973489683015
540	103	1.8771988111258173
550	103	1.9343467854254157
560	103	1.9552044755657787
570	103	1.911390152644105
580	103	1.768620949328898
590	103	1.4991961236225564
600	103	1.1057683988622071
610	103	0.6424512362217987
620	103	0.20481432503476416
630	103	-0.11885799515747611
640	103	-0.2958387778459429
650	103	-0.3527341557617757
660	103	-0.34102905879707995
670	103	-0.303784454128906
680	103	-0.26461021655009176
690	103	-0.23210935637900676
700	103	-0.2073005850577885
710	103	-0.1885583086430438
720	103	-0.17389778698929187
730	103	-0.1617434801612653
740	103	-0.15104495058737516
750	103	-0.14117833792832177
760	103	-0.13181219650856343
770	103	-0.12279592165842552
780	103	-0.11408117491321391
790	103	-0.10567142954453607
0	104	1.0035086047752955
10	104	1.0035618451411863
20	104	1.0037048551525987
30	104	1.0039480758482813
40	104	1.0042897552207182
50	104	1.0047161405465401
60	104	1.0052345806990917
70	104	1.0058464316038678
80	104	1.0065482698433992
90	104	1.0073397261530523
100	104	1.008224533623013
110	104	1.009211993085943
120	104	1.0102978875526354
130	104	1.0114975975883616
140	104	1.0128122441990597
150	104	1.014263157577038
160	104	1.0158548584759794
170	104	1.0176066892492313
180	104	1.0195334799359888
190	104	1.0216560533965375
200	104	1.02398912404872
210	104	1.0265645829353418
220	104	1.029404585222712
230	104	1.0325419491416106
240	104	1.0360071211804207
250	104	1.0398401844687717
260	104	1.0440850135359552
270	104	1.0487886369873596
280	104	1.054004967406627
290	104	1.0597960414178393
300	104	1.066233125034114
310	104	1.0733935115088555
320	104	1.081369706984447
330	104	1.0902654988775062
340	104	1.1004485812228173
350	104	1.1113076738760106
360	104	1.123749204722452
370	104	1.1377039796452946
380	104	1.1529411881421099
390	104	1.17103267422253
400	104	1.1909316017266458
410	104	1.213407282942292
420	104	1.2388373534245591
430	104	1.2676542919948115
440	104	1.3003497945595537
450	104	1.3374733119647053
460	104	1.3796198730146407
470	104	1.4274008034376566
480	104	1.4813809543205183
490	104	1.5419547803815536
500	104	1.609122089875192
510	104	1.6820927389328144
520	104	1.7586206806893447
530	104	1.8339378325812727
540	104	1.8991752820229126
550	104	1.9393335783764387
560	104	1.9314374746885088
570	104	1.8448737451309976
580	104	1.6480118539598585
590	104	1.325384411519223
600	104	0.9013197943030574
610	104	0.44902794890138203
620	104	0.0629436185771816
630	104	-0.19264342900213188
640	104	-0.31307944228812495
650	104	-0.3379496279071899
660	104	-0.31530915597576037
670	104	-0.2787327545620197
680	104	-0.2443055581073954
690	104	-0.2168326216956425
700	104	-0.19604901414611656
710	104	-0.18019228399076864
720	104	-0.16751036362949023
730	104	-0.15670474250173277
740	104	-0.14694565379930197
750	104	-0.13776081268337886
760	104	-0.12891514729771222
770	104	-0.1203165079096073
780	104	-0.11195096991513581
790	104	-0.10384198218842595
0	105	1.0038417334400713
10	105	1.0038910737009301
20	105	1.004052051737628
30	105	1.0043176587023475
40	105	1.0046775911801802
50	105	1.0051376934089409
60	105	1.0056969446084407
70	105	1.0063570808381872
80	105	1.007113191769428
90	105	1.0079651737530149
100	105	1.0089178177064808
110	105	1.0099755239756805
120	105	1.0111441934993641
130	105	1.0124347001871967
140	105	1.0138493811871427
150	105	1.0154031465157591
160	105	1.0171112335578338
170	105	1.0189882516009032
180	105	1.02105352007856
190	105	1.023318248437733
200	105	1.0258173150629568
210	105	1.028570693292063
220	105	1.0316035909430665
230	105	1.0349519369775335
240	105	1.0386505447071779
250	105	1.0427385931583384
260	105	1.0472630802719356
270	105	1.052271830001626
280	105	1.0578274112052237
290	105	1.0639920715254407
300	105	1.070840302280151
310	105	1.078457622745142
320	105	1.0869398436880675
330	105	1.0963981804685825
340	105	1.1071751916580568
350	105	1.1187652462274282
360	105	1.1319875842872167
370	105	1.1468183975259967
380	105	1.1642241519176102
390	105	1.1817568908133858
400	105	1.203784288033488
410	105	1.2272492466529537
420	105	1.2542528947808091
430	105	1.284836280575605
440	105	1.3195047302659302
450	105	1.3588131537705752
460	105	1.4033443512975103
470	105	1.4536628008268973
480	105	1.5102268504702738
490	105	1.5732201761912739
500	105	1.6422577282187532
510	105	1.715882528547092
520	105	1.7907461931911328
530	105	1.8603560520373112
540	105	1.9133475069359756
550	105	1.9315636646057297
560	105	1.889079984532041
570	105	1.754966187688665
580	105	1.5041053685301053
590	105	1.1374614495875177
600	105	0.7007340516969824
610	105	0.2780576466882521
620	105	-0.04793215464525326
630	105	-0.24001305391886027
640	105	-0.3152602938197751
650	105	-0.3182664336702645
660	105	-0.2903371977234774
670	105	-0.2563528935800354
680	105	-0.22671264422443158
690	105	-0.20369204258631599
700	105	-0.1863146937001471
710	105	-0.17285739698663782
720	105	-0.16181540616521936
730	105	-0.15213488512653178
740	105	-0.14317049922383504
750	105	-0.13457353781419354
760	105	-0.1261863653826554
770	105	-0.11796330737003456
780	105	-0.10991755183407013
790	105	-0.10208814754623381
0	106	1.0042035615528138
10	106	1.004260587001847
20	106	1.004424880316649
30	106	1.004712051969903
40	106	1.0050991383361356
50	106	1.0055971366355214
60	106	1.0061950933574109
70	106	1.0069073874329508
80	106	1.0077160938513055
90	106	1.0086307362478852
100	106	1.0096578999235524
110	106	1.0107907794541369
120	106	1.0120459959860058
130	106	1.0134258936699414
140	106	1.014943367571662
150	106	1.0166128155957206
160	106	1.018441665329117
170	106	1.0204525142219698
180	106	1.022658045740698
190	106	1.0250845328299554
200	106	1.0277543735328916
210	106	1.0306928311159909
220	106	1.033931245257727
230	106	1.0375034256840159
240	106	1.0414458107056617
250	106	1.0458020411090412
260	106	1.0506191176383277
270	106	1.0559526824589154
280	106	1.0618639184056724
290	106	1.0684217257744169
300	106	1.0757044169450505
310	106	1.0838030286026679
320	106	1.0920946075406996
330	106	1.1028703046414665
340	106	1.1140913114473148
350	106	1.1266360140971563
360	106	1.1406831404347582
370	106	1.1564380915518995
380	106	1.1741373588984032
390	106	1.1941779708174773
400	106	1.21650648002839
410	106	1.241853327900769
420	106	1.2705091102225674
430	106	1.3029392751131315
440	106	1.339658498698805
450	106	1.3812172560936888
460	106	1.4281678398843702
470	106	1.4810006520165853
480	106	1.5400188616151398
490	106	1.6051190181892894
500	106	1.6754105690022076
510	106	1.7485894908352633
520	106	1.8199551044913058
530	106	1.8809904935690875
540	106	1.9175907734948536
550	106	1.9085450974522593
560	106	1.8260257519061414
570	106	1.6415055165039325
580	106	1.3405388975084271
590	106	0.943095518997893
600	106	0.5125173475844285
610	106	0.13399593361200882
620	106	-0.12940399667851593
630	106	-0.2660840554318097
640	106	-0.3072161153859108
650	106	-0.2964282998289633
660	106	-0.2670378093859384
670	106	-0.23663976633795375
680	106	-0.21153095400101773
690	106	-0.1923759125191497
700	106	-0.17785826086041256
710	106	-0.1663903217874647
720	106	-0.15670750763817
730	106	-0.14796757173298528
740	106	-0.13967810782155418
750	106	-0.13159070919882565
760	106	-0.1236097431502045
770	106	-0.11572633596450603
780	106	-0.1079749020978149
790	106	-0.10040653218508772
0	107	1.0045883800588695
10	107	1.0046485570614783
20	107	1.0048304492325932
30	107	1.0051341595060068
40	107	1.005552341127251
50	107	1.0060851265026665
60	107	1.0067283290872386
70	107	1.0074894457586143
80	107	1.0083612876816177
90	107	1.0093414249616517
100	107	1.0104415472433201
110	107	1.0116567935212337
120	107	1.013005982937784
130	107	1.0144860518640797
140	107	1.016114711454312
150	107	1.0178978466890831
160	107	1.0198535733910241
170	107	1.0220022825833577
180	107	1.0243620933081927
190	107	1.0269539987107228
200	107	1.0298035484234127
210	107	1.0329390943770989
220	107	1.0363912693519008
230	107	1.0401987883018107
240	107	1.044397648353662
250	107	1.0490372162466743
260	107	1.0541636822314786
270	107	1.0598386058553217
280	107	1.0661252783910597
290	107	1.073096062539584
300	107	1.0805117780955988
310	107	1.0894428388354833
320	107	1.0990216380096651
330	107	1.1096991621750698
340	107	1.120747063093945
350	107	1.1349408361447448
360	107	1.1498587534631355
370	107	1.1665892638394213
380	107	1.1851197819516928
390	107	1.2065289426207595
400	107	1.2303595633579503
410	107	1.2572537553665162
420	107	1.2876395235229015
430	107	1.3219943724161443
440	107	1.360834358131291
450	107	1.404691387826496
460	107	1.4540668105098078
470	107	1.5093383110875214
480	107	1.5705949490982989
490	107	1.6373506965083673
500	107	1.7080653550103797
510	107	1.779380819789518
520	107	1.8449773968662042
530	107	1.8940397354059817
540	107	1.909617858956391
550	107	1.8679204956523274
560	107	1.7409340934697948
570	107	1.5059108974974913
580	107	1.1627891640855814
590	107	0.7505991866163108
600	107	0.34362475921411595
610	107	0.018559722061992637
620	107	-0.1848820425568388
630	107	-0.27600982788719386
640	107	-0.2928425443921665
650	107	-0.2743001561565633
660	107	-0.2458774287102769
670	107	-0.21944463217797425
680	107	-0.19845728467711202
690	107	-0.18260962929295557
700	107	-0.17047787664898933
710	107	-0.16065552042268935
720	107	-0.15209949949558166
730	107	-0.14414778755461913
740	107	-0.13643393769099174
750	107	-0.1287906236170212
760	107	-0.12117166049070965
770	107	-0.11359712784449592
780	107	-0.10611792852142744
790	107	-0.0987943757930002
0	108	1.0050044246607652
10	108	1.0050716923764846
20	108	1.0052632607149872
30	108	1.0055868099096459
40	108	1.00603539351465
50	108	1.0066043482750096
60	108	1.0073026657717787
70	108	1.0081101786226727
80	108	1.0090419580653192
90	108	1.0100967962255405
100	108	1.0112734484056773
110	108	1.0125795278593628
120	108	1.014018298865125
130	108	1.0156064212619142
140	108	1.0173466949826353
150	108	1.0192548098023337
160	108	1.0213489203749364
170	108	1.0236465046657912
180	108	1.026163083081093
190	108	1.02893252692684
200	108	1.031972185713513
210	108	1.0353146058848608
220	108	1.038992706467424
230	108	1.0430468775424644
240	108	1.04751805745396
250	108	1.052452953798701
260	108	1.0579073598050304
270	108	1.063940054314154
280	108	1.0706214908247365
290	108	1.078708879567566
300	108	1.0856026597492567
310	108	1.0962268375649664
320	108	1.105566467114925
330	108	1.1169031818226332
340	108	1.1299687675348997
350	108	1.143814340214938
360	108	1.1595392946407317
370	108	1.1772986749834593
380	108	1.1972462680241494
390	108	1.2196862825994983
400	108	1.2449678371085038
410	108	1.27348442581406
420	108	1.3056771801561289
430	108	1.342028555589006
440	108	1.3830460007564074
450	108	1.429226887220788
460	108	1.4809918376060762
470	108	1.5385589986538912
480	108	1.6017286831562085
490	108	1.6695171890386717
500	108	1.7395661061645562
510	108	1.807233998081568
520	108	1.8643150868408969
530	108	1.8974922101107237
540	108	1.8870963587807688
550	108	1.8077236824001648
560	108	1.6335871906481572
570	108	1.3513615119469564
580	108	0.9777511592690986
590	108	0.5679668216742763
600	108	0.19879633165558777
610	108	-0.06898505595909103
620	108	-0.21878180314642673
630	108	-0.27446150761367644
640	108	-0.2750827265442827
650	108	-0.2530618474832481
660	108	-0.2270190178272863
670	108	-0.20454507557067086
680	108	-0.18720495858150643
690	108	-0.1741554622472639
700	108	-0.16400417505674816
710	108	-0.15554055776173495
720	108	-0.14791921094252178
730	108	-0.14062982590537348
740	108	-0.13340911805027553
750	108	-0.12615502246140803
760	108	-0.11886057000549137
770	108	-0.11156851056361716
780	108	-0.1043423803032724
790	108	-0.09724942336924598
0	109	1.0054435595474727
10	109	1.0055192219843727
20	109	1.0057302989294878
30	109	1.0060711028066944
40	109	1.006551328094111
50	109	1.0071637273246437
60	109	1.0079051660505594
70	109	1.0087741170398432
80	109	1.0097762898551754
90	109	1.0109013065397232
100	109	1.0121603625866684
110	109	1.013557811693705
120	109	1.0150974177896552
130	109	1.016793461595051
140	109	1.0186568347391818
150	109	1.0206950145292455
160	109	1.0229331212494537
170	109	1.0253841613917145
180	109	1.0280717612854045
190	109	1.0310217465595244
200	109	1.0342607699463084
210	109	1.0378209398332991
220	109	1.0417394698561637
230	109	1.04605420081722
240	109	1.0508091108421513
250	109	1.056057558485235
260	109	1.061854903856006
270	109	1.0682655564430859
280	109	1.07536366613519
290	109	1.0832325604384407
300	109	1.0919648667733144
310	109	1.101331685105421
320	109	1.1124673293412533
330	109	1.124501208958403
340	109	1.1379315886030401
350	109	1.1530310037235807
360	109	1.1697502872243442
370	109	1.188595166680024
380	109	1.2097585212782118
390	109	1.2335608477356172
400	109	1.260364895846584
410	109	1.290578348175324
420	109	1.3246505033371003
430	109	1.363061565923894
440	109	1.406296137980162
450	109	1.4547953786378085
460	109	1.5088613427522832
470	109	1.5684945993047466
480	109	1.6331152297911342
490	109	1.701105431456862
500	109	1.769095856403599
510	109	1.830919873834948
520	109	1.8762478154635902
530	109	1.8891916777225062
540	109	1.8478248863913938
550	109	1.7266872914389628
560	109	1.5051964673333855
570	109	1.1827354095368987
580	109	0.793041912758875
590	109	0.40196907007646177
600	109	0.08030641907641463
610	109	-0.13123610651197212
620	109	-0.23579945130675176
630	109	-0.2653495645270586
640	109	-0.2560307029631585
650	109	-0.23339103438139647
660	109	-0.21043618462153932
670	109	-0.19168960689131967
680	109	-0.17751336171655352
690	109	-0.16681000787325487
700	109	-0.1582956089953997
710	109	-0.15095219566528784
720	109	-0.14410677206756228
730	109	-0.1373756011030341
740	109	-0.13057943585038778
750	109	-0.12366847975393193
760	109	-0.11666671822442622
770	109	-0.10963442562745192
780	109	-0.10264470556702943
790	109	-0.095769935899815
0	110	1.0059190894264103
10	110	1.0060007002009532
20	110	1.0062226567032349
30	110	1.006588725204188
40	110	1.007104740606582
50	110	1.0077538237195238
60	110	1.008548181623154
70	110	1.0094781061576017
80	110	1.0105466422773792
90	110	1.011754735245176
100	110	1.0131027812953646
110	110	1.0145965508282693
120	110	1.0162415221568188
130	110	1.0180550432104871
140	110	1.0200407598679808
150	110	1.0222187950762216
160	110	1.0246067309678137
170	110	1.027221561992202
180	110	1.0300860855258147
190	110	1.033229321888533
200	110	1.0366793759724036
210	110	1.0404704492374408
220	110	1.044638694705629
230	110	1.049228436190203
240	110	1.0542823022023626
250	110	1.0598600124872646
260	110	1.066019685303069
270	110	1.0729735696651956
280	110	1.0803654732328891
290	110	1.0887179399819793
300	110	1.097986566575155
310	110	1.1080182652578998
320	110	1.1197439968796064
330	110	1.1325131490966192
340	110	1.1467624819797357
350	110	1.1626896697537545
360	110	1.1805186029772448
370	110	1.2005077812219709
380	110	1.222951374861505
390	110	1.2481846224494406
400	110	1.2765835756491795
410	110	1.3085661987486215
420	110	1.3445840974841012
430	110	1.385104113325165
440	110	1.4305717919078498
450	110	1.481341651342313
460	110	1.5375522724174313
470	110	1.5989135976840885
480	110	1.6643551819897957
490	110	1.7314662206639109
500	110	1.795656252723633
510	110	1.8489954622101499
520	110	1.8788639233792126
530	110	1.8669478377049193
540	110	1.7899673854660072
550	110	1.6245660783068014
560	110	1.3585770352919064
570	110	1.0062676285018881
580	110	0.6161506859211671
590	110	0.25748599998747107
600	110	-0.011883125080736787
610	110	-0.17194360938178765
620	110	-0.24037222844606962
630	110	-0.25173957339676895
640	110	-0.23708705356937054
650	110	-0.21561647800597222
660	110	-0.1959930382272431
670	110	-0.18062468434664872
680	110	-0.1691516164504116
690	110	-0.16040075565592096
700	110	-0.1532341357942079
710	110	-0.14681305662702498
720	110	-0.14061243767061773
730	110	-0.1343533169852972
740	110	-0.1279245447978733
750	110	-0.12131798125872459
760	110	-0.11458181914202455
770	110	-0.10778975608104734
780	110	-0.1010220106718402
790	110	-0.09435458305485517
0	111	1.0064296747366026
10	111	1.0065127940992467
20	111	1.0067500074005449
30	111	1.007147225677417
40	111	1.0076905177009114
50	111	1.0083932049646787
60	111	1.0092342813781758
70	111	1.010230351015249
80	111	1.0113716974946192
90	111	1.0126601349859685
100	111	1.0140998710815248
110	111	1.0156946984034523
120	111	1.0174554682416186
130	111	1.0193896916226035
140	111	1.021509330216817
150	111	1.0238312006788641
160	111	1.0263753069490933
170	111	1.029163393528924
180	111	1.0322160434259515
190	111	1.0355618054560152
200	111	1.039234273570184
210	111	1.043264786059404
220	111	1.0476981837948032
230	111	1.0525750699033067
240	111	1.0579460747903828
250	111	1.0638707812307013
260	111	1.0699868285608913
270	111	1.0777534318855404
280	111	1.0859944885025983
290	111	1.0945010618580044
300	111	1.1043346076908742
310	111	1.1156641968588343
320	111	1.1271555591244773
330	111	1.1411855349123015
340	111	1.1560744488103494
350	111	1.1729656067095222
360	111	1.1918726877055807
370	111	1.2130669539005299
380	111	1.2368563562996668
390	111	1.263590137072206
400	111	1.2936549140818367
410	111	1.3274745360165898
420	111	1.3654943018848682
430	111	1.4081545318793038
440	111	1.4558389608406568
450	111	1.5087784760582215
460	111	1.5668906644117209
470	111	1.6295066496790966
480	111	1.6949354530495975
490	111	1.759794855082773
500	111	1.8180530819145857
510	111	1.8598122043705108
520	111	1.8701231410069443
530	111	1.828700195855985
540	111	1.712333335870098
550	111	1.502417435110676
560	111	1.1981141146802547
570	111	0.8289551526631285
580	111	0.4536051118154989
590	111	0.13719024978560396
600	111	-0.07966680589272414
610	111	-0.19533225415190206
620	111	-0.23635013491718143
630	111	-0.2358981838150316
640	111	-0.21912210518431896
650	111	-0.19983679362901713
660	111	-0.1834976211350768
670	111	-0.17111014596896482
680	111	-0.16191874032597506
690	111	-0.15478221297548816
700	111	-0.14872142919227263
710	111	-0.14305887659596775
720	111	-0.1373947927216792
730	111	-0.13153636392492002
740	111	-0.12542732639394188
750	111	-0.11909251531652842
760	111	-0.11259888845268812
770	111	-0.1060302532567571
780	111	-0.09947194881689782
790	111	-0.0930024472058253
0	112	1.0069773824309782
10	112	1.0070607002187706
20	112	1.0073137775666936
30	112	1.007733509204586
40	112	1.0083192388334585
50	112	1.0090621783750735
60	112	1.0099674655513633
70	112	1.011028592223961
80	112	1.0122456589056077
90	112	1.0136209912584742
100	112	1.015154663756146
110	112	1.0168582932529833
120	112	1.0187335091086491
130	112	1.0207979564816445
140	112	1.0230576840903918
150	112	1.0255357632410729
160	112	1.0282454600886288
170	112	1.031212377931929
180	112	1.034461376074287
190	112	1.0380220692388746
200	112	1.0419266067506987
210	112	1.0462128487484719
220	112	1.0509235277437008
230	112	1.0561041145337777
240	112	1.0615166308311577
250	112	1.068096788227853
260	112	1.0750382037450896
270	112	1.0827069787719554
280	112	1.0907392713232125
290	112	1.1005958091082393
300	112	1.111025298553799
310	112	1.1226123818268408
320	112	1.1353618811652915
330	112	1.1498645677428911
340	112	1.1658897204173266
350	112	1.1837989755003202
360	112	1.2038420357562163
370	112	1.2263033137302735
380	112	1.2515056496189687
390	112	1.2798085803746622
400	112	1.3116075386147736
410	112	1.347324668554055
420	112	1.3873886633491328
430	112	1.4321955405845135
440	112	1.4820371486985744
450	112	1.5369766897174628
460	112	1.596638885986766
470	112	1.6598707015337149
480	112	1.7242114771175088
490	112	1.7851133055937043
500	112	1.8348918305125472
510	112	1.8615463635617322
520	112	1.847962653167927
530	112	1.772734218717059
540	112	1.6146718037099688
550	112	1.3627677232292015
560	112	1.02948167416779
570	112	0.6578046167174105
580	112	0.31031915212101246
590	112	0.04159627625290381
600	112	-0.12618370341634977
610	112	-0.20556065807406668
620	112	-0.22685389396608496
630	112	-0.21940872577901566
640	112	-0.2026222041840638
650	112	-0.18600744627107865
660	112	-0.17273635709552998
670	112	-0.1629269260171336
680	112	-0.15564194437703288
690	112	-0.14983223469803025
700	112	-0.1446756469673128
710	112	-0.13963624791706872
720	112	-0.13441930991922812
730	112	-0.1289024346431369
740	112	-0.12307334577236771
750	112	-0.11698276868940821
760	112	-0.11071203227998036
770	112	-0.10435236568546728
780	112	-0.09799267191968877
790	112	-0.09171296202704936
0	113	1.0075579327290942
10	113	1.0076457533630319
20	113	1.0079128212186843
30	113	1.0083611632656022
40	113	1.0089827458148026
50	113	1.0097781246684001
60	113	1.010745157445601
70	113	1.011872315004179
80	113	1.0131708799209784
90	113	1.0146376242303845
100	113	1.01627514471314
110	113	1.0180898165570418
120	113	1.0200899177039333
130	113	1.0222890163547433
140	113	1.0246967790621446
150	113	1.0273337602265757
160	113	1.0302194417951838
170	113	1.0333763095028217
180	113	1.036832420859379
190	113	1.0406170303976439
200	113	1.0447673216602762
210	113	1.0493213736776805
220	113	1.054323044945571
230	113	1.0601225812104462
240	113	1.0655885325939307
250	113	1.0729226292141527
260	113	1.079913753016594
270	113	1.088049356154957
280	113	1.0972304227891456
290	113	1.1070689705321235
300	113	1.117930859640845
310	113	1.1303597586812362
320	113	1.14402514613137
330	113	1.1592493439244704
340	113	1.176235999324265
350	113	1.1952171467683055
360	113	1.2164548701891484
370	113	1.240248233683135
380	113	1.2669302904640356
390	113	1.296870378621963
400	113	1.330466109764646
410	113	1.3681308011606939
420	113	1.4102616204523346
430	113	1.4571876899966996
440	113	1.509073092262045
450	113	1.5657553785807097
460	113	1.6264821113387482
470	113	1.6894921276952843
480	113	1.7513884712832115
490	113	1.8062577127649209
500	113	1.8445866840202074
510	113	1.8522615735262742
520	113	1.810450162695278
530	113	1.6979382552504156
540	113	1.4979281319052218
550	113	1.2095969850713009
560	113	0.8591284120479808
570	113	0.49906870275326337
580	113	0.1892358263970705
590	113	-0.03059441471136337
600	113	-0.15519496723776247
610	113	-0.20636140590383834
620	113	-0.21426936604824515
630	113	-0.20331096995402914
640	113	-0.18780909593294368
650	113	-0.17400150529536546
660	113	-0.16349505542955475
670	113	-0.15588023723625222
680	113	-0.1501739718399117
690	113	-0.1454485222698844
700	113	-0.141028699332305
710	113	-0.1365006936342345
720	113	-0.1316571316068803
730	113	-0.12643280885774727
740	113	-0.12085044059721275
750	113	-0.11498089699908552
760	113	-0.1089163141457547
770	113	-0.10275320751665055
780	113	-0.09658278994194029
790	113	-0.09048590081510481
0	114	1.008175347752773
10	114	1.0082706788110243
20	114	1.0085596248584585
30	114	1.009030860321738
40	114	1.009697009158822
50	114	1.010537288448454
60	114	1.0115681744583076
70	114	1.012771062835768
80	114	1.0141523743191927
90	114	1.0157112862619757
100	114	1.0174587746802024
110	114	1.0193929319865938
120	114	1.0215200218374394
130	114	1.0238610849014207
140	114	1.0264263981975754
150	114	1.0292323890136872
160	114	1.0323003847753314
170	114	1.0356566942375864
180	114	1.039331160187363
190	114	1.0433535432395993
200	114	1.047762351897219
210	114	1.0525976809905655
220	114	1.0579049501715954
230	114	1.063742361607693
240	114	1.0701656893865266
250	114	1.0771309840432348
260	114	1.085051296894609
270	114	1.0936763063594621
280	114	1.1032166876390093
290	114	1.1138146063832945
300	114	1.125504879500051
310	114	1.1385236571759039
320	114	1.153006619345022
330	114	1.1691399849614148
340	114	1.1871394814511247
350	114	1.207248708032854
360	114	1.229742871849426
370	114	1.2549323937619135
380	114	1.2831606069366346
390	114	1.3148016224705381
400	114	1.3502496350211797
410	114	1.389896415936348
420	114	1.434090734606656
430	114	1.483064982788087
440	114	1.5368102936080266
450	114	1.5948703273370854
460	114	1.6560130355564135
470	114	1.7177288513709148
480	114	1.7755047922609462
490	114	1.8218752791857085
500	114	1.8453924742611927
510	114	1.8300098970623357
520	114	1.7559852661801625
530	114	1.604072140965897
540	114	1.364400748863736
550	114	1.0481029323084192
560	114	0.6936100731157671
570	114	0.3576191315180898
580	114	0.09129835700051825
590	114	-0.08197350195134231
600	114	-0.17055703789035492
610	114	-0.20085437268666162
620	114	-0.20032410018556818
630	114	-0.18823624470066574
640	114	-0.17473110613627116
650	114	-0.16365053599742332
660	114	-0.15557097673205805
670	114	-0.14979990963876752
680	114	-0.14539016021954546
690	114	-0.14154561776237892
700	114	-0.1377238938190529
710	114	-0.13361515755018943
720	114	-0.12908413372604124
730	114	-0.12411173657074669
740	114	-0.11874834357078953
750	114	-0.11308027443000042
760	114	-0.10720760577047461
770	114	-0.10123044875680653
780	114	-0.09524131599265409
790	114	-0.0893213282096048
0	115	1.0088318343567149
10	115	1.008935105859297
20	115	1.0092395949155495
30	115	1.009744938581738
40	115	1.0104496512137846
50	115	1.0113496162314697
60	115	1.0124416775420788
70	115	1.0137231286286155
80	115	1.0151925810351583
90	115	1.01685688766388
100	115	1.0187091525462193
110	115	1.0207676697242154
120	115	1.0230356236352385
130	115	1.025522614041236
140	115	1.0282507434380315
150	115	1.0312336454701132
160	115	1.034494390880542
170	115	1.0380629354007256
180	115	1.0419648537259567
190	115	1.0462365701084049
200	115	1.0509165464382242
210	115	1.056046944774839
220	115	1.0617106159166954
230	115	1.0678706309770287
240	115	1.0746811726800796
250	115	1.0821335299090769
260	115	1.0905724421385448
270	115	1.0995312405562727
280	115	1.109775102797096
290	115	1.1209106392531782
300	115	1.133330279433071
310	115	1.1471248902291316
320	115	1.162469081819274
330	115	1.179561161621291
340	115	1.1986276329165366
350	115	1.2199231228706169
360	115	1.2437362259951095
370	115	1.2703864896714676
380	115	1.300224665650467
390	115	1.3336248744155201
400	115	1.3709681392110777
410	115	1.412611410258269
420	115	1.4588312980171423
430	115	1.5097271308157478
440	115	1.5650614050944416
450	115	1.624000467963609
460	115	1.6847158867478358
470	115	1.7437928625915007
480	115	1.7954226385989691
490	115	1.8304359450503018
500	115	1.8354660616948075
510	115	1.7929768193541258
520	115	1.6835362550766184
530	115	1.4920028457211523
540	115	1.2177369758066092
550	115	0.8842529603940743
560	115	0.5388905130072239
570	115	0.2365684190841712
580	115	0.015703905267606802
590	115	-0.11586215941198948
600	115	-0.17584501312029366
610	115	-0.19149666051707426
620	115	-0.18620157263834092
630	115	-0.17452367585801343
640	115	-0.16332932836673666
650	115	-0.15477089572492356
660	115	-0.14877907598684065
670	115	-0.1445390592769796
680	115	-0.14118543756692425
690	115	-0.13805216136480414
700	115	-0.13471401409068373
710	115	-0.13094873152638542
720	115	-0.12668008905616243
730	115	-0.12192598590170439
740	115	-0.11675840966444904
750	115	-0.11127534471027668
760	115	-0.10558250720734552
770	115	-0.09978226381342453
780	115	-0.0939676303148437
790	115	-0.08821960132067787
0	116	1.0095318717578232
10	116	1.0096410966385583
20	116	1.0099637920253428
30	116	1.0105014868994473
40	116	1.0112471012211393
50	116	1.0122048909364594
60	116	1.0133659953401013
70	116	1.0147290316056239
80	116	1.0162919584725305
90	116	1.0180592578423069
100	116	1.0200353137395184
110	116	1.0222215502554668
120	116	1.0246302005286037
130	116	1.0272747714687536
140	116	1.0301753028867477
150	116	1.033344605730523
160	116	1.036809615732623
170	116	1.0405970165406075
180	116	1.0447402816674212
190	116	1.0492728940631981
200	116	1.0542308315155877
210	116	1.0596799910598815
220	116	1.0656526511357514
230	116	1.0722164817387123
240	116	1.079435189501551
250	116	1.087387120145026
260	116	1.0961572156121961
270	116	1.105834590357319
280	116	1.116554903067963
290	116	1.1284172553972343
300	116	1.1415735815258115
310	116	1.1561858769113202
320	116	1.1724380923398598
330	116	1.1905394689795532
340	116	1.2107283757493184
350	116	1.2332702231950239
360	116	1.258464533217787
370	116	1.2866391389487255
380	116	1.318147120001004
390	116	1.3533558290620413
400	116	1.3926220535231284
410	116	1.436248699671842
420	116	1.4844112195591213
430	116	1.5370312448748418
440	116	1.593574504597974
450	116	1.6527333294006046
460	116	1.7119488554904665
470	116	1.7667366394524713
480	116	1.809825736081844
490	116	1.8302649154581063
500	116	1.8129641634879532
510	116	1.739669649069729
520	116	1.5928868545618386
530	116	1.363850110064255
540	116	1.0627312953010977
550	116	0.7241871542044377
560	116	0.39974643736492205
570	116	0.1371838180163855
580	116	-0.03965898792231186
590	116	-0.1358076102850484
600	116	-0.1741333243323365
610	116	-0.18012298236150642
620	116	-0.1726623166113497
630	116	-0.16231281864295263
640	116	-0.1534839857778045
650	116	-0.14718001379102572
660	116	-0.1429544432178134
670	116	-0.13997213320905666
680	116	-0.1374715564404233
690	116	-0.1349086510389763
700	116	-0.1319597307451313
710	116	-0.128475584348321
720	116	-0.1244280470913823
730	116	-0.11986441786642885
740	116	-0.11487335656615977
750	116	-0.10956146810633093
760	116	-0.10403825924366722
770	116	-0.09840727064065781
780	116	-0.09276145407777035
790	116	-0.08718136402624671
0	117	1.0102786978866267
10	117	1.0103899162741112
20	117	1.0107362774640427
30	117	1.0113063948324441
40	117	1.0120999684559047
50	117	1.0131154590159333
60	117	1.0143481952427253
70	117	1.0157944318259682
80	117	1.0174579551521261
90	117	1.0193338582938856
100	117	1.0214314686903143
110	117	1.0237545086059157
120	117	1.0263136946252778
130	117	1.0291243941690256
140	117	1.0322023358789811
150	117	1.0355690683401024
160	117	1.0392473372333066
170	117	1.04326634803621
180	117	1.047716567929541
190	117	1.052470014684184
200	117	1.057734253842128
210	117	1.0635053695565404
220	117	1.0698354753589059
230	117	1.0767362283494701
240	117	1.084440735805845
250	117	1.092914766473098
260	117	1.1021546010400598
270	117	1.112414216794854
280	117	1.123759552780543
290	117	1.136322848750627
300	117	1.1502558872466246
310	117	1.165729300122195
320	117	1.1829383295220997
330	117	1.202102561146103
340	117	1.223470646610905
350	117	1.247319881638396
360	117	1.2739575483055507
370	117	1.303716428532786
380	117	1.3369478475290621
390	117	1.3740021311299417
400	117	1.4151968489229272
410	117	1.4607580914205318
420	117	1.5107232372379642
430	117	1.56478139753298
440	117	1.6220215848687418
450	117	1.6805489562814506
460	117	1.7369289966625268
470	117	1.7854438396060401
480	117	1.817233638754367
490	117	1.8196037059491383
500	117	1.7761814938677731
510	117	1.6691373997781322
520	117	1.4848525608030305
530	117	1.222988801281805
540	117	0.9049297094456995
550	117	0.5735794066952393
560	117	0.2793812467420691
570	117	0.059067203361384095
580	117	-0.07770484705353158
590	117	-0.14520194074952816
600	117	-0.16790912240356173
610	117	-0.16803407161957506
620	117	-0.16015405616391842
630	117	-0.1516135942406475
640	117	-0.14504543929644523
650	117	-0.14070561323389677
660	117	-0.13795271787841668
670	117	-0.1359924908855091
680	117	-0.13417458049035375
690	117	-0.1320654811431575
700	117	-0.12942824903584577
710	117	-0.12617412608078765
720	117	-0.12231378673330444
730	117	-0.11791765839088404
740	117	-0.11308708189644075
750	117	-0.10793479117530991
760	117	-0.102572635815668
770	117	-0.09710449874240752
780	117	-0.0916228223894717
790	117	-0.08620747228299112
0	118	1.0110670953402563
10	118	1.0111902319992097
20	118	1.0115520662357282
30	118	1.0121593996234
40	118	1.013001526685353
50	118	1.014078711496201
60	118	1.015385572832897
70	118	1.0169228656188738
80	118	1.0186862730472293
90	118	1.0206785738148292
100	118	1.0229038311952037
110	118	1.0253712533795556
120	118	1.0280877079545372
130	118	1.0310735744463702
140	118	1.0343407368271034
150	118	1.037910657222507
160	118	1.0418133014686728
170	118	1.045863614717434
180	118	1.0509463043621823
190	118	1.0555604057021708
200	118	1.061528003398783
210	118	1.0675299993681613
220	118	1.0742382869497813
230	118	1.0815664915578342
240	118	1.0896797408291055
250	118	1.0986300161322722
260	118	1.1084690805198683
270	118	1.1193324936310405
280	118	1.1313445744262125
290	118	1.1446469409974465
300	118	1.1593986239296172
310	118	1.1757800287101186
320	118	1.1939964977855828
330	118	1.214277778015355
340	118	1.236883799804481
350	118	1.2621009135063566
360	118	1.2902422425933062
370	118	1.3216414869020123
380	118	1.3566397446042997
390	118	1.3955596123878964
400	118	1.438659980992158
410	118	1.4860608203716927
420	118	1.5376166763717567
430	118	1.5927182507618767
440	118	1.6499836291171963
450	118	1.7068048855027245
460	118	1.7587195631980523
470	118	1.798630747798615
480	118	1.8160349970661191
490	118	1.796705067674662
500	118	1.7237276954871035
510	118	1.5811982102062536
520	118	1.3614149689117059
530	118	1.0738721510289826
540	118	0.7500933875687265
550	118	0.4370756950181893
560	118	0.17929920569497004
570	118	0.0005209063272269966
580	118	-0.10167721245473335
590	118	-0.147040476812428
600	118	-0.15908021241358822
610	118	-0.15610204414797837
620	118	-0.1489035273670487
630	118	-0.14235671996908075
640	118	-0.13785428285978996
650	118	-0.13519061418293488
660	118	-0.13364901711820476
670	118	-0.13251000847283867
680	118	-0.13123268876106703
690	118	-0.12948129434241187
700	118	-0.12709219769055907
710	118	-0.1240263105817135
720	118	-0.12032537541424886
730	118	-0.11607784502054663
740	118	-0.11139448070434993
750	118	-0.10639215788759171
760	118	-0.10118391929597653
770	118	-0.09587334510996946
780	118	-0.09055203278698311
790	118	-0.08529902639217683
0	119	1.0119051890193242
10	119	1.0120359663800318
20	119	1.012423165380596
30	119	1.0130631845992484
40	119	1.013955743553142
50	119	1.0150967875419028
60	119	1.0164856369791668
70	119	1.0181128068442362
80	119	1.019984387649178
90	119	1.0220975757381225
100	119	1.0244602975889967
110	119	1.0270778658038549
120	119	1.0299609046821585
130	119	1.0331254602464712
140	119	1.036590580147015
150	119	1.0403770784685427
160	119	1.0444253635754703
170	119	1.0489626860744241
180	119	1.053975220164549
190	119	1.0593775490931008
200	119	1.0654556009032718
210	119	1.071489360288596
220	119	1.079053908057904
230	119	1.0865118457423977
240	119	1.0952518641154554
250	119	1.1046978816730928
260	119	1.1151134228477642
270	119	1.1266143203420644
280	119	1.139330895762203
290	119	1.15341179045755
300	119	1.1690257418898862
310	119	1.1863632505413138
320	119	1.2056392625290588
330	119	1.2270942076245492
340	119	1.2509967151288615
350	119	1.2776410033435521
360	119	1.3073430542808784
370	119	1.3404313600881341
380	119	1.3772271087611971
390	119	1.418009451465046
400	119	1.4629553962351316
410	119	1.5120420649500066
420	119	1.5648876198180177
430	119	1.6205055747190917
440	119	1.6769356023491733
450	119	1.73072079112459
460	119	1.7762228352753566
470	119	1.8048607866941224
480	119	1.8045485341404008
490	119	1.7599655427601975
500	119	1.6547330586285895
510	119	1.4766379518367703
520	119	1.2257260705910333
530	119	0.9216785561146695
540	119	0.6036127550183253
550	119	0.3179103162651234
560	119	0.0994265223507173
570	119	-0.04100176636311334
580	119	-0.1147714917759452
590	119	-0.1438062879998843
600	119	-0.14903881129725077
610	119	-0.14487237090830393
620	119	-0.13898812919467549
630	119	-0.1344288022800854
640	119	-0.1317537068183411
650	119	-0.13049505071281475
660	119	-0.12993630741507214
670	119	-0.12944885574311457
680	119	-0.12859421844020172
690	119	-0.12712161925960935
700	119	-0.12492875724492701
710	119	-0.12201701283459025
720	119	-0.11845281373688452
730	119	-0.11433840534690803
740	119	-0.10979131730021068
750	119	-0.1049310275931532
760	119	-0.09987082677867513
770	119	-0.09471354769391233
780	119	-0.08954968373843543
790	119	-0.08445740474519446
0	120	1.0094266179635347
10	120	1.0124681563219249
20	120	1.0157665463496035
30	120	1.0140731422996336
40	120	1.014696959170143
50	120	1.0161768484723892
60	120	1.0176465119436406
70	120	1.019372244539727
80	120	1.0213552549359923
90	120	1.023595508283668
100	120	1.0260998852470014
110	120	1.0288751627459771
120	120	1.031931232916989
130	120	1.035286620039133
140	120	1.0392647068010261
150	120	1.0433614847094475
160	120	1.047359728946383
170	120	1.051797380760465
180	120	1.0578930842450287
190	120	1.0631031882268993
200	120	1.069363238065756
210	120	1.076222045850438
220	120	1.083835443428632
230	120	1.092003030854038
240	120	1.1010845525432076
250	120	1.1110832500202565
260	120	1.1221070629729981
270	120	1.1342791892734185
280	120	1.147737310221971
290	120	1.1626388602907647
300	120	1.1791615678437863
310	120	1.197505146309172
320	120	1.2178942407834872
330	120	1.2405796654054473
340	120	1.2658373585601697
350	120	1.2939660979461982
360	120	1.3252806496297438
370	120	1.3600959812614686
380	120	1.398701507814707
390	120	1.441313035071222
400	120	1.4879972872808798
410	120	1.538543086804779
420	120	1.5922676287964033
430	120	1.6477166017560003
440	120	1.7022322484427739
450	120	1.7513680708729733
460	120	1.788183089472215
470	120	1.802580476785829
480	120	1.7811161530826338
490	120	1.7080931694493473
500	120	1.5690587500160234
510	120	1.3573332226359653
520	120	1.081951108549845
530	120	0.7718256031873943
540	120	0.4699804374837631
550	120	0.21775284317333224
560	120	0.03841635737311594
570	120	-0.0684549399302076
580	120	-0.11987994101678205
590	120	-0.13745021440679767
600	120	-0.13875025025279444
610	120	-0.1346528197277191
620	120	-0.1303893778435511
630	120	-0.12769588449789365
640	120	-0.1265965579044668
650	120	-0.12649620747028328
660	120	-0.12672352237718607
670	120	-0.12674534231048457
680	120	-0.12621607309932067
690	120	-0.1249577190809727
700	120	-0.12291887105644256
710	120	-0.12013360554258111
720	120	-0.11668772784085321
730	120	-0.11269382073750327
740	120	-0.10827410194250393
750	120	-0.10354935607117194
760	120	-0.0986324680856236
770	120	-0.09362511407600506
780	120	-0.08861659531976943
790	120	-0.08368412399450245