0	1	1
10	1	1
20	1	1
30	1	1
40	1	1
50	1	1
60	1	1
70	1	1
80	1	1
90	1	1
100	1	1
110	1	1
120	1	1
130	1	1
140	1	1
150	1	1
160	1	1
170	1	1
180	1	1
190	1	1
200	1	1
210	1	1
220	1	1
230	1	1
240	1	1
250	1	1
260	1	1
270	1	1
280	1	1
290	1	1
300	1	1
310	1	1
320	1	1
330	1	1
340	1	1
350	1	1
360	1	1
370	1	1
380	1	1
390	1	1
400	1	1
410	1	1
420	1	1
430	1	1
440	1	1
450	1	1
460	1	1
470	1	1
480	1	1
490	1	1
500	1	1
510	1	1
520	1	1
530	1	1
540	1	1
550	1	1
560	1	1
570	1	1
580	1	1
590	1	1
600	1	1
610	1	1
620	1	1
630	1	1
640	1	1
650	1	1
660	1	1
670	1	1
680	1	1
690	1	1
700	1	1
710	1	1
720	1	1
730	1	1
740	1	1
750	1	1
760	1	1
770	1	1
780	1	1
790	1	1
0	2	1
10	2	1
20	2	1
30	2	1
40	2	1
50	2	1
60	2	1
70	2	1
80	2	1
90	2	1
100	2	1
110	2	1
120	2	1
130	2	1
140	2	1
150	2	1
160	2	1
170	2	1
180	2	1
190	2	1
200	2	1
210	2	1
220	2	1
230	2	1
240	2	1
250	2	1
260	2	1
270	2	1
280	2	1
290	2	1
300	2	1
310	2	1
320	2	1
330	2	1
340	2	1
350	2	1
360	2	1
370	2	1
380	2	1
390	2	1
400	2	1
410	2	1
420	2	1
430	2	1
440	2	1
450	2	1
460	2	1
470	2	1
480	2	1
490	2	1
500	2	1
510	2	1
520	2	1
530	2	1
540	2	1
550	2	1
560	2	1
570	2	1
580	2	1
590	2	1
600	2	1
610	2	1
620	2	1
630	2	1
640	2	1
650	2	1
660	2	1
670	2	1
680	2	1
690	2	1
700	2	1
710	2	1
720	2	1
730	2	1
740	2	1
750	2	1
760	2	1
770	2	1
780	2	1
790	2	1
0	3	1
10	3	1
20	3	1
30	3	1
40	3	1
50	3	1
60	3	1
70	3	1
80	3	1
90	3	1
100	3	1
110	3	1
120	3	1
130	3	1
140	3	1
150	3	1
160	3	1
170	3	1
180	3	1
190	3	1
200	3	1
210	3	1
220	3	1
230	3	1
240	3	1
250	3	1
260	3	1
270	3	1
280	3	1
290	3	1
300	3	1
310	3	1
320	3	1
330	3	1
340	3	1
350	3	1
360	3	1
370	3	1
380	3	1
390	3	1
400	3	1
410	3	1
420	3	1
430	3	1
440	3	1
450	3	1
460	3	1
470	3	1
480	3	1
490	3	1
500	3	1
510	3	1
520	3	1
530	3	1
540	3	1
550	3	1
560	3	1
570	3	1
580	3	1
590	3	1
600	3	1
610	3	1
620	3	1
630	3	1
640	3	1
650	3	1
660	3	1
670	3	1
680	3	1
690	3	1
700	3	1
710	3	1
720	3	1
730	3	1
740	3	1
750	3	1
760	3	1
770	3	1
780	3	1
790	3	1
0	4	1
10	4	1
20	4	1
30	4	1
40	4	1
50	4	1
60	4	1
70	4	1
80	4	1
90	4	1
100	4	1
110	4	1
120	4	1
130	4	1
140	4	1
150	4	1
160	4	1
170	4	1
180	4	1
190	4	1
200	4	1
210	4	1
220	4	1
230	4	1
240	4	1
250	4	1
260	4	1
270	4	1
280	4	1
290	4	1
300	4	1
310	4	1
320	4	1
330	4	1
340	4	1
350	4	1
360	4	1
370	4	1
380	4	1
390	4	1
400	4	1
410	4	1
420	4	1
430	4	1
440	4	1
450	4	1
460	4	1
470	4	1
480	4	1
490	4	1
500	4	1
510	4	1
520	4	1
530	4	1
540	4	1
550	4	1
560	4	1
570	4	1
580	4	1
590	4	1
600	4	1
610	4	1
620	4	1
630	4	1
640	4	1
650	4	1
660	4	1
670	4	1
680	4	1
690	4	1
700	4	1
710	4	1
720	4	1
730	4	1
740	4	1
750	4	1
760	4	1
770	4	1
780	4	1
790	4	1
0	5	1
10	5	1
20	5	1
30	5	1
40	5	1
50	5	1
60	5	1
70	5	1
80	5	1
90	5	1
100	5	1
110	5	1
120	5	1
130	5	1
140	5	1
150	5	1
160	5	1
170	5	1
180	5	1
190	5	1
200	5	1
210	5	1
220	5	1
230	5	1
240	5	1
250	5	1
260	5	1
270	5	1
280	5	1
290	5	1
300	5	1
310	5	1
320	5	1
330	5	1
340	5	1
350	5	1
360	5	1
370	5	1
380	5	1
390	5	1
400	5	1
410	5	1
420	5	1
430	5	1
440	5	1
450	5	1
460	5	1
470	5	1
480	5	1
490	5	1
500	5	1
510	5	1
520	5	1
530	5	1
540	5	1
550	5	1
560	5	1
570	5	1
580	5	1
590	5	1
600	5	1
610	5	1
620	5	1
630	5	1
640	5	1
650	5	1
660	5	1
670	5	1
680	5	1
690	5	1
700	5	1
710	5	1
720	5	1
730	5	1
740	5	1
750	5	1
760	5	1
770	5	1
780	5	1
790	5	1
0	6	1
10	6	1
20	6	1
30	6	1
40	6	1
50	6	1
60	6	1
70	6	1
80	6	1
90	6	1
100	6	1
110	6	1
120	6	1
130	6	1
140	6	1
150	6	1
160	6	1
170	6	1
180	6	1
190	6	1
200	6	1
210	6	1
220	6	1
230	6	1
240	6	1
250	6	1
260	6	1
270	6	1
280	6	1
290	6	1
300	6	1
310	6	1
320	6	1
330	6	1
340	6	1
350	6	1
360	6	1
370	6	1
380	6	1
390	6	1
400	6	1
410	6	1
420	6	1
430	6	1
440	6	1
450	6	1
460	6	1
470	6	1
480	6	1
490	6	1
500	6	1
510	6	1
520	6	1
530	6	1
540	6	1
550	6	1
560	6	1
570	6	1
580	6	1
590	6	1
600	6	1
610	6	1
620	6	1
630	6	1
640	6	1
650	6	1
660	6	1
670	6	1
680	6	1
690	6	1
700	6	1
710	6	1
720	6	1
730	6	1
740	6	1
750	6	1
760	6	1
770	6	1
780	6	1
790	6	1
0	7	1
10	7	1
20	7	1
30	7	1
40	7	1
50	7	1
60	7	1
70	7	1
80	7	1
90	7	1
100	7	1
110	7	1
120	7	1
130	7	1
140	7	1
150	7	1
160	7	1
170	7	1
180	7	1
190	7	1
200	7	1
210	7	1
220	7	1
230	7	1
240	7	1
250	7	1
260	7	1
270	7	1
280	7	1
290	7	1
300	7	1
310	7	1
320	7	1
330	7	1
340	7	1
350	7	1
360	7	1
370	7	1
380	7	1
390	7	1
400	7	1
410	7	1
420	7	1
430	7	1
440	7	1
450	7	1
460	7	1
470	7	1
480	7	1
490	7	1
500	7	1
510	7	1
520	7	1
530	7	1
540	7	1
550	7	1
560	7	1
570	7	1
580	7	1
590	7	1
600	7	1
610	7	1
620	7	1
630	7	1
640	7	1
650	7	1
660	7	1
670	7	1
680	7	1
690	7	1
700	7	1
710	7	1
720	7	1
730	7	1
740	7	1
750	7	1
760	7	1
770	7	1
780	7	1
790	7	1
0	8	1
10	8	1
20	8	1
30	8	1
40	8	1
50	8	1
60	8	1
70	8	1
80	8	1
90	8	1
100	8	1
110	8	1
120	8	1
130	8	1
140	8	1
150	8	1
160	8	1
170	8	1
180	8	1
190	8	1
200	8	1
210	8	1
220	8	1
230	8	1
240	8	1
250	8	1
260	8	1
270	8	1
280	8	1
290	8	1
300	8	1
310	8	1
320	8	1
330	8	1
340	8	1
350	8	1
360	8	1
370	8	1
380	8	1
390	8	1
400	8	1
410	8	1
420	8	1
430	8	1
440	8	1
450	8	1
460	8	1
470	8	1
480	8	1
490	8	1
500	8	1
510	8	1
520	8	1
530	8	1
540	8	1
550	8	1
560	8	1
570	8	1
580	8	1
590	8	1
600	8	1
610	8	1
620	8	1
630	8	1
640	8	1
650	8	1
660	8	1
670	8	1
680	8	1
690	8	1
700	8	1
710	8	1
720	8	1
730	8	1
740	8	1
750	8	1
760	8	1
770	8	1
780	8	1
790	8	1
0	9	1
10	9	1
20	9	1
30	9	1
40	9	1
50	9	1
60	9	1
70	9	1
80	9	1
90	9	1
100	9	1
110	9	1
120	9	1
130	9	1
140	9	1
150	9	1
160	9	1
170	9	1
180	9	1
190	9	1
200	9	1
210	9	1
220	9	1
230	9	1
240	9	1
250	9	1
260	9	1
270	9	1
280	9	1
290	9	1
300	9	1
310	9	1
320	9	1
330	9	1
340	9	1
350	9	1
360	9	1
370	9	1
380	9	1
390	9	1
400	9	1
410	9	1
420	9	1
430	9	1
440	9	1
450	9	1
460	9	1
470	9	1
480	9	1
490	9	1
500	9	1
510	9	1
520	9	1
530	9	1
540	9	1
550	9	1
560	9	1
570	9	1
580	9	1
590	9	1
600	9	1
610	9	1
620	9	1
630	9	1
640	9	1
650	9	1
660	9	1
670	9	1
680	9	1
690	9	1
700	9	1
710	9	1
720	9	1
730	9	1
740	9	1
750	9	1
760	9	1
770	9	1
780	9	1
790	9	1
0	10	1
10	10	1
20	10	1
30	10	1
40	10	1
50	10	1
60	10	1
70	10	1
80	10	1
90	10	1
100	10	1
110	10	1
120	10	1
130	10	1
140	10	1
150	10	1
160	10	1
170	10	1
180	10	1
190	10	1
200	10	1
210	10	1
220	10	1
230	10	1
240	10	1
250	10	1
260	10	1
270	10	1
280	10	1
290	10	1
300	10	1
310	10	1
320	10	1
330	10	1
340	10	1
350	10	1
360	10	1
370	10	1
380	10	1
390	10	1
400	10	1
410	10	1
420	10	1
430	10	1
440	10	1
450	10	1
460	10	1
470	10	1
480	10	1
490	10	1
500	10	1
510	10	1
520	10	1
530	10	1
540	10	1
550	10	1
560	10	1
570	10	1
580	10	1
590	10	1
600	10	1
610	10	1
620	10	1
630	10	1
640	10	1
650	10	1
660	10	1
670	10	1
680	10	1
690	10	1
700	10	1
710	10	1
720	10	1
730	10	1
740	10	1
750	10	1
760	10	1
770	10	1
780	10	1
790	10	1
0	11	1
10	11	1
20	11	1
30	11	1
40	11	1
50	11	1
60	11	1
70	11	1
80	11	1
90	11	1
100	11	1
110	11	1
120	11	1
130	11	1
140	11	1
150	11	1
160	11	1
170	11	1
180	11	1
190	11	1
200	11	1
210	11	1
220	11	1
230	11	1
240	11	1
250	11	1
260	11	1
270	11	1
280	11	1
290	11	1
300	11	1
310	11	1
320	11	1
330	11	1
340	11	1
350	11	1
360	11	1
370	11	1
380	11	1
390	11	1
400	11	1
410	11	1
420	11	1
430	11	1
440	11	1
450	11	1
460	11	1
470	11	1
480	11	1
490	11	1
500	11	1
510	11	1
520	11	1
530	11	1
540	11	1
550	11	1
560	11	1
570	11	1
580	11	1
590	11	1
600	11	1
610	11	1
620	11	1
630	11	1
640	11	1
650	11	1
660	11	1
670	11	1
680	11	1
690	11	1
700	11	1
710	11	1
720	11	1
730	11	1
740	11	1
750	11	1
760	11	1
770	11	1
780	11	1
790	11	1
0	12	1
10	12	1
20	12	1
30	12	1
40	12	1
50	12	1
60	12	1
70	12	1
80	12	1
90	12	1
100	12	1
110	12	1
120	12	1
130	12	1
140	12	1
150	12	1
160	12	1
170	12	1
180	12	1
190	12	1
200	12	1
210	12	1
220	12	1
230	12	1
240	12	1
250	12	1
260	12	1
270	12	1
280	12	1
290	12	1
300	12	1
310	12	1
320	12	1
330	12	1
340	12	1
350	12	1
360	12	1
370	12	1
380	12	1
390	12	1
400	12	1
410	12	1
420	12	1
430	12	1
440	12	1
450	12	1
460	12	1
470	12	1
480	12	1
490	12	1
500	12	1
510	12	1
520	12	1
530	12	1
540	12	1
550	12	1
560	12	1
570	12	1
580	12	1
590	12	1
600	12	1
610	12	1
620	12	1
630	12	1
640	12	1
650	12	1
660	12	1
670	12	1
680	12	1
690	12	1
700	12	1
710	12	1
720	12	1
730	12	1
740	12	1
750	12	1
760	12	1
770	12	1
780	12	1
790	12	1
0	13	1
10	13	1
20	13	1
30	13	1
40	13	1
50	13	1
60	13	1
70	13	1
80	13	1
90	13	1
100	13	1
110	13	1
120	13	1
130	13	1
140	13	1
150	13	1
160	13	1
170	13	1
180	13	1
190	13	1
200	13	1
210	13	1
220	13	1
230	13	1
240	13	1
250	13	1
260	13	1
270	13	1
280	13	1
290	13	1
300	13	1
310	13	1
320	13	1
330	13	1
340	13	1
350	13	1
360	13	1
370	13	1
380	13	1
390	13	1
400	13	1
410	13	1
420	13	1
430	13	1
440	13	1
450	13	1
460	13	1
470	13	1
480	13	1
490	13	1
500	13	1
510	13	1
520	13	1
530	13	1
540	13	1
550	13	1
560	13	1
570	13	1
580	13	1
590	13	1
600	13	1
610	13	1
620	13	1
630	13	1
640	13	1
650	13	1
660	13	1
670	13	1
680	13	1
690	13	1
700	13	1
710	13	1
720	13	1
730	13	1
740	13	1
750	13	1
760	13	1
770	13	1
780	13	1
790	13	1
0	14	1
10	14	1
20	14	1
30	14	1
40	14	1
50	14	1
60	14	1
70	14	1
80	14	1
90	14	1
100	14	1
110	14	1
120	14	1
130	14	1
140	14	1
150	14	1
160	14	1
170	14	1
180	14	1
190	14	1
200	14	1
210	14	1
220	14	1
230	14	1
240	14	1
250	14	1
260	14	1
270	14	1
280	14	1
290	14	1
300	14	1
310	14	1
320	14	1
330	14	1
340	14	1
350	14	1
360	14	1
370	14	1
380	14	1
390	14	1
400	14	1
410	14	1
420	14	1
430	14	1
440	14	1
450	14	1
460	14	1
470	14	1
480	14	1
490	14	1
500	14	1
510	14	1
520	14	1
530	14	1
540	14	1
550	14	1
560	14	1
570	14	1
580	14	1
590	14	1
600	14	1
610	14	1
620	14	1
630	14	1
640	14	1
650	14	1
660	14	1
670	14	1
680	14	1
690	14	1
700	14	1
710	14	1
720	14	1
730	14	1
740	14	1
750	14	1
760	14	1
770	14	1
780	14	1
790	14	1
0	15	1
10	15	1
20	15	1
30	15	1
40	15	1
50	15	1
60	15	1
70	15	1
80	15	1
90	15	1
100	15	1
110	15	1
120	15	1
130	15	1
140	15	1
150	15	1
160	15	1
170	15	1
180	15	1
190	15	1
200	15	1
210	15	1
220	15	1
230	15	1
240	15	1
250	15	1
260	15	1
270	15	1
280	15	1
290	15	1
300	15	1
310	15	1
320	15	1
330	15	1
340	15	1
350	15	1
360	15	1
370	15	1
380	15	1
390	15	1
400	15	1
410	15	1
420	15	1
430	15	1
440	15	1
450	15	1
460	15	1
470	15	1
480	15	1
490	15	1
500	15	1
510	15	1
520	15	1
530	15	1
540	15	1
550	15	1
560	15	1
570	15	1
580	15	1
590	15	1
600	15	1
610	15	1
620	15	1
630	15	1
640	15	1
650	15	1
660	15	1
670	15	1
680	15	1
690	15	1
700	15	1
710	15	1
720	15	1
730	15	1
740	15	1
750	15	1
760	15	1
770	15	1
780	15	1
790	15	1
0	16	1
10	16	1
20	16	1
30	16	1
40	16	1
50	16	1
60	16	1
70	16	1
80	16	1
90	16	1
100	16	1
110	16	1
120	16	1
130	16	1
140	16	1
150	16	1
160	16	1
170	16	1
180	16	1
190	16	1
200	16	1
210	16	1
220	16	1
230	16	1
240	16	1
250	16	1
260	16	1
270	16	1
280	16	1
290	16	1
300	16	1
310	16	1
320	16	1
330	16	1
340	16	1
350	16	1
360	16	1
370	16	1
380	16	1
390	16	1
400	16	1
410	16	1
420	16	1
430	16	1
440	16	1
450	16	1
460	16	1
470	16	1
480	16	1
490	16	1
500	16	1
510	16	1
520	16	1
530	16	1
540	16	1
550	16	1
560	16	1
570	16	1
580	16	1
590	16	1
600	16	1
610	16	1
620	16	1
630	16	1
640	16	1
650	16	1
660	16	1
670	16	1
680	16	1
690	16	1
700	16	1
710	16	1
720	16	1
730	16	1
740	16	1
750	16	1
760	16	1
770	16	1
780	16	1.0036000821465527
790	16	1.0052074431467026
0	17	1
10	17	1
20	17	1
30	17	1
40	17	1
50	17	1
60	17	1
70	17	1
80	17	1
90	17	1
100	17	1
110	17	1
120	17	1
130	17	1
140	17	1
150	17	1
160	17	1
170	17	1
180	17	1
190	17	1
200	17	1
210	17	1
220	17	1
230	17	1
240	17	1
250	17	1
260	17	1
270	17	1
280	17	1
290	17	1
300	17	1
310	17	1
320	17	1
330	17	1
340	17	1
350	17	1
360	17	1
370	17	1
380	17	1
390	17	1
400	17	1
410	17	1
420	17	1
430	17	1
440	17	1
450	17	1
460	17	1
470	17	1
480	17	1
490	17	1
500	17	1
510	17	1
520	17	1
530	17	1
540	17	1
550	17	1
560	17	1
570	17	1
580	17	1
590	17	1
600	17	1
610	17	1
620	17	1
630	17	1
640	17	1
650	17	1
660	17	1
670	17	1
680	17	1
690	17	1
700	17	1
710	17	1
720	17	1
730	17	1
740	17	1
750	17	1
760	17	1
770	17	1
780	17	1.0044129655368188
790	17	1.0069741764698832
0	18	1
10	18	1
20	18	1
30	18	1
40	18	1
50	18	1
60	18	1
70	18	1
80	18	1
90	18	1
100	18	1
110	18	1
120	18	1
130	18	1
140	18	1
150	18	1
160	18	1
170	18	1
180	18	1
190	18	1
200	18	1
210	18	1
220	18	1
230	18	1
240	18	1
250	18	1
260	18	1
270	18	1
280	18	1
290	18	1
300	18	1
310	18	1
320	18	1
330	18	1
340	18	1
350	18	1
360	18	1
370	18	1
380	18	1
390	18	1
400	18	1
410	18	1
420	18	1
430	18	1
440	18	1
450	18	1
460	18	1
470	18	1
480	18	1
490	18	1
500	18	1
510	18	1
520	18	1
530	18	1
540	18	1
550	18	1
560	18	1
570	18	1
580	18	1
590	18	1
600	18	1
610	18	1
620	18	1
630	18	1
640	18	1
650	18	1
660	18	1
670	18	1
680	18	1
690	18	1
700	18	1
710	18	1
720	18	1
730	18	1
740	18	1
750	18	1
760	18	1
770	18	1
780	18	1.0061931566346773
790	18	1.0101035243500478
0	19	1
10	19	1
20	19	1
30	19	1
40	19	1
50	19	1
60	19	1
70	19	1
80	19	1
90	19	1
100	19	1
110	19	1
120	19	1
130	19	1
140	19	1
150	19	1
160	19	1
170	19	1
180	19	1
190	19	1
200	19	1
210	19	1
220	19	1
230	19	1
240	19	1
250	19	1
260	19	1
270	19	1
280	19	1
290	19	1
300	19	1
310	19	1
320	19	1
330	19	1
340	19	1
350	19	1
360	19	1
370	19	1
380	19	1
390	19	1
400	19	1
410	19	1
420	19	1
430	19	1
440	19	1
450	19	1
460	19	1
470	19	1
480	19	1
490	19	1
500	19	1
510	19	1
520	19	1
530	19	1
540	19	1
550	19	1
560	19	1
570	19	1
580	19	1
590	19	1
600	19	1
610	19	1
620	19	1
630	19	1
640	19	1
650	19	1
660	19	1
670	19	1
680	19	1
690	19	1
700	19	1
710	19	1
720	19	1
730	19	1
740	19	1
750	19	1
760	19	1
770	19	1
780	19	1.009054145460491
790	19	1.0148356786399408
0	20	1
10	20	1
20	20	1
30	20	1
40	20	1
50	20	1
60	20	1
70	20	1
80	20	1
90	20	1
100	20	1
110	20	1
120	20	1
130	20	1
140	20	1
150	20	1
160	20	1
170	20	1
180	20	1
190	20	1
200	20	1
210	20	1
220	20	1
230	20	1
240	20	1
250	20	1
260	20	1
270	20	1
280	20	1
290	20	1
300	20	1
310	20	1
320	20	1
330	20	1
340	20	1
350	20	1
360	20	1
370	20	1
380	20	1
390	20	1
400	20	1
410	20	1
420	20	1
430	20	1
440	20	1
450	20	1
460	20	1
470	20	1
480	20	1
490	20	1
500	20	1
510	20	1
520	20	1
530	20	1
540	20	1
550	20	1
560	20	1
570	20	1
580	20	1
590	20	1
600	20	1
610	20	1
620	20	1
630	20	1
640	20	1
650	20	1
660	20	1
670	20	1
680	20	1
690	20	1
700	20	1
710	20	1
720	20	1
730	20	1
740	20	1
750	20	1
760	20	1
770	20	1
780	20	1.0134952660302652
790	20	1.0214286666592853
0	21	1
10	21	1
20	21	1
30	21	1
40	21	1
50	21	1
60	21	1
70	21	1
80	21	1
90	21	1
100	21	1
110	21	1
120	21	1
130	21	1
140	21	1
150	21	1
160	21	1
170	21	1
180	21	1
190	21	1
200	21	1
210	21	1
220	21	1
230	21	1
240	21	1
250	21	1
260	21	1
270	21	1
280	21	1
290	21	1
300	21	1
310	21	1
320	21	1
330	21	1
340	21	1
350	21	1
360	21	1
370	21	1
380	21	1
390	21	1
400	21	1
410	21	1
420	21	1
430	21	1
440	21	1
450	21	1
460	21	1
470	21	1
480	21	1
490	21	1
500	21	1
510	21	1
520	21	1
530	21	1
540	21	1
550	21	1
560	21	1
570	21	1
580	21	1
590	21	1
600	21	1
610	21	1
620	21	1.0003196904496032
630	21	1.0003428680390598
640	21	1.000287081955834
650	21	1.0004388685401002
660	21	1.0002968017119827
670	21	1.0004333104484546
680	21	1.0004308768158714
690	21	1.0006181519342972
700	21	1.0007393755416025
710	21	1.0010388059718138
720	21	1.0014991568396474
730	21	1.0021900852152288
740	21	1.0032795780771233
750	21	1.0050301719485075
760	21	1.0078162205919
770	21	1.011951542993693
780	21	1.019109936371096
790	21	1.0307012156282565
0	22	1
10	22	1
20	22	1
30	22	1
40	22	1
50	22	1
60	22	1
70	22	1
80	22	1
90	22	1
100	22	1
110	22	1
120	22	1
130	22	1
140	22	1
150	22	1
160	22	1
170	22	1
180	22	1
190	22	1
200	22	1
210	22	1
220	22	1
230	22	1
240	22	1
250	22	1
260	22	1
270	22	1
280	22	1
290	22	1
300	22	1
310	22	1
320	22	1
330	22	1
340	22	1
350	22	1
360	22	1
370	22	1
380	22	1
390	22	1
400	22	1
410	22	1
420	22	1
430	22	1
440	22	1
450	22	1
460	22	1
470	22	1
480	22	1
490	22	1
500	22	1
510	22	1
520	22	1
530	22	1
540	22	1
550	22	1
560	22	1
570	22	1
580	22	1
590	22	1
600	22	1
610	22	1
620	22	1.0008497719700769
630	22	1.0001884919032336
640	22	1.0005128109044858
650	22	1.0003586251789518
660	22	1.0003427264989215
670	22	1.0004992584776358
680	22	1.000585724936197
690	22	1.000739927688533
700	22	1.0010261169921704
710	22	1.0014633677258662
720	22	1.0021480585271332
730	22	1.0031963304965572
740	22	1.0048403072975405
750	22	1.0071486607240978
760	22	1.0111363751539666
770	22	1.0174239159232719
780	22	1.0273612247941561
790	22	1.0431002596040242
0	23	1
10	23	1
20	23	1
30	23	1
40	23	1
50	23	1
60	23	1
70	23	1
80	23	1
90	23	1
100	23	1
110	23	1
120	23	1
130	23	1
140	23	1
150	23	1
160	23	1
170	23	1
180	23	1
190	23	1
200	23	1
210	23	1
220	23	1
230	23	1
240	23	1
250	23	1
260	23	1
270	23	1
280	23	1
290	23	1
300	23	1
310	23	1
320	23	1
330	23	1
340	23	1
350	23	1
360	23	1
370	23	1
380	23	1
390	23	1
400	23	1
410	23	1
420	23	1
430	23	1
440	23	1
450	23	1
460	23	1
470	23	1
480	23	1
490	23	1
500	23	1
510	23	1
520	23	1
530	23	1
540	23	1
550	23	1
560	23	1
570	23	1
580	23	1
590	23	1
600	23	1
610	23	1
620	23	1.000237193401756
630	23	1.0000630540814788
640	23	1.0001698580639162
650	23	1.000330898475474
660	23	1.0003926347145105
670	23	1.0004973560191361
680	23	1.000716045353887
690	23	1.0010008109673794
700	23	1.0014241028545778
710	23	1.0020625246062957
720	23	1.003061274467224
730	23	1.0045884322718177
740	23	1.00670159635106
750	23	1.0104009756807286
760	23	1.01580058588122
770	23	1.0243540165547553
780	23	1.0376171750265275
790	23	1.058216166448055
0	24	1
10	24	1
20	24	1
30	24	1
40	24	1
50	24	1
60	24	1
70	24	1
80	24	1
90	24	1
100	24	1
110	24	1
120	24	1
130	24	1
140	24	1
150	24	1
160	24	1
170	24	1
180	24	1
190	24	1
200	24	1
210	24	1
220	24	1
230	24	1
240	24	1
250	24	1
260	24	1
270	24	1
280	24	1
290	24	1
300	24	1
310	24	1
320	24	1
330	24	1
340	24	1
350	24	1
360	24	1
370	24	1
380	24	1
390	24	1
400	24	1
410	24	1
420	24	1
430	24	1
440	24	1
450	24	1
460	24	1
470	24	1
480	24	1
490	24	1
500	24	1
510	24	1
520	24	1
530	24	1
540	24	1
550	24	1
560	24	1
570	24	1
580	24	1
590	24	1
600	24	1
610	24	1
620	24	1.0003599165891626
630	24	1.0001110513741909
640	24	1.0002603778782273
650	24	1.0004602492101087
660	24	1.0005118026595181
670	24	1.0006805942401928
680	24	1.0009872733292189
690	24	1.0014081197885594
700	24	1.002043627609664
710	24	1.00299949364313
720	24	1.0042665837363416
730	24	1.006411169148833
740	24	1.0096618977435166
750	24	1.0146009732644814
760	24	1.0221054793507556
770	24	1.033505415696262
780	24	1.0508701363335675
790	24	1.0773726013880374
0	25	1
10	25	1
20	25	1
30	25	1
40	25	1
50	25	1
60	25	1
70	25	1
80	25	1
90	25	1
100	25	1
110	25	1
120	25	1
130	25	1
140	25	1
150	25	1
160	25	1
170	25	1
180	25	1
190	25	1
200	25	1
210	25	1
220	25	1
230	25	1
240	25	1
250	25	1
260	25	1
270	25	1
280	25	1
290	25	1
300	25	1
310	25	1
320	25	1
330	25	1
340	25	1
350	25	1
360	25	1
370	25	1
380	25	1
390	25	1
400	25	1
410	25	1
420	25	1
430	25	1
440	25	1
450	25	1
460	25	1
470	25	1
480	25	1
490	25	1
500	25	1
510	25	1
520	25	1
530	25	1
540	25	1
550	25	1
560	25	1
570	25	1
580	25	1
590	25	1
600	25	1
610	25	1
620	25	1.0002591524351878
630	25	1.0002719302425869
640	25	1.000441980498778
650	25	1.0005285197583578
660	25	1.0006843330637842
670	25	1.0009901849726448
680	25	1.0014039471004244
690	25	1.002033583170986
700	25	1.0028210153209687
710	25	1.0041631459384728
720	25	1.0062543344212427
730	25	1.009145222943947
740	25	1.0136017944202882
750	25	1.020248012213529
760	25	1.030183585659153
770	25	1.045042864583206
780	25	1.0672703258627716
790	25	1.1005813245043243
0	26	1
10	26	1
20	26	1
30	26	1
40	26	1
50	26	1
60	26	1
70	26	1
80	26	1
90	26	1
100	26	1
110	26	1
120	26	1
130	26	1
140	26	1
150	26	1
160	26	1
170	26	1
180	26	1
190	26	1
200	26	1
210	26	1
220	26	1
230	26	1
240	26	1
250	26	1
260	26	1
270	26	1
280	26	1
290	26	1
300	26	1
310	26	1
320	26	1
330	26	1
340	26	1
350	26	1
360	26	1
370	26	1
380	26	1
390	26	1
400	26	1
410	26	1
420	26	1
430	26	1
440	26	1
450	26	1
460	26	1
470	26	1
480	26	1
490	26	1
500	26	1
510	26	1
520	26	1
530	26	1
540	26	1
550	26	1
560	26	1
570	26	1
580	26	1
590	26	1
600	26	1
610	26	1
620	26	1.0003217075153439
630	26	1.000441594866116
640	26	1.0005503597866792
650	26	1.0007165622239849
660	26	1.001005347075337
670	26	1.0014318431938205
680	26	1.0019288666998383
690	26	1.0028036497808026
700	26	1.0041482987043617
710	26	1.005946808897909
720	26	1.0087070093182955
730	26	1.0127510254853531
740	26	1.0187037126209977
750	26	1.0274561542468583
760	26	1.0403192522247295
770	26	1.059230918686441
780	26	1.0870868081734113
790	26	1.1281579443825878
0	27	1
10	27	1
20	27	1
30	27	1
40	27	1
50	27	1
60	27	1
70	27	1
80	27	1
90	27	1
100	27	1
110	27	1
120	27	1
130	27	1
140	27	1
150	27	1
160	27	1
170	27	1
180	27	1
190	27	1
200	27	1
210	27	1
220	27	1
230	27	1
240	27	1
250	27	1
260	27	1
270	27	1
280	27	1
290	27	1
300	27	1
310	27	1
320	27	1
330	27	1
340	27	1
350	27	1
360	27	1
370	27	1
380	27	1
390	27	1
400	27	1
410	27	1
420	27	1
430	27	1
440	27	1
450	27	1
460	27	1
470	27	1
480	27	1
490	27	1
500	27	1
510	27	1
520	27	1
530	27	1
540	27	1
550	27	1
560	27	1
570	27	1
580	27	1
590	27	1
600	27	1
610	27	1
620	27	1.0003958258743464
630	27	1.0004811913546061
640	27	1.000736818608059
650	27	1.0010375351235625
660	27	1.0013634324993876
670	27	1.0019407868641994
680	27	1.0028430891524942
690	27	1.0040696824829927
700	27	1.0057672167705356
710	27	1.0083222080375958
720	27	1.012029667081167
730	27	1.0174009960443484
740	27	1.0251741524127127
750	27	1.036424317619284
760	27	1.0527317035465102
770	27	1.076371536810041
780	27	1.1106025828073878
790	27	1.1602811074687764
0	28	1
10	28	1
20	28	1
30	28	1
40	28	1
50	28	1
60	28	1
70	28	1
80	28	1
90	28	1
100	28	1
110	28	1
120	28	1
130	28	1
140	28	1
150	28	1
160	28	1
170	28	1
180	28	1
190	28	1
200	28	1
210	28	1
220	28	1
230	28	1
240	28	1
250	28	1
260	28	1
270	28	1
280	28	1
290	28	1
300	28	1
310	28	1
320	28	1
330	28	1
340	28	1
350	28	1
360	28	1
370	28	1
380	28	1
390	28	1
400	28	1
410	28	1
420	28	1
430	28	1
440	28	1
450	28	1
460	28	1
470	28	1
480	28	1
490	28	1
500	28	1
510	28	1
520	28	1
530	28	1
540	28	1
550	28	1
560	28	1
570	28	1
580	28	1
590	28	1
600	28	1
610	28	1
620	28	1.0005515334207793
630	28	1.0007645154767053
640	28	1.0009775601123578
650	28	1.0013651357257394
660	28	1.0020004339626465
670	28	1.0028262395762466
680	28	1.003938933276666
690	28	1.005607257261548
700	28	1.007992331924651
710	28	1.0114083223917942
720	28	1.0162827361525304
730	28	1.0232389229472063
740	28	1.0331851081701964
750	28	1.0474009734265617
760	28	1.0676760305453956
770	28	1.0966388962636562
780	28	1.1379850410560683
790	28	1.1970149803462327
0	29	1
10	29	1
20	29	1
30	29	1
40	29	1
50	29	1
60	29	1
70	29	1
80	29	1
90	29	1
100	29	1
110	29	1
120	29	1
130	29	1
140	29	1
150	29	1
160	29	1
170	29	1
180	29	1
190	29	1
200	29	1
210	29	1
220	29	1
230	29	1
240	29	1
250	29	1
260	29	1
270	29	1
280	29	1
290	29	1
300	29	1
310	29	1
320	29	1
330	29	1
340	29	1
350	29	1
360	29	1
370	29	1
380	29	1
390	29	1
400	29	1
410	29	1
420	29	1
430	29	1
440	29	1
450	29	1
460	29	1
470	29	1
480	29	1
490	29	1
500	29	1
510	29	1
520	29	1
530	29	1
540	29	1
550	29	1
560	29	1
570	29	1
580	29	1
590	29	1
600	29	1
610	29	1
620	29	1.0007288145308224
630	29	1.0010136136590193
640	29	1.001454620246654
650	29	1.0020244755512804
660	29	1.0027620460756348
670	29	1.0038842343283374
680	29	1.0054699065270567
690	29	1.007708380648097
700	29	1.0108649887274788
710	29	1.015311686335088
720	29	1.0215926630137904
730	29	1.0304610370501819
740	29	1.0429427674262863
750	29	1.0605463755054778
760	29	1.0853410978700693
770	29	1.1202388050267094
780	29	1.16931566071862
790	29	1.2382776665904012
0	30	1
10	30	1
20	30	1
30	30	1
40	30	1
50	30	1
60	30	1
70	30	1
80	30	1
90	30	1
100	30	1
110	30	1
120	30	1
130	30	1
140	30	1
150	30	1
160	30	1
170	30	1
180	30	1
190	30	1
200	30	1
210	30	1
220	30	1
230	30	1
240	30	1
250	30	1
260	30	1
270	30	1
280	30	1
290	30	1
300	30	1
310	30	1
320	30	1
330	30	1
340	30	1
350	30	1
360	30	1
370	30	1
380	30	1
390	30	1
400	30	1
410	30	1
420	30	1
430	30	1
440	30	1
450	30	1
460	30	1
470	30	1
480	30	1
490	30	1
500	30	1
510	30	1
520	30	1
530	30	1
540	30	1
550	30	1
560	30	1
570	30	1
580	30	1
590	30	1
600	30	1
610	30	1
620	30	1.0010738582155538
630	30	1.001461422132498
640	30	1.0019947645090876
650	30	1.0027634057915165
660	30	1.0038418976298498
670	30	1.005345244814118
680	30	1.0074517705671613
690	30	1.0103826568358307
700	30	1.0144731811509073
710	30	1.0201826950778803
720	30	1.0281226537700365
730	30	1.0391976673918575
740	30	1.0546165081347627
750	30	1.0760677884187244
760	30	1.105877666546405
770	30	1.1472467489212725
780	30	1.204562178703828
790	30	1.2838230722340969
0	31	1
10	31	1
20	31	1
30	31	1
40	31	1
50	31	1
60	31	1
70	31	1
80	31	1
90	31	1
100	31	1
110	31	1
120	31	1
130	31	1
140	31	1
150	31	1
160	31	1
170	31	1
180	31	1
190	31	1
200	31	1
210	31	1
220	31	1
230	31	1
240	31	1
250	31	1
260	31	1
270	31	1
280	31	1
290	31	1
300	31	1
310	31	1
320	31	1
330	31	1
340	31	1
350	31	1
360	31	1
370	31	1
380	31	1
390	31	1
400	31	1
410	31	1
420	31	1
430	31	1
440	31	1
450	31	1
460	31	1
470	31	1
480	31	1
490	31	1
500	31	1
510	31	1
520	31	1
530	31	1
540	31	1
550	31	1
560	31	1
570	31	1
580	31	1
590	31	1
600	31	1
610	31	1
620	31	1.0014722299507808
630	31	1.0020014067334628
640	31	1.0027702174382787
650	31	1.003798104865601
660	31	1.0052446419601055
670	31	1.0072260452471726
680	31	1.0099608838860474
690	31	1.0137405938597466
700	31	1.018943076504697
710	31	1.0261209833002436
720	31	1.036011486161729
730	31	1.0496302869644802
740	31	1.0683617124408487
750	31	1.0940920941719194
760	31	1.1293776491386043
770	31	1.1776621517543955
780	31	1.2435627587080862
790	31	1.3332308958000874
0	32	1
10	32	1
20	32	1
30	32	1
40	32	1
50	32	1
60	32	1
70	32	1
80	32	1
90	32	1
100	32	1
110	32	1
120	32	1
130	32	1
140	32	1
150	32	1
160	32	1
170	32	1
180	32	1
190	32	1
200	32	1
210	32	1
220	32	1
230	32	1
240	32	1
250	32	1
260	32	1
270	32	1
280	32	1
290	32	1
300	32	1
310	32	1
320	32	1
330	32	1
340	32	1
350	32	1
360	32	1
370	32	1
380	32	1
390	32	1
400	32	1
410	32	1
420	32	1
430	32	1
440	32	1
450	32	1
460	32	1
470	32	1
480	32	1
490	32	1
500	32	1
510	32	1
520	32	1
530	32	1
540	32	1
550	32	1
560	32	1
570	32	1
580	32	1
590	32	1
600	32	1
610	32	1
620	32	1.0020300587830981
630	32	1.0027663078365974
640	32	1.0037723983148716
650	32	1.005145778518242
660	32	1.007022879186067
670	32	1.0095900744342376
680	32	1.0130855209129705
690	32	1.0178630984881376
700	32	1.0243859609853432
710	32	1.0332778437428998
720	32	1.045395239318605
730	32	1.0618874720461011
740	32	1.0843023912127485
750	32	1.1147095325449732
760	32	1.1558603236193097
770	32	1.211381687614759
780	32	1.2860159679462613
790	32	1.3859058847288894
0	33	1
10	33	1
20	33	1
30	33	1
40	33	1
50	33	1
60	33	1
70	33	1
80	33	1
90	33	1
100	33	1
110	33	1
120	33	1
130	33	1
140	33	1
150	33	1
160	33	1
170	33	1
180	33	1
190	33	1
200	33	1
210	33	1
220	33	1
230	33	1
240	33	1
250	33	1
260	33	1
270	33	1
280	33	1
290	33	1
300	33	1
310	33	1
320	33	1
330	33	1
340	33	1
350	33	1
360	33	1
370	33	1
380	33	1
390	33	1
400	33	1
410	33	1
420	33	1
430	33	1
440	33	1
450	33	1
460	33	1
470	33	1
480	33	1
490	33	1
500	33	1
510	33	1
520	33	1
530	33	1
540	33	1
550	33	1
560	33	1
570	33	1
580	33	1
590	33	1
600	33	1
610	33	1
620	33	1.0027686671950073
630	33	1.003741807827778
640	33	1.0050547623283979
650	33	1.0068407360036151
660	33	1.0092469555277892
670	33	1.012506600256716
680	33	1.0169135074463216
690	33	1.0228692584590309
700	33	1.0309127487781706
710	33	1.0417667571691884
720	33	1.0563957036210285
730	33	1.0760834532078989
740	33	1.102526308772935
750	33	1.1379531519309098
760	33	1.1852632731354924
770	33	1.248189291112214
780	33	1.3314788042167511
790	33	1.4410881981920933
0	34	1
10	34	1
20	34	1
30	34	1
40	34	1
50	34	1
60	34	1
70	34	1
80	34	1
90	34	1
100	34	1
110	34	1
120	34	1
130	34	1
140	34	1
150	34	1
160	34	1
170	34	1
180	34	1
190	34	1
200	34	1
210	34	1
220	34	1
230	34	1
240	34	1
250	34	1
260	34	1
270	34	1
280	34	1
290	34	1
300	34	1
310	34	1
320	34	1
330	34	1
340	34	1
350	34	1
360	34	1
370	34	1
380	34	1
390	34	1
400	34	1
410	34	1
420	34	1
430	34	1
440	34	1
450	34	1
460	34	1
470	34	1
480	34	1
490	34	1
500	34	1
510	34	1
520	34	1
530	34	1
540	34	1
550	34	1
560	34	1
570	34	1
580	34	1
590	34	1
600	34	1
610	34	1
620	34	1.0037175634810611
630	34	1.0049837095592746
640	34	1.0066747222018186
650	34	1.0089459932083908
660	34	1.0119880130818542
670	34	1.0160720540717296
680	34	1.0215382298677675
690	34	1.02885226373329
700	34	1.0386330655763711
710	34	1.0516968661994641
720	34	1.0691167481226709
730	34	1.0922999727032108
740	34	1.1230738107450713
750	34	1.1637878663710621
760	34	1.2174318294694408
770	34	1.2877524465436245
780	34	1.3793701873342548
790	34	1.4978749913930898
0	35	1
10	35	1
20	35	1
30	35	1
40	35	1
50	35	1
60	35	1
70	35	1
80	35	1
90	35	1
100	35	1
110	35	1
120	35	1
130	35	1
140	35	1
150	35	1
160	35	1
170	35	1
180	35	1
190	35	1
200	35	1
210	35	1
220	35	1
230	35	1
240	35	1
250	35	1
260	35	1
270	35	1
280	35	1
290	35	1
300	35	1
310	35	1
320	35	1
330	35	1
340	35	1
350	35	1
360	35	1
370	35	1
380	35	1
390	35	1
400	35	1
410	35	1
420	35	1
430	35	1
440	35	1
450	35	1
460	35	1
470	35	1
480	35	1
490	35	1
500	35	1
510	35	1
520	35	1
530	35	1
540	35	1
550	35	1
560	35	1
570	35	1
580	35	1
590	35	1
600	35	1
610	35	1
620	35	1.0049080872209377
630	35	1.0065251544224458
640	35	1.0086728697363185
650	35	1.0115273554129443
660	35	1.0153204725997997
670	35	1.020359515649068
680	35	1.0270449077661519
690	35	1.0359073553218945
700	35	1.0476445556189575
710	35	1.0631610267545268
720	35	1.083636042076236
730	35	1.1105828822405384
740	35	1.1459297462225495
750	35	1.1921045987277956
760	35	1.2521158427698256
770	35	1.3296236917667732
780	35	1.4289852050986087
790	35	1.5552507201515549
0	36	1
10	36	1
20	36	1
30	36	1
40	36	1
50	36	1
60	36	1
70	36	1
80	36	1
90	36	1
100	36	1
110	36	1
120	36	1
130	36	1
140	36	1
150	36	1
160	36	1
170	36	1
180	36	1
190	36	1
200	36	1
210	36	1
220	36	1
230	36	1
240	36	1
250	36	1
260	36	1
270	36	1
280	36	1
290	36	1
300	36	1
310	36	1
320	36	1
330	36	1
340	36	1
350	36	1
360	36	1
370	36	1
380	36	1
390	36	1
400	36	1
410	36	1
420	36	1
430	36	1
440	36	1
450	36	1
460	36	1
470	36	1
480	36	1
490	36	1
500	36	1
510	36	1
520	36	1
530	36	1
540	36	1
550	36	1
560	36	1
570	36	1
580	36	1
590	36	1
600	36	1
610	36	1
620	36	1.0063851193668782
630	36	1.0084242929869423
640	36	1.0111075946373609
650	36	1.014648731597817
660	36	1.019312859440544
670	36	1.0254481945114826
680	36	1.033521079319861
690	36	1.0441239396582422
700	36	1.0580310958157368
710	36	1.076233955446142
720	36	1.100000557159416
730	36	1.1309298410132422
740	36	1.1710177398675141
750	36	1.2227138793743917
760	36	1.2889682291620523
770	36	1.3732493748701107
780	36	1.4795173445095573
790	36	1.6121267977197533
0	37	1
10	37	1
20	37	1
30	37	1
40	37	1
50	37	1
60	37	1
70	37	1
80	37	1
90	37	1
100	37	1
110	37	1
120	37	1
130	37	1
140	37	1
150	37	1
160	37	1
170	37	1
180	37	1
190	37	1
200	37	1
210	37	1
220	37	1
230	37	1
240	37	1
250	37	1
260	37	1
270	37	1
280	37	1
290	37	1
300	37	1
310	37	1
320	37	1
330	37	1
340	37	1
350	37	1
360	37	1
370	37	1
380	37	1
390	37	1
400	37	1
410	37	1
420	37	1
430	37	1
440	37	1
450	37	1
460	37	1
470	37	1
480	37	1
490	37	1
500	37	1
510	37	1
520	37	1
530	37	1
540	37	1
550	37	1
560	37	1
570	37	1
580	37	1
590	37	1
600	37	1
610	37	1
620	37	1.0081970742802395
630	37	1.010730800021616
640	37	1.014044116001892
650	37	1.0183759157279753
660	37	1.024034139920453
670	37	1.031418120564538
680	37	1.0410469505895716
690	37	1.05357933750316
700	37	1.0698607725579683
710	37	1.0909604182432409
720	37	1.1182176342449655
730	37	1.1532894073189728
740	37	1.1981953521180715
750	37	1.2553461828116752
760	37	1.3275513425521517
770	37	1.4179838263669322
780	37	1.5300852855933986
790	37	1.6673844284845685
0	38	1
10	38	1
20	38	1
30	38	1
40	38	1
50	38	1
60	38	1
70	38	1
80	38	1
90	38	1
100	38	1
110	38	1
120	38	1
130	38	1
140	38	1
150	38	1
160	38	1
170	38	1
180	38	1
190	38	1
200	38	1
210	38	1
220	38	1
230	38	1
240	38	1
250	38	1
260	38	1
270	38	1
280	38	1
290	38	1
300	38	1
310	38	1
320	38	1
330	38	1
340	38	1
350	38	1
360	38	1
370	38	1
380	38	1
390	38	1
400	38	1
410	38	1
420	38	1
430	38	1
440	38	1
450	38	1
460	38	1
470	38	1
480	38	1
490	38	1
500	38	1
510	38	1
520	38	1
530	38	1
540	38	1
550	38	1
560	38	1
570	38	1
580	38	1
590	38	1
600	38	1
610	38	1
620	38	1.0103862301556918
630	38	1.013498588763652
640	38	1.017534222089604
650	38	1.0227707593321624
660	38	1.029556864425066
670	38	1.0383396213091993
680	38	1.0496916901706297
690	38	1.0643355707051327
700	38	1.083180005925714
710	38	1.1073561718565819
720	38	1.1382535700387906
730	38	1.1775537252098218
740	38	1.2272510184414769
750	38	1.2896528380702803
760	38	1.367345617658835
770	38	1.4631106060521943
780	38	1.5797673499011873
790	38	1.7199207051968581
0	39	1
10	39	1
20	39	1
30	39	1
40	39	1
50	39	1
60	39	1
70	39	1
80	39	1
90	39	1
100	39	1
110	39	1
120	39	1
130	39	1
140	39	1
150	39	1
160	39	1
170	39	1
180	39	1
190	39	1
200	39	1
210	39	1
220	39	1
230	39	1
240	39	1
250	39	1
260	39	1
270	39	1
280	39	1
290	39	1
300	39	1
310	39	1
320	39	1
330	39	1
340	39	1
350	39	1
360	39	1
370	39	1
380	39	1
390	39	1
400	39	1
410	39	1
420	39	1
430	39	1
440	39	1
450	39	1
460	39	1
470	39	1
480	39	1
490	39	1
500	39	1
510	39	1
520	39	1
530	39	1
540	39	1
550	39	1
560	39	1
570	39	1
580	39	1
590	39	1
600	39	1
610	39	1
620	39	1.0129994797177102
630	39	1.0167738253979786
640	39	1.0216379555469266
650	39	1.0278980431483953
660	39	1.0359455182812822
670	39	1.0462766616525028
680	39	1.059514394750345
690	39	1.0764375837137357
700	39	1.0980075534291405
710	39	1.125399877351983
720	39	1.1600276855159057
730	39	1.2035572638650434
740	39	1.2579064897787595
750	39	1.325213694017022
760	39	1.4077653262521113
770	39	1.5078670008609518
780	39	1.6276365774894508
790	39	1.7686930955351299
0	40	1
10	40	1
20	40	1
30	40	1
40	40	1
50	40	1
60	40	1
70	40	1
80	40	1
90	40	1
100	40	1
110	40	1
120	40	1
130	40	1
140	40	1
150	40	1
160	40	1
170	40	1
180	40	1
190	40	1
200	40	1
210	40	1
220	40	1
230	40	1
240	40	1
250	40	1
260	40	1
270	40	1
280	40	1
290	40	1
300	40	1
310	40	1
320	40	1
330	40	1
340	40	1
350	40	1
360	40	1
370	40	1
380	40	1
390	40	1
400	40	1
410	40	1
420	40	1
430	40	1
440	40	1
450	40	1
460	40	1
470	40	1
480	40	1
490	40	1
500	40	1
510	40	1
520	40	1
530	40	1
540	40	1
550	40	1
560	40	1
570	40	1
580	40	1
590	40	1
600	40	1
610	40	1
620	40	1.016089349861611
630	40	1.020621556165169
640	40	1.0264140516951858
650	40	1.0338169458427076
660	40	1.0432601926372587
670	40	1.0552833290076182
680	40	1.070557243964221
690	40	1.0899068633010054
700	40	1.114332760319855
710	40	1.1450318491715676
720	40	1.18340980729627
730	40	1.2310764789601245
740	40	1.2898203865204922
750	40	1.3615478516478579
760	40	1.448177285108145
770	40	1.5514723645262127
780	40	1.6727969844959267
790	40	1.812761504140901
0	41	1
10	41	1
20	41	1
30	41	1
40	41	1
50	41	1
60	41	1
70	41	1
80	41	1
90	41	1
100	41	1
110	41	1
120	41	1
130	41	1
140	41	1
150	41	1
160	41	1
170	41	1
180	41	1
190	41	1
200	41	1
210	41	1
220	41	1
230	41	1
240	41	1
250	41	1
260	41	1
270	41	1
280	41	1
290	41	1
300	41	1
310	41	1
320	41	1
330	41	1
340	41	1
350	41	1
360	41	1
370	41	1
380	41	1
390	41	1
400	41	1
410	41	1
420	41	1
430	41	1
440	41	1
450	41	1
460	41	1
470	41	1
480	41	1
490	41	1
500	41	1
510	41	1
520	41	1
530	41	1
540	41	1
550	41	1.0036010120430594
560	41	1.0045868221681729
570	41	1.0058557845473117
580	41	1.0074695800755313
590	41	1.0095167643417868
600	41	1.0121376301945115
610	41	1.0154654889907613
620	41	1.0196986233933238
630	41	1.0250818855754484
640	41	1.031916741049459
650	41	1.0405817686534826
660	41	1.0515485438631016
670	41	1.0653992330349098
680	41	1.0828439978391293
690	41	1.1047400887302083
700	41	1.1321103939985289
710	41	1.1661491339789691
720	41	1.208219988422012
730	41	1.259832801920864
740	41	1.3225958177024568
750	41	1.3981275640761932
760	41	1.487922459269915
770	41	1.593156223286184
780	41	1.7144173881568254
790	41	1.8513248175559536
0	42	1
10	42	1
20	42	1
30	42	1
40	42	1
50	42	1
60	42	1
70	42	1
80	42	1
90	42	1
100	42	1
110	42	1
120	42	1
130	42	1
140	42	1
150	42	1
160	42	1
170	42	1
180	42	1
190	42	1
200	42	1
210	42	1
220	42	1
230	42	1
240	42	1
250	42	1
260	42	1
270	42	1
280	42	1
290	42	1
300	42	1
310	42	1
320	42	1
330	42	1
340	42	1
350	42	1
360	42	1
370	42	1
380	42	1
390	42	1
400	42	1
410	42	1
420	42	1
430	42	1
440	42	1
450	42	1
460	42	1
470	42	1
480	42	1
490	42	1
500	42	1
510	42	1
520	42	1
530	42	1
540	42	1
550	42	1.0045418944364906
560	42	1.0057798417153403
570	42	1.007318205363198
580	42	1.0092778935799067
590	42	1.0117568183227226
600	42	1.014894586344865
610	42	1.01886400500994
620	42	1.0238813085699192
630	42	1.0302100926753563
640	42	1.0381916476539441
650	42	1.0482370898563387
660	42	1.060850632197947
670	42	1.0766496820172262
680	42	1.0963747531611336
690	42	1.1209049135785847
700	42	1.1512606965107937
710	42	1.1886064424362939
720	42	1.2342294721426592
730	42	1.2894976869898929
740	42	1.3557917773168533
750	42	1.4343953225308679
760	42	1.5263386415476061
770	42	1.632186955736699
780	42	1.7517626054781759
790	42	1.8837498828222654
0	43	1
10	43	1
20	43	1
30	43	1
40	43	1
50	43	1
60	43	1
70	43	1
80	43	1
90	43	1
100	43	1
110	43	1
120	43	1
130	43	1
140	43	1
150	43	1
160	43	1
170	43	1
180	43	1
190	43	1
200	43	1
210	43	1
220	43	1
230	43	1
240	43	1
250	43	1
260	43	1
270	43	1
280	43	1
290	43	1
300	43	1
310	43	1
320	43	1
330	43	1
340	43	1
350	43	1
360	43	1
370	43	1
380	43	1
390	43	1
400	43	1
410	43	1
420	43	1
430	43	1
440	43	1
450	43	1
460	43	1
470	43	1
480	43	1
490	43	1
500	43	1
510	43	1
520	43	1
530	43	1
540	43	1
550	43	1.0056973507779083
560	43	1.0071793831391163
570	43	1.0090528787874242
580	43	1.0114077377497646
590	43	1.014375581983078
600	43	1.0181045445969454
610	43	1.0227917396385882
620	43	1.0286752703557105
630	43	1.0360501971357798
640	43	1.0452846032012815
650	43	1.0568172801953581
660	43	1.0711887062839662
670	43	1.0890394915886805
680	43	1.1111283604298954
690	43	1.1383371604282475
700	43	1.1716648196275192
710	43	1.212215894655429
720	43	1.2611652781763678
730	43	1.3197005243458275
740	43	1.3889351801794763
750	43	1.4697820658581733
760	43	1.562784100557122
770	43	1.6678969905828838
780	43	1.7842191804754326
790	43	1.9095907712903009
0	44	1
10	44	1
20	44	1
30	44	1
40	44	1
50	44	1
60	44	1
70	44	1
80	44	1
90	44	1
100	44	1
110	44	1
120	44	1
130	44	1
140	44	1
150	44	1
160	44	1
170	44	1
180	44	1
190	44	1
200	44	1
210	44	1
220	44	1
230	44	1
240	44	1
250	44	1
260	44	1
270	44	1
280	44	1
290	44	1
300	44	1
310	44	1
320	44	1
330	44	1
340	44	1
350	44	1
360	44	1
370	44	1
380	44	1
390	44	1
400	44	1
410	44	1
420	44	1
430	44	1
440	44	1
450	44	1
460	44	1
470	44	1
480	44	1
490	44	1
500	44	1
510	44	1
520	44	1
530	44	1
540	44	1
550	44	1.0070564318172992
560	44	1.00883955202767
570	44	1.0110878219874653
580	44	1.0138968753852757
590	44	1.017408120123304
600	44	1.0218013963353256
610	44	1.0272838618143216
620	44	1.0341258557609092
630	44	1.0426424498400861
640	44	1.0532270404974418
650	44	1.066350701488921
660	44	1.0825724818416076
670	44	1.102552837303276
680	44	1.127054395282706
690	44	1.1569416468744456
700	44	1.1931684691593656
710	44	1.236749783440837
720	44	1.2887158992219576
730	44	1.3500399402490135
740	44	1.4215365137904596
750	44	1.5037256945894695
760	44	1.596658344727545
770	44	1.6997058498753088
780	44	1.8113144562607864
790	44	1.9285955812021531
0	45	1
10	45	1
20	45	1
30	45	1
40	45	1
50	45	1
60	45	1
70	45	1
80	45	1
90	45	1
100	45	1
110	45	1
120	45	1
130	45	1
140	45	1
150	45	1
160	45	1
170	45	1
180	45	1
190	45	1
200	45	1
210	45	1
220	45	1
230	45	1
240	45	1
250	45	1
260	45	1
270	45	1
280	45	1
290	45	1
300	45	1
310	45	1
320	45	1
330	45	1
340	45	1
350	45	1
360	45	1
370	45	1
380	45	1
390	45	1
400	45	1
410	45	1
420	45	1
430	45	1
440	45	1
450	45	1
460	45	1
470	45	1
480	45	1
490	45	1
500	45	1
510	45	1
520	45	1
530	45	1
540	45	1
550	45	1.0086548382237381
560	45	1.0107899769356912
570	45	1.0134572066423362
580	45	1.016773206608165
590	45	1.0209000032096165
600	45	1.0260248247173755
610	45	1.0323864954003428
620	45	1.0402671936682981
630	45	1.050016046202585
640	45	1.062044306927574
650	45	1.07684380764562
660	45	1.0949920391816168
670	45	1.1171513700078297
680	45	1.1440750329022031
690	45	1.1765903975581269
700	45	1.2155807437339254
710	45	1.2619447546791465
720	45	1.3165388715015771
730	45	1.3800937819417802
740	45	1.4531046428668801
750	45	1.5356900277197478
760	45	1.6274223239408363
770	45	1.7271378124610637
780	45	1.8327279549574766
790	45	1.9406986221535152
0	46	1
10	46	1
20	46	1
30	46	1
40	46	1
50	46	1
60	46	1
70	46	1
80	46	1
90	46	1
100	46	1
110	46	1
120	46	1
130	46	1
140	46	1
150	46	1
160	46	1
170	46	1
180	46	1
190	46	1
200	46	1
210	46	1
220	46	1
230	46	1
240	46	1
250	46	1
260	46	1
270	46	1
280	46	1
290	46	1
300	46	1
310	46	1
320	46	1
330	46	1
340	46	1
350	46	1
360	46	1
370	46	1
380	46	1
390	46	1
400	46	1
410	46	1
420	46	1
430	46	1
440	46	1
450	46	1
460	46	1
470	46	1
480	46	1
490	46	1
500	46	1
510	46	1
520	46	1
530	46	1
540	46	1
550	46	1.0105146367805162
560	46	1.0130474590357539
570	46	1.0161884170940383
580	46	1.020073532932081
590	46	1.0248745754458788
600	46	1.0308091048186008
610	46	1.038126939482764
620	46	1.0471320966111621
630	46	1.0581948747376086
640	46	1.0717468800916097
650	46	1.088293610379106
660	46	1.1084158947614038
670	46	1.1327714078063544
680	46	1.1620830998393141
690	46	1.1971228290902651
700	46	1.2386790459293024
710	46	1.2875086249457734
720	46	1.3442704737360944
730	46	1.4094330214607964
740	46	1.4831620775572438
750	46	1.5651806671398032
760	46	1.6546141684892977
770	46	1.7498347511405317
780	46	1.8482928059710648
790	46	1.9459978494497399
0	47	1
10	47	1
20	47	1
30	47	1
40	47	1
50	47	1
60	47	1
70	47	1
80	47	1
90	47	1
100	47	1
110	47	1
120	47	1
130	47	1
140	47	1
150	47	1
160	47	1
170	47	1
180	47	1
190	47	1
200	47	1
210	47	1
220	47	1
230	47	1
240	47	1
250	47	1
260	47	1
270	47	1
280	47	1
290	47	1
300	47	1
310	47	1
320	47	1
330	47	1
340	47	1
350	47	1
360	47	1
370	47	1
380	47	1
390	47	1
400	47	1
410	47	1
420	47	1
430	47	1
440	47	1
450	47	1
460	47	1
470	47	1
480	47	1
490	47	1
500	47	1
510	47	1
520	47	1
530	47	1
540	47	1
550	47	1.012674486089671
560	47	1.0156476295391037
570	47	1.0193134808005695
580	47	1.0238260871456915
590	47	1.0293732307368693
600	47	1.036184292604763
610	47	1.0445322689906593
620	47	1.0547404524929311
630	47	1.0671921999612595
640	47	1.0823333446152277
650	47	1.1006742745871456
660	47	1.1227938919153695
670	47	1.1493244357630488
680	47	1.1809446911383277
690	47	1.2183500455995568
700	47	1.2622125270678362
710	47	1.3131270097999737
720	47	1.3715355623296
730	47	1.4376342609221713
740	47	1.5112598328935722
750	47	1.5917599718605757
760	47	1.6778620743687676
770	47	1.7675622649035732
780	47	1.857986570600952
790	47	1.9447177208341095
0	48	1
10	48	1
20	48	1
30	48	1
40	48	1
50	48	1
60	48	1
70	48	1
80	48	1
90	48	1
100	48	1
110	48	1
120	48	1
130	48	1
140	48	1
150	48	1
160	48	1
170	48	1
180	48	1
190	48	1
200	48	1
210	48	1
220	48	1
230	48	1
240	48	1
250	48	1
260	48	1
270	48	1
280	48	1
290	48	1
300	48	1
310	48	1
320	48	1
330	48	1
340	48	1
350	48	1
360	48	1
370	48	1
380	48	1
390	48	1
400	48	1
410	48	1
420	48	1
430	48	1
440	48	1
450	48	1
460	48	1
470	48	1
480	48	1
490	48	1
500	48	1
510	48	1
520	48	1
530	48	1
540	48	1
550	48	1.015153482124248
560	48	1.0186181983747966
570	48	1.022865176509244
580	48	1.0280663339109386
590	48	1.0344227574419962
600	48	1.042180782324566
610	48	1.0516277575685893
620	48	1.0631056478445569
630	48	1.0770064975150684
640	48	1.0937845391694143
650	48	1.1139458872870733
660	48	1.1380504305092685
670	48	1.1666962807411148
680	48	1.2004985278762825
690	48	1.2400569441436609
700	48	1.2859097276780544
710	48	1.3384718518772496
720	48	1.3979587223887042
730	48	1.4642913567405074
740	48	1.5369894991431778
750	48	1.6150586453056732
760	48	1.696892264792111
770	48	1.7802088901655626
780	48	1.8619104840315535
790	48	1.9371593203819282
0	49	1
10	49	1
20	49	1
30	49	1
40	49	1
50	49	1
60	49	1
70	49	1
80	49	1
90	49	1
100	49	1
110	49	1
120	49	1
130	49	1
140	49	1
150	49	1
160	49	1
170	49	1
180	49	1
190	49	1
200	49	1
210	49	1
220	49	1
230	49	1
240	49	1
250	49	1
260	49	1
270	49	1
280	49	1
290	49	1
300	49	1
310	49	1
320	49	1
330	49	1
340	49	1
350	49	1
360	49	1
370	49	1
380	49	1
390	49	1
400	49	1
410	49	1
420	49	1
430	49	1
440	49	1
450	49	1
460	49	1
470	49	1
480	49	1
490	49	1
500	49	1
510	49	1
520	49	1
530	49	1
540	49	1
550	49	1.0179720357419813
560	49	1.0219827621116475
570	49	1.0268666859115332
580	49	1.0328164292681117
590	49	1.040045938328535
600	49	1.0488149018863815
610	49	1.0594251091773632
620	49	1.0722291871534202
630	49	1.087626607473017
640	49	1.106066682876532
650	49	1.1280446452219408
660	49	1.1540900463104682
670	49	1.184749862192508
680	49	1.2205596611124359
690	49	1.2620077257518774
700	49	1.3094833175739016
710	49	1.3632109161284023
720	49	1.4231747819805682
730	49	1.4890276115709165
740	49	1.559994680596473
750	49	1.6347845492734407
760	49	1.7115324095333164
770	49	1.7877773111489659
780	49	1.8602570452635645
790	49	1.923640168981236
0	50	1
10	50	1
20	50	1
30	50	1
40	50	1
50	50	1
60	50	1
70	50	1
80	50	1
90	50	1
100	50	1
110	50	1
120	50	1
130	50	1
140	50	1
150	50	1
160	50	1
170	50	1
180	50	1
190	50	1
200	50	1
210	50	1
220	50	1
230	50	1
240	50	1
250	50	1
260	50	1
270	50	1
280	50	1
290	50	1
300	50	1
310	50	1
320	50	1
330	50	1
340	50	1
350	50	1
360	50	1
370	50	1
380	50	1
390	50	1
400	50	1
410	50	1
420	50	1
430	50	1
440	50	1
450	50	1
460	50	1
470	50	1
480	50	1
490	50	1
500	50	1
510	50	1
520	50	1
530	50	1
540	50	1
550	50	1.0211679680782477
560	50	1.025767170696513
570	50	1.0313475153741594
580	50	1.0381010805850408
590	50	1.046262323785831
600	50	1.0561005284280882
610	50	1.0679281499795583
620	50	1.082101660119535
630	50	1.0990228732089333
640	50	1.119128720491583
650	50	1.1428904427105724
660	50	1.1707955271816013
670	50	1.2033254152872783
680	50	1.2409230635656427
690	50	1.2839514070573805
700	50	1.332639273297116
710	50	1.3870163020380164
720	50	1.4468384570814146
730	50	1.5115050149542402
740	50	1.5799789230117383
750	50	1.6507277081254321
760	50	1.7217093852851992
770	50	1.7903668106862547
780	50	1.8532672885409938
790	50	1.9044202559149543
0	51	1
10	51	1
20	51	1
30	51	1
40	51	1
50	51	1
60	51	1
70	51	1
80	51	1
90	51	1
100	51	1
110	51	1
120	51	1
130	51	1
140	51	1
150	51	1
160	51	1
170	51	1
180	51	1
190	51	1
200	51	1
210	51	1
220	51	1
230	51	1
240	51	1
250	51	1
260	51	1
270	51	1
280	51	1
290	51	1
300	51	1
310	51	1
320	51	1
330	51	1
340	51	1
350	51	1
360	51	1
370	51	1
380	51	1
390	51	1
400	51	1
410	51	1
420	51	1
430	51	1
440	51	1
450	51	1.0035413579383181
460	51	1.0042990350117942
470	51	1.005241588956413
480	51	1.0063629349543008
490	51	1.0077282076620266
500	51	1.0093973412345987
510	51	1.0114121995154866
520	51	1.013864100552024
530	51	1.0168250256528717
540	51	1.0204144834172604
550	51	1.024756873897758
560	51	1.0300010808265807
570	51	1.036325741933127
580	51	1.043938978467001
590	51	1.0530845553334527
600	51	1.0640421729038492
610	51	1.0771280259125326
620	51	1.0927012685431783
630	51	1.1111521619990814
640	51	1.132900344209864
650	51	1.1583815110383813
660	51	1.1880284602704088
670	51	1.222244660192434
680	51	1.2613685842563838
690	51	1.305627075868977
700	51	1.355083693106892
710	51	1.409573268896169
720	51	1.4686331229089244
730	51	1.531432281939975
740	51	1.5967120086552276
750	51	1.6627616184036549
760	51	1.727441262862717
770	51	1.788147675458042
780	51	1.8411793253355708
790	51	1.8796055549437336
0	52	1
10	52	1
20	52	1
30	52	1
40	52	1
50	52	1
60	52	1
70	52	1
80	52	1
90	52	1
100	52	1
110	52	1
120	52	1
130	52	1
140	52	1
150	52	1
160	52	1
170	52	1
180	52	1
190	52	1
200	52	1
210	52	1
220	52	1
230	52	1
240	52	1
250	52	1
260	52	1
270	52	1
280	52	1
290	52	1
300	52	1
310	52	1
320	52	1
330	52	1
340	52	1
350	52	1
360	52	1
370	52	1
380	52	1
390	52	1
400	52	1
410	52	1
420	52	1
430	52	1
440	52	1
450	52	1.0042822909379072
460	52	1.0051858216542298
470	52	1.0062862059659625
480	52	1.0076147627828547
490	52	1.009215956962327
500	52	1.0111590045880687
510	52	1.0134905476769172
520	52	1.0163130812570549
530	52	1.019718576672227
540	52	1.0238258280480623
550	52	1.0287644414618016
560	52	1.034699155765948
570	52	1.0418191151807072
580	52	1.050341248641568
590	52	1.0605190966887765
600	52	1.0726353330936176
610	52	1.0870087581196695
620	52	1.1039909292430947
630	52	1.1239554042329136
640	52	1.1472950614605222
650	52	1.1743984697484793
660	52	1.205633526307323
670	52	1.2413148428564298
680	52	1.2816654486273056
690	52	1.3267719274967922
700	52	1.376530576618777
710	52	1.430587699151083
720	52	1.488278625161252
730	52	1.5485712053561635
740	52	1.6100328984914445
750	52	1.6708408422119823
760	52	1.7288233088717426
770	52	1.781327335614955
780	52	1.8241687957452823
790	52	1.8490100694809022
0	53	1
10	53	1
20	53	1
30	53	1
40	53	1
50	53	1
60	53	1
70	53	1
80	53	1
90	53	1
100	53	1
110	53	1
120	53	1
130	53	1
140	53	1
150	53	1
160	53	1
170	53	1
180	53	1
190	53	1
200	53	1
210	53	1
220	53	1
230	53	1
240	53	1
250	53	1
260	53	1
270	53	1
280	53	1
290	53	1
300	53	1
310	53	1
320	53	1
330	53	1
340	53	1
350	53	1
360	53	1
370	53	1
380	53	1
390	53	1
400	53	1
410	53	1
420	53	1
430	53	1
440	53	1
450	53	1.0051534946576857
460	53	1.006209421835534
470	53	1.007500169186392
480	53	1.0090437226934788
490	53	1.0109007929838916
500	53	1.0131445978257754
510	53	1.015836524886954
520	53	1.019071901325971
530	53	1.0229618945529344
540	53	1.0276249704634102
550	53	1.0332054485191178
560	53	1.0398790222103953
570	53	1.0478403385487913
580	53	1.0573170107117595
590	53	1.0685629907091623
600	53	1.0818658459285364
610	53	1.0975391733460425
620	53	1.1159189422198306
630	53	1.1373584413583393
640	53	1.1622086185409641
650	53	1.1908056607375486
660	53	1.2234407851383935
670	53	1.260330683964273
680	53	1.301578319034062
690	53	1.3471265344308871
700	53	1.3967085568737705
710	53	1.449793701087058
720	53	1.5055366665169367
730	53	1.5627402552929461
740	53	1.6198499178874346
750	53	1.674993455707918
760	53	1.726007380256747
770	53	1.770109527328853
780	53	1.8022817648712275
790	53	1.8119559393891613
0	54	1
10	54	1
20	54	1
30	54	1
40	54	1
50	54	1
60	54	1
70	54	1
80	54	1
90	54	1
100	54	1
110	54	1
120	54	1
130	54	1
140	54	1
150	54	1
160	54	1
170	54	1
180	54	1
190	54	1
200	54	1
210	54	1
220	54	1
230	54	1
240	54	1
250	54	1
260	54	1
270	54	1
280	54	1
290	54	1
300	54	1
310	54	1
320	54	1
330	54	1
340	54	1
350	54	1
360	54	1
370	54	1
380	54	1
390	54	1
400	54	1
410	54	1
420	54	1
430	54	1
440	54	1
450	54	1.0061492789652902
460	54	1.0073895657943894
470	54	1.0088789659360444
480	54	1.0106749085833664
490	54	1.0128170962417842
500	54	1.0153933723282782
510	54	1.0184724369240419
520	54	1.022161877803051
530	54	1.0265704692735311
540	54	1.0318314323469515
550	54	1.0380977636491562
560	54	1.0455542591814198
570	54	1.0543972427215926
580	54	1.0648610247216315
590	54	1.0772042593301048
600	54	1.0917079599068777
610	54	1.108674755097879
620	54	1.1284226918995324
630	54	1.1512701311669407
640	54	1.1775234390994762
650	54	1.2074534579939056
660	54	1.241268577631094
670	54	1.2790819215979121
680	54	1.3208723869387944
690	54	1.366441778390123
700	54	1.4153677750932536
710	54	1.4669584590655964
720	54	1.5202154152277958
730	54	1.5738163652281
740	54	1.626137860567104
750	54	1.675309850201925
760	54	1.7191759049341606
770	54	1.7546475600504405
780	54	1.7753562866184394
790	54	1.7670079435137964
0	55	1
10	55	1
20	55	1
30	55	1
40	55	1
50	55	1
60	55	1
70	55	1
80	55	1
90	55	1
100	55	1
110	55	1
120	55	1
130	55	1
140	55	1
150	55	1
160	55	1
170	55	1
180	55	1
190	55	1
200	55	1
210	55	1
220	55	1
230	55	1
240	55	1
250	55	1
260	55	1
270	55	1
280	55	1
290	55	1
300	55	1
310	55	1
320	55	1
330	55	1
340	55	1
350	55	1
360	55	1
370	55	1
380	55	1
390	55	1
400	55	1
410	55	1
420	55	1
430	55	1
440	55	1
450	55	1.0072833047753373
460	55	1.0087267454921398
470	55	1.0104536068142604
480	55	1.0125124777402428
490	55	1.0149758969995148
500	55	1.0179164653140182
510	55	1.0214188711623788
520	55	1.025593567201331
530	55	1.0305616856013093
540	55	1.0364586915549368
550	55	1.0434535383405936
560	55	1.0517267522445495
570	55	1.0614870666287286
580	55	1.0729669217482214
590	55	1.0864208704118115
600	55	1.1021235753397303
610	55	1.1203603794073627
620	55	1.141421628550626
630	55	1.165586772607217
640	55	1.1931065142169321
650	55	1.2241805173580544
660	55	1.25892844131135
670	55	1.297356068740883
680	55	1.339319609976569
690	55	1.3844842333785374
700	55	1.4322842057887706
710	55	1.4818872507027447
720	55	1.532172158538945
730	55	1.5817346196336728
740	55	1.6289316226884678
750	55	1.6719264733623658
760	55	1.7085100693398818
770	55	1.7349930008386583
780	55	1.7429265075295506
790	55	1.7116836242211577
0	56	1
10	56	1
20	56	1
30	56	1
40	56	1
50	56	1
60	56	1
70	56	1
80	56	1
90	56	1
100	56	1
110	56	1
120	56	1
130	56	1
140	56	1
150	56	1
160	56	1
170	56	1
180	56	1
190	56	1
200	56	1
210	56	1
220	56	1
230	56	1
240	56	1
250	56	1
260	56	1
270	56	1
280	56	1
290	56	1
300	56	1
310	56	1
320	56	1
330	56	1
340	56	1
350	56	1
360	56	1
370	56	1
380	56	1
390	56	1
400	56	1
410	56	1
420	56	1
430	56	1
440	56	1
450	56	1.0085793260086566
460	56	1.0102430351136404
470	56	1.0122267444007569
480	56	1.0145839476305156
490	56	1.0173915306571688
500	56	1.0207302018556101
510	56	1.0246861591708936
520	56	1.0293850070812063
530	56	1.0349491047526147
540	56	1.0415248231863463
550	56	1.0492785888914118
560	56	1.0584009066183848
570	56	1.0691034888372322
580	56	1.0816141093071177
590	56	1.0961817021776583
600	56	1.113065321047529
610	56	1.1325277404458087
620	56	1.1548257673945117
630	56	1.1801912979694533
640	56	1.2088148790115143
650	56	1.2408182929488856
660	56	1.2762290090652164
670	56	1.3149452547529579
680	56	1.3567031571037493
690	56	1.4010408613705825
700	56	1.4472646916066934
710	56	1.4944257812323933
720	56	1.541313800449047
730	56	1.5864849189412773
740	56	1.6283167346474474
750	56	1.6650051611618621
760	56	1.6941536644791686
770	56	1.7110396778926855
780	56	1.7041034116098535
790	56	1.642245755674261
0	57	1
10	57	1
20	57	1
30	57	1
40	57	1
50	57	1
60	57	1
70	57	1
80	57	1
90	57	1
100	57	1
110	57	1
120	57	1
130	57	1
140	57	1
150	57	1
160	57	1
170	57	1
180	57	1
190	57	1
200	57	1
210	57	1
220	57	1
230	57	1
240	57	1
250	57	1
260	57	1
270	57	1
280	57	1
290	57	1
300	57	1
310	57	1
320	57	1
330	57	1
340	57	1
350	57	1
360	57	1
370	57	1
380	57	1
390	57	1
400	57	1
410	57	1
420	57	1
430	57	1
440	57	1
450	57	1.01005398553374
460	57	1.0119619425019981
470	57	1.0142219159718635
480	57	1.0169019987991237
490	57	1.020084038278508
500	57	1.0238461364915723
510	57	1.028299675615848
520	57	1.0335516779580471
530	57	1.0397442134153227
540	57	1.047028902313195
550	57	1.0555750700487754
560	57	1.0655719832916204
570	57	1.0772322020485918
580	57	1.0907776546517145
590	57	1.1064439942730775
600	57	1.1244716214099604
610	57	1.1450956461712896
620	57	1.168530405737919
630	57	1.1949565046466686
640	57	1.224497260296014
650	57	1.2571939741486822
660	57	1.2929799879106425
670	57	1.3316483144073044
680	57	1.3728221059869496
690	57	1.4159236662924464
700	57	1.4601501959393837
710	57	1.5044621786374426
720	57	1.5475958846463989
730	57	1.5881066908695076
740	57	1.6244164222298363
750	57	1.6547087639421603
760	57	1.6761731667679558
770	57	1.682462922736176
780	57	1.6574340816527062
790	57	1.5537372364589876
0	58	1
10	58	1
20	58	1
30	58	1
40	58	1
50	58	1
60	58	1
70	58	1
80	58	1
90	58	1
100	58	1
110	58	1
120	58	1
130	58	1
140	58	1
150	58	1
160	58	1
170	58	1
180	58	1
190	58	1
200	58	1
210	58	1
220	58	1
230	58	1
240	58	1
250	58	1
260	58	1
270	58	1
280	58	1
290	58	1
300	58	1
310	58	1
320	58	1
330	58	1
340	58	1
350	58	1
360	58	1
370	58	1
380	58	1
390	58	1
400	58	1
410	58	1
420	58	1
430	58	1
440	58	1
450	58	1.0117053020654125
460	58	1.0138692045457274
470	58	1.016444453596845
480	58	1.0194791344686467
490	58	1.0230614848874604
500	58	1.027287297848499
510	58	1.0322601018407729
520	58	1.0381021113879945
530	58	1.0449572491871595
540	58	1.0529769022938833
550	58	1.0623365056843974
560	58	1.0732262749772494
570	58	1.0858488235748054
580	58	1.1004189917193192
590	58	1.1171551787605194
600	58	1.136272913791704
610	58	1.1579725939767873
620	58	1.1824231444855178
630	58	1.2097471882186595
640	58	1.2399976783991913
650	58	1.273133990005934
660	58	1.308996150929334
670	58	1.3472769505868418
680	58	1.3874954478919572
690	58	1.4289723740530955
700	58	1.4708167464793294
710	58	1.5119269788725354
720	58	1.5510198585255057
730	58	1.586680977069369
740	58	1.6173753219815596
750	58	1.6411728456821049
760	58	1.654515243096041
770	58	1.6486521056802108
780	58	1.6007624044840538
790	58	1.4404118403671518
0	59	1
10	59	1
20	59	1
30	59	1
40	59	1
50	59	1
60	59	1
70	59	1
80	59	1
90	59	1
100	59	1
110	59	1
120	59	1
130	59	1
140	59	1
150	59	1
160	59	1
170	59	1
180	59	1
190	59	1
200	59	1
210	59	1
220	59	1
230	59	1
240	59	1
250	59	1
260	59	1
270	59	1
280	59	1
290	59	1
300	59	1
310	59	1
320	59	1
330	59	1
340	59	1
350	59	1
360	59	1
370	59	1
380	59	1
390	59	1
400	59	1
410	59	1
420	59	1
430	59	1
440	59	1
450	59	1.0135533298683834
460	59	1.0160173423453864
470	59	1.018915953078331
480	59	1.0223304816734262
490	59	1.0263483633051276
500	59	1.0310573699932308
510	59	1.0365821775546284
520	59	1.0430433422410437
530	59	1.0505850076834062
540	59	1.059363360204325
550	59	1.0695549073013209
560	59	1.0813420588414087
570	59	1.0949217303610699
580	59	1.110491619960604
590	59	1.1282526433818616
600	59	1.1483871099331417
610	59	1.171057144695624
620	59	1.196382004295485
630	59	1.2244221400225048
640	59	1.255158132499433
650	59	1.2884679249347484
660	59	1.324101561506087
670	59	1.3616588528040188
680	59	1.4005650484206347
690	59	1.4400568911138218
700	59	1.4791774812846785
710	59	1.5167919489291097
720	59	1.5516282027069241
730	59	1.5823197927369006
740	59	1.6073403559054078
750	59	1.6244748266476312
760	59	1.6289622735641494
770	59	1.6086361236069642
780	59	1.531143920550834
790	59	1.2966189109859314
0	60	1
10	60	1
20	60	1
30	60	1
40	60	1
50	60	1
60	60	1
70	60	1
80	60	1
90	60	1
100	60	1
110	60	1
120	60	1
130	60	1
140	60	1
150	60	1
160	60	1
170	60	1
180	60	1
190	60	1
200	60	1
210	60	1
220	60	1
230	60	1
240	60	1
250	60	1
260	60	1
270	60	1
280	60	1
290	60	1
300	60	1
310	60	1
320	60	1
330	60	1
340	60	1
350	60	1
360	60	1
370	60	1
380	60	1
390	60	1
400	60	1
410	60	1
420	60	1
430	60	1
440	60	1
450	60	1.0156149767450264
460	60	1.018387263950993
470	60	1.0216487428125767
480	60	1.0254679901417914
490	60	1.0299411309684752
500	60	1.0351702156842986
510	60	1.0412724207751594
520	60	1.048377173749854
530	60	1.0566268284037188
540	60	1.0661819899484442
550	60	1.077211049102391
560	60	1.089892296146188
570	60	1.1044092479207475
580	60	1.1209415053095484
590	60	1.13966369373614
600	60	1.160724467815036
610	60	1.1842409792740027
620	60	1.210279756261039
630	60	1.238837217119509
640	60	1.2698219660773005
650	60	1.3030320940643763
660	60	1.3381333039438104
670	60	1.37463992236034
680	60	1.4118984777151793
690	60	1.449078725703457
700	60	1.4851818587764265
710	60	1.5190671825034778
720	60	1.5494977280425484
730	60	1.5751532551144676
740	60	1.5944384734001935
750	60	1.6046007515086744
760	60	1.5990860283114288
770	60	1.5610067047092149
780	60	1.4448966516709065
790	60	1.1180355851051171
0	61	1.0017686764559566
10	61	0.996181168987135
20	61	1.0011729316300508
30	61	1.0006277653857223
40	61	1.0008382921709118
50	61	1.0014143192548608
60	61	0.9984267125031774
70	61	1.0008727771878296
80	61	1.0001931287140449
90	61	1.0005855574372975
100	61	1.0006461005928287
110	61	1.0003783627896512
120	61	1.000413056218256
130	61	1.000657084462335
140	61	1.0000137822799284
150	61	0.9991604193523429
160	61	1.0002595124086557
170	61	0.9999009430715106
180	61	1.0001761618626597
190	61	1.0004139889073176
200	61	0.9999501049728222
210	61	1.000122159991843
220	61	1.0002483600699108
230	61	1.0004298702063632
240	61	1.0005630372131569
250	61	1.0007220269669066
260	61	1.000847603390325
270	61	1.0009753582634908
280	61	1.0011752481640637
290	61	1.0012444159510046
300	61	1.001532337776629
310	61	1.0018103435133812
320	61	1.0021890997810463
330	61	1.0025354893982306
340	61	1.0029874472108935
350	61	1.0035350468811703
360	61	1.0041568894778676
370	61	1.0048928807495006
380	61	1.005755272160225
390	61	1.0067741504868735
400	61	1.0079721474298078
410	61	1.0093734915097097
420	61	1.011031754476483
430	61	1.0129597175179956
440	61	1.0152316712282432
450	61	1.0178985845062516
460	61	1.0210096706536653
470	61	1.0246489089975248
480	61	1.0289038953526666
490	61	1.033861161971841
500	61	1.03963087847935
510	61	1.0463340003361183
520	61	1.054101497895511
530	61	1.0630783285682976
540	61	1.0734160558282595
550	61	1.085282181904101
560	61	1.098840800035126
570	61	1.1142626361841759
580	61	1.1317028367491213
590	61	1.1513070147516646
600	61	1.1731852203457338
610	61	1.1974083544130738
620	61	1.2239853549035868
630	61	1.2528493146386555
640	61	1.283837630129898
650	61	1.3166722470308179
660	61	1.3509425735431382
670	61	1.3860879089627267
680	61	1.421389681575993
690	61	1.455970895239901
700	61	1.4888140858102983
710	61	1.518797157317948
720	61	1.5447309682064971
730	61	1.5653141974100921
740	61	1.5787524905009418
750	61	1.581411130204881
760	61	1.5642004748660145
770	61	1.5038541543196196
780	61	1.3378737610382085
790	61	0.9029762579354562
0	62	0.9993323046362428
10	62	1.000668667087343
20	62	0.9976136358406476
30	62	1.000472425874042
40	62	1.002569915261366
50	62	1.0002163165429507
60	62	1.0011739109960525
70	62	1.0003441345962627
80	62	1.0010921462516842
90	62	0.9995692478778606
100	62	1.0012785872562995
110	62	0.9995651598098343
120	62	0.9999304199935537
130	62	0.9999930313478431
140	62	0.9997816828707443
150	62	1.0005775235124565
160	62	1.0006496555689997
170	62	1.0003034161512205
180	62	1.0005196385411896
190	62	1.0001268073702785
200	62	1.000437834607568
210	62	1.0006630496729667
220	62	1.0003909991961728
230	62	1.0005123955777953
240	62	1.000664491084599
250	62	1.0007724469590609
260	62	1.0009781186527218
270	62	1.0011799845091915
280	62	1.001381646615091
290	62	1.001543758928639
300	62	1.0018316270069756
310	62	1.0021413857663195
320	62	1.0025517186936288
330	62	1.0029855886943309
340	62	1.003531881560011
350	62	1.0041337954945726
360	62	1.0048629608437283
370	62	1.005703043625115
380	62	1.0066922845391721
390	62	1.0078714381374387
400	62	1.00923194678409
410	62	1.010823866485246
420	62	1.0126908149778484
430	62	1.0148747496206332
440	62	1.0174259834989736
450	62	1.020407433986098
460	62	1.0238819099493983
470	62	1.0279318427989668
480	62	1.032640012074551
490	62	1.038106955535876
500	62	1.0444433820431906
510	62	1.051768245416787
520	62	1.060214644649845
530	62	1.069922835037834
540	62	1.0810453211136988
550	62	1.093734215988339
560	62	1.108144651935005
570	62	1.12442302252744
580	62	1.142704630013498
590	62	1.1630952040275893
600	62	1.1856675304564521
610	62	1.2104403074285244
620	62	1.237366835274511
630	62	1.266317345944386
640	62	1.2970601219652806
650	62	1.3292473864812215
660	62	1.3623992920003745
670	62	1.3958930617442595
680	62	1.428960728515129
690	62	1.4606978793208327
700	62	1.490091035572781
710	62	1.5160548249397934
720	62	1.537445583020232
730	62	1.5529207243940832
740	62	1.5602950758497367
750	62	1.5546057745614852
760	62	1.5233149983647942
770	62	1.4347464272005999
780	62	1.2060065324865699
790	62	0.6534276557462576
0	63	0.9993825797222428
10	63	1.0014618906054564
20	63	0.9975311918705834
30	63	0.9994968321719043
40	63	0.9997120855198965
50	63	0.999154103223786
60	63	1.0003021110901509
70	63	1.00030655818155
80	63	0.9998578509108915
90	63	1.000159241836586
100	63	1.0004040964871328
110	63	0.999998529660543
120	63	0.9996127020286426
130	63	1.0005755842054238
140	63	1.0002264216909371
150	63	0.9999251767984709
160	63	1.0003060385294675
170	63	1.0005713482454142
180	63	1.0001618934403742
190	63	1.0004468011575136
200	63	1.0003986303826802
210	63	1.0005922007314836
220	63	1.0006162833062622
230	63	1.000625619502013
240	63	1.0008422761250941
250	63	1.0009992535594927
260	63	1.0011712390504337
270	63	1.001345305481704
280	63	1.0015931892459977
290	63	1.0019070637596814
300	63	1.0021728155398237
310	63	1.0025560317422828
320	63	1.0030346420848866
330	63	1.0035163040598596
340	63	1.004120267019699
350	63	1.004849594992084
360	63	1.005669710182203
370	63	1.0066436878516376
380	63	1.007767331040448
390	63	1.0090918751303044
400	63	1.0106282407377565
410	63	1.012434084316706
420	63	1.0145350923923029
430	63	1.0169882718590575
440	63	1.0198415388914526
450	63	1.0231656347316826
460	63	1.0270220301780204
470	63	1.031501250131859
480	63	1.0366887781978016
490	63	1.0426863554115045
500	63	1.0496031366446508
510	63	1.0575668833138443
520	63	1.0667006089339623
530	63	1.0771435918681176
540	63	1.089040468482151
550	63	1.102529889323534
560	63	1.117751463686508
570	63	1.1348288899803194
580	63	1.1538662721593131
590	63	1.174934153777482
600	63	1.1980610732031558
610	63	1.2232157364047727
620	63	1.250294801888577
630	63	1.2791061653137967
640	63	1.3093552078822588
650	63	1.340630841875547
660	63	1.372392710814643
670	63	1.4039697172259638
680	63	1.434560890104128
690	63	1.4632541244835457
700	63	1.4890582972095772
710	63	1.5109344336676436
720	63	1.5277621579808054
730	63	1.5380569385709875
740	63	1.5389815067165282
750	63	1.5236896306220982
760	63	1.4750935456028156
770	63	1.3507960535896568
780	63	1.0460850163100683
790	63	0.3755013732678419
0	64	1.000758111070467
10	64	1.0011309217725113
20	64	0.9995570569883182
30	64	0.9996408547783797
40	64	0.9985709575328351
50	64	1.0002469942539827
60	64	0.9996843904764177
70	64	1.0004553604778936
80	64	0.9995707995601549
90	64	1.0000329461795092
100	64	1.0005524930374756
110	64	0.9997057341516933
120	64	0.9998886969691865
130	64	1.0001906432172656
140	64	0.9998975553982543
150	64	1.0005007559733226
160	64	1.0002094973707996
170	64	1.0002783854450843
180	64	1.0004367739692839
190	64	1.0003167664211703
200	64	1.0005446744106659
210	64	1.0006895078349147
220	64	1.0007767127830351
230	64	1.0009126492358107
240	64	1.001076613351313
250	64	1.0012063333928596
260	64	1.0013751286763832
270	64	1.0015963309187235
280	64	1.0019284961554793
290	64	1.0021784468470765
300	64	1.002580618543835
310	64	1.0030141716206868
320	64	1.00352319956033
330	64	1.0041070977436737
340	64	1.004831568450066
350	64	1.0056196559211315
360	64	1.0065745071100254
370	64	1.00766655722768
380	64	1.0089620938540087
390	64	1.0104613149454
400	64	1.012198761761891
410	64	1.0142175241952835
420	64	1.0165789684352322
430	64	1.0193096554557528
440	64	1.0224878619099784
450	64	1.0261729577003174
460	64	1.0304354515481446
470	64	1.035364318024058
480	64	1.0410523313215958
490	64	1.0475977022808072
500	64	1.0551123339998454
510	64	1.063720161585121
520	64	1.0735429284405233
530	64	1.0847154712653921
540	64	1.0973665509589727
550	64	1.111622990914876
560	64	1.1276036696535001
570	64	1.1454057886944384
580	64	1.1651018426263682
590	64	1.186724772031192
600	64	1.2102561862514396
610	64	1.235614666664667
620	64	1.262642086827992
630	64	1.2910883192662643
640	64	1.3206004300937026
650	64	1.3507109554208703
660	64	1.380832403258075
670	64	1.4102567168344073
680	64	1.4381669430174036
690	64	1.4636612013709185
700	64	1.4857852405418568
710	64	1.5035431015718743
720	64	1.5157900028456506
730	64	1.520752315055856
740	64	1.5146024404147989
750	64	1.4879399245296658
760	64	1.4178305850338162
770	64	1.2488638412072268
780	64	0.856644740326139
790	64	0.07914903724679942
0	65	0.9996285003829412
10	65	1.000072347431436
20	65	1.001137052772879
30	65	1.000161692379777
40	65	0.99978203893047
50	65	1.0005239525041454
60	65	0.9992878355227343
70	65	0.9988825715739307
80	65	0.9999260832484056
90	65	1.0001008219507688
100	65	1.000246598325238
110	65	0.9995350183417674
120	65	0.9997290938803733
130	65	1.0003658423043968
140	65	1.0002357840267848
150	65	1.0007267351016713
160	65	1.0002663507217513
170	65	1.0004350987017172
180	65	1.000513349666518
190	65	1.0005861955038824
200	65	1.0006442219524556
210	65	1.0007259189068285
220	65	1.000842109440098
230	65	1.0010374728329392
240	65	1.001206306571611
250	65	1.0014308713280438
260	65	1.001666814408948
270	65	1.0019340634750207
280	65	1.0022034716291377
290	65	1.0026270392844558
300	65	1.003031606103076
310	65	1.0035336006000102
320	65	1.004101734433187
330	65	1.0048105011379798
340	65	1.0055990453643067
350	65	1.0065001540648424
360	65	1.0075808833166477
370	65	1.0088237168228593
380	65	1.0102753170891243
390	65	1.011959291765697
400	65	1.013912432942698
410	65	1.0161816181508003
420	65	1.018809709856917
430	65	1.0218587075880365
440	65	1.0253705891090668
450	65	1.029440822321625
460	65	1.03412864961705
470	65	1.0395293179179321
480	65	1.0457285379123058
490	65	1.0528364665554553
500	65	1.060959868801389
510	65	1.0702148738679094
520	65	1.0807233557741185
530	65	1.0926059563213206
540	65	1.1059820152123045
550	65	1.120959848326733
560	65	1.1376351094434627
570	65	1.1560768483628052
580	65	1.1763228201460507
590	65	1.1983651361500174
600	65	1.2221409843587645
610	65	1.2475197531164535
620	65	1.2742894039747832
630	65	1.3021468620276209
640	65	1.3306873747382943
650	65	1.3593965203522203
660	65	1.387649452715528
670	65	1.4147167733913635
680	65	1.4397810571241398
690	65	1.461965431818029
700	65	1.48035899970568
710	65	1.493990615947805
720	65	1.501611921409682
730	65	1.5009599976101566
740	65	1.4867968611572993
750	65	1.4463776912266952
760	65	1.3494632545942882
770	65	1.1259300253656201
780	65	0.6387545058755839
790	65	-0.2228187450377699
0	66	0.9997558562961059
10	66	1.0009354965782156
20	66	1.0004124021868095
30	66	0.9994437385066487
40	66	1.0005013180317766
50	66	0.9999834325595901
60	66	1.0002409424208794
70	66	1.0001940163772338
80	66	1.000472728827159
90	66	1.0004020079360738
100	66	1.0000147127844659
110	66	1.0003104635921767
120	66	1.0003272302013837
130	66	1.0003028211916811
140	66	1.0003051118022555
150	66	1.0004412042630244
160	66	1.000545409453903
170	66	1.0006227318934235
180	66	1.0004900984183611
190	66	1.0004792319137341
200	66	1.0007576471341537
210	66	1.0009137594431194
220	66	1.0009888601385661
230	66	1.0012143449779562
240	66	1.0014034197778405
250	66	1.0016882014019215
260	66	1.001919372885498
270	66	1.0022426674445761
280	66	1.0026166101162108
290	66	1.0030061624057633
300	66	1.0035408312629623
310	66	1.0041057398806783
320	66	1.0047790084311503
330	66	1.0055507926053189
340	66	1.0064347643781022
350	66	1.0074976984882982
360	66	1.008694503380593
370	66	1.0101049844800274
380	66	1.0117391211898616
390	66	1.0136292437470047
400	66	1.0158090238456798
410	66	1.0183375323103152
420	66	1.0212578511914108
430	66	1.024624439703902
440	66	1.0285083669847697
450	66	1.0329741227472031
460	66	1.0381052093077008
470	66	1.0439891754890944
480	66	1.050719489269158
490	66	1.0583981157562676
500	66	1.067130795399133
510	66	1.0770317051740148
520	66	1.0882115262777137
530	66	1.100780708467475
540	66	1.1148411479817115
550	66	1.1304843438320076
560	66	1.147777124503549
570	66	1.1667602637256784
580	66	1.1874348636222483
590	66	1.209753172898343
600	66	1.2336070500422807
610	66	1.2588176381025977
620	66	1.285124485565656
630	66	1.31217611797189
640	66	1.339522716598296
650	66	1.3666130687685323
660	66	1.3927968015673065
670	66	1.4173364615682529
680	66	1.4394286899606596
690	66	1.4582326944473967
700	66	1.4728776276636744
710	66	1.482377969886733
720	66	1.4852674644641666
730	66	1.4785348339331228
740	66	1.4550267617975892
750	66	1.3977486281776492
760	66	1.2676464487784862
770	66	0.9796212841160675
780	66	0.39648854567525266
790	66	-0.5162013804157916
0	67	1.0000439542521211
10	67	1.0000366763565067
20	67	1.000188769503293
30	67	0.9990951456906902
40	67	1.0003333994601418
50	67	1.0000730485180958
60	67	1.000172748459895
70	67	1.000066431918238
80	67	0.9999033703719564
90	67	0.9997987405005417
100	67	1.0002532363153402
110	67	0.9999410061639104
120	67	1.0001196650764947
130	67	1.000435828027558
140	67	1.0004077556098832
150	67	1.0005878690421062
160	67	1.0005826322359752
170	67	1.0006629885347733
180	67	1.000825574241244
190	67	1.000767735724524
200	67	1.0008008618018083
210	67	1.001119185193023
220	67	1.001206422686894
230	67	1.001420802697208
240	67	1.0016791521837671
250	67	1.0019314814560443
260	67	1.0022656408305923
270	67	1.0026131978075192
280	67	1.003044283850299
290	67	1.0035390642851374
300	67	1.004118213489434
310	67	1.0047597520983436
320	67	1.005513964795832
330	67	1.0063988991680177
340	67	1.0073984182791436
350	67	1.0085976342204228
360	67	1.0099495180101974
370	67	1.0115354147966884
380	67	1.0133431325543865
390	67	1.0154632030681767
400	67	1.0178918226235045
410	67	1.0206932184910076
420	67	1.0239236550755921
430	67	1.0276319305265937
440	67	1.0318929243582249
450	67	1.036780504505486
460	67	1.0423668345936274
470	67	1.0487482030654591
480	67	1.0560163483941114
490	67	1.0642695338576986
500	67	1.0736109741747963
510	67	1.0841440002998848
520	67	1.0959741681832955
530	67	1.1091936549412094
540	67	1.1238903512109373
550	67	1.1401297874489014
560	67	1.1579539417213685
570	67	1.1773705672617676
580	67	1.198344832708946
590	67	1.2207873615797658
600	67	1.2445482766600393
610	67	1.2694023582141831
620	67	1.2950456748671797
630	67	1.3210834576138408
640	67	1.3470299963807744
650	67	1.3723061266761158
660	67	1.3962482120840425
670	67	1.418123969247808
680	67	1.4371560887878283
690	67	1.452544136727497
700	67	1.4634413295433517
710	67	1.4687850650957162
720	67	1.4667354861993829
730	67	1.4532114612962157
740	67	1.4185553690319905
750	67	1.3405215357144336
760	67	1.169919128727757
770	67	0.8088244401592636
780	67	0.1369282196398666
790	67	-0.7870664387180457
0	68	0.9999579558500039
10	68	0.9999660602801425
20	68	0.9998233411615258
30	68	0.9991481016247299
40	68	0.9997791582792916
50	68	1.0001564943106798
60	68	0.9999763462185972
70	68	0.9997638519091948
80	68	1.0006204503396994
90	68	1.000209277216159
100	68	1.000326960901598
110	68	1.0007003485936705
120	68	1.0001536504607642
130	68	1.0002378456696206
140	68	1.000247906199623
150	68	1.0005932177133574
160	68	1.0004603629358575
170	68	1.0007840597392565
180	68	1.0007503074779516
190	68	1.000883215742966
200	68	1.0010259663033996
210	68	1.0012280594846197
220	68	1.0014770205073888
230	68	1.0016655148497244
240	68	1.0019603367233842
250	68	1.0022303081540933
260	68	1.0026581119267113
270	68	1.0030505759669113
280	68	1.0035242675167417
290	68	1.004088418517045
300	68	1.0047174691447172
310	68	1.0054737682706452
320	68	1.0063361498049321
330	68	1.0073422173123248
340	68	1.0084715038821193
350	68	1.0097956432409065
360	68	1.0113336764479302
370	68	1.0130952034118748
380	68	1.01513466278052
390	68	1.0174737058946637
400	68	1.0201589276906144
410	68	1.0232554847120443
420	68	1.0268051589515605
430	68	1.0308741712518923
440	68	1.0355306779171034
450	68	1.040851282006
460	68	1.0469123796165085
470	68	1.0537989129690277
480	68	1.0616101274183583
490	68	1.0704366770847964
500	68	1.0803754572756576
510	68	1.0915252975033738
520	68	1.1039728132669828
530	68	1.1178001713833299
540	68	1.1330719939296843
550	68	1.1498293427558763
560	68	1.1680878374461252
570	68	1.1878208702415618
580	68	1.2089572460502322
590	68	1.2313688799132765
600	68	1.2548634558615612
610	68	1.2791762418919732
620	68	1.30396171999383
630	68	1.3287908222892622
640	68	1.3531488088324315
650	68	1.3764397994871933
660	68	1.3979979620803034
670	68	1.4171075970475964
680	68	1.4330262317787983
690	68	1.4449896706710614
700	68	1.4521434804571334
710	68	1.4532571215716446
720	68	1.4459162294866768
730	68	1.424584078741239
740	68	1.3764310043507284
750	68	1.2729177720531102
760	68	1.0539797877982529
770	68	0.6142648015689942
780	68	-0.13034892634807516
790	68	-1.0232951313143157
0	69	1.000370261565894
10	69	0.9999116140000969
20	69	0.9997866057412635
30	69	1.0004904705047875
40	69	1.0000718173260439
50	69	1.0001576212060916
60	69	0.9999455926652123
70	69	1.0004583879050868
80	69	1.0006485464058077
90	69	1.0006104974817231
100	69	1.000146880317662
110	69	1.0003243814349962
120	69	1.0003757926267232
130	69	1.0001999975817437
140	69	1.000580847473315
150	69	1.0006337571965003
160	69	1.000627045056775
170	69	1.0007881202508777
180	69	1.0008518886555375
190	69	1.001117358333796
200	69	1.0012906496655312
210	69	1.001517833590892
220	69	1.0016946532603384
230	69	1.0019770767623664
240	69	1.0022863364817163
250	69	1.002650302655895
260	69	1.0030698720992106
270	69	1.003546110884182
280	69	1.0040742420602962
290	69	1.0047071628350734
300	69	1.0054460546114627
310	69	1.0062933616689749
320	69	1.0072421090006092
330	69	1.0083790169597513
340	69	1.0096686454837538
350	69	1.0111479884674166
360	69	1.0128475604450355
370	69	1.014819220058806
380	69	1.0170717565993603
390	69	1.0196618906822068
400	69	1.0226305264587712
410	69	1.0260297702794958
420	69	1.029922033818332
430	69	1.034365399675369
440	69	1.0394297778650161
450	69	1.0451914495336814
460	69	1.0517320074467633
470	69	1.0591330972822797
480	69	1.067484744362621
490	69	1.0768774809454849
500	69	1.0873997656710404
510	69	1.0991371037018214
520	69	1.1121646280526927
530	69	1.1265450329437936
540	69	1.1423216862040637
550	69	1.159511025811173
560	69	1.178097873131856
570	69	1.1980236264640722
580	69	1.2191800724791957
590	69	1.241402442714006
600	69	1.2644599377595447
610	69	1.2880502361421726
620	69	1.3117942738074284
630	69	1.3352345015575733
640	69	1.3578365717677185
650	69	1.3789969167885228
660	69	1.3980590421795596
670	69	1.4143334765827535
680	69	1.4271146775545958
690	69	1.4356613932977926
700	69	1.4390602963788512
710	69	1.4357902377873988
720	69	1.4226133942151944
730	69	1.3920880538977989
740	69	1.3274816848436615
750	69	1.1929883434392017
760	69	0.9180649640431219
770	69	0.3989057802891827
780	69	-0.3942114329544703
790	69	-1.215775832388576
0	70	1.0000755775847663
10	70	1.0006213384205274
20	70	1.000013910817658
30	70	1.000706377655112
40	70	0.9999863636095069
50	70	1.0000111128879998
60	70	1.0004541714557034
70	70	1.0005348677852244
80	70	1.000227047675943
90	70	1.000145861596751
100	70	1.0000554045667263
110	70	1.0004875886400424
120	70	1.000639304596177
130	70	1.000720450584506
140	70	1.000532138858178
150	70	1.0006791964471444
160	70	1.0008530901433623
170	70	1.0009541184050599
180	70	1.00106513474517
190	70	1.0013401025171433
200	70	1.0014626724963411
210	70	1.0017197872999168
220	70	1.0019601760375394
230	70	1.002275143219094
240	70	1.0026593408148867
250	70	1.0030441751917798
260	70	1.003528677926383
270	70	1.0040935549911152
280	70	1.0047009697269644
290	70	1.0054346714605529
300	70	1.0062436074317116
310	70	1.007189473167555
320	70	1.0082703367538657
330	70	1.0095240320667138
340	70	1.010967318568774
350	70	1.012615449626486
360	70	1.014514776761293
370	70	1.0166906798313056
380	70	1.0191892349626952
390	70	1.0220371555859535
400	70	1.0253015387914182
410	70	1.029023755758327
420	70	1.0332689298310689
430	70	1.0380992455271039
440	70	1.043582830880381
450	70	1.0497986853551768
460	70	1.056819696487768
470	70	1.0647341195937172
480	70	1.0736230779908909
490	70	1.0835690804763338
500	70	1.0946514006430945
510	70	1.1069415555820954
520	70	1.1205009763755778
530	70	1.135371920491856
540	70	1.1515752822371679
550	70	1.1691017893901037
560	70	1.1879038434986942
570	70	1.2078920886535252
580	70	1.2289241581624892
590	70	1.2507986171120005
600	70	1.2732512067193518
610	70	1.2959466751991937
620	70	1.3184779827205368
630	70	1.340366472829107
640	70	1.3610666202031014
650	70	1.3799778905004942
660	70	1.396461917142816
670	70	1.4098614905656013
680	70	1.4195045155393127
690	70	1.4246455752294138
700	70	1.4242394861632894
710	70	1.416316889335765
720	70	1.3965172952253584
730	70	1.354986226604671
740	70	1.2703268426666605
750	70	1.0987559337136683
760	70	0.7613894004825363
770	70	0.1680465663610652
780	70	-0.6431718380214886
790	70	-1.3591045276961986
0	71	1.0002197568715314
10	71	1.0003154441934943
20	71	0.9992688461911783
30	71	1.000022718596597
40	71	1.0004689797188475
50	71	0.9999787169010531
60	71	1.0003135030928565
70	71	1.0003636653512962
80	71	1.0002257545279687
90	71	1.0002578917033187
100	71	1.000437185979239
110	71	1.0004067179131129
120	71	1.000531206297997
130	71	1.0007616252968738
140	71	1.0007379414213122
150	71	1.0008237695861817
160	71	1.0009867700394022
170	71	1.0011061128157113
180	71	1.0012811185056818
190	71	1.0014641807728761
200	71	1.0017485193019937
210	71	1.0019838231566376
220	71	1.0023207412064385
230	71	1.0026318253188935
240	71	1.0030704751648492
250	71	1.0035164985750655
260	71	1.0040581066010659
270	71	1.0046763917109789
280	71	1.00537520858323
290	71	1.006192839372304
300	71	1.0071244914623159
310	71	1.00818199911564
320	71	1.0093916972243722
330	71	1.0107969613461725
340	71	1.012394785405239
350	71	1.0142269055134794
360	71	1.0163386116086144
370	71	1.018732908985219
380	71	1.0214807290093
390	71	1.0246093097124906
400	71	1.0281798517358078
410	71	1.032239004601907
420	71	1.0368508432319934
430	71	1.042080024749294
440	71	1.0479904347317743
450	71	1.0546626382912612
460	71	1.0621710156258732
470	71	1.0705919743562737
480	71	1.0800050811719024
490	71	1.0904827476343475
500	71	1.1020931280426995
510	71	1.1148939692772586
520	71	1.128929073885793
530	71	1.144220618569158
540	71	1.1607649569330951
550	71	1.1785241737878138
560	71	1.1974244342795366
570	71	1.2173428554075891
580	71	1.238103720974073
590	71	1.259475250901451
600	71	1.2811609456964397
610	71	1.3027990693437435
620	71	1.32396055276911
630	71	1.3441534137284146
640	71	1.3628294377434818
650	71	1.3793998700869239
660	71	1.393251957001643
670	71	1.403763294861121
680	71	1.4102803685857315
690	71	1.4120142032846748
700	71	1.4076888093253268
710	71	1.3946909698772323
720	71	1.3671892076900145
730	71	1.3123616321204001
740	71	1.203415581866331
750	71	0.9884314952281472
760	71	0.5845720976310814
770	71	-0.07094333930599947
780	71	-0.8666234318883387
790	71	-1.4517539827511332
0	72	1.0000404868843131
10	72	1.0001498380140161
20	72	0.9999393268792296
30	72	1.0001750656552206
40	72	1.0003824419364997
50	72	1.0001839317402568
60	72	1.00063266954755
70	72	1.0002618355146047
80	72	1.0004113361274851
90	72	1.0007156251750082
100	72	1.0005078027435366
110	72	1.000683988187404
120	72	1.0007767849807954
130	72	1.0006970041557741
140	72	1.0008457857501245
150	72	1.000997454495494
160	72	1.0011429917415335
170	72	1.0013458639759725
180	72	1.0014913105994583
190	72	1.0017788949963538
200	72	1.0020310237328958
210	72	1.002310424624228
220	72	1.002712549187933
230	72	1.0030639391384863
240	72	1.0035544997441692
250	72	1.0040440331635598
260	72	1.0046557158807334
270	72	1.0053544292858014
280	72	1.0061335827345164
290	72	1.0070366330575036
300	72	1.0080815132679892
310	72	1.0092728206367723
320	72	1.010632112656928
330	72	1.0121856868397692
340	72	1.0139679509844535
350	72	1.0159916604851584
360	72	1.0183099557837185
370	72	1.0209518386316347
380	72	1.023961660474296
390	72	1.0273839844474433
400	72	1.0312693136116922
410	72	1.0356752154547737
420	72	1.040664044923875
430	72	1.046298559298626
440	72	1.0526446544267123
450	72	1.0597764061076622
460	72	1.0677653394882352
470	72	1.076685268582993
480	72	1.086602226792286
490	72	1.0975845873774053
500	72	1.1096853816532957
510	72	1.122947106712505
520	72	1.1373944251892085
530	72	1.1530284645195379
540	72	1.1698193534440384
550	72	1.1877054553648723
560	72	1.2065812940336667
570	72	1.226294099504402
580	72	1.2466399417293978
590	72	1.2673568888913005
600	72	1.2881224294661002
610	72	1.3085529137870957
620	72	1.3282037728379086
630	72	1.34657697551561
640	72	1.3631306613002432
650	72	1.3772946189467046
660	72	1.3884865387206824
670	72	1.3961133204699834
680	72	1.3995220881091437
690	72	1.3978157838897864
700	72	1.389363610936782
710	72	1.3706735437501623
720	72	1.3340490966355318
730	72	1.2631211254207286
740	72	1.125102676461452
750	72	0.8607002087687218
760	72	0.3899519772510611
770	72	-0.30923254683830476
780	72	-1.0559111953211988
790	72	-1.4957625547057145
0	73	1.0000891418056672
10	73	0.9999184437946341
20	73	0.9998230484218236
30	73	0.9999405965622963
40	73	0.9999376044731216
50	73	1.0000736242506252
60	73	1.0004752709984401
70	73	1.0006436798651743
80	73	1.0003742337533843
90	73	1.0004623150883338
100	73	1.0005225981832704
110	73	1.0007407888808117
120	73	1.0006376626950242
130	73	1.000966290364901
140	73	1.0009900772998714
150	73	1.0011388829036187
160	73	1.0014040947872584
170	73	1.0014620363995506
180	73	1.0017506168078965
190	73	1.0020373075465068
200	73	1.0023170028153494
210	73	1.0026608643526371
220	73	1.0030700287445236
230	73	1.003567046025166
240	73	1.0040327361711896
250	73	1.0046409576798043
260	73	1.0053140891412058
270	73	1.006086212338261
280	73	1.0069789294913478
290	73	1.007995630087678
300	73	1.0091437590509127
310	73	1.0104747743060039
320	73	1.0119785652556659
330	73	1.0137016897014188
340	73	1.0156697136375146
350	73	1.0179003778618139
360	73	1.0204525724810563
370	73	1.0233425393676523
380	73	1.026626933450846
390	73	1.0303552221584256
400	73	1.0345709366070575
410	73	1.0393371875591244
420	73	1.0447078470119702
430	73	1.050751632146647
440	73	1.05753567964297
450	73	1.0651257167504329
460	73	1.073586476575357
470	73	1.0829875536453704
480	73	1.093386174329779
490	73	1.1048385525901312
500	73	1.1173847258867653
510	73	1.1310495231777162
520	73	1.1458384571405555
530	73	1.161729323552467
540	73	1.178670101495532
550	73	1.1965698265709208
560	73	1.215296808656422
570	73	1.2346714525129148
580	73	1.2544606715324687
590	73	1.2743783815268315
600	73	1.2940800888739032
610	73	1.3131658768083687
620	73	1.3311827023572163
630	73	1.3476337767878308
640	73	1.3619901703070614
650	73	1.3737066534683482
660	73	1.3822320284428096
670	73	1.3869922940910155
680	73	1.3872975121616384
690	73	1.3820656595888279
700	73	1.3691545189848753
710	73	1.34391948217997
720	73	1.2963676060170986
730	73	1.2060151470106426
740	73	1.0337726126905418
750	73	0.7150493796583843
760	73	0.1817027759262046
770	73	-0.537382819803448
780	73	-1.2050857237168038
790	73	-1.4960574262009874
0	74	1.0000612527902248
10	74	1.000112466062857
20	74	0.9998436553264662
30	74	1.0002425865044633
40	74	1.0002003657091854
50	74	1.0004311383483973
60	74	1.000205248819134
70	74	1.0005140846960725
80	74	1.000579070987664
90	74	1.0005710319864025
100	74	1.0006296514877706
110	74	1.000839612451951
120	74	1.0008163040427962
130	74	1.001015727159173
140	74	1.001215856626759
150	74	1.0012693702784068
160	74	1.001579599329948
170	74	1.0017847798669615
180	74	1.0020604314227926
190	74	1.0023779452862276
200	74	1.0026728171559587
210	74	1.0030796333885212
220	74	1.003520388262342
230	74	1.0040456118215653
240	74	1.00462673320693
250	74	1.0052984027462255
260	74	1.006049589641577
270	74	1.0069223838118224
280	74	1.0079100394490461
290	74	1.0090408956148726
300	74	1.0103169885285679
310	74	1.0117822009935895
320	74	1.0134593151635727
330	74	1.0153607883929996
340	74	1.0175236277665043
350	74	1.019974242146557
360	74	1.0227610864179448
370	74	1.025917435508515
380	74	1.0294905638906058
390	74	1.033528371296317
400	74	1.0380865515107038
410	74	1.043213997108318
420	74	1.048978531634142
430	74	1.0554375020381093
440	74	1.0626529875005415
450	74	1.070690203524106
460	74	1.07961335587186
470	74	1.0894724261593192
480	74	1.1003237618781305
490	74	1.1122054677208308
500	74	1.1251445278107928
510	74	1.1391481154558707
520	74	1.1542009048492188
530	74	1.170259755275257
540	74	1.187246233724448
550	74	1.2050460100629103
560	74	1.2235002815381708
570	74	1.2424036716607998
580	74	1.261500584368867
590	74	1.2804823211921377
600	74	1.2989884952723776
610	74	1.3166077738570716
620	74	1.3328858307167413
630	74	1.3473331567807665
640	74	1.359441232662778
650	74	1.3686909407569399
660	74	1.3745600509371745
670	74	1.3764733436774894
680	74	1.3736546926434114
690	74	1.364916116481716
700	74	1.34687531265898
710	74	1.3139663173257796
720	74	1.2532654575939188
730	74	1.1396803563653024
740	74	0.9280168387125485
750	74	0.5520875052497334
760	74	-0.03431021798336839
770	74	-0.7463050822856241
780	74	-1.3112620452785837
790	74	-1.4595619538648694
0	75	1.0001765707455295
10	75	1.0001807750441538
20	75	0.9995661756678139
30	75	1.000432044856075
40	75	1.0001510013730113
50	75	1.000346001012974
60	75	1.0004332972210448
70	75	1.000473061220128
80	75	1.0005625557964457
90	75	1.000641024243601
100	75	1.0008066749769156
110	75	1.000830827426291
120	75	1.0010079299426493
130	75	1.0012338868408155
140	75	1.0013750023534604
150	75	1.0015437476265996
160	75	1.0018279687585172
170	75	1.0020253321345152
180	75	1.0023245954791133
190	75	1.0026750116326275
200	75	1.0030737982634348
210	75	1.003496025209288
220	75	1.004044204988818
230	75	1.0046017424063716
240	75	1.0052390906479598
250	75	1.0060127884684973
260	75	1.0068540743401113
270	75	1.0078426196467951
280	75	1.0089117441561708
290	75	1.0101833116718635
300	75	1.0115968615136173
310	75	1.0132233412705456
320	75	1.0150664780098755
330	75	1.0171553474164647
340	75	1.0195239028467784
350	75	1.0222097702149244
360	75	1.025242788536108
370	75	1.028674735627305
380	75	1.0325466853069303
390	75	1.0369089943575893
400	75	1.0418143091595806
410	75	1.047313466446676
420	75	1.0534698418128157
430	75	1.0603381415305198
440	75	1.067981690830893
450	75	1.0764560132012377
460	75	1.0858167788491349
470	75	1.0961084711986773
480	75	1.1073757519443739
490	75	1.1196399827087657
500	75	1.1329140724854736
510	75	1.1471869259697118
520	75	1.1624216016889222
530	75	1.178553237134154
540	75	1.195480853842598
550	75	1.2130644433696574
560	75	1.231123173251127
570	75	1.249428196939122
580	75	1.2677029683102028
590	75	1.2856221328328172
600	75	1.3028135317936997
610	75	1.3188612114916427
620	75	1.333314100443338
630	75	1.3456974515310038
640	75	1.3555256395664161
650	75	1.3623098392828743
660	75	1.3655429071903045
670	75	1.364620010514396
680	75	1.3586136334797125
690	75	1.3457428751515768
700	75	1.3222511618902282
710	75	1.280226015418547
720	75	1.2037232240920503
730	75	1.062712899180769
740	75	0.8068586620132882
750	75	0.3737884368145496
760	75	-0.25093644985823765
770	75	-0.928158930105116
780	75	-1.374580431428558
790	75	-1.3942427104041208
0	76	1.0000515178815734
10	76	1.0004189517770428
20	76	0.9996845109174493
30	76	1.000463873849744
40	76	1.0003638867544329
50	76	1.000378215001398
60	76	1.0003983219013224
70	76	1.0007521584228114
80	76	1.0006045640343135
90	76	1.000628451504681
100	76	1.000911123511323
110	76	1.0010517196299473
120	76	1.0011754508265498
130	76	1.0013194870047666
140	76	1.0015329830162953
150	76	1.0018491513163827
160	76	1.0020310792516431
170	76	1.0023185092226317
180	76	1.0027000284455125
190	76	1.0030597721079688
200	76	1.0035218929561964
210	76	1.003998560695568
220	76	1.0045953413376938
230	76	1.005225008425353
240	76	1.0059685863286747
250	76	1.0068126969943392
260	76	1.0077381657945566
270	76	1.008819125708322
280	76	1.010036785460751
290	76	1.0114252302851436
300	76	1.0129964301368195
310	76	1.0147905594855238
320	76	1.0167999274456534
330	76	1.0190931416000037
340	76	1.021680871174015
350	76	1.0246048011250979
360	76	1.0279067554542065
370	76	1.0316167026025058
380	76	1.0357952872473222
390	76	1.0404902092591164
400	76	1.0457460932028884
410	76	1.0516207476555361
420	76	1.0581674833447452
430	76	1.065444089624306
440	76	1.0735042861279858
450	76	1.0823995704784521
460	76	1.0921725652880778
470	76	1.102866665099466
480	76	1.114503754928706
490	76	1.1270979705251918
500	76	1.14064307367771
510	76	1.1551089882199939
520	76	1.1704386543005576
530	76	1.1865459572347556
540	76	1.203307497796468
550	76	1.2205617073002255
560	76	1.2381047042662443
570	76	1.2556884163458026
580	76	1.2730198165944082
590	76	1.2897611986753863
600	76	1.3055327650145754
610	76	1.31991966918039
620	76	1.3324807273453618
630	76	1.34275979142889
640	76	1.350297827957669
650	76	1.354630166949759
660	76	1.3552492916781012
670	76	1.3514791811407947
680	76	1.3421576817620746
690	76	1.3249412243495966
700	76	1.2949088815971581
710	76	1.2419820561548245
720	76	1.1466060552574846
730	76	0.9737785118713661
740	76	0.6700058054814397
750	76	0.18359490488009492
760	76	-0.46035802507448886
770	76	-1.077060464376576
780	76	-1.3978283814469565
790	76	-1.308232075499103
0	77	1.0001097980970337
10	77	1.000335408104914
20	77	0.9994872442330445
30	77	1.0002455038724576
40	77	1.000408193235559
50	77	1.0005417958215201
60	77	1.0006245955877096
70	77	1.000413571667717
80	77	1.0008019589822044
90	77	1.0007652914779075
100	77	1.0010494648369197
110	77	1.0012516662647193
120	77	1.0013349494869945
130	77	1.0015774430709352
140	77	1.0018252014400246
150	77	1.0020450416725217
160	77	1.0023960743015137
170	77	1.0027452477126788
180	77	1.0030905597174071
190	77	1.003500049032779
200	77	1.0040065215751006
210	77	1.0045511071800766
220	77	1.0051940550104637
230	77	1.0059154225517342
240	77	1.0067249455731166
250	77	1.007657521237945
260	77	1.0087221705775706
270	77	1.009897833882843
280	77	1.0112551423290714
290	77	1.0127737168339623
300	77	1.0145208927636176
310	77	1.0164639598586962
320	77	1.0186856865289997
330	77	1.0211780096336838
340	77	1.0239947745968654
350	77	1.0271685314329337
360	77	1.0307412878547626
370	77	1.0347498877006596
380	77	1.0392412332557368
390	77	1.044270089720363
400	77	1.0498808746206956
410	77	1.0561271580636211
420	77	1.063062089933844
430	77	1.0707375055575403
440	77	1.079197045274611
450	77	1.088490164185763
460	77	1.09865015568777
470	77	1.1097030220565895
480	77	1.1216656966875762
490	77	1.1345311127340512
500	77	1.148277613804405
510	77	1.1628572356366411
520	77	1.1781924675440576
530	77	1.1941766480538394
540	77	1.2106656476307873
550	77	1.227476919910449
560	77	1.2443886039551553
570	77	1.2611360930530067
580	77	1.2774125144012578
590	77	1.292872347015349
600	77	1.3071341001198993
610	77	1.3197886318003218
620	77	1.3304094192546323
630	77	1.3385632022443863
640	77	1.343816141659532
650	77	1.3457189160152796
660	77	1.3437388061541744
670	77	1.3370737629492773
680	77	1.3242246576440098
690	77	1.302109303046499
700	77	1.2643687198098477
710	77	1.1983934703796475
720	77	1.0807082170974769
730	77	0.8717616443125681
740	77	0.518094281181172
750	77	-0.013665824049616731
760	77	-0.6548239063696715
770	77	-1.1895098384973561
780	77	-1.3858254599434388
790	77	-1.2091243028174188
0	78	1.000304408733466
10	78	1.0001886933563564
20	78	0.9994149236903186
30	78	1.000274844126335
40	78	1.0005536641974255
50	78	1.0006042844875
60	78	1.0006412504059055
70	78	1.0006623282322122
80	78	1.00100400686112
90	78	1.001089572981689
100	78	1.0011745325427135
110	78	1.0013682489441473
120	78	1.001570776422285
130	78	1.0018383956363368
140	78	1.0020749670576126
150	78	1.002354677414938
160	78	1.0027056441996032
170	78	1.0030618097275847
180	78	1.0035258189167147
190	78	1.0040231708113596
200	78	1.0045491187971782
210	78	1.00515850803
220	78	1.0058898781622074
230	78	1.006678635252837
240	78	1.0075797284082446
250	78	1.0086174969937807
260	78	1.009762108305173
270	78	1.0110915262857865
280	78	1.0125714383459812
290	78	1.0142602272814703
300	78	1.0161521686663968
310	78	1.0182958881730784
320	78	1.0206981020158343
330	78	1.0234197850611606
340	78	1.0264744538903077
350	78	1.0299084336259283
360	78	1.0337590010649478
370	78	1.0380658658366053
380	78	1.0428781039606616
390	78	1.0482457867921942
400	78	1.0542109489688323
410	78	1.060827175053773
420	78	1.0681401263134829
430	78	1.076199338130045
440	78	1.0850411964092495
450	78	1.0947047068603497
460	78	1.1052135783960233
470	78	1.1165837258303288
480	78	1.128816355528958
490	78	1.1418891821526354
500	78	1.1557644803352616
510	78	1.1703748197532233
520	78	1.1856240422283866
530	78	1.2013853252875304
540	78	1.217496431411719
550	78	1.2337564009761146
560	78	1.2499271253337634
570	78	1.2657304330852928
580	78	1.2808509374460468
590	78	1.294939023343882
600	78	1.3076159299962637
610	78	1.3184834891286192
620	78	1.327133717420739
630	78	1.3331576172641986
640	78	1.336142744676795
650	78	1.3356400751349577
660	78	1.3310566068367018
670	78	1.3219009894048033
680	78	1.304697738433241
690	78	1.2769423248792178
700	78	1.2300399323757665
710	78	1.1485089874839967
720	78	1.0048232072842198
730	78	0.7559481172904241
740	78	0.3528767281059811
750	78	-0.21206730133369084
760	78	-0.8273842973644708
770	78	-1.2645062261396824
780	78	-1.3446907310963412
790	78	-1.1034955862761415
0	79	1.0004527893732236
10	79	1.000376988172156
20	79	0.9992796867769694
30	79	1.0004305094126225
40	79	1.0004853771255238
50	79	1.0006087631158156
60	79	1.0006596301830495
70	79	1.0008933262799902
80	79	1.0011196148903208
90	79	1.0012369262771985
100	79	1.0013542915882598
110	79	1.0016046142128068
120	79	1.0018724908307124
130	79	1.0020916802345652
140	79	1.002332264889726
150	79	1.0026887010440668
160	79	1.0030749699620432
170	79	1.0035045981196102
180	79	1.0039877961220676
190	79	1.0045580989373128
200	79	1.0051339349245774
210	79	1.005840538901872
220	79	1.0066172541075769
230	79	1.0075083541728345
240	79	1.0085117759395836
250	79	1.0096518599856181
260	79	1.0109331355348024
270	79	1.01236688819244
280	79	1.0140097348853798
290	79	1.0158450972017659
300	79	1.0179179940587297
310	79	1.0202512066060594
320	79	1.0228710876085134
330	79	1.0258192251834706
340	79	1.0291212072702
350	79	1.0328212185833527
360	79	1.0369523706549937
370	79	1.0415645209074775
380	79	1.0467007275337843
390	79	1.0524039854540892
400	79	1.0587237614858633
410	79	1.0657003554055868
420	79	1.0733812168038643
430	79	1.0818054271019253
440	79	1.0910042280105214
450	79	1.1010065076625852
460	79	1.1118258978630635
470	79	1.123465575522878
480	79	1.135909384709166
490	79	1.149123553575139
500	79	1.163050691062286
510	79	1.1776068048187485
520	79	1.1926775562923149
530	79	1.2081177183855758
540	79	1.2237481167682995
550	79	1.2393523449154702
560	79	1.2546787154719377
570	79	1.269439669762754
580	79	1.283314780383706
590	79	1.2959541211185366
600	79	1.30698692993808
610	79	1.3160294619632977
620	79	1.322695250877749
630	79	1.326598585304827
640	79	1.3273402122543958
650	79	1.3244494500322654
660	79	1.3172270341553054
670	79	1.3043969233781212
680	79	1.2833968002237777
690	79	1.2490478909199303
700	79	1.1912218884576111
710	79	1.0912948306348813
720	79	0.9178426014812315
730	79	0.6262248658424274
740	79	0.17730651814296997
750	79	-0.40504277857851495
760	79	-0.9725143248255677
770	79	-1.303371590324088
780	79	-1.281108610621064
790	79	-0.9966528264737328
0	80	1.000359339790479
10	80	1.0005236898839618
20	80	0.9990472150913006
30	80	1.0005946131061552
40	80	1.0006810745833865
50	80	1.0008457400811797
60	80	1.000916169690126
70	80	1.0010836326057675
80	80	1.0011358728176023
90	80	1.0013380980736235
100	80	1.0015566295836695
110	80	1.0018559566798158
120	80	1.002087193388928
130	80	1.0023650274259204
140	80	1.0026929957127273
150	80	1.0030435168802418
160	80	1.0034973525690631
170	80	1.0039604822178168
180	80	1.0045210723730293
190	80	1.0051024764589913
200	80	1.005799998804907
210	80	1.0065679630536182
220	80	1.0074410391073987
230	80	1.00842207298838
240	80	1.0095191289646868
250	80	1.010779378674462
260	80	1.012187990689305
270	80	1.013774741890036
280	80	1.0155514340277194
290	80	1.0175605610107534
300	80	1.0198223827197397
310	80	1.0223523134745023
320	80	1.025188310423195
330	80	1.0283740413905296
340	80	1.031927541992606
350	80	1.0359005924337272
360	80	1.0403266861052558
370	80	1.0452416131578737
380	80	1.0507037733805933
390	80	1.0567432081191386
400	80	1.0634069492687062
410	80	1.070733690927868
420	80	1.0787670362315567
430	80	1.0875344653456687
440	80	1.0970623371381552
450	80	1.1073657679388442
460	80	1.118450570312682
470	80	1.1303053662908351
480	80	1.1428992749722182
490	80	1.156183025102081
500	80	1.1700840236204675
510	80	1.184499041727264
520	80	1.1992989081051297
530	80	1.214321746037655
540	80	1.2293723809614456
550	80	1.2442223742705165
560	80	1.2586098730238757
570	80	1.2722402927074585
580	80	1.2847920116185034
590	80	1.2959199679784952
600	80	1.3052643887049111
610	80	1.3124599458960744
620	80	1.317142131060447
630	80	1.318944472424477
640	80	1.3174679994239122
650	80	1.312190067154909
660	80	1.3022476239408396
670	80	1.2859841692879237
680	80	1.2600701655640172
690	80	1.2179235542091849
700	80	1.1471109838681537
710	80	1.0256803559862644
720	80	0.8188842323245483
730	80	0.4832722932489061
740	80	-0.004519295221867145
750	80	-0.5859546862041687
760	80	-1.0865429280485182
770	80	-1.3093464671314132
780	80	-1.2016865332899413
790	80	-0.892580231791548
0	81	1.0005404545559045
10	81	1.0006485128116893
20	81	0.9989385842139252
30	81	1.0007145975371812
40	81	1.0008198459921018
50	81	1.0009145224242986
60	81	1.001063644271074
70	81	1.001146512186834
80	81	1.0013412610216659
90	81	1.0016165776151809
100	81	1.0017977283927142
110	81	1.0019973872917636
120	81	1.0023224801318507
130	81	1.002697649824339
140	81	1.0030289732187074
150	81	1.0034813748260587
160	81	1.003956201768487
170	81	1.004464200343708
180	81	1.0050750850945545
190	81	1.0057440054571585
200	81	1.0065072969374331
210	81	1.0073717171648213
220	81	1.0083201962385884
230	81	1.0094223945057919
240	81	1.0106135895861115
250	81	1.0119961156268296
260	81	1.0135332331398779
270	81	1.015265767113476
280	81	1.0172148687497589
290	81	1.0194019233930565
300	81	1.0218541055557746
310	81	1.0245969162102126
320	81	1.0276636103944887
330	81	1.031081301060632
340	81	1.034902684309079
350	81	1.0391449549419658
360	81	1.0438697146664668
370	81	1.0490935979045544
380	81	1.0548762116847024
390	81	1.0612439926097477
400	81	1.0682456817128552
410	81	1.0759107132391876
420	81	1.0842735295351706
430	81	1.0933578962354562
440	81	1.103181422256008
450	81	1.1137464745142434
460	81	1.125046683507102
470	81	1.1370591104523602
480	81	1.1497379805063919
490	81	1.1630189065699685
500	81	1.1768126428262395
510	81	1.1910010819428767
520	81	1.205439079730581
530	81	1.2199508786240658
540	81	1.2343278128718493
550	81	1.2483323833277924
560	81	1.2616943879054097
570	81	1.2741167986684308
580	81	1.2852801324091392
590	81	1.2948477962447877
600	81	1.3024746367589775
610	81	1.3078154580798458
620	81	1.3105268972754427
630	81	1.310253787899896
640	81	1.306578341002481
650	81	1.298887015685101
660	81	1.2860824601165572
670	81	1.2660089127936363
680	81	1.234387715263655
690	81	1.1829900211220519
700	81	1.0968188802958179
710	81	0.950624366087962
720	81	0.7074440596160473
730	81	0.328700132389057
740	81	-0.18757249832878609
750	81	-0.7486902439707097
760	81	-1.167842935413946
770	81	-1.2870450225557966
780	81	-1.1124648111667303
790	81	-0.7940316178691793
0	82	1.0006176403445797
10	82	1.0006353878138419
20	82	0.9987007412233776
30	82	1.000797223013513
40	82	1.000870768325001
50	82	1.0009660505314255
60	82	1.0011662778744208
70	82	1.0013759557326245
80	82	1.001458050834851
90	82	1.0017334590730136
100	82	1.0019955051687195
110	82	1.0022830875894004
120	82	1.0026280066780677
130	82	1.0030518140825766
140	82	1.0034390073640314
150	82	1.0039139673104112
160	82	1.0044426394963084
170	82	1.0050074415823302
180	82	1.0057024621830613
190	82	1.0064426191529479
200	82	1.007285860156805
210	82	1.0082217008512029
220	82	1.009295003605851
230	82	1.0104853087923797
240	82	1.0118107013207032
250	82	1.013312870877495
260	82	1.0150026892111286
270	82	1.01690180010122
280	82	1.0190055331861447
290	82	1.021381284549189
300	82	1.0240352597671307
310	82	1.0269896302157149
320	82	1.0302848013365389
330	82	1.0339549893303228
340	82	1.038038664525117
350	82	1.0425654290764104
360	82	1.0475783082716483
370	82	1.0531134367730457
380	82	1.0592085469427022
390	82	1.0658992994354641
400	82	1.0732235518509337
410	82	1.0812079367499334
420	82	1.0898766813982392
430	82	1.0992473489191343
440	82	1.1093274498672705
450	82	1.120109455674803
460	82	1.1315736500430469
470	82	1.1436827796451938
480	82	1.1563793384715453
490	82	1.16958242151767
500	82	1.1831876880227674
510	82	1.1970647147466456
520	82	1.2110527865853944
530	82	1.22496364138575
540	82	1.2385800702452434
550	82	1.2516540853766034
560	82	1.2639138276507147
570	82	1.2750616485786628
580	82	1.2847841542615943
590	82	1.2927563948880851
600	82	1.2986507429687593
610	82	1.3021420231091383
620	82	1.302904128327922
630	82	1.3005818073601336
640	82	1.2947120327076447
650	82	1.2845418025276363
660	82	1.268654864196475
670	82	1.2442610400304026
680	82	1.205935225218817
690	82	1.1435601081353286
700	82	1.039402025617971
710	82	0.8652051454144507
720	82	0.583558039326432
730	82	0.16513109237198878
740	82	-0.3662465210264331
750	82	-0.8881950594029383
760	82	-1.2167810270395405
770	82	-1.2418627282697607
780	82	-1.0186022200629496
790	82	-0.7027109208818961
0	83	1.0007060482705188
10	83	1.0007388989639083
20	83	0.9984689820982291
30	83	1.0008901654559443
40	83	1.0009893602842657
50	83	1.0011772620020971
60	83	1.00135310277384
70	83	1.001467864921421
80	83	1.0017735310837728
90	83	1.0020366376167011
100	83	1.0022563037694632
110	83	1.0026684017182739
120	83	1.003035513296662
130	83	1.0034317907992771
140	83	1.003880866283031
150	83	1.0044063339376104
160	83	1.004993282795361
170	83	1.0056366740656808
180	83	1.0063829502496153
190	83	1.0071994236636894
200	83	1.008143080714388
210	83	1.0091721980663906
220	83	1.0103270006921066
230	83	1.0116365644335255
240	83	1.013101991818194
250	83	1.0147416883559746
260	83	1.0165766858494303
270	83	1.0186248482514773
280	83	1.0209245969220153
290	83	1.023479789520466
300	83	1.026338682071861
310	83	1.0295202752354753
320	83	1.0330568498764479
330	83	1.0369822137340137
340	83	1.0413330526534046
350	83	1.0461425003478675
360	83	1.0514455306204509
370	83	1.0572843035197788
380	83	1.063689607204865
390	83	1.0706908024772603
400	83	1.0783208094367498
410	83	1.0866007816104999
420	83	1.095548850881825
430	83	1.10517402806247
440	83	1.1154674391621975
450	83	1.1264180295597441
460	83	1.137989514443271
470	83	1.15013363266624
480	83	1.1627767550865193
490	83	1.1758268487713295
500	83	1.189165046833222
510	83	1.202645889085867
520	83	1.2160988963138422
530	83	1.2293251272764814
540	83	1.242098382435632
550	83	1.2541671936123644
560	83	1.265257115011774
570	83	1.2750758283959474
580	83	1.283317635524755
590	83	1.289672860512532
600	83	1.2938321149934886
610	83	1.2954893025046625
620	83	1.2943285656304593
630	83	1.2899773923497408
640	83	1.281894225501053
650	83	1.269126897999014
660	83	1.2498414190655576
670	83	1.2204621739144226
680	83	1.1742119422656945
690	83	1.0988669586477489
700	83	0.9739073421160832
710	83	0.7687323934789125
720	83	0.4479531252377282
730	83	-0.0038638484778077803
740	83	-0.5348069131951863
750	83	-1.0008717393388022
760	83	-1.2354632506473784
770	83	-1.1794193253126235
780	83	-0.9242299274282294
790	83	-0.6194895947240066
0	84	1.0008882763035765
10	84	1.000883915942592
20	84	0.9981409458969036
30	84	1.0010360805471437
40	84	1.0011945853498498
50	84	1.0012400724971005
60	84	1.001456350531534
70	84	1.001726817954495
80	84	1.0019705229704956
90	84	1.0022886816857162
100	84	1.0026308216530402
110	84	1.0029679194744878
120	84	1.0034081831388888
130	84	1.0038357693018176
140	84	1.0043393348741705
150	84	1.004928149133087
160	84	1.0055603276169365
170	84	1.0063232213172597
180	84	1.0071367679562946
190	84	1.0080429506138666
200	84	1.0090576726573348
210	84	1.0101788579940605
220	84	1.0114707817207558
230	84	1.0128875239878534
240	84	1.0144955501694715
250	84	1.016270374716642
260	84	1.018262249769357
270	84	1.0204915952837335
280	84	1.0229689402040691
290	84	1.0257243687632671
300	84	1.0287887299564957
310	84	1.03220773097217
320	84	1.035977202390521
330	84	1.0401599188932993
340	84	1.0447814138936997
350	84	1.0498733272610945
360	84	1.0554672720667753
370	84	1.0616030593265517
380	84	1.06830339490703
390	84	1.075600596619262
400	84	1.0835166565713377
410	84	1.092066552326722
420	84	1.1012628625832324
430	84	1.111100214558024
440	84	1.121565413892761
450	84	1.132631340682972
460	84	1.1442524469536053
470	84	1.1563656252633994
480	84	1.1688865379261932
490	84	1.1817081672183705
500	84	1.1946992086145152
510	84	1.2077041343841448
520	84	1.2205418164335307
530	84	1.2330042398850776
540	84	1.2448605967189066
550	84	1.2558571215199898
560	84	1.265721319620595
570	84	1.2741669788515204
580	84	1.280901093102871
590	84	1.2856295846361487
600	84	1.2880624887513181
610	84	1.2879088101144252
620	84	1.2848517792328196
630	84	1.2784791088187553
640	84	1.268129237391839
650	84	1.2525793638542624
660	84	1.229464759599149
670	84	1.1942603108317837
680	84	1.1386315643251004
690	84	1.048080334031547
700	84	0.8994356208281318
710	84	0.6608758874713258
720	84	0.3021599265571126
730	84	-0.17392373859433646
740	84	-0.6878770067642935
750	84	-1.084797270308935
760	84	-1.2273375401573408
770	84	-1.1050976215254462
780	84	-0.8324431975391647
790	84	-0.5446225441966619
0	85	1.00092766209976
10	85	1.0009129935809393
20	85	0.997766373142365
30	85	1.0011327222418325
40	85	1.001284426584153
50	85	1.0014778224218324
60	85	1.0016549279304274
70	85	1.0019643997866743
80	85	1.0022464155647475
90	85	1.0025626239920926
100	85	1.0029194272123745
110	85	1.003341008252888
120	85	1.0038305500178695
130	85	1.004306258065203
140	85	1.0049068316134948
150	85	1.0055146268019954
160	85	1.006219619848585
170	85	1.0070616042904332
180	85	1.0079204093856085
190	85	1.0089407189850441
200	85	1.0100556483506757
210	85	1.011292794494305
220	85	1.0126864143210348
230	85	1.0142405186060945
240	85	1.0159729095201735
250	85	1.0179160765209885
260	85	1.020066764343694
270	85	1.0224704863926024
280	85	1.0251336244964702
290	85	1.0280975163551394
300	85	1.0313874470377213
310	85	1.0350303411468045
320	85	1.0390539943604877
330	85	1.0434940054591395
340	85	1.0483811184662541
350	85	1.053747635515089
360	85	1.0596291918428153
370	85	1.0660477693932444
380	85	1.0730318788062307
390	85	1.0806070804796022
400	85	1.088785009643234
410	85	1.097578839846582
420	85	1.1069847599431204
430	85	1.1169957788267915
440	85	1.1275845918817882
450	85	1.138711307260164
460	85	1.150322683509346
470	85	1.1623388724088366
480	85	1.1746660748993247
490	85	1.187184501294792
500	85	1.1997526857564609
510	85	1.2122047371595746
520	85	1.2243507165253227
530	85	1.2359773951886703
540	85	1.2468506557802794
550	85	1.256717128557086
560	85	1.2653093256825074
570	85	1.2723503222166874
580	85	1.2775609597614916
590	85	1.2806650081868283
600	85	1.2813893405019374
610	85	1.279451615999818
620	85	1.2745193775028605
630	85	1.266111759533532
640	85	1.253395738700286
650	85	1.2347950175234248
660	85	1.207287799681793
670	85	1.1652263033804988
680	85	1.098528576861273
690	85	0.9903382009124356
700	85	0.8152237913678778
710	85	0.5417991277470746
720	85	0.14855952541056958
730	85	-0.34018138936274667
740	85	-0.8208898108907299
750	85	-1.1397461335915315
760	85	-1.1967253987469761
770	85	-1.0237114965518694
780	85	-0.7453903321506193
790	85	-0.4779389220824465
0	86	1.0011236873562055
10	86	1.001134821915278
20	86	0.9974135607974858
30	86	1.0013030629792783
40	86	1.0014385065282094
50	86	1.0017047867615692
60	86	1.0018766237205503
70	86	1.0021933909574745
80	86	1.0025023017851769
90	86	1.0028582525606333
100	86	1.003271082405907
110	86	1.0037402531840511
120	86	1.0042068136948985
130	86	1.004805460685328
140	86	1.0054651725849628
150	86	1.0061577369043064
160	86	1.0069694252057977
170	86	1.0078325448949994
180	86	1.0088149303635667
190	86	1.0099069966317529
200	86	1.011125434805328
210	86	1.0124892902315203
220	86	1.013995136744707
230	86	1.0156866684632977
240	86	1.017567968286524
250	86	1.0196597374729897
260	86	1.0219947903852433
270	86	1.0245761212291273
280	86	1.0274363419230734
290	86	1.0306082646401502
300	86	1.0341230104289278
310	86	1.0379996799213698
320	86	1.042268830860131
330	86	1.0469670539080302
340	86	1.0521209537953757
350	86	1.0577617141981008
360	86	1.0639142724678408
370	86	1.0706062070999525
380	86	1.0778585432635392
390	86	1.0856897608624416
400	86	1.0941048836827154
410	86	1.1031075843271225
420	86	1.1126872928392868
430	86	1.122826120977569
440	86	1.1334872628378656
450	86	1.1446197952837849
460	86	1.1561571761787943
470	86	1.1680110754183077
480	86	1.180074733612359
490	86	1.1922180775213571
500	86	1.20428998184537
510	86	1.2161158177086404
520	86	1.227499966277196
530	86	1.238226148302742
540	86	1.2480585652765346
550	86	1.2567469834954188
560	86	1.2640316363218718
570	86	1.269647238105143
580	86	1.2733300716949654
590	86	1.2748213103461623
600	86	1.273861126559677
610	86	1.270165950645995
620	86	1.263367911268879
630	86	1.252881320690436
640	86	1.2376412574591575
650	86	1.2156226201403797
660	86	1.183008262888716
670	86	1.1328534357949116
680	86	1.0531712793797685
690	86	0.9247919514311198
700	86	0.7207442211724332
710	86	0.41228046472394125
720	86	-0.009658177300991453
730	86	-0.497628191363835
740	86	-0.9304448023847939
750	86	-1.1670369762836372
760	86	-1.1483526344070212
770	86	-0.939309837126041
780	86	-0.6644172342016098
790	86	-0.41899698853262635
0	87	1.0012418200735043
10	87	1.001240307803093
20	87	0.9968946266008174
30	87	1.0015105106460644
40	87	1.0016848490927697
50	87	1.001852402667052
60	87	1.0021495730804089
70	87	1.0024987149301672
80	87	1.002822641136886
90	87	1.0032008351793782
100	87	1.00369391980728
110	87	1.0041669002943783
120	87	1.0047296758035293
130	87	1.0054094562009501
140	87	1.006084164783649
150	87	1.0068621710421741
160	87	1.0077119002834722
170	87	1.0086912319124766
180	87	1.0097418573314063
190	87	1.0109593739492924
200	87	1.012287843486772
210	87	1.0137676304141108
220	87	1.015411588036788
230	87	1.01724187994666
240	87	1.01927636951613
250	87	1.0215281116664807
260	87	1.0240335660533921
270	87	1.0267970639257762
280	87	1.029869308360277
290	87	1.0332518856299793
300	87	1.0369889892372277
310	87	1.041104608223627
320	87	1.045623379981985
330	87	1.0505755959193033
340	87	1.0559917433178205
350	87	1.0618968436392577
360	87	1.0683155919779541
370	87	1.075265726217135
380	87	1.0827652687713205
390	87	1.0908245780251968
400	87	1.0994468146442684
410	87	1.1086231826351824
420	87	1.1183365482273555
430	87	1.128556556982831
440	87	1.1392360875364504
450	87	1.1503164422000764
460	87	1.1617191969016938
470	87	1.173345011142814
480	87	1.185075643086831
490	87	1.1967737977666824
500	87	1.2082795448135868
510	87	1.2194119051108259
520	87	1.229971024950912
530	87	1.2397381455600456
540	87	1.248480112542217
550	87	1.2559523525857708
560	87	1.2619042885559522
570	87	1.2660843103169608
580	87	1.2676881111883767
590	87	1.2681429241470061
600	87	1.2655253483607845
610	87	1.2600944538139955
620	87	1.2514211152356136
630	87	1.2387711906913366
640	87	1.220777073012174
650	87	1.1948580363908095
660	87	1.1562553380966594
670	87	1.0965606720443906
680	87	1.0017839710555958
690	87	0.8506671500983324
700	87	0.6158154186536685
710	87	0.2738004254790211
720	87	-0.16863503101345312
730	87	-0.6415152243598609
740	87	-1.0145262084809499
750	87	-1.1692448070003303
760	87	-1.0869353532496333
770	87	-0.8551022157421279
780	87	-0.5902326217122275
790	87	-0.3672014323236213
0	88	1.0014119390677023
10	88	1.0014458845803618
20	88	0.9963420297518636
30	88	1.001686323271005
40	88	1.001868527523607
50	88	1.0021256487794814
60	88	1.0024319617041217
70	88	1.0027435987363422
80	88	1.003167645316739
90	88	1.0036266323161567
100	88	1.0040933973606485
110	88	1.0046598679857788
120	88	1.0052933824918615
130	88	1.0059819627301647
140	88	1.0067539646996497
150	88	1.0076280904183765
160	88	1.0085462131269305
170	88	1.0095962633883133
180	88	1.0107681532273547
190	88	1.0120761564583425
200	88	1.0135323445814859
210	88	1.0151240308629796
220	88	1.0169200128979305
230	88	1.0188773928266297
240	88	1.0210809579447675
250	88	1.0235097738062318
260	88	1.0261931027362226
270	88	1.0291582886226938
280	88	1.0324248662771558
290	88	1.036033468615682
300	88	1.0399941461298108
310	88	1.0443454119514781
320	88	1.0491102981409695
330	88	1.054314965075407
340	88	1.0599856123728897
350	88	1.0661437938653633
360	88	1.0728103697288438
370	88	1.079999961204875
380	88	1.0877268748323228
390	88	1.0959886765567364
400	88	1.1047839237328807
410	88	1.1140954007955763
420	88	1.1238973898872497
430	88	1.1341492257467827
440	88	1.144795733637806
450	88	1.1557661204997192
460	88	1.1669703847357535
470	88	1.1783030155369527
480	88	1.1896359542421275
490	88	1.2008213900300229
500	88	1.2116952213456458
510	88	1.2220718172067193
520	88	1.2317478615816992
530	88	1.2405066292585412
540	88	1.2481181444664469
550	88	1.2543452739765975
560	88	1.2589494516071829
570	88	1.2616937813342841
580	88	1.2623465739667297
590	88	1.2606757583112658
600	88	1.256427453464282
610	88	1.2492714203122313
620	88	1.2386864103721806
630	88	1.2237371469771652
640	88	1.2026727398382682
650	88	1.1722394625009762
660	88	1.1265874946822019
670	88	1.0557011592326917
680	88	0.9435793791661863
690	88	0.7673394006860019
700	88	0.5007136017461691
710	88	0.12857305654437776
720	88	-0.32407785427447583
730	88	-0.7677359840514217
740	88	-1.0725647865761616
750	88	-1.1498336706769994
760	88	-1.0168570983394296
770	88	-0.7734795511218677
780	88	-0.5230688272535942
790	88	-0.32188702180258505
0	89	1.0016160734762347
10	89	1.0016680112005962
20	89	1.0015157961770187
30	89	1.0019113764700516
40	89	1.0021255143717542
50	89	1.0023734072974448
60	89	1.002726421607345
70	89	1.0030802098949418
80	89	1.0035514417241496
90	89	1.0040432363258753
100	89	1.004544274818767
110	89	1.0051754169757994
120	89	1.005888996633647
130	89	1.0066454356457015
140	89	1.0074772952187598
150	89	1.0084207703065147
160	89	1.0094458724374227
170	89	1.0106030379731032
180	89	1.0118813481847508
190	89	1.0132987935751716
200	89	1.014869256723566
210	89	1.0165937836742718
220	89	1.0185263525774435
230	89	1.0206509651876372
240	89	1.0230018557877147
250	89	1.0256008079136194
260	89	1.0284731797286402
270	89	1.031632658270474
280	89	1.0351188321438771
290	89	1.0389364044378027
300	89	1.043131118472148
310	89	1.047719219399287
320	89	1.052724558834505
330	89	1.0581711628839088
340	89	1.0640865349861715
350	89	1.0704849809107524
360	89	1.0773844847354617
370	89	1.0847958464761003
380	89	1.092720202077351
390	89	1.1011539150239604
400	89	1.1100876973321978
410	89	1.1194941399447866
420	89	1.1293387354931377
430	89	1.1395717722906111
440	89	1.1501296942225048
450	89	1.160930968676725
460	89	1.1718772873437653
470	89	1.1828528636070117
480	89	1.1937225194534855
490	89	1.2047795534676533
500	89	1.214515201649174
510	89	1.2240898266295086
520	89	1.232822641459516
530	89	1.2405306980862694
540	89	1.246980123831309
550	89	1.2519432559896257
560	89	1.2551939668629586
570	89	1.2565112280466786
580	89	1.255676702922856
590	89	1.2524645043448654
600	89	1.2466071132798584
610	89	1.237719679099579
620	89	1.225150397430963
630	89	1.2077026615517725
640	89	1.1831507205245075
650	89	1.14744339130777
660	89	1.093494342332727
670	89	1.0095776224788335
680	89	0.8778037903192168
690	89	0.6744233276173308
700	89	0.3762708915494611
710	89	-0.020495965478697843
720	89	-0.4715616748240475
730	89	-0.873140156039689
740	89	-1.1053498904931356
750	89	-1.1127670714118099
760	89	-0.941952608807461
770	89	-0.6960980218567419
780	89	-0.4628231501641495
790	89	-0.2823748196493164
0	90	1.0018405282877387
10	90	1.001862844419403
20	90	1.0019659587215828
30	90	1.0021526407348798
40	90	1.0023958543323126
50	90	1.002662401325396
60	90	1.0030324334203007
70	90	1.0034450199207101
80	90	1.00393185214792
90	90	1.0044975088883574
100	90	1.0050858111691359
110	90	1.0057520204375012
120	90	1.0064943857878659
130	90	1.0073472552080536
140	90	1.0082508424075227
150	90	1.0092821129810743
160	90	1.010422423232346
170	90	1.0116683387727328
180	90	1.0130677767608967
190	90	1.0145911217732837
200	90	1.0162799365644852
210	90	1.0181562892632443
220	90	1.0202210470069772
230	90	1.0225163852244663
240	90	1.025036235789805
250	90	1.0278138167101962
260	90	1.0308740832681815
270	90	1.0342432242070274
280	90	1.0379324527234028
290	90	1.0419717818170477
300	90	1.0463919014277991
310	90	1.0512087159315813
320	90	1.0564486353812559
330	90	1.0621358221661807
340	90	1.0682824944288487
350	90	1.0749074938416128
360	90	1.0820193871044406
370	90	1.0896262819817562
380	90	1.0977205250927724
390	90	1.1062952232167615
400	90	1.115328527688432
410	90	1.1247864478532656
420	90	1.134627526450712
430	90	1.1447916898669994
440	90	1.1552050927636885
450	90	1.1657792556628215
460	90	1.1764066518228835
470	90	1.1869642277712191
480	90	1.1977506178757404
490	90	1.2072880699908655
500	90	1.2167216713546387
510	90	1.2254231916497318
520	90	1.2331911862672826
530	90	1.2398150817213793
540	90	1.2450791500778224
550	90	1.2487681467047131
560	90	1.2506692229316874
570	90	1.2505735902176418
580	90	1.2482787455299211
590	90	1.2435514927866862
600	90	1.2360965894303877
610	90	1.2254469890736333
620	90	1.2107753422748067
630	90	1.1905538538734832
640	90	1.1619820854094474
650	90	1.1200823245483296
660	90	1.0564014802280224
670	90	0.9574659344130885
680	90	0.8037953355314493
690	90	0.5718688753918981
700	90	0.24394225165285138
710	90	-0.169932566705382
720	90	-0.6068662587351134
730	90	-0.9557395276787174
740	90	-1.1148203346106185
750	90	-1.0621456893482175
760	90	-0.8653945461323651
770	90	-0.6239967866070448
780	90	-0.4091731915249499
790	90	-0.24800762415189256
0	91	1.0021055710734554
10	91	1.0021000569974865
20	91	1.002207800914321
30	91	1.0024253839592825
40	91	1.0026558021448153
50	91	1.0030054805836044
60	91	1.0033570346933558
70	91	1.0038275977469
80	91	1.004375469848803
90	91	1.004937466754855
100	91	1.0056322405685454
110	91	1.0063794825689392
120	91	1.0071940730639672
130	91	1.0081058058525272
140	91	1.0091142233816595
150	91	1.0102154750434889
160	91	1.0114545132742283
170	91	1.0128072176264264
180	91	1.0143203945052428
190	91	1.0159732703272077
200	91	1.017792671698832
210	91	1.0198145950188617
220	91	1.0220373298215248
230	91	1.024481997925528
240	91	1.0271852103956718
250	91	1.0301442332704038
260	91	1.0333958881623555
270	91	1.0369640162401104
280	91	1.0408638777799393
290	91	1.0451240840495972
300	91	1.0497667677189344
310	91	1.0548119468296553
320	91	1.0602817619089875
330	91	1.0661906871554865
340	91	1.0725575529080436
350	91	1.0793899844887982
360	91	1.0866946541020837
370	91	1.0944693203697162
380	91	1.102705150495473
390	91	1.1113831877745592
400	91	1.1204760121948312
410	91	1.1299429658473814
420	91	1.139731420933539
430	91	1.1497734117479956
440	91	1.1599884578618755
450	91	1.1702784230863579
460	91	1.1805287319599531
470	91	1.1906104968088036
480	91	1.2003763937611085
490	91	1.2096661780140336
500	91	1.2183030773605745
510	91	1.2260986252505965
520	91	1.2328554841563715
530	91	1.2383691446234237
540	91	1.2424343441330756
550	91	1.2448471684558267
560	91	1.2454093856839097
570	91	1.243926159158135
580	91	1.240194721820356
590	91	1.2339745886565434
600	91	1.2249174398291767
610	91	1.21244280196481
620	91	1.1954942560220363
630	91	1.1721349694154761
640	91	1.1388822899674307
650	91	1.0897047768853645
660	91	1.014681397195917
670	91	0.8986492910713877
680	91	0.7210539550897584
690	91	0.46005544087051004
700	91	0.10582344753228332
710	91	-0.31589418447656953
720	91	-0.7263023131479354
730	91	-1.0147869257175568
740	91	-1.1037755291001956
750	91	-1.0019077577950863
760	91	-0.789666988884886
770	91	-0.5577258082859492
780	91	-0.36166554379550103
790	91	-0.21817052071552356
0	92	1.0023132350978186
10	92	1.0023670406233602
20	92	1.0025005908166167
30	92	1.002682701909414
40	92	1.002969407456523
50	92	1.0033067210620896
60	92	1.0037624113426016
70	92	1.0042693103399258
80	92	1.0048315455674262
90	92	1.0054648692343204
100	92	1.0062212478843875
110	92	1.0070229574384426
120	92	1.0079350766970838
130	92	1.0089218322072935
140	92	1.010022118418153
150	92	1.011214093300846
160	92	1.0125512277104938
170	92	1.0140277982489017
180	92	1.015653960224595
190	92	1.0174296111961356
200	92	1.0194021763100836
210	92	1.0215640227563094
220	92	1.0239455667303583
230	92	1.0265651993020428
240	92	1.0294367353095804
250	92	1.0325902250784043
260	92	1.036037662753125
270	92	1.0398040018066268
280	92	1.0439170761191219
290	92	1.0483911167573459
300	92	1.053251795876279
310	92	1.0585167452084066
320	92	1.06420314155908
330	92	1.0703258065319552
340	92	1.076894044287274
350	92	1.0839145506972008
360	92	1.0913862589138303
370	92	1.0993019870879863
380	92	1.1076450940360714
390	92	1.116390204958958
400	92	1.1255024417634574
410	92	1.1349311914891655
420	92	1.1446176685155582
430	92	1.1544870781995593
440	92	1.1644491685109153
450	92	1.1743984442421131
460	92	1.1842164932256836
470	92	1.193767449721975
480	92	1.2029013622291638
490	92	1.2114542353233806
500	92	1.2192500956370462
510	92	1.2261035940380707
520	92	1.23182097999424
530	92	1.236207313923924
540	92	1.2390674989786366
550	92	1.2402108261744962
560	92	1.239451682285633
570	92	1.2366045677449977
580	92	1.231464154535691
590	92	1.2237619434271283
600	92	1.2130777924595768
610	92	1.198674104105813
620	92	1.1792070444603961
630	92	1.152243979045468
640	92	1.1135084996360969
650	92	1.0557982581013123
660	92	0.9676708739424359
670	92	0.8324617502067834
680	92	0.6293228591389644
690	92	0.3398714228734786
700	92	-0.03539305135177267
710	92	-0.4544281610796209
720	92	-0.8269853140389382
730	92	-1.0507289224426628
740	92	-1.0755532969307204
750	92	-0.9356111949987866
760	92	-0.7166029686715587
770	92	-0.49746746149130616
780	92	-0.31978040905752425
790	92	-0.19230124821335415
0	93	1.0026040977257562
10	93	1.0026762001245266
20	93	1.0027642312283782
30	93	1.002998875263123
40	93	1.00331428673603
50	93	1.0036937466061857
60	93	1.0041652597091635
70	93	1.0047312775413455
80	93	1.0053593940019299
90	93	1.0060738517322712
100	93	1.006857848649313
110	93	1.0077304174490735
120	93	1.0087084862843125
130	93	1.0098034010665857
140	93	1.010989063563514
150	93	1.0123016089206576
160	93	1.0137425895772323
170	93	1.0153314249453644
180	93	1.0170722052815546
190	93	1.0189956647615663
200	93	1.0211013361229337
210	93	1.0234224784750756
220	93	1.0259637318004098
230	93	1.0287489967177705
240	93	1.0318034026054854
250	93	1.0351426604891318
260	93	1.0387890605852486
270	93	1.0427573077074825
280	93	1.0470763803201901
290	93	1.0517639143303228
300	93	1.0568374764514175
310	93	1.062313585007666
320	93	1.0682047375424102
330	93	1.074524739758974
340	93	1.0812769396345687
350	93	1.0884605740695887
360	93	1.0960735782483917
370	93	1.1040991801285678
380	93	1.1125148376020786
390	93	1.1212879583696038
400	93	1.1303756617761376
410	93	1.1397219802931478
420	93	1.149258511142599
430	93	1.1589027876718603
440	93	1.168558077566552
450	93	1.1781154541303567
460	93	1.187448065498168
470	93	1.1964166132111043
480	93	1.2048697115937101
490	93	1.2126425139029244
500	93	1.2195603914176163
510	93	1.225441055447781
520	93	1.2300995453965309
530	93	1.2333488078203658
540	93	1.2350053480921408
550	93	1.2348921116741085
560	93	1.2328342530384233
570	93	1.2286501001096852
580	93	1.2221218026387723
590	93	1.2129358329518842
600	93	1.2005685717781356
610	93	1.1840818455201434
620	93	1.161775499711452
630	93	1.130628315008081
640	93	1.0854586583037127
650	93	1.0177966472038438
660	93	0.9146959783232095
670	93	0.7583455064329777
680	93	0.5286718762435486
690	93	0.21276443353129607
700	93	-0.17653065150424857
710	93	-0.581758893814171
720	93	-0.9070232916868018
730	93	-1.0650514844622643
740	93	-1.0337168810677908
750	93	-0.8663007735239359
760	93	-0.6474620538605708
770	93	-0.4431425671770235
780	93	-0.28297648712486567
790	93	-0.16989389684483416
0	94	1.0028955117385918
10	94	1.002966080046427
20	94	1.0030935176117897
30	94	1.0033489594652343
40	94	1.0036792100501912
50	94	1.004086266124833
60	94	1.0046402586616965
70	94	1.0052052831218385
80	94	1.0059187919829669
90	94	1.0067023899898577
100	94	1.007550124747153
110	94	1.0085173175668083
120	94	1.0095690186635535
130	94	1.010747106612173
140	94	1.0120179272640262
150	94	1.0134411613211123
160	94	1.0150035049538229
170	94	1.0167161342313153
180	94	1.018587753791248
190	94	1.020642700827905
200	94	1.0228979930304107
210	94	1.025377139001932
220	94	1.0280857610456504
230	94	1.0310418521218367
240	94	1.034276775995967
250	94	1.0378052587252857
260	94	1.0416423507033081
270	94	1.0458153335466207
280	94	1.050339278156724
290	94	1.055233104448621
300	94	1.0605102268273374
310	94	1.0661864329974073
320	94	1.0722694977260923
330	94	1.078769388884297
340	94	1.0856835587533253
350	94	1.0930092541138559
360	94	1.1007332847654565
370	94	1.1088361774644881
380	94	1.1172876589405134
390	94	1.126048263937823
400	94	1.1350698947947482
410	94	1.1442864741265577
420	94	1.1536235629531761
430	94	1.162992769287927
440	94	1.172291067919272
450	94	1.1814041064241427
460	94	1.19020163102543
470	94	1.1985417105876668
480	94	1.2062712895365082
490	94	1.2132254309148591
500	94	1.2192344708971818
510	94	1.224120648426012
520	94	1.22770628774026
530	94	1.2298155199995666
540	94	1.2302776938652216
550	94	1.2289265059338055
560	94	1.2255955180130806
570	94	1.2200997094489707
580	94	1.2121958895180611
590	94	1.201503396691452
600	94	1.1873609465875115
610	94	1.1685767595155856
620	94	1.1430196189596895
630	94	1.1069824972752456
640	94	1.054273065621434
650	94	0.9750928850529514
660	94	0.8551068030422176
670	94	0.6759160558771039
680	94	0.4195778398843665
690	94	0.0807477035438939
700	94	-0.3141052964689188
710	94	-0.6945683229935001
720	94	-0.9656002812267833
730	94	-1.060050245309307
740	94	-0.9817839333200534
750	94	-0.7964526363152724
760	94	-0.5830271730727794
770	94	-0.3944971275885326
780	94	-0.25072056582723856
790	94	-0.1504985321341621
0	95	1.0032170906006788
10	95	1.0032861734239928
20	95	1.0034297552757387
30	95	1.0037232756047993
40	95	1.0040840350163989
50	95	1.004531913640221
60	95	1.0050995510628162
70	95	1.005759117501106
80	95	1.00648529488472
90	95	1.0073399896108068
100	95	1.0082839243089712
110	95	1.0093320632497709
120	95	1.0104817186772854
130	95	1.0117403068171955
140	95	1.0131444118222006
150	95	1.0146632415614418
160	95	1.0163515192911208
170	95	1.0181693978782205
180	95	1.0201878295928521
190	95	1.022380203881594
200	95	1.0248007157116688
210	95	1.0274316690215468
220	95	1.0303075737574718
230	95	1.0334407732425364
240	95	1.0368563795524552
250	95	1.040570743850357
260	95	1.0446126774806426
270	95	1.0489795668801587
280	95	1.0537003824294642
290	95	1.058790912273898
300	95	1.0642601029403795
310	95	1.0701230643195738
320	95	1.0763840671398308
330	95	1.0830405590433754
340	95	1.0900951227963105
350	95	1.0975349216427475
360	95	1.105339379003281
370	95	1.1134858934852219
380	95	1.1219368707279214
390	95	1.1306454318888992
400	95	1.1395551828664934
410	95	1.1485951946562596
420	95	1.1576856028804012
430	95	1.1667307359657841
440	95	1.175624629196536
450	95	1.185690244330848
460	95	1.1924616358898297
470	95	1.2001305258948245
480	95	1.2070979365504895
490	95	1.213383722027679
500	95	1.2182774606708813
510	95	1.2221526504576008
520	95	1.2246600074798173
530	95	1.2256341521349543
540	95	1.2249164450649925
550	95	1.222350508084125
560	95	1.2177728060118749
570	95	1.210985951991962
580	95	1.2017052551307958
590	95	1.189457145573819
600	95	1.1734019330493477
610	95	1.152035198952394
620	95	1.1227136339625683
630	95	1.080946014198227
640	95	1.019439117032166
650	95	0.9270577791114473
660	95	0.7883218097746686
670	95	0.5850355444682334
680	95	0.3029883097101124
690	95	-0.05364765798057571
700	95	-0.4445506451277958
710	95	-0.7902345420517967
720	95	-1.0029527441403696
730	95	-1.0385628551698218
740	95	-0.9230177544906737
750	95	-0.7279737661451842
760	95	-0.5237048686988071
770	95	-0.3511695659439859
780	95	-0.22250579071482574
790	95	-0.133718308253695
0	96	1.0036023792558249
10	96	1.003649937781785
20	96	1.0038233389187496
30	96	1.004108086453741
40	96	1.004527473595056
50	96	1.0050187727852187
60	96	1.0056002946573006
70	96	1.006338177025488
80	96	1.0071557245906577
90	96	1.0080620389322277
100	96	1.0090860556507324
110	96	1.0102043726625727
120	96	1.0114519867937024
130	96	1.012820396924184
140	96	1.014317246978294
150	96	1.0159527823736567
160	96	1.0177400004970578
170	96	1.0197243616933553
180	96	1.0218728944479505
190	96	1.0242250336148293
200	96	1.02677993972145
210	96	1.029585801067468
220	96	1.032629851645921
230	96	1.0359401412296902
240	96	1.0395406796526576
250	96	1.0434423671749782
260	96	1.047667493022682
270	96	1.052227955650939
280	96	1.0571453747872213
290	96	1.0624221308285173
300	96	1.0680751159529962
310	96	1.074109467822011
320	96	1.0805268979240468
330	96	1.0873233391119632
340	96	1.0944918462017572
350	96	1.102016093470768
360	96	1.1098716060383222
370	96	1.1180253460913434
380	96	1.1264358398539935
390	96	1.1350499666902738
400	96	1.1438047989322948
410	96	1.1526246037136576
420	96	1.161420917170206
430	96	1.170095461883973
440	96	1.1785366462051607
450	96	1.1866209284559803
460	96	1.194215101067665
470	96	1.201174578013584
480	96	1.2073475231439885
490	96	1.212576083904617
500	96	1.2166989994706627
510	96	1.2195542571271476
520	96	1.2209835738509458
530	96	1.220833541688815
540	96	1.2189556690656704
550	96	1.2152004306654929
560	96	1.2094005795757108
570	96	1.2013349049373538
580	96	1.1906575772348225
590	96	1.1767710112281469
600	96	1.158611141753992
610	96	1.1342954244396697
620	96	1.1005830304038609
630	96	1.0521041773877933
640	96	0.980400628893519
650	96	0.8730672629433016
660	96	0.7138817676110134
670	96	0.4858867984043109
680	96	0.18035779268612048
690	96	-0.18747880237798484
700	96	-0.5644672724462259
710	96	-0.866999590949286
720	96	-1.0202524378407951
730	96	-1.0036995760953553
740	96	-0.8602877532032391
750	96	-0.6622572808867361
760	96	-0.4696185183597788
770	96	-0.3127405873774003
780	96	-0.19786194938238374
790	96	-0.11920543330725164
0	97	1.0039931885885935
10	97	1.0040591153736058
20	97	1.004251567838342
30	97	1.0045400035921037
40	97	1.004972986429816
50	97	1.0055295267818913
60	97	1.0061728422752412
70	97	1.0069490588256733
80	97	1.0078333094457554
90	97	1.008828917380062
100	97	1.009930373739934
110	97	1.0111455126737436
120	97	1.0124841506828965
130	97	1.0139582956682096
140	97	1.0155616462447319
150	97	1.0173291215465223
160	97	1.0192524925403414
170	97	1.0213563622142188
180	97	1.0236554356007614
190	97	1.0261496385646725
200	97	1.0288704119323575
210	97	1.0318320784648265
220	97	1.035051789640788
230	97	1.038545201425504
240	97	1.0423185446669871
250	97	1.0464114539944886
260	97	1.0508179644911644
270	97	1.0555677010671296
280	97	1.060664684356995
290	97	1.0661190130638387
300	97	1.0719385420901806
310	97	1.0781273719887667
320	97	1.084683135188908
330	97	1.0915955969077893
340	97	1.0988511769337181
350	97	1.1064305348915051
360	97	1.1143017378606137
370	97	1.1224275752770332
380	97	1.1307591509341135
390	97	1.1392370093716389
400	97	1.1477949961530136
410	97	1.1563480870878522
420	97	1.164806555535394
430	97	1.1730656695528268
440	97	1.181011457952766
450	97	1.1885182623765267
460	97	1.195452175128606
470	97	1.2016692911402589
480	97	1.207020642514097
490	97	1.2113528936335842
500	97	1.214511598097877
510	97	1.216344436146088
520	97	1.21670279486419
530	97	1.2154446607338436
540	97	1.2124299033334152
550	97	1.2075111180607774
560	97	1.2005093648991079
570	97	1.1911643822789888
580	97	1.1790459281208587
590	97	1.1633971489680377
600	97	1.1428769939727843
610	97	1.1151539085351447
620	97	1.07630252877036
630	97	1.019991002749673
640	97	0.9365721363498598
650	97	0.8125375123685873
660	97	0.6315118649311691
670	97	0.37904102324005906
680	97	0.053643521200206656
690	97	-0.317551290581627
700	97	-0.6708662270113187
710	97	-0.9240500310668933
720	97	-1.0194203772397008
730	97	-0.9586014141066949
740	97	-0.7959958984206709
750	97	-0.6002434863607453
760	97	-0.4206887265614641
770	97	-0.27876852472015146
780	97	-0.17636022797862103
790	97	-0.10665645119377018
0	98	1.0044218522146375
10	98	1.0044853013165238
20	98	1.0047088933862602
30	98	1.005009578449169
40	98	1.0054913636754093
50	98	1.0060952563390837
60	98	1.0067869442151476
70	98	1.0076154890651319
80	98	1.0085856159551907
90	98	1.0096464961243887
100	98	1.0108325469443833
110	98	1.0121346826585216
120	98	1.0135748278538717
130	98	1.015158319641848
140	98	1.016882449027577
150	98	1.018768131682391
160	98	1.0208295223767816
170	98	1.0230715376703277
180	98	1.025516385270534
190	98	1.0281694430509998
200	98	1.0310511673750176
210	98	1.0341749222578036
220	98	1.0375705106890805
230	98	1.0412316163678488
240	98	1.0451924128970596
250	98	1.0494646350303871
260	98	1.054053096915679
270	98	1.0589771929287666
280	98	1.0642462431624338
290	98	1.0698669263791807
300	98	1.0758399349161096
310	98	1.0821639630804147
320	98	1.0888343654213004
330	98	1.0958364703022487
340	98	1.1031526734987973
350	98	1.1107547507764424
360	98	1.1186087667581908
370	98	1.1266688974278267
380	98	1.1348828835198768
390	98	1.143183893601612
400	98	1.1515001667089149
410	98	1.1597449498498698
420	98	1.1678217735634693
430	98	1.1756241111580892
440	98	1.1830339633261453
450	98	1.189926664242447
460	98	1.1961665324935546
470	98	1.2017581207128931
480	98	1.2061215484731498
490	98	1.2095432851817594
500	98	1.211732287534188
510	98	1.2125458498316202
520	98	1.2118461156253668
530	98	1.2094998310957574
540	98	1.2053734227367772
550	98	1.1993151501312171
560	98	1.1911241605676748
570	98	1.1804809467154371
580	98	1.1668465452639434
590	98	1.1492622694139007
600	98	1.1260528684301072
610	98	1.0943622219459082
620	98	1.0494958359040418
630	98	0.9840955905342932
640	98	0.8873601042230193
650	98	0.7449690513181559
660	98	0.5411880026386916
670	98	0.26550831596861835
680	98	-0.07474644025430183
690	98	-0.44061944231840006
700	98	-0.7613768378881856
710	98	-0.9615058918170102
720	98	-1.002902122668102
730	98	-0.9062456797337666
740	98	-0.7320582721032847
750	98	-0.5425045620396958
760	98	-0.3766992006192809
770	98	-0.24881346949216948
780	98	-0.15761459376388648
790	98	-0.09580750535469992
0	99	1.0048792419914072
10	99	1.0049388732501547
20	99	1.0051674695183026
30	99	1.0055174797498245
40	99	1.0060274740352215
50	99	1.006666605510565
60	99	1.0074485055933593
70	99	1.008322708716475
80	99	1.0093626285054194
90	99	1.0104939055635689
100	99	1.0117887010754356
110	99	1.013199899033763
120	99	1.0147484179215391
130	99	1.0164283410520398
140	99	1.0182905916564637
150	99	1.0202973614657842
160	99	1.0224946165664661
170	99	1.024880692507856
180	99	1.0274671233904111
190	99	1.0302717315996557
200	99	1.0333202855015742
210	99	1.0366108895604618
220	99	1.0401771019713104
230	99	1.0440127766626506
240	99	1.0481479454882072
250	99	1.0525933126611442
260	99	1.0573583620157763
270	99	1.0624530187094516
280	99	1.0678807336669522
290	99	1.0736512319694609
300	99	1.0797559025201267
310	99	1.08619702652294
320	99	1.0929600120849658
330	99	1.1000261062704606
340	99	1.1073710503093002
350	99	1.114966652635197
360	99	1.1227669424708582
370	99	1.130725144801006
380	99	1.1387818058990586
390	99	1.146865831190668
400	99	1.1549005979980118
410	99	1.1627941453704391
420	99	1.1704488003195919
430	99	1.177754698517945
440	99	1.1845930172460548
450	99	1.1908377924152131
460	99	1.1963557637064302
470	99	1.2010089686211998
480	99	1.204657875480284
490	99	1.207160954875613
500	99	1.2083804891790288
510	99	1.2081837072507537
520	99	1.2064424611039146
530	99	1.2030320682431095
540	99	1.1978191579594932
550	99	1.1906406758947354
560	99	1.1812583983823703
570	99	1.1692788360959234
580	99	1.154015573204753
590	99	1.1342647267705623
600	99	1.1079538349589368
610	99	1.0716248192628073
620	99	1.0197372335368822
630	99	0.9438737886085443
640	99	0.8321909495543728
650	99	0.6699991034779499
660	99	0.44320217965398734
670	99	0.14676120974117685
680	99	-0.20205592608100467
690	99	-0.5536059116562222
700	99	-0.8343950846867917
710	99	-0.9803283828873383
720	99	-0.9734351087870681
730	99	-0.8493079575564705
740	99	-0.6699275787399643
750	99	-0.48932305633350065
760	99	-0.3373478193701572
770	99	-0.22245261808097738
780	99	-0.14128062191987967
790	99	-0.08642973170483714
0	100	1.0053627764530886
10	100	1.005462314830946
20	100	1.005697824517681
30	100	1.0060621279649702
40	100	1.006607791182372
50	100	1.0072922649497988
60	100	1.0081361414608327
70	100	1.0091015121032894
80	100	1.010196043825265
90	100	1.011430034047789
100	100	1.0128117123624023
110	100	1.0143247585860224
120	100	1.015972939677981
130	100	1.0177863413836377
140	100	1.0197668823682506
150	100	1.0219058984421956
160	100	1.024238853585808
170	100	1.0267620444152237
180	100	1.0295067904633577
190	100	1.03247336583827
200	100	1.0356785128560466
210	100	1.0391403094484513
220	100	1.0428660925251498
230	100	1.0468791898701957
240	100	1.0511844879625523
250	100	1.0557947767361577
260	100	1.0607259553528467
270	100	1.0659777213307824
280	100	1.0715515601239718
290	100	1.0774562386656494
300	100	1.083677064840875
310	100	1.0902123036979128
320	100	1.0970415240616418
330	100	1.1041438797444
340	100	1.1114890204490628
350	100	1.1190429145390661
360	100	1.1267541659771316
370	100	1.1345728261869599
380	100	1.1424327695317604
390	100	1.150261289383214
400	100	1.1579742558803956
410	100	1.1654792744702382
420	100	1.1726736494628085
430	100	1.1794468014078445
440	100	1.1856798372576387
450	100	1.191248049013353
460	100	1.1960204383181796
470	100	1.1998628091585002
480	100	1.2026412726927613
490	100	1.2042226768293776
500	100	1.2044785781056297
510	100	1.2032850520394263
520	100	1.200523648491112
530	100	1.196073565807173
540	100	1.189797444996363
550	100	1.1815101319463825
560	100	1.170921320295312
570	100	1.1575355746158842
580	100	1.140485855525965
590	100	1.1182705735150482
600	100	1.088353343033726
610	100	1.0465982933868847
620	100	0.9865564150705907
630	100	0.8987639480066243
640	100	0.7705475229098717
650	100	0.5874596845470041
660	100	0.3382189719545283
670	100	0.02472088175384625
680	100	-0.32532885195723593
690	100	-0.6538148307656233
700	100	-0.8891566466636179
710	100	-0.9821652563141436
720	100	-0.9338341160201891
730	100	-0.790080187034552
740	100	-0.6106421260269623
750	100	-0.44076404500969696
760	100	-0.30228514481552066
770	100	-0.199289672711735
780	100	-0.12705325841007697
790	100	-0.07832496662344848
0	101	1.00591913110929
10	101	1.0059868013620448
20	101	1.0062543825556673
30	101	1.0066541342834867
40	101	1.007243334024851
50	101	1.007991181322417
60	101	1.008862378344115
70	101	1.0099090765294574
80	101	1.0110939370075633
90	101	1.0124162050593473
100	101	1.0138789670041304
110	101	1.015496978442425
120	101	1.0172711089910118
130	101	1.0192015824122005
140	101	1.0213012273152802
150	101	1.0235899740865448
160	101	1.0260694839287954
170	101	1.0287350284102645
180	101	1.0316337486588434
190	101	1.0347541612107394
200	101	1.0381254710167231
210	101	1.0417451994751323
220	101	1.0456414690929574
230	101	1.0498176322676034
240	101	1.0542892237540138
250	101	1.0590624702495137
260	101	1.0641440898002459
270	101	1.0695401740943673
280	101	1.0752482554940543
290	101	1.0812647405161726
300	101	1.0875814031618818
310	101	1.0941863480656748
320	101	1.1010573424015058
330	101	1.1081671785120364
340	101	1.115481605397518
350	101	1.1229591991922745
360	101	1.1305491758456485
370	101	1.1381915497662276
380	101	1.1460714537262262
390	101	1.1533512543348006
400	101	1.1607048445674608
410	101	1.1677829435139389
420	101	1.1753274323208143
430	101	1.1806903365269295
440	101	1.1862896824402616
450	101	1.191156608596783
460	101	1.1951639237499374
470	101	1.1981827805295489
480	101	1.2000861180035918
490	101	1.2007484082083404
500	101	1.2000509359596538
510	101	1.1978790880497758
520	101	1.1941206288869437
530	101	1.1886555541609507
540	101	1.18133456156187
550	101	1.1719385331810348
560	101	1.1601059022059388
570	101	1.1452104093516577
580	101	1.1261637397938264
590	101	1.1011104531402116
600	101	1.066981290309388
610	101	1.0188918916939855
620	101	0.9494469033966325
630	101	0.8482102264312764
640	101	0.7020126455972623
650	101	0.4974380957899135
660	101	0.22731435616372656
670	101	-0.0982997148741485
680	101	-0.44159071071285627
690	101	-0.7391135013162781
700	101	-0.9257314612168052
710	101	-0.9691593938837825
720	101	-0.8868130212578242
730	101	-0.7304381174202224
740	101	-0.5548883396356752
750	101	-0.3967366659136772
760	101	-0.27114208351811325
770	101	-0.178959634053908
780	101	-0.11466370409686431
790	101	-0.0713218404773607
0	102	1.0064832952038782
10	102	1.0065707265514992
20	102	1.0068451107808452
30	102	1.0073054829137955
40	102	1.0079155069844248
50	102	1.008706414199757
60	102	1.0096708699833423
70	102	1.0107671567599243
80	102	1.0120393708757904
90	102	1.013452672967155
100	102	1.015027616327022
110	102	1.016743405747686
120	102	1.0186410157158399
130	102	1.020700590702756
140	102	1.022924894871345
150	102	1.0253475388204683
160	102	1.0279653895984473
170	102	1.0307837442826315
180	102	1.0338399084261496
190	102	1.037119647810408
200	102	1.0406456947783331
210	102	1.0444324475657518
220	102	1.0484853326709207
230	102	1.0528258968676836
240	102	1.0574527245197938
250	102	1.0623794057234888
260	102	1.0676033211228313
270	102	1.0731281514956552
280	102	1.0789505418452114
290	102	1.0850645135425292
300	102	1.0914548985738797
310	102	1.0981057365969389
320	102	1.104991005880634
330	102	1.1120777734323533
340	102	1.1193293004563962
350	102	1.1266971644140928
360	102	1.1341295786720638
370	102	1.1415591372286138
380	102	1.148915291067924
390	102	1.1561174033582684
400	102	1.1630756455449043
410	102	1.1696932670849276
420	102	1.1758645831076429
430	102	1.1814794088801261
440	102	1.1864197999501098
450	102	1.1905656617584217
460	102	1.193793745177561
470	102	1.1959818333403136
480	102	1.1970090012797536
490	102	1.196760100975659
500	102	1.1951242963140989
510	102	1.1919950322033372
520	102	1.1872640852189238
530	102	1.1808062669579935
540	102	1.172451252522181
550	102	1.1619314421093987
560	102	1.1487912980224528
570	102	1.1322412709290894
580	102	1.1109258749635857
590	102	1.0825765205751563
600	102	1.0435213727384267
610	102	0.9880709944767478
620	102	0.9078788534652258
630	102	0.7916919030146696
640	102	0.6263198022634513
650	102	0.4003339913562695
660	102	0.11198766409833796
670	102	-0.21969570540573505
680	102	-0.5480444456706747
690	102	-0.8080614975703774
700	102	-0.9449470476694246
710	102	-0.9437465262752722
720	102	-0.8348528647712936
730	102	-0.6718471848894437
740	102	-0.5030670203069344
750	102	-0.3570444169225444
760	102	-0.24354905868275062
770	102	-0.16113071853764857
780	102	-0.10387606618531219
790	102	-0.06527225897148851
0	103	1.0071067398332865
10	103	1.0071957188006546
20	103	1.0074922630141592
30	103	1.0079817860956966
40	103	1.008651260964723
50	103	1.0094838751770923
60	103	1.0105043287940794
70	103	1.0116859704766394
80	103	1.0130411121054168
90	103	1.0145547211285353
100	103	1.016226023212406
110	103	1.0180688936121844
120	103	1.0200822785828263
130	103	1.0222613339098632
140	103	1.0246290681450905
150	103	1.0271873884706237
160	103	1.029945876530008
170	103	1.032921427355925
180	103	1.036122224505113
190	103	1.0395587373131918
200	103	1.043241914603309
210	103	1.0471867323542665
220	103	1.0514022143962511
230	103	1.0558925183517351
240	103	1.0606690045287366
250	103	1.0657349655094441
260	103	1.0710876111729257
270	103	1.0767250522897445
280	103	1.0826472776043758
290	103	1.0888359390240034
300	103	1.0952775751128685
310	103	1.1019485429352491
320	103	1.1088176925333413
330	103	1.1158532120154414
340	103	1.123010457424136
350	103	1.130237994543996
360	103	1.137476522460371
370	103	1.144658051886052
380	103	1.1517084548145273
390	103	1.1585446369354186
400	103	1.1650743297632593
410	103	1.1711995366115728
420	103	1.1764992357630697
430	103	1.1818104037377093
440	103	1.1860707202784748
450	103	1.1894798129652304
460	103	1.1919195713289628
470	103	1.193273705334215
480	103	1.1934302827227339
490	103	1.1922819120594217
500	103	1.1897264382397381
510	103	1.1856630398716146
520	103	1.179983348007901
530	103	1.1725501671189096
540	103	1.1631612172959238
550	103	1.1514823703859292
560	103	1.1369390458731836
570	103	1.118541093236856
580	103	1.0946160078464535
590	103	1.0624200551988177
600	103	1.0176161618558708
610	103	0.953663481199705
620	103	0.8613207451558884
630	103	0.7287605703633979
640	103	0.5434077569034548
650	103	0.29690570220463064
660	103	-0.005861216394209109
670	103	-0.3367126725545402
680	103	-0.6422584940454623
690	103	-0.8599745303627249
700	103	-0.9482563652708137
710	103	-0.9084648005014969
720	103	-0.7801177171946915
730	103	-0.6153951417202049
740	103	-0.4553566685316845
750	103	-0.32142422733641257
760	103	-0.2191487245016682
770	103	-0.1455043329702044
780	103	-0.09448397190567269
790	103	-0.06004831849976543
0	104	1.007769429865084
10	104	1.0078749002145575
20	104	1.0081736732585258
30	104	1.0086882338370926
40	104	1.0094106078724108
50	104	1.0103106285049508
60	104	1.0113902989701715
70	104	1.0126526318119744
80	104	1.0141050961986797
90	104	1.0157098123569894
100	104	1.0175031001825598
110	104	1.0194436652517764
120	104	1.0215764693444926
130	104	1.0238896499202126
140	104	1.0263961499654992
150	104	1.029094172783349
160	104	1.0320009392613296
170	104	1.035127774391159
180	104	1.0384819782874932
190	104	1.0420711250315764
200	104	1.0459120300586848
210	104	1.0500106560127442
220	104	1.0543755441086131
230	104	1.0590095514176394
240	104	1.0639243315850893
250	104	1.0691167656468763
260	104	1.0745842927837954
270	104	1.0803224813052363
280	104	1.086319560512014
290	104	1.092561551912332
300	104	1.099029555026506
310	104	1.1056942793432796
320	104	1.1125224167665368
330	104	1.1197622732268964
340	104	1.1265066121064138
350	104	1.13355848710857
360	104	1.140569615413155
370	104	1.1474709595121393
380	104	1.1541827674842904
390	104	1.1606199391020111
400	104	1.166689411184724
410	104	1.1722936465442289
420	104	1.17732763600197
430	104	1.1816821924777685
440	104	1.1852466702381477
450	104	1.187907550630161
460	104	1.1895538843141236
470	104	1.1900763640554222
480	104	1.1893711512905532
490	104	1.1873391346971522
500	104	1.1838852086774772
510	104	1.1789117817689303
520	104	1.1723044513863217
530	104	1.1639061417167593
540	104	1.1534687783845778
550	104	1.1405717097334738
560	104	1.1244910698776862
570	104	1.103995662429641
580	104	1.0770421922807187
590	104	1.0403499481160259
600	104	0.9888594802588387
610	104	0.9151698684659534
620	104	0.8092481879173706
630	104	0.6590834493584223
640	104	0.4534746070621673
650	104	0.18829817984987385
660	104	-0.1239936739375223
670	104	-0.446610454994893
680	104	-0.7223252856618702
690	104	-0.8949194876831824
700	104	-0.937571973807871
710	104	-0.8657929760374189
720	104	-0.7244140689196801
730	104	-0.5618400702797011
740	104	-0.41176962117613075
750	104	-0.2895760619620905
760	104	-0.19760382654951855
770	104	-0.13181371333982225
780	104	-0.0863072637682992
790	104	-0.05553953811423138
0	105	1.0084649433808879
10	105	1.0085830467175987
20	105	1.0089043390241048
30	105	1.0094605556224072
40	105	1.0102284731916196
50	105	1.0111792285675927
60	105	1.0123340059335453
70	105	1.0136821708570942
80	105	1.0152181490173953
90	105	1.0169334003162311
100	105	1.01882339111894
110	105	1.0208987407900494
120	105	1.0231444360970876
130	105	1.025597257006393
140	105	1.0282447844567297
150	105	1.0310771801233365
160	105	1.034131286859619
170	105	1.0374066437031386
180	105	1.0409135231279967
190	105	1.0446533271675182
200	105	1.048643662787654
210	105	1.0528899251257327
220	105	1.057395348142343
230	105	1.0621690437136975
240	105	1.0672111141637257
250	105	1.072513311732537
260	105	1.0780813776435785
270	105	1.083898124809876
280	105	1.0899530281080165
290	105	1.096227410583312
300	105	1.1026944576714761
310	105	1.1093249349851657
320	105	1.1160689344890253
330	105	1.1229236777818976
340	105	1.1297964406619563
350	105	1.136641940107131
360	105	1.1433935464386051
370	105	1.1499811824671127
380	105	1.156453856547102
390	105	1.1623304079926637
400	105	1.167913350759848
410	105	1.1729702015564991
420	105	1.1774006538230084
430	105	1.18109775560033
440	105	1.1839526758589438
450	105	1.185859293875127
460	105	1.1867115510507091
470	105	1.1864091391528373
480	105	1.1848552085566368
490	105	1.181958829328952
500	105	1.1776294557607438
510	105	1.171768577249584
520	105	1.1642503851739567
530	105	1.1548867957595177
540	105	1.1433677565787161
550	105	1.1291628731105319
560	105	1.1113660838565136
570	105	1.0884595457825883
580	105	1.057973963269471
590	105	1.0160320610479114
600	105	0.9568111156870392
610	105	0.8720783605572187
620	105	0.7512064600960005
630	105	0.5824922885404785
640	105	0.3570281868012141
650	105	0.07604410062163243
660	105	-0.2399330851862456
670	105	-0.5468410201995111
680	105	-0.7869726820096131
690	105	-0.9136471858781545
700	105	-0.9150881876597441
710	105	-0.8180268759507201
720	105	-0.6691856487836506
730	105	-0.5116651852799633
740	105	-0.3721996282002872
750	105	-0.26118439687368794
760	105	-0.1786016835100239
770	105	-0.11982192970926771
780	105	-0.07918894911935584
790	105	-0.05165051075154799
0	106	1.009229436998454
10	106	1.0093532070773328
20	106	1.0096918380848505
30	106	1.0102875434693466
40	106	1.0110737886720118
50	106	1.012104056064074
60	106	1.0133342608278297
70	106	1.0147675305796258
80	106	1.0163947749619977
90	106	1.0182111703430197
100	106	1.0202136011502196
110	106	1.022406024439696
120	106	1.024797025068239
130	106	1.02736855101639
140	106	1.0301461364359439
150	106	1.0331379661411397
160	106	1.0363360846902478
170	106	1.0397512935358575
180	106	1.04340507026491
190	106	1.0472959171650542
200	106	1.0514326051778486
210	106	1.0558184691899337
220	106	1.0604614479489678
230	106	1.06535652891101
240	106	1.070511576201982
250	106	1.0759153952856282
260	106	1.081562571142219
270	106	1.0874384519516194
280	106	1.0935294151754376
290	106	1.0998104185064579
300	106	1.106253902123712
310	106	1.112825277300288
320	106	1.1194833160872137
330	106	1.12618194650191
340	106	1.1324470049284927
350	106	1.1394717819257563
360	106	1.1459337090034842
370	106	1.152175556459743
380	106	1.158116400034867
390	106	1.1636682499575688
400	106	1.168737286380972
410	106	1.1732269496372003
420	106	1.1770355541896196
430	106	1.1800601344702242
440	106	1.182198115219937
450	106	1.1833477856574421
460	106	1.1834104646463626
470	106	1.1822932254343728
480	106	1.1799074147407358
490	106	1.1761675973877717
500	106	1.170986319964449
510	106	1.1642583326254934
520	106	1.1558384884140098
530	106	1.14549540208578
540	106	1.1328386723384898
550	106	1.1172010619797765
560	106	1.0974569951446864
570	106	1.0717541197708242
580	106	1.0371410722618357
590	106	0.9890910340710884
600	106	0.92100002946989
610	106	0.8238851498636064
620	106	0.6868164867915661
630	106	0.49903386857137577
640	106	0.25492160229765937
650	106	-0.03796772374180404
660	106	-0.35109826796327454
670	106	-0.6352148392471921
680	106	-0.8356171235012614
690	106	-0.91747606835177
700	106	-0.8831116912079569
710	106	-0.7671969104095255
720	106	-0.6155339675753541
730	106	-0.46513343255369344
740	106	-0.3364602425196419
750	106	-0.23593338370564104
760	106	-0.16185610226732802
770	106	-0.10931951303352887
780	106	-0.0729923889507373
790	106	-0.04829880072777839
0	107	1.0100300509594347
10	107	1.0101532844354513
20	107	1.010521861665362
30	107	1.011144915969353
40	107	1.01200388908703
50	107	1.013085183059994
60	107	1.014387305381904
70	107	1.0159064888350067
80	107	1.01762551001165
90	107	1.0195530478044184
100	107	1.0216768474671516
110	107	1.0239901074291136
120	107	1.0265030491099605
130	107	1.0292095760701838
140	107	1.032128180671743
150	107	1.035254540352252
160	107	1.038602156614199
170	107	1.0421611587487662
180	107	1.0459641905497934
190	107	1.0499958838966676
200	107	1.0542668829486077
210	107	1.0587854823141827
220	107	1.0635525854632677
230	107	1.0685655251215642
240	107	1.0738150287424866
250	107	1.0793030281928386
260	107	1.085013035682057
270	107	1.090929663765781
280	107	1.0970350783979312
290	107	1.1032974865926655
300	107	1.1098827106832454
310	107	1.1161736281139947
320	107	1.122704527302965
330	107	1.1292297602527854
340	107	1.1356938399966932
350	107	1.142032217952108
360	107	1.14817398661829
370	107	1.1540432859899645
380	107	1.1595564859712413
390	107	1.16462652373613
400	107	1.1691603441793563
410	107	1.1730620486421959
420	107	1.1762341031052914
430	107	1.1785775526339715
440	107	1.1799938320167298
450	107	1.1803883584245027
460	107	1.1796693382375771
470	107	1.177751585320242
480	107	1.1745531536949263
490	107	1.1699923256571407
500	107	1.1639812097299649
510	107	1.1564020670695365
520	107	1.1470797032865963
530	107	1.135725353556673
540	107	1.1218468291168828
550	107	1.1046095046965747
560	107	1.0826278806111767
570	107	1.0536650890836765
580	107	1.0142322339464154
590	107	0.9591132989570829
600	107	0.8809373226039585
610	107	0.7701207569832573
620	107	0.6158338077596709
630	107	0.40901925983083487
640	107	0.14837111098242098
650	107	-0.1515593566210892
660	107	-0.4549578750980353
670	107	-0.7100390290691057
680	107	-0.8683560959007949
690	107	-0.9081456379050943
700	107	-0.8439151517546761
710	107	-0.7150238918162944
720	107	-0.5642550112483259
730	107	-0.4223380511543253
740	107	-0.30431487969232957
750	107	-0.21351694117201375
760	107	-0.14710779814055325
770	107	-0.10012185288735274
780	107	-0.06759869129257425
790	107	-0.045413157979936634
0	108	1.010880854997149
10	108	1.011018013098013
20	108	1.0114179074733276
30	108	1.0120624247560022
40	108	1.0129736381568346
50	108	1.014115875479582
60	108	1.01550018626761
70	108	1.0171067012532653
80	108	1.0189292000458854
90	108	1.0209555851984147
100	108	1.0231942602865447
110	108	1.0256279982084724
120	108	1.0282755627555915
130	108	1.031119182057347
140	108	1.0341732133181165
150	108	1.0374437443137858
160	108	1.0409258186361463
170	108	1.0446333307837599
180	108	1.0485682291745293
190	108	1.0527390393862213
200	108	1.0571425447348104
210	108	1.061784579045392
220	108	1.0666621065681676
230	108	1.0717737275875974
240	108	1.0771112482439391
250	108	1.0826649409538354
260	108	1.0884163922636656
270	108	1.0943549833304
280	108	1.1004487950850936
290	108	1.1066725039715595
300	108	1.1129871345419462
310	108	1.1193561088510842
320	108	1.125729697641058
330	108	1.1320528588680354
340	108	1.1382690031828109
350	108	1.1443098690394704
360	108	1.1501041246803765
370	108	1.1555727312311463
380	108	1.1606341193565641
390	108	1.1652001213147012
400	108	1.1691791029268397
410	108	1.1724785657642969
420	108	1.1750029660681218
430	108	1.1766591247204359
440	108	1.1773536295240499
450	108	1.1769983919326146
460	108	1.175509623001024
470	108	1.1728082176895536
480	108	1.1688183098099534
490	108	1.1634600970303628
500	108	1.1566375370381103
510	108	1.1482153169250608
520	108	1.1379766717337145
530	108	1.1255576867208252
540	108	1.1103396462579833
550	108	1.0912874241668413
560	108	1.0667117290317318
570	108	1.033939831320226
580	108	0.9888964230309532
590	108	0.9256538830831559
600	108	0.8361336672089485
610	108	0.710382506025444
620	108	0.5381917157284778
630	108	0.3130648834503394
640	108	0.0389470295561851
650	108	-0.2623651126167171
660	108	-0.5491904284781045
670	108	-0.7702118350618194
680	108	-0.8859058332241487
690	108	-0.8876585553822711
700	108	-0.7996233310381881
710	108	-0.6629068703270057
720	108	-0.5158842789015026
730	108	-0.3832465703948355
740	108	-0.2754994591378733
750	108	-0.19364528907937373
760	108	-0.1341236538574319
770	108	-0.0920666932177341
780	108	-0.06290454812183209
790	108	-0.042931966865150925
0	109	1.0117880272315587
10	109	1.0119316789385464
20	109	1.0123487784583751
30	109	1.013042535529313
40	109	1.014001754684297
50	109	1.0152065494266302
60	109	1.016671230974192
70	109	1.0183670657262072
80	109	1.0202841700880911
90	109	1.022427409592169
100	109	1.024772335185102
110	109	1.0273346452307297
120	109	1.0301097402015829
130	109	1.0330899590213831
140	109	1.0362820985509613
150	109	1.0396902209110668
160	109	1.0433095097997258
170	109	1.047155417467701
180	109	1.0512242767148985
190	109	1.0555221428633161
200	109	1.0600496407017728
210	109	1.0648045671581088
220	109	1.069781246559382
230	109	1.0749799593188905
240	109	1.0803819701146493
250	109	1.085984036846599
260	109	1.0917628580860128
270	109	1.0976962913931234
280	109	1.1032432826673138
290	109	1.1099139033875012
300	109	1.1161266440581166
310	109	1.122353748015987
320	109	1.1285432372957014
330	109	1.1346377724900982
340	109	1.140577550343439
350	109	1.1462937126211001
360	109	1.1517133117501563
370	109	1.1567574466695951
380	109	1.1613440838516933
390	109	1.1653864602822572
400	109	1.1687951902739941
410	109	1.171479924175296
420	109	1.1733499722805336
430	109	1.1743162696053948
440	109	1.1742921864735418
450	109	1.173197189525694
460	109	1.1709531448938781
470	109	1.1674880534072711
480	109	1.1627286828984862
490	109	1.1565934360056778
500	109	1.1489745853564035
510	109	1.1397078846033082
520	109	1.1285223299583882
530	109	1.1149586084269336
540	109	1.0982445928708822
550	109	1.0771069014950372
560	109	1.0495074228748418
570	109	1.0122869431233505
580	109	0.9607445668361536
590	109	0.8882463244982849
600	109	0.7861211484465834
610	109	0.6443723311801884
620	109	0.45404848976007695
630	109	0.21212009338917243
640	109	-0.07146663969886718
650	109	-0.36795982075605405
660	109	-0.6318323963230646
670	109	-0.815264521657778
680	109	-0.8894960958087409
690	109	-0.8581291080060225
700	109	-0.7521344708607878
710	109	-0.6119352635347509
720	109	-0.47074380519533154
730	109	-0.3477374970363934
740	109	-0.249739022891649
750	109	-0.17604863028891768
760	109	-0.12269532164532401
770	109	-0.08501173753871137
780	109	-0.05882012353868861
790	109	-0.040801933998757575
0	110	1.0127601641602915
10	110	1.0128949903289899
20	110	1.0133367470530266
30	110	1.014070707264061
40	110	1.0150719513009623
50	110	1.0163500173744107
60	110	1.0178906609813085
70	110	1.0196819672248036
80	110	1.0216941759720886
90	110	1.023942931394203
100	110	1.0264218635430702
110	110	1.0291066016181536
120	110	1.0320061965725185
130	110	1.035118366569502
140	110	1.0384432607126532
150	110	1.0419856963056882
160	110	1.0457445026656416
170	110	1.0497210189964468
180	110	1.053920128680577
190	110	1.05834046294844
200	110	1.0629751926153954
210	110	1.0678313749064312
220	110	1.072898125557038
230	110	1.07816285205309
240	110	1.0836192235622513
250	110	1.0892498892139744
260	110	1.09503087076682
270	110	1.100939475283226
280	110	1.106944163549471
290	110	1.1130099986775226
300	110	1.1190948144863082
310	110	1.1251519146931146
320	110	1.1311292485643294
330	110	1.136968516299947
340	110	1.1426050277930317
350	110	1.1479722162735362
360	110	1.1529930092761467
370	110	1.1575906201124864
380	110	1.1616834190367262
390	110	1.1651854747869896
400	110	1.1680108456313023
410	110	1.170072572483066
420	110	1.1712844563447957
430	110	1.171562605237788
440	110	1.1708279339739274
450	110	1.1690044661943428
460	110	1.1660232617791282
470	110	1.1618151233223635
480	110	1.1563083104453722
490	110	1.1494143513578694
500	110	1.1410066713796005
510	110	1.1308816316351495
520	110	1.1186974277447057
530	110	1.1038778668722362
540	110	1.0854656232016324
550	110	1.0619105489224816
560	110	1.0307779473818535
570	110	0.9883765930335959
580	110	0.9293557857237172
590	110	0.8464171038100837
600	110	0.7304817883477683
610	110	0.5719391751922824
620	110	0.36383005011239233
630	110	0.10747383865017864
640	110	-0.18074444520976243
650	110	-0.4660031764980244
660	110	-0.7013975373653191
670	110	-0.8453493938715184
680	110	-0.8807381541307798
690	110	-0.8216511212042783
700	110	-0.7030754898836934
710	110	-0.5629169352371914
720	110	-0.4289871004022383
730	110	-0.3156298564515582
740	110	-0.22675949872719495
750	110	-0.16047897606830336
760	110	-0.11263744182670016
770	110	-0.0788323250577087
780	110	-0.055267339264776554
790	110	-0.03897690351312625
0	111	1.0137635990872336
10	111	1.0139171605733455
20	111	1.0143897125455357
30	111	1.0151459855432856
40	111	1.0162155645280782
50	111	1.0175616273219303
60	111	1.0191761380028035
70	111	1.021053908944451
80	111	1.0231790494716422
90	111	1.0255332147187262
100	111	1.0281185565604531
110	111	1.030932339960936
120	111	1.0339576238182993
130	111	1.0372073323833222
140	111	1.0406644730271362
150	111	1.044338114782979
160	111	1.0482228316404074
170	111	1.0523300391252879
180	111	1.0566473207352065
190	111	1.0611759550466888
200	111	1.0659129933580787
210	111	1.0708586603995003
220	111	1.075994816502251
230	111	1.0813172105853797
240	111	1.0868079467818819
250	111	1.0924457103447218
260	111	1.0982091250451094
270	111	1.104069479542529
280	111	1.1099940073310564
290	111	1.1159441662204341
300	111	1.121875415613226
310	111	1.127807841494374
320	111	1.1334771073862986
330	111	1.1390351903250109
340	111	1.1443437313199214
350	111	1.1493368711938206
360	111	1.1539377601341188
370	111	1.158068750691576
380	111	1.161650461094481
390	111	1.164599035258418
400	111	1.1668317200188518
410	111	1.1682652276554277
420	111	1.168818404644878
430	111	1.168413836258283
440	111	1.1669783826913978
450	111	1.1644431910371358
460	111	1.1607436302882108
470	111	1.1558141823530816
480	111	1.1495798984110974
490	111	1.1419406929102138
500	111	1.1327419903102283
510	111	1.1217282385022294
520	111	1.1084693632521245
530	111	1.092245646206468
540	111	1.0718818678982074
550	111	1.045508987452525
560	111	1.0102492916879509
570	111	0.961841933682149
580	111	0.8942848486138516
590	111	0.7997046116323129
600	111	0.6688807543335842
610	111	0.49312299648234365
620	111	0.26826356493723647
630	111	0.0007356679506917676
640	111	-0.28662184730519474
650	111	-0.5543852658027512
660	111	-0.7569555771331775
670	111	-0.8611791367056274
680	111	-0.861483054433251
690	111	-0.780193737865936
700	111	-0.6537861393981664
710	111	-0.5164154165094638
720	111	-0.3906393201723646
730	111	-0.2867061115737871
740	111	-0.20629568691560654
750	111	-0.14671059776743112
760	111	-0.1037857595921091
770	111	-0.07341941374131297
780	111	-0.05217834531832817
790	111	-0.0374168439813849
0	112	1.0148359854873386
10	112	1.0149972392942528
20	112	1.0154876439418044
30	112	1.0162918440813749
40	112	1.0174051553934105
50	112	1.0188191968236449
60	112	1.0205194277620726
70	112	1.0224852793996413
80	112	1.0247103669443278
90	112	1.027177629124884
100	112	1.029878913931399
110	112	1.0328095501576897
120	112	1.0359737365412303
130	112	1.0393393183721553
140	112	1.0429295874373659
150	112	1.0467322259413343
160	112	1.050740509321058
170	112	1.0549617049288398
180	112	1.0593959427961357
190	112	1.0640253784537845
200	112	1.0688516096366703
210	112	1.0738705555041872
220	112	1.079065056592968
230	112	1.084422358739591
240	112	1.0899291545408178
250	112	1.0955568533708537
260	112	1.1012820157454546
270	112	1.107071524981656
280	112	1.1128927276644742
290	112	1.1187014168316383
300	112	1.124452266001841
310	112	1.1300953049106037
320	112	1.135573352856195
330	112	1.1408245360127047
340	112	1.1457839623639956
350	112	1.1503811493538179
360	112	1.154542038268367
370	112	1.1581896851279398
380	112	1.1612464359913697
390	112	1.163631155009216
400	112	1.1652641299254423
410	112	1.1660679746326994
420	112	1.1659661387001634
430	112	1.1648872366303373
440	112	1.1627640622108084
450	112	1.1595346847184973
460	112	1.1551377031439969
470	112	1.1495077471700885
480	112	1.142563421721112
490	112	1.13418524455032
500	112	1.1241811103385615
510	112	1.1122290596481164
520	112	1.0977887352530233
530	112	1.0799708334891682
540	112	1.0573442627544274
550	112	1.0276781950493743
560	112	0.987610168796226
570	112	0.9322836406692534
580	112	0.8550746967019932
590	112	0.7476835165684295
600	112	0.6011044768822352
610	112	0.4081975886277901
620	112	0.16839492984555096
630	112	-0.1062127461033448
640	112	-0.38681904416465096
650	112	-0.63135747886736
660	112	-0.7981624524553794
670	112	-0.8639293128771702
680	112	-0.833685214780521
690	112	-0.7355283355989254
700	112	-0.6053254981117313
710	112	-0.47279031888393297
720	112	-0.3556317806771741
730	112	-0.2607295061252695
740	112	-0.18809631030165927
750	112	-0.13453959312955815
760	112	-0.09599509273426203
770	112	-0.06867763996836998
780	112	-0.04949408243592972
790	112	-0.0360870996086136
0	113	1.0159610863190063
10	113	1.0161331502855844
20	113	1.0166379414974867
30	113	1.0174883025842452
40	113	1.0186590995183107
50	113	1.0201442077243839
60	113	1.021918876821963
70	113	1.0239698900932845
80	113	1.0262955221436303
90	113	1.0288805255886972
100	113	1.0316962341748743
110	113	1.0347508851142584
120	113	1.0380299299492606
130	113	1.041523952226657
140	113	1.0452384234273684
150	113	1.0491629837791008
160	113	1.053292936914535
170	113	1.0576251369758227
180	113	1.062153632793749
190	113	1.0668730115492924
200	113	1.0717788792458425
210	113	1.076859147392174
220	113	1.0820947708040471
230	113	1.0874708373069149
240	113	1.0929734783101448
250	113	1.098569543907972
260	113	1.1042331090626034
270	113	1.1099308749485475
280	113	1.1156234291166538
290	113	1.1212689010581258
300	113	1.1268168743268934
310	113	1.1322163347534528
320	113	1.1374080493800316
330	113	1.142331053002706
340	113	1.146917434706225
350	113	1.151099457942033
360	113	1.1548031317101262
370	113	1.1579536034693196
380	113	1.160473689275731
390	113	1.162287579896435
400	113	1.1633185635452739
410	113	1.16349324383216
420	113	1.1627427058643836
430	113	1.161000821941678
440	113	1.158206459184049
450	113	1.154301967687754
460	113	1.1492286559432077
470	113	1.1429175405437368
480	113	1.1352749526825647
490	113	1.1261549375203193
500	113	1.1153157355183991
510	113	1.1023515748837875
520	113	1.086589639968695
530	113	1.0669378810403025
540	113	1.0416731111318331
550	113	1.0081596537687898
560	113	0.962513342090353
570	113	0.8992763982030939
580	113	0.8112725364956994
590	113	0.689994327344158
600	113	0.5271018508355079
610	113	0.31770670178499144
620	113	0.06558549709426281
630	113	-0.2112954609791315
640	113	-0.4791764219345428
650	113	-0.6956348230809
660	113	-0.8252423963251088
670	113	-0.8551173727064258
680	113	-0.7992835028078243
690	113	-0.6891850049231032
700	113	-0.5584937663339808
710	113	-0.432237192305762
720	113	-0.32383029162147126
730	113	-0.23745687004636098
740	113	-0.17192705788888793
750	113	-0.12378288253022063
760	113	-0.08913741721378057
770	113	-0.0645236684146807
780	113	-0.047163188978117464
790	113	-0.03495755161417696
0	114	1.0171412028232576
10	114	1.0173154790273047
20	114	1.0178602339916232
30	114	1.0187453458225963
40	114	1.0199664839945728
50	114	1.0215129500929476
60	114	1.023369655731378
70	114	1.0255228122122608
80	114	1.0279495368809783
90	114	1.030634329383008
100	114	1.03356654008579
110	114	1.0367381011684342
120	114	1.0401407219797925
130	114	1.043754663249216
140	114	1.0475871728441195
150	114	1.0516243200966766
160	114	1.0558623722882163
170	114	1.0602964916089634
180	114	1.064918358070447
190	114	1.0697185298426857
200	114	1.0746847918536764
210	114	1.079807042495906
220	114	1.0850704007138356
230	114	1.0904503972636581
240	114	1.096052850334992
250	114	1.1014707975998828
260	114	1.107052432893117
270	114	1.1126343521260096
280	114	1.1181761633507348
290	114	1.1236340186970535
300	114	1.128954832598347
310	114	1.13408628860424
320	114	1.1389704903070925
330	114	1.1435442162241993
340	114	1.1477399309612986
350	114	1.1514892138777604
360	114	1.1547212911250893
370	114	1.1573612163678695
380	114	1.1593373304831824
390	114	1.1605752279981654
400	114	1.1610041075954565
410	114	1.1605555977639814
420	114	1.1591653127721162
430	114	1.1567741866578145
440	114	1.1533266234488682
450	114	1.148767346234618
460	114	1.1430376447012192
470	114	1.1360615270408896
480	114	1.127726217514536
490	114	1.117849508977685
500	114	1.1061264674910773
510	114	1.0920484862223372
520	114	1.0747834946503805
530	114	1.053004723258756
540	114	1.0246563931998949
550	114	0.9866581730552421
560	114	0.9345788641026678
570	114	0.8623793082475274
580	114	0.7624513746519469
590	114	0.6263778990644421
600	114	0.4470254076953274
610	114	0.22248924384852578
620	114	-0.03851694966417242
630	114	-0.3123449138462249
640	114	-0.5617864228336344
650	114	-0.7464591456331648
660	114	-0.8389272654943515
670	114	-0.836474089496543
680	114	-0.7601065396895064
690	114	-0.6424353873209069
700	114	-0.5138632847707035
710	114	-0.3948240387154705
720	114	-0.29505771428300676
730	114	-0.21664753005352555
740	114	-0.15757202683142327
750	114	-0.11427686084784718
760	114	-0.08309999802228835
770	114	-0.06088467802360798
780	114	-0.045140980636687526
790	114	-0.03400206103883186
0	115	1.0183902766106416
10	115	1.0185759704606712
20	115	1.0191317985052506
30	115	1.0200524866360285
40	115	1.021334161690254
50	115	1.0229504510263654
60	115	1.0248847579349565
70	115	1.0271226333401817
80	115	1.0296467243755547
90	115	1.032443619682719
100	115	1.0354864454198094
110	115	1.0387752602780593
120	115	1.0422888422184051
130	115	1.0460220043623691
140	115	1.049963707576419
150	115	1.0541092406867556
160	115	1.0584500616557988
170	115	1.0629743064380048
180	115	1.0676753266059917
190	115	1.0725389227383038
200	115	1.07755621636627
210	115	1.0827078847226212
220	115	1.087978596996347
230	115	1.0933418139852222
240	115	1.0987741872291503
250	115	1.1042452204718505
260	115	1.1097242770264575
270	115	1.1151675193665849
280	115	1.12053611047023
290	115	1.1257835567294914
300	115	1.1308560951265003
310	115	1.1356989946060216
320	115	1.1402544776175927
330	115	1.1444592999252257
340	115	1.1482461777014144
350	115	1.1515486507140786
360	115	1.1542960737979575
370	115	1.1564176475612322
380	115	1.1578436938531846
390	115	1.1585047203483048
400	115	1.1583344024688853
410	115	1.1572694885123886
420	115	1.1552523854211747
430	115	1.1522283006625222
440	115	1.1481460486435484
450	115	1.1429526032788255
460	115	1.136584880728181
470	115	1.1289544953960282
480	115	1.1199227867066226
490	115	1.109259699872437
500	115	1.0965812668927022
510	115	1.0812544148738177
520	115	1.0622600231583947
530	115	1.0380004492040373
540	115	1.006048202302875
550	115	0.9628438739548475
560	115	0.9033999612924014
570	115	0.8211502513378484
580	115	0.7082360414488463
590	115	0.556713104085422
600	115	0.36126887391557305
610	115	0.12368721489037406
620	115	-0.14203468016587295
630	115	-0.4072226402029573
640	115	-0.6331088061318855
650	115	-0.7836177661049125
660	115	-0.8403637131914895
670	115	-0.8098204817995149
680	115	-0.7178055913902768
690	115	-0.5962955917365849
700	115	-0.47181366892932725
710	115	-0.360523289070525
720	115	-0.2691115359008475
730	115	-0.19806943448045727
740	115	-0.14483418070109078
750	115	-0.10587583112105811
760	115	-0.07778373268729952
770	115	-0.057697060468604865
780	115	-0.04338849736585252
790	115	-0.033197891324604316
0	116	1.0196866296568527
10	116	1.0198756604890657
20	116	1.0204663348630354
30	116	1.0214352532032305
40	116	1.0227542510920797
50	116	1.024431144573464
60	116	1.0264497478582033
70	116	1.0287743088810333
80	116	1.0314009356524336
90	116	1.0343005795144464
100	116	1.037448162171794
110	116	1.0408468298906124
120	116	1.0444758160802032
130	116	1.0483164158151008
140	116	1.0523654513838783
150	116	1.0566125778237119
160	116	1.0610413531730951
170	116	1.0656499439351574
180	116	1.0704163080602134
190	116	1.0753089825796807
200	116	1.0804073511174805
210	116	1.085513622059097
220	116	1.090806530880178
230	116	1.0961344996371647
240	116	1.1015037211741199
250	116	1.1068786271802575
260	116	1.1122354565614772
270	116	1.1175202401395825
280	116	1.1226934872494538
290	116	1.1277077879434554
300	116	1.1325103124880342
310	116	1.1370457433188366
320	116	1.1412538776612602
330	116	1.1450717217017914
340	116	1.1484349238466731
350	116	1.1512774039476266
360	116	1.1535314300416348
370	116	1.1551274987218538
380	116	1.1560014212984346
390	116	1.1560865626677437
400	116	1.155322777607945
410	116	1.1536525009720604
420	116	1.1510224860911684
430	116	1.1473833545140355
440	116	1.1426866887729803
450	116	1.1368783367575717
460	116	1.1298872735048677
470	116	1.1216067407056944
480	116	1.111862969894526
490	116	1.1003656034907745
500	116	1.0866334096154975
510	116	1.0698848190093482
520	116	1.0488829534489694
530	116	1.021722795660267
540	116	0.9855679067029665
550	116	0.9363544370775725
560	116	0.8685514755633449
570	116	0.7751642648559263
580	116	0.648334294058023
590	116	0.4810562378039505
600	116	0.27049653204589863
610	116	0.022731903912337478
620	116	-0.2429426223479844
630	116	-0.4939448018765558
640	116	-0.6920564488534756
650	116	-0.8074188412199829
660	116	-0.8310012285936643
670	116	-0.7769604061584993
680	116	-0.6738141633895534
690	116	-0.5515437104419749
700	116	-0.43256704109593586
710	116	-0.32923861165884927
720	116	-0.2457770382214706
730	116	-0.1815031432354435
740	116	-0.1335349445859744
750	116	-0.09845049214406996
760	116	-0.07310152842674993
770	116	-0.05490518052670861
780	116	-0.041871799570829676
790	116	-0.032525265794563794
0	117	1.0210427460727636
10	117	1.0212435864293947
20	117	1.0218521044806788
30	117	1.0228515426587446
40	117	1.0242375778062474
50	117	1.0259879761385158
60	117	1.0280772398869662
70	117	1.030491635930002
80	117	1.0332019305573985
90	117	1.0361989231453783
100	117	1.0394630075867588
110	117	1.042963464281955
120	117	1.0466957532245829
130	117	1.0506400757502836
140	117	1.0547888669159537
150	117	1.0591253941491658
160	117	1.063637625563102
170	117	1.0683118610303286
180	117	1.0730998268457228
190	117	1.0780865431709898
200	117	1.0831528269084398
210	117	1.0883126624040935
220	117	1.093545391046808
230	117	1.0988181490929523
240	117	1.1041049758186214
250	117	1.109368787856625
260	117	1.1145752945334657
270	117	1.11967790513198
280	117	1.1246367037442757
290	117	1.1293989400103348
300	117	1.133911904981425
310	117	1.1381192301815073
320	117	1.1419628377508957
330	117	1.1453789159588745
340	117	1.148305893592298
350	117	1.1506779586839213
360	117	1.1524303990670077
370	117	1.1534985831359812
380	117	1.1538195431304763
390	117	1.1533338452286377
400	117	1.1519851498983824
410	117	1.149721685530822
420	117	1.1464953563995142
430	117	1.1422603782765326
440	117	1.1369686580674272
450	117	1.1305625353224718
460	117	1.1229580553700491
470	117	1.114022711450914
480	117	1.10353689220573
490	117	1.091135428976192
500	117	1.0762197117191563
510	117	1.057833645845004
520	117	1.0344888907201453
530	117	1.0039374078830652
540	117	0.9629009273031766
550	117	0.9067998472322887
560	117	0.8296024793640244
570	117	0.7240369089006035
580	117	0.5825716918311753
590	117	0.3996786515287856
600	117	0.1756593887581173
610	117	-0.07869482606198541
620	117	-0.3391719329320001
630	117	-0.5708021021866736
640	117	-0.7380437120962939
650	117	-0.8186292019927843
660	117	-0.8124743837379481
670	117	-0.7395953298085121
680	117	-0.6293306942115111
690	117	-0.5087461645610496
700	117	-0.3962211781394089
710	117	-0.3008267268593627
720	117	-0.22483686442892226
730	117	-0.166744010395472
740	117	-0.12351345948780557
750	117	-0.09188629172298796
760	117	-0.06897695303571001
770	117	-0.05246044159501803
780	117	-0.0405612740993045
790	117	-0.031966977360798454
0	118	1.0224657515653124
10	118	1.0226751838371235
20	118	1.023300791359042
30	118	1.0243411629167778
40	118	1.0257778287008386
50	118	1.0275843260222193
60	118	1.0297510894059603
70	118	1.0322505828236144
80	118	1.0350539923796809
90	118	1.038146551045953
100	118	1.0415066853542672
110	118	1.0451106055363495
120	118	1.0489416102238414
130	118	1.0529877473078244
140	118	1.0572220956805634
150	118	1.061638165990229
160	118	1.0662184230594383
170	118	1.0709513185915438
180	118	1.0757524248134305
190	118	1.0807870231306609
200	118	1.0858565818377575
210	118	1.0909963062044261
220	118	1.0959568197305363
230	118	1.1013783459794033
240	118	1.1064351279741582
250	118	1.1116936655022356
260	118	1.1167313921724953
270	118	1.12163503851238
280	118	1.1263565298262928
290	118	1.1308459985219383
300	118	1.1350513656010923
310	118	1.138915383845309
320	118	1.1423778475412472
330	118	1.1453801864962114
340	118	1.1478589611486087
350	118	1.1497533380504616
360	118	1.151000145086128
370	118	1.1515386919474009
380	118	1.151310469835931
390	118	1.1502604874456532
400	118	1.1483382505812265
410	118	1.145496438736581
420	118	1.1416914113106338
430	118	1.1368797661420957
440	118	1.1310118187824296
450	118	1.1240208518567103
460	118	1.1158058528573498
470	118	1.1061994228096153
480	118	1.0949243316263289
490	118	1.0815230992040985
500	118	1.0652580256144222
510	118	1.0449692732306968
520	118	1.0188838774073925
530	118	0.9843760756869233
540	118	0.9377006874147077
550	118	0.8737698579893628
560	118	0.786132589650232
570	118	0.6674525332598943
580	118	0.5109281604913842
590	118	0.3130984250164724
600	118	0.07799303762448909
610	118	-0.1787246872011421
620	118	-0.42872584385716866
630	118	-0.6364593686941756
640	118	-0.7709935372704625
650	118	-0.818384759967071
660	118	-0.786491344572151
670	118	-0.6992636049737851
680	118	-0.5853198797061696
690	118	-0.46828832983650254
700	118	-0.3627789297587512
710	118	-0.2751146282205504
720	118	-0.2060778354782994
730	118	-0.1536116235296733
740	118	-0.11462550876941632
750	118	-0.08608197421920848
760	118	-0.06534288798398762
770	118	-0.05032033426536835
780	118	-0.039431090688681045
790	118	-0.03150800728669628
0	119	1.023935790076139
10	119	1.0241545638918663
20	119	1.0248070396453695
30	119	1.0258823391574021
40	119	1.027367666854149
50	119	1.0292388053602706
60	119	1.0314735850693355
70	119	1.0340526800760732
80	119	1.0369503879282878
90	119	1.0401304438334247
100	119	1.0435890624623887
110	119	1.0472896916209744
120	119	1.0512114279898235
130	119	1.055340601823141
140	119	1.0596538536616136
150	119	1.0644041622227007
160	119	1.0687832730134623
170	119	1.073553720971379
180	119	1.0784443578878045
190	119	1.0838569286227098
200	119	1.0884795681959132
210	119	1.093579606678841
220	119	1.098700213135859
230	119	1.1039465814975402
240	119	1.1088673844979038
250	119	1.1138444443288373
260	119	1.1186952076981818
270	119	1.123378339188923
280	119	1.1278455674489682
290	119	1.1320459357624504
300	119	1.13592536679317
310	119	1.139428363538715
320	119	1.1424989848571627
330	119	1.1450754857821805
340	119	1.1470987640812742
350	119	1.1485093323759987
360	119	1.1492479526115664
370	119	1.1492581020039079
380	119	1.148485883581001
390	119	1.1468814768321496
400	119	1.1443987835393847
410	119	1.1409951249501462
420	119	1.1366302603194665
430	119	1.1312608345531878
440	119	1.1248323377638842
450	119	1.1172659965250182
460	119	1.1084341251141814
470	119	1.0981264981522099
480	119	1.085993253220641
490	119	1.0714665767476188
500	119	1.0536448462497023
510	119	1.0311343447975385
520	119	1.00184363209087
530	119	0.9627379626078514
540	119	0.9095924660905444
550	119	0.8368452328030203
560	119	0.7377530009704627
570	119	0.6051958399210935
580	119	0.4335756807258982
590	119	0.22210207860591036
600	119	-0.02100660058886843
610	119	-0.2753896138605519
620	119	-0.5097968257494461
630	119	-0.6900254126625508
640	119	-0.7913056674326219
650	119	-0.8080856738743982
660	119	-0.7547370660168157
670	119	-0.6573037795757374
680	119	-0.5425272461788401
690	119	-0.43040611855324873
700	119	-0.3321733778633607
710	119	-0.2519129159880409
720	119	-0.18929553848960237
730	119	-0.14190884906178228
740	119	-0.10674222370317837
750	119	-0.08094812759480718
760	119	-0.0621469333131292
770	119	-0.0484476518034915
780	119	-0.038458664402143954
790	119	-0.031135281188733724
0	120	1.0180193292606423
10	120	1.0246656170965145
20	120	1.031727460165007
30	120	1.027581434419443
40	120	1.0284173000275247
50	120	1.0309435878150055
60	120	1.0332526219144789
70	120	1.0359051328245619
80	120	1.0388837063756868
90	120	1.0421533790520965
100	120	1.0457007947492438
110	120	1.0494863917380695
120	120	1.053493382983377
130	120	1.0577001997669964
140	120	1.0616365811723922
150	120	1.06707181006261
160	120	1.0707372054695856
170	120	1.0761176695697694
180	120	1.081018132028781
190	120	1.085992830852924
200	120	1.0909284879179684
210	120	1.0960571550186087
220	120	1.1010926550157807
230	120	1.1060884709734502
240	120	1.1110075572537532
250	120	1.1158107793952656
260	120	1.1204573566842535
270	120	1.1249014246405487
280	120	1.1290971476786062
290	120	1.1329902329547425
300	120	1.1365292398649636
310	120	1.1396597657261531
320	120	1.1423249094948358
330	120	1.1444667672352415
340	120	1.1460282417659937
350	120	1.1469517758970154
360	120	1.1471830389030726
370	120	1.1466692018435252
380	120	1.145360927754069
390	120	1.1432134004491854
400	120	1.1401849896112193
410	120	1.1362374266204134
420	120	1.1313314569876862
430	120	1.1254216122099998
440	120	1.1184450512488595
450	120	1.1103043636848722
460	120	1.100839023434279
470	120	1.089782471347912
480	120	1.0766979240382384
490	120	1.0608857777927272
500	120	1.0412535711153623
510	120	1.0161429079179518
520	120	0.9831111631979399
530	120	0.9386903623503446
540	120	0.8781801434914882
550	120	0.7956116360570061
560	120	0.6841315327790822
570	120	0.5371870166195549
580	120	0.35091040930138423
590	120	0.1277513772115354
600	120	-0.11963119033658734
610	120	-0.3667253166588121
620	120	-0.580873259740786
630	120	-0.7310870486258637
640	120	-0.7997921990748514
650	120	-0.7892879860123412
660	120	-0.7187971212476872
670	120	-0.6148386017758519
680	120	-0.5015019558940541
690	120	-0.39521593993398246
700	120	-0.30428858445042706
710	120	-0.23102553578962445
720	120	-0.17429728882833975
730	120	-0.1315038404289446
740	120	-0.0997488092953854
750	120	-0.07640587853650588
760	120	-0.059317950597846406
770	120	-0.04680985181608253
780	120	-0.037624291302374345
790	120	-0.03083738702576281