x1,x2,x3,x4,x5,x6,x7,x8,x9,x10,x11,x12,x13,x14,x15,x16,x17,x18,x19,x20,x21,x22,x23,x24,x25,x26,x27,x28,x29,x30,x31,x32,x33,x34,x35,x36,x37,x38,x39,x40,x41,x42,x43,x44,x45,x46,x47,x48,x49,x50,x51
0.047555721434875686,0.04761390018366175,0.047730269846509986,0.047904853076966465,0.04813767936779817,0.04842877979456992,0.04877817980927202,0.04918589037605643,0.049651897169684045,0.050176148045455386,0.05075853855522005,0.05139889580214347,0.05209696040187554,0.05285236669236424,0.05366462133244769,0.05453308022803248,0.055456924145686835,0.05643513289958071,0.057466458624270876,0.0585493982631619,0.059682165609633145,0.06086266339930389,0.062088455845412234,0.06335674225467207,0.06466433229345005,0.06600762355776232,0.06738258244676616,0.06878472882382018,0.07020912562825635,0.07165037419376377,0.07310261628509904,0.0745595436029413,0.07601441575247078,0.07746008738825286,0.07888904498189245,0.08029345394713434,0.08166521612377484,0.08299603758699581,0.08427750654691099,0.08550118041461215,0.08665868125895511,0.0877417978828718,0.08874259289346395,0.0896535126111289,0.09046749717094951,0.09117808840839065,0.09177953243681383,0.09226687425316206,0.09263604159645702,0.09288391541594071,0.09300838482836896
0.04931102597633602,0.049371132642916635,0.04949135817995576,0.04967172523144211,0.04991226313002589,0.05021300251076458,0.050573967889027356,0.050995168527632244,0.05147658733268511,0.05201816791763291,0.052619799758824165,0.05328130150500985,0.054002402453569145,0.054782722171986965,0.05562174843959483,0.0565188135177669,0.057473068984774535,0.058483459206793445,0.059548693767406985,0.060667219108937645,0.06183718973972559,0.06305643942700905,0.06432245288877328,0.06563233855043833,0.06698280296899532,0.06837012774788985,0.06979014960210994,0.07123824453703419,0.07270931702205463,0.07419779504296815,0.07569763203442473,0.07720231660497404,0.07870489091189388,0.08019797847397217,0.0816738220629578,0.08312433218084093,0.08454114625651782,0.08591569861496369,0.08723930080658238,0.08850323157335205,0.08969883535080928,0.09081762784967727,0.09185140674236483,0.09279236530318552,0.093633206445021,0.0943672543302772,0.09498856059918588,0.09549200240893926,0.09587336925534092,0.09612943606537308,0.09625802011114215
0.051116742995456606,0.05117882803734718,0.051303010328853975,0.051489312512848634,0.05173776383968877,0.05204839446668807,0.05242122801069987,0.05285627203432539,0.053353506640757914,0.053912871173787576,0.0545342489497351,0.05521745006103321,0.055962192290181824,0.056768080165603814,0.05763458224392804,0.0585610066826224,0.05954647529313093,0.060589896269634146,0.06168993574039244,0.06284498855797625,0.06405314863359772,0.06531217922526929,0.06661948375161683,0.06797207760474723,0.06936656185807935,0.07079909926123854,0.07226539370824406,0.07376067379177771,0.07527968151755701,0.07681666708465218,0.07836539073973776,0.07991913263619058,0.08147071167065022,0.08301251400850695,0.08453653204242537,0.08603441423918184,0.08749752620944738,0.08891702276170595,0.09028393082375824,0.09158924230871898,0.09282401584205084,0.09397948586476904,0.0950471771284855,0.09601902222025989,0.09688747950933961,0.09764564874924406,0.09828738108221564,0.09880738056505277,0.09920129411514787,0.09946578727415037,0.09959860320653328
0.052973942623209175,0.05303805752900272,0.05316629960913504,0.05335869151082201,0.05361526234403979,0.05393604192191302,0.054321052910027603,0.05477030119732992,0.05528376407839107,0.05586137659159741,0.05650301583279462,0.057208483182697036,0.05797748475960712,0.05880960980315314,0.05970430730828539,0.06066086084846338,0.06167836192787866,0.06275568179829415,0.06389144224790896,0.0650839854648972,0.0663313434194791,0.06763120731016327,0.06898089737887794,0.07037733389793382,0.07181700991727843,0.07329596655164967,0.07480977163018167,0.07635350269721546,0.07792173523912273,0.07950853712564698,0.08110747043287644,0.08271160140983129,0.08431351975081487,0.08590536785954887,0.08747888087613517,0.08902543803383185,0.09053612543364534,0.09200181041299126,0.09341322709025877,0.09476107213897546,0.09603610997199845,0.09722928539248495,0.09833184199206234,0.09933544368778373,0.10023229686231423,0.10101526991717605,0.10167800724176566,0.10221503435695714,0.1026218511674899,0.1028950103341697,0.10303217857178698
0.0548837117012964,0.05494990907283203,0.055082316162769214,0.05528095562080626,0.05554585648815599,0.055877048188573794,0.05627455251755357,0.05673837367722999,0.05726848614908363,0.05786482066721413,0.05852724800372303,0.059255560754250425,0.06004945318349187,0.06090849899825807,0.06183212727919147,0.06281959660936928,0.06386996756090273,0.06498207374681532,0.06615449170357221,0.06738550982606573,0.06867309684794361,0.07001487030580156,0.07140806541881056,0.07284950513707253,0.07433557201468675,0.0758621826019871,0.07742476541322421,0.07901824323204726,0.08063702086244577,0.08227497925233955,0.08392547720223575,0.08558136146698445,0.08723498647633267,0.08887824428855479,0.09050260582213795,0.09209917354003802,0.09365874623355108,0.09517189561448768,0.09662905451916504,0.09802061583451449,0.09933704101952828,0.10056897661169337,0.1017073765647791,0.10274362800729052,0.10366967754494617,0.10447815509859879,0.10516249185209244,0.10571702923668284,0.1061371154247348,0.10641918672353809,0.10656083095896404
0.05684715403113971,0.05691548761316766,0.057052167154995746,0.05725721538911134,0.05753066127691712,0.05787253389351106,0.05828285419768379,0.05876162471952873,0.05930881716367939,0.0599243578855999,0.06060811130274143,0.06135986112786203,0.06217928962397336,0.06306595470217916,0.06401926521664832,0.06503845427922895,0.06612255100504194,0.06727035061433306,0.0684803834755683,0.06975088309299968,0.0710797536189697,0.07246453733593013,0.07390238254346924,0.07539001268283108,0.07692369723029044,0.07849922527018799,0.08011188265073346,0.08175643362382357,0.08342710807479754,0.0851175953311307,0.08682104568615041,0.08853008070658515,0.09023681331741534,0.0919328785529845,0.09360947585923306,0.09525742334076849,0.0968672243940237,0.09842914670279654,0.09993331317130237,0.10136980401302233,0.10272876884052029,0.10400054702957405,0.10517579416563422,0.10624561213684978,0.10720167984025408,0.10803638129554835,0.10874292788011672,0.10931547112708086,0.10974920274367678,0.1100404389594115,0.11018668618325386
0.05886539065451811,0.05893591530329699,0.05907697704031533,0.05928859867563647,0.05957080914707999,0.05992363720951031,0.060347103011328514,0.06084120743528698,0.06140591941500587,0.062041160944318476,0.06274679004245887,0.06352258141729164,0.06436820516915889,0.06528320320853274,0.0662669638251256,0.06731869424039803,0.06843739149150053,0.06962181172621157,0.07087043822749156,0.07218144848465936,0.07355268071781339,0.07498160033547534,0.07646526683994026,0.07800030188261274,0.0795828592957303,0.08120859771636516,0.08287265693084496,0.08456963880087186,0.08629359400622509,0.08803801539681143,0.08979583949379105,0.09155945680420147,0.09332073237995271,0.0950710373531383,0.09680129232904915,0.0985020231821564,0.10016342968290996,0.10177546686735066,0.10332793876153211,0.10481060382512584,0.10621329062487544,0.1075260222139353,0.10873914681993482,0.1098434724302108,0.11083040196748571,0.11169206600036846,0.11242144920843135,0.11301250725232,0.11346027048015346,0.11376093120991403,0.1139119119096566
0.060939560054024434,0.06101233178709396,0.06115788776729063,0.061376250934260676,0.061667450203357684,0.06203151408306481,0.062468461911765985,0.06297829300517917,0.06356097351076835,0.06421642107674762,0.06494448723935901,0.06574493768754787,0.0666174301677155,0.06756149037894396,0.0685764857281175,0.06966159711337315,0.07081578895234879,0.07203777755241558,0.07332599821524327,0.07467857130271618,0.07609326774678497,0.07756747442377752,0.0790981601057509,0.0806818424272816,0.08231455693116756,0.08399182875829107,0.08570864818524959,0.08745945079693297,0.08923810362276816,0.09103789817114269,0.09285155171033888,0.0946712177123683,0.09648850688710427,0.09829451938760075,0.100079889402617,0.1018348425644425,0.1035492665083921,0.10521279474607363,0.10681490331634752,0.10834501952535162,0.10979264145282851,0.11114746638452894,0.11239952594643372,0.11353932526473351,0.11455798283963162,0.11544736789066698,0.1162002313444077,0.11681032687889238,0.11727251833431347,0.11758287023398623,0.117738718396099
0.0630708183371376,0.06314589436906559,0.06329605905310315,0.06352133543489626,0.06382175248925273,0.0641973384962721,0.06464811207021325,0.06517407096025617,0.06577517857512315,0.066451348192833,0.06720242491876675,0.0680281652584895,0.06892821452601686,0.06990208196774866,0.07094911381133868,0.0720684641944444,0.07325906434795561,0.07451959002377206,0.0758484276371785,0.07724363928691268,0.07870292722711271,0.0802235982079439,0.0818025282679037,0.08343612873829769,0.08512031421653148,0.0868504732795095,0.08862144315440103,0.09042748916113444,0.09226229021152613,0.09411893143509585,0.09598990530261482,0.0978671221785466,0.0997419316873286,0.10160515584178323,0.10344713465492822,0.10525778524876345,0.10702667443260264,0.10874310507341832,0.11039621580453533,0.11197509318545242,0.11346889502875453,0.11486698318061793,0.11615906310118963,0.11733532785053682,0.11838660275403746,0.11930448758645727,0.1200814922470933,0.12071116203949031,0.12118818907896171,0.1215085060150255,0.12166935926571845
0.06526033959431322,0.06533777834650126,0.06549266858500244,0.06572503350602223,0.06603490218689279,0.0664223027194213,0.06688725304711383,0.06742974940151636,0.06804975249865848,0.06874717127615297,0.06952184434707963,0.07037351899464916,0.07130182797339109,0.07230626387482895,0.07338615142429773,0.07454061761506742,0.07576855991225277,0.07706861280702354,0.07843911289004472,0.0798780628816755,0.08138309497974769,0.08295143412232109,0.08457986167096264,0.08626468032853822,0.08800168100546457,0.08978611260716148,0.09161265574523406,0.09347540140035973,0.09536783577685398,0.09728283253787516,0.09921265367030337,0.10114896015261429,0.10308283378115528,0.10500481095255262,0.10690492960436736,0.10877278986497488,0.11059762876467719,0.11236840922017145,0.11407392275803166,0.11570290525618127,0.11724416431307164,0.11868671627103371,0.12001993064484472,0.1212336788780407,0.1223184841355196,0.12326566842082887,0.12406749300801856,0.12471728834898123,0.12520956934760694,0.12554013262005545,0.12570613232296218
0.0675093160523979,0.06758917718758703,0.06774891229523539,0.06798854478491337,0.06830810387929946,0.06870761754086618,0.06918710307079066,0.06974655527793781,0.07038593222486694,0.07110513852802362,0.07190400629093359,0.07278227353672014,0.07373956033047145,0.07477534241979772,0.07588892274993107,0.07707940072887438,0.07834563952025876,0.07968623163275716,0.08109946292707246,0.0825832756048806,0.08413523041841474,0.08575246882295329,0.08743167549819744,0.08916904214735552,0.09096023327410427,0.09280035492617887,0.0946839274537984,0.09660486336390087,0.09855645149427476,0.10053134882550942,0.1025215810369353,0.10451855338848354,0.1065130727985562,0.10849538250595885,0.11045521023849077,0.11238183044090576,0.1142641411914159,0.11609075583975449,0.11785010886435415,0.1195305753033322,0.12112060216519058,0.12260885007333637,0.1239843424115154,0.12523661926319177,0.1263558923152278,0.12733319715029495,0.1281605386917477,0.1288310257302705,0.12933899039694047,0.12968008892546443,0.1298513803135834
0.06981895833503614,0.06990130274415003,0.07006600458595437,0.07031308746762101,0.07064258079379061,0.0710545124841138,0.0715488992923917,0.07212573465048483,0.07278497399292726,0.07352651767383085,0.07435019129995182,0.07525572358306389,0.07624272178635978,0.0773106446319465,0.07845877301138951,0.07968617833261028,0.08099168892986745,0.08237385459131054,0.08383090955462574,0.08536073435902586,0.08696081690261412,0.08862821347182062,0.09035951005346363,0.09215078495827886,0.09399757350101881,0.09589483564308461,0.09783692777349447,0.09981757969935683,0.10182987816550916,0.1038662580822281,0.1059185029927954,0.10797775581261743,0.11003454148835684,0.11207880237542574,0.11409994758200678,0.11608691698039234,0.11802826029300856,0.11991223143831385,0.1217268976240737,0.12346026254680008,0.12510040206404024,0.12663561042407104,0.12805455448231792,0.1293464328563216,0.1305011361702435,0.1315094047005147,0.1323629789913647,0.13305473921078934,0.13357882891188833,0.13393075947456137,0.13410749168054154
0.07219049568112428,0.07227538559150323,0.0724451785576009,0.07269989849788597,0.07303957503719073,0.07346423613538115,0.07397389804282141,0.07456855288077273,0.07524815357638993,0.07601259622691264,0.07686169995759444,0.07779518415396491,0.07881264315543395,0.07991351852790543,0.081097068789541,0.08236233699443445,0.08370811610021998,0.0851329124454338,0.08663490775107037,0.088211919726268,0.08986136205648977,0.09158020412620842,0.09336493116559044,0.09521150572106056,0.09711533106228619,0.09907121779484905,0.10107335457550584,0.10311528425007074,0.10518988658848177,0.10728936903302962,0.10940526687386543,0.11152845407860508,0.1136491662896919,0.11575703699937082,0.11784114819475132,0.11989009602840348,0.12189207218821822,0.12383496101158849,0.12570645195230748,0.12749416659575247,0.12918579870596114,0.13076926526317395,0.13223286585872765,0.13356544718501395,0.1347565689570559,0.13579666696737352,0.13667720911408043,0.1373908397039639,0.13793150775071297,0.13829457519412935,0.13847690143769367
0.07462517625685204,0.07471267514586434,0.0748876862806077,0.07515023387421531,0.07550034787646967,0.07593805629452705,0.07646337502649467,0.07707629495701092,0.07777676654705973,0.07856468172128701,0.07943985314590969,0.08040199083701895,0.0814506761830592,0.08258533336634055,0.08380519832173133,0.08510928534250307,0.08649635146514442,0.08796485892694013,0.0895129359649138,0.09113833635543353,0.09283839811810726,0.09461000202679327,0.09644953053765895,0.09835282792357693,0.10031516258300632,0.10233119242783299,0.10439493456693193,0.10649974049241001,0.10863827805852391,0.11080252170909492,0.11298375231342028,0.1151725680471396,0.1173589077660582,0.11953208799101428,0.12168085479465388,0.12379345124075859,0.12585770106773156,0.12786110863523195,0.12979097483358418,0.1316345280508673,0.1333790687210108,0.1350121253352592,0.13652161910205318,0.13789603412845713,0.13912458897474342,0.1401974055211247,0.1411056704365944,0.14184178476387446,0.14239949677675173,0.14277401420990407,0.1429620918779079
0.07712426729980766,0.07721444001425454,0.07739479901844508,0.0776653688747905,0.07802617990742383,0.07847726031055252,0.07901862565274113,0.0796502656995482,0.08037212853577498,0.08118410199266313,0.08208599230296204,0.08307750011121433,0.08415819377273058,0.0853274799632226,0.08658457176293576,0.08792845433642306,0.08935784829037756,0.09087117103310799,0.09246649645253993,0.09414151320504877,0.09589348224305515,0.09771919401096779,0.09961492606922144,0.10157640198249265,0.10359875234690213,0.10567647901595317,0.1078034236324945,0.10997274192439092,0.11217688477884352,0.11440758798225503,0.11665587166664781,0.11891205124923973,0.12116576114511932,0.12340599257230807,0.1256211467133877,0.12779910392877292,0.12992730981215997,0.1319928780697808,0.13398270991948918,0.1358836291585776,0.13768253133180083,0.13936654485528252,0.14092320117038798,0.1423406107102084,0.14360764038467222,0.1447140883724674,0.14565085133956382,0.14641007935815997,0.1469853135997946,0.14737160265845292,0.14756559342279948
0.07968905544318329,0.07978196816876501,0.07996780746171418,0.0802465982813827,0.08061837139228681,0.08108315524122128,0.08164096520473467,0.08229179002413459,0.08303557550485434,0.08387220542966338,0.08480147968497682,0.08582308956091758,0.08693659029674913,0.0881413709352293,0.08943662146838374,0.090821297586865,0.09229408292143568,0.09385334937124248,0.09549711557436301,0.09722300392836478,0.09902819688810455,0.1009093927969548,0.1028627622394647,0.10488390556014308,0.10696781263963971,0.10910882578600482,0.11130060728820193,0.11353611250842012,0.11580757028402786,0.11810647194803,0.12042357047982817,0.12274889138186708,0.12507175680898566,0.1273808241524662,0.1296641404781274,0.13190921362127978,0.13410310055555133,0.13623251335978917,0.13828394215659542,0.1402437944546416,0.14209854900538338,0.14383492219977417,0.14544004400111266,0.146901639733696,0.14820821384835695,0.14934923074731346,0.15031528796300733,0.15109827667815953,0.15169152437294472,0.15208991545523895,0.1522899853587715
0.08232084689724074,0.08241656722409278,0.08260802199053989,0.08289523664422811,0.0832782424263004,0.08375706817503085,0.08433172914743897,0.08500221319177792,0.08576846393676157,0.08663036122268697,0.08758769864983391,0.08864015814819597,0.08978728184322375,0.09102844098907267,0.09236280230249752,0.09378929159077339,0.09530655506847338,0.0969129184128763,0.0986063440986772,0.10038438714704545,0.10224415005138444,0.10418223732228672,0.10619471043575966,0.10827704399051928,0.11042408412007582,0.11263001018361389,0.11488830101449142,0.11719170705420956,0.11953222987148998,0.12190111041255773,0.12428882794759757,0.12668511077623668,0.12907896079367953,0.1314586928140248,0.1338119903787845,0.1361259786344727,0.13838731526876127,0.14058229942241324,0.14269699843053008,0.14471739140808523,0.14662952809545576,0.14841970059980938,0.1500746252582308,0.15158163058826463,0.15292884735808196,0.1541053957908046,0.15510156494544872,0.15590897887296706,0.1565207445966775,0.15693157704518398,0.15713789668836445
0.08502096768501825,0.0851195646307979,0.08531677290680223,0.08561261847987772,0.08600713322580075,0.08650034642223565,0.08709227333873822,0.08778290105835228,0.08857217113956863,0.08945995963275723,0.09044605386919134,0.09153012651058515,0.09271170648615967,0.09399014721032986,0.09536459185908366,0.09683393607791407,0.09839678812626902,0.10005142682045759,0.10179575754063253,0.10362726680305195,0.10554297569700137,0.10753939312957544,0.10961246932714322,0.11175755056735422,0.11396933624276767,0.11624183919272592,0.1185683507380688,0.1209414117187381,0.12335279103428054,0.12579347332850885,0.12825365738746497,0.13072276690187465,0.13318947527457445,0.13564174584023453,0.1380668889096317,0.1404516366246185,0.14278223633438417,0.14504456266491572,0.1472242481338306,0.1493068310594352,0.15127791953570363,0.1531233687972391,0.15482946906754086,0.15638313990627478,0.15777212689797263,0.15898519537894318,0.16001231618825743,0.16084483783735495,0.1614756398586052,0.16189926227102266,0.16211200687784036
0.08779076397745866,0.08789230795941765,0.08809541064539127,0.08840009859093441,0.0888064043472929,0.08931435776942032,0.08992397429269884,0.09063524031303549,0.09144809552436728,0.09236241222015346,0.09337797164611239,0.09449443716899272,0.0957113245696968,0.09702796929021319,0.09844349082438855,0.09995675427711491,0.10156632948701093,0.10327044772910586,0.10506695644225297,0.10695327243990226,0.1089263340096127,0.1109825526503781,0.11311776516208563,0.11532718693696734,0.11760536754941026,0.11994614973130548,0.1223426331526386,0.12478714424481305,0.12727121387354362,0.12978556420741835,0.13232010669360036,0.13486395280836663,0.137405439089071,0.13993216822420707,0.1424310674064189,0.14488846512240058,0.1472901870966114,0.14962167158193893,0.15186810382056168,0.154014568630528,0.15604621949305242,0.15794846174858307,0.15970714662023916,0.16130877228400065,0.16274068720026794,0.1639912907791672,0.16505022562793262,0.1659085559841822,0.16655892663058522,0.16699569707607884,0.1672150466604973
0.09063160218103922,0.0907361651096114,0.09094530605025333,0.0912590522125163,0.09167743693470078,0.09220049075082933,0.09282822939889239,0.09356063876912588,0.09439765677332972,0.09533915215334947,0.09638490011862487,0.09753455485115896,0.09878761896566188,0.10014340987484817,0.10160102316526673,0.10315929314477348,0.10481675075701363,0.10657157906597667,0.10842156668435404,0.11036405957131201,0.11239591175400677,0.11451343555211693,0.11671235216232832,0.1189877434553623,0.1213340060858847,0.12374480906615037,0.12621305615035047,0.12873085455412292,0.13128949154051361,0.13387942056292382,0.13649025876505416,0.13911079759106187,0.1417290281669261,0.14433218315137555,0.14690679649035576,0.14943878210139555,0.1519135324700477,0.15431603728128337,0.1566310217899348,0.1588431041864501,0.16093696999137813,0.16289756123719734,0.16471027695165852,0.16636118100079034,0.167837212497497,0.16912639346831101,0.17021802798443209,0.17110288700600434,0.17177337303752913,0.17222365933563147,0.1724497987836329
0.09354486928009872,0.09365252456523027,0.09386785059830634,0.09419087531424451,0.09462163294886808,0.09516015485999425,0.09580645719893821,0.0965605255219248,0.09742229615311536,0.09839163438476965,0.09946830953402973,0.10065196668615521,0.10194209532081859,0.10333799473457525,0.10483873647299746,0.1064431237400766,0.10814964812808944,0.10995644382891454,0.11186123975228685,0.1138613099077164,0.115953422554997,0.11813378905831276,0.12039801280861157,0.12274103950821226,0.12515710975116393,0.1276397151193477,0.1301815591909367,0.13277452501670525,0.13540965062054716,0.13807711437113196,0.1407662319791566,0.14346546689997156,0.14616245607204362,0.14884405254625002,0.15149638661226075,0.15410494646450554,0.156654679461518,0.1591301141362907,0.16151550271063947,0.16379498323144545,0.16595275955942185,0.16797329660819788,0.16984152755641438,0.17154306869503172,0.1730644371542576,0.17439326579988287,0.17551850948864856,0.17643063657946315,0.17712179960746893,0.1775859795577049,0.1778190988133483
0.09653197304325177,0.09664279559675944,0.09686445661032228,0.09719698481075327,0.09764041542709624,0.09819478077402137,0.09886009760818457,0.0996363512918087,0.10052347671905087,0.10152133594247459,0.10262969252085136,0.10384818252399698,0.10517628233452748,0.1066132731104972,0.10815820221276908,0.10980984143277962,0.11156664258048728,0.11342669037044295,0.11538765312977584,0.1174467317203186,0.11960060727239287,0.12184538830853747,0.12417655822694076,0.12658892387950088,0.1290765666303308,0.1316327968838328,0.13425011367792458,0.13692017086600905,0.13963375153118102,0.14238075245825038,0.14515018059429236,0.14793016331399514,0.15070797440524877,0.15347007751230407,0.1562021885936067,0.15888935864843004,0.16151607772302887,0.16406640031236724,0.16652409217380473,0.16887279733610167,0.17109622386629192,0.17317834536176155,0.17510361508410627,0.17685718809820727,0.17842514646991028,0.17979472174978706,0.18095450861360957,0.18189466319069478,0.1826070800337876,0.18308554169991262,0.1833258358643828
0.09959434223849123,0.09970840852991712,0.09993655751878146,0.10027881878994942,0.10073522869328236,0.10130582063621643,0.10199061213465901,0.10278958857751912,0.10370268359974083,0.10472975620769685,0.10587056431635235,0.10712473513883078,0.10849173200748545,0.10997081795068238,0.11156101594933189,0.11326106618297653,0.11506938022956402,0.11698399269975213,0.11900251046784814,0.12112206014655286,0.1233392342281426,0.12565003662924726,0.1280498284749348,0.13053327509273235,0.13309429537327278,0.1357260147585173,0.13842072333596578,0.14116984064982835,0.14396388897778217,0.14679247691440864,0.14964429521833497,0.15250712687278126,0.1553678733612214,0.15821259884745162,0.1610265940525061,0.16379446107571666,0.16650022008809773,0.16912743835234123,0.17165938129275443,0.17407918472444484,0.1763700463353691,0.17851543380662596,0.1804993060022508,0.18230634263216683,0.18392217728118843,0.18533362764144193,0.18652891679860265,0.18749787879007093,0.18823214189499973,0.18872528388092213,0.18897295335402825
0.1027334268477945,0.10285081495355812,0.10308560807329367,0.1034378367564148,0.10390753858220667,0.10449474823283367,0.10519948416107255,0.10602173194288345,0.10696142420869488,0.10801841705894606,0.10919246301117708,0.11048318050696639,0.11189001992298524,0.11341222612539144,0.11504879768100931,0.11679844283886745,0.11865953258209556,0.12063005075787643,0.12270754196625913,0.12488905744329253,0.12717109958242118,0.12954956584582408,0.13201969287323057,0.13457600170931974,0.1372122455101991,0.1399213609247499,0.14269542457848455,0.14552561652447024,0.14840219229314436,0.15131446552758726,0.15425080320496715,0.15719863546845522,0.1601444820780222,0.1630739974794653,0.165972035991923,0.16882273871492154,0.17160964313787117,0.1743158156797755,0.176924007294074,0.17941683086649582,0.1817769587712445,0.18398733771644418,0.18603141722532968,0.18789338715696,0.18955841869885942,0.1910129027827716,0.19224467917975463,0.193243249543879,0.193999967417975,0.1945081991366031,0.19476344975505003
0.10595069835359598,0.10607148793279057,0.10631308455160482,0.10667551983211067,0.10715883271061409,0.10776305926415733,0.10848821911585908,0.10933429824706045,0.11030122847233907,0.11138886321694268,0.11259694978394137,0.11392509802421369,0.11537274545643253,0.1169391187746177,0.11862319203531338,0.12042364138574642,0.12233879676329505,0.12436659069262361,0.12650450463340288,0.1287495133140343,0.131098027603719,0.13354583666151879,0.13608805034259708,0.13871904267538035,0.14143239782127445,0.14422085967734838,0.14707628687309135,0.14998961468272595,0.15295082583802835,0.15594893216429845,0.15897196909890454,0.16200700526862521,0.1650401691780145,0.16805669499597536,0.1710409891894146,0.17397671955202296,0.17684692766124344,0.1796341652002124,0.18232065402861877,0.18488846905406991,0.18731974193055448,0.18959688288733872,0.1917028167608423,0.1936212285483735,0.19533681277289225,0.19683552020820466,0.198104795246014,0.19913379655099958,0.1999135941306933,0.20043733608407777,0.2007003792980911
0.10924764989431131,0.10937192223971783,0.10962048503179542,0.10999337102621805,0.11049062064465415,0.1111122715793395,0.11185834475580016,0.11272882685008545,0.11372364907316997,0.11484266242447008,0.11608560918671205,0.11745209079297583,0.11894153201763119,0.12055314146981747,0.1222858685911642,0.12413835719858879,0.1261088958274891,0.12819536510570073,0.13039518253008683,0.1327052451905301,0.13512187094799108,0.13764073885343903,0.14025682968271241,0.14296436767933002,0.14575676463041493,0.14862656776345148,0.15156541307373214,0.15456398569681865,0.15761198939797838,0.16069812716441664,0.16381009499063523,0.1669345911699225,0.17005734314581428,0.1731631540349561,0.17623597073581881,0.17925897507970845,0.1822146992284222,0.18508516578127568,0.18785205255798834,0.19049688097459097,0.19300122612421836,0.19534694580157935,0.1975164243297893,0.19949282640467933,0.2012603551061141,0.20280450730300528,0.20411231949761566,0.20517259648535985,0.20597611559927828,0.20651579968717837,0.20678685263832855
0.11262579647894358,0.1127536345887729,0.1130093295597206,0.11339291538619356,0.11390443415817786,0.11454392531318221,0.11531141136883961,0.11620687987091906,0.11723026170606553,0.11838140568518445,0.11966004931468116,0.12106578582978034,0.1225980273618319,0.12425596450845049,0.12603852205390145,0.12794431129898276,0.12997157903478476,0.13211815338238106,0.13438138708144928,0.13675809848785675,0.1392445109870827,0.14183619164056957,0.1445279899008375,0.14731397738336982,0.15018739013731291,0.15314057472596318,0.15616493978610224,0.15925091487636991,0.16238791851733334,0.16556433770845427,0.16876752096127126,0.17198378718737062,0.17519845275129628,0.17839587872994978,0.18155954044771008,0.1846721207829383,0.18771562861368635,0.19067154277944257,0.19352098165212966,0.1962448972320292,0.1988242917708964,0.201240454171732,0.20347521193850052,0.20551119357055175,0.2073320954885957,0.20892294645230497,0.2102703621677235,0.21136278227264393,0.21219068205716976,0.2127467518514858,0.21302603758431551
0.11608667530123493,0.11621816382761742,0.11648116038521332,0.11687570028871035,0.11740182742103016,0.1180595832258579,0.11884899198595898,0.11977004237276061,0.1208226652331889,0.12200670748703348,0.1233219020839498,0.12476783426883852,0.1263439037505936,0.12804928313429562,0.12988287255578249,0.13184325062757618,0.13392862203886535,0.13613676190164173,0.1384649573472961,0.1409099468944881,0.1434678580240803,0.14613414396701765,0.14890352050586025,0.15176990380131186,0.15472635075628904,0.15776500322043494,0.16087703769445824,0.16405262260104556,0.16728088486513693,0.17054988820953745,0.17384662542202106,0.1771570268355625,0.18046598750462378,0.1837574151823491,0.18701430132205657,0.19021881657175732,0.1933524323045327,0.19639606850909888,0.1993302683254182,0.20213539789787696,0.2047918699066328,0.20728038748555216,0.20958220447987963,0.21167939680707537,0.21355513852943,0.21519397564929788,0.21658208977787438,0.21770754373920048,0.2185605010927567,0.21913341212512,0.21942115971275492
0.11963184580036194,0.11976707116887653,0.12003754217346346,0.12044329559580293,0.12098437727733033,0.12166083082752756,0.12247268257009047,0.12341992260421632,0.12450248200881436,0.12572020603138478,0.12707282342826096,0.12855991166750852,0.13018085820139197,0.13193481777973615,0.1338206658672373,0.13583694825644846,0.13798182721268537,0.14025302428453104,0.14264776023993397,0.14516269264759654,0.14779385163539044,0.15053657474007817,0.1533854417526906,0.1563342105272113,0.15937575538762178,0.16250200930029704,0.16570391186112343,0.16897136468038385,0.17229319659322845,0.17565714064952717,0.179049825515102,0.1824567835510463,0.18586247799435546,0.1892503518038485,0.19260289995289617,0.19590176726189337,0.19912787297060697,0.20226156275950524,0.2052827882620222,0.20817131298864414,0.21090694277877728,0.2134697775663938,0.21584048026600988,0.21800055729840914,0.21993264419951553,0.2216207890833289,0.22305072574964901,0.22421012819367614,0.22508883820022885,0.22567905828993057,0.22597550297321975
0.1232628900016493,0.12340194037148043,0.12368006220448102,0.12409729388647804,0.12465368334898948,0.12534927662037773,0.1261841023092921,0.12715815221626373,0.1282713579542969,0.12952356345694113,0.13091449353346493,0.13244371816169556,0.13411061274144787,0.13591431430196296,0.13785367364784218,0.13992720363164413,0.14213302381826876,0.1444688016677322,0.14693169080629864,0.1495182667727317,0.15222446088224278,0.15504549314761237,0.1579758049821054,0.16100899309358108,0.16413774569942746,0.1673537827792935,0.1706478020482106,0.1740094326397717,0.17742719864716716,0.1808884949183676,0.18437957744613792,0.18788557097507413,0.19139049630871402,0.19487731976104752,0.19832802695831467,0.20172372294252966,0.20504475984500542,0.20827089316430697,0.21138146635322502,0.21435562296941923,0.21717254425571023,0.21981170906162756,0.22225317153643154,0.22447785119432176,0.22646782837719467,0.22820663770514296,0.22967955099325624,0.23087384099164437,0.23177901740229429,0.23238702694002739,0.23269241030354768
0.12698141260047596,0.12712437793615586,0.1274103305925431,0.1278393106329672,0.12841136832900957,0.1291265523102477,0.129984893750923,0.13098638644843405,0.13213096288202925,0.13341846603498364,0.13484861704691245,0.13642097869522843,0.13813491458633836,0.13998954417772141,0.14198369365323046,0.14411584283779988,0.14638406829814635,0.1487859829372844,0.15131867247011618,0.15397862931294876,0.1567616845817717,0.15966293884199598,0.162676692825549,0.16579637916725562,0.16901449645484473,0.17232254745055653,0.1757109830413312,0.17916915403956093,0.18268527310309815,0.1862463891632399,0.18983837680861274,0.19344594340639745,0.197052656359171,0.200640993310579,0.20419241734859012,0.20768747940253793,0.21110594920040476,0.2144269757170108,0.21762927710801902,0.22069135917029725,0.22359176034467787,0.22630931993118303,0.2288234649793284,0.23111451014627254,0.23316396337676337,0.23495482972994963,0.23647190439719265,0.2377020461015998,0.238634421762181,0.2392607140261777,0.23957528414097337
0.13078904125756027,0.13093601333132718,0.13122998042831288,0.1316709844319651,0.1322590781131765,0.13299431295967126,0.13387672299006004,0.13490630433857745,0.136082990686465,0.13740662437355167,0.1388769232756768,0.14049344326301363,0.14225553639394936,0.1441623047395144,0.14621254994709193,0.14840471875118652,0.15073684446451702,0.15320648493363132,0.15581065722528412,0.15854576963389932,0.16140755155501102,0.16439098228939725,0.16749021952065019,0.17069852885845363,0.17400821573259842,0.17741056141801104,0.18089576489808668,0.1844528927660093,0.18806983942381506,0.19173330004239092,0.1954287589366239,0.19914049605062722,0.20285161425008066,0.20654409017370776,0.2101988508675271,0.21379587850098128,0.21731434466433117,0.22073277508799125,0.22402924502559443,0.22718160423321707,0.2301677295922082,0.23296580188048488,0.2355546021521756,0.2379138217034832,0.2400243783940672,0.24186873109977602,0.24343118333776134,0.24469816655824997,0.24565849387962635,0.24630357535080288,0.24662758693015815
0.13468742672668096,0.13483849917272042,0.13514066804582534,0.13559397717591737,0.13619848203316035,0.13695423722991398,0.13786127991587885,0.13891960891500338,0.1401291594494979,0.141489773619761,0.14300116637968685,0.14466288704781743,0.14647427641764144,0.14843441937928603,0.15054209316381412,0.1527957113179893,0.15519326370864067,0.15773225269105176,0.16040962595833938,0.1632217065680605,0.1661641208448514,0.1692317249395752,0.17241853109517022,0.175717634954747,0.17912114521223094,0.18262011730204414,0.18620449321083354,0.1898630493155188,0.19358335479450886,0.19735174309675285,0.20115329917224029,0.2049718653570998,0.208790068570614,0.21258937184142146,0.21635015234781677,0.22005180851924708,0.22367289763980788,0.22719130504203555,0.230584445000472,0.23382949249152524,0.2369036434948293,0.23978440075999988,0.24244987988798947,0.24487912979130233,0.24705245993645852,0.2489517659511565,0.2505608440873078,0.2518656848933412,0.2528547363173588,0.25351912698577134,0.2538528415572429
0.13867824302546852,0.1388335113574144,0.1391440731050278,0.13960997421512333,0.14023127303140248,0.1410080275392278,0.14194027837748044,0.143028027374843,0.1442712117178733,0.14566967364908906,0.1472231255833543,0.1489311106651574,0.15079295874505994,0.15280773775421494,0.15497420061485448,0.1572907277177762,0.15975526524870914,0.1623652596435773,0.1651175885127532,0.16800848868805068,0.17103348196478008,0.17418729945550446,0.17746380562616867,0.18085592317340005,0.18435556038721887,0.18795354254099617,0.19163954939961048,0.1954020610333214,0.19922831435363397,0.20310427293463626,0.20701461315569816,0.21094272929368194,0.2148707607061795,0.218779643891437,0.22264919202816724,0.22645820444118914,0.23018460757196849,0.23380562872270605,0.23729800268977863,0.24063821029591909,0.24380274682935668,0.24676841692270704,0.24951265068631032,0.2520138350167926,0.2542516521952853,0.2562074169357389,0.2578644021999894,0.2592081435437702,0.2602267120104506,0.2609109456879575,0.26125463172953595
0.14276318765323848,0.14292274932337884,0.14324189889140954,0.143720684570232,0.14435916779802183,0.14515741024717185,0.14611545632588613,0.14723331127333475,0.1485109146526306,0.1499481092498197,0.15154460534698558,0.1532999403441478,0.1552134334427363,0.15728413592933008,0.15951077656329712,0.16189170256234037,0.16442481628909386,0.1671075078258207,0.16993658403150652,0.17290819448809508,0.17601775505688733,0.17925986996472137,0.18262825346168446,0.18611565234010444,0.18971377082240104,0.19341319957200595,0.19720335089236263,0.20107240238480859,0.2050072514407789,0.20899348356102446,0.21301535708258118,0.2170558076277821,0.2210964750767366,0.22511775623669178,0.22909888581991683,0.2330180482741062,0.23685252226431855,0.2405788590091896,0.24417309474535462,0.24761099632388173,0.2508683379828083,0.25392120552918834,0.2567463229847804,0.2593213950351374,0.2616254573614077,0.26363922559177994,0.26534543282394146,0.26672914514438695,0.2677780445326829,0.26848266917566055,0.26883660229909767
0.1469439817648855,0.1471079361246922,0.14743587236316774,0.14792784105710838,0.14858390700292196,0.14940413581026066,0.1503885760380769,0.15153723672614228,0.15285006018835123,0.154326890262928,0.1559674355666175,0.1577712280740868,0.15973757681128217,0.1618655166466061,0.16415375237677063,0.16660059809963212,0.16920391220206007,0.1719610280467464,0.17486868107326778,0.17792293259503236,0.1811190911422198,0.18445163219225824,0.18791411740083624,0.19149911463548466,0.19519812032998296,0.19900148607999854,0.2028983513954025,0.20687658510087795,0.2109227378269116,0.21502200851758269,0.21915822792599787,0.22331386213698454,0.2274700394163174,0.2316066034036242,0.23570219553628632,0.23973436927414635,0.24367973812226199,0.24751415868770946,0.25121294908930347,0.254751141852377,0.25810376917061023,0.26124617679885076,0.26415436143332843,0.26680532475667595,0.26917743584526604,0.271250792512082,0.2730075709441828,0.27443235275377154,0.2755124183771842,0.2762379963818124,0.2766024594588529
0.15122237025218319,0.1513908186768056,0.15172774438219797,0.15223320050392206,0.15290725540514227,0.1537499789661606,0.15476142424409392,0.1559416044684364,0.1572904652360972,0.1588078518207661,0.16049347165519268,0.16234685179783812,0.1643672914288318,0.16655380937337083,0.168905086667333,0.17141940437226186,0.17409457673989026,0.17692788009037483,0.17991597778579071,0.18305484191192345,0.18633967226711975,0.18976481371757475,0.19332367291488284,0.1970086357444161,0.20081098716676588,0.2047208351502305,0.20872704103292258,0.21281715847073557,0.21697738389733487,0.2211925211734747,0.22544596364212685,0.22971969680888515,0.23399432493252278,0.2382491247038338,0.2424621291256036,0.246610244172705,0.2506694003816089,0.2546147407289369,0.2584208451562773,0.26206199093794996,0.26551244667503426,0.26874679620578995,0.2717402870784899,0.27446919652700313,0.2769112064747302,0.2790457775859059,0.2808545115336717,0.28232149002192236,0.28343357905461075,0.28418068759522785,0.28455597093075885
0.155600121962238,0.15577316783138828,0.15611928983498824,0.15663854383803227,0.15733100202997946,0.1581967388511088,0.15923581226903352,0.16044824014273293,0.161833971767938,0.16339285441917775,0.16512459480470432,0.16702871554699922,0.1691045064262195,0.17135097057500032,0.1737667655054572,0.17635013935204796,0.17909886215540644,0.18201015283680091,0.18508060210947364,0.18830609181900404,0.19168171167451273,0.19520167407522074,0.19885922824639643,0.20264657507224487,0.20655478421586068,0.2105737154930742,0.2146919465378942,0.21889670943672518,0.22317383884767406,0.22750773481870235,0.23188134333790514,0.2362761580437818,0.24067224650660635,0.24504830440797548,0.24938174081131248,0.2536487973047664,0.2578247032052663,0.26188386836581556,0.2658001139678254,0.2695469405296775,0.27309783091619527,0.2764265845823077,0.27950767744520344,0.28231664025357395,0.28483044656498024,0.2870278999922681,0.28889000959811373,0.29040034123804326,0.2915453331885958,0.29231456447860227,0.29270096597945866
0.16007902984233888,0.16025677857231546,0.1606123077936049,0.16114567628967136,0.16185696029571542,0.16274623918981915,0.16381357621054102,0.16505899433377075,0.16648244704434126,0.1680837841102591,0.1698627120666269,0.17181874960896892,0.17395117757734022,0.17625898377362817,0.17874080253298177,0.18139484912955037,0.18421884936518973,0.18720996448387517,0.19036471188385581,0.1936788822999164,0.19714745396526565,0.20076450495330636,0.2045231246383907,0.2084153258347759,0.2124319591274418,0.2165626315250689,0.22079563144110473,0.22511786278274443,0.22951479080303383,0.23397040286009335,0.23846718742866244,0.24298613476129474,0.24750676281275524,0.2520071718767078,0.2564641312286307,0.26085320074680274,0.2651488898455888,0.26932485526025624,0.2733541382697969,0.27720944056821695,0.28086343654787316,0.2842891181495699,0.2874601665634967,0.2903513433603988,0.29293889189268896,0.2952009382492172,0.29711788016739754,0.2986727512759296,0.29985154840217865,0.3006435100234555,0.3010413353203073
0.16466091103714464,0.16484347010727,0.16520862162541597,0.16575642744792354,0.1664869681595844,0.16740032838720814,0.16849657707670979,0.16977574276251392,0.17123778367859174,0.17288255261990176,0.17470975651526016,0.1767189106355538,0.17890928742413978,0.18127985976374486,0.18382923908934243,0.1865556080265247,0.18945664809182383,0.19252946256544967,0.19577049502523525,0.19917544410132956,0.20273917522913498,0.2064556302939165,0.21031773642269566,0.21431731524023506,0.21844499444981946,0.22269012355299342,0.22704069612539865,0.23148328124880918,0.2360029669591243,0.24058331890893123,0.2452063577113528,0.2498525585041323,0.2545008764214834,0.25912880166309304,0.26371244749294076,0.26822667437982783,0.2726452526664727,0.2769410654754584,0.28108635250503405,0.28505299397327044,0.28881283240960176,0.2923380284955131,0.2956014449193343,0.2985770507285895,0.3012403365865467,0.30356872999041545,0.3055419980979933,0.30714262539313997,0.3083561531576876,0.3091714683341605,0.3095810309482079
0.169347607030803,0.1695350860581449,0.16991007916326167,0.1704726514907221,0.17122288824251503,0.17216087965847418,0.173286700833868,0.17460038638644174,0.17610189979082624,0.17779109747253502,0.17966768732766333,0.18173118181028394,0.18398084542630563,0.1864156366520406,0.18903414435964896,0.19183451871272056,0.19481439696815697,0.19797082419167716,0.2013001695858748,0.2047980387995926,0.2084591831199844,0.21227740642058365,0.21624547111304854,0.2203550045761543,0.2245964077251375,0.2289587678359264,0.2334297779594805,0.2379956655937349,0.2426411336372469,0.2473493168605171,0.25210175746670677,0.2568784035059853,0.2616576338204839,0.2664163134969582,0.2711298832062445,0.2757724858654417,0.2803171331128218,0.2847359134570431,0.2890002427809765,0.29308115653572275,0.29694964140887775,0.30057700239325424,0.30393525923343345,0.3069975644474953,0.3097386329007397,0.31213517174358096,0.3141662977736956,0.3158139289354624,0.31706313637916245,0.31790244426786635,0.31832406571733635
0.17414098375903242,0.174333494470973,0.1747185527308996,0.1752962271833601,0.17606660791316056,0.17702979117183734,0.178185858636824,0.17953485150517626,0.18107673911812938,0.18281138210295922,0.18473848994799213,0.18685757287596802,0.18916788804579351,0.19166838001342618,0.19435761544816538,0.19723371231945278,0.2002942636385852,0.20353625606700887,0.20695598391101577,0.21054895896060324,0.2143098170180116,0.21823222211859436,0.22230876954609605,0.22653088927602494,0.23088875155987432,0.23537117667076643,0.2399655513516596,0.24465775468425582,0.24943209636273922,0.25427127092482765,0.25915633146134137,0.26406668669574723,0.2689801254466524,0.2738728723118292,0.27871967842240863,0.2834939505786807,0.28816792163197835,0.2927128639193582,0.2970993466716874,0.30129753673617593,0.3052775402770134,0.3090097815275273,0.3124654121677161,0.31561674348416774,0.3184376907713397,0.3209042184891123,0.3229947726709498,0.3246906868106396,0.32597654698391954,0.32684050290685823,0.3272745128805261
0.17904293169737237,0.1792405880043434,0.17963593936505784,0.1802290580532533,0.18102003942964584,0.18200898609160968,0.18319598680155985,0.18458108988472793,0.18616427110675587,0.18794539596520046,0.18992417614943533,0.19210012031740006,0.19447247887653443,0.19704018296190634,0.19980177751285744,0.20275534852847246,0.20589844486741046,0.209227994609351,0.21274021667896936,0.21643052814229025,0.22029344804327758,0.22432249871566842,0.2285101058797807,0.23284749901375404,0.23732461371445862,0.2419299984428735,0.2466507278106696,0.25147232549626625,0.25637869984499145,0.2613520956510915,0.26637306593497556,0.27142046767703415,0.2764714855927477,0.2815016881424064,0.2864851195517157,0.29139443152200156,0.296201057500698,0.3008754315930147,0.3053872530115634,0.30970579544271304,0.3138002592633012,0.317640162127035,0.3211957618994484,0.32443850319233536,0.32734147732229996,0.3298798830446937,0.3320314747011321,0.33377698286130647,0.33510049313260987,0.3359897688345559,0.3364365052653497
0.1840553659687969,0.18425828397942257,0.1846641607551122,0.18527307247086744,0.18608511999653887,0.18710041272912678,0.18831904700295657,0.1897410788142191,0.19136649100708356,0.1931951545699953,0.19522678412767827,0.1974608873823362,0.19989670867521686,0.202533166267254,0.20536878379580265,0.20840161563874438,0.2116291665881167,0.2150483060050507,0.21865517699172518,0.22244510103313295,0.22641247913142085,0.23055069011646456,0.23485198769437574,0.23930739766791748,0.24390661706652952,0.24863791761886986,0.2534880558891931,0.25844219311320693,0.2634838279634205,0.2685947458364354,0.2737549885386178,0.2789428485915269,0.28413489230635686,0.28930601596010375,0.2944295391380657,0.29947733900380635,0.3044200285379322,0.309227180980616,0.3138676014755555,0.31830964548280344,0.32252158157597033,0.32647199440863267,0.33013022146203075,0.3334668146443817,0.33645401610173575,0.33906623532639923,0.34128051335572446,0.34307695894810447,0.3444391413431149,0.3453544252046024,0.3458142344223963
0.18918022641123658,0.1893885244694459,0.18980516347494503,0.19043022368695486,0.19126381185347377,0.19230604457948802,0.1935570262613893,0.19501682118991437,0.19668541992015892,0.1985626996357225,0.20064837855700587,0.20294196420511945,0.20544269544904067,0.20814947833825395,0.2110608156936911,0.21417473060430392,0.21748868395339108,0.22099948626512314,0.22470320437743382,0.22859506342497887,0.23266934506468767,0.23691928282268815,0.24133695595226984,0.24591318340405258,0.25063741964531816,0.2554976547398135,0.26048032119255027,0.26557021066375613,0.2707504037086367,0.27600221646171347,0.2813051681975358,0.28663697401297134,0.29197356719303824,0.2972891554563324,0.30255631563394375,0.3077461304340144,0.3128283707780164,0.3177717258419012,0.32254408216621705,0.32711285113676225,0.3314453428753986,0.3355091818864676,0.33927275803589185,0.3427057037425112,0.3457793861774506,0.34846740129490134,0.35074605469646186,0.35259481382154095,0.3539967153204532,0.35493871253626463,0.3554119493351528
0.19441947764373543,0.19463327637096348,0.19506091892212576,0.19570248994103653,0.19655810233224655,0.19762788038299647,0.1989119370751648,0.20041034560446394,0.20212310488495455,0.20405009904545693,0.20619105065720406,0.20854546776907118,0.21111258452199805,0.21389129535129264,0.21688008282038282,0.2200769391120815,0.2234792813667748,0.2270838612294715,0.23088666885867368,0.23488283225003173,0.23906651246448485,0.24343079592105143,0.2479675850015665,0.2526674885967097,0.25751971457132455,0.2625119663268657,0.26763034629590965,0.27285926923407555,0.2781813890272914,0.2835775425354867,0.2890267149320251,0.29450603072586945,0.29999077519178596,0.30545445079103073,0.3108688730352546,0.3162043098346511,0.3214296679506008,0.3265127287593202,0.331420434918871,0.3361192273609982,0.34057543038080956,0.344755680463782,0.34862739192001746,0.3521592501814651,0.355321720973669,0.3580875617436721,0.36043231997137687,0.36233480177601524,0.3637774945199493,0.3647469272500473,0.3652339549429576
0.19977510911001745,0.1999945314048331,0.200433423458913,0.20109187448448876,0.20197000392681977,0.2030679441857304,0.20438581741977685,0.20592370632307225,0.2076816189116338,0.20965944698412398,0.21185691823439584,0.21427354203421192,0.2169085485251919,0.21976082122776808,0.22282882300628717,0.2261105155545957,0.2296032725299535,0.23330378658500883,0.23720797089361728,0.24131085553542306,0.24560647976854139,0.2500877810748332,0.25474648252643556,0.25957297976379196,0.2645562299642196,0.2696836448552255,0.2749409905816891,0.2803122976934197,0.285779784645949,0.2913237988742033,0.2969227796466505,0.30255324740313605,0.3081898241986932,0.3138052901332902,0.3193706804257965,0.32485542738941076,0.3302275509379908,0.3354539003501101,0.3405004485776092,0.3453326389619845,0.3499157819356374,0.3542154973724185,0.3581981953712898,0.36183158616076083,0.3650852068119882,0.36793095077402604,0.37034358402356193,0.3723012309237844,0.3737858123729164,0.37478341983975505,0.37528461036196603
0.2052491351328519,0.20547430624009339,0.20592469838507177,0.2066004056192691,0.20750155428959882,0.20862828538385453,0.20998073077099277,0.21155898338105755,0.21336306099979646,0.21539286388376191,0.2176481256868749,0.2201283578929501,0.22283278744263685,0.22576028764823977,0.2289093022972457,0.23227776305763223,0.23586300032906185,0.23966164784666746,0.2436695413967597,0.24788161242989826,0.25229177717108187,0.25689282243538025,0.26167628947226784,0.26663235747271935,0.27174972886067655,0.2770155185186711,0.2824151501319422,0.28793226252744064,0.2935486299037709,0.29924409984315736,0.3049965537585023,0.31078189428027947,0.3165740646585922,0.32234510519031445,0.3280652514161078,0.3337030787098501,0.3392256970082002,0.3445989985236756,0.34978796005085144,0.35475699953750245,0.35947038482638644,0.3638926898400028,0.36798929110994033,0.3717268947258076,0.37507408125869945,0.3780018539428542,0.38048417338466217,0.38249846115279174,0.3840260541790728,0.38505259275609605,0.385568326640413
0.21084359492547255,0.21107464243525464,0.2115367899939766,0.21223013672497482,0.21315481627636393,0.21431097869705812,0.21569876620228887,0.21731828254835311,0.21916955613090755,0.22125249647763878,0.2235668440132977,0.2261121131939134,0.22888752858233885,0.23189195403952,0.23512381494013418,0.23858101342600316,0.24226083693609093,0.24615986028789089,0.25027384163415983,0.2545976130634353,0.25912496657777034,0.2638485365225782,0.2687596799132375,0.27384835623951803,0.2791030089952963,0.2845104511082933,0.29005575746646206,0.29572216757914627,0.3014910023484998,0.30734159901627156,0.31325126886281274,0.31919528269900677,0.325146889093517,0.3310773706648837,0.33695614346551506,0.3427509041455209,0.34842782890625745,0.3539518274132757,0.3592868531304533,0.364396270176592,0.3692432743187416,0.37379136353097747,0.37800485063385497,0.38184940795300104,0.38529263103396105,0.3883046060734929,0.3908584638631941,0.39293090171424044,0.3945026546175324,0.39555889777505726,0.3960895641659619
0.21656055259691478,0.21679760648174107,0.2172717695552345,0.21798314626939325,0.21893187794192595,0.2201181242226719,0.22154203823937996,0.22320373535991703,0.2251032553271308,0.22724051775904422,0.22961527078835575,0.2322270327073188,0.23507502655308443,0.2381581075549386,0.2414746833538179,0.24502262709973172,0.24879918363486975,0.25280086891444414,0.25702336317093705,0.2614613984788535,0.2661086414279683,0.2709575721384631,0.2759993609006255,0.281223744293734,0.2866189026577437,0.2921713417674794,0.29786578128349134,0.3036850537089315,0.30961001750708317,0.3156194887700956,0.3216901962228165,0.32779676454333956,0.3339117313790744,0.340005603465942,0.3460469570871345,0.3520025878081262,0.3578377138680598,0.36351623620431556,0.36900105719488413,0.3742544579666182,0.3792385320367895,0.3839156706477906,0.3882490920990747,0.39220340464503467,0.39574518959726174,0.39884358868653186,0.4014708778993914,0.40360300832137674,0.40522009472854126,0.40630683297715847,0.40685282959431734
0.22240209713637643,0.22264528981009696,0.22313173333479253,0.22386153777474074,0.22483485254521532,0.22605184737373143,0.2275126869914159,0.22921749907303438,0.2311663355326685,0.23335912699345324,0.23579563014788074,0.238475368089722,0.24139756324011294,0.24456106299664268,0.24796425803072356,0.2516049930968324,0.2554804707801052,0.25958714830032514,0.2639206277598102,0.2684755405117883,0.2732454265989128,0.27822261015000843,0.2833980723033233,0.2887613233715224,0.2943002763928701,0.30000112465256484,0.3058482261341512,0.31182399846007075,0.3179088283420211,0.3240809997768941,0.3303166462119485,0.33658973160336697,0.342872066114279,0.34913336193370653,0.35534133483268227,0.3614618564925319,0.3674591622956243,0.3732961177134037,0.3789345455952749,0.38433561419859785,0.38946028391290277,0.39426980775914117,0.39872627799388227,0.40279320776083927,0.40643613431459513,0.4096232269415836,0.4123258812803286,0.4145192798348244,0.41618289843881956,0.41730093917796524,0.4178626722268619
0.22837034239807477,0.228619808713652,0.22911880251972022,0.2298674398094706,0.2308658784640105,0.23211429888245258,0.23361287801668207,0.23536175662908784,0.23736099964590895,0.23961054959626657,0.24211017271337898,0.24485939781624724,0.24785744766610032,0.2511031627414963,0.25459491748520463,0.25833052887429475,0.26230715769622304,0.2665212025458116,0.2709681871618658,0.2756426415978061,0.28053797819036563,0.28564636332789156,0.29095858651056217,0.29646392848589886,0.30215003073136903,0.30800276868173565,0.3140061320281076,0.3201421155910278,0.3263906247931092,0.3327294004220196,0.33913396765029025,0.34557761483101307,0.35203140768220165,0.3584642448007701,0.3648429602224222,0.37113247838912994,0.3772960263572452,0.3832954067788678,0.38909133381866756,0.3946438323107537,0.39991269790824824,0.40485801323475923,0.40944071223088246,0.4136231812987671,0.41736988316750107,0.4206479861039156,0.42342797943427224,0.42568425425867185,0.42739562850688306,0.4285457957528883,0.4291236797870488
0.23446742706947155,0.23472330433846736,0.2352351232334766,0.23600300592372997,0.2370271192077226,0.23830765470987086,0.2398448023023674,0.2416387165784641,0.2436894764090825,0.2459970371236256,0.24856117551023502,0.2513814271148027,0.25445701599910303,0.2577867766533264,0.2613690681074502,0.2652016802591961,0.26928173250396986,0.2736055650081171,0.2781686229932683,0.2829653345893252,0.2879889833196887,0.2932315760548078,0.29868370816678896,0.3043344275566089,0.31017109978228585,0.316179276999692,0.3223425739574408,0.32864255452398405,0.3350586331920819,0.34156799613291206,0.34814554704866946,0.3547638834349423,0.3613933092718915,0.3680018900656984,0.3745555564025435,0.38101826158395363,0.3873521982990682,0.39351807830211677,0.3994754773073237,0.4051832454573461,0.4105999813336234,0.4156845642590417,0.4203967369604302,0.42469772678817197,0.4285508908699233,0.4319223674398752,0.4347817130396336,0.43710250425633357,0.43886288180332156,0.44004601583256325,0.4406404735496241
0.2406955145754511,0.24095794262959105,0.2414828664168775,0.24227041458382353,0.24332076331251262,0.2446341160172937,0.24621067616601217,0.24805061305299894,0.25015402033056133,0.2525208671660404,0.2551509418805786,0.25804378780459847,0.2611986313302562,0.2646143019120074,0.26828914403961174,0.27222092120256836,0.2764067119445333,0.2808427982017221,0.2855245465228174,0.2904462825422508,0.2956011598363644,0.300981024024352,0.30657627388482184,0.31237572106693173,0.318366450856805,0.32453368664078236,0.33086066136912895,0.3373284997614671,0.3439161155271918,0.350600128591175,0.35735480767352856,0.3641520438741824,0.37096136170939936,0.377749973656489,0.3844828846596741,0.39112305235200645,0.3976316084459896,0.403968145082713,0.4100910690214741,0.4159580237495751,0.42152637773475055,0.42675377343359755,0.4315987287583612,0.43602127910601773,0.4399836444733141,0.4434509034668825,0.44639165306147205,0.4487786318624762,0.4505892838555335,0.45180624067679337,0.45241770269868253
0.24705679300049613,0.2473259141976274,0.24786422775387093,0.24867186910556036,0.24974902426669443,0.25109590901636153,0.2527127411827725,0.2545997055842632,0.25675691158407293,0.25918434320502903,0.26188180134526123,0.26484883822452837,0.2680846835929708,0.27158816289430476,0.27535760697758116,0.2793907536825832,0.2836846412070127,0.2882354935255539,0.29303859838001467,0.2980881783681864,0.3033772560063547,0.30889751393195536,0.3146391518060873,0.3205907416091474,0.3267390839494218,0.3330690678527894,0.3395635375608243,0.34620317020231706,0.35296636866707815,0.35982917482748134,0.36676520855556594,0.3737456386709015,0.38073919211701696,0.3877122079308112,0.3946287426459425,0.4014507332125258,0.408138223020468,0.41464965528058334,0.4209422365560994,0.4269723710278,0.43269616333991845,0.4380699847915813,0.443051094314879,0.44759830185719796,0.45167265824240066,0.4552381525094594,0.45826239493739446,0.4607172624454982,0.4625794826068946,0.4638311333458407,0.4644600378523707
0.25355347502389636,0.25382943428634114,0.2543814275983054,0.2552095975380761,0.25631414036948447,0.2576952849058698,0.25935326407855186,0.2612882790313242,0.2635004558748969,0.2659897944863897,0.26875610947092216,0.2717989630072688,0.27511758936793823,0.2787108109727977,0.2825769459930002,0.2867137074230446,0.29111809365373836,0.2957862709900441,0.3007134482972629,0.3058937445755164,0.31132005019770087,0.31698388305858227,0.3228752411542793,0.32898245340654475,0.33529203122358336,0.3417885235578702,0.3484543789268149,0.35526981830485904,0.36221272349352945,0.36925854616989157,0.37638024328799125,0.383548245095465,0.3907304623931604,0.39789233990057116,0.4049969624477708,0.4120052206396853,0.4188760415799111,0.42556668949246035,0.43203313890160644,0.43823052127703344,0.44411364299897366,0.4496375693388747,0.4547582654772646,0.45943328192969685,0.4636224678647912,0.46728869250295874,0.4703985520280335,0.4729230378319419,0.4748381412847344,0.47612537135094146,0.4767721636698361
0.26018779772984235,0.26047074256661584,0.2610367108037593,0.2618858524745476,0.26301837463071137,0.26443451971214893,0.26613453648858465,0.26811864341367786,0.27038698426646723,0.2729395758655454,0.27577624766556036,0.27889657296508696,0.2822997916574778,0.2859847242734703,0.28994967729656096,0.29419233964229086,0.29870967055874736,0.3034977789474123,0.30855179475475425,0.3138657328609219,0.31943235040091855,0.3252429987880213,0.3312874717782195,0.33755385172967756,0.34402835629736866,0.35069518860211746,0.35753639420795835,0.36453172918813914,0.3716585437979188,0.37889168712316046,0.38620343871878077,0.39356347361640537,0.4009388674908043,0.4082941492951196,0.4155914083153196,0.42279046248533536,0.42984909407077543,0.43672335752459823,0.44336796272030593,0.44973673437317196,0.4557831455311213,0.46146091990986987,0.4667246936220819,0.4715307233483389,0.4758376237968194,0.479607113843915,0.48280474807939516,0.4854006084240307,0.4873699302575913,0.48869363834921,0.489358770432187
0.26696202254251034,0.2672521030453485,0.26783234660686656,0.26870291101768723,0.2698640146146714,0.2713159141165351,0.2730588749578087,0.2750931337477811,0.27741885300387165,0.28003606761540345,0.2829446230015368,0.28614410479517627,0.2896337597039468,0.29341240748059205,0.2974783439232335,0.30182923478149254,0.3064620007484518,0.3113726936994418,0.31655636460736114,0.32200692371244033,0.3277169938457098,0.33367775813547196,0.3398788035261606,0.346307962266324,0.3529511536267287,0.3597922289510034,0.36681282353966926,0.37399221962889834,0.38130722516274485,0.38873207397783105,0.39623835343527747,0.40379496622800887,0.4113681334369989,0.41892144630745304,0.426415974088083,0.4338104351355027,0.4410614375565981,0.4481237945950261,0.4549509181630203,0.46149529143836837,0.46770901845335916,0.47354444528956935,0.4789548432186069,0.4838951403118186,0.4883226837316009,0.49219801139686586,0.49548560874250286,0.49815462431728375,0.5001795178299863,0.5015406146911627,0.5022245445130616
0.27387843495696623,0.2741758038806328,0.2747706284108488,0.27566307448967076,0.27685337221410294,0.278341793283338,0.280128620560184,0.2822141098109723,0.28459844331165723,0.2872816751540331,0.29026366794523817,0.29354402087200093,0.2971219886778229,0.30099639149451496,0.3051655154956904,0.30962700414978894,0.3143777402964238,0.31941371913281086,0.32472991264474943,0.33032012591806803,0.3361768463973604,0.3422910871320256,0.3486522256305162,0.3552478404166,0.3620635476304298,0.3690828408051383,0.37628693747483477,0.38365463687695656,0.3911621936600933,0.39878321339562145,0.4064885760483352,0.4142463944531997,0.4220220151205273,0.4297780690246493,0.4374745803278052,0.44506914015948107,0.45251715246518226,0.4597721571161463,0.4667862340506855,0.47351048945303953,0.4798956220477164,0.48589256368504197,0.49145318463300586,0.4965310492944747,0.501082204116692,0.505065975403194,0.5084457519384629,0.5111897252608211,0.5132715598304883,0.5146709668235937,0.5153741576004104
0.2809393444291943,0.2812441571686422,0.28185387365022274,0.28276866828629443,0.283988783508936,0.2855145066294713,0.28734613881826276,0.2894839559547925,0.29192816114260894,0.2946788288490498,0.2977358401272035,0.3010988089676503,0.3047669993885012,0.3087392331165289,0.3130137878133398,0.3175882855828299,0.32245957209579695,0.32762358627784033,0.33307522110295995,0.3388081760432087,0.3448148020366704,0.35108594021299466,0.3576107559937889,0.3643765704674273,0.3713686918037016,0.3785702495637314,0.38596203580565286,0.3935223573705545,0.40122690433760244,0.4090486406527328,0.4169577232897835,0.42492145721485597,0.43290429380599954,0.44086788067212157,0.4487711710869761,0.45657060065954114,0.4642203384151345,0.4716726179599943,0.47887815251689314,0.4857866352390751,0.49234732262058506,0.49850969525851874,0.5042241859442574,0.5094429602108229,0.5141207305774917,0.5182155812196271,0.5216897771255509,0.5245105293295356,0.5266506879696101,0.5280893353109773,0.5288122546272891
0.2881470841104771,0.2884594987257969,0.2890844234873232,0.2900220416432545,0.29127260846169833,0.2928364276109632,0.29471381940827596,0.2969050808130517,0.29941043691250135,0.30222998372394383,0.30536362202797274,0.30881098189896117,0.3125713379459388,0.3166435147297453,0.3210257824980835,0.32571574297558226,0.33071020538673546,0.3360050527889212,0.34159509916829517,0.34747393784941194,0.3536337821594125,0.36006529947839666,0.36675744034702706,0.37369726470568476,0.3808697677411523,0.3882577087030285,0.3958414462839391,0.4035987852825185,0.4115048396052553,0.4195319178292881,0.4276494378834948,0.4358238783535026,0.4440187743448416,0.4521947663196808,0.46030971021323713,0.46831885703851006,0.4761751094356961,0.48382936105721414,0.4912309230134407,0.49832803868751796,0.5050684849622128,0.5114002538040513,0.5172723038004914,0.5226353664073874,0.5274427871766334,0.5316513779770048,0.5352222531377837,0.5381216203716819,0.5403214967600047,0.541800321522937,0.5425434403222982
0.2955040105785479,0.2958241878637312,0.29646464262847894,0.29742556734768827,0.2987072307053915,0.3003099534169974,0.3022340758402723,0.30447991702640337,0.3070477251780037,0.30993761912779294,0.3131495206274432,0.3166830772246614,0.32053757540852185,0.32471184385101803,0.32920414654685776,0.334012065851752,0.3391323752654096,0.34456090242010073,0.3502923823029665,0.35632030160798184,0.36263673488460224,0.36923217387126933,0.37609535141225203,0.38321306239358527,0.3905699839602206,0.3981484985079142,0.40592852322835904,0.41388735091623746,0.42199950738646547,0.43023663168673043,0.4385673861531905,0.44695740389142496,0.45536928202360133,0.46376262935213963,0.47209417727620817,0.48031796240938474,0.48838558868537163,0.4962465754290463,0.503848795478682,0.5111390051788343,0.5180634639322551,0.5245686373985529,0.530601973193856,0.5361127336268071,0.5410528645241337,0.5453778757389127,0.5490477048332896,0.5520275339228193,0.5542885290676014,0.5558084728375922,0.5565722641813189
0.30301250363142507,0.3033406070456011,0.3039969189794513,0.30498164149948875,0.30629505722784983,0.30793750470913334,0.3099093451975873,0.3122109209204966,0.314842504335809,0.3178042383559465,0.3210960670594396,0.3247176567985322,0.32866830732170627,0.3329468526965184,0.3375515518872788,0.3424799688368889,0.3477288421482868,0.3532939444136603,0.3591699316551447,0.36535018339173864,0.37182663424733603,0.37858959830174527,0.3856275878466808,0.39292712871351826,0.40047257472512426,0.40824592468063337,0.41622664589570546,0.42439150889981875,0.43271443907578117,0.4411663913191944,0.4497152553112539,0.458325799001372,0.4669596590643416,0.4755753874552221,0.48412856302538443,0.49257197731681496,0.5008559025223948,0.5089284484217113,0.5167360128129075,0.5242238271033024,0.5313365950262907,0.5380192180338028,0.5442175961339318,0.549879487611073,0.5549554064481053,0.5593995314802924,0.5631705981694376,0.5662327417322003,0.5685562600727441,0.5701182662668245,0.5709032039947232
0.31067496590325583,0.31101116167284365,0.31168366340091486,0.3126926831337268,0.3140385180534927,0.3157215252323095,0.3177420877907923,0.3201005721498723,0.3227972762426981,0.3258323683316543,0.3292058161846115,0.33291730637966666,0.3369661532992311,0.341351197726209,0.3460706948003536,0.35112219111671944,0.35650239111565313,0.36220701282439705,0.3682306332753808,0.37456652427493187,0.38120647927036183,0.388140632673194,0.3953572732049454,0.4028426535051135,0.41058079860878766,0.4185533167766119,0.42673921674332077,0.43511473617978774,0.4436531872292317,0.4523248255716545,0.46109675055589955,0.4699328445774511,0.47879376075527563,0.487636968139865,0.4964168642266804,0.5050849639766228,0.5135901739034485,0.5218791583103791,0.5298968024651377,0.5375867745008834,0.5448921839318622,0.5517563301401687,0.5581235289983806,0.5639400005426146,0.5691547954407611,0.5737207334960391,0.5775953238778768,0.5807416347160428,0.5831290797119596,0.5847340905300245,0.5855406477024182
0.3184938225437104,0.3188382796359807,0.31952730929153317,0.320561133929586,0.3219400658652507,0.3236644814962233,0.32573478672513095,0.3281513732837689,0.3309145657592691,0.33402455909642303,0.33748134615774594,0.3412846351379694,0.3454337564701574,0.34992755903875095,0.3547642953662766,0.35994149574790035,0.3654558312633263,0.3713029657853214,0.37747739734916225,0.38397228943683437,0.3907792930463246,0.3978883607905732,0.4052875546961402,0.41296284990958526,0.420897937006735,0.429074026495799,0.43746965949540767,0.4460605298070077,0.4548193231089551,0.4637155801609261,0.4727155916894825,0.4817823334845471,0.4908754510872739,0.4999513038137239,0.5089630780535015,0.5178609797794059,0.526592515052054,0.535102865962919,0.54333536712587,0.5512320846080778,0.5587344950040405,0.5657842578286496,0.5723240687645162,0.5782985760222439,0.5836553365762354,0.5883457844244018,0.5923261795904141,0.5955585043705777,0.598011273550579,0.5996602267283685,0.6004888738697775
0.32647152088918396,0.3268244110202031,0.32753031224054235,0.32858945777258636,0.33000217565243223,0.3317688623642406,0.3338899475796649,0.33636584940173475,0.3391969203635465,0.3423833834158067,0.34592525791315937,0.3498222751267643,0.3540737829878433,0.3586786398308309,0.3636350968368722,0.368940669051809,0.374591994957306,0.38058468469900514,0.386913157268236,0.3935704671825475,0.4005481216160799,0.40783588915669816,0.41542160185994137,0.42329095287803975,0.43142729245772554,0.4398114257641212,0.4484214169629583,0.4572324044966988,0.4662164338121431,0.4753423144669992,0.48457550952555173,0.49387806630939407,0.5032085979770473,0.5125223262598747,0.5217711957860866,0.5309040701797378,0.5398670193591436,0.5486037056927623,0.5570558744536629,0.565163950452397,0.5728677386111086,0.5801072210333279,0.5868234378028028,0.592959432765045,0.5984612400708867,0.6032788827274292,0.6073673504544567,0.6106875228535208,0.6132070022498095,0.6149008265237552,0.6157520296777877
0.33461052997847435,0.3349720276467413,0.3356951496344104,0.3367801403701795,0.33822734421634804,0.3400371785901742,0.34221009783283945,0.34474654761327767,0.34764690961874856,0.3509114361889602,0.35454017462017645,0.35853288071270395,0.36288892136092904,0.3676071657381995,0.3726858649242531,0.37812251979261036,0.3839137370001735,0.39005507336413786,0.3965408687066475,0.4033640678890853,0.4105160328172184,0.41798634567355786,0.42576260510209696,0.43383021756497014,0.44217218675027975,0.45076890467542263,0.45959794869413384,0.4686338899342554,0.47784811925724563,0.48720869799768496,0.49668024180959586,0.5062238467957574,0.5157970679201149,0.5253539605642917,0.5348451958641773,0.5442182607587206,0.553417752413915,0.562385775196866,0.5710624457598442,0.5793865082604818,0.5872960572133394,0.594729360280042,0.601625767435218,0.6079266868450376,0.6135766024193068,0.6185241027957772,0.6227228885149357,0.6261327206126557,0.628720278396593,0.6304598903747148,0.6313341089527933
0.34291334017284625,0.34328362264824547,0.34402432016817014,0.3451356887701572,0.34661808977610076,0.3484719623358233,0.3506977864713766,0.3532960365248871,0.3562671246513561,0.3596113339516567,0.3633287411116747,0.36741912796819537,0.3718818818246613,0.37671588409938245,0.38191938705187184,0.38748987840745536,0.3934239337659646,0.3997170569674121,0.4063635085176726,0.41335612283838347,0.4206861149681293,0.4283428781862454,0.4363137740783642,0.4445839174475671,0.45313595896639963,0.46194986915512565,0.4710027283237729,0.48026852775003276,0.489717988673814,0.49931840648623427,0.5090335287670519,0.5188234766612425,0.5286447201798063,0.5384501184386054,0.5481890362931382,0.557807548586987,0.5672487422142403,0.576453124500331,0.5853591437260643,0.5939038237729577,0.6020235103265392,0.6096547202840976,0.6167350801022168,0.6232043326497192,0.6290053860834438,0.6340853738368755,0.6383966893990677,0.6418979642723395,0.6445549450392694,0.6463412439009374,0.6472389283721479
0.35138246262268064,0.3517617099758994,0.35252034335923566,0.35365863086379307,0.35517695141872674,0.35707576668329993,0.3593555833824518,0.36201690571971656,0.36506017757618137,0.3684857142411578,0.3722936232390245,0.3764837139593139,0.381055395596288,0.38600756321877105,0.3913384715071425,0.397045596088478,0.4031254822235813,0.40957358106597513,0.4163840736085318,0.4235496829136512,0.4310614754625723,0.43890865292796327,0.44707833595531893,0.4555553424401882,0.4643219631556553,0.47335773844217705,0.48263924073473186,0.4921398683006264,0.5018296569811309,0.5116751176461333,0.5216391081700945,0.5316807500277131,0.5417554003191639,0.5518146908259333,0.5618066461951278,0.5716758926880705,0.581363968426306,0.5908097439262955,0.5999499589066994,0.6087198773992513,0.6170540582576582,0.6248872322092044,0.632155270348924,0.6387962225288495,0.6447513982685648,0.6499664561971316,0.6543924710769254,0.6579869327944727,0.660714648934172,0.6625485116391389,0.663470101004606
0.36002042877682267,0.36040882385303674,0.36118575902249184,0.3623515148622978,0.3639064885065156,0.36585116500486425,0.36818607880147725,0.37091176510470436,0.3740287008462195,0.37753723491627583,0.38143750716943736,0.3857293560467515,0.390412214120896,0.395484991511797,0.40094594656899085,0.40679254381228896,0.4130212988602859,0.4196276104304915,0.42660557966193835,0.4339478172398678,0.4416452392372728,0.4496868527805842,0.4580595334570546,0.46674779665371613,0.4757335659537891,0.48499594231095977,0.49451097887987744,0.5042514670115074,0.5141867405890547,0.5242825063971402,0.5345007099629256,0.5447994471928725,0.5551329330921299,0.5654515398619017,0.575701916714465,0.5858272036872897,0.595767350702294,0.6054595510129025,0.6148387952899169,0.6238385482525806,0.6323915446199136,0.6404306948214816,0.6478900845526127,0.6547060455179089,0.6608182670827346,0.6661709200505097,0.6707137472432015,0.6744030911265034,0.6772028160152391,0.6790850920572712,0.6800310111690092
0.3688297897845639,0.369227518227021,0.3700231266831999,0.371216908649525,0.3728092801420463,0.3748007504202647,0.3771918826604639,0.3799832442703548,0.38317534657680674,0.38676857345186677,0.3907630986167847,0.3951587910514711,0.39995510819387164,0.40515097659040517,0.41074465949191913,0.41673361129301056,0.4231143185723023,0.42988212776458185,0.43703105972682227,0.4445536116343734,0.4524405470410473,0.4606806753971886,0.46926062276181885,0.47816459604506917,0.4873741438731423,0.49686791804396857,0.5066214403019664,0.5166068804638422,0.5267928528885594,0.5371442397210691,0.5476220503391904,0.5581833278784242,0.5687811148120578,0.5793644900822472,0.5898786909796723,0.6002653325317069,0.610462736057096,0.6204063764616264,0.6300294547070175,0.6392635970892022,0.6480396778230407,0.6562887545343147,0.6639430998952732,0.670937303692573,0.6772094204156748,0.6827021186983756,0.6873638033152064,0.6911496654442691,0.6940226251315107,0.6959541310177101,0.6969247877832814
0.37781311588409544,0.3782203661285296,0.37903502494645985,0.38025739923087226,0.3818879244858914,0.3839271350619388,0.38637562388996166,0.389233991792182,0.39250278577209524,0.39618242618181326,0.4002731220415102,0.40477477439665493,0.40968686703582324,0.4150083442937881,0.4207374754950363,0.4268717058222366,0.4334074933615404,0.4403401323423402,0.44766356278149944,0.4553701669597765,0.4634505536436054,0.47189333116063786,0.4806848712195425,0.489809065823185,0.49924708037115295,0.5089771070671235,0.518974123392499,0.5292096620287665,0.5396515993308125,0.5502639710369728,0.5610068252615923,0.5718361238727677,0.582703704859193,0.5935573188416274,0.6043407533380423,0.614994058352407,0.6254538852593807,0.6356539490363972,0.6455256202241045,0.6549986481782262,0.6640020115236545,0.672464884476995,0.6803177012976126,0.687493291370535,0.6939280594381942,0.6995631648874784,0.7043456707853859,0.7082296171206076,0.7111769819231434,0.7131584954555449,0.7141542779462762
0.38697299574702226,0.3873899589938507,0.388224050845324,0.38947559196161696,0.3911450380652596,0.3932329493963165,0.3957399497223656,0.39866667443521503,0.40201370761098143,0.40578150742657415,0.40997031975707926,0.4145800792029823,0.4196102973205849,0.42505993758022936,0.4309272765379716,0.43720975100361364,0.4439037910313264,0.4510046385572294,0.45850615203146877,0.4664005973148821,0.47467842580132186,0.48332804091115705,0.4923355547895987,0.5016845376147053,0.5113557626579496,0.5213269513429218,0.5315725231977756,0.542063357218164,0.5527665720355839,0.5636453339995355,0.5746587034579628,0.5857615309722836,0.5969044166075117,0.6080337460064438,0.6190918176651264,0.6300170753381483,0.6407444582769779,0.6512058795161751,0.6613308386138884,0.6710471703488773,0.6802819242333219,0.6889623632006777,0.6970170597947233,0.7043770690801168,0.7109771354632042,0.7167569056651614,0.7216621019484387,0.7256456171589261,0.728668493103925,0.730700747561919,0.7317220211108163
0.3963120357465425,0.3967389059866829,0.3975928190598245,0.39887410987392946,0.4005832549817284,0.4027208414310559,0.4052875248259196,0.40828397634125024,0.4117108184370052,0.4155685485924344,0.41985745096071336,0.424577495191147,0.4297282220521651,0.43530861542130445,0.44131696015363525,0.4477506854547777,0.4546061936813054,0.4618786742797047,0.46956190319653524,0.4776480280702205,0.48612734006351266,0.4949880335346534,0.5042159553698313,0.5137943463914718,0.5237035781817257,0.5339208894113339,0.544420126953997,0.5551714984569158,0.5661413439078842,0.5772919358312635,0.5885813187619692,0.599963200312437,0.6113869075005838,0.622797422780056,0.6341355148697922,0.6453379788716078,0.6563379989133624,0.6670656437686214,0.6774485019721694,0.687412457195717,0.6968825983849681,0.7057842512101011,0.7140441098938323,0.7215914411549645,0.7283593256042429,0.7342858980135597,0.7393155452945939,0.7434000215616545,0.7464994418075092,0.7485831202180198,0.749630224492237
0.40583285918888695,0.4062698331701204,0.4071439611755952,0.4084555928240341,0.4102052261617981,0.4123934758856632,0.4150210304768261,0.4180885981295903,0.4215968409580143,0.42554629719268305,0.42993729071969006,0.4347698276859063,0.4400434794435568,0.44575725151163753,0.45190943803807404,0.4584974612888513,0.4655176961302288,0.4729652791183953,0.4808339025504339,0.48911559376369057,0.49780048045657516,0.5068765433299746,0.5163293577597977,0.5261418271005013,0.5362939108587967,0.5467623520455485,0.557520409171307,0.5685375995721523,0.5797794622817014,0.5912073500330749,0.6027782618422762,0.6144447289848098,0.6261547685201087,0.6378519198145448,0.6494753795824365,0.660960250681341,0.6722379184470703,0.6832365650925672,0.6938818286698989,0.7040976068448459,0.7138069992484748,0.722933371534098,0.7314015252186767,0.7391389322542273,0.7460770093408327,0.7521523853490485,0.7573081222368221,0.761494848174752,0.7646717646749522,0.7668074941555977,0.7678807403591102
0.4155381054746297,0.41598538268273433,0.41688012482706077,0.41822269666344963,0.4200136184198981,0.42225353326802834,0.4249431636391326,0.4280832558977423,0.4316745131731334,0.4357175157958067,0.4402126288525109,0.44515989636456316,0.45055892160936534,0.4564087329211897,0.4627076346112818,0.46945304257421966,0.4766413041837144,0.4842675025281198,0.492325244847504,0.5008064357515596,0.5097010358583212,0.5189968070832396,0.5286790464799058,0.5387303110410031,0.5491301369459377,0.5598547576326663,0.5708768262857672,0.5821651496952861,0.5936844420271592,0.605395108579662,0.6172530713541697,0.6292096499641417,0.641211512809307,0.6532007145086104,0.6651148360262303,0.6768872433370171,0.6884474787838133,0.6997217958834014,0.7106338438559192,0.7211055016884569,0.7310578520496189,0.7404122850825053,0.7490916974309358,0.7570217651109151,0.7641322464255913,0.7703582757766456,0.7756416056661096,0.7799317557595744,0.7831870312567436,0.78537537774787,0.786475045945414
0.4254304292168048,0.4258882118491179,0.4268039727711175,0.428178092312546,0.43001111352635857,0.4323037089407829,0.4350566359326616,0.4382706802351473,0.4419465872894314,0.4460849808841924,0.4506862686899205,0.45575053399402976,0.46127741324031424,0.46726595863236264,0.4737144854633219,0.48062040359000197,0.4879800327802427,0.4957884017781404,0.5040390310749719,0.5127236997487468,0.5218321972290738,0.5313520609981894,0.5412683022348193,0.5515631218631966,0.5622156205331582,0.5732015070361851,0.5844928109413264,0.5960576067078984,0.6078597580982599,0.6198586934548986,0.6320092243149245,0.6442614213616388,0.6565605636236985,0.6688471775536662,0.6810571832038346,0.693122164038897,0.7049697748836002,0.7165242989610945,0.7277073597216392,0.7384387867407688,0.7486376240906141,0.7582232707730647,0.7671167148334153,0.7752418397424108,0.7825267566426153,0.78890512252039,0.7943174011847777,0.798712025886024,0.8020464265727368,0.8042878899444232,0.8054142266607367
0.4355124992608425,0.4359809922252675,0.4369181819299083,0.43832446475491177,0.4402004072139414,0.4425467120403255,0.44536417257375693,0.4486536150874689,0.45241582856659834,0.45665148162073194,0.46136102583964916,0.46654458508510194,0.47220183012495803,0.4783318380047392,0.48493293562233547,0.4920025270075472,0.4995369039601561,0.5075310397395727,0.5159783659969585,0.5248705330898333,0.53419715461016,0.5439455372988559,0.5541003981428931,0.5646435713675421,0.5755537087780558,0.5868059781723849,0.5983717657569334,0.6102183902363193,0.6223088375502559,0.6346015276247291,0.6470501259594745,0.6596034149599909,0.6722052415716562,0.6847945588898596,0.697305579479891,0.7096680578919599,0.7218077168928204,0.7336468286690954,0.7451049562348893,0.7560998508400683,0.7665485014438087,0.7763683053065625,0.7854783428890475,0.7938007147449815,0.80126190206232,0.8077941072651137,0.8133365315097426,0.8178365483366012,0.8212507373498018,0.8235457471350578,0.824698963240967
0.44578699766491076,0.4462664085033342,0.4472254423298315,0.4486645119745012,0.4505842080668286,0.4529852643866624,0.45586851123473143,0.45923481652431414,0.4630850140557461,0.4674198185378498,0.4722397267668343,0.47754490438351316,0.48333505756402945,0.4896092890114405,0.4963659377266034,0.5036024019015103,0.5113149446935324,0.5194984824585611,0.5281463555312939,0.5372500818249908,0.5467990938623696,0.5567804605800164,0.5671785956134775,0.5779749548226278,0.589147726622831,0.6006715200575834,0.6125170566444537,0.6246508740304413,0.6370350509822144,0.6496269653851048,0.6623790989396057,0.6752389041858714,0.6881487512813943,0.7010459729910912,0.7138630266376107,0.7265277908359644,0.7389640120931242,0.7510919121381848,0.7628289607004549,0.7740908079008957,0.7847923715683408,0.7948490448773967,0.8041780069405676,0.8126995912430023,0.8203386724262527,0.8270260269964557,0.8326996247342182,0.8373058106998071,0.8408003426094398,0.8431492544643838,0.8443295234501484
0.4562566185980884,0.45674715749320677,0.4577284559876745,0.459200943831838,0.46116523639061957,0.4636220992826559,0.4665724007602015,0.47001705149342593,0.47395693126783284,0.4783928021277311,0.48332520729152983,0.48875435529619804,0.49467998867580804,0.5011012364820615,0.5080164500692598,0.5154230215676713,0.5233171845499266,0.5316937966290405,0.5405461039072592,0.549865487549048,0.5596411931095001,0.5698600438747756,0.5805061399492907,0.5915605460073842,0.6030009712104316,0.6148014465123188,0.6269320056142128,0.6393583779055005,0.652041703418056,0.6649382821260531,0.6779993718317903,0.6911710514137923,0.7043941674416403,0.7176043837776689,0.7307323536389598,0.7437040324793158,0.7564411470377276,0.768861831009083,0.7808814308497587,0.7924134769828568,0.8033708058654758,0.8136668092090653,0.8232167777263981,0.8319393001316199,0.8397576741812031,0.8466012848751981,0.8524069069782304,0.8571198924546346,0.8606952090121093,0.8630983020612566,0.864305758743968
0.4669240671486743,0.4674259468430666,0.46842993570166935,0.4699364808100155,0.4719462228961464,0.4744599602090101,0.4774785998854084,0.48100309641537875,0.48503437671908245,0.48957325131959833,0.49462031098815856,0.500175808181518,0.5062395225791051,0.5128106100763866,0.5198874344678694,0.5274673812661581,0.5355466531718773,0.5441200468042215,0.5531807105784352,0.5627198840128492,0.57272661901558,0.5831874844223927,0.5940862555826352,0.6054035918737323,0.617116705836979,0.6291990293181575,0.6416198831483487,0.6543441590962672,0.667332024653499,0.6805386635362072,0.6939140672280979,0.7074028948031398,0.7209444204868211,0.7344725891434417,0.7479162002649453,0.7611992390191978,0.7742413700829186,0.7869586043450087,0.7992641382793233,0.8110693675825931,0.8222850447969317,0.8328225683513576,0.8425953601280387,0.851520293006075,0.859519123675605,0.8665198856239175,0.8724581997157845,0.8772784641310104,0.880934891390079,0.8833923664552521,0.8846271061722915
0.4777920580504519,0.4783054937925869,0.4793326037561611,0.4808738527316519,0.4829299074110923,0.485501599451363,0.48858987578337565,0.4921957357035536,0.49632015435935795,0.5009639918318739,0.5061278874608435,0.5118121384924027,0.5180165624131524,0.5247403422315442,0.5319818539648292,0.5397384756803054,0.5480063775297104,0.5567802923865194,0.5660532669436594,0.5758163934528557,0.5860585226370987,0.5967659590922928,0.6079221409663064,0.6195073067904483,0.631498153519914,0.6438674909850073,0.6565839000176024,0.6696114031392014,0.6829091590018822,0.6964311943159376,0.7101261892334328,0.7239373346860131,0.7378022818908956,0.7516532054012605,0.7654170008259032,0.7790156365606303,0.7923666746913526,0.8053839704380695,0.8179785509975452,0.83005966532232,0.8415359857380957,0.8523169327255589,0.8623140857144578,0.87144263724078,0.8796228448274169,0.8867814356776674,0.8928529221974697,0.8977807915357612,0.901518538442249,0.9040305173587917,0.9052925956773857
0.4888633143476383,0.4893885238526522,0.4904391905401348,0.492015797327273,0.49411903743285857,0.49674977664359565,0.49990900252902887,0.5035977601940006,0.5078170739508855,0.512567854463523,0.5178507905102568,0.5236662248584246,0.5300140132395765,0.5368933658355959,0.5443026703928467,0.5522392963026558,0.5606993790327344,0.5696775844438358,0.5791668528050941,0.5891581226674162,0.5996400351059361,0.6105986195315362,0.6220169630817115,0.6338748664312951,0.6461484900996946,0.6588099970297654,0.6718271986746068,0.6851632142267199,0.6987761546748229,0.7126188463282137,0.7266386105946274,0.7407771196740525,0.7549703494419475,0.7691486517548772,0.7832369682777903,0.7971552052115357,0.8108187843959688,0.8241393761508201,0.8370258218204486,0.8493852206912587,0.8611241741141339,0.8721501468786549,0.8823729093380596,0.8917060155845582,0.9000682715734125,0.9073851482550891,0.9135900988960131,0.9186257452306583,0.9224449037361593,0.9250114296498352,0.9263008626103346
0.5001405658976059,0.5006777692797799,0.5017524330904007,0.5033650587643475,0.5055163665822585,0.5082072571435783,0.5114387594952976,0.5152119653875052,0.5195279492604247,0.5243876731573853,0.5297918761060947,0.5357409469139202,0.542234779782269,0.5492726118388177,0.5568528417145204,0.564972828517855,0.5736286703745679,0.5828149622494236,0.5925245325483856,0.6027481588137629,0.6134742629059168,0.6246885868890312,0.6363738516492201,0.6485094011989382,0.6610708369318916,0.6740296478000598,0.6873528441200307,0.7010026050937735,0.7149359525880671,0.7291044664741638,0.7434540595328836,0.7579248326138392,0.7724510324054413,0.7869611351587239,0.8013780789791896,0.8156196642250187,0.82959913670242,0.8432259604181521,0.856406777372158,0.8690465408750873,0.8810497979956146,0.8923220872737196,0.9027714101159882,0.9123097303174744,0.9208544550908194,0.9283298534125031,0.9346683719283633,0.9398118149298954,0.9437123616278181,0.9463334003631272,0.9476501652110749
0.5116265478584615,0.5121759675311803,0.5132750734925371,0.5149243860029248,0.5171246529484808,0.5198768103931518,0.523181929573088,0.527041149714494,0.5314555961424592,0.5364262830708298,0.5419540003195845,0.5480391830791925,0.5546817640118575,0.5618810066306401,0.5696353192529394,0.5779420485637843,0.5867972521935245,0.5961954496042896,0.606129351083146,0.6165895648706247,0.6275642828832484,0.6390389462836861,0.6509958928617642,0.6634139893338425,0.6762682531618643,0.6895294698841705,0.7031638143658246,0.7171324865244882,0.7313913748813653,0.7458907642090549,0.7605751064324838,0.7753828765360888,0.79024653710341,0.8050926357382243,0.819842058434711,0.8344104585622163,0.8487088751981696,0.8626445461111275,0.876121910462595,0.8890437850358475,0.9013126866361091,0.9128322641779285,0.9235087968713687,0.9332527120320614,0.9419800756941211,0.9496140127161932,0.9560860181762713,0.9613371285409535,0.9653189277860676,0.9679943701416251,0.9693384065836187
0.5233239990271831,0.5238858596287098,0.5250098571711155,0.5266965311178845,0.5289466573721162,0.5317612080752959,0.5351412973229891,0.5390881125049019,0.543602830531283,0.5486865183649019,0.5543400169911176,0.5605638081293441,0.5673578625361746,0.5747214692400862,0.5826530445814458,0.5911499202442015,0.6002081094761924,0.6098220508887637,0.6199843294967127,0.6306853748383232,0.6419131369075584,0.6536527408689172,0.6658861227933639,0.6785916495444323,0.6917437275426689,0.705312407049536,0.7192629905020221,0.7335556564449843,0.7481451130937848,0.7629802988941834,0.7780041504611089,0.7931534608468819,0.8083588529270739,0.8235448930451951,0.8386303683324825,0.8535287477223524,0.8681488356662708,0.8823956323282857,0.8961713756904731,0.9093767632634896,0.9219123130372867,0.9336798279109604,0.9445839179132147,0.9545335328893758,0.9634434592122729,0.9712357383041229,0.9778409705867869,0.9831994753122746,0.9872622836637659,0.9899919486440549,0.9913631605247522
0.5352356600510283,0.5358101883403666,0.5369595311599432,0.5386842474289211,0.5409851415369131,0.5438632221981884,0.547319646956064,0.5513556519679708,0.5559724662559646,0.5611712099322784,0.5669527753630026,0.573317690583379,0.5802659638440147,0.5877969083769624,0.5959089464060743,0.6045993913932637,0.6138642076750359,0.6236977468516763,0.6340924604165955,0.6450385886559958,0.656523826189733,0.6685329655072909,0.6810475204635884,0.6940453332883442,0.7075001699380697,0.7213813108643787,0.7356531463901841,0.7502747887695674,0.7651997162006287,0.7803754671158747,0.7957434064228852,0.8112385879827368,0.8267897391731318,0.8423193935651374,0.857744195257158,0.8729753938288084,0.8879195409832258,0.9024793901705466,0.9165549885969123,0.9300449393703448,0.9428478005118415,0.9548635792465069,0.9659952751135489,0.9761504239697003,0.9852425972665618,0.9931928157430412,0.9999308431096415,1.005396332371067,1.0095398042405632,1.0123234430509114,1.0137217004019046
0.5473642715458522,0.5479516963117655,0.5491268420987419,0.550890287571571,0.553242865963477,0.5561856230148047,0.5597197602111227,0.5638465629307544,0.5685673126889886,0.5738831829608864,0.5797951174235131,0.5863036899794877,0.5934089453322992,0.6011102192053197,0.6094059370221304,0.6182933901594512,0.6277684887132958,0.6378254901196408,0.6484567030746595,0.6596521666919644,0.6713993052903237,0.6836825601716021,0.6964830004529448,0.7097779166846683,0.7235404023778453,0.7377389309753883,0.752336938104255,0.7672924220110877,0.7825575785478281,0.7980784901417601,0.8137948919733694,0.8296400407023021,0.8455407128969787,0.8614173596951202,0.8771844417838243,0.8927509593374663,0.9080211964805651,0.9228956618070719,0.9372722284038085,0.9510474375475155,0.96411793327379,0.9763819837607223,0.9877410417508669,0.9981012963022071,1.0073751710632162,1.0154827300474598,1.02235295854044,1.0279248939560384,1.0321485882504704,1.0349858889254164,1.0364110303790242
0.5597125720858346,0.5603131239943003,0.5615145342290806,0.5633174014065095,0.5657225879139748,0.568731176871767,0.5723444140986894,0.5765636344947045,0.5813901723068953,0.5868252543124557,0.5928698751953286,0.5995246538969984,0.6067896701820613,0.6146642799873305,0.6231469086921999,0.6322348209825417,0.6419238665338669,0.6522082004489084,0.6630799780945172,0.674529024069768,0.6865424757867409,0.6991044029496327,0.7121954052388697,0.7257921920525828,0.7398671498467291,0.7543879050422104,0.7693168931408018,0.7846109478940297,0.8002209279094658,0.8160914016817726,0.8321604153831509,0.848359370339866,0.8646130381437968,0.8808397404678052,0.8969517169444744,0.9128556978558117,0.9284536887885303,0.9436439629975396,0.9583222444657961,0.972383052756454,0.9857211707506778,0.9982331897947196,1.0098190838065384,1.020383765026705,1.0298385779165646,1.0381026941638083,1.045104378496633,1.0507821025400017,1.0550854900944975,1.057976082637541,1.059427918014122
0.5722832960458752,0.5728972075529517,0.5741253472152987,0.5759683337856117,0.5784270590689519,0.5815026438203773,0.5851963784339629,0.5895096475088037,0.5944438379869134,0.6000002297331364,0.606179867736634,0.6129834148383203,0.6204109839510622,0.6284619484712287,0.637134729741409,0.6464265604095963,0.6563332225467681,0.6668487596612092,0.677965161922071,0.689672024534324,0.7019561795840968,0.7148013027160159,0.7281874971749955,0.7420908591875962,0.7564830308074808,0.7713307485609692,0.786595399574267,0.8022325999036801,0.818191813774425,0.8344160361278793,0.8508415641917778,0.8673978862908972,0.8840077167896273,0.9005872043620792,0.9170463364865525,0.9332895550296575,0.9492165879218127,0.9647234890663605,0.9797038662383233,0.994050264732727,1.007655665322409,1.0204150496171698,1.0322269840513374,1.042995175941002,1.0526299598483764,1.0610496791024275,1.0681819347459158,1.0739646809744994,1.0783471525509,1.081290614410744,1.0827689275233463
0.5850791713402241,0.5857066765099639,0.5869620137811072,0.5888458222059305,0.59135902313551,0.5945027751540458,0.5982784132913315,0.6026873718598689,0.6077310902606469,0.6134109008914616,0.6197278980512377,0.6266827868767932,0.6342757110545719,0.6425060580069252,0.6513722403874377,0.6608714525327489,0.6709994007351545,0.6817500063467414,0.693115081056964,0.705083974128805,0.7176431919617927,0.7307759915166351,0.7444619501692975,0.7586765163468472,0.7733905474993001,0.78856984454741,0.8041746952037817,0.8201594421343039,0.8364720960570402,0.853054017558651,0.869839694861482,0.8867566468666458,0.9037254812098838,0.920660134979404,0.9374683160539652,0.9540521696155545,0.9703091526393699,0.9861331242422045,1.0014156166308963,1.016047255107465,1.029919282935723,1.0429251431012287,1.0549620683182463,1.0659326338825372,1.075746233489236,1.0843204450627828,1.0915822611237116,1.097469164963101,1.1019300396050782,1.1049259013711932,1.106430452882088
0.5981029169781551,0.5987442513226129,0.6000272572991489,0.6019525942794798,0.6045212132851909,0.6077343107383129,0.6115932662761823,0.6160995636585913,0.6212546943015211,0.6270600422388175,0.6335167497222719,0.6406255621264225,0.6483866509357247,0.6567994135344003,0.6658622484018512,0.6755723043223599,0.6859252024778354,0.6969147302186277,0.7085325059115436,0.7207676144805325,0.7336062142987552,0.747031116681817,0.7610213411744458,0.7755516510225312,0.7905920761050412,0.8061074331914925,0.8220568568484266,0.8383933584432802,0.8550634344534263,0.8720067496696537,0.8891559237846982,0.9064364519149934,0.9237667891419613,0.941058625882099,0.9582173745599594,0.9751428780911613,0.9917303389875866,1.007871454206315,1.0234557284158228,1.0383719273945295,1.0525096262228262,1.0657608034345771,1.0780214332897948,1.0891930320741865,1.0991841206470723,1.107911572697569,1.115301825326034,1.1212919351362705,1.1258304686540261,1.1288782197689724,1.1304087501019178
0.611357240484721,0.6120126408110358,0.6133237890976844,0.6152913650880798,0.6179163493943818,0.6211999762274233,0.625143669557155,0.6297489621846576,0.635017396716738,0.6409504076603963,0.6475491834170536,0.6548145069842236,0.6627465740879191,0.6713447872681223,0.6806075244235184,0.6905318805477151,0.701113381138072,0.7123456662502818,0.7242201443792555,0.7367256158797113,0.7498478665113315,0.7635692326365449,0.7778681413666111,0.7927186306442033,0.8080898569607552,0.8239456016269215,0.8402437899707963,0.8569360421598131,0.8739672785960345,0.8912754067954904,0.9087911197847638,0.926437837379586,0.9441318207593196,0.9617824863179497,0.9792929374859011,0.9965607222929393,1.01347881190055,1.029936781562646,1.045822163258525,1.0610219292106262,1.075424059388254,1.088919144173571,1.101401975168893,1.1127730818794237,1.1229401787133353,1.1318194940146302,1.139336959907351,1.145429248080757,1.1500446415013423,1.1531437359678776,1.154699968145661
0.6248448351957728,0.625514539392306,0.6268543057537506,0.6288648343224801,0.6315471351920021,0.63490248005562,0.638932336850981,0.6436382866677818,0.6490219222600402,0.6550847269965658,0.6618279331212376,0.6692523581523755,0.6773582178115998,0.6861449141317321,0.6956107971260647,0.7057528985695063,0.7165666363961876,0.7280454885039624,0.740180635241928,0.7529605700700788,0.7663706793254832,0.7803927925961063,0.7950047073226577,0.8101796931923362,0.8258859847524459,0.8420862740099887,0.8587372187153769,0.8757889864892199,0.893184859228983,0.9108609264046673,0.9287458983483641,0.9467610718590598,0.9648204782245213,0.9828312386610705,1.0006941435031595,1.0183044599323503,1.0355529595570636,1.052327143789931,1.0685126329739751,1.0839946762343617,1.0986597343610327,1.1123970869831648,1.1251004184890547,1.136669342339398,1.1470108305231628,1.1560405221503645,1.1636838920248231,1.169877265881019,1.1745686736628211,1.177718535572399,1.1793001779993926
0.6385683773152864,0.6392526241618401,0.6406214860889222,0.6426756832938854,0.645416255107438,0.6488445103046895,0.6529619601074463,0.6577702329300932,0.6632709702344218,0.6694657022055279,0.6763557022153343,0.6839418184935534,0.6922242817652446,0.7012024870457702,0.7108747480837082,0.7212380228267249,0.7322876082886309,0.7440168037676818,0.7564165412131321,0.7694749828234572,0.7831770863255594,0.7975041401290561,0.8124332720382131,0.8279369378620207,0.8439823989834122,0.8605312018824028,0.8775386766035268,0.8949534758184651,0.9127171806378847,0.9307640030924839,0.9490206178430526,0.9674061555464242,0.9858323884520536,1.0042041267883703,1.0224198539126739,1.0403725778063593,1.0579509102114037,1.0750403333979062,1.091524622407259,1.1072873773766023,1.1222136176012076,1.1361913895414189,1.149113344636161,1.1608782488323497,1.1713923929235668,1.1805708797905783,1.188338771417532,1.194632083714792,1.199398621694665,1.2025986504600248,1.2042053995500892
0.652530522906035,0.6532295518314435,0.654627988097304,0.6567265718178839,0.6595263711465262,0.6630287313781242,0.6672352060919524,0.6721474697542165,0.6777672107210672,0.6840960035499325,0.6911351593150251,0.6988855525731048,0.7073474232508569,0.7165201518610347,0.7264020064133055,0.7369898590466405,0.7482788710671873,0.7602621448676615,0.7729303418719426,0.7862712663426473,0.8002694158178824,0.8149055005297767,0.8301559360419302,0.8459923159322147,0.8623808747348891,0.8792819551537372,0.8966494980054576,0.9144305781798734,0.932565014452334,0.9509850843586667,0.9696153777109097,0.9883728213907138,1.0071669042763114,1.0259001237686345,1.044468664574771,1.0627633073775435,1.0806705511099393,1.0980739196598719,1.1148554135364892,1.1308970605117374,1.1460825169496898,1.1602986729928253,1.173437219447877,1.1853961405472913,1.1960811038430987,1.205406725650202,1.2132976963761812,1.2196897552967634,1.224530508134713,1.2277800834897457,1.2294116261242067
0.6667339046099269,0.6674479554666507,0.6688764456132397,0.6710201347647377,0.6738801193869833,0.6774577804370977,0.6817547127293923,0.6867726351463447,0.6925132807109788,0.6989782653511762,0.7061689339224398,0.7140861820990714,0.7227302523376015,0.7321005021938842,0.7421951431893785,0.7530109483475386,0.7645429267792883,0.7767839638935312,0.7897244263420016,0.8033517315212092,0.8176498827175432,0.8325989724039061,0.8481746585981257,0.8643476218317216,0.8810830139021977,0.8983399137653022,0.9160708105787502,0.9342211388717794,0.9527288950839446,0.971524368242109,0.9905300189130224,1.0096605387299027,1.0288231183371983,1.047917942565648,1.066838920229812,1.0854746423973636,1.1037095490130127,1.1214252715293784,1.1385021100938022,1.1548205983380297,1.1702631080915888,1.1847154485185094,1.1980684195590703,1.2102192862630587,1.2210731474339092,1.230544178895941,1.2385567374392643,1.245046315970144,1.2499603440885907,1.2532588306597339,1.254914846503367
0.6811811282773603,0.6819104410741293,0.6833694649064099,0.6855589786577079,0.6884801064055668,0.6921342637640753,0.6965230853073973,0.7016483323505719,0.7075117799068152,0.7141150817305444,0.7214596118280742,0.729546281033787,0.7383753267487432,0.7479460739465208,0.7582566656765595,0.7693037610135284,0.7810821986991276,0.7935846251612575,0.8068010858931296,0.820718580151608,0.8353205803900168,0.8505865191632822,0.8664912491719348,0.8830044847213929,0.9000902370552273,0.9177062601683801,0.9358035288741102,0.9543257755960651,0.9732091168076312,0.9923818030108155,1.011764126520149,1.0312685199137808,1.0507998657299975,1.070256048981466,1.089528730742971,1.1085043581370593,1.1270653718767403,1.145091581207554,1.1624616624225579,1.17905473384028,1.1947519601608731,1.2094381426479628,1.223003257081516,1.235343908312084,1.2463646771103183,1.2559793413208369,1.2641119587469334,1.2706978032922238,1.275684149287998,1.279030900811514,1.2807110643765613
0.695874769373905,0.6966195839736061,0.6981096209805284,0.7003456778862306,0.7033289055125999,0.7070607528384634,0.7115428924477236,0.7167771256841193,0.7227652664001097,0.7295090020148518,0.7370097303628929,0.7452683706347254,0.7542851465256614,0.764059339676836,0.774589011316771,0.785870690143244,0.7978990246103277,0.8106663981416916,0.8241625064627549,0.83837389707701,0.8532834725496252,0.8688699608630897,0.8851073592322003,0.9019643605050444,0.9194037760234148,0.9373819728901375,0.9558483491669463,0.9747448751140791,0.9940057328087281,1.013557088834688,1.0333170345736902,1.0531957248800674,1.0730957390023557,1.0929126766082191,1.1125359890637527,1.1318500318618687,1.150735311311439,1.1690698878778734,1.1867308919372264,1.203596104924353,1.2195455600575162,1.2344631209778003,1.248238002473414,1.2607662043851988,1.2719518363705768,1.2817083171616357,1.2899594369283256,1.296640275222027,1.3016979696741386,1.3050923328112374,1.306796315350634
0.7108173692078764,0.7115779250649125,0.7130994538027773,0.7153827708647275,0.7184290527493006,0.7222397802733671,0.7268166619051112,0.7321615361908479,0.7382762521227126,0.7451625260195768,0.7528217734335924,0.7612549141501667,0.7704621485135021,0.7804427027840622,0.7911945415827276,0.8027140451821194,0.814995649936557,0.8280314502147266,0.8418107611495395,0.8563196424751424,0.8715403853801784,0.8874509662781894,0.9040244745371955,0.9212285245932953,0.9390246674419216,0.9573678211875857,0.9762057457734432,0.9954785916588723,1.0151185559985922,1.0350496816309351,1.0551878330405928,1.0754408787207115,1.0957091010486504,1.1158858433732644,1.1358583903945787,1.1555090640779064,1.1747165052571407,1.1933571012773356,1.2113065149029654,1.2284412679352303,1.2446403353279374,1.2597867100775977,1.2737689053664882,1.2864823672596348,1.297830777348443,1.3077272305744805,1.3160952777292567,1.322869825930663,1.3279978925825016,1.3314392103366557,1.333166681547845
0.7260114310424765,0.7267879668290365,0.7283414642702296,0.7306727559667566,0.733783042793384,0.7376738355697648,0.7423468761897651,0.7478040371157861,0.754047198189627,0.7610780991614505,0.7688981663488426,0.7775083114701787,0.7869087006775295,0.7970984915166813,0.8080755356731819,0.8198360452635161,0.8323742208288296,0.8456818395027678,0.8597478027596324,0.8745576442316451,0.8900929999110565,0.9063310454019572,0.9232439080217145,0.9407980654561987,0.9589537473194532,0.9776643610696101,0.9968759689018941,1.016526847026056,1.0365471618813145,1.0568587988486322,1.0773753768704966,1.098002476612744,1.1186381003230697,1.1391733694527801,1.1594934522320701,1.179478700156368,1.1990059605610535,1.2179500245684627,1.2361851651204434,1.2535867197289219,1.2700326753062505,1.2854052174948087,1.2995922133085849,1.3124886022454243,1.3239976771041353,1.3340322408699612,1.342515630222648,1.3493825992927195,1.3545800597054927,1.3580676744239448,1.35981830391252
0.741459415926179,0.7422521692347188,0.7438381100917452,0.7462180872804284,0.7493933245886194,0.7533653607101932,0.7581359680407668,0.7637070491788305,0.7700805099469313,0.7772581073079107,0.7852412705346881,0.7940308935534375,0.8036270962893961,0.8140289528632861,0.8252341841520686,0.8372388125793916,0.8500367772096096,0.863619507682234,0.877975456506461,0.8930895905877323,0.9089428447222152,0.9255115424988292,0.9427667933930226,0.9606738790733955,0.9791916467416696,0.998271932652809,1.0178590441078066,1.0378893325562708,1.0582908933343838,1.0789834273060033,1.0998782976786752,1.1208788013240076,1.1418806874339171,1.1627728960761778,1.1834385349199628,1.203756051926458,1.223600575043143,1.2428453763007445,1.2613634153292352,1.2790289181412262,1.2957189503764384,1.311314949735135,1.3257041883969534,1.3387811425325307,1.3504487517162216,1.3606195555486067,1.3692166989710715,1.37617480024636,1.3814406778551391,1.3849739338821223,1.3867473924657243
0.7571637384846374,0.7579729454274634,0.7595918013928266,0.7620211702503741,0.7652622969236204,0.7693167455247939,0.7741863156514915,0.7798729357114156,0.7863785319524293,0.7937048715684645,0.8018533780509832,0.8108249167011262,0.8206195479639727,0.8312362463643773,0.8426725824513621,0.8549243656388863,0.8679852458936235,0.8818462729521966,0.8964954128996849,0.9119170231273249,0.9280912892128261,0.9449936298168007,0.9625940796022333,0.9808566645368604,0.9997387889296276,1.0191906591026125,1.0391547734687134,1.0595655128877521,1.0803488671785655,1.1014223327471595,1.1226950120716124,1.1440679377534972,1.1654346326922875,1.1866819049478956,1.2076908622499298,1.2283381189299631,1.248497158747105,1.2680398112034794,1.2868377971167921,1.304764300684281,1.3216955293630204,1.3375122282187222,1.3521011218488734,1.365356262467634,1.3771802683840917,1.3874854412749666,1.396194754104302,1.4032427042107989,1.4085760278429909,1.4121542738015807,1.4139502346530561
0.7731267624246295,0.7739526572825106,0.7756048962646211,0.7780843570562044,0.7813923037342175,0.7855303229873556,0.7905002378510856,0.7963039976310808,0.8029435427913411,0.8104206429099243,0.8187367060112596,0.8278925567898782,0.8378881816334951,0.8487224378177881,0.8603927244173775,0.8728946126545077,0.8862214337711051,0.9003638231733129,0.9153092209404797,0.9310413301644758,0.9475395373825397,0.9647783020370841,0.9827265262760163,1.0013469207640393,1.0205953876469305,1.040420447062619,1.0607627384574614,1.0815546315058062,1.102719982611339,1.1241740711149413,1.1458237440758876,1.1675677892512342,1.1892975444096914,1.2108977378865298,1.2322475418644327,1.2532218089631177,1.2736924541359338,1.2935299395607731,1.3126048191243402,1.3307893014783543,1.3479587949658145,1.363993403270767,1.3787793465962663,1.3922102887688836,1.404188555488751,1.4146262330097292,1.4234461396256546,1.430582664690358,1.4359824716141312,1.4396050623540841,1.4414232019374862
0.7893507960376314,0.790193610803032,0.7918796961163139,0.7944099419830245,0.797785629343273,0.8020083642977426,0.8070799890395631,0.8130024682886895,0.819777749735353,0.8274075966814064,0.8358933908985804,0.8452359033701686,0.8554350304736773,0.8664894930743445,0.8783964958907076,0.8911513449587236,0.9047470212261268,0.9191737093258766,0.9344182817528618,0.9504637407155315,0.9672886223672824,0.984866371664979,1.0031647002176105,1.022144944493163,1.0417614470404783,1.061960988723081,1.0826823044684284,1.1038557179789696,1.1254029311678984,1.1472370012178927,1.169262531754103,1.191376094734997,1.2134668875069767,1.2354176163433177,1.2571055851325512,1.2784039577086592,1.2991831550055608,1.3193123450437083,1.3386609835956336,1.3571003662778744,1.374505157357824,1.3907548662117013,1.4057352479617629,1.4193396100404347,1.4314700109725147,1.4420383414002906,1.4509672799848399,1.458191119255264,1.4636564577458844,1.4673227560082318,1.4691627548908242
0.8058380873915968,0.8066980514042557,0.8084184408774576,0.8110001565197502,0.8144444935663203,0.8187530738934503,0.8239277541080079,0.8299705082021992,0.8368832833593433,0.8446678269864126,0.8533254828242987,0.8628569537544065,0.8732620288310647,0.8845392717553301,0.896685668347229,0.9096962306242391,0.9235635557763637,0.938277339264891,0.9538238426593666,0.9701853190643461,0.9873394017619853,1.0052584653269547,1.0239089730758224,1.0432508296334704,1.0632367630094064,1.0838117654812485,1.104912627010815,1.1264675967708953,1.1483962081875014,1.1706092985669596,1.1930092473792249,1.2154904463041616,1.2379400021758789,1.2602386605583122,1.2822619261961845,1.3038813472334132,1.324965924000763,1.3453836009613294,1.3650028011714965,1.3836939657771348,1.4013310658871683,1.417793059663622,1.4329652726570163,1.4467406844923125,1.4590211090434329,1.4697182586270026,1.478754685250606,1.4860645941188773,1.4915945256077499,1.4953039034065194,1.4971654469361058
0.8225908195905077,0.8234681590304016,0.8252233041516476,0.8278571644674783,0.8313710466413232,0.8357665843181726,0.8410456431898459,0.8472101997138513,0.8542621920454035,0.8622033411354659,0.8710349397681973,0.8807576071356835,0.8913710061883694,0.902873521197092,0.9152618927947972,0.9285308083640442,0.9426724460587849,0.9576759720094848,0.9735269918590902,0.9902069601097103,1.0076925538286705,1.0259550212024513,1.0449595202548656,1.0646644680014972,1.085020926032572,1.1059720531402006,1.1274526594023178,1.1493888974875768,1.1716981254337753,1.1942889712574605,1.2170616131153549,1.239908306929751,1.2627141222701073,1.2853579080567246,1.3077134400431416,1.3296507231884351,1.3510374086367705,1.37174028488067,1.3916268039765782,1.4105666071190903,1.4284330191499177,1.4451044861745048,1.4604659361146872,1.474410046227663,1.4868384054862018,1.4976625628772586,1.5068049549077405,1.514199707451366,1.5197933083276578,1.5235451480597675,1.52542792691269
0.8396111057607327,0.8405060432424473,0.842296388182648,0.8449830568755756,0.8485673641660068,0.8530509510394793,0.8584356863732677,0.8647235416005646,0.8719164364799111,0.880016053950173,0.889023621836875,0.8989396586999446,0.9097636812416384,0.9214938704198519,0.9341266937842587,0.9476564817091199,0.9620749562740966,0.9773707125281943,0.9935286538130979,1.0105293855231683,1.028348574729038,1.0469562875915175,1.066316321138897,1.0863855514514988,1.1071133255154164,1.1284409285754124,1.1503011619019932,1.1726180663449395,1.195306824736293,1.2182738701194968,1.2414172178488592,1.264627028139644,1.2877863932203053,1.3107723312936703,1.3334569594563082,1.3557088106424509,1.3773942557655077,1.3983789915988192,1.418529557008124,1.4377148438057188,1.455807573404913,1.4726857153193218,1.4882338284373398,1.5023443100971476,1.5149185416320687,1.5258679216501045,1.5351147805541068,1.5425931715967636,1.5482495346283476,1.5520432300150686,1.5539469406298874
0.8569009841337042,0.8578137381703528,0.8596397188619764,0.8623798469457461,0.8660354419464409,0.8706081472206927,0.8760998284031007,0.8825124436731597,0.8898478841379396,0.8981077822207019,0.9072932855812137,0.9174047939540064,0.9284416561673283,0.9404018245027655,0.9532814638354005,0.9670745135640956,0.9817722010988773,0.9973625071799791,1.0138295853844932,1.0311531408183845,1.0493077768069947,1.0682623226577543,1.0879791605865652,1.108413575402736,1.129513155489997,1.1512172778063792,1.173456712039899,1.1961533786936946,1.2192202924067945,1.242561715129777,1.2660735340140348,1.2896438672780484,1.3131538892495822,1.3364788542937782,1.3594892906245382,1.3820523284739963,1.4040331245366133,1.425296344512703,1.4457076680195255,1.4651352840131697,1.4834513495460449,1.500533389455805,1.5162656189996209,1.530540175388828,1.5432582472849956,1.554331093928987,1.5636809475741744,1.5712417943567591,1.576960029861673,1.5807949866469366,1.5827193315888513
0.8744624129178369,0.8753931974767059,0.8772552405908917,0.8800494649245523,0.8837771907753715,0.888440058484945,0.8940399233576087,0.9005787213562191,0.9080583038574103,0.916480239168967,0.925845578442809,0.9361545831070714,0.9474064110946763,0.9595987590790089,0.9727274581949255,0.9867860213300174,1.0017651411938666,1.0176521398648408,1.034430372811714,1.052078593426888,1.0705702879877843,1.0898729954457398,1.1099476317953618,1.1307478437627547,1.1522194217497426,1.1742998052845073,1.1969177160681763,1.219992952343664,1.2434363740902048,1.2671501008967936,1.2910279342160873,1.3149560042409314,1.3388136296423725,1.3624743681051912,1.3858072275129474,1.4086780022995455,1.4309506977682136,1.4524890054903452,1.4731577958427946,1.4928245975695058,1.511361038756611,1.5286442281543442,1.544558059940667,1.5589944284555701,1.5718543425725608,1.5830489315314504,1.5925003360114711,1.6001424794868102,1.6059217161991286,1.6097973527073288,1.6117420409057461
0.8922972653221231,0.8932462892781644,0.8951448112184699,0.8979937529631711,0.9017944312955748,0.9065484776740219,0.9122577293787877,0.9189240904275682,0.92654936044837,0.9351350290704445,0.944682033406814,0.9551904757910944,0.9666592988553592,0.9790859153491952,0.9924657900789978,1.006791972522361,1.0220545794535096,1.0382402289694406,1.0553314296397984,1.073305931826117,1.092136052326974,1.1117879881380548,1.1322211404568387,1.1533874751037996,1.1752309501195464,1.1976870442962355,1.220682421239151,1.2441347614980347,1.2679527899821819,1.2920365178529631,1.3162777074455,1.3405605574267543,1.3647625940880912,1.388755745092533,1.4124075647742855,1.4355825759680336,1.4581436919560835,1.4799536833415432,1.50087665739634,1.5207795215693405,1.53953340691563,1.5570150316411182,1.5731079886404535,1.5877039444081873,1.6007037390474126,1.612018379648818,1.6215699206747047,1.6292922265072298,1.6351316122433486,1.63904735977318,1.6410121067240329
0.9104073244445595,0.911374791098675,0.9133101969603168,0.9162144600084269,0.9200888888840636,0.9249350997446092,0.9307549035159851,0.9375501617992132,0.9453226095491453,0.9540736420862466,0.96380406383898,0.9745137959915341,0.9862015401616202,0.998864395426941,1.0124974264146334,1.0270931810454,1.0426411579242663,1.059127225207384,1.0765329956196763,1.0948351657213837,1.1140048317857674,1.134006799517281,1.1547989101361602,1.1763314100690205,1.1985463958801912,1.221377368232031,1.2447489287878266,1.2685766510396255,1.2927671512072025,1.317218366837294,1.341820074634807,1.3664545988063173,1.3909977368241633,1.415319851892343,1.439287109393273,1.4627628216730384,1.4856088658377848,1.5076871408942842,1.5288610334118116,1.5489968648871446,1.5679652980404764,1.5856426831592592,1.6019123292909254,1.6166656880178032,1.6298034400264942,1.641236476732744,1.6508867707069383,1.6586881299523766,1.664586832078082,1.6685421351775922,1.6705266630685782
0.9287942783530867,0.9297803848878552,0.9317530674381742,0.934713236858658,0.9386621886203248,0.9436015166965623,0.9495329966737803,0.9564584364674563,0.9643794925649154,0.9732974493235812,0.9832129586764431,0.9941257374205998,1.0060342191464577,1.0189351582972215,1.0328231842334716,1.0476903041719565,1.0635253555577648,1.080313410311228,1.0980351366202894,1.1166661273924658,1.1361762091215453,1.1565287496837364,1.1776799888399936,1.1995784198468717,1.2221642540992328,1.2453690026414446,1.2691152073447058,1.2933163509984922,1.317876968737813,1.3426929742517422,1.367652203505886,1.3926351680245792,1.4175159996717637,1.4421635611442987,1.466442690902426,1.4902155486932946,1.5133430276733872,1.5356862009163352,1.557107773036031,1.5774735115929481,1.596653636641963,1.6145241505890107,1.6309680937721707,1.6458767139860635,1.6591505403205824,1.670700353821359,1.6804480485514097,1.688327378173004,1.694284583875423,1.698278900505482,1.70028293828644
0.9474597152010336,0.9484646521675925,0.9504749907855604,0.9534916312321202,0.9575158504345322,0.962549212729064,0.9685934487641705,0.9756503007471247,0.9837213319695872,0.992807698187401,1.0029098779489227,1.0140273592389053,1.026158279450818,1.0392990162884628,1.0534437277272415,1.0685838403193906,1.084707486870412,1.101798896786721,1.1198377455943824,1.1387984740979673,1.1586495919679893,1.1793529858421463,1.2008632566774144,1.2231271156280554,1.2460828707457114,1.2696600377624359,1.293779106614853,1.3183514909366216,1.3432796803980116,1.3684576065864105,1.3937712224930459,1.419099285409216,1.4443143238390315,1.4692837619320709,1.493871170398366,1.5179376109268723,1.5413430413488967,1.563947750856811,1.585613797430019,1.6062064235330746,1.6255954294266686,1.643656487269041,1.6602723818445602,1.6753341665796,1.6887422254916682,1.7004072334741815,1.710251008658557,1.7182072517507334,1.7242221682019263,1.7282549698195109,1.7302782532199223
0.9664051185081414,0.967429069318902,0.9694774289434387,0.9725510831243441,0.9766512844135183,0.9817795596130002,0.987937584148703,0.99512702172624,1.0033493268938958,1.0126055081473613,1.022895848731615,1.034219582326485,1.046574520876285,1.0599566322184923,1.074359566014442,1.0897741275993655,1.1061877014919632,1.1235836285838035,1.141940544645126,1.1612316916182421,1.1814242179776862,1.2024784892138465,1.224347434435713,1.2469759588286684,1.2703004543931993,1.2942484414385766,1.3187383711314296,1.3436796141277,1.3689726526884591,1.3945094841740777,1.4201742337324683,1.4458439638495475,1.4713896605333363,1.4966773689745247,1.5215694482847733,1.5459259132172782,1.569605831378477,1.5924687466464025,1.6143761024413328,1.635192642018194,1.6547877661786952,1.6730368322630542,1.6898223808122554,1.7050352788577448,1.7185757706519575,1.7303544282592014,1.7402929957056186,1.7483251216342448,1.7543969760018794,1.7584677475143966,1.7605100190580318
0.9856318626682324,0.9866750030676258,0.9887617331816648,0.9918929202796855,0.9960697863722422,1.001293812259449,1.0075666072851608,1.0148897430949144,1.0232645490599264,1.0326918668965077,1.043171761610087,1.0547031860948584,1.0672835966293353,1.0809085172536907,1.0955710517175368,1.1112613432859857,1.1279659846176981,1.1456673827934734,1.1643430880363124,1.1839650988516153,1.2044991610362712,1.2259040828420424,1.24813109301363,1.2711232719994916,1.2948150883636034,1.3191320721842097,1.343990653866613,1.3692981913555808,1.3949532005052934,1.4208457941092634,1.4468583250117606,1.472866219608766,1.4987389804204578,1.5243413306581197,1.5495344708878138,1.5741774166478613,1.598128386937781,1.6212462155890366,1.6433917605010153,1.6644292888980914,1.6842278200848686,1.702662410030746,1.7196153647344148,1.7349773714676826,1.7486485389802457,1.76053933898812,1.7705714426818122,1.7786784470182873,1.7848064863747815,1.7889147260994818,1.7909757350243412
1.0051412086730993,1.0062037062333942,1.008329139863463,1.011518354045169,1.0157725337243892,1.0210931047337661,1.0274815988190993,1.0349394813265025,1.0434679392259028,1.0530676270130268,1.06373836766102,1.0754788058796059,1.0882860112881019,1.102155029502321,1.1170783803718876,1.1330455041494367,1.1500421584983749,1.1680497723726269,1.1870447663534063,1.2069978533672088,1.2278733383590785,1.2496284402403501,1.2722126635349043,1.295567250164618,1.3196247430832173,1.344308692222794,1.3695335295890614,1.3952046341200708,1.4212185986697787,1.447463702188845,1.4738205806971207,1.5001630819530354,1.5263592818928169,1.5522726359800212,1.5777632360481886,1.6026891428052612,1.6269077649661172,1.6502772584682182,1.6726579218406061,1.693913566983804,1.713912847529068,1.7325305297375626,1.749648693272602,1.765157851134265,1.7789579799117297,1.7909594527579606,1.8010838687075175,1.809264773043335,1.8154482642290757,1.819593483740134,1.8216729859645642
1.024934300154889,1.0260163137999376,1.0281807665303853,1.0314284755286791,1.0357605817022508,1.0411784465221325,1.0476835120455137,1.055277122359461,1.0639603040502554,1.0737335031857576,1.0845962760485965,1.0965469310506208,1.109582119471295,1.1236963734135335,1.1388815906591034,1.1551264677201618,1.172415884814054,1.1907302497928585,1.2100448115075035,1.2303289579368362,1.2515455184936282,1.273650094808532,1.2965904479646355,1.3203059725423727,1.3447272885365784,1.369775980347387,1.3953645077715597,1.4213963073056437,1.4477660939031813,1.4743603639771206,1.5010580915882137,1.5277316017373512,1.5542475983416328,1.5804683203964585,1.6062527976952596,1.6314581772119925,1.6559410925488418,1.6795590509424052,1.7021718151002145,1.7236427599896567,1.7438401874600753,1.762638584118741,1.7799198102164697,1.7955742089013313,1.809501627153056,1.8216123407222164,1.831827876717672,1.8400817284194049,1.8463199577657077,1.8505016817286462,1.8525994397189005
1.0450121597816142,1.0461138393108464,1.0483176083848298,1.0516242520667083,1.0560348599881888,1.0615507193360456,1.0681731698317423,1.0759034187272858,1.0847423135455168,1.094690069970074,1.1057459522724005,1.1179079037934838,1.1311721252828828,1.1455326000098447,1.1609805655588872,1.1775039344457225,1.1950866680282366,1.2137081116507078,1.2333423027074406,1.2539572678651252,1.2755143299797105,1.2979674497236176,1.321262630142573,1.3453374143579597,1.3701205066369186,1.395531544512402,1.4214810449915063,1.4478705425739056,1.4745929158779287,1.501532934792255,1.5285679637392413,1.5555688589363672,1.5824010043138483,1.60892547078076,1.6350002695777712,1.6604816719447855,1.6852255685370183,1.7090888443592454,1.7319307474162717,1.7536142320419885,1.7740072604211925,1.7929840481427677,1.8104262417908663,1.8262240181904483,1.8402770965414719,1.8524956558175667,1.8628011510487255,1.8711270228825567,1.877419295930532,1.8816370618843863,1.8837528445719613
1.0653756860563066,1.066497171711918,1.0687405351253152,1.0721065242386136,1.0765961697727078,1.0822106743138755,1.0889512620666442,1.096818987291805,1.1058144991219174,1.1159377602724847,1.1271877171040674,1.1395619186006873,1.1530560825405993,1.1676636079280214,1.1833750343337397,1.2001774507752196,1.2180538595948376,1.2369825041748077,1.256936173247752,1.2778814990278764,1.2997782706252363,1.3225787883102587,1.3462272869895524,1.3706594587102265,1.3958021033833705,1.4215729339040541,1.4478805566868358,1.4746246433188999,1.5016962873983073,1.528978578794707,1.5563473262692908,1.5836719691803862,1.6108166208222967,1.6376412294442708,1.6640028282123578,1.6897568475876406,1.714758464645646,1.7388639660851193,1.7619321040990643,1.783825426800994,1.8044115672534204,1.8235644773374762,1.8411655947336896,1.8571049326575797,1.8712820837371593,1.8836071303529391,1.8940014549348587,1.9023984446600852,1.9087440858124758,1.9129974439178283,1.9151310265666532
1.0860256505695864,1.087167072626689,1.0894502883407966,1.0928760032986675,1.097445181369583,1.1031589298162179,1.1100183436814812,1.1180243075239706,1.1271772522235388,1.1374768644492632,1.1489217462352765,1.161509022620046,1.175233895811117,1.1900891453103188,1.2060645753871069,1.2231464130452887,1.2413166630425776,1.2605524294736667,1.2808252179862483,1.3021002365701284,1.3243357172643007,1.3474822846994172,1.3714823998574166,1.3962699082768204,1.4217697206561153,1.4478976505628554,1.4745604281895566,1.5016559022240974,1.5290734336173555,1.5566944770471867,1.5843933382519484,1.6120380893418227,1.6394916197122982,1.6666127974157667,1.6932577150641102,1.719280994495137,1.7445371259342584,1.768881819331742,1.7921733479371562,1.814273866324389,1.8350506875625574,1.854377506029507,1.8721355542946747,1.8882146840023402,1.9025143619104765,1.9149445735578607,1.92542662799924,1.9338938578571387,1.9402922100024809,1.9445807227928456,1.9467318868581558
1.1069626957407757,1.1081241741396255,1.1104474793303474,1.1139332691183688,1.1185824323208973,1.1243959697655195,1.131374833234437,1.1395197204429932,1.1488308237150286,1.159307530112446,1.1709480706521014,1.1837491166780783,1.19770532225437,1.2128088125354046,1.2290486199533879,1.2464100722778952,1.264874139846676,1.2844167525477905,1.3050081014697574,1.3266119440541635,1.3491849358045729,1.3726760145878423,1.3970258657887027,1.4221664967898466,1.448020947583183,1.4745031603058107,1.5015180250193958,1.528961611673216,1.556721590406627,1.5846778346808106,1.612703194604866,1.6406644223106555,1.6684232272551018,1.6958374369835887,1.7227622382150178,1.749051473635093,1.774558970892815,1.7991398826554577,1.8226520181887784,1.8449571496779944,1.8659222780482754,1.8854208453306833,1.9033338820537116,1.9195510796708783,1.9339717792947786,1.9465058690805406,1.9570745836745314,1.9656111999001893,1.9720616239760287,1.9763848660741092,1.9785533990647959
1.1281873331096115,1.1293689771263145,1.1317325875395987,1.1352787687858574,1.1400083261311258,1.1459221425503345,1.1530210121423037,1.1613054282216333,1.1707753238643481,1.1814297627031485,1.1932665778334026,1.2062819571351269,1.220469974256171,1.2358220657182133,1.2523264565829435,1.2699675396383308,1.2887252159889233,1.308574208920054,1.3294833665398431,1.3514149729701959,1.3743240915302524,1.3981579660896428,1.422855508576242,1.4483469001291058,1.4745533313562804,1.5013869030368248,1.5287507023934974,1.5565390634296148,1.5846380117235488,1.6129258871480985,1.6412741312216912,1.6695482209222532,1.6976087270721898,1.7253124735981769,1.7525137733741936,1.7790657168555524,1.8048214911798046,1.829635709126245,1.8533657293380053,1.8758729513267496,1.8970240706063008,1.9166922811288565,1.9347584137050249,1.9511120004926032,1.965652256794596,1.9782889725254225,1.988943306678628,1.9975484789304805,2.004050353532761,2.008407911318922,2.0105936066479657
1.1496999421897376,1.1509018501414605,1.1533059595386,1.1569128156728912,1.161723131574661,1.1677376606575516,1.1749570245975685,1.183381494457161,1.1930107231015268,1.2038434267393605,1.2158770135958945,1.2291071585019657,1.2435273228393198,1.2591282209917658,1.275897236384866,1.2938177926709544,1.312868689136745,1.3330234127605727,1.354249443393925,1.376507572550911,1.3997512594049022,1.4239260503764823,1.448969089613741,1.4748087469482634,1.5013643874705698,1.528546302271041,1.5562558138847666,1.584385563089252,1.612819976257882,1.6414359056899055,1.6701034292677888,1.6986867911892507,1.7270454623146023,1.7550352972519305,1.7825097644696857,1.809321226833522,1.8353222509182299,1.8603669252533213,1.8843121696476228,1.9070190194254344,1.928353870395347,1.9481896719145375,1.9664070568072245,1.9828953983378867,1.9975537855110221,2.0102919089129134,2.0210308504891574,2.029703771282125,2.0362564921711868,2.040647963528011,2.042850620336601
1.1715007699336148,1.1727230289247574,1.1751678086148238,1.178835589233397,1.1837269826676382,1.1898426008791807,1.1971828781098328,1.2057478451129404,1.2155368534487905,1.2265482478131848,1.2387789847599042,1.2522241967873562,1.2668767017912643,1.2827264595373207,1.2997599788609386,1.3179596820674173,1.3373032363486683,1.3577628654281266,1.3793046588349398,1.4018878996001527,1.4254644344072969,1.449978112229648,1.4753643183011396,1.501549628819427,1.528451609246031,1.5559787739595135,1.5840307193452938,1.6124984352684717,1.6412647931207078,1.6702052019423168,1.6991884187478667,1.7280774948661493,1.756730837387856,1.7850033633089597,1.8127477238249787,1.8398155766560602,1.8660588858451237,1.8913312296807498,1.9154890995423213,1.9383931739393443,1.9599095537897284,1.9799109466283815,1.9982777884746445,2.0148992937498234,2.0296744243522507,2.0425127702741572,2.053335334871601,2.0620752189556115,2.0686781986329343,2.073103192594333,2.075322615622409
1.1935899307778262,1.1948326165711824,1.197318215046978,1.201047135382663,1.2060198793013266,1.2122369052041657,1.2196984447591912,1.2284042702219984,1.2383534106857383,1.249543815343233,1.2619719624960606,1.2756324135569475,1.290517312515641,1.3066158331648774,1.3239135784210248,1.3423919390221037,1.3620274221928634,1.3827909643434848,1.4046472457404504,1.4275540284489603,1.4514615416620988,1.4763119401620377,1.5020388619905918,1.5285671097440832,1.5558124767508086,1.5836817345428307,1.6120727919658902,1.6408750296437558,1.6699698068639024,1.699231131880983,1.7285264814093027,1.757717751474482,1.7866623190649407,1.815214192970542,1.843225231965239,1.8705464091093118,1.8970291021808037,1.9225263917326112,1.946894349904506,1.9699933047168072,1.9916890662727706,2.011854102403913,2.0303686530880456,2.047121773567304,2.0620122976288444,2.074949713191812,2.085854943397977,2.094661027198675,2.10131369441958,2.105771830872526,2.108007830281532
1.2159674073995974,1.2172305842294286,1.2197571269364966,1.2235473675531152,1.2286016884905449,1.2349203823926194,1.2425034631153982,1.2513504262057387,1.2614599571675218,1.2728295859195766,1.2854552863400042,1.2993310206412052,1.314448229456756,1.3307952705870236,1.3483568113928306,1.3671131829487675,1.3870397072040397,1.4081060120211097,1.4302753525883516,1.4535039607389528,1.4777404463564243,1.5029252762279812,1.5289903554728284,1.5558587350406967,1.5834444649424664,1.6116526082298523,1.6403794246199395,1.6695127262365723,1.6989324017245973,1.7285110990718617,1.7581150530975986,1.787605039730834,1.8168374372272007,1.8456653733067727,1.8739399371480119,1.9015114357432485,1.9282306753035026,1.9539502498012842,1.978525820196959,2.001817369519251,2.023690420318303,2.044017202403715,2.0626777600158674,2.0795609886262856,2.0945655926861173,2.1076009564545295,2.118587921125522,2.127459462099707,2.1341612614093854,2.138652170777407,2.140904561997002
1.2386330520357123,1.2399167725697664,1.242484361765636,1.246336068375544,1.251472146302261,1.2578927101903978,1.2655975408255542,1.2745858388837654,1.2848559253436895,1.2964048873928067,1.3092281688731362,1.323319105477106,1.3386684061361145,1.355263584112438,1.3730883434161985,1.392121929588524,1.4123384565300012,1.4337062252027633,1.4561870529012795,1.4797356350374034,1.5042989633253774,1.5298158253604077,1.5562164098390623,1.5834220396196446,1.6113450511386154,1.639888833565103,1.66894803542603,1.6984089400407494,1.728150005210554,1.7580425573208422,1.7879516255067425,1.817736898568858,1.8472537851727782,1.8763545570219753,1.9048895545931714,1.9327084357303748,1.959661448319239,1.9856007096689514,2.0103814766447083,2.033863391941423,2.055911693275504,2.076398373582636,2.095203281359685,2.1122151514694982,2.127332557614588,2.140464778717509,2.1515325722170324,2.1604688482604715,2.1672192395439263,2.171742562456816,2.1740111660252532
1.261586588467713,1.2628908937719736,1.2654996085161065,1.2694128920145753,1.2746308604379406,1.2811534381920893,1.2889801578242612,1.298109907100218,1.30854062185209,1.3202689235258611,1.3332897009527267,1.3475956369397406,1.3631766816412438,1.3800194767769207,1.3981067372079012,1.4174165992897487,1.4379219487256572,1.4595897439913643,1.482380354602768,1.5062469362143733,1.5311348662037794,1.5569812641838472,1.5837146207525705,1.6112545555525202,1.6395117217769446,1.6683878692763867,1.6977760726569602,1.7275611248694984,1.757620091110236,1.7878230128019308,1.8180337475158734,1.8481109277477181,1.8779090196323747,1.907279461925199,1.9360718655628073,1.9641352546030364,1.9913193304931693,2.017475742721241,2.0424593502542945,2.06612945939578,2.088351025214153,2.1089958045077184,2.1279434497272205,2.145082534072168,2.1603114989816588,2.1735395162506848,2.184687257732493,2.1936875665532343,2.2004860245539324,2.2050414115580486,2.207326052972485
1.2848276146067312,1.286152534207974,1.2888024304628005,1.2927773671034006,1.298077313389834,1.304701991316417,1.3126506701555736,1.3219219069969026,1.3325132322523687,1.3444207791824294,1.3576388574623415,1.372159471699322,1.3879717875235025,1.4050615498548555,1.4234104605414168,1.4429955254838411,1.463788384544426,1.4857546408655624,1.508853209069061,1.5330357043987024,1.5582458961793437,1.5844192492851448,1.6114825761292129,1.6393538189698154,1.6679419784649054,1.6971471994243412,1.7268610189406328,1.7569667767367338,1.7873401819011383,1.817850025644643,1.8483590260593739,1.8787247880927618,1.9088008604348699,1.9384378701939298,1.9674847162329605,1.9957898027856857,2.023202295578541,2.0495733841343093,2.074757534872138,2.098613721074288,2.1210066168268478,2.141807743200717,2.1608965560590994,2.178161465696453,2.1935007796501806,2.2068235607572917,2.218050393404448,2.227114051937214,2.233960065803175,2.2385471770475402,2.2408476866018097
1.3083556056871342,1.3097011576650268,1.3123922685157634,1.3164289002881906,1.3218108662089343,1.32853767385558,1.3366083143707468,1.3460209967548602,1.3567728261999747,1.368859426034929,1.3822745035105963,1.3970093609089775,1.413052355050003,1.4303883105290534,1.4489978944140005,1.4688569631630983,1.4899358956879358,1.512198929555173,1.5356035199712812,1.5600997436081783,1.585629770190407,1.612127424905149,1.6395178631540213,1.667717376343208,1.696633343420579,1.7261643379254266,1.7562003948862652,1.7866234365435587,1.8173078506765261,1.8481212111403398,1.8789251266455727,1.909576201439169,1.9399270900229972,1.9698276274045776,1.9991260164174052,2.027670054113366,2.0553083801390644,2.0818917309881906,2.107274185217338,2.131314385878449,2.153876727339175,2.1748324950507487,2.1940609474978063,2.2114503307277533,2.2268988166564694,2.24031535725089,2.251620447548041,2.2607467913554666,2.2676398642004933,2.272258369126116,2.274574581743413
1.3321699180260433,1.3335361091581182,1.3362684451366014,1.3403667802797954,1.3458307628056632,1.352659674021329,1.3608522124223512,1.3704062218700277,1.3813183631593522,1.3935837286886625,1.4071954010287129,1.422143957252992,1.4384169226542562,1.4559981797965493,1.4748673412501263,1.494999097341583,1.516362553377858,1.5389205735953855,1.5626291517111044,1.5874368298845873,1.6132841886511298,1.6401034300583222,1.6678180747006413,1.6963427900964758,1.725583364195376,1.7554368324327092,1.7857917621365387,1.816528692335043,1.8475207226222332,1.8786342405074379,1.9097297735637804,1.9406629503376591,1.971285552647921,2.001446641460686,2.030993738205911,2.05977404424643,2.0876356817772015,2.1144289404213605,2.1400075149442563,2.1642297204343466,2.186959672467288,2.2080684207068324,2.227435025322305,2.244947566629316,2.2605040791230806,2.274013401986257,2.2853959390145007,2.2945843217045065,2.3015239701443426,2.3061735471932767,2.3085053023120894
1.3562697932604704,1.3576566192407031,1.3604301687738407,1.3645901824816156,1.3701361347577197,1.3770670690488431,1.3853813770147785,1.3950765208779712,1.4061486984657867,1.4185924511303045,1.432400215611477,1.4475618222154871,1.4640639435850382,1.4818895003930173,1.5010170330742691,1.5214200514025462,1.5430663767450319,1.5659174946335974,1.5899279374515447,1.6150447189723687,1.6412068425912154,1.6683449050625272,1.696380815102985,1.725227643601885,1.7547896178759241,1.784962267706879,1.8156327258940916,1.846680181074789,1.8779764760869617,1.9093868413597188,1.9407707497775453,1.9719828774515091,2.0028741534842482,2.03329288136475,2.063085914503458,2.092099869001853,2.120182357355754,2.1471832277632026,2.172955794670728,2.197358047094913,2.2202538224186803,2.2415139341109347,2.261017242945459,2.2786516619286084,2.2943150862948314,2.3079162405094404,2.3193754352132636,2.3286252278596558,2.3356109816089634,2.340291317931258,2.34263845933408
1.38065436309447,1.3820618088170211,1.384876538737304,1.3890981739940587,1.3947260065252944,1.4017588306300273,1.4101947173874365,1.4200307313983578,1.431262589728712,1.4438842635067983,1.4578875236240663,1.473261433496933,1.489991793607757,1.5080605447405213,1.5274451396298194,1.5481178952348418,1.5700453409323696,1.593187580329626,1.617497686743356,1.6429211534310268,1.6693954202432884,1.6968494974422477,1.7252037053814917,1.7543695455672668,1.784249714687564,1.814738268403647,1.8457209369671668,1.8770755899694327,1.9086728433123654,1.9403767978776183,1.972045896628622,2.0035338849186934,2.0346908575731355,2.065364375898059,2.095400637507884,2.124645682687518,2.1529466211967354,2.180152864624026,2.2061173500838356,2.2306977420145535,2.253757599914684,2.2751675005061918,2.294806103933674,2.3125611542594267,2.3283304055964256,2.3420224657227036,2.3535575502429507,2.3628681408373025,2.3698995422510327,2.3746103334235964,2.376972709106227
1.405322654468678,1.4067506943134969,1.4096065505152295,1.413889719069557,1.419599301079858,1.4267338307788748,1.4352910453651784,1.4452675964965556,1.4566587034871064,1.469457749054069,1.483655819450747,1.4992411925130746,1.5161987787094229,1.5345095228175651,1.554149776305856,1.575090653171988,1.597297384823406,1.620728691859352,1.6453361926086474,1.6710638693147326,1.6978476130725941,1.7256148673024299,1.7542843878296666,1.7837661339248676,1.8139613010756666,1.8447625014272127,1.8760540934106227,1.9077126574806058,1.939607610812116,1.971601950674174,2.003553113278302,2.03531393338721,2.066733688656166,2.0976592122225934,2.1279360571272132,2.157409696402499,2.185926743324181,2.2133361771032463,2.2394905600522756,2.2642472332247667,2.2874694783139966,2.309027634558577,2.328800160157487,2.346674628540412,2.362548650783784,2.376330716061053,2.3879409430420826,2.3973117359384117,2.404388339634228,2.409129289392974,2.4115067514144553
1.4302735950936494,1.431722193260112,1.4346191014023124,1.4389636848651035,1.4447548458456099,1.4519908479437085,1.4606690817351697,1.4707857712975747,1.4823356220554171,1.495311411176544,1.509703522783913,1.5254994318799573,1.5426831427663803,1.561234589886155,1.5811290118408743,1.6023363115409919,1.6248204184835093,1.6485386709882808,1.673441238191067,1.6994706022511754,1.7265611212724812,1.754638692122304,1.7836205301077335,1.8134150791584285,1.843922062302752,1.875032677802639,1.9066299417655346,1.9385891739492687,1.9707786195197332,2.003060196494527,2.0352903560150635,2.067321041044824,2.0990007278666107,2.1301755344220963,2.1606903793933805,2.1903901763439158,2.2191210476655048,2.246731543915152,2.273073854778929,2.2980049987918094,2.3213879797403116,2.343092898510472,2.3629980099412853,2.3809907151201775,2.396968480169111,2.4108396737135798,2.422524315658327,2.4319547310480645,2.439076103483086,2.443846923444033,2.4462393278097267
1.4555060192207643,1.4569751301632172,1.459912996462878,1.4643188475510192,1.4701913789017076,1.4775285733905033,1.4863274627996377,1.496583829721026,1.5082918504641873,1.5214436806247282,1.5360289859507301,1.552034422885174,1.569443075021761,1.5882338539920915,1.6083808757694573,1.6298528259770793,1.6526123301001376,1.676615346673321,1.7018106029165747,1.7281390929966218,1.7555336586947559,1.7839186710205748,1.8132098287973526,1.8433140871175164,1.8741297246146584,1.905546554229728,1.9374462779770736,1.9697029819924006,2.002183764660118,2.03474948768791,2.0672556374203483,2.0995532824867054,2.131490112467861,2.1629115420143576,2.1936618648392208,2.2235854420879777,2.2525279102981557,2.280337394647354,2.306865714006685,2.3319695650293446,2.355511673302165,2.377361900387107,2.3973982963262266,2.4155080880639352,2.4315885948937384,2.4455480629571276,2.4573064115620618,2.4667958849524902,2.473961604054778,2.4787620134491717,2.4811692199713717
1.4810186737763156,1.4825082425876104,1.485486954681351,1.4899538984833907,1.4959075553204102,1.5033456176976698,1.5122647470423143,1.5226602713249346,1.53452582346858,1.5478529225976878,1.5626305011679167,1.5788443827945282,1.5964767174725787,1.6155053832298032,1.6359033655258766,1.6576381282722252,1.6806709925690992,1.7049565411925243,1.7304420680786632,1.7570670925132323,1.7847629572824355,1.8134525285052547,1.8430500124739995,1.8734609014751302,1.9045820569829615,1.936301934175665,1.9685009479696864,2.00105197657102,2.03382099546581,2.0666678315524085,2.09944702537609,2.1320087875124436,2.1642000344033123,2.195865488421288,2.22684882687446,2.2569938649196772,2.286145757729297,2.314152207985723,2.340864665248843,2.366139504730332,2.3898391733688875,2.411833292327997,2.4319997053519007,2.4502254634836893,2.4664077372729682,2.4804546484848693,2.4922860140372602,2.5018339957649602,2.5090436505282567,2.5138733759755545,2.5162952481437797
1.5068102245675858,1.5083201874571954,1.5113396152992802,1.5158674507019587,1.5219019537419183,1.5294405174119479,1.538479421893557,1.549013528183313,1.5610359125334399,1.5745374438413124,1.5895063076676859,1.6059274819696596,1.6237821718756433,1.6430472127225701,1.6636944532427238,1.6856901328843354,1.708994269585942,1.7335600758222822,1.7593334220098815,1.7862523665301555,1.8142467709947192,1.8432380177831182,1.8731388443389627,1.9038533056807534,1.9352768725161102,1.9672966687552869,1.9997918479748993,2.0326341081375343,2.065688314633835,2.0988132895091804,2.131862642025689,2.1646857398629873,2.197128738920728,2.2290356794331654,2.2602496301826873,2.2906138661506983,2.319973065195213,2.3481745100084637,2.3750692821124746,2.4005134354755,2.424369137861078,2.4465057688854825,2.4668009644536704,2.4851415979209315,2.5014246892270515,2.515558233890911,2.52746194465604,2.5370678993714106,2.5443210895212567,2.5491798647581683,2.551616269620998
1.5328792626527632,1.5344095474025565,1.5374695442453323,1.5420580453645785,1.5481730828938598,1.555811741701693,1.5649699104664245,1.5756419717312182,1.587820432750465,1.601495499597383,1.6166545986332834,1.633281850810906,1.6513575066255097,1.6708573512458962,1.6917520920798692,1.7140067429684356,1.7375800213278643,1.7624237760153036,1.7884824647145474,1.8156926995896405,1.8439828792749435,1.873272923537293,1.9034741244409963,1.934489124590691,1.9662120294968362,1.9985286572322847,2.0313169246626397,2.0644473694411225,2.097783777738605,2.1311839762018314,2.164500662611368,2.197582375893908,2.2302745231013974,2.262420471675733,2.293862689099335,2.324443915487214,2.354008355003173,2.3824028725462214,2.409478182612857,2.4350900180174033,2.4591002666642083,2.481378065451614,2.501800840864858,2.5202552868143617,2.536638270754616,2.550857660116039,2.562833061753083,2.5724964679805824,2.5797928036003355,2.584680369267832,2.58713117732008
1.5592243107670878,1.5607748372392347,1.563875240605994,1.5685241583033185,1.5747193882012567,1.5824576989894352,1.5917345782719006,1.6025439194920121,1.6148776495863206,1.6287253003719198,1.644073527962124,1.6609055863857658,1.6792007632076795,1.698933787500861,1.720074222272283,1.7425858560259397,1.766426109620647,1.7915454761037037,1.817887012060084,1.845385898670643,1.8739690900386854,1.9035550644171377,1.9340536915037592,1.965366225740935,1.997385432155182,2.0299958473609117,2.063074174969079,2.096489811043798,2.130105492443254,2.163778058470176,2.1973593142911687,2.230696983247798,2.2636357344058062,2.2960182710668717,2.327686466046753,2.35848252941569,2.3882501949065538,2.416835911531017,2.444090027590921,2.469867954661636,2.4940313000663026,2.51644895671917,2.5369981401451565,2.5555653630188693,2.572047338477344,2.586351804069228,2.5983982590616663,2.6081186087272776,2.6154577099274547,2.620373813317932,2.622838898384221
1.5858438297638888,1.5874145103968502,1.5905551430885816,1.5952642064959097,1.6015392583222703,1.6093767435261002,1.6187717398143395,1.6297176417080608,1.6422057855288514,1.6562250184894207,1.671761216740216,1.688796758753388,1.7073099623652073,1.7272744960198227,1.7486587766807502,1.7714253691105557,1.7955304027339647,1.8209230235864107,1.8475448995007897,1.875329796355289,1.9042032423063786,1.9340822950136374,1.9648754244142828,1.9964825203593763,2.0287950311812475,2.061696235441713,2.095061645861174,2.128759540996202,2.1626516176155195,2.1965937542913587,2.2304368748843317,2.2640278994741605,2.297210769209992,2.329827531298347,2.3617194699646924,2.3927282696465215,2.4226971965394193,2.4514722854691806,2.478903519155155,2.5048459877742646,2.529161017242664,2.551717255225212,2.57239170469825,2.5910706953648535,2.607650784245339,2.622039577215137,2.6341564643253608,2.643933262324404,2.6513147589020907,2.656259153763133,2.6587383928809714
1.6127362249395711,1.6143269652676713,1.6175076364257885,1.6222765545019442,1.6286310315446793,1.6365671818403644,1.6460796650296508,1.6571613677735795,1.6698030264272101,1.6839927944151147,1.699715759407282,1.7169534170230671,1.7356831098828889,1.755877442668104,1.7775036859499909,1.8005231835619073,1.8248907796774807,1.8505542829403172,1.8774539853843113,1.9055222536017495,1.9346832084126786,1.9648525075870498,1.9959372434079579,2.0278359640140913,2.0604388239816243,2.093627866219125,2.12727743384527,2.1612547077083355,2.195420362411227,2.2296293316163367,2.263731671580309,2.2975735106140545,2.3309980713772798,2.3638467523447355,2.3959602548012358,2.4271797415429046,2.4573480138810138,2.486310693893056,2.513917399196986,2.5400228982908843,2.564488234819042,2.5871818099089183,2.607980412409204,2.6267701873281393,2.6434475337899146,2.6579199242782807,2.670106637996618,2.679939401770617,2.6873629328963093,2.692335379217449,2.6948286525355765
1.6398998523727506,1.6415105515248976,1.6447310576435743,1.6495595207223235,1.655993002116451,1.6640272790066695,1.6736565855516987,1.6848732924126593,1.6976675276461757,1.712026742782181,1.7279352296393717,1.7453735949790596,1.7643182020069041,1.7847405897681032,1.8066068832873377,1.8298772093835511,1.854505134100745,1.8804371390326302,1.907612153857206,1.9359611621029227,1.9654068958649327,1.9958636334070463,2.027237110967299,2.0594245571121856,2.092314854755359,2.125788832587308,2.159719684435736,2.1939735121947685,2.228409985220253,2.262883107214559,2.2972420796693713,2.33133224988279,2.364996130757653,2.3980744789570867,2.4304074179813866,2.461835592663401,2.4922013417778466,2.5213498759009636,2.5491304479311094,2.5753975043119333,2.60001180549314,2.622841504771569,2.643763175303211,2.6626627757058468,2.679436545454572,2.693991821963708,2.7062477720305558,2.7161360311453513,2.7236012450628295,2.728601508839592,2.7311086995215352
1.6673330249904446,1.6689635762384998,1.6722237021848239,1.6771113835432758,1.6836234263039902,1.6917552647199772,1.7015007007062566,1.7128515816589458,1.725797419918235,1.7403249580645985,1.7564176858834433,1.7740553164255055,1.7932132304914739,1.8138619007836398,1.8359663087814215,1.8594853691576434,1.8843713777626403,1.9105695001123233,1.938017317363383,1.9666444463463555,1.9963722488995412,2.02711364385367,2.0587730324477653,2.091246345123338,2.1244212143772794,2.158177275191716,2.192386591448963,2.2269142038703973,2.2616187926035454,2.296353445454842,2.3309665212011046,2.3653025962220537,2.399203481830358,2.4325092992512882,2.465059598997916,2.4966945112784353,2.5272559144791815,2.55658860875388,2.584541482521467,2.6109686597232047,2.635730616683923,2.658695257564082,2.67973893826937,2.698747429347373,2.715616808957264,2.730254277771519,2.742578888646971,2.752522184404467,2.7600287381243405,2.765056591203589,2.7675775853175675
1.6950340185615305,1.6966843097956932,1.6999838298548957,1.7049303872239363,1.7115205282990824,1.7197493391283658,1.729610183316542,1.7410943785209185,1.7541908148877206,1.7688855200197524,1.7851611765496145,1.80299660009767,1.8223661872150654,1.8432393446733937,1.8655799133640065,1.8893456015750825,1.9144874436463362,1.9409493004819778,1.96866741883125,1.9975700652696513,2.0275772497048026,2.058600551204266,2.090543056509953,2.123299418654025,2.1567560401413086,2.190791381875762,2.2252763962107207,2.260075079621392,2.295045138178762,2.330038757063785,2.364903463699874,2.3994830729720524,2.4336187022387765,2.4671498432550987,2.4999154779410193,2.5317552249916813,2.562510504276292,2.5920257065006673,2.6201493557109417,2.646735252891706,2.6716435892674424,2.6947420185189888,2.715906677823446,2.7350231480068894,2.751987344217318,2.766706328814358,2.779099039230003,2.7890969242861217,2.796644483300471,2.8016997031644353,2.8042343895969717
1.7230010774058389,1.7246709916636525,1.728009670534189,1.7330147475919118,1.7396825058520253,1.7480076784067067,1.7579831851571182,1.7695998083449347,1.7828458103358298,1.7977064986911517,1.814163744811688,1.8321954642644929,1.851775068510371,1.8728708998058232,1.8954456623428622,1.9194558646133921,1.9448512886671239,1.9715745027389209,1.9995604334991686,2.0287360137054935,2.0590199194226986,2.090322409246394,2.122545275320421,2.155581913314586,2.189317515345902,2.2236293870336503,2.2583873867557016,2.293454482782314,2.328687421473014,2.3639374979073886,2.3990514188210867,2.4338722464930234,2.468240411460957,2.501994781535489,2.5349737741697203,2.5670164993343807,2.5979639201445726,2.6276600186383066,2.6559529545720757,2.6826962054150045,2.7077496763114137,2.730980769194492,2.752265400959867,2.771488961126453,2.788547200230775,2.8033470407363144,2.815807303211782,2.825859341214276,2.8334475792289266,2.8385299488126186,2.8410782191713526
1.751232419922775,1.752921835853094,1.7562994296062282,1.7613626574588293,1.7681075356263576,1.776528440031707,1.786617842155083,1.7983659838890689,1.8117604950852884,1.8267859591475144,1.8434234331420563,1.8616499309058998,1.8814378790174136,1.9027545575210798,1.9255615386319012,1.9498141382816685,1.9754608960665971,2.0024430997655145,2.0306943704689577,2.0601403234742883,2.0906983188735144,2.122277313617425,2.1547778246059353,2.188092009460182,2.222103868790733,2.2566895708722225,2.2917178968692995,2.3270508020853,2.3625440867623317,2.398048167715587,2.4334089410803084,2.468468724844455,2.503067269422559,2.5370428238601153,2.5702332449200953,2.602477136478206,2.6336150064397668,2.66349042887515,2.6919511992337077,2.7188504709059593,2.7440478619553943,2.7674105212729656,2.788814144004843,2.808143926801826,2.8252954540021955,2.8401755066511876,2.8527027870603434,2.862808552285245,2.8704371509424766,2.87554645846377,2.878108207003481
1.7797262437851853,1.781435036140565,1.784851293180325,1.789972291761075,1.7967937782861028,1.80530976779195,1.8155122792670517,1.827391010042463,1.840932953567898,1.8561219658143604,1.8729382873609166,1.8913580295804302,1.9113526352444692,1.932888325334214,1.9559255455539686,1.9804184271339185,2.006314277443777,2.033553116365574,2.062067273942892,2.091781064291739,2.12261054908162,2.154463402023241,2.1872388835351786,2.220827931846358,2.25511337416105,2.289970258631726,2.3252663051437907,2.360862470563947,2.396613621876867,2.432369308874169,2.467974626562899,2.5032711564780863,2.5380979752121933,2.5722927178573016,2.6056926840528862,2.638135973940548,2.6694626416497984,2.6995158538842445,2.728143041694496,2.755197033809715,2.780537160214127,2.8040303154717923,2.825551971552023,2.8449871306889647,2.862231209489631,2.8771908461179883,2.889784623256247,2.899943700267278,2.907612348902175,2.912748387691261,2.9153235112058833
1.808480730912038,1.8102087710017782,1.8136634329807253,1.8188418124134462,1.825739383242302,1.834349796459086,1.8446646150226267,1.8566729882523683,1.8703612700298995,1.8857125865164026,1.9027063604602097,1.921317800923849,1.9415173687417309,1.9632702297893483,1.9865357093512,2.0112667623492118,2.0374094745562394,2.0649026106609822,2.093677224268678,2.1236563444101852,2.1547547515907364,2.186878854227938,2.2199266744481676,2.253787949084772,2.2883443493461266,2.323469819690772,2.359031033981515,2.394887964447016,2.430894557061586,2.466899505167925,2.5027471116288016,2.538278228953251,2.573331265771071,2.6077432477711016,2.641350920749978,2.673991883349879,2.7055057371942706,2.735735242124922,2.7645274646955196,2.791734908314163,2.817216613918163,2.8408392204982564,2.8624779754161507,2.8820176850078227,2.899353596643919,2.9143922041838364,2.9270519693593053,2.9372639526789546,2.944972348065081,2.9501349163942985,2.9527233141515077
1.8374940521259604,1.8392412082659213,1.8427340109530075,1.8479693728418185,1.8549424931621004,1.8636466561305964,1.8740729657846202,1.8862100205778312,1.9000435324561977,1.9155558961288293,1.9327257160059144,1.9515272997626132,1.9719301289743496,1.9938983189918829,2.017390081388551,2.042357203598841,2.0687445607524775,2.096489675210772,2.125522338688901,2.1557643110855453,2.18712910863386,2.219521891963459,2.2528394625229846,2.2869703731056203,2.321795155647612,2.3571866666850707,2.393010548587998,2.4291258020774573,2.465385463750813,2.501637380558174,2.537725071719985,2.5734886676703406,2.6087659146555127,2.6433932331981143,2.677206818335367,2.710043769256667,2.7417432362530048,2.7721475727294282,2.801103480579977,2.828463137272197,2.854085293691472,2.8778363320348532,2.8995912736675233,2.9192347275703505,2.9366617704476115,2.9517787504418793,2.9645040070737,2.9747685008718032,2.982516346986614,2.987705247917531,2.990306821572233
1.866764371545775,1.8685305094523394,1.8720611835636531,1.8773531222494537,1.8844012481037329,1.8931984763182328,1.9037354496288463,1.9160002134592642,1.9299778361055926,1.9456499799318128,1.9629944312496495,1.9819845979983313,2.0025889858468187,2.0247706648183534,2.0484867400181015,2.0736878406050403,2.100317642232853,2.1283124379064122,2.1576007719450025,2.1881031508481508,2.2197318431317705,2.2523907786551676,2.285975555273832,2.3203735584904894,2.355464197008862,2.3911192545536855,2.42720335588068,2.463574542746415,2.500084953415765,2.5365815979944246,2.572907220096512,2.608901234675761,2.6444007308330937,2.6792415279201203,2.713259273094144,2.7462905679944383,2.778174112647584,2.8087518544012218,2.837870130269057,2.8653807911543723,2.8911422969216063,2.915020771738495,2.936891009649568,2.9566374208654755,2.974154910011,2.98934967816902,3.002139941406316,3.012456559189876,3.0202435669777667,3.025458608215586,3.0280732617394146
1.8962898505963701,1.8980748338053544,1.9016431058182335,1.906991209535764,1.9141137893656566,1.9230033896444811,1.9336501899679728,1.9460416811492898,1.960162286772444,1.975992936639821,1.9935105998979508,2.0126877870899467,2.033492031914818,2.0558853648776774,2.0798237922324816,2.105256794433091,2.132126859029908,2.1603690626654,2.1899107166791825,2.2206710896192967,2.252561218542847,2.2854838190849778,2.3193333020259956,2.353995901731099,2.3893499191221337,2.425266079557352,2.4616080034920915,2.4982327856180815,2.5349916764266047,2.571730858226033,2.6082923066515527,2.6445147274429366,2.6802345574713415,2.7152870187086675,2.7495072131087324,2.782731246553498,2.8147973697642232,2.8455471243511266,2.8748264822333454,2.9024869670911855,2.928386746794656,2.952391686339142,2.9743763511072623,2.9942249511753545,3.0118322177146806,3.0271042034532156,3.0399589998021077,3.050327364114671,3.0581532512911163,3.0633942450193468,3.0660218846244542
1.9260686518232042,1.927872342060732,1.93147793492709,1.9368817869344377,1.9440782630287319,1.953059535284948,1.963815318832177,1.9763325488223564,1.990595003690868,2.0065828811088307,2.024272334606865,2.0436349802766287,2.0646373843861814,2.0872405441553896,2.1113993750280957,2.137062218598113,2.164170385791198,2.1926577499234043,2.2224504036147494,2.253466392719806,2.285615538654046,2.318799358929996,2.3529110932839443,2.387835840495619,2.423450808553029,2.4596256783231167,2.4962230786465547,2.5330991685920052,2.5701043208696857,2.607083898633353,2.6438791167816302,2.680327977729025,2.716266270845093,2.751528624234166,2.7859495972093145,2.819364801527262,2.851612039523562,2.8825324473259575,2.9119716315148696,2.9397807878966105,2.965817791424164,2.989948246733094,3.012046489295073,3.031996527707641,3.049692918373473,3.0650415643914086,3.077960431367349,3.088380173505638,3.096244664320242,3.101511427084767,3.1041519611504675
1.9560989423215345,1.9579211998621282,1.961563833735807,1.9670230133299682,1.9742928231801542,1.98336506210094,1.9942289798443404,2.006870955414392,2.0212741222071973,2.0374179467779236,2.0552777691841153,2.0748243145550305,2.096023186762025,2.118834356416716,2.14321165654034,2.169102299885135,2.1964464323775603,2.225176736971624,2.255218101706185,2.286487364694644,2.3188931471878083,2.3523357842460504,2.386707360030043,2.421891852772606,2.4577653918018902,2.494196626806184,2.531047207164109,2.5681723672149124,2.6054216114613644,2.6426394920969876,2.6796664701893422,2.7163398504590663,2.752494779181049,2.787965293966794,2.822585413873868,2.8561902580860212,2.888617181375902,2.9197069146211336,2.94930469879172,2.9772614011898137,3.003434602915869,3.0276896471380934,3.0499006381540275,3.0699513818068165,3.08773625843956,3.1031610203056954,3.116143506080467,3.1266142658430334,3.1345170908787017,3.139809443429526,3.1424627824435865
1.9863788969213756,1.988219580910548,1.9918989737921293,1.9974130573063267,2.004755634898454,2.0139181314539196,2.0248893309247804,2.037655056136513,2.0521977961086266,2.068496287809885,2.08652506050144,2.106253952354432,2.1276476103130557,2.150664985439219,2.175258836978732,2.2013752590634152,2.2289532442703544,2.2579242981365204,2.2882121180590813,2.3197323490777113,2.352392427412192,2.3860915208598694,2.4207205730174306,2.456162456055399,2.4922922343944856,2.5289775393038934,2.566079052357069,2.603451093582358,2.6409423083973955,2.678396445895466,2.715653219847694,2.7525492426181977,2.788919021620365,2.82459600714157,2.859413680242516,2.8932066689885594,2.9258118813448477,2.9570696431465398,2.9868248294799065,3.0149279785071896,3.041236376561788,3.06561510425104,3.087938033511381,3.108088766162171,3.125961505250931,3.14146185100766,3.154507514083061,3.165028939480336,3.1729698354730522,3.178287602640304,3.1809536591260836
2.0169067010729536,2.018765669856875,2.022481538213543,2.0280500998952604,2.0354648768658823,2.0447169197614166,2.055794546700945,2.068683024763577,2.083364199711679,2.0998160809769844,2.1180123901828933,2.137922082990701,2.159508855292358,2.182730645957493,2.207539149357989,2.233879351349166,2.261689102854709,2.2908987448189126,2.321430797755383,2.353199728040825,2.3861118015943674,2.4200650337204217,2.454949241973534,2.49064620646396,2.5270299399072806,2.563967067438669,2.6013173139933636,2.6389340952673086,2.6766652063180048,2.7143536006106155,2.7518382508734445,2.7889550822121345,2.8255379671715617,2.8614197717381993,2.896433441114997,2.9304131136106557,2.96319525111787,2.9946197745564334,3.0245311928796488,3.052779714464539,3.0792223300007775,3.1037238564882395,3.126157932309697,3.1464079540666736,3.1643679463037837,3.179943356074373,3.1930517649644656,3.2036235119794556,3.211602221607645,3.2169452321919754,3.2196239206469874
2.0476805534701388,2.0495576648425144,2.053309724189813,2.0589323370618278,2.0664187437912633,2.075759620786572,2.086942820662413,2.099953055606723,2.114771529697719,2.1313755273243253,2.1497379660558296,2.169826923905397,2.1916051519203,2.2150295844497174,2.2400508600600473,2.2666128667697256,2.2946523255306093,2.324098425425712,2.3548725236361707,2.3868879219839956,2.4200497304414497,2.4542548261986203,2.489391914815494,2.5253416978322067,2.5619771490228764,2.5991638991666624,2.6367607272830806,2.674620154282609,2.712589133217606,2.750509829075632,2.788220479515393,2.8255563272333633,2.862350613713458,2.898435623523476,2.933643768023107,2.96780869707127,3.0007664271326466,3.0323564743767477,3.062422981324029,3.09081582595748,3.1173917024760405,3.1420151632121285,3.1645596118869403,3.1849082386993013,3.2029548885354706,3.2186048541664656,3.231775587091492,3.242397319430543,3.2504135911525993,3.255781677775865,3.2584729146110805
2.0786986683669255,2.080593779891091,2.084381745287301,2.090057981916863,2.0976154485477387,2.10704444766877,2.1183323670736045,2.1314633652953825,2.1464180067143652,2.163172853563733,2.181700023372133,2.2019667216787275,2.2239347612480476,2.24756007977341,2.2727922692395714,2.2995741303539625,2.3278412657289107,2.3575217251970213,2.3885357159314085,2.4207953890084055,2.454204712483117,2.488659439356375,2.5240471767975765,2.560247560842764,2.5971325385756363,2.634566757771246,2.672408061827036,2.7105080860260746,2.7487129494314733,2.786864035366218,2.824798852137949,2.862351964677602,2.899355987038441,2.9356426251002645,2.9710437583154232,3.0053925493129237,3.0385245697607153,3.0702789311891148,3.1004994094086924,3.1290355514142334,3.1557437540557696,3.180488304020553,3.2031423692672494,3.22358893245528,3.2417216576850274,3.2574456823795988,3.2706783269697035,3.2813497158351073,3.2894033036991135,3.29479630270595,3.2975000061920516
2.10995927773814,2.1118722469401954,2.115695833502181,2.1214252667005655,2.1290532240618996,2.138569634705275,2.149961422626337,2.1632121942939238,2.1783018767404565,2.1952063133157136,2.213896825827377,2.234339752899641,2.2564959757729586,2.2803204435824735,2.3057617110817508,2.3327615021989265,2.361254312801861,2.391167065922266,2.4224188318437623,2.454920624405402,2.488575283394278,2.5232774511671057,2.558913649693583,2.595362462087611,2.6324948205878838,2.670174400882707,2.7082581206365837,2.7465967382944694,2.785035546608137,2.823415153782914,2.8615723442447885,2.8993410095776384,2.9365531399051714,2.9730398650041403,3.008632534283492,3.0431638242857266,3.076468862471763,3.1083863558469162,3.138759713225521,3.167438150024707,3.1942777649391796,3.219142578051566,3.241905520484225,3.2624493662687515,3.280667597629494,3.29646519560362,3.309759348619451,3.320480072468406,3.3285707359533823,3.3339884873012293,3.336704577506181
2.141460633085906,2.143391317711645,2.147250241033893,2.15303244453683,2.1607303249612495,2.1703334389311757,2.181828247913147,2.1951978082390577,2.2104214122626,2.2274741880866618,2.24632666642186,2.266944324798473,2.2892871199375504,2.313309020659595,2.338957553935608,2.3661733774493703,2.3948898918246333,2.4250329056106557,2.456520365075576,2.489262160030675,2.523160015297016,2.558107475746563,2.5939899909126076,2.630685103173411,2.6680627413348943,2.705985619506371,2.7443097391350606,2.782884990286066,2.8215558467401216,2.860162147904917,2.8985399595265977,2.9365225041048144,2.9739411511508655,3.0106264568612295,3.0464092423225178,3.081121699113156,3.1145985110461996,3.146677980702748,3.177203149610582,3.2060229010478962,3.2329930347735933,3.2579773033132926,3.28084839993922,3.3014888889944025,3.3197920697769607,3.3356627659449027,3.3490180329921344,3.3597877773356637,3.3679152811702275,3.3733576283174975,3.3760860270559014
2.173201007109947,2.1751492653227085,2.1790432419098877,2.1848777909412016,2.1926450290651527,2.2023341414683384,2.213931128654604,2.22741849903298,2.242774913277576,2.2599747881161156,2.2789878681363214,2.299778775779801,2.3223065504825025,2.346524189108633,2.3723782003406835,2.399808186138377,2.428746463322255,2.459117738074753,2.4908388452811194,2.523818563659447,2.5579575160200774,2.593148162526674,2.6292748926536467,2.6662142198062426,2.7038350803887865,2.7419992370631467,2.7805617842005588,2.819371751631503,2.8582728012345204,2.8971040096334764,2.935700728946543,2.973895516647546,3.011519124833863,3.0484015385003636,3.084373052102355,3.1192653733198954,3.1529127428381227,3.185153058893235,3.2158289954653054,3.244789103142247,3.2718888819862952,3.2969918160555043,3.3199703597901675,3.340706866811555,3.3590944524870445,3.375037782119269,3.388453777398247,3.3992722345811344,3.407436348615281,3.412903138401209,3.4156437691878834
2.205178695151245,2.2071443857082897,2.211073133314228,2.2169596051361906,2.2247956385953933,2.2345700486750215,2.246268376765639,2.2598725858059296,2.27536070806661,2.2927064530703487,2.311878784444064,2.332841475802255,2.3555526566525744,2.3799643603846534,2.406022086925383,2.4336643929902535,2.462822522905562,2.4934200924374643,2.5253728374971223,2.558588438321429,2.5929664283560045,2.628398195460173,2.664767081027191,2.7019485809042534,2.7398106497146717,2.7782141084469427,2.8170131532365046,2.8560559614699503,2.895185389951429,2.9342397583088933,2.973053709863849,3.0114591409708984,3.0492861893807905,3.0863642711863832,3.1225231558237723,3.1575940680861136,3.191410806032204,3.2238108636414644,3.2546365470823813,3.2837360737158816,3.310964643162805,3.336185470156707,3.3592707693436314,3.3801026826333485,3.3985741404908696,3.4145896489231062,3.4280659949654617,3.438932863964429,3.447133363000604,3.4526244455700295,3.455377233546654
2.2373920164086787,2.2393749988366976,2.2433382368158936,2.249276211235021,2.2571804812539202,2.2670394931613127,2.2788383312417717,2.292558415697413,2.308177153884989,2.3256675525307853,2.3449977996984663,2.36613082660529,2.3890238603215956,2.4136279793080844,2.4398876842658486,2.4677404971171812,2.4971166008573764,2.527938532627485,2.560120941514716,2.593570421608098,2.6281854292933198,2.6638562921726017,2.7004653152026337,2.737886987679407,2.7759882927389934,2.8146291191245414,2.853662773226969,2.8929365875414064,2.9322926203290103,2.971568439817963,3.01059798516135,3.0492124953795106,3.087241496803723,3.1245138388319647,3.1608587674418227,3.196107025502487,3.230091968954937,3.2626506875775494,3.293625119477737,3.322863148272353,3.3502196724368223,3.375557636539651,3.398749014496882,3.4196757355714045,3.4382305443593295,3.4543177866959223,3.467854114118563,3.4787691003496333,3.4870057639962675,3.492520992679981,3.49528586460616
2.2698393149930656,2.2718394497563628,2.275836899359396,2.281825959132324,2.2897979111300533,2.2997408345790373,2.3116393588864637,2.325474364444416,2.341222637438442,2.3588564864105557,2.3783433294198244,2.3996452618597415,2.4227186159768257,2.4475135238941674,2.4739734966225733,2.5020350316386555,2.531627261678346,2.5626716568182712,2.5950817912393402,2.6287631849413744,2.663613229219666,2.699521203152045,2.736368386529987,2.7740282727778216,2.8123668834613182,2.8512431842091543,2.89050959986124,2.9300126252822265,2.969593526509804,3.009089125749577,3.048332662449248,3.087154721910679,3.1253842219039485,3.162849447255127,3.19937912195612,3.234803507920795,3.2689555194110844,3.3016718421051077,3.332794045789293,3.362169679843285,3.3896533409200114,3.4151077025966496,3.4384044971887806,3.4594254403806297,3.4780630899893494,3.494221630801639,3.5078175780781193,3.5187803932069586,3.5270530057429283,3.532592236989655,3.535369121159506
2.3025189608512444,2.304536109455503,2.3085674941090533,2.3146072253588423,2.322646309430937,2.3326724602791087,2.344669854870408,2.3586188369030827,2.374495575291252,2.392271685193924,2.4119138203966357,2.4333832471840897,2.456635410639394,2.481619505183162,2.508278061630222,2.536546563294973,2.566353103551236,2.59761809680768,2.6302540540074553,2.6641654328332356,2.6992485711604446,2.735391710934644,2.7724751177126112,2.8103712993867105,2.8489453255859774,2.8880552475954193,2.9275526166498262,2.967283096986309,3.007087168510105,3.0468009125639752,3.0862568732303974,3.125284985577467,3.16371356154424,3.201370323440707,3.2380834747222083,3.273682797239725,3.308000764040977,3.34087365677383,3.3721426766743527,3.401655038401899,3.429265036131289,3.4548350716759657,3.4782366348793388,3.4993512269600004,3.5180712180877878,3.5343006311612783,3.5479558443863377,3.5589662061490244,3.5672745563855046,3.5728376496480823,3.575626475860946
2.335429350461281,2.3374633756087175,2.3415284211302914,2.3476184136909883,2.3557240850688856,2.3658327858769,2.377928243213248,2.3919902673711886,2.4079944141019602,2.4259116101121703,2.44570775078713,2.4673432800966704,2.490772763704677,2.5159444669480413,2.5427999499189364,2.5712736919487593,2.601292757810557,2.6327765174144884,2.6656364299155384,2.69977590215253,2.7350902299717768,2.771466629257468,2.808784361937621,2.846914960396069,2.8857225516300087,2.925064281103831,2.9647908340865152,3.004747050959329,3.0447726313671244,3.08470292081041,3.124369772151229,3.1636024736058506,3.2022287339193953,3.2400757148643926,3.2769711007638076,3.3127441942776863,3.347227027689975,3.3802554786849384,3.4116703797266035,3.441318610305583,3.469054161475269,3.4947391625359217,3.518244860031387,3.539452539869479,3.5582543837166556,3.5745542517668993,3.5882683844417347,3.599326016465652,3.607669897619387,3.613256715276818,3.616057414802751
2.368568907457917,2.3706196731382594,2.3747181079776105,2.3808579557030614,2.389029675126216,2.399220255588862,2.4114129770554,2.4255871198444487,2.44171763077033,2.459774753186535,2.4797236300362338,2.5015238898569234,2.5251292266698546,2.5504869853687917,2.5775377647136715,2.6062150501042476,2.636444888339459,2.668145615818815,2.7012276510795763,2.7355933613732977,2.77113701156884,2.807744802250483,2.845295002060778,2.8836581775592376,2.9226975221344857,2.9622692836513616,3.0022232888199842,3.0424035607169158,3.082649024405803,3.12279429436417,3.1626705362693115,3.202106394734677,3.2409289778687262,3.278964888838481,3.316041294161017,3.3519870181790137,3.3866336528417302,3.419816671935615,3.451376538953316,3.4811597977739615,3.5090201357233064,3.5348194088660407,3.5584286196557926,3.579728837854757,3.5986120558095394,3.6149819702384853,3.6287546830552744,3.639859314693532,3.6482385242562594,3.653848931542467,3.656661437056706
2.4019360830933087,2.4040034546768894,2.408135010078864,2.4143243111147896,2.422561545192736,2.432833342577706,2.4451225389128783,2.4594078881539194,2.475663732518393,2.493859637202403,2.5139599987745336,2.535923637277349,2.5597033828862847,2.5852456686500003,2.6124901413236814,2.6413693023495974,2.671808190982884,2.7037241208937233,2.7370264809703944,2.7716166098081962,2.8073877521159774,2.844225103664639,2.882005949788157,2.92059990065583,2.9598692247830085,2.9996692804120233,3.039849042855452,3.08025172419946,3.1207154804256936,3.1610741996744043,3.2011583643106065,3.2407959785071756,3.2798135522185885,3.318037131838145,3.355293367416676,3.3914106058003086,3.4262199990106104,3.459556617047303,3.4912605542150605,3.521178018367585,3.5491623925218545,3.575075258801235,3.5987873748236625,3.6201795933908554,3.639143716753186,3.655583277392995,3.669414238030468,3.6805656042040202,3.688979943828777,3.694613808721763,3.6974380542926837
2.43552935656297,2.4376132009042424,2.4417776110866454,2.4480159681017564,2.456318189610758,2.4666705490806193,2.4790554407939664,2.4934510960121736,2.509831256836338,2.5281648156005727,2.5484154286229095,2.570541114438277,2.5944938471701353,2.6202191565836954,2.6476557466888573,2.6767351448026946,2.7073813929155417,2.739510792540179,2.7730317136381446,2.80784447686737,2.843841317285315,2.880906436033926,2.9189161448616616,2.9577391067026886,2.9972366736506424,3.03726332205576,3.0776671827655133,3.118290663011122,3.158971154999298,3.199541825049553,3.2398324759999584,3.279670474624659,3.3188817351180826,3.357291748917691,3.3947266508702603,3.431014311133523,3.46598544223938,3.4994747104622648,3.531321840744737,3.5613727045039796,3.5894803799140997,3.6155061744801813,3.6393206002272023,3.6608042922553974,3.6798488619507204,3.6963576768386064,3.710246559764571,3.721444400794402,3.729893676163459,3.735550869341489,3.7383867903715267
2.46934723529237,2.471447420767145,2.4756444230695624,2.4819314434723974,2.4902981316117616,2.500730406524577,2.5132102241910266,2.5277152969619134,2.5442187713901596,2.562688872288218,2.5830885219368436,2.605374944354972,2.6294992654002307,2.655406120079423,2.683033278822545,2.712311304515492,2.7431632519819513,2.7755044209878728,2.809242173044656,2.8442758213109887,2.8804966014607754,2.9177877299106614,2.956024554289099,2.995074799155164,3.034798908400853,3.0750504839682167,3.1156768189641513,3.156519521691241,3.197415225740497,3.2381963799870945,3.2786921113894705,3.3187291522904148,3.358132823446248,3.3967280630975187,3.43434049211985,3.4707975047852715,3.5059293745348192,3.5395703640196685,3.571559828637432,3.601743303003237,3.6299735598947374,3.6561116315698103,3.6800277837558384,3.701602433111436,3.7207269994217245,3.7373046845514653,3.75125117083538,3.7624952323001404,3.770979253029924,3.776659647783153,3.7795071809718124
2.5033882550352353,2.5055046516396065,2.5097339866296537,2.516069282722615,2.5244999233418315,2.5350114755181474,2.547585460067343,2.5621990742942975,2.5788248738369686,2.5974304214210573,2.6179779115086546,2.6404237806138333,2.664718314100631,2.6908052606800488,2.7186214662526265,2.7480965388473177,2.7791525560801804,2.8117038261173932,2.845656712299715,2.8809095304991863,2.9173525269827945,2.954867943106114,2.9933301715574943,3.032606007148362,3.0725549935297307,3.1130298655053883,3.1538770849519566,3.1949374670041104,3.236046891608601,3.2770370944804466,3.3177365302089794,3.3579712995917075,3.3975661322051107,3.4363454147968917,3.47413425548133,3.5107595734248584,3.5460512033852636,3.579843004474243,3.611973962397504,3.6422892746081637,3.670641407970086,3.6968911188812767,3.720908426093322,3.742573527108775,3.7617776494025676,3.7784238285178415,3.792427605650345,3.803717638242119,3.812236217763559,3.817939689903795,3.820798773225682
2.537650979964533,2.539783459360678,2.5440448709349086,2.5504280600918823,2.5589221458580638,2.5695123457804967,2.5821797487105336,2.5969010408512174,2.6136481915989647,2.632388107089819,2.653082260200717,2.6756863069579535,2.7001496999653702,2.7264153100151276,2.7544190674575098,2.7840896348797686,2.8153481224600627,2.848107856751494,2.8822742129720678,2.9177445196521656,2.9544080434054565,2.992146059928771,3.030832015895564,3.0703317847454588,3.1105040176378913,3.1512005892771935,3.1922671366314708,3.233543687245138,3.2748653722857566,3.316063218394762,3.3569650112599674,3.397396222910073,3.4371809939520754,3.476143161286805,3.514107321462489,3.550899919297975,3.5863503512625043,3.6202920730396353,3.652563700490996,3.6830100935637544,3.7114834127358236,3.737844137939503,3.7619620403061425,3.7837170974916208,3.8030003439912936,3.819714648363626,3.8337754100748223,3.845111169444102,3.8536641248948937,3.8593905527168726,3.862261125374651
2.572134002655713,2.574282438194606,2.578575673687246,2.5850063784469377,2.593563409016358,2.6042316360031155,2.6169917195658554,2.6318198387842515,2.648687381587391,2.6675606029900822,2.688400260567635,2.7111612368477287,2.735792159351544,2.762235029272765,2.7904248702612864,2.820289408755141,2.851748797087817,2.8847153899888065,2.919093584354493,2.9547797311278168,2.991662126762685,3.029621090444944,3.068529131526131,3.1082512102171806,3.1486450926985334,3.189561800425705,3.230846151605155,3.2723373915924374,3.31386990747963,3.3552740208471894,3.3963768518088586,3.437003246349495,3.476976758242742,3.516120676168179,3.5542590862557346,3.5912179597191614,3.626826255156332,3.660917024917369,3.693328514895948,3.7239052472090814,3.752499075475334,3.7789702026069687,3.803188151473767,3.825032679242477,3.8443946267685543,3.861176694987801,3.8752941410727444,3.886675387704555,3.895262539842275,3.901011804033175,3.903893806425916
2.60683594397649,2.6090002107543793,2.6133250209925563,2.619802869186587,2.6284223513038523,2.6391679936496115,2.6520200309832442,2.6669541393116365,2.6839411298538765,2.702946612049661,2.723930634411145,2.746847312953944,2.77164445775291,2.7982632086200954,2.826637691244774,2.8566947050581817,2.8883534539805105,2.921525330490143,2.956113762784986,2.99201413371298,3.0291137788451135,3.067292069758495,3.1064205869515553,3.1463633853213997,3.1869773533886705,3.2281126659869184,3.2696133285240028,3.3113178094544415,3.3530597563395403,3.3946687895922216,3.435971367017795,3.47679171118468,3.5169527911129483,3.556277348850552,3.5945889612368878,3.6317131266224907,3.6674783661258386,3.70171732888985,3.7342678906992464,3.7649742355537916,3.7936879097673533,3.820268838687515,3.8445862963250894,3.866519818718098,3.8859600524474613,3.902809530234012,3.916983366390109,3.928409865474428,3.937031038561223,3.942803022147169,3.9456963958439135
2.6417554529700427,2.643935427856624,2.648291567211137,2.6548161920185325,2.6634976396429373,2.674320094704489,2.6872633699472264,2.702302642349998,2.719408151235697,2.7385448660036125,2.759672132351396,2.782743306708829,2.807705389279323,2.8344986666386514,2.8630563751308675,2.8933043961665605,2.9251609945189196,2.958536609799802,2.9933337109206453,3.0294467219046575,3.066762026483282,3.1051580573064435,3.144505474266722,3.18466743462965,3.225499956374565,3.266852374182389,3.308567886456999,3.350484189851904,3.392434196847273,3.4342468304806526,3.4757478893893197,3.5167609753110796,3.5571084745524946,3.5966125840645264,3.6350963725131358,3.6723848661070337,3.708306148875044,3.7426924668763837,3.775381325694845,3.8062165709118254,3.835049441120935,3.861739583584761,3.8861560228786027,3.908178073301823,3.92769618655621,3.9446127265682267,3.9588426642364842,3.9703141855335673,3.9789692072502643,3.984763795527315,3.9876684832319484
2.676891206631968,2.6790867682767163,2.6834739947268256,2.690045034750846,2.6987879690957204,2.7096866434026854,2.7227204517367025,2.737864076174754,2.755087188955607,2.7743541249586965,2.7956235333132136,2.8188480177439086,2.843973776087388,2.870940249728333,2.8996797941496553,2.9301173816163595,2.96217034680421,2.9957481856895796,3.0307524170758553,3.0670765152344233,3.1046059208667063,3.1432181361769196,3.1827829084519235,3.2231625048540185,3.264212079698192,3.305780133830278,3.347709064260833,3.3898358008231093,3.4319925252448753,3.4740074668651566,3.515705768229176,3.556910412760193,3.5974432060283905,3.6371258014061216,3.6757807604616706,3.7132326379864216,3.749309081325672,3.783841933560935,3.81666832999663,3.8476317775228432,3.8765832066136308,3.903381985956301,3.9278968901191864,3.950007011094637,3.969602605116849,3.986585866740131,4.000871622954348,4.012387940675076,4.021076642037524,4.026893722507752,4.0298096680231295
2.7122419096560817,2.7144529385414993,2.71887101367865,2.7254881129826622,2.7342920625950566,2.7452663718498855,2.7583900195693376,2.773637197023423,2.7909770141867933,2.8103731769449216,2.831783644052327,2.8551602733849535,2.8804484678260116,2.907586831515969,2.936506847460139,2.9671325874459678,2.9993804650045597,3.0331590414692817,3.0683688945331666,3.104902557577062,3.1426445368705185,3.181471412430221,3.2212520267552263,3.2618477641911605,3.3031129221325566,3.344895173683781,3.38703611996922,3.429371928844223,3.4717340554702796,3.513950039084689,3.555844369134929,3.5972394131821037,3.6379563980007843,3.6778164348592775,3.7166415792991114,3.7542559153960036,3.7904866542092845,3.825165235984264,3.85812842565935,3.8892193911914066,3.918288754543455,3.9451956053548702,3.9698084676618604,3.9920062105822782,4.011678894311646,4.028728543515274,4.043069840749123,4.05463073343709,4.0633529486832085,4.069192411011874,4.072119559219593
2.7478062941750028,2.7500326725801263,2.754481361662314,2.7611441698033046,2.770008670565232,2.781058039710728,2.7942708442141795,2.8096207886723685,2.82707642560244,2.8466008374114895,2.868151298636417,2.891678928086732,2.9171283410543927,2.9444373122677248,2.9735364604880434,3.004348965590121,3.036790328697066,3.0707681853344613,3.106182180888428,3.1429239164847838,3.1808769723835986,3.2199170144505223,3.259911988005958,3.3007224016942467,3.342201702544077,3.38419674187519,3.426548330255828,3.469091878275835,3.51165811863053,3.5540739039436735,3.596163073510151,3.6377473813946732,3.6786474774771167,3.718683932376075,3.7576782966551474,3.7954541843765397,3.831838370700752,3.866661893192289,3.8997611463468425,3.930978958946635,3.960165644099342,3.987180011932067,4.011890335448308,4.034175260334491,4.053924650226896,4.071040359352847,4.085436925377261,4.097042175799542,4.105797742325152,4.11165947827244,4.114597775095601
2.7835831194006984,2.7858247314485145,2.7903038033831558,2.7970119754166953,2.805936570577527,2.817060433769289,2.8303617235605834,2.8458136619745726,2.863384248904807,2.883035948728075,2.904725357908042,2.9284028629077254,2.954012298679383,2.98149061827346,3.0107675843351247,3.0417654932209377,3.0743989422282727,3.1085746497249582,3.14419133738773,3.181139682563885,3.219302347673939,3.2585540923023095,3.29876197201309,3.339785626674572,3.3814776593262215,3.4236841053129097,3.466244989838492,3.5089949708140935,3.5517640624673152,3.594378434220849,3.636661278053294,3.6784337368833286,3.7195158855575876,3.759727755447028,3.7988903931800655,3.836826943490421,3.8733637460419175,3.9083314358648424,3.9415660369576813,3.9729100387177554,4.002213445042031,4.029334786123205,4.054142083424287,4.07651375871421,4.096339478519412,4.113520926150618,4.127972493892786,4.139621888914951,4.148410647193714,4.154294550554285,4.157243942936764
2.819571171278556,2.8218279029141558,2.826337130279562,2.8330903267780507,2.842074566933167,2.853272367546543,2.866661482188007,2.8822146544314133,2.8998993363225423,2.919677379688337,2.9415047089645685,2.9653309849219167,2.9910992693604466,3.0187457012744043,3.048199195167868,3.0793811721501516,3.112205334092693,3.1465774906829447,3.1823954483156114,3.2195489688080916,3.2579198047644384,3.2973818171301255,3.3378011789653548,3.3790366681019246,3.42094004981899,3.463356549130608,3.5061254109481013,3.549080544979575,3.592051250878975,3.6348630181773807,3.6773383943447313,3.7192979134207538,3.760561077026548,3.800947378702156,3.8402773621468165,3.878373703448681,3.915062307177298,3.9501734059845104,3.9835426533177283,4.01501219900232,4.044431737392893,4.071659518338256,4.096563311298082,4.119021313604986,4.138922994190867,4.156169864958207,4.1706761723670285,4.182369502865262,4.191191296350872,4.197097262907071,4.200057698795769
2.8557692621058353,2.8580410011095703,2.862580160146135,2.8693780471640493,2.878421490252605,2.889692680828698,2.9031689709006794,2.918822629683149,2.9366205661498173,2.9565240249711104,2.97848826459255,3.0024622266729057,3.0283882069413073,3.0562015378435414,3.085830293608675,3.117195028188023,3.150208556292591,3.1847757872299565,3.220793620345033,3.2581509100029,3.296728506804971,3.336399380541685,3.3770288288162296,3.418474774026552,3.460588149738825,3.503213376154857,3.546188922827518,3.589347955621538,3.632519063417562,3.6755270591089024,3.7181938483564814,3.7603393585781015,3.8017825199425266,3.8423422895219885,3.8818387090867184,3.9200939867594857,3.9569335924159796,3.9921873564847505,4.025690561857045,4.057285018569934,4.086820111142117,4.11415380867798,4.139153628197316,4.161697542113222,4.181674821285688,4.19898680572599,4.213547595648447,4.2252846563838125,4.234139331455387,4.240067258933051,4.243038687220305
2.8921762301257896,2.8944628661034675,2.8990317366907026,2.9058739857703046,2.9149761970314154,2.9263202392431977,2.9398830662551942,2.9556364770329107,2.973546842187282,2.993574804619963,3.015674962748526,3.0397955456174706,3.0658780898657088,3.0938571288063352,3.1236599041195983,3.155206110547185,3.188407683745796,3.2231686407599414,3.2593849819468073,3.296944662111298,3.335727637500807,3.3756059940310843,3.4164441607478495,3.4580992110327786,3.500421252655437,3.543253906365825,3.5864348711956215,3.6297965734172215,3.6731668948297163,3.7163699748712498,3.759227080058866,3.801557533360446,3.8431796952456345,3.883911987656138,3.9235739514177124,3.9619873273741373,3.9989771510935084,4.034372850970742,4.068009339294251,4.099728086158774,4.129378165958522,4.156817266676494,4.181912652457816,4.204542070339541,4.2245945926456585,4.241971387047669,4.256586407096764,4.268366996640982,4.277254402496808,4.28320419050681,4.286186561045533
2.928790939098082,2.931092363463464,2.9356907291268284,2.9425770172549717,2.9517375691789325,2.963153933760869,2.9768026700938117,2.992655110936065,3.0106770932656883,3.0308286635266,3.0530637659905455,3.077329923537107,3.10356792061589,3.1317114986748598,3.1616870744358514,3.19341349126051,3.2268018136791246,3.261755174437641,3.29816868279183,3.3359294017044228,3.3749164005140977,3.4150008884063525,3.456046432594219,3.49790926368927,3.540438669451011,3.5834774764206503,3.626862617794514,3.6704257844078767,3.7139941546162794,3.7573911974805387,3.80043754299167,3.842951911790605,3.884752096363851,3.9256559848509363,3.965482618108366,4.004053270355547,4.041192543267795,4.076729463365144,4.110498572346949,4.142341000201531,4.172105510916852,4.199649511009596,4.224840011327336,4.247554533106089,4.267681949667025,4.285123255928168,4.299792258357682,4.311616178980549,4.320536167598497,4.326507717591189,4.32950098114398
2.9656122778560423,2.9679283838390367,2.9725560317053756,2.9794860412694413,2.9887045135660775,3.000192680244619,3.0139267090312183,3.0298774705114253,3.0480102727016156,3.068284570856433,3.0906536609486643,3.115064366022057,3.1414567251261087,3.169763695031659,3.199910874962578,3.2318162645690705,3.2653900650379293,3.300534532613481,3.337143893167957,3.3751043253618014,3.414294018919354,3.4545833132598225,3.495834920305252,3.537904234045349,3.5806397278413415,3.623883439140695,3.66747153989179,3.711234989570547,3.7550002665915403,3.798590172686439,3.841824703857518,3.8845219805299465,3.9264992288765277,3.967573804528208,4.007564249340387,4.046291371565696,4.083579339395651,4.119256777653767,4.153157857457789,4.185123368541913,4.215001764236633,4.242650169244281,4.26793534073804,4.29073457370941,4.31093654206875,4.328442067544077,4.343164809150765,4.3550318667156445,4.363984292772848,4.369977507989534,4.372981616219619
3.0026391598719964,3.0049698424767035,3.0096265632569956,3.0165999820232963,3.0258759615348287,3.037435418946738,3.0512541339643677,3.0673025190235412,3.085545357791553,3.1059415195535807,3.1284436577596964,3.1529979018680763,3.1795435522331577,3.208012787992921,3.2383303982115876,3.270413546365326,3.3041715779199845,3.3395058802580744,3.3763098034138848,3.4144686491340326,3.453859734649742,3.494352536400898,3.535808917448923,3.578083441115891,3.6210237718611036,3.6644711630514273,3.7082610298535625,3.7522236043424355,3.7961846684611,3.839966359568899,3.8833880421708615,3.926267238521294,3.968420610139918,4.009664981422958,4.049818396176349,4.088701197348504,4.126137120038376,4.161954387579741,4.195986800510105,4.228074808179331,4.258066553018287,4.285818877607129,4.3111982850552835,4.334081843708819,4.354358027652347,4.3719274850232095,4.38670372700803,4.398613730914757,4.4075984517065745,4.413613237136065,4.416628142573532
3.039870522763755,3.0422156787872128,3.0469012667349893,3.0539177877816184,3.0632508684305324,3.074881114017631,3.088783919583073,3.1049292433633715,3.12328134928103,3.143798525804664,3.1664327895410613,3.1911295825613317,3.217827473104658,3.2464578696273434,3.276944758238467,3.3092044736275037,3.343145513019171,3.378668402405163,3.41566562338754,3.454021608002235,3.4936128079611253,3.534307843368379,3.575967734680521,3.618446220387941,3.661590161420116,3.7052400319241623,3.749230494681734,3.793391058231411,3.8375468114215763,3.881519230145429,3.925127049839438,3.9681871966209035,4.01051576895602,4.051929061278408,4.092244620273219,4.131282324236163,4.168865475592658,4.204821896369704,4.238985016551742,4.271194944995333,4.301299513013257,4.329155280731224,4.354628496849103,4.377596002688336,4.397946072085404,4.415579179228263,4.430408687098694,4.442361450166528,4.451378325554779,4.457414587896402,4.460440243929766
3.0773053278527445,3.0796648558453303,3.084379108739299,3.091438430402139,3.100828213099707,3.112528753020747,3.1265150638398804,3.14275665354696,3.161217270836604,3.1818546284788956,3.2046201118508564,3.2294584817198526,3.2563075807116704,3.2850980534190546,3.315753090088373,3.348188203855838,3.3823110510474437,3.4180213036047413,3.4552105819045518,3.4937624553466824,3.533552516931482,3.574448536918088,3.6163106992754592,3.658991923359725,3.702338271821255,3.7461894443448673,3.790379355608246,3.8347367943990833,3.879086159784765,3.923248269011891,3.9670412308600516,4.010281377264081,4.052784245252212,4.094365600519803,4.134842493554927,4.174034338662904,4.211764005986107,4.247858916472148,4.282152129569659,4.314483413539368,4.344700288357149,4.372659031419829,4.398225636665461,4.421276718015644,4.4417003487010085,4.459396828551021,4.474279372008983,4.486274710402381,4.495323602754773,4.501381250365129,4.504417611209432
3.1149425596887443,3.117316359940027,3.122059079025113,3.1291609048437166,3.1386069974188784,3.150377346429642,3.1644465874810166,3.180783782199709,3.199352168554092,3.2201088886328324,3.2430047021497903,3.2679836945621674,3.2949829892747378,3.3239324737233464,3.35475454924829,3.387363914554859,3.4216673922492675,3.457563807393548,3.4949439262358086,3.533690462443121,3.5736781569579654,3.614773936540038,3.6568371546504097,3.699719917087609,3.743267493330247,3.787318813277995,3.83170704767927,3.876260269272553,3.9208021905731294,3.965152972973239,4.009130100924857,4.052549314142963,4.095225589749614,4.1369741659473345,4.177611597940784,4.216956836681015,4.254832320452967,4.291065069308065,4.3254877722233065,4.357939856763049,4.388268531366419,4.416329790440463,4.441989372826907,4.46512366468408,4.48562053826626,4.503380118699986,4.518315471553959,4.530353204696191,4.539433978814455,4.545512921672785,4.548559942346379
3.1527812255568755,3.1551692000745137,3.1599401900280997,3.1670842286835073,3.1765862457809626,3.1884259271371995,3.202577533514029,3.2190096840477285,3.2376851104044895,3.2585603889797587,3.2815856592813613,3.306704337373582,3.333852833728054,3.362960285226245,3.3939483111265827,3.4267308026798102,3.4612137558314022,3.497295155786297,3.5348649215984356,3.573804917956724,3.613989040263396,3.6552833779799427,3.6975464599085264,3.740629583722625,3.7843772307558927,3.8286275656690507,3.873213019360875,3.9179609521602528,3.962694393191496,4.007232850697962,4.051393187137992,4.094990551870149,4.137839363680819,4.17975433446506,4.22055152506733,4.260049423712097,4.298070037231379,4.334439985016993,4.368991585607686,4.401563925805042,4.432003902326003,4.460167226314516,4.485919381208909,4.50913652506514,4.52970632880974,4.547528742523006,4.562516682561303,4.574596633074499,4.583709156133694,4.5898093058078695,4.5928669421301915
3.1908203550223235,3.193222407507615,3.198021476398952,3.2052074416316456,3.2147650046407357,3.2266735499555472,3.240906966728928,3.257433435412292,3.2762151857578425,3.2972082333718484,3.320362102953525,3.3456195469916925,3.3729162692132952,3.402180662430153,3.4333335705274686,3.4662880841519557,3.5009493794849127,3.537214608772363,3.574972850663405,3.614105127474899,3.6544844954353986,3.695976212787539,3.7384379893897504,3.781720320115274,3.8256669030327677,3.8701151420289035,3.9148967321640544,3.9598383248881484,4.0047622690406675,4.049487422398847,4.093830027641599,4.137604645690238,4.18062513848196,4.222705692801257,4.263661876013029,4.303311714264317,4.341476783350768,4.377983302218328,4.412663219041098,4.445355279766906,4.475906069240574,4.504171015080059,4.530015345036049,4.553314988731722,4.573957415425897,4.591842399804586,4.606882708733168,4.619004702325739,4.628148843837389,4.634270113427935,4.637338321985986
3.2290589994246672,3.2314750352572807,3.2363019945000757,3.243529605056483,3.2531423419931493,3.26511929113074,3.2794339731941253,3.2960541337263796,3.3149415048745965,3.3360515463080254,3.359333173235384,3.384728480295133,3.4121724705611656,3.441592799155997,3.472909541156269,3.5060349933340396,3.5408735188849567,3.5773214438358023,3.6152670130727014,3.6545904130202342,3.695163866977579,3.73685180788874,3.779511132257237,3.8229915373664474,3.867135942817455,3.911780996072723,3.9567576602698806,4.001891881455922,4.047005331218906,4.091916219472029,4.136440171364231,4.180391161181693,4.223582495513181,4.265827837205565,4.306942261036376,4.346743331705142,4.385052194386574,4.421694667800567,4.4565023298222375,4.489313585509909,4.519974707650722,4.548340840132091,4.5742769547099895,4.597658752268106,4.618373500072851,4.636320797108997,4.651413260417793,4.663577125841612,4.672752757571534,4.678895061696487,4.681973799825723
3.267496231434765,3.2699261576508953,3.2747808219436068,3.282049801485741,3.291717346907751,3.303762247853597,3.3181576597714955,3.334870897001703,3.3538631983855267,3.375089472411907,3.3984980300359986,3.424030313699391,3.451620631796772,3.4811959080163324,3.512675455112994,3.545970782560489,3.580985447201001,3.6176149554625927,3.655746724984792,3.695260112633327,3.736026514855859,3.777909545132096,3.820765292075095,3.864442660457426,3.9087837961118392,3.953624594337804,3.9987952901740202,4.04412112768,4.0894231041528,4.13451878422877,4.179223177672688,4.223349673953862,4.266711025788552,4.309120373229666,4.350392299339814,4.390343908013588,4.4287959142111415,4.4655737366717005,4.500508583042397,4.533438517431232,4.564209500443294,4.592676391998752,4.618703907599082,4.6421675190896,4.662954291417864,4.6809636475684,4.696108054476325,4.70831362343177,4.717520619367436,4.723683874114801,4.72677309988498
3.3061311445675767,3.308574869809552,3.3134570571088293,3.32076713415831,3.330489129053547,3.342601537782332,3.3570771536192656,3.3738828633967617,3.3929794168318703,3.4143211759653553,3.4378558526484904,3.463524242670997,3.4912599656441308,3.5209892199682575,3.5526305624152172,3.5860947216357126,3.621284454632239,3.658094454706205,3.6964113186183534,3.7361135798802683,3.7770718140806845,3.8191488208918507,3.862199886397173,3.9060731278468555,3.950609921881801,3.9956454158176586,4.041009120357564,4.086525580877785,4.1320151233318905,4.177294669564918,4.222178616111737,4.266479769399225,4.310010329700268,4.352582915434601,4.3940116188097,4.434113083549859,4.472707594804059,4.509620171567195,4.544681651354355,4.57772975728772,4.608610137642619,4.637177368175995,4.66329590787615,4.686840999257352,4.707699504655254,4.7257706707468135,4.740966814088565,4.753213921184555,4.762452157458255,4.768636280350386,4.771735952557751
3.3449628526958577,3.3474202872303835,3.3523298186720014,3.359680726524038,3.3694568182112046,3.381636298560091,3.3961916017345053,3.413089190686842,3.4322893301729316,3.4537458404103796,3.477405839231834,3.503209481241836,3.5310897030466872,3.5609719838026535,3.5927741305337384,3.626406097398808,3.66176984795454,3.698759268718054,3.737260141815363,3.7771501834882235,3.8182991542897278,3.8605690456680253,3.9038143464020143,3.947882391103594,3.992613791710798,4.037842951639053,4.083398660924963,4.129104769548043,4.174780934951325,4.220243438678534,4.2653060661234745,4.309781042406677,4.353480016794864,4.3962150871873416,4.4377998558161025,4.478050506825089,4.516786896010998,4.553833642844076,4.589021214796492,4.622186993987603,4.65317631624047,4.68184347293842,4.70805266633019,4.731678909316245,4.752608861333741,4.770741592468819,4.7859892686253716,4.798277751268897,4.807547106144212,4.813752016107529,4.816862094238933
3.383990489622433,3.3864615452766724,3.3913982451512017,3.398789721788826,3.4086195638205052,3.4208656873519807,3.435500170469921,3.4524890558220243,3.471792127305117,3.4933626678857865,3.5171472063683638,3.5430852615453063,3.5711090927039684,3.6011434657055377,3.633105443925763,3.666904213260339,3.7024409500731217,3.739608740324987,3.7782925576221924,3.818369306877865,3.85970793934561,3.902169643684882,3.9456081165043613,3.989869914541548,4.034794889438047,4.080216704707887,4.125963433322524,4.171858233058991,4.2177200956612575,4.263364664797072,4.308605116757248,4.353253097108943,4.3971197054917,4.44001652039963,4.481756654935506,4.5221558343057415,4.561033485344611,4.598213828257383,4.633526960583401,4.666809923408038,4.69790773999001,4.726674417171093,4.752973900212211,4.776680972134039,4.797682089208866,4.815876144652001,4.831175153462356,4.843504851828568,4.85280520561187,4.859030822942346,4.862151267179227
3.423213208598485,3.4256977987462776,3.430661494431317,3.4380932824648123,3.447976534503594,3.460288880372659,3.4750020450657932,3.4920816544573783,3.511487015610747,3.5331708787521703,3.5570791885746114,3.5831508333465183,3.611317400628842,3.641502948791865,3.673623803592903,3.7075883887634413,3.7432970995980503,3.780642227607273,3.8195079438706934,3.8597703478000702,3.9012975869488904,3.9439500525298583,3.9875806539912273,4.032035174877345,4.0771527108284875,4.122766189388214,4.168702969998065,4.214785521353749,4.260832172261878,4.306657930881223,4.3520753664544385,4.396895546645377,4.440929022871337,4.483986855310525,4.525881668789085,4.566428730182856,4.60544703779166,4.6427604128125965,4.67819858294192,4.711598248229286,4.742804119276967,4.771669918202231,4.79805933305266,4.821846916738024,4.842918922077663,4.861174065170786,4.876524209846077,4.888894966804306,4.8982262018204334,4.904472448155426,4.907603219336818
3.462630181872989,3.4651282214223182,3.4701187433277543,3.4775905898962267,3.4875269176311727,3.4999050724468246,3.5146964292095944,3.53186620048987,3.551373220500054,3.5731697111542595,3.5972010378802852,3.623405463609608,3.6517139096690308,3.6820497326852513,3.7143285266546986,3.7484579591487797,3.7843376504192503,3.8218591034875073,3.860905692788334,3.9013527179340137,3.943067528272652,3.9859097227793363,4.029731428671256,4.074377660877082,4.1196867632572625,4.165490931212546,4.211616814113204,4.257886194671568,4.3041167414396595,4.350122829406588,4.395716422746215,4.4407080129020535,4.48490760442171,4.528125740259755,4.570174557792225,4.610868866179289,4.650027235614908,4.687473088530912,4.723035782907077,4.756551677749273,4.787865170908494,4.816829699629054,4.8433086945267405,4.8671764781558995,4.888319099645723,4.906635097701661,4.9220361847524225,4.934447845798163,4.943809846336301,4.950076644618304,4.953217704243568
3.5022406002541935,3.504752005600267,3.5097691871300474,3.51728084383353,3.5272699188496004,3.5397134765510807,3.554582544573759,3.5718419256144993,3.591449984961608,3.613358420565763,3.6375120233567326,3.663848436044941,3.6922979191071863,3.722783133056737,3.7552189459114595,3.7895122749593404,3.8255619713027373,3.8632587553369047,3.9024852106036167,3.94311584250984,3.9850172075730095,4.028048117652222,4.07205992254381,4.116896873046397,4.162396565366897,4.208390466546349,4.2547045192599855,4.301159823252422,4.347573389480635,4.393758962057096,4.439527902052218,4.484690126309203,4.529055093855789,4.5724328314937095,4.614634989973185,4.655475921366269,4.694773768167187,4.732351554304527,4.7680382681661975,4.801669927723342,4.8330906179873105,4.862153491171574,4.888721720287848,4.912669397278492,4.933882367347961,4.952258991573483,4.9677108307405105,4.980163243932864,4.9895558962083175,4.9958431706584,4.998994480862026
3.5420436726706037,3.5445683616851773,3.549612039162836,3.557163261983722,3.5672047616714133,3.5797133233814984,3.5946596303885823,3.612008078902787,3.631716569128268,3.6537362793612735,3.678011430711186,3.704479050683127,3.7330687442253545,3.763702481235668,3.796294409453656,3.8307507016247517,3.866969445492807,3.9048405845835656,3.9442459171730913,3.9850591599504464,4.027146081863784,4.07036471267097,4.1145656294626045,4.159592323299805,4.205281646794476,4.251464342317212,4.2979656491725535,4.344605987094219,4.3912017120485904,4.437565939534977,4.48350942942002,4.528841525589863,4.573371142856765,4.61690779293421,4.659262640777973,4.700249581961071,4.739686331709442,4.777395515716778,4.813205752892076,4.846952720197695,4.878480189733344,4.907641028541028,4.934298151826068,4.958325420722106,4.979608476254909,4.998045501643856,5.013547905816662,5.026040921729308,5.035464113840178,5.041771789927826,5.044933313467271
3.5820386257374213,3.5845765177292077,3.5896465303704344,3.5972370795823703,3.607330687018063,3.6199038609173275,3.634926943010277,3.652363926345258,3.6721722498520646,3.6943025763839556,3.7186985618489876,3.745296623475599,3.7740257158902786,3.804807123804065,3.837554280241393,3.8721726190693073,3.9085594703446365,3.9466040063470667,3.9861872456262444,4.027182121512775,4.0694536205581695,4.112858995319129,4.1572480548153505,4.202463534668893,4.248341547872764,4.29471211572825,4.341399777455317,4.388224275673663,4.435001313915476,4.481543381273912,4.527660638323809,4.573161857559423,4.617855410899926,4.661550296012431,4.704057192866541,4.745189541147788,4.784764629241172,4.822604684858077,4.8585379575736845,4.892399783358947,4.924033621337142,4.953292053255182,4.980037736320971,5.004144300660343,5.025497182898571,5.0439943881640845,5.059547173306546,5.072080644974495,5.081534266841735,5.087862271263001,5.091033971508013
3.6222247033387545,3.6247757190354237,3.62987190887235,3.637501548968122,3.647646952824215,3.660284354008914,3.6753837555039253,3.6929087504721316,3.7128163202909974,3.735056616549346,3.759572734465849,3.7863004858629137,3.8151681801511264,3.8460964221840443,3.87899793572907,3.9137774213357526,3.95033145692933,3.9885484490721748,4.028308641995867,4.0694841909502,4.111939305138437,4.155530464740103,4.200106715216178,4.245510040992758,4.291575819319028,4.338133353988758,4.385006487334216,4.432014287708424,4.478971808725695,4.525690915247517,4.571981170416884,4.617650776914246,4.662507565034956,4.706360019451063,4.749018335940008,4.7902954989138635,4.830008370325673,4.867978780188502,4.904034608868956,4.9380108513866725,4.9697506538302845,4.999106312518925,5.025940226520093,5.050125794729762,5.071548249160091,5.090105416639043,5.10570840173777,5.118282184587604,5.127766127928824,5.134114388572571,5.137296229493026
3.6626011662046114,3.665165227725483,3.670287439569446,3.6779559391827825,3.6881528336036986,3.7008540839623896,3.716029357226429,3.7336418498991564,3.753648089499065,3.775997720424212,3.8006332816670465,3.8274899843987935,3.856495497857317,3.887569752263094,3.9206247674921446,3.955564516214038,3.9922848296910938,4.03067335416716,4.070609564893349,4.111964844180872,4.154602628848122,4.198378631407605,4.243141138219289,4.2887313866336445,4.334984021990644,4.381727634053685,4.428785371392093,4.475975630913251,4.523112818760154,4.570008177732145,4.616470675352301,4.662307946021406,4.707327279706328,4.751336649092536,4.794145766565773,4.835567161864653,4.875417270932154,4.913517526355716,4.949695439446661,4.983785664290064,5.015631033914473,5.045083559093943,5.072005380581057,5.096269665866543,5.117761442144765,5.136378357724273,5.152031364695517,5.164645316508158,5.174159474802006,5.180527920721354,5.1837198668596995
3.7031672915199154,3.705744322350391,3.710892403726025,3.7185995355473196,3.7288476200547973,3.741612348129077,3.756863053428207,3.7745625389671624,3.7946668820299423,3.8171252238390423,3.841879551542926,3.8688644803595107,3.898007044281565,3.9292265040200967,3.962434180847446,3.997533324880995,4.034419026083684,4.072978175695352,4.113089485177401,4.154623568967866,4.197443096366696,4.241403016851475,4.2863508620183355,4.332127126220138,4.378565726607067,4.425494542345348,4.472736031327771,4.520107921757678,4.567423974740645,4.614494813092904,4.661128810546919,4.707133034749014,4.7523142365658755,4.7964798777180455,4.839439188008335,4.881004243066783,4.9209910532865395,4.959220654073201,4.995520187846266,5.029723967801931,5.061674513858135,5.091223551152755,5.118232961969172,5.142575682209663,5.164136534051713,5.182812987080648,5.198515840725615,5.211169821572893,5.22071409001375,5.227102651403864,5.230304667885424
3.743922372519747,3.746512297475439,3.7516860985800866,3.759431639288378,3.7697306186681514,3.782558459527291,3.7978841648623303,3.8156701473381704,3.8358720375448803,3.858438477503396,3.8833109068229756,3.910423349364824,3.939702208728524,3.971066081173816,4.004425594511344,4.0396832815704204,4.0767334962490605,4.1154623800035175,4.155747885608873,4.197459864604646,4.2404602235253295,4.284603153339183,4.329735435174719,4.375696824341701,4.422320513496742,4.469433674539944,4.516858077725936,4.564410785254649,4.611904915570306,4.659150473588037,4.705955241016812,4.752125720238702,4.797468124282402,4.841789404885201,4.884898310041624,4.926606461904044,4.966729445695101,5.005087899949714,5.041508598329741,5.075825513204307,5.107880851343012,5.137526052151483,5.16462273930898,5.189043616947245,5.21067330204529,5.229409085282634,5.245161613217982,5.2578554854136135,5.267429760875346,5.273838369052454,5.27705042154397
3.784865718089422,3.7874684633067206,3.7926678369512277,3.8004515671211094,3.8108011513352764,3.8236917464454003,3.8390920274019877,3.8569640196024237,3.8772629104461784,3.8999368466452027,3.924926724492787,3.9521659810216234,3.981580394211079,4.013087900801226,4.046598440242651,4.0820138331992215,4.119227702669839,4.158125445424721,4.198584260580914,4.2404732416192905,4.283653536995723,4.327978583625599,4.373294416340549,4.419440055323767,4.466247972333848,4.513544635307894,4.561151129824902,4.608883854731394,4.656555288160348,4.703974819158165,4.750949639163414,4.79728568676363,4.842788638371002,4.887264936737129,4.930522848825998,4.972373543891462,5.012632182420451,5.051119006354248,5.087660420746757,5.122090057214384,5.154249809343014,5.183990830719265,5.211174486281862,5.235673248234008,5.2573715281749,5.276166437683257,5.2919684702789045,5.304702098341997,5.314306279332037,5.3207348667026535,5.323956921432392
3.825996652409383,3.828612145308342,3.83383694687436,3.8416586509000172,3.8520585549714834,3.865011552064495,3.8804859916665,3.898443514925012,3.9188388695061813,3.941619710619907,3.9667263954254137,3.994091778561,4.023641017068053,4.055291393031794,4.088952162514943,4.124524439069525,4.161901119857876,4.200966861966648,4.241598115775522,4.283663221472505,4.327022574028948,4.371528860651629,4.4170273739997254,4.463356402958394,4.510347701923067,4.557827038089421,4.6056148152900915,4.653526771623624,4.701374747212967,4.748967517239363,4.796111684589066,4.842612625525423,4.888275481028234,4.932906185866064,4.97631252672801,5.0183052205562575,5.058699003533966,5.097313721279118,5.13397541042447,5.168517361861508,5.200781156002584,5.230617660525438,5.257887981507745,5.282464359058585,5.304230999228413,5.323084834320384,5.338936204648874,5.351709455228087,5.361343441875265,5.367791941908508,5.371023965635232
3.8673145145604884,3.8699426838191346,3.8751927711932126,3.8830522372463445,3.89350218115692,3.9065172341108485,3.9220654226595113,3.940108006679713,3.960599297497151,3.983486462584648,4.008709324039542,4.036200158498649,4.065883506645087,4.097676000686295,4.13148621819173,4.167214570547202,4.204753234048554,4.243986131016072,4.284788967897688,4.327029336292245,4.370566882162528,4.4152535473096215,4.460933886227144,4.50744546026893,4.554619309938433,4.602280504872133,4.650248770005883,4.698339185268383,4.7463629550232485,4.794128242569152,4.841441063941745,4.8881062344888395,4.933928360984539,4.978712871140568,5.022267072173336,5.064401229282826,5.104929654768702,5.143671798216592,5.180453327997472,5.215107194359832,5.2474746645112065,5.277406320164859,5.304763008414031,5.329416737133426,5.351251506641801,5.370164069805265,5.386064613566421,5.398877355430906,5.408541049425875,5.415009396650612,5.418251356650298
3.9088186581710156,3.91145943371219,3.9167346672556107,3.9246316871596982,3.93513139576259,3.9482081644738702,3.9638296994103976,3.9819568820995945,4.002543590860606,4.025536509132844,4.050874927976773,4.078490550298127,4.108307304958647,4.1402411789683615,4.174200076197662,4.210083710747594,4.247783542889738,4.2871827650235925,4.328156344387173,4.370571128584519,4.414286018981996,4.459152216163725,4.505013540419477,4.551706829267359,4.5990624127223825,4.646904665972315,4.695052637877761,4.743320752707061,4.791519581305142,4.839456677022789,4.886937470702319,4.93376621822178,4.979746993298569,5.024684717565651,5.068386219510852,5.110661313170487,5.151323887395523,5.19019299602024,5.227093939320285,5.2618593269761185,5.294330113001385,5.324356593063441,5.351799355156409,5.376530174786317,5.398432846389418,5.417403943227702,5.433353498698483,5.446205602673466,5.4558989072490895,5.462387037207516,5.46563890127348
3.9505084510750743,3.9531617640265906,3.9584620065079745,3.9663963757002962,3.976945578611752,3.990083728878921,4.005778214622013,4.023989541923633,4.044671159355934,4.067769269971728,4.09322263773137,4.120962396047145,4.1509118663762825,4.182986395140904,4.217093217230565,4.253131354223842,4.2909915551617495,4.330556287245082,4.371699783147433,4.414288150976576,4.4581795518412495,4.503224449218895,4.549265933088385,4.59614012073845,4.64367663505327,4.691699159825043,4.740026070612993,4.788471138497602,4.836844302993743,4.884952509414792,4.9326006050624125,4.9795922877355405,5.0257310992573965,5.070821456131089,5.114669708862206,5.157085220908006,5.1978814580917785,5.236877078778835,5.273897015329466,5.308773536942247,5.341347284419798,5.371468267332808,5.398996814480209,5.423804468871136,5.445774818891524,5.4648042580424825,5.48080266603689,5.493694004949678,5.503416824847019,5.5099246740874595,5.5131864105086335
3.992383274945955,3.9950490576232207,4.000374174183027,4.008345691636215,4.018944123142927,4.032143326525377,4.047910374351695,4.066205400064946,4.086981425734199,4.110184177579768,4.135751896362915,4.163615150129018,4.193696657305832,4.225911128232808,4.260165133452377,4.296357006704615,4.334376790491645,4.374106231453481,4.415418832268952,4.458179965956006,4.502247057620887,4.547469837675509,4.593690669599739,4.640744954007897,4.688461609938832,4.736663632786333,4.785168727538296,4.833790014525961,4.882336804073629,4.930615435344165,4.978430173735737,5.025584160326811,5.071880406200878,5.117122823669678,5.161117285995457,5.203672706642637,5.244602128808742,5.283723815704883,5.320862331937977,5.355849606307992,5.388525966421925,5.418741135706499,5.446355183662316,5.471239420650062,5.493277228898236,5.512364821982611,5.5284119257815645,5.5413423744430474,5.5510946158755,5.5576221219318045,5.560893699492119
4.034442524968446,4.037120710853611,4.042470568950518,4.050479037083191,4.061126436048461,4.0743863697900995,4.090225597666459,4.1086038832987395,4.129473825409841,4.152780676910643,4.17846215916776,4.20644827894128,4.236661155891816,4.269014868733354,4.303415328202057,4.339760184792999,4.377938779071336,4.417832141684718,4.459313049778639,4.502246145629195,4.546488122496969,4.591887981707928,4.638287363972791,4.685520956734175,4.733416978400343,4.781797738934175,4.830480275416508,4.879277059817811,4.9279967754049645,4.976445157037873,5.02442588980394,5.071741559425249,5.118194647380163,5.163588562714872,5.207728702189658,5.250423529838756,5.291485666668218,5.330732981010384,5.3679896699093215,5.403087321860482,5.435865951281435,5.466174995402938,5.493874264346954,5.518834835714011,5.540939885417291,5.560085446974043,5.5761810922761015,5.589150527427263,5.598932098053367,5.605479199415369,5.608760587374139
4.076685609518971,4.079376133231885,4.084750602600336,4.092795827226582,4.103491936992266,4.116812283862646,4.1327233163343005,4.151184430935506,4.172147806165392,4.195558225073252,4.221352893379276,4.249461260560186,4.279804851727725,4.312297118315414,4.34684331570874,4.383340415693792,4.4216770613989125,4.461733571965514,4.503382003391958,4.5464862714694885,4.590902341701959,4.636478490226937,4.683055638662217,4.730467764703728,4.778542389298094,4.8271011398854515,4.875960388259785,4.924931960384262,4.973823914558797,5.022441383178573,5.0705874725722415,5.118064214459181,5.164673561834306,5.2102184213818665,5.254503714107638,5.297337455176694,5.338531843823773,5.377904353796733,5.415278814772281,5.450486475008254,5.483367035774256,5.513769648057289,5.541553862512298,5.566590523875894,5.588762601607543,5.607965949026956,5.624109983907851,5.637118284172225,5.646929093068981,5.653495729168971,5.656786897260276
4.119111949833568,4.121814747109932,4.12721369970677,4.135295489966388,4.146040058263279,4.1594205064642535,4.175402974503969,4.19394649450935,4.215002827816843,4.238516291013964,4.264423577865735,4.292653584486261,4.323127245565704,4.355757389547504,4.390448620842253,4.427097236949383,4.465591188025694,4.505810086082142,4.547625270272505,4.590899934086691,4.635489319296219,4.681240980673568,4.727995124344504,4.7755850216274185,4.823837499123741,4.872573504601193,4.9216087471442895,4.970754409041014,5.019817925667607,5.068603828743739,5.1169146474160305,5.164551860706658,5.211316894229293,5.257012153228838,5.301442083673238,5.3444142524217995,5.385740437363055,5.425237717953932,5.462729556679163,5.498046861680608,5.531029021078164,5.561524899596588,5.589393788346232,5.614506299084972,5.636745194693449,5.656006148162015,5.6721984230212845,5.685245468875911,5.695085426503904,5.701671537696019,5.704972456109591
4.161720979704781,4.164435987383116,4.1698592973394195,4.177977465614637,4.188770244482531,4.202210487539653,4.218264028412162,4.236889537488042,4.258038361952614,4.281654355264408,4.307673702851415,4.3360247513341195,4.366627849041242,4.399395205614127,4.434230778810504,4.4710301961969625,4.509680719296932,4.550061257311579,4.592042436788977,4.635486733003652,4.6802486679622115,4.726175078804504,4.7731054597117835,4.820872378946646,4.869301971814372,4.918214509210573,4.967425040056525,5.016744105245388,5.065978519249681,5.114932214886518,5.163407145638986,5.211204239154082,5.258124394751663,5.303969517132817,5.348543577945335,5.39165369631644,5.433111229187889,5.472732862040321,5.51034169034399,5.545768282220848,5.578851712691979,5.609440560172971,5.637393856158093,5.662581979334263,5.684887485878056,5.704205868325726,5.720446235827381,5.733531909573267,5.74340092774315,5.75000645528886,5.7533170946664765
4.20451214517471,4.207239301155272,4.21268684474967,4.22084120661363,4.231681952293465,4.245181688933724,4.261305946076077,4.280013034972022,4.301253891618909,4.324971909621727,4.351102769629876,4.3795742725813716,4.410306184403092,4.443210100082676,4.4781893349455,4.5151388508962045,4.553945225108283,4.594486668212735,4.636633098286912,4.680246276448858,4.725180008765941,4.771280418481562,4.818386291297069,4.866329495647786,4.914935478575755,4.964023836841482,5.013408961727884,5.0629007549527145,5.112305412079281,5.161426268764929,5.210064704348587,5.258021096381019,5.30509581897495,5.351090277173885,5.3958079690223855,5.439055566456636,5.480644005914855,5.520389579177567,5.558115014905842,5.593650541308221,5.626834920322239,5.657516444049852,5.685553884301967,5.710817386578371,5.73318930026605,5.7525649373021865,5.768853252343307,5.781977438048204,5.791875429912138,5.798500315948464,5.801820647382841
4.247484904236867,4.250224147476808,4.255695803078882,4.263886177223654,4.274774650087257,4.288333584139284,4.304528207022452,4.323316473420217,4.344648911045038,4.368468456885947,4.394710290312493,4.423301670278298,4.454161784249756,4.487201616623544,4.522323844427175,4.559422768105846,4.598384284691209,4.6390859103851625,4.681396858891339,4.72517818111005,4.770282970998574,4.816556641494575,4.863837273250961,4.911956038080228,4.960737697706584,5.010001177472079,5.059560213459015,5.109224070434993,5.158798327011133,5.208085723405334,5.256887066301206,5.305002184422796,5.3522309277334585,5.39837420251304,5.443235033897206,5.486619647206783,5.528338558770534,5.5682076669724685,5.6060493338661725,5.641693447848183,5.674978457815558,5.705752369534026,5.733873695066718,5.759212346659136,5.7816504667653215,5.8010831866295485,5.81741930629585,5.830581889772164,5.840508769773543,5.847152957317031,5.850482952321159
4.290638726562741,4.293389997036761,4.298885645065711,4.307111853234644,4.318047817695115,4.331665657987904,4.34793030200246,4.366799350368904,4.388222925393553,4.412143510603161,4.438495787526338,4.467206476805815,4.498194191297253,4.53136930877044,4.566633872050164,4.603881524239788,4.642997486350082,4.683858584254446,4.726333331267716,4.770282071958841,4.815557191924719,4.862003397345419,4.9094580671920784,4.957751679782604,5.006708314430914,5.0561462277316975,5.105878502980933,5.155713770164717,5.205456992875298,5.254910317586883,5.303873979791398,5.352147260637693,5.3995294870139015,5.445821067281353,5.490824554388463,5.534345727572555,5.576194683484013,5.616186927403509,5.6541444549743725,5.689896814890239,5.72328214305771,5.754148158881588,5.782353114636639,5.807766689207462,5.830270818034346,5.849760451542675,5.866144235050792,5.8793451038178475,5.889300787688823,5.895964220596694,5.899303851111534
4.333973093194472,4.336736331900652,4.342255854776765,4.350517721712977,4.361500946136563,4.375177406380063,4.3915117327123125,4.410461174167456,4.431975450463104,4.455996594783529,4.482458794192879,4.511288234625123,4.542402958098735,4.575712739676989,4.611118991986733,4.648514704842562,4.687784427279356,4.728804298848911,4.7714421364182495,4.8155575820467815,4.861002316626161,4.907620343087899,4.955248342010084,5.00371610130989,5.052847020741024,5.102458690772261,5.152363544296884,5.20236957865413,5.252281144321152,5.301899795687099,5.351025198512381,5.399456087607149,5.446991267822839,5.493430650466152,5.538576316996558,5.582233601112029,5.624212180199011,5.664327166730497,5.702400190142125,5.738260459539689,5.771745797881785,5.802703638214523,5.830991972960508,5.8564802475747895,5.879050190379775,5.8985965708724795,5.915027879539805,5.928266922786731,5.938251327501786,5.944933950465111,5.948283188856243
4.377487496306284,4.380262645220289,4.385805927332917,4.394103280713388,4.405133537344265,4.418868336047829,4.435272011535209,4.454301463712848,4.4759060124516195,4.500027243668054,4.526598853262104,4.555546496024868,4.586787646833594,4.620231481894306,4.655778787567829,4.693321904362306,4.732744713318549,4.773922671603758,4.816722903499184,4.86100435230131,4.906617997801279,4.953407143122321,5.001207773694762,5.049848990060998,5.099153515224763,5.14893827610605,5.199015057540727,5.2491912263206855,5.299270521671668,5.349053907569183,5.39834048144818,5.44692843301648,5.494616046095451,5.541202735819417,5.586490112829534,5.630283065834159,5.672390853365398,5.71262819540619,5.750816355353662,5.786784202867019,5.820369248007489,5.851418637447723,5.879790103715336,5.905352858762234,5.927988423696245,5.947591386989325,5.964070084187213,5.977347192752594,5.987360236514516,5.994061995044312,5.997420814073388
4.421181438912438,4.423968440975844,4.429535368644054,4.437868039013096,4.448945103887352,4.462737964253746,4.47921066130203,4.498319748198802,4.520014147706692,4.544235001462091,4.570915517492462,4.599980822887297,4.631347829058361,4.664925117132187,4.700612851062268,4.73830272595044,4.777877958761098,4.81921332814981,4.862175269602851,4.906622031333854,4.952403895587178,4.999363469048417,5.047336045174292,5.096150040126978,5.1456275029281455,5.195584699469919,5.245832768832454,5.296178449344052,5.346424870831808,5.396372408453051,5.445819592745033,5.49456406950643,5.542403602581091,5.589137111731054,5.634565737486774,5.678493924105182,5.72073051167725,5.761089827977867,5.799392770596884,5.835467869848448,5.869152322944829,5.9002929902037105,5.928747344208695,5.9543843633381615,5.977085361398724,5.996744745731282,6.0132706968468215,6.026585763163829,6.036627365382117,6.043348205788867,6.046716578624659
4.465054434620341,4.467853233726861,4.47344369515662,4.4818115158661715,4.492935168741806,4.506785818562565,4.523327215012191,4.5425155668733845,4.564299402466166,4.588619422120618,4.61540834918275,4.644590786469063,4.676083085505003,4.7097932360443755,4.745620783440031,4.783456781237249,4.823183786150427,4.864675902126086,4.907798879584884,4.95241027528369,4.998359677386295,5.0454889994669925,5.0936328461525235,5.142618952141202,5.192268695182952,5.242397682658843,5.29281641014749,5.343330989557141,5.3937439431229555,5.4438550587981585,5.493462301600677,5.542362774630476,5.590353722726125,5.637233571154793,5.6828029909801785,5.726865982563232,5.769230967947995,5.809711883017323,5.848129259753505,5.884311289249005,5.9180948559286985,5.949326533744629,5.9778635353137926,6.003574605373772,6.0263408503373705,6.046056496330028,6.062629568726074,6.075982486808319,6.086052568069144,6.092792437449891,6.096170337647933
4.509106007380452,4.511916548351237,4.517530433592457,4.525933240757404,4.537103265032775,4.551011436601077,4.56762121561742,4.586888468800068,4.608761332648624,4.633180069095648,4.660076919964096,4.68937596715484,4.72099300582585,4.754835438015947,4.790802194205572,4.828783690144461,4.868661826077004,4.91031003498096,4.9535933858754335,4.998368747610036,5.0444850176915095,5.091783419844387,5.1400978729457565,5.1892554331119225,5.239076809499238,5.289376953413097,5.339965719181898,5.390648594293184,5.441227495185842,5.491501624180749,5.541268382158845,5.590324330678692,5.638466196593864,5.685491911475877,5.731201677619483,5.775399052001901,5.817892039051072,5.858494183037834,5.897025650544568,5.933314293571141,5.967196683822063,5.998519108889817,6.027138521394384,6.052923432361676,6.075754740739813,6.095526491346428,6.112146554323,6.125537219728166,6.1356357017753815,6.1423945479897695,6.145781949501294
4.55333569124548,4.55615791980429,4.5617951207172,4.570232753150086,4.581448935788819,4.595414365804774,4.612092215771652,4.631438012612715,4.653399503602406,4.677916515126464,4.704920810587083,4.734335954264313,4.766077188420328,4.800051330962353,4.836156701157771,4.874283080672254,4.914311717000731,4.956115375801,4.99955844830056,5.04449711893442,5.0907795979303705,5.138246422345036,5.186730828341243,5.236059196289964,5.286051569385847,5.336522245270673,5.387280439219571,5.438131016282837,5.488875288860406,5.539311875200264,5.589237613392961,5.638448524629103,5.686740818751,5.7339119344593,5.77976160594498,5.824092947325442,5.866713545819648,5.907436554392001,5.946081774434868,5.982476718983859,6.016457647074506,6.047870559965546,6.076572150241841,6.102430695173569,6.125326886151076,6.145154586606861,6.1618215113616746,6.175249821168306,6.185376626879365,6.192154398550883,6.195551275688938
4.597743030124381,4.6005768928838116,4.606237303108912,4.6147096022591185,4.625971733714514,4.639994163198037,4.656739777605378,4.676163766304573,4.698213489889646,4.722828342011608,4.749939610683813,4.779470345827521,4.811335240206946,4.845440531114194,4.881683930213051,4.9199545887352905,4.960133105047751,5.002091581122543,5.045693733913542,5.090795066888509,5.137243106282887,5.184877705661671,5.233531421435336,5.283029961026225,5.333192704236727,5.38383329744415,5.434760319017658,5.48577801352224,5.536687091062409,5.58728558734914,5.6373697790083375,5.686735148015614,5.735177388176742,5.782493446128667,5.8284825886141975,5.872947487424025,5.915695312972885,5.95653882722037,5.995297466569405,6.03179840522292,6.065877589624416,6.097380734707206,6.126164273000802,6.152096247956342,6.175057143351786,6.194940641140166,6.211654300737846,6.225120153508112,6.2352752068668895,6.242071853359288,6.245478180817354
4.6423275775496196,4.645173022003158,4.650856536910958,4.659363346825977,4.67067122097399,4.684750395170588,4.701563472506447,4.721065307007962,4.743202875072777,4.767915140385959,4.795132918581348,4.824778748390113,4.856766776425564,4.891002662834765,4.927383515221193,4.965797857952088,5.006125643857779,5.048238314764141,5.09199891683254,5.137262275927672,5.183875237557905,5.231676974881765,5.28049936750303,5.3301674526172755,5.380499949202579,5.431309854683916,5.482405112677246,5.533589349171239,5.584662673690099,5.635422540915994,5.685664667342004,5.735183996851799,5.783775708169978,5.831236256683775,5.877364442338971,5.921962495126314,5.964837169046684,6.0058008353569665,6.044672565687616,6.08127919554963,6.115456358850462,6.147049484220836,6.175914744109345,6.201919948113834,6.224945372319069,6.244884517118434,6.261644786444347,6.275148082197853,6.285331308297993,6.292146779688099,6.295562532520601
4.687088896471015,4.68994587095816,4.69565238762683,4.704193554875188,4.715546968953604,4.729682637245507,4.7465628809059535,4.766142220769976,4.788367251507994,4.813176509550066,4.840500341082636,4.870260776800347,4.902371420445264,4.936737358430142,4.973255097762758,5.011812539482288,5.052288994388241,5.0945552476540295,5.138473678054896,5.183898437189486,5.230675693022561,5.278643941356088,5.327634387853117,5.377471402201961,5.4279730450426635,5.478951667171916,5.530214579528285,5.581564791425166,5.632801813502948,5.683722520892161,5.734122071257081,5.783794871514104,5.832535586267231,5.88014018042515,5.92640698779694,5.971137797089136,6.014138946294013,6.055222416267741,6.094206914077073,6.130918936662097,6.1651938054853215,6.196876662894246,6.225823421238793,6.25190165620766,6.2749914361424,6.294986079792347,6.311792835533606,6.325333475722814,6.335544800705175,6.342379047806725,6.34580420142407
4.732026559018165,4.734895012719214,4.7406244298820885,4.749199803532988,4.760598558046348,4.774790473886103,4.79173759205718,4.811394102357626,4.833706220130898,4.858612057223638,4.88604149328319,4.915916054032224,4.948148803582628,4.982644257949976,5.019298326988111,5.057998291841847,5.098622824763092,5.1410420576716165,5.185117705338606,5.230703248343673,5.2776441802547,5.325778322519973,5.374936209696992,5.424941546607868,5.475611738027109,5.526758490383505,5.578188484012545,5.62970411341914,5.681104292009811,5.7321853168527825,5.782741788055279,5.832567576677679,5.881456834133431,5.929205035652513,5.9756100495447955,6.020473223738514,6.063600480628059,6.104803410972365,6.1439003574661255,6.180717478640245,6.215089783570754,6.246862128346501,6.275890165222091,6.302041235920844,6.325195200977428,6.345245197437672,6.362098318036965,6.375676205518277,6.385915556595631,6.3927685308998194,6.396203061059333
4.777140146296022,4.780020029213329,4.785772247244999,4.794381678792853,4.805825577472236,4.820073498267525,4.837087203850776,4.856820555046701,4.879219390261128,4.904221399388912,4.931755998366899,4.961744210987511,4.9940985649091,5.028723009041021,5.0655128594332215,5.104354780749989,5.145126810085144,5.187698429486631,5.231930693008814,5.277676413434216,5.324780413018762,5.373079841795877,5.422404566007397,5.472577628230175,5.523415779797532,5.574730084990389,5.626326595589786,5.678007093118101,5.729569895401532,5.780810722878738,5.831523619391,5.8815019212088835,5.9305392675055595,5.97843064460272,6.024973455941438,6.069968609200409,6.113221611558931,6.154543663967403,6.193752744995717,6.230674674870969,6.265144150380521,6.297005741379393,6.326114840001677,6.3523385539895525,6.375556535995833,6.395661741305619,6.412561106934152,6.426176145935763,6.436443451343641,6.443315105037982,6.446758987841675
4.822429248184059,4.8253205111163435,4.8310954319956725,4.839738775316661,4.851227625037146,4.865531312101257,4.882611322588118,4.902421190428882,4.9249063794167975,4.950004160073181,4.977643487428911,5.007744886322222,5.040220351080204,5.074973266741346,5.111898358855323,5.150881678952954,5.191800632304499,5.234524054406326,5.278912341844237,5.324817642747793,5.37208411110367,5.420548228432027,5.4700391954062155,5.520379394920569,5.5713849272475,5.622866216741463,5.674628688608291,5.726473513212043,5.778198414409323,5.829598537455482,5.880467371151313,5.9305977180870935,5.97978270609609,6.027816833353322,6.074497039082078,6.119623791203287,6.16300218209125,6.204443023184608,6.243763929125303,6.280790381998486,6.315356766369243,6.34730736588931,6.376497312574247,6.402793480139417,6.426075313319413,6.446235585547997,6.463181078073096,6.476833174192134,6.4871283631683525,6.494018649118312,6.497471861006799
4.867893463126509,4.870796057659669,4.8765935849208875,4.885270696235477,4.896804306963884,4.911163525419271,4.928309562827021,4.948195628231524,4.970766813120371,4.995959971183972,5.023703599295409,5.053917726260677,5.086513816156799,5.121394693320095,5.158454496065975,5.197578666063015,5.238643980057189,5.281518630233232,5.326062358908613,5.372126652665694,5.419555000209018,5.468183217402379,5.517839842034274,5.5683465998561745,5.6195189424360255,5.671166656347879,5.72309454221749,5.77510316102256,5.826989644248904,5.878548563376976,5.929572853409785,5.979854784316076,6.029186973498032,6.077363431760498,6.124180634716436,6.169438611038026,6.212942038686674,6.254501339901181,6.293933765592147,6.331064459847623,6.365727495093342,6.397766868823177,6.427037452924724,6.453405887052027,6.4767514079626185,6.4969666071975976,6.513958110141128,6.527647170284825,6.537970173084498,6.5448790448050715,6.548341562548759
4.9135323979345165,4.91644627643058,4.92226631515323,4.9309770529668375,4.942555237691357,4.9569697563954165,4.974181547150006,4.994143496115456,5.016800324724024,5.042088472318882,5.06993598033867,5.10026238443527,5.132978621444596,5.167986958140327,5.205180948783477,5.2444454284207,5.285656548502204,5.3286818611070315,5.373380457421608,5.419603165537596,5.467192811808902,5.515984549253444,5.565806255429452,5.616479001435904,5.667817592445441,5.719631179394915,5.7717239402615865,5.823895828398079,5.875943384503958,5.927660607666252,5.978839880318741,6.029272940853988,6.078751897141112,6.127070273374038,6.174024082167691,6.21941291346557,6.263041031192027,6.304718468673862,6.344262113323926,6.381496771368716,6.41625620318919,6.448384120140967,6.477735133986911,6.504175650296159,6.52758469780016,6.547854686078953,6.564892084608136,6.578618016997057,6.5889687648324005,6.595896176497666,6.599367977191786
4.9593456676162075,4.962270783190003,4.968113239952642,4.976857465009964,4.988480039683549,5.002949631160352,5.020226906023918,5.040264429509033,5.063006555211914,5.088389310604597,5.116340284323523,5.146778521704255,5.179614435324482,5.214749737455834,5.2520774014603475,5.291481658926236,5.332838039190672,5.376013457377576,5.420866356630109,5.467246909543411,5.514997283028428,5.563951970000285,5.613938190416584,5.664776363160938,5.716280649293151,5.76825956621637,5.820516671172811,5.872851311632442,5.925059439043713,5.976934481488278,6.028268270023246,6.078852012517553,6.128477308197449,6.176937195371681,6.224027224299463,6.269546546666535,6.313299012765572,6.355094267302809,6.394748834409945,6.432087182601485,6.466942760283245,6.499158992728448,6.52859023157274,6.555102648272301,6.5785750634935205,6.59889970478848,6.615982885666988,6.6297455997979124,6.64012402484569,6.647069931268209,6.6505509923238835
5.005332895169663,5.0082692016718084,5.014133984534885,5.022911559781661,5.03457834326072,5.049102783620951,5.066445277595625,5.086558071427294,5.109385153061669,5.134862140507608,5.162916172221296,5.193465806009499,5.226420933102083,5.261682714298187,5.299143545143553,5.338687056902148,5.380188159921996,5.42351313546501,5.468519781664361,5.515057618579221,5.562968156517598,5.6120852310126885,5.662235406985451,5.7132384535292156,5.764907889831347,5.817051601817107,5.869472527896579,5.921969411360269,5.974337615937295,6.026370000062076,6.077857844599544,6.1285918279249625,6.178363041497148,6.226964038489482,6.274189907401627,6.319839362155815,6.363715839809983,6.405628596741613,6.44539379401921,6.482835562577103,6.51778703894911,6.5500913623667705,6.579602624333424,6.606186762177026,6.629722388448142,6.650101548628568,6.6672304001987746,6.6810298068275715,6.691435842200921,6.698400198817959,6.70189049796046
5.0514937114170895,5.054441163431638,5.0603281818934205,5.069138972425427,5.080849786411107,5.095428855276479,5.112836307528169,5.133024072305135,5.155935774055838,5.181506623690225,5.209663312066949,5.2403239122042065,5.273397796848892,5.308785578303963,5.346379077335376,5.3860613279605705,5.4277066246063335,5.4711806177159055,5.516340463410378,5.563035032116278,5.611105180328926,5.660384088880749,5.710697670195453,5.761865045930059,5.813699095622504,5.8660070757627105,5.918591307783378,5.971249932478761,6.023777727371938,6.075966982579307,6.127608429964074,6.178492219408127,6.228408935476289,6.277150646946347,6.324511981153816,6.3702912147477,6.414291371936601,6.456321321067634,6.496196860350039,6.533741783300074,6.568788914666072,6.601181107670532,6.63077219370298,6.657427875936712,6.681026558776554,6.701460105573695,6.718634517718694,6.732470528835374,6.742904108578344,6.749886871437967,6.753386386702127
5.097827754826701,5.10078630764371,5.106695472618943,5.115539345653317,5.127294014629943,5.141927495067286,5.159399648836937,5.1796620898308685,5.202658081113711,5.228322428842151,5.25658137880057,5.287352521902357,5.32054471525456,5.356058025574484,5.393783701844839,5.433604183850951,5.475393153122349,5.519015632289695,5.564328138400829,5.611178895095988,5.659408107817279,5.708848305334304,5.759324750052236,5.81065591854748,5.862654052875713,5.91512578209732,5.967872812503373,6.0206926840562245,6.073379589558147,6.125725252137733,6.1775198557981295,6.228553022946639,6.278614832114876,6.32749686838656,6.3749932985492075,6.420901962475327,6.465025471884879,6.507172307395111,6.547157904579045,6.5848057196825724,6.619948265748229,6.65242811004098,6.682098823853298,6.708825876179117,6.732487463237558,6.752975266210352,6.770195130337081,6.784067659140968,6.794528718199226,6.801529843959683,6.805038553678348
5.144334671344046,5.147304280953616,5.153235504744848,5.162112329553185,5.173910680753009,5.188598359202899,5.206134961717371,5.226471788784244,5.249551744154662,5.275309231521846,5.303670054092616,5.334551323335595,5.367861383475598,5.403499758536304,5.4413571286433475,5.481315342334442,5.523247471212952,5.567017913042121,5.612482548675535,5.6594889577998435,5.707876697515,5.757477647109515,5.808116421421669,5.859610854250956,5.911772552320571,5.964407519238992,6.017316847961013,6.070297479250149,6.123143022665909,6.175644635644781,6.227591955479344,6.278774078096902,6.328980576831444,6.378002553810781,6.4256337158533245,6.471671466530104,6.515918005466774,6.558181425850092,6.598276800814594,6.6360272494804,6.671264973301048,6.703832253621955,6.733582401643005,6.760380652172812,6.784104993201475,6.804646923693477,6.821912132707514,6.835821093586274,6.84630956780177,6.853329013714734,6.856846896522493
5.1910141142277855,5.193994737292511,5.199947933574948,5.208857581462328,5.220699444781746,5.235441111003399,5.25304191341353,5.273452840887498,5.296616439926734,5.3224667140196305,5.350929026243989,5.381920011208256,5.415347503014104,5.451110485802818,5.4890990737460355,5.5291945270513345,5.571269310330272,5.615187199365244,5.660803441679438,5.707964975756077,5.756510713028525,5.806271885848319,5.857072463916033,5.908729640514251,5.961054389144249,6.013852089904113,6.066923224207522,6.120064135235591,6.173067850738792,6.225724963761063,6.27782456601392,6.329155227916663,6.379506018465327,6.428667557513728,6.476433092518384,6.522599591215166,6.566968841529137,6.609348549487028,6.649553426017981,6.687406253270763,6.722738921183634,6.755393425245396,6.785222816574887,6.8120920957819955,6.835879042597885,6.8564749737289565,6.873785421982763,6.887730730505451,6.898246556598541,6.90528428049012,6.908811315309894
5.237865743882632,5.240857337750876,5.246832421515912,5.25577476577609,5.267659973739277,5.282455420733713,5.300120178017876,5.320604924647726,5.343851851869115,5.369794565198678,5.398357989980001,5.429458286548539,5.4630027815536755,5.49888992204331,5.537009259079945,5.5772414674108415,5.619458407537353,5.663523236114953,5.709290570139098,5.756606709618394,5.805309922930886,5.855230798016886,5.906192661804895,5.95801206930197,6.010499362863284,6.063459301012444,6.116691755359724,6.169992473101158,6.223153901622209,6.275966070825906,6.328217527962528,6.379696318918969,6.430191009169648,6.479491737021873,6.527391291128562,6.573686203887163,6.618177851870803,6.66067355426394,6.7009876599896625,6.738942614375938,6.774369995945178,6.807111514387031,6.837019960747483,6.863960101430003,6.887809507874794,6.9084593144935615,6.925814897795546,6.939796470670776,6.950339586212174,6.957395546493958,6.960931712534272
5.284889227718098,5.287891750380305,5.293888637937877,5.302863553811329,5.314791941525922,5.329640965464599,5.347369436369498,5.367927725212275,5.391257669964182,5.417292480357617,5.445956646375028,5.477165856593953,5.5108269328513035,5.546837787853618,5.585087412342903,5.625455898442523,5.6678145053680185,5.7120257734741875,5.757943691958682,5.805413925047441,5.854274100661798,5.904354164784973,5.955476803913827,6.0074579369962064,6.060107277284467,6.113228963609797,6.1666222595245825,6.220082317809043,6.273401006883479,6.326367794770839,6.378770685369684,6.43039720098378,6.481035404392092,6.530474953041309,6.578508177365487,6.6249311748846385,6.669544911220621,6.712156318969072,6.752579385288693,6.790636218828151,6.82615808679405,6.858986413121568,6.888973728814127,6.915984566048667,6.9398962879649995,6.960599846612733,6.978000462179837,6.992018217256031,7.00258856066867,7.009662716308682,7.013207993060935
5.332084239982668,5.335097650082782,5.341116259020903,5.350123623657841,5.362095028743452,5.376997428923208,5.394789375880591,5.415420934221663,5.438833590591415,5.464960161087167,5.4937247026607405,5.5250424346212625,5.558819676596492,5.594953809624691,5.633333266895527,5.673837560695624,5.716337351741229,5.760694566836258,5.80676257010726,5.854386392635833,5.903403024420542,5.953641771930473,6.004924683544347,6.057067044300715,6.1098779403791195,6.163160892780896,6.216714558716153,6.2703334980838115,6.323809001741084,6.376929977075652,6.429483885706398,6.4812577273072165,6.532039062779451,6.581617069387498,6.629783619927562,6.6763343775107815,6.721069897154414,6.763796725190352,6.804328487203188,6.842486955325385,6.878103085542812,6.911018016085213,6.941084017940125,6.968165389052378,6.992139284225266,7.012896473130793,7.0303420195722275,7.044395875791443,7.054993386336199,7.06208569685878,7.065640064087313
5.379450461628255,5.382474718434181,5.388514967595487,5.397554660019736,5.409568922580145,5.424524501354063,5.442379690409476,5.463084249679002,5.48657931639756,5.5127973151478855,5.541661872147045,5.573087739858981,5.60698073827795,5.643237719425542,5.681746561646925,5.722386200120785,5.765026699818965,5.809529376709526,5.855746972523727,5.9035238877862675,5.952696477085901,6.003093409771268,6.0545360983720204,6.106839196158995,6.159811164222142,6.213254907586079,6.266968478779878,6.3207458463715644,6.37437772501489,6.4276524626851135,6.480356979802416,6.5322777543454515,6.58320184613766,6.632917952943937,6.681217490489253,6.727895687933381,6.7727526900785975,6.8155946572576775,6.856234853705019,6.894494715176268,6.930204886555101,6.96320622042577,6.993350727755464,7.020502472278497,7.044538400422057,7.065349099448388,7.082839476742921,7.0969293541545015,7.107553971896313,7.114664397363,7.118227835113785
5.426987580155429,5.430022643555677,5.436084453018187,5.445156354090943,5.457213316645211,5.472221879360928,5.490140080106319,5.510917375806391,5.534494556162085,5.560803656325804,5.589767874042597,5.621301497337191,5.655309849079208,5.691689254883099,5.7303270409177705,5.7711015679578415,5.8138823079169795,5.8585299686140075,5.9048966720050995,5.952826190618058,6.002154246098749,6.052708873041741,6.104310850363164,6.156774201663308,6.209906764908858,6.263510830957657,6.3173838493268,6.371319198744613,6.425107019032933,6.478535099951872,6.5313898217851385,6.583457141744704,6.63452361936452,6.6843774735932735,6.732809663645232,6.77961498517949,6.824593173154713,6.867550002188176,6.908298375382787,6.946659392275257,6.982463386732835,7.01555092575411,7.045773760330237,7.072995719949262,7.0970935426736865,7.117957633306349,7.1354927427709045,7.14961856248767,7.160270228302234,7.1673987293183385,7.170971217893786
5.4746952894806,5.477741119973492,5.483824411022675,5.492928403402913,5.505027910858446,5.520089265801435,5.538070251305146,5.558920022911233,5.582579024664121,5.608978904323338,5.638042433374126,5.669683437772353,5.70380674574804,5.740308159072232,5.779074454353061,5.81998342061852,5.862903939389367,5.907696112960479,5.954211446105222,6.0022930858738,6.051776123398496,6.102487960833182,6.15424874569095,6.206871873979459,6.260164562478304,6.313928489648026,6.367960503644936,6.422053394848854,6.475996729580285,6.529577740565459,6.582582269018315,6.634795752291467,6.6860042504154436,6.735995504187265,6.784560016855517,6.831492151065047,6.876591232262687,6.919662649657289,6.960518945425441,6.998980883037963,7.0348784854484485,7.068052034127791,7.098353020112578,7.125645038658249,7.14980461942302,7.170721984729472,7.188301729003983,7.2024634131970116,7.2131420687494385,7.220288606442082,7.2238701264110885
5.5225732898033355,5.525629848476024,5.531734543582714,5.5408705116962755,5.553012411290243,5.5681263696281995,5.586169916366704,5.607091907276641,5.630832442560825,5.657322784607721,5.686485280834262,5.718233297453983,5.752471170483887,5.789094180388155,5.827988556794637,5.869031519598198,5.912091362538826,5.957027584979604,6.003691077062787,6.051924362832111,6.10156190530542,6.152430476488294,6.204349594659811,6.257132030271211,6.31058438082349,6.364507714152594,6.41869827865745,6.472948277834381,6.52704670582259,6.580780239508476,6.633934182052762,6.6862934518490835,6.737643610219917,6.787771920459524,6.836468430415311,6.883527070136417,6.928746755961361,6.971932491946137,7.0128964595621985,7.051459086372358,7.087450084515599,7.120709449989983,7.1510884139126585,7.178450337299876,7.202671541395143,7.223642066006773,7.241266349031223,7.255463820910988,7.2661694086399145,7.273333944654301,7.276924476846915
5.570621287469081,5.573688535995813,5.579814558792247,5.588982388803422,5.601166530056083,5.616332905787795,5.634438793574324,5.655432751015838,5.6792545362558045,5.7058350283178,5.735096152686456,5.766950818117557,5.801302870826643,5.838047072453961,5.877069108186104,5.918245631353883,5.961444350495882,6.006524164600422,6.053335351670628,6.101719815208329,6.151511392453273,6.202536227524982,6.254613211610362,6.307554491620591,6.361166047641006,6.415248338635924,6.46959701482733,6.524003694285732,6.578256800270072,6.6321424549797605,6.685445424552637,6.737950109324977,6.789441572654073,6.839706601009503,6.88853478736886,6.935719629652767,6.981059635428543,7.024359423898457,7.065430816031769,7.104093903632599,7.140178088139891,7.1735230801377,7.203979850841241,7.231411527050041,7.255694221561869,7.276717791648924,7.294386518635417,7.30861970242696,7.319352165537598,7.326534662029317,7.330134187524949
5.6188389948419335,5.6219168954708945,5.628064170730236,5.6372637504882634,5.649489985170822,5.6647085950616205,5.682876606997634,5.703942281959088,5.727845037807026,5.75451537213842,5.78387479063416,5.815835746847195,5.850301599549167,5.8871665940010836,5.926315873459764,5.967625527218451,6.0109626811440515,6.056185636368297,6.103144061225825,6.151679241068505,6.201624389701026,6.25280502556349,6.305039414859455,6.358139082942131,6.411909394346745,6.4661502008581335,6.520656556110219,6.575219494167396,6.629626868690028,6.683664248343747,6.737115863252617,6.789765596572971,6.841398014477016,6.891799427233985,6.940758973503993,6.98806971951916,7.033529764435062,7.076943342873682,7.118121915530717,7.156885238592969,7.1930624028944194,7.226492833687538,7.2570272423139,7.284528521336081,7.308872575114425,7.329949078351504,7.3476621557762,7.361930976706844,7.372690259157823,7.379890678774732,7.383499178907612
5.66722613018797,5.6703146457199365,5.6764830993315725,5.685714318363691,5.697982500448028,5.713253163984605,5.731483086383084,5.752620233535527,5.776603684772903,5.803363558178787,5.832820941716436,5.864887835954643,5.899467114548921,5.936452508782051,5.9757286224456285,6.017170983291295,6.060646137012344,6.106011789345873,6.153117001406701,6.201802442760631,6.251900706048098,6.303236686236168,6.3556280266121705,6.408885632934579,6.462814256002049,6.517213142124374,6.571876749881308,6.626595530748354,6.68115677005718,6.735345484073368,6.788945367898814,6.8417397883939,6.893512815286882,6.944050283290957,6.993140877283482,7.0405772322459725,7.086157039285564,7.129684148725093,7.170969661175105,7.2098329973853135,7.2461029376834105,7.279618622037446,7.310230501958926,7.337801235785138,7.362206519418772,7.38333584497701,7.401093180539159,7.415397564826347,7.42618361130675,7.433401917198655,7.437019373544802
5.715782417531889,5.718881511332388,5.725071070283934,5.734333819747346,5.7466438053593425,5.761966344695893,5.7802579670290815,5.801466344671139,5.8255302201267725,5.852379333876641,5.8819343582043215,5.914106842879605,5.948799178736019,5.985904585453057,6.025307129770015,6.066881780356151,6.11049450518379,6.15600241704456,6.2032539722142355,6.252089226805791,6.302340154561743,6.35383102911337,6.40637887289343,6.459793973983712,6.513880471259467,6.568437007200183,6.623257446881469,6.678131660563965,6.732846366513087,6.787186029695939,6.840933811208935,6.893872562451344,6.94578585746486,6.996459056041403,7.0456803897984965,7.093242062913515,7.138941358791332,7.182581743728574,7.2239739584739375,7.262937088484768,7.29929960368549,7.332900358835698,7.36358954563321,7.391229588213239,7.415695973996739,7.436878012490803,7.4546795151195795,7.469019389947409,7.479832145879382,7.487068301668494,7.490694696048819
5.764507586569621,5.767617222533436,5.773827814886903,5.78312198754395,5.795473634934081,5.810847874841898,5.8292009896696895,5.850480359651103,5.874624392140474,5.901562451874264,5.9312147974909735,5.963492530094167,5.998297559956514,6.035522597482612,6.075051174756246,6.116757703774981,6.16050757721538,6.206157317308476,6.253554777866189,6.302539403839325,6.35294255228669,6.404587877634564,6.457291783479604,6.510863942125103,6.5651078822854325,6.619821644268906,6.67479850114365,6.729827743335296,6.7846955232756585,6.839185755748974,6.893081068794456,6.946163799231155,6.998217026139321,7.049025635011694,7.098377404740056,7.1460641091271055,7.191882624220383,7.235636032573555,7.277134715285962,7.3161974226616,7.352652314340036,7.3863379599319865,7.4171042913647796,7.44481349856646,7.46934086047898,7.490575503970795,7.50842108377167,7.522796377283825,7.533635788799739,7.540889758597927,7.544525073067311
5.813401372531557,5.816521515087191,5.822753069963099,5.832078560145889,5.844471729640807,5.859897497461121,5.878311900388234,5.899662028034149,5.923885954274498,5.950912669933086,5.980662021979467,6.013044664987121,6.0479620308698925,6.085306323062674,6.124960541345093,6.166798543416723,6.210685149041502,6.256476292264058,6.304019226730572,6.353152788519477,6.403707720181465,6.455507059033866,6.508366591817835,6.562095376933897,6.616496334694595,6.671366904848415,6.726499769946946,6.78168364192989,6.836704108621657,6.891344535707817,6.945387019148211,6.998613382007082,7.050806209132696,7.101749912350887,7.151231818343548,7.199043270968533,7.244980739260113,7.288846922310506,7.330451841768287,7.369613912944715,7.406160985301745,7.439931343365137,7.470774659323625,7.498552888909508,7.523141102575309,7.544428244539922,7.562317812812666,7.576728454079645,7.587594468022216,7.594866216398988,7.598510433249383
5.8624635160753,5.8655941301695895,5.8718465777245,5.881203281313557,5.893637835280845,5.909114960870583,5.927590450481025,5.949011104538617,5.973314665076086,6.000429750809304,6.030275799004227,6.06276301977273,6.09779236886641,6.13525554500773,6.175035017988273,6.217004093551664,6.261027020891763,6.30695914819656,6.354647131249813,6.403929199464588,6.454635483042189,6.5065884042661795,6.5596031349686905,6.613488121509051,6.668045677507504,6.723072643756973,6.7783611137518145,6.833699222298722,6.888871993810238,6.943662245952256,6.997851543555893,7.051221196763064,7.10355329692026,7.154631782787656,7.204243529360178,7.252179450965896,7.298235609991975,7.3422143223179175,7.3839252503642125,7.423186474600064,7.459825534414324,7.493680429316807,7.52460057178881,7.552447683384636,7.577096626060053,7.598436161363417,7.616369630546988,7.630815549577028,7.641708113470772,7.648997605463822,7.6526507072158125
5.911693763180782,5.914834814272194,5.921108085680218,5.93049590006563,5.942971702874955,5.958500018568754,5.9770363963688515,5.998527348939061,6.022910288080177,6.050113462181163,6.080055900716091,6.112647371402352,6.147788355973379,6.18537005066991,6.225274397570381,6.267374152776721,6.311532997218392,6.357605695515669,6.405438307850389,6.454868459163481,6.505725669438026,6.557831747941664,6.611001253544351,6.665042022367828,6.719755763056265,6.774938719018781,6.830382396151788,6.885874353428279,6.94119905304509,6.996138765714143,7.050474526074329,7.103987132185788,7.156458182588066,7.207671143586854,7.257412439002606,7.305472554059351,7.351647144830037,7.395738144263581,7.4375548557498625,7.476915025083844,7.513645881671883,7.547585140076861,7.57858195312067,7.606497808183839,7.631207358726126,7.652599183592956,7.6705764672786545,7.6850575949847135,7.695976657041533,7.703283858133902,7.706945827536083
5.961091865040549,5.964243319091232,5.970537346519576,5.979956170586726,5.9924730885697395,6.008052429123605,6.026649499492228,6.048210525975764,6.0726725917124735,6.0999635765244475,6.13000210399989,6.162697501468505,6.197949778768778,6.235649631851714,6.2756784773270935,6.317908523926445,6.362202886594201,6.408415748647891,6.456392576871091,6.505970393915015,6.556978111623061,6.609236928257098,6.662560791626319,6.716756929419734,6.771626446967053,6.826964991856525,6.882563483810793,6.938208907279128,6.993685163411385,7.048773977025763,7.10325585349053,7.156911079595677,7.209520761778697,7.260867894503457,7.3107384509083335,7.358922487542645,7.405215254502364,7.449418302070451,7.491340574820531,7.53079948401197,7.567621949185676,7.601645400026361,7.632718729733504,7.660703191530364,7.685473230366168,7.706917242375962,7.724938255264363,7.739454523447739,7.75040003254917,7.757724908676322,7.761395728698725
6.010657577960328,6.013819401421348,6.0201341180222485,6.0295838521089875,6.0421417535278055,6.057771956085714,6.076429526218795,6.098060405235711,6.122601349186292,6.149979871045467,6.18011419037441,6.212913196109528,6.24827642827873,6.286094084710575,6.326247058754556,6.368607014003758,6.41303650166654,6.459389125972389,6.507509762507785,6.557234833755345,6.608392645488017,6.66080378693468,6.7142815967257,6.768632695872307,6.823657588062165,6.879151326596054,6.9349042464138755,6.990702758742963,7.046330204842388,7.101567764672912,7.156195415255645,7.209992932907046,7.262740932672524,7.314221937752656,7.36422147112083,7.412529161057655,7.458939852016764,7.503254711887353,7.545282326633583,7.584839773127299,7.621753661154801,7.655861135599837,7.687010830059824,7.715063763619125,7.739894172722392,7.761390270781508,7.779454928687429,7.7940062700327895,7.804978175717719,7.81232069324942,7.81600034708524
6.060390663259739,6.063562823062264,6.069898162945428,6.079378708828053,6.091977463837026,6.107658367875323,6.12637624773422,6.148076761087664,6.172696338423997,6.200162127567599,6.230391945902652,6.263294245929159,6.298768099920158,6.336703209692945,6.376979947530945,6.419469434092576,6.464033659046829,6.510525649743393,6.558789692716351,6.608661612388299,6.659969110486524,6.712532169159353,6.766163519700535,6.82066917820257,6.875849048335954,6.9314975906159875,6.9874045566190395,7.043355785594452,7.099134060066081,7.154520016157909,7.209293103456424,7.263232588599426,7.316118595928253,7.367733177971996,7.417861408028469,7.46629248652563,7.512820852614732,7.557247292050878,7.59938003239108,7.639035816277917,7.6760409438525565,7.710232275244573,7.741458184520076,7.769579456625894,7.794470119499376,7.816018203816083,7.834126423625629,7.848712771687614,7.85971102414433,7.867071149890605,7.870759620940947
6.110290887164304,6.113473350715755,6.119829248936948,6.129340509793709,6.141979990405902,6.157711437703885,6.176489439963257,6.19825937256289,6.22295734195137,6.250510132463031,6.28083516111723,6.313840445910764,6.349424593379022,6.3874768114431895,6.427876953440871,6.470495599279487,6.5151941792669925,6.561825146023684,6.610232199164897,6.6602505671137475,6.71170734956884,6.764421923504454,6.818206414711244,6.872866236083182,6.928200692875753,6.98400365431991,7.040064289994565,7.096167868433763,7.1520966145526685,7.207630621645976,7.262548812768666,7.316629945665568,7.369653654646929,7.421401522171483,7.47165817233946,7.5202123781407275,7.566858173747255,7.611395963057583,7.653633615408626,7.693387539378408,7.730483725559281,7.7647587494148995,7.796060725500045,7.824250204652436,7.849201006298396,7.870800978365248,7.888952678036319,7.903573967221659,7.914598517280904,7.921976218468453,7.925673490358955
6.160358020720427,6.163550755895916,6.169927148436723,6.179469028827341,6.1921491088769365,6.207930943463105,6.226768883465727,6.248608023284159,6.2733841468057685,6.301023676540052,6.331443630922819,6.364551595329584,6.400245712572459,6.438414698720179,6.478937890301281,6.521685328587343,6.566517886685867,6.613287444615077,6.661837117153202,6.712001538778092,6.763607209126123,6.81647290189125,6.870410139165142,6.925223732329928,6.980712389825888,7.036669391070711,7.092883324997294,7.149138890653551,7.205217756477455,7.260899473926763,7.315962440414401,7.370184905569973,7.423346014351085,7.475226879707517,7.52561167704907,7.574288752318015,7.621051735042657,7.665700647516695,7.708043001080861,7.747894870379074,7.785081936573409,7.819440490531354,7.850818387325409,7.879075943720055,7.904086770619418,7.925738533186198,7.943933631737928,7.958589797290307,7.9696405964036785,7.977035840682829,7.9807418972394615
6.210591839706768,6.2137948148324655,6.220191638583662,6.229764044428231,6.242484599547185,6.258316667656181,6.277214363367016,6.2991225013733985,6.323976544485099,6.351702554996388,6.382217154512117,6.415427497684965,6.451231265535215,6.489516684337463,6.53016257587383,6.573038444904266,6.618004609438689,6.664912378981221,6.713604285558354,6.76391437170003,6.815668538923896,6.868684959521789,6.922774553647676,6.977741532855056,7.033384010330576,7.089494677133243,7.145861542889332,7.202268738386455,7.258497376673315,7.314326468376115,7.36953388612738,7.423897372218241,7.477195582921441,7.529209162247514,7.579721837396067,7.628521527665787,7.675401458268374,7.7201612701523485,7.762608116851173,7.802557739245331,7.839835509162313,7.874277432942085,7.90573110623444,7.934056611722432,7.959127351807224,7.980830808878334,7.999069226351257,8.013760204343987,8.024837204590764,8.032249960026535,8.035964785280813
6.260992124530358,6.264205308383242,6.270622501131018,6.280225339672396,6.292986247245633,6.3088683972975,6.327825669237674,6.349802599360216,6.374734330816009,6.402546567294329,6.433155535304535,6.4664679605954705,6.502381064365775,6.540782585071172,6.581550831809645,6.624554774905575,6.66965417934487,6.716699786203413,6.765533546762009,6.815988913607382,6.867891192048804,6.921057954813115,6.9752995218729,7.030419506608562,7.086215428482791,7.142479391642048,7.198998827718822,7.255557300449366,7.311935368591092,7.367911502899474,7.4232630521041765,7.47776725191537,7.5312022705796435,7.5833482837336685,7.633988570842484,7.682910624957636,7.729907267301412,7.7747777577320925,7.817328892188741,7.857376077918358,7.894744377535,7.929269512916639,7.9607988203377795,7.989192148420899,8.01432269105638,8.036077747854725,8.054359405315733,8.069085132634996,8.080188286705265,8.087618521764206,8.09134209995704
6.311558660144176,6.314782021943595,6.321219522349443,6.330852702146424,6.343653841288503,6.359585923828125,6.378602595058041,6.4006481141022125,6.425657305907838,6.453555517111334,6.484258580837465,6.517672795763268,6.553694925135753,6.59221222159845,6.6331024835692665,6.676234148983781,6.721466431869395,6.768649506881919,6.817624746596156,6.868225015580491,6.920275024847045,6.973591749360278,7.02798491064475,7.083257525518743,7.139206521273495,7.195623416537933,7.252295066267559,7.309004468328284,7.365531628254793,7.421654477915993,7.477149842983328,7.531794453332358,7.585365989842229,7.637644160339382,7.688411797023346,7.737455967095223,7.784569088098555,7.82955003907123,7.872205258544589,7.912349820296488,7.949808477821753,7.984416668621512,8.016021469617078,8.044482495402372,8.069672731365934,8.091479294319882,8.109804113841752,8.124564528174316,8.135693789351707,8.143141472904013,8.146873788473167
6.362291235967966,6.365524745365085,6.371982492956124,6.381645923841236,6.394487175363456,6.410469043039206,6.4295449390886645,6.451658846717834,6.476745274056666,6.504729212255504,6.535526102726682,6.569041818854466,6.6051726678332985,6.643805418419261,6.6848173603514045,6.728076401196454,6.773441206029112,6.820761385116237,6.8698777342733575,6.920622532003694,6.972819896866287,7.026286207868195,7.080830589775372,7.136255464463389,7.192357168544972,7.248926636536812,7.3057501479978635,7.362610136104964,7.419286054230685,7.475555296301684,7.531194165780676,7.585978887466616,7.639686655501993,7.692096710459831,7.742991437736253,7.792157479082328,7.839386848678622,7.884478044993725,7.927237149353826,7.96747890220876,8.00502774805179,8.03971884006492,8.07139899587845,8.099927596071524,8.125177417526375,8.147035394256486,8.165403298893297,8.180198338720434,8.191353660887215,8.198818762196048,8.202559799772422
6.413189645802834,6.41643327287282,6.4229112080127475,6.432604801094365,6.445486047469641,6.461517554980997,6.4806525038166765,6.502834602485582,6.527998043677174,6.556067464583287,6.586957916558363,6.620574849461141,6.656814116279925,6.695562003796936,6.7366952950435355,6.780081369190512,6.825578344359217,6.873035268407171,6.9222923623411985,6.973181320489727,7.025525670809243,7.079141198105725,7.133836432064517,7.189413201206866,7.2456672529534645,7.302388939082419,7.359363965029503,7.416374200431219,7.47319854756436,7.529613863350199,7.585395929886006,7.640320467605841,7.6941641845694155,7.746705854645068,7.797727416893583,7.8470150879863745,7.8943604790690864,7.939561708290745,7.982424499969363,8.022763261378062,8.06040212811181,8.09517596910672,8.12693134274614,8.15552739560859,8.180836696086129,8.202745995384422,8.22115690917044,8.235986513748308,8.24716785136218,8.254650340077962,8.258400084496136
6.464253687740151,6.467507402975591,6.474005466869398,6.483729134480355,6.4966502598241025,6.51273126389658,6.531925095884057,6.554175190787047,6.579415427222836,6.607570089932578,6.638553841842786,6.67227171101581,6.70861909806188,6.74748180968444,6.788736124125836,6.832248894132091,6.8778776928310865,6.925471007611522,6.974868486608929,7.02590124183864,7.078392212469746,7.132156590841987,7.187002313227675,7.242730616354184,7.299136659899045,7.35601021428797,7.413136412066699,7.4702965604972755,7.527269011776022,7.5838300867601705,7.639755046995656,7.69481910930159,7.748798496270542,7.801471515609204,7.852619660498296,7.902028722925153,7.949489911306457,7.9948009637185455,8.037767247670226,8.078202837411816,8.115931559735067,8.150787999418071,8.1826184556238,8.21128184096961,8.236650515348945,8.258611047151842,8.277064895078187,8.291929004425425,8.303136312527206,8.310636158682282,8.314394594961906
6.515483164099735,6.51874693840356,6.525265073064148,6.535018728762978,6.547979618797116,6.564109978137707,6.583362525983862,6.6056804250125705,6.630997241111565,6.659236908042782,6.690313701918262,6.724132230725035,6.760587444475279,6.7995646716590885,6.840939687638162,6.884578820661116,6.930339100802009,6.978068456906466,7.027605966108987,7.078782159984805,7.131419390690305,7.185332259823038,7.24032811186765,7.296207593302467,7.352765277524872,7.409790354913698,7.467067386395776,7.524377117972436,7.5814973527947025,7.638203876565204,7.694271431105441,7.7494747303263205,7.803589511987783,7.856393618159907,7.90766809661476,7.957198315019773,8.004775079380664,8.05019574795156,8.093265331621225,8.133797571760653,8.171615986479152,8.206554876452902,8.238460281682944,8.267190880833057,8.292618825322768,8.314630500711953,8.33312720871245,8.348025763611169,8.359258997797497,8.366776171808242,8.370543285154275
6.566877881332417,6.570151686007107,6.576689834259254,6.586473392796801,6.599473934823319,6.6156535100947975,6.63496460881815,6.657350122510855,6.682743305654225,6.7110677425016965,6.742237323916753,6.776156239498661,6.812718990446047,6.851810428861726,6.8933058291032205,6.937070996823408,6.9829624209511385,7.030827473681071,7.080504663027242,7.131823941934353,7.1846070773072395,7.238668081696891,7.293813709415607,7.349844018209672,7.406552996615412,7.463729256315216,7.521156787818754,7.578615776981251,7.63588347893542,7.692735145122462,7.748944998457773,7.804287250645597,7.858537155237697,7.911472089201879,7.9628726553434355,8.01252379738747,8.060215919231839,8.105745999561421,8.14891869284452,8.189547407709966,8.227455353688883,8.262476547438451,8.294456769833038,8.32325446561846,8.348741577726674,8.370804308893359,8.389343803840934,8.404276745808913,8.415535862242418,8.423070334885285,8.426846110690239
6.61843764996344,6.62172145671214,6.6282795621596104,6.638092939463393,6.651133022332197,6.667361676117994,6.686731163003897,6.709184104504682,6.734653444992441,6.763062420645834,6.794324538658989,6.82834357189261,6.86501357447903,6.904218923928088,6.945834395464013,6.989725274011351,7.035747509227485,7.083747918537913,7.133564442666505,7.185026457716518,7.237955147102026,7.29216393598088,7.347458990084147,7.403639779929557,7.4604997106084765,7.517826816398586,7.575404518614993,7.633012444066782,7.690427300852265,7.747423807075547,7.803775667518581,7.859256592396861,7.913641351657329,7.966706857691551,8.01823326878351,8.068005105089092,8.115812368712323,8.16145165900243,8.204727274198403,8.245452290342802,8.283449608487494,8.318552961344015,8.350607870708837,8.379472547423717,8.4050187259498,8.427132426197945,8.445714635867269,8.460681907163043,8.471966862551126,8.479518604974437,8.483303028820474
6.670162284508432,6.673456065421795,6.6800340724497,6.68987718559722,6.702956699691367,6.7192342964480325,6.7386620110167685,6.7611821960257545,6.786727487022019,6.815220773538334,6.84657518062083,6.880694066044202,6.917471038577935,6.956790002946722,6.998525237036169,7.042541506905187,7.0886942247996485,7.1368296552045765,7.18678517337317,7.238389580348882,7.291463477750528,7.3458197050079095,7.401263840827717,7.45759476999119,7.514605315519137,7.572082935599594,7.629810483515877,7.687567028144053,7.7451287315261075,7.802269779308706,7.8587633589416805,7.914382679836431,7.9689020289445205,8.022097854603446,8.073749871010808,8.12364217513135,8.171564367560867,8.217312668571976,8.26069102035942,8.301512166523972,8.33959869974833,8.374784068861565,8.406913536632278,8.435845080028821,8.461450225045503,8.483614808753588,8.502239661836091,8.517241205434875,8.528551957028961,8.53612094073987,8.539913998383675
6.722051603408864,6.725355330957351,6.731953184710425,6.741825951916264,6.75494478910653,6.771271195160753,6.790756979112925,6.813344225843941,6.838965263335475,6.867542635867305,6.898989087853209,6.933207563600173,6.970091228211572,7.0095235153692474,7.051378207440057,7.095519553424727,7.141802429984819,7.190072550487851,7.240166726507053,7.291913185765514,7.3451319497870085,7.3996352738816515,7.455228151304753,7.511708882539257,7.568869709926937,7.626497516820069,7.684374589669309,7.742279440475842,7.799987686206142,7.857272980930567,7.913907995538618,7.96966543933256,8.024319116859884,8.077645012914415,8.129422398057432,8.17943494641082,8.227471857383,8.273328972396127,8.316809877792217,8.357726984875844,8.395902578065556,8.431169822382424,8.463373721614717,8.492372018870295,8.518036031693503,8.54025141432148,8.558918840399041,8.573954599987266,8.58529110556605,8.592877302433653,8.596678979802942
6.774105428951858,6.777419075986489,6.784036722353824,6.793939062948416,6.807097116590693,6.823472200071158,6.843015897269692,6.865670026405343,6.891366609146202,6.920027845886992,6.951566101925658,6.985883909666028,7.022873992231558,7.0624193139895075,7.104393163551999,7.1486592746668,7.195071990215018,7.243476474234761,7.293708976380453,7.3455971527842,7.398960446536847,7.453610530446752,7.50935181381909,7.565982014306498,7.623292794908255,7.681070465415228,7.739096746586094,7.797149594625651,7.855004082390645,7.912433333226352,7.969209502248878,8.025104799319495,8.07989254716897,8.133348267575837,8.185250787870558,8.235383359720041,8.283534781625724,8.329500516397363,8.373083794730414,8.414096695756262,8.452361195744476,8.487710175978519,8.519988381311626,8.549053321022688,8.574776104207459,8.597042202261747,8.615752131785717,8.630822051753086,8.642184269628858,8.6497876518611,8.65359793507462
6.826323587225267,6.8296471269531684,6.8362845125657286,6.8462163469736375,6.8594135118621375,6.875837142695306,6.895438599121135,6.918159433772095,6.943931363232731,6.972676245381282,7.004306067859154,7.038722952747705,7.0758191828231665,7.115477254853327,7.157569965446929,7.201960534862178,7.248502773980496,7.2970412992741025,7.347411800222643,7.399441363062622,7.4529488541022735,7.507745365223795,7.563634723298373,7.620414064563818,7.677874474020655,7.735801689127518,7.793976866121572,7.852177406440813,7.910177839790603,7.967750759647579,8.024667806107988,8.080700690270808,8.135622253642513,8.189207555474514,8.24123498030933,8.291487357704684,8.339753085547962,8.385827248292092,8.429512721150674,8.470621251241525,8.508974506777088,8.544405085388856,8.576757473024944,8.60588894517227,8.631670402479106,8.653987133510363,8.672739497805784,8.68784352323559,8.699231412232395,8.706851952392958,8.710670827724602
6.878705908014895,6.8820393140191545,6.888696386224709,6.898657635953087,6.911893808309792,6.9283658581777,6.948024921883223,6.970812287548262,6.99665936788115,7.0254876795852645,7.057208834079082,7.091724544682688,7.128926655452948,7.1686971972291,7.210908476340058,7.255423201313642,7.302094652770281,7.350766901361208,7.401275078111986,7.453445701039533,7.507097061294097,7.562039671385095,7.618076777240799,7.675004935091484,7.732614653251628,7.790691098089345,7.84901486243763,7.90736279400856,7.9655088802950935,8.023225185759058,8.080282836221077,8.136453044686972,8.191508172012613,8.245222815417785,8.297374917093343,8.347746884830785,8.39612671620555,8.442309117538521,8.48609660874862,8.527300605090028,8.56574246682035,8.601254507978057,8.633680955669204,8.662878851603253,8.688718888000734,8.711086170580758,8.72988090182117,8.745018978476025,8.756432497931524,8.764070168919334,8.767897622825831
6.931252224776572,6.934595470994522,6.941272177855157,6.951262765458867,6.96453784290709,6.981058185225753,7.000774706312244,7.023628430836152,7.049550468821168,7.078461997111995,7.110274252350812,7.144888540606001,7.18219626880853,7.222079003545973,7.264408562556089,7.309047144349557,7.355847501032707,7.40465315915002,7.455298692959051,7.507610053907817,7.561404959594593,7.616493344699219,7.6726778756782625,7.729754530130846,7.787513240994142,7.845738604750839,7.904210651957154,7.962705677619902,8.020997127949181,8.078856539217295,8.136054523736684,8.192361797052168,8.247550239949778,8.301393988116887,8.353670541800302,8.404161887386985,8.452655622423428,8.498946075337024,8.542835410933616,8.584134712746115,8.622665033173845,8.658258402743193,8.690758789761965,8.720023002183515,8.74592152381416,8.76833927752436,8.787176308725337,8.80234838303873,8.813787492796749,8.821442267843883,8.825278286945675
6.983962374555227,6.987315435270745,6.994011725544497,7.00403157462996,7.0173454561619515,7.033913966043505,7.05368779662859,7.076607710161594,7.102604515168783,7.131599049928044,7.16350217772124,7.198214798866047,7.235627884748973,7.275622539329308,7.318070093444566,7.362832237282919,7.409761196127003,7.458699954124206,7.509482530430026,7.561934311558513,7.615872443127096,7.6711062835152175,7.727437921136754,7.784662756355292,7.8425701480063,7.900944123878854,7.959564153353975,8.018205979754113,8.076642508916686,8.134644749760065,8.191982801806425,8.248426883803262,8.303748397036856,8.357721016137182,8.41012179982852,8.46073231343984,8.509339754776768,8.555738074599864,8.599729082797248,8.641123531295381,8.679742164764145,8.71541673027791,8.747990937391172,8.777321360336298,8.803278274505399,8.825746419926856,8.844625684936089,8.859831704004938,8.871296364400454,8.878968217077587,8.882812788157095
7.036836197923941,7.040199047770435,7.046914870904835,7.056963906097384,7.070316492063037,7.086933046289298,7.106764040461655,7.129749975427141,7.155821359368558,7.184898693280393,7.216892468473605,7.251703180993708,7.289221368248162,7.3293276731756025,7.37189294136163,7.416778356347548,7.463835618284576,7.512907170574192,7.563826478928727,7.616418366538737,7.670499408603125,7.7258783886887805,7.782356818613398,7.839729522833136,7.897785287367651,7.956307572490199,8.015075287499,8.073863625026593,8.132444951449031,8.190589749146838,8.248067605575185,8.304648243332528,8.360102584748184,8.414203843899903,8.466728638386003,8.517458112823391,8.566179065566534,8.612685069935173,8.656777581079314,8.698267019467169,8.736973822126927,8.772729452760638,8.805377362220739,8.834773891027929,8.860789106191875,8.883307564884745,8.90222899836329,8.91746890993863,8.928959081801619,8.936647985996062,8.940501096006251
7.089873538928596,7.093246152877328,7.0999814589917785,7.1100596059280905,7.123450798005395,7.140115275003166,7.160003288797822,7.183055079851751,7.209200857132803,7.238360785637718,7.270444986062703,7.305353551650208,7.342976587352741,7.383194276685223,7.425876981604109,7.470885380669671,7.518070650540857,7.567274695545654,7.618330429556003,7.671062114027973,7.725285755292589,7.78080956358173,7.83743447551874,7.894954740993481,7.95315857446417,8.011828869850268,8.070743977447174,8.129678540188014,8.188404385872698,8.246691471153062,8.304308872145365,8.361025815922362,8.416612746426003,8.470842417639446,8.523491006450113,8.574339237111998,8.623173508798992,8.669787017624241,8.71398086416931,8.755565137593225,8.794359967380053,8.830196533933242,8.8629180294419,8.89238056075527,8.918453986497484,8.941022680996518,8.959986218405518,8.975259970886679,8.986775615525474,8.9944815454552,8.998343181499346
7.143074245035735,7.146456598386893,7.153211338266334,7.1633185235647625,7.176748224744794,7.193460504558675,7.213405395923618,7.236522879907235,7.262742867406701,7.291985188645961,7.324159595073673,7.359165778557488,7.396893413118675,7.437222224413122,7.480022092375633,7.525153192203249,7.572466178717687,7.621802418776218,7.672994276032043,7.725865451778621,7.780231384975757,7.8358997139873106,7.892670801645096,7.950338324593083,8.008689926938981,8.067507937422027,8.126570148394297,8.185650654057898,8.244520744535988,8.302949851538267,8.360706540548465,8.417559543755962,8.473278827246077,8.527636685388481,8.580408854773019,8.63137563960493,8.680323040169581,8.727043875597811,8.771338892083962,8.813017847611434,8.851900564219585,8.887817939088855,8.920612905784248,8.950141337521904,8.976272884540782,8.998891738326419,9.017897315935175,9.033204858351397,9.04474593755084,9.052468867743624,9.056339017093434
7.196438167053753,7.199830235439298,7.206604360527384,7.216740511783368,7.230208626337762,7.246968590600117,7.2669702193637775,7.290153235284124,7.316447252292463,7.34577176707694,7.3780361631608065,7.41313973247536,7.450971719584076,7.491411393833343,7.534328154728299,7.57958167571,7.627022091361991,7.676490232691979,7.7278179147112676,7.7808282800857125,7.835336201916693,7.891148748137875,7.948065709151775,8.005880189665584,8.064379264669276,8.12334469884429,8.18255372765678,8.241779897532574,8.3007939618012,8.359364828016284,8.417260551738753,8.474249370871513,8.530100774206275,8.584586596964545,8.637482135825111,8.688567275292984,8.737627617035848,8.784455603421556,8.828851626441294,8.870625113026586,8.909595577889258,8.945593635044206,8.978461959489053,9.008056190819497,9.034245770912538,9.056914708414247,9.075962263270798,9.091303545276647,9.10287002129386,9.110609926597466,9.114488576675582
7.24996515910248,7.253366918481561,7.260160380852981,7.270325426622162,7.283831860091573,7.300639391996215,7.320697619841273,7.343946008826628,7.370313877014578,7.399720388773117,7.432074561018506,7.467275287129273,7.505211383701058,7.545761665289746,7.588795052526174,7.634170718687278,7.6817382797162415,7.73133803234135,7.78280124449755,7.835950501748925,7.890600112815843,7.94655657662632,8.003619112515315,8.061580254523246,8.120226509730431,8.179339079898833,8.238694644627714,8.298066203538374,8.357223974010363,8.415936340235866,8.473970848529092,8.531095243145575,8.587078536101375,8.641692103932812,8.694710803803309,8.745914100852783,8.795087198401196,8.842022162277454,8.886519030438027,8.92838689891051,8.96744497516757,9.003523590131671,9.036465160280962,9.066125091619993,9.092372617675599,9.11509156424582,9.134181034167506,9.149556006041633,9.161147841598451,9.168904697160892,9.172791835547216
7.303655078554106,7.307066505187981,7.313879257560249,7.324073127343827,7.337617786506279,7.354472770793201,7.374587461213273,7.3979010664779015,7.424342609859987,7.453830924599808,7.4862746622992375,7.5215723191785395,7.559612285296636,7.600272921938409,7.643422672400742,7.688920211350078,7.736614637663352,7.786345715357699,7.837944166823622,7.891232022033487,7.946023026785956,8.00212311239864,8.059330928487276,8.117438439691051,8.176231586375419,8.235491008476503,8.294992830768923,8.354509507003092,8.413810719465149,8.47266432974806,8.530837375617377,8.588097108275814,8.644212063496374,8.698953159591056,8.752094814601392,8.803416074623302,8.852701744898118,8.899743514941333,8.9443410688507,8.986303171878731,9.025448724352763,9.061607774181894,9.094622479371846,9.124348012357366,9.150653398327162,9.173422280237451,9.192553603809312,9.207962216434836,9.219579374704399,9.227353155988087,9.231248770411096
7.3575077859577105,7.360928856436189,7.367760852141715,7.3779834763550465,7.391566269226176,7.408468592140845,7.428639610427568,7.452018277241312,7.478533322133768,7.50810324840075,7.5406363436032295,7.576030708163576,7.614174307043313,7.654945049725168,7.698210903699886,7.7438300465784105,7.7916510617039565,7.84151318193043,7.893246585619907,7.9466727486405135,8.001604855307894,8.05784827071694,8.115201076081705,8.173454667893411,8.232394420985521,8.29180041456183,8.351448219574474,8.411109744837116,8.470554138393958,8.529548739988444,8.587860079521752,8.645254915741658,8.701501308702658,8.75636971895255,8.809634125779604,8.861073156570875,8.910471218764998,8.95761962576909,9.002317707995836,9.044373900056467,9.08360679524284,9.11984615850468,9.152933889427535,9.182724926903285,9.209088087797408,9.231906832224666,9.251079948780312,9.266522153646317,9.278164598256048,9.285955281016571,9.289859359360388
7.411523145020643,7.414953836233537,7.4218050292191355,7.43205633920104,7.445677174987181,7.462626724265762,7.482853937473674,7.506297513126826,7.5328858881176854,7.562537236948204,7.595159484409709,7.63065033646061,7.668897334383735,7.709777937323926,7.753159638468649,7.798900119877952,7.8468474509086255,7.896840334756322,7.948708407269844,8.002272591661699,8.057345512198614,8.113731969116975,8.17122947653157,8.229628864031703,8.288714942059531,8.348267230178662,8.408060746537409,8.467866855906244,8.527454172926863,8.586589516251443,8.645038908579973,8.702568616801821,8.758946225778134,8.813941738716869,8.867328696563396,8.918885308302604,8.968395583832196,9.015650460675579,9.060448915727816,9.102599053094014,9.141919159116698,9.178238715875832,9.211399364565587,9.241255810569111,9.26767666243659,9.290545197444816,9.309760047065069,9.32523579624761,9.33690349127177,9.344711051563852,9.348623581853852
7.46570102253952,7.4691413116742815,7.476011656493595,7.486291584472472,7.499950373573019,7.516947038415812,7.537230315326602,7.560738649106695,7.587400185009735,7.617132769896782,7.649843967033335,7.6854310892462925,7.723781255516668,7.764771476111331,7.808268771378984,7.854130329341194,7.9022037068743005,7.9523270790114875,8.004329540566074,8.058031463554494,8.113244913580624,8.169774127384706,8.227416053266914,8.28596095512681,8.345193080178012,8.404891389404682,8.464830349133367,8.524780781004752,8.584510767081076,8.64378660566476,8.702373812920255,8.760038164462152,8.816546770464903,8.87166917725961,8.925178487804589,8.976852493012851,9.026474805499593,9.07383598711887,9.118734661418035,9.160978602123185,9.200385788734994,9.236785420517167,9.270018880328474,9.299940640071501,9.326419099988478,9.349337354528142,9.368593878019194,9.384103124189359,9.395796034136639,9.403620448307306,9.407541418719173
7.520041288352425,7.5234911529002355,7.530380604685935,7.540689083777775,7.554385737760848,7.5714294088126834,7.5917686199129735,7.6153415630571155,7.642076092883067,7.671889729744595,7.704689676592551,7.740372854443593,7.778825961348714,7.819925560112789,7.8635381997108835,7.909520575616791,7.957719733690903,8.007973322313132,8.060109896695538,8.113949279099163,8.169302977849727,8.225974667521662,8.283760731870423,8.342450870319484,8.401828767974864,8.461672828308485,8.521756966783588,8.581851462830317,8.641723866728684,8.701139957170499,8.759864744442899,8.817663513459125,8.874302900219195,8.929551994606811,8.98318346197888,9.034974675485607,9.084708850722931,9.132176174081854,9.17717491594026,9.219512519758425,9.259006658300311,9.295486248087956,9.32879241368544,9.358779393532796,9.385315379594196,9.408283283474322,9.427581422373189,9.44312411877055,9.454842208587038,9.462683453270039,9.466612852125923
7.574543815289024,7.578003233037093,7.584911747518128,7.595248711701941,7.608983143277951,7.6260737125987665,7.646468730066334,7.670106135735767,7.696913494651598,7.726808001775041,7.759696500963777,7.795475522686044,7.83403134544168,7.875240085968568,7.918967823317257,7.965070761854939,8.013395437919987,8.063778974676122,8.116049389193561,8.170025955378792,8.225519625645214,8.282333513717388,8.340263440068233,8.399098540825786,8.458621940114377,8.51861148492947,8.578840540848963,8.63907884595808,8.699093419572694,8.758649521498867,8.817511656787513,8.875444620229803,8.93221457414979,8.987590152418818,9.041343583162893,9.093251822074498,9.143097687995574,9.190670992064195,9.235769651639215,9.27820078007,9.317781743462733,9.354341175664562,9.387719942993664,9.417772050461396,9.444365481755492,9.467382965649483,9.486722662201299,9.502298762641223,9.514041997698127,9.521900049814674,9.525837865576115
7.629208479146975,7.6326774281588055,7.639604961629626,7.649970345743962,7.66374246875717,7.680879829806375,7.701330527453927,7.725032250712923,7.751912276017392,7.781887474033969,7.814864330720473,7.850738987281876,7.88939730398714,7.930714952896946,7.974557544560381,8.020780793690006,8.069230728535162,8.119743948488646,8.172147933910209,8.226261411726297,8.281894779808546,8.338850592314063,8.396924107679048,8.455903899912517,8.515572533260551,8.57570729926803,8.63608101458336,8.696462876826368,8.756619375135479,8.816315251146813,8.875314505325704,8.933381442904144,8.990281753021245,9.045783613970672,9.099658817007729,9.151683900682443,9.201641287329632,9.249320413044464,9.294518842340775,9.33704335857357,9.376711021286459,9.41335018172754,9.446801448006939,9.476918591737498,9.503569388340816,9.52663638376598,9.546017580920513,9.561627039778777,9.573395385869071,9.581270222620768,9.585216443890305
7.6840351586041775,7.687513617232601,7.694460126556627,7.70485386628667,7.718663595684778,7.735847643292951,7.756353896569242,7.780119794349729,7.8070723254308065,7.83712803727953,7.870193059123577,7.906163144163617,7.944923735756406,7.986350062656966,8.03030726831065,8.076650579191746,8.125225516899002,8.175868158480945,8.228405448978883,8.28265556972678,8.338428365362246,8.39552583178529,8.453742666602096,8.512866882873134,8.572680486047329,8.632960213247447,8.693478333125302,8.754003503697355,8.81430168472205,8.874137100369218,8.933273247141207,8.991473941278313,9.048504399232558,9.104132344134118,9.1581291307314,9.21027088073942,9.260339620241323,9.308124410493168,9.353422463321666,9.396040232215299,9.435794470255892,9.472513246149465,9.50603690985345,9.53621899960303,9.56292708256782,9.586043521872703,9.605466163274803,9.62110893548412,9.632902358819067,9.640793957682323,9.64474857320027
7.739023735211943,7.742511682090182,7.749477124682679,7.759899156528594,7.7737464083700685,7.79097703872059,7.811538724676655,7.835368655738751,7.8623935340475555,7.892529584934269,7.925682582063666,7.961747891859801,8.000610542073353,8.04214531950723,8.086216901874971,8.13268002883328,8.181379716736362,8.232151521684228,8.284821854786667,8.339208353142556,8.395120309485819,8.452359162702319,8.510719050790074,8.569987426999324,8.62994573906592,8.690370170693292,8.751032443469436,8.811700676658043,8.872140301406523,8.932115025128882,8.991387840994642,9.049722076799787,9.106882476788728,9.16263630935563,9.216754493100085,9.269012733204718,9.319192659738805,9.367082959334905,9.4124804912911,9.455191379357698,9.495032070243731,9.531830350180783,9.565426311019277,9.595673257640438,9.622438548979028,9.645604365337961,9.665068395318618,9.68074443635833,9.692562903557056,9.700471242285568,9.704434240931006
7.7941740933361645,7.797671507372742,7.804655841199827,7.815106102483838,7.828990793885404,7.846267904496952,7.866884901759306,7.890778726675548,7.917875795692337,7.948092013056327,7.981332798016893,8.017493131443699,8.056457626769607,8.098100630163824,8.142286354994393,8.18886905546726,8.237693244085728,8.28859395739802,8.341397073945021,8.395919687931904,8.45197054147331,8.509350517702652,8.567853196204954,8.62726547155246,8.687368234830926,8.747937117310586,8.808743294438711,8.86955434756765,8.930135180011884,8.99024898311016,9.049658247319538,9.108125812540548,9.165415951293443,9.221295477647347,9.275534874407528,9.327909430516401,9.378200380297601,9.426196035941526,9.471692904385815,9.514496779761636,9.554423802501292,9.591301476435545,9.624969635337466,9.655281350768957,9.682103773442208,9.70531890083867,9.724824264407701,9.740533530301295,9.75237700838868,9.760302065008839,9.764273435793786
7.849486120111886,7.85299298048467,7.859996164044941,7.870474592890972,7.884396642049831,7.901720131748335,7.922392320486196,7.946349901616597,7.973519006817503,8.003815220298481,8.037143608020658,8.073398766517684,8.112464896154256,8.154215903788154,8.198515539787394,8.245217574276229,8.294166017282446,8.345195387167452,8.39813103125665,8.452789502173216,8.508978992709833,8.566499831477136,8.625145040818365,8.684700957743248,8.744947917750666,8.805661000656738,8.866610836666766,8.927564470066406,8.988286277087651,9.048538933679636,9.108084428197014,9.166685113192237,9.224104789928349,9.280109818564616,9.334470246461635,9.386960946619993,9.437362757855135,9.485463618119725,9.531059682151946,9.573956414580742,9.613969649658511,9.650926608874144,9.684666867973506,9.715043265225368,9.74192274313325,9.765187116359614,9.784733759190512,9.800476206491604,9.81234466289679,9.820286415697382,9.824266147767037
7.904959705413514,7.90847599156115,7.915497983891893,7.926004519218741,7.939963845358087,7.957333614261332,7.978060876184639,8.002082077634112,8.029323066459117,8.059699107864581,8.09311491563588,8.129464703147322,8.16863225896334,8.210491051925747,8.254904370721944,8.301725502749896,8.350797956915546,8.401955734747151,8.45502365368608,8.50981772607829,8.566145596654207,8.62380704072267,8.682594524560693,8.742293828713965,8.802684734124577,8.86354177012429,8.92463502258613,8.985730999540188,9.04659355088356,9.106984837864635,9.166666347334552,9.225399945033265,9.282948961432195,9.339079303188855,9.393560582567087,9.446167256918454,9.496679769787653,9.544885685092925,9.590580805524425,9.6335702663397,9.67366959569465,9.710705732796248,9.744517995421859,9.774958988563013,9.801895446524114,9.825209001158326,9.844796869586276,9.860572455379595,9.872465857924318,9.880424285457266,9.88441236809448
7.960594741800948,7.964120433432047,7.971161194081929,7.981695775582786,7.995692298964337,8.013108248462228,8.033890466774103,8.057975154382657,8.085287876213874,8.115743579478888,8.149246626898332,8.185690849862484,8.22495962635836,8.266925988489879,8.311452764586717,8.358392760651382,8.407588985806004,8.45887492607044,8.512074870323424,8.567004291927779,8.6234702887991,8.681272084137985,8.740201589310294,8.800044029492549,8.86057863209071,8.92157937691511,8.982815806383172,9.044053893092968,9.105056961344845,9.16558665834839,9.225403970056938,9.284270275916406,9.341948436089416,9.398203904113162,9.452805857510826,9.505528338266341,9.556151394901274,9.604462217486498,9.65025625682636,9.693338318921576,9.733523625921164,9.770638834827755,9.80452300547666,9.83502850961604,9.862021873367205,9.88538454577302,9.905013586785214,9.92082226867432,9.93274058557354,9.940715666651668,9.944712089262543
8.016391124485697,8.019926201561582,8.026985690604798,8.03754825873397,8.051581900635874,8.069043933367848,8.089880992758019,8.114029034057436,8.141413340182368,8.171948541353549,8.205538650295315,8.242077117587721,8.281446911849564,8.323520629720852,8.368160640461047,8.415219269985942,8.464539028964555,8.515952889225149,8.569284612379407,8.624349134074174,8.680953006641499,8.738894902384546,8.797966178869151,8.857951506988867,8.918629561627217,8.979773774021146,9.04115314400244,9.102533109539605,9.16367647007848,9.224344359440746,9.284297263273618,9.343296075264316,9.401103185702578,9.457483595428402,9.512206047545057,9.565044168958899,9.61577761341103,9.664193197318582,9.71008601974408,9.75326055755665,9.793531726993004,9.83072590290679,9.864681887236436,9.895251818515296,9.92230201469139,9.945713742002738,9.965383903228327,9.98122563933188,9.993168839181855,10.001160552879142,10.005165305000975
8.072348751301583,8.075893194035295,8.082971372046751,8.093561868023876,8.107632550708939,8.12514057054907,8.14603235716817,8.170243621370968,8.197699364954703,8.228313902136854,8.26199089672916,8.29862341962985,8.338094031301665,8.38027489416192,8.425027919670498,8.472204954974021,8.521648013578522,8.573189554420715,8.626652813132745,8.681852188895629,8.73859368968258,8.796675438058745,8.855888238933845,8.916016209967285,8.97683747452504,9.038124916196246,9.099646993106823,9.161168609383134,9.222452040333565,9.283257907061401,9.343346195481182,9.402477314029452,9.46041318359945,9.516918352703861,9.571761130375062,9.624714728725339,9.67555840693787,9.724078607975883,9.770070079317968,9.813336968812367,9.853693886871994,9.890966926265182,9.924994631079414,9.955628906654821,9.982735862784995,10.006196582897665,10.025907812604034,10.041782561548356,10.053750613329251,10.061758938966674,10.065772010264364
8.128467522646288,8.132021311508915,8.139118139560743,8.149736505339021,8.163844152060907,8.181398064101277,8.202344465534788,8.22661882350082,8.254145859560591,8.284839572897582,8.318603279478259,8.355329671640712,8.394900902878724,8.437188702610756,8.482054525779784,8.529349742014777,8.578915868968013,8.630584853962617,8.684179407913012,8.739513394773992,8.79639227936987,8.85461363568769,8.913967717073328,8.974238089015765,9.03520232435168,9.09663275994661,9.158297313066502,9.219960354791437,9.28138363700245,9.342327268721546,9.40255073671942,9.461813964699655,9.519878404587082,9.576508152972337,9.63147108513589,9.684539998687766,9.735493758481363,9.784118434216525,9.830208421930521,9.873567540576946,9.914010094827454,9.951361895430106,9.985461228663878,10.016159766699397,10.043323411185387,10.066833062751689,10.086585309828319,10.102493030739812,10.114485903808502,10.122510820964843,10.126532201223807
8.184747341465577,8.188310457165283,8.195425896825112,8.20607207509589,8.22021661007865,8.237816320596323,8.25881722584645,8.283154550060448,8.310752735435836,8.341525467089506,8.375375714169632,8.412195791580563,8.45186744701462,8.49426197811412,8.539240384532453,8.586653559667699,8.6363425265704,8.688138722223702,8.741864334073338,8.79733269207954,8.854348719098981,8.912709441676443,8.972204562709315,9.032617096539031,9.093724066449573,9.155297263502613,9.21710406494579,9.278908309577995,9.340471226576165,9.401552413511563,9.461910858585972,9.521306001263271,9.579498824957891,9.636252974713637,9.691335892395571,9.744519961377195,9.79558365242131,9.84431266214051,9.890501035293335,9.933952262049207,9.974480341419568,10.011910802203701,10.046081672902366,10.076844392552056,10.104064654667049,10.12762317707893,10.14741639103951,10.163357043542556,10.175374707624183,10.183416196121499,10.187445875258227
8.241188113201433,8.244760536702069,8.251894550012414,8.262568484189053,8.276749832602045,8.294395249061067,8.315450548525387,8.33985071307027,8.367519906396524,8.39837150050001,8.432308118743798,8.46922169969387,8.508993586400866,8.551494645917703,8.596585423848518,8.644116338607931,8.693927919898494,8.74585109561787,8.799707530974144,8.855310023135349,8.912462954165084,8.970962804314857,9.030598727088107,9.091153186721096,9.152402657908908,9.21411838679906,9.276067211463168,9.338012439196309,9.399714777147038,9.460933312086144,9.521426534193878,9.580953399209896,9.639274422468926,9.696152797847752,9.75135553412123,9.804654600701765,9.855828074485846,9.904661279190087,9.95094790843717,9.99449112372082,10.03510461849144,10.072613639647203,10.106855957965385,10.137682779364482,10.16495958923699,10.188566922621696,10.208401053588606,10.224374597797246,10.236417022984353,10.244475062890215,10.248513030939856
8.297789745771063,8.301371458262008,8.308524007752814,8.31922564195133,8.333443729909595,8.351134760935782,8.372244346379448,8.39670722692813,8.424447288604393,8.455377591237802,8.489400413423624,8.526407318473554,8.566279245926683,8.60888663344218,8.654089573787603,8.701738011617204,8.751671984534827,8.80372191257575,8.857708939937472,8.913445332194591,8.970734931770352,9.029373673728664,9.089150163265197,9.149846315516685,9.211238057538218,9.273096091461172,9.335186717000475,9.397272710698442,9.459114258380877,9.520469936627295,9.58109773816972,9.640756135505923,9.699205176322007,9.756207603713504,9.811529993677846,9.864943901940162,9.916227011756895,9.965164274131514,10.01154903168998,10.05518411737345,10.09588291915408,10.133470402082672,10.167784079259322,10.198674923510714,10.226008212112404,10.249664297326271,10.269539296028722,10.285545692536973,10.297612849289132,10.305687420910415,10.309733668028894
8.354552149518252,8.358143132434899,8.365314181098581,8.37604346014149,8.39029821468018,8.408034770036927,8.429198534589059,8.45372400834947,8.481534800528344,8.51254365969753,8.546652520687639,8.583752572626873,8.623724352674017,8.66643787026037,8.711752766510461,8.75951851354139,8.809574658077546,8.861751113518753,8.915868504245859,8.97173856541384,9.02916460096314,9.087942001877362,9.147858826081823,9.208696440624559,9.270230225855059,9.332230340775412,9.394462547557591,9.456689092739605,9.518669641507058,9.58016226085898,9.640924446632884,9.700714188576917,9.75929106715889,9.816417375054026,9.871859255811756,9.925387851730454,9.976780452646967,10.025821637036927,10.072304396678273,10.116031236064977,10.15681523776852,10.194481085072143,10.22886603342284,10.25982082257845,10.28721052172961,10.31091530033957,10.330831118100443,10.3468703279828,10.358962187110969,10.367053270998449,10.371107787460467
8.411475237190897,8.41507547219925,8.42226498349021,8.43302185288766,8.44731320195472,8.465095192535673,8.486313030648525,8.510900976378869,8.538782362926211,8.56986962852082,8.604064365234285,8.641257389055921,8.681328835882173,8.72414828806124,8.769574936263707,8.817457781274372,8.867635880141398,8.919938640832024,8.974186169098033,9.030189670849596,9.087751912659838,9.146667742516872,9.206724672143105,9.267703521461566,9.329379125066536,9.391521099682782,9.45389467075456,9.516261555547887,9.578380899286115,9.64001026000741,9.700906637185144,9.760827538300049,9.819532077034829,9.876782096009817,9.932343306633138,9.985986438046508,10.037488386890592,10.086633359285221,10.13321399630702,10.17703247411014,10.217901569955751,10.25564568540819,10.290101818307397,10.321120475375379,10.3485665177083,10.372319931991877,10.392276520728105,10.408348505530347,10.420465038205188,10.428572615138275,10.432635391337199
8.46855892390389,8.472168392890897,8.479376330725762,8.490160736667836,8.50448860910861,8.522315946917427,8.54358775436565,8.568238052316945,8.59618989879088,8.627355422579013,8.661635873951505,8.69892169682189,8.739092626909459,8.78201782062806,8.827556019356857,8.875555753730355,8.925855592317516,8.978284438838982,9.03266188159749,9.088798598401192,9.146496819576218,9.205550851200012,9.265747659797459,9.326867519157682,9.388684719043596,9.450968334756235,9.51348305580266,9.575990070918031,9.638248006021042,9.700013910793839,9.761044288882475,9.821096165990186,9.879928189418699,9.937301752096882,9.99298213360708,10.046739650197859,10.098350805529547,10.147599433541554,10.194277824746106,10.238187827078795,10.279141912563585,10.316964201107352,10.35149143298419,10.382573881892439,10.410076200863454,10.433878193798966,10.453875506007375,10.469980227738505,10.482121405474746,10.490245456473517,10.494316482919759
8.525803127101641,8.52942181218424,8.536648140923122,8.5474600302724,8.561824355823171,8.57969695395219,8.601022627802534,8.625735159722202,8.653757333349182,8.685000968927497,8.719366975896891,8.75674542711949,8.797015659225362,8.840046403810101,8.88569595412186,8.93381237181296,8.984233738150836,9.036788453784698,9.0912955907304,9.14756529981936,9.20539927624023,9.264591285221652,9.324927749114112,9.386188396538008,9.448146973308381,9.510572014176221,9.57322767348964,9.635874612182278,9.698270937516455,9.760173191416813,9.82133738223991,9.881520054376063,9.94047938915749,9.997976330195453,10.053775725542291,10.107647478814075,10.159367700899695,10.208719853743956,10.255495877432821,10.299497291783373,10.34053626366764,10.378436631395855,10.413034878517934,10.444181044129477,10.471739574003198,10.495590089263548,10.515628078016512,10.531765499151366,10.543931293817355,10.55207180012928,10.55615106744583
8.583207766535475,8.586835650057502,8.594080334503879,8.6049196547778,8.619320364040357,8.637238136671076,8.658617575261673,8.683392224359292,8.711484594013097,8.74280619678981,8.777257602264413,8.814728513252884,8.855097868362522,8.898233975496696,8.943994680893992,8.9922275783924,9.042770263117367,9.095450633807472,9.150087247329866,9.206489728668124,9.264459238961095,9.32378900363397,9.384264901869344,9.445666118068287,9.50776585501498,9.570332107723864,9.633128496174999,9.69591515419869,9.75844967107611,9.820488081542374,9.881785899202358,9.942099187591472,10.001185662495685,10.05880581854675,10.114724072577065,10.168709915826138,10.22053906662951,10.269994615904524,10.316868151854823,10.360960867080468,10.402084623384095,10.44006297752956,10.474732154772344,10.505941962846864,10.533556638676446,10.5574556206069,10.577534239548875,10.59370432301309,10.605894706807591,10.61405164990269,10.618139148828963
8.640772764229018,8.644409828743703,8.651672834146396,8.662539533511188,8.67697655794996,8.694939420318041,8.716372523257157,8.741209174189185,8.769371610357062,8.800771037532451,8.835307686353266,8.872870890595216,8.91333919191325,8.956580475587206,9.002452141993102,9.05080131828585,9.10146511460522,9.154270928914993,9.209036804067104,9.265571840309281,9.323676665804598,9.38314396720401,9.443759081524501,9.505300649888285,9.56754133292486,9.63024858675315,9.693185497745924,9.756111673343964,9.818784185476963,9.880958562286294,9.942389823135295,10.00283355117042,10.062046997032917,10.119790207518445,10.175827166969196,10.229926955277334,10.28186489843754,10.331423714906599,10.378394644332653,10.42257855062381,10.46378699058667,10.501843239495685,10.536583265159893,10.567856642365886,10.595527399993406,10.619474793619045,10.63959399695191,10.655796706120203,10.668011651585918,10.676185013165199,10.680280734552943
8.698498044452242,8.702144272736353,8.709425564761114,8.72031959202955,8.73479286395374,8.752800732344667,8.774287400472845,8.799185939318303,8.82741831409524,8.858895424627022,8.893517163545528,8.93117249658513,8.97173956947529,9.015085845971027,9.061068281691476,9.10953353823524,9.160318241880587,9.213249290963127,9.268144215430716,9.324811591880435,9.383051516567154,9.44265613840586,9.503410253208758,9.56509195975632,9.62747337739928,9.690321424183496,9.753398653630198,9.816464147486855,9.879274460970283,9.94158461698017,10.003149139600783,10.063723132821526,10.123063382531772,10.180929486455575,10.237084999895878,10.291298590079949,10.343345190868147,10.393007149228696,10.440075354794818,10.484350343675343,10.525643367761766,10.56377742089884,10.598588213481802,10.629925087370397,10.65765186341654,10.681647614433821,10.701807356915278,10.718042655610189,10.73028213562085,10.738471897604649,10.74257583241496
8.756383533678155,8.76003890872121,8.767338453460516,8.778259758076775,8.792769210636756,8.810822002370443,8.832362137749087,8.857322451989937,8.885624639039198,8.917179293619192,8.951885971274512,8.989633270674656,9.030298942653427,9.073750030511464,9.11984304619695,9.168424186869645,9.219329596083888,9.272385673637656,9.327409437688715,9.38420894227055,9.442583752776667,9.502325481388132,9.56321838369068,9.625040017044654,9.687561960385166,9.75055059448285,9.813767941544155,9.876972556768782,9.939920480050962,10.00236622805584,10.064063833208246,10.124767919243054,10.184234807690729,10.2422236483485,10.29849756618757,10.352824816805,10.404979942127655,10.454744917808958,10.50191028359742,10.546276247905496,10.58765375778367,10.625865525709923,10.6607470046976,10.692147303698576,10.719930035556937,10.743974090311964,10.764174327253915,10.78044217973502,10.792706167495396,10.800912312024359,10.805024451330292
8.814429160577957,8.818093665568934,8.825411429542239,8.836359961568752,8.850905528731493,8.869003162143292,8.890596668043246,8.91561864655124,8.943990521094063,8.975622582126098,9.010414049011978,9.048253154325092,9.089017255021764,9.132572974996698,9.178776383617409,9.227473214704412,9.278499130179144,9.331680032425618,9.386832428892113,9.4437638521115,9.50227333765618,9.562151961972095,9.623183442145676,9.685144793495779,9.747807056156338,9.810936074432167,9.87429333838791,9.937636880448919,10.000722224277764,10.063303381647435,10.12513389226767,10.185967900833832,10.245561264922118,10.303672686726886,10.360064861178673,10.414505632492565,10.466769150870705,10.516637020807748,10.563899432303772,10.608356266170802,10.649818164709291,10.688107559066202,10.723059644915052,10.754523298331641,10.782361924150718,10.806454229647938,10.82669491690147,10.842995287862646,10.85528375690059,10.86350626633258,10.86762660131232
8.872634855957612,8.876308474312385,8.883644424435717,8.894620134553659,8.909201751103966,8.927344145537091,8.948990926418409,8.974074459418102,9.002515898202669,9.034225229780981,9.069101338227915,9.107032090976986,9.147894452103234,9.191554627139661,9.237868243950372,9.286680574096238,9.337826798961787,9.391132324601527,9.44641314883261,9.503476284503689,9.562120236874911,9.622135548403614,9.683305397087961,9.745406260138113,9.808208638227992,9.871477839981658,9.934974824834622,9.998457101563819,10.061679678984243,10.124396064529066,10.186359305690656,10.247323068567617,10.307042747160942,10.365276596402577,10.421786881471355,10.476341035440436,10.528712816979262,10.578683459599588,10.626042803670115,10.670590402516998,10.71213659375037,10.750503527249712,10.78552614139031,10.817053079378574,10.844947538061403,10.869088041945483,10.889369135897141,10.905701990462594,10.918014914630913,10.926253771538146,10.93038229347923
8.931000552777714,8.93468326809238,8.942037371701664,8.953040211198918,8.967657812718457,8.98584488849942,9.007544849989639,9.03268982906546,9.061200710352248,9.092987178229963,9.127947782377392,9.165970026015744,9.206930481338818,9.250694936551602,9.297118579057653,9.346046219983785,9.397312559778074,9.450742509968745,9.506151559811887,9.563346201991456,9.622124415487685,9.682276208244392,9.743584220866982,9.80582439183146,9.868766683933426,9.932175870900135,9.995812382263825,10.059433203818434,10.122792830132251,10.18564426485159,10.24774006374012,10.30883341473907,10.368679248650565,10.42703537348176,10.483663624935073,10.538331025179437,10.590810941561728,10.640884236755163,10.688340401644261,10.7329786621531,10.774609051280795,10.81305343769931,10.848146502506664,10.87973665607402,10.907686887258432,10.93187553781488,10.952196995383568,10.968562299100137,10.98089965256802,10.989154839734468,10.993291540032295
8.989526186079505,8.993217982168986,9.000590206992996,9.01162012774975,9.02627365060836,9.044505329045222,9.066258377931922,9.09146469598473,9.120044899523428,9.151908371104113,9.18695332759936,9.225066907499233,9.266125292827438,9.309993855464594,9.356527343404773,9.405570106903946,9.456956369504951,9.510510547808334,9.566047623544035,9.623373571027853,9.682285842448477,9.742573912953555,9.804019886674592,9.866399164229875,9.929481171364692,9.993030147676684,10.056805993511622,10.12056517233742,10.18406166508001,10.24704797213431,10.309276158025567,10.370498932962136,10.430470764929067,10.488949015328462,10.545695090676025,10.60047560247217,10.653063526927262,10.703239356044907,10.750792231339892,10.79552105144666,10.837235544824319,10.87575729897553,10.910920737771825,10.942574038763382,10.970579982830579,10.994816728969104,11.015178507596898,11.031576226433438,11.043937983683854,11.052209484102756,11.056354354255499
9.048211693718928,9.051912554586565,9.059302868757717,9.070359823244358,9.085049204598436,9.10332540795909,9.125131452175244,9.150399003420226,9.179048410431859,9.210988754733156,9.246117919789235,9.284322683201703,9.3254788363206,9.369451335720846,9.4160944910083,9.465252193365991,9.516758188997466,9.570436401360952,9.626101305706346,9.683558358986044,9.742604487595134,9.80302863482779,9.864612369258888,9.927130554517712,9.990352080110375,10.054040652267012,10.117955642852683,10.18185299366203,10.245486172566471,10.308607177253796,10.370967581478775,10.432319618152174,10.492417292811368,10.551017520575485,10.607881279049947,10.662774769297132,10.715470576589247,10.76574882241519,10.813398299051334,10.858217577927267,10.900016083038416,10.938615120781453,10.97384885781804,11.005565238905067,11.033626836956024,11.057911628209185,11.078313685858475,11.094743786194062,11.107129922024505,11.115417718895639,11.11957075050362
9.107057013434881,9.110766923284597,9.118175295314868,9.129259236582548,9.143984414345882,9.162305065850607,9.184164014431387,9.209492694374342,9.238211187520614,9.270228275149792,9.305441508902211,9.343737304939916,9.384991065624611,9.429067333206818,9.475819979924465,9.525092438926407,9.576717980118532,9.630520034841867,9.686312572900194,9.743900534885046,9.803080322372129,9.863640347742496,9.925361644920844,9.988018541396212,10.051379391241568,10.115207368077435,10.179261315985226,10.24329665572467,10.307066342705722,10.370321872425642,10.432814328358376,10.49429546652249,10.554518830383758,10.613240889098213,10.670222191633053,10.725228528843502,10.778032095255366,10.82841264199377,10.876158612219056,10.921068250262948,10.962950675717767,11.001626913922602,11.036930874376537,11.06871026905198,11.096827462903734,11.121160249421218,11.141602544563547,11.158064993191694,11.170475482703138,11.178779559436913,11.18294074420422
9.16606208713501,9.169781030359637,9.177207429144545,9.188318310820838,9.203079223668073,9.221444247466074,9.24335601057827,9.268745715989674,9.297533179366017,9.329626882511402,9.364924046080448,9.403310725687447,9.444661935653068,9.4888418048789,9.535703769251121,9.58509080489502,9.636835706438973,9.690761414152162,9.746681393380507,9.804400069368128,9.863713319813437,9.924409027136377,9.986267691489257,10.0490631050624,10.112563087302686,10.176530279959913,10.240723000019603,10.3048961478458,10.368802166958826,10.432192051197388,10.49481639421598,10.556426475564209,10.61677537699336,10.675619122012373,10.732717831221683,10.787836885498232,10.840748088802773,10.891230822061987,10.939073179441326,10.984073078254587,11.026039333775014,11.064792690328794,11.10016680028173,11.132009142842474,11.16018187502849,11.184562607566066,11.20504509918088,11.221539863298377,11.233974681897253,11.242295022099825,11.246464351834932
9.225226858010627,9.228954819195387,9.236399214016584,9.247536990291707,9.262333577643965,9.280742898813864,9.302707387700398,9.328158016615648,9.357014335727886,9.389184528124364,9.424565484317755,9.463042900252145,9.50449140313447,9.548774709494607,9.595745819844561,9.645247254302975,9.69711133324336,9.75116050685416,9.807207737045946,9.8650569346734,9.924503454539185,9.985334649990723,10.04733048830161,10.110264227199416,10.173903152291237,10.23800937418623,10.302340683459056,10.366651460708363,10.430693638132936,10.494217708433137,10.556973775905352,10.618712644036988,10.679186933230742,10.738152221661254,10.795368201820986,10.85059984483562,10.903618564293737,10.954203371067056,11.002142010447784,11.047232072830093,11.089282069233438,11.128112463021246,11.163556649457323,11.195461875011262,11.22369008875649,11.248118718669563,11.268641366239866,11.285168413445032,11.297627536838027,11.305964124317613,11.310141590927177
9.28455127123774,9.288288235152176,9.295750595665675,9.306915221281313,9.32174742329538,9.340200967825616,9.362218094821554,9.387729546508698,9.416654608247478,9.4489011651745,9.484365778460578,9.522933785260852,9.564479426591868,9.608866007562684,9.65594609430001,9.70556175189752,9.757544827480114,9.811717282166462,9.86789157541025,9.925871104645223,9.985450702713319,10.046417194813888,10.108550016197384,10.17162189096322,10.235399571640066,10.299644638440055,10.364114356199346,10.428562586356536,10.492740750370512,10.556398840307212,10.619286471560821,10.681153971967762,10.74175350093241,10.800840191600692,10.858173308628556,10.91351741360924,10.966643529943612,11.01733029859774,11.065365116104156,11.110545246037573,11.15267889522646,11.19158624611916,11.227100436912592,11.259068481352813,11.287352120581,11.311828599822869,11.332391363321824,11.348950661607438,11.361434065802975,11.36978688457024,11.373972480055372
9.344035273934372,9.347781225542649,9.355261521764033,9.366452952018685,9.381320709582422,9.399818404355852,9.421888082849184,9.447460257804703,9.476453950440908,9.508776748677683,9.544324885169523,9.582983339139554,9.62462596632437,9.669115661347826,9.71630455692061,9.766034264109118,9.818136157770066,9.87243171093876,9.928732881583475,9.986842554691274,10.04655504205503,10.107656641628264,10.169926257500682,10.233136080954427,10.297052332217241,10.36143606180589,10.426044009494499,10.490629518180851,10.554943499130937,10.618735444285052,10.681754480589461,10.743750460624058,10.804475083153738,10.86368303659745,10.921133158031312,10.976589599744383,11.029822995122332,11.080611615374663,11.12874250840095,11.174012611031548,11.216229825980648,11.25521405483015,11.29079817873567,11.322828978735366,11.351167988054794,11.375692269164112,11.396295109061615,11.412886626815661,11.425394288108263,11.43376332236539,11.43795703883196
9.403678815160298,9.407433739595632,9.414931941910499,9.426150132642217,9.441053387358549,9.459595160147856,9.481717304583842,9.507350104505711,9.536412317654829,9.568811235478716,9.60444276290707,9.643191522088808,9.68493098437151,9.72952363483468,9.776821173724244,9.82666475904685,9.87888529437606,9.933303765635179,9.989731630277351,10.047971261774471,10.107816451805363,10.169052971956868,10.231459196006691,10.294806783222894,10.35886142229154,10.423383634754307,10.48812963597033,10.55285225090217,10.617301881181467,10.681227519115389,10.744377803653212,10.806502112518718,10.867351684170464,10.926680762614948,10.984247757605756,11.039816412326863,11.093156970344733,11.144047333258134,11.19227420043498,11.23763418207098,11.27993487681458,11.318995905434123,11.354649892073208,11.386743385090387,11.415137709785926,11.43970974588112,11.460352623128038,11.476976329124266,11.489508224103494,11.497893458248406,11.502095287897113
9.463481845864171,9.467245728452422,9.474761807606937,9.48600671518762,9.500945409360266,9.519531188815797,9.541705714669407,9.567399042446299,9.596529667065324,9.629004584224772,9.66471937192255,9.703558296068959,9.745394444516485,9.790089893715928,9.8374959123986,9.88745320647123,9.939792209182576,9.994333420315563,10.0508877977581,10.109257204401187,10.16923491271915,10.23060616880287,10.293148816958727,10.356633985240782,10.420826831543122,10.485487349126918,10.550371229590187,10.615230780566723,10.679815894584193,10.743875064822547,10.807156442670742,10.869408931384447,10.930383309470125,10.989833376805192,11.047517116076394,11.103197861594602,11.156645467261232,11.207637465217367,11.25596020642089,11.301409974500764,11.343794064127323,11.382931815286002,11.418655595146616,11.450811719392957,11.479261305422957,11.503881050201727,11.524563926227046,11.541219789621625,11.553775895167734,11.562177313789624,11.56638724891612
9.523444318893963,9.527217145126313,9.534751072214803,9.54602265354809,9.560996730188382,9.579626445818537,9.6018532695947,9.627607029282654,9.656805957639301,9.689356755341558,9.725154674213549,9.764083624776196,9.806016312255744,9.850814405379877,9.898328742300057,9.948399577775849,10.000856875686688,10.055520650624535,10.112201361850172,10.17070036260411,10.230810407044652,10.292316216637923,10.354995107048353,10.418617675894252,10.482948551028663,10.54774719812261,10.612768785655573,10.677765104518684,10.742485538684992,10.80667808269156,10.870090400795485,10.93247092217767,10.993569965729717,11.053140887498598,11.11094124335048,11.166733958923087,11.220288498651136,11.271382025341023,11.319800541660506,11.365340004764398,11.407807405390097,11.447021802806539,11.482815307222289,11.515034001675177,11.543538795655087,11.568206203383735,11.588929040088969,11.605617030422598,11.61819732369375,11.62661491157296,11.630832944569587
9.583566188946921,9.587347944497388,9.594899690969791,9.606197903475785,9.621207306275243,9.639880888440642,9.662159927645328,9.687974024472085,9.717241150142442,9.749867711012346,9.785748633528385,9.82476747362976,9.866796554774282,9.911697138880422,9.959319634434566,10.009503845979905,10.062079268979812,10.11686543377065,10.173672301919101,10.232300717925252,10.292542918514252,10.354183101390365,10.416998054387705,10.480757845475633,10.54522657318444,10.610163176290955,10.675322300790508,10.740455221413072,10.805310814111424,10.869636575253885,10.933179682411785,10.995688091066107,11.056911660823385,11.116603304191832,11.174520150468876,11.230424716830102,11.28408607840749,11.335281028822447,11.383795222549539,11.42942429036749,11.471974919144301,11.511265887459604,11.547129048612717,11.579410252992774,11.607970202202468,11.632685227704851,11.65344798746752,11.670168074650036,11.682772533091482,11.691206275193542,11.695432398543998
9.643847412564128,9.647638083283969,9.655207620927955,9.666532422541248,9.681577095877039,9.700294475779593,9.722625648915349,9.748499989241015,9.77783520708073,9.810537415171014,9.846501215334088,9.885609809737819,9.9277351409413,9.972738064923265,10.020468561425881,10.070765985701046,10.123459365724488,10.178367748509016,10.235300598849923,10.294058253394095,10.354432432330057,10.416206810427356,10.47915764850713,10.543054485652895,10.607660891804501,10.67273527951584,10.738031772925389,10.803301131180378,10.86829172274207,10.932750546287657,10.996424293121372,11.05906044540545,11.120408403793135,11.180220637542341,11.238253849621183,11.294270148955485,11.348038221535228,11.39933449194291,11.44794426657138,11.493662849894255,11.536296624984262,11.575664089776144,11.611596840673508,11.64394049544646,11.672555547807269,11.6973181464679,11.718120792124898,11.734872946440364,11.7475015477744,11.755951429252637,11.760185635534452
9.704287948109132,9.708087520008364,9.715674820958773,9.727026170124095,9.742106059038798,9.76086716871092,9.783250395266059,9.80918488658223,9.838588092712127,9.87136583346904,9.907412386794803,9.946610601903414,9.988832041279794,10.033937155855492,10.081775497511709,10.132185973143928,10.184997144147319,10.240027575133231,10.297086235030292,10.355972953532312,10.416478935142049,10.478387332542832,10.54147388033285,10.605507589476474,10.670251502033587,10.735463505002663,10.800897201292523,10.866302835032151,10.931428267718568,10.996020000798328,11.059824239737651,11.122587993747299,11.184060204860996,11.243992899360288,11.302142354135574,11.358270270056048,11.412144944147803,11.463542432079551,11.51224769227934,11.558055702993139,11.60077254355958,11.640216431313583,11.67621870578911,11.708624752154114,11.737294856232557,11.762104983984443,11.782947478833899,11.799731670931294,11.812384393155764,11.820850399347576,11.82509268123038
9.764887755740038,9.768696215006665,9.776301251729615,9.787679107386815,9.802794157592777,9.821598929878382,9.844034130310858,9.870028681220143,9.899499773013558,9.932352933262953,9.968482116772778,10.007769820585374,10.050087227955881,10.095294385632062,10.14324041853353,10.193763786078385,10.24669258401724,10.301844895451048,10.359029194345876,10.41804480431901,10.478682415043997,10.540724657939007,10.60394674218149,10.668117151353202,10.73299840034925,10.79834785127289,10.86391858640925,10.929460335445984,10.994720453414589,11.059444945009226,11.123379530266705,11.18627074582055,11.247867075401095,11.307920102597507,11.366185678458057,11.422425095994644,11.476406263440891,11.527904867683908,11.576705519288348,11.622602870364881,11.66540269656546,11.704922934670982,11.740994667375922,11.773463047251298,11.80218815225076,11.827045765573908,11.847928073361288,11.864744274259722,11.877421095642807,11.885903212063706,11.890153562310346
9.825646797396468,9.829464130377989,9.837086875671252,9.84849119726188,9.86364135511737,9.88248972367809,9.904976819392528,9.931031339603585,9.960570215669602,9.993498683591257,10.02971037578108,10.069087437887504,10.111500674764775,10.156809729818407,10.204863301895763,10.255499403834456,10.308545666626152,10.36381969277209,10.421129462155426,10.480273793183654,10.541042861552468,10.603218778230483,10.666576227741844,10.730883167043835,10.79590158455367,10.861388318140092,10.927095930073222,10.99277363614937,11.058168285442164,11.123025386361189,11.187090173915502,11.2501087125268,11.3118290279435,11.372002261341173,11.430383838151984,11.486734643744896,11.540822197705538,11.592421818284517,11.64131776828425,11.687304373755822,11.73018710673203,11.769783623474376,11.80592474986069,11.838455405891489,11.867235461637947,11.892140517548698,11.913062602476852,11.929910783549431,11.942611682631757,11.95110989498195,11.95536830643893
9.886565036770264,9.890391229986584,9.898031656975736,9.909462404421072,9.924647616931901,9.943539516222378,9.966078429578527,9.992192829879619,10.021799390040364,10.054803055164125,10.091097135989054,10.130563427542585,10.173072357097519,10.218483165562388,10.266644126573459,10.317392807276697,10.37055637478968,10.425951951901029,10.483387025280583,10.542659908999122,10.603560265598025,10.665869686405259,10.72936233206767,10.793805633640204,10.85896105376546,10.924584906717513,10.990429235345646,11.056242742107665,11.121771770632323,11.186761333482526,11.250956181056752,11.314101905923831,11.375946076158831,11.436239390797414,11.494736849896684,11.551198931361895,11.605392766309544,11.657093304470909,11.70608446099837,11.752160235960265,11.795125797820994,11.834798522367231,11.871008978691556,11.903601854221508,11.932436811170362,11.957389267219273,11.978351093930817,11.99523122690613,12.007956182496923,12.01647047665026,12.020736942259656
9.947642439301024,9.951477479427075,9.959135561559913,9.970592695267916,9.985812910075401,10.00474827533783,10.027338929626218,10.05351312187591,10.083187267158733,10.116266020341921,10.15264237119452,10.192197764904174,10.234802251944089,10.280314671578898,10.328582873084875,10.379443978787794,10.432724692814144,10.488241659106546,10.545801871999684,10.605203142058116,10.66623461951021,10.728677376828342,10.792305051552118,10.856884549564352,10.922176808403533,10.987937619385805,11.053918506542232,11.119867659532037,11.185530917030997,11.25065279620391,11.314977563247039,11.378250339223142,11.440218234853427,11.500631507296037,11.559244731462263,11.615817977993252,11.670117989688901,11.721919347897199,11.77100562021359,11.817170480798495,11.860218794615824,11.899967657010308,11.936247380313235,11.968902419398654,11.99779222861213,12.02279204288001,12.043793576460795,12.06070563341981,12.073454624588951,12.081984986600132,12.086259499388422
10.008878972144453,10.012722846016898,10.02039855706021,10.031882037916336,10.047137203285875,10.066115970541558,10.088758289969478,10.114992187086335,10.144733819707541,10.177887553109024,10.214346056812724,10.253990426904286,10.29669033786733,10.342304228137206,10.390679523478934,10.441652902263224,10.495050606487503,10.550688802123199,10.608373992009895,10.667903484065594,10.729065917000524,10.791641845233798,10.855404383944865,10.920119914550908,10.985548850173439,11.051446459801216,11.117563749223374,11.183648395843713,11.249445733876426,11.314699785535419,11.379154333199887,11.44255402678088,11.504645519956545,11.565178628271395,11.62390750171768,11.680591803863575,11.734997889348781,11.786899971259386,11.83608126974163,11.882335133124982,11.925466122919154,11.965291054074592,12.001639982176943,12.034357129563139,12.063301742718366,12.088348873802982,12.109390079774652,12.12633403314824,12.13910703922515,12.147653455319661,12.151936008403812
10.070274604156223,10.074127298771714,10.081820612807062,10.093330402158005,10.108620466984663,10.127642573015152,10.15033648270641,10.176629998653599,10.206439022002446,10.239667629077656,10.276208169855488,10.315941392067412,10.358736594987068,10.404451817038114,10.452934061317722,10.504019563087056,10.557534103073397,10.613293370125852,10.671103376447201,10.730760928120027,10.792054153157853,10.854763088696954,10.918660328298616,10.98351172963492,11.049077182059186,11.115111432868906,11.181364970183981,11.247584959685895,11.313516231610087,11.378902313655361,11.443486504778178,11.507012984088277,11.569227948516282,11.629880772261167,11.688725180617581,11.745520430266165,11.800032487843064,11.852035198304776,11.90131143443324,11.947654218809513,11.990867809547067,12.03076874122889,12.06718681272364,12.099966013847158,12.128965383219652,12.154059790241948,12.175140634552257,12.192116457116219,12.204913457693207,12.213475914271797,12.21776650085069
10.131829305880926,10.135690808388045,10.143401699810026,10.154937759470037,10.170262673257824,10.189328055608636,10.212073481574507,10.238426531348635,10.268302849967217,10.30160622545166,10.338228688914455,10.378050640472166,10.420941004968192,10.466757421613341,10.51534647166756,10.56654394812388,10.620175171285332,10.676055353728188,10.733990017846063,10.793775468711658,10.855199324434183,10.918041105632774,10.982072884997029,11.04705999713895,11.112761808317522,11.178932544743068,11.245322177444294,11.311677360900926,11.377742421848765,11.4432603939073,11.507974092992804,11.571627227759503,11.633965538689754,11.694737958892942,11.753697789189644,11.810603879559032,11.865221808784502,11.917325053812494,11.966696140164034,12.013127764740656,12.05642388231173,12.09640074713708,12.132887901386269,12.165729102358872,12.194783180824155,12.21992482340752,12.241045272435292,12.258052937306516,12.27087391223394,12.279452395862933,12.283751009223458
10.193543049524397,10.197413347231098,10.205141790734183,10.21670408297789,10.232063795835034,10.251172392795917,10.273969261943586,10.30038176154987,10.330325281127916,10.363703321017917,10.400407594146559,10.4403181537472,10.483303550996705,10.529221026695485,10.577916741079129,10.62922604570056,10.682973801283326,10.738974744955271,10.797033910136568,10.85694710169483,10.918501428619157,10.981475895785323,11.045642055717733,11.110764720673572,11.176602734461925,11.242909802814642,11.309435380237586,11.375925610523954,11.442124317386408,11.507774040788009,11.57261711399284,11.636396775529413,11.698858309732435,11.759750208880863,11.818825349534329,11.875842175152245,11.930565876820534,11.98276956358927,12.032235413822091,12.078755798812123,12.122134370033661,12.162187101451925,12.19874327857212,12.231646426182412,12.260755167202227,12.285944005485899,12.307104026028746,12.324143506663718,12.33698843603931,12.345582933458306,12.34988956697051
10.255415808943665,10.259294889302872,10.267040859895685,10.278629347439585,10.294023810073451,10.31317556067988,10.336023800778307,10.362495667239637,10.392506294596497,10.425958896128115,10.462744867257655,10.502743915051573,10.545824217776984,10.591842618612432,10.640644857567755,10.692065845593705,10.745929984647468,10.802051537244548,10.860235048635978,10.92027582428773,10.981960464855963,11.045067460204418,11.10936784343195,11.174625905109686,11.240599967246842,11.307043215697915,11.373704588997763,11.440329720776854,11.506661932178996,11.57244326993941,11.637415585048684,11.701321646244372,11.763906282001372,11.824917544019309,11.884107884814826,11.941235341509291,11.996064717632773,12.048368754472914,12.097929283314773,12.144538349916429,12.187999302511221,12.228127834810964,12.264752975665825,12.29771801736968,12.32688137499225,12.352117369610832,12.37331692888615,12.390388199073131,12.403257063247581,12.411867561365359,12.416182208484809
10.317447559626586,10.321335410247247,10.329098883227493,10.34071352924373,10.35614269294667,10.375337536956998,10.398237076652311,10.42476822797797,10.454845871045626,10.48837293268744,10.52524049149034,10.56532790906348,10.608502991508203,10.65462218516167,10.70353081061637,10.755063339016624,10.809043714377426,10.8652857254168,10.92359343002504,10.983761635057125,11.045576433597645,11.108815801249364,11.173250252389227,11.238643556583488,11.304753514672154,11.371332793225543,11.438129815364572,11.504889705051474,11.57135528134056,11.637268098147572,11.702369524555522,11.766401859846741,11.829109476926273,11.89023998716526,11.949545419244517,12.00678340412858,12.061718357939249,12.114122654310586,12.16377777754775,12.210475447946507,12.254018710540695,12.294222978828076,12.330917025023508,12.363943908937628,12.393161837785856,12.418444949871683,12.439684015510432,12.456787049367476,12.469679828943319,12.478306314829268,12.482628969094323
10.379638278671743,10.383534887309516,10.391315838271549,10.402956606374392,10.418420423023738,10.43765830091834,10.4606090697064,10.48719942488437,10.517343992698244,10.550945414136097,10.5878944516046,10.628070121956524,10.67133985987403,10.717559715615005,10.76657459114213,10.818218518601341,10.87231498487495,10.928677305679495,10.987109052347224,11.047404533901485,11.10934933661691,11.172720922568836,11.237289288113468,11.302817682475121,11.3690633859555,11.435778546432802,11.50271107214785,11.569605577911984,11.636204381127918,11.70224854331244,11.7674789520121,11.831637437377356,11.894467917025269,11.955717562243146,12.015137978095167,12.072486389549779,12.127526825472936,12.180031291961415,12.229780926432701,12.276567123775358,12.320192625894347,12.360472566087275,12.397235459961626,12.430324134851121,12.459596590125944,12.484926781300512,12.506205321344252,12.523340093318954,12.536256769140637,12.544899230030845,12.549229885062772
10.4419879447805,10.445893299337383,10.453691704172083,10.465358558401537,10.48085698045353,10.500137833424734,10.523139761641957,10.549789240635816,10.580000643315278,10.613676325434646,10.650706733863283,10.690970541395382,10.734334812024754,10.780655200687148,10.82977619149791,10.881531378395357,10.93574379192338,10.992226275601958,11.050781914987754,11.111204522044401,11.173279176988244,11.236782829090583,11.301484957378982,11.367148291401724,11.43352959153649,11.500380487551867,11.567448373353225,11.634477355075772,11.701209248941545,11.767384624468171,11.832743888028551,11.897028400960755,11.959981625882568,12.02135029423478,12.08088558766453,12.13834432533445,12.193490148985468,12.246094697288918,12.29593876086447,12.342813409268455,12.386521081312084,12.426876630138862,12.463708314758078,12.496858730035852,12.526185667500974,12.551562899873575,12.572880882764903,12.590047367630303,12.602987920789401,12.611646344083667,12.61598499357821
10.504496538237394,10.50841062675415,10.516226461640239,10.527919366472593,10.543452346946111,10.562776116890767,10.58582913570667,10.612537659432878,10.642815808177657,10.676565653044412,10.71367732601646,10.754029156517808,10.797487838565862,10.84390863253114,10.893135605450325,10.945001913838572,10.999330132689396,11.055932634114635,11.114612018666167,11.175161602023412,11.237365959075266,11.301001527012119,11.365837268216056,11.431635393210353,11.49815214306108,11.565138630002018,11.632341734129232,11.699505053407975,11.7663699033072,11.832676361750758,11.898164354301198,11.962574773806674,12.025650628145977,12.087138209166095,12.146788275300306,12.204357240069891,12.259608358232255,12.31231290115033,12.3622513127305,12.409214337261778,12.45300411050991,12.493435205488376,12.53033562463744,12.5635477303617,12.592929106339248,12.618353342498786,12.639710737085304,12.656908909938155,12.669873321762317,12.678547695016093,12.682894332757991
10.56716404088307,10.571086851555123,10.578920092949721,10.590639013285516,10.606206505762454,10.625573135269384,10.648677176679639,10.675444666999093,10.70578947406656,10.739613384924237,10.77680621729771,10.817245957915882,10.860798931544393,10.907320004720708,10.956652828169931,11.008630121753846,11.063074005699303,11.119796381482402,11.17859936542947,11.239275777672384,11.301609688524016,11.365377023790913,11.430346229892352,11.496278998961479,11.56293105337287,11.630052988380937,11.697391170807043,11.764688690916891,11.831686363875558,11.89812377640993,11.963740373624216,12.02827658018025,12.091474949515357,12.153081334104147,12.21284606936923,12.270525163351891,12.325881483975579,12.378685935396975,12.428718614898173,12.475769941563676,12.519641748157825,12.56014832760243,12.597117425777292,12.630391172631326,12.659826944002718,12.685298147016205,12.70669492254432,12.723924758791057,12.736913010850595,12.745603321785282,12.749957941632875
10.629990436119623,10.633921957272474,10.641772581920169,10.653517483074758,10.66911944169581,10.688528874041719,10.711683870850647,10.73851025056037,10.768921629258703,10.802819510502317,10.840093398392453,10.880620937630189,10.924268084431553,10.970889312242587,11.020327856216822,11.072416000337322,11.126975410832452,11.183817519307791,11.242743958624729,11.303547054121635,11.366010372247567,11.429909328130739,11.495011852895642,11.561079120929234,11.627866336502928,11.695123578454792,11.762596700850304,11.83002828673474,11.89715865140483,11.963726890782103,12.029471969857363,12.094133845429093,12.15745461674523,12.219179697152786,12.27905899925745,12.336848125794036,12.392309557974542,12.445213832866944,12.495340701206251,12.542480256946181,12.586434029887526,12.627016032889594,12.664053755288732,12.697389094590086,12.726879218784369,12.752397352191226,12.773833478294357,12.791094953662762,12.804107027763445,12.81281326425361,12.817175860146788
10.692975708876466,10.696915928981083,10.704783913901643,10.71655476160991,10.732191141056564,10.75164332019524,10.774849206012219,10.80173439882823,10.832212263503886,10.8661840206762,10.903538861438953,10.944154089132308,10.98789529212061,11.034616551475033,11.084160687529714,11.136359549142906,11.191034349303871,11.247996050510265,11.30704580290799,11.367975437773229,11.430568018417585,11.494598449976962,11.559834148943123,11.626035772580927,11.692958007656394,11.760350417146686,11.827958342869803,11.895523861125724,11.962786787765353,12.029485728294349,12.095359167943734,12.160146595942678,12.223589657628146,12.285433327438122,12.345427095365306,12.40332615899779,12.458892612970667,12.511896627370696,12.562117606467597,12.60934531914003,12.653380992278619,12.69403835870164,12.731144651221841,12.764541534908172,12.794085969899156,12.819650997701782,12.84112644441016,12.858419534938697,12.871455413119019,12.880177563194628,12.884548129153467
10.756119845604738,10.760068753269497,10.767954075755258,10.779750836157467,10.795421591660201,10.814916462212711,10.838173171442483,10.865117101996821,10.895661368014302,10.929706907786098,10.967142600004987,11.00784540731079,11.051680550897599,11.098501720182368,11.14815132141551,11.20046076907135,11.25525082365743,11.31233197931579,11.371504904216977,11.43256093630346,11.49528263645328,11.559444400499029,11.624813130951754,11.691148968576305,11.75820608321346,11.825733522534176,11.893476116609055,11.961175435461467,12.028570795922219,12.09540031346067,12.161401993888278,12.226314859169618,12.289880100991086,12.351842255116102,12.41195038910784,12.469959295571748,12.52563068269957,12.578734353693292,12.629049366454286,12.676365164833072,12.720482672856521,12.761215343331052,12.798390152564806,12.83184853318383,12.86144723748389,12.887059124150632,12.908573861873684,12.925898543909627,12.938958208442303,12.947696260289096,12.952074790406279
10.819422834260926,10.823380418229121,10.831283055849335,10.843105695491506,10.858810782806948,10.87834829006151,10.901655757889051,10.928658351711647,10.959268935451513,10.993388165605454,11.030904609084361,11.071694888458868,11.115623858442316,11.162544817501576,11.212299758528456,11.264719662359198,11.319624837756786,11.376825311249265,11.436121269766007,11.497303558640764,11.560154237015828,11.624447192087496,11.689948813040603,11.756418724753527,11.823610580718585,11.891272913834378,11.95915004293773,12.026983032221121,12.09451069992621,12.161470671858174,12.22760047474527,12.292638663592824,12.356325976689744,12.418406511346449,12.478628912893058,12.536747569106794,12.592523801864761,12.645727047593033,12.69613601789028,12.743539831655852,12.787739110084885,12.828547026001978,12.865790299215751,12.899310129930331,12.928963062584572,12.954621773042033,12.976175772575699,12.993532022771788,13.006615456155805,13.015369398116164,13.019755886563685
10.882884664295323,10.886850913443801,10.894770844028622,10.906619329856444,10.92235870527917,10.941938795170426,10.965296957554608,10.992358141071799,11.023034959911184,11.057227789339578,11.094824885074072,11.135702530263167,11.17972521380585,11.226745843924675,11.276606000871004,11.329136232561787,11.384156396763904,11.441476053118258,11.500894908043257,11.562203314964474,11.62518283198626,11.68960683834025,11.755241210519943,11.821845058116496,11.889171518857768,11.956968611398509,12.024980143832295,12.092946674988028,12.160606524911444,12.227696830136,12.293954638634942,12.359118038736963,12.422927315600845,12.485126128304442,12.545462700128152,12.603691014177976,12.659572006144856,12.712874745781464,12.763377598461364,12.810869358186462,12.855150343364356,12.89603344686165,12.933345132005451,12.96692636657907,12.996633487162473,13.022338986786082,13.043932219303631,13.061320014616452,13.07442719958005,13.083197020143812,13.08759146116504
10.946505326630918,10.950480229967972,10.958417431617772,10.970291730973251,10.986065351312314,11.005687970425555,11.029096764093811,11.05621646459818,11.086959436911904,11.12122577559337,11.158903425766125,11.199868331786568,11.243984617408232,11.29110480129549,11.341070051769115,11.393710484556351,11.448845507139435,11.506284213013013,11.565825828783952,11.627260216690544,11.690368434470574,11.754923354054815,11.820690339873234,11.887427986840207,11.954888917466997,12.022820636705429,12.09096644238655,12.159066388425757,12.22685829709288,12.294078816001058,12.360464514704631,12.425753015151201,12.489684149614812,12.552001139160941,12.612451785206325,12.670789666337054,12.726775332188101,12.780177485927492,12.830774146792296,12.878353783936882,12.922716413021895,12.96367464698102,13.00105469267759,13.034697285466166,13.064458554077628,13.090210808696602,13.111843245745282,13.129262563431302,13.142393482927133,13.151179170731094,13.155581558656655
11.010284813651987,11.014268360321203,11.022222811394023,11.034122892007797,11.049930714590834,11.069595810148712,11.093055172583504,11.120233318249888,11.151042363378068,11.185382122369594,11.22314023033362,11.264192293462132,11.308402071020303,11.35562169279203,11.405691915871762,11.458442424508625,11.51369217662732,11.571249800276528,11.6309140429757,11.692474276459757,11.755711058780477,11.820396755220651,11.886296218763349,11.953167530242684,12.02076279751884,12.088829012345878,12.157108962791291,12.225342198291266,12.293266043744246,12.360616658209947,12.427130133146777,12.492543624406101,12.556596511631422,12.619031578087725,12.67959620350756,12.738043562111882,12.794133817596373,12.847635306654013,12.898325702447563,12.945993149349885,12.99043736030967,13.03147066834854,13.068919023878466,13.102622929838047,13.13243830709182,13.15823728298035,13.179908896478032,13.197359714087142,13.210514351290158,13.219315895131109,13.223726224350708
11.074223119193785,11.078215298467462,11.086186977581507,11.098112807568366,11.11395479023675,11.133662310091712,11.157172179521474,11.184408699378046,11.215283737629688,11.249696829053597,11.287535299322693,11.328674417079815,11.372977577749195,11.420296522912952,11.470471599132308,11.523332059882536,11.578696414238287,11.63637282551288,11.696159562840256,11.7578455081319,11.821210720426944,11.88602705900091,11.95205886601207,12.019063708792691,12.086793181104447,12.154993762027068,12.22340773032759,12.291774131411811,12.359829793202612,12.4273103865645,12.49395152518105,12.559489899090144,12.623664435551001,12.686217480237378,12.746895991381216,12.805452738986789,12.861647500929145,12.915248247522038,12.966032305932863,13.013787495798404,13.05831322739574,13.09942155386471,13.136938169168165,13.170703343832331,13.200572790859754,13.226418454730306,13.248129216962392,13.265611512344478,13.278789850653176,13.287607239464192,13.292025504450448
11.13832023852815,11.142321039803456,11.150309925833486,11.162261473691633,11.1781375747831,11.197887467414033,11.221447782807461,11.248742606734364,11.27968355937384,11.314169896404138,11.352088634632404,11.393314705768349,11.437711142029276,11.485129297472486,11.535409108800447,11.588379399420457,11.643858230247739,11.701653300570587,11.761562401820973,11.823373926773712,11.886867436111519,11.951814283734922,12.017978301594034,12.085116544091221,12.152980091438767,12.221314910548115,12.289862771364698,12.358362215685199,12.426549574856233,12.494160031903453,12.560928723049757,12.626591872801663,12.690887956268952,12.753558881753968,12.814351186157346,12.873017235411277,12.929316421697653,12.983016349036273,13.033893998678227,13.081736865573502,13.12634405736666,13.167527347332516,13.205112173001927,13.238938572490367,13.268862050929691,13.29475436993139,13.31650425354869,13.334018004842726,13.347220027872813,13.356053250734924,13.360479446029345
11.2025761683465,11.206585581149684,11.214591653223547,11.22656888782603,11.242479066180266,11.262271280680954,11.285881981736702,11.313235040451403,11.344241829684917,11.37880132653612,11.416800239515728,11.458113163991268,11.502602769619413,11.550120023583291,11.600504453411643,11.65358445312361,11.709177636179739,11.767091238528584,11.82712257458219,11.889059548651568,11.952681223711304,12.017758448923052,12.08405454662641,12.151326058868031,12.219323552846145,12.28779248380958,12.35647411334241,12.425106480066004,12.49342541913847,12.561165626094766,12.628061760009153,12.693849580132962,12.758267109670673,12.821055819749336,12.881961826119872,12.940737090786612,12.997140620347398,13.050939652635313,13.1019108230374,13.149841301883376,13.194529894213092,13.235788093461037,13.27344108073563,13.30732866173762,13.33730613372855,13.363245075443828,13.385034053459838,13.402579239089404,13.4158049306707,13.42465397681549,13.429088097036043
11.266990906747912,11.271008920730093,11.2790321582245,11.291035048817848,11.306979263769163,11.326813749840221,11.350474776978832,11.377886002029049,11.40895855099496,11.443591122912164,11.481670118547415,11.523069797528043,11.567652467575668,11.615268709648396,11.66575764277398,11.718947232259247,11.774654644805151,11.832686653689644,11.892840096990863,11.954902391215967,12.018652102280443,12.083859575221231,12.150287623364065,12.217692276972205,12.28582359075462,12.354426508792882,12.423241784774048,12.49200695456967,12.560457357522449,12.628327202031889,12.695350670330562,12.761263056681722,12.825801932625723,12.888708332313408,12.949727950520739,13.008612345463963,13.065120138275022,13.119018200680472,13.17008282228846,13.218100848846284,13.262870782832277,13.304203837853018,13.341924938607647,13.375873658385782,13.405905086570094,13.431890619009355,13.453718664789083,13.471295263472548,13.484544607652579,13.493409466446684,13.49785150628022
11.331564453232671,11.335591058170083,11.343631440705892,11.355659956903912,11.371638168270314,11.391514876215094,11.415226170575155,11.44269549432582,11.473833727087438,11.508539290328448,11.546698277631553,11.588184613470855,11.632860244253528,11.680575365353251,11.731168687958233,11.784467749347385,11.840289270117193,11.898439561569331,11.95871498611432,12.020902473103382,12.084780092028282,12.15011768442781,12.216677555192984,12.284215223362104,12.352480231679897,12.42121701355743,12.490165815234676,12.559063670249046,12.627645422512373,12.695644793624576,12.762795489281382,12.828832339030784,12.893492462976774,12.956516458501643,13.017649599561054,13.076643040732977,13.13325501779902,13.187252036461375,13.238410040620536,13.286515551494013,13.33136676901861,13.372774627006626,13.410563793749905,13.44457361012868,13.474658957640042,13.500691049239677,13.522558136505475,13.540166127235144,13.553439108277907,13.5623197692374,13.56676972343842
11.39629680868105,11.400331994471566,11.408389501913653,11.420443613696062,11.436455781777775,11.456374662497518,11.480136165915802,11.507663521550429,11.538867363073306,11.573645834906403,11.611884723983577,11.653457620210942,11.698226109285322,11.746040001646865,11.796737601292273,11.850146018129895,11.906081527333285,11.964349978890787,12.024747260202897,12.087059814113308,12.151065214326067,12.216532799478214,12.2832243666165,12.35089492409791,12.419293503230335,12.488164027234673,12.557246235355375,12.626276659201714,12.694989647635953,12.763118435792434,12.830396253131662,12.896557464748014,12.961338739540851,13.024480238317047,13.085726814389588,13.14482921882663,13.20154530216408,13.255641204183782,13.306892523132197,13.355085455744957,13.400017899460034,13.44150050830426,13.479357694172739,13.513428565537058,13.543567795998923,13.569646415611997,13.59155251843835,13.609191880493622,13.622488482866547,13.631384935641304,13.635842799041388
11.461187975343746,11.46523173200675,11.47330634446551,11.485386022167509,11.501432107741628,11.521393112723556,11.545204767736383,11.572790089234973,11.604059465396086,11.638910764079288,11.677229466116483,11.718888827419976,11.763750073586424,11.811662630741186,11.862464396343332,11.915982053585758,11.972031432885384,12.030417923570463,12.090936938683974,12.153374435212609,12.217507491684854,12.283104944437872,12.349928083246594,12.417731406339033,12.486263434094516,12.555267580021148,12.62448307681184,12.69364595455857,12.762490067439812,12.830748164461205,12.898152999137475,12.96443847237749,13.029340802099526,13.092599712728916,13.153959637100424,13.213170922903345,13.26999103554667,13.32418574896947,13.375530315829089,13.423810608430793,13.468824221737794,13.510381530011825,13.54830668876266,13.582438574048277,13.61263165157115,13.638756768468395,13.660701861276712,13.678372574213155,13.691692782594183,13.700605016979676,13.705070784476188
11.526237956837283,11.53029027450549,11.538381972328882,11.550487186642892,11.566567150954082,11.58657023227214,11.610431982106192,11.638075204239279,11.669410041802822,11.704334086578935,11.742732513833518,11.784478246048083,11.82943214932248,11.877443266093344,11.92834908790955,11.98197587191408,12.038139004403588,12.09664341471091,12.157284042164457,12.219846358518742,12.284106947748057,12.349834144486078,12.416788731802164,12.48472469832759,12.553390054025614,12.622527703163335,12.6918763723204,12.761171590473515,12.830146717483034,12.898534016546742,12.966065765543647,13.03247540143666,13.097498691391351,13.160874923652097,13.222348110720418,13.281668197053452,13.338592263032202,13.392885716839729,13.444323465611777,13.492691057260858,13.537785784309067,13.579417741276982,13.617410827281356,13.651603685972642,13.681850575148495,13.70802215901298,13.730006216565378,13.747708260217216,13.761052059492314,13.769980065415709,13.774453731977008
11.591446758116101,11.595507627050186,11.603616390816791,11.615747112789478,11.63186091755059,11.651906027845207,11.675817816412819,11.703518874738608,11.73491910134421,11.769915812431261,11.808393878214018,11.850225888313668,11.895272349921084,11.943381922396354,11.99439169201986,12.048127490512854,12.104404260709934,12.163026472588001,12.223788592397886,12.286475607292216,12.350863607297285,12.416720425922946,12.483806340097733,12.55187482939288,12.6206733938476,12.68994442896188,12.75942615563454,12.828853602124454,12.897959634324748,12.966476029968426,13.034134591567618,13.100668292406144,13.165812449115204,13.229305913935582,13.290892279212423,13.3503210862864,13.40734903062434,13.461741154728509,13.513272020278846,13.561726850838669,13.60690263652507,13.648609192114256,13.686670160356265,13.720923952481494,13.751224618374211,13.777442639301828,13.799465636704367,13.817198991171814,13.830566366435352,13.83951013396643,13.843991694625297
11.656814385474526,11.660883796049857,11.66900960657669,11.681165807597171,11.697313414978192,11.717400507466973,11.741362279346387,11.769121110201203,11.800586654361558,11.835655952936039,11.87421357160609,11.916131767688752,11.961270690046947,12.009478615575752,12.060592225912634,12.114436927985167,12.1708272218117,12.229567118645594,12.290450612299455,12.353262205930601,12.41777749621995,12.483763816143714,12.55098093703202,12.61918182992395,12.688113485435132,12.757517790755454,12.827132461531995,12.8966920256917,12.965928855532821,13.034574243623338,13.10235951740503,13.169017186729386,13.234282117911553,13.297892727376274,13.359592187460777,13.41912963652728,13.47626138522439,13.530752110461332,13.582376028516348,13.630918038652595,13.676174828598553,13.717955933415585,13.756084739480574,13.790399425606456,13.820753833754312,13.847018262240006,13.869080174936359,13.88684482059977,13.90023575714434,13.90919527648246,13.91368472634379
11.722340846535978,11.726418789237648,11.734561627566633,11.746743279377274,11.762924652002232,11.783053680462809,11.80706538090513,11.834881921382939,11.86641271248009,11.901554520666908,11.940191607614322,11.98219589888472,12.027427185594203,12.075733362771109,12.126950708021036,12.180904204117729,12.23740790888675,12.296265375492428,12.35727012592243,12.42020617995925,12.484848641530975,12.550964343642837,12.618312552589435,12.686645731386976,12.755710361718771,12.825247822920884,12.894995325810912,12.964686898374103,13.034054419659403,13.102828697387757,13.170740584214341,13.237522126801707,13.302907741365052,13.366635408694545,13.428447881274268,13.488093894612117,13.545329374645586,13.599918632759126,13.651635539899171,13.700264671062596,13.745602411620919,13.787458016929849,13.825654617001796,13.860030158228888,13.890438274637972,13.916749081583065,13.938849885351408,13.956645802851796,13.970060286172306,13.979035547656348,13.983532881892557
11.788026150229886,11.792112615662761,11.80027246307004,11.81247953773915,11.828694638685734,11.848865557450567,11.872927132365866,11.900801320325467,11.932397288584989,11.967611529450012,12.006328001092712,12.048418297854665,12.093741853685172,12.142146182333049,12.193467157986182,12.24752933988621,12.30414634428242,12.363121266881517,12.42424715845529,12.487307556022087,12.552077071336571,12.618322038005804,12.685801217819979,12.754266566297584,12.823464056664873,12.893134560862224,12.963014785284743,13.032838258363617,13.102336366240802,13.171239432113556,13.239277834115946,13.306183155969451,13.37168936399785,13.435534003541674,13.497459407378452,13.557213908289594,13.614553047588748,13.669240771232776,13.721050604876762,13.769766799304676,13.815185437544974,13.857115495272785,13.895379846128227,13.929816204085599,13.960277995224478,13.986635151923627,14.008774822877516,14.026601993123126,14.04004000891581,14.04903100301746,14.053536216861783
11.85387030678895,11.85796528566899,11.866142123651892,11.878374593595819,11.89462338638272,11.91483615033574,11.938947546284977,11.966879320333002,11.998540396821143,12.033826994364755,12.072622768127534,12.114798981775767,12.160214712647763,12.208717093807488,12.260141596628221,12.314312357423592,12.371042551498395,12.430134817703077,12.491381736213663,12.554566361871448,12.61946281484241,12.68583692989448,12.753446964848411,12.82204436822593,12.89137460528403,12.961178041000952,13.03119087777022,13.101146144845407,13.170774735803073,13.239806489618896,13.307971310184358,13.375000318520549,13.440627031266233,13.504588558486699,13.566626813406332,13.626489726196738,13.683932453655823,13.73871857637641,13.790621274786657,13.83942447548208,13.884923959194614,13.926928421913473,13.965260480919888,13.999757617755433,14.030273050552173,14.056676528698842,14.078855043275787,14.096713447441106,14.110174981598805,14.11918169891933,14.123694787675136
11.919873327739227,11.923976810895338,11.932170621173363,11.944428459137125,11.960710907724668,11.980965472291594,12.005126636479671,12.033115935965867,12.064842052588435,12.100200931722197,12.139075926033746,12.181337969035264,12.22684578201399,12.275446117932901,12.326974045942357,12.381253280038287,12.438096555184096,12.49730605398763,12.558673886632132,12.621982626364725,12.687005902343083,12.753509051042894,12.821249826848451,12.88997917178703,12.959442043606861,13.029378300775727,13.099523642091315,13.169610597993644,13.23936956983918,13.308529912681644,13.376821056442763,13.443973659680546,13.509720789548712,13.573799121015913,13.635950147896382,13.695921397876662,13.753467643330515,13.808352099559716,13.860347601821344,13.909237752567519,13.954818030243464,13.99689685117184,14.035296576277844,14.069854454663005,14.100423496503801,14.126873268176105,14.14909060314254,14.166980222661095,14.180465261274131,14.189487692542398,14.194008651580573
11.986035225885212,11.990147204256274,11.998357968772597,12.010641147827158,12.026957216608343,12.047253537757063,12.071464418028484,12.099511183029827,12.131302272516423,12.166733359069768,12.20568749334331,12.248035279229095,12.293635082514136,12.342333276629027,12.393964529093267,12.448352132182608,12.50530838112639,12.564635002889494,12.626123638249345,12.68955637945542,12.754706365212916,12.821338434255626,12.889209838050332,12.958071012624618,13.02766640869432,13.09773537863642,13.1680131180584,13.23823165896182,13.308120910810725,13.377409745036895,13.445827117862871,13.51310322560689,13.578970686148002,13.643165739528277,13.705429460295024,13.765508973764165,13.823158667981517,13.878141393031404,13.93022963905184,13.97920668438903,14.024867705220228,14.06702083821718,14.105488187947685,14.140106771069254,14.17072938978503,14.197225427456535,14.219481559897641,14.237402376465601,14.250910905815191,14.259949041895359,14.264477866648228
12.052356015298196,12.05647647993033,12.064704180848434,12.077012674390328,12.093362328191597,12.113700362417758,12.137960907248306,12.16606507857645,12.197921074466693,12.233424295165094,12.27245748979739,12.314890933149353,12.360582636055776,12.409378592981108,12.461113070398847,12.515608939456378,12.572678056243642,12.632121692674614,12.693731020713962,12.757287652184718,12.822564235900382,12.889325113391045,12.95732703372518,13.026319927420083,13.096047738613612,13.16624931403258,13.2366593464809,13.307009369882616,13.377028802146349,13.446446031375597,13.514989540348182,13.582389063385211,13.648376769283338,13.712688463325607,13.775064800937017,13.835252505175434,13.893005579854313,13.948086509907924,14.000267440409823,14.049331325630343,14.09507303950806,14.13730043906753,14.175835372515056,14.21051462406748,14.241190787940345,14.26773306446232,14.290027971790332,14.307979967353726,14.321511973916952,14.330565805800774,14.33510249176546
12.11883571131364,12.122964653364305,12.131209273056946,12.143543054808031,12.159926258876842,12.180305963208077,12.204616121693896,12.232777640871584,12.264698477519206,12.300273759979572,12.339385936332553,12.381904952774738,12.427688465723904,12.476582091243609,12.528419695332309,12.583023728597357,12.640205608574535,12.699766152721198,12.761496064764684,12.825176476668945,12.89057954791507,12.957469123360072,13.025601450183755,13.094725953876088,13.164586072449,13.234920147403129,13.305462369134773,13.375943773853512,13.446093288221359,13.515638817321976,13.58430837073732,13.65183122102299,13.717939088083513,13.782367342610724,13.84485622104893,13.905152044313635,13.963008432070318,14.018187504173456,14.070461060682913,14.119611731827655,14.165434089326942,14.20773571056745,14.246338187399944,14.281078071582604,14.311807749336658,14.338396237943533,14.36072989788323,14.378713054646624,14.392268525089358,14.40133804389594,14.405882586632488
12.185474330511951,12.189611741245594,12.197873262300755,12.21023230629791,12.226649026307209,12.247070358288989,12.27143008014745,12.29964888940715,12.331634501957904,12.36728177467903,12.40647285507359,12.449077361258507,12.494952595771371,12.543943796821477,12.595884430504691,12.65059652746947,12.707891067276954,12.767568413504682,12.829418802228009,12.89322288610192,12.95875233583004,13.025770500119226,13.094033124764424,13.163289130704154,13.233281450285034,13.303747920186291,13.37442222878932,13.445034914935299,13.515314414375496,13.58498814944631,13.65378365680256,13.721429747439254,13.787657692581174,13.852202428486327,13.914803772751387,13.975207644258594,14.033167278616938,14.088444430672961,14.140810555513553,14.19004795936789,14.235950911745228,14.278326710410866,14.316996690853331,14.351797172365936,14.382580333165171,14.409215007465729,14.431587398059264,14.449601698480565,14.463180619657841,14.472265816630406,14.476818211765272
12.25227189071487,12.256417761497596,12.264696166715883,12.27708044731336,12.293530649351156,12.313993567040704,12.33840280260085,12.366678844882031,12.398729169270087,12.434448361618875,12.473718269327547,12.516408182928481,12.56237505160511,12.611463736262573,12.66350730366113,12.718327365053728,12.775734462607389,12.835528506596617,12.897499266001981,12.96142691474144,13.027082635263458,13.094229280658961,13.162622095830422,13.232009497637945,13.302133913197256,13.372732674795015,13.443538969169335,13.51428283814822,13.584692226885485,13.654494075250035,13.723415447226227,13.791184692472402,13.85753263371431,13.922193772941219,13.984907509034603,14.045419358958004,14.103482174348322,14.158857345105114,14.211315981396037,14.26064006547294,14.306623564667598,14.349073497115869,14.387810941947764,14.422671985990482,14.453508599431698,14.480189433411802,14.502600533012505,14.520645959794754,14.534248318752626,14.543349185259144,14.547909428477736
12.31922841096835,12.323382733274874,12.331678005665532,12.344087497528019,12.360571148090559,12.381075610063053,12.405534310253435,12.433867529187419,12.46598250213214,12.501773544339997,12.541122203571934,12.583897443268055,12.62995585978006,12.679141937256425,12.731288343669437,12.786216271444514,12.843735825927254,12.903646464652764,12.965737490067228,13.029788597900575,13.095570482885917,13.16284550300366,13.23136840276055,13.300887095404839,13.371143503260884,13.44187445462455,13.512812634973715,13.583687589463917,13.654226772963563,13.724156643164132,13.793203791614737,13.861096106862076,13.927563963314093,13.992341428853534,14.055167483777996,14.115787243237337,14.173953174981387,14.229426304025273,14.281977395668056,14.331388108212819,14.377452106824892,14.419976130028939,14.458781000588392,14.493702572847077,14.524592608960385,14.5513195769764,14.573769364246289,14.591845900343253,14.60547168431123,14.614588211845652,14.619156298896934
12.386343911542555,12.390506676950363,12.398818799726577,12.411253477825582,12.4277705438243,12.448316509151658,12.472824625503558,12.501214965408801,12.53339452440345,12.569257347553133,12.608684683442817,12.651545168912222,12.697695047996417,12.74697842861698,12.799227580511793,12.854263277842264,12.91189518968527,12.971922321402156,13.034133509462144,13.098307971944207,13.164215916396476,13.231619206196127,13.300272085940355,13.369921965730402,13.440310263526602,13.511173304036307,13.58224327185287,13.653249215799338,13.723918100768266,13.79397590254392,13.863148740488906,13.931164042250659,13.99775173410375,14.062645449980307,14.125583751725376,14.186311352776526,14.244580337082041,14.300151364835799,14.352794856506124,14.402292146485305,14.448436597787751,14.491034669322339,14.52990692748827,14.564888994139556,14.595832423386636,14.622605500157738,14.645093954065532,14.663201582679973,14.676850779067163,14.6859829592488,14.69055888594305
12.453618413912498,12.457789614104824,12.466118570687309,12.478578410299686,12.495128859041339,12.515716287298664,12.54027377193009,12.568721177808337,12.60096526110543,12.6368997971272,12.676405735730711,12.719351387639382,12.76559264507943,12.814973240279004,12.867325045283128,12.922468416538308,12.980212587413742,13.040356111649837,13.102687360281893,13.166985074280209,13.233018974526393,13.300550430301676,13.369333186767848,13.439114151331436,13.509634238022057,13.580629268359965,13.651830926414188,13.722967765014012,13.793766259377124,13.863951903657007,13.933250345269311,14.001388551173209,14.068095999693357,14.133105890958353,14.196156368490762,14.256991744121493,14.315363718073378,14.37103258578271,14.423768422933382,14.473352240027365,14.51957709794081,14.562249175983803,14.601188784183135,14.636231311890583,14.66722810514942,14.694047265763297,14.716574365582316,14.734713070152443,14.748385666560596,14.75753349112482,14.76211725333487
12.521051940758165,12.525231567514686,12.53357734152399,12.546062318227586,12.562646117422949,12.583274968678356,12.607881774297017,12.636386191820769,12.668694738433556,12.704700920090028,12.744285388370287,12.787316128359052,12.833648680983345,12.883126403291246,12.935580770174234,12.990831720913151,13.048688053718003,13.10894787125514,13.171399079671332,13.23581994335374,13.301979697033785,13.369639216388777,13.438551747630532,13.508463695911876,13.579115471755708,13.650242393884794,13.721575646210743,13.792843285898622,13.863771298795356,13.934084697687764,14.003508658286956,14.071769687062684,14.138596814572027,14.203722807297183,14.266885390553547,14.327828474670508,14.386303376222514,14.44207002595208,14.494898154792796,14.54456844938983,14.590873668500558,14.633619711823128,14.672626633015758,14.707729588917573,14.73877971748928,14.765644937395436,14.788210662701356,14.806380426912886,14.82007641111727,14.82923987192456,14.833831465580715
12.588644515947378,12.592832561149432,12.60119513640619,12.613705226078725,12.630322343833528,12.65099257864045,12.67564865853432,12.704210034041365,12.736582983726096,12.772660744609642,12.812323670432793,12.855439421112123,12.901863186770075,12.951437949798708,13.003994788468802,13.059353225430378,13.117321624277034,13.177697637142858,13.240268705818442,13.304812618638424,13.371098124688109,13.43888560653959,13.507927811907892,13.577970644150513,13.648754010690999,13.720012727850085,13.791477479736821,13.862875828177998,13.933933269945683,14.004374336728636,14.073923732759571,14.142307504234422,14.209254234109878,14.274496255368327,14.337770875249692,14.398821602673188,14.45739937064345,14.513263745265817,14.566184112768504,14.61594083596135,14.662326371489167,14.70514633945839,14.74422053713943,14.779383888849447,14.810487324456778,14.837398579459334,14.86000291012622,14.878203717900943,14.891923077860406,14.901102166889407,14.905701587985023
12.656396164527868,12.660592620153976,12.668971980680515,12.68150715949463,12.698157564299875,12.718869143702516,12.74357445172805,12.772192732215638,12.804630025480982,12.840779299998086,12.880520612114145,12.92372129705335,12.970236194616268,13.019907913053173,13.072567134537698,13.12803296562065,13.186113335822125,13.246605447273577,13.30929627794662,13.373963140627676,13.440374299274009,13.508289643821685,13.577461423964692,13.647635041695398,13.718549901756546,13.78994031844379,13.861536476417866,13.933065442498814,14.004252224662254,14.074820873769838,14.144495622804643,14.2130020578844,14.280068314548117,14.345426292414658,14.408812880771347,14.469971187224418,14.528651761287636,14.584613804479426,14.637626358361112,14.687469461937493,14.733935269753342,14.776829122317183,14.81597056050889,14.851194276113844,14.882350990890275,14.909308257147222,14.931951173345292,14.95018300884381,14.963925732694443,14.973120442043207,14.977727686628612
12.724306912721426,12.72851177085263,12.736907900863303,12.749468145284185,12.766151806021982,12.78690469153671,12.811659182120323,12.840334315239204,12.872835893317832,12.909056616689586,12.948876244735668,12.99216178844564,13.038767737790591,13.088536327387406,13.14129784382333,13.19687097808306,13.255063226143939,13.315671340661428,13.37848183630538,13.44327155083866,13.509808263575932,13.577851372302927,13.647152629148362,13.717456935168448,13.788503192833847,13.86002521480153,13.93175268661805,14.00341218042302,14.074728215692376,14.145424362701716,14.215224383424523,14.283853404092346,14.351039112990225,14.41651297653374,14.480011466160148,14.541277288263109,14.600060608939495,14.656120265172211,14.709224953901852,14.759154390335754,14.805700426943103,14.8486681246293,14.88787676788132,14.923160815935644,14.954370782420028,14.981374036447693,15.004055518637239,15.022318366258718,15.036084442312367,15.045294764195368,15.049909828381463
12.792376787912366,12.79659004072417,12.805002924629806,12.817588211409616,12.834305097345487,12.85509925096492,12.87990287909307,12.908634813141283,12.941200617992353,12.977492726237951,13.01739060072126,13.060760928654108,13.107457850661552,13.157323228215267,13.21018695284151,13.265867300477206,13.324171334075267,13.384895357343924,13.447825422169599,13.512737891792682,13.579400061372166,13.64757083702826,13.717001473767406,13.787436372142961,13.858613932755171,13.930267466980156,14.002126161624524,14.073916094435534,14.145361296679024,14.21618485830692,14.286110070498728,14.354861599802614,14.422166687414984,14.487756366675113,14.551366691302626,14.612739966565744,14.671625975212466,14.727783189750864,14.780979962525642,14.83099568498551,14.87762190751601,14.920663411430459,14.959939224808908,14.99528357432876,15.026546765473402,15.0535959841292,15.07631601306741,15.094609857439522,15.108399274183293,15.11762520093516,15.122248080890934
12.86060581863871,12.864827458408275,12.873257080807996,12.885867386989588,12.902617467763278,12.923452851948099,12.94830557316529,12.977094257074397,13.00972423138218,13.046087661313706,13.0860637136067,13.129518752139731,13.176306568673176,13.226268652027372,13.27923449917016,13.335021971509516,13.393437699490521,13.454277538394122,13.517327077830217,13.582362207011844,13.649149737443652,13.717448084029897,13.787008005109895,13.857573401155676,13.92888217129015,14.000667125984437,14.072656953636223,14.14457723791991,14.216151522170383,14.287102416255829,14.35715274079151,14.426026702830022,14.493451096645082,14.55915652264277,14.622878616930086,14.684359283743525,14.743347922554204,14.799602641440542,14.852891448195535,14.902993410518832,14.949699776734047,14.992815048546898,15.032157997635482,15.067562618097268,15.098879007252153,15.125974167748861,15.148732724477538,15.167057550459687,15.180870296554954,15.190111820626367,15.194742512577157
12.92899403459207,12.933224053682693,12.94167039936677,12.954305702270284,12.971088947903837,12.991965525576708,13.01686729597681,13.045712679318337,13.078406766468143,13.114841455689453,13.154895618013455,13.198435294446949,13.245313928348722,13.295372636375077,13.348440521442605,13.404335030929541,13.46286236329619,13.523817925897166,13.586986846576979,13.652144541019537,13.719057337541713,13.787483160304967,13.857172271415916,13.92786807168553,13.999307959148018,14.071224243740618,14.143345115775181,14.215395665169144,14.287098947599505,14.358177093102679,14.4283524519397,14.497348771855137,14.564892400370317,14.630713505084355,14.694547304610161,14.756135302236661,14.815226514227096,14.871578684283612,14.924959475674678,14.975147632377066,15.021934100651471,15.065123102607188,15.104533153499377,15.13999801483155,15.171367575748079,15.198508655635585,15.22130572148598,15.239661514169928,15.253497578452702,15.262754692404311,15.267393192633921
12.99754146658773,13.00177985746672,13.01024291141558,13.02290318864527,13.039719569523285,13.060637304072571,13.085588080289256,13.114490113256458,13.147248257344692,13.183754144227084,13.223886349656505,13.267510592202411,13.31447996727877,13.364635219871602,13.417805059333299,13.47380651952598,13.532445367418795,13.593516562959973,13.65680477271209,13.722084939326656,13.789122908403694,13.857676113819247,13.927494321882529,13.998320434153428,14.069891347971032,14.141938873086243,14.214190702070512,14.28637143137512,14.358203629291628,14.429408946276025,14.499709262440415,14.568827866418319,14.636490659121787,14.70242737549216,14.766372816742969,14.828068085311264,14.887261814315965,14.943711383131346,14.99718411053536,15.04745841679742,15.09432494612511,15.13758764102223,15.177064760317414,15.212589832908547,15.244012539732203,15.271199516898752,15.294035073487596,15.312421818191256,15.326281189664371,15.335553886176605,15.340200191026675
13.066248146584376,13.070494901801837,13.078974649180346,13.091659878618872,13.108509365497945,13.129468220759223,13.154467959972173,13.183426593379531,13.216248739197804,13.252825762889946,13.293035945333294,13.336744683094878,13.383804724114515,13.434056442178244,13.487328153564782,13.543436479115375,13.602186754813074,13.663373493691363,13.726780901532834,13.792183448427643,13.859346497739432,13.928026993498964,13.997974206658435,14.068930539923462,14.140632390323793,14.212811067784559,14.285193767453318,14.357504592619547,14.429465624458713,14.50079803407749,14.571223231664584,14.64046404690817,14.708245934281809,14.77429819618972,14.838355216556767,14.900157697056622,14.959453887721478,15.016000803647387,15.06956541915505,15.119925830816944,15.166872380797349,15.210208731996191,15.249752886795832,15.28533814147215,15.316813968746102,15.344046821423508,15.366920850644444,15.385338532912995,15.399221200751438,15.408509472610973,15.413163578483843
13.135114107649352,13.139369219858283,13.147865646015383,13.160575805818594,13.177458369819242,13.198458310079394,13.223506969998414,13.252522155270718,13.285408248302364,13.322056348712058,13.362344442906354,13.406137605887135,13.453288238566662,13.503636344004388,13.557009845890796,13.613224952538154,13.672086569438408,13.73338876320058,13.796915279317307,13.862440115795758,13.929728154220209,13.998535849228317,14.068611976828459,14.139698441289655,14.211531139696355,14.283840882501917,14.356354367754088,14.428795205873964,14.50088499118567,14.572344415684006,14.642894419832627,14.712257374569981,14.780158288071767,14.846326030336282,14.910494568112044,14.972404202377502,15.031802800154324,15.088447012298571,15.142103468700006,15.192549942262227,15.239576473102849,15.28298644451098,15.322597602415014,15.358243010455539,15.389771933108475,15.417050639858711,15.43996312388814,15.458411729488066,15.47231768303501,15.481621523149295,15.486283426494715
13.204139383971812,13.20840284590961,13.216915936378568,13.229651004971533,13.246566617572984,13.267607607569579,13.292705146429759,13.321776835604581,13.354726822013376,13.391445939801214,13.431811881306402,13.475689400389305,13.522930551384311,13.573374967089004,13.626850179089084,13.683171983646828,13.742144856257823,13.803562417592941,13.867207953332855,13.932854989876633,14.000267927482351,14.06920273183346,14.139407684421496,14.210624191470108,14.282587650490319,14.3550283728115,14.427672559699966,14.500243328995268,14.572461788431838,14.644048151128068,14.714722888027362,14.784207911489469,14.852227783549624,14.918510941921461,14.982790936281672,15.044807666994894,15.104308618128504,15.161050076349587,15.214798327142908,15.265330819752123,15.31243729225923,15.355920848329728,15.395598977436187,15.43130451055238,15.462886503902983,15.490211043623153,15.513161964913019,15.53164147983497,15.545570708597554,15.554890109979539,15.559559807307705
13.273324010845219,13.277595815339152,13.286125555832704,13.298885511912944,13.315834144951152,13.336916149854442,13.362062526419503,13.391190672133682,13.424204498757376,13.460994575332036,13.501438300522919,13.545400107463314,13.592731704360176,13.643272354210577,13.696849196959532,13.753277617309843,13.812361661237126,13.873894503961028,13.937658971823408,14.00342812007796,14.070965868114572,14.140027693093185,14.210361382398965,14.281707844603284,14.353801978020199,14.426373595185385,14.499148400903204,14.57184902071653,14.644196076029637,14.71590930130706,14.786708698180096,14.856315720598987,14.92445448460868,14.990852995762394,15.055244386760197,15.117368157436946,15.176971408966423,15.233810063864343,15.287650063237905,15.33826853268919,15.385454908259616,15.4290120139953,15.468757082884306,15.504522713230987,15.536157752979857,15.563528104893138,15.58651744617478,15.605027856627986,15.61898035028178,15.628315306054757,15.632992793929617
13.342668024650713,13.346948164625108,13.355494541030886,13.368279363562651,13.385260989225332,13.406383974647323,13.431579148194603,13.460763703679635,13.493841318030706,13.530702295540504,13.57122374159495,13.615269769015695,13.662691740321648,13.713328549162169,13.767006944314355,13.823541899394202,13.882737031335342,13.944385070380958,14.008268384002658,14.07415955677186,14.141822027650024,14.211010785709867,14.28147312464252,14.352949455747389,14.425174178500518,14.497876606991428,14.57078194986191,14.643612340647241,14.716087914671272,14.787927927971937,14.858851913065049,14.928580865664607,14.99683845596615,15.063352257489958,15.127854986054423,15.190085741043072,15.249791240790326,15.306727043700876,15.360658746536002,15.41136315125944,15.458629391879104,15.50226001281564,15.542071990559085,15.577897690726,15.60958575295045,15.637001896612158,15.660029640881177,15.678570933295926,15.692546681679968,15.70189718507919,15.706582460122279
13.412171462868034,13.41645993132777,13.425022929714252,13.437832597928162,13.454847188748335,13.476011120734091,13.501255051056525,13.53049597013163,13.563637320384245,13.600569141712421,13.641168246600072,13.685298427984309,13.732810703116774,13.783543596757982,13.837323466974885,13.893964876766713,13.953271014496401,14.015034165898365,14.079036240048355,14.145049351280479,14.212836458572752,14.282152063335541,14.352742965960266,14.424349080867705,14.496704309053246,14.569537466485945,14.642573265957195,14.71553334926736,14.78813736590886,14.860104093723526,14.93115259629836,15.001003411283524,15.069379763170621,15.136008793557956,15.200622801481916,15.262960485949415,15.322768182513983,15.37980108550676,15.433824447363968,15.484614746428246,15.531960814671898,15.575664916878678,15.615543773027936,15.651429516028578,15.683170577188339,15.710632492470802,15.733698623003432,15.752270784023132,15.766269777138561,15.775635821507764,15.780328880391258
13.481834364049828,13.486131154094743,13.494710760705535,13.507545254087653,13.524592782953574,13.545797627972528,13.571090275367487,13.600387512439099,13.633592547421424,13.670595156169883,13.71127185865761,13.75548612833251,13.803088637616728,13.853917542817857,13.907798811757157,13.964546597275605,14.023963659639085,14.085841840536093,14.149962591096955,14.216097555874502,14.284009214300328,14.353451580533909,14.424170962075568,14.495906776837964,14.568392427688698,14.6413562328069,14.71452240943641,14.787612107914152,14.86034449215282,14.932437862007294,15.003610812334355,15.073583422885907,15.142078472585535,15.208822671229338,15.273547901166408,15.335992461095312,15.395902303845533,15.453032259714016,15.507147236831775,15.558023389932398,15.605449248953192,15.649226799026131,15.689172503615035,15.725118262890499,15.75691229981754,15.784419966920394,15.807524467254149,15.826127483741276,15.84014971175047,15.849531290538023,15.85423212999107
13.551656767832819,13.55596187264293,13.564558073894048,13.577417372193322,13.594497812325894,13.615743537278682,13.641084862542872,13.67043837259571,13.703707041788416,13.740780382284054,13.781534621914618,13.825832915049887,13.87352558970217,13.924450434169373,13.97843302647577,14.035287109763697,14.094815016662361,14.156808145272592,14.221047489236806,14.287304223768924,14.355340349180478,14.424909392797352,14.495757169619255,14.567622601427063,14.640238593310361,14.713332965979957,14.786629441424823,14.85984867879547,14.932709356663805,15.004929297115593,15.076226626465433,15.146320966726721,15.214934651393287,15.281793958578316,15.34663035402862,15.409181736211998,15.469193675281424,15.526420637537875,15.58062718682913,15.631589154284441,15.679094767809598,15.722945732873615,15.762958256405303,15.798964005823661,15.830810995720702,15.858364395159596,15.881507249099718,15.900141108127636,15.914186561354079,15.923583668118196,15.9282922849227
13.621638714911121,13.625952127757305,13.634564910236298,13.647448993454887,13.664562318421932,13.685848890617546,13.711238855053969,13.740648593643707,13.773980847168929,13.811124864446633,13.851956581538921,13.896338834136749,13.94412160625852,13.995142318633084,14.049226159926869,14.10618646404667,14.165825136427635,14.227933132049005,14.292290987504051,14.358669409111647,14.426829918488128,14.49652555653042,14.567501646132705,14.639496613304393,14.712242865704726,14.785467726896663,14.858894423909971,14.932243124969398,15.005232023545132,15.077578464169903,15.149000104801331,15.219216109874168,15.287948367590264,15.354922724481668,15.419870229793327,15.482528381823466,15.5426423681049,15.599966290972922,15.65426437001529,15.705312112764366,15.752897445087346,15.796821792789295,15.836901106239434,15.872966820084565,15.90486674052185,15.932465853129566,15.955647044748034,15.974311733602725,15.988380402527289,15.997793030931442,16.00250942192156
13.69178024704071,13.696101961277002,13.704731311742462,13.717640160140201,13.734786343838216,13.756113731010888,13.781552296409101,13.811018219660266,13.844414008276878,13.88162864807369,13.922537783715649,13.96700393260115,14.014876735178074,14.065993245022888,14.120178261896225,14.177244710908857,14.236994070763473,14.299216853753641,14.36369313987865,14.43019316698706,14.49847797841781,14.568300129049215,14.639404450050105,14.711528872025953,14.784405305540043,14.857760577323994,14.93131741973645,15.0047955103414,15.077912557745995,15.150385429133872,15.221931314288119,15.29226892022248,15.361119689978647,15.42820903862259,15.493267598975095,15.556032469240892,15.616248454376832,15.673669292787274,15.72805885981957,15.779192339415761,15.826857355401355,15.870855053900588,15.911001128712781,15.947126781685862,15.97907961060079,16.006724417523387,16.02994393115085,16.04863943732521,16.062731312590493,16.072159456403035,16.07688361846505
13.762081407028996,13.766411416094952,13.77505732147266,13.78799091555477,13.805169932219226,13.82653810250845,13.852025231150398,13.881547295742214,13.915006570846705,13.95229177959934,13.993278275638167,14.037828258452558,14.085791025331455,14.137003263131382,14.191289383134652,14.248461902103472,14.308321872447713,14.370659364226825,14.435254001275323,14.50187555339893,14.570284586083433,14.64023316857679,14.71146564070912,14.783719438033101,14.856725974358996,14.930211579892806,15.003898492611128,15.077505899673257,15.15075102505218,15.223350258795314,15.295020322687218,15.365479466473426,15.434448688169148,15.501652971476299,15.56682253288162,15.629694070560273,15.690012006939059,15.747529716525673,15.802010730440701,15.85322990904469,15.900974574114747,15.945045592086462,15.98525840016419,16.021443967378353,16.05344968306976,16.08114016576584,16.104397985992858,16.123124297194384,16.137239369594543,16.146683022688464,16.15141495276204
13.832542238726624,13.836880536145832,13.845542983529135,13.858501304055663,13.875713128245863,13.897122050201848,13.92265770484809,13.95223586802193,13.985758581633007,14.023114306467678,14.064178105497533,14.108811860698253,14.156864526589702,14.208172423732094,14.26255957536819,14.31983809034022,14.379808595212696,14.442260718242276,14.506973627530764,14.573716625275225,14.64224979950288,14.712324734236827,14.78368527833042,14.85606837264721,14.929204934572752,15.00282079809524,15.076637707085398,15.150374358559475,15.223747492083938,15.296473020765712,15.368267198573673,15.438847818139413,15.50793543256859,15.57525459431388,15.640535103608403,15.703513258654727,15.763933099404966,15.821547636496579,15.87612005683829,15.927424897214486,15.975249177351015,16.019393483973474,16.05967299768244,16.095918454662907,16.127977035790828,16.155713176025447,16.179009287704723,16.197766391840624,16.21190465232844,16.22136380867975,16.226103503755677
13.903162787023025,13.907509366401111,13.916188343043968,13.929171371019352,13.946415977625264,13.967865620200245,13.993449764094548,14.023083983642138,14.056670088394776,14.094096277123587,14.135237322487827,14.179954789322846,14.228097289794984,14.279500778572286,14.333988891280347,14.391373329285651,14.451454293731727,14.514020971509959,14.578852075422136,14.64571644045857,14.714373677604462,14.784574886040849,14.856063424021642,14.92857573806633,15.001842249458965,15.075588296277141,15.149535128565352,15.223400953437846,15.29690202628742,15.36975378347923,15.441672011341097,15.512374045531692,15.581579994385748,15.649013979196944,15.714405384027323,15.777490107177107,15.838011806161333,15.895723127773541,15.950386914733675,16.001777380246363,16.04968124197863,16.093898806940608,16.134244999100304,16.170550321777547,16.20266174735179,16.230443527199938,16.253777915437382,16.272565800625134,16.28672724030531,16.2962018939949,16.300949351114003
13.973943097835589,13.978297952859242,13.986993446188512,14.000001162860098,14.01727852709105,14.038768859638179,14.064401456493858,14.094091690753181,14.127741139894768,14.165237741009268,14.206455976788163,14.25125709530516,14.299489366763327,14.350988380357565,14.405577384517693,14.463067673548279,14.523259023617085,14.58594018067125,14.65088940262909,14.717875057696554,14.786656280211659,14.856983684897529,14.928600139772064,15.001241597358725,15.074637983159924,15.14851413964092,15.222590823292423,15.296585751577279,15.370214695936298,15.443192616189105,15.515234831187428,15.586058219770662,15.655382445618315,15.72293119896982,15.788433447797315,15.85162469055404,15.91224820235916,15.970056266194817,16.024811380601488,16.076287435209867,16.12427084561711,16.168561639105118,16.20897448298473,16.245339647694234,16.277503897087534,16.3053312989237,16.32870394908042,16.34752260363795,16.361707213765882,16.371197358973443,16.375952575233015
14.04488321810808,14.049246342546766,14.057958340145332,14.070990727000394,14.088300824385698,14.109831816657053,14.1355128306576,14.165259038503965,14.198971785896166,14.236538748553812,14.27783411955734,14.322718830593416,14.371040810286972,14.42263528276255,14.477325109670497,14.534921178686892,14.59522284141445,14.6580184032854,14.723085667755488,14.790192536646213,14.859097668044106,14.929551192596676,15.00129548844589,15.074066014455674,15.147592200668894,15.221598394231647,15.29580485834735,15.369928821078794,15.443685570124318,15.5167895889545,15.58895572911378,15.659900412767131,15.729342859056993,15.79700632726562,15.862619369349348,15.925917083978351,15.986642363914656,16.044547128357298,16.099393531671637,16.150955139921262,16.19901806662961,16.24338205932464,16.28386152864801,16.32028651212059,16.352503565051983,16.38037657155675,16.403787469240356,16.42263688169139,16.436844653680343,16.44635028468884,16.451113257228744
14.115983195796343,14.120354583500461,14.129083073111692,14.142140111880655,14.15948291826862,14.181054540401677,14.206783936200377,14.2365860770448,14.270362077147919,14.307999351175809,14.34937180293969,14.394340048105338,14.44275167410496,14.494441540403326,14.549232122277065,14.60693390118473,14.667345804594326,14.730255697837364,14.795440930308917,14.862668937858873,14.931697902714369,15.002277471810611,15.074149533774445,15.147049054150607,15.220704967833592,15.294841126937921,15.369177301647577,15.443430230864102,15.517314718759835,15.590544772647078,15.66283477692831,15.733900697230254,15.80346130827495,15.871239438488134,15.936963223887172,16.000367363409197,16.061194367504395,16.119195791606828,16.174133445924472,16.22578057294935,16.273922984118773,16.3183601471946,16.358906216124836,16.395390995494818,16.42766083203101,16.455579426183213,16.47902855726011,16.49790871632411,16.512139641732453,16.521660752923403,16.526431478938743
14.187243079871907,14.191622724767944,14.200367694296073,14.2134493669447,14.230824858497162,14.252437081021744,14.278214823730641,14.308072857514384,14.341912065380662,14.379619601264478,14.42106908004073,14.466120801721466,14.514622012928328,14.566407208852082,14.62129847881257,14.679105898467371,14.739627971550563,14.802652123711104,14.867955250699952,14.935304322783258,15.004457046710074,15.075162586084595,15.14716234036125,15.220190782097363,15.2939763513506,15.36824240548778,15.442708221939307,15.517090050680572,15.591102212569655,15.6644582389469,15.736872047229587,15.808059146650036,15.877737867629676,15.945630607823983,16.01146508738558,16.074975605574046,16.13590429056272,16.194002334049486,16.24903120208768,16.300763813597378,16.348985677925665,16.393495983046947,16.434108626193627,16.470653178980864,16.502975779537955,16.530939944612964,16.55442729519023,16.573338189788227,16.587592260323405,16.597128846181587,16.60190732291935
14.258662920301019,14.263050816398867,14.27181225390427,14.284918542633655,14.302326695821394,14.32397948965272,14.349805544837272,14.379719432030727,14.413621803309551,14.451399552182398,14.492926004937738,14.538061146278572,14.58665188240349,14.638532344621979,14.693524236690175,14.751437228874792,14.812069401595256,14.875207741213426,14.940628690241654,15.008098753756682,15.077375163408917,15.148206599832243,15.220333973664035,15.293491264796415,15.36740641875259,15.44180229844298,15.516397688794154,15.590908351087572,15.665048123080805,15.738530060321581,15.811067613409554,15.882375835313095,15.952172612258762,16.020179911230212,16.086125036583713,16.149741887951297,16.210772211276392,16.26896683452765,16.324086879625977,16.375904941912435,16.424206228625263,16.468789647939506,16.509468840347,16.546073144468036,16.57844848980222,16.60645820937057,16.629983765804884,16.64892538505254,16.66320259257553,16.672754647682044,16.677540872432655
14.330242768053688,14.334638909441937,14.343416803139649,14.356547690383117,14.373988481986466,14.395681818420439,14.4215561520989,14.451525853687194,14.485491344612688,14.523339258261041,14.564942632659747,14.610161137568172,14.65884133912863,14.710817005157205,14.765909454247751,14.823927951673785,14.884670154943363,14.947922611542706,15.013461311133808,15.08105229399288,15.15045231705447,15.22140957833627,15.293664500000437,15.366950569596359,15.440995238416502,15.515520875191061,15.590245772599703,15.664885203460948,15.739152522631068,15.81276031005211,15.885421549654788,15.95685083827957,16.026765618069607,16.09488742542535,16.16094314897709,16.224666288784558,16.285798208581372,16.344089372642074,16.399300558751914,16.45120403867245,16.49958471752401,16.544241223662038,16.584986940807156,16.62165097456778,16.654079045777337,16.682134303700238,16.70569805259269,16.724670385804128,16.738970722318648,16.748538241350797,16.7533322114583
14.401982675086447,14.406387055926666,14.415181394188856,14.428336862611472,14.445810269715237,14.467544120425336,14.493466699064781,14.5234921765541,14.55752074393644,14.595438774784764,14.637119019189669,14.682420832326715,14.731190440638546,14.78326124883647,14.838454190745635,14.896578127041204,14.95743029272164,15.020796796795334,15.086453176466646,15.154165007597642,15.223688572765234,15.294771587735713,15.367153986534857,15.440568764689317,15.514742879555605,15.589398205951797,15.664252544566713,15.739020679981717,15.81341548435695,15.887149062197706,15.959933930928866,16.031484231384745,16.101516961743872,16.169753227901452,16.235919502827453,16.299748887061682,16.360982362164062,16.419370028726203,16.474672320411358,16.526661185391514,16.575121226660276,16.619850792724705,16.660663010522534,16.697386752607976,16.72986753112656,16.757968311560273,16.781570239753105,16.800573276434722,16.8148967340912,16.824479711826317,16.829281424683295
14.473882694341354,14.478295308872816,14.487106080223949,14.500286112716179,14.517792112709513,14.539566449743317,14.565537240257662,14.595618455657755,14.629710056884154,14.667698157991543,14.709455221462049,14.754840288222807,14.80369924539858,14.85586513496181,14.911158506355092,14.96938781606098,15.030349876954238,15.093830359958773,15.15960435021241,15.227436959533334,15.297083996517147,15.368292695030629,15.44080250128776,15.514345919104246,15.588649412204242,15.66343436175945,15.738418076715718,15.813314853637936,15.88783708218834,15.961696391615202,16.034604832982414,16.10627609125145,16.176426720731666,16.244777396903867,16.311054177145852,16.37498976252169,16.43632475244988,16.494808883857345,16.55020224628372,16.602276464313793,16.650815838789995,16.695618438362796,16.73649713315229,16.773280562633175,16.80581403023366,16.833960317617073,16.85760041219308,16.87663414204651,16.89098071313998,16.90057914445433,16.905388597496554
14.545942879734321,14.550363722276106,14.559190915391458,14.572395495073641,14.589934065640731,14.611748861417071,14.637767831156518,14.667904746989011,14.702059340013669,14.74011746506715,14.781951297345207,14.82741956386825,14.876367812799398,14.9286287237539,14.984022462170485,15.042357080723383,15.10342897056296,15.167023364910309,15.232914897220011,15.30086821564593,15.370638655162812,15.441972968067835,15.514610113111722,15.588282102708286,15.662714907225878,15.737629414469465,15.812742441875523,15.887767798217872,15.962417390855595,16.036402373945755,16.109434332343067,16.181226495260773,16.251494973244817,16.319960011440674,16.386347251701356,16.450388995655413,16.511825460606865,16.57040601984177,16.625890418777768,16.67804995840362,16.726668637399044,16.77154424453075,16.812489393071647,16.84933248939928,16.881918628183463,16.910110407243913,16.93378865552706,16.95285306844546,16.96722274541444,16.976836625273773,16.981653815992004
14.618163286154251,14.622592351098673,14.631435954802589,14.644665065019229,14.662236184144017,14.684091411445769,14.710158528198669,14.740351107483535,14.77456865083,14.812696754139568,14.854607305645198,14.900158718798936,14.949196203156124,15.001552076345572,15.057046120181582,15.115485983914962,15.176667637353846,15.240375876404894,15.306384883212301,15.374458842637354,15.444352616384588,15.515812475542525,15.588576891702226,15.662377386191013,15.736939436306658,15.811983436742842,15.887225713679992,15.962379588303554,16.037156485865317,16.111267085606777,16.18442250631074,16.256335521565227,16.326721798254795,16.395301151273735,16.46179880700093,16.525946667684266,16.587484568542447,16.64616151922452,16.70173692103581,16.75398175135689,16.802679706691606,16.84762829589423,16.888639875376832,16.925542618372283,16.95818141077585,16.986418666524422,17.010135056072762,17.02923014213547,17.043622917564317,17.053252241034187,17.058077166962995
14.690543969456208,14.69498125126819,14.703841254536817,14.717094878851986,14.734698524811716,14.756594156792385,14.782709388774562,14.812957595030744,14.847238047775647,14.88543608426979,14.927423306094516,14.973057813471238,15.022184477697914,15.074635254778606,15.130229543284987,15.18877458941656,15.250065942018423,15.313887960070176,15.380014374779865,15.448208908071678,15.518225948737406,15.589811286992548,15.662702907591463,15.736631841071507,15.81132307194883,15.886496502062135,15.961867966561583,16.037150299274487,16.112054443522712,16.186290603796277,16.259569432956262,16.331603249082523,16.402107275494412,16.470800896910514,16.53740892430558,16.601662860578237,16.66330215889451,16.722075465276877,16.77774183691734,16.830071927581955,16.87884913157984,16.923870677836685,16.964948665864508,17.00191103572778,17.03460246450913,17.062885182237796,17.086639700848448,17.10576545032471,17.120181316935305,17.129826079175714,17.13465873789821
14.763084986450744,14.767530479672168,14.776406871628113,14.789684993824713,14.807321145188682,14.82925715535527,14.85542047121772,14.885724268454812,14.920067590229237,14.958335515451841,15.00039935935384,15.04611690926189,15.095332698565098,15.147878322001363,15.203572795268126,15.262222961889421,15.323623950134815,15.387559682414201,15.453803439373944,15.522118480364938,15.59225872161315,15.663969472786995,15.736988232132187,15.811045539689289,15.885865887462796,15.961168684700683,16.036669275753713,16.112080007290654,16.187111340905023,16.261473006490633,16.334875191119778,16.407029757487642,16.477651485445072,16.54645932961574,16.613177685615952,16.677537657041363,16.739278315030283,16.798147941993868,16.85390525100597,16.90632057220981,16.955176997700413,17.000271476446088,17.04141585103671,17.078437828337943,17.111181876585643,17.139510041865393,17.16330267756597,17.18245908091394,17.196898031570786,17.206558227835203,17.211398616979793
14.835786394903156,14.840240094146647,14.849132864058737,14.862435468142591,14.880104103767067,14.902080465988515,14.928291834798536,14.958651187513931,14.993057338501055,15.031395108595513,15.07353552700049,15.119336068458184,15.168640928798261,15.221281341853896,15.277075940808869,15.335831166886843,15.397341728145655,15.461391110806042,15.527752145305945,15.596187628784774,15.66645100524587,15.73828710413998,15.811432937509638,15.885618555198493,15.960567956973437,16.036000059736622,16.111629717275857,16.18716878930865,16.262327255868353,16.33681437242361,16.41033986039956,16.48261512721246,16.553354509342583,16.62227653138547,16.68910517366501,16.753571140510633,16.815413121048934,16.874379034095643,16.930227248602986,16.982727771082295,17.031663391392016,17.076830778523735,17.11804151810855,17.15512308378454,17.187919734902923,17.216293333588492,17.240124074637464,17.25931112250235,17.27377315020636,17.28344877583874,17.28829689308199
14.908648253523054,14.913110153475841,14.922019290756381,14.93534636094618,14.953047459976139,14.97506414847712,15.001323539723902,15.031738412901051,15.06620735382224,15.104614925541751,15.146831871518607,15.19271535425114,15.242109232342585,15.294844379072787,15.350739045473304,15.409599270835075,15.471219343367512,15.535382313470098,15.601860561739493,15.670416423445332,15.740802870704703,15.8127642530837,15.886037096726891,15.960350961566117,16.035429355406105,16.110990703048927,16.186749367943115,16.262416723052887,16.33770226704531,16.412314781109707,16.485963521157352,16.55835943944487,16.62921642916661,16.698252584967314,16.765191471926844,16.82976339515149,16.891706661773014,16.95076882702077,17.006707915728093,17.059293610753446,17.108308399703812,17.153548671567734,17.194825754988,17.231966890338096,17.264816128060904,17.29323514627303,17.317103981161722,17.336321664369454,17.35080676226589,17.360497812703642,17.36535365577004
14.981670621965362,14.98614071738641,14.995066211592684,15.008417732321105,15.026151274179554,15.04820826353079,15.074515647121563,15.104986006221663,15.139517698345783,15.17799502903139,15.220288456303022,15.266254830733892,15.315737674033826,15.368567499277491,15.424562175704184,15.483527341028719,15.545256863983825,15.609533359499865,15.67612875868807,15.744804935295479,15.815314389895738,15.88740099247762,15.960800783600018,16.035242833569313,16.110450158486227,16.18614069130325,16.262028305346213,16.337823887035576,16.413236453835943,16.487974312819183,16.56174625450869,16.634262776117136,16.70523732763697,16.774387573838588,16.841436664604885,16.906114505849292,16.9681590227441,17.027317406926475,17.083347339107988,17.13601817848245,17.18511211039197,17.230425243782204,17.271768650281196,17.30896933697054,17.341871145346172,17.37033556948473,17.394242486929752,17.413490796491818,17.427998957858133,17.43770542863438,17.442568995287747
15.054853560813303,15.059331846534317,15.068273687365851,15.081649643276949,15.099415607675477,15.121512872797595,15.14786821905229,15.178394030008198,15.212988435131633,15.251535482716436,15.29390534565465,15.339954562894867,15.389526319597936,15.442450768973323,15.49854539881833,15.557615445635323,15.619454359032234,15.683844318830875,15.750556807004847,15.819353236127235,15.889985635548115,15.962197396003885,16.03572407276032,16.110294246784438,16.1856304427366,16.261450101953418,16.33746660786481,16.413390360535498,16.488929896406137,16.563793048581932,16.637688142327118,16.71032521990971,16.7814172882234,16.850681582214516,16.91784083663166,16.982624558226302,17.04477029022121,17.10402486068008,17.160145606180087,17.21290156224168,17.262074611906982,17.307460584064728,17.348870293295327,17.38613051334665,17.419084876737408,17.44759469347286,17.471539682420442,17.490818609526823,17.505349827779863,17.515071714515095,17.519943002571637
15.128197131585235,15.132683602504697,15.141641779800281,15.155042155756068,15.17284052267772,15.19497803883255,15.221381318480828,15.251962547700042,15.286619628150913,15.325236351155231,15.367682604759269,15.413814616613307,15.463475235644243,15.516494255541026,15.572688783006377,15.631863653682847,15.693811898409052,15.758315262249646,15.825144778390861,15.894061398558772,15.964816681216506,16.037153538153543,16.11080703964825,16.185505277595393,16.260970285470044,16.33691901324329,16.413064354653805,16.489116223603354,16.564782675687976,16.63977107017928,16.713789267224215,16.786546854248527,16.85775639512065,16.92713469504127,16.994404073665425,17.05929363861414,17.121540551182505,17.180891275861132,17.237102805089922,17.289943850695252,17.339195993404232,17.38465478201331,17.426130774022607,17.463450509816855,17.49645741290043,17.525012609169607,17.548995658788286,17.568305194814148,17.582859463505667,17.59259676191099,17.597475769228744
15.201701396718887,15.206196047807637,15.215170551549177,15.228595332610384,15.246426082316981,15.268603825115633,15.295055009289058,15.325691623641928,15.360411342273512,15.399097699797561,15.441620299705763,15.487835058651083,15.537584489659364,15.590698027230069,15.646992397319,15.706272035054324,15.768329552858345,15.832946261384107,15.899892745369458,15.968929496038644,16.039807601272923,16.112269494239072,16.186049760501863,16.26087600316941,16.33646976478979,16.41254750418926,16.48882162563407,16.565001557057776,16.640794873365095,16.71590846015689,16.790049712569804,16.86292776329544,16.93425473326409,17.003746997990522,17.071126462082233,17.136121834063708,17.198469893316627,17.25791674075591,17.31421902468282,17.36714513321626,17.416476344732203,17.462007927913334,17.503550183149578,17.54092941741996,17.573988845182978,17.602589408195282,17.626610507879615,17.645950644375755,17.66052795719095,17.670280663065224,17.675167387551745
15.275366419572098,15.279869245872971,15.288860066175424,15.302309237612178,15.32017235063898,15.342390296028688,15.368889356262217,15.399581323085041,15.434363643267831,15.473119594988372,15.515718497460307,15.562015956654063,15.61185415000299,15.665062153160507,15.721456311668026,15.780840660490714,15.843007393971924,15.907737388703241,15.974800781307888,16.043957602832737,16.114958470908952,16.18754534036758,16.261452312364387,16.336406501478393,16.41212895958302,16.488335654592536,16.56473850150658,16.64104644247628,16.716966571884612,16.79220530179547,16.866469562466037,16.93946803194896,17.010912388315457,17.08051857745644,17.14800808898251,17.21310923233936,17.275558405016234,17.335101344357444,17.39149435450875,17.4445054998622,17.493915756429733,17.53952011274402,17.581128612045458,17.6185673278819,17.651679265620682,17.680325182847156,17.704384322210778,17.723755050906483,17.738355401664226,17.748123510902253,17.753017950502464
15.349192264415121,15.35370326103289,15.362710388154328,15.376183935444411,15.394079392598005,15.416337516855666,15.442884425085174,15.473631712170029,15.508476597793718,15.547302103951642,15.58997726587357,15.63635737913473,15.686284285907755,15.739586703313183,15.796080596825325,15.855569601575393,15.917845494179922,15.982688717503299,16.049868960388505,16.119145794031102,16.19026936612161,16.26298115346153,16.33701477307095,16.412096851274733,16.487947949516144,16.564283545020658,16.64081506373353,16.717250962197006,16.793297854438983,16.86866167913114,16.943048901757926,17.016167745839414,17.087729446665456,17.157449520561926,17.22504904217716,17.290255921918902,17.352806175386313,17.4124451763546,17.46892888480829,17.52202504139459,17.571514319730746,17.617191428169015,17.65886615276573,17.696364333601363,17.729528766920662,17.758220026094996,17.782317194977193,17.80171850777837,17.816341890430593,17.826125399009346,17.831027551714214
15.423178996420084,15.42769815853573,15.436721582865673,15.450219491685951,15.46814727404215,15.490445553783887,15.517040282334241,15.547842857929593,15.582750273393891,15.62164529479894,15.66439667366755,15.710859395481988,15.760874967462486,15.814271748524632,15.87086532440356,15.930458930738487,15.99284392675128,16.057800321911774,16.125097357622053,16.19449414553531,16.265740363716425,16.33857701122982,16.412737221247838,16.487947132094764,16.56392681502961,16.640391256814322,16.717051394532287,16.793615199311745,16.869788804972973,16.945277676930967,17.019787816027772,17.093026991328465,17.164705995425436,17.234539915136985,17.302249410193017,17.367561991983656,17.430213294229546,17.48994832714099,17.546522706524915,17.599703849263697,17.64927212655258,17.695021966533737,17.73676289804669,17.774320527665523,17.807537442470473,17.83627403159483,17.8604092200459,17.87984110903248,17.894487517663546,17.904286421648123,17.909196285498144
15.497326681667804,15.501854004522754,15.510893716589733,15.524415972819273,15.542376061719631,15.564714473887882,15.591356995479279,15.622214828284285,15.657184738494076,15.696149236514785,15.73897679043794,15.785522075950736,15.835626265620393,15.889117360486459,15.945810566869604,16.00550872124671,16.068002765783085,16.133072276884295,16.200486048828417,16.27000273405581,16.34137154130052,16.414332992186637,16.488619736308376,16.56395742425778,16.640065637339486,16.71665887207483,16.793447576890145,16.870139237663857,16.946439508175324,17.022053380711583,17.096686391580256,17.1700458555009,17.24184212242913,17.311789849736382,17.379609282266262,17.44502753242083,17.50777985205387,17.567610887800853,17.62427591128751,17.677542015602086,17.727189269499213,17.773011820868152,17.814818941303933,17.8524360038312,17.88570538633438,17.914487293659914,17.93866049195083,17.958122949380982,17.972792378202488,17.98260667374835,17.987524246822492
15.571635387127806,15.576170866036845,15.585226856498481,15.598773446218669,15.616765823266014,15.639144345132513,15.665834632870297,15.69674769202772,15.731780062392067,15.7708139989549,15.813717686643821,15.86034549164636,15.910538252185907,15.964123611732438,16.020916397523678,16.080719047203225,16.143322086202296,16.208504658191853,16.276035110649797,16.34567163710664,16.41716297727924,16.490249175629515,16.564662398452825,16.640127808854494,16.716364498428298,16.793086473670446,16.870003694537747,16.94682316184477,17.02325004947145,17.098988876718344,17.173744715462316,17.24722442616414,17.31913791622497,17.389199413614673,17.45712874833884,17.522652633820655,17.585505940059193,17.645432950115488,17.7021885914127,17.75553963323107,17.805265841848474,17.851161084879305,17.893034376626684,17.930710856527085,17.96403269323623,17.99285990728344,18.017071105901408,18.036564124199618,18.051256567558816,18.06108625090508,18.066011531328243
15.646105180662552,15.650648811005503,15.659721070653344,15.673291980141423,15.69131662720284,15.713735236360918,15.740473263739556,15.771441518833042,15.80653631525824,15.845639652836914,15.888619433608406,15.935329714537131,15.985610999810966,16.03929057564533,16.096182890507425,16.156089983535242,16.218801963754327,16.284097542422398,16.351744620528596,16.421500933007117,16.49311475085031,16.566325641647506,16.64086528865498,16.716458367750384,16.792823481047876,16.869674145226558,16.946719831968355,17.023667057191272,17.100220515031854,17.176084251926564,17.25096287543482,17.324562791850486,17.396593466078937,17.46676869674669,17.534807899052364,17.60043738746893,17.663391650141758,17.723414606550474,17.78026083990551,17.833696795653637,17.88350193756645,17.92946985294909,17.971409298773175,18.009145180858948,18.04251945858019,18.071391968117187,18.095641157762525,18.115164729530658,18.12988018189781,18.13972524937197,18.144658235308142
15.720736131024076,15.725287908242823,15.734376428001973,15.747971643728075,15.766028542932917,15.788487217298622,15.815272958188915,15.846296379243485,15.881453568129713,15.920626269744941,15.963682103505391,16.01047481744044,16.060844581994136,16.114618326440013,16.171610120794348,16.231621606003316,16.294442475009138,16.35985100697266,16.427614656712024,16.49749070087256,16.56922694200436,16.64256247110765,16.717228488666994,16.792949183579488,16.869442668704334,16.946421971114663,17.02359607441089,17.100671009778054,17.17735099175415,17.25333959404214,17.328340959987372,17.40206104179984,17.474208861962506,17.54449778980732,17.612646825755327,17.678381885346546,17.741437074885425,17.801555950261008,17.85849275045138,17.912013597052216,17.961897651293956,18.00793822013239,18.049943803179577,18.087739072591265,18.12116577843173,18.150083572483194,18.174370744068096,18.193924862072965,18.208663318050775,18.218523766062983,18.2234644557237
15.795528307839223,15.800088227440943,15.809192998364841,15.822812507000549,15.840901640727779,15.863400358534536,15.890233787185984,15.921312344667786,15.956531892901275,15.995773922114825,16.038905769357463,16.085780874010005,16.136239073070694,16.19010693916608,16.24719816417691,16.307313991182248,16.370243697344463,16.43576513005299,16.503645298254334,16.57364102060472,16.64549963151074,16.71895974565498,16.793752081012805,16.869600339738817,16.94622214566577,17.02333003646712,17.100632507844587,17.177835106417206,17.254641567272987,17.33075499149471,17.4058790583255,17.479719265971152,17.551984194557637,17.622386784171482,17.690645620488187,17.75648622013282,17.81964230756543,17.879857075085834,17.93688441741942,17.990490132281604,18.040453078336718,18.086566282155207,18.128637985944398,18.16649262816077,18.199971749515665,18.228934817360475,18.25325996200702,18.272844619188472,18.28760607350425,18.29748189855205,18.302430290187072
15.87048178160779,15.875049839168787,15.88417085244096,15.89781464084267,15.915935991733765,15.93847473153263,15.965355822569574,15.996489487362675,16.0317713623228,16.07108268323028,16.114290505042632,16.16124795875537,16.21179454821249,16.265756489707087,16.32294709728415,16.38316721646095,16.446205708950423,16.51183999066575,16.57983662499571,16.649951972901096,16.721932900928362,16.79551754771639,16.87043614898281,16.946411920385383,17.023161996951597,17.10039842715927,17.177829218989817,17.255159434659216,17.33209232994391,17.408330533435937,17.483577260369668,17.557537555029125,17.62991955525117,17.700435771914766,17.768804375985873,17.834750485188625,17.89800744214115,17.958318075541392,18.01543593585272,18.069126496877036,18.119168314677303,18.165354135408467,18.207491943830792,18.245405944663027,18.278937469219244,18.30794580038452,18.332308909429152,18.351924098893225,18.36670854639742,18.37659974506312,18.38155583696752
15.945596623704498,15.950172814863269,15.959310061793591,15.972978117012325,15.991131667956637,16.013710408609832,16.0406391370301,16.071827880455228,16.10717204999488,16.14655262722935,16.189836385266425,16.236876147007756,16.28751108342063,16.34156705476084,16.398856997546062,16.459181360045175,16.522328588818585,16.58807566861947,16.65618871757345,16.72642363924238,16.79852683258765,16.872235960477127,16.947280776628272,17.02338401043309,17.10026230833426,17.1776272298071,17.255186295300007,17.332644082780448,17.40970336885205,17.486066309736398,17.561435656753304,17.63551600034955,17.708015036128128,17.778644845810703,17.84712318567715,17.913174774565686,17.976532573255263,18.036939046830884,18.094147401468724,18.1479227870363,18.19804345696431,18.24430187694603,18.286505774264985,18.324479119850814,18.358063035588057,18.38711661985102,18.41151768483399,18.431163399853297,18.44597083552656,18.45587740447241,18.46084119498221
16.02087290636523,16.025457226822326,16.034610698849644,16.048303008126325,16.06648874226554,16.089107462945474,16.116083804113924,16.147327597915424,16.182734030367225,16.222183829080695,16.26554348558261,16.31266551493509,16.36338875552188,16.41753871185254,16.47492794321978,16.535356500943116,16.598612416746803,16.664472244514346,16.732701657413266,16.803056101884668,16.87528150959841,16.949115067901452,17.024286048767014,17.10051669555174,17.1775231663256,17.255016531767595,17.332703824959662,17.41028913978287,17.487474773801573,17.563962410975265,17.63945433881571,17.713654694005914,17.786270729973833,17.85701409932207,17.925602143675434,17.99175918299605,18.05521779622392,18.115720084821945,18.17301891065575,18.22687909963092,18.27707860250878,18.32340960449126,18.365679575331917,18.403712252140476,18.437348547322678,18.46644737470719,18.49088638737429,18.510562621387017,18.52539304033412,18.53531497630739,18.54028646379846
16.096310702684043,16.100903148207415,16.110072836894563,16.123789387656927,16.142007288380604,16.164665968571104,16.191689898215145,16.22298871455281,16.258457378723033,16.29797636459999,16.34141188237075,16.388616139531823,16.439427642163068,16.493671539319504,16.551160013363408,16.611692718972133,16.67505727332348,16.741029799737607,16.809375526716885,16.87984944386737,16.95219701583241,17.02615495471062,17.101452050966568,17.17781006215537,17.254944658191132,17.33256642113614,17.41038189689157,17.488094695395795,17.565406635312083,17.642018928451385,17.717633398609266,17.791953728778317,17.864686730266442,17.935543626604847,18.004241344782898,18.07050380589727,18.13406320704806,18.19466128606139,18.252050560472988,18.3059955321956,18.35627384929114,18.402677416417433,18.445013445772876,18.483105440593164,18.516794103772472,18.54593816455001,18.57041511685431,18.59012186346225,18.604975260906617,18.614912560740475,18.61989174363225
16.171910086616396,16.176510653031716,16.185696550065654,16.199437329928973,16.2176873808743,16.24038600035584,16.267457494569907,16.29881130602504,16.334342171187153,16.373930310425582,16.417441652834807,16.46472809861099,16.515627821808003,16.56996561630957,16.627553287844563,16.688190094740715,16.751663239931126,16.81774841646901,16.886210408470717,16.956803748997732,17.029273435934094,17.103355706382303,17.178778869545393,17.25526419740758,17.33252687192595,17.410276986739074,17.488220600734927,17.566060840065358,17.64349904461738,17.720235954169723,17.79597292888106,17.870413198136607,17.943263131178835,18.014233522500188,18.083040884481147,18.14940873935929,18.213068902395275,18.27376274776121,18.331242448642694,18.385272182929096,18.4356292959391,18.482105411761367,18.524507484982276,18.5626587849311,18.596399804940052,18.625589089622764,18.650103973717805,18.669841226690423,18.684717597984452,18.694670258584047,18.699657135334565
16.247671132958178,16.25227981615491,16.2614819133502,16.275246910110223,16.293529095157528,16.31626763402288,16.343386669254418,16.37479544881842,16.410388484716304,16.450045744025566,16.493632875004284,16.541001470808304,16.591989373732865,16.64642102277811,16.704107847327716,16.7648487096546,16.82843039874081,16.894628177662202,16.9632063864372,17.033919101851666,17.106510855303792,17.180717409154155,17.256266591581205,17.33287918921224,17.410269896259702,17.488148318133934,17.566220026861146,17.644187664957332,17.721752093664584,17.798613580832185,17.874473023082324,17.94903319624994,18.02200002757003,18.093083882532895,18.162000858927513,18.22847408015023,18.29223497960614,18.353024567804397,18.410594673553405,18.464709150685156,18.515145041747292,18.561693690208926,18.6041617930099,18.642372385520577,18.676165751472595,18.70540025081715,18.729953059063494,18.749720812325045,18.76462015293954,18.774588171300262,18.779582740412618
16.323593917355257,16.328210713285923,16.337429002573543,16.35121820421357,16.36953250748523,16.39231094612306,16.41947749917922,16.450941220258184,16.486596397084426,16.526322743694198,16.56998562772863,16.61743633556514,16.668512378016896,16.723037839477975,16.780823773273468,16.841668645910666,16.90535883270842,16.971669167051562,17.040363545143965,17.11119558777415,17.183909360105563,17.258240150013776,17.333915304884407,17.410655126211118,17.488173820665523,17.566180505597544,17.644380266351973,17.722475261949587,17.800165875106085,17.877151901853633,17.95313377535713,18.02781381797534,18.100897514984435,18.172094802907957,18.24112136496584,18.307699925708608,18.371561536689878,18.43244684473526,18.490107334249515,18.5443065349802,18.59482118666086,18.64144235209995,18.6839764705455,18.72224634337095,18.756092044666058,18.785371749665206,18.809962474618917,18.829760722263817,18.844683027787497,18.854666400983184,18.859668660995105
16.39967851629207,16.404303420969143,16.413537894404946,16.42735128908614,16.445697694947675,16.468516014043566,16.495730062085357,16.52724869848343,16.562965986903517,16.602761388536372,16.646499990665948,16.694032773135394,16.745196915547865,16.79981614796583,16.85770114793952,16.918649986490866,16.98244862556696,17.048871469146356,17.117681969892917,17.188633292863088,17.261469037254017,17.33592401669313,17.411725098012365,17.488592097784636,17.56623873533136,17.644373640134198,17.72270141100981,17.80092372362599,17.878740482300397,17.9558510113393,18.031955280544146,18.10675515886095,18.179955689652868,18.25126638051229,18.32040250010377,18.38708637414058,18.451048672318645,18.512029677758058,18.56978053043513,18.62406443598181,18.674657831271002,18.721351498420727,18.76395161893232,18.80228076014311,18.836178786450045,18.865503688339068,18.890132322762614,18.90996105903473,18.9249063251823,18.93490505036498,18.939914999857134
16.47592500708703,16.48055801658132,16.48980866634676,16.503646242413364,16.52202473546192,16.544882915997093,16.57214443653084,16.60371796246587,16.639497333588032,16.67936175847518,16.723176044283232,16.77079086458048,16.822043068010785,16.876756030589615,16.934740054360443,16.995792815156634,17.059699861829923,17.126235169223047,17.19516174674125,17.2662323039786,17.33918997441459,17.41376909767374,17.489696060257614,17.566690194037573,17.6444647311786,17.722727813466737,17.801183553351247,17.879533143283613,17.957476009302596,18.03471100409656,18.110937634173514,18.185857315135465,18.25917464848383,18.33059871290257,18.39984436252207,18.46663352422554,18.530696485828894,18.59177316673677,18.649614362472185,18.70398295450596,18.754655076826136,18.801421230802585,18.844087340155326,18.882475738133298,18.916426079399713,18.945796169651828,18.97046270649834,18.99032192580624,19.005290148406846,19.015304222812954,19.020321860406103
16.552333467890534,16.55697457833714,16.56624139672502,16.580103142697652,16.59851370777302,16.621411731020018,16.648720701905173,16.680349091985487,16.716190517372986,16.756123934242627,16.80001386985428,16.847710691750603,16.899050917885653,16.953857570478732,17.011940576363713,17.07309721644926,17.13711262677265,17.20376035332231,17.272802962512465,17.34399270873188,17.417072259998186,17.491775482173672,17.567828281651096,17.644949505809777,17.722851899847793,17.801243118031202,17.879826786599637,17.95830361492007,18.036372550871533,18.113731975616588,18.19008093245878,18.265120383713235,18.338554489058087,18.410091898311688,18.479447051070753,18.546341475391298,18.610505077211695,18.671677412191958,18.729608931368688,18.784062192023256,18.834813025214658,18.88165165152292,18.924383736839317,18.9628313802775,18.99683402672646,19.02624929704601,19.050953729468812,19.07084342637871,19.085834601382636,19.095864022321713,19.100889346675096
16.628903977681734,16.633553185268262,16.642836164692145,16.65672206926979,16.675164691444746,16.698102538967795,16.725458938405634,16.75714216763726,16.7930456192987,16.8330479973708,16.877013549452467,16.924792337301156,16.97622054843717,17.031120851559947,17.089302798554787,17.150563275684426,17.214687006445256,17.28144710825152,17.35060570478226,17.421914595485916,17.495115983161178,17.569943260146413,17.646121852951474,17.723370124658004,17.80140033369442,17.879919646978944,17.958631204683694,18.037235233233762,18.115430202454192,18.192914022086374,18.269385272301015,18.344544462183325,18.418095309638556,18.48974603563322,18.559210665264263,18.626210327743486,18.69047454712068,18.751742515294225,18.809764338784888,18.864302250650837,18.91513177896989,18.96204286349598,19.004840912244852,19.043347790147067,19.077402732270617,19.106863174599756,19.131605495948044,19.151525665181918,19.166539788656745,19.17658455352075,19.18161756333258
16.7056366162498,16.710293917231382,16.71959305022586,16.733503102279283,16.751977766857333,16.77495542050875,16.802359227038536,16.834097270827034,16.870062721212893,16.91013403019746,16.954175165944935,17.002035884672594,17.053552043720067,17.108545958529454,17.166826806308926,17.228191078942285,17.292423087664048,17.359295521569244,17.428570061876513,17.49999805334235,17.573321233797593,17.648272522280866,17.724576865639666,17.801952142862525,17.880110125793994,17.958757494165088,18.037596902236544,18.116328093617927,18.194649060194248,18.27225724037781,18.3488507512775,18.424129648813633,18.49779720915333,18.56956122444157,18.63913530527489,18.70624018203516,18.770604996859376,18.831968577866423,18.890080687031073,18.944703233142228,18.995611441265137,19.04259497027811,19.085458970271958,19.124025071950477,19.158132300510246,19.187637907020008,19.212418110834747,19.2323687472706,19.2474058154017,19.25746592165818,19.262506615670734
16.78253146420994,16.78719685489483,16.79651213410706,16.81044632268626,16.82895301520241,16.851970457117254,16.879421649625538,16.911214483757405,16.947241905754826,16.987382115848163,17.031498802989724,17.07944141809429,17.13104548857018,17.18613297686802,17.24451268577529,17.30598071307415,17.37032095799715,17.437305681591056,17.50669612287117,17.57824317215152,17.65168810253615,17.72676335999689,17.80319341192569,17.880695653424254,17.95898136992841,18.037756754153236,18.116723974588364,18.195582292160136,18.274029220922632,18.35176172804125,18.428477467647557,18.503876042542668,18.57766028719853,18.649537564959914,18.719221071938847,18.786431139674356,18.85089652838482,18.912355702379823,18.97055807905327,19.02526524289551,19.076252115912173,19.123308076056798,19.166238015448847,19.204863330519657,19.239022836552216,19.26857359964425,19.29339167965904,19.313372778328652,19.328432787415718,19.338508232612533,19.34355660959812
16.859588602986996,16.864262079741657,16.873593497938586,16.887551812263357,16.90609051847863,16.929147731077947,16.956646288776607,16.988493889435645,17.02458325636979,17.064792338249926,17.108984545032303,17.15700902257609,17.20870096860369,17.26388199282497,17.32236052387086,17.383932265689097,17.448380705772674,17.515477677384087,17.58498397758343,17.65665004249894,17.73021668073947,17.80541586543512,17.881971584739222,17.95960075005223,18.038014160590027,18.11691752220655,18.196012517768516,18.274997925640687,18.353570782151834,18.431427583313173,18.508265520343002,18.58378374297934,18.65768464403655,18.729675158082927,18.799468066747586,18.866783302725473,18.93134924429835,18.992903991944424,19.05119661844431,19.105988383948983,19.157053907357664,19.204182285653186,19.24717815294072,19.285862671325276,19.320074446120763,19.34967035843044,19.374526308573508,19.39453786465985,19.409620811118497,19.41971159287822,19.424767651652477
16.9368081148095,16.941489674061472,16.950837224119514,16.964819653582055,16.983390359486606,17.006487325472317,17.034033227912328,17.065935571657693,17.102086857286544,17.142364782104153,17.18663247730209,17.234738783906835,17.286518570201615,17.3417930934136,17.400370408272853,17.462045825154465,17.52660242006967,17.593811598752634,17.66343371657162,17.735218755702935,17.808907060497308,17.884230131461422,17.96091147772003,18.03866752717054,18.117208592976464,18.196239894288972,18.275462628499945,18.354575091525888,18.433273842077632,18.51125490510281,18.58821500896554,18.663852850400193,18.737870380592355,18.809974105355305,18.87987639183985,18.94729677389524,19.011963247850723,19.073613550316512,19.13199640943811,19.186872760973845,19.23801692068153,19.285217704522292,19.328279488534495,19.367023200449914,19.40128723557576,19.43092828995989,19.45582210434663,19.475864113189807,19.49096999354997,19.501076109569524,19.506139848989292
17.014190082714023,17.018879720942465,17.02824339585546,17.04224993001566,17.060852621824306,17.083989324175995,17.111582551239618,17.143539615010397,17.17975279352039,17.22009953290464,17.264442685806376,17.312630788647635,17.36449838052483,17.419866366416386,17.478542427423942,17.540321480590265,17.60498619071725,17.67230753625763,17.742045431131853,17.813949403812163,17.887759334620423,17.963206251660086,18.040013185228283,18.117896079905307,18.196564762979804,18.275723967061392,18.355074404189512,18.434313887964226,18.51313849957822,18.59124379298989,18.668326033788738,18.744083465744215,18.818217598448875,18.890434508976863,18.960446150014835,19.027971656546978,19.092738642931664,19.154484481896336,19.212957556896512,19.267918479275426,19.319141261592016,19.366414438741867,19.40954212864491,19.448345024610788,19.482661311891484,19.512347501435375,19.53727917437196,19.557351631459785,19.572480442363105,19.582601890420094,19.587673309376473
17.091734590527402,17.096432304272064,17.105812097147535,17.11984272573447,17.138477389886674,17.161653811858116,17.189294343751687,17.221306104871864,17.257581150869225,17.29799667691946,17.34241525732262,17.390685124133267,17.442640487489115,17.498101900376913,17.556876670510057,17.61875932186868,17.683532108283302,17.75096558118463,17.820819213294413,17.89284207960524,17.96677359664519,18.042344320330592,18.119276802326187,18.197286504091775,18.276082767198254,18.355369837868118,18.434847942933203,18.5142144137881,18.593164854202794,18.671394347233832,18.748598695750342,18.824475690609972,18.89872639984365,18.971056471805383,19.041177444708357,19.108808054676913,19.17367553407385,19.235516891706972,19.29408016632196,19.34912564478737,19.400427036424652,19.44777259501447,19.49096618030855,19.529828251141133,19.564196782661938,19.593928100673832,19.618897626652117,19.639000527625686,19.65415226583173,19.664289043775746,19.669368141196816
17.169441722875835,17.174147508733668,17.183543412789,17.197598125701525,17.216264748853735,17.239480873972884,17.26716869123402,17.299235127394116,17.335572015911428,17.376056301191944,17.42055027940616,17.46890187846309,17.520944979778317,17.57649978459256,17.6353732274807,17.697359439603023,17.762240264078212,17.829785825561196,17.899755155808005,17.971896876581678,18.04594994082566,18.12164443248376,18.19870242478853,18.276838896256404,18.35576270291902,18.43517760475486,18.514783343516246,18.594276768505868,18.673353006174906,18.751706668752032,18.829033096451035,18.905029627257232,18.979396887672195,19.051840097340722,19.122070380012214,19.189806072928196,19.2547740264472,19.31671088542029,19.37536434384296,19.43049436407298,19.481874352142796,19.529292280667633,19.572551751182225,19.61147298799379,19.645893756097774,19.67567019611292,19.7006775698112,19.72081091046006,19.73598557283202,19.74613767859235,19.751224453444433
17.247311565177526,17.252025419797253,17.261437428359045,17.27551621566099,17.29421478469095,17.317470596761925,17.345205680242525,17.37732676951064,17.413725475996905,17.454278493531746,17.498847840369223,17.547281140492604,17.599411946828088,17.65506010911028,17.71403218902143,17.77612192515097,17.841110750151255,17.908768362144343,17.978853352160595,18.05111388895854,18.12528846212586,18.20110668383603,18.278290149088402,18.356553353632034,18.435604668122277,18.515147366442548,18.59488070539338,18.67450105230248,18.7537030563906,18.832180859132627,18.90962933814834,18.985745378597638,19.060229165474468,19.132785489732775,19.203125060649608,19.270965816585054,19.33603422585068,19.398066569330496,19.45681019621608,19.51202474431778,19.563483316331148,19.610973603649352,19.654298949537154,19.69327934373315,19.727752341025152,19.757573896796888,19.78261911307703,19.80278288933521,19.817980472860537,19.828147904433727,19.83324235572199
17.325344203628177,17.33006612371785,17.339494230225785,17.353597082140713,17.37232758414549,17.39562306723817,17.42340539811743,17.455581118924712,17.49204161924475,17.532663342517836,17.577308029292098,17.625822999839798,17.678041478832338,17.73378296473317,17.792853646568613,17.855046870609957,17.92014365928241,17.987913284415587,18.05811389655423,18.130493211674025,18.20478925622201,18.28073117081172,18.358040072397955,18.436429974139514,18.51560876147435,18.595279222337147,18.67514012870425,18.754887366031653,18.83421510640499,18.912817020619745,18.990387523759615,19.066623048195478,19.141223337444167,19.213892753772758,19.284341591992774,19.352287391557915,19.41745623872409,19.47958405036072,19.53841783082742,19.59371689333374,19.64525403718893,19.69281667252142,19.736207884266527,19.775247427542112,19.80977264687906,19.839639312380292,19.864722366291204,19.884916574246766,19.900137076011955,19.910319831472513,19.91542195823774
17.403539725209068,17.40826970752464,17.417713905530857,17.431840812449526,17.45060323474142,17.47393837319315,17.501767932962444,17.533998264110547,17.57052053453728,17.611210937493016,17.655930936010105,17.704527546876445,17.7568336667297,17.81266844299503,17.87183769229428,17.93413436880738,17.999339084979884,18.067220686585905,18.137536883908616,18.210034940375458,18.284452419499466,18.360517990536184,18.43795229258366,18.516468856391047,18.595775082327954,18.675573272523565,18.75556171425838,18.835435811220577,18.914889258443843,18.993615256123167,19.07130775685759,19.1476627402658,19.222379508414964,19.29516199489323,19.36572008004126,19.433770904396678,19.499040172129952,19.561263436061914,19.620187355680095,19.675570919547972,19.727186623539957,19.774821596460274,19.818278664873965,19.85737734920977,19.891954783703543,19.921866553125504,19.9469874399008,19.9672120757802,19.982455492989036,19.9926535704842,19.99776337180417
17.4818982176766,17.48663625903572,17.496096542193015,17.510247494667045,17.52904182477023,17.55241660318634,17.580293373655408,17.612578294303088,17.649162311524755,17.689921368550287,17.73471665111186,17.78339487271905,17.83578860220119,17.891716636185805,17.95098441910527,18.01338451330382,18.07869712147761,18.146690663577747,18.217122409861762,18.289739171415274,18.364278049041243,18.440467240828735,18.518026908210565,18.596670099682992,18.67610373071871,18.75602961776987,18.836145563538043,18.9161464900548,18.995725615390377,19.07457566920234,19.15239014165867,19.228864559667844,19.303697783862614,19.376593319163124,19.447260631437064,19.515416462282158,19.58078613375761,19.643104834607602,19.70211887939982,19.75758693201056,19.809281184816967,19.85698848525948,19.900511401465206,19.93966921913578,19.97429886215034,20.00425572990372,20.029414444950646,20.049669505132023,20.064935835093802,20.075149232844538,20.08026670783178
17.560419769556248,17.565165866828448,17.574642228901446,17.588817217644564,17.607643443296944,17.631057846543545,17.658981809831683,17.69132129950422,17.7279670406065,17.76879472654351,17.81366526593865,17.862425069236295,17.91490637767999,17.970927637318084,18.03029392064346,18.092797398385844,18.158217863729817,18.226323311036804,18.296870570755317,18.36960600186099,18.444266242634516,18.520579020208984,18.59826401852575,18.677033803998732,18.75659480735549,18.836648359503464,18.916891778691536,18.997019505387755,19.076724280784795,19.155698364072435,19.233634783036134,19.310228611906652,19.38517826990656,19.458186833290963,19.52896335344478,19.597224173015515,19.662694231923204,19.72510835479193,19.784212511231793,19.839765040376804,19.89153783106898,19.939317449314718,19.98290620476311,20.02212314832501,20.056804993473936,20.08680695418414,20.11200349309602,20.13228897409937,20.14757821423187,20.157806930530636,20.16293207833827
17.6391044701439,17.64385862025208,17.65335105511216,17.667550070996217,17.686408180148693,17.709862193353292,17.737833331891228,17.77022737046554,17.80693481294048,17.847831103072277,17.892776872572895,17.941618229031906,17.994187086326512,18.05030154014546,18.109766291276717,18.172373119063778,18.237901407414466,18.30611872531962,18.376781463648346,18.449635529469244,18.524417098765625,18.600853427883674,18.678663723461824,18.757560070001446,18.837248413622376,18.917429599833063,18.99780046253196,19.078054960731837,19.15788535882403,19.236983445596668,19.31504178649936,19.391755003127123,19.4668210732953,19.539942644612463,19.610828353966358,19.679194145032564,19.74476457556052,19.807274106024064,19.866468361032386,19.922105354922852,19.973956672950468,20.021808599637563,20.065463186088696,20.104739248383332,20.139473289529928,20.169520338033628,20.19475469658114,20.215070595072813,20.230382742902663,20.24062677611453,20.24575959592745
17.717952409503873,17.722714609421086,17.73222311104463,17.746446145098616,17.765336125907268,17.78882973445828,17.816848030985664,17.849296598694533,17.886065720429627,17.92703059048238,17.972051563843483,18.020974445454343,18.073630822033117,18.12983843914924,18.189401626095545,18.252111771065234,18.317747848911687,18.386077003485894,18.456855186295627,18.52982785270664,18.60473071660495,18.681290563747808,18.759226123639284,18.838248999029798,18.918064651580544,18.99837344152645,19.078871718534597,19.159252960251585,19.23920895435379,19.318431019285292,19.3966112582105,19.473443840108903,19.548626301418786,19.621860861093502,19.692855741519278,19.761326487379158,19.82699727422444,19.889602198334018,19.948886539271133,20.004607986531685,20.056537821724223,20.104462047833884,20.148182457372148,20.18751763151922,20.22230386277516,20.252395994126235,20.277668168255946,20.298014481043655,20.313349534203486,20.32360888276328,20.32874937380523
17.796963678448957,17.80173392520423,17.811258487675353,17.82550553108354,17.844427371916684,17.86796056145635,17.896025999016196,17.928529076442295,17.96535985572385,18.00639328185828,18.051489433312728,18.100493812574822,18.153237679431303,18.209538429532884,18.269200020912837,18.33201345083402,18.397757285321635,18.46619824331112,18.537091837153216,18.61018307073263,18.685207196021675,18.761890528380295,18.839951320353457,18.919100693097164,18.999043623955078,19.07947998801709,19.160105650831216,19.240613608768257,19.32069517286745,19.400041191291518,19.47834330496012,19.555295230269625,19.63059406229255,19.703941591329134,19.775045625252176,19.843621309731574,19.90939243808598,19.972092742362623,20.031467157029613,20.08727304669188,20.139281389258635,20.187277906120972,20.23106413113635,20.27045841053706,20.305296826261763,20.335434035721008,20.36074402155871,20.38112074558857,20.39647870181924,20.406753364235897,20.411901525763884
17.87613836855614,17.880916659230504,17.890457276734367,17.904728320838526,17.923682010267182,17.947254766694797,17.97536732863434,18.007924896711113,18.044817312216537,18.085919271029404,18.13109057527899,18.18017642520991,18.233007753870744,18.28940160722546,18.349161572255554,18.412078255528247,18.4779298144537,18.546482543263892,18.617491515375484,18.69070128339096,18.76584663756467,18.842653423041597,18.92083941557591,19.000115254885326,19.08018543413948,19.160749343402486,19.241502364210803,19.322137011755366,19.40234412050904,19.48181406841163,19.560238034180383,19.63730928165721,19.71272446455992,19.78618494453489,19.857398114930437,19.92607872237465,19.991950177926725,20.054745849355538,20.114210325991394,20.17010064749462,20.22218748802221,20.27025628731065,20.314108320507287,20.353561698840743,20.388452293630703,20.418634576672275,20.44398237052038,20.46438950287902,20.47977036002752,20.49006033487984,20.495216166186
17.95547657215075,17.960262903876625,17.969819570700405,17.984114606998716,18.003100133797698,18.026712443266387,18.05487211323063,18.0874841532362,18.12443818403128,18.165608652550915,18.21085508477047,18.260022378888756,18.31294114142424,18.36942806886527,18.42928637736721,18.492306283009686,18.55826553481085,18.62693000251683,18.698054320811746,18.771382591219453,18.846649142469825,18.923579349671368,19.001890511951668,19.08129278774669,19.161490186184455,19.242181612429427,19.3230619641115,19.40382327533013,19.484155904061303,19.5637497580784,19.642295553937824,19.719486102951986,19.795017617492164,19.86859103055275,19.939913320936466,20.008698836211977,20.074670605138923,20.137561631172336,20.197116158450594,20.253090901640647,20.305256231083096,20.353397304810546,20.397315139202128,20.436827610421254,20.471770379122702,20.50199773142816,20.52738332975728,20.54782086767715,20.56322462369436,20.573529909628057,20.578693410041264
18.034978382305198,18.039772752266266,18.049345462802155,18.063664482943217,18.082681836092647,18.106333685004152,18.13454044693698,18.167206940493916,18.20422256603194,18.245461521713278,18.29078305754568,18.34003176986762,18.3930379388871,18.44961791181622,18.50957453419993,18.57269763184884,18.638764545603316,18.707540720934144,18.778780353998968,18.852227095438977,18.927614812651342,19.00466841088125,19.08310471279454,19.162633395693486,19.242957984804022,19.323776900506513,19.40478455662371,19.485672506254698,19.566130630947217,19.64584836835949,19.724515972929527,19.80182580345575,19.877473630981406,19.951159959834992,20.022591354267067,20.091481762754718,20.15755383172439,20.220540200271724,20.280184767299357,20.336243922419783,20.388487732106828,20.43670107262703,20.48068470153185,20.52025625986847,20.555251197564075,20.585523615020158,20.61094701447889,20.631414955330353,20.646841608269177,20.6571622040017,20.66233337288546
18.114643892835506,18.119446298263487,18.12903504700756,18.143378042792282,18.16242721146913,18.186118586479267,18.214372424621217,18.247093353689817,18.28417055380886,18.325477974530962,18.370874590074628,18.420204695125875,18.473298243763004,18.529971234142646,18.59002614140924,18.65325240131513,18.71942694673304,18.788314799067688,18.859669716160866,18.933234897953806,19.008743750699523,19.085920709953527,19.164482122086476,19.244137183404117,19.324588935366574,19.40553531368778,19.486670248484387,19.567684811932924,19.64826840922352,19.728110007954957,19.806899400475906,19.88432849309724,19.960092615537643,20.033891843458353,20.10543232653419,20.174427614125577,20.24059997029028,20.303681669722344,20.36341626603044,20.4195598237231,20.47188210535312,20.5201677053537,20.56421712239799,20.60384776235253,20.638894864362417,20.669212343067986,20.694673540477694,20.71517188176107,20.73062142978153,20.74095733410195,20.746136170854275
18.19447319829312,18.199283636475954,18.208888418022223,18.22325538140095,18.242336354985998,18.266067242992378,18.29436814187629,18.32714348876067,18.364282243675508,18.405658107737334,18.45112977955849,18.50054125234817,18.553722154268826,18.61048813462022,18.670641298356045,18.733970691373806,18.80025283880128,18.869252338169858,18.940722509202093,19.014406101344314,19.090036059878525,19.1673363508416,19.246022844464665,19.325804256211963,19.40638314389486,19.487456958677036,19.56871914707045,19.649860300407145,19.730569347588403,19.810534786196765,19.889445946528664,19.966994282427535,20.04287468229061,20.116786793105533,20.188436349956607,20.257536503054222,20.323809134048474,20.386986153185017,20.446810768732398,20.503038720039186,20.555439465672503,20.60379731817857,20.647912517288326,20.687602233632408,20.722701495521093,20.753064031770126,20.778563024122107,20.799091763481567,20.814564204847823,20.82491541660926,20.83010192066043
18.27446639397185,18.279284862244403,18.288905671286674,18.30329659436068,18.322409362432563,18.34617975058004,18.374527695031187,18.407357442364635,18.444557732671722,18.486002018791766,18.53154872390397,18.581041539937072,18.634309769332535,18.69116871272677,18.751420105092976,18.814852602690177,18.88124232308935,18.950353440165287,19.021938835708106,19.09574080886559,19.171491844117174,19.248915438161678,19.32772698523754,19.40763472010416,19.48834071706142,19.56954194282763,19.6509313604014,19.732199080357187,19.813033555363276,19.893122813038964,19.972155721657124,20.049823282612863,20.125819942983206,20.19984492107512,20.271603537360185,20.340808542868583,20.407181436804766,20.47045376492156,20.530368390088185,20.58668072644211,20.639159928504327,20.687590026874396,20.73177100227833,20.771519790051194,20.806671207614805,20.83707879791179,20.862615582366764,20.883174717581525,20.89867005065356,20.90903656878199,20.91423073959977
18.354623575889267,18.35945007163853,18.36908690297102,18.383501777989913,18.40264633032151,18.426456205997223,18.45485118113108,18.487735311882133,18.52499711855041,18.56650980586049,18.612131521735186,18.661705657002383,18.71506118857619,18.772013068639673,18.83236266237656,18.89589823661481,18.962395501571034,19.031618207661776,19.103318798947406,19.177239124439517,19.253111208019885,19.330658077189927,19.40959465035835,19.48962868172109,19.570461762181232,19.651790374125415,19.733306997131375,19.81470126109106,19.895661142501954,19.975874199061685,20.05502883705433,20.13281560543535,20.208928509970864,20.28306634027055,20.35493400217376,20.424243847500808,20.49071699296756,20.55408461978536,20.61408924537556,20.670485958600615,20.72304360987568,20.771545947798412,20.815792694022146,20.855600548531623,20.890804117803984,20.921256758849395,20.94683133273664,20.967420861721212,20.982939084969228,20.993320908452937,20.998522745538857
18.434944840794635,18.439779361453652,18.449432209971242,18.463871029332324,18.48304735589139,18.506896706726504,18.535338697942404,18.568277195407777,18.60560049978004,18.64718156782294,18.69287827237854,18.742533703358422,18.79597651233331,18.853021303230513,18.91346907165146,18.977107695184667,19.04371247690316,19.113046743950537,19.184862502848446,19.258901152668273,19.334894256845825,19.412564373865816,19.49162594644378,19.571786248350186,19.652746387218073,19.734202361203053,19.8158461665536,19.89736695255115,19.97845221958158,20.058789055465418,20.13806540452288,20.215971363288904,20.292200496212505,20.36645116420159,20.438427858430025,20.5078425314807,20.574415917539813,20.6378788332236,20.69797345045788,20.75445453276519,20.807090626402093,20.85566519788887,20.899977709756044,20.93984462657658,20.97510034381853,21.005598032523107,21.03121039333723,21.051830314140794,21.067371426127835,21.077768554030445,21.082978056915202
18.515430286160846,18.520272829214665,18.52994168990483,18.54440444615138,18.56361253710178,18.587501350965773,18.615990343948155,18.648983191755725,18.68636797553993,18.72801740427164,18.77378907586891,18.823525779512735,18.877055841624056,18.93419351806236,18.994739435047357,19.05848108112497,19.125193352415423,19.19463915299354,19.266570052020732,19.340726998806183,19.416841096519313,19.494634434773634,19.573820980754064,19.654107527927664,19.735194700774187,19.816778013324488,19.898548978586767,19.980196265303185,20.06140689780264,20.14186749407187,20.221265536489085,20.299290669183215,20.375636015281945,20.44999950697503,20.522085220759436,20.591604709935577,20.658278326115784,20.72183652127539,20.782021121784243,20.83858656577455,20.891301095270556,20.93994789466492,20.98432616729631,21.024252142263503,21.059560003974187,21.090102737436595,21.115752882844234,21.136403193648043,21.151967193042903,21.16237962448775,21.167596792742128
18.59608001017759,18.600930573157683,18.610615441111914,18.625102126930443,18.64434197262594,18.668270237626608,18.69680621834068,18.729853400444757,18.767299645717756,18.809017415489834,18.854864032935893,18.904681986677375,18.958299278165413,19.015529815392256,19.076173855380823,19.140018497836042,19.206838232119058,19.276395539420644,19.34844155173361,19.42271676877695,19.498951833617692,19.57686836716195,19.656179861198744,19.73659262902747,19.817806812087575,19.899517440391644,19.981415543784433,20.063189310537727,20.144525288985236,20.225109627308104,20.30462934598137,20.382773636722746,20.45923518134716,20.533711483306355,20.605906204388866,20.67553049858184,20.74230433487708,20.805957800562727,20.86623237639281,20.92288217504481,20.975675134257642,21.024394156222485,21.068838185031183,21.108823214242033,21.144183217147752,21.174770992671696,21.200458920498363,21.221139619620317,21.236726505191715,21.24715423937076,21.25237907259373
18.676894111752112,18.68175269223923,18.691453562638632,18.705964170863226,18.725235761845273,18.749203466327597,18.777786421024288,18.810887921695574,18.848395610900127,18.890181702474106,18.936103245011243,18.986002426751654,19.03970692436534,19.09703029815629,19.15777243614725,19.221720049395397,19.288647220692347,19.35831600853396,19.4304771079186,19.504870569157784,19.581226575375506,19.659266278921933,19.738702696332147,19.819241660864023,19.900582831035837,19.982420752929045,20.064445973315312,20.146346200066304,20.227807505565238,20.308515568229225,20.38815694664243,20.466420380130348,20.542998109184584,20.617587208502858,20.689890925138474,20.759620013725588,20.82649406059911,20.890242788293943,20.95060733189855,21.007341478576574,21.06021286171088,21.109004101236412,21.15351388192086,21.193557961735625,21.22897010279155,21.25960291787809,21.285328626118606,21.306039712001226,21.321649482613324,21.332092518787928,21.337325016613697
18.75787269049766,18.762739286124177,18.772456154250765,18.786990677852426,18.806294004859936,18.830301137400145,18.858931052603335,18.892086856438468,18.929655972375553,18.971510366907424,19.017506814215327,19.067487202328227,19.121278883311618,19.178695069974484,19.239535281523587,19.303585840558764,19.37062042348927,19.44040066629741,19.51267682717314,19.58718850718262,19.66366542967312,19.741828278588674,19.82138959534872,19.902054733291216,19.983522868125622,20.06548806209733,20.147640378983372,20.229667046321936,20.311253660591547,20.39208543048774,20.471848452716962,20.550231014222167,20.626924914162455,20.701626798465764,20.774039499420734,20.84387337226784,20.91084762063221,20.974691602257533,21.03514610649855,21.091964594941295,21.144914396554093,21.193777848944542,21.238353377501454,21.278456504535466,21.313920780924036,21.34459863326203,21.3703621200753,21.39110359130174,21.406736245917628,21.417194583412066,21.422434745508117
18.83901584674849,18.84389045518676,18.853623316413906,18.86818174851493,18.887516802465935,18.911563351874225,18.940240214386197,18.97345030629758,19.011080832124147,19.053003511171685,19.09907484336075,19.14913641668205,19.203015258780773,19.26052423514318,19.321462496357032,19.38561597674641,19.45275794652254,19.52264961933884,19.595040816746437,19.669670690738144,19.746268505042284,19.824554475344325,19.90424066807851,19.985031956793847,20.06662703448629,20.148719479670554,20.230998873204,20.313151962345458,20.394863867726105,20.475819328345224,20.555703979053508,20.634205654418444,20.711015712247523,20.78583036969045,20.85835204423038,20.92829069168628,20.995365132921876,21.059304360824108,21.119848818965217,21.176751643288945,21.22977985828393,21.278715519163022,21.3233567918716,21.36351896300047,21.39903537212792,21.42975825960929,21.45555952331371,21.476331378587524,21.49198691627269,21.50246055447641,21.507708380541125
18.920323681528867,18.925206300505973,18.93495515030523,18.94953748415614,18.968904256161547,18.99299021147972,19.02171400837669,19.054978373592373,19.092670292823225,19.13466123833258,19.18080743594253,19.230950173773106,19.28491615522146,19.34251789863805,19.40355418616939,19.467810564045017,19.535059896468898,19.60506297493749,19.677569184540943,19.75231722835946,19.829035910657193,19.907444979004673,19.987256024989694,20.068173442484778,20.149895441886436,20.232115118053308,20.31452156901083,20.396801061797316,20.478638241239793,20.559717376670324,20.63972364110297,20.71834441672653,20.795270620000096,20.870198039259407,20.942828677158662,21.012872090046677,21.080046715980224,21.144081182939335,21.204715588644877,21.26170274333921,21.3148093669629,21.363817232271117,21.40852424569729,21.448745458048972,21.48431399755203,21.51508191825512,21.54092095733182,21.561723195491602,21.577401615404376,21.587890553771498,21.593146043539377
19.00179629657116,19.006686923859,19.016451757790286,19.031057986790795,19.050456468140997,19.07458181864136,19.103352537268883,19.13667116133094,19.17442445783512,19.21648365214218,19.262704696139853,19.312928578238456,19.366981677761384,19.424676166101666,19.485810457143156,19.550169709208667,19.617526380664064,19.687640841034167,19.760262039109872,19.83512822922573,19.91196775633141,19.990499900028198,20.07043577718259,20.151479302108513,20.23332820270334,20.315675090266563,20.398208580052646,20.48061445894505,20.562576896005233,20.643779690928344,20.72390755491229,20.80264741775848,20.879689754568187,20.954729924841587,21.02746951637214,21.097617685991974,21.16489248890199,21.229022188121462,21.289746535456562,21.34681801538337,21.40000304322498,21.449083109214595,21.4938558602099,21.53413611116431,21.569756778897162,21.600569731096936,21.626446544184798,21.647279164199468,21.66298046559574,21.673484703646157,21.678747856878395
19.08343379430518,19.088332427717102,19.09811324143877,19.112743359124135,19.132173541296822,19.156338276472606,19.185155904452916,19.218528773211496,19.256343431205206,19.29847085703958,19.3447667288091,19.395071735389394,19.44921193219691,19.506999143845732,19.568231416129727,19.632693519647912,19.700157507104574,19.77038332621772,19.843119489653873,19.918103803159077,19.99506415252031,20.073719349503563,20.15378003638309,20.2349496480308,20.316925429940728,20.39939950994024,20.482060020586307,20.56459226866127,20.64667994750014,20.728006387193524,20.808255837120086,20.887114774708234,20.964273233687038,21.039426144691546,21.11227468061752,21.182527598743885,21.2499025713607,21.314127496464284,21.374941779888157,21.432097580274345,21.48536100826492,21.534513271501243,21.579351757195244,21.619691044392958,21.655363838429853,21.68622182058919,21.712136406489325,21.73299940745081,21.748723589682424,21.759243127000946,21.7645139434956
19.165236277848866,19.170142915249485,19.179939704508637,19.19459370455188,19.214055579203855,19.238259688782886,19.267124213996134,19.300551313616026,19.338427317662767,19.3806229581335,19.426993639483612,19.477379751213793,19.5316070249985,19.589486938843166,19.650817170642558,19.715382103427437,19.782953384427806,19.853290539723407,19.926141646016532,20.00124406062059,20.0783252103056,20.157103439147342,20.237288914945392,20.318584593236114,20.400687237219827,20.483288491325855,20.566076005479964,20.64873460642357,20.730947511802974,20.812397582121246,20.89276860496101,20.971746605368377,21.049021175678106,21.124286817643007,21.197244289225992,21.267601948099184,21.33507708359375,21.39939722862535,21.460301442991547,21.517541559434893,21.570883383844713,21.620107841200625,21.665012059006255,21.705410380327645,21.741135298968125,21.772038309738566,21.79799066741046,21.818884048539775,21.83463111105513,21.845165947287768,21.850444426872677
19.24720385101524,19.25211849031435,19.261931250947946,19.276609127160125,19.296102686131135,19.320346160056836,19.349257570656864,19.382738887604724,19.4206762226143,19.46294006121174,19.509385534367368,19.559852732358497,19.614167063293216,19.672139658736377,19.73356782884339,19.7982355692715,19.865914121929972,19.93636259143194,20.009328618680044,20.084549112706867,20.16175104141354,20.24065228130691,20.320962525843306,20.402384251334645,20.484613738773163,20.567342149275923,20.6502566502086,20.733041588310044,20.815379705586615,20.89695339297062,20.97744597625967,21.05654302810655,21.133933699444615,21.209312063110687,21.28237846209598,21.3528408544251,21.42041614641385,21.48483150583541,21.54582564638759,21.603150074845463,21.656570292279174,21.70586694093774,21.75083688854373,21.791294242124746,21.827071283884315,21.858019322108177,21.88400945066759,21.904933211309995,21.920703153651953,21.93125328850776,21.936539431043787
19.329336618294526,19.334259257449084,19.344087985389418,19.35878973171191,19.378314967021566,19.402597795465375,19.431556079868784,19.46509160091388,19.503090252137422,19.545422272732466,19.59194252032951,19.642490786143952,19.696892154873794,19.754957411814956,19.816483499560128,19.881254026546948,19.94903982954887,20.01959959186747,20.09268051876633,20.168019071149637,20.245341758185177,20.324365988951115,20.404800982672366,20.486348736546503,20.568705049444564,20.65156059925649,20.734602070843852,20.817513331003255,20.89997664611787,20.981673937587715,21.062288069421562,21.141504161878714,21.219010924467824,21.294502001083252,21.36767731970569,21.43824443866132,21.505919881198707,21.570430449885126,21.63151451225856,21.68892324904963,21.742421856446278,21.791790693893162,21.836826369268145,21.87734275348912,21.91317191709913,21.944164981805663,21.97019288052301,21.991147020152223,22.00693984195711,22.01750527521168,22.022799080587607
19.411634684870425,19.41656532187835,19.426410013144718,19.441135623657793,19.46069252750195,19.485014700855743,19.514019847736197,19.547609559953006,19.585669512985096,19.62806969982362,19.67466470490981,19.72529402055006,19.779782408193284,19.8379403070313,19.899564292259402,19.964437585272744,20.032330617861525,20.103001652192738,20.17619745803218,20.251654048307312,20.329097473597045,20.408244675672755,20.488804399648345,20.57047816370273,20.652961284686793,20.735943957333113,20.819112384060833,20.902149951768635,20.984738451260316,21.066559334408318,21.147295003440014,21.226630126220996,21.304252970806765,21.379856752124798,21.453140983098567,21.523812822313893,21.591588409888427,21.65619418312966,21.71736816333905,21.774861205146298,21.82843819977496,21.87787922380229,21.922980625185726,21.963556038674124,21.99943732308463,22.03047541348591,22.05654108179085,22.07752560000311,22.093341301001825,22.10392203248846,22.109223500629447
19.494098156594895,19.4990367895014,19.508897440204453,19.52364690912206,19.543235473873207,19.567596982746444,19.596648981042602,19.630292871801387,19.66841411257334,19.7108824502742,19.75755219630376,19.808262544206507,19.862837932351418,19.921088453982243,19.982810317063333,20.04778635610908,20.115786598093244,20.18656888420005,20.259879548860596,20.3354541571681,20.413018301241827,20.492288455677304,20.57297289159198,20.654772648247405,20.737382560559823,20.82049234017358,20.903787707131933,20.986951568476094,21.069665239462143,21.15160970244959,21.232466897893595,21.311921041244435,21.38965995909591,21.46537643736652,21.538769573891127,21.609546127451882,21.677421854988104,21.7421228284795,21.803386722928053,21.860964066785595,21.914619446246626,21.964132654946532,22.00929978085802,22.0499342224821,22.08586762685752,22.11695074235081,22.1430541798222,22.164069076339473,22.17990765635316,22.19050368597517,22.195812816834298
19.576727140001083,19.581673766896184,19.591550373232963,19.606323694899384,19.625943913109477,19.650344748325605,19.67944358723505,19.713141644207685,19.751324158980367,19.793860632535786,19.840605103364844,19.891396466411983,19.94605883710701,20.0044019629185,20.06622168473326,20.131300450353375,20.199407882098388,20.27030140031919,20.34372690426721,20.419419511339335,20.497104355335175,20.576497443792075,20.657306573944496,20.739232306230694,20.8219689937199,20.90520586504383,20.988628157922097,21.071918299581395,21.15475712975665,21.236825161313057,21.317803872930586,21.397377027636878,21.475232010540065,21.551061178513436,21.624563214258682,21.69544447671047,21.763420339562888,21.82821650940665,21.88957031487515,21.947231958175692,22.00096572039887,22.050551112163976,22.09578396138551,22.136477430261284,22.172462953975792,22.20359109414479,22.229732300518872,22.25077757518551,22.266639034131877,22.277250361842718,22.28256715540534
19.659521742289783,19.664476361308925,19.67436891956646,19.68916608845754,19.70881795284785,19.733258105451,19.76240377442464,19.796155985577542,19.83439976094769,19.877004355717403,19.923823535605987,19.97469589710243,20.029445232863686,20.087880944728383,20.149798506673857,20.214979979945884,20.283194582363965,20.35419931360788,20.427739637889392,20.503550225052546,20.581355750705388,20.660871755452707,20.741805562744137,20.82385725430598,20.90672070142861,20.99008464980495,21.07363385488671,21.15705026412777,21.240014241761873,21.322205831180522,21.40330604928128,21.48299820666159,21.560969246910524,21.63691109783296,21.71052202694378,21.78150799328016,21.84958398723038,21.914475349932616,21.97591906358352,22.03366500407065,22.087477147307226,22.137134720826563,22.182433292417056,22.223185787898096,22.259223430541848,22.290396595148113,22.316575570312807,22.33765122309368,22.35353556098005,22.364162186804297,22.36948664308332
19.74248207133279,19.747444680651885,19.757353187204707,19.772174197928734,19.791857701393916,19.816337162644448,19.845529651387395,19.879336004975066,19.917641027872058,19.96031372957849,20.007207603185925,20.058160946873606,20.112997230667528,20.1715255109423,20.233540894923422,20.298825057454913,20.36714681200925,20.438262737748406,20.511917863985982,20.5878464131559,20.665772602800153,20.745411506703906,20.826469974645416,20.90864760972444,20.99163780154209,21.075128812913206,21.15880491707298,21.24234758173896,21.325436695679475,21.407751832808582,21.488973548248907,21.5687847001456,21.646871790552407,21.72292631815564,21.796646135248018,21.867736800908517,21.935912922168093,22.000899474638302,22.062433094005936,22.120263329771785,22.17415385259809,22.22388360685882,22.269247900143547,22.310059421823105,22.346149183194278,22.377367372184565,22.403584116179463,22.42469014716258,22.440597364086013,22.45123928810422,22.456571407148175
19.82560823566285,19.830578833504596,19.840503284811025,19.85534813210586,19.875063267715095,19.89958202907841,19.928821327549976,19.962681812126053,20.0010480698041,20.043788864530747,20.090757416913412,20.141791726955795,20.196714942211404,20.25533577373583,20.31744896216086,20.382835796078933,20.45126468477873,20.5224917870438,20.596261697438287,20.672308191110115,20.75035502766963,20.830116814195957,20.91129992689813,20.9936034903381,21.0767204125089,21.16033847340947,21.244141464108253,21.32781037262867,21.411024612283924,21.49346328752927,21.57480649170469,21.654736630489122,21.732939764366257,21.80910696287467,21.882935663031034,21.95413102390462,22.022407269101922,22.087489008642816,22.14911253163995,22.207027061126915,22.26099596244149,22.310797896724708,22.356227911291835,22.397098459002844,22.433240339108263,22.464503552610047,22.490758065621577,22.511894475015207,22.527824571166608,22.538481793522756,22.54382157540587
19.90890034447662,19.913878929103202,19.923819321712404,19.938688000443392,19.958434761435658,19.9829928145935,20.01227891300186,20.046193517404593,20.084620997441483,20.12742987163762,20.174473088241278,20.22558834922358,20.280598479817495,20.339311845910505,20.401522821688282,20.467012309648684,20.53554831504432,20.606886576420685,20.680771253737177,20.756935674990295,20.835103141977267,20.914987795182135,20.99629553734972,21.078725014593786,21.161968653370906,21.245713750924686,21.329643616210685,21.413438757583656,21.496778112927736,21.57934031724818,21.660805002089923,21.740854120650805,21.819173291817144,21.895453155937815,21.96939073470481,22.040690787120464,22.109067153305247,22.174244077622564,22.235957502529747,22.293956324524913,22.348003603544797,22.3978777174229,22.44337345312944,22.484303026937685,22.520497025996548,22.551805264311692,22.578097546681814,22.599264334813142,22.615217310471905,22.62588983136769,22.631237276195964
19.99235850762639,19.99734507734441,20.007301407887855,20.022193913049545,20.041972292829517,20.066569629672905,20.09590251847994,20.129871231830442,20.168359922131778,20.211236862601677,20.258354729259835,20.309550926194756,20.36464795645092,20.42345384090311,20.485762587438085,20.551354712616522,20.619997817788363,20.691447221419818,20.76544664899029,20.841728981478138,20.920017062987753,21.000024567519564,21.081456924449004,21.164012301530263,21.247382643753095,21.33125476567205,21.41531149416891,21.499232857965616,21.58269731953761,21.6653830444348,21.74696920241055,21.827137294156906,21.905572496930404,21.981965021852012,22.056011475236772,22.127416215967585,22.195892700607764,22.261164807792767,22.322968133262158,22.381051246893822,22.435176903156417,22.485123196492257,22.530684653454383,22.571673253665075,22.607919372098777,22.639272635708004,22.665602687924636,22.686799855241375,22.702775710778123,22.713463530476314,22.718818638387646
20.075982835615445,20.08097738877583,20.090949653972736,20.10586598068318,20.125675972828315,20.150312585457286,20.179692255363683,20.213715067073775,20.252264955861286,20.295209949761464,20.342402452699123,20.39367957101355,20.44886348570485,20.50776187277712,20.57016837397433,20.635863120053777,20.704613308620512,20.776173838192403,20.850287999910844,20.926688227860677,21.005096908566035,21.085227249658544,21.166784207235604,21.24946547077438,21.332962503871023,21.416961638448385,21.50114521935753,21.585192795715894,21.668782354605238,21.751591592129564,21.833299216236508,21.913586275088985,21.99213750428596,22.068642685672945,22.142798010144954,22.21430743639409,22.28288403737067,22.348251325911676,22.410144550960236,22.468311955702866,22.522515989054263,22.57253446199839,22.61816164059964,22.659209267748125,22.695507506185834,22.726905795750213,22.75327361844861,22.774501165516874,22.790499901388753,22.80120302021045,22.80656579137017
20.159773439601086,20.164775974598193,20.174764171247343,20.1897043147543,20.209545913006142,20.234221793721684,20.26364823568234,20.297725135445333,20.336336211260495,20.379349246103956,20.42661637192976,20.47797439745994,20.533245181797923,20.59223605622369,20.654740296471374,20.720537647651287,20.789394903760115,20.861066543506023,20.93529542382211,21.011813532026682,21.090342797179794,21.170595960643798,21.25227750533774,21.335084642539083,21.418708354523126,21.502834490628167,21.58714491371975,21.671318693341334,21.755033341194398,21.837966083935186,21.91979516769517,22.000201188088035,22.078868439017686,22.15548627301545,22.229750465491406,22.30136457489994,22.37004129050935,22.435503759279957,22.49748688328683,22.555738578952006,22.610020989556542,22.66011164255071,22.70580454342696,22.746911198285016,22.78326155755835,22.81470487390962,22.841110467869516,22.862368395373338,22.87839001212921,22.88910843045708,22.89447886506006
20.24373043138802,20.248740946651836,20.258745071641258,20.273709027315864,20.293582225582647,20.318297366898864,20.347770572101894,20.38190154988902,20.420573801594653,20.4636548652402,20.510996600943237,20.562435519943822,20.617793159580412,20.67687650654925,20.739478470729527,20.80537841171503,20.874342720034953,20.946125454731124,21.02046903865123,21.09710501246705,21.17575484788839,21.256130820113963,21.337936938972334,21.42086993762244,21.50462031708177,21.58887344416007,21.67331069977532,21.757610673921345,21.841450402929894,21.92450664401453,22.006457181471962,22.08698215834664,22.165765426810804,22.242495910029337,22.3168689678868,22.38858775852787,22.45736458746708,22.52292223573249,22.58499525844062,22.64333124517506,22.697692033508115,22.747854867274466,22.793613491325967,22.834779174893768,22.871181656035915,22.902670000185292,22.929113366336107,22.950401675076073,22.96644617334896,22.977179891621276,22.98255798989341
20.327853923419433,20.33287241742811,20.342892467728614,20.357880231063763,20.377785023415463,20.40253941804605,20.432059377934017,20.466244423995402,20.50497784075967,20.548126921415264,20.595543254364053,20.647063053492975,20.702507534516503,20.76168333968542,20.82438301315716,20.89038552915942,20.959456874888826,21.03135068984287,21.10580896291837,21.182562788262864,21.261333180346597,21.34183194829676,21.42376262894179,21.506821477403022,21.5906985134996,21.67507862156483,21.759642700609117,21.84406886109588,21.928033664001283,22.0112133970889,22.093285382811096,22.17392931161295,22.252828593895675,22.329671723420354,22.40415364448137,22.47597711485521,22.544854056236876,22.61050688363652,22.67266980515178,22.73109008343968,22.785529250285208,22.83576426582875,22.881588614209214,22.92281332771482,22.95926793196327,22.990801305091896,23.0172824445084,23.038601135400775,23.054668515915914,23.065417534630903,23.070803296826274
20.41214402878346,20.417170500056223,20.427206472713962,20.442218039333508,20.462154420004925,20.486948060864652,20.51651476710962,20.550753871975168,20.589548443280876,20.63276552950102,20.680256447441295,20.73185711376484,20.787388422697443,20.846656672176366,20.90945404078339,20.97555911750969,21.044737486358585,21.116742367415185,21.19131531575018,21.26818697909807,21.347077914792695,21.4276994660013,21.50975469663002,21.592939383836946,21.67694306630368,21.76145014593837,21.84614103987524,21.930693379070256,22.01478324915456,22.098086468435394,22.180279897505407,22.261042774179884,22.340058067055875,22.41701384043394,22.491604622967373,22.56353277199922,22.63250982533691,22.69825783189784,22.76051065268085,22.81901522333719,22.873532769785726,22.92383996839869,22.969730042516645,23.011013787415255,23.047520516207463,23.079098919670496,23.105617833568832,23.126966907647297,23.14305717121074,23.153821490925704,23.159214917329045
20.496600861204342,20.501635308296915,20.51168720044717,20.526722566088278,20.546690529478923,20.571523409683888,20.601136854201325,20.635430008674245,20.674285724315382,20.717570804994548,20.76513629604241,20.81681781702964,20.872435940820065,20.93179662117756,20.994691671240435,21.06089929489714,21.13018467309238,21.202300606625226,21.276988216861138,21.35397770523675,21.43298917206235,21.51373349462304,21.59591326400158,21.679223779453515,21.763354098592423,21.847988140941364,21.9328058417898,22.017484352612062,22.101699283694764,22.185125983883967,22.2674408518971,22.34832267288886,22.427453973609314,22.504522388854443,22.57922203157304,22.651254858615474,22.72033202382131,22.78617520994916,22.848517930813408,22.907106794984077,22.96170272243422,23.012082105683888,23.058037907200458,23.099380685177767,23.1359395401499,23.167562975473665,23.19411966521445,23.215499123627257,23.231612271136274,23.242391892463758,23.247792983383015
20.581224535037745,20.586266956548297,20.596334765404784,20.61139392593036,20.63139346659862,20.656265579465,20.685925754408068,20.720272949561668,20.759189799639042,20.80254286401279,20.850182916656838,20.901945280176115,20.95765020619971,21.01710330445527,21.080096022764724,21.146406180054825,21.21579855433067,21.28802552724072,21.362827786560263,21.43993508753842,21.519067073561445,21.59993415613509,21.682238453588013,21.765674787356968,21.84993173403047,21.934692730798005,22.019637231130076,22.104441907042474,22.18878189347728,22.27233206981889,22.354768372877597,22.4357691351263,22.51501644142253,22.592197497006545,22.667005999063296,22.73914350388458,22.80832078127383,22.87425914774945,22.93669176986329,22.995364929024344,23.050039239177554,23.100490808908372,23.146512339740358,23.187914152704863,23.22452513568846,23.256193604569823,23.282788071655425,23.30419791566315,23.320333948098305,23.331128871710295,23.336537627488788
20.666015165266376,20.671065559837146,20.681149282698357,20.69623223408972,20.716263346750253,20.741174685794437,20.770881583547904,20.805282810728926,20.844260785645954,20.887681823287455,20.9353964263853,20.987239620702294,21.043031336760396,21.102576840378738,21.165667214199164,21.2320798923122,21.301579249916404,21.373917249625922,21.4488341457428,21.526059247443456,21.605311741286556,21.686301573089363,21.768730388509812,21.852292531217916,21.93667609684958,22.021564040291523,22.106635333234614,22.19156616823997,22.276031204912947,22.359704853165116,22.44226258788175,22.523382288816215,22.602745598894668,22.68003929374639,22.754956654738024,22.827198837524097,22.89647622780711,22.962509775781598,23.025032300667263,23.083789756620696,23.138542451477687,23.189066209813372,23.235153472126083,23.276614322207084,23.31327743523587,23.344990939537524,23.37162318561479,23.393063416592206,23.40922233502094,23.42003256164653,23.42544898265253
20.75097286750933,20.756031233820156,20.766130868056457,20.781237606417804,20.801300285948734,20.826250844879993,20.85600445806347,20.89045970888564,20.929498799352572,20.972987800166774,21.020776942945908,21.072700956715043,21.12857945103038,21.18821734792554,21.25140536498591,21.317920551599464,21.387526880279744,21.459975894727222,21.535007415891716,21.612350306973262,21.691723297810434,21.772835868610436,21.855389192441436,21.939077135278538,22.023587311845898,22.108602194772622,22.193800273993812,22.278857262631394,22.36344734495936,22.447244461397442,22.5299236248868,22.611162262425513,22.690641574965156,22.768047908468453,22.84307412841843,22.915420989772393,22.984798494051244,23.05092722505589,23.1135396545788,23.17238140945057,23.227212491315782,23.277808440654237,23.323961436858976,23.365481326413295,23.402196571710917,23.433955113469196,23.46062514031927,23.482095759756948,23.498277565329126,23.509103095753634,23.51452718238358
20.836097757996495,20.841164094766075,20.85127963783744,20.866410159388273,20.886504400824744,20.911494173548462,20.941294495011057,20.975803761358193,21.014903958382053,21.05846091261238,21.106324584653418,21.158329406931273,21.21429466814275,21.274024946665428,21.337310595161036,21.40392827843429,21.47364156644117,21.546201584085544,21.621347719070364,21.698808388733234,21.778301866277655,21.859537166398344,21.942214989634746,22.02602872433832,22.110665504372488,22.19580732014288,22.281132179852392,22.3663153171983,22.451030441119126,22.53495102253185,22.617751612409428,22.699109184954576,22.778704499102073,22.85622347109236,22.93135855046216,23.003810091400698,23.073287711171673,23.139511627099825,23.20221396347344,23.261140019714322,23.316049491185993,23.366717634197325,23.4129363669534,23.45451529855755,23.49128267854425,23.523086259959456,23.549794069509943,23.571295079006198,23.58749977295956,23.59834060802068,23.603772360704163
20.92138995358892,20.926464259574427,20.936595709013446,20.951750010095783,20.971875808623736,20.996904789241157,21.026751812065086,21.06131508608439,21.100476380970957,21.144101279190007,21.192039470444815,21.24412509066616,21.300177107826634,21.359999756770392,21.42338302535628,21.49010319393,21.559923430009142,21.632594439815502,21.707855177920756,21.785433615896004,21.86504757040848,21.946405590714004,22.02920790490649,22.11314742376735,22.19791080034271,22.28317954285855,22.36863117780592,22.453940459467745,22.538780621439376,22.622824665124863,22.705746679502155,22.787223185941727,22.86693450130734,22.94456611206786,23.019810051749428,23.09236627369646,23.16194401084223,23.228263113956626,23.2910553597412,23.35006572011861,23.40505358409609,23.455793923721487,23.502078395937183,23.543716372382537,23.580535889671197,23.612384513109834,23.63913010742475,23.66066150869209,23.67688909234493,23.68774523294279,23.69318465213012
21.006849571755485,21.011931845758763,21.022079199177462,21.037257276245523,21.057414627213006,21.082482810016284,21.112376527510893,21.1469938016101,21.1862161859669,21.229909019071595,21.2779217198402,21.330088127836508,21.38622689041327,21.446141899003365,21.509622776793208,21.576445419783425,21.64637259317547,21.719154584622412,21.79452991566715,21.872226112214587,21.951960534489142,22.033441266389683,22.116368063632695,22.20043335948295,22.28532332622202,22.370718989926758,22.456297395397353,22.541732817505974,22.626698014509522,22.71086551827405,22.793908955752332,22.87550439545058,22.955331712112258,23.033075962372845,23.108428763680745,23.18108966846744,23.250767525261168,23.31718181818859,23.380063976283974,23.439158643888167,23.494224903560767,23.545037443010994,23.591387657837515,23.63308468213886,23.669956339535865,23.70185000752691,23.728633388807307,23.750195183667586,23.766445658422846,23.777317105509713,23.78276419168248
21.09247673058144,21.09756697144097,21.10773022653081,21.122932076160076,21.14312097506632,21.168228354534154,21.19816876023917,21.23284002709089,21.272123492811165,21.31588425203009,21.36397145297483,21.416218638953033,21.472444136819004,21.532451494719464,21.59602997127824,21.662955078278483,21.732989178712003,21.805882141780184,21.881372056100805,21.959186002011972,22.039040883376988,22.120644318819902,22.203695591745962,22.28788665796323,22.37290320903155,22.45842578890596,22.5441309607149,22.629692519929336,22.71478274945333,22.799073711604755,22.882238571282155,22.963952944078713,23.04389626257142,23.12175315350291,23.19721481817721,23.269980408044823,23.339758387138243,23.40626787286928,23.46923994651455,23.528418924750426,23.58356358360372,23.63444832635754,23.68086428718328,23.722620362572858,23.759544163071283,23.79148287831487,23.818304048900686,23.839896239285604,23.856169606630267,23.86705636121239,23.872511114881235
21.178271548769178,21.183369755359298,21.193548909888452,21.208774528765755,21.228994971261415,21.254141542072215,21.284128629744572,21.318853882279836,21.358198421556843,21.40202709843608,21.450188790571914,21.502516745122236,21.558828968561432,21.61892866586227,21.682604731204897,21.749632292273773,21.819773309967992,21.892777235140397,21.96838172358566,22.046313410171436,22.126288742488256,22.20801487395799,22.291190615742277,22.37550744624249,22.460650576340072,22.5463000678948,22.632132002386207,22.717819695882202,22.803034955932134,22.88744937528012,22.97073565673711,23.052568962943894,23.13262828426172,23.210597817476586,23.286168347681954,23.35903862526584,23.428916729697697,23.495521411583127,23.55858340435857,23.617846696944316,23.67306975875073,23.724026708553758,23.77050841901659,23.81232354893593,23.849299495722835,23.881283261078234,23.908142223442713,23.929764811396556,23.94606107289629,23.956963136037015,23.962425557736772
21.26423414561775,21.269340316854006,21.279535368666732,21.294784753597177,21.315036735486082,21.34022249249675,21.370256256125117,21.405035487531386,21.444441092847704,21.48833767925779,21.53657385394934,21.58898256803771,21.64538150773457,21.705573534953267,21.769347179550934,21.83647718521524,21.906725110870475,21.97983998912446,22.055559043055137,22.13360846214758,22.21370423780433,22.29555305831656,22.378853262664748,22.463295851900543,22.548565556261117,22.634341955541654,22.720300649583194,22.806114475056432,22.891454764142594,22.975992639991695,23.059400343291202,23.14135258369527,23.221527909283978,23.299610086831212,23.37528948514963,23.448264453491014,23.518242686676388,23.584942568424594,23.64809448424066,23.707442095210098,23.762743564034864,23.813772724896097,23.860320188866634,23.902194376978553,23.939222473427815,23.97125129191366,23.998148048669933,24.019801036339878,24.03612019364773,24.047037566463786,24.052507656760202
21.3503646410324,21.35547877586957,21.36568972288683,21.38096287078861,21.401246388027868,21.42647132628732,21.456551760075715,21.491384963800368,21.53085162792021,21.574816116052155,21.62312676501406,21.67561622998475,21.732101877026096,21.7923862251034,21.85625743986135,21.92348988111532,21.993844705912615,22.067070528725743,22.142904140009396,22.221071283953552,22.301287495858798,22.383258998957842,22.466683660111926,22.551252003065073,22.636648277452494,22.72255158103197,22.80863703201213,22.89457698767178,22.980042304809142,23.064703636957535,23.148232762648924,23.230303938496828,23.310595270255977,23.388790094618876,23.464578364048627,23.537658026584307,23.607736392314738,23.674531477986978,23.737773321094327,23.797205254790228,23.852585134983187,23.903686511175632,23.950299732768872,23.99223298294361,24.02931323261317,24.061387107414667,24.08832166130694,24.110005050955223,24.126347105799837,24.13727978946218,24.142757548945703
21.43666315552336,21.44178525295221,21.4520120931713,21.46730900107257,21.487624049768243,21.512888164509963,21.543015262889554,21.57790243262647,21.617430148610694,21.66146253097079,21.709847646256417,21.7624178538289,21.81899019969714,21.87936685999779,21.943335636271705,22.01067050456585,22.081132220162743,22.154468979501875,22.230417140503533,22.308702002165028,22.38903864374789,22.47113282350223,22.554681936227517,22.63937602841052,22.724898869116164,22.810929074086033,22.89714127991411,22.983207364477256,23.06879770918286,23.153582497916894,23.237233047025907,23.319423160033253,23.399830500308614,23.478137974403047,23.554035118356722,23.627219478915602,23.697397981361203,23.764288275376696,23.827620050352813,23.887136311427124,23.942594607623963,23.993768203682404,24.040447187244833,24.082439503568967,24.11957191020717,24.151690844664685,24.17866319857294,24.20037699256384,24.216741946758003,24.22768994249172,24.233175371779975
21.52312981019402,21.52825986924442,21.538502600737612,21.553823265782707,21.574169842185327,21.599473128828365,21.6296468864438,21.664588016149626,21.704176777335018,21.748277046744573,21.796736620758672,21.849387563017597,21.90604659959258,21.966515563895506,22.03058189347636,22.098019180722797,22.168587779253336,22.242035467567533,22.318098171160386,22.396500743904177,22.476957809112996,22.559174660116515,22.642848219703453,22.727668057151377,22.813317460990035,22.899474564965306,22.985813524061356,23.072005736755713,23.1577211090421,23.242629355142,23.32640132916529,23.408710381505447,23.489233733091123,23.56765386026179,23.64365988256023,23.71694894536852,23.7872275890663,23.85421309619405,23.917634807948932,23.977235401358197,24.03277211848108,24.084017939199217,24.13076268931477,24.17281407608042,24.20999864361882,24.242162641236792,24.26917279817409,24.290916998981587,24.307304854413815,24.31826816349971,24.323761263239376
21.609764726744316,21.614902746481626,21.62516136739653,21.640505786839633,21.66088388735303,21.686226341497523,21.71644675321427,21.75144183708781,21.791091637098,21.83525978668899,21.883793812175423,21.93652548157792,21.993271201132707,22.053832461632656,22.11799633674845,22.18553603530973,22.256211509374662,22.329770119607367,22.405947359155135,22.484467636858305,22.56504512015155,22.647384637510132,22.731182639769873,22.81612821904269,22.901904183349846,22.988188184461123,23.074653895757578,23.16097223631057,23.246812636690237,23.331844341411124,23.415737742323838,23.498165736630913,23.57880510275915,23.657337886777114,23.733452791654223,23.80684656132292,23.877225351184745,23.944306076540787,24.007817730311494,24.067502661319587,24.12311780457082,24.174435854997046,24.22124637648524,24.26335683819752,24.30059357075112,24.332802635188404,24.359850598300103,24.381625208501333,24.39803596714541,24.409014590917042,24.414515361775397
21.696568027462256,21.70171400699206,21.711988515548896,21.727356686753915,21.747766307927137,21.773147925357296,21.80341498625381,21.83846401874721,21.878174851484225,21.922410874705644,21.971019344744136,22.02383173410779,22.080664129301834,22.14131767861233,22.20557909192041,22.27322119461226,22.3440035372846,22.417673062856753,22.493964832215916,22.572602809255137,22.653300705602902,22.73576288494239,22.819685326205523,22.904756644376445,22.990659167001198,23.077070063890964,23.163662526829647,23.250106995473264,23.336072424943772,23.421227590030544,23.505242420269564,23.58778935963158,23.66854474397985,23.74719018903756,23.823413981133502,23.89691246266222,23.967391403962385,24.034567353014523,24.098168954359714,24.15793822853696,24.213631803395145,24.265022088842855,24.311898386751707,24.354067928123516,24.391356829990762,24.423610965063606,24.450696737624906,24.472501759907225,24.48893542381475,24.499929363654466,24.505437806332665
21.783539835226676,21.788693773689058,21.798984168184386,21.814376088626688,21.834817227153508,21.86023800383166,21.890551709207337,21.925654685015886,21.965426544660414,22.00973043526287,22.058413343273113,22.111306445780055,22.16822550966565,22.228971340801383,22.293330285396614,22.361074785480348,22.431963990296353,22.505744425103032,22.582150718622216,22.660906389875613,22.741724694752925,22.824309532206925,22.9083564093163,22.993553463976006,23.07958254328541,23.16612033510629,23.252839549631098,23.339410147091947,23.42550060714524,23.510779234814084,23.594915497287825,23.67758138524385,23.758452791923563,23.837210902638464,23.913543586991455,23.987146785767937,24.057725884151985,24.12499706270576,24.188688617514508,24.248542240725644,24.304314252953994,24.355776778984577,24.402718858596582,24.44494748454189,24.482288560204317,24.51458776988696,24.541711355307104,24.563546792458286,24.580003363757946,24.59101262110456,24.596528736326857
21.87068027349792,21.87584217007107,21.886148448872316,21.90156411613724,21.92203676885579,21.94749670092685,21.977857046286246,22.01301396035299,22.052846841366232,22.0972185934074,22.145975933142612,22.198949742337028,22.255955468346784,22.31679357473241,22.381250044131683,22.44909693532154,22.520092996271362,22.593984334685768,22.670505147206104,22.74937850804457,22.830317217429144,22.913024709637067,22.997196019947655,23.082518809199566,23.168674444065356,23.25533913047738,23.342185097035898,23.428881824535825,23.515097317144193,23.60049941009091,23.684757108165794,23.76754194870622,23.848529382266673,23.927400163673138,24.00384174572578,24.07754966751696,24.14822892898878,24.21559534319962,24.27937685767564,24.33931483609237,24.395165291726293,24.446700064159188,24.493707930982854,24.53599564662875,24.57338890074427,24.605733189165495,24.632894590979713,24.654760445895384,24.67123992679468,24.682264503136658,24.687788291653618
21.957989466321937,21.963159320219297,21.97348148176812,21.988920893547252,22.009425057441376,22.034924141225005,22.06533112228867,22.10054196980501,22.140435866914657,22.18487547475806,22.233707240301115,22.286761750087148,22.343854132035215,22.404784507501404,22.469338495647335,22.53728777209036,22.60839068363247,22.682392920502572,22.759028247337106,22.838019293625155,22.919078403996412,23.001908548107313,23.086204289477145,23.171652811929732,23.257935001733166,23.34472658290129,23.43169930243597,23.51852216168724,23.604862689309154,23.690388250699964,23.77476738820452,23.85767118576495,23.938774651183913,24.017758108729264,24.094308594325696,24.168121245281426,24.238900676204224,24.306362332566795,24.370233813236897,24.430256153321853,24.48618505867541,24.537792083577553,24.584865743353753,24.62721255402617,24.6646579914344,24.69704736287888,24.724246584754844,24.746142860429437,24.762645253216178,24.773685150098213,24.779216612684476
22.045467538318487,22.050645348788752,22.060983391598043,22.076446545696918,22.096982217889728,22.12252044988434,22.152974062583688,22.188238838974634,22.228193747189508,22.272701205501264,22.321607391267314,22.374742595896652,22.43192162797911,22.492944266759295,22.557595768012796,22.625647424303747,22.69685718134532,22.77097031198316,22.847720148929266,22.926828877023805,23.008008385355165,23.090961179016567,23.17538134981382,23.26095560457825,23.34736434920464,23.434282825789314,23.521382299739717,23.608331292945856,23.694796858514934,23.780445891983486,23.864946473205368,23.947969232664033,24.029188735350225,24.108284874898334,24.18494427027244,24.258861656916793,24.32974126402293,24.3972981693654,24.461259623074017,24.52136633158872,24.57737369324954,24.62905297693847,24.676192435634594,24.71859834686252,24.75609597258294,24.78853043148641,24.81576747721851,24.837694176755065,24.85421948379029,24.86527470280474,24.87081384026548
22.133114614685617,22.13830038101707,22.148654303671226,22.16414119799343,22.184708375755495,22.21028575263612,22.240785993105884,22.276104694046044,22.316120608637984,22.360695912382738,22.4096765131135,22.462892407198396,22.52015808398716,22.581272980708988,22.64602198985435,22.71417602101843,22.785492618922284,22.85971663910848,22.936580982439036,23.015807389182662,23.09710729294043,23.180182734296963,23.264727333383814,23.35042732007978,23.436962619911295,23.524007993072185,23.611234223371508,23.69830935321391,23.784899960144987,23.870672469791764,23.955294499470803,24.038436226149408,24.119771771935923,24.19898059975902,24.2757489115446,24.349771040780595,24.420750831146606,24.488402992640353,24.55245442654421,24.612645510547946,24.668731335368904,24.720482884417102,24.767688148221975,24.81015316573673,24.84770298496606,24.880182535917662,24.90745740942727,24.929414536026755,24.945962759752803,24.95703330254676,24.962580115707265
22.2209308211927,22.22612454270739,22.236494343862674,22.252004976423752,22.272603657161174,22.298220175775874,22.328767040363775,22.36413966175714,22.40421657827751,22.448859722717163,22.497914733478805,22.55121131197918,22.60856362842151,22.66977077810945,22.734617290344282,22.80287369184337,22.874297126419897,22.948632032394066,23.025610878863166,23.104954961572496,23.18637525871599,23.269573346409892,23.35424237314885,23.440068091888808,23.52672994780522,23.613902219196746,23.70125520826064,23.788456477909,23.875172130087446,23.961068120475158,24.045811603801493,24.129072303461268,24.21052389860569,24.289845421387106,24.366722656604967,24.440849535705635,24.511929516769253,24.579676941914443,24.643818363489377,24.70409383032766,24.760258125439663,24.812081946658424,24.859353021990373,24.901877151724708,24.939479169831824,24.972003817572755,24.9993165229117,25.021304079879226,25.03787522281092,25.04896109107864,25.054515580794728
22.308916284179574,22.314117960234057,22.3245036386176,22.34003800753587,22.360668188797874,22.38632384616872,22.416917331424184,22.452343869419757,22.49248178367784,22.537192764371945,22.58632218055534,22.63969943877766,22.69713839019095,22.758437788265535,22.823381799202515,22.89174056692731,22.96327083443264,23.03771662289774,23.114809969720596,23.194271726201904,23.275812415174272,23.35913314833495,23.44392660258663,23.529878053975544,23.616666467354477,23.703965639119723,23.791445389854246,23.878772802950415,23.96561350473178,24.051632980886602,24.13649792349858,24.21987760233058,24.30144525351487,24.380879478339835,24.45786564440003,24.532097281013986,24.603277460562975,24.67112015719316,24.735351574224076,24.795711431535846,24.851954204335293,24.903850304788502,24.951187198283307,24.993770446368583,25.03142466890023,25.063994418324107,25.09134495966361,25.113362950406064,25.129957015136558,25.141058210625676,25.146620377775502
22.397071130550334,22.402280760537035,22.412682314943247,22.428240418445633,22.44890209791884,22.474596891238825,22.505236993922278,22.540717444896707,22.58091635297497,22.62569516577502,22.67489898308841,22.728356916690416,22.785882498761563,22.847274141033814,22.91231564669162,22.980776776959814,23.052413874093432,23.12697054220596,23.20417838707304,23.283757815606627,23.36541889533272,23.448862273583096,23.533780155690568,23.61985734083064,23.706772313533175,23.794198388303762,23.881804904094825,23.969258464761623,24.056224220969273,24.142367188368315,24.227353596353478,24.310852260987527,24.392535975306476,24.472082909666963,24.54917801436793,24.623514416505976,24.694794802676004,24.762732778960995,24.827054199541482,24.887498455252146,24.943819713401183,24.99578810039699,25.043190818911746,25.085833191678784,25.12353962435597,25.156154480502128,25.183542862146723,25.205591290167934,25.222208279366214,25.23332480387326,25.238894649362916
22.48539548776862,22.490613071118442,22.50103050041682,22.516612336829915,22.537305512338104,22.56303943897312,22.593726156041473,22.629260516611946,22.669520414849433,22.714367055902194,22.763645270376802,22.817183875353333,22.874796084138747,22.936279966804836,23.00141896361212,23.06998245317036,23.141726377073,23.21639392244436,23.293716263501786,23.3734133628411,23.455194832729607,23.53876085617084,23.623803166973413,23.71000608745278,23.797047621832508,23.88460060272215,23.97233388743651,24.05991360026954,24.14700441618633,24.233270880766327,24.318378760652724,24.401996418143025,24.483796203113428,24.563455854896493,24.640659906417593,24.715101082463395,24.786481683744373,24.854514948171847,24.918926380704814,24.979455043030345,25.035854794456867,25.087895475542727,25.135364026161675,25.17806553013306,25.215824178848333,25.248484146909764,25.275910373281906,25.2979892421886,25.314629158598116,25.325761013972876,25.331338538729177
22.573889483869763,22.579115020040543,22.589548323166998,22.60515389092414,22.625878560428735,22.651651617914602,22.682384946525346,22.71797321354439,22.75829409854166,22.80320856428137,22.852561172262057,22.906180444955254,22.963879276869314,23.0254553965154,23.090691881309297,23.159357727321282,23.231208475566,23.305986896258283,23.383423732122722,23.463238501487776,23.54514036142302,23.62882903064456,23.713995771460407,23.80032442935177,23.887492528243257,23.975172418848498,24.063032476827683,24.15073834688886,24.237954228264606,24.32434419641434,24.409573555167544,24.493310213000864,24.57522607654689,24.654998454043476,24.732311460946487,24.806857419644906,24.878338244863617,24.94646680625824,25.0109682594523,25.071581336888947,25.128059589787952,25.180172572751,25.22770696277187,25.270467604670273,25.30827847549255,25.340983560806606,25.36844763645436,25.390556949953293,25.407219796391985,25.418366984529673,25.423952189509716
22.66255324743363,22.66778673592305,22.67823591188026,22.693865209518055,22.7146213711169,22.74043355715463,22.77121349467217,22.80685566521499,22.847237533838594,22.892219820990924,22.9416468191351,22.99534675622049,23.05313220804857,23.114800561639516,23.18013453165199,23.248902731704675,23.320860302307256,23.39574959682778,23.473300926564594,23.5532333656508,23.63525561598925,23.719066932056933,23.804358104686063,23.890812502544097,23.978107169268334,24.06591397366148,24.15390080971991,24.241732842538614,24.329073795580747,24.415587274132243,24.500938119159084,24.58479378524407,24.666825735704702,24.746710847594507,24.824132818825987,24.898783569281704,24.970364627617556,25.03858849511778,25.10317997798689,25.163877479319847,25.220434242140783,25.27261953501566,25.320219771954,25.363039558695103,25.400902657858893,25.433652865909885,25.461154795508406,25.48329455740205,25.499980336761944,25.511142859610647,25.516735745792513
22.751386907596764,22.756628347937127,22.767093395802505,22.782746421954744,22.80353407388084,22.829385386342132,22.860211930326983,22.89590800170038,22.936350851073307,22.98140095664246,23.030902341924044,23.084682940420848,23.14255500930071,23.20431559418329,23.26974704705007,23.338617599144353,23.410681990545587,23.485682157849123,23.563347980989754,23.643398089945062,23.725540731518713,23.809474695970152,23.894890302695906,23.981470443557118,24.06889168190242,24.15682540463563,24.244939024060262,24.33289722562932,24.420363256998332,24.507000253232807,24.592472592373174,24.676447275039873,24.75859532115885,24.83859317652422,24.91612412139713,24.99087967307901,25.062560974043187,25.130880157119357,25.195561678978713,25.25634361327146,25.31297889473114,25.365236505784587,25.412902597372554,25.455781536065043,25.493696869976006,25.52649220639868,25.55403199474117,25.576202208931655,25.592910924178515,25.604088783735467,25.60968935212144
22.840390594054007,22.84563998581015,22.85612090471943,22.87179765812616,22.892616798748673,22.918507235671157,22.949380383878086,22.985130353618505,23.0256341811198,23.0707521024003,23.120327872102518,23.174189129357018,23.232147812785374,23.294000626685804,23.35952956044131,23.428502462993027,23.500673674062536,23.575784713541015,23.653565030063742,23.73373280950628,23.81599584360996,23.90005245846114,23.985592502035043,24.072298389411202,24.159846203651327,24.247906849741216,24.33614725828273,24.424231635057332,24.511822751868365,24.59858327350841,24.684177115035876,24.768270823035227,24.850534973964777,24.930645582269978,25.008285510479574,25.083145873208736,25.15492742665959,25.223341935098446,25.288113505563246,25.34897988215841,25.40569369123119,25.458023628971244,25.505755583151124,25.548693681097937,25.586661256333027,25.619501726903625,25.647079378905424,25.66928004939269,25.68601170356799,25.697204901877974,25.70281315349739
22.929564437037648,22.934821779808157,22.94531856897342,22.961019048473485,22.981869676292035,23.007799235877567,23.038718986261795,23.07452285213194,23.115087655394852,23.160273389961862,23.209923541672165,23.263865455367633,23.32191075119681,23.383855792216156,23.449482205285157,23.51855745711776,23.59083548715699,23.66605739864384,23.743952208974893,23.824237659978436,23.90662108837393,23.990800356109766,24.076464839758106,24.163296477631533,24.25097087250742,24.33915844744513,24.427525651321268,24.51573621021126,24.603452420027537,24.690336475237245,24.776051827851486,24.860264570349372,24.942644835645485,25.02286820674701,25.10061712835868,25.175582312312468,25.247464128443976,25.315973972347518,25.380835601334084,25.44178642985605,25.49857877577173,25.55098104893791,25.598778873875542,25.641776138565056,25.679795961867793,25.712681572509272,25.74029709320537,25.762528224087664,25.779282820301884,25.790491359457715,25.796107295363747
23.018908567333316,23.02417386075042,23.0346865194458,23.05041072397833,23.07129283762535,23.09726151824111,23.12822786895037,23.164085628936988,23.204711405848354,23.249964951558418,23.299689483173317,23.353712051321693,23.4118439577569,23.47388122436673,23.539605115566715,23.608782715917602,23.681167564642813,23.756500348408988,23.83450965342194,23.914912777513802,23.997416602427478,24.081718525992375,24.16750745341659,24.254464846238026,24.342265826960055,24.430580336701553,24.519074342589807,24.60741109096143,24.695252401794498,24.782259999174876,24.868096872004536,24.952428658582512,25.034925048197504,25.115261192336373,25.193119117787003,25.26818913349775,25.340171222836783,25.40877641262862,25.47372811034631,25.534763400695514,25.591634292938842,25.64410891050824,25.691972614575118,25.735029053690955,25.77310113196895,25.806031888746016,25.83368528329577,25.855946878765046,25.87272442020464,25.883948302349275,25.88957192361992
23.108423116261964,23.1136963599924,23.124224887561294,23.13997281616509,23.160886414403087,23.18689421457848,23.217907163955626,23.25381881626765,23.294505564968375,23.339826919954334,23.389625829675555,23.443729050616593,23.501947566210568,23.5640770572558,23.62989842579265,23.699178374301248,23.77167004185493,23.847113698601344,23.925237499613868,24.005758298778378,24.088382522888658,24.17280710569795,24.258720481056226,24.345803633748584,24.433731205992085,24.522172656954087,24.61079347198896,24.699256417662617,24.787222837966894,24.87435398655436,24.960312389146615,25.04476322980094,25.127375754087787,25.207824681891033,25.285791621979573,25.36096648033472,25.433048853740676,25.501749400155575,25.5667911771134,25.627910939461593,25.68486038777487,25.737407358955444,25.785336950731843,25.828452572146784,25.86657691247708,25.899552821597045,25.927244095276368,25.949536159624998,25.966336649543436,25.97757587686799,25.983207184602467
23.198108215690194,23.203389409432468,23.213933805280583,23.22970545709127,23.25065053881916,23.27669745724582,23.307757003825845,23.343722546896114,23.38447026577274,23.42985942844224,23.47973271477201,23.533916587172275,23.59222171082666,23.654443425518014,23.720362270986342,23.789744567696467,23.862343054636174,23.937897585493204,24.01613588426447,24.096774360927963,24.179518987375612,24.264066233302508,24.350104061222474,24.437312979168784,24.525367149074047,24.613935548134123,24.702683179909002,24.79127233115032,24.87936386982246,24.96661857908265,25.052698521415135,25.13726842654322,25.219997096252833,25.300558818723463,25.378634784622584,25.4539144968488,25.526097165514216,25.59489307960061,25.660024946598256,25.721229191393746,25.77825720577049,25.8308765400023,25.87887202828422,25.922046840052385,25.9602234496771,25.993244517491636,26.020973675695103,26.043296213303083,26.060119655034025,26.071374229774552,26.077013225100377
23.28796399801423,23.29325314150136,23.303813405102794,23.31960877935565,23.340585343597215,23.366671379127396,23.397777521637064,23.433796954113895,23.474605641803816,23.520062610845756,23.57001027258593,23.62427479543023,23.682666526396456,23.7449804643108,23.810996786687273,23.88048143204104,23.95318673933852,24.028852145867862,24.10720494459396,24.187961101635302,24.270826134008058,24.35549604738378,24.441658332950073,24.528993021996207,24.6171737961598,24.70586915065614,24.794743607211245,24.8834589727343,24.971675639109982,25.05905391894121,25.145255411400544,25.22994439181387,25.312789218089137,25.39346374661046,25.471648749851177,25.547033327528265,25.619316302974344,25.68820759609258,25.75342956421981,25.814718302181735,25.871824892865078,25.924516599819057,25.972577993608656,26.0158120039747,26.0540408902978,26.087107123300704,26.114874171541413,26.137227186887678,26.154073583826342,26.165343508271885,26.17099019233495
23.377990596169237,23.383287689163897,23.39386382005766,23.409682916085043,23.430690961992784,23.456816113640834,23.487968850992218,23.524042171750818,23.564911827134832,23.610436601509075,23.66045863775791,23.714803810358983,23.773282148225586,23.8356883093052,23.901802108945798,23.971389103786,24.044201232825454,24.1199775170066,24.198444818320638,24.279318659057726,24.362304101401204,24.447096687009644,24.533383435762804,24.620843902213267,24.709151287691622,24.7979736054105,24.886974895242815,24.97581648420492,25.06415828805338,25.15166014877834,25.237983202174636,25.322791269084608,25.405752263453692,25.48653960979255,25.56483366226422,25.64032311731355,25.71270641138906,25.78169309520595,25.84700517584781,25.90837841796365,25.96556359544919,26.018327685022534,26.06645499352666,26.10974821092128,26.14802938151096,26.18114078633094,26.208945730240288,26.231329227899952,26.24819858351752,26.259483859999957,26.265138233972472
23.46818814361565,23.47349318591577,23.484085183704803,23.49992800093662,23.520967527792866,23.54713179472779,23.57833112602771,23.614458334153056,23.655388956359708,23.700981535294094,23.751077945448856,23.80550376743732,23.86406871213305,23.926567096678436,23.992778374322302,24.062467719883447,24.13538667246042,24.2112738367017,24.28985564366427,24.370847171857985,24.453953028657192,24.538868291735536,24.625279509675593,24.712865760287567,24.80129976459078,24.89024905377287,24.97937718582225,25.068345007822344,25.15681195934538,25.244437411713125,25.330882037263,25.415809202283913,25.49888637667104,25.579786552959703,25.658189666915476,25.73378401160249,25.806267636480406,25.87534972297156,25.940751927794114,26.00220968532418,26.059473460350535,26.112309942672187,26.160503175307188,26.203855608341446,26.242189070927747,26.275345654336128,26.30318849966181,26.325602484300234,26.342494802137523,26.353795433038247,26.359457498116612
23.558556774342303,23.56386976577846,23.574477630130485,23.590344168090855,23.611415175304536,23.637618556856204,23.668864481396426,23.705045576191576,23.746037164592064,23.791697547583652,23.841868331335526,23.89637480265813,23.95502635445519,24.017616963124564,24.083925719882956,24.153717417795132,24.226743196109428,24.30274124323523,24.381437559337744,24.46254677918675,24.54577305537316,24.630811001607665,24.717346695184222,24.805058737167176,24.893619368253553,24.98269563759158,25.071950621239257,25.161044686311204,25.249636796146028,25.33738585132352,25.42395206066064,25.508998335805227,25.592191702517674,25.67320472126113,25.751716909309895,25.827416156239387,25.900000124417627,25.969177625862265,26.034669966819408,26.096212251288755,26.15355463484751,26.206463520269455,26.254722686650904,26.298134344125017,26.33652010659735,26.369721875504972,26.397602628105652,26.420047104484503,26.43696238815246,26.4482783758973,26.45394813330151
23.64909662286628,23.654417563296857,23.665041293946253,23.680931552254616,23.702034039361397,23.728276535014455,23.75956905227056,23.795804033253926,23.836856587461984,23.88258477427966,23.932829931608417,23.987417052524947,24.04615521202892,24.108838045839335,24.175244283202087,24.245138335481776,24.318270942137467,24.394379875387603,24.473190704554046,24.554417620690305,24.637764321635775,24.722924957157918,24.809585133265063,24.897422974279657,24.986110240562645,25.07531349918575,25.16469534426054,25.253915662876096,25.34263294208219,25.43050561165866,25.517193416820696,25.60235881449789,25.685668386226585,25.76679426030108,25.845415535403234,25.921219697519714,25.99390402181246,26.06317695079527,26.128759440128114,26.190386263325188,26.247807266650952,26.300788565747354,26.34911367570121,26.3925845665914,26.431022637000908,26.464269598454397,26.492188264313477,26.514663237283305,26.53160149046337,26.542932837521604,26.548610288494483
23.73980782422003,23.74513671354051,23.755776310279746,23.77169028865125,23.79282425531178,23.819105864708014,23.85044497434103,23.886733841244133,23.927847361113542,23.973643351788215,24.023962882965428,24.0786306540528,24.137455422205903,24.200230482524802,24.266734202349394,24.336730611404054,24.40997004940637,24.486189872434984,24.565115219003275,24.646459836491072,24.729926968013547,24.815210299396433,24.90199496537732,24.989958613528067,25.078772523859403,25.16810278134927,25.25761149811403,25.346958081176037,25.435800541241345,25.52379683721649,25.610606250650726,25.69589078366378,25.77931657347711,25.860555316130508,25.939285691601317,26.015194782184423,26.08797947572982,26.15734784513176,26.223020495366775,26.284731869344146,26.34223150391122,26.39528522748263,26.443676291034315,26.487206424501,26.52569681105696,26.558988972242453,26.58694555744834,26.6094510319544,26.626412258393433,26.637758967289066,26.643444113095917
23.83069051395817,23.836027352091225,23.846682814781413,23.862620513025774,23.883785959027932,23.910106681959437,23.941492383817565,23.97783513658306,24.019009622202695,24.064873417030892,24.115267322617342,24.170015744759926,24.22892712283142,24.291794411382725,24.358395615895397,24.428494384513918,24.501840657271856,24.578171374141572,24.65721124287723,24.738673567213787,24.82226113555646,24.907667169813948,24.994576333454344,25.082665797293224,25.171606360969975,25.261063627342843,25.350699226495617,25.440172085338105,25.52913973816948,25.617259672964018,25.704190707516663,25.78959438906119,25.87313641041169,25.95448803525082,26.033327524752956,26.109341557415842,26.182226633668417,26.25169045667591,26.317453280614,26.37924921768825,26.43682749521767,26.489953654286463,26.53841068166024,26.582000067041204,26.620542778112632,26.65388014635033,26.681874657109844,26.704410638187245,26.72139484170595,26.732756915001357,26.738449756929935
23.921744828149933,23.927089615055596,23.93776094361519,23.953722361632735,23.974919286885044,24.001279123303163,24.032711417411598,24.069108056192405,24.110343507891063,24.15627510743145,24.206743388274273,24.26157246266661,24.320570452261634,24.383529971112843,24.450228662907612,24.52042979426527,24.59388290557422,24.670324520761355,24.749478916847576,24.831058953950876,24.914766965793596,25.000295710381174,25.087329379904755,25.17554466842226,25.264611895181762,25.3541961808904,25.443958673566,25.53355781994862,25.622650677875054,25.710894264314092,25.797946933234623,25.88346977689473,25.967128043611407,26.04859256460813,26.12754118215554,26.203660170840653,26.276645643570326,26.346204933664584,26.41205794439027,26.473938457134164,26.531595389586407,26.584793995395263,26.633316997018454,26.676965643831586,26.715560687943277,26.748943270689153,26.776975713322944,26.79954220609679,26.816549390579308,26.827926830885996,26.833627370247275
24.012970903382755,24.018323639044024,24.02901083345514,24.044995971244635,24.066224375776507,24.092623325783027,24.124102212353765,24.16055273751058,24.20184915584917,24.247848560920954,24.29839121815188,24.353300946293363,24.41238554934275,24.475437300908524,24.542233482946934,24.612536980594346,24.68609693465284,24.762649453031276,24.841918382066186,24.923616138280586,25.007444600736758,25.093096063538123,25.180254247609067,25.26859537023322,25.357789270248727,25.44750058618505,25.537389983942795,25.627115430050928,25.716333505820323,25.804700757137823,25.89187507407291,25.977517093821458,26.061291620104555,26.142869051588573,26.221926811538893,26.298150770525798,26.371236653813533,26.44089142477143,26.506834635645028,26.568799736894476,26.626535336470067,26.679806400479375,26.72839538697691,26.77210330491784,26.810750690750726,26.844178495595315,26.872248876535977,26.894845886221603,26.91187605562207,26.92326886559699,26.928977103726766
24.104368876740555,24.109729561176295,24.120432621487595,24.13644147913468,24.15770136310301,24.18413942695076,24.215664906369824,24.25216931847125,24.293526704251466,24.33959391592966,24.390210950961574,24.445201334660776,24.504372553418076,24.567516540460367,24.634410216061795,24.704816083928158,24.77848288532112,24.855146312176572,24.934529780167907,25.016345262261748,25.10029418286704,25.186068372200946,25.273351079915873,25.361818046509622,25.451138630390666,25.540976987872945,25.63099330270533,25.720845061146125,25.810188367914375,25.898679297755017,25.985975276747517,26.07173648693854,26.155627287361792,26.237317644024632,26.31648456107956,26.392813504970658,26.46599981320984,26.535750079105636,26.60178350376525,26.663833206611347,26.72164748574466,26.774991019635124,26.823646001827672,26.867413200769278,26.906112937158582,26.939585971826087,26.967694297616685,26.990321829523765,27.007374987864466,27.018783170206145,27.024499108460194
24.1959388858277,24.201307519089916,24.212026445403925,24.228059023089074,24.24935038676854,24.275827564859927,24.307399637696534,24.34395793751746,24.38537629176579,24.431511311387684,24.482202725914345,24.53727376727947,24.59653160432232,24.65976782994714,24.72675900278993,24.79726724518263,24.871040898883,24.94781523989601,25.027313253265813,25.109246468420647,25.193315855140305,25.279212779752356,25.366620020638216,25.45521284149682,25.544660120287364,25.634625531065442,25.724768775385122,25.814746859183643,25.904215410524554,25.99283003293319,26.08024768841918,26.16612810379025,26.2501351932959,26.33193849018668,26.41121457938751,26.487648523111275,26.56093527100633,26.630781046203744,26.696904698559802,26.759039016349213,26.816931987718394,26.870348003383462,26.91906899228954,26.962895482279958,27.00164757821766,27.035165850562493,27.063312127861156,27.085970187381655,27.103046338750904,27.114469896207144,27.12019353596483
24.287681068747897,24.293057650913422,24.303792443398077,24.31984874139088,24.341171585178923,24.367687878067397,24.399306545067894,24.4359187335859,24.477398057563796,24.523600886719258,24.57436668271432,24.629518384153698,24.68886284238567,24.752191310032927,24.81927998415314,24.889890605748707,24.963771117118153,25.040656378368446,25.120268943946634,25.202319899762422,25.286509760977758,25.372529430043265,25.460061214059568,25.54877989990986,25.638353885073272,25.728446361323098,25.818716547970567,25.908820970566946,25.99841478046293,26.087153109883705,26.174692456690625,26.26069209235937,26.344815486257442,26.426731738774304,26.50611701550479,26.582655974317863,26.656043176879557,26.725984476032625,26.79219837026874,26.854417316604067,26.912388993117514,26.965877502669336,27.01466450950258,27.058550300760484,27.097354765391863,27.13091828340522,27.159102518974457,27.181791111596283,27.198890260148556,27.21032919550849,27.21606053817003
24.379595564103322,24.38498009528275,24.39573075416755,24.41181077282858,24.43316509724241,24.4597205056279,24.491385767712146,24.528051846111108,24.56959214130678,24.615862781840754,24.666702961552808,24.72193532577775,24.781366408414584,24.84478712186639,24.91197330165867,24.98268630750227,25.056673682284025,25.133669870246028,25.213396995266272,25.295565699757667,25.37987604427262,25.46601846738792,25.55367480491656,25.642519366911976,25.73222007034519,25.8224396246677,25.91283676689641,26.003067542148194,26.092786624986555,26.181648676263784,26.269309729606327,26.355428601067338,26.439668315035124,26.521697538930706,26.601192018909842,26.677836008385633,26.751323680931183,26.821360518983024,26.887664669556624,26.94996825829244,27.008018653089405,27.061579668854247,27.11043270502316,27.154377807944602,27.1932346505676,27.22684342236802,27.255065623085162,27.277784754377404,27.29490690433506,27.306361220433626,27.31210026742319
24.47168251099909,24.477074991333296,24.487841516904094,24.50394525668454,24.525331062358916,24.55192558709115,24.58363744535701,24.620357415021996,24.6619586831518,24.708297137158837,24.75921170311549,24.814524733128742,24.874042443708774,24.937555407081366,25.0048390972884,25.075654492798932,25.1497487371169,25.22685585865801,25.30669755075553,25.3889840123443,25.473414849379736,25.559680036563666,25.64746093841055,25.73643138812691,25.826258822147736,25.916605467564406,26.007129579047586,26.097486721222545,26.187331091794597,26.276316880169162,26.36409965564792,26.45033777877423,26.534693828846745,26.616836040223955,26.696439739508723,26.773188775540493,26.84677693369333,26.916909325875146,26.98330374751114,27.04569199274964,27.103821119206447,27.1574546537227,27.206373730826073,27.250378155979497,27.289287386040016,27.322941419881452,27.351201592729954,27.37395126835453,27.391096424002377,27.40256612371907,27.408312876481805
24.563942049034953,24.56934247869237,24.58012487129807,24.596252332737855,24.617669620425076,24.644303262500014,24.676061718218357,24.71283558073502,24.75449782374208,24.800904093568203,24.851893048568147,24.907286747670724,24.966891090045692,25.030496307788333,25.09787751350506,25.168795304459884,25.242996424819527,25.320214487197752,25.40017075440892,25.482574981925193,25.567126321114806,25.653514282801147,25.741419760197157,25.83051610963491,25.92047028698294,26.010944036929054,26.1015951317571,26.192078655529507,26.28204832903058,26.37115787013534,26.4590623837363,26.545419774765733,26.629892177347006,26.712147392651946,26.791860327630115,26.868714426436956,26.942403086118265,27.01263104794475,27.07911575563417,27.141588671732364,27.19979654345634,27.25350260947016,27.302487739300407,27.346551497425935,27.38551312452241,27.41921242878593,27.44751058085809,27.470290806560225,27.48745897225368,27.498944058510567,27.504698518512846
24.656374318302287,24.661782697485112,24.672580957530847,24.688732141257653,24.7101809118298,24.736853672389355,24.768658727,24.80548648415383,24.847209704205923,24.893683792448126,24.944747139560146,25.000221511347725,25.059912489678183,25.123609966574886,25.191088693242175,25.26210888578655,25.336416889067053,25.413745899926912,25.49381675068355,25.576338753365203,25.661010604753773,25.74752135179683,25.835551416384323,25.924773677960832,26.01485461179419,26.105455480126427,26.1962335727986,26.286843493251826,26.376938485273694,26.466171795132002,26.55419806322095,26.640674738767927,26.72526351061523,26.807631746643782,26.887453934035392,26.964413112144207,27.038202289577672,27.108525836850617,27.175100845853827,27.23765844741176,27.29594507823588,27.34972368871015,27.398774883247977,27.44289798525576,27.481912019138694,27.515656602329845,27.54399274082893,27.56680352244258,27.58399470260124,27.595495178362597,27.60125734709425
24.74897945938302,24.754395788318266,24.765209916273093,24.78138482300273,24.802865077448057,24.82957695777453,24.861428612898127,24.898310266670723,24.940094466156573,24.986636375657113,25.037774118223552,25.093329166576297,25.153106785342533,25.216896526501277,25.284472779908032,25.355595380546173,25.43001027399847,25.50745024137249,25.58763568450448,25.67027547198756,25.75506784602972,25.84170138969452,25.92985605353525,26.019204240084434,26.109411943974195,26.20013994496256,26.291045050385986,26.381781383004686,26.472001709537807,26.561358804561877,26.649506843885423,26.73610282093262,26.820807979156108,26.90328925304784,26.983220709901605,27.060284984157054,27.134174695867348,27.204593844667315,27.271259170504354,27.333901472374283,27.39226687636201,27.446118044462924,27.49523531588056,27.539417772847337,27.57848422341578,27.61227409417504,27.64064822640896,27.663489569853354,27.680703768955528,27.69221963723229,27.697989516204125
24.841757613346232,24.847181892294316,24.858011888680537,24.874210519218177,24.895722258639132,24.92247326016315,24.954371517585933,24.991307070155504,25.03315225168849,25.07976198553663,25.13097412716446,25.186609856259427,25.24647412024261,25.310356131101898,25.37802991738022,25.449254932971208,25.523776724223936,25.601327656522216,25.681627701249187,25.76438528357438,25.849298191129403,25.936054543088577,26.024333818658995,26.113807943426984,26.204142431361024,26.294997579681155,26.38602971317106,26.47689247384267,26.56723815127245,26.656719048262005,26.744988875941225,26.83170417183686,26.91652573390503,26.999120063137248,27.07916080683018,27.156330194390577,27.23032045719381,27.300835223881634,27.367590882339766,27.430317899615993,27.488762091057318,27.54268583016257,27.591869190818542,27.636111013991705,27.675229891292314,27.709065058385384,27.73747719176643,27.760349103049055,27.77758632564305,27.78911758948613,27.794895180229553
24.93470892174622,24.94014115099534,24.950987016395832,24.967209371632922,24.988752597248254,25.015542721543305,25.04748758321696,25.084477036958944,25.126383203374747,25.173060764898434,25.224347309462477,25.280063723761472,25.340014638053308,25.403988924376108,25.471760249998685,25.543087687764036,25.617716384809253,25.695378290824568,25.775792946754887,25.85866833435858,25.943701786690248,26.030580959025542,26.11898485920909,26.20858493585583,26.299046222230263,26.390028532969502,26.48118771024501,26.57217691525639,26.66264796035711,26.75225267649442,26.84064431002598,26.927478942478228,27.012416926213316,27.09512432860466,27.175274376837738,27.252548895168466,27.32663972617926,27.397250127396166,27.464096134525423,27.52690788254539,27.58543087595434,27.63942719964568,27.68867666208906,27.73297786288096,27.77214917710548,27.806029649423813,27.83447979147672,27.857382276684994,27.87464252738168,27.886189189884924,27.89197449395556
25.027833526617982,25.03327370648503,25.044135441542117,25.060381522454005,25.081956235597897,25.108785484375364,25.140776952427583,25.177820309910924,25.21978746425896,25.266532857035127,25.317893808675713,25.373690912922655,25.43372848291772,25.497795050789083,25.565663922569573,25.637093790080453,25.711829401276127,25.789602290182795,25.87013156731495,25.95312477102576,26.038278779798638,26.125280784999656,26.21380932308789,26.303535365680943,26.394123465298502,26.485232953948213,26.576519191129982,26.667634857163186,26.758231287102344,26.84795983994875,26.93647329720218,27.023427284283137,27.10848170785405,27.191302201559903,27.271561572357434,27.3489412392373,27.423132655861956,27.49383870852422,27.5607750806302,27.62367157497303,27.682273385088788,27.73634230715575,27.785657884116183,27.83001847411171,27.869242235596605,27.90316802215949,27.93165618050918,27.954589245818887,27.971872529292803,27.98343459359351,27.989227612564594
25.121131570478124,25.126579701308152,25.137457306718282,25.153727114371666,25.175333316488768,25.202201691603154,25.23423976832423,25.271337032311127,25.313365177860263,25.360178405706392,25.4116137688235,25.467491568050153,25.527615799449347,25.59177465527532,25.659741080357655,25.731273385538973,25.806115919611848,25.883999800952704,25.964643709668717,26.04775474071306,26.13302931798916,26.220154168944557,26.308807358633917,26.39865938164784,26.489374309718258,26.58061099217121,26.672024305782667,26.763266449909995,26.853988282239868,26.94384068974222,27.032475988953088,27.119549349095916,27.20472023101812,27.287653834527998,27.368022546237004,27.445507379745294,27.519799399683926,27.590601120984488,27.657627874634315,27.72060913112091,27.779289772906203,27.833431307336784,27.882813011733344,27.927233002675262,27.966509221909917,28.00048033186003,28.029006514236407,28.05197016590539,28.069276486894502,28.080853956172547,28.08665469164065
25.21460319631639,25.220059278483873,25.230952755002203,25.24724629054223,25.26888398319349,25.2957914866408,25.327876174490815,25.365027347935243,25.40711648816882,25.45399755513624,25.5055073343951,25.56146583391474,25.621676732716235,25.685927883221098,25.75399186909192,25.825626620214642,25.900576086250286,25.978570969945498,26.059329521008443,26.142558390998758,26.227953549236155,26.31520125923861,26.403979114629674,26.493957132940306,26.58479890507385,26.67616279762745,26.76770320457979,26.85907184427246,26.949919096929353,27.03989537740415,27.12865253717951,27.215845289172986,27.30113264830997,27.384179380446657,27.464657451733405,27.542247470258854,27.61664011149828,27.687537518902037,27.754654670915915,27.817720705607474,27.876480194243612,27.930694355234216,27.980142200169166,28.024621603967436,28.063950291579513,28.097966734183885,28.126530948423248,28.14952519279573,28.16685455609907,28.178447433576146,28.184255887155846
25.30824854759692,25.313712581505012,25.32462192994516,25.340939194603603,25.362608379461072,25.389555013374572,25.42168631497262,25.458891401018324,25.501041539637903,25.54799045002134,25.599574650344373,25.65561385574767,25.715911428250887,25.780254880476054,25.848416434952163,25.920153640634297,25.995210048078363,26.073315944419218,26.154189148974215,26.237535869910573,26.323051621960317,26.410422204696083,26.499324740287616,26.58942876917246,26.680397401382177,26.77188852072977,26.863556038335837,26.955051191446998,27.046023882750756,27.13612405489293,27.225003094202652,27.3123152571888,27.397719112746884,27.480878992664316,27.56146644251047,27.639161664744538,27.71365494555781,27.784648056803587,27.85185562426114,27.915006453457554,27.9738448043469,28.02813160629227,28.07764560504749,28.12218443377752,28.16156560053866,28.19562738519056,28.2242296392306,28.24725448272937,28.26460689321177,28.27621518214979,28.282031355478747
25.4020677682528,25.407539754334923,25.418464975562262,25.43480597065991,25.45650664950671,25.483492416157457,25.515670334292054,25.55292933627182,25.59514047719008,25.642157235516496,25.69381586208304,25.749935779241696,25.810320032042696,25.87475579334423,25.94301492456937,26.01485459377621,26.090017952431815,26.168234872077374,26.24922274164439,26.33268732591239,26.418323685019487,26.505817154570902,26.594844385260835,26.68507444039458,26.77616994909132,26.86778831231725,26.959582958281487,27.051204643051175,27.14230279170269,27.232526874577687,27.32152781275494,27.408959406230274,27.494479777757483,27.577752824938276,27.658449672643236,27.736250117576276,27.810844056527383,27.881932889622114,27.949230889852444,28.012466530087075,28.071383758851315,28.125743216347402,28.17532338238995,28.219921648286654,28.2593553051121,28.293462441324827,28.322102743209495,28.34515819234262,28.362533654927102,28.374157358629315,28.37998125336939
25.4960610026921,25.50154094140478,25.51248203634476,25.528846763280335,25.550578938009696,25.577603839806265,25.609828377428403,25.647141298863932,25.689413446203197,25.736498057236627,25.788231115486926,25.844431750544338,25.904902690533856,25.969430768579738,26.037787485029664,26.109729627067352,26.18499994709372,26.263327901065477,26.344430447543555,26.42801290791157,26.513769887704072,26.60138625854718,26.690538199628158,26.7808942970833,26.872116699070887,26.963862323657796,27.055784116067077,27.147532351126173,27.238755976200945,27.329103989243336,27.418226845985096,27.50577788979553,27.591414797177006,27.67480103143046,27.755607296603948,27.833512983529776,27.908207599462603,27.97939217268418,28.04678062327121,28.11010109131263,28.16909721379042,28.22352934163338,28.273175688608063,28.31783340406857,28.357319562017306,28.391472059427034,28.420150417297084,28.44323647865579,28.460634998330555,28.47227412014216,28.4781057379721
25.590228395780432,25.595716287609974,25.60667325724204,25.62306171749929,25.644825390117013,25.67188942960291,25.70416058982406,25.741527434422242,25.783860592519318,25.83101306125516,25.882820556879196,25.93910191625865,25.999659550621832,26.06427995338985,26.132734263867764,26.204778888381036,26.280156180289147,26.35859517997427,26.43981241563232,26.523512765248796,26.609390379744987,26.697129666744836,26.786406333899983,26.876888490141123,26.968237802616095,27.06011070643811,27.152159663771766,27.244034468124653,27.335383589075626,27.425855552088386,27.515100347445365,27.602770861786222,27.688524325247442,27.772023766707314,27.8529394692753,27.930950417778067,28.005745729824334,28.077026061711916,28.14450498049092,28.207910293344153,28.266985325588504,28.32149013877284,28.37120268050394,28.41591985808439,28.455458528357017,28.489656396721436,28.518372818824872,28.541489499078335,28.558911080889416,28.570565624198807,28.576404966815602
25.684570092846364,25.690065938310607,25.701038783669556,25.717450978815513,25.73924615142993,25.766349331289028,25.798667117381783,25.836087889035568,25.878482062435417,25.925702394098682,25.97758433304163,26.033946423438,26.09459075965093,26.159303495428805,26.227855409057387,26.300002526033683,26.375486800684428,26.454036857830886,26.535368795307715,26.619187047699413,26.705185311299505,26.7930475297079,26.882448939010832,26.973057170895537,27.064533411447286,27.15653361276119,27.248709753881105,27.34071114691581,27.432185783568297,27.522781716721923,27.61214847110256,27.69993847651322,27.785808516611816,27.869421185737057,27.950446345929244,28.028562575897933,28.10345860346516,28.17483471282838,28.242404117881758,28.305894292779215,28.36504825106097,28.419625764773695,28.46940451526684,28.514181167684722,28.55377236161863,28.58801561081819,28.616770105499327,28.639917411402983,28.657362060459473,28.669032028692282,28.674879097817243
25.779086239685288,25.784590039321053,25.795578761500526,25.812014693179552,25.83384136801703,25.86098369106416,25.893348106458742,25.930822809246887,25.97327800270013,26.0205662027518,26.072522591205463,26.128965419584567,26.189696465411306,26.254501542792585,26.323151069019353,26.395400688778015,26.470991957381795,26.54965308410212,26.63109973640218,26.715035905469232,26.801154832953365,26.889139998409245,26.978666166325063,27.069400491096044,27.161003677697614,27.253131195149816,27.345434539301284,27.437562540780938,27.529162713330756,27.61988263715383,27.709371371323158,27.797280888691297,27.883267526316423,27.96699344388324,28.048128082243604,28.1263496138538,28.20134637663027,28.27281828254338,28.340478192201402,28.404053246610083,28.463286147411466,28.517936377039188,28.56778135047278,28.61261749060459,28.652261219680145,28.686549859710226,28.71534243541765,28.73852037380265,28.75598809527359,28.767673491898766,28.773528289270843
25.87377698254055,25.879288736922273,25.890293337060832,25.90675300700567,25.928611186392743,25.955792655575912,25.98820370386899,26.02573234204899,26.068248560516025,26.11560463463975,26.16763547905249,26.2241590526459,26.284976816140063,26.349874244023525,26.41862139261634,26.490973525813203,26.566671799922634,26.645444008676638,26.72700538917788,26.811059489194253,26.89729909572276,26.985407224246867,27.0750581676201,27.165918602909816,27.25764875392251,27.3499036065396,27.442334173346236,27.534588803413033,27.62631453242215,27.7171584678083,27.806769202877412,27.8947982534288,27.98090150980537,28.064740696913308,28.14598483428682,28.224311688008772,28.29940920595968,28.3709769277556,28.43872736059541,28.502387312209716,28.561699172225694,28.616422133348514,28.666333344079696,28.711228984959305,28.750925260789824,28.78525930177279,28.8140899670504,28.837298544831313,28.854789343947555,28.866490172471778,28.872352699852996
25.968642468114755,25.974162177839087,25.985182657138353,26.00166606715745,26.023555753530992,26.050776371933015,26.083234056870577,26.12081663488784,26.163393883529146,26.210817837639315,26.262923144704132,26.319527471015242,26.38043196051433,26.44542174810135,26.514266529141864,26.586721186761928,26.662526478282377,26.74140978188871,26.82308590432382,26.90725794993623,26.993618251045774,27.08184935903804,27.171625095098246,27.26261165892145,27.354468793087246,27.446851000278354,27.53940880974371,27.631790088903397,27.723641395302806,27.81460936350201,27.90434212093872,27.99249072624084,28.07871062291908,28.16266310097873,28.2440167585198,28.322448955114325,28.397647248482034,28.4693108057562,28.537151780596986,28.600896647341553,28.660287483477852,28.715083191869017,28.765060654428815,28.810015809245137,28.849764643587157,28.884144095758188,28.913012859254778,28.93625208342312,28.953765965472122,28.965482229443154,28.971352488612922
26.06368284356403,26.069210509253196,26.080246868964068,26.09675402094978,26.118675216853543,26.145934987686804,26.178439313175698,26.216075835650777,26.2587141198356,26.306205960071264,26.358385736726063,26.41507082352426,26.47606204765186,26.541144204442947,26.61008662833366,26.682643821693215,26.758556142862073,26.837550554490775,26.919341432958834,27.003631439180285,27.0901124507799,27.17846655501795,27.268367101377233,27.359479812126008,27.451463948571288,27.54397353012474,27.636658602622497,27.72916655175964,27.82114345684264,27.91223547945937,28.002090281074803,28.09035846303151,28.17669502189231,28.260760812633634,28.34222401179195,28.420761572309438,28.49606066161186,28.5678200742169,28.63575161012434,28.699581410147477,28.759051239517355,28.813919711141,28.863963440237328,28.9089781223333,28.94877952708102,28.983204400796197,29.012111271253023,29.035381148881363,29.052918119212638,29.064649822218836,29.07052781497766
26.158898256490115,26.164433878793766,26.175486120223614,26.192017016146,26.21396972422911,26.241268650836943,26.273819620938802,26.31151009267756,26.35420941797126,26.40176915069601,26.454023404126552,26.51078925944126,26.571867227103592,26.63704176289926,26.706081840355587,26.77874158109586,26.854760944493215,26.933866477668204,27.015772126623045,27.100180108833058,27.18678184720314,27.275258964843182,27.36528433948824,27.456523215936468,27.548634374164575,27.64127135024342,27.734083706521858,27.826718346882462,27.918820872305655,28.010036971301357,28.100013839253943,28.188401620105207,28.274854863349812,28.359033988814808,28.440606751346515,28.51924969712123,28.594649603145367,28.666504891194677,28.734527007472536,28.79844175915093,28.857990599078896,28.91293185008969,28.963041860600867,29.008116083480044,29.047970070658604,29.08244037638771,29.111385362648434,29.134685900888776,29.152245964911167,29.16399311057713,29.169878838746865
26.254288854940715,26.259832434537792,26.270900559045252,26.287455200953186,26.309439423969522,26.33677750982796,26.369375128758694,26.40711955474001,26.449879926916108,26.497507558715824,26.549836296348435,26.60668292847519,26.66784764885526,26.733114573752545,26.80225231579958,26.875014615892105,26.951141034435285,27.030357703022045,27.112378137278196,27.19690411121737,27.28362659300957,27.372226741577066,27.462376962873176,27.553742024174042,27.645980224059073,27.738744615200957,27.831684276377988,27.924445629578447,28.016673797356766,28.108013995043155,28.198112951833895,28.286620354154447,28.37319030430732,28.45748278685189,28.53916513480594,28.61791348746295,28.69341423126578,28.76536541512547,28.833478131321023,28.897477853253296,28.957105721268167,29.0121197680154,29.06229607499017,29.107429852303685,29.147336434077122,29.181852182409333,29.21083529341542,29.234166499494002,29.251749662674687,29.263512254668207,29.26940572008573
26.34985478741049,26.35540632500526,26.36649033399874,26.383068724022518,26.405084464829116,26.43246171354289,26.46510598567344,26.502904371055934,26.545725796084792,26.59342133376668,26.645824563269457,26.702751980763587,26.764003463327278,26.82936278771652,26.89859820569103,26.971463077424698,27.047696564368024,27.127024382581702,27.209159617304703,27.293803599076067,27.380646841307698,27.469370038701722,27.559645125385522,27.651136391059875,27.743501652856846,27.836393479970166,27.929460467535325,28.022348555552718,28.114702388052006,28.20616670709367,28.296387775563783,28.385014822258636,28.471701502168692,28.556107364451844,28.637899320181035,28.716753101619354,28.792354704533764,28.86440180482402,28.93260514072125,28.996689851728323,29.05639676556831,29.1114836245841,29.161726243244107,29.206919588802474,29.246878777466762,29.28143997910781,29.310461223892453,29.333823105119656,29.35142937298205,29.363207415008524,29.369108619533048
26.44559620283287,26.451155699152938,26.462255594100174,26.47885773444519,26.500904996003335,26.528321411306894,26.561012341159255,26.598864691277175,26.641747175327264,26.689510625916725,26.741988355200554,26.79899656687643,26.86033482136231,26.92578655592988,26.995119661475456,27.06808711746499,27.144427686394806,27.223866668789274,27.30611671949779,27.390878725566196,27.477842745618737,27.5666890101039,27.657088981281294,27.74870647122929,27.841198815559505,27.93421809992155,28.027412435723953,28.120427280894447,28.212906800848923,28.30449526425266,28.39483846758296,28.483585181886554,28.570388614721075,28.654907879713235,28.73680946586007,28.815768698271015,28.891471181889933,28.96361421948353,29.03190819510448,29.0960779142297,29.155863891834212,29.211023579837608,29.261332525577398,29.306585453336094,29.346597261325858,29.38120392709144,29.410263314792473,29.433655878547444,29.45128525667801,29.463078752481316,29.468987697991796
26.541513250579698,26.547080706381703,26.558196488798963,26.57482238174756,26.596901167124678,26.624356752877077,26.657094345128275,26.695000665489015,26.7379442149274,26.785775585670027,26.83832782288076,26.895416837809424,26.95684187423436,27.022386029957808,27.091816835021895,27.164886888199273,27.241334553030345,27.320884714506764,27.403249597067255,27.488129644252037,27.575214459870526,27.664183810080445,27.75470868522846,27.846452419712943,27.93907186756883,28.0322186308223,28.125540337080075,28.218681962101154,28.31128719258365,28.402999823706654,28.49346518541693,28.58233159089361,28.669251800130308,28.75388449111221,28.835895730611618,28.914960436459204,28.990763822645153,29.063002818668817,29.131387454273103,29.19564220077616,29.255507260290397,29.31073979419035,29.36111508256918,29.40642760663673,29.44649204651567,29.481144187341148,29.510241727186877,29.533664980932183,29.551317474969135,29.56312642833188,29.569043116725883
26.637606080460074,26.643181496524495,26.65431316797956,26.670962815894022,26.69307312825632,26.72056788844621,26.753352147918118,26.791312444208806,26.83431706559593,26.882216363954903,26.93484311747906,26.992012944987007,27.05352477363769,27.119161361780183,27.188689878621144,27.261862542234724,27.33841731721273,27.418078673005407,27.500558403635345,27.585556509108965,27.67276213839529,27.761854593327016,27.852504392288843,27.944374391942905,28.037120964679204,28.130395228836427,28.223844328126415,28.31711275605018,28.409843720491363,28.501680543032034,28.59226808697336,28.6812542075092,28.76829121695347,28.853037357496415,28.93515827358109,29.014328475608973,29.09023278648885,29.162567762318048,29.231043078393046,29.29538287175792,29.3553270315273,29.410632428418324,29.461074075163882,29.50644620980185,29.546563294264743,29.581260921198673,29.610396622510752,29.633850573784166,29.651526189426296,29.66335060416981,29.66927503736688
26.733874842712574,26.739458219849055,26.75060578195861,26.767279187280902,26.78942102989675,26.81695496863628,26.84978590030741,26.887800178381372,26.930865878472545,26.978833112126647,27.031534390582475,27.088785040254376,27.150383671691436,27.216112703807323,27.285738944977325,27.359014232589498,27.435676132288663,27.51544869797088,27.598043293231054,27.68315947452109,27.770485935936712,27.859701514948117,27.950476257928255,28.042472543749913,28.135346263091492,28.228748050521407,28.32232456577717,28.41571982001133,28.508576542190283,28.60053758018625,28.691247330545313,28.780353190354194,28.86750702411193,28.952366638102113,29.034597254288126,29.1138729755175,29.18987823347985,29.26230921073519,29.330875228009692,29.395300087933723,29.45532336650436,29.510701643660575,29.561209664668862,29.606641424287258,29.646811166161946,29.681554290364215,29.710728162562475,29.734212818976246,29.75191156197982,29.763751441963535,29.76968362189674
26.83031968800933,26.835911027050976,26.84707448148718,26.8637716467294,26.885945022969818,26.913518144497488,26.94639575349145,26.984464019376396,27.02759080512243,27.075625981963306,27.128401794207505,27.185733275872785,27.247418720927445,27.313240208853454,27.382964187209872,27.4563421127009,27.533111152014445,27.61299494349672,27.695704420288514,27.780938695271068,27.868386007634058,27.957724730441225,28.048624438009224,28.14074703135706,28.233747919385017,28.327277252820984,28.420981207337025,28.51450331164068,28.607485815679553,28.699571093510517,28.79040307480468,28.87962869841773,28.966899380913194,29.05187249252937,29.134212832621866,29.21359409634935,29.28970032404412,29.362227324596436,29.430884064025264,29.495394010421023,29.55549642654123,29.61094760142517,29.661522012756265,29.707013411910456,29.747235824155847,29.782024456900416,29.811236509496165,29.834751878737887,29.852473754915763,29.86432910403511,29.87026903266147
26.9269407674487,26.932540069256415,26.94371941773935,26.960440345492906,26.982645258827336,27.010257567508873,27.043181859094137,27.081304118989195,27.124491997532534,27.172595125665566,27.225445480782096,27.282857804529232,27.344630074297708,27.410544030156537,27.4803657588539,27.55384633640814,27.63072253055883,27.710717564079363,27.793541939649092,27.878894326547695,27.96646250902775,28.055924395704736,28.14694908878624,28.239198011381276,28.332326090542246,28.42598299307037,28.519814410491854,28.613463388974118,28.70657169934211,28.79878124172191,28.88973547879707,28.979080891067525,29.066468447033422,29.15155508075447,29.234005168846675,29.313491998638607,29.38969921897665,29.462322264939683,29.531069747708642,29.595664800707528,29.655846373320234,29.711370463574163,29.762011281454107,29.80756233484951,29.84783743055174,29.882671583221917,29.911921825822663,29.935467915657252,29.95321293087703,29.965083753066413,29.971031432359958
27.02373823255813,27.029345498012187,27.040540742315297,27.057285435245333,27.079521889244752,27.107173389565038,27.140144369164844,27.178320629434342,27.221569608108712,27.269740695849798,27.32266560315708,27.380158779317828,27.442017885165185,27.508024321361788,27.577943813848414,27.651527057965748,27.728510422492974,27.808616714622364,27.891556006552218,27.977026523936686,28.06471559605391,28.154300667030125,28.24545036690925,28.33782564083023,28.431080933925337,28.524865428989326,28.61882433331564,28.71260021043491,28.80583435193895,28.898168183917672,28.989244701946554,29.07870992804514,29.16621438251989,29.251414563120836,29.333974423588113,29.413566843286628,29.489875079433858,29.562594193167484,29.631432440693253,29.696112620634317,29.756373368883157,29.811970392328323,29.862677633146124,29.908288355634628,29.9486161480109,29.9834958321032,30.01278427440705,30.036361092670425,30.054129252856793,30.066015552089098,30.071970984042107
27.12071223528051,27.126327465291837,27.13753860723537,27.154307068083348,27.176575066416422,27.204265762987067,27.237283436164294,27.275513703346338,27.31882378967189,27.367062845549295,27.42006231459476,27.477636353752708,27.539582307305164,27.605681236521786,27.675698506544133,27.74938443202978,27.82647498278821,27.906692550426595,27.989746776637983,28.075335443418986,28.16314542504486,28.252853701102218,28.344128429417324,28.436630077096602,28.530012607280476,28.623924718680755,28.718011134260205,28.811913934816587,28.905273932607923,28.99773207957152,29.08893090404968,29.178515969461277,29.266137347789133,29.351451100340913,29.434120757842493,29.51381879155658,29.590228066935357,29.663043271040124,29.73197230496441,29.79673763240317,29.857077575625784,29.91274755026378,29.963521230574024,30.009191637150256,30.04957213954823,30.084497366666646,30.113824018463813,30.13743157306984,30.15522288420372,30.167124664489187,30.173087851110562
27.21786292798595,27.223486123487074,27.2347131649429,27.251505396524028,27.273804942957838,27.301534840509493,27.33459921297398,27.37288349376989,27.416254695461767,27.464561728209553,27.517635768766155,27.575290681748807,27.637323494900553,27.703514930100322,27.77362999169356,27.847418613654348,27.924616366821734,28.004945227194952,28.08811440594181,28.173821241376178,28.261752152724643,28.351583654991984,28.442983433738274,28.535611477962455,28.629121268743717,28.723161020627757,28.817374972159783,28.911404721296705,29.00489060086406,29.097473088523692,29.188794245271634,29.2784991757959,29.366237503623474,29.451664853489955,29.534444332962597,29.614248005072835,29.690758343362816,29.76366966067783,29.832689502870593,29.89753999856961,29.95795915629888,30.013702100313512,30.064542236827425,30.110272342636076,30.150705568524177,30.18567635038628,30.215041221560934,30.238679520494106,30.256493988612025,30.268411253994906,30.274382197316395
27.315190463454663,27.320821625406403,27.332064568294438,27.348880573497397,27.371211671896965,27.398980775284763,27.432091852889833,27.470430154169737,27.51386247912331,27.562237497686795,27.615386119757986,27.673121917635985,27.73524160253802,27.80152555695962,27.871738424452214,27.945629758303294,28.022934730367076,28.103374901023926,28.18665905089097,28.27248407457253,28.360535936203572,28.45049068616336,28.542015537679355,28.63477000158805,28.728407076828315,28.822574493693242,28.916916006217257,29.011072729424562,29.104684516587326,29.19739137098618,29.288834886144148,29.37865970789439,29.46651501117264,29.552055984003417,29.63494531067035,29.71485464581958,29.791466070950904,29.86447352455917,29.933584197112683,29.998519882046008,30.05901827401118,30.114834205756424,30.165740815351057,30.21153063567695,30.252016598654556,30.28703294708491,30.31643604761059,30.340105098930362,30.357942730119987,30.369875484685494,30.375854186755973
27.412694994886877,27.41833412427265,27.429592970564567,27.446432752351015,27.46879540668029,27.496603720876294,27.52976150961987,27.568153838414755,27.61164729471779,27.660090308243237,27.713313522055767,27.771130216146013,27.83333678520901,27.899713272368405,27.970023960375418,28.044018021829334,28.12143022959172,28.201981728402348,28.285380868310543,28.371324100166888,28.459496932984063,28.54957495246058,28.641224899437937,28.734105806518787,28.827870190424363,28.922165297113477,29.01663439601717,29.110918119122072,29.20465584003427,29.297487087541214,29.389052987569688,29.478997726964305,29.56697003194469,29.652624653683645,29.735623853037577,29.815638876136994,29.89235141229523,29.9654550255141,30.034656550742813,30.099677446094145,30.16025509221176,30.216144030225912,30.267117129935087,30.31296668020479,30.35350539399813,30.38856732092829,30.41800866086964,30.441708472707585,30.459569273117893,30.471517520981152,30.47750398386799
27.51037667589479,27.516023773722466,27.527298525433622,27.544162086839204,27.566556301157952,27.594403831256106,27.627608337277863,27.66605470078815,27.70960929670763,27.758120314551196,27.811418130553736,27.86931573240972,27.931609198309587,27.998078231989105,28.068486755415424,28.14258356048485,28.2201030210581,28.30076586621612,28.384280015406542,28.470341475703115,28.558635300949703,28.648836612111676,28.740611677585985,28.83361905167368,28.927510768800644,29.02193359050404,29.116530301513965,29.210941050676315,29.304804731828092,29.39776039913608,29.489448710809565,29.579513394578882,29.667602727808514,29.753371024685755,29.83648012249928,29.916600858720354,29.99341453033896,30.066614326720245,30.135906727166113,30.201012854323086,30.26166977470381,30.317631737696086,30.368671344713615,30.414580640501647,30.455172118957346,30.490279636429214,30.51975922594198,30.543489806499554,30.561373782329678,30.57333752765025,30.57933175343496
27.6082356604966,27.613890727798,27.625181387000605,27.642068731132206,27.66449450959229,27.692381260805828,27.72563249038619,27.764132895970416,27.807748639960145,27.856327671678816,27.909700100546193,27.967678621967274,28.03005899762283,28.096620591886683,28.16712696591709,28.241326530915074,28.318953261719397,28.399727471729594,28.483356649776702,28.5695363591111,28.657951198366124,28.748275823725486,28.840176031078016,28.933309896348817,29.027328971597946,29.121879533846304,29.2166038830286,29.31114168474611,29.40513135295318,29.4982114670805,29.590022217491374,29.680206872668812,29.768413260991455,29.85429525952356,29.937514281840485,30.017740756619073,30.094655588377627,30.16795159171369,30.23733489013328,30.302526270689935,30.363262485636955,30.41929749248921,30.470403624168526,30.51637268118322,30.55701693827786,30.592170058439333,30.621687907767637,30.64544926532102,30.6633564228237,30.67533566979205,30.68133766057961
27.70627210312259,27.71193514095411,27.72324170975947,27.74015283979696,27.762610186653024,27.79053616430998,27.823834123869634,27.86238857905205,27.906065479747156,27.95471253509999,28.008159587724364,28.0662190407445,28.128686339338817,28.195340508511627,28.265944748621717,28.34024709015311,28.417981108912322,28.498866702605422,28.58261092940056,28.668908908702903,28.75744478388263,28.84789274628779,28.93991811923904,29.033178500217875,29.12732495882754,29.22200328749387,29.3168553012513,29.41152018235322,29.505635864759718,29.598840453042275,29.690773669593472,29.781078323520024,29.86940179407399,29.955397521058057,30.038726494198347,30.119058733227234,30.196074750058777,30.269466984370855,30.338941203742422,30.404217859497976,30.465033389497545,30.521141459270265,30.57231413311958,30.618342967214975,30.659040017045534,30.69423875214902,30.72379487162474,30.747587014524825,30.76551736000755,30.777512112851383,30.783521870761547
27.8044861586001,27.810157168042842,27.821479648617377,27.838414567810254,27.860903487406546,27.88886869695636,27.922213393056243,27.960821905520344,28.004559971737677,28.05327506068555,28.10679674818002,28.164937145068627,28.22749138003587,28.29423813871309,28.364940260654013,28.439345395619206,28.517186720366674,28.59818371687924,28.682043012642676,28.768459283166546,28.857116216519632,28.947687539161336,29.039838101772016,29.133225023319937,29.227498890871836,29.322305012161547,29.417284717236843,29.512076704885555,29.60631842895945,29.699647519051524,29.791703229458392,29.882127909774933,29.970568489993063,30.05667797250819,30.140116923061534,30.220554952295654,30.297672179370668,30.37116066891348,30.44072583243384,30.506087785388345,30.566982651121844,30.623163803041077,30.674403036725863,30.720491663894524,30.761241520680993,30.79648588308912,30.826080283134743,30.84990321979573,30.867856759620842,30.879867022603115,30.885884549773746
27.90287798216769,27.908556964323605,27.919895358876055,27.936854070548797,27.959374567324772,27.987379014329452,28.020770453667904,28.059433031256933,28.103232271994685,28.15201540469732,28.2056117383917,28.26383309165774,28.326474276683314,28.393313639726383,28.46411365952905,28.538621605121733,28.616570254190457,28.697678672973947,28.781653058241343,28.868187641570227,28.956965655680968,29.047660362077142,29.139936138747434,29.23344962606459,29.32785092847716,29.422784868937864,29.517892292399576,29.612811414087126,29.707179207620356,29.800632827494965,29.892811059780055,29.98335579442696,30.07191351203019,30.15813677744021,30.241685732263285,30.322229577911397,30.39944804065047,30.473032809911327,30.542688940989812,30.60813621335084,30.669110435677513,30.725364689147927,30.776670500486578,30.82281893685934,30.863621614944325,30.898911617120884,30.92854430824479,30.95239804715684,30.97037478773584,30.982400565156368,30.988425863744574
28.001447729453538,28.00713468545424,28.018488996243125,28.03547150378673,28.05802358227208,28.086067272416763,28.119505461831398,28.158222112546223,28.20208253697958,28.250933723795047,28.30460471523872,28.362907037618683,28.425635186637827,28.49256716917232,28.563465103150037,28.638075876849495,28.716131868874708,28.79735172969101,28.88144122531764,28.968094143358,29.056993261133513,29.147811375142435,29.240212390605915,29.33385246922857,29.428381232756497,29.523443019269074,29.618678188519386,29.71372447205819,29.8082183631649,29.90179654110947,29.994097323604635,30.0847621408244,30.17343702382199,30.259774099765796,30.3434330859835,30.424082774510794,30.501402498575555,30.575083572265076,30.644830694531443,30.71036330870107,30.771416908675164,30.827744283264888,30.879116690232557,30.92532495207741,30.966180465922445,31.00151612043784,31.031187113240996,31.0550716629613,31.073071610762533,31.085112906955146,31.091145979135415
28.1001955564886,28.105890487483208,28.117260716815572,28.134267023692285,28.156850688515878,28.184933627593313,28.21841857405591,28.257189306058645,28.30111092354178,28.35003017502636,28.403775835977857,28.46215914044902,28.524974267640143,28.59199888505788,28.66299474979501,28.737708369372847,28.81587172328718,28.897203046204016,28.981407673359552,29.068178948342677,29.15719919302199,29.24814073883072,29.34066701815262,29.434433713951677,29.529089965184028,29.624279624955292,29.719642567727675,29.81481604126018,29.909436058372894,30.00313882298701,30.095562184326344,30.18634711265513,30.275139189346422,30.361590103741925,30.44535914874416,30.526114706869663,30.60353571816316,30.67731312122493,30.74715125852057,30.812769237099467,30.87390223595581,30.930302751404643,30.981741772129034,31.028009875851122,31.068918240043462,31.1042995595684,31.134008864731587,31.15792423389205,31.175947395433507,31.18800421476542,31.19404506272937
28.199121619698033,28.20482452686123,28.216210677088558,28.23324078682864,28.255856042708338,28.283978236630688,28.31750994725217,28.35633476885523,28.400317588920927,28.44930491582504,28.50312525826246,28.561589558025524,28.62449167782147,28.691608945769584,28.76270275812829,28.837519241638354,28.915789976671714,28.99723278206599,29.081552562234627,29.16844221671141,29.257583611856894,29.34864861397857,29.441300182557995,29.53519352173427,29.629977287591146,29.72529484816479,29.820785592514802,29.916086284505433,30.010832456373798,30.10465983656562,30.19720580569166,30.288110873959422,30.37702017292911,30.46358495396617,30.5474640854092,30.628325540104026,30.70584786476638,30.779721622369518,30.849650798747568,30.91535416454009,30.976566583694122,31.03304025991078,31.08454591267053,31.1308738748119,31.171835104054487,31.20726210136529,31.237009729661768,31.26095592695735,31.279002308812885,31.291074655689297,31.29712328164256
28.298226075896125,28.303936960427794,28.315339033943765,28.332392950152585,28.3550398018966,28.383201256686856,28.416779738710833,28.455658658390238,28.49970269074207,28.548758104011117,28.60265314012382,28.661198448612083,28.724187575684148,28.791397510073033,28.862589287185813,28.93750865297153,29.015886788647855,29.097441097197848,29.181876052176076,29.268884109013804,29.358146678511897,29.449335161789815,29.542112045353075,29.63613205444127,29.731043362167718,29.826488851412375,29.92210742572451,30.017535364955183,30.11240772064499,30.206359745636075,30.299028351787637,30.390053589119994,30.479080139233407,30.56575881537806,30.6497480611762,30.73071543966392,30.80833910407506,30.88230924161359,30.952329481338822,31.018118257342703,31.07941011839405,31.13595697545197,31.187529278678255,31.233917115920097,31.274931225034905,31.310403913012905,31.340189875295238,31.36416690949389,31.38223651828352,31.394324397142395,31.400380803312334
28.39750908228528,28.403227945405536,28.414645944657583,28.431723671003173,28.45440212351406,28.48260284530818,28.516228106113797,28.555161132495368,28.599266387014897,28.648389897788544,28.702359639975526,28.7609859708467,28.824062120115414,28.891364737112145,28.962654496382452,29.037676763066024,29.116162319206165,29.197828151891144,29.282378303785507,29.369504786168214,29.458888554227464,29.550200543826396,29.643102768428584,29.737249474285743,29.832288351460953,29.927861797568845,30.02360823054906,30.119163446123544,30.214162015011134,30.308238714326773,30.40102998704478,30.492175422856672,30.581319253264752,30.668111853255603,30.752211241586178,30.833284571335515,30.91100960211441,30.985076145203546,31.055187472751978,31.121061682161194,31.18243300689182,31.239053065031992,31.290692037306556,31.337139766454932,31.378206770385447,31.413725162010284,31.443549469223136,31.467557349158458,31.48565019155794,31.49775360687274,31.50381779550447
28.496970796458147,28.502697639412432,28.514131566888693,28.531233107110957,28.553943165377163,28.582183160425778,28.61585520752587,28.65484234938996,28.699008836131902,28.748200455739838,28.802244916609986,28.8609522837534,28.924115470375607,28.991510786400724,29.062898545505202,29.13802373198972,29.21661672870037,29.29839410680619,29.383059478031665,29.470304409455565,29.559809400599157,29.65124492201156,29.744272514030857,29.838545943843325,29.933712418368327,30.02941384985799,30.12528817052925,30.220970691868825,30.316095503644068,30.410296907115878,30.503210876235798,30.59447654023522,30.683737680364327,30.77064423320647,30.854853792509445,30.93603310123798,31.013859525235603,31.088022499715336,31.158224939769408,31.224184605974283,31.285635416342036,31.34232869597054,31.394034356025433,31.440541994029378,31.481661907832166,31.517226016186747,31.547088679355834,31.571127413930693,31.5892434966658,31.60136245294202,31.60743442629467
28.596611376391163,28.602346200442533,28.613796058680922,28.630921416585927,28.653663085689484,28.681942360351588,28.715661201390176,28.7547024676718,28.798930196859178,28.848189936824973,28.902309129194826,28.96109754672111,29.024347786097692,29.09183581783164,29.163321594707217,29.238549720177772,29.317250177857186,29.399139122961508,29.483919736237183,29.571283140514122,29.66090937958858,29.752468458624165,29.845621444761722,29.940021626037932,30.035315726135977,30.13114517184668,30.22714740955641,30.322957266390535,30.41820835105535,30.512534488815195,30.60557118447349,30.696957106651062,30.786335586211795,30.87335612117892,30.95767588014673,31.0389611958219,31.116889040120576,31.19114847205171,31.261442049502012,31.327487196084647,31.38901751423194,31.445784035916834,31.497556402630565,31.54412396656586,31.58529680541999,31.62090664368602,31.650807673920593,31.674877272107363,31.69301660195501,31.70515110373301,31.711230864084712
28.69643098043598,28.702173786878525,28.71363957845717,28.73078875791813,28.753562043031057,28.78188060377723,28.815646246530278,28.854741646312412,28.899030628345614,28.948358500379758,29.002552437274012,29.061421919519326,29.124759227286123,29.192339991658955,29.263923804512892,29.33925488842988,29.41806282776441,29.5000633617434,29.584959240094193,29.672441141345086,29.762188653506122,29.853871316293088,29.947149723570043,30.041676684142757,30.137098438361303,30.233055927450685,30.329186111859585,30.425123334236602,30.520500722094386,30.614951624579483,30.708111077201817,30.799617287836988,30.889113136810902,30.976247683448655,31.060677671033144,31.14206902186082,31.220098313781314,31.29445422944187,31.36483896938528,31.430969620119296,31.492579468363427,31.549419252837478,31.601258345237383,31.64788585231608,31.689111631511715,31.724767212972683,31.754706621467882,31.77880709230398,31.796969676088487,31.809119727945372,31.815207277589025
28.796429767330885,28.802180557473964,28.813662285021017,28.830835289977298,28.853640196357258,28.881998049769543,28.91581050214571,28.954960044662737,28.999310290112327,29.048706306112496,29.102975000763124,29.16192556227998,29.22534995431511,29.29302346850959,29.364705335812168,29.44013939790868,29.519054839870392,29.601166984897624,29.686178151646963,29.77377857430153,29.863647385024347,29.955453658003936,30.048857513763643,30.143511281782516,30.239060718983417,30.335146280928605,30.431404442012894,30.52746906028809,30.622972781952804,30.71754847989837,30.81083072020594,30.902457249858923,30.9920704985071,31.07931908661917,31.163859332023282,31.245356746456345,31.323487513547054,31.39793993943686,31.46841586717592,31.53463204602621,31.596321446858504,31.653234515017566,31.70514035227521,31.751827819840322,31.793106554786153,31.82880789282484,31.858785690856244,31.88291704344685,31.9011028880479,31.91326849458896,31.919363835837313
28.896607896186413,28.902366671366693,28.913864337549395,28.931061172009382,28.95389770500564,28.98229485777419,29.01615412780885,29.055357822450322,29.099769342047104,29.14923351410099,29.203576979942294,29.262608635511327,29.326120127925027,29.393886409368562,29.46566634985245,29.541203410139985,29.620226375985187,29.70245015452281,29.787576633298226,29.875295602091782,29.965285737155305,30.057215647091965,30.150744978990065,30.24552558292237,30.341202732289833,30.43741639688161,30.53380256492955,30.629994609771245,30.725624696154984,30.820325220590785,30.913730279593498,31.005477159110974,31.095207837964956,31.182570497623882,31.267221030305507,31.348824537036634,31.42705680707584,31.50160576990746,31.572172910945802,31.638474642068772,31.70024361815965,31.757229991057596,31.809202592495105,31.855950038016235,31.897281744235276,31.933028852333273,31.96304505126147,31.98720729477656,32.00541640712139,32.01759757298801,32.02370070816772
28.996965526489184,29.00273228806244,29.014245895597195,29.031466563634677,29.054334728679667,29.082771187604102,29.11667728346309,29.155935139761908,29.200407944410458,29.24994028479208,29.304358535461652,29.36347130007898,29.427069909215824,29.494928975588408,29.566807008246816,29.642447087006328,29.721577598273587,29.803913033073453,29.889154847801727,29.97699238777256,30.067103873272227,30.159157447233895,30.252812283243784,30.347719751874045,30.44352464290369,30.53986644024761,30.636380645856157,30.73270014823491,30.828456630557966,30.923282012815257,31.016809921809735,31.108677182316548,31.198525322180693,31.286002083718177,31.370762933385556,31.452472561348348,31.530806362341714,31.605451889044563,31.676110269092717,31.742497576829965,31.804346151023378,31.861405849874192,31.91344523495593,31.960252676036372,32.001637369164094,32.037430260900166,32.06748487216892,32.09167801584525,32.10991040291009,32.12210713277857,32.12821806423318
29.097502818096437,29.1032775674398,29.11480711908447,29.132051624839146,29.154951427455405,29.18342719944272,29.217380129421574,29.256692157059224,29.301226257832045,29.350826778997735,29.405319828333155,29.464513717213222,29.528199459651123,29.596151328879763,29.668127472964553,29.74387059074946,29.823108669253255,29.905555783362374,29.990912958261358,30.07886909475323,30.169101957083612,30.261279222456206,30.355059590860467,30.450093953286377,30.546026615790456,30.642496576302506,30.739138850381767,30.83558584157633,30.931468751352664,31.02641902304967,31.120069813624596,31.21205748652461,31.302023118472004,31.389614012479786,31.47448520909412,31.55630098745875,31.634736347638096,31.709478465356185,31.780228110319563,31.846701019204083,31.908629214517873,31.965762260694166,32.017868449028114,32.0647359033985,32.106173599185794,32.14201228823715,32.172105323370396,32.19632937651087,32.21458504532064,32.22679734389753,32.23291607398908
29.19821993123233,29.204002669748498,29.215548168303258,29.232816515978758,29.255747961775707,29.284263053841375,29.318262826360623,29.35762903516852,29.40222444330048,29.451893157891647,29.506461019933784,29.565736048507137,29.629508941054265,29.69755363130923,29.769627906330076,29.845474083957047,29.92481975179797,30.007378568545104,30.09285112813029,30.18092588678547,30.271280152652555,30.36358113712598,30.45748706652259,30.552648352149657,30.648708816249492,30.745306970655456,30.842077344420886,30.938651856008022,31.03466122505582,31.1297364181058,31.22351012212926,31.315618239104,31.4057013944757,31.493406451806795,31.578388025570828,31.660309983747027,31.73884693157094,31.8136856676614,31.884526603648464,31.95108513839584,32.01309297802112,32.07029939305711,32.1224724043941,32.169399889913045,32.21089060422191,32.246775104362676,32.27690657496491,32.30116154693761,32.31944050456798,32.33166837659311,32.33779490769778
29.29911702649089,29.304907755601057,29.31646920391214,29.333761397778243,29.356724492450827,29.385278911714458,29.41932553532198,29.45874593527565,29.503402662168178,29.553139583005336,29.607782271995152,29.667138455904947,29.73099851560195,29.799136045297416,29.871308471019432,29.947257729577462,30.026711009124814,30.109381552125956,30.194969521208122,30.283162927965403,30.373638624377044,30.466063355949522,30.56009487524154,30.655383113790545,30.75157140991602,30.848297789250257,30.94519629421954,31.041898358081607,31.13803421851111,31.23323436511901,31.32713101474282,31.41935960774813,31.509560318153294,31.59737956991368,31.68247155128187,31.764499718913587,31.84313828306233,31.918073665093424,31.98900591841224,32.055650103926084,32.11773761122055,32.175017416804614,32.22725727103898,32.27424480569342,32.31578855449667,32.35171887959993,32.38188879735521,32.40617469759261,32.42447695116518,32.43672040141289,32.442854735924115
29.40019426482809,29.4059929859769,29.41757038693212,29.434886431323893,29.45788118065171,29.48647493433954,29.52056841771044,29.56004301892814,29.60476107614465,29.654566216235732,29.709283746607696,29.76872110171754,29.832668345827486,29.90089873361656,29.973169330059683,30.0492216909009,30.128782604805128,30.211564897959132,30.2972683016328,30.385580382732595,30.47617753699714,30.56872604397198,30.662883182371043,30.758298403866984,30.854614562754563,30.95146919835553,31.048495866353672,31.145325514670297,31.24158789888579,31.33691303154291,31.430932659203755,31.523281760468528,31.613600057781948,31.701533535334157,31.78673595500412,31.868870361969268,31.947610571346033,32.0226426270948,32.09366622424903,32.1603960856163,32.222563284110535,32.27991650208533,32.33222321925475,32.37927082115465,32.42086762054192,32.456843784571085,32.4870521612475,32.51136899924665,32.52969455593577,32.54195358920683,32.54809572953603
29.501451807562212,29.507258522216166,29.518851878747018,29.53619177805986,29.5592181879079,29.58785128335451,29.621991635284907,29.661520448032615,29.70629984730321,29.756173219828064,29.810965606217096,29.870484148595633,29.934518594614946,30.002841859393275,30.07521064682742,30.15136613156672,30.231034702747113,30.31392877023658,30.399747633890936,30.48817841586546,30.5788970555904,30.671569366572403,30.765852153593496,30.861394388367703,30.95783844106279,31.05482136457564,31.151976227722447,31.248933492972263,31.345322433669594,31.440772585155933,31.534915223566045,31.627384865591385,31.71782078194688,31.805868516908518,31.891181405823502,31.973422082230496,32.05226396596276,32.127392723416484,32.19850769110704,32.26532325359316,32.327570166989666,32.38499681935586,32.437370419634064,32.48447810702144,32.52612797318525,32.56214999020292,32.59239683764464,32.616744622965,32.63509348999107,32.64736811112659,32.65351805969775
29.602889816368876,29.60870452601309,29.62031384109589,29.63767759979134,29.66073567610875,29.689408120748407,29.723595350165372,29.763178384849432,29.80801913805974,29.85796075638353,29.91282801361992,29.97242775954842,30.036549425196068,30.104965586097606,30.177432585044652,30.25369121556194,30.333467467210486,30.41647333349381,30.502407682803018,30.59095719247655,30.68179734556776,30.774593489462845,30.86900195492728,30.964671233613945,31.061243211462443,31.15835445482986,31.255637545551085,31.352722460506026,31.44923799067335,31.544813194050043,31.639078876202664,31.73166909175951,31.82222265955653,31.91038468379617,31.995808073137496,32.07815504932945,32.157098636760416,32.232324124113816,32.30353048923398,32.37043177829306,32.4327584304568,32.49025853936948,32.54269904307242,32.58986683430583,32.63156978355563,32.66763766771812,32.697922997850874,32.72230174011745,32.74067392474642,32.752964138614445,32.75912189786878
29.704508453284415,29.710331159426833,29.721956436076745,29.739344058678043,29.762433807498866,29.79114560887282,29.82537972482022,29.86501699199171,29.909919111192075,29.959928988857197,30.014871131959403,30.074552097931637,30.138761001148147,30.20727007754504,30.27983530877698,30.356197107205478,30.436081062785238,30.519198752602325,30.60524861352666,30.69391687801653,30.78487857267355,30.877798578688882,30.972332752715747,31.06812910625117,31.164829040899846,31.26206863636972,31.35947998738343,31.456692585108236,31.553334738024397,31.649035026635953,31.743423785799504,31.836134607928887,31.926805859824054,32.01508220546013,32.10061612665264,32.18306943319921,32.26211475389078,32.33743699954583,32.408734789182645,32.475721830445536,32.538128245413894,32.59570183317756,32.64820926075811,32.695437174327836,32.7371932230782,32.773306988635646,32.80363081346347,32.82804052236359,32.846436031911416,32.85874184341165,32.86490741580876
29.806307880694547,29.81213858486609,29.82377982613898,29.84119131723689,29.864312744673988,29.893063910427507,29.92734492207494,29.96703643242457,30.011999929821105,30.06207808054225,30.11709512472993,30.17685732744409,30.241153486395767,30.309755497893757,30.38241898242871,30.458883971166273,30.53887565440681,30.622105192773983,30.70827059155484,30.79705763826684,30.8881409029876,30.981184800620664,31.07584471362917,31.171768173250893,31.268596096648015,31.3659640767598,31.463503721084557,31.560844034937386,31.657612844163484,31.75343825163728,31.847950121353993,31.940781583361197,32.031570552270054,32.1199612516721,32.20560573637684,32.28816540407965,32.3673124878118,32.4427315203722,32.514120761807085,32.581193581084726,32.64367978305892,32.701326872130636,32.753901244183545,32.801189298698496,32.84299846347249,32.879158124769624,32.909520456373144,32.93396114165691,32.95237998348563,32.96470139755078,32.9708747855618
29.90828826133664,29.91412696508672,29.92578417408637,29.94321953833011,29.966372650583228,29.99516318845963,30.029491105097602,30.069236869456343,30.114261757418745,30.16440819508946,30.219500155767708,30.279343612131136,30.34372704520398,30.412422011645134,30.48518377074524,30.56175197244356,30.641851407342152,30.725192819546447,30.81147378271034,30.90037963933536,30.991584502906132,31.084752321956273,31.17953800466228,31.275588601906232,31.372544546296716,31.470040943890734,31.567708914831705,31.66517697845954,31.762072477846377,31.858023038086092,31.952658052171138,32.045610187628554,32.136516906723706,32.22502199250627,32.31077707262508,32.39344313250893,32.47269200927651,32.54820785754911,32.61968857825637,32.68684720153759,32.74941321488056,32.807133827873166,32.85977516512661,32.9071233793197,32.94898567675134,32.985191248222506,33.015592098762276,33.04006377024225,33.05850595176079,33.07084297335524,33.07702417946954
30.01044975830441,30.016296463202536,30.027969643068733,30.0454288851702,30.06861368852076,30.097443606366888,30.131818437408022,30.17161846674847,30.216704757798002,30.266919496485098,30.322086389254135,30.38201111637636,30.446481842177683,30.51526978363034,30.588129838808598,30.664801276374174,30.745008487189757,30.828461798794255,30.9148583531456,31.003883047663365,31.095209539157757,31.18850130971787,31.28341279313029,31.379590559828312,31.476674557752354,31.57429940596211,31.6720957371206,31.76969158446126,31.8667138081353,31.962789555328595,32.05754774786563,32.1506205906073,32.241645093316286,32.330264598341536,32.41613030600998,32.498902789327055,32.57825348933727,32.65386618233525,32.725438409975865,32.792682863426215,32.85532871267048,32.91312287234376,32.96583119566107,33.013239588389716,33.05515503521494,33.09140653139228,33.12184591310346,33.14634858065351,33.16481410931948,33.17716674343513,33.18335577015699
30.11279253502769,30.11864724266759,30.13033639658429,30.147819521314723,30.171036022123328,30.199905327893017,30.234327082868486,30.27418138829914,30.319329095114817,30.36961214906087,30.424853989704236,30.48486000490332,30.54941804225106,30.618298979025727,30.691257352032572,30.76803204862574,30.8483470598825,30.9319122967221,31.018424469341117,31.107568030014598,31.199016178798402,31.292431931248476,31.387469246675472,31.483774214947612,31.580986299243303,31.678739631493233,31.776664356760264,31.874388022031194,31.971537004409484,32.06773797301014,32.16261937835749,32.25581296247911,32.34695528248305,32.435689239856565,32.52166560744343,32.60454454566748,32.683997099345746,32.75970666628148,32.83137042870646,32.89870073866677,32.96142644850369,33.01929417776676,33.07206950815017,33.11953809838772,33.1615067114544,33.19780414695671,33.22828207215242,33.252815745709825,33.271304629024,33.28367288068865,33.28986973053936
30.215316755289567,30.221179467284443,30.232884598471365,30.250391610667652,30.27363981538031,30.302548517119114,30.33701720567999,30.37692579844788,30.42213493386883,30.472486317481497,30.527803121975747,30.58789044277157,30.65253581071093,30.72150976333421,30.794566476163855,30.871444455195796,30.951867291680433,31.03554447985417,31.122172298099727,31.211434753472663,31.303004589196895,31.396544354209098,31.491707533243456,31.58813973551324,31.685479939303278,31.783361789309886,31.881414942862566,31.979266460571793,32.07654223634655,32.172868461089855,32.26787311386713,32.36118747372641,32.45244764495579,32.54129608802542,32.62738314813644,32.71036857296575,32.78992301094439,32.865729481227355,32.93748480647526,33.0049009994651,33.06770659475,33.12564791665758,33.17849027524276,33.22601908208543,33.26804087834448,33.30438426788487,33.33490074895503,33.35946543851631,33.37797768402802,33.390361558296384,33.39656623380963
30.318022583210738,30.32389330118932,30.335614412915945,30.35314531747245,30.376425232612615,30.405373338469982,30.439888970386985,30.479851861877403,30.525122438890342,30.575542166755643,30.630933951260776,30.691102595372058,30.75583531315715,30.824902302394577,30.898057377277933,30.97503866241267,31.05556934916657,31.139358515047427,31.226102006551585,31.31548338544586,31.407174938048765,31.50083874657901,31.59612782111003,31.692687290081246,31.790155646783372,31.88816604855273,31.986347664852662,32.0843270697881,32.18172967392821,32.278181189821524,32.373309124917185,32.46674429512814,32.55812235176628,32.647085314120304,32.73328309958936,32.81637504294649,32.896031396063265,32.97193479930936,33.04378171560443,33.11128381831277,33.17416932405852,33.23218426181847,33.28509366987327,33.33268271253781,33.37475770904588,33.41114706742548,33.44170211683711,33.46629783245908,33.484833447760955,33.49723294972129,33.50344545344727
30.420910183252122,30.42678890886981,30.438526004440632,30.45608080631079,30.479392438480488,30.508379956705664,30.542942541868054,30.582959743600473,30.628291775347513,30.678779862217294,30.734246643080986,30.79449662842889,30.859316715527928,30.928476762368202,31.001730221775613,31.078814836925535,31.159453399249514,31.243354569472473,31.33021376214148,31.41971409365987,31.511527393357845,31.605315276652487,31.700730278851484,31.797417047522835,31.89501359084188,31.993152578662688,32.091462692462905,32.18957001969262,32.287099487446106,32.383676329762544,32.47892758232743,32.57248359776102,32.663979574239974,32.75305708971009,32.83936563360004,32.92256412761846,33.002322426933404,33.07832279294582,33.150261328697,33.217849367987974,33.28081480937137,33.33890338633468,33.39187986526014,33.439529163080586,33.48165737699773,33.51809271911,33.54868634940099,33.57331310120477,33.591872093936246,33.604287228705076,33.61050756321336
30.52397972021112,30.52986645514083,30.541619537898562,30.559198242101232,30.582541597984903,30.61156853692518,30.64617808533691,30.68624960896659,30.731643108742762,30.782199569539653,30.83774136329229,30.89807270799571,30.962980184090643,31.032233309746136,31.1055851763844,31.182773145706776,31.26351960916007,31.347532810624628,31.434507732633698,31.524127046156643,31.6160621234461,31.709974113036974,31.805515075363218,31.90232917701641,32.0000539409438,32.09832154939371,32.19676019572082,32.29499548059201,32.39265184747763,32.48935405176373,32.58472865721319,32.67840555299841,32.770019483994275,32.85921158664712,32.94563092225568,33.02893599929126,33.10879627605931,33.18489363484455,33.25692381864745,33.32459782155609,33.38764322391171,33.445805463574956,33.498849034902555,33.54655860733248,33.588740055923886,33.62522139674993,33.65585362053586,33.680511418698174,33.699093796545604,33.71152456927075,33.71775273713649
30.627231359222257,30.63312610515465,30.644895178484827,30.662497790094598,30.68587287645488,30.714939244554746,30.749595766336554,30.78972162365343,30.835176604907552,30.885801454717658,30.941418278074316,31.001831000449613,31.066825885434646,31.136172111341892,31.209622408157475,31.286913756051753,31.367768146447172,31.451893406315715,31.53898408611028,31.628722411288056,31.720779296950138,31.814815424643268,31.910482379842378,32.007423848045704,32.10527686685749,32.203673130795785,32.3022403449631,32.40060362310275,32.4983869249133,32.59521452697776,32.69071252098755,32.78451033250389,32.87624225293949,32.96554897707704,33.05207913792176,33.13549083055242,33.215453116240234,33.29164749799534,33.36376935862618,33.43152935235893,33.49465474117538,33.552890667179746,33.606001352577756,33.653771219185046,33.6960059198204,33.732533274429315,33.76320410440199,33.78789295916187,33.80649872985207,33.8189451457094,33.825181149533435
30.7306652657455,30.736568024397172,30.74835309172556,30.765979615876216,30.789386439553073,30.818492245354943,30.85319575074525,30.8933759536702,30.93889242999581,30.989585684079135,31.045277553935108,31.105771672496132,31.170853986472128,31.240293334289962,31.313842084455118,31.391236835572204,31.4721991789744,31.556436524668605,31.643642990962192,31.733500357722864,31.825679082810797,31.919839380699543,32.015632361796044,32.11270123039981,32.21068253865501,32.30920749322174,32.40790331082088,32.50639461812592,32.604304890926535,32.70125792685011,32.796879345352686,32.89079810822873,32.98264805327477,33.07206943343732,33.15871045326261,33.24222879427743,33.322293120553255,33.39858455567174,33.47079812208981,33.53864413402056,33.60184953494843,33.66015917107895,33.71333699234014,33.761167172811824,33.80345514295851,33.84002852651111,33.87073797543321,33.89545789708878,33.914087068397215,33.92654913259387,33.93279297498573
30.83428160558166,30.84019237868175,30.85199344347232,30.869643885357732,30.89308245327169,30.92222770541281,30.95697820476223,30.997212765351307,31.042790750496604,31.093552424269536,31.149319357702215,31.209894891156683,31.275064654438612,31.3445971460447,31.418244372968747,31.495742552196006,31.576812874921725,31.66116233412479,31.748484615895066,31.838461054434294,31.93076165027847,32.02504615073199,32.12096519103327,32.21816149417015,32.31627112670894,32.41492480732505,32.5137492642203,32.61236863686422,32.710405916989366,32.8074844231089,32.90322930229747,32.99726905241613,33.08923705748176,33.178773128440724,33.265525041220016,33.34915006362055,33.42931646236104,33.5057049814252,33.57801028276915,33.6459423404427,33.709227779284994,33.767611149469076,33.82085612851653,33.86874664265522,33.911087899888216,33.94770732762999,33.9784554083394,34.00320640724612,34.021858986989706,34.034336704763874,34.04058838834774
30.938080544847427,30.94399933415151,30.95581639990772,30.973490764777484,30.996961083923285,31.026145791141687,31.06094329491466,31.101232225356473,31.146871733214258,31.19770184226522,31.253543856527127,31.314200823780244,31.379458056881795,31.449083714379075,31.522829441698608,31.60043107416668,31.681609402779912,31.76607100343023,31.853509129918365,31.943604670704147,32.036027168909996,32.130435904575236,32.226481037663625,32.32380480974693,32.42204280168641,32.52082524404962,32.619778376386286,32.71852585081515,32.816690174863176,32.9138941877816,33.00976256410334,33.10392333759653,33.1960094383307,33.285660235090575,33.37252307501625,33.456254812018535,33.5365233152983,33.61300894908433,33.68540601467191,33.75342414580027,33.81678964851501,33.87524677682392,33.92855893571081,33.97650980343292,34.018904365425776,34.0555698526912,34.08635657809631,34.11113866466796,34.12981466071205,34.14230803732772,34.14856756474564
31.04206224999264,31.047989057270442,31.059822127533856,31.07752042070012,31.101022498150705,31.13024666927565,31.165091188052426,31.20543450066355,31.25113554527334,31.30203410535075,31.357951217880334,31.418689638022734,31.484034361672453,31.55375320737451,31.627597458957844,31.705302570035307,31.786588931350778,31.871162701643676,31.95871670235448,32.04893137612117,32.14147580856336,32.23600881235957,32.33218007209865,32.42963134781888,32.52799773455439,32.62690897463897,32.72599081882849,32.82486643175856,32.923157836596545,33.02048739317958,33.11647930333511,33.21076113657825,33.30296536887083,33.39273092666861,33.47970472815262,33.563543213185696,33.643913853281674,33.72049663275641,33.79298549208473,33.86108972454323,33.924535317244235,33.98306622788663,34.03644558879522,34.084456830130236,34.1269047146548,34.16361627686571,34.194441659950876,34.21925484466122,34.23795426490937,34.25046330566082,34.256730679567134
31.14622688778588,31.152161714827233,31.16401079317938,31.181733020009535,31.205266862916414,31.234530506870875,31.26942205134464,31.309819758570256,31.35558235412385,31.406549381137236,31.46254160954449,31.52336150186243,31.588793736985846,31.658605793428798,31.732548593371902,31.81035720866342,31.891751629741112,31.976437598124125,32.06410750282405,32.15444134057025,32.247107739394266,32.341765044518525,32.43806246504618,32.53564127936376,32.634136096568476,32.73317617062325,32.832386763356695,32.931390551769724,33.02980907452838,33.12726421189457,33.223379692836865,33.317782622456114,33.41010502243366,33.499985376731374,33.587070174411195,33.671015441110136,33.751488250500095,33.82816820681431,33.90074888955936,33.968939251390275,34.03246496034054,34.09106967767031,34.144516262905974,34.192587898000944,34.23508912293282,34.27184677559449,34.302710829412206,34.32755512279233,34.34627797519366,34.35880268540782,34.365077908472124
31.250574625317455,31.256517473934533,31.26838256399417,31.28612872991345,31.309694345498386,31.33899747130513,31.37393605227645,31.41438816669428,31.460212327523127,31.51124783754449,31.56731519961678,31.62821658358989,31.693736351317202,31.76364164124918,31.83768301387094,31.915595159219976,31.997097667364642,32.0818958625415,32.16968170125145,32.260134734242264,32.35292313186196,32.44770477178002,32.54412838750349,32.64183477566237,32.740458059280634,32.83962700382415,32.9389663820587,33.03809838320544,33.13664406127637,33.23422481680405,33.33046390573867,33.42498796859937,33.51742857262527,33.60742375911555,33.694619587842155,33.77867167005638,33.85924668141321,33.93602384591095,34.00869638192096,34.07697290133018,34.14057875295059,34.19925730145307,34.25277113345103,34.300903182563445,34.343457765877794,34.38026152458063,34.411164262256506,34.43603967489473,34.4547859674429,34.46732635247052,34.473609427376836
31.355105629993684,31.361056502016037,31.372937607440903,31.390707717928027,31.41430511349458,31.443647730265248,31.478633358652967,31.519139892964247,31.56502563354725,31.616129642809824,31.672272156511507,31.73325505180039,31.79886237346673,31.86886091984761,31.943000889695416,32.02101659117792,32.10262721393648,32.18753766485666,32.27543946785944,32.36601172762124,32.458922156719176,32.55382816516467,32.65037801076848,32.74821200827722,32.84696379452547,32.946261646351076,33.04572984731078,33.1449900987082,33.243662969742694,33.34136938106712,33.437732115446366,33.53237734865862,33.62493619332987,33.71504624793113,33.80235314277382,33.886512074556464,33.967189320753995,34.04406372496213,34.11682814426111,34.1851908496197,34.24887687047562,34.30762927478211,34.36121037609785,34.40940285959805,34.45201081936473,34.48886069978641,34.51980213451989,34.54470867706286,34.563478417792886,34.57603448301662,34.58232541246198
31.45982006953838,31.465778966815176,31.47767609129789,31.495470151895006,31.519099334818236,31.548481451757553,31.58351413858478,31.62407510562306,31.670022440580862,31.721194965474897,31.777412648940253,31.83847707539803,31.904171972538602,31.974263798543614,32.04850239038567,32.12662167431007,32.20834043947383,32.293363175338925,32.381380973168305,32.47207249148825,32.56510498501186,32.66013539598726,32.75681150642168,32.854773149063654,32.953653474430894,33.0530802705968,33.15267733177556,33.25206587119992,33.35086597310928,33.4486980781193,33.54518449564447,33.63995093655694,33.73262805870537,33.8228530175608,33.91027101380448,33.994536829416184,34.075316343519525,34.15228801915173,34.22514435193933,34.29359327177799,34.35735948858695,34.41618577346131,34.469834166781645,34.51808710515018,34.560748459537855,34.597644477442174,34.628624622500006,34.65356230564748,34.67235550263646,34.684927253467386,34.69122604016347
31.564718111988906,31.570685036383825,31.582598183661187,31.600416199959604,31.624077177690644,31.65349880409519,31.68857856049836,31.729193973221925,31.775202917318417,31.82644397439453,31.882736845932847,31.943882823599182,32.009665317941966,32.07985044695821,32.15418768578441,32.23241057869199,32.314237514286596,32.399372564546915,32.48750638799658,32.578317196921105,32.67147178807664,32.76662663585265,32.863429046336535,32.96151837016136,33.06052727140431,33.16008304923685,33.25980900839119,33.35932587388277,33.45825324483747,33.55621108166943,33.652821220289816,33.747708906490864,33.840504343178786,33.93084424265327,34.01837337579943,34.10274610970377,34.18362792497874,34.2606969039263,34.333645180575054,34.40218034358648,34.466026783215696,34.52492697356192,34.57864268169033,34.62695609552033,34.66967086279845,34.70661303402878,34.73763190274583,34.76260073725717,34.7814173986276,34.794004840502375,34.80031148717849
31.669799925688196,31.675774879091236,31.68770405293009,31.705546030580685,31.729238810643906,31.758699955906707,31.79382679312701,31.83449666461852,31.880567232762186,31.93187683872303,31.988244916815642,32.04947246591279,32.11534257939167,32.185621035011685,32.26005694603271,32.3383834746945,32.42031860899,32.505566003337655,32.59381588344755,32.684746015281895,32.77802273753934,32.87330205664918,32.97023080267012,33.068447843996864,33.1675853581359,33.26727015522914,33.36712505037834,33.46677028023671,33.5658249586592,33.66390856570389,33.76064246361157,33.855651432927466,33.948565221448185,34.03902009813053,34.12666040389103,34.211140090755045,34.29212424065413,34.369290555001974,34.44233080605149,34.51095224108623,34.57487893055089,34.633853051404905,34.68763609727485,34.736010007266046,34.778778205799014,34.815766546283506,34.84682415207023,34.87182414876016,34.89066428267291,34.90326742105883,34.90958193045409
31.775065679294332,31.781048663607535,31.79299386781729,31.810859812526928,31.83458440252056,31.86408507611841,31.899259005509368,31.939983348979947,31.986115556213946,32.03749372792306,32.09393703122009,32.155246172156986,32.22120392689886,32.29157573292604,32.36611034156919,32.44454053298374,32.52658389448564,32.61194366285886,32.70030963092275,32.79135911822412,32.88475800531548,32.980161830556135,33.077216947861146,33.17556174327414,33.27482790759859,33.374641761806856,33.47462563123387,33.5743992640134,33.67358128858541,33.771790704480374,33.868648400106466,33.96377869060368,34.056810868474685,34.14738075917423,34.235132273472345,34.31971894816673,34.40080546633829,34.4780691483461,34.55120140451112,34.61990914058172,34.683916107041846,34.74296418357551,34.79681459023807,34.845249017201695,34.88807066544911,34.92510519120056,34.95620154753359,34.98123271727116,35.000096331931786,35.01271517232099,35.01903754719126
31.88051554176553,31.886506558914142,31.898467797338473,31.916357714867008,31.940114122459523,31.96965433396717,32.00487536698817,32.04565419576959,32.09184805728094,32.143294811757734,32.199813359077496,32.26120411244429,32.32724953076857,32.39771471121362,32.472348043127866,32.55088192452023,32.63303354196639,32.718505714547696,32.806987802104985,32.89815667768864,32.99167776360163,33.0872061300296,33.184387654635145,33.28286024097726,33.38225509303738,33.48219804248125,33.5823109247253,33.6822129992434,33.78152240889019,33.87985767252394,33.976839204543865,34.072090854518855,34.165241459492684,34.25592640123317,34.34378916020613,34.42848285780167,34.509671778082854,34.587032860187804,34.66025715235038,34.729051218625784,34.793138489389484,34.852260546909804,34.906178337538485,34.954673302395086,34.9975484189135,35.034629146023505,35.06576426644798,35.090826620157884,35.10971372381103,35.12234827172928,35.12867851484111
31.986149682368808,31.99214873429496,32.004126010812044,32.02203990697656,32.045828139913766,32.07540789899009,32.11067604720804,32.15150937475407,32.197764905868794,32.24928026028238,32.305874070614365,32.367346457181426,32.43347956160599,32.504038140683896,32.578770221730956,32.657407820552486,32.739667722916714,32.825252330126176,32.91385056896974,33.0051388659009,33.09878218488003,33.19443512781125,33.29174309598974,33.390343510372446,33.48986708797987,33.589939171033755,33.69018110489674,33.790211660219164,33.88964849412602,33.988109644624906,34.085215051957455,34.1805880999373,34.2738571699861,34.364657200015884,34.45263124000586,34.537431995769836,34.61872335219166,34.69618186701451,34.7694982262249,34.83837865203166,34.90254625455126,34.961742318498196,35.01572751638403,35.06428304016129,35.10721164360231,35.1443385882474,35.17551248637721,35.20060603503973,35.21951663597176,35.232166896965545,35.238505011102866
32.09196827066958,32.09797535932993,32.10996867786076,32.12790655852985,32.15172662462631,32.18134594102342,32.21666121611106,32.25754905600075,32.303866272181786,32.355450243855564,32.41211933635605,32.47367337707336,32.53989419030712,32.61054619243581,32.68537704869337,32.76411839262019,32.846486609107544,32.93218368160753,33.020898103768914,33.11230585536304,33.206071441907895,33.301848996919574,33.39928344520407,33.49801172499602,33.597664066221796,33.69786532152585,33.79823634606012,33.898395421511054,33.997959719102596,34.096546795845526,34.19377611764175,34.28927060238948,34.38265817571164,34.47357333148974,34.56165868904655,34.646566538450166,34.72796036522624,34.80551634556474,34.878924803041365,34.947891617860094,35.01213957973315,35.071409675676726,35.12546230423599,35.174078408068326,35.21706051717332,35.2542336956103,35.28544638512675,35.31057113977617,35.32950524631786,35.342171225966325,35.34851721392522
32.19797147653389,32.20398660390717,32.21599596840366,32.23395783950139,32.25780974664131,32.28746863020018,32.322831043933185,32.36377340986803,32.41015232671461,32.4618049331239,32.51854932711403,32.58018504311378,32.646493588056906,32.71723903786011,32.792168695617235,32.87101381254503,32.95349037259019,33.03929994128225,33.12813057904149,33.2196578188649,33.313545707726654,33.40944791064659,33.50700887582858,33.60586505865499,33.70564620183381,33.805976668277545,33.9064768227945,34.006764457945266,34.10645625890114,34.20516930150512,34.302522577155344,34.39813853766324,34.49164465267737,34.58267497188175,34.67087168376138,34.755886662468235,34.83738299400244,34.91503647283208,34.988537059956336,35.057590293422784,35.12191864239047,35.18126279603154,35.23538287879656,35.28405958392477,35.327095217535884,35.364314646100894,35.39556614075328,35.42072211248037,35.43967973299726,35.45236143690362,35.45871530149283
32.30415947011857,32.31018263820228,32.32220805265221,32.34019392015727,32.36407767630118,32.393776136945455,32.42918570120919,32.47018260700916,32.51662324025926,32.568344499031305,32.62516421399456,32.68688162658866,32.7532779263285,32.82411684862793,32.89914533438717,32.97809425243394,33.06067918570667,33.146601281723214,33.23554816760164,33.327194929468774,33.421205155649446,33.51723204256524,33.614919561688545,33.713903685434154,33.813813669148956,33.9142733858839,34.01490270994617,34.11531894461867,34.21513828886209,34.313977337184895,34.41145460631331,34.50719208180218,34.60081677715176,34.69196229766867,34.78027040083278,34.8653925447048,34.94699141558509,35.024742426055134,35.09833517437811,35.16747485628132,35.23188362022505,35.29130185739702,35.345489418017785,35.39422674579153,35.43731592283581,35.4745816179464,35.50587193155256,35.5310591314966,35.5500402743993,35.56273770819483,35.569099452237495
32.41053242188273,32.41656363268949,32.42860510111986,32.44661497106144,32.47053058423715,32.50026863198431,32.53572535876521,32.57677681836801,32.62327918389307,32.67506911280455,32.73196416839123,32.7937632990645,32.86024737688241,32.931179796701706,33.00630713717316,33.085359884677096,33.16805322106858,33.25408787578245,33.34315104254083,33.434917360508265,33.52904995926459,33.62520156650748,33.723015676877075,33.82212777968171,33.92216664277583,34.02275564920288,34.123514182624056,34.224059056889445,34.32400598458774,34.422971078723855,34.52057238119099,34.61643141110602,34.71017472565229,34.80143548558329,34.88985501719734,34.97508436228861,35.05678580729062,35.13463438272411,35.20831932395512,35.27754548424091,35.342034691182356,35.4015270378475,35.4557821000944,35.5045800719615,35.54772281146615,35.58503478961945,35.61636393606089,35.64158237541862,35.66058704915634,35.67330021850036,35.679669844833164
32.51709050257229,32.523129758134225,32.53518728460516,32.55322116306747,32.57716864137379,32.60694628632533,32.64245018771221,32.683556215178704,32.730120328986416,32.78197894596261,32.838949361985485,32.90083023239726,32.96740211175941,33.03842805432069,33.113654276425564,33.192810881942435,33.27561265157314,33.36175989658592,33.45093937722656,33.54282528559814,33.63708029242874,33.73335665658976,33.83129739575987,33.930537516013075,34.0307052975792,34.13142363335507,34.232311416198364,34.33298497037392,34.43305952193351,34.532150702219944,34.62987607811381,34.72585670213009,34.819718674952945,34.9110947126078,34.99962571004057,35.084962292596074,35.16676634667565,35.24471252057236,35.31848968658905,35.38780235534845,35.45237203345216,35.51193851570329,35.566261103458686,35.61511974097632,35.658316062057054,35.69567433982886,35.727042333054364,35.752292023075555,35.771320236138195,35.78404914671311,35.79042665818761
32.6238338832235,32.629881185591344,32.641954774198865,32.66001266731809,32.683992018923085,32.713809271266044,32.74936035945408,32.790520968963186,32.83714684719084,32.88907417030469,32.94611996673865,33.008082598723895,33.07474230328302,33.145861794006244,33.22118692487291,33.30044741717571,33.38335765038752,33.469617517536626,33.55891334529579,33.650918878619144,33.74529632927227,33.84169748718746,33.93976489295942,34.03913306930929,34.139429808693336,34.2402775137195,34.34129458629722,34.44209686094388,34.54229907701654,34.641516384021806,34.73936587366503,34.835468131676585,34.92944880207515,35.02094015597546,35.10958265679134,35.19502651325601,35.276933211549235,35.35497701757824,35.428846440414645,35.49824564789583,35.562895825466846,35.62253646952043,35.67692660678532,35.72584593161344,35.7690958534777,35.80650044752129,35.83790730154678,35.86318825353157,35.88224001444802,35.89498467196603,35.90137007144212
32.7307627351643,32.736818086402444,32.74890774127607,32.766989655241794,32.79100088838278,32.820857758392556,32.85645604567538,32.897671251521906,32.944358910443334,32.9963549579149,33.053476154891584,33.11552057045978,33.18226812405502,33.25348118855479,33.328905255520645,33.40826966359386,33.49128839095517,33.57766091230493,33.667073120661186,33.759198313718876,33.85369824418655,33.95022423294045,34.048418343372894,34.14791461470857,34.248340351508915,34.34931746593781,34.45046386880655,34.551394904730884,34.65172482620424,34.75106830073639,34.84904194467551,34.94526587680351,35.03936528428691,35.13097199316158,35.21972603512727,35.305277202128266,35.387286579958634,35.465428051960075,35.53938976381505,35.608875540411525,35.67360624589045,35.73332107809116,35.787778788983104,35.83675882288456,35.880062364828895,35.91751329187633,35.94895902078241,35.97427124608619,35.99334656342456,36.00610697362219,36.01250026397912
32.837877229998305,32.843940632192364,32.85604635749861,32.874152298550534,32.89819542153498,32.92809191957125,32.96373741834288,33.00500723494009,33.051756690957696,33.1038214811551,33.16101809896913,33.223144320304016,33.28997974695476,33.361286411041135,33.43680944164281,33.516277794692485,33.59940504699003,33.68589025483587,33.775418877494786,33.86766376531479,33.96228621183405,34.058937068756826,34.157257922148574,34.256882327613525,34.35743710167243,34.45854366590637,34.55981943986711,34.66087927811636,34.76133694611609,34.8608066292132,34.95890446822623,35.055250114811415,35.149468299106104,35.24119040188747,35.33005602296916,35.41571453732637,35.497826630191156,35.576065802176686,35.65011983540562,35.71969221166283,35.78450347362765,35.84429252044961,35.89881782919714,35.94785859403644,35.991215775449255,36.028713052311446,36.060197670241756,36.08554118026906,36.10464006263656,36.11741623127963,36.1238174154052
32.94517753962243,32.95124899487291,32.96337079481032,32.9815007692414,33.00557579044291,33.03551192694802,33.07120464971024,33.11252909158517,33.15934036123493,33.21147391266532,33.26874597177142,33.33095402122158,33.39787734513512,33.46927763481382,33.54489965679234,33.62447198422969,33.7077077924735,33.794305719336506,33.883950790241975,33.97631540808796,34.07106040713477,34.1678361698005,34.26628380469986,34.3660363836843,34.46672023509154,34.56795628977188,34.66936147587274,34.77055015773059,34.87113561362294,34.97073154655056,35.06895362164317,35.16542102324175,35.25975802428744,35.351595560118476,35.44057279847731,35.5263386971966,35.6085535407759,35.68689044692326,35.76103683404177,35.83069584065088,35.89558768781786,35.95545097585659,36.01004390680416,36.05914542454982,36.10255626490516,36.14009990847008,36.17162342963393,36.196998235844035,36.21612069188573,36.228912624762394,36.23532170556043
33.05266383620516,33.05874334663045,33.07088122543515,33.089035239588135,33.113142167449205,33.14311795295338,33.178857912298064,33.22023699409546,33.26711009404403,33.319312425364984,33.37665994637044,33.438949846457845,33.50596109201997,33.57745503348597,33.65317607478705,33.73285240623555,33.81619680165559,33.90290748028164,33.992669033606674,34.08515341697766,34.18002100526915,34.276921711497174,34.3754961666951,34.47537695883166,34.57618992792238,34.67755551393985,34.779090153466626,34.88040772045931,34.9811210058405,35.08084323009942,35.17918958249609,35.2757787798892,35.37023463783474,35.46218764605601,35.55127654004667,35.637149860323035,35.71946749047259,35.79790216513128,35.87214093881077,35.94188660660904,36.00685906783084,36.066796623807484,36.1214572014126,36.17061949412872,36.214084012996466,36.25167404022656,36.28323647889806,36.308642592797646,36.32778863120018,36.340596334125536,36.34701331451067
33.16033629219798,33.16642385993483,33.17857782187413,33.19675588214226,33.22089472517317,33.25091017028669,33.286697378912585,33.328131115391606,33.37506606243016,33.42733719244013,33.48476019610935,33.54713196952454,33.614231161302875,33.68581878094342,33.76163886971336,33.84141923500736,33.9248722490471,34.01169571240745,34.10157378255582,34.194177967186754,34.289168181678384,34.386193869524114,34.4848951840577,34.58490422922464,34.68584635657753,34.787341515058564,34.889005649538845,34.99045214342892,35.09129330012815,35.19114185744989,35.28961252859742,35.386323562777925,35.48089831798503,35.572966838141404,35.66216742631717,35.74814820552956,35.83056865828172,35.90910113596177,35.98343232903325,36.05326468900413,36.11831779326735,36.17832964402878,36.233057892858966,36.28228098271414,36.3257991997462,36.363435627679635,36.39503699819494,36.420474431346925,36.43964406083269,36.45246753965,36.45889242254827
33.26819508032669,33.274290707527236,33.28646075690244,33.30466286973136,33.32883363650989,33.35888875192719,33.39472322262813,33.43621162866041,33.48320843971067,33.535548387351845,33.593046894604896,33.65550056420858,33.72268772694688,33.79436905133887,33.870288215920446,33.95017264510207,34.033734309422805,34.120670590710915,34.21066521231538,34.30338923417297,34.398502112056136,34.495652819818886,34.59448103296354,34.69461837127819,34.79568969771198,34.897314470031986,34.99910814122895,35.10068360401392,35.201652674093395,35.30162760642669,35.40022263800061,35.49705555017687,35.591749243214174,35.683933315050986,35.7732456361575,35.85933391186845,35.94185722342897,36.020487538811665,36.09491118425721,36.16483026753138,36.22996404395582,36.290050216469155,36.34484616120188,36.39413007046501,36.4377020054044,36.47538485115642,36.50702516791599,36.532493931928954,36.551687161260816,36.56452642183334,36.570959210188285
33.37624037359003,33.382344062424046,33.394530203570966,33.412756375455324,33.43695907462282,33.467053871122864,33.50293561679271,33.544478707362444,33.5915373994755,33.64394618382684,33.70152021574032,33.76405580455579,33.831330963175176,33.90310601908517,33.97912428802212,34.05911281134091,34.14278315781742,34.22983229044867,34.31994349836578,34.41278739365045,34.50802297235351,34.605298738567555,34.70425388983737,34.804519561661685,34.90572012823528,35.00747455600068,35.10939780591854,35.211102279827294,35.31219930557806,35.41230065510723,35.51102008899459,35.60797492059328,35.7027875922321,35.79508725569675,35.88451134866796,35.97070715862357,36.053333365372985,36.13206155330209,36.206577684260786,36.27658352210906,36.34179799994903,36.40195852130443,36.45682218673247,36.506166937769514,36.549792610440804,36.58752189120237,36.61920116866946,36.644701275205136,36.66391811318007,36.67677316140123,36.6832138581647
33.48447234525756,33.490584097911196,33.502786335200526,33.52103657268427,33.54527121295108,33.57540570139326,33.611334735019604,33.652932525222816,33.70005311557622,33.75253075586068,33.81018033366246,33.872797864878486,33.940161044483034,34.01202985886044,34.08814726089496,34.16823990880214,34.252018969522695,34.33918098713005,34.42940881644438,34.52237262158542,34.61773093876859,34.715131802206145,34.81421393135675,34.91460797728593,35.01593782529916,35.11782195035554,35.219874821230626,35.321708348726126,35.42293337266739,35.52316118179297,35.62200506010598,35.71908185276007,35.81401354398521,35.90642883921935,35.99596474318072,36.08226812530993,36.16499726380314,36.24382335928193,36.318432009045274,36.38852463288455,36.453819841527945,36.51405473893298,36.56898614995673,36.61839176523231,36.662071195554155,36.699846928588336,36.7315651812853,36.75709664205454,36.77633709751013,36.78920793929605,36.79565654743642
33.592891168868576,33.59901098754611,33.611229325377714,33.629503635056146,33.653770225197675,33.683944416522316,33.71992075119191,33.761573256238954,33.808755762132876,33.861302277711815,33.91902742278244,33.98172691975411,34.04917814561521,34.12114074560043,34.19735730966464,34.27755411282196,34.36144192008522,34.44871685652271,34.53906134254124,34.6321450941941,34.72762618775143,34.82515218741956,34.92436133443696,35.02488379530922,35.12634296629515,35.22835683072603,35.33053936502491,35.432501988802365,35.53385505368257,35.63420936502878,35.733177730093615,35.83037652564895,35.92542727764431,36.01795824499265,36.1076059992577,36.19401699166793,36.27684909862952,36.355773136828205,36.43047433883964,36.50065378022781,36.56602974918849,36.626339049977446,36.68133823160628,36.7308047336821,36.774537941653335,36.81236014429916,36.84411738681214,36.869680213579315,36.88894429538851,36.901830936679524,36.90828745917348
33.701497018229844,33.70762490514846,33.719859347959925,33.73815773647555,33.76245628533259,33.79267019055932,33.82869383945536,33.87040107466632,33.9176455135283,33.97026092389797,34.02806165777007,34.0908431440128,34.15838244158493,34.230438854498864,34.306754609722226,34.387055598987416,34.471052185305034,34.55844007464041,34.64890125289555,34.74210498794431,34.837708895998745,34.93536007113549,35.03469627624623,35.13534719312992,35.23693572885952,35.33907937497956,35.44139161540675,35.54348337838813,35.64496452717816,35.745445383591615,35.84453827794958,35.9418591184635,36.03702897261467,36.12967565261121,36.21943529668447,36.30595393766287,36.38888904998883,36.46791106623737,36.542704854091,36.612971144724746,36.67842790365163,36.73881163527436,36.793878612626,36.84340602416008,36.887193029866545,36.92506171953529,36.95685796651658,36.98245217108702,37.00173988816361,37.01464233492586,37.02110677476522
33.81029006740867,33.816426024806894,33.82867657706536,33.846999051111304,33.87132956758585,33.90158319781835,33.93765417422022,33.979416155023394,34.02672254440285,34.07940686920164,34.13728321355625,34.200146712750474,34.267774107653565,34.33992436100414,34.41633933670788,34.49674454314322,34.58084994123339,34.668350817752376,34.75892872399423,34.85225247954614,34.94797924045012,35.045755630527616,35.14521893418899,35.24599834838653,35.34771629086342,35.44998976122036,35.55243175070999,35.65465269604379,35.75626197193992,35.85686941648658,35.956086882891334,36.05352981062958,36.148818808527096,36.2415812419012,36.331452815470286,36.418079143484604,36.501117298236636,36.580237328024594,36.655123735466965,36.72547690718506,36.791014485855655,36.851472675880785,36.906607474180724,36.95619581792651,37.00003664154193,37.037951835717614,37.069787101873125,37.09541269610713,37.11472405739706,37.12764231562549,37.134114675811645
33.919270490739464,33.92541452086886,33.93768118707249,33.956027753391034,33.980390246454355,34.0106836128721,34.046801930151176,34.08861867208547,34.13598702965731,34.188740288659154,34.2466922653264,34.30963780131188,34.377353319342355,34.44959744081612,34.526111666512875,34.60662112138124,34.69083536417028,34.778449262369115,34.86914393256562,34.96258774595867,35.05843739828966,35.156339043008806,35.25592948591071,35.35683743895938,35.45868483041851,35.5610881677937,35.66365994950296,35.76601012056543,35.867747566985386,35.9684816429468,36.06782372436835,36.16538878180022,36.260796965234185,36.35367519291021,36.44365873584867,36.5303927895408,36.61353402395462,36.69275210292834,36.76773116385146,36.83817124863209,36.903789676951355,36.96432235306756,37.019524997645384,37.06917429645764,37.11306895823418,37.151030674472786,37.18290497457312,37.20856197037829,37.22789698486832,37.240831060573655,37.24731134412437
34.02843846281207,34.03459056793861,34.046873352624665,34.06524401800165,34.08963849668607,34.11997161055063,34.156137282174335,34.19800880088786,34.245439144448014,34.298261357561756,34.35628898852034,34.41931658529685,34.487120252419935,34.55945826988815,34.63607177528205,34.716685510039554,34.801008630659126,34.88873558525075,34.97954705559288,35.07311096437894,35.169083546942794,35.26711048623373,35.3668281092937,35.467864642961025,35.569841525866856,35.67237477326703,35.77507639058595,35.877555830978274,35.97942149155684,36.08028224243562,36.17974898205412,36.27743621185372,36.37296362281097,36.46595768590332,36.55605323827088,36.642895056458954,36.72613940793102,36.80545557189783,36.880527320344754,36.95105435030362,37.01675365830439,37.07736084831675,37.13263136461154,37.18234164143313,37.22629016171146,37.264298417641356,37.29621176651593,37.321900175849265,37.341258852556344,37.354208751782295,37.360696961724635
34.13779415847701,34.14395434088663,34.15625324861707,34.174648019891606,34.19907449329386,34.22944736594273,34.26566040547098,34.30758671671751,34.355079064183286,34.407970251451445,34.466073558829386,34.52918324055631,34.59707508290605,34.669507024417435,34.74621983940093,34.82693788570862,34.911369917493914,34.99920996339731,35.09013827028633,35.18382231224352,35.279917864072615,35.37807013808829,35.47791498245497,35.579080138738085,35.68118655578458,35.783849756445996,35.8866812529884,35.989290006531554,36.09128392513019,36.19227139463798,36.29186283584159,36.389672280891666,36.485318961555286,36.57842890137048,36.66863650340784,36.75558612508229,36.838933631180595,36.91834791609912,36.99351238626248,37.06412639365108,37.12990661149388,37.190588343320066,37.2459267568779,37.295698034749265,37.33970043394712,37.377755247271516,37.40970765981181,37.43542749467462,37.45480984265836,37.467775571465296,37.474271710838515
34.247337752840714,34.253506014832645,34.265821050204195,34.284239934256576,34.30869841153808,34.33911105439107,34.37537147547699,34.41735259511675,34.464906964527735,34.51786714612776,34.576046152191964,34.639237943183964,34.70721798706854,34.77974388084995,34.85655603550154,34.93737842521334,35.02191940170399,35.10987257405052,35.20091775410749,35.2947219672304,35.3909405275747,35.48921817669806,35.58919028374562,35.69048410486708,35.792720098977455,35.89551329636164,35.998474715966275,36.10121282670379,36.2033350473983,36.30444927946244,36.40416546584675,36.50209716922915,36.597863161983284,36.69108902001491,36.78140871214089,36.86846617647099,36.95191687492438,37.031429316915236,37.10668654312531,37.17738756033501,37.24324871830564,37.30400501998283,37.35941135644797,37.40924365850412,37.453299957129246,37.49140134561539,37.52339283676997,37.54914410921521,37.56855013756666,37.58153170204596,37.58803577390108
34.35706942125428,34.36324576514761,34.375576932788135,34.394019936555274,34.41851042693416,34.448962851483806,34.48527066787186,34.52730661187497,34.57492302138939,34.62795221763042,34.68620694480257,34.749480869532945,34.81754914141829,34.890169015875564,34.96708054046203,35.048007305622654,35.13265726056246,35.22072359469151,35.31188568474603,35.40581010725019,35.50215171558432,35.60055478042085,35.70065419174814,35.802076720156016,35.9044423344795,36.00736557227277,36.11045695899967,36.213324471198,36.315575038277686,36.41681607703879,36.5166570524074,36.614711057403554,36.71059640482425,36.803938222754425,36.89437004557277,36.98153539189438,37.065089320597785,37.14469995593189,37.22004997267163,37.29083803222415,37.35678016073348,37.417611060412824,37.47308534554185,37.52297869500567,37.56708891363989,37.605236895131995,37.637267479908665,37.6630502020357,37.68247991988572,37.6954773261448,37.70198933354602
34.46698933933057,34.47317376745531,34.485521072024454,34.50398820248186,34.52851071524515,34.55900293306504,34.59535815859217,34.637448943033235,34.68512741092812,34.73822564225297,34.79655611309017,34.85991219618835,34.92806872271406,35.000782606426675,35.07779353139937,35.15882470424989,35.24358367157727,35.331763203033915,35.42304224013451,35.51708691044733,35.613551606464604,35.71208012784186,35.812306885273614,35.91385816364213,36.01635344154717,36.11940676366075,36.22262816179089,36.32562511993185,36.42800407790296,36.52937196771027,36.62933777607408,36.72751412616859,36.82351887102566,36.91697669072095,37.00752068501118,37.094793952834415,37.1784511498404,37.25816001494544,37.33360285683941,37.404477991392234,37.47050112097765,37.53140664692435,37.58694890656756,37.63690332676224,37.68106748607539,37.719262078483695,37.75133177194906,37.777145955901936,37.79659937241233,37.80961262658712,37.81613257260954
34.57709768292398,34.58329019762926,34.59565364381597,34.61414490799151,34.63869945248233,34.66923147521941,34.70563412381691,34.747779764872554,34.79552030954333,34.848687596524535,34.907093833731714,34.97053209998117,35.03877690795104,35.11158482967312,35.188695185667484,35.2698307986396,35.354698812495435,35.44299157703163,35.53438759842756,35.62855255519478,35.7251403788102,35.82379439777542,35.92414854335582,36.025828614583,36.12845359966666,36.231637050231086,36.334988504266015,36.43811495304713,36.540622346629924,36.64211713204046,36.742207817613554,36.840506556485295,36.93663074173967,37.03020460525656,37.12086081197728,37.20824204098045,37.29200254450814,37.37180967596049,37.447345377774155,37.51830762012181,37.584411781441084,37.6453919620292,37.701002222148965,37.751017736484194,37.79523585722271,37.83347707852782,37.86558589580498,37.891431553778645,37.91090867814606,37.92393778639796,37.930465674128236
34.68739462813903,34.69359523178476,34.70597482431571,34.72449022927663,34.749076814906495,34.779648654284664,34.81609873996621,34.85829925391896,34.906101893878976,34.959338257220615,35.01782028364483,35.08134075797997,35.14967387435915,35.22257586302392,35.29978568085474,35.38102576657555,35.46600286129731,35.55440889486585,35.64592193802369,35.7402072201033,35.83691821143904,35.93569776926089,36.03617934525854,36.13798825246209,36.240742988538905,36.34405661190392,36.44753816656314,36.55079415090016,36.65343002502687,36.75505175080829,36.85526735800445,36.95368852953274,37.04993219833702,37.143622147910335,37.23439060819767,37.321879838226764,37.405743686653665,37.485649121181524,37.56127771782803,37.63232710089164,37.69851232472679,37.75956718844942,37.81524547510356,37.86532210708002,37.90959421006825,37.94788207832279,37.98003003459702,38.00590717882724,38.02540802028831,38.03845298879671,38.04498882133243
34.79788035131878,34.80408904628599,34.81648478991081,34.83502434277498,34.85964297900952,34.890254646831494,34.926752183705744,34.96900758694348,35.01687234082388,35.0701778013543,35.12873563998286,35.19233834749535,35.260759799413336,35.3337558841196,35.41106519478858,35.49240978606538,35.57749599618928,35.66601533494665,35.75764543753902,35.852051084000635,35.94888528340264,36.04779042156602,36.14839947046263,36.250337256981446,36.35322178808775,36.456665628823046,36.560277329045,36.663662894065155,36.76642729387495,36.8681760049996,36.96851657843815,37.06706022669682,37.16342342239151,37.25722950044128,37.34811025560424,37.435707526675166,37.51967475853544,37.59967853302127,37.675400059546945,37.746536616384546,37.81280293363787,37.87393250909608,37.929678848445086,37.97981662165654,38.024142727804126,38.06247726112289,38.09466437163259,38.1205730144048,38.1400975822268,38.15315841719654,38.159702197651285
34.90855502905479,34.914771817736295,34.927183717238755,34.94574742517134,34.97039812153726,35.00104962967614,35.03759463194234,35.07990494095449,35.12783182749613,35.18120640617983,35.239840080140546,35.30352504606765,35.37203486081504,35.44512507083798,35.522533905522344,35.603983035359185,35.68917839561231,35.77781107591718,35.86955827582114,35.96408432594401,36.061041773971475,36.16007253417551,36.260809098676454,36.3628758080669,36.465890178450664,36.56946428134574,36.67320617228126,36.77672136332478,36.87961433417166,36.98149007581432,37.081955660310214,37.180621829568445,37.27710459568272,37.37102684480956,37.462019936332176,37.549725288625574,37.6337959426141,37.71389809408633,37.78971258568288,37.86093634947998,37.92728379117626,37.98848810708135,38.04430252538661,38.09450146351135,38.13888159380762,38.17726281037851,38.20948909041905,38.23542924406435,38.2549775475497,38.26805425520808,38.27460598670053
35.01941883817309,35.02564372297834,35.038071783171,35.05665965337987,35.0813424194689,35.112033779873364,35.148626261811955,35.19099149318947,35.23898053125796,35.29242424918194,35.35113378174003,35.41490103147478,35.48349923650205,35.556683601283666,35.63419199134173,35.71574569292424,35.80105023823116,35.88979629664105,35.98166063193833,36.07630712521159,36.17338786263348,36.27254428679551,36.373408409820534,36.47560408585481,36.57874833999051,36.682452750043154,36.7863248770532,36.889969739672075,36.9929913271146,37.094994144658564,37.1955847852266,37.29437351994485,37.39097590019457,37.485014363180824,37.57611983272013,37.663933306579835,37.74810742154654,37.828307987180935,37.90421547917979,37.97552648325408,38.04195508053393,38.103234165710035,38.15911668933148,38.209376816143376,38.25381099164865,38.2922389097277,38.32450437465403,38.35047605154747,38.37004810003173,38.383140686630874,38.389700372295714
35.13047195574125,35.136704939093335,35.14914916482066,35.167761204557735,35.192476050015244,35.22320727471043,35.25984725069692,35.302267421131795,35.35031862969935,35.40383150807686,35.46261692264066,35.52646648171894,35.595153104641895,35.6684316537935,35.74603963076093,35.82769793745969,35.91311170293489,36.001971176206524,36.09395268518192,36.188719661303736,36.28592372910114,36.38520585934888,36.48619758403208,36.588522270699606,36.691796453269006,36.79563121570029,36.89963362436365,37.00340820431678,37.106558454113475,37.2086883931399,37.30940413499531,37.408315479824445,37.50503751811214,37.59919223791751,37.69041012730173,37.7783317632389,37.86260937819109,37.94290839531149,38.01890892317876,38.09030720097406,38.15681698510283,38.21817086847807,38.27412152387991,38.32444286323636,38.36893110509425,38.40740574299982,38.43971040822126,38.46571362078317,38.485309423638014,38.49841789545065,38.504985538431754
35.24171455905508,35.24795564339648,35.26041603953024,35.27905225609486,35.30379919062976,35.33457029171082,35.3712577762076,35.413732902490366,35.46184630064503,35.51542836081839,35.57428968092854,35.638221575039665,35.70699664362392,35.780369406926724,35.858077002513866,35.939839947885986,36.02536296883869,36.11433589392331,36.20643461506417,36.30132211393702,36.398649553299784,36.498057431974935,36.599176801663766,36.70163054316696,36.80503469906868,36.90899985930348,37.01313259540661,37.117036938666494,37.220315896789245,37.32257300307689,37.42341389162433,37.522447891407836,37.619289631818994,37.71356065158441,37.80489100281205,37.892920841496235,37.97730199559461,38.05769950167097,38.13379310101353,38.20527868610122,38.27186968846217,38.333298399078764,38.3893172128127,38.43969978866382,38.4842421180934,38.522763494217195,38.555107375195945,38.581142135893096,38.60076170252035,38.613886065841555,38.620461669293356
35.35314682565197,35.35939601343519,35.37187258487856,35.39053298561251,35.41531201898981,35.44612300862786,35.48285801617998,35.52538811520619,35.57356372214956,35.62721498558175,35.68615223491616,35.75016648989728,35.819030032069556,35.89249703946987,35.97030428556404,36.052171903348864,36.13780421527114,36.22689062931732,36.31910660131469,36.41411466304533,36.511565515369114,36.61109918502414,36.71234624327832,36.81492908402959,36.918463258375475,37.02255886205639,37.12682197159551,37.23085612433635,37.334263836954285,37.43664815648818,37.53761423732953,37.63677093710008,37.73373242390029,37.828119786931865,37.91956264217199,38.00770072444313,38.092185457002955,38.172681489651154,38.24886819620857,38.32044112228915,38.387113374379226,38.448616941382404,38.5047039401085,38.55514777648696,38.599744214786355,38.63831234757905,38.670695459837,38.69676178117936,38.71640512101784,38.729545382163664,38.736128949256965
35.46476893329318,35.471026226987,35.48351897867406,35.50220357096406,35.527014713009606,35.557865603444505,35.59464814868653,35.637233237447305,35.68547107249157,35.73919156077241,35.798204763146664,35.86230140497703,35.93125344882069,36.00481473043128,36.08272165909368,36.164693983210775,36.250435621787055,36.339635562134404,36.43196882387631,36.52709748877645,36.62467179566828,36.72433129906019,36.8257060896477,36.92841807427645,37.032082312385754,37.13630840535956,37.240701934538905,37.34486594313959,37.44840245662686,37.550914035587425,37.65200535451795,37.75128479949202,37.848366077134536,37.94286982692497,38.03442522851343,38.122671595357964,38.2072599458448,38.287854542826956,38.364134392476544,38.43579469337611,38.50254822680945,38.564126679455896,38.62028188992508,38.67078701095315,38.715437579492374,38.75405248747414,38.78647484658692,38.81257274112889,38.832239863649576,38.84539602896138,38.85198756287059
35.57658105997298,35.58284646206021,35.595355398951845,35.61406419022906,35.63890745082427,35.66979825437212,35.706628352021255,35.749268447605395,35.79756853017732,35.851358265018156,35.91044744438087,35.97462649918522,36.0436670729409,36.11732265903686,36.19532930249888,36.27740636705101,36.36325736815155,36.452570872339635,36.5450214629071,36.640270771490016,36.73796857475824,36.83775395485618,36.93925652175701,37.042097695093446,37.14589204249767,37.250248670822145,37.35477266605361,37.459066577097325,37.562731938028186,37.665370822788844,37.76658742579445,37.86598966137893,37.9631907744934,38.057810954704046,38.14947894514255,38.237833637715575,38.322525645749,38.40321884496154,38.47959187371283,38.551339583382216,38.61817442989497,38.67982779754376,38.73605124660414,38.78661767648987,38.83132239671874,38.86998409847504,38.90244572007241,38.92857520041021,38.948266115115224,38.961438190955484,38.968037694870524
35.68858338390793,35.69485689688762,35.707382023977374,35.72611502171155,35.75099041079821,35.7819211398421,35.818798804702574,35.86149392430191,35.90985627393265,35.96371527716769,36.022880457600316,36.08714195165268,36.15627108370896,36.230021004732095,36.30812739539802,36.3903092346647,36.47626963434544,36.56569674010088,36.658264698777145,36.753634691754684,36.85145603341221,36.95136733338926,37.052997720785946,37.15596812787627,37.25989263031358,37.3643798402523,37.46903434814837,37.57345820842334,37.677252463569765,37.780018700698555,37.881360633958664,37.98088570574315,38.078206699136196,38.17294335360468,38.264723975559626,38.35318703517611,38.43798274052394,38.518774580013584,38.59524082400977,38.66707597652556,38.73399216795613,38.79572048007211,38.852012194669356,38.90263995770407,38.947398851150595,38.9861073653287,39.01860826509491,39.04476934387032,39.0644840602953,39.07767205304771,39.084279530168565
35.80077608354173,35.80705770992486,35.819599032231956,35.838356243942755,35.86326377151673,35.89423443851475,35.93115968547382,35.973909846370795,36.02233448270703,36.07626277629375,36.135503982009794,36.199847941721764,36.26906566062647,36.34290994717621,36.42111611762274,36.5034027660596,36.589472600563795,36.67901334579963,36.77169871206092,36.867189430346905,36.965134352608096,37.065171615841365,37.166929868129216,37.270029554221054,37.37408425763294,37.47870209565687,37.583487163037425,37.688041019528384,37.7919642158597,37.89485785212289,37.99632516200012,38.09597311575616,38.19341403441825,38.28826720714789,38.38016050345474,38.46873197158047,38.55363141416043,38.63452193211143,38.71108142763175,38.78300405718991,38.85000162550445,38.91180491165672,38.96816491882897,39.01885403939063,39.06366712764564,39.10242247296097,39.13496266663314,39.16115535652914,39.18089388424522,39.19409780031508,39.20071325385078
35.913159337537394,35.91944907985296,35.932006602424295,35.950788035671586,35.975727711787094,36.00673832926634,36.04371117329406,36.08651639287412,36.135003335664464,36.18900094168136,36.248318197028,36.31274464895512,36.38205098340528,36.45598966624304,36.53429564921466,36.61668714145796,36.70286644720721,36.792520870029875,36.88532368354804,36.98093516825002,37.079003713532295,37.17916698360099,37.28105314537302,37.384282155922044,37.488467106460355,37.59321561923834,37.698131293124845,37.8028151930177,37.90686737769985,38.00988846005174,38.11148119310024,38.21125207478483,38.30881296387919,38.40378269904521,38.49578871269905,38.584468630959044,38.669471850837446,38.75046108557519,38.827113869025105,38.89912400994799,38.96620298721613,39.028081277082414,39.08450960396238,39.13526010651361,39.180127411252435,39.218929606482845,39.25150910985123,39.277733423597724,39.29749577220112,39.31071561801568,39.317339051189535
36.02573332478052,36.03203118556902,36.044604913483155,36.06341057586864,36.088382410636996,36.11943299119406,36.156453447345505,36.19931374308409,36.24786301219271,36.301929952831095,36.36132328228573,36.425832253126785,36.49522723196862,36.56926034201854,36.64766617042609,36.73016254128433,36.81645135488579,36.90621949358964,36.999139794224696,37.09487208664947,37.193064297567226,37.293353618256205,37.39536773431062,37.49872611497356,37.603041358987646,37.70792059339728,37.812966921006186,37.91778091168831,38.021962132082834,38.12511070766765,38.226828910626125,38.32672276637599,38.42440367124038,38.519490013189916,38.611608787347556,38.70039719752112,38.7855042349111,38.86659222489961,38.943338332817284,39.01543601954861,39.08259643795694,39.14454976131386,39.201046435128845,39.251858344211705,39.29677988718168,39.33562895116658,39.368247780076274,39.39450373044079,39.414289909569035,39.4275256915743,39.43415710761857
36.13849822437114,36.14480420618862,36.15739414455266,36.176224043719124,36.20122804730812,36.23231860360563,36.26938668702052,36.312302076491385,36.36091369188397,36.415049989459035,36.47451941763161,36.539110934222926,36.608594586453705,36.68272215479656,36.761227861720165,36.84382914617441,36.93022750441497,37.020109397477185,37.11314722528465,37.20900036693199,37.30731628629859,37.407731701587096,37.509873816927005,37.61336161356231,37.71780719760755,37.82281720072516,37.92799422947871,38.03293835852701,38.13724866218537,38.240524778342696,38.34236849813417,38.442385374265506,38.540186340411196,38.63538933365684,38.72762091163818,38.81651785565731,38.90172875091724,38.98291553475843,39.05975500381246,39.13194027091425,39.199182162761296,39.26121054948677,39.31777559755581,39.36864893780234,39.413624740819934,39.452520692463786,39.48517886281091,39.51146646260477,39.53127648191936,39.54452820658766,39.55116760874314
36.25145421562728,36.25776832104392,36.27037447499017,36.28922861862495,36.31426480125401,36.34539534603143,36.38251107192546,36.42548157279643,36.47415555454902,36.528361231496234,36.587906783118704,36.652580872437106,36.72215322720317,36.796375285078,36.87498090376051,36.95768713696904,37.04419507681174,37.13419076289828,37.22734615811822,37.32332019068404,37.42175986151008,37.52230141558117,37.62457157540443,37.72818883407398,37.83276480490311,37.9379056240015,38.043213401516816,38.1482877167084,38.2527271513778,38.35613085562917,38.45810013936038,38.558240082367995,38.656161155481264,38.751480844703664,38.84382526998464,38.932830789936084,39.01814558356931,39.09943120000089,39.17636406698737,39.24863694914339,39.315960346837294,39.37806382691287,39.43469727664758,39.48563207276591,39.530662157725175,39.569605015993865,39.60230254372606,39.62862180580304,39.648455675000356,39.66172334882087,39.66837074034304
36.364601478078704,36.37092370967673,36.3835460843679,36.4024244802003,36.42749285214767,36.45866339820653,36.495826781880645,36.53885241191228,36.58758878020345,36.641863859072956,36.701485559012454,36.766242248171544,36.83590333476794,36.910219913566934,36.98892547741703,37.07173669470707,37.158354253298256,37.24846377125358,37.34173677432034,37.43783173969093,37.536395205177904,37.63706294240924,37.73946119211492,37.84320795907708,37.947914363645644,38.05318604619956,38.15862462029012,38.263829169593,38.36839778320681,38.471929123263926,38.574024018225685,38.67428707477915,38.772328300717696,38.86776473075887,38.960222046980114,39.04933618509945,39.13475491775378,39.21613940565113,39.2931657074921,39.36552623950467,39.43293117556627,39.495109779072195,39.55181165797418,39.602807934760065,39.647892323621576,39.686882107542445,39.71961900866158,39.745969945918404,39.765827674726964,39.77911130420988,39.78576668835953
36.47794019146743,36.484270551845825,36.49690915246796,36.51581180826711,36.54091237986729,36.572122940076994,36.60933399691383,36.652414773960636,36.701213549077664,36.755558052533814,36.815255925780356,36.88009524203127,36.94984508989888,37.02425622117336,37.10306176376405,37.185978000633256,37.27270521529031,37.36292860414754,37.45631925567529,37.55253519592599,37.651222499476106,37.75201646443985,37.85454284962749,37.95841917133944,38.063256056796256,38.16865865047309,38.27422806914774,38.37956290072442,38.4842607414109,38.58791976516692,38.69014031882764,38.79052653577801,38.888687960564354,38.98424117643548,39.07681142738881,39.166034226065406,39.25155693853041,39.333040336902556,39.410160110650175,39.482608327439024,39.55009483449428,39.61234859161431,39.66911892727753,39.72017670960282,39.76531542440125,39.80435215306506,39.837128443622284,39.863511068994406,39.88339266717165,39.89669225884861,39.903355638902546
36.59147053574039,36.59780902750992,36.610463859282085,36.62939078285785,36.65452356449582,36.685774151798036,36.72303289725805,36.766168839268005,36.815030041598476,36.86944399242515,36.929218064095586,36.99414003482611,37.06397867355191,37.13848438900475,37.217389944069424,37.30041123618647,37.387248144404765,37.47758544337216,37.571093784167594,37.667430741567884,37.766241926768636,37.867162164233704,37.96981673069297,38.07382265380916,38.1787900675005,38.28432362016698,38.390023931625706,38.495489093827615,38.60031620989808,38.704102965433115,38.8064492254464,38.90695864981164,39.00524031964595,39.10091036651573,39.19359359615307,39.282925097920156,39.36855183112938,39.45013417912028,39.52734746194956,39.599883398553835,39.66745150933844,39.72978045035387,39.786619270462644,39.83773858327999,39.88293164612201,39.92201533867761,39.954831034776696,39.98124536124214,40.0011508385753,40.01446639900228,40.02113777824377
36.70519269105776,36.711539316842114,36.72421038500894,36.743161584212366,36.768326586329486,36.79961721372967,36.836923663352756,36.88011478836407,36.92903843840219,36.9835218594957,37.04337215483252,37.1083768075666,37.17830426687981,37.252904598370414,37.33191019980491,37.41503658300344,37.50198322245288,37.59243447092003,37.68606054197019,37.78251855897025,37.88145366960528,37.982500224536544,38.08528301825112,38.18941858962382,38.29451657909011,38.400181138802736,38.50601239143979,38.61160793281011,38.71656437276507,38.820478908339794,38.92295092252856,39.023583601507504,39.121985562750524,39.217772485953724,39.31056873838093,39.40000898592327,39.485739780950276,39.56742111783609,39.6447279470499,39.71735163862143,39.785001385979804,39.84740554126927,39.90431287359641,39.95549374194286,40.000741175003775,40.03987185066145,40.07272696845658,40.099173009032704,40.11910237534154,40.13243391109052,40.139113292814
36.81910683777646,36.82546160021694,36.83814891004776,36.85712439277335,36.882321625860506,36.913652306432,36.95100647583947,36.99425280198158,37.04323892032246,37.09779183469495,37.15771837906561,37.22280574146138,37.29282205123545,37.36751703077251,37.44662271262971,37.529854222911425,37.616910631437776,37.70747586897203,37.80121971144642,37.89779883068932,37.99685791072929,38.098030828277835,38.20094189543097,38.30520716209655,38.41043577507455,38.51623139008769,38.62219363248399,38.72791960175259,38.83300541427461,38.93704777833602,39.03964559470539,39.14040157566345,39.238923874847345,39.334827719876124,39.427737039351086,39.51728607550204,39.60312097355815,39.684901338747714,39.762301751769066,39.83501323357935,39.90274465046105,39.9652240505042,40.022199922910026,40.073442371897606,40.11874419742223,40.15792187545632,40.19081643115006,40.21729419889732,40.23724746403223,40.250594981694206,40.25728236920527
36.93321315646329,36.93957605820977,36.95227961500345,36.971279389180964,36.99650886378996,37.02787961067116,37.065281515559555,37.1085830610535,37.15763166839863,37.21225409916922,37.272256918064556,37.337427017913456,37.40753220816543,37.482321867907864,37.56152766440323,37.64486433793577,37.732030553550146,37.82270981989733,37.91657147515026,38.01327173946153,38.112454833067034,38.21375415857532,38.31679354553573,38.42118855473272,38.52654783915023,38.63247455789958,38.73856783883266,38.84442428491509,38.94963951887132,39.05380976004155,39.15653342677464,39.25741275724923,39.3560554410668,39.452076253574425,39.54509868451031,39.634756552246586,39.72069559468488,39.802575027716735,39.88006906209363,39.95286836952576,40.02068148898856,40.083236164359505,40.14028060479545,40.19158465961449,40.23694089991976,40.2761655996586,40.30909960950566,40.33560911751974,40.355586291362044,40.36894979755318,40.37564519416476
37.04751182787979,37.05388287159752,37.06660268068037,37.08562675428214,37.11088848101197,37.14229930740605,37.17974896355221,37.22310574670952,37.272216863854965,37.32690883426505,37.38698795329692,37.452240818519456,37.522434919408894,37.59731929166801,37.6766252371698,37.76006711028504,37.847343171172064,37.93813650625475,38.0321160158173,38.128937468207155,38.228244619723334,38.32967039872659,38.43283815205835,38.537362951208515,38.64285295517926,38.74891082629985,38.8551351947292,38.961122166728444,39.06646687117134,39.170765038251254,39.27361460370096,39.374617331399456,39.47338044671017,39.56951827250705,39.66265385946969,39.75242060191236,39.838463830220206,39.92044237076409,39.998030064168425,40.07091723272028,40.138812087925984,40.20144206929553,40.258555105796795,40.30992079172069,40.35533146918744,40.39460321002427,40.42757669032628,40.45411795174868,40.47411904420514,40.48749854555787,40.494201954595184
37.16200303298722,37.16838222135662,37.18111828807939,37.20016666911571,37.225460658620726,37.256911577797766,37.29440900105536,37.337821040275934,37.38699468812005,37.44175622151688,37.50191166642052,37.56724732507326,37.6375303668981,37.71250948413317,37.791915613169024,37.875462722362165,37.96284866687539,38.05375611078732,38.147853516370894,38.24479620003376,38.344227453992076,38.445779732208734,38.54907589865763,38.65373053537969,38.759351307211396,38.86554037952036,38.97189588459414,39.07801343179563,39.18348765595503,39.28791379792335,39.39088931061972,39.492015483417894,39.590899077243215,39.68715396229701,39.78040275000046,39.87027841041704,39.956425866220336,40.0385035540762,40.116184944295405,40.189160009578316,40.25713663379461,40.31984195192976,40.37702361262191,40.42845095499714,40.4739160920802,40.51323489345916,40.54624786057162,40.572820888576835,40.59284590958996,40.6062414127567,40.61295283755502
37.27668695295115,37.28307428866627,37.29582661840554,37.31489931493128,37.34022557791336,37.37171660320625,37.4092618094997,37.452729123269954,37.5019653228157,37.55679644265354,37.617028239286576,37.68244671955366,37.75281873275161,37.82789262756651,37.907398974819706,37.991051356748436,38.07854722341121,38.16956881642188,38.26378415991415,38.36084811822307,38.46040351934078,38.562082342676696,38.665506969183994,38.77029149127691,38.876043079462505,38.982363401968364,39.088850093017065,39.195098264890056,39.30070205817712,39.40525622419046,39.508357732832074,39.609607398771544,39.70861151829429,39.80498350873006,39.89834554203754,39.98833016383743,40.07458188889749,40.156758763989394,40.234533888937634,40.307596886673664,40.375655313268624,40.438435999033196,40.49568631212509,40.547175336377585,40.592694955594595,40.632060837025726,40.665113307346935,40.69171811515566,40.711767074693896,40.72517858634631,40.73189803025083
37.39156376910905,37.39795925487003,37.41072785303178,37.42982487313272,37.455183420354444,37.48671456516236,37.52430757051363,37.567830177409725,37.617128949753926,37.67202967960494,37.73233785394191,37.797839184138816,37.86830019927567,37.94346890442806,38.02307550473231,38.10683319621245,38.19443902371209,38.28557480626439,38.37990812973152,38.47709340624022,38.57677299941434,38.67857841396279,38.78213154764986,38.887046003103485,38.99292845632766,39.09938007821593,39.20599800475995,39.31237685095207,39.418110262957214,39.52279250234394,39.626020055797824,39.727393263089255,39.82651795565584,39.92300709774968,40.01648242167413,40.10657604840611,40.192932084618796,40.27520818700226,40.3530770847085,40.42622805073116,40.49436831317864,40.55722439752965,40.61454339131877,40.666094122948294,40.71166824688565,40.751081227934485,40.784173217914656,40.81080981878058,40.83088272684043,40.844310253674124,40.85103772003799
37.50663366300853,37.513037301536606,37.52582217354868,37.5449435253585,37.5703343676234,37.60190564540793,37.63954646589103,37.68312438457662,37.73248575091985,37.78745611445935,37.84784069259457,37.91342490116339,37.98397494897264,38.059238497357946,38.138945385704986,38.222808423714184,38.3105242508964,38.40177426359967,38.4962256092812,38.593532247724546,38.69333607803463,38.795268130068,38.898949818246145,39.00399425523565,39.11000762235797,39.2165905930104,39.32333980474279,39.42984937508797,39.535712455573986,39.64052281783899,39.7438764651478,39.84537326215962,39.94461857527296,40.04122491545776,40.13481357515967,40.2250162505159,40.31147663990863,40.393852009762156,40.47181471837791,40.545053688633786,40.613275820506175,40.67620733449437,40.733595037357865,40.78520750194266,40.83083615325564,40.87029625354355,40.90342777968228,40.93009618689845,40.95019305350819,40.96363660223317,40.97037209442083
37.621896816383,37.628308610409356,37.641109761729744,37.66025545341092,37.685678601580385,37.71729002586644,37.75497867764136,37.79861192686674,37.84803590850156,37.903075929515204,37.963536937662404,38.02920405317467,38.099843164499006,38.17520158916014,38.25500880068938,38.3389772223642,38.426803088266446,38.518167371900205,38.61273678221219,38.71016482648861,38.8100929391967,38.91215167517381,39.01596196533229,39.12113643221368,39.227280762285005,39.333995131257126,39.44087567805947,39.54751602256454,39.65350882147683,39.758447356293665,39.86192714666328,39.96354758193407,40.06291356325188,40.15963714811095,40.253339188897286,40.343650956706945,40.430215741444314,40.51269041907426,40.590746976863194,40.66407398740676,40.732378022381695,40.79538499714657,40.852841437551724,40.90451566074508,40.95019886215241,40.98970610135726,41.022877180200695,41.04957740710173,41.06969824231681,41.083157819663334,41.0899013410479
37.737353411153684,37.7437733634214,37.75659079952957,37.77576083929014,37.801216304274696,37.832867888649865,37.870604387947616,37.91429298654959,37.9637796048692,38.018889307248536,38.079426771740096,38.14517682289394,38.21590502871561,38.29135836283918,38.37126593284596,38.45533977547622,38.54327571927052,38.634754314785184,38.7294418323126,38.8269913265277,38.92704376707309,39.02922923362875,39.13316817343396,39.23847271874957,39.344748061001575,39.45159387803025,39.55860580996362,39.665376978814514,39.77149954626752,39.876566303483784,39.980172286287,40.08191640851389,40.18140310585771,40.27824398212392,40.37205944944476,40.46248035367976,40.54914957605196,40.63172360188757,40.709874047233164,40.7832891342251,40.85167510608227,40.914757572860246,40.97228277935414,41.02401878688101,41.06975656116965,41.109310959027624,41.14252160716722,41.16925366712313,41.18939848102955,41.20287409374758,41.20962564771286
37.853003629423505,37.859431742689566,37.87226546909354,37.891459865177666,37.916947657934756,37.94863941605166,37.98642377917697,38.03016774607737,38.07971702257095,38.13489643031759,38.19551037759872,38.26134339321715,38.33216072465914,38.407709001573515,38.487716965494656,38.571896266533166,38.65994232756244,38.751535276073646,38.84634094357712,38.94401193198083,39.04418874597905,39.146500989933394,39.25056862725604,39.35600329972704,39.462409703571275,39.569387018568264,39.67653038586639,39.78343242942691,39.88968481570934,39.99487984534091,40.09861207011838,40.20047992815819,40.300087389500256,40.39704560406101,40.49097454351192,40.58150462827562,40.66827833070975,40.75095174530103,40.8291961167038,40.90269931641552,40.971167259029684,41.034325249147045,41.09191925035943,41.14371706802393,41.189509438043295,41.229111014347566,41.26236124842404,41.28912515484181,41.30929395755001,41.32278561240977,41.32954520234788
37.96884765348158,37.97528393051514,37.98813395274652,38.0073527134352,38.03287284497827,38.064604790546625,38.10243703388117,38.146236388086116,38.19584834433529,38.251097481554886,38.31178793818959,38.37770394722011,38.448610435535464,38.52425368871164,38.604362082136625,38.68864687918787,38.77680309695802,38.86851043974747,38.96343430015183,39.061226827182026,39.16152806042448,39.263967128769934,39.36816351163685,39.47372836016378,39.58026587519226,39.68737473827336,39.79464959135318,39.90168256015693,40.00806481572282,40.11338816795192,40.21724668440685,40.3192383272804,40.41896660074673,40.51604220063566,40.61008465795281,40.700723967489445,40.78760219253524,40.870375036560176,40.948713372634074,41.02230472144388,41.090854668790314,41.154088213664345,41.211751038309494,41.26361069198352,41.309457680648805,41.34910645524889,41.38239629194691,41.40919205827374,41.42938485992545,41.442892563713265,41.44966019302737
38.08488566579737,38.09133010938123,38.10419643299669,38.123439566607324,38.148992047995335,38.18076419479065,38.21864433478538,38.262499095386495,38.312173753072194,38.36749264397379,38.42825963664099,38.49425866815634,38.565254344728814,38.64099260777741,38.721201466448164,38.80559179726681,38.893858211440254,38.98567998995511,39.08072208635858,39.17863619661735,39.27906189507518,39.38162783498376,39.48595301160599,39.59164808526861,39.698316761249856,39.8055572226807,39.91296361213053,40.020127556892085,40.126639732388114,40.232091457567,40.33607631556437,40.438191792437316,40.5380409263108,40.63523395870948,40.72938997977291,40.82013855846053,40.907121348804246,40.989993663055756,41.068426002526586,41.14210553691962,41.210737523071806,41.27404665421013,41.331778331081146,41.38369984671429,41.42960147700622,41.469297469803266,41.50262692585454,41.5294545655755,41.54967137633874,41.56319513586195,41.56997080796217
38.2011178490187,38.20757046194473,38.22045309252836,38.23972060741631,38.26530544975852,38.297117811613646,38.3350458647972,38.37895605096705,38.42869343186242,38.484082100762535,38.544925656251884,38.61100773944719,38.68209263579758,38.75792594246873,38.838235302263946,38.92273120476453,39.011107855163054,39.10304411101221,39.19820448667809,39.29624022494563,39.39679043475693,39.499483293578145,39.60393731234211,39.70976266039868,39.81656254728056,39.92393465751108,40.03147263409442,40.13876760569293,40.245409751912604,40.350989900558375,40.45510115012697,40.55734051035041,40.657310553065024,40.75462106530124,40.848890696119454,40.93974858847139,41.026835986920446,41.10980781231792,41.188334194027526,41.262101950590726,41.33081600972119,41.39420075872018,41.45200131669207,41.50398472030493,41.54994101526432,41.589684246218056,41.62305333840407,41.64991286503412,41.67015369510574,41.68369351718978,41.690477235495905
38.31754438597112,38.32400517104732,38.33690411420297,38.35619601876332,38.38181323321627,38.413665824027724,38.45164180699815,38.495607437992184,38.5454075639646,38.60086603528253,38.661786180499476,38.72795134469299,38.799125492465585,38.87505387664559,38.95546377359824,39.04006528584028,39.12855221244281,39.22060298740036,39.31588168575878,39.414039096980986,39.514713864460596,39.61753368971276,39.72211659918362,39.82807227106653,39.935003418969444,40.04250722862623,40.15017684328166,40.25760289277056,40.364375060682036,40.47008368347425,40.57432137480238,40.67668466785885,40.77677566799725,40.874203707542776,40.968586994297794,41.05955424495734,41.146746294446984,41.22981767202625,41.308438134917644,41.38229415034755,41.45109031672536,41.514550715267674,41.572420183297375,41.624465500982396,41.670476483715824,41.71026697283714,41.74367571797983,41.77056714507628,41.79083200468252,41.8043878961686,41.81117966411073
38.43416545965162,38.44063441969778,38.453549681057595,38.47286598371819,38.49851558149055,38.53040841521295,38.56843234463565,38.61245343979762,38.66231633280578,38.71784463106125,38.778841393024074,38.845089667653944,38.91635309862808,38.992376594342865,39.072887064623835,39.157594224821366,39.24619146776745,39.3383568037593,39.433753868406455,39.53203299769889,39.63283236933032,39.735779208709374,39.84049105762395,39.94657710294061,40.05363956216208,40.16127512204198,40.26907642587794,40.37663360447931,40.483535845219556,40.58937299299989,40.693737176436706,40.79622445196899,40.89643645826526,40.993982072740565,41.08847906171918,41.17955571546441,41.266852459056885,41.35002342997254,41.428738013130726,41.5026823242239,41.571560632210634,41.63509671207137,41.69303511918359,41.74514237710361,41.79120807078172,41.8310458381356,41.8644942531057,41.89141759426183,41.91170649365154,41.92527846140097,41.93207828241752
38.55098125323715,38.557458391083614,38.57038997630393,38.58973068552912,38.615412677874744,38.64734576852228,38.68541766113841,38.7294942398876,38.77941992198308,38.835018071801905,38.89609147763874,38.962422892263895,39.033775638344515,39.10989427975469,39.19050535968145,39.275318206196715,39.364025805770986,39.45630574489604,39.551821219591,39.650222112234324,39.75114613467126,39.85422003604393,39.959060873311564,40.0652773418434,40.172471162850755,40.28023852392489,40.38817156822082,40.49585992732447,40.60289229219005,40.70885801597022,40.81334874201879,40.91596004982445,41.01629311116175,41.11395634832608,41.20856708596413,41.29975318770496,41.38715466858735,41.47042527411155,41.549234016700346,41.62326666035775,41.69222714441364,41.75583893745295,41.81384631278335,41.86601553717034,41.91213596502459,41.952021030732006,41.98550913244267,42.012464401285925,42.03277735073661,42.04636540162983,42.05317327917112
38.667991950066636,38.67447726855865,38.687425183316904,38.70679030760914,38.73250470582979,38.7644780674792,38.80259794009755,38.84673002193781,38.89671851526425,38.952386541368234,39.013536618318916,39.079951202618915,39.15139329584055,39.227607117242634,39.30831884327352,39.39323741461424,39.482055411263815,39.57444999577082,39.670083924432355,39.76860662587778,39.86965534594258,39.972856357343026,40.07782623204797,40.184173173743964,40.291498407179155,40.399397620588225,40.50746245679026,40.61528204795565,40.722444588411825,40.82853893935598,40.933156258681095,41.035891648709615,41.1363458141172,41.2341267218745,41.32885125474377,41.42014684951931,41.50765311100035,41.591023392522786,41.66992633382679,41.7440473470498,41.813090041730035,41.8767775798953,41.934853952624856,41.987085169783406,42.03326035510594,42.073192739340236,42.106720544748846,42.13370775494487,42.15404476476184,42.167648905694534,42.17446484321551
38.78519773365489,38.79169123564613,38.80465548564808,38.82404503354418,38.849791848988794,38.8818054957712,38.919973365274394,38.96416096978429,39.014212296576936,39.069950223794976,39.131176999207455,39.19767478297756,39.26920625549947,39.34551529132602,39.42632770005753,39.51135203488272,39.60028046920464,39.6927897414996,39.78854216821222,39.887186724070794,39.98836018875242,40.09168835838696,40.19678731978025,40.30326478476354,40.410721481436845,40.51875259849132,40.626949278217886,40.7349001531656,40.84219292083985,40.94841595027484,41.053159913691744,41.15601943604652,41.25659475470122,41.35449338109448,41.44933175590139,41.540736888878605,41.62834797439215,41.71181797341707,41.7908151528296,41.8650245727256,41.93414951267473,41.99791282799676,42.056058227398296,42.108351463704224,42.15458142984939,42.19456115283406,42.228128678945005,42.25514784419,42.27550892470452,42.28912916259299,42.29595316355936
38.90259878767896,38.90910047603588,38.9220810670065,38.941495047081794,38.96727429114682,38.99932823725478,39.037544120590255,39.0817872674346,39.13190145001648,39.18770930327007,39.24901280460511,39.31559381776159,39.38721470187102,39.46361898668244,39.54453211485578,39.62966225196894,39.71870116470921,39.81132516735874,39.907196136363936,40.00596259241082,40.10726084886477,40.21071622510519,40.315944322605326,40.422552361169586,40.530140572060944,40.63830364424036,40.74663221927148,40.854714429887544,40.96213747657034,41.068489235979676,41.173359894461605,41.276343599392995,41.37704012061573,41.47505651382918,41.57000877741523,41.66152349389214,41.749239446989826,41.83280920513892,41.91190066216066,41.98619852593172,42.05540574589174,42.11924487048884,42.1774593259109,42.22981460780222,42.27609937818467,42.316126460201055,42.349733724057714,42.376784858088456,42.39717001965908,42.41080636143515,42.41763842932281
39.020195295980095,39.02670517358244,39.039702111274515,39.0591405321352,39.084952216265776,39.117046475946196,39.155310390131646,39.19960909905346,39.249786159838315,39.3056639641547,39.36704421897585,39.43370849154941,39.50541881965487,39.58191838814921,39.662932272641264,39.748168250991355,39.83731768304964,39.93005645876842,40.02604601447019,40.12493441664264,40.22635751219012,40.3299401435749,40.435297426771285,40.54203608937342,40.64975586562959,40.75805094457644,40.86651146686196,40.97472506519811,41.08227844283678,41.18875898386234,41.29375638853434,41.39686432644189,41.49768209969747,41.59581630805559,41.690882507392956,41.782506852792835,41.87032771715092,41.95399727615769,42.03318305039645,42.107569395348044,42.17685893015118,42.24077389622657,42.29905743709067,42.3514747910821,42.39781438917631,42.4378888505523,42.471535869244846,42.49861898582889,42.51902823884087,42.53268069145397,42.53952082974441
39.13798744256288,39.14450551230356,39.15751880248911,39.17698167277964,39.202825808462336,39.234960396024334,39.27327235814619,39.31762664896446,39.36786661045428,39.423814390957396,39.48527142693892,39.55201898907422,39.62381879371404,39.70041368071708,39.781528358543746,39.8668702172216,39.956130209643526,40.048983801305745,40.14509198826285,40.244102382661964,40.34565036478307,40.449360300015755,40.55484681866214,40.66171615593007,40.76956754886414,40.87799468638975,40.9865872080396,41.09493224630656,41.20261600701019,41.3092253814484,41.414349583588915,41.517581805020384,41.61852087991757,41.716772951877545,41.81195313407581,41.90368715394717,41.991612973360574,42.07538237507024,42.154662506240065,42.22913736977523,42.29850925434667,42.362500094184234,42.4208527499917,42.47333220266325,42.51972665200268,42.55984851312013,42.593535303782176,42.62065041672309,42.64108377158414,42.654752342003576,42.66160055418821
39.25597541159451,39.26250167637226,39.27553132485186,39.29501865324747,39.320895252020996,39.35307018182629,39.391430209037786,39.43584010165416,39.48614298643931,39.54216076834557,39.60369461326996,39.67052549523205,39.74241480905876,39.81910504952721,39.90032055784154,39.98576833608249,40.07513893006374,40.16810738069501,40.26433424362136,40.363466676504515,40.465139592844785,40.56897688079413,40.67459268480873,40.781592747534354,40.889575808624365,40.99813505670387,41.10685962999086,41.215336160561094,41.32315035659578,41.42988861639931,41.535139667435004,41.63849622308287,41.739556649372055,41.83792663353329,41.9332208458269,42.02506458584548,42.1130954042258,42.19696469059889,42.27633921851996,42.35090263814127,42.42035690749397,42.48442365346361,42.54284545379001,42.5953870317851,42.64183635596885,42.682005637257305,42.71573221706293,42.74287934019888,42.7633368073449,42.777021502553254,42.783877792134916
39.37415938739474,39.380693850126036,39.39373986271949,39.41325165793375,39.43916073137804,39.471376017846325,39.50978412736994,39.554249641758425,39.60461547251642,39.66070328114449,39.722313962896656,39.78922819506266,39.86120705085912,39.93799267987842,40.01930905596641,40.10486279314477,40.19434403002813,40.28742738280463,40.383772966571776,40.48302748435346,40.584825382721284,40.688790072416054,40.79453521188215,40.90166605101873,41.00978083190805,41.118472242678834,41.227328920038715,41.33593699544357,41.443881679229676,41.550748876502276,41.65612682801123,41.75960776871691,41.860789596288626,41.95927754138162,42.05468583113971,42.146639337102364,42.2347751984816,42.31874441158898,42.39821337618609,42.47286538948898,42.5424020787286,42.60654476328276,42.665035737778986,42.717639467812184,42.76414369048602,42.80436041243137,42.83812679859871,42.86530594580079,42.88578753569435,42.899488362694306,42.906352733178565
39.4925395544449,39.499082218054546,39.51214460060402,39.5316808713834,39.55762243112652,39.589878088734096,39.62833429785748,39.67285545407128,39.72328425356662,39.77944211433102,39.841129660900606,39.90812727375875,39.980195704422634,40.05707675720904,40.13849403849357,40.2241537741289,40.31374569540012,40.40694399364833,40.50340834328013,40.60278499253609,40.704707920894265,40.80880006152692,40.91467458668941,41.02193625335553,41.13018280584865,41.23900643160709,41.34799526563723,41.45673493856629,41.56481016268034,41.67180634967941,41.77731125338754,41.88091663013408,41.982219909016635,42.080825863910135,42.17634827862743,42.26841159645729,42.35665254498186,42.44072172700549,42.520285168305,42.595025812987274,42.66464495730588,42.728863612977314,42.78742379136799,42.84008970021914,42.886648845097604,42.92691302822992,42.96071923801782,42.98793042319261,43.00843614631937,43.02215311212877,43.02902556703608
39.61111609737629,39.617666964803355,39.630745723174826,39.6503064783003,39.67628053601129,39.70857657929168,39.747080905368016,39.791657723537654,39.84214951462199,39.89837745302957,39.96014189251322,40.02722291666493,40.09938095521653,40.176357467111174,40.25787569114944,40.34364146489571,40.4333441121874,40.52665739938151,40.62324056005682,40.72273938751472,40.824787393987656,40.92900703491053,41.0350109961743,41.142403541649045,41.25078191771217,41.35973781091922,41.46885885437178,41.577730177668805,41.6859359948442,41.7930612239772,41.89869313175713,42.00242299567119,42.103847776035124,42.20257178972698,42.2982083770293,42.39038155276849,42.478727632703865,42.56289682593196,42.642554784062106,42.71738409791542,42.78708573259816,42.85138039200104,42.91000980408278,42.962737918595145,43.00935200944714,43.04966367435223,43.08350972506039,43.11075296214574,43.131282829016435,43.14501594067085,43.15189648352565
39.72988920097757,39.73644827516609,39.74954341525074,39.76912866353371,39.795135230930136,39.82747167447133,39.86602413491997,39.91065663525206,39.96121144085857,40.01750948251263,40.07935084310778,40.146515309267805,40.21876298884931,40.29583499531706,40.377454199797945,40.4633260514494,40.553139466537004,40.64656778630178,40.74326980334818,40.842890855894304,40.945063988761675,41.04941117948276,41.15554462741405,41.263068103138096,41.37157835489545,41.48066656816984,41.58991987395522,41.69892290062456,41.80725936374404,41.914513687568615,42.02027265144043,42.12412705378843,42.22567338593797,42.32451550756144,42.420266315198326,42.51254939501287,42.60100065073759,42.68526989756857,42.76502241276273,42.83994043367358,42.909724594087514,42.974095289919305,43.032793965562085,43.085584312647576,43.132253373298475,43.17261254060385,43.20649844957825,43.23377375254652,43.25432777369746,43.268077038248485,43.274965672585004
39.84885905018027,39.85542633409229,39.86853786179905,39.88814761208875,39.91418670093163,39.946563559372905,39.98516417168131,40.02985237445509,40.080470217605345,40.13683838820288,40.19875669821149,40.266004637201924,40.338341991069846,40.415509527704785,40.49722975044763,40.58320771993652,40.67313194473838,40.76667534084303,40.86349625973853,40.96323958441135,41.06553789210922,41.17001268229873,41.276275667621306,41.383930125192094,41.49257230493037,41.60179289104398,41.71117851223035,41.820313295428306,41.92878045752787,42.03616392874902,42.142050000875784,42.24602899306736,42.347696927445384,42.44665720626382,42.542522282111065,42.63491531228488,42.72347178829217,42.80784113123494,42.887688243825046,42.96269500977164,43.03256173137593,43.09700849640782,43.15577646555807,43.208629072190654,43.25535312652207,43.29575981691245,43.32968560153246,43.35699298438841,43.37757117038197,43.39133659489784,43.39823332425887
39.968025830068854,39.97460132667509,39.987729247937594,40.00736350911567,40.0334351312066,40.06585241924804,40.10450120096353,40.149245126532186,40.19992603033105,40.256364355664154,40.31835964348807,40.385691086245714,40.45811814777248,40.53538125029121,40.61720252924729,40.70328665664129,40.79332173321661,40.88698024957533,40.983920115952095,41.083785759937406,41.18620929105899,41.290811730538564,41.39720430413356,41.50498979530842,41.61376395546586,41.72311696735677,41.83263495716607,41.941901550197635,42.05049946446474,42.15801213593589,42.26402536862404,42.36812900220849,42.46991858939054,42.5689970747986,42.66497646685822,42.75747949379527,42.84614123469131,42.93061071635753,43.01055246677816,43.085648015833165,43.155597334173365,43.22012020125834,43.278957493927415,43.331872387144976,43.37865145909945,43.41910569330203,43.453071370992205,43.48041084777373,43.501013209194994,43.51479480076005,43.521699628696354
40.08738972587237,40.09397343815448,40.107117758927444,40.12677653990508,40.15288070709419,40.185338439485285,40.224035408222576,40.268835077015645,40.31957906465348,40.37608757060149,40.43815986474536,40.50557484231065,40.57809164498971,40.65545034923419,40.73737272248199,40.82356304798544,40.91370901853243,41.00748269920689,41.10454155883859,41.20452956948019,41.30707837276727,41.411808511516185,41.51833072442114,41.62624730111215,41.73515349428875,41.844638985040895,41.95428939684973,42.06368785317702,42.17241657294557,42.28005849766575,42.38619894336594,42.49042727002946,42.59233856072738,42.69153530224559,42.78762905864224,42.88024212886588,42.96900917936607,43.05357884247589,43.13361527125893,43.20879964159258,43.27883159229356,43.34343059436541,43.402337240640605,43.455314447546336,43.502148561116684,43.54265035991002,43.576655948134395,43.604027532909804,43.624654080368174,43.63845184608466,43.645364776153805
40.20695092296324,40.21354285391254,40.226703580174785,40.246386889899654,40.27252361407767,40.305021805620896,40.34376697905812,40.38862241157949,40.43942950632486,40.496008218864304,40.55815754793131,40.625656091455284,40.698262668894664,40.77571701082289,40.85774051657511,40.944037080520175,41.03429398737868,41.12818287657079,41.225360775381894,41.325471200171165,41.42814532452031,41.53300321267299,41.639655116079226,41.74770283035278,41.8567411093003,41.96635913215623,42.076142019495,42.185672392727476,42.29453197148144,42.40230320259353,42.508570913896804,42.61292398546386,42.71495703052006,42.81427207779989,42.910480246781226,43.00320340692888,43.0920758118648,43.1767456992424,43.25687684701866,43.332150076885206,43.402264695664186,43.46693986573253,43.525915895769934,43.578955443530546,43.62584462276632,43.666394006974905,43.700439523237335,43.72784323010932,43.74849397423805,43.76230792122087,43.76922895699208
40.32670960685697,40.33330975947784,40.346486897227294,40.366194744676854,40.39236403777793,40.42490270333175,40.463696099208484,40.50860731603391,40.55947754124005,40.61612648643471,40.678352879129065,40.74593501987136,40.818631405787926,40.89618142148762,40.97830609807733,41.064708940939546,41.15507682658087,41.249080968638005,41.346377952697836,41.446610839272125,41.54941033373182,41.65439602157238,41.76117766682613,41.86935657090301,41.978526988529005,42.08827759688208,42.19819301342962,42.30785535732867,42.416845848696745,42.524746439489974,42.63114146912738,42.73561933755723,42.8377741879467,42.937207590765226,43.03353022070103,43.12636351752967,43.21534132184027,43.300111476412575,43.380337383911176,43.45569951165983,43.52589683431494,43.59064820546674,43.6496936494923,43.70279556533473,43.74973983434157,43.790336824838676,43.824422286682875,43.85185812978254,43.87253308124119,43.88636321662397,43.8932923616701
40.446665963206144,40.45327434051324,40.466467895771025,40.486200289955754,40.512402163955144,40.54498131843166,40.58382295455102,40.62878997632898,40.679723355430404,40.73644255943653,40.7987460445588,40.86641181388219,40.939198042115564,41.01684376778777,41.09906965367862,41.18557881605691,41.27605772309667,41.37017716250351,41.467593278026605,41.56794867417296,41.67087358794064,41.77598712590525,41.88289856450428,41.99120871075955,42.100511320120525,42.21039456751677,42.32044256710548,42.430236935575586,42.53935839333554,42.647388397238764,42.75391079807888,42.85851351546819,42.96079022229747,43.06034203055764,43.156779169937735,43.249722650314894,43.338805899050215,43.42367636385004,43.503997071896784,43.579448135968114,43.649728198380416,43.71455580377809,43.77367069208726,43.82683500330088,43.87383438623903,43.91447900394274,43.94860442895065,43.976072422445235,43.99677159191433,44.01061792284585,44.0175551807493
40.566820177805916,40.573436782823705,40.58664676162922,40.60640371159274,40.63263817851062,40.66525783687093,40.70414773109947,40.74917057854785,40.800167135060484,40.856956624122844,40.91933723057396,40.98708665994761,41.059962764443924,41.13770423641355,41.22003137019344,41.306646892822,41.39723686400866,41.49147164539073,41.589006938732275,41.68948489238445,41.792535274805005,41.89777671348064,42.004817997074404,42.1132594380337,42.22269429234029,42.33271023247669,42.44289086908105,42.552817316181866,42.66206979425036,42.77022926483506,42.87687908988783,42.98160670846421,43.0840053229677,43.18367558669706,43.28022728413129,43.37328099504417,43.462469733359754,43.54744055152082,43.62785610103822,43.70339613996017,43.77375897809512,43.83866285097766,43.89784721393406,43.95107394786804,43.99812846895363,44.038820734830544,44.072986140623705,44.10048629870774,44.121209696891526,44.135072230536466,44.14201760488868
40.68717243658142,40.6937972723453,40.70702368076497,40.72680519558007,40.75307226747745,40.78573244473444,40.82467061500064,40.869749308910166,40.920809066429904,40.97766886688224,41.040126623656626,41.10795974465891,41.18092575947612,41.258763014185504,41.34119143456619,41.427913358305226,41.51861443652389,41.61296460464613,41.71061912230639,41.8112196815441,41.914395582108874,42.01976497223009,42.126936152618114,42.23550894095675,42.34507609356783,42.455224780287175,42.56553810803708,42.67559668796541,42.78498024040693,42.89326923138385,43.00004653379365,43.10489910592088,43.20741967946093,43.307208448812666,43.40387475303003,43.49703874157382,43.58633301473616,43.6714042294941,43.751914661495626,43.82754371388824,43.89798936379272,43.96296953747312,44.02222340550822,44.07551258957879,44.12262227307795,44.16336220813751,44.19756761237642,44.22509994927648,44.24584758690625,44.25972633044131,44.266679824840324
40.80772292559792,40.81435599515333,40.82759883926887,40.84740492804247,40.87370461701897,40.90640532824347,40.94539179253367,40.99052635376333,41.041649335966966,41.098579474231784,41.161114410424275,41.22903125473176,41.30208721404226,41.38002028804903,41.462550033867046,41.54937839970954,41.64019062797342,41.73465622773976,41.83243001636039,41.93315322940311,42.03645469775229,42.14195209020308,42.24925321933023,42.357957407873705,42.46765691229794,42.57793839959261,42.688384472761086,42.79857523986279,42.90808992088158,43.01650848610171,43.12341331914909,43.22839089731841,43.33103348138809,43.43094080663377,43.52772176648069,43.620996079867865,43.71039593324662,43.79556758793723,43.87617294353826,43.95189104810413,44.022419545902835,44.08747605377451,44.146799457387345,44.20015111906483,44.24731598929619,44.288103614598334,44.322349034980746,44.349913564955294,44.37068545277874,44.38458041340222,44.39154203145339
40.928471831046906,40.93511313744997,40.94837242336679,40.96820309523498,40.99453541343614,41.02727667374168,41.066311450106504,41.11150189959225,41.16268813022995,41.21968863281687,41.28230077761465,41.35030137701076,41.42344731509357,41.501476245074784,41.58410735528815,41.67104220435321,41.76196562581228,41.856546702260864,41.954439808620776,42.05528572383421,42.15871280975182,42.264338255563146,42.37176938552558,42.48060502724352,42.590436937136914,42.70085127914772,42.81143015215188,42.92175316091496,43.031399024855894,43.139947218308016,43.246979635404564,43.352082272241404,43.45484691845777,43.55487284999558,43.65176851443316,43.745153199984195,43.834658679058236,43.91993081711785,44.000631137521154,44.07643833305458,44.14704971495849,44.212182590479884,44.27157556023737,44.32498972705466,44.37220980839246,44.413045145040094,44.44733059930149,44.4749273366374,44.49572348542889,44.509634670350884,44.516604415667025
41.04941933925131,41.0560688855708,41.06934461941493,41.08919988354384,41.11556484315467,41.148346667708665,41.18742977425818,41.23267613299679,41.28392563590485,41.34099652940989,41.403685912095966,41.47177029846429,41.54500624971051,41.6231310724579,41.70586358614838,41.792904959679255,41.88393961761395,41.9786362159183,42.07664868693806,42.17761735282815,42.28117010624221,42.386923656587754,42.49448483962501,42.60345198763894,42.713416356803094,42.82396360781348,42.93467533521479,43.04513064026811,43.154907741617826,43.26358561742625,43.37074567212135,43.47597342037836,43.5788601804842,43.67900476882975,43.77601518693725,43.86951029208408,43.959121442432824,44.044494107396325,44.12528943390148,44.20118575928019,44.27188006157723,44.337089338284855,44.39655190482243,44.45002860436776,44.497303921237766,44.538186990378215,44.57251249629304,44.6001414553086,44.62096187586535,44.634889292309985,44.64186716851321
41.17056563666416,41.177223425976806,41.190515613893496,41.2103954794809,41.236793092725755,41.26961549675034,41.308746951650605,41.35404924071605,41.405362039802526,41.4625033509076,41.525270000860786,41.59343820618435,41.666764205091695,41.74498495751181,41.82781891387612,41.91496685324785,42.00611279106893,42.10092495653838,42.19905683927505,42.30014830448827,42.4038267754689,42.509708481667474,42.617399770167275,42.72649847773925,42.83659536011985,42.94727557455836,43.058120211062025,43.168707867177936,43.278616260558834,43.38742387298404,43.49471161895779,43.600064531516686,43.70307345737694,43.80333675316648,43.90046197413625,43.99406754642027,44.08378441373224,44.169257649231064,44.250148023227155,44.32613351741774,44.396910776474144,44.462196487979135,44.52172868199018,44.575267941917964,44.62259851879569,44.663529341620105,44.69789491699856,44.72555611204087,44.74640081518216,44.760344470392184,44.767330481110434
41.2919109098632,41.29857694525343,41.31188559340965,41.33179006968598,41.35822034882981,41.39108334758995,41.43026316907553,41.475621409600876,41.52699752885336,41.584209284327514,41.64705323101724,41.715305287382584,41.78872136855813,41.86703808766835,41.94997352603043,42.037228072737584,42.12848533398379,42.22341311206096,42.32166445370693,42.422878767030106,42.526683005788826,42.63269291930208,42.74051436579329,42.84974468633067,42.95997413601929,43.070787368458305,43.18176496891053,43.29248503099878,43.402524771171564,43.51146217460633,43.61887766566975,43.72435579554186,43.82748693914594,43.927868993133394,44.02510906627346,44.11882515334381,44.20864778340607,44.29422163317173,44.37520709613942,44.45128179819101,44.522142050454335,44.587504230434206,44.64710608268597,44.700707930701995,44.74809379211647,44.78907238986118,44.82347805255206,44.85117149799861,44.872040494566725,44.886000395792934,44.89299454466472
41.413455345544605,41.42012963011434,41.433454744697436,41.453383840919415,41.4798467982685,41.51275040708228,41.551978613437655,41.59739282662955,41.64883229011248,41.70611451680841,41.76903578979671,41.83737172939115,41.910877927545855,41.98929065048124,42.072327610276126,42.15968880594012,42.25105743428064,42.346100870538,42.444471718421184,42.54580892878141,42.64973898566849,42.755877158100084,42.86382881525503,42.97319080230971,43.08355287353876,43.194499178690684,43.30560979807842,43.41646232118854,43.52663346304892,43.63570071202158,43.74324400211579,43.84884740243357,43.95210081589515,44.05260167895371,44.14995665368095,44.24378330329476,44.333711741998776,44.41938624985833,44.500466843369395,44.576630792414285,44.647574074409526,44.713012756615655,44.772684297934724,44.8263487618077,44.87378993233586,44.914816326281745,44.94926209416638,44.97698780442655,44.99788110528088,45.01185725979904,45.01885955046582
41.53519913053613,41.541881667391,41.55522325460593,41.57517698006518,41.60167262796229,41.63461686219757,41.673893471766654,41.71936367890128,41.770866510753805,41.828219235607136,41.89121786454937,41.959637719657046,42.03323406960812,42.11174283361331,42.19488135439642,42.28234924076009,42.373829279989586,42.46898842013366,42.56747882171912,42.668938978174076,42.77299490368042,42.87926138677488,42.98734330740604,43.09683701467212,43.20733176181514,43.31841119453611,43.42965488798398,43.540639927300646,43.65094252588126,43.760139675052216,43.867810818246284,43.973539542270906,44.07691527782034,44.17753500093813,44.275004926785115,44.36894218680626,44.45897648014389,44.54475169001737,44.625927455732466,44.7021806909912,44.773207039317576,44.838722257573586,44.89846351885368,44.95219062640373,44.99968713067661,45.04076134214627,45.0752472331473,45.103005222653586,45.12392283868232,45.13791525377277,45.144925689885845
41.65714245178142,41.66383324403751,41.67719131011108,41.697169674124034,41.72369802495376,41.75668290002669,41.79600793121448,41.84153415362969,41.89310037806681,41.95052362809631,42.01359964273846,42.082103445742305,42.155789982412955,42.23439482484247,42.31763494629012,42.40520956521468,42.49680105925493,42.59207594912069,42.69068595200507,42.792269103751195,42.89645094850672,43.00284579414735,43.11105803120969,43.220683512516565,43.33131099009085,43.44252360537006,43.553900428143415,43.66501803898922,43.77545214945564,43.884779253615356,43.99257830410497,44.09843240522099,44.20193051521211,44.3026691494937,44.4002540761016,44.49430199449808,44.58444218856186,44.67031814446662,44.751589124135265,44.82793168490807,44.89904113624449,44.964632924440274,45.02444393663619,45.07823371574372,45.12578557844142,45.16690762880075,45.20143366087387,45.22922394409187,45.25016588620058,45.26417456916526,45.271193154380136
41.77928549633624,41.78598454712303,41.799359098300286,41.81936211021466,41.84592317640232,41.87894870777546,41.91832217904528,41.963904438145455,42.01553407945702,42.073027881766365,42.13618131194203,42.204769095323535,42.278545853739615,42.35724681205929,42.44058857395839,42.52826996742908,42.61997296032746,42.71536364587749,42.81409329778948,42.91579949415926,43.020107308929184,43.1266305691363,43.23497317572294,43.344730485043996,43.45549074770088,43.56683660067399,43.67834660817075,43.789596846003306,43.90016252365131,44.00961963772196,44.11754664983214,44.223526181543505,44.32714671844957,44.4280043151116,44.5257042922339,44.619862917079864,44.71010905806038,44.79608580410698,44.87745203956831,44.95388396523399,45.02507655633408,45.090744948434,45.15062574256247,45.20447822116676,45.252085467013906,45.293255377671024,45.32782156880751,45.35564416023129,45.37661043934811,45.39063539749917,45.39766213548226
41.9016284513796,41.908335763834124,41.92172680638283,41.94175447557366,41.96834826958018,42.001414472765745,42.040836402633424,42.08647471989309,42.138167802441046,42.19573218421323,42.258963059850466,42.32763485618508,42.40150187147671,42.48029898326222,42.563742425514256,42.65153063563831,42.74334517156298,42.8388516988908,42.93770104768746,43.03953033814667,43.14396417383174,43.25061590076595,43.359088930106026,43.468978121551054,43.57987122408373,43.69135037001461,43.80299361777496,43.91437653818322,44.025073838443625,44.13466101747262,44.24271604565101,44.348821061590144,44.452564077997465,44.5535406883735,44.651355765866235,44.74562514534242,44.8359772795302,44.92205485992191,45.00351639309921,45.08003772312519,45.151313490814566,45.217058520847296,45.277009127991455,45.330924334082276,45.37858698785775,45.4198047802652,45.45441114849222,45.48226606264077,45.50325668971559,45.51729793038103,45.52433282480484
42.02417150420344,42.03088708147144,42.04429462167674,42.06434695754958,42.09097349187562,42.12408038243199,42.16355078947319,42.2092451864273,42.26100173465006,42.31863672315073,42.38194507426239,42.450700916221756,42.52465822362295,42.603551526557226,42.68709668917959,42.77499175817832,42.86691788142266,42.96254029674394,43.06150939041648,43.16346182456558,43.26802173219986,43.37480197815393,43.483405483614,43.59342661143268,43.70445260876593,43.816065103062186,43.92784164675277,44.039357305462715,44.15018628389554,44.25990358305812,44.36808668187886,44.47431723579411,44.57818278440991,44.679278459943994,44.77720868777687,44.87158887016111,44.96204704394469,45.04822550297764,45.129782375882705,45.20639314981063,45.277752130994976,45.34357383305844,45.40359428435826,45.45757224598349,45.50529033251396,45.546556028164254,45.58120259154211,45.609089842966064,45.63010482896901,45.64416235948887,45.65120541403374
42.14691484220745,42.15363868744733,42.16706273161125,42.18713974360368,42.21379903078687,42.24694662432048,42.28646552716509,42.332216025415015,42.384036063821874,42.441741686398984,42.505127543084896,42.57396746343934,42.64801509827992,42.72700463015512,42.81065155327718,42.89865352349079,42.99069127847133,43.086429628130695,43.18551851479645,43.28759414236225,43.392280173116454,43.49918899051759,43.60792302560173,43.71807614417481,43.82923509137379,43.94098098957223,44.05289088499858,44.16453933786305,44.275500050156175,44.38534752475779,44.49365874891776,44.60001489467751,44.704003028322084,44.805217820571066,44.90326324881919,44.99775428249455,45.08831854235621,45.17459792441688,45.25625017914752,45.33295043660157,45.4043926682562,45.47029107651745,45.530381403178346,45.58442214843884,45.632195692597385,45.673509313022514,45.70819608964962,45.736115692925445,45.757155048847586,45.7712288765793,45.77828009492903
42.269858652908134,42.276590769283125,42.2900313237304,42.310133021304075,42.33682507391894,42.37001338608485,42.409580803418756,42.45538742463041,42.507270977802385,42.56504726188022,42.628510654331585,42.69743468593967,42.771572683658206,42.85065848236814,42.93440720623146,43.022516120116975,43.114665551369264,43.21051988183657,43.30972860974207,43.411927480582335,43.5167396857559,43.62377712717105,43.73264174551491,43.84292690935955,43.954218861621975,44.0660982193941,44.17814152249209,44.28992282549633,44.4010153274661,44.510993032933975,44.619432437252705,44.725914228844594,44.83002500045516,44.931358961083895,45.02951963992736,45.12412157337781,45.21479196590001,45.3011723154645,45.382919994200314,45.45970977488437,45.53123529405943,45.59721044275131,45.65737067603577,45.71147423308838,45.75930325979588,45.80066482657114,45.83539183457743,45.86334380431088,45.884407541164535,45.8984976734757,45.905557059325886
42.39300312392277,42.39974351461075,42.41320058568387,42.4333269783285,42.4600518089885,42.493280855485985,42.53289680605104,42.57875957195314,42.630706664542885,42.68855363762863,42.752094596120315,42.8211027719383,42.8953311680647,42.97451327161463,43.058363836571004,43.146579736702726,43.23884088888185,43.334811246747854,43.43413986426626,43.53646202836881,43.641400459394106,43.748566577512996,43.85756183288925,43.96797909665728,44.07940410931393,44.19141698246353,44.30359374930109,44.415507958559104,44.52673230614982,44.636840298035665,44.7454079374512,44.852015428981304,44.95624889160691,45.05770207239157,45.15597805211661,45.25069093392644,45.34146750578147,45.427948867417726,45.50979201242706,45.586671356120824,45.65828019993748,45.72433212335851,45.78456229459157,45.838728691644526,45.88661322587113,45.92802276061155,45.96279001816171,45.99077436898249,46.0118624978012,46.02596894207358,46.03303649912367
42.51634844298032,42.5230971111639,42.53657070522335,42.556721802461915,42.58347942381753,42.61674922039066,42.65641372298196,42.70233265536615,42.75434331210005,42.81226100177475,42.87587955666974,42.94497190974373,43.0192907399128,43.09856918640916,43.182521632919475,43.27084456198367,43.363217479865725,43.459303911844316,43.55875246747225,43.66119797495714,43.76626268339375,43.87355753104536,43.98268347735367,44.09323289582773,44.204791024340324,44.31693746880589,44.4292477555762,44.541294927331165,44.65265117661075,44.76288951059128,44.871585440163926,44.97831868585326,45.082674892657636,45.184247345482646,45.28263867647751,45.37746255532831,45.46834535328852,45.5549277716505,45.63686642528152,45.71383537184514,45.785527577496765,45.851656310012096,45.91195645057678,45.966185715892195,46.01412578265224,46.05558330701317,46.090390832306525,46.11840757887414,46.13952011070856,46.15364287434192,46.16071860629841
42.63989479790872,42.646651746786006,42.66014187021212,42.68031768158635,42.707108106326146,42.74041866876715,42.78013174223579,42.826106862955776,42.878181108625355,42.93616954255422,42.999865724297905,43.06904228776849,43.143451587710224,43.22282641536358,43.30688078400081,43.39531078479868,43.487795513274214,43.58399806620463,43.683566608563744,43.78613550967064,43.89132654721146,43.99875017735125,44.10800686862495,44.21868849671816,44.33037979668111,44.442659868525226,44.55510373155463,44.66728392217697,44.77877212933898,44.88914086120979,44.99796513611779,45.10482419030477,45.209303194561755,45.3109949714169,45.409501704174744,45.50443662884788,45.595425699773735,45.68210921960751,45.7641434242919,45.84120201365938,45.91297761841137,45.97918319444896,46.039553335788106,46.09384549768392,46.14184112203743,46.183346657715816,46.21819446898172,46.24624362598211,46.26738057190574,46.28151966230851,46.28860357288203
42.763642376646956,42.77040760941818,42.783914268608065,42.80411480369641,42.830938044541725,42.86428938868715,42.904051051935845,42.95008238290826,43.00222024238016,43.06027944829964,43.124053287421944,43.19331409452155,43.267813900062386,43.34728514718707,43.43144147862845,43.519978594074274,43.61257517815645,43.70889389899177,43.80858247682756,43.911274821926725,44.01659224038679,44.12414470610018,44.23353219650168,44.344346089258714,44.45617061639402,44.5685843718116,44.68116186755456,44.79347513353558,44.905095354899295,45.01559454057975,45.12454721612086,45.231532133254746,45.33613398834889,45.43794514133333,45.53656732644818,45.63161334582147,45.722708736669034,45.80949340280234,45.89162320105607,45.96877147323798,46.04063051442447,46.1069129684803,46.16735314209497,46.221708228936315,46.26975943599145,46.31131300472023,46.346201120225665,46.37428270236859,46.39544407347541,46.40959949806895,46.41669159098413
42.887591367224765,42.89436488710318,42.90788808847529,42.928113356876814,42.95496942658933,42.9883615683204,43.02817184030548,43.07425940350618,43.12646090171393,43.184590907440274,43.24844243455814,43.317787518604334,43.39237786567125,43.47194557068114,43.55620390571425,43.64484817883327,43.737556663645236,43.83399159946091,43.93380026164288,44.036616101227956,44.14205995255461,44.24974130705188,44.35925965087381,44.470205863467065,44.58216367362644,44.69471116893801,44.80742235397158,44.91986875193281,45.031621043937406,45.1422507394649,45.25133187104859,45.35844270569669,45.463167465121394,45.56509804643804,45.66383573460648,45.7589928976532,45.85019465546924,45.937080512822526,46.01930594723543,46.09654394232116,46.168486457348294,46.23484582397818,46.29535606142664,46.34977410163325,46.397880916542874,46.43948254009731,46.47441097813765,46.50252500016354,46.523710807563674,46.53788257378683,46.54498285276695
43.01174195777701,43.01852376798556,43.032063517970876,43.052313529316784,43.07920244069071,43.11263539593308,43.1524942956644,43.198638113133505,43.25090327507717,43.30910410850272,43.37303335431302,43.442462748716586,43.517143673327304,43.596807874742034,43.68116825425859,43.76991972818825,43.86274015896945,43.95929135695996,44.059220152475035,44.16215953716203,44.26772987342513,44.37554017004801,44.48518942170612,44.59626800943571,44.70835915859797,44.821040450253506,44.93388538128251,45.046464967966465,45.158349387170404,45.269109648701374,45.37831929185962,45.48555609869697,45.590403816056615,45.69245387801424,45.79130712003028,45.88657547582337,45.97788364774168,46.06487074131732,46.14719185456623,46.22451961271506,46.29654563905636,46.36298195288314,46.423562285780136,46.4780433078214,46.526205755784915,46.5678554559749,46.602824234880295,46.63097071155203,46.652180966376584,46.66636908167876,46.67347755045714
43.136094336530526,43.14288444030034,43.15644074535455,43.17671550929691,43.20363727516442,43.23711105988746,43.27701860642683,43.32321870026283,43.37554755101397,43.43381924010568,43.497826235386825,43.567339973646675,43.642111511915964,43.72187224835186,43.80633471334907,43.89519343133692,43.98812585343938,44.08479336091663,44.18484233887524,44.287905319404665,44.393602192797324,44.50154148500955,44.61132169904941,44.72253271734231,44.8347572616104,44.94757240618337,45.060551140036345,45.17326397230709,45.28528057539482,45.39617145920448,45.50550966957774,45.61287250339296,45.71784323239765,45.820012827406835,45.918981674165764,46.014361271867905,46.10577590511883,46.1928642800015,46.275281114840816,46.35269867628973,46.42480825148539,46.491321547192825,46.551972007211575,46.60651603960962,46.65473414586591,46.69643194454452,46.73144108267652,46.75962002878319,46.780854742186214,46.79505921402885,46.802175876343924
43.2606486918122,43.26744709238075,43.281019958973175,43.30131948519608,43.32827411842299,43.36178874863936,43.40174496110214,43.44800135346233,43.5003939181573,43.55873649095694,43.622821266571385,43.69241938227518,43.767281570409914,43.847138880584694,43.93170347216468,44.02066947756302,44.1137139364558,44.21049780084577,44.310667010475754,44.413853637709146,44.51967710054759,44.62774544194,44.7376566730312,44.84900017743937,44.96135817304518,45.07430722723121,45.18741982085909,45.3002659557043,45.41241479947333,45.523436361950345,45.632903195298354,45.740392110991266,45.84548590545576,45.94777508603059,46.04685958852651,46.14235047739595,46.23387161929326,46.321061320657364,46.4035739199182,46.48108132497814,46.553274486636,46.61986479896994,46.68058541783888,46.735192489161406,46.78346627899935,46.82521219805506,46.86026171380636,46.88847314416473,46.909732327313684,46.92395316317101,46.93107802277061
43.38540521203492,43.39221191265219,43.405801347269815,43.42612564548279,43.4531131589698,43.48666865073736,43.52667354828678,43.57298626138893,43.625442565233946,43.68385604985741,43.748018636746544,43.81770116356698,43.892654037870095,43.97260796059582,44.05727471996618,44.14634805623927,44.23950459749957,44.33640486634575,44.436694356992625,44.540004681910794,44.64595478663501,44.754152230919345,44.864194533856704,44.97567058005485,45.08816208335092,45.201245103972234,45.314491614447846,45.42747110897397,45.53975225034284,45.65090454799392,45.76050006018279,45.86811511276046,45.973332026608865,46.07574084536409,46.17494105468653,46.27054328407685,46.36217098202518,46.449462055121565,46.53207046171647,46.60966775076715,46.68194453656703,46.74861190033227,46.809402709835204,46.864072848705135,46.9124023474531,46.95419640881322,46.989286320607924,47.017530250056346,47.03881391414265,47.05305112150118,47.060184182139
43.510364085708275,43.51717908963123,43.53078509877876,43.551134178715536,43.578154585400824,43.61175095481726,43.651804556671195,43.69817361279225,43.750693681057115,43.809178105692155,43.87341853487903,43.943185506575176,44.01822910344085,44.09827967763298,44.183048646099365,44.27222935681721,44.36549802613441,44.462514747091554,44.56292456821997,44.66635864192276,44.77243544109264,44.88076204210413,44.99093547180361,45.10254411559256,45.21516918305482,45.32838622705427,45.44176671157158,45.55487962300224,45.66729311900482,45.778576208450836,45.88830045546361,45.99604170004034,46.101381787300284,46.20391029695242,46.30322626428775,46.3989398836404,46.49067418513088,46.57806667529694,46.660770932214284,46.73845814570792,46.81081859339343,46.877563043458565,46.93842407543317,46.993157310520836,47.04154254355311,47.08338476917796,47.11851509547233,47.14679153887883,47.16809969510644,47.182353281469815,47.1894945469014
43.63552550142626,43.6423488119235,43.6559714021234,43.676345273544406,43.70339858639594,43.73703584960512,43.77713817502947,43.82356359650412,43.87614745452512,43.934702847434835,43.999021150019225,44.06887260043815,44.14400695635216,44.22415422101948,44.30902543999121,44.398313568828215,44.49169441200154,44.588827632841785,44.689357834028876,44.792915707736285,44.899119254033344,45.007575065725014,45.11787967722558,45.22962097452532,45.34237966275343,45.455730787193914,45.569245303064676,45.68249168874428,45.79503759653268,45.9064515345075,46.01630457243245,46.124172064232404,46.229635379032544,46.332283632397925,46.43171540902968,46.527540467878595,46.61938142048762,46.7068753731424,46.78967552344504,46.867452701907176,46.93989684928476,47.00671842057796,47.06764970691924,47.122446066941535,47.17088705967239,47.212777471566355,47.24794823084718,47.27625720309628,47.29758986269695,47.31185983557477,47.31900930956671
43.76088964787458,43.76772126821646,43.781360446011675,43.801759118703394,43.82884535072676,43.862523523912024,43.902674592224194,43.949156401444334,44.00180407462394,44.06043046414056,44.12482667130341,44.194762634374854,44.26998778591283,44.35023178015885,44.43520529114873,44.52460088188703,44.61809394482483,44.71534371342706,44.81599434436799,44.91967606941308,45.02600641563577,45.134591492086635,45.24502734054591,45.356901347399166,45.46979371311047,45.58327897517615,45.69692757983276,45.81030749721903,45.922985874059336,46.034530717407385,46.14451260244676,46.252506396798594,46.35809299337086,46.460861043364474,46.5604086806673,46.65634522864,46.74829288003136,46.83588834067261,46.91878442749923,46.99665161152506,47.06917949646928,47.13607822397868,47.19707979663354,47.25193931035661,47.30043608824659,47.34237470844163,47.37758591922721,47.405927435236464,47.427284609450524,47.44157097636877,47.448728662692375
43.88645671381826,43.89329664729129,43.90695241923592,43.92737590301178,43.95449506724258,43.988214166631344,44.02841399719739,44.074952216613994,44.12766373041512,44.18636114494584,44.25083528794568,44.32085579768614,44.39617178151149,44.47651254453924,44.56158838915518,44.651091485680055,44.74469681439815,44.842063178755694,44.94283428925707,45.046639917093934,45.15309711615813,45.26181151156163,45.37237865225975,45.48438542482867,45.59741152486103,45.71103098185037,45.82481373284191,45.938327239513335,46.05113814278234,46.16281394846139,46.27292473692391,46.38104488925944,46.48675482194039,46.58964272157355,46.68930627101942,46.78535435782694,46.877408755747965,46.96510576995398,47.048097836520846,47.12605506677494,47.19866672722429,47.26564264599497,47.32671453696481,47.381637233202724,47.43018982175025,47.47217667232249,47.507428353156335,47.53580242786501,47.5571841279581,47.57148689645171,47.57865279888288
44.01222688811246,44.01907513800745,44.03274751067499,44.05319581537074,44.08034792488135,44.11410796674134,44.154356578977726,44.20095123109651,44.25372661105022,44.312495079071006,44.3770471892418,44.447152279750334,44.5225591326163,44.60299670372105,44.688174923673095,44.777785569971606,44.87150321059119,44.9689862188091,45.06987785879138,45.17380744098631,45.28039154592603,45.38923531459428,45.499933802926066,45.61207339749083,45.72523328880001,45.838986998135745,45.95290395312696,46.06655110677139,46.17949459396095,46.29130141903749,46.40154116733813,46.50978773319703,46.615621056419535,46.71862885880262,46.81840837195385,46.91456804739872,47.00672923968063,47.094527853111,47.177615942706375,47.25566325992158,47.32835873387711,47.395411879014254,47.45655412035108,47.511540027968564,47.56014845271362,47.60218355577183,47.63747572523308,47.66588237360093,47.687288610853216,47.70160778847348,47.708781910793455
44.138200359687396,44.14505692930339,44.15874590928766,44.179219044764146,44.206404112661914,44.24020511329972,44.28050252667044,44.32715363405361,44.37999290575524,44.43883245580871,44.50346256456501,44.5736522700207,44.64915002877215,44.729684447341015,44.81496508443591,44.90468332460099,44.99851332334903,45.0961130236366,45.19712524313453,45.30117883136764,45.407889895329994,45.51686309169377,45.62769298317531,45.73996545613066,45.85325919578936,45.967147215006406,46.081198431778745,46.194979290200806,46.308055418913625,46.419993320562114,46.53036208522199,46.63873512024459,46.74469188854679,46.84781964688176,46.94771517539463,47.043986489365395,47.136254523923704,47.22415478231275,47.30733893830035,47.3854763832779,47.45825570880656,47.52538611547131,47.58659873928227,47.64164788718363,47.69031217371263,47.732395551399485,47.76772822809333,47.79616746510914,47.81759825081842,47.83193384512398,47.83911619112478
44.26437731755697,44.27124221020416,44.28494780410967,44.30544578025466,44.33266381967388,44.36650579544016,44.40685202945922,44.453559614727055,44.50646280382831,44.56537346453404,44.630081603362505,44.70035595802786,44.77594465959542,44.856575965107865,44.94195906125041,45.03178493947167,45.125727342684726,45.22344378336297,45.32457663251719,45.4287542785808,45.53559235483254,45.644695033433194,45.75565638369527,45.86806179155636,45.98148943675643,46.095511823503905,46.20969735995037,46.32361198106568,46.43682080901491,46.54888984451982,46.65938768216601,46.76788724209654,46.873967510109416,46.97721527769679,47.07722687331621,47.173609875790405,47.265984800620174,47.353986749783765,47.437267015595076,47.51549462920595,47.5883578444343,47.65556554784764,47.71684858629101,47.77196100343156,47.820681177365046,47.86281285186006,47.89818605442163,47.926657895095296,47.948113240577094,47.962465259142704,47.969655832616766
44.39075795081116,44.39763116980395,44.41135338425706,44.43187621098092,44.459127235092744,44.493010202377995,44.53340527660485,44.58016936242926,44.63313649465124,44.692118294692584,44.75690449515545,44.827263533375046,44.9029432147751,44.983671446804536,45.06915704399472,45.15909060456558,45.25314545867838,45.35097868817468,45.4522322172384,45.55653397303951,45.66349911495402,45.77273133045258,45.88382419523879,45.996362594637795,46.10992420267971,46.224081014723275,46.33840092885244,46.45244937068819,46.56579095569548,46.677991182448864,46.788618149811136,46.89724429049397,47.003448112946934,47.10681594318132,47.20694365774142,47.30343839878248,47.39592026196182,47.48402394778794,47.56740036693265,47.64571819011425,47.71866533323075,47.78595036866863,47.847303853953086,47.90247956933233,47.95125565633604,47.993435649850404,48.02884939694694,48.05735385630846,48.07883377289707,48.093202223306314,48.10040102805497
44.517342448613164,44.52422399727952,44.53796283891799,44.55851052615801,44.58579454816414,44.61971852339597,44.660162457441075,44.7069830665507,44.76001416767306,44.81906713580242,44.88393142954014,44.954375185735955,45.03014588407191,45.11097108228139,45.19655922261467,45.28660050992568,45.38076786147959,45.47871792832733,45.580092187662494,45.68451810521597,45.79161036628157,45.90097217345149,46.01219660862186,46.12486805630121,46.23856368460358,46.35285497982236,46.46730932975178,46.58149165044402,46.694966050441984,46.80729752593742,46.91805367985102,47.02680645722987,47.13313388895149,47.23662183531871,47.33686572074762,47.43347225049914,47.52606110018771,47.61426656864253,47.697739184699216,47.77614725845162,47.849178367709285,47.91654077050353,47.97796473488627,48.033203777553,48.082035803328274,48.1242641381104,48.159718448434106,48.1882555415398,48.20976004058886,48.224144930434875,48.23135197026431
44.644131000205896,44.65102088187773,44.66477635735721,44.68534891507389,44.71266594820828,44.7466309478575,44.787123761373394,44.83400091655173,44.8870960124151,44.946220177455345,45.01116259617724,45.081691104854336,45.157552857313746,45.23847506145567,45.324165787123675,45.414314845664606,45.508594741301025,45.606661694139085,45.70815673421239,45.81270686564494,45.91992629946376,46.02941775318862,46.14077381471725,46.25357836753129,46.36740807362669,46.481833910008525,46.59642275396771,46.710739011766925,46.82434628479032,46.93680906662928,47.047694464031,47.156573934148945,47.26302503006165,47.366633146139385,47.466993254449356,47.563711623144094,47.656407507578606,47.7447148047049,47.828283661320775,47.906782026713934,47.97989714042238,48.047336945961774,48.108831421754736,48.16413382079596,48.21302181108624,48.25529850941779,48.290793401691424,48.31936314361883,48.34089223649341,48.355293573386085,48.362508852109066
44.771123794900014,44.77802201291595,44.7917941289107,44.81239156708739,44.83974162461664,44.87374766519079,44.914289377882014,44.96122310196421,45.01438221847001,45.07357760930733,45.138598184798695,45.20921148054055,45.28516432439552,45.36618357431264,45.45197692759962,45.54223380195641,45.636626288420494,45.73481017599029,45.836426047379405,45.941100444923606,46.04844710520576,46.15806826048319,46.26955600445279,46.38249371936984,46.49645756089906,46.61101799654711,46.72574139287591,46.84019164613337,46.953931850327805,47.066525996216626,47.17754069414278,47.286546913138274,47.393121728261285,47.49685006772131,47.597326451010375,47.69415670896383,47.78695967645936,47.87536884837521,47.95903398926738,48.03762268743579,48.11082184396595,48.178339087690425,48.23990410725296,48.295269891803606,48.344213872391414,48.38653895658896,48.42207444955845,48.4506768554113,48.472230553498186,48.486648345053865,48.493871866486764
44.898321022077674,44.90522757978874,44.919016342987554,44.93963867162758,44.967021766848596,45.00106886489742,45.041659496511585,45.08864981238626,45.141872975498615,45.20113962108609,45.26623838520434,45.33693650267276,45.41298047527752,45.494096810899755,45.57999283418116,45.67035756903956,45.764862693174656,45.863163564321496,45.96490031770747,46.069699033705,46.17717297427208,46.28692388620645,46.39854336881416,46.511614302912875,46.62571233762993,46.740407430753216,46.855265437899476,46.96984974507828,47.08372293869102,47.196448506435324,47.30759256202477,47.416725586136295,47.52342417558218,47.62727279218278,47.72786550263932,47.824807700244975,47.917717799201206,48.006228892092004,48.08999036104818,48.168669433188654,48.24195267097017,48.30954738837935,48.37118298412096,48.42661218335878,48.47561218006374,48.51798567247325,48.55356178491858,48.582196869818226,48.60377518451748,48.61820943836741,48.6254412063344
45.025722871187206,45.032637771951016,45.04644318905471,45.067090418193914,45.09450656443487,45.128594736542496,45.16923430687301,45.216281237485525,45.26956847322192,45.32890640258117,45.39408338725457,45.46486636118771,45.541001499980176,45.622214961328645,45.708213697072544,45.798686337213354,45.89330414596,45.99172204963269,46.093579735799736,46.19850282270225,46.30610409747898,46.41598482128651,46.527736098834225,46.640940309307446,46.755172595072324,46.87000240399122,46.98499508051014,47.09971350017767,47.21371974156197,47.326576789072526,47.43785025955908,47.547110145123895,47.653932564093225,47.757901511683656,47.8586106015801,47.95566478931793,48.04868206820546,48.137295128333896,48.22115296921132,48.29992245658569,48.3732898141068,48.44096204075033,48.50266824512521,48.55816088827336,48.607216926953605,48.64963884995729,48.68525560068224,48.71392337977424,48.735526322504676,48.74997704628865,48.75721706461964
45.15332953174693,45.160252778926925,45.1740748566578,45.194746996347675,45.22219620696925,45.25632546975977,45.29701399864548,45.34411756698973,45.39746890143219,45.45687814364761,45.52213338087731,45.593001246090004,45.66922758859064,45.75053821576603,45.83663970653432,45.927220296832196,46.02195083723506,46.12048582247937,46.2224644923188,46.327512002677494,46.43524066569956,46.54525125670469,46.657134385608636,46.770471929751,46.88483852453591,46.99980310767553,47.11493051223031,47.22978310305769,47.3439224506692,47.456911035955464,47.56831397867358,47.6777007821212,47.784647085909505,47.88873641842789,47.989561940119074,48.086728168548746,48.17985267591609,48.26856774961749,48.352522006337296,48.43138195026825,48.50483346607886,48.572583237558895,48.63436008307483,48.689916199397345,48.73902830594921,48.78149868196082,48.81715608979637,48.845856578247634,48.867484160443944,48.88195136181133,48.8891996343398
45.281141193339444,45.28807279030851,45.30191153539831,45.32260859571764,45.35009088410734,45.38426125424469,45.42499876157086,45.47215899069199,45.52557444997841,45.58505503419944,45.65038855605596,45.72134134744003,45.7976589312502,45.87906676444692,45.965271052886884,46.05595963830921,46.150802957503814,46.249455073472106,46.351554777975785,46.456726764450345,46.564582869857205,46.67472338349162,46.78673842027017,46.90020935548713,47.0147103173709,47.12980973326561,47.24507192462344,47.36005874538719,47.4743312577841,47.58745143895505,47.69898391133664,47.80849768918729,47.91556793318517,48.019777704655915,48.12071971058356,48.2179980303407,48.311229814813224,48.400046948491784,48.48409766504626,48.563048106919254,48.63658381962314,48.7044111715967,48.76625869080321,48.82187830961014,48.871046509965474,48.91356536143115,48.94926344523719,48.97799665823435,48.99964889134713,49.01413257796355,49.02138910852747
45.4091580456056,45.41609799574356,45.429953414944364,45.4506754059933,45.478190785573254,45.51240227975402,45.5531887854506,45.60040569844662,45.65388530877161,45.71343726421312,45.77884910283798,45.84988685535932,45.926295718161214,46.007800797651115,46.09410792650563,46.184904552114595,46.27986069733502,46.378629993275375,46.48085078353583,46.586147298889436,46.69413090092792,46.804401392724714,46.916548394009304,47.030152777813825,47.144788164979296,47.26002247226659,47.375419509298695,47.49054061887909,47.60494635471888,47.71819818998193,47.82986024955435,47.9395010584252,48.04669529810865,48.15102556264192,48.25208410532892,48.349474567132454,48.44281367740948,48.531732917543884,48.6158801379861,48.69492111924968,48.76854106750674,48.83644603568197,48.898364261180326,48.95404741181834,49.0032717319492,49.04583908134461,49.08157786000562,49.11034381275954,49.132020708255745,49.146520887792285,49.1537856802378
45.537380278254,45.544328584947635,45.55820068502468,45.5789476169262,45.60649610114398,45.64074873610769,45.681584260145584,45.72885788016493,45.78240166778342,45.8420250237222,45.907515211324316,45.978637960024926,46.05513813957879,46.13674050572458,46.22315051781707,46.31405522876884,46.409124247345225,46.50801077260391,46.61035269981592,46.7157737969122,46.823884949931276,46.934285475535624,47.04656449805514,47.160302388064814,47.27507225880256,47.390441516226424,47.50597345790816,47.6212289152854,47.73576793332522,47.84915148098572,47.96094318537153,48.0707110819706,48.178029372905364,48.28248018469932,48.38365531675199,48.48115797139691,48.57460445625039,48.66362584938484,48.74786961783655,48.82700117999917,48.900705402528864,48.96868802266557,49.03067698710121,49.08642369896267,49.13570416487525,49.178320034708726,49.21409952713723,49.24289823487773,49.26459980424022,49.27911648437951,49.28638954255626
45.66580808104622,45.67276474769225,45.68665353542618,45.70742541832473,45.73500702065957,45.76930081317827,45.8101853755758,45.857515725818146,45.91112371703869,45.97081850281558,46.03638707167338,46.107594851667244,46.18418638581501,46.26588607905834,46.35239901730593,46.443411858843916,46.5385937982025,46.63759760222232,46.74006071767975,46.84560644948372,46.953845207938976,47.064375823093734,47.17678692368616,47.290658377624446,47.405562790324964,47.52106705673428,47.63673396214018,47.752123826394744,47.86679618549452,47.98031150395526,48.09223291086935,48.2021279519974,48.309570349837955,48.414141763173554,48.51543353727739,48.61304843563504,48.70660234391188,48.79572593666122,48.88006629731204,48.95928848194027,49.033077017515815,49.10113732542143,49.16319706148897,49.21900736400408,49.26834400174194,49.31100841455395,49.34682863968468,49.37566011766494,49.397386372388986,49.411919560826554,49.41920088859062
45.794441643806316,45.80140667380653,45.81531215599288,45.836109000054265,45.86372373401642,45.89805870089989,45.93899232171509,45.98637942543027,46.040051646621244,46.09981789163655,46.165464874095356,46.236757720571426,46.313440647228866,46.395237708098904,46.481853615501635,46.572974632961234,46.668269540622056,46.76739067294266,46.86997502803827,46.97564544761834,47.084011866061445,47.194672626615606,47.307215862224545,47.421220937913596,47.536259951075735,47.6518992854162,47.76770121372715,47.88322554404206,47.998031303152445,48.11167845091165,48.22372961816351,48.333751860709285,48.44131842119576,48.546010490440466,48.6474189593604,48.745146152381054,48.838807533001166,48.92803337204924,49.01247036914477,49.091783217868986,49.16565610531597,49.23379413685468,49.29592467729042,49.35179859993134,49.401191435571164,49.44390441393272,49.47976539073133,49.5086296542214,49.53038060582374,49.5449303102617,49.552219911473884
45.92328115640946,45.930254553176205,45.94417673662216,45.964998552037386,45.99264643116504,46.027022589259424,46.06800528859627,46.115449169079284,46.169185646662065,46.22902338038062,46.2947488088554,46.36612675707387,46.44290111423857,46.52479558333931,46.61151450298647,46.702743741793434,46.79815166536394,46.89739017562401,47.00009582184714,47.10589098236965,47.214385115457034,47.32517607736085,47.43785150502612,47.55199026039717,47.6671639326176,47.78293839394176,47.89887540443425,48.01453426008672,48.129473478262135,48.24325251391001,48.355433499401094,48.465583000344324,48.573273779302866,48.678086558903345,48.779611775487346,48.87745131419613,48.97122021614866,49.060548348245476,49.145082026101335,49.224485580609354,49.29844285880972,49.366658649889004,49.428860027475075,49.484797599755304,49.53424665941289,49.577008225923166,49.61290997337702,49.64180703767067,49.66358269767797,49.678148925831714,49.68544680435765
46.05232680878927,46.05930857573602,46.07324746726814,46.09409426424819,46.12177530210783,46.15619266829527,46.19722446629819,46.24472514689977,46.29852590734862,46.35843515929583,46.424239066264725,46.495702151559406,46.57256797730179,46.65455989532325,46.741381870387045,46.83271937605488,46.92824036324031,47.02759630116678,47.13042329010681,47.236343244835425,47.3449651473223,47.45588636662497,47.56869404349261,47.682966536570135,47.79827492655238,47.914184574008125,48.03025672606214,48.14605016642956,48.26112290281566,48.3750338850391,48.48734474676148,48.59762156316927,48.70543661651428,48.81037016099947,48.912012178170606,49.00996411366624,49.103840586012595,49.19327105797754,49.2779014609673,49.35739576300406,49.43143747089498,49.49973105747483,49.562003305038765,49.61800455651041,49.66750986633269,49.7103200436229,49.746262580746425,49.775192461153786,49.79699284111109,49.81157560070496,49.81888176041502
46.181578790924064,46.188568931478066,46.20252453793583,46.22339632671303,46.251110536901415,46.28556912809744,46.32665004495319,46.3742075490679,46.42807261891689,46.48805341867602,46.55393583668618,46.62548409445739,46.70244142692833,46.78453083464034,46.871455908377875,46.96290172650809,47.058535825101195,47.158009240517075,47.26095762385436,47.367002426152396,47.475752152892795,47.58680368574616,47.69974366905917,47.8141499579787,47.92959312451703,48.045638017355635,48.16184537044278,48.27777345499984,48.392979768839574,48.507022756414614,48.619463552450455,48.7298677414788,48.83780712520608,48.94286148918885,49.044620359949256,49.14268474340457,49.236668835277136,49.32620169399216,49.410928866554805,49.49051395792108,49.56464013449198,49.63301155257995,49.6953547029926,49.751419663245976,49.8009812494184,49.843840060149525,49.879823405977625,49.908786117833046,49.93061122929831,49.94521052806668,49.952524972837665
46.311037292853115,46.31803581044384,46.3320081386795,46.352904929506906,46.380652325647624,46.41515215880551,46.456282214744775,46.50389656581246,46.55782597164856,46.61787834886293,46.68383931052641,46.75547277625244,46.83252165367045,46.91470859192091,47.0017368076717,47.093290983954056,47.18903824183596,47.28862918466106,47.39169901417279,47.497868717498896,47.60674632344391,47.717928226096866,47.831000573202246,47.945540716185604,48.06111871818189,48.177298915749596,48.29364152944422,48.40970431776069,48.525044268387276,48.639219320186115,48.75179010870721,48.862321727594505,48.97038549778466,49.07556073595655,49.177436513384194,49.27561339604426,49.36970515664432,49.45934044905777,49.54416443569273,49.623840358248025,49.69805104254034,49.766500328192244,49.82891441436791,49.885043113034676,49.93466100177245,49.977568468633535,50.01359264223091,50.04258820088451,50.06443805543317,50.079053901120375,50.086376634829215
46.440702504651924,46.44770940272151,46.46169845959997,46.48262026275597,46.51040085849854,46.54494195060407,46.586121165896145,46.633792387410416,46.68778615586973,46.74791014024721,46.81394967823802,46.88566838746032,46.962808848125825,47.045093357842454,47.132224759028304,47.2238873392351,47.31974780438088,47.41945632462118,47.522647652179224,47.628942310088,47.737947850287135,47.84926017908652,47.96246494742164,48.07713900280136,48.19285189924895,48.309167460991155,48.42564539496172,48.54184294669775,48.65731659354069,48.77162376852366,48.88432460778783,48.99498371386295,49.10317192667862,49.208468093808385,49.31046083105757,49.408750264243416,49.502949742838155,49.59268751596541,49.6776083612291,49.757375156891605,49.83167038799755,49.90019757731735,49.96268263221329,50.01887509896073,50.0685493165153,50.111505462223946,50.147570482678375,50.17659890350148,50.198473512718934,50.21310591307883,50.22043693961476
46.57057461645147,46.57758989844417,46.59159569084946,46.612542516627705,46.640356325651815,46.674938693727626,46.71616708868439,46.76389520418166,46.81795336195752,46.878148983259464,46.944267130317144,47.01607111864768,47.09330320093124,47.17568532311821,47.26291995324545,47.35469098323748,47.45066470370714,47.550490851459195,47.65380372902902,47.760223395167905,47.86935692476551,47.98079973615473,48.094136983261095,48.20894500945708,48.324792859451236,48.441243844907184,48.55785715891572,48.674189533830734,48.789796936410035,48.90423629362511,49.017067241981394,49.12785389265415,49.23616660433778,49.341583755276595,49.443693505575844,49.54209554067651,49.63640278660388,49.726243087520146,49.811260836033505,49.89111854677219,49.965498363839316,50.03410349297544,50.09665954959047,50.15291581412645,50.20264638678143,50.24565123408651,50.281757120506015,50.31081841888945,50.33271779437968,50.3473667571762,50.354706080428315
46.700653818423945,46.70767748779195,46.72170002261965,46.74267188133488,46.770518917350124,46.80514257845151,46.846420173420576,46.89420520648618,46.94832778032392,47.00859506837104,47.07479185730078,47.14668116042052,47.22400490276518,47.306484678503736,47.393822581157785,47.48570210687616,47.58178913081829,47.681732956272256,47.78516743590871,47.89171216402121,48.000973738255716,48.11254708877597,48.22601687228593,48.34095892781865,48.45694179054747,48.57352825935333,48.69027701325883,48.806744271201126,48.92248548912504,49.037057087712405,49.15001820359188,49.26093245635612,49.36936972323382,49.47490791290757,49.577134729562,49.67564941803791,49.77006448070162,49.860007356547136,49.945122052987465,50.02507072083088,50.09953516304982,50.16821826820069,50.23084535957548,50.28716545164449,50.33695240571687,50.38000597739232,50.416152748913085,50.44524694026629,50.46717109364461,50.48183662664923,50.48918425051446
46.83094030078412,46.837972360987564,46.85201164514715,46.87300854713845,46.900888823876016,46.93555379509117,46.97688061046706,47.02472258473324,47.07890960142674,47.13924858609681,47.20552404976265,47.27749870342046,47.354914144342004,47.43749161479346,47.524932833635795,47.6169209011121,47.713121276757356,47.81318283019091,47.91673896404091,48.02340880796189,48.132798482166926,48.24450242845016,48.358104806097124,48.47318094958122,48.5892988843254,48.70602089621269,48.82290514996162,48.93950735087297,49.05538244384309,49.17008634302659,49.28317768494735,49.39421959738182,49.502781475858,49.60844075926904,49.71078469565464,49.80941208903547,49.903935017905034,49.99398051588248,50.07919220498727,50.159231872012874,50.23378097863272,50.30254209603798,50.36524025525811,50.42162420464001,50.471467566479554,50.51456988532899,50.55075756110681,50.579884660859086,50.60183360375654,50.616515714752204,50.623871643128076
46.96143425379071,46.968474708295815,46.982530748707305,47.00355270433409,47.03146623555584,47.06617253400732,47.10754859021835,47.15544752936016,47.209699015758886,47.27010972698657,47.33646389831633,47.40852393832748,47.486031116415916,47.56870632281046,47.65625090158884,47.748347556927776,47.8446613325999,47.94484066437609,48.04851850467732,48.15531351833262,48.26483134793565,48.37666594670813,48.49040097631337,48.60561126645945,48.721864332598116,48.83872194738683,48.955741761024484,49.07247896493453,49.18848799273771,49.30332425183144,49.416545878396846,49.52771550815711,49.63640205471602,49.74218248694278,49.84464359650839,49.94338374639544,50.03801459100615,50.128162758381,50.213471484941884,50.29360219328557,50.368236003597865,50.43707516954743,50.4998444297361,50.55629226624712,50.60619206223573,50.64934315108969,50.68557175030694,50.714731773900745,50.736705517964275,50.75140421474295,50.758768451534706
47.09213586773655,47.099184720017846,47.11325752361914,47.134304543257734,47.162251342751205,47.19699898559361,47.238424303112495,47.28638023084982,47.34069621385215,47.40117868163165,47.467611593613,47.53975705585854,47.61735600976917,47.700128993416186,47.787776975953705,47.879982265349454,47.97640948945063,48.07670665002363,48.18050624909889,48.28742648650484,48.39707252702294,48.50903783510864,48.622905574589,48.73825007019828,48.854638327199794,48.97163160480502,49.088787038461824,49.20565930549243,49.321802328007024,49.436771006407476,49.55012297630107,49.66142038112859,49.770231652329684,49.876133288527186,49.97871162479501,50.07756458285324,50.17230339280606,50.262554276900396,50.34796008577005,50.42818187761813,50.50290043096853,50.57181768179376,50.634658076115876,50.691169829608114,50.741126086157614,50.78432596787544,50.820595509733465,50.84978847263732,50.87178702952331,50.886502319885544,50.893874869000776
47.223045332959416,47.2301025864959,47.24419216023756,47.26526425428463,47.29324433586343,47.32803334028647,47.36950793961896,47.417520879720335,47.47190138627454,47.53245564064997,47.598967326334616,47.67119824676287,47.74888901522297,47.831759817506956,47.91951124770155,48.01182521742564,48.10836593844308,48.208780978348834,48.31270238861515,48.41974790387944,48.529522210920554,48.641618285229065,48.75561879259485,48.87109755256127,48.98762105998721,49.10475006041438,49.222041174311386,49.3390485646723,49.455325641859176,49.57042679904936,49.683909171041584,49.79533440875404,49.90427046123646,50.010293356631706,50.11298897319357,50.2119547911571,50.30680161611515,50.39715526431585,50.482658200399456,50.56297111799273,50.63777445377307,50.70676982584965,50.76968138750734,50.82625708787224,50.876269831428964,50.91951852889432,50.95582903262117,50.98505495031514,51.00707833169449,51.02181022345,51.029191088804374
47.35416283982773,47.36122849810524,47.37533484894849,47.396432027821184,47.424445405327475,47.45927578854904,47.500799690244584,47.548869666517994,47.603314723624116,47.66394079469843,47.730531287197394,47.80284770181678,47.88063032362625,47.963598986001045,48.05145390783048,48.14387660423534,48.24053087073991,48.341063840602146,48.445107114559704,48.55227796187826,48.66218059114304,48.774407488674825,48.888540822025725,49.00415390533418,49.12081272283601,49.23807750617907,49.35550436063026,49.47264693461551,49.5890581265243,49.704291822072754,49.81790465500975,49.929457783506734,50.03851867398433,50.14466288387783,50.24747583439247,50.346554564066636,50.441509453755124,50.53196591350702,50.61756602176861,50.697970107394774,50.77285826504666,50.84193179479358,50.904914557031574,50.961554234193095,51.01162349123092,51.054921027354666,51.09127251219612,51.12053140018336,51.14257961774223,51.15732811871044,51.16471730422036
47.48548857874356,47.492562645258104,47.506685780176724,47.52780805431353,47.55585474161095,47.59072652088418,47.63229974552783,47.68042678182982,47.73493641653468,47.79563433446482,47.86230366694599,47.93470561183651,48.012580125859294,48.095646689851264,48.183605147370606,48.27613661688664,48.372904477529886,48.4735554280556,48.57772061829035,48.68501685194797,48.79504785922124,48.90740563707058,49.02167185459738,49.13741932032402,49.2542135076413,49.37161413408566,49.48917678948922,49.606454607481815,49.7229999742468,49.83836626779839,49.95210962061257,50.06379069786889,50.17297648313038,50.27924206289634,50.382172401095595,50.48136409434546,50.57642709855437,50.666986417359276,50.752683742816856,50.83317903881911,50.90815205782784,50.97730378170903,51.04035777780964,51.09706146172626,51.14718725874949,51.19053365647225,51.22692614169806,51.25621801549612,51.27829108093185,51.29305619893972,51.300453708527435
47.61702274014561,47.624105218394305,47.638245144379795,47.659392524235614,47.68747253521707,47.722385727825284,47.76400829604094,47.8121924162659,47.86676665566734,47.92753645066524,47.99428465635929,48.06677216765684,48.14473861282614,48.22790312003659,48.31596515737316,48.40860544650932,48.50548695002571,48.60625593200593,48.71054309119059,48.81796476555723,48.9281242067139,49.04061292206162,49.15501208204148,49.270893989348714,49.38782360631535,49.505360136132694,49.623058652971054,49.74047177544177,49.85715137727877,49.972650328566495,50.08652426026449,50.198333344333534,50.30764408124321,50.41403108632585,50.5170788660081,50.61638357476673,50.71155474334675,50.80221696876432,50.888011556488394,50.96859810526158,51.04365602515899,51.11288597967947,51.17601124296349,51.23277896362906,51.28296132717486,51.32635660945801,51.36279011436125,51.39211498950382,51.41421291452902,51.428994657411366,51.43640049500519
47.748765514499965,47.755856407990244,47.770013132043694,47.79118562809424,47.8192989766765,47.854253599934886,47.89592553237962,47.94416676047058,47.998805631713616,48.05964733404282,48.12647444623359,48.19904756014341,48.27710597545933,48.360368467559475,48.44853412891443,48.54128328425838,48.63827847946032,48.73916554376886,48.84357472466178,48.95112189418968,49.061409825193934,49.17402953530821,49.288561696110406,49.40457810425076,49.521643210781704,49.63931570433048,49.75715014317755,49.87469863067747,49.99151252788473,50.107144196718785,50.22114876639138,50.3330859154015,50.44252166089714,50.5490301468087,50.652195421842315,50.75161319810584,50.84689258096574,50.937657760617434,51.02354965573414,51.10422749971875,51.179370360083226,51.248678581791204,51.31187514561792,51.3687069330583,51.41894588969453,51.46239007952488,51.49886462341911,51.5282225154596,51.550345311796434,51.56514368739959,51.572557856929215
47.88071709230477,47.88781640454704,47.901989933680944,47.92318755641996,47.951334256545096,47.98633032780175,48.02805164517418,48.076350005111316,48.13105353538911,48.19196717536706,48.25887322740176,48.331531980186966,48.409682404716136,48.49304292344432,48.5813122530953,48.6741703213104,48.77127925709085,48.87228445468247,48.97681571012169,49.08448842935432,49.19490490625584,49.307655668490504,49.42232088856735,49.53847185688022,49.65567251297955,49.77348103070421,49.89145145221596,50.00913536538007,50.12608361834036,50.24184806461249,50.35598333142334,50.4680486035807,50.577609414670334,50.68423943699753,50.7875222613137,50.8870531571403,50.98244080425502,51.07330898581244,51.15929823350003,51.24006741518783,51.31529525564592,51.38468178112857,51.4479496788935,51.504845563170555,51.5551411394895,51.598634259885394,51.63514986210156,51.66454078660792,51.68668846599741,51.701503482173685,51.70892598757338
48.012877664079156,48.01998539859449,48.03417573983648,48.055398499777056,48.08357856541123,48.11861610204292,48.16038682507594,48.208742340884456,48.26351055743709,48.32449593312325,48.39148119071284,48.46422561869884,48.54246809157418,48.62592667874198,48.71429972103761,48.807266748860464,48.904489474192324,49.00561285610021,49.11026623901041,49.218064562573915,49.32860964150132,49.44149151329883,49.55628985119001,49.67257543910181,49.78991170485975,49.90785630728903,50.025962772205446,50.143782171752754,50.26086484092804,50.37676212461005,50.491028147801366,50.60322160138042,50.71290753514817,50.8196591495425,50.923059577140656,51.02270364465345,51.11819960605203,51.20917083724611,51.295257482734726,51.376118044667265,51.45143090488622,51.52089577077268,51.584235035910694,51.641195047116696,51.6915472697438,51.73508934374145,51.77164602363778,51.80106999619534,51.823242570383854,51.83807423499609,51.8455050802066
48.1452474203735,48.1523635806867,48.166570741076086,48.187818648750564,48.216032093884124,48.25111111329468,48.2929312627594,48.34134395850683,48.39617688862231,48.457234495056206,48.52429852703771,48.59712866661545,48.675463227032665,48.75901992451796,48.847496723877484,48.940572758125,49.0379093220544,49.13915069684714,49.24392650278156,49.35185048537928,49.46252422255467,49.5755372614389,49.6904687757721,49.806889042789564,49.924360978378736,50.042441726126896,50.16068429527287,50.27863924200134,50.395856387935254,50.51188656907354,50.62628340796226,50.73860510131849,50.84841621491239,50.955289477097985,51.05880756204051,51.158564853424274,51.25416917919535,51.345243507813635,51.43142759638404,51.512379581145055,51.587777500842414,51.65732074380241,51.7207314097825,51.77775557804399,51.828164473629876,51.871755524294905,51.90835330124318,51.93781033745761,51.96000781820678,51.97485613912305,51.982295328088334
48.27782655176203,48.28495114140238,48.29917512799074,48.32044819394795,48.34869503259671,48.383815552228185,48.4256851489259,48.47415504871889,48.52905271972914,48.590182355077104,48.65732542727405,48.73024131488672,48.80866800210771,48.89232285185723,48.980903452774136,49.07408854033421,49.17153899198721,49.27289889595413,49.37779669289883,49.48584638932347,49.59664884104601,49.7097931046255,49.82485785410885,49.94141260691676,50.059020525508345,50.177237479270566,50.29561621354808,50.41370676834105,50.53105845165232,50.64722159037334,50.761749304351504,50.87419929590769,50.98413564655111,51.091130612316,51.194766408731184,51.29463697623091,51.39034971652181,51.48152719040074,51.56780876738747,51.64885221761568,51.72433523654484,51.7939568932888,51.85743899361535,51.914527349091124,51.964992944318325,52.00863299473822,52.04527188813516,52.074762003623185,52.09698440270643,52.11184938780597,52.11929692447235
48.4106152488366,48.41774827134329,48.43198909119179,48.45328732600168,48.48156757220378,48.51672960952156,48.55864867429525,48.60717580228151,48.66213824156688,48.723339936348665,48.79056208233233,48.86356375448669,48.94208260783761,49.02583565186353,49.114520098900044,49.207814286733445,49.305378675310465,49.406856917175304,49.511877000844386,49.62005246596672,49.730983688617016,49.84425923458767,49.95945727801208,50.076147082109166,50.193890538220785,50.31224375877467,50.43075871917183,50.5489849429875,50.66647122437528,50.782767117077135,50.897426029414575,51.010004377666576,51.1200660226508,51.22718274784683,51.330936309926884,51.43092020584676,51.5267414108613,51.61802207789677,51.70440118868362,51.78553614705687,51.861104305019,51.93080441229658,51.99435798051207,52.05151055339109,52.10203287496511,52.145721948253524,52.182401977514964,52.21192518791006,52.23417251711472,52.24905417428172,52.25651006260172
48.54361370221251,48.55075516112859,48.565012821315634,48.586336235559564,48.61464990338157,48.64985347588047,48.69182202960588,48.74040640997274,48.795433644957875,48.85670742974797,48.92400868314076,48.99709617640289,49.07570723527124,49.159558515653856,49.24834685344111,49.3417501885801,49.43942856335912,49.54102519447047,49.64616761810586,49.75446890687773,49.86552895692177,49.97893584305322,50.09426723929463,50.211091901530274,50.32897120849334,50.44746075670015,50.56611200427916,50.68447395815717,50.8020948983988,50.91852413296095,51.03331377559248,51.146020539107425,51.25620753578964,51.36344607633988,51.46731745833659,51.56741473504214,51.663344455039855,51.75472836317828,51.841205053195715,51.92243156244506,51.9980848992812,52.06786349388092,52.131488563560346,52.18870538406323,52.23928445872294,52.28302257801204,52.319743762572934,52.34930008352584,52.37157235464953,52.38647069178061,52.393934935709986
48.676822102526174,48.683972001397926,48.69824650900973,48.71959511329351,48.747942216819126,48.783187342028455,48.82520540561325,48.87384706258935,48.92893912074297,48.990285026164756,49.05766542064458,49.13083877163654,49.209542075470615,49.29349163435627,49.38238390759477,49.47589643714819,49.57368884747658,49.6754039192606,49.78066873618541,49.88909590363474,50.00028483761509,50.113823121765236,50.22928792977926,50.346247509989475,50.46426272831064,50.58288866510871,50.70167626101383,50.82017400606926,50.937929666016316,51.05449203898755,51.16941273532673,51.28224797273852,51.392560378548644,51.49992079043527,51.60391004666508,51.70412075657965,51.80015904187445,51.89164623911574,51.978220553845986,52.05953865674348,52.13527721233772,52.20513433108283,52.26883093584141,52.326112034219065,52.37674788872569,52.42053479125911,52.45729743649096,52.48688688366879,52.50918410851982,52.52409913351431,52.53157173701043
48.810240640424794,48.817398982809046,48.83169034494437,48.85306414988883,48.881444703226954,48.91673139869936,48.958798993090035,49.00749795094337,49.06265485977702,49.12407291650081,49.19153248579968,49.264791731205214,49.34358731951539,49.42763519911446,49.51663145257424,49.61025322371496,49.70815971901756,49.80999328297239,49.91538054658483,50.02393364782281,50.135251522363724,50.248921262465174,50.36451954128575,50.48161409939493,50.599765289654066,50.718527676060305,50.83745168151585,50.95608527894185,51.0739757195173,51.19067129132319,51.3057231010535,51.41868687106901,51.529124743496666,51.6366070827675,51.74071426760694,51.84103846321173,51.93718536417661,52.02877589856845,52.11544788354141,52.196857622905235,52.27268143718426,52.34261711694072,52.406385290417624,52.46373069695421,52.51442335809802,52.558259638891826,52.59506319243281,52.62468578151646,52.64700797191641,52.66193969268422,52.66942065971115
48.94386950657222,48.95103629603026,48.96534451979978,48.98674353604363,49.01515755332835,49.05048583664738,49.09260298281825,49.14135926585455,49.19658105292842,49.258071291675286,49.32561006957635,49.398955246133454,49.47784315849166,49.5619894010766,49.651089679592324,49.74482073956847,49.84284136934046,49.944793477042595,50.05030324081694,50.158982331027765,50.27042920282994,50.384230456897605,50.499962265641344,50.61719186164822,50.735479084507375,50.854377981617006,50.97343845792176,51.092207968986095,51.210233251195284,51.3270620823276,51.442245065202265,51.555337426594285,51.66590082319822,51.77350514596588,51.877730313849575,51.978168047684235,52.07442361474207,52.166117534386274,52.252887235178754,52.33438865387231,52.41029776679978,52.48031204446781,52.54415182034502,52.6015615653509,52.65231105994873,52.696196456287765,52.73304122354886,52.76269697023523,52.78504413801624,52.79999256247334,52.80748189699912
49.0777088916509,49.08488413174924,49.099209224273935,49.12063346247314,49.14908095786063,49.184450846634675,49.22661756560087,49.27543119816421,49.330717891075984,49.39228034261441,49.45989836295333,49.53332950745572,49.61230978349397,49.69655443140412,49.78575877987775,49.879599176004696,49.97773398981353,50.07980469291079,50.18543701039631,50.294242144844105,50.40581807068706,50.519750896812546,50.635616294672516,50.7529809886518,50.87140430485083,50.99043977383765,51.10963678236761,51.228542268412255,51.34670245332783,51.46366460435626,51.5789788201964,51.692199831804864,51.8028888102074,51.910615172645315,52.01495837806882,52.11550970272737,52.21187398635616,52.30367133940346,52.39053880164153,52.47213194256793,52.548126394152916,52.618219306669225,52.68213071865668,52.739604832475834,52.79041118736859,52.83434572248097,52.87123172297172,52.90092064297138,52.92329279997699,52.93825793604817,52.9457556420437
49.21175898634752,49.21894268066074,49.23328464907548,49.25473411990088,49.283215107567706,49.31862661943852,49.360842932240374,49.4097139387137,49.46506556510996,49.52670026025412,49.59439755692066,49.66791470621555,49.746987385625665,49.83133048126082,49.9206389446621,50.01458872432224,50.11283777180698,50.215027122020196,50.3207820468395,50.429713280861236,50.54141831760184,50.65548277395284,50.77148182019992,50.88898167230835,51.00754114266185,51.126713244774635,51.24604684697914,51.36508836942378,51.48338351819049,51.60047904975287,51.71592455844861,51.829274279180375,51.94008889706872,52.04793735540842,52.15239865292738,52.25306362106069,52.34953667179106,52.44143750644441,52.52840277579488,52.610087681903515,52.68616751219087,52.75633909653188,52.82032217837251,52.877860691375616,52.92872393342929,52.972707630564216,53.00963488381465,53.03935699285192,53.06175415093762,53.076736006554114,53.084242087993516
49.34601998136687,49.3532121334693,49.367570984919766,49.389045699061086,49.417560193208224,49.45301334583942,49.49527927355663,49.54420767836048,49.59962426592417,49.661331235537375,49.7291078424696,49.80271103346478,49.88187615599632,49.96631774181759,50.05573036517793,50.14978957582641,50.24815290669027,50.3504609558135,50.45633854166542,50.56539593067492,50.67723013524385,50.79142628006564,50.90755903404446,51.025194104515236,51.14388978991439,51.263198586477735,51.382668843880104,51.501846464211944,51.620276638050015,51.73750561085208,51.85308247236269,51.96656096118814,52.07750127631146,52.185471886851126,52.29005133107603,52.39082999538772,52.48741186380303,52.5794162283101,52.66647935049127,52.748256064771645,52.8244213138479,52.89467160701784,52.95872639249231,53.01632933507675,53.06724949118636,53.11128237361252,53.14825089917091,53.17800621298864,53.200428384016455,53.215426967118695,53.22294142797958
49.48049206741749,49.48769268089487,49.50206842253381,49.523568390697775,49.552116405546954,49.58761121663492,49.62992678037298,49.67891260796438,49.73439418442525,49.79617345941426,49.86402941060223,49.93771868025588,50.01697628571499,50.101516404248024,50.19103323266438,50.28520192181567,50.38367958584158,50.48610638573627,50.59210668639124,50.70129028587418,50.81325371527688,50.92758160688896,51.043848128025175,51.161618477160026,51.28045043857195,51.39989599098282,51.519502965184216,51.63881674496605,51.757382005159606,51.87474447997971,51.990452754328885,52.104060070286174,52.215126140454686,52.32321895954761,52.427916605146436,52.5288090183982,52.62549975512752,52.717607697787216,52.8047687185591,52.886637284047005,52.96288799203371,53.03321703108087,53.09734355399344,53.15501095658871,53.20598805366976,53.250070144678325,53.28707996210771,53.31686849645953,53.339315692309135,53.354331010841776,53.36185385510607
49.615175435213224,49.62238451365341,49.63677715265195,49.658302385558564,49.686883935354594,49.72242042261656,49.764785643518586,49.8138289183913,49.86937551151596,49.93122712283806,49.99916245232048,50.072937837645775,50.15228796589769,50.23692665972574,50.32654773836097,50.42082595359904,50.519418000628995,50.62196360323021,50.72808667252844,50.83739653804472,50.949489249360454,51.06394894615977,51.18034929394695,51.29825498212852,51.41722328059358,51.53680565032492,51.656549402991764,51.7759994038549,51.8946998117653,52.012195849445085,52.1280355967234,52.241771798909404,52.35296368199851,52.46117876605619,52.56599466775498,52.66700088275756,52.76380053848927,52.8560121076447,52.943271072814234,53.02523153258021,53.10156773963899,53.17197556164097,53.23617385583448,53.29390574889394,53.34493981388888,53.38907113679395,53.42612226567849,53.45594403633228,53.478416268887464,53.49344833080557,53.50097956245757
49.7500702754775,49.757287822475796,49.77169736600841,49.79324787439828,49.82186297340372,49.85744115458943,49.8998560538282,49.948956800512256,50.004568438111626,50.0664924167643,50.13450715862918,50.20836869669252,50.287811387659325,50.372548699426446,50.462274073501014,50.556661862476005,50.65536834242249,50.75803279973405,50.864278691588346,50.97371487876999,51.08593692915201,51.20052848960378,51.3170627236122,51.43510381129549,51.55420850792655,51.673927756522026,51.79380834939635,51.91339463304259,52.03223025009485,52.14985991154299,52.26583119190806,52.37969633948606,52.491014093427005,52.59935149892325,52.7042857114992,52.805405781119944,52.90231440658399,52.994629650627914,53.081986606042115,53.16403900320363,53.24046074953211,53.31094739160248,53.37521749094463,53.43301390495463,53.48410496482848,53.528285542961946,53.56537800290017,53.59523302563987,53.6177303067989,53.63277912005941,53.6403187430889
49.8851767789351,49.89240279809202,49.90682925334721,49.928405047972745,49.957053710475215,49.992673603357765,50.035138202134355,50.08429644519674,50.13997315512171,50.20196953214961,50.27006372053273,50.34401144845379,50.42354674211043,50.50838271451853,50.59821242932029,50.69270983974589,50.791530802589556,50.894314166682186,51.00068293507387,51.11024549962314,51.22259694629434,51.33732042893862,51.45398860881315,51.57216515652268,51.691406312506196,51.81126250157986,51.931279996472576,52.05100262467598,52.16997351236127,52.28773685855619,52.403839732224846,52.51783388442041,52.629277567207254,52.73773735066775,52.84278992895764,52.94402390611029,53.041041552091514,53.133460519461735,53.22091551101478,53.30305988872244,53.37956721455724,53.450132713843345,53.51447465223382,53.57233561770343,53.62348369944544,53.667713556160756,53.70484736677132,53.73473565739101,53.757257999061004,53.77232357163302,53.77987159003148
50.02049513631142,50.0277296312306,50.0421730054079,50.06377409704036,50.092456337347855,50.12811795972379,50.17063227927464,50.21984804331664,50.27558985345743,50.33765865994743,50.40583232903794,50.479866283984165,50.55949422036518,50.64442889617649,50.73436299704865,50.8289700767037,50.92790557248637,51.030807895499926,51.13729959448071,51.246988592169515,51.35946949242625,51.4743249558751,51.591127141329856,51.70943920966425,51.82881688625556,51.94881007749297,52.068964536285485,52.188823570884146,52.30792979076439,52.42582688274734,52.542061410000684,52.656184626098,52.76775429578175,52.87633651379116,52.981507512681894,53.082855450337064,53.17998216766446,53.27250490684497,53.360057980467424,53.44229438191924,53.5188873275296,53.589531721210555,53.65394553258097,53.71187108004707,53.763076210671166,53.807355369341295,53.844530550257,53.87445212456716,53.89699953866502,53.91208187852173,53.9196382962839
50.15602553833249,50.163268512626104,50.177728812935754,50.19935521235993,50.228071044800785,50.26377441449557,50.3063384760852,50.35561178574294,50.41141872402703,50.4735599911134,50.541813175139175,50.61593339433486,50.69565401352716,50.78068743556039,50.87072596790983,50.96544276463338,51.06449284346702,51.167514177604794,51.27412886129724,51.383944347968736,51.49655475917501,51.61154226211036,51.72847851292887,51.84692616255599,51.96644042108281,52.0865706762384,52.20686216087891,52.3268576637813,52.44609927748061,52.564130176354,52.680496417540304,52.79474875688622,52.906444471573636,53.01514918077358,53.12043865520632,53.221900606381645,53.31913644593377,53.41176300545161,53.499414207121816,53.58174267554585,53.658421281243584,53.72914460653054,53.79363032484115,53.85162048486383,53.902882691406425,53.9472111754248,53.98442774629532,54.01438262011959,54.03695511857191,54.052054233692964,54.05961905481853
50.29176817572571,50.299019633007184,50.3134968666682,50.33514858468689,50.36389802360795,50.399643158472244,50.442256983394564,50.491587863341174,50.54745995773811,50.6096737165936,50.67800644983826,50.75221297055264,50.83202631269737,50.91715852382844,51.00730153312262,51.102128094815164,51.20129280687193,51.30443320440982,51.411170926995226,51.5211129585592,51.6338529381509,51.74897253932444,51.866042915362065,51.98462620702241,52.10427710887736,52.22454448977582,52.344973062281284,52.46510509545805,52.58448216466955,52.702646931603084,52.81914494712734,52.933526469123564,53.045348286985316,53.154175544066945,53.25958354903511,53.3611595668,53.458504579500556,53.551235007927964,53.63898438366261,53.7214049623326,53.798169268455105,53.86897156259357,53.93352922183272,53.99158402500334,54.04290333452205,54.08728116729961,54.1245391477925,54.15452733696531,54.177124931709976,54.19224083008123,54.199814058572
50.42772323921212,50.43498318310296,50.44947735734568,50.47115440477384,50.499937464544395,50.53572438245432,50.57838799203279,50.62777646697328,50.683713745489236,50.74600002733314,50.814412344120754,50.888705203677674,50.96861130896776,51.05384235212732,51.14408988389067,51.2390262585186,51.338305654036446,51.44156516730817,51.54842598304254,51.65849461547583,51.77136422095524,51.88661597918692,52.00382054036843,52.12253953486616,52.242327141516085,52.362731710046155,52.48329743250017,52.60356605799062,52.72307864446689,52.84137734069245,52.958007191020464,53.0725179551309,53.18446593438744,53.29341579610172,53.3989423866511,53.50063252411902,53.59808676094063,53.69092110689229,53.77876870274904,53.86128143497185,53.93813148189909,54.00901278216264,54.07364241634881,54.1317618932801,54.18313833285551,54.2275655378249,54.26486494762051,54.29488646799032,54.3175091709744,54.33264186058878,54.34022350044904
50.563890919507955,50.57115935363374,50.585670475700155,50.60737286336913,50.63618955837786,50.67201827723011,50.71473169282245,50.76417778749451,50.82018027817499,50.88253911426508,50.95103104896888,51.025410284739465,51.105409193422055,51.19073911159811,51.28109121141452,51.37613744699885,51.47553157627802,51.57891025768336,51.685894220886254,51.796089510233706,51.90908879917198,52.024472773349416,52.141811579664854,52.26066633787489,52.38059071085167,52.50113252897072,52.62183546352195,52.742240743429164,52.86188890898856,52.98032159579712,53.09708334145464,53.211723407199415,53.32379760612854,53.43287012927572,53.538515360501506,53.64031967083967,53.7378831827984,53.83082149493132,53.91876735700903,54.0013722861284,54.07830811427,54.14926845796884,54.21397010114347,54.272154282476556,54.32358787921087,54.368064479822,54.4054053386204,54.43546020604795,54.45810802922372,54.47325751808287,54.48084757332223
50.700271407326326,50.70754833531736,50.722076412454925,50.743804151211826,50.7726544958675,50.808525033589575,50.85128827657472,50.90079201575189,50.95685974667951,51.01929116831727,51.08786275535416,51.162328404756714,51.24242015713109,51.32784899336479,51.41830570687547,51.51346185150001,51.61297076490047,51.716468666906714,51.82357583196011,51.933897834334466,52.04702686436348,52.16254311344365,52.28001622495258,52.3990068078166,52.519068008715685,52.639747138447376,52.76058734730912,52.881129343801746,53.00091315032344,53.11947988906567,53.23637359063717,53.35114301759437,53.463343494530214,53.57253873596517,53.67830266301009,53.78022119942966,53.87789403758637,53.970936364602615,54.05898053903589,54.14167770843504,54.218699358235384,54.28973878270439,54.354512468942076,54.41276138533933,54.46425216635669,54.50877818608021,54.54616051359288,54.576248743952334,54.5989216992881,54.61408799539423,54.62168647002233
50.83686489336719,50.84415031886049,50.85869535832908,50.88044845903689,50.909332467765026,50.94524484230416,50.988057934095316,51.03761934258341,51.093752341876666,51.156256380404876,51.2249076542361,51.29945975473981,51.37964439115553,51.46517218854533,51.55573356144428,51.6509996632544,51.75062341119842,51.85424058633033,51.96147100768189,52.071919779254344,52.1851786080818,52.30082719108188,52.41843466791002,52.53756113643376,52.65775922692109,52.778575730353246,52.89955327580361,53.02023205110501,53.14015156053236,53.25885241262236,53.37587813075039,53.49077697855284,53.60310379187983,53.71242180850731,53.81830448656574,53.92033730232676,54.01811951778813,54.11126590842613,54.19940844139105,54.2821978944878,54.35930540642342,54.430423949030995,54.49526971243202,54.55358339458038,54.60513138702654,54.6497068493481,54.687130665304174,54.71725227447923,54.73995037394776,54.75513348531379,54.762740383346575
50.97367156832568,50.9809654949611,50.99552750403237,51.01730597756464,51.04622366481299,51.08217789414137,51.12504085617766,51.17465995881427,51.23085825463038,51.293434941431066,51.36216593656302,51.43680452568437,51.5170820865384,51.60270888823368,51.69337496627717,51.78875107347077,51.888489706440666,51.99222620728705,52.09957993944648,52.210155536457876,52.323544221849815,52.43932519785775,52.557067100193606,52.676329515452565,52.79666455725179,52.91761849653604,53.038733440914456,53.159549057320234,53.27960433165293,53.398439358560026,53.51559715394313,53.63062548228014,53.743078690436924,53.85251953921258,53.95852102352989,54.060668171935,54.15855981584778,54.251810318890904,54.34005125660164,54.42293303684462,54.50012645142766,54.571324149570515,54.63624202426185,54.69462050287258,54.74622573391266,54.79085066233691,54.82831598647989,54.858470990368296,54.88119424595351,54.896394180597326,54.90400950605199
51.11069162288373,51.117994054307225,51.132573040259786,51.15437689750607,51.18332827774212,51.21932437985425,51.26223723360413,51.31191405525961,51.36817767579054,51.43082704228483,51.49963779326811,51.574362908567146,51.65473343431306,51.74045928351554,51.83123011251002,51.92671627334567,52.02656984188511,52.13042572109373,52.23790281863392,52.34860529738553,52.462123897171416,52.57803732533869,52.69591371343497,52.81531213656346,52.93578419146998,53.05687562881964,53.178128034529195,53.299080554389825,53.41927165568691,53.538240918941874,53.655530852334806,53.77068872094805,53.88326838242753,53.99283212035567,54.09895246622019,54.20121400062215,54.29921512417681,54.39256978844727,54.48090917715286,54.56388332803215,54.64116268580295,54.7124395769067,54.77742959703914,54.83587290284685,54.88753539967016,54.932209817719375,54.96971666980694,54.99990508431796,55.02265350801224,55.037870273955946,55.045494030851415
51.24792524771041,51.2552361875719,51.2698321576933,51.291661409558664,51.320646497267276,51.35668449018238,51.3996472571391,51.44938182271595,51.50571079618931,51.568432873842134,51.637323415265314,51.71213509435347,51.79259862549001,51.87842356545407,51.96929919126343,52.064895454056185,52.164864008761825,52.26883931904424,52.37643983659742,52.48726925345644,52.600917825527794,52.71696376506758,52.83497469924337,52.954509191441765,53.07511832130583,53.19634731899938,53.317737248503995,53.43882673422964,53.55915372461395,53.67825728579893,53.79567941801442,53.91096688669648,54.02367306004206,54.13335974417974,54.23959900692882,54.3419749807184,54.440085635149444,54.5335445095083,54.62198239549654,54.705048960532615,54.7824143020634,54.85377042358271,54.91883262333573,54.9773407871001,55.02906057690937,55.07378450812506,55.11133290792853,55.14155474898261,55.164328352784786,55.17956195806028,55.1871941504207
51.385372633460385,51.392692085414,51.40730504700469,51.42915970440711,51.458178514088786,51.494258415849046,51.537271117537145,51.58706345196766,51.64345780664753,51.70625262695671,51.77522299346026,51.85012127398757,51.930677851062136,52.01660192509316,52.107582393635425,52.20328880675483,52.303372398284395,52.407467192409015,52.51519118467144,52.6261475960598,52.739926198374434,52.85610470856084,52.974250249198164,53.09392087172665,53.21466713846741,53.33603375884142,53.45756127466322,53.57878778872538,53.69925073036975,53.81848865113033,53.936043043032505,54.051460171633785,54.16429291543505,54.27410260288538,54.38046083790218,54.48295130451878,54.58117154110045,54.674734674446874,54.763271104041394,54.84643012679013,54.92388149268453,54.9953168821015,55.0604512956789,55.11902434817871,55.170801458201126,55.2155749261377,55.25316489344564,55.283420176975035,55.30621897289461,55.32146942553343,55.32911005738518
51.52303397077041,51.53036193847787,51.54499189884278,51.566871972714765,51.59592451889395,51.63204634756414,51.67510900553074,51.72495913377887,51.78141889796248,51.8442864924678,51.913336718724565,51.988321638394304,52.06897130200433,52.15499455345798,52.246079910700935,52.341896522572625,52.4420952016433,52.546309532436624,52.65415705416079,52.76524051656719,52.879149207140635,52.99546034731183,53.11374055485018,53.233547369032365,53.3544308346247,53.47593514007717,53.59760030479973,53.718963909726604,53.83956286486868,53.958935206898985,54.07662191940556,54.192168767826374,54.30512814072803,54.415060888639914,54.521538151352516,54.62414316427626,54.72247303432363,54.816140475597386,54.904775495156464,54.988027019201645,55.065564450095806,55.13707914492109,55.20228580655025,55.26092377858812,55.312758236070955,55.35758126430271,55.39521281891288,55.42550156086224,55.44832556091579,55.46359286895901,55.47124194433071
51.66090945026438,51.66824593738875,51.68289290384522,51.70479840513267,51.733884702346856,51.77004847601323,51.81316111183512,51.863069058895334,51.91959426091517,51.982534661195125,52.05166478192315,52.12673637847746,52.20747916926554,52.29360164154997,52.384791933513284,52.48071879262014,52.5810326100006,52.68536653034598,52.79333763634507,52.90454820631482,53.01858704322453,53.135030872779495,53.25344580772006,53.37338887494199,53.49440960142271,53.6160516544116,53.73785453067433,53.85935528905347,53.98009031997795,54.099597145030174,54.21741623911313,54.3330928673043,54.44617892799684,54.55623479357132,54.66283113945088,54.765550752204724,54.863990307073315,54.95776210524754,55.04649576116534,55.12983983012898,55.207463366683506,55.27905740445579,55.34433634839054,55.40303927079069,55.45493110299737,55.49980371511359,55.53747687684163,55.56779909316181,55.590648309375844,55.6059324808709,55.613590003792886
51.79899926254295,51.806344272753506,51.821008252625575,51.84293919228719,51.87205925509372,51.90826499186647,51.95142762714391,52.00139341804246,52.057984086264504,52.12099732393038,52.190207373890644,52.26536568511782,52.34620164377596,52.43242338034414,52.5237186531036,52.61975580797713,52.72018481449254,52.82463837733315,52.93273312247771,53.04407085661531,53.1582398979982,53.2748164763924,53.39336619929829,53.5134455810005,53.63460363046724,53.75638349350661,53.87832414400928,53.999962118481214,54.12083328753644,54.24047465741517,54.358426194097746,54.474232662057894,54.587445469283075,54.69762450976053,54.80433999432612,54.90717426047483,55.005723551556926,55.09959975564436,55.188432094350766,55.271868751882565,55.34957843479195,55.421251853072654,55.48660311359039,55.54537101719926,55.59732025141281,55.642242471017205,55.679957259690525,55.710312966347026,55.733187410755626,55.7484884537508,55.7561544282594
51.93730359818778,51.94465713515556,51.95933813578092,51.98129452478829,52.01044836776263,52.0466960857707,52.08990874213211,52.139932401922444,52.19658856474633,52.259674671452586,52.328964685440695,52.40420974917088,52.48513891643293,52.57145996079205,52.662860260472456,52.75900775969831,52.85955200623044,52.964125264562696,53.07234370377835,53.1838086587474,53.29810796279786,53.41481734954967,53.5335019210431,53.653717678727304,53.77501311333157,53.896930848996796,54.01900933649437,54.140784589757736,54.26179195934098,54.38156793590268,54.49965197625925,54.61558834403862,54.72892795658227,54.8392302292515,54.94606490806115,55.04901388121059,55.14767295993905,55.24165361898844,55.33058468694338,55.41411397672779,55.49190984671333,55.563662683094144,55.629086294493746,55.68791921017602,55.73992587369847,55.78489772441582,55.822654159873395,55.85304337284141,55.87594305748486,55.891260980038254,55.89893541016864
52.075822647755736,52.08318471515944,52.097882743880376,52.11986459321776,52.14905223095375,52.185341948349425,52.22860464744769,52.278686201214015,52.335407887069906,52.39856689450391,52.4679369073609,52.54326876146805,52.62429117811499,52.71071157381545,52.80221694659139,52.89847483880807,52.99913437629255,53.103827383168614,53.21216957144121,53.32376180396091,53.43819142893239,53.55503368361483,53.6738531643731,53.79420535960086,53.91563824155422,54.03769391247257,54.15991029977725,54.28182289458293,54.40296652714607,54.52287717230355,54.64109377745554,54.75716010515353,54.87062658184788,54.98105214404224,55.088006072699805,55.19106980649529,55.28983872433849,55.38392388743381,55.47295373113198,55.55657569688175,55.63445779469341,55.706290086788876,55.771786083394915,55.83068404203786,55.882748162189095,55.92776966765415,55.965567769751324,55.99599050501547,56.01891544194361,56.0342502521158,56.04193314190888
52.214556601782554,52.22192720330499,52.236642267472604,52.2586495881399,52.28787103524479,52.324202770199584,52.36751553371463,52.417655006567365,52.47444224392265,52.53767418380887,52.607124230411294,52.682542912810554,52.76365861966957,52.85017841030945,52.94178890240526,53.03815723630267,53.13893211572651,53.24374492425389,53.352210916622646,53.46393048346904,53.57849048767,53.69546566991688,53.81442012067514,53.93490881506113,54.056479206633014,54.17867287549007,54.3010272254657,54.42307722462156,54.54435718266933,54.66440255837836,54.78275178950316,54.89894813726349,55.012541536989445,55.123090446086096,55.2301636802329,55.33334222835986,55.43222103682673,55.52641075308611,55.615539419056205,55.6992541045135,55.77722247092819,55.849134256378036,55.914702672536805,55.973665705048795,56.0257873091656,56.07085849303032,56.10869828163176,56.13915455518745,56.162104756456095,56.17745646231596,56.18514781581139
52.35350565077742,52.36088479010414,52.37561689707845,52.39764970008613,52.426904971187874,52.46327874189813,52.50664159152939,52.55683900861108,52.613691825961965,52.67699673005801,52.74652684532162,52.82203239397061,52.90324143191305,52.989860661141286,53.08157631882725,53.17805514314731,53.278945415547305,53.38387807888799,53.492467930445116,53.60431488845074,53.71900533024586,53.83611349974387,53.955202981296225,54.07582823651271,54.19753620002603,54.319867929564126,54.442360305130144,54.5645477714943,54.68596411758298,54.8061442858548,54.92462620417175,55.04095263218865,55.1546730138677,55.265345327286134,55.37253792260807,55.475831338789284,55.57482008942353,55.669114407999345,55.75834194279935,55.842149391738495,55.920204067559304,55.99219538403169,56.05783625411045,56.11686439141674,56.169043506855004,56.2141643927854,56.252045887769285,56.282535715622004,56.305511193296994,56.32087980291369,56.32857962415647
52.4926699852232,52.50005766604284,52.514806823194206,52.53686511956696,52.566154229306086,52.60257005398415,52.64598301146121,52.6962383979416,52.75315682381866,52.81653472391665,52.886144942796804,52.961737395692964,53.04303980563253,53.12975851713842,53.22157938673707,53.31816875026896,53.41917446673913,53.52422703810291,53.63294080399784,53.74491521004857,53.859736147859245,53.97697736435256,54.09620193754514,54.2169638153205,54.338809413152774,54.46127926616337,54.5839097302947,54.70623472677691,54.827787523512164,54.948102546407796,55.06671721318665,55.18317378169803,55.29702120429883,55.40781697950111,55.51512899172266,55.618537329719395,55.71763607409973,55.81203504417848,55.9013614943999,55.98526175062089,56.06340277668046,56.135473661862285,56.201187020253,56.26028029329971,56.31251694743046,56.35768755910855,56.39561078036685,56.42613417853212,56.44913494468254,56.46452046613165,56.472228759170264
52.632049795571994,52.63944602158077,52.65421223628498,52.67629603705686,52.705619000094465,52.74207689697752,52.78553998405069,52.835853365124834,52.89283742808384,52.95628835601611,53.025978713505154,53.10165810868628,53.18305393158022,53.269872169100346,53.36179829697901,53.45849824856172,53.559619460243965,53.66479199289736,53.77362972833203,53.885731639367386,54.000683131668026,54.118057454954176,54.23741718068857,54.358315742805786,54.480299037387915,54.602907076719596,54.725675692439566,54.84813828200272,54.96982759203985,55.09027753166698,55.20902500822539,55.32561177751324,55.43958630004689,55.55050559453729,55.65793707942179,55.76146039303216,55.86066918277464,55.95517285357599,56.04459826583801,56.12859137317239,56.20681879032482,56.27896928193165,56.34475516304405,56.40391360279688,56.45620782300952,56.50142818413073,56.53939315156125,56.56995013606427,56.59297620277038,56.60837864413483,56.616095413016495
52.771645272246836,52.77905004714295,52.79383332678734,52.815942643007766,52.84529947401739,52.88179946135912,52.92531269980255,52.97568410069554,53.03273382933024,53.096257816957184,53.16602834808147,53.2417947236273,53.323284000472334,53.41020180779082,53.50223324036438,53.59904382888726,53.7002805869723,53.80557313423208,53.91453489445783,54.026764367471316,54.14184647279118,54.25935396271934,54.37884890195313,54.499884210245575,54.622005264063574,54.74475155261505,54.867658382999004,54.99025862865377,55.11208451470109,55.23266943321308,55.35154978091325,55.46826681130747,55.5823684928274,55.693411364149036,55.80096237749818,55.90460072055953,56.00391960731213,56.09852802808601,56.1880524490407,56.272138451346066,56.350452300476995,56.422682436242525,56.48854087451053,56.54776451195357,56.60011632564967,56.64538645992406,56.68339319344458,56.71398378031727,56.73703515966267,56.752454529028476,56.76017977780552
52.911456605641604,52.918869933127226,52.93367028510362,52.95580512783157,52.985195841505465,53.02173793758128,53.065301349195664,53.11573079515818,53.17284621808679,53.236443297304156,53.30629403713038,53.38214743115653,53.46373020299468,53.55074762393698,53.6428844076645,53.7398056820621,53.84115803779215,53.94657065302486,54.05565649334603,54.16801358538341,54.28322636230215,54.40086707877673,54.52049729252024,54.64166940887368,54.76392828446383,54.88681288518618,55.00985799336245,55.13259595816965,55.25455848297954,55.37527844258126,55.49429172282961,55.6111390746993,55.72536797430325,55.83653448003834,55.94420507769342,56.04795850407574,56.147387539522164,56.242100759551526,56.331724235879385,56.41590317704164,56.49430349905544,56.5666133167408,56.63254434661632,56.69183321275178,56.7442426473524,56.78956257850321,56.827611098037835,56.858235303323276,56.881312007402485,56.89674831285716,56.90448204558388
53.051483986112686,53.05890586989583,53.07372330160422,53.09588368191332,53.12530829295828,53.16189251606035,53.20550612266502,53.25599363897589,53.3131747848505,53.37684498758732,53.44677597121568,53.52271642187699,53.60439272979237,53.691509808224275,53.78375198961298,53.88078399887011,53.9822520035318,54.08778474015514,54.19699471592721,54.30947948408489,54.42482299123467,54.542596994214804,54.66236254352131,54.783671529880706,54.90606828982955,55.029091265724276,55.15227471486601,55.27515046193859,55.39724968831021,55.518104751248,55.63725102549672,55.754228759258915,55.86858493607975,55.97987513385308,56.08766537169212,56.19153393530213,56.291073171155645,56.38589123975708,56.4756138181669,56.55988574209528,56.638372577926745,56.71076211531315,56.776765771269716,56.836119897115815,56.888586980059884,56.93395673182062,56.972047057305886,57.00270489705635,57.025806937967246,57.04126018760787,57.04900240833857
53.19172760398247,53.19915804777325,53.21399256662543,53.23617849559899,53.265637018736825,53.302263387179025,53.34592721062111,53.39647282258252,53.45371972008141,53.51746307829947,53.58747434086617,53.66350188635583,53.74527177146953,53.83248855130449,53.924836176904684,54.02197897004711,54.12356267497923,54.229215586457684,54.33854975308701,54.451162254510166,54.566636550576526,54.68454390006518,54.80444484605262,54.92589076440402,55.04842547134962,55.17158688546797,55.29490873880256,55.417922331294676,55.5401583220761,55.66114855064271,55.7804278803888,55.89753605649616,56.01201956971466,56.1234335171854,56.23134345112068,56.33532720589839,56.43497669391121,56.529899660427496,56.61972138765799,56.704086338291894,56.7826597288948,56.85512902378484,56.921205340315446,56.980624756910636,57.03314951564663,57.078569111768836,57.11670126315182,57.1473927534265,57.17052014327504,57.18599034520054,57.19374105799475
53.33218764954206,53.33962665705406,53.354478270463936,53.376689759199174,53.40618220916832,53.44285074128327,53.48656480342592,53.537168536368206,53.59448121420156,53.65829775989195,53.72838933656956,53.804504015119115,53.886367518592074,53.97368404378451,54.06613716018979,54.163390786293064,54.265090242879694,54.37086338272801,54.48032179566627,54.59306208754987,54.70866723126599,54.826707987323715,54.94674439115186,55.068327303534566,55.19100002016599,55.314299935605526,55.437760256404545,55.560911757520984,55.68328457560671,55.8044100321392,55.92382247891903,56.04106115787074,56.15567206670107,56.26720982156749,56.37523950755139,56.479338507472654,56.5790982994237,56.67412621322853,56.764047136044475,56.848505157347375,56.92716514370243,56.99971423391954,57.065863245535674,57.12534798393294,57.17793044592834,57.223399910175445,57.26157390821038,57.292299065080805,57.31545181597727,57.33093897829079,57.33869818720976
53.47286431303699,53.480311887990645,53.4951806033854,53.51741766298436,53.54694405453827,53.58365476867637,53.62741909141088,53.67808097068637,53.73545945759168,53.7993492227816,53.869521148772606,53.945722998651696,54.02768016168457,54.11509647622737,54.20765513007604,54.30501963825965,54.40683489793142,54.51272831970743,54.62231103445841,54.735179174051645,54.85091522419815,54.96908944693203,55.08926136981031,55.21098133831376,55.333792127365875,55.45723060727418,55.580829458858354,55.704118931850715,55.82662864017558,55.9478893870547,56.0674350124503,56.184804254781426,56.299542618477844,56.411204238478305,56.519353732493364,56.62356803235201,56.72343818005481,56.81857109055477,56.90859125575035,56.993142391713036,57.07188901482367,57.14451793821771,57.21073967945037,57.270289770724276,57.322929963460204,57.36844931960584,57.40666518266892,57.43742402221055,57.460602146274674,57.4761062770816,57.48387398618522
53.613757784681304,53.62121393079591,53.6360997556067,53.65836239719166,53.68792274509522,53.72467565962582,53.76849026486114,53.81921031585257,53.876654640594246,53.940617657336475,54.01086996788183,54.087159027394,54.16920989122742,54.25672603915555,54.34939027712636,54.44686571655312,54.548796830785584,54.65481058809948,54.7645176602118,54.8775137048057,54.99338072021334,55.11168846977752,55.23199597296623,55.35385305973001,55.47680198398536,55.60037909155828,55.72411653729191,55.84754404545511,55.970190707000235,56.09158680742955,56.21126567306365,56.328765539354826,56.443631417212664,56.555416960120034,56.663686318189136,56.76801597045456,56.86799652574911,56.96323448237323,57.05335393676598,57.13799823139822,57.21683153228833,57.28954032672123,57.355834832118525,57.41545030735431,57.468148258325435,57.51371753015513,57.551975279020695,57.582767817318455,57.60597132667306,57.621492434087834,57.62926864744171
53.754868254642346,53.76233297564378,53.7772359173102,53.79952415200804,53.82911847104537,53.86591360435484,53.90977851402363,53.960556762134324,54.01806695350435,54.08210325388753,54.152435984258354,54.2288122917414,54.31095689765333,54.39857292304398,54.49134279185938,54.58892921173676,54.69097623204831,54.79711037855287,54.90694186362019,55.02006587055816,55.13606391010783,55.25450524670399,55.37494839151049,55.49694265948569,55.620029781779564,55.74374558025952,55.86762168355592,55.991187290232396,56.113970968025335,56.23550248291476,56.35531465044648,56.472945201311084,56.58793865265722,56.69984817627614,56.808237454449085,56.91268251397793,57.01277352873449,57.108116580943836,57.198335371377844,57.28307286871809,57.36199288843368,57.434781591792905,57.501148895922555,57.560829786220744,57.613585522935246,57.65920473425017,57.6975043889054,57.72833064205263,57.75155954882848,57.76709764096531,57.774882362634294
53.89619591304514,53.903669212664994,53.91858927863347,53.940903117584355,53.97053142255185,54.00736879304531,54.05128402909783,54.10212049975745,54.15969658657821,54.223806202716176,54.29421938821872,54.37068298204766,54.45292137135556,54.54063731832028,54.63351286474232,54.73121031431965,54.833373293033084,54.939627882428255,55.049583836098485,55.16283586276651,55.278964985386516,55.39753996926958,55.518118817049135,55.64025032693355,55.76347571013748,55.887330262807076,56.01134508711879,56.13504885568873,56.25796961279576,56.37963660542357,56.49958213655398,56.61734343264549,56.73246451684663,56.844498079019104,56.95300733338084,57.05756785427631,57.1577693803968,57.25321757767727,57.34353575102331,57.42836649513209,57.50737327474015,57.58024192493018,57.646682062375554,57.706428398857504,57.75924194883922,57.804911123448115,57.843252703892084,57.87411268799033,57.89736700432181,57.91292208929934,57.920715323354386
54.037740949976126,54.045222831946234,54.06016002967101,54.08249948402526,54.112161789731495,54.14904141583205,54.19300700024502,54.243901719652754,54.30154373077146,54.36572669481332,54.43622037078486,54.51277128937196,54.5951035034263,54.68291941612244,54.77590068695636,54.873709215527256,54.97598820273718,55.08236328876299,55.19244376671879,55.30582387054963,55.42208413520752,55.540792826668905,55.66150743881972,55.78377625365306,55.90713996069008,56.031133330879,56.15528693970847,56.27912893359636,56.40218683312187,56.52398936603737,56.64406832250589,56.761960424517014,56.87720920097301,56.9893668595748,57.097996146244135,57.20267218263812,57.30298427205263,57.398537663917175,57.48895526707073,57.5738793012023,57.65297288179089,57.72592151673408,57.79243452209555,57.85224633589393,57.90511772667499,57.95083688839976,57.989220414637025,58.02011414579354,58.043393883824315,58.05896596976545,58.06676772027437
54.17950355622213,54.18699402428005,54.2019483612212,54.22431344214008,54.25400976341336,54.29093166355964,54.33494761832764,54.385900610462656,54.44360857475221,54.5078649188715,54.5784391206801,54.65507740246567,54.73750348265417,54.82541940527047,54.918506447357636,55.0164261042521,55.11882115236385,55.225316788806516,55.33552184678118,55.4490300852492,55.565421550960664,55.6842640103433,55.805114448308146,55.927520630416055,56.05102272425079,56.1751549753335,56.29944743221804,56.423427714891325,56.546622819985735,56.66856095577363,56.78877339935789,56.90679636801373,57.02217289534321,57.134454708280245,57.243204083402816,57.34799568945686,57.448418394120196,57.544077030107836,57.634594109985464,57.71961147989995,57.798791902580746,57.871820560222055,57.93840646811935,57.998283790384065,58.05121304951548,58.0969822221876,58.13540771423783,58.166335208570544,58.1896403804459,58.20522947547775,58.2130397465136
54.32148392028332,54.328982978166586,54.34395446179251,54.36634518044609,54.3960755321224,54.433039724771284,54.47710607190628,54.52811736301694,54.58589130937531,54.65022106577425,54.72087582881838,54.797601512281226,54.88012150002682,54.968137476792776,55.06133033701661,55.15936117160522,55.261872332311206,55.368488572999624,55.47881826676556,55.592454697395254,55.708977423222294,55.82795371090994,55.94894003618097,56.07148364792373,56.19512419156537,56.31939538695766,56.44382675467324,56.56794538963721,56.69127776348609,56.813351564767785,56.93369755728096,57.05185145333961,57.16735579264923,57.2797618178664,57.38863133762459,57.49353856753425,57.59407193943298,57.6898358691094,57.78045247265872,57.86556322165594,57.944830527558956,58.01793924585909,58.08459809092596,58.14454095281884,58.19752810786218,58.24334731532675,58.281814793215226,58.312776066845416,58.33610668471823,58.35171279697148,58.359531592607944
54.46368223284116,54.471189884295015,54.486178522080806,54.50859488965119,54.53835928658132,54.57536579020705,54.61948255174197,54.67055216734927,54.72839212470151,54.79279532561433,54.8635306853246,54.94034380897355,55.02295774573396,55.111073820914655,55.20437254619484,55.30251460789262,55.40514193292595,55.51187883172924,55.622333217105144,55.73609789745974,55.85275194170608,55.97186211812582,56.092984392229354,56.21566549601489,56.33944455251357,56.46385475567222,56.58842509945934,56.71268215026336,56.83615185609633,56.95836138553621,57.07884098883052,57.19712587309504,57.31275808307343,57.42528837854059,57.534278099146306,57.639301007132104,57.73994509827698,57.835814371233724,57.926530545417116,58.01173471764733,58.09108894792171,58.16427776485926,58.23100958174683,58.29101801444561,58.34406309297422,58.389932359085535,58.42844184284585,58.45943691190409,58.48279298793182,58.49841612554005,58.50624344985326
54.60609868379092,54.61361493256136,54.62862073198881,54.651062759668044,54.68086121671702,54.717910049807756,54.76207724779615,54.81320521344406,54.87111121074163,54.93558788842479,55.0064038802626,55.08330448264087,55.16601240990844,55.25422862780682,55.34763326430862,55.445886602565714,55.54863014369488,55.65548775452338,55.76606688736492,55.87995987504873,55.99674529845871,56.11598942408641,56.23724770860174,56.360066366884425,56.48398399933422,56.608533273761296,56.7332426564771,56.857638186710986,56.98124528779428,57.10359060808836,57.22420388405182,57.34261981735491,57.458379957535726,57.57103458126033,57.68014455895081,57.78528319925993,57.88603806168892,57.982012727541694,58.07282851934883,58.158126158982064,58.23756735479323,58.310836308364884,58.37764113173759,58.437715166434245,58.4908181960329,58.53673754465544,58.57528905432998,58.606317934952585,58.629699481298516,58.64533965239937,58.65317550946412
54.74873346219341,54.75625831203251,54.771281280587516,54.79374897957496,54.82358151162124,54.86067269268039,54.904890349194545,54.95607669044862,55.01404875666298,55.078598943402724,55.149495602854806,55.22648372253365,55.3092856818356,55.397602086784524,55.49111268308552,55.58947734739464,55.692337156437034,55.79931553324512,55.91001946945617,56.02404082212017,56.140957683085524,56.26033581843265,56.381730174976326,56.50468645024762,56.6287427217852,56.75343113101913,56.87827961636999,57.0028136896577,57.12655824929355,57.249039423178566,57.36978643373155,57.488333476937335,57.60422160688998,57.71700061690641,57.826230907951654,57.931485334859346,58.032351020634984,58.128431129019994,58.21934658546031,58.30473773668444,58.38426593922161,58.45761506743998,58.52449293197911,58.584632599876926,58.63779360814355,58.68376306315085,58.72235661879085,58.753419327122046,58.77682635595344,58.79248356868557,58.800327962582976
54.89158675939279,54.89912021405286,54.91416035922976,54.9366537407388,54.96652036267225,55.0036539102236,55.0479220473559,55.099166789802304,55.15720495393495,55.22182868204695,55.29280604463563,55.36988172022183,55.45277775311888,55.54119438949404,55.63481099183595,55.73328703172594,55.83626316053122,55.94336235731165,56.05419115283215,56.16834092816642,56.28538928591696,56.40490149153907,56.52643198177082,56.64952593656266,56.77372091036302,56.89854851798258,57.02353616970974,57.14820884971608,57.27209093124358,57.39470802148755,57.515588828586566,57.63426704259292,57.750283221916334,57.86318667628778,57.97253733698287,58.077907604791186,58.1788841660007,58.275069766580096,58.36608493468707,58.45156964171209,58.531184892178295,58.604614233070976,58.67156517347297,58.73177050578826,58.78498952033071,58.83100910560649,58.86964472727196,58.900741279461215,58.92417380294918,58.93984806545683,58.9477010002675
55.03465876434995,55.0422008275879,55.057258156888594,55.079777232138326,55.10967795886446,55.14685389144493,55.19117253130267,55.24247570055314,55.300579991625675,55.36527729344768,55.43633539472151,55.51349866485122,55.59648881293539,55.68500572514287,55.77872838059334,55.87731584562966,55.98040834608732,56.08762841687107,56.19858212768195,56.31286038341654,56.43004029722339,56.54968663371638,56.67135331933242,56.79458501621671,56.91891875549197,57.04388562511517,57.169012507000225,57.293823857425586,57.417843524218476,57.54059659362802,57.66161125926109,57.78042070499679,57.89656499332169,58.00959295014139,58.119064036810556,58.22455019984663,58.32563768860195,58.4219288310581,58.513043757884,58.59862206493763,58.678324404554985,58.7518339961676,58.81885804714056,58.87912907510319,58.93240612354185,58.97847586297913,59.01715357073693,59.048283982939026,59.0717420132615,59.087433333692,59.09529481349706
55.1779496667463,55.18550034232054,55.200574863251525,55.22311964347309,55.25305448990609,55.29027282606801,55.33464199078057,55.38600361246323,55.4441740595222,55.50894496742014,55.580083842953954,55.65733474629329,55.74041905118824,55.82903628366952,55.922865039332535,56.021563979115626,56.12477290315454,56.232113902010056,56.343192584130726,56.45759937803501,56.5749109072057,56.694691435203666,56.81649437794007,56.93986387953128,57.06433644753429,57.18944264281672,57.31470881867825,57.43965890325769,57.56381621872717,57.68670533013608,57.807853916325264,57.926794654752726,58.043067111737386,58.15621962912586,58.265811198118925,58.371413310735946,58.47261177917048,58.569008513209596,58.660223245825755,58.74589519715696,58.82568466716485,58.89927454755765,58.96637174382483,59.02670849867729,59.080043608640516,59.12616352614287,59.16488334006668,59.196047628442976,59.21953117778249,59.23523956428455,59.2431095931681
55.321459656201945,55.329018947875085,55.34411066795156,55.3666811643823,55.39665014545077,55.4339109037621,55.47833061547425,55.529750715238926,55.58798734735471,55.65283189371973,55.72405157911792,55.801390154359275,55.88456865772317,55.97328625495111,56.067221157963075,56.16603162212965,56.26935702171342,56.37681900274876,56.48802271223697,56.60255810211635,56.72000130600105,56.83991608617797,56.96185534781213,57.085362716757395,57.20997417677833,57.33521976141359,57.46062529510145,57.585714177607116,57.71000920519668,57.83303442148033,57.95431699027559,58.07338908238566,58.18978976771976,58.30306690382571,58.412779011517316,58.51849712809144,58.619806628365026,58.716309003713555,58.80762358921355,58.89338922908531,58.97326587073913,59.04693607798578,59.114106454284816,59.17450896728154,59.227902166410196,59.274072285887904,59.3128342260576,59.34403240677929,59.36754148731986,59.38326694804689,59.39114553009339
55.46518892228238,55.47275683382077,55.48786576056014,55.51046198444981,55.540465115093646,55.57776831413562,55.62223859501112,55.67371719852877,55.73202004479162,55.79693826203829,55.86823879293093,55.94566507880296,56.02893782232041,56.11775582879917,56.21179692633272,56.310718964556834,56.41416089168393,56.52174390904203,56.63307270199277,56.74773674569334,56.865311683678144,56.98536077674533,57.107436419090526,57.2310817180763,57.35583213344197,57.48121717115741,57.60676212656353,57.731989870799985,57.85642267398649,57.97958405804683,58.101000671532404,58.220204178345085,58.33673315174498,58.45013496474381,58.55996766753663,58.66580184246934,58.76722242675995,58.8638304931643,58.95524497866045,59.04110435135698,59.12106820592689,59.1948187781173,59.26206236919852,59.32253067160298,59.37598198754775,59.42220233292064,59.46100641942655,59.492238508663924,59.51577313259702,59.53151567570418,59.539402814998844
55.60913765449091,55.61671418966411,55.63184033059374,55.65446229319805,55.68449958836743,55.721845246738056,55.76636611895557,55.81790325191649,55.87627234144034,55.94126426201081,56.01264567405381,56.09015970930924,56.17352673469675,56.26244519496659,56.35659253422353,56.45562619621127,56.5591847029178,56.66688881077882,56.77834274332333,56.89313549872644,57.01084223023441,57.131025696939666,57.2532377818469,57.37702107359924,57.501910507670225,57.62743506222993,57.753119503277276,57.87848617308395,58.00305681537754,58.126354430147536,58.247905150438804,58.367240133002404,58.48389745421289,58.597424002305544,58.707377356625,58.813327644337505,58.91485936484879,59.01157317207748,59.10308760469974,59.189040754519255,59.269091863292545,59.342922838533035,59.410239679156156,59.47077380224613,59.524283262666,59.5705538578621,59.60940011079937,59.64066612473329,59.66422630425161,59.67998593789803,59.68788163852832
55.75330604227099,55.760891204850324,55.77603456750004,55.79868228008526,55.82875375474391,55.86614189105223,55.910713376813,55.96230906492388,56.020744426846264,56.08581008320403,56.15727241208058,56.234874235498964,56.318335584503934,56.40735454313169,56.50160817135144,56.60075350684302,56.704428645198455,56.812253897777836,56.92383302608297,57.03875455110893,57.15659313560011,57.27691103672813,57.39925962608216,57.52318097335792,57.64820948953549,57.773873624737185,57.89969761538336,58.025203274632325,58.149911819574164,58.273345728018064,58.395030617258456,58.51449713665146,58.63128286544225,58.74493420685392,58.85500826915147,58.961074724091546,59.06271763304379,59.15953723088359,59.25115165777901,59.33719862903862,59.417337033318844,59.491248449723535,59.55863857466544,59.61923854972649,59.67280618229139,59.7191270512458,59.758015490717405,59.78931544553146,59.81290119283393,59.8286779251786,59.83658219123579
55.89769427500332,55.90528806876381,55.92044866067052,55.94312213451048,55.97322780363403,56.01065843650486,56.0552805580192,56.10693482701204,56.16543649048725,56.23057591512013,56.302119196540374,56.37980884693054,56.46336456132931,56.5524840629152,56.646844027365105,56.7461010861345,56.84989290824259,56.957839359788,57.069543740058094,57.184594092657775,57.30256458962723,57.423016986000036,57.54550214172374,57.66956160731785,57.79472926903098,57.92053304870777,58.04649665294089,58.17214136553786,58.29698787669965,58.42055814181349,58.542377262173126,58.661975379499935,58.7788895756666,58.89266576865147,59.00286059539857,59.109043272033226,59.210797421670684,59.30772285992834,59.39943732826224,59.48557816529468,59.56580390639657,59.639795802097204,59.70725924614257,59.76792510447481,59.82155093686272,59.86792210351998,59.90685274963373,59.93818666151684,59.961797988805586,59.97759182801201,59.98550466358554
56.04230254200339,56.049904970721684,56.06508279942863,56.087782045806605,56.11792192437938,56.15539507245329,56.20006785195123,56.251780727569965,56.3103487217791,56.37556194719688,56.44718621689479,56.52496373309213,56.60861385468808,56.69783394386088,56.79230029184129,56.89166912369463,56.99557768169299,57.1036453864895,57.21547507495919,57.330654313122295,57.44875678210069,57.569343734571355,57.69196551862074,57.816163165361054,57.94147003607717,58.067413524092814,58.193516805936135,58.319300635815,58.44428517680022,58.56799186160893,58.68994527528561,58.80967505167845,58.92671777504445,59.04061887787661,59.150934525566804,59.25723347838689,59.35909892097254,59.456130249469574,59.547944806426756,59.63417955357866,59.714492672834304,59.788565085973936,59.856101883920125,59.916833656828864,59.97051771672807,60.01693920503941,60.055912077909575,60.08727996305588,60.11091688253665,60.12672783677114,60.134649245950804
56.18713103252192,56.19474209997852,56.209937173033026,56.23266220324035,56.2628363062581,56.30035198818757,56.345075447916045,56.39684695592644,56.45548131006636,56.52076836880477,56.59247366253641,56.67033908340325,56.754083654028825,56.8434043754492,56.93797715428953,57.03745780906446,57.141483155120014,57.249672167484185,57.361627220426705,57.47693540217508,57.59516990272611,57.7158914721832,57.838649946548536,57.96298583729653,58.088431980515224,58.21451524076612,58.34075826427344,58.466681275399104,58.59180390983767,58.715647077391395,58.837734846616684,58.957596343231344,59.07476765364252,59.188793724618364,59.29923024977201,59.40564553328612,59.5076223211007,59.60475958968109,59.69667428245914,59.78300298409454,59.863403522847456,59.9375564915803,60.00516667823843,60.06596439704003,60.11970671214627,60.16617854606901,60.20519366581842,60.2365955404259,60.260258064307166,60.276086141737416,60.28401612861825
56.33217993574136,56.339799645721214,56.35501197067733,56.37776279601105,56.40797113848317,56.44552937293174,56.490303535149835,56.542133701338884,56.60083444462767,56.66619536924082,56.73798172279067,56.815935087213425,56.89977414872899,56.989195547082296,57.08387480414484,57.18346733170919,57.28760951802558,57.395919892306516,57.508000366021655,57.623437549412415,57.74180414113466,57.86266038849999,57.98555561520282,58.110029812852986,58.23561529210488,58.36183838851982,58.4882212177736,58.6142834741424,58.73954426569599,58.86352397907305,58.985746166096874,59.10573944411696,59.22303940144457,59.337190498886955,59.44774795804141,59.554279626778865,59.65636781212335,59.7536110706456,59.84562594645762,59.9320486469538,60.01253664656217,60.08677020905795,60.154453819244864,60.215317515269085,60.269118113283426,60.31564031678172,60.35469770353606,60.3861335838094,60.4098217243041,60.42566693310116,60.43360550177569
56.477449440779615,56.48507779706646,56.50030738148218,56.523084013252,56.5533266101931,56.59092741583994,56.635752302827974,56.68764115299223,56.74640831466895,56.81184313773525,56.88371058690929,56.96175193380192,57.045685528093266,57.135207648096035,57.2299934307699,57.329697881022874,57.43395695983195,57.542388750410154,57.65459470123593,57.77016094435498,57.88865968687653,58.009650673106826,58.1326827142042,58.25729528168194,58.38302016052582,58.509383157063894,58.63590585617886,58.76210742181156,58.887506434169794,59.0116227564788,59.133979423578516,59.2541045442101,59.37153320834836,59.48580939059851,59.59648784031348,59.70313594882334,59.805335584015076,59.90268488235494,59.994799988433776,60.08131673217996,60.16189223401471,60.236206428450615,60.303963496996424,60.364893201576514,60.41875211021195,60.46532470726036,60.50442438115029,60.53589428329766,60.55960805262196,60.57547040095587,60.583417555518736
56.62293973668074,56.63057674306201,56.64582359450231,56.66862604402116,56.69890291046173,56.736546305996455,56.78142194004615,56.833369500005375,56.89220310932932,56.95771186344496,57.029660444072725,57.1077898123734,57.191817981353644,57.28144086774834,57.37633322345304,57.47614964632253,57.58052566988678,57.6890789311744,57.80141041547726,57.91710577644462,58.03573672942786,58.156862515508244,58.280031433084886,58.404782433347,58.53064677537467,58.657149736026376,58.783812369144066,58.91015330809483,59.035690604971535,59.15994359934317,59.28243480882532,59.40269183329681,59.52024926415919,59.63465058958327,59.74545008643757,59.85221468928738,59.95452582666247,60.05198121471135,60.144196598299395,60.23080742970303,60.3114704751463,60.38586533971067,60.4536959014548,60.514691645937155,60.56860889291239,60.61523190748722,60.65437388865058,60.68587782888313,60.709617239254804,60.72549673530382,60.73345247985091
56.76865101241816,56.77629667268739,56.79156079871933,56.81438907731144,56.84470022828646,56.882386232415165,56.927312635831164,56.97931893142138,57.038219017667856,57.10380173545521,57.1758314833882,57.254048912057925,57.33817169766514,57.427895395222144,57.52289437140463,57.62282281684856,57.72731583745952,57.83599062389961,57.94844769807715,58.06427223504428,58.18303545818123,58.304296105127875,58.42760196130016,58.552491457334604,58.678495326169774,58.8051383149488,58.93194094624167,59.05842132258749,59.18409696772503,59.30848669731694,59.43111251150567,59.5515015010729,59.66918775859994,59.78371428558062,59.894634886172426,60.00151603794725,60.10393872985667,60.20150025752073,60.29381596588012,60.38052092935736,60.461271559801936,60.53574713269802,60.603651222490335,60.66471303822407,60.71868865126723,60.76536210735311,60.804546415930865,60.836084410464565,60.85984947410674,60.87574612604463,60.88371046467345
56.91458345689519,56.92223777484539,56.93751918304424,56.96037330203732,56.99071875259776,57.0284473840345,57.073424579138454,57.12548963620958,57.18445622867463,57.25011294277342,57.322223893886125,57.40052942191024,57.484746866108665,57.57457141962642,57.66967706375859,57.769717581763814,57.874327651744665,57.98312401780698,58.09570673828858,58.21166050943383,58.330556062447066,58.451951631306784,58.57539448822373,58.700422543044034,58.8265660023371,58.95334908329028,59.080291776953246,59.206911654803896,59.33272571196649,59.457252239960994,59.58001272120851,59.70053373714719,59.81834888129566,59.933000668236346,60.04404242918383,60.151040184485346,60.25357448329884,60.35124220050187,60.443658280902795,60.530457420885185,60.61129567773677,60.68585199717402,60.75382964986994,60.81495756821823,60.86899157506067,60.915715496646456,60.954942152788114,60.98651421784317,61.01030494698019,61.026218762986694,61.03419169979438
57.060737258940875,57.0684002383656,57.08369893631219,57.106578907042255,57.13695867224431,57.174729949718035,57.21975795884375,57.271881803267064,57.330914931263095,57.396645674332824,57.46883786452119,57.54723153090972,57.631543675686316,57.72146912998637,57.81668148957213,57.91683413015081,58.02156130185006,58.130479302037976,58.24318772527672,58.359270788811855,58.478298731454856,58.599829283305496,58.72340920313971,58.848575879791916,58.97485899322095,59.101782230421065,59.22886505068094,59.35562449416282,59.48157702714521,59.606240416746736,59.729135627426224,59.84978873103327,59.96773282178107,60.08250992710875,60.193672905044345,60.300787318491984,60.4034332765943,60.50120723327152,60.59372373300032,60.680617093928696,60.76154301860529,60.836180122803825,60.904231373271216,60.96542542559981,61.019517853982194,61.066292265065165,61.10556128892087,61.137167440721086,61.160983847579054,61.17691483583527,61.18489637492042
57.207112607305874,57.21478425200446,57.23010024727978,57.25300608109551,57.28342017600617,57.32123411825427,57.36631296375342,57.41849562140913,57.47759531426781,57.5434001189893,57.61567358416863,57.69415542795346,57.778562315321764,57.86858871525182,57.963907837817324,58.064172651010416,58.16901697680786,58.27805666564734,58.390890848131924,58.50710326229478,58.6262636543477,58.747929250291946,58.87164629524941,58.996951656806125,59.123374488076635,59.25043794562204,59.37766095672872,59.50456002999988,59.63065110261592,59.755451417054466,59.878481419561325,59.99926667215291,60.117339769501,60.23224225165396,60.34352650323208,60.45075762946178,60.55351529925009,60.651395545351846,60.74401251170763,60.831000138035755,60.91201377196304,60.98673169915305,61.05485658226434,61.11611679995217,61.17026767761777,61.21709260219881,61.256404013925405,61.28804426869657,61.31188636550704,61.32783453419233,61.33582467965618
57.35370969066956,57.36139000444238,57.37672330463645,57.39965501288528,57.43010345258047,57.46796007835509,57.51308978258843,57.56533127937773,57.62449756644808,57.69037646551804,57.762731241628614,57.84130130186272,57.92580297385897,58.01593036429157,58.111356297391126,58.21173333326381,58.316694865562305,58.42585629761222,58.53881629585482,58.65515811891287,58.77445102018405,58.896251721355355,59.02010595366553,59.14555006322605,59.27211267607034,59.39931641808768,59.52667968431478,59.653718451555605,59.77994812764573,59.90488543017053,60.02805028692039,60.148967749835265,60.267169913801254,60.38219783124024,60.49360341312843,60.60095130679143,60.703820740678765,60.80180732616882,60.89452480645978,60.98160674265382,61.06270812726841,61.13750691568738,61.20570546632744,61.26703188075477,61.32124123545643,61.36811669754052,61.407470517298194,61.43914489127217,61.46301269026733,61.47897804756614,61.48697680350668
57.50052869762717,57.50821768427828,57.52356829698375,57.54652589102467,57.577008690589864,57.61490801865175,57.66008860399627,57.71238896583299,57.77162187647995,57.83757490261905,57.910011025616754,57.98866934137609,58.07326584005775,58.16349426588865,58.25902705709816,58.35951636574887,58.46459515697785,58.57387838682177,58.68696425736235,58.80343554760754,58.92286101793411,59.04479688549174,59.168788367414486,59.294371288103925,59.42107374627964,59.54841783691827,59.67592142256546,59.803099947980186,59.9294682914033,60.05454264528742,60.17784241871814,60.298892153313055,60.417223443932045,60.53237685513444,60.64390382401667,60.7513685397778,60.85434979019124,60.95244276504553,61.04526080659572,61.13243709712967,61.21362627387835,61.28850596177422,61.356778214831245,61.418170857386684,61.47243871688269,61.51936474048152,61.55876098843332,61.59046949784285,61.614363011257474,61.63034556535636,61.63835293587668
57.64756981669982,57.655267480032194,57.67063541284839,57.693618904046474,57.724136078575846,57.76207812769836,57.80730961654201,57.859668869355396,57.91896843296261,57.984995618903575,58.057513124765904,58.13625973514862,58.22095110259712,58.311280608747886,58.40692030566983,58.50752193721163,58.61271803983133,58.722123122077136,58.83533492148308,58.9519357372389,59.07149383648182,59.193564931610254,59.3176937254295,59.443415520398915,59.57025788768987,59.69774239112249,59.82538636051353,59.95270470832822,60.07921178296783,60.204423251503314,60.32785800407198,60.44904007172218,60.56750054904815,60.682779512506464,60.794427925082566,60.90200951762458,61.005102637003496,61.10330205120935,61.196220701351535,61.28349139070868,61.36476840104705,61.43972902667408,61.50807501704609,61.56953391912581,61.62386031117768,61.67083692030516,61.71027561662071,61.742018277702016,61.76593751777275,61.781937276857285,61.789953266057495
57.794833236326106,57.80253958014866,57.817924840676675,57.840934240402554,57.87148580499835,57.90947059396506,57.95475300870878,58.007171178442846,58.06653742440789,58.132638802906136,58.20523772763269,58.28407267175283,58.368858950071804,58.4592895814845,58.55503623174517,58.65575023632255,58.7610637028144,58.87059069209642,58.983928476959846,59.10065887656948,59.22034966461814,59.34255604853028,59.46682221655479,59.592682948980176,59.71966528919118,59.84729026961705,59.97507468709877,60.102532921560105,60.22917879132216,60.35452743782143,60.47809723200089,60.59941169410211,60.718001418202796,60.83340599242682,60.94517590541375,61.05287442942596,61.15607947022511,61.25438537378104,61.34740467985927,61.434769812535706,61.516134697927306,61.591176299548195,61.659596062138775,61.72112125514093,61.775506207518504,61.82253342619638,61.86201459104518,61.893791420036706,61.91773639900392,61.93375337126104,61.94177798324509
57.9423191448632,57.950034172984225,57.96543676883059,57.98847208846225,58.01905805823602,58.05708560584067,58.1024189688977,58.15489608151073,58.21432903924841,58.2805046430734,58.35318502267853,58.432108339676965,58.51698957098991,58.60752137262842,58.70337502387858,58.80420145165823,58.90963233452688,59.0192812855049,59.132745112443715,59.24960515427967,59.369428691046295,59.491770424977986,59.61617402953987,59.74217376262106,59.86929613958396,59.99706166122444,60.12498659116168,60.25258477653966,60.37936950534603,60.504855393142705,60.628560291428904,60.750007209389395,60.868726240353915,60.98425648386558,61.09614795399247,61.203963464182806,61.30728047886526,61.40569292178356,61.4988129311502,61.58627255165007,61.667725353564784,61.74284796944917,61.81134153916813,61.87293305450255,61.927376594975655,61.974454447227274,62.01397810078517,62.045789113928954,62.0697598440329,62.08579403765276,62.09382727652374
58.09002773058262,58.09775144681451,58.113171385589496,58.13623263651148,58.166853026582714,58.204923351629084,58.25030768542709,58.302843766888394,58.362343465828324,58.42859332776911,58.50135519828828,58.580366927320256,58.66534315377202,58.75597617062531,58.851936870535084,58.95287577170506,59.05842412348198,59.16819509084096,59.28178501649716,59.398774758954154,59.51873110437591,59.64120824958697,59.765749353043766,59.89188815000492,60.01915062757095,60.147056754665634,60.27512226145041,60.402860462033914,60.52978411382914,60.655407306272764,60.7792473711764,60.900826806425535,61.01967520435402,61.135331175693636,61.247344259699055,61.35527681078861,61.45870585182947,61.55722488413088,61.65044564414823,61.7379997969845,61.819540556902744,61.89474422532674,61.963311637092204,62.02496950616634,62.07947166251612,62.12660017236657,62.166166334810995,62.19801154835207,62.22200804183411,62.23805946500774,62.246101334869344
58.237959181674704,58.245691589833335,58.26112887914968,58.284216072753125,58.31487089824541,58.35298401954971,58.39841934652514,58.451014422821686,58.510580892408825,58.576905045270856,58.64974844275393,58.72884862299643,58.81391988675259,58.904654163828006,59.00072196009208,59.101773384865254,59.207439258102255,59.31733229654939,59.4310483775857,59.54816787908463,59.66825709312253,59.790869710896224,59.9155483756282,60.04182629971494,60.16922894175853,60.29727573857346,60.42548188661182,60.5533601667112,60.68042280545648,60.80618336591456,60.93015865996312,61.05187067394465,61.170848498954626,61.2866302566738,61.39876501131579,61.50681465803471,61.61035577791977,61.70898144963433,61.802303007674354,61.88995173736607,61.97158049677598,62.04686525602213,62.11550654475358,62.177230798987445,62.2317915989918,62.278970790473,62.31857948198425,62.350458912169515,62.37448118127547,62.39054984219464,62.39860034715097
58.386113686243036,58.39385479014093,58.4093094376192,58.43242258529697,58.46311186135165,58.50126779773505,58.54675414033553,58.59940823746532,58.6590415071598,58.72543998376217,58.798364944280856,58.8775536149286,58.96271995817646,59.05355554050132,59.14973048083512,59.25089447944459,59.356677926717815,59.46669309098239,59.5805353840897,59.697784703070596,59.818006845708105,59.94075499734906,60.06557128575918,60.19198840023615,60.3195312706547,60.44771880147352,60.576065655194974,60.70408407913733,60.83128576881359,60.957183760673765,61.081294346410836,61.203139000580684,61.322246312802584,61.438153915466955,61.55041039751337,61.65857719460187,61.76223044582957,61.860962806996994,61.95438521044099,62.04212856151625,62.12384536190991,62.19921125026873,62.26792645089372,62.32971712170669,62.38433659315072,62.43156649029756,62.47121773106042,62.50313139413464,62.52717945111296,62.54326535796758,62.55132450212294
58.534491432302595,58.54224123575933,58.557713249020345,58.58085236217586,58.61157610393352,58.64977487422961,58.695312254916416,58.7480253988916,58.807725498165084,58.874198331345895,58.947204890986654,59.026482091253,59.111743556193254,59.202680488818345,59.29896262095764,59.40023924365948,59.50614031756606,59.61627766239919,59.73024622428666,59.84762541921497,59.967980550456545,60.09086429729433,60.21581827180431,60.34237463996169,60.47005780266947,60.59838613179423,60.726873755647645,60.85503238777956,60.982373192383506,61.10840867904593,61.23265461903212,61.35463197486422,61.47386883444411,61.58990234063134,61.702280606857855,61.81056460906942,61.91433004414764,62.013169144816594,62.106692441052424,62.19453045804617,62.27633534092286,62.35178239668659,62.42057154413726,62.48242866295568,62.537106833629316,62.584387460477565,62.624081270675305,62.656029182894315,62.68010303998821,62.69620620097366,62.70427398843437
58.68309260778132,58.69085111461301,58.70634050128615,58.72950559132705,58.76026381393698,58.79850543698951,58.84409387823336,58.89686609507515,58.95663305341842,59.023180276027425,59.09626847089325,59.17563424000941,59.26099086886734,59.352029196857465,59.44841856855952,59.54980786562865,59.65582661878705,59.766086198963215,59.88018108636231,59.99769021572201,60.11817839559729,60.241197798978234,60.36628952203336,60.492985207178855,60.620808726112365,60.74927791786793,60.87790637631768,61.0062052810009,61.133685264548944,61.259858309428935,61.384239666239125,61.5063497852208,61.62571625231283,61.74187572061349,61.85437582781179,61.96277708990884,62.06665476135179,62.16560065157788,62.25922488800248,62.34715761545472,62.42905062232094,62.50457888379014,62.57344201300211,62.63536561125391,62.69010250894811,62.737433889540725,62.77717028936159,62.80915246697413,62.83325213643479,62.84937255974557,62.85744899461633
58.831917400515685,58.839684614547146,58.85519138225943,58.87838246059943,58.909175179219226,58.9474596738789,58.99309919816194,59.04593051390681,59.1057643608186,59.172386005723425,59.245555871934556,59.32501024914664,59.41046208416117,59.501601852608076,59.5980985116454,59.69960053338171,59.805737018429895,59.91611888874241,60.0303401584045,60.1479792807025,60.268600569257764,60.39175569055164,60.51698522461709,60.64382029007886,60.77178422919097,60.900394347915366,61.02916370544632,61.15760294706219,61.28522217358144,61.41153284011502,61.536049676335395,61.65829261996576,61.77778875474044,61.89407424375481,62.006696248723905,62.115214825479036,62.21920478580937,62.31825751566012,62.41198273967426,62.500010222134826,62.58199139449906,62.65760089997948,62.72653804589383,62.788528155010326,62.84332380752185,62.89070596589671,62.9304849755318,62.96250143479209,62.98662692886929,63.00276462269954,63.01084970908716
58.98096599825144,58.98874192330537,59.004266079691874,59.0274831577488,59.058310387544,59.09663777267122,59.14232840248402,59.19521884317925,59.25511960817552,59.32181570825684,59.39506728194778,59.47461030652188,59.56015738995256,59.65139864395829,59.7480026381276,59.84961743484326,59.95587170444103,60.06637591970321,60.180723628403214,60.29849280216705,60.41924725946818,60.5425381600639,60.66790556762107,60.79488007674369,60.922984500010614,61.05173561006421,61.180645931173146,61.309225574117406,61.43698410765334,61.563432459285615,61.68808483751935,61.81046066730932,61.93008652994772,62.046498098287096,62.15924205783642,62.26787800402981,62.37198030578209,62.47113992532813,62.56496618433965,62.65308846635999,62.73515784574151,62.8108486335393,62.87985983110023,62.9419164825189,62.99677091764266,63.04420387784657,63.08402551748797,63.11607627465109,63.1402276055949,63.156382578141596,63.16447632015128
59.13023858864607,59.13802322854677,59.15356478124272,59.17680787043872,59.20766962658133,59.24603992104431,59.291781678888725,59.34473127059376,59.40469898320291,59.471469571355165,59.54480288867607,59.6244345998938,59.71007697401617,59.80141975870374,59.898131135818275,59.999858757848415,60.10623086467295,60.21685747971847,60.33133168424757,60.4492309680209,60.57011865415625,60.69354539546034,60.81905073901287,60.946164755161,61.07440972656926,61.203301892325825,61.33235324153112,61.461073350216765,61.588971254827634,61.715557355016735,61.840345337878546,61.96285411535058,62.082609766044456,62.19914747233107,62.31201344327949,62.42076681370099,62.52498150941263,62.62424806873241,62.71817541015749,62.80639253629636,62.88855016421357,62.96432227264256,63.03340755679598,63.09553078195522,63.150444027492576,63.19792781357247,63.2377921034124,63.269877174734425,63.294054354796636,63.3102266142549,63.31832901599618
59.279735359256414,59.28752871783167,59.30308767447985,59.32635678624491,59.3572530839115,59.395666306585774,59.441459214974365,59.494467983759556,59.55450267351817,59.62134778265206,59.69476287976697,59.77448331692436,59.86022102402923,59.951665384541386,60.04848419243076,60.15032469012901,60.25681468687648,60.36756375655775,60.48216451372527,60.600193966075075,60.721214941148276,60.84477758458699,60.9704209266533,61.097674513208226,61.226060096764684,61.35509338261588,61.48428582444856,61.613146463297525,61.741183803058476,61.867907715278044,61.99283136539258,62.11547315208378,62.23535865103418,62.35202255389672,62.465010593071426,62.57388144251647,62.67820858473496,62.77758213391164,62.87161060517028,62.959922619990664,63.04216853796867,63.11802200534482,63.18718141104199,63.24937124138314,63.30434332513657,63.351877961139515,63.391784921372434,63.42390432311204,63.4481073645443,63.464296919113366,63.47240798468895
59.429456497550916,59.437258578627024,59.452834946869714,59.47613009263754,59.50706094701526,59.545517116786165,59.59136119823904,59.64442917018358,59.70453086664586,59.771450529682134,59.84494744277162,59.92475664517832,60.010589727576615,60.10213570906891,60.19906199558098,60.301015419316606,60.40762335870118,60.51849493788761,60.63322230452545,60.75138198403263,60.872536308166666,60.99623491518177,61.12201631829801,61.249409538657915,61.37793579838658,61.507110268736206,61.636443867742344,61.765445101195425,61.8936219401899,62.02048372792376,62.145543107928845,62.268317965383744,62.38833337280104,62.50512353088085,62.61823369511647,62.72722207838832,62.83166171966547,62.931142308791905,63.02527195730785,63.1136789053767,63.196013154942726,63.27194801958582,63.34118158178023,63.40343804874601,63.45846899851763,63.50605450849477,63.546004159317356,63.57815790773136,63.60238682278882,63.61859368066318,63.626713414183484
59.5794021908975,59.58721299830485,59.60280678579005,59.626127976997815,59.65709340327605,59.69559253903649,59.7414878160832,59.79461501728028,59.854783750009624,59.92177799988257,59.99535676513911,60.07525477212464,60.16118327213697,60.252830919782184,60.34986473278269,60.45193113294294,60.55865706769592,60.66965121127592,60.784505244229,60.9027952094926,61.02408294282707,61.14791757487922,61.27383710159842,61.40137001917763,61.53003701911478,61.659352738385266,61.78882755912096,61.917969451631,62.046285853958345,62.17328558070397,62.29848075324511,62.42138874301757,62.54153411912181,62.65845059106644,62.771682937203806,62.88078890911293,62.9853411020085,63.08492878117654,63.17915965438084,63.26766158026921,63.35008420295643,63.42610050318627,63.495408256833166,63.557731391868515,63.612821235466136,63.6604576434664,63.70045000507583,63.73263811642279,63.7568929173596,63.77311708673687,63.78124549230795
59.72957262656764,59.73739216414022,59.75300337851593,59.77635062660727,59.80735063998307,59.84589276063391,59.89183925581493,59.94502571236396,60.00526151093493,60.07233038059248,60.145991034221325,60.22597788512564,60.31200184509048,60.40375120407805,60.50089259144675,60.603072018438134,60.70991600130707,60.82103276418394,60.93601352031434,61.05443382995024,61.175855032642026,61.2998257512075,61.425883464096835,61.55355614232306,61.68236394652075,61.81182097914372,61.94143708618593,62.070719702216074,62.19917573198382,62.326313461248866,62.451644488983106,62.57468567263866,62.69496107765758,62.812003922120404,62.925358507009676,63.03458212237099,63.1392469194466,63.238941738757525,63.3332738840825,63.42187083236554,63.50438186970527,63.58047964384735,63.649861623904435,63.712251458456926,63.76740022368675,63.815087553761785,63.855122646354374,63.887345136895334,63.91162583596527,63.927867325043415,63.93600440677445
59.87996799173599,59.88779626330357,59.90342491222585,59.926798228647996,59.95783284432465,59.99641796877171,60.04241570463446,60.095661442648,60.1559643366457,60.22310785904723,60.29685043726916,60.37692617144349,60.46304563371707,60.55489674924958,60.65214575888348,60.75443826312268,60.861400346872394,60.97263978396643,61.087747320154946,61.20629803279544,61.32785276501692,61.45195963158466,61.578155593227955,61.70596809554356,61.83491676806713,61.9645151784928,62.09427263642396,62.223696040449255,62.352291761778226,62.47956755707618,62.60503450267248,62.7282089417816,62.848614435951895,62.965783711594874,63.07926059209004,63.18860190572517,63.2933793595494,63.39318136910562,63.48761483398715,63.576306849241625,63.65890634277188,63.735085629153204,63.80454187057795,63.86699843609525,63.92220615076472,63.96994442696842,64.01002227074208,64.0422791567371,64.0665857661928,64.08284458317068,64.09099034516699
60.03058847347592,60.03842548287349,60.05407157399593,60.077470970201084,60.10854020338744,60.14716835054759,60.19321734964643,60.24652239524426,60.30689241426648,60.37411062238113,60.44793516142846,60.528099818242815,60.61431482518867,60.70626774248731,60.80362442229634,60.906030054219144,61.01311029162871,61.12447245787438,61.23970683101399,61.35838800530773,61.480076327244205,61.6043194033194,61.73065367631513,61.85860606617776,61.98769567110556,62.11743552379175,62.2473343972073,62.37689865371634,62.505634130736276,62.6330480555944,62.75865098172794,62.881958737869326,63.00249438143225,63.11979014692217,63.23338937988343,63.342848446617616,63.44773860976263,63.54764785967164,63.642182691549365,63.73096981835438,63.8136578096143,63.88991864656111,63.95944918431421,64.02197251224574,64.07723920416218,64.12502845054694,64.16514906570197,64.19744036340957,64.22177289550658,64.23804904858191,64.24620349495254
60.18143425875781,60.189280009822326,60.20494355080508,60.228369038248296,60.25947290416018,60.29814409295201,60.34424437785138,60.3976087571638,60.45804593081736,60.52533885762897,60.59924539374295,60.6794990125781,60.765809606578536,60.857864370873195,60.955328768783154,61.05784757883765,61.165046022703045,61.27653097305267,61.391892240051845,61.51070393466018,61.63252590651108,61.75690525361533,61.883377900571,62.0114702414502,62.140700842873265,62.27058220229018,62.40062255579886,62.53032772928867,62.65920302613802,62.786755144090044,62.91249411344244,63.03593524820357,63.15660110140798,63.274023415418206,63.38774505771085,63.49732193237391,63.60232485741474,63.702341397785396,63.796977644101666,63.885859927039334,63.96863645756519,64.04497888340808,64.11458375245184,64.17717387424567,64.23249957122025,64.28033981183968,64.32050321857253,64.35282894425401,64.37718741124732,64.39348090861886,64.4016440434701
60.332505534454675,60.34036003102225,60.356041029525855,60.37949261966826,60.41063113352296,60.44934538287564,60.49549697614828,60.548920715314054,60.609425073213494,60.676792751714906,60.75078132115331,60.83112394140071,60.91753016484844,61.009686821384044,61.107258985335385,61.20989102398666,61.31720772711402,61.42881551653135,61.54430373431397,61.663246007911866,61.78520168989365,61.90971736955722,62.03632845309837,62.164560808474356,62.293932470495,62.423955401125525,62.554137299342656,62.683983454319076,62.81299863514869,62.940689009735394,63.066564084996834,63.19013865997006,63.310934783070365,63.428483704279614,63.54232781276956,63.65202255019552,63.7571382897118,63.857262170656185,63.95199987885422,64.04097736250502,64.1238424738434,64.20026652690986,64.26994576220385,64.33260270931025,64.38798743914917,64.43587869805718,64.47608491656725,64.50844508648466,64.53282950062717,64.54914035049288,64.55731217793242
60.483802487329115,60.491665733238946,60.50736419692889,60.53084190123349,60.562015078257744,60.6007724071039,60.64697533132876,60.70045845649632,60.76103002826857,60.82847249146198,60.90254313048989,60.98297479155491,61.06947668685507,61.16173528089214,61.259415258836746,61.36216057655981,61.46959559177216,61.58132627523572,61.69694150073844,61.81601441201429,61.93810386435246,62.06275593812077,62.18950552088359,62.317877954249376,62.44739074098035,62.57755530731605,62.70787881487047,62.83786601584753,62.967021144809614,63.09484983958409,63.220861083450735,63.34456916023483,63.46549561348895,63.58317120057927,63.697137832140115,63.80695048716501,63.91217909373561,64.01241036536979,64.1072495828917,64.19632231184244,64.27927604553186,64.35578176415162,64.42553540065839,64.48825920452877,64.54370299504122,64.5916452962902,64.6318943467764,64.66428897718691,64.68869935073441,64.70502756129089,64.71320808542741
60.635325304044514,60.64319730313767,60.658913239679954,60.6824170696142,60.71362492503661,60.7524253523188,60.79867963008228,60.852222167404534,60.91286098268523,60.980378263584974,61.05453100847976,61.135051749779436,61.22164935934956,61.31400993615871,61.41179777605999,61.51465642334551,61.62220980347642,61.734063435977255,61.84980572614879,61.96900933380438,62.091232616739966,62.21602114616935,62.34290929079835,62.471421865656616,62.60107584122271,62.731382107765945,62.861847289290345,62.991975600790276,63.12127074205108,63.249237820566904,63.37538529574036,63.49922693593871,63.62028377961087,63.73808609126655,63.85217530277513,63.96210593023785,64.06744745644586,64.16778616888277,64.26272694317787,64.35189496201252,64.43493735959348,64.51152478209934,64.58135285477937,64.64414354686029,64.69964642585606,64.74763979349804,64.78793169615794,64.82036080332098,64.84479714852672,64.86114272797383,64.86933195291401
60.78707417115729,60.79495492727396,60.810688344336945,60.83421831137303,60.865460860428016,60.90430440509141,60.950610058986356,61.0042120346301,61.06491812306171,61.132510254690075,61.20674514174066,61.28735500270069,61.374048368968886,61.466510973832506,61.5644067236679,61.66737875101807,61.77505054891589,61.887027185455736,62.00289659725792,62.122230960006604,62.244588133789925,62.36951318044828,62.49653994960051,62.62519272946698,62.75498795799807,62.885435989258276,63.01604290939603,63.14631239595172,63.27574761367985,63.403853139498665,63.53013690868599,63.65411217390633,63.77529946826498,63.89322856317417,64.00744041150719,64.1174890662476,64.22294356467773,64.32338976803432,64.4184321465473,64.50769549984933,64.5908266028653,64.66749576758305,64.73739831139748,64.80025592313949,64.85581791842542,64.90386237651477,64.94419715154355,64.97666075172042,65.00112308083844,65.01748603737042,65.02568396722195
60.93904927511376,60.94693879209638,60.96268969735275,60.98624581296397,61.0175230708918,61.056409751889504,61.10276680451659,61.15642824465075,61.21720163588838,61.28486865127448,61.35918571677723,61.43988473683526,61.52667390224351,61.619238580454166,61.717242288212056,61.82032774614111,61.928118014664605,62.04021771025859,62.1562143006636,62.27567947723024,62.398170602123436,62.52323222758781,62.6503976839305,62.77919073232649,62.90912727796473,63.03971713845942,63.170465861862574,63.30087658801102,63.43045194637954,63.55869598306871,63.68511610898281,63.809225060835715,63.93054286615019,64.0485988030045,64.16293334504263,64.2731000819021,64.37866760513747,64.47922134952977,64.57436537970821,64.66372411206319,64.74694396205281,64.8236949073134,64.89367195722308,64.9565965200736,65.01221765945489,65.06031323204041,65.10069089963687,65.13318900908276,65.15767733436472,65.17405767618192,65.18226431504948
61.091250802255594,61.099149083945356,61.114917485069796,61.138499760735534,61.16981174277994,61.20874157906793,61.25515005303316,61.30887098383558,61.36971170753783,61.43745363972717,61.5118529199885,61.592641138591844,61.679526145588596,61.77219294245239,61.87030465613317,61.97350359516491,62.08141238718191,62.1936351968561,62.30975902284887,62.42935507196679,62.55198020824116,62.67717847409993,62.80448268030899,62.933416060766476,63.06349398765974,63.19422574191574,63.32511633324192,63.45566836352348,63.58538392671576,63.713766537845494,63.84032308320052,63.96456578330252,64.08601415984339,64.20419699733776,64.31865428995924,64.42893916378111,64.53461976440715,64.63528109995161,64.7305268292406,64.81998098522986,64.90328962373526,64.98012238786593,65.05017397882781,65.11316552423354,65.16884583551702,65.21699254664962,65.25741312700634,65.28994576198019,65.31446009568023,65.33085783097566,65.33907318296843
61.24367893881029,61.2515859890552,61.26737189372104,61.290980340923404,61.32232706233235,61.36130007287204,61.40775999078775,61.46154043844648,61.52244852428162,61.590265406321166,61.66474693765991,61.74562439426358,61.832605285309455,61.92537424614043,62.02359401375369,62.126906484422456,62.234933852814216,62.347279831605945,62.46353095017701,62.5832579305902,62.70601713852947,62.83135210637844,62.95879512513885,63.08786890119701,63.21808827350373,63.34896198605206,63.47999450996278,63.61068790892634,63.74054374112725,63.86906499027371,63.99575801778679,64.12013452775417,64.24171353579794,64.36002333262279,64.47460343271236,64.58500649833887,64.69080022894005,64.79156920575123,64.88691668159561,64.97646630580239,65.05986377436095,65.13677839568757,65.20690456265913,65.26996312206377,65.32570263305315,65.37390050677853,65.41436402009258,65.44693119684995,65.47147155121851,65.48788668819003,65.49611075741308
61.39633387089908,61.404249693542695,61.42005310943056,61.44368773965241,61.47506921567795,61.514085419437976,61.56059680392308,61.6144367946275,61.6754122722725,61.74330413721943,61.8178679559579,61.89883469003154,61.98591150759521,62.07878267771797,62.177110547283725,62.28053660013355,62.38868259779073,62.50115180074419,62.617530268899095,62.73738823936334,62.86028157925284,62.985753310699614,63.11333520470268,63.24254943990666,63.37291032178922,63.50392605716923,63.63510057833417,63.76593541053113,63.89593157592912,64.02459152666935,64.15142109906269,64.2759314805145,64.39764118033521,64.5160779951872,64.63078095962369,64.74130227189634,64.84720918505676,64.94808585325133,65.04353512309233,65.13318026009598,65.2166666002466,65.29366311709182,65.36386389502742,65.42698949987506,65.48278823837072,65.5310372987394,65.57154376520101,65.60414549999675,65.62871188728572,65.64514443412584,65.65337722468722
61.54921578452976,61.55714038341799,61.57296131820592,61.596622142935935,61.62803838883372,61.6670978047873,61.71366067846619,61.76756023841401,61.828603137552776,61.89657001847134,61.971216160942504,62.05227221195801,62.13944499851909,62.2324184232669,62.330854442812495,62.43439412840069,62.54265880822289,62.65525129039219,62.77175716514231,62.89174618441985,63.01477371656056,63.14038227321448,63.2681031051592,63.39745786306543,63.52796031869318,63.65911814144424,63.790434724535785,63.92141105452251,64.05154761731175,64.18034633322665,64.30731251322196,64.43195682777794,64.55379727965187,64.67236117122587,64.78718705688921,64.89782667064972,65.00384681895221,65.10483122864004,65.20038233992175,65.29012303430092,65.37369828757576,65.45077673826262,65.52105216211476,65.584244843845,65.64010283764793,65.68840310870276,65.72895254850302,65.76158885759207,65.78618129004718,65.80263125495375,65.81087277095705
61.70232486559382,61.71025824457566,61.72609670594629,61.749783736676896,61.78123476770445,61.82033741482913,61.86695180032965,61.92091095572691,61.982021306046335,62.05006323600896,62.124791738554734,62.20593714599543,62.293205944040956,62.38628166875579,62.48482588632185,62.58847925520659,62.69686267010086,62.809578486552276,62.92621182491744,63.0463319517771,63.169493736473335,63.29523917995589,63.4230990125491,63.5525943567124,63.6832384502599,63.81453842493115,63.945997134626204,64.07711502696414,64.2073920513357,64.33632959600874,64.4634324463306,64.58821075561102,64.71018201981383,64.82887304680268,64.94382191057467,65.0545798806628,65.16071331668611,65.2618055179789,65.35745851813897,65.4472948144683,65.5309590223998,65.60811944524622,65.67846954996517,65.74172934001726,65.79764661692496,65.84599812270655,65.88659055603581,65.91926145566941,65.94387994554096,65.96034733670601,65.96859758225727
61.85566129987427,61.863603462796384,61.879459458435555,61.90317270665531,61.93465853807771,61.97380443535356,62.02047035531088,62.074489132367944,62.135666963565484,62.203783975652534,62.278594874618946,62.359829677973586,62.44719452999906,62.54037260003133,62.63902506366095,62.74279216641668,62.85129436929852,62.96413357510216,63.08089443411125,63.20114572733053,63.32444182489531,63.45032421683162,63.578323112784595,63.70795910677071,63.83874490241338,63.970187093559204,64.10178799453736,64.23304751378596,64.36346506393812,64.49254150095317,64.61978108432317,64.74469344994779,64.86679558675537,64.98561380785256,65.10068570661127,65.21156208786255,65.31780886418545,65.41900890719107,65.51476384366427,65.60469578651914,65.68844899063478,65.76569142395671,65.83611624448976,65.89944317429845,65.95541976210487,66.00382252665652,66.04445797369921,66.07716348012785,66.10180803966227,66.11829286527968,66.1265518444835
62.009225273032605,62.01717622374672,62.03304976133732,62.05678923854335,62.088309885628675,62.12749905204019,62.17421652909421,62.22829495402704,62.28954029580199,62.35773242309671,62.43262575484007,62.51394999360897,62.601410942115095,62.69469140282353,62.79345216057062,62.89733304777586,63.00595409157157,63.11891674180264,63.235805178488874,63.35618769685273,63.479618167604535,63.60563756962528,63.733775591655025,63.86355229903205,63.99447986095452,64.12606433312618,64.25780749007004,64.38920870079508,64.51976684092448,64.64898223386193,64.77635861300813,64.90140509659683,65.02363816628286,65.14258364017837,65.25777863079942,65.36877347804949,65.47513364724738,65.57644158206871,65.67229850228934,65.76232613623499,65.84616837806149,65.9234928601725,65.99399243146222,66.0573865324597,66.11342245895736,66.16187650631537,66.20255498725746,66.23529511672852,66.25996575817253,66.27646802643223,66.28473574339279
62.163016970618855,62.17097671297374,62.186867800203224,62.210633517895275,62.24218899590972,62.281421450446636,62.328190507241835,62.38232860626912,62.443641488329725,62.51190876392837,62.58688456480871,62.668298278494305,62.75585536599034,62.849238262738886,62.94810736266528,63.05210208490515,63.16084202254102,63.27392817228877,63.39094424369382,63.511458045991795,63.635022950253564,63.76117942399638,63.889456634823,64.01937411916363,64.15044351155038,64.28217032930658,64.41405580689997,64.5455987736633,64.67629756797007,64.80565198041663,64.93316521805812,65.05834588123007,65.18070994406462,65.29978272944759,65.41510086880517,65.52621423688412,65.63268785152904,65.73410372826739,65.83006267966327,65.92018604926639,66.00411737032364,66.08152393953213,66.15209829651897,66.21555960013282,66.27165489310993,66.32016024730967,66.3608817823347,66.39365655109472,66.4183532866904,66.4348730057839,66.44314946460555
62.31703657806191,62.32500511590856,62.34091376046564,62.36470573014208,62.39629605436079,62.43557181601605,62.48239247519891,62.53659027454753,62.597970726609105,62.66631318360422,62.741371489989156,62.82287471810205,62.910527987103606,63.00401336526563,63.102990855437525,63.20709946330508,63.315958347720056,63.42916805207384,63.54631181524384,63.66695696026957,63.790656358372445,63.916949965477336,64.04536642782577,64.17542475270321,64.30663603974256,64.43850526764155,64.57053313057077,64.7022179179394,64.83305743061831,64.96255092615577,65.09020108501625,65.21551598938649,65.33801110564035,65.45721126119669,65.57265260615736,65.68388454989548,65.7904716625513,65.8919955313056,65.9880565613006,66.07827571112281,66.16229615292823,66.2397848475371,66.31043402515705,66.37396256281335,66.43011725005563,66.47867393512928,66.51943854441308,66.55224796870831,66.57697081069792,66.59350798881637,66.60179319360218
62.47128428067262,62.47926161786265,62.495187827438144,62.519006060603054,62.5506312462998,62.58995033406873,62.63682261829167,62.69108014419174,62.752528195970086,62.820945867466996,62.89608671572849,62.97767949778526,63.065428990817,63.15901689576747,63.25810282425839,63.36232536835041,63.47130325248692,63.58463656654404,63.701908078530096,63.82268462508567,63.94651857735978,64.07294937947084,64.20150515606802,64.33170438506339,64.46305763094493,64.59506933354503,64.72723964649342,64.85906631903302,64.99004661428448,65.11967925649282,65.24746639929154,65.37291560647375,65.49554183641303,65.61486942082281,65.73043402825395,65.8417846024745,65.94848526570718,66.05011717656728,66.1462803325808,66.23659530717664,66.32070491124156,66.398275769551,66.46899980273722,66.53259560585533,66.58880971514418,66.63741775511829,66.67822545884093,66.71106955491243,66.73581851553669,66.75237316086691,66.76066711571934
62.62576026364144,62.633746404028194,62.649690186312924,62.67353469446865,62.70519475692366,62.744557189806535,62.791481121726704,62.8457984004113,62.907314081628705,62.97580700073335,63.05103042725278,63.13271280277447,63.220558562360175,63.314249039485524,63.413443454373926,63.51777998529353,63.6268769220986,63.74033390095983,63.857733218820854,63.97864122570749,64.10260979249018,64.22917785125422,64.35787300483044,64.4882132015204,64.61970847043571,64.7518627122986,64.88417553995274,65.01614416222723,65.1472653042428,65.27703715670366,65.40496134615823,65.53054491776051,65.65330232164757,65.77275739359013,65.88844532035232,65.99991457987295,66.10672884623877,66.20846884929182,66.30473417873914,66.39514502266007,66.4793438304916,66.55699689079657,66.62779581447485,66.69145891447182,66.74773247358526,66.79639189248569,66.83724271082036,66.8701214949072,66.8948965864055,66.91146870713378,66.91977141615632
62.78046471204016,62.78845965947551,62.80442102216265,62.82829181681562,62.859986771307526,62.899392568308336,62.946368170581884,63.00074522829167,63.062328568674744,63.13089676850051,63.20620280965791,63.28797481817413,63.37591688684715,63.46970998153253,63.569012930902986,63.67346349926084,63.78267954168559,63.89626024045507,64.0137874212501,64.13482694727485,64.25893018890632,64.38563556597352,64.51447015926078,64.64495138722647,64.7765887433645,64.90888558905263,65.04134099609546,65.1734516326668,65.30471368564062,65.43462481192944,65.56268611075053,65.68840410838384,65.8112927464761,65.93087536462266,66.04668666757276,66.15827466720741,66.26520258925945,66.36705073458488,66.46341828487361,66.55392504266534,66.63821309576575,66.71594839635515,66.78682224544673,66.85055267373598,66.90688571044667,66.95559653229577,66.99649048541028,67.0294039737489,67.05420520835838,67.07079481267242,67.0791062799644
62.935397810814955,62.94340156915275,62.959380519936104,62.98327761259574,63.01500747440762,63.05445665452888,63.101483949820775,63.15592081279629,63.217571842076225,63.286215355738875,63.361604047923315,63.443465728963794,63.531504149260705,63.62539990690271,63.72481143884188,63.829376095247184,63.93871129624919,64.05241577003774,64.17007087082831,64.29124197480155,64.41547995162311,64.5423227086438,64.67129680437473,64.80191912719803,64.93369863475009,65.06613814881834,65.19873619993666,65.33098891536406,65.46239194348573,65.5924424071758,65.72064087807632,65.84649336333757,65.9695132958896,66.0892235189097,66.20515825489449,66.31686504945114,66.42390667973498,66.52586301740928,66.62233283594341,66.71293555214312,66.79731289200723,66.87513047116683,66.9460792805881,67.00987706857447,67.06626961065129,67.1150318594652,67.15596896752865,67.18891717635566,67.2137445663079,67.23035166239089,67.23867189205454
63.09055974478963,63.09857231788409,63.11456886445807,63.13849226663355,63.17025705105059,63.20974963330276,63.25682864427685,63.31132533876334,63.37304408667371,63.44176294729532,63.51723432689713,63.59918571999644,63.68732053446151,63.7813190004525,63.88083916305314,63.98551795812452,64.09497237066209,64.20880067458005,64.32658375243413,64.4478864931684,64.57225926552161,64.6992394641489,64.82835312505654,64.95911660631486,65.09103832947288,65.22362057648009,65.35636133635352,65.48875619519345,65.62030026265317,65.75049012731161,65.8788258329938,66.00481286748165,66.12796415474003,66.24780204129402,66.36386026716005,66.47568591143934,66.58284130249552,66.68490588258769,66.78147801675969,66.87217673590206,66.9566434040196,67.03454330002613,67.10556710468676,67.16943228377437,67.22588435898057,67.27469805877199,67.31567834194942,67.3486612874922,67.3735148450222,67.39013944105774,67.39846843719155
63.24595069866485,63.25397209036933,63.26998624043209,63.293935963633565,63.325735685942824,63.3652716893345,63.41240243866158,63.46695899090529,63.52874548718511,63.59753972788876,63.673093831302616,63.75513497600277,63.84336622717667,63.93746744691918,64.03709628827765,64.14188927263298,64.25146294966841,64.36541513883095,64.48332625081406,64.6047606871242,64.72926831535212,64.85638601723868,64.98563930605528,65.11654400933062,65.24860801228071,65.38133305678397,65.51421659008876,65.64675365689635,65.77843882787352,65.90876815706632,66.03724116022941,66.1633628055367,66.28664550774198,66.40661111648434,66.52279288906935,66.63473743786437,66.74200664222585,66.84417951479459,66.9408540119958,67.03164877860607,67.11620481645885,67.19418706758408,67.26528590239026,67.32921850397156,67.38573014006916,67.43459531484716,67.47561879329676,67.50863649178585,67.53351622912082,67.55015833329136,67.5584960999947
63.40157085701357,63.409601071184774,63.42563283243109,63.44960888817158,63.481443563660875,63.5210230072051,63.56820551755462,63.622821953809485,63.68467622819679,63.75354588211014,63.829182745735544,63.91131368157621,63.99964141200992,64.09384543090724,64.19358299912051,64.29849022338202,64.40818321787931,64.52225934740447,64.64029855058544,64.76186474128434,64.88650728573289,65.01376255252951,65.14315553198672,65.27420152085575,65.40640786778587,65.53927577433596,65.6723021457469,65.80498148507253,65.93680782374493,66.06727668103025,66.19588704436978,66.32214336207807,66.44555753946676,66.56565092904643,66.68195630517958,66.79401981327722,66.90140288346713,67.00368409856817,67.10046100618038,67.19135186477438,67.27599731383833,67.35406195834632,67.42523585819819,67.48923591366464,67.54580713840473,67.59472381217365,67.63579050605092,67.66884297371034,67.69374890307901,67.71040852356305,67.71875506493502
63.55742040428436,63.56545944477577,63.581508824904404,63.60551122469917,63.63738086865963,63.677003771368994,63.724238065413964,63.77891441193281,63.840836494172834,63.90978159442392,63.9855012546625,64.06772202119079,64.15614627343167,64.25045313688945,64.3502994800577,64.45532099484961,64.56513335977641,64.67933348478061,64.79750083623065,64.91919884013144,65.04397636114525,65.17136925450275,65.30090198733136,65.43208932537074,65.56443808046302,65.69744891360958,65.8306181877951,65.96343986418285,66.09540743472354,66.22601588365461,66.35476366985604,66.48115472154497,66.60470043434324,66.72492166339933,66.84135069990408,66.953533222083,67.0610302106194,67.16341981829746,67.26029918369089,67.35128617878233,67.43602108052585,67.5141681566742,67.58541715646082,67.64948469719829,67.7061155383291,67.755083735088,67.79619366454368,67.82928091759688,67.85421305122482,67.87089019620011,67.87924551633722
63.71349952479721,63.72154739546602,63.737614402173634,63.76164315753531,63.79354778525885,63.83321416615012,63.880500266565825,63.93523654960309,63.99722646944193,64.06624704916413,64.14204954241787,64.22436017917988,64.31288099578377,64.40729074921074,64.50724591543619,64.61238177138442,64.7223135597055,64.83663773530726,64.9549332920961,65.07676316801388,65.20167572593505,65.32920630750321,65.45887885643174,65.5902076072133,65.72269883464752,65.85585265893549,65.98916490056203,66.12212897855014,66.25423784512626,66.38498594924856,66.51387122099302,66.64039706823137,66.76407437665927,66.88442350382589,67.00097625751332,67.11327784854325,67.22088880793429,67.32338685822594,67.42036872876825,67.51145190485717,67.59627630073946,67.67450584677958,67.7458299813862,67.80996503877063,67.86665552403703,67.91567526777808,67.95682845296122,67.98995050762429,68.01490885773241,68.03160353537395,68.03996763837384
63.86980840273905,63.87786510744221,63.89394974842955,63.91800487087464,63.94994449765365,63.98965437574597,64.03699230520792,64.09178855102088,64.15384633820489,64.22294243053345,64.29882779320943,64.38122833975503,64.4698457632756,64.56435845208016,64.66442248946794,64.76967273719673,64.87972400188032,64.99417228319842,65.1125961023959,65.23455790914308,65.35960556431176,65.48727389573965,65.61708632349206,65.74855655058639,65.8811903145372,66.01448719450534,66.14794246823266,66.28104901235675,66.41329923912582,66.54418706197819,66.67320988193777,66.79987058628706,66.92367955055568,67.04415663445435,67.16083316213188,67.27325387677415,67.38097885951814,67.48358540245097,67.58066982549798,67.67184922707874,67.7567631585528,67.83507521272492,67.90647451703077,67.970677122433,68.02742727956887,68.07649859428267,68.11769505533606,68.15085192782313,68.17583650663204,68.19254872511436,68.20092161507179
64.0263472221738,64.03441276476691,64.05051504773361,64.07459654878033,64.10657118990808,64.14632458421897,64.19371436540492,64.24857060025474,64.31069628453372,64.37986792260313,64.4558361911077,64.53832668698819,64.62704075998116,64.72165642957414,64.82182938622893,64.92719407636434,65.03736487038032,65.15193731253154,65.270489451206,65.39258324759483,65.51776606035136,65.64557220328098,65.77552457257922,65.90713633955056,66.03991270418835,66.17335270437225,66.30695107485403,66.44020014963867,66.57259180075356,66.70361940586747,66.83277983670627,66.95957545972112,67.08351614002979,67.20412123927838,67.32092159773832,67.43346149074318,67.54130054933198,67.64401563492437,67.74120265782076,67.8324783293795,67.91748183788702,67.99587643842604,68.06735094729987,68.13162113208541,68.18843098882122,68.23755389849015,68.27879365554992,68.311985362072,68.33699618179936,68.35372594929613,68.36210763030425
64.1831161670316,64.19119055137185,64.20731048401728,64.2314183751809,64.26342804595373,64.3032249755046,64.35066663109477,64.4055828812401,64.46777649236388,64.5370237093116,64.61307492005282,64.69565540482017,64.78446616984307,64.87918486563709,64.97946678966059,65.0849459728318,65.19523634914542,65.30993300724705,65.42861352246462,65.55083936730375,65.67615739798387,65.80410141405754,65.93419378761988,66.0659471580279,66.19886618751963,66.33244937244588,66.46619090432732,66.5995825742919,66.73211571389822,66.86328316479525,66.99258126916833,67.11951187239193,67.24358432893536,67.36431750213413,67.48124174816283,67.59390087427349,67.70185406118418,67.80467773944544,67.9019674095298,67.99333939553877,68.07843252251574,68.15690970764663,68.2284594559517,68.29279725147478,68.34966683553554,68.39884136413629,68.44012443733779,68.4733509941017,68.49838806695784,68.5151353916381,68.52352586779453
64.34011542110962,64.34819865105186,64.36433624107876,64.38847053387836,64.4205152495913,64.46035573340066,64.50784928607553,64.56282557777786,64.62508714549827,64.69440997446264,64.77054416384983,64.85321467705909,64.94212217666738,65.03694394407266,65.13733488357175,65.24292861040409,65.35333862198013,65.46815955114823,65.58696849997439,65.70932645206965,65.83477976100572,65.96286171185973,66.09309415239731,66.22498918979856,66.35805094830229,66.49177738249075,66.6256621404125,66.75919647006893,66.89187116230055,67.02317852249553,67.1526143630484,67.27968000801398,67.40388430097401,67.52474560671703,67.64179379709117,67.75457221103501,67.86263957873864,67.9655718996659,68.06296426426564,68.15443260919065,68.23961539606078,68.31817520400104,68.38980022658941,68.45420566420079,68.5111350033025,68.56036117480825,68.6016875842768,68.63494900748472,68.6600123456815,68.6767772357148,68.68517651110774
64.49734516807112,64.5054372474744,64.5215925025823,64.54575320853736,64.5778329844854,64.61771704157549,64.66526251401591,64.72029887353827,64.78262842760698,64.85202690172808,64.92824410617106,65.01100468737167,65.10000896412414,65.19493384855217,65.29543385163016,65.40114217274859,65.51167187255143,65.62661712789745,65.7455545673935,65.8680446855493,65.99363333307011,66.1218532803375,66.25222585055717,66.38426261850063,66.51746717016609,66.65133691813327,66.78536496672493,66.91904202057582,67.05185832955912,67.18330566255572,67.31287930192273,67.44008005015587,67.56441623970177,67.6854057365739,67.80257792805423,67.91547568455448,68.02365728550629,68.12669829908666,68.22419340551617,68.31575815381481,68.40103064199275,68.47967311094997,68.5513734426668,68.61584655370663,68.67283567555941,68.72211351393385,68.76348327979414,68.79677958564407,68.82186920138818,68.83865166493975,68.84705974366247
64.65480559144855,64.66290652416909,64.67907945205958,64.70326658268733,64.73538143416833,64.77530908356313,64.8229064984491,64.87800295205324,64.94040052222417,65.00987467463898,65.08617493054768,65.16902561929459,65.25812671574754,65.35315476260955,65.45376387736715,65.55958684339411,65.67023628438706,65.78530592102032,65.90437190824603,66.02699425125952,66.15271829768925,66.28107630299563,66.41158906560045,66.54376762762595,66.67711503660088,66.81112816285003,66.94529956673645,67.07911940927164,67.21207739912397,67.3436647684151,67.47337626922138,67.60071218223311,67.72518032852658,67.84629807509816,67.96359432443779,68.07661147819753,68.18490736484605,68.28805712105533,68.38565501662144,68.47731621273606,68.56267844362735,68.6414036117997,68.7131792874817,68.77772010328422,68.83476903558841,68.8840985647918,68.92551170716135,68.95884291184603,68.983958817341,69.00075886257504,69.00917574871674
64.81249687463581,64.82060666453194,64.836797272907,64.86101083972619,64.89316078203738,64.93313204275628,64.98078142277238,65.03593799672066,65.098403612745,65.16795347659212,65.24433682037746,65.32727765622187,65.41647561493174,65.51160686963448,65.61232514417512,65.71826280572925,65.82903204087174,65.94422611390085,66.0634207059092,66.18617533257697,66.31203483823285,66.4405309631986,66.57118398088177,66.70350440052474,66.83699473094411,66.97115129997509,67.10546612376689,67.23942881947049,67.37252855429914,67.50425602336723,67.63410544822604,67.76157658751559,67.88617675070445,68.00742280553467,68.12484316947041,68.2379797751895,68.3463899999689,68.44964854877198,68.54734928076647,68.63910696913058,68.72455898412966,68.80336688970375,68.87521794417901,68.93982649606707,68.99693526651998,69.04631651050222,69.0877730494928,69.12113916920268,69.14628137665038,69.16309901172701,69.171524709378
64.97041920089292,64.97853785182231,64.99474614838196,65.0189861629123,65.05117121135129,65.09118610241704,65.1388874702425,65.19410419079966,65.25663788242996,65.32626349084984,65.40272995891854,65.48576098141189,65.57505584493177,65.67029035288388,65.77111783530314,65.87717024300632,65.98805932525192,66.10337788977928,66.22270114362011,66.34558811272925,66.47158313792517,66.60021744416545,66.73101077961479,66.86347312040053,66.99710643639199,67.13140651269177,67.26586482099196,67.39997043433902,67.533211978238,67.66507961055174,67.79506702206575,67.92267344912257,68.04740568934184,68.16878011097646,68.28632464623807,68.39958075859703,68.50810537392843,68.61147276527538,68.70927638098098,68.8011306060188,68.88667244650767,68.96556312766167,69.03748959574592,69.10216591503661,69.15933455132533,69.20876753403329,69.25026748974985,69.28366854066975,69.3088370622634,69.32567229534263,69.3341068085902
65.12857275334244,65.13670026916031,65.15292626160718,65.17719273536775,65.20941290523115,65.24947144566613,65.29722482398427,65.35250171741072,65.41510351439854,65.48480490052815,65.56135452928778,65.6444757779798,65.73386758886376,65.82920539546963,65.9301421338645,66.03630933832825,66.14731832063121,66.26276143175436,66.38221340447308,66.50523277480616,66.63136337984868,66.76013592897,66.89106964486304,67.02367397031146,67.15745033599372,67.29189398403872,67.42649584144228,67.56074443689049,67.69412785394361,67.82613571296412,67.9562611737195,68.0840029500201,68.20886732739092,68.33037017436392,68.44803893766513,68.56141461133402,68.67005366962574,68.77352995345589,68.87143650014232,68.96338730626232,69.04901901361401,69.12799250851666,69.19999442501621,69.26473854301693,69.32196707281943,69.37145181819034,69.41299521073424,69.4464312090434,69.47162605697868,69.48847889621666,69.49692222914766
65.28695771496584,65.29509409953212,65.31133779556781,65.33563074007687,65.36788604666141,65.40798825548698,65.45579366697756,65.5111307595363,65.5738006916327,65.64357788860751,65.72021071446443,65.8034222289052,65.89291102970111,65.98835218036217,66.0893982228249,66.19568027466178,66.30680920996886,66.42237692278125,66.54195767141678,66.66510950175194,66.79137574693918,66.92028660053894,67.0513607595485,67.18410713316604,67.31802661264946,67.45261389690658,67.58735936799205,67.72175100999364,67.85527636426959,67.98742451344219,68.11768808601632,68.2455652730226,68.37056184765477,68.49219317848437,68.60998622652465,68.72348151615978,68.83223506980801,68.93582029604825,69.03382982097105,69.12587725257086,69.21159886814443,69.29065521494994,69.36273261466522,69.42754456267262,69.48483301365881,69.53436954562628,69.57595639508983,69.60942735696227,69.63464854342865,69.65151899697894,69.65997115367844
65.4455742686099,65.45371952578131,65.46998093310607,65.49430035988244,65.52659081848364,65.56673671472281,65.61459418206665,65.66999150001597,65.73272959697115,65.80258263792754,65.87929869728582,65.96260051701861,66.05218635027596,66.14773089039188,66.24888628501114,66.35528323482623,66.46653217608,66.58222454566888,66.70193412725358,66.82521847636076,66.95162042198362,67.08066964165418,67.2118843064384,67.3447727917269,67.47883544910698,67.61356643403188,67.74845558337117,67.88299033636319,68.01665769192034,68.14894619467763,68.27934794163295,68.40736060079216,68.53248943277913,68.65424930597226,68.77216669543505,68.88578165568005,68.99464975706505,69.09834397562639,69.19645652602908,69.28860062749408,69.3744121926395,69.45355142949352,69.52570434720923,69.5905841565126,69.64793255634484,69.69752089883117,69.73915122530207,69.77265716690836,69.79790470408949,69.814792780105,69.82325376465698
65.60442259697794,65.61257673061094,65.62885585692625,65.65320177748893,65.68552740340301,65.72571700607479,65.77362655195054,65.82908412155193,65.89189041311424,65.96181933118395,66.0386186604456,66.12201082501366,66.2116937332772,66.30734170824162,66.40860650310256,66.51511840149738,66.6264874016349,66.7423044830822,66.8621429546411,66.98555988128204,67.11209758762489,67.24128523494777,67.37264046816011,67.50567112860485,67.63987702796904,67.77475177800761,67.90978467015532,68.04446259855948,68.17827201944542,68.31070093920577,68.44124092308789,68.56938911583298,68.69465026525528,68.81653873930198,68.93458052686069,69.04831521234033,69.1572979138306,69.2611011746104,69.35931679772395,69.45155761342633,69.53745916948017,69.61668133451334,69.68890980500734,69.75385750688308,69.81126588321602,69.86090606013671,69.90257988369645,69.9361208212003,69.96139472127886,69.97830042790677,69.98677024439424
65.76350288263312,65.77166589658577,65.78796274959203,65.81233517545775,65.84469598397924,65.88492931210361,65.93289095919101,65.98840880670028,66.05128332261592,66.12128815093047,66.19817078649487,66.28165333543825,66.37143336124792,66.46718481645381,66.56855905963492,66.67518595720611,66.78667506915853,66.90261691753895,67.02258433609114,67.14613389901889,67.27280742635476,67.40213356290032,67.53362942718233,67.66680232626042,67.80115153168434,67.9361701112671,68.07134681076816,68.2061679789967,68.3401195292399,68.47268892940785,68.60336721274919,68.73165100050032,68.85704452742162,68.97906166079554,69.09722790310595,69.21108236843259,69.32017972237999,69.4240920752628,69.52241081830206,69.61474839259952,69.70073998088333,69.78004511221957,69.85234917025595,69.91736479597436,69.97483317645198,70.02452521171494,70.06624255243821,70.09981850199729,70.12511877715069,70.14204212253627,70.15052077504166
65.92281530799613,65.93098720612377,65.94730179352185,65.97170073620796,66.00409674263295,66.04437381522824,66.09238758620117,66.14796573787636,66.21090850788883,66.28098927957663,66.35795525784094,66.44152823069531,66.53140541658843,66.62726039742131,66.72874413699736,66.83548608433574,66.94709536102675,67.06316203140743,67.18325845396292,67.30694071192346,67.4337501205161,67.5632148078475,67.69485136582918,67.82816656700794,67.96265914255419,68.0978216160981,68.23314218748156,68.36810665992911,68.50220040354488,68.63491034751065,68.76572699282961,68.89414643698788,69.01967240145916,69.1418182526188,69.2601090063198,69.37408330609053,69.48329536482991,69.58731685968395,69.68573876985033,69.77817314708902,69.86425480891268,69.9436429446614,70.01602262499333,70.08110620581182,70.13863461806741,70.18837853557238,70.23013941352751,70.26375039129609,70.28907705369606,70.30601804598565,70.31450553858762
66.08236005534566,66.09054084150536,66.10687317099375,66.1312986420174,66.16372986163742,66.2040506977194,66.25211661525486,66.30775509735066,66.3707661512017,66.44092289938746,66.5179722567436,66.60163569304329,66.69161008155147,66.78756863339342,66.88916191743184,66.99601896512128,67.10774845946848,67.22394000690998,67.3441654904696,67.46798050219974,67.59492585230504,67.72452915197094,67.85630646626973,67.98976403300036,68.12440004271762,68.2597064746291,68.39517098241198,68.53027882346161,68.66451482444975,68.79736537558509,68.92832044538297,69.05687560733489,69.18253406938567,69.30480869677565,69.42322401848973,69.53731820728503,69.64664502313933,69.7507757098175,69.84930083429794,69.9418320588065,70.02800383546884,70.10747501372319,70.179930351094,70.24508191825844,70.30267038991934,70.35246621355897,70.39427064880661,70.4279166709313,70.45326973274786,70.47022838007872,70.47872471685503
66.2421373068139,66.25032698486189,66.26667706414074,66.29112907501728,66.32359552312299,66.3639601417098,66.41207822847936,66.46777706724585,66.53085643467475,66.60108919248276,66.67822196532009,66.76197590459147,66.85204753824321,66.94810970646797,67.04981258303245,67.15678478165013,67.26863454656491,67.38495102611515,67.50530562767426,67.62925345189774,67.75633480375836,67.8860767772986,68.01799491052238,68.15159490624625,68.28637441417145,68.42182486883891,68.55743337752234,68.69268465153753,68.82706297388455,68.96005419554542,69.09114775230672,69.2198386934216,69.34562971306875,69.4680331751152,69.58657312144898,69.70078725383216,69.81022887910397,69.91446880744505,70.0130971934082,70.1057253095047,70.19198724228607,70.27154150113276,70.34407253027103,70.40929211501773,70.46694067370025,70.51678842735613,70.5586364399501,70.59231752257254,70.6176969959692,70.63467330647876,70.64317849150792
66.40214724438914,66.4103458181811,66.4267136549483,66.45119221719186,66.48369390907604,66.5241023291795,66.57227260785693,66.6280318295437,66.69117954028489,66.76148834083116,66.83870456553602,66.92254904730412,67.01271796861924,67.1088837985992,67.21069631574599,67.31778371586114,67.42975380424362,67.54619527094675,67.66667904748608,67.79075974291997,67.91797715676786,68.04785786571023,68.17991688045227,68.31365936859335,68.44858243874826,68.58417698054835,68.71992955461667,68.85532432594886,68.98984503362142,69.1229769891493,69.25420909534078,69.38303587697287,69.50895951421201,69.63149186932243,69.75015649686517,69.8644906273827,69.97404711436056,70.07839633418382,70.17712802878718,70.2698530807705,70.35620521094081,70.4358425884484,70.50844934407343,70.57373697762787,70.63144565093602,70.68134535848517,70.72323696846813,70.75695312772558,70.78235902486279,70.79935300668684,70.80786704404314
66.5623900499141,66.57059752330613,66.5869831252607,66.61148825038332,66.64402520133586,66.68447744196644,66.73269993521806,66.78851956607062,66.85173564986064,66.92212052626017,66.9994202392127,67.08335530299358,67.17362155449143,67.26989109158889,67.37181329736622,67.47901594954097,67.59110641428342,67.70767292317284,67.8282859316653,67.95249955701324,68.07985309307033,68.2098725989277,68.34207255776734,68.47595760174059,68.61102429813022,68.74676299142328,68.88265969534574,69.01819802832799,69.15286118527735,69.28613393799442,69.4175046560665,69.5464673395465,69.67252365435887,69.79518496092362,69.91397432624693,70.028428509428,70.1380999103831,70.24255847149281,70.34139352187452,70.43421555403147,70.52065792284374,70.60037845706728,70.67306097388393,70.73841668745959,70.79618550299092,70.84613718829745,70.88807241570906,70.92182366773076,70.94725600076312,70.96426766203274,70.97279055578984
66.722865905084,66.73108228193082,66.74748565676754,66.7720173562847,66.80458958159107,66.84508566175971,66.89336039225148,66.94924045851434,67.01252494507919,67.08298593044387,67.16036916801913,67.2443948533279,67.3347584775171,67.43113176708795,67.53316370953542,67.64048166432262,67.75269255831074,67.86938416440928,67.99012646181698,68.11447307577184,68.24196279424524,68.37212115852023,68.50446212402329,68.6384897872249,68.77370017384183,68.909583082971,69.04562398120068,69.1813059401489,69.31611161030709,69.44952522351822,69.58103461590079,69.7101332625482,69.83632231489295,69.95911263128467,70.07802679094142,70.19260108129674,70.30238744848077,70.40695540066456,70.5058938539471,70.59881291054685,70.68534555924074,70.7651492882241,70.83790760092336,70.90333142572351,70.96116041106117,71.011164097981,71.053142962852,71.08692932376246,71.11238810483997,71.12941745368275,71.13794920791459
66.88357499144634,66.89180027560265,66.90822143101978,66.93277971643882,66.96538723138481,67.00592717009947,67.05425416049613,67.11019468840733,67.17354760747287,67.24408473490755,67.321551533476,67.40566787981966,67.49612891920427,67.59260600659793,67.69474773375107,67.80218104169525,67.91451241780136,68.03132917612068,68.15220081939378,68.27668048063575,68.40430644172083,68.53460372590175,68.66708576061977,68.80125610643128,68.93661024724963,69.0726374365425,69.20882259351548,69.34464824272763,69.47959649001015,69.6131510269997,69.74479915610591,69.87403382721469,70.00035567703706,70.12327506160663,70.2423140721311,70.357008524152,70.46690990980001,70.57158730282777,70.67062920611725,70.76364533141262,70.85026830121136,70.93015526298163,71.0029894062447,71.06848137345897,71.12637055617843,71.17642626855827,71.21844879091181,71.25227027682648,71.2777555180958,71.29480256263625,71.30334318141102
67.04451749039912,67.05275168571855,67.06919062940976,67.09377551224131,67.12641833211138,67.16700214837684,67.21538142133612,67.27138243713534,67.33480381842072,67.40541712102713,67.48296751695466,67.56717456383203,67.65773306090841,67.7543139914671,67.85656555134817,67.96411426298502,68.07656617407459,68.19350813961516,68.31450918569259,68.4391219528897,68.56688421676827,68.69732048232531,68.82994364879497,68.96425674058463,69.0997546995641,69.23592623332952,69.37225571346153,69.50822511721692,69.64331600552033,69.77701152955564,69.90879845777829,70.03816921462685,70.16462392184764,70.28767243292909,70.40683635083454,70.52165101899622,70.63166747532418,70.73645435894716,70.83559975933046,70.92871299755961,71.01542632967154,71.09539656224271,71.16830657073321,71.23386671153747,71.29181611920353,71.34192388088093,71.38399008073297,71.41784670776171,71.44335842136378,71.46042316972282,71.46897265711294
67.2056935831906,67.21393669352747,67.23039343318634,67.2550049249387,67.28768306501382,67.32831077783281,67.37674235601126,67.4328038859286,67.49629375915077,67.56698327002415,67.64461729966993,67.72891508657686,67.81957108383456,67.91625590289055,68.01861734351597,68.1262815093703,68.23885400829316,68.35592123604606,68.47705174185451,68.60179767366152,68.72969630050025,68.86027160889344,68.9930359696346,69.1274918707511,69.26313371183215,69.39944965436248,69.53592352205237,69.67203674461295,69.80727033781227,69.94110691214073,70.07303270185335,70.20253960569705,70.32912723021967,70.4523049261248,70.57159380790863,70.68652874666284,70.79666032586782,70.90155674981793,71.00080569436727,71.09401608974973,71.18081982536583,71.26087336673758,71.33385927510804,71.39948762066821,71.45749728083175,71.50765711563653,71.5497670129909,71.5836587972392,71.60919699530977,71.62627945560654,71.63483781567575
67.36710345091755,67.375355480125,67.39183002344616,67.41646813562417,67.44918161118322,67.48985323955529,67.53833714560793,67.59445921586978,67.65801761074118,67.72878336297187,67.80650106268797,67.89088962911138,67.98164316903072,68.0784319219105,68.18090329128401,68.28868296187105,68.40137610147082,68.51856864641393,68.63982866886552,68.76470782392289,68.89274287387319,69.02345728654443,69.1563629040621,69.29096167783683,69.42674746494404,69.56320788051276,69.69982620014137,69.83608330574599,69.97145966769854,70.10543735554752,70.23750206910148,70.36714518117779,70.49386578288156,70.61717272190504,70.73658662403932,70.85164188782257,70.96188864208214,71.06689465607252,71.16624719183979,71.25955478857847,71.34644896887556,71.42658585702846,71.49964769991796,71.56534428138595,71.62341422158877,71.67362615333678,71.71577976819378,71.74970672575849,71.77527142042722,71.7923716007739,71.80093883759106
67.52874727452762,67.5370082264581,67.55350058113288,67.57816532524025,67.61091415156196,67.65162971448116,67.7001659710556,67.75634860788809,67.81997555411412,67.89081758078619,67.96861898692002,68.0530983723385,68.14394949739388,68.24084222941022,68.34342357552951,68.45131880135246,68.56413263446122,68.68145055155792,68.80284014755094,68.92785258448488,69.056024117686,69.18687769606105,69.3199246328425,69.45466634259182,69.5905961396278,69.72720109248954,69.86396392841674,70.00036498128762,70.13588417582898,70.27000304040266,70.40220674013004,70.53198612165373,70.65883976039999,70.78227600081242,70.90181497975222,71.01699062297426,71.12735260444619,71.23246825817388,71.33192443219293,71.42532927447174,71.51231394060817,71.59253421351222,71.66567202554174,71.73143687405863,71.78956712182855,71.8398311743299,71.88202852667794,71.9159906736483,71.94158187704123,71.9586997855512,71.9672759031784
67.69062523481409,67.69889511331898,67.71540528703672,67.74009667457838,67.77288086693356,67.81364038339397,67.86222901313704,67.91847224275998,67.98216777003971,68.05308610423229,68.13097125312105,68.21554149700697,68.3064902496615,68.40348700612137,68.50617837697209,68.61418920852394,68.72712378795728,68.84456713215927,68.96608635858185,69.0912321360033,69.21954021257734,69.35053301806559,69.48372133657944,69.61860604559803,69.75467991645137,69.89142947083961,70.02833688740519,70.16488195174195,70.30054404268736,70.43480414717129,70.56714689538,70.69706260754458,70.82404934317208,70.94761494322283,71.06727905540001,71.18257513245514,71.29305239327665,71.39827773641547,71.49783759570043,71.59133972768703,71.67841492080474,71.7587186164111,71.83193243219168,71.89776557888295,71.95595616173921,72.00627235878761,72.04851346860765,72.08251082106808,72.1081285453047,72.12526419008505,72.13384919258357
67.85273751241566,67.86101632134718,67.87754432179695,67.90226236427205,67.93508193793296,67.97588542692543,68.02452645247813,68.08083030110275,68.144594439133,68.21558911391669,68.29355804189309,68.37821918370905,68.46926560641985,68.5663664326193,68.66916787617465,68.77729436393689,68.89034974250059,69.0079185687452,69.1295674824682,69.2548466589727,69.38329133902192,69.51442343301649,69.64775319571423,69.78278096728323,69.91899897581804,70.05589319594722,70.1929452574697,70.32963439745089,70.46543944859445,70.59984085614852,70.73232271512782,70.86237481910487,70.98949471142913,71.11318972934609,71.2329790311719,71.34839559642971,71.45898818871683,71.56432327092071,71.66398686246923,71.7575863283113,71.84475208953609,71.92513924577916,71.9984290999031,72.06433057588043,72.12258152132785,72.17294988671244,72.21523477397801,72.24926734800324,72.27491160519867,72.29206499435331,72.30065888578501
68.01508428781966,68.02337203102746,68.0399178658976,68.06466257480126,68.09751754503908,68.13836502554776,68.18705846954578,68.24342296338233,68.3072557418516,68.37832679029262,68.4563795336807,68.54113161288245,68.63227574809326,68.72948068931693,68.83239225354046,68.940634447982,69.0538106784678,69.17150504167991,69.29328369955735,69.41869633372505,69.54727767734042,69.6785491212143,69.81202039052921,69.94719128790206,70.08355349796659,70.22059244803212,70.3577892188083,70.49462249859383,70.63057057370226,70.76511334746831,70.8977343794818,71.02792293641843,71.15517604523377,71.27900053922262,71.39891508708311,71.51445219489504,71.62516017074309,71.73060504164638,71.83037241243262,71.9240692562587,72.0113256266979,72.09179628149793,72.16516220854437,72.23113204490716,72.28944338043792,72.33986393793543,72.38219262260861,72.41626043426766,72.44193123653082,72.45910237815993,72.46770516258148
68.17766574135287,68.18596242268758,68.20252609966468,68.22729748649614,68.26018786857422,68.30107935958,68.34982524465802,68.40625040991019,68.47015185850015,68.54129931365367,68.61943590877006,68.7042789648044,68.79552085495088,68.89282995647433,68.99585168931729,69.10420964089245,69.2175067760778,69.33532673116692,69.45723519003975,69.58278134043206,69.71149940768369,69.8429102627934,69.97652310113887,70.1118371875561,70.24834366297627,70.38552740714773,70.52286895145609,70.6598464351757,70.79593759800166,70.93062180109402,71.06338206838306,71.19370713940377,71.32109352447993,71.44504755272314,71.56508740298577,71.68074510767659,71.79156851915775,71.8971232283747,71.99699442535407,72.09078869127772,72.17813571201727,72.2586899032769,72.33213193780911,72.39817016564147,72.45654191873645,72.5070146921123,72.54938719414625,72.58349025950058,72.60918761893419,72.62637652113445,72.63498820260389
68.34048205319321,68.34878767650258,68.36536920327089,68.3901672795228,68.42309308870352,68.4640286091862,68.51282695796971,68.56931282083457,68.63328296922319,68.70450686414017,68.78272734729102,68.86766141959325,68.95900110710262,69.05641441418713,69.15954636358998,69.26802012274175,69.38143821539109,69.49938381725158,69.62142213394166,69.74710185910622,69.87595671004472,70.00750703772864,70.14126150749745,70.27671884617878,70.41336965075516,70.55069825318441,70.68818463527471,70.82530638704213,70.96154070130864,71.09636639682125,71.22926596160387,71.35972760781024,71.48724732889299,71.61133094954894,71.73149615855507,71.84727451443057,71.9582134135951,72.06387801071709,72.16385308082405,72.2577448129361,72.3451825250482,72.42582029065018,72.499338467216,72.5654451175883,72.62387731571536,72.67440232872406,72.71681866806324,72.75095700316685,72.77668093186804,72.79388760273206,72.80250818530257
68.50353340335562,68.51184797248904,68.52844735673118,68.55327213389387,68.58623338543659,68.62721295436964,68.67606378948076,68.73261037614922,68.79664925400465,68.86794962172848,68.94625402921325,69.03127915720958,69.12271668449729,69.22023424239622,69.32347645628326,69.4320660734391,69.54560517630199,69.6636764798106,69.78584471112835,69.91165806959243,70.04064976425167,70.17233962582485,70.3062357893928,70.4418364435316,70.57863164104887,70.7161051658633,70.85373644996807,70.99100253387074,71.12738006327733,71.26234731427809,71.39538623874664,71.52598452121464,71.65363763802966,71.77785090922931,71.89814153329934,72.01404059463722,72.12509503351677,72.23086956811298,72.33094855826249,72.42493780063053,72.51246624516678,72.59318762298182,72.66678197611188,72.73295708008156,72.79144975069488,72.84202702707765,72.88448722365762,72.91866084455494,72.94441135461813,72.96163580223353,72.9702652899583
68.66681997169906,68.67514349050428,68.69176073990215,68.71661222946368,68.74960893862304,68.79063257497411,68.83953591903303,68.89614325569124,68.96025089267442,69.03162776623918,69.11001613434668,69.19513235745536,69.28666776692243,69.38428962087546,69.48764214716161,69.5963476727366,69.71000783854643,69.82820489856513,69.95050310129788,70.07645015157163,70.20557874996662,70.3374082067292,70.471446126447,70.60719015921804,70.74412981343696,70.88174832473948,71.01952457506357,71.15693505516546,71.29345586338982,71.42856473292306,71.56174307924577,71.69247805902795,71.82026463126715,71.94460761112545,72.06502370655059,72.18104352761048,72.29221355820823,72.39809807982587,72.49828103691131,72.59236783358918,72.67998705158216,72.76079207945816,72.83446264366606,72.90070623227257,72.95925940281518,73.00988896630504,73.052393040051,73.08660196278092,73.11237906628958,73.12962129874153,73.13825969567101
68.8303419379273,68.83867441024876,68.85530953247962,68.8801877459273,68.91321992795588,68.95428765069211,69.00324352630618,69.05991163913299,69.12408806490066,69.19554147733025,69.27401384234132,69.35922119996748,69.45085453400752,69.54858072924057,69.65204361582393,69.76086510021972,69.87464638169317,69.99296925306777,70.11539748398823,70.24147828456418,70.37074384668965,70.50271295991709,70.6368926981165,70.77278017267204,70.90986434732802,71.04762790920024,71.18554918992652,71.32310413026642,71.45976828095833,71.59501883204202,71.72833666236147,71.85920840048267,71.98712848782193,72.11160123441982,72.23214285747183,72.34828349248703,72.45956916678456,72.56556372495024,72.665850695841,72.76003509085638,72.84774512331931,72.92863383908988,73.00238064887533,73.06869275314358,73.1273064510441,73.17798832535897,73.22053629618635,73.25478053677976,73.28058424581415,73.29784427118258,73.306491581366
68.99409948157606,69.00244091126015,69.01909391400379,69.04399886281925,69.07706653296538,69.11817836104494,69.16718679082192,69.22391570599034,69.2881609501867,69.35969093449893,69.43824733268437,69.52354586422469,69.61527716521711,69.7131077469443,69.8166810417111,69.92561853531062,70.03952098515241,70.15796972270928,70.28052803857139,70.40674264791848,70.53614523374998,70.66825406469738,70.8025756836875,70.93860666315877,71.07583542196512,71.21374409846283,71.35181047374834,71.48950993833893,71.62631749512533,71.76170979075265,71.89516716718472,72.02617572464547,72.15422938672992,72.27883195812772,72.39949916505016,72.51576066822652,72.62716203818411,72.73326668239848,72.83365771394512,72.92793975130874,73.01574063923489,73.09671308071154,73.17053617055562,73.23691682149676,73.2955910741692,73.34632528301799,73.38891717083106,73.42319674530971,73.44902707194474,73.46630489830748,73.4749611257897
69.1580927820294,69.16644317292067,69.18311406385176,69.20804575951513,69.24114893302054,69.28230488540065,69.33136589194059,69.38815563561532,69.45246972787959,69.52407631708273,69.60271678470353,69.68810652953965,69.77993583985422,69.87787085327467,69.98155460409498,70.09060815726885,70.20463182816187,70.32320648671208,70.44589494425155,70.5722434208232,70.70178309031479,70.83403170021751,70.96849526228155,71.10466980977353,71.24204321641838,71.38009707157624,71.51830860555201,71.65615265838365,71.79310368486118,71.92863778799638,72.06223477263325,72.19338021040713,72.32156750685594,72.44629996108694,72.5670928080989,72.68347523362169,72.79499235117142,72.90120713091379,73.00170226994041,73.09608199364082,73.18397377800372,73.26502998298021,73.33892938734726,73.40537861595817,73.46411345080244,73.51490001788072,73.55753584257553,73.59185076695283,73.61770772325461,73.63500335868353,73.64366850751068
69.32232201850516,69.33068137444664,69.34737016123852,69.37232861522581,69.40546730733377,69.44666740296344,69.49578100885981,69.55263160719697,69.6170145771607,69.68869780425358,69.76742237755806,69.85290337506532,69.9448307370544,70.04287022735754,70.14666448208705,70.25583414518603,70.36997908980038,70.48867972413565,70.61149838006685,70.73798078229575,70.8676575953774,71.0000460454456,71.13465161285049,71.27096979144486,71.40848790959389,71.54668700741604,71.68504376418858,71.82303246922135,71.96012702896272,72.0958030025467,72.2295396574515,72.36082203648441,72.4891430268917,72.61400542196272,72.73492396525666,72.85142736728244,72.96306028433405,73.06938524905854,73.1699845423705,73.26446199637195,73.35244471812409,73.43358472437757,73.50756047771416,73.57407831497086,73.6328737593754,73.68371270836741,73.72639248982762,73.76074278010967,73.78662637814094,73.80393983070432,73.81261390491778
69.48678737006094,69.49515569489509,69.51186238521845,69.53684760900558,69.57002183494963,69.61126609277353,69.66043232061223,69.71734379976449,69.78179567704989,69.85355557501904,69.93236429024749,70.01793657978419,70.10996203579198,70.20810604814936,70.31201085462945,70.42129667799291,70.53556294897649,70.6543896138703,70.77733852488845,70.90395491118322,71.03376892776939,71.1662972791925,71.30104491417576,71.43750678693061,71.57516968022104,71.71351408468843,71.8520161283376,71.990149549505,72.12738770605758,72.26320561300199,72.39708200020816,72.52850138142034,72.65695612535102,72.78194851924147,72.90299281498386,73.01961724764477,73.1313660160808,73.23780121521821,73.33850470959581,73.43307993784363,73.52115363791648,73.60237748320434,73.67642961993883,73.74301609680664,73.8018721781416,73.85276353271944,73.89548729081963,73.92987296300184,73.95578321481679,73.97311449257856,73.98179749621912
69.65148901559101,69.65986631315826,69.67659091468444,69.7016029197385,69.73481269475208,69.77610113370869,69.82532000607077,69.88229239218172,69.94681320640098,70.01864980822612,70.09754270160549,70.18320632252052,70.27532991487682,70.37357849444322,70.4775939004988,70.58699593444437,70.70138358443067,70.82033633463611,70.9434155574191,71.07016598617061,71.20011726614746,71.33278558008924,71.4676753448663,71.60428097481437,71.74208870686185,71.88057848192746,72.01922587650556,72.15750407771543,72.29488589459557,72.43084579778494,72.56486197930002,72.6964184235825,72.8250069805742,72.95012943123668,73.07129953556559,73.1880450529682,73.29990972464752,73.40645520760255,73.50726294980348,73.60193599621894,73.6901007155242,73.77140843758112,73.84553699212482,73.91219213955037,73.9711088851745,74.0220526689961,74.0648204235992,74.0992414936719,74.12517841131776,74.14252752233763,74.15121945944259
69.81642713382419,69.82481340796708,69.84155592836122,69.86659472614954,69.89984006545976,69.94117270448257,69.99044424394388,70.04747756314646,70.11206734390228,70.18398068255408,70.26295779029957,70.34871278192978,70.44093455294599,70.53928774486715,70.64341379830651,70.75293209313617,70.86744117474055,70.98652006499037,71.10972965619199,71.23661418576803,71.36670278899962,71.4995111266032,71.63454308336539,71.77129253351254,71.90924516790228,72.04788037749417,72.1866731870262,72.32509623215881,72.46262177285428,72.59872373514304,72.73287977294773,72.86457334116153,72.99329577072457,73.118548336082,73.23984430510993,73.3567109613324,73.46869158808813,73.57534740424117,73.67625944099768,73.77103034947912,73.85928612890713,73.94067776545018,74.01488277219569,74.0816066211072,74.14058405836447,74.19158029507388,74.23439206603597,74.26884854997758,74.2948121454985,74.31217909783045,74.32087997243586
69.98160190332767,69.98999715788393,70.00675760481015,70.03182320680007,70.06510412562572,70.10648098364426,70.15580521276948,70.21289949119188,70.2775582680812,70.34954837651452,70.4286097348309,70.51445613649948,70.60677612847722,70.70523397787964,70.80947072649438,70.91910533249313,71.03373589830838,71.15294098331798,71.27628099957052,71.4032996883149,71.53352567464371,71.66647409702715,71.80164830793815,71.93854164126587,72.0766392415573,72.2154199495751,72.35435823805874,72.49292619096232,72.63059551893562,72.76683960314911,72.9011355591921,73.03296631217316,73.16182267378659,73.28720541173472,73.40862730154696,73.52561515064072,73.63771178427737,73.74447798298523,73.84549436100403,73.94036317542826,74.02871005584541,74.11018564457191,74.18446713789469,74.25125971920649,74.31029787542462,74.36134658865568,74.40420239581674,74.43869430959772,74.46468459502752,74.48206939672147,74.49077921286141
70.14701350250158,70.15541774130881,70.1721961224311,70.19728854007992,70.23060505364104,70.2720261495759,70.32140309092547,70.37855835468547,70.44328615729128,70.51535306845457,70.5944987135353,70.68043656454881,70.77285481977493,70.8714173717691,70.97576486333374,71.08551583076843,71.20026793336783,71.31959926783149,71.44306976574654,71.57022267198163,71.70058610122727,71.83367466948097,71.96899119667962,72.10602847614247,72.24427110586845,72.38319737618336,72.52228120758502,72.66099413208363,72.7988073107632,72.93519357969897,73.06962951590128,73.2015975144514,73.33058786756881,73.45610083597546,73.57764870262518,73.69475779861376,73.80697049091286,73.91384712150254,74.01496788746746,74.10993465168627,74.19837267394072,74.27993225252652,74.35429026677993,74.4211516113896,74.48025051388068,74.53135172725409,74.57425159044264,74.60877895002739,74.6347959373942,74.65219859649794,74.66091735820189
70.31266210958137,70.32107533647726,70.33787165945444,70.36299090421598,70.39634302772649,70.43780838049366,70.48723805661875,70.54445433182592,70.60925118972366,70.68139493655232,70.76062490457734,70.84665424423254,70.93917080497725,71.03783810465862,71.14229638693065,71.2521637660462,71.36703745798826,71.48649509657506,71.61009613274226,71.73738331476756,71.867884246722,72.00111302191138,72.13657192751282,72.27375321603522,72.41214093870165,72.55121283515619,72.69044227341473,72.82930023329988,72.96725732608898,73.10378584251235,73.23836182076381,73.37046712565824,73.49959152969971,73.6252347864018,73.74690868591597,73.86413908279536,73.9764678855065,74.0834549972827,74.18468019785338,74.27974495569545,74.36827416060977,74.44991776671,74.52435233623028,74.59128247501579,74.65044215107883,74.7015958881988,74.74453982723806,74.77910264857593,74.80514634990215,74.8225668744574,74.8312945857547
70.47854790263239,70.48697012145182,70.5037843939413,70.52893047727171,70.56231822593641,70.60382785444581,70.65331028789284,70.71058760064673,70.77545354340103,70.84767415881927,70.92698848595477,71.01310935353128,71.10572426205076,71.20449635449778,71.30906547521697,71.41904931624137,71.53404465005893,71.65362864742107,71.7773602784068,71.90478179449515,72.03542028892763,72.16878933209455,72.30439067818237,72.44171603866614,72.58024891774667,72.71946650415461,72.85884161318131,72.99784467221373,73.13594574248152,73.2726165691297,73.40733265128952,73.53957532327146,73.66883383762939,73.79460744043355,73.9164074288106,74.03375918054722,74.14620414539421,74.25330178763292,74.35463146944295,74.44979426471188,74.53841469308645,74.62014236433612,74.69465352344113,74.76165248726393,74.82087296418013,74.87207924864127,74.91506728333843,74.94966558237334,74.97573600967233,74.99317440771495,75.00191107263312
70.64467105955632,70.65310227413352,70.66993450378939,70.69510743713654,70.72853082615893,70.7700847493113,70.81961996261663,70.87695833901068,70.94189339617488,71.0141909130958,71.09358963549597,71.17980207026201,71.27251536879483,71.37139229906748,71.4760723059542,71.5861726590961,71.70128968730376,71.82100009806813,71.94486238041559,72.07241828881783,72.20319440547003,72.33670377762942,72.47244762626292,72.60991712157622,72.74859522052078,72.88795856066557,73.0274794043361,73.16662762624861,73.30487273733468,73.44168593691273,73.57654218480897,73.70892228459061,73.83831496862479,73.96421897530982,74.08614510851802,74.20361826904974,74.31617944772835,74.42338766967839,74.52482187933404,74.6200827558116,74.70879444842504,74.79060622243608,74.86519400542235,74.93226182512565,74.99154313016288,75.04280198554234,75.08583413569353,75.1204679283632,75.1465650936406,75.16402137320274,75.17276699576631
70.81103175808342,70.81947197225088,70.8363221667276,70.86152196153448,70.89498100611127,70.93657924280336,70.98616725849493,71.04356672460958,71.10857092572957,71.18094537705143,71.26042853085677,71.34673257206515,71.43954430283408,71.53852611597857,71.64331705673273,71.75353397218117,71.86877274727028,71.98860962604378,72.11260261626985,72.24029297521265,72.37120677380017,72.50485653593941,72.64074294914793,72.77835664213538,72.91718002435904,73.05668918199358,73.19635582415943,73.33564927264945,73.47403848786323,73.61099412304313,73.74599059847264,73.8785081867349,74.00803509977578,74.13406956808738,74.25612190206321,74.37371652529963,74.48639396947902,74.5937128203618,74.69525160444537,74.79061060588378,74.87941360349079,74.96130951785578,75.03597395900046,75.10311066541132,75.16245282581725,75.21376427568163,75.2568405610707,75.29150986329692,75.31763377855667,75.3351079476669,75.3438625318954
70.97763017577647,70.98607939336534,71.0029475603099,71.02817422801843,71.06166894334172,71.10331151246396,71.15295235306228,71.21041293497046,71.27548630957699,71.34793772818928,71.42750534952575,71.5139010364114,71.60681124162572,71.70589798266549,71.81079990497099,71.92113343289257,72.03649400733303,72.15645740869735,72.28058116329967,72.4084060309809,72.53945757119602,72.67324778427378,72.80927682405917,72.94703477753232,73.08600350642197,73.225658545271,73.36547104974628,73.50490978848482,73.64344317110036,73.78054130452412,73.91567806925104,74.04833320664432,74.1779944079887,74.30415939564203,74.42633798629257,74.5440541261126,74.65684788742946,74.76427741643978,74.8659208215047,74.96137799163655,75.05027233496737,75.13225242725403,75.20699356081492,75.27419918474156,75.33360222775167,75.38496629565127,75.42808673605205,75.46279156375056,75.48894224098441,75.50643430766281,75.51519785757742
71.14446649002826,71.15292471486794,71.16981086192835,71.19506441397382,71.22859481522863,71.27028173566165,71.31997542367974,71.37749714744366,71.44263972505853,71.51516814383571,71.5948202688162,71.68130764060179,71.77431636245004,71.87350807639245,71.97852102791394,72.08897121845412,72.20445364469498,72.32454362320898,72.44879819865493,72.57675763325169,72.70794697475606,72.84187769970224,72.97804942803873,73.11595170477841,73.25506584369137,73.39486682744526,73.5348252580175,73.67440935063932,73.81308696390064,73.95032765817668,74.08560477393371,74.21839752107373,74.34819306998719,74.47448863466686,74.59679353786701,74.71463124811856,74.82754137818401,74.9350816344869,75.03682970706197,75.13238508959049,75.22137081935237,75.30343512711009,75.37825298732238,75.44552755955154,75.5049915123837,75.55640822185582,75.59957283702968,75.63431320610628,75.66049065729977,75.67800062956488,75.68677314918166
71.31154087805903,71.32000811397741,71.33691224879757,71.3621926966121,71.39575879897836,71.43749008959907,71.48723664753905,71.54481953921268,71.6100313493448,71.6826368011489,71.7623734658723,71.8489525617631,71.94205984241707,72.04135657425195,72.14648060263026,72.25704750591491,72.37265183638175,72.4928684465791,72.61725389931628,72.74534795897145,72.87667516140174,73.01074645912217,73.14706093795112,73.2851076007097,73.42436721297229,73.56431420529049,73.70441862571163,73.84414813581921,73.98297004293757,74.12035336064035,74.25577088912623,74.3887013065957,74.51863126231254,74.64505746166877,74.76748873326432,74.88544806776636,74.99847461815683,75.10612565089265,75.20797843747715,75.30363207608106,75.39270923295747,75.47485779370805,75.54975241478982,75.6170959660932,75.6766208559479,75.72809023051519,75.77129904020988,75.80607496655958,75.83227920369094,75.84980708955503,75.8585885828913
71.4788535169192,71.48732976774569,71.50425189796279,71.5295592529756,71.56316107162769,71.60493675130267,71.65473620166057,71.71238028728399,71.7776613594311,71.85034387711288,71.93016511766021,72.01683597684473,72.11004185846093,72.20944365315702,72.3146788060161,72.42536247214835,72.54108875924169,72.66143205563496,72.78594844207898,72.91417718491645,73.04564230787942,73.17985423924577,73.31631153048087,73.45450264198155,73.59390779088595,73.73400085539515,73.87425132938597,74.01412632054951,74.15309258470116,74.29061858837444,74.42617659125334,74.55924473960411,74.6893091613222,74.81586605297471,74.938423748777,75.05650476131662,75.16964778358415,75.27740964185823,75.37936718892526,75.47511912725797,75.56428775190602,75.6465206031523,75.72149201929793,75.78890458042687,75.84849043448924,75.9000124976577,75.943265521612,75.978077021121,76.00430805616125,76.02185386363178,76.03064433469605
71.64640458348644,71.65488985304547,71.67182998630057,71.69716425993158,71.73080181003864,71.77262189762679,71.82247426288674,71.88017956849369,71.94552993214147,72.01828954853505,72.09819540097764,72.18495806262904,72.27826258734288,72.37776948985092,72.48311581479123,72.59391629385327,72.70976458995104,72.83023462702363,72.95488200356982,73.0832454876806,73.21484859075507,73.34920121661074,73.48580138213725,73.62413700506711,73.7636877538756,73.90392695417071,74.04432354541758,74.18434408117243,74.32345476550171,74.46112351765147,74.59682205655534,74.73002799630198,74.86022694318994,74.98691458472418,75.10959876051567,75.22780150484667,75.34106105050927,75.44893378340163,75.55099613739645,75.64684641908235,75.73610655213635,75.81842373135682,75.89347197673894,75.96095357842684,76.02060042386394,76.07217519912842,76.11547245706402,76.15031954560818,76.17657739051968,76.1941411276,76.20294058040189
71.81419425446539,71.82268854658078,71.83964669050658,71.86500789417734,71.89868119090119,71.94054570525608,71.99045100789537,72.04821755950508,72.11363724412743,72.18647399205291,72.26646449244224,72.35331899571587,72.44672220564824,72.54633426089799,72.65179180549994,72.7627091475475,72.878679505007,72.99927633721848,73.12405476023157,73.25255304368206,73.38429418641807,73.5187875675774,73.6555306692436,73.79401086626353,73.93370727820337,74.0740926778458,74.21463545000097,74.3548015938503,74.49405676146533,74.63186832456257,74.76770746108969,74.90105125271354,75.03138478390312,75.15820323287248,75.28101394439679,75.3993384742448,75.51271459479156,75.62069825135266,75.72286545868994,75.8188141273292,75.90816580939733,75.99056735404741,76.06569246282068,76.13324313577843,76.19295099973999,76.24457851057834,76.28792002220796,76.3228027156524,76.34908738239088,76.3666690570789,76.37547749562442
71.98222270638914,71.99072602488258,72.00770218711332,72.03309033223458,72.06679939073068,72.10870835069571,72.15866661317997,72.21649443680309,72.28198347186125,72.35489738412805,72.43497256850156,72.52191895253557,72.61542088978416,72.71513814268664,72.82070695450886,72.93174120957707,73.04783368072808,73.16855736251206,73.29346688833097,73.42210002915739,73.5539792710751,73.68861346832237,73.82549956794848,73.96412440168129,74.10396653994957,74.24449820246744,74.3851872191478,74.52549903455781,74.66489874853194,74.80285318501674,74.93883298072654,75.0723146846763,75.20278285926499,75.32973217318653,75.4526694761607,75.57111584521549,75.68460859210322,75.79270322135028,75.89497532841992,75.99102242758417,76.08046569924925,76.16295164676013,76.23815365305472,76.30577342797683,76.36554233759634,76.41722260746948,76.46060839249209,76.49552670669085,76.52183820720538,76.53943782749204,76.5482552557871
72.1504901156128,72.15900246430563,72.17599665246672,72.20141175044957,72.2351565858676,72.27711001027882,72.32712125506697,72.38501037670164,72.45056879164271,72.52355990104373,72.60371980542175,72.69075810933884,72.78435881598409,72.88418131142909,72.98986143800718,73.10101265610894,73.21722729325303,73.33807787901883,73.4631185639561,73.59188662016557,73.72390402075466,73.8586790948413,73.99570825421577,74.13447778725484,74.27446571501216,74.41514370389625,74.55597902868641,74.69643657909116,74.83598090246112,74.97407827473447,75.1101987911529,75.24381846784134,75.374421344892,75.50150158125014,75.62456553135446,75.74313379327477,75.85674321792864,75.96494886885081,76.06732592201047,76.16347149524539,76.25300639706387,76.33557678484357,76.41085572276785,76.47854463032759,76.53837461271864,76.59010766507615,76.63353774317692,76.6684916939772,76.69483004020566,76.71244761407668,76.72127403612409
72.31899665831983,72.32751804103101,72.34453026274909,72.36997232499535,72.40375295247652,72.4457508601649,72.49581510970272,72.55376555533688,72.61939337959578,72.69246171890804,72.77270637929622,72.85983664219596,72.95353616030302,73.0534639431575,73.15925543200541,73.27052366312684,73.38686051854589,73.50783806267435,73.63300996301042,73.76191299258072,73.89406861130374,74.02898462294877,74.16615690382864,74.30507119873083,74.44520497910554,74.58602935781546,74.72701105426219,74.86761440305625,75.00730339882551,75.14554376925376,75.28180506787112,75.4155627776711,75.54630041621209,75.67351163245796,75.79670228533774,75.91539249374827,76.0291186475612,76.13743536911785,76.23991741469838,76.33616150551825,76.42578807802101,76.50844294345407,76.58379884709517,76.65155691794473,76.71144800020603,76.76323385847905,76.80670824933175,76.84169785256638,76.86806305644257,76.88569859187959,76.89453401167518
72.48774251051431,72.4962729310622,72.51330319395734,72.53877223186731,72.57258866654911,72.61463107633286,72.6647483530584,72.7227601486677,72.78845741166472,72.8616030136526,72.94193246603838,73.02915472700973,73.12295309861581,73.22298621372714,73.32888911233788,73.44027440644258,73.55673353238828,73.67783808923187,73.80314126122185,73.9321793221036,74.0644732183862,74.19953022827971,74.33684569238405,74.47590481167695,74.61618450776065,74.75715533971879,74.89828347133569,75.03903268187702,75.1788664130112,75.31724984392447,75.45365198619297,75.5875477894459,75.7184202484681,75.84576250201512,75.96907991328277,76.08789212177699,76.20173505610845,76.3101628972268,76.4127499815264,76.50909263342056,76.59881091711257,76.6815502975572,76.75698320098027,76.82481046575386,76.88476267496202,76.93660136256857,76.9801200858313,77.01514535732505,77.0415374307717,77.05919093575338,77.0680353572935
72.6567278480278,72.66526731022839,72.68231562191905,72.70781164688512,72.74166390389722,72.78375083458744,72.83392116092811,72.89199433247445,72.95776106362054,73.03098396102939,73.11139824138544,73.19871253949366,73.29260980662113,73.39274829881452,73.49876265465353,73.61026506167998,73.7268465103819,73.84807813426441,73.97351263413536,74.10268578424501,74.23511801748519,74.3703160862829,74.50777479530097,74.64697880147371,74.78740447632549,74.92852182491687,75.06979645517919,75.21069159079249,75.35067012021737,75.48919667390854,75.62573972124511,75.75977367825422,75.89078101671362,76.01825436493895,76.14169859017235,76.26063285230585,76.37459261848669,76.48313162806244,76.58582379735127,76.68226505377987,76.77207508913989,76.854899021929,76.93040895917325,76.99830544848469,77.05831881170292,77.11021035204327,77.15377342736188,77.18883438292657,77.21525333785972,77.23292482035542,77.2417782476344
72.82595284651177,72.83450135417957,72.85156772228197,72.8770907456939,72.91097884015579,72.95311031055579,73.00333370892756,73.06146828236336,73.12730451105165,73.20060473661593,73.28110388089688,73.36851025518627,73.4625064598376,73.56275037391649,73.66887623442909,73.7804958042884,73.89719962794503,74.01855837316725,74.14412425711332,74.27343255433894,74.40600318390169,74.54134237222578,74.67894438781222,74.81829334332028,74.9588650599611,75.10012898853674,75.2415501808825,75.38259130485288,75.52271469546059,75.6613844341828,75.79806844796617,75.93224061899856,76.06338289581453,76.1909873960612,76.31455849080092,76.43361486009861,76.54769150942168,76.65634173631776,76.75913903683357,76.8556789412291,76.94558076870673,77.02848929115149,77.10407629623678,77.17204204067694,77.23211658494749,77.28406100140525,77.32766844841404,77.36276510385233,77.38921095217971,77.40690042015368,77.41576285716329
72.99541768144343,73.00397523838946,73.02105967051237,73.04660970375495,73.08053365078415,73.12270967968765,73.17298617249509,73.23118217376054,73.29708792936994,73.3704655158056,73.45104955994702,73.53854804944946,73.63264323360181,73.73299261434651,73.83923002695172,73.95096680953283,74.067793060317,74.1892789811475,74.31497630533542,74.44441980753341,74.57712889275153,74.71260926119146,74.85035464496505,74.98984861222814,75.13056643364261,75.27197700551665,75.41354482334627,75.5547319989216,75.69500031356617,75.83381329953598,75.97063834110888,76.10494878638966,76.2362260604431,76.3639617700178,76.48765978977085,76.60683831972291,76.72103190344781,76.82979339649573,76.93269587444871,77.02933447021276,77.11932813023202,77.20232127961533,77.27798538653842,77.34602041667745,77.40615616902268,77.45815348496747,77.50180532328594,77.53693769438894,77.56341044801096,77.58111790942148,77.58998936014788
73.16512252811825,73.17368913815241,73.19079164190487,73.21636869635422,73.25032851105878,73.29254911724935,73.34287872688994,73.40113618190918,73.46711149380624,73.54056647381584,73.62123545373477,73.70882609745657,73.80302030307058,73.90347519523957,74.00982420733186,74.12167825249684,74.23862698255463,74.36024013323164,74.48606895379702,74.61564771879138,74.7484953189652,74.88411692807463,75.0220057416225,75.16164478302336,75.3025087721612,75.44406605060895,75.58578055728634,75.7271138476759,75.8675271491705,76.00648344456734,76.14344957523191,76.27789835495321,76.40931068508803,76.53717766125794,76.66100266149472,76.7803034055515,76.89461397491038,77.00348678290767,77.10649448447353,77.20323181497997,77.29331734793722,77.3763951615185,77.45213640424934,77.52024075063639,77.58043773806418,77.63248797684722,77.67618422608064,77.71135232862792,77.73785199943379,77.75557746223832,77.76445793066694
73.33506756165298,73.34364322858595,73.3607638115705,73.38636789859777,73.42036359607796,73.4626287983332,73.51301154719113,73.57133048187863,73.63737537941414,73.71090778568036,73.79166173727795,73.87934457421026,73.9736378432203,74.07419829154821,74.1806589504978,74.29263030807998,74.4097015695299,74.53144200426489,74.65740237731288,74.78711646289608,74.92010263728977,75.0558655475915,75.19389785245954,75.33368203034755,75.47469225011965,75.61639629837804,75.7582575572284,75.89973702560468,76.04029537672469,76.17939504368738,76.3165023247069,76.45108949901841,76.58263694404278,76.71063524403996,76.83458728019305,76.9540102917757,77.06843789795641,77.1774220696714,77.28053504099704,77.37737114958838,77.46754859585079,77.55071111086252,77.62652952334962,77.6947032165156,77.75496146601095,77.80706465096759,77.85080533070764,77.88600918046751,77.9125357803405,77.93027925248579,77.93916874259979
73.50525295698526,73.51383768462259,73.53097635444206,73.55660748541443,73.59063908076254,73.6329488978484,73.68338480829584,73.74176524855328,73.80787976106359,73.88148962625225,73.96232858541353,74.05010365452272,74.14449602884697,74.24516207804214,74.35173443119581,74.46382315100144,74.58101699593358,74.70288476890633,74.8289767505092,74.95882621444098,75.09195102228905,75.22785529426564,75.366031151969,75.50596052865475,75.64711704193375,75.78896792320349,75.9309759975128,76.07260170700616,76.21330517048779,76.35254827111694,76.48979676371574,76.62452239273198,76.75620501141024,76.88433469242979,77.00841381989623,77.1279591523851,77.24250384654793,77.35159943071123,77.45481771791188,77.55175264790073,77.64202204780904,77.72526930145753,77.801164917626,77.86940798807653,77.9297275266046,77.98188368105579,78.0256688108797,78.06090842361033,78.08746196442468,78.1052234538535,78.11412196963074
73.67567888887511,73.68427268102113,73.70142944526916,73.7270876315492,73.76115513985135,73.80350959052271,73.85399868492351,73.91244065663705,73.9786248134434,74.05231217020565,74.13323617279245,74.22110351302697,74.31559503455794,74.41636672930859,74.52305082398347,74.63525695579496,74.75257343626974,74.87456860163063,75.00079224782952,75.1307771478358,75.26404064833594,75.40008634243989,75.53840581445449,75.67848045220853,75.8197833218322,75.96178109927376,76.10393605228779,76.24570806599093,76.38655670453056,76.52594330088363,76.66333306624779,76.7981972100411,76.93001506110235,77.0582761802995,77.1824824544375,77.30215016118001,77.41681199444913,77.52601903975872,77.629342688916,77.726376483585,77.81673787745166,77.90006990691614,77.97604276066683,78.04435523888603,78.1047360933967,78.15694524064341,78.20077484011567,78.23605023156279,78.26263072518375,78.28041023983282,78.28931778525153
73.84634553189552,73.85494839235417,73.87212325862501,73.89780851156587,73.93191194790073,73.97431105090712,74.02485335160898,74.08335688065227,74.14961071106111,74.22337559203176,74.30438467388677,74.39234432417388,74.48693503478111,74.58781241975014,74.69460830324161,74.8069318968111,74.92437106485741,75.04649367672728,75.1728490435319,75.30296943730525,75.43637168962071,75.57255886626561,75.71102201402998,75.8512419750902,75.9926912638525,76.13483600058703,76.27713789551366,76.41905627647758,76.56005015273044,76.69958030682956,76.83711140610195,76.97211412470521,77.10406726684133,77.23245988133085,77.35679335746275,77.47658349176724,77.59136251522959,77.70068107035166,77.80411012751416,77.90124283011683,77.99169625822373,78.07511310065925,78.15116322586603,78.21954514231854,78.27998733973986,78.33224950306727,78.3761235917362,78.41143477763492,78.43804223591772,78.45583978371864,78.46475636275058
74.01725306044405,74.02586499301496,74.04305796889689,74.06877029984875,74.10290967928528,74.14535345336299,74.19594898270556,74.25451409494067,74.32083762824048,74.3946800660343,74.47577426298595,74.56382626223129,74.65851620376124,74.75949932358586,74.86640704316066,74.9788481482116,75.09641005583215,75.21866016829945,75.34514731168613,75.47540325688658,75.60894432014453,75.74527303970704,75.88387992462424,76.0242452711851,76.1658410418456,76.30813280095416,76.45058170095996,76.59264651219496,76.73378568877723,76.87345946259978,77.0111319568857,77.14627331029305,77.27836180215147,77.40688596901238,77.53134670242079,77.65125931755998,77.76615558226587,77.87558569583173,77.97912020701679,78.07635186077458,78.16689736337733,78.25039905590803,78.32652648642392,78.39497787154919,78.4554814387876,78.50779664146455,78.55171523886536,78.58706223493866,78.61369666973367,78.63151225861026,78.64043787522532
74.18840164873238,74.1970226572159,74.21423375029212,74.23997317059931,74.27414850819953,74.31663697207615,74.36728575238554,74.42591247365782,74.49230573912463,74.56622576634065,74.64740511419093,74.7355495012793,74.83033871555622,74.9314276148508,75.03844721774746,75.15100588397812,75.26869058314361,75.39106825026288,75.5176872261763,75.64807878042815,75.78175871372112,75.91822903654058,76.05697971997529,76.19749051419635,76.33923282947106,76.48167167399646,76.6242676422058,76.76647894668284,76.90776348616781,77.04758094165066,77.18539489201196,77.32067494017559,77.45289884036585,77.58155461663574,77.70614266256666,77.82617781177443,77.94119136874092,78.05073308934627,78.15437310053778,78.2517037486408,78.34234136596221,78.42592794568937,78.50213271534011,78.57065359955597,78.63121856350303,78.68358682877995,78.72754995443263,78.76293277639083,78.7895941995349,78.8074278374082,78.81636249557481
74.35979147078956,74.36842155898131,74.3856507768337,74.41141729783173,74.44562860865122,74.48816178104377,74.53886383463643,74.59755219077715,74.66401521766892,74.73801286688693,74.81927740142294,74.90751421521752,75.0024027440417,75.10359746739107,75.2107290008242,75.32340527790019,75.44121282055335,75.56371809634862,75.69046896069773,75.82099618158978,75.95481504397479,76.09142703035639,76.23032157363372,76.37097787763122,76.51286680019916,76.65545279314014,76.79819589263829,76.94055375328551,77.08198371820474,77.22194491724608,77.35990038470312,77.49531918753354,77.62767855462475,77.75646599730332,77.88118141096092,78.00133914743462,78.1164700476398,78.22612342384396,78.3298689809946,78.427298666599,78.51802843883698,78.60169994283234,78.6779820854187,78.74657249912117,78.80719888664335,78.85962023775494,78.90362791116407,78.93904657470617,78.9657349980312,78.98358669281285,78.99253039649741
74.53142270046247,74.54006187215872,74.55730922236263,74.58310285538505,74.6173501544666,74.65992805408217,74.71068340325726,74.76943342008795,74.83596623764609,74.91004154142777,74.99139129841573,75.07972057775616,75.17470846290469,75.27600905487108,75.38325256602496,75.49604650358461,75.6139769416337,75.73660988009934,75.8634926887593,75.99415563384632,76.1281134843413,76.26486719455002,76.40390565895696,76.54470753481067,76.68674312730829,76.82947633162514,76.97236662545455,77.11487110515824,77.25644655800157,77.39655156245315,77.53464860798599,77.67020622535283,77.80270111787227,77.93162028391679,78.05646312046838,78.17674349736593,78.29199179175485,78.40175687208277,78.50560802110707,78.60313678734188,78.69395875465965,78.77771521996743,78.85407476926649,78.92273474282884,78.98342258077314,79.03589704093396,79.07994928159083,79.11540380240729,79.1421192377315,79.1599889973299,79.16894175049279
74.70329551141326,74.71194377040642,74.72920926053415,74.75503001690369,74.78931331928734,74.8319359648235,74.88274463187264,74.94155633519357,75.00815897264397,75.08231196353337,75.16374697871707,75.2521687624236,75.34725604564646,75.44866255076543,75.55601808679783,75.6689297344509,75.78698311977374,75.90974377486712,76.03675858368132,76.16755731048075,76.30165420806837,76.43854970233234,76.57773214911406,76.71867965886265,76.86086198388716,77.00374246249574,77.1467800136569,77.28943117526116,77.43115217847513,77.57140105014898,77.70963973469395,77.84533622642492,77.97796670285719,78.10701764918667,78.23198796375749,78.35239103420068,78.46775677367509,78.57763360661843,78.6815903934004,78.77921828335901,78.87013248589288,78.95397394952973,79.03041093929185,79.09914050306205,79.15988981825758,79.21241741066657,79.25651423804723,79.29200463180976,79.31874709094768,79.33663492326292,79.34559672986136
74.87541007712029,74.88406742720053,74.901351064821,74.9271989558562,74.96151827656972,75.00418568671246,75.05504769391185,75.11392110951311,75.18059359606544,75.25482430658624,75.33634461568923,75.42485894255603,75.52004566558315,75.62155812836308,75.72902573640269,75.84205514372604,75.9602315281702,76.08311995381816,76.210266818593,76.34120138458664,76.47543738821248,76.61247472671772,76.75180121708364,76.89289442272373,77.03522354282903,77.17825135860656,77.32143623005763,77.46423413636225,77.60610075235121,77.74649355301231,77.88487393746568,78.02070936334404,78.1534754821366,78.28265826562418,78.40775611330221,78.52828193037159,78.64376516580073,78.75375379981259,78.8578162702001,78.95554332694462,79.04654980479815,79.13047630375287,79.20699076770178,79.2757899520078,79.33660077126024,79.38918151909797,79.43332295266354,79.46884923503603,79.49561872978961,79.51352464271682,79.52249550670695
75.04776657087707,75.05643301583234,75.07373480850902,75.09960984552093,75.13396519958516,75.17667739300906,75.22759276262376,75.28652791627856,75.35327028112495,75.42757874378373,75.50918438250993,75.59779129130898,75.69307749584135,75.79469596076416,75.90227568791224,76.01542290445298,76.13372233983421,76.25673858992857,76.384017566434,76.51508802906913,76.64946319763793,76.78664244053473,76.92611303565269,77.06735199914114,77.2098279768387,77.35300319261687,77.4963354472722,77.63928016103502,77.781292452159,77.9218292435335,78.06035138874313,78.19632580851302,78.32922762806555,78.4585423055487,78.58376774137851,78.70441635811619,78.82001714032906,78.93011762382626,79.03428582363347,79.13211209019359,79.22321088344202,79.30722245467406,79.38381442650899,79.45268326165238,79.51355561174863,79.56618953817555,79.61037559737093,79.6459377840051,79.67273432616739,79.69065832759597,79.69963825293006
75.22036516578562,75.22904070940486,75.24636066469638,75.2722628589926,75.30665426141803,75.34941125678924,75.40038001106876,75.45937692853781,75.52618920085041,75.60057544813326,75.6822664521655,75.77096598164556,75.86635170936232,75.96807622088188,76.07576811420869,76.1890331894857,76.30745572758518,76.43059985598265,76.55801099995605,76.6892174166379,76.82373180901975,76.9610530164172,77.10066777741308,77.24205256066607,77.38467545842599,77.5279981369943,77.67147783772381,77.81456942165848,77.95672745023418,78.09740829400177,78.2360722607758,78.37218573413438,78.50522331280669,78.63466994107688,78.76002302006488,78.88079448947201,78.99651286926037,79.1067252506229,79.21099922562891,79.30892474500185,79.40011589368615,79.484212574127,79.56088208752053,79.62982060378184,79.69075451148647,79.74344163964717,79.78767234390148,79.8232704504364,79.85009405179149,79.8680361496029,79.87702514023225
75.39320603477134,75.40189068083625,75.41922880629777,75.44515816917672,75.4795856349668,75.52238745093878,75.57340961212188,75.63246831914635,75.69935052808579,75.77381459245927,75.85559099745497,75.94438318634369,76.03986847889333,76.14169908143896,76.24950318798629,76.36288617148585,76.48143186405133,76.60470392457698,76.73224729171763,76.8635897198178,76.99824339484108,77.13570662680866,77.27546561476677,77.4169962796544,77.55976615990586,77.70323636400997,77.84686357364251,77.99010209041687,78.13240591871458,78.27323087651291,78.41203672561379,78.54828931221658,78.68146270832362,78.8110413441324,78.93652212124225,79.05741649628072,79.17325252439666,79.28357685196907,79.38795664791655,79.48598146306433,79.57726500719909,79.66144683375194,79.73819392234806,79.80720214998193,79.86819764203881,79.92093799505948,79.96521336378815,80.00084740584812,80.0276980781718,80.04565828024195,80.05465634010963
75.56628935056531,75.57498310285952,75.59233940604086,75.6182959487935,75.65275949294235,75.69560614815656,75.74668173846955,75.80580226077872,75.8727544354824,75.94729634939353,76.0291581909929,76.1180430779899,76.21362797699892,76.31556471496816,76.42348108174942,76.53698202292365,76.65565092167434,76.77905096811473,76.90672661408496,77.03820511093677,77.17299812739166,77.31060344395829,77.45050671992433,77.59218332827713,77.73510025340126,77.87871804574364,78.02249282706074,78.16587833929984,78.30832802954762,78.44929716296507,78.58824495511033,78.72463671456758,78.85794598638375,78.98765668643955,79.11326521659203,79.23428255018418,79.35023627734199,79.46067259942834,79.56515826202674,79.6632824158787,79.75465839544454,79.83892540498083,79.91575010239995,79.98482807163757,80.04588517476819,80.0986787757559,80.14299882835816,80.17866882155705,80.20554657661268,80.22352489081298,80.23253202386283
75.73961528571465,75.7483181480159,75.7656926364629,75.79167637037759,75.8261760078699,75.8690675209555,75.92019656260968,75.9793789259157,76.04640109550625,76.12102089138128,76.20296820519965,76.2919458289823,76.38763037605155,76.48967329381534,76.5977019678135,76.71132091608477,76.8301130726994,76.95364115880861,77.0814491392352,77.21306376213293,77.34799617876877,77.4857436399231,77.62579126489673,77.76761387850154,77.91067791083987,78.05444335407708,78.1983657698161,78.3418983400995,78.48449395447905,78.6256073250609,78.76469712092411,78.90122811280274,79.03467331855607,79.16451613952235,79.2902524775998,79.41139282262563,79.52746429949794,79.63801266436893,79.74260423928894,79.8408277747402,79.93229622968605,80.01664845905086,80.09355079888452,80.16269853993182,80.22381728083907,80.27666415287959,80.32102890873925,80.356734868678,80.38363971822176,80.40163615241455,80.41065236258757
75.91318401257584,75.92189598866291,75.93928866991881,75.96529960627038,75.99983535208193,76.0427717416611,76.09395425685261,76.15319848685188,76.2202906804326,76.29498839067777,76.37702121230987,76.46609161153236,76.56187584823235,76.664024990134,76.7721660182984,76.88590302305714,77.00481848918642,77.12847466868051,77.2564150391513,77.38816584535084,77.5232377208776,77.66112738656464,77.80131942150618,77.94328810210662,78.08649930395363,78.23041246069792,78.37448257355192,78.51816226441218,78.66090386505773,78.80216153430632,78.9413933945143,79.07806367833541,79.21164487620926,79.34161987470765,79.46748407554695,79.58874748484847,79.70493676206992,79.81559721795324,79.92029475083245,80.01861771074421,80.11017868098541,80.19461616699333,80.27159618280771,80.34081372584647,80.40199413120791,80.45489429737219,80.49930377585655,80.53504571812286,80.56197767390123,80.5799922359438,80.5890175271745
76.08699570332188,76.09571679696768,76.1131276785664,76.13916582862818,76.17373769772554,76.21671898240609,76.26795499331845,76.32726111569109,76.39442336234687,76.46919901934898,76.55131738436592,76.64048059765449,76.73636456553281,76.83861997588643,76.94687340513677,77.06072851574038,77.17976734299715,77.3035516695582,77.43162448562467,77.5635115323397,77.69872292542829,77.83675485555355,77.97709136137762,78.1192061706739,78.26256460428114,78.40662553710044,78.55084340971415,78.69467028363879,78.83755793263941,78.97895996200745,79.11833394714166,79.25514358238183,79.38886083051582,79.51896806312367,79.64496018151927,79.76634670789205,79.88265383605832,79.99342643114812,80.09822996758471,80.19665239478432,80.28830592020661,80.37282869964068,80.44988642497243,80.51917380016158,80.58041589663456,80.63336937997344,80.67782360043319,80.71360154060218,80.74056061435061,80.75859331209277,80.7676276883142
76.26105052992922,76.26978074490927,76.28720983438276,76.31327520941868,76.34788321675836,76.39090941513693,76.44219894393886,76.50156698434847,76.56879931314585,76.64365294927282,76.72585689321966,76.81511295917909,76.91109669975228,77.01345842284145,77.12182430006948,77.23579756584228,77.3549598058045,77.47887233307485,77.60707765025121,77.73910099466019,77.87445196393679,78.01262621836138,78.15310725594114,78.29536825558742,78.43887398316062,78.5830827545747,78.7274484495497,78.87142256897867,79.01445632837962,79.15600277927275,79.29551894986965,79.43246799595653,79.56632135244675,79.69656087569767,79.8226809664012,79.94419066260238,80.06061569226667,80.17150047471578,80.27641006027214,80.37493199755053,80.46667811800671,80.55128622762055,80.62842169598174,80.69777893345191,80.75908274767202,80.8120895712158,80.8565885529868,80.8924025066205,80.91938871006673,80.93743955135295,80.9464830164938
76.43534866419127,76.44408800427415,76.46153530915139,76.48762792041849,76.52227208094772,76.56534321160765,76.61668628045598,76.67611626455091,76.74341870453705,76.81835035212926,76.90063991053279,76.9899888677397,77.08607242250059,77.18854050258061,77.29701887464392,77.41111034487419,77.53039604908568,77.65443683067592,77.78277470443321,77.91493440367252,78.05042500772535,78.1887416462689,78.32936727643346,78.47177452803932,78.6154276117367,78.75978428422411,78.9042978641112,79.0484192914394,79.19159922323418,79.33329015701338,79.47294857356135,79.61003708987927,79.7440266127729,79.8743984831561,80.00064660087475,80.12227951961911,80.23882250129515,80.34981951921745,80.45483519941914,80.55345668953491,80.64529544484243,80.72998892136089,80.80720216623169,80.87662929609264,80.93799485467194,80.99105504143445,81.03559880383365,81.0714487864806,81.09846213134097,81.11653112400717,81.12558368199714
76.60989027770827,76.61863874666146,76.63610427446343,76.66222413321199,76.69690446186917,76.74002054338365,76.79141717441952,76.85090912782941,76.9182817080325,76.99329139941551,77.07566660777562,77.1651084947809,77.2612919051928,77.36386638648743,77.47245730021127,77.58666702415998,77.70607624412698,77.83024533360509,77.95871581937995,78.09101193054525,78.22664222791835,78.36510131035814,78.50587159389158,78.64842515902217,78.7922256609591,78.93673029694517,79.08139182425307,79.22566062182378,79.3689867879618,79.51082226593853,79.65062298887993,79.7878510347663,79.92197678206708,80.05248105602485,80.17885725542408,80.30061344938274,80.41727443354368,80.52838373501265,80.63350555534822,80.73222664102082,80.82415807096845,80.90893695108483,80.98622800591896,81.0557250582523,81.11715238778133,81.170265960752,81.21485452308575,81.25074055028202,81.27778104826093,81.29586820013955,81.30492985490051
76.78467554189083,76.79343314348043,76.81091690172607,76.83706401919738,76.87178053090972,76.91494158183878,76.9663917971886,77.02594574552728,77.09338849495848,77.16847626243073,77.25093715622668,77.3404720115563,77.43675531905346,77.53943624575852,77.64813974793671,77.76246777482339,77.8820005620202,78.00629801291846,78.13490116610633,78.26733374625083,78.40310379544776,78.54170538151457,78.68262037915675,78.82532031933364,78.96926830157612,79.11392096344122,79.25873050062741,79.40314673074207,79.54661919312063,79.68859927656251,79.8285423662878,79.96591000103413,80.10017203069836,80.23080876462855,80.35731310032955,80.47919262213003,80.59597165920522,80.70719329225801,80.81242129817669,80.9112420220947,81.00326616643412,81.0881304868093,81.16549938503347,81.23506638989599,81.29655551694346,81.34972249909706,81.39435588064775,81.43027796791584,81.45734563071312,81.47545094962645,81.48452170507676
76.95970462795817,76.96847136594728,76.98597336214581,77.01214774957737,77.04690045926415,77.09010649815576,77.14161031993105,77.20122628879447,77.26873923644263,77.34390511228538,77.42645172696879,77.51607958912327,77.61246283511299,77.71525025139118,77.82406638878476,77.9385127678004,78.05816917366,78.18259503947057,78.31133091542854,78.4439000215666,78.57980988104563,78.71855403042977,78.85961380287586,79.00246017956889,79.14655570413834,79.29135645421779,79.43631406369342,79.58087778859847,79.7244966090716,79.86662135919411,80.00670687605106,80.14421415889707,80.27861252883528,80.40938177909192,80.53601430566894,80.65801720789732,80.77491434827775,80.88624836090794,80.99158259782256,81.0905030026359,81.18261990108486,81.2675696983515,81.34501647336428,81.41465346078569,81.47620441189524,81.52942482618495,81.57410304622495,81.61006120907373,81.63715604837331,81.65527954213874,81.66435940219596
77.13497770693873,77.14375358508536,77.16127382674838,77.18747549536634,77.22226441793433,77.26551546332367,77.31707291362017,77.37675092858893,77.44433410342462,77.51957811989683,77.60221049089706,77.69193139834698,77.78841462420682,77.89130857419191,78.00023739353003,78.11480217382501,78.23458224974739,78.35913658392741,78.48800523796965,78.62071092707403,78.75676065525174,78.89564742759606,79.03685203549507,79.179844910132,79.32408803900069,79.46903693958042,79.61414268370538,79.75885396560398,79.90261920597547,80.04488868394364,80.18511668823098,80.32276367837348,80.45729844644812,80.58820026933485,80.71496104131971,80.83708737651712,80.9541026705486,81.06554911071278,81.17098962399709,81.27000975231792,81.36221944456429,81.44725475532096,81.52477944049,81.59448644047777,81.65609924217195,81.70937311153082,81.75409618931201,81.7900904432357,81.81721247071394,81.8353541471422,81.84444311571974
77.31049494966629,77.31927997173234,77.33681846635852,77.36304742738224,77.39787257773109,77.44116864814194,77.49277974904287,77.55251983567842,77.62017326665213,77.69549545598518,77.77821361870765,77.8680276098998,77.96461085697821,78.06761138477245,78.17665293275088,78.29133616344234,78.41123996078824,78.53592281675454,78.66492430415681,78.79776663315563,78.93395628840548,79.07298574331044,79.21433524726324,79.35747468122376,79.50186547631814,79.64696258963308,79.79221653072211,79.93707543176588,80.08098715378769,80.22340142072329,80.363771972687,80.50155872927287,80.63622995329794,80.7672644050783,80.89415347695365,81.01640329762039,81.13353679560628,81.2450957112186,81.35064254620833,81.44976244061557,81.54206496630874,81.6271858271245,81.70478845579042,81.77456549832218,81.83624017710066,81.88956752444169,81.93433547919904,81.97036583968104,81.99751506700512,82.01567493389949,82.02477301490532
77.48625652678713,77.49505069652491,77.51260745161218,77.53886371625691,77.57372510927192,77.61706622321502,77.66873099678668,77.72853318063176,77.79625689667337,77.87165729108325,77.95446128090644,78.04436839426077,78.14105170387623,78.24415885354983,78.35331317682797,78.46811490700063,78.58814247709405,78.71295390822436,78.84208828421927,78.9750673100004,79.11139695065071,79.25056914766758,79.39206360823354,79.53534966284923,79.67988818604539,79.82513357428476,79.97053577460045,80.11554235689272,80.25960062226878,80.40215973923961,80.54267289908114,80.68059948120786,80.81540721895087,80.94657435583628,81.07359178204244,81.19596514062955,81.31321689283472,81.42488833176661,81.53054153375861,81.62976123679351,81.72215663555258,81.80736308296287,81.88504368843493,81.95489080346478,82.0166273858021,82.07000823401948,82.11482108497246,82.15088756748081,82.17806400630475,82.1962420714613,82.20534926880313
77.66226260874905,77.67106592991138,77.68864095295297,77.71492453242239,77.74982218298213,77.79320835895395,77.84492682724641,77.90479113382872,77.97258516384899,78.04806379552575,78.13095364780234,78.22095392170928,78.31773733515452,78.42095115074432,78.53021829595102,78.64513857465003,78.76528996877639,78.89023002840571,79.019497348188,79.15261312759375,79.28908281193104,79.42839781056936,79.57003728825603,79.71347002481225,79.85815633793861,80.00355006324125,80.14910058499852,80.29425491059075,80.43845978097448,80.58116380899929,80.72181963686843,80.85988610358325,80.99483041276677,81.12613029092137,81.25327612585224,81.37577307476931,81.49314313141195,81.60492714149714,81.7106867557487,81.81000630991237,81.90249462131932,81.98778669183051,82.06554530739042,82.13546252484393,82.19726103719422,82.2506954091586,82.29555317551056,82.33165579549826,82.35885945747,82.37705572867748,82.38617204625609
77.83851336581128,77.84732584214912,77.86491914063127,77.89123004612019,77.92616396909354,77.96959522557664,78.02136741062782,78.08129386545471,78.14915823834292,78.22471513945166,78.30769088951236,78.39778436233574,78.49466792086841,78.59798844638293,78.70736846010908,78.8224073363442,78.94268260575302,79.0677513471798,79.19715166589926,79.33040425573127,79.4670140419927,79.60647190171578,79.74825645698535,79.89183593671747,80.03667010155415,80.18221222600863,80.32791113137066,80.47321326226293,80.61756479925955,80.76041379930734,80.90121235530512,81.03941876560881,81.1744997039016,81.30593237944444,81.43320667744617,81.55582726905595,81.67331568031236,81.78521230934048,81.89107838106943,81.9904978288319,82.08307909243311,82.16845682251545,82.2462934814186,82.31628083119469,82.37814129998503,82.43162921854953,82.47653191948334,82.51267069239421,82.53990158914468,82.55811607418748,82.5672415159039
78.01500896803525,78.0238306032958,78.04144218469898,78.06778042739977,78.10275063764048,78.14622699310839,78.19805291693719,78.25804154549726,78.32597629012199,78.40161149280708,78.4846731759554,78.57485988603129,78.6718436308802,78.77527091029273,78.88476383909857,78.99992136184392,79.12032055774142,79.24551803422482,79.37505140698919,79.50844086400315,79.64519081038497,79.78479159060583,79.92672128387444,80.07044756796893,80.2154296462448,80.36112023189155,80.5069675829701,80.65241758111706,80.79691584627696,80.93990987926772,81.08085122344224,81.21919763628411,81.35441526130612,81.48598079030762,81.61338360568247,81.7361278923041,81.85373470830469,81.96574400402741,82.07171657841091,82.17123596219955,82.26391021750908,82.34937364360343,82.42728837906908,82.4973458910413,82.55926834267733,82.61280983067299,82.65775748535822,82.69393242661648,82.72119056977202,82.73942327642327,82.74855784617178
78.1917495852907,78.20058038321811,78.21821025502099,78.24457584611106,78.27958235846681,78.32310383137698,78.37498351598683,78.43503434375553,78.5030394889616,78.5787530253431,78.66190067685697,78.75218066249128,78.84926463485647,78.95279871210916,79.06240460251789,79.1776808207079,79.29820399426544,79.42353025901859,79.55319674089637,79.68672312180502,79.82361328645483,79.96335704654365,80.10543193817708,80.24930508777445,80.39443514116712,80.54027424999416,80.68627010885288,80.8318680361522,80.97651309097733,81.11965221777616,81.26073641012805,81.3992228844065,81.53457725373296,81.66627569221305,81.79380707921395,81.91667511312018,82.0344003839536,82.14652239407604,82.25260151625325,82.35222087845976,82.44498816495361,82.53053732346629,82.60853016868766,82.67865787270439,82.74064233356614,82.79423741380427,82.83923004138853,82.8754411664071,82.90272656758188,82.92097750361108,82.93012120528428
78.36873538725077,78.37757535158781,78.39522352125952,78.42161647191492,78.45665930122057,78.500225910016,78.55215937739412,78.6122724298216,78.68034800443998,78.75613990661498,78.83937356174418,78.92974686121747,79.02693110226619,79.1305720212649,79.24029091976391,79.35568588230024,79.47633308464866,79.60178819084649,79.73158783686027,79.86525119833327,80.00228163935199,80.14216843863129,80.28438858894565,80.42840866513171,80.57368675527374,80.71967444921857,80.86581887786771,81.01156479616753,81.1563567021079,81.29964098353173,81.44086808400671,81.57949467857247,81.71498584972358,81.84681725365832,81.97447726648788,82.09746909990683,82.21531287561814,82.32754764780373,82.43373336287296,82.5334527458501,82.62631310297076,82.71194803027633,82.79001901841582,82.8602169442928,82.92226344073872,82.9759121360094,83.02094975562639,83.05719707980329,83.08450975060006,83.1027789237673,83.11193176125317
78.54596654339599,78.5548156778818,78.57248215288779,78.59890247427136,78.63398163535126,78.67759339846499,78.72958067058352,78.78975597310374,78.8579020059377,78.9337723059782,79.01709199994905,79.10755865150949,79.20484320238012,79.30859100700044,79.4184229600432,79.53393671578405,79.65470799801527,79.78029199879222,79.91022486391915,80.04402526257816,80.18119603802512,80.32122593576528,80.46359140503388,80.60775846884812,80.75318465731743,80.8993209982646,81.04561405866463,81.19150802976048,81.33644684821316,81.47987634502383,81.62124641352035,81.76001318717043,81.89564121761903,82.0276056429305,82.15539433574918,82.27851002086044,82.39647235144827,82.50881993332105,82.6151122863373,82.71493173240022,82.80788519955452,82.89360593199355,82.97175509618306,83.04202327371267,83.10413183207403,83.15783416514674,83.2029167959102,83.23920033463102,83.26654028664065,83.28482770470116,83.29398968188308
78.72344322300978,78.7323015313808,78.74998631917937,78.77643402244915,78.81154953011597,78.85520646596527,78.9072475647808,78.96748514280779,79.03570166264088,79.1116503925958,79.19505616060569,79.28561620247565,79.38300110427262,79.48685583835541,79.59680089235692,79.71243349012862,79.83332890329146,79.95904185173765,80.0891079909164,80.22304548333962,80.36035665122353,80.50052970665175,80.64304055508991,80.78735466752168,80.93292901584557,81.07921406563055,81.22565581968685,81.37169790532349,81.51678369763243,81.66035847054252,81.80187156690356,81.94077857838565,82.07654352555521,82.20864102811649,82.33655845503382,82.4597980439709,82.57787897938871,82.6903394185266,82.79673845450702,82.89665800593548,82.98970462249056,83.07551119637156,83.15373856971182,83.22407702865793,83.28624767524305,83.34000366886539,83.38513132987364,83.42145109850625,83.44881834331188,83.46712401401072,83.47629513477185
78.90116559517854,78.91003308116885,78.9277361892165,78.95421128551799,78.98936315457493,79.03306528156182,79.08516022901259,79.14546010794584,79.21374714353736,79.28977433543169,79.3732662126517,79.46391968302325,79.56140497682063,79.66536668417073,79.77542488551323,79.89117637409862,80.01219596920518,80.13803791837054,80.26823738649163,80.40231202921106,80.53976364749333,80.68007991978581,80.82273620756541,80.96719742955133,81.11291999920559,81.25935381961123,81.40594432917678,81.55213459104571,81.69736741850339,81.8410875281722,81.98274371218871,82.12179102019742,82.25769294145691,82.38992357709549,82.51796979217275,82.64133333702239,82.7595329271817,82.8721062711189,82.97861203503965,83.07863173406713,83.17177153935934,83.25766399095436,83.33596960651705,83.40637837661643,83.46861113771001,83.52242081460916,83.56759352493931,83.6039495388403,83.63134408801015,83.64966801908979,83.65884828730643
79.0791338287951,79.08801049613527,79.10573193187903,79.13223443235387,79.1674226775914,79.21117001410597,79.26331883211446,79.32368103732725,79.39203861741943,79.46814430325257,79.55172232482784,79.6424692618614,79.74005498869947,79.84412371309169,79.95429510811856,80.07016553626316,80.19130936428272,80.31728036717371,80.44761321908508,80.58182506858608,80.71941719518193,80.8598767434657,81.00267853070864,81.14728692313525,81.29315777554328,81.43974042829811,81.58647975517574,81.73281825491186,81.87819817875837,82.02206368578948,82.16386301720276,82.30305068038105,82.43908963305167,82.57145345754157,82.69962851479048,82.82311606759387,82.9414343623554,83.05412065858589,83.16073319537936,83.26085308420582,83.35408611753154,83.44006448308183,83.5184483739055,83.5889274848674,83.65122238672623,83.70508576960664,83.7503035483199,83.78669582282967,83.81411768792495,83.83245988711516,83.84164930666276
79.25734809255275,79.26623394496994,79.28397371585439,79.31050363163278,79.3457282678313,79.38952083224987,79.44172354272067,79.50214809957103,79.5705762528805,79.64676046462714,79.73042466567425,79.8212651075027,79.91895130839133,80.02312709356153,80.1334117285804,80.24940114499098,80.37066925685295,80.49676936643189,80.62723565693668,80.76158476965881,80.8993174624353,81.039920345788,81.18286769256137,81.32762331626415,81.4736425127987,81.62037405957969,81.76726226551615,81.91374906470563,82.05927614612428,82.20328711107064,82.34522964956517,82.48455772650372,82.6207337678544,82.75323083691838,82.88153479030389,83.00514640305292,83.12358345223497,83.23638274820496,83.34310210276455,83.44332222354859,83.53664852416834,83.62271283987941,83.70117503897431,83.77172452047692,83.83408158933771,83.88799870088306,83.93326156702454,83.969690117468,83.99713931003684,84.01549978506247,84.02469835980853
79.43580855494788,79.44470359617019,79.4624617096303,79.48901905183632,79.52428009376293,79.56811790444542,79.62037452926921,79.68086146309446,79.74936021831714,79.82562298792615,79.90937340353304,80.00030738825843,80.09809410417489,80.20237699382774,80.31277491510652,80.42888336845178,80.55027581504139,80.67650508422946,80.80710486808488,80.9415913004199,81.07946461719523,81.22021089464731,81.36330386096886,81.5082067767301,81.65437437871033,81.80125488114096,81.94829202782927,82.09492718800097,82.24060148812326,82.38475797148158,82.52684377669365,82.66631232592846,82.80262551317598,82.93525588248926,83.06368878592392,83.18742451056298,83.30598036393702,83.41889270705188,83.52571892422642,83.62603931908859,83.71945892622439,83.80560922826947,83.88414976861172,83.95476965030868,84.01718891237769,84.07115977525072,84.11646774784128,84.15293258953244,84.18040912111132,84.19878787969023,84.20799561350175
79.61451538428284,79.62341961803054,79.64119608150011,79.66778086124607,79.70307832365833,79.74696139895241,79.79927195999842,79.85982129611574,79.92839068192418,80.00473204132139,80.08856870654964,80.1795962722438,80.27748354413166,80.38187358193312,80.49238483570424,80.608612374611,80.7301292067769,80.85648768844776,80.98722102036558,81.12184482866071,81.2598588272029,81.4007485577332,81.54398720357037,81.68903747212238,81.83535354081195,81.98238306046098,82.12956920954173,82.27635279217009,82.42217437207363,82.56647643428934,82.70870556579494,82.84831464581356,82.98476503611951,83.11752876130416,83.2460906686525,83.36995055707642,83.48862526436979,83.6016507019876,83.70858382658608,83.80900453760641,83.90251749044394,83.9887538149598,84.06737272949532,84.13806304101008,84.20054452247388,84.25456915931248,84.2999222573611,84.33642340559446,84.36392728771179,84.3823243375523,84.3915412342932
79.79346874865838,79.80238217865143,79.82017699955477,79.84678922794609,79.88212312559037,79.9260514838284,79.97841600295122,80.03902776665721,80.10766781170139,80.18408779278404,80.2680107426687,80.3591319273714,80.45711979614236,80.561617025724,80.67224165818178,80.78858833123941,80.91022959978142,81.03671734677052,81.16758428141611,81.30234552196704,81.44050025999856,81.58153350253401,81.72491788780239,81.87011556982188,82.01658016643442,82.16375876481486,82.3110939778742,82.458026044381,82.60399496508577,82.74844266654739,82.89081518387174,83.03056485310512,83.16715250358315,83.30004964020988,83.42874060528516,83.55272470934324,83.67151832023184,83.7846568996681,83.89169697645495,83.99221804567405,84.08582438336283,84.17214676645169,84.25084408809494,84.32160485902169,84.38414858603737,84.43822701946048,84.48362526195527,84.5201627320134,84.54769397618047,84.56610932498742,84.57533538851527
79.97266881597884,79.98159144593315,79.99940463169038,80.0260443198245,80.06141466743343,80.10538832693315,80.15780682596997,80.21848104254235,80.2871917754483,80.3636904100898,80.44769967963462,80.53891452135672,80.63700302788577,80.74160749284452,80.85234555014566,80.96881140590058,81.09057716158057,81.21719422667357,81.34819481866835,81.48309354772583,81.62138908291578,81.76256589633408,81.90609608089724,82.05144123700873,82.19805442270167,82.34538216127665,82.49286649984224,82.63994711159305,82.78606343406622,82.93065683510771,83.0731727977225,83.21306311454624,83.34978808225503,83.48281868584266,83.61163876241038,83.73574713389901,83.85465969801497,83.96791146653923,84.07505854023783,84.17568000965332,84.26937977130557,84.3557882490359,84.43456401066753,84.50539527057276,84.568001269274,84.62213352187857,84.66757692778616,84.70415073493702,84.73170935266012,84.75014300812683,84.75937824229672
80.15211575394838,80.1610475875777,80.17887914560222,80.20554630456743,80.24095311686254,80.28497209592692,80.33744459669818,80.39818129139381,80.46696274076312,80.54354006081182,80.62763568499476,80.71894422171421,80.81713340684526,80.92184515074074,81.03269667900196,81.14928176596088,81.27117205949713,81.39791849543737,81.52905279935224,81.66408907311815,81.80252546308746,81.94384590621425,82.08752194988327,82.23301464065797,82.37977647653558,82.52725341671088,82.67488694225973,82.82211616056068,82.96837994571325,83.11311910661425,83.25577857393314,83.39580959667133,83.53267193861804,83.665836064633,83.79478530640475,83.91901799707469,84.03804956400145,84.15141456884099,84.25866868412761,84.35939059570039,84.45318382038695,84.53967842879075,84.6185326632635,84.6894344416848,84.75210273817832,84.8062888325372,84.85177742080971,84.88838758030288,84.91597358307517,84.93442555288738,84.9436699615519
80.33180973007376,80.34075077108919,80.35860070879058,80.38529534966409,80.42073864135442,80.46480295827313,80.51732948257681,80.57812868063196,80.64698087504684,80.72363691232451,80.80781892609038,80.89922119575523,80.99751110029908,81.10233016665498,81.21329521195504,81.32999957858368,81.45201446065131,81.57889032013557,81.71015839049862,81.8453322651238,81.9839095674449,82.12537369905348,82.26919566158442,82.41483594754125,82.56174649465322,82.70937269777765,82.85715547172511,83.00453335783388,83.1509446665208,83.29582964750495,83.43863267888855,83.57880446581005,83.71580423894412,83.8491019428016,83.97818040343934,84.10253746499093,84.22168808426552,84.33516637259571,84.4425275741103,84.54334996975648,84.63723669651282,84.72381747158879,84.80275021171816,84.87372253816343,84.93645315853128,84.99069311719674,85.03622690676457,85.07287343383857,85.10048683313832,85.11895712497751,85.12821071198272
80.51175091166324,80.52070116377192,80.53856948855065,80.56529162240152,80.60077140818628,80.64488108123261,80.69746165085428,80.75832337748463,80.82724634550145,80.90398113180098,80.98824957006913,81.07974561059467,81.1781362753251,81.28306270762864,81.39414131600748,81.51096501072949,81.63310453196065,81.7601098676418,81.89151175892984,82.02682329051969,82.16554156270976,82.30714944152277,82.45111738262305,82.59690532422474,82.7439646435635,82.89174017093212,83.03967225464054,83.18719886975488,83.33375776277423,83.47878862400783,83.62173527876217,83.76204788807935,83.89918514929896,84.03261648636088,84.16182421947471,84.28630570355827,84.40557542466894,84.51916704362245,84.6266353759574,84.72755829755569,84.82153856537833,84.90820554308613,84.98721682166018,85.05825972560754,85.12105269590555,85.17534654140564,85.2209255511833,85.25760846105815,85.28524926835644,85.30373788989382,85.31300065908201
80.69193946582314,80.7008989327312,80.71878565198158,80.745535289871,80.78105158443712,80.82520663186713,80.87784126857274,80.93876554897085,81.00775931912257,81.08457288621334,81.16892778387174,81.26051763314223,81.35900909880215,81.46404294050133,81.57523515795947,81.69217822915833,81.81444244013812,81.94157730462358,82.07311307126787,82.20856231587706,82.34742161540684,82.48917330009331,82.63328727941266,82.77922293706553,82.92643108957155,83.07435600242246,83.22243745720091,83.37011286245838,83.51681940055299,83.66199620214513,83.80508653951826,83.94554002939138,84.08281483554059,84.21637986111453,84.34571692026313,84.47032287847746,84.58971175086617,84.70341674753122,84.81099225523353,84.91201574461886,85.00608959246694,85.092842808735,85.17193265850234,85.24304616940373,85.30590151566092,85.36024927050174,85.40587351938203,85.44259282726448,85.47026105401895,85.48876801291841,85.49803996813127
80.87237555946166,80.88134424486806,80.8992493659819,80.92602651896279,80.9615793369802,81.00577977703962,81.05846850257512,81.11945536191584,81.18851996271067,81.26541234233454,81.34985373424284,81.44153743010914,81.54012973740345,81.64527103191129,81.75657690441045,81.87363940042626,81.9960283516991,82.12329279754825,82.25496249393315,82.39054950756282,82.52954989185082,82.67144544102875,82.81570551816287,82.96178895222327,83.10914599877829,83.25722035829236,83.40545124538899,83.55327550187364,83.70012974572766,83.84545254773467,83.98868662691753,84.12928105544852,84.2666934633164,84.40039223265617,84.52985867134635,84.65458915524448,84.77409722830055,84.88791564971785,84.99559837729375,85.09672247626045,85.1908899430509,85.27772943376861,85.35689788745303,85.42808203472511,85.49099978294458,85.54540146961064,85.59107097646931,85.6278266975495,85.65552235520627,85.6740476591224,85.6833288041954
81.05305935928571,81.06203726689014,81.07996079724968,81.10676547636326,81.14235483249543,81.1866006834109,81.23934351950602,81.30039298294093,81.36952844286355,81.44649966673344,81.53102758772388,81.62280516800445,81.72149835760307,81.82674714829643,81.93816672175463,82.05534869088495,82.17786243295191,82.30525651267784,82.4370601931357,82.57278503174383,82.71192655815392,82.85396603038572,82.9983722648792,83.14460353564374,83.29210953707403,83.44033340437713,83.58871378498374,83.73668695372366,83.8836889639624,84.02915782638051,84.17253570650921,84.3132711317446,84.45082119806378,84.5846537663743,84.71424963806096,84.83910469913758,84.95873202220626,85.0726639153691,85.18045390727906,85.28167865757801,85.37593978219279,85.46286558321452,85.54211267350054,85.61336748653493,85.67634766269421,85.7308033036464,85.77651808733802,85.81331023679066,85.84103333678418,85.85957699336744,85.8688673321316
81.23399103180323,81.24297816529867,81.26092011228258,81.28775232856063,81.32337823745688,81.36766951744038,81.42046648580583,81.48157857846608,81.55078492597731,81.62783502578158,81.71244951065148,81.80432101313352,81.90311512567322,82.00847145588567,82.12000477618469,82.23730626668784,82.35994485000097,82.487468616069,82.61940633488832,82.75526905437529,82.89455178022345,83.03673523402051,83.1812876853607,83.32766685307203,83.47532187014721,83.62369530630642,83.7722252415572,83.92034738351792,84.06749722071353,84.2131122034817,84.35663394363498,84.49751042356485,84.63519820501591,84.76916462744103,84.89888998552439,85.02386967523145,85.14361629760639,85.25766170946062,85.3655590101198,85.46688445346365,85.56123927474138,85.64825142188698,85.72757718142864,85.79890268958505,85.8619453196346,85.91645493731048,85.96221501667014,85.9990436096558,86.02679416340824,86.04535618029857,86.05465571658242
81.41517074331992,81.42416710640023,81.44212747737734,81.46898724184511,81.50464971814012,81.54898644538984,81.60183756771649,81.66301231471002,81.73228957824459,81.80941858564404,81.89411966916346,81.98608513160013,82.08498020768046,82.1904441207134,82.30209123369305,82.41951229377847,82.54227576874726,82.66992927357911,82.80200108499507,82.93800174121517,83.07742572376078,83.2197532175805,83.36445194519978,83.51097907004319,83.65878316347634,83.80730622950371,83.9559857804744,84.10425695656595,84.25155468122982,84.39731584422746,84.5409815034276,84.68199909598532,84.81982464918978,84.95392498082406,85.08377987865366,85.20888424838655,85.32875021931072,85.44290919675842,85.55091385053952,85.65234002859538,85.74678858533781,85.83388711438569,85.91329157580313,85.98468780841382,86.04779291827593,86.10235653508963,86.14816192893426,86.18502698059751,86.21280499952036,86.23138538435023,86.24069412197758
81.59659865993896,81.60560425629491,81.6235830586301,81.65047038230014,81.68616944061864,81.73055163331492,81.78345693127662,81.84469435769185,81.91404256566082,81.99125051228658,82.0760382291949,82.16809768930464,82.26709376949,82.37266530860352,82.48442626006216,82.60196693790266,82.7248553548903,82.85263865085695,82.9848446090574,83.12098325781098,83.26054855426426,83.40302014650769,83.5478652097833,83.69454035188936,83.84249358233606,83.99116633918133,84.13999556688924,84.28841583796665,84.43586151054907,84.58176891360092,84.72557855080912,84.86673731387279,85.00470069539844,85.13893499127923,85.26891948215075,85.39414858325371,85.51413395192293,85.62840654181649,85.7365185930438,85.8380455474367,85.93258787840686,86.01977282510181,86.09925602098399,86.17072300734476,86.23389062291825,86.28850826126154,86.33435898838998,86.37126051385665,86.39906600935008,86.4176647697438,86.42698271253374
81.77827494756642,81.78728978088168,81.80528702193486,81.83220191581165,81.867937570765,81.91236524707239,81.96532474232326,82.02662487322506,82.09604405401502,82.17333097147042,82.2582053564764,82.35035885194695,82.4494559767655,82.55513518518131,82.66701002087613,82.78467036459722,82.90768377392106,83.03559691334807,83.16793707246913,83.30421376950896,83.44392043702379,83.58653618603859,83.7315276442927,83.87835086373262,84.02645329179062,84.17527580034971,84.32425476575436,84.47282419260507,84.62041787350294,84.76647157637193,84.91042525049451,85.05172524188531,85.18982650824056,85.32419482335136,85.4543089605045,85.57966284427386,85.69976765983368,85.81415390897672,85.92237340193074,86.0240011742455,86.11863731816398,86.20590871821574,86.28547068111129,86.35700845049485,86.42023859764876,86.47491027988958,86.52080635907782,86.5577443734627,86.58557735691188,86.60419450048589,86.61352165225716
81.96019977190367,81.96922384586105,81.98723953298283,82.0141820080607,82.0499542742468,82.09442745231611,82.14744116649128,82.20880402692327,82.27829420889476,82.35566012875756,82.44062121653873,82.53286878502303,82.63206699496568,82.73785391586506,82.84984268151409,82.96762273919724,83.09076119112913,83.21880422629263,83.3512786404231,83.48769344144426,83.62754153712375,83.77030150120336,83.91543941369964,84.06241077049079,84.2106624567,84.35963477780574,84.50876354180714,84.6574821851669,84.80522393471361,84.95142399710663,85.09552176699026,85.23696304446689,85.37520225210818,85.50970464137575,85.63994847800093,85.76542719567578,85.88565150722162,86.00015146236998,86.10847844128676,86.21020707306312,86.30493706860953,86.39229495768804,86.47193572011894,86.54354430176272,86.60683700634053,86.66156275482336,86.70750420482976,86.74447872322737,86.77233920600818,86.79097474037351,86.80031110493464
82.14237329845129,82.15140661672974,82.16944075726599,82.19641082453032,82.23221971653447,82.2767384144991,82.32980636921334,82.3912319841967,82.46079319568591,82.53823814950371,82.62328597470562,82.71562765382401,82.81492698934461,82.92082166587356,83.03292440715032,83.1508242268329,83.27408777159937,83.40226075472575,83.53486947790181,83.67142243855209,83.81141201944347,83.95431625682434,84.09960068277263,84.24672023687266,84.39512124171354,84.5442434361435,84.69352205958194,84.84238998012384,84.99027985859416,85.1366263401561,85.28086826458971,85.42245088585652,85.56082809118084,85.69546460947645,85.82583819870749,85.95144180147656,86.07178565805094,86.18639936591592,86.29483387498556,86.39666340771896,86.49148729353819,86.57893170727526,86.65865130172497,86.7303307248359,86.79368601265462,86.84846584970026,86.89445268926146,86.93146372675369,86.95935172023006,86.97800565298382,86.98735123414485
82.32479569250637,82.33383825878114,82.35189086007131,82.37888853049778,82.4147340628927,82.45929829886833,82.51242051572078,82.57390891025307,82.6435411795699,82.72106519886287,82.8061997961018,82.89863562343628,82.99803612495462,83.10403860021621,83.2162553627526,83.33427499242859,83.45766368020887,83.58596666347755,83.71870974968613,83.8554009255572,83.9955320486556,84.13858061751812,84.28401161607201,84.43127942738009,84.57982981127476,84.72910193974501,84.87853048340092,85.0275477417386,85.17558580934775,85.32207876966501,85.46646490737807,85.60818893008218,85.74670418942755,85.88147489156785,86.01197828648348,86.13770682548372,86.25817027608264,86.37289778332112,86.4814398666861,86.58337034183016,86.67828815652065,86.76581913051359,86.84561758943345,86.91736788319113,86.98078578003503,87.0356197279434,87.0816519757789,87.11869954742951,87.14661506295027,87.16528740168708,87.17464220325071
82.5074671191646,82.5165189371108,82.53459000648463,82.56161529103989,82.59749747838431,82.64210727047144,82.69528377103875,82.7568349700967,82.8265383255266,82.90414144178611,82.9893628456443,83.08189285874785,83.18139456664353,83.28750488370149,83.39983571308747,83.51797520070699,83.64148908163178,83.76992211717234,83.90279962034796,84.03962906698199,84.17990178922457,84.32309474769643,84.46867237794858,84.61608850630621,84.76478832961843,84.91421045278678,85.06378897738092,85.21295563406746,85.36114195096957,85.5077814495691,85.65231185922926,85.79417734095749,85.93283071060756,86.06773565135238,86.19836890497645,86.32422243129132,86.444805524857,86.55964687808186,86.66829657983969,86.77032803880422,86.86533982092568,86.95295739073308,87.0328347465383,87.10465594008795,87.16813647172057,87.22302455276204,87.2691022275699,87.30618634842578,87.33412939733265,87.35282014963657,87.36218417540304
82.69038774332009,82.69944881660439,82.71753836139125,82.74459127102801,82.78051012786923,82.8251654941535,82.87839629999286,82.94001032853012,83.0097847983307,83.0874670430187,83.17277528804786,83.26539952443524,83.36500247905407,83.47122068093215,83.58366562271524,83.70192501618213,83.82556414033597,83.95412728022893,84.08713925425462,84.22410702713726,84.36452140541043,84.50785881156054,84.65358313254724,84.80114763773854,84.94999696077365,85.09956913923412,85.24929770542569,85.39861382095394,85.54694844724358,85.69373454359187,85.83840928380982,85.9804162820904,86.11920781826889,86.25424705232093,86.38501021762329,86.5109887822829,86.63169156770694,86.74664681347976,86.85540417767932,86.95753666183228,87.0526424499041,87.1403466510457,87.22030293611846,87.29219505857417,87.35573825072738,87.41068048715336,87.45680360761077,87.49392429270539,87.52189488632283,87.5406040597695,87.54997731353372
82.87355772966161,82.88262806195294,82.90073608946818,82.92781663513385,82.96377217600339,83.00847313455402,83.061758267203,83.12343515014926,83.19328076255434,83.27104216710387,83.35643728782392,83.44915578497672,83.5488600266236,83.65518615630545,83.76774525599085,83.88612460316351,84.00988902058252,84.13858231685927,84.27172881556616,84.40883497013346,84.54939106126476,84.69287297310541,84.83874404380698,84.9864569855549,85.1354558685549,85.28517816284567,85.43505683123415,85.5845224660343,85.73300546174569,85.87993821524833,86.02475734457332,86.16690591687464,86.30583567574838,86.44100925775392,86.57190238764795,86.69800604162911,86.81882856775148,86.93389775258433,87.0427628232318,87.14499637389251,87.2401962063946,87.32798707435028,87.40802232103728,87.47998540148295,87.5435912798642,87.59858769389899,87.64475627866365,87.68191354301224,87.70991169265457,87.72863929481319,87.73802178036703
83.05697724267814,83.06605683763559,83.0841833551942,83.11129154782438,83.14728378724159,83.19203035610873,83.24536983708641,83.30710959934915,83.37702638256519,83.45486697838088,83.54034900928012,83.63316180464334,83.73296737358537,83.83940147401493,83.95207477706452,84.0705741257557,84.19446388642957,84.32328739106823,84.45656846823931,84.59381305986895,84.7345109206318,84.87813739611971,85.02415527545615,85.17201671342566,85.32116521657461,85.47103768717129,85.62106651829336,85.77068173273588,85.91931315783997,86.06639262784131,86.2113562047635,86.35364640849488,86.49271444616993,86.62802243071921,86.75904557806406,86.8852743722899,87.00621668789718,87.1213998582542,87.23037267930522,87.33270733775366,87.4280012531195,87.51587882333591,87.59599306394882,87.66802713143697,87.73169572172144,87.78674633556754,87.83296040327592,87.8701542618782,87.89817997884879,87.91692601727648,87.92631773840779
83.24064644665089,83.2497353079369,83.26788032284256,83.29501617336255,83.33104512583502,83.37583732305154,83.42923117385675,83.49103384031922,83.5610218225278,83.6389416409832,83.72451061651603,83.81741774750076,83.91732468396862,84.02386679804937,84.13665434988008,84.25527374785732,84.379288901726,84.50824266665913,84.64165837601817,84.77904146003623,84.91988114714923,85.06365224418222,85.20981699101569,85.35782698481182,85.50712516823245,85.6571478755476,85.80732692988136,85.95709178427455,86.10587169868306,86.25309794446468,86.39820602741365,86.54063791992371,86.67984429245062,86.81528673407236,86.94643995167107,87.07279393700905,87.1938560908398,87.30915329313513,87.41823390849895,87.52066971596705,87.61605775259216,87.70402206047483,87.78421532728949,87.85632041083971,87.92005173867845,87.97515657451069,88.02141614378102,88.05864661162008,88.08669990720777,88.10546438945684,88.11486534994921
83.42456550566118,83.43366363693089,83.45182715648319,83.47899067580775,83.51505635582765,83.5598941994135,83.61334244152326,83.67520803704762,83.74526724640124,83.82326631884028,83.90892227343019,84.00192377741166,84.10193212159675,84.20858229218774,84.32148413817505,84.44022363316024,84.56436423011549,84.69344830722095,84.82699870244382,84.96452033412258,85.10550190424671,85.24941768066432,85.39572935380001,85.54388796296695,85.6933358867213,85.84350889110864,85.99383822906728,86.14375278365763,86.29268124721676,86.44005432800225,86.58530697534356,86.72788061392232,86.86722537729058,87.00280233046072,87.13408567105935,87.26056489832273,87.38174693906028,87.49715821965866,87.60634667319673,87.70888367087284,87.80436586711139,87.89241694802566,87.97268927328437,88.04486540188489,88.10865949289884,88.1638185728719,88.21012366229883,88.24739075434148,88.27547163982099,88.29425457343604,88.30366477706673
83.60873458358556,83.61784198849125,83.63602401998209,83.66321521901654,83.69931764106289,83.74420114901844,83.79770380388962,83.85963235331359,83.92976281794017,84.00784117567983,84.09358414371594,84.18668005803276,84.28678985008717,84.39354812000947,84.50656430548405,84.62542394514917,84.74969003503732,84.87890447614316,85.01258961085283,85.15024984540543,85.29137335514608,85.43543386873185,85.58189252691211,85.73019981093265,85.87979753502306,86.03012089677364,86.18060057870963,86.33066489367971,86.4797419661778,86.62726194112435,86.77265921116708,86.91537465304302,87.05485786318141,87.19056938231385,87.321982898603,87.44858741855239,87.56988939482916,87.68541480004156,87.79471113556953,87.89734936459821,87.99292575875982,88.0810636480334,88.16141506394162,88.23366226655087,88.29751914633225,88.35273249257354,88.39908312073372,88.43638685192805,88.46449533856737,88.48329673108071,88.49271618162564
83.79315384409728,83.80227052628851,83.82047107700218,83.84768996664165,83.88382914517886,83.92875833548807,83.98231542455895,84.04430695269629,84.11450870069409,84.19266637502007,84.27849639085848,84.37168675281426,84.47189803285258,84.57876444488491,84.69189501513164,84.8108748471072,84.93526647971925,85.06461133660365,85.19843126436763,85.33623015695578,85.47749566286122,85.62170097133874,85.76830667324616,85.9167626915493,86.06651027591319,86.21698405525537,86.3676141414569,86.51782827692881,86.66705401808794,86.81472094629503,86.96026289728147,87.10312019962248,87.24274191240198,87.37858805185523,87.51013179646726,87.63686165980744,87.7582836202004,87.8739231962925,87.98332745757511,88.08606695905338,88.18173758940796,88.26996232233283,88.35039286105925,88.42271116660064,88.48663086071416,88.54189849532686,88.58829468077646,88.62563506605578,88.6537711651038,88.67259102404441,88.68201972527262
83.9778234506649,83.98694941378587,84.00516849100026,84.03241508212935,84.06859103161023,84.11356592223832,84.16717746692744,84.22923199856608,84.29950505801078,84.37774208017701,84.46365917814155,84.55694402500279,84.65725683310038,84.76423142997767,84.87747643023923,84.99657650210425,85.12109372718685,85.2505690515746,85.38452382590741,85.52246143163747,85.66386899019778,85.80821915123255,85.9549719554943,86.10357676743732,86.25347427195366,86.40409852905387,86.55487907974917,86.70524309578013,86.85461756526043,87.00243150576213,87.14811819587548,87.29111741578866,87.43087768702024,87.56685850109228,87.69853252660334,87.82538778398259,87.94692977701891,88.06268357020117,88.17219580095777,88.27503661593919,88.3708015207138,88.45911313253687,88.53962282621805,88.61201226358347,88.67599479756491,88.73131674262801,88.77775850389925,88.81513555818123,88.84329928087878,88.86213761376231,88.87157556944166
84.1627435665512,84.17187881424474,84.19011642523114,84.21739072872337,84.25360346358488,84.2986240724827,84.35229009418501,84.4144076540913,84.48475205302853,84.56306845425927,84.64907266864074,84.74245203763955,84.84286641382984,84.94994923824854,85.06330871372055,85.18252907300997,85.30717194025718,85.43677778382195,85.57086745818458,85.70894383210434,85.85049349975385,85.99498857095328,86.14188853613065,86.29064220101722,86.44068968550204,86.59146448046141,86.74239555581258,86.89290951239896,87.04243276979837,87.19039378156643,87.33622526892637,87.47936646345497,87.61926534888921,87.75538089181929,87.8871852507488,88.01416595276352,88.1358280269134,88.25169608334774,88.36131632724862,88.46425849674097,88.56011771411838,88.64851624005094,88.7291051207852,88.8015657188338,88.8656111181905,88.9209873957584,88.96747475136561,89.00488848954856,89.03307984712268,89.05193666145776,89.06138387535
84.34791435481661,84.35705889072072,84.37531504274483,84.40261706946347,84.43886660412878,84.48393294922877,84.5376534693175,84.59983408223657,84.67024984868279,84.74864566017375,84.83473702522721,84.92821095355626,85.02872693783753,85.13591803244802,85.24939202828328,85.36873272248133,85.49350128153938,85.62323769590344,85.75746232370068,85.89567752080515,86.03736935391863,86.18200939282919,86.32905657742576,86.47795915449598,86.62815667869988,86.77908207156072,86.93016373166691,87.08082768873818,87.23049979359112,87.3786079355335,87.52458427819812,87.66786750432698,87.8079050596531,87.944155385622,88.07609013043081,88.20319632761796,88.32497853130108,88.44096089709741,88.55068919776373,88.65373276272909,88.74968633085048,88.8381718060645,88.91883990591369,88.99137169347328,89.05547998368354,89.11091061578573,89.1574435842203,89.194894021186,89.22311302485008,89.24198832813886,89.25144480400165
84.53333597831742,84.54248980606813,84.56076450638484,84.58809426718258,84.6243806160627,84.66949271527746,84.72326775511007,84.78551144575574,84.85599860770459,84.93447386061823,85.02065241056661,85.11422093538303,85.21483856770999,85.32213797512283,85.43572653642764,85.55518761297226,85.68008191343533,85.80994895016644,85.94430858475268,86.08266265997818,86.22449671487429,86.36928177898163,86.5164762414414,86.66552778987057,86.81587541348435,86.96695146422294,87.11818376912123,87.2689977865442,87.41881879831816,87.5670741292815,87.71319538524584,87.85662069989696,87.99679698074166,88.13318214387047,88.26524732696205,88.39247906980435,88.51438145138569,88.63047817260289,88.74031457360738,88.84345957496058,88.93950753192442,89.02807999155026,89.1088273425413,89.18143034840601,89.24560155492009,89.30108656355846,89.34766516329204,89.38515231390765,89.41339897486253,89.43229277459575,89.44175851618239
84.71900859970273,84.72817172293121,84.74646497879246,84.77382248451143,84.81014566200109,84.85530353322673,84.9091331141365,84.97143990720339,85.04199849261806,85.12055321808654,85.20681898711861,85.30048214554193,85.40120146583185,85.50860922861153,85.62231240044633,85.74189390672854,85.86691399814181,85.99691170875738,86.13140640342729,86.26989941165479,86.41187574458988,86.55680589132429,86.70414769002582,86.85334826893093,87.0038460515826,87.15507282010942,87.30645582977174,87.45741996734952,87.60738994545042,87.7557925242151,87.90205875140941,88.04562621144127,88.18594127337461,88.32246132772372,88.45465700144351,88.58201434036644,88.70403694815717,88.82024807080153,88.9301926156679,89.03343909427792,89.12958147814152,89.21824095727018,89.29906759139085,89.37174184432345,89.43597599256131,89.49151539971507,89.5381396491988,89.57566352831114,89.60393785774464,89.62285016140744,89.63232517246752
84.90493238141946,84.91410480375329,84.93241662240008,84.95980188387236,84.99616190435205,85.04136556547,85.09524970876835,85.15761962892584,85.2282496657404,85.3068838948661,85.39323691713527,85.48699474624868,85.5878157943762,85.69533195504827,85.80914978242834,85.92885176578895,86.05399769764662,86.18412613360769,86.31875594160533,86.45738793765634,86.59950660483126,86.74458189155874,86.89207108482277,87.04142075325689,87.19206875450664,87.34344630067272,87.4949800750056,87.64609439247491,87.79621339624391,87.94476328152622,88.09117453782007,88.23488420002843,88.37533809855535,88.51199309812644,88.64431931476098,88.77180230013481,88.89394518239216,89.01027075241916,89.12032348462112,89.22367148131154,89.31990833008437,89.40865486376929,89.48956081297317,89.56230634170198,89.62660345705405,89.68219728467754,89.7288672023379,89.76642782478085,89.79472983386688,89.81366064893326,89.82314493321228
85.09110748570687,85.10028921077114,85.1186195994405,85.1460326274859,85.18242950532317,85.22767897419342,85.28161770117327,85.34405077306347,85.41475228918691,85.49346605303855,85.57990636266446,85.6737588995124,85.77468171531508,85.88230631635814,85.99623884425097,86.11606135198475,86.24133317372794,86.37159238644477,86.50635736095597,86.64512839959649,86.78738945715267,86.93260994118074,87.08024658726386,87.22974540421511,87.38054368356396,87.53207206715159,87.68375666599673,87.8350212230316,87.98528931174555,88.13398656219776,88.28054290539492,88.4243948265129,88.56498761707884,88.70177761581203,88.83423442758969,88.96184310972745,89.0841063146519,89.20054637796606,89.3107073409274,89.41415689647512,89.51048824812709,89.59932187137784,89.68030716758153,89.75312400080172,89.81748410863062,89.8731323786497,89.91984798289687,89.95744536348224,89.98577506338616,90.00472439732188,90.01421795855786
85.27753407460204,85.28672510601713,85.30507407193679,85.33251487736479,85.36894862691233,85.41424392137868,85.46823725330815,85.53073350155181,85.60150652486328,85.68029985448021,85.76682748554775,85.86077476713756,85.96179939040901,86.06953247425922,86.18357974759085,86.30352282693872,86.42892058795847,86.55931062878884,86.69421082294356,86.83312095888178,86.97552446290055,87.12089020147273,87.26867435857179,87.41832238296662,87.56927099984907,87.72095028057768,87.8727857637124,88.02420061992073,88.17461785278894,88.32346252699965,88.47016401483897,88.6141582515386,88.75488998952437,88.89181504130032,89.02440250039062,89.15213692954775,89.27452050528682,89.391075107737,89.50134434483434,89.60489549996997,89.70132139242516,89.79024214021226,89.87130681529564,89.94419498166897,90.00861810730693,90.06432084162566,90.1110821508448,90.14871630437045,90.17707370623913,90.19604156650131,90.20554440843281
85.46421230993413,85.4734126513173,85.49178020170766,85.51924879531944,85.55571943091478,85.60106056880211,85.65510852692866,85.71766797612023,85.78851253447051,85.86738546086,85.95400044741893,86.04804251072133,86.14916898121372,86.25701059026467,86.37117265390864,86.49123635206767,86.61676010170454,86.74728102194787,86.88231648882174,87.02136577670689,87.16391178321064,87.30942283351328,87.45735455975837,87.60715185045946,87.75825086424703,87.91008110177131,88.06206752890701,88.2136327438289,88.3641991799984,88.51319133649079,88.66003802664758,88.80417463553435,88.94504537626004,89.08210553489712,89.21482369340937,89.34268391978549,89.46518791443177,89.5818571018177,89.6922346563768,89.79588745178043,89.89240792292011,89.98141583017495,90.06255991597943,90.13551944413628,90.20000561288558,90.25576283338127,90.30256986593453,90.340240807181,90.36862592215174,90.38761231618926,90.39712444254626
85.651142353328,85.66035200829232,85.67873815036792,85.70623454295065,85.74274207891827,85.78812907803416,85.84223168358571,85.90485435829191,85.97577047950521,86.05472303364094,86.14142540970778,86.23556229165263,86.33679064907888,86.44474082567861,86.55901772446477,86.67920208857943,86.80485187612071,86.93550372702728,87.07067451963658,87.20986301406239,87.3525515790128,87.49820799816543,87.6462873516299,87.7962339674346,87.94748343743183,88.0994646913408,88.25160212212197,88.40331775523534,88.55403345378437,88.70317315101423,88.85016510110174,88.99444413871846,89.13545393744101,89.27264925669812,89.40549816668394,89.53348424042052,89.65610870201017,89.77289252007624,89.88337843537008,89.98713291167985,90.08374799934049,90.17284310095202,90.25406662928299,90.3270975478181,90.39164678495261,90.44745851347562,90.49431128770892,90.53201903143649,90.56043187063007,90.57943680588441,90.58895822039626
85.8383243662047,85.84754333836037,85.86594807932548,85.89347228165664,85.93001673230464,85.97544961043856,86.02960688461953,86.09229280938479,86.16328052125404,86.24231273407999,86.32910253363387,86.42333427111494,86.52466455514592,86.6327233415995,86.74711512031028,86.86742019747614,86.993196072156,87.12397890491862,87.259285076227,87.3986128317238,87.54144401102198,87.68724585608784,87.83547289477593,87.98556889442017,88.13696887986767,88.28910120968294,88.44138970369089,88.5932558144054,88.74412083434743,88.8934081307071,89.04054539826907,89.18496692109616,89.32611583300918,89.46344636658301,89.59642608003271,89.72453805121292,89.84728302772861,89.9641815221673,90.07477584142192,90.17863203922596,90.27534178119984,90.36452411201681,90.44582711464156,90.51892945211628,90.58354178287937,90.63940804125559,90.68630657548889,90.7240511364417,90.75249171097136,90.77151519487118,90.78104590126004
86.025758509777,86.03498680272814,86.05341014978504,86.08096217262968,86.11754355225278,86.16302232717386,86.21723429116719,86.27998349051184,86.35104282080215,86.43015472322894,86.51703198021399,86.61135861008347,86.71279086034981,86.82095829891543,86.93546500228597,87.0558908395483,87.18179285055213,87.31270671630753,87.44814831921893,87.58761539026341,87.73058923974928,87.87653656772872,88.0249113495831,88.17515679173553,88.32670735180872,88.47899081698836,88.6314304337359,88.78344708139319,88.93446148167627,89.08389643549071,89.2311790780087,89.37574314245839,89.51703122269606,89.65449702422102,89.78760759306591,89.91584551171559,90.03871105108188,90.15572426753329,90.26642703392191,90.37038499375954,90.46718942779562,90.55645902262516,90.6378415312745,90.71101531621782,90.77569076582265,90.83161157585006,90.87855588838397,90.91633728129017,90.94480560225061,90.9638476422194,90.97338764420282
86.21344494505291,86.22268256240288,86.24112452274193,86.26870437685469,86.30532269973195,86.35084738919365,86.4051140641597,86.46792656257543,86.53905753902224,86.61824916192931,86.70521391025518,86.79963546932998,86.9011697254184,87.00944585831189,87.1240675310283,87.24461417538437,87.37064237184073,87.50168732167397,87.63726440903476,87.7768708500413,87.91998742549558,88.06608029332338,88.21460287622429,88.36499781949112,88.51669901329744,88.66913367323187,88.82172447216514,88.97389171604343,89.12505555554682,89.27463822507573,89.42206629996338,89.56677296238834,89.70820026601592,89.84580138906425,89.97904286517735,90.10740678126197,90.23039293135055,90.34752091539994,90.45833217204687,90.56239193441174,90.65929109821205,90.74864799182075,90.83011003818737,90.9033552990925,90.96809389272245,91.02406927617582,91.07105938528623,91.1088776248567,91.13737370333064,91.1564343067819,91.16598360807423
86.40138383283471,86.4106307781834,86.42909135898726,86.45669905511298,86.49335433550708,86.53892495724402,86.59324636432207,86.65612218627668,86.72732483658753,86.80659621082145,86.89364848436003,86.98816500941602,87.08980131087174,87.19818618026315,87.31292286696562,87.43359036535807,87.55974479634423,87.69092088128379,87.8266335058856,87.9663793712095,88.10963872835184,88.25587719290063,88.40454763466312,88.55509213758292,88.70694402416872,88.8595299381807,89.01227197867972,89.16458987798644,89.3159032155238,89.4656336589613,89.61320722356821,89.75805654025162,89.89962312227321,90.03735962035678,90.17073205554541,90.29922201897651,90.42232882760074,90.5395716247781,90.6504914147576,90.7546530200931,90.851646951319,90.94109117843195,91.02263279417019,91.09594955949707,91.16075132230576,91.21678130093257,91.26381722487515,91.3016723257993,91.33019617285873,91.34927534719596,91.35883395150705
86.58957533372015,86.5988316106609,86.6173108191084,86.64494636797824,86.68163862014156,86.72725519186575,86.78163135217221,86.84457052210661,86.91584487395949,86.99519603033306,87.08233586292185,87.1769473906964,87.27868577702385,87.38717942503607,87.5020311703175,87.6228195696398,87.74910028418043,87.88040755519779,88.0162557697724,88.15614111371065,88.29954330819739,88.44592742627894,88.59474578465505,88.74543990570086,88.89744254404137,89.05017977138864,89.20307311276487,89.35554172664308,89.50700462096275,89.65688289643171,89.80460200804198,89.94959403520343,90.09129995055994,90.22917187712811,90.36267532314302,90.49129138377,90.61451889868452,90.73187655447076,90.84290492080208,90.94716840950731,91.04425714577107,91.13378874107133,91.21540995779631,91.28879825597338,91.35366321308275,91.40974780860337,91.45682956561296,91.49472154256506,91.52327316926586,91.54237092188458,91.55193883291874
86.77801960810059,86.78728522022422,86.80578306348288,86.83344647581784,86.8701757139829,86.91583825339308,86.97026918802193,87.03327173035244,87.10461781139514,87.18404878068878,87.27127620612833,87.3659827733207,87.46782328398045,87.57642575269365,87.69139260109368,87.81230194819119,87.93870899525757,88.07014750326977,88.20613136049163,88.34615623727873,88.48970132470517,88.63623115306638,88.78519748574156,88.93604128332301,89.08819473232903,89.2410833322018,89.39412803369969,89.54674742122393,89.69835993100149,89.84838609656337,89.99625081239195,90.14138560618613,90.28323090975367,90.42123831819112,90.55487282672047,90.68361503433621,90.80696330324317,90.92443586306028,91.03557284871495,91.13993826113696,91.23712184000708,91.32674083813733,91.4084416874303,91.48190154684636,91.54682972334884,91.6029689574596,91.6500965657453,91.68802543338337,91.7166048507679,91.73572118905496,91.74529841051334
86.96671681615884,86.97599176705384,86.99450825228348,87.022199538795,87.05896577718241,87.10467430195547,87.15916003197881,87.22222597109469,87.29364380894553,87.37315462190637,87.46046967396343,87.55527131722967,87.65721399163766,87.76592532308572,87.88100731910069,88.00203766076548,88.12857108927278,88.26014088514097,88.3962604376252,88.536424901438,88.68011293733746,88.82678853266239,88.97590289725773,89.12689642971664,89.27920074823197,89.43224077975106,89.58543690054866,89.73820712072357,89.88996930457121,90.04014341821697,90.18815379541398,90.3334314119297,90.47541615852033,90.6135591021483,90.74732472482071,90.87619312915598,90.99966219970004,91.11724970891831,91.22849535681495,91.33296273325438,91.4302411922538,91.51994762781328,91.60172814121351,91.67525959022602,91.74025101118458,91.79644490555239,91.84361838330511,91.88158415626741,91.91019137536534,91.92932630669864,91.93891284227738
87.15566711787639,87.1649514111244,87.18348654548213,87.21120571686649,87.24800896967899,87.29376349747396,87.3483040439397,87.41143340420389,87.48292302645285,87.56251371379673,87.64991642619552,87.74481318215683,87.84685805968999,87.95567829586001,88.07087548393572,88.192026866907,88.31868672571903,88.4503878602464,88.58664316055152,88.72694726550439,88.87077830534913,89.01759972425634,89.1668621783276,89.31800550394077,89.47046075074144,89.6236522729614,89.77699987216538,89.92992098393009,90.08183290038909,90.23215502004216,90.38031111569185,90.52573161095233,90.66785585531049,90.80613438738979,90.94003117577168,91.06902582649991,91.19261574626728,91.31031825020175,91.42167260320609,91.52624198391396,91.62361536052217,91.71340926806856,91.79526947707836,91.86887254400946,91.93392723445683,91.99017581072277,92.03739517611017,92.07539786901523,92.10403290084349,92.12318643258978,92.13278228598045
87.34487067302497,87.35416431220654,87.37271810283454,87.40046516978173,87.43730545120863,87.48310599966368,87.53770138359963,87.60089418935,87.67245562355465,87.7521262159627,87.83961662239724,87.9346085276284,88.03675564761923,88.145684830452,88.26099725498648,88.38226972595392,88.50905606387676,88.64088858781163,88.7772796884361,88.91772348858296,89.0616975877805,89.20866488682718,89.35807548786461,89.50936866484157,89.6619748986357,89.81531797054205,89.96881710719369,90.12188916941705,90.2739508769643,90.42442106047957,90.57272293159545,90.71828636155668,90.86055015836622,90.99896433209273,91.13299233768781,91.26211328442251,91.3858241009417,91.50364164485389,91.61510474578203,91.71977617096083,91.8172445026084,91.90712591665755,91.98906585273997,92.06274056587885,92.12785855081334,92.18416183059466,92.2314271017602,92.26946672921206,92.29812958477214,92.31730172429182,92.32690689918111
87.53432764117225,87.54363062986131,87.56220308390168,87.58997805708378,87.6268553812989,87.67270196803531,87.72735221044506,87.7906084859902,87.86224175968222,87.94199228779978,88.02957042192352,88.12465751296627,88.22690691470284,88.33594508609346,88.4513727914336,88.57276639703167,88.69967926282185,88.83164322685536,88.96817018023803,89.1087537295734,89.25287094346913,89.39998417914424,89.54954298457268,89.70098607105531,89.85374335048498,90.00723803099575,90.16088876406528,90.31411183554813,90.46632339258743,90.61694169775268,90.76538940128417,90.91109582183533,91.05349922571223,91.19204909421914,91.32620836846986,91.45545566076343,91.57928742150683,91.69722005060156,91.80879194221649,91.91356545201913,92.01112877609458,92.10109773111938,92.18311742570127,92.25686381329835,92.32204511769136,92.37840312257553,92.42571431764195,92.46379089422314,92.49248158450514,92.51167233915018,92.52128683921951
87.72403818167861,87.73335052344864,87.75194164803054,87.77974453811072,87.81665891927247,87.86255156189253,87.91725668375587,87.98057645338015,88.05228159405777,88.13211208849981,88.21977798393019,88.3149602972806,88.41731202000828,88.52645922180633,88.64200225224876,88.76351703906471,88.89055648141985,89.02265193618439,89.15931479470605,89.30003814716021,89.44429853103689,89.59155775976845,89.74126482694594,89.89285788100946,90.04576626464575,90.19941261261181,90.35321500100076,90.50658914047406,90.65895060534302,90.80971708987785,90.95831068270465,91.10416014966943,91.24670321516383,91.38538883151833,91.51967942580602,91.64905311315219,91.77300586553496,91.89105362496367,92.00273434997474,92.10760998450478,92.20526833834822,92.29532486878047,92.37742435324522,92.45124244352189,92.51648709231105,92.57289984385986,92.62025698092667,92.65837052120571,92.68708905718285,92.70629843429143,92.71592226321941
87.91400245369779,87.92332415211877,87.94193395436291,87.96976477199651,88.00671622424582,88.05265494033048,88.10741496260567,88.17079825056669,88.24257528569665,88.32248577704446,88.41023946736195,88.50551703947876,88.60797112239761,88.71722739640386,88.83288579619875,88.95452181076219,89.08168787832761,89.21391487439998,89.35071369038057,89.49157689982415,89.63598050890035,89.78338578704883,89.93324117326925,90.08498425291916,90.23804379926825,90.39184187346746,90.54579597600969,90.69932124213501,90.85183267309962,91.00274739465516,91.15148693358917,91.29747950272382,91.44016228432089,91.57898370152758,91.71340566716968,91.84290579900382,91.96697959037982,92.08514252523551,92.19693212630327,92.3019099256166,92.39966334652257,92.4898074867489,92.57198679244537,92.64587661358296,92.71118463167721,92.76765215142572,92.81505524856864,92.85320576709258,92.88195215972912,92.90118016663298,92.91081332809362
88.10422061618206,88.11355167481466,88.13218016183919,88.16003891766428,88.1970274551289,88.24301226224136,88.29782720586053,88.36127403638964,88.43312299341223,88.51311351221052,88.60095503095759,88.69632789825644,88.7988843805247,88.90824976849501,89.02402358183907,89.14578087063224,89.27307361199522,89.40543219989348,89.54236702559366,89.68337014583409,89.8279170352658,89.97546841912691,90.1254721816144,90.27736534479234,90.43057611228868,90.58452597143376,90.73863184689101,90.89230829826067,91.04496975351906,91.19603276967649,91.34491831146225,91.49105403845428,91.63387659057483,91.77283386157303,91.9073872498243,92.03701387551624,92.16120875318758,92.27948690851046,92.3913854282383,92.49646543233914,92.59431395755529,92.68454574192361,92.76680490015899,92.84076648030425,92.90613789258093,92.96266020203669,93.01010927731241,93.04829678861029,93.0770710488519,93.09631769287546,93.10596019053602
88.29469282787367,88.30403325027783,88.3226804291887,88.35056713383356,88.38759277062525,88.43362368630761,88.48849357218485,88.55200396948389,88.6239248758054,88.70399545256697,88.791924833248,88.8873930321042,88.99005195283702,89.0995264964776,89.21541576752,89.33729437696746,89.46471384066272,89.59720407084815,89.7342749584666,89.87541804325171,90.02010826812918,90.16780581393259,90.31795800984585,90.47000131442385,90.62336336143485,90.77746506416504,90.93172277123128,91.08555046636783,91.23836200404995,91.3895733723183,91.53860497363144,91.6848839141039,91.82784629109842,91.96693946876391,92.10162433081851,92.23137749968224,92.35569351088485,92.47408693165944,92.58609441260079,92.69127666144475,92.78922032817326,92.87953979098396,92.96187883302669,93.0359122002949,93.10134703159804,93.15792415224226,93.2054192236813,93.2436437422654,93.27244588104595,93.29171116950232,93.30136300702726
88.48541924730688,88.49476903704014,88.51343491493635,88.54134957901712,88.57841232923273,88.62448937100885,88.67941422002959,88.74298820827634,88.81498109127362,88.89513175647602,88.98314903255803,89.07871259930815,89.18147399757167,89.2910577385434,89.40706251138266,89.5290624878591,89.65660872236293,89.78923064523742,89.92643764691486,90.06772074992674,90.21255436527676,90.36039812918683,90.51069881561756,90.66289231939979,90.81640570422259,90.97065930910946,91.12506890640891,91.2790479037642,91.43200958192516,91.58336935974945,91.73254707719535,91.87896928670061,92.02207154285786,92.16130067999964,92.29611706698684,92.4259968282713,92.55043402018849,92.66894275134268,92.78105923599811,92.88634376948879,92.98438261488484,93.07478979039891,93.15720874748021,93.23131392994432,93.29681220508978,93.35344415837625,93.4009852439879,93.43924678434968,93.46807681259037,93.4873607527831,93.4970219338314
88.67640003281508,88.68575919342871,88.70444377740071,88.73238641152305,88.76948628924133,88.81560947461492,88.87058930764687,88.93422691098803,89.00629179800707,89.08652258209196,89.17462778700622,89.27028675794327,89.37315067276292,89.48284365267804,89.59896397136032,89.72108536118537,89.84875841491984,89.98151208082709,90.11885524864319,90.26027842350172,90.40525548428704,90.55324552240361,90.70369475637497,90.8560385170947,91.00970329795781,91.16410886350334,91.31867040958748,91.47280076754254,91.62591264417156,91.7774208889229,91.92674477904077,92.07331031306475,92.2165525026025,92.35591765196641,92.49086561495166,92.62087201784796,92.74543043760185,92.8640545240062,92.97628005482157,93.08166691281662,93.17980097398869,93.27029589642025,93.35279479972961,93.4269718254334,93.49253356920192,93.54922037655712,93.59680749432647,93.63510607094295,93.66396399954935,93.68326659877383,93.69293712699937
88.86763534252154,88.8770038775633,88.89570717469618,88.92367778945253,88.96081480873667,89.00698415519263,89.06201899307293,89.12572023563266,89.19785715398936,89.27816808736715,89.36636125450234,89.46211566587726,89.5650821362328,89.67488439665678,89.79112030518016,89.91336315461817,90.04116307594907,90.17404853517331,90.3115279211474,90.4530912214124,90.59821178252987,90.74634815088376,90.89694598935141,91.049440064675,91.20325629973733,91.35781388437135,91.5125274377219,91.66680921458766,91.82007134760283,91.97172811658366,92.12119823583988,92.26790714979886,92.4112893268711,92.55079054113641,92.68587013112337,92.8160032247593,92.94068291941308,93.05942240588514,93.17175702525155,93.27724624755623,93.3754755615643,93.46605826508834,93.54863714577607,93.62288604272531,93.68851127986896,93.74525296269158,93.79288613058162,93.83122175790713,93.86010759777214,93.8794288633118,93.88910874236613
89.05912533434746,89.06850324736064,89.08722526472847,89.1152238706998,89.15239804559938,89.1986135706,89.2537034341489,89.31746834001919,89.38967731699584,89.4700684300407,89.55834959275126,89.65419948077378,89.75726854560114,89.86718012804926,89.98353167035798,90.10589602562274,90.2338228628592,90.36684016562758,90.50445582171433,90.6461593008798,90.79142341716322,90.93970617171948,91.09045267157153,91.24309711909486,91.39706486644465,91.55177452852912,91.70664014755779,91.8610734015731,92.01448584881939,92.16629119926228,92.31590760405568,92.46275995329843,92.60628217199076,92.74591950377146,92.8811307716996,93.01139060514167,93.13619162169964,93.25504655299778,93.36749030325582,93.47308192962318,93.57140653348337,93.66207705222786,93.74473594140426,93.81905673756864,93.88474549280772,93.94154207247036,93.98922130842037,94.02759400089248,94.05650776289326,94.0758477020261,94.08553693555291
89.25087016600177,89.26025746052944,89.27899820519958,89.30702481295322,89.3442361574997,89.3904978784916,89.44564278849974,89.509471381749,89.58175244459946,89.66222376764827,89.7505929592493,89.84653836008832,89.94971005827662,90.05973100421716,90.1761982242052,90.2986841314564,90.42673793284978,90.55988712932837,90.69763910742486,90.83948281892216,90.98489054513755,91.13331974179503,91.28421495985111,91.4370098371029,91.59112915475755,91.74599095258006,91.90100869562684,92.05559348496035,92.2091563042135,92.36111029327952,92.51087303993845,92.6578688797456,92.80153119407532,92.94130469592052,93.0766476926633,93.20703431491827,93.33195670032458,93.45092712114979,93.56348004458555,93.66917411472058,93.76759404539865,93.85835241345059,93.94109134218665,94.01548406550008,94.08123636352038,94.13808786136697,94.18581318329552,94.2242229553333,94.25316465033494,94.27252327032579,94.2822218619667
89.44286999499612,89.4522666745715,89.47102615360312,89.49908077369845,89.53632930190649,89.58263723631202,89.63783721355125,89.7017295182182,89.77408269416185,89.85463425751915,89.94309151128539,90.0391324610671,90.14240683146093,90.25253718231362,90.36912012382504,90.49172762916625,90.61990844291219,90.7531895832089,90.89107793514962,91.03306193234494,91.1786133231944,91.32718901778348,91.47823301079568,91.63117837523252,91.7854493211399,91.94046331291928,92.09563323825117,92.25036962099985,92.4040828699637,92.55618555474317,92.70609469952657,92.8532340851084,92.99703654902642,93.13694627341756,93.27242104978575,93.40293450979598,93.5279783109374,93.64706426593695,93.75972640478155,93.86552295833536,93.96403825275239,94.05488450415298,94.13770350347907,94.21216818183998,94.27798404729899,94.3348904846453,94.3826619104455,94.42110877644943,94.4500784153015,94.469455723409,94.47916367679927
89.63512497862918,89.64453104678616,89.6633092672286,89.69139191020889,89.72867763607867,89.7750318013044,89.83028686651703,89.89424290661249,89.96666822284074,90.04730005677432,90.13584540594489,90.2319819407534,90.33535902215094,90.44559881928733,90.56229752611321,90.6850266755939,90.81333454982898,90.94674768399304,91.0847724615495,91.2268967977468,91.37259190786615,91.52131415615094,91.67250698080046,91.82560288981206,91.98002552184707,92.13519176573017,92.29051393154465,92.44540196573345,92.5992657020395,92.75151713955186,92.90157273864956,93.04885572514519,93.1927983925348,93.33284439188591,93.46845099862857,93.59909134527587,93.72425660897702,93.84345814273696,93.95622953916765,94.06212861574531,94.16073931077234,94.25167347952046,94.33457258042776,94.4091092416971,94.47498869921753,94.53195009735289,94.57976764489415,94.61825161924467,94.64724921278376,94.6666452162551,94.67636253502691
89.82763527399827,89.837050734263,89.8558477031603,89.8839583795585,89.92128131707368,89.96768173050155,90.02299190441143,90.08701170391866,90.15950918758807,90.24022132233269,90.32885480010341,90.42508695598089,90.52856678713684,90.63891607187885,90.75573058775727,90.87858142737291,91.00701641017994,91.14056158819872,91.27872284307968,91.42098757151746,91.56682645547635,91.71569531315225,91.86703702605293,92.02028353695428,92.1748579129249,92.33017646698707,92.48565093140716,92.64069067498943,92.79470495619779,92.94710520339238,93.09730731291972,93.2447339554031,93.38881688007868,93.52899920673978,93.66473769453735,93.79550497663871,93.92079174966534,94.0401089067194,94.15298960285953,94.25899124201003,94.35769737447143,94.44871949452077,94.53169872796009,94.60630739996489,94.67225047413861,94.72926685432441,94.77713054145465,94.81565163851513,94.84467719756164,94.86409190363635,94.87381859141404
90.02040103799101,90.02982589388793,90.04864161827628,90.07678033861133,90.11414050173879,90.16058718073343,90.21595248403645,90.28003606691142,90.35260574514687,90.43339821089994,90.52211985043199,90.61844766337691,90.72203028299732,90.83248909661874,90.94941946523885,91.07239204092843,91.20095418032906,91.33463145212993,91.47292923598486,91.61533440983924,91.7613171221402,91.91033264483552,92.06182330253017,92.21522047256973,92.36994665020961,92.52541757245308,92.68104439353154,92.83623590438701,92.99040078798743,93.14294990173872,93.29329857774366,93.44086893121815,93.58509216692308,93.72541087317835,93.86128129264797,93.99217555895983,94.11758388801888,94.23701671283754,94.35000675075678,94.45611099198003,94.55491259865377,94.64602270391384,94.72908210079417,94.80376281132341,94.86976952671057,94.9268409101793,94.97475075472151,95.0133089888358,95.04236252419835,95.06179594010315,95.0715320005097
90.21342242729621,90.22285668234304,90.24169116924672,90.26985794402799,90.30725534671961,90.35374830862304,90.409168761992,90.473316152161,90.5459580520575,90.62683087898102,90.71564071339253,90.81206421936326,90.91574966610878,91.02631804983372,91.14336431482958,91.2664586724786,91.3951480164391,91.52895743188975,91.66739179630207,91.80993746868255,91.95606406376254,92.10522630703707,92.25686596600187,92.41041385235509,92.56529188932527,92.72091523768229,92.87669447340025,93.03203780933566,93.18635335274344,93.33905138985675,93.48954668831438,93.63726080770984,93.78162440812469,93.92207954618924,94.05808194788312,94.18910324709836,94.31463317883384,94.43418171583586,94.5472811375461,94.65348802029142,94.75238513790518,94.84358326224142,94.92672285343342,95.00147563023954,95.06754601136656,95.12467241932512,95.17262843907908,95.21122382457204,95.24030534704376,95.25975747999966,95.26950291665013
90.4066995983863,90.41614325610202,90.43499651254086,90.4631913522612,90.50062600845114,90.54716527058834,90.60264089467225,90.66685211603287,90.73956626465251,90.82051948287169,90.90941754524461,91.00593678015314,91.10972509264144,91.2204030876431,91.33756529259628,91.46078147803537,91.58959807446168,91.72353968337086,91.86211067986154,92.00479690381346,92.1510674360427,92.30037645538731,92.45216517202383,92.60586383179717,92.76089378568953,92.91666961801937,93.0726013262809,93.2280965450329,93.38256280559165,93.53540982279874,93.68605179961587,93.83390973979513,93.9784137585264,94.119005380548,94.25513981495384,94.38628819570239,94.51193977669811,94.63160407024156,94.74481291770331,94.85112248136738,94.95011514660257,95.0414013238355,95.12462114016857,95.19944601096718,95.26558008233056,95.3227615359536,95.3707637486971,95.40939629987498,95.43850582023408,95.45797667744921,95.46773149395699
90.6002327075421,90.60968577143426,90.62855780441666,90.6567807195615,90.6942526431671,90.74083822283951,90.7963690382619,90.86064411468523,90.93343053905694,91.01446417866391,91.10345050203668,91.2000655017556,91.30395671855362,91.4147443659582,91.5320225544001,91.65536061340207,91.78430451014303,91.91837836225518,92.05708604228565,92.19991287078803,92.34632739446917,92.49578324530677,92.6477210759519,92.80157056617723,92.95675249451182,93.11268086859701,93.2687651072389,93.42441226646925,93.57902930144705,93.73202535540965,93.88281406641727,94.03081588217168,94.17546037276004,94.31618853082024,94.45245504835843,94.58373055920856,94.70950383598999,94.82928393037359,94.94260224549092,95.04901452941877,95.14810277890848,95.23947704281379,95.32277711507469,95.39767410754736,95.46387189360712,95.52110841404631,95.56915683753085,95.60782656868066,95.63696409769183,95.65645368636758,95.6662178863388
90.7940219108256,90.80348438440447,90.82237520093373,90.85062620197048,90.888135406895,90.93476732138306,90.99035334874476,91.05469230407154,91.12755103119339,91.20866512224107,91.29773973961787,91.39445053997264,91.49844469960098,91.60934204048439,91.72673625589118,91.85019623417433,91.97926747902098,92.11347362402219,92.25231803898707,92.39528552495356,92.54184409432277,92.69144683200743,92.84353383292326,92.99753421056577,93.15286817078803,93.30894914434272,93.4651859711227,93.62098512842142,93.77575299501709,93.92889814232281,94.07983364328192,94.22797938933367,94.37276440524809,94.5136291513599,94.65002780238777,94.78143049184085,94.90732551086953,95.02722145033665,95.14064927496024,95.2471643184444,95.34634818876961,95.43781057308107,95.52119093201792,95.59616007380666,95.66242159899349,95.71971320737022,95.7678078593252,95.8065147847136,95.8356803331275,95.85518866045425,95.86496224749239
90.98806736410454,90.9975392508712,91.01644885793985,91.0447279553281,91.08227445545452,91.12895272202083,91.18459398189458,91.24899683994002,91.32192789677718,91.40312246928288,91.49228541362355,91.58909205039839,91.69318919133437,91.80419626672139,91.921706552517,92.04528849574366,92.17448713642742,92.30882562394048,92.44780682517172,92.59091502145266,92.73761769067781,92.88736737049265,93.03960359787432,93.19375491982365,93.34924096930612,93.50547459997077,93.66186407257729,93.81781528545612,93.97273404079522,94.12602833795809,94.27711068455841,94.42540041555736,94.57032601019952,94.71132739630863,94.84785823111518,94.97938814761248,95.10540495529077,95.2254167840257,95.33895415994765,95.4455720022294,95.54485152992724,95.63640206833081,95.71986274465166,95.79490406336133,95.86122935207247,95.91857606947747,95.96671696760968,96.00546110148521,96.03465468003984,96.05418175319589,96.06396473089863
91.18236922303586,91.19185052648933,91.21077893108068,91.239086135266,91.2766699444628,91.32339458034967,91.37909109328446,91.44355787783209,91.5165612913147,91.59783637526172,91.687087679488,91.78399018842435,91.88819034909636,91.99930719996075,92.11693359951585,92.24063755329138,92.36996363748446,92.5044345170746,92.64355255584037,92.78680151521668,92.93364833839688,93.08354501555765,93.23593052552768,93.39023284860282,93.54587104464711,93.70225738998789,93.85879956603421,94.01490289193546,94.16997259306798,94.3234160965293,94.47464534438907,94.62307911491222,94.7681453416139,94.90928341959855,95.04594648840755,95.17760368032546,95.30374232299435,95.42387008512081,95.53751705408132,95.64423773434918,95.7436129559062,95.83525168204316,95.91879270641198,95.99390622961234,96.06029530621333,96.11769715371152,96.16588431570146,96.2046656722944,96.23388729170864,96.25343311786723,96.2632254898254
91.37692764307151,91.38641836670803,91.40536557579883,91.43370089721377,91.47132202933278,91.51809305175638,91.5738448382784,91.63837557308437,91.71145137011378,91.79280699544533,91.88214669243901,91.9791451092326,92.08344832802115,92.19467499528851,92.31241755191901,92.43624356179515,92.56569713711258,92.7003004582777,92.83955538578235,92.98294516097206,93.12993619214004,93.27997992179242,93.43251477040003,93.58696815134796,93.74275855118242,93.89929766869207,94.05599260571596,94.21224810200837,94.36746880591018,94.52106157203863,94.67243777670161,94.82101564125865,94.96622255328018,95.10749737495019,95.24429272791964,95.37607724356948,95.50233776750932,95.62258150709442,95.73633811077426,95.84316166816623,95.94263262001942,96.03435956748675,96.11798097052754,96.19316672575073,96.25961961457187,96.31707661319987,96.36531005670619,96.40412865022708,96.43337832120756,96.45294290753024,96.46274467733208
91.57174277946183,91.5812429267691,91.60020894732853,91.62857239639371,91.66623086526927,91.71304829142862,91.76885537203891,91.83345008082743,91.90659828826888,91.9880344848965,92.07746260749728,92.17455696780154,92.2789632830408,92.3902998075851,92.50815856455594,92.6321066760236,92.76168779001844,92.89642360219828,93.03581546958236,93.17934611323473,93.32648140635418,93.47667224357264,93.62935648680123,93.7839609822955,93.93990364307558,94.09659559017173,94.25344334563887,94.4098510696147,94.56522283318797,94.71896491827998,94.87048813521784,95.01921014824475,95.16455779877741,95.30596941587334,95.44289710309485,95.57480899072502,95.70119144214998,95.8215512032035,95.9354174832309,96.0423439568305,96.14191067536883,96.23372587771817,96.31742769001488,96.39268570475494,96.45920243009563,96.5167146008605,96.5649943435174,96.60385018815508,96.63312792139534,96.65271127503327,96.66252244626303
91.76681478725001,91.7763243617156,91.79530920070091,91.82370078782529,91.86139660727288,91.90826045434765,91.9641228495182,92.02878155598953,92.10200220067897,92.18351899847076,92.27303557947963,92.37022591890403,92.47473536888077,92.58618179152496,92.7041567920446,92.82822705054006,92.95793575070707,93.09280410328077,93.23233296161719,93.37600452631754,93.52328413528328,93.67362213507464,93.82645582883129,93.98121149547403,94.1373064742779,94.29415130830657,94.45115193960788,94.60771194848607,94.76323482855871,94.91712628883514,95.06879657344727,95.21766278930943,95.36315123147276,95.50469969566664,95.64175976716656,95.77379907495917,95.90030350002918,96.02077932649735,96.1347553244425,96.24178475328085,96.34144727484586,96.43335076558247,96.51713301767505,96.5924633193904,96.65904390551529,96.71661126939618,96.76493732881278,96.8038304387418,96.83313624491828,96.85273837301379,96.86255894924814
91.96214382127596,91.97166282637947,91.9906664907447,92.01908622632035,92.0568194101439,92.10372969528868,92.15964742547149,92.22437015329211,92.29766326202751,92.37926069082008,92.46886576299754,92.56615211710513,92.67076474005862,92.78232110157525,92.90041238880036,93.0246048397036,93.15444117347654,93.28944211575698,93.42910801605832,93.5729205543225,93.72034453296341,93.87082975026162,94.02381295038202,94.17871984470241,94.33496719853925,94.49196497676935,94.64911854122008,94.80583089214392,94.96150494547176,95.11554583707873,95.26736324469121,95.41637371767987,95.56200300452515,95.7036883674219,95.84088087315551,95.97304764923187,96.09967409403822,96.2202660298124,96.33435178719084,96.44148421024634,96.54124257112719,96.63323438371275,96.71709710610197,96.79249972221191,96.85914419335523,96.91676677130262,96.96513916506296,97.00406955443404,97.03340344421116,97.05302435389613,97.06285433870879
92.15773003617397,92.16725847539641,92.18628097208132,92.21472886649015,92.25249942847161,92.29945616882236,92.35542925444126,92.42021602725065,92.4935816268014,92.57525971639222,92.66495331245636,92.7623357167681,92.86705155088816,92.97871789199793,93.09692550902959,93.22124019766296,93.35120421241879,93.48633779365676,93.62614078687021,93.77009435114724,93.91766275321939,94.0682952428894,94.22142800514037,94.3764861835926,94.5328859693952,94.69003674902146,94.84734330386472,95.00420805390145,95.1600333371636,95.31422371617587,95.46618830204177,95.61534308637644,95.76111327088422,95.90293558401673,96.0402605738768,96.17255486629057,96.2993033768651,96.42001146577545,96.53420702404625,96.64144248024553,96.74129671668297,96.83337688453173,96.91732010767566,96.99279506556279,97.05950344592314,97.11718125885722,97.16560000452537,97.20456768747162,97.23392967149786,97.25356936989465,97.2634087668525
92.35357358637648,92.3631114631884,92.38215279912765,92.41062886274001,92.44843681664706,92.49544002931768,92.55146849077104,92.61631933217994,92.6897574492785,92.77151622942858,92.86129838205734,92.95877687205005,93.06359595548048,93.17537231685316,93.29369630673759,93.41813327836475,93.5482250214171,93.68349129080482,93.82343142780755,93.9675260704818,94.11523894967358,94.26601876650909,94.4193011465831,94.57451066555052,94.73106294017782,94.88836677832171,95.04582638072142,95.20284358686568,95.35882015666552,95.51316007908066,95.6652718983797,95.81457104820926,95.96048218328784,96.10244149812347,96.2398990219319,96.37232087867255,96.49919150098528,96.62001578680177,96.73432118736744,96.84165971558286,96.9416098637679,97.03377842025006,97.1178021745663,97.19334950157332,97.26012181531756,97.31785488413281,97.36631999924468,97.40532498988007,97.43471507878857,97.45437357300847,97.46422238567689
92.54967462611005,92.5592219439814,92.5782821260995,92.60678636927159,92.64463172885267,92.69168143093505,92.7477652885978,92.81268022218524,92.88619088353299,92.9680303839657,93.05790112579561,93.15547573690077,93.26039810773607,93.3722845299913,93.49072493572136,93.61528423555009,93.74550375415339,93.88090276081334,94.02098009242467,94.1652158658104,94.31307327574306,94.46400047446456,94.61743252798045,94.77279344377202,94.92949826400816,95.08695521771519,95.24456792476181,95.40173764393299,95.55786555680032,95.71235507854351,95.86461418637883,96.01405775577994,96.16010989426512,96.3022062622,96.43979636971476,96.57234583870648,96.69933861866377,96.82027914509793,96.9346944293033,97.04213606835515,97.14218216443084,97.23443914286894,97.31854345873,97.39416318216742,97.46099945342849,97.51878779898676,97.5672993010575,97.60634161347492,97.63575981788316,97.65543711503138,97.66529534696672
92.74603330939847,92.75559007179324,92.77466910700721,92.80320154008159,92.84108431907039,92.8881805276361,92.94431980185585,93.00929885117262,93.08288208343598,93.16480233383733,93.2547616974668,93.352432465067,93.45745816135515,93.56945468505907,93.68801154957211,93.8126932227515,93.94304056409914,94.07857235709791,94.21878693406569,94.36316389041012,94.51116588463168,94.66224051989235,94.81582230239887,94.97133467124797,95.12819209380346,95.28580222004368,95.44356808875182,95.60089037779063,95.75716969017827,95.9118088671,96.06421531850621,96.2138033614792,96.35999655613838,96.50223002849789,96.63995276940791,96.77262989850963,96.89974488195664,97.0208016926605,97.13532690179589,97.2428716904489,97.34301377050768,97.43535920417786,97.51954411191794,97.5952362590546,97.66213651192957,97.71998015506891,97.76853806158513,97.80761770985873,97.83706404037339,97.85676014753975,97.86662780229696
92.94264979006049,92.95221600044027,92.97131389565715,92.99987452896443,93.03779474107527,93.08493747317536,93.14113218427406,93.20617537284193,93.27983120265401,93.36183223267082,93.45188025065298,93.5496472100939,93.65477626983123,93.76688293549962,93.88555630167703,94.01036039329894,94.14083560452396,94.2765002328609,94.41685210586988,94.5613702973531,94.70951692934331,94.86073905572373,95.01447062269315,95.17013450076293,95.3271445822723,95.48490793794079,95.6428270252492,95.80030194092204,95.95673270920935,96.11152159708213,96.26407544701529,96.41380801749243,96.56014232101982,96.70251294906043,96.84036837298693,96.97317320999224,97.10041044270983,97.2215835812754,97.3362187565721,97.44386673353904,97.54410483362246,97.63653875575822,97.72080428566821,97.79656888373391,97.86353314229034,97.92143210381387,97.97003643224095,98.00915343042563,98.03862789763501,98.05834282190412,98.06821990303074
93.13952422171597,93.14909988353486,93.1682166456549,93.19680548951209,93.23476314844225,93.28195242110435,93.33820258937982,93.40330994068832,93.47703839464873,93.55912023389368,93.64925693874065,93.74712012531653,93.85235258645406,93.96456943455003,94.08335934522032,94.20828590031667,94.33888902849327,94.47468654110192,94.61517576077088,94.75983523950356,94.90812656267329,95.05949623467883,95.2133776415169,95.36919308489043,95.52635588191315,95.68427252382989,95.84234488660152,95.99997248560086,96.15655476608889,96.31149342061337,96.46419472395631,96.61407187579134,96.76054734081049,96.90305517572044,97.04104333221717,97.17397592485406,97.30133545256065,97.42262496251894,97.53737014515279,97.64512134909306,97.74545550519426,97.83797794897903,97.92232413130596,97.99816120749523,98.06518949576477,98.12314379645117,98.1717945642297,98.21094892635888,98.24045154083841,98.26018528928233,98.27007180032263
93.33665675777631,93.34624187448648,93.36537751039917,93.39399457511009,93.4319896945404,93.4792255247715,93.53553117049292,93.6007027080056,93.67450381268108,93.75666649072424,93.84689191491094,93.94485136387155,94.05018726431031,94.16251433524398,94.28142083317867,94.40646989672504,94.53720098886201,94.67313143461747,94.81375805149787,94.9585588695237,95.10699493721206,95.25851220928057,95.4125435113126,95.56851057600481,95.72582614502497,95.88389612993053,96.04212182495296,96.19990216389215,96.35663601280842,96.51172448960783,96.66457330116974,96.81459508814677,96.96121176720851,97.10385686010389,97.24197779865378,97.37503819458689,97.50252006293749,97.62392598775861,97.73878121884685,97.84663568836758,97.94706593642731,98.0396769350019,98.12410379995212,98.20001338142002,98.26710572340144,98.32511538399778,98.37381260854187,98.41300434863285,98.44253512094177,98.46228770062429,98.472183645114
93.53404755145203,93.54364212650071,93.56279664308785,93.59144193894502,93.62947453253679,93.67675693732144,93.7331180807365,93.79835382788268,93.87222760980407,93.95447115618266,94.04478533213437,94.14284107868887,94.24828045627935,94.3607177904112,94.4797409183266,94.60491253523834,94.7357716382864,94.87183506599648,95.01259913057378,95.1575413398675,95.30612220534276,95.4577871318381,95.61196838432089,95.76808712626591,95.92555552369404,96.08377890825683,96.24215799223859,96.40009112765573,96.55697660115024,96.71221495577316,96.8652113302872,97.01537780611757,97.1621357516995,97.30491815362566,97.44317192364758,97.57636017047119,97.70396442505938,97.8254868081542,97.94045212875885,98.04840990240909,98.14893627832006,98.24163586477553,98.32614344251367,98.40212555637815,98.46928197603599,98.5273470172595,98.57609071596205,98.61531984800854,98.64487878869087,98.66465020666504,98.67455558814076
93.73169675575184,93.7413007925813,93.76047419671674,93.7891477339952,93.82721781539621,93.87454681169797,93.93096347302459,93.9962634532055,94.07020993887154,94.15253438308068,94.24293734318861,94.3410894224936,94.44663231504072,94.5591799526745,94.67831975323305,94.80361396836881,94.93460112921511,95.07079758762409,95.2116991503173,95.35678280278509,95.50550851924694,95.6573211544599,95.81165241257253,95.9679228876361,96.1255441698024,96.28392101061354,96.44245354018804,96.60053952854466,96.75757668269068,96.91296497061039,97.06610896273594,97.21642018105271,97.36331944556389,97.50623920749632,97.64462585833925,97.77794200358508,97.90566868993665,98.02730757465662,98.14238302578121,98.25044414205776,98.35106668166243,98.44385488904527,98.52844320969228,98.60449788303109,98.67171840429657,98.72983884683708,98.77862903706283,98.8178955750419,98.84748269462835,98.86727295793585,98.87718777992461
93.92960452348179,93.93921802552981,93.95841032407574,93.98711211304331,94.02521969588085,94.07259530064123,94.12906750007149,94.19443173665898,94.26845095253235,94.35085632403178,94.4413481006387,94.53959654781198,94.6452429930673,94.75790097445837,94.87715749026256,95.0025743484215,95.13368961389452,95.27001915168123,95.41105826284388,95.55628341032221,95.70515403089806,95.85711442904761,96.0115957478976,96.16801801186627,96.3257922350287,96.48432258860146,96.64300862032607,96.80124751800523,96.95843640880118,97.11397468541324,97.26726634973326,97.41772236409922,97.56476299987288,97.70782017271866,97.84633975365998,97.97978384479148,98.10763300837326,98.22938843800675,98.34457406059664,98.45273855794501,98.55345729703235,98.64633415834125,98.73100325197576,98.80713051183074,98.87441515860014,98.93259102311829,98.98142772220987,99.02073168007527,99.05034698908142,99.07015610475621,99.08008037078059
94.12777100724334,94.13739397794498,94.1566051777585,94.18533522866477,94.22348032654816,94.27090255668799,94.32743031439027,94.3928588307233,94.4669508032321,94.5494371314426,94.64001775685533,94.73836260696224,94.84411264263092,94.95688100798013,95.07625428158055,95.20179382750143,95.33303724436257,95.46949991014543,95.61067662006187,95.75604331431838,95.90505889206483,96.05716710729939,96.21179854191922,96.36837265050258,96.52629987084252,96.68498379361286,96.84382338396846,97.00221524727827,97.15955593064265,97.3152442512678,97.46868364229186,97.61928450619357,97.76646656549148,97.90966120008346,98.04831376033661,98.18188584475183,98.3098575309645,98.43172954874045,98.54702538368286,98.65529330049289,98.7561082748038,98.84907382298955,98.93382371964822,99.01002359302066,99.07737238915857,99.13560369628398,99.18448692155734,99.22382831324619,99.25347182217048,99.27329979723511,99.28323351081494
94.32619635944071,94.33582880222585,94.35505891015113,94.38381723323464,94.42199985975753,94.46946873217237,94.5260520682869,94.59154488767747,94.66570964321724,94.74827695752026,94.83894646399912,94.93738775206376,95.04324141579981,95.15612020525451,95.2756102791432,95.4012725575074,95.53264417246112,95.66924001478827,95.81055437367759,95.95606266641113,96.10522325431269,96.25747934070493,96.41226094605352,96.56898695488944,96.72706722851193,96.88590477684046,97.04489798222762,97.203442867397,97.36093539917482,97.51677381905606,97.67036099121582,97.8211067580685,97.96843029307804,98.11176244018033,98.25054802888576,98.38424815391684,98.5123424080984,98.63433105718327,98.74973714531076,98.85810851991324,98.95901976513838,99.05207403310946,99.13690476278416,99.21317727663833,99.28059024597262,99.33887701630587,99.387806785054,99.42718562448043,99.4568573438094,99.47670418527649,99.48664734992342
94.52488073227315,94.53452265056478,94.55377167344066,94.58255827892667,94.62077844766476,94.66829397923067,94.72493291387183,94.79049005959916,94.86472762452912,94.94737595426736,95.03813437403169,95.13667213502978,95.24262946443841,95.35561871809433,95.47522563470879,95.6010106901358,95.73251054982137,95.86923961718043,96.01069167519354,96.1563416180332,96.30564726900388,96.45805128055389,96.61298311151405,96.76986107616415,96.92809445909481,97.08708568926642,97.24623256600815,97.4049305291902,97.56257496514714,97.7185635394519,97.87229854710539,98.02318927024753,98.17065433308476,98.31412404338931,98.45304270962097,98.5868709225309,98.71508778995332,98.83719311345517,98.95270949553927,99.06118436621603,99.16219191799331,99.2553349386073,99.34024653124904,99.41659171250977,99.48406887883502,99.54241113294815,99.59138746243694,99.63080376349912,99.66050370370093,99.6803694185723,99.69032203779722
94.72382427773923,94.73347567495865,94.75274361961259,94.78155851771292,94.8198162422225,94.86737844979258,94.92407300304832,94.9896944983614,95.06400489900624,95.14673427348588,95.23758163871344,95.33621590757502,95.44227694021158,95.55537669810934,95.67510049982877,95.8010083768813,95.93263652787795,96.0694988686887,96.21108867590966,96.35688032041342,96.5063310872961,96.65888307792996,96.81396518931092,96.97099516525864,97.12938171345071,97.28852668166863,97.44782728601346,97.60667838328304,97.76447477910723,97.9206135629259,98.07449646035467,98.22553219304919,98.37313883575749,98.51674615988496,98.65579795264601,98.78975430063264,98.91809382650494,99.0403158674685,99.15594258422306,99.2645209892008,99.36562488311773,99.45885668918528,99.5438491747009,99.62026705025602,99.68780843733245,99.74620619576557,99.79522910323976,99.83468287981196,99.86441105134149,99.88429564661227,99.89425772391554
94.923027147636,94.93268802719855,94.951974900451,94.98081810136154,95.01911339518239,95.06672229558937,95.12347248752135,95.1891583556402,95.26354161829157,95.34635206677616,95.43728840959966,95.53601922120922,95.64218399457963,95.75539429670721,95.87523502585518,96.00126576903479,96.13302225785507,96.27001792047328,96.41174552691773,96.55767892457679,96.70727486014113,96.85997488371342,97.01520733024905,97.17238937290325,97.33092914222905,97.49022790462179,97.64968229273843,97.80868658009261,97.9666349913951,98.12292403974067,98.27695488114922,98.42813567658717,98.57588395113538,98.71962893963324,98.85881390785948,98.99289843805448,99.12136066752043,99.24369946892959,99.35943656101125,99.4681185384581,99.56931881005339,99.6626394343385,99.74771284259313,99.82420343928901,99.89180907084295,99.95026235410889,99.99933185678462,100.03882312272242,100.06857953601978,100.0884830186703,100.0984545575514
95.12248949355968,95.13215985887746,95.1514656675386,95.18033718144622,95.21867005809818,95.26632566815024,95.32313151879501,95.38888178290554,95.46333793381838,95.54622948553754,95.63725483804772,95.73608222724171,95.84235077880113,95.95567166509228,96.07562936393617,96.2017830176848,96.3336678907827,96.47079692349836,96.61266237911428,96.75873758134674,96.90847873829125,97.06132684858014,97.21670968493083,97.37404384962328,97.53273689588065,97.69218950849653,97.85179773647725,98.01095526983302,98.16905575214777,98.32549511995693,98.47967395947394,98.63099987076816,98.77888982905124,98.92277253240047,99.06209072495446,99.1963034844195,99.32488846256115,99.4473440673374,99.56319157534419,99.67197716337813,99.77327384813391,99.86668332335539,99.95183768416985,100.02840102881424,100.09607092853801,100.15457975711956,100.20369587218855,100.24322464132752,100.27300930681892,100.29293168382047,100.30291268777232
95.32221146690678,95.33189132138851,95.351216072258,95.38011590933247,95.4184863823212,95.46618871880455,95.52305024816924,95.58886493142968,95.66339399682516,95.74636668096593,95.83748107521102,95.93640507678279,96.042777443934,96.15620895427072,96.27628366501928,96.40256027371773,96.53457357748304,96.67183602852195,96.81383938318722,96.96005644134253,97.10994287229252,97.2629391230055,97.41847240375357,97.57595874573995,97.73480512464742,97.89441164346115,98.05417376731617,98.21348460251434,98.37173721129686,98.5283269534281,98.68265384510653,98.83412492529762,98.98215661913706,99.12617708773969,99.2656285534182,99.39996958915003,99.52867736098179,99.65124981198566,99.76720777645669,99.87609701313784,99.97749014648981,100.07098850531546,100.15622384846836,100.23285996783233,100.30059415938287,100.35915855373126,100.40832129836224,100.44788758451773,100.47770051260804,100.49764179092607,100.50763226343672
95.52219321887532,95.5318825659201,95.55122626579244,95.580154436192,95.61856251900181,95.66631159868177,95.723228826749,95.78910795228441,95.86370995834734,95.94676380405994,96.03796727204549,96.13698792073669,96.24346414083494,96.35700631504447,96.47719807984888,96.60359768782031,96.73573946857795,96.87313538609715,97.01527668962547,97.16163565498132,97.31166741249308,97.46481185725924,97.62049563691303,97.77813421137257,97.93713397857073,98.09689445947511,98.25681053514042,98.41627472794332,98.57467951856944,98.73141968980532,98.88589468761924,99.03751098966889,99.18568447081505,99.32984275500671,99.4694275425329,99.60389690146079,99.7327275119329,99.85541685196334,99.97148531337885,100.08047823671235,100.18196785404325,100.27555512909727,100.3608714843212,100.43758040513553,100.50537891213467,100.56399889267401,100.61320828400902,100.65281210097615,100.68265330206165,100.70261348864537,100.71261343319718
95.72243490045729,95.73213374346541,95.75149639912287,95.78045291299087,95.8188986190903,95.86669445870989,95.92366740543254,95.98961099633972,96.06428596922078,96.14742100561267,96.23871357930261,96.33783090980992,96.44441102015895,96.55806389801417,96.67837275897087,96.80489541047567,96.93716571448894,97.07469514658169,97.21697444871488,97.36347537248125,97.51365250903248,97.66694520141198,97.82277953440179,97.98057039643761,98.13972360749143,98.29963810630083,98.45970818963124,98.61932579572179,98.77788282349151,98.93477347853248,99.08939663638382,99.24115821318044,99.38947353330562,99.53376968334723,99.6734878413771,99.8080855703605,99.93703906436004,100.05984533615324,100.17602433493441,100.28512098287179,100.38670711951204,100.48038334336805,100.56578074035436,100.64256248931153,100.71042533534904,100.76910092247087,100.81835697762604,100.85799833918006,100.8878678236377,100.90784692543082,100.91785634550153
95.92293666245291,95.93264500481564,95.95202662303299,95.98101149050171,96.0194948333401,96.067337449615,96.12436613492439,96.1903742142655,96.26512218008146,96.34833843622341,96.43972014753548,96.53893419450903,96.64561823236193,96.7593818535826,96.87980785272796,97.00645359196642,97.1388524654351,97.27651546012711,97.41893281054197,97.56557574385468,97.71589831185337,97.86933930532658,98.0253242460113,98.1832674506465,98.34257416104143,98.50264273349484,98.66286688026659,98.82263795524739,98.98134727538188,99.13838846885584,99.29315984056431,99.44506674492051,99.59352395562489,99.73795802170423,99.87780959882257,100.01253574465655,100.14161216700167,100.26453541323198,100.38082498974374,100.49002540017882,100.5917080914091,100.68547329659425,100.77095176499198,100.84780636874274,100.91573357737096,100.97446479143754,101.02376752750489,101.06344644739997,101.09334422559488,101.11334224952834,101.12336114858992
96.12369865545699,96.13341650056493,96.15281708810734,96.18183031929107,96.22035131229947,96.26824072193024,96.32532516572527,96.39139775653567,96.46621874136346,96.54951624628875,96.6409871270966,96.74029792513986,96.84708592769958,96.96096033194775,97.08150351126328,97.20827238237476,97.34079987143431,97.4785964766868,97.62115192498776,97.76793691891139,97.9184049706951,98.07199431867116,98.22812992132914,98.38622552351069,98.54568578865569,98.70590849041021,98.86628675632026,99.02621135571856,99.18507302335883,99.34226480981197,99.49718444912394,99.64923673377633,99.79783588658425,99.942407918819,100.08239296354056,100.21724757294758,100.34644696839554,100.46948723167635,100.58588742622122,100.69519163699344,100.7969709180417,100.8908251370345,100.97638470644613,101.05331219160462,101.12130378634319,101.18009064768688,101.22944008173485,101.2691565737038,101.29908265598387,101.31909960897809,101.32912799049858
96.32472102986884,96.33444838110569,96.35386794472868,96.38290954973128,96.42146820632288,96.46940442598327,96.52654464813968,96.59268177341868,96.66757580330386,96.75095458600231,96.84251466814088,96.94192225180717,97.04881425622516,97.16279948311211,97.28345988451873,97.41035193158302,97.54300808230602,97.68093834601311,97.82363194173445,97.97055904726771,98.12117263509707,98.27491039090789,98.43119670974339,98.58944476434307,98.74905863956594,98.9094355262001,99.0699679668678,99.23004614612856,99.38906021633726,99.54640265023833,99.70147061082072,99.85366832842965,100.00240947479357,100.14711952322692,100.28723808399474,100.42222120363368,100.55154361687356,100.67470093975325,100.79121179257777,100.90061984147108,101.00249574751346,101.09643901274427,101.18207971273085,101.25908010587162,101.3271361102036,101.38597863912744,101.43537478819583,101.47512886595382,101.50508326265067,101.52511915161736,101.53515701905951
96.52600393588891,96.53574079663349,96.5551793430852,96.58424933199552,96.62284566556579,96.67082871190631,96.72802473227088,96.79422641498842,96.86919351594054,96.95265360536423,97.0443029206203,97.1438073244199,97.2508033677962,97.36489945687723,97.48567712223891,97.6126923892737,97.7454772476674,97.8835412176545,98.02637301026786,98.17344227833097,98.32420145439488,98.47808767129966,98.63452476043932,98.79292532224811,98.95269286280082,99.1132239898153,99.2739106607792,99.4341424752697,99.59330900302957,99.75080213877088,99.90601847421365,100.05836167736194,100.20724486865764,100.35209298326117,100.49234510844887,100.62745678490742,100.75690226056365,100.88017668553061,100.99679823681976,101.1063101615619,101.20828272772232,101.30231507157669,101.38803693165343,101.46511025931055,101.53323069668562,101.5921289134614,101.64157179456663,101.68136347180699,101.71134619323738,101.73140102507693,101.74144838189692
96.72754752351734,96.73729389714565,96.75675143316202,96.78584981605663,96.82448383998188,96.8725137296316,96.92976556802454,96.99603183112077,97.0710720291115,97.15461345417232,97.2463520342916,97.34595329268399,97.45305341206713,97.56726040284207,97.68815537396604,97.81529390492825,97.94820751693759,98.08640524096481,98.22937527986733,98.37658676131264,98.52749157772675,98.68152630890783,98.83811422240326,98.99666734613751,99.15658860719023,99.31727403000494,99.47811498672463,99.63850049173196,99.79781953194681,99.9554634238402,100.11082818765503,100.26331692885167,100.41234221638068,100.55732844705102,100.69771418496026,100.83295446476012,100.96252304739282,101.08591461687146,101.20264690675084,101.31226274501655,101.41433200636607,101.50845346117727,101.59425651081796,101.67140279948556,101.73958769331885,101.79854161818731,101.84803124832052,101.88786053871563,101.9178715951831,101.93794537678502,101.94800222643504
96.92935194255891,96.93910783244097,96.95858436474914,96.98771115169082,97.02638287933048,97.0744596288944,97.13176730510936,97.19809817148881,97.27321149245795,97.35683428202769,97.44866215871143,97.54836030610929,97.65556453849608,97.76988247041258,97.89089478904701,98.01815662783098,98.15119903933527,98.28953056509667,98.43263889961611,98.57999264522472,98.73104315403009,98.88522645259413,99.04196524441844,99.2006709847135,99.3607460213614,99.52158579531752,99.68258109317122,99.84312034390278,100.00259195139883,100.1603866536771,100.31589989930077,100.46853423097508,100.61770166596361,100.76282606252586,100.9033454613889,101.03871439098184,101.16840612508288,101.29191488143586,101.40875794997316,101.51847773937648,101.62064373093608,101.71485432899198,101.80073859762423,101.8779578737588,101.94620724742788,102.00521690060259,102.05475329672834,102.09462021393054,102.1246596157202,102.14475235396479,102.15481869989293
97.1314173426193,97.14118275211965,97.16067828744205,97.18983348847644,97.22854293316914,97.27666655923272,97.33403009303434,97.40042558557471,97.47561205542195,97.55931623833293,97.65123344323634,97.7510285140051,97.85833689634376,97.97276580879145,98.09389551662441,98.22128070706601,98.35445196387974,98.49291733900189,98.6361640183991,98.78366007887803,98.9348563320416,99.08918825102225,99.24607797507102,99.40493638648586,99.56516525374084,99.72615943410214,99.88730912838946,100.04800217997246,100.20762640949438,100.36557197631238,100.52123375709967,100.67401373160759,100.82332336520612,100.96858597741279,101.10923908538992,101.24473671115841,101.37455164115497,101.49817762668104,101.61513151388475,101.72495529198596,101.82721804872232,101.92151782226262,102.00748333927146,102.0847756292883,102.15308950613804,102.21215490779832,102.26173808685658,102.30164264449904,102.33171040188158,102.35182210363908,102.36189794928474
97.33374387310693,97.34351880558718,97.36303335063282,97.39221697579464,97.43096415086247,97.47913466998541,97.53655408111149,97.60301422265672,97.67827386724737,97.76205947229379,97.85406603702964,97.95395806548679,98.06137063466986,98.17591056698458,98.2971577056483,98.4246662915185,98.55796643939274,98.69656571143379,98.83995078489716,98.98758921088337,99.13893126030001,99.29341185265174,99.45045256274591,99.60946369975947,99.76984645255713,99.93099509450357,100.09229924044556,100.25314614792629,100.41292305414018,100.5710195395737,100.72682990880263,100.87975557842157,101.0292074617066,101.1746083392351,101.31539520441508,101.45102157267422,101.58095974292735,101.70470299986323,101.82176774568072,101.93169554998565,102.03405510681401,102.1284440880274,102.21449088275315,102.29185621302885,102.36023461636744,102.41935578666602,102.46898576557084,102.50892797726286,102.5390241004943,102.55915477262404,102.56924012142429
97.53633168323489,97.54611614205264,97.56564970352099,97.59486176283035,97.63364668157588,97.68186411029501,97.73933941845742,97.80586423181944,97.88119707698283,97.96506413291583,98.05716008905456,98.15714910946694,98.26466590233892,98.37931689380117,98.50068150486865,98.62831352987749,98.76174261449853,98.90047583094999,99.04399934759786,99.19178018965688,99.34326808714447,99.49789740574937,99.65508915562862,99.81425307264385,99.97478976584019,100.13609292447305,100.29755157720673,100.4585523955539,100.61848203304481,100.77672949108995,100.9326885019609,101.08575991889052,101.235354102863,101.38089329531837,101.52181396571862,101.6575691227147,101.78763057752016,101.91149114803761,102.02866679235672,102.13869866031294,102.24115505209633,102.33563327312531,102.42176137486553,102.4991997717358,102.5676427248359,102.62681968389376,102.6764964795326,102.71647635886673,102.74660085818587,102.76675050753651,102.77684536292206
97.7391809220188,97.74897491052533,97.76852749510728,97.79776799857196,97.83659067428081,97.88485502910976,97.94238625399143,98.00897576194978,98.08438183348122,98.16833036901173,98.26051574807697,98.36060179466739,98.46822284801712,98.58298493785267,98.70446706283626,98.8322225706329,98.96578063762063,99.1046478459061,99.24830985479046,99.39623316341182,99.54786696071649,99.70264505837676,99.85998790170899,100.01930465304633,100.17999534141705,100.34145307175854,100.50306628634299,100.66422107044251,100.82430349371657,100.9827019782886,101.13880968392334,101.29202690028814,101.44176343587289,101.58744099278485,101.72849551635238,101.86437950826037,101.9945642918465,102.11854221805798,102.23582880070533,102.34596476970485,102.44851803125388,102.54308552419208,102.62929496219724,102.70680645195799,102.77531397806209,102.83454674596543,102.88427037520333,102.92428793574952,102.95444082138148,102.97460945479001,102.98471382018785
97.9422917382785,97.95209525982114,97.97166687419987,98.00093583180993,98.03979627774784,98.0881075751785,98.14569473643557,98.21234896173974,98.2878282853942,98.37185832919502,98.46413316266637,98.56431626960659,98.67204162017433,98.7869148475517,98.90851452790822,99.03639356207772,99.17008065699082,99.30908190446516,99.452882454562,99.60094828016685,99.7527280289588,99.9076549584026,100.06514894877184,100.2246185886775,100.38546332691774,100.54707568390863,100.7088435153235,100.87015231998001,101.03038758346251,101.18893714840053,101.34519360184129,101.49855666968652,101.64843560773129,101.79425157855917,101.93544000316582,102.07145287609588,102.20176103262561,102.32585635657593,102.44325391732006,102.55349402469824,102.65614419077008,102.7508009876633,102.83709179114055,102.91467640004969,102.98324852235723,103.04253711916844,103.09230759884163,103.13236285414848,103.16254413630178,103.18273176059849,103.19284563942816
98.14566428063937,98.15547733855932,98.17506798940602,98.20436541114255,98.2432636405565,98.29162189705708,98.3492650143169,98.41598397968225,98.49153658118254,98.57564816188295,98.66801248119667,98.76829268261206,98.87612236708476,98.99110677111763,99.11282404824051,99.24082665230844,99.37464282063557,99.51377815458761,99.65771729480926,99.8059256877419,99.95785143961709,100.11292725349581,100.27057244441158,100.43019502704908,100.59119386977557,100.75296090827646,100.91488341141907,101.07634629135863,101.23673444939496,101.39543514845438,101.55184040266668,101.70534937395956,101.85537076523998,102.00132519936416,102.14264757281522,102.27878937280302,102.40922094637142,102.5334337100453,102.65094228859556,102.76128657162971,102.86403367692995,102.9587798097735,103.04515200788744,103.1228097621603,103.19144650384045,103.25079094958765,103.30060829650613,103.34070126010292,103.37091094897077,103.3911175709724,103.40124096665024
98.34929869753053,98.35912129516542,98.37873098914478,98.40805688497042,98.44699291108968,98.49539814310378,98.5530972359675,98.61988096407958,98.69550686910895,98.77970001529972,98.87215385184675,98.97253118181202,99.08046523682465,99.19556085657109,99.3173957717979,99.44552198922578,99.57946727639211,99.71873674404249,99.8628145232242,100.01116553376058,100.16323734024022,100.3184620911274,100.47625853602143,100.63603411547624,100.79718711722435,100.95910889201619,101.1211861217006,101.28280313156833,101.44334423842255,101.60219612528074,101.75875023314978,101.9124051597829,102.06256905499444,102.20866200172458,102.35011837175084,102.48638914476605,102.61694417940323,102.74127442471875,102.85889406072192,102.96934255663608,103.07218663581587,103.16702213655665,103.25347575842532,103.33120668423928,103.39990806842503,103.45930838310595,103.50917261405742,103.54930329945165,103.57954140521092,103.59976703172318,103.60989994765941
98.55319513718574,98.5630272778695,98.58265602163456,98.61201040149886,98.6509842375333,98.6994364614846,98.75719154952453,98.82404006303369,98.89973929724196,98.98401403747366,99.07655742259978,99.17703191514246,99.28507037727616,99.40027725173837,99.5222298463467,99.65047972053414,99.7845541718996,99.92395782039829,100.06817428730851,100.21666796564895,100.3688858781771,100.52425961857179,100.68220737079699,100.84213600107576,101.00344321630072,101.16551978208211,101.32775179304568,101.4895229874049,101.65021709725856,101.80922022551542,101.9659232398471,102.11972417363141,102.27003062339591,102.41626213196777,102.55785254622684,102.69425233816922,102.82493087783692,102.94937864665098,103.06710937969437,103.17766212565252,103.28060321331283,103.37552811385098,103.46206318854712,103.53986731203878,103.6086333618257,103.66808956540827,103.71800069715198,103.75816911783059,103.78843565064258,103.80868028846301,103.81882272806291
98.75735374764564,98.76719543470743,98.78684323490279,98.81622610874096,98.85523776788222,98.90373700016801,98.96154810292974,99.02846142445637,99.10423401345392,99.18859037623513,99.28122334124318,99.38179503034044,99.489937936126,99.60525610425037,99.72732641945764,99.85569999374091,99.98990365460021,100.12944153103156,100.2737967343663,100.42243313063653,100.57479720058572,100.7303199829103,100.88841909573885,101.04850083076755,101.20996231384642,101.37219372523568,101.53458057213096,101.69650600546372,101.85735317242164,102.01650759559179,102.17335956911356,102.32730656178553,102.47775561664702,102.62412573622044,102.765850242299,102.90237909899771,103.03318118759226,103.15774652169794,103.27558839130768,103.38624542441882,103.48928355510492,103.58429788728924,103.67091444384462,103.74879179110859,103.81762252955832,103.87713464197844,103.92709269124872,103.9672988606784,103.99759383068982,104.01785748660548,104.02800945326825
