T_mu,sigma,ω₀,n_B,P,e
"(1, 1010.0189712114653)",58.67858776326522,34.13607363701508,0.3877062987307856,25.290562477988516,366.30015449828454
"(2, 1010.0189712114653)",58.682773294247454,34.1388756704604,0.3877381164313099,25.33777414656965,366.2850793108533
"(3, 1010.0189712114653)",58.682486655340675,34.14622218673549,0.3878215660876981,25.39675889334209,366.3103803001741
"(4, 1010.0189712114653)",58.682060232874335,34.15653931609047,0.3879387386059641,25.479283712685387,366.3462019471841
"(5, 1010.0189712114653)",58.68146701977147,34.16986064129113,0.3880900432123784,25.585293812488064,366.3930123702915
"(6, 1010.0189712114653)",58.6806722250151,34.186231086864005,0.3882759725427754,25.71471741221542,366.45138092156975
"(7, 1010.0189712114653)",58.679629195248665,34.20571010248275,0.3884972025414261,25.86745458477482,366.5220902446486
"(8, 1010.0189712114653)",58.67827810455086,34.22837445061981,0.38875463007802397,26.04342127130767,366.6061302537919
"(9, 1010.0189712114653)",58.67670203933932,34.25398741148228,0.3890455257870087,26.242456782160676,366.7009049276574
"(10, 1010.0189712114653)",58.67434664736494,34.28365881624563,0.38938252633400233,26.464408938807267,366.81932971678305
"(11, 1010.0189712114653)",58.67157951211952,34.316520976609084,0.3897557586861709,26.709092893919177,366.95161751803136
"(12, 1010.0189712114653)",58.66813800007385,34.35304368043866,0.3901705584155669,26.976298302281677,367.1033677056122
"(13, 1010.0189712114653)",58.66391121946903,34.39336536191367,0.3906285376412391,27.265792266029628,367.2764414482138
"(14, 1010.0189712114653)",58.65879060193028,34.437620813662534,0.3911311691872436,27.57732279145862,367.47257831977873
"(15, 1010.0189712114653)",58.65267231844158,34.485934974726995,0.391679912672187,27.91062219653817,367.6935202448207
"(16, 1010.0189712114653)",58.645458574534544,34.5384199282579,0.39227600972322835,28.26541280668999,367.9407989649039
"(17, 1010.0189712114653)",58.63706140201696,34.59517185338877,0.3929205694029505,28.641407948135754,368.2158213280555
"(18, 1010.0189712114653)",58.627402351727234,34.65627001438837,0.39361452898285293,29.038318497439555,368.5198231197071
"(19, 1010.0189712114653)",58.61641896560014,34.72177431709104,0.39435849949949836,29.455854750453422,368.85371120252705
"(20, 1010.0189712114653)",58.60405343139258,34.7917298908579,0.3951530258772305,29.893729373133148,369.2183232944847
"(21, 1010.0189712114653)",58.590261580517804,34.86616418878371,0.39599843455158457,30.351660237289323,369.6142712298529
"(22, 1010.0189712114653)",58.57500972594602,34.945089801561046,0.39689483205071824,30.829371644046375,370.04193830296737
"(23, 1010.0189712114653)",58.55826985718181,35.02850683843471,0.3978422545733531,31.326596288696475,370.5016283799315
"(24, 1010.0189712114653)",58.56198653369943,35.071123887273714,0.3983262919903796,31.843472221880837,370.47363942072013
"(25, 1010.0189712114653)",58.52026374487055,35.208754069183996,0.3998894509793488,32.37856751258252,371.51736436389706
"(26, 1010.0189712114653)",58.498978737466416,35.30553137307744,0.40098860385058316,32.93283207665448,372.0732650520334
"(27, 1010.0189712114653)",58.47616837179656,35.40669663478724,0.4021376169574412,33.505647760567875,372.66097440421726
"(28, 1010.0189712114653)",58.45183255486691,35.51220752347401,0.40333597601325016,34.096803433818444,373.28018411165675
"(29, 1010.0189712114653)",58.42597707297785,35.62201641092277,0.40458315175032467,34.706104018158804,373.93055468219626
"(30, 1010.0189712114653)",58.3986052340792,35.73607449381539,0.4058785725100509,35.333363166061,374.6116950773187
"(31, 1010.0189712114653)",58.36972202163788,35.85433069410979,0.40722170155600984,35.97840982831615,375.3232342322673
"(32, 1010.0189712114653)",58.33933486432777,35.9767327183735,0.4086118802590829,36.64108721232149,376.06466371173985
"(33, 1010.0189712114653)",58.307446973584334,36.103229291065716,0.4100486092811716,37.32125002242797,376.8356244704331
"(34, 1010.0189712114653)",58.27406207229918,36.2337693345344,0.41153126757487596,38.01876757561889,377.6356199217076
"(35, 1010.0189712114653)",58.23918951338824,36.368301336534365,0.41305919092533316,38.733521277707815,378.46409779013743
"(36, 1010.0189712114653)",58.20282465431362,36.50677844291893,0.4146319865074863,39.465406546398874,379.3207658972586
"(37, 1010.0189712114653)",58.164970268547705,36.6491535191041,0.41624904264344914,40.21424047952642,380.20518933896744
"(38, 1010.0189712114653)",58.13726359672442,36.77238816519672,0.4176486921900943,40.980306594586025,380.85279581906696
"(39, 1010.0189712114653)",58.08478771634939,36.94542151033631,0.4196139468764238,41.76298631353743,382.0550606165706
"(40, 1010.0189712114653)",58.04245305569596,37.09923258809566,0.42136088499458896,42.562596018627815,383.01989155235947
"(41, 1010.0189712114653)",57.99861644329548,37.256775342816994,0.4231502033511323,43.378995058647185,384.01073799798576
"(42, 1010.0189712114653)",57.95327091632225,37.41801617295592,0.4249815051470419,44.212138209591686,385.0272444029237
"(43, 1010.0189712114653)",57.90640709158641,37.58292134696518,0.4268544768405962,45.06205148827697,386.0690680672702
"(44, 1010.0189712114653)",57.85801843648862,37.75145897315511,0.42876865903746403,45.928672916690665,387.13580697204833
"(45, 1010.0189712114653)",57.80809459959622,37.923599761708054,0.4307237789770624,46.81201909671458,388.22716902201256
"(46, 1010.0189712114653)",57.75662569674756,38.099316106549686,0.43271949743085036,47.71209962926837,389.3428019889815
"(47, 1010.0189712114653)",57.69932281030455,38.28684079699086,0.43484934715515217,48.628944225158726,390.57714602046536
"(48, 1010.0189712114653)",57.649007074358835,38.461373418589105,0.43683162065735026,49.562545575076285,391.6456785138977
"(49, 1010.0189712114653)",57.592838714826584,38.64766121053821,0.4389474277426498,50.512975448944346,392.83225393560576
"(50, 1010.0189712114653)",57.53507504462879,38.837440694207984,0.44110287919259966,51.48026716611984,394.042009074405
"(51, 1010.0189712114653)",57.475714716433494,39.03067382494177,0.44329756302016204,52.46447380874679,395.274474733427
"(52, 1010.0189712114653)",57.414743464907055,39.227346672745,0.4455313132836697,53.465655645239266,396.52942304002585
"(53, 1010.0189712114653)",57.352152114057446,39.42744000308434,0.44780391249348755,54.48388090760258,397.8065660935388
"(54, 1010.0189712114653)",57.287931685977185,39.6309352422115,0.4501151307614535,55.51922495471,399.1055963436874
"(55, 1010.0189712114653)",57.2220729031261,39.83781460335392,0.452464798463781,56.571768368222486,400.42626188556864
"(56, 1010.0189712114653)",57.15456960042757,40.04806026357255,0.45485267825198816,57.64159990584474,401.768234235008
"(57, 1010.0189712114653)",57.08541279104614,40.26165503235549,0.4572786411214102,58.728810407753556,403.13129225467003
"(58, 1010.0189712114653)",57.03961730271091,40.43124501775332,0.459204785108164,59.83389089425215,403.97165373607766
"(59, 1010.0189712114653)",56.94212465079492,40.698823015826406,0.4622438488815986,60.955781839691,405.9192748565293
"(60, 1010.0189712114653)",56.867984745158914,40.922361872210494,0.4647827296612574,62.09575295780158,407.34362149151826
"(61, 1010.0189712114653)",56.79217854542711,41.14918108717946,0.4673588701540079,63.25353140773012,408.7877938117737
"(62, 1010.0189712114653)",56.71470563582306,41.379262988387126,0.46997205917867824,64.42923561045829,410.2514600993242
"(63, 1010.0189712114653)",NaN,NaN,NaN,NaN,NaN
"(64, 1010.0189712114653)",56.55476531274312,41.849143636151744,0.4753088180248354,66.83491235778018,413.23601103140163
"(65, 1010.0189712114653)",56.47230359612402,42.088905885886255,0.4780319607301024,68.06513930068515,414.7562098821325
"(66, 1010.0189712114653)",56.38818856885289,42.331857542778124,0.4807913076221839,69.31380097958109,416.2945409123923
"(67, 1010.0189712114653)",56.30242582376417,42.577979291326145,0.48358668305431945,70.58103211588363,417.850691994205
"(68, 1010.0189712114653)",56.215024372134195,42.82725123056113,0.48641783254247595,71.86697043660841,419.424268366854
"(69, 1010.0189712114653)",56.12599377176838,43.07965267108448,0.4892845247432147,73.1717555228512,421.0148967879813
"(70, 1010.0189712114653)",56.03534522136827,43.33516270970617,0.49218653167343157,74.4955294515149,422.6222049134238
"(71, 1010.0189712114653)",55.943092002761674,43.59375947605003,0.4951235881507367,75.83843605462896,424.2457810719074
"(72, 1010.0189712114653)",55.84924832842203,43.855420708077794,0.4980954569915567,77.20062135963371,425.88523967608313
"(73, 1010.0189712114653)",55.753829459918215,44.12012340889407,0.5011018644074641,78.5822316880009,427.5401578729731
"(74, 1010.0189712114653)",55.65685320493065,44.38784386989859,0.5041425275111079,79.98341418609502,429.21010279462206
"(75, 1010.0189712114653)",55.558337307544065,44.658557628803564,0.5072172226556182,81.40432062464096,430.89469678272326
"(76, 1010.0189712114653)",55.45830224972207,44.9322398830321,0.5103255948107752,82.84502198728323,432.59351026637506
"(77, 1010.0189712114653)",55.356768387229934,45.208864784746865,0.5134674172502525,84.30589921916868,434.3059333025395
"(78, 1010.0189712114653)",55.25375864766039,45.488405906981605,0.51664238037085,85.7868732590199,436.0317322473885
"(79, 1010.0189712114653)",55.14929712235327,45.77083632393793,0.5198501143978681,87.28817196326311,437.7703057650342
"(80, 1010.0189712114653)",55.04340832019458,46.05612815921998,0.5230903561087864,88.80994557259562,439.52123775503986
"(81, 1010.0189712114653)",54.93611793598842,46.34425308178281,0.5263627777059638,90.35234780590856,441.28404341667823
"(82, 1010.0189712114653)",54.82745243375293,46.635182130628365,0.529667070790012,91.91552623057602,443.05826369334227
"(83, 1010.0189712114653)",54.717390228168654,46.92898066566799,0.5330039298192845,93.49963425639606,444.8444465913458
"(84, 1010.0189712114653)",54.606113327618765,47.22533317475329,0.536369793544253,95.10481943930621,446.6388476251662
"(85, 1010.0189712114653)",54.4934973109517,47.52449411138979,0.5397675676660864,96.7312327307891,448.4442506566264
"(86, 1010.0189712114653)",54.379625228702906,47.826336680882314,0.5431958027412955,98.37902158624631,450.259044264903
"(87, 1010.0189712114653)",54.26452772306904,48.13082985583048,0.5466541431552936,100.04833456549544,452.08272071269937
"(88, 1010.0189712114653)",54.148237996846326,48.437940186416235,0.5501421986806181,101.73931634973277,453.9147411816787
"(89, 1010.0189712114653)",54.03078855655042,48.747635190579516,0.5536596106826205,103.45211568417356,455.7545946988273
"(90, 1010.0189712114653)",53.912213356291176,49.05988139267498,0.5572059969349074,105.18687383246927,457.60175394458474
"(91, 1010.0189712114653)",53.792546035718054,49.374644878009576,0.5607809802651533,106.94373641018007,459.45569235218716
"(92, 1010.0189712114653)",53.671821352983855,49.69189164367401,0.5643841735718904,108.72283941227552,461.3158829468383
"(93, 1010.0189712114653)",53.55007499507253,50.01158704203897,0.5680151550087993,110.5243330851407,463.1817494093677
"(94, 1010.0189712114653)",53.42734112180174,50.33369614175426,0.5716735610775596,112.34834647174041,465.05279555661116
"(95, 1010.0189712114653)",53.30364851939217,50.65819766261318,0.5753591504408594,114.19502002870115,466.92863717667836
"(96, 1010.0189712114653)",53.179055865638844,50.9850146569532,0.5790710220073937,116.06448915737992,468.80822874889964
"(97, 1010.0189712114653)",53.053575621317115,51.314152998323294,0.5828092779213526,117.95688670727266,470.6915405913489
"(98, 1010.0189712114653)",52.92725319840164,51.64556313348538,0.5865732934515976,119.87234548369739,472.5778089084061
"(99, 1010.0189712114653)",52.80012178108413,51.9792088347317,0.5903627605963456,121.81099609125998,474.46659200782165
"(100, 1010.0189712114653)",52.67222005875695,52.31505431216316,0.5941771830865353,123.77296503055645,476.3572621478325
"(101, 1010.0189712114653)",52.543583134894064,52.6530633464422,0.598016178543482,125.7583795420781,478.24930587822155
"(102, 1010.0189712114653)",52.41424684590548,52.99319974972572,0.6018793369545812,127.76736419186982,480.1421845124351
"(103, 1010.0189712114653)",52.28424677301965,53.33542744241301,0.6057662459617046,129.80004168353554,482.0353588573368
"(104, 1010.0189712114653)",52.15361828131853,53.67971026201511,0.6096764965980029,131.8565328546679,483.9282950110574
"(105, 1010.0189712114653)",52.022396394738635,54.02601216667879,0.6136096797498879,133.9369566795958,485.82046078678275
"(106, 1010.0189712114653)",51.89061575328941,54.37429724529205,0.6175653871393232,136.04143027836963,487.71132669589986
"(107, 1010.0189712114653)",51.75831057446909,54.72452972111685,0.621543212426058,138.17006893191518,489.6003670461213
"(108, 1010.0189712114653)",51.6255145985447,55.076673997008555,0.6255427513089169,140.3229861032776,491.4870600225441
"(109, 1010.0189712114653)",51.49226104171833,55.43069468515248,0.6295636019569725,142.50029346489373,493.3708880958721
"(110, 1010.0189712114653)",51.3585825451046,55.7865566497017,0.6336053651085259,144.7021009317947,495.2513380891836
"(111, 1010.0189712114653)",51.224511137805386,56.14422501966374,0.6376676448207244,146.92851670067876,497.12790189598724
"(112, 1010.0189712114653)",51.09007818845767,56.50366523173995,0.6417500484880561,149.1796472947867,499.00007645402764
"(113, 1010.0189712114653)",50.95531436830585,56.86484304941361,0.6458521873672332,151.45559761446086,500.86736422486655
"(114, 1010.0189712114653)",50.82024960821147,57.2277245988907,0.6499736766726969,153.7564709933756,502.72927323411534
"(115, 1010.0189712114653)",50.68491306420489,57.5922763882215,0.6541141360132141,156.082369260302,504.5853174506409
"(116, 1010.0189712114653)",50.54933308129141,57.95846533315065,0.6582731896285314,158.4333928063848,506.43501695831435
"(117, 1010.0189712114653)",50.41353715969873,58.326258779951196,0.6624504666485191,160.80964065782487,508.27789814506747
"(118, 1010.0189712114653)",50.27755193327084,58.695624503741975,0.6666456018556254,163.21121055392393,510.11349439494296
"(119, 1010.0189712114653)",50.141403086750415,59.06653084418106,0.6708582333157773,165.6381990304107,511.9413436119318
"(120, 1010.0189712114653)",50.005115431543324,59.43894649273117,0.6750880077832244,168.09070150799576,513.7609935904143
"(1, 1010.1706329481987)",58.66650283196903,34.162093550307134,0.3880018243761457,25.349379831865026,366.5986686832419
"(2, 1010.1706329481987)",58.67068449527474,34.16489623930411,0.3880336610684767,25.396601563556935,366.583607443193
"(3, 1010.1706329481987)",58.670401723369864,34.17223723785604,0.3881170354073502,25.455598979579378,366.608832335842
"(4, 1010.1706329481987)",58.66998047923633,34.18254666537311,0.3882341159541873,25.538141568002732,366.644561077523
"(5, 1010.1706329481987)",58.66939338378006,34.19585826771995,0.38838531737930815,25.6441746392388,366.6912672456039
"(6, 1010.1706329481987)",58.66860703968801,34.212216272687385,0.3885710868076514,25.773626372847918,366.74947433300673
"(7, 1010.1706329481987)",58.66757285099981,34.23168074899663,0.3887921797033971,25.926406364859343,366.8200358914311
"(8, 1010.1706329481987)",58.66623424036649,34.25432721575516,0.3890493863245497,26.10240337555353,366.90386145602514
"(9, 1010.1706329481987)",58.66451665517928,34.28025148431722,0.3893438249145127,26.30148299232531,367.0022150560406
"(10, 1010.1706329481987)",58.6623325363333,34.30956730951373,0.3896767958538543,26.523485651522822,367.11656986139116
"(11, 1010.1706329481987)",58.65882069446292,34.34403003061401,0.39006819989491,26.768226776749678,367.26721360405605
"(12, 1010.1706329481987)",58.65616335745446,34.378894091794415,0.390464172726859,27.035494507445406,367.39994599964047
"(13, 1010.1706329481987)",58.65195748526108,34.419182016583555,0.3909218325193875,27.325057871900754,367.57269711747864
"(14, 1010.1706329481987)",58.655777789953675,34.444509593090864,0.3912094128908143,27.636737597595886,367.5515226376112
"(15, 1010.1706329481987)",58.640781110997224,34.51166788796829,0.3919721679674343,27.9700470934673,367.98872592027345
"(16, 1010.1706329481987)",58.63359980885476,34.564106011187114,0.3925677514435511,28.32492824833848,368.23548570244463
"(17, 1010.1706329481987)",58.62524029047469,34.62080613998911,0.39321172547472094,28.701021111617074,368.50991649383514
"(18, 1010.1706329481987)",58.61562794817809,34.68183730458017,0.39390490463580546,29.09803681282315,368.8131300245283
"(19, 1010.1706329481987)",58.60468214686709,34.74729348970847,0.3946483290749761,29.515685824100796,369.1464665495168
"(20, 1010.1706329481987)",58.59236338355463,34.81718564951291,0.39544214505944647,29.953680983244993,369.51036098584945
"(21, 1010.1706329481987)",58.578621878913346,34.891552773732705,0.396286782655561,30.411739960234783,369.90553010393853
"(22, 1010.1706329481987)",58.5634231758468,34.97040784168127,0.3971823598071684,30.88958725101601,370.33236855125045
"(23, 1010.1706329481987)",58.54673803335063,35.05375147005571,0.398128978262335,31.38695537585669,370.79124659042594
"(24, 1010.1706329481987)",58.54798244493311,35.10148480920575,0.39867112134934374,31.903897703853215,370.82196128778145
"(25, 1010.1706329481987)",58.50885111392172,35.23384261058541,0.4001743878535764,32.439237171092266,371.805177496613
"(26, 1010.1706329481987)",58.48762841325836,35.33053831551293,0.40127263184499395,32.99366826881565,372.3601602268314
"(27, 1010.1706329481987)",58.46488281671615,35.431619581758,0.40242068513010765,33.56665730288004,372.9469009064486
"(28, 1010.1706329481987)",58.44061463994876,35.537044222101834,0.40361808270147237,34.15799606415795,373.5651380077268
"(29, 1010.1706329481987)",58.41482826111914,35.64676526752152,0.40486422960095236,34.76748525374925,374.2144698203296
"(30, 1010.1706329481987)",58.38752587308863,35.76073435110943,0.40615867245082854,35.39494058591905,374.8946226411345
"(31, 1010.1706329481987)",58.35871493954364,35.87889987405873,0.40750075071325914,36.04019126130792,375.6051000135712
"(32, 1010.1706329481987)",58.32839971312147,36.0012106620227,0.4088899091199477,36.703072508352264,376.3455057934768
"(33, 1010.1706329481987)",58.296585412972064,36.127614931619114,0.41032557697091687,37.383459764328926,377.11538803921695
"(34, 1010.1706329481987)",58.26327720360746,36.25806167788883,0.41180713425850973,38.081202032047244,377.9142714344554
"(35, 1010.1706329481987)",58.22847699527778,36.392501158280794,0.4133340663368155,38.79618755869011,378.74174785182356
"(36, 1010.1706329481987)",58.19218829040098,36.53088485316187,0.41490576054759226,39.52831114144218,379.59730360477283
"(37, 1010.1706329481987)",58.1544089715108,36.6731668569957,0.4165217708822837,40.277473089893725,380.48058783896744
"(38, 1010.1706329481987)",58.12408478070725,36.80162024321893,0.4179807005197835,41.04366992855107,381.18815887565006
"(39, 1010.1706329481987)",58.07523916632419,36.9675519042818,0.41986529776127146,41.82664719047781,382.3089464020097
"(40, 1010.1706329481987)",58.032118584931766,37.12296765393776,0.4216304664704309,42.62652074972531,383.2921944349541
"(41, 1010.1706329481987)",57.9883574626073,37.28041958329838,0.4234187279226675,43.4431923048864,384.2819720828757
"(42, 1010.1706329481987)",57.94308572647434,37.441570103327805,0.42524903224361654,44.27662924498055,385.2974548171625
"(43, 1010.1706329481987)",57.89629711431513,37.606385412059666,0.42712096447557674,45.12680769501872,386.33824733471977
"(44, 1010.1706329481987)",57.84798118907115,37.77483457643074,0.4290341527015336,45.99372090176373,387.40398068913856
"(45, 1010.1706329481987)",57.79813019060647,37.94688793767448,0.43098828699917097,46.87736379661029,388.4943468746021
"(46, 1010.1706329481987)",57.74673249932303,38.12251817433584,0.43298303728808063,47.77774661214088,389.60900222099303
"(47, 1010.1706329481987)",57.693778861632026,38.301699086801,0.43501809781328793,48.69488787501372,390.74761933695675
"(48, 1010.1706329481987)",57.6392555948602,38.48440688912296,0.4370932438571973,49.628815924007924,391.9099428805984
"(49, 1010.1706329481987)",57.58315316386062,38.67061820641832,0.43920818189050975,50.5795666984134,393.09564039795043
"(50, 1010.1706329481987)",57.52546096829577,38.86031118811466,0.44136264791876656,51.54718530095758,394.3044001068358
"(51, 1010.1706329481987)",57.4661678323083,39.053465145729476,0.4435564104457412,52.53172448831621,395.5359353998892
"(52, 1010.1706329481987)",57.40526254297356,39.250060368794614,0.44578927955437786,53.533243918808154,396.78999477015924
"(53, 1010.1706329481987)",57.34273616800383,39.450077584895155,0.44806101396844544,54.55181539044319,398.06626268947304
"(54, 1010.1706329481987)",57.2785799561601,39.65349841251287,0.45037137369101043,55.587509307912086,399.3644263152856
"(55, 1010.1706329481987)",57.212783118066596,39.86030488946386,0.45272023089440677,56.64040963563382,400.6842725554237
"(56, 1010.1706329481987)",57.14534015343706,40.07047942059713,0.45510733358716776,57.710602909852604,402.0254603192636
"(57, 1010.1706329481987)",57.07624462646732,40.28400457766171,0.45753247719584805,58.798182173159255,403.38768991012785
"(58, 1010.1706329481987)",57.02774567986713,40.458734118625486,0.45951699727592926,59.9035554398152,404.28702054886594
"(59, 1010.1706329481987)",56.93307267076448,40.721038362321075,0.4624961623926039,61.02590601032326,406.17413508992627
"(60, 1010.1706329481987)",56.85898951035318,40.94451259743096,0.4650343060684977,62.16626211149709,407.5977371923436
"(61, 1010.1706329481987)",56.78323939721213,41.17126856133115,0.46760972267382184,63.3244313092626,409.0411782168836
"(62, 1010.1706329481987)",56.705820534358374,41.40128908582737,0.470222221362273,64.50053163844183,410.50414734139343
"(63, 1010.1706329481987)",56.62673473920192,41.63455619411921,0.47287158386416617,65.69468442035537,411.98630275492656
"(64, 1010.1706329481987)",56.54598454800131,41.87105173796754,0.47555763944990825,66.90701741968324,413.48734422678183
"(65, 1010.1706329481987)",56.463573927248405,42.110757222803166,0.4782801324266442,68.13765219429673,415.0068919056747
"(66, 1010.1706329481987)",56.37950788497298,42.35365374189784,0.4810388682035427,69.38673749762879,416.5446004682291
"(67, 1010.1706329481987)",56.29379392371857,42.59972177781325,0.4838336418817565,70.65439268943693,418.10014357188913
"(68, 1010.1706329481987)",56.20643863029904,42.84894143865553,0.48666421998202786,71.94075981373904,419.67314331874746
"(69, 1010.1706329481987)",56.1174562634884,43.10129212712701,0.48953030491599087,73.24597964700185,421.2631583173093
"(70, 1010.1706329481987)",56.02685303020073,43.35675282302941,0.49243174728422395,74.5701936827404,422.8698961551516
"(71, 1010.1706329481987)",55.934644525406796,43.61530166377509,0.49536825197780404,75.91354616293697,424.4929144799241
"(72, 1010.1706329481987)",55.840844599045795,43.87691630198538,0.4983395838758847,77.27618164029192,426.1318312267524
"(73, 1010.1706329481987)",55.745468763096056,44.14157360293519,0.501345474995404,78.6582479980567,427.78622780376594
"(74, 1010.1706329481987)",55.64853395122412,44.40925009047081,0.5043856437389437,80.05989262370946,429.45567236204386
"(75, 1010.1706329481987)",55.550058957768165,44.67992113367011,0.5074598392102878,81.48126451568058,431.139762455167
"(76, 1010.1706329481987)",55.45006364659858,44.95356175080133,0.5105677672206901,82.92251392662001,432.8380506496531
"(77, 1010.1706329481987)",55.34856920527235,45.230146286865356,0.5137091264811658,84.38379078481812,434.5500826639274
"(78, 1010.1706329481987)",55.24559844966464,45.50964819966331,0.5168836214692438,85.86524632835838,436.2754087317848
"(79, 1010.1706329481987)",55.14117407625232,45.79204044987633,0.5200909478730269,87.36703145256455,438.0135705509596
"(80, 1010.1706329481987)",55.03532228154273,46.077295307934634,0.5233307621045086,88.88929725373646,439.7640699426382
"(81, 1010.1706329481987)",54.928063556625766,46.36538397750818,0.5266029073294282,90.43219495058,441.52659725875003
"(82, 1010.1706329481987)",54.819438676782326,46.65627821096117,0.5299066662883143,91.99587514256828,443.3002773453681
"(83, 1010.1706329481987)",54.707320581636516,46.95391904388502,0.5332871717170742,93.58049206111049,445.13054773548106
"(84, 1010.1706329481987)",54.598168190989554,47.24636209752901,0.536608646865604,95.18618303713879,446.8801134125649
"(85, 1010.1706329481987)",54.485583521532355,47.545496377575844,0.5400061140003731,96.81311294950534,448.68520502614865
"(86, 1010.1706329481987)",54.371746714798086,47.84730235870454,0.5434339517295841,98.46142181713842,450.4995971670764
"(87, 1010.1706329481987)",54.256682826664665,48.15176468399337,0.5468919174360976,100.13125893141535,452.32289545926125
"(88, 1010.1706329481987)",54.14042556711798,48.458845375357114,0.5503796342693925,101.82277165247599,454.1545718592343
"(89, 1010.1706329481987)",54.02405995637966,48.76656329843893,0.5538745890727327,103.53610441932415,455.9717397982016
"(90, 1010.1706329481987)",53.90442651790597,49.080798576735155,0.5574435696116518,105.27139981508702,457.84172373241853
"(91, 1010.1706329481987)",53.78482718938884,49.39546524461084,0.5610174626577338,107.02880354519164,459.6945618027637
"(92, 1010.1706329481987)",53.66413376300402,49.712685165626546,0.5646203124468833,108.80845574769141,461.55440265218635
"(93, 1010.1706329481987)",53.542417184397785,50.032354235834845,0.5682510088796046,110.61049551724525,463.41998579611726
"(94, 1010.1706329481987)",53.41971279888465,50.354437621163356,0.571909144533728,112.43506517601945,465.2907573464794
"(95, 1010.1706329481987)",53.29605748470405,50.678899902542,0.5755942804215339,114.28229767000104,467.16614090478276
"(96, 1010.1706329481987)",53.17148598986061,51.005706559217835,0.5793060407460349,116.15231684947827,469.0456330016587
"(97, 1010.1706329481987)",53.04603473838218,51.334820859492126,0.5830440208422047,118.04529500852458,470.9286525623082
"(98, 1010.1706329481987)",52.91973987335831,51.66620737173717,0.5868077888503763,119.96132471621308,472.81467076570436
"(99, 1010.1706329481987)",52.79263773865905,51.99983012173972,0.5905969703928886,121.90054929310143,474.70316610597143
"(100, 1010.1706329481987)",52.664764015861266,52.335652979267074,0.5944111359734192,123.8630967148519,476.5935767428747
"(101, 1010.1706329481987)",52.536154856748446,52.673639810590615,0.5982498792579655,125.84909343596637,478.48536575523605
"(102, 1010.1706329481987)",52.40684610022098,53.01375443337797,0.6021127892957451,127.85866396018467,480.37799350890344
"(103, 1010.1706329481987)",52.276873372319,53.35596067146421,0.6059994552135001,129.8919309288145,482.2709223104704
"(104, 1010.1706329481987)",52.146272033937834,53.700222381743,0.6099094668390233,131.94901511722765,484.1636170406469
"(105, 1010.1706329481987)",52.01507710615451,54.04650353715097,0.6138424139971284,134.03003543766255,486.05554444026683
"(106, 1010.1706329481987)",51.88332325961547,54.394768160970564,0.6177978892547143,136.13510894827402,487.94617587422204
"(107, 1010.1706329481987)",51.75104471332544,54.74498047890463,0.6217754855580352,138.26435086834726,489.8349849294868
"(108, 1010.1706329481987)",51.61827521867542,55.09710487255266,0.6257747984746592,140.41787459959386,491.7214496585842
"(109, 1010.1706329481987)",51.48504800306086,55.451105931867936,0.629795426093213,142.59579175348367,493.6050524509778
"(110, 1010.1706329481987)",51.35139571659861,55.806948503118306,0.633836968998751,144.79821218449942,495.48527997493665
"(111, 1010.1706329481987)",51.21735039470249,56.16459770290197,0.6378990309970448,147.0252440292717,497.36162387005567
"(112, 1010.1706329481987)",51.082943414211094,56.52401895040648,0.6419812193762764,149.27699375148146,499.233580966708
"(113, 1010.1706329481987)",50.94820544968837,56.88517800212181,0.6460831450729582,151.55356619249991,501.10065340301304
"(114, 1010.1706329481987)",50.81316644025375,57.24804096530623,0.650204423281421,153.8550646276313,502.9623491842803
"(115, 1010.1706329481987)",50.67785554655682,57.61257433682033,0.6543446734384248,156.18159082794935,504.8181821056266
"(116, 1010.1706329481987)",50.54230111823915,57.97874502063932,0.6585035196500583,158.53324512759687,506.66767211591906
"(117, 1010.1706329481987)",50.406530659764314,58.3465203516908,0.6626805909271659,160.9101264965218,508.51034548285975
"(118, 1010.1706329481987)",50.270570797836115,58.715868118497276,0.6668755214009013,163.31233261854666,510.34573493266186
"(119, 1010.1706329481987)",50.13444725184782,59.086756581298566,0.6710879505925608,165.73995997473747,512.173379839259
"(120, 1010.1706329481987)",49.99818480446138,59.459154492011464,0.6753175235936598,168.19310393198623,513.9928263176312
"(1, 1010.4733811167496)",58.64241757065086,34.21400629853137,0.3885914322721527,25.46692544468206,367.19437299636047
"(2, 1010.4733811167496)",58.64659223592578,34.21681006382189,0.3886232810908844,25.514167332094377,367.17931349249653
"(3, 1010.4733811167496)",58.646316146738414,34.22414046190825,0.3887065380782719,25.57318995601776,367.2044198381202
"(4, 1010.4733811167496)",58.64590482206079,34.23443475441946,0.388823447016732,25.65576796832204,367.2399751961444
"(5, 1010.4733811167496)",58.6453308488267,34.24772651359056,0.3889744237212833,25.761846705336577,367.2864544002478
"(6, 1010.4733811167496)",58.644560212855644,34.26406018047021,0.3891599255659704,25.891354724090956,367.34439105769775
"(7, 1010.4733811167496)",58.64354641569725,34.28349484128456,0.38938064940411005,26.04420157746134,367.41457976734534
"(8, 1010.4733811167496)",58.642230855431855,34.306106451158804,0.38963748020467576,26.220276370276295,367.498025661953
"(9, 1010.4733811167496)",58.64054062015927,34.331989844809435,0.38993145044578903,26.419445071377993,367.59590606433676
"(10, 1010.4733811167496)",58.63838796449855,34.36125856155439,0.39026389405514555,26.64154849182619,367.7097280618657
"(11, 1010.4733811167496)",58.63567630137068,34.39403951960505,0.3906362082800902,26.8864018487513,367.84108831865825
"(12, 1010.4733811167496)",58.63229822103724,34.43046949569288,0.3910499583660814,27.153795513575286,367.99177810216315
"(13, 1010.4733811167496)",58.62814446670718,34.470686668162855,0.391506723212938,27.443497313188956,368.16362502172797
"(14, 1010.4733811167496)",58.62716335214085,34.50621318149001,0.39191022195587916,27.755271161290732,368.2595759126823
"(15, 1010.4733811167496)",58.61707890606967,34.56301069827753,0.39255530054480203,28.088803936474562,368.57787788033335
"(16, 1010.4733811167496)",58.60997376168082,34.615336897063756,0.39314961214344624,28.443865344142107,368.8233525231847
"(17, 1010.4733811167496)",58.601678877384465,34.67195260982514,0.3937926345816111,28.820152959783393,369.0968219647699
"(18, 1010.4733811167496)",58.59214149139919,34.73288429006805,0.394484695149858,29.217378479418233,369.39890522746896
"(19, 1010.4733811167496)",58.58128829184878,34.79821068429124,0.39522662124740515,29.635252438752495,369.73072784046195
"(20, 1010.4733811167496)",58.569062298434666,34.867976865193214,0.39601901597952543,30.07348770886721,370.09318635449193
"(21, 1010.4733811167496)",58.55541938792057,34.94221090286766,0.39686214059899194,30.53180210776031,370.4868269405339
"(22, 1010.4733811167496)",58.540324657214,35.02092615600599,0.39775616845065015,31.009920354894728,370.91210003947714
"(23, 1010.4733811167496)",58.52375113112831,35.10412292178884,0.3987010809135011,31.507575149623015,371.36925413594514
"(24, 1010.4733811167496)",58.52008258941368,35.16204222309753,0.3993589125462138,32.02468000550053,371.51687063418046
"(25, 1010.4733811167496)",58.48610098973061,35.283903554884574,0.40074297286125576,32.56047525016846,372.3796314957225
"(26, 1010.4733811167496)",58.465003253043385,35.38043650176772,0.40183937321403956,33.115238564102484,372.93275155332344
"(27, 1010.4733811167496)",58.44544829685504,35.475088759548825,0.4029143921576626,33.688583175646734,373.4456849685066
"(28, 1010.4733811167496)",58.41825214558528,35.58660392036217,0.4041809569964338,34.280276122500375,374.1338220766897
"(29, 1010.4733811167496)",58.39260215766946,35.69615037656199,0.40542512815939635,34.89014053235721,374.7811595085596
"(30, 1010.4733811167496)",58.36543944468493,35.80994186414597,0.4067175372700607,35.517985337899646,375.4592597068562
"(31, 1010.4733811167496)",58.33677041383205,35.92792749263949,0.4080575850387679,36.16364550931509,376.1676821351443
"(32, 1010.4733811167496)",58.30649193869162,36.050273024795665,0.40944714443127606,36.826953766521775,376.9084866555478
"(33, 1010.4733811167496)",58.27493252246095,36.17627684816469,0.4108782333070812,37.50776806346949,377.6737495736135
"(34, 1010.4733811167496)",58.24446944135027,36.30113715038442,0.41229637813509157,38.205964531234756,378.4085507051211
"(35, 1010.4733811167496)",58.207120527521745,36.44079324378883,0.4138825314028827,38.92140666752639,379.2958742243038
"(36, 1010.4733811167496)",58.170980161930835,36.578991695406096,0.41545217480024776,39.654005703406554,380.1493580593067
"(37, 1010.4733811167496)",58.133351715134395,36.72108814657818,0.4170660563024701,40.40366332663425,381.0304847343514
"(38, 1010.4733811167496)",58.09782360102441,36.85993370172216,0.41864300560908096,41.17030924206937,381.857304116617
"(39, 1010.4733811167496)",58.0536222902651,37.016800992466436,0.42042463550688125,41.9538476308158,382.87405531459956
"(40, 1010.4733811167496)",58.011511924209636,37.170336396488636,0.4221684634479708,42.75425015298167,383.83574450815235
"(41, 1010.4733811167496)",57.96789919332023,37.32760669948582,0.42395469926781,43.57146195742851,384.8234764520502
"(42, 1010.4733811167496)",57.92277261587142,37.48858503142349,0.4257830195172879,44.405453443824015,385.8369539099089
"(43, 1010.4733811167496)",57.87613561513579,37.653213622005474,0.42765281427009766,45.25619972622386,386.87558545337504
"(44, 1010.4733811167496)",57.8279662808551,37.82148665451555,0.4295640061672518,46.123689371581165,387.939304346298
"(45, 1010.4733811167496)",57.77826037504371,37.9933654251771,0.43151614751839645,47.007924350853585,389.0276562385346
"(46, 1010.4733811167496)",57.7270089298695,38.168823451730304,0.43350887126776366,47.908911087630884,390.140263806412
"(47, 1010.4733811167496)",57.67419207911494,38.34783602958329,0.43554211891922084,48.82666852356989,391.27704899948867
"(48, 1010.4733811167496)",57.6198089390909,38.53037724952528,0.4376153504680048,49.76122425424125,392.4374385617549
"(49, 1010.4733811167496)",57.56384512542808,38.71642437277324,0.43972841489819964,50.71261503940341,393.62124313588924
"(50, 1010.4733811167496)",57.506287832983,38.90595716760438,0.4418810750201608,51.68088554987821,394.82817837724775
"(51, 1010.4733811167496)",57.44712729100893,39.0989535874741,0.44407307258190365,52.66608862914929,396.0579304855906
"(52, 1010.4733811167496)",57.38635417011644,39.295394058508045,0.44630416021564634,53.66828510453797,397.3101886750377
"(53, 1010.4733811167496)",57.3239569904602,39.49525977300014,0.4485741777555619,54.687542371075175,398.5847237072533
"(54, 1010.4733811167496)",57.25992642110806,39.69853238212315,0.4508828769319931,55.72393629743695,399.8812088436814
"(55, 1010.4733811167496)",57.19326277065753,39.907081693948555,0.4532515104470208,56.777547685178114,401.22103857249675
"(56, 1010.4733811167496)",57.12693402234655,40.11522643475688,0.4556155482481591,57.84846285669224,402.53892067098656
"(57, 1010.4733811167496)",57.0579555351758,40.32861693904839,0.4580391705404324,58.93677679340817,403.89961254649404
"(58, 1010.4733811167496)",57.00408060446426,40.51358195672834,0.46013994098441313,60.042762860813625,404.916399092568
"(59, 1010.4733811167496)",56.91501774554122,40.765379580525135,0.4629997738342259,61.166002027094905,406.68294489546577
"(60, 1010.4733811167496)",56.841047205533854,40.98872499975398,0.46553646052519143,62.30712557413483,408.1050757258796
"(61, 1010.4733811167496)",56.76540690997934,41.21535551801209,0.4681104518575001,63.4660748761573,409.5470761483803
"(62, 1010.4733811167496)",56.68809593877326,41.44525365084136,0.470721566063535,64.64296571078539,411.0086467140062
"(63, 1010.4733811167496)",56.609115899457,41.6784015109368,0.4733695901702123,65.83792145560363,412.4894488415408
"(64, 1010.4733811167496)",56.52846925644577,41.914781040177836,0.47605429410152106,67.05106684009967,413.9891253158118
"(65, 1010.4733811167496)",56.44615970233411,42.15437353529246,0.4787755164708799,68.28253122528147,415.5073836989666
"(66, 1010.4733811167496)",56.362193379961674,42.39716005128625,0.4815329910693829,69.53244622947393,417.043823375667
"(67, 1010.4733811167496)",56.27657625598359,42.64311949471109,0.48432652708799845,70.80094655431435,418.5981168368284
"(68, 1010.4733811167496)",56.189316361890626,42.89223686396648,0.48715590791026003,72.08817117628325,420.1699062207971
"(69, 1010.4733811167496)",56.10042455031979,43.14448649793929,0.49002089077710004,73.39425813982274,421.75880818155497
"(70, 1010.4733811167496)",56.00991226242747,43.39984878625042,0.4929212075621015,74.71935074752359,423.3644084819042
"(71, 1010.4733811167496)",55.917792400234724,43.65830205167261,0.4958566441971977,76.06359159129661,424.9863482198508
"(72, 1010.4733811167496)",55.82407857584567,43.91982389582698,0.49882692705441956,77.42712708334963,426.6242044894079
"(73, 1010.4733811167496)",55.728793804116,44.18437964908122,0.5018316540332428,78.81010306792305,428.2774251344588
"(74, 1010.4733811167496)",55.631936526569326,44.45197973654327,0.5048709548278069,80.21266782686246,429.9459929256333
"(75, 1010.4733811167496)",55.533542802881314,44.7225656293138,0.5079441907231574,81.63497016369152,431.62911365494847
"(76, 1010.4733811167496)",55.43362686695196,44.996123475406684,0.5110511792771613,83.07716053461323,433.32645251328205
"(77, 1010.4733811167496)",55.33221052893312,45.27262760735997,0.5141916226244463,84.53938834920281,435.0375591060293
"(78, 1010.4733811167496)",55.22931625044748,45.55205134207414,0.5173652195653095,86.02180468653094,436.7619779998368
"(79, 1010.4733811167496)",55.12496748536297,45.834367739504614,0.5205716686721708,87.5245602963855,438.4992538603712
"(80, 1010.4733811167496)",55.019188665025446,46.119548642590686,0.523810681272654,89.04780726274969,440.24894290789695
"(81, 1010.4733811167496)",54.91200703391634,46.40756588058335,0.5270818750843117,90.59169545504275,442.0105089867579
"(82, 1010.4733811167496)",54.8034490029633,46.69839017961305,0.530384943362653,92.15637575475945,443.7834912583162
"(83, 1010.4733811167496)",54.687235174171626,47.00369424758993,0.5338525021122074,93.74202954085555,445.70171328610326
"(84, 1010.4733811167496)",54.582316506039014,47.28834030269417,0.5370854281395862,95.3487128541986,447.36181566654597
"(85, 1010.4733811167496)",54.46980222774603,47.58740486747585,0.5404820887115671,96.97667121369177,449.16609239972837
"(86, 1010.4733811167496)",54.35602957553663,47.88915389492599,0.5439092485727937,98.62601749615867,450.97979992986274
"(87, 1010.4733811167496)",54.24103025240137,48.19355538924355,0.5473665427855242,100.29690163051805,452.8024195681566
"(88, 1010.4733811167496)",54.12483695311196,48.500576758148945,0.5508536109565174,101.98946948349446,454.6334412801083
"(89, 1010.4733811167496)",54.00748282919661,48.81018502794843,0.554370014934398,103.7038660062138,456.4722773742903
"(90, 1010.4733811167496)",53.88900079130619,49.12234662402709,0.5579154484690639,105.44023634919537,458.3184732426073
"(91, 1010.4733811167496)",53.76942651329628,49.437027733035904,0.5614894928989351,107.1987220279103,460.17146432320584
"(92, 1010.4733811167496)",53.64879278173453,49.75419399257197,0.5650917746546977,108.97946495725309,462.03073121934364
"(93, 1010.4733811167496)",53.52713613288281,50.07381078536474,0.5687218721853706,110.78259426590039,463.89571883629907
"(94, 1010.4733811167496)",53.405149627345544,50.394624066887296,0.5723655690975047,112.60828163813053,465.7518902026376
"(95, 1010.4733811167496)",53.28089452319592,50.720255693636744,0.5760639758964181,114.45662925463525,467.640684208976
"(96, 1010.4733811167496)",53.15638070366833,51.04701300746952,0.5797751946317764,116.32778477232539,469.51961643486726
"(97, 1010.4733811167496)",53.03098703727307,51.37607948233823,0.5835126096316131,118.22188043740854,471.40207914130553
"(98, 1010.4733811167496)",52.90474910549198,51.70741910700546,0.587275862056236,120.13905043338123,473.2875755468375
"(99, 1010.4733811167496)",52.777703097487375,52.04099585935797,0.5910645182987729,122.07942221823691,475.1755400452671
"(100, 1010.4733811167496)",52.64988513821959,52.376773632205406,0.5948781715863313,124.04312429408539,477.0654331013047
"(101, 1010.4733811167496)",52.521331271543225,52.714716223063405,0.5987164116417799,126.03028311157662,478.9567136901804
"(102, 1010.4733811167496)",52.3920773803895,53.05478736659955,0.6025788278577586,128.0410230499608,480.8488425248363
"(103, 1010.4733811167496)",52.26215910895278,53.39695086393,0.6064650083399031,130.07546662607717,482.74128088014254
"(104, 1010.4733811167496)",52.131611839792285,53.74117053856634,0.6103745422078773,132.13373449097548,484.63349292140646
"(105, 1010.4733811167496)",52.00047063322851,54.087410286354086,0.614307019658451,134.2159454328469,486.5249457651816
"(106, 1010.4733811167496)",51.86877016105457,54.43563414170177,0.6182620316312026,136.32221638619035,488.4151091323017
"(107, 1010.4733811167496)",51.7365446764309,54.78580626139392,0.6222391713717083,138.4526624471391,490.3034569121156
"(108, 1010.4733811167496)",51.60382794726065,55.137890998002206,0.6262380338751568,140.60739689488267,492.18946657885255
"(109, 1010.4733811167496)",51.470653218943596,55.49185290716793,0.630258216839037,142.78653121909545,494.0726201268598
"(110, 1010.4733811167496)",51.33705315819105,55.84765680249032,0.6342993204760964,144.99017515331798,495.9524038482198
"(111, 1010.4733811167496)",51.20305981566518,56.20526776948788,0.6383609482391259,147.21843671417534,497.8283090259086
"(112, 1010.4733811167496)",51.06870458209704,56.56465119795602,0.6424427070794753,149.4714222463997,499.69983214999525
"(113, 1010.4733811167496)",50.93401814482242,56.925772816228296,0.6465442076221124,151.74923647354916,501.5664750438165
"(114, 1010.4733811167496)",50.79903045430612,57.28859870542483,0.6506650647562783,154.05198255436164,503.4277454044637
"(115, 1010.4733811167496)",50.66377068177742,57.653095336869896,0.6548048976509714,156.37976214465692,505.28315675652726
"(116, 1010.4733811167496)",50.528267185296436,58.01922959282558,0.6589633301076089,158.73267546474074,507.1322287410476
"(117, 1010.4733811167496)",50.392547478217026,58.38696878449805,0.6631399909262425,161.1108213722015,508.9744874127694
"(118, 1010.4733811167496)",50.256638193978546,58.7562806806523,0.6673345139844682,163.51429744006563,510.80946524172276
"(119, 1010.4733811167496)",50.12056505840922,59.12713352167191,0.6715465385976649,165.9432000402295,512.6367013938027
"(120, 1010.4733811167496)",49.98435285936199,59.499496041689156,0.6757757096487057,168.39762443210745,514.455741773191
"(1, 1010.926067289616)",58.60649947683719,34.29155922176342,0.38947225289595133,25.643019191338634,368.0846337471922
"(2, 1010.926067289616)",58.610663213313224,34.294364773569264,0.38950412760672265,25.690290799334193,368.0695851152027
"(3, 1010.926067289616)",58.61039840751148,34.30167801930734,0.3895871803903244,25.749351400393014,368.0944847380478
"(4, 1010.926067289616)",58.60758499484872,34.31716381288115,0.38976306139681777,25.83198802312937,368.18965080951676
"(5, 1010.926067289616)",58.60944633274391,34.325213435347315,0.38985448514795357,25.938129325349227,368.17593216048954
"(6, 1010.926067289616)",58.608699821224846,34.341510595119495,0.39003957949783796,26.067721174085428,368.23345701495947
"(7, 1010.926067289616)",58.6077148657536,34.360901395572846,0.39025981142409377,26.22066726476,368.30314911938626
"(8, 1010.926067289616)",58.606433140380766,34.383461295270855,0.39051606066534156,26.396858793281407,368.3860066285654
"(9, 1010.926067289616)",58.60478375835421,34.40928390012208,0.39080933288702185,26.59616039129064,368.4831815642648
"(10, 1010.926067289616)",58.602679030902564,34.438482224184675,0.3911409546049127,26.818414117962636,368.59617287668794
"(11, 1010.926067289616)",58.60002162120777,34.47118292869676,0.39151236187532484,27.063435793491546,368.72661649239956
"(12, 1010.926067289616)",58.595380553989,34.51035366346762,0.39195724818934985,27.33101819438114,368.90878126333826
"(13, 1010.926067289616)",58.59262425049342,34.54763545712174,0.3923806952345561,27.62092450435606,369.04694860947905
"(14, 1010.926067289616)",58.58452392077653,34.59834172836032,0.39295658769555025,27.932919312348677,369.317138502261
"(15, 1010.926067289616)",58.58172832132827,34.63971733601472,0.39342652017759594,28.266706231520555,369.4584185790552
"(16, 1010.926067289616)",58.57471465758445,34.69192127983718,0.3940194450924746,28.622035807909313,369.70249225506285
"(17, 1010.926067289616)",58.56653825351531,34.74836700717236,0.3946605270490181,28.99861412280973,369.9740004013013
"(18, 1010.926067289616)",58.5571195166845,34.80913464541589,0.3953507146229343,29.396152338257608,370.27419079564464
"(19, 1010.926067289616)",58.54639470541017,34.874285136881426,0.39609065499894996,29.8143614123207,370.60400673593585
"(20, 1010.926067289616)",58.534306443434744,34.943864179727406,0.3968809206317173,30.252955061818128,370.9643132146861
"(21, 1010.926067289616)",58.52081089118301,35.01790004821123,0.39772179087442416,30.711650762387993,371.3556751616767
"(22, 1010.926067289616)",58.50574148883508,35.09667795448533,0.39861652825427807,31.190173157555034,371.78166610718233
"(23, 1010.926067289616)",58.48946240007837,35.17938599406858,0.399555900134405,31.688255096974057,372.2332196882626
"(24, 1010.926067289616)",58.47850142639085,35.25246948831152,0.4003859557201188,32.20567911486936,372.5549204992647
"(25, 1010.926067289616)",58.45216254564025,35.35870550579533,0.4015925469126449,32.742078261363325,373.23829584185734
"(26, 1010.926067289616)",58.43125151022228,35.454996086325494,0.4026861667071945,33.29733741256088,373.78860544867393
"(27, 1010.926067289616)",58.40882773018235,35.55566136390772,0.40382950255731975,33.87119272269403,374.37057815309913
"(28, 1010.926067289616)",58.38489034595566,35.660660198979315,0.4050220357122798,34.46343369614056,374.9839000321088
"(29, 1010.926067289616)",58.35944224000906,35.769947246386614,0.4062632963285271,35.07386233750475,375.62829410400906
"(30, 1010.926067289616)",58.332486914932716,35.88347459576819,0.40755269634704977,35.70229320293916,376.3033513284629
"(31, 1010.926067289616)",58.30402914436156,36.00119247377649,0.4088897016188184,36.348555277971435,377.00870273476517
"(32, 1010.926067289616)",58.27407307197623,36.12305046059667,0.4102737233668954,37.012491103135496,377.7439105724278
"(33, 1010.926067289616)",58.24262193605453,36.248998421281954,0.41170420715167194,37.693954432447335,378.50856058998176
"(34, 1010.926067289616)",58.209680475656704,36.378985995367756,0.4131805625497506,38.39281406002295,379.3021871189076
"(35, 1010.926067289616)",58.1753761063757,36.512714736606796,0.4146994068435829,39.10895115877574,380.121489308944
"(36, 1010.926067289616)",58.13933420966991,36.65088653615635,0.41626872202729814,39.842259912095216,380.97464218263565
"(37, 1010.926067289616)",58.10239389163703,36.79178223403452,0.41786896445353083,40.59264794982581,381.84198092756645
"(38, 1010.926067289616)",58.05867118283303,36.94702894088986,0.41963220469031776,41.36004744831549,382.85708694733864
"(39, 1010.926067289616)",58.02264500524265,37.087870546442026,0.4212318461330513,42.14435085804434,383.68990277038586
"(40, 1010.926067289616)",57.98075876409552,37.24113292209261,0.4229725490120471,42.945541959507274,384.64843358470586
"(41, 1010.926067289616)",57.93736706991509,37.39813270821381,0.4247557136524125,43.763562464211105,385.63306069721654
"(42, 1010.926067289616)",57.89246544620695,37.55883441806135,0.42658090183686753,44.598380092018026,386.64337338278415
"(43, 1010.926067289616)",57.84604371426318,37.72320558804773,0.4284477601373339,45.44997217692201,387.67903701775765
"(44, 1010.926067289616)",57.79809141621084,37.891215751493824,0.43035597088856015,46.318325938385186,388.7397432465914
"(45, 1010.926067289616)",57.74859972436467,38.06283583535262,0.43230518838179594,47.203444671077506,389.82513928862807
"(46, 1010.926067289616)",57.69755850488691,38.238038549072094,0.4342950654513002,48.105331476970846,390.9348710829984
"(47, 1010.926067289616)",57.64495531956461,38.41679868600421,0.43632538145946687,49.02400963077084,392.06869230668957
"(48, 1010.926067289616)",57.59077969106329,38.59909206420602,0.4383957958438037,49.95950328140771,393.2262345272701
"(49, 1010.926067289616)",57.5350194587414,38.7848962123012,0.4405061107981448,50.91184990880638,394.40726029740597
"(50, 1010.926067289616)",57.47766502815136,38.974189068702984,0.4426560238329341,51.88109411392637,395.61141922156025
"(51, 1010.926067289616)",57.41923029997238,39.16593806293557,0.4448338449570398,52.86728939687437,396.8268400828647
"(52, 1010.926067289616)",57.35812417840246,39.363161051423425,0.4470738326120051,53.870495014220694,398.0880963763297
"(53, 1010.926067289616)",57.295918076610995,39.5628012990595,0.4493412974564649,54.89077968260593,399.36005102587166
"(54, 1010.926067289616)",57.23207660744799,39.76585295179195,0.45164747529354116,55.9282178476368,400.6539881521467
"(55, 1010.926067289616)",57.16658976419652,39.972298367350206,0.45399221791924965,56.98289028469448,401.96967715650294
"(56, 1010.926067289616)",57.099450283465025,40.18211985843771,0.45637530683678973,58.05488540953243,403.30680873907517
"(57, 1010.926067289616)",57.03065180136721,40.39530014717349,0.4587965333765051,59.144296472171675,404.66507870024765
"(58, 1010.926067289616)",56.96877720528809,40.59552902877087,0.4610706688802298,60.25126787689895,405.85709015678447
"(59, 1010.926067289616)",56.88805740545384,40.83166842853789,0.46375266011749283,61.37576615929078,407.44388672838414
"(60, 1010.926067289616)",56.81425446850198,41.05482210000947,0.46628716055689223,62.518038232784555,408.8638072166363
"(61, 1010.926067289616)",56.738777421708726,41.28126563074873,0.4688590383619818,63.67815117933536,410.3036725851341
"(62, 1010.926067289616)",56.66162667009834,41.510981478644176,0.4714680897278997,64.8562242723747,411.7631575287988
"(63, 1010.926067289616)",56.58280352793291,41.74395179727429,0.47411408160540214,66.05237790257029,413.24190606140695
"(64, 1010.926067289616)",56.502310646953795,41.98015837197355,0.47679682928850164,67.2667380890658,414.73960543971754
"(65, 1010.926067289616)",56.42015154316961,42.219582633120574,0.47951613127392695,68.4994333751579,416.25592341552425
"(66, 1010.926067289616)",56.33633241471024,42.46220543153993,0.4822717400205036,69.75059647927968,417.7904770245681
"(67, 1010.926067289616)",56.25085787060311,42.708007242476064,0.4850635104875266,71.02036153820717,419.34298550464354
"(68, 1010.926067289616)",56.16373960375703,42.956967936885015,0.48789111290979265,72.3088663769896,420.91297766246106
"(69, 1010.926067289616)",56.074985987983844,43.209066902854666,0.49075435203815637,73.61624529931399,422.5001218118832
"(70, 1010.926067289616)",55.98460826197837,43.46428276451336,0.4936530277103122,74.94265514871415,424.1040587600836
"(71, 1010.926067289616)",55.892619827189215,43.72259366288122,0.49658684156274513,76.28822451159293,425.72435829720456
"(72, 1010.926067289616)",55.79903520450753,43.98397715124341,0.49955554464070934,77.65310312601099,427.36061901034344
"(73, 1010.926067289616)",55.70387046467266,44.248409805109944,0.5025588851022338,79.03743994047531,429.0124373573799
"(74, 1010.926067289616)",55.60717417172161,44.515808664247466,0.5055959167381158,80.44137944144191,430.6787123043095
"(75, 1010.926067289616)",55.50886996041371,44.78632687597766,0.5086683746379661,81.86507371996001,432.3610458074001
"(76, 1010.926067289616)",55.40907194711929,45.059761342909255,0.5117739824535734,83.30866959287785,434.05698983005806
"(77, 1010.926067289616)",55.30777291439597,45.33614572524325,0.5149130447494119,84.77231943509581,435.7666998895492
"(78, 1010.926067289616)",55.204992770329966,45.61545312730462,0.5180853042416563,86.2561721634661,437.4897669740957
"(79, 1010.926067289616)",55.100755283309525,45.89765618705993,0.5212904750710162,87.76037916728122,439.2257507117968
"(80, 1010.926067289616)",54.995075033026914,46.18274810689001,0.5245284660536842,89.28509171908088,440.97440765002494
"(81, 1010.926067289616)",54.88801121539372,46.47063752318183,0.5277982404550002,90.83045820927856,442.7345413362739
"(82, 1010.926067289616)",54.77946623098375,46.761530506598746,0.5311020874335539,92.39663574472956,444.5083088337789
"(83, 1010.926067289616)",54.66975661026434,47.054858363531515,0.5344335945375935,93.98376797142313,446.2890839819195
"(84, 1010.926067289616)",54.55863262150482,47.35110860798155,0.5377983280656427,95.59200631157387,448.08234247475696
"(85, 1010.926067289616)",54.44621823469406,47.650077438267544,0.5411939130839706,97.22149890953989,449.88553528551665
"(86, 1010.926067289616)",54.33254435837091,47.95173340124919,0.544620009640867,98.8723970432141,451.6981674702603
"(87, 1010.926067289616)",54.215436716047186,48.261815278347555,0.5479327552605493,100.54485088560297,453.3746545291078
"(88, 1010.926067289616)",54.10154445467277,48.56297717263561,0.5515623357564274,102.23899348150934,455.3497494698106
"(89, 1010.926067289616)",53.98428489761129,48.87249945671255,0.5550777436453682,103.95498206836126,457.1875783550444
"(90, 1010.926067289616)",53.86589566454764,49.18457707612444,0.5586222322365815,105.69295580960937,459.0328205258644
"(91, 1010.926067289616)",53.74641215146061,49.49917626911074,0.562195356959669,107.45305999270636,460.8848812670137
"(92, 1010.926067289616)",53.625869248853995,49.8162625590813,0.5657967317257302,109.23542931082504,462.7432355779853
"(93, 1010.926067289616)",53.50430206539841,50.1358013599611,0.5694259304693654,111.04021724187672,464.60729926024914
"(94, 1010.926067289616)",53.38174515190649,50.45775735718791,0.5730826170148459,112.86754722294839,466.4766090279109
"(95, 1010.926067289616)",53.25823573084154,50.78209547000671,0.5767663364979927,114.71756394206578,468.35056035888937
"(96, 1010.926067289616)",53.13380831011939,51.10877983559247,0.5804767080125321,116.59039981713377,470.22863576719794
"(97, 1010.926067289616)",53.008500192752194,51.43777497250787,0.5842133350677923,118.48618788903481,472.1103013891991
"(98, 1010.926067289616)",52.882346542745886,51.76904459220326,0.5879757963098434,120.40506075476914,473.9949986702212
"(99, 1010.926067289616)",52.755384452590306,52.10255278978648,0.5917636606770947,122.34714719703157,475.8821630561706
"(100, 1010.926067289616)",52.62764956903252,52.43826328703282,0.59557655010565,124.31257548805252,477.77128408016915
"(101, 1010.926067289616)",52.499178097465865,52.77613981993063,0.5994140406556995,126.30147165414179,479.66180714410245
"(102, 1010.926067289616)",52.37000594876782,53.11614609076884,0.6032757200689093,128.31395988809967,481.5531912924741
"(103, 1010.926067289616)",52.24016881677162,53.458245812483995,0.6071611762087521,130.35016252036738,483.44489755528394
"(104, 1010.926067289616)",52.10970212215583,53.802402744751824,0.6110699974695379,132.4102000158317,485.33638936472397
"(105, 1010.926067289616)",51.97864096081213,54.148580722551614,0.6150017733426082,134.49419097693652,487.22713312444614
"(106, 1010.926067289616)",51.847020038506265,54.49674372021187,0.618956094132336,136.60225215302873,489.1165979131149
"(107, 1010.926067289616)",51.71487363696374,54.846855844354245,0.6229325523067076,138.7344984558596,491.00425683424334
"(108, 1010.926067289616)",51.58223555894689,55.19888137990432,0.6269307425767173,140.89104298118076,492.8895870748587
"(109, 1010.926067289616)",51.44913907207399,55.552784841934965,0.6309502618128319,143.07199703634217,494.7720697934575
"(110, 1010.926067289616)",51.315616865978626,55.908530999254396,0.6349907095851878,145.27747017382248,496.65119063257407
"(111, 1010.926067289616)",51.18170101748047,56.26608488282397,0.6390516890127188,147.5075702306184,498.5264405377961
"(112, 1010.926067289616)",51.04742293621112,56.62541184254594,0.643132806456517,149.76240337340903,500.39731540261135
"(113, 1010.926067289616)",50.91281332988893,56.98647756144213,0.6472336721560484,152.04207414941854,502.2633166607121
"(114, 1010.926067289616)",50.77790216454944,57.34924808449205,0.6513539004833279,154.34668554291008,504.1239514864525
"(115, 1010.926067289616)",50.64271862624064,57.71368984683073,0.655493110168231,156.67633903722148,505.97873296058725
"(116, 1010.926067289616)",50.507291087507845,58.07976969374071,0.6596509246652073,159.03113468228332,507.8271803734735
"(117, 1010.926067289616)",50.37164707334054,58.4474549044568,0.6638269723857787,161.41117116754327,509.66881938718444
"(118, 1010.926067289616)",50.23581322765438,58.816713217076696,0.6680208868595833,163.81654590022598,511.5031821200541
"(119, 1010.926067289616)",50.099815285352236,59.1875128432897,0.6722323070773599,166.24735508886695,513.329807409874
"(120, 1010.926067289616)",49.96367804198795,59.55982249056206,0.6764608776171432,168.70369383205914,515.1482408527218
"(1, 1011.5269742730873)",58.558996758595065,34.394376231779646,0.39064001465938164,25.877386101367044,369.2655259570317
"(2, 1011.5269742730873)",58.563147264240854,34.39718370598755,0.3906718845896848,25.9246978125256,369.25045154004306
"(3, 1011.5269742730873)",58.56289459624485,34.40447740543515,0.3907547432700403,25.98380793546547,369.27515520733533
"(4, 1011.5269742730873)",58.56251679829535,34.41471979404754,0.3908710623374534,26.06650881992813,369.3101141971834
"(5, 1011.5269742730873)",58.56198753615155,34.42794356601973,0.3910212559947102,26.172746267996366,369.3558016847952
"(6, 1011.5269742730873)",58.56127195401493,34.44419307037469,0.391205818184382,26.302449182014804,369.4127884040606
"(7, 1011.5269742730873)",58.56032443464019,34.46352636953701,0.3914254058015471,26.455527979045034,369.48182840500925
"(8, 1011.5269742730873)",58.55909004445975,34.486017149838425,0.3916808302483196,26.631872506485745,369.5638525953678
"(9, 1011.5269742730873)",58.55749232050982,34.51176057757479,0.3919732334223373,26.831350239797377,369.660148559938
"(10, 1011.5269742730873)",58.55545082005755,34.540864964377384,0.39230378431003693,27.053802747600727,369.7720571914128
"(11, 1011.5269742730873)",58.55286463589541,34.573461306317625,0.39267401101922256,27.299047316745046,369.9013069252061
"(12, 1011.5269742730873)",58.54963217304442,34.609679364041746,0.39308535520697263,27.566875703423285,370.0495642801474
"(13, 1011.5269742730873)",58.545643438825614,34.649658050861305,0.39353941556695105,27.857057393483608,370.2186768921535
"(14, 1011.5269742730873)",58.54079105175553,34.693530474749714,0.39403770891211964,28.169342619787,370.41042882558895
"(15, 1011.5269742730873)",58.53497132239873,34.74142106847776,0.39458163708765337,28.503466118702043,370.62650334829334
"(16, 1011.5269742730873)",58.5280876774509,34.79344147274998,0.39517247097041047,28.8591513980038,370.86846247871495
"(17, 1011.5269742730873)",58.52005462826869,34.84968725679619,0.39581128196204823,29.23611395109041,371.1376744751321
"(18, 1011.5269742730873)",58.51079162456132,34.91023907376873,0.39649902006477133,29.634066377182595,371.4353876911797
"(19, 1011.5269742730873)",58.50023537817177,34.97515817711581,0.39723634489369725,30.052719584161306,371.7625584374608
"(20, 1011.5269742730873)",58.488328305958,35.04449078892946,0.3980238030665445,30.49178687511531,372.1200263294536
"(21, 1011.5269742730873)",58.47502598179378,35.118265944154636,0.398861711693624,30.950987121882577,372.50839326095337
"(22, 1011.5269742730873)",58.46029058775928,35.19649919122247,0.39975026610510866,31.43004437764272,372.92813276051936
"(23, 1011.5269742730873)",58.44409707795405,35.27919122766579,0.4006894510012341,31.928691503425416,373.3794964909973
"(24, 1011.5269742730873)",58.42355528470561,35.37228209950796,0.4017467479209643,32.446678381808,373.9309939667378
"(25, 1011.5269742730873)",58.40725790652702,35.4579034708248,0.40271919066318923,32.98373647728056,374.3775879359618
"(26, 1011.5269742730873)",58.38659113725944,35.5538752785383,0.403809219278749,33.539651820588006,374.9242659400226
"(27, 1011.5269742730873)",58.36441952624245,35.654213004839434,0.4049488251589309,34.11419308104336,375.5024667674114
"(28, 1011.5269742730873)",58.34079208100199,35.75877382265482,0.4061363931456581,34.707149494485336,376.11076740632717
"(29, 1011.5269742730873)",58.31556026973657,35.86782151267551,0.4073749145187907,35.31832272830195,376.752391949648
"(30, 1011.5269742730873)",58.288877459825514,35.98100091517008,0.4086603770268446,35.94752756303196,377.4234671162312
"(31, 1011.5269742730873)",58.26069727324189,36.09836596854392,0.409993380093795,36.594592213589465,378.12477102468273
"(32, 1011.5269742730873)",58.23096461953376,36.21998595902753,0.41137468959636364,37.25935815997511,378.8572368999651
"(33, 1011.5269742730873)",58.19985832761074,36.34545524746684,0.41279974557209714,37.94167861958813,379.61639899965553
"(34, 1011.5269742730873)",58.16720617244247,36.475080663423235,0.41427197276362765,38.64142500382913,380.405850131906
"(35, 1011.5269742730873)",58.133067368260704,36.60869577303307,0.41578952683642034,39.35847500950328,381.22384700577965
"(36, 1011.5269742730873)",58.097443621257874,36.74625375276081,0.41735184330361835,40.092723915976165,382.0699233482285
"(37, 1011.5269742730873)",58.060330966180985,36.88771049938795,0.41895847905114925,40.84407870907011,382.9437239515935
"(38, 1011.5269742730873)",58.02173025755421,37.03302229507198,0.4206088904232004,41.612457888626494,383.8447803935139
"(39, 1011.5269742730873)",57.981635630650516,37.18214906599443,0.4223026305709785,42.39779362193478,384.7727085070925
"(40, 1011.5269742730873)",57.94004285648604,37.33505180487689,0.4240392415395545,43.200029338391026,385.72710162916934
"(41, 1011.5269742730873)",57.89694341983951,37.49169451479433,0.4258183564343438,44.019120302008346,386.7076333719624
"(42, 1011.5269742730873)",57.85233233509027,37.652042183140146,0.42763950864515676,44.855032370297856,387.7138658891673
"(43, 1011.5269742730873)",57.80619848651285,37.81606199447427,0.4295023977518985,45.70774649359424,388.7455143474197
"(44, 1011.5269742730873)",57.758531146241424,37.98372709775001,0.43140669950836585,46.57724702336369,389.8022664114726
"(45, 1011.5269742730873)",57.70932324632352,38.155004974661246,0.4333520221139905,47.46353407399225,390.8837256500965
"(46, 1011.5269742730873)",57.65583961501187,38.33631889107616,0.4351638615056403,48.36662094215799,391.8133631996351
"(47, 1011.5269742730873)",57.6062355203405,38.50829830262844,0.43736459338235667,49.28651177168377,393.1195720265506
"(48, 1011.5269742730873)",57.552333924847886,38.69026454954226,0.43943130553826437,50.22324803387058,394.2733708581225
"(49, 1011.5269742730873)",57.49684269769732,38.87574713490578,0.44153796494408565,51.17686323499468,395.4506984715928
"(50, 1011.5269742730873)",57.43975274098656,39.06472434619566,0.4436842925997771,52.147398430613045,396.6512315953346
"(51, 1011.5269742730873)",57.38105299437997,39.25717588730189,0.445870092314603,53.134906707112826,397.87471869073966
"(52, 1011.5269742730873)",57.32073115177133,39.45308241215568,0.44809512983014677,54.13945172727171,399.1208591363229
"(53, 1011.5269742730873)",57.2587777671116,39.652424952570655,0.4503591969254018,55.16109746809225,400.3893783339169
"(54, 1011.5269742730873)",57.19518377763691,39.85518521346123,0.452662076134512,56.19992077592493,401.67997946459184
"(55, 1011.5269742730873)",57.129940353536185,40.06134543430885,0.45500358107264954,57.25600157189648,402.9923940739401
"(56, 1011.5269742730873)",57.06303938496433,40.27088821420614,0.45738350899357433,58.32942747658505,404.32632945809263
"(57, 1011.5269742730873)",56.99447641627937,40.48379597908926,0.4598016096139827,59.42029222855862,405.6814387101686
"(58, 1011.5269742730873)",56.92206518984383,40.70418910350198,0.46230479427619786,60.528697773710036,407.1050719724345
"(59, 1011.5269742730873)",56.85233555058998,40.9196387295982,0.4647517992623641,61.65473317628894,408.4542481195434
"(60, 1011.5269742730873)",56.77875301998923,41.142539059458265,0.4672834155021482,62.798532638577186,409.8712467723046
"(61, 1011.5269742730873)",56.703491749048865,41.368735664523996,0.4698524885370409,63.96019006910511,411.3082760154483
"(62, 1011.5269742730873)",56.62655219741982,41.59821087688017,0.4724588083178135,65.1398299346432,412.7649989117432
"(63, 1011.5269742730873)",56.547935949296416,41.830946816634004,0.47510214952528124,66.33757190005143,414.2410678798962
"(64, 1011.5269742730873)",56.46539424576104,42.07116813009381,0.47783049252952947,67.55354792062886,415.7848844031851
"(65, 1011.5269742730873)",56.38568368056442,42.306127134005,0.48049909297618426,68.78787357489857,417.2499200842639
"(66, 1011.5269742730873)",56.302056289003886,42.548533685031096,0.4832522859193,70.04069160132305,418.7820309851793
"(67, 1011.5269742730873)",56.21677315388708,42.79412596828863,0.4860416109115739,71.31213366433,420.3320663918715
"(68, 1011.5269742730873)",56.12984043154012,43.04288117981401,0.4888668906655013,72.6023366036544,421.8997101335123
"(69, 1011.5269742730873)",56.041267910798936,43.29478119728947,0.49172788625982466,73.9114404057059,423.48458054839534
"(70, 1011.5269742730873)",55.9510674301355,43.54980366845687,0.4946243590650148,75.23958631095545,425.08629501584403
"(71, 1011.5269742730873)",55.85925337841218,43.80792647495496,0.4975560323859009,76.5869185958324,426.70442937480016
"(72, 1011.5269742730873)",55.76583843337087,44.06912716113394,0.5005226570354463,77.95358072130973,428.3385881048814
"(73, 1011.5269742730873)",55.67084050627073,44.333382307573416,0.5035239723493594,79.33972104886296,429.98835917565026
"(74, 1011.5269742730873)",55.5742748131052,44.60066785160054,0.5065597410084411,80.74548621985517,431.653355890972
"(75, 1011.5269742730873)",55.476162312808384,44.87095924277686,0.5096295979241852,82.17102487713717,433.33306031112386
"(76, 1011.5269742730873)",55.37652727045563,45.14422000346011,0.5127332063807426,83.61648656863274,435.02698229101827
"(77, 1011.5269742730873)",55.27537450635679,45.4204567584745,0.5158706090749071,85.08201965954534,436.7350166544102
"(78, 1011.5269742730873)",55.172744215266846,45.69961037895576,0.5190411310761941,86.56778002235065,438.45632481843285
"(79, 1011.5269742730873)",55.068653998063375,45.981663979095124,0.5222446358533175,88.07391248118343,440.1906238538731
"(80, 1011.5269742730873)",54.96313002645864,46.266589719881274,0.5254806981318454,89.60056445229272,441.93733616792247
"(81, 1011.5269742730873)",54.8561972451039,46.55435817270263,0.5287490899871862,91.14790262647698,443.6960645179098
"(82, 1011.5269742730873)",54.74788362253982,46.84494175667724,0.5320494263406208,92.71606011974633,445.4662862703137
"(83, 1011.5269742730873)",54.638217407766014,47.13830869205726,0.5353814110102466,94.30519747153076,447.2475412897201
"(84, 1011.5269742730873)",54.52722838432078,47.43442892925577,0.5387446332014135,95.91545768991016,449.03927103817995
"(85, 1011.5269742730873)",54.41494570816598,47.73327133966837,0.5421388052288411,97.54698908162815,450.8410362075281
"(86, 1011.5269742730873)",54.301401949442386,48.03480421161539,0.5455635092574971,99.19994825435622,452.65225753868725
"(87, 1011.5269742730873)",54.18662779874369,48.33899515026185,0.5490184071258059,100.87447253772697,454.47245564246947
"(88, 1011.5269742730873)",54.07065575288225,48.64581137044653,0.5525031185881794,102.5707140078044,456.3010938141414
"(89, 1011.5269742730873)",53.95351988591002,48.95521978518266,0.556017277197348,104.28881454033147,458.1376595066623
"(90, 1011.5269742730873)",53.83524556510679,49.267201427702105,0.5595606716501199,106.02891883908465,459.9817942773777
"(91, 1011.5269742730873)",53.71589103628047,49.581677452956775,0.5631324032280696,107.7911689660818,461.8324469863395
"(92, 1011.5269742730873)",53.59546798389435,49.898657457967275,0.566732541485281,109.57570455848763,463.68954835221547
"(93, 1011.5269742730873)",53.474017981654804,50.21809366472732,0.5703605910265666,111.38266895318793,465.55245393252477
"(94, 1011.5269742730873)",53.35157810088707,50.53994886881126,0.5740161208806075,113.21219827851803,467.42059165981755
"(95, 1011.5269742730873)",53.22818289036449,50.86418828957962,0.5776987382409617,115.06442725941835,469.2934294748419
"(96, 1011.5269742730873)",53.10387009662705,51.190776292172586,0.5814080037723339,116.93949234352597,471.1703865304587
"(97, 1011.5269742730873)",52.97867442061035,51.51967685114648,0.5851435466721702,118.83752535628366,473.0509559244396
"(98, 1011.5269742730873)",52.85263291876049,51.85085405804675,0.588904954866568,120.7586580832075,474.9345890474012
"(99, 1011.5269742730873)",52.725781219780366,52.184271473504374,0.592691795180995,122.70302097020642,476.8207172857099
"(100, 1011.5269742730873)",52.5981560257716,52.519892978171114,0.5965036732963348,124.67074014919054,478.7088156430332
"(101, 1011.5269742730873)",52.4697933549296,52.857682124706464,0.6003401713407677,126.66194199177293,480.5983350591406
"(102, 1011.5269742730873)",52.34072916854002,53.19760254017968,0.6042008756342919,128.67675044271337,482.4887331407918
"(103, 1011.5269742730873)",52.21099921389451,53.53961784964322,0.6080853730476358,130.7152875844994,484.3794699140971
"(104, 1011.5269742730873)",52.08063896520003,53.88369172041058,0.6119932512069735,132.77767363439085,486.2700080345485
"(105, 1011.5269742730873)",51.949683555110596,54.22978793077488,0.6159240981182952,134.86402694778238,488.1598124036969
"(106, 1011.5269742730873)",51.818167740882224,54.57787035955613,0.6198775036269173,136.97446402777683,490.04835163591343
"(107, 1011.5269742730873)",51.68612584926195,54.927903029545725,0.6238530595837667,139.10909954092395,491.9350982108515
"(108, 1011.5269742730873)",51.55359171500192,55.27985016885463,0.6278503595695597,141.26804633907577,493.8195281725908
"(109, 1011.5269742730873)",51.420598639005725,55.63367622914362,0.6318689995938713,143.4514154871238,495.7011218090274
"(110, 1011.5269742730873)",51.28717934810881,55.98934590351609,0.635908578762598,145.6593162968308,497.579364293199
"(111, 1011.5269742730873)",51.15336594488936,56.346824170788366,0.6399686992963363,147.89185636638157,499.4537456623246
"(112, 1011.5269742730873)",51.01918986851939,56.706076317110565,0.6440489670342568,150.14914162575258,501.3237612821165
"(113, 1011.5269742730873)",50.88468185032842,57.067067972775746,0.6481489915462584,152.4312763877745,503.1889119091651
"(114, 1011.5269742730873)",50.74987187809719,57.42976513169117,0.6522683866025878,154.73836340479545,505.04870410930846
"(115, 1011.5269742730873)",50.61478915862884,57.79413417846142,0.6564067704138254,157.07050393089918,506.9026504381668
"(116, 1011.5269742730873)",50.47946208181787,58.16014191271332,0.6605637659115507,159.42779778958672,508.7502696573601
"(117, 1011.5269742730873)",50.34391818720657,58.52775557292993,0.6647390009629537,161.8103434468492,510.5910868785221
"(118, 1011.5269742730873)",50.20818413350966,58.89694285410327,0.6689321087007232,164.21823808957893,512.4246338185795
"(119, 1011.5269742730873)",50.072285666532665,59.26767193198007,0.6731427276465851,166.6515777092388,514.2504488410443
"(120, 1011.5269742730873)",49.936247592169416,59.63991147798714,0.6773705019984817,169.11045719072692,516.0680771576394
"(1, 1012.273822621149)",58.50023340478628,34.52196217203644,0.3920890932156297,26.169650770268287,370.73187442717716
"(2, 1012.273822621149)",58.50436659187461,34.5247723183378,0.39212100584067844,26.217011744499338,370.7168177678941
"(3, 1012.273822621149)",58.504130784330144,34.53204023326026,0.39220355419327385,26.276183655864752,370.7412073929615
"(4, 1012.273822621149)",58.50377642499122,34.54224624083843,0.39231946688908903,26.35897125608958,370.7757551804199
"(5, 1012.273822621149)",58.503277575854284,34.55542280780308,0.39246912842478343,26.465320681421066,370.82090420992506
"(6, 1012.273822621149)",58.50260004543406,34.57161402008431,0.3926530243503066,26.595161159663682,370.87721676317625
"(7, 1012.273822621149)",58.50169932784631,34.59087599436133,0.39287179489003937,26.748403586664928,370.9454300267072
"(8, 1012.273822621149)",58.50051969974532,34.61328316194194,0.39312627361407826,26.924938768431154,371.0264969956996
"(9, 1012.273822621149)",58.498988789918215,34.63892798701641,0.39341752857919576,27.12463426723923,371.1216312737884
"(10, 1012.273822621149)",58.49702162056948,34.66792089754012,0.3937468453345876,27.347333369218404,371.2322909026429
"(11, 1012.273822621149)",58.49452431473443,34.700385700358794,0.3941155670575289,27.592853807340152,371.3600178124864
"(12, 1012.273822621149)",58.49139161068486,34.73645652392545,0.3945252671709826,27.860988500533246,371.5066118192674
"(13, 1012.273822621149)",58.48751746366864,34.77626887068617,0.3949774269107452,28.151508793741232,371.6738009942643
"(14, 1012.273822621149)",58.48279368642667,34.819955770306194,0.395473614934204,28.464165332821757,371.86342260242924
"(15, 1012.273822621149)",58.47711853129704,34.86764066136876,0.3960151961297175,28.798694151331524,372.0771222509616
"(16, 1012.273822621149)",58.47039594714433,34.91943496048185,0.3966034568561237,29.15481870567616,372.3164786308341
"(17, 1012.273822621149)",58.46253746279533,34.97543543337949,0.3972394790359292,29.532258652213613,372.5828672875202
"(18, 1012.273822621149)",58.45346690387322,35.03572160821999,0.3979241865736242,29.930723436868597,372.8775140194253
"(19, 1012.273822621149)",58.44311685120467,35.100356488164365,0.39865830285769793,30.34992604804902,373.20143810537263
"(20, 1012.273822621149)",58.431431554833345,35.169386393077126,0.3994423225240216,30.789580330730242,373.555426407331
"(21, 1012.273822621149)",58.418365159903956,35.24284142500139,0.40027659611396127,31.24940482125293,373.9401152328084
"(22, 1012.273822621149)",58.40388065474318,35.32073764110831,0.4011613331562201,31.72912430757822,374.35599189426495
"(23, 1012.273822621149)",58.38125504631913,35.41781187849393,0.4016639694914332,32.22849056548743,374.3654312407902
"(24, 1012.273822621149)",58.35565621281457,35.520843971307684,0.40343406480659905,32.74737679648009,375.6383661608843
"(25, 1012.273822621149)",58.351677681119355,35.58104229510679,0.40411777433634316,33.28502931601949,375.7928149005814
"(26, 1012.273822621149)",58.33130967124191,35.67662207198758,0.40520334544955794,33.84175659920051,376.3349828379014
"(27, 1012.273822621149)",58.309448190409974,35.776556619398995,0.4063383621318451,34.41714753968955,376.90853957313004
"(28, 1012.273822621149)",58.28608974830917,35.88080743692782,0.407522413712426,35.01098983464063,377.51328169783415
"(29, 1012.273822621149)",58.261235627087764,35.989331159038606,0.408754987196164,35.62308546220761,378.1488879423121
"(30, 1012.273822621149)",58.2348876972621,36.1020820937787,0.4100355768841902,36.25324837376682,378.8150324494604
"(31, 1012.273822621149)",58.207048726697685,36.21901266206067,0.4113636338939303,36.901306979980234,379.51133118915544
"(32, 1012.273822621149)",58.177720487059965,36.34007476749778,0.41273861531320016,37.567101611594744,380.23739425485826
"(33, 1012.273822621149)",58.14690727605474,36.46521939476289,0.4141599713291875,38.250486625375814,380.9928107286863
"(34, 1012.273822621149)",58.11460868018909,36.59439910288334,0.41562715933731287,38.951329670271775,381.77716369727926
"(35, 1012.273822621149)",58.08082816594784,36.72756630726523,0.41713962841654395,39.66951116439533,382.59001505958526
"(36, 1012.273822621149)",58.045562713708655,36.864676080615205,0.41869686468801504,40.40492509083363,383.43095064639334
"(37, 1012.273822621149)",58.008812365527774,37.005683969322014,0.4202983917223528,41.15747776941203,384.2995818608951
"(38, 1012.273822621149)",57.97057291000319,37.15054837470632,0.4219437051247971,41.92708728910468,385.19548002850456
"(39, 1012.273822621149)",57.930839473092625,37.299229348472906,0.4236323677637396,42.71368626424612,386.1182700380029
"(40, 1012.273822621149)",57.889606220567906,37.45168886837618,0.4253639857111962,43.51721736943443,387.06761045180593
"(41, 1012.273822621149)",57.846866735702186,37.60789118327027,0.4271380709823132,44.3376337983439,388.0430541019459
"(42, 1012.273822621149)",57.80261227632964,37.76780257224538,0.42895426703722705,45.174906658900326,389.0442689645266
"(43, 1012.273822621149)",57.756832899573986,37.931391493324924,0.4308122618662861,46.0290087348531,390.07096641659575
"(44, 1012.273822621149)",57.70951824901731,38.09862809544722,0.4327116949332311,46.899929713447165,391.12279180949116
"(45, 1012.273822621149)",57.66065874278425,38.26948420127333,0.4346522067694729,47.78766680370136,392.19938405355106
"(46, 1012.273822621149)",57.61024118849652,38.443933737942864,0.43663355921612645,48.692232170349506,393.3004899020366
"(47, 1012.273822621149)",57.55825596912051,38.62195161403381,0.43865540815300397,49.61363980766038,394.4257470168212
"(48, 1012.273822621149)",57.50468827212485,38.803514710130955,0.44071758915775033,50.55191849004866,395.5749601830443
"(49, 1012.273822621149)",57.44953032638402,38.98860039486808,0.4428196935838462,51.50710346057724,396.74768049546856
"(50, 1012.273822621149)",57.39276574810059,39.17718823777169,0.4449616387382922,52.47924026299141,397.9437787023904
"(51, 1012.273822621149)",57.33438733508155,39.3692573666124,0.44714305793504416,53.46838048655769,399.1628320278594
"(52, 1012.273822621149)",57.274381135060494,39.564789006948736,0.4493638696256858,54.47458311036749,400.40469894345705
"(53, 1012.273822621149)",57.21273849923358,39.76376419184387,0.45162376007791893,55.49792006512917,401.6689899354825
"(54, 1012.273822621149)",57.149449802557655,39.966164809121246,0.4539225560709334,56.538461061469825,402.95545994641674
"(55, 1012.273822621149)",57.08450588306721,40.17197313629708,0.4562600585121585,57.596289438670055,404.26382410078173
"(56, 1012.273822621149)",57.01789929876461,40.381171873215614,0.4586360598676922,58.67149157985163,405.5937859343192
"(57, 1012.273822621149)",56.94962333005871,40.59374350803338,0.461050389606713,59.76416088898329,406.9450794191742
"(58, 1012.273822621149)",56.86424538114032,40.839052751080956,0.4638365312357055,60.87454680643385,408.65503173886776
"(59, 1012.273822621149)",56.80804263742935,41.02893742783659,0.46599318370155807,62.0023009903441,409.7104003906314
"(60, 1012.273822621149)",56.73473071310621,41.251525220150576,0.468521269126887,63.147984628672766,411.1238314497133
"(61, 1012.273822621149)",56.659735365705515,41.47741706181329,0.4710868654500704,64.31155915399601,412.5573429217616
"(62, 1012.273822621149)",56.58305596188464,41.706595191875465,0.47368979720455356,65.49314511648232,414.010636636408
"(63, 1012.273822621149)",56.50469407633238,41.939041697407966,0.47632984429092173,66.69286104668065,415.48337126222737
"(64, 1012.273822621149)",56.42465259915387,42.17473811298962,0.4790067942247572,67.9108326638537,416.9752059875434
"(65, 1012.273822621149)",56.34293465681739,42.41366580531601,0.4817204798285277,69.14718970813273,418.4858418427851
"(66, 1012.273822621149)",56.25954692527725,42.65580535869529,0.48447060647645807,70.4020619156507,420.01485084985984
"(67, 1012.273822621149)",56.174496084685,42.9011370759157,0.4872570066851274,71.67558690605256,421.5619258500401
"(68, 1012.273822621149)",56.087790901831625,43.14964050028417,0.49007941623869195,72.96789897383822,423.1266650900436
"(69, 1012.273822621149)",55.99944159230771,43.401294775455185,0.4929376357916771,74.27913838180005,424.7087265148726
"(70, 1012.273822621149)",55.90946045234434,43.656078345507126,0.49583136209720985,75.60944666426424,426.3076616213294
"(71, 1012.273822621149)",55.81785939354978,43.913969079067336,0.4987604268765555,76.95896672608029,427.92315716040656
"(72, 1012.273822621149)",55.724654079127006,44.17494415655108,0.5017244916448229,78.32784425726577,429.55472480269185
"(73, 1012.273822621149)",55.629860524127864,44.438979958468856,0.5047233182827987,79.71622497011828,431.20197779404117
"(74, 1012.273822621149)",55.533494484154964,44.70605233676583,0.5077566857187964,81.12424717746892,432.8645540365424
"(75, 1012.273822621149)",55.43557897375503,44.976136578782416,0.5108241740456997,82.55208670508257,434.541852643449
"(76, 1012.273822621149)",55.33613128316892,45.24920704750588,0.5139255972309084,83.99986611297528,436.23356273881325
"(77, 1012.273822621149)",55.23441475661278,45.526653646837964,0.5170767606932467,85.4677436539006,437.95552548161334
"(78, 1012.273822621149)",55.13272708257308,45.80420100264841,0.5202290514023714,86.95586881455183,439.65838168710087
"(79, 1012.273822621149)",55.02881830821378,46.0860697647772,0.5234304238665067,88.4643931715725,441.3905228719845
"(80, 1012.273822621149)",54.92347156960643,46.37081615000222,0.5266644882912536,89.99346627079053,443.13520853060805
"(81, 1012.273822621149)",54.81671380462108,46.65841068279169,0.5299308809877425,91.54323950656655,444.8919191158888
"(82, 1012.273822621149)",54.708571256239196,46.9488239585307,0.5332293159456031,93.11386203538068,446.66021595053536
"(83, 1012.273822621149)",54.59907414713075,47.242025894488684,0.5365593790622059,94.70548586155579,448.4395278449734
"(84, 1012.273822621149)",54.48825046621757,47.537985560037484,0.5399207881699603,96.31825748467294,450.2294226687564
"(85, 1012.273822621149)",54.376131152715665,47.8366717154889,0.5433131848091619,97.95232572560764,452.02938874163345
"(86, 1012.273822621149)",54.262746415809744,48.138052398876205,0.5467361796171714,99.60783930620029,453.83888320015683
"(87, 1012.273822621149)",54.14813023194109,48.44209514774197,0.5501893866014463,101.2849439999284,455.6573695407028
"(88, 1012.273822621149)",54.032314037116265,48.74876716873411,0.5536724631966281,102.9837866486214,457.48435415149675
"(89, 1012.273822621149)",53.91533149510472,49.05803485151628,0.5571850076380634,104.70451101250208,459.3192865764745
"(90, 1012.273822621149)",53.797215827229635,49.36986434420244,0.5607266895908143,106.44726065944522,461.1616888583507
"(91, 1012.273822621149)",53.67800229534058,49.68422146579783,0.564297047173482,108.21217587454419,463.0109531615832
"(92, 1012.273822621149)",53.557727111532074,50.00107149407036,0.5678956898527026,109.99940364939945,464.8665371678702
"(93, 1012.273822621149)",53.43642228359183,50.320379377545386,0.5715223150165603,111.8090766625298,466.7280018725722
"(94, 1012.273822621149)",53.31412548749424,50.64210986532773,0.5751764313788008,113.6413344890712,468.59471038433844
"(95, 1012.273822621149)",53.19087324003313,50.96622730410429,0.5788576541516983,115.49631376286143,470.4661365587893
"(96, 1012.273822621149)",53.06670035759719,51.292695957290455,0.5825655737880003,117.37414721191215,472.34173309394987
"(97, 1012.273822621149)",52.94164373732023,51.62147972131346,0.5862997847919884,119.27497065725633,474.2209536960868
"(98, 1012.273822621149)",52.815739414628794,51.95254221573918,0.5900598948392801,121.19891247204473,476.10327285234655
"(99, 1012.273822621149)",52.68902480316834,52.28584746703056,0.5938454613432717,123.14610265690655,477.9881125432668
"(100, 1012.273822621149)",52.56153504032393,52.62135878245818,0.5976560885381014,125.1166682634301,479.8749450938376
"(101, 1012.273822621149)",52.43330670781178,52.95903974975552,0.6014913579120593,127.11073492908953,481.7632212181364
"(102, 1012.273822621149)",52.30437585693255,53.29885383396572,0.6053508556843833,129.12842628950216,483.6523984211121
"(103, 1012.273822621149)",52.174778258740574,53.64076465111114,0.6092341651625829,131.16986411814608,485.5419331223862
"(104, 1012.273822621149)",52.04454948721367,53.98473567378584,0.613140874923239,133.23516832371908,487.4312889401038
"(105, 1012.273822621149)",51.91372472898702,54.33073058935617,0.6170705716257717,135.32445695379428,489.3199294128432
"(106, 1012.273822621149)",51.78233878544627,54.67871320397189,0.6210228434909053,137.43784620469685,491.2073215108973
"(107, 1012.273822621149)",51.650426036379024,55.02864744207574,0.6249972814915109,139.57545043752918,493.09293682570876
"(108, 1012.273822621149)",51.518020361717745,55.38049744742867,0.6289934781465317,141.73738220030302,494.9762503268588
"(109, 1012.273822621149)",51.38515510838911,55.73422758120443,0.6330110286875434,143.92375225596095,496.85674151492435
"(110, 1012.273822621149)",51.25186304114928,56.089802460948256,0.6370495312353294,146.134669616466,498.7338945661318
"(111, 1012.273822621149)",51.11817629988357,56.44718698759739,0.6411085872162254,148.3702415826121,500.60719871400073
"(112, 1012.273822621149)",50.9841263538056,56.806346382642545,0.6451878015051747,150.63057378964297,502.4761483485354
"(113, 1012.273822621149)",50.84974396544523,57.16724620576514,0.6492867829768783,152.91577025854258,504.3402435228503
"(114, 1012.273822621149)",50.71505915039256,57.52985238518631,0.6534051447197152,155.2259334529334,506.1989901128178
"(115, 1012.273822621149)",50.58010113892989,57.894131246364424,0.6575425042442183,157.56116434150726,508.0518999656707
"(116, 1012.273822621149)",50.44489834204625,58.26004953339373,0.6616984838125785,159.92156246590176,509.8984911656755
"(117, 1012.273822621149)",50.309478318711925,58.627574430162255,0.665872710725679,162.3072260139774,511.7382882514122
"(118, 1012.273822621149)",50.1738677433734,58.996673583379916,0.6700648175201371,164.7182518984,513.5708223366518
"(119, 1012.273822621149)",50.038092376544625,59.367315120940425,0.6742744422228888,167.15473584047984,515.3956312842269
"(120, 1012.273822621149)",49.90217703551973,59.739467672091706,0.6785012285165236,169.6167724591926,517.2122597843745
"(1, 1013.1637792822019)",58.43060468713551,34.67370712138156,0.3938125630455948,26.51933015571269,372.4772945483725
"(2, 1013.1637792822019)",58.43471712973598,34.67652053319111,0.393844523762798,26.56674966317272,372.46225648194263
"(3, 1013.1637792822019)",58.43450122549685,34.68375801396165,0.3939267164177877,26.625994851180867,372.4862859148931
"(4, 1013.1637792822019)",58.434174057741124,34.69392140417094,0.39404215608215704,26.708885316882363,372.52035473582316
"(5, 1013.1637792822019)",58.43371120872161,34.707042405598855,0.3941911823124723,26.815367723605455,372.56486030781844
"(6, 1013.1637792822019)",58.43307916221479,34.7231640298256,0.39437427791631535,26.945371512219783,372.62036235316367
"(7, 1013.1637792822019)",58.43098577198604,34.74505432229769,0.39462290109109227,27.09880986534401,372.7188199954135
"(8, 1013.1637792822019)",58.431116491825925,34.76465221521709,0.3948455011711894,27.27556935611284,372.76759084306445
"(9, 1013.1637792822019)",58.429661432000245,34.79018211928924,0.39513544907750653,27.475523528672745,372.8614013870638
"(10, 1013.1637792822019)",58.42778448933404,34.81904146171596,0.3954632070396431,27.698514969398815,372.9704824419458
"(11, 1013.1637792822019)",58.42538938992893,34.851353963940554,0.3958302255864498,27.944362793421142,373.0964845158729
"(12, 1013.1637792822019)",58.42237522922988,34.88725125230994,0.3962379159512902,28.212861448710434,373.24104297140224
"(13, 1013.1637792822019)",58.41863444110843,34.926868547574,0.39668789333311366,28.503782910300565,373.4060222945718
"(14, 1013.1637792822019)",58.414062377483226,34.9703370628194,0.3971816036162274,28.816879950249646,373.59313463093275
"(15, 1013.1637792822019)",58.40855630185429,35.017780428637025,0.3977204229017171,29.15188959845969,373.8040371663596
"(16, 1013.1637792822019)",58.402019518840305,35.06931014628364,0.3983056999995531,29.508537434009003,374.04037088718115
"(17, 1013.1637792822019)",58.39436635073541,35.125022163564125,0.3989384659471228,29.88654077856837,374.30346308146255
"(18, 1013.1637792822019)",58.38551987247939,35.184996544045624,0.3996196231589687,30.28561340413627,374.59451427093376
"(19, 1013.1637792822019)",58.375411600573976,35.24929737369106,0.4003499349183717,30.705467580996704,374.91458551628426
"(20, 1013.1637792822019)",58.363986336325894,35.31797121290505,0.40112990546875454,31.145817854009895,375.2644731538258
"(21, 1013.1637792822019)",58.351197445489134,35.391049550928074,0.40195989697376966,31.606382783445778,375.6448255543832
"(22, 1013.1637792822019)",58.33700649864627,35.46854957623615,0.40284012841971684,32.08688763543652,376.0561393208113
"(23, 1013.1637792822019)",58.321386239764735,35.55047467389392,0.4037705976402442,32.58706511604331,376.4986795521798
"(24, 1013.1637792822019)",58.304313587411286,35.6368188258836,0.4047512677198826,33.10665746341603,376.9726666089225
"(25, 1013.1637792822019)",58.28577515411101,35.72756077992707,0.40578188734451054,33.64541720916665,377.4780933370623
"(26, 1013.1637792822019)",58.26576005694212,35.822678472230514,0.40686219553062475,34.20310603964165,378.0149336312203
"(27, 1013.1637792822019)",58.24426112267223,35.92213867900832,0.4079918542207961,34.779506947599096,378.58306199109586
"(28, 1013.1637792822019)",58.22127765165182,36.02590325331366,0.4091703441384253,35.37440068304447,379.18217155444165
"(29, 1013.1637792822019)",58.196807392126765,36.133931017224114,0.4103973008662361,35.98759066969601,379.8120896831546
"(30, 1013.1637792822019)",58.170853775624245,36.246173871628926,0.4116721221643628,36.61889090788182,380.4723922092883
"(31, 1013.1637792822019)",58.143412573053304,36.362596337344684,0.41299442583889945,37.26812830791749,381.16286499750487
"(32, 1013.1637792822019)",58.11449309341944,36.48314008937421,0.4143635076583127,37.935143994527095,381.88295342119864
"(33, 1013.1637792822019)",58.08409097881607,36.60776270126213,0.4157789449719979,38.619791449028384,382.63237578476765
"(34, 1013.1637792822019)",58.052211169131,36.73641615453282,0.41724012424465323,39.32193740979957,383.4106437380887
"(35, 1013.1637792822019)",58.01884907946915,36.86905592209835,0.41874662700829196,40.041462661906266,384.21745251948937
"(36, 1013.1637792822019)",57.98400687937122,37.00563650505481,0.42029787124601975,40.77825967675084,385.0523199791308
"(37, 1013.1637792822019)",57.94770778069199,37.14606138994144,0.421892749799342,41.53223482438953,385.9142180140723
"(38, 1013.1637792822019)",57.90986712654625,37.2904518026064,0.42353265081583136,42.3033062536109,386.80463489636594
"(39, 1013.1637792822019)",57.87055716383795,37.43860715104807,0.4252153923583615,43.091405386317334,387.72142854444445
"(40, 1013.1637792822019)",57.82974814659222,37.590543575226015,0.42694102808299855,43.89647472450499,388.6647108186945
"(41, 1013.1637792822019)",57.78743082765985,37.74622689784489,0.4287092308693625,44.71846881435863,389.6341957464107
"(42, 1013.1637792822019)",57.74359631003028,37.90562287104362,0.43051959825866176,45.557353743623764,390.62950948317723
"(43, 1013.1637792822019)",57.69823358055786,38.06870196393661,0.43237180319182517,46.41310699067043,391.6503431862196
"(44, 1013.1637792822019)",57.651332882905656,38.235434301730145,0.43426550649610896,47.285715776697586,392.6963659967997
"(45, 1013.1637792822019)",57.60288323389083,38.405792351862615,0.436200347870695,48.17517858910953,393.76721438377496
"(46, 1013.1637792822019)",57.55287152382671,38.57975072050678,0.4381761015289953,49.081503337433126,394.86265167882556
"(47, 1013.1637792822019)",57.50128551073326,38.75728477621166,0.4401925103173348,50.004708251019146,395.9823991138114
"(48, 1013.1637792822019)",57.448075944046984,38.93844651237807,0.44225006927770116,50.94481965683766,397.1269319203737
"(49, 1013.1637792822019)",57.39334507556294,39.122988972070075,0.4443460493488703,51.90187341538334,398.2934492520338
"(50, 1013.1637792822019)",57.33723729052889,39.31058984161621,0.44647675238623863,52.875913876627216,399.4781599326582
"(51, 1013.1637792822019)",57.27896427893566,39.502734292614,0.44865907447980874,53.86699310459546,400.6981304046225
"(52, 1013.1637792822019)",57.21933049035779,39.69782302226114,0.45087481870396756,54.875170863386415,401.93486443790295
"(53, 1013.1637792822019)",57.158053332569914,39.896364339189205,0.4531297909691456,55.900515788597986,403.1941757350557
"(54, 1013.1637792822019)",57.09512365990827,40.09834009470891,0.4554237674951886,56.94310060548184,404.47576484488224
"(55, 1013.1637792822019)",57.03053252984104,40.30373274358175,0.4577565400894837,58.003006266205205,405.7793398820009
"(56, 1013.1637792822019)",56.964271978018566,40.51252488976857,0.4601279337331057,59.08031856095035,407.1046377333935
"(57, 1013.1637792822019)",56.896335176861584,40.72469945790491,0.46253773684175675,60.17513780946827,408.45134370976257
"(58, 1013.1637792822019)",56.82671671964342,40.94023910920605,0.46498578003057833,61.287553579629034,409.8191966286343
"(59, 1013.1637792822019)",56.75527108004687,41.159397508249846,0.4674749017072153,62.41767300575273,411.2109651275053
"(60, 1013.1637792822019)",56.68242027705343,41.38134519513696,0.46999571904705234,63.56560454756477,412.6170344086027
"(61, 1013.1637792822019)",56.607737758246394,41.606876788722495,0.4725572255897187,64.73146118693695,414.04640341865445
"(62, 1013.1637792822019)",56.53136406490227,41.83570396070112,0.47515616924251675,65.91536108226379,415.495659096738
"(63, 1013.1637792822019)",56.45330182269155,42.067808408975665,0.4777923302992678,67.11742334937254,416.9644597286837
"(64, 1013.1637792822019)",56.3735529852627,42.30317180877061,0.4804655258258873,68.33777628998564,418.4524916705807
"(65, 1013.1637792822019)",56.29212258053532,42.54177518245426,0.48317549323593917,69.57654586950883,419.95936291395725
"(66, 1013.1637792822019)",56.209015288931894,42.7835991514111,0.4859220510644433,70.83386635009684,421.48475534291356
"(67, 1013.1637792822019)",56.12423951723724,43.02862374080968,0.4887049509645649,72.10986848182948,423.0282865913522
"(68, 1013.1637792822019)",56.03780267510681,43.27682857778955,0.4915239895308808,73.40469121325087,424.58961162772175
"(69, 1013.1637792822019)",55.94971657523972,43.52819244912027,0.49437888442542866,74.71847226473939,426.16830667704676
"(70, 1013.1637792822019)",55.85999242431743,43.78269287466512,0.49726942893842946,76.05135492192399,427.7640190228375
"(71, 1013.1637792822019)",55.76864318612076,44.04030984695876,0.5001953445200289,77.40348054648958,429.37632508678587
"(72, 1013.1637792822019)",55.675684032219976,44.30101807461749,0.5031564049707766,78.77499351371678,431.00485131652135
"(73, 1013.1637792822019)",55.58113182937723,44.564794575032074,0.5061522763841907,80.16604275169482,432.64911048200133
"(74, 1013.1637792822019)",55.48500277314975,44.8316149756687,0.5091827600367326,81.57677162252318,434.3087578816353
"(75, 1013.1637792822019)",55.38731841658754,45.1014543674159,0.512247486755626,83.00732789953241,435.98327170960727
"(76, 1013.1637792822019)",55.28809680617674,45.374286817823446,0.5153462168237549,84.4578695145222,437.67225116141844
"(77, 1013.1637792822019)",55.18735822670268,45.650085866405405,0.5184787443882678,85.92853597493361,439.37534816697445
"(78, 1013.1637792822019)",55.08546497148851,45.92820248392539,0.5216374205261088,87.41948010370767,441.084660291544
"(79, 1013.1637792822019)",54.98143791922075,46.210475279963354,0.5248433656004774,88.930852415997,442.8214354069731
"(80, 1013.1637792822019)",54.87630066905945,46.49500905085903,0.5280750271404244,90.4628031442436,444.5636870979002
"(81, 1013.1637792822019)",54.76974875453209,46.78239718238965,0.531339061564915,92.01548261549698,446.31800907987076
"(82, 1013.1637792822019)",54.661808767289294,47.07260966668223,0.5346352193223066,93.58904002276206,448.08399932319503
"(83, 1013.1637792822019)",54.55250971475719,47.36561629978491,0.5379630814312418,95.18362546013222,449.86108323704366
"(84, 1013.1637792822019)",54.44188107674475,47.66138591273076,0.5413223453068202,96.79938735813315,451.64880582282984
"(85, 1013.1637792822019)",54.32995331124772,47.95988715758546,0.5447126279705432,98.43647394515062,453.4466308322249
"(86, 1013.1637792822019)",54.21675967312738,48.26108789101994,0.5481335197037273,100.09503239919121,455.2539959750923
"(87, 1013.1637792822019)",54.10232818684327,48.56495510939628,0.5515847901845741,101.77520961534515,457.07052100263826
"(88, 1013.1637792822019)",53.98669552444892,48.871456361357744,0.5550659295050895,103.47715091150876,458.895543976656
"(89, 1013.1637792822019)",53.86989260866092,49.1805573812675,0.5585766117467351,105.20100066484538,460.7285903111239
"(90, 1013.1637792822019)",53.75195588833056,49.492224464622694,0.5621164150731326,106.9469004365473,462.5690910555107
"(91, 1013.1637792822019)",53.63291854103972,49.80642305535693,0.5656849812411255,108.71499566336601,464.41653781407416
"(92, 1013.1637792822019)",53.51281558562833,50.123118311958805,0.5692818953053483,110.50542312716681,466.27037339733465
"(93, 1013.1637792822019)",53.391682751908995,50.4422750872711,0.5729067791127191,112.31832318463555,468.13007431760064
"(94, 1013.1637792822019)",53.26955604577854,50.763857862777805,0.5765592027180069,114.15383213220346,469.9950686735055
"(95, 1013.1637792822019)",53.146471194297334,51.08783078530602,0.5802387686706552,116.01208656632743,471.86481718608485
"(96, 1013.1637792822019)",53.022464266877286,51.41415789751254,0.5839451066701663,117.89321898217142,473.73881218512275
"(97, 1013.1637792822019)",52.897572474196814,51.74280313649338,0.5876777426269674,119.7973649331748,475.61643778679655
"(98, 1013.1637792822019)",52.77183092606527,52.073729953308536,0.5914363190967582,121.72465221387776,477.497204046948
"(99, 1013.1637792822019)",52.64527798250544,52.406902090428474,0.5952203603957116,123.67521162660933,479.380498217624
"(100, 1013.1637792822019)",52.51794814690973,52.7422827337422,0.5990295047416063,125.6491674059925,481.265829519559
"(101, 1013.1637792822019)",52.38987860826899,53.07983544346899,0.6028633162699044,127.64664664625587,483.15262925636176
"(102, 1013.1637792822019)",52.261105365816675,53.41952349982783,0.6067213809154248,129.66777215400344,485.04035510558475
"(103, 1013.1637792822019)",52.13166431239763,53.761310289150146,0.6106032828720565,131.7126653333016,486.9284643834705
"(104, 1013.1637792822019)",52.00159104568546,54.10515927667397,0.6145086065990113,133.78144572400942,488.8164165392848
"(105, 1013.1637792822019)",51.87092083112936,54.451034005389445,0.6184369380373057,135.87423100579798,490.7036743837916
"(106, 1013.1637792822019)",51.73968854164895,54.79889814880436,0.6223878645829759,137.99113700837384,492.5897040518933
"(107, 1013.1637792822019)",51.60792860726017,55.14871554336248,0.6263609755128096,140.13227772785143,494.4739754175934
"(108, 1013.1637792822019)",51.475674965232706,55.50045022282395,0.6303558623340813,142.2977653492215,496.3559624258676
"(109, 1013.1637792822019)",51.342961013978595,55.854066447136724,0.6343721192295662,144.4877102747026,498.2351435151841
"(110, 1013.1637792822019)",51.209819561295674,56.20952874751111,0.6384093430913926,146.7022211581368,500.1110016174064
"(111, 1013.1637792822019)",51.076282790325294,56.566801933610265,0.642467134395155,148.94140494511453,501.983025003287
"(112, 1013.1637792822019)",50.94238221129948,56.92585113676665,0.6465450971975916,151.20536691888097,503.8507072342094
"(113, 1013.1637792822019)",50.8081486195884,57.28664184141267,0.6506428393679939,153.49421075191046,505.71354734506883
"(114, 1013.1637792822019)",50.673612061321435,57.64913990216441,0.654759973104974,155.8080385630745,507.5710503106738
"(115, 1013.1637792822019)",50.53880179566139,58.01331157138418,0.6588961151662176,158.14695098031842,509.42272721584754
"(116, 1013.1637792822019)",50.40374625843885,58.379123526228895,0.6630508870647774,160.51104720879115,511.26809538617516
"(117, 1013.1637792822019)",50.26847302968487,58.74654288940648,0.667223915362148,162.90042510434094,513.1066786114409
"(118, 1013.1637792822019)",50.13300880283079,59.11553724864348,0.671414831941918,165.31518125231509,514.938007344083
"(119, 1013.1637792822019)",49.997379354345995,59.486074677405185,0.6756232742066607,167.7554110515926,516.761618814643
"(120, 1013.1637792822019)",49.861609515176355,59.85812375368168,0.6798488852702425,170.22120880379714,518.5770571373937
"(1, 1014.1934683457976)",58.350571029190654,34.848892246727246,0.39580225807825264,26.92582495883757,374.494239940644
"(2, 1014.1934683457976)",58.35466079930788,34.85170894982067,0.3958342513862994,26.973311854101926,374.4792004494314
"(3, 1014.1934683457976)",58.354466567234525,34.85891211982702,0.395916059900761,27.032641371616176,374.50284059293915
"(4, 1014.1934683457976)",58.35417058138677,34.86902697347672,0.3960309413547449,27.115650611190144,374.5363433736298
"(5, 1014.1934683457976)",58.35374798342116,34.88208484081823,0.39617925735400233,27.222286005582415,374.5801290969355
"(6, 1014.1934683457976)",58.3531666539581,34.89812787922501,0.39636145127753036,27.35247789254228,374.63471709719005
"(7, 1014.1934683457976)",58.3523819633036,34.91721215581267,0.39657820691103957,27.506138383485883,374.7008887539787
"(8, 1014.1934683457976)",58.35134025954475,34.93940876469659,0.39683030181927004,27.68315966152384,374.7795404852713
"(9, 1014.1934683457976)",58.34996969900369,34.96480839819396,0.3971188012622106,27.883411351549864,374.871883045897
"(10, 1014.1934683457976)",58.34819355632169,34.993516318209636,0.3974448370427242,28.106739767030184,374.9792179894606
"(11, 1014.1934683457976)",58.34591443594737,35.0256554800072,0.3978098812287044,28.35296443111653,375.103218754453
"(12, 1014.1934683457976)",58.34303418097407,35.06135542043125,0.3982153423755861,28.621881642460163,375.24551758994477
"(13, 1014.1934683457976)",58.3394444449756,35.10075089435637,0.3986627964494287,28.91326525844774,375.4079389730331
"(14, 1014.1934683457976)",58.33504423018687,35.1439711664124,0.39915365817635595,29.22686921599902,375.59216377279233
"(15, 1014.1934683457976)",58.329728167898416,35.19114027681999,0.39968940687784754,29.562431278518574,375.7999545440003
"(16, 1014.1934683457976)",58.3234035442234,35.24236833246068,0.40027124092249705,29.919680677322244,376.0327974329414
"(17, 1014.1934683457976)",58.31598235714507,35.29775223914398,0.4009003006072271,30.29833372224465,376.2921326114718
"(18, 1014.1934683457976)",58.30739083957846,35.35737145292943,0.40157738646811525,30.69810557331631,376.57905681802225
"(19, 1014.1934683457976)",58.29755659421417,35.42129193581757,0.40230339121360464,31.118709582020497,376.8947620801814
"(20, 1014.1934683457976)",58.28642596430646,35.48956051882405,0.4030787570802725,31.55986040902965,377.2399822507251
"(21, 1014.1934683457976)",58.27395082219932,35.56221002122074,0.4039038839425585,32.02126299238944,377.6154179416525
"(22, 1014.1934683457976)",58.26009399696477,35.6392582574505,0.40477897653920886,32.50268601473818,378.0215081150243
"(23, 1014.1934683457976)",58.24475304293502,35.72086167115483,0.40570580010306173,33.00381904464931,378.4603534898817
"(24, 1014.1934683457976)",58.228120854251536,35.80656176219036,0.4066791544761667,33.52441816039047,378.9269240217294
"(25, 1014.1934683457976)",58.20996579436321,35.89679492226488,0.40770400216549235,34.06423632180051,379.4264996928827
"(26, 1014.1934683457976)",58.190350131250035,35.99138594673519,0.4087783268396532,34.623036688339674,379.9572723937602
"(27, 1014.1934683457976)",58.16926550643457,36.090304366372585,0.4099017958729371,35.20059531040721,380.51912872713797
"(28, 1014.1934683457976)",58.14670685853829,36.19351440761161,0.4110740359751973,35.79669928171584,381.11190301087464
"(29, 1014.1934683457976)",58.12340545387326,36.299465105539056,0.41227738759958976,36.411149768777506,381.71788388139515
"(30, 1014.1934683457976)",58.09716511816514,36.41264622387593,0.4135628601930087,37.043758921862114,382.38899263629355
"(31, 1014.1934683457976)",58.070181215295484,36.528480490810416,0.414878483748907,37.69435465542638,383.0726937199232
"(32, 1014.1934683457976)",58.04176180821153,36.6483561084395,0.4162399755424478,38.36277562297663,383.78508883658844
"(33, 1014.1934683457976)",58.01179157317959,36.772458751846706,0.4176495103483612,39.04887791332004,384.52852753980847
"(34, 1014.1934683457976)",57.98038576004713,36.90051157687503,0.41910388829222883,39.75252505156377,385.29990101274143
"(35, 1014.1934683457976)",57.947503680625296,37.032547614563896,0.420603488366817,40.47359776226195,386.0997129028215
"(36, 1014.1934683457976)",57.913142522493615,37.168523682481265,0.4221478540829687,41.21198855949801,386.92760772764365
"(37, 1014.1934683457976)",57.877298973527296,37.308398157898836,0.4237365249694558,41.967602915733345,387.78321300783466
"(38, 1014.1934683457976)",57.83996858568083,37.45213096993478,0.4253689913203908,42.74035891362294,388.66609372035765
"(39, 1014.1934683457976)",57.80114355223803,37.59968462851593,0.4270448575001011,43.5301868087799,389.5759183584845
"(40, 1014.1934683457976)",57.76081765423641,37.75102283365598,0.42876369683588966,44.33702966723473,390.51231112752225
"(41, 1014.1934683457976)",57.718980487484245,37.90611186747292,0.43052517062729256,45.16084118846766,391.4749748201925
"(42, 1014.1934683457976)",57.67562409757902,38.06491916066594,0.4323288423434736,46.001586912790636,392.46350116946036
"(43, 1014.1934683457976)",57.630737759726074,38.22741457995767,0.4341743961423116,46.85924380859292,393.4775928819204
"(44, 1014.1934683457976)",57.58430799317626,38.39357013042297,0.436061554478537,47.7337991563476,394.51698119249977
"(45, 1014.1934683457976)",57.536324551901714,38.56335854521935,0.437989946535998,48.62525100918885,395.58129196874535
"(46, 1014.1934683457976)",57.48677548723584,38.736754563338785,0.43995932148660016,49.5336062726243,396.67026391693446
"(47, 1014.1934683457976)",57.43564511742952,38.91373492234787,0.4419694379934034,50.45888470108878,397.7836325202839
"(48, 1014.1934683457976)",57.382933734908825,39.09426007829897,0.4440197483825923,51.401104911133935,398.9208237150356
"(49, 1014.1934683457976)",57.32860034528,39.27835758818138,0.44611067768394774,52.360320391529065,400.0822150748481
"(50, 1014.1934683457976)",57.27265919383711,39.46595844182804,0.4482413647946733,53.336557862542435,401.26690655462113
"(51, 1014.1934683457976)",57.215089062660844,39.65705912344034,0.45041183528572853,54.32985222696879,402.4748891854603
"(52, 1014.1934683457976)",57.15587917766883,39.851640843864715,0.4526218215627414,55.34033175744524,403.7057633022642
"(53, 1014.1934683457976)",57.0950187795177,40.04968526100867,0.45487116270284506,56.3679953753632,404.9593667767208
"(54, 1014.1934683457976)",57.03249900362235,40.25117440467592,0.4571596003335841,57.41293947344394,406.2353411764523
"(55, 1014.1934683457976)",56.96830944279444,40.4560909849499,0.4594869824232596,58.47524499009049,407.53345137349964
"(56, 1014.1934683457976)",56.90247643213589,40.66435384456779,0.4618523598202425,59.55499755534748,408.8526491144355
"(57, 1014.1934683457976)",56.83489367927988,40.87613715673149,0.4642577201142228,60.65229342152269,410.1948539474335
"(58, 1014.1934683457976)",56.76565453845549,41.09123249461974,0.4667007069146408,61.76722700658446,411.55758161861064
"(59, 1014.1934683457976)",56.694721587207574,41.30968792240904,0.46918184918387973,62.89990403500302,412.94126287369085
"(60, 1014.1934683457976)",56.62209371479307,41.53148159448801,0.4717009165902515,64.05043162092635,414.34555699763257
"(61, 1014.1934683457976)",56.54776762424417,41.75660054268458,0.47425774141614563,65.21892387700227,415.77017977968285
"(62, 1014.1934683457976)",56.47174360737664,41.98502544330994,0.47685210555590546,66.4054974211386,417.21479340060154
"(63, 1014.1934683457976)",56.39401992869528,42.21674352266872,0.4794838909857941,67.61027276988214,418.6791576449387
"(64, 1014.1934683457976)",56.3146087441906,42.45171967514843,0.48215266449841176,68.83337605828574,420.16270702152616
"(65, 1014.1934683457976)",56.233507174935745,42.689951341674515,0.484858377965112,70.07493456673932,421.6652654382153
"(66, 1014.1934683457976)",56.15071771880831,42.93141373922802,0.48760089577133725,71.33507969849218,423.1865639523581
"(67, 1014.1934683457976)",56.066255091331506,43.17608648466018,0.49037979678363247,72.61394538131749,424.7260415253821
"(68, 1014.1934683457976)",55.980125196984694,43.42394889936201,0.4931949307465653,73.91165284335978,426.2834245410647
"(69, 1014.1934683457976)",55.89233915197675,43.67497984046631,0.4960460559091485,75.2283878030248,427.8582820987279
"(70, 1014.1934683457976)",55.80290838890498,43.92915736715068,0.4989329217067785,76.56424430237087,429.4502660353291
"(71, 1014.1934683457976)",55.71184624089942,44.186458880591836,0.5018552777578088,77.91938128687644,431.05896346995934
"(72, 1014.1934683457976)",55.61916857335626,44.44686119359124,0.5048128488958117,79.29393726136006,432.6839568258062
"(73, 1014.1934683457976)",55.52489152090636,44.71034037299398,0.507805352564184,80.68807225782884,434.32479950380156
"(74, 1014.1934683457976)",55.42903335879623,44.976871872416844,0.5108325127637884,82.10192156185246,435.98107630185297
"(75, 1014.1934683457976)",55.331612312180866,45.24643031513658,0.5138940766461164,83.53563486177141,437.65238109431453
"(76, 1014.1934683457976)",55.2326495056885,45.518989991770525,0.5169897017394589,84.9893613309188,439.33821737528245
"(77, 1014.1934683457976)",55.13216700987276,45.79452388116847,0.5201191384719177,86.46325189137649,441.0381811084859
"(78, 1014.1934683457976)",55.030188148676714,46.07300485122398,0.5232820367631945,87.95745486322083,442.7517689246966
"(79, 1014.1934683457976)",54.926737487838125,46.35440475435977,0.5264780746808105,89.47211955136585,444.4785050171832
"(80, 1014.1934683457976)",54.82183979669294,46.63869496787947,0.5297069496319442,91.00739654807666,446.21793190601755
"(81, 1014.1934683457976)",54.715521889473656,46.92584617810292,0.5329683409442522,92.56343214932879,447.96957807142786
"(82, 1014.1934683457976)",54.60781284016802,47.21582831003473,0.5362618702777782,94.14038551527437,449.73290064334964
"(83, 1014.1934683457976)",54.49874049488611,47.508610835129346,0.5395871893781272,95.73839619199461,451.50740687836884
"(84, 1014.1934683457976)",54.38833543370443,47.80416244960776,0.542943962693204,97.35761609978981,453.29260454144213
"(85, 1014.1934683457976)",54.27662742963722,48.10245140949251,0.546331842468476,98.99819212418846,455.0879940566651
"(86, 1014.1934683457976)",54.16364736170832,48.40344529296016,0.5497504636831622,100.6602717086364,456.8930577789002
"(87, 1014.1934683457976)",54.04943074153308,48.70711147584238,0.5531993565748325,102.34400138282642,458.70717274846663
"(88, 1014.1934683457976)",53.934007478679305,49.01341645212747,0.5566782685957246,104.04952706215745,460.5299369176739
"(89, 1014.1934683457976)",53.81741182939418,49.3223262938654,0.5601867725266021,105.77698999987302,462.36077575031993
"(90, 1014.1934683457976)",53.69967927345666,49.63380684137456,0.5637244385340335,107.52653454349188,464.19910896462693
"(91, 1014.1934683457976)",53.58084295646503,49.94782337094717,0.5672909293457753,109.2983023233065,466.0444528709962
"(92, 1014.1934683457976)",53.46093840287714,50.26434079412298,0.5708858481322991,111.09243202543246,467.89626632139624
"(93, 1014.1934683457976)",53.340001589789516,50.583323848316645,0.5745087682081216,112.90906299469609,469.7539772293706
"(94, 1014.1934683457976)",53.218069540650596,50.90473681787391,0.5781592607762556,114.7483324342026,471.61701350871044
"(95, 1014.1934683457976)",53.09517636206496,51.22854361554359,0.5818369573238461,116.61037223879073,473.48486952124665
"(96, 1014.1934683457976)",52.97136021878156,51.554708232136576,0.5855414145626455,118.49532381705203,475.35695427834185
"(97, 1014.1934683457976)",52.846656061618404,51.88319421656074,0.5892722561974038,120.40331090666052,477.23276240613785
"(98, 1014.1934683457976)",52.721101933848004,52.2139649870688,0.593029033197353,122.33446802471717,479.1117039834614
"(99, 1014.1934683457976)",52.59473322313096,52.54698404345097,0.5968113474169027,124.28892191832584,480.9932484665514
"(100, 1014.1934683457976)",52.46758671193042,52.88221441822572,0.6006188010605323,126.26679975341342,482.8768652478625
"(101, 1014.1934683457976)",52.33969920697512,53.21961950138914,0.6044509370397034,128.2682257643686,484.7619665167955
"(102, 1014.1934683457976)",52.21110668275013,53.55916246111097,0.6083073543396098,130.2933230303333,486.6480224876116
"(103, 1014.1934683457976)",52.08184512379969,53.90080652356088,0.6121876358541624,132.34221252635243,488.5344891589946
"(104, 1014.1934683457976)",51.951950194984846,54.24451504769471,0.6160913636392217,134.41501336399438,490.42082354315994
"(105, 1014.1934683457976)",51.82145726117317,54.59025138938405,0.6200181233124443,136.51184279577976,492.30648812372056
"(106, 1014.1934683457976)",51.69040126195514,54.93797910448311,0.6239675005253658,138.6328162258177,494.19094726706123
"(107, 1014.1934683457976)",51.55881668739953,55.28766192114971,0.627939082788235,140.77804722657189,496.07366905630704
"(108, 1014.1934683457976)",51.426737542958456,55.63926373990106,0.6319324606210932,142.94764756172347,497.95412643587713
"(109, 1014.1934683457976)",51.29419728040593,55.992748716309634,0.6359472267393556,145.1417272148892,499.83179635678914
"(110, 1014.1934683457976)",51.16122876357618,56.348081265653974,0.6399829770268224,147.36039442439315,501.70616072870865
"(111, 1014.1934683457976)",51.02786421943442,56.70522610481507,0.6440393106018177,149.6037557237381,503.5767064465558
"(112, 1014.1934683457976)",50.894135202744046,57.06414826600764,0.6481158304943704,151.87191598784645,505.442926031056
"(113, 1014.1934683457976)",50.760072548317005,57.42481314177407,0.6522121435602811,154.16497848496928,507.3043174896795
"(114, 1014.1934683457976)",50.625706336730595,57.78718650218245,0.6563278609913908,156.48304493414807,509.16038477668917
"(115, 1014.1934683457976)",50.491065858819105,58.15123451761285,0.6604625986511431,158.82621556819947,511.01063807048183
"(116, 1014.1934683457976)",50.356179577067024,58.51692379111206,0.664615977145173,161.19458920211557,512.8545937767786
"(117, 1014.1934683457976)",50.22107509684018,58.88422137118999,0.6687876222909483,163.58826330682047,514.6917749311756
"(118, 1014.1934683457976)",50.08577913122877,59.25309478122447,0.6729771651612158,166.00733408821588,516.5217111641601
"(119, 1014.1934683457976)",49.950317474797586,59.62351203134062,0.6771842424764246,168.45189657144383,518.3439390148428
"(120, 1014.1934683457976)",49.81471497303352,59.995441641842454,0.6814084966869765,170.9220446903133,520.1580019249471
"(1, 1015.3589838486224)",58.260650617733624,35.04669659522073,0.398048854831975,27.388409830092552,376.7740709342094
"(2, 1015.3589838486224)",58.26471446265629,35.049517135060135,0.3980808921158294,27.435972628005143,376.7590374802765
"(3, 1015.3589838486224)",58.26454531183516,35.05668178718192,0.39816224728983884,27.49539735656825,376.7822174585264
"(4, 1015.3589838486224)",58.26428321420248,35.06674279376577,0.3982765257068679,27.57853995415047,376.81510847833465
"(5, 1015.3589838486224)",58.26390561440232,35.079730357635725,0.39842403799467757,27.685347802527787,376.858078556613
"(6, 1015.3589838486224)",58.26337945984872,35.09568645338721,0.39860526740628593,27.81575143481592,376.91168783553894
"(7, 1015.3589838486224)",58.26266287153519,35.11466542600621,0.39882083248765116,27.969663889660364,376.9766513226628
"(8, 1015.3589838486224)",58.26170086287461,35.13673796000498,0.39907152636823234,28.146978257533068,377.05388123863406
"(9, 1015.3589838486224)",58.26042762562305,35.16199152434777,0.39935833172134694,28.34756534903238,377.14450453903555
"(10, 1015.3589838486224)",58.258761622107876,35.19053172663969,0.39968247729608697,28.571272479295526,377.24992153015944
"(11, 1015.3589838486224)",58.25661159414559,35.22247817604198,0.4000453163049566,28.81792127652339,377.3716845802781
"(12, 1015.3589838486224)",58.25387648389009,35.25796004363401,0.4004483398933399,29.087309739676165,377.51150973829317
"(13, 1015.3589838486224)",58.25045592060788,35.297108393787276,0.4008929616463534,29.379213093010332,377.6710570762959
"(14, 1015.3589838486224)",58.24624340069291,35.340053690903176,0.40138071671062137,29.693387335049533,377.8521293206788
"(15, 1015.3589838486224)",58.24113983793931,35.386917402466864,0.40191296525329556,30.029572626688033,378.0563673684848
"(16, 1015.3589838486224)",58.2350470044726,35.43781139854506,0.40249105333294316,30.387497007466376,378.28540991283245
"(17, 1015.3589838486224)",58.22788597645526,35.492829635040444,0.4031158930351597,30.766880820442694,378.54046270496707
"(18, 1015.3589838486224)",58.219566985298925,35.55206805919552,0.4037886966095344,31.167439337493054,378.8230413415235
"(19, 1015.3589838486224)",58.21004261141046,35.61555283370464,0.40450975009029466,31.588885836968185,379.1337229715736
"(20, 1015.3589838486224)",58.19923794184952,35.68337088088236,0.405279990669611,32.03093846130112,379.4737410391743
"(21, 1015.3589838486224)",58.18711097294312,35.75554309617589,0.40609970105161414,32.49331414665851,379.84366565433777
"(22, 1015.3589838486224)",58.17362241895751,35.83208943752732,0.4069690922757983,32.97573897545088,380.24398501549996
"(23, 1015.3589838486224)",58.15874273044033,35.91301612610501,0.4078882355358052,33.47794673522776,380.675037622215
"(24, 1015.3589838486224)",58.14244790747514,35.9983188705822,0.40885705213158946,33.999678572784006,381.1370024188899
"(25, 1015.3589838486224)",58.124719004835555,36.087983993122506,0.4098754749776328,34.54068757176587,381.6300582059949
"(26, 1015.3589838486224)",58.10554559138716,36.181988646533455,0.4109431373744169,35.10073634543365,382.1540700386191
"(27, 1015.3589838486224)",58.08491793772346,36.280305945437895,0.41205978310690106,35.67960013501708,382.7090025252897
"(28, 1015.3589838486224)",58.06283325765988,36.38289563163462,0.41322495628117917,36.277066273683026,383.29460543686645
"(29, 1015.3589838486224)",58.03928457443017,36.48972604210853,0.41443830942038656,36.89293482961527,383.91072589140936
"(30, 1015.3589838486224)",58.01427166491568,36.60075391594885,0.41569933349204347,37.52701802367065,384.55703481736026
"(31, 1015.3589838486224)",57.98779407844394,36.71593617189885,0.4170075381688197,38.17914306778442,385.233207144524
"(32, 1015.3589838486224)",57.95985128207531,36.835229039523256,0.41836241430143306,38.849148471343405,385.938887394216
"(33, 1015.3589838486224)",57.930440817032405,36.958588680295264,0.4197634949874359,39.53688721963647,386.6737485075528
"(34, 1015.3589838486224)",57.89956124194365,37.08597144669023,0.4212102666471327,40.24222468338023,387.4374036460597
"(35, 1015.3589838486224)",57.86720765497603,37.21733972160686,0.42270230451756435,40.96504089651682,388.2295414889083
"(36, 1015.3589838486224)",57.83338392928862,37.35263528930659,0.42423895469000605,41.70522720604376,389.04960673700253
"(37, 1015.3589838486224)",57.798077928199504,37.49183449227568,0.4258199241016335,42.46268878923611,389.89739664909604
"(38, 1015.3589838486224)",57.76128505595978,37.63489345136522,0.4274447424476018,43.23734265472444,390.7725166883086
"(39, 1015.3589838486224)",57.72299802381467,37.781775358766744,0.42911298847174406,44.029119724023246,391.6746082068924
"(40, 1015.3589838486224)",57.68320911584838,37.93244527411833,0.4308242418225445,44.83796009249768,392.60330430179425
"(41, 1015.3589838486224)",57.641907458384345,38.086870383429485,0.43257815398996696,45.6638217558164,393.5582931145493
"(42, 1015.3589838486224)",57.599083250276315,38.24501950796389,0.4343743545543513,46.50666520619403,394.5392380440133
"(43, 1015.3589838486224)",57.55472670880947,38.406862722567034,0.4362124662055932,47.36646876533658,395.54577766327606
"(44, 1015.3589838486224)",57.50882052303573,38.57237355596248,0.4380923259690388,48.2432193332465,396.5777595945562
"(45, 1015.3589838486224)",57.46135677517688,38.74152498820141,0.4400134984209857,49.13691453789963,397.63474409850977
"(46, 1015.3589838486224)",57.41232079390105,38.914292787471,0.44197573124769485,50.047561771186004,398.71646759422526
"(47, 1015.3589838486224)",57.36170024257916,39.090653598921634,0.4439787634195231,50.975177975861556,399.82264810015334
"(48, 1015.3589838486224)",57.3094818872837,39.27058531233972,0.4460223593307493,51.91978985915832,400.9530196846764
"(49, 1015.3589838486224)",57.25565032354245,39.454067248496564,0.44810631916676724,52.88143230736114,402.1073445779541
"(50, 1015.3589838486224)",57.20019654414941,39.64107892119752,0.4502303371235354,53.860149075251186,403.2852685243244
"(51, 1015.3589838486224)",57.1431063276352,39.831601416511425,0.4523942251032135,54.855992348408606,404.4865483513752
"(52, 1015.3589838486224)",57.08436838921455,40.025615898836826,0.4545977786224382,55.86902141041805,405.71091715150186
"(53, 1015.3589838486224)",57.02397215677682,40.22310451429557,0.4568407968572207,56.89930247409747,406.95810480344505
"(54, 1015.3589838486224)",56.96190773179982,40.424049331067486,0.4591230713418489,57.9469102201013,408.22782495901697
"(55, 1015.3589838486224)",56.89816634955539,40.62843319847044,0.4614443799536674,59.01192417971249,409.5197725527009
"(56, 1015.3589838486224)",56.832738914522956,40.836238875492356,0.46380457770663425,60.094433062327894,410.83371166221974
"(57, 1015.3589838486224)",56.76562001688133,41.04744924405121,0.4662034346619834,61.19452689118599,412.16931879394303
"(58, 1015.3589838486224)",56.69679641516101,41.26204780415039,0.46864096475673345,62.312303544849605,413.5265102203853
"(59, 1015.3589838486224)",56.62628510150553,41.48001577679973,0.4711163886219497,63.447869978645286,414.9043876469703
"(60, 1015.3589838486224)",56.55406233852823,41.70133730692554,0.4736300751567606,64.6013309944538,416.30322083686127
"(61, 1015.3589838486224)",56.48013352284736,41.925994257743156,0.4761816430463201,65.77280013426704,417.7225090766119
"(62, 1015.3589838486224)",56.40449778635039,42.153968904574114,0.4787709159123396,66.96239412595838,419.161956551069
"(63, 1015.3589838486224)",56.32715776021486,42.385242669425665,0.4813976468686752,68.1702340625457,420.6211914891503
"(64, 1015.3589838486224)",56.24811610194671,42.61979701980523,0.4840616282093515,69.39644474121651,422.0998781975403
"(65, 1015.3589838486224)",56.16737753696808,42.8576127136446,0.48676264444790235,70.64115447919124,423.59766956289917
"(66, 1015.3589838486224)",56.08494695580819,43.09867002844459,0.4895005153266832,71.90449169189247,425.1142541435856
"(67, 1015.3589838486224)",56.000833232928954,43.34294870064943,0.49227495531047777,73.18659492569688,426.64920347247585
"(68, 1015.3589838486224)",55.915044568717924,43.590427819286724,0.4950857386630207,74.48759281300514,428.2021597138242
"(69, 1015.3589838486224)",55.827592101477876,43.84108591810288,0.4979326403726746,75.80763661920786,429.77274313465256
"(70, 1015.3589838486224)",55.738488546991384,44.09490087908856,0.5008153822790055,77.14685566040312,431.36054198616716
"(71, 1015.3589838486224)",55.64524684020601,44.35658161206927,0.5037874673002118,78.50540007213857,433.0197308014756
"(72, 1015.3589838486224)",55.555383271035254,44.61190963290239,0.5066873969976996,79.88340173663374,434.58619880785403
"(73, 1015.3589838486224)",55.46141295514888,44.87505573572186,0.5096761307857479,81.28101789722587,436.2232203492888
"(74, 1015.3589838486224)",55.36585435046668,45.14126356924761,0.5126996320427226,82.69839274758777,437.8757846628737
"(75, 1015.3589838486224)",55.268728071220416,45.41050740712146,0.515757604684465,84.13567271312648,439.54344469149135
"(76, 1015.3589838486224)",55.1700538267424,45.68276113793812,0.5188497792395327,85.59300574857816,441.2257788701558
"(77, 1015.3589838486224)",55.06985413290052,45.95799795118758,0.5219758201414532,87.07054129647558,442.9222970359016
"(78, 1015.3589838486224)",54.968140891990274,46.23621200642528,0.5251356912073509,88.56842817164379,444.63281363529603
"(79, 1015.3589838486224)",54.86497342093698,46.51730902130243,0.5283283127885494,90.08681536728977,446.35608344414896
"(80, 1015.3589838486224)",54.760344918046,46.80132635864625,0.5315540244057295,91.62585450058504,448.0922995806623
"(81, 1015.3589838486224)",54.65428799464736,47.08821189799116,0.5348124247373459,93.18569224819635,449.840907882733
"(82, 1015.3589838486224)",54.54683623628169,47.37793577906977,0.5381030295687491,94.76648030867104,451.60126500011927
"(83, 1015.3589838486224)",54.438017855563224,47.67046701527114,0.5414254823385253,96.36836496146832,453.37286261552697
"(84, 1015.3589838486224)",54.322805810210085,47.9752696601305,0.5448873361455248,97.99151582948258,455.26473611122026
"(85, 1015.3589838486224)",54.21639840400222,48.263825099088834,0.5481646456306608,99.6360179550077,456.9478796142803
"(86, 1015.3589838486224)",54.103660452687386,48.56458728915064,0.5515806170217703,101.30208156625278,458.750253243568
"(87, 1015.3589838486224)",53.98967995121593,48.86802752375092,0.5550269854315106,102.98982902295073,460.561806913352
"(88, 1015.3589838486224)",53.87448784191585,49.17411787846174,0.558503460934918,104.69939979812345,462.3821067726937
"(89, 1015.3589838486224)",53.758125826824745,49.482807580423554,0.5620094594886448,106.43095854446868,464.21039515523523
"(90, 1015.3589838486224)",53.640620858624196,49.79407876533813,0.5655447722954504,108.18462493766718,466.0463403811418
"(91, 1015.3589838486224)",53.52200934302843,50.10789090711259,0.5691089430295821,109.9605477772171,467.88933031646286
"(92, 1015.3589838486224)",53.4023272649629,50.42420885225455,0.5727015714896407,111.75886609302498,469.7388195832059
"(93, 1015.3589838486224)",53.28160908298037,50.742996651085114,0.5763223131669915,113.5797189689664,471.5943192975575
"(94, 1015.3589838486224)",53.159894299290954,51.06421912173788,0.5799706079335492,115.4232411301334,473.4551260033429
"(95, 1015.3589838486224)",53.0372162060232,51.38783936624623,0.5836461960696416,117.28956952868664,475.32083903969857
"(96, 1015.3589838486224)",52.913612582761985,51.713821346691084,0.5873485813419942,119.17883414443199,477.1908245719052
"(97, 1015.3589838486224)",52.78911908108577,52.04212833826549,0.5910773816891292,121.09116936845862,479.06456027931995
"(98, 1015.3589838486224)",52.66377320566009,52.3727236698114,0.5948321794046685,123.02670316592534,480.9414940748603
"(99, 1015.3589838486224)",52.53761177208991,52.70557060639554,0.598612537013178,124.98556476598506,482.82105253476124
"(100, 1015.3589838486224)",52.410670869504216,53.04063208480755,0.6024180568623935,126.96787877521732,484.70270729264416
"(101, 1015.3589838486224)",52.2829871947434,53.37787117926206,0.6062483075557936,128.97377010016265,486.58589541963505
"(102, 1015.3589838486224)",52.15459707848781,53.717250944249216,0.6101028713224597,131.00336099891547,488.47007047018406
"(103, 1015.3589838486224)",52.02553659966594,54.05873444877403,0.6139813290293856,133.05677195884877,490.35468638645483
"(104, 1015.3589838486224)",51.89584152685094,54.402284865932714,0.617883261590603,135.13412160476707,492.23919902094013
"(105, 1015.3589838486224)",51.76554729182653,54.74786544295646,0.6218082519152188,137.23552670379843,494.12306810952634
"(106, 1015.3589838486224)",51.634688924888486,55.095439564931716,0.6257558846166374,139.3611021764984,496.00575696514636
"(107, 1015.3589838486224)",51.503300988626776,55.44497082456466,0.6297257455628745,141.51096111406258,497.88673200397386
"(108, 1015.3589838486224)",51.371417555613085,55.79642299287405,0.6337174237146987,143.6852148016281,499.7654645884953
"(109, 1015.3589838486224)",51.2390721410256,56.14976009815716,0.6377305103939235,145.88397274741723,501.6414302554203
"(110, 1015.3589838486224)",51.10629766441693,56.504946440198346,0.6417646000316679,148.1073427179246,503.5141094402473
"(111, 1015.3589838486224)",50.973126408867834,56.86194661390701,0.6458192906541783,150.35543077878015,505.38298792968436
"(112, 1015.3589838486224)",50.83958997241534,57.22072555364301,0.6498941838489732,152.62834134137873,507.2475567806446
"(113, 1015.3589838486224)",50.705719234812044,57.5812485454376,0.6539888854313599,154.92617721514353,509.1073129447352
"(114, 1015.3589838486224)",50.57154431473658,57.94348126385669,0.6581030054969772,157.2490396653489,510.9617592637862
"(115, 1015.3589838486224)",50.43709453657789,58.30738978992154,0.662236158864823,159.59702847642578,512.8104048563757
"(116, 1015.3589838486224)",50.30239839347343,58.67294064005232,0.6663879652208935,161.97024202067792,514.6527651949597
"(117, 1015.3589838486224)",50.16748351568354,59.040100785577,0.6705580494296879,164.3687773323311,516.4883623481111
"(118, 1015.3589838486224)",50.032376638736054,59.40883767506305,0.6747460417334263,166.79273018685916,518.3167251034729
"(119, 1015.3589838486224)",49.89710357617792,59.77911924876025,0.6789515780804851,169.2421951854973,520.1373892167227
"(120, 1015.3589838486224)",49.761689189061855,60.15091396221361,0.6831743001979049,171.71726584490506,521.9498973955334
"(1, 1016.6559045911553)",58.16141253752823,35.266203911225794,0.4005419467422408,27.906222670785652,379.3071125211495
"(2, 1016.6559045911553)",58.1654486924199,35.26902830493412,0.40057402170084105,27.953869453306215,379.2920749346794
"(3, 1016.6559045911553)",58.16530497872062,35.27615129848911,0.4006549241980986,28.013399411835106,379.31479497768356
"(4, 1016.6559045911553)",58.16508023008033,35.28615368031556,0.4007685330601875,28.09668984331944,379.34700566665583
"(5, 1016.6559045911553)",58.164751921171764,35.29906439897033,0.40091515507343284,28.20368837336041,379.3890712721237
"(6, 1016.6559045911553)",58.16428636060775,35.31492535008894,0.4010953030842971,28.33432636739442,379.4415818170353
"(7, 1016.6559045911553)",58.16364240340752,35.33379002178191,0.401309582215913,28.488517513836396,379.5052388149812
"(8, 1016.6559045911553)",58.16276925401707,35.35572647983728,0.4015587057041376,28.666155991537728,379.5808732025558
"(9, 1016.6559045911553)",58.16159776964631,35.380822125985475,0.4018437552185999,28.867114022829075,379.6697124432434
"(10, 1016.6559045911553)",58.16005141822939,35.40917953715111,0.4021658258327185,29.091240037365868,379.7730214202456
"(11, 1016.6559045911553)",58.158040657971085,35.440916127566915,0.4025262752644599,29.338357904502992,379.8923565961948
"(12, 1016.6559045911553)",58.15546562093187,35.476159604920205,0.40292655681176215,29.608267244447262,380.0293958548143
"(13, 1016.6559045911553)",58.15222389317459,35.51504035332633,0.4033681913556357,29.90074525356084,380.18590821240116
"(14, 1016.6559045911553)",58.148218017246506,35.557685070223826,0.4038524983922891,30.21554984793976,380.363477226471
"(15, 1016.6559045911553)",58.143593696474184,35.60366964847572,0.40437477191789434,30.55242307856308,380.5575764594659
"(16, 1016.6559045911553)",58.13750592582886,35.654745132088884,0.40495486303622674,30.911094520921775,380.7886580777607
"(17, 1016.6559045911553)",58.130620422307494,35.709367047298414,0.40557526554872897,31.291285534007024,381.039202942234
"(18, 1016.6559045911553)",58.122611290003036,35.768163230916414,0.40624304293921426,31.69271344983837,381.31667485339204
"(19, 1016.6559045911553)",58.11341110055505,35.83119928680466,0.4069589825009344,32.11508777514022,381.6221647108433
"(20, 1016.6559045911553)",58.10296005748698,35.898525857407236,0.40772364381232085,32.55813965865819,381.95651026455886
"(21, 1016.6559045911553)",58.09121039640374,35.97017778697101,0.4085374492803534,33.02157455718754,382.3204355002934
"(22, 1016.6559045911553)",58.07822199717072,36.04596449609771,0.40939821106860586,33.505123241616516,382.7119853703377
"(23, 1016.6559045911553)",58.06366624950901,36.12652808372899,0.4103132193902055,34.008518544917614,383.1388386799409
"(24, 1016.6559045911553)",58.0478146418799,36.211232608840376,0.4112752734061387,34.53150263195041,383.5939324887422
"(25, 1016.6559045911553)",58.03054958237946,36.30027692093348,0.41228660482552343,35.07382761012241,384.0797835695863
"(26, 1016.6559045911553)",58.01185825003619,36.393640292008236,0.413346992174907,35.63525622185219,384.5964040177611
"(27, 1016.6559045911553)",57.99172936565439,36.491296222960095,0.41445614753464527,36.21556349498605,385.143726090214
"(28, 1016.6559045911553)",57.97015733787513,36.59321211058174,0.415613652170456,36.81453581926315,385.72153768852553
"(29, 1016.6559045911553)",57.94713563478361,36.69935226284196,0.41681918207247226,37.43197274886461,386.32970985197016
"(30, 1016.6559045911553)",57.92266326932293,36.80967704740027,0.41807222428968316,38.0676865025316,386.96790886713256
"(31, 1016.6559045911553)",57.896737117649224,36.92414569192517,0.4193723069394871,38.721500346712794,387.6358317253311
"(32, 1016.6559045911553)",57.86935373269875,37.042716571998334,0.42071899454721673,39.39325984925226,388.3331901308297
"(33, 1016.6559045911553)",57.84051156540527,37.16534705386544,0.42211179612083805,40.08281042551375,389.0596394983142
"(34, 1016.6559045911553)",57.81020742340235,37.2919953082944,0.42355021379335356,40.79001913832457,389.81480660553444
"(35, 1016.6559045911553)",57.77843531929783,37.42262051485941,0.4250338295257036,41.514764754939755,390.5983876833573
"(36, 1016.6559045911553)",57.74519223422758,37.55718208870078,0.4265621181972298,42.2569385288794,391.4099576112446
"(37, 1016.6559045911553)",57.71047213224861,37.695641260146154,0.4281346912542775,43.01644352357254,392.2492183003999
"(38, 1016.6559045911553)",57.67426526218535,37.83796161552281,0.42975114864023334,43.793199708437484,393.115843061487
"(39, 1016.6559045911553)",57.636565552860176,37.98410703223232,0.4314110036782781,44.587136200826166,394.0094079942919
"(40, 1016.6559045911553)",57.59736249844017,38.13404417986673,0.43311393642131046,45.39819149195043,394.92964933149307
"(41, 1016.6559045911553)",57.55664468205639,38.28774140270622,0.43485959078518116,46.22632084846431,395.87624979138366
"(42, 1016.6559045911553)",57.5144167884233,38.44513766118061,0.4366472297810838,47.07148843877409,396.8484959415357
"(43, 1016.6559045911553)",57.47062071500949,38.60629665140809,0.4384775998484929,47.933663066017274,397.84717785091084
"(44, 1016.6559045911553)",57.42528766910365,38.771099882342796,0.4403493998857273,48.81285387726399,398.8709635997325
"(45, 1016.6559045911553)",57.37839031001124,38.939552570973696,0.44226264651526004,49.709035937430194,399.91989502241984
"(46, 1016.6559045911553)",57.329916940926,39.11163045014553,0.44421700955137466,50.622223077129306,400.99362260310136
"(47, 1016.6559045911553)",57.279850305344354,39.28731162785788,0.44621233840675883,51.55243202649061,402.0919765161675
"(48, 1016.6559045911553)",57.228178357510394,39.46657427061018,0.44824836956633435,52.49968890815838,403.2146627348137
"(49, 1016.6559045911553)",57.1748884042387,39.64939786329127,0.4503248110617459,53.46402953624211,404.36134861357823
"(50, 1016.6559045911553)",57.11996587073785,39.8357629041856,0.452441488647556,54.445496298523814,405.53181461702616
"(51, 1016.6559045911553)",57.06339373165082,40.02565105961837,0.45459834593635645,55.44414127153281,406.72595134203664
"(52, 1016.6559045911553)",57.00517842097523,40.219041919650124,0.45679463718761604,56.460023292709664,407.9429417896547
"(53, 1016.6559045911553)",56.94528853776061,40.41592007000235,0.4590307279937012,57.49320904974869,409.1830909538241
"(54, 1016.6559045911553)",56.88372252855225,40.616267108914776,0.46130619259475336,58.5437725514548,410.44589197446584
"(55, 1016.6559045911553)",56.8204694770966,40.82006584388486,0.463620888211939,59.61179328786707,411.7311202045966
"(56, 1016.6559045911553)",56.755522224120774,41.027299258362184,0.4659745803013523,60.69735816001434,413.0384502927409
"(57, 1016.6559045911553)",56.688874107172836,41.23795022311792,0.4683670791246761,61.8005588269002,414.3675976813146
"(58, 1016.6559045911553)",56.62051853411749,41.45200201984846,0.47079820951776813,62.92149397984437,415.7182855973384
"(59, 1016.6559045911553)",56.57349152882007,41.62501249078656,0.47276320373583797,64.06061798414225,416.5768845673287
"(60, 1016.6559045911553)",56.47867258410715,41.89023819660109,0.47577554538499717,65.21698310103791,418.4830343746966
"(61, 1016.6559045911553)",56.40517719219858,42.11438757139853,0.4783213594793295,66.39175697995617,419.8964774267728
"(62, 1016.6559045911553)",56.32996597841463,42.34186732631064,0.48090502771698923,67.5847058982599,421.33023007779036
"(63, 1016.6559045911553)",56.25304258465349,42.572658914463375,0.4835262570589605,68.79594939709239,422.7838748667606
"(64, 1016.6559045911553)",56.17440733302805,42.80674364421708,0.4861849194328874,70.02561156415386,424.2571575004662
"(65, 1016.6559045911553)",56.09406516679736,43.04410199449925,0.4888807987545667,71.2738204408116,425.7497302542589
"(66, 1016.6559045911553)",56.01202655945575,43.28471414353071,0.49161353845018274,72.5407063129629,427.2611003293663
"(67, 1016.6559045911553)",55.928293901461196,43.528559512789,0.49438306387632613,73.82640401048023,428.791057009253
"(68, 1016.6559045911553)",55.84287853564475,43.77561723055105,0.4971890836506269,75.13104763973004,430.3391699519456
"(69, 1016.6559045911553)",55.75579227892033,44.02586535504812,0.5000313030021609,76.4547769118573,431.9049997656987
"(70, 1016.6559045911553)",55.667047975883136,44.27928169668807,0.5029094730124364,77.79773116676952,433.48815404615016
"(71, 1016.6559045911553)",55.57665440578778,44.53584309967399,0.5058234703246755,79.16005352446331,435.08836426190703
"(72, 1016.6559045911553)",55.484633227546574,44.79552601447286,0.508772855646736,80.54188679042416,436.7050409985335
"(73, 1016.6559045911553)",55.390998286558755,45.058305714228126,0.5117574232984813,81.94337748174134,438.3378286330149
"(74, 1016.6559045911553)",55.29576888896808,45.32415753894333,0.5147768810904887,83.36467086193169,439.98628484573265
"(75, 1016.6559045911553)",55.1989642668244,45.59305533037656,0.517830926133522,84.80591387806156,441.6499547554899
"(76, 1016.6559045911553)",55.10060461653784,45.86497476640979,0.5209192994349336,86.26725385435184,443.32842773166146
"(77, 1016.6559045911553)",55.00071551126406,46.13988244975495,0.5240416054605261,87.74884201134117,445.0211504315314
"(78, 1016.6559045911553)",54.89931690824687,46.41775666391683,0.52719762555245,89.25082437085167,446.72775453348345
"(79, 1016.6559045911553)",54.79643631648545,46.69856673758655,0.5303869521308705,90.77335058883664,448.4476760131193
"(80, 1016.6559045911553)",54.692098174585155,46.982283394633626,0.533609306657828,92.31657067307385,450.1804816853995
"(81, 1016.6559045911553)",54.586329210322035,47.26887676176911,0.5368643704712726,93.88063264648764,451.92569955774513
"(82, 1016.6559045911553)",54.47915991300075,47.558316385525195,0.5401517168140174,95.46568448821793,453.68274778580246
"(83, 1016.6559045911553)",54.37061876790493,47.850571004550716,0.5434710436457819,97.07187660398225,455.4511688928194
"(84, 1016.6559045911553)",54.260734362219466,48.14560879787487,0.5468220062901399,98.6993550853327,457.23046636991984
"(85, 1016.6559045911553)",54.149539956171964,48.44339765592972,0.550204165577804,100.34826603215241,459.02004763317177
"(86, 1016.6559045911553)",54.03709175357054,48.743856063864826,0.5536166885628683,102.01875796920895,460.8189173384338
"(87, 1016.6559045911553)",53.92334633487796,49.04709600038577,0.5570607720076696,103.71097427199638,462.62814880570824
"(88, 1016.6559045911553)",53.80841314346535,49.352938346003604,0.5605344366218882,105.42505763375807,464.4455870845612
"(89, 1016.6559045911553)",53.69230126617352,49.66139708048274,0.5640378227193998,107.16115558234621,466.271227298071
"(90, 1016.6559045911553)",53.57504562350803,49.972437476520774,0.5675705150779083,108.9194055037339,468.10450992206484
"(91, 1016.6559045911553)",53.45668092809693,50.286024428519944,0.5711321242417553,110.69994917803129,469.94489723403854
"(92, 1016.6559045911553)",53.33724207159166,50.60212220942021,0.5747222652637777,112.50292542680555,471.79185905361834
"(93, 1016.6559045911553)",53.21676568228819,50.920695244125646,0.5783405197402588,114.32847210214241,473.6448321561093
"(94, 1016.6559045911553)",53.09528877500937,51.24170716529322,0.5819864414004066,116.17672487350075,475.50322716821705
"(95, 1016.6559045911553)",52.972846299995815,51.56512161833624,0.5856596857871182,118.04781696811968,477.36656066835474
"(96, 1016.6559045911553)",52.84947537170515,51.89090199851537,0.5893597974559959,119.94188291607773,479.2342350962078
"(97, 1016.6559045911553)",52.72521365172533,52.21901151341522,0.5930863560517367,121.85905041939887,481.10569539305146
"(98, 1016.6559045911553)",52.60009735594946,52.54941324516138,0.5968389576956548,123.79945513527502,482.9803952960431
"(99, 1016.6559045911553)",52.47416322767907,52.882070098547295,0.600617159325165,125.76321741009951,484.85776401659615
"(100, 1016.6559045911553)",52.347447927246286,53.21694497799373,0.6044205606825871,127.75046574852301,486.7372661257258
"(101, 1016.6559045911553)",52.21998834903998,53.554000683472445,0.6082487290620439,129.76132325282103,488.61833860817165
"(102, 1016.6559045911553)",52.091820810850656,53.893200131724726,0.6121012443884638,131.7959118855167,490.5004324296088
"(103, 1016.6559045911553)",51.96298151504056,54.234506170712415,0.615977686440644,133.85435158879497,492.3830004274849
"(104, 1016.6559045911553)",51.833506323079305,54.57788181571477,0.6198776337958144,135.93676044337133,494.2654960791372
"(105, 1016.6559045911553)",51.703430765941754,54.92329013306809,0.6238006678225243,138.04325467392172,496.1473775557535
"(106, 1016.6559045911553)",51.57278995433178,55.27069436286225,0.6277463709971026,140.1739486606903,498.0281059991841
"(107, 1016.6559045911553)",51.441618533080515,55.620057940690636,0.6317143275817841,142.3289549572048,499.90714619364735
"(108, 1016.6559045911553)",51.30995064483278,55.971344501433016,0.6357041246860226,144.50838431406308,501.78396762093365
"(109, 1016.6559045911553)",51.17781987797418,56.324517923056504,0.639715352352164,146.7123457085553,503.65804451788364
"(110, 1016.6559045911553)",51.04525921123307,56.679542380818354,0.6437476033673803,148.94094638030202,505.5288556495503
"(111, 1016.6559045911553)",50.912300983865705,57.03638234581105,0.6478004743319576,151.19429187255903,507.39588535397684
"(112, 1016.6559045911553)",50.77897684676424,57.395002630431264,0.6518735655927234,153.47248607927156,509.2586234274604
"(113, 1016.6559045911553)",50.64531772400481,57.75536841282167,0.6559664816230889,155.77563129773966,511.1165654582592
"(114, 1016.6559045911553)",50.511353775868216,58.117445260885326,0.6600788313672358,158.10382828682947,512.9692131183002
"(115, 1016.6559045911553)",50.37711436266243,58.48119915726136,0.6642102285155861,160.45717633064288,514.8160743795682
"(116, 1016.6559045911553)",50.24262800898129,58.846596525873196,0.6683602916977206,162.83577330757564,516.656663641179
"(117, 1016.6559045911553)",50.10792237116672,59.213604253741295,0.6725286447365101,165.23971576470012,518.4905019133603
"(118, 1016.6559045911553)",49.97302421070507,59.58218970218195,0.6767149170931264,167.66909899738508,520.317117190256
"(119, 1016.6559045911553)",49.83795935712664,59.95232074308529,0.6809187436957652,170.1240171340987,522.1360441909925
"(120, 1016.6559045911553)",49.702752689452076,60.32396575679014,0.6851397655870755,172.60456322633135,523.9468249279689
"(1, 1018.0793109087904)",58.05346906499782,35.50641019728628,0.40327013074754464,28.478253323592284,382.0827234979658
"(2, 1018.0793109087904)",58.05747524113597,35.509238659580156,0.4033022550237761,28.525991726813643,382.06769015575355
"(3, 1018.0793109087904)",58.05735937465168,35.51631736856888,0.4033826547962066,28.58563649250897,382.08989873497154
"(4, 1018.0793109087904)",58.05717421210351,35.526256126029814,0.4034955420915518,28.669088101981313,382.1213753453546
"(5, 1018.0793109087904)",58.05689745101401,35.539084778203176,0.40364123209870567,28.776294665924414,382.162492763501
"(6, 1018.0793109087904)",58.0564975110646,35.55484329855459,0.40382020132496765,28.907187053588277,382.21380524238384
"(7, 1018.0793109087904)",58.055931768815,35.57358492965156,0.4040330705700865,29.061683381290642,382.27602668906576
"(8, 1018.0793109087904)",58.05515088305058,35.595376282834614,0.40428056294822123,29.23967534214244,382.35000159800046
"(9, 1018.0793109087904)",58.05408945774359,35.62030203635959,0.4045636743804848,29.441037688372273,382.43686914363997
"(10, 1018.0793109087904)",58.052671363303304,35.648463148745,0.40488351015787655,29.665620555431293,382.5379044644319
"(11, 1018.0793109087904)",58.05080775688299,35.679975307876695,0.4052414143977477,29.913249699193926,382.65465022256865
"(12, 1018.0793109087904)",58.04840200520601,35.71496350066614,0.40563882217202923,30.18372667836205,382.7887658763908
"(13, 1018.0793109087904)",58.045355590914745,35.753555826374324,0.40607712248431044,30.47683097955108,382.94188605510016
"(14, 1018.0793109087904)",58.04156537953365,35.79587978780351,0.4065578082701825,30.792322399441975,383.1157708888536
"(15, 1018.0793109087904)",58.036933489081356,35.84205546823318,0.40708226865347863,31.12994486146006,383.3120906924605
"(16, 1018.0793109087904)",58.03136633601609,35.89219280073409,0.4076517128091208,31.489430051613887,383.53234481588396
"(17, 1018.0793109087904)",58.02477880292982,35.94638807974289,0.4082672526082143,31.870500906814886,383.77794229518094
"(18, 1018.0793109087904)",58.01709430233195,36.004723123899694,0.4089298098162489,32.272875407966424,384.050103579823
"(19, 1018.0793109087904)",58.00824443931286,36.06726456684114,0.40964013260353405,32.696269531309106,384.34987439028237
"(20, 1018.0793109087904)",57.99817161723485,36.13406317202078,0.41039879272397106,33.140400941198756,384.6781191530212
"(21, 1018.0793109087904)",57.986824607027,36.20515595355555,0.41120626084896894,33.604988761014084,385.0355979254845
"(22, 1018.0793109087904)",57.97416566337864,36.28056469531445,0.41206272653318854,34.08976181417863,385.4227748659273
"(23, 1018.0793109087904)",57.96016080778368,36.36029973318143,0.41296832849325726,34.59445138727995,385.84005991229037
"(24, 1018.0793109087904)",57.94478337446243,36.444361035912515,0.41392306923307426,35.11879970163245,386.2877133924273
"(25, 1018.0793109087904)",57.92842864388928,36.53185733302036,0.41491682351054865,35.66255895291265,386.75567481117093
"(26, 1018.0793109087904)",57.909838151389586,36.6254111001129,0.4159793791164143,36.22549132796181,387.27450831514375
"(27, 1018.0793109087904)",57.890243731136174,36.722356788142264,0.41708044680478695,36.807371284702725,387.8136025918452
"(28, 1018.0793109087904)",57.869221437513374,36.823544925383366,0.418229708014602,37.40798564687394,388.3830272902167
"(29, 1018.0793109087904)",57.84676989808083,36.9289330352259,0.4194266788406533,38.027132240301505,388.98249193055335
"(30, 1018.0793109087904)",57.8228727316602,37.038508376141685,0.4206711913900641,38.66462363938495,389.61201301019133
"(31, 1018.0793109087904)",57.797536168035144,37.15220828129497,0.42196257272418086,39.3202840471942,390.2710812211402
"(32, 1018.0793109087904)",57.77075459370133,37.27000024079837,0.42330039132530983,39.99395192522502,390.9594187826677
"(33, 1018.0793109087904)",57.74252181016363,37.39184443622552,0.42468425012740324,40.68547835894141,391.67677036458167
"(34, 1018.0793109087904)",57.71283215654326,37.51770110744676,0.4261137245761088,41.39472820110738,392.4228388841156
"(35, 1018.0793109087904)",57.681682581548245,37.64753030209937,0.42758826762371915,42.12157873952704,393.1971901155124
"(36, 1018.0793109087904)",57.649066120295295,37.78129362828032,0.4291075176972865,42.86592188354134,393.9995640394937
"(37, 1018.0793109087904)",57.614974337358085,37.91895426120732,0.43067100847852474,43.62765990099253,394.8295836392178
"(38, 1018.0793109087904)",57.57939843339545,38.06047684641527,0.43227836511975043,44.4067102915175,395.6869497903765
"(39, 1018.0793109087904)",57.54232798114575,38.20582733040865,0.43392922484369634,45.20300195002413,396.5713642620318
"(40, 1018.0793109087904)",57.50375397535935,38.354973187767726,0.43562317455364086,46.01647465031818,397.48246671515216
"(41, 1018.0793109087904)",57.46366324207081,38.5078840880516,0.43735988840901235,46.84708264783353,398.4199711627592
"(42, 1018.0793109087904)",57.42204234725286,38.664531279624704,0.4391390650144383,47.694789189619165,399.3836075134107
"(43, 1018.0793109087904)",57.37888154909072,38.82488685080571,0.4409603074250459,48.55956991306392,400.3729960083552
"(44, 1018.0793109087904)",57.33416305353528,38.988925632153865,0.44282343693952664,49.44140699995371,401.38797253370177
"(45, 1018.0793109087904)",57.287877486832215,39.15662255839403,0.4447280300169935,50.34031018976272,402.4280961517619
"(46, 1018.0793109087904)",57.240005223076814,39.32795536430772,0.4466740082202532,51.25627320915405,403.4932932805887
"(47, 1018.0793109087904)",57.1905350291242,39.502901679031865,0.44866098625220635,52.18931648854112,404.58315122676345
"(48, 1018.0793109087904)",57.13945242460548,39.68144076905005,0.45068875805797165,53.13946594953325,405.6974342884651
"(49, 1018.0793109087904)",57.08674282450362,39.86355263587332,0.4527571243346484,54.10675619665271,406.8359049550116
"(50, 1018.0793109087904)",57.03239281147291,40.04921821345225,0.4548658531106997,55.091229996554816,407.9982842943254
"(51, 1018.0793109087904)",56.97638936810941,40.23841903943437,0.45701474509119167,56.09293928512379,409.18431747247314
"(52, 1018.0793109087904)",56.91872213145592,40.43113685827851,0.45920355563109827,57.11194238287656,410.39369710089835
"(53, 1018.0793109087904)",56.85939816898405,40.627314812736294,0.4614316813632115,58.14830586326922,411.6257423304737
"(54, 1018.0793109087904)",56.798346995988396,40.82705487496668,0.4637002543994713,59.20210201259871,412.8815334546458
"(55, 1018.0793109087904)",56.735619706486716,41.03022056018945,0.46600775871376726,60.27341320202396,414.1594446674381
"(56, 1018.0793109087904)",56.67118848363886,41.236834852480484,0.4683544159275827,61.36232177163849,415.4596192570039
"(57, 1018.0793109087904)",56.60504655477033,41.44688063703802,0.47074002500804857,62.468924761770076,416.78175551561077
"(58, 1018.0793109087904)",56.53718732048072,41.660341082523466,0.4731644497210351,63.593315479512675,418.12562143901573
"(59, 1018.0793109087904)",56.46632335969604,41.879684424514345,0.4756556835709389,64.73559911294466,419.51961144680644
"(60, 1018.0793109087904)",56.3963038061105,42.097436615537994,0.47812883060527134,65.89587968912382,420.8771906991166
"(61, 1018.0793109087904)",56.323274326122984,42.32103662622235,0.48066843175964863,67.07427391973398,422.28431186173805
"(62, 1018.0793109087904)",56.24831542888822,42.548377113060724,0.4832504752280281,68.2708955309125,423.7164152855838
"(63, 1018.0793109087904)",56.17204388039278,42.778250249235434,0.4858613063020395,69.48586559722733,425.1594783199978
"(64, 1018.0793109087904)",56.09384688183018,43.01182647811391,0.4885141906099091,70.71930812981309,426.62688241548864
"(65, 1018.0793109087904)",56.01393461798902,43.248689632736614,0.4912044037629003,71.97134998455024,428.11369091374655
"(66, 1018.0793109087904)",55.932313674544915,43.48881964911657,0.49393172754860676,73.24211945303128,429.61955336564273
"(67, 1018.0793109087904)",55.848992323481454,43.73219592264397,0.49669589956400034,74.53175810889749,431.14406105044174
"(68, 1018.0793109087904)",55.763978429392765,43.978797145653445,0.49949673150920587,75.84039221665253,432.68689599943286
"(69, 1018.0793109087904)",55.67728513817601,44.228601320232045,0.5023339004566252,77.16816279331965,434.24758842968623
"(70, 1018.0793109087904)",55.588923153503366,44.481585821360135,0.505207242284588,78.51520860477788,435.8258324864458
"(71, 1018.0793109087904)",55.498908888806184,44.7377273889599,0.5081163861799604,79.88167768379923,437.4211026197596
"(72, 1018.0793109087904)",55.40725638403458,44.99700201014394,0.5110611358704776,81.2677063306817,439.0330627085979
"(73, 1018.0793109087904)",55.31398236066183,45.259384985805646,0.5140412058558211,82.67344175658,440.66127487983806
"(74, 1018.0793109087904)",55.219106108809314,45.52485087939501,0.5170563034523303,84.099029417961,442.3052957018339
"(75, 1018.0793109087904)",55.12264891016547,45.793373652910304,0.5201060744544619,85.54461696123353,443.964616918841
"(76, 1018.0793109087904)",55.02462993147422,46.06492648151056,0.523190278843701,87.01035108334504,445.638847476028
"(77, 1018.0793109087904)",54.92507270342339,46.3394818743396,0.5263085931692135,88.49637989469512,447.32750996439273
"(78, 1018.0793109087904)",54.82400123656148,46.61701148018739,0.529460696199381,90.00285130580588,449.03012943414825
"(79, 1018.0793109087904)",54.72144102796356,46.897486511333824,0.5326462254415937,91.52991519850436,450.74618695724155
"(80, 1018.0793109087904)",54.617417381356546,47.180877347814516,0.5358648909944789,93.07771892011316,452.4752400437599
"(81, 1018.0793109087904)",54.5119590342513,47.46715385379722,0.5391163092325209,94.64641185970267,454.2167487434325
"(82, 1018.0793109087904)",54.405093154416505,47.75628505559233,0.5424001802939129,96.23613879028697,455.9702630001435
"(83, 1018.0793109087904)",54.29685036878111,48.0482396552618,0.5457161002234014,97.84705512827092,457.7352161390019
"(84, 1018.0793109087904)",54.187260335670004,48.34298543201275,0.5490637232840867,99.47930025189896,459.51111679417875
"(85, 1018.0793109087904)",54.07635436189564,48.64048979372045,0.5524426851017639,101.13302451685645,461.2974436481492
"(86, 1018.0793109087904)",53.96416550311427,48.94071957162563,0.5558526189549972,102.80837157309526,463.09367969945475
"(87, 1018.0793109087904)",53.850726383619495,49.24364116794728,0.5592930831927061,104.49173766161991,464.91297907126307
"(88, 1018.0793109087904)",53.73607038454181,49.549220245008556,0.5627637590197639,106.2245138129482,466.71362617433357
"(89, 1018.0793109087904)",53.620231649486904,49.857422221526804,0.5662642031554285,107.96559504953166,468.5362746912623
"(90, 1018.0793109087904)",53.503244851555124,50.16821197006794,0.5697940617375162,109.72887121420281,470.3666745194485
"(91, 1018.0793109087904)",53.385146302113306,50.481554239882485,0.5733528906273925,111.51447840978692,472.2042373877118
"(92, 1018.0793109087904)",53.265971431482406,50.79741309917705,0.5769402906712485,113.32256725804595,474.048406304056
"(93, 1018.0793109087904)",53.14575526860871,51.11575234955972,0.5805559101539033,115.15326234736742,475.89869860614414
"(94, 1018.0793109087904)",53.02453515401196,51.43653563022539,0.5841992679761581,117.00670239166095,477.7544857829258
"(95, 1018.0793109087904)",52.902348954902685,51.75972648708284,0.5878699279544348,118.88302236027624,479.61518879557497
"(96, 1018.0793109087904)",52.77922947580681,52.08528758906378,0.5915675758896756,120.7823526480003,481.4803573697442
"(97, 1018.0793109087904)",52.655217196339144,52.413182212546786,0.5952917144879848,122.70482398350396,483.3493544921361
"(98, 1018.0793109087904)",52.53034984284543,52.74337335821501,0.5990418863932089,124.65056479993756,485.2215861047624
"(99, 1018.0793109087904)",52.40466203120252,53.07582349089535,0.602817737761506,126.61970575149765,487.0965613123324
"(100, 1018.0793109087904)",52.27819158978164,53.41049527918362,0.6066188117943438,128.6123660502066,488.9736958456882
"(101, 1018.0793109087904)",52.15097401001625,53.747351243706106,0.6104447406243312,130.6286711831801,490.85248969953426
"(102, 1018.0793109087904)",52.02304759741418,54.08635428211992,0.6142950256541945,132.66874192131,492.73231449140997
"(103, 1018.0793109087904)",51.89444797056753,54.42746699765712,0.6181692717018278,134.7326978116237,494.61264834756196
"(104, 1018.0793109087904)",51.76521111509043,54.770652176727054,0.622067056188721,136.82065633477032,496.4929435689025
"(105, 1018.0793109087904)",51.63537264807782,55.115872736950145,0.6259879577066794,138.9327331172719,498.37265550194525
"(106, 1018.0793109087904)",51.504967775620266,55.463091739109025,0.6299315569503267,141.06904194368732,500.2512434760027
"(107, 1018.0793109087904)",51.37403123410609,55.81227244018617,0.6338974366501389,143.22969477488212,502.1281707167398
"(108, 1018.0793109087904)",51.24259723856199,56.16337833295628,0.6378851817941896,145.41480177234482,504.00290454761216
"(109, 1018.0793109087904)",51.110699451289825,56.51637314218725,0.6418943808277313,147.62447132833208,505.87491758098935
"(110, 1018.0793109087904)",50.978370917522625,56.87122089987288,0.6459246249666609,149.85881010199768,507.74368698307933
"(111, 1018.0793109087904)",50.84564403522849,57.22788594505533,0.6499755092341833,152.11792306118593,509.6086954875415
"(112, 1018.0793109087904)",50.71255051012438,57.58633296075468,0.65404663258728,154.40191352994938,511.4694314767235
"(113, 1018.0793109087904)",50.579121312983084,57.9465270083709,0.6581375980615984,156.7108832416496,513.325389076069
"(114, 1018.0793109087904)",50.44538664962578,58.3084335364637,0.6622480134612361,159.04493239759123,515.1760687977393
"(115, 1018.0793109087904)",50.31137591376543,58.67201843059095,0.6663774910575189,161.40415973109165,517.0209771698758
"(116, 1018.0793109087904)",50.17711766555616,59.03724800842204,0.6705256484968789,163.78866257691806,518.8596275914542
"(117, 1018.0793109087904)",50.04263958963399,59.404089062918274,0.6746921085582663,166.1985369460182,520.6915400105804
"(118, 1018.0793109087904)",49.907968468925404,59.772508872835886,0.6788764996101712,168.6338776054736,522.5162413098211
"(119, 1018.0793109087904)",49.773130154453696,60.14247522429767,0.683078455764937,171.09477816361158,524.333265378196
"(120, 1018.0793109087904)",49.63814953926317,60.513956425398696,0.687297617141602,173.58133116021168,526.142153288564
"(1, 1019.6238033338117)",57.937468264524945,35.76623128240278,0.4062210931902043,29.103331962366454,385.0893640706484
"(2, 1019.6238033338117)",57.941442288443504,35.76906401956098,0.40625327563198615,29.15116912099894,385.07434089570603
"(3, 1019.6238033338117)",57.941356274022354,35.77609511421649,0.4063331228718167,29.21093765794265,385.09598650512413
"(4, 1019.6238033338117)",57.9412129800663,35.78596698613111,0.40644524268641646,29.294563037374818,385.12668115748323
"(5, 1019.6238033338117)",57.94099023409127,35.79870863312758,0.40658995190110087,29.401993883785327,385.1667992709267
"(6, 1019.6238033338117)",57.940656810799084,35.81435957521872,0.40676772542955586,29.533162872071202,385.21689240385615
"(7, 1019.6238033338117)",57.940174381573854,35.832970619334645,0.4069790981676888,29.687985664412686,385.27759028669084
"(8, 1019.6238033338117)",57.93949214520391,35.85460772362686,0.40722481813787675,29.86635851809756,385.34975936356403
"(9, 1019.6238033338117)",57.938544812011614,35.879354210892416,0.40750591311546663,30.06815651370355,385.4345724981063
"(10, 1019.6238033338117)",57.93726054961382,35.90730789666375,0.40782339809909646,30.293231556671337,385.53321270164855
"(11, 1019.6238033338117)",57.93555198247661,35.93858235127603,0.4081786097565469,30.541411399082453,385.6472151203956
"(12, 1019.6238033338117)",57.933324956418055,35.973300270818335,0.4085729161445523,30.81249981167064,385.77817088682434
"(13, 1019.6238033338117)",57.93048066367257,36.01158846863544,0.40900777654623327,31.106278373248195,385.92778634192797
"(14, 1019.6238033338117)",57.92691899666733,36.05357242758343,0.4094846193197531,31.42250923242297,386.0977557250817
"(15, 1019.6238033338117)",57.922542575572,36.09937147520724,0.41000478815729824,31.76093841807359,386.28970306794463
"(16, 1019.6238033338117)",57.91725995714666,36.14909454316223,0.410569543513771,32.121299444500366,386.5051800460377
"(17, 1019.6238033338117)",57.91098554453326,36.20283834747948,0.41117993134084374,32.50331365256034,386.7455317957263
"(18, 1019.6238033338117)",57.90363873086744,36.26068621347099,0.4118370176766213,32.90671049643712,387.01211582065366
"(19, 1019.6238033338117)",57.8951616524309,36.32270226810945,0.4125413087903334,33.331197224061725,387.30574107704643
"(20, 1019.6238033338117)",57.88548620515164,36.3889416075327,0.4132936336270676,33.77649533068954,387.6275312817921
"(21, 1019.6238033338117)",57.874565415980214,36.45944111442936,0.4140943391646681,34.24232589655699,387.9781191415233
"(22, 1019.6238033338117)",57.86235753925031,36.53422503212931,0.4149437173856046,34.72841246836031,388.3580788218201
"(23, 1019.6238033338117)",57.848829240587776,36.613305317155685,0.41584187799916117,35.23449794200576,388.7677792889738
"(24, 1019.6238033338117)",57.83395302271007,36.696683247665995,0.4167888606166915,35.76031420681186,389.2075290423451
"(25, 1019.6238033338117)",57.81770697809511,36.78435074878724,0.4177845522115543,36.30561793083519,389.67745616922326
"(26, 1019.6238033338117)",57.800074722396694,36.87629145100731,0.41882879416852226,36.87016970340627,390.1776383524166
"(27, 1019.6238033338117)",57.781044268922436,36.972482673282016,0.41992129214507523,37.45374382961193,390.70800116819834
"(28, 1019.6238033338117)",57.76060362731019,37.07289676352508,0.4210617688770988,38.05612582375954,391.26847639717033
"(29, 1019.6238033338117)",57.73874555906314,37.17750243130948,0.42224984616568795,38.67711475884039,391.8588793457353
"(30, 1019.6238033338117)",57.715464663224715,37.28626389770293,0.4234851278480781,39.316520819152316,392.47899589261056
"(31, 1019.6238033338117)",57.69075271414969,37.39914551887327,0.42476720655784544,39.97416865448436,393.1285860275048
"(32, 1019.6238033338117)",57.664606386760894,37.516108813586065,0.42609562854186595,40.64989520751262,393.8073501502558
"(33, 1019.6238033338117)",57.63701807649708,37.63711607811004,0.4274699942322622,41.34355216306665,394.515029167115
"(34, 1019.6238033338117)",57.60798253055085,37.762129002194214,0.4288898391859596,42.05500201763133,395.25128702438366
"(35, 1019.6238033338117)",57.58085933720725,37.884145641299796,0.43027566800300304,42.78413231319576,395.93518077802264
"(36, 1019.6238033338117)",57.54553662732634,38.02402378487742,0.43186436062460926,43.530804443744465,396.80837746064446
"(37, 1019.6238033338117)",57.5121103303632,38.160833619593795,0.43341820676361564,44.29494975590671,397.62857065853143
"(38, 1019.6238033338117)",57.47720184538134,38.30150597708031,0.43501590578859745,45.076475966082306,398.47609640479055
"(39, 1019.6238033338117)",57.43617266017078,38.455454378161,0.4367644047615533,45.87532625790605,399.46005728589734
"(40, 1019.6238033338117)",57.402892177068594,38.594311542150564,0.43834150035519553,46.6913913236403,400.25203642757356
"(41, 1019.6238033338117)",57.3634665428728,38.74638318101284,0.44006868766278406,47.524673783109684,401.17983525973744
"(42, 1019.6238033338117)",57.32250810440637,38.90219825509063,0.44183836675247756,48.37512097250047,402.1337949944603
"(43, 1019.6238033338117)",57.28000440011726,39.06172944377111,0.44365025874405734,49.242707780130594,403.1136563905148
"(44, 1019.6238033338117)",57.23593829473586,39.224952557455985,0.4455041106409874,50.127419861059515,404.1191758315513
"(45, 1019.6238033338117)",57.190297222786995,39.391843762549136,0.4473995957152356,51.0292530936897,405.15002429948856
"(46, 1019.6238033338117)",57.14306489315335,39.56238099223563,0.4493365215522914,51.94821445967742,406.2059986222552
"(47, 1019.6238033338117)",57.09422728724429,39.73654295685521,0.451314569392038,52.88431889361455,407.28675884985677
"(48, 1019.6238033338117)",57.04376813182028,39.91430973036538,0.45333360160973935,53.83759422299774,408.3921368293397
"(49, 1019.6238033338117)",56.99167351569727,40.09566188530194,0.4553933483846707,54.808071966888626,409.52182592600883
"(50, 1019.6238033338117)",56.93793126687605,40.28058058169658,0.4574935821431369,55.79579638200895,410.6755498435859
"(51, 1019.6238033338117)",56.88252576456232,40.46904802373031,0.45963415670849417,56.80081824347184,411.8531087617722
"(52, 1019.6238033338117)",56.82544533344256,40.661046706992586,0.4618148124627889,57.82319576036225,413.0541797588375
"(53, 1019.6238033338117)",56.76667987461252,40.8565589934407,0.4640353581243595,58.862994648739544,414.27850208338725
"(54, 1019.6238033338117)",56.706217033128084,41.05556837566896,0.46629563772185206,59.92028904595287,415.52584256596714
"(55, 1019.6238033338117)",56.64404745559942,41.258057879064175,0.4685954594200554,60.995157273105626,416.7959272857261
"(56, 1019.6238033338117)",56.580163780461476,41.46401052599613,0.4709345997051968,62.087685955445835,418.08844171745307
"(57, 1019.6238033338117)",56.514558454385025,41.673409658305715,0.47331287924153986,63.197965446569896,419.4031126525661
"(58, 1019.6238033338117)",56.44722595504496,41.88623833264852,0.47573011925208614,64.32609587087366,420.7396576813862
"(59, 1019.6238033338117)",56.37816211789192,42.102479164719256,0.47818611524517535,65.47217569338605,422.09776983432
"(60, 1019.6238033338117)",56.30736391174177,42.32211489997753,0.4806806627969032,66.63631714350174,423.4771284464941
"(61, 1019.6238033338117)",56.234830633324265,42.54512756201405,0.4832135580364817,67.81862776443987,424.8774181031811
"(62, 1019.6238033338117)",56.160561358615446,42.77149906684499,0.4857846198575702,69.0192256539427,426.29833604630295
"(63, 1019.6238033338117)",56.0845596927352,43.00121056894167,0.48839359971727403,70.238230456668,427.73950921095013
"(64, 1019.6238033338117)",56.00682685077176,43.2342431114675,0.4910403266744931,71.47576540610339,429.2006400680206
"(65, 1019.6238033338117)",55.927370023800485,43.47057685297822,0.4937245144593578,72.73195815575632,430.6813090764336
"(66, 1019.6238033338117)",55.84619421983907,43.71019144338927,0.49644596650736034,74.00693808516044,432.18118643480443
"(67, 1019.6238033338117)",55.76330754936158,43.953066130458595,0.49920448042122023,75.30083813377847,433.6999328345854
"(68, 1019.6238033338117)",55.67872044666781,44.19917922172441,0.5019997572818087,76.6137938794224,435.23710791290574
"(69, 1019.6238033338117)",55.59244408420006,44.4485085943329,0.504831557508348,77.94594315079894,436.7923295587946
"(70, 1019.6238033338117)",55.50449191305941,44.701031272817964,0.5076996101815539,79.29742202657901,438.3651854578305
"(71, 1019.6238033338117)",55.41487701521777,44.95672365927747,0.5106036735807576,80.6683806888978,439.9552789637304
"(72, 1019.6238033338117)",55.323615435978866,45.21556159400841,0.5135434850497997,82.05895360160429,441.5622078021731
"(73, 1019.6238033338117)",55.23072581295605,45.477519982906365,0.5165187145111798,83.46928799443911,443.1854881885413
"(74, 1019.6238033338117)",55.13622569367869,45.742573124987544,0.5195291140775746,84.89952924725662,444.82472199116575
"(75, 1019.6238033338117)",55.04013633642174,46.010694540345234,0.5225743377287326,86.34982097061943,446.4794127889987
"(76, 1019.6238033338117)",54.9424780260324,46.28185723550368,0.5256541133517698,87.82031688648897,448.14912940730517
"(77, 1019.6238033338117)",54.84327567526543,46.55603324391815,0.5287681030519918,89.31115850299729,449.8333858124796
"(78, 1019.6238033338117)",54.742550975758775,46.833194037757075,0.5319160191345403,90.82249538665904,451.5317390974815
"(79, 1019.6238033338117)",54.64033195670337,47.11331038931141,0.535097486410012,92.3544732579516,453.24366098978743
"(80, 1019.6238033338117)",54.53664357182002,47.39635238180346,0.5383121593563346,93.90724774907204,454.9686435546708
"(81, 1019.6238033338117)",54.43151311705764,47.68228947741495,0.5415597609511289,95.48095894479329,456.70626424874666
"(82, 1019.6238033338117)",54.3249708713815,47.97109057901614,0.5448398627981345,97.07575813523368,458.4559349788723
"(83, 1019.6238033338117)",54.217044778128994,48.26272488955042,0.5481521597664367,98.69179024986488,460.21719969683255
"(84, 1019.6238033338117)",54.107767977532454,48.55715653537983,0.5514962390475627,100.32920391162837,461.98948887034055
"(85, 1019.6238033338117)",54.00277054326648,48.84372490023563,0.5547509651713711,101.98817020143876,463.64911880969754
"(86, 1019.6238033338117)",53.885284753123265,49.154289043107546,0.5582782751414022,103.6687544952424,465.5650637230742
"(87, 1019.6238033338117)",53.772144949994214,49.45692122259402,0.5617154478968184,105.37118179154251,467.36725958436705
"(88, 1019.6238033338117)",53.65778340842563,49.7622180192994,0.5651829088668304,107.09556616002102,469.1783809580437
"(89, 1019.6238033338117)",53.542236041052284,50.070144707499516,0.5686802361022448,108.84205120794303,470.9978540073978
"(90, 1019.6238033338117)",53.42553673813659,50.38066574478957,0.572207028711585,110.6107773373289,472.825129571917
"(91, 1019.6238033338117)",53.30916381478049,50.691013325836664,0.5757318596290596,112.40188513160224,474.62802328382776
"(92, 1019.6238033338117)",53.18882809603083,51.00934788531038,0.5793473492971821,114.21550616568437,476.50084157607085
"(93, 1019.6238033338117)",53.06888829178667,51.32743623559817,0.5829601519055819,116.05178310817834,478.3482641698477
"(94, 1019.6238033338117)",52.947943290961184,51.64797416247196,0.5866007028774853,117.91084753173809,480.20119217449076
"(95, 1019.6238033338117)",52.826028185105045,51.970924588280376,0.5902686498395426,119.79282335969505,482.05914237841324
"(96, 1019.6238033338117)",52.70325356287235,52.296109704675345,0.5939620164644005,121.69787484671363,483.91993541653846
"(97, 1019.6238033338117)",52.57943438692911,52.62391430379526,0.5976851298696495,123.62609691975766,485.78788839399755
"(98, 1019.6238033338117)",52.45483036582133,52.953878790466554,0.6014327775169698,125.57762845751986,487.65754760395106
"(99, 1019.6238033338117)",52.32940636285968,53.286106640330914,0.6052060783106005,127.55259764258447,489.52992572521066
"(100, 1019.6238033338117)",52.20319640534599,53.62055995681589,0.6090046999922126,129.55112672679982,491.40456172742694
"(101, 1019.6238033338117)",52.07623949235854,53.95720129589979,0.6128281489384606,131.57333896023812,493.28082905041464
"(102, 1019.6238033338117)",51.948570997090755,54.29599302552178,0.6166760335614947,133.6193545782563,495.1582081865243
"(103, 1019.6238033338117)",51.820227827093746,54.636897651788615,0.6205479163130491,135.68929238457628,497.0361341974066
"(104, 1019.6238033338117)",51.69124607212565,54.97987778135777,0.6244433718337324,137.78326920533368,498.9140565503662
"(105, 1019.6238033338117)",51.561661458458865,55.324896129634375,0.6283619767722746,139.9014000147459,500.79142861215297
"(106, 1019.6238033338117)",51.43150928705741,55.67191557919077,0.6323033096056462,142.04379794789537,502.66770745277023
"(107, 1019.6238033338117)",51.30082438210364,56.020899216188575,0.6362669509639588,144.21057431958693,504.5423541578926
"(108, 1019.6238033338117)",51.169641046821255,56.371810353229186,0.6402524842406925,146.40183864924543,506.4148344261708
"(109, 1019.6238033338117)",51.037993013605195,56.72461256856714,0.6442594957817667,148.617698691619,508.2846187313097
"(110, 1019.6238033338117)",50.905913399011226,57.07926973722273,0.6482875752276964,150.8582604734525,510.15118263426587
"(111, 1019.6238033338117)",50.77343466302941,57.43574605547741,0.6523363159688089,153.1236283357977,512.0140072050864
"(112, 1019.6238033338117)",50.640588567348985,57.79400607072802,0.6564053154323399,155.41390498202716,513.8725792676256
"(113, 1019.6238033338117)",50.50740613395562,58.15401471343411,0.660494175277753,157.7291915314213,515.7263915451105
"(114, 1019.6238033338117)",50.37391760687216,58.515737324672,0.6646025016499604,160.0695875782453,517.5749428592532
"(115, 1019.6238033338117)",50.24015242526525,58.87913966131437,0.6687299058976014,162.43519125625707,519.4177387981172
"(116, 1019.6238033338117)",50.10613917801928,59.24418794481636,0.6728760042423036,164.82609930854102,521.2542913090547
"(117, 1019.6238033338117)",49.97190557925793,59.61084886602869,0.6770404184090892,167.24240716262776,523.084119266363
"(118, 1019.6238033338117)",49.83747843506532,59.979089611782484,0.6812227757081193,169.68420901079773,524.906748474331
"(119, 1019.6238033338117)",49.702883615324986,60.34887788235116,0.6854227092758408,172.15159789552416,526.7217118276741
"(120, 1019.6238033338117)",49.56814602707597,60.720181907651984,0.6896398582945609,174.644665799985,528.528549444906
"(1, 1021.2835230774223)",57.81408567805036,36.044511200538835,0.40938170498480503,29.780117498997555,388.31467245132603
"(2, 1021.2835230774223)",57.818026894649314,36.047347983667535,0.4094139192696044,29.828060096932138,388.2996297716648
"(3, 1021.2835230774223)",57.81796927422985,36.0543300706053,0.40949325767340666,29.887960689328725,388.3207561838187
"(4, 1021.2835230774223)",57.81787146712752,36.064131118490145,0.40960451795297004,29.971771473677112,388.35057368976135
"(5, 1021.2835230774223)",57.817308018595554,36.07767628358418,0.4097583840684436,30.07944184747329,388.4000442444583
"(6, 1021.2835230774223)",57.81744098650892,36.092319797157614,0.4099246968265395,30.210904655196575,388.4384339162559
"(7, 1021.2835230774223)",57.817043708553705,36.11079451241528,0.4101345341795127,30.36607682411961,388.4975651784506
"(8, 1021.2835230774223)",57.816461154694906,36.13227106208969,0.4103784686135531,30.544856045344197,388.56791217542263
"(9, 1021.2835230774223)",57.81563611976259,36.156828589591406,0.41065735187421293,30.747118873713188,388.65046822602767
"(10, 1021.2835230774223)",57.81448959254659,36.184565696068475,0.4109724055484316,30.97271882917494,388.7466273969305
"(11, 1021.2835230774223)",57.812943027252615,36.21559116867529,0.4113247706145563,31.221485579227007,388.8577252830196
"(12, 1021.2835230774223)",57.810900179972975,36.25002681823176,0.4117158873248073,31.493226012008545,388.9854259020177
"(13, 1021.2835230774223)",57.808265958287166,36.287996773337824,0.4121471458591512,31.7877232835451,389.13136586579304
"(14, 1021.2835230774223)",57.80494189649987,36.32962499611248,0.41261992756510557,32.1047421980931,389.2971911175487
"(15, 1021.2835230774223)",57.80083201115607,36.37502954756181,0.41313562489120825,32.44403097274239,389.4845755249431
"(16, 1021.2835230774223)",57.79584434479307,36.42431940887151,0.41369543748151755,32.80532518472465,389.6950086874551
"(17, 1021.2835230774223)",57.78989662237774,36.47758590825379,0.414300423671496,33.188351184315465,389.92984511537867
"(18, 1021.2835230774223)",57.78290538197546,36.53492654151599,0.4149516952525206,33.59283049386151,390.19049874058163
"(19, 1021.2835230774223)",57.77480965077275,36.59639423027385,0.4156498312278477,34.01848107851301,390.4778429243993
"(20, 1021.2835230774223)",57.76554865075689,36.66204720504625,0.4163954744014353,34.46502222567292,390.7928148645195
"(21, 1021.2835230774223)",57.755070016371405,36.73192520595659,0.41718913047045375,34.9321760234021,391.13620893306927
"(22, 1021.2835230774223)",57.74333269450137,36.80605363466998,0.41803105633300913,35.41966917492281,391.5085607926291
"(23, 1021.2835230774223)",57.7303009537678,36.88444679692084,0.4189214242600956,35.927235668417,391.910312392545
"(24, 1021.2835230774223)",57.71594752042102,36.96710740728936,0.4198602508868204,36.45461751758085,392.34173870828147
"(25, 1021.2835230774223)",57.714429473379404,37.02347641330982,0.42050046994254936,37.00175855693169,392.4484428417068
"(26, 1021.2835230774223)",57.68318350538956,37.14520099920349,0.42188297885356707,37.56784374678702,393.29429122318163
"(27, 1021.2835230774223)",57.664741319004804,37.24059940126535,0.4229664820266145,38.153223579250216,393.8154753285539
"(28, 1021.2835230774223)",57.64490943848379,37.34019989119762,0.424097687529442,38.75748864680754,394.3664918022488
"(29, 1021.2835230774223)",57.62367456226343,37.44397390762379,0.4252763638651319,39.38044366721933,394.9472995025184
"(30, 1021.2835230774223)",57.60103361507569,37.551887805516834,0.4265020182560406,40.02189201910041,395.55759178505986
"(31, 1021.2835230774223)",57.57697565993812,37.66390810822293,0.4277742835924309,40.68165940149046,396.1971680277077
"(32, 1021.2835230774223)",57.551494719660504,37.77999892416318,0.4290928037326749,41.35958314257602,396.86582718069906
"(33, 1021.2835230774223)",57.5245811333733,37.90012485615653,0.43045714952924924,42.05551192243531,397.56328228266113
"(34, 1021.2835230774223)",57.49622811552608,38.024249598861374,0.43186691785148024,42.76931053720163,398.2892568267458
"(35, 1021.2835230774223)",57.46642614204008,38.15233795752783,0.4333217133251694,43.5008540960178,399.04347191465604
"(36, 1021.2835230774223)",57.435166654211926,38.28435513979222,0.4348210886661197,44.25003295978239,399.82558038151257
"(37, 1021.2835230774223)",57.402436968988525,38.42026809528538,0.4363647754401334,45.01674777041226,400.6354074379754
"(38, 1021.2835230774223)",57.36822721632185,38.56004440395971,0.43795231786602207,45.80091814485381,401.4725679852803
"(39, 1021.2835230774223)",57.3325254144044,38.703653202853836,0.43958334682677613,46.6024667651636,402.33676236825073
"(40, 1021.2835230774223)",57.29531664258289,38.85106550264091,0.44125760353678484,47.42133600801847,403.22778391672955
"(41, 1021.2835230774223)",57.25658656379412,39.002253531218145,0.4429747598603224,48.257476936764604,404.1453464477606
"(42, 1021.2835230774223)",57.21632069327495,39.15719097183134,0.4447345135301575,49.11085109591667,405.08917971628614
"(43, 1021.2835230774223)",57.17450463682697,39.31585266136639,0.4465365379697697,49.981438725526594,406.05896995503497
"(44, 1021.2835230774223)",57.131123318679066,39.47821473306181,0.4483805771568867,50.869218429048324,407.05447708922486
"(45, 1021.2835230774223)",57.08615899852122,39.644255293019135,0.4502664367375294,51.774190656131005,408.07550217869033
"(46, 1021.2835230774223)",57.039598900103236,39.81395245351556,0.4521937402468113,52.696358714801434,409.12165743801876
"(47, 1021.2835230774223)",56.99142260011809,39.98728663955713,0.4541624279478325,53.63573920465734,410.192865259301
"(48, 1021.2835230774223)",56.941617068307366,40.164238021394056,0.45617223143282826,54.592357074752776,411.2888265730553
"(49, 1021.2835230774223)",56.890169293755754,40.34478757139661,0.45822284082498643,55.566246084832585,412.40919114745446
"(50, 1021.2835230774223)",56.83706254402304,40.5289176585456,0.46031413009143524,56.55744891871374,413.55378758338617
"(51, 1021.2835230774223)",56.78228366241374,40.7166105914002,0.46244588204437226,57.56601554862623,414.72234409829633
"(52, 1021.2835230774223)",56.72582091658165,40.90784907256187,0.46461789954480065,58.592005454178846,415.91459987776705
"(53, 1021.2835230774223)",56.66766135567344,41.10261633661524,0.46682999232516953,59.635483108088245,417.13029613196693
"(54, 1021.2835230774223)",56.607792641320955,41.30089588259996,0.4690820330887573,60.69652162114286,418.3692297440632
"(55, 1021.2835230774223)",56.54620962530029,41.50267062519981,0.47137369621622627,61.77520029652562,419.63098886120855
"(56, 1021.2835230774223)",56.482900349247615,41.70792419684627,0.4737048855695997,62.87160455605349,420.9153898774545
"(57, 1021.2835230774223)",56.41785819716549,41.916639831402755,0.47607541139142695,63.98582554082265,422.22214785554706
"(58, 1021.2835230774223)",56.351077731375625,42.12880074248813,0.4784850667503603,65.11796109003923,423.55095362070426
"(59, 1021.2835230774223)",56.28255537547518,42.34438944781145,0.4809336514555321,66.26811241013665,424.90150151485824
"(60, 1021.2835230774223)",56.212287419798514,42.56338877742399,0.48342098117574217,67.43638669816877,426.2734960865374
"(61, 1021.2835230774223)",56.14027346044939,42.78578053629142,0.4859468313849243,68.62289566087374,427.6665963242319
"(62, 1021.2835230774223)",56.06651343492652,43.01154664983746,0.4885110077894992,69.82775494612542,429.0804881512364
"(63, 1021.2835230774223)",55.9910094513344,43.24066811730513,0.49111329161606304,71.05108389726703,430.51482879453533
"(64, 1021.2835230774223)",55.913764884066765,43.47312576559213,0.49375346635007844,72.29300618946024,431.9692734562374
"(65, 1021.2835230774223)",55.834784877387825,43.70889952000756,0.49643130070576547,73.55364884611934,433.4434589045721
"(66, 1021.2835230774223)",55.754076312820125,43.94796901959944,0.49914657033016735,74.83314071072161,434.937027168084
"(67, 1021.2835230774223)",55.67164668364879,44.190313070755074,0.5018990517086656,76.13161409355448,436.44961766468884
"(68, 1021.2835230774223)",55.5875082740565,44.43590984336325,0.5046884312976158,77.44920426740909,437.98077490463754
"(69, 1021.2835230774223)",55.501669597463355,44.68473678040687,0.5075145403220607,78.78604875253544,439.53018900059715
"(70, 1021.2835230774223)",55.41400800379289,44.93703534864616,0.510380070003588,80.14228605407483,441.1004699476909
"(71, 1021.2835230774223)",55.32495064194135,45.191988031293036,0.5132757286367801,81.51805602006465,442.68198843223706
"(72, 1021.2835230774223)",55.22996641062515,45.45830818614247,0.5163005154260574,82.91351747211475,444.37569188889813
"(73, 1021.2835230774223)",55.14161347527613,45.711872820583686,0.5191804178335665,84.3287706510419,445.90163558683105
"(74, 1021.2835230774223)",55.047508464736566,45.97648908470156,0.5221858436408059,85.76400653713542,447.53579155750276
"(75, 1021.2835230774223)",54.95180498091892,46.244185741636166,0.5252262639869172,87.2193504080576,449.18557888929337
"(76, 1021.2835230774223)",54.854526844564326,46.51493529402075,0.5283013396530228,88.69495137563453,450.8505020317265
"(77, 1021.2835230774223)",54.755696019317185,46.788709721807145,0.5314107639324424,90.19095852129628,452.5300986688928
"(78, 1021.2835230774223)",54.655335990612535,47.065479933878194,0.5345542493944812,91.70751653236516,454.22393056523754
"(79, 1021.2835230774223)",54.55347494838856,47.34521644375722,0.5377314059689973,93.24477368441352,455.9314510729797
"(80, 1021.2835230774223)",54.450138967580266,47.62788893914176,0.5409418722729253,94.80287780938421,457.652143285606
"(81, 1021.2835230774223)",54.34535438344832,47.91346653924938,0.5441853924596608,96.38197619110606,459.385598627366
"(82, 1021.2835230774223)",54.239888316753984,48.20051171314199,0.5474455613128387,97.98221575375895,461.1149157969139
"(83, 1021.2835230774223)",54.131561282350084,48.49321034293636,0.5507699200422165,99.60374222977175,462.8885021160132
"(84, 1021.2835230774223)",54.02261287775667,48.78731151135859,0.5541102507437621,101.24670255194198,464.6569665009611
"(85, 1021.2835230774223)",53.91233923850435,49.08418809051493,0.5574820612659823,102.91124149138899,466.4360020907968
"(86, 1021.2835230774223)",53.80077299967912,49.38380612432954,0.5608850202673853,104.59750314528894,468.2251263947378
"(87, 1021.2835230774223)",53.687947655059645,49.686131328810966,0.5643187258843236,106.30563150745378,470.02378500225046
"(88, 1021.2835230774223)",53.573896492580495,49.99112879037338,0.5677827995845928,108.03576914049049,471.8314487620245
"(89, 1021.2835230774223)",53.458655518966644,50.29876331691107,0.5712768084055859,109.78805503926547,473.6475365016168
"(90, 1021.2835230774223)",53.342258597956686,50.60899910859726,0.5748003767127116,111.56263042139489,475.47152337399274
"(91, 1021.2835230774223)",53.22474342154304,50.92180029872477,0.5783530460897697,113.35963594690472,477.30280054621403
"(92, 1021.2835230774223)",53.10614409482975,51.237130167016,0.581934476912953,115.17920737329648,479.1408854085811
"(93, 1021.2835230774223)",52.986498817771086,51.55495228198113,0.5855441764594428,117.02147679493251,480.98514265703506
"(94, 1021.2835230774223)",52.86575338112787,51.875399639813665,0.5891837299260196,118.88658311853607,482.8370523202057
"(95, 1021.2835230774223)",52.74421378729159,52.19792444660448,0.5928468921404031,120.7746551526838,484.69010749796763
"(96, 1021.2835230774223)",52.62165072768128,52.523000166892935,0.5965389677731002,122.68582453367749,486.54959412660315
"(97, 1021.2835230774223)",52.49818864938769,52.850418719115254,0.6002576761159376,124.62022119465453,488.41305302329647
"(98, 1021.2835230774223)",52.373865701750766,53.180142546035505,0.6040025687050975,126.577970471762,490.2799008431927
"(99, 1021.2835230774223)",52.24871850285506,53.5121337159239,0.6077732268048888,128.5591978024686,492.14958450096145
"(100, 1021.2835230774223)",52.122784709889196,53.84635453261931,0.6115692106190946,130.56403156786607,494.0215264588809
"(101, 1021.2835230774223)",51.996102251501355,54.18276725071202,0.6153900524454702,132.59258786153188,495.8951329667776
"(102, 1021.2835230774223)",51.86870667958203,54.521333925032124,0.6192353815491758,134.64498776575152,497.76990431698243
"(103, 1021.2835230774223)",51.7406349657891,54.86201689187876,0.6231047464987833,136.72134971977607,499.64526103076537
"(104, 1021.2835230774223)",51.611923346103445,55.204778478420145,0.6269977211401249,138.82178984250376,501.52065176499815
"(105, 1021.2835230774223)",51.48260760802908,55.54958130831728,0.6309138771814266,140.94642240345908,503.3955248428243
"(106, 1021.2835230774223)",51.35272319623571,55.89638797161716,0.6348527932260911,143.09535983623087,505.26933746525384
"(107, 1021.2835230774223)",51.222305013640465,56.2451614027876,0.6388140470073849,145.26871275796375,507.14154776108427
"(108, 1021.2835230774223)",51.09138745206914,56.595864730982,0.6427972200799331,147.46658999488022,509.01161955272704
"(109, 1021.2835230774223)",50.96000431971307,56.94846137163209,0.646801896771512,149.68909861357636,510.8790212543925
"(110, 1021.2835230774223)",50.8281888059316,57.30291503678423,0.6508276649944988,151.93634395828303,512.743226663551
"(111, 1021.2835230774223)",50.69597343146873,57.659189778160446,0.6548741162916363,154.20842969372592,514.6037149648099
"(112, 1021.2835230774223)",50.56339001662518,58.017249997489415,0.6589408465439759,156.50545785367675,516.4599714043741
"(113, 1021.2835230774223)",50.43046963256756,58.377060494072815,0.663027455811381,158.82752889504602,518.3114870730611
"(114, 1021.2835230774223)",50.297242571815644,58.73858647358015,0.6671335490096584,161.1747417574493,520.1577595382787
"(115, 1021.2835230774223)",50.16373830772373,59.10179358387694,0.6712587359170998,163.54719392816702,521.9982927857457
"(116, 1021.2835230774223)",50.02998546440894,59.46664793022041,0.6754026316088809,165.944981512415,523.8325975928652
"(117, 1021.2835230774223)",49.89601178261684,59.833116101833504,0.6795648565808409,168.3681993088664,525.6601915796178
"(118, 1021.2835230774223)",49.76184409308256,60.201165184430664,0.6837450371442245,170.81694089033613,527.4805995310205
"(119, 1021.2835230774223)",49.62750827887423,60.57076279844579,0.687942805189348,173.29129868957116,529.293353069971
"(120, 1021.2835230774223)",49.493029264888094,60.94187708111809,0.692157799167812,175.79136409008527,531.0979915695327
"(1, 1023.0521742541378)",57.68401781134814,36.34002949863391,0.4127381046367726,30.507086328182965,391.745529017999
"(2, 1023.0521742541378)",57.687924601542825,36.34287037831518,0.4127703656775555,30.555140430564503,391.7304796435341
"(3, 1023.0521742541378)",57.68789924542521,36.34980075970117,0.4128490860374407,30.615180742583956,391.7509743668533
"(4, 1023.0521742541378)",57.68784293446671,36.35953001338261,0.4129596080285017,30.699187633128865,391.78003723956624
"(5, 1023.0521742541378)",57.687735059217964,36.3720857787315,0.4131021896667071,30.807111063712796,391.8179822639571
"(6, 1023.0521742541378)",57.68754424591741,36.387506290805845,0.4132773354515324,30.938885029901346,391.86539157374546
"(7, 1023.0521742541378)",57.68723437272479,36.40583970433809,0.41348555208680876,31.094426942609445,391.9228661424728
"(8, 1023.0521742541378)",57.68675777436634,36.4271487085546,0.4137275613374049,31.27363587126838,391.99124530382585
"(9, 1023.0521742541378)",57.68605291962375,36.451512239256004,0.41400429151246154,31.476389992164705,392.0716005902029
"(10, 1023.0521742541378)",57.68505237968262,36.47902333897856,0.41431672046407464,31.702544823214932,392.1650768774004
"(11, 1023.0521742541378)",57.6836678086118,36.509792411231956,0.41466623969424654,31.951932306462176,392.2732658025242
"(12, 1023.0521742541378)",57.68181591020724,36.54393508762137,0.4150539925185255,32.22436137803272,392.3975281009054
"(13, 1023.0521742541378)",57.67939772794166,36.58157541135458,0.415481504335432,32.5196181270142,392.5396382457295
"(14, 1023.0521742541378)",57.676317744267685,36.622835190603226,0.4159501178997386,32.83746933348914,392.7012031651034
"(15, 1023.0521742541378)",57.672482576934875,36.66783092391697,0.41646112274807834,33.17766612787799,392.88379099186295
"(16, 1023.0521742541378)",57.6677961250134,36.716672439367365,0.4170158817436961,33.53994609789451,393.0890584185002
"(17, 1023.0521742541378)",57.662180762852785,36.76945397605215,0.41761536250275716,33.92403722085017,393.31826738952543
"(18, 1023.0521742541378)",57.65555728579984,36.826259290586705,0.4182605418661576,34.3296628780171,393.5726938828692
"(19, 1023.0521742541378)",57.647858135197474,36.887157022654335,0.4189521941174854,34.756542567405326,393.8534105330297
"(20, 1023.0521742541378)",57.639023310662424,36.952201752186376,0.41969093728301426,35.20439639261956,394.16132950952516
"(21, 1023.0521742541378)",57.629000508636615,37.021434369654024,0.4204772781422332,35.67294727436269,394.4972463535108
"(22, 1023.0521742541378)",57.617748786538186,37.09488181901036,0.4213114593564604,36.161922775972336,394.8616817568383
"(23, 1023.0521742541378)",57.60522989285734,37.17256078284596,0.42219372282281487,36.67105670030729,395.2551493900222
"(24, 1023.0521742541378)",57.59141499030601,37.2544761863497,0.42312408799787493,37.20009122669301,395.67792697883203
"(25, 1023.0521742541378)",57.56471748217727,37.36569195219217,0.42438724149574375,37.74890930531488,396.42138083262165
"(26, 1023.0521742541378)",57.559802886506304,37.43099394494374,0.4251289233781051,38.31687938531672,396.6121900149745
"(27, 1023.0521742541378)",57.541969369803496,37.52556706733993,0.42620304346023885,38.90416704656182,397.1237832391663
"(28, 1023.0521742541378)",57.522764582516075,37.62432081162643,0.4273246572044977,39.510426697471416,397.66499296799407
"(29, 1023.0521742541378)",57.50217821873479,37.727227915148205,0.42849346021463647,40.1354554005761,398.2357107256866
"(30, 1023.0521742541378)",57.4801984966556,37.83425890660253,0.42970906636174494,40.77906250420159,398.8357321338972
"(31, 1023.0521742541378)",57.45684473251141,37.945323049644315,0.43097049975130103,41.44107132189398,399.46423548806683
"(32, 1023.0521742541378)",57.43201185100844,38.06058852913646,0.4322796495950664,42.121317584582926,400.12331781946654
"(33, 1023.0521742541378)",57.405809385762105,38.17976975143234,0.43363326823871223,42.81965053672416,400.80980736381815
"(34, 1023.0521742541378)",57.37816476326502,38.302967811188985,0.4350324807591231,43.53593281694473,401.5249924948475
"(35, 1023.0521742541378)",57.34907552657831,38.43012469404803,0.4364767317884882,44.270040280079485,402.26842918747354
"(36, 1023.0521742541378)",57.31853549912842,38.56120666560063,0.43796550465684075,45.02186166505005,403.03970012244156
"(37, 1023.0521742541378)",57.28652983787004,38.69618309807294,0.43949852408416745,45.79129854776378,403.8386220980282
"(38, 1023.0521742541378)",57.25304459140739,38.83502376979454,0.4410754337614415,46.57826566538864,404.66491585434096
"(39, 1023.0521742541378)",57.21806590355538,38.97769951340267,0.44269593366593785,47.382690062003626,405.5183474083996
"(40, 1023.0521742541378)",57.181583435650744,39.12418202193144,0.4443595891193704,48.204508973958774,406.39853482528844
"(41, 1023.0521742541378)",57.143576202164766,39.27444601254915,0.4460662266860154,49.04367972108493,407.30534335138225
"(42, 1023.0521742541378)",57.104029356846915,39.428466237549266,0.4478155753507992,49.9001586384721,408.2385393890307
"(43, 1023.0521742541378)",57.0629288109231,39.58621866854631,0.4496072559012322,50.77392245643922,409.19775825375285
"(44, 1023.0521742541378)",57.020257137089935,39.7476810144856,0.4514410527976259,51.66495532998298,410.18279528220523
"(45, 1023.0521742541378)",56.97599536932804,39.91283221241687,0.45331681025742954,52.57325227526278,411.19349608455093
"(46, 1023.0521742541378)",56.930129192226396,40.08165159416476,0.45523421564281563,53.4988208884418,412.22953321981777
"(47, 1023.0521742541378)",56.88264190019253,40.254119760035934,0.45719302988225924,54.44167476975072,413.29064850513157
"(48, 1023.0521742541378)",56.8335158686414,40.4302181610809,0.45919314176654114,55.401838340123184,414.37670374672524
"(49, 1023.0521742541378)",56.782740923304225,40.60992814215312,0.4612341446354621,56.37934528637024,415.48724922318667
"(50, 1023.0521742541378)",56.730293027472094,40.79323329334123,0.46331612721619503,57.374239250665525,416.62233206486945
"(51, 1023.0521742541378)",56.67616414218728,40.98011588591715,0.4654386816152157,58.38656849925439,417.7814867091714
"(52, 1023.0521742541378)",56.62034113496448,41.170559196837644,0.46760169214532904,59.4163914395587,418.96453639463414
"(53, 1023.0521742541378)",56.563065338380866,41.36404136377434,0.4697991796122089,60.46377391159925,420.16529825348124
"(54, 1023.0521742541378)",56.500823688892346,41.5674972689524,0.4721099645207121,61.5287931103205,421.4643325796378
"(55, 1023.0521742541378)",56.44258596886129,41.76308901957685,0.4743314231373793,62.6115120439698,422.65428171378556
"(56, 1023.0521742541378)",56.379872199310654,41.967610913355486,0.47665432966161236,63.712031697748955,423.9302166302121
"(57, 1023.0521742541378)",56.31541502501316,42.17561107871321,0.4790167204320652,64.8304386714663,425.22865867064445
"(58, 1023.0521742541378)",56.24920799762796,42.38707269969017,0.48141845762364227,65.96682750492783,426.5493722930129
"(59, 1023.0521742541378)",56.18124824704565,42.601978731813304,0.4838592621620087,67.12130367365423,427.8919665141916
"(60, 1023.0521742541378)",56.11153108139519,42.82031152254027,0.4863390151999074,68.29396473227914,429.25622219260225
"(61, 1023.0521742541378)",56.04005639551102,43.04205321702105,0.48885749438648496,69.48494032479117,430.64178220773215
"(62, 1023.0521742541378)",55.96700579011269,43.26683153831816,0.49141044444140414,70.69432844393765,432.04419519303303
"(63, 1023.0521742541378)",55.89183819926976,43.495688685658074,0.4940097297001226,71.92225369689076,433.47547437551856
"(64, 1023.0521742541378)",55.81510001286009,43.72754408933043,0.49664306126902463,73.16883982737805,434.92292383212856
"(65, 1023.0521742541378)",55.736615164837794,43.96273142979483,0.49931425239536714,74.43421203109534,436.3903195180643
"(66, 1023.0521742541378)",55.65639241812463,44.201229749488064,0.5020230223579306,75.71850067077153,437.877243878143
"(67, 1023.0521742541378)",55.57443782444406,44.443017840692804,0.5047691797638828,77.0218360048301,439.3833708490879
"(68, 1023.0521742541378)",55.49076364764668,44.68807353996927,0.507552439047538,78.34435492837227,440.9082713872022
"(69, 1023.0521742541378)",55.405380660217546,44.93637409061629,0.5103725623645138,79.68619244387664,442.45156716279473
"(70, 1023.0521742541378)",55.3183023544362,45.18789604006686,0.5132292669807403,81.04748711699041,444.0128303585133
"(71, 1023.0521742541378)",55.22954336689979,45.44261533859511,0.5161222798518267,82.42838019800436,445.59164038540945
"(72, 1023.0521742541378)",55.139121001105316,45.70050657088527,0.5190513226889809,83.82901288747516,447.1875713389728
"(73, 1023.0521742541378)",55.047052726853885,45.96154452340929,0.5220160947326804,85.24952999181117,448.80017072011145
"(74, 1023.0521742541378)",54.953492278241164,46.22544283363199,0.5250133784802221,86.69007433860976,450.426004028092
"(75, 1023.0521742541378)",54.85805640443933,46.492953956942,0.5280516930892798,88.15079138982723,452.0736413437391
"(76, 1023.0521742541378)",54.7611723024231,46.76327040834429,0.5311218606082848,89.63182764816936,453.7335466410395
"(77, 1023.0521742541378)",54.6627281548286,47.036623517744516,0.5342265070487127,91.1333290305304,455.4082605498485
"(78, 1023.0521742541378)",54.56274824075706,47.31298401229937,0.5373653387619517,92.65544287940945,457.09733530981646
"(79, 1023.0521742541378)",54.46130687870764,47.59223267203543,0.5405369288963875,94.1983151199007,458.7991652522028
"(80, 1023.0521742541378)",54.35828934601377,47.874606884411946,0.5437440491133272,95.76209364980764,460.5164380333305
"(81, 1023.0521742541378)",54.253865576363104,48.15980713433802,0.5469832573016016,97.34692465140911,462.24548601160484
"(82, 1023.0521742541378)",54.14801629623648,48.44789108272404,0.5502552211971695,98.95295410052469,463.9868463399311
"(83, 1023.0521742541378)",54.04077312268338,48.738826007870635,0.5535595991954022,100.580328180102,465.74002335600323
"(84, 1023.0521742541378)",53.93216890609391,49.03257912299515,0.556895893819297,102.22919333590734,467.504361669126
"(85, 1023.0521742541378)",53.822233455976736,49.32911488150237,0.5602638643578227,103.89969215215315,469.2794724351427
"(86, 1023.0521742541378)",53.710999030252445,49.628403717433365,0.5636630852843388,105.5919702014031,471.06477474553526
"(87, 1023.0521742541378)",53.59850157343924,49.93040641560691,0.5670931504963155,107.30616844543893,472.85971217444563
"(88, 1023.0521742541378)",53.48477473585223,50.235089357321826,0.5705536235183019,109.04242950493013,474.6636955640454
"(89, 1023.0521742541378)",53.36985284666541,50.542416736349686,0.5740441594507537,110.80089242915042,476.4762330148321
"(90, 1023.0521742541378)",53.25377174003214,50.85235260746616,0.5775643271661285,112.58169842303612,478.2967422558998
"(91, 1023.0521742541378)",53.13656923161498,51.16486084077749,0.5811136628243202,114.38498369794345,480.12461254326325
"(92, 1023.0521742541378)",53.0182791522926,51.47990419752944,0.5846918222369697,116.2108848015217,481.9593552066239
"(93, 1023.0521742541378)",52.89893957528942,51.797445954788856,0.5882983371500837,118.05953644743248,483.8003564840545
"(94, 1023.0521742541378)",52.77858671286617,52.11744873012503,0.5919328436289126,119.93107278957801,485.64710989741553
"(95, 1023.0521742541378)",52.65725877485933,52.43987503841556,0.5955948350329635,121.82562461164326,487.4989663433646
"(96, 1023.0521742541378)",52.53499219018767,52.76468710896218,0.5992839621687924,123.74331920078741,489.3554412916302
"(97, 1023.0521742541378)",52.41185371225456,53.09179297620491,0.6029991249204667,125.68429101630377,491.21527480692214
"(98, 1023.0521742541378)",52.287791807036726,53.42132366916208,0.6067418251454535,127.64866238105438,493.07988104492574
"(99, 1023.0521742541378)",52.16293964806904,53.75305896889591,0.6105095626246175,129.6365590832385,494.94657636281914
"(100, 1023.0521742541378)",52.037295093162285,54.0870345895078,0.6143027597511892,131.6481014330415,496.81567258072977
"(101, 1023.0521742541378)",51.91090069718719,54.423206155322134,0.6181208628253279,133.68341299601389,498.6864796692814
"(102, 1023.0521742541378)",51.78379061493637,54.761535268439644,0.6219635092631167,135.74261158278125,500.5585088755838
"(103, 1023.0521742541378)",51.65600353904502,55.10198420108929,0.6258302164805258,137.8258147395895,502.4311489447501
"(104, 1023.0521742541378)",51.52757523987484,55.44451505126481,0.629720569302564,139.9331378535962,504.30385974394545
"(105, 1023.0521742541378)",51.398541664075346,55.78909012251704,0.6336341395744557,142.06469443921205,506.1760897340846
"(106, 1023.0521742541378)",51.26893831925752,56.135671897066494,0.6375705013405688,144.2205961784976,508.0472914582719
"(107, 1023.0521742541378)",51.138800218785576,56.48422308166621,0.6415292309403327,146.40095294135418,509.916921619738
"(108, 1023.0521742541378)",51.008161840706414,56.83470662424141,0.6455099077604824,148.605872811653,511.78444182529654
"(109, 1023.0521742541378)",50.8770570733274,57.187085764252465,0.6495121141542367,150.83546211925665,513.649318470637
"(110, 1023.0521742541378)",50.74551917904033,57.541324044661295,0.6535354362242191,153.08982547780704,515.5110235035066
"(111, 1023.0521742541378)",50.61358074139999,57.897385364816685,0.6575794636048232,155.36906582822118,517.3690341575629
"(112, 1023.0521742541378)",50.48127363603874,58.255233982672344,0.661643790384818,157.67328448779983,519.2228338471372
"(113, 1023.0521742541378)",50.34862899223506,58.61483454129251,0.6657280154123538,160.00258120485694,521.0719124246438
"(114, 1023.0521742541378)",50.21567713804294,58.97615213406968,0.6698317416637707,162.35705421879797,522.9157654747585
"(115, 1023.0521742541378)",50.0824475933225,59.33915226693193,0.6739545779428037,164.73680032556592,524.7538959873491
"(116, 1023.0521742541378)",49.9489690080033,59.703800943577804,0.6780961376947761,167.14191494836632,526.5858130736075
"(117, 1023.0521742541378)",49.81526914979165,60.070064644576235,0.6822560402148006,169.57249221361621,528.4110331261539
"(118, 1023.0521742541378)",49.68137487484653,60.43791034657094,0.6864339108769489,172.028625032028,530.2290799724057
"(119, 1023.0521742541378)",49.547312081361284,60.807305579608084,0.6906293804556674,174.51040518476876,532.0394840941898
"(120, 1023.0521742541378)",49.41310570325001,61.178218400593984,0.6948420862992962,177.0179234146336,533.8417837371426
"(1, 1024.9230477642357)",57.5518352105392,36.65023565001338,0.41626132289744505,31.29456684595935,395.34125688446267
"(2, 1024.9230477642357)",57.551845797906026,36.65435438677176,0.4163080935360486,31.330692945902403,395.35306708998297
"(3, 1024.9230477642357)",57.551852778802484,36.66123159234049,0.416386200792849,31.390879943867674,395.3729340197101
"(4, 1024.9230477642357)",57.551857091871604,36.67085081219257,0.41649546580908176,31.47509284062877,395.40070935640034
"(5, 1024.9230477642357)",57.55179191846693,36.683344978027634,0.4166373764459429,31.583281956753826,395.43796772271713
"(6, 1024.9230477642357)",57.5516745847656,36.69864479264994,0.41681113930808666,31.715382249802616,395.48396099192496
"(7, 1024.9230477642357)",57.55145439157648,36.716832717006476,0.417017699989805,31.87131227889622,395.53973976628635
"(8, 1024.9230477642357)",57.55108320834543,36.73797028824251,0.4172577826597244,32.050972168208304,395.6061461387435
"(9, 1024.9230477642357)",57.55050353518119,36.76213357886289,0.41753221687374387,32.25424174940385,395.68415050859153
"(10, 1024.9230477642357)",57.5496469825755,36.789414186717806,0.41784206563994297,32.48097871150614,395.774984688288
"(11, 1024.9230477642357)",57.54843343148025,36.81991785516377,0.4181885119136361,32.73101733834519,395.8800268321691
"(12, 1024.9230477642357)",57.54677426172308,36.85376024661853,0.4185728671733653,33.00416853748421,396.00081019725593
"(13, 1024.9230477642357)",57.5445722223813,36.891063291963455,0.4189966165333445,33.300221427267104,396.1390677929911
"(14, 1024.9230477642357)",57.54174320781916,36.931943939558295,0.4194608670389871,33.618945528329206,396.2961647350982
"(15, 1024.9230477642357)",57.538186019219204,36.97652031147375,0.4199671174588794,33.96009391157767,396.47388407513773
"(16, 1024.9230477642357)",57.53380881275927,37.02490058400295,0.4205166434510355,34.323406693061884,396.67379314835983
"(17, 1024.9230477642357)",57.52853429072683,37.077178736541235,0.42111039846835346,34.70861394091766,396.8971391024789
"(18, 1024.9230477642357)",57.52228278423555,37.13343916863468,0.4217493921873172,35.115440851819365,397.14523158151974
"(19, 1024.9230477642357)",57.51498828134029,37.19375063578399,0.42243437978478837,35.54360830131869,397.4191237081012
"(20, 1024.9230477642357)",57.506588831406,37.258169381597924,0.4231660258597874,35.99283755920327,397.7197753752894
"(21, 1024.9230477642357)",57.49703292503204,37.32673738220084,0.42394480114367655,36.46285226008896,398.0479454118908
"(22, 1024.9230477642357)",57.48627562987034,37.39948417718879,0.42477106205124787,36.953380989134985,398.40427053048126
"(23, 1024.9230477642357)",57.47427990734141,37.47642768645009,0.4256450060570892,37.46415775221682,398.7892191214416
"(24, 1024.9230477642357)",57.46101921465917,37.557573995174565,0.4265665781279564,37.99492466979205,399.202992659474
"(25, 1024.9230477642357)",57.44646034612758,37.642923736502006,0.42753596477422284,38.54543390815838,399.64603013706096
"(26, 1024.9230477642357)",57.430585374947555,37.732466871808654,0.42855297039857004,39.11544620306993,400.11837034624875
"(27, 1024.9230477642357)",57.41337571179448,37.826188194341896,0.42961742184681856,39.704734634043156,400.6200627378114
"(28, 1024.9230477642357)",57.39481524155242,37.924067365710975,0.4307291144511502,40.31308326630729,401.15111347775587
"(29, 1024.9230477642357)",57.374891593507826,38.02607974352753,0.43188773459940305,40.94028889477634,401.7114043428352
"(30, 1024.9230477642357)",57.35359189478442,38.13219818247278,0.43309297612037345,41.5861607748523,402.3008122757242
"(31, 1024.9230477642357)",57.33090523937919,38.24239312920183,0.43434451279019254,42.250520624885915,402.91918120371025
"(32, 1024.9230477642357)",57.306817447785,38.35663479709096,0.4356420533087967,42.93320444115634,403.5663765703652
"(33, 1024.9230477642357)",57.28132079332991,38.47489089431005,0.43698516542049354,43.63406001007229,404.24210756045863
"(34, 1024.9230477642357)",57.254401584938364,38.59713063381304,0.43837352814227676,44.35295006585995,404.94618245688326
"(35, 1024.9230477642357)",57.22604794449064,38.72332291697001,0.43980676959501713,45.08974922514676,405.67834549552117
"(36, 1024.9230477642357)",57.196246269988,38.85343741912342,0.4412845765946999,45.84434561290888,406.43838756188126
"(37, 1024.9230477642357)",57.16498371704301,38.98744456750925,0.4428065674330029,46.61663970872001,407.22601695473287
"(38, 1024.9230477642357)",57.13224357513966,39.12531631989009,0.44437248388598294,47.40654690983688,408.04105361714846
"(39, 1024.9230477642357)",57.09801344803083,39.26702489623045,0.4459819418755863,48.2139915976784,408.8831795172597
"(40, 1024.9230477642357)",57.06227236055187,39.41254531037826,0.4476347437309544,49.038916220282886,409.75224960960946
"(41, 1024.9230477642357)",57.025008047771045,39.56185201822305,0.4493305071606648,49.881267241146375,410.6479256114119
"(42, 1024.9230477642357)",56.98620118866526,39.71492177545822,0.45106902582595215,50.74100340589932,411.5700372956802
"(43, 1024.9230477642357)",56.94583482435984,39.87173233081178,0.45285004821640473,51.61811455629304,412.5183370418456
"(44, 1024.9230477642357)",56.90389121182172,40.0322622616414,0.4546732930201898,52.512568807709215,413.49256841154505
"(45, 1024.9230477642357)",56.86035378916943,40.196491315763616,0.45653852479649937,53.42436564778295,414.49249060843323
"(46, 1024.9230477642357)",56.815204074407454,40.36440017970699,0.4584455752227155,54.35351158495471,415.517924606339
"(47, 1024.9230477642357)",56.768423012359456,40.535970654401495,0.46039423413455266,55.30002047221553,416.5686411500513
"(48, 1024.9230477642357)",56.71999725230196,40.711184336176466,0.46238424888467994,56.26391683455832,417.6443567705047
"(49, 1024.9230477642357)",56.67384223822791,40.882078330150314,0.4643252016136278,57.24524532088309,418.65235547069943
"(50, 1024.9230477642357)",56.61814315834183,41.07247309395788,0.466487627837295,58.244012643006904,419.86990862430196
"(51, 1024.9230477642357)",56.56468775079483,41.2585144955537,0.4686005483414852,59.2603034564983,421.0191987336487
"(52, 1024.9230477642357)",56.50952021328479,41.44813304755004,0.47075425204228094,60.29416483264287,422.1927179185049
"(53, 1024.9230477642357)",56.45263728089333,41.641311608498825,0.4729483314386337,61.34566005749059,423.38998523560366
"(54, 1024.9230477642357)",56.3940250968121,41.838034189348974,0.47518263705595115,62.41486285390918,424.6107737621229
"(55, 1024.9230477642357)",56.333673504238526,42.03828479712807,0.4774570193171091,63.50184992298523,425.8548534919338
"(56, 1024.9230477642357)",56.27157325559205,42.24204714629128,0.47977130047033867,64.60670806930649,427.1219554385638
"(57, 1024.9230477642357)",56.207718471491596,42.44930454815137,0.4821252425793978,65.72952668014484,428.411746348403
"(58, 1024.9230477642357)",56.14210096864592,42.66004058076943,0.48451873063319195,66.8704022602137,429.72401183921613
"(59, 1024.9230477642357)",56.0747195220751,42.874237673459966,0.4869514905894584,68.0294362984395,431.0583695498458
"(60, 1024.9230477642357)",56.00377624197,43.09541569201732,0.48946355951435977,69.20673739883028,432.4557457881587
"(61, 1024.9230477642357)",55.93465052149828,43.312944919551654,0.49193418003967243,70.40240906946076,433.79227003620053
"(62, 1024.9230477642357)",55.86196206185687,43.53741860307047,0.4944836889670489,71.61657372688693,435.1911558389232
"(63, 1024.9230477642357)",55.78750808665438,43.765280230266015,0.49707165708112055,72.84934814770794,436.6108495850932
"(64, 1024.9230477642357)",55.71129093229685,43.99651020418821,0.49969789475041,74.10085408536534,438.05103516359713
"(65, 1024.9230477642357)",55.63331718693959,44.231087701369745,0.5023621501655262,75.37121739491302,439.5113286341328
"(66, 1024.9230477642357)",55.55359274201581,44.468993316449726,0.5050641976430331,76.66056724817899,440.9913695167168
"(67, 1024.9230477642357)",55.47212554851512,44.71020814378712,0.5078038421949971,77.96903451061654,442.4908270982689
"(68, 1024.9230477642357)",55.38893196020514,44.95469737048703,0.5105806637895195,79.29675443068511,444.0091356299558
"(69, 1024.9230477642357)",55.30401739066901,45.20245092721282,0.513394566483275,80.6438622067928,445.5460615788439
"(70, 1024.9230477642357)",55.21739820778607,45.45344071131108,0.5162452162411388,82.01049596726614,447.10112445630875
"(71, 1024.9230477642357)",55.129088604465025,45.707642158026175,0.5191323710720692,83.39679580195347,448.67393615030585
"(72, 1024.9230477642357)",55.03910586455011,45.96503008164741,0.5220557058875818,84.80290349599662,450.2640216850131
"(73, 1024.9230477642357)",54.94746874962299,46.225578352408874,0.5250149268133066,86.22896124351409,451.8709376676973
"(74, 1024.9230477642357)",54.85419704164261,46.48926029330456,0.5280097025198625,87.67511363451968,453.4941999212252
"(75, 1024.9230477642357)",54.75931029169805,46.75604839861538,0.5310398125140309,89.14150471340089,455.1334384126279
"(76, 1024.9230477642357)",54.663990607733844,47.023673995041285,0.5340794263316632,90.62828092519206,456.76203245883073
"(77, 1024.9230477642357)",54.564786899002094,47.29882947044672,0.5372045501397441,92.13558497093739,458.4577398311043
"(78, 1024.9230477642357)",54.46519871496896,47.57476384170363,0.5403385163318178,93.66356647687509,460.14183250633687
"(79, 1024.9230477642357)",54.36409439444232,47.85368723153904,0.5435064411024306,95.21237018310943,461.8399079110868
"(80, 1024.9230477642357)",54.26150394768353,48.135568716388576,0.5467078789284756,96.78214234343535,463.5513631646586
"(81, 1024.9230477642357)",54.15701295272901,48.42121549274802,0.5499522428696149,98.37302950751908,465.28569937918377
"(82, 1024.9230477642357)",54.05196490892978,48.70807802480913,0.5532103374264831,99.98517663270795,467.01284845712416
"(83, 1024.9230477642357)",53.94507975391795,48.998640682657445,0.5565105060334348,101.6187294925687,468.76171446403634
"(84, 1024.9230477642357)",53.83682963731423,49.292031188920134,0.5598426851178308,103.27383147299682,470.52183962648354
"(85, 1024.9230477642357)",53.72724265760313,49.588215142204554,0.5632066202669106,104.95062691061972,472.2928188543369
"(86, 1024.9230477642357)",53.62052108374464,49.87914148228861,0.5665108862138669,106.64927703086083,473.9807870590738
"(87, 1024.9230477642357)",53.50419440793549,50.18882467487114,0.5700281620715272,108.36987292067612,475.86512826111914
"(88, 1024.9230477642357)",53.39080191811526,50.49317970940218,0.5734849299229237,110.11260513937344,477.6653170840886
"(89, 1024.9230477642357)",53.27621130073129,50.80018703182512,0.5769718030899382,111.87759533103608,479.47410356592985
"(90, 1024.9230477642357)",53.16045684748729,51.10981015517458,0.5804884150735212,113.66498332495397,481.29097224403006
"(91, 1024.9230477642357)",53.04357641473611,51.42201255824522,0.5840343231450965,115.47490552214279,483.11533295465205
"(92, 1024.9230477642357)",52.925606762580806,51.73675711573993,0.5876090655798928,117.30749728478332,484.946577103255
"(93, 1024.9230477642357)",52.806583614784785,52.05400629660161,0.5912122746640799,119.16289313506053,486.7841932892746
"(94, 1024.9230477642357)",52.68654406236515,52.37372245826034,0.5948435203699387,121.04122638378583,488.62760745657897
"(95, 1024.9230477642357)",52.56552728306769,52.69586805544338,0.5985023343657473,122.94262675827582,490.4762098738755
"(96, 1024.9230477642357)",52.44357065502072,53.02040290526319,0.6021883015443615,124.86722294861232,492.32944639820334
"(97, 1024.9230477642357)",52.32070924418298,53.347294619272695,0.6059010286454427,126.81514243788988,494.18678648488265
"(98, 1024.9230477642357)",52.19698329358372,53.67649924886513,0.6096400245809825,128.7865106256696,496.0476014069346
"(99, 1024.9230477642357)",52.07243026038249,54.00798032611224,0.6134048616461001,130.78145304094244,497.9113272707778
"(100, 1024.9230477642357)",51.947086141937355,54.3416995283678,0.617195147891056,132.80008989390328,499.77744214789607
"(101, 1024.9230477642357)",51.82098964377275,54.67761857738802,0.6210104109524482,134.842541255233,501.6453418314707
"(102, 1024.9230477642357)",51.694177233587666,55.01569901136334,0.6248502179096206,136.90892682472148,503.51446291135363
"(103, 1024.9230477642357)",51.56668609808589,55.355902843856796,0.6287141407270918,138.99936149275626,505.3842517937271
"(104, 1024.9230477642357)",51.43855251849554,55.69819188660818,0.6326017473570444,141.11396039154698,507.254150530616
"(105, 1024.9230477642357)",51.30981254215497,56.0425282556295,0.6365126063574275,143.25283623214239,509.1236042160694
"(106, 1024.9230477642357)",51.180501789800445,56.38887420627845,0.6404462897691366,145.41609989725043,510.9920633422299
"(107, 1024.9230477642357)",51.05065537149667,56.73719224586436,0.6444023716202621,147.60386046213577,512.8589822454048
"(108, 1024.9230477642357)",50.92030785036239,57.087445139627285,0.6483804289322471,149.81622522145474,514.7238201104664
"(109, 1024.9230477642357)",50.789493194843494,57.43959594625107,0.6523800419851575,152.05329972193556,516.5860412100521
"(110, 1024.9230477642357)",50.6582447392147,57.79360803800994,0.6564007949026323,154.31518780082632,518.4451154656465
"(111, 1024.9230477642357)",50.526595133384895,58.149445147943084,0.6604422755612837,156.6019916300031,520.300518310615
"(112, 1024.9230477642357)",50.39457631825334,58.50707136302151,0.6645040767162114,158.9138117656783,522.1517317940605
"(113, 1024.9230477642357)",50.262219457001386,58.86645121798939,0.6685857947373833,161.25074720358973,523.9982432305228
"(114, 1024.9230477642357)",50.129554938674794,59.22754963178673,0.672687031958488,163.61289543962755,525.8395475467437
"(115, 1024.9230477642357)",49.9966123022737,59.59033202214205,0.6768073948438028,166.0003525357741,527.6751453369086
"(116, 1024.9230477642357)",49.863420242206125,59.95476424409008,0.6809464961766324,168.41321319132103,529.5045450344104
"(117, 1024.9230477642357)",49.73000654850018,60.32081267329414,0.6851039538606084,170.8515708192541,531.3272616068889
"(118, 1024.9230477642357)",49.59639809073095,60.688444196444166,0.6892793918087659,173.31551762775663,533.1428173859624
"(119, 1024.9230477642357)",49.46262078724005,61.057626235672195,0.6934724400007498,175.80514470675655,534.950742039313
"(120, 1024.9230477642357)",49.32869957962963,61.42832676378872,0.6976827346963818,178.3205421194482,536.7505726980542
"(1, 1026.88904674367)",57.41047880396657,36.9763873261622,0.41996563894306616,32.116579790755424,399.14153484858605
"(2, 1026.88904674367)",57.410508273683355,36.980473904136524,0.42001205256320423,32.15279741318811,399.1529788642929
"(3, 1026.88904674367)",57.410546623175655,36.98729736437984,0.4200895778937869,32.2131374593832,399.1722487309183
"(4, 1026.88904674367)",57.41058185417872,36.996875343947714,0.4201983496800244,32.29756508068663,399.1995176654969
"(5, 1026.88904674367)",57.41051368826334,37.009414824992625,0.42034076304632845,32.406031277785296,399.23729419436575
"(6, 1026.88904674367)",57.4105479967267,37.02441192357816,0.4205111017390171,32.53847180670054,399.27977260320915
"(7, 1026.88904674367)",57.410417243029286,37.04245174661712,0.4207160052454667,32.694806291645705,399.3338512846765
"(8, 1026.88904674367)",57.410154180148645,37.06341391546946,0.42095405806276764,32.874936107942034,399.3981752990129
"(9, 1026.88904674367)",57.40970249563506,37.08737248310618,0.42122613356623545,33.07874297133346,399.47375979001987
"(10, 1026.88904674367)",57.40899023247916,37.1144184374435,0.4215333662579413,33.30608655458905,399.5619100926786
"(11, 1026.88904674367)",57.40794538684932,37.14465440246046,0.421876770934919,33.55680325010039,399.66383189855617
"(12, 1026.88904674367)",57.40648141172689,37.17818925948826,0.42225763595633503,33.83070674030382,399.7810345271327
"(13, 1026.88904674367)",57.404503984905176,37.21514657784263,0.42267741984872953,34.12758863733288,399.915224111203
"(14, 1026.88904674367)",57.401923528783726,37.25564245679625,0.42313733444502494,34.44722126114266,400.0678727487665
"(15, 1026.88904674367)",57.39864569125158,37.29979197548223,0.42363876592525906,34.78936025800137,400.24064824665265
"(16, 1026.88904674367)",57.394582796304505,37.34770133425119,0.42418292469493496,35.15374791063764,400.4350512742861
"(17, 1026.88904674367)",57.38965242871914,37.39946633906978,0.424770856468685,35.54011699659549,400.6524228870247
"(18, 1026.88904674367)",57.383777037945045,37.45517086688601,0.4254035504202753,35.948193694216236,400.8940526782329
"(19, 1026.88904674367)",57.376893200004346,37.514883763737494,0.4260817122417587,36.37770112065429,401.160942198196
"(20, 1026.88904674367)",57.36893489177575,37.578663329213676,0.42680610148087295,36.828361647654866,401.4541490464208
"(21, 1026.88904674367)",57.359851877166044,37.64655248587009,0.4275771626235899,37.2999000151303,401.7744049207711
"(22, 1026.88904674367)",57.349598748630235,37.71858239855542,0.428395257759051,37.79204494661732,402.1223529230833
"(23, 1026.88904674367)",57.338136775761654,37.79477302847842,0.42926060521965825,38.304531350281025,402.4984823483447
"(24, 1026.88904674367)",57.325433463268084,37.875134140339185,0.43017332445615986,38.83710160963125,402.90317347571016
"(25, 1026.88904674367)",57.311462392778736,37.959666250789866,0.4311334016483174,39.38950715840213,403.33666067959433
"(26, 1026.88904674367)",57.29619802010752,38.04836353028828,0.4321408102388143,39.96150924638744,403.79915543878576
"(27, 1026.88904674367)",57.279621833955396,38.14121264872067,0.43319536030313643,40.552880809402815,404.2906897860656
"(28, 1026.88904674367)",57.261719147251,38.23819504822603,0.4342967987436653,41.16340507493156,404.81122059077836
"(29, 1026.88904674367)",57.24246732713109,38.33929101178046,0.4354450596953099,41.79287815512614,405.36088410463105
"(30, 1026.88904674367)",57.22185861601078,38.44447399670808,0.43663969099675953,42.44110891339572,405.9394071447172
"(31, 1026.88904674367)",57.19987789686475,38.553717745035,0.4378804388802863,43.10791887645074,406.5467075930263
"(32, 1026.88904674367)",57.17919205437831,38.66123827914748,0.43910163063697427,43.79314947123992,407.1155054371536
"(33, 1026.88904674367)",57.15174507751822,38.784275113578886,0.44049903926428113,44.49662823900785,407.84701028259224
"(34, 1026.88904674367)",57.12556616842389,38.90553093746048,0.44187623053852126,45.21823634439759,408.5396248119907
"(35, 1026.88904674367)",57.09796088023737,39.030732990154476,0.44329820454058966,45.957842289066484,409.26022839480004
"(36, 1026.88904674367)",57.06891210077576,39.15985372457871,0.44476473946958756,46.71533262470289,410.0087067144186
"(37, 1026.88904674367)",57.038406551283195,39.29286516780385,0.4462754242782653,47.4906081253868,410.78473689684785
"(38, 1026.88904674367)",57.006426479823006,39.42974131488464,0.44783001261331234,48.28358298486284,411.5881517708272
"(39, 1026.88904674367)",56.97295471850358,39.57045684056926,0.4494282505867458,49.0941820949712,412.41876572972745
"(40, 1026.88904674367)",56.937974409364514,39.714987394282474,0.4510697737869818,49.92234337217461,413.27626664682197
"(41, 1026.88904674367)",56.90146774869967,39.863309805203826,0.4527543604939607,50.76801761787213,414.16047603881105
"(42, 1026.88904674367)",56.863416398409406,40.015402099749345,0.4544817450336488,51.631166319398645,415.07115960060463
"(43, 1026.88904674367)",56.823799284400906,40.17124373662319,0.45625177773943326,52.51176252178309,416.0081905961683
"(44, 1026.88904674367)",56.782601371039036,40.33081419253315,0.4580640949508447,53.40979039246111,416.97121141911373
"(45, 1026.88904674367)",56.73979940464988,40.494095026059085,0.459918609076223,54.325243937406505,417.96013811655075
"(46, 1026.88904674367)",56.695380469375735,40.661067138260194,0.461815009889268,55.258128304827565,418.97464697228133
"(47, 1026.88904674367)",56.64932126064607,40.831713661004294,0.46375317922238235,56.208457797974276,420.0146023380443
"(48, 1026.88904674367)",56.60160858289954,41.00601694385867,0.465732870918785,57.176256220093045,421.07972763489084
"(49, 1026.88904674367)",56.55222338075242,41.183960705209245,0.4677538907639894,58.16155591238537,422.1697910848904
"(50, 1026.88904674367)",56.501151032399754,41.365528585248626,0.469816078467595,59.16439771940498,423.28458724303283
"(51, 1026.88904674367)",56.44837547613475,41.55070483262494,0.4719192466034441,60.18483516843373,424.4238701161679
"(52, 1026.88904674367)",56.39388378436404,41.739473326963,0.47406320879344366,61.222920596334575,425.58739597781016
"(53, 1026.88904674367)",56.33766276883595,41.931818532959944,0.4762477866326364,62.278715268772984,426.77492036019777
"(54, 1026.88904674367)",56.27969983256337,42.12772474970283,0.47847284308569854,63.352306149042114,427.9862155799645
"(55, 1026.88904674367)",56.21998523309843,42.327175867892436,0.48073816811456777,64.44375592577883,429.2210032626878
"(56, 1026.88904674367)",56.15851236721051,42.53015576280581,0.4830435156001148,65.5531547343864,430.4789405359266
"(57, 1026.88904674367)",56.09527105076309,42.7366481040203,0.4853888012610183,66.68059295983353,431.75985046714624
"(58, 1026.88904674367)",56.03025701449488,42.94663625529271,0.4877737624536215,67.82616452265539,433.06336942991726
"(59, 1026.88904674367)",55.96346518663911,43.16010304735048,0.49019825193542993,68.98996939510471,434.38924625028227
"(60, 1026.88904674367)",55.89489352580324,43.377030896759905,0.49266205339841124,70.17212508385039,435.73714129722316
"(61, 1026.88904674367)",55.82454090695946,43.597401580273825,0.4951649550846247,71.37272742501352,437.10674128270887
"(62, 1026.88904674367)",55.75240796213277,43.8211965780273,0.49770674043567426,72.59189720486904,438.49770303901965
"(63, 1026.88904674367)",55.67850743187497,44.048376372135365,0.5002869744981757,73.82975149895044,439.909462841756
"(64, 1026.88904674367)",55.60281230197543,44.278981941159856,0.5029061159806629,75.086413633617,441.34236840732746
"(65, 1026.88904674367)",55.52535901717172,44.51293195685653,0.5055632460541223,76.36200765225944,442.79535215689367
"(66, 1026.88904674367)",55.4461448821478,44.75022534908295,0.5082583445010347,77.65666314720349,444.2682637369798
"(67, 1026.88904674367)",55.365178742715194,44.99084040126908,0.5109911806529678,78.97050987542879,445.7607365197197
"(68, 1026.88904674367)",55.2824718151496,45.23475433070338,0.5137614581336353,80.3036806019361,447.2723333945505
"(69, 1026.88904674367)",55.19803587052059,45.48194381428559,0.5165689615355871,81.65631591033916,448.8026925783074
"(70, 1026.88904674367)",55.11188485036189,45.73238480799487,0.5194133790622366,83.02854690483233,450.3513627862963
"(71, 1026.88904674367)",55.02403435643035,45.98605230485415,0.5222944601982336,84.42051815533607,451.9179421971277
"(72, 1026.88904674367)",54.93450124756005,46.24292079552499,0.5252119008697537,85.83236694750003,453.50198127507224
"(73, 1026.88904674367)",54.84472366285517,46.50019752809074,0.5281339518877575,87.2642389019983,455.07073150498815
"(74, 1026.88904674367)",54.75046387576338,46.766154553598604,0.531154594501179,88.71627053228292,456.7205646885533
"(75, 1026.88904674367)",54.65600095155178,47.03246473060584,0.5341792674975393,90.18861393340727,458.35422485737274
"(76, 1026.88904674367)",54.55993855185965,47.301865874097864,0.5372390250486503,91.68141019646707,460.00346010924
"(77, 1026.88904674367)",54.46229985340794,47.574328669847205,0.5403336078025154,93.19480468649245,461.66785875340054
"(78, 1026.88904674367)",54.362773448838816,47.850481376329036,0.5434700322129941,94.72894246767893,463.35448084527417
"(79, 1026.88904674367)",54.262400974715,48.12831850828432,0.5466256281398281,96.28396924200122,465.03990096416663
"(80, 1026.88904674367)",54.160225064067475,48.40972394467342,0.5498217259861268,97.86003043161895,466.74587764523403
"(81, 1026.88904674367)",54.05652152759372,48.69418549805032,0.5530525251594834,99.45727309672638,468.4663072634752
"(82, 1026.88904674367)",53.951411395692205,48.981492317480516,0.5563156751521845,101.07584009519798,470.1986332503899
"(83, 1026.88904674367)",53.84489597091604,49.271670513961105,0.5596114256450179,102.71587618986477,471.94296723761374
"(84, 1026.88904674367)",53.73700628814773,49.56468609572922,0.5629394056158642,104.37752533196044,473.6987842753625
"(85, 1026.88904674367)",53.627776073567205,49.86050478518944,0.5662992111245144,106.06093188750108,475.46552519584384
"(86, 1026.88904674367)",53.517238465638776,50.15909140791015,0.56969046287817,107.76623602044194,477.2426603434822
"(87, 1026.88904674367)",53.40542731790029,50.46041055362133,0.5731127474008463,109.49358023866604,479.0296226164347
"(88, 1026.88904674367)",53.292378189778205,50.764426305146614,0.5765656749745806,111.24310368923798,480.8258726705297
"(89, 1026.88904674367)",53.178126875504354,51.07110243697578,0.5800487802931215,113.014945837576,482.630793222456
"(90, 1026.88904674367)",53.06270754256237,51.380401841764446,0.583561714095239,114.80924383471074,484.4438884686513
"(91, 1026.88904674367)",52.946159316764636,51.692287814598686,0.5871040039891781,116.6261336919926,486.2645373038462
"(92, 1026.88904674367)",52.82851772404641,52.006722652042555,0.5906752516282764,118.46575054754027,488.09219553209783
"(93, 1026.88904674367)",52.7098199166057,52.323668745626506,0.5942750076296767,120.32822732935553,489.9262687590704
"(94, 1026.88904674367)",52.59010353167389,52.64308806666592,0.5979028808386067,122.21369583876671,491.7662235108841
"(95, 1026.88904674367)",52.46940609311214,52.964942460679936,0.6015584093967945,124.12228506915976,493.6114565169529
"(96, 1026.88904674367)",52.34776514023675,53.289193542079225,0.6052411579888352,126.05412466866792,495.46139110852187
"(97, 1026.88904674367)",52.22522230679529,53.61579966183232,0.6089506221704881,128.00934116247544,497.3153827521417
"(98, 1026.88904674367)",52.101807967200145,53.94473232095043,0.6126865251134508,129.98805796139675,499.1730237650464
"(99, 1026.88904674367)",51.97756514578661,54.2759425629595,0.6164483220550021,131.9903969195506,501.0336328822453
"(100, 1026.88904674367)",51.85253120079593,54.60939535142573,0.6202355719371818,134.01648371991237,502.8966315031751
"(101, 1026.88904674367)",51.72674303112235,54.9450520635007,0.6240478353118525,136.0664331747848,504.76145355105416
"(102, 1026.88904674367)",51.600237291519086,55.28287407354096,0.6278847057878824,138.1403644698056,506.62756252164263
"(103, 1026.88904674367)",51.47305174096271,55.622822992275,0.6317457319962066,140.2383927310853,508.49437978288137
"(104, 1026.88904674367)",51.34522241430294,55.96486046746579,0.6356304811604936,142.36063184671534,510.3613470334043
"(105, 1026.88904674367)",51.21678567871226,56.308948365864886,0.6395385186520014,144.5071936540147,512.2279061203978
"(106, 1026.88904674367)",51.087777245386896,56.65504876393229,0.6434694131529314,146.67818819092162,514.0935040904009
"(107, 1026.88904674367)",50.9582323276873,57.0031239499939,0.6474227366466055,148.87372369311643,515.9575931820945
"(108, 1026.88904674367)",50.82818557607214,57.3531364965518,0.6513980638423192,151.09390662158603,517.8196302081253
"(109, 1026.88904674367)",50.69767104900962,57.70504925431437,0.6553949734151031,153.33884169600339,519.6790777948247
"(110, 1026.88904674367)",50.56672214051248,58.05882544667888,0.6594130468387456,155.60863193385453,521.5354031447239
"(111, 1026.88904674367)",50.43537156368867,58.41442862568066,0.6634518706294638,157.90337869519794,523.3880802957968
"(112, 1026.88904674367)",50.30365134005618,58.77182271535788,0.6675110353032888,160.2231817329895,525.236589000485
"(113, 1026.88904674367)",50.171592657434395,59.1309721084451,0.6715901360037949,162.5681392488673,527.0804153145212
"(114, 1026.88904674367)",50.03922594809004,59.49184159809203,0.6756887729953719,164.93834795433398,528.9190520422835
"(115, 1026.88904674367)",49.906580796323034,59.85439645008763,0.6798065517782744,167.33390313722714,530.7519987884664
"(116, 1026.88904674367)",49.77368591742893,60.21860241550176,0.6839430833644178,169.754898733435,532.5787621695783
"(117, 1026.88904674367)",49.64056913020682,60.58442574436751,0.6880979846708132,172.201427403741,534.3988561411109
"(118, 1026.88904674367)",49.50725731141631,60.95183323968885,0.6922708779462927,174.67358061576635,536.2118013269057
"(119, 1026.88904674367)",49.37377640433676,61.32079219905566,0.6964613927010856,177.17144873090365,538.017126913683
"(120, 1026.88904674367)",49.240151344094855,61.69127053361239,0.700669163563412,179.69512109621982,539.8143683580969
"(1, 1028.9427134849057)",57.26458210655992,37.315807558468066,0.4238206667690483,32.98301023824297,403.1041766580836
"(2, 1028.9427134849057)",57.26462992450978,37.31986170191972,0.4238667264686125,33.019322877290854,403.11525681128757
"(3, 1028.9427134849057)",57.26470147394085,37.32663007728761,0.42394359085060646,33.079821364835325,403.13384736952236
"(4, 1028.9427134849057)",57.26478183338488,37.33613093856317,0.4240515072126307,33.16447146706271,403.1602370216656
"(5, 1028.9427134849057)",57.26485126979833,37.348389915840016,0.4241907359856103,33.27322476461841,403.1947421555747
"(6, 1028.9427134849057)",57.2648823704056,37.36344204461504,0.4243617096955578,33.40601787016867,403.2378712030724
"(7, 1028.9427134849057)",57.26484300656465,37.38133133895966,0.42456485750129247,33.56277132966889,403.2901451980433
"(8, 1028.9427134849057)",57.26468598572389,37.40211655523654,0.42480093027935567,33.74338811298144,403.35243377957096
"(9, 1028.9427134849057)",57.264359200000406,37.425868922948034,0.4250707063120418,33.94775136065107,403.42565461500664
"(10, 1028.9427134849057)",57.263796008380616,37.452675859038585,0.42537518813610065,34.175722909824735,403.5109774200869
"(11, 1028.9427134849057)",57.2629218613952,37.48263742042703,0.42571546200616417,34.42714164517097,403.6096810039318
"(12, 1028.9427134849057)",57.261652092301034,37.51586415136333,0.42609284655862995,34.701823692836946,403.7233060417073
"(13, 1028.9427134849057)",57.259898369460345,37.552472340787546,0.4265086219876296,34.999563560836656,403.8533752718229
"(14, 1028.9427134849057)",57.25756789416525,37.59257855380825,0.4269641607317401,35.32013622218647,404.0015258819356
"(15, 1028.9427134849057)",57.254572843933545,37.63629515836404,0.4274606488735329,35.663299830769375,404.169220129182
"(16, 1028.9427134849057)",57.25082406074807,37.68372832985535,0.4279993663753936,36.028799422966706,404.35802998515106
"(17, 1028.9427134849057)",57.24624007871619,37.734973330890874,0.42858138878879837,36.416369864398774,404.5693272650767
"(18, 1028.9427134849057)",57.24074331989651,37.79011448011596,0.4292077002982521,36.82573921875386,404.8043965747458
"(19, 1028.9427134849057)",57.23426872009152,37.84922164692794,0.4298790091451254,37.256632328485175,405.0642418115027
"(20, 1028.9427134849057)",57.226748297359784,37.912367148179776,0.430596200029058,37.70877290208299,405.35004957210515
"(21, 1028.9427134849057)",57.21814686456058,37.979553509181066,0.43135927904660365,38.18188674777296,405.662100321332
"(22, 1028.9427134849057)",57.208400091447594,38.05085613357088,0.4321691204957807,38.675703070520534,406.00156445679323
"(23, 1028.9427134849057)",57.197474687493084,38.12628267677298,0.43302577614291154,39.18995777164408,406.36875934175066
"(24, 1028.9427134849057)",57.18533643140703,38.205845096000225,0.43392942013051355,39.72439303493458,406.7641219750877
"(25, 1028.9427134849057)",57.171956102041996,38.28954675937133,0.4348800854874814,40.27876065239701,407.1879345496398
"(26, 1028.9427134849057)",57.1573085670256,38.377383602256735,0.4358777071050533,40.852821677710516,407.64036901854195
"(27, 1028.9427134849057)",57.141372322435416,38.469345340242434,0.4369221946999988,41.446348267160914,408.12156032923616
"(28, 1028.9427134849057)",57.12412906062686,38.565416544333,0.4380133137320684,42.05912390748357,408.6314836665062
"(29, 1028.9427134849057)",57.10556049199577,38.66557829232026,0.43915091088825486,42.690943915572674,409.17018596315626
"(30, 1028.9427134849057)",57.08564991943982,38.76980874581961,0.4403347457409763,43.341617080124585,409.7376110442816
"(31, 1028.9427134849057)",57.06438538989091,38.8780828992814,0.44156444487115143,44.01096370457014,410.3335543796085
"(32, 1028.9427134849057)",57.04174385748936,38.99037710700234,0.4428399048399307,44.698818489977015,410.9580748354187
"(33, 1028.9427134849057)",57.01771765315044,39.106663327423846,0.4441606183635113,45.40502778424911,411.61080409783574
"(34, 1028.9427134849057)",56.992287578069046,39.22691600166714,0.44552640907154767,46.12945260447006,412.29169967479424
"(35, 1028.9427134849057)",56.9654385534006,39.351108447122456,0.44693692252894485,46.87196672728957,413.000523096236
"(36, 1028.9427134849057)",56.93715230889411,39.47921519346719,0.4483919523654296,47.63245732074123,413.73717485093846
"(37, 1028.9427134849057)",56.90741298529875,39.61121073189675,0.44989110572728586,48.410822555313906,414.50135254444416
"(38, 1028.9427134849057)",56.876202053554074,39.747070827685974,0.4514341600595361,49.20697848089547,415.2929111305428
"(39, 1028.9427134849057)",56.84410419340279,39.88549823659694,0.45300637278514266,50.02084835223789,416.09675808726155
"(40, 1028.9427134849057)",56.801088387152625,40.04753357912604,0.45484671677133615,50.852427258640816,417.15878771575814
"(41, 1028.9427134849057)",56.77355003312264,40.17760971175224,0.4563240634536638,51.70149103651535,417.82982904195575
"(42, 1028.9427134849057)",56.736260453384574,40.32870431356016,0.45804016386207635,52.56817530511284,418.72891378420286
"(43, 1028.9427134849057)",56.69740354631458,40.48355598249634,0.45979893064548866,53.45239486195905,419.654364493868
"(44, 1028.9427134849057)",56.65695894385385,40.64214650693383,0.46160013030728997,54.35413268118416,420.6059579421848
"(45, 1028.9427134849057)",56.6149060653019,40.80445788382761,0.46344359323308565,55.27338405482643,421.5835243136196
"(46, 1028.9427134849057)",56.57122535102958,40.970472888215184,0.46532915230601923,56.210150989160354,422.586889648226
"(47, 1028.9427134849057)",56.52589881623125,41.14017478150696,0.46725657627607486,57.16445025899612,423.61579922817515
"(48, 1028.9427134849057)",56.478907929379915,41.31354762486013,0.4692256860341391,58.136303633048875,424.67004699173464
"(49, 1028.9427134849057)",56.43023672339793,41.490575220642235,0.4712362970229235,59.12574366453114,425.7494104868148
"(50, 1028.9427134849057)",56.379865953704744,41.671242397964846,0.4732882784903485,60.13281128352533,426.8537142469336
"(51, 1028.9427134849057)",56.32778278857527,41.855533539462115,0.47538138417258125,61.15755533764382,427.98265603310233
"(52, 1028.9427134849057)",56.27397032830793,42.043433441022124,0.47751552569264916,62.200034053484494,429.13608668388105
"(53, 1028.9427134849057)",56.21841925539109,42.234926456362494,0.4796904089292257,63.26030990713826,430.31364108918325
"(54, 1028.9427134849057)",56.16111475185742,42.42999747948366,0.4819059649786124,64.33845590244036,431.515175347215
"(55, 1028.9427134849057)",56.102045720643666,42.62863083531492,0.48416202300326827,65.43454850378905,432.74043721153515
"(56, 1028.9427134849057)",56.041208273022626,42.83081024791919,0.4864582472501806,66.54867239424142,433.9889965284706
"(57, 1028.9427134849057)",55.978589058371895,43.036519836958156,0.48879464028312525,67.68091768306982,435.2607658267274
"(58, 1028.9427134849057)",55.91418452413,43.245743002335026,0.49117093996838135,68.83137934948282,436.55538040651516
"(59, 1028.9427134849057)",55.84799144452131,43.45846238470094,0.493586919413394,70.00015834945866,437.8725058524144
"(60, 1028.9427134849057)",55.78000581409108,43.67466050816979,0.4960424275130825,71.18735997691603,439.2118813920347
"(61, 1028.9427134849057)",55.71022731041345,43.89431916419306,0.4985372487120814,72.39309426403871,440.57317519906957
"(62, 1028.9427134849057)",55.63865694615633,44.11741963352589,0.5010711371663318,73.61747562548311,441.9560198994097
"(63, 1028.9427134849057)",55.56529642881829,44.343942601732785,0.5036439077055382,74.86062069125165,443.36010833342624
"(64, 1028.9427134849057)",55.4901504551664,44.57386793873601,0.50625533364724,76.12265457723487,444.7850821419625
"(65, 1028.9427134849057)",55.4132250087986,44.807175005258564,0.5089051604905696,77.4036983936112,446.2305583480268
"(66, 1028.9427134849057)",55.33452758226969,45.04384221578091,0.5115931390250942,78.7038811600128,447.69615150872824
"(67, 1028.9427134849057)",55.25406708269532,45.28384745790922,0.5143190542383166,80.02333345534124,449.18150980962264
"(68, 1028.9427134849057)",55.17185490412854,45.5271679132859,0.5170826030495429,81.36218817333204,450.686188504303
"(69, 1028.9427134849057)",55.08783499924243,45.77391555554946,0.5198850794462205,82.72058018832296,452.21138415738693
"(70, 1028.9427134849057)",55.00222630207993,46.023658571235664,0.5227216241869245,84.09864695389982,453.7519594342313
"(71, 1028.9427134849057)",54.91484254645697,46.27677919263949,0.5255964336807484,85.49652781563557,455.3120928538229
"(72, 1028.9427134849057)",54.82576499305112,46.53311564657116,0.5285078288333732,86.91436186579503,456.889917632032
"(73, 1028.9427134849057)",54.73501513585356,46.79264128534778,0.5314554297800042,88.35229117510318,458.484900839021
"(74, 1028.9427134849057)",54.6425971835205,47.055357633841645,0.5344392787461346,89.810458723527,460.0969429424366
"(75, 1028.9427134849057)",54.549099323406054,47.320129784327655,0.5374464728787192,91.28900792110608,461.71262423561495
"(76, 1028.9427134849057)",54.4529375779743,47.59007342617442,0.540512395693778,92.78808176381152,463.36820933357143
"(77, 1028.9427134849057)",54.35571275108407,47.862072795074546,0.5436016849430577,94.307825275618,465.02716748465866
"(78, 1028.9427134849057)",54.25693072414226,48.13711614611284,0.5467255376757209,95.84838394995566,466.7008743175946
"(79, 1028.9427134849057)",54.15661799550572,48.415172552909425,0.5498836101837323,97.40990170876402,468.38883225456163
"(80, 1028.9427134849057)",54.05480372246578,48.69621008498321,0.553075551383151,98.99252370170892,470.09053490063087
"(81, 1028.9427134849057)",53.951515830411786,48.98019620626649,0.5563009692742029,100.59639427186694,471.8054345674146
"(82, 1028.9427134849057)",53.84678533842453,49.267097920623314,0.5595595009433132,102.22164923432625,473.533022022546
"(83, 1028.9427134849057)",53.740643397801044,49.55688134863386,0.5628507745490774,103.86845800143935,475.27274525016924
"(84, 1028.9427134849057)",53.63312231834526,49.84951229631338,0.5661743754204438,105.53693699479969,477.02406115593345
"(85, 1028.9427134849057)",53.52425518385563,50.14495587135818,0.5695299387852073,107.22723775800648,478.78644286653696
"(86, 1028.9427134849057)",53.414076208552636,50.443176684021715,0.5729170159133699,108.93950392088641,480.5592850346912
"(87, 1028.9427134849057)",53.302618938905425,50.74413894841387,0.5763352458300531,110.67387134537533,482.34208037598967
"(88, 1028.9427134849057)",53.189918800234814,51.04780620041756,0.5797841955999606,112.43048198756716,484.13424146871955
"(89, 1028.9427134849057)",53.07601266458995,51.35414173104276,0.5832634485318122,114.2094736027183,485.9352018061682
"(90, 1028.9427134849057)",52.96093779973217,51.66310394515131,0.5867725458880221,116.01098158678569,487.7443539776821
"(91, 1028.9427134849057)",52.844725001207586,51.97466881205949,0.5903111941419955,117.83514302449944,489.5612588764803
"(92, 1028.9427134849057)",52.72741766517358,52.288785068472635,0.5938788501787646,119.6820899553611,491.3852256288728
"(93, 1028.9427134849057)",52.609052021734676,52.60541920806931,0.5974750546959258,121.55195626630052,493.21564775206787
"(94, 1028.9427134849057)",52.489664701694124,52.92453280532462,0.6010994357424961,123.44487124287778,495.05201324425184
"(95, 1028.9427134849057)",52.36929467623701,53.246087391883215,0.604751543968994,125.36096022801597,496.8937344076268
"(96, 1028.9427134849057)",52.247978466265046,53.570044358201294,0.6084309413306684,127.30036339299838,498.740220347955
"(97, 1028.9427134849057)",52.125754858875254,53.89636486229788,0.6121371953650716,129.26319505963028,500.5909117643464
"(98, 1028.9427134849057)",52.00383358839987,54.22274730744289,0.6158441327823897,131.2495823576677,502.4187507112029
"(99, 1028.9427134849057)",51.87873898160602,54.555941064219844,0.6196284175508457,133.25964295003726,504.30250235708814
"(100, 1028.9427134849057)",51.75402100879889,54.889118803919,0.6234125671546035,135.29350227214368,506.162316196505
"(101, 1028.9427134849057)",51.6285480269958,55.224504669410784,0.6272217659925675,137.3512745359481,508.02399132123884
"(102, 1028.9427134849057)",51.50235712635389,55.562059750784826,0.631055603034472,139.4330861714496,509.88697837469346
"(103, 1028.9427134849057)",51.375484182271634,55.90174518189576,0.6349136386810625,141.53904064420192,511.7507215688656
"(104, 1028.9427134849057)",51.24796681794979,56.24352258305874,0.6387954341919375,143.66925470158404,513.6146527176367
"(105, 1028.9427134849057)",51.11984113246253,56.58735353536912,0.6427005530730479,145.82383931328923,515.4782117239423
"(106, 1028.9427134849057)",50.99114295419067,56.93319987140891,0.6466285620199418,148.00290362970873,517.3408435919329
"(107, 1028.9427134849057)",50.86190759028411,57.28102367727552,0.6505790304189835,150.20655500463656,519.2019978910513
"(108, 1028.9427134849057)",50.732169778688245,57.63078732707973,0.6545515306604768,152.43489902358544,521.061129049904
"(109, 1028.9427134849057)",50.60196365988166,57.9824534760063,0.658545639395907,154.68803953790717,522.9176976157696
"(110, 1028.9427134849057)",50.47132269538389,58.33598517508304,0.6625609358852137,156.96607870461926,524.771168514211
"(111, 1028.9427134849057)",50.340279679043554,58.691345782650146,0.6665970050841745,159.26911703183706,526.621014180385
"(112, 1028.9427134849057)",50.20886663905617,59.04849912088043,0.6706534349322538,161.59725342974454,528.4667117174213
"(113, 1028.9427134849057)",50.07711485735538,59.40740937631112,0.6747298195858981,163.95058526699603,530.3077461668988
"(114, 1028.9427134849057)",49.945054794352245,59.768041211260936,0.6788257576748908,166.32920843246708,532.1436086529822
"(115, 1028.9427134849057)",49.812716055076855,60.130359786011006,0.6829408526057507,168.7332174022852,533.9737966275709
"(116, 1028.9427134849057)",49.68012739298122,60.49433070349552,0.6870747145864711,171.16270531204668,535.7978158814238
"(117, 1028.9427134849057)",49.547316639915906,60.85992011482209,0.6912269588961482,173.6177640341498,537.6151786863722
"(118, 1028.9427134849057)",49.41431069662884,61.22709469682182,0.6953972070538642,176.09848426017314,539.4254049156546
"(119, 1028.9427134849057)",49.281135506057105,61.5958216689978,0.699585087023453,178.6049555882296,541.228022167256
"(120, 1028.9427134849057)",49.14781600810312,61.96606885024389,0.7037902324763621,181.1372666152307,543.0225649131698
"(1, 1031.0762577265596)",57.114860552630404,37.667093675295106,0.4278104730668886,33.89150929081594,407.2137122952206
"(2, 1031.0762577265596)",57.11492864366284,37.671114524024276,0.42785612934679307,33.92791975203465,407.22437694022756
"(3, 1031.0762577265596)",57.11503187394481,37.67782783777351,0.4279323825769679,33.98858155347936,407.24233803399113
"(4, 1031.0762577265596)",57.11515825446098,37.68725054740612,0.4280393943293421,34.07346094051629,407.26779592412487
"(5, 1031.0762577265596)",57.115286903255175,37.69940831663514,0.4281774823920474,34.18251011017071,407.30112607740136
"(6, 1031.0762577265596)",57.11539275084355,37.71433455268246,0.4283470026584474,34.31566641359005,407.3427580958706
"(7, 1031.0762577265596)",57.11544209448271,37.73207293463004,0.4285484725819152,34.47285155003219,407.39330381416204
"(8, 1031.0762577265596)",57.11539175803994,37.7526796796481,0.428782526720195,34.6539698154236,407.4535132137736
"(9, 1031.0762577265596)",57.115190271431324,37.77622422127296,0.4290499490103649,34.85890597406614,407.52430982931213
"(10, 1031.0762577265596)",57.11477405071943,37.80279117108266,0.42935166273768033,35.08752431724973,407.6067813469936
"(11, 1031.0762577265596)",57.114067489923215,37.832478909785564,0.4296888898002274,35.33966565846543,407.70234682343306
"(12, 1031.0762577265596)",57.11299283053489,37.865394106519446,0.43006272177496585,35.61514916048837,407.812312594942
"(13, 1031.0762577265596)",57.111462707259186,37.90165056898916,0.4304744483316347,35.91377185672353,407.93821137596353
"(14, 1031.0762577265596)",57.10938242465764,37.94136456896411,0.43092552119361327,36.23531155217768,408.0817621990003
"(15, 1031.0762577265596)",57.10656482766513,37.98488266417333,0.4314198060444327,36.57952927591688,408.24718984949493
"(16, 1031.0762577265596)",57.10323116206764,38.03160034035167,0.43195038983273243,36.946172393732134,408.42761907853014
"(17, 1031.0762577265596)",57.09899113161867,38.0823224687805,0.43252649276754135,37.33497815748379,408.63281937286655
"(18, 1031.0762577265596)",57.093873887867645,38.13689583608744,0.43314632115641644,37.74567687099845,408.86121099498587
"(19, 1031.0762577265596)",57.08781025042489,38.19539220025628,0.4338106950684729,38.17799481116571,409.113913221793
"(20, 1031.0762577265596)",57.08073893314242,38.257870390180145,0.4345203021638393,38.63165722285049,409.39190983845486
"(21, 1031.0762577265596)",57.07260703550036,38.324376549977394,0.4352756610079549,39.10639101999519,409.6960086115415
"(22, 1031.0762577265596)",57.06336732560016,38.394945493446095,0.4360771446932177,39.60192641025394,410.0268640201124
"(23, 1031.0762577265596)",57.052977677234225,38.46960122061518,0.4369250800907523,40.11799929273214,410.3850771941181
"(24, 1031.0762577265596)",57.04140408939379,38.548357630913074,0.43781957716248304,40.65435279936904,410.77101838074867
"(25, 1031.0762577265596)",57.02861694140586,38.63122006056352,0.4387606861347798,41.210738369432,411.18498792795435
"(26, 1031.0762577265596)",57.01458726322998,38.71818764917182,0.4397484512874024,41.786917039825006,411.6272704546401
"(27, 1031.0762577265596)",56.99929277755297,38.809252317673845,0.4407827394856058,42.38266143063126,412.0979560686482
"(28, 1031.0762577265596)",56.9827132589331,38.904401386222766,0.4418633933414663,42.99775254265325,412.59710149022465
"(29, 1031.0762577265596)",56.96482819072612,39.0036186388578,0.4429902640678666,43.631989870209765,413.12475381418653
"(30, 1031.0762577265596)",56.945619035043066,39.10688493019671,0.44416314957531045,44.285176614857725,413.68090146929546
"(31, 1031.0762577265596)",56.925069566038026,39.21417847840136,0.4453817438707002,44.95713533289944,414.26540639703114
"(32, 1031.0762577265596)",56.90316090950405,39.32547676094098,0.4466458328275832,45.64769875619404,414.87821508483296
"(33, 1031.0762577265596)",56.87987708979773,39.44075584894923,0.44795513526561753,46.35671348809472,415.51919101097303
"(34, 1031.0762577265596)",56.855198739102654,39.55999212202752,0.44930940402622027,47.08404035838722,416.1882185063188
"(35, 1031.0762577265596)",56.829110545320276,39.68316123947326,0.45070830227653913,47.829551510570504,416.8850781270145
"(36, 1031.0762577265596)",56.80159095850074,39.8102400272422,0.4521516157839388,48.59313358396572,417.6096623435551
"(37, 1031.0762577265596)",56.77262274768918,39.941205347235076,0.4536390702588842,49.374685726475626,418.3617891946106
"(38, 1031.0762577265596)",56.7421827528095,40.07603545396725,0.4551704815552536,50.17412070677345,419.1413560428134
"(39, 1031.0762577265596)",56.71025765492416,40.21470764901745,0.4567454259937105,50.991361835276926,419.94800273204135
"(40, 1031.0762577265596)",56.676821013197966,40.35720255064103,0.4583638040807422,51.82634886846431,420.78168692041726
"(41, 1031.0762577265596)",56.64185022644878,40.503500608750464,0.4600254833196659,52.679028073918445,421.6423257261746
"(42, 1031.0762577265596)",56.60533129959052,40.6535817412,0.4617300288911002,53.54936188466862,422.5295083843433
"(43, 1031.0762577265596)",56.567239114838834,40.807428722653356,0.4634773473807952,54.43732122075338,423.44316765766956
"(44, 1031.0762577265596)",56.52755174671477,40.96502428560986,0.46526725654026196,55.34279048655574,424.38323122968075
"(45, 1031.0762577265596)",56.486249451081264,41.12635171582585,0.46709957929575663,56.26606232719006,425.34922387872905
"(46, 1031.0762577265596)",56.443313992916984,41.29139450701508,0.4689740567189102,57.206842066301334,426.34117330627583
"(47, 1031.0762577265596)",56.39872270211522,41.46013743633162,0.47089062420960265,58.16524082848587,427.3589017800749
"(48, 1031.0762577265596)",56.35245788778735,41.63256501427451,0.4728490174338618,59.1412836948557,428.40211167053127
"(49, 1031.0762577265596)",56.30450479661017,41.80866188249973,0.47484903506768666,60.135002000405066,429.4705640622531
"(50, 1031.0762577265596)",56.254841703844676,41.98841374918975,0.4768905789886951,61.14643548170277,430.5641180470132
"(51, 1031.0762577265596)",56.20345486684212,42.17180555548476,0.4789734998689329,62.175635231952654,431.68256856309944
"(52, 1031.0762577265596)",56.150328689897286,42.35882248348036,0.48109757924597735,63.22265647123195,432.82563513901727
"(53, 1031.0762577265596)",56.09545021581552,42.549449654330346,0.48326265603902374,64.28756204853956,433.99308883917456
"(54, 1031.0762577265596)",56.03880799005526,42.743671841344096,0.4854685635219384,65.37042484089068,435.18468487919813
"(55, 1031.0762577265596)",55.98039037213863,42.94147379651981,0.48771513908983727,66.47132067733442,436.40017977200347
"(56, 1031.0762577265596)",55.920188839545595,43.14283979146738,0.4900021946475972,67.59033368487299,437.63929545017277
"(57, 1031.0762577265596)",55.85819610206269,43.34775363626991,0.4923295281486955,68.72755413095484,438.901733320885
"(58, 1031.0762577265596)",55.79440566528143,43.55619888859203,0.4946969906491193,69.88307595584138,440.18724587124336
"(59, 1031.0762577265596)",55.7288141462967,43.768158339215084,0.49710434558947575,71.05700016586411,441.4954881841429
"(60, 1031.0762577265596)",55.661417948966935,43.983614494087796,0.49955143062201485,72.24943238112034,442.8261872465758
"(61, 1031.0762577265596)",55.603804674198265,44.17931655917688,0.5017741491230711,73.46058414073545,443.90682776100937
"(62, 1031.0762577265596)",55.521212173340416,44.42494330210258,0.5045638921853044,74.69025973050847,445.5535900078625
"(63, 1031.0762577265596)",55.44840492593352,44.650777584644096,0.5071288689370229,75.93888695402165,446.9496494146669
"(64, 1031.0762577265596)",55.37380168676632,44.88003165944177,0.5097326403159256,77.20648246382731,448.3667407541957
"(65, 1031.0762577265596)",55.29740743716538,45.112684624646235,0.5123750367219696,78.49317164076494,449.804563775032
"(66, 1031.0762577265596)",55.21922969788383,45.348714722639215,0.5150557799319303,79.79908181786367,451.2627042747855
"(67, 1031.0762577265596)",55.13927829188336,45.58809967231123,0.517774645572494,81.12434193427093,452.7408019683119
"(68, 1031.0762577265596)",55.05756489269184,45.830816106130605,0.520531333746509,82.4690857773299,454.2384138514354
"(69, 1031.0762577265596)",54.9741011576044,46.07684010807543,0.5233255923824016,83.83344663779181,455.7551467283897
"(70, 1031.0762577265596)",54.88890277311697,46.326146918204934,0.5261571343509859,85.21756179114227,457.29056727160287
"(71, 1031.0762577265596)",54.80198511089041,46.57871086951797,0.5290256836037519,86.62156953009547,458.84425256129595
"(72, 1031.0762577265596)",54.712877406520064,46.83547154604506,0.5319418848056102,88.04560879804737,460.42703911533386
"(73, 1031.0762577265596)",54.62306642282871,47.09350439341244,0.534872538583931,89.48982058641737,462.00455485740713
"(74, 1031.0762577265596)",54.5311048451421,47.35567886428357,0.5378502036033256,90.95434716214415,463.610227986641
"(75, 1031.0762577265596)",54.43750279243108,47.621000527929645,0.5408636734945498,92.43933105851593,465.2323613484843
"(76, 1031.0762577265596)",54.34228602944839,47.889440034261746,0.5439125120821251,93.94491481570805,466.8703626725816
"(77, 1031.0762577265596)",54.24547802185035,48.160967153570574,0.5469964239840777,95.4712444960431,468.52378133527014
"(78, 1031.0762577265596)",54.14710493565752,48.43555108371744,0.5501150672139175,97.01846272366578,470.1921220982551
"(79, 1031.0762577265596)",54.047194656865734,48.71316017090965,0.5532680607550671,98.58670292536243,471.87485867760296
"(80, 1031.0762577265596)",53.945775296898915,48.99376221577243,0.5564550384722251,100.17613997297202,473.57143868805855
"(81, 1031.0762577265596)",53.842876598233815,49.277324313146735,0.5596756524923387,101.78687119775007,475.28140611472105
"(82, 1031.0762577265596)",53.73852768366361,49.563812884146586,0.5629295286463943,103.41909716598273,477.00417459451756
"(83, 1031.0762577265596)",53.63276359146625,49.853193840402064,0.5662162134614689,105.07291504806733,478.7391793918868
"(84, 1031.0762577265596)",53.52561524077081,50.14543247719439,0.5695353254069209,106.74848120662939,480.485870757017
"(85, 1031.0762577265596)",53.417118589433485,50.440493653703406,0.5728864061468149,108.44593699012336,482.2436347621524
"(86, 1031.0762577265596)",53.30729696405485,50.73834085143078,0.5762693853664972,110.16542325504928,484.01225805102325
"(87, 1031.0762577265596)",53.19028695750604,51.050470313041245,0.5798144538824012,111.90711301489188,485.92580426994306
"(88, 1031.0762577265596)",53.08385008221265,51.34224987165472,0.5831283938932905,113.67104461738559,487.57879753220755
"(89, 1031.0762577265596)",52.97029263077579,51.648237602910136,0.5866037127556532,115.45745474683419,489.3757061697704
"(90, 1031.0762577265596)",52.85556209582755,51.956864237220834,0.5901089765375755,117.26643449717507,491.1809206820385
"(91, 1031.0762577265596)",52.739693285444964,52.26809188228369,0.5936438044302668,119.0981533251985,492.99387896931864
"(92, 1031.0762577265596)",52.62272655514626,52.58188250552691,0.5972077049895104,120.95270815114152,494.81397739491007
"(93, 1031.0762577265596)",52.50469584612887,52.89819739309471,0.6008003359488278,122.83024261725564,496.6407194137215
"(94, 1031.0762577265596)",52.38564267422686,53.216998081571816,0.6044211618643928,124.73088716599621,498.473422499881
"(95, 1031.0762577265596)",52.2656024252177,53.53824573211873,0.6080698076506041,126.65476895814085,500.31157275075304
"(96, 1031.0762577265596)",52.1441121273813,53.86288120198146,0.6117568918984291,128.60201492683234,502.1659918102314
"(97, 1031.0762577265596)",52.02271853879108,54.18792571660249,0.6154486978934256,130.5727488644272,504.00179138221
"(98, 1031.0762577265596)",51.89995252319684,54.51627995988367,0.6191779827092344,132.5670945550235,505.8526227234942
"(99, 1031.0762577265596)",51.7763528532284,54.84692454958086,0.6229333258253416,134.58517099117395,507.70659141397886
"(100, 1031.0762577265596)",51.651957439621704,55.17982025399881,0.6267142529155488,136.62710303877785,509.5630835212828
"(101, 1031.0762577265596)",51.52680545517673,55.51492816391955,0.6305202943308662,138.69300190571388,511.4215035936045
"(102, 1031.0762577265596)",51.40093366339169,55.852208977327834,0.634351021931521,140.78298624567995,513.2812915324914
"(103, 1031.0762577265596)",51.27437965325579,56.19162387889916,0.638205999433769,142.8971684515814,515.1418851032279
"(104, 1031.0762577265596)",51.14718033053346,56.53313403205319,0.6420847454304732,145.03566173917434,517.0026747225886
"(105, 1031.0762577265596)",51.019371735774065,56.87670077650603,0.6459868639482356,147.1985748881581,518.8631433321048
"(106, 1031.0762577265596)",50.89098997965262,57.222285772743625,0.6499119046824751,149.3860166137342,520.7227179182127
"(107, 1031.0762577265596)",50.7620704658723,57.56985089253927,0.6538594346078193,151.5980933483605,522.5808455662739
"(108, 1031.0762577265596)",50.63264804297616,57.919358254338526,0.657829025056477,153.834909763132,524.4369796160114
"(109, 1031.0762577265596)",50.502756884629115,58.270770420228224,0.66182024815196,156.0965688027028,526.290575949483
"(110, 1031.0762577265596)",50.37243056324356,58.62405016633475,0.6658326832864476,158.38317172574395,528.14109962928
"(111, 1031.0762577265596)",50.241701910461785,58.979160729748266,0.6698659122876863,160.69481815116785,529.9880198690076
"(112, 1031.0762577265596)",50.11060302634958,59.336065728487306,0.6739195222621386,163.03160610971793,531.8308129131988
"(113, 1031.0762577265596)",49.97916521085009,59.6947292553524,0.6779931043033172,165.39363210100743,533.6689606484698
"(114, 1031.0762577265596)",49.84741897556221,60.05511580015264,0.6820862561498094,167.7809911558694,535.5019532817956
"(115, 1031.0762577265596)",49.71539396347973,60.417190373786525,0.6861985800969155,170.19377690394975,537.3292871196567
"(116, 1031.0762577265596)",49.58311893890382,60.78091848274767,0.6903296843387128,172.63208164645073,539.1504658790664
"(117, 1031.0762577265596)",49.45062175467978,61.146266155180406,0.6944791830577212,175.09599643395416,540.9650007021993
"(118, 1031.0762577265596)",49.317929322524435,61.51319996229554,0.6986466965728537,177.58561114925394,542.7724102261071
"(119, 1031.0762577265596)",49.18506758684984,61.88168703436436,0.7028318515605382,180.1010145951315,544.572220722937
"(120, 1031.0762577265596)",49.052061471696895,62.2516951012709,0.7070342811011366,182.64229458700447,546.3639660551438
"(1, 1033.2815862045286)",56.96202264617068,38.02881434668897,0.43191877441677784,34.83950485148693,411.4542114893972
"(2, 1033.2815862045286)",56.96210893949682,38.03280242581997,0.43196406129866055,34.87601563203611,411.4644948099941
"(3, 1033.2815862045286)",56.9622421511415,38.03946094788005,0.43203974459176914,34.93684488671086,411.4818677084718
"(4, 1033.2815862045286)",56.96241502886242,38.04880517346018,0.43214582505820404,35.02195930903461,411.50636427877123
"(5, 1033.2815862045286)",56.962603669223945,38.06086108917326,0.43228273394376376,35.13131170109321,411.5384773171493
"(6, 1033.2815862045286)",56.96278233180528,38.07566156139312,0.43245084543272855,35.26484027934928,411.57865524486994
"(7, 1033.2815862045286)",56.962920659203256,38.093248519241016,0.43265059550164126,35.42246779170286,411.6274258005669
"(8, 1033.2815862045286)",56.96297711085739,38.113676169513695,0.43288258733051976,35.60409988396522,411.6855065932346
"(9, 1033.2815862045286)",56.96289967362516,38.137012689133165,0.4331476459952403,35.80962339155738,411.75386332316214
"(10, 1033.2815862045286)",56.962628237062034,38.16333965529881,0.43344666396780457,36.03890395776114,411.8335525219532
"(11, 1033.2815862045286)",56.96209022351252,38.192752700863295,0.43378073033199344,36.29178554278401,411.925855559617
"(12, 1033.2815862045286)",56.96120730362708,38.2253567023206,0.43415103204711436,36.568089485137,412.0321775608384
"(13, 1033.2815862045286)",56.95989396614762,38.261262983318936,0.43455883989338034,36.867615873684166,412.1540315105476
"(14, 1033.2815862045286)",56.958062664595595,38.300584327553786,0.43500544227574167,37.190145363609965,412.2929680386709
"(15, 1033.2815862045286)",56.95562648574933,38.34342989350421,0.435492066354361,37.53544173366948,412.45049136845245
"(16, 1033.2815862045286)",56.952499820961435,38.38990542917117,0.436019902258277,37.90325489290687,412.62808132926915
"(17, 1033.2815862045286)",56.94860224867029,38.44010381284439,0.4365900535925258,38.293324586450574,412.82713851075465
"(18, 1033.2815862045286)",56.94385946710147,38.494109325665875,0.43720343646844395,38.705382891728014,413.0488774364566
"(19, 1033.2815862045286)",56.93820285008995,38.55199418104696,0.4378608749296011,39.139158393507564,413.2944209906533
"(20, 1033.2815862045286)",56.93157289717561,38.61381753914882,0.43856304231944343,39.594377559115884,413.56473845940246
"(21, 1033.2815862045286)",56.923913449838416,38.67962767134745,0.43931048573913145,40.07076832768888,413.86066721312284
"(22, 1033.2815862045286)",56.91517676004279,38.74946093484895,0.440103636130237,40.56806196616257,414.18292126886945
"(23, 1033.2815862045286)",56.90532184027076,38.82334275355746,0.44094275645194786,41.08599519675284,414.53203561531296
"(24, 1033.2815862045286)",56.894311446430656,38.901289660244636,0.44182805484582915,41.62431102503428,414.90848231572556
"(25, 1033.2815862045286)",56.88211367810572,38.98330960687652,0.4427596089460853,42.18276157252505,415.3125894665828
"(26, 1033.2815862045286)",56.87590435264361,39.053205013334846,0.44355345990572304,42.76116542108056,415.5544571968117
"(27, 1033.2815862045286)",56.85404545307353,39.15956660024474,0.4447614858811429,43.359121470584775,416.20473214336556
"(28, 1033.2815862045286)",56.83812875991864,39.253788135938564,0.4458315980156698,43.976585533080666,416.6929952446503
"(29, 1033.2815862045286)",56.820924784570096,39.35205550565535,0.44694768944339475,44.613294639800586,417.20952285871937
"(30, 1033.2815862045286)",56.802415255058825,39.45435159915585,0.4481095483071922,45.2690542429587,417.7542906252917
"(31, 1033.2815862045286)",56.782580382121076,39.560657786238224,0.44931698619326993,45.943689391445965,418.3272788109743
"(32, 1033.2815862045286)",56.76140999051181,39.670938537494266,0.4505694756921692,46.63702776260436,418.928114775943
"(33, 1033.2815862045286)",56.7388606006163,39.78521805880554,0.45186742795974705,47.34891785103008,419.55737486537794
"(34, 1033.2815862045286)",56.71493534022548,39.90343004888081,0.4532100169548607,48.0792176992233,420.2143475036765
"(35, 1033.2815862045286)",56.68960457071904,40.02556830007856,0.4545972776917936,48.827799851688404,420.8991963259486
"(36, 1033.2815862045286)",56.662852936324065,40.15161069153125,0.4560287910666732,49.59455345480884,421.61159913349684
"(37, 1033.2815862045286)",56.63465363353268,40.28153761565386,0.45750446998804606,50.379368235454855,422.3515762094555
"(38, 1033.2815862045286)",56.60498836224147,40.415328264910016,0.459024025310794,51.1821718133691,423.11890116575586
"(39, 1033.2815862045286)",56.57383486104804,40.55296338903142,0.46058723527917383,52.00287409170928,423.91343496311384
"(40, 1033.2815862045286)",56.541171356907185,40.694424110295195,0.4621938916839884,52.84141631499489,424.7350212182807
"(41, 1033.2815862045286)",56.50697479662679,40.83969268777808,0.4638438057143145,53.69774605050564,425.58351726912645
"(42, 1033.2815862045286)",56.471222828546274,40.98875184739721,0.46553676593286786,54.57182679737963,426.45874114226046
"(43, 1033.2815862045286)",56.4338932416299,41.14158504939993,0.4672725955956407,55.463627487830216,427.36054127914065
"(44, 1033.2815862045286)",56.39496394139363,41.298176325082714,0.46905110329885247,56.37313137466848,428.288736652954
"(45, 1033.2815862045286)",56.35441491849902,41.45850998218606,0.47087211126744327,57.30032954251702,429.2431524873821
"(46, 1033.2815862045286)",56.31222291205721,41.622571308434374,0.47273544752541896,58.245231714610064,430.22360135956256
"(47, 1033.2815862045286)",56.26836771647476,41.790345696150695,0.47464099929749565,59.20784588473699,431.22995874708187
"(48, 1033.2815862045286)",56.22283026487447,41.961818705153725,0.4765885550968921,60.188195542371915,432.2619826350691
"(49, 1033.2815862045286)",56.17559334838405,42.13697580642511,0.47857791329673427,61.186312515966044,433.3194328577369
"(50, 1033.2815862045286)",56.126883323776504,42.31529287425582,0.48060318135553154,62.2022380063059,434.39617955968043
"(51, 1033.2815862045286)",56.07594541186058,42.49828658143221,0.48268155855631545,63.23601910678261,435.50994734996107
"(52, 1033.2815862045286)",56.02350440298595,42.68441159805757,0.48479552579440066,64.28771309204915,436.64257678564763
"(53, 1033.2815862045286)",55.9692997962144,42.874163702691774,0.48695065199766024,65.35738241586172,437.7997596836101
"(54, 1033.2815862045286)",55.914193085199635,43.06573940878341,0.4891265060166748,66.44509972339685,438.96031226819173
"(55, 1033.2815862045286)",55.85555217829684,43.26449023210565,0.4913838357739792,67.55093835567142,440.18693090813144
"(56, 1033.2815862045286)",55.79598856413074,43.46503387961286,0.49366156247797904,68.67498546472102,441.4164168607312
"(57, 1033.2815862045286)",55.734621125310305,43.669143524932224,0.4959797752750173,69.81732797292585,442.66944094860963
"(58, 1033.2815862045286)",55.671444655501254,43.876802582308294,0.49833829517207023,70.97806166352464,443.94572243833267
"(59, 1033.2815862045286)",55.606453918915065,44.08799396763657,0.5007369420816054,72.15728477002514,445.2449770152612
"(60, 1033.2815862045286)",55.53964718035982,44.30270010047955,0.5031755037806669,73.35510410366366,446.56687858208653
"(61, 1033.2815862045286)",55.449112888727946,44.56508349431727,0.5061555631139394,74.57200421199612,448.4292189086215
"(62, 1033.2815862045286)",55.400583639365685,44.74258274696551,0.5081715524733194,75.80696759053559,449.27734021311375
"(63, 1033.2815862045286)",55.3283311955796,44.967720599719925,0.5107285794600446,77.06124223070137,450.66519447375913
"(64, 1033.2815862045286)",55.25426950807115,45.19629589269367,0.5133246698534448,78.33457184349578,452.0743572605876
"(65, 1033.2815862045286)",55.17840522436663,45.42828746627161,0.5159595579718635,79.62708015536919,453.5044303231854
"(66, 1033.2815862045286)",55.10074751669319,45.663673222327525,0.5186329816455616,80.93889378149487,454.95501615121526
"(67, 1033.2815862045286)",55.0213041347625,45.9024307131551,0.5213447205385741,82.27013573026692,456.4257640671875
"(68, 1033.2815862045286)",54.94008933555658,46.14453622483115,0.5240944571641285,83.62095742356478,457.91619459598724
"(69, 1033.2815862045286)",54.85711252964768,46.389965630690426,0.5268819898548722,84.99147366050373,459.42598455933705
"(70, 1033.2815862045286)",54.772392684069516,46.63869360603391,0.5297069447193952,86.38182580431474,460.95460625889643
"(71, 1033.2815862045286)",54.68594370303695,46.890694333081356,0.5325690867832401,87.79215180736021,462.5016789475234
"(72, 1033.2815862045286)",54.597783889740946,47.14594112932667,0.5354680817631436,89.2225914928782,464.06671739323906
"(73, 1033.2815862045286)",54.507932137139626,47.404406505760114,0.5384036677510068,90.67328396565725,465.64931186643895
"(74, 1033.2815862045286)",54.41401002538637,47.67081872908178,0.5414294825892848,92.14437569023157,467.3047388975219
"(75, 1033.2815862045286)",54.323242553461625,47.930878909702926,0.5443831633750188,93.63599432259777,468.86510423258073
"(76, 1033.2815862045286)",54.22844906213529,48.19882704909199,0.5474264666923526,95.14829174669721,470.4973960875174
"(77, 1033.2815862045286)",54.13205930009333,48.46987604358141,0.5505049022401471,96.68142068595425,472.1451579141139
"(78, 1033.2815862045286)",54.03409567949749,48.74399453020267,0.553618271357783,98.23551037062178,473.80805520975736
"(79, 1033.2815862045286)",53.93458821930573,49.02115056474579,0.5567660988678742,99.81070741642029,475.4854503666842
"(80, 1033.2815862045286)",53.83356451591478,49.301311377451945,0.5599480816703347,101.40715780875236,477.176884211754
"(81, 1033.2815862045286)",53.73105541623395,49.58444376683187,0.5631638141504168,103.02500212571731,478.8817970526177
"(82, 1033.2815862045286)",53.627091617016866,49.87051359328687,0.5664128987299654,104.66438281101355,480.59963563539014
"(83, 1033.2815862045286)",53.52170540604154,50.159486461080604,0.5696949512113898,106.32544395387569,482.32985888654065
"(84, 1033.2815862045286)",53.414927496774084,50.45132698611359,0.5730096144279077,108.00832473320216,484.07195857331163
"(85, 1033.2815862045286)",53.306796187131944,50.7459998232474,0.5763563740421217,109.71316612943521,485.82526225989886
"(86, 1033.2815862045286)",53.19734159989016,51.04346837862574,0.5797349245661924,111.4401040044803,487.58931842943764
"(87, 1033.2815862045286)",53.08660108500564,51.34369628124782,0.5831448075905139,113.18928927990953,489.36350249415136
"(88, 1033.2815862045286)",52.974608592515324,51.64664618449635,0.586585624314306,114.96084658378474,491.1472777524751
"(89, 1033.2815862045286)",52.86140242738119,51.95228063282954,0.5900569313526566,116.75491668146296,492.9400452975867
"(90, 1033.2815862045286)",52.7470189477912,52.260561739980325,0.5935582771472269,118.57163381311383,494.74120430240004
"(91, 1033.2815862045286)",52.63149588233314,52.57145127760255,0.5970892472995437,120.41113165343481,496.5501929019057
"(92, 1033.2815862045286)",52.51486902078304,52.88491052282536,0.60064941054072,122.27354243164157,498.36643324468866
"(93, 1033.2815862045286)",52.39717769859612,53.20090088067456,0.6042383340305436,124.15899561040449,500.18934862225734
"(94, 1033.2815862045286)",52.27846103267991,53.519382565311545,0.6078555479566935,126.06762098956152,502.0183237863537
"(95, 1033.2815862045286)",52.158755143990014,53.8403184909557,0.6115006403761838,127.99954460589626,503.8528070470919
"(96, 1033.2815862045286)",52.038099414664586,54.16366717921846,0.615173142720032,129.95489417673238,505.69218652344716
"(97, 1033.2815862045286)",51.9165340188341,54.489390051860944,0.6188725775590519,131.93379072612063,507.5358478725817
"(98, 1033.2815862045286)",51.79405409328557,54.81752811124392,0.6225994572845447,133.93635466218444,509.3842001308685
"(99, 1033.2815862045286)",51.67082235652215,55.14779991704786,0.6263505634246712,135.96271312190174,511.23379057364275
"(100, 1033.2815862045286)",51.546752825005626,55.48040809940106,0.6301282307914112,138.0129775805233,513.0869202438794
"(101, 1033.2815862045286)",51.421925294428654,55.815231988319105,0.6339310543471466,140.0872659989545,514.9420193811743
"(102, 1033.2815862045286)",51.29637710678316,56.15223286873166,0.6377585955306555,142.1856944860685,516.7985187194197
"(103, 1033.2815862045286)",51.17014586932642,56.491371503566825,0.6416104195982067,144.30837627651243,518.6558558112758
"(104, 1033.2815862045286)",51.04326843135776,56.83260825766584,0.6454860752991768,146.45541978648308,520.5134559715862
"(105, 1033.2815862045286)",50.91578120135927,57.17590483358586,0.6493851249624992,148.62693499818036,522.3707569806969
"(106, 1033.2815862045286)",50.787720303167255,57.52122244635412,0.6533071288127925,150.82302937344875,524.2271969649597
"(107, 1033.2815862045286)",50.65912123534409,57.86852275205549,0.6572516513737533,153.04380838704054,526.082220479977
"(108, 1033.2815862045286)",50.53001891894896,58.21776769220618,0.6612182610052092,155.28937575977,527.9352777990927
"(109, 1033.2815862045286)",50.400447624376554,58.56891958795907,0.6652065287528696,157.5598334942269,529.7858236891465
"(110, 1033.2815862045286)",50.27044096841493,58.921941081625505,0.6692160307789821,159.85528191597285,531.6333198808323
"(111, 1033.2815862045286)",50.14003184283906,59.2767952324691,0.6732463470925654,162.17581972048802,533.4772337097226
"(112, 1033.2815862045286)",50.00925240997891,59.633445468830296,0.6772970636154695,164.52154402543698,535.3170401988249
"(113, 1033.2815862045286)",49.87813400853016,59.99185573766143,0.6813677695782856,166.89255042835657,537.152219310136
"(114, 1033.2815862045286)",49.746707175644765,60.35199040497116,0.6854580606921052,169.28893306961774,538.9822591590008
"(115, 1033.2815862045286)",49.61500157955544,60.71381435221807,0.6895675376913306,171.7107847005916,540.8066544402576
"(116, 1033.2815862045286)",49.48304601612036,61.07729293829024,0.6936958079469355,174.1581967569309,542.6249080219108
"(117, 1033.2815862045286)",49.35086835092561,61.442392079227965,0.6978424843089861,176.63125943689417,544.4365296708039
"(118, 1033.2815862045286)",49.21849549237145,61.80907826347333,0.7020071853982514,179.1300617846441,546.2410362706377
"(119, 1033.2815862045286)",49.0859533865903,62.177318524444736,0.7061895368082832,181.6546917784431,548.0379529758611
"(120, 1033.2815862045286)",48.95326699256022,62.54708045701325,0.7103891712416849,184.20523642369403,549.8268132594345
"(1, 1035.550333352514)",56.80676192566558,38.39951725456119,0.4361290904302704,35.82419844309288,415.80942653670235
"(2, 1035.550333352514)",56.806867349620426,38.40347224533106,0.43617400664724576,35.86081157375865,415.81932640949833
"(3, 1035.550333352514)",56.807033778253974,38.410075082428165,0.4362490047487054,35.92181165075965,415.83599064146466
"(4, 1035.550333352514)",56.80724876416899,38.41934211668228,0.4363542653677584,36.00716588060331,415.85963908077025
"(5, 1035.550333352514)",56.807494930579466,38.43129697265524,0.4364900235050181,36.116827598219956,415.8905617474482
"(6, 1035.550333352514)",56.80774608355661,38.445971953766225,0.43665670541483625,36.25073592100502,415.9292609319391
"(7, 1035.550333352514)",56.807971940228605,38.46340797985243,0.436854746163089,36.40881471329814,415.9762633025165
"(8, 1035.550333352514)",56.80813211761596,38.48365771429508,0.43708474123146274,36.590970875875186,416.0322786096633
"(9, 1035.550333352514)",56.80817894469699,38.50678642147867,0.43734740124010185,36.79709296115336,416.09815418388973
"(10, 1035.550333352514)",56.808048947303575,38.5328749519014,0.43764371157873583,37.027048877269365,416.17504253772194
"(11, 1035.550333352514)",56.80767536630853,38.56201503095816,0.4379746992083436,37.280684809204146,416.264160955963
"(12, 1035.550333352514)",56.80698240093684,38.59430893788356,0.43834146825910014,37.557797007189926,416.3668565707516
"(13, 1035.550333352514)",56.805884562637665,38.629866226737406,0.43874532666698896,37.858271964614666,416.48459732224336
"(14, 1035.550333352514)",56.80429700993373,38.66879735113765,0.43918749550980624,38.18180960007485,416.6189477793607
"(15, 1035.550333352514)",56.802134525395374,38.71121189834316,0.4396692162299626,38.52820434460468,416.77139908717163
"(16, 1035.550333352514)",56.79930609773675,38.75722613719062,0.4401918274740651,38.89720876959473,416.9435849102257
"(17, 1035.550333352514)",56.795753923600834,38.80688520057966,0.4407558319059969,39.28856529677608,417.1362833605436
"(18, 1035.550333352514)",56.79138120750851,38.860325017492215,0.4413627895718238,39.70200803339291,417.3513758371047
"(19, 1035.550333352514)",56.786154931107205,38.91753636539662,0.4420125800252501,40.13726713250796,417.5890074586445
"(20, 1035.550333352514)",56.7799319520152,38.978771191723744,0.44270806464293677,40.594070830051976,417.8524130887875
"(21, 1035.550333352514)",56.77273921725718,39.04388726869176,0.44344763995107,41.07214843511808,418.14020294059804
"(22, 1035.550333352514)",56.7645013200294,39.11298610410597,0.4442324369754044,41.57123203140024,418.4538161644794
"(23, 1035.550333352514)",56.75517454536156,39.18609568948874,0.4450627930676622,42.09105890777907,418.7938648162394
"(24, 1035.550333352514)",56.7447219937774,39.26323414770796,0.44593888728008413,42.631372845028494,419.16079053271176
"(25, 1035.550333352514)",56.73310806152295,39.344412386805395,0.4468609073065103,43.1919258818638,419.5550356415997
"(26, 1035.550333352514)",56.720305528697565,39.42963304060318,0.4478288035955621,43.77247937322797,419.97678747501385
"(27, 1035.550333352514)",56.70628539367646,39.51889424055855,0.44884260458116587,44.372803314460874,420.42630548237605
"(28, 1035.550333352514)",56.69102379075081,39.6121885064526,0.44990219959354905,44.992680496820945,420.903692268308
"(29, 1035.550333352514)",56.67449651329825,39.709505031365374,0.45100750247054716,45.631913466115506,421.40905606174437
"(30, 1035.550333352514)",56.656681030992175,39.810830030629276,0.4521583527272597,46.29029779817057,421.94243509666677
"(31, 1035.550333352514)",56.63755967036122,39.9161466614578,0.4533544632422708,46.967658017640076,422.5037075197435
"(32, 1035.550333352514)",56.61710457503397,40.02544101004471,0.45459579491103785,47.663825683048465,423.09300127772786
"(33, 1035.550333352514)",56.59529965400943,40.13868686114701,0.4558820285326944,48.378646377295006,423.71014023915694
"(34, 1035.550333352514)",56.57212089226055,40.25587253665559,0.45721297896826635,49.111979660519395,424.35507312316474
"(35, 1035.550333352514)",56.54754609348007,40.37697685221347,0.45858842370247505,49.863696824439025,425.02769821226286
"(36, 1035.550333352514)",56.52155368738268,40.50198076894808,0.4600082071036062,50.63368320843924,425.72796900259243
"(37, 1035.550333352514)",56.49412148894702,40.63086574602335,0.4614719906407273,51.42183729093221,426.4556364499211
"(38, 1035.550333352514)",56.46522419043827,40.763614223206254,0.46297972375845037,52.22807017638968,427.2107370971284
"(39, 1035.550333352514)",56.434841554545585,40.90020808502775,0.46453106471298233,53.05230558689038,427.9929933292367
"(40, 1035.550333352514)",56.4029450056202,41.04063151938533,0.46612599020273093,53.89447910450513,428.8024454342035
"(41, 1035.550333352514)",56.36951553412941,41.184867354740426,0.4677641536405932,54.75453991393759,429.6387853189353
"(42, 1035.550333352514)",56.33452655266737,41.33290055184746,0.46944549657720813,55.63244769771786,430.50199277364646
"(43, 1035.550333352514)",56.29795690087428,41.48471579451597,0.4711697495030322,56.52817314006127,431.39181802342415
"(44, 1035.550333352514)",56.259779855874534,41.64029888665413,0.4729368648361953,57.44169879291707,432.30822924289777
"(45, 1035.550333352514)",56.21997910037242,41.799634799280426,0.47474649708423233,58.373017523170766,433.2508757903443
"(46, 1035.550333352514)",56.17852634319103,41.96271057839716,0.47659866817409285,59.32213286347363,434.2197768395724
"(47, 1035.550333352514)",56.13540460986059,42.12951204138958,0.4784930903872298,60.289057057635446,435.21462219973495
"(48, 1035.550333352514)",56.090587922073034,42.30002633717479,0.4804298047640891,61.27381290519008,436.23543157074556
"(49, 1035.550333352514)",56.04406292357975,42.474239382121894,0.48240844931088106,62.27643129108495,437.2817992048673
"(50, 1035.550333352514)",55.995809285196074,42.65213804535364,0.48442897469243684,63.29695149475368,438.3536347336158
"(51, 1035.550333352514)",55.945809589079005,42.833708638941474,0.4864912012768254,64.33542424586331,439.4507014094181
"(52, 1035.550333352514)",55.89405016414577,43.018937394258465,0.4885949429696347,65.39190253791534,440.57275352864235
"(53, 1035.550333352514)",55.84051501346408,43.207810318126796,0.4907401109400044,66.46644894135738,441.71963653201385
"(54, 1035.550333352514)",55.785191838464144,43.40031293613344,0.4929264909864849,67.55913786817558,442.8910541911638
"(55, 1035.550333352514)",55.72807059018226,43.5964305684869,0.4951539243785884,68.67004180691626,444.08676964413644
"(56, 1035.550333352514)",55.66914128312714,43.79614740607732,0.4974222414292441,69.79924552345214,445.3065224055563
"(57, 1035.550333352514)",55.608395872387824,43.99944899818928,0.49973127241039067,70.94683710651508,446.5500486247409
"(58, 1035.550333352514)",55.545828524383595,44.206317692181265,0.5020808276246056,72.1129110948101,447.81705732175635
"(59, 1035.550333352514)",55.48143589585158,44.416736853171685,0.50447068714621,73.2975668685912,449.10722137223837
"(60, 1035.550333352514)",55.415214412831816,44.63068894294588,0.5069006928724878,74.50090819670564,450.4202732840194
"(61, 1035.550333352514)",55.3471646195721,44.84815551159874,0.5093705867060907,75.72304427227932,451.7558365911785
"(62, 1035.550333352514)",55.27728603479574,45.06911750653574,0.5118802186175693,76.96408743136531,453.1136435946163
"(63, 1035.550333352514)",55.20558304602909,45.293555113953616,0.5144293031366474,78.22415445713851,454.4932818923181
"(64, 1035.550333352514)",55.13206075055113,45.52144774449721,0.5170176009781335,79.50336541861878,455.8943836234044
"(65, 1035.550333352514)",55.05672319951649,45.752774103014275,0.5196449609417237,80.80184296894066,457.31666955921537
"(66, 1035.550333352514)",54.97958082143616,45.987511922953054,0.5223110458176884,82.11971192598729,458.75966568422007
"(67, 1035.550333352514)",54.90064380224281,46.22563815660712,0.5250155935878921,83.45710623144411,460.2229667237654
"(68, 1035.550333352514)",54.81992238856305,46.467129170502275,0.5277583836011741,84.81415196559871,461.706218102181
"(69, 1035.550333352514)",54.737628981749985,46.71156496939542,0.530534594964957,86.19098429440868,463.2042923765935
"(70, 1035.550333352514)",54.65318601113153,46.96010588150359,0.5333574353553456,87.587736588639,464.730733389631
"(71, 1035.550333352514)",54.567201995732226,47.211539848813324,0.5362131355154348,89.0045504296373,466.27114080136795
"(72, 1035.550333352514)",54.47949764452227,47.46623503869288,0.5391058874804258,90.44156001586138,467.82972147679635
"(73, 1035.550333352514)",54.39009358643791,47.724163675428876,0.5420353494202198,91.89890022311972,469.4059865578353
"(74, 1035.550333352514)",54.299010939130206,47.98529695508998,0.5450012253975551,93.37672819355575,470.999472444411
"(75, 1035.550333352514)",54.20627231651163,48.249605437547615,0.5480031541545715,94.8751672192032,472.60968174379235
"(76, 1035.550333352514)",54.111901819209905,48.51705889020617,0.5510408041838745,96.39436890131256,474.23611956213597
"(77, 1035.550333352514)",54.015923323385955,48.78762620387018,0.5541138940314889,97.93447050223871,475.8783571773292
"(78, 1035.550333352514)",53.91836999681456,49.061275975670824,0.5572218425216272,99.49561802933712,477.535646745236
"(79, 1035.550333352514)",53.81926308450794,49.337975492654664,0.5603645021736617,101.07795169650188,479.207695328349
"(80, 1035.550333352514)",53.71863361135151,49.617691699964034,0.5635414304373694,102.68161471885321,480.8939014285172
"(81, 1035.550333352514)",53.6165132436443,49.9003909220618,0.5667522292795022,104.30674774044027,482.5937122182287
"(82, 1035.550333352514)",53.512931252500074,50.18603865329834,0.5699965308720757,105.95349576716889,484.3066017871855
"(83, 1035.550333352514)",53.40792210509115,50.47459994211459,0.5732739020845042,107.62199662207725,486.0319837838275
"(84, 1035.550333352514)",53.30151400416207,50.766038911948094,0.5765840839732427,109.31239299306183,487.7694473711835
"(85, 1035.550333352514)",53.19375003461691,51.06032008265968,0.5799263741079088,111.02481124580174,489.5181387815579
"(86, 1035.550333352514)",53.08465951445118,51.35740650316781,0.5833005342928596,112.7594248352351,491.27763789643507
"(87, 1035.550333352514)",52.97427683100019,51.65726091256652,0.5867061731792697,114.5163372454432,493.04743597032723
"(88, 1035.550333352514)",52.86815646421331,51.94896314373508,0.5900192399842943,116.29572610949683,494.698894540636
"(89, 1035.550333352514)",52.749784045877526,52.26512341915797,0.5936100715315392,118.09763664127314,496.6154708146219
"(90, 1035.550333352514)",52.63574754646639,52.573055291888664,0.5971074814922387,119.92229316190415,498.4125583446636
"(91, 1035.550333352514)",52.520568811230376,52.8836028538619,0.6006345667553817,121.76979671914829,500.21752910743
"(92, 1035.550333352514)",52.40428379451259,53.19672722776142,0.6041909290475415,123.64028088612166,502.029837097625
"(93, 1035.550333352514)",52.28693258647604,53.51238921790538,0.6077760988600984,125.53387076947988,503.8488710087855
"(94, 1035.550333352514)",52.168551650545126,53.830549265866935,0.611389684672235,127.45070062086931,505.67409114975203
"(95, 1035.550333352514)",52.049181210597105,54.15116816518626,0.6150311524794845,129.3908905344163,507.50482443789474
"(96, 1035.550333352514)",51.92885949101489,54.47420599634808,0.6187001000500132,131.354567162104,509.340527689921
"(97, 1035.550333352514)",51.807622440844156,54.799622812154354,0.6223961395961334,133.3418503868111,511.1806794492826
"(98, 1035.550333352514)",51.68551474232469,55.127379484495265,0.6261186705337818,135.3528680203934,513.0245299690972
"(99, 1035.550333352514)",51.56257013923279,55.457435607321656,0.6298673174842659,137.38773305868338,514.8715775300019
"(100, 1035.550333352514)",51.43882917055196,55.78975157756839,0.633641630975734,139.44656503167897,516.721237151273
"(101, 1035.550333352514)",51.31432842667151,56.12428764680884,0.6374411652389192,141.5294771089837,518.5729340467941
"(102, 1035.550333352514)",51.189105431415705,56.46100400127086,0.6412654891765923,143.636586632734,520.426104451549
"(103, 1035.550333352514)",51.06319840651598,56.79986128855429,0.645114144309142,145.76800111058319,522.2801660791706
"(104, 1035.550333352514)",50.9366455079792,57.14082039981453,0.6489866547536751,147.9238351805277,524.1345114909734
"(105, 1035.550333352514)",50.80948228418047,57.48384207024218,0.6528825748162743,150.10419278201914,525.9885752090213
"(106, 1035.550333352514)",50.681745007192916,57.82888746831611,0.6568014873836892,152.30918167918418,527.841817527422
"(107, 1035.550333352514)",50.55346930419527,58.17591806299668,0.6607429467475848,154.53890633650406,529.6936724282798
"(108, 1035.550333352514)",50.42469016884648,58.52489561162231,0.664706518460971,156.79346949192,531.5435872819274
"(109, 1035.550333352514)",50.295441970773496,58.875782182763366,0.668691772771937,159.0729721738751,533.3910160301879
"(110, 1035.550333352514)",50.165758382966274,59.228540252017154,0.672698283388448,161.37751374328255,535.2354178652886
"(111, 1035.550333352514)",50.035672336277685,59.5831327245266,0.6767256281482713,163.70719194120383,537.0762578759279
"(112, 1035.550333352514)",49.90521604860663,59.939522893225465,0.6807733899425261,166.06210294180048,538.9130079507033
"(113, 1035.550333352514)",49.774420905706144,60.29767448790635,0.6848411584293465,168.44234141069353,540.7451484943381
"(114, 1035.550333352514)",49.64331745945266,60.657551782289,0.688928526385131,170.8480005685437,542.5721645856348
"(115, 1035.550333352514)",49.511935406445154,61.01911951491468,0.6930350933297212,173.27917225979587,544.3935496627876
"(116, 1035.550333352514)",49.38030356000576,61.38234292012872,0.6971604653202251,175.7359470265135,546.2088052360393
"(117, 1035.550333352514)",49.248449789222676,61.74718781391348,0.7013042536475894,178.218414187209,548.0174394590883
"(118, 1035.550333352514)",49.11640102268275,62.113620546432514,0.7054660765489881,180.72666192060717,549.8189688185876
"(119, 1035.550333352514)",48.98418319183939,62.48160808176336,0.7096455579551809,183.26077735427882,551.6129167483396
"(120, 1035.550333352514)",48.85182123730485,62.85111794974799,0.7138423291013629,185.82084665806352,553.3988152039879
"(1, 1037.8738930354782)",56.64975834004953,38.777733389268754,0.4404247363680067,36.84256416503334,420.26277155835396
"(2, 1037.8738930354782)",56.64988135044234,38.78165597526762,0.4404692966909672,36.87928124110553,420.27230247814765
"(3, 1037.8738930354782)",56.650078124469516,38.788204166129994,0.4405436792075794,36.94045486216862,420.28832852917463
"(4, 1037.8738930354782)",56.65033753563397,38.79739368965131,0.44064803644884454,37.02605250946031,420.3110405381413
"(5, 1037.8738930354782)",56.650640204679334,38.8092482327718,0.440782677148295,37.13602848684135,420.3408046276599
"(6, 1037.8738930354782)",56.650962180098325,38.82379880417246,0.4409479433730647,37.27032243577105,420.37803617881923
"(7, 1037.8738930354782)",56.65127441967875,38.84108493696217,0.4411442590504848,37.428859378340015,420.42325015263816
"(8, 1037.8738930354782)",56.651536587805836,38.861158175213525,0.4413722542796899,37.61154762814509,420.4771921989617
"(9, 1037.8738930354782)",56.65170070149295,38.884082255431466,0.4416326383293447,37.81827736365359,420.5407082707527
"(10, 1037.8738930354782)",56.65171269763207,38.90993343969879,0.4419262257316228,38.04891857533877,420.6147737592161
"(11, 1037.8738930354782)",56.651500422985215,38.938803141682435,0.44225414355560794,38.303319912692274,420.70070977043775
"(12, 1037.8738930354782)",56.65097858334779,38.970824615492376,0.4426178104378018,38.58130814561236,420.80016190030824
"(13, 1037.8738930354782)",56.650106808973035,39.00600175684004,0.4430173419362656,38.88268900999424,420.9134443476273
"(14, 1037.8738930354782)",56.6487599034864,39.04454594965074,0.4434550940175746,39.207248908201095,421.04321590623306
"(15, 1037.8738930354782)",56.64686478005116,39.08653052753734,0.44393196777803495,39.55475733465466,421.19064230603493
"(16, 1037.8738930354782)",56.642965086059675,39.135315618891404,0.4444860451615901,39.92497206698744,421.39549002481544
"(17, 1037.8738930354782)",56.64111297845265,39.18121662472969,0.44500739325085276,40.31763011925225,421.5439255435803
"(18, 1037.8738930354782)",56.63710420987471,39.23409543724676,0.44560796707111827,40.73247564267107,421.7523999090556
"(19, 1037.8738930354782)",56.632247182573515,39.290765776493835,0.4462515829958726,41.16923817681658,421.9836295403545
"(20, 1037.8738930354782)",56.62647949058994,39.35128942502222,0.44693897826730555,41.62764745738764,422.23864986619975
"(21, 1037.8738930354782)",56.61974548775522,39.415716599218165,0.4476707473326069,42.107434442412284,422.5183468897824
"(22, 1037.8738930354782)",56.61199565977209,39.48408696526698,0.44844732536680454,42.60833196506296,422.8234394347302
"(23, 1037.8738930354782)",56.603191214005626,39.55642874820151,0.4492689092285851,43.130077810512184,423.1543940303623
"(24, 1037.8738930354782)",56.59328731549374,39.63276385264643,0.45013590214343174,43.67241678819114,423.51188436444943
"(25, 1037.8738930354782)",56.582250532297316,39.71310468102794,0.45104838219005733,44.23510126203949,423.8962391089096
"(26, 1037.8738930354782)",56.57004927957688,39.797456927415546,0.45200643140467534,44.81789224023987,424.30778239880436
"(27, 1037.8738930354782)",56.55665546946392,39.88582071461452,0.453010033161888,45.4205598909425,424.74672681091727
"(28, 1037.8738930354782)",56.542040877424135,39.978191714855654,0.4540591634376791,46.04289089557041,425.21326072992605
"(29, 1037.8738930354782)",56.526182192052666,40.07456129185617,0.45515369947546075,46.68467537895926,425.7074666251373
"(30, 1037.8738930354782)",56.50905357049145,40.17491858813422,0.4562935090004364,47.34572136439156,426.2293991887104
"(31, 1037.8738930354782)",56.490632570576395,40.279250052111976,0.4574784766645097,48.02584760711567,426.77911994861915
"(32, 1037.8738930354782)",56.47089471438579,40.387541116480506,0.458708414225904,48.72488625707804,427.3566013836917
"(33, 1037.8738930354782)",56.447630133965866,40.50464137024076,0.46003839674303926,49.44268741897115,428.01915435452685
"(34, 1037.8738930354782)",56.42737612782831,40.61593804126154,0.46130249103048515,50.179094307885016,428.5947179248884
"(35, 1037.8738930354782)",56.40354783849955,40.736011941956356,0.46266622142578057,50.93399372580083,429.25519868138866
"(36, 1037.8738930354782)",56.37830797724506,40.859978598461836,0.4640741995097276,51.707265250014736,429.94323085246947
"(37, 1037.8738930354782)",56.351631874298114,40.987824170079854,0.46552622382797365,52.49880695878671,430.6587072756577
"(38, 1037.8738930354782)",56.323494085204395,41.11953236118855,0.46702213171134493,53.30852920887748,431.4015487641039
"(39, 1037.8738930354782)",56.293862645835986,41.255104720669934,0.4685619118352717,54.136355592524716,432.17181997209525
"(40, 1037.8738930354782)",56.262735489911535,41.39447444066745,0.47014484129203216,54.98222166879929,432.9688350535091
"(41, 1037.8738930354782)",56.229692716000365,41.53848091821265,0.4717804063510847,55.84607528042933,433.80249171703076
"(42, 1037.8738930354782)",56.195830738469674,41.68468751460272,0.47344097068408836,56.72787538700935,434.64414797938116
"(43, 1037.8738930354782)",56.16001117018774,41.835486120452266,0.4751537001752203,57.62759416887473,435.52202642219356
"(44, 1037.8738930354782)",56.12258158542287,41.990061530030665,0.47690932123795365,58.54521197984286,436.4265218782996
"(45, 1037.8738930354782)",56.08351758940052,42.1484010708698,0.47870767287916033,59.48072232552272,437.3574737515256
"(46, 1037.8738930354782)",56.04279679547097,42.3104919137546,0.480548654164159,60.43412845745996,438.3147740328554
"(47, 1037.8738930354782)",56.000424636547265,42.476262413717976,0.4824314189986678,61.405440555544246,439.2975344032331
"(48, 1037.8738930354782)",55.9559645601975,42.64657762658416,0.48436580436741206,62.39468498863504,440.3159380434317
"(49, 1037.8738930354782)",55.910476199536085,42.819146685517836,0.4863257896490113,63.40188799876888,441.34295258780355
"(50, 1037.8738930354782)",55.862916992267486,42.99611694029368,0.4883357591323961,64.42709195420954,442.40384348496593
"(51, 1037.8738930354782)",55.8136015773645,43.176775095867605,0.49038762292713234,65.4703432407992,443.4901680629978
"(52, 1037.8738930354782)",55.76251497531898,43.36110783046037,0.49248118034258426,66.53169767872093,444.6016622101444
"(53, 1037.8738930354782)",55.709638503013025,43.54910193744914,0.49461644238357577,67.61121857887251,445.7382740371276
"(54, 1037.8738930354782)",55.654968227424774,43.740742560292105,0.49679295988388283,68.70897482493613,446.8994684823675
"(55, 1037.8738930354782)",55.59848453150429,43.93601602785054,0.4990108216612058,69.82504344852984,448.08526069581853
"(56, 1037.8738930354782)",55.54369125392317,44.12765581411151,0.5011874033691955,70.95951682354541,449.2098046515841
"(57, 1037.8738930354782)",55.48005023604449,44.33739963103026,0.5035695996401873,72.11245274267367,450.52928805020474
"(58, 1037.8738930354782)",55.41808524723723,44.54347791164124,0.5059101744253853,73.28397500957757,451.786987247555
"(59, 1037.8738930354782)",55.35428238196485,44.75312476602457,0.5082912877604905,74.47417371498075,453.068083909016
"(60, 1037.8738930354782)",55.28863948420403,44.96632258627794,0.5107127109029815,75.68315158204571,454.3722379055344
"(61, 1037.8738930354782)",55.221155429225426,45.183053836626826,0.5131742681337051,76.91098737869554,455.69918809486546
"(62, 1037.8738930354782)",55.169289483926654,45.367673919810805,0.5152711212341547,78.15813212630188,456.62831243774616
"(63, 1037.8738930354782)",55.08067261953849,45.627033690577775,0.5182168488472735,79.42386245994527,458.41987588975246
"(64, 1037.8738930354782)",55.00768148860309,45.854243363988054,0.5207974233430456,80.70907815530545,459.81297109258725
"(65, 1037.8738930354782)",54.93286545105894,46.084904090600375,0.5234171911915847,82.01365155029228,461.2273863534129
"(66, 1037.8738930354782)",54.856232677033866,46.31899341589074,0.5260758980316617,83.33770883073588,462.66273149152
"(67, 1037.8738930354782)",54.77779490113251,46.55648807436609,0.5287732793595353,84.6813772393234,464.118604742694
"(68, 1037.8738930354782)",54.697563022309474,46.797364011230705,0.5315090614677093,86.04478786308701,465.5945909460377
"(69, 1037.8738930354782)",54.61555015350774,47.04159623592249,0.5342829845555741,87.42807348918386,467.09028767412406
"(70, 1037.8738930354782)",54.53177369918637,47.28915898445215,0.5370947020765785,88.83136826791048,468.60520110503836
"(71, 1037.8738930354782)",54.44624905886404,47.54002554545949,0.5399439741119078,90.25480867011385,470.13894576245934
"(72, 1037.8738930354782)",54.35899635670057,47.794168593004734,0.54283041629119,91.69853208969148,471.69098532451517
"(73, 1037.8738930354782)",54.27003307849146,48.05155965677454,0.5457538163945372,93.16267550082442,473.2609625595436
"(74, 1037.8738930354782)",54.17938310708374,48.3121698644401,0.5487137468437991,94.64738439565964,474.84828820319797
"(75, 1037.8738930354782)",54.087069986911345,48.57596922046171,0.551709890146385,96.1527933317796,476.452498180625
"(76, 1037.8738930354782)",53.993117889118786,48.84292700358374,0.5547418852887324,97.67904508069405,478.07307503376325
"(77, 1037.8738930354782)",53.89755104609552,49.113011981162565,0.557809435223935,99.22628102742124,479.7095690803656
"(78, 1037.8738930354782)",53.80039838764677,49.38619182835406,0.5609121348420333,100.79464337309865,481.3614176662435
"(79, 1037.8738930354782)",53.701688478164776,49.66243382333114,0.5640495851782134,102.38427318831975,483.0280656456391
"(80, 1037.8738930354782)",53.60144955355117,49.94170434012717,0.5672214353765739,103.99531219006637,484.7090071573903
"(81, 1037.8738930354782)",53.49971279745586,50.22396913058277,0.5704273258919967,105.62790104626679,486.4037283710773
"(82, 1037.8738930354782)",53.39651035101697,50.50919351409625,0.5736667889647523,107.28218116412911,488.11160240388045
"(83, 1037.8738930354782)",53.29187360934309,50.79734186332566,0.5769395050837876,108.95828807728218,489.8321621099904
"(84, 1037.8738930354782)",53.185837789913464,51.08837828290318,0.5802449791101416,110.65637270949165,491.5647426738407
"(85, 1037.8738930354782)",53.07902787785427,51.38108959516175,0.5835695189815098,112.37656455170627,493.2950039704746
"(86, 1037.8738930354782)",52.96970375705204,51.67896850632593,0.586952732762311,114.11900170241026,495.0639160774221
"(87, 1037.8738930354782)",52.859676560325035,51.97844776787487,0.5903541262504562,115.8838220381727,496.8293132429466
"(88, 1037.8738930354782)",52.74839142687732,52.28066601775643,0.5937865966410406,117.6711617688975,498.60444491922647
"(89, 1037.8738930354782)",52.635892364360494,52.5855690546691,0.5972496013386002,119.48115386487213,500.38861499030816
"(90, 1037.8738930354782)",52.52219394911296,52.8931656157082,0.6007431837069468,121.3139316447265,502.18173514372984
"(91, 1037.8738930354782)",52.40736024562501,53.20336949926425,0.6042662587185987,123.16962729826774,503.98254706798787
"(92, 1037.8738930354782)",52.291412337787605,53.516156349940864,0.6078189028637562,125.04836971461488,505.7910012611449
"(93, 1037.8738930354782)",52.17439827007973,53.83148766942286,0.6114003474719871,126.95028690189928,507.6061719320962
"(94, 1037.8738930354782)",52.05635292123398,54.14932318180479,0.6150102341569869,128.87550707478337,509.4275589063896
"(95, 1037.8738930354782)",51.93731680010706,54.469623205147215,0.6186480768024546,130.82415402985174,511.2545338600233
"(96, 1037.8738930354782)",51.81732728655216,54.79234763014359,0.6223134613895848,132.79635118604074,513.0865436747514
"(97, 1037.8738930354782)",51.69642320505174,55.11745628259769,0.6260059345351773,134.79221970243418,514.9229966369029
"(98, 1037.8738930354782)",51.5746640025158,55.44486877704568,0.6297245865808745,136.81188226666126,516.7628259481879
"(99, 1037.8738930354782)",51.45202754516,55.77466608580209,0.63347031568293,138.85544201473775,518.6068606455182
"(100, 1037.8738930354782)",51.32861431848999,56.10668696253679,0.6372412564673436,140.92305119936756,520.453012453214
"(101, 1037.8738930354782)",51.204438475528306,56.4409316272535,0.6410375376488696,143.01478793285116,522.301336848658
"(102, 1037.8738930354782)",51.07954278568219,56.77736055624033,0.6448585635416572,145.1307789310201,524.1510888692259
"(103, 1037.8738930354782)",50.9539611682612,57.115933519768376,0.6487039964829644,147.2711339162367,526.0018083412108
"(104, 1037.8738930354782)",50.8277333610996,57.45661136819067,0.6525732835132857,149.43596092908186,527.8528133217969
"(105, 1037.8738930354782)",50.7008949282748,57.79935461340301,0.6564660623971578,151.62536733236786,529.7036204934415
"(106, 1037.8738930354782)",50.57348240842244,58.14412420588546,0.660381842397129,153.83945841027378,531.5536152483762
"(107, 1037.8738930354782)",50.445531389898115,58.49088137500133,0.6643201965276384,156.07833766969793,533.402250922536
"(108, 1037.8738930354782)",50.31707693775791,58.839587689984015,0.6682806876531635,158.342106836571,535.2489720984443
"(109, 1037.8738930354782)",50.18815350025909,59.19020500591845,0.6722628843345981,160.63086593656038,537.0932309710483
"(110, 1037.8738930354782)",50.05879478388673,59.542695673394675,0.676266356887702,162.94471333782357,538.9344832141356
"(111, 1037.8738930354782)",49.92903381161041,59.89702235289598,0.6802906827648564,165.28374579942124,540.7721935175038
"(112, 1037.8738930354782)",49.79890281047001,60.25314820231614,0.6843354430522495,167.64805852498807,542.6058318978088
"(113, 1037.8738930354782)",49.66843321488583,60.61103681697561,0.6884002247657133,170.0377452217468,544.4348760223422
"(114, 1037.8738930354782)",49.53765559840961,60.970652325342726,0.6924846194410913,172.45289816472635,546.2588096817907
"(115, 1037.8738930354782)",49.406599676680514,61.33195933614881,0.6965882251420097,174.89360826610334,548.0771248047083
"(116, 1037.8738930354782)",49.275294246467155,61.694922987329555,0.7007106465078982,177.35996514957571,549.8893214329834
"(117, 1037.8738930354782)",49.143767271102014,62.059508907427336,0.7048514939181141,179.85205722971503,551.6949067749506
"(118, 1037.8738930354782)",49.012045582689794,62.425683435898925,0.7090103838069298,182.36997179619863,553.4933954480782
"(119, 1037.8738930354782)",48.88015515473642,62.79341337985497,0.7131869400404056,184.91379510287322,555.2843108189228
"(120, 1037.8738930354782)",48.74812089564091,63.16266622580622,0.7173807919673545,187.48361246157364,557.067182886459
"(1, 1040.2434511956649)",56.491671943798195,39.16198397945902,0.4447889338609745,37.8913500434551,424.79742556972536
"(2, 1040.2434511956649)",56.49181259989405,39.16587436069795,0.44483312792251256,37.92817225592157,424.8065759403555
"(3, 1040.2434511956649)",56.49204077924228,39.17236800865839,0.4449068509781648,37.98952137845857,424.82191674366294
"(4, 1040.2434511956649)",56.49234144905378,39.18148155572269,0.44501038359726874,38.0753653937096,424.84377185741994
"(5, 1040.2434511956649)",56.492700367658905,39.19323451958101,0.4451438699822603,38.18565898061672,424.872336608324
"(6, 1040.2434511956649)",56.49309094076528,39.20766445109052,0.4453077587791217,38.320342719266385,424.9081371173338
"(7, 1040.2434511956649)",56.493400456952244,39.22501145556671,0.44550478098009816,38.47934301390263,424.9540878770035
"(8, 1040.2434511956649)",56.49384792017203,39.24470201433682,0.44572843218137215,38.662568977149085,425.0035136112343
"(9, 1040.2434511956649)",56.494131002838934,39.267422796625006,0.44598647355285304,38.869912684552155,425.0645957506518
"(10, 1040.2434511956649)",56.494277911088055,39.29304093276583,0.4462774307668754,39.10124679237127,425.1359279792976
"(11, 1040.2434511956649)",56.49422378074594,39.321643659234,0.4466022991745987,39.35642154454737,425.218695460756
"(12, 1040.2434511956649)",56.493895673271524,39.35332854930342,0.44696218177589697,39.63526653507176,425.31421598943143
"(13, 1040.2434511956649)",56.49321655319348,39.38819908652844,0.44735819960342443,39.937590428146116,425.42384704799923
"(14, 1040.2434511956649)",56.49210188837188,39.426362610737705,0.4477916561102174,40.26318255649098,425.54915521222387
"(15, 1040.2434511956649)",56.49047012857038,39.46792395161143,0.4482636859861132,40.611815077815244,425.69154867806895
"(16, 1040.2434511956649)",56.48823575648056,39.51299396329242,0.44877558992273947,40.983246217878815,425.8526222557221
"(17, 1040.2434511956649)",56.4855267993999,39.56117654610183,0.44932283384650495,41.37722294023447,426.02791244127013
"(18, 1040.2434511956649)",56.481757073792814,39.613776703288785,0.44992024989200924,41.79348409587322,426.2331094146064
"(19, 1040.2434511956649)",56.47720899621237,39.6700336791988,0.45055919411560214,42.2317628994532,426.45948815529823
"(20, 1040.2434511956649)",56.471859262426115,39.729918012381525,0.4512393433294617,42.691793391711165,426.7069784285936
"(21, 1040.2434511956649)",56.46557624852523,39.79366404674418,0.4519633444953558,43.17330490901422,426.9786043827699
"(22, 1040.2434511956649)",56.45830861604888,39.861313177776196,0.4527316882307411,43.6760326066029,427.275141224183
"(23, 1040.2434511956649)",56.45001250038579,39.93289646885535,0.45354469781862666,44.19971533483757,427.59718639550556
"(24, 1040.2434511956649)",56.44064637107635,40.00843684496411,0.45440266497883786,44.7440981196752,427.9452983304186
"(25, 1040.2434511956649)",56.43017519488387,40.08794883253731,0.455305738493571,45.30893300957736,428.3198797501658
"(26, 1040.2434511956649)",56.41856514569805,40.171440853770875,0.45625400493719676,45.89398267160732,428.7212580461062
"(27, 1040.2434511956649)",56.40578514266256,40.25891585858633,0.4572475214339517,46.49901776945801,429.1497219776597
"(28, 1040.2434511956649)",56.39180921587912,40.35037117785425,0.45828619603009263,47.12382102947859,429.60539316419795
"(29, 1040.2434511956649)",56.37660468119823,40.445802602042384,0.4593701178357459,47.768186580375364,430.0885701732401
"(30, 1040.2434511956649)",56.360150723400274,40.545200281761176,0.46049903023510425,48.4319199260348,430.59918055798687
"(31, 1040.2434511956649)",56.34241974602913,40.64855420161211,0.46167289433424674,49.11484101589051,431.1373639098578
"(32, 1040.2434511956649)",56.32338528548192,40.75585242850758,0.4628915680481732,49.816780818012965,431.7031414577917
"(33, 1040.2434511956649)",56.30302352984892,40.86708136648927,0.46415488359445933,50.53758375126458,432.2964942483579
"(34, 1040.2434511956649)",56.28130880715363,40.98222739142934,0.4654626693241817,51.277107928633534,432.9173856118997
"(35, 1040.2434511956649)",56.258215010368616,41.101276399544645,0.4668147576440325,52.035225425740556,433.5657691349557
"(36, 1040.2434511956649)",56.23371503672534,41.224214526925685,0.46821107421345676,52.81181935098716,434.2416843768487
"(37, 1040.2434511956649)",56.20778288937443,41.35102776926544,0.4696513892549363,53.606787663188406,434.94499435420516
"(38, 1040.2434511956649)",56.18039270154897,41.48170230938697,0.4711355364854434,54.420040193902864,435.6756162606358
"(39, 1040.2434511956649)",56.15151786937164,41.61622461298011,0.4726633997838735,55.25150115433875,436.4335050907141
"(40, 1040.2434511956649)",56.12113037715688,41.75458217153902,0.47423481389957145,56.1011044374989,437.21855505052514
"(41, 1040.2434511956649)",56.089205394340105,41.896761831892036,0.4758496327341486,56.96879827640355,438.03066592915684
"(42, 1040.2434511956649)",56.05571495217801,42.042751605488405,0.47750775801988427,57.854541369624464,438.86977680568435
"(43, 1040.2434511956649)",56.02063469509557,42.19253922208565,0.47920897539035795,58.75830447542465,439.73569392857974
"(44, 1040.2434511956649)",55.98393760961929,42.346113111363664,0.48095323374276927,59.680039829755,440.62841190253863
"(45, 1040.2434511956649)",55.94560080727222,42.503461534845435,0.48274033972419933,60.61982783667706,441.54764918939173
"(46, 1040.2434511956649)",55.90559771438912,42.66457315036401,0.48457023171245744,61.57758230715528,442.4934278760945
"(47, 1040.2434511956649)",55.8639102359235,42.82943614862328,0.4864426497450096,62.553345469369525,443.4654353101433
"(48, 1040.2434511956649)",55.82051289585484,42.99803843922321,0.48835757721236867,63.54713862957198,444.46363290737577
"(49, 1040.2434511956649)",55.77538584301656,43.17036910822082,0.4903148409466765,64.55899286046737,445.4878094583569
"(50, 1040.2434511956649)",55.728509098669754,43.346415896539995,0.49231433782893547,65.58894488455857,446.5378209717217
"(51, 1040.2434511956649)",55.67986873905844,43.52616602193475,0.49435580939664026,66.63704793089478,447.6133453544926
"(52, 1040.2434511956649)",55.62944608960365,43.70959641773976,0.49643922091794296,67.7033512303243,448.71429724624375
"(53, 1040.2434511956649)",55.577217200800696,43.89672685212242,0.49856459759489774,68.78791934862194,449.84063829747237
"(54, 1040.2434511956649)",55.523183186391144,44.087510225912965,0.5007314446453676,69.89082195307279,450.9917841470153
"(55, 1040.2434511956649)",55.46732726480523,44.281943593933796,0.5029397555679809,71.01213425290607,452.1676528226344
"(56, 1040.2434511956649)",55.40963949376507,44.480011982964655,0.5051893560055487,72.15193899203283,453.36798020649456
"(57, 1040.2434511956649)",55.35011223386632,44.68170011238458,0.5074800554287264,73.31032369949305,454.5924805726527
"(58, 1040.2434511956649)",55.288739274724335,44.886991724474115,0.5098116914144127,74.4873817272406,455.8408916095874
"(59, 1040.2434511956649)",55.225516798126414,45.09586980939464,0.5121840580320048,75.68321241557547,457.112899759038
"(60, 1040.2434511956649)",55.16044167504362,45.30831688361145,0.514596966093265,76.8979174690472,458.40820651462934
"(61, 1040.2434511956649)",55.09351446872655,45.52431436115575,0.5170501870321912,78.13160612715974,459.72646487257083
"(62, 1040.2434511956649)",55.00785391223138,45.778497831691574,0.5199371241339998,79.38462793215255,461.47656048174827
"(63, 1040.2434511956649)",54.95410971296911,45.96688260892325,0.5220767388346377,80.65638124723117,462.43052734709016
"(64, 1040.2434511956649)",54.88164107423758,46.19341229065255,0.5246495860239085,81.9477022274033,463.81559380648423
"(65, 1040.2434511956649)",54.807336030784356,46.4234103040174,0.5272618375373135,83.25847450315692,465.22219906042596
"(66, 1040.2434511956649)",54.731204801778,46.65685394099462,0.5299132028057245,84.58882308182885,466.6499158389463
"(67, 1040.2434511956649)",54.65325600953368,46.89371966672385,0.532603473980815,85.9388658148158,468.0984100777877
"(68, 1040.2434511956649)",54.57350498619708,47.13398301015084,0.5353322779601464,87.30875860549969,469.56713775619994
"(69, 1040.2434511956649)",54.49196312351489,47.377618817643125,0.5380994147909813,88.69860990244901,471.055782426089
"(70, 1040.2434511956649)",54.40864376549616,47.62460080297814,0.5409046436229381,90.1085594762539,472.5639537738324
"(71, 1040.2434511956649)",54.323573556222165,47.87490221427799,0.543747385442302,91.5387429050549,474.09091390606466
"(72, 1040.2434511956649)",54.23676310056229,48.12849500891904,0.5466276036791197,92.98929968914443,475.6364852808391
"(73, 1040.2434511956649)",54.14823441543329,48.385350601594226,0.5495448865354897,94.46036445082143,477.2001049057865
"(74, 1040.2434511956649)",54.05801074196416,48.645439423857546,0.5524988933355798,95.95207786077194,478.78127772441707
"(75, 1040.2434511956649)",53.96611546812731,48.908731278447654,0.5554892825968716,97.46457972434234,480.37950870643135
"(76, 1040.2434511956649)",53.872572394136355,49.1751950345254,0.5585157294804631,98.9980092971078,481.99432068471356
"(77, 1040.2434511956649)",53.77741071214757,49.444798967710724,0.5615777620008118,100.55250795484075,483.6250813036214
"(78, 1040.2434511956649)",53.680654884763825,49.717510280727055,0.5646751310797535,102.12821555147933,485.271391607288
"(79, 1040.2434511956649)",53.58233487198281,49.993295855607215,0.5678074121080557,103.7252739224559,486.9326680633071
"(80, 1040.2434511956649)",53.482479798792546,50.27212166420341,0.570974224385727,105.34382250151488,488.6083752172616
"(81, 1040.2434511956649)",53.381120240999294,50.55395300084744,0.5741752204238255,106.98400225585833,490.29801062885355
"(82, 1040.2434511956649)",53.27951214445865,50.83631093692805,0.5773821026735718,108.64595402805169,491.9719971157143
"(83, 1040.2434511956649)",53.174023934574365,51.1264908884635,0.5806778741363224,110.32981276446087,493.71654306006906
"(84, 1040.2434511956649)",53.068351232981804,51.417125024747634,0.5839787989202497,112.03572168551622,495.44439952838354
"(85, 1040.2434511956649)",52.96130859906569,51.71062016284212,0.5873122223328161,113.7638160719326,497.1838770169518
"(86, 1040.2434511956649)",52.85293008542955,52.00693867870133,0.5906777436925481,115.51423332065218,498.9344213225524
"(87, 1040.2434511956649)",52.74325548846439,52.30604304657314,0.5940748370290933,117.28710855575798,500.695350183888
"(88, 1040.2434511956649)",52.632317876636975,52.60789456764703,0.5975031564377193,119.08257586413777,502.46616968893863
"(89, 1040.2434511956649)",52.52015629596322,52.91245444567245,0.6009622509611786,120.900770312443,504.24627566572866
"(90, 1040.2434511956649)",52.406806931143265,53.219683752936064,0.6044516667277771,122.74182164574671,506.035066232128
"(91, 1040.2434511956649)",52.29230929196943,53.529542949571045,0.6079709462969359,124.60585845805197,507.8319369445669
"(92, 1040.2434511956649)",52.17714259805155,53.84111488014086,0.6115096778471815,126.49301640881778,509.62592131448343
"(93, 1040.2434511956649)",52.06002266518192,54.15699241996776,0.6150973039062548,128.40341569312326,511.447526543468
"(94, 1040.2434511956649)",51.94231039232664,54.47450260648737,0.6187034787266417,130.33718498411034,513.265056993255
"(95, 1040.2434511956649)",51.823604787727916,54.794482721949194,0.6223377281480913,132.29444750240157,515.0882986356384
"(96, 1040.2434511956649)",51.70394448240256,55.11689256363973,0.6259995405182707,134.27532489864063,516.9165975769857
"(97, 1040.2434511956649)",51.58336457063375,55.441691048301756,0.6296886479284037,136.27994075655977,518.7495515432149
"(98, 1040.2434511956649)",51.461917290324664,55.76883948681807,0.6334041396476126,138.3084107591345,520.5860974695188
"(99, 1040.2434511956649)",51.33962682048515,56.09829551399515,0.6371460238810204,140.36085292557144,522.4261258720168
"(100, 1040.2434511956649)",51.21653910705613,56.430019781148744,0.6409135970608061,142.43738121338146,524.2687909113793
"(101, 1040.2434511956649)",51.092689819648406,56.76397152026588,0.6447065255790584,144.5381036023489,526.113637574377
"(102, 1040.2434511956649)",50.96811793174606,57.100110749231405,0.6485242858456777,146.66315214633096,527.9599891459807
"(103, 1040.2434511956649)",50.84286217022707,57.4383975998478,0.6523664198946362,148.81261173468445,529.8072843406721
"(104, 1040.2434511956649)",50.71695845675684,57.77879196316262,0.6562325261023217,150.98660633500532,531.6549814045231
"(105, 1040.2434511956649)",50.59044563587809,58.1212547064405,0.6601220580581408,153.18523311944554,533.50241476534
"(106, 1040.2434511956649)",50.46335633007642,58.46574592761151,0.6640347158013338,155.40859911457872,535.3491653643332
"(107, 1040.2434511956649)",50.33572977609997,58.812227147005565,0.6679699356087779,157.65680681299702,537.1945442996242
"(108, 1040.2434511956649)",50.207599979146515,59.160659556591135,0.6719273163218662,159.9299569031291,539.0380335801702
"(109, 1040.2434511956649)",50.07900142934583,59.51100487111961,0.6759064231489479,162.22814838286115,540.8790819189179
"(110, 1040.2434511956649)",49.949967917311284,59.863225199821215,0.6799068258417843,164.55147860308875,542.7171444020588
"(111, 1040.2434511956649)",49.82053249046152,60.21728308261,0.6839280988152955,166.90004331687734,544.5516825644354
"(112, 1040.2434511956649)",49.69072742104586,60.57314150406361,0.6879698217422193,169.2739367338433,546.3821649537493
"(113, 1040.2434511956649)",49.560584173929534,60.93076391102323,0.6920315800056491,171.67325157985817,548.2080675416071
"(114, 1040.2434511956649)",49.430133335281994,61.290114314281915,0.6961129631474525,174.09807916188524,550.0288720446614
"(115, 1040.2434511956649)",49.29940466624533,61.651157131457154,0.7002135692823047,176.54850943792704,551.8440704463325
"(116, 1040.2434511956649)",49.168426955880854,62.01385745077379,0.7043329996858976,179.02463109195398,553.6531592922993
"(117, 1040.2434511956649)",49.037228108994036,62.37818080905939,0.7084708645816844,181.52653161376543,555.4556456302624
"(118, 1040.2434511956649)",48.905835034290156,62.744093384808096,0.7126267792868171,184.0542973836991,557.2510429160708
"(119, 1040.2434511956649)",48.77427365795212,63.111561934284865,0.7168003662314671,186.60801376212402,559.0388730248139
"(120, 1040.2434511956649)",48.64256889220314,63.48055382209092,0.7209912547493608,189.18776518365348,560.8186659387144
"(1, 1042.6500192873373)",56.33314321468859,39.55078483487656,0.4492048051073852,38.96708174846042,429.39631696071933
"(2, 1042.6500192873373)",56.33330170571783,39.55464321311943,0.4492486291309497,39.00400982406284,429.40508200413166
"(3, 1042.6500192873373)",56.33355713752764,39.561084197068716,0.4493218099258425,39.065535736225314,429.4198580491756
"(4, 1042.6500192873373)",56.3339005312382,39.57012229792034,0.44942444137074355,39.15162781173147,429.44077465167504
"(5, 1042.6500192873373)",56.334312018252206,39.58178023341949,0.4495568547249751,39.262241363702756,429.4682218860472
"(6, 1042.6500192873373)",56.33477077470236,39.596086780930314,0.44971933511757134,39.397317938996125,429.50255549522814
"(7, 1042.6500192873373)",56.33524744639547,39.61308005986182,0.4499123373007342,39.55678449686221,429.5443226673594
"(8, 1042.6500192873373)",56.335706537816684,39.63280732034068,0.4501363850759083,39.7405522055969,429.5941583757312
"(9, 1042.6500192873373)",56.33610220402193,39.65532920939246,0.450392178376016,39.94851439157679,429.6528990790421
"(10, 1042.6500192873373)",56.33638077959884,39.68071815930544,0.4506805586030829,40.18054526351222,429.72154785642016
"(11, 1042.6500192873373)",56.33647969907651,39.70905887790015,0.4510024425750052,40.436495774740294,429.8012096747251
"(12, 1042.6500192873373)",56.33632810815516,39.740446398270116,0.45135892586324106,40.7162051267648,429.8931876300553
"(13, 1042.6500192873373)",56.33584796670987,39.77498271033148,0.4517511787175216,41.01947752138328,429.9988976815179
"(14, 1042.6500192873373)",56.334962127622006,39.81276805546823,0.4521803256808045,41.34610746937182,430.1197178230734
"(15, 1042.6500192873373)",56.333356749867214,39.854465936406555,0.452653918498669,41.695870552125164,430.2637463010009
"(16, 1042.6500192873373)",56.33163956777663,39.89851935619138,0.45315423291055956,42.06852592142882,430.41274376290465
"(17, 1042.6500192873373)",56.32904672191588,39.9466698775401,0.45370115775440184,42.46382642688113,430.5876944564332
"(18, 1042.6500192873373)",56.325736269324835,39.99845199529966,0.454289309344823,42.88151043270776,430.7832467177031
"(19, 1042.6500192873373)",56.32164382678376,40.05393847598561,0.45491944096915377,43.32131462697121,431.00044927370163
"(20, 1042.6500192873373)",56.31670150055914,40.11319398446679,0.45559247445822226,43.78297248495281,431.2405297960784
"(21, 1042.6500192873373)",56.31085669374349,40.1762701586168,0.4563088699990516,44.2662172198946,431.5042348855996
"(22, 1042.6500192873373)",56.30405824942265,40.24320950167614,0.4570691406892802,44.77078408633077,431.7923642689939
"(23, 1042.6500192873373)",56.296206267722646,40.31417059812843,0.4578750935213071,45.296413299055594,432.1070617921266
"(24, 1042.6500192873373)",56.2874195920427,40.3888023481226,0.4587227350153257,45.842849956021894,432.4444185552475
"(25, 1042.6500192873373)",56.27750051773828,40.46749751330863,0.45961651547366034,46.40984723023572,432.809321493155
"(26, 1042.6500192873373)",56.266467703269505,40.55014142752346,0.46055516300541793,46.997167055473255,433.2006825350085
"(27, 1042.6500192873373)",56.25428831891869,40.636739490031815,0.4615387238204534,47.604581173923314,433.61877811932544
"(28, 1042.6500192873373)",56.24093314842782,40.7272921024734,0.46256718483905235,48.231871714355414,434.0638124797718
"(29, 1042.6500192873373)",56.22637200055208,40.82179656769792,0.46364052846005366,48.878832829212094,434.5359731120541
"(30, 1042.6500192873373)",56.21057804235172,40.92024680730577,0.4647587032504431,49.54527057826732,435.035400329765
"(31, 1042.6500192873373)",56.193422212269354,41.02286240290384,0.4659241808775679,50.23100307724044,435.56485310119257
"(32, 1042.6500192873373)",56.17517750944646,41.12895214846412,0.4671291078212797,50.93586191365504,436.1163113658789
"(33, 1042.6500192873373)",56.15551696555335,41.23918702281093,0.4683811271878055,51.65969145690577,436.6978998392844
"(34, 1042.6500192873373)",56.13451306037958,41.35332864977393,0.4696775030871821,52.40234947647481,437.30690817620405
"(35, 1042.6500192873373)",56.11213691579819,41.47136561480473,0.47101813986345514,53.16370661401609,437.9433659993011
"(36, 1042.6500192873373)",56.08836152625247,41.59328591833236,0.47240287811923115,53.943646980042345,438.6072230023676
"(37, 1042.6500192873373)",56.06315894780824,41.71907790664764,0.47383157446779095,54.74206669295531,439.2984335648363
"(38, 1042.6500192873373)",56.03650095865239,41.84872998772176,0.4753041121534494,55.55887811439172,440.016963589753
"(39, 1042.6500192873373)",56.00835858161459,41.98223095440314,0.476820362833893,56.3939951971486,440.7627653082051
"(40, 1042.6500192873373)",55.97870455002331,42.11956944319067,0.4783802129502122,57.24737263130095,441.5357656279183
"(41, 1042.6500192873373)",55.94750885888071,42.26073509653176,0.4799835525618881,58.118938790249096,442.33592154600825
"(42, 1042.6500192873373)",55.91474733832814,42.40571648244464,0.4816301838663637,59.008657321119756,443.1630631765081
"(43, 1042.6500192873373)",55.88038972924196,42.554503688172545,0.4833200629545092,59.91650186201494,444.0171710994611
"(44, 1042.6500192873373)",55.844411743956385,42.70708597725,0.4850530386709532,60.84244999479971,444.89811013085114
"(45, 1042.6500192873373)",55.80678618647533,42.863453261325276,0.48682900140957197,61.78649641419542,445.80577129512994
"(46, 1042.6500192873373)",55.76748854606329,43.02359505816275,0.48864785485021694,62.74864158159784,446.74005370269685
"(47, 1042.6500192873373)",55.72649631654999,43.18750064835769,0.49050941425163974,63.72889778272998,447.70075244736273
"(48, 1042.6500192873373)",55.68378520398365,43.35516149341238,0.4924136656442328,64.7272865767597,448.6878314045481
"(49, 1042.6500192873373)",55.639337077601425,43.52656062464612,0.4943603589951532,65.7438361631764,449.7010016780151
"(50, 1042.6500192873373)",55.59312907896272,43.701692781811985,0.4963494659790003,66.7785910294048,450.7401892468595
"(51, 1042.6500192873373)",55.545144457086685,43.88054410873254,0.4983807862049096,67.8315927312324,451.80514361775494
"(52, 1042.6500192873373)",55.49536581964605,44.063102586190844,0.5004542292565993,68.90289843040678,452.895713356416
"(53, 1042.6500192873373)",55.44378043236484,44.24935524777139,0.5025695861606518,69.99256927628268,454.01161942735
"(54, 1042.6500192873373)",55.390369655441404,44.439289383392776,0.5047268438082207,71.1006746092231,455.1527788222552
"(55, 1042.6500192873373)",55.335127569617136,44.632890525249614,0.5069256792832052,72.22729026343217,456.31877901844825
"(56, 1042.6500192873373)",55.27804121153716,44.830144345126484,0.5091660391357974,73.37249736117676,457.5094831642195
"(57, 1042.6500192873373)",55.219104357691236,45.03103532081613,0.5114476904879331,74.53638412187588,458.72456022983175
"(58, 1042.6500192873373)",55.15831001107889,45.23554752584816,0.5137704686868405,75.71904290448676,459.9637461811119
"(59, 1042.6500192873373)",55.095653986017695,45.44366406748663,0.5161341995637858,76.92057164995619,461.22676148007946
"(60, 1042.6500192873373)",55.03113511053777,45.655367190199144,0.5185386449693671,78.14107398003996,462.5132541985004
"(61, 1042.6500192873373)",54.96475139293656,45.870638491194754,0.5209836242190596,79.38065557070372,463.8229302696857
"(62, 1042.6500192873373)",54.89650553670476,46.08945851647278,0.523468919876955,80.63942957861083,465.15544982741784
"(63, 1042.6500192873373)",54.82640075195001,46.31180700190212,0.5259942753355694,81.91750723251047,466.51043409114993
"(64, 1042.6500192873373)",54.75444256810202,46.537662839381305,0.5285594645190783,83.21501174830499,467.8875241270167
"(65, 1042.6500192873373)",54.68063737883818,46.76700406380489,0.5311642637145382,84.53206252330757,469.28636728339995
"(66, 1042.6500192873373)",54.6050662835731,46.99966207976725,0.533806706092466,85.86878264573711,470.7047897572825
"(67, 1042.6500192873373)",54.527526354167414,47.23604998155116,0.5364915213395571,87.22529991048802,472.1475951616942
"(68, 1042.6500192873373)",54.44824367681818,47.475706012810996,0.5392134555654796,88.60174345234078,473.60917639299834
"(69, 1042.6500192873373)",54.36716117489115,47.71875060742265,0.5419738796639287,89.99824534356402,475.0908307412643
"(70, 1042.6500192873373)",54.284295349211625,47.965156978020204,0.5447724703999345,91.41493729197386,476.5920894777281
"(71, 1042.6500192873373)",54.19966341485026,48.21489781664663,0.5476089429232099,92.85195561857414,478.1125192822291
"(72, 1042.6500192873373)",54.11328700386168,48.46794502631212,0.5504829233139574,94.30943541773367,479.65159519291376
"(73, 1042.6500192873373)",54.025180809125736,48.72426932185624,0.5533942354409446,95.78751367923726,481.20899657676483
"(74, 1042.6500192873373)",53.93537431319283,48.98384113736053,0.5563423461635653,97.28632780979419,482.7840301480096
"(75, 1042.6500192873373)",53.843887162607494,49.246629460811775,0.5593270356803798,98.80602053070771,484.37632400936945
"(76, 1042.6500192873373)",53.750746648927326,49.51260298916285,0.5623478759703481,100.34672611574887,485.9852976109277
"(77, 1042.6500192873373)",53.655979300072936,49.78172948771985,0.5654044971033327,101.90858788353673,487.61042192640036
"(78, 1042.6500192873373)",53.55961155518103,50.05397573016419,0.5684965885846154,103.49174188160151,489.2512371709332
"(79, 1042.6500192873373)",53.46167295914471,50.329308158086285,0.5716237371386974,105.09633033616,490.9071702166027
"(80, 1042.6500192873373)",53.362194574887155,50.60769234027782,0.5747855279785707,106.72249711786289,492.57764471507636
"(81, 1042.6500192873373)",53.26120738270141,50.889093226103064,0.5779815913043719,108.37037407775614,494.262143243473
"(82, 1042.6500192873373)",53.158743494520024,51.173475024105166,0.5812115047671662,110.04009822145343,495.96008843405474
"(83, 1042.6500192873373)",53.054836761464216,51.46080145307,0.5844748560455885,111.73182258025653,497.6708973486399
"(84, 1042.6500192873373)",52.949520388427345,51.751035595487586,0.587771241689172,113.4456687825189,499.3940277012385
"(85, 1042.6500192873373)",52.842829926339455,52.044140106477954,0.5911002253290041,115.18178026432064,501.12888107571484
"(86, 1042.6500192873373)",52.73480131283728,52.340077134154775,0.5944613700105321,116.9402922540292,502.874866653029
"(87, 1042.6500192873373)",52.6254713897498,52.63880817589303,0.5978542519434517,118.72133777768208,504.63140954217437
"(88, 1042.6500192873373)",52.51487373192335,52.940294395660345,0.60127848053327,120.52505093273501,506.39796839233986
"(89, 1042.6500192873373)",52.403052057512035,53.24449704247542,0.6047334841219053,122.35156385445724,508.1738150289461
"(90, 1042.6500192873373)",52.29003890035512,53.551376137560496,0.6082189368925124,124.20100846672545,509.95847781517625
"(91, 1042.6500192873373)",52.17587594137317,53.86089218450432,0.6117342950094825,126.07351217215532,511.7512623182072
"(92, 1042.6500192873373)",52.06060032573892,54.17300499949793,0.6152791549842359,127.96920324876375,513.5516195626464
"(93, 1042.6500192873373)",51.94425041525548,54.48767423469115,0.6188530945847501,129.88820777102964,515.3589832337883
"(94, 1042.6500192873373)",51.82686624690563,54.804859455151444,0.62245559543302,131.83065144249971,517.1726871412496
"(95, 1042.6500192873373)",51.708488356667864,55.124520415926696,0.6260861711904042,133.79665426922676,518.9921041979834
"(96, 1042.6500192873373)",51.58915393677404,55.44661591073041,0.6297444432843932,135.7863426990783,520.8167132374878
"(97, 1042.6500192873373)",51.468902874156,55.77110537752713,0.6334298905906883,137.79983113747065,522.6458565040865
"(98, 1042.6500192873373)",51.34777489648082,56.09794819626909,0.6371420536079458,139.83723861561063,524.4789358674878
"(99, 1042.6500192873373)",51.22580871162742,56.42710347900478,0.6408804824064592,141.89867741268927,526.3153699292835
"(100, 1042.6500192873373)",51.103042981014156,56.75853055056965,0.644644735704703,143.98427288784177,528.1545732281472
"(101, 1042.6500192873373)",50.97951580973582,57.09218877137068,0.6484343257247634,146.09412481061204,529.9959374128841
"(102, 1042.6500192873373)",50.855267205798484,57.42803790538182,0.6522487595316836,148.22835143363721,531.8388302722145
"(103, 1042.6500192873373)",50.730333400560454,57.76603751823877,0.6560876545205999,150.38705693750387,533.6827487025835
"(104, 1042.6500192873373)",50.60475185627841,58.106147570805916,0.6599505219584123,152.57034804348922,535.5270764051377
"(105, 1042.6500192873373)",50.47856020508036,58.44832832635469,0.663836881623612,154.77833122169164,537.3712062068132
"(106, 1042.6500192873373)",50.351794342282204,58.792540213477245,0.6677463379916072,157.01110966663472,539.2146225193634
"(107, 1042.6500192873373)",50.22449059520826,59.13874407809233,0.6716784081604789,159.2687839424428,541.0567212809684
"(108, 1042.6500192873373)",50.09668395648737,59.48690109310886,0.6756326604032191,161.55145396856003,542.8969524320114
"(109, 1042.6500192873373)",49.9684090085408,59.83697271782778,0.6796086594140544,163.85921769385243,544.7347641520528
"(110, 1042.6500192873373)",49.83969956658829,60.18892094202744,0.6836059715946927,166.19217143123208,546.5696080369132
"(111, 1042.6500192873373)",49.71058872138698,60.54270813720015,0.6876241695691689,168.5504099074887,548.4009437562445
"(112, 1042.6500192873373)",49.581108794794865,60.89829709930986,0.6916628320656993,170.93402631844265,550.228238875193
"(113, 1042.6500192873373)",49.45129126903577,61.25565114797849,0.6957215424461334,173.34311238930457,552.0509672607724
"(114, 1042.6500192873373)",49.32116675405515,61.614734146873246,0.6997998890524089,175.77775844016568,553.868609377605
"(115, 1042.6500192873373)",49.190764998272,61.97551043727299,0.7038974675069715,178.2380534565319,555.6806546159198
"(116, 1042.6500192873373)",49.06011481630291,62.33794494649047,0.708013878886178,180.72408516481255,557.4865993115634
"(117, 1042.6500192873373)",48.92924410284429,62.70200312074061,0.7121487319098779,183.23594011269432,559.2859489485927
"(118, 1042.6500192873373)",48.798179756167265,63.067651044479184,0.7163016407834837,185.77370375432045,561.0782158241302
"(119, 1042.6500192873373)",48.66694768711094,63.43485538714978,0.7204722269595611,188.33746054021776,562.8629207951594
"(120, 1042.6500192873373)",48.53557279366959,63.803583422672745,0.7246601191598521,190.92729401189308,564.6395932068907
"(1, 1045.0844683734115)",56.174789056683444,39.94265201607219,0.45365552845855905,40.06606875606883,434.04227802770345
"(2, 1045.0844683734115)",56.17510035402936,39.94614335050244,0.45369515989674614,40.103103122228525,434.04666186205236
"(3, 1045.0844683734115)",56.17524912934821,39.95286783928528,0.45377154821219584,40.1648062714946,434.06479095482797
"(4, 1045.0844683734115)",56.17563202700027,39.96183240939734,0.4538733511815271,40.25114730461662,434.08484262378835
"(5, 1045.0844683734115)",56.176095997547755,39.97339453612257,0.4540046775134505,40.362081873014745,434.1111551651718
"(6, 1045.0844683734115)",56.17661962698975,39.987582712938924,0.454165808372969,40.49755237483921,434.1440800220058
"(7, 1045.0844683734115)",56.177174676250665,40.00443345487701,0.45435720378615696,40.65748678305652,434.1841699874291
"(8, 1045.0844683734115)",56.177727665573144,40.02399293631944,0.4545793454786453,40.84179761679067,434.23201598629277
"(9, 1045.0844683734115)",56.179061968387046,40.04427411986727,0.45480969736523974,41.05038091635891,434.2641698656649
"(10, 1045.0844683734115)",56.17864031769425,40.07148401732727,0.45511873044147655,41.28310959559148,434.35440685462095
"(11, 1045.0844683734115)",56.17888660187253,40.099568592766936,0.4554377118701985,41.53984208092169,434.4310369061477
"(12, 1045.0844683734115)",56.17890445916525,40.13066549868193,0.4557909031668035,41.82041330821134,434.5195804173045
"(13, 1045.0844683734115)",56.17861827998856,40.164874474868434,0.4561794354654526,42.124636059531575,434.62140673676396
"(14, 1045.0844683734115)",56.17794989662254,40.20229782347343,0.4566044744660672,42.45230580944869,434.7379386448421
"(15, 1045.0844683734115)",56.176819035954544,40.243037786311724,0.45706720048491256,42.80320082647328,434.87063140322505
"(16, 1045.0844683734115)",56.17514888727969,40.28719174671418,0.4575686837551716,43.17708423680002,435.0208403697951
"(17, 1045.0844683734115)",56.17286262572263,40.33485172728861,0.458109987839236,43.57370831245795,435.18992478506004
"(18, 1045.0844683734115)",56.169888833504835,40.38610092123074,0.4586920412664876,43.992816688388615,435.3791114057135
"(19, 1045.0844683734115)",56.16615952506561,40.441013284503356,0.45931572477425064,44.43414708280208,435.5895829584438
"(20, 1045.0844683734115)",56.16259513054441,40.49729744409247,0.459954987941579,44.89743608717949,435.7943779614445
"(21, 1045.0844683734115)",56.15619428106979,40.562071892779514,0.4606906774779394,45.382414147304765,436.07825760931433
"(22, 1045.0844683734115)",56.14987407119353,40.628260439988004,0.461442421915547,45.88882260132125,436.3574855912276
"(23, 1045.0844683734115)",56.14253599558305,40.698418119737774,0.4622392559322064,46.416400009917304,436.6626670373139
"(24, 1045.0844683734115)",56.13420745123506,40.77240628517997,0.4630795740718293,46.96489301116379,436.99237747227977
"(25, 1045.0844683734115)",56.12482551116063,40.85029934817919,0.46396427409929586,47.534054142098775,437.34780259921956
"(26, 1045.0844683734115)",56.11435451544396,40.932110296193585,0.46489345265561643,48.12364837249986,437.7292784463748
"(27, 1045.0844683734115)",56.11482591437225,40.98964417933328,0.46554689915585123,48.733629121418495,437.8022044857645
"(28, 1045.0844683734115)",56.090011298062834,41.10751157093856,0.46688560717588873,49.36322690649063,438.57166966012045
"(29, 1045.0844683734115)",56.07607581361783,41.20110481380464,0.4679485983980672,50.012788448084116,439.0330237348429
"(30, 1045.0844683734115)",56.06092445338281,41.298623481166594,0.469056166158304,50.681935316610435,439.5213787302112
"(31, 1045.0844683734115)",56.044526869382224,41.400061963819695,0.4702082953417468,51.37048562616095,440.0369007358365
"(32, 1045.0844683734115)",56.0268546454184,41.50541343935342,0.47140483322901366,52.07827062905997,440.57959889474046
"(33, 1045.0844683734115)",56.00787671422199,41.61467015857453,0.47264575148689897,52.805134363703644,441.1495995579337
"(34, 1045.0844683734115)",55.98756552719785,41.72782309654974,0.473930893237295,53.55093331414755,441.7468822904869
"(35, 1045.0844683734115)",55.96589117666647,41.84486316696935,0.4752601847199759,54.31554192895323,442.3714955581721
"(36, 1045.0844683734115)",55.942822430867594,41.96578112516379,0.4766335453431075,55.09883925671592,443.0234760871199
"(37, 1045.0844683734115)",55.91833154650935,42.09056720688568,0.47805081535380123,55.900723817773574,443.7027584017297
"(38, 1045.0844683734115)",55.89238785051845,42.21921209908887,0.47951189498625885,56.72110546075145,444.40932838969
"(39, 1045.0844683734115)",55.86496080113849,42.351706540305585,0.48101669939251984,57.55990573822171,445.143175825143
"(40, 1045.0844683734115)",55.836018647536854,42.48804155783104,0.4825652103864164,58.417060496341875,445.9043458558496
"(41, 1045.0844683734115)",55.805536746967576,42.628207425984364,0.4841571561560472,59.292516138159186,446.6926080123662
"(42, 1045.0844683734115)",55.7734822824477,42.77219564006762,0.4857925737645028,60.18623042745569,447.508043264971
"(43, 1045.0844683734115)",55.73983106661067,42.919996540027434,0.4874712191127719,61.098174276116275,448.35042559769374
"(44, 1045.0844683734115)",55.70540815567199,43.069731771818496,0.48917185046137157,62.02832913973246,449.197574142928
"(45, 1045.0844683734115)",55.667620907495,43.2270016173083,0.4909580669449593,62.976684275055355,450.1159661117552
"(46, 1045.0844683734115)",55.62901068824372,43.38618729032846,0.49276603418402043,63.943243615163,451.0388852525183
"(47, 1045.0844683734115)",55.58869640971623,43.5491492502936,0.49461690537653197,64.92801899603555,451.9884266078993
"(48, 1045.0844683734115)",55.54665625449058,43.71587755451997,0.4965105507944358,65.93103052086988,452.9644344979227
"(49, 1045.0844683734115)",55.50286737375482,43.88636216675093,0.4984468738368436,66.95230834147615,453.96677781469043
"(50, 1045.0844683734115)",55.457310698755755,44.06059237248688,0.5004257153955299,67.99189112701454,454.995251607507
"(51, 1045.0844683734115)",55.409966600569796,44.238557248276045,0.5024469854443192,69.04982627668062,456.0497143922189
"(52, 1045.0844683734115)",55.36081889452253,44.420245006882865,0.5045105191906837,70.12616731249672,457.12994042469273
"(53, 1045.0844683734115)",55.30985104571115,44.6056434800324,0.5066162276074856,71.22097500263638,458.2357758958759
"(54, 1045.0844683734115)",55.257050063644336,44.79473976500177,0.5087639291493413,72.33432153582267,459.3669588867847
"(55, 1045.0844683734115)",55.20240439303132,44.987520161767875,0.5109534620581935,73.46627854317177,460.5232487154695
"(56, 1045.0844683734115)",55.14590425738464,45.183970320169024,0.5131846891693949,74.61692873014174,461.70441932782967
"(57, 1045.0844683734115)",55.08754116504688,45.384075184562334,0.5154574114729046,75.78635897575555,462.91017586253975
"(58, 1045.0844683734115)",55.0273099652516,45.58781860040417,0.5177714580346068,76.97466182559607,464.14024713342707
"(59, 1045.0844683734115)",54.965205744137435,45.795183854567796,0.5201266408116366,78.18193454043912,465.39433935903844
"(60, 1045.0844683734115)",54.90122654234827,46.006153220612276,0.5225227636612516,79.40828007268439,466.6721446012405
"(61, 1045.0844683734115)",54.835343874676255,46.220767089898935,0.5249602718890101,80.65380315252953,467.97402351175805
"(62, 1045.0844683734115)",54.76764444581723,46.438829003150055,0.5274369396726052,81.91861840438331,469.2975352938604
"(63, 1045.0844683734115)",54.71810253699222,46.6188140636171,0.5294811595504181,83.20318937416363,470.1493467683225
"(64, 1045.0844683734115)",54.6265843459152,46.885686631412234,0.5325122150344404,84.50657561214196,472.01366953947394
"(65, 1045.0844683734115)",54.5532653996003,47.11437986522608,0.535109629389816,85.82995742910235,473.40480512324683
"(66, 1045.0844683734115)",54.478097805490144,47.34655195842009,0.5377466014835612,87.17310615683981,474.81751497421664
"(67, 1045.0844683734115)",54.40109570267702,47.582178945628854,0.540422732297484,88.53614508146981,476.2512587985527
"(68, 1045.0844683734115)",54.322269165260884,47.821235897242694,0.5431378676253923,89.91920831469776,477.70574132605367
"(69, 1045.0844683734115)",54.241633337935,48.063696804273334,0.5458916610622029,91.32242188900669,479.1804745016641
"(70, 1045.0844683734115)",54.159203897138454,48.30953483569178,0.5486838463247282,92.74591948501956,480.67504635633765
"(71, 1045.0844683734115)",54.07500206072647,48.558722417475884,0.5515140128066708,94.1898352691261,482.1888936054202
"(72, 1045.0844683734115)",53.98904470956052,48.811230859675135,0.5543819051255703,95.65430327601753,483.7216153179782
"(73, 1045.0844683734115)",53.90135328357519,49.067030808362134,0.5572872128059825,97.13946251545359,485.2727480111868
"(74, 1045.0844683734115)",53.81195130271835,49.32609184835305,0.5602295303749503,98.6454480207128,486.8417328982781
"(75, 1045.0844683734115)",53.720862594844526,49.5883828955362,0.5632085597879115,100.1723989211434,488.42811936816094
"(76, 1045.0844683734115)",53.62811315582633,49.853872157092866,0.5662238871107867,101.72045183430104,490.03133820720217
"(77, 1045.0844683734115)",53.53372740217387,50.122526775544465,0.569275244509273,103.28974800581923,491.6509682602982
"(78, 1045.0844683734115)",53.437740185992,50.39431355458798,0.5723620380383858,104.88042491501558,493.2862513254531
"(79, 1045.0844683734115)",53.34017399482744,50.66919817519398,0.5754840871320145,106.4926200349518,494.93686122276756
"(80, 1045.0844683734115)",53.24106227975913,50.947145770407204,0.5786409184234474,108.12647639245341,496.6021602172178
"(81, 1045.0844683734115)",53.14043457120394,51.228124250336975,0.5818321900972607,109.7821276201241,498.2816574502093
"(82, 1045.0844683734115)",53.038329024004526,51.51208720901925,0.5850573496170192,111.45971250396374,499.9746366884959
"(83, 1045.0844683734115)",52.93477385526251,51.79900821579592,0.5883161086300464,113.15936876752218,501.68065885562396
"(84, 1045.0844683734115)",52.82980593908079,52.08884651122236,0.5916079939469414,114.88123908306028,503.3990867564394
"(85, 1045.0844683734115)",52.72345991408611,52.38156427289409,0.5949325687197956,116.62544892864022,505.1293383699154
"(86, 1045.0844683734115)",52.615771566751974,52.67712319241951,0.598289442638597,118.3921376449547,506.8708664484281
"(87, 1045.0844683734115)",52.50677858510856,52.975484538171074,0.6016781228536997,120.18143844369266,508.62302271077823
"(88, 1045.0844683734115)",52.39651904865358,53.27660498076969,0.6050981605597572,121.99348208710342,510.3852073552196
"(89, 1045.0844683734115)",52.285026004965474,53.580456968116145,0.6085492017825455,123.82840210563566,512.1569169183397
"(90, 1045.0844683734115)",52.17234312268517,53.886988814879246,0.6120307008130644,125.68632654380565,513.9374530436222
"(91, 1045.0844683734115)",52.058506798689145,54.19616416852442,0.6155422110292698,127.56737652645701,515.7262278484616
"(92, 1045.0844683734115)",51.94355717645749,54.50794264874472,0.6190832609862632,129.4716985984908,517.5226020882161
"(93, 1045.0844683734115)",51.827530930183755,54.822283450189026,0.62265345929881,131.39939899959234,519.3260604925702
"(94, 1045.0844683734115)",51.710470026112674,55.13914593179706,0.6262522772027118,133.35060911425714,521.1359190737772
"(95, 1045.0844683734115)",51.59241299927675,55.45848918295007,0.6298792757714214,135.32544768738575,522.9516003716196
"(96, 1045.0844683734115)",51.47339853995793,55.780271984793856,0.633534010891709,137.32403476106106,524.7725202081758
"(97, 1045.0844683734115)",51.3534678347647,56.10445350644112,0.6372159319729921,139.3464919805215,526.597981524541
"(98, 1045.0844683734115)",51.232655915505504,56.430992143849316,0.6409247481554745,141.39292697307403,528.4275727203527
"(99, 1045.0844683734115)",51.11101118163232,56.759847799398734,0.6446596767793183,143.46347231424596,530.2603432744432
"(100, 1045.0844683734115)",50.98856353719834,57.09097863797026,0.6484205628027315,145.5582239611365,532.0960351979445
"(101, 1045.0844683734115)",50.86535501031095,57.4243440903705,0.6522068126199777,147.6772952559803,533.9339147804862
"(102, 1045.0844683734115)",50.74142364150412,57.75990344071001,0.6560179913803768,149.82080556378415,535.7734082013701
"(103, 1045.0844683734115)",50.616808085351835,58.097616295175584,0.6598536077493636,151.988851095978,537.6139057630434
"(104, 1045.0844683734115)",50.4915451474658,58.4374421874917,0.6637132630893506,154.18154389247616,539.4548788156401
"(105, 1045.0844683734115)",50.36567292319715,58.77934125202471,0.6675964056421229,156.3989842507521,541.2956504277462
"(106, 1045.0844683734115)",50.239226052527584,59.12327348328433,0.6715026976446521,158.64127610747965,543.1357636717933
"(107, 1045.0844683734115)",50.11224207514463,59.46919973718724,0.6754316149053287,160.90851896240733,544.9745712235228
"(108, 1045.0844683734115)",49.98475575699677,59.81708092737261,0.6793827343786816,163.20081159571703,546.811532184502
"(109, 1045.0844683734115)",49.85680173002476,60.166878342483244,0.6833556183793326,165.51825088999857,548.6460922539501
"(110, 1045.0844683734115)",49.72841387182519,60.518553765320775,0.6873498321769251,167.8609321033118,550.4777018438637
"(111, 1045.0844683734115)",49.59962531042189,60.87206940638684,0.6913649465544488,170.22894891978206,552.3058187020861
"(112, 1045.0844683734115)",49.470468379459234,61.227387946699466,0.6954005376986259,172.62239350547134,554.1299077418815
"(113, 1045.0844683734115)",49.34097458109045,61.58447256663495,0.6994561873749636,175.04135656941995,555.9494411638373
"(114, 1045.0844683734115)",49.21117456424362,61.94328694557537,0.7035314837299276,177.48592742977758,557.7638992280712
"(115, 1045.0844683734115)",49.08109805582166,62.303795360461365,0.7076260197418678,179.95619408492658,559.5727685641965
"(116, 1045.0844683734115)",48.95077387724152,62.66596261097888,0.7117393956533443,182.45224328953134,561.3755446372572
"(117, 1045.0844683734115)",48.82022991525984,63.02975404175781,0.7158712190777167,184.97416063541618,563.1717317782453
"(118, 1045.0844683734115)",48.68949305539763,63.39513564460512,0.720021103178495,187.52203063722058,564.9608411957141
"(119, 1045.0844683734115)",48.558589186349195,63.76207400839623,0.724188668446853,190.09593682274408,566.7423927430841
"(120, 1045.0844683734115)",48.42754317506529,64.1305363443779,0.7283735424907075,192.69596182793066,568.5159146032288
"(1, 1047.5375637546422)",56.01720597627493,40.33610591754119,0.4581242303002161,41.184413319093174,438.71792678656584
"(2, 1047.5375637546422)",56.0173976157421,40.339902737496914,0.4581673549586922,41.22155386286885,438.72596094246796
"(3, 1047.5375637546422)",56.01770948965619,40.346240286937,0.4582393206238885,41.28343439548585,438.73946714744466
"(4, 1047.5375637546422)",56.01813075720205,40.355132973396515,0.458340316800469,41.37002410967362,438.7586747220206
"(5, 1047.5375637546422)",56.01864404958264,40.36660198281441,0.4584705956414235,41.48127953139333,438.78389127996314
"(6, 1047.5375637546422)",56.01923090196985,40.380674131693674,0.45863041040571734,41.61714369838914,438.81543908180765
"(7, 1047.5375637546422)",56.01986209842652,40.39738586222466,0.45882021819767366,41.777545698186735,438.85386787397766
"(8, 1047.5375637546422)",56.020504675233745,40.416781715135144,0.4590405030076349,41.96239912007992,438.8997710652434
"(9, 1047.5375637546422)",56.02111622871328,40.438918185741315,0.45929192595688645,42.17160077835958,438.95394439069474
"(10, 1047.5375637546422)",56.02164635604945,40.463863548418495,0.4595752528707709,42.405028540884786,439.0173122132861
"(11, 1047.5375637546422)",56.022035024136514,40.4916981698568,0.4598914094986409,42.66254041498699,439.09098628290775
"(12, 1047.5375637546422)",56.02221588361342,40.522511992197316,0.4602413928113297,42.943973670397845,439.1761736942258
"(13, 1047.5375637546422)",56.02211724261059,40.556401754186055,0.4606262721776593,43.24914513373398,439.2741778246339
"(14, 1047.5375637546422)",56.02165989196047,40.59346860025219,0.46104726982009236,43.577852605159066,439.38648119790963
"(15, 1047.5375637546422)",56.02076965824257,40.63381169556597,0.4615054283315326,43.92987607332639,439.51439598062984
"(16, 1047.5375637546422)",56.01936250170956,40.677529857654015,0.46200200473399394,44.30498450889644,439.6594699799122
"(17, 1047.5375637546422)",56.01737010416967,40.724712148405494,0.46253790631402236,44.702929853877826,439.8229016704861
"(18, 1047.5375637546422)",56.01471955673008,40.77544196784511,0.46311406244466097,45.123458636730795,440.00591807706456
"(19, 1047.5375637546422)",56.01134332983881,40.8297935745331,0.46373135905677954,45.56631123054877,440.2097068724193
"(20, 1047.5375637546422)",56.00717999651904,40.88783110803193,0.46439053428697236,46.031224254821566,440.43530466287007
"(21, 1047.5375637546422)",56.002173462780576,40.94960901384419,0.4650921845069829,46.51793404005089,440.6835998397185
"(22, 1047.5375637546422)",55.996270280586735,41.01517285721502,0.4658368532911883,47.02617839394602,440.955424009834
"(23, 1047.5375637546422)",55.98942405760552,41.08455878532293,0.4666249157358375,47.55569892983271,441.25142848730167
"(24, 1047.5375637546422)",55.98159067871564,41.15779531766823,0.467456705861322,48.106242727115195,441.5722160916244
"(25, 1047.5375637546422)",55.97272955801633,41.23490385746649,0.4683324789272856,48.67756377391287,441.91830022874814
"(26, 1047.5375637546422)",55.96280369781822,41.315899513871926,0.46925239482443276,49.26942542511013,442.29008503530764
"(27, 1047.5375637546422)",55.95177657041652,41.40079251478874,0.4702165971916072,49.88159873413035,442.6879499249638
"(28, 1047.5375637546422)",55.939615870483756,41.489588336231016,0.4712250959591139,50.51386692808039,443.11212207297723
"(29, 1047.5375637546422)",55.92628715400939,41.582289408168414,0.4722779679395513,51.16601910012013,443.5628928502705
"(30, 1047.5375637546422)",55.91175977557753,41.67889502186823,0.47337518121441335,51.83787456674638,444.0404095045124
"(31, 1047.5375637546422)",55.89600189478974,41.77940253640651,0.47451670008367963,52.52923805439745,444.5448299121525
"(32, 1047.5375637546422)",55.87898155137061,41.883807823198794,0.47570249243451806,53.23994382898643,445.07628616787974
"(33, 1047.5375637546422)",55.860667866573976,41.99210532412905,0.4769325000494961,53.96983977432716,445.6348694029328
"(34, 1047.5375637546422)",55.841028974068955,42.104288875182036,0.4782066716231392,54.71877913490705,446.2206726284124
"(35, 1047.5375637546422)",55.82003530781501,42.22035136913477,0.4795248592972368,55.48663294080992,446.83366992720516
"(36, 1047.5375637546422)",55.79765690479416,42.34027791875085,0.4808869518009401,56.27328588104388,447.4738600499089
"(37, 1047.5375637546422)",55.774082000893735,42.46356620501572,0.48228722124266493,57.07863357731785,448.1353471932195
"(38, 1047.5375637546422)",55.748600618612265,42.59174242411417,0.4837430177237507,57.90258538945854,448.836396880198
"(39, 1047.5375637546422)",55.721882137794644,42.7232158641557,0.48523623456701614,58.7450634330555,449.5581195707527
"(40, 1047.5375637546422)",55.693618887070855,42.858599161898496,0.48677393244467254,59.60600299698687,450.30797629537216
"(41, 1047.5375637546422)",55.66382972188083,42.997783895840875,0.4883546984005283,60.48534972557458,451.08454128504786
"(42, 1047.5375637546422)",55.63464314168142,43.13596525105079,0.48992410807111836,61.3830674032357,451.8308391902496
"(43, 1047.5375637546422)",55.59949769438692,43.28762962926174,0.49164665781445577,62.29911050635831,452.7192316487089
"(44, 1047.5375637546422)",55.56489857638007,43.438275254570534,0.49335764802250587,63.23347518775662,453.57719348145946
"(45, 1047.5375637546422)",55.528639756830195,43.592725713671506,0.49511183846415063,64.18614726815112,454.4621017826672
"(46, 1047.5375637546422)",55.490695070872185,43.75097285271012,0.4969091619007492,65.1571289315062,455.3738839333656
"(47, 1047.5375637546422)",55.451038811877225,43.913008140037846,0.4987495295485851,66.14643120570341,456.31243590139536
"(48, 1047.5375637546422)",55.409648644567746,44.07882272400175,0.5006327684661326,67.15407572560267,457.27755488915165
"(49, 1047.5375637546422)",55.366501074821294,44.24840716342284,0.5025588525295157,68.18009055464711,458.26918546745026
"(50, 1047.5375637546422)",55.32157520207806,44.421751820322484,0.5045276519509946,69.22451592234628,459.2871514492486
"(51, 1047.5375637546422)",55.274852450218575,44.59884604592636,0.5065390193711862,70.28739678673728,460.3312535120205
"(52, 1047.5375637546422)",55.226204834671606,44.77991515168254,0.5085955504707751,71.36878794506649,461.4041559315404
"(53, 1047.5375637546422)",55.17550142706551,44.965193146791236,0.5106998779297232,72.4687506595756,462.50855527671973
"(54, 1047.5375637546422)",55.123735828029574,45.152511764135554,0.5128273954135641,73.58735275325907,463.6186076649045
"(55, 1047.5375637546422)",55.069669035570904,45.344485990753384,0.515007767735693,74.72466967223416,464.76531265633025
"(56, 1047.5375637546422)",55.013736856396925,45.54014691403698,0.5172299934675668,75.88078225533995,465.93706500250454
"(57, 1047.5375637546422)",54.95592973865536,45.739479584289036,0.5194939669809907,77.05577700532096,467.1336675511806
"(58, 1047.5375637546422)",54.89624274454793,45.94246796447847,0.5217994489797463,78.24974582171158,468.35477773104657
"(59, 1047.5375637546422)",54.834672429382564,46.14909523095337,0.524146259175295,79.46278608905166,469.6001092985461
"(60, 1047.5375637546422)",54.77121635671586,46.35934378193397,0.5265341849247401,80.69499930604873,470.86933800354973
"(61, 1047.5375637546422)",54.70587375114572,46.57319496102961,0.528963032959574,81.94649156131443,472.16215530142426
"(62, 1047.5375637546422)",54.63864688520087,46.790629255291854,0.5314325930002544,83.21737289247953,473.47823087881926
"(63, 1047.5375637546422)",54.555740138439916,47.04047712522408,0.5342702699406003,84.5079284063116,475.1602485537999
"(64, 1047.5375637546422)",54.498558006000735,47.23616385141084,0.536492817841473,85.81776195006124,476.1786174234584
"(65, 1047.5375637546422)",54.42570895318018,47.464220232506854,0.5390830134961826,87.14750674611308,477.5621998731889
"(66, 1047.5375637546422)",54.35100162609396,47.695771839839225,0.5417129222477105,88.49711487024057,478.96751995553393
"(67, 1047.5375637546422)",54.27445028479543,47.93079414641933,0.5443821988745287,89.86671209753872,480.3940902628802
"(68, 1047.5375637546422)",54.19606477170695,48.1692623680688,0.5470906405198466,91.25642585649261,481.84157086663424
"(69, 1047.5375637546422)",54.11586100884239,48.41114976195583,0.5498379235854305,92.66638702667208,483.3094919059209
"(70, 1047.5375637546422)",54.033856300975636,48.65642933970001,0.5526237417690328,94.0967258349854,484.7974022907218
"(71, 1047.5375637546422)",53.95006874620048,48.90507303440893,0.5554477445398549,95.54757670247255,486.3048004058179
"(72, 1047.5375637546422)",53.864518377616335,49.15705187643315,0.5583096330888351,97.01907391223538,487.8312389543911
"(73, 1047.5375637546422)",53.777226568420275,49.41233608116953,0.561209067511339,98.5113519732877,489.37622736455495
"(74, 1047.5375637546422)",53.68821664877133,49.67089495828285,0.5641456957567964,100.02454787810932,490.9392598576328
"(75, 1047.5375637546422)",53.5975133441156,49.93269703200802,0.56711915322475,101.55879973481456,492.51981639283576
"(76, 1047.5375637546422)",53.505140465027026,50.197709797452,0.5701291480767692,103.11424346383032,494.11745533801815
"(77, 1047.5375637546422)",53.411130580135655,50.46590047590663,0.5731750990854662,104.69101749095842,495.7314294098564
"(78, 1047.5375637546422)",53.31551068398015,50.73723514425746,0.576256716512665,106.28926033399999,497.36129657892656
"(79, 1047.5375637546422)",53.21830199032543,51.0116786591902,0.57937388791776,107.90910952392437,499.00680152850106
"(80, 1047.5375637546422)",53.11954613276782,51.28919638999415,0.5825258336667379,109.5507022230741,500.6669904003224
"(81, 1047.5375637546422)",53.01927111792325,51.56975217585555,0.5857122886673312,111.21417678485638,502.34144714687545
"(82, 1047.5375637546422)",52.917510067295254,51.85330943135822,0.5889328331626161,112.89966890289551,504.02959636339045
"(83, 1047.5375637546422)",52.81429701630857,52.13983100526674,0.592187055178648,114.6073158620895,505.73086920678725
"(84, 1047.5375637546422)",52.70966652058713,52.4292791618881,0.5954745154655935,116.337251884628,507.4446713241758
"(85, 1047.5375637546422)",52.60365519772275,52.721615587784406,0.5987947744402691,118.0896109761614,509.17040823000855
"(86, 1047.5375637546422)",52.496271163962625,53.01685692910044,0.6021480252079932,119.86453061165707,510.908144734393
"(87, 1047.5375637546422)",52.38763322982228,53.31479807440569,0.6055319564741357,121.66213815232531,512.6553323081729
"(88, 1047.5375637546422)",52.27769946473264,53.6155654358118,0.6089479193368571,123.48256733255782,514.4132525430318
"(89, 1047.5375637546422)",52.16653033106614,53.919063390557845,0.6123949844847256,125.32594812413573,516.1808019785557
"(90, 1047.5375637546422)",52.051702979230626,54.23025255559483,0.6159293749228009,127.19241449794336,518.016742353607
"(91, 1047.5375637546422)",51.94065151363662,54.53409064123187,0.6193802830977866,129.08207432038165,519.7420384735343
"(92, 1047.5375637546422)",51.82601889284125,54.84553839489333,0.6229175919094981,130.99507204358238,521.5345046052017
"(93, 1047.5375637546422)",51.7103100338827,55.15955441364736,0.6264840824238369,132.93152678419563,523.3340826491329
"(94, 1047.5375637546422)",51.593564531993984,55.47609739470681,0.6300792672851936,134.89155916395006,525.1401414602916
"(95, 1047.5375637546422)",51.475821927697,55.79512607011245,0.6337027010906702,136.87529003481143,526.9520936104456
"(96, 1047.5375637546422)",51.35712160686494,56.11659904210959,0.637353886257239,138.8828402041982,528.7692970552633
"(97, 1047.5375637546422)",51.23750379398629,56.44047505612072,0.6410323499318069,140.91432381683504,530.5911423186432
"(98, 1047.5375637546422)",51.117007812243436,56.76671264064322,0.6447376449229796,142.96985810271207,532.4170437208116
"(99, 1047.5375637546422)",50.995672632116104,57.0952703477156,0.6484692907153015,145.04955642862305,534.2463845369847
"(100, 1047.5375637546422)",50.87353721316424,57.42610699763096,0.6522268402746333,147.15352947646326,536.0785858002142
"(101, 1047.5375637546422)",50.750641838108244,57.7591816021538,0.6560097816248343,149.2818879891074,537.9130004533864
"(102, 1047.5375637546422)",50.627023644544494,58.09445291312396,0.6598176737543795,151.43474040087128,539.7490580860467
"(103, 1047.5375637546422)",50.502721196669924,58.43188041646258,0.6636500761185266,153.6121908437329,541.5861930790513
"(104, 1047.5375637546422)",50.377771587686944,58.77142342677219,0.6675065094700449,155.81434699487053,543.4237957257452
"(105, 1047.5375637546422)",50.252213105223916,59.11304177399364,0.6713864868058519,158.04130849719724,545.2612562291931
"(106, 1047.5375637546422)",50.126081561783266,59.45669555564801,0.6752896004625119,160.29318068958673,547.0980422077587
"(107, 1047.5375637546422)",49.99941298087554,59.80234498568237,0.6792153690398862,162.5700577217029,548.9335552270497
"(108, 1047.5375637546422)",49.87224287394229,60.149950991725476,0.6831633638055691,164.8720389894522,550.76724677786
"(109, 1047.5375637546422)",49.744605827315446,60.49947471138268,0.687133138536254,167.1992203280482,552.5985535893004
"(110, 1047.5375637546422)",49.61653578924566,60.8508776973049,0.6911242580915848,169.55169592788565,554.4269256451078
"(111, 1047.5375637546422)",49.48806591997011,61.20412200387504,0.6951362914588228,171.92955841801097,556.2518188142012
"(112, 1047.5375637546422)",49.35922854733154,61.559170227482525,0.6991688117283302,174.3328989227169,558.0726947684063
"(113, 1047.5375637546422)",49.230055227961074,61.91598533253793,0.7032214010250782,176.76180712325873,559.889026086678
"(114, 1047.5375637546422)",49.10057657112825,62.27453097070407,0.7072936438028649,179.21637132462018,561.7002891637767
"(115, 1047.5375637546422)",48.97082235080855,62.63477120824263,0.7113851339590063,181.69667852723344,563.5059715914538
"(116, 1047.5375637546422)",48.84082137220634,62.99667075979512,0.7154954700547443,184.20281450357308,565.3055670750563
"(117, 1047.5375637546422)",48.71060149220255,63.360194908915375,0.7196242577927847,186.7348638795432,567.098577947453
"(118, 1047.5375637546422)",48.580189593559346,63.72530952590204,0.7237711101600285,189.2929102205889,568.8845152324401
"(119, 1047.5375637546422)",48.44961151490087,64.09198117337857,0.7279356455375157,191.87703612246926,570.6628965740628
"(120, 1047.5375637546422)",48.31889212044634,64.46017693876057,0.7321174919594212,194.48732330661332,572.4332506027177
"(1, 1050.0)",55.86096259632231,40.72967688827882,0.4625942510626724,42.31802180239728,443.40594181340873
"(2, 1050.0)",55.86116891515632,40.7334442439425,0.462637056748422,42.355268116345464,443.41364146949763
"(3, 1050.0)",55.861505991112345,40.73973249711914,0.46270849606782993,42.417325195857096,443.4265956753643
"(4, 1050.0)",55.86196424339518,40.74855519626655,0.4628086820715155,42.504162661127765,443.44495351396347
"(5, 1050.0)",55.8625267333143,40.75993303865018,0.46293790912520133,42.61573752522826,443.46906705623314
"(6, 1050.0)",55.86317276305362,40.773892921776216,0.4630964674423856,42.75199368902732,443.49929712547754
"(7, 1050.0)",55.86387734717093,40.790469129901886,0.4632847230702855,42.91286113025474,443.536098093545
"(8, 1050.0)",55.86460588881562,40.80970630502908,0.46350322506171776,43.09825483492837,443.58013147987526
"(9, 1050.0)",55.865319522642885,40.831657146733185,0.4637525456682385,43.30807297352491,443.6320999781255
"(10, 1050.0)",55.86596809129158,40.85638963831256,0.4640334389291205,43.54219538416342,443.69291549141315
"(11, 1050.0)",55.866493940738195,40.88398135175942,0.4643468241352891,43.800482351105785,443.76368299094776
"(12, 1050.0)",55.86683209633815,40.91451986434031,0.4646936717281079,44.08277349008996,443.84558182442333
"(13, 1050.0)",55.866911796196675,40.94810010522783,0.4650750584143417,44.388888362999914,443.93992297205887
"(14, 1050.0)",55.86665809505956,40.98482037553115,0.4654921142576935,44.71862773280464,444.0480922377735
"(15, 1050.0)",55.86599440094398,41.0247794599515,0.46594595323040433,45.07177503231017,444.1714758596144
"(16, 1050.0)",55.864845046267966,41.068072805127805,0.4664376607402307,45.44809922868992,444.31144454855234
"(17, 1050.0)",55.86313573492099,41.114790707959735,0.46696826843107087,45.847357338615176,444.46932451400926
"(18, 1050.0)",55.86079546380935,41.16501593854998,0.4675387186134873,46.26929814562588,444.6463563985357
"(19, 1050.0)",55.85775926273082,41.2188222114336,0.46814983766575907,46.71366310962565,444.84366643942144
"(20, 1050.0)",55.85396464130788,41.2762745599997,0.46880236187636043,47.180190788012624,445.0622891821658
"(21, 1050.0)",55.84935538489966,41.337428305786865,0.46949691334325827,47.66861978607313,445.30313922434806
"(22, 1050.0)",55.843877599797224,41.402330203903645,0.47023405297562787,48.178688468287675,445.5670671561216
"(23, 1050.0)",55.837483334171644,41.47101817223292,0.4710141932704816,48.71013980480434,445.85476312920133
"(24, 1050.0)",55.830128064940865,41.543522369743286,0.47183766007858335,49.26272165256638,446.16682142994614
"(25, 1050.0)",55.821770307094106,41.61986617418646,0.47270475125254446,49.83618877063837,446.5038000445333
"(26, 1050.0)",55.812370270814405,41.700067170621466,0.4736156581755061,50.430304068525096,446.8661370157563
"(27, 1050.0)",55.80189202800438,41.784137588057746,0.474570495311591,51.044840139551646,447.2541799376189
"(28, 1050.0)",55.79029894959452,41.87208548186855,0.47556938678076977,51.679579704520826,447.66827641528744
"(29, 1050.0)",55.777557902883785,41.96391566118188,0.476612359604792,52.334316838760074,448.1086607462715
"(30, 1050.0)",55.76361914963077,42.05963135805192,0.4776998723859739,53.00885707840885,448.5760089268637
"(31, 1050.0)",55.74849319940318,42.159229071417045,0.4788306726887408,53.70301881693514,449.0691875062427
"(32, 1050.0)",55.73210434952269,42.262710171151625,0.48000595399860574,54.41663295889989,449.58961873963614
"(33, 1050.0)",55.71443214264697,42.370070910960195,0.4812253411172002,55.14954335181607,450.13706482124417
"(34, 1050.0)",55.69544528941792,42.48130716148989,0.4824887130844407,55.90160654593119,450.71154219273154
"(35, 1050.0)",55.675108900749926,42.5964147299922,0.4837960806330775,56.6726936573371,451.31319100739427
"(36, 1050.0)",55.65412458169724,42.71371083864092,0.48512828294284505,57.462687536462326,451.92200955352496
"(37, 1050.0)",55.63025881743951,42.838223550397075,0.48654243820105975,58.27148330527443,452.59807680583833
"(38, 1050.0)",55.60848156869893,42.958547292775954,0.4879090532448781,59.09900083265203,453.20550507446995
"(39, 1050.0)",55.57961560793928,43.095456067368744,0.4894639993718745,59.94513451577146,453.9920648246968
"(40, 1050.0)",55.55203895241589,43.22984267659332,0.4909903434537435,60.809845657461906,454.73001496896876
"(41, 1050.0)",55.522917293927804,43.36806842459945,0.492560259675236,61.69307162518411,455.4952010338137
"(42, 1050.0)",55.49221883178898,43.5101275773074,0.4941737116944373,62.59477060859489,456.2876266705643
"(43, 1050.0)",55.45991322706977,43.6560139674301,0.4958306277273572,63.51491207646282,457.10724703726225
"(44, 1050.0)",55.42596941226808,43.80572159136768,0.49753098195869705,64.45347618609865,457.95405487053324
"(45, 1050.0)",55.39036093840415,43.95924346000109,0.499274644795946,65.41045511629335,458.8279219194499
"(46, 1050.0)",55.35306012009961,44.11657254234331,0.5010615168035306,66.38585033207389,459.7287423116332
"(47, 1050.0)",55.314039800321524,44.27770163519283,0.5028915740422274,67.37967133600166,460.6564814083371
"(48, 1050.0)",55.27327673670706,44.442622560782674,0.5047646881148238,68.39194005305134,461.6109824675136
"(49, 1050.0)",55.23074649328924,44.61132688562527,0.506680817348305,69.42268597441847,462.5921722413017
"(50, 1050.0)",55.18643095098561,44.78380521815201,0.50863973889383,70.47194707413797,463.5997787643835
"(51, 1050.0)",55.140307413455695,44.96004793005334,0.510641453746628,71.53976886121497,464.63375757274434
"(52, 1050.0)",55.09832706784107,45.12713904298199,0.5125392052029188,72.62624039339255,465.5399250696723
"(53, 1050.0)",55.04257184683501,45.323782918412036,0.5147726095775359,73.73131838415455,466.7799216722581
"(54, 1050.0)",54.990930048579564,45.51124903301498,0.5169018014026233,74.85517500229568,467.89171647045885
"(55, 1050.0)",54.93727628146787,45.70274463007561,0.5190767442940886,75.99784995104085,469.03273155775213
"(56, 1050.0)",54.88203342277812,45.897326399164115,0.5212867517276788,77.15942368261263,470.1916656314501
"(57, 1050.0)",54.824763242841286,46.09590359329178,0.5235421151995566,78.33998220540984,471.37923875412463
"(58, 1050.0)",54.76560196735588,46.29815328421062,0.5258391952959159,79.53961812482522,472.59153693588655
"(59, 1050.0)",54.704546307572755,46.50405865127329,0.5281778015458551,80.75842733016519,473.8282642929827
"(60, 1050.0)",54.641593556819736,46.71360209440287,0.5305577348798506,81.99651079247533,475.0891108313677
"(61, 1050.0)",54.57674284078409,46.92676478550361,0.5329788043295384,83.25397403609581,476.37377050991944
"(62, 1050.0)",54.51000091597956,47.14352719631787,0.5354406644696186,84.53092732470826,477.68177036839126
"(63, 1050.0)",54.44136549912346,47.363868654055985,0.5379432573901388,85.82748282089332,479.0129374387525
"(64, 1050.0)",54.370846260834284,47.587767436667036,0.5404862192330875,87.14375872447269,480.3667714702691
"(65, 1050.0)",54.2984500150043,47.81520080108547,0.5430693204619743,88.47987255814218,481.74291392693084
"(66, 1050.0)",54.2241866959169,48.04614528460835,0.5456923223691764,89.8359483065511,483.1409901810841
"(67, 1050.0)",54.14806790973725,48.280576238357675,0.5483549045066188,91.2121103978869,484.5605393340629
"(68, 1050.0)",54.0701072438287,48.518467935871875,0.5510568027813071,92.60848367230261,486.0011592480698
"(69, 1050.0)",53.99032047560022,48.759794015098294,0.5537976899091166,94.02520355369816,487.4623708508742
"(70, 1050.0)",53.908722821664625,49.004526885242356,0.5565773089724788,95.46239446784125,488.9437799532615
"(71, 1050.0)",53.82533539551535,49.25263819845429,0.5593952738797776,96.92019209116687,490.4448454825996
"(72, 1050.0)",53.74017734206947,49.504098632784135,0.5622512802098086,98.39872848198057,491.96511573831856
"(73, 1050.0)",53.65326988868823,49.75887790166591,0.5651449749883874,99.89813965156239,493.5040840862445
"(74, 1050.0)",53.56463785298362,50.01694507130516,0.5680760114534736,101.41856018116131,495.061251844986
"(75, 1050.0)",53.47430569216514,50.27826808056205,0.5710440391952368,102.96012674354249,496.63611441145616
"(76, 1050.0)",53.382299257172,50.542814340869946,0.574048661607646,104.52297580995183,498.2281188780765
"(77, 1050.0)",53.28864707833213,50.81055017494523,0.5770895206359751,106.10724437650018,499.8367522912735
"(78, 1050.0)",53.193377146465494,51.081441526357175,0.5801662130063685,107.71306921610262,501.46145444058436
"(79, 1050.0)",53.09651988074522,51.35545316222849,0.5832783478113545,109.34058796686868,503.1016772350535
"(80, 1050.0)",52.998106748101506,51.632549479394044,0.586425517592377,110.98993623536943,504.75685723662644
"(81, 1050.0)",52.89817046980622,51.91269399047368,0.5896072931295844,112.66125080088655,506.42640698517704
"(82, 1050.0)",52.79674004276999,52.19584960793782,0.5928234187839924,114.35466852392338,508.10992119926857
"(83, 1050.0)",52.69386132292382,52.481979542741264,0.5960730601371429,116.07032196406607,509.80639117993405
"(84, 1050.0)",52.589553920523215,52.77104441767474,0.5993562938913559,117.80834903756472,511.515759548359
"(85, 1050.0)",52.48388097797161,53.06298408279046,0.6026719225896678,119.56887940982622,513.236639309325
"(86, 1050.0)",52.37683639248783,53.35782669226658,0.6060205628323835,121.35204771414423,514.9695432598585
"(87, 1050.0)",52.268487297028464,53.655464100697984,0.6094011176359616,123.15798597982501,516.7131875379347
"(88, 1050.0)",52.15886739943888,53.95588039850405,0.6128131626929921,124.98682243849322,518.4669983891486
"(89, 1050.0)",52.048013347922456,54.259034298247926,0.6162562730120913,126.83868573960022,520.2304009230955
"(90, 1050.0)",51.935965005886246,54.5648853371843,0.6197299757887217,128.71370032916016,522.0027742489976
"(91, 1050.0)",51.82275950841007,54.87338750712176,0.6232338916467283,130.6120029770407,523.783583252024
"(92, 1050.0)",51.708434323983596,55.18451467027083,0.6267675340298495,132.53370763982684,525.5722030915152
"(93, 1050.0)",51.593032422341835,55.498210344956455,0.6303304307950026,134.47893955363176,527.3680127811209
"(94, 1050.0)",51.47659430401223,55.81443829284632,0.6339220289534018,136.44782050610823,529.1703098949637
"(95, 1050.0)",51.35915798596962,56.13315673858054,0.6375419243508157,138.44046982531472,530.9785507430419
"(96, 1050.0)",51.24076420505917,56.454324000465384,0.6411896154539188,140.4570055461454,532.7920906804693
"(97, 1050.0)",51.1214506709703,56.77789818425341,0.6448646994810792,142.4975434577208,534.6103909974123
"(98, 1050.0)",51.0012605071295,57.1038379556479,0.6485666035441229,144.56219759389808,536.432736127431
"(99, 1050.0)",50.880231023240285,57.43210142679402,0.6522948991967983,146.6510804989971,538.258563657641
"(100, 1050.0)",50.75840085052012,57.76264711470443,0.6560491499534674,148.7643025115548,540.087304939586
"(101, 1050.0)",50.63581110075096,58.09543362226601,0.6598288443495669,150.90197195280578,541.9183146142394
"(102, 1050.0)",50.51249990862086,58.43041977119277,0.6636334713632521,153.06419665199172,543.7509482794229
"(103, 1050.0)",50.388504222663094,58.7675645218405,0.6674626750168788,155.25108167226924,545.5847270954536
"(104, 1050.0)",50.26386262288702,59.106827147739175,0.671315892304443,157.46273014562345,547.4189567740417
"(105, 1050.0)",50.13861195296242,59.4481670347212,0.675192733792745,159.6992428877647,549.2531275946176
"(106, 1050.0)",50.012789919685595,59.79154424168886,0.6790926962653173,161.96071954096794,551.0866115376152
"(107, 1050.0)",49.88643099277474,60.136918743699525,0.6830153470949151,164.24726049275253,552.9188539569083
"(108, 1050.0)",49.75957179428669,60.48425127153794,0.6869602364676414,166.55895961546017,554.7492886755632
"(109, 1050.0)",49.63224661196398,60.83350282227565,0.6909269199747264,168.8959124605156,556.5773535129471
"(110, 1050.0)",49.504489450047025,61.184634745101846,0.694914961612583,171.25821214199945,558.4024975512127
"(111, 1050.0)",49.37633345614424,61.53760902556135,0.6989239266973092,173.64595022552754,560.2241728066472
"(112, 1050.0)",49.247811035287654,61.89238799789265,0.7029533895921992,176.05921678565747,562.0418422861518
"(113, 1050.0)",49.11895370653409,62.24893459601349,0.7070029285964895,178.49810046823615,563.8549745580779
"(114, 1050.0)",48.98979212030459,62.607212273017154,0.7110721286361367,180.9626885577955,565.663046510148
"(115, 1050.0)",48.8603560272117,62.96718502442698,0.7151605814313443,183.4530670498674,567.4655434530442
"(116, 1050.0)",48.730674200371155,63.32881750391252,0.7192678835128687,185.96932072811217,569.2619569604
"(117, 1050.0)",48.60077451417867,63.69207483928618,0.7233936409495315,188.51153324620986,571.0517897507982
"(118, 1050.0)",48.470683811180635,64.05692284642515,0.7275374652188635,191.0797872144257,572.8345512653809
"(119, 1050.0)",48.34042790418629,64.42332800936106,0.7316989739366152,193.6741642907914,574.6097583426545
"(120, 1050.0)",48.21003162377012,64.7912573495355,0.7358777943900755,196.2947452768356,576.3769388327437
"(1, 1052.4624362453578)",55.706599585936715,41.12191000487879,0.4670491364483337,43.46261865095088,448.0890533417529
"(2, 1052.4624362453578)",55.70682089499685,41.12564865170374,0.46709161699576035,43.49996994895737,448.0964112241841
"(3, 1052.4624362453578)",55.70718407779133,41.13188837321836,0.46716246030815506,43.56220218696779,448.1087389113284
"(4, 1052.4624362453578)",55.70767733086781,41.14064333120028,0.46726189251786626,43.64928546324722,448.1263043007229
"(5, 1052.4624362453578)",55.708286306642194,41.15193288624619,0.46739011196437863,43.76117730980023,448.14935860522024
"(6, 1052.4624362453578)",55.70898913424588,41.16578375380847,0.46754746152999044,43.897822385352505,448.17831803683396
"(7, 1052.4624362453578)",55.70976373792075,41.18222871522745,0.46773421213962746,44.05915144772071,448.2135369760546
"(8, 1052.4624362453578)",55.71057601212828,41.201310733198184,0.46795093617905037,44.24508108035919,448.2557012539401
"(9, 1052.4624362453578)",55.711387089057354,41.223082675932176,0.4681982183999917,44.45551063098544,448.305526952006
"(10, 1052.4624362453578)",55.71214860691994,41.247609095752,0.46847677954136496,44.69032170527077,448.36389101521365
"(11, 1052.4624362453578)",55.7128059100388,41.27496537444879,0.4687874801423553,44.949377193589385,448.4318362383562
"(12, 1052.4624362453578)",55.71329456145125,41.30523746034332,0.4691312949735071,45.23251867947132,448.5105469472855
"(13, 1052.4624362453578)",55.71354572925308,41.3385176988151,0.4695092917366277,45.53956849890711,448.60132452205653
"(14, 1052.4624362453578)",55.713486380219884,41.37490269426275,0.46992252996048056,45.87033008179263,448.70548064699693
"(15, 1052.4624362453578)",55.71303965312969,41.41448987366783,0.470372204612516,46.22458973709335,448.8244866714952
"(16, 1052.4624362453578)",55.71213571002631,41.45737243546729,0.4708592192761172,46.602118962001285,448.95952208592814
"(17, 1052.4624362453578)",55.71483711645048,41.4933489060101,0.4712678117980784,47.00270448877196,448.98896484025244
"(18, 1052.4624362453578)",55.70865750220173,41.55337632381732,0.47194958374800905,47.4260157125069,449.2831929839052
"(19, 1052.4624362453578)",55.70594762180048,41.606654128154496,0.4725546875038606,47.87187809755567,449.47417957192124
"(20, 1052.4624362453578)",55.702506827855736,41.66353922694476,0.47320077482672523,48.34000507587213,449.6860352314541
"(21, 1052.4624362453578)",55.698278560749486,41.72408779553155,0.4738884700526198,48.830135413342475,449.9196782868231
"(22, 1052.4624362453578)",55.69320944201756,41.788347879553186,0.474618313120516,49.342010494330324,450.17593561915004
"(23, 1052.4624362453578)",55.6872502186333,41.856357934098476,0.47539075554561183,49.87537331949457,450.4555394305614
"(24, 1052.4624362453578)",55.68035551931753,41.92815096189281,0.4762061428939301,50.42997288536933,450.75910441978135
"(25, 1052.4624362453578)",55.67248105071232,42.00375227901175,0.4770648191382742,51.00555971766634,451.08724207955277
"(26, 1052.4624362453578)",55.66358834300509,42.08318094603219,0.47796692834042426,51.601912200487845,451.4403256453854
"(27, 1052.4624362453578)",55.65363869459416,42.166451636028945,0.47891267744384486,52.21878827916982,451.81881497216636
"(28, 1052.4624362453578)",55.64259299701684,42.2535753932388,0.4799022053866474,52.85597598897622,452.2230682517748
"(29, 1052.4624362453578)",55.6304170120045,42.34455885633772,0.4809355778041706,53.51326937226246,452.6533605205838
"(30, 1052.4624362453578)",55.617073710924934,42.43940689355388,0.48201282279333196,54.19047455828551,453.1099152202866
"(31, 1052.4624362453578)",55.602528935748786,42.53812153025319,0.483134007229531,54.88740847232521,453.59298580944926
"(32, 1052.4624362453578)",55.586747951657316,42.64070345941002,0.48429910480312777,55.603904528444325,454.1027111841014
"(33, 1052.4624362453578)",55.569694958885485,42.74715239309157,0.48550809702519054,56.33980463851817,454.63922997346145
"(34, 1052.4624362453578)",55.55133565179377,42.85746669432667,0.48676100638104247,57.09496502068409,455.20270962435006
"(35, 1052.4624362453578)",55.53163432694877,42.971644405985145,0.4880577985392429,57.86925944910577,455.7932402300518
"(36, 1052.4624362453578)",55.51055591037894,43.08968285625019,0.48939846057650793,58.66256697140049,456.41092914167876
"(37, 1052.4624362453578)",55.48806678464009,43.21157890950159,0.49078291949755043,59.4747858426036,457.05580127939766
"(38, 1052.4624362453578)",55.4641310191046,43.33733067012734,0.49221115181450664,60.3058243427393,457.72792364309004
"(39, 1052.4624362453578)",55.43871532134319,43.46693080330123,0.49368311274013177,61.15560418026731,458.4273273874034
"(40, 1052.4624362453578)",55.41178597075684,43.60037917097406,0.4951987718654975,62.02406072732192,459.15404513594876
"(41, 1052.4624362453578)",55.383308263823224,43.737670713160874,0.4967580849137131,62.91113995253143,459.9080843203334
"(42, 1052.4624362453578)",55.35325058784807,43.878801076381,0.49836099810554313,63.81679875961803,460.6894314362101
"(43, 1052.4624362453578)",55.3215822886905,44.023765369763375,0.5000074301807541,64.74100758189951,461.49803052691755
"(44, 1052.4624362453578)",55.288270320220406,44.17255901967725,0.5016974062045794,65.68374589373417,462.3339284983144
"(45, 1052.4624362453578)",55.25328800571859,44.32517610312378,0.5034307659070575,66.64500584704761,463.19696452036055
"(46, 1052.4624362453578)",55.216605331534865,44.48161113034871,0.5052075274829462,67.62478662787906,464.08715855631596
"(47, 1052.4624362453578)",55.178197938962164,44.64185716766151,0.5070275234433793,68.62310350208104,465.0043190645883
"(48, 1052.4624362453578)",55.13803792642193,44.80590747913322,0.5088907647653154,69.63997219775979,465.94844186990736
"(49, 1052.4624362453578)",55.09609934050931,44.97376354942374,0.5107972185225282,70.67542467903758,466.91946035453486
"(50, 1052.4624362453578)",55.05237302571409,45.14538850263511,0.5127464763686395,71.72949747590864,467.9169082192525
"(51, 1052.4624362453578)",55.00682557098096,45.32080153447863,0.5147387691877457,72.80223618575626,468.9409828635155
"(52, 1052.4624362453578)",54.959444408527375,45.49998287329521,0.5167738478012578,73.89369604479977,469.9913667999998
"(53, 1052.4624362453578)",54.91021241798669,45.68292195059003,0.5188515872620467,75.00393612884993,471.0678694507346
"(54, 1052.4624362453578)",54.85911556665042,45.86960653707143,0.5209719119136162,76.13302484081164,472.1703427871949
"(55, 1052.4624362453578)",54.80614068317346,46.060024167915365,0.5231346421884066,77.28103554089137,473.2985244610625
"(56, 1052.4624362453578)",54.75128093603053,46.25416080135371,0.5253395550498826,78.4480498662178,474.45209809763395
"(57, 1052.4624362453578)",54.694525230177874,46.45200189047888,0.5275865663872965,79.6341521062748,475.63089088402256
"(58, 1052.4624362453578)",54.63586784316027,46.65353191622249,0.5298754780335238,80.8394340190535,476.83460249878243
"(59, 1052.4624362453578)",54.57530566367467,46.858733902941964,0.5322061032228984,82.06399135530643,478.06294062731365
"(60, 1052.4624362453578)",54.51283642245158,47.067590169231664,0.534578217677206,83.30792568156991,479.31556765868356
"(61, 1052.4624362453578)",54.448460417617135,47.28008214303355,0.5369916232218086,84.57134017095485,480.592171848419
"(62, 1052.4624362453578)",54.38217916605791,47.496189936169415,0.5394461086956309,85.85434786397457,481.8924179169072
"(63, 1052.4624362453578)",54.314020976509184,47.71584298468587,0.5419408532813371,87.15705729861443,483.2153334467496
"(64, 1052.4624362453578)",54.26706830026563,47.89017188184991,0.5439208235644815,88.48008863070226,483.9761464625534
"(65, 1052.4624362453578)",54.17195892817722,48.16599532184553,0.5470535344795943,89.82205181152128,485.9312438435063
"(66, 1052.4624362453578)",54.09812052394313,48.39634775146842,0.5496697972022094,91.18457862911718,487.322235264812
"(67, 1052.4624362453578)",54.02241759880105,48.630202043351844,0.5523258384206464,92.56728492990193,488.7349125755515
"(68, 1052.4624362453578)",53.94486398138062,48.86753207632213,0.5550213649195496,93.97030909797246,490.1688287934805
"(69, 1052.4624362453578)",53.86547577164939,49.10831099653402,0.5577560599126219,95.39376908042868,491.62353256582105
"(70, 1052.4624362453578)",53.78426988739004,49.35251102769115,0.5605295861731917,96.83779739887197,493.0985364525676
"(71, 1052.4624362453578)",53.701265475329045,49.60010326845319,0.5633416602198741,98.30252572211658,494.5934104313967
"(72, 1052.4624362453578)",53.61648291495902,49.85105818160379,0.5661919282242653,99.78808865471086,496.10764750665624
"(73, 1052.4624362453578)",53.52994492531836,50.105345097376635,0.569080023270182,101.2946178868628,497.6407298226379
"(74, 1052.4624362453578)",53.44167496229689,50.36293262913629,0.5720056207675751,102.82224975404013,499.19217942504014
"(75, 1052.4624362453578)",53.35169844600334,50.62378840912436,0.5749683547281752,104.3711180239701,500.7614773572303
"(76, 1052.4624362453578)",53.260042605663834,50.88787936333418,0.5779677786298805,105.94135951135148,502.34801685677024
"(77, 1052.4624362453578)",53.16709653040603,51.15441912248232,0.5809950702764851,107.53310992901878,503.9423771807137
"(78, 1052.4624362453578)",53.07180345992586,51.425630254915966,0.584075393646282,109.14650167967486,505.57091006825755
"(79, 1052.4624362453578)",52.97527905863499,51.699219973417726,0.5871827941977661,110.78168076601132,507.2061533367262
"(80, 1052.4624362453578)",52.87719736270401,51.97590482348001,0.5903252337523274,112.43877290878197,508.8563607833028
"(81, 1052.4624362453578)",52.77758639867412,52.255647866118736,0.5935024558054528,114.11791776066867,510.521122793941
"(82, 1052.4624362453578)",52.67648127811114,52.53841161774,0.5967139902188044,115.81924847529149,512.1998114120801
"(83, 1052.4624362453578)",52.57391503670164,52.82415798825927,0.5999594566217608,117.54289983119875,513.8918915333808
"(84, 1052.4624362453578)",52.47145658008745,53.10969666021324,0.6032024695575536,119.28900757678022,515.558933082979
"(85, 1052.4624362453578)",52.36455197108,53.404444632239,0.6065501261300404,121.05769562756265,517.3135278241889
"(86, 1052.4624362453578)",52.257825429295,53.69890608334322,0.6098945133467957,122.84910531376305,519.0419600558824
"(87, 1052.4624362453578)",52.14978615605663,53.99619305220464,0.6132709902235672,124.66336207094285,520.7813183783558
"(88, 1052.4624362453578)",52.04047029593529,54.29626512753679,0.6166791268506099,126.50059444321099,522.5310217836419
"(89, 1052.4624362453578)",51.92991911585017,54.59908173783435,0.6201184143191142,128.36093256635502,524.290404528548
"(90, 1052.4624362453578)",51.8181707488978,54.90460198697383,0.6235884123600374,130.24449973013733,526.0588799566824
"(91, 1052.4624362453578)",51.71234971208628,55.19824590321354,0.6269235250407165,132.15147958469257,527.6619809191874
"(92, 1052.4624362453578)",51.59124038295489,55.52358663213745,0.630618627982619,134.08182323404424,529.6205943142479
"(93, 1052.4624362453578)",51.476137141914194,55.83696807299422,0.6341779426019891,136.03582460993724,531.4126378740209
"(94, 1052.4624362453578)",51.359996466222505,56.15288661114774,0.6377660293370792,138.01354503180977,533.2112439588209
"(95, 1052.4624362453578)",51.24285711215426,56.47130012483634,0.6413824581501957,140.01510505355517,535.0158394162361
"(96, 1052.4624362453578)",51.12475988049344,56.792166720537644,0.6450267553270562,142.04061851768193,536.8258118372701
"(97, 1052.4624362453578)",51.00574451352429,57.115444267228874,0.6486984364290228,144.0902015107734,538.6405352818704
"(98, 1052.4624362453578)",50.8858508709621,57.44109078358677,0.6523970072827169,146.16396739917602,540.4593762847726
"(99, 1052.4624362453578)",50.765118609312516,57.76906445256004,0.6561220320732736,148.26202686580646,542.2817654842859
"(100, 1052.4624362453578)",50.643587280383436,58.09932341306404,0.6598729880632667,150.38448760224725,544.1070450273223
"(101, 1052.4624362453578)",50.52129519171289,58.431825889066694,0.6636494785630155,152.53146158748612,545.9346854339066
"(102, 1052.4624362453578)",50.39828239799192,58.76653064345295,0.667450929775379,154.70305200868583,547.7639796169389
"(103, 1052.4624362453578)",50.274586475311544,59.10339619955416,0.6712769399664177,156.89936233576913,549.5944012966156
"(104, 1052.4624362453578)",50.150244986113634,59.44238170110984,0.6751270360448902,159.120494593003,551.4253505379096
"(105, 1052.4624362453578)",50.02529772257829,59.78344667315415,0.6790006860445311,161.36655037107388,553.2561658756226
"(106, 1052.4624362453578)",49.89977627234691,60.12655012368142,0.6828975945340637,163.63762705101152,555.0864389984038
"(107, 1052.4624362453578)",49.77372103188598,60.471652659365674,0.6868171452594026,165.9338227194991,556.9154232352936
"(108, 1052.4624362453578)",49.647166523176885,60.818714451688166,0.6907589585247426,168.2552320762497,558.7426242710068
"(109, 1052.4624362453578)",49.5201469952816,61.16769635772249,0.6947225802518281,170.601948851581,560.5674704749191
"(110, 1052.4624362453578)",49.39269663417357,61.518559649919176,0.6987075701423497,172.97406506785288,562.3894064272388
"(111, 1052.4624362453578)",49.2648486497685,61.87126608449273,0.7027134938474773,175.3716712231286,564.2078844940746
"(112, 1052.4624362453578)",49.136635430739425,62.225777923058736,0.7067399227201349,177.79485633837072,566.0223645195183
"(113, 1052.4624362453578)",49.008088535080134,62.58205790795286,0.7107864352035214,180.24370802044763,567.8323152240035
"(114, 1052.4624362453578)",48.87923854208348,62.94006951530207,0.7148526117335954,182.71831253016248,569.6372087713341
"(115, 1052.4624362453578)",48.75011525294791,63.29977651753193,0.7189380455752302,185.21875485513365,571.4365321004492
"(116, 1052.4624362453578)",48.62074743275673,63.66114345917299,0.7230423324597592,187.7451187874663,573.2297759416579
"(117, 1052.4624362453578)",48.491162908921176,64.02413542671243,0.7271650765052445,190.29748700612788,575.0164409651238
"(118, 1052.4624362453578)",48.36138848441047,64.38871818658075,0.7313058875873916,192.8759411639611,576.7960349268388
"(119, 1052.4624362453578)",48.2314499733759,64.75485808450519,0.7354643841317307,195.48056197926576,578.5680755157072
"(120, 1052.4624362453578)",48.10137214060949,65.12252213485931,0.7396401914983537,198.11142933188984,580.3320885574504
"(1, 1054.9155316265885)",55.5546392650556,41.51136649974957,0.47147244111732806,44.61376310112283,452.74983776744875
"(2, 1054.9155316265885)",55.554875144233165,41.515077249060994,0.47151459851933936,44.65121813895993,452.75685522776644
"(3, 1054.9155316265885)",55.55526128556352,41.5212706773943,0.47158495032714265,44.71362360364275,452.7686649778133
"(4, 1054.9155316265885)",55.55578976954606,41.529956780395366,0.4716835934153245,44.80094987277301,452.78539883449366
"(5, 1054.9155316265885)",55.55644038764214,41.54116444690586,0.4718109143521987,44.91315505260159,452.8075064884749
"(6, 1054.9155316265885)",55.55720041658686,41.554909165002925,0.47196698502320167,45.05018453722004,452.83511837872885
"(7, 1054.9155316265885)",55.558032491732966,41.571249097133915,0.4721525778622455,45.21197017657344,452.8691175078415
"(8, 1054.9155316265885)",55.55893244167613,41.59016021623848,0.4723673590278172,45.39842923629929,452.90923443557807
"(9, 1054.9155316265885)",55.559836187188836,41.61175889334859,0.472612668646421,45.609462954583655,452.95698164401625
"(10, 1054.9155316265885)",55.56070647206904,41.63608598434213,0.47288896545847525,45.84495475299474,453.01295964398014
"(11, 1054.9155316265885)",55.56148749894568,41.66321552954106,0.47319710292913414,46.104769055755256,453.07820434489383
"(12, 1054.9155316265885)",55.56212024718692,41.69323020519151,0.4735379952964656,46.38875033143484,453.15383572212517
"(13, 1054.9155316265885)",55.56253520113915,41.72622100544052,0.4739126974277655,46.696723363816815,453.24114178778507
"(14, 1054.9155316265885)",55.56239373088555,41.762959258645196,0.4743299575220172,47.028494326018226,453.3495449797377
"(15, 1054.9155316265885)",55.561934523951805,41.80274812176504,0.4747818663447783,47.38385212755408,453.47091281421166
"(16, 1054.9155316265885)",55.561754518397876,41.843996150184594,0.4752503434187565,47.7625692925754,453.5863993907409
"(17, 1054.9155316265885)",55.56057572347748,41.889830159827156,0.4757709027074845,48.16441173020984,453.7337030319181
"(18, 1054.9155316265885)",55.558819183154505,41.93909400307175,0.47633046757576086,48.58912906457983,453.89927936804537
"(19, 1054.9155316265885)",55.55642228512989,41.99186115558341,0.47692975136169213,49.03646876826901,454.08413343798713
"(20, 1054.9155316265885)",55.553321418500694,42.04819776745554,0.4775696009534334,49.506172825913225,454.2894166525757
"(21, 1054.9155316265885)",55.549460106260106,42.108160879222446,0.4782505893318531,49.99798220970149,454.5159924860396
"(22, 1054.9155316265885)",55.544780208728625,42.17180017885298,0.47897344083882576,50.51163873034458,454.7648832471616
"(23, 1054.9155316265885)",55.539238092937325,42.23915518188433,0.4797384328616357,51.046887264849424,455.03663667908944
"(24, 1054.9155316265885)",55.53278414350206,42.31026016459445,0.4805460117800303,51.60347743190861,455.3319740560589
"(25, 1054.9155316265885)",55.52537477101474,42.38514232444627,0.48139651469862865,52.18116554102571,455.6514946854649
"(26, 1054.9155316265885)",55.51696840883448,42.463823260569434,0.4822901341691038,52.77971571968561,455.9956375655733
"(27, 1054.9155316265885)",55.50752431742138,42.54631993823424,0.48322711223081444,53.398900866464984,456.36488512888576
"(28, 1054.9155316265885)",55.49700451873048,42.63264495896462,0.4842075714788766,54.03850486802907,456.7595828162294
"(29, 1054.9155316265885)",55.48537165491242,42.72280782388762,0.48523160523413195,54.69832163955727,457.1800351580299
"(30, 1054.9155316265885)",55.472586901550244,42.816815690695606,0.48629931100046236,55.37815768077953,457.6265385129169
"(31, 1054.9155316265885)",55.458614821792125,42.91467304424682,0.48741073892136333,56.07783085386518,458.0993279158731
"(32, 1054.9155316265885)",55.443417218629044,43.016383250597016,0.48856593132580567,56.79717230892756,458.5986168702741
"(33, 1054.9155316265885)",55.42695812514309,43.121948036961015,0.48976491005052863,57.53602574844894,459.1245847095527
"(34, 1054.9155316265885)",55.4092014330655,43.23136812864316,0.49100766073561547,58.29424707701112,459.67736038062833
"(35, 1054.9155316265885)",55.39010898992147,43.344643988401636,0.4922942222122836,59.07170960555146,460.2571115362176
"(36, 1054.9155316265885)",55.369646004598714,43.46177476270196,0.4936245261980443,59.86829313592344,460.86388634220936
"(37, 1054.9155316265885)",55.34777460018856,43.58275978880075,0.4949986487662269,60.68389554893449,461.49786716873274
"(38, 1054.9155316265885)",55.32445934192787,43.707597647296666,0.49641651636221784,61.518424960323756,462.1590683061444
"(39, 1054.9155316265885)",55.299663395321325,43.836286789878464,0.49787814230008287,62.37180312741578,462.84758204233447
"(40, 1054.9155316265885)",55.27335253498074,43.96882786429679,0.4993834890301128,63.24396517723643,463.56343363850567
"(41, 1054.9155316265885)",55.24549424821447,44.105209823760276,0.500932472136608,64.13485640250026,464.3065887505108
"(42, 1054.9155316265885)",55.216052054590314,44.24543862924355,0.5025251361989661,65.04443474322564,465.0771364658305
"(43, 1054.9155316265885)",55.18499359990349,44.38950816421621,0.5041614404116457,65.97266971782007,465.87506421965776
"(44, 1054.9155316265885)",55.152288501652585,44.537414613414654,0.505841314293361,66.91954176441247,466.70031722206073
"(45, 1054.9155316265885)",55.11866147641554,44.687457944602215,0.5075454518248502,67.88504207138857,467.53253806508036
"(46, 1054.9155316265885)",55.081815259161615,44.8447208143019,0.5093316509629651,68.86916990106809,468.4326994487763
"(47, 1054.9155316265885)",55.04399715501468,45.00410958548514,0.511141820060518,69.87193812533246,469.33950672039094
"(48, 1054.9155316265885)",55.00427440780912,45.16762356079594,0.5129990151620862,70.8933660720396,470.27726273158896
"(49, 1054.9155316265885)",54.96304851123747,45.33432913345966,0.514892413971444,71.93348289203736,471.2345217231461
"(50, 1054.9155316265885)",54.919878424376854,45.505144409855056,0.516832470927597,72.9923261585002,472.22227467196916
"(51, 1054.9155316265885)",54.87488310353114,45.67975206580549,0.5188156069175134,74.06994122577201,473.23670056178776
"(52, 1054.9155316265885)",54.82799874230147,45.85824115929313,0.5208428241064481,75.16638194219324,474.2788027439542
"(53, 1054.9155316265885)",54.77934392565194,46.04030538546323,0.5229106404506013,76.28170819412739,475.34484807001854
"(54, 1054.9155316265885)",54.72876920032941,46.22622898035167,0.5250223197678578,77.41598534056321,476.43821423317127
"(55, 1054.9155316265885)",54.676307362238816,46.41590087327939,0.527176546325772,78.56929350282581,477.5574331254948
"(56, 1054.9155316265885)",54.62194893289229,46.60930736308019,0.5293731743713206,79.7417061149305,478.70227755584597
"(57, 1054.9155316265885)",54.56568429757468,46.80643418870146,0.5316120978670785,80.93331016242453,479.8725486781506
"(58, 1054.9155316265885)",54.507509353904915,47.00726554234404,0.5338930533931975,82.14419485449616,481.0678793975313
"(59, 1054.9155316265885)",54.44741834527548,47.21178477205808,0.5362159276743845,83.37446284992731,482.2880475593403
"(60, 1054.9155316265885)",54.38541036032154,47.41997426852113,0.5385804756499307,84.62420637506473,483.5327024188829
"(61, 1054.9155316265885)",54.32148575595208,47.63181509453776,0.54098649397427,85.89353377368877,484.8015211199824
"(62, 1054.9155316265885)",54.25564687412009,47.847287429910814,0.5434337477502896,87.18255197036318,486.094148941463
"(63, 1054.9155316265885)",54.18789824646225,48.06637035263134,0.545922004649798,88.49137413647615,487.4102276253185
"(64, 1054.9155316265885)",54.10911354701536,48.30848277112138,0.5486718610831914,89.82019491275507,488.9822731103695
"(65, 1054.9155316265885)",54.04669571916647,48.515278659866624,0.551020598401643,91.16888857864278,490.11129892142736
"(66, 1054.9155316265885)",53.973262921793534,48.74505709739583,0.5536303274822655,92.537827976379,491.49540326417736
"(67, 1054.9155316265885)",53.89795666470461,48.97835171532855,0.5562800118800039,93.92704670382928,492.90137776180995
"(68, 1054.9155316265885)",53.820791648513996,49.2151363825692,0.5589693404204182,95.3366723801256,494.32876653244335
"(69, 1054.9155316265885)",53.74178403267586,49.45538408731903,0.5616979910245491,96.76683298070787,495.777101834541
"(70, 1054.9155316265885)",53.66095077342719,49.69906659892845,0.5644656670817201,98.2176579493368,497.24594132513283
"(71, 1054.9155316265885)",53.578311970468825,49.946154825090524,0.5672720080089556,99.68927763700827,498.7347742686415
"(72, 1054.9155316265885)",53.4938879679602,50.196618758879495,0.5701167032357194,101.18182555950034,500.24313952360654
"(73, 1054.9155316265885)",53.40770249108281,50.450427456583114,0.5729993727527046,102.69543234876163,501.7705055803596
"(74, 1054.9155316265885)",53.31977808185135,50.70754949300829,0.5759196710104194,104.23023491181857,503.31637100634794
"(75, 1054.9155316265885)",53.230141502761114,50.96795094198344,0.5788772314957916,105.78636503867898,504.88021737123177
"(76, 1054.9155316265885)",53.13881925106773,51.23159945093447,0.5818716752280525,107.3639579344351,506.46150967721957
"(77, 1054.9155316265885)",53.04583926640249,51.49846295400145,0.5849026079652815,108.96314902016994,508.0596966113031
"(78, 1054.9155316265885)",52.951233158775565,51.76849843454235,0.5879696103895081,110.58407401268616,509.67420011163995
"(79, 1054.9155316265885)",52.85503020666079,52.04167815202206,0.5910722801067232,112.22686661559912,511.30446198292464
"(80, 1054.9155316265885)",52.75726333864809,52.317962664039285,0.5942102047188145,113.89166255663905,512.9499114522531
"(81, 1054.9155316265885)",52.65796325879909,52.59731492740027,0.5973829965020049,115.57859524066262,514.6100060989343
"(82, 1054.9155316265885)",52.55716578998183,52.87969695217889,0.6005902242928655,117.28779919636538,516.2841565532749
"(83, 1054.9155316265885)",52.454906202986706,53.16507058089439,0.6038313799692402,119.01940665425825,517.9716945588093
"(84, 1054.9155316265885)",52.35121925318878,53.45339656656699,0.6071060978884437,120.77354945013956,519.6721025575916
"(85, 1054.9155316265885)",52.24614231998242,53.74463566997086,0.6104138988800453,122.55025392569496,521.3848487236066
"(86, 1054.9155316265885)",52.13971220283737,54.03874778897287,0.613754337074525,124.34996875576903,523.1090140273279
"(87, 1054.9155316265885)",52.032275297372166,54.33505474075646,0.6171196845685135,126.17250375782518,524.836636366001
"(88, 1054.9155316265885)",51.92294494981345,54.63542933830173,0.6205312550697263,128.0180926622883,526.5899661705063
"(89, 1054.9155316265885)",51.812685189097216,54.937916843475236,0.6239668172209812,129.8868618900403,528.3454248159816
"(90, 1054.9155316265885)",51.70122654334487,55.243113717122135,0.6274331517766628,131.77893734417822,530.1100395224461
"(91, 1054.9155316265885)",51.58861028021228,55.5509783645352,0.6309297457833505,133.69444225675537,531.8831459353162
"(92, 1054.9155316265885)",51.474874108141165,55.861468814053616,0.6344561836331372,135.63349757181055,533.6641846793168
"(93, 1054.9155316265885)",51.36005777601091,56.17454283629189,0.6380120340197325,137.5962260374567,535.4525780146305
"(94, 1054.9155316265885)",51.24422427733692,56.490120140488344,0.6415962094302607,139.5827425469344,537.2470638137931
"(95, 1054.9155316265885)",51.127353692380986,56.80827383450568,0.6452096785323156,141.59317124152773,539.0485397980102
"(96, 1054.9155316265885)",51.00956581641935,57.128799970028766,0.6488501216752153,143.62761872414808,540.8544523288383
"(97, 1054.9155316265885)",50.89081546853317,57.45183252124863,0.6525190217476541,145.68620639207387,542.666244331314
"(98, 1054.9155316265885)",50.77120939595368,57.77719164615433,0.6562143433817006,147.7690411606111,544.4816617488883
"(99, 1054.9155316265885)",50.650766362049275,58.10488097827304,0.6599360948750563,149.87623463250617,546.3006017321886
"(100, 1054.9155316265885)",50.529522747533484,58.43485821870555,0.6636839134726026,152.00789403900754,548.1225743739578
"(101, 1054.9155316265885)",50.407520701418555,58.767081851130854,0.6674571801557247,154.16411764413996,549.94682839782
"(102, 1054.9155316265885)",50.2847978605972,59.10150984493835,0.6712555233834968,156.3450390716136,551.7728382357718
"(103, 1054.9155316265885)",50.16139302736224,59.43810089620983,0.6750784375716717,158.55073091715542,553.5999979434114
"(104, 1054.9155316265885)",50.03734494666972,59.776813771671584,0.678925392589615,160.7813042857144,555.4276371727497
"(105, 1054.9155316265885)",49.912688854413055,60.11760751972142,0.6827960187250487,163.03685821811,557.2552668677428
"(106, 1054.9155316265885)",49.787464079047595,60.46044170659755,0.6866898118476397,165.3174909795279,559.082256948287
"(107, 1054.9155316265885)",49.66170478269456,60.80527599295933,0.6906063251837483,167.6232979842242,560.9080406916744
"(108, 1054.9155316265885)",49.53544713286512,61.15207068783041,0.6945451096394087,169.954373206521,562.732050367383
"(109, 1054.9155316265885)",49.408726017037466,61.5007864956377,0.6985057084979884,172.3108094111145,564.5537114132478
"(110, 1054.9155316265885)",49.281575415346325,61.851384455813346,0.702487685955956,174.6926974865125,566.3724732048468
"(111, 1054.9155316265885)",49.154028498420004,62.20382629916309,0.7064906033955788,177.10012686330285,568.1877836069334
"(112, 1054.9155316265885)",49.026117721436975,62.55807404146973,0.7105140334622833,179.53318550917302,569.9991038288432
"(113, 1054.9155316265885)",48.897874574174644,62.914090445290825,0.7145575499962633,181.9919599925664,571.8058977395343
"(114, 1054.9155316265885)",48.76932972864683,63.27183867989928,0.7186207367995365,184.47653555132217,573.6076410474516
"(115, 1054.9155316265885)",48.64051289368015,63.631282575480256,0.7227031823643909,186.9869961661273,575.4038156660315
"(116, 1054.9155316265885)",48.51145283738832,63.99238654074124,0.726804482456762,189.52342463870434,577.1939123607582
"(117, 1054.9155316265885)",48.38217736088404,64.35511558158576,0.7309242402576515,192.08590267467025,578.9774308154905
"(118, 1054.9155316265885)",48.25271322594004,64.71943540950802,0.7350620644183005,194.67451097098197,580.7538774933871
"(119, 1054.9155316265885)",48.12308622889288,65.08531226916973,0.7392175734661811,197.28932930791117,582.5227701928821
"(120, 1054.9155316265885)",47.99332108323848,65.45271313677826,0.7433903917010491,199.93043664547898,584.2836336219311
"(1, 1057.3499807126627)",55.40557097907543,41.89663408689086,0.47584819127764255,45.76686777377091,457.37120809579983
"(2, 1057.3499807126627)",55.405819947875756,41.90031570677058,0.475890050187863,45.80442501895022,457.37791036853486
"(3, 1057.3499807126627)",55.406233793163395,41.90645617814356,0.4759597496482112,45.867001110363226,457.3890310001766
"(4, 1057.3499807126627)",55.40678974999747,41.91509039658049,0.47605781415986004,45.95456677507052,457.4051538449699
"(5, 1057.3499807126627)",55.407484907806506,41.92621172090387,0.4761841200967775,46.06708061803376,457.4261895819702
"(6, 1057.3499807126627)",55.40829621692132,41.939854906311645,0.4763390727463423,46.20448873040027,457.45262065063247
"(7, 1057.3499807126627)",55.4092002775201,41.95605091192722,0.476523030204393,46.36672254846967,457.48489424728496
"(8, 1057.3499807126627)",55.41016725729434,41.97483979287296,0.4767364198987243,46.553704428631995,457.523539956308
"(9, 1057.3499807126627)",55.41115938258763,41.996271610608076,0.4769798378874546,46.76533280204215,457.56928958858697
"(10, 1057.3499807126627)",55.41213137502775,42.020407224380726,0.4772539953887721,47.001494613879835,457.62300820547955
"(11, 1057.3499807126627)",55.413032704246476,42.04731786270804,0.4775596191973778,47.26205598442033,457.6855981630737
"(12, 1057.3499807126627)",55.41380136298023,42.07708514409889,0.4778977128629744,47.5468639269533,457.75827355133833
"(13, 1057.3499807126627)",55.41437271741377,42.10979729596644,0.4782692294825706,47.85574526769899,457.8422153011571
"(14, 1057.3499807126627)",55.414675449347584,42.14554746554373,0.4786752740939594,48.188508813924315,457.9387830169522
"(15, 1057.3499807126627)",55.41463887818356,42.18442904224834,0.4791168693089963,48.544946188291526,458.049266334687
"(16, 1057.3499807126627)",55.41419071961745,42.22653393669404,0.4795950828760705,48.924834102392964,458.1750175265081
"(17, 1057.3499807126627)",55.41325870056388,42.27195025538773,0.48011090308051946,49.327937157872654,458.3173169542537
"(18, 1057.3499807126627)",55.41177490034095,42.32075930796628,0.48066526975237056,49.75401035631552,458.4774033456003
"(19, 1057.3499807126627)",55.40967519947656,42.37303506084219,0.48125898741431256,50.20280213262644,458.6563789276926
"(20, 1057.3499807126627)",55.40689734317468,42.42884366556352,0.4818928433870109,50.674056538160706,458.8553321226654
"(21, 1057.3499807126627)",55.4033833021933,42.48824332365408,0.4825675000826314,51.16751611911837,459.0752207858098
"(22, 1057.3499807126627)",55.39907923805619,42.55128366735114,0.4832834893719752,51.68292385951907,459.3168643066872
"(23, 1057.3499807126627)",55.39393516838592,42.618006752842895,0.4840413051613645,52.220024969288275,459.58103970721254
"(24, 1057.3499807126627)",55.38790353631287,42.688447955996445,0.48484133699777937,52.778572983462055,459.86840533984156
"(25, 1057.3499807126627)",55.38093756798658,42.762636693679546,0.4856839688974652,53.35832190024343,460.17961324594086
"(26, 1057.3499807126627)",55.372996156936715,42.84059601267491,0.48656940515636715,53.95903746912698,460.51511368832956
"(27, 1057.3499807126627)",55.36398948221183,42.92246162832218,0.48749920320689916,54.58049344427815,460.8767796639751
"(28, 1057.3499807126627)",55.35402043880965,43.00789896303618,0.4884695832027854,55.22247339660331,461.26083098158426
"(29, 1057.3499807126627)",55.34290663826293,43.09726942362122,0.489484608751656,55.88477229454248,461.67176932816625
"(30, 1057.3499807126627)",55.330656807723315,43.19046568638285,0.4905431064078495,56.5671961258821,462.1085479731872
"(31, 1057.3499807126627)",55.317231576921095,43.287494957265686,0.4916451264282005,57.269563618490466,462.57140132784195
"(32, 1057.3499807126627)",55.30259301622823,43.38836269254713,0.4927907648393464,57.99170552945537,463.0606001688059
"(33, 1057.3499807126627)",55.28670307674813,43.49307289158848,0.49398000715005,58.73346621287759,463.57628481966873
"(34, 1057.3499807126627)",55.269522466183254,43.60162883190439,0.49521295849520636,59.494702014702675,464.1187100988644
"(35, 1057.3499807126627)",55.251012990360444,43.71403282764218,0.4964896067012899,60.2752826543085,464.68799341533787
"(36, 1057.3499807126627)",55.23113735074195,43.83028634143042,0.49780997622512674,61.075093756656166,465.2842750035527
"(37, 1057.3499807126627)",55.20985740990447,43.950390472663216,0.49917408949164077,61.89402687091557,465.90768702533177
"(38, 1057.3499807126627)",55.18713483000623,44.07434602441642,0.5005819296906597,62.7319974608943,466.55829624263225
"(39, 1057.3499807126627)",55.16293383573681,44.20215284425982,0.5020334953924923,63.58892207954869,467.2361845908137
"(40, 1057.3499807126627)",55.13721621005236,44.333810859214985,0.5035288418627324,64.46473641484845,467.94147481698104
"(41, 1057.3499807126627)",55.10994605351189,44.4693192151542,0.5050679483905453,65.35938616770873,468.6741993216184
"(42, 1057.3499807126627)",55.08109271620014,44.60867621903995,0.5066506701550032,66.27282962674687,469.4342466897034
"(43, 1057.3499807126627)",55.05815846192469,44.734703288554876,0.5080820489565254,67.20510189531976,470.0154427693126
"(44, 1057.3499807126627)",55.018491459632656,44.89892897363392,0.5099472880268169,68.1559858427497,471.0367693168798
"(45, 1057.3499807126627)",54.98468244091113,45.049818927265356,0.5116610096306825,69.12566928677397,471.87908937764973
"(46, 1057.3499807126627)",54.94915987445673,45.20454651006364,0.5134183779684389,70.11408720995077,472.74882483250474
"(47, 1057.3499807126627)",54.91189729366837,45.36310695501606,0.515219246073957,71.12125062899842,473.6458092700927
"(48, 1057.3499807126627)",54.872866638338756,45.525495018153855,0.5170636070835087,72.14718037397586,474.57001460299193
"(49, 1057.3499807126627)",54.8320483512102,45.691703883226076,0.5189512576758003,73.19190379765189,475.5211984966677
"(50, 1057.3499807126627)",54.78940985667331,45.86172728605653,0.5208824241108524,74.25545899572754,476.4995620914472
"(51, 1057.3499807126627)",54.74494086442121,46.0355562065174,0.5228566993648125,75.33789144190382,477.5046295469672
"(52, 1057.3499807126627)",54.69861752633306,46.21318189176946,0.5248741190797945,76.4392538272569,478.53638585833966
"(53, 1057.3499807126627)",54.65042490585211,46.39459413218005,0.5269345332486868,77.55960641526146,479.59461215207347
"(54, 1057.3499807126627)",54.60034769316695,46.57978174949262,0.5290378353290577,78.69901616735947,480.6791288140885
"(55, 1057.3499807126627)",54.548370891704366,46.76873271171467,0.5311839683436479,79.85755655448074,481.789802128551
"(56, 1057.3499807126627)",54.49449270465313,46.96143316805518,0.5333725011582925,81.03530661664709,482.9260971957381
"(57, 1057.3499807126627)",54.43869621591184,47.15786930140557,0.5356035708246745,82.23235225945407,484.08807302164877
"(58, 1057.3499807126627)",54.380979182025044,47.358025078964836,0.5378768759072232,83.44878284320208,485.27532152308765
"(59, 1057.3499807126627)",54.32133630770513,47.56188434615671,0.5401922575970705,84.68469350236852,486.48757964902364
"(60, 1057.3499807126627)",54.259767859087326,47.76942890490767,0.5425494484566551,85.94018524673957,487.7244636145705
"(61, 1057.3499807126627)",54.19627241623519,47.98064022893226,0.5449483273475714,87.2153610369343,488.98574237341813
"(62, 1057.3499807126627)",54.13085332359595,48.195498166298535,0.5473886187618657,88.5103284479466,490.27101704224316
"(63, 1057.3499807126627)",54.06351654092061,48.413981660675454,0.5498700275631296,89.82519993150025,491.5798631068462
"(64, 1057.3499807126627)",53.994263770927404,48.63606865206198,0.5523924759482881,91.16008902396194,492.9120847657805
"(65, 1057.3499807126627)",53.92310927940757,48.86173572044351,0.5549555078350118,92.51511448343723,494.2670810222983
"(66, 1057.3499807126627)",53.85006088869721,49.09095858595722,0.557558951106893,93.89039608060413,495.6445501184416
"(67, 1057.3499807126627)",53.77513112566395,49.323711967454265,0.560202506821652,95.28605709888299,497.0440526841761
"(68, 1057.3499807126627)",53.6983352672356,49.55996928518172,0.5628858398502223,96.70222227985734,498.46510962920627
"(69, 1057.3499807126627)",53.619690222792535,49.79970322350652,0.5656085988761048,98.13901846946874,499.9072226430969
"(70, 1057.3499807126627)",53.53921003084393,50.042885232419984,0.5683706347068601,99.59657412584403,501.37010551909844
"(71, 1057.3499807126627)",53.45691844315459,50.289485864866826,0.571171439821857,101.07501965062062,502.8530912286438
"(72, 1057.3499807126627)",53.37283566385069,50.53947463737314,0.5740107345380118,102.57448531553707,504.355753777091
"(73, 1057.3499807126627)",53.286983933426775,50.79282080018702,0.5768881495581666,104.09510441653423,505.877569392157
"(74, 1057.3499807126627)",53.19938935359418,51.04949158056652,0.5798033292686932,105.63700938703833,507.418029632352
"(75, 1057.3499807126627)",53.11007488015159,51.30945401254514,0.5827559155754808,107.20033284059879,508.97662325332595
"(76, 1057.3499807126627)",53.01907162888451,51.57267435768251,0.5857454613589701,108.78521004328799,510.5527422271488
"(77, 1057.3499807126627)",52.92640471421673,51.839117695917,0.5887716519663306,110.3917745941539,512.1459202566084
"(78, 1057.3499807126627)",52.83210674261054,52.10874862000739,0.591834019810491,112.02016015242067,513.7555292792996
"(79, 1057.3499807126627)",52.736204185936785,52.38153069073533,0.5949322974014855,113.67050084659877,515.381152336202
"(80, 1057.3499807126627)",52.638739588296346,52.65742758026584,0.5980657588217487,115.34292980198322,517.0218887530968
"(81, 1057.3499807126627)",52.53973675558919,52.93640109609045,0.6012342352355357,117.03758176292871,518.6774252671574
"(82, 1057.3499807126627)",52.439233482901905,53.218412709048856,0.6044372293589537,118.75458798829587,520.3471048164092
"(83, 1057.3499807126627)",52.337261174354545,53.503430998495176,0.6076743737030434,120.4940810718036,522.0304062426889
"(84, 1057.3499807126627)",52.233865553843174,53.79139742883887,0.6109450043520651,122.2561918132736,523.72649675488
"(85, 1057.3499807126627)",52.12907376447009,54.08229025203583,0.6142488801188831,124.04105061038972,525.434990936086
"(86, 1057.3499807126627)",52.02292777667928,54.37606327821298,0.6175854308860915,125.84878521347905,527.1551582223512
"(87, 1057.3499807126627)",51.91546403523025,54.67267573331521,0.6209542733297599,127.67952621981775,528.8864627088494
"(88, 1057.3499807126627)",51.80672230655969,54.97208647595515,0.6243548932384002,129.5333984106391,530.62823591284
"(89, 1057.3499807126627)",51.69674139158747,55.2742540128702,0.6277868255308053,131.4105271422712,532.3798607243896
"(90, 1057.3499807126627)",51.585885225278716,55.578464807391704,0.6312419267564474,133.31103678402917,534.1326022969247
"(91, 1057.3499807126627)",51.47322207451223,55.886692330171144,0.634742671030506,135.23504855852713,535.9101024130824
"(92, 1057.3499807126627)",51.35976414749619,56.19687885481235,0.6382656396873102,137.1826865854567,537.687475227476
"(93, 1057.3499807126627)",51.24522415268295,56.50965355721332,0.6418180794074255,139.15406668258717,539.4722671998925
"(94, 1057.3499807126627)",51.129647413439436,56.82497427136397,0.6453993615779882,141.14930770625145,541.2636948101991
"(95, 1057.3499807126627)",51.01307267562619,57.14279833944812,0.649009087052151,143.16852560251877,543.0612200744159
"(96, 1057.3499807126627)",50.89553901861612,57.46308291509955,0.6526467828617286,145.21183493099065,544.8642283400395
"(97, 1057.3499807126627)",50.77708774842971,57.7857856216879,0.6563119345268819,147.2793477446762,546.6720635688127
"(98, 1057.3499807126627)",50.657759223488085,58.11086380725794,0.6600040805785929,149.3711744549418,548.4841274151121
"(99, 1057.3499807126627)",50.5375936182705,58.43827508564892,0.66372270306052,151.48742438960826,550.2997628899888
"(100, 1057.3499807126627)",50.41663013869038,58.76797703630555,0.6674673452037286,153.62820447185265,552.118380105642
"(101, 1057.3499807126627)",50.29490810292061,59.09992750538471,0.6712375462700128,155.7936198563547,553.9393867458583
"(102, 1057.3499807126627)",50.17247066517252,59.43407639797324,0.6750326952810611,157.98377394534697,555.7620333904998
"(103, 1057.3499807126627)",50.04934463902948,59.77040665911712,0.678852619216815,160.19876513276577,557.5860387028741
"(104, 1057.3499807126627)",49.92557918362224,60.1088521565619,0.6826965768302679,162.4387034439531,559.4105089001315
"(105, 1057.3499807126627)",49.801208436163954,60.44938002717472,0.6865641700477209,164.70367675045745,561.2349352075055
"(106, 1057.3499807126627)",49.67626864947601,60.791949564454,0.6904549752074243,166.99378506141883,563.0587696571133
"(107, 1057.3499807126627)",49.55079705099863,61.136520423882324,0.6943684936907886,169.30912220916125,564.8813912022747
"(108, 1057.3499807126627)",49.42482860952207,61.48305268855392,0.6983042762712474,171.64978207521642,566.7022309717569
"(109, 1057.3499807126627)",49.298397436928276,61.83150674206307,0.7022619203023557,174.01585777643857,568.5207701104947
"(110, 1057.3499807126627)",49.17153857233852,62.18184370886931,0.7062409323631261,176.4074361576137,570.3364000550307
"(111, 1057.3499807126627)",49.04428490400568,62.53402502349486,0.7102408919199144,178.82460682881296,572.1485865440528
"(112, 1057.3499807126627)",48.91666883379494,62.88801269531609,0.714261367487613,181.2674567089738,573.9567864278539
"(113, 1057.3499807126627)",48.78872189363481,63.243769281755874,0.7183019338060393,183.73607133281018,575.7604645228738
"(114, 1057.3499807126627)",48.66047471434312,63.601257910021594,0.7223621720823284,186.2305349200473,577.5590937987598
"(115, 1057.3499807126627)",48.53195700727236,63.96044227710065,0.7264416706629042,188.75093044942383,579.3521560148724
"(116, 1057.3499807126627)",48.40319748677278,64.3212867646104,0.7305400230349718,191.29733973739695,581.1391395284587
"(117, 1057.3499807126627)",48.274223943616924,64.68375626414318,0.7346568324126714,193.86984352146243,582.9195440605016
"(118, 1057.3499807126627)",48.145063123276266,65.04781638282023,0.738791707519535,196.46852154802116,584.6928761484345
"(119, 1057.3499807126627)",48.01574076200173,65.41343334390939,0.7429442653386447,199.0934526647347,586.4586519616646
"(120, 1057.3499807126627)",47.88628150888648,65.78057410744883,0.7471141287886892,201.7447149172973,588.2163947475811
"(1, 1059.7565488043351)",55.25986567855023,42.276314874953165,0.480160482248215,46.91722033459818,461.9359952049953
"(2, 1059.7565488043351)",55.26012851896074,42.27997285333599,0.48020202139686624,46.95487794478592,461.9423589796225
"(3, 1059.7565488043351)",55.26055922585041,42.28607815390609,0.4802713721172038,47.01762149659388,461.95311030785655
"(4, 1059.7565488043351)",55.26114910279619,42.29464315862684,0.4803686450252413,47.10542202646652,461.96839537929793
"(5, 1059.7565488043351)",55.26188435250166,42.30568610445283,0.48049404171029386,47.21823883053142,461.98846853341587
"(6, 1059.7565488043351)",55.26274486127024,42.319231624467164,0.4806479102582625,47.35601849092448,462.0137520743875
"(7, 1059.7565488043351)",55.26370847560985,42.335311031648445,0.4808305422192279,47.51869470108133,462.0446212808848
"(8, 1059.7565488043351)",55.26474735329877,42.35396095501508,0.4810423553850042,47.70618691523287,462.0815994562877
"(9, 1059.7565488043351)",55.2658229657669,42.37523267670601,0.4812839670155208,47.918399090150544,462.12543678907724
"(10, 1059.7565488043351)",55.26689356330768,42.39918400456406,0.4815559926588013,48.15521804870521,462.17689878743175
"(11, 1059.7565488043351)",55.26790706149343,42.425884994717805,0.48185925736493757,48.41651207016464,462.23699152432147
"(12, 1059.7565488043351)",55.26880642582064,42.45541454982613,0.48219461266171454,48.70212933113708,462.3067692352847
"(13, 1059.7565488043351)",55.26952355231805,42.487860089638176,0.48256316437967145,49.01190207940788,462.3875715836918
"(14, 1059.7565488043351)",55.269995351367356,42.52331136723845,0.4829657789152009,49.345637775752174,462.4805092780187
"(15, 1059.7565488043351)",55.2701482998331,42.56186115441377,0.4834036019013167,49.70313419797783,462.5869986325463
"(16, 1059.7565488043351)",55.269910170723314,42.60360065105537,0.4838776837528425,50.0841678263643,462.7083763509836
"(17, 1059.7565488043351)",55.269212496002794,42.64861618599772,0.4843889684578501,50.488506911789656,462.8458745799935
"(18, 1059.7565488043351)",55.26826916311567,42.696275513686714,0.4849302566259862,50.915908440666946,462.99210673208876
"(19, 1059.7565488043351)",55.26617066351487,42.748792916077434,0.4855267495530478,51.36612227342688,463.1740301850978
"(20, 1059.7565488043351)",55.26370081049217,42.80409449506159,0.4861548298336257,51.838895099905585,463.36686954913637
"(21, 1059.7565488043351)",55.260913393476706,42.86196203551373,0.4868120708794769,52.333971112138684,463.56830903938715
"(22, 1059.7565488043351)",55.25657160308419,42.92541764263318,0.4875327812660807,52.85109382279001,463.8149638807305
"(23, 1059.7565488043351)",55.25180687506641,42.99153348637064,0.48828369296424434,53.39001133082195,464.07182996240124
"(24, 1059.7565488043351)",55.24617659571247,43.06133601556002,0.4890764925570203,53.95047499044123,464.35154086311576
"(25, 1059.7565488043351)",55.239634378383506,43.134858274934814,0.48991153539464266,54.532241509603914,464.6547164596555
"(26, 1059.7565488043351)",55.23213536330949,43.21212368263404,0.4907891118794619,55.135079459925464,464.9818959361978
"(27, 1059.7565488043351)",55.22363959626285,43.29315337875445,0.491709406430386,55.7587599077832,465.3335036655108
"(28, 1059.7565488043351)",55.20681468258551,43.395764768048956,0.49287482555023776,56.40314616584234,465.9241779518164
"(29, 1059.7565488043351)",55.203483845850926,43.46657289083253,0.49367903892622006,57.067799391766656,466.11179511772536
"(30, 1059.7565488043351)",55.19174377193853,43.558987867576676,0.49472865325074866,57.752759805017696,466.5391703586123
"(31, 1059.7565488043351)",55.1788406292817,43.655219818101884,0.49582162203011504,58.457768364234845,466.9924426209674
"(32, 1059.7565488043351)",55.16473509965012,43.75527623549951,0.49695804301210916,59.18265631697006,467.4718842460991
"(33, 1059.7565488043351)",55.14938655036692,43.85916362694509,0.4981379699169821,59.92726742723927,467.9777084003794
"(34, 1059.7565488043351)",55.13261582802913,43.96722187760672,0.49936524761442697,60.6914593590977,468.5141320455897
"(35, 1059.7565488043351)",55.1148038351744,44.07845102639452,0.5006285421862017,61.47510161871854,469.0692744814761
"(36, 1059.7565488043351)",55.09543312967251,44.19398946612083,0.5019407982812574,62.2780776968248,469.65697039381337
"(37, 1059.7565488043351)",55.07477136173037,44.31311512294981,0.5032937976436898,63.100283983451384,470.26861404205266
"(38, 1059.7565488043351)",55.052614092526866,44.436220534583754,0.504691978971065,63.941629070622945,470.9090007729829
"(39, 1059.7565488043351)",55.02898198108087,44.56316835240321,0.5061338099381617,64.80203550649519,471.5765841467604
"(40, 1059.7565488043351)",55.003825426946634,44.69398737783158,0.5076196095128147,65.68143644242717,472.27176904027755
"(41, 1059.7565488043351)",54.977119211118215,44.828650910102716,0.5091490813681787,66.57977839079533,472.9942949068434
"(42, 1059.7565488043351)",54.94882441211392,44.967168071667864,0.5107222951396759,67.49701981556784,473.7442770790842
"(43, 1059.7565488043351)",54.918905619897885,45.10953838162609,0.5123392932411975,68.43312911707706,474.52179210506665
"(44, 1059.7565488043351)",54.887329959034886,45.25576043322645,0.5140000410708333,69.3880864544047,475.32682315610816
"(45, 1059.7565488043351)",54.85406482802609,45.405832409103816,0.51570451067699,70.36188287423475,476.15934956364055
"(46, 1059.7565488043351)",54.819081871974646,45.559751173456725,0.5174526612346979,71.35451883353765,477.0193276061646
"(47, 1059.7565488043351)",54.78235026209569,45.71751323557341,0.5192444664144986,72.36600583746252,477.90671787571506
"(48, 1059.7565488043351)",54.74384432010424,45.87911384643227,0.5210798703423319,73.3963628009288,478.8214422444713
"(49, 1059.7565488043351)",54.70353936495762,46.04454742323912,0.5229588236716838,74.44561892396356,479.76341921711486
"(50, 1059.7565488043351)",54.66141249184938,46.2138073056231,0.5248812072676032,75.51380921403387,480.73248753213426
"(51, 1059.7565488043351)",54.61744035603442,46.38688613049163,0.5268470423863948,76.60098400390567,481.7286193832713
"(52, 1059.7565488043351)",54.57160864198756,46.56377495878326,0.5288560428683449,77.70719063105807,482.75146417341665
"(53, 1059.7565488043351)",54.52048306311228,46.752031324966566,0.5309941973963224,78.83250495424373,483.8920731136107
"(54, 1059.7565488043351)",54.4742932286433,46.92894281824061,0.5330034421524785,79.97695425706584,484.87693409927584
"(55, 1059.7565488043351)",54.422779733961484,47.117199136398256,0.5351416519000982,81.1406492286573,485.97922091044165
"(56, 1059.7565488043351)",54.3693515593281,47.3092196574014,0.5373225609373417,82.32363920194719,487.107463571717
"(57, 1059.7565488043351)",54.31399912626692,47.5049903370798,0.5395460463289387,83.52606335968767,488.2613926188922
"(58, 1059.7565488043351)",54.25674490244882,47.70443190368634,0.5418112515118677,84.74795585048346,489.4400661550911
"(59, 1059.7565488043351)",54.19736435264855,47.90801092040085,0.5441234335773977,85.98943033648268,490.6489417550652
"(60, 1059.7565488043351)",54.136344782492955,48.11464248005834,0.5464702895104602,87.25058590083353,491.8748821348777
"(61, 1059.7565488043351)",54.07325592668282,48.32524731527711,0.5488622610714055,88.53152587026868,493.1288496917079
"(62, 1059.7565488043351)",54.008233993118026,48.53951350174278,0.5512958415258502,89.83235837092248,494.4070200146942
"(63, 1059.7565488043351)",53.94128490043009,48.75741970930046,0.553770742232622,91.15319311880504,495.70897749845363
"(64, 1059.7565488043351)",53.87241416710768,48.97894358163863,0.5562867380806186,92.49414545626483,497.0343682376726
"(65, 1059.7565488043351)",53.83153737578193,49.13961196449038,0.5581115531470895,93.85622734026462,497.6061460707221
"(66, 1059.7565488043351)",53.72894694543776,49.43274966149764,0.5614409071183706,95.23687077539836,499.7538073099413
"(67, 1059.7565488043351)",53.65437393147506,49.664981640304866,0.5640785276941748,96.63888697807272,501.1470267857366
"(68, 1059.7565488043351)",53.57792668392599,49.90073087799615,0.5667561048239573,98.06150272044079,502.5619909415842
"(69, 1059.7565488043351)",53.49962216089715,50.13996978160469,0.5694732948863368,99.50484473909891,503.9982088858788
"(70, 1059.7565488043351)",53.41947874899118,50.38266950857677,0.5722297886245097,100.96903267703063,505.4552332387139
"(71, 1059.7565488043351)",53.33751565039163,50.628800419182454,0.5750252622669686,102.4542141722107,506.93257324313953
"(72, 1059.7565488043351)",53.25375483983139,50.87833167583868,0.5778593590922487,103.96051270411637,508.42972738177014
"(73, 1059.7565488043351)",53.16821993638649,51.131231637332895,0.5807317085865642,105.48805033251963,509.94618094042255
"(74, 1059.7565488043351)",53.080934960688545,51.387467777517834,0.5836419738544422,107.03696479083897,511.48143915849465
"(75, 1059.7565488043351)",52.99192732684335,51.64700672073807,0.5865897150157526,108.60738852629477,513.0349034229178
"(76, 1059.7565488043351)",52.90120917845236,51.90984527294263,0.5895749504322396,110.19945290524694,514.6064618263102
"(77, 1059.7565488043351)",52.80885500369477,52.17585464544302,0.5925961666885053,111.81329386285164,516.1943745816372
"(78, 1059.7565488043351)",52.714848247597914,52.44509271482594,0.5956541021950865,113.44904490441995,517.7992907189896
"(79, 1059.7565488043351)",52.61923744846443,52.71749159400219,0.5987479251999274,115.10683664924981,519.4201981643814
"(80, 1059.7565488043351)",52.522057672075434,52.993006823049576,0.601877146213061,116.78680236151621,521.0564449134395
"(81, 1059.7565488043351)",52.42333306402929,53.27162194286622,0.6050415499726789,118.48907379923432,522.7076710830374
"(82, 1059.7565488043351)",52.323107622219446,53.55327668026581,0.6082405228577907,120.21378401438842,524.3730933323282
"(83, 1059.7565488043351)",52.22141430037675,53.837939193234995,0.6114736050319055,121.96106234417142,526.0520950093859
"(84, 1059.7565488043351)",52.118289668984374,54.125569647851876,0.6147404181534284,123.73103933358034,527.7441446192308
"(85, 1059.7565488043351)",52.01376974847027,54.416127685246266,0.6180404876764607,125.52384409717529,529.4486101441789
"(86, 1059.7565488043351)",51.907893532372974,54.709572773016745,0.6213733282982417,127.33960493677581,531.1648489796319
"(87, 1059.7565488043351)",51.800698373720635,55.00586364945272,0.6247385091473189,129.17844748582414,532.892278873304
"(88, 1059.7565488043351)",51.69222410952409,55.304958906418676,0.628135533293375,131.04049980021153,534.6302451441461
"(89, 1059.7565488043351)",51.582509471561984,55.6068166160786,0.6315639437608099,132.92588384773381,536.3781415414774
"(90, 1059.7565488043351)",51.47159485728675,55.91139471327841,0.6350232420621955,134.83471791803623,538.1353215003359
"(91, 1059.7565488043351)",51.359520473344965,56.2186508330504,0.6385129494479804,136.7671372805756,539.9011423932931
"(92, 1059.7565488043351)",51.24002489666074,56.54168536422899,0.6421818686492391,138.72329623271628,541.8331445917203
"(93, 1059.7565488043351)",51.132052179046624,56.84102681984242,0.6455816898491595,140.70317387654208,543.456249729274
"(94, 1059.7565488043351)",51.016786106446304,57.15596449783433,0.6491586507179683,142.7070272824054,545.2431040289474
"(95, 1059.7565488043351)",50.90042969493574,57.473601890202175,0.6527662675871825,144.73493119282784,547.0383957212517
"(96, 1059.7565488043351)",50.78316194000323,57.79360714429743,0.6564007758823039,146.78699083941942,548.8380300420988
"(97, 1059.7565488043351)",50.664976584869095,58.11603354881751,0.6600628129470485,148.86331974934157,550.642568893504
"(98, 1059.7565488043351)",50.54591509986882,58.44083840846595,0.6637518343154611,150.96402716902784,552.451326027672
"(99, 1059.7565488043351)",50.42601167438048,58.76799084203077,0.6674675132824212,153.08922424178186,554.2638440734084
"(100, 1059.7565488043351)",50.305322934079825,59.09741247393247,0.6712089633295737,155.2390112464246,556.07908325826
"(101, 1059.7565488043351)",50.18387049840198,59.42909660731221,0.6749761486347965,157.41349558173061,557.8968982207232
"(102, 1059.7565488043351)",50.0617004679646,59.762989255223964,0.6787683795595384,159.61278033969984,559.7164550198275
"(103, 1059.7565488043351)",49.93885033616065,60.099048714305155,0.6825852467835801,161.83696487619935,561.5372205199229
"(104, 1059.7565488043351)",49.81667157455813,60.4345223561653,0.6863954310452614,164.0861500477655,563.3259030718247
"(105, 1059.7565488043351)",49.69126307435883,60.777501035308134,0.6902908783469306,166.36042417436673,565.1798547336897
"(106, 1059.7565488043351)",49.56660076370393,61.1198118590025,0.6941787152851902,168.65989225588044,567.0005473081798
"(107, 1059.7565488043351)",49.441406501252445,61.464124793819266,0.698089334287706,170.9846444123255,568.8200992495297
"(108, 1059.7565488043351)",49.31571753661267,61.810400043218095,0.7020222038202701,173.3347734604427,570.6378544441403
"(109, 1059.7565488043351)",49.189568388908555,62.15859776251231,0.7059769133571567,175.71036873847999,572.4532884964376
"(110, 1059.7565488043351)",49.06299244980626,62.5086788649364,0.7099530192753408,178.11151938143328,574.2658421390195
"(111, 1059.7565488043351)",48.936023305187106,62.86060471657735,0.7139500766783036,180.53831273156356,576.0749565476259
"(112, 1059.7565488043351)",48.80869338445876,63.214337155577915,0.7179676540603445,182.9908346678073,577.8800885523282
"(113, 1059.7565488043351)",48.68103417299635,63.569838709960884,0.7220053231463678,185.46916969999495,579.6806997759585
"(114, 1059.7565488043351)",48.55307632489367,63.927072334531935,0.7260626658165115,187.97340103867037,581.4762639027111
"(115, 1059.7565488043351)",48.424849481590755,64.28600173260953,0.7301392672449817,190.50361066962742,583.2662593324404
"(116, 1059.7565488043351)",48.296382411501696,64.6465910480136,0.7342347236960565,193.05987943310907,585.0501773633283
"(117, 1059.7565488043351)",48.1677027602728,65.00880531704188,0.738348632640178,195.64228710758,586.8275116335749
"(118, 1059.7565488043351)",48.03883732069112,65.372609920324,0.7424806058475297,198.25091249800582,588.5977719091242
"(119, 1059.7565488043351)",47.909811741799885,65.73797110640095,0.7466302579130348,200.88583352856716,590.3604718302413
"(120, 1059.7565488043351)",47.780650670090424,66.10485570412095,0.7507972130991297,203.54712733975597,592.1151360660906
"(1, 1062.1261069645218)",55.11796151633494,42.64905744637371,0.4843939682793494,48.06000668180056,466.4274730838409
"(2, 1062.1261069645218)",55.118237641916416,42.65268659932062,0.48443518663144597,48.09776241053368,466.4334964429556
"(3, 1062.1261069645218)",55.11868722710656,42.658754737997945,0.48450412058689124,48.160669706248044,466.443805700976
"(4, 1062.1261069645218)",55.119305855257075,42.667261474344926,0.48460071701463103,48.248700011173064,466.45837298379286
"(5, 1062.1261069645218)",55.12007795771027,42.678228991445316,0.48472529025925926,48.36180360456625,466.47758188574863
"(6, 1062.1261069645218)",55.12098670335365,42.691680495274184,0.4848780603992279,48.49995589752224,466.5016907468179
"(7, 1062.1261069645218)",55.12200802321158,42.70764653642929,0.4850593982496235,48.663063283447784,466.53118702597845
"(8, 1062.1261069645218)",55.12311390993287,42.72616502202584,0.4852697351245337,48.85105567934805,466.56659891617755
"(9, 1062.1261069645218)",55.12426931019643,42.747283193241046,0.4855095943883711,49.063838201144094,466.6085771805005
"(10, 1062.1261069645218)",55.12543148246061,42.77105864891696,0.4857796282221787,49.30129942197248,466.6579259443229
"(11, 1062.1261069645218)",55.12655229410443,42.79755885336162,0.48608061422987303,49.56330934686503,466.71560111603355
"(12, 1062.1261069645218)",55.127573058310524,42.826861593349925,0.48641340452421167,49.84971896952307,466.782656753137
"(13, 1062.1261069645218)",55.12843168894386,42.859051345630384,0.4867790194270659,50.160360620717505,466.8603442353593
"(14, 1062.1261069645218)",55.12906146242423,42.894217278702136,0.48717841014936725,50.495047573486566,466.949860595626
"(15, 1062.1261069645218)",55.12939195643736,42.93245034650726,0.4876126680691363,50.8535762451571,467.05256859769815
"(16, 1062.1261069645218)",55.129355360613864,42.9738397203784,0.4880827234524544,51.23572856035692,467.1696743768398
"(17, 1062.1261069645218)",55.128880969110135,43.01847166926228,0.4885896519396188,51.64127382020484,467.3025510975732
"(18, 1062.1261069645218)",55.127900763413784,43.066427151600685,0.4891343245951863,52.0699714369449,467.4523645280611
"(19, 1062.1261069645218)",55.1263564304235,43.1177787271986,0.4897174646620568,52.52157362494372,467.62013062910245
"(20, 1062.1261069645218)",55.12417466517503,43.17259589471576,0.49034014405217924,52.995828241418245,467.80724004914566
"(21, 1062.1261069645218)",55.121307646430274,43.23093560147175,0.4910027317781063,53.49248083626196,468.0143391761634
"(22, 1062.1261069645218)",55.11769741471623,43.29285020142719,0.49170595749674173,54.01127751918194,468.24245688809503
"(23, 1062.1261069645218)",55.11329293608193,43.358384263379975,0.49245026618991566,54.55196645056147,468.4923176513761
"(24, 1062.1261069645218)",55.108043814020505,43.42757624813944,0.493236142219801,55.114300461663284,468.7646830884532
"(25, 1062.1261069645218)",55.101904093311326,43.50045840948165,0.494063896480196,55.698038028130625,469.06012493210244
"(26, 1062.1261069645218)",55.09482731793738,43.57705811916508,0.4949339004558166,56.30294534942571,469.37927154647696
"(27, 1062.1261069645218)",55.08677042386667,43.65739830290483,0.4958463646266697,56.92879590172431,469.7225730117112
"(28, 1062.1261069645218)",55.07768943181551,43.741498246362134,0.496801554467615,57.5753776386272,470.0905233419835
"(29, 1062.1261069645218)",55.06754171947944,43.8293742344819,0.4977996139819322,58.24248409610225,470.48348195096906
"(30, 1062.1261069645218)",55.05628551852422,43.92103981068037,0.4988407239014214,58.929921968920155,470.9018341038605
"(31, 1062.1261069645218)",55.043878965074164,44.01650652854663,0.4999250078876441,59.63750832478029,471.345894077131
"(32, 1062.1261069645218)",55.03028012248577,44.115784388239526,0.5010525811287577,60.365080173901504,471.81594720491114
"(33, 1062.1261069645218)",55.01544767740885,44.21888182320847,0.5022235151278416,61.112476658827106,472.3122302899449
"(34, 1062.1261069645218)",54.99933971180386,44.32580629265315,0.5034379296317871,61.87955664792191,472.8350116501671
"(35, 1062.1261069645218)",54.981914835665236,44.436564197549295,0.5046958777761243,62.666190423291255,473.38447744010574
"(36, 1062.1261069645218)",54.963131315630164,44.551161391413444,0.5059974475470937,63.472261251500484,473.96083784567895
"(37, 1062.1261069645218)",54.94295034080178,44.66960234524476,0.5073426668962724,64.29766575541417,474.5642259321219
"(38, 1062.1261069645218)",54.92132956394358,44.79189157329551,0.5087315743525899,65.1423135495914,475.19477300745706
"(39, 1062.1261069645218)",54.89823053800531,44.91803261367643,0.5101642456140708,66.00612562437624,475.8526384821889
"(40, 1062.1261069645218)",54.873613530752685,45.04802833021372,0.5116406940112659,66.88903606351637,476.53790243129555
"(41, 1062.1261069645218)",54.84744200151728,45.181880745776304,0.5131609477549484,67.79099145277145,477.25064823241615
"(42, 1062.1261069645218)",54.81958554341615,45.31980447407091,0.514727435845251,68.71194960330193,477.99349797884526
"(43, 1062.1261069645218)",54.7902850211776,45.4611614798545,0.5163329402736925,69.65187962318454,478.7588161272575
"(44, 1062.1261069645218)",54.75923155851612,45.60659007858928,0.5179846494689179,70.61076143110489,479.5542577766992
"(45, 1062.1261069645218)",54.72648354922981,45.755876542336686,0.5196802079703265,71.58858638793431,480.37732977010165
"(46, 1062.1261069645218)",54.691982106756946,45.9090835279273,0.5214202735252387,72.58535439519144,481.2287308165465
"(47, 1062.1261069645218)",54.65578289919349,46.06601456216431,0.5232026354069803,73.60107613815433,482.10610216023974
"(48, 1062.1261069645218)",54.61777273406693,46.22685937798844,0.5250294709334778,74.63577222674652,483.0117357774708
"(49, 1062.1261069645218)",54.577956310388,46.39154845751568,0.5268999748495627,75.68946995700037,483.94474908967027
"(50, 1062.1261069645218)",54.53631019136532,46.560075787772476,0.528814032970493,76.76220774742539,484.90498239973266
"(51, 1062.1261069645218)",54.49281137925285,46.73243451603402,0.5307716273756515,77.85402863580103,485.8923736359235
"(52, 1062.1261069645218)",54.447442732463486,46.90861609126,0.5327726187689005,78.96498754192918,486.90671992837633
"(53, 1062.1261069645218)",54.40018517135467,47.08861138238256,0.5348169566610435,80.09514224834281,487.9479098686646
"(54, 1062.1261069645218)",54.351025185518004,47.272409783210946,0.5369044882253134,81.24455961664266,489.0157142738885
"(55, 1062.1261069645218)",54.299950151934404,47.459999355684964,0.5390350778066003,82.41331251691835,490.10991619112417
"(56, 1062.1261069645218)",54.24694956217931,47.65136740307311,0.5412085782578305,83.60147951398949,491.2302807668038
"(57, 1062.1261069645218)",54.19201577785907,47.846499496367144,0.5434248042791997,84.80914504295512,492.37652675406844
"(58, 1062.1261069645218)",54.1351422298042,48.04538047353264,0.5456836226481239,86.03639844459526,493.54842331295373
"(59, 1062.1261069645218)",54.07632511951519,48.24799360625792,0.5479848435709983,87.28333397150556,494.7456746061213
"(60, 1062.1261069645218)",54.01556368595996,48.45432115955556,0.55032822915719,88.55005021394099,495.9679293734644
"(61, 1062.1261069645218)",53.95285791473414,48.66434414211716,0.5527136191000107,89.83665034878577,497.21491417218016
"(62, 1062.1261069645218)",53.8882105342421,48.87804256272247,0.5551407399825552,91.14324181151076,498.4862311635644
"(63, 1062.1261069645218)",53.82162778043954,49.095394709575196,0.5576093497680644,92.46993337279086,499.78151450338186
"(64, 1062.1261069645218)",53.75311547399847,49.316378403963604,0.5601192008789327,93.81684009425048,501.10038617136934
"(65, 1062.1261069645218)",53.68275608173983,49.54081107866482,0.5626682407493696,95.18407771708019,502.4405503426241
"(66, 1062.1261069645218)",53.61034135782893,49.76914425522115,0.565261571919958,96.57176505576513,503.8073077442258
"(67, 1062.1261069645218)",53.536103995780024,50.000875853507985,0.5678934963608965,97.9800239627838,505.194484497486
"(68, 1062.1261069645218)",53.45998546624209,50.236137549242,0.5705655239076922,99.40897781081976,506.6035608654302
"(69, 1062.1261069645218)",53.3820024303912,50.47490143336877,0.5732773330998246,100.85875107582777,508.0340709404924
"(70, 1062.1261069645218)",53.30217439460691,50.717138383651935,0.5760285790765916,102.32947377390373,509.4855184210217
"(71, 1062.1261069645218)",53.22048435825543,50.96289530727949,0.5788198044817674,103.82126918090127,510.9583563872841
"(72, 1062.1261069645218)",53.13706351317131,51.211910137171344,0.5816480203794875,105.33427273456931,512.4492747747166
"(73, 1062.1261069645218)",53.05182587980915,51.464381971433305,0.5845155242088067,106.86861101432027,513.9605871739062
"(74, 1062.1261069645218)",52.9648342819014,51.72020079798936,0.587421039847069,108.42441458826333,515.4908076135553
"(75, 1062.1261069645218)",52.87611470757077,51.979332848894494,0.590364156415287,110.00039615066991,517.040786994093
"(76, 1062.1261069645218)",52.78569435687291,52.2417434665269,0.5933445518277097,111.6009521138223,518.605786807552
"(77, 1062.1261069645218)",52.69360432323035,52.507397221513,0.5963617499938088,113.221947754449,520.1894361090245
"(78, 1062.1261069645218)",52.59987369207764,52.77625776513848,0.5994153934278723,114.86493904549812,521.7897992306551
"(79, 1062.1261069645218)",52.50453411967884,53.04828981386273,0.6025050318145944,116.53005467120632,523.4062691965642
"(80, 1062.1261069645218)",52.407620639537164,53.323450679700954,0.6056302353070521,118.21743168837168,525.0382523983147
"(81, 1062.1261069645218)",52.30916556764277,53.60170699289787,0.6087905621915419,119.92719677556941,526.6851530016756
"(82, 1062.1261069645218)",52.20920379748006,53.8830180609639,0.6119855973569216,121.65948213904929,528.3463979000152
"(83, 1062.1261069645218)",52.10777150164549,54.167344270627744,0.6152148821263196,123.4144172436529,530.0213704558122
"(84, 1062.1261069645218)",52.00490514019531,54.454645460764795,0.6184779658579912,125.19211782786786,531.7094762922168
"(85, 1062.1261069645218)",51.9006432298974,54.74488126284762,0.6217743473049496,126.99274516758413,533.4100217458285
"(86, 1062.1261069645218)",51.79502269045806,55.03801039106575,0.6251036189528243,128.8164049060478,535.1224683417493
"(87, 1062.1261069645218)",51.688078376513275,55.3339988568811,0.6284653616074194,130.66321791355654,536.8462499725823
"(88, 1062.1261069645218)",51.57986126398243,55.63278219525648,0.6318588456703933,132.5333143993232,538.5804615036682
"(89, 1062.1261069645218)",51.47039991463932,55.93434097390047,0.6352838505463541,134.4268182063804,540.3247447918498
"(90, 1062.1261069645218)",51.35973805699448,56.2386251080937,0.6387398081004227,136.34384968323747,542.0783760577303
"(91, 1062.1261069645218)",51.24791682755186,56.545592061875666,0.6422261901533112,138.28453022462008,543.8406729135729
"(92, 1062.1261069645218)",51.134974017144685,56.85519856969912,0.6457426083538399,140.2489771271093,545.6111055848706
"(93, 1062.1261069645218)",51.02095494039009,57.16739493405847,0.6492884732622896,142.2371903986872,547.3890480043265
"(94, 1062.1261069645218)",50.90589264152369,57.4821588085429,0.652863429944096,144.24963854670568,549.1736546793218
"(95, 1062.1261069645218)",50.78983438730266,57.79942605067602,0.6564668843773618,146.2860831386601,550.9645331161961
"(96, 1062.1261069645218)",50.67282164736746,58.11916089782077,0.6600982807678448,148.34675133630702,552.7608658296178
"(97, 1062.1261069645218)",50.55489027460289,58.44131949014676,0.6637573019171494,150.43175437248496,554.5622046820516
"(98, 1062.1261069645218)",50.436084831433455,58.76585925255525,0.6674432864032128,152.54120040012816,556.3677390069225
"(99, 1062.1261069645218)",50.31690070815465,59.09178247596338,0.6711450339266555,154.67519679424,558.1654652988504
"(100, 1062.1261069645218)",50.19600596388864,59.42190991959705,0.6748945211209015,156.83384698301253,559.9892433468158
"(101, 1062.1261069645218)",50.07481318574894,59.753335442454954,0.6786587264216056,159.0172549303293,561.8038961213513
"(102, 1062.1261069645218)",49.952903749548334,60.08697122982078,0.6824480493223395,161.2255217006844,563.620368131584
"(103, 1062.1261069645218)",49.83031461245608,60.42277495896746,0.6862620309530244,163.45874576803595,565.438073525666
"(104, 1062.1261069645218)",49.70708691708864,60.760705147106385,0.6901001197182292,165.71702541429224,567.2563281577809
"(105, 1062.1261069645218)",49.583256554664715,61.100720044753906,0.6939618841827138,168.00045762501117,569.074576803739
"(106, 1062.1261069645218)",49.45890938029825,61.44267720089819,0.6978457219463357,170.30913488378212,570.8910250289256
"(107, 1062.1261069645218)",49.333934792909986,61.78684035371311,0.7017546243538363,172.6431506303664,572.7087565789242
"(108, 1062.1261069645218)",49.20851568494751,62.13286480753701,0.7056846445293949,175.00259450904264,574.523489729606
"(109, 1062.1261069645218)",49.0826388906343,62.48081252811853,0.7096364928699517,177.3875575764402,576.3358879554781
"(110, 1062.1261069645218)",48.956335439531884,62.83064357855745,0.7136097879331204,179.7981264675428,578.1454594816403
"(111, 1062.1261069645218)",48.82964137235366,63.18231979165824,0.7176040107051581,182.23438771554626,579.9515665168503
"(112, 1062.1261069645218)",48.70258822423303,63.535802768226844,0.721618754110245,184.69642617291268,581.7536918427903
"(113, 1062.1261069645218)",48.57520750686716,63.89105486008205,0.7256535905475028,187.18432533758627,583.55129779546
"(114, 1062.1261069645218)",48.447529817084934,64.2480390073277,0.7297080990952614,189.6981674239293,585.3438550886021
"(115, 1062.1261069645218)",48.319584817963715,64.60671873980407,0.733781866141883,192.23803343778636,587.1308434086536
"(116, 1062.1261069645218)",48.19140117603305,64.96705826498952,0.7378744839606968,194.8040032561584,588.9117498214719
"(117, 1062.1261069645218)",48.06300658247947,65.32902239524017,0.7419855529562931,197.39615571141437,590.6860710739713
"(118, 1062.1261069645218)",47.93442772823015,65.69257656772872,0.7461146816745806,200.01456867996092,592.4533135161348
"(119, 1062.1261069645218)",47.805690240851916,66.05768693578837,0.7502614851644922,202.65931917530824,594.2129912678741
"(120, 1062.1261069645218)",47.67681869808285,66.42432031722646,0.7544255865435804,205.330483445475,595.9646277844839
"(1, 1064.449666647486)",54.98027522451997,43.013533242749745,0.488533576849663,49.190336484972065,470.8290665387557
"(2, 1064.449666647486)",54.98051221793427,43.01727392572453,0.4885760522491808,49.228187798305264,470.83642815028
"(3, 1064.449666647486)",54.98103246881089,43.02316726597384,0.48864297546636054,49.2912545866983,470.84459775810495
"(4, 1064.449666647486)",54.98167760760446,43.031618514919785,0.48873899320656256,49.37950864818069,470.8585497481728
"(5, 1064.449666647486)",54.982571991563916,43.04228530890644,0.4888601221501,49.492910081971836,470.87408397795144
"(6, 1064.449666647486)",54.98343863256772,43.055875683240835,0.4890144678112166,49.63140682171541,470.89988042573185
"(7, 1064.449666647486)",54.985687037631216,43.06998347840332,0.48923807268955993,49.79493427575492,470.97436910990575
"(8, 1064.449666647486)",54.98568367411872,43.090126496498925,0.48940348506023074,49.983413506523675,470.9619630219569
"(9, 1064.449666647486)",54.98691401340512,43.11109830631533,0.4896416711747244,50.19675146805908,471.00216219059433
"(10, 1064.449666647486)",54.988164307792644,43.13470545785756,0.489909794472513,50.434837840241926,471.04947957336293
"(11, 1064.449666647486)",54.989386685581735,43.16101409507984,0.49020855371117084,50.697544614636975,471.1047869709651
"(12, 1064.449666647486)",54.99052153392134,43.190100689490926,0.4905389648288869,50.98472482357814,471.16931276613343
"(13, 1064.449666647486)",54.99151116504209,43.222047192991255,0.49090181247697845,51.29621261518308,471.2440580325833
"(14, 1064.449666647486)",54.99229104561449,43.256940960347826,0.49129811002703067,51.63182389764389,471.33028554516886
"(15, 1064.449666647486)",54.99279079224947,43.29487178135703,0.49172891177162553,51.99135760153905,471.42931861469884
"(16, 1064.449666647486)",54.99294306300779,43.335927742031,0.4921951887977041,52.374597811253594,471.542406829959
"(17, 1064.449666647486)",54.992678046120325,43.38019439885908,0.4926979669298167,52.781316113733425,471.6708705426041
"(18, 1064.449666647486)",54.9919303417638,43.427751712885545,0.4932381091515214,53.21127381856638,471.8158670456069
"(19, 1064.449666647486)",54.99063531405509,43.47867374329462,0.4938164810595136,53.66422566938204,471.97856297945185
"(20, 1064.449666647486)",54.98873238435345,43.53302729669123,0.49443382603842606,54.139920744246496,472.1600005615973
"(21, 1064.449666647486)",54.98616399538398,43.59087215223663,0.4950907889886588,54.63810636094669,472.36111893827206
"(22, 1064.449666647486)",54.982873896601866,43.652260977345335,0.4957880319860557,55.158527156278524,472.58287821909164
"(23, 1064.449666647486)",54.97880942182907,43.717239810664644,0.49652606131532123,55.700941076332356,472.82605937255056
"(24, 1064.449666647486)",54.97392262897122,43.785847746901034,0.4973052723384251,56.265093343153,473.0913380195209
"(25, 1064.449666647486)",54.96816392576883,43.8581190554137,0.4981260815874843,56.85074611246817,473.37939538174794
"(26, 1064.449666647486)",54.96148647082527,43.934082965198755,0.49898886422853395,57.45766643791571,473.6908637509549
"(27, 1064.449666647486)",54.95384507553983,44.01376413475218,0.4998938653425047,58.08562992337894,474.0262283995735
"(28, 1064.449666647486)",54.94519757656658,44.097183559553024,0.5008412659153466,58.73442144478615,474.3858971021095
"(29, 1064.449666647486)",54.93549447539843,44.18436025055231,0.50183143247501,59.403837204272456,474.77046380698243
"(30, 1064.449666647486)",54.92469762370954,44.2753091089781,0.5028643969402197,60.093683644456036,475.18015604745
"(31, 1064.449666647486)",54.912761428039175,44.37004419863012,0.5039403532585895,60.80378207870223,475.6153589576198
"(32, 1064.449666647486)",54.89964248178175,44.46857748620766,0.5050594701417355,61.53396232142705,476.07642230809927
"(33, 1064.449666647486)",54.8852974543373,44.570919614766645,0.5062218665876018,62.28406973588466,476.56362740295623
"(34, 1064.449666647486)",54.86968504572566,44.67707971108522,0.5074275697195757,63.05396086489997,477.0771465708464
"(35, 1064.449666647486)",54.85276035020215,44.78706652024437,0.5086767642752972,63.84350780789178,477.6173043562701
"(36, 1064.449666647486)",54.83448119158855,44.90088755562264,0.5099695381583483,64.65259279111692,478.1843121019094
"(37, 1064.449666647486)",54.814806599459324,45.01854924275219,0.511305879109607,65.48111286060475,478.77825971251633
"(38, 1064.449666647486)",54.793694031503215,45.14005784915007,0.5126859282992345,66.32897720174967,479.3993882712274
"(39, 1064.449666647486)",54.7711025429366,45.26541834319992,0.5141097438379789,67.19610758586988,480.04783786269127
"(40, 1064.449666647486)",54.74699074434931,45.394635449590375,0.515577404201773,68.08243803742984,480.7237579961236
"(41, 1064.449666647486)",54.72132498147225,45.52771195643114,0.5170887875731062,68.98791611268379,481.42707144666184
"(42, 1064.449666647486)",54.694062543190995,45.66465142424592,0.5186440914837582,69.9124976130725,482.15803267550217
"(43, 1064.449666647486)",54.66516887555564,45.8054544921615,0.5202432877747237,70.85615358473913,482.91664066265776
"(44, 1064.449666647486)",54.63460979624473,45.95012498024905,0.5218863368382427,71.81886384344575,483.70287343189926
"(45, 1064.449666647486)",54.602347979948036,46.09866039969422,0.5235733996409759,72.80061711323468,484.5169136000932
"(46, 1064.449666647486)",54.56835606989003,46.25106031136694,0.5253043309899894,73.80141803215729,485.3586019786176
"(47, 1064.449666647486)",54.53260306263072,46.40732282879207,0.5270791329498592,74.82127334631836,486.2279340190053
"(48, 1064.449666647486)",54.49506205009622,46.567444809165956,0.5288977185766944,75.86020452701105,487.1247957025672
"(49, 1064.449666647486)",54.45570619865594,46.73142186354684,0.5307601204581659,76.91823831272802,488.04919497874624
"(50, 1064.449666647486)",54.41451187105455,46.8992488754602,0.5326662447727648,77.99541495101776,489.0009917317199
"(51, 1064.449666647486)",54.37145890067207,47.070918877097455,0.5346160085190277,79.09177395061903,489.98005810186953
"(52, 1064.449666647486)",54.326525273725785,47.24642433541932,0.5366093551173966,80.20737478305905,490.9862743915763
"(53, 1064.449666647486)",54.2796962487112,47.42575614567666,0.5386461352229023,81.34227066527374,492.0194284137013
"(54, 1064.449666647486)",54.23095590157694,47.60890403122396,0.5407262759326857,82.4965299627454,493.07937420133857
"(55, 1064.449666647486)",54.180296518267646,47.795845590399175,0.5428494949120556,83.67022508875236,494.16573881014136
"(56, 1064.449666647486)",54.127693542763495,47.98660036872773,0.5450160137305787,84.8634340862855,495.2786800467708
"(57, 1064.449666647486)",54.073152441478776,48.18112211554905,0.5472253431252561,86.0762409285058,496.4175931422292
"(58, 1064.449666647486)",54.01666364435481,48.37940619901533,0.549477395587485,87.3087349829241,497.58229558050306
"(59, 1064.449666647486)",53.9582232951499,48.58143608508388,0.55177196946829,88.56100984354428,498.77247912240387
"(60, 1064.449666647486)",53.89782911956691,48.78719397298433,0.5541089097648271,89.83316311623865,499.9878811693334
"(61, 1064.449666647486)",53.83548326089318,48.99666081355146,0.5564879551128248,91.12529933696402,501.22811897622347
"(62, 1064.449666647486)",53.771186714442855,49.20981644267902,0.5589089408541574,92.43752256048138,502.49291321802593
"(63, 1064.449666647486)",53.704948506371046,49.42663904620756,0.5613715106024931,93.76994366301957,503.7817736631999
"(64, 1064.449666647486)",53.63677169363383,49.647106425694325,0.5638755173192399,95.12267446862167,505.09443197252205
"(65, 1064.449666647486)",53.566667849666665,49.871194384488376,0.5664206361032615,96.49583225963006,506.4304250227437
"(66, 1064.449666647486)",53.49464807653118,50.09887808687824,0.5690065741489976,97.88953523162482,507.7893229415036
"(67, 1064.449666647486)",53.4207249068579,50.33013134987399,0.5716330849785242,99.30390327904477,509.17074347101936
"(68, 1064.449666647486)",53.34491515956723,50.56492708054844,0.5742997859861944,100.73905794793929,510.574157800788
"(69, 1064.449666647486)",53.267233591474316,50.80323669180839,0.5770064483185495,102.19512882388062,511.99919274224925
"(70, 1064.449666647486)",53.18770057495292,51.04503112176039,0.5797526772284971,103.67223685981192,513.4453071540495
"(71, 1064.449666647486)",53.106336524427874,51.290279870943806,0.5825381340812859,105.17051193152791,514.9120107007453
"(72, 1064.449666647486)",53.02316435385425,51.53895151983381,0.5853624496329332,106.6900824150061,516.3987819647255
"(73, 1064.449666647486)",52.93820652583877,51.79101387935451,0.5882252966544395,108.23107627755492,517.9051446598817
"(74, 1064.449666647486)",52.85148912040627,52.04643348824506,0.5911262809720073,109.79362756752104,519.4305451597003
"(75, 1064.449666647486)",52.76304003367148,52.30517646552335,0.594064987857101,111.37786449071145,520.9744138007227
"(76, 1064.449666647486)",52.672886380754285,52.56720752361773,0.597041046839036,112.983917901402,522.536225381276
"(77, 1064.449666647486)",52.581057440939084,52.83249098800158,0.6000540697005993,114.61192004016951,524.1154344231007
"(78, 1064.449666647486)",52.487586208389615,53.10099023334516,0.603103581030577,116.26200112273679,525.7114046591661
"(79, 1064.449666647486)",52.392503188239466,53.37266776031986,0.6061891906785145,117.93429267827071,527.3235892647835
"(80, 1064.449666647486)",52.29584045824351,53.64748563659064,0.6093105358021496,119.6289254772502,528.951471242149
"(81, 1064.449666647486)",52.19763601310449,53.92540507124335,0.6124670248027233,121.34602933078818,530.5942910530482
"(82, 1064.449666647486)",52.09792145329783,54.206386617639204,0.6156583477976574,123.08573385753262,532.2515892244259
"(83, 1064.449666647486)",51.99673548210515,54.49039054757418,0.6188839491670483,124.84816803035585,533.9226453539883
"(84, 1064.449666647486)",51.89411387231797,54.77737625558004,0.6221434153490568,126.63345698943975,535.6068940857923
"(85, 1064.449666647486)",51.79009438818323,55.06730266824493,0.6254362902397786,128.44173461228192,537.3037160426908
"(86, 1064.449666647486)",51.68471537375688,55.360128536876054,0.6287621030952768,130.2731193613704,539.0124916789694
"(87, 1064.449666647486)",51.57801534076661,55.655811866752984,0.6321203939065835,132.12774086365954,540.7326017112807
"(88, 1064.449666647486)",51.470034296333736,55.95431041349578,0.6355106556101138,134.00571845564605,542.463387059465
"(89, 1064.449666647486)",51.36081296118819,56.255581881146085,0.6389323693511098,135.90717178755096,544.2041757785262
"(90, 1064.449666647486)",51.25038945830979,56.55958333104799,0.6423851361037143,137.8322348034369,545.9544091814616
"(91, 1064.449666647486)",51.13880534126906,56.86627173347065,0.6458684130380049,139.78101218680123,547.713404769644
"(92, 1064.449666647486)",51.02610265829334,57.17560401651087,0.6493817087218816,141.75362655502653,549.4805168209552
"(93, 1064.449666647486)",50.919906683655874,57.47153728968719,0.652742821037028,143.75026562406876,551.0616126353353
"(94, 1064.449666647486)",50.79750029178117,57.802026431150125,0.6564964459285717,145.7708263081014,553.0365967158261
"(95, 1064.449666647486)",50.681684276111355,58.11902989651532,0.6600968530967632,147.81563992748923,554.824235306415
"(96, 1064.449666647486)",50.56491221637341,58.43850345947241,0.6637253115187752,149.8847417113223,556.6174448803368
"(97, 1064.449666647486)",50.447224664728225,58.76040371962361,0.6673813498811837,151.97824374227127,558.415611665504
"(98, 1064.449666647486)",50.32866262147864,59.08468733478774,0.6710644550583202,154.0962515054676,560.2180839803383
"(99, 1064.449666647486)",50.20926628079319,59.41131119493376,0.6747741451605404,156.2388706351542,562.0242432433254
"(100, 1064.449666647486)",50.089075685073034,59.740232081586534,0.6785099069860451,158.40620462158296,563.8334396867294
"(101, 1064.449666647486)",49.96813052887946,60.0714073011091,0.6822712921865258,160.5983538308954,565.6450957002015
"(102, 1064.449666647486)",49.84647075931518,60.40479428976289,0.6860577602325497,162.81542356513395,567.4585306153245
"(103, 1064.449666647486)",49.72413266236295,60.7403504404836,0.6898689406308408,165.05750693498365,569.2732569499692
"(104, 1064.449666647486)",49.60115597740604,61.07803400088777,0.6937042513691053,167.3247009302673,571.0885581915206
"(105, 1064.449666647486)",49.4775806659787,61.41780351763816,0.6975632128601752,169.61710146592026,572.9038279286425
"(106, 1064.449666647486)",49.35344017736138,61.75961739217737,0.7014454366916759,171.9348039578539,574.718557300001
"(107, 1064.449666647486)",49.22877227322473,62.10343491474403,0.7053503975081538,174.27789627924912,576.532099217977
"(108, 1064.449666647486)",49.10361270492656,62.44921572170012,0.7092776672920064,176.64646867950884,578.3439078299738
"(109, 1064.449666647486)",48.97799675208358,62.79692004313512,0.7132267569373627,179.04061110531637,580.1533725607269
"(110, 1064.449666647486)",48.85195690523908,63.14650817950495,0.71719727419096,181.46040894301848,581.9599904900346
"(111, 1064.449666647486)",48.72552776248116,63.49794142974733,0.7211887380769246,183.9059477963986,583.763164039505
"(112, 1064.449666647486)",48.598741327704055,63.85118149190221,0.7252007219446945,186.37731154049266,585.5623551860538
"(113, 1064.449666647486)",48.47162912268701,64.20619057365177,0.7292327983474148,188.87458267846114,587.357026430858
"(114, 1064.449666647486)",48.34422171333283,64.5629315476443,0.733284545015527,191.39784244552118,589.14664705401
"(115, 1064.449666647486)",48.21654873332268,64.92136786970224,0.7373555474466322,193.94717088451816,590.9306957957242
"(116, 1064.449666647486)",48.08863880816821,65.28146369216292,0.74144539687571,196.52264692606397,592.7086586155984
"(117, 1064.449666647486)",47.960519611553245,65.64318372569238,0.7455536940134885,199.1243484731641,594.4800325872956
"(118, 1064.449666647486)",47.83221776657928,66.00649339965909,0.7496800458161185,201.7523524902611,596.2443223709784
"(119, 1064.449666647486)",47.70375885873713,66.37135880919983,0.7538240671517918,204.4067350966445,598.0010418939324
"(120, 1064.449666647486)",47.575167412243076,66.73774673468105,0.7579853807228376,207.08757166413986,599.7497141699524
"(1, 1066.7184137954714)",54.8472000926372,43.36845307454312,0.49256459399175534,50.30327033158516,475.1244520631105
"(2, 1066.7184137954714)",54.84749616527421,43.37204061891103,0.4926053738627856,50.341214353497016,475.1300086805388
"(3, 1066.7184137954714)",54.84798481039493,43.37802738096438,0.4926733736401902,50.404435920002,475.13932372872534
"(4, 1066.7184137954714)",54.848656455793,43.38642538083575,0.4927687543642424,50.49290706868691,475.152596954708
"(5, 1066.7184137954714)",54.84949863042993,43.397251444271966,0.4928916911504197,50.60658833107605,475.17005462586707
"(6, 1066.7184137954714)",54.85049227071303,43.41052867295718,0.493042505386306,50.74542827749004,475.1920910019355
"(7, 1066.7184137954714)",54.85161782062683,43.426285197444244,0.49322146523767,50.909362943764116,475.2190561044415
"(8, 1066.7184137954714)",54.85284809247008,43.444557157845814,0.4934289960314656,51.09831471871521,475.2514812486618
"(9, 1066.7184137954714)",54.854149108503634,43.46538966739491,0.49366559336338506,51.3121912639307,475.28998743405964
"(10, 1066.7184137954714)",54.85548089639584,43.488837200164284,0.49393190410776866,51.55088388616281,475.33537338665303
"(11, 1066.7184137954714)",54.856796507721725,43.514964289604364,0.49422864931996596,51.814266153347404,475.388534701525
"(12, 1066.7184137954714)",54.8580411859049,43.54384487150975,0.49455668866867586,52.1021931686409,475.45053329994977
"(13, 1066.7184137954714)",54.859156055761716,43.57555981226363,0.4949168738136706,52.414501218115,475.52244137701723
"(14, 1066.7184137954714)",54.86007571519348,43.610195269516616,0.4953102707367544,52.75100824467574,475.60557809224036
"(15, 1066.7184137954714)",54.86073438775055,43.64783900615077,0.495737810610007,53.111515693171654,475.7011352991749
"(16, 1066.7184137954714)",54.86106452884912,43.688578217862364,0.49620048280388973,53.49580944630468,475.81038249480764
"(17, 1066.7184137954714)",54.860993791713376,43.73249839306612,0.4966994220218882,53.9036641065035,475.93475548581256
"(18, 1066.7184137954714)",54.8604670153672,43.77967686595374,0.4972351840776096,54.33484248704828,476.07508435551864
"(19, 1066.7184137954714)",54.85941213513623,43.83018939214207,0.4978088804284339,54.78910105928778,476.2327982446307
"(20, 1066.7184137954714)",54.857771048944144,43.88410240480585,0.4984211475909087,55.26618985728782,476.4088261030049
"(21, 1066.7184137954714)",54.85548163805415,43.94147719546389,0.4990728443057918,55.76586102408574,476.60433182218276
"(22, 1066.7184137954714)",54.85249342381564,44.00236588831975,0.4997644005233899,56.28786007449628,476.8200285232588
"(23, 1066.7184137954714)",54.84875114823094,44.06681605548067,0.5004964187577371,56.83193867444812,477.05680725311925
"(24, 1066.7184137954714)",54.844204771852084,44.13486840110168,0.5012693292628632,57.39785158930191,477.3153722062994
"(25, 1066.7184137954714)",54.83880496301752,44.20655842757504,0.5020835670039938,57.98535903218671,477.59642715508585
"(26, 1066.7184137954714)",54.832504792465755,44.281916773375656,0.5029394482375992,58.59422914491675,477.90054131426456
"(27, 1066.7184137954714)",54.825256749895146,44.360970230086856,0.5038373146022261,59.2242374270188,478.2283036164378
"(28, 1066.7184137954714)",54.81701537538382,44.44374191323337,0.504777410272405,59.87517008769873,478.58018831786694
"(29, 1066.7184137954714)",54.80773516086449,44.53025196033598,0.5057599491331181,60.54682375541586,478.9566269451421
"(30, 1066.7184137954714)",54.79737114662185,44.620518175951155,0.5067851769097469,61.23900558193717,479.35807446628536
"(31, 1066.7184137954714)",54.78587947543649,44.71455595445812,0.5078532122470112,61.951535422405726,479.78483758666096
"(32, 1066.7184137954714)",54.77321319941622,44.81237981647283,0.5089642779154661,62.68424553002407,480.2373216865193
"(33, 1066.7184137954714)",54.75932944851773,44.9140019905071,0.5101184798096667,63.43698065943452,480.7157949708904
"(34, 1066.7184137954714)",54.744183991783146,45.019433791052194,0.5113159208551223,64.20959836396943,481.2205096789775
"(35, 1066.7184137954714)",54.72773125521901,45.12868569362994,0.5125567776199262,65.00196940732822,481.75178339551763
"(36, 1066.7184137954714)",54.709927964334604,45.24176702069327,0.5138411191240905,65.81397764907791,482.3098058858617
"(37, 1066.7184137954714)",54.690730437898324,45.35868617319062,0.5151690581264894,66.64552025492999,482.8948002662658
"(38, 1066.7184137954714)",54.670096880636876,45.4794506412487,0.5165406576128804,67.49650530565943,483.5069256440221
"(39, 1066.7184137954714)",54.64798400398736,45.60406728697649,0.5179560090740043,68.36685577737117,484.14635663788357
"(40, 1066.7184137954714)",54.62435186083753,45.732541905050425,0.5194151701645671,69.25650762038441,484.81321879886747
"(41, 1066.7184137954714)",54.59915946678986,45.864879274009176,0.5209182246796936,70.16540487756954,485.50765746990623
"(42, 1066.7184137954714)",54.572369785244796,46.00108362426927,0.5224651769384748,71.09350597482612,486.229718832354
"(43, 1066.7184137954714)",54.54394373225221,46.14115806015427,0.5240561193460669,72.04078004859882,486.9795323200479
"(44, 1066.7184137954714)",54.51384771529208,46.28510409294639,0.5256909901588118,73.0072085428598,487.75705062591874
"(45, 1066.7184137954714)",54.48204592614142,46.43292391181601,0.5273698776876765,73.99278163196699,488.5623777785431
"(46, 1066.7184137954714)",54.44850744171539,46.584616241571915,0.5290927536590011,74.99749271479168,489.3954902190161
"(47, 1066.7184137954714)",54.41320153984093,46.740180257934036,0.5308595803784913,76.02137218638943,490.2563173430844
"(48, 1066.7184137954714)",54.376099483588746,46.899613555039224,0.5326703948088269,77.06441981098519,491.14489881529425
"(49, 1066.7184137954714)",54.33717595227614,47.0629124908974,0.5345250920651629,78.12667174910321,492.0610865925256
"(50, 1066.7184137954714)",54.296406976531216,47.23007202080297,0.5364236448083108,79.20816298411484,493.0048165281919
"(51, 1066.7184137954714)",54.253770901073686,47.40108615373416,0.5383659544618912,80.30893864435302,493.9759383407206
"(52, 1066.7184137954714)",54.2092456808924,47.57594767551361,0.5403520207183625,81.42904370314825,494.9744067287212
"(53, 1066.7184137954714)",54.16281938385203,47.75464738862544,0.5423815736150004,82.5685606735002,495.9998512049848
"(54, 1066.7184137954714)",54.11447211610656,47.937175707506384,0.5444546763706076,83.72752912371715,497.05229963786417
"(55, 1066.7184137954714)",54.06419260967717,48.12352104937268,0.5465711158502193,84.90603563993254,498.13143808623425
"(56, 1066.7184137954714)",54.01197044096809,48.31367099567705,0.5487307920558283,86.10415199725625,499.23708810526955
"(57, 1066.7184137954714)",53.957797559583284,48.50761146495477,0.5509335065626063,87.32196387208835,500.368952355152
"(58, 1066.7184137954714)",53.9016688291337,48.70532730211957,0.5531790909629413,88.55955975054069,501.5267627062688
"(59, 1066.7184137954714)",53.84358009572614,48.906801776711944,0.5554673727494585,89.81703321570377,502.71024155873636
"(60, 1066.7184137954714)",53.7835301423953,49.11201722354171,0.5577981395196254,91.0944819938813,503.9190646125585
"(61, 1066.7184137954714)",53.721520262790925,49.32095454782285,0.5601711809094363,92.39200824491365,505.15290530873625
"(62, 1066.7184137954714)",53.657553697802115,49.533593281655975,0.5625862597492707,93.70971616720803,506.41140645566105
"(63, 1066.7184137954714)",53.591634895225255,49.74991184770765,0.5650431455167996,95.04771662806165,507.6942112836226
"(64, 1066.7184137954714)",53.5246668444106,49.96792177389907,0.5675192235706088,96.40612578906334,508.977080176614
"(65, 1066.7184137954714)",53.45397568246307,50.19349613535675,0.5700812179821727,97.78505079275268,510.33108178778105
"(66, 1066.7184137954714)",53.38225533195491,50.42071259182222,0.5726618764309948,99.18461336585031,511.6843551017587
"(67, 1066.7184137954714)",53.30862623204267,50.65151041077569,0.5752831954787818,100.60493471721873,513.0602430470975
"(68, 1066.7184137954714)",53.233103222356874,50.88586234786247,0.5779448896318511,102.0461355034158,514.4583204258712
"(69, 1066.7184137954714)",53.15570342131296,51.123739582566564,0.5806466293444745,103.50833365440162,515.8781177756232
"(70, 1066.7184137954714)",53.07644676593443,51.36511256663666,0.5833880632538839,104.9916726570558,517.3191168043394
"(71, 1066.7184137954714)",52.99535311380953,51.60995066312541,0.5861688513412684,106.49626251570903,518.7808448033622
"(72, 1066.7184137954714)",52.91244602016731,51.858222181558325,0.5889886426336901,108.02223536781804,520.2627952459396
"(73, 1066.7184137954714)",52.82774926204034,52.10989445050801,0.591847056439176,109.56972042587878,521.7644328284379
"(74, 1066.7184137954714)",52.7412889326178,52.36493387254001,0.5947437001591651,111.1388476309279,523.2852088177061
"(75, 1066.7184137954714)",52.653091570611885,52.623305910782996,0.5976782125076315,112.72974672742666,524.8246080788268
"(76, 1066.7184137954714)",52.56318675019308,52.88497528593433,0.6006501403380278,114.34254746388068,526.3820174835276
"(77, 1066.7184137954714)",52.47160336905564,53.14990576224194,0.6036591488205193,115.97738042230077,527.956949280648
"(78, 1066.7184137954714)",52.37837384386249,53.41806046554937,0.6067047576642352,117.63437564957864,529.5487610881801
"(79, 1066.7184137954714)",52.28352916590246,53.689401497083566,0.6097865758849899,119.31366348258929,531.156905499219
"(80, 1066.7184137954714)",52.1871039580933,53.96389061342918,0.612904150669372,121.01537313744754,532.7807702732455
"(81, 1066.7184137954714)",52.08913770794818,54.24147972252072,0.6160568902847812,122.73963420283631,534.4195946095161
"(82, 1066.7184137954714)",51.9896515321668,54.522155824399164,0.6192447220732408,124.48657501681939,536.0731726643655
"(83, 1066.7184137954714)",51.888695871388435,54.80585192811705,0.6224668470370219,126.25632344951956,537.7405242620808
"(84, 1066.7184137954714)",51.78630317307036,55.092536106616635,0.6257229152914582,128.0490054832215,539.4211501919609
"(85, 1066.7184137954714)",51.682511141632595,55.38216698369464,0.6290124486729559,129.8647471661719,541.114414339849
"(86, 1066.7184137954714)",51.57735900082592,55.674702883193056,0.6323349599241718,131.70367563117685,542.8196698065586
"(87, 1066.7184137954714)",51.47088524213203,55.97010153431942,0.6356900159817392,133.56590940981263,544.5363361038461
"(88, 1066.7184137954714)",51.36313057303931,56.268320480701604,0.6390770712332738,135.45157750465515,546.2637022143583
"(89, 1066.7184137954714)",51.25412982259797,56.56932554091071,0.6424957984068072,137.36079477214415,548.0013041746203
"(90, 1066.7184137954714)",51.14393613641638,56.87304750770427,0.6459453793218027,139.29368279540117,549.7481476332664
"(91, 1066.7184137954714)",51.03257901462214,57.17946928386618,0.6494255918607907,141.2503591438893,551.5038780840387
"(92, 1066.7184137954714)",50.92010193616404,57.488538516214675,0.6529359100272298,143.2309411775127,553.2678170768365
"(93, 1066.7184137954714)",50.80654637449875,57.80021165310417,0.6564758023991724,145.23554144873586,555.0392851816187
"(94, 1066.7184137954714)",50.691954557382275,58.11444505852072,0.6600447495847536,147.2642761583352,556.8176121527422
"(95, 1066.7184137954714)",50.57636543503364,58.43119477435142,0.6636423190788431,149.31725311003242,558.6022288252992
"(96, 1066.7184137954714)",50.459823657768915,58.75041757470785,0.6672678970089314,151.39458585730213,560.3923668167051
"(97, 1066.7184137954714)",50.34236569134977,59.07206919816249,0.6709211267097723,153.49637864536678,562.187541420352
"(98, 1066.7184137954714)",50.22403496035655,59.39610637882532,0.6746014438378825,155.62273846368925,563.9870436511915
"(99, 1066.7184137954714)",50.104871736240725,59.72248573585695,0.6783083518753452,157.77377127141978,565.7902379052689
"(100, 1066.7184137954714)",49.98491584195629,60.05116386012195,0.6820413681815014,159.94957778395832,567.5965086255059
"(101, 1066.7184137954714)",49.86420632413003,60.38209769430815,0.6858000155358661,162.15025915887722,569.4052455944516
"(102, 1066.7184137954714)",49.74278346877957,60.715244539541985,0.6895837774768895,164.37591505390756,571.2157982353293
"(103, 1066.7184137954714)",49.620684996215296,61.050561841225765,0.6933922180142039,166.6266413954828,573.0276055427526
"(104, 1066.7184137954714)",49.498004071298865,61.38789570442276,0.6972235335193131,168.90253458463272,574.8386471519627
"(105, 1066.7184137954714)",49.37461750017422,61.727539721085165,0.7010810736762415,171.20368784818518,576.6524030057612
"(106, 1066.7184137954714)",49.250721850108675,62.069117015205954,0.7049606115534323,173.53019371563872,578.464271628924
"(107, 1066.7184137954714)",49.12630034950376,62.41269836742892,0.7088628939265883,175.88214176534862,580.2749600424892
"(108, 1066.7184137954714)",49.00138965555767,62.758243469065945,0.7127874778583426,178.2596219685631,582.0839057857628
"(109, 1066.7184137954714)",48.87602315403478,63.10571199967429,0.7167339211613576,180.66271988775665,583.8905516068951
"(110, 1066.7184137954714)",48.75023558640741,63.45506464867962,0.7207017592021063,183.09152324244667,585.6943141532299
"(111, 1066.7184137954714)",48.62406087294371,63.80626245644734,0.7246905463124705,185.54611474028246,587.4946353147299
"(112, 1066.7184137954714)",48.497530480436374,64.15926690002244,0.7286998546931712,188.02657762343478,589.2909755078553
"(113, 1066.7184137954714)",48.37067617090047,64.51404019346991,0.7327292530930458,190.5329934822625,591.0827931186918
"(114, 1066.7184137954714)",48.243528493088235,64.87054511497391,0.7367783187549434,193.06544259385493,592.8695569073125
"(115, 1066.7184137954714)",48.11611704060337,65.22874506702256,0.7408466360163568,195.62400405890756,594.6507443781715
"(116, 1066.7184137954714)",47.988470426350744,65.58860409354439,0.7449337965005607,198.20875588231004,596.4258419034065
"(117, 1066.7184137954714)",47.860616258743505,65.95008689538582,0.7490393992898444,200.81977505817423,598.1943448226012
"(118, 1066.7184137954714)",47.73258112740604,66.31315882974077,0.7531630514071271,203.45713765923483,599.9557578671329
"(119, 1066.7184137954714)",47.60439054402604,66.6777859935414,0.757304366343048,206.1209189305761,601.7095934952646
"(120, 1066.7184137954714)",47.476069008109455,67.0439350781126,0.7614629677033756,208.81119338760456,603.4553756849325
"(1, 1068.9237422734404)",54.71910027847749,43.71256949026741,0.49647299367297,51.39384856504193,479.29792176956727
"(2, 1068.9237422734404)",54.7194069075332,43.71613561999063,0.49651349945027384,51.431882181264726,479.3031857404038
"(3, 1068.9237422734404)",54.7199128679827,43.72208665484281,0.496581082735037,51.49525323045045,479.3120560688822
"(4, 1068.9237422734404)",54.72060891180754,43.73043426520162,0.4966758827050182,51.58393405779124,479.3247091802212
"(5, 1068.9237422734404)",54.721481445078325,43.74119539471218,0.4967981131122677,51.697885696948035,479.34141252540104
"(6, 1068.9237422734404)",54.72251414465307,43.75439176310375,0.4969480205305908,51.83705703145884,479.3624807894788
"(7, 1068.9237422734404)",54.72368794469818,43.77005119234164,0.4971258466369004,52.00138524478463,479.38823512318334
"(8, 1068.9237422734404)",54.72497408273909,43.78820943097759,0.49733208842717946,52.19079329343615,479.41928382081016
"(9, 1068.9237422734404)",54.726341503579114,43.8089098611607,0.49756719464162014,52.40518992956848,479.4561977992495
"(10, 1068.9237422734404)",54.727750356866984,43.8322059826973,0.49783177088667735,52.644467961000906,479.4997315978003
"(11, 1068.9237422734404)",54.72915281850657,43.858161199852155,0.4981266172386613,52.90850254137531,479.5508652833842
"(12, 1068.9237422734404)",54.73194943274916,43.882993906577966,0.49840861516985074,53.19715461826057,479.5636474904194
"(13, 1068.9237422734404)",54.73173230560243,43.91834239984598,0.4988100964551013,53.51025014367119,479.67970484289145
"(14, 1068.9237422734404)",54.73278429376624,43.95273308752938,0.49920069396127364,53.84762166289364,479.75985227168945
"(15, 1068.9237422734404)",54.733592198670706,43.99010495495479,0.4996251388331922,54.2090684949744,479.8521046404886
"(16, 1068.9237422734404)",54.7340879848908,44.03054451873923,0.5000844385284353,54.594379181694116,479.95775030283323
"(17, 1068.9237422734404)",54.73420691234181,44.07413491801499,0.5005795227167277,55.00332946180668,480.0780072660106
"(18, 1068.9237422734404)",54.734907195152275,44.118273744180954,0.5010808463467058,55.43568707339047,480.181526385073
"(19, 1068.9237422734404)",54.73305101740949,44.17108077141184,0.5016806111206721,55.8912039699609,480.3671122951744
"(20, 1068.9237422734404)",54.73165266579958,44.22457708886421,0.5022882113615219,56.369639076492994,480.5381555118978
"(21, 1068.9237422734404)",54.72962924766285,44.28150552565606,0.5029347778017147,56.870739702521874,480.72818510474826
"(22, 1068.9237422734404)",54.72692423172492,44.34192124083969,0.5036209608677882,57.39425877193732,480.93814340620474
"(23, 1068.9237422734404)",54.723485542910176,44.40586906995566,0.5043472511163261,57.9399453759001,481.1688056926858
"(24, 1068.9237422734404)",54.719259799537895,44.47339441314875,0.5051141848787724,58.507556212504355,481.4209885635115
"(25, 1068.9237422734404)",54.71419854994613,44.54453283803848,0.5059221498826962,59.09685256130197,481.6953451903342
"(26, 1068.9237422734404)",54.70825253070311,44.619316882789285,0.5067715211886878,59.70760245430493,481.9925084523114
"(27, 1068.9237422734404)",54.701374037238274,44.69777481411208,0.5076626297464746,60.33958385604397,482.3130541449336
"(28, 1068.9237422734404)",54.693516096860805,44.77993153717438,0.5085957354051309,60.992582020219125,482.65747477334594
"(29, 1068.9237422734404)",54.68463301973961,44.86580896453417,0.5095710990626718,61.666394111373116,483.02625205308806
"(30, 1068.9237422734404)",54.6746768931441,44.955426981439146,0.5105889610280606,62.3608289363043,483.41983404931807
"(31, 1068.9237422734404)",54.66360234282327,45.048803144160544,0.5116494847168053,63.07569906505268,483.8385828707123
"(32, 1068.9237422734404)",54.651362880140056,45.1459532903394,0.5127529038358921,63.810857355900154,484.2828954739352
"(33, 1068.9237422734404)",54.63791276526242,45.24689194778988,0.5138993185812598,64.56612921190354,484.7530535577477
"(34, 1068.9237422734404)",54.623205828708,45.35163231923488,0.5150889214894632,65.34137942533611,485.24939813677116
"(35, 1068.9237422734404)",54.60719667200424,45.46018652018822,0.5163218621924416,66.13647833088741,485.7722188214488
"(36, 1068.9237422734404)",54.589839843643915,45.57256560446299,0.517598233986737,66.95130980338637,486.32173146384036
"(37, 1068.9237422734404)",54.5710915700628,45.688781182079786,0.5189181506161998,67.78577198989535,486.8981595003858
"(38, 1068.9237422734404)",54.55090810744442,45.80883751578562,0.5202817038711893,68.6397738148056,487.5016921235881
"(39, 1068.9237422734404)",54.52924493626698,45.93274782743274,0.5216890427967594,69.51323739196239,488.1325665373987
"(40, 1068.9237422734404)",54.506060878939934,46.06051765142067,0.5231402135145425,70.40609732476516,488.7908974389263
"(41, 1068.9237422734404)",54.481314947661524,46.192153248429605,0.5246352874932897,71.31830016165476,489.47681467437474
"(42, 1068.9237422734404)",54.45496817754481,46.32765979288181,0.5261743238208875,72.24980263058673,490.1904246762334
"(43, 1068.9237422734404)",54.42698162676591,46.46704153042154,0.527757381434748,73.2005782717775,490.93181690388485
"(44, 1068.9237422734404)",54.39440357904508,46.61714476110985,0.5294622001619782,74.17061462643319,491.78410176303794
"(45, 1068.9237422734404)",54.365948292244944,46.75744142465068,0.5310556422424042,75.15987018349857,492.4981142776775
"(46, 1068.9237422734404)",54.3328336881844,46.90846238141099,0.5327708882771629,76.16837911042795,493.32307256114206
"(47, 1068.9237422734404)",54.297945699977035,47.06336350703054,0.5345301999535652,77.19614015913595,494.1758815333993
"(48, 1068.9237422734404)",54.261254920527826,47.2221433052903,0.5363335845130259,78.24317340391762,495.05652886067463
"(49, 1068.9237422734404)",54.2227360602938,47.384798480999066,0.5381809727917604,79.30950480237087,495.9649146545582
"(50, 1068.9237422734404)",54.18236510635531,47.551324853868316,0.5400723030875101,80.39517441741128,496.9009328971258
"(51, 1068.9237422734404)",54.14011820156497,47.72171674045559,0.5420075702930276,81.50022883380996,497.864531544348
"(52, 1068.9237422734404)",54.095841200556265,47.89627700142192,0.5439901636111201,82.6247139131645,498.8592875339751
"(53, 1068.9237422734404)",54.049923454257765,48.07406730708009,0.5460094552331227,83.76869103531108,499.8737791691611
"(54, 1068.9237422734404)",54.000821910091226,48.25854964165966,0.5481047370191855,84.93222754763696,500.9499391047107
"(55, 1068.9237422734404)",53.9520224030768,48.441777499438196,0.5501857761555671,86.1153906500077,501.99124814381844
"(56, 1068.9237422734404)",53.90015157906319,48.631363680928004,0.5523390380266783,87.31826283776248,503.09004869342664
"(57, 1068.9237422734404)",53.846322446819684,48.82475303322881,0.5545354755863223,88.54092535668038,504.21521043043333
"(58, 1068.9237422734404)",53.7905286263244,49.02192979038376,0.5567749473053872,89.78346646904555,505.3664938087266
"(59, 1068.9237422734404)",53.73276789258247,49.222877585388204,0.5590572484395049,91.04597969316127,506.5435864538868
"(60, 1068.9237422734404)",53.67303815318263,49.427578686081816,0.5613821799950078,92.32856138276235,507.7461793031236
"(61, 1068.9237422734404)",53.6113408466893,49.636013750732964,0.5637495268541571,93.63131567266554,508.9739382771615
"(62, 1068.9237422734404)",53.5476794214597,49.848162509717895,0.5661590346085968,94.95434361576979,510.22649037996985
"(63, 1068.9237422734404)",53.48205973405218,50.06400298840045,0.5686104875485549,96.2977585014774,511.50349174484955
"(64, 1068.9237422734404)",53.414489397293366,50.283512398305874,0.5711035916801287,97.66166865806683,512.8045197864593
"(65, 1068.9237422734404)",53.344977746224174,50.50666649063152,0.5736380962635512,99.04618936842486,514.1291912002224
"(66, 1068.9237422734404)",53.28974880657081,50.69772222329097,0.5758080570801738,100.45172338606439,515.0431798192737
"(67, 1068.9237422734404)",53.200180357610066,50.96380590659081,0.5788301394406055,101.87753395395218,516.8477448375571
"(68, 1068.9237422734404)",53.12492394770809,51.19773687770172,0.5814870690210958,103.32459962643895,518.2407342752051
"(69, 1068.9237422734404)",53.047786026266756,51.435204068552856,0.584184124719597,104.79275726058266,519.6555235114232
"(70, 1068.9237422734404)",52.96878572801671,51.67617741536011,0.5869210232600041,106.28213104951,521.0916855525305
"(71, 1068.9237422734404)",52.887943730571536,51.92062602477665,0.5896973938284144,107.79284792966564,522.5486970902979
"(72, 1068.9237422734404)",52.80538418873911,52.168297751556224,0.59251037034837,109.32503501013775,524.023367398464
"(73, 1068.9237422734404)",52.720828632244235,52.41982012215873,0.5953670797250037,110.8788192905855,525.5231875954752
"(74, 1068.9237422734404)",52.63460670093499,52.67449872893875,0.5982596352425517,112.4543301747533,527.0395979798584
"(75, 1068.9237422734404)",52.546644162461924,52.93251891416188,0.6011901393877535,114.05169583218179,528.5747177800669
"(76, 1068.9237422734404)",52.456970164340625,53.19384497897494,0.6041581995940907,115.67104231356376,530.1280013217357
"(77, 1068.9237422734404)",52.36561491284331,53.45844037109487,0.6071633980476712,117.3125110541477,531.6988605584274
"(78, 1068.9237422734404)",52.27261029904663,53.72626789916825,0.6102052847116575,118.97621130782761,533.2867051811875
"(79, 1068.9237422734404)",52.17798890984167,53.997289405371625,0.6132834630897586,120.66229815427775,534.8909562860424
"(80, 1068.9237422734404)",52.081785226124985,54.2714661513032,0.6163974526791925,122.37088006826605,536.5109917773924
"(81, 1068.9237422734404)",51.98403191447778,54.548758682984285,0.6195468624268027,124.10209033044188,538.1462603685844
"(82, 1068.9237422734404)",51.88476746009767,54.829126982323196,0.6227311813468573,125.8560570944334,539.7960877012098
"(83, 1068.9237422734404)",51.78402626728169,55.11253038369273,0.6259499974625639,127.63290507265022,541.4599086910841
"(84, 1068.9237422734404)",51.68184923402413,55.3989278003806,0.6292027506023541,129.43276729266066,543.13699152995
"(85, 1068.9237422734404)",51.57826878306945,55.68827731476839,0.6324891418986659,131.25576128726044,544.8268992183786
"(86, 1068.9237422734404)",51.47332914678392,55.98053718992489,0.6358085193236436,133.10201131859478,546.5288105261693
"(87, 1068.9237422734404)",51.36706714540481,56.27566469886364,0.6391605063399246,134.97164331391718,548.2421970363421
"(88, 1068.9237422734404)",51.25952397529641,56.57361705367109,0.6425445387917079,136.86477556336456,549.9663374192297
"(89, 1068.9237422734404)",51.15073899148387,56.874351185025986,0.6459601958908098,138.7815275160729,551.7006624352161
"(90, 1068.9237422734404)",51.040754106971484,57.177823619021964,0.6494069151163933,140.7220213848252,553.4444485796403
"(91, 1068.9237422734404)",50.92960815003987,57.48399074640647,0.6528842690843758,142.68636995075403,555.1971262303767
"(92, 1068.9237422734404)",50.81734394950199,57.79280881052147,0.6563917286718142,144.67468883006785,556.9580141791404
"(93, 1068.9237422734404)",50.7040030319319,58.104232701592466,0.6599287663666321,146.68709441410857,558.7264321644067
"(94, 1068.9237422734404)",50.58962423466349,58.41822208764749,0.6634949614974865,148.72369601979165,560.501821203674
"(95, 1068.9237422734404)",50.474251721583165,58.73472945769693,0.6670897301892196,150.78460474129676,562.2834460847434
"(96, 1068.9237422734404)",50.35792522464071,59.053711897959815,0.6707126399722118,152.8699282278609,564.0707368813345
"(97, 1068.9237422734404)",50.240685420442304,59.37512548121465,0.6743631636224837,154.97977496800138,565.8630215427004
"(98, 1068.9237422734404)",50.12257440932233,59.69892666846643,0.6780407528756455,157.1142491434481,567.659609834288
"(99, 1068.9237422734404)",50.00363039736233,60.02507136184253,0.6817450586688227,159.2734532830499,569.4600261056544
"(100, 1068.9237422734404)",49.88389713018729,60.35351658844097,0.6854754032731497,161.45748964596538,571.2634436571656
"(101, 1068.9237422734404)",49.763411814569785,60.68421876562807,0.6892314013904198,163.66645673104995,573.0693521355654
"(102, 1068.9237422734404)",49.642214364265435,61.01713508498537,0.6930125640824367,165.90044913042973,574.877134311081
"(103, 1068.9237422734404)",49.520344288881255,61.35222281011171,0.6968183655444354,168.15957621962,576.6861187630002
"(104, 1068.9237422734404)",49.397838439002726,61.68943951503728,0.700648384666846,170.44391921725548,578.4957741386704
"(105, 1068.9237422734404)",49.27473577713657,62.02874334815886,0.7045020872175451,172.75357405512668,580.3054334529014
"(106, 1068.9237422734404)",49.15107411760816,62.370092962412365,0.7083790008227597,175.0886322715801,582.1145002358048
"(107, 1068.9237422734404)",49.02688699489012,62.71344674795539,0.7122787374474594,177.44918351909104,583.9224700550486
"(108, 1068.9237422734404)",48.90221350853894,63.05876456823141,0.7162007177842984,179.83531322363712,585.7286382492792
"(109, 1068.9237422734404)",48.77708601536644,63.406006000424675,0.720144566465763,182.2471146350667,587.5325103294009
"(110, 1068.9237422734404)",48.651540208696936,63.75513147134896,0.7241098153803036,184.6846645961307,589.3335090771136
"(111, 1068.9237422734404)",48.52560777508667,64.1061019037325,0.728096024148604,187.14805025674937,591.1310766105897
"(112, 1068.9237422734404)",48.39932217061607,64.45887881613648,0.7321027483113869,189.63735212930376,592.9246573243746
"(113, 1068.9237422734404)",48.272714564058646,64.81342429491677,0.7361295592663835,192.15265127927688,594.713712009844
"(114, 1068.9237422734404)",48.145815475943756,65.16970104656814,0.740176033448645,194.69402705053872,596.4977085644981
"(115, 1068.9237422734404)",48.01865447293297,65.52767239667152,0.7442417547832318,197.26155762631038,598.276124052734
"(116, 1068.9237422734404)",47.891260107231425,65.88730237334948,0.748326313335227,199.85532011016963,600.0484431818085
"(117, 1068.9237422734404)",47.763659964183304,66.24855558898045,0.7524293085603447,202.4753906114588,601.8141616910821
"(118, 1068.9237422734404)",47.63588056968795,66.61139738695016,0.7565503463812591,205.12184433503398,603.5727831370891
"(119, 1068.9237422734404)",47.50794741246684,66.975793774303,0.7606890411439002,207.79475567528488,605.323820890648
"(120, 1068.9237422734404)",47.37988488349938,67.34171150848526,0.7648450140100553,210.49419831437766,607.0667963204327
"(1, 1071.0572865150943)",54.59632200482879,44.044677837008926,0.500244963420378,52.457121076057284,483.33389203781553
"(2, 1071.0572865150943)",54.59663825022404,44.048223756518134,0.5002852390223702,52.4952408601653,483.3389097306899
"(3, 1071.0572865150943)",54.59715980716435,44.0541411598433,0.5003524426871969,52.558755710150024,483.34737385559833
"(4, 1071.0572865150943)",54.59788005067245,44.06243590854624,0.500446658363279,52.647638263173555,483.3594016889465
"(5, 1071.0572865150943)",54.5987804818854,44.073140496641315,0.5005682313255312,52.76184986444551,483.3754016947379
"(6, 1071.0572865150943)",54.599850435096386,44.08626046704314,0.5007172501820182,52.90134024957639,483.3955190416756
"(7, 1071.0572865150943)",54.601067977850114,44.10182847076679,0.5008940659004376,53.06604667013019,483.4201923847054
"(8, 1071.0572865150943)",54.6024067122531,44.1198791390729,0.5010990889177319,53.255893376012985,483.449937075399
"(9, 1071.0572865150943)",54.603835601627466,44.14045498862077,0.5013327658641544,53.47079013214768,483.4853217154207
"(10, 1071.0572865150943)",54.605315991871784,44.16360823265313,0.5015957466122501,53.71063094762813,483.52714834640136
"(11, 1071.0572865150943)",54.6068020830352,44.1894006276516,0.5018887168669662,53.975292433073925,483.5762747870014
"(12, 1071.0572865150943)",54.60824602626938,44.217901975379895,0.5022123753292608,54.264633302376645,483.63359067208154
"(13, 1071.0572865150943)",54.60958571283487,44.249191280817584,0.5025677489265976,54.57849331647633,483.70035613884454
"(14, 1071.0572865150943)",54.61076106858938,44.28335107351331,0.5029557338592959,54.916695690529295,483.7777078540161
"(15, 1071.0572865150943)",54.611707615692985,44.32046665301996,0.503377292212494,55.2790450022853,483.8668716881443
"(16, 1071.0572865150943)",54.612360105300475,44.36062307995917,0.5038333726361817,55.665332147258574,483.9690728041985
"(17, 1071.0572865150943)",54.61265158068365,44.4039034321709,0.5043249587301026,56.07533504093039,484.0855867783703
"(18, 1071.0572865150943)",54.61251930169877,44.450386191556284,0.5048528655729119,56.50882109742042,484.21751919247225
"(19, 1071.0572865150943)",54.6118982086693,44.500145186162406,0.5054180165947704,56.96555014076154,484.3660992690741
"(20, 1071.0572865150943)",54.61072909665874,44.55324773870484,0.5060211335221803,57.4452765481624,484.53234564139626
"(21, 1071.0572865150943)",54.6089526822394,44.609755151752374,0.5066629311651177,57.94775265233913,484.7172715791559
"(22, 1071.0572865150943)",54.60651314929063,44.66972227131652,0.5073440343574643,58.47272935675249,484.92179541177404
"(23, 1071.0572865150943)",54.603357955858456,44.73319762365415,0.5080649436045125,59.01995982396343,485.1467000465302
"(24, 1071.0572865150943)",54.5994331520811,44.800224941797204,0.5088262206140968,59.58920057243714,485.39283058622806
"(25, 1071.0572865150943)",54.594688729897626,44.870842237277174,0.5096282728926066,60.18021465181684,485.66086044391244
"(26, 1071.0572865150943)",54.589075037531046,44.94508337342621,0.5104714883889647,60.79277057231827,485.9514366248878
"(27, 1071.0572865150943)",54.58254356022123,45.02297823915978,0.5113561838927524,61.42664595785501,486.26512080503
"(28, 1071.0572865150943)",54.575044525396066,45.104556883320235,0.5122827230905637,62.08162801324356,486.60251530869897
"(29, 1071.0572865150943)",54.58324340852352,45.147692197283995,0.51277264117067,62.757968595756175,486.4509050556798
"(30, 1071.0572865150943)",54.556960022371015,45.27883820250601,0.5142621607923278,63.45411260191278,487.3501218937069
"(31, 1071.0572865150943)",54.54627716609259,45.371588464549426,0.5153155720883263,64.17124481104165,487.7612535288546
"(32, 1071.0572865150943)",54.53443692433611,45.468101685324164,0.5164117576429099,64.90874300845971,488.19783285704597
"(33, 1071.0572865150943)",54.52139478950936,45.56839369961666,0.5175507838071919,65.66645289441882,488.66008524387235
"(34, 1071.0572865150943)",54.508193074533224,45.6697822615324,0.518702369010754,66.44423470589045,489.1157171557188
"(35, 1071.0572865150943)",54.49150324831781,45.78037480726154,0.5199584787022964,67.2419538966501,489.6633634027479
"(36, 1071.0572865150943)",54.47456666829933,45.89208944065595,0.5212272538297401,68.05950125486389,490.20474688973184
"(37, 1071.0572865150943)",54.456238277917265,46.00763662178397,0.5225396154756841,68.89677118809998,490.773091459927
"(38, 1071.0572865150943)",54.436475054068445,46.12702652513812,0.5238956049297113,69.7536734529238,491.3685315802767
"(39, 1071.0572865150943)",54.41523262584617,46.25026896122651,0.525295329398012,70.63013146567236,491.9912586584151
"(40, 1071.0572865150943)",54.39246805075182,46.37737236879341,0.526738938057441,71.52607970215173,492.64149799549335
"(41, 1071.0572865150943)",54.36813906321663,46.50834431402631,0.5282264789135195,72.4414645061502,493.31935466438676
"(42, 1071.0572865150943)",54.342205786321635,46.643191142815176,0.5297580167793524,73.37624410716114,494.0249398541499
"(43, 1071.0572865150943)",54.31462976835347,46.78191801089575,0.5313336468454929,74.33038811528387,494.7583859092192
"(44, 1071.0572865150943)",54.28537583079252,46.92452865586601,0.532953302491607,75.30387696185522,495.5196410440635
"(45, 1071.0572865150943)",54.2544036301766,47.071026577860266,0.5346172181496313,76.2967010915108,496.30896590408145
"(46, 1071.0572865150943)",54.22167564827231,47.2214328984613,0.5363255048277425,77.30886122982994,497.12647865981006
"(47, 1071.0572865150943)",54.18718575136299,47.37568742934199,0.5380774800871035,78.3403687738384,497.97143698313437
"(48, 1071.0572865150943)",54.1508790400083,47.53384945172392,0.5398738335942258,79.39124202735725,498.8445612425758
"(49, 1071.0572865150943)",54.112246544457484,47.69703362116801,0.5417272227128339,80.46150991959054,499.75937927057555
"(50, 1071.0572865150943)",54.072735582523244,47.8618244909003,0.5435988529655873,81.55120798505196,500.67430442498767
"(51, 1071.0572865150943)",54.030851827298605,48.031628306909724,0.5455274356120084,82.66038095651994,501.63075394961567
"(52, 1071.0572865150943)",53.987065744491694,48.20530117536028,0.5474999682836793,83.78908176277771,502.6147486342401
"(53, 1071.0572865150943)",53.941360778543114,48.382835035019276,0.5495163310621044,84.93736798051617,503.62610246259163
"(54, 1071.0572865150943)",53.8937210683785,48.56422036494973,0.5515764346577547,86.1052965306146,504.6646628795904
"(55, 1071.0572865150943)",53.84413419261093,48.74944620090573,0.5536801669752495,87.29296473044833,505.73021250728675
"(56, 1071.0572865150943)",53.79258928549213,48.938500251954785,0.5558273752925532,88.50041487441993,506.82254547722914
"(57, 1071.0572865150943)",53.73907789129318,49.13136865854314,0.5580179281354684,89.72776671616217,507.94140121938744
"(58, 1071.0572865150943)",53.68359600287322,49.32803635458096,0.5602516088476567,90.97508000835828,509.086487929729
"(59, 1071.0572865150943)",53.62613887507898,49.5284867277446,0.5625282625643482,92.24245651874661,510.2575379714747
"(60, 1071.0572865150943)",53.566705996748084,49.73270201068495,0.5648476609220173,93.52999346642544,511.45420953510853
"(61, 1071.0572865150943)",53.50529858337737,49.94066289816869,0.5672096170786606,94.83779175497709,512.6762015985588
"(62, 1071.0572865150943)",53.441920383436475,50.15234880202041,0.5696138849182165,96.1659561051579,513.9231458366684
"(63, 1071.0572865150943)",53.37657695657503,50.36773791741466,0.5720602134011847,97.51459402491365,515.1946658638051
"(64, 1071.0572865150943)",53.30927561389909,50.58680712779095,0.5745483500924323,98.88381834240008,516.4903784793249
"(65, 1071.0572865150943)",53.24002864971952,50.80953203790558,0.5770779634565635,100.27373968895998,517.8098179584837
"(66, 1071.0572865150943)",53.15978714613795,51.05594096561377,0.579876587755353,101.6845710723413,519.396473522539
"(67, 1071.0572865150943)",53.09574190194036,51.26584519698242,0.5822606138667408,103.11615416053458,520.5183189721898
"(68, 1071.0572865150943)",53.02073324243671,51.49937878714377,0.5849130108047264,104.56888268785093,521.9064595120333
"(69, 1071.0572865150943)",52.94383681190258,51.736458660323585,0.5876056900391724,106.04278895241762,523.316566961768
"(70, 1071.0572865150943)",52.86507333313487,51.97705458931619,0.5903383014088125,107.53799870289663,524.748140529956
"(71, 1071.0572865150943)",52.78446272736962,52.22113528770748,0.5931105317962541,109.05463514823809,526.2007216409822
"(72, 1071.0572865150943)",52.70203191332947,52.4686686404445,0.5959218845583057,110.59282430464589,527.6736523453343
"(73, 1071.0572865150943)",52.61780215404731,52.719621282345194,0.5987721180049247,112.15269382474014,529.1665461265104
"(74, 1071.0572865150943)",52.531800221648794,52.97395891846189,0.6016608070469237,113.73437147291203,530.6788199252478
"(75, 1071.0572865150943)",52.444054942267556,53.23164655024631,0.6045875411868379,115.33798599662674,532.2099053277807
"(76, 1071.0572865150943)",52.3545951917398,53.49264818587917,0.6075519153094443,116.96366495264583,533.7592408757359
"(77, 1071.0572865150943)",52.263451594700754,53.756926841574916,0.6105535017910884,118.61153734372057,535.3262395569312
"(78, 1071.0572865150943)",52.170657795831396,54.02444514443986,0.6135918272035956,120.28173124137905,536.9102662311427
"(79, 1071.0572865150943)",52.07624113225729,54.29516431092985,0.6166666015184648,121.97436997472255,538.5108869321292
"(80, 1071.0572865150943)",51.980240736315366,54.56904555391615,0.6197772722874236,123.68959703937082,540.1273664605238
"(81, 1071.0572865150943)",51.88269164242119,54.84604903700026,0.6229233741153652,125.42752318561169,541.7590956012184
"(82, 1071.0572865150943)",51.7836278568012,55.12613436933337,0.6261044881077334,127.18828030828105,543.4054937993101
"(83, 1071.0572865150943)",51.68308677154795,55.40926054261141,0.6293201806372438,128.97199511947798,545.0659699030374
"(84, 1071.0572865150943)",51.581107328818504,55.69538625657218,0.6325698765765387,130.77879137395726,546.7397841632984
"(85, 1071.0572865150943)",51.477727080225094,55.98446932428124,0.6358531878368001,132.60879270768308,548.4263972787727
"(86, 1071.0572865150943)",51.37298623380452,56.276467489449914,0.6391695852384851,134.46212302366268,550.1251185648475
"(87, 1071.0572865150943)",51.26692123561006,56.571337795923455,0.6425186439364092,136.3388951702983,551.8353801395903
"(88, 1071.0572865150943)",51.159575807214324,56.86903724003809,0.6458998222607877,138.23925179516402,553.5564591960571
"(89, 1071.0572865150943)",51.05098860041848,57.16952232103259,0.6493126373214084,140.16328937884106,555.2877420505862
"(90, 1071.0572865150943)",50.94120177719873,57.472749508652605,0.6527565704065195,142.11113309198635,557.0285479625196
"(91, 1071.0572865150943)",50.83025497667911,57.77867464997544,0.6562311646023457,144.0828931629951,558.7782773226334
"(92, 1071.0572865150943)",50.71818943960699,58.08725425041432,0.659735932646323,146.0786977812121,560.5362800554637
"(93, 1071.0572865150943)",50.605047866416335,58.39844297259855,0.6632703247005807,148.09864635801972,562.3018678417698
"(94, 1071.0572865150943)",50.494953680700704,58.70345783230567,0.6667345694433547,150.14287565594674,563.9680431178625
"(95, 1071.0572865150943)",50.37570078067078,59.02847405596097,0.6704259981614373,152.2114263433593,565.8532240566034
"(96, 1071.0572865150943)",50.259578969886,59.34722775464654,0.6740462698275999,154.30447962657954,567.6376891205907
"(97, 1071.0572865150943)",50.14254353001959,59.66841427821211,0.677694235740569,156.42211198100037,569.4272372382142
"(98, 1071.0572865150943)",50.02463864547283,59.99199002701613,0.6813692931472787,158.56442906167058,571.2211171713616
"(99, 1071.0572865150943)",49.9059035474769,60.31791101695987,0.6850710132537375,160.73153329484902,573.0187672308454
"(100, 1071.0572865150943)",49.786379437188074,60.64613361079893,0.688798857911209,162.9235245823564,574.8195111267191
"(101, 1071.0572865150943)",49.666106045475516,60.97661443630821,0.6925523260137273,165.14050516290953,576.6227099070702
"(102, 1071.0572865150943)",49.54512181935592,61.30931015132341,0.696330985499157,167.38247743856027,578.4278984065481
"(103, 1071.0572865150943)",49.42346687512996,61.64417808941535,0.7001342917736892,169.64980642824824,580.2341283150467
"(104, 1071.0572865150943)",49.30117875218153,61.98117570844528,0.7039618000641819,171.94231717033583,582.041098216688
"(105, 1071.0572865150943)",49.17829551535113,62.32026087903547,0.7078130217317209,174.2601920111329,583.8481024048936
"(106, 1071.0572865150943)",49.05530841663143,62.660430692428776,0.7116765659391963,176.60352005119933,585.6428515400169
"(107, 1071.0572865150943)",48.930890622360096,63.00452770003914,0.7155847063443667,178.97238766994815,587.4598261789498
"(108, 1071.0572865150943)",48.80644151788336,63.349627361136754,0.7195042381618906,181.36688514675058,589.2633718150342
"(109, 1071.0572865150943)",48.681541434713665,63.696650639351596,0.723445616759498,183.78709629233086,591.064602935336
"(110, 1071.0572865150943)",48.55622392290001,64.04555781398224,0.7274083946951132,186.2331036845921,592.8629577258567
"(111, 1071.0572865150943)",48.43052302472876,64.39630983222864,0.7313921103656997,188.7049912546029,594.6578578522318
"(112, 1071.0572865150943)",48.304470477324465,64.74886797418706,0.7353963502311732,191.20283899724922,596.4487803944552
"(113, 1071.0572865150943)",48.17809786476087,65.10319433761664,0.7394206721190864,193.72672686908993,598.235171803946
"(114, 1071.0572865150943)",48.051435696213865,65.4592515268639,0.7434646525860688,196.2767333094976,600.0165001092245
"(115, 1071.0572865150943)",47.92451349505047,65.81700282371436,0.7475278745734972,198.852935612615,601.7922413224709
"(116, 1071.0572865150943)",47.79735977477441,66.17641220108187,0.7516099276849255,201.4554100087554,603.5618796552673
"(117, 1071.0572865150943)",47.67000207877237,66.53744422124217,0.7557104110351874,204.08423175018314,605.3249104843713
"(118, 1071.0572865150943)",47.54246686484379,66.90006422374002,0.7598289293856566,206.73947520117733,607.0808361222932
"(119, 1071.0572865150943)",47.41477957936438,67.26423816373695,0.7639650972375858,209.42121393234203,608.8291701071868
"(120, 1071.0572865150943)",47.28696457433574,67.62993274171325,0.7681185362028102,212.12952081909106,610.5694342882371
"(1, 1073.11095325633)",54.47920952802788,44.363554904832704,0.5038666676720484,53.48817856255777,487.21666149708454
"(2, 1073.11095325633)",54.47951043953061,44.36714812835226,0.5039074800313686,53.52638081073564,487.2222554387215
"(3, 1073.11095325633)",54.48004671202421,44.37303382707661,0.5039743328232256,53.59003332685626,487.2303433857982
"(4, 1073.11095325633)",54.48078582668492,44.38128925391116,0.5040680868192231,53.67910891563924,487.24187623703176
"(5, 1073.11095325633)",54.48171521404666,44.39193049853617,0.5041889492630747,53.7935694469768,487.2571145180287
"(6, 1073.11095325633)",54.48281959882757,44.404978506894174,0.5043371504422113,53.93336500289482,487.27635527072766
"(7, 1073.11095325633)",54.484078305260915,44.420460357831914,0.5045129924020539,54.098433530691786,487.2999846760799
"(8, 1073.11095325633)",54.48546695388587,44.43840954435491,0.5047168294122488,54.28870008394745,487.3284578511434
"(9, 1073.11095325633)",54.48695269280254,44.45886833865989,0.5049492138064083,54.504075415847495,487.3624567579818
"(10, 1073.11095325633)",54.48850031036263,44.48188703632178,0.5052106491573572,54.74445452868136,487.4026267838195
"(11, 1073.11095325633)",54.49006474009941,44.50752626204127,0.5055018535167507,55.00971599022749,487.44985990997463
"(12, 1073.11095325633)",54.491595360363576,44.53585519582069,0.5058236051482166,55.29971959555463,487.5051315046016
"(13, 1073.11095325633)",54.493036566436096,44.566950220756134,0.5061767594949887,55.6143074573979,487.5695174404696
"(14, 1073.11095325633)",54.49432729993539,44.6008928680419,0.5065622580558591,55.95330380570325,487.64420382029874
"(15, 1073.11095325633)",54.49540381531398,44.63776745704228,0.506981073375536,56.31651602934306,487.73042690359574
"(16, 1073.11095325633)",54.49620072231342,44.67765819468497,0.507434152084717,56.70373672065006,487.8294099377982
"(17, 1073.11095325633)",54.496654508690206,44.72064686517589,0.5079224100901556,57.114745639669366,487.9423560324301
"(18, 1073.11095325633)",54.49670019574839,44.76681199209788,0.5084467307561877,57.54931226590033,488.07044365593686
"(19, 1073.11095325633)",54.496275838376775,44.81622678948691,0.5090079702068434,58.007197863573424,488.214830260162
"(20, 1073.11095325633)",54.495320015217786,44.868959194088,0.509606890679531,58.488158666898364,488.3765775762075
"(21, 1073.11095325633)",54.49377520727544,44.925070388357334,0.5102441683182074,58.99194808122804,488.5566577762068
"(22, 1073.11095325633)",54.49158402918483,44.98461630039504,0.5109204835064167,59.518318303904074,488.75604878985183
"(23, 1073.11095325633)",54.488693107900396,45.04764632201793,0.5116363523368678,60.06702430253623,488.9755494742714
"(24, 1073.11095325633)",54.48504891769546,45.114205036399866,0.5123923049329793,60.63782322493899,489.2159715628986
"(25, 1073.11095325633)",54.48060076088994,45.18433185936798,0.5131887800303695,61.23047846477517,489.47802247406776
"(26, 1073.11095325633)",54.475297484393096,45.25806193792109,0.5140261850649602,61.844760004396214,489.762369449378
"(27, 1073.11095325633)",54.46908994680319,45.33542676266277,0.5149048685253673,62.4804445789428,490.0696097206394
"(28, 1073.11095325633)",54.4619280316502,45.41645464237385,0.5158251578148695,63.13732443168164,490.40030238462987
"(29, 1073.11095325633)",54.45031743926769,45.50990613753366,0.516886547989989,63.81521271136,490.8614035275509
"(30, 1073.11095325633)",54.444546839088375,45.589599071980714,0.5177916696983386,64.51386109600107,491.1340511621698
"(31, 1073.11095325633)",54.4342287826462,45.68176011823181,0.5188384178826365,65.23314958922694,491.5380396108153
"(32, 1073.11095325633)",54.42276256895568,45.77767330024265,0.5199277648539754,65.97289201464174,491.96728735224076
"(33, 1073.11095325633)",54.410097168374904,45.877356946140004,0.521059932396733,66.73293398671905,492.422186771218
"(34, 1073.11095325633)",54.396186153039714,45.98082737556891,0.5222351137428811,67.51313453223835,492.9030862003127
"(35, 1073.11095325633)",54.38097996466841,46.088100295328914,0.5234534909560018,68.31336132131507,493.4103133438337
"(36, 1073.11095325633)",54.36190432717958,46.20539891973593,0.5247857262976275,69.13352029207051,494.01979071049215
"(37, 1073.11095325633)",54.34649549655997,46.314108928353996,0.5260204348550717,69.97346846768868,494.50482181194656
"(38, 1073.11095325633)",54.32712390565538,46.43286987640477,0.5273692777646137,70.83314864434067,495.0925997357463
"(39, 1073.11095325633)",54.306274117465605,46.55548328144244,0.528761862659517,71.71247374933141,495.70767273481545
"(40, 1073.11095325633)",54.2838998415946,46.68195925932538,0.530198316709705,72.61137893264515,496.350242126608
"(41, 1073.11095325633)",54.25995815603451,46.81230651746597,0.5316787920087581,73.5298115809937,497.0205237376987
"(42, 1073.11095325633)",54.23441038502272,46.94653213977816,0.533203285927537,74.46772906441616,497.7185573766905
"(43, 1073.11095325633)",54.207216380068594,47.084642455842726,0.5347718890203523,75.42510161594731,498.4444699853713
"(44, 1073.11095325633)",54.17833774485017,47.22664244311232,0.5363846808448788,76.40190924684671,499.1983669266936
"(45, 1073.11095325633)",54.14774075116937,47.372535503137165,0.5380416556188529,77.39814364691064,499.9802503058507
"(46, 1073.11095325633)",54.11538853637257,47.52232428048628,0.5397429285343136,78.41380491449274,500.79024363832764
"(47, 1073.11095325633)",54.08125203544402,47.67600934560385,0.5414884267088936,79.44890319448537,501.6282585683658
"(48, 1073.11095325633)",54.04530043427303,47.83359019719085,0.5432781946491327,80.50345887111568,502.49432247219323
"(49, 1073.11095325633)",54.007508042445764,47.99506486181746,0.5451121662442444,81.57750005478265,503.3883362952015
"(50, 1073.11095325633)",53.96784996980863,48.160429859427765,0.5469903028454939,82.67106179170158,504.310223516795
"(51, 1073.11095325633)",53.92630209300264,48.32968045678212,0.5489126172495493,83.78418943759175,505.25995251349923
"(52, 1073.11095325633)",53.88284540903374,48.50281020274072,0.5508789809083775,84.91693441755045,506.23733391391426
"(53, 1073.11095325633)",53.837462888818244,48.67981120125731,0.5528892900544192,86.06935466799172,507.2421984275217
"(54, 1073.11095325633)",53.790138583425396,48.86067435532098,0.5549434691008738,87.24151688279443,508.274398247419
"(55, 1073.11095325633)",53.7408596100107,49.04538862357254,0.5570413853092537,88.43349091988259,509.33372107255735
"(56, 1073.11095325633)",53.68961574512995,49.23394207703247,0.55918291121413,89.64535449189087,510.4199524057539
"(57, 1073.11095325633)",53.636399584167556,49.42632079050074,0.5613678726729604,90.87718982966078,511.5328231418979
"(58, 1073.11095325633)",53.581203873903,49.62250980469884,0.563596155799274,92.12908464259058,512.6721233587714
"(59, 1073.11095325633)",53.52402723168159,49.82249250774365,0.5658675053057364,93.40113118443966,513.8374868509806
"(60, 1073.11095325633)",53.46486865818585,50.02625099763144,0.5681817107449442,94.6934260054642,515.0285912348552
"(61, 1073.11095325633)",53.40372887796477,50.2337660162288,0.5705385929770692,96.00606982654054,516.2451435526075
"(62, 1073.11095325633)",53.34061178348115,50.445016871683876,0.5729379162277723,97.33916658189334,517.4867868579869
"(63, 1073.11095325633)",53.27552355881752,50.659981613671206,0.5753794025156996,98.69281691501597,518.7531222026641
"(64, 1073.11095325633)",53.20847142227412,50.878636965248276,0.5778628348996667,100.06715216981979,520.0437854407668
"(65, 1073.11095325633)",53.13946691843683,51.100958368064056,0.5803878917381025,101.46226610343544,521.3583376580714
"(66, 1073.11095325633)",53.06852203520831,51.32691995518405,0.5829542860671064,102.87828058028596,522.6963490460498
"(67, 1073.11095325633)",52.99565081853426,51.5564948357089,0.5855617113765864,104.31531316516998,524.0573731205666
"(68, 1073.11095325633)",52.92086903402972,51.78965487144901,0.5882098671177736,105.7734850199315,525.4409661976017
"(69, 1073.11095325633)",52.84419594730887,52.02637058664063,0.590898410808857,107.25291745979537,526.8466394409477
"(70, 1073.11095325633)",52.76565094238573,52.26661159915505,0.5936269837760203,108.7537339213901,528.273884517175
"(71, 1073.11095325633)",52.685255720098496,52.510346462045234,0.5963952298582001,110.27604013854827,529.7222134921129
"(72, 1073.11095325633)",52.60303387312036,52.75754256890995,0.5992028193999681,111.82001770109527,531.1910910190851
"(73, 1073.11095325633)",52.52216786518834,53.001218708537365,0.6019704126553637,113.38574864516414,532.5952947115395
"(74, 1073.11095325633)",52.43321195865757,53.26218340998919,0.6049343645739745,114.97334373731842,534.1883488881716
"(75, 1073.11095325633)",52.34566673419175,53.51955818199151,0.6078575498688996,116.582965244126,535.7156295397461
"(76, 1073.11095325633)",52.256404169218925,53.78025442354053,0.6108184547113522,118.21472836279445,537.2612458390632
"(77, 1073.11095325633)",52.165454606905364,54.04423505735423,0.6138166902529105,119.86876134646228,538.8246522554841
"(78, 1073.11095325633)",52.0728521581533,54.31146212215681,0.6168517216850358,121.54519229775445,540.4051467774826
"(79, 1073.11095325633)",51.97862769088663,54.581896763766885,0.6199232418135351,123.24414724768121,542.0022737205959
"(80, 1073.11095325633)",51.88658112311552,54.847290367924664,0.6229374874825245,124.9657700186039,543.5152709928711
"(81, 1073.11095325633)",51.78545420425823,55.132230907199045,0.6261737425722123,126.71013614201054,545.2437656537401
"(82, 1073.11095325633)",51.68657644553912,55.41204955095918,0.6293518534758369,128.47742490032147,546.8869425167719
"(83, 1073.11095325633)",51.5862211618232,55.69491451791074,0.6325645344416394,130.26774040522665,548.5441901455875
"(84, 1073.11095325633)",51.484426006970295,55.98078392250238,0.635811354404706,132.08120760564097,550.2149210107915
"(85, 1073.11095325633)",51.3812295624235,56.26961551771483,0.639091796992335,133.91794795178674,551.8984595369587
"(86, 1073.11095325633)",51.276671984052385,56.56136666897654,0.6424053959111802,135.7780872452742,553.5941795379824
"(87, 1073.11095325633)",51.170791780272324,56.85599417529827,0.6457516721849366,137.6617385598737,555.3014539453727
"(88, 1073.11095325633)",51.06362942497221,57.15345464120991,0.6491301452093236,139.56903132699142,557.0196375860057
"(89, 1073.11095325633)",50.95522654993861,57.45370444869395,0.6525402818857055,141.50007528635842,558.7480486461653
"(90, 1073.11095325633)",50.845623189584266,57.756699545180226,0.6559816182874442,143.45498883986568,560.4860708792037
"(91, 1073.11095325633)",50.73486173637804,58.062395826440294,0.6594536092320845,145.4338869459663,562.2330042854032
"(92, 1073.11095325633)",50.6229831871536,58.37074899535922,0.6629557772399048,147.43688190449564,563.9882241762099
"(93, 1073.11095325633)",50.5100287746746,58.681714624977324,0.6664876161586251,149.46408574242656,565.7510753670946
"(94, 1073.11095325633)",50.39604029231999,58.99524831776964,0.6700486267441664,151.51557723515077,567.5209433383766
"(95, 1073.11095325633)",50.28106012562143,59.311305590972786,0.6736382745863468,153.5915587313747,569.2970522599294
"(96, 1073.11095325633)",50.16512652759914,59.62984180868388,0.6772561453019139,155.69204216052518,571.0789455231193
"(97, 1073.11095325633)",50.048284513346005,59.95081302272932,0.6809016305823984,157.81716294855423,572.8658349195127
"(98, 1073.11095325633)",49.93057381718895,60.27417484271127,0.6845742476032509,159.9670255978154,574.6570978224441
"(99, 1073.11095325633)",49.812034652315354,60.5998830546719,0.6882735334826018,162.1417304590297,576.4521371575878
"(100, 1073.11095325633)",49.69270704875252,60.927893991667496,0.6919989983968683,164.34137488942287,578.250329932666
"(101, 1073.11095325633)",49.57263255217582,61.258164060179226,0.6957500725621281,166.56606023800188,580.0509633573041
"(102, 1073.11095325633)",49.45184823243339,61.590649688359136,0.699526398551222,168.81587952228728,581.853560854982
"(103, 1073.11095325633)",49.330397047168,61.92530844295918,0.7033272828367414,171.09092769241252,583.6572832437075
"(104, 1073.11095325633)",49.20831320217492,62.26209714476085,0.7071524322332027,173.39129378057177,585.4617268707327
"(105, 1073.11095325633)",49.08563694364364,62.60097380073549,0.7110012655581427,175.71707645349653,587.2661693960591
"(106, 1073.11095325633)",48.9624044846976,62.94189654967665,0.714873345451068,178.06835957756277,589.0700576169745
"(107, 1073.11095325633)",48.83865088604137,63.28482384576054,0.7187682583990127,180.44522973628105,590.8728612046757
"(108, 1073.11095325633)",48.71441527581319,63.629715275970455,0.7226853922744993,182.8477737740793,592.6738364340334
"(109, 1073.11095325633)",48.589729657975454,63.97653016007716,0.7266244177174669,185.27607649855977,594.4725450575569
"(110, 1073.11095325633)",48.46462998453187,64.32522882361339,0.730584777296664,187.73021970754877,596.268307091838
"(111, 1073.11095325633)",48.339147745363526,64.67577178277192,0.7345661492010234,190.210285867762,598.0606947311798
"(112, 1073.11095325633)",48.21331597986177,65.02812063118292,0.7385680096493649,192.71635455952114,599.8490663199391
"(113, 1073.11095325633)",48.08716622766724,65.38223720673005,0.7425899496265302,195.24850459941402,601.632904122882
"(114, 1073.11095325633)",47.96072883491326,65.73808413908549,0.7466315417060416,197.80681357375343,603.4116718776602
"(115, 1073.11095325633)",47.83403330398147,66.09562462635154,0.75069236897811,200.39135791960487,605.1848457567473
"(116, 1073.11095325633)",47.70710811964072,66.45482257100393,0.7547720211116385,203.00221302560163,606.9519100407157
"(117, 1073.11095325633)",47.57998075869122,66.81564253380725,0.7588700959309799,205.6394533180607,608.7123587241557
"(118, 1073.11095325633)",47.45267763678184,67.17804980579021,0.7629861982109553,208.30315235135544,610.465694132226
"(119, 1073.11095325633)",47.32522414326204,67.54201032076783,0.7671199420517552,210.99338290248997,612.2114293746096
"(120, 1073.11095325633)",47.197644568890205,67.90749076402486,0.7712709487381271,213.71021706981568,613.94908594947
"(1, 1075.0769522357643)",54.36798766475793,44.66829341090565,0.5073277959342333,54.48218411463027,490.9342365228331
"(2, 1075.0769522357643)",54.368321187056395,44.67180252335775,0.5073676391646771,54.52046493669958,490.93879023951655
"(3, 1075.0769522357643)",54.368869276256056,44.67765881933269,0.5074342149652953,54.58424852284749,490.94658076218974
"(4, 1075.0769522357643)",54.36962983513843,44.68587181312473,0.5075274367968483,54.67350800100446,490.9575419265807
"(5, 1075.0769522357643)",54.37058461438422,44.69645859203005,0.5076476882954467,54.78820549629334,490.9721240459068
"(6, 1075.0769522357643)",54.371721309443785,44.709439133056016,0.5077950956221893,54.9282916728323,490.9905120889394
"(7, 1075.0769522357643)",54.37301879808977,44.72483823300281,0.5079700034762394,55.09370494769428,491.01313821673176
"(8, 1075.0769522357643)",54.374451564190366,44.74269476646189,0.5081728106291068,55.28436841660683,491.0405080436156
"(9, 1075.0769522357643)",54.37567245939357,44.763913305105994,0.5084138067188108,55.50020242221056,491.0837633796315
"(10, 1075.0769522357643)",54.37760058222547,44.78593642663093,0.5086639445905734,55.74109403371239,491.11178922894294
"(11, 1075.0769522357643)",54.37923803912478,44.81143216888806,0.5089534827010626,56.00692627272518,491.157232739311
"(12, 1075.0769522357643)",54.38084957937847,44.839599530402346,0.5092734363942015,56.29756013988434,491.21057371342823
"(13, 1075.0769522357643)",54.382384704964615,44.87051276346207,0.5096245342672364,56.61284079579542,491.27275028879603
"(14, 1075.0769522357643)",54.383781960375934,44.90425226151841,0.5100077299600356,56.952592608033555,491.3449633340823
"(15, 1075.0769522357643)",54.384978827951585,44.94090149818047,0.5104239740111499,57.31662579741919,491.4284245305548
"(16, 1075.0769522357643)",54.385910356407514,44.980543414396706,0.5108742472303741,57.704734231420026,491.524394456751
"(17, 1075.0769522357643)",54.38651466349116,45.02325904703064,0.5113593913415794,58.11670017814464,491.63399576249606
"(18, 1075.0769522357643)",54.38672704974894,45.06912671540726,0.5118803142923615,58.552294307869126,491.758433891048
"(19, 1075.0769522357643)",54.386485143802844,45.11821941987823,0.512437878355506,59.01127970462902,491.89887276796975
"(20, 1075.0769522357643)",54.385727159504015,45.170605183888966,0.5130328745420379,59.493414185716155,492.0564049736912
"(21, 1075.0769522357643)",54.38439740936254,45.2263455174465,0.5136659314320824,59.99845224372628,492.231951787622
"(22, 1075.0769522357643)",54.382436307921594,45.28549704730253,0.5143377790897194,60.52614784231008,492.4265441211774
"(23, 1075.0769522357643)",54.37979151533625,45.34810984236748,0.5150489207212793,61.07625611733362,492.64096782401907
"(24, 1075.0769522357643)",54.37640863068828,45.414229524503604,0.5157998776627913,61.64853669640855,492.87602374488523
"(25, 1075.0769522357643)",54.37223592320346,45.48389658313041,0.5165911324765796,62.2427526653168,493.13246758962646
"(26, 1075.0769522357643)",54.36722141567935,45.557147763696115,0.5174231106159239,62.858675134599146,493.4109856427172
"(27, 1075.0769522357643)",54.361314965807196,45.634015868890764,0.518296131822347,63.496082333818215,493.7121434213365
"(28, 1075.0769522357643)",54.35446595052391,45.71453057224089,0.5192105983730211,64.1547647818984,494.0365828854766
"(29, 1075.0769522357643)",54.34662378724166,45.798719210222785,0.5201667833859698,64.83451894214498,494.3848011947244
"(30, 1075.0769522357643)",54.337739279159855,45.88660623521162,0.5211649725492904,65.53515582535061,494.7572944749763
"(31, 1075.0769522357643)",54.327761490129134,45.97821470059077,0.5222054390761114,66.25649593414097,495.15453594874396
"(32, 1075.0769522357643)",54.316641630383124,46.07356557284649,0.5232883838051661,66.99837373907562,495.57690706256113
"(33, 1075.0769522357643)",54.30432825098004,46.17267855552004,0.5244141022826273,67.7606353877371,496.0248794037243
"(34, 1075.0769522357643)",54.29077394872009,46.27557164090159,0.5255827051474228,68.54313940737964,496.4987133903401
"(35, 1075.0769522357643)",54.27592805533679,46.382261935978306,0.5267944667386778,69.34575923224183,496.9988305238407
"(36, 1075.0769522357643)",54.259742688362785,46.49276503581083,0.5280495252596186,70.1683787510619,497.52549549459104
"(37, 1075.0769522357643)",54.242169375688675,46.60709559836377,0.5293480708729804,71.0108958175308,498.0790148884743
"(38, 1075.0769522357643)",54.223162242388526,46.72526679506787,0.5306902105657715,71.87322111771772,498.65959303868794
"(39, 1075.0769522357643)",54.202675209262146,46.84728944808621,0.5320761064096197,72.75527750793147,499.2674813283947
"(40, 1075.0769522357643)",54.18066195136631,46.97317888857212,0.5335059090873651,73.65700068646059,499.90290605495466
"(41, 1075.0769522357643)",54.15708108825947,47.10294042303428,0.534979702699757,74.57833689084036,500.56601139560973
"(42, 1075.0769522357643)",54.13189010935689,47.23658395618398,0.5364975886991603,75.5192445204081,501.2569480201218
"(43, 1075.0769522357643)",54.10505407208183,47.37410460170016,0.5380594999068085,76.47969502906957,501.97567225224157
"(44, 1075.0769522357643)",54.07651958586198,47.51554508491919,0.5396659369678597,77.45966703206744,502.72274370879734
"(45, 1075.0769522357643)",54.046266749442985,47.66087096126424,0.5413164953473394,78.45915059175819,503.49773742120476
"(46, 1075.0769522357643)",54.014254906132834,47.81010002416244,0.5430113911410318,79.47815241817315,504.30087899902986
"(47, 1075.0769522357643)",53.98045221993204,47.9632327652389,0.5447506172810563,80.51667605661916,505.1321572984502
"(48, 1075.0769522357643)",53.94483007377952,48.12026917926686,0.5465341959745302,81.57474479153495,505.99157290938706
"(49, 1075.0769522357643)",53.90736006846845,48.28120783154628,0.5483620868992669,82.65238492261278,506.87905618269446
"(50, 1075.0769522357643)",53.86801822096525,48.446045635678715,0.550234255141081,83.74963323921644,507.7945327935729
"(51, 1075.0769522357643)",53.82677956499809,48.614778149863504,0.5521507070019243,84.86653424166064,508.73796501679067
"(52, 1075.0769522357643)",53.783629393866654,48.78739601055121,0.5541112017671741,86.00313956144514,509.7090424341051
"(53, 1075.0769522357643)",53.73854242526597,48.96390148042693,0.5561158875971833,87.15950670556302,510.7078668223038
"(54, 1075.0769522357643)",53.69150854383589,49.14427563080431,0.5581645143157503,88.33570191198584,511.7341029847466
"(55, 1075.0769522357643)",53.64251278731282,49.3285112394099,0.560257025849149,89.53179510374393,512.787620714833
"(56, 1075.0769522357643)",53.59154655687196,49.5165960142819,0.5623932132709855,90.74786352179919,513.8681181596502
"(57, 1075.0769522357643)",53.53860087382976,49.708516383926764,0.5645729782863157,91.98398945547548,514.9754073552452
"(58, 1075.0769522357643)",53.48366961508822,49.90425739581154,0.5667961520544677,93.2402599907982,516.1092196988777
"(59, 1075.0769522357643)",53.42675108985554,50.1038022939279,0.5690625112280414,94.51676660990059,517.2692235927726
"(60, 1075.0769522357643)",53.36784357289025,50.30713348520963,0.5713718815374007,95.81360691369701,518.455134082746
"(61, 1075.0769522357643)",53.30694937618546,50.51423123578025,0.5737240274416959,97.13087915857146,519.666599687875
"(62, 1075.0769522357643)",53.244070977671136,50.72507504039568,0.5761187414776172,98.46868875016673,520.9032919634941
"(63, 1075.0769522357643)",53.17921723522734,50.93964266029541,0.5785557110752432,99.82714150916524,522.1647690522026
"(64, 1075.0769522357643)",53.11240313190437,51.15788992001782,0.5810344889420109,101.20634856729446,523.4504389483475
"(65, 1075.0769522357643)",53.04361260823987,51.379854674476924,0.5835554887225834,102.60642185577363,524.7606344205533
"(66, 1075.0769522357643)",52.972885243907406,51.60544825965531,0.5861177120947467,104.0274775673635,526.094166002856
"(67, 1075.0769522357643)",52.90022681890611,51.83466448480257,0.5887210706193725,105.46963271307557,527.4508216053756
"(68, 1075.0769522357643)",52.82565375929689,52.06747488410556,0.5913652523391267,106.9330068844832,528.8301462583989
"(69, 1075.0769522357643)",52.7491847591871,52.30384984256108,0.594049910493788,108.41772106516645,530.2316461844237
"(70, 1075.0769522357643)",52.67083947519297,52.54375878514871,0.5967747309318193,109.92389813683819,531.6548607646604
"(71, 1075.0769522357643)",52.590640333261774,52.78716992896449,0.5995393244230954,111.45166180722364,533.0992478390469
"(72, 1075.0769522357643)",52.50861117070768,53.03405043817115,0.6023433129702529,113.0011373452553,534.5642757623973
"(73, 1075.0769522357643)",52.424777212223944,53.284366087342676,0.6051863062016162,114.57244950335912,536.0494001026944
"(74, 1075.0769522357643)",52.33916466430737,53.53808330818829,0.6080679580605503,116.16572422764911,537.5541228763119
"(75, 1075.0769522357643)",52.251803640460864,53.79516524646255,0.610987799896471,117.78108949699069,539.0778122689424
"(76, 1075.0769522357643)",52.162721210485934,54.05557561087908,0.613945469769117,119.41867097130677,540.6199535070301
"(77, 1075.0769522357643)",52.07195186886292,54.31927707916487,0.616940482344495,121.07859487543847,542.1798985943436
"(78, 1075.0769522357643)",51.979377417067674,54.58655607951083,0.619976153245235,122.76098980516429,543.7610834845761
"(79, 1075.0769522357643)",51.885476179203046,54.856399273922726,0.6230409408391046,124.46598042629017,545.3509753691175
"(80, 1075.0769522357643)",51.78987697330975,55.12965696844886,0.6261445134475471,126.19369327524043,546.959841901094
"(81, 1075.0769522357643)",51.692648094132394,55.406217195487244,0.6292855997259094,127.94425366335122,548.5861909758346
"(82, 1075.0769522357643)",51.59394332780583,55.68578582951638,0.6324607983025309,129.71778625254893,550.2262411951344
"(83, 1075.0769522357643)",51.493757830274134,55.968405623476784,0.6356707424707028,131.5144149262696,551.8805495145789
"(84, 1075.0769522357643)",51.39213205916621,56.25403452245014,0.6389148438815764,133.33426253486346,553.5483605635308
"(85, 1075.0769522357643)",51.28910534892524,56.54263003996069,0.642192604748138,135.17745071037086,555.2290175506042
"(86, 1075.0769522357643)",51.18471699304617,56.83414911996912,0.6455035725389261,137.04409994748266,556.9219134749636
"(87, 1075.0769522357643)",51.079006782939196,57.12854847446489,0.6488472655913146,138.93433137309785,558.6264093853223
"(88, 1075.0769522357643)",50.97201381064177,57.425784216095174,0.6522232154834161,140.84826137923017,560.3418853000909
"(89, 1075.0769522357643)",50.863781814470094,57.72581274265146,0.655630808173817,142.7860068582578,562.0675641851205
"(90, 1075.0769522357643)",50.75435010274191,58.02858954418389,0.6590696402252877,144.7476834539727,563.8028966705514
"(91, 1075.0769522357643)",50.64376051258929,58.334070304931664,0.662539181938374,146.7334044329997,565.5472000220841
"(92, 1075.0769522357643)",50.53205407139837,58.642210454311076,0.6660389511258472,148.7432811986702,567.2998444480108
"(93, 1075.0769522357643)",50.41926804965178,58.95297771477324,0.6695685334853436,150.7774271570173,569.0602711353762
"(94, 1075.0769522357643)",50.30546001473636,59.26629050229626,0.6731270376691093,152.83594969451747,570.8274144302771
"(95, 1075.0769522357643)",50.190654979162076,59.58214101229524,0.6767143742342047,154.9189547747102,572.601072211131
"(96, 1075.0769522357643)",50.07490077312522,59.900472385977096,0.6803298661228232,157.026547783682,574.3804112026083
"(97, 1075.0769522357643)",49.95824336701647,60.221228454577286,0.6839729080981334,159.15883298709443,576.1646764628794
"(98, 1075.0769522357643)",49.84070709833659,60.54439931653296,0.687643401800467,161.3159145446741,577.9536580880051
"(99, 1075.0769522357643)",49.72235180368174,60.86990655469771,0.6913403720208177,163.49788982204674,579.7462102876334
"(100, 1075.0769522357643)",49.60320926255246,61.19771725082074,0.6950635284448338,165.7048573826699,581.5419223880385
"(101, 1075.0769522357643)",49.48332018572672,61.52778772975265,0.6988123910188768,167.93691386047965,583.3401816606817
"(102, 1075.0769522357643)",49.36272509054942,61.86007465401415,0.7025864117228312,170.19415525433507,585.1403029429081
"(103, 1075.0769522357643)",49.241463502026086,62.19453487651379,0.7063850633477469,172.47667403172588,586.941626977037
"(104, 1075.0769522357643)",49.119572108395715,62.531125513928245,0.7102079527512094,174.7845603012349,588.7436409961371
"(105, 1075.0769522357643)",48.99708940331646,62.8698042390186,0.7140545667618529,177.11790700548968,590.5457003588723
"(106, 1075.0769522357643)",48.87405288448367,63.21052918000769,0.7179244089785022,179.47679885295815,592.3471866873124
"(107, 1075.0769522357643)",48.75049884030792,63.55325883934473,0.721817018051963,181.8613235252808,594.1475163139312
"(108, 1075.0769522357643)",48.626464333640214,63.897952482728755,0.7257318807597367,184.271566809867,595.9460516976399
"(109, 1075.0769522357643)",48.50197967011376,64.2445689096842,0.7296686930474398,186.70761144070713,597.7423832225878
"(110, 1075.0769522357643)",48.37708420722438,64.59306916367582,0.7336268311201675,189.16953888041266,599.5357587986387
"(111, 1075.0769522357643)",48.2518078391411,64.94341328372988,0.737605952503536,191.65743016023325,601.3257292082262
"(112, 1075.0769522357643)",48.12618481604732,65.29556286679184,0.7416055310095916,194.17136419354011,603.1116498454373
"(113, 1075.0769522357643)",48.000245356116665,65.6494796979723,0.7456252015962156,196.71141913065716,604.8930501115798
"(114, 1075.0769522357643)",47.87402019962815,66.00512629759504,0.7496645187204451,199.27767163311307,606.6693743521541
"(115, 1075.0769522357643)",47.74753878870585,66.36246585884912,0.7537230639461517,201.87019731637776,608.4400971006532
"(116, 1075.0769522357643)",47.62082957038363,66.72146223397463,0.7578004267189704,204.48907076237882,610.2047023976136
"(117, 1075.0769522357643)",47.49391996892068,67.0820799595346,0.7618962042570158,207.13436560593755,611.9626835866924
"(118, 1075.0769522357643)",47.36683636519345,67.44428426903978,0.7660100016935125,209.80615462542636,613.7135433773478
"(119, 1075.0769522357643)",47.23960407767368,67.80804110391074,0.7701414322025437,212.50450983759157,615.4567938852056
"(120, 1075.0769522357643)",47.11224734482118,68.17331712293476,0.7742901171057319,215.22950259648283,617.1919566478206
"(1, 1076.9478257458622)",54.26300662627039,44.95764075360251,0.5106140925785526,55.43440535730494,494.4703314403637
"(2, 1076.9478257458622)",54.263347194666416,44.961133420169595,0.5106537692765066,55.472760575639555,494.4747059556235
"(3, 1076.9478257458622)",54.263909566096174,44.96696157234263,0.510719981802963,55.536668293530965,494.48210567413633
"(4, 1076.9478257458622)",54.26468659000644,44.97513577288008,0.5108128136388932,55.62610192027394,494.49264709125845
"(5, 1076.9478257458622)",54.26566539627735,44.98567160805243,0.5109324599392605,55.74102382683127,494.50657800774025
"(6, 1076.9478257458622)",54.2668301952959,44.99858960176613,0.5110791825936851,55.881385075868934,494.5242294023728
"(7, 1076.9478257458622)",54.26816264882549,45.01391536302236,0.5112532589138657,56.047124760369286,494.5459608324048
"(8, 1076.9478257458622)",54.269638297437076,45.0316813406282,0.5114550419882927,56.23816961962842,494.57222581642213
"(9, 1076.9478257458622)",54.27122608500248,45.051927964475766,0.5116850200023528,56.45443177929873,494.60363797896315
"(10, 1076.9478257458622)",54.272894591903814,45.07470308900988,0.5119436446455293,56.69580886920533,494.64078613620984
"(11, 1076.9478257458622)",54.27459648047786,45.100065752056665,0.5122317239170496,56.962181403735656,494.68465994678576
"(12, 1076.9478257458622)",54.27628530402869,45.12808211114902,0.5125499322940823,57.25341269572249,494.73612247457834
"(13, 1076.9478257458622)",54.27790699282483,45.158825980864755,0.512899107888104,57.569347968307504,494.79623109877855
"(14, 1076.9478257458622)",54.279402977571024,45.19237641542551,0.5132801537832051,57.90981479355169,494.86613082177297
"(15, 1076.9478257458622)",54.2807116877349,45.22881539361413,0.5136939927956468,58.274624363433695,494.9470042765487
"(16, 1076.9478257458622)",54.28176869694747,45.26822538806801,0.5141416058535802,58.663571459337774,495.04011309016147
"(17, 1076.9478257458622)",54.28251153089862,45.31068689995261,0.51462387155637,59.07644359468183,495.1466159548687
"(18, 1076.9478257458622)",54.282878843367165,45.35627719147759,0.5151416123812903,59.51300932245973,495.2676300827886
"(19, 1076.9478257458622)",54.28280240407866,45.40507041955234,0.5156958541118484,59.97303441634952,495.40449441556103
"(20, 1076.9478257458622)",54.28222864856577,45.457133074275255,0.5162871666225161,60.45627888312574,495.55806267148466
"(21, 1076.9478257458622)",54.2810963257109,45.51252852726627,0.5169163337071547,60.96249768041417,495.7294239980287
"(22, 1076.9478257458622)",54.27934986432054,45.57131151551065,0.5175839641012004,61.49144625052488,495.9194785291873
"(23, 1076.9478257458622)",54.27693257893447,45.633535413477915,0.5182906975050476,62.04288120604839,496.129158576319
"(24, 1076.9478257458622)",54.27379263417973,45.699245513726524,0.5190369766764297,62.61656199397868,496.35918151940814
"(25, 1076.9478257458622)",54.26987412347623,45.7684840991595,0.5198233872638819,63.21225367088592,496.61041301480105
"(26, 1076.9478257458622)",54.265127070353095,45.84128862946985,0.5206502864058947,63.82972796025358,496.88346595853517
"(27, 1076.9478257458622)",54.25949946622122,45.917693317369846,0.5215180718696926,64.46876430594975,497.17898928129
"(28, 1076.9478257458622)",54.252939492451354,45.99772956966108,0.5224270872681029,65.12915174520191,497.4975639989254
"(29, 1076.9478257458622)",54.24539690919648,46.081425581466476,0.5233776738825103,65.81068990015443,497.8397580315421
"(30, 1076.9478257458622)",54.2368188309371,46.16880814128434,0.5243701456951304,66.51318848589506,498.20609980651665
"(31, 1076.9478257458622)",54.2271551189506,46.25990125193478,0.5254047781756294,67.23646985102444,498.59706364170665
"(32, 1076.9478257458622)",54.216482906963655,46.3544074680636,0.5264781170662969,67.9803681265419,499.00909535078205
"(33, 1076.9478257458622)",54.2043696126992,46.45330799235066,0.5276013958102215,68.74472973550257,499.45444634279755
"(34, 1076.9478257458622)",54.19114390658539,46.55566410616999,0.5287639214616539,69.52941493017254,499.9217406208114
"(35, 1076.9478257458622)",54.176632070253746,46.661809323847145,0.5299694627677661,70.33429584699331,500.4151647924551
"(36, 1076.9478257458622)",54.160781034237836,46.77176561152377,0.5312183271963739,71.15925746774062,500.9351650027483
"(37, 1076.9478257458622)",54.1435442717466,46.885547076297236,0.5325106116707559,72.0041981567496,501.48194726867
"(38, 1076.9478257458622)",54.124871558229515,47.0031684824283,0.5338465663303975,72.8690286524222,502.0558702389937
"(39, 1076.9478257458622)",54.10472018205424,47.124642753696435,0.535226216973547,73.75367207307315,502.6570385787714
"(40, 1076.9478257458622)",54.083040932648686,47.249982417047974,0.5366497911104794,74.65805651545372,503.2857692079482
"(41, 1076.9478257458622)",54.05979242421454,47.3791978135832,0.5381173553169181,75.58215174753215,503.94216405713627
"(42, 1076.9478257458622)",54.034930215020694,47.512298651277305,0.53962906831024,76.52589390299318,504.6264579229853
"(43, 1076.9478257458622)",54.00841722117452,47.6492925290405,0.5411849424257452,77.48925777387326,505.33868929793266
"(44, 1076.9478257458622)",53.98020794125199,47.79018663211701,0.5427852174737764,78.47223200351775,506.0791278018607
"(45, 1076.9478257458622)",53.950271925456285,47.93498551468046,0.544429789425228,79.474800256586,506.8476777361909
"(46, 1076.9478257458622)",53.91857116465266,48.08369301670452,0.5461188084375852,80.49696522905751,507.64449811672085
"(47, 1076.9478257458622)",53.88507788442445,48.23631081713179,0.5478521542430165,81.53873789799852,508.46944844420483
"(48, 1076.9478257458622)",53.8497574895704,48.392839926007994,0.5496299662400324,82.60013731127863,509.32265979569587
"(49, 1076.9478257458622)",53.81258437893762,48.55327901877861,0.5514521689983362,83.68119149299574,510.2040229126022
"(50, 1076.9478257458622)",53.77353246874987,48.717625566012934,0.5533187716116943,84.78193797242012,511.1135100591654
"(51, 1076.9478257458622)",53.73257978517322,48.885875440265025,0.5552297016089093,85.90241917932823,512.0510007579105
"(52, 1076.9478257458622)",53.68970533137608,49.05802283961907,0.5571848942427479,87.04268706939895,513.0163733237665
"(53, 1076.9478257458622)",53.6448926061236,49.23406031303679,0.5591842535860896,88.20280012786394,514.0094659629981
"(54, 1076.9478257458622)",53.598124216809055,49.41397921049345,0.5612277391226236,89.3828229198414,515.0301704765341
"(55, 1076.9478257458622)",53.549389483222384,49.59776875607998,0.5633151368638362,90.58282599220507,516.0781858630361
"(56, 1076.9478257458622)",53.498676691889266,49.78541710144851,0.5654463949929637,91.80288634465141,517.1533793188569
"(57, 1076.9478257458622)",53.445978272624885,49.97691070251672,0.5676213223638006,93.04308536201495,518.2554636046713
"(58, 1076.9478257458622)",53.39128899821654,50.172234535189105,0.5698397333295074,94.3035111097169,519.3841507230981
"(59, 1076.9478257458622)",53.33460609605806,50.371372013370234,0.5721014752908301,95.58425358736481,520.5391863330948
"(60, 1076.9478257458622)",53.27592826628304,50.57430517331999,0.5744063267607603,96.88541014714309,521.7202345525251
"(61, 1076.9478257458622)",53.215258420376045,50.78101453483754,0.5767540639817987,98.2070791904779,522.9269560048101
"(62, 1076.9478257458622)",53.152599468551664,50.991479324295916,0.5791444566995949,99.54936464894158,524.1589987864558
"(63, 1076.9478257458622)",53.08795838773013,51.20567725475895,0.5815772527699572,100.91237254993759,525.4159853239195
"(64, 1076.9478257458622)",53.02134334658101,51.42358490242377,0.5840521758740564,102.29621362752079,526.6975073021842
"(65, 1076.9478257458622)",52.95276522357366,51.64517740477957,0.5865689442088863,103.70099961105059,528.0031495047555
"(66, 1076.9478257458622)",52.882236751643916,51.870428467579565,0.5891272724130049,105.12684507392986,529.332490038846
"(67, 1076.9478257458622)",52.82944103667374,52.05513488838778,0.5912251037461136,106.57431651548735,530.1442734902616
"(68, 1076.9478257458622)",52.735389713453955,52.331795659112586,0.5943673306722057,108.04218509433589,532.060419367468
"(69, 1076.9478257458622)",52.65910650246508,52.56785350039083,0.5970483890975832,109.53191838053765,533.4580461231742
"(70, 1076.9478257458622)",52.580943477264874,52.807453279370236,0.5997697058924978,111.04318972842495,534.8774909807357
"(71, 1076.9478257458622)",52.50092331854218,53.05056302145566,0.6025308489683879,112.5761224945204,536.3181652467935
"(72, 1076.9478257458622)",52.41907011898179,53.29714965240498,0.6053314876596797,114.13084064966814,537.7795888409322
"(73, 1076.9478257458622)",52.33540866207007,53.54717915396162,0.6081712483984144,115.70746872620153,539.2612349176175
"(74, 1076.9478257458622)",52.249966480153795,53.80061643375113,0.6110497028590361,117.30613173902391,540.7625171776704
"(75, 1076.9478257458622)",52.16277254625452,54.05742558338591,0.6139664508637263,118.92695654396033,542.2828777946335
"(76, 1076.9478257458622)",52.07385573034335,54.317569527214495,0.6169210948417378,120.57006839475775,543.8217633518087
"(77, 1076.9478257458622)",51.983248900730814,54.581010788907264,0.6199131729248374,122.23559259124029,545.3785511413821
"(78, 1076.9478257458622)",51.890984890948545,54.847710822451,0.6229422421590738,123.92365808267354,546.9526351757934
"(79, 1076.9478257458622)",51.79709466077392,55.11763015522135,0.6260079222572156,125.6343792909812,548.5434914836119
"(80, 1076.9478257458622)",51.701615954466924,55.39072905908507,0.6291096875047414,127.36790522864719,550.1504048852429
"(81, 1076.9478257458622)",51.60458330764417,55.66696673045087,0.6322471090861274,129.12433661708278,551.7728128473291
"(82, 1076.9478257458622)",51.506037305181295,55.94630213940812,0.6354196043739507,130.90380823623823,553.409953130584
"(83, 1076.9478257458622)",51.40600556527308,56.22869297486632,0.638627026166146,132.70643999351722,555.0615472986595
"(84, 1076.9478257458622)",51.30453669079687,56.51409738108307,0.6418685380003376,134.53235228246803,556.7265741316709
"(85, 1076.9478257458622)",51.201665788958756,56.80247231954714,0.6451438051081985,136.38167264552038,558.4045455591663
"(86, 1076.9478257458622)",51.0974331801807,57.093774644067274,0.6484523102469094,138.25451364112166,560.0947919791688
"(87, 1076.9478257458622)",50.99187860196863,57.38796062362626,0.6517935900867038,140.15099718940039,561.7966924895651
"(88, 1076.9478257458622)",50.88504216666599,57.68498635282127,0.6551671298497682,142.07124082817265,563.5095751636923
"(89, 1076.9478257458622)",50.77696747621556,57.98480770832393,0.6585723810029248,144.0153606585332,565.2327331588423
"(90, 1076.9478257458622)",50.66769285943258,58.28738012409142,0.6620089126782399,145.98346854612305,566.9655905870898
"(91, 1076.9478257458622)",50.55726235329639,58.592659092880226,0.6654761505780654,147.97567891772687,568.7074145330466
"(92, 1076.9478257458622)",50.445715346197304,58.90059958015995,0.6689736659646026,149.9921024249659,570.4576326168516
"(93, 1076.9478257458622)",50.333098270391766,59.211157308233545,0.6725007663431143,152.03284893339938,572.2153891922437
"(94, 1076.9478257458622)",50.21944498648306,59.524286590033064,0.6760572584403102,154.0980263087143,573.9803682482861
"(95, 1076.9478257458622)",50.113350199138935,59.8213944246667,0.6794317256262508,156.1878422614082,575.5246773945418
"(96, 1076.9478257458622)",49.98921312390533,60.15808177226032,0.6832557427451024,158.30209558793035,577.5286909897819
"(97, 1076.9478257458622)",49.87271710474926,60.47865819396452,0.6868967285825036,160.44118553486877,579.3107528240042
"(98, 1076.9478257458622)",49.755355536935866,60.80162753021448,0.6905648789314371,162.60513441941004,581.0972104822558
"(99, 1076.9478257458622)",49.63716909223605,61.12694540660873,0.6942597409119421,164.79403082595326,582.8874876520483
"(100, 1076.9478257458622)",49.51819769899991,61.45456757227187,0.6979807793853896,167.00796178435183,584.6809209871459
"(101, 1076.9478257458622)",49.39848323624482,61.784450298612775,0.7017274566627113,169.24703016239545,586.4768285566853
"(102, 1076.9478257458622)",49.27806374375428,62.116549837229805,0.7054993407835249,171.51133001115986,588.2746511107965
"(103, 1076.9478257458622)",49.15707575390332,62.450614508459886,0.7092935427258672,173.80095385228364,590.0711848019189
"(104, 1076.9478257458622)",49.03526732192584,62.78722681541268,0.7131166737929914,176.11599116010237,591.8734601843811
"(105, 1076.9478257458622)",48.91296571630212,63.12571879708397,0.7169611747600124,178.45653058027372,593.6732477217208
"(106, 1076.9478257458622)",48.79011220532765,63.46625693924124,0.7208288881333944,180.82266165981477,595.4724421502517
"(107, 1076.9478257458622)",48.666439034462506,63.809453081228895,0.7247267852867906,183.21446745502956,597.2784682193679
"(108, 1076.9478257458622)",48.54289560499407,64.15330617521094,0.7286321591316975,185.63203211415515,599.0667874312396
"(109, 1076.9478257458622)",48.4186019850815,64.49973555565835,0.7325667917013522,188.0754400409691,600.860773495424
"(110, 1076.9478257458622)",48.29389797695979,64.84804799371094,0.7365227933498659,190.5447707366796,602.6518501737276
"(111, 1076.9478257458622)",48.16881518475439,65.19820404852767,0.7404997650612941,193.04010397709163,604.4395079709909
"(112, 1076.9478257458622)",48.043387221878895,65.55016498604661,0.7444972223712855,195.56151942906234,606.2231454775272
"(113, 1076.9478257458622)",47.917645590778534,65.90389270531352,0.7485147408699508,198.10909237553915,608.0022303430819
"(114, 1076.9478257458622)",47.791619753899724,66.25934953869836,0.7525519026916591,200.68289991177716,609.7762354529167
"(115, 1076.9478257458622)",47.66533953083686,66.61649868697614,0.7566082855138375,203.2830165954868,611.544631429945
"(116, 1076.9478257458622)",47.53883331382662,66.97530398812407,0.760683477886806,205.90951624011663,613.3069013508797
"(117, 1076.9478257458622)",47.41212849160101,67.33572992786291,0.7647770771820076,208.562471726616,615.0625387248226
"(118, 1076.9478257458622)",47.28525139068328,67.69774172259743,0.7688886881016408,211.2419550943521,616.8110457972983
"(119, 1076.9478257458622)",47.15822727532501,68.06130529554017,0.7730179236052076,213.94803763616713,618.5519344530422
"(120, 1076.9478257458622)",47.031080327125835,68.42638729203141,0.7771644048642712,216.68078999750645,620.2847260681474
"(1, 1078.7164769225776)",54.16449641013232,45.23066666582454,0.5137150134304872,56.34024663454311,497.8126027954267
"(2, 1078.7164769225776)",54.16484396756603,45.23414396014545,0.5137545301199948,56.37867187748761,497.8168048565675
"(3, 1078.7164769225776)",54.16541798239189,45.23994631621583,0.5138204459912459,56.44269638349443,497.8238848869699
"(4, 1078.7164769225776)",54.16621123913625,45.24808410073412,0.513912858224591,56.532293697175,497.8339741720679
"(5, 1078.7164769225776)",54.16534696298735,45.263741272213394,0.5140906884009256,56.647434680792514,497.9106615297566
"(6, 1078.7164769225776)",54.168403560954744,45.271432594094094,0.5141780294406912,56.788047112679486,497.86426531657634
"(7, 1078.7164769225776)",54.16976863016819,45.28668844792604,0.5143512985656011,56.95409405540516,497.88512663383295
"(8, 1078.7164769225776)",54.17128283567582,45.304372420604246,0.5145521613012635,57.14549484680569,497.91039978499117
"(9, 1078.7164769225776)",54.172917517403334,45.324523703564765,0.5147810133581168,57.36216276993567,497.94059834636647
"(10, 1078.7164769225776)",54.174636632469365,45.34719046115173,0.5150384778388419,57.603996263758354,497.97649603012434
"(11, 1078.7164769225776)",54.17639990022409,45.37242928304905,0.5153251139813533,57.87087700381332,498.01881441987786
"(12, 1078.7164769225776)",54.178158926137755,45.400305837579,0.5156417211088291,58.16266969907215,498.0685510497383
"(13, 1078.7164769225776)",54.179860268953,45.43089276539822,0.5159891320925586,58.4792209476336,498.12675775358974
"(14, 1078.7164769225776)",54.18144566003758,45.46426954880351,0.5163682213463587,58.82035981422343,498.19454871129835
"(15, 1078.7164769225776)",54.18285638435105,45.50051263664523,0.5167798609097456,59.18589957057174,498.27305133452876
"(16, 1078.7164769225776)",54.18402796828033,45.5397079172622,0.5172250435894186,59.57563753323752,498.3635392636667
"(17, 1078.7164769225776)",54.184898802632254,45.58193387204756,0.5177046199861796,59.989358819613855,498.4671449384196
"(18, 1078.7164769225776)",54.18540418590113,45.62727152305742,0.5182195469138917,60.426837875988866,498.5851260433788
"(19, 1078.7164769225776)",54.185486732944206,45.67578228794476,0.5187705103281902,60.887840521113354,498.71845671143967
"(20, 1078.7164769225776)",54.18508146534027,45.72754570461822,0.5193584327593741,61.37212749626358,498.8683713499599
"(21, 1078.7164769225776)",54.184132445769315,45.7826200500727,0.5199839402848621,61.879455887056125,499.0357882333502
"(22, 1078.7164769225776)",54.1825827285539,45.841062692716086,0.5206477127784904,62.40958186330384,499.2216845829074
"(23, 1078.7164769225776)",54.18037550927516,45.902925831335956,0.5213503353185414,62.96226303038747,499.426933926834
"(24, 1078.7164769225776)",54.17745719340504,45.96825644988312,0.5220923461984728,63.53726005514746,499.65235626431183
"(25, 1078.7164769225776)",54.17377438252845,46.03709741211658,0.5228742095387551,64.1343385597323,499.8986866275912
"(26, 1078.7164769225776)",54.16927397923473,46.10948751106188,0.5236963938571243,64.753271096785,500.16665786183074
"(27, 1078.7164769225776)",54.16390305563112,46.18546249607941,0.5245592932291787,65.3938381050049,500.45691462417204
"(28, 1078.7164769225776)",54.15760982516815,46.265054654860755,0.5254632751870336,66.05582882475635,500.7700641371994
"(29, 1078.7164769225776)",54.15034267836047,46.34829387628674,0.5264086565516147,66.73904348913086,501.10664792777413
"(30, 1078.7164769225776)",54.14204776386393,46.43520818689217,0.5273958213030279,67.44329264274985,501.4672696569416
"(31, 1078.7164769225776)",54.132673820012315,46.525823147187545,0.5284250060751011,68.16839910806137,501.8523617630634
"(32, 1078.7164769225776)",54.1221696758384,46.62016272795054,0.529496473200646,68.91419729723063,502.2623728167002
"(33, 1078.7164769225776)",54.11048238984295,46.718249312576546,0.5306105136014905,69.68053437110514,502.69776947917416
"(34, 1078.7164769225776)",54.097560752819696,46.82010433687441,0.5317673461974527,70.46727049615714,503.1589277364276
"(35, 1078.7164769225776)",54.083354551295685,46.925746977150084,0.5329671798448593,71.27427843115423,503.64620012645423
"(36, 1078.7164769225776)",54.067811168424,47.03519598051224,0.5342102886327553,72.10144298656364,504.1599975031555
"(37, 1078.7164769225776)",54.05088326777965,47.14846811165333,0.5354967953120677,72.94866443611095,504.7005520062535
"(38, 1078.7164769225776)",54.03252231693062,47.26557404587889,0.5368268451391655,73.81585259026919,505.2681105157136
"(39, 1078.7164769225776)",54.01267545937948,47.386543929522965,0.5382007858567459,74.70293004205796,505.8631255542936
"(40, 1078.7164769225776)",53.99129265863734,47.51140172249907,0.5396188778474396,75.60983582971468,506.48593896279
"(41, 1078.7164769225776)",53.96835906196274,47.6400840745341,0.541080404758412,76.53651416019093,507.13583379264566
"(42, 1078.7164769225776)",53.94379740645771,47.77268182001621,0.5425864426691378,77.48292521389725,507.8140106481092
"(43, 1078.7164769225776)",53.91758144436722,47.909176478781745,0.544136678353267,78.44903877544495,508.5201618621451
"(44, 1078.7164769225776)",53.88966909672987,48.04957565541082,0.5457312962150774,79.43483530901484,509.25450589050513
"(45, 1078.7164769225776)",53.86002366287228,48.1938851204206,0.5473702847488978,80.44030695175533,510.0170381846838
"(46, 1078.7164769225776)",53.82861102642589,48.34210895656105,0.5490537745006048,81.46545477799195,510.8078984923439
"(47, 1078.7164769225776)",53.79539721746763,48.494249870910686,0.5507817365743074,82.51028816426128,511.6270462664747
"(48, 1078.7164769225776)",53.76035313525994,48.65030875963329,0.5525542194808931,83.57482745396271,512.474513493171
"(49, 1078.7164769225776)",53.723451176893434,48.81028498027709,0.5543711615491403,84.65910008023818,513.3502062135276
"(50, 1078.7164769225776)",53.68466472685632,48.974176474515176,0.5562325952430314,85.76314301479235,514.2541224752725
"(51, 1078.7164769225776)",53.643971947444925,49.14197917215364,0.5581384357053567,86.88699956556688,515.1861274335942
"(52, 1078.7164769225776)",53.60135184681776,49.31368761193022,0.5600886508166089,88.03072107481738,516.1461350983947
"(53, 1078.7164769225776)",53.556786878206445,49.48929476631247,0.5620831375701236,89.1943656199145,517.1339762773179
"(54, 1078.7164769225776)",53.51026214720785,49.66879170720406,0.5641217983726364,90.37799843959185,518.1494804561671
"(55, 1078.7164769225776)",53.4593081001295,49.85786791526188,0.5662692680353845,91.58169704880254,519.2622927558542
"(56, 1078.7164769225776)",53.411282092502006,50.03941259905545,0.5683311822754402,92.80551512910196,520.2626955403041
"(57, 1078.7164769225776)",53.35880929883754,50.23051094990903,0.5705016156409414,94.04955741017844,521.3599354926563
"(58, 1078.7164769225776)",53.30433934647822,50.42544852760689,0.5727156613261896,95.3139000059939,522.4839204581774
"(59, 1078.7164769225776)",53.2478700585618,50.624208745890705,0.5749731429585038,96.59864183987965,523.6343612574191
"(60, 1078.7164769225776)",53.1894026350127,50.82677341526332,0.5772737639554042,97.90387026336849,524.8108506104408
"(61, 1078.7164769225776)",53.12893596738687,51.03312325483077,0.5796174258214201,99.22968838723563,526.0131791577801
"(62, 1078.7164769225776)",53.06647627717402,51.24323712537963,0.5820038150321571,100.57619796755854,527.2409069394296
"(63, 1078.7164769225776)",53.00202807955205,51.45709301888069,0.5844327487613133,101.94350557242123,528.4937301695606
"(64, 1078.7164769225776)",52.935601935209775,51.67466696347813,0.586903890013889,103.33172026553228,529.771176262406
"(65, 1078.7164769225776)",52.86720562447924,51.89593408144718,0.5894170597571775,104.74095417506788,531.072939964259
"(66, 1078.7164769225776)",52.79687812973529,52.12082833783399,0.5919712265432171,106.17132121905108,532.3977947171851
"(67, 1078.7164769225776)",52.724236238353264,52.35019976332143,0.5945763535630164,107.62293812031132,533.7563712566587
"(68, 1078.7164769225776)",52.65036234613515,52.581625073004375,0.5972047956465287,109.095922529901,535.1187306311904
"(69, 1078.7164769225776)",52.57424753408912,52.81738922959849,0.5998825342265378,110.59038576957447,536.5127881186639
"(70, 1078.7164769225776)",52.49624989462896,53.05670282467419,0.6026005913116746,112.10647704356067,537.928709807631
"(71, 1078.7164769225776)",52.41639176860132,53.29953355664089,0.6053585766685456,113.64429067153324,539.3659804272264
"(72, 1078.7164769225776)",52.334697345611566,53.54584807848408,0.6081561406474105,115.20395828093724,540.824091177069
"(73, 1078.7164769225776)",52.25119281649449,53.79561235612138,0.6109928623750103,116.78560658026183,542.3024613457505
"(74, 1078.7164769225776)",52.165878622416315,54.048848396891486,0.6138690449383285,118.38935696622595,543.8012964814752
"(75, 1078.7164769225776)",52.07886145610723,54.3053470425489,0.6167822968230314,120.01533935745671,545.3178868996993
"(76, 1078.7164769225776)",51.99009587655438,54.56524435896774,0.6197341089963339,121.66367444891969,546.8537202363582
"(77, 1078.7164769225776)",51.89963688158466,54.828444579225106,0.6227234575723228,123.33448898069607,548.4075652687663
"(78, 1078.7164769225776)",51.80751833967224,55.09490887321325,0.6257498664204239,125.02790753563764,549.9787838041756
"(79, 1078.7164769225776)",51.713774752390336,55.36459790129128,0.628812890421379,126.74405579469763,551.566770004155
"(80, 1078.7164769225776)",51.618440987934974,55.63747124978575,0.6319120867905713,128.48305897644227,553.1709210110769
"(81, 1078.7164769225776)",51.52155185811961,55.91348806965704,0.6350469956231702,130.2450379573348,554.790619841559
"(82, 1078.7164769225776)",51.42314511059836,56.19260683949218,0.6382171586301992,132.03011801702885,556.4252468520775
"(83, 1078.7164769225776)",51.323259190300284,56.47478551113565,0.6414220510436479,133.83842018866997,558.0741149335878
"(84, 1078.7164769225776)",51.221933103741726,56.759981520243144,0.6446611898317597,135.67006504735778,559.736582456675
"(85, 1078.7164769225776)",51.119204366310186,57.04815165493974,0.6479341485603956,137.52517453765813,561.4120674752417
"(86, 1078.7164769225776)",51.0151139589106,57.339252540993115,0.6512403618864823,139.40386599704019,563.0998428069305
"(87, 1078.7164769225776)",50.909702291585,57.63324024844735,0.6545793819087183,141.30625767688576,564.7993070418454
"(88, 1078.7164769225776)",50.803009330626175,57.93007066155519,0.6579506974099175,143.23246536981873,566.5097929289605
"(89, 1078.7164769225776)",50.69507815283644,58.229699306310444,0.6613537827942512,145.18260512368462,568.2306174515496
"(90, 1078.7164769225776)",50.58594830720935,58.53208153450058,0.6647881425322745,147.15678923406278,569.9611337782568
"(91, 1078.7164769225776)",50.475663331355264,58.837172459167775,0.6682532449114229,149.15508356285014,571.7007024800803
"(92, 1078.7164769225776)",50.36426267132461,59.14492708292678,0.6717486711305793,151.1777373436489,573.4486225557529
"(93, 1078.7164769225776)",50.25179185111604,59.45530059005097,0.6752737297723965,153.22472042052758,575.2041783179208
"(94, 1078.7164769225776)",50.1382889218934,59.76824748024532,0.6788281050434632,155.2961849009706,576.9668770075436
"(95, 1078.7164769225776)",50.02379819992806,60.08372300330183,0.6824111783585582,157.39223918948224,578.7359429420463
"(96, 1078.7164769225776)",49.908360764293185,60.40168203907471,0.6860224462096113,159.51298405227152,580.5107322127689
"(97, 1078.7164769225776)",49.79201821933078,60.722079771700585,0.6896614122462079,161.65852113468137,582.2906077529974
"(98, 1078.7164769225776)",49.6748121672866,61.04487138523467,0.693327556649926,163.82894975286953,584.0749095098774
"(99, 1078.7164769225776)",49.55678203056366,61.37001220287414,0.6970204369931456,166.02437525992178,585.8630548763598
"(100, 1078.7164769225776)",49.43797058464889,61.697458160034515,0.7007394320192815,168.24488605369118,587.6542852948762
"(101, 1078.7164769225776)",49.31841653270089,62.027165049331025,0.7044841456062497,170.49057932258617,589.4480762735998
"(102, 1078.7164769225776)",49.19815967244764,62.359089073300524,0.7082540304499654,172.76154855809807,591.2437439351046
"(103, 1078.7164769225776)",49.07723940451932,62.69318696225318,0.7120486067734126,175.05788524841188,593.0406792478336
"(104, 1078.7164769225776)",48.95569438241613,63.029415700532475,0.7158673742718044,177.37967848174256,594.8382534365545
"(105, 1078.7164769225776)",48.83356145946347,63.367732544782584,0.7197098793097467,179.72701665454787,596.6358887608357
"(106, 1078.7164769225776)",48.71087912262729,63.708095562715236,0.7235756114032501,182.0999850135613,598.4329493064527
"(107, 1078.7164769225776)",48.58768341883126,64.05046306065064,0.7274640896038652,184.49867007185716,600.2288297533146
"(108, 1078.7164769225776)",48.46400943673832,64.39479373136021,0.7313748824868811,186.92315419525355,602.022982350659
"(109, 1078.7164769225776)",48.33989181678614,64.74104705781822,0.735307537079031,189.3735186828855,603.8148371696243
"(110, 1078.7164769225776)",48.2153659402383,65.08918311325168,0.7392615488761681,191.84984429436042,605.6037692336675
"(111, 1078.7164769225776)",48.09046454431689,65.43916233498165,0.7432364738247725,194.35221004416775,607.3892205204504
"(112, 1078.7164769225776)",47.965218420775045,65.79094580879145,0.7472319500302177,196.88069321620085,609.1707233643832
"(113, 1078.7164769225776)",47.83966093955908,66.14449545283969,0.7512474279608805,199.4353702905341,610.9476084965748
"(114, 1078.7164769225776)",47.71382119449944,66.49977365416123,0.7552825607574236,202.01631636234384,612.7194266589668
"(115, 1078.7164769225776)",47.587728883197144,66.85674351011009,0.7593369069734192,204.6236055700187,614.485627517635
"(116, 1078.7164769225776)",47.46141236468798,67.21536881004276,0.7634100552035515,207.25731099984705,616.2456941965986
"(117, 1078.7164769225776)",47.33489896883487,67.57561403671123,0.7675016020068648,209.91750481954057,617.9991193297388
"(118, 1078.7164769225776)",47.208214976710416,67.93744437824068,0.7716111520382168,212.60425836939902,619.7454051114377
"(119, 1078.7164769225776)",47.08138559966662,68.30082574276177,0.7757383180785586,215.31764225757547,621.4840632339733
"(120, 1078.7164769225776)",46.954434963627975,68.66572476526949,0.7798827211792247,218.05772645938714,623.214614943859
"(1, 1080.3761966661882)",54.07269027794325,45.4864334294471,0.5166199617401163,57.19528099453156,500.94862839208696
"(2, 1080.3761966661882)",54.07304453310078,45.48989643141135,0.5166592832794338,57.233771612339595,500.9526198293739
"(3, 1080.3761966661882)",54.073629389055775,45.49567496328779,0.5167249079753465,57.2979052706886,500.95938553040236
"(4, 1080.3761966661882)",54.07443738039668,45.50377947078415,0.516816959301858,57.38765583956383,500.96908502356166
"(5, 1080.3761966661882)",54.075457258592216,45.51422476013998,0.5169356013593039,57.502986226943754,500.98193269096987
"(6, 1080.3761966661882)",54.0766747379834,45.52703038114131,0.517081023671501,57.643848329747875,500.99818139272764
"(7, 1080.3761966661882)",54.078069295373105,45.542221877309686,0.5172535602788434,57.81018205806043,501.0182521080413
"(8, 1080.3761966661882)",54.079618708700934,45.55983020136656,0.5174535692552651,58.00191564610661,501.0426034572406
"(9, 1080.3761966661882)",54.081296723558744,45.579887725446945,0.5176813743741393,58.21896189288962,501.07167243836807
"(10, 1080.3761966661882)",54.08306162692122,45.60246051732947,0.5179377679597171,58.4612223973751,501.10641346071884
"(11, 1080.3761966661882)",54.08487961983832,45.627585552987945,0.5182231469842595,58.72857787317415,501.1473746900632
"(12, 1080.3761966661882)",54.086703244321384,45.65533322007781,0.5185382549453265,59.020894819912975,501.19549288384104
"(13, 1080.3761966661882)",54.088477681723454,45.685775531858376,0.5188840208022638,59.33802127833995,501.25192362686914
"(14, 1080.3761966661882)",54.09014706276338,45.718989354522506,0.5192612380708654,59.679787927392006,501.31769353578574
"(15, 1080.3761966661882)",54.09165091192456,45.7550546380519,0.5196708631017649,60.046009041871436,501.39402155424875
"(16, 1080.3761966661882)",54.09292750148221,45.79405244324307,0.520113786762395,60.43648399503396,501.48207078097107
"(17, 1080.3761966661882)",54.093914574162014,45.83606127052794,0.5205909178427157,60.850999283872284,501.58303655400096
"(18, 1080.3761966661882)",54.094551348304506,45.88115844779904,0.5211030990572569,61.289330534631844,501.6980536958113
"(19, 1080.3761966661882)",54.0947737655251,45.92941705856243,0.5216512056396728,61.751245437358456,501.8283000979629
"(20, 1080.3761966661882)",54.09452365512868,45.980904430229586,0.5222359767099503,62.236505524839664,501.97481275530845
"(21, 1080.3761966661882)",54.0937422837096,46.03568360075161,0.5228581480162633,62.744869265382256,502.13862808435516
"(22, 1080.3761966661882)",54.09237173957245,46.09381226424363,0.5235183641114105,63.27609384118303,502.3206852624073
"(23, 1080.3761966661882)",54.09035731482122,46.155342786593955,0.5242171969563326,63.82993780123386,502.5218436734589
"(24, 1080.3761966661882)",54.08764318120031,46.22032345889214,0.5249552242040777,64.40616302653149,502.74296551911607
"(25, 1080.3761966661882)",54.08417510595018,46.288797974379456,0.5257329442746036,65.00453612213254,502.9848226753808
"(26, 1080.3761966661882)",54.07990014625765,46.36080622623804,0.5265507937065227,65.62482961639155,503.2481142398241
"(27, 1080.3761966661882)",54.074764735857634,46.436384938789466,0.5274091784402429,66.26682494495707,503.53349734515155
"(28, 1080.3761966661882)",54.06871557736082,46.515567760716415,0.528308518940374,66.93031228146732,503.8416360776808
"(29, 1080.3761966661882)",54.06169982814355,46.59838598278314,0.5292491465981328,67.61509205838146,504.1730880321352
"(30, 1080.3761966661882)",54.05366416642174,46.684868542910024,0.5302313900040115,68.32097557606295,504.52839690949736
"(31, 1080.3761966661882)",54.04455587890605,46.775042522182126,0.531255552392006,69.04778584786496,504.9080673032053
"(32, 1080.3761966661882)",54.03432192948007,46.868933330403294,0.5323219200811989,69.79535821619277,505.3125732031756
"(33, 1080.3761966661882)",54.02290857141934,46.966564809967636,0.533430785378799,70.56354000209278,505.7423830901117
"(34, 1080.3761966661882)",54.01026478481965,47.067959073199184,0.5345823957633018,71.35219129436527,506.1979042450897
"(35, 1080.3761966661882)",53.99633733987269,47.17313710190705,0.5357769762691482,72.16118633798726,506.67950554498566
"(36, 1080.3761966661882)",53.98107615474066,47.2821183679584,0.5370147522148063,72.99041099132045,507.18754456014756
"(37, 1080.3761966661882)",53.96442996568598,47.39492107283707,0.5382959099945789,73.8397627668473,507.72232515406057
"(38, 1080.3761966661882)",53.94637790852036,47.51148998104412,0.5396198775767795,74.70915412285552,508.2833168590197
"(39, 1080.3761966661882)",53.9267849712623,47.63205697660562,0.5409892562268565,75.59850797214483,508.8734071074964
"(40, 1080.3761966661882)",53.90569302781663,47.75641925112255,0.5424016997512794,76.5077619227394,509.4901235198236
"(41, 1080.3761966661882)",53.88302589237845,47.88466187812901,0.5438582414467159,77.43686188028146,510.13463653948287
"(42, 1080.3761966661882)",53.858740990312256,48.01679568682249,0.5453589774816093,78.38576773499193,510.8070901743506
"(43, 1080.3761966661882)",53.832796119880314,48.15283045007308,0.5469040070872021,79.35444838316008,511.50762273520945
"(44, 1080.3761966661882)",53.805151299524624,48.292774041062096,0.5484934573436829,80.34288445660212,512.2363908846543
"(45, 1080.3761966661882)",53.76950288998668,48.45175872435418,0.5502991422437922,81.3511323079224,513.1789620180915
"(46, 1080.3761966661882)",53.74461839236309,48.584411073338934,0.5518057653461139,82.37901260725246,513.7788014558573
"(47, 1080.3761966661882)",53.71166081651057,48.73611262342656,0.553528741501665,83.42671147145961,514.5925650175309
"(48, 1080.3761966661882)",53.67686769498402,48.89173850256999,0.5552963136036492,84.49418840224389,515.4347309116215
"(49, 1080.3761966661882)",53.64021199022391,49.05128860598816,0.5571084093017944,85.5814726878169,516.3051916844058
"(50, 1080.3761966661882)",53.60166680609454,49.21476095637613,0.5589650795572172,86.68860041527357,517.203966305966
"(51, 1080.3761966661882)",53.56120996681461,49.38215198072313,0.560866247220396,87.81561659270139,518.130926417708
"(52, 1080.3761966661882)",53.51882074707414,49.55345643979371,0.5628118606013903,88.96257136329423,519.0859660318567
"(53, 1080.3761966661882)",53.474480604049575,49.72866741218279,0.5648018693939931,90.12952257418436,520.0689729516511
"(54, 1080.3761966661882)",53.428175255417,49.90777631515438,0.5668361146499342,91.31653521519529,521.07971046334
"(55, 1080.3761966661882)",53.3798915903376,50.090772718607646,0.5689145334246293,92.5236769669173,522.1180428825027
"(56, 1080.3761966661882)",53.32961930569203,50.27764509013416,0.5710369604209834,93.75103076040332,523.1837086950393
"(57, 1080.3761966661882)",53.27735065224613,50.46837980810196,0.5732032453975691,94.99867219143306,524.2764699879084
"(58, 1080.3761966661882)",53.2230799250938,50.662962049011774,0.5754132466157493,96.26668840431105,525.3960864857556
"(59, 1080.3761966661882)",53.166804908762636,50.861374993171474,0.5776667651118256,97.55517161160498,526.5422510203695
"(60, 1080.3761966661882)",53.10852420303665,51.0636008226411,0.5799636060968025,98.8642154980091,527.7146594616618
"(61, 1080.3761966661882)",53.04824259688628,51.26961980510549,0.5823034851019604,100.1939199256805,528.9129046142419
"(62, 1080.3761966661882)",52.9859618218093,51.479411079436325,0.5846862172181211,101.54438731638383,530.1366842848706
"(63, 1080.3761966661882)",52.92168879023527,51.69295221658637,0.5871115552616055,102.91568719007512,531.3856619022289
"(64, 1080.3761966661882)",52.85543373419385,51.91021920953734,0.5895791991225856,104.30803630513536,532.659296476421
"(65, 1080.3761966661882)",52.787251593653345,52.13108464432409,0.5920877152627616,105.72143850508654,533.9560354032687
"(66, 1080.3761966661882)",52.71702060163581,52.35582946683929,0.594640302319137,107.15604286528037,535.2791853387013
"(67, 1080.3761966661882)",52.626104991020256,52.62663576968252,0.5977160228183654,108.61238722179714,537.1457761971492
"(68, 1080.3761966661882)",52.57083613969345,52.81602514888884,0.599867052778964,110.08932461118273,537.9927603755099
"(69, 1080.3761966661882)",52.49487367509441,53.051519297147884,0.6025417092515316,111.58823871541448,539.3834814584994
"(70, 1080.3761966661882)",52.417025023370314,53.29056963676207,0.6052567782694522,113.1088289566733,540.7961871565079
"(71, 1080.3761966661882)",52.33731208671784,53.53314364945688,0.6080118849973857,114.65121751434032,542.230350326975
"(72, 1080.3761966661882)",52.25576266924997,53.779207987205744,0.6108065449539267,116.21552706521565,543.6853248709228
"(73, 1080.3761966661882)",52.17239834060581,54.02872795627663,0.6136405255248472,117.8018809317004,545.1607361550749
"(74, 1080.3761966661882)",52.08724963756299,54.28166814373762,0.6165133345770997,119.41040310840323,546.655928495993
"(75, 1080.3761966661882)",52.00034362766614,54.537991934273485,0.6194245990201555,121.04121774768747,548.1703746631867
"(76, 1080.3761966661882)",51.9117129613668,54.79766210807566,0.6223738286840041,122.69444971263005,549.7034202255682
"(77, 1080.3761966661882)",51.82138869827493,55.06064045052018,0.6253606281872767,124.37022412562172,551.2545129001267
"(78, 1080.3761966661882)",51.72940182610889,55.3268878154424,0.6283846073477436,126.06866387529877,552.8231082546324
"(79, 1080.3761966661882)",51.63578955245301,55.59636457666838,0.6314452372410159,127.7898941093828,554.4085097040448
"(80, 1080.3761966661882)",51.54058542279694,55.86903012815766,0.6345420859266059,129.5340376333737,556.0101277846423
"(81, 1080.3761966661882)",51.44845115840116,56.13458239719855,0.6375581270253893,131.30124504532293,557.5013793839856
"(82, 1080.3761966661882)",51.34554950159727,56.42376267790861,0.6408425548545271,133.0915583402755,559.2594837353016
"(83, 1080.3761966661882)",51.24579320653881,56.70574560348777,0.6440452081962856,134.90517798555294,560.9059345266335
"(84, 1080.3761966661882)",51.14459492030074,56.99074926281507,0.6472821881360082,136.74219706752993,562.5660715206188
"(85, 1080.3761966661882)",51.041995926395465,57.278730440861864,0.6505529803914676,138.60273697470834,564.2392177104787
"(86, 1080.3761966661882)",50.93803484929313,57.569645434650546,0.6538570952404297,140.48691314824282,565.9247285708143
"(87, 1080.3761966661882)",50.83275239253584,57.86345000711285,0.6571940527194436,142.39484569896416,567.6219654497067
"(88, 1080.3761966661882)",50.726188956067894,58.160103942991,0.6605633354579965,144.3266478524686,569.3302561667732
"(89, 1080.3761966661882)",50.61839055862091,58.45955061794799,0.6639643343746198,146.2824325274707,571.0488297661782
"(90, 1080.3761966661882)",50.50939269326953,58.76175697134289,0.6673967191343786,148.26231579121367,572.7772132946785
"(91, 1080.3761966661882)",50.399239233220875,59.06667391944349,0.6708598898883052,150.26640440437419,574.5146519290508
"(92, 1080.3761966661882)",50.287974867046216,59.37425667143846,0.6743532654395306,152.29481366176302,576.2604024632215
"(93, 1080.3761966661882)",50.17563770083767,59.684459519866756,0.6778764571535703,154.34762702380982,578.0139615653147
"(94, 1080.3761966661882)",50.06227146481187,59.99723744195697,0.6814289144838798,156.42500841179262,579.7745705166707
"(95, 1080.3761966661882)",49.94791972414971,60.312545235682805,0.6850100354982235,158.52700722316052,581.5415296065808
"(96, 1080.3761966661882)",49.83262144789263,60.63033757620144,0.6886194257577668,160.6537439824515,583.3142921681791
"(97, 1080.3761966661882)",49.71641996138642,60.95056957434233,0.692256508436821,162.80531990570728,585.0921337966804
"(98, 1080.3761966661882)",49.599355633006944,61.27319610823596,0.6959208093123437,164.98183386335091,586.8744432823745
"(99, 1080.3761966661882)",49.48147119912462,61.59817271204469,0.6996117643820815,167.18338362087064,588.6605135251641
"(100, 1080.3761966661882)",49.362805293338475,61.925454822944026,0.7033289408164963,169.41006582585098,590.4497802587339
"(101, 1080.3761966661882)",49.24339929449175,62.2549981819432,0.7070717797779696,171.66197234388062,592.2415478626349
"(102, 1080.3761966661882)",49.123291965465725,62.58675896557877,0.7108398400551353,173.93919762450645,594.0352452130622
"(103, 1080.3761966661882)",49.00252361494525,62.920693880624164,0.7146325530188136,176.241828780807,595.8301708635069
"(104, 1080.3761966661882)",48.881132487692994,63.25675951675754,0.7184494607739761,178.5699601195835,597.6257358082785
"(105, 1080.3761966661882)",48.75906615971379,63.59510605138952,0.7222923013386726,180.9236739931644,599.4237354083791
"(106, 1080.3761966661882)",48.636630071925325,63.93511298119776,0.7261539938785231,183.30305767038183,601.2164324300594
"(107, 1080.3761966661882)",48.51359379921682,64.27731693003776,0.7300406323960488,185.70818272681066,603.0103391130115
"(108, 1080.3761966661882)",48.3900811192015,64.62148382383475,0.7339495536732877,188.1391650085608,604.8024623338322
"(109, 1080.3761966661882)",48.26612723807556,64.96757299487211,0.7378803340784512,190.59605808243379,606.5922908440197
"(110, 1080.3761966661882)",48.141766661336646,65.31554434385785,0.7418324619487185,193.07894470820983,608.3791890954615
"(111, 1080.3761966661882)",48.017032307744614,65.66535842717701,0.7458055231975254,195.5879042429437,610.1626303618353
"(112, 1080.3761966661882)",47.89195520471059,66.01697613551664,0.7497990940930596,198.12301912290067,611.9420744171124
"(113, 1080.3761966661882)",47.766568221169784,66.37035942707135,0.7538127164988382,200.68435918744035,613.7169564621819
"(114, 1080.3761966661882)",47.64090107736606,66.72547064871364,0.7578459529754069,203.27200087424708,615.486727460186
"(115, 1080.3761966661882)",47.5149831251347,67.08227285699678,0.7618983951230345,205.88601757936684,617.2508727897298
"(116, 1080.3761966661882)",47.38884268616864,67.44072980584083,0.7659696314197023,208.52648170616422,619.0088754488557
"(117, 1080.3761966661882)",47.26250703857696,67.80080596774084,0.7700592579051944,211.19346475259272,620.7602275106085
"(118, 1080.3761966661882)",47.13600242172059,68.16246650171864,0.7741668793181555,213.8870374025862,622.5044312600946
"(119, 1080.3761966661882)",47.00935399359585,68.5256773074948,0.7782921082083792,216.6072696215206,624.2409981399576
"(120, 1080.3761966661882)",46.882585826414285,68.89040501216826,0.7824345655374771,219.354230755687,625.969449299854
"(1, 1081.9206890912096)",53.98780346634731,45.7240644006411,0.5193188852489771,57.99528134128546,503.8665648453667
"(2, 1081.9206890912096)",53.98816350155796,45.72751435233195,0.5193580588692397,58.03383263309146,503.8703963037894
"(3, 1081.9206890912096)",53.988757691932676,45.73327124020715,0.5194234762433716,58.09806745923002,503.8769378881501
"(4, 1081.9206890912096)",53.989580169168704,45.74134486708988,0.5195151467772886,58.187959916168374,503.8862256784367
"(5, 1081.9206890912096)",53.99061783531148,45.75175037908801,0.5196333390102595,58.30347319378326,503.8985870229629
"(6, 1081.9206890912096)",53.99185670401322,45.76450701909732,0.5197782298959348,58.44455947768708,503.9142611859319
"(7, 1081.9206890912096)",53.99327866470135,45.77963941603822,0.5199500929148617,58.61115936079539,503.93360345869024
"(8, 1081.9206890912096)",53.99486040286159,45.7971784034474,0.5201492952841634,58.8032008690968,503.9570831150523
"(9, 1081.9206890912096)",53.996573334903125,45.81716218628554,0.5203762811933794,59.02059926666052,503.98526546880163
"(10, 1081.9206890912096)",53.99838500136413,45.83963674034471,0.5206315287790486,59.263254127686615,504.0187682515516
"(11, 1081.9206890912096)",54.00025461854095,45.86465723576209,0.5209156917165068,59.53104938906787,504.0584147512792
"(12, 1081.9206890912096)",54.00212647063138,45.89231145435467,0.5212297818253537,59.823852079603405,504.1054326477441
"(13, 1081.9206890912096)",54.00397633757191,45.922597415311465,0.5215737364377825,60.14151124646201,504.15990509218045
"(14, 1081.9206890912096)",54.005720152677846,45.955663708890725,0.5219493162694495,60.4838582916289,504.22390563729965
"(15, 1081.9206890912096)",54.007309593865266,45.99156494894478,0.5223570589962133,60.85071170852563,504.2981975123151
"(16, 1081.9206890912096)",54.008680888568115,46.03038168556224,0.5227979541159952,61.2418692129728,504.38405355967933
"(17, 1081.9206890912096)",54.009774508213056,46.072192348297854,0.5232728190083554,61.65711951459041,504.4825694096294
"(18, 1081.9206890912096)",54.010528342463836,46.117073394479874,0.5237825558467868,62.096240013261465,504.59494374244906
"(19, 1081.9206890912096)",54.01087954001192,46.16509856422539,0.5243280095043972,62.5589994074751,504.7223219453446
"(20, 1081.9206890912096)",54.0107697091169,46.21633275536241,0.5249099331583907,63.045159139071274,504.86575745447556
"(21, 1081.9206890912096)",54.010141147052984,46.270841705726326,0.5255290154244792,63.55448272930179,505.02623177617556
"(22, 1081.9206890912096)",54.00893483060668,46.32868277876311,0.5261859506232401,64.08672463720676,505.2047416512025
"(23, 1081.9206890912096)",54.00709525334734,46.38990916086676,0.5268813263963927,64.64164547355897,505.4021622505168
"(24, 1081.9206890912096)",54.004566251183924,46.454569665495505,0.5276157353513601,65.21900773744886,505.6193722292599
"(25, 1081.9206890912096)",54.001294692581126,46.522708634296144,0.5283896191117584,65.81857876218146,505.857082055854
"(26, 1081.9206890912096)",53.99722501995466,46.5943673400163,0.5292034971098174,66.44013228635116,506.11607997618046
"(27, 1081.9206890912096)",53.99230300590192,46.66958337840585,0.5300578004303379,67.08345026349951,506.39705043626253
"(28, 1081.9206890912096)",53.986476466078486,46.74839141780592,0.5309528545446017,67.74832325123637,506.70055501260396
"(29, 1081.9206890912096)",53.979689863390654,46.83082408336237,0.5318890917129389,68.43455243090543,507.0272601952549
"(30, 1081.9206890912096)",53.97188930371351,46.91691163538982,0.5328668516951265,69.14194962041738,507.37772175943724
"(31, 1081.9206890912096)",53.96302185387884,47.006682099453336,0.5338864434074894,69.87033808404365,507.75245066384224
"(32, 1081.9206890912096)",53.95303345554696,47.10016210905679,0.5349481469219888,70.61955347494693,508.1519142709569
"(33, 1081.9206890912096)",53.94186952289533,47.19737684285539,0.5360522736932505,71.38944374301255,508.5766016000987
"(34, 1081.9206890912096)",53.92947745635597,47.29834947081894,0.5371991012306995,72.17987145024907,509.0269503324477
"(35, 1081.9206890912096)",53.915804135613605,47.40310220176368,0.538388848369282,72.99070720725469,509.5033266194617
"(36, 1081.9206890912096)",53.90079822735711,47.511655500298076,0.5396217643556787,73.82183953973033,510.0061116005799
"(37, 1081.9206890912096)",53.88440768824315,47.624028719424885,0.5408980504787516,74.67316669889388,510.535624803169
"(38, 1081.9206890912096)",53.86658278800163,47.740239491841315,0.5422179446660976,75.54460021138544,511.09221211937825
"(39, 1081.9206890912096)",53.847274752797695,47.86030422899629,0.5435815834266762,76.43606455639312,511.67609676188715
"(40, 1081.9206890912096)",53.826435311808886,47.98423790497813,0.5449891931955312,77.3474953184672,512.2875881309043
"(41, 1081.9206890912096)",53.80402034067468,48.11205360081108,0.5464408682464059,78.27884123082417,512.9268394899262
"(42, 1081.9206890912096)",53.77998378093237,48.243763362110236,0.5479367982175722,79.23006149433148,513.5940968116554
"(43, 1081.9206890912096)",53.75428508639393,48.37937734179916,0.5494770557262403,80.20112588048974,514.2894688906531
"(44, 1081.9206890912096)",53.726882953445745,48.51890407790519,0.551061790131474,81.19201691341458,515.0131347974655
"(45, 1081.9206890912096)",53.69774247360523,48.662350372272876,0.5526909669451174,82.20272452873849,515.7650672830099
"(46, 1081.9206890912096)",53.666826122572814,48.80972155620603,0.5543647269337891,83.23324989161367,516.5454174804518
"(47, 1081.9206890912096)",53.634099048262456,48.96102137697902,0.5560831765072765,84.28360520926036,517.354288309521
"(48, 1081.9206890912096)",53.59953329345021,49.11625145490354,0.5578462165465917,85.35380858913791,518.1915544238748
"(49, 1081.9206890912096)",53.56309888302908,49.275411945200844,0.5596539304959247,86.44388835970359,519.0572777750513
"(50, 1081.9206890912096)",53.52477161426936,49.43850128731302,0.5615062320988478,87.5538808033596,519.9513287580344
"(51, 1081.9206890912096)",53.48452772997526,49.60551601760387,0.5634031032529205,88.68382980202205,520.8736439055036
"(52, 1081.9206890912096)",53.44234539501255,49.77645132115973,0.5653445602082324,89.83378617782232,521.8241899766354
"(53, 1081.9206890912096)",53.398208990821935,49.951300162505326,0.5673304304126942,91.00380785224917,522.8027223622655
"(54, 1081.9206890912096)",53.352101200569884,50.13005430812676,0.5693606707969299,92.19395911784905,523.8091301721987
"(55, 1081.9206890912096)",53.30386368255298,50.31304683096668,0.571439040641279,93.40431034273868,524.8474102814937
"(56, 1081.9206890912096)",53.253926147348686,50.499236090832575,0.5735537059898952,94.63493684235142,525.904683973053
"(57, 1081.9206890912096)",53.20184025488709,50.68963872645563,0.5757162485641498,95.88592130438923,526.993399063142
"(58, 1081.9206890912096)",53.147748001736716,50.88389627472801,0.5779225810340719,97.15734816569531,528.1090489480582
"(59, 1081.9206890912096)",53.0916468511145,51.08199214727874,0.5801724700210301,98.44930854710942,529.2512900097927
"(60, 1081.9206890912096)",53.033537013179064,51.28390841458845,0.5824657632685547,99.76189727866083,530.4198626888912
"(61, 1081.9206890912096)",52.97341916431768,51.48962531778147,0.584802231024431,101.09521254843771,531.6144202235915
"(62, 1081.9206890912096)",52.91129960056557,51.69912195371987,0.5871816119070644,102.44935786972853,532.8345763064498
"(63, 1081.9206890912096)",52.84718298283448,51.91237562206355,0.589603697241876,103.8244373184607,534.0800010921947
"(64, 1081.9206890912096)",52.78108121391039,52.129362436295686,0.5920681400347008,105.22055197926444,535.3502180760299
"(65, 1081.9206890912096)",52.71300285297279,52.35005715159735,0.5945747369554365,106.63783500815101,536.6448741148996
"(66, 1081.9206890912096)",52.642962342525614,52.57443318161219,0.597123123322039,108.07637756933039,537.9634834875454
"(67, 1081.9206890912096)",52.570975840479484,52.8024625407821,0.5997129975442593,109.53630288975329,539.3055966702866
"(68, 1081.9206890912096)",52.49705934850847,53.034116154216385,0.6023440432624907,111.0177278340568,540.6707545224824
"(69, 1081.9206890912096)",52.421233070970196,53.269363704090104,0.6050159041772851,112.52077084815188,542.0584531104777
"(70, 1081.9206890912096)",52.34351763749157,53.50817361048368,0.6077282412994273,114.04555231415726,543.4682052927079
"(71, 1081.9206890912096)",52.26393625515231,53.750513276949675,0.6104806556504925,115.59219368886534,544.8994579493689
"(72, 1081.9206890912096)",52.18251398337849,53.99634902217432,0.613272764198543,117.16081788177401,546.3516737607846
"(73, 1081.9206890912096)",52.099276156793515,54.245645898420065,0.6161042209660668,118.75154681321858,547.8243564863911
"(74, 1081.9206890912096)",52.01425182719053,54.498368456010624,0.618974543702735,120.36450388949987,549.3168609632802
"(75, 1081.9206890912096)",51.92746929411455,54.754479793388505,0.621883374292198,121.99981288271138,550.8286759658699
"(76, 1081.9206890912096)",51.838959383821674,55.01394248103536,0.6248302643687775,123.65759840606022,552.3591917848503
"(77, 1081.9206890912096)",51.74875446051783,55.27671795503214,0.6278147703491572,125.3379841024283,553.9078048553714
"(78, 1081.9206890912096)",51.65688737984996,55.54276710111112,0.6308364687302811,127.04109248658015,555.473934465951
"(79, 1081.9206890912096)",51.56339171681455,55.812049681693196,0.6338949179878939,128.76704842760256,557.0569780532754
"(80, 1081.9206890912096)",51.468305474081916,56.08452530853983,0.636989598777884,130.5159717735539,558.6562538801475
"(81, 1081.9206890912096)",51.37166302797301,56.36015241872381,0.6401200875210441,132.28799057286867,560.2711756190248
"(82, 1081.9206890912096)",51.27350319623452,56.638889123073014,0.6432858787609006,134.0832215986973,561.9010796329405
"(83, 1081.9206890912096)",51.173862221255874,56.920692772211474,0.6464865002175892,135.90178517602703,563.5453346275516
"(84, 1081.9206890912096)",51.07278075540971,57.20552044189744,0.6497214749780346,137.74380371709552,565.2033022084967
"(85, 1081.9206890912096)",50.97026797815734,57.49339396978655,0.6529910627301209,139.60939324059245,566.8751473187813
"(86, 1081.9206890912096)",50.86645342536735,57.78407310152202,0.6562924940220835,141.4986721095668,568.5577552681943
"(87, 1081.9206890912096)",50.761288522650126,58.077709931265325,0.6596275184178826,143.41175617643006,570.2529030937701
"(88, 1081.9206890912096)",50.654843728162064,58.37419437265963,0.6629949267011396,145.34876030609303,571.9591676543799
"(89, 1081.9206890912096)",50.54716152402261,58.673481588664934,0.6663941246511647,147.30979729562975,573.6757932532917
"(90, 1081.9206890912096)",50.43828403741895,58.97552657575746,0.6698246405024978,149.29498000646913,575.402156616265
"(91, 1081.9206890912096)",50.328252181194486,59.280283998590505,0.6732859734857671,151.3044143649533,577.1376100242138
"(92, 1081.9206890912096)",50.21710805245481,59.5877085404443,0.6767775790491795,153.33821893609812,578.8814457502708
"(93, 1081.9206890912096)",50.10489345625272,59.89775474560954,0.6802990125397559,155.39649124642546,580.6330851886567
"(94, 1081.9206890912096)",49.991652125980394,60.21037734052176,0.6838496600799295,157.479338660698,582.3917568077688
"(95, 1081.9206890912096)",49.87742475656037,60.525530746386714,0.6874290733624538,159.58686847885804,584.1568682747796
"(96, 1081.9206890912096)",49.76225416384353,60.843169716450014,0.6910366948194859,161.71917809162844,585.9277189547818
"(97, 1081.9206890912096)",49.64618096077685,61.163249001901676,0.6946720644656923,163.876370161316,587.703708517819
"(98, 1081.9206890912096)",49.52924732227628,61.48572370102924,0.6983346295685093,166.05854003686758,589.4841436021486
"(99, 1081.9206890912096)",49.41149364265097,61.81054875205941,0.7020238859460114,168.26579201517777,591.2683744260197
"(100, 1081.9206890912096)",49.29296211333376,62.13767979177368,0.7057393317436935,170.49821334667888,593.0557707722278
"(101, 1081.9206890912096)",49.17369093518407,62.46707235486476,0.709480468778949,172.75589962356108,594.8456980545138
"(102, 1081.9206890912096)",49.053721013327525,62.79868257942086,0.7132467938974247,175.03894251281002,596.6375202327878
"(103, 1081.9206890912096)",48.933092062602775,63.13246687889421,0.7170377747967693,177.34743177189583,598.4305716406525
"(104, 1081.9206890912096)",48.81184092192615,63.46838187383352,0.7208530114299143,179.68145444770238,600.2243324120241
"(105, 1081.9206890912096)",48.6900066784809,63.80638495964508,0.724691932136813,182.04110009669918,602.0180944996016
"(106, 1081.9206890912096)",48.567625730023,64.14643367951443,0.728554113004651,184.42645008051866,603.8113179017083
"(107, 1081.9206890912096)",48.44473567953987,64.48848642719969,0.7324390308737273,186.83758907931707,605.6033519208837
"(108, 1081.9206890912096)",48.32137087915719,64.83250166045572,0.7363462363509,189.27459758362147,607.3936298588629
"(109, 1081.9206890912096)",48.19756723978278,65.17843885292626,0.7402752774663544,191.73755800419318,609.1815803093913
"(110, 1081.9206890912096)",48.073347551937594,65.52628120046155,0.7442259535877249,194.22654750993965,610.9669090352543
"(111, 1081.9206890912096)",47.948777019707514,65.87591870166519,0.748197037833699,196.74164349272854,612.7482112563089
"(112, 1081.9206890912096)",47.82385606395232,66.22738291879386,0.752188838042131,199.2829208028642,614.5257451783945
"(113, 1081.9206890912096)",47.69862627482513,66.58061208586922,0.7562006970553199,201.85046122908327,616.2987180202615
"(114, 1081.9206890912096)",47.57311800051823,66.93556849033119,0.7602321751698833,204.4443308604006,618.0665879687086
"(115, 1081.9206890912096)",47.44736060161309,67.29221520844405,0.7642828514265327,207.06460516723035,619.8288241087585
"(116, 1081.9206890912096)",47.32138235134369,67.65051598512213,0.7683523137055804,209.71135591698396,621.5849087921829
"(117, 1081.9206890912096)",47.19521049719691,68.01043525094659,0.7724401583673133,212.38465398400018,623.3343344384865
"(118, 1081.9206890912096)",47.068871222904534,68.37193816735136,0.7765459896117041,215.084569441143,625.0766027505671
"(119, 1081.9206890912096)",46.94238963992003,68.73499061986122,0.7806694199776423,217.8111716554398,626.8112251592058
"(120, 1081.9206890912096)",46.81578976914652,69.09955922987405,0.7848100703618518,220.56452938770818,628.5377227439072
"(1, 1083.3440954088449)",53.910030319887994,45.9427473230354,0.5218025987038319,58.7362512303014,506.55551304448596
"(2, 1083.3440954088449)",53.91039391673169,45.94618574299662,0.5218416986119038,58.774858165238335,506.5592647640895
"(3, 1083.3440954088449)",53.910998220745945,45.951922592892736,0.5219068315077748,58.83918590541631,506.5654983620704
"(4, 1083.3440954088449)",53.91183292950554,45.9599683774252,0.521998195505238,58.92920867957414,506.57445423509716
"(5, 1083.3440954088449)",53.91288665567628,45.970337740383094,0.5221159720610767,59.04488987082359,506.58636558019333
"(6, 1083.3440954088449)",53.91414595096856,45.983049637674895,0.5222603464492772,59.186181985308515,506.60148060669354
"(7, 1083.3440954088449)",53.91559253780842,45.99812835326931,0.5224316064376139,59.353026102555646,506.62016998659084
"(8, 1083.3440954088449)",53.91720288434945,46.015604580876456,0.5226300967022582,59.54535079742822,506.6428785479169
"(9, 1083.3440954088449)",53.91895029308817,46.03551550655853,0.5228562364010535,59.763071532529715,506.6701449202427
"(10, 1083.3440954088449)",53.92080129762349,46.05790676301937,0.5231105617935334,60.00608901936374,506.7026493456643
"(11, 1083.3440954088449)",53.92223769179538,46.084164627649336,0.5234087870759706,60.27428862458406,506.75753033927396
"(12, 1083.3440954088449)",53.92464839610939,46.11035611418096,0.5237062627860751,60.56753655758632,506.78655096034095
"(13, 1083.3440954088449)",53.92654918359041,46.140546193800134,0.5240491379720817,60.885684668700996,506.8398546574489
"(14, 1083.3440954088449)",53.92836108303795,46.17347856491432,0.5244231830134816,61.22856631478495,506.90219249838236
"(15, 1083.3440954088449)",53.93002679116158,46.209231188146305,0.5248292428886885,61.59599786020262,506.9746635211526
"(16, 1083.3440954088449)",53.93148460053815,46.247883744788744,0.5252682580312356,61.98778134758195,507.05848449624665
"(17, 1083.3440954088449)",53.93267380249654,46.28951450684926,0.5257410966333959,62.40370646101204,507.1548062905482
"(18, 1083.3440954088449)",53.933533806756124,46.33419926706544,0.5262485862299424,62.84355091386249,507.2647476955981
"(19, 1083.3440954088449)",53.93400138215926,46.38201093691972,0.5267916248607527,63.30708462409121,507.3895116796364
"(20, 1083.3440954088449)",53.93396922228392,46.433152707172894,0.5273724789452142,63.79407244415278,507.5317887022703
"(21, 1083.3440954088449)",53.933528153907595,46.48728089387557,0.5279872254739307,64.30427391447849,507.6875692540028
"(22, 1083.3440954088449)",53.93246869164382,46.54486127458283,0.5286412361320878,64.83744876045947,507.86291299287075
"(23, 1083.3440954088449)",53.93078677169404,46.605811584258205,0.5293334860553504,65.39335725674549,508.0569493634984
"(24, 1083.3440954088449)",53.92842580792155,46.670181354312405,0.53006456787117,65.97176228834756,508.27055750032537
"(25, 1083.3440954088449)",53.92533059947,46.738015966128195,0.5308350155701902,66.57243254108688,508.5045472131408
"(26, 1083.3440954088449)",53.9214461207552,46.80935740851173,0.5316452862505723,67.1951421095034,508.75963960199914
"(27, 1083.3440954088449)",53.916717701842735,46.88424410287209,0.5324958346317782,67.8396733546396,509.036544923502
"(28, 1083.3440954088449)",53.911090944840595,46.962712143635336,0.5333870367397171,68.50581733409555,509.3358794854976
"(29, 1083.3440954088449)",53.90451109593266,47.04479492033221,0.5343193011375382,69.19337674641413,509.65828320391836
"(30, 1083.3440954088449)",53.89692335933289,47.13052367898831,0.5352929966193632,69.90216265689888,510.004344544395
"(31, 1083.3440954088449)",53.88827296323632,47.219927875954454,0.5363084226991683,70.63199945408361,510.3745635950913
"(32, 1083.3440954088449)",53.8785056166919,47.313035149143296,0.537365893990652,71.38272340585496,510.76944492301317
"(33, 1083.3440954088449)",53.86756705480802,47.4098714551695,0.5384657143622612,72.15418273461977,511.18946949984155
"(34, 1083.3440954088449)",53.85540190337341,47.5104615466099,0.539608186174174,72.94623880846596,511.6351035176021
"(35, 1083.3440954088449)",53.84195754945808,47.614828225832696,0.5407935596305754,73.75876536658636,512.1067442943286
"(36, 1083.3440954088449)",53.827181186827936,47.72299321580558,0.5420220714530847,74.59164905158187,512.6047616383885
"(37, 1083.3440954088449)",53.81102147159564,47.83497654524407,0.5432939261347663,75.44478977403473,513.1294771755536
"(38, 1083.3440954088449)",53.79342602329982,47.95079704220082,0.5446093982708518,76.31809882370194,513.6812770971893
"(39, 1083.3440954088449)",53.77434699849423,48.07047179701636,0.5459686253895532,77.21150102398917,514.2603855702669
"(40, 1083.3440954088449)",53.75373662937138,48.194016303834225,0.5473717783412465,78.12493213425502,514.8670519251734
"(41, 1083.3440954088449)",53.731546793572385,48.321444942993374,0.5488190827096749,79.05834164043368,515.5015710607911
"(42, 1083.3440954088449)",53.70773417720054,48.452770019438574,0.5503106291398447,80.01168804775317,516.1640826716243
"(43, 1083.3440954088449)",53.68225699655522,48.58800225002621,0.5518465447217681,80.98494207601408,516.8547537200865
"(44, 1083.3440954088449)",53.655073756853454,48.72715093177035,0.5534269572453161,81.97808486934703,517.5737415024494
"(45, 1083.3440954088449)",53.62614706684131,48.87022346802069,0.5550519211779089,82.99110850803491,518.3211129453883
"(46, 1083.3440954088449)",53.59544000384608,49.017225506956294,0.5567215478892459,84.0240143260676,519.0969873666194
"(47, 1083.3440954088449)",53.5629214708081,49.16816106486877,0.5584358043715717,85.07681224227963,519.9013190885513
"(48, 1083.3440954088449)",53.528558623936384,49.32303225356322,0.5601947738622574,86.14952204275943,520.7341784998101
"(49, 1083.3440954088449)",53.49232379958828,49.4818395975765,0.5619984577093082,87.24217212418361,521.5955386640728
"(50, 1083.3440954088449)",53.45419051143889,49.64458172210466,0.563846837561145,88.35479591533613,522.4853462714804
"(51, 1083.3440954088449)",53.41413641930752,49.81125549479152,0.5657398601012172,89.48744429112854,523.4034926869512
"(52, 1083.3440954088449)",53.37213987148121,49.981856144986686,0.5676775124255786,90.64016163353574,524.3499195490961
"(53, 1083.3440954088449)",53.32818519028916,50.15637695086491,0.5696596434552296,91.81300748350513,525.3244036464257
"(54, 1083.3440954088449)",53.28225413899219,50.33480972616666,0.5716862234348496,93.0060459099164,526.3268486748095
"(55, 1083.3440954088449)",53.23433583418014,50.51714434163165,0.5737571196953677,94.21934702444857,527.3570407963139
"(56, 1083.3440954088449)",53.18441972193087,50.70336917146323,0.5758721915933265,95.45298753951097,528.4147509332703
"(57, 1083.3440954088449)",53.13249705852619,50.893470827385386,0.5780313169100106,96.70704706766332,529.4997670681954
"(58, 1083.3440954088449)",53.07856425027275,51.08743424352009,0.5802342782368033,97.98161208945699,530.6117671921967
"(59, 1083.3440954088449)",53.022617904212,51.28524301591117,0.5824809312573463,99.27677259826616,531.7505049676253
"(60, 1083.3440954088449)",52.9646587854496,51.486878897002015,0.5847710443531916,100.59262323103057,532.9156348350633
"(61, 1083.3440954088449)",52.90468841030625,51.69232231887251,0.5871043912849642,101.92926282681005,534.1068128603598
"(62, 1083.3440954088449)",52.842711273751135,51.90155203497234,0.589480755503066,103.2867915246725,535.3237043067189
"(63, 1083.3440954088449)",52.77873473946928,52.114545400840086,0.5918998677665475,104.6653170155572,536.565909802608
"(64, 1083.3440954088449)",52.71276805434022,52.3312784322479,0.5943614494488537,106.06494514560852,537.8330216534497
"(65, 1083.3440954088449)",52.64482227022188,52.55172580150209,0.5968652271084065,107.48578672354805,539.1246328192034
"(66, 1083.3440954088449)",52.57491122258882,52.7758606116799,0.599410890832848,108.92795432069593,540.4402949868257
"(67, 1083.3440954088449)",52.50305081973088,53.00365504535692,0.6019980893368465,110.39156443864505,541.7795110918339
"(68, 1083.3440954088449)",52.42925525251326,53.23508607744721,0.6046266029582288,111.87673203328087,543.1419282086242
"(69, 1083.3440954088449)",52.35355967694305,53.47008769662853,0.6072956712615789,113.38357688798679,544.5266027405955
"(70, 1083.3440954088449)",52.27595551131236,53.70869602265966,0.6100057081457408,114.91221765632164,545.9338644290578
"(71, 1083.3440954088449)",52.19649096755623,53.95082340592819,0.6127556929245708,116.46277535425165,547.3624865037374
"(72, 1083.3440954088449)",52.115181856282625,54.1964519753139,0.6155454959138101,118.03537191862476,548.8122065351106
"(73, 1083.3440954088449)",52.03205664068212,54.44554701679285,0.6183746368371084,119.63012893913023,550.2823826289399
"(74, 1083.3440954088449)",51.94714270684239,54.69807239000722,0.621242727185492,121.24717045975017,551.7724698523405
"(75, 1083.3440954088449)",51.86046921026749,54.953991270163236,0.624149355867979,122.88661829815999,553.281901034649
"(76, 1083.3440954088449)",51.77237277060217,55.212578363192215,0.6270863085062679,124.54859735626681,554.8016522757279
"(77, 1083.3440954088449)",51.68196891687594,55.47585759558958,0.630076539551496,126.23322881524732,556.3564699635034
"(78, 1083.3440954088449)",51.59020727918106,55.741726919414766,0.633096212370488,127.94063752703428,557.9204059702379
"(79, 1083.3440954088449)",51.49681797350694,56.01083370673855,0.6361526319658861,129.6709452625447,559.501252356494
"(80, 1083.3440954088449)",51.40183516767363,56.28313696536851,0.639245364586704,131.42427447008598,561.0984167723941
"(81, 1083.3440954088449)",51.30529728474427,56.55859524756029,0.642373934386771,133.20074451439214,562.711264348065
"(82, 1083.3440954088449)",51.207240102919585,56.83716624046944,0.6455378504618491,135.00048160318144,564.3391370575806
"(83, 1083.3440954088449)",51.107703571806105,57.11880720787328,0.6487366277542769,136.8235997660676,565.981395386974
"(84, 1083.3440954088449)",51.006725679291236,57.40347510202452,0.6519698080073908,138.67022099396095,567.6374208956842
"(85, 1083.3440954088449)",50.90434635763294,57.691126022758056,0.6552368570968328,140.54046204973312,569.3065181803697
"(86, 1083.3440954088449)",50.800606551841824,57.98171586589504,0.658537275537476,142.43444057082903,570.9880284893231
"(87, 1083.3440954088449)",50.69554705830263,58.275200230785195,0.6618705553171401,144.3522688692821,572.6812891585148
"(88, 1083.3440954088449)",50.58920855139625,58.571534262533504,0.6652362095407031,146.29406653427702,574.3856531238048
"(89, 1083.3440954088449)",50.4816323760332,58.87067293004432,0.6686337443354925,148.25994080640228,576.1004781105606
"(90, 1083.3440954088449)",50.37286206185531,59.17257102338902,0.6720625878708333,150.25000537363033,577.825030941425
"(91, 1083.3440954088449)",50.26293777173989,59.4771831391113,0.6755222907613391,152.26436824516145,579.5587167681921
"(92, 1083.3440954088449)",50.15190351347725,59.78446375289822,0.6790122666561887,154.30313872625948,581.3007910658986
"(93, 1083.3440954088449)",50.03979997923937,60.09436728996785,0.6825320477950231,156.3664225401103,583.0506413659355
"(94, 1083.3440954088449)",49.92666974993494,60.40684813277676,0.6860811323543071,158.4543235404998,584.807620166953
"(95, 1083.3440954088449)",49.8125558323315,60.721860872445156,0.6896589287677026,160.5669457811365,586.5709825453432
"(96, 1083.3440954088449)",49.69750016012008,61.039359958967424,0.6932649589375266,162.70439003257002,588.3401097862546
"(97, 1083.3440954088449)",49.581542993939,61.35929995098944,0.6968987444060085,164.86675540112654,590.1143844489604
"(98, 1083.3440954088449)",49.464727269708774,61.68163585762367,0.7005597158681273,167.05414022759032,591.8930914394433
"(99, 1083.3440954088449)",49.347093039399454,62.00632261837148,0.704247416770962,169.26663904286116,593.6756416228925
"(100, 1083.3440954088449)",49.228681346005175,62.33331554214873,0.7079613193435718,171.50434819393695,595.4613668947771
"(101, 1083.3440954088449)",49.10953327911601,62.66257026962755,0.7117008796322026,173.76735830434365,597.2495873424841
"(102, 1083.3440954088449)",48.98968813788534,62.994042757574874,0.7154656107011214,176.05576163776988,599.0396831833731
"(103, 1083.3440954088449)",48.8691841636393,63.327689190223914,0.7192550843972214,178.3696461774177,600.8311025971025
"(104, 1083.3440954088449)",48.74806116960603,63.66346635048501,0.7230687179407269,180.70909992932695,602.6231262266031
"(105, 1083.3440954088449)",48.62635643202798,64.00133139394651,0.7269060769161639,183.07420716068427,604.4151991832496
"(106, 1083.3440954088449)",48.50410757103541,64.34124194843501,0.7307666554640556,185.4650531397587,606.2066881788957
"(107, 1083.3440954088449)",48.3813497491524,64.68315595891337,0.7346500269320547,187.88172011594438,607.9970487528459
"(108, 1083.3440954088449)",48.25812015939383,65.02703232087897,0.7385556614609566,190.32428991304158,609.7856250614595
"(109, 1083.3440954088449)",48.1344532167495,65.37283007209544,0.7424831029857138,192.79284140600947,611.5718441544009
"(110, 1083.3440954088449)",48.01038201779405,65.72050902086008,0.7464319447338503,195.28745181020676,613.3551881417512
"(111, 1083.3440954088449)",47.885941443785704,66.07002967679603,0.7504016637312276,197.8082010362407,615.1350105519583
"(112, 1083.3440954088449)",47.76116150949441,66.42135284744275,0.7543918975043817,200.35516154967965,616.9108462359668
"(113, 1083.3440954088449)",47.63607509681378,66.77444044259198,0.7584021441112543,202.92840878173578,618.6820759865994
"(114, 1083.3440954088449)",47.51071183113886,67.12925466099415,0.7624319990029323,205.52801568588632,620.4481885847027
"(115, 1083.3440954088449)",47.385100960150005,67.48575852236551,0.766481052659332,208.15405459544922,622.208668045794
"(116, 1083.3440954088449)",47.25927078894286,67.84391576324299,0.7705488847962434,210.8065966828963,623.9629878849842
"(117, 1083.3440954088449)",47.13324852008743,68.20369080528918,0.7746350914340387,213.48571224756242,625.7106401539941
"(118, 1083.3440954088449)",47.00706029321484,68.56504879821924,0.7787392766527357,216.19147079894145,627.4511264257546
"(119, 1083.3440954088449)",46.880731175206606,68.92795561723509,0.782861052961304,218.9239411524849,629.1839580986948
"(120, 1083.3440954088449)",46.75428513817775,69.29237788052116,0.7870000411983646,221.68319152935854,630.9086561894073
"(1, 1084.6410161513775)",53.83954408749274,46.141736537086246,0.5240626770742917,59.41445373303918,509.0054208558317
"(2, 1084.6410161513775)",53.83991430589849,46.145164034330435,0.5241015867930138,59.45311124842709,509.0089664172966
"(3, 1084.6410161513775)",53.84052580424292,46.150883129636476,0.5241665370791567,59.51752334396878,509.01500206611644
"(4, 1084.6410161513775)",53.8413708212863,46.158904026167335,0.5242576511471425,59.607664446994576,509.0236870183765
"(5, 1084.6410161513775)",53.84243896628715,46.16924086530153,0.5243750716007131,59.723498148913635,509.03521235653506
"(6, 1084.6410161513775)",53.84371610434821,46.18191258788967,0.5245189838078699,59.864977226908444,509.0498263611475
"(7, 1084.6410161513775)",53.84518445879319,46.19694317143208,0.5246896887002306,60.03204308788298,509.06791402808506
"(8, 1084.6410161513775)",53.84682090283931,46.21436276981188,0.5248875423287076,60.2246248196376,509.089932456971
"(9, 1084.6410161513775)",53.84859875797644,46.23420828440028,0.5251129334420508,60.44263836210834,509.1163873607082
"(10, 1084.6410161513775)",53.85048512837261,46.25652468704868,0.5253663847081487,60.68598514370648,509.1479442179154
"(11, 1084.6410161513775)",53.8524399240083,46.281365747174505,0.5256485368684491,60.95455052008709,509.1854126473924
"(12, 1084.6410161513775)",53.85442060668487,46.308790562290596,0.5259600134354807,61.24820387316034,509.2295995544916
"(13, 1084.6410161513775)",53.85637296328697,46.338875503439965,0.5263017255017232,61.566796104027915,509.2816422463845
"(14, 1084.6410161513775)",53.858246008672694,46.37168745197211,0.5266743742131204,61.91016156493179,509.342466862478
"(15, 1084.6410161513775)",53.85998003206405,46.40730666724057,0.5270789280810333,62.278118894274435,509.41330525151625
"(16, 1084.6410161513775)",53.86151492564843,46.4458118229928,0.5275162559483288,62.670470721928595,509.4952971662368
"(17, 1084.6410161513775)",53.862789442921816,46.48728101116879,0.5279872688299878,63.08700751051873,509.58964026822974
"(18, 1084.6410161513775)",53.863744032684636,46.53178960308624,0.5284927513907784,63.52750922019089,509.6974056769403
"(19, 1084.6410161513775)",53.8643158822252,46.57941026469648,0.5290336292712353,63.99174596221065,509.8198272687931
"(20, 1084.6410161513775)",53.86444709779582,46.63021071191599,0.5296105914942549,64.47948334537894,509.95788677748186
"(21, 1084.6410161513775)",53.86407854470248,46.68425447804102,0.5302243844839515,64.99048256883665,510.1126326060751
"(22, 1084.6410161513775)",53.863151812692124,46.741600441099735,0.5308757132126339,65.52450385868468,510.2850691703538
"(23, 1084.6410161513775)",53.86161100689301,46.80230272895331,0.531565153613802,66.08130816077431,510.47606020556293
"(24, 1084.6410161513775)",53.859399319934525,46.866411447057786,0.5322932924471167,66.66065964141175,510.68647796899126
"(25, 1084.6410161513775)",53.856462128863726,46.93397251651539,0.5330606279882694,67.2623269982239,510.9170942132639
"(26, 1084.6410161513775)",53.852772763103275,47.00494986612821,0.533866763347035,67.8860853055897,511.16770338058524
"(27, 1084.6410161513775)",53.84818760987812,47.07961975023147,0.5347148312278985,68.53171738985836,511.44192050438176
"(28, 1084.6410161513775)",53.8427398642479,47.15778214594856,0.5356025732976235,69.19901493959496,511.737504415232
"(29, 1084.6410161513775)",53.83634444222075,47.2395504697662,0.5365312803941389,69.88778102488256,512.0560521388159
"(30, 1084.6410161513775)",53.851735968353225,47.26538735292509,0.5368247264948379,70.59877732915496,511.6633395113913
"(31, 1084.6410161513775)",53.82049053824707,47.41403200736853,0.5385129855589762,71.3289788860456,512.7642929813543
"(32, 1084.6410161513775)",53.81092045561138,47.50680433846419,0.5395666649104883,72.08107176200998,513.1550639479118
"(33, 1084.6410161513775)",53.800180797906755,47.60330101011535,0.5406626783921513,72.85395503264164,513.5709618537468
"(34, 1084.6410161513775)",53.78821940742818,47.70354715470709,0.5418012173957796,73.64749017923468,514.0123328089771
"(35, 1084.6410161513775)",53.7749803281103,47.80756695154154,0.5429826108629935,74.461551527145,514.4796592718202
"(36, 1084.6410161513775)",53.76040831709422,47.91538446246132,0.5442071782371416,75.29602596279392,514.9734008372131
"(37, 1084.6410161513775)",53.744456419331144,48.02701607931043,0.5454749886974201,76.1508130906412,515.4937329352896
"(38, 1084.6410161513775)",53.72706381416976,48.142486216342476,0.5467865281058732,77.02582618877645,516.0412692738616
"(39, 1084.6410161513775)",53.7081893495951,48.261810576828985,0.5481417658606286,77.92098838372166,516.616053534361
"(40, 1084.6410161513775)",53.68778120249185,48.38500588939436,0.5495409818754687,78.83623670720011,517.218452291034
"(41, 1084.6410161513775)",53.668378925316446,48.50566571350906,0.5509114000992187,79.77153115400552,517.7695696589891
"(42, 1084.6410161513775)",53.64217981812204,48.64306633196474,0.5524719569897193,80.72679898381934,518.5069458406499
"(43, 1084.6410161513775)",53.61689915878188,48.7779559462733,0.5540039891190244,81.70204228062434,519.1934074293509
"(44, 1084.6410161513775)",53.589909963579274,48.91676523920674,0.5555805371010295,82.69723271804189,519.9082055971468
"(45, 1084.6410161513775)",53.56117392599766,49.05950218537134,0.5572016921002634,83.71236140414314,520.6514481167534
"(46, 1084.6410161513775)",53.530654965503764,49.20617285043239,0.5588675339314987,84.74742940506269,521.4232204924125
"(47, 1084.6410161513775)",53.49832023787115,49.356781429773434,0.5605780816389964,85.80244797123625,522.2235321298746
"(48, 1084.6410161513775)",53.46413711141218,49.511330677524725,0.5623334095103881,86.87743716373411,523.0524435434819
"(49, 1084.6410161513775)",53.428079070766834,49.66982103975,0.5641334876298789,87.9724238313592,523.9098954365332
"(50, 1084.6410161513775)",53.39011875554278,49.83225165784411,0.5659783244683091,89.08744526986428,524.7958597010966
"(51, 1084.6410161513775)",53.35023301432569,49.998619482936306,0.5678678762238305,90.2225445454283,525.7102457617118
"(52, 1084.6410161513775)",53.30840177851396,50.168920003188354,0.5698020851294535,91.37777155091287,526.6529410690712
"(53, 1084.6410161513775)",53.2646062751017,50.34314649617054,0.5717809050146666,92.55318659975127,527.623835231311
"(54, 1084.6410161513775)",53.2188324978809,50.5212909966899,0.5738042047919071,93.74885057450243,528.6227251829247
"(55, 1084.6410161513775)",53.17106597545983,50.703343456484156,0.5758719132156487,94.96483623513589,529.649460888123
"(56, 1084.6410161513775)",53.12130283598096,50.889280800833404,0.5779837178477394,96.20121741239107,530.703629632932
"(57, 1084.6410161513775)",53.06951999822571,51.07912402666448,0.5801399081446348,97.4580751855904,531.7854642943731
"(58, 1084.6410161513775)",53.01572795373096,51.272823763846354,0.5823398727586884,98.73549549768653,532.8942158367611
"(59, 1084.6410161513775)",52.95991843906203,51.47037512940499,0.5845836031921802,100.03356791397762,534.0297854778222
"(60, 1084.6410161513775)",52.902092113560684,51.67175965781004,0.5868708663106464,101.35238690825602,535.1918258765627
"(61, 1084.6410161513775)",52.84225100063731,51.876957785918314,0.589201442258929,102.69204031425579,536.3800107353262
"(62, 1084.6410161513775)",52.780400248332825,52.085948219418015,0.5915750699677516,104.05266020090792,537.5939248187364
"(63, 1084.6410161513775)",52.71654590993847,52.29870830114731,0.5939915490520021,105.43432085097946,538.8332764981149
"(64, 1084.6410161513775)",52.65069957906857,52.51521391588712,0.5964505307262682,106.83713951369252,540.0975702172753
"(65, 1084.6410161513775)",52.58287082268036,52.73543946558911,0.5989517852522788,108.26122674006052,541.3864462416528
"(66, 1084.6410161513775)",52.51307364474444,52.95935817851637,0.6014949755010612,109.70669490009408,542.6994265373248
"(67, 1084.6410161513775)",52.441324391118016,53.186941850992504,0.6040797986492263,111.17365823345956,544.0360684099568
"(68, 1084.6410161513775)",52.3967237549751,53.35161413162199,0.6059500887588771,112.66328203724433,544.5750379712015
"(69, 1084.6410161513775)",52.292041450604806,53.652985102171314,0.6093729458855104,114.17253857448925,546.7783526659291
"(70, 1084.6410161513775)",52.21454827415766,53.89138216946452,0.6120806022673465,115.7046921875987,548.183034222203
"(71, 1084.6410161513775)",52.13508015577478,54.13355911751549,0.6148311627117912,117.25881516972761,549.6122819155224
"(72, 1084.6410161513775)",52.0539778379401,54.37876226326418,0.6176161008311366,118.8350281509815,551.0567270459541
"(73, 1084.6410161513775)",51.97095117806861,54.62767612939243,0.620443180516818,120.43345344372116,552.5246683362328
"(74, 1084.6410161513775)",51.88613428320183,54.88002471877043,0.6233092786609952,122.05421285865073,554.0125965247931
"(75, 1084.6410161513775)",51.799556405561106,55.13577097627444,0.6262139609642571,123.6974276947968,555.519919253654
"(76, 1084.6410161513775)",51.711249261799914,55.3948769117791,0.6291568021136126,125.36322604329496,557.0460471197648
"(77, 1084.6410161513775)",51.6212452878811,55.657303740521996,0.6321373486471598,127.0517242091916,558.5903719747014
"(78, 1084.6410161513775)",51.5295767146365,55.92301178719206,0.6351551880303956,128.76304797122427,560.1523205878832
"(79, 1084.6410161513775)",51.43627993030972,56.19196069070767,0.6382098192186607,130.4973185664366,561.7312282686785
"(80, 1084.6410161513775)",51.34139023892701,56.46410938068948,0.6413007650226985,132.2546578881519,563.3264555447234
"(81, 1084.6410161513775)",51.24494275951062,56.739415920902886,0.6444276439730774,134.03518547006652,564.9374691249303
"(82, 1084.6410161513775)",51.14697827854232,57.01783824169254,0.6475898730748032,135.83902296817902,566.5635150130171
"(83, 1084.6410161513775)",51.047533198592234,57.299333217789034,0.6507869991521434,137.66628969027474,568.2039823682118
"(84, 1084.6410161513775)",50.94664770660291,57.583857473233266,0.6540185066539529,139.5171030710399,569.85819456791
"(85, 1084.6410161513775)",50.844360944186825,57.87136711311618,0.6572839368083837,141.39157635371072,571.5255407661123
"(86, 1084.6410161513775)",50.74071313490026,58.1618177918652,0.6605828066092848,143.28983743191478,573.2053691809087
"(87, 1084.6410161513775)",50.635746952740526,58.45516502454793,0.6639145374410644,145.2119895530674,574.8969489746805
"(88, 1084.6410161513775)",50.52950198333835,58.75136365541409,0.667278668359324,147.1581495904639,576.5996633149313
"(89, 1084.6410161513775)",50.422021067251904,59.050368659069,0.6706746644266575,149.12842940066534,578.3128201300485
"(90, 1084.6410161513775)",50.31334518023329,59.352134442477976,0.674102030131904,151.1229397064234,580.0357712455514
"(91, 1084.6410161513775)",50.203517856909905,59.656615670640285,0.6775602360947678,153.1417889196213,581.767834061975
"(92, 1084.6410161513775)",50.092580302683224,59.963766608712895,0.6810487455215795,155.18508443329355,583.5083189578534
"(93, 1084.6410161513775)",49.9805726517667,60.27354853895452,0.6845671448875015,157.25293162496047,585.2566720296663
"(94, 1084.6410161513775)",49.86754547192493,60.58589463148668,0.688114674779327,159.34543399290675,587.0119660884171
"(95, 1084.6410161513775)",49.75353338203022,60.90078042857903,0.6916910231004705,161.46269416319106,588.7737599952891
"(96, 1084.6410161513775)",49.63709159196366,61.22143708152526,0.6953329497192073,163.6048198672976,590.5818172796781
"(97, 1084.6410161513775)",49.52272556604261,61.53796735934314,0.698928011460164,165.77189365203677,592.3140949147771
"(98, 1084.6410161513775)",49.40601551952979,61.860177970016366,0.7025875494180718,167.96402564012064,594.0912478960028
"(99, 1084.6410161513775)",49.28848820926596,62.184739656996236,0.7062738298812312,170.18130677502242,595.8722577484813
"(100, 1084.6410161513775)",49.17018296723592,62.511613512507395,0.7099863483897907,172.42383081777723,597.6564835533312
"(101, 1084.6410161513775)",49.0511475570049,62.84073792283433,0.7137244232572983,174.69168927100816,599.4430944228438
"(102, 1084.6410161513775)",48.93141324796098,63.172085652869036,0.7174877823785195,176.98497526835752,601.2317020868782
"(103, 1084.6410161513775)",48.81102307218195,63.50560742460349,0.7212758088584436,179.3037713207873,603.0215549248416
"(104, 1084.6410161513775)",48.690015022545055,63.84125976323497,0.7250880182595709,181.64816978392776,604.8120351403219
"(105, 1084.6410161513775)",48.56842620686198,64.17899971277005,0.7289239791141113,184.01825509334543,606.6025903100897
"(106, 1084.6410161513775)",48.44629539119738,64.51878494285594,0.7327831332504361,186.4141072045673,608.3925350627759
"(107, 1084.6410161513775)",48.32366088441072,64.86056671525725,0.7366649866664274,188.83580981478704,610.1812498862278
"(108, 1084.6410161513775)",48.200549625858365,65.20432371557851,0.7405692611488899,191.28344422051646,611.9683517224904
"(109, 1084.6410161513775)",48.07700550920308,65.54999498989983,0.7444952924145357,193.75708804601422,613.7530424384047
"(110, 1084.6410161513775)",47.95305945117684,65.89754709255921,0.7484426696637239,196.2568199766729,615.5347977784382
"(111, 1084.6410161513775)",47.82874454524725,66.24694022826341,0.7524109503557189,198.78271552842074,617.3130622288298
"(112, 1084.6410161513775)",47.70409273530482,66.59813547628775,0.7563997315643051,201.33485019597182,619.087323264565
"(113, 1084.6410161513775)",47.579135055058195,66.95109440889725,0.7604085212337244,203.91329715410035,620.8569740070128
"(114, 1084.6410161513775)",47.45390299420041,67.30577946313055,0.7644369097142009,206.51812960703398,622.6214969289956
"(115, 1084.6410161513775)",47.32842444485023,67.66215352306222,0.7684844890343534,209.14941886181785,624.3803782209753
"(116, 1084.6410161513775)",47.2027280377457,68.02018031533723,0.7725508396040001,211.80723564402925,626.1330920526532
"(117, 1084.6410161513775)",47.07684093425356,68.37982425361785,0.776635557170622,214.49164972888977,627.8791301799449
"(118, 1084.6410161513775)",46.950789233488216,68.74105047510714,0.7807382458207227,217.2027301124291,629.6179941828035
"(119, 1084.6410161513775)",46.824597958932465,69.10382485206166,0.7848585178959294,219.9405451074388,631.3491952782662
"(120, 1084.6410161513775)",46.69829103756738,69.468113999634,0.7889959942376629,222.70516244334226,633.0722544859628
"(1, 1085.8065316542024)",53.77650387807309,46.32035387064243,0.5260913397078099,60.02643933810063,511.2069735633491
"(2, 1085.8065316542024)",53.7768776495488,46.32377203280348,0.526130162705203,60.06514216392777,511.21042500166993
"(3, 1085.8065316542024)",53.77749565934923,46.32947542255673,0.5261949507320867,60.12962989460339,511.21628453375763
"(4, 1085.8065316542024)",53.778350358883884,46.33747402918305,0.5262858005303329,60.21987701155355,511.2246827211426
"(5, 1085.8065316542024)",53.779630083881436,46.347220729683094,0.5263964918033956,60.33584743138773,511.22890160859714
"(6, 1085.8065316542024)",53.7807254886133,46.36041782707693,0.5265463585147209,60.47749393815679,511.2499813558624
"(7, 1085.8065316542024)",53.78221186061975,46.37540593267982,0.5267166253416027,60.64475847459144,511.2675936521802
"(8, 1085.8065316542024)",53.78197639501196,46.39812153172833,0.5269746063478598,60.83757890958531,511.35489067882304
"(9, 1085.8065316542024)",53.78567646612625,46.412562666267206,0.5271386131763285,61.05584632087088,511.31470295312465
"(10, 1085.8065316542024)",53.78756926407236,46.43488018801201,0.5273921001718094,61.299488067081896,511.34629904229615
"(11, 1085.8065316542024)",53.789584021421334,46.45957836422047,0.5276726249828414,61.56838191461455,511.38200086687306
"(12, 1085.8065316542024)",53.79160562673798,46.486920322378985,0.5279831293762051,61.86239762797543,511.42513285193377
"(13, 1085.8065316542024)",53.79360609125172,46.51690720216337,0.5283237258272364,62.181387462628834,511.4759648684685
"(14, 1085.8065316542024)",53.79553222742219,46.54961256381852,0.5286951913531381,62.525186768258536,511.53550525714724
"(15, 1085.8065316542024)",53.79732637859652,46.58511336176452,0.529098401625259,62.89361468793884,511.6048856845658
"(16, 1085.8065316542024)",53.798928812818566,46.623487913364606,0.5295342433688014,63.28647545900231,511.68526472540833
"(17, 1085.8065316542024)",53.80025867272566,46.6648708248609,0.5300042552789664,63.703560386477236,511.7785217999459
"(18, 1085.8065316542024)",53.80131663447108,46.709166074882,0.5305073602985669,64.14464983330191,511.8837070695114
"(19, 1085.8065316542024)",53.806385044532,46.7445301566067,0.5309090015928444,64.60955772848797,511.8549039150339
"(20, 1085.8065316542024)",53.8022115625506,46.807235423375246,0.5316212123555738,65.09792448008317,512.1398602615245
"(21, 1085.8065316542024)",53.80195162313002,46.86108380676255,0.5322327897960186,65.60963793544526,512.2922015856099
"(22, 1085.8065316542024)",53.80114193044297,46.91822181687912,0.532881736377275,66.14441677890339,512.4620531787747
"(23, 1085.8065316542024)",53.79972597608168,46.97870392933579,0.533568662619069,66.70202339778442,512.6503155599983
"(24, 1085.8065316542024)",53.797646612186185,47.04258088837503,0.5342941656671745,67.28222194928603,512.8578729568645
"(25, 1085.8065316542024)",53.79484851784422,47.10989937743849,0.5350587478714574,67.88478200500995,513.0855012525376
"(26, 1085.8065316542024)",53.79127616267229,47.18070257184147,0.5358628975238371,68.5094791975399,513.333955004989
"(27, 1085.8065316542024)",53.78687219735689,47.25503101645757,0.5367071231731291,69.15609686548333,513.6040030612368
"(28, 1085.8065316542024)",53.78158344815308,47.33292206595319,0.5375917642508303,69.82442787307177,513.8962211139859
"(29, 1085.8065316542024)",53.7753513676892,47.41441136317343,0.5385172904822293,70.51427412052487,514.2113172938032
"(30, 1085.8065316542024)",53.780323366119426,47.46755004232439,0.5391208236899412,71.22572403393956,514.1551876793923
"(31, 1085.8065316542024)",53.75983636909279,47.58831476143937,0.5404924177000116,71.95777112901304,514.912426319231
"(32, 1085.8065316542024)",53.750440837496534,47.68078980555333,0.5415427230881643,72.71109666561276,515.2995292333192
"(33, 1085.8065316542024)",53.739878609534635,47.77698484320343,0.5426352932491104,73.48525549866719,515.7116902173104
"(34, 1085.8065316542024)",53.72809558777515,47.876925986358856,0.5437703819008531,74.28011555329917,516.1493168347473
"(35, 1085.8065316542024)",53.71503542678482,47.9806382536263,0.5449483089140932,75.09555181496468,516.6128814178697
"(36, 1085.8065316542024)",53.70064539656476,48.08814471294493,0.5461693369039542,75.93145151968922,517.1027818798688
"(37, 1085.8065316542024)",53.68383134904707,48.20210440297474,0.5474636505602022,76.78771647664176,517.6518911448796
"(38, 1085.8065316542024)",53.66766222764305,48.314626155202355,0.5487416418309522,77.66425343577372,518.1630054549252
"(39, 1085.8065316542024)",53.649653332511676,48.43191642071409,0.5500737798840682,78.56099438322799,518.7127087066093
"(40, 1085.8065316542024)",53.62873806739553,48.556525213036004,0.551489038634915,79.47787085424248,519.332529431245
"(41, 1085.8065316542024)",53.606926897760204,48.68329775536241,0.5529289029687922,80.4148343648526,519.9589800190546
"(42, 1085.8065316542024)",53.58348857809737,48.813971007769666,0.5544130361331238,81.37184469082086,520.6134511767623
"(43, 1085.8065316542024)",53.55838081000912,48.94855678089608,0.5559416127046134,82.34887199193979,521.2961623011005
"(44, 1085.8065316542024)",53.53156220719126,49.08706516599398,0.5575147412090479,83.34589726402108,522.0072502342655
"(45, 1085.8065316542024)",53.50299339003376,49.229504599754094,0.5591325250006937,84.36291085146595,522.7468368545939
"(46, 1085.8065316542024)",53.47263960436829,49.375881386699454,0.5607950041697818,85.39992174126287,523.514956705332
"(47, 1085.8065316542024)",53.44046542469675,49.526200273935935,0.5625023099511275,86.45690402315378,524.3117781923571
"(48, 1085.8065316542024)",53.40644130630282,49.68046395541305,0.5642543769473359,87.5339470588384,525.1371409450514
"(49, 1085.8065316542024)",53.370537615578044,49.838673550658,0.5660512653798323,88.63104821281256,525.9911129877356
"(50, 1085.8065316542024)",53.3327288045422,50.00082803914578,0.567892959980768,89.74821710229259,526.873668125264
"(51, 1085.8065316542024)",53.2929898620502,50.166924836976705,0.5697794609043291,90.88551707650147,527.7847431758294
"(52, 1085.8065316542024)",53.25130494845784,50.33695922928535,0.5717105789571643,92.04299752717063,528.724083320324
"(53, 1085.8065316542024)",53.20884776743986,50.507004657165204,0.573825144538277,93.22071856381126,529.8423714032667
"(54, 1085.8065316542024)",53.16201146054913,50.68881414714485,0.5757068810023046,94.41873776361216,530.6875539469588
"(55, 1085.8065316542024)",53.11439461866664,50.87057839548781,0.5777712993452128,95.6371306751116,531.7107199562558
"(56, 1085.8065316542024)",53.06473972823839,51.056320964114974,0.5798809083116485,96.87597213311741,532.7625056932422
"(57, 1085.8065316542024)",53.01308817531133,51.24591373474927,0.5820342439699726,98.13534130976214,533.8412424392496
"(58, 1085.8065316542024)",52.959418531677414,51.439380049692005,0.5842315631039298,99.41532405084318,534.947123165948
"(59, 1085.8065316542024)",52.90372861500679,51.636703286474884,0.5864727097605479,100.71600872418993,536.0798901707524
"(60, 1085.8065316542024)",52.84601880077077,51.837865198142794,0.5887574178546177,102.03749313309484,537.2391567333116
"(61, 1085.8065316542024)",52.786290900827446,52.04284609240136,0.5910855163567741,103.37987190767463,538.4246425187075
"(62, 1085.8065316542024)",52.724549849258125,52.25162470842861,0.5934567662961238,104.74324677049076,539.6359863282219
"(63, 1085.8065316542024)",52.66080282801735,52.46417813966222,0.5958708866536386,106.12772174821063,540.8727790028911
"(64, 1085.8065316542024)",52.59506034124247,52.68048235841152,0.598327589146698,107.53340575084977,542.134598613547
"(65, 1085.8065316542024)",52.52733355064092,52.90051157150735,0.6008266037658625,108.96040664738415,543.4210441132008
"(66, 1085.8065316542024)",52.45763526107917,53.12423892117069,0.603367635052943,110.40883775573212,544.7316813735026
"(67, 1085.8065316542024)",52.38598283403834,53.351636046442,0.6059503300415949,111.87881255317123,546.0660136640123
"(68, 1085.8065316542024)",52.32881124122784,53.54501023986382,0.6081466180425817,113.37078487208909,546.9587852019597
"(69, 1085.8065316542024)",52.236886762082904,53.81732022937973,0.6112394226296015,114.88385978164436,548.8038977141205
"(70, 1085.8065316542024)",52.15948449241111,54.05554449221391,0.61394510873538,116.41916768399675,550.2064414580283
"(71, 1085.8065316542024)",52.080210502958145,54.297313024323074,0.6166910273367345,117.97649218248095,551.6306533122856
"(72, 1085.8065316542024)",51.99909003562146,54.54259165517965,0.619476824711252,119.55595356751648,553.0760289123664
"(73, 1085.8065316542024)",51.916149912784824,54.79134518019569,0.6223020746398545,121.15767258891036,554.5419847170048
"(74, 1085.8065316542024)",51.83141741393315,55.04353715130659,0.6251664022450639,122.78177196113215,556.0279909673167
"(75, 1085.8065316542024)",51.744923690068326,55.299130498583274,0.6280693331069103,124.42837304591602,557.5334111732661
"(76, 1085.8065316542024)",51.65669890101432,55.558087106921676,0.6310104787104164,126.09759852811722,559.0577007978978
"(77, 1085.8065316542024)",51.566776347887526,55.82036781220381,0.6339893793788038,127.78956985050021,560.600239278399
"(78, 1085.8065316542024)",51.4751900864391,56.08593293461171,0.6370055670639931,129.50440875208793,562.1603966660849
"(79, 1085.8065316542024)",51.38197305710641,56.354741902179896,0.6400586298426159,131.2422394120803,563.7376015126714
"(80, 1085.8065316542024)",51.28716107840901,56.62675966503546,0.643148113642157,133.00318009845319,565.3312425152801
"(81, 1085.8065316542024)",51.19079818987895,56.90192570169051,0.6462733411612779,134.7873520835805,566.9404629833197
"(82, 1085.8065316542024)",51.09291283734699,57.18021600197279,0.6494340938979751,136.5948742099468,568.5649068234032
"(83, 1085.8065316542024)",50.99354789305039,57.46158134134905,0.6526297492721882,138.4258658304052,570.2037786811812
"(84, 1085.8065316542024)",50.892742574220925,57.74597817521608,0.6558598243190391,140.2804446479472,571.8564364472433
"(85, 1085.8065316542024)",50.79053659025563,58.03336239694391,0.6591238341813085,142.15872674888868,573.5222375741375
"(86, 1085.8065316542024)",50.68696992009677,58.32368956980743,0.6624212913913955,144.0608284824092,575.2005364171798
"(87, 1085.8065316542024)",50.58208475191606,58.61691492296888,0.6657516696663303,145.98686302656108,576.8906483568312
"(88, 1085.8065316542024)",50.47592298859163,58.91299336726993,0.6691144034534138,147.93694283204368,578.5918468615781
"(89, 1085.8065316542024)",50.370473940113925,59.20753206786833,0.6724596788462014,149.91118541243273,580.2499261528601
"(90, 1085.8065316542024)",50.25993305868087,59.51352777395703,0.6759350768582528,151.90968307976638,582.0250383471099
"(91, 1085.8065316542024)",50.150190332106156,59.81789265587475,0.6793919545402658,153.93256348954662,583.7556583035889
"(92, 1085.8065316542024)",50.0393392518687,60.12492814158675,0.682879165081151,155.9799238738242,585.4947339018579
"(93, 1085.8065316542024)",49.927421468984456,60.43458854128603,0.6863961740356456,158.0518706566113,587.2415784137473
"(94, 1085.8065316542024)",49.814479802695146,60.74682796038197,0.6899424884541271,160.14850887294662,588.9955515562988
"(95, 1085.8065316542024)",49.70055600498594,61.06160064685721,0.6935175641782315,162.2699377084727,590.7559632931636
"(96, 1085.8065316542024)",49.58569240092919,61.37886076264843,0.6971209167995043,164.41625704561616,592.5221877680514
"(97, 1085.8065316542024)",49.46993130169842,61.698562951879964,0.700751986679319,166.58756680377547,594.2935174022878
"(98, 1085.8065316542024)",49.35331353154285,62.02066168981212,0.7044102811439633,168.78396433908603,596.0693198914023
"(99, 1085.8065316542024)",49.235881662741775,62.34511196607052,0.7080952749539944,171.00554052511802,597.8489340534074
"(100, 1085.8065316542024)",49.11767423273834,62.67186865436659,0.7118064799663243,173.25239207953325,599.6317331416878
"(101, 1085.8065316542024)",48.99873328973212,63.000887370310025,0.7155433805029197,175.52460763670962,601.4170685952887
"(102, 1085.8065316542024)",48.87909898634226,63.33212389911742,0.7193054149115888,177.82227666544375,603.2042410997955
"(103, 1085.8065316542024)",48.75880855312395,63.66553422159393,0.7230922016494441,180.1454900160656,604.9927455231185
"(104, 1085.8065316542024)",48.63790213880975,64.00107496911548,0.7269031769370825,182.49433073515004,606.7818866633245
"(105, 1085.8065316542024)",48.51643578978147,64.33866314862264,0.7307373788983574,184.868882934121,608.5705359975873
"(106, 1085.8065316542024)",48.39439116946961,64.67837629263684,0.7345957310643013,187.26923055643448,610.3596123584778
"(107, 1085.8065316542024)",48.27185990473971,65.02005232708416,0.7384763785061541,189.69546022422693,612.1470150300962
"(108, 1085.8065316542024)",48.14886054828819,65.3636899281617,0.7423792820448004,192.14764339468405,613.9326300143175
"(109, 1085.8065316542024)",48.02542552886674,65.70924808311986,0.746304029944213,194.62586269674583,615.715927616534
"(110, 1085.8065316542024)",47.901590231910795,66.0566864488083,0.7502501203016327,197.130194368085,617.496286629779
"(111, 1085.8065316542024)",47.77738733274082,66.40596545327541,0.7542171188489835,199.66071478875253,619.2731591428877
"(112, 1085.8065316542024)",47.65285011681381,66.75704611797325,0.7582045727999566,202.21749752811775,621.0459799481594
"(113, 1085.8065316542024)",47.52800755076263,67.10989013478174,0.7622120632703168,204.80061556694866,622.8142212375875
"(114, 1085.8065316542024)",47.40289180901838,67.4644590935532,0.7662391407159868,207.41014289806785,624.5773209004541
"(115, 1085.8065316542024)",47.27753122327565,67.82071678728133,0.7702853984838277,210.0461488988623,626.3347680127379
"(116, 1085.8065316542024)",47.15195409569933,68.17862661519484,0.7743504205727656,212.7087043012627,628.0860401458249
"(117, 1085.8065316542024)",47.02618755438579,68.53815297522011,0.7784338027397851,215.3978784093153,629.8306290659625
"(118, 1085.8065316542024)",46.90025766224885,68.89926099731042,0.7825351489403309,218.1137397575071,631.5680362108984
"(119, 1085.8065316542024)",46.77418940051847,69.26191655162052,0.7866540714663476,220.85635620683058,633.2977727437014
"(120, 1085.8065316542024)",46.64800665884834,69.62608624540046,0.7907901912965113,223.62579504476676,635.0193598330613
"(1, 1086.8362207177981)",53.721045395339225,46.477992474894,0.5278817591747802,60.56907175241984,513.1519443749612
"(2, 1086.8362207177981)",53.72142241496584,46.4814024522458,0.5279204912219178,60.607814518488425,513.1552970006242
"(3, 1086.8362207177981)",53.72363450969251,46.48257590507347,0.527933811613259,60.672374962165776,513.1052136407307
"(4, 1086.8362207177981)",53.72290841888014,46.495071449826106,0.5280757853304978,60.76270937014643,513.1691814110351
"(5, 1086.8362207177981)",53.724002983920656,46.505353672814685,0.5281925108097332,60.878800125723295,513.1799521341718
"(6, 1086.8362207177981)",53.72530960096097,46.517958551943146,0.5283356667081477,61.02059434119928,513.1937449343022
"(7, 1086.8362207177981)",53.72702249101527,46.53231711227793,0.5284987560258749,61.18803404802642,513.2035566051931
"(8, 1086.8362207177981)",53.72849588981983,46.55023405025572,0.5287021528439961,61.38104866995214,513.2316010123802
"(9, 1086.8362207177981)",53.730320947589696,46.56997133316286,0.528926410259145,61.59955579886024,513.2568249650205
"(10, 1086.8362207177981)",53.732264441096845,46.59216344365133,0.5291784866583384,61.84345740926036,513.286889115652
"(11, 1086.8362207177981)",53.734287223867234,46.61686296252753,0.5294589938777255,62.11264048607567,513.3225714450393
"(12, 1086.8362207177981)",53.73634363147877,46.644130670681136,0.5297686978775271,62.40697529617821,513.3648341596223
"(13, 1086.8362207177981)",53.738385383969586,46.674034057524665,0.5301083105046643,62.72631552422773,513.4145972357587
"(14, 1086.8362207177981)",53.740357607568015,46.70664633010883,0.5304787369043965,63.0704968012852,513.4730087870404
"(15, 1086.8362207177981)",53.742204633929724,46.742043630247295,0.5308807617620286,63.4393393325379,513.541101432691
"(16, 1086.8362207177981)",53.74386600605351,46.780304023248526,0.5313153144272051,63.83264819135216,513.6200801502
"(17, 1086.8362207177981)",53.74528180219424,46.82150460744042,0.5317832587109064,64.25021563247459,513.711091505882
"(18, 1086.8362207177981)",53.746392024013076,46.86572053098983,0.5322854582344431,64.69182311887397,513.8152926516896
"(19, 1086.8362207177981)",53.742912541766394,46.92464359321269,0.5329546707755866,65.157281948635,514.077158251002
"(20, 1086.8362207177981)",53.747455150481066,46.9634813747865,0.5333957763052604,65.64624290564777,514.0676067607975
"(21, 1086.8362207177981)",53.747289154269254,47.01716020580974,0.5340054359350443,66.15858500479835,514.2178648296056
"(22, 1086.8362207177981)",53.74658003735185,47.07411675280919,0.5346523545135301,66.69403115519434,514.3855132221631
"(23, 1086.8362207177981)",53.745272387249415,47.134406631790355,0.535337103073064,67.25234377067056,514.5714101432728
"(24, 1086.8362207177981)",53.74330886749222,47.198081046039206,0.5360602841000162,67.83328823523755,514.7764450129331
"(25, 1086.8362207177981)",53.74063186940552,47.265187506348724,0.5368224676832081,68.43663426728926,515.001467705931
"(26, 1086.8362207177981)",53.73718677978371,47.33576961080541,0.5376241064714256,69.06215827717381,515.2471937670134
"(27, 1086.8362207177981)",53.73291577983414,47.40986869589919,0.5384657042807406,69.7096439835891,515.5143870430386
"(28, 1086.8362207177981)",53.72776399837863,47.48752280721362,0.5393476737731885,70.37888436950304,515.803703047085
"(29, 1086.8362207177981)",53.72167411793551,47.56876819062703,0.5402704276987955,71.06968210139641,516.1157877043509
"(30, 1086.8362207177981)",53.7175425027585,47.645880181678976,0.5411462387689171,71.78186748811865,516.3554655111425
"(31, 1086.8362207177981)",53.70645328551461,47.74216662651871,0.5422398311072474,72.5152166594724,516.8106721037856
"(32, 1086.8362207177981)",53.69720927448219,47.83438199505175,0.5432871729616358,73.26961560159754,517.1945622244834
"(33, 1086.8362207177981)",53.68680157161018,47.930313455504525,0.5443767279979872,74.0448977307385,517.6034479733146
"(34, 1086.8362207177981)",53.675173004507805,48.029988245975815,0.5455088213123706,74.84092509120072,518.0378206321567
"(35, 1086.8362207177981)",53.66226998239195,48.13343166869308,0.5466836856092147,75.65757273553182,518.498058060064
"(36, 1086.8362207177981)",53.64803529870224,48.24067065502674,0.5479016751070226,76.49472821003148,518.9846576882358
"(37, 1086.8362207177981)",53.63241970835176,48.35171917599404,0.5491629308904061,77.35228112157843,519.49788324566
"(38, 1086.8362207177981)",53.615366725930535,48.46660645554428,0.5504677937732299,78.23017530822908,520.0381613031324
"(39, 1086.8362207177981)",53.59682790828636,48.58534872405124,0.5518164326225679,79.12830590388972,520.6057802575995
"(40, 1086.8362207177981)",53.57675390867735,48.70796351842533,0.5532090243161754,80.04661903477923,521.2009862199932
"(41, 1086.8362207177981)",53.5550959844336,48.83446685557964,0.5546458256382553,80.9850636819261,521.8241092916579
"(42, 1086.8362207177981)",53.531810298192696,48.96487255044338,0.5561269197778733,81.94360025383207,522.4752794769819
"(43, 1086.8362207177981)",53.50685185156995,49.09919312700582,0.5576524963146146,82.92219981666311,523.1547317517584
"(44, 1086.8362207177981)",53.48018062868646,49.23743888863064,0.5592226336623285,83.92084393617009,523.8625697732488
"(45, 1086.8362207177981)",53.451757127171746,49.379618567689384,0.560837471473073,84.93952394332769,524.5989539893928
"(46, 1086.8362207177981)",53.42154519906027,49.52573896741196,0.5624970722494698,85.97824258961201,525.363949578828
"(47, 1086.8362207177981)",53.38951114845298,49.675804952816854,0.5642014555898178,87.03700966082499,526.1575680558932
"(48, 1086.8362207177981)",53.355312206654325,49.830576080878025,0.5659592963553638,88.11584525632009,526.9892174746478
"(49, 1086.8362207177981)",53.31985344571102,49.987784070384116,0.5677448181150256,89.21477696775685,527.8308554844914
"(50, 1086.8362207177981)",53.282175007927606,50.149697675062264,0.5695837842015075,90.3338415364047,528.7104458673036
"(51, 1086.8362207177981)",53.24256465730913,50.3155579147503,0.5714675661592253,91.47308193160835,529.6185679356824
"(52, 1086.8362207177981)",53.20100175639704,50.48536031371295,0.5733961271935468,92.63252821837563,530.5551516348806
"(53, 1086.8362207177981)",53.1574683856508,50.659098756060075,0.5753693833954797,93.81230111793732,531.5199850483357
"(54, 1086.8362207177981)",53.111949115932326,50.83676508617935,0.5773872451809573,95.01240202379071,532.5129694193416
"(55, 1086.8362207177981)",53.06443052448781,51.01834956334056,0.5794496407348061,96.23291993784166,533.5339376946608
"(56, 1086.8362207177981)",53.01490412904335,51.20384058274714,0.5815563725186218,97.47393197868439,534.5825980638065
"(57, 1086.8362207177981)",52.963360855226185,51.3932249534341,0.5837073524502476,98.73551693593146,535.6587760062874
"(58, 1086.8362207177981)",52.90979719225757,51.58648756660254,0.5859023665069248,100.01776095271974,536.7621527712806
"(59, 1086.8362207177981)",52.854210131033824,51.78361193476631,0.588141226328274,101.32075369346154,537.8924339774909
"(60, 1086.8362207177981)",52.79659969986515,51.98457981592208,0.5904237580761948,102.644588432958,539.0493374165732
"(61, 1086.8362207177981)",52.73696850472095,52.18937137828352,0.5927497283575036,103.98936251490518,540.2325120846656
"(62, 1086.8362207177981)",52.67532243276515,52.39796524349642,0.5951188555198602,105.35517822898542,541.4415495821207
"(63, 1086.8362207177981)",52.61166729783649,52.61033868672214,0.5975309407896013,106.74213891373854,542.6761305359822
"(64, 1086.8362207177981)",52.54601441435346,52.82646717884803,0.5999856462024751,108.15035047287074,543.9357817307532
"(65, 1086.8362207177981)",52.478374592623375,53.04632531112583,0.6024827197130289,109.57992362830237,545.2201185123864
"(66, 1086.8362207177981)",52.40876149342772,53.269885845644815,0.6050218484596293,111.03097043593277,546.5286887956271
"(67, 1086.8362207177981)",52.337192416477095,53.49712034305173,0.6076026891694377,112.50360339302779,547.8610070018549
"(68, 1086.8362207177981)",52.269033348789236,53.71569973770617,0.6100852532304635,113.99797591758649,549.0647750190712
"(69, 1086.8362207177981)",52.1882566590387,53.962491476830635,0.6128882237786697,115.51409505969261,550.5950257943609
"(70, 1086.8362207177981)",52.11093350402225,54.2005650753433,0.615592169073135,117.0521887597242,551.9956777791936
"(71, 1086.8362207177981)",52.031735105661745,54.44218672814864,0.6183364475660087,118.61233940740532,553.4181083973045
"(72, 1086.8362207177981)",51.950689276347774,54.68732207914138,0.6211206292987047,120.19466860109901,554.8617287557657
"(73, 1086.8362207177981)",51.867822391461004,54.935935672046455,0.6239443019722674,121.79929530296839,556.3259717909752
"(74, 1086.8362207177981)",51.78316308563188,55.187991122990724,0.6268070618926902,123.42634338988196,557.8102748767965
"(75, 1086.8362207177981)",51.69674116750007,55.44345115333224,0.6297084906020476,125.07593257123783,559.3140635086007
"(76, 1086.8362207177981)",51.608587465231274,55.70227739099646,0.6326481515558791,126.74818607416967,560.8367400069226
"(77, 1086.8362207177981)",51.5187358263395,55.96443070403124,0.6356255966386495,128.44322398695647,562.3776972552889
"(78, 1086.8362207177981)",51.427218341616154,56.22987108392911,0.6386403932784261,130.16116924357596,563.936342184877
"(79, 1086.8362207177981)",51.33407209899192,56.498558032851236,0.641692040892752,131.90214165831065,565.5120109302587
"(80, 1086.8362207177981)",51.23990118521372,56.76916322750136,0.644765487414235,133.66626337148327,567.088222219073
"(81, 1086.8362207177981)",51.143034320252745,57.045504771548266,0.6479040826130064,135.45365202361543,568.7119725111365
"(82, 1086.8362207177981)",51.04521804599649,57.32367984613814,0.6510635063366582,137.2644262073828,570.3349744668291
"(83, 1086.8362207177981)",50.94592279933573,57.60493209112711,0.654257880261203,139.0987098819736,571.97245207595
"(84, 1086.8362207177981)",50.84518684520427,57.88921762781365,0.6574866950435757,140.95661295527185,573.6237418581234
"(85, 1086.8362207177981)",50.743049927787624,58.17649226016654,0.6607494761975147,142.83825694818003,575.2882066035916
"(86, 1086.8362207177981)",50.63955440062881,58.46671154782449,0.6640456787062343,144.74375270143045,576.9651431276385
"(87, 1086.8362207177981)",50.53473999150692,58.759830374355495,0.6673748263607507,146.673215873369,578.6539182107462
"(88, 1086.8362207177981)",50.42864818922625,59.05580356652873,0.6707364066815319,148.6267580858925,580.3538632496997
"(89, 1086.8362207177981)",50.32132227943198,59.354585767005105,0.674129862662016,150.60448869492225,582.0642635136716
"(90, 1086.8362207177981)",50.21280382118539,59.65613126816054,0.6775547041537455,152.60652045374013,583.7844735382826
"(91, 1086.8362207177981)",50.103134248196376,59.960394160385206,0.6810104392327611,154.6329588705301,585.5138531745715
"(92, 1086.8362207177981)",49.992357347265546,60.26732866074375,0.6844964992637312,156.6839098139602,587.2516785403965
"(93, 1086.8362207177981)",49.880515160975314,60.57688873390705,0.6880123714672425,158.7594780848628,588.997287527685
"(94, 1086.8362207177981)",49.7676495629737,60.889028479016645,0.6915575625807333,160.8597661016502,590.7500416224061
"(95, 1086.8362207177981)",49.65380279716595,61.20370194168044,0.6951315351650794,162.98487587450614,592.5092547060701
"(96, 1086.8362207177981)",49.539018833805066,61.520863567655084,0.6987337422522669,165.13490628265134,594.2742334348065
"(97, 1086.8362207177981)",49.42333786142072,61.840467421085435,0.7023636854053942,167.30995471142268,596.0443387040003
"(98, 1086.8362207177981)",49.3068013375324,62.16246808787322,0.7060208753238039,169.51011647814968,597.818943406645
"(99, 1086.8362207177981)",49.189450968071164,62.48682035263769,0.7097047812837467,171.7354874722826,599.5973748434963
"(100, 1086.8362207177981)",49.0713282149731,62.81347939749605,0.713414837519535,173.9861587755384,601.378927038195
"(101, 1086.8362207177981)",48.95247239500611,63.14240035837025,0.7171506184609334,176.26222199282773,603.1630458606847
"(102, 1086.8362207177981)",48.83292391349746,63.473539029441156,0.7209115835697941,178.56376561551443,604.9490553431636
"(103, 1086.8362207177981)",48.712721891561934,63.80685148345032,0.7246972289436837,180.89087678363416,606.73632068618
"(104, 1086.8362207177981)",48.591904399308085,64.14229411465644,0.7285070763996692,183.24364068719063,608.524236993198
"(105, 1086.8362207177981)",48.470509740052435,64.47982403332216,0.73234064308388,185.62214221224278,610.3121945950834
"(106, 1086.8362207177981)",48.34857559473551,64.81939860230166,0.7361974050764614,188.026462993891,612.0995424416601
"(107, 1086.8362207177981)",48.22613703693762,65.16097570512203,0.7400769426208188,190.45668537904075,613.8857419793527
"(108, 1086.8362207177981)",48.10323184412649,65.50451408647103,0.7439787323609963,192.91288282322768,615.6701509504159
"(109, 1086.8362207177981)",47.97989328609994,65.84997129907902,0.7479023197276818,195.39514641019525,617.4521842287128
"(110, 1086.8362207177981)",47.85615451147653,66.19731084048016,0.7518473043181415,197.9035400981891,619.231342683804
"(111, 1086.8362207177981)",47.732050474173455,66.54648960705782,0.7558131443458548,200.4381447742325,621.0069565954519
"(112, 1086.8362207177981)",47.60761266232429,66.8974689792815,0.7597994570519019,202.9990329019456,622.7785375037784
"(113, 1086.8362207177981)",47.482871529816585,67.2502112394531,0.7638057852916411,205.58627730308626,624.5455157456709
"(114, 1086.8362207177981)",47.35785789842685,67.60467842923937,0.7678317058193819,208.19995085570386,626.3073584443332
"(115, 1086.8362207177981)",47.232600783024346,67.96083354546661,0.7718767985294699,210.84012264382397,628.0635399296983
"(116, 1086.8362207177981)",47.10712831117261,68.31864024066283,0.7759406494269736,213.50686315181494,629.813539772711
"(117, 1086.8362207177981)",46.981467572333614,68.67806291708477,0.7800228538501389,216.200241267352,631.5568492846443
"(118, 1086.8362207177981)",46.85564460097318,69.0390666879783,0.7841230159639726,218.92032511708572,633.29297013104
"(119, 1086.8362207177981)",46.72968434207786,69.40161742228315,0.7882407479794973,221.66718216282035,635.0214133869869
"(120, 1086.8362207177981)",46.60361064529318,69.76568173304008,0.7923756707197687,224.4408793015913,636.7417000522127
"(1, 1087.7261773788512)",53.6732893274568,46.61411697390512,0.529427817334626,61.039551722484696,514.8329442249367
"(2, 1087.7261773788512)",53.67366968518962,46.617519777114914,0.529466463741254,61.078328885700834,514.8362037698714
"(3, 1087.7261773788512)",53.67429896714839,46.62319749929304,0.5295309501983487,61.14294071310925,514.8417355499314
"(4, 1087.7261773788512)",53.6751696033969,46.631159983756255,0.5296213860823625,61.23336164378089,514.849684097676
"(5, 1087.7261773788512)",53.676271541668534,46.641421014876066,0.5297379219076757,61.34955634585445,514.860248463398
"(6, 1087.7261773788512)",53.677589972421835,46.653999190213206,0.5298807945407952,61.49147782996383,514.8737332823637
"(7, 1087.7261773788512)",53.679108160125864,46.66891770358844,0.5300502352689503,61.659068348846766,514.8904478790093
"(8, 1087.7261773788512)",53.68080478077337,46.686205607438154,0.5302465675073113,61.852258155145165,514.9108137878395
"(9, 1087.7261773788512)",53.68265198953131,46.70589904110017,0.5304702581551295,62.07096443457155,514.9354216816798
"(10, 1087.7261773788512)",53.68461940079618,46.72804129288903,0.5307217226005001,62.315090114585274,514.9648204615758
"(11, 1087.7261773788512)",53.68666868094805,46.75268441178912,0.5310015899020457,62.584522564212435,514.9998070020321
"(12, 1087.7261773788512)",53.68875548595126,46.779888506351796,0.5313105807149489,62.879132916684206,515.0412940453247
"(13, 1087.7261773788512)",53.69083129305111,46.80972061117668,0.5316494306823788,63.198774843973375,515.0902280978131
"(14, 1087.7261773788512)",53.69284408284767,46.84225294017795,0.532018902621413,63.54328523221957,515.1476020094614
"(15, 1087.7261773788512)",53.69473518896507,46.87756189800193,0.5324199311778048,63.91248413321011,515.2146123671346
"(16, 1087.7261773788512)",53.69644674868851,46.915724647348206,0.5328533762286654,64.30618022975077,515.2923857988702
"(17, 1087.7261773788512)",53.69791885312701,46.95681797699303,0.5333201149886212,64.72416366045843,515.3820863353639
"(18, 1087.7261773788512)",53.69909124902939,47.00091706919606,0.5338209656940179,65.16621745435634,515.4848209646846
"(19, 1087.7261773788512)",53.69990377315038,47.04809368035808,0.5343567787380886,65.63211501625425,515.6017412770035
"(20, 1087.7261773788512)",53.700290919846076,47.09843061733238,0.5349284849927813,66.12162399989418,515.734092152364
"(21, 1087.7261773788512)",53.700210626283,47.15194790227333,0.5355363212445219,66.63450799553293,515.8823675593034
"(22, 1087.7261773788512)",53.69958905136555,47.20874882337489,0.5361814433240911,67.1705291223665,516.0480626060223
"(23, 1087.7261773788512)",53.69837380575762,47.26887419339037,0.5368643291959984,67.72945034900265,516.2319342184218
"(24, 1087.7261773788512)",53.69650790780071,47.33237542974614,0.5375855451532139,68.31103749053132,516.4348325530999
"(25, 1087.7261773788512)",53.69393489038375,47.39930018485545,0.5383456660045742,68.9150609366516,516.6576124549757
"(26, 1087.7261773788512)",53.690597818394075,47.46969327100269,0.5391451713421079,69.54129714092812,516.9010191352887
"(27, 1087.7261773788512)",53.686440164102514,47.543595902559595,0.539984536451472,70.18953106546505,517.1657846125855
"(28, 1087.7261773788512)",53.681405317238,47.62104728821939,0.540864199904529,70.85955523012264,517.4525934131015
"(29, 1087.7261773788512)",53.675436204946216,47.70208401256352,0.5417845819953157,71.55117323430684,517.7620991022567
"(30, 1087.7261773788512)",53.6635123103227,47.79980652298917,0.5428944835348881,72.26424530298037,518.2562959924891
"(31, 1087.7261773788512)",53.66046654290036,47.875050137193305,0.5437490748445685,72.99845831753906,518.4516443164304
"(32, 1087.7261773788512)",53.65135197876372,47.967043007288716,0.5447939021027431,73.75378796922747,518.8328006242973
"(33, 1087.7261773788512)",53.64107489978973,48.06274928738496,0.5458808912720114,74.53003888975883,519.2388962777064
"(34, 1087.7261773788512)",53.62957875489603,48.16219600751844,0.547010394674552,75.32707257164012,519.670453014207
"(35, 1087.7261773788512)",53.61680882512924,48.26540945125919,0.5481826538104475,76.14476398168895,520.1278585529432
"(36, 1087.7261773788512)",53.60270896627121,48.37241430451464,0.5493979714388987,76.9830026485798,520.6115526843487
"(37, 1087.7261773788512)",53.587226176659215,48.48323345752653,0.5506566030483476,77.84168737010133,521.1219145121013
"(38, 1087.7261773788512)",53.57030698871181,48.59788827731952,0.5519588191156947,78.72073181834797,521.6593245689113
"(39, 1087.7261773788512)",53.55190028176389,48.716398425607984,0.5533048374922551,79.62006101249027,522.2240947981868
"(40, 1087.7261773788512)",53.531958052527145,48.8387818123749,0.5546948159709056,80.5396117626367,522.8164600252619
"(41, 1087.7261773788512)",53.51043052833578,48.96505482543021,0.556128994208666,81.47933442755664,523.4367305725809
"(42, 1087.7261773788512)",53.48727302179148,49.095231830727855,0.5576075074881042,82.43918771654685,524.0850948812379
"(43, 1087.7261773788512)",53.46244293140941,49.229325410348224,0.5591304665841446,83.41914410886412,524.761700964761
"(44, 1087.7261773788512)",53.43589616572126,49.36734660876919,0.5606981034499708,84.4191844934855,525.4668202357228
"(45, 1087.7261773788512)",53.40759593058158,49.50930422158765,0.5623104029857132,85.43930074860391,526.2004443914071
"(46, 1087.7261773788512)",53.37750517490377,49.655205308218484,0.5639674866759914,86.47949485088043,526.9627035971538
"(47, 1087.7261773788512)",53.34559119856848,49.80505125834996,0.5656693924314985,87.53977754234877,527.7536283473823
"(48, 1087.7261773788512)",53.31181816005098,49.95885664321716,0.5674162553459741,88.62016891843473,528.5733454916638
"(49, 1087.7261773788512)",53.27616135157208,50.11661158634269,0.5692079828657391,89.72069629950501,529.4217270365721
"(50, 1087.7261773788512)",53.238593096606735,50.27831936684289,0.5710446271468218,90.84139581748131,530.2987935816625
"(51, 1087.7261773788512)",53.19909070623365,50.44397745017716,0.5729261173008638,91.98231247972477,531.2044230124512
"(52, 1087.7261773788512)",53.15763329097699,50.613581476940894,0.5748524164215312,93.1434952329382,532.1385262382494
"(53, 1087.7261773788512)",53.11420203116202,50.78712548237161,0.5768234907603422,94.32500221331856,533.1010084137536
"(54, 1087.7261773788512)",53.0687827856858,50.96460149365546,0.5788391815685513,95.52689771525175,534.0916325694113
"(55, 1087.7261773788512)",53.02136166092435,51.14599964996266,0.580899432534212,96.74924993578635,535.1102692561958
"(56, 1087.7261773788512)",52.979918153562835,51.31236313421691,0.5827889464219598,97.99222201313675,535.9225708970697
"(57, 1087.7261773788512)",52.920478068630544,51.520514718772574,0.585153067167237,99.25563454562452,537.2306743857043
"(58, 1087.7261773788512)",52.86700301616462,51.71360337597134,0.5873461191342576,100.53983113081685,538.3319178333925
"(59, 1087.7261773788512)",52.811502718939366,51.910557926739806,0.5895830477798987,101.84481510424182,539.46009970476
"(60, 1087.7261773788512)",52.75397659962685,52.111359928823894,0.5918636826179114,103.17068074866125,540.6149402746892
"(61, 1087.7261773788512)",52.69442788762034,52.31598968872349,0.5941877972635091,104.51752457206877,541.7960967905279
"(62, 1087.7261773788512)",52.63286122971458,52.524425790005196,0.5965551481281558,105.88544705751656,543.0032038115966
"(63, 1087.7261773788512)",52.56928385507127,52.73664532358689,0.5989654836694067,107.27455369285789,544.2358822407405
"(64, 1087.7261773788512)",52.50370640209649,52.95262389502514,0.6014184870901889,108.68494952594531,545.4936824416378
"(65, 1087.7261773788512)",52.436139907216244,53.172335747442304,0.6039139027019025,110.11674410459977,546.776216747284
"(66, 1087.7261773788512)",52.366595633123126,53.39576100311778,0.6064514956769745,111.57004978653184,548.0831173718706
"(67, 1087.7261773788512)",52.29509912270309,53.62284934954522,0.6090306863365323,113.04497942592788,549.4136409293264
"(68, 1087.7261773788512)",52.217532224119864,53.86309999190664,0.6117593768424722,114.54166996075536,550.885018487775
"(69, 1087.7261773788512)",52.146299094254005,54.08795312851395,0.6143131810235846,116.0601728052935,552.1443553029324
"(70, 1087.7261773788512)",52.069040379521525,54.325898054353665,0.6170156835439081,117.60067263454162,553.5434382094725
"(71, 1087.7261773788512)",51.989907027253565,54.56739417690048,0.6197585251322826,119.16326486306417,554.9643065770282
"(72, 1087.7261773788512)",51.90892465322713,54.81240713717419,0.6225412893831829,120.7480711868266,556.4063857744441
"(73, 1087.7261773788512)",51.826120064699765,55.06090124817562,0.6253636091657072,122.35520978557503,557.8691582840817
"(74, 1087.7261773788512)",51.74152161581755,55.31284006623021,0.6282250463488142,123.9848044622299,559.3520237364173
"(75, 1087.7261773788512)",51.655159888225214,55.56818608632605,0.6311251856041226,125.63697684585244,560.8544087388377
"(76, 1087.7261773788512)",51.56706635370074,55.82690089131077,0.6340635798171081,127.31184540887095,562.3757084807421
"(77, 1087.7261773788512)",51.47727356230842,56.08894529362639,0.6370397958322145,129.00953287140905,563.9153290873694
"(78, 1087.7261773788512)",51.385815599683944,56.35427914646159,0.6400533673363051,130.73016029598733,565.4726422751934
"(79, 1087.7261773788512)",51.292727635056686,56.62286137412087,0.6431038404828738,132.47384848705107,567.0470335790438
"(80, 1087.7261773788512)",51.19804536871763,56.894651290911874,0.6461907383335919,134.2407169795753,568.63786468564
"(81, 1087.7261773788512)",51.10180670071027,57.16960575872224,0.6493135931270211,136.0308854591104,570.244507113071
"(82, 1087.7261773788512)",51.010576624900644,57.43294144638233,0.6523044621410004,137.84452870672692,571.6841103850709
"(83, 1087.7261773788512)",50.90481229786954,57.728837763956456,0.6556651525860449,139.68159717898882,573.5025528839509
"(84, 1087.7261773788512)",50.80413416072486,58.01302801874748,0.6588929162123112,141.54237414913376,575.1526989044871
"(85, 1087.7261773788512)",50.70205673659173,58.30020888625145,0.6621546040371842,143.4269201377664,576.8159761454067
"(86, 1087.7261773788512)",50.598620280497194,58.59033572188326,0.6654497617568669,145.33534935555858,578.4917762379055
"(87, 1087.7261773788512)",50.49386563447166,58.88336336415741,0.6687778787134371,147.2677744432682,580.1794310852356
"(88, 1087.7261773788512)",50.387835099903285,59.17924653379906,0.6721384161293527,149.22430818545848,581.8782418603978
"(89, 1087.7261773788512)",50.28056966529319,59.47793967462465,0.6755308902801421,151.20505965268245,583.5875733330688
"(90, 1087.7261773788512)",50.172113187736805,59.779396962879716,0.6789547286864975,153.21013689958187,585.3066947478771
"(91, 1087.7261773788512)",50.062507181741104,60.08357258135183,0.6824094362796193,155.23965046864237,587.0349570630445
"(92, 1087.7261773788512)",49.95179276765375,60.390420395473896,0.6858945318096991,157.29370397822714,588.7717331921937
"(93, 1087.7261773788512)",49.840014616751645,60.69989446678911,0.689409434485378,159.37240057182893,590.5162882498668
"(94, 1087.7261773788512)",49.7272143255485,61.011948707951596,0.6929536389065561,161.47584419226354,592.2679685563295
"(95, 1087.7261773788512)",49.61343423474756,61.32653714846048,0.6965266317779979,163.60413261196342,594.026118014485
"(96, 1087.7261773788512)",49.49871720964887,61.64361397569825,0.7001278650451975,165.75736457161128,595.7900417504177
"(97, 1087.7261773788512)",49.38310330195773,61.96313333723848,0.7037568929105751,167.93564724857285,597.5591476810645
"(98, 1087.7261773788512)",49.26663603330202,62.28504973325284,0.7074131199818632,170.139063646464,599.3327051790545
"(99, 1087.7261773788512)",49.14935747938478,62.60931806196555,0.7110960198581537,172.36771300368153,601.1100424259437
"(100, 1087.7261773788512)",49.031305352970854,62.935892919402484,0.7148051730185987,174.6216864364843,602.8906119816644
"(101, 1087.7261773788512)",48.91252198479166,63.26472975015565,0.7185399991104876,176.90107361865864,604.6736929075951
"(102, 1087.7261773788512)",48.7930468677708,63.595784283536204,0.7223000260833954,179.2059635533628,606.4586827389734
"(103, 1087.7261773788512)",48.67292002683433,63.9290125023003,0.7260847015796618,181.5364424476563,608.2448944548531
"(104, 1087.7261773788512)",48.55217890833882,64.26437071987904,0.7298935951984853,183.89259746850115,610.0317727300538
"(105, 1087.7261773788512)",48.43086222940006,64.60181611466598,0.7337261835301018,186.27450979511516,611.8186670588558
"(106, 1087.7261773788512)",48.30900603189995,64.94130574491189,0.7375820003596311,188.68226350578698,613.604986248841
"(107, 1087.7261773788512)",48.18664817068877,65.28279782498787,0.7414605450712113,191.11593787386286,615.3901064936852
"(108, 1087.7261773788512)",48.063823350246146,65.62625061182729,0.7453613780627788,193.57561040313,617.173472122929
"(109, 1087.7261773788512)",47.94056663251241,65.97162320826347,0.7492840092978321,196.06136246262582,618.9544687420048
"(110, 1087.7261773788512)",47.81691167398629,66.31887530151612,0.7532279822146541,198.57326772553932,620.7325260635918
"(111, 1087.7261773788512)",47.692891874431105,66.66796714349503,0.75719285228726,201.1114005097662,622.5070862472443
"(112, 1087.7261773788512)",47.56853950439445,67.01885964011991,0.7611781711013776,203.67583510974762,624.277587246579
"(113, 1087.7261773788512)",47.44388540056738,67.37151436294685,0.7651835105857574,206.26664489441077,626.0434900683649
"(114, 1087.7261773788512)",47.3189596391882,67.72589357153407,0.7692084275439997,208.88390038943436,627.8042421105974
"(115, 1087.7261773788512)",47.193791394872605,68.0819601981906,0.7732525152101427,211.5276716873939,629.5593308307166
"(116, 1087.7261773788512)",47.068408828955,68.43967791713706,0.7773153554263252,214.19802839667534,631.3082317790845
"(117, 1087.7261773788512)",46.942839007382645,68.7990111140772,0.7813965436978045,216.89503904500293,633.0504364484565
"(118, 1087.7261773788512)",46.81710793005189,69.15992490774259,0.7854956838921348,219.61877140648707,634.7854461810911
"(119, 1087.7261773788512)",46.691240512088015,69.52238516234463,0.7896123882687264,222.36929259789198,636.5127721046349
"(120, 1087.7261773788512)",46.56526057035194,69.88635849182657,0.7937462776403928,225.14666917878898,638.2319352076879
"(1, 1088.4730257269127)",53.63333784122831,46.72826559810615,0.5307242757701411,61.435438193740744,516.2436200805092
"(2, 1088.4730257269127)",53.63372111183885,46.73166243017463,0.5307628546517918,61.47424420499997,516.2468061412895
"(3, 1088.4730257269127)",53.634354226824655,46.73733041397129,0.5308272419381252,61.53890414387678,516.2522300267864
"(4, 1088.4730257269127)",53.635231472583605,46.74527887875921,0.530917502703853,61.62939270119039,516.2599878782488
"(5, 1088.4730257269127)",53.63634080087048,46.75552203535792,0.5310338367952508,61.74567420675907,516.2703328931391
"(6, 1088.4730257269127)",53.63766879425064,46.76807801312706,0.5311764554816951,61.88770229389697,516.2835413991605
"(7, 1088.4730257269127)",53.63919898172509,46.78296984486931,0.5313455983875663,62.055419260287884,516.2999319233033
"(8, 1088.4730257269127)",53.64090939406105,46.80022655529286,0.5315415807423155,62.248755607367116,516.3199170828871
"(9, 1088.4730257269127)",53.64277297110276,46.8198838207814,0.5317648513070664,62.46762871047302,516.3440679669513
"(10, 1088.4730257269127)",53.644759609695946,46.84198471563154,0.5320158556313334,62.711942070385064,516.3729660433448
"(11, 1088.4730257269127)",53.64683088479715,46.866580882962786,0.5322951971560926,62.981583381318956,516.4073804470768
"(12, 1088.4730257269127)",53.648942865691005,46.89373199997489,0.5326035840569607,63.27642415806963,516.4482104934085
"(13, 1088.4730257269127)",53.652492519119455,46.91943751717027,0.5328955418758867,63.596323833403886,516.4460990286253
"(14, 1088.4730257269127)",53.65309341840342,46.95597058909298,0.5333104667843871,63.94110511387414,516.5529523187599
"(15, 1088.4730257269127)",53.65502197452466,46.991205836921935,0.5337106530420476,64.3106041896807,516.6190451896833
"(16, 1088.4730257269127)",53.6567750105603,47.02928732865314,0.5341431807808764,64.70462264119288,516.695821514765
"(17, 1088.4730257269127)",53.65829370414836,47.0702915953539,0.5346088910992352,65.12295395718054,516.7844033181135
"(18, 1088.4730257269127)",53.65951705856321,47.11429354409464,0.5351086602093877,65.56538166261555,516.8859608081711
"(19, 1088.4730257269127)",53.66038565785755,47.16136485113377,0.5356432774306898,66.03167877216,517.001580123103
"(20, 1088.4730257269127)",53.66084044070528,47.211573644581726,0.5362135274735295,66.52161437677063,517.132346308043
"(21, 1088.4730257269127)",53.66082140791318,47.2649840554734,0.5368201492096826,67.03495188281843,517.2793001986175
"(22, 1088.4730257269127)",53.660271479965054,47.32165563098612,0.5374638071424478,67.57145425654451,517.4434021225017
"(23, 1088.4730257269127)",53.659132647957385,47.38164406803998,0.5381451401830247,68.13088488303153,517.6255841322189
"(24, 1088.4730257269127)",53.657348695623284,47.44500092058814,0.5388647183089281,68.71301007718516,517.8267003180143
"(25, 1088.4730257269127)",53.65486160008029,47.511774746921944,0.5396231100971599,69.31760058922444,518.0475988103982
"(26, 1088.4730257269127)",53.65161449273948,47.582010254729646,0.5404208188046797,69.9444319760471,518.2890518340982
"(27, 1088.4730257269127)",53.64755103978389,47.655749490268896,0.5412583308027578,70.59329323770152,518.5517997910745
"(28, 1088.4730257269127)",53.642613226110164,47.73303212248617,0.5421360803735626,71.2639737318244,518.8365260281162
"(29, 1088.4730257269127)",53.63674436820667,47.81389517244275,0.5430544915465454,71.95627841929392,519.1438871289646
"(30, 1088.4730257269127)",53.618334015494376,47.9288366761681,0.5443599655831499,72.67027321884605,519.8508656040432
"(31, 1088.4730257269127)",53.62198268669473,47.986501550781824,0.5450149126046806,73.40502904573597,519.8290019433697
"(32, 1088.4730257269127)",53.61297527146048,48.0783096286433,0.546057617261448,74.16113817246531,520.2078487093314
"(33, 1088.4730257269127)",53.6028061267831,48.173828149679785,0.5471425079825925,74.93816901845408,520.6116921491698
"(34, 1088.4730257269127)",53.59142012903307,48.27308505518225,0.5482698389500988,75.73607672480387,521.0408537920174
"(35, 1088.4730257269127)",53.57876046965507,48.376107166695896,0.5494399042761424,76.5546429973624,521.4958720651955
"(36, 1088.4730257269127)",53.56477146546524,48.48291950428829,0.5506530618736036,77.39378825177423,521.9772161315759
"(37, 1088.4730257269127)",53.54939849074729,48.593545580728915,0.5519095201938666,78.25341230868732,522.4852130642194
"(38, 1088.4730257269127)",53.53259049478191,48.70800699603142,0.5532095173719168,79.13342841059819,523.0202088241372
"(39, 1088.4730257269127)",53.51429404567207,48.82632394574424,0.5545533235778162,80.03376209492373,523.5825719467375
"(40, 1088.4730257269127)",53.49445993522967,48.94851487652025,0.5559411406143093,80.95435062695707,524.1725848235712
"(41, 1088.4730257269127)",53.47304140737363,49.074596202681384,0.5573731078119101,81.8951426505721,524.7904504682704
"(42, 1088.4730257269127)",53.44999048404635,49.20458293176066,0.5588494735094475,82.8561002439236,525.4364771127969
"(43, 1088.4730257269127)",53.42526414536894,49.338487978775035,0.5603703300392386,83.83719304049264,526.1107956249061
"(44, 1088.4730257269127)",53.398821952926866,49.47632223056147,0.561935801506548,84.83840281284897,526.8135593172611
"(45, 1088.4730257269127)",53.37062352415269,49.618095118171254,0.5635459990881904,85.85972278169075,527.5448959821279
"(46, 1088.4730257269127)",53.3406325576698,49.76381383666075,0.5652010323304864,86.90115337592556,528.3049244288135
"(47, 1088.4730257269127)",53.308814351263905,49.91348381761446,0.5669009452673741,87.96270697887813,529.0936802037476
"(48, 1088.4730257269127)",53.27513823607227,50.067108417352294,0.5686457693336988,89.04440198484039,529.9111791286189
"(49, 1088.4730257269127)",53.2395754947054,50.224689143767904,0.5704354894266884,90.14626684994451,530.7573763083353
"(50, 1088.4730257269127)",53.20209905454845,50.38622566013627,0.5722701729699591,91.26833759221726,531.6323091136577
"(51, 1088.4730257269127)",53.16268499111246,50.55171565683833,0.5741497845721727,92.41065750240898,532.5358957313189
"(52, 1088.4730257269127)",53.12131446094181,50.72115490882991,0.5760741867838998,93.573278646501,533.4679344853411
"(53, 1088.4730257269127)",53.077967947663964,50.89453726887285,0.5780434099431568,94.7562577858418,534.4284016364883
"(54, 1088.4730257269127)",53.032630365936235,51.071855039980456,0.5800573385935062,95.95965763932297,535.417108794651
"(55, 1088.4730257269127)",52.98528876808073,51.25309962956106,0.5821158492371779,97.18354847064491,536.4338512721374
"(56, 1088.4730257269127)",52.93610088096912,51.437860742452365,0.5842143069863954,98.42800535462725,537.4735090438061
"(57, 1088.4730257269127)",52.884559034518425,51.62731400196911,0.5863660476468301,99.69310820651606,538.5505178591602
"(58, 1088.4730257269127)",52.83115792204129,51.82025804851469,0.5885574509241093,100.9789421033464,539.6499673181379
"(59, 1088.4730257269127)",52.77572823717685,52.01707139900077,0.5907927986427055,102.28559627220652,540.7764288440898
"(60, 1088.4730257269127)",52.71827099724169,52.21773562905728,0.593071888103668,103.61316440480063,541.9295881129719
"(61, 1088.4730257269127)",52.65879017624448,52.422231006823104,0.5953944565417646,104.96174334567957,543.1090622673657
"(62, 1088.4730257269127)",52.597288849799035,52.630536053613405,0.5977603106816802,106.33143394083291,544.314540086315
"(63, 1088.4730257269127)",52.53377516718247,52.84262774444918,0.6001691854191905,107.72233928735855,545.5456299139242
"(64, 1088.4730257269127)",52.46825957190893,53.058481707123335,0.6026207838117523,109.13456684663721,546.8019010748645
"(65, 1088.4730257269127)",52.4007535007277,53.27807214994146,0.6051148185786972,110.568224941555,548.0829325489914
"(66, 1088.4730257269127)",52.331271348445064,53.50137166879981,0.6076509836464169,112.02342507843596,549.3882796771142
"(67, 1088.4730257269127)",52.25982890775908,53.72835186611806,0.6102289675307714,113.50027984637913,550.7174908280496
"(68, 1088.4730257269127)",52.17442944159889,53.98670837971211,0.6131632802890251,114.99909064114104,552.4126003196932
"(69, 1088.4730257269127)",52.1111386821609,54.19323352889909,0.6155089674696322,116.51941825035892,553.4454899333596
"(70, 1088.4730257269127)",52.03393569030642,54.431071541288084,0.6182101785800733,118.06193614791503,554.8431674663124
"(71, 1088.4730257269127)",51.95485447838506,54.672463381940254,0.62095186406065,119.62657623023271,556.2627780746295
"(72, 1088.4730257269127)",51.873923650604205,54.9173745497409,0.6237334888434516,121.21346028678997,557.7036175618455
"(73, 1088.4730257269127)",51.79117016294809,55.16576940422495,0.6265546567811564,122.82270725922119,559.1651357906516
"(74, 1088.4730257269127)",51.70662209418354,55.417611327467355,0.6294150029032292,124.45443861792015,560.6468140300713
"(75, 1088.4730257269127)",51.620310270468785,55.672862659959875,0.6323140681245641,126.10877555861292,562.1480313826247
"(76, 1088.4730257269127)",51.53226576854129,55.93148487968717,0.635251419308111,127.78583598761446,563.668198484001
"(77, 1088.4730257269127)",51.44252132484322,56.19343875526214,0.6382266036021429,129.48574779574528,565.2066945264902
"(78, 1088.4730257269127)",51.351111815721985,56.45868402066287,0.6412391695098257,131.2086257211483,566.7629133298244
"(79, 1088.4730257269127)",51.25807181590479,56.72717972717366,0.6442886624164393,132.95459147662422,568.336238345343
"(80, 1088.4730257269127)",51.16343780979691,56.99888426368975,0.6473745892659204,134.72376340520782,569.9260145517859
"(81, 1088.4730257269127)",51.067245776560625,57.273758609800225,0.6504965140605,136.5162662897212,571.5316425945205
"(82, 1088.4730257269127)",50.96858866531973,57.55389685264507,0.6536782338691877,138.33221336052966,573.1789117108895
"(83, 1088.4730257269127)",50.870348347419586,57.832824769826885,0.6568462050773306,140.17172024363484,574.7876560341275
"(84, 1088.4730257269127)",50.76971957246946,58.11693583462229,0.6600730514731425,142.03490802750662,576.436803510261
"(85, 1088.4730257269127)",50.66769034504164,58.40403868121902,0.6633338758382827,143.9218895948717,578.0991413059843
"(86, 1088.4730257269127)",50.56430379137548,58.69408861609786,0.666628133060125,145.83277904393123,579.773961982706
"(87, 1088.4730257269127)",50.45959759684355,58.987040254301405,0.6699554226817407,147.76768952731558,581.4607165012314
"(88, 1088.4730257269127)",50.35361666854067,59.28284837884827,0.6733151100607152,149.72673283510858,583.1586022803273
"(89, 1088.4730257269127)",50.24640667739028,59.58145760492075,0.676706601168972,151.7100166386824,584.8668650650837
"(90, 1088.4730257269127)",50.1379966452337,59.882851233742855,0.6801297118144202,153.7176532918046,586.5851920136105
"(91, 1088.4730257269127)",50.028441140224054,60.18695394711802,0.6835836335356132,155.74974639652805,588.312599535378
"(92, 1088.4730257269127)",49.91778032373592,60.493729598349184,0.6870678827149324,157.80640146552992,590.0484557129761
"(93, 1088.4730257269127)",49.80573709208225,60.80384264223993,0.6905900494036241,159.88772321212045,591.8009173991405
"(94, 1088.4730257269127)",49.6933085577943,61.11511485330539,0.694125377424183,161.99381274739406,593.5429370513417
"(95, 1088.4730257269127)",49.57958315667305,61.42963231987473,0.697697576376786,164.12477059321807,595.300221407956
"(96, 1088.4730257269127)",49.46492122400108,61.746638431121255,0.7012980263430808,166.28069456517989,597.0632901047856
"(97, 1088.4730257269127)",49.349365399127244,62.06608737178893,0.7049261914778279,168.46168375330925,598.8314607987111
"(98, 1088.4730257269127)",49.23295576025677,62.38793287150336,0.7085816242438057,170.66783135780668,600.6041531573388
"(99, 1088.4730257269127)",49.11573423962202,62.71213139512949,0.7122637637845378,172.89923053334775,602.3806635488472
"(100, 1088.4730257269127)",48.9977422775528,63.03863609105307,0.7159720909754865,175.15597283780775,604.1603353623044
"(101, 1088.4730257269127)",48.879019627181776,63.36740277702169,0.7197061235780303,177.43814927889306,605.9425526862728
"(102, 1088.4730257269127)",48.75960612388692,63.698386980095634,0.7234653204229533,179.7458465889816,607.7266397402808
"(103, 1088.4730257269127)",48.63954095761463,64.0315447304711,0.727249241916016,182.07915300789824,609.5120297980312
"(104, 1088.4730257269127)",48.518863379554524,64.36683245151,0.7310573154890533,184.43815198025482,611.2980161899092
"(105, 1088.4730257269127)",48.39761135904769,64.7042070459558,0.7348890914859035,186.82292555817276,613.0840274251907
"(106, 1088.4730257269127)",48.27581873965558,65.04362544550918,0.7387441862661865,189.23355926742164,614.8695603959004
"(107, 1088.4730257269127)",48.15352928834662,65.38504644779611,0.7426218499114878,191.6701296175399,616.6537223265345
"(108, 1088.4730257269127)",48.03077038803139,65.72842750523866,0.7465219205091719,194.13271654085224,618.436257047232
"(109, 1088.4730257269127)",47.90911977907508,66.0703629606585,0.7504054556267101,196.62140273063443,620.1746940773534
"(110, 1088.4730257269127)",47.783998592482995,66.42090837152895,0.7543868266118827,199.1362463036927,621.9934654270672
"(111, 1088.4730257269127)",47.66004951643438,66.76992768787093,0.7583508795944199,201.6773408237858,623.7671356510182
"(112, 1088.4730257269127)",47.53579287354905,67.12069320264308,0.7623347607758358,204.2447523761276,625.5360713023487
"(113, 1088.4730257269127)",47.41118605977757,67.4733285619973,0.7663398800882182,206.8385529065416,627.3017351082808
"(114, 1088.4730257269127)",47.28633364446197,67.82763403811836,0.7703639749815963,209.45881438920364,629.0615923700261
"(115, 1088.4730257269127)",47.16123962813756,68.18362656266001,0.7744072083319538,212.105605230181,630.8157519676325
"(116, 1088.4730257269127)",47.03593212563618,68.5412697194507,0.7784692016958594,214.77899594866133,632.5637314564451
"(117, 1088.4730257269127)",46.91043822311144,68.90052792771947,0.7825495382833776,217.4790543076086,634.305009408898
"(118, 1088.4730257269127)",46.78478389451276,69.26136630406586,0.7866478219003367,220.20584778524864,636.0390871000964
"(119, 1088.4730257269127)",46.6589940291287,69.62375071035021,0.7907636648168758,222.95944320877487,637.7654756693521
"(120, 1088.4730257269127)",46.53309241631005,69.98764776115806,0.7948966878525251,225.73990685456602,639.4836961125733
"(1, 1089.073932710384)",NaN,NaN,NaN,NaN,NaN
"(2, 1089.073932710384)",53.6016604890349,46.82344381349969,0.5318052742874853,61.79349653517142,517.3817649692247
"(3, 1089.073932710384)",53.60229754236602,46.829103818510106,0.5318695658100396,61.85819509030843,517.3870846353959
"(4, 1089.073932710384)",53.60317948695508,46.83704123709845,0.5319597057187663,61.94873789770159,517.3947108528939
"(5, 1089.073932710384)",53.60429500235545,46.84726996525113,0.532075891332009,62.06508929573777,517.4048941775962
"(6, 1089.073932710384)",53.6056307920929,46.85980817426901,0.5322183098323519,62.20720299900118,517.417884750592
"(7, 1089.073932710384)",53.60717073016462,46.87467865493627,0.5323871763806407,62.37502154944893,517.4339743559924
"(8, 1089.073932710384)",53.608891817632575,46.89191048822615,0.5325828933259275,62.56847555431676,517.4536705744259
"(9, 1089.073932710384)",53.610768681653546,46.91153884370227,0.5328058295525351,62.787482763751605,517.4774573980463
"(10, 1089.073932710384)",53.6127692317091,46.933609831283206,0.5330565050442175,63.031946787784214,517.5059975175744
"(11, 1089.073932710384)",53.6148585875468,46.95816542772325,0.5333354114969856,63.30175503217282,517.5399390205603
"(12, 1089.073932710384)",53.61699238046736,46.98527132827321,0.5336432593795343,63.59678190999311,517.5801812468638
"(13, 1089.073932710384)",53.61911988244851,47.01499908135587,0.5339808945398968,63.91687958425943,517.6277932245148
"(14, 1089.073932710384)",53.62119077195547,47.047412255681515,0.5343490360797964,64.26188716116462,517.6837190022621
"(15, 1089.073932710384)",53.62314903792147,47.08258868422351,0.5347485541983323,64.63162651292642,517.7490844190432
"(16, 1089.073932710384)",53.62493545702971,47.12060521664501,0.5351803399547161,65.02590464202423,517.8250529017387
"(17, 1089.073932710384)",53.62649162149951,47.16153809855801,0.5356452273753969,65.44451583822494,517.9127384770463
"(18, 1089.073932710384)",53.62775559418746,47.2054624453018,0.536144121317282,65.88724328832969,518.0133434142359
"(19, 1089.073932710384)",53.62866894254782,47.25244970546854,0.5366778066360528,66.35386161032501,518.127947861184
"(20, 1089.073932710384)",53.62917299799368,47.30256775063051,0.5372470007107472,66.84413941266055,518.2575644882514
"(21, 1089.073932710384)",53.62920787440353,47.355880918092474,0.537852508697018,67.35775064479594,518.4033962200115
"(22, 1089.073932710384)",53.6287149254794,47.412449186894406,0.5384949970651994,67.89472949685567,518.5661347018078
"(23, 1089.073932710384)",53.62763703612744,47.472328252162924,0.5391751080096719,68.4545694853139,518.7469858143257
"(24, 1089.073932710384)",53.62591781050881,47.535569949417734,0.5398933681176058,69.03710850595196,518.946685154144
"(25, 1089.073932710384)",53.623499078650504,47.60222303945549,0.5406503953571352,69.64217255575842,519.1660797372608
"(26, 1089.073932710384)",53.620323886541506,47.672332678179835,0.5414466756643819,70.26948269988398,519.4059777188882
"(27, 1089.073932710384)",53.61633494267471,47.745941345119135,0.5422827048422864,70.9188464704359,519.6671115329774
"(28, 1089.073932710384)",53.611474758018076,47.82308900331048,0.5431589189496809,71.59005446562131,519.9501654816283
"(29, 1089.073932710384)",53.605688014673476,47.903807547668315,0.5440756912364484,72.28291050197681,520.2557422450226
"(30, 1089.073932710384)",53.59891032144344,47.988149764293226,0.5450336257813643,72.9972297588136,520.5846845302965
"(31, 1089.073932710384)",53.591089930447474,48.076132192740474,0.5460329081425965,73.73283824483721,520.9373684153082
"(32, 1089.073932710384)",53.58216755947328,48.16779255556094,0.5470739570329223,74.48957374976908,521.3144121195072
"(33, 1089.073932710384)",53.57208569749338,48.26316103862658,0.5481571045546314,75.26728685843533,521.7163267420143
"(34, 1089.073932710384)",53.56078685366753,48.36226632089737,0.5492827156120198,76.06584025650145,522.1436470049205
"(35, 1089.073932710384)",53.54821194130607,48.46514205470737,0.5504511443132843,76.88510955640672,522.5968829457931
"(36, 1089.073932710384)",53.534314329417676,48.57179404824084,0.5516624418098994,77.72498303448283,523.0762019960376
"(37, 1089.073932710384)",53.519029111656536,48.68226586945547,0.5529171728486774,78.58536147735028,523.5823184200659
"(38, 1089.073932710384)",53.50230851778105,48.79657283300608,0.5542154176289764,79.46615816298284,524.1154062829344
"(39, 1089.073932710384)",53.48409939020496,48.91473553089249,0.5555574886981653,80.36729868134628,524.6758803818693
"(40, 1089.073932710384)",53.464352668111104,49.03677257131247,0.5569435198439414,81.28872040496417,525.2639490490409
"(41, 1089.073932710384)",53.443018796493604,49.16270099882401,0.558373797733792,82.23037332729096,525.8799744930825
"(42, 1089.073932710384)",53.420053211438386,49.29253569631264,0.5598484062199868,83.1922169843476,526.5240884992941
"(43, 1089.073932710384)",53.395410765541484,49.42628999687047,0.5613675419088892,84.1742225117536,527.1965340509217
"(44, 1089.073932710384)",53.36905017987744,49.56397514155721,0.5629313361102395,85.17637336406683,527.8974706994228
"(45, 1089.073932710384)",53.34093294201968,49.70560047673488,0.5645398684871958,86.19866024946936,528.626994495684
"(46, 1089.073932710384)",53.3110211053487,49.85117356588623,0.5661932333358,87.24108538759748,529.3852059154303
"(47, 1089.073932710384)",53.27928110871301,50.00069993803092,0.5678915033313983,88.30365940356123,530.1721734823768
"(48, 1089.073932710384)",53.24568073610115,50.15418318711753,0.5696347207092154,89.38640219104924,530.9879233001172
"(49, 1089.073932710384)",53.21019194434949,50.311624787395964,0.5714228766139778,90.48934210549554,531.8324173691699
"(50, 1089.073932710384)",53.172787431136584,50.47302462569756,0.5732560274408306,91.61251525240004,532.7056810025172
"(51, 1089.073932710384)",53.133445103301256,50.63838044968851,0.5751340605539723,92.7559643535526,533.6075488096542
"(52, 1089.073932710384)",53.09220570497424,50.80753625003979,0.5770552886818104,93.91974153899257,534.5361310970327
"(53, 1089.073932710384)",53.04886280093772,50.98094154148495,0.579024782153287,95.10390287616784,535.496893760286
"(54, 1089.073932710384)",53.003590503168276,51.15813292422598,0.5810372550133284,96.30851272118747,536.4840156474244
"(55, 1089.073932710384)",52.95631300801879,51.339252658913956,0.5830943441684142,97.53364002363166,537.4992105210454
"(56, 1089.073932710384)",52.90701944401747,51.52428924776146,0.5851959326697379,98.77935991777119,538.5422758809814
"(57, 1089.073932710384)",52.855703550259115,51.71322934359289,0.5873418555341948,100.04575280274355,539.6129516492962
"(58, 1089.073932710384)",52.80236055973516,51.90605800414467,0.5895319294489034,101.33290307844666,540.7109537848112
"(59, 1089.073932710384)",52.74698785693727,52.10275867715272,0.5917659948195805,102.6409002909325,541.8360189315008
"(60, 1089.073932710384)",52.68958574554425,52.30331306099459,0.5940438212192607,103.96983721104817,542.9878033665163
"(61, 1089.073932710384)",52.63015807802958,52.50769909374208,0.5963651774471452,105.31981179343195,544.1659573404565
"(62, 1089.073932710384)",52.56870781567165,52.715901502742874,0.5987298725409108,106.69092360110292,545.3701733182137
"(63, 1089.073932710384)",52.505244827406806,52.92789117599776,0.6011375797829591,108.08327564821602,546.5999924660136
"(64, 1089.073932710384)",52.439777753959994,53.143645728708385,0.6035880536021386,109.49697659928857,547.8550386741987
"(65, 1089.073932710384)",52.37396914139169,53.35930192456389,0.6060374040674308,110.93213656648459,549.0874024508244
"(66, 1089.073932710384)",52.30288582881734,53.58634435499768,0.6086160036792818,112.38885666694671,550.4389679705263
"(67, 1089.073932710384)",52.23148711475834,53.813232451124854,0.6111929839755507,113.86726084268214,551.7670858605655
"(68, 1089.073932710384)",52.13982612615959,54.08610376647037,0.6142921803801521,115.36789133149767,553.6417093883512
"(69, 1089.073932710384)",52.08288548262766,54.277936850078056,0.6164709424482395,116.88957113226137,554.4928625615196
"(70, 1089.073932710384)",52.00572282693065,54.515689518077615,0.6191712738488971,118.43371135373192,555.8895828781847
"(71, 1089.073932710384)",51.92668404815389,54.75699816579979,0.6219119749793458,119.9999974837013,557.3081229067368
"(72, 1089.073932710384)",51.845794028169536,55.00182814421636,0.62469268317345,121.58855392267664,558.7479632764345
"(73, 1089.073932710384)",51.763080054360465,55.250145255555786,0.6275129794645479,123.19949679650026,560.2085315757654
"(74, 1089.073932710384)",51.678572368058376,55.501908306688954,0.6303724220391158,124.8329075139612,561.6892652283486
"(75, 1089.073932710384)",51.595792446839184,55.749099709484014,0.6331799419425754,126.4890405805629,563.0907289041704
"(76, 1089.073932710384)",51.50429428719297,56.0156324465386,0.6362071329579663,128.16785216575258,564.7087521431779
"(77, 1089.073932710384)",51.41458851013576,56.277514082397154,0.6391814997204774,129.8695478470767,566.2463617692249
"(78, 1089.073932710384)",51.323217236574266,56.54268859464855,0.6421932636449625,131.59423693525662,567.8017062626792
"(79, 1089.073932710384)",51.230215412753005,56.811115033725976,0.6452419587154433,133.3420359557193,569.3741615722598
"(80, 1089.073932710384)",51.135619592313844,57.0827516684778,0.6483271056428873,135.11306326248544,570.9630873627544
"(81, 1089.073932710384)",51.03946663972566,57.35755602260726,0.6514482504399957,136.9074400929131,572.5678679710722
"(82, 1089.073932710384)",50.94179533373786,57.635485254551625,0.6546048845873257,138.72528319436316,574.1878328345828
"(83, 1089.073932710384)",50.84255489354476,57.916697330301055,0.6577988024293151,140.56670970379093,575.8248189900842
"(84, 1089.073932710384)",50.74205319043183,58.200543377504935,0.6610226266618617,142.43183586532984,577.4706757638519
"(85, 1089.073932710384)",50.640062776295025,58.48758392305543,0.6642827360977167,144.3207764863472,579.1322353472073
"(86, 1089.073932710384)",50.53671377167123,58.777572254395764,0.6675763463466167,146.23364405415003,580.8063528459892
"(87, 1089.073932710384)",50.43204789834362,59.07046328159488,0.6709028966847703,148.1705552404412,582.4923009188301
"(88, 1089.073932710384)",50.32610693305602,59.36621149990887,0.6742618890998883,150.13161008817488,584.1894371505732
"(89, 1089.073932710384)",50.21893236135863,59.664771138390286,0.6776528553829168,152.11694010895084,585.8971201153433
"(90, 1089.073932710384)",50.110566304394176,59.96609617961401,0.6810752134064691,154.12663097498373,587.6146301611637
"(91, 1089.073932710384)",50.00105430799772,60.27013740578921,0.6845283998363821,156.16080000263855,589.3412364591163
"(92, 1089.073932710384)",49.8904329199892,60.576858530646696,0.6880120541457222,158.219549380824,591.0764441798074
"(93, 1089.073932710384)",49.77875051639239,60.88620345697875,0.6915254756948309,160.3029821047849,592.8193872796037
"(94, 1089.073932710384)",49.66609277272654,61.198026925944426,0.6950670653042267,162.4112008071325,594.5682215012071
"(95, 1089.073932710384)",49.55236549590235,61.512590023455815,0.6986397697657544,164.54430490252943,596.3260567041381
"(96, 1089.073932710384)",49.437748261922195,61.82953949480844,0.7022395598269936,166.70239219532797,598.088406930265
"(97, 1089.073932710384)",49.3222361787869,62.148931895731366,0.7058671363004488,168.88556213760984,599.8559359641366
"(98, 1089.073932710384)",49.20587231140688,62.47072162337947,0.7095219273147145,171.0939055328243,601.6279301920631
"(99, 1089.073932710384)",49.088698348514605,62.79486333343614,0.7132034064349575,173.3275169714966,603.4037216970651
"(100, 1089.073932710384)",48.970743140408544,63.121334692989976,0.7169113632476501,175.58648787857675,605.1829898983043
"(101, 1089.073932710384)",48.852138076157345,63.44989110666585,0.720642997736848,177.87090785214824,606.9625957733213
"(102, 1089.073932710384)",48.73271532749267,63.78094998477063,0.7244030409848758,180.18086436012774,608.7476043526325
"(103, 1089.073932710384)",48.6127000198391,64.11405121417104,0.7281863044722986,182.51644355779115,610.5322787996961
"(104, 1089.073932710384)",48.49207292939738,64.44928231007047,0.7319937415579975,184.8777300766619,612.317572761295
"(105, 1089.073932710384)",48.37087161942955,64.7866000658656,0.7358249069707947,187.26480748484923,614.1029177360866
"(106, 1089.073932710384)",48.249133670351064,65.12596172773728,0.7396792624764994,189.67775681639014,615.8876465132075
"(107, 1089.073932710384)",48.126895270088774,65.46732534954769,0.7435563569459385,192.11665676587714,617.6711890850422
"(108, 1089.073932710384)",48.004191968429396,65.8106491510057,0.7474557112212089,194.5815847306707,619.4529462158483
"(109, 1089.073932710384)",47.88105884089955,66.15589230310687,0.7513768585962641,197.07262371859937,621.2323266204082
"(110, 1089.073932710384)",47.757528863539385,66.50301414747716,0.7553193638924897,199.58984312720898,623.0087869594903
"(111, 1089.073932710384)",47.63363624903558,66.8519751820196,0.7592827532003024,202.13331896555846,624.7817351014628
"(112, 1089.073932710384)",47.50941254959862,67.20273621512186,0.7632665632966911,204.70312460176615,626.5505931941004
"(113, 1089.073932710384)",47.38488858177569,67.55525870268654,0.7672704103204584,207.29933119634006,628.3148720236716
"(114, 1089.073932710384)",47.26009436865699,67.90950488560047,0.7712938274706029,209.9220103072489,630.0739916514051
"(115, 1089.073932710384)",47.13505993616748,68.26543780974477,0.775336393575335,212.57123110086576,631.8274242237105
"(116, 1089.073932710384)",47.009812574316015,68.62302104627794,0.779397706382016,215.24706249501435,633.574662739901
"(117, 1089.073932710384)",46.884379509990225,68.98221898046118,0.7834773585437742,217.9495725510134,635.3151955077983
"(118, 1089.073932710384)",46.758786687483976,69.34299674053692,0.7875749535536009,220.67882850900358,637.0485234618145
"(119, 1089.073932710384)",46.633058983605224,69.70532017373382,0.7916901039579028,223.4348969631877,638.7741580421383
"(120, 1089.073932710384)",46.50722016235261,70.06915590004013,0.7958224304900063,226.2178439620929,640.4916201507946
"(1, 1089.5266188832504)",53.57717019064552,46.889164251742905,0.532551708757412,61.99556849613223,518.2336941268284
"(2, 1089.5266188832504)",53.57755704741819,46.89255286063429,0.5325901894504936,62.03441511303779,518.2367732493484
"(3, 1089.5266188832504)",53.5781958576224,46.89820709623374,0.5326544289020375,62.09914269840745,518.2420362564181
"(4, 1089.5266188832504)",53.57908161313696,46.90613613372335,0.5327444541907068,62.189726344347974,518.2495375588555
"(5, 1089.5266188832504)",53.58020174661533,46.916354099558134,0.5328605156336527,62.30613027629551,518.2595856584235
"(6, 1089.5266188832504)",53.58154334486847,46.92887896806402,0.5330027884095409,62.448308404876926,518.2724175063147
"(7, 1089.5266188832504)",53.58308983053059,46.94373357332292,0.5331714905526461,62.616203390099315,518.2883279966682
"(8, 1089.5266188832504)",53.58481998820204,46.96094651519682,0.5333669841294106,62.8097459405402,518.3077809019329
"(9, 1089.5266188832504)",53.58670699567166,46.98055316385626,0.5335896661295475,63.028853751835065,518.3312910573333
"(10, 1089.5266188832504)",53.588719331303935,47.00259640017309,0.5338400359437254,63.27343145561831,518.3594979306619
"(11, 1089.5266188832504)",53.59082101680737,47.02712693841814,0.5341186376077952,63.543366688003616,518.3931066273457
"(12, 1089.5266188832504)",53.592968599018874,47.054203952741055,0.5344261731321247,63.838531888871934,518.4330095664866
"(13, 1089.5266188832504)",53.59511385761817,47.08389342643754,0.5347633807005231,64.15878250845405,518.4801555687633
"(14, 1089.5266188832504)",53.59720519193075,47.116266690184325,0.5351310584006558,64.50395666622488,518.5355760524568
"(15, 1089.5266188832504)",53.59918523468947,47.15139908876275,0.535530079850552,64.8738766430187,518.6004005668303
"(16, 1089.5266188832504)",53.60099638114898,47.18936701677311,0.5359613213162587,65.26835020569234,518.6757760602104
"(17, 1089.5266188832504)",53.602579572229835,47.23024667874511,0.5364256217423365,65.68717168723727,518.7628222520361
"(18, 1089.5266188832504)",53.603875284188284,47.274112637168194,0.5369238076929268,66.13012476148232,518.8626560321128
"(19, 1089.5266188832504)",53.604822606511505,47.32103670790189,0.5374567782707066,66.59698459479851,518.9764818303693
"(20, 1089.5266188832504)",53.60536271279063,47.371087001583454,0.5380252209739425,67.08751956770195,519.1052803139512
"(21, 1089.5266188832504)",53.60543664623293,47.42432759352149,0.5386299163265247,67.60149542121427,519.2501361433923
"(22, 1089.5266188832504)",53.60498692140209,47.48081826681578,0.5392715198125205,68.13867475785095,519.4120008835164
"(23, 1089.5266188832504)",53.603955133291564,47.540615250363594,0.5399506861418246,68.69882215841865,519.5918232773746
"(24, 1089.5266188832504)",53.60228425874011,47.60377061559222,0.540667976032177,69.28170434682582,519.7904475179622
"(25, 1089.5266188832504)",53.59991700283991,47.6703331855196,0.5414239707164252,69.8870925647562,520.0087356322547
"(26, 1089.5266188832504)",53.596795072323985,47.74034860156847,0.5422191872423087,70.5147645728379,520.2474731968988
"(27, 1089.5266188832504)",53.592862570944284,47.81385936876851,0.5430540762974428,71.16450427807075,520.5073673410488
"(28, 1089.5266188832504)",53.58806017492417,47.89090596490643,0.5439291601058822,71.83610940317203,520.789189318996
"(29, 1089.5266188832504)",53.5823307247389,47.97152629843911,0.5448448237513966,72.52938019368132,521.0935584442184
"(30, 1089.5266188832504)",53.575616711920915,48.055756163172,0.5458014716424329,73.24413288711158,521.4210990929706
"(31, 1089.5266188832504)",53.567858934559325,48.143629766220386,0.5467995181777057,73.9801927620697,521.7724374850765
"(32, 1089.5266188832504)",53.55900084446088,48.2351792824174,0.5478392841930272,74.73739947370396,522.1480835245451
"(33, 1089.5266188832504)",53.5489830411416,48.33043525091102,0.548921191751399,75.51560281003553,522.5486472722306
"(34, 1089.5266188832504)",53.53774893377897,48.429427253138265,0.5500455072317615,76.31466544642139,522.9745562797223
"(35, 1089.5266188832504)",53.5252426669997,48.532181883775614,0.5512125578199649,77.134461695574,523.4262927120005
"(36, 1089.5266188832504)",53.5113941314279,48.63875932187796,0.552423031884362,77.97488464200926,523.9047134801939
"(37, 1089.5266188832504)",53.49618861839498,48.7490813918223,0.5536760515086966,78.83583116058908,524.4089651963095
"(38, 1089.5266188832504)",53.479534271251914,48.863272568279655,0.5549729645293233,79.71721514551781,524.9406024697299
"(39, 1089.5266188832504)",53.461390284912575,48.98131970785921,0.5563137156534845,80.61896273973856,525.4996389145804
"(40, 1089.5266188832504)",53.44170807623755,49.10324157539452,0.5576984613081012,81.54101173004712,526.0863071753597
"(41, 1089.5266188832504)",53.42043833249676,49.22905535969645,0.5591274153195114,82.48331194982167,526.7008903881764
"(42, 1089.5266188832504)",53.39753589300994,49.35877620816359,0.5606007321847231,83.445822330911,527.3435979497849
"(43, 1089.5266188832504)",53.37295605766158,49.49241759610799,0.5621185902172174,84.42851626352764,528.0146507472567
"(44, 1089.5266188832504)",53.346657222073304,49.6299909765422,0.5636810986166574,85.43137438708335,528.7141871171194
"(45, 1089.5266188832504)",53.31859790248748,49.77150603877784,0.5652884532771829,86.45438877292224,529.4424284199091
"(46, 1089.5266188832504)",53.28874686023639,49.91696997972063,0.5669405270406568,87.49756217825053,530.1992333562442
"(47, 1089.5266188832504)",53.257064445991986,50.066388789129675,0.5686375712247652,88.56090493419225,530.9848654123097
"(48, 1089.5266188832504)",53.223521057540445,50.219766140939335,0.570379587955968,89.64443657131021,531.7993073743771
"(49, 1089.5266188832504)",53.188087271102205,50.37710363410785,0.5721665674183558,90.7481857246013,532.6425199127552
"(50, 1089.5266188832504)",53.1507368602833,50.53840116954927,0.5739985438877881,91.87218844858786,533.5145043173831
"(51, 1089.5266188832504)",53.11144645419605,50.70365649814183,0.5758754658421589,93.01648766762823,534.415161529196
"(52, 1089.5266188832504)",53.07019552553378,50.87286560421038,0.5777972918428035,94.18113435144356,535.3443954299448
"(53, 1089.5266188832504)",53.02696587168489,51.04602246481315,0.5797639336826182,95.36618678390319,536.3020516317729
"(54, 1089.5266188832504)",52.98174192138862,51.223119349358505,0.5817753350188836,96.5717071063649,537.2880066064296
"(55, 1089.5266188832504)",52.93451137764909,51.40414648619804,0.5838313877187561,97.79776556932813,538.3020722898042
"(56, 1089.5266188832504)",52.88526361171162,51.58909259412484,0.585931966023816,99.04443667446432,539.3440371630795
"(57, 1089.5266188832504)",52.833992225436646,51.77794420708099,0.5880768609599113,100.311798104456,540.4135958606715
"(58, 1089.5266188832504)",52.78068994097179,51.97068664189251,0.5902660448946848,101.59994225032419,541.5106258853707
"(59, 1089.5266188832504)",52.725361401383566,52.167302940579624,0.5924990599067493,102.90895038438866,542.6345470473163
"(60, 1089.5266188832504)",52.6680002035566,52.36777492811504,0.5947759611278728,104.23891720515041,543.7853247155364
"(61, 1089.5266188832504)",52.608611840188104,52.57208281146887,0.5970964078415192,105.58994348261305,544.9624869002917
"(62, 1089.5266188832504)",52.54719985987879,52.78020487639432,0.5994602203490376,106.96212503977578,546.1657419921195
"(63, 1089.5266188832504)",52.48377429809381,52.992118171783154,0.601867056469762,108.35556819261608,547.394610860098
"(64, 1089.5266188832504)",52.418344232847645,53.207798281901105,0.6043166633004795,109.77037744798255,548.6487134525966
"(65, 1089.5266188832504)",52.35092149076204,53.427219252923386,0.6068087693181852,111.20666189229507,549.9276448516534
"(66, 1089.5266188832504)",52.2815198834189,53.65035367885257,0.6093430636183738,112.66453330109657,551.2309545429915
"(67, 1089.5266188832504)",52.21015641953603,53.87717289142802,0.6119192109812102,114.14410404077353,552.5581649292908
"(68, 1089.5266188832504)",52.11380306320709,54.16094773288278,0.6151422338363451,115.64617289608384,554.5676652679191
"(69, 1089.5266188832504)",52.06162009044531,54.341744596157874,0.6171956530656624,117.16880268348267,555.2822903905881
"(70, 1089.5266188832504)",51.98448904221168,54.57943340311879,0.6198952600232869,118.71416558146129,556.6782211334638
"(71, 1089.5266188832504)",51.905481150945036,54.82067981258388,0.6226352367065203,120.28169354368217,558.0959707027451
"(72, 1089.5266188832504)",51.82462168483529,55.06544907329601,0.6254152475718168,121.87150764311383,559.5350524418387
"(73, 1089.5266188832504)",51.74193815110804,55.31370538324573,0.6282348661639375,123.48372630803976,560.9948832881264
"(74, 1089.5266188832504)",51.65745916213499,55.56541197173834,0.6310936801010035,125.11847053483271,562.4748929442013
"(75, 1089.5266188832504)",51.570027791843735,55.823249323156645,0.6340221083522208,126.77586269653565,564.0081013136894
"(76, 1089.5266188832504)",51.48323909295313,56.079024279319505,0.6369271030026509,128.4560176359446,565.4930153736375
"(77, 1089.5266188832504)",51.3935619292951,56.340851759104964,0.6399008640027097,130.15906134885395,567.0299634284889
"(78, 1089.5266188832504)",51.30221915807534,56.605973327711474,0.6429120134840491,131.88511188484884,568.5846404058499
"(79, 1089.5266188832504)",51.209246037482224,56.87434791898644,0.6459601138526639,133.6342906235528,570.1564481557797
"(80, 1089.5266188832504)",51.11464670951258,57.14600351237113,0.6490455170274885,135.40671314553543,571.7456545227552
"(81, 1089.5266188832504)",51.01855297202081,57.42068807965823,0.6521652884484727,137.20250421818898,573.3489374580952
"(82, 1089.5266188832504)",50.9209094442065,57.698568240301235,0.6553213757486757,139.02177536331484,574.9683074380598
"(83, 1089.5266188832504)",50.82178726533462,57.979530203280895,0.6585124385056256,140.8646468702392,576.6021837473593
"(84, 1089.5266188832504)",50.72122498511885,58.26353083547449,0.6617380224473034,142.73123365492563,578.2499565285733
"(85, 1089.5266188832504)",50.61926321325482,58.550524572916075,0.6649975914114998,144.6216501967208,579.9109271393559
"(86, 1089.5266188832504)",50.51594289714214,58.84046682322276,0.6682906760544054,146.5360099127499,581.584470800008
"(87, 1089.5266188832504)",50.41130693427919,59.1333124062112,0.6716167002268092,148.47442554416378,583.2698470394772
"(88, 1089.5266188832504)",50.30539472293047,59.429015522792014,0.6749752137571794,150.43700658037622,584.9664558944826
"(89, 1089.5266188832504)",50.198250822646706,59.7275308178772,0.6783656132725289,152.4238655871278,586.6735274083532
"(90, 1089.5266188832504)",50.08991512590479,60.02881183609986,0.681787488990933,154.4351000605703,588.3905176166223
"(91, 1089.5266188832504)",49.98043185024064,60.3328126969581,0.6852402329239177,156.47083753297528,590.1166365673918
"(92, 1089.5266188832504)",49.869843443283955,60.63948713955932,0.6887233462420235,158.53116376142327,591.8512550156067
"(93, 1089.5266188832504)",49.758192006089565,60.9487889866267,0.6922362998036237,160.6161856745545,593.5936895187397
"(94, 1089.5266188832504)",49.645520582918415,61.26067197480751,0.695778576055166,162.72600958312174,595.3432698776659
"(95, 1089.5266188832504)",49.53187142043626,61.575089997529425,0.6993496300210476,164.86072988429493,597.0993079297891
"(96, 1089.5266188832504)",49.41728746334478,61.89199700882534,0.7029489402857039,167.02044820246905,598.8611339545778
"(97, 1089.5266188832504)",49.30180919004174,62.211347027020416,0.7065760269801442,169.20525751759934,600.6281321420375
"(98, 1089.5266188832504)",49.185480068657924,62.53309447880434,0.7102303415672235,171.41525609286617,602.399606583167
"(99, 1089.5266188832504)",49.06834074577491,62.85719391019645,0.7139113289889362,173.65053448984435,604.1748619659191
"(100, 1089.5266188832504)",48.95043146011476,63.18360003411419,0.7176185355570392,175.91118393163168,605.9533127617789
"(101, 1089.5266188832504)",48.83179289854348,63.51226805254738,0.7213514520976722,178.1972931904701,607.7343154400297
"(102, 1089.5266188832504)",48.712465436570845,63.84315354746948,0.7251095454139339,180.5089509777016,609.5172003571124
"(103, 1089.5266188832504)",48.59248775566771,64.17621240280255,0.7288923181231564,182.846243188708,611.3013397059891
"(104, 1089.5266188832504)",48.47189897553437,64.51140094564579,0.7326992719200794,185.20925362989377,613.0861067634097
"(105, 1089.5266188832504)",48.35073613341471,64.84867596543671,0.7365299336655479,187.5980650713289,614.8709032616001
"(106, 1089.5266188832504)",48.22903750120019,65.1879948920861,0.7403838041877304,190.01275884703784,616.6551040055385
"(107, 1089.5266188832504)",48.106841210810046,65.52931063130025,0.7442603617955587,192.45341379697535,618.4380617589644
"(108, 1089.5266188832504)",47.98417618707366,65.87259609657843,0.7481592764177355,194.9201094600324,620.2193373615221
"(109, 1089.5266188832504)",47.861084005524766,66.21779578628906,0.7520799404206812,197.41292145820827,621.998193158253
"(110, 1089.5266188832504)",47.73759621545497,66.56487414520554,0.7560219397729666,199.9319231244601,623.7741047179366
"(111, 1089.5266188832504)",47.6137433810746,66.91379105950236,0.7599849075748343,202.47719527070387,625.5465914816049
"(112, 1089.5266188832504)",47.48956446645145,67.26450818859996,0.7639681676142841,205.0488036534338,627.3148509417895
"(113, 1089.5266188832504)",47.36508374214926,67.61698632544135,0.7679715063397244,207.64682335201047,629.0785753489862
"(114, 1089.5266188832504)",47.240334397338444,67.97118801710215,0.7719944008082854,210.2713222578192,630.8371270516328
"(115, 1089.5266188832504)",47.11534430546641,68.3270760976204,0.7760364609765795,212.92237361849797,632.5900078394383
"(116, 1089.5266188832504)",46.990142100721705,68.68461423570253,0.7800972615726176,215.6000433968487,634.336688404448
"(117, 1089.5266188832504)",46.864754717288946,69.04376680947499,0.784176398398314,218.3044001382934,636.0766598166665
"(118, 1089.5266188832504)",46.739208092903,69.40449893161751,0.7882734752149355,221.03551090360642,637.809423302672
"(119, 1089.5266188832504)",46.61352707901375,69.7667764628527,0.7923881042798298,223.79344211146494,639.5344899878464
"(120, 1089.5266188832504)",46.487735425680185,70.13056601926868,0.7965199064295029,226.57825963875305,641.2513808865862
"(1, 1089.8293670518015)",53.561071995167346,46.93536957162177,0.5330764938554569,62.156876994618514,518.8055408940676
"(2, 1089.8293670518015)",53.56145920870002,46.938755980767134,0.5331149622770995,62.195735252992755,518.8086066513036
"(3, 1089.8293670518015)",53.5621005947656,46.94440610906456,0.5331791281299514,62.260482356671424,518.8137893784249
"(4, 1089.8293670518015)",53.56298785897859,46.95232978640477,0.5332691219426223,62.35109317040092,518.821256464597
"(5, 1089.8293670518015)",53.564111371614494,46.96254051192335,0.533385097823661,62.467532217032705,518.8312113389909
"(6, 1089.8293670518015)",53.56545724519828,46.97505641308701,0.5335272469564191,62.609753442875586,518.8439084125288
"(7, 1089.8293670518015)",53.56700841423884,46.98990040383134,0.5336958448393129,62.77769946437276,518.859705315032
"(8, 1089.8293670518015)",53.56874386255838,47.00710092267622,0.5338911950333658,62.97130118181551,518.8790019759274
"(9, 1089.8293670518015)",53.57063689941127,47.02669323876494,0.534113722322274,63.19047666452261,518.9023432676429
"(10, 1089.8293670518015)",53.57265721427979,47.048719885041315,0.5343638969370605,63.435129853977465,518.9303377202733
"(11, 1089.8293670518015)",53.574761409554384,47.07324992093168,0.534642492577051,63.705149456939196,518.9639398273058
"(12, 1089.8293670518015)",53.57692533853026,47.10028749092683,0.5349495780298057,64.00040679869323,519.0033532301582
"(13, 1089.8293670518015)",53.57908209111418,47.129953283383536,0.5352865248843373,64.32076032703806,519.0502142790176
"(14, 1089.8293670518015)",53.581186021136034,47.16230020852659,0.5356539018029771,64.66604571189981,519.1053070488666
"(15, 1089.8293670518015)",53.58318128129122,47.19740308800369,0.5360525740075689,65.03608655329163,519.1697508838661
"(16, 1089.8293670518015)",53.58500882100904,47.235338629352995,0.5364834455188503,65.43069041397297,519.2447234496052
"(17, 1089.8293670518015)",53.5866106654526,47.27618272114856,0.5369473361087808,65.84965253621492,519.3313229153686
"(18, 1089.8293670518015)",53.58792648192754,47.32000998579986,0.5374451031046162,66.29275639660094,519.4307001449931
"(19, 1089.8293670518015)",53.58889640760548,47.36689202845874,0.5379775665203905,66.75977747095182,519.5439733380339
"(20, 1089.8293670518015)",53.589460648258694,47.416897037911355,0.5385455247397626,67.25048478736727,519.6722435683484
"(21, 1089.8293670518015)",53.5895616729326,47.47008903495993,0.5391496481721592,67.76464327612447,519.8164765375412
"(22, 1089.8293670518015)",53.589139978214085,47.526528229739014,0.5397906826925517,68.30201690627396,519.9777211530095
"(23, 1089.8293670518015)",53.58813890901417,47.586270553635444,0.5404692098808213,68.86236978335266,520.15684713205
"(24, 1089.8293670518015)",53.586500005765785,47.649368453919365,0.5411858702815281,69.4454689970329,520.3547854692632
"(25, 1089.8293670518015)",53.58416671247748,47.715870692841776,0.5419411744518882,70.05108445193228,520.572322680279
"(26, 1089.8293670518015)",53.58108077948909,47.7858232569737,0.5427356703075266,70.67899860528797,520.8102734423989
"(27, 1089.8293670518015)",53.57718499104503,47.85926892213924,0.5435698366046199,71.32899224547516,521.0693787297888
"(28, 1089.8293670518015)",53.572421342433245,47.93624809735994,0.5444441497815788,72.00086077186856,521.3503623796457
"(29, 1089.8293670518015)",53.56673163850581,48.016799182692296,0.5453590201611902,72.6944088054126,521.6538669528478
"(30, 1089.8293670518015)",53.5600583791746,48.100958000898295,0.5463148674921023,73.40945086659701,521.9805353833096
"(31, 1089.8293670518015)",53.55205850273188,48.189507955783654,0.5473205849906677,74.14581361615774,522.3402330986434
"(32, 1089.8293670518015)",53.543526502612686,48.28023487983922,0.5483510235097131,74.90333474820294,522.7057141255951
"(33, 1089.8293670518015)",53.53355153277464,48.37541622398023,0.5494320835051492,75.68186523686529,523.105354567504
"(34, 1089.8293670518015)",53.52236081323911,48.474332348658685,0.5505555468990465,76.48126805546283,523.5303351483834
"(35, 1089.8293670518015)",53.50989808350718,48.57701069157334,0.5517217138311824,77.30141768411563,523.9811084892569
"(36, 1089.8293670518015)",53.49610697728746,48.683477233715436,0.5529309341799007,78.14220696367256,524.4581630569699
"(37, 1089.8293670518015)",53.480931993465056,48.793756405770345,0.5541834464314543,79.00353230935526,524.9618623456225
"(38, 1089.8293670518015)",53.464321164456955,48.90787048490528,0.5554794793741062,79.88530898614948,525.4925404303968
"(39, 1089.8293670518015)",53.446219878495874,49.02584071083891,0.5568193739081041,80.78746257233965,526.0506432561099
"(40, 1089.8293670518015)",53.42658088081047,49.147685775334104,0.5582032443711524,81.7099307413662,526.6363577579089
"(41, 1089.8293670518015)",53.40535421784872,49.27342316296304,0.5596313267528545,82.65266301037342,527.2499916070499
"(42, 1089.8293670518015)",53.3824936732369,49.403068231074954,0.5611037855154558,83.615619790719,527.89176362796
"(43, 1089.8293670518015)",53.35795503701082,49.53663441840463,0.5626208036227783,84.59877267103191,528.5619016313564
"(44, 1089.8293670518015)",53.33169684981455,49.674133373804366,0.5641824620558151,85.60210358009661,529.2605119439195
"(45, 1089.8293670518015)",53.3036791929276,49.815574753006125,0.5657889166419151,86.62560482331219,529.9877720854705
"(46, 1089.8293670518015)",53.28853467612695,49.92475411868938,0.567028939538407,87.66960493032721,530.2951853468692
"(47, 1089.8293670518015)",53.24222160108398,50.1103134497259,0.5691364601938801,88.73313429352456,531.5284938856746
"(48, 1089.8293670518015)",53.20871567207738,50.26362028762329,0.5708776762035735,89.8171930003199,532.3420635206239
"(49, 1089.8293670518015)",53.17331867137438,50.42088842880512,0.572663875761643,90.9214829712206,533.1844262835223
"(50, 1089.8293670518015)",53.136004461137674,50.582117755677395,0.5744950527577128,92.04604037090424,534.0555393504252
"(51, 1089.8293670518015)",53.09674852253655,50.74730617019455,0.576371240980982,93.19090801777452,534.9553967273905
"(52, 1089.8293670518015)",53.05553155736215,50.91644968333428,0.5782923066465476,94.35613679169757,535.8838017318358
"(53, 1089.8293670518015)",53.01233533792649,51.08954226971245,0.5802582086589265,95.54178407574366,536.8406521936263
"(54, 1089.8293670518015)",52.967143911808336,51.26657621674727,0.5822688898714798,96.74791353487541,537.8258221677146
"(55, 1089.8293670518015)",52.919943893550546,51.44754176259114,0.5843242590888591,97.97459413328907,538.8391433025351
"(56, 1089.8293670518015)",52.87072654357637,51.63242758238431,0.5864241418223505,99.22190061311068,539.8803506930374
"(57, 1089.8293670518015)",52.819484916314885,51.82122039951201,0.5885683858312744,100.48991447488768,540.9491969223105
"(58, 1089.8293670518015)",52.76621308375424,52.01390520578512,0.5907568413851769,101.77871851329412,542.0454360150347
"(59, 1089.8293670518015)",52.71207496818238,52.20771152722857,0.5929580190346768,103.08840455326347,543.1346580195884
"(60, 1089.8293670518015)",52.65357574516612,52.410882705225994,0.5952655699862347,104.41905815015409,544.3188412156738
"(61, 1089.8293670518015)",52.594213216032664,52.61513704328388,0.5975854127222733,105.77078733757898,545.4953447689256
"(62, 1089.8293670518015)",52.536152449855955,52.81540460362047,0.5998599971566405,107.14369964942277,546.6013413714942
"(63, 1089.8293670518015)",52.469426499638836,53.035069559639595,0.6023548855289035,108.53785621537216,547.9261874211531
"(64, 1089.8293670518015)",52.40402006950598,53.2507001564216,0.6048039419398582,109.95340709187634,549.1796901428737
"(65, 1089.8293670518015)",52.3366206809936,53.4700727525682,0.6072955025456017,111.39044573080737,550.4580274218714
"(66, 1089.8293670518015)",52.26724177937782,53.693160134251144,0.6098292624849196,112.84908452315366,551.7607546204532
"(67, 1089.8293670518015)",52.195901215749046,53.91993351382769,0.6124048646521228,114.32943496793915,553.0873710553282
"(68, 1089.8293670518015)",52.12261612960468,54.15036280914319,0.6150220193874264,115.83161178109376,554.437446330826
"(69, 1089.8293670518015)",52.04740752581959,54.38441689062105,0.6176803289018729,117.35573147801465,555.8104304094619
"(70, 1089.8293670518015)",51.970297228042405,54.62206315512816,0.6203794329881763,118.90190980023024,557.2058149852294
"(71, 1089.8293670518015)",51.89130985126532,54.86326810493353,0.623118955649857,120.47026865880203,558.623068375061
"(72, 1089.8293670518015)",51.8104706000047,55.10799677320413,0.6258985037214349,122.06092333441117,560.0616468149898
"(73, 1089.8293670518015)",51.72780687527936,55.35621367804511,0.6287176679565138,123.67399647743954,561.5209816458927
"(74, 1089.8293670518015)",51.643347208573424,55.60788181164437,0.6315760487108456,125.30960584319679,563.0005195684219
"(75, 1089.8293670518015)",51.55712338186903,55.86296329837158,0.6344731593357058,126.96787326799071,564.4996083821983
"(76, 1089.8293670518015)",51.46916540848581,56.12141957708298,0.6374086326128842,128.648918506458,566.0177281273958
"(77, 1089.8293670518015)",51.37950730588285,56.38321106944625,0.6403819772798155,130.3528631809761,567.5542217892663
"(78, 1089.8293670518015)",51.28818324665983,56.6482973602427,0.6433927262910324,132.07982567750162,569.1084619819873
"(79, 1089.8293670518015)",51.19522809079006,56.916637358038194,0.6464404456809014,133.82992631892677,570.6798554341744
"(80, 1089.8293670518015)",51.10067900043954,57.18818920329358,0.6495246593356055,135.60328332668615,572.2677650415737
"(81, 1089.8293670518015)",51.004573706779276,57.46291046766118,0.6526448437401335,137.40001808571995,573.8714988772116
"(82, 1089.8293670518015)",50.90694939680385,57.74075800838034,0.6558005216254179,139.2202454213969,575.4904219738735
"(83, 1089.8293670518015)",50.807845599043425,58.02168819526101,0.6589912330346326,141.06408255776213,577.1239158330577
"(84, 1089.8293670518015)",50.70730200943001,58.30565689398956,0.6622164776170761,142.93164604808453,578.771318604607
"(85, 1089.8293670518015)",50.60535946351587,58.59261949934711,0.6654757047432635,144.82304957297282,580.4319165157297
"(86, 1089.8293670518015)",50.50205796988912,58.882531012047295,0.668768444254658,146.73840583439477,582.1050844718771
"(87, 1089.8293670518015)",50.3988525991064,59.170816660422645,0.6722386022773574,148.67783105853314,583.947539369187
"(88, 1089.8293670518015)",50.29154848795578,59.47101953429217,0.675452296034912,150.64142701043156,585.4863212509825
"(89, 1089.8293670518015)",50.184424072782235,59.769505040583425,0.6788423773840844,152.62931064206302,587.1930478303738
"(90, 1089.8293670518015)",50.07610901122932,60.07075675398039,0.6822638919406091,154.64158865741732,588.9096368585153
"(91, 1089.8293670518015)",49.96664617007303,60.37472850031866,0.6857163082320566,156.6783650830351,590.6354050946053
"(92, 1089.8293670518015)",49.856077844588036,60.6813740516735,0.6891991014186793,158.73974508827195,592.3696753835177
"(93, 1089.8293670518015)",49.74444826284066,60.990647161247544,0.6927117002145109,160.8258308826176,594.1117229115401
"(94, 1089.8293670518015)",49.63179813843003,61.30250164496344,0.6962536504236222,162.9367261018649,595.8609490468176
"(95, 1089.8293670518015)",49.51817096187233,61.61689121892156,0.6998243860268902,165.072528851164,597.6166388199374
"(96, 1089.8293670518015)",49.40360853907383,61.93376979457516,0.7034233912858029,167.23333644128564,599.3781328531526
"(97, 1089.8293670518015)",49.28815323405201,62.25309164300858,0.7070501444393967,169.41924388668284,601.1447675015896
"(98, 1089.8293670518015)",49.17184636725069,62.574810789135384,0.7107041394756916,171.63034898535778,602.9158935005303
"(99, 1089.8293670518015)",49.054730234919035,62.898881719861315,0.7143848126262214,173.8667417671544,604.6908064087003
"(100, 1089.8293670518015)",48.93684494331667,63.22525992360542,0.7180917008148202,176.12850527868892,606.4689185054782
"(101, 1089.8293670518015)",48.8182306725558,63.55389976705365,0.7218242697686741,178.41575285252893,608.249534192094
"(102, 1089.8293670518015)",48.69892701433565,63.88475695225594,0.725582070326628,180.72854742018797,610.0321010280168
"(103, 1089.8293670518015)",48.57897444434756,64.21778748769,0.7293645109416216,183.06698571957327,611.8158775899809
"(104, 1089.8293670518015)",48.45841049790049,64.55294756137297,0.7331711633005661,185.43114839498065,613.6003164455082
"(105, 1089.8293670518015)",48.33727416722702,64.89019417303707,0.7370014854271912,187.82111933185902,615.3847430474943
"(106, 1089.8293670518015)",48.21560158308085,65.22948449396135,0.7408550260472119,190.23697975095632,617.1685843632225
"(107, 1089.8293670518015)",48.09342928340816,65.57077626296602,0.7447313301963333,192.6787955036351,618.951278707881
"(108, 1089.8293670518015)",47.9707938123671,65.91402811134347,0.7486298478394258,195.14668438518902,620.7321088417389
"(109, 1089.8293670518015)",47.84772898013839,66.25919882139252,0.7525501889339031,197.6406764677907,622.5106196127585
"(110, 1089.8293670518015)",47.72426865403294,66.60624798196561,0.7564918696012252,200.16088056572187,624.2861748616153
"(111, 1089.8293670518015)",47.600446591525014,66.9551359120484,0.7604544140784566,202.70735037729017,626.0582023895828
"(112, 1089.8293670518015)",47.47629479810499,67.30582345731041,0.7644373789904538,205.28016452055678,627.8261403753476
"(113, 1089.8293670518015)",47.35184267441477,67.6582719377322,0.7684404038934378,207.87939622318214,629.5895227690339
"(114, 1089.8293670518015)",47.22712215906323,68.01244372777997,0.7724629844033065,210.50511378424247,631.3477315789587
"(115, 1089.8293670518015)",47.10216197489131,68.36830188485474,0.7765046899109989,213.15738811277754,633.1002266056818
"(116, 1089.8293670518015)",46.97698989906089,68.7258098819688,0.7805651481757279,215.83628723924636,634.8465341398028
"(117, 1089.8293670518015)",46.851632998632034,69.08493213466969,0.7846439406248046,218.5418788797613,636.5861302924009
"(118, 1089.8293670518015)",46.72611720081564,69.44563375466498,0.7887406710079179,221.27422997513236,638.3185162774399
"(119, 1089.8293670518015)",46.600467346089985,69.80788060246992,0.792854951580669,224.03340682664864,640.0432032183985
"(120, 1089.8293670518015)",46.47470717311169,70.17163929475224,0.7969864031855344,226.81947519640482,641.7597121361779
"(1, 1089.9810287885346)",53.55301425966975,46.95851144106039,0.5333393327880347,62.237744227887504,519.0920104178051
"(2, 1089.9810287885346)",53.553409449748614,46.96187641629962,0.5333775500069394,62.27660832408594,519.0948023651858
"(3, 1089.9810287885346)",53.55404453963544,46.96754476983596,0.53344192748298,62.34136516356491,519.1002157532726
"(4, 1089.9810287885346)",53.55493333381004,46.97546559270604,0.5335318897458015,62.43198963290017,519.1076484437195
"(5, 1089.9810287885346)",53.556057980316325,46.985672828468964,0.5336478227248744,62.54844628581867,519.1175565386014
"(6, 1089.9810287885346)",53.55740571600635,46.998184317582094,0.5337899236960465,62.690689042625515,519.1302011445446
"(7, 1089.9810287885346)",53.55895912940441,47.013022981119484,0.5339584571371909,62.85866061877775,519.1459278219563
"(8, 1089.9810287885346)",53.560697299652716,47.030217254022844,0.5341537459468151,63.052291918327306,519.1651576200318
"(9, 1089.9810287885346)",53.56259409940336,47.04980227808431,0.5343761816244819,63.27150115650935,519.1883990506321
"(10, 1089.9810287885346)",53.564618113646695,47.07182065359496,0.5346262601778411,63.516192223207625,519.2162888628025
"(11, 1089.9810287885346)",53.56673256664176,47.09632317559973,0.5349045476468429,63.786254107575736,519.2495550401958
"(12, 1089.9810287885346)",53.56889559173822,47.123368391362014,0.5352117233486716,64.08155889397159,519.2890659412981
"(13, 1089.9810287885346)",53.57106063057541,47.15302186889768,0.5355484276450609,64.40196269446909,519.3356634361766
"(14, 1089.9810287885346)",53.57316834872239,47.185356006738274,0.535915760586374,64.74730343698783,519.3907086309381
"(15, 1089.9810287885346)",53.57517060526866,47.22044430449431,0.5363142759786844,65.11740501157166,519.4549812736528
"(16, 1089.9810287885346)",53.57700622970805,47.25836510648488,0.5367449687891175,65.51207429372181,519.5297589841102
"(17, 1089.9810287885346)",53.58005150320185,47.295180784626204,0.5371631103445835,65.93111141161533,519.566488229023
"(18, 1089.9810287885346)",53.5799436097772,47.34299779228134,0.5377062013741858,66.37428608561015,519.7152724741999
"(19, 1089.9810287885346)",53.58092373896021,47.389859052596044,0.5382384604529215,66.84138782397851,519.8283230340537
"(20, 1089.9810287885346)",53.581501282042915,47.439841266482155,0.538806110445538,67.33218113618058,519.9562574447956
"(21, 1089.9810287885346)",53.58161505080019,47.493009096557174,0.5394099837440917,67.84643102554863,520.1002179946431
"(22, 1089.9810287885346)",53.58120812742397,47.549422430936566,0.5400507039289735,68.38390219259506,520.2611196738798
"(23, 1089.9810287885346)",53.580222043496214,47.60913742326129,0.5407289216331462,68.94435795772914,520.4399083396825
"(24, 1089.9810287885346)",53.57859935710613,47.67220658620777,0.5414452433070964,69.5275657975604,520.6374775349668
"(25, 1089.9810287885346)",53.57631019890675,47.738605012586405,0.5421993761752787,70.13329743355558,520.8537364184764
"(26, 1089.9810287885346)",53.57321470248661,47.80859992828946,0.5429943689641744,70.76133046433114,521.0922304456208
"(27, 1089.9810287885346)",53.569337914841235,47.88201287867876,0.5438281529523696,71.41145057686512,521.3509190623273
"(28, 1089.9810287885346)",53.5645933021523,47.95895849705865,0.5447020751774783,72.08345183155974,521.6314764536377
"(29, 1089.9810287885346)",53.55892349145501,48.039474904640414,0.5456165597289564,72.77713848822792,521.9345606092008
"(30, 1089.9810287885346)",53.55227050484009,48.12359828138109,0.5465720014024551,73.49232544380536,522.260786951851
"(31, 1089.9810287885346)",53.54457564991541,48.21136308877139,0.5475688062110858,74.22883915786684,522.6107715686021
"(32, 1089.9810287885346)",53.535780319962946,48.30280207759952,0.5486073353956931,74.98651793197358,522.9850699035607
"(33, 1089.9810287885346)",53.52582714625342,48.39794597644911,0.5496879499545281,75.76521246541641,523.3842247386806
"(34, 1089.9810287885346)",53.514658488024345,48.496824254443354,0.5508109837684567,76.56478563552699,523.8087371204402
"(35, 1089.9810287885346)",53.50221702154034,48.59946447000794,0.5519767433906713,77.38511374629515,524.2590648820137
"(36, 1089.9810287885346)",53.48844775520844,48.70589267413993,0.5531854999618688,78.22608464878714,524.7356157105505
"(37, 1089.9810287885346)",53.47329480803749,48.8161332732808,0.5544375825227079,79.08759993759023,525.2388466595389
"(38, 1089.9810287885346)",53.456691706464646,48.9302424737693,0.5557336046863296,79.9695732370425,525.7695129313238
"(39, 1089.9810287885346)",53.438626179880494,49.04814060842884,0.5570726525407002,80.87192999230491,526.3266929339653
"(40, 1089.9810287885346)",53.41900967565392,49.16994725227989,0.55845604552917,81.79460801771398,526.9118870213475
"(41, 1089.9810287885346)",53.397802858577045,49.295646618552794,0.5598837420462304,82.7375568084877,527.525100349037
"(42, 1089.9810287885346)",53.37496479486175,49.42525364686101,0.5613557228152608,83.70073697760239,528.166351292907
"(43, 1089.9810287885346)",53.35044503032286,49.55878243700901,0.5628723625079198,84.6841198161933,528.8360769468221
"(44, 1089.9810287885346)",53.32420678140756,49.696244245042394,0.5644336203858938,85.68768748733842,529.5342507437153
"(45, 1089.9810287885346)",53.296209545870255,49.837648809437496,0.5660396353088291,86.71143228599253,530.2610317430118
"(46, 1089.9810287885346)",53.2795823764903,49.95048985334538,0.567321237549437,87.75561968167341,530.6137664760465
"(47, 1089.9810287885346)",53.234791137769506,50.13231539237052,0.5693863445935424,88.8194695783819,531.8008440798305
"(48, 1089.9810287885346)",53.20130360072987,50.28558700183465,0.5711271737159997,89.90379237372275,532.6139920023307
"(49, 1089.9810287885346)",53.16592538281956,50.44282047429232,0.5729129600717393,91.00835296476563,533.4559046605134
"(50, 1089.9810287885346)",53.12862845672508,50.604015835137716,0.57474377065385,92.13318813135017,534.3266182957349
"(51, 1089.9810287885346)",53.089390453728676,50.76917084139926,0.5766195479635357,93.27834021304791,535.2260278958264
"(52, 1089.9810287885346)",53.048190327487596,50.93828147023538,0.5785402515637291,94.44386046418158,536.1540381308295
"(53, 1089.9810287885346)",53.00500998358929,51.11134194189956,0.5805058109588199,95.6298051935541,537.110515853063
"(54, 1089.9810287885346)",52.95983426347936,51.2883444676087,0.5825161529359846,96.83624005286039,538.0953156102433
"(55, 1089.9810287885346)",52.912650565314955,51.46927922844827,0.5845711413267388,98.06323239551678,539.1082216278899
"(56, 1089.9810287885346)",52.863448356668826,51.65413499352919,0.5866706684682624,99.31085754020211,540.1490412368919
"(57, 1089.9810287885346)",52.812220903723144,51.84289842125217,0.5888145905280657,100.57919636468705,541.2175367847939
"(58, 1089.9810287885346)",52.75896376459195,52.035554447382516,0.5910027196629286,101.86833231732773,542.3134200776931
"(59, 1089.9810287885346)",52.703257395900984,52.233072719954095,0.5932460631216331,103.17835537323883,543.4485988328267
"(60, 1089.9810287885346)",52.646353793352375,52.43247655128581,0.5955108042604748,104.50935763722396,544.5861214452959
"(61, 1089.9810287885346)",52.58700396726547,52.636704241048506,0.5978303732076176,105.86143692028261,545.76232830959
"(62, 1089.9810287885346)",52.52736466608014,52.84067823817139,0.6001470467866358,107.23469682570031,546.9141986551977
"(63, 1089.9810287885346)",52.46224187170203,53.0565853290326,0.6025992599910328,108.62922879593,548.1925325563057
"(64, 1089.9810287885346)",52.39684790734629,53.272191131425295,0.6050480283636323,110.04515116030498,549.4457212619614
"(65, 1089.9810287885346)",52.329459995626685,53.49153964425658,0.6075393073015242,111.48256807318494,550.723751128804
"(66, 1089.9810287885346)",52.26009048160885,53.71460901929766,0.6100728663599464,112.94159062802746,552.0262598829571
"(67, 1089.9810287885346)",52.18876286388379,53.94135390371607,0.612648171705198,114.42233184059661,553.3525526400499
"(68, 1089.9810287885346)",52.115489131426514,54.17176090239525,0.6152650392593093,115.92490567299113,554.702314796489
"(69, 1089.9810287885346)",52.04029083473012,54.4057931764421,0.617923115068137,117.44942833289959,556.0750443412845
"(70, 1089.9810287885346)",51.963190824576046,54.643418256039816,0.6206219892180518,118.9960170238872,557.4701772727916
"(71, 1089.9810287885346)",51.884213402175796,54.8846024668954,0.6233612709712031,120.56479053492248,558.887168905198
"(72, 1089.9810287885346)",51.80338415905954,55.129311081794356,0.626140591594875,122.15586692792617,560.3254992649173
"(73, 1089.9810287885346)",51.72073054901755,55.377508212383034,0.6289595223652216,123.76936719377046,561.7845800602191
"(74, 1089.9810287885346)",51.63628083190178,55.62915696581742,0.6318176711214558,125.4054104880928,563.2638646876477
"(75, 1089.9810287885346)",51.55006621689012,55.884219732628,0.6347145905470353,127.06411591204508,564.762746479506
"(76, 1089.9810287885346)",51.46211882925201,56.14265761963844,0.6376498080722511,128.74560740495377,566.2805864044502
"(77, 1089.9810287885346)",51.372469470508,56.40443107101801,0.640622971367747,130.45000289030463,567.8168825066803
"(78, 1089.9810287885346)",51.28115427951437,56.669499735133954,0.6436335426403926,132.17741984764203,569.3709311223422
"(79, 1089.9810287885346)",51.188208960056535,56.937822466363535,0.6466810641233548,133.9279758715113,570.9421156997273
"(80, 1089.9810287885346)",51.0936688977941,57.20935739153886,0.649765075361688,135.70181045501909,572.5297948585734
"(81, 1089.9810287885346)",50.99757290028057,57.48406205066935,0.6528850633670936,137.49901761063435,574.133315438898
"(82, 1089.9810287885346)",50.89995717934114,57.76189323199624,0.6560406044643944,139.31972368087924,575.7520893002734
"(83, 1089.9810287885346)",50.800862438824986,58.0428073622056,0.6592311279207389,141.1640449786764,577.3853780417967
"(84, 1089.9810287885346)",50.70032902708896,58.32676027225407,0.6624561624775361,143.03209610563556,579.0325533989338
"(85, 1089.9810287885346)",50.59839569507839,58.61370732550129,0.6657152247041255,144.9239947088569,580.6929707943362
"(86, 1089.9810287885346)",50.495104886954344,58.903603594131596,0.6690077525246914,146.8398505927521,582.3659077716163
"(87, 1089.9810287885346)",50.3904970043015,59.196403689139906,0.6723332732413869,148.7797776746965,584.0507351817133
"(88, 1089.9810287885346)",50.284615128827404,59.49206196811414,0.6756912589409503,150.74388546152596,585.7467681023511
"(89, 1089.9810287885346)",50.17749954319696,59.790532609105604,0.679081204890748,152.73228401062968,587.4533463271455
"(90, 1089.9810287885346)",50.06919470692547,60.09176965166985,0.682502546188999,154.74508008896282,589.1697473569167
"(91, 1089.9810287885346)",49.95974194584417,60.39572681653032,0.6859548061586938,156.78238011044925,590.8953452088437
"(92, 1089.9810287885346)",49.849184146361786,60.702357915605546,0.6894374293878621,158.84428822543396,592.6294303440707
"(93, 1089.9810287885346)",49.737564360936815,61.01161669236409,0.6929498934471144,160.93090819215305,594.3713295662382
"(94, 1089.9810287885346)",49.624925039857736,61.32345684522,0.6964916608686029,163.0423399042617,596.1203571519333
"(95, 1089.9810287885346)",49.51130911889702,61.63783222914562,0.700062214825892,165.17868301996998,597.875850111936
"(96, 1089.9810287885346)",49.39675729487086,61.95469666005878,0.7036610735486992,167.34003642174014,599.6371844433157
"(97, 1089.9810287885346)",49.2813130859621,62.27400425272303,0.7072876820305836,169.52649572280274,601.4036595863506
"(98, 1089.9810287885346)",49.16501806704896,62.595709314974535,0.7109414951811242,171.73815363369317,603.1745886922876
"(99, 1089.9810287885346)",49.047910454195936,62.919772980849814,0.714622088801773,173.97510451067092,604.9494150364973
"(100, 1089.9810287885346)",48.93003959085791,63.24613026049427,0.7183287481980901,176.23743858044503,606.7272693888895
"(101, 1089.9810287885346)",48.811437626314174,63.57475597504647,0.7220611578954671,178.52524226123998,608.5077214699019
"(102, 1089.9810287885346)",48.6921464702834,63.90559900252478,0.7258187894177235,180.83860912030735,610.2901016832716
"(103, 1089.9810287885346)",48.572206220057474,64.23861536486349,0.7296010771967893,183.1776196813327,612.0737130468467
"(104, 1089.9810287885346)",48.45165491042521,64.57376125031017,0.7334075554795804,185.54236031385378,613.8579615290635
"(105, 1089.9810287885346)",48.33053108301984,64.91099355673452,0.7372377317090729,187.93291267600256,615.6422285939784
"(106, 1089.9810287885346)",48.20887160541704,65.25026955954584,0.7410911106182376,190.3493571934551,617.4258939842492
"(107, 1089.9810287885346)",48.08671298976932,65.59154699456167,0.7449672223554112,192.7917740017845,619.2083654349036
"(108, 1089.9810287885346)",47.96409032546821,65.9347843510897,0.7488656011128063,195.26024046893872,620.9890578563422
"(109, 1089.9810287885346)",47.841039766000335,66.27994057795624,0.7527857659714002,197.7548321009561,622.7673715499157
"(110, 1089.9810287885346)",47.71759338035847,66.62697521532944,0.7567272684863564,200.2756292591492,624.5427373579472
"(111, 1089.9810287885346)",47.59378514740332,66.97584841307611,0.7606896754526219,202.82269955164892,626.3146154870163
"(112, 1089.9810287885346)",47.469647247025215,67.32652112536168,0.7646724800746239,205.3961141047531,628.0823824132656
"(113, 1089.9810287885346)",47.34533534463495,67.67868189988809,0.7686722133350985,207.9959567523721,629.8421731397784
"(114, 1089.9810287885346)",47.2205152646095,68.0330885585993,0.7726974471880139,210.62228470062993,631.6032737276358
"(115, 1089.9810287885346)",47.095559222279675,68.38895492366993,0.7767392603340161,213.27517195021932,633.3558861290969
"(116, 1089.9810287885346)",46.97040221810517,68.74644782765893,0.7807995471760882,215.95468687984172,635.1020068287729
"(117, 1089.9810287885346)",46.84506057205557,69.10555488941911,0.7848781673102002,218.66089710402508,636.8414151744065
"(118, 1089.9810287885346)",46.7195601915918,69.46624124140004,0.7889747240654944,221.3938695034845,638.5736119215734
"(119, 1089.9810287885346)",46.59392592613668,69.82847272283293,0.7930888301118861,224.15367032070347,640.2981086453456
"(120, 1089.9810287885346)",46.46818150380696,70.19221595774842,0.7972201061571895,226.9403652602723,642.0144262198457
