870	17	1.500116369207263
880	17	2.0467522960179667
890	17	3.701338804648397
900	17	-0.9776662802097531
910	17	-1.9711354165142099
920	17	-0.44608206850576104
930	17	3.654489906753512
940	17	0.1389581152961687
950	17	-0.32753677753863925
960	17	-0.12905823259113425
970	17	0.030793010248031934
980	17	0.02004689484588267
990	17	0.014628539825208137
1000	17	0.011330305838257542
1010	17	0.2473124229182607
1020	17	0.006554998126402132
1030	17	0.005386308536387119
1040	17	0.004394142107478897
1050	17	0.003632754937950562
1060	17	0.003074309456399943
1070	17	0.0026213387370718822
1080	17	0.0022235481302773238
1090	17	0.0019008440079984821
1100	17	0.0017042480398686923
1110	17	0.0010017565874343563
1120	17	0.0013705661596128693
1130	17	0.001142070688246019
1140	17	0.000986967231058122
1150	17	0.5957451078988641
1160	17	0.0011225811644906979
1170	17	0.0007622682091466844
1180	17	0.0007047858030402054
1190	17	0.0006450193026850499
1200	17	0.0005664010109863763
870	18	1.6732341464547897
880	18	2.4131121786772507
890	18	4.819574173153587
900	18	-1.4975942996599936
910	18	-2.0354409688345148
920	18	0.06867055571788491
930	18	3.7815226269848434
940	18	-0.3884462578843758
950	18	0.06683754826508652
960	18	0.09249832559862842
970	18	0.07690793434589735
980	18	0.021765387670455782
990	18	0.01575971552016774
1000	18	0.01200626653414268
1010	18	-0.0039048774216546905
1020	18	0.0072577443174199705
1030	18	0.005996403868352665
1040	18	0.004441470280860813
1050	18	0.004250147091467062
1060	18	0.002921228595982142
1070	18	0.002913257423725734
1080	18	0.0029317577797569913
1090	18	0.002127650786411751
1100	18	0.0017760800339099625
1110	18	0.0008385316194410304
1120	18	0.0020313465810881687
1130	18	0.001356747625255977
1140	18	0.0011876368115790966
1150	18	0.0010485595461132329
1160	18	0.0007039253938324232
1170	18	0.0009950420616683968
1180	18	0.0008378567542216114
1190	18	-0.12539673519755576
1200	18	0.0007243620452696703
870	19	1.887825884967155
880	19	2.9023773297104625
890	19	6.615606191317803
900	19	-1.9457382092953883
910	19	-2.0513865675268335
920	19	0.7069702493906983
930	19	3.4580628162387415
940	19	-0.7266255910607936
950	19	0.313551363733818
960	19	0.07874233192824613
970	19	0.034261721061067944
980	19	-0.018694924187855008
990	19	0.016443347096501644
1000	19	0.011668251439669961
1010	19	0.010563108693873849
1020	19	0.007791877352742622
1030	19	0.006306455295800909
1040	19	0.005218940354147811
1050	19	0.004348135614443909
1060	19	0.0037669715395259595
1070	19	0.003665092965510843
1080	19	0.002148579451437064
1090	19	0.0022737814514264725
1100	19	0.0022154174186191913
1110	19	0.0025217721636356504
1120	19	0.0011731021569383474
1130	19	0.001044874933529961
1140	19	0.0015653143370739965
1150	19	0.0009561108495244274
1160	19	0.0009404674999705811
1170	19	0.0009565460714579964
1180	19	0.0008600693566240345
1190	19	0.0007975780611893051
1200	19	0.0008895007553167268
870	20	2.1510767946902862
880	20	3.4438455420820433
890	20	9.916883466013122
900	20	-2.31398744161052
910	20	-1.9309520721770739
920	20	1.4595777543829729
930	20	2.776474990630913
940	20	-0.8495131038503664
950	20	0.30627734727519457
960	20	0.03259696382928033
970	20	0.03519766702082186
980	20	0.02444337813109321
990	20	0.018226380702838857
1000	20	0.009894446421675878
1010	20	0.010637620418221689
1020	20	0.009279537608390374
1030	20	0.006101238043769865
1040	20	0.00573535596025095
1050	20	0.004679046168302868
1060	20	0.0039818636288645945
1070	20	0.0042907341452068405
1080	20	0.00283428070655647
1090	20	0.0026061216470034143
1100	20	0.0021596519982944934
1110	20	0.0017861411174498532
1120	20	0.0032601231164412375
1130	20	0.001585518406069307
1140	20	0.0010556026886618984
1150	20	0.0012234165680106647
1160	20	0.0021134958014843307
1170	20	0.0015136804075967614
1180	20	0.000961564290266388
1190	20	0.0008757514022302876
1200	20	0.000834196867057623
870	21	2.4715240230211792
880	21	4.236762536237862
890	21	11.57707729378738
900	21	-2.600367930604505
910	21	-1.674469762373888
920	21	2.126759213581784
930	21	1.9417355600216308
940	21	-0.7602178894164829
950	21	0.19682587314403463
960	21	0.05909352852335009
970	21	0.03546557020872647
980	21	0.025208283666742097
990	21	0.01885257854499022
1000	21	0.014653503699287345
1010	21	0.011150990692636515
1020	21	0.008982426474524614
1030	21	0.0074063266585719465
1040	21	0.006219874269814912
1050	21	0.0051442370683406876
1060	21	0.004263002311368725
1070	21	0.0036270772326478374
1080	21	0.003096188219801839
1090	21	0.003798356044405589
1100	21	0.0024618424714116325
1110	21	0.0021525159930547125
1120	21	0.001987177831023707
1130	21	0.0016918334418025416
1140	21	0.0023744129468043526
1150	21	0.0013562835590417936
1160	21	0.0004992865866798196
1170	21	0.001154888222732303
1180	21	0.0017665664367100082
1190	21	0.0014013457605298453
1200	21	0.0010102338567765728
870	22	2.859440530163819
880	22	5.199539274357355
890	22	7.329562401554241
900	22	-2.7884404132591514
910	22	-1.2664796379406456
920	22	2.7585969363443446
930	22	1.127884200259619
940	22	-0.5157070806195545
950	22	0.1412578483390386
960	22	0.058498633170806766
970	22	0.03766525388413743
980	22	0.026407750212946886
990	22	0.019663616898710257
1000	22	0.01582947909934456
1010	22	0.011921635460482949
1020	22	0.009439146589609013
1030	22	0.007760835060144356
1040	22	0.006666715724805592
1050	22	0.005839158164955883
1060	22	0.004551850674005674
1070	22	0.003947617066857462
1080	22	0.0033622733098464534
1090	22	0.0029154221411150983
1100	22	0.002599196566981886
1110	22	0.002307447781721876
1120	22	0.0016522075180401287
1130	22	0.0018999006770270969
1140	22	0.0008568979124021978
1150	22	0.0014669348069093983
1160	22	0.002756295861128886
1170	22	0.0014635883799569258
1180	22	0.0013534896025703738
1190	22	0.047008550429553535
1200	22	0.0010245298762033782
870	23	3.327108815679756
880	23	6.450429851117444
890	23	36.91549679101689
900	23	-2.863729831833615
910	23	-0.712248726986765
920	23	3.0229395041287854
930	23	0.4085266719304775
940	23	-0.21799390539005525
950	23	0.11360101147881685
960	23	0.05779318678432756
970	23	0.03847441320321201
980	23	0.02766487541792833
990	23	0.019665496112451098
1000	23	0.01609240819901978
1010	23	0.012088166446200695
1020	23	0.010210534306578698
1030	23	0.006352953415437944
1040	23	0.0066600052008347595
1050	23	0.005766375988829214
1060	23	0.004630429152014616
1070	23	0.00417880998431288
1080	23	0.003576637342058015
1090	23	0.0031532232665509815
1100	23	0.0026429948061051445
1110	23	0.0023605347693149425
1120	23	0.0022062742213437717
1130	23	0.0018853600162319938
1140	23	0.0013889002315321745
1150	23	0.0016633472369765865
1160	23	0.001475117108705157
1170	23	0.0013914954702782016
1180	23	0.0019350292787623361
1190	23	0.0012155695867469797
1200	23	0.0005535579126066314
870	24	3.888043817602993
880	24	8.00764326061354
890	24	27.310624294905004
900	24	-2.8091245644187217
910	24	-0.04423328371433211
920	24	2.9329061459897328
930	24	-0.009311820941636633
940	24	0.014301741454348704
950	24	0.10309714182359485
960	24	0.057910314043170645
970	24	0.03905742624479995
980	24	0.02889718963246324
990	24	0.021797168202294794
1000	24	0.015655109025949323
1010	24	0.01336718673079718
1020	24	0.010514895583222106
1030	24	0.008609491076777404
1040	24	0.004725000603207171
1050	24	0.005779757882051938
1060	24	0.005187084842225678
1070	24	0.004224800512125836
1080	24	0.0034027210125741223
1090	24	0.003342953212350116
1100	24	0.002941114362155385
1110	24	0.0026106137251429044
1120	24	0.0022294425042573354
1130	24	0.0021066719733158854
1140	24	0.0019985119136753616
1150	24	0.0017036796618068507
1160	24	0.0007501064760309464
1170	24	0.003156655610789673
1180	24	0.0008611387873442934
1190	24	0.0006486073350924951
1200	24	0.0019431380938514874
870	25	4.551449584212396
880	25	9.708166357488688
890	25	-5.61646618905943
900	25	-2.6107004777665543
910	25	0.6678834081687391
920	25	2.4630706652925918
930	25	-0.25407953408556483
940	25	0.12463675054380041
950	25	0.09569832709132056
960	25	0.0577122721463582
970	25	0.03969846532939278
980	25	0.03175253402420415
990	25	0.0229459766846618
1000	25	0.017011334338141847
1010	25	0.013473979737621667
1020	25	0.009631331178779281
1030	25	0.011019738944842566
1040	25	0.007455727756381667
1050	25	0.0048882139490040045
1060	25	0.0053343795031445766
1070	25	0.0067102585380560366
1080	25	0.004983567013149258
1090	25	0.0034668897139893194
1100	25	0.003198288173982857
1110	25	0.0027865914064973416
1120	25	0.0026455572635315397
1130	25	0.00230676393523088
1140	25	0.0016307994806993625
1150	25	0.0019242957757223526
1160	25	0.0017381916232708573
1170	25	0.001610628206172276
1180	25	0.048097593609247674
1190	25	0.003308787944854704
1200	25	0.0036976667633931595
870	26	5.301144472917765
880	26	11.411552179498662
890	26	-20.91152932107615
900	26	-2.2624229615952967
910	26	1.324071742735652
920	26	1.9732285140147783
930	26	-0.3047755065790342
940	26	0.14957109393609194
950	26	0.08935141275878287
960	26	0.057214240595960975
970	26	0.04052808102010556
980	26	0.029432337722957377
990	26	0.02347008530812332
1000	26	0.017224013765803473
1010	26	0.014522562623962855
1020	26	-0.07663970950889798
1030	26	0.009968398543543481
1040	26	0.008761709789868663
1050	26	0.0065502313010106575
1060	26	0.005363775688831894
1070	26	0.002945575571114604
1080	26	0.0040942707807454905
1090	26	0.003711525937078519
1100	26	0.0031772518221864126
1110	26	0.003082921888328158
1120	26	0.002550063887874285
1130	26	0.002380069479593026
1140	26	0.002189287101600852
1150	26	0.0019347812624581878
1160	26	0.0018672420385356817
1170	26	0.001888062080372406
1180	26	0.0016105798967693604
1190	26	0.0011079860885229447
1200	26	0.0014762599721870604
870	27	6.055418782979585
880	27	13.542358727464999
890	27	-17.489117578171946
900	27	-1.7724968602922582
910	27	1.8167466130530756
920	27	1.213327292025954
930	27	-0.22446199839416603
940	27	0.14418650946912007
950	27	0.024941529029566336
960	27	0.05709907342077391
970	27	0.04090623063981868
980	27	0.03018516613486006
990	27	0.022984266473188714
1000	27	-0.13362476783304636
1010	27	0.00996340863013143
1020	27	0.011564607966135829
1030	27	0.008979543825256535
1040	27	0.007023743910245725
1050	27	0.009328896769840955
1060	27	0.006159308562045238
1070	27	0.0046358987177969845
1080	27	0.004106342493454158
1090	27	0.003935016613355274
1100	27	-0.000021724964025321943
1110	27	0.0023615182795627245
1120	27	0.002837870628469083
1130	27	0.002544024648052055
1140	27	0.002530479211080379
1150	27	0.002175621809995184
1160	27	0.002020054534152728
1170	27	0.0020618428469441454
1180	27	0.001531030439794395
1190	27	0.0016467732143852511
1200	27	0.001637800902191357
870	28	6.743613195767569
880	28	11.827728424411934
890	28	-7.899202518592408
900	28	-1.1701168390381962
910	28	2.0691502247630686
920	28	0.8392969199791557
930	28	-0.09362144672870179
940	28	0.11429822832489453
950	28	0.07620862167931934
960	28	0.05672965993591333
970	28	0.04034109395436586
980	28	0.03022390535503835
990	28	0.023213048689443197
1000	28	0.021082324994448107
1010	28	0.014610901862211858
1020	28	0.003040542264362749
1030	28	0.013219418458266094
1040	28	0.008043042661266616
1050	28	0.0044828844637004395
1060	28	0.00900770786616839
1070	28	0.004870946362579172
1080	28	0.0037026879504322738
1090	28	0.003552526590699633
1100	28	0.004093242612563014
1110	28	0.003974337955690847
1120	28	0.002961031101451441
1130	28	0.002687171131317344
1140	28	0.002397996430335256
1150	28	0.002455742986580593
1160	28	0.0020780781977429792
1170	28	0.0020691886238645906
1180	28	0.0019116308709009793
1190	28	0.0017453688353835498
1200	28	0.002019420706456188
870	29	7.650525378926987
880	29	2.6355079150309044
890	29	-1.8038526717858583
900	29	-0.5088205849794055
910	29	2.064068435065965
920	29	0.44716773651604713
930	29	0.021825829134931068
940	29	0.22128466778395098
950	29	0.16984826523613378
960	29	0.05592109808434807
970	29	0.04043794308015906
980	29	0.03041221657301613
990	29	0.02333216482907308
1000	29	0.018379991571019987
1010	29	0.014809416070683382
1020	29	0.01232839732198194
1030	29	-0.06186987938009427
1040	29	0.010079952574872621
1050	29	0.008276707154569253
1060	29	0.004960403330912978
1070	29	0.0034258292956083963
1080	29	0.004723840116321964
1090	29	0.0046072865704444455
1100	29	-0.004823357910925298
1110	29	0.004727159906833905
1120	29	0.008885415089235165
1130	29	-0.0005069388333457125
1140	29	0.0026335451604867985
1150	29	0.0026715623470927523
1160	29	0.0022392799328817803
1170	29	0.0021109739183003727
1180	29	0.0020539601700447366
1190	29	0.0024853620066754016
1200	29	0.0018532600714478956
870	30	8.812727354695737
880	30	-7.159976699998695
890	30	0.3255879387024313
900	30	0.13684386837463397
910	30	1.8477111534471442
920	30	0.2089398264943824
930	30	0.09378415335999488
940	30	0.1196161899545404
950	30	0.07907227600247611
960	30	0.055307143374962627
970	30	0.040084001555107225
980	30	0.030535796066018882
990	30	0.02366166553346212
1000	30	0.019782297152066485
1010	30	0.015816204141434028
1020	30	0.012618181728560864
1030	30	0.010598970837349972
1040	30	0.008948815303477716
1050	30	0.001258483213131207
1060	30	0.01739425502166933
1070	30	0.0012524976360360496
1080	30	0.001029750509345753
1090	30	0.01278678376197811
1100	30	0.003965565278913099
1110	30	-0.005640505136598353
1120	30	-0.006621025757812529
1130	30	0.01599711001629917
1140	30	-0.004635716524944507
1150	30	0.0026642067336914038
1160	30	0.0032313165081355654
1170	30	0.002713278028584693
1180	30	0.002375874034471208
1190	30	0.0017900643169793365
1200	30	0.0020680239057711634
870	31	8.654064605272836
880	31	-11.03880207061324
890	31	0.885292261870773
900	31	0.6874877562165721
910	31	1.5061376107071551
920	31	-0.01839604072780941
930	31	0.12854236312472167
940	31	0.11374550873928865
950	31	0.0769218042002577
960	31	0.054218014820680706
970	31	0.040195348454142944
980	31	0.03055455052226498
990	31	0.024371376679230734
1000	31	0.01882998408025412
1010	31	-0.1412142148078282
1020	31	0.01280066964070406
1030	31	0.010612250600572843
1040	31	0.009054269993229641
1050	31	0.007668242555759194
1060	31	0.000316838344478938
1070	31	0.008329479577330783
1080	31	0.011125974196585868
1090	31	-0.007519642158617182
1100	31	0.004076646021759219
1110	31	0.014258866710094758
1120	31	0.005428717170228021
1130	31	0.0024815916979626694
1140	31	0.002158110825596586
1150	31	0.005678517592808784
1160	31	0.009583011873405956
1170	31	0.0024959380197895255
1180	31	0.001464327323429042
1190	31	0.0023884831471839285
1200	31	0.0025291863721412463
870	32	5.706511958348532
880	32	-9.469628574204414
890	32	0.9459491378398447
900	32	1.0770302115565458
910	32	1.1314261218938033
920	32	0.08021056823601742
930	32	0.14009404396359976
940	32	0.10832470271525535
950	32	0.07450497649301507
960	32	0.053497734044639124
970	32	0.0398481223785178
980	32	0.030359195362598547
990	32	0.02364521615328884
1000	32	0.01911837019109133
1010	32	0.01566932767762991
1020	32	0.012756629942952468
1030	32	0.010806803706308857
1040	32	0.008952576371668073
1050	32	0.008003867285647113
1060	32	0.007130236664690956
1070	32	0.006231236464994402
1080	32	-0.0028127486311134474
1090	32	0.012442276613819955
1100	32	-0.013404847352980323
1110	32	-0.0004324090902299693
1120	32	0.012481071676483718
1130	32	0.0038524146853597626
1140	32	-0.005421802264696528
1150	32	-0.008923771172134958
1160	32	0.007503239987044365
1170	32	-0.010295064233089927
1180	32	0.002329907666603857
1190	32	0.0024609919255318313
1200	32	0.0027261887619850307
870	33	0.9014417027170041
880	33	-6.102665339383227
890	33	0.8863985976003088
900	33	1.2752878520767932
910	33	0.7958609237346029
920	33	0.09944296097870989
930	33	0.14096923505131673
940	33	0.036352734206597244
950	33	0.07222100588066918
960	33	0.05197540723634712
970	33	0.03937152327697667
980	33	0.030341873554092236
990	33	0.023691885944657796
1000	33	0.01915112156949631
1010	33	0.015913165255459792
1020	33	0.013144822993791098
1030	33	0.011282919610190192
1040	33	0.009694667460626876
1050	33	0.00806113920373156
1060	33	0.007257382094129821
1070	33	0.006340151282943254
1080	33	0.005482415021167821
1090	33	-0.007026886848307407
1100	33	0.010943134442093121
1110	33	0.005469198008441419
1120	33	-0.00506133180768185
1130	33	0.00009902503970722099
1140	33	0.003343131740873248
1150	33	-0.0014961551659169992
1160	33	-0.008736746903840093
1170	33	0.004018684210405152
1180	33	0.008180471406966611
1190	33	-0.015436817469057436
1200	33	0.0023357579305421593
870	34	-3.531320024148202
880	34	-3.387756729529219
890	34	0.8325053826508667
900	34	1.2934492141483942
910	34	0.5381847353621219
920	34	0.12589216817008797
930	34	0.13676108141382698
940	34	0.2509597786668703
950	34	0.0700963585919126
960	34	0.05103770709517602
970	34	0.03816884424398629
980	34	0.030316799984617556
990	34	0.02510016196392659
1000	34	0.019352208511547068
1010	34	0.015987454032527167
1020	34	0.01370081332241764
1030	34	0.010752509329170644
1040	34	0.009282674555265009
1050	34	0.008704273850948666
1060	34	0.007344794566592692
1070	34	0.006246049768161684
1080	34	0.004790215505266703
1090	34	0.005221170126837364
1100	34	0.004449707325501782
1110	34	0.007243535128118838
1120	34	0.019467460574683824
1130	34	0.0037249053845729236
1140	34	-0.004844509054393185
1150	34	0.003330594524069729
1160	34	0.01401296394016962
1170	34	-0.002829585401956386
1180	34	0.002392080956019805
1190	34	0.01274147699153763
1200	34	-0.006229228669059919
870	35	-6.075928972278982
880	35	-1.704675333336483
890	35	0.6331456780949137
900	35	1.1769512939983542
910	35	0.3672922079340214
920	35	-0.00864755452811236
930	35	0.13166664433121117
940	35	0.0941257872922108
950	35	0.06733793831822332
960	35	0.05117000233812109
970	35	0.03783963800084411
980	35	0.02953959821510513
990	35	0.023775713591303753
1000	35	0.01931142373492222
1010	35	0.0157313630921454
1020	35	0.013074936476250522
1030	35	0.011456842536465736
1040	35	0.009200432362667064
1050	35	0.0075195238545398635
1060	35	0.00848769081037334
1070	35	0.006580408482123294
1080	35	0.005550604920151142
1090	35	0.00502595256001694
1100	35	0.004671683908941542
1110	35	0.003934283493912316
1120	35	0.001640074676819496
1130	35	-0.0007412268557985651
1140	35	0.014940455188108388
1150	35	0.0029601738570346416
1160	35	-0.0011335053030777547
1170	35	0.01183936966493928
1180	35	0.0030246920408771023
1190	35	-0.0073608288763049035
1200	35	-0.007582782592516495
870	36	-6.539736527461036
880	36	-0.7887955537332711
890	36	0.6474676420133779
900	36	0.9870456802648124
910	36	0.26862293631435974
920	36	0.15245062225099168
930	36	0.12522731587399924
940	36	0.08884083354613252
950	36	0.06564242892751565
960	36	0.048796840817422964
970	36	0.03736513325378414
980	36	0.029172277058385675
990	36	0.023598735749860104
1000	36	0.01895038552474782
1010	36	0.01594587121339045
1020	36	0.012991218388629072
1030	36	0.011302998091314456
1040	36	0.01000198811238579
1050	36	0.008762096568245094
1060	36	0.007635792218823124
1070	36	0.006708491793559242
1080	36	0.005666579197162989
1090	36	0.005041888841458709
1100	36	0.08004478738662832
1110	36	0.005144955797852498
1120	36	0.0035377569780538206
1130	36	0.0038331020826835073
1140	36	0.016221943707217634
1150	36	-0.019137679694650123
1160	36	0.00669601231063938
1170	36	-0.004729995050438833
1180	36	-0.004490295184461818
1190	36	0.018034759614348986
1200	36	0.007093954795279142
870	37	-5.615952600420627
880	37	-0.46221689357646795
890	37	0.5208723197106232
900	37	0.777312578872575
910	37	0.047411194100220294
920	37	0.1529382230822939
930	37	0.11868175464652254
940	37	0.08497177236604382
950	37	0.0628772618050593
960	37	0.15591674557269194
970	37	0.03752968951353751
980	37	0.028605147558625563
990	37	0.023849588950118496
1000	37	0.019402852122347283
1010	37	0.01685015084082386
1020	37	0.013475110033359845
1030	37	0.01181623134934517
1040	37	0.009816132717471431
1050	37	0.008680821240361236
1060	37	0.007314922894367798
1070	37	0.006556139504838992
1080	37	0.005948722936116482
1090	37	0.005380533631310718
1100	37	0.004799927869243004
1110	37	0.004888094545697078
1120	37	0.004446136684451294
1130	37	0.003930776199398747
1140	37	0.0037394727887927965
1150	37	0.0033833088562741503
1160	37	-0.0037382309149799195
1170	37	0.005296530654185608
1180	37	0.008711185850769985
1190	37	-0.00599737978227224
1200	37	0.0010284630774164277
870	38	-4.191016142991451
880	38	-0.046734685259691225
890	38	0.46055383595695226
900	38	0.5899127457318876
910	38	0.19429368163875063
920	38	0.1462040843982784
930	38	0.11367576105962154
940	38	0.08160172901820208
950	38	0.060364869336017264
960	38	0.04638537205126642
970	38	-0.08335761740820025
980	38	0.029717449553629278
990	38	0.021464263266568428
1000	38	0.0189739612274217
1010	38	0.015605379758394305
1020	38	0.08142620220394757
1030	38	0.010470067748623673
1040	38	0.00923060185551117
1050	38	0.008966042784964557
1060	38	0.007335080898945529
1070	38	0.007062589340728338
1080	38	0.006772070511223866
1090	38	0.005627329048468249
1100	38	0.00433239263627188
1110	38	0.004681850035723998
1120	38	0.005209175121778217
1130	38	0.003598017759015651
1140	38	0.004707744407884235
1150	38	0.0037083688607404794
1160	38	0.0015663720591454309
1170	38	0.0036649569883959276
1180	38	-0.0036130743413362236
1190	38	-0.0283308809946421
1200	38	0.008943254617328637
870	39	-2.8682244667472054
880	39	0.10341349822094034
890	39	0.4327069616315135
900	39	0.44283149854271636
910	39	0.18173422894448638
920	39	0.1418821662401746
930	39	0.10614601215827647
940	39	0.07814798151901922
950	39	0.05810054475237798
960	39	0.04464307231818975
970	39	0.03419444468467701
980	39	0.02816901974502123
990	39	0.022873437762887493
1000	39	0.018905416405877454
1010	39	0.01596837152574077
1020	39	0.014970638782567122
1030	39	0.011732145666837791
1040	39	0.006716549263007391
1050	39	0.008649890917876685
1060	39	0.008644097665150105
1070	39	0.006063545697923029
1080	39	0.006315809849846674
1090	39	0.0021614075774486134
1100	39	0.004902861669518096
1110	39	-0.0034683056421409932
1120	39	0.0047403711926563685
1130	39	0.0039885379609603325
1140	39	0.00381661059303841
1150	39	0.004468834430578783
1160	39	0.00369106716329856
1170	39	0.003703581858630326
1180	39	0.00335251773723902
1190	39	0.0032984090157713013
1200	39	0.025865257953082615
870	40	-1.8721110896931152
880	40	0.15796807364326862
890	40	0.3521012119218114
900	40	0.3387490618428762
910	40	0.17230643978924123
920	40	0.1339388945669155
930	40	0.09959022450447219
940	40	0.07350269277487072
950	40	0.05568187044787923
960	40	0.04298894050949581
970	40	0.03395703256692838
980	40	0.028287513868133347
990	40	0.338412490624481
1000	40	0.01944367216843854
1010	40	0.01555999473794176
1020	40	0.013241282588830715
1030	40	0.011217042001968087
1040	40	0.010081702881573638
1050	40	0.008751281258600372
1060	40	0.008484763214758056
1070	40	0.00704529268088487
1080	40	0.005411095632088691
1090	40	0.0056127918449288975
1100	40	0.0055253272947453445
1110	40	0.005300095429924923
1120	40	0.0036166202309434697
1130	40	0.00446302748498587
1140	40	0.0041010344740426315
1150	40	0.004233527407385658
1160	40	0.003987009926153805
1170	40	0.003409343060980599
1180	40	0.00551190561413484
1190	40	0.004604134713367698
1200	40	0.0037979335527664406
870	41	-1.1937860128956619
880	41	0.21945357334665955
890	41	0.353384191049946
900	41	0.2695965092712537
910	41	0.16283098903857443
920	41	0.12613119865411826
930	41	0.09276768707581896
940	41	0.07033190780386797
950	41	0.2187021298334778
960	41	0.041450828970671955
970	41	0.033352342333806614
980	41	0.02654311654237689
990	41	0.021368851609446776
1000	41	0.018407050038673496
1010	41	0.015522982307086857
1020	41	0.013020546629190912
1030	41	0.011755473364316813
1040	41	0.009915497746997777
1050	41	0.00951793451203422
1060	41	0.007763839743087997
1070	41	0.006961063800675717
1080	41	0.0062423489759082205
1090	41	0.006301426125883401
1100	41	0.005539138158986322
1110	41	0.004795628596041084
1120	41	0.004974584521456206
1130	41	0.004365518769700193
1140	41	0.0041658318920358125
1150	41	0.003999056630633667
1160	41	0.0030710484450294376
1170	41	0.0037945823161898585
1180	41	0.00424937721305617
1190	41	0.0034389161255585993
1200	41	0.003839933518102931
870	42	-0.7504315482845604
880	42	0.2263278994288207
890	42	0.2556111582852158
900	42	0.2262793116662802
910	42	0.15404578582062547
920	42	0.1174607654449869
930	42	0.08816632373331995
940	42	0.06591252910085674
950	42	0.1921320094071227
960	42	0.024131691337742144
970	42	0.03225216059998333
980	42	0.025728757902304868
990	42	0.02141769127631738
1000	42	0.02045246173871206
1010	42	0.016329631444732314
1020	42	0.012935783972451605
1030	42	0.011671323404263327
1040	42	0.010300539403621342
1050	42	0.012024796910798987
1060	42	0.010798201061800948
1070	42	0.006890900268511765
1080	42	0.0030890929911354093
1090	42	0.007254811612397942
1100	42	0.009705753792741328
1110	42	0.005190759718184965
1120	42	0.0044226186782623435
1130	42	0.004295057161066457
1140	42	0.26161153448750196
1150	42	0.0036707984616830874
1160	42	0.0038841454549217716
1170	42	0.003628547049108898
1180	42	0.003217179011098377
1190	42	0.00374372429280179
1200	42	0.003031033024488593
870	43	-0.4637574946439816
880	43	0.19551822345378977
890	43	0.27720728554803054
900	43	0.1957019136082609
910	43	0.14339561892395664
920	43	0.10824725861727957
930	43	0.0830189374691864
940	43	0.06385969825663984
950	43	0.04918666145345377
960	43	-0.29217170304110257
970	43	0.030681268484367495
980	43	0.026128584265460324
990	43	0.022955784552073248
1000	43	0.019258131591346293
1010	43	0.01594914502432127
1020	43	0.012622305127507767
1030	43	0.011714115308868166
1040	43	0.007256903263718859
1050	43	0.008697386307713346
1060	43	0.007837719478028768
1070	43	0.006825486578843686
1080	43	0.006177077409486673
1090	43	0.006289284689112395
1100	43	0.005963407054567454
1110	43	0.005283067493379732
1120	43	0.004907730482993841
1130	43	0.005672940370698737
1140	43	0.005285984718886628
1150	43	0.004250198516077461
1160	43	0.0037259777447043326
1170	43	0.0041562681194623795
1180	43	0.005434202895757666
1190	43	0.003765971145829232
1200	43	0.0000736077242279412
870	44	-0.2783011990419215
880	44	0.20297041488016648
890	44	0.23441144935085234
900	44	0.1741558915443494
910	44	0.13347174056481034
920	44	0.09305301393266692
930	44	0.07747723546111236
940	44	0.05988664231604108
950	44	0.04906189147959876
960	44	0.03712103605841634
970	44	0.02918174515499364
980	44	0.024457149409335795
990	44	0.019390161995152644
1000	44	0.01712524523690012
1010	44	0.01431985829944685
1020	44	0.017696582210523438
1030	44	0.013827188068802848
1040	44	0.009787507038746982
1050	44	0.006203610193853255
1060	44	0.008714999982477593
1070	44	0.014834211099426545
1080	44	0.0067469277098105495
1090	44	0.00521311431376025
1100	44	-0.35250286071663633
1110	44	0.005476798797377438
1120	44	0.003884745820743904
1130	44	0.0003058159945538889
1140	44	0.005237730504749988
1150	44	0.004747776136674969
1160	44	0.004187715274209222
1170	44	0.004610615106303967
1180	44	0.004260876373227733
1190	44	0.005640424806908813
1200	44	0.005326117627086701
870	45	-0.15808691357984916
880	45	0.20653541076958407
890	45	0.17
900	45	0.1519686594902664
910	45	0.12243719913143672
920	45	0.09261628801816668
930	45	0.0724578764931389
940	45	0.061281281567274
950	45	0.044221163703510834
960	45	0.03550512332530782
970	45	0.02511189051989413
980	45	0.026546350758916294
990	45	0.01953452335483602
1000	45	0.01705940352245527
1010	45	0.014495282719056061
1020	45	0.01302503018769
1030	45	0.013395010132782645
1040	45	0.011239273790881209
1050	45	0.008778663690389186
1060	45	0.008459080235162899
1070	45	0.011261197357838214
1080	45	0.009804748483698592
1090	45	0.00615282101114186
1100	45	0.005751168928813772
1110	45	0.006021851049798052
1120	45	0.007130585872706562
1130	45	0.010648094882024797
1140	45	0.004055968506224766
1150	45	0.004665536867113282
1160	45	0.0031990417511844234
1170	45	0.005424502280667959
1180	45	0.004354932245004399
1190	45	0.004490943493043227
1200	45	0.004372777498669146
870	46	-0.08022515929455387
880	46	0.1829787244271631
890	46	0.14
900	46	0.14770586112571707
910	46	0.11759348615289268
920	46	0.08723331834090613
930	46	0.06772038561760389
940	46	0.053728875162899786
950	46	0.051230928380476826
960	46	0.033784873105749715
970	46	0.026338169698488886
980	46	0.023824784830042654
990	46	0.02281511761458688
1000	46	0.023340847157968032
1010	46	0.015949066243953557
1020	46	0.01197680984219674
1030	46	0.010575001007887585
1040	46	0.009219351591514628
1050	46	-0.002811405825031918
1060	46	0.011033405128900166
1070	46	0.003983095658995192
1080	46	-0.006587032281661438
1090	46	0.006721023955048554
1100	46	-0.6846654714137941
1110	46	0.005959831763414523
1120	46	0.004382090266107372
1130	46	0.0022155861843917075
1140	46	0.004036535931045369
1150	46	0.004480805427673455
1160	46	0.0046203829189724165
1170	46	0.004405837913978519
1180	46	0.004310090961402529
1190	46	0.004391052179408922
1200	46	0.005073580454655939
870	47	-0.030096110689291446
880	47	0.13860116958086957
890	47	0.12430251414490455
900	47	0.13101589908817618
910	47	0.10353176460910536
920	47	0.08137117289937937
930	47	0.06362031045228371
940	47	0.0497119294231977
950	47	0.040124167585846124
960	47	-0.19645751030201541
970	47	0.026675557662145907
980	47	0.022145015473725643
990	47	0.01675405889290189
1000	47	0.008710458593488941
1010	47	0.013700263384703398
1020	47	0.012317681061706883
1030	47	0.010811628707918039
1040	47	0.008655317236923756
1050	47	0.018133079475032902
1060	47	0.00809414485736563
1070	47	0.008098553595217398
1080	47	0.0066985859571070255
1090	47	0.004269813702777375
1100	47	0.005766607940685351
1110	47	0.005971432149161517
1120	47	0.0028582448571334296
1130	47	0.0053860809611960625
1140	47	0.0074101019029515726
1150	47	0.0055564867189351564
1160	47	0.005961633742057226
1170	47	0.005179914160041696
1180	47	0.003997528808975583
1190	47	0.004327685540377573
1200	47	0.0036190378953638337
870	48	0.0017299959464079607
880	48	0.15191627566313692
890	48	0.1
900	48	0.11863973450454497
910	48	0.09068378223278668
920	48	0.07776949509461675
930	48	0.058980285594889464
940	48	0.03511431141415337
950	48	0.03817221349661498
960	48	0.031220067680346162
970	48	0.02562020731645186
980	48	0.02336786368777546
990	48	0.019525500229529293
1000	48	0.016476538453369247
1010	48	0.012611258117579984
1020	48	0.01171074224090136
1030	48	0.010450184130897964
1040	48	0.010028193427160149
1050	48	0.007353555995681206
1060	48	0.007929379823216735
1070	48	0.0077838344070428845
1080	48	0.009205087286161083
1090	48	0.0039056640097082846
1100	48	0.005598291959341512
1110	48	0.004731579247171849
1120	48	0.00874688171457529
1130	48	0.0003817679515902355
1140	48	0.0036733658348531892
1150	48	0.014426024204585245
1160	48	-0.0010351126532862766
1170	48	0.004621365474594484
1180	48	0.005469683337368124
1190	48	0.00523313484936581
1200	48	0.005318894277970032
870	49	0.021400028229487764
880	49	0.14688187345904127
890	49	0.1
900	49	0.10736248270046872
910	49	0.08848961563899178
920	49	0.06970864883721334
930	49	0.05548928104826823
940	49	0.04453202554387486
950	49	0.03499511781628966
960	49	0.0324125553343136
970	49	0.025031211337968925
980	49	0.023393706049822945
990	49	0.018261965149369248
1000	49	0.018780988860879113
1010	49	0.008695915846433153
1020	49	0.011588349353184698
1030	49	0.010830165316149736
1040	49	0.009310387592104367
1050	49	0.008447620968708358
1060	49	0.00768638160538882
1070	49	0.006493440340415706
1080	49	0.004497596907638459
1090	49	0.009303987796645019
1100	49	-0.0038251903508542753
1110	49	0.005540282097409167
1120	49	0.005725106073195533
1130	49	0.006177237959115571
1140	49	0.004882751807392444
1150	49	-0.002200191411659357
1160	49	0.014156781912988487
1170	49	0.001961847942836816
1180	49	0.005000155927530769
1190	49	0.004147268833518945
1200	49	0.005413581430204856
870	50	0.03296145710997587
880	50	0.11668384385702249
890	50	0.1
900	50	0.09834522067750286
910	50	0.08064661738299334
920	50	0.057469108356689926
930	50	0.051546994063474585
940	50	-0.01177656224821901
950	50	0.034008872545438884
960	50	0.028234892353150843
970	50	0.03904741147184807
980	50	0.01929417643456103
990	50	0.015785035997957532
1000	50	0.01713311211905434
1010	50	0.012473289301695317
1020	50	0.01145696724520319
1030	50	0.003631174901073086
1040	50	0.008821236690598396
1050	50	0.008484133071134848
1060	50	0.006262553951096964
1070	50	0.005419078135165039
1080	50	0.0063392516780482605
1090	50	0.005190627420297194
1100	50	0.0056564224544578285
1110	50	0.005502641354642342
1120	50	0.004665725489485752
1130	50	0.007815765558402604
1140	50	0.007733073069651906
1150	50	0.005498468284251851
1160	50	-0.007433073663015836
1170	50	0.01405779041939211
1180	50	0.012076860053211572
1190	50	0.005148947040712752
1200	50	0.0047359196165522414
870	51	0.03910489383528056
880	51	0.1
890	51	0.1
900	51	0.08905926492190268
910	51	0.07357729293258045
920	51	0.058900733580211424
930	51	0.050092084426183806
940	51	-0.2171297846794494
950	51	0.25846245086611985
960	51	0.027207548032573685
970	51	0.023240057305675434
980	51	0.018916782173445536
990	51	0.007804805227734757
1000	51	0.010883090582382836
1010	51	0.01797447247081097
1020	51	0.006852355132064357
1030	51	0.008515188642801525
1040	51	0.009310115658328153
1050	51	0.007734402263117291
1060	51	0.0077880946583269535
1070	51	0.0070842555880063825
1080	51	0.0068468706819467965
1090	51	0.026491256737524112
1100	51	0.008739804582429383
1110	51	0.007799149411723826
1120	51	0.006263508834737322
1130	51	0.005452849217084471
1140	51	0.0025557600118146957
1150	51	0.011620644298269969
1160	51	0.00556899282821246
1170	51	-0.07593793936624026
1180	51	0.005619278978067221
1190	51	0.007874027000039686
1200	51	0.0032514403513996706
870	52	0.04163448865477813
880	52	0.1
890	52	0.09677117888479043
900	52	0.08090406738996289
910	52	0.14596872110978668
920	52	0.05499855842544881
930	52	0.041079234863600794
940	52	0.03719275109836021
950	52	0.029677864812417274
960	52	0.02414925951169508
970	52	0.020033033435877406
980	52	0.024487161584310486
990	52	0.016118091034379358
1000	52	-0.003633147838159966
1010	52	0.017002279902883197
1020	52	0.005517036156424902
1030	52	0.008958355217545583
1040	52	0.008907038135872973
1050	52	0.007365569183726016
1060	52	0.007230049685877378
1070	52	0.006019761395212321
1080	52	-0.0016870894189045728
1090	52	0.006408425942398201
1100	52	0.00682119838480932
1110	52	0.005880765031489856
1120	52	0.00462247401352739
1130	52	0.0076504742145430075
1140	52	-0.006250426129796614
1150	52	0.005025975871760499
1160	52	0.03073150281032957
1170	52	0.007654809649320038
1180	52	-0.0016582497722280028
1190	52	0.004326453989242963
1200	52	0.017758637694343674
870	53	0.041769343648585866
880	53	0.1
890	53	0.15883224989006361
900	53	0.07346803673343025
910	53	0.06123352172970946
920	53	0.05307480637523763
930	53	0.04054107071395393
940	53	0.027500932819688566
950	53	0.037482647234776165
960	53	0.01802198757658929
970	53	0.019032579536358434
980	53	0.018147265333998644
990	53	0.01477052127177268
1000	53	0.004502140666000055
1010	53	0.005829190523900363
1020	53	0.03188990534409667
1030	53	-0.003293208831248181
1040	53	0.006959229995410901
1050	53	0.011413912855852514
1060	53	0.007855842824878277
1070	53	0.00654679958821492
1080	53	0.00621831064370697
1090	53	0.005836491412691278
1100	53	0.007963487991026304
1110	53	0.006021451456919609
1120	53	0.005380523669016621
1130	53	0.009329789128079177
1140	53	0.015577724859031562
1150	53	0.0043785367032291
1160	53	-0.017103066718659833
1170	53	0.005669089758523336
1180	53	0.01260893063255614
1190	53	0.004392592477434553
1200	53	0.006693161120477673
870	54	0.04033835126529206
880	54	0.07551535616844796
890	54	0.05421134852909073
900	54	0.06517401006932598
910	54	0.056705629925688256
920	54	0.03669328103104622
930	54	0.03730129694426045
940	54	0.025678578906736648
950	54	0.026290354580182196
960	54	0.024907869397155242
970	54	0.019394157274952018
980	54	0.0167898550424459
990	54	0.014639263287525574
1000	54	0.012975939792089154
1010	54	-0.720803632038997
1020	54	0.010292794124365262
1030	54	0.006996436699444229
1040	54	0.00828489129788835
1050	54	0.008947758630074309
1060	54	0.007402777758892031
1070	54	0.010076350923806978
1080	54	0.006455055090159434
1090	54	0.006416502284305931
1100	54	0.00597113914872763
1110	54	0.004908084225519815
1120	54	0.005698645301454565
1130	54	0.005635144137203226
1140	54	0.004780922092467536
1150	54	0.00833834707663623
1160	54	0.006398113217834107
1170	54	0.004207802435338972
1180	54	-0.0028148470342823553
1190	54	0.024844707955303066
1200	54	0.00592528523652977
870	55	0.03790786359387566
880	55	0.08
890	55	0.05
900	55	0.05924938451373845
910	55	0.052000677879670484
920	55	0.04323851931084583
930	55	0.03606929674256413
940	55	0.029825818766218815
950	55	0.02669075295742425
960	55	0.021628305079383903
970	55	0.018004696829776862
980	55	0.023075624566235724
990	55	0.015800716556478824
1000	55	0.013019493944367164
1010	55	0.010183312799054807
1020	55	0.01111336669170049
1030	55	0.012365890932059016
1040	55	-0.008407718661700416
1050	55	0.00849105235531581
1060	55	0.007188316795368044
1070	55	0.007272023514586936
1080	55	0.007210535781305394
1090	55	-0.002095087651840153
1100	55	0.006535302406492994
1110	55	0.005456458109788846
1120	55	0.006496667229927555
1130	55	0.005509990222116881
1140	55	0.006464249885260193
1150	55	0.0036569550810045142
1160	55	-0.0018970127737086688
1170	55	0.018951055756345776
1180	55	0.011513459141747277
1190	55	-0.013121794578453238
1200	55	0.0005730030976072903
870	56	0.03486600708917122
880	56	0.08
890	56	0.055811587982612675
900	56	0.05448614758936702
910	56	0.04643259765084207
920	56	0.03936118938162774
930	56	0.03298579349159032
940	56	0.02736193706810741
950	56	0.026365989473541854
960	56	0.03351595219220642
970	56	0.017960230646957162
980	56	0.0029964198916396546
990	56	0.009058946007537864
1000	56	0.022089223237006003
1010	56	0.01689704283772796
1020	56	0.01050337617892626
1030	56	0.007974702858263847
1040	56	0.015007380846796944
1050	56	0.019515229287438728
1060	56	0.006571613265754535
1070	56	0.006130100075135459
1080	56	0.0016855975115200117
1090	56	0.004561893413574595
1100	56	0.007143338221403652
1110	56	0.006834997075987743
1120	56	0.010628024844127108
1130	56	0.005743602122291607
1140	56	0.005674808219882744
1150	56	0.005389239193393069
1160	56	0.006214485833311406
1170	56	0.01126577424346985
1180	56	-0.010855879062897807
1190	56	0.016770900670829578
1200	56	0.004547243799416139
870	57	0.031478859409502055
880	57	0.08
890	57	0.07945775461509069
900	57	0.04854136905211323
910	57	0.042337451594511265
920	57	0.03591961854133166
930	57	0.029056972119349576
940	57	0.021951643044003887
950	57	0.02037495342620435
960	57	0.003694249413691408
970	57	0.034994361349203446
980	57	0.0003327758493945716
990	57	0.032184041221987376
1000	57	0.04495579513100983
1010	57	0.017060565651598584
1020	57	0.009284252623230954
1030	57	0.0013274071145641018
1040	57	0.01083242107035599
1050	57	0.0004406654153528565
1060	57	0.006088062924825077
1070	57	0.0062923217106553445
1080	57	0.006740691430931841
1090	57	0.006363166161385517
1100	57	0.0077498039838364615
1110	57	0.004427802134738666
1120	57	0.004357056656454785
1130	57	0.005907434361212071
1140	57	0.005447668220668295
1150	57	0.005785344891431601
1160	57	0.005991588399342324
1170	57	0.005983287056263013
1180	57	0.006461814729230906
1190	57	0.006943205809768528
1200	57	-0.01862965519907818
870	58	0.027928304307468444
880	58	0.046404903400548675
890	58	0.055587630730155546
900	58	0.04469546230888213
910	58	0.038170677040820014
920	58	0.03222761479669699
930	58	0.028518306390584017
940	58	0.023434137982884164
950	58	0.02276511155648132
960	58	0.03319424071795913
970	58	0.023054584305437963
980	58	0.014502901580424629
990	58	0.012727608389124925
1000	58	0.009930130163928498
1010	58	0.01714232385712374
1020	58	-0.8965428878935783
1030	58	-0.005190813522081849
1040	58	1.0660650611169356
1050	58	0.026288908678427664
1060	58	0.007033979573922536
1070	58	0.011155850678654025
1080	58	0.0019666975103183734
1090	58	0.0005704073350289076
1100	58	0.0056928651908523566
1110	58	0.007400498248795693
1120	58	0.005458713258502102
1130	58	0.010626960117178742
1140	58	0.006920726846214136
1150	58	0.005518557730025739
1160	58	0.005797501218204754
1170	58	0.006394732165975608
1180	58	0.006107207195219645
1190	58	-0.0006266073148231193
1200	58	0.007240176447270384
870	59	0.02433784375892488
880	59	0.04813419366012852
890	59	0.04006698881532154
900	59	0.03934226944255868
910	59	0.035052096096310346
920	59	0.031054277210323857
930	59	0.025504183647624544
940	59	0.020942226589315938
950	59	0.019047340451117795
960	59	0.023215783275455492
970	59	-0.00893983983973751
980	59	0.03001516526188214
990	59	0.009191436178306995
1000	59	-0.02830809020515887
1010	59	0.015595420301515587
1020	59	0.008723379714392122
1030	59	0.0062764181931187785
1040	59	0.0043384822039483845
1050	59	0.07183141655270658
1060	59	-0.009204844675184213
1070	59	0.007328300750515781
1080	59	0.0064704107596068195
1090	59	0.006762792696781539
1100	59	0.005579195720811655
1110	59	0.006467814816435393
1120	59	0.013945786585386984
1130	59	0.0053104366824897045
1140	59	0.005746087049829471
1150	59	0.006261975184721778
1160	59	0.005385349345522146
1170	59	0.006589748548886967
1180	59	0.0050168226889024704
1190	59	0.008493756634731623
1200	59	0.0053148986400300665
870	60	0.020790595503368488
880	60	0.030512989507731982
890	60	0.038820317347592996
900	60	0.03518174178757845
910	60	0.030713357293494083
920	60	0.028324993665203677
930	60	0.024408527902353167
940	60	0.019205879844889123
950	60	0.016741464263570115
960	60	0.03369233013073839
970	60	0.013242492873740276
980	60	0.01851380975060027
990	60	0.011634258785360554
1000	60	0.006457003503004128
1010	60	-0.019485359787241713
1020	60	0.008490043254775217
1030	60	0.00993329783748881
1040	60	-0.01077110401301107
1050	60	0.0008250548993082292
1060	60	0.026082076641555634
1070	60	-0.009368793399967039
1080	60	0.0049403996962339505
1090	60	0.00646338538083182
1100	60	0.007880633493022553
1110	60	0.004556135157390584
1120	60	0.007364137809617189
1130	60	0.006703602117927158
1140	60	0.005917261902007493
1150	60	0.007439440868969064
1160	60	0.008523603704973562
1170	60	0.006369606144129309
1180	60	0.006506670366475687
1190	60	0.006747342212820869
1200	60	0.0077380404298412276
870	61	0.01734105329456124
880	61	0.035343691581927066
890	61	0.03067058945914469
900	61	0.030963399114107556
910	61	0.028531385418577575
920	61	0.024953582102690906
930	61	0.021857307510546153
940	61	0.017677378388126923
950	61	0.016599260155784747
960	61	0.0134183151452085
970	61	0.009889812169614449
980	61	-0.006471180969751993
990	61	0.039273017184961616
1000	61	0.01743132441999481
1010	61	-0.0035556513802346545
1020	61	0.009361705891738507
1030	61	0.009545423397933362
1040	61	0.008393325926480797
1050	61	-0.00034906658525891147
1060	61	0.011813532191482264
1070	61	0.04484775067946141
1080	61	0.004763437726640868
1090	61	0.005644854901015276
1100	61	0.0055856843304215595
1110	61	0.006713679029783548
1120	61	0.0024260515429132407
1130	61	0.005751883582104624
1140	61	0.007278326228345279
1150	61	0.006867992938214954
1160	61	0.0038753929857685745
1170	61	0.009074155308863198
1180	61	0.008731587330219788
1190	61	0.006745718369403141
1200	61	0.005393297266059981
870	62	0.014024020796642108
880	62	0.022004603674567448
890	62	0.028447626991786244
900	62	0.027922024962197756
910	62	0.017146607966602202
920	62	0.02239352844414485
930	62	0.018429486172977173
940	62	0.014387134150145585
950	62	0.012442135471794546
960	62	0.012792006337438787
970	62	0.012900428697114767
980	62	0.00861885944863388
990	62	-0.024092385992749037
1000	62	0.029972222712668133
1010	62	0.007905017718514653
1020	62	-0.013337501874920365
1030	62	0.007641773334315314
1040	62	0.00796594530877951
1050	62	0.004446517911738395
1060	62	0.006103203378236122
1070	62	0.003452678252331252
1080	62	0.01048723542103544
1090	62	0.006934317902403846
1100	62	0.021854338202148833
1110	62	0.011690863688118424
1120	62	0.006857433583585954
1130	62	0.0042888652412772735
1140	62	-0.00005744082918946494
1150	62	0.006864222948020792
1160	62	0.006607077177993346
1170	62	0.006535719375598319
1180	62	0.007801556562354298
1190	62	0.007926909609924543
1200	62	0.008280601615154712
870	63	0.010860273015711797
880	63	0.026139764218441747
890	63	0.024486819131934432
900	63	0.023931848075301892
910	63	0.021903664007721018
920	63	0.019241817703115345
930	63	0.016744953499590598
940	63	0.016117894654284724
950	63	0.008883903759869086
960	63	0.013153468385242287
970	63	0.014684662133546958
980	63	0.010114773536213748
990	63	0.009392472564332672
1000	63	0.00027333960533219804
1010	63	0.028649399989509203
1020	63	0.007341406787819296
1030	63	-0.0006921457689242154
1040	63	0.00783070071692171
1050	63	0.0014899508961693307
1060	63	-0.005997127953487447
1070	63	0.005987369699455509
1080	63	-0.13018449026658702
1090	63	-0.03018625815710325
1100	63	0.005871951093444982
1110	63	0.005849567898509243
1120	63	0.002911929902895733
1130	63	0.006138673784173371
1140	63	0.005647416625410431
1150	63	0.004639742749679094
1160	63	0.007358257508658969
1170	63	0.006999201976362424
1180	63	0.0040986957846682135
1190	63	0.00756530836320445
1200	63	0.008515178716668173
870	64	0.007860978563694911
880	64	0.017234294913237618
890	64	0.020838229165651864
900	64	0.02176527746170445
910	64	0.019072299808015083
920	64	0.022456656716737487
930	64	0.010404172956627968
940	64	0.01334778247473624
950	64	0.01434788461330713
960	64	0.01200250431511773
970	64	0.008865479291381928
980	64	0.008553582160366802
990	64	0.009968019371235842
1000	64	0.03649323703008378
1010	64	-0.004499971906266916
1020	64	0.004736998271719214
1030	64	0.005354027596409101
1040	64	-0.002067490796058488
1050	64	0.01797086008403142
1060	64	0.005944694521258126
1070	64	-0.026057935747910252
1080	64	0.005819447160756063
1090	64	0.020248555730744966
1100	64	-0.020579439263035147
1110	64	0.007159865321883279
1120	64	0.006913101245114708
1130	64	0.0048548628891867535
1140	64	-0.1535751022145681
1150	64	0.002927774976281846
1160	64	0.0025246143765004074
1170	64	0.007710167554939541
1180	64	0.04421839207159123
1190	64	0.004352701959809109
1200	64	0.007522780697790956
870	65	0.005030571396829626
880	65	0.014391055022774907
890	65	0.017471871352655752
900	65	0.017639548530784536
910	65	0.022334233477304684
920	65	0.015210724255054191
930	65	0.013769624171630562
940	65	0.016305484352873944
950	65	0.010846721859998607
960	65	0.011910909617181074
970	65	0.009326369671689691
980	65	0.24526093771599192
990	65	-0.013518866940514995
1000	65	0.007684715915089423
1010	65	-0.007852198717503596
1020	65	0.021738586858534144
1030	65	0.006015158771876393
1040	65	-0.07491252449561521
1050	65	0.005922914478403978
1060	65	0.06142381840160126
1070	65	0.026493572753136792
1080	65	-0.0012730368201369446
1090	65	0.03421891675333733
1100	65	0.019016311806342213
1110	65	0.0504867363220083
1120	65	0.00747687243463409
1130	65	0.007495286628423247
1140	65	-0.0030118729829906868
1150	65	0.00990108535107375
1160	65	0.010030875471022351
1170	65	0.005324883558705111
1180	65	0.007484455604939543
1190	65	0.0063624886809798145
1200	65	0.0068547675288023425
870	66	0.0023689051786107904
880	66	0.011155604373972847
890	66	0.014362457971903005
900	66	0.015148817203416607
910	66	0.014615242794178907
920	66	0.013184526062158183
930	66	0.011684701155570366
940	66	0.01052667680965844
950	66	0.013888481426022935
960	66	0.009510974811500084
970	66	0.008405945893087165
980	66	0.0032979326619106777
990	66	0.00885437042755812
1000	66	0.005486486399735486
1010	66	0.02182670680942822
1020	66	-0.04668395697753336
1030	66	0.03747627464788232
1040	66	0.010569817291881212
1050	66	-0.043065605961740715
1060	66	0.00580966502300835
1070	66	0.012222225803071909
1080	66	-0.03399945194250194
1090	66	0.005513976184815359
1100	66	0.03307028013395372
1110	66	-0.016521915339039985
1120	66	0.006849139925212808
1130	66	0.006503326586496465
1140	66	0.006713257678385137
1150	66	0.008449770611668756
1160	66	-0.020331698462277066
1170	66	0.014866766835187466
1180	66	0.002818658679979396
1190	66	0.007071033139129339
1200	66	0.006419746654974291
870	67	-0.00012721978212801337
880	67	0.008169945309391878
890	67	0.011487417811787066
900	67	0.0127216981640914
910	67	0.011480699554443391
920	67	0.012074142136086269
930	67	0.0100750646044218
940	67	0.009383614004235225
950	67	0.008900328565031423
960	67	0.007788992105419984
970	67	0.007615171372821117
980	67	0.007041041272145018
990	67	0.008428908692531881
1000	67	0.013494941515081026
1010	67	0.006381396950223688
1020	67	0.00705601265869805
1030	67	-0.018415191161745257
1040	67	0.06329988907439829
1050	67	-0.023068633227371453
1060	67	-0.013630802967642052
1070	67	0.048017893951826304
1080	67	-0.0009063718439635
1090	67	-0.0011680273707707488
1100	67	-0.044092844430774124
1110	67	0.07591025994699882
1120	67	-0.05979577289426062
1130	67	0.0070373271743416526
1140	67	0.006558439635192778
1150	67	0.010847023641586639
1160	67	0.008935850010664931
1170	67	0.004559813160626755
1180	67	0.007586340593621652
1190	67	0.008690811007964604
1200	67	0.003347012005020888
870	68	-0.0024633565686406605
880	68	0.006286584299167707
890	68	0.00882537822051076
900	68	0.010657660035867295
910	68	0.004009719818448546
920	68	0.009344910144077458
930	68	0.009053649388858019
940	68	0.009266555510050517
950	68	0.009800205062772132
960	68	0.006895536182520203
970	68	0.007961899602008146
980	68	0.005910307038604096
990	68	0.007311189810062832
1000	68	0.005765385070288098
1010	68	0.004085688934247272
1020	68	0.006670509149880214
1030	68	0.08082100637187938
1040	68	-0.035527777413739456
1050	68	0.02311133699844644
1060	68	-0.03113030124863924
1070	68	-0.0538099417900651
1080	68	0.012843327643873198
1090	68	0.02950384866145464
1100	68	0.00414305043125739
1110	68	-0.0037437746249439166
1120	68	0.06489475062360432
1130	68	-0.007782814319431268
1140	68	-0.00036502886541697543
1150	68	0.04101710411282814
1160	68	0.007154786858783389
1170	68	0.007685779838684557
1180	68	0.014619987927590538
1190	68	0.005371467979215568
1200	68	0.010414335560745794
870	69	-0.0046459436482333685
880	69	0.00286572493982232
890	69	0.006360232870370668
900	69	0.008142882488986748
910	69	0.008227652459903447
920	69	0.020105775698110086
930	69	0.007578333559930312
940	69	0.007522089627513266
950	69	0.006922595714406304
960	69	0.005959317009238632
970	69	0.005707782470731592
980	69	0.006411259245372428
990	69	0.007307592334388921
1000	69	0.006045817910040564
1010	69	0.0022144323702614076
1020	69	0.005225325011639302
1030	69	0.004222906661172618
1040	69	-0.034115342537416195
1050	69	-0.0010011310907717076
1060	69	0.0583482482219065
1070	69	-0.06203091082043761
1080	69	0.01657135016821056
1090	69	0.06058595273438053
1100	69	0.07106421694386185
1110	69	-0.03678861570521424
1120	69	-0.033719696200407094
1130	69	0.03200465057036058
1140	69	-0.07561053958268311
1150	69	0.0058060148679934
1160	69	0.01036884505024124
1170	69	0.0044422956360339804
1180	69	0.009823165664763451
1190	69	0.012050202462411804
1200	69	0.008138330248760837
870	70	-0.006682464054642591
880	70	0.00037931835742430176
890	70	0.004073646364535888
900	70	0.003557770028840079
910	70	0.00595161536411478
920	70	0.006515199826177641
930	70	0.006913568577494991
940	70	0.005856854476978918
950	70	0.007235880089293442
960	70	0.0038891920896983755
970	70	0.0033186736920313552
980	70	0.004092643145503459
990	70	0.004077041913810583
1000	70	0.005471023130639801
1010	70	0.005360092730448946
1020	70	0.0002540080609574981
1030	70	0.00793689874990371
1040	70	0.00548079722901658
1050	70	-0.05290969158796856
1060	70	0.03827501581182852
1070	70	0.015808830755324473
1080	70	-0.03534674736061956
1090	70	-0.010351730232299818
1100	70	0.11821393038172388
1110	70	-0.0018664530086938496
1120	70	-0.040773786126980814
1130	70	0.01240168245966002
1140	70	0.03979186825688301
1150	70	-0.07321717960846835
1160	70	0.007567156367836098
1170	70	0.007443551136410853
1180	70	0.008932940256693583
1190	70	0.009163290351903356
1200	70	0.009450204724570324
870	71	-0.008580442561714852
880	71	-0.0016691614413358975
890	71	0.0019516158051674085
900	71	0.0033144310117314067
910	71	0.004311767586011652
920	71	-0.0007062201426644071
930	71	0.004720938090865813
940	71	0.0033359610162375444
950	71	0.006754082323943062
960	71	0.0049204201081035955
970	71	0.007071401413528802
980	71	0.0023348706211853026
990	71	0.006288008206316055
1000	71	0.004123150952040415
1010	71	0.0037474380330489426
1020	71	0.0076092792235463004
1030	71	0.004408541199450326
1040	71	0.0015506696379278446
1050	71	0.006097239790991137
1060	71	-0.07116492076881152
1070	71	0.02128651230824368
1080	71	0.024912070165916064
1090	71	-0.03605453074124743
1100	71	-0.05403669535952159
1110	71	0.058326062590097524
1120	71	0.010357540277251609
1130	71	0.006910190416881112
1140	71	0.018790908133064995
1150	71	0.0692757983835699
1160	71	-0.020565694822647893
1170	71	0.008615788235286933
1180	71	0.008195382996328722
1190	71	0.00883051264081196
1200	71	0.008532992886264053
870	72	-0.010347714402803828
880	72	-0.0036866401937726786
890	72	-0.000019055094666527597
900	72	0.000438333048261541
910	72	0.00309384250621942
920	72	0.003671738293255715
930	72	0.008393526285603883
940	72	0.004319924291413809
950	72	0.006044118083618736
960	72	0.0015374310763761596
970	72	0.003667258802689489
980	72	0.003922953113163109
990	72	0.005100262898931352
1000	72	0.009009890888655048
1010	72	0.009441267541479911
1020	72	0.006484238189870508
1030	72	0.0018782886748024412
1040	72	0.003180786146804062
1050	72	0.00479862729243905
1060	72	-0.011553925861984
1070	72	-0.039611613608305604
1080	72	0.016505908026181744
1090	72	0.003910544445518788
1100	72	-0.04539944613519328
1110	72	-0.022851167933522383
1120	72	0.056373032205474065
1130	72	0.012215642846885212
1140	72	-0.09085162175180567
1150	72	0.004024353295689112
1160	72	0.03331727502979053
1170	72	-0.024389829783653196
1180	72	0.008690601538512635
1190	72	0.007814559962716966
1200	72	0.010036616304920008
870	73	-0.011992098468314906
880	73	-0.005554921964721392
890	73	-0.0018501488659135497
900	73	0.0003077493074625648
910	73	0.0013262557361750631
920	73	0.0005454225224062712
930	73	0.0028542521718270077
940	73	-0.0015213989083732774
950	73	0.005446774847927064
960	73	1.6988844163076031
970	73	0.006644521890549575
980	73	0.0005903922969312503
990	73	0.00402920309817943
1000	73	0.003932032257264908
1010	73	0.0020561224455952374
1020	73	0.00542631660224103
1030	73	0.005612721670683089
1040	73	0.0031317948316155466
1050	73	0.005125981520208455
1060	73	0.0027557076072665075
1070	73	0.007735989888192995
1080	73	-0.0470190337907553
1090	73	0.011915251540336695
1100	73	-0.0021846384772407656
1110	73	-0.03990396066757467
1120	73	0.051855717484402895
1130	73	0.05499538762825016
1140	73	0.011781857548346552
1150	73	0.023634359606523988
1160	73	0.0456076969184712
1170	73	0.022607527353416885
1180	73	-0.019046155753168113
1190	73	0.009120046052263027
1200	73	0.008790334177227323
870	74	-0.013521097825655583
880	74	-0.007286572050291745
890	74	-0.0035528992875879127
900	74	0.023302065457804017
910	74	0.00033489333688495185
920	74	0.0020571464355657616
930	74	0.0021564105464588093
940	74	0.0009509819495753633
950	74	0.0013186768428611044
960	74	0.003159171319200819
970	74	0.004269818699346307
980	74	0.008020550261989305
990	74	0.005827667106791063
1000	74	0.0012975662756601828
1010	74	0.00471313150766822
1020	74	0.0038865286030582724
1030	74	0.021186308804919313
1040	74	0.003837181727065351
1050	74	0.005269519841913178
1060	74	0.006173823961523135
1070	74	0.005761115746831137
1080	74	0.00757046119136523
1090	74	-0.09624282227253561
1100	74	0.09528097611197073
1110	74	0.012540113754222216
1120	74	-0.029694818720539654
1130	74	-0.013830318628028106
1140	74	0.1908231371625429
1150	74	0.0032976227859174696
1160	74	-0.04766974584312474
1170	74	0.00772395718208612
1180	74	0.04775844589469759
1190	74	-0.08119007750615749
1200	74	0.009191198092960508
870	75	-0.014941898244995077
880	75	-0.008891945203447216
890	75	-0.0051372856098640994
900	75	-0.001583349139654303
910	75	-0.002652922061956257
920	75	-0.0003410825515880804
930	75	-0.0006956192009249523
940	75	0.0013388642252646712
950	75	0.0002466865988040792
960	75	0.0017617437883179939
970	75	-0.00044044083127838803
980	75	0.42250856993432057
990	75	0.0020543070122672454
1000	75	0.007698006064476408
1010	75	0.004315320839758912
1020	75	0.005251007855204322
1030	75	0.007498129894860454
1040	75	0.0036347188829706245
1050	75	0.003602381040480248
1060	75	0.0037578202147545824
1070	75	0.005395906229019303
1080	75	0.0046103655978198925
1090	75	0.008319706777521876
1100	75	-0.08214534221836925
1110	75	-0.04630361332079545
1120	75	0.06254278673654289
1130	75	-0.11011553589518053
1140	75	0.0020542524098647354
1150	75	0.0680727404769877
1160	75	0.07167093251337175
1170	75	-0.13848765845226926
1180	75	-0.02475742761007792
1190	75	0.09355599730596016
1200	75	-0.08826090872604637
870	76	-0.01626190674018944
880	76	-0.0103802722845825
890	76	-0.006611468679922472
900	76	-0.004000771209536694
910	76	-0.01109028312745332
920	76	0.0038108397300077672
930	76	-0.0015396080997095878
940	76	-0.00025178036224534776
950	76	0.0007440445274649928
960	76	0.002744381907394857
970	76	-0.000055499583641369255
980	76	0.015823088982471558
990	76	0.0033285172193791308
1000	76	0.001006883798922501
1010	76	0.00223392969670653
1020	76	-0.005586706039301857
1030	76	0.004004167182685539
1040	76	0.005800960629823872
1050	76	0.00409723171132911
1060	76	-0.03886895622685853
1070	76	0.005245012646091304
1080	76	-0.0059908007661547
1090	76	0.005466788700065747
1100	76	0.0059033283427895504
1110	76	-0.00381744987655878
1120	76	0.06040027573271103
1130	76	0.10175157790888419
1140	76	-0.08571313296946906
1150	76	-0.04239825058596169
1160	76	0.14349167976587446
1170	76	0.19399987109049893
1180	76	-0.026812294210839912
1190	76	0.011005061167099262
1200	76	0.1565923000840476
870	77	-0.017487150446226167
880	77	-0.011765290487792476
890	77	-0.008035853051316204
900	77	-0.004595822776451755
910	77	-0.003917126029597286
920	77	-0.0016229986699433769
930	77	-0.0007670581056818217
940	77	0.0009511067222842079
950	77	0.0000896220469033898
960	77	-0.0008075579284259394
970	77	0.004215586902140644
980	77	0.0012799874760026388
990	77	0.0014867603964942922
1000	77	0.0033658938579336126
1010	77	0.001415567207605358
1020	77	0.01786619164377493
1030	77	0.0029854308964992415
1040	77	0.005593263907597841
1050	77	0.004551069183209666
1060	77	0.00569984171331348
1070	77	0.005005234959730262
1080	77	0.007495700300978862
1090	77	0.004325167594889751
1100	77	0.006698649410128927
1110	77	0.019864063903231866
1120	77	0.006427592398810229
1130	77	0.02224921633619701
1140	77	0.07659803985303866
1150	77	-0.01332352967503117
1160	77	-0.08161875609598108
1170	77	0.07331183871034089
1180	77	0.03806493405071442
1190	77	-0.07564893794891278
1200	77	-0.15033313479238225
870	78	-0.018624200389567316
880	78	-0.013042526200987479
890	78	-0.009263546192384143
900	78	-0.000837887929694811
910	78	-0.004864460048205557
920	78	-0.004514458314921382
930	78	-0.003025172530566856
940	78	-0.0006056832782563452
950	78	-0.0008691077963253292
960	78	-0.0030486123111033744
970	78	0.0016246650257140734
980	78	0.0035431664480007155
990	78	-0.0029469566623729557
1000	78	0.0014699608572315975
1010	78	-0.0029453498118630047
1020	78	0.005660202136394814
1030	78	0.003166611089904005
1040	78	0.0023757587824395484
1050	78	0.008211562579526118
1060	78	0.0029091305394276564
1070	78	0.0029665370640391524
1080	78	-0.4725055287768754
1090	78	0.004840520587263693
1100	78	0.0038900148989058614
1110	78	0.004083643816434362
1120	78	0.003010437242068377
1130	78	0.08989444414266548
1140	78	-0.02546997371106758
1150	78	0.03472463950303423
1160	78	-0.12301932366208147
1170	78	-0.09138050497141269
1180	78	0.004849769770749922
1190	78	0.19839113860006924
1200	78	-0.04718011171765016
870	79	-0.01967900836866253
880	79	-0.014231205649647695
890	79	-0.010455692172481155
900	79	-0.007524062824797225
910	79	-0.004565646470758688
920	79	-0.004815858756059601
930	79	-0.005284048679905408
940	79	-0.0013781753724195506
950	79	-0.0012845553929404238
960	79	-0.0003135554162186139
970	79	0.0054856915656584125
980	79	0.0017175968689837372
990	79	0.0016774214515104062
1000	79	-1.5964827557705383
1010	79	0.016204568845870626
1020	79	-0.002943299484439846
1030	79	0.0157280309810721
1040	79	0.007857491717226505
1050	79	0.004337277522469516
1060	79	0.004455763654915703
1070	79	0.0038295923866782295
1080	79	0.005335572745675259
1090	79	0.005155743351812603
1100	79	0.034895826834174734
1110	79	0.0077311371952240564
1120	79	0.006951974226186782
1130	79	0.0040380482846741755
1140	79	0.0015353667250146816
1150	79	-0.0063740601707702686
1160	79	-0.028342067034639387
1170	79	0.052758242025303055
1180	79	-0.06567601677600966
1190	79	-0.15027646417950016
1200	79	0.12997644529282357
870	80	-0.020656909981171753
880	80	-0.015335626761718716
890	80	-0.011580511442481269
900	80	-0.008814425492385232
910	80	-0.006611636335352653
920	80	-0.005144873982780325
930	80	-0.0146622946278838
940	80	-0.0033872435600647618
950	80	-0.0012533372233084854
960	80	-0.0021301779816668637
970	80	0.00017130531655234262
980	80	0.002393149014882668
990	80	0.005933950966224229
1000	80	0.0020972143688218255
1010	80	-0.0019794965371224995
1020	80	-0.00010810311999217752
1030	80	0.005936500771636593
1040	80	0.0018979667588017158
1050	80	0.012016625334198085
1060	80	0.009024534983714902
1070	80	0.00589874830888182
1080	80	0.00801338401126918
1090	80	-0.007987822622732265
1100	80	-0.002200611606637775
1110	80	0.012521791702218366
1120	80	0.001314369568355929
1130	80	0.006234114075206821
1140	80	0.008272181079898418
1150	80	0.006699500458292048
1160	80	0.00608963603806737
1170	80	-0.12919933977309794
1180	80	-0.01974638107787855
1190	80	0.07223522358261009
1200	80	-0.1801570719455463
870	81	-0.021563513826931703
880	81	-0.016361449086354733
890	81	-0.012603212664072607
900	81	-0.009821885434681578
910	81	-0.007535559109256587
920	81	-0.0061255854718453365
930	81	-0.0030159922125341425
940	81	-0.0033689368244226403
950	81	-0.0029058484743242855
960	81	0.006646542529774174
970	81	0.0004676868860907808
980	81	0.001858371543617498
990	81	0.009060849832049295
1000	81	0.007630108579391924
1010	81	2.2997379114754746
1020	81	1.6895786639438697
1030	81	-0.010683806597341115
1040	81	0.004015880774702567
1050	81	0.0015262600409760522
1060	81	0.007604966497003104
1070	81	0.0038883016676863735
1080	81	0.00526053700679827
1090	81	0.0077553168279153855
1100	81	0.005319332821597375
1110	81	0.0046459566444234015
1120	81	0.005483504233889161
1130	81	0.009805207320285973
1140	81	0.013203711908500409
1150	81	0.006978366836685914
1160	81	0.019937596908902958
1170	81	0.0047418689735186075
1180	81	0.009412617026301195
1190	81	0.03957781280699936
1200	81	0.08935495267581466
870	82	-0.022403469840164378
880	82	-0.017312819562282176
890	82	-0.013570360468790251
900	82	-0.010740026791942399
910	82	-0.008404598267080936
920	82	-0.007300516967068054
930	82	-0.004763360715697823
940	82	-0.005424039834114605
950	82	0.013165573735555906
960	82	-0.0019217162965688723
970	82	-0.003058903674389382
980	82	-0.00018803283480863737
990	82	-0.1307795760133094
1000	82	0.005068229658550991
1010	82	0.006385655484694055
1020	82	0.0008447606547514535
1030	82	0.0018834960115110232
1040	82	0.004481465209929902
1050	82	0.00042827737080036304
1060	82	0.0008660808042094826
1070	82	0.0023580257497924496
1080	82	0.005211155955111335
1090	82	0.004542038340250004
1100	82	0.0037269549636924975
1110	82	0.005225799837047387
1120	82	0.02721993607265835
1130	82	0.0029680322165651944
1140	82	0.00581782289488713
1150	82	0.008694987321044886
1160	82	0.006655050053786623
1170	82	0.009509912132506215
1180	82	-0.1830098842199626
1190	82	0.008767436010779065
1200	82	0.0011161129190453967
870	83	-0.023181168183471993
880	83	-0.018197460181607155
890	83	-0.014472895651418908
900	83	-0.011613157555215413
910	83	-0.010332170930381631
920	83	-0.007091328310844196
930	83	-0.006702086826634229
940	83	-0.004798279865167503
950	83	-0.2711437279508237
960	83	-0.002973902012181303
970	83	0.0009745618614130218
980	83	0.006007865658825153
990	83	-0.005081432836000216
1000	83	-0.004518146214957354
1010	83	0.0008816272824879929
1020	83	-0.005796096394674689
1030	83	0.005953174070554562
1040	83	0.003111920293608779
1050	83	0.0018333547699438968
1060	83	0.0056067338325402356
1070	83	0.0046231871877187155
1080	83	0.006152134784521391
1090	83	0.011581245864655735
1100	83	0.0026292811182665843
1110	83	-0.009887315742572903
1120	83	0.004821276031208609
1130	83	0.006801571493413787
1140	83	0.007326510326153374
1150	83	0.005401832747686581
1160	83	0.005237483124581594
1170	83	-0.005873328602477299
1180	83	0.01160852837104968
1190	83	0.004260487090595127
1200	83	0.006232131824039774
870	84	-0.0239015423651099
880	84	-0.019018677458698865
890	84	-0.015315320165200461
900	84	-0.01243273429362682
910	84	-0.01059043868367104
920	84	-0.007518649526971612
930	84	-0.007337989696955512
940	84	-0.004689561521547878
950	84	-0.0037641889255541922
960	84	-0.0038745191082484158
970	84	-0.012211945999604503
980	84	0.0018346184083625342
990	84	-0.0008201221032936672
1000	84	0.001956830430223962
1010	84	0.0014595319436763385
1020	84	0.003111909724153064
1030	84	0.0038418996470986197
1040	84	0.0033399739863940116
1050	84	0.15776693780095571
1060	84	0.003381217051655668
1070	84	0.004177342828095116
1080	84	0.0013020075376403144
1090	84	0.0022204187925131277
1100	84	0.003854692853034502
1110	84	0.007013934483413527
1120	84	0.0029991123151415036
1130	84	-0.00011338148837104261
1140	84	0.01489608209627394
1150	84	0.003285479997480114
1160	84	0.0047966284946588415
1170	84	-0.0030302141822365646
1180	84	0.007100349575425014
1190	84	0.003689809769675051
1200	84	-0.004142827457707808
870	85	-0.02456816492308808
880	85	-0.01978250924178993
890	85	-0.05484853130111964
900	85	-0.013202474747780274
910	85	-0.010859369793053646
920	85	-0.00904291211982441
930	85	-0.011282753659629286
940	85	-0.0062788209857324905
950	85	-0.004452112862329088
960	85	-0.0010307907310223095
970	85	-0.7115580658410569
980	85	-0.001357898337195249
990	85	-0.0040633476967294
1000	85	0.0007981755223279595
1010	85	0.0018443397807027587
1020	85	0.01870369529670396
1030	85	-0.0006188095960495572
1040	85	-0.0011659177061485138
1050	85	0.0040746831674905734
1060	85	-0.0023312072465310435
1070	85	0.003742135179516384
1080	85	0.002048930352962423
1090	85	0.0033077282670227423
1100	85	0.006067680126864735
1110	85	0.00868352196414199
1120	85	0.006909936035634853
1130	85	0.002877958868304287
1140	85	0.009096105250600098
1150	85	0.0018400838983631924
1160	85	0.009189306944212683
1170	85	0.005997353811253832
1180	85	0.0001565142871629979
1190	85	0.00399704846706017
1200	85	0.008088426435414622
870	86	-0.025185304050945934
880	86	-0.020492687265348083
890	86	-0.016838326250596242
900	86	-0.0139258802338281
910	86	-0.011549977619776873
920	86	-0.009046618876812488
930	86	-0.008021395287525398
940	86	-0.0075666601699848025
950	86	-0.004276611539768421
960	86	-0.0024133765243476725
970	86	-0.004166237144723612
980	86	-0.005690933116865329
990	86	0.0004590184387466456
1000	86	0.00021245886524772577
1010	86	-0.0008461548976791295
1020	86	0.002845884504932825
1030	86	0.0020234206006384736
1040	86	0.0031373458157281588
1050	86	0.0014058712605969194
1060	86	0.005029979693144702
1070	86	0.0283009931377942
1080	86	0.005633463851081631
1090	86	0.003328633697913732
1100	86	0.008819886972706081
1110	86	-0.002074525146719274
1120	86	0.02320009719218861
1130	86	-0.0245314830533834
1140	86	0.003172108779434528
1150	86	0.008454868216442086
1160	86	0.0062488735404313475
1170	86	0.008509666116763018
1180	86	-0.001982677095967406
1190	86	0.0033926910859994565
1200	86	0.005256042485228716
870	87	-0.025756388647241876
880	87	-0.0211526448983122
890	87	-0.01752704040772686
900	87	-0.01460624755253635
910	87	-0.012203062166026374
920	87	-0.010302317554590552
930	87	-0.008829604467445082
940	87	-0.007179609258035788
950	87	-0.004004638713165581
960	87	-0.00445568001582751
970	87	-0.0030034100086192704
980	87	-0.002492548014835974
990	87	-0.0021229696917830104
1000	87	-0.009487968747693708
1010	87	-0.0009334002105903243
1020	87	-0.0009370443303229279
1030	87	-0.0014612671416669239
1040	87	-0.025764494907019386
1050	87	0.0021553815242945553
1060	87	-0.03012496248271879
1070	87	0.007980912451590112
1080	87	0.011252775827991949
1090	87	0.01050846034724173
1100	87	0.004685864289861203
1110	87	0.007084454492639448
1120	87	0.009259285935495668
1130	87	0.016400699885360345
1140	87	0.012834799222149805
1150	87	0.009155006952639481
1160	87	0.004840250770137907
1170	87	0.006119251653083306
1180	87	0.006844367452121643
1190	87	0.008742290721150124
1200	87	0.002212953100732335
870	88	-0.02628450705202398
880	88	-0.021762116922550468
890	88	-0.018164814274841
900	88	-0.015246692610004435
910	88	-0.01282127570106972
920	88	-0.010774915110046456
930	88	-0.00906845238971998
940	88	-0.007379568220469299
950	88	-0.0066464195592264045
960	88	-0.004947210105077052
970	88	-0.006691112111625434
980	88	-0.0017724196041945376
990	88	-0.0033206903909809567
1000	88	-0.0030017099550854577
1010	88	0.0008064865082644257
1020	88	-0.007889843607435056
1030	88	-0.0008705677741255567
1040	88	0.004012711271200018
1050	88	-0.00012321445244642258
1060	88	0.0038642852658419954
1070	88	0.004409019413419276
1080	88	0.0018965003045262768
1090	88	0.004718994287769242
1100	88	0.00588819516074761
1110	88	0.0055417554998820244
1120	88	0.004311082356438377
1130	88	0.0065676820249422185
1140	88	0.00627289265464357
1150	88	0.0041971120479950726
1160	88	0.0037620959028962526
1170	88	0.005488117429942536
1180	88	0.003943143707147198
1190	88	0.004066535016241913
1200	88	0.002716825473107585
870	89	-0.02677324098146313
880	89	-0.02233987975193994
890	89	-0.0187746640333267
900	89	-0.015850162608368062
910	89	-0.013407151721075145
920	89	-0.01133346932748986
930	89	-0.010028022531275205
940	89	-0.011041380530166242
950	89	-0.006824154669114439
960	89	-0.004428537208942489
970	89	-0.0036907505550127007
980	89	0.0007142617165788213
990	89	0.002209025455393901
1000	89	0.005615465091388202
1010	89	-0.0021813563772789526
1020	89	-0.008415718995758163
1030	89	0.00006882644594100101
1040	89	0.002928105635181453
1050	89	0.004160302975401618
1060	89	-0.01984208048951612
1070	89	0.00047857965369669386
1080	89	0.0034234493010551086
1090	89	0.0021470694671997127
1100	89	0.0313172308587304
1110	89	0.001410218400961302
1120	89	0.006399936565312688
1130	89	0.015917408392299538
1140	89	0.0036560678130350345
1150	89	0.007863648395788606
1160	89	0.0025012536286553562
1170	89	0.0015605206169599707
1180	89	0.002431510090099616
1190	89	-0.005897818727858716
1200	89	0.004456956998879594
870	90	-0.027225812704916058
880	90	-0.022872843927656702
890	90	-0.019340680781811698
900	90	-0.016419453486253975
910	90	-0.01396311178387727
920	90	-0.011866570097210413
930	90	-0.0104805261076393
940	90	-0.0068328264124465354
950	90	-0.009557343678741639
960	90	-0.0025688071762582708
970	90	-0.005168118737421298
980	90	-0.005115165423807062
990	90	-0.0037263029351178884
1000	90	-0.007339795771359341
1010	90	-0.00043810446660283984
1020	90	0.01631176138036533
1030	90	0.0072899655276153245
1040	90	-0.0655147181853301
1050	90	0.013686520297667069
1060	90	0.0020391809608001337
1070	90	-0.002253063019449729
1080	90	0.004090792815588324
1090	90	0.002917113844438624
1100	90	0.005370090440742432
1110	90	0.029190130136442186
1120	90	0.001611959536613332
1130	90	0.012865902082353579
1140	90	-0.024148090866092608
1150	90	0.0021727994378029952
1160	90	0.009431753532597394
1170	90	0.002156497993706874
1180	90	0.00024179787138253
1190	90	-0.0037882392115716
1200	90	0.003295831503481731
870	91	-0.027644423029931843
880	91	-0.023370045149670424
890	91	-0.019870434135405877
900	91	-0.01695721744804633
910	91	-0.014491473904478847
920	91	-0.012376236942410789
930	91	-0.01053944653416891
940	91	-0.011001280827466316
950	91	-0.008404596119470129
960	91	-0.005921378345539611
970	91	-0.004841579281522136
980	91	-0.0039120863313202026
990	91	-0.0030420616425011187
1000	91	-0.0032032541599513243
1010	91	-0.0001409293223604428
1020	91	-0.0027107698937786366
1030	91	0.0005176627896242287
1040	91	0.000913537166873325
1050	91	0.010560319672092235
1060	91	0.0014604978937905438
1070	91	-0.0037266767260164604
1080	91	0.0024259040881111065
1090	91	0.0037009606602393234
1100	91	-0.006591993553783723
1110	91	0.012597975726964836
1120	91	0.002321679264374563
1130	91	-0.002542331050780906
1140	91	0.042846372769717075
1150	91	0.009426439909595396
1160	91	-0.00008714658142444297
1170	91	0.0024381003038921258
1180	91	0.005873153293874797
1190	91	-0.006822333317723413
1200	91	-0.02202866015572602
870	92	-0.028032561011609336
880	92	-0.02383395444435374
890	92	-0.02037029013953265
900	92	-0.017465978104179256
910	92	-0.0149944589079132
920	92	-0.012864406436004956
930	92	-0.011007920879191934
940	92	-0.009895178394441791
950	92	-0.008197682393416705
960	92	-0.007113815398540275
970	92	-0.010132281725580717
980	92	-0.0036697824170055914
990	92	-0.0026213089730844426
1000	92	-0.005777915544600204
1010	92	-0.0028564416617093275
1020	92	0.01023460155719182
1030	92	-0.0009131011546365368
1040	92	-0.0038436431071955527
1050	92	0.0007206778829727465
1060	92	0.00024045959980375324
1070	92	0.0010379352151177975
1080	92	-0.00280731868047282
1090	92	0.004642630863310916
1100	92	0.0001090206308169288
1110	92	0.005227579739904191
1120	92	-0.003314968124773003
1130	92	-0.013405663059506608
1140	92	0.00045792306855523907
1150	92	0.003740974085287523
1160	92	0.0010051345343646176
1170	92	-0.0071017090834161415
1180	92	0.0001140069646247321
1190	92	-0.0033673193792360693
1200	92	-0.015987355230179953
870	93	-0.028392199108784506
880	93	-0.024312966795373515
890	93	-0.020839876581350277
900	93	-0.017948135084128798
910	93	-0.015474197506314645
920	93	-0.013332949281884316
930	93	-0.011460396464501909
940	93	-0.009520095414162663
950	93	-0.008222448896543024
960	93	-0.007071973188083839
970	93	-0.005411083397396918
980	93	-0.005377197844348947
990	93	-0.005868061555162861
1000	93	-0.0025996061604524464
1010	93	-0.0024670835712876896
1020	93	-0.0111416943103615
1030	93	0.002494986585800042
1040	93	-0.006173926047225526
1050	93	-0.0012823987793573613
1060	93	-0.0025629034945952953
1070	93	-0.009571832287930165
1080	93	-0.002630441001074003
1090	93	0.004959087899162396
1100	93	0.01071953170132783
1110	93	0.001062147109945996
1120	93	-0.040830536085517066
1130	93	-0.00040201677405415334
1140	93	0.0018661281846118014
1150	93	0.00623377683544479
1160	93	0.09225643658974886
1170	93	-0.08590159008299714
1180	93	-0.004251451079732626
1190	93	-0.007902369945669535
1200	93	-0.011354890498303792
870	94	-0.028726007347343478
880	94	-0.024674010175342757
890	94	-0.02128299491325378
900	94	-0.018405997420960694
910	94	-0.015932732710706242
920	94	-0.013783673258114058
930	94	-0.01189847709305537
940	94	-0.010231260990537722
950	94	-0.008505149673000102
960	94	-0.014323007362078335
970	94	-0.004473496872844435
980	94	-0.005709775308500608
990	94	-0.003765553528503768
1000	94	-0.00538150897714107
1010	94	-0.0015101500541995795
1020	94	-0.0020938160979780424
1030	94	-0.001984213511867473
1040	94	0.000535014200237016
1050	94	-0.0010150264276838426
1060	94	-0.0015216115781296123
1070	94	0.010310723419424437
1080	94	-0.00606265861196824
1090	94	-0.0010823755952644612
1100	94	-0.0013673086435407522
1110	94	0.00357449217378027
1120	94	0.0006913931489005183
1130	94	-0.0012350787640169484
1140	94	-0.00046278034265849775
1150	94	0.004328024257909262
1160	94	-0.0016991814166683555
1170	94	-0.004535307173669517
1180	94	-0.002104681939644292
1190	94	0.0007065229959695925
1200	94	-0.019662556192346674
870	95	-0.029036342236718218
880	95	-0.025054930950473554
890	95	-0.021706943647427993
900	95	-0.01884167394442807
910	95	-0.016372024067594904
920	95	-0.014218327282384407
930	95	-0.012323711295157561
940	95	-0.010644662302897422
950	95	-0.009242146429909885
960	95	-0.0077760094261091475
970	95	-0.007128836832794354
980	95	-0.005862212762911344
990	95	-0.003185047762629082
1000	95	-0.0062965897037238205
1010	95	-0.002344371717576267
1020	95	-0.0021231868034106323
1030	95	0.01013488206206575
1040	95	-0.00022023075004916264
1050	95	-0.0020876894841395134
1060	95	0.0035394064934488618
1070	95	0.001522024202014218
1080	95	0.008916081189998433
1090	95	0.0017298093884907668
1100	95	-0.0021018952436370492
1110	95	0.02262946874216424
1120	95	0.009209252329363501
1130	95	0.004337443306734624
1140	95	0.007063487946979898
1150	95	-0.0003047066883845773
1160	95	-0.00024241027450653751
1170	95	-0.011332438277912027
1180	95	-0.0033398560110279533
1190	95	-0.004566441123181067
1200	95	-0.041184899201338734
870	96	-0.029325225729084664
880	96	-0.025412912026756777
890	96	-0.022103739092186433
900	96	-0.019257336500546108
910	96	-0.016793952965807796
920	96	-0.014638596072305103
930	96	-0.012737637087957837
940	96	-0.0110497696344458
950	96	-0.00954284369851303
960	96	-0.007869997307544568
970	96	-0.006990295239399032
980	96	-0.00650611343497269
990	96	-0.00410132289011932
1000	96	-0.0035381463829813535
1010	96	-0.005564071962094623
1020	96	0.0005254828806960381
1030	96	-0.0003891682238060164
1040	96	-0.015610556303995753
1050	96	-0.0002284538082904204
1060	96	-0.004615169838096574
1070	96	-0.005379094643278744
1080	96	0.0009534092518943122
1090	96	-0.0002716232331329423
1100	96	-0.017027997293616717
1110	96	-0.0069553934268089465
1120	96	0.027398252606351686
1130	96	0.0003859596786454877
1140	96	0.003219821653280725
1150	96	-0.0006071852840875386
1160	96	0.00020782919185745473
1170	96	-0.008371152139754385
1180	96	-0.0035065428680621526
1190	96	-0.012630256264863358
1200	96	-0.010867298782226283
870	97	-0.029594875986263914
880	97	-0.02575018068947537
890	97	-0.022473864173285802
900	97	-0.01965489485066122
910	97	-0.017200324210755354
920	97	-0.015046107593522814
930	97	-0.01314169629080562
940	97	-0.011447912940728971
950	97	-0.00993412031808887
960	97	-0.008143051103280268
970	97	-0.007126833305855497
980	97	-0.02926677288128642
990	97	-0.00633816573847985
1000	97	-0.003073104782577402
1010	97	-0.0037458271040928513
1020	97	-0.00287393799021359
1030	97	-0.0015754433895277034
1040	97	0.00272920924612113
1050	97	-0.008517406073186537
1060	97	0.007555096555750192
1070	97	0.0013212904050498657
1080	97	0.0035227880658224003
1090	97	-0.008988122577976702
1100	97	-0.002328792043673546
1110	97	-0.008538323844517757
1120	97	-0.014886234388697893
1130	97	0.007252258724561949
1140	97	-0.0035976053484473272
1150	97	-0.005960780083697033
1160	97	-0.009254534007604214
1170	97	-0.004470794161408322
1180	97	0.002147760027276081
1190	97	-0.015208270950503717
1200	97	-0.016337997184899023
870	98	-0.029847332436416026
880	98	-0.026076144819229517
890	98	-0.02251837138022181
900	98	-0.02003632704674816
910	98	-0.017592866653213666
920	98	-0.01544242775582522
930	98	-0.013537316137407534
940	98	-0.011840377076334774
950	98	-0.010322438723056859
960	98	-0.009033486769078605
970	98	-0.007478893091290243
980	98	-0.009272370559915958
990	98	-0.005397217106754372
1000	98	-0.001965360873023248
1010	98	-0.003296498512833733
1020	98	-0.005520988566284812
1030	98	-0.0018806702927370096
1040	98	-0.0004261191149126405
1050	98	0.00006686034774648549
1060	98	-0.011009615002233587
1070	98	0.018169058165469393
1080	98	0.00234111478321457
1090	98	0.006674749751248019
1100	98	-0.0020704521370963763
1110	98	0.0033699179122566947
1120	98	0.009656621684386493
1130	98	-0.004936047618673118
1140	98	0.0007676995351039316
1150	98	-0.006174597006059157
1160	98	-0.005976358625581971
1170	98	-0.0030037613798417815
1180	98	-0.01217258496851516
1190	98	-0.013545337713437999
1200	98	-0.02209880098953278
870	99	-0.030084276689464715
880	99	-0.026369625555917937
890	99	-0.023187210303713165
900	99	-0.020403364418853282
910	99	-0.01797323730508361
920	99	-0.01582906719797474
930	99	-0.013925869389878479
940	99	-0.012228440584911855
950	99	-0.010708992373977906
960	99	-0.009345555181958115
970	99	-0.007257812232880082
980	99	-0.00574395692380876
990	99	-0.007618371621934482
1000	99	0.0008660938134475837
1010	99	-0.004195048681852518
1020	99	-0.008546008442739556
1030	99	-0.0043350449138101
1040	99	-0.011637835608061309
1050	99	0.0031869138263979826
1060	99	0.044084224069629294
1070	99	-0.0016387131896660467
1080	99	0.0035149981662882536
1090	99	-0.005110127474281887
1100	99	-0.014173435804673831
1110	99	0.008602297080840102
1120	99	-0.07823589723709498
1130	99	-0.0067331874163958855
1140	99	-0.010788763820243892
1150	99	-0.005995550108027682
1160	99	-0.008723233294504508
1170	99	-0.015205424027023068
1180	99	-0.007767638405578962
1190	99	-0.014973206007857849
1200	99	-0.0178592608230667
870	100	-0.030307660635603573
880	100	-0.026672494776593714
890	100	-0.02349301246615886
900	100	-0.0207577525753352
910	100	-0.01834302306854517
920	100	-0.016207472845253368
930	100	-0.014308671650272954
940	100	-0.012613273743177016
950	100	-0.011094877070404428
960	100	-0.009732503458843777
970	100	-0.008384724830762462
980	100	-0.007145533362883047
990	100	-0.00827066359765525
1000	100	-0.008307182869007933
1010	100	-0.004564903905159053
1020	100	-0.0041153336082891965
1030	100	-0.0032912949900935256
1040	100	-0.005936288763754658
1050	100	-0.0017804888799724747
1060	100	-0.0024212619501321345
1070	100	-0.008591821896690938
1080	100	-0.00487103047778193
1090	100	0.001778613646621796
1100	100	-0.0009284215464334703
1110	100	-0.0037315338970624074
1120	100	0.006895962415919493
1130	100	-0.004497409222489186
1140	100	0.00044801038288311816
1150	100	-0.007793021087541314
1160	100	-0.008877365666584248
1170	100	-0.01771915485767422
1180	100	-0.01290471212957376
1190	100	-0.00882301901889652
1200	100	-0.01960332607822094
870	101	-0.03051912606999493
880	101	-0.026932981713461306
890	101	-0.023838508507557282
900	101	-0.021101132905255417
910	101	-0.018703735366030847
920	101	-0.016579034828928387
930	101	-0.01468701488941757
940	101	-0.012996068958677396
950	101	-0.01148116018695086
960	101	-0.010122315084506303
970	101	-0.008903682069935673
980	101	-0.0075196575367648295
990	101	-0.008425820023029001
1000	101	-0.008004933418770576
1010	101	0.010594396263397888
1020	101	-0.012240864671138095
1030	101	-0.0029113557302092143
1040	101	-0.00959468226755948
1050	101	-0.002600358434997662
1060	101	-0.005357006457344127
1070	101	-0.004732924543624728
1080	101	-0.016240689653529723
1090	101	-0.0007818121270567741
1100	101	0.02097069248376944
1110	101	-0.03686918015148565
1120	101	-0.004688547011740301
1130	101	0.006461195747536495
1140	101	0.06159833624304662
1150	101	0.004467632455752332
1160	101	0.02451936520915329
1170	101	-0.010112546693617604
1180	101	-0.02604470859080219
1190	101	-0.023313342417886497
1200	101	-0.016898720520577
870	102	-0.030720050410967224
880	102	-0.02719647571768307
890	102	-0.024136411731885837
900	102	-0.021435064754269432
910	102	-0.019056832205583667
920	102	-0.016945082649968735
930	102	-0.015062092464668407
940	102	-0.013377955656579933
950	102	-0.011868885884215365
960	102	-0.010515925765489117
970	102	-0.00930404400217655
980	102	-0.008282298760018375
990	102	-0.004921848116352776
1000	102	-0.006532440794508642
1010	102	-0.012683521305297395
1020	102	-0.0042804835131600725
1030	102	-0.006739510497581325
1040	102	-0.0015718593474661638
1050	102	-0.0019514103305310706
1060	102	0.006781323922605858
1070	102	-0.0014616048410915415
1080	102	-0.0029441442825380647
1090	102	-0.0033299417141379804
1100	102	-0.013795696949212928
1110	102	8.527645751518296e-6
1120	102	-0.008028447437635807
1130	102	-0.009365813200152099
1140	102	-0.02374334219448
1150	102	-0.02863080789146554
1160	102	-0.027924144796907392
1170	102	-0.01761365978500343
1180	102	-0.017818603000137215
1190	102	-0.03889021555267974
1200	102	-0.030820558952397256
870	103	-0.030912443443410514
880	103	-0.027445420103942655
890	103	-0.024424530064321482
900	103	-0.02176102884243011
910	103	-0.019403681076717312
920	103	-0.01730688440092866
930	103	-0.015435081558488287
940	103	-0.013759990938589832
950	103	-0.012259054527726737
960	103	-0.010914273642439947
970	103	-0.009711463775497036
980	103	-0.008639577351925184
990	103	-0.007288855031018744
1000	103	-0.00789246311395043
1010	103	-0.006223754105938859
1020	103	8.8267522018762e-7
1030	103	-0.003130787961602006
1040	103	-0.00650144832957599
1050	103	-0.004064291993141646
1060	103	0.0023107832549585905
1070	103	0.004612536915665594
1080	103	-0.003260745695064051
1090	103	-0.005255547954704773
1100	103	-0.0011464824008029062
1110	103	-0.023774629325631288
1120	103	0.015884323967026468
1130	103	-0.010625395417816218
1140	103	-0.00889597275171693
1150	103	-0.015100140127932187
1160	103	0.002881744859395334
1170	103	-0.01954132276332494
1180	103	-0.05781865650047718
1190	103	-0.01927723280692908
1200	103	-0.04620310796433661
870	104	-0.031097578561066066
880	104	-0.02769113127423538
890	104	-0.024708299318436953
900	104	-0.02208043411999129
910	104	-0.01974559338163595
920	104	-0.017665659141852436
930	104	-0.01580709570114955
940	104	-0.014143201803123208
950	104	-0.01265259369619672
960	104	-0.011318252805531425
970	104	-0.010126782515659951
980	104	-0.009067819793527004
990	104	-0.00813369157748733
1000	104	-0.007873983599297583
1010	104	-0.00660354991496186
1020	104	-0.005912784326566138
1030	104	-0.0044984616706122355
1040	104	-0.005503380134760724
1050	104	-0.009863246414690177
1060	104	-0.00812148035683428
1070	104	-0.02268680583394804
1080	104	-0.002855983322302115
1090	104	0.006988790256009076
1100	104	-0.0038686853432116303
1110	104	-0.005767410070635721
1120	104	-0.011133917825004535
1130	104	-0.00472381674533378
1140	104	-0.11119187896808058
1150	104	-0.03217199073464461
1160	104	-0.016607386279809684
1170	104	0.009783539985433232
1180	104	-0.14152788333504848
1190	104	-0.028626709170453974
1200	104	-0.03728019459632064
870	105	-0.03127648339732259
880	105	-0.027929263882516146
890	105	-0.024995206293748223
900	105	-0.02239461226065441
910	105	-0.02008381061247742
920	105	-0.0180225394764169
930	105	-0.016179192948045804
940	105	-0.01452856450406405
950	105	-0.013050411626223245
960	105	-0.011728659845993326
970	105	-0.010550765294818229
980	105	-0.009506999745883597
990	105	-0.008590345474848946
1000	105	-0.007853338330498612
1010	105	-0.005590441192676366
1020	105	-0.013451564646870938
1030	105	-0.002437596425293096
1040	105	-0.005935480248783529
1050	105	-0.0047100470300223815
1060	105	-0.005816809857563953
1070	105	-0.0024702274113766677
1080	105	0.0035046108628952926
1090	105	-0.007864103675603555
1100	105	-0.0072552302894409145
1110	105	-0.00860061056801962
1120	105	-0.06433464853368287
1130	105	-0.012960873258886476
1140	105	-0.018404468165912916
1150	105	-0.0052265545420020045
1160	105	-0.042190099874325954
1170	105	-0.026442341763994244
1180	105	-0.011734639091095815
1190	105	-0.033117460503168335
1200	105	-0.059706690606887027
870	106	-0.03145064406611256
880	106	-0.028223645860089217
890	106	-0.025256387470699707
900	106	-0.022704821129397566
910	106	-0.02041951810001052
920	106	-0.01837859431868764
930	106	-0.016552394140462848
940	106	-0.014917004401851168
950	106	-0.013453368724076327
960	106	-0.012146368031393445
970	106	-0.010984167348117484
980	106	-0.009957810447660042
990	106	-0.009060917754749868
1000	106	-0.008289530947775483
1010	106	-0.007315018251027948
1020	106	-0.006963524653537045
1030	106	-0.01326807457393566
1040	106	-0.0011537176343279722
1050	106	-0.007682110216043714
1060	106	-0.0048358627364820115
1070	106	-0.007660702646582209
1080	106	-0.01050077319552152
1090	106	-0.0029575924755761572
1100	106	-0.011780991597546002
1110	106	-0.013974873415823017
1120	106	-0.011945867445044443
1130	106	-0.017467803404735013
1140	106	-0.015798843877976476
1150	106	0.003429050425266469
1160	106	-0.012325606583027606
1170	106	-0.021670429166238535
1180	106	-0.03194878305530307
1190	106	-0.017977649420099
1200	106	-0.02320129658278437
870	107	-0.031621397053387415
880	107	-0.02840009374089939
890	107	-0.025611996291635436
900	107	-0.023012246503672642
910	107	-0.02075381568717531
920	107	-0.01873493817140439
930	107	-0.016927616759474667
940	107	-0.015309385531913874
950	107	-0.013862274817352374
960	107	-0.012572047922990683
970	107	-0.01142768283340714
980	107	-0.01042091331527765
990	107	-0.009546045156512088
1000	107	-0.008799781714265143
1010	107	-0.0081424601697884
1020	107	-0.008505438197845697
1030	107	-0.005448148453788054
1040	107	-0.0037537041502661156
1050	107	-0.0035759121086924206
1060	107	-0.013354251018542724
1070	107	-0.00788608818378753
1080	107	0.0033227626753163405
1090	107	0.0016876009801800877
1100	107	-0.004511286773338831
1110	107	-0.007197574235025649
1120	107	-0.007722251267347344
1130	107	-0.011185632253814333
1140	107	-0.02046480813129999
1150	107	-0.0197045253785874
1160	107	-0.024821451571174102
1170	107	-0.021176261479236253
1180	107	-0.04356009751404065
1190	107	-0.007190422344714926
1200	107	-0.06021826241159719
870	108	-0.03178990371398429
880	108	-0.028637343065198405
890	108	-0.025827663923648346
900	108	-0.023318007534537975
910	108	-0.021087747881945687
920	108	-0.019060164285766217
930	108	-0.017305769737600916
940	108	-0.01570654217237901
950	108	-0.014277874209423478
960	108	-0.013006432433778211
970	108	-0.011881963757525541
980	108	-0.010896925323252838
990	108	-0.010046313121516624
1000	108	-0.009327516800421454
1010	108	-0.008740248841896753
1020	108	-0.00798351954943515
1030	108	-0.008518176898068625
1040	108	-0.008254624902277739
1050	108	-0.009437284435833495
1060	108	-0.005957684812899785
1070	108	-0.015356558190927395
1080	108	-0.016317405530121017
1090	108	-0.008728176173305213
1100	108	-0.01661418080307838
1110	108	-0.2642347896428482
1120	108	-0.032652153108917066
1130	108	-0.013165980964289566
1140	108	-0.03122339746490704
1150	108	-0.02322014827612678
1160	108	-0.027571840542976966
1170	108	-0.0322047699636632
1180	108	-0.020522218714180716
1190	108	-0.04698728460200677
1200	108	-0.05477770721781956
870	109	-0.03195721805112515
880	109	-0.02882580123925574
890	109	-0.026089858679990932
900	109	-0.023623152028286517
910	109	-0.02142230659527865
920	109	-0.019452070642528557
930	109	-0.017687676146999426
940	109	-0.016109236914833992
950	109	-0.0147008845336119
960	109	-0.0134501760188306
970	109	-0.012347625074712543
980	109	-0.011386434150316012
990	109	-0.010562290550094925
1000	109	-0.009873282138683137
1010	109	-0.009319886965019479
1020	109	-0.008905053160461241
1030	109	-0.00840961544120256
1040	109	-0.007581125119931783
1050	109	-0.010249925626841351
1060	109	-0.007092608507334041
1070	109	-0.010005714387059765
1080	109	-0.01713212119715856
1090	109	-0.010921233496309994
1100	109	-0.01797364646508896
1110	109	0.0033292097281024963
1120	109	-0.018257888862664665
1130	109	-0.022784996324146628
1140	109	-0.029052805631133934
1150	109	-0.03076293063754756
1160	109	-0.028415110112199164
1170	109	-0.038988498236014
1180	109	0.3009003944771172
1190	109	-0.042822709355381725
1200	109	-0.05447080088838527
870	110	-0.03212411661215523
880	110	-0.02903295352712729
890	110	-0.02634884101302285
900	110	-0.023928659010397858
910	110	-0.021758395294415565
920	110	-0.019814648182343814
930	110	-0.018074138766018807
940	110	-0.01651818933682177
950	110	-0.01513196741108161
960	110	-0.013903889682737107
970	110	-0.012825245391099685
980	110	-0.011889976363877569
990	110	-0.011094497678125507
1000	110	-0.01043760798446528
1010	110	-0.009920566927248504
1020	110	-0.00954717739600842
1030	110	-0.009570219486422452
1040	110	-0.009316683773803543
1050	110	-0.010036017337258665
1060	110	-0.006217105624685137
1070	110	-0.011369893139913103
1080	110	-0.019842730745909195
1090	110	-0.011075010088126407
1100	110	-0.014619637078393566
1110	110	-0.015574302759912492
1120	110	-0.018052389280984415
1130	110	-0.036462452899102576
1140	110	-0.012997608973517682
1150	110	-0.02800272298990462
1160	110	-0.031695460758384815
1170	110	-0.03590780146414981
1180	110	-0.06971729609809786
1190	110	-0.04581634802110098
1200	110	-0.06035167000470163
870	111	-0.03229178855370997
880	111	-0.02934476622868728
890	111	-0.026573607092634684
900	111	-0.02423543486566651
910	111	-0.022096881848897007
920	111	-0.020180971072604744
930	111	-0.01846586572775834
940	111	-0.01693407838800736
950	111	-0.015571741840650716
960	111	-0.014368140838079668
970	111	-0.013315357272222317
980	111	-0.012408073639501556
990	111	-0.01164342651784898
1000	111	-0.011020980627379346
1010	111	-0.010542807017438177
1020	111	-0.01021358518690386
1030	111	-0.010040860228964749
1040	111	-0.0101627393833442
1050	111	-0.00992992916362431
1060	111	-0.01140613022528885
1070	111	-0.01469309287939063
1080	111	-0.01197470843904993
1090	111	-0.013851317991820843
1100	111	-0.01345286198437213
1110	111	-0.017267407452324166
1120	111	-0.015185278908753796
1130	111	-0.027850478634158963
1140	111	-0.03333152031831406
1150	111	-0.027198670222298
1160	111	-0.03446220203386724
1170	111	-0.04283672567048641
1180	111	-0.03396882212342728
1190	111	-0.05625824866609031
1200	111	-0.06347806421810034
870	112	-0.03246103612200582
880	112	-0.029527860121284805
890	112	-0.026929330197614912
900	112	-0.024544335537863567
910	112	-0.022438557404608133
920	112	-0.02055177465567146
930	112	-0.018863550103743427
940	112	-0.01735751786123191
950	112	-0.01602077967462383
960	112	-0.01484347785425464
970	112	-0.013818468418541592
980	112	-0.012941196486390076
990	112	-0.01220955100375927
1000	112	-0.011623886620958786
1010	112	-0.011187104538381917
1020	112	-0.010904826241074434
1030	112	-0.010785650816820647
1040	112	-0.0108414996106067
1050	112	-0.010680416626776528
1060	112	-0.010547936678429416
1070	112	-0.014748665754902255
1080	112	-0.011687263513695766
1090	112	-0.014904141932088303
1100	112	-0.018218685127152686
1110	112	-0.018155753285418342
1120	112	-0.03522193789831065
1130	112	-0.021019258387418388
1140	112	-0.030833227607445213
1150	112	-0.03442668811222062
1160	112	-0.021090078422309946
1170	112	-0.04659930689601757
1180	112	-0.2169846540761336
1190	112	-0.05376584172520456
1200	112	-0.06375521841662497
870	113	-0.03263249394317883
880	113	-0.029717590443903964
890	113	-0.02715936327644138
900	113	-0.024856152971791848
910	113	-0.022784150965500082
920	113	-0.020927747527225607
930	113	-0.0192678141643258
940	113	-0.017789089240644505
950	113	-0.0164796185374855
960	113	-0.01533038367229406
970	113	-0.01433504374553901
980	113	-0.01348981093673957
990	113	-0.01279333038428697
1000	113	-0.012246779404928847
1010	113	-0.011853955108968563
1020	113	-0.011621447715858465
1030	113	-0.011558969709549598
1040	113	-0.011679739343902625
1050	113	-0.012001001858246863
1060	113	-0.011772551829296075
1070	113	-0.014765409805086106
1080	113	-0.016419183522705303
1090	113	-0.03165347756059986
1100	113	-0.018498981572697804
1110	113	-0.011395447059477445
1120	113	-0.0207805906433912
1130	113	-0.04089637802415377
1140	113	-0.030152230269583524
1150	113	-0.03201987986758242
1160	113	-0.04348900274010198
1170	113	-0.04288747843846159
1180	113	-0.05343195954810563
1190	113	-0.0775818905665918
1200	113	-0.0608551902250138
870	114	-0.032807199188890114
880	114	-0.029960428907156108
890	114	-0.027472672851153197
900	114	-0.02517160589745467
910	114	-0.02313434704092969
920	114	-0.021309513930765592
930	114	-0.01967923864072372
940	114	-0.018229323917643373
950	114	-0.01694874942917724
960	114	-0.015829329121568782
970	114	-0.014865532193245181
980	114	-0.01405433385031286
990	114	-0.013395193955214747
1000	114	-0.012890136868326912
1010	114	-0.012543862340181653
1020	114	-0.012364004165988384
1030	114	-0.012361469287121514
1040	114	-0.012550834217993417
1050	114	-0.012950937521728195
1060	114	-0.01358557510207422
1070	114	-0.014785881138421315
1080	114	-0.015877253376530644
1090	114	-0.017722281293167212
1100	114	-0.019848566348329932
1110	114	-0.02222593391840497
1120	114	-0.02874760800483505
1130	114	-0.021475025188623074
1140	114	-0.037767925655268916
1150	114	-0.0406600502693185
1160	114	-0.045549207664072514
1170	114	-0.05975538040234487
1180	114	-0.04201344623659998
1190	114	-0.10098979253717366
1200	114	-0.0803052724751579
870	115	-0.03298553143125281
880	115	-0.030181166632593487
890	115	-0.027740964925010773
900	115	-0.025491364129759844
910	115	-0.02348987123557843
920	115	-0.021697655625977575
930	115	-0.02009835679832109
940	115	-0.018678715065727287
950	115	-0.017428624340545085
960	115	-0.01634074273082497
970	115	-0.015410345696658449
980	115	-0.014635191801280034
990	115	-0.014015577723002657
1000	115	-0.013554396837786937
1010	115	-0.013257330167344565
1020	115	-0.013133096283695998
1030	115	-0.01319385012116778
1040	115	-0.013455611796174662
1050	115	-0.013938930391978814
1060	115	-0.014669621934544286
1070	115	-0.01567965820287295
1080	115	-0.01872677935970018
1090	115	-0.020367760726221075
1100	115	-0.021102267728254836
1110	115	-0.02250588658406833
1120	115	-0.027657565876742386
1130	115	-0.037190757928209944
1140	115	-0.029902368938803447
1150	115	-0.042244255129516184
1160	115	-0.04838708993232841
1170	115	-0.058544537984750386
1180	115	-0.07527290814467526
1190	115	-0.05968849396121947
1200	115	-0.08151815542586498
870	116	-0.03316859207277732
880	116	-0.030569248754994036
890	116	-0.027993290705695013
900	116	-0.025816043204583014
910	116	-0.023851005725665213
920	116	-0.022092703297562733
930	116	-0.02052566004419562
940	116	-0.019137719917065935
950	116	-0.01791967623186508
960	116	-0.01686503781306677
970	116	-0.015969879354187304
980	116	-0.015232784871124633
990	116	-0.014654897993250017
1000	116	-0.014240032678322629
1010	116	-0.01399488427195858
1020	116	-0.013929329687693436
1030	116	-0.014056834146148273
1040	116	-0.014394976751628487
1050	116	-0.014966099157673503
1060	116	-0.015798152079595115
1070	116	-0.016925620801710617
1080	116	-0.018390761835305736
1090	116	-0.020297768325859666
1100	116	-0.02292355651819938
1110	116	-0.02645824935035811
1120	116	-0.028988923511354646
1130	116	-0.03320275116538907
1140	116	-0.029620808392507865
1150	116	-0.04496977362972483
1160	116	-0.05262915485084169
1170	116	-0.061432385191289796
1180	116	-0.06950278315582528
1190	116	-0.07963908909104464
1200	116	-0.09222768225787298
870	117	-0.03335654594952288
880	117	-0.030748328559661153
890	117	-0.02829693287692991
900	117	-0.026146196458862663
910	117	-0.02421856497791216
920	117	-0.022495147869975713
930	117	-0.020961602809418382
940	117	-0.019606758006359908
950	117	-0.018422304087835555
960	117	-0.017402592801500246
970	117	-0.01654451899681202
980	117	-0.015847507043081962
990	117	-0.015313582679829092
1000	117	-0.014947519057010026
1010	117	-0.014757079968779152
1020	117	-0.014753358497229748
1030	117	-0.014951223485934986
1040	117	-0.015369886788254905
1050	117	-0.016033621834599252
1060	117	-0.016972628639481086
1070	117	-0.018224081906293148
1080	117	-0.019833359093383646
1090	117	-0.021855438500370132
1100	117	-0.024261679156888056
1110	117	-0.02814851733298682
1120	117	-0.031236648667777006
1130	117	-0.03720582038747351
1140	117	-0.036893272718075285
1150	117	-0.047404212428362055
1160	117	-0.056164358928111856
1170	117	-0.065502036604416
1180	117	-0.10269383007325318
1190	117	-0.09772399178032798
1200	117	-0.09953056816597522
870	118	-0.03354995476340187
880	118	-0.030962976570300473
890	118	-0.02869006168820117
900	118	-0.026482341461554447
910	118	-0.024592932764162127
920	118	-0.022905436161390375
930	118	-0.02140659945493412
940	118	-0.020086221347000412
950	118	-0.018936881309250787
960	118	-0.017953777611243237
970	118	-0.01713463829634354
980	118	-0.016479754981069676
990	118	-0.01599206646355712
1000	118	-0.01567735117123379
1010	118	-0.01554449922227739
1020	118	-0.015605887992459478
1030	118	-0.015877871496901466
1040	118	-0.016381403061957314
1050	118	-0.01714279740022645
1060	118	-0.018194659461677563
1070	118	-0.019576993840435018
1080	118	-0.021338485777798514
1090	118	-0.023537939850261244
1100	118	-0.02624580488748383
1110	118	-0.02954562585434454
1120	118	-0.033055264143414136
1130	118	-0.03785389003319979
1140	118	-0.050633668221016205
1150	118	-0.04343048134831366
1160	118	-0.06138780723714046
1170	118	-0.06594588567622903
1180	118	-0.08599559008246138
1190	118	-0.09384495251500119
1200	118	-0.09956941376705776
870	119	-0.03374948258072924
880	119	-0.031224144993672674
890	119	-0.02881842256484185
900	119	-0.026824941920648177
910	119	-0.024974549559427895
920	119	-0.023323978193951374
930	119	-0.02186103684499225
940	119	-0.02057647702019065
950	119	-0.019463764786597202
960	119	-0.01851894694156538
970	119	-0.017740608679865228
980	119	-0.017129928335717002
990	119	-0.016690800620371204
1000	119	-0.01643005544617782
1010	119	-0.016357767632814893
1020	119	-0.016487674856162465
1030	119	-0.01683771001735186
1040	119	-0.017430671832707804
1050	119	-0.018295043449767345
1060	119	-0.01946598261170548
1070	119	-0.020986486807252396
1080	119	-0.022908726086380136
1090	119	-0.025295509922089423
1100	119	-0.02822178268957349
1110	119	-0.031775961615338064
1120	119	-0.03606072802163479
1130	119	-0.04132793519240786
1140	119	-0.047065800487239
1150	119	-0.05447614582217541
1160	119	-0.06212978412479397
1170	119	-0.0728781389851767
1180	119	-0.09223737015268646
1190	119	-0.09615585909847635
1200	119	-0.11100767000811758
870	120	-0.033955302819354646
880	120	-0.03141039281714412
890	120	-0.029183174572264017
900	120	-0.027174418949136674
910	120	-0.025363813390164643
920	120	-0.023751151066900837
930	120	-0.022325272534135403
940	120	-0.02107787123089909
950	120	-0.02000329466150253
960	120	-0.01909845064879849
970	120	-0.018362800367495324
980	120	-0.017798439988174045
990	120	-0.017410258307040093
1000	120	-0.01720619065101875
1010	120	-0.017197561389104422
1020	120	-0.017399548559031957
1030	120	-0.0178317575267382
1040	120	-0.018518947689783873
1050	120	-0.019491904957962384
1060	120	-0.020788491612804823
1070	120	-0.0224548674006933
1080	120	-0.024546862794255466
1090	120	-0.02713145857959556
1100	120	-0.03028822769363308
1110	120	-0.034110491822268024
1120	120	-0.03870572758655446
1130	120	-0.04419441441380345
1140	120	-0.05070598150068653
1150	120	-0.058369711063787875
1160	120	-0.0642018936188445
1170	120	-0.07735746440876416
1180	120	-0.08791149202104453
1190	120	-0.10116240998937623
1200	120	-0.11388125579281994