0.	0.	0.	0.	0.	0.	0.	0.	-5.3794568079632e-16	-2.9049066763001e-16	0.	-2.0172963029862e-16	0.	0.	-6.4553481695558e-17	0.	2.5996800257781e-17	-4.5157064872586e-17	1.5617713504461e-17	3.098650728975e-32	4.6852652406539e-17	-7.9811844513772e-18	-6.0315106172327e-19	6.1524763243315e-18	-2.1439862426766e-17	1.3626077208865e-17	5.4858931874424e-18	3.0790175593556e-17	1.9908444018013e-32	1.2824950134238e-17	-1.742464251589e-17	5.7194084017281e-18	4.1529249081652e-18	1.5839896180403e-17	2.4516298293585e-17	5.7840986555936e-17	9.2787562900881e-17	1.7264259711749e-16	2.8233863026818e-16	5.2084031330435e-16	8.7375165373484e-16	1.4840245550952e-15	2.4268443030846e-15	3.8497282587391e-15	5.9270941570489e-15	9.1442183400908e-15	1.3586558183603e-14	2.0033848025313e-14	2.9050508309581e-14	4.1416008045845e-14	5.8195759282543e-14	8.0692845442146e-14	1.1046615187967e-13	1.4937558111582e-13	1.9975194816333e-13	2.6422174596548e-13	3.4593975203439e-13	4.4858598697281e-13	5.7639871324257e-13	7.3417327503643e-13	9.2740437734217e-13	1.1623536105732e-12	1.445927302442e-12	1.7858769938004e-12	2.190833618455e-12	2.6702671747408e-12	3.2344987555049e-12	3.894901060363e-12	4.6637412556565e-12	5.5542322136501e-12	6.5807266851408e-12	7.7584669414457e-12	9.103707305101e-12	1.0633821586876e-11	1.2367132123317e-11	1.4322990034359e-11	1.6521739278522e-11	1.8984736864863e-11	2.173424449084e-11	2.4793527935319e-11	2.8186727292365e-11	3.1938872817955e-11	3.6075793287749e-11	4.0624237343762e-11	4.5611608528558e-11	5.1066088793959e-11	5.7016545571748e-11	6.3492452986372e-11	7.0523899682057e-11	7.8141549619533e-11	8.6376500018047e-11	9.5260351546288e-11	1.0482507473357e-10	1.1510305150798e-10	1.2612688013043e-10	1.3792952518085e-10	1.5054411350794e-10	1.6400396014666e-10	1.783425332924e-10	1.9359335948182e-10	2.0979007799341e-10	2.269663145779e-10	2.4515568892033e-10	2.6439178818751e-10	2.8470810426222e-10	3.0613805905685e-10	3.2871492251876e-10	3.524718096075e-10	3.7744169825351e-10	4.0365734741358e-10	4.311513259611e-10	4.599559628596e-10	4.9010338363973e-10	5.21625459092e-10	5.545537954689e-10	5.8891977617461e-10	6.2475450448069e-10	6.6208881327372e-10	7.0095329134982e-10	7.413782656861e-10
0.	0.	0.	0.	0.	0.	0.	0.	0.	1.6631522993418e-17	1.3745060325139e-17	0.	0.	-4.6496668960972e-17	0.	6.4966886693041e-18	-6.1170106306203e-17	-2.3845020212757e-17	4.9642213902739e-17	8.8562095609465e-18	-7.8806180073476e-18	2.3284324197827e-17	2.8404821453681e-17	-9.9254188870872e-18	2.0755226649745e-17	2.2228033356505e-17	5.1530008741418e-18	1.4625911505816e-17	1.9495434067051e-17	4.7132417547842e-19	1.4620196420224e-17	9.457958696909e-18	8.0142221047116e-18	6.2090445420191e-18	2.0024563335027e-17	4.0745736579027e-17	1.0030131324419e-16	1.6264840593562e-16	3.0907788958934e-16	5.0735960464095e-16	9.0495841274226e-16	1.5199467192718e-15	2.4658575827451e-15	3.9210386867602e-15	6.1216002321742e-15	9.3114841044925e-15	1.3954048946211e-14	2.0466911346699e-14	2.9618369110974e-14	4.2251973982595e-14	5.9293041041453e-14	8.2176548472168e-14	1.1242259545401e-13	1.5192617428139e-13	2.0307993552982e-13	2.6844647776802e-13	3.512907876074e-13	4.5529689440981e-13	5.8472415002859e-13	7.4441789327481e-13	9.3992494742882e-13	1.177505106656e-12	1.464173909018e-12	1.8077321647179e-12	2.216800561966e-12	2.7009624705066e-12	3.2706012016137e-12	3.9370931971998e-12	4.7128074871676e-12	5.6110323266135e-12	6.6461229816827e-12	7.8334026261232e-12	9.1892868933863e-12	1.073109620868e-11	1.2477270652654e-11	1.4447198206597e-11	1.6661321741025e-11	1.9141025751505e-11	2.1908674103014e-11	2.4987577515516e-11	2.840190344724e-11	3.2176777115174e-11	3.633813027534e-11	4.0912662417172e-11	4.5927897680666e-11	5.1412025322181e-11	5.7393996474226e-11	6.3903322036805e-11	7.0970143036297e-11	7.8625119245876e-11	8.6899435808439e-11	9.5824702387343e-11	1.054329386736e-10	1.1575651917914e-10	1.2682812084701e-10	1.3868068705946e-10	1.5134739940224e-10	1.6486156820607e-10	1.7925669061682e-10	1.9456632061477e-10	2.1082409794102e-10	2.2806365278096e-10	2.4631863576291e-10	2.6562261754633e-10	2.860091211768e-10	3.0751155197807e-10	3.3016319965284e-10	3.5399719736017e-10	3.7904648285107e-10	4.0534386179303e-10	4.329218680165e-10	4.6181286207995e-10	4.9204895294663e-10	5.2366201172664e-10	5.5668364936073e-10	5.9114525912627e-10	6.2707791164834e-10	6.645124720215e-10	7.0347952859375e-10	7.4400939437628e-10
0.	0.	0.	7.6820849664182e-16	0.	0.	6.9312364028333e-17	0.	4.1929701696152e-17	0.	0.	0.	4.6413141371767e-17	0.	0.	6.633409838649e-18	1.8874361785272e-17	3.9721866523456e-17	4.704024705524e-18	1.619982984919e-17	1.3935755041121e-17	8.3706530053943e-33	1.9827911478512e-17	1.3404085332539e-17	-1.2361258478293e-17	1.8335211414053e-32	2.5779581962095e-18	-4.899288881644e-19	6.1784001250364e-18	7.6407377325174e-18	-2.8288914820818e-18	1.3791453000211e-17	1.1012518432866e-17	2.1902780867097e-17	3.1410145699687e-17	4.7330867110605e-17	9.693861188178e-17	1.8293662362182e-16	3.3095668038449e-16	5.8814944503515e-16	1.0049062614035e-15	1.6384941209414e-15	2.674264878429e-15	4.2162499797893e-15	6.5642743648771e-15	9.9634182571317e-15	1.4877899339838e-14	2.1785535978973e-14	3.1474813977925e-14	4.4750181739429e-14	6.2712380782216e-14	8.6731856320072e-14	1.1839363058221e-13	1.5976601666641e-13	2.1311795287578e-13	2.8124159297382e-13	3.6748582957601e-13	4.7552831368355e-13	6.0984991949359e-13	7.7535823625142e-13	9.7769098887193e-13	1.2233537513812e-12	1.5193976206886e-12	1.8738041172373e-12	2.2953762191621e-12	2.7937974528026e-12	3.3797041958274e-12	4.0646000467201e-12	4.8610350537525e-12	5.782515385853e-12	6.8435974929028e-12	8.0597418012372e-12	9.4475850680062e-12	1.1024640628022e-11	1.2809559417362e-11	1.4821931984826e-11	1.7082365958796e-11	1.961245038733e-11	2.243472978725e-11	2.5572706912592e-11	2.9050740918076e-11	3.2894107495051e-11	3.7128889763265e-11	4.1781998229152e-11	4.6881084920157e-11	5.245451075756e-11	5.8531343166692e-11	6.5141250249645e-11	7.2314470932188e-11	8.0081811938918e-11	8.8474575705582e-11	9.7524443083493e-11	1.0726355773095e-10	1.1772436230824e-10	1.2893963218471e-10	1.4094237777949e-10	1.5376582891945e-10	1.6744339305419e-10	1.8200860070969e-10	1.9749504822492e-10	2.139364197264e-10	2.3136637799371e-10	2.4981860253636e-10	2.6932670037708e-10	2.8992421195351e-10	3.1164456295659e-10	3.3452104521801e-10	3.5858679366794e-10	3.8387480313645e-10	4.104178262301e-10	4.3824843190777e-10	4.6739899101866e-10	4.9790158803861e-10	5.2978810701714e-10	5.6309018152064e-10	5.9783916512522e-10	6.3406616560271e-10	6.7180202869238e-10	7.1107735374515e-10	7.5192243351271e-10
0.	0.	0.	0.	0.	0.	0.	2.9364555078699e-17	0.	1.8793315250368e-17	3.1063330992343e-17	1.3050913368311e-17	-1.8660516810604e-17	0.	0.	0.	1.1751923312762e-17	3.8254947271296e-32	1.4112074116572e-17	-8.0506735259984e-17	1.8870945656656e-17	3.4502313940394e-17	3.5526115785194e-18	1.6302571851929e-17	-7.9988383949388e-18	1.8335211414053e-32	-8.4302715680858e-18	3.4768494772569e-18	6.4617148142044e-18	-7.325110559383e-18	-1.3357974654146e-17	1.5380341808517e-17	2.0882576057129e-17	7.4905046658592e-18	4.59581341796e-17	5.8656751344348e-17	1.1089924920788e-16	2.2073029903754e-16	3.675049218205e-16	6.7444583742299e-16	1.1524268490091e-15	1.908590984995e-15	3.0273494075558e-15	4.7526496615184e-15	7.3309378264452e-15	1.1083709886275e-14	1.6486387992178e-14	2.4098998666679e-14	3.4619772706442e-14	4.9063056878705e-14	6.8552561028616e-14	9.4504375153886e-14	1.286226167377e-13	1.7304024616262e-13	2.3019834815422e-13	3.0304449615275e-13	3.9495066023163e-13	5.0997930436574e-13	6.5252582877147e-13	8.2789339945922e-13	1.0418737759761e-12	1.3011190698492e-12	1.6130036221961e-12	1.9857097958446e-12	2.4283723474974e-12	2.9509168866187e-12	3.5642156042022e-12	4.280169477403e-12	5.1115648203076e-12	6.0722338885215e-12	7.1770476345668e-12	8.4418308711039e-12	9.8834656790602e-12	1.1519879530378e-11	1.3369976799628e-11	1.5453716216469e-11	1.7792000218985e-11	2.0406779690644e-11	2.3320867559809e-11	2.655808655536e-11	3.0143133398013e-11	3.4101487173747e-11	3.8459607708298e-11	4.3244620775331e-11	4.8484436690423e-11	5.4207709457323e-11	6.044369854695e-11	6.7222287797392e-11	7.4573978479003e-11	8.252974543823e-11	9.112106406022e-11	1.0037981909562e-10	1.1033827945713e-10	1.2102906391611e-10	1.3248506967255e-10	1.4473943136023e-10	1.5782548234719e-10	1.7177673532632e-10	1.8662679286616e-10	2.0240935126737e-10	2.1915814791989e-10	2.3690691941328e-10	2.5568937718011e-10	2.7553916963839e-10	2.9648989085529e-10	3.1857497219857e-10	3.4182774867692e-10	3.6628137124517e-10	3.9196882573188e-10	4.1892289445465e-10	4.4717617388022e-10	4.7676099488687e-10	5.0770948182735e-10	5.4005350371753e-10	5.7382468826332e-10	6.0905440216996e-10	6.4577375169806e-10	6.840135911865e-10	7.2380450669839e-10	7.6517681546573e-10
-1.8437003919404e-14	-4.6092509798509e-15	-2.0485559910449e-15	-1.1523127449627e-15	-7.3748015677615e-16	-5.1213899776121e-16	-4.8714386184919e-17	-2.8807818624068e-16	-2.2761733233832e-16	-1.8437003919404e-16	-1.5237193321821e-16	-1.280347494403e-16	-1.0909469774795e-16	-9.406634652757e-17	-8.1942239641794e-17	-7.2019546560171e-17	-8.2595326057476e-18	-5.6904333084579e-17	1.5617713504461e-17	-2.7406119033671e-17	1.7937551717841e-32	-6.515758968992e-18	-2.3903973263637e-17	4.0203662377204e-17	1.399359125644e-17	1.3481282716495e-17	2.5002324050344e-17	-7.7043970684357e-18	6.5692866791781e-18	-1.5888567018382e-17	1.8084473795169e-18	1.2806740972006e-17	1.2916557187293e-17	2.8066312932185e-17	4.2633226096447e-17	6.9155821361064e-17	1.3325043446338e-16	2.5050627650408e-16	4.6164274444496e-16	8.051864016779e-16	1.34410590924e-15	2.2438252374959e-15	3.5781059757973e-15	5.5290280694779e-15	8.4960256006338e-15	1.2755696545468e-14	1.887154443504e-14	2.7409445738033e-14	3.92636263359e-14	5.5379383895448e-14	7.7027708532354e-14	1.0575718255297e-13	1.4344363712606e-13	1.9227797044305e-13	2.5493245324272e-13	3.3454523891445e-13	4.3469413674728e-13	5.59586338155e-13	7.1403969382029e-13	9.0348168385919e-13	1.1340623740542e-12	1.4127720166475e-12	1.747313252728e-12	2.1462106171566e-12	2.6189452330688e-12	3.1758851120435e-12	3.8282918956899e-12	4.5884689141396e-12	5.46964419878e-12	6.4861025158876e-12	7.6531217446208e-12	8.9870198673109e-12	1.0505142463293e-11	1.2225834037453e-11	1.4168464609067e-11	1.6353500283635e-11	1.880223892239e-11	2.1537089820957e-11	2.4581334926131e-11	2.7959186977965e-11	3.1695740712865e-11	3.5816981650466e-11	4.0349661859529e-11	4.5321314510308e-11	5.0760260738672e-11	5.6695399756783e-11	6.3156417601471e-11	7.0173492336622e-11	7.7777386956899e-11	8.5999346907726e-11	9.4871123639521e-11	1.0442485122056e-10	1.146930206527e-10	1.2570843924649e-10	1.3750418605474e-10	1.5011357538838e-10	1.6357010243803e-10	1.7790739635966e-10	1.9315918693223e-10	2.0935928465409e-10	2.2654150925403e-10	2.4473968881001e-10	2.6398760929437e-10	2.8431896364176e-10	3.0576737891318e-10	3.2836636416581e-10	3.5214926269216e-10	3.7714925174184e-10	4.0339934542158e-10	4.3093234718961e-10	4.5978082209302e-10	4.8997715944039e-10	5.2155346295487e-10	5.5454160532585e-10	5.8897321981274e-10	6.2487966893536e-10	6.6229207084122e-10	7.0124126594185e-10	7.4175784772174e-10	7.8387215381578e-10
0.	0.	0.	0.	0.	0.	3.4656182014166e-17	0.	0.	0.	0.	0.	0.	0.	0.	0.	0.	-2.8127614556637e-17	-4.6070700812793e-18	-1.5768136704961e-17	1.7036451869612e-17	2.007930335833e-17	-4.2061096276812e-17	1.3047223415491e-17	-3.4587508345992e-17	1.8335211414053e-32	2.2833053136065e-17	8.1050551997126e-18	1.8017275473797e-18	6.622862098668e-19	-1.2576358047926e-17	2.1637320206034e-17	9.3588414249968e-19	3.0180749812638e-17	5.8889783540157e-17	9.4528229667777e-17	1.8034918031002e-16	3.2452053874332e-16	5.6985268640121e-16	1.0281233037115e-15	1.6391657104464e-15	2.6511513754481e-15	4.2268753918556e-15	6.5854254632753e-15	1.0023834099863e-14	1.5011292516639e-14	2.2091824765423e-14	3.1958521162672e-14	4.5522718968571e-14	6.3918735611568e-14	8.845734400145e-14	1.2096509320384e-13	1.6336560876563e-13	2.1811999872079e-13	2.8813050622907e-13	3.767259466261e-13	4.8781611492289e-13	6.2589178809011e-13	7.9606589108487e-13	1.0042045389717e-12	1.2568395340461e-12	1.5612840660074e-12	1.9257332675384e-12	2.3592307518972e-12	2.8716726515112e-12	3.4739107501894e-12	4.177818940455e-12	4.9961897987998e-12	5.9428332790608e-12	7.0325821371495e-12	8.2812846339029e-12	9.7058696900106e-12	1.1324289459648e-11	1.3155416827157e-11	1.5219284810943e-11	1.7536894250871e-11	2.013014302003e-11	2.3022018621561e-11	2.6236351472433e-11	2.9797932098551e-11	3.3732371083413e-11	3.8066176784426e-11	4.282660348313e-11	4.8041674077648e-11	5.3740155560382e-11	5.9951456910597e-11	6.6705581744767e-11	7.4033179089219e-11	8.1965361538417e-11	9.0533751968003e-11	9.9770408845593e-11	1.0970777242477e-10	1.2037860401727e-10	1.3181599167192e-10	1.440532416417e-10	1.5712389108334e-10	1.7106160518886e-10	1.8590020184593e-10	2.0167358033596e-10	2.184156421809e-10	2.3616037309646e-10	2.549416714315e-10	2.7479342316067e-10	2.9574940256928e-10	3.1784328546472e-10	3.4110862491048e-10	3.6557881651272e-10	3.9128707062348e-10	4.1826641476272e-10	4.4654966460535e-10	4.761694313651e-10	5.0715807558369e-10	5.3954772545692e-10	5.7337025796955e-10	6.0865730268592e-10	6.4544024336207e-10	6.8375017363521e-10	7.2361794389666e-10	7.6507417305514e-10	8.0814916790578e-10
0.	0.	0.	0.	0.	0.	0.	0.	0.	-3.1536273409921e-17	0.	0.	0.	0.	0.	0.	0.	3.7936222056386e-17	4.4841234572971e-17	-1.5768136704961e-17	4.2591129674029e-17	2.6048624030126e-17	4.5163144345656e-18	-1.2313644678375e-17	-2.924971363e-17	1.8335211414053e-32	-1.4017645958199e-17	4.1046959390377e-18	2.9189255588385e-18	5.4744200074057e-18	2.6534550597746e-18	9.7100689498292e-19	2.1790092697566e-17	3.2021589944969e-17	6.9061989726128e-17	1.257076342761e-16	2.2265481539569e-16	4.107492015078e-16	7.1552781713009e-16	1.2141124417319e-15	2.0411364609212e-15	3.2742187511621e-15	5.1413960257862e-15	7.9581585920845e-15	1.2111465849908e-14	1.800042917642e-14	2.6322805353592e-14	3.7829149505452e-14	5.3645033615957e-14	7.4971284330092e-14	1.0331057498613e-13	1.4062948443593e-13	1.8911226730263e-13	2.5148602883189e-13	3.308934220532e-13	4.3095998157423e-13	5.5599344522968e-13	7.108692604208e-13	9.0106260687886e-13	1.132886155317e-12	1.4134384288387e-12	1.750492136126e-12	2.1527960846099e-12	2.6299253846824e-12	3.1924572325419e-12	3.8518528618831e-12	4.6205842429219e-12	5.5121599458072e-12	6.5410627055689e-12	7.722833789205e-12	9.0740387793908e-12	1.0612303806421e-11	1.2356294328214e-11	1.4325675580116e-11	1.6541163822129e-11	1.9024446143468e-11	2.1798197430053e-11	2.4886036842788e-11	2.8312555030751e-11	3.2103147335784e-11	3.6284157251727e-11	4.0882639450985e-11	4.5926506609741e-11	5.1444401984693e-11	5.7465601537728e-11	6.402007230786e-11	7.1138340511407e-11	7.8851509923406e-11	8.7191181749923e-11	9.6189378293592e-11	1.0587857056877e-10	1.162915521428e-10	1.2746144614619e-10	1.3942163351113e-10	1.5220570876193e-10	1.6584746543506e-10	1.8038080447683e-10	1.958397501333e-10	2.1225838207911e-10	2.2967079080429e-10	2.4811106162969e-10	2.6761322360044e-10	2.8821128117392e-10	3.0993909186673e-10	3.3283040707787e-10	3.5691884083497e-10	3.8223782607417e-10	4.0882061190486e-10	4.3670027911369e-10	4.6590962884326e-10	4.9648132322691e-10	5.2844769769265e-10	5.6184090700995e-10	5.9669285234636e-10	6.3303513571775e-10	6.7089915384309e-10	7.1031600941198e-10	7.5131655723195e-10	7.9393140720448e-10	8.3819088209921e-10
0.	0.	0.	0.	0.	0.	0.	0.	0.	0.	0.	0.	0.	0.	0.	0.	0.	-2.3845020212757e-17	2.0811842865647e-17	-4.5566735581753e-17	1.8923829814647e-17	-4.9318283534319e-18	-8.7128577755957e-18	3.323493306231e-18	5.6679741190058e-18	-2.4855040877378e-17	7.8132262657327e-19	1.166365514885e-18	-4.1475906482125e-18	8.8171595238624e-19	3.8727325242438e-18	3.3459085796831e-18	2.6051802357649e-17	3.3452255457174e-17	8.9190769496023e-17	1.5290056825842e-16	2.9380204462472e-16	5.2511518459656e-16	9.1480277107829e-16	1.528597555457e-15	2.5437472813165e-15	4.0776267322648e-15	6.3990148534433e-15	9.7840514546802e-15	1.4755783815013e-14	2.1797003940121e-14	3.171365552062e-14	4.5435851319811e-14	6.4063603755818e-14	8.9056996428348e-14	1.2220021364199e-13	1.6549628281949e-13	2.2163753653132e-13	2.934819954801e-13	3.8460592159272e-13	4.9895557447463e-13	6.4131390455062e-13	8.1697131303015e-13	1.0319762069632e-12	1.2931436267505e-12	1.6081097821415e-12	1.9853266965049e-12	2.434193968737e-12	2.9649891100133e-12	3.5889723066826e-12	4.3183792666002e-12	5.1664889200678e-12	6.14756199589e-12	7.2769236694463e-12	8.5709800342396e-12	1.0047110114313e-11	1.1723802483855e-11	1.3620600515342e-11	1.5758022668545e-11	1.815759836998e-11	2.0841947922368e-11	2.3834568271252e-11	2.7159883634908e-11	3.0843275136068e-11	3.4910970333211e-11	3.9390088429037e-11	4.4308415834971e-11	4.9694587159212e-11	5.5577924577259e-11	6.1988405529952e-11	6.8956569204629e-11	7.6513591643745e-11	8.4691120590439e-11	9.3521283954163e-11	1.0303661543311e-10	1.1327002749554e-10	1.2425475534909e-10	1.3602430686701e-10	1.4861244044897e-10	1.6205308564447e-10	1.7638030661994e-10	1.9162829545863e-10	2.0783130014039e-10	2.2502362525875e-10	2.4323954748898e-10	2.6251330837117e-10	2.8287909052259e-10	3.0437099642871e-10	3.2702299512415e-10	3.5086892950346e-10	3.7594247586677e-10	4.0227711550969e-10	4.2990615205906e-10	4.5886268884528e-10	4.8917957779324e-10	5.2088945538512e-10	5.5402471852587e-10	5.8861750778489e-10	6.2469971341238e-10	6.6230297157908e-10	7.0145866743817e-10	7.4219791271813e-10	7.8455157760821e-10	8.2855024618468e-10	8.7422428067246e-10
7.9104603075678e-30	1.977615076892e-30	8.789400341742e-31	4.9440376922299e-31	3.1641841230271e-31	2.1973500854355e-31	1.6143796546057e-31	1.2360094230575e-31	9.7660003797134e-32	7.9104603075678e-32	6.5375705021222e-32	5.4933752135888e-32	4.680745744123e-32	4.0359491365142e-32	3.5157601366968e-32	3.0900235576437e-32	2.7371834974283e-32	2.4415000949283e-32	2.1912632430936e-32	4.2453822967354e-18	7.7013737809259e-18	7.7614413992755e-18	2.0508878964071e-17	3.8259737249999e-17	1.7744895549167e-17	1.3293784337412e-17	9.3926205497351e-19	9.1201198489179e-18	2.8571869948043e-18	3.6190061165537e-18	5.413017195155e-18	1.2819457039736e-17	4.0815891987869e-17	6.6396338130755e-17	1.1511176458932e-16	2.1493014134795e-16	3.8357641779824e-16	6.630985648868e-16	1.1794730066273e-15	1.9341349851646e-15	3.1633098756696e-15	5.0690248720716e-15	7.9301906552577e-15	1.2088742887782e-14	1.81186390354e-14	2.6689953483467e-14	3.8586576549096e-14	5.4980477112922e-14	7.7140413362688e-14	1.0668237009137e-13	1.4573956070204e-13	1.9656603278825e-13	2.6208100093839e-13	3.4560435158793e-13	4.510607761418e-13	5.8293808880534e-13	7.4642803081415e-13	9.4746806194126e-13	1.1926125976518e-12	1.489398172175e-12	1.8460955735311e-12	2.271961738579e-12	2.7770691292412e-12	3.3725721285478e-12	4.0705932486975e-12	4.8842375769286e-12	5.8277014993416e-12	6.9161564930978e-12	8.1659509611803e-12	9.5943724546476e-12	1.1219844922997e-11	1.3061885845031e-11	1.5140959686827e-11	1.7478643306741e-11	2.0097474513811e-11	2.3021014869389e-11	2.6273696398631e-11	2.9881028267283e-11	3.3869191566764e-11	3.8265466127913e-11	4.3097692900353e-11	4.8394657127227e-11	5.4185764086761e-11	6.050113116255e-11	6.737146782996e-11	7.4828092463342e-11	8.2902806186006e-11	9.1627926533473e-11	1.010361837388e-10	1.1116069220757e-10	1.2203485269233e-10	1.3369240387366e-10	1.4616732099961e-10	1.5949372622426e-10	1.7370595276792e-10	1.8883841164462e-10	2.0492557296388e-10	2.2200195928028e-10	2.401021156556e-10	2.592605204113e-10	2.7951161239649e-10	3.0088973328794e-10	3.2342909936225e-10	3.4716381647312e-10	3.7212779457016e-10	3.9835480407801e-10	4.2587838616761e-10	4.5473189073716e-10	4.8494846051155e-10	5.1656097233973e-10	5.4960209499704e-10	5.8410423362698e-10	6.2009952427629e-10	6.5761989310117e-10	6.9669696656029e-10	7.3736213194438e-10	7.796465158731e-10	8.2358098461788e-10	8.6919614195587e-10	9.1652234121566e-10
0.	0.	0.	0.	0.	0.	0.	0.	0.	0.	0.	0.	0.	0.	0.	0.	0.	0.	9.2141401625587e-18	1.4094986437776e-17	1.6083127743184e-17	-4.4495850182857e-17	-1.8284977545963e-17	-2.3263739612376e-17	3.0069304400588e-18	7.011598654279e-18	1.7541244055787e-18	1.4741391370137e-17	1.0332051737756e-17	1.5829025899354e-18	5.9953104639097e-18	6.7472823802926e-18	3.8909155993224e-17	7.6822849636581e-17	1.5135193388289e-16	2.7360636953838e-16	4.7547469309847e-16	8.8304710153898e-16	1.4856849452416e-15	2.4517462496523e-15	4.0616505106524e-15	6.4159298750275e-15	9.897145458515e-15	1.507392121907e-14	2.2418622207312e-14	3.2802287694484e-14	4.7222715731608e-14	6.688772093787e-14	9.3427205567262e-14	1.2864184024452e-13	1.7489960889476e-13	2.3489055359205e-13	3.1186695890931e-13	4.0956029724632e-13	5.3244142391583e-13	6.8554399651678e-13	8.7460681902392e-13	1.1061593607954e-12	1.3876030474256e-12	1.7271211109902e-12	2.1338233771933e-12	2.6177768296734e-12	3.1900634312798e-12	3.8626955602253e-12	4.6487753865906e-12	5.5624737239965e-12	6.6189684252504e-12	7.8346344629002e-12	9.2268000247186e-12	1.0813934779935e-11	1.2615605529798e-11	1.4652401615806e-11	1.6945987764331e-11	1.9519066295575e-11	2.2395325745042e-11	2.5599380829407e-11	2.9156892631673e-11	3.3094304636208e-11	3.7438993698779e-11	4.2219145607909e-11	4.7463725257113e-11	5.3202396744797e-11	5.9465519749054e-11	6.628411397957e-11	7.3689737474413e-11	8.1714487360786e-11	9.0390963446466e-11	9.9752174892133e-11	1.098315654149e-10	1.2066279291837e-10	1.322799482062e-10	1.4471724791784e-10	1.5800914392036e-10	1.7219028209264e-10	1.8729533784562e-10	2.0335909528377e-10	2.2041641310127e-10	2.3850208768265e-10	2.5765089018859e-10	2.7789756523486e-10	2.9927674800224e-10	3.2182293201583e-10	3.4557050197002e-10	3.7055366570904e-10	3.9680645818341e-10	4.2436271440799e-10	4.53256052981e-10	4.8351988037153e-10	5.1518736786885e-10	5.4829144002402e-10	5.8286477033389e-10	6.1893978460796e-10	6.5654866447973e-10	6.9572331058159e-10	7.3649536776262e-10	7.7889622803083e-10	8.2295702474717e-10	8.6870862412577e-10	9.1618164154418e-10	9.6540643491296e-10
0.	0.	0.	0.	0.	0.	0.	0.	0.	0.	0.	0.	0.	0.	0.	0.	0.	0.	9.4080494110479e-18	9.3966576251838e-18	1.7937551717841e-32	-1.6038696496451e-17	8.9389650650286e-18	8.7086313801525e-19	1.983136466544e-32	8.4258016978095e-19	9.168695874061e-18	-7.7582035931476e-18	2.1781858058163e-17	1.3202623919815e-17	9.6610046197612e-18	2.5463025436981e-17	4.8673435234143e-17	9.4561988195931e-17	1.9725520182641e-16	3.5042783190008e-16	6.4148914334783e-16	1.1070730025487e-15	1.9347373072903e-15	3.1934832157179e-15	5.1648369883938e-15	8.0750213030573e-15	1.2450818765371e-14	1.8801680190781e-14	2.7818476795851e-14	4.0490934253824e-14	5.7965477637481e-14	8.177877370537e-14	1.1359259537583e-13	1.5575411421187e-13	2.1080779392655e-13	2.8193397468242e-13	3.7274546926812e-13	4.8761994154576e-13	6.3151968323073e-13	8.1006293046319e-13	1.029743848221e-12	1.2978706782412e-12	1.6225435648229e-12	2.0129240101474e-12	2.4790007076895e-12	3.0318701670228e-12	3.6836015385416e-12	4.4473116683224e-12	5.3371881340518e-12	6.3686533185821e-12	7.5580254084917e-12	8.9228617305646e-12	1.0481832350023e-11	1.2254617469136e-11	1.4262079756765e-11	1.6526106174451e-11	1.9069634700946e-11	2.1916645316943e-11	2.5092088622039e-11	2.8621890831519e-11	3.2532859226286e-11	3.6852724316375e-11	4.1610025239598e-11	4.6834094961418e-11	5.2554984144295e-11	5.8803447166562e-11	6.5610891671838e-11	7.3009298294884e-11	8.1031159646351e-11	8.9709491829666e-11	9.9077709925473e-11	1.0916963335322e-10	1.2001938294981e-10	1.3166139905016e-10	1.4413033694589e-10	1.5746102644338e-10	1.7168848046266e-10	1.8684778103213e-10	2.0297410064103e-10	2.201026250063e-10	2.3826852618238e-10	2.5750695835644e-10	2.7785297960431e-10	2.9934155309346e-10	3.2200754704538e-10	3.45885636319e-10	3.7101036916137e-10	3.9741606945989e-10	4.2513688311701e-10	4.542067452488e-10	4.8465936080381e-10	5.165281648944e-10	5.4984637928889e-10	5.8464697286999e-10	6.2096265313714e-10	6.5882585246993e-10	6.9826875831936e-10	7.3932330018658e-10	7.8202112662278e-10	8.2639363124017e-10	8.7247196203513e-10	9.2028697858017e-10	9.6986929963251e-10	1.0212493046321e-9
0.	0.	0.	0.	0.	0.	0.	0.	0.	0.	0.	0.	0.	0.	0.	0.	0.	0.	2.0811842865647e-17	-7.2622666907503e-17	2.8105675546258e-32	1.6206241512043e-17	3.1095452949253e-17	1.9193678991106e-17	2.3598746045819e-17	-1.9814739088194e-18	1.47161570289e-17	-4.0638092722423e-18	-8.364596146783e-18	1.400724386174e-17	1.7582093593535e-17	3.5416892532692e-17	5.8764709574167e-17	1.2767135843111e-16	2.5465126003034e-16	4.7034563795902e-16	8.2664690535913e-16	1.469109895777e-15	2.433585600808e-15	4.0517493374033e-15	6.5570306235324e-15	1.0195131575361e-14	1.5641873006705e-14	2.3487991787906e-14	3.4607063718946e-14	5.0118770363511e-14	7.137978269544e-14	1.0015870572475e-13	1.3857550966036e-13	1.8913959091396e-13	2.5485360193868e-13	3.3940958264494e-13	4.4700832748747e-13	5.8249009217922e-13	7.5150186679377e-13	9.6050195036751e-13	1.2166810249071e-12	1.5282257378398e-12	1.9042083320506e-12	2.3547699176062e-12	2.8909865268566e-12	3.5250244890961e-12	4.2701551521488e-12	5.1407173788416e-12	6.1522389220765e-12	7.3213440261494e-12	8.6657764937429e-12	1.0204464704231e-11	1.1957456736099e-11	1.3945901321243e-11	1.6192051255967e-11	1.871924798173e-11	2.1551851498867e-11	2.4715268124179e-11	2.823588778648e-11	3.2140982878539e-11	3.6458758501024e-11	4.1218304988999e-11	4.6449402532242e-11	5.2182673402696e-11	5.8449403576031e-11	6.5281530382488e-11	7.2711550403265e-11	8.0772536312413e-11	8.9498016127373e-11	9.8921962664236e-11	1.090787114012e-10	1.2000290535961e-10	1.3172951450156e-10	1.4429367895834e-10	1.577307668733e-10	1.7207622307346e-10	1.8736564766313e-10	2.0363466095652e-10	2.2091888378439e-10	2.392539544882e-10	2.5867542767476e-10	2.7921877678535e-10	3.0091938274929e-10	3.2381246804101e-10	3.4793310651606e-10	3.7331618247227e-10	3.9999640725427e-10	4.2800825532711e-10	4.5738597522076e-10	4.8816359799565e-10	5.2037489350313e-10	5.5405338946103e-10	5.8923234198106e-10	6.2594474014663e-10	6.6422333442166e-10	7.0410058964485e-10	7.4560868964968e-10	7.8877957915276e-10	8.3364492760324e-10	8.8023613089976e-10	9.2858432471863e-10	9.7872039543787e-10	1.0306749575742e-9	1.0844783692401e-9
0.	0.	0.	0.	0.	0.	0.	0.	0.	0.	0.	0.	0.	0.	0.	0.	0.	0.	0.	9.8880753844598e-33	2.1307613662548e-17	1.1648749122129e-17	-1.3674887696245e-17	1.2858888259169e-17	8.215203497047e-18	-1.3977125400255e-18	-1.6297217931668e-17	-3.9244620321052e-18	1.762870704484e-17	8.2383808536033e-18	2.8040207888689e-17	5.2914775753975e-17	1.0319655649672e-16	1.816310778234e-16	3.2366535054205e-16	6.2289473625719e-16	1.0968401146216e-15	1.9240368145024e-15	3.2099974655262e-15	5.2247824954802e-15	8.3141845249088e-15	1.2936132759661e-14	1.9676341615318e-14	2.9400975624821e-14	4.3094911354027e-14	6.2090122791366e-14	8.804202017552e-14	1.2294477866318e-13	1.6932076773926e-13	2.3004155089232e-13	3.0876181579342e-13	4.0953471952623e-13	5.3717909566583e-13	6.9736589423037e-13	8.9640095945661e-13	1.1416233781359e-12	1.4411295932191e-12	1.8041017946478e-12	2.2407271055309e-12	2.7621692893833e-12	3.3808184671117e-12	4.1100614377252e-12	4.9645096320501e-12	5.9599030896446e-12	7.1131862384278e-12	8.44242883946e-12	9.9669465290849e-12	1.1707198039904e-11	1.3684749391074e-11	1.5922347493214e-11	1.8443873497324e-11	2.1274212965336e-11	2.4439315394327e-11	2.7966189602985e-11	3.1882748454708e-11	3.6217794317255e-11	4.1001038524801e-11	4.626300662218e-11	5.2034955390278e-11	5.834881438996e-11	6.5237265050384e-11	7.2733452212872e-11	8.0871153871258e-11	8.968455818702e-11	9.9208313776634e-11	1.0947741887034e-10	1.2052719552525e-10	1.3239320545817e-10	1.4511129295173e-10	1.5871735501358e-10	1.7324750308897e-10	1.8873785980691e-10	2.0522463705904e-10	2.2274400313765e-10	2.4133209203477e-10	2.6102498896239e-10	2.8185864778331e-10	3.0386891389318e-10	3.2709145592589e-10	3.5156179799145e-10	3.7731521412235e-10	4.0438682991448e-10	4.3281151086955e-10	4.626238775983e-10	4.9385829435831e-10	5.2654889441369e-10	5.6072953986063e-10	5.9643379834537e-10	6.3369499458024e-10	6.7254616001016e-10	7.1302005791392e-10	7.5514918623423e-10	7.9896575753542e-10	8.4450171196915e-10	8.9178872870066e-10	9.4085821275061e-10	9.9174130536931e-10	1.0444688846696e-9	1.0990715613499e-9	1.1555797024044e-9
0.	0.	0.	0.	0.	0.	0.	0.	0.	0.	0.	0.	0.	0.	0.	0.	0.	0.	0.	-4.1578807483546e-18	-1.2142140739857e-17	1.5539847167183e-17	2.343025125879e-32	2.1518407840104e-32	1.4415040156227e-17	1.3456679200242e-19	1.9337426287887e-17	1.0368770632576e-17	-4.3941517354524e-19	-1.5694585315323e-17	3.1832451972372e-17	5.4376197229736e-17	1.3458599013355e-16	2.4821832010557e-16	4.3474157563278e-16	8.3681072219231e-16	1.417097011083e-15	2.4666751822751e-15	4.1244334247883e-15	6.7107245492358e-15	1.0617367363712e-14	1.6391621759404e-14	2.480913961273e-14	3.6859306485008e-14	5.3718493117418e-14	7.7042235038167e-14	1.0868267600092e-13	1.5107009188729e-13	2.0712071265899e-13	2.8023955780435e-13	3.7452403263183e-13	4.9477776229639e-13	6.4656557132624e-13	8.3622313476803e-13	1.0710421340009e-12	1.3592391113083e-12	1.7100541887794e-12	2.1337691734463e-12	2.6417594217831e-12	3.2465009727993e-12	3.9617163217319e-12	4.8022664168987e-12	5.7842239572809e-12	6.924910627896e-12	8.2428345545671e-12	9.7577545207943e-12	1.1490632911966e-11	1.3463628613684e-11	1.5700053850086e-11	1.8224429735767e-11	2.1062340516694e-11	2.4240427337605e-11	2.7786408262205e-11	3.1728977815005e-11	3.6097703783329e-11	4.0923130851528e-11	4.6236589974229e-11	5.2070106045614e-11	5.8456560834912e-11	6.5429350931019e-11	7.3022540327792e-11	8.1270707629988e-11	9.0208874797303e-11	9.9872510702723e-11	1.102974130716e-10	1.2151974482371e-10	1.3357580132026e-10	1.4650216862911e-10	1.6033552051282e-10	1.7511266306511e-10	1.908704297704e-10	2.076457025682e-10	2.2547527448503e-10	2.4439591788693e-10	2.644443107981e-10	2.8565697809888e-10	3.0807031813534e-10	3.3172050657583e-10	3.5664357899658e-10	3.8287530490555e-10	4.1045125698567e-10	4.3940672060423e-10	4.6977673721976e-10	5.0159608190012e-10	5.3489926411972e-10	5.6972050878493e-10	6.0609374781438e-10	6.4405263036177e-10	6.8363051069327e-10	7.2486049064436e-10	7.6777535811917e-10	8.1240762765555e-10	8.5878952815843e-10	9.0695301372797e-10	9.5692977295573e-10	1.0087512061918e-9	1.0624484649075e-9	1.1180524004058e-9	1.1755936368471e-9	1.2351024936659e-9
0.	0.	0.	0.	0.	0.	0.	0.	0.	0.	0.	0.	0.	0.	0.	0.	0.	0.	0.	-1.5768136704961e-17	3.928411522063e-17	3.1307147628653e-17	2.343025125879e-32	2.1518407840104e-32	2.5306361064042e-17	6.5104039092367e-18	1.1615597755787e-17	2.6773800704121e-18	-1.5244642300868e-17	1.1764339567598e-17	3.7125703562762e-17	8.0657451232743e-17	1.4746704481093e-16	3.2286478617643e-16	5.700817759509e-16	1.0800026577213e-15	1.8582708209325e-15	3.2498074912741e-15	5.3492400934895e-15	8.6321090774703e-15	1.3525570644686e-14	2.0794366959825e-14	3.1322097636839e-14	4.6240554431653e-14	6.7025896319168e-14	9.560484995781e-14	1.3428111826845e-13	1.8577502341808e-13	2.5357012723491e-13	3.4165148879112e-13	4.5476400273787e-13	5.9841190315162e-13	7.7900589522678e-13	1.0038163190407e-12	1.2811457367665e-12	1.6203403010796e-12	2.0317655297072e-12	2.5270170556317e-12	3.1188450846989e-12	3.8212082882494e-12	4.6493336229048e-12	5.6196941420654e-12	6.7500336887468e-12	8.059366897071e-12	9.5680078639709e-12	1.129755165295e-11	1.3270806542948e-11	1.5511825301852e-11	1.8045827423703e-11	2.0899228421648e-11	2.4099519578758e-11	2.7675269968912e-11	3.165607686949e-11	3.6072492355464e-11	4.0955934494957e-11	4.6338779338435e-11	5.2254009224521e-11	5.8735462479081e-11	6.581760572665e-11	7.3535444281221e-11	8.1924559097584e-11	9.1021000374716e-11	1.0086117719483e-10	1.114818581954e-10	1.2292012409156e-10	1.3521324856412e-10	1.4839866173699e-10	1.6251395200274e-10	1.775967500865e-10	1.9368472474016e-10	2.1081551462501e-10	2.290267256338e-10	2.4835582541108e-10	2.6884019842003e-10	2.9051702140463e-10	3.13423365477e-10	3.375960012097e-10	3.6307151351504e-10	3.8988625688211e-10	4.1807629032585e-10	4.476774254485e-10	4.7872516378672e-10	5.1125473827258e-10	5.4530106946858e-10	5.8089880585789e-10	6.1808223337363e-10	6.5688540086794e-10	6.9734202637245e-10	7.3948552054829e-10	7.8334900665036e-10	8.2896531981173e-10	8.7636699153004e-10	9.2558627382088e-10	9.7665512482992e-10	1.0296052362782e-9	1.0844680041319e-9	1.1412745618538e-9	1.2000557584196e-9	1.260842188152e-9	1.3236644744915e-9
0.	0.	0.	0.	0.	0.	0.	0.	0.	0.	0.	0.	0.	0.	0.	0.	0.	0.	0.	1.7731648336861e-17	3.4072903739223e-17	2.6370927926411e-17	1.1617519797986e-17	4.1915074592738e-19	-1.340402701304e-17	9.5649044360906e-18	-1.2760576169564e-17	2.0946037264799e-17	1.0109146056718e-17	2.3018521091238e-17	4.5608689644048e-17	9.7028784139293e-17	2.21899246487e-16	4.0038147930825e-16	8.0738482629361e-16	1.4192172563639e-15	2.490185817984e-15	4.2635228632377e-15	6.8898627377356e-15	1.1042491319816e-14	1.7230917009617e-14	2.6347982968963e-14	3.9469778535951e-14	5.7967508740433e-14	8.3667141111262e-14	1.1873842956689e-13	1.6595581531779e-13	2.2861477012609e-13	3.106805651352e-13	4.1682227294992e-13	5.5253536414961e-13	7.2425983941119e-13	9.3929705186386e-13	1.2059692486487e-12	1.5337643281315e-12	1.9332428551525e-12	2.4161558135036e-12	2.9955647579536e-12	3.6857713835181e-12	4.5023230131017e-12	5.4622107369633e-12	6.5836483846999e-12	7.8862657390416e-12	9.3909954147384e-12	1.1120139272277e-11	1.309725660997e-11	1.5347255758098e-11	1.7896203785288e-11	2.0771457745433e-11	2.4001471075109e-11	2.7615847432857e-11	3.1645221718797e-11	3.6121208546971e-11	4.1076364332388e-11	4.6544186619651e-11	5.2558816219194e-11	5.9155276236872e-11	6.6369128802752e-11	7.4236615443935e-11	8.2794462765056e-11	9.2079843914712e-11	1.0213034918143e-10	1.129838336338e-10	1.2467850978414e-10	1.3725270378048e-10	1.5074492243154e-10	1.6519375765307e-10	1.8063784185654e-10	1.9711580306549e-10	2.1466617637495e-10	2.3332747130908e-10	2.5313800279015e-10	2.7413595982356e-10	2.9635931080812e-10	3.1984582568766e-10	3.4463301956444e-10	3.7075810365268e-10	3.9825808678047e-10	4.2716962107922e-10	4.5752906082017e-10	4.8937245888497e-10	5.2273556282215e-10	5.5765375291006e-10	5.9416212035397e-10	6.3229540996105e-10	6.7208806794882e-10	7.1357418391371e-10	7.5678755221983e-10	8.017616335628e-10	8.4852961170753e-10	8.9712434196824e-10	9.4757837489048e-10	9.9992396639632e-10	1.0541930935453e-9	1.1104174322776e-9	1.1686283857455e-9	1.2288570380102e-9	1.2911342242521e-9	1.355490477803e-9	1.4219560373823e-9
0.	0.	0.	0.	0.	0.	0.	0.	0.	0.	0.	0.	0.	0.	0.	0.	0.	0.	0.	-3.6311333453752e-17	2.0665186204877e-17	1.4654254823852e-17	7.1012053634204e-18	-5.09148590318e-18	6.8452666648962e-19	2.0853588982954e-17	2.361435010183e-18	2.7245378348382e-17	2.126227401568e-17	2.6409915537929e-17	7.8937509100986e-17	1.650521079173e-16	3.0806370267647e-16	5.6553316008047e-16	1.0414508653606e-15	1.9303126813219e-15	3.2726822917847e-15	5.5267583692069e-15	8.9309544357509e-15	1.4174446693372e-14	2.2005070959544e-14	3.3441558372003e-14	4.9790173582343e-14	7.2704435845691e-14	1.0440088614676e-13	1.4750428960871e-13	2.0517408140883e-13	2.813625390658e-13	3.8070913661903e-13	5.0868221434326e-13	6.7162309157523e-13	8.7695193162381e-13	1.133098525831e-12	1.4495672520824e-12	1.8371952177995e-12	2.3079501702858e-12	2.8751279629457e-12	3.553432800047e-12	4.3588437461306e-12	5.3088242430946e-12	6.4222225855171e-12	7.7192505129721e-12	9.2216444245922e-12	1.0952377501591e-11	1.2936028376765e-11	1.5198290399148e-11	1.7766349407456e-11	2.0668506550623e-11	2.3934347933879e-11	2.7594658007084e-11	3.1681270827363e-11	3.6227060438857e-11	4.1265814639315e-11	4.6832331696464e-11	5.2962107761828e-11	5.9691438640615e-11	6.705730568491e-11	7.509722007532e-11	8.384927738462e-11	9.3351965404025e-11	1.0364420597954e-10	1.1476518036258e-10	1.26754281973e-10	1.3965114094313e-10	1.5349549056206e-10	1.6832707213924e-10	1.8418564671292e-10	2.011109892699e-10	2.191426711753e-10	2.3832021118096e-10	2.5868293510868e-10	2.8026990366376e-10	3.0312003841006e-10	3.27271924419e-10	3.5276385955209e-10	3.796338621075e-10	4.0791961759389e-10	4.3765846645601e-10	4.6888743391195e-10	5.0164313530532e-10	5.3596190515532e-10	5.7187965719992e-10	6.0943198599201e-10	6.4865412828169e-10	6.8958095848765e-10	7.3224701412226e-10	7.7668646322938e-10	8.2293318358019e-10	8.7102070460874e-10	9.2098220445068e-10	9.7285059322818e-10	1.0266584277932e-9	1.0824379842733e-9	1.1402212191058e-9	1.2000398093054e-9	1.261925106745e-9	1.3259081741045e-9	1.3920197882692e-9	1.4602896200048e-9	1.5307501785943e-9
0.	0.	0.	0.	0.	0.	0.	0.	0.	0.	0.	0.	0.	0.	0.	0.	0.	0.	0.	4.1578807483546e-18	-7.9366483792085e-20	1.7700292028422e-17	2.343025125879e-32	1.0026424164049e-17	1.3618921219578e-17	1.414445784621e-17	-4.534232129657e-19	-7.5340166542516e-19	2.9283646038151e-17	5.8293190074355e-17	1.1469065887537e-16	2.2382502922285e-16	4.3331324425953e-16	7.6879222599668e-16	1.4091113980686e-15	2.5347651448725e-15	4.2396316152167e-15	7.1276149291879e-15	1.152493317739e-14	1.8159635296148e-14	2.8056055806275e-14	4.2388486496074e-14	6.2794564175477e-14	9.1194680899099e-14	1.3036279641663e-13	1.8324131599928e-13	2.5373982295745e-13	3.4639774614765e-13	4.6666551531492e-13	6.2095903147354e-13	8.1663257451709e-13	1.0622042361038e-12	1.3673397908727e-12	1.7430603208748e-12	2.2015390609164e-12	2.7564257265774e-12	3.4228035123616e-12	4.2171566306468e-12	5.1574356570845e-12	6.2631505682211e-12	7.5552233569741e-12	9.0561262068599e-12	1.0789884470906e-11	1.2781823070877e-11	1.5058810929582e-11	1.764904929535e-11	2.0582104466209e-11	2.3888780828041e-11	2.7601121970408e-11	3.1752333370689e-11	3.6376703228271e-11	4.1509454111524e-11	4.7186839363014e-11	5.3445851859966e-11	6.0324308138309e-11	6.7860668219257e-11	7.6094025819362e-11	8.5063974075429e-11	9.4810510363585e-11	1.0537403111631e-10	1.167952025097e-10	1.2911490391873e-10	1.4237418449901e-10	1.5661407562381e-10	1.7187576390778e-10	1.882002676648e-10	2.0562861416901e-10	2.2420162547567e-10	2.4395994310606e-10	2.6494400863626e-10	2.8719399879514e-10	3.1074979053736e-10	3.3565095307104e-10	3.6193669299404e-10	3.8964592136652e-10	4.1881709023092e-10	4.4948835556605e-10	4.8169741960314e-10	5.1548161975414e-10	5.5087791215322e-10	5.8792282964285e-10	6.2665251753994e-10	6.6710274603727e-10	7.0930888177396e-10	7.5330593317349e-10	7.9912854382183e-10	8.4681096918081e-10	8.9638713768631e-10	9.4789061907001e-10	1.001354660137e-9	1.0568121570056e-9	1.1142956911112e-9	1.1738375400912e-9	1.2354696231981e-9	1.2992235865396e-9	1.3651307428525e-9	1.4332220867313e-9	1.5035283865646e-9	1.5760797474011e-9	1.6509064571463e-9
0.	0.	0.	0.	0.	0.	0.	0.	0.	0.	0.	0.	0.	0.	0.	0.	0.	0.	0.	4.2453822967354e-18	3.930053374255e-18	2.6792904608352e-17	-2.2203822365744e-19	4.5802428228377e-18	-1.7064730977912e-17	-1.5566313759186e-17	-2.3862648136842e-18	1.0440679106361e-17	2.72205010008e-17	7.5977361100958e-17	1.3517174966783e-16	2.7035973646184e-16	5.4962727556071e-16	1.0666488887472e-15	1.9036940666504e-15	3.3180287517807e-15	5.5993698818232e-15	9.3014250789743e-15	1.4893072437004e-14	2.3350699715632e-14	3.5836836754298e-14	5.3789579809762e-14	7.9222591736993e-14	1.1448474294672e-13	1.6277030617131e-13	2.2765673735324e-13	3.1378409570847e-13	4.2650478340437e-13	5.7213196462622e-13	7.5811882357562e-13	9.9312545605791e-13	1.2868358402882e-12	1.6504552566707e-12	2.096475196315e-12	2.6388434663257e-12	3.2930667849255e-12	4.0761350740909e-12	5.0065614698127e-12	6.1045699909655e-12	7.3918343947024e-12	8.8917283061888e-12	1.0629176448899e-11	1.2630617590254e-11	1.4924016448752e-11	1.7538850953465e-11	2.0505885715916e-11	2.3857426824375e-11	2.7626874011227e-11	3.1849002801299e-11	3.655963751738e-11	4.1795588385793e-11	4.7594746375929e-11	5.399579141157e-11	6.1038239843489e-11	6.8762272589164e-11	7.720866188636e-11	8.6418736043228e-11	9.6434195998303e-11	1.0729713020027e-10	1.1904985885965e-10	1.3173491138982e-10	1.4539490038897e-10	1.6007250684339e-10	1.7581035425468e-10	1.9265099189464e-10	2.1063682488947e-10	2.2981009710867e-10	2.5021273315241e-10	2.7188647451733e-10	2.9487265822263e-10	3.1921234752556e-10	3.4494616925765e-10	3.7211439794952e-10	4.0075688214767e-10	4.3091302422971e-10	4.6262183873377e-10	4.9592185174507e-10	5.3085116300788e-10	5.6744744861577e-10	6.0574791288595e-10	6.4578933978136e-10	6.8760808667825e-10	7.3124007385519e-10	7.7672084309313e-10	8.2408550544077e-10	8.7336878800946e-10	9.2460505126564e-10	9.7782825480824e-10	1.0330720390413e-9	1.0903696454106e-9	1.1497539992802e-9	1.211257683979e-9	1.2749129288278e-9	1.3407516405705e-9	1.4088053926566e-9	1.4791054165861e-9	1.5516826108617e-9	1.6265675319384e-9	1.7037911614381e-9	1.7833809880724e-9
0.	0.	0.	0.	0.	0.	0.	0.	0.	0.	0.	0.	0.	0.	0.	0.	0.	0.	1.0700535386334e-17	4.6983288125919e-18	3.2935449844673e-17	1.5531665496172e-17	1.2457422699343e-17	2.7318127214593e-18	1.9305793334052e-18	1.1529269408142e-17	6.5527378902075e-18	1.8395686396969e-17	3.9467355499522e-17	8.993810592354e-17	1.8677190788348e-16	3.9740341909253e-16	7.3607633298378e-16	1.3544388958866e-15	2.5327276768208e-15	4.3319449323671e-15	7.3112336489706e-15	1.2063099205263e-14	1.9226629802444e-14	3.0038688050314e-14	4.570901115195e-14	6.8227350122019e-14	9.9945141830645e-14	1.4372306689554e-13	2.0321867517578e-13	2.8294653442025e-13	3.8814831025685e-13	5.2523780325567e-13	7.015176121231e-13	9.2576545026448e-13	1.2078958068447e-12	1.559175543206e-12	1.9924272461962e-12	2.5219572099903e-12	3.1636635540384e-12	3.9350095845114e-12	4.855242926831e-12	5.9451902957104e-12	7.2275075569758e-12	8.726376875336e-12	1.0467803756608e-11	1.2479398842651e-11	1.4790352417662e-11	1.7431428857261e-11	2.0434937389193e-11	2.3834592607182e-11	2.7665483410368e-11	3.1963921178956e-11	3.6767548609219e-11	4.2114929046985e-11	4.8045800608266e-11	5.4600704284364e-11	6.1820993728823e-11	6.974878173888e-11	7.8426764365228e-11	8.7898152499252e-11	9.8206591354469e-11	1.0939602902548e-10	1.2151070143192e-10	1.3459489230719e-10	1.4869307064789e-10	1.638496761566e-10	1.8010901269868e-10	1.9751531264808e-10	2.1611257088471e-10	2.3594457852157e-10	2.5705476330742e-10	2.7948623035626e-10	3.0328173295053e-10	3.2848359672438e-10	3.551336946789e-10	3.8327343942599e-10	4.1294378915948e-10	4.4418519325675e-10	4.770376213042e-10	5.115405288631e-10	5.4773288111978e-10	5.8565314062771e-10	6.2533927502619e-10	6.6682878038179e-10	7.1015866341762e-10	7.5536547702092e-10	8.02485332725e-10	8.515538618667e-10	9.0260632253491e-10	9.556775229644e-10	1.0108018853739e-9	1.0680134311561e-9	1.1273458123015e-9	1.1888323153089e-9	1.2525058228161e-9	1.3183989225065e-9	1.386543780396e-9	1.4569722302592e-9	1.5297157607784e-9	1.6048054928428e-9	1.6822721250447e-9	1.7621460812146e-9	1.8444573197225e-9	1.9292363693277e-9
0.	0.	0.	0.	0.	0.	0.	0.	0.	0.	0.	0.	0.	0.	0.	0.	0.	0.	-4.6070700812794e-18	7.8840683524803e-18	1.3935755041121e-17	2.5608683710537e-32	5.177382267152e-17	2.3223091732521e-17	-8.8702853904629e-18	-1.5862837919646e-17	6.1068501476465e-18	2.5174851608327e-17	5.9769877237586e-17	1.3537555665861e-16	2.688275185621e-16	5.5458717205142e-16	1.0325212626769e-15	1.8561586963728e-15	3.3326423231825e-15	5.751586555727e-15	9.64784738731e-15	1.5721445764035e-14	2.4912407941414e-14	3.8492786627797e-14	5.8318935388896e-14	8.6578476730256e-14	1.2606634419461e-13	1.8039336097572e-13	2.5382998753262e-13	3.5163079253442e-13	4.8014373161808e-13	6.4676445954143e-13	8.6021499076954e-13	1.1305365691432e-12	1.4693007854942e-12	1.8894208943057e-12	2.4056174819124e-12	3.0342505423395e-12	3.7933484181375e-12	4.7027578893054e-12	5.7841624818419e-12	7.0610187463929e-12	8.5585725528749e-12	1.0303931664242e-11	1.2325900675973e-11	1.4655049467169e-11	1.7323606643626e-11	2.036542311056e-11	2.3815880221542e-11	2.7711784193284e-11	3.2091340342936e-11	3.6994015661122e-11	4.2460362716021e-11	4.8532101920442e-11	5.5251844880216e-11	6.2663066710313e-11	7.0809961813541e-11	7.9737324704121e-11	8.9490544766399e-11	1.001153303188e-10	1.1165776670998e-10	1.2416412709136e-10	1.3768081010778e-10	1.5225422898232e-10	1.6793077448442e-10	1.8475671587259e-10	2.0277808079838e-10	2.2204071748375e-10	2.4259008373e-10	2.6447129072107e-10	2.8772903247506e-10	3.1240759353604e-10	3.385507037812e-10	3.6620162440143e-10	3.9540309023042e-10	4.2619725910141e-10	4.5862576801091e-10	4.9272964810981e-10	5.285494041719e-10	5.6612493814372e-10	6.0549562504192e-10	6.4670027775453e-10	6.8977716738555e-10	7.3476403240244e-10	7.8169813312149e-10	8.3061616992088e-10	8.8155442001556e-10	9.3454866856276e-10	9.8963424473476e-10	1.0468460513112e-9	1.1062185587571e-9	1.1677858424377e-9	1.2315815381201e-9	1.2976389466972e-9	1.3659909275799e-9	1.4366699860863e-9	1.5097082221591e-9	1.5851373483779e-9	1.662988726682e-9	1.7432932715476e-9	1.8260815085608e-9	1.9113835677776e-9	1.9992291178395e-9	2.0896474065901e-9
0.	0.	0.	0.	0.	0.	0.	0.	0.	0.	0.	0.	0.	0.	0.	0.	0.	0.	4.0234164491692e-17	-1.1118787636101e-17	-2.908476295421e-17	2.5608683710537e-32	-1.3563845853155e-17	-1.0941869578184e-17	-1.2105151498972e-17	2.1079642251944e-17	3.730072403971e-17	3.274927758864e-17	8.5395665429901e-17	1.5107635457552e-16	3.5887784249135e-16	6.9558316966574e-16	1.4282594650407e-15	2.4936119948693e-15	4.399445919914e-15	7.6146960059558e-15	1.2604805629058e-14	2.0360137936934e-14	3.2089697181559e-14	4.9463076189087e-14	7.4418005046322e-14	1.0988675869583e-13	1.5908177199242e-13	2.2641137677067e-13	3.1696063629242e-13	4.369815894241e-13	5.9393494965107e-13	7.9651720485597e-13	1.054858571181e-12	1.3807429454195e-12	1.7873448183939e-12	2.2897238626212e-12	2.9046808602416e-12	3.6508618516166e-12	4.548785479496e-12	5.6208986708854e-12	6.8916061005392e-12	8.3872667939197e-12	1.013615713284e-11	1.2168397471993e-11	1.4516028867478e-11	1.7212840712375e-11	2.0294409272557e-11	2.3797862221701e-11	2.776192121846e-11	3.222678452286e-11	3.723397283472e-11	4.2826251975799e-11	4.9047461347061e-11	5.5942568636232e-11	6.3557267389433e-11	7.1938092411478e-11	8.1132230599281e-11	9.118732604344e-11	1.0215150278448e-10	1.1407314367976e-10	1.2700080636596e-10	1.4098317673151e-10	1.5606890016622e-10	1.7230654425046e-10	1.8974445429398e-10	2.0843076907478e-10	2.2841327714896e-10	2.4973937327251e-10	2.7245601500076e-10	2.9660968233077e-10	3.2224629249156e-10	3.4941124707643e-10	3.7814929149144e-10	4.0850463086247e-10	4.4052076830939e-10	4.7424063545248e-10	5.0970648366791e-10	5.4695995820889e-10	5.8604201871496e-10	6.2699304375537e-10	6.6985278316803e-10	7.146603720751e-10	7.614543633477e-10	8.1027277480362e-10	8.6115301875306e-10	9.1413201120266e-10	9.692461575302e-10	1.026531356553e-9	1.0860230333388e-9	1.1477561426675e-9	1.2117652032546e-9	1.27808429183e-9	1.3467470680658e-9	1.4177867435503e-9	1.4912361463528e-9	1.5671276697898e-9	1.6454932942245e-9	1.7263645630502e-9	1.8097728706358e-9	1.8957481100001e-9	1.9843209142764e-9	2.0755211808837e-9	2.1693793000347e-9	2.2659211758667e-9
0.	0.	0.	0.	0.	0.	0.	0.	0.	0.	0.	0.	0.	0.	0.	0.	0.	0.	1.9647255774915e-17	2.7481696603468e-17	2.8105675546258e-32	2.9062007462367e-17	-5.0825679895758e-18	1.4466802229041e-17	7.0817088150712e-19	3.3404323744277e-17	4.5373926393062e-17	6.2169372542424e-17	1.1052301798006e-16	2.2924342051589e-16	5.1137232024976e-16	9.7952189240695e-16	1.8590732928108e-15	3.3012578883707e-15	5.9126566272516e-15	1.0001826893048e-14	1.6538751287118e-14	2.6537380910393e-14	4.1536516977495e-14	6.3488725574489e-14	9.499624613218e-14	1.3944764459355e-13	2.0076747641924e-13	2.8417979377146e-13	3.9579500663049e-13	5.430684300655e-13	7.3471853858875e-13	9.8092187244085e-13	1.2936022875745e-12	1.686295808708e-12	2.1743409016179e-12	2.7749488363787e-12	3.5074645327426e-12	4.3930191268419e-12	5.4549779702067e-12	6.718732251157e-12	8.2117177580152e-12	9.9635121237327e-12	1.2005644544435e-11	1.4371757136906e-11	1.7097294195867e-11	2.0219599497675e-11	2.3777816863112e-11	2.7812764282669e-11	3.2366720764167e-11	3.7483554317618e-11	4.3208281531098e-11	4.9587215619336e-11	5.6667800254699e-11	6.4498201826246e-11	7.3127564406637e-11	8.2605599000855e-11	9.2982555608946e-11	1.0430912204333e-10	1.1663622883978e-10	1.3001502299716e-10	1.4449663407903e-10	1.6013218595735e-10	1.7697261695293e-10	1.9506867459495e-10	2.1447070406074e-10	2.3522876396403e-10	2.5739229658186e-10	2.8101034600947e-10	3.0613133818951e-10	3.3280306660522e-10	3.6107266826927e-10	3.9098663897524e-10	4.2259075138229e-10	4.5593003634623e-10	4.910488389574e-10	5.2799076271517e-10	5.6679870943825e-10	6.0751482589049e-10	6.5018058341883e-10	6.9483676666645e-10	7.4152349337819e-10	7.9028020243223e-10	8.4114572993238e-10	8.9415827454737e-10	9.4935548048676e-10	1.0067744152955e-9	1.0664515997019e-9	1.1284230260097e-9	1.192724200711e-9	1.2593901209669e-9	1.3284553050189e-9	1.3999538188776e-9	1.4739192843487e-9	1.5503848261709e-9	1.6293831511518e-9	1.7109465009169e-9	1.7951066592767e-9	1.8818949308922e-9	1.9713421485535e-9	2.0634786408789e-9	2.1583342242161e-9	2.2559381982429e-9	2.3563193038952e-9	2.4595057080586e-9
0.	0.	0.	0.	0.	0.	0.	0.	0.	0.	0.	0.	0.	0.	0.	0.	0.	-5.241212712019e-18	-4.0234164491692e-17	1.3573767588506e-17	8.1122096229726e-18	-1.5161079772774e-17	-4.8807042154692e-18	-8.2269192756012e-18	1.0915212680524e-17	1.033138812178e-17	3.2505978433296e-17	6.8019980271949e-17	1.7098278182835e-16	3.4055056184164e-16	6.6111124339841e-16	1.3668871151992e-15	2.4998215782927e-15	4.5364308469835e-15	7.8770195183432e-15	1.3251338333685e-14	2.1656102799719e-14	3.4509441844976e-14	5.3631826118661e-14	8.1502999731499e-14	1.2128955685567e-13	1.7688845108248e-13	2.5333163467199e-13	3.567272698896e-13	4.9427013371196e-13	6.7489460667918e-13	9.0884597118474e-13	1.2080893421682e-12	1.5864440357734e-12	2.0595451760817e-12	2.6452002327652e-12	3.3631818991717e-12	4.2354867506776e-12	5.2863236897841e-12	6.5420599069184e-12	8.0314252485221e-12	9.7852865662761e-12	1.1836697932179e-11	1.422097171836e-11	1.6975328238839e-11	2.0139149449127e-11	2.3753667536958e-11	2.7861862601376e-11	3.2508453488333e-11	3.7739679553695e-11	4.3603161477439e-11	5.0147823004068e-11	5.7423807406336e-11	6.5482063758337e-11	7.4374459361136e-11	8.4153579066578e-11	9.4872484937686e-11	1.0658469891649e-10	1.1934397475057e-10	1.332041712984e-10	1.4821926511681e-10	1.6444303014276e-10	1.8192906260641e-10	2.0073065220696e-10	2.2090069604195e-10	2.424916185957e-10	2.655552715653e-10	2.9014289671644e-10	3.1630505659304e-10	3.4409166288082e-10	3.7355178066905e-10	4.0473377035484e-10	4.3768515725461e-10	4.7245267057284e-10	5.0908221996895e-10	5.4761888103721e-10	5.8810692968856e-10	6.3058984344552e-10	6.7511030766458e-10	7.2171024343188e-10	7.7043079589511e-10	8.2131243281752e-10	8.7439487646409e-10	9.2971721345925e-10	9.873178535945e-10	1.0472345951607e-9	1.1095046483145e-9	1.174164633077e-9	1.2412506171672e-9	1.3107981348005e-9	1.3828422210091e-9	1.457417354934e-9	1.5345575495806e-9	1.6142963020969e-9	1.6966666464906e-9	1.7817010803405e-9	1.8694316094246e-9	1.9598897345318e-9	2.0531064215517e-9	2.1491120888026e-9	2.2479365980736e-9	2.3496092167681e-9	2.4541586214788e-9	2.5616131224844e-9	2.6719993317955e-9
0.	0.	0.	0.	0.	0.	0.	0.	0.	0.	0.	0.	0.	0.	0.	0.	0.	-1.8968111028193e-17	-9.6954624244623e-20	-4.2453822967354e-18	2.8105675546258e-32	1.6238316608116e-17	8.1815513596092e-18	3.0489784626091e-17	1.7634539501813e-17	2.8395091240552e-17	4.5143099357686e-17	1.0611465189248e-16	2.2529510481474e-16	4.6813088742769e-16	9.2993996427389e-16	1.8240476936035e-15	3.3890486345006e-15	6.0787465691564e-15	1.0400338805823e-14	1.7484322091827e-14	2.8375740608657e-14	4.4903685989125e-14	6.9305271943046e-14	1.0468548942394e-13	1.5477351941753e-13	2.2443285840254e-13	3.1967167839698e-13	4.4771147914386e-13	6.1732850251194e-13	8.3880865196195e-13	1.1243245954372e-12	1.4878799500064e-12	1.9455348546538e-12	2.5154580293015e-12	3.2180843133056e-12	4.0761464962205e-12	5.1147373778239e-12	6.3613661699106e-12	7.8460308289823e-12	9.6009393989536e-12	1.1660828435025e-11	1.4062710111294e-11	1.6845886224181e-11	2.005172554208e-11	2.3723743505356e-11	2.7907339672053e-11	3.2649794986745e-11	3.7999976748123e-11	4.4008329393867e-11	5.0726635279086e-11	5.8207876797772e-11	6.6506114135557e-11	7.5676258681998e-11	8.5773881028604e-11	9.68552242215e-11	1.0897688477777e-10	1.2219563596108e-10	1.3656848888443e-10	1.5215234572877e-10	1.6900396242865e-10	1.8717985881551e-10	2.067361338387e-10	2.277284557893e-10	2.5021187944541e-10	2.7424082145781e-10	2.998690024785e-10	3.2714938798021e-10	3.5613406590316e-10	3.8687433680009e-10	4.1942056879633e-10	4.5382222105498e-10	4.9012788196257e-10	5.2838515367513e-10	5.6864077206618e-10	6.1094052537638e-10	6.5532931237686e-10	7.0185115697839e-10	7.5054921768548e-10	8.0146583595485e-10	8.5464253193381e-10	9.1012003692413e-10	9.6793837925609e-10	1.0281368233998e-9	1.090753976449e-9	1.1558277841354e-9	1.223395557455e-9	1.2934939884936e-9	1.3661591920902e-9	1.441426706201e-9	1.5193315029993e-9	1.5999080216202e-9	1.6831901578869e-9	1.7692112267423e-9	1.8580040460195e-9	1.9496008452736e-9	2.0440320180923e-9	2.1413324946381e-9	2.2415289363928e-9	2.3446524876997e-9	2.4507323780471e-9	2.5597971599395e-9	2.6718747126582e-9	2.7869921885146e-9	2.9051760068713e-9
0.	0.	0.	0.	0.	0.	0.	0.	0.	0.	0.	0.	0.	0.	0.	0.	0.	4.4828806733027e-17	9.6954624244612e-20	-4.5566735581753e-17	1.7483394519979e-17	-8.565195278499e-18	-9.7464050381791e-19	9.4287697637066e-18	9.2259661798337e-18	1.3497126884879e-17	5.2044286219748e-17	1.4518155922773e-16	3.0686227485024e-16	6.5435554867604e-16	1.3627864176377e-15	2.5084001059853e-15	4.578683261849e-15	8.141238012019e-15	1.3822122997448e-14	2.3095648162353e-14	3.7125534806976e-14	5.8407099346442e-14	8.9622671565228e-14	1.3439650552613e-13	1.974995578818e-13	2.8479531982462e-13	4.0331133974723e-13	5.6190256232883e-13	7.7091245239004e-13	1.0424887326137e-12	1.390893052061e-12	1.8324770120878e-12	2.3859869582855e-12	3.0723549109653e-12	3.9150893546303e-12	4.9403260264776e-12	6.1766498976841e-12	7.6553121249925e-12	9.4101176009328e-12	1.1477481511497e-11	1.3896302121904e-11	1.6707919466763e-11	1.9956050836741e-11	2.3686580911007e-11	2.7947553832583e-11	3.2788967265288e-11	3.8262599429976e-11	4.4421881387101e-11	5.1321659073917e-11	5.9018171495312e-11	6.7568742321614e-11	7.7031541960792e-11	8.7465590913765e-11	9.8930438660341e-11	1.1148607627419e-10	1.2519267155443e-10	1.4011053387787e-10	1.5629984624792e-10	1.7382067873423e-10	1.9273264904335e-10	2.1309500547202e-10	2.3496636320603e-10	2.5840471353097e-10	2.8346732670946e-10	3.1021056578009e-10	3.386900241026e-10	3.6896023900329e-10	4.0107486233301e-10	4.3508655352084e-10	4.7104685019697e-10	5.0900633022281e-10	5.490145367068e-10	5.9111996243907e-10	6.3537005521306e-10	6.818112809394e-10	7.3048911245752e-10	7.8144809380963e-10	8.3473180018988e-10	8.9038296531378e-10	9.4844342107931e-10	1.0089541774043e-9	1.0719554847447e-9	1.1374868037315e-9	1.2055868851158e-9	1.2762937716266e-9	1.3496448505848e-9	1.4256768571971e-9	1.5044258898762e-9	1.5859274475424e-9	1.6702163964296e-9	1.7573270477186e-9	1.8472930729045e-9	1.940147554456e-9	2.0359229793363e-9	2.1346517885389e-9	2.236364496086e-9	2.3410900827645e-9	2.4488611852956e-9	2.559705808351e-9	2.6736523653546e-9	2.7907284937291e-9	2.9109610313042e-9	3.0343760033309e-9	3.1609985825288e-9
0.	0.	0.	0.	0.	0.	0.	0.	0.	0.	0.	0.	0.	0.	0.	0.	-1.2998400128891e-17	2.1890923872668e-17	3.1498354682849e-17	-5.5829935880788e-18	-8.4358864984486e-18	-2.2646386256985e-17	2.2342632085135e-17	-1.4858220769489e-17	3.3210004617258e-17	2.6468215365351e-17	8.1255702369377e-17	1.761844836852e-16	4.3705008638e-16	9.1498904678271e-16	1.8073712004362e-15	3.4065808181964e-15	6.2744630958226e-15	1.0934427927839e-14	1.8492819863739e-14	3.0475381195184e-14	4.8685646607769e-14	7.5968462382299e-14	1.1578083819651e-13	1.7256008742919e-13	2.5206397413755e-13	3.6131979434066e-13	5.08971020432e-13	7.0533664108541e-13	9.6277140696781e-13	1.2956142620974e-12	1.7206421412352e-12	2.2569405983212e-12	2.9261165438582e-12	3.7525244425755e-12	4.7631298911583e-12	5.9877802893353e-12	7.4591211397137e-12	9.2125201251739e-12	1.1286156896913e-11	1.3721041281606e-11	1.6560664486305e-11	1.9851158243888e-11	2.3641071435295e-11	2.7981234574344e-11	3.2924585119277e-11	3.8526006502434e-11	4.4842253185143e-11	5.1931477311349e-11	5.9853442667941e-11	6.8668970579208e-11	7.8439896195139e-11	8.922886732352e-11	1.0109911569521e-10	1.1411432755875e-10	1.2833831770764e-10	1.4383506755997e-10	1.6066837839734e-10	1.7890178400037e-10	1.9859842812501e-10	2.1982091730129e-10	2.426311479899e-10	2.6709031728881e-10	2.9325871833321e-10	3.2119571146165e-10	3.5095967848284e-10	3.8260791169122e-10	4.1619658770161e-10	4.5178080483294e-10	4.8941445724517e-10	5.291502963873e-10	5.7103991019045e-10	6.1513372967591e-10	6.6148102897741e-10	7.1012995637644e-10	7.6112762726504e-10	8.1452001785967e-10	8.703521144735e-10	9.2866790319104e-10	9.8951044413175e-10	1.0529218317698e-9	1.1189433530071e-9	1.1876154085535e-9	1.2589776272903e-9	1.3330688578831e-9	1.4099272204658e-9	1.4895901062472e-9	1.5720942404532e-9	1.6574756625831e-9	1.7457697305989e-9	1.8370111475472e-9	1.9312339789708e-9	2.0284715962832e-9	2.1287567130543e-9	2.2321213271151e-9	2.3385967533996e-9	2.4482108183041e-9	2.5610028173448e-9	2.6769896917331e-9	2.7962062374061e-9	2.9186784780436e-9	3.0444329669254e-9	3.1734951511337e-9	3.3058896710815e-9	3.441640176978e-9
0.	0.	0.	0.	0.	0.	0.	0.	0.	0.	0.	0.	0.	0.	0.	0.	-5.8759616563811e-18	-3.2906296626648e-17	-1.9647255774915e-17	-1.5156585623978e-17	1.8061680836635e-17	8.0444087944009e-18	-6.6972856953354e-18	2.35071915808e-17	3.2396596729013e-17	3.7712369587553e-17	1.2364690187735e-16	2.907512837783e-16	6.2027218130026e-16	1.2830682914358e-15	2.4714219462566e-15	4.6594852195456e-15	8.4007064246507e-15	1.4603311497066e-14	2.4587305305649e-14	4.0160469569598e-14	6.3835991224041e-14	9.879306684517e-14	1.4960764807834e-13	2.2157438942017e-13	3.2171267187676e-13	4.584511476923e-13	6.4221979584041e-13	8.8531202035286e-13	1.2022995757201e-12	1.6102287603955e-12	2.1286140299002e-12	2.7796726085531e-12	3.5885549891129e-12	4.5832797222777e-12	5.7948921991851e-12	7.2574359135371e-12	9.0079277359228e-12	1.1086596472623e-11	1.3536430150457e-11	1.6403392247408e-11	1.9736207899558e-11	2.3586173629499e-11	2.8007165281737e-11	3.3055376865635e-11	3.8788965097712e-11	4.5268245523832e-11	5.2555070522292e-11	6.0712930844217e-11	6.9806516495719e-11	7.9901589021039e-11	9.1064786447721e-11	1.0336334853774e-10	1.1686496021103e-10	1.3163749807875e-10	1.4774883497246e-10	1.6526673718598e-10	1.8425859500324e-10	2.0479133124033e-10	2.2693122412047e-10	2.5074377092928e-10	2.7629362692271e-10	3.0364443142139e-10	3.3285876774663e-10	3.6399808882444e-10	3.9712262179744e-10	4.3229138319697e-10	4.6956208026205e-10	5.0899115918361e-10	5.5063374826913e-10	5.9454366731402e-10	6.4077341962065e-10	6.8937431943872e-10	7.4039633217559e-10	7.9388826915322e-10	8.4989776668881e-10	9.0847127879672e-10	9.6965418284914e-10	1.0334908475514e-9	1.1000245736943e-9	1.1692977217861e-9	1.2413517604338e-9	1.3162272293623e-9	1.3939638496067e-9	1.4746005497027e-9	1.5581754253579e-9	1.6447258624369e-9	1.7342884622523e-9	1.8268991141057e-9	1.922592979852e-9	2.0214044695916e-9	2.1233672661494e-9	2.2285143098793e-9	2.3368777666669e-9	2.4484914046225e-9	2.5633786018192e-9	2.6815762491808e-9	2.8031107855563e-9	2.9280088699309e-9	3.0563012258119e-9	3.1880100913273e-9	3.3231616970618e-9	3.4617799675607e-9	3.6038877661785e-9	3.7495068588902e-9
0.	0.	0.	0.	0.	0.	0.	0.	0.	0.	0.	0.	0.	0.	0.	0.	-5.7548522468576e-18	-1.3834924919113e-17	-4.0234164491692e-17	3.6584232909152e-18	-1.3703616608752e-17	1.7570826644536e-17	3.3496506987212e-17	1.6658509213971e-17	5.1521122757009e-17	5.7789117306008e-17	1.840612453012e-16	4.0452635515204e-16	8.218197137296e-16	1.7466816967456e-15	3.4749297405071e-15	6.3777998906088e-15	1.1354659723576e-14	1.9584659333161e-14	3.2659302417111e-14	5.3048110301748e-14	8.358539301592e-14	1.2859973347277e-13	1.933318595954e-13	2.845039094211e-13	4.1059797706082e-13	5.8172674091712e-13	8.103325230527e-13	1.1111765996775e-12	1.5015017915884e-12	2.0012308695719e-12	2.6332625512199e-12	3.4235338272002e-12	4.4009860566631e-12	5.5980142540567e-12	7.0501680888087e-12	8.7962594342727e-12	1.0878435528077e-11	1.3341999062442e-11	1.6235503445632e-11	1.9610353031581e-11	2.3520957562206e-11	2.802435407785e-11	3.3180209019932e-11	3.9050347304238e-11	4.5698902816837e-11	5.31917086204e-11	6.1596281171894e-11	7.0981524208041e-11	8.141754321808e-11	9.2975245229063e-11	1.0572627097275e-10	1.1974262369205e-10	1.3509657641641e-10	1.5186036470979e-10	1.7010595079493e-10	1.8990502051145e-10	2.1132853625738e-10	2.3444684756525e-10	2.593293311153e-10	2.8604441484055e-10	3.1465937430968e-10	3.452402965805e-10	3.778520045239e-10	4.1255789031193e-10	4.4942003596203e-10	4.8849904593325e-10	5.2985407569299e-10	5.7354283244549e-10	6.1962158483099e-10	6.6814513156618e-10	7.1916686116911e-10	7.7273880835362e-10	8.28911601981e-10	8.877346380572e-10	9.4925600490515e-10	1.0135225787554e-9	1.0805800953815e-9	1.1504731852447e-9	1.2232453958217e-9	1.2989392763497e-9	1.377596416732e-9	1.4592574485993e-9	1.543962150596e-9	1.6317494063477e-9	1.7226572687054e-9	1.8167229797987e-9	1.9139829535122e-9	2.0144728153768e-9	2.1182273786093e-9	2.2252806293249e-9	2.3356657110496e-9	2.4494149433628e-9	2.5665597312048e-9	2.6871305981395e-9	2.8111570970202e-9	2.9386678297344e-9	3.0696903462777e-9	3.2042516731013e-9	3.3423756172606e-9	3.484088247519e-9	3.6294119252225e-9	3.7783686715713e-9	3.9309792130441e-9	4.0872630575457e-9
0.	0.	0.	0.	0.	0.	0.	0.	0.	0.	0.	0.	0.	0.	0.	0.	5.0257900974051e-17	2.1774575301837e-17	4.5101154570347e-18	9.1313212316378e-18	4.0928532517345e-17	-2.9776695825267e-17	4.0160592476566e-17	1.0646110283601e-17	3.5763871496772e-17	1.1667942450922e-16	2.6923896076734e-16	5.8530420197217e-16	1.2336527950375e-15	2.5144224539221e-15	4.7099393189722e-15	8.7481824616793e-15	1.5399400062764e-14	2.6278462791581e-14	4.3556386860194e-14	6.998756394892e-14	1.0956051591725e-13	1.6729317702563e-13	2.4982557509269e-13	3.6537463366221e-13	5.2392010382152e-13	7.3811734789067e-13	1.0225159557466e-12	1.3947573523858e-12	1.8751630114675e-12	2.4871782564025e-12	3.2576040010486e-12	4.2164480626738e-12	5.3973706817541e-12	6.8374650289018e-12	8.5774133431211e-12	1.0661475716244e-11	1.3137408563779e-11	1.6056406577526e-11	1.9472928219235e-11	2.3444521880827e-11	2.8031794467928e-11	3.3298091304709e-11	3.930923249602e-11	4.6133458814586e-11	5.3840849019499e-11	6.2503394622097e-11	7.2194622569169e-11	8.2989186383286e-11	9.4962795895804e-11	1.0819179714992e-10	1.2275299311675e-10	1.3872335774263e-10	1.5617986373459e-10	1.7519919024612e-10	1.9585747241525e-10	2.1823026603702e-10	2.4239224468845e-10	2.684170487344e-10	2.9637721218843e-10	3.2634397963536e-10	3.5838722201087e-10	3.9257538198835e-10	4.2897537058145e-10	4.6765254251212e-10	5.0867063901115e-10	5.520917772406e-10	5.9797644310467e-10	6.4638352490955e-10	6.9737032893676e-10	7.5099252976622e-10	8.0730430514075e-10	8.6635832951346e-10	9.2820584090652e-10	9.928966838785e-10	1.0604793707035e-9	1.131001117228e-9	1.2045079563898e-9	1.2810447439078e-9	1.3606551730244e-9	1.4433819429364e-9	1.5292666889735e-9	1.6183500749159e-9	1.7106718326508e-9	1.8062707453352e-9	1.9051847030311e-9	2.0074506796165e-9	2.1131047827436e-9	2.2221822339459e-9	2.334717302028e-9	2.4507433617666e-9	2.5702928243465e-9	2.6933966669227e-9	2.8200842767321e-9	2.9503908341821e-9	3.0843378550275e-9	3.2219548790173e-9	3.3632678596134e-9	3.5083009306247e-9	3.657079295544e-9	3.809623407094e-9	3.9659546821473e-9	4.1260926281818e-9	4.2900553961913e-9	4.4578597506841e-9
0.	0.	0.	0.	0.	0.	0.	0.	0.	0.	0.	0.	0.	0.	0.	-7.3411387696748e-18	-3.1044951071907e-17	3.3485175839487e-17	-5.99651068081e-18	3.9855147499632e-18	1.4893585191325e-18	8.1874316648207e-19	5.2283429323422e-18	3.0361053868348e-17	7.7370887434123e-17	1.4941011259734e-16	3.7635864033216e-16	8.587072583881e-16	1.7366692053051e-15	3.4446336761206e-15	6.5550329493243e-15	1.1990617386833e-14	2.0899829213402e-14	3.5295196588975e-14	5.7904632479211e-14	9.2406274695398e-14	1.4355767427077e-13	2.1767743196013e-13	3.2283839651615e-13	4.6911402205791e-13	6.6871538731843e-13	9.3645992826303e-13	1.2902451779951e-12	1.7506542723306e-12	2.3417793823261e-12	3.0911745346309e-12	4.0299844861494e-12	5.1931184110104e-12	6.6193357568081e-12	8.3513228096738e-12	1.0435526588498e-11	1.2922242282672e-11	1.5865598943473e-11	1.9323138176729e-11	2.3356035306796e-11	2.8028558149431e-11	3.3408060486829e-11	3.9564697371148e-11	4.6571076011761e-11	5.4502059311491e-11	6.3434414986717e-11	7.3446632551446e-11	8.4618432555403e-11	9.7030634066677e-11	1.1076474688939e-10	1.2590279105032e-10	1.4252693794299e-10	1.6071925179942e-10	1.8056150361724e-10	2.0213485136506e-10	2.2551966884314e-10	2.5079545713794e-10	2.780403927755e-10	3.0733155204133e-10	3.3874441818934e-10	3.7235304122239e-10	4.0822978312253e-10	4.464453325042e-10	4.8706859385605e-10	5.301666976591e-10	5.7580498713883e-10	6.2404696517724e-10	6.7495434198124e-10	7.2858705301834e-10	7.8500330246662e-10	8.44259590403e-10	9.0641072707879e-10	9.7150999163829e-10	1.0396091179796e-9	1.1107583133946e-9	1.1850064612032e-9	1.2624010268372e-9	1.3429882662346e-9	1.4268131673834e-9	1.5139195596075e-9	1.6043501657739e-9	1.6981465938368e-9	1.7953494555089e-9	1.8959983104237e-9	2.0001317273294e-9	2.1077873013224e-9	2.2190016163094e-9	2.3338102689659e-9	2.4522478554854e-9	2.5743479225584e-9	2.7001429628393e-9	2.8296643644435e-9	2.9629424153932e-9	3.1000061684688e-9	3.2408834839165e-9	3.385600944044e-9	3.5341826670148e-9	3.6866558537867e-9	3.8430399500783e-9	4.0033567637161e-9	4.1676260081762e-9	4.3358657610428e-9	4.5080925891712e-9	4.6843215298648e-9	4.8645661200134e-9
0.	0.	0.	0.	0.	0.	0.	0.	0.	0.	0.	0.	0.	0.	0.	-6.633409838649e-18	-5.6133862630432e-17	-4.4828806733027e-17	2.1912632430936e-32	2.8730354149949e-18	-1.5454650989893e-17	-7.5741069416911e-19	8.4999310225881e-18	3.629246271164e-17	9.7711718780818e-17	2.3500282948054e-16	5.4745602346107e-16	1.20096408701e-15	2.3981636282864e-15	4.8133687225723e-15	9.0685099665504e-15	1.6312849417083e-14	2.8215846118869e-14	4.7398114301136e-14	7.712754783803e-14	1.2197736349598e-13	1.8805403782611e-13	2.8325460548375e-13	4.1718093027507e-13	6.0230761001383e-13	8.5336452122553e-13	1.1882558645859e-12	1.6280191023719e-12	2.1973650371872e-12	2.9245968224064e-12	3.8418107684008e-12	4.9855007831884e-12	6.3959896634653e-12	8.1180261694491e-12	1.0200387066266e-11	1.2696188518621e-11	1.566249933957e-11	1.9160357910123e-11	2.3254626451161e-11	2.8013659172972e-11	3.3509137586156e-11	3.9815829261282e-11	4.7011172069154e-11	5.5175111603572e-11	6.4389684443773e-11	7.4738712575164e-11	8.6307499168228e-11	9.9182398916194e-11	1.1345058714968e-10	1.2919976153585e-10	1.4651768353323e-10	1.6549208309159e-10	1.8621017520806e-10	2.0875859691246e-10	2.332230569498e-10	2.5968819653095e-10	2.8823725306987e-10	3.1895208970198e-10	3.5191292572087e-10	3.8719824164761e-10	4.2488472974876e-10	4.6504709578029e-10	5.0775814248582e-10	5.5308867811376e-10	6.011074486434e-10	6.5188127053612e-10	7.0547485982672e-10	7.6195104991863e-10	8.2137068668196e-10	8.8379276667434e-10	9.4927447439418e-10	1.0178711983966e-9	1.0896366875163e-9	1.164623022384e-9	1.2428808240064e-9	1.3244591296023e-9	1.4094056806912e-9	1.4977667959055e-9	1.5895875656333e-9	1.6849118010487e-9	1.7837821942085e-9	1.8862402350714e-9	1.9923263337921e-9	2.1020797462776e-9	2.2155386886014e-9	2.3327402227574e-9	2.4537203836282e-9	2.5785140120833e-9	2.707154841217e-9	2.839675380266e-9	2.9761069385771e-9	3.1164795569185e-9	3.2608219274397e-9	3.4091614004752e-9	3.5615238740505e-9	3.717933785106e-9	3.8784140412804e-9	4.0429859888367e-9	4.2116693511463e-9	4.3844821954107e-9	4.5614409718361e-9	4.7425603864842e-9	4.9278535009691e-9	5.1173316681433e-9	5.3110046016906e-9
0.	0.	0.	0.	0.	0.	0.	0.	0.	0.	0.	0.	0.	0.	0.	-6.4966886693041e-18	-7.2435478820329e-18	-4.7095725584831e-17	-2.4046871417015e-17	-5.7564928570694e-18	4.5132782909338e-18	1.6419733783759e-18	2.3125467057618e-17	6.5512191546543e-17	1.4007468091606e-16	3.4690987509955e-16	7.3515180444082e-16	1.6832981744257e-15	3.4545387793888e-15	6.6954379346259e-15	1.2369025574806e-14	2.2185682842174e-14	3.828977933438e-14	6.3578983672508e-14	1.025899796408e-13	1.6100569534696e-13	2.4645537708159e-13	3.6850214769428e-13	5.3916585835681e-13	7.7336882917981e-13	1.0891237430129e-12	1.5077076376141e-12	2.0543537068902e-12	2.7581046435448e-12	3.6523236578977e-12	4.7747550134462e-12	6.1675462222626e-12	7.8775104618467e-12	9.9559759906213e-12	1.2458913405569e-11	1.5446618833426e-11	1.8983885986884e-11	2.3139476304319e-11	2.7986177749412e-11	3.3600342740841e-11	4.0061712985955e-11	4.7453061747432e-11	5.5859748813377e-11	6.5369551199205e-11	7.6072222533074e-11	8.8058967083597e-11	1.01422345196e-10	1.1625558889982e-10	1.3265261661399e-10	1.507073173717e-10	1.7051349573187e-10	1.9216448718035e-10	2.1575280854953e-10	2.4136990918329e-10	2.6910610207613e-10	2.9905008181765e-10	3.3128898581753e-10	3.6590812354348e-10	4.029907912662e-10	4.4261829850721e-10	4.8486984449001e-10	5.2982234716176e-10	5.7755056873773e-10	6.2812702281288e-10	6.8162197618884e-10	7.3810346595828e-10	7.9763738225686e-10	8.6028744174122e-10	9.2611533328635e-10	9.9518069699241e-10	1.0675412690076e-9	1.1432529293189e-9	1.2223697573024e-9	1.3049441828295e-9	1.3910269795019e-9	1.4806674080735e-9	1.5739132689142e-9	1.6708109179022e-9	1.7714054059454e-9	1.8757404856114e-9	1.9838586092574e-9	2.0958010242549e-9	2.2116077661949e-9	2.3313176588294e-9	2.4549682809292e-9	2.5825960337543e-9	2.7142360194877e-9	2.8499220775077e-9	2.9896867288237e-9	3.1335610944543e-9	3.2815748863877e-9	3.4337563535888e-9	3.5901321615843e-9	3.7507274176954e-9	3.9155655294087e-9	4.0846682533398e-9	4.2580555476253e-9	4.4357455815612e-9	4.6177546939493e-9	4.8040973716336e-9	4.9947862111221e-9	5.1898319477883e-9	5.3892434666336e-9	5.5930277790638e-9	5.8011901220936e-9
0.	0.	0.	0.	0.	0.	0.	0.	0.	0.	0.	0.	0.	0.	0.	5.6736458521487e-17	5.6133862630432e-17	1.5615611533118e-17	8.3440487231784e-18	-6.1827847246223e-18	2.8308053867213e-17	4.4049301139442e-17	5.0904070209084e-17	7.1239909195453e-17	1.9275345326107e-16	4.9859478790098e-16	1.1701303121028e-15	2.3723703515335e-15	4.9430732377848e-15	9.3361383541119e-15	1.7209419182084e-14	3.0433446827269e-14	5.1709859601889e-14	8.5323228498809e-14	1.3657974101635e-13	2.1258448194038e-13	3.2298340627325e-13	4.7943168516484e-13	6.9675093997584e-13	9.9304960026007e-13	1.389927861405e-12	1.9130259092039e-12	2.5921886018622e-12	3.4619028713805e-12	4.5612085912675e-12	5.9342239487773e-12	7.6299132565665e-12	9.7021839467508e-12	1.2210113459332e-11	1.5217527662752e-11	1.8792957915892e-11	2.3009687186414e-11	2.7945095836864e-11	3.3680597052983e-11	4.0301458827872e-11	4.7895988987307e-11	5.6555736486296e-11	6.6374571054649e-11	7.7448664991983e-11	8.9875784625345e-11	1.037551081887e-10	1.1918665743172e-10	1.3627099291788e-10	1.5510879730713e-10	1.7580051254635e-10	1.9844602770755e-10	2.231442859467e-10	2.4999313486868e-10	2.7908893502506e-10	3.105263919617e-10	3.4439833417255e-10	3.8079553518038e-10	4.1980664977591e-10	4.6151795596008e-10	5.0601338139936e-10	5.5337443014937e-10	6.036800915371e-10	6.5700689547544e-10	7.1342887874649e-10	7.7301762346066e-10	8.3584229604686e-10	9.0196968535991e-10	9.7146435620633e-10	1.044388608236e-9	1.120802647823e-9	1.2007646129519e-9	1.2843307451779e-9	1.3715553927114e-9	1.4624911473135e-9	1.5571889165798e-9	1.6556980124406e-9	1.7580662136213e-9	1.8643398128466e-9	1.9745636711999e-9	2.0887812859233e-9	2.2070347800397e-9	2.3293649534298e-9	2.4558112392609e-9	2.5864117533162e-9	2.7212032452898e-9	2.8602210263506e-9	3.0034990185651e-9	3.151069635472e-9	3.3029637581438e-9	3.4592106699296e-9	3.6198379736166e-9	3.7848773238849e-9	3.9543355547483e-9	4.1282463985205e-9	4.3066416763763e-9	4.489522492455e-9	4.6769109476043e-9	4.868821321292e-9	5.0652658530448e-9	5.2662546783671e-9	5.4717958539348e-9	5.6818953815358e-9	5.8965572065212e-9	6.1157833010663e-9	6.3395736854864e-9
0.	0.	0.	0.	0.	0.	0.	0.	0.	0.	0.	0.	0.	0.	1.7168414553185e-17	-3.4339110364994e-17	-2.4542073822645e-17	3.972842643958e-17	3.3464343313502e-17	2.4235496563545e-18	1.6563320915744e-17	-9.5768437409763e-18	4.2925518654486e-17	1.2538080167577e-16	3.2073191688228e-16	7.5634699637362e-16	1.6635282961236e-15	3.5147423052916e-15	6.9386100385984e-15	1.315505346803e-14	2.3736890735072e-14	4.1534181313107e-14	7.0077782088598e-14	1.1442210780426e-13	1.8163640238038e-13	2.8068280197953e-13	4.2319749744765e-13	6.2376635316571e-13	9.0048115690715e-13	1.2751483543452e-12	1.7738672904388e-12	2.4272891411139e-12	3.27091587798e-12	4.3452576750377e-12	5.6963079593623e-12	7.375263692709e-12	9.438948748574e-12	1.1949526033024e-11	1.4974597947361e-11	1.8586984053645e-11	2.2864368923678e-11	2.7889401274857e-11	3.3748937783076e-11	4.0534043299353e-11	4.8339385667033e-11	5.7262922996573e-11	6.7405315839615e-11	7.886973685746e-11	9.1761143686659e-11	1.0618588951128e-10	1.2225146289221e-10	1.4006565388817e-10	1.5973654587329e-10	1.8137186173869e-10	2.0507864292559e-10	2.3096288499021e-10	2.5912934306255e-10	2.8968100825902e-10	3.2271909032164e-10	3.5834261151026e-10	3.9664834046868e-10	4.3773065870858e-10	4.8168124772407e-10	5.2858922257721e-10	5.7854093971458e-10	6.3162000646604e-10	6.8790725586382e-10	7.4748077861215e-10	8.1041592624346e-10	8.7678541549962e-10	9.4665934201636e-10	1.0201053076103e-9	1.0971884403017e-9	1.1779715711494e-9	1.2625153264353e-9	1.3508780978101e-9	1.4431163687418e-9	1.5392846388559e-9	1.6394355554667e-9	1.743620042846e-9	1.8518873081457e-9	1.9642849951636e-9	2.0808591632365e-9	2.2016543464631e-9	2.3267135504334e-9	2.4560783888337e-9	2.5897889311428e-9	2.7278837589527e-9	2.8703999426686e-9	3.0173729892586e-9	3.168836802472e-9	3.3248236279456e-9	3.4853639537892e-9	3.6504865218815e-9	3.8202181592482e-9	3.9945837625127e-9	4.1736062207593e-9	4.3573063410461e-9	4.5457051236357e-9	4.7388111026099e-9	4.9366480207212e-9	5.1392229840657e-9	5.3465463921759e-9	5.5586255307604e-9	5.7754653727105e-9	5.9970685853553e-9	6.2234355895635e-9	6.4545646006475e-9	6.6904516980439e-9	6.9310908980854e-9
0.	0.	0.	0.	0.	0.	0.	0.	0.	0.	0.	0.	0.	0.	-2.7314079880598e-17	-6.3233147190791e-17	-1.1509704493715e-17	-4.4220468125582e-17	9.590415581205e-18	1.1947936948795e-17	-8.9109022673071e-18	4.7611837450296e-17	7.4486176977625e-17	1.983145631105e-16	4.8535426885229e-16	1.0549740011384e-15	2.4249777538328e-15	4.9807687188156e-15	9.6849759759445e-15	1.8326725886988e-14	3.2841865721114e-14	5.674274612538e-14	9.485890825571e-14	1.5362121164515e-13	2.4173016692359e-13	3.7054060370164e-13	5.5455732752012e-13	8.1150498121147e-13	1.163621592125e-12	1.6372702493676e-12	2.263818322994e-12	3.0798436870964e-12	4.127302559644e-12	5.4540826434085e-12	7.1138824015494e-12	9.166272374546e-12	1.1676999407246e-11	1.4717496911065e-11	1.8365112982878e-11	2.2702592004196e-11	2.7817924322628e-11	3.3804066441087e-11	4.075841162205e-11	4.8782346282424e-11	5.7980950163971e-11	6.8462346222727e-11	8.0337264699479e-11	9.3718491474775e-11	1.087203877638e-10	1.2545836511956e-10	1.4404835557858e-10	1.6460644884349e-10	1.8724829085249e-10	2.1208879078119e-10	2.3924167662774e-10	2.6881913496789e-10	3.0093148763029e-10	3.3568695339204e-10	3.7319138946982e-10	4.1354802338068e-10	4.5685738861593e-10	5.0321711124477e-10	5.5272184652223e-10	6.0546323009377e-10	6.6152981895563e-10	7.2100708989054e-10	7.8397751050193e-10	8.5052045254334e-10	9.207124531547e-10	9.9462708175372e-10	1.0723352075992e-9	1.153905001333e-9	1.2394020595967e-9	1.3288895873631e-9	1.4224283917366e-9	1.5200771196848e-9	1.621892294685e-9	1.7279284010499e-9	1.8382380599349e-9	1.9528720112108e-9	2.0718792827823e-9	2.1953071346719e-9	2.3232012217837e-9	2.4556054976881e-9	2.5925622947648e-9	2.7341123730098e-9	2.8802947164859e-9	3.0311467274481e-9	3.1867039777331e-9	3.3470002985458e-9	3.5120676378648e-9	3.68193598082e-9	3.8566333200427e-9	4.0361855411056e-9	4.220616318964e-9	4.4099470724803e-9	4.6041968925552e-9	4.8033824610154e-9	5.0075152606204e-9	5.2166150336834e-9	5.43068285542e-9	5.6497279406844e-9	5.8737542393311e-9	6.1027631543023e-9	6.3367535319891e-9	6.5757217103142e-9	6.8196615998491e-9	7.0685647579089e-9	7.3224204586867e-9	7.5812158287568e-9
0.	0.	0.	0.	0.	0.	0.	0.	0.	0.	0.	0.	0.	0.	4.0503764961558e-17	6.3233147190791e-17	1.9121264961275e-17	-1.824120315472e-17	3.9672258202287e-17	2.4710280862874e-17	2.8754413243008e-20	3.8433102144108e-17	1.064315328611e-16	2.8614512365407e-16	6.9597670393297e-16	1.621289161214e-15	3.4047646341588e-15	7.1041570143319e-15	1.382709723276e-14	2.5481706940343e-14	4.5256262387783e-14	7.7578662185047e-14	1.2844440020473e-13	2.0615727206213e-13	3.217253233178e-13	4.8919116793382e-13	7.2659709106006e-13	1.055839442646e-12	1.5037335554345e-12	2.102314389326e-12	2.8891550117839e-12	3.9077921704127e-12	5.2079688203877e-12	6.845847766096e-12	8.8842001535784e-12	1.1392239470732e-11	1.4445715095601e-11	1.8126687902687e-11	2.2523327072134e-11	2.7729605458886e-11	3.3844861591509e-11	4.0973444126622e-11	4.9224041091048e-11	5.87096452517e-11	6.9546335138557e-11	8.1853211634005e-11	9.5751641611311e-11	1.1136473132015e-10	1.2881658921437e-10	1.4823205659724e-10	1.6973593934252e-10	1.9345267770797e-10	2.1950573125483e-10	2.4801721517548e-10	2.7910754528535e-10	3.128949674087e-10	3.4949540244567e-10	3.890220795594e-10	4.3158525569128e-10	4.7729218858271e-10	5.2624691546452e-10	5.7855009013901e-10	6.3429904548725e-10	6.935876868584e-10	7.5650645645774e-10	8.2314249749261e-10	8.9357956323059e-10	9.6789816707801e-10	1.0461756758917e-9	1.128486425806e-9	1.2149017705226e-9	1.3054903032734e-9	1.4003179301864e-9	1.4994480131568e-9	1.6029414905603e-9	1.7108569960257e-9	1.8232509731133e-9	1.940177805851e-9	2.0616898275501e-9	2.1878374887758e-9	2.3186693801772e-9	2.4542321946552e-9	2.5945708858514e-9	2.7397285786416e-9	2.8897465533514e-9	3.044664306731e-9	3.2045193806884e-9	3.3693474108704e-9	3.539182007311e-9	3.7140546725532e-9	3.8939947288387e-9	4.0790292255207e-9	4.2691764638716e-9	4.4644778214804e-9	4.6649337980773e-9	4.8705628735039e-9	5.0813941565057e-9	5.2974244020669e-9	5.5186672649135e-9	5.7451285942112e-9	5.9768113804286e-9	6.2137157284576e-9	6.4558388811423e-9	6.7031752532348e-9	6.9557164980029e-9	7.2134516045297e-9	7.4763668985591e-9	7.7444462542316e-9	8.0176711269473e-9	8.2960207324758e-9
0.	0.	0.	0.	0.	0.	0.	0.	0.	0.	0.	0.	0.	-9.5884261481467e-18	4.5539051892162e-17	-1.5089426853385e-17	-7.6990726402885e-17	2.3663145172343e-18	-1.5816332278197e-17	-1.1484834160727e-17	1.9848292034152e-17	6.4683884590162e-17	1.8058272277497e-16	3.988671650946e-16	1.0603791606307e-15	2.4090142855189e-15	5.0514777728337e-15	1.0105518563697e-14	1.9417693763869e-14	3.5630414462001e-14	6.2482987846237e-14	1.060493508657e-13	1.7387962113927e-13	2.7667615503703e-13	4.2815118379397e-13	6.4584791340465e-13	9.5204605460568e-13	1.3735993477218e-12	1.9432815311706e-12	2.6994508099676e-12	3.6872104185847e-12	4.9583162565788e-12	6.5715563342173e-12	8.5927924672878e-12	1.1095060263048e-11	1.4158730389828e-11	1.7870920029887e-11	2.2325644100301e-11	2.7623166336723e-11	3.3869940339474e-11	4.117777322716e-11	4.9663581106591e-11	5.9448616621344e-11	7.0657927312741e-11	8.3419676801759e-11	9.7864721428643e-11	1.1412557663509e-10	1.323361603499e-10	1.5263090346957e-10	1.7514428863305e-10	2.0001027228199e-10	2.2736174267841e-10	2.5733004184065e-10	2.9004449813893e-10	3.2563213048067e-10	3.6421715164473e-10	4.0592082174649e-10	4.5086114506629e-10	4.9915261962809e-10	5.5090617069789e-10	6.062290611647e-10	6.6522466594147e-10	7.2799269158012e-10	7.9462896516018e-10	8.6522559895849e-10	9.3987100943062e-10	1.0186500420268e-9	1.1016440438727e-9	1.1889310291296e-9	1.2805858022947e-9	1.3766800384732e-9	1.4772825788825e-9	1.5824594346966e-9	1.6922739222111e-9	1.8067869733846e-9	1.9260570365034e-9	2.0501403487973e-9	2.1790909135408e-9	2.3129606808185e-9	2.4517994983945e-9	2.5956552558893e-9	2.7445738244777e-9	2.8985990839779e-9	3.0577729107304e-9	3.2221351177504e-9	3.3917234146843e-9	3.566573312479e-9	3.7467180870691e-9	3.9321886251182e-9	4.1230133673945e-9	4.319216875272e-9	4.5208263232774e-9	4.7278581483655e-9	4.9403312320713e-9	5.1582601704572e-9	5.3816564705029e-9	5.6105285672183e-9	5.8448817028196e-9	6.0847179289421e-9	6.3300360868552e-9	6.5808318039003e-9	6.8370975205796e-9	7.0988225558688e-9	7.3659931402971e-9	7.6385925716969e-9	7.9166012120315e-9	8.199996699198e-9	8.4887540413939e-9	8.7828457276283e-9	9.0822419070081e-9
0.	0.	0.	0.	0.	0.	0.	0.	0.	0.	0.	0.	0.	-8.6640455035416e-18	-9.9414907881464e-17	-4.1647031668102e-17	-8.1240000805564e-19	4.092026252828e-18	1.0356807027901e-17	1.8633135920687e-17	1.2404475356197e-17	6.6335071444104e-17	2.5225362779206e-16	6.4682497581373e-16	1.551655116196e-15	3.5037625915165e-15	7.3141792919825e-15	1.4460444476085e-14	2.7506008275138e-14	4.9583335442181e-14	8.6358678306028e-14	1.4488994850847e-13	2.3542960133709e-13	3.7121980615379e-13	5.6967369391072e-13	8.5267066037447e-13	1.2474790500687e-12	1.7871442009581e-12	2.5112164223231e-12	3.4661824193016e-12	4.7057302583253e-12	6.2912959057337e-12	8.2921877756963e-12	1.0785507588337e-11	1.3856233119079e-11	1.7597169572766e-11	2.2108424597263e-11	2.7497383107022e-11	3.3877916556588e-11	4.1370244502093e-11	5.0099885945051e-11	6.0197460299354e-11	7.1797727330143e-11	8.5038865374372e-11	1.0006205022701e-10	1.1701029263829e-10	1.3602806616553e-10	1.5726047042368e-10	1.8085260901397e-10	2.0694888825717e-10	2.3569255753929e-10	2.6722502816847e-10	3.016854827636e-10	3.3921035197134e-10	3.7993304788167e-10	4.2398361611481e-10	4.7148833958122e-10	5.2256972060593e-10	5.7734617615314e-10	6.3593195279109e-10	6.9843712064445e-10	7.6496756712256e-10	8.3562485523746e-10	9.1050651574392e-10	9.8970591239071e-10	1.0733124961936e-9	1.1614118861956e-9	1.2540860091235e-9	1.3514132466962e-9	1.4534686519374e-9	1.5603240845292e-9	1.6720483261901e-9	1.7887073093661e-9	1.9103642725741e-9	2.0370797741529e-9	2.1689119823397e-9	2.3059166452283e-9	2.4481472261006e-9	2.595654930347e-9	2.7484887970554e-9	2.9066956058774e-9	3.0703199945516e-9	3.2394043302458e-9	3.4139887221614e-9	3.5941108693307e-9	3.7798060656389e-9	3.9711070576608e-9	4.1680439114118e-9	4.3706439255345e-9	4.5789315227521e-9	4.7929280779802e-9	5.0126518549559e-9	5.2381178586826e-9	5.4693377661021e-9	5.7063197985845e-9	5.9490687101076e-9	6.1975856540441e-9	6.4518682408056e-9	6.711910478022e-9	6.9777027898073e-9	7.2492320511257e-9	7.5264816877773e-9	7.8094316879941e-9	8.0980587601876e-9	8.3923364451537e-9	8.6922352122238e-9	8.9977226323608e-9	9.3087635334e-9	9.625320098829e-9	9.9473520537424e-9
0.	0.	0.	0.	0.	0.	0.	0.	0.	0.	0.	0.	0.	-8.4854709150094e-18	-5.0852209356954e-32	6.4966886693041e-18	-3.1901320670481e-17	4.5608142349746e-18	-1.4899934884091e-17	-2.9082256647254e-17	2.3012114014892e-17	1.5386122196346e-16	3.9604222134103e-16	9.8714124458464e-16	2.2627553856643e-15	5.1524866615252e-15	1.0499797678444e-14	2.0645771317363e-14	3.8692039644967e-14	6.9384020468343e-14	1.1929454899605e-13	1.9809292484688e-13	3.187747530134e-13	4.9823862774466e-13	7.5803714587307e-13	1.1257335821396e-12	1.6345564298974e-12	2.3251470010927e-12	3.2452348555888e-12	4.4505928729488e-12	6.005537867702e-12	7.9826495687027e-12	1.0463355876355e-11	1.3537806228991e-11	1.7304610860842e-11	2.1870642623257e-11	2.7350816807424e-11	3.3867304549674e-11	4.1549228530795e-11	5.0531813647312e-11	6.0955739164373e-11	7.2966450062918e-11	8.6713173944482e-11	1.0234837885741e-10	1.2002669700878e-10	1.3990424635786e-10	1.6213782490599e-10	1.868841938153e-10	2.1429931707224e-10	2.4453775081802e-10	2.7775197104008e-10	3.1409196156138e-10	3.5370458368457e-10	3.9673323022375e-10	4.4331744673277e-10	4.9359269019995e-10	5.4769004882433e-10	6.057360531044e-10	6.678526510469e-10	7.341570265902e-10	8.0476170830692e-10	8.7977454769443e-10	9.5929875645481e-10	1.0434330662316e-9	1.1322718119544e-9	1.2259051424088e-9	1.3244191434056e-9	1.4278960460379e-9	1.5364143904698e-9	1.6500491987611e-9	1.7688722783057e-9	1.8929521987022e-9	2.0223546166035e-9	2.1571423502102e-9	2.2973755530957e-9	2.4431117475294e-9	2.5944059739573e-9	2.7513107953094e-9	2.9138763860844e-9	3.0821504721933e-9	3.256178343503e-9	3.4360028126487e-9	3.6216641490117e-9	3.8131999238365e-9	4.0106450309116e-9	4.2140314573325e-9	4.423388186112e-9	4.6387410987777e-9	4.8601127537478e-9	5.0875223484558e-9	5.3209855025033e-9	5.5605141904985e-9	5.8061166178409e-9	6.0577971012017e-9	6.3155560357753e-9	6.5793898210883e-9	6.849290860334e-9	7.1252475092399e-9	7.4072441508919e-9	7.6952612161362e-9	7.9892752894628e-9	8.2892591550837e-9	8.5951819344195e-9	8.9070092944103e-9	9.2247034673226e-9	9.5482234981645e-9	9.8775253756101e-9	1.0212562156264e-8	1.0553284155472e-8	1.0899638977629e-8
0.	0.	0.	0.	0.	0.	0.	0.	0.	0.	0.	0.	0.	7.4104762150513e-17	6.0270498536849e-17	1.3266819677298e-17	2.5230692164274e-17	-1.1151040881306e-17	3.1842509225285e-17	-5.1050578049402e-17	7.3812445037187e-17	2.2499105405112e-16	6.2100159567871e-16	1.5018331523672e-15	3.5166940642727e-15	7.4778482625811e-15	1.5235741284703e-14	2.9638122192783e-14	5.4651153699324e-14	9.6726646394112e-14	1.6460980852509e-13	2.7079377754905e-13	4.3158908233786e-13	6.6858218749261e-13	1.0088281328249e-12	1.4861529131065e-12	2.1418131212551e-12	3.0251086751171e-12	4.1937124435213e-12	5.714745006836e-12	7.6644215040668e-12	1.0128710044658e-11	1.320305514887e-11	1.6992473791584e-11	2.1611150131233e-11	2.7182054642019e-11	3.3836457611737e-11	4.1713158997532e-11	5.0957945631271e-11	6.1722759548343e-11	7.4164623914809e-11	8.8445025543705e-11	1.0472883545399e-10	1.2318344174852e-10	1.439778189355e-10	1.6728170238171e-10	1.9326468189084e-10	2.2209545715013e-10	2.5394105129586e-10	2.8896614896625e-10	3.2733250131202e-10	3.6919839213905e-10	4.1471821240153e-10	4.6404191181233e-10	5.1731484309241e-10	5.7467752961427e-10	6.3626528646869e-10	7.0220835866105e-10	7.7263169290577e-10	8.4765498079457e-10	9.2739272040925e-10	1.0119543057722e-9	1.1014441633253e-9	1.1959618615672e-9	1.2956023663748e-9	1.400456153325e-9	1.5106095122363e-9	1.6261446712316e-9	1.7471400579948e-9	1.8736704921519e-9	2.005807414846e-9	2.1436190013246e-9	2.2871703887881e-9	2.4365237925705e-9	2.5917385616726e-9	2.7528713284749e-9	2.9199760779657e-9	3.0931040442859e-9	3.2723038688008e-9	3.4576214627498e-9	3.6490999338149e-9	3.8467795891989e-9	4.0506977290454e-9	4.2608885621023e-9	4.477383081439e-9	4.7002088878412e-9	4.9293900146174e-9	5.1649467962775e-9	5.40689573896e-9	5.6552492796589e-9	5.910015779492e-9	6.1711992741539e-9	6.4387994962689e-9	6.7128117084082e-9	6.9932267047702e-9	7.280030791527e-9	7.5732057525961e-9	7.8727289290525e-9	8.1785732671945e-9	8.4907074293676e-9	8.8090958455909e-9	9.1336989429709e-9	9.4644732386929e-9	9.8013715025665e-9	1.0144342964414e-8	1.0493333422947e-8	1.0848285453851e-8	1.1209138501059e-8	1.1575828957724e-8	1.1948290243316e-8
0.	0.	0.	0.	0.	0.	0.	0.	0.	0.	0.	0.	2.2857356653648e-17	-5.5353045775478e-17	-2.9110814126135e-17	3.5844638960315e-17	-9.534440422767e-19	1.7152380612149e-17	1.0240484480491e-17	6.2265858439787e-17	1.5064525722915e-16	3.4578655992157e-16	9.2850139536088e-16	2.2622779019255e-15	5.2128532453755e-15	1.1028911957655e-14	2.2254300796939e-14	4.2304339894248e-14	7.7202996834549e-14	1.348968492159e-13	2.2735189036954e-13	3.7012203682725e-13	5.8440538527828e-13	8.9715682507189e-13	1.3423739293291e-12	1.9619945613714e-12	2.806498558452e-12	3.9358025917348e-12	5.4195145195697e-12	7.3379006039728e-12	9.7816080757972e-12	1.2851713829042e-11	1.666012667567e-11	2.1328789130643e-11	2.6989585251789e-11	3.3783555322212e-11	4.1860277991638e-11	5.1376975254448e-11	6.2497879113925e-11	7.5392967199444e-11	9.0237079385417e-11	1.0720889224209e-10	1.2648983436558e-10	1.4826310561236e-10	1.7271273225176e-10	2.0002245322322e-10	2.3037500609327e-10	2.6395118604197e-10	3.0092907557851e-10	3.414834363077e-10	3.8578508887479e-10	4.3400039916817e-10	4.8629074228694e-10	5.4281237333324e-10	6.0371592750384e-10	6.6914641581036e-10	7.3924298660973e-10	8.1413895952795e-10	8.9396176152653e-10	9.7883310561342e-10	1.068868969763e-9	1.1641798166825e-9	1.264870855846e-9	1.371042109854e-9	1.4827887737883e-9	1.6002013553731e-9	1.7233659706015e-9	1.852364628309e-9	1.9872753824023e-9	2.1281725717276e-9	2.2751270504531e-9	2.4282063541004e-9	2.5874747880264e-9	2.7529935982159e-9	2.9248210588403e-9	3.1030124763297e-9	3.287620235937e-9	3.4786937703739e-9	3.6762794684663e-9	3.8804207038399e-9	4.0911575833785e-9	4.3085268826408e-9	4.5325619365944e-9	4.7632923697524e-9	5.0007439869764e-9	5.2449385641527e-9	5.4958937023784e-9	5.7536226014595e-9	6.0181339116564e-9	6.2894316081404e-9	6.567514861204e-9	6.8523779091404e-9	7.1440099774899e-9	7.442392972527e-9	7.747512984572e-9	8.0593372065106e-9	8.3778370746547e-9	8.7029768378437e-9	9.0347159487383e-9	9.373009210378e-9	9.7178069421249e-9	1.0069055135089e-8	1.0426695633641e-8	1.0790666307627e-8	1.1160901256407e-8	1.1537330912157e-8	1.191988216827e-8	1.230847844626e-8	1.2703039685861e-8	1.3103482248718e-8
0.	0.	0.	0.	0.	0.	0.	0.	0.	0.	0.	0.	-3.6364899249317e-17	-1.0193481600737e-16	-7.2026695338199e-17	3.66372634177e-17	2.4291575562331e-17	-2.2654027910621e-17	5.280098956886e-17	3.1821412889017e-18	1.918522420369e-16	5.5530946721774e-16	1.3766289259572e-15	3.4491434093901e-15	7.6636219543801e-15	1.6153532089269e-14	3.2047511467367e-14	6.0432707015978e-14	1.0882129610633e-13	1.8826018430086e-13	3.1384457513264e-13	5.0593330209139e-13	7.9133541105679e-13	1.2039401017337e-12	1.7863074020326e-12	2.590226523204e-12	3.6774062902068e-12	5.1205317994656e-12	7.0035699212987e-12	9.4221509403035e-12	1.2483469623384e-11	1.6306833416864e-11	2.1022483064856e-11	2.6771834613112e-11	3.3706745168595e-11	4.1988502950889e-11	5.1787156383037e-11	6.3280191959936e-11	7.6651980009698e-11	9.2092030177933e-11	1.0979434286545e-10	1.2995597686911e-10	1.5277578299994e-10	1.7845356381872e-10	2.0718878600312e-10	2.3917965258305e-10	2.7462216802151e-10	3.1370925891734e-10	3.5663000619448e-10	4.0356896286244e-10	4.5470566389101e-10	5.1021403547398e-10	5.7026212202442e-10	6.3501178945624e-10	7.0461840129087e-10	7.7923086002957e-10	8.5899153489534e-10	9.4403623079261e-10	1.0344942818406e-9	1.1304888077749e-9	1.2321367596989e-9	1.3395492503189e-9	1.4528317477774e-9	1.5720843414488e-9	1.6974021021367e-9	1.8288752443857e-9	1.9665894442757e-9	2.1106261541992e-9	2.2610627679995e-9	2.4179729183963e-9	2.581426552345e-9	2.7514902108628e-9	2.9282270500682e-9	3.1116969525828e-9	3.3019566061404e-9	3.4990593991353e-9	3.7030555270702e-9	3.9139917808548e-9	4.1319115060525e-9	4.3568544679517e-9	4.5888566627736e-9	4.827950116408e-9	5.0741627670935e-9	5.3275181209467e-9	5.5880351846243e-9	5.8557216773921e-9	6.1306062809801e-9	6.4126443800096e-9	6.7019289883447e-9	6.9983656684743e-9	7.3019714209978e-9	7.6127283975666e-9	7.9306130462837e-9	8.2555961498339e-9	8.5876428588375e-9	8.9267127527166e-9	9.2727599588228e-9	9.6257332426227e-9	9.985576230836e-9	1.0352227520772e-8	1.0725620930178e-8	1.1105685654723e-8	1.1492346472251e-8	1.1885523895168e-8	1.2285134329151e-8	1.2691090122433e-8	1.3103299596151e-8	1.352166701416e-8	1.3946092348925e-8	1.4376470987182e-8
0.	0.	0.	0.	0.	0.	0.	0.	0.	0.	0.	0.	5.392513086598e-17	8.4854709150094e-18	5.4628159761196e-17	1.4276234497518e-17	-1.0698748286661e-17	-1.4349589689816e-17	2.0531495158421e-17	1.0557264874244e-16	3.2056753227128e-16	9.1663853269796e-16	2.1855349383839e-15	5.2784200965527e-15	1.1525589657952e-14	2.3761202482297e-14	4.6520647595068e-14	8.6373061306645e-14	1.5369694150082e-13	2.6277744988228e-13	4.3337118276397e-13	6.9148079093189e-13	1.0713521772589e-12	1.6156282942946e-12	2.3771287976723e-12	3.4195931797144e-12	4.8185253141769e-12	6.6620083772193e-12	9.0506707602444e-12	1.2098326526253e-11	1.5931909149752e-11	2.0690873573627e-11	2.6527084701331e-11	3.3604090182476e-11	4.2095974800455e-11	5.2186703658e-11	6.4068751053697e-11	7.7942182600774e-11	9.4012876994547e-11	1.1249175298639e-10	1.3359305323066e-10	1.5753314385749e-10	1.8452929584373e-10	2.1479844314193e-10	2.4855585495753e-10	2.860144277745e-10	3.2738336606907e-10	3.7286769607223e-10	4.2266697080583e-10	4.769753069603e-10	5.3598036033307e-10	5.9986313277249e-10	6.6879758355995e-10	7.4295051144023e-10	8.2248134703343e-10	9.0754222169958e-10	9.9827794822996e-10	1.0948261535064e-9	1.1973175483323e-9	1.3058759814828e-9	1.4206188993948e-9	1.541657504899e-9	1.6690971568117e-9	1.8030375905821e-9	1.9435733505347e-9	2.0907940228629e-9	2.2447845874542e-9	2.4056256134577e-9	2.5733935693397e-9	2.748160953967e-9	2.9299965759053e-9	3.118965473271e-9	3.3151292075356e-9	3.5185457479622e-9	3.729269488134e-9	3.9473512081681e-9	4.1728379378699e-9	4.4057728142481e-9	4.6461949726243e-9	4.8941392383661e-9	5.1496360044775e-9	5.412710935213e-9	5.6833847669543e-9	5.9616729901593e-9	6.2476003201015e-9	6.5411274153828e-9	6.8422966246864e-9	7.1510859156958e-9	7.4674816698089e-9	7.7914639634241e-9	8.1230065341733e-9	8.4620767492838e-9	8.8086355710803e-9	9.1626376370373e-9	9.5240313847073e-9	9.8927591113032e-9	1.0268757192585e-8	1.0651956234075e-8	1.1042281268519e-8	1.1439651998649e-8	1.184398294138e-8	1.2255183698775e-8	1.2673159025323e-8	1.309780901985e-8	1.3529029098764e-8	1.3966710016015e-8	1.4410737640666e-8	1.4860992713038e-8	1.5317350331008e-8	1.5779679324082e-8
0.	0.	0.	0.	0.	0.	0.	0.	0.	0.	0.	-1.3050913368311e-17	4.196839843044e-17	5.4396122995072e-17	-9.5738017764264e-17	1.3515289728076e-18	4.6873578585101e-18	3.572409582543e-18	6.5358418279342e-17	2.5099504154674e-16	5.0246935714497e-16	1.3350283944637e-15	3.343887163867e-15	7.9692225878595e-15	1.7113315049984e-14	3.487184705005e-14	6.7228868143538e-14	1.2354668343556e-13	2.1702585582044e-13	3.6677545963696e-13	5.9825451532899e-13	9.4518107173301e-13	1.4505845650973e-12	2.1680341850117e-12	3.163209345044e-12	4.5145364949149e-12	6.3138664434621e-12	8.6675584130242e-12	1.1696166518761e-11	1.553474638382e-11	2.0332892175873e-11	2.6253664125367e-11	3.3473303630484e-11	4.2180240566696e-11	5.2573553315389e-11	6.4862333132379e-11	7.9263967834631e-11	9.6002619286097e-11	1.1530783097221e-10	1.3741306774956e-10	1.6255410612787e-10	1.9096761785073e-10	2.2288987500007e-10	2.5855523122559e-10	2.981952170149e-10	3.4203717387893e-10	3.9030342686528e-10	4.4321051803208e-10	5.0096834906399e-10	5.6377967349519e-10	6.3183971612764e-10	7.0533572473194e-10	7.8444683121344e-10	8.6934398797023e-10	9.6018984479104e-10	1.0571389700706e-9	1.1603378751504e-9	1.2699253588086e-9	1.3860327179059e-9	1.5087840677783e-9	1.6382967242181e-9	1.7746815160238e-9	1.9180432438678e-9	2.0684809220476e-9	2.2260881956082e-9	2.3909537335263e-9	2.5631614177103e-9	2.7427906483425e-9	2.9299165559836e-9	3.1246101923634e-9	3.3269386163798e-9	3.5369649427401e-9	3.7547484025732e-9	3.9803442889087e-9	4.2138038204424e-9	4.4551740352498e-9	4.70449762385e-9	4.961812693878e-9	5.2271525585133e-9	5.5005453923679e-9	5.7820140576517e-9	6.0715757443257e-9	6.3692417488928e-9	6.6750171459865e-9	6.988900574031e-9	7.3108840221418e-9	7.6409526154176e-9	7.9790844729349e-9	8.3252505860153e-9	8.6794147954873e-9	9.0415337149818e-9	9.4115567830899e-9	9.7894263639198e-9	1.0175077817241e-8	1.0568439693164e-8	1.096943388637e-8	1.1377975869467e-8	1.1793974897566e-8	1.2217334246594e-8	1.2647951415476e-8	1.3085718316147e-8	1.3530521391585e-8	1.3982241723534e-8	1.4440754948167e-8	1.4905931198405e-8	1.5377634763232e-8	1.5855723631252e-8	1.6340048866164e-8	1.6830453637287e-8	1.7326772040497e-8
0.	0.	0.	0.	0.	0.	0.	0.	0.	0.	0.	-1.1792728602043e-17	-6.3086627852273e-17	-3.6187037422165e-17	-4.7815337335106e-17	-2.6310457394963e-17	5.4239483790861e-17	1.2774487488119e-17	1.3473493611763e-16	2.5680418230746e-16	7.7851094702553e-16	2.1604120699469e-15	5.1781794812024e-15	1.1947490377399e-14	2.5641633079548e-14	5.1334658701643e-14	9.7419983596758e-14	1.7656355010754e-13	3.0640653871521e-13	5.1182976260776e-13	8.2600647047059e-13	1.2918850472747e-12	1.9639324360494e-12	2.9094264003192e-12	4.2094018163217e-12	5.960066450279e-12	8.273269247434e-12	1.1276827310731e-11	1.511484528158e-11	1.9947244133425e-11	2.5949640798913e-11	3.3312202938021e-11	4.2238737954259e-11	5.2945458919525e-11	6.5659580842773e-11	8.0617795745668e-11	9.8064450045794e-11	1.1825004054822e-10	1.4142930305218e-10	1.6785958907534e-10	1.9779925258483e-10	2.3150604415231e-10	2.6923557162361e-10	3.1124003726141e-10	3.5776682762704e-10	4.0905771710216e-10	4.6534763596899e-10	5.2686410569648e-10	5.9382647718559e-10	6.6644553404897e-10	7.4492305619395e-10	8.294516942358e-10	9.2021479234359e-10	1.0173865123791e-9	1.1211318522229e-9	1.2316069241467e-9	1.3489591867417e-9	1.4733278210364e-9	1.6048441165564e-9	1.7436318029416e-9	1.8898075268435e-9	2.0434813307742e-9	2.2047569165382e-9	2.3737322909594e-9	2.5504998543109e-9	2.7351469311487e-9	2.9277559623016e-9	3.128404790047e-9	3.3371667389535e-9	3.554110849489e-9	3.7793018150335e-9	4.0128000273738e-9	4.2546614939156e-9	4.5049377173212e-9	4.7636754688575e-9	5.0309166537047e-9	5.3066979508252e-9	5.5910505761537e-9	5.8839999431315e-9	6.185565344855e-9	6.4957596324861e-9	6.8145888657391e-9	7.1420520692252e-9	7.4781408951623e-9	7.8228393856762e-9	8.1761238025656e-9	8.5379624336826e-9	8.9083155170136e-9	9.2871351415254e-9	9.674363798411e-9	1.0069941891859e-8	1.0473792825908e-8	1.0885838192179e-8	1.1305990446394e-8	1.1734154598181e-8	1.217022847862e-8	1.261410293394e-8	1.3065662124859e-8	1.3524783672275e-8	1.3991338883341e-8	1.4465192785402e-8	1.494620419333e-8	1.5434225555213e-8	1.5929102697317e-8	1.6430674370998e-8	1.6938771591696e-8	1.7453216686941e-8	1.7973822087068e-8	1.8500388670937e-8	1.9032703826368e-8
0.	0.	0.	0.	0.	0.	0.	0.	0.	0.	0.	-1.1549668745429e-17	-5.392513086598e-17	2.0179745682571e-32	-1.7071299925373e-18	-2.6405068903038e-17	6.7287314805754e-17	4.9015109914809e-17	1.5448739799835e-16	4.5020524816809e-16	1.2973291570068e-15	3.3231342498223e-15	8.1607818631162e-15	1.824828009747e-14	3.8136082030621e-14	7.5383361112666e-14	1.411236133935e-13	2.523171927641e-13	4.3260515422981e-13	7.1436754203342e-13	1.1403787217202e-12	1.7658990503182e-12	2.6590969752373e-12	3.9042910515853e-12	5.6014830386268e-12	7.8684569646237e-12	1.08406964115e-11	1.4671660192529e-11	1.9532917616117e-11	2.5613234794008e-11	3.3118221202684e-11	4.2268761269425e-11	5.3299840039157e-11	6.6458793489189e-11	8.2003881902118e-11	1.002018261429e-10	1.2132635942706e-10	1.4565612792984e-10	1.7347258336454e-10	2.050582469714e-10	2.4069479316062e-10	2.8066146327402e-10	3.2523351131862e-10	3.746807325551e-10	4.2926618381417e-10	4.8924543623997e-10	5.5486538694266e-10	6.2636364214008e-10	7.0396806822489e-10	7.8789640303331e-10	8.783559414529e-10	9.7554362498674e-10	1.0796459554616e-9	1.1908393359438e-9	1.3092900698248e-9	1.4351549639885e-9	1.5685816018737e-9	1.7097087976552e-9	1.8586670995516e-9	2.0155793325768e-9	2.1805609961588e-9	2.3537207930833e-9	2.5351610945729e-9	2.7249783463155e-9	2.9232633784635e-9	3.1301017651568e-9	3.3455740890319e-9	3.5697560314048e-9	3.8027185550675e-9	4.0445278460085e-9	4.2952453855374e-9	4.5549277127841e-9	4.8236263511626e-9	5.1013875189182e-9	5.3882518373917e-9	5.6842540848016e-9	5.989422738379e-9	6.303779677507e-9	6.6273397549024e-9	6.9601104658993e-9	7.3020915083374e-9	7.6532745262278e-9	8.0136427243409e-9	8.3831706604257e-9	8.7618239839163e-9	9.1495592740073e-9	9.5463074231645e-9	9.9520441907819e-9	1.0366685457517e-8	1.0790131209929e-8	1.1222304603755e-8	1.1663107793374e-8	1.2112434402449e-8	1.2570169657087e-8	1.3036190772982e-8	1.3510367103012e-8	1.3992560438531e-8	1.4482625189442e-8	1.4980408495537e-8	1.5485750300781e-8	1.5998483205981e-8	1.6518432275491e-8	1.7045414576149e-8	1.7579238484825e-8	1.811970277009e-8	1.866659525582e-8	1.9219691222518e-8	1.9778751288052e-8	2.0343518846205e-8	2.0913716983912e-8
0.	0.	0.	0.	0.	0.	0.	0.	0.	0.	0.	8.7813901780999e-17	3.6364899249317e-17	-9.2438064460514e-19	5.2648197039316e-17	8.3128448487328e-18	7.3469546820392e-18	9.0568032098341e-17	2.1830616588288e-16	7.487341556984e-16	2.0493997303351e-15	5.2291479467603e-15	1.2649282963205e-14	2.7583633892928e-14	5.6932595181813e-14	1.1062894635194e-13	2.0422785789475e-13	3.6056811456899e-13	6.1068375345406e-13	9.9705820194659e-13	1.574644156203e-12	2.4136142753848e-12	3.6003129211828e-12	5.2392804660882e-12	7.4540015053314e-12	1.0387965457579e-11	1.4204854826476e-11	1.9088578165167e-11	2.5242361498567e-11	3.2888767333056e-11	4.2267351811772e-11	5.3633879463913e-11	6.7258192066376e-11	8.3422304057077e-11	1.0241817003534e-10	1.2454552378876e-10	1.5010954005171e-10	1.7941870196456e-10	2.1278253564847e-10	2.5050958820588e-10	2.929054000645e-10	3.4027099314765e-10	3.9290096569861e-10	4.5108234384261e-10	5.1509330385386e-10	5.8520223733763e-10	6.6166696942397e-10	7.4473403899409e-10	8.346387470575e-10	9.3160444052611e-10	1.0358427622523e-9	1.1475536730113e-9	1.2669256974635e-9	1.3941362832377e-9	1.5293521252113e-9	1.6727297523816e-9	1.8244160482869e-9	1.9845487219569e-9	2.1532570791762e-9	2.3306623410989e-9	2.5168784313492e-9	2.7120123450741e-9	2.9161646141915e-9	3.1294297390062e-9	3.3518965516087e-9	3.5836483789331e-9	3.8247632695284e-9	4.0753140864133e-9	4.3353684675415e-9	4.6049887572968e-9	4.8842318405938e-9	5.1731489233029e-9	5.4717852497165e-9	5.7801796937492e-9	6.0983644102081e-9	6.4263643998413e-9	6.764197085471e-9	7.1118717979715e-9	7.469389417964e-9	7.8367419394738e-9	8.213912011104e-9	8.6008726943956e-9	8.9975871224154e-9	9.404008255419e-9	9.8200787598849e-9	1.0245730894536e-8	1.068088645344e-8	1.1125456888188e-8	1.1579343300407e-8	1.2042436754677e-8	1.2514618334408e-8	1.2995759527276e-8	1.3485722420058e-8	1.3984360028434e-8	1.4491516513181e-8	1.5007027458615e-8	1.5530719989819e-8	1.6062412855428e-8	1.6601916390907e-8	1.714903225897e-8	1.770355299903e-8	1.8265261415191e-8	1.8833929525986e-8	1.9409317275498e-8	1.9991170801368e-8	2.0579220215796e-8	2.1173176957025e-8	2.1772730486374e-8	2.237754437386e-8	2.2987251798192e-8
0.	0.	0.	0.	0.	0.	0.	0.	0.	0.	3.1924737805509e-17	-4.9254578713502e-17	-3.8342792542461e-17	8.1363224358217e-17	1.5874766294829e-18	4.0395620744862e-17	-5.6256752807398e-18	1.4480207169412e-16	4.0432498877729e-16	1.1822484506289e-15	3.3411616928619e-15	8.4895108427611e-15	1.9302611855244e-14	4.1948551395795e-14	8.4882045291138e-14	1.6247378550302e-13	2.9602918469055e-13	5.1540617386537e-13	8.6216418180579e-13	1.3914160432434e-12	2.1741079487611e-12	3.2990411464709e-12	4.8747214045953e-12	7.0307952463371e-12	9.9191571977724e-12	1.3714192809751e-11	1.861310449963e-11	2.4835220421826e-11	3.2621008218623e-11	4.2231214424797e-11	5.3944396246921e-11	6.8055457328806e-11	8.4873081519436e-11	1.0471731354481e-10	1.2791688486137e-10	1.5480697119265e-10	1.8572624219669e-10	2.2101449765602e-10	2.6101042275425e-10	3.0604900904296e-10	3.5645999640893e-10	4.1256586804907e-10	4.7468011183931e-10	5.4310615522358e-10	6.1813627581257e-10	7.0005035856624e-10	7.8911592198551e-10	8.8558719330149e-10	9.8970514126077e-10	1.1016974378374e-9	1.2217786309462e-9	1.3501504133445e-9	1.487001996356e-9	1.6325108133246e-9	1.7868428611017e-9	1.9501535370305e-9	2.1225882132224e-9	2.3042828348148e-9	2.4953648026242e-9	2.6959533828407e-9	2.9061603571007e-9	3.1260905569293e-9	3.3558422813049e-9	3.5955076480448e-9	3.8451727991462e-9	4.1049181702147e-9	4.3748184352642e-9	4.654942561922e-9	4.9453535505381e-9	5.2461083847191e-9	5.5572575568184e-9	5.878844763422e-9	6.2109065191374e-9	6.5534715742777e-9	6.90656048136e-9	7.2701850710421e-9	7.6443478563212e-9	8.0290416173179e-9	8.4242488821993e-9	8.8299414932582e-9	9.2461141498217e-9	9.6726144822263e-9	1.0109482078266e-8	1.055667058655e-8	1.1013909589606e-8	1.1481286004466e-8	1.1958628853507e-8	1.2445817067133e-8	1.2942718123924e-8	1.3449188361643e-8	1.396507322306e-8	1.4490207561416e-8	1.5024415954951e-8	1.5567512932784e-8	1.6119303224841e-8	1.6679581793411e-8	1.7248133846505e-8	1.7824734642078e-8	1.8409149003177e-8	1.9001130695856e-8	1.960042139661e-8	2.0206749312053e-8	2.08198273469e-8	2.1439350834235e-8	2.2064994679686e-8	2.2696409840281e-8	2.3333219242795e-8	2.3975012883363e-8	2.4621342239306e-8	2.5271713876991e-8
0.	0.	0.	0.	0.	0.	0.	0.	0.	0.	-5.0790644406071e-17	-1.0086481514931e-16	2.1696641723687e-32	7.1832572000358e-17	-1.4680732796058e-17	-1.5415816917057e-17	6.9624503689507e-17	2.1127398881538e-16	6.1899437293693e-16	1.9955144172414e-15	5.333742556402e-15	1.3138385787438e-14	3.0082505565255e-14	6.3619780124571e-14	1.2670794626487e-13	2.3877065058584e-13	4.2865850020477e-13	7.3656876616632e-13	1.2170403534109e-12	1.9418015955279e-12	3.0017422753248e-12	4.5092493307067e-12	6.6001613544556e-12	9.4350721079836e-12	1.3199672067613e-11	1.8105624821838e-11	2.4389446122482e-11	3.2311959739044e-11	4.2156688359019e-11	5.4227939944508e-11	6.8848115325017e-11	8.635598552965e-11	1.0710298194163e-10	1.31450682077e-10	1.5976763575021e-10	1.92426663539e-10	2.2980152911862e-10	2.7226465309381e-10	3.201842686277e-10	3.7392235533226e-10	4.3383225511079e-10	5.0025730062726e-10	5.7352894338289e-10	6.5396580722237e-10	7.4187255242859e-10	8.3753942517949e-10	9.4124171927944e-10	1.0532395466721e-9	1.1737781080608e-9	1.3030876548579e-9	1.4413841594802e-9	1.588869511998e-9	1.7457324997084e-9	1.9121492837802e-9	2.0882842030587e-9	2.2742906435913e-9	2.470311754545e-9	2.6764811615454e-9	2.8929237897995e-9	3.1197564516028e-9	3.3570883625651e-9	3.6050217457072e-9	3.8636520768952e-9	4.1330683995426e-9	4.4133534785167e-9	4.7045837287824e-9	5.00682925271e-9	5.3201535409519e-9	5.644613203145e-9	5.9802575578692e-9	6.3271281675112e-9	6.6852583248223e-9	7.0546724182958e-9	7.4353853708813e-9	7.8274020316294e-9	8.2307165289622e-9	8.6453116644093e-9	9.0711584791926e-9	9.5082156645342e-9	9.9564670740683e-9	1.041573203871e-8	1.0886043779922e-8	1.1367270604509e-8	1.185930517912e-8	1.2362026674717e-8	1.2875300908255e-8	1.339898048706e-8	1.3932905101185e-8	1.4476901814165e-8	1.5030785352435e-8	1.5594358448755e-8	1.6167412153616e-8	1.67497260033e-8	1.7341068235432e-8	1.7941195722274e-8	1.8549853833843e-8	1.9166775977109e-8	1.9791682955512e-8	2.0424281890944e-8	2.1064264781773e-8	2.1711306623036e-8	2.2365062943262e-8	2.302516677472e-8	2.3691224954951e-8	2.4362813699579e-8	2.5039473403386e-8	2.5720702629043e-8	2.6405951290649e-8	2.7094613009566e-8	2.7786016713406e-8
0.	0.	0.	0.	0.	0.	0.	0.	0.	0.	7.5316918316947e-17	1.1549668745429e-17	1.1769139959789e-16	-9.4187649922679e-18	-2.8584996682253e-17	7.7997816986421e-17	9.6169843394017e-17	3.5455014911311e-16	1.1127991924927e-15	3.273163908859e-15	8.518270808961e-15	2.0784180076219e-14	4.6280807047958e-14	9.6622774940884e-14	1.8897397561461e-13	3.5085993505331e-13	6.2091487397649e-13	1.052631456683e-12	1.7182119953113e-12	2.7100886789552e-12	4.144486772055e-12	6.1634515996863e-12	8.936399574858e-12	1.2661318693867e-11	1.7565202114584e-11	2.3903299471427e-11	3.1958599089197e-11	4.2040031879402e-11	5.4480271387453e-11	6.9633119637622e-11	8.7870511292447e-11	1.09579378094e-10	1.351579697845e-10	1.6501286191752e-10	1.9955505016728e-10	2.3919669228061e-10	2.843483229872e-10	3.3541545516728e-10	3.9279618368758e-10	4.5687872797815e-10	5.2803951968871e-10	6.0664142569524e-10	6.930323607466e-10	7.8754438992885e-10	8.9049291364275e-10	1.0021762568693e-9	1.1228756385887e-9	1.2528552182387e-9	1.3923624282158e-9	1.5416284415937e-9	1.7008688985743e-9	1.8702846722297e-9	2.0500626335126e-9	2.2403767068477e-9	2.4413886761769e-9	2.6532490953033e-9	2.87609827027e-9	3.1100669636052e-9	3.3552771781998e-9	3.6118427179103e-9	3.8798698624492e-9	4.1594574884626e-9	4.4506975763513e-9	4.7536751255341e-9	5.0684683019077e-9	5.3951480634106e-9	5.7337780412462e-9	6.0844140410401e-9	6.4471036199451e-9	6.8218853651372e-9	7.2087883671221e-9	7.6078314549696e-9	8.019022463063e-9	8.4423575655936e-9	8.8778204899212e-9	9.3253819082802e-9	9.7849988301168e-9	1.0256614020636e-8	1.0740197842797e-8	1.1235536578534e-8	1.1742654879327e-8	1.2261392867785e-8	1.2791617538745e-8	1.3333180501935e-8	1.3885918156772e-8	1.4449651924666e-8	1.5024188546263e-8	1.5609320400747e-8	1.6204825906503e-8	1.6810469775703e-8	1.7426003301349e-8	1.8051164568688e-8	1.8685678444246e-8	1.9329256432911e-8	1.9981596280852e-8	2.0642381225936e-8	2.1311278993755e-8	2.1987940228482e-8	2.267199649469e-8	2.3363057671457e-8	2.4060708740321e-8	2.4764505773532e-8	2.5473971225257e-8	2.6188588323209e-8	2.6907794613262e-8	2.763097460857e-8	2.835745159431e-8	2.9086478645468e-8	2.9817228905646e-8	3.0548785514713e-8
0.	0.	0.	0.	0.	0.	0.	0.	0.	0.	5.8617019295407e-17	-1.021672933782e-16	-9.6340336094056e-18	-7.1568088583668e-17	5.3397365573911e-18	1.0976366862602e-16	1.072715182873e-16	5.8171783044447e-16	1.84011501274e-15	5.3563250184193e-15	1.3868803925138e-14	3.2767024353193e-14	7.1674976676345e-14	1.4635943009705e-13	2.8200994316871e-13	5.154951041838e-13	8.9914684527235e-13	1.5046809491743e-12	2.4257118357295e-12	3.7822227141785e-12	5.7222916096764e-12	8.4244629143822e-12	1.2099529921566e-11	1.6990971343163e-11	2.3374449049904e-11	3.15574938737e-11	4.1877033551497e-11	5.4697277932729e-11	7.0407139691463e-11	8.9416036082521e-11	1.1215058516073e-10	1.3905093752395e-10	1.7056612731071e-10	2.0715053153078e-10	2.492598155887e-10	2.9734736259188e-10	3.5186078242963e-10	4.1323889392413e-10	4.8190910864183e-10	5.5828498594839e-10	6.4276439819152e-10	7.3572802461209e-10	8.3753821134477e-10	9.4853816803624e-10	1.0690517428222e-9	1.1993831058125e-9	1.3398171461501e-9	1.4906198378626e-9	1.6520388458454e-9	1.824304451671e-9	2.0076304536117e-9	2.2022151062572e-9	2.4082423639839e-9	2.6258828816541e-9	2.8552950439562e-9	3.0966260090235e-9	3.3500126642205e-9	3.615582403582e-9	3.8934538234976e-9	4.1837372775524e-9	4.4865352518527e-9	4.8019425843203e-9	5.1300466074051e-9	5.4709268453483e-9	5.8246550019522e-9	6.1912944170814e-9	6.5708995371671e-9	6.9635153140033e-9	7.3691764115924e-9	7.7879064912346e-9	8.2197172998037e-9	8.664607823754e-9	9.122563449512e-9	9.5935551135257e-9	1.0077538616819e-8	1.0574453851888e-8	1.1084224245496e-8	1.1606803543414e-8	1.2141939184242e-8	1.2689644508161e-8	1.3249726252632e-8	1.3822020678416e-8	1.4406346500972e-8	1.5002505092515e-8	1.5610280767083e-8	1.6229441109689e-8	1.6859737331207e-8	1.7500904686222e-8	1.8152662701472e-8	1.8814715412966e-8	1.9486751476242e-8	2.0168443934639e-8	2.0859449930028e-8	2.155940991103e-8	2.2267946523445e-8	2.2984663033357e-8	2.3709141163537e-8	2.4440938340146e-8	2.5179584183625e-8	2.5924576264445e-8	2.6675374948575e-8	2.7431397396135e-8	2.8192010577094e-8	2.8956523299481e-8	2.9724177412539e-8	3.0494138092276e-8	3.1265483464204e-8	3.2037193787787e-8	3.2808140511299e-8	3.3577075612075e-8
0.	0.	0.	0.	0.	0.	0.	0.	0.	3.8628932744666e-17	-1.2003746596282e-16	2.7466876067944e-32	1.6729108045448e-18	-1.2577904583547e-18	-4.4907495788862e-17	4.3105969559468e-17	3.3855705588276e-16	1.0103896251938e-15	2.9587013706762e-15	8.8385464862428e-15	2.2247563205718e-14	5.1538759222682e-14	1.1064849959447e-13	2.2202945305385e-13	4.2071184861162e-13	7.5714265737305e-13	1.3021384595302e-12	2.150493277246e-12	3.4245418539129e-12	5.2786279701401e-12	7.9006478912004e-12	1.1514880690029e-11	1.6382450775643e-11	2.2801146792494e-11	3.110534715143e-11	4.1663040506004e-11	5.487401267641e-11	7.1166182834925e-11	9.0991258930415e-11	1.1482108349806e-10	1.4314266247154e-10	1.7645349750088e-10	2.1525715212531e-10	2.6005837440618e-10	3.1135925438273e-10	3.6965500185585e-10	4.3543042734236e-10	5.0915705895118e-10	5.9129015787354e-10	6.8226689648394e-10	7.8250437607824e-10	8.9239875219616e-10	1.0123239938213e-9	1.1426319603928e-9	1.2836520235782e-9	1.4356916773771e-9	1.5990369416182e-9	1.7739532690833e-9	1.9606866430263e-9	2.1594645333205e-9	2.3704973368653e-9	2.5939795712389e-9	2.8300911569028e-9	3.0789986279129e-9	3.3408563673987e-9	3.6158076306207e-9	3.9039854023402e-9	4.205513213647e-9	4.5205056753533e-9	4.8490689315117e-9	5.1913007427976e-9	5.547290557628e-9	5.9171192637119e-9	6.3008588541638e-9	6.6985718593133e-9	7.1103106303711e-9	7.5361165758654e-9	7.9760192132978e-9	8.430035226053e-9	8.8981674041453e-9	9.3804036718208e-9	9.8767160552596e-9	1.0387059776928e-8	1.0911372311031e-8	1.1449572741274e-8	1.200156099932e-8	1.2567270282465e-8	1.3146402222025e-8	1.3738955592757e-8	1.4344697248774e-8	1.4963426668103e-8	1.5594923244233e-8	1.6238946470699e-8	1.6895252731408e-8	1.7563513956163e-8	1.8243481245529e-8	1.8934822029672e-8	1.9637201902804e-8	2.0350268406941e-8	2.1073650889811e-8	2.1806960171335e-8	2.2549787744369e-8	2.3301704638992e-8	2.4062259697056e-8	2.4830977305133e-8	2.5607354404555e-8	2.639085671086e-8	2.7180914126658e-8	2.7976915159854e-8	2.8778200353842e-8	2.9584054746888e-8	3.0393699276922e-8	3.1206281141971e-8	3.202086338823e-8	3.2836413717645e-8	3.3651792920311e-8	3.4465743218798e-8	3.5276877159113e-8	3.6083667480514e-8	3.6884438991821e-8
0.	0.	0.	0.	0.	0.	0.	0.	0.	-1.6631522993418e-17	-2.3190846565011e-17	-2.3585457204085e-17	-1.713367578278e-16	2.3781270209005e-17	2.1226200622009e-17	1.53707503106e-16	5.2517729701559e-16	1.8415401437118e-15	5.4181900571844e-15	1.4519176025388e-14	3.5802676459235e-14	8.11356144214e-14	1.7078178679275e-13	3.3669773864026e-13	6.2755654238324e-13	1.1122527062968e-12	1.8859792854297e-12	3.0734835251337e-12	4.8345531993589e-12	7.3668152787599e-12	1.0908485801234e-11	1.5739182289351e-11	2.2181277830796e-11	3.0598376255707e-11	4.1393176132995e-11	5.5004995471444e-11	7.1905636815041e-11	9.2594832089508e-11	1.1759538058159e-10	1.4744750419173e-10	1.8270401239863e-10	2.2392415914357e-10	2.7166870088192e-10	3.2649493861524e-10	3.8895201416086e-10	4.5957700232199e-10	5.3889109057739e-10	6.2739662778187e-10	7.2557485797306e-10	8.3388367966087e-10	9.5275669945962e-10	1.0826021155194e-9	1.2238026262779e-9	1.3767152420507e-9	1.5416720773529e-9	1.7189808325813e-9	1.9089261656978e-9	2.111770734918e-9	2.3277566645409e-9	2.5571071045712e-9	2.8000276889482e-9	3.0567080491848e-9	3.327323261863e-9	3.6120352014648e-9	3.910993738684e-9	4.2243377419395e-9	4.5521958414405e-9	4.8946871035552e-9	5.2519213534281e-9	5.6239992838177e-9	6.0110124118138e-9	6.4130426821572e-9	6.8301619343721e-9	7.2624312781282e-9	7.7099000468666e-9	8.1726049063453e-9	8.6505686480043e-9	9.1437990601894e-9	9.6522876988313e-9	1.0176008631268e-8	1.0714917355743e-8	1.1268949651621e-8	1.1838020658116e-8	1.2422023908683e-8	1.3020830757267e-8	1.3634289789785e-8	1.4262226356765e-8	1.4904442479353e-8	1.5560716766542e-8	1.6230804502429e-8	1.6914437830403e-8	1.7611326174641e-8	1.8321156530399e-8	1.904359391846e-8	1.9778281722385e-8	2.0524841995936e-8	2.1282875597778e-8	2.2051962062741e-8	2.2831659271062e-8	2.3621502626601e-8	2.4421003853134e-8	2.5229649150419e-8	2.6046896740167e-8	2.6872173642497e-8	2.770487160137e-8	2.8544341988957e-8	2.9389889810784e-8	3.0240766540057e-8	3.1096161820983e-8	3.1955194138244e-8	3.2816900342349e-8	3.3680224364187e-8	3.4544005111738e-8	3.5406964111305e-8	3.6267693109998e-8	3.7124642446196e-8	3.7976110741385e-8	3.8820236958561e-8	3.9654995714483e-8	4.0478197094421e-8
0.	0.	0.	0.	0.	0.	0.	0.	0.	1.4524533381501e-16	8.2715382211579e-17	-1.1693842823114e-16	-5.9376689252964e-17	-1.1403885684728e-17	3.73587870261e-17	3.2472851846762e-16	9.9069167500773e-16	3.0699771006884e-15	9.1405065910334e-15	2.3950613847593e-14	5.7733806706331e-14	1.2790975809526e-13	2.6382309511077e-13	5.1080224359128e-13	9.3632419723373e-13	1.6341004125936e-12	2.7313074911033e-12	4.3925709688214e-12	6.8252253922728e-12	1.0281371119196e-11	1.5061234274895e-11	2.1513119722244e-11	3.003294382216e-11	4.1062127266383e-11	5.5084184281503e-11	7.2620317040622e-11	9.4224750002089e-11	1.2047799748021e-10	1.5198129701954e-10	1.8935001263704e-10	2.3320718230965e-10	2.8417740260758e-10	3.4288098795942e-10	4.0992846745522e-10	4.8591602722537e-10	5.7142124928934e-10	6.6699968400605e-10	7.7318202750422e-10	8.9047194179468e-10	1.0193449209227e-9	1.1602469883364e-9	1.3135948306834e-9	1.4797758620506e-9	1.6591488999584e-9	1.8520452795248e-9	2.0587701491273e-9	2.2796040704057e-9	2.5148046045041e-9	2.7646084160171e-9	3.0292327442727e-9	3.3088774017682e-9	3.6037263868558e-9	3.9139494196265e-9	4.2397032704776e-9	4.5811328792795e-9	4.9383722746821e-9	5.3115451297306e-9	5.7007650546357e-9	6.1061356919385e-9	6.5277504982528e-9	6.965692095199e-9	7.4200317134492e-9	7.8908281245966e-9	8.3781265530938e-9	8.8819573625075e-9	9.4023346852585e-9	9.9392550249136e-9	1.0492695756619e-8	1.1062613727874e-8	1.1648943897373e-8	1.2251598105023e-8	1.2870463934267e-8	1.3505403779991e-8	1.4156254119315e-8	1.4822824858292e-8	1.5504899051168e-8	1.6202232672335e-8	1.6914554622657e-8	1.7641566889622e-8	1.8382944840491e-8	1.9138337597729e-8	1.9907358183967e-8	2.0689635142097e-8	2.1484710438948e-8	2.2292142029154e-8	2.3111452587473e-8	2.39421393396e-8	2.4783673261981e-8	2.5635497765912e-8	2.649702674082e-8	2.7367641862012e-8	2.8246689074197e-8	2.9133474145958e-8	3.0027257117301e-8	3.0927245642667e-8	3.1832587191861e-8	3.2742359934606e-8	3.3655562502176e-8	3.4571102595094e-8	3.5487784631798e-8	3.6404296747168e-8	3.7319197451224e-8	3.8230902579212e-8	3.9137673104557e-8	4.0037604803555e-8	4.092862071508e-8	4.1808467548304e-8	4.2674717363097e-8	4.352477578036e-8	4.4355897918164e-8
0.	0.	0.	0.	0.	0.	0.	0.	0.	1.0246286675736e-16	1.2457080075793e-16	1.6766029837095e-18	-9.161908994928e-17	1.1724635497994e-17	8.0756592247238e-17	4.9603685959111e-16	1.6432950320173e-15	5.1447638633118e-15	1.5367302347593e-14	3.9555253962859e-14	9.2964698012468e-14	2.0154143751037e-13	4.074976470354e-13	7.748890770143e-13	1.3967733518667e-12	2.400458641172e-12	3.9555819645191e-12	6.2782070157921e-12	9.6355079268012e-12	1.4348837541492e-11	2.0795059837437e-11	2.9405383586987e-11	4.0664237750034e-11	5.5104733755589e-11	7.3304263536519e-11	9.5878394144224e-11	1.2347376706169e-10	1.567611417671e-10	1.9642759683258e-10	2.4316917974026e-10	2.976834317318e-10	3.6066266754438e-10	4.3278751849558e-10	5.1472164766543e-10	6.071066234884e-10	7.1055816310014e-10	8.2566269428036e-10	9.5297535075155e-10	1.0930182887383e-9	1.2462795924657e-9	1.4132135209825e-9	1.5942407309154e-9	1.7897491772696e-9	2.0000956489601e-9	2.2256073264415e-9	2.4665838199139e-9	2.7232991164702e-9	2.996003925646e-9	3.2849277693225e-9	3.5902811108865e-9	3.9122571510435e-9	4.251033877342e-9	4.606775220071e-9	4.979632603434e-9	5.3697456566341e-9	5.7772428886924e-9	6.2022418352686e-9	6.6448491332618e-9	7.105159870794e-9	7.5832570799107e-9	8.0792105867784e-9	8.5930758655371e-9	9.1248924899275e-9	9.6746826202299e-9	1.0242449299691e-8	1.0828174701007e-8	1.1431818397702e-8	1.2053315714532e-8	1.2692576122215e-8	1.3349481839674e-8	1.4023886584987e-8	1.4715614526522e-8	1.5424459459089e-8	1.6150184238209e-8	1.6892520416249e-8	1.7651168095601e-8	1.8425795981586e-8	1.9216041636423e-8	2.0021511800716e-8	2.0841782792643e-8	2.1676400889751e-8	2.252488271579e-8	2.3386715413058e-8	2.4261356550666e-8	2.514823373808e-8	2.6046743744587e-8	2.6956251123613e-8	2.7876086014239e-8	2.8805541246372e-8	2.9743868492348e-8	3.0690273275986e-8	3.1643908969806e-8	3.2603869351361e-8	3.3569180017183e-8	3.4538788331635e-8	3.5511552165126e-8	3.6486227380827e-8	3.7461454371933e-8	3.8435743957837e-8	3.9407463096128e-8	4.0374821056097e-8	4.1335856856386e-8	4.2288429053894e-8	4.3230208917566e-8	4.4158678483929e-8	4.5071134765532e-8	4.5964701661324e-8	4.6836350676399e-8	4.7682931678045e-8	4.8501214012355e-8
0.	0.	0.	0.	0.	0.	0.	0.	-2.0964850848076e-17	-1.6807308080169e-16	1.5063383663389e-16	-1.014790524628e-17	2.0158224354223e-18	9.5589170559357e-17	2.6164102263663e-16	7.6545187506431e-16	2.9400933671469e-15	9.241553852283e-15	2.6011149427151e-14	6.5135234695667e-14	1.4954698962595e-13	3.175265369386e-13	6.2933941794659e-13	1.1755193095389e-12	2.0837200995789e-12	3.5264230183929e-12	5.728931957802e-12	8.9730344025903e-12	1.3602978602141e-11	2.0025679634184e-11	2.8711840120151e-11	4.0193305613456e-11	5.5059176578642e-11	7.3950407376069e-11	9.7552299053243e-11	1.2658745328046e-10	1.6180598660037e-10	2.0397731694678e-10	2.5388150491735e-10	3.1229967730021e-10	3.8000695141717e-10	4.577641813587e-10	5.4631205540498e-10	6.4636504540317e-10	7.5860713525088e-10	8.8368793323227e-10	1.0222202490006e-9	1.1747783721934e-9	1.3418973691265e-9	1.5240728083668e-9	1.7217617868346e-9	1.9353840927221e-9	2.165323870402e-9	2.4119319371758e-9	2.6755280707137e-9	2.9564036227449e-9	3.2548241102909e-9	3.5710317982931e-9	3.9052481849754e-9	4.2576762798132e-9	4.6285025551142e-9	5.0178986455536e-9	5.4260227539901e-9	5.8530204187943e-9	6.2990253277428e-9	6.7641590921262e-9	7.2485312486354e-9	7.7522385016117e-9	8.2753636207667e-9	8.8179742053153e-9	9.3801210318524e-9	9.9618362020753e-9	1.056313124383e-8	1.1183994948349e-8	1.1824391390207e-8	1.2484257712246e-8	1.3163502363108e-8	1.3862003085768e-8	1.4579605437321e-8	1.5316121329843e-8	1.6071327901265e-8	1.6844935486066e-8	1.7636742953652e-8	1.8446325431391e-8	1.9273346206941e-8	2.0117400863217e-8	2.0978048689809e-8	2.185481314028e-8	2.274718216912e-8	2.3654608636527e-8	2.4576510446467e-8	2.5512270523722e-8	2.6461236324958e-8	2.7422718993254e-8	2.8395991684881e-8	2.938028729647e-8	3.0374795255346e-8	3.1378657138101e-8	3.2390961254214e-8	3.3410735890766e-8	3.4436941096598e-8	3.5468459054205e-8	3.6504083024985e-8	3.7542504795983e-8	3.8582300986183e-8	3.9621918221791e-8	4.0659657887598e-8	4.1693660778871e-8	4.2721892565566e-8	4.3742131001165e-8	4.4751956054972e-8	4.5748744398127e-8	4.6729669670266e-8	4.7691710201303e-8	4.8631665721037e-8	4.9546184338679e-8	5.0431800833027e-8	5.1284986524246e-8	5.2102210376536e-8	5.2880009882583e-8
0.	0.	0.	0.	0.	0.	0.	0.	-2.3201623765886e-17	7.019961778443e-17	-6.1282596674846e-17	3.2976922333998e-17	-2.7302110429927e-17	8.9189774860821e-17	3.1680577943122e-16	1.4436237338508e-15	5.1670101824876e-15	1.6043291512602e-14	4.3907446775209e-14	1.074451593431e-13	2.4084254470198e-13	5.0005161511057e-13	9.7212236257031e-13	1.7830455584806e-12	3.1083845327276e-12	5.1805863991111e-12	8.2969065655223e-12	1.2824684326832e-11	1.9204103559342e-11	2.7948468597437e-11	3.9642832994808e-11	5.4939342723718e-11	7.4550746029169e-11	9.9242693950652e-11	1.2982394752038e-10	1.6713644979021e-10	2.1204478278672e-10	2.6542527569726e-10	3.2815587641648e-10	4.011067438071e-10	4.8513101638602e-10	5.8105775124653e-10	6.8968462323925e-10	8.1177336480261e-10	9.4804501984733e-10	1.0991775733551e-9	1.2658036449691e-9	1.4485103965649e-9	1.647839274904e-9	1.8642871667187e-9	2.0983084190111e-9	2.3503167255782e-9	2.620688086618e-9	2.9097637220681e-9	3.2178530960329e-9	3.5452372577073e-9	3.892171810382e-9	4.2588897873259e-9	4.6456043474696e-9	5.0525110246839e-9	5.4797895792088e-9	5.9276054273784e-9	6.3961105856348e-9	6.8854441371334e-9	7.3957321065076e-9	7.9270869876813e-9	8.4796066885403e-9	9.0533731269307e-9	9.6484505146986e-9	1.0264883221877e-8	1.0902693538758e-8	1.1561879145842e-8	1.2242410698467e-8	1.2944229219749e-8	1.3667243722163e-8	1.4411328897194e-8	1.517632297882e-8	1.5962025986031e-8	1.6768198101822e-8	1.7594558458114e-8	1.8440784301641e-8	1.930651024542e-8	2.0191328130758e-8	2.1094786923799e-8	2.2016392862671e-8	2.2955609830224e-8	2.3911859660998e-8	2.4884522547168e-8	2.5872937146794e-8	2.6876400574076e-8	2.7894167823678e-8	2.892545079189e-8	2.9969416560756e-8	3.1025184726991e-8	3.209182383535e-8	3.3168346550075e-8	3.4253703507904e-8	3.5346775776902e-8	3.6446365649439e-8	3.755118586509e-8	3.8659847253571e-8	3.9770844800181e-8	4.0882542424314e-8	4.1993156798654e-8	4.3100740707695e-8	4.420316664157e-8	4.5298111658423e-8	4.6383044531817e-8	4.7455216751615e-8	4.8511658880128e-8	4.9549184043353e-8	5.0564400406552e-8	5.1553734148298e-8	5.2513464491117e-8	5.3439771486616e-8	5.4328796713409e-8	5.5176715911527e-8	5.597982166764e-8	5.6734612792865e-8	5.7437886344503e-8
0.	0.	0.	0.	0.	0.	0.	0.	9.5380080851026e-17	4.8517802596863e-17	-1.011078209486e-16	5.8755825924873e-17	8.2607336256957e-18	1.7204128633409e-16	6.9439571575003e-16	2.6874588809267e-15	9.5402373316671e-15	2.7926264289184e-14	7.4221236218587e-14	1.7726048740959e-13	3.8790046803986e-13	7.8823902782464e-13	1.5016644078165e-12	2.7047641708153e-12	4.6371698859187e-12	7.6105553611099e-12	1.2016218313255e-11	1.8329840836295e-11	2.7111661095293e-11	3.900597200166e-11	5.4735841315943e-11	7.5096069982834e-11	1.0094384825237e-10	1.3318779547516e-10	1.7277547854603e-10	2.2068125963276e-10	2.7789334544326e-10	3.4540156087388e-10	4.2418583028302e-10	5.1520598122993e-10	6.1939235334281e-10	7.3763836650672e-10	8.7079416383159e-10	1.0196622005634e-9	1.1849937267941e-9	1.3674870020048e-9	1.567787198769e-9	1.7864861802393e-9	2.0241247350452e-9	2.2811944184286e-9	2.5581408083031e-9	2.8553666581951e-9	3.1732357532568e-9	3.512076601887e-9	3.8721864874416e-9	4.2538348316428e-9	4.6572666888112e-9	5.0827059870459e-9	5.530357839728e-9	6.0004107424513e-9	6.4930379758517e-9	7.0083985328536e-9	7.5466375405153e-9	8.1078857008817e-9	8.6922583857434e-9	9.2998545010816e-9	9.9307541828759e-9	1.0585016809535e-8	1.1262678114822e-8	1.196374746911e-8	1.2688204699819e-8	1.3435997283333e-8	1.4207036969322e-8	1.500119722791e-8	1.5818310397076e-8	1.6658165305186e-8	1.7520505202853e-8	1.8405026071998e-8	1.9311375284004e-8	2.0239045828359e-8	2.1187899873928e-8	2.2157120192518e-8	2.314625852459e-8	2.4154711541861e-8	2.5181826086791e-8	2.6226899368523e-8	2.7289179162332e-8	2.8367863655647e-8	2.9462100870818e-8	3.0570987510995e-8	3.169356694441e-8	3.2828826330414e-8	3.3975692471291e-8	3.5133026407374e-8	3.6299616456665e-8	3.7474169638382e-8	3.8655301330832e-8	3.9841523094925e-8	4.1031228768559e-8	4.2222678874982e-8	4.3413983756457e-8	4.4603085688147e-8	4.5787740857531e-8	4.6965501849958e-8	4.8133702014751e-8	4.9289443030197e-8	5.0429587316029e-8	5.1550757237807e-8	5.2649343162e-8	5.3721522215019e-8	5.4763289675641e-8	5.5770504224416e-8	5.6738947778145e-8	5.7664399471099e-8	5.8542722251787e-8	5.936995922584e-8	6.0142435563846e-8	6.0856860694513e-8	6.1510424745302e-8	6.210088315589e-8
0.	0.	0.	0.	0.	0.	0.	0.	-6.7341858715352e-17	2.1617922569491e-18	-4.5816628252976e-17	-9.8000742721862e-18	3.251597167521e-19	2.6018760887927e-16	1.2725995271861e-15	5.0445556161221e-15	1.6986627894688e-14	4.9033990071596e-14	1.2565307410095e-13	2.9193156643911e-13	6.2424037804348e-13	1.2414890020894e-12	2.3194841379971e-12	4.1030695483378e-12	6.9179418163702e-12	1.1180273912819e-11	1.7403019710954e-11	2.619809521481e-11	3.8275534006237e-11	5.4438727552596e-11	7.5575968356654e-11	1.0264969856931e-10	1.3668374765712e-10	1.7874826544056e-10	2.2994497167928e-10	2.9139228221642e-10	3.6420986686689e-10	4.4950515100705e-10	5.4836126771055e-10	6.6182577386611e-10	7.9090199694351e-10	9.3654140758941e-10	1.0996388259824e-9	1.2810287760343e-9	1.4814830303898e-9	1.701711237e-9	1.9423612207643e-9	2.2040214610167e-9	2.4872240303204e-9	2.7924484314948e-9	3.1201259204494e-9	3.470643922288e-9	3.8443509024394e-9	4.2415608147508e-9	4.6625575504507e-9	5.107598887368e-9	5.576920102643e-9	6.0707365415698e-9	6.5892463543297e-9	7.1326314367457e-9	7.7010587374443e-9	8.294679907582e-9	8.9136307443765e-9	9.5580297889005e-9	1.0227976277822e-8	1.0923547581498e-8	1.1644796196819e-8	1.2391746415986e-8	1.3164390649231e-8	1.3962685735581e-8	1.4786549299932e-8	1.5635855987016e-8	1.651043422431e-8	1.7410062959511e-8	1.8334469036426e-8	1.9283324743147e-8	2.0256246100993e-8	2.1252791238718e-8	2.2272459603394e-8	2.3314691244357e-8	2.4378866611595e-8	2.5464306678573e-8	2.6570272973431e-8	2.7695967880504e-8	2.8840534648148e-8	3.0003057191754e-8	3.1182559391868e-8	3.2378003707026e-8	3.3588288882567e-8	3.4812246629023e-8	3.6048636866845e-8	3.729614157127e-8	3.8553356794327e-8	3.9818782880872e-8	4.1090812632994e-8	4.2367717517848e-8	4.3647631930644e-8	4.4928535607184e-8	4.620823481693e-8	4.7484342665572e-8	4.875425944626e-8	5.001515420754e-8	5.1263948913172e-8	5.2497306842416e-8	5.3711627497118e-8	5.4903049968422e-8	5.6067467245327e-8	5.7200553594674e-8	5.8297806938102e-8	5.9354607378489e-8	6.0366292125819e-8	6.1328245856571e-8	6.223600402379e-8	6.3085365004899e-8	6.3872505746533e-8	6.4594094312473e-8	6.5247392211344e-8	6.5830339695078e-8	6.6341617961182e-8	6.6780683945366e-8
0.	0.	0.	0.	0.	0.	0.	9.8550854406004e-17	-1.7227763266186e-16	-3.8162413879352e-16	9.7362593109293e-18	7.9347367293243e-17	9.5023507279362e-17	5.0538758042103e-16	2.5937881654926e-15	9.7091525615093e-15	3.0837136565328e-14	8.5500445579158e-14	2.1271700217728e-13	4.8143550672368e-13	1.004841098683e-12	1.9560783950855e-12	3.5829045943227e-12	6.2238223818696e-12	1.0320242234315e-11	1.6424481579205e-11	2.5204568293311e-11	3.7443948195919e-11	5.4036728223399e-11	7.5978162292932e-11	1.0435219347161e-10	1.4031591097812e-10	1.8508236436123e-10	2.3990194264357e-10	3.0604476407687e-10	3.8478193291316e-10	4.773699632972e-10	5.8503496004155e-10	7.0896051393858e-10	8.5027648989183e-10	1.0100509334975e-9	1.1892840873484e-9	1.3889044860927e-9	1.6097669361971e-9	1.8526527649523e-9	2.1182714544214e-9	2.407263666896e-9	2.7202050215331e-9	3.057611366115e-9	3.4199438332991e-9	3.8076147178072e-9	4.2209930199619e-9	4.6604101870061e-9	5.1261651224814e-9	5.6185289796166e-9	6.1377491482646e-9	6.6840524497602e-9	7.2576475026067e-9	7.8587261938187e-9	8.4874643821988e-9	9.1440212751271e-9	9.8285383854227e-9	1.0541137425947e-8	1.1281917408639e-8	1.2050951440721e-8	1.2848282675032e-8	1.3673920041679e-8	1.4527833868471e-8	1.5409951169623e-8	1.6320151242754e-8	1.7258261340593e-8	1.8224052660096e-8	1.921723668492e-8	2.0237462111067e-8	2.1284312234931e-8	2.2357302893144e-8	2.3455880930985e-8	2.4579423168644e-8	2.5727235870075e-8	2.6898329411664e-8	2.8092543433628e-8	2.9308296563234e-8	3.0544836645432e-8	3.1801115206313e-8	3.3076011620639e-8	3.4368311454587e-8	3.5676803518864e-8	3.7000076525587e-8	3.8336713060829e-8	3.9685182648898e-8	4.1043852507843e-8	4.2410976265611e-8	4.3784680334068e-8	4.51629480986e-8	4.6543601908929e-8	4.7924283301653e-8	4.9302431783589e-8	5.0675263132795e-8	5.2039748177142e-8	5.3392593433146e-8	5.4730225637004e-8	5.6048781913434e-8	5.7344108396225e-8	5.8611769720814e-8	5.9847072046975e-8	6.1045102099843e-8	6.2200784041319e-8	6.3308955061269e-8	6.4364459381982e-8	6.5362258684884e-8	6.6297555204433e-8	6.7165921883109e-8	6.7963432638005e-8	6.8686784647583e-8	6.9333404427928e-8	6.9901530207393e-8	7.0390264566713e-8	7.079959366285e-8	7.1130372002587e-8	7.1384274600794e-8
0.	0.	0.	0.	0.	0.	0.	-2.2141667923915e-16	1.0725719236777e-31	3.1891423409544e-17	-1.4602870402229e-16	-1.5254070762286e-17	2.3545601477753e-16	1.1405866725138e-15	4.9809467775562e-15	1.80512447946e-14	5.529907443182e-14	1.4907997851086e-13	3.5964953621824e-13	7.9366515352586e-13	1.6179674873013e-12	3.0817061440447e-12	5.5340740131537e-12	9.4409390591103e-12	1.5396165828116e-11	2.4128578936388e-11	3.6503490397867e-11	5.351770818622e-11	7.628896125212e-11	1.0604157988048e-10	1.4408825285825e-10	1.9180859233381e-10	2.5062732052517e-10	3.2199263885742e-10	4.0735334661851e-10	5.0813976686332e-10	6.2574558029054e-10	7.6151229180633e-10	9.1671643476113e-10	1.0925604674865e-9	1.2901650463333e-9	1.5105654632513e-9	1.7547097009232e-9	2.0234592597196e-9	2.3175914084696e-9	2.6378035410919e-9	2.9847182195863e-9	3.3588897763856e-9	3.7608106676688e-9	4.1909189188064e-9	4.649604858412e-9	5.1372179824252e-9	5.6540729209024e-9	6.2004551681483e-9	6.7766253794659e-9	7.3828230570203e-9	8.0192690553733e-9	8.6861667072807e-9	9.3837023536355e-9	1.0112044096493e-8	1.0871339917988e-8	1.1661714784141e-8	1.2483266849849e-8	1.3336062863674e-8	1.4220133166762e-8	1.5135466442579e-8	1.6082003952928e-8	1.7059634031669e-8	1.8068186620033e-8	1.910742813033e-8	2.0177056762517e-8	2.1276698294707e-8	2.2405902603074e-8	2.356414068794e-8	2.4750802448599e-8	2.5965195031511e-8	2.7206541799345e-8	2.8473981607181e-8	2.9766568501187e-8	3.1083271502806e-8	3.2422974327166e-8	3.3784474661128e-8	3.5166483107722e-8	3.6567621001216e-8	3.7986417260035e-8	3.9421303698226e-8	4.0870608563538e-8	4.233254811853e-8	4.3805215833908e-8	4.5286569210739e-8	4.6774413983587e-8	4.8266385734951e-8	4.9759929344633e-8	5.1252276285766e-8	5.2740420885723e-8	5.4221096317545e-8	5.5690751732229e-8	5.714553252237e-8	5.8581265765534e-8	5.9993453644027e-8	6.1377277722823e-8	6.2727617199483e-8	6.4039084134464e-8	6.5306078271773e-8	6.6522862982877e-8	6.7683662977609e-8	6.8782782225151e-8	6.9814738841712e-8	7.0774411330669e-8	7.1657188733465e-8	7.2459115588695e-8	7.3177022107949e-8	7.3808630203992e-8	7.4352627395736e-8	7.4808703201218e-8	7.5177545431854e-8	7.5460797358511e-8	7.5660979753112e-8	7.5781384294389e-8	7.5825946665561e-8
0.	0.	0.	0.	0.	0.	0.	2.8479209738595e-16	-1.1251045822655e-16	4.3913558909839e-17	3.8150624416871e-17	2.5200646108591e-17	5.4181401180241e-16	2.4466581231892e-15	9.7980464482167e-15	3.3780311183976e-14	9.9556805431491e-14	2.595898372577e-13	6.0922285434513e-13	1.3086888912893e-12	2.6046484317404e-12	4.8548247730215e-12	8.5480912895927e-12	1.4321075260054e-11	2.2968524855385e-11	3.5446505906635e-11	5.2868197495941e-11	7.6492225708872e-11	1.0770609514519e-10	1.4800380907815e-10	1.9896093035291e-10	2.6220736352695e-10	3.3940101366998e-10	4.3220012847821e-10	5.4223981545378e-10	6.7110981972964e-10	8.2033625618547e-10	9.9136650843105e-10	1.1855576352664e-9	1.4041686467271e-9	1.6483563276814e-9	1.9191736280369e-9	2.2175710377447e-9	2.5444005671655e-9	2.9004210599875e-9	3.2863052566792e-9	3.702647939044e-9	4.1499743431426e-9	4.6287489292544e-9	5.1393839274365e-9	5.6822475973029e-9	6.2576711724042e-9	6.8659557800533e-9	7.5073768702841e-9	8.1821886702665e-9	8.8906262606093e-9	9.6329069207338e-9	1.0409229448943e-8	1.1219772620527e-8	1.2064692030907e-8	1.294411611386e-8	1.3858140859749e-8	1.4806824074597e-8	1.5790178806109e-8	1.680816663676e-8	1.7860690676362e-8	1.8947588797287e-8	2.0068626997549e-8	2.1223493365821e-8	2.2411792543874e-8	2.3633040924256e-8	2.4886662659614e-8	2.6171986402421e-8	2.7488242776511e-8	2.8834562651981e-8	3.0209975934497e-8	3.1613410658668e-8	3.3043692458703e-8	3.4499543910514e-8	3.5979583469017e-8	3.7482223141036e-8	3.9006169481021e-8	4.0549412419687e-8	4.2110276587802e-8	4.368666110547e-8	4.5276627965628e-8	4.6877891526286e-8	4.8488051772244e-8	5.0104525913985e-8	5.1724527048888e-8	5.3345040189917e-8	5.4962796347119e-8	5.657424575184e-8	5.8175531224536e-8	5.9762464088007e-8	6.1330504383861e-8	6.287474873612e-8	6.4389928826779e-8	6.5870424334087e-8	6.7310293733319e-8	6.8703326544414e-8	7.0043119462608e-8	7.1323177697308e-8	7.2537041053029e-8	7.367843183288e-8	7.4741419172435e-8	7.5720591938319e-8	7.6611229969035e-8	7.7409462581e-8	7.8112402704204e-8	7.8718246550665e-8	7.9226330978794e-8	7.9637144365188e-8	7.9952290501124e-8	8.017440930877e-8	8.0307061143752e-8	8.0354584175057e-8	8.0321935275358e-8	8.0214524961835e-8	8.0038055893043e-8
0.	0.	0.	0.	0.	0.	-7.6707409185174e-17	4.1861730998193e-16	-1.3293821906483e-16	-4.0322556848291e-17	-5.9426363462447e-17	1.5156271187288e-16	9.9470560291002e-16	4.7027339759018e-15	1.9137085567109e-14	6.2868293701375e-14	1.7926185870066e-13	4.521749966741e-13	1.0313111028224e-12	2.1576057897309e-12	4.1936236892481e-12	7.6486338289056e-12	1.3203784402734e-11	2.172380947343e-11	3.4265646226228e-11	5.2073938343958e-11	7.6570031986353e-11	1.0933130127663e-10	1.5206479613411e-10	2.0657700061994e-10	2.7474092775201e-10	3.5846281123934e-10	4.5964884591026e-10	5.8017618709982e-10	7.218657498487e-10	8.8646043541042e-10	1.0756064939692e-9	1.2908405227062e-9	1.5335806268251e-9	1.8051216986276e-9	2.1066348450657e-9	2.4391697434823e-9	2.8036601339831e-9	3.2009313792627e-9	3.6317093270785e-9	4.0966311778862e-9	4.5962557298972e-9	5.1310746424344e-9	5.7015226220039e-9	6.307987377414e-9	6.9508182637781e-9	7.630333449655e-9	8.3468258052459e-9	9.1005668625347e-9	9.8918092721096e-9	1.0720787137658e-8	1.1587714869999e-8	1.2492784256102e-8	1.3436160033337e-8	1.4417974150399e-8	1.5438318985913e-8	1.6497239619657e-8	1.7594725556529e-8	1.8730702206612e-8	1.9905022308027e-8	2.111745755654e-8	2.2367690776756e-8	2.3655308598227e-8	2.4979795082887e-8	2.6340526250551e-8	2.7736765410556e-8	2.9167659648356e-8	3.0632236921707e-8	3.2129565164317e-8	3.3657945395261e-8	3.5216521290567e-8	3.6803667205859e-8	3.841779193836e-8	4.0057175440105e-8	4.1719965431664e-8	4.3404172319273e-8	4.5107662346593e-8	4.6828148048233e-8	4.8563176116701e-8	5.0310111930901e-8	5.2066120991875e-8	5.3828146702416e-8	5.5592885193754e-8	5.735675723616e-8	5.9115878493791e-8	6.0866029090971e-8	6.2602624524009e-8	6.4320690463276e-8	6.6014844220123e-8	6.7679286826954e-8	6.930780978475e-8	7.0893820712175e-8	7.2430392367002e-8	7.3910338473759e-8	7.5326318907495e-8	7.6670974588598e-8	7.7937090037816e-8	7.9117778477924e-8	8.0206681138022e-8	8.1198169640581e-8	8.2087538255689e-8	8.2871172121406e-8	8.3546678422112e-8	8.4112969886664e-8	8.4570294010129e-8	8.4920206027135e-8	8.5165488589315e-8	8.5310025483996e-8	8.5358640075087e-8	8.5316910959817e-8	8.5190977722504e-8	8.498734866844e-8	8.4712720448196e-8	8.4373816957566e-8	8.3977252130562e-8
0.	0.	0.	0.	0.	0.	2.1271474365927e-18	1.7387855537676e-16	-7.931744323826e-17	-1.2703274697511e-17	-4.0210432648544e-17	2.9114464116051e-16	2.1836056376554e-15	9.8468819541116e-15	3.7012220549789e-14	1.1716029389992e-13	3.2257468733391e-13	7.8815993567887e-13	1.7457983322741e-12	3.557514576704e-12	6.7513680275276e-12	1.205035758187e-11	2.0395005228531e-11	3.2953156595553e-11	5.1119241991956e-11	7.6501664585753e-11	1.1089966243249e-10	1.5627190068726e-10	2.1469883323843e-10	2.8834238675869e-10	3.7940465450339e-10	4.9008725702771e-10	6.2255483077412e-10	7.789025353033e-10	9.6112835657278e-10	1.171111572726e-9	1.4105976992917e-9	1.6811879132956e-9	1.9843348644006e-9	2.3213424924176e-9	2.6933706300605e-9	3.1014421340992e-9	3.5464536671708e-9	4.0291872034519e-9	4.5503235975532e-9	5.11045596216e-9	5.7101034642805e-9	6.3497239636508e-9	7.0297257722187e-9	7.7504779998389e-9	8.512318702434e-9	9.3155614147195e-9	1.01604991883e-8	1.1047406517144e-8	1.1976538849057e-8	1.2948130315066e-8	1.3962389010515e-8	1.5019490697816e-8	1.6119571072865e-8	1.7262716420387e-8	1.8448953948726e-8	1.967824103572e-8	2.0950454549613e-8	2.22653802823e-8	2.3622702776765e-8	2.5021995833475e-8	2.6462713970621e-8	2.7944184974611e-8	2.9465603459412e-8	3.1026025693888e-8	3.2624365531788e-8	3.4259391112514e-8	3.5929722395184e-8	3.7633829103251e-8	3.9370028663033e-8	4.1136483831654e-8	4.2931199583723e-8	4.4752018436682e-8	4.6596614107978e-8	4.8462482800155e-8	5.0346931424328e-8	5.2247062553501e-8	5.4159755618151e-8	5.6081644295037e-8	5.8009089790866e-8	5.9938150725889e-8	6.1864550148784e-8	6.3783640875643e-8	6.5690371217087e-8	6.7579253305822e-8	6.9444337641946e-8	7.1279197651974e-8	7.3076929176528e-8	7.4830169875595e-8	7.6531144064421e-8	7.8171737730654e-8	7.974360740016e-8	8.1238324839618e-8	8.2647556250087e-8	8.39632714947e-8	8.5177974740863e-8	8.6284944128351e-8	8.7278465189484e-8	8.8154041008387e-8	8.8908562616796e-8	8.954042548479e-8	9.0049582327033e-8	9.0437528026803e-8	9.0707218774976e-8	9.0862933088402e-8	9.0910086936987e-8	9.0855018040973e-8	9.0704755171547e-8	9.0466787483144e-8	9.0148846501014e-8	8.9758710449614e-8	8.9304037105427e-8	8.879222817207e-8	8.8230325454312e-8	8.7624937014986e-8
0.	0.	0.	0.	0.	0.	-1.9473415939843e-16	5.2126901523358e-17	-4.1694075539819e-17	-1.8071989518567e-16	-1.3170648463902e-17	7.911658762697e-16	4.4780660342936e-15	2.0284978356614e-14	7.2387512627096e-14	2.1954367967172e-13	5.8106656948917e-13	1.3739163054561e-12	2.954877221805e-12	5.8654835982602e-12	1.08690971321e-11	1.8985147491141e-11	3.1503224751904e-11	4.9987703994641e-11	7.6263144931109e-11	1.1238995241829e-10	1.6062402592396e-10	2.2337294801185e-10	3.0314398532734e-10	4.0249405657309e-10	5.2397879835592e-10	6.7010633552685e-10	8.4329817570195e-10	1.0458544105162e-9	1.2799289618255e-9	1.5475106994618e-9	1.8504122558441e-9	2.1902661776573e-9	2.5685259716874e-9	2.9864731377793e-9	3.4452276247873e-9	3.9457617550631e-9	4.488915801883e-9	5.0754152895588e-9	5.7058877027961e-9	6.3808800461084e-9	7.1008739850605e-9	7.8663002087664e-9	8.6775503797175e-9	9.5349864381812e-9	1.0438947640415e-8	1.1389754340327e-8	1.2387709249863e-8	1.3433095587712e-8	1.452617279116e-8	1.5667169669324e-8	1.6856275623752e-8	1.8093629724546e-8	1.9379308965378e-8	2.0713315201794e-8	2.2095561677767e-8	2.3525859740351e-8	2.5003905672565e-8	2.6529268320971e-8	2.8101377860713e-8	2.9719515539721e-8	3.1382805021629e-8	3.3090205012368e-8	3.4840503235305e-8	3.6632311607083e-8	3.8464062240135e-8	4.0334004249888e-8	4.2240200378322e-8	4.4180523562934e-8	4.6152652223311e-8	4.815406425557e-8	5.0182248930552e-8	5.2233594135482e-8	5.4305574513832e-8	5.6394529685636e-8	5.8496742348398e-8	6.060819008785e-8	6.2724512806107e-8	6.4840976398827e-8	6.6952433441678e-8	6.9053282879628e-8	7.1137431297336e-8	7.3198259173626e-8	7.5228596681443e-8	7.7220714382779e-8	7.916633488698e-8	8.1056672085907e-8	8.2882504348253e-8	8.4634286985192e-8	8.6302307485262e-8	8.7876883864081e-8	8.9348602280909e-8	9.0708585238409e-8	9.1948776869639e-8	9.3062227164022e-8	9.4043354786443e-8	9.4888167183419e-8	9.5594419388636e-8	9.6161697495273e-8	9.6591419699886e-8	9.6886755457341e-8	9.7052470918005e-8	9.7094714756125e-8	9.7020762730504e-8	9.6838740686273e-8	9.6557345098697e-8	9.6185577464599e-8	9.5732505057563e-8	9.5207056372207e-8	9.4617855264525e-8	9.397309436919e-8	9.3280445594548e-8	9.254700375417e-8	9.1779258229163e-8	9.0983087422531e-8
0.	0.	0.	0.	0.	-2.0869653540274e-16	1.8598667584389e-16	2.5240983157399e-16	1.4312736948403e-16	2.3402562588317e-17	3.0133583261815e-16	1.8775152074189e-15	1.0015215944582e-14	4.1338417769298e-14	1.4084825285908e-13	4.1019511273373e-13	1.0461805255413e-12	2.3945110358362e-12	5.0019792654655e-12	9.6703261354608e-12	1.7498619816525e-11	2.991058010628e-11	4.8661534534334e-11	7.5828219676458e-11	1.1377667827595e-10	1.6511791303082e-10	2.3265117882011e-10	3.1930016668312e-10	4.2804954452231e-10	5.6188134653239e-10	7.2371720079018e-10	9.1636904159169e-10	1.1424970936015e-9	1.4045793506566e-9	1.7048895681134e-9	2.0454853264141e-9	2.4282042011733e-9	2.8546677580506e-9	3.3262915854069e-9	3.8443001331109e-9	4.4097455033076e-9	5.0235273697371e-9	5.6864160356959e-9	6.3990732785838e-9	7.1620739038529e-9	7.9759247425556e-9	8.8410814820114e-9	9.7579627210801e-9	1.0726960450825e-8	1.1748447119518e-8	1.2822779058337e-8	1.3950296178442e-8	1.5131318368114e-8	1.6366138147489e-8	1.7655011125408e-8	1.8998143254381e-8	2.0395676595934e-8	2.1847673497707e-8	2.33540997781e-8	2.4914807886366e-8	2.6529519835095e-8	2.8197811387185e-8	2.9919096802026e-8	3.1692615391315e-8	3.351741955773e-8	3.5392364418822e-8	3.7316099214498e-8	3.928706029976e-8	4.1303465018644e-8	4.3363306714687e-8	4.5464304809812e-8	4.7604123690273e-8	4.9779917849389e-8	5.1988771869173e-8	5.4227465015092e-8	5.6492501379873e-8	5.8780090830984e-8	6.1086124933871e-8	6.3406147555032e-8	6.57353198179e-8	6.8068379942491e-8	7.0399598710047e-8	7.2722732416297e-8	7.5030975745538e-8	7.7316918302328e-8	7.9572509850165e-8	8.1789040113935e-8	8.3957140542277e-8	8.6066815899821e-8	8.810751407089e-8	9.0068241376516e-8	9.1937729213664e-8	9.3704654276419e-8	9.5357909784121e-8	9.6886919470671e-8	9.8281979107449e-8	9.9534604886959e-8	1.0063786315941e-7	1.0158665487976e-7	1.0237792960367e-7	1.0301080965015e-7	1.0348661296004e-7	1.0380877328512e-7	1.0398266605133e-7	1.0401535660367e-7	1.0391529349945e-7	1.0369197165491e-7	1.0335558996418e-7	1.0291672451131e-7	1.0238603381741e-7	1.0177400701363e-7	1.0109076034283e-7	1.0034588281654e-7	9.9548328284312e-8	9.8706348707436e-8	9.782746231277e-8	9.6918449672767e-8	9.5985371194208e-8	9.5033599984638e-8	9.4067865068023e-8
0.	0.	0.	0.	0.	2.6280227841601e-16	7.3758624689277e-16	1.1889120764845e-16	2.4878609563561e-17	1.9049752304918e-16	6.6415821137787e-16	4.3070279363017e-15	2.1521962150853e-14	8.4358378789785e-14	2.7465571110121e-13	7.6592925749163e-13	1.883925026526e-12	4.1732953075887e-12	8.4667785408947e-12	1.5943734113655e-11	2.8171943144581e-11	4.7123502214176e-11	7.516610811117e-11	1.1502869824611e-10	1.6974647004589e-10	2.4259139985139e-10	3.3699172250086e-10	4.5645188136899e-10	6.0447129929706e-10	7.8447166143852e-10	9.9973563845053e-10	1.2533545932354e-9	1.5481906983566e-9	1.8868528713441e-9	2.2716819240313e-9	2.7047498268664e-9	3.1878662460299e-9	3.7225936214443e-9	4.3102677482113e-9	4.952023002105e-9	5.6488191367707e-9	6.4014699276636e-9	7.2106707318482e-9	8.0770245327632e-9	9.0010654642422e-9	9.9832787168636e-9	1.1024116958711e-8	1.2124011373148e-8	1.3283378900936e-8	1.4502624447459e-8	1.5782138103019e-8	1.7122288749357e-8	1.8523412989766e-8	1.9985800836543e-8	2.1509678725966e-8	2.3095190169886e-8	2.4742374815474e-8	2.6451147071414e-8	2.8221274435154e-8	3.0052356492594e-8	3.1943805258256e-8	3.3894826639898e-8	3.5904404526708e-8	3.7971286154969e-8	4.0093970200801e-8	4.2270696330884e-8	4.4499436331821e-8	4.6777886452495e-8	4.9103459826844e-8	5.1473278647184e-8	5.3884164775848e-8	5.633262804915e-8	5.8814851229909e-8	6.1326670325911e-8	6.3863549592508e-8	6.6420550372336e-8	6.8992293221466e-8	7.15729134158e-8	7.4156010558777e-8	7.6734593442421e-8	7.9301023159499e-8	8.1846957999366e-8	8.4363305482257e-8	8.6840188637929e-8	8.9266934691359e-8	9.1632096083888e-8	9.3923514269142e-8	9.6128436484524e-8	9.8233694153136e-8	1.0022594787039e-7	1.0209199877292e-7	1.038191584384e-7	1.0539566112084e-7	1.0681109386589e-7	1.0805681317934e-7	1.0912631385348e-7	1.1001551656804e-7	1.1072294679067e-7	1.1124978787483e-7	1.1159980373607e-7	1.1177913967561e-7	1.1179602156978e-7	1.1166038166219e-7	1.1138344309068e-7	1.1097729497576e-7	1.104544859708e-7	1.0982765778397e-7	1.0910923308004e-7	1.0831116481728e-7	1.0744474797367e-7	1.065204900202e-7	1.0554803324867e-7	1.0453612048915e-7	1.0349259536863e-7	1.0242442852678e-7	1.0133776220022e-7	1.0023796675552e-7	9.9129703942692e-8	9.8016992922024e-8	9.6903276065224e-8
0.	0.	0.	0.	0.	-5.1213899776121e-16	-1.8598667584389e-16	-3.4486789486922e-17	2.1064854327398e-16	2.3757412558533e-16	1.6564980494568e-15	1.0256240056595e-14	4.628451810222e-14	1.7243566796371e-13	5.3466683337231e-13	1.4307428963717e-12	3.3924656762129e-12	7.2737510526174e-12	1.4331607297568e-11	2.6286961161226e-11	4.5355490589258e-11	7.4243138430762e-11	1.1610877766137e-10	1.7449828866175e-10	2.5325801288085e-10	3.5643217174886e-10	4.881603391712e-10	6.5257441469342e-10	8.5370628522757e-10	1.0954090609754e-9	1.3812925710969e-9	1.7146778905795e-9	2.0985678235007e-9	2.5356325779868e-9	3.028211117321e-9	3.578322638908e-9	4.1876890387728e-9	4.8577630373933e-9	5.5897623340516e-9	6.3847050009873e-9	7.2434463852663e-9	8.1667140792086e-9	9.1551402099025e-9	1.0209290367371e-8	1.1329687015874e-8	1.2516827614749e-8	1.3771197105176e-8	1.5093273723404e-8	1.6483529153485e-8	1.7942422384132e-8	1.9470388701527e-8	2.1067823400504e-8	2.273506133281e-8	2.4472353708498e-8	2.6279842160317e-8	2.8157531252796e-8	3.0105261122525e-8	3.2122679907866e-8	3.420921764544e-8	3.6364061738203e-8	3.8586134978048e-8	4.0874075803629e-8	4.322622103277e-8	4.5640591199505e-8	4.8114877625827e-8	5.064643080902e-8	5.3232249400351e-8	5.5868968492777e-8	5.8552846177021e-8	6.1279747120182e-8	6.404512176088e-8	6.6843979680116e-8	6.967085620093e-8	7.2519771164473e-8	7.5384179457139e-8	7.8257062362682e-8	8.1130118821878e-8	8.3995185501735e-8	8.684267843116e-8	8.9662273321534e-8	9.2442705272066e-8	9.5171740305511e-8	9.7836181300074e-8	1.0042192185721e-7	1.0291406179167e-7	1.052970966224e-7	1.0755519040327e-7	1.096725345427e-7	1.1163378680072e-7	1.134245730748e-7	1.1503202326834e-7	1.1644530260142e-7	1.1765609325875e-7	1.1865898162468e-7	1.1945171253344e-7	1.2003528474434e-7	1.2041387844729e-7	1.2059462355591e-7	1.205872334543e-7	1.2040354041446e-7	1.2005697492965e-7	1.1956203097617e-7	1.1893375422577e-7	1.1818728188166e-7	1.1733745294572e-7	1.1639849811644e-7	1.1538381015712e-7	1.1430578942986e-7	1.1317575527278e-7	1.1200391182488e-7	1.1079935644385e-7	1.095701196523e-7	1.083232267513e-7	1.0706477293379e-7	1.0580000547058e-7	1.0453340802434e-7	1.0326878359307e-7	1.0200933365219e-7	1.0075773201491e-7	9.9516192544055e-8
0.	0.	0.	0.	0.	7.5944559302921e-16	2.7346763299446e-16	-1.479273047073e-16	9.7508289028204e-17	1.9943419475133e-16	3.6130533210146e-15	2.3050515464536e-14	1.0017253054278e-13	3.5217561132577e-13	1.0413820774075e-12	2.6734772907732e-12	6.1095763458744e-12	1.2677499406936e-11	2.4259033853064e-11	4.3340421411171e-11	7.3020896500967e-11	1.1697170159634e-10	1.7935653088597e-10	2.6472326908419e-10	3.7787418215966e-10	5.2373217663878e-10	7.0720867083867e-10	9.3308388529975e-10	1.2059075023133e-9	1.5299177085805e-9	1.9089847242787e-9	2.3465769635627e-9	2.8457474678999e-9	3.4091383251578e-9	4.0390010691873e-9	4.7372280668675e-9	5.5053925701409e-9	6.3447935136839e-9	7.2565039084964e-9	8.2414168760083e-9	9.300291057592e-9	1.0433790680345e-8	1.1642520159667e-8	1.2927051732877e-8	1.4287945622299e-8	1.5725762272865e-8	1.7241066327371e-8	1.8834423086662e-8	2.0506387019925e-8	2.2257484301472e-8	2.408818873019e-8	2.5998893505254e-8	2.7989879047e-8	3.0061278568934e-8	3.2213042301653e-8	3.4444902023577e-8	3.675633632554e-8	3.9146537936533e-8	4.161438359287e-8	4.4158406958752e-8	4.6776774573562e-8	4.9467264756913e-8	5.2227248941365e-8	5.5053674781107e-8	5.7943049615535e-8	6.0891423444512e-8	6.3894369432286e-8	6.6946960500697e-8	7.0043740213734e-8	7.3178686158355e-8	7.6345164346845e-8	7.9535873804881e-8	8.274251749575e-8	8.595704222572e-8	8.9168924516403e-8	9.2367545975649e-8	9.5541634878214e-8	9.8677771379868e-8	1.0176201947735e-7	1.0477906980541e-7	1.0771244568202e-7	1.1054461246461e-7	1.1325717604376e-7	1.158311854511e-7	1.1824754791017e-7	1.2048755302104e-7	1.2253348910707e-7	1.2436931790872e-7	1.2598135911757e-7	1.2735892566375e-7	1.2849484844725e-7	1.2938583588621e-7	1.3003262991831e-7	1.3043994217196e-7	1.3061617886978e-7	1.3057298554954e-7	1.3032465923566e-7	1.2988748457992e-7	1.2927905050249e-7	1.2851759732905e-7	1.2762143271569e-7	1.2660844121744e-7	1.254956989501e-7	1.242991937912e-7	1.2303364294472e-7	1.2171239485096e-7	1.2034739964884e-7	1.1894923236597e-7	1.1752715406922e-7	1.1608919822883e-7	1.1464227187793e-7	1.1319226356067e-7	1.1174415202577e-7	1.103021115846e-7	1.0886961134122e-7	1.0744950675393e-7	1.0604412269116e-7	1.0465532787024e-7	1.0328460081471e-7	1.0193308784418e-7
0.	0.	0.	0.	-3.0060802749292e-16	-3.9403662970802e-16	-1.5766911324353e-16	1.2878329999997e-16	3.4610284976403e-16	1.327023252778e-15	9.4519273070631e-15	5.2547493288085e-14	2.1566897051317e-13	7.1952296588287e-13	2.0284782030405e-12	4.994405845174e-12	1.1002216206198e-11	2.2096039808127e-11	4.1063061108878e-11	7.1458062226848e-11	1.175632008e-10	1.8429542671954e-10	2.7706717391602e-10	4.0162015424102e-10	5.6385069669877e-10	7.6963861566076e-10	1.024691502009e-9	1.3344151079206e-9	1.7038129046912e-9	2.1374164034016e-9	2.6392456304785e-9	3.2127976741784e-9	3.86105850299e-9	4.5865339876673e-9	5.3912957103453e-9	6.2770368249609e-9	7.2451323624791e-9	8.2967030089106e-9	9.4326753369156e-9	1.0653838922622e-8	1.1960896258709e-8	1.3354504006948e-8	1.4835305295577e-8	1.6403950959856e-8	1.8061110652297e-8	1.9807473090884e-8	2.1643736202724e-8	2.3570588176464e-8	2.5588679975001e-8	2.7698591083858e-8	2.9900789790458e-8	3.2195589582258e-8	3.4583103143758e-8	3.7063195850344e-8	3.9635439913832e-8	4.2299070447829e-8	4.5052944623968e-8	4.7895504202839e-8	5.0824742015406e-8	5.3838171879646e-8	5.6932801981901e-8	6.0105109700632e-8	6.3351017968379e-8	6.6665869635826e-8	7.0044399437649e-8	7.3480700211784e-8	7.6968181438696e-8	8.0499518022289e-8	8.40665869848e-8	8.7660391307896e-8	9.1270970549839e-8	9.4887299764154e-8	9.8497180161084e-8	1.0208712786417e-7	1.0564226987973e-7	1.091462607314e-7	1.1258123665943e-7	1.1592782790295e-7	1.1916525370958e-7	1.2227152459152e-7	1.2522377531511e-7	1.2799874476664e-7	1.3057340560333e-7	1.3292572809776e-7	1.3503553905474e-7	1.3688541476847e-7	1.3846152887615e-7	1.397543703405e-7	1.4075925296406e-7	1.4147655912052e-7	1.4191169040101e-7	1.4207473336981e-7	1.4197988047811e-7	1.4164467077158e-7	1.4108912750355e-7	1.403348706259e-7	1.3940427227025e-7	1.3831970711615e-7	1.3710293035043e-7	1.3577459729033e-7	1.3435392332853e-7	1.3285847177607e-7	1.3130405041748e-7	1.2970469483256e-7	1.2807271678469e-7	1.2641879786318e-7	1.2475211182649e-7	1.2308046228745e-7	1.2141042579357e-7	1.1974749307789e-7	1.1809620368428e-7	1.1646027103312e-7	1.14842696284e-7	1.1324587049755e-7	1.1167166515793e-7	1.1012151158386e-7	1.0859647008034e-7	1.070972897297e-7	1.0562445983297e-7	1.0417825393876e-7
0.	0.	0.	0.	-2.037783502433e-16	1.0039368360485e-15	-2.2659197280936e-16	1.3205919006394e-16	4.6099125970625e-16	3.4128409461354e-15	2.4249499683417e-14	1.2104744310426e-13	4.6551704640921e-13	1.4691688282213e-12	3.9511901465265e-12	9.3310975392221e-12	1.981311924002e-11	3.851174121909e-11	6.9508411867399e-11	1.1781842911249e-10	1.8928011643537e-10	2.9037953640068e-10	4.2803310245577e-10	6.0935952782128e-10	8.4145278780204e-10	1.1311771568365e-9	1.4850003493931e-9	1.9088641970806e-9	2.4080996400317e-9	2.9873818608037e-9	3.65072299165e-9	4.4014952190102e-9	5.2424794002414e-9	6.1759302704449e-9	7.2036541998214e-9	8.3270918636953e-9	9.5474012063063e-9	1.0865537332382e-8	1.2282323543986e-8	1.3798513395529e-8	1.5414840018601e-8	1.7132051968865e-8	1.8950934961154e-8	2.0872319454787e-8	2.289707441091e-8	2.5026087819849e-8	2.7260235855179e-8	2.9600341860208e-8	3.2047127366825e-8	3.460115641064e-8	3.7262776897914e-8	4.0032059095479e-8	4.290873508325e-8	4.5892139401503e-8	4.8981153675616e-8	5.2174154588069e-8	5.5468967077427e-8	5.8862821968383e-8	6.235231709681e-8	6.5933381284725e-8	6.9601238920319e-8	7.3350372831012e-8	7.7174482606007e-8	8.1066435783446e-8	8.5018207847669e-8	8.9020808991225e-8	9.3064194789805e-8	9.7137159379531e-8	1.012272121795e-7	1.0532044021935e-7	1.0940136274256e-7	1.134527879136e-7	1.1745568627608e-7	1.2138910139715e-7	1.2523012311277e-7	1.2895395473186e-7	1.3253410903751e-7	1.359427681763e-7	1.3915133623192e-7	1.4213119844362e-7	1.4485467586638e-7	1.4729613206565e-7	1.4943315362146e-7	1.5124769771842e-7	1.527270867568e-7	1.5386473530487e-7	1.546605226851e-7	1.5512076709274e-7	1.5525780797346e-7	1.5508925076509e-7	1.5463696376099e-7	1.5392593563164e-7	1.529831026498e-7	1.518362405243e-7	1.5051299148873e-7	1.490400695656e-7	1.4744266054082e-7	1.457440115196e-7	1.4396519013546e-7	1.4212498493403e-7	1.4023991567168e-7	1.3832432334853e-7	1.3639051339942e-7	1.3444893020338e-7	1.3250834601408e-7	1.3057605196317e-7	1.2865804269915e-7	1.2675918923431e-7	1.2488339702113e-7	1.2303374789579e-7	1.2121262580072e-7	1.194218268e-7	1.1766265458066e-7	1.159360026585e-7	1.1424242475566e-7	1.1258219470039e-7	1.1095535724634e-7	1.0936177095754e-7	1.0780114433201e-7	1.0627306610881e-7
0.	0.	0.	0.	-1.9957827592102e-16	-7.5944559302921e-16	2.2999580940374e-16	-9.5290431495716e-18	9.6807631768312e-16	9.0797658517621e-15	6.0048670625188e-14	2.7712911712927e-13	1.0050933323204e-12	3.0014013921619e-12	7.6954942798633e-12	1.7432854858551e-11	3.5679704831205e-11	6.7123340348242e-11	1.176598085535e-10	1.9426159550091e-10	3.0475882209376e-10	4.5755348715293e-10	6.6131210283105e-10	9.2466583430142e-10	1.255937437272e-9	1.6629213179169e-9	2.1527181241803e-9	2.731629940221e-9	3.4051108382233e-9	4.1777682426256e-9	5.0534045546272e-9	6.0350901346956e-9	7.1252586394689e-9	8.3258148084508e-9	9.6382468741314e-9	1.1063737181484e-8	1.2603265184035e-8	1.425769784545e-8	1.6027865211564e-8	1.7914618432133e-8	1.9918868307114e-8	2.2041605430101e-8	2.4283900295847e-8	2.6646886249045e-8	2.9131725436724e-8	3.1739560072512e-8	3.4471452075413e-8	3.7328312887515e-8	4.0310827199226e-8	4.3419372470365e-8	4.6653937809225e-8	5.0014044381063e-8	5.3498669075797e-8	5.710617282048e-8	6.0834234985928e-8	6.46797928846e-8	6.8638986147681e-8	7.2707103863629e-8	7.6878532587924e-8	8.1146701163452e-8	8.5504019288924e-8	8.9941805028213e-8	9.4450197142113e-8	9.9018048324298e-8	1.036327962193e-7	1.0828031124538e-7	1.1294472285366e-7	1.1760822947602e-7	1.2225090289148e-7	1.2685050294147e-7	1.3138232628591e-7	1.3581912012115e-7	1.4013110091135e-7	1.4428612543184e-7	1.4825006679619e-7	1.5198744387493e-7	1.554623371765e-7	1.5863959152831e-7	1.6148625953345e-7	1.6397318588721e-7	1.6607658563473e-7	1.6777944243397e-7	1.6907255664329e-7	1.6995510981998e-7	1.7043467495235e-7	1.7052667725114e-7	1.7025338100823e-7	1.6964253210381e-7	1.6872581228455e-7	1.6753726168106e-7	1.6611180328111e-7	1.6448396660292e-7	1.6268686636083e-7	1.6075145364318e-7	1.5870602697623e-7	1.5657597050937e-7	1.5438367629059e-7	1.5214860531437e-7	1.4988744514588e-7	1.4761432808098e-7	1.4534108119008e-7	1.4307748703316e-7	1.408315398858e-7	1.3860968800947e-7	1.3641705612526e-7	1.3425764549666e-7	1.3213451085137e-7	1.3004991486504e-7	1.2800546160643e-7	1.2600221089546e-7	1.2404077558116e-7	1.221214038502e-7	1.2024404849347e-7	1.1840842501185e-7	1.1661406010545e-7	1.148603320757e-7	1.1314650432479e-7	1.1147175307971e-7	1.0983519025789e-7	1.0823588225693e-7
0.	0.	0.	-2.1226911483677e-16	1.7429440057801e-15	5.1213899776121e-16	-2.7991126976467e-16	3.1055303811634e-16	2.9542155430591e-15	2.5821499707433e-14	1.4922711431037e-13	6.3881915948711e-13	2.1685136716943e-12	6.1316126353604e-12	1.4988560755035e-11	3.2569111561958e-11	6.425347665062e-11	1.1699398329722e-10	1.9917256289492e-10	3.2031558829e-10	4.9072039130048e-10	7.2103742940182e-10	1.0218651401876e-9	1.4033829544329e-9	1.8750584421788e-9	2.4454331270817e-9	3.1219940055402e-9	3.911121677547e-9	4.8181074668706e-9	5.8472240854416e-9	7.0018364550701e-9	8.2845394990095e-9	9.6973091066907e-9	1.1241654951569e-8	1.2918768025037e-8	1.4729654083442e-8	1.6675247379803e-8	1.8756502411488e-8	2.0974459778957e-8	2.3330285781451e-8	2.5825286026826e-8	2.8460893219244e-8	3.1238631835184e-8	3.4160061274794e-8	3.7226701952383e-8	4.0439945997474e-8	4.3800958569739e-8	4.7310571478823e-8	5.0969174825543e-8	5.4776608566611e-8	5.8732057766462e-8	6.2833953136811e-8	6.7079878337724e-8	7.1466483855346e-8	7.5989406363444e-8	8.0643191650368e-8	8.5421217389056e-8	9.0315610662395e-8	9.5317155928846e-8	1.00415186357e-7	1.0559745259452e-7	1.1084996432765e-7	1.1615680039027e-7	1.2149988730506e-7	1.2685875063321e-7	1.3221024917647e-7	1.3752830955096e-7	1.427836875961e-7	1.4794379322497e-7	1.5297262829465e-7	1.5783090090898e-7	1.6247639267763e-7	1.6686465932952e-7	1.7095013053694e-7	1.7468763493393e-7	1.7803430709023e-7	1.8095174966328e-7	1.8340824331767e-7	1.8538074698427e-7	1.8685642880195e-7	1.8783351978949e-7	1.8832137699644e-7	1.883397584544e-7	1.8791742155502e-7	1.8709023751007e-7	1.858990536754e-7	1.8438753258328e-7	1.8260015910992e-7	1.8058054986432e-7	1.783701359624e-7	1.7600723408725e-7	1.7352647802068e-7	1.7095855635743e-7	1.6833019025714e-7	1.6566428481417e-7	1.6298019466062e-7	1.602940549597e-7	1.5761914048101e-7	1.5496622628182e-7	1.5234393240852e-7	1.4975904213411e-7	1.4721678837282e-7	1.4472110658058e-7	1.4227485473876e-7	1.3988000244383e-7	1.3753779192539e-7	1.3524887408507e-7	1.3301342271442e-7	1.3083122984436e-7	1.287017850146e-7	1.2662434084021e-7	1.2459796711659e-7	1.2262159523742e-7	1.2069405456887e-7	1.1881410212223e-7	1.1698044665621e-7	1.1519176816345e-7	1.1344673356744e-7	1.1174400927068e-7	1.1008227111149e-7
0.	0.	0.	7.2429248896248e-16	-8.5111912016931e-16	-1.0385890736464e-16	1.7808573270437e-16	4.2139816058013e-16	8.8339973454279e-15	7.0106576517103e-14	3.6973267577985e-13	1.4698516713668e-12	4.6802067307549e-12	1.2525320452702e-11	2.9194519438201e-11	6.0848547491762e-11	1.1571143994168e-10	2.0392124606264e-10	3.3716938710267e-10	5.2819833894468e-10	7.9023131262645e-10	1.1364147145713e-9	1.5793178908745e-9	2.130537988169e-9	2.8004221360977e-9	3.5979080888356e-9	4.5304770177523e-9	5.6041979788768e-9	6.8238438795699e-9	8.1930614735342e-9	9.7145687593006e-9	1.1390368162842e-8	1.3221955789199e-8	1.5210517529958e-8	1.7357101172379e-8	1.9662759390661e-8	2.2128658582184e-8	2.475615082467e-8	2.7546810180548e-8	3.0502432010775e-8	3.3624999649196e-8	3.6916619542323e-8	4.0379430942035e-8	4.4015493101009e-8	4.7826656162163e-8	5.1814420753046e-8	5.5979791650639e-8	6.0323129594786e-8	6.484400680144e-8	6.9541067502018e-8	7.4411896718003e-8	7.9452896481745e-8	8.4659169002304e-8	9.0024402549398e-8	9.5540756025873e-8	1.0119873468787e-7	1.0698704941558e-7	1.1289245084264e-7	1.1889952914198e-7	1.2499047321208e-7	1.3114478541437e-7	1.3733895385571e-7	1.4354609196512e-7	1.4973556360269e-7	1.5587262245157e-7	1.619190773227e-7	1.6782824860312e-7	1.735546758828e-7	1.7904472256432e-7	1.8424180564659e-7	1.8908855483634e-7	1.9352510217635e-7	1.9749528820351e-7	2.0094784300126e-7	2.0383991069855e-7	2.0613996843223e-7	2.0783009767387e-7	2.0890727748398e-7	2.0938351842195e-7	2.0928483879949e-7	2.0864925760563e-7	2.075241018237e-7	2.059629819637e-7	2.0402277734396e-7	2.0176090840114e-7	1.992330804166e-7	1.9649158576029e-7	1.9358416776367e-7	1.9055338937902e-7	1.8743641559137e-7	1.8426510693648e-7	1.8106632619133e-7	1.7786237433102e-7	1.7467149010495e-7	1.7150836537912e-7	1.6838464431699e-7	1.6530938673698e-7	1.6228948552502e-7	1.5933003427201e-7	1.5643464557177e-7	1.5360572292125e-7	1.5084469055841e-7	1.4815218602401e-7	1.455282203706e-7	1.4297231065616e-7	1.4048358893631e-7	1.3806089151739e-7	1.3570283174704e-7	1.3340785907441e-7	1.3117430686487e-7	1.2900043083635e-7	1.2688443989018e-7	1.2482452066228e-7	1.2281885693163e-7	1.208656448958e-7	1.189631050029e-7	1.1710949104837e-7	1.1530309703842e-7	1.1354226221895e-7	1.1182537467575e-7
0.	0.	0.	-3.118410561266e-16	-6.3393883875322e-16	3.0905495027358e-16	-2.7400285971603e-16	2.480001615795e-15	2.6340768053815e-14	1.8911590011228e-13	9.1758877846338e-13	3.3824690368054e-12	1.0099999027686e-11	2.5585820248704e-11	5.686361548291e-11	1.1368243469893e-10	2.0838496535888e-10	3.5545093040462e-10	5.7081727827421e-10	8.710883641593e-10	1.2727529527509e-9	1.7914939893811e-9	2.4416480477954e-9	3.2358402596611e-9	4.1847916594754e-9	5.2972846372933e-9	6.5802559391606e-9	8.0389884486754e-9	9.6773656637508e-9	1.1498161092471e-8	1.3503337589184e-8	1.5694334949384e-8	1.8072330757925e-8	2.0638462394826e-8	2.3394003252713e-8	2.63404889813e-8	2.9479790827705e-8	3.2814139280796e-8	3.6346097723973e-8	4.0078492195093e-8	4.4014301715092e-8	4.8156515442123e-8	5.250796422534e-8	5.7071132932654e-8	6.1847962152166e-8	6.6839644544164e-8	7.2046423071136e-8	7.7467394789173e-8	8.3100323286204e-8	8.8941459678518e-8	9.4985371179706e-8	1.0122477110737e-7	1.076503439492e-7	1.14250554114e-7	1.2101142741801e-7	1.2791629096233e-7	1.3494546008401e-7	1.4207586415445e-7	1.4928060982954e-7	1.5652849092813e-7	1.6378346370126e-7	1.7100411856791e-7	1.7814318975513e-7	1.8514716457442e-7	1.9195608815023e-7	1.9850371509483e-7	2.0471821698581e-7	2.1052368089466e-7	2.1584258078664e-7	2.2059925279012e-7	2.2472417082236e-7	2.28158574676e-7	2.3085882799568e-7	2.3279984750635e-7	2.3397706774464e-7	2.3440665159464e-7	2.3412395867217e-7	2.3318056000342e-7	2.316402783815e-7	2.2957480875901e-7	2.2705943818519e-7	2.2416926935567e-7	2.2097619800816e-7	2.1754674107861e-7	2.1394068708093e-7	2.1021045697117e-7	2.0640102204706e-7	2.0255021878991e-7	1.986893156884e-7	1.9484371480748e-7	1.9103370080247e-7	1.8727517803868e-7	1.8358035913308e-7	1.7995838539306e-7	1.7641587138564e-7	1.729573736279e-7	1.6958578786073e-7	1.6630268186403e-7	1.631085714982e-7	1.6000314800436e-7	1.5698546374821e-7	1.540540833186e-7	1.5120720563839e-7	1.484427622825e-7	1.457584961928e-7	1.431520243974e-7	1.4062088772455e-7	1.3816258992038e-7	1.3577462828451e-7	1.3345451734353e-7	1.3119980702905e-7	1.2900809637317e-7	1.268770436447e-7	1.2480437364769e-7	1.2278788274419e-7	1.2082544208963e-7	1.1891499945011e-7	1.1705457990946e-7	1.1524228572146e-7	1.1347629548556e-7
7.7257865489331e-15	1.9314466372333e-15	8.5842072765924e-16	4.8286165930832e-16	1.9957827592102e-16	-2.1482920324552e-16	4.7147476100448e-16	7.6911650577689e-15	8.2044592027879e-14	5.1433002450217e-13	2.2779258083674e-12	7.7828972406593e-12	2.1796535728144e-11	5.2265494288436e-11	1.1075794812294e-10	2.1239767283944e-10	3.7529683124937e-10	6.1962321384625e-10	9.6648727177883e-10	1.4368258322019e-9	2.0504330053104e-9	2.8252071664533e-9	3.7766701234565e-9	4.9177363193107e-9	6.2587132836803e-9	7.807479530688e-9	9.5697940771492e-9	1.1549682715914e-8	1.374986296906e-8	1.6172166664842e-8	1.8817935758312e-8	2.1688368278619e-8	2.4784802583485e-8	2.8108930783324e-8	3.1662938008676e-8	3.5449567638456e-8	3.9472115586409e-8	4.3734358052816e-8	4.8240421558995e-8	5.2994601927308e-8	5.8001143131253e-8	6.3263985798442e-8	6.8786495482728e-8	7.457118072705e-8	8.0619409273651e-8	8.693112890348e-8	9.350459699725e-8	1.0033611946284e-7	1.0741979565251e-7	1.1474726176788e-7	1.2230742048817e-7	1.3008614002439e-7	1.3806590380236e-7	1.4622539071411e-7	1.5453897092506e-7	1.6297611222637e-7	1.7150070598823e-7	1.8007033726013e-7	1.8863553171835e-7	1.9713901481858e-7	2.0551502793247e-7	2.1368879199823e-7	2.2157631308555e-7	2.2908486574369e-7	2.3611459650809e-7	2.4256165173724e-7	2.483229932552e-7	2.533026496801e-7	2.5741869759785e-7	2.6060994063859e-7	2.628411846511e-7	2.6410622287398e-7	2.6442807626074e-7	2.6385654590773e-7	2.6246358759387e-7	2.6033730947075e-7	2.5757548443272e-7	2.5427937727271e-7	2.5054847481881e-7	2.4647644678449e-7	2.4214842111182e-7	2.3763947197635e-7	2.330141059316e-7	2.2832648819921e-7	2.2362115882072e-7	2.1893402633041e-7	2.1429347711843e-7	2.097214884373e-7	2.0523467518486e-7	2.008452327573e-7	1.9656176066602e-7	1.92389965915e-7	1.8833325351646e-7	1.8439321570361e-7	1.8057003292849e-7	1.7686279975851e-7	1.7326978773511e-7	1.6978865610747e-7	1.664166197042e-7	1.6315058196987e-7	1.5998723974181e-7	1.5692316524184e-7	1.5395486985795e-7	1.5107885324191e-7	1.4829164083006e-7	1.455898120542e-7	1.4297002124456e-7	1.404290127343e-7	1.3796363140199e-7	1.3557082964809e-7	1.3324767159013e-7	1.3099133509774e-7	1.2879911217091e-7	1.2666840805542e-7	1.2459673941811e-7	1.2258173180896e-7	1.2062111663613e-7	1.1871272776959e-7	1.168544979409e-7	1.1504445497692e-7
-1.8793315250368e-15	-4.6983288125919e-16	-2.0485559910449e-15	1.3298736252646e-15	3.7659908517324e-16	-3.7479020707569e-16	1.3102756895372e-15	2.7251981712165e-14	2.4799343237388e-13	1.3968106630602e-12	5.6535798225949e-12	1.7907923391404e-11	4.7039736865107e-11	1.067660835747e-10	2.1573627607441e-10	3.9684729804072e-10	6.7595276028872e-10	1.0802665668188e-9	1.6367417581445e-9	2.370677296969e-9	3.3046596610474e-9	4.4579177267886e-9	5.8460635087723e-9	7.4811630221769e-9	9.3720629043291e-9	1.1524888559188e-8	1.3943635791512e-8	1.6630795386601e-8	1.9587954003552e-8	2.2816337223455e-8	2.6317268122258e-8	3.0092525694978e-8	3.4144594937706e-8	3.8476808882105e-8	4.309338439075e-8	4.7999359626524e-8	5.3200443034601e-8	5.8702785471401e-8	6.4512688234054e-8	7.0636263949131e-8	7.7079060794137e-8	8.3845668803237e-8	9.0939316190634e-8	9.8361468808955e-8	1.0611143583643e-7	1.1418598392124e-7	1.2257895275838e-7	1.3128085891592e-7	1.402784660956e-7	1.4955429374475e-7	1.5908603140345e-7	1.688458333365e-7	1.7879948266121e-7	1.8890544393718e-7	1.9911384710089e-7	2.09365450709e-7	2.1959059778695e-7	2.297081379802e-7	2.3962432651419e-7	2.4923190575818e-7	2.5840991900225e-7	2.6702511850303e-7	2.7493585755619e-7	2.8199893796769e-7	2.8807909071488e-7	2.9305989268716e-7	2.968543117517e-7	2.9941297014408e-7	3.0072864368175e-7	3.0083631015871e-7	2.998089569297e-7	2.9775010282383e-7	2.9478442161619e-7	2.9104792845483e-7	2.8667896910975e-7	2.8181085310913e-7	2.765665269115e-7	2.7105529625061e-7	2.6537133616784e-7	2.5959358716858e-7	2.5378660548745e-7	2.4800198025308e-7	2.4228001170811e-7	2.3665143475976e-7	2.3113905194706e-7	2.2575920229355e-7	2.2052303580029e-7	2.1543759107913e-7	2.1050668906957e-7	2.0573166346002e-7	2.0111195065377e-7	1.966455619303e-7	1.9232945815237e-7	1.881598451332e-7	1.8413240481114e-7	1.8024247499229e-7	1.7648518812658e-7	1.7285557752661e-7	1.6934865795971e-7	1.6595948605633e-7	1.6268320486137e-7	1.5951507609752e-7	1.5645050280302e-7	1.5348504451717e-7	1.5061442680898e-7	1.4783454637559e-7	1.4514147287255e-7	1.4253144821582e-7	1.4000088405322e-7	1.3754635790026e-7	1.3516460832786e-7	1.3285252947702e-7	1.3060716519953e-7	1.2842570293169e-7	1.2630546747868e-7	1.2424391479951e-7	1.2223862587758e-7	1.2028730071007e-7	1.183877524799e-7	1.1653790191931e-7
-1.6631522993418e-15	-4.1578807483546e-16	2.544822087763e-15	-2.4819191793772e-15	-1.4659247258792e-17	-2.1164105675638e-16	6.0345062128191e-15	9.5580378679392e-14	7.5282220461855e-13	3.7970789618777e-12	1.4033765372896e-11	4.120579556446e-11	1.0151809977442e-10	2.1810270688484e-10	4.2023380059554e-10	7.4153546775683e-10	1.2176362084588e-9	1.8837727948515e-9	2.7727355474611e-9	3.9133539230997e-9	5.3296352759469e-9	7.0404901761323e-9	9.0599539432334e-9	1.1397765923821e-8	1.4060177345918e-8	1.7050863214019e-8	2.0371843249368e-8	2.4024340156549e-8	2.8009524194693e-8	3.2329114619125e-8	3.6985821557464e-8	4.1983624305197e-8	4.7327890134556e-8	5.302534309497e-8	5.908389746972e-8	6.5512371795807e-8	7.232010423889e-8	7.9516488980507e-8	8.7110455072934e-8	9.5109908408859e-8	1.0352115410379e-7	1.1234831411172e-7	1.215927471548e-7	1.312524698769e-7	1.4132156574144e-7	1.5178955325192e-7	1.626406702293e-7	1.7385301928103e-7	1.8539752526141e-7	1.9723669061951e-7	2.0932319903491e-7	2.2159848897482e-7	2.339914110577e-7	2.464169403593e-7	2.5877468498864e-7	2.7094687408111e-7	2.8279590585095e-7	2.9416240166686e-7	3.0486557467494e-7	3.1470791486938e-7	3.2348534469616e-7	3.3100234438706e-7	3.3708979259892e-7	3.4162215850509e-7	3.4453062840384e-7	3.4580969663061e-7	3.4551628896132e-7	3.4376208468132e-7	3.4070091483522e-7	3.3651370295857e-7	3.3139337019469e-7	3.2553160868017e-7	3.1910867352298e-7	3.1228658350818e-7	3.0520551629445e-7	2.9798280991359e-7	2.9071383409424e-7	2.8347401943174e-7	2.7632145758102e-7	2.6929964803887e-7	2.6244012102369e-7	2.5576478999575e-7	2.4928797428789e-7	2.4301808706625e-7	2.3695901370749e-7	2.3111121920576e-7	2.2547262670301e-7	2.2003930730103e-7	2.1480601694754e-7	2.0976661098775e-7	2.0491436166091e-7	2.0024219933441e-7	1.957428940195e-7	1.9140919048147e-7	1.8723390745965e-7	1.832100091081e-7	1.7933065526698e-7	1.7558923546703e-7	1.7197939062942e-7	1.6849502551332e-7	1.6513031417387e-7	1.6187970033232e-7	1.5873789397056e-7	1.5569986527438e-7	1.5276083668757e-7	1.49916273766e-7	1.4716187521298e-7	1.4449356252489e-7	1.4190746947462e-7	1.3939993162824e-7	1.369674760408e-7	1.3460681122615e-7	1.3231481747311e-7	1.300885375545e-7	1.2792516783604e-7	1.258220498229e-7	1.2377666213876e-7	1.217866129134e-7	1.1984963260336e-7	1.1796356720431e-7
1.8226694232701e-14	4.5566735581753e-15	2.0251882480779e-15	2.1996709210085e-15	1.5238575866667e-16	3.7340474467562e-16	2.6136900899874e-14	3.3683423881167e-13	2.2874439818211e-12	1.0321786157161e-11	3.4832326835279e-11	9.4815194738606e-11	2.190943436144e-10	4.4555886414874e-10	8.1864117707054e-10	1.3858120191233e-9	2.1939402109423e-9	3.2861935681431e-9	4.6998128977364e-9	6.465014114929e-9	8.6046813541227e-9	1.1134932624972e-8	1.4066126842826e-8	1.7404181308036e-8	2.1151986630138e-8	2.5310774085251e-8	2.9881341609039e-8	3.4865069442883e-8	4.0264697257769e-8	4.6084848773557e-8	5.2332308619569e-8	5.90160685177e-8	6.614715940663e-8	7.3738299997118e-8	8.1803386483986e-8	9.0356857403932e-8	9.9412962402658e-8	1.0898496609458e-7	1.1908431401497e-7	1.2971978101694e-7	1.4089660968434e-7	1.52615629798e-7	1.6487232011401e-7	1.776557387666e-7	1.9094721477747e-7	2.0471869136168e-7	2.1893069020261e-7	2.3353006287678e-7	2.4844792772081e-7	2.6359820394436e-7	2.7887664038632e-7	2.9415932501826e-7	3.0929919910192e-7	3.2412008483772e-7	3.3841013170095e-7	3.5191891500489e-7	3.6436285555442e-7	3.7544148516375e-7	3.8486332565935e-7	3.9237658899909e-7	3.9779807223566e-7	4.0103404543732e-7	4.0208917468915e-7	4.0106257791411e-7	3.9813294110695e-7	3.9353649444133e-7	3.8754229197948e-7	3.8042878595949e-7	3.7246452533893e-7	3.6389439537274e-7	3.5493153900885e-7	3.4575419633359e-7	3.3650623336927e-7	3.2730004780404e-7	3.1822070948467e-7	3.093304829496e-7	3.0067318094165e-7	2.9227805023902e-7	2.8416307118315e-7	2.7633766465817e-7	2.6880485875864e-7	2.6156299234855e-7	2.5460703602075e-7	2.479296053409e-7	2.4152173038373e-7	2.3537343493646e-7	2.2947416824881e-7	2.2381312342011e-7	2.1837946913953e-7	2.1316251564317e-7	2.0815183084848e-7	2.033373191234e-7	1.9870927210908e-7	1.9425839876881e-7	1.8997584025216e-7	1.8585317362873e-7	1.8188240769969e-7	1.7805597325537e-7	1.7436670951631e-7	1.7080784811418e-7	1.6737299557821e-7	1.6405611508334e-7	1.6085150792811e-7	1.5775379517279e-7	1.5475789968948e-7	1.5185902877169e-7	1.4905265749491e-7	1.4633451280336e-7	1.4370055845163e-7	1.4114698075816e-7	1.3867017518327e-7	1.3626673369211e-7	1.3393343292986e-7	1.3166722310198e-7	1.2946521757967e-7	1.2732468317066e-7	1.2524303100459e-7	1.232178080299e-7	1.2124668904111e-7	1.1932746923277e-7
-1.4698809852185e-13	-3.6747024630463e-14	9.7116728464349e-15	2.5057753667157e-15	2.6406476283663e-15	6.8736820825163e-15	1.2429908877325e-13	1.2160752403964e-12	7.0337666067036e-12	2.819564085376e-11	8.6648287657942e-11	2.184013280566e-10	4.7312577550313e-10	9.1060092085143e-10	1.5953489294551e-9	2.5909534903165e-9	3.9552235034539e-9	5.7369605275906e-9	7.9744012316948e-9	1.0695116206673e-8	1.3917170069924e-8	1.765090059961e-8	2.1901079337561e-8	2.6669127302976e-8	3.1955151818854e-8	3.7759697726184e-8	4.4085113907895e-8	5.0936534193445e-8	5.832245707834e-8	6.6254952467884e-8	7.4749533259729e-8	8.3824730034262e-8	9.3501412237212e-8	1.0380189246727e-7	1.1474888246606e-7	1.2636430947419e-7	1.3866806154864e-7	1.5167667177629e-7	1.6540196720264e-7	1.7984966756635e-7	1.9501791622784e-7	2.1089567305683e-7	2.2746087485578e-7	2.4467822068385e-7	2.6249640532822e-7	2.808446056904e-7	2.996280277736e-7	3.1872241390546e-7	3.3796759112413e-7	3.5716051410421e-7	3.760488151709e-7	3.943266507781e-7	4.1163546575198e-7	4.275728555162e-7	4.4171242666177e-7	4.5363583583514e-7	4.6297473808728e-7	4.6945595714243e-7	4.7293968680459e-7	4.7344032797715e-7	4.7112373669531e-7	4.6628171749659e-7	4.59291203939e-7	4.5056870091905e-7	4.4052951410962e-7	4.2955753906097e-7	4.1798718547023e-7	4.0609596625568e-7	3.9410485256739e-7	3.8218336159406e-7	3.7045690609261e-7	3.5901470293429e-7	3.4791723572917e-7	3.3720278052539e-7	3.2689283648199e-7	3.1699649149531e-7	3.0751384407906e-7	2.9843863465162e-7	2.8976023710217e-7	2.8146514711835e-7	2.7353808073144e-7	2.659627752834e-7	2.5872256630827e-7	2.5180079555172e-7	2.4518109453249e-7	2.3884757575224e-7	2.3278495595431e-7	2.2697863053738e-7	2.2141471236817e-7	2.1608004541315e-7	2.1096220058891e-7	2.060494595892e-7	2.01330790729e-7	1.967958194375e-7	1.9243479600665e-7	1.882385620222e-7	1.8419851629559e-7	1.8030658133948e-7	1.7655517081293e-7	1.7293715833331e-7	1.6944584764044e-7	1.6607494440024e-7	1.6281852992334e-7	1.5967103620016e-7	1.5662722267369e-7	1.5368215469916e-7	1.508311833352e-7	1.4806992655836e-7	1.4539425197037e-7	1.4280026046999e-7	1.402842713181e-7	1.3784280818595e-7	1.3547258621404e-7	1.3317049989806e-7	1.3093361206871e-7	1.2875914339361e-7	1.2664446276364e-7	1.2458707832481e-7	1.2258462910866e-7	1.2063487723818e-7
-5.4938926570191e-14	-1.3734731642548e-14	-1.3304994500965e-14	3.3391445664439e-15	5.4765237101282e-16	2.8344009180659e-14	5.2046430924691e-13	4.2444290410664e-12	2.1369660707326e-11	7.6641499542682e-11	2.1506425777732e-10	5.025777016655e-10	1.0212458882152e-9	1.8608080837268e-9	3.1094485322055e-9	4.8461498211577e-9	7.1357097748809e-9	1.0026672208863e-8	1.3551958482372e-8	1.7730796063508e-8	2.2572195679681e-8	2.8078421682742e-8	3.424848660943e-8	4.1081210722679e-8	4.8577692646673e-8	5.6743126331781e-8	6.5587968635886e-8	7.5128491759772e-8	8.5386786952395e-8	9.6390271508573e-8	1.0817079425643e-7	1.2076339002762e-7	1.3420475874946e-7	1.4853153240761e-7	1.6377837954706e-7	1.7997599560975e-7	1.9714897470921e-7	2.1531356847174e-7	2.3447524858101e-7	2.5462594459105e-7	2.7574076269098e-7	2.9777388497804e-7	3.2065328125772e-7	3.4427382647019e-7	3.6848844567879e-7	3.9309714892254e-7	4.1783433960507e-7	4.4235576516898e-7	4.6622799217453e-7	4.8892517461369e-7	5.0983953686227e-7	5.2831220420945e-7	5.4368807434716e-7	5.5539129929425e-7	5.6300788242885e-7	5.664257153776e-7	5.6550649296717e-7	5.6079012944129e-7	5.5271781943466e-7	5.4191194605153e-7	5.2902362976529e-7	5.1466857938008e-7	4.9938642187825e-7	4.8362238722168e-7	4.6772574751299e-7	4.5195846178681e-7	4.3650857854474e-7	4.2150470313181e-7	4.0702944210676e-7	3.931308884854e-7	3.7983192049149e-7	3.671374566287e-7	3.5503996552356e-7	3.4352356479524e-7	3.3256701916002e-7	3.2214590087817e-7	3.1223412290685e-7	3.0280501002417e-7	2.938320321964e-7	2.8528929347826e-7	2.771518460507e-7	2.6939587955723e-7	2.6199882273889e-7	2.5493938431458e-7	2.4819755246614e-7	2.4175456629952e-7	2.3559286977286e-7	2.2969605456209e-7	2.2404879732508e-7	2.1863679420604e-7	2.1344669535299e-7	2.084660408707e-7	2.0368319908364e-7	1.9908730784412e-7	1.946682194037e-7	1.9041644847414e-7	1.8632312410165e-7	1.8237994476779e-7	1.785791369892e-7	1.7491341685203e-7	1.7137595471552e-7	1.6796034248014e-7	1.6466056363344e-7	1.6147096533246e-7	1.5838623313338e-7	1.554013673216e-7	1.5251166128799e-7	1.4971268158459e-7	1.4700024955171e-7	1.4437042428362e-7	1.4181948698527e-7	1.3934392646477e-7	1.3694042578086e-7	1.3460584985477e-7	1.3233723396215e-7	1.3013177316729e-7	1.2798681239317e-7	1.258998373245e-7	1.2386846587025e-7	1.2189044024458e-7
4.3702527808957e-14	3.2403011969246e-14	5.9362570070113e-15	2.6805838935824e-16	4.2770139574393e-15	1.5388643163117e-13	2.156433250145e-12	1.4808487537751e-11	6.4904741292062e-11	2.0833707017321e-10	5.3383404505648e-10	1.1566417159144e-9	2.2048403957304e-9	3.8040309736191e-9	6.0644663973877e-9	9.0734200321687e-9	1.2892639292679e-8	1.756026336456e-8	2.3094628334614e-8	2.9501128546445e-8	3.6777305783223e-8	4.4918748994253e-8	5.3923601352471e-8	6.3795998488925e-8	7.4548401776737e-8	8.6202866206313e-8	9.8791364390221e-8	1.1235530771872e-7	1.2694436815516e-7	1.4261473266396e-7	1.5942689163282e-7	1.77443052375e-7	1.9672424932028e-7	2.1732720100258e-7	2.3930091299258e-7	2.6268296060429e-7	2.8749529146995e-7	3.137392509055e-7	3.4138936047287e-7	3.7038519307481e-7	4.0062048285722e-7	4.3192853360686e-7	4.6406314132997e-7	4.9667498641069e-7	5.2928513096694e-7	5.6126026308342e-7	5.9179868922824e-7	6.199406775578e-7	6.4461889368642e-7	6.6475969006014e-7	6.7942976295357e-7	6.8799744010343e-7	6.9025755887802e-7	6.8647218979495e-7	6.7731095338422e-7	6.6371589989204e-7	6.4674064752521e-7	6.2741058380089e-7	6.0662965713563e-7	5.8513638239094e-7	5.6349772106274e-7	5.4212567530229e-7	5.2130383835563e-7	5.0121555372512e-7	4.8196929620364e-7	4.6361958981573e-7	4.4618329917336e-7	4.2965183697384e-7	4.140000567375e-7	3.9919258902053e-7	3.8518827023461e-7	3.7194318107376e-7	3.5941268941282e-7	3.4755278798677e-7	3.3632094023352e-7	3.2567658486619e-7	3.1558140838813e-7	3.0599946070019e-7	2.9689716682237e-7	2.8824327236936e-7	2.8000874781174e-7	2.7216666909258e-7	2.6469208644576e-7	2.5756188935619e-7	2.5075467269652e-7	2.4425060739873e-7	2.3803131763043e-7	2.3207976530909e-7	2.2638014281039e-7	2.2091777355155e-7	2.1567902033124e-7	2.1065120152453e-7	2.0582251382866e-7	2.0118196210588e-7	1.9671929491822e-7	1.9242494586305e-7	1.8828998004736e-7	1.8430604499846e-7	1.8046532630379e-7	1.7676050649906e-7	1.7318472817844e-7	1.6973155964105e-7	1.6639496391348e-7	1.6316927017267e-7	1.6004914765328e-7	1.5702958164433e-7	1.5410585154121e-7	1.5127351055485e-7	1.4852836727898e-7	1.4586646842136e-7	1.4328408317632e-7	1.4077768858759e-7	1.383439561854e-7	1.3597973956456e-7	1.3368206289098e-7	1.3144811030225e-7	1.2927521599339e-7	1.271608551181e-7	1.2510263526366e-7	1.2309828855656e-7
2.6728270578301e-14	6.6820676445751e-15	2.9698078420334e-15	1.907369140385e-15	2.8377526085428e-14	8.4289315437905e-13	8.9951239374006e-12	5.1666772680464e-11	1.9718314799091e-10	5.6636872828172e-10	1.3252809136701e-9	2.6625541574701e-9	4.7624405572802e-9	7.7827943173344e-9	1.1842776921816e-8	1.7020253485966e-8	2.3356526178619e-8	3.0865340793298e-8	3.9543620887782e-8	4.9380727762256e-8	6.036907897023e-8	7.2508998035867e-8	8.5814364611087e-8	1.0031520814253e-7	1.1605881827077e-7	1.3310944296033e-7	1.5154681316921e-7	1.7146370703663e-7	1.9296272992726e-7	2.1615243713193e-7	2.411428888904e-7	2.6804068763708e-7	2.9694341713838e-7	3.2793328874394e-7	3.610695634319e-7	3.9637899940344e-7	4.3384312519416e-7	4.7338062956019e-7	5.1482262548931e-7	5.5787835845546e-7	6.0208970866795e-7	6.4677566621419e-7	6.9097422688829e-7	7.3339949880721e-7	7.7244468950079e-7	8.0627104035364e-7	8.3301507655281e-7	8.5110408060238e-7	8.5959642912366e-7	8.5841045657385e-7	8.4833463515086e-7	8.3081767141033e-7	8.0763971129002e-7	7.8059442024868e-7	7.5126759479142e-7	7.2093190111522e-7	6.9053251375042e-7	6.6072501087578e-7	6.3193344417404e-7	6.0440898634547e-7	5.7828011046198e-7	5.5359178407545e-7	5.3033438154979e-7	5.0846419041494e-7	4.8791753297603e-7	4.6862025393805e-7	4.5049394435562e-7	4.3345991533382e-7	4.174416454078e-7	4.0236620808847e-7	3.8816502789926e-7	3.7477420032694e-7	3.6213453680937e-7	3.5019144067939e-7	3.3889468413919e-7	3.2819813377649e-7	3.1805945299565e-7	3.084398016962e-7	2.9930354323456e-7	2.9061796689507e-7	2.8235302839685e-7	2.7448111015376e-7	2.6697680175464e-7	2.598166997963e-7	2.5297922643633e-7	2.4644446471537e-7	2.4019401005281e-7	2.3421083597553e-7	2.2847917291833e-7	2.229843990385e-7	2.1771294136623e-7	2.1265218678524e-7	2.0779040147218e-7	2.0311665811496e-7	1.9862076993304e-7	1.9429323105754e-7	1.9012516227274e-7	1.8610826191847e-7	1.8223476122432e-7	1.7849738352552e-7	1.7488930741995e-7	1.7140413281365e-7	1.6803585020722e-7	1.6477881244334e-7	1.6162770890821e-7	1.5857754195641e-7	1.5562360510156e-7	1.5276146328306e-7	1.4998693443713e-7	1.4729607267058e-7	1.4468515277923e-7	1.4215065588845e-7	1.3968925621061e-7	1.3729780887291e-7	1.3497333853072e-7	1.3271302893463e-7	1.3051421314877e-7	1.2837436453782e-7	1.2629108835722e-7	1.2426211391905e-7
-2.7469463285096e-14	-1.947653797193e-14	1.3140956439244e-15	2.8746923050892e-15	2.3046824137012e-13	4.4583488292933e-12	3.7533598623839e-11	1.8035902545294e-10	5.9901825307025e-10	1.5398578145746e-9	3.2910103778627e-9	6.1326527977222e-9	1.0297217599049e-8	1.5949235091287e-8	2.3184232560741e-8	3.2040697782563e-8	4.2518462660599e-8	5.4598226406404e-8	6.8259079699383e-8	8.3492037389279e-8	1.0030986343833e-7	1.1875396654057e-7	1.3889610318607e-7	1.6083950449557e-7	1.8471703843819e-7	2.1068793010597e-7	2.3893317100355e-7	2.6964978775242e-7	3.0304410525875e-7	3.3932390059257e-7	3.7868920874173e-7	4.2132109874227e-7	4.6736719745117e-7	5.1692176994596e-7	5.6999683372057e-7	6.264790419597e-7	6.8606539756046e-7	7.481707161409e-7	8.1180450696932e-7	8.7542898596805e-7	9.3683552273912e-7	9.9311281888831e-7	1.0408206609395e-6	1.0764813479518e-6	1.0973590794895e-6	1.1022364726123e-6	1.0917748936037e-6	1.0682579600721e-6	1.0348907330319e-6	9.9502635329149e-7	9.5161095392447e-7	9.0693123653096e-7	8.6259672050467e-7	8.1964497632412e-7	7.7868275369201e-7	7.4001629872529e-7	7.0375413976058e-7	6.6988135553109e-7	6.3831033723505e-7	6.0891414112055e-7	5.8154770200906e-7	5.5606090330704e-7	5.3230632390843e-7	5.1014357604689e-7	4.8944150356582e-7	4.7007906391889e-7	4.5194542154198e-7	4.3493959100148e-7	4.1896983731416e-7	4.0395296564857e-7	3.8981357774073e-7	3.764833408785e-7	3.6390029563516e-7	3.52008214493e-7	3.4075601619272e-7	3.3009723682972e-7	3.1998955453906e-7	3.1039436469689e-7	3.0127640135786e-7	2.9260339990921e-7	2.8434579718833e-7	2.7647646468785e-7	2.6897047130337e-7	2.6180487204363e-7	2.549585196392e-7	2.4841189673137e-7	2.4214696586111e-7	2.3614703528397e-7	2.3039663884656e-7	2.2488142830264e-7	2.1958807648478e-7	2.1450419032866e-7	2.0961823239743e-7	2.0491945023263e-7	2.0039781234586e-7	1.9604395048027e-7	1.918491072104e-7	1.8780508836655e-7	1.8390421987182e-7	1.8013930845646e-7	1.7650360584719e-7	1.7299077610624e-7	1.6959486577363e-7	1.6631027665363e-7	1.6313174074411e-7	1.600542973785e-7	1.5707327219885e-7	1.5418425780663e-7	1.5138309594495e-7	1.4866586119779e-7	1.4602884577433e-7	1.4346854562025e-7	1.4098164746045e-7	1.3856501690528e-7	1.3621568733705e-7	1.3393084964155e-7	1.3170784270345e-7	1.2954414450068e-7	1.2743736385221e-7	1.2538523276418e-7
-2.365372159064e-14	2.0034867398663e-14	2.7553761886672e-15	3.3734381137696e-14	1.6055839147714e-12	2.3671326672146e-11	1.5663211746552e-10	6.2952564474372e-10	1.8200136080442e-9	4.188003220949e-9	8.178241757838e-9	1.4143896917159e-8	2.2313157576932e-8	3.2794980582271e-8	4.560865632437e-8	6.0722148677459e-8	7.8088772986986e-8	9.7677079166359e-8	1.194923590278e-7	1.43590350376e-7	1.7008429549338e-7	1.9914859647959e-7	2.3101489980356e-7	2.6597091748873e-7	3.0435304472355e-7	3.4653888173455e-7	3.9293770839363e-7	4.4397880907727e-7	5.0009662956908e-7	5.6171063844002e-7	6.2919582452065e-7	7.028363702239e-7	7.827495055084e-7	8.6875867031885e-7	9.6018899649233e-7	1.055568559266e-6	1.1522604750872e-6	1.2461007991798e-6	1.3312000138003e-6	1.4003254114993e-6	1.4463858224141e-6	1.4647444639584e-6	1.4549840224856e-6	1.4209009192641e-6	1.3688707731351e-6	1.305759156838e-6	1.2374282333447e-6	1.1681469650411e-6	1.1006552036896e-6	1.0365089589871e-6	9.7645609926909e-7	9.2073841617106e-7	8.6930282314317e-7	8.2193772197881e-7	7.7835650174485e-7	7.3824649413247e-7	7.0129637948053e-7	6.672105701564e-7	6.357159314583e-7	6.0656411885273e-7	5.7953150130559e-7	5.5441783244111e-7	5.3104434518517e-7	5.0925165240515e-7	4.888976617663e-7	4.6985561366832e-7	4.5201228941716e-7	4.352664061339e-7	4.1952719506434e-7	4.0471315152165e-7	3.9075094105507e-7	3.7757444397658e-7	3.6512392182374e-7	3.5334529094755e-7	3.4218948789873e-7	3.3161191577503e-7	3.2157195927473e-7	3.1203256002801e-7	3.0295984405782e-7	2.9432279367311e-7	2.8609295872849e-7	2.7824420140379e-7	2.707524704433e-7	2.6359560106783e-7	2.5675313704998e-7	2.5020617245612e-7	2.4393721041377e-7	2.3793003691323e-7	2.3216960778499e-7	2.2664194738603e-7	2.213340575195e-7	2.1623383538864e-7	2.1132999977694e-7	2.0661202416789e-7	2.020700764273e-7	1.9769496413894e-7	1.9347808478804e-7	1.8941138084719e-7	1.8548729861125e-7	1.816987508302e-7	1.7803908257461e-7	1.7450204008292e-7	1.7108174219823e-7	1.6777265424652e-7	1.645695640979e-7	1.6146756009599e-7	1.5846201091651e-7	1.5554854685808e-7	1.5272304275128e-7	1.4998160200895e-7	1.4732054214782e-7	1.4473638112768e-7	1.4222582489623e-7	1.3978575575488e-7	1.374132215629e-7	1.3510542577625e-7	1.3285971808735e-7	1.3067358579184e-7	1.2854464569589e-7	1.2647063656646e-7
7.1171991094052e-14	9.6972276550107e-15	5.4947520922734e-15	3.0025755717457e-13	1.179879066331e-11	1.2531247286903e-10	6.5363743641822e-10	2.1976976056864e-9	5.5320909792251e-9	1.1400728423252e-8	2.0359199643376e-8	3.271965516578e-8	4.8581233384965e-8	6.7903992024267e-8	9.0590701903008e-8	1.1655656741209e-7	1.4578000717698e-7	1.7833520469944e-7	2.1441024142282e-7	2.5431516275232e-7	2.9848342268866e-7	3.4746990289119e-7	4.019449766229e-7	4.6268862268595e-7	5.305809827442e-7	6.0659007065209e-7	6.9175268437914e-7	7.8714163733629e-7	8.9380428391423e-7	1.0126377038886e-6	1.1441191478783e-6	1.2877577546574e-6	1.4412696336518e-6	1.5997321856833e-6	1.7543711655485e-6	1.8909614998414e-6	1.9912608168336e-6	2.0398979582989e-6	2.0319866494963e-6	1.9748739412277e-6	1.8834346665888e-6	1.7735032569353e-6	1.6575839582516e-6	1.5437147546747e-6	1.4362242429276e-6	1.3369811187787e-6	1.2464340553492e-6	1.164295683643e-6	1.0899426044007e-6	1.022633152598e-6	9.6161884658653e-7	9.06196930255e-7	8.5573148183824e-7	8.0965841714712e-7	7.6748271464583e-7	7.2877228380394e-7	6.9315075620725e-7	6.6029031866835e-7	6.2990510074351e-7	6.0174530225581e-7	5.7559209044128e-7	5.5125322190015e-7	5.2855931072499e-7	5.0736065878511e-7	4.8752456828008e-7	4.689330598293e-7	4.5148093537637e-7	4.3507412884624e-7	4.1962829930194e-7	4.0506762706343e-7	3.9132378172973e-7	3.7833503381395e-7	3.6604548840278e-7	3.5440442184554e-7	3.4336570600457e-7	3.3288730723082e-7	3.2293084860943e-7	3.1346122699238e-7	3.0444627681869e-7	2.958564741519e-7	2.8766467554502e-7	2.7984588721158e-7	2.7237706005551e-7	2.6523690801014e-7	2.5840574576673e-7	2.5186534429181e-7	2.4559880151717e-7	2.3959042639148e-7	2.338256349516e-7	2.2829085667603e-7	2.2297345029655e-7	2.1786162767825e-7	2.1294438498295e-7	2.0821144062222e-7	2.0365317851799e-7	1.9926059710265e-7	1.9502526248008e-7	1.9093926607536e-7	1.8699518590405e-7	1.8318605113398e-7	1.7950530980352e-7	1.7594679922127e-7	1.7250471878759e-7	1.6917360513347e-7	1.659483091808e-7	1.6282397509709e-7	1.5979602092454e-7	1.5686012069895e-7	1.5401218790475e-7	1.5124836021502e-7	1.4856498541104e-7	1.4595860827094e-7	1.4342595843989e-7	1.4096393916852e-7	1.3856961688541e-7	1.3624021140008e-7	1.3397308686111e-7	1.3176574331851e-7	1.296158088115e-7	1.2752103200024e-7
8.0139469594653e-14	-1.1212897212416e-14	2.9749610845643e-14	3.8392130177507e-12	8.724324175802e-11	6.6347416487335e-10	2.7279827614167e-9	7.6761340226546e-9	1.6835955044684e-8	3.1113316821571e-8	5.0907698951694e-8	7.6227766478875e-8	1.0688158635772e-7	1.4265538777062e-7	1.8344607591782e-7	2.2934527329703e-7	2.806866384863e-7	3.3807043142109e-7	4.0237675564843e-7	4.7477551714798e-7	5.5673792665713e-7	6.5005213586705e-7	7.5684370183433e-7	8.7960036920402e-7	1.0212035304756e-6	1.1849826612662e-6	1.3747361277162e-6	1.5938034650077e-6	1.8416881930237e-6	2.1141728237567e-6	2.4057178108585e-6	2.6929983352078e-6	2.92366246334e-6	3.0429389504133e-6	3.0302373970376e-6	2.9071893979558e-6	2.7174472454276e-6	2.5024067220245e-6	2.2893341653482e-6	2.0916513722449e-6	1.9139229729423e-6	1.7563069970193e-6	1.6171653357374e-6	1.4943190315582e-6	1.3855878572297e-6	1.2889960640401e-6	1.202830000214e-6	1.1256334672894e-6	1.056179957962e-6	9.9343911228016e-7	9.3654457039201e-7	8.847657712701e-7	8.3748421672382e-7	7.9417390120015e-7	7.5438533425511e-7	7.1773254780801e-7	6.8388253372607e-7	6.5254664214098e-7	6.2347355459822e-7	5.9644352140543e-7	5.7126361580743e-7	5.4776380675799e-7	5.2579369465302e-7	5.0521978477249e-7	4.8592319978831e-7	4.6779775167513e-7	4.5074830947743e-7	4.3468941181024e-7	4.1954408198517e-7	4.0524281314036e-7	3.9172269467641e-7	3.7892665842414e-7	3.6680282531641e-7	3.5530393745393e-7	3.4438686295628e-7	3.3401216293763e-7	3.2414371110158e-7	3.147483599672e-7	3.0579564573851e-7	2.9725752759364e-7	2.8910815667807e-7	2.8132367057527e-7	2.7388201051429e-7	2.6676275826793e-7	2.5994698992191e-7	2.5341714536722e-7	2.471569106719e-7	2.4115111255716e-7	2.3538562334627e-7	2.298472749777e-7	2.2452378132441e-7	2.1940366815603e-7	2.1447620911984e-7	2.0973136809631e-7	2.0515974647515e-7	2.0075253521736e-7	1.9650147122693e-7	1.9239879739709e-7	1.8843722613415e-7	1.8460990601373e-7	1.8091039114452e-7	1.7733261309563e-7	1.7387085515647e-7	1.7051972855056e-7	1.672741505948e-7	1.6412932466235e-7	1.6108072152324e-7	1.5812406220449e-7	1.5525530211655e-7	1.5247061636159e-7	1.4976638613452e-7	1.4713918605732e-7	1.445857724371e-7	1.4210307240318e-7	1.3968817367456e-7	1.3733831516184e-7	1.3505087807576e-7	1.328233777252e-7	1.3065345580558e-7	1.2853887316308e-7