0	1	Indeterminate
10	1	Indeterminate
20	1	Indeterminate
30	1	Indeterminate
40	1	-2.0553430491788376
50	1	Indeterminate
60	1	Indeterminate
70	1	Indeterminate
80	1	5.504868654535976
90	1	Indeterminate
100	1	Indeterminate
110	1	Indeterminate
120	1	Indeterminate
130	1	Indeterminate
140	1	Indeterminate
150	1	Indeterminate
160	1	Indeterminate
170	1	Indeterminate
180	1	Indeterminate
190	1	Indeterminate
200	1	Indeterminate
210	1	Indeterminate
220	1	Indeterminate
230	1	Indeterminate
240	1	Indeterminate
250	1	Indeterminate
260	1	Indeterminate
270	1	Indeterminate
280	1	Indeterminate
290	1	Indeterminate
300	1	Indeterminate
310	1	Indeterminate
320	1	Indeterminate
330	1	Indeterminate
340	1	Indeterminate
350	1	Indeterminate
360	1	Indeterminate
370	1	Indeterminate
380	1	Indeterminate
390	1	Indeterminate
400	1	Indeterminate
410	1	Indeterminate
420	1	Indeterminate
430	1	Indeterminate
440	1	Indeterminate
450	1	Indeterminate
460	1	Indeterminate
470	1	Indeterminate
480	1	Indeterminate
490	1	Indeterminate
500	1	Indeterminate
510	1	Indeterminate
520	1	Indeterminate
530	1	Indeterminate
540	1	Indeterminate
550	1	Indeterminate
560	1	Indeterminate
570	1	Indeterminate
580	1	Indeterminate
590	1	Indeterminate
600	1	Indeterminate
610	1	Indeterminate
620	1	Indeterminate
630	1	Indeterminate
640	1	Indeterminate
650	1	Indeterminate
660	1	Indeterminate
670	1	Indeterminate
680	1	Indeterminate
690	1	Indeterminate
700	1	Indeterminate
710	1	Indeterminate
720	1	Indeterminate
730	1	Indeterminate
740	1	Indeterminate
750	1	Indeterminate
760	1	-1.6692081503602862
770	1	-1.4970150746286819
780	1	17.60981058271379
790	1	-3.0936945652878234
800	1	-1.2268906682371459
810	1	0.6259530563851248
820	1	0.7707536434420702
830	1	0.5613806529857716
840	1	0.6259530563850952
850	1	6.603678968517176
860	1	0.23168226408091938
870	1	1.7469944207549535
0	2	Indeterminate
10	2	Indeterminate
20	2	Indeterminate
30	2	Indeterminate
40	2	-1.0276715245894303
50	2	Indeterminate
60	2	Indeterminate
70	2	Indeterminate
80	2	2.7524343272679057
90	2	Indeterminate
100	2	Indeterminate
110	2	Indeterminate
120	2	Indeterminate
130	2	Indeterminate
140	2	Indeterminate
150	2	Indeterminate
160	2	Indeterminate
170	2	Indeterminate
180	2	Indeterminate
190	2	Indeterminate
200	2	Indeterminate
210	2	Indeterminate
220	2	Indeterminate
230	2	Indeterminate
240	2	Indeterminate
250	2	Indeterminate
260	2	Indeterminate
270	2	Indeterminate
280	2	Indeterminate
290	2	Indeterminate
300	2	Indeterminate
310	2	Indeterminate
320	2	Indeterminate
330	2	Indeterminate
340	2	Indeterminate
350	2	Indeterminate
360	2	Indeterminate
370	2	Indeterminate
380	2	Indeterminate
390	2	Indeterminate
400	2	Indeterminate
410	2	Indeterminate
420	2	Indeterminate
430	2	Indeterminate
440	2	Indeterminate
450	2	Indeterminate
460	2	Indeterminate
470	2	Indeterminate
480	2	Indeterminate
490	2	Indeterminate
500	2	Indeterminate
510	2	Indeterminate
520	2	Indeterminate
530	2	Indeterminate
540	2	Indeterminate
550	2	Indeterminate
560	2	Indeterminate
570	2	Indeterminate
580	2	Indeterminate
590	2	Indeterminate
600	2	Indeterminate
610	2	Indeterminate
620	2	Indeterminate
630	2	Indeterminate
640	2	Indeterminate
650	2	Indeterminate
660	2	Indeterminate
670	2	Indeterminate
680	2	Indeterminate
690	2	Indeterminate
700	2	Indeterminate
710	2	Indeterminate
720	2	Indeterminate
730	2	Indeterminate
740	2	Indeterminate
750	2	Indeterminate
760	2	-0.8346040751801453
770	2	-0.7485075373143463
780	2	8.804905291356562
790	2	-1.5468472826439057
800	2	-0.6134453341185511
810	2	0.31297652819255495
820	2	-0.5800677309914709
830	2	0.2806903264928808
840	2	-2.42413666025936
850	2	0.8734972103775375
860	2	1.3524002968296334
870	2	1.1137662230313214
0	3	Indeterminate
10	3	Indeterminate
20	3	Indeterminate
30	3	Indeterminate
40	3	-0.685114349726279
50	3	Indeterminate
60	3	Indeterminate
70	3	Indeterminate
80	3	1.834956218178646
90	3	Indeterminate
100	3	Indeterminate
110	3	Indeterminate
120	3	Indeterminate
130	3	Indeterminate
140	3	Indeterminate
150	3	Indeterminate
160	3	Indeterminate
170	3	Indeterminate
180	3	Indeterminate
190	3	Indeterminate
200	3	Indeterminate
210	3	Indeterminate
220	3	Indeterminate
230	3	Indeterminate
240	3	Indeterminate
250	3	Indeterminate
260	3	Indeterminate
270	3	Indeterminate
280	3	Indeterminate
290	3	Indeterminate
300	3	Indeterminate
310	3	Indeterminate
320	3	Indeterminate
330	3	Indeterminate
340	3	Indeterminate
350	3	Indeterminate
360	3	Indeterminate
370	3	Indeterminate
380	3	Indeterminate
390	3	Indeterminate
400	3	Indeterminate
410	3	Indeterminate
420	3	Indeterminate
430	3	Indeterminate
440	3	Indeterminate
450	3	Indeterminate
460	3	Indeterminate
470	3	Indeterminate
480	3	Indeterminate
490	3	Indeterminate
500	3	Indeterminate
510	3	Indeterminate
520	3	Indeterminate
530	3	Indeterminate
540	3	Indeterminate
550	3	Indeterminate
560	3	Indeterminate
570	3	Indeterminate
580	3	Indeterminate
590	3	Indeterminate
600	3	Indeterminate
610	3	Indeterminate
620	3	Indeterminate
630	3	Indeterminate
640	3	Indeterminate
650	3	Indeterminate
660	3	Indeterminate
670	3	Indeterminate
680	3	Indeterminate
690	3	Indeterminate
700	3	Indeterminate
710	3	Indeterminate
720	3	Indeterminate
730	3	Indeterminate
740	3	Indeterminate
750	3	Indeterminate
760	3	-0.5564027167867733
770	3	-0.685114349726279
780	3	1.7846301617744986
790	3	-1.0312315217625965
800	3	0.2569178811473595
810	3	0.30501760911229675
820	3	0.5823314735850047
830	3	0.18712688432858884
840	3	0.4293807463301973
850	3	1.5728908633886938
860	3	0.5398421416081254
870	3	0.5423943294887238
0	4	Indeterminate
10	4	Indeterminate
20	4	0.5138357622947194
30	4	Indeterminate
40	4	-0.5138357622947285
50	4	Indeterminate
60	4	Indeterminate
70	4	Indeterminate
80	4	1.3762171636339957
90	4	Indeterminate
100	4	Indeterminate
110	4	Indeterminate
120	4	Indeterminate
130	4	Indeterminate
140	4	Indeterminate
150	4	Indeterminate
160	4	Indeterminate
170	4	Indeterminate
180	4	Indeterminate
190	4	Indeterminate
200	4	Indeterminate
210	4	Indeterminate
220	4	Indeterminate
230	4	Indeterminate
240	4	Indeterminate
250	4	Indeterminate
260	4	Indeterminate
270	4	Indeterminate
280	4	Indeterminate
290	4	Indeterminate
300	4	Indeterminate
310	4	Indeterminate
320	4	Indeterminate
330	4	Indeterminate
340	4	Indeterminate
350	4	Indeterminate
360	4	Indeterminate
370	4	Indeterminate
380	4	Indeterminate
390	4	Indeterminate
400	4	Indeterminate
410	4	Indeterminate
420	4	Indeterminate
430	4	Indeterminate
440	4	Indeterminate
450	4	Indeterminate
460	4	Indeterminate
470	4	Indeterminate
480	4	Indeterminate
490	4	Indeterminate
500	4	Indeterminate
510	4	Indeterminate
520	4	Indeterminate
530	4	Indeterminate
540	4	Indeterminate
550	4	Indeterminate
560	4	Indeterminate
570	4	Indeterminate
580	4	Indeterminate
590	4	Indeterminate
600	4	Indeterminate
610	4	Indeterminate
620	4	Indeterminate
630	4	Indeterminate
640	4	Indeterminate
650	4	Indeterminate
660	4	Indeterminate
670	4	Indeterminate
680	4	Indeterminate
690	4	Indeterminate
700	4	Indeterminate
710	4	Indeterminate
720	4	Indeterminate
730	4	-3.215729227578037
740	4	-0.4173020375900753
750	4	4.402452645678091
760	4	-0.4173020375900822
770	4	5.219810196943291
780	4	-0.9980826893134392
790	4	0.8710272273819346
800	4	0.1403451632464388
810	4	0.43674860518876
820	4	-3.701866389944891
830	4	0.2780036183439188
840	4	1.0793027498952887
850	4	0.7809718891617515
860	4	1.0118930501909527
870	4	1.0097448154617426
0	5	Indeterminate
10	5	Indeterminate
20	5	Indeterminate
30	5	Indeterminate
40	5	-0.4110686098357731
50	5	Indeterminate
60	5	Indeterminate
70	5	Indeterminate
80	5	1.1009737309072087
90	5	Indeterminate
100	5	Indeterminate
110	5	Indeterminate
120	5	Indeterminate
130	5	Indeterminate
140	5	Indeterminate
150	5	Indeterminate
160	5	Indeterminate
170	5	Indeterminate
180	5	Indeterminate
190	5	Indeterminate
200	5	Indeterminate
210	5	Indeterminate
220	5	Indeterminate
230	5	Indeterminate
240	5	Indeterminate
250	5	Indeterminate
260	5	Indeterminate
270	5	Indeterminate
280	5	Indeterminate
290	5	Indeterminate
300	5	Indeterminate
310	5	Indeterminate
320	5	Indeterminate
330	5	Indeterminate
340	5	Indeterminate
350	5	Indeterminate
360	5	Indeterminate
370	5	Indeterminate
380	5	Indeterminate
390	5	Indeterminate
400	5	Indeterminate
410	5	Indeterminate
420	5	Indeterminate
430	5	Indeterminate
440	5	Indeterminate
450	5	Indeterminate
460	5	Indeterminate
470	5	Indeterminate
480	5	Indeterminate
490	5	Indeterminate
500	5	Indeterminate
510	5	Indeterminate
520	5	Indeterminate
530	5	Indeterminate
540	5	Indeterminate
550	5	Indeterminate
560	5	Indeterminate
570	5	Indeterminate
580	5	Indeterminate
590	5	Indeterminate
600	5	Indeterminate
610	5	Indeterminate
620	5	Indeterminate
630	5	Indeterminate
640	5	Indeterminate
650	5	Indeterminate
660	5	Indeterminate
670	5	Indeterminate
680	5	Indeterminate
690	5	Indeterminate
700	5	-0.6154772704456722
710	5	-2.572583382062424
720	5	3.521962116542657
730	5	0.757276189344447
740	5	-4.175848157554829
750	5	-3.3680332659830343
760	5	-3.521962116542657
770	5	1.1973258399278515
780	5	0.39114452746712874
790	5	1.1736387423466452
800	5	-0.1616743808393464
810	5	0.9007625436791219
820	5	0.9224135402868371
830	5	1.0658899470537058
840	5	0.9113160742365092
850	5	0.9973516421559283
860	5	1.0002482323334294
870	5	1.0003409611469678
0	6	Indeterminate
10	6	Indeterminate
20	6	Indeterminate
30	6	Indeterminate
40	6	-0.3425571748631398
50	6	Indeterminate
60	6	Indeterminate
70	6	Indeterminate
80	6	0.9174781090893117
90	6	Indeterminate
100	6	Indeterminate
110	6	Indeterminate
120	6	Indeterminate
130	6	Indeterminate
140	6	Indeterminate
150	6	Indeterminate
160	6	Indeterminate
170	6	Indeterminate
180	6	Indeterminate
190	6	Indeterminate
200	6	Indeterminate
210	6	Indeterminate
220	6	Indeterminate
230	6	Indeterminate
240	6	Indeterminate
250	6	Indeterminate
260	6	Indeterminate
270	6	Indeterminate
280	6	Indeterminate
290	6	Indeterminate
300	6	Indeterminate
310	6	Indeterminate
320	6	Indeterminate
330	6	Indeterminate
340	6	Indeterminate
350	6	Indeterminate
360	6	Indeterminate
370	6	Indeterminate
380	6	Indeterminate
390	6	Indeterminate
400	6	Indeterminate
410	6	Indeterminate
420	6	Indeterminate
430	6	Indeterminate
440	6	Indeterminate
450	6	Indeterminate
460	6	Indeterminate
470	6	Indeterminate
480	6	Indeterminate
490	6	Indeterminate
500	6	Indeterminate
510	6	Indeterminate
520	6	Indeterminate
530	6	Indeterminate
540	6	Indeterminate
550	6	Indeterminate
560	6	Indeterminate
570	6	Indeterminate
580	6	Indeterminate
590	6	Indeterminate
600	6	Indeterminate
610	6	Indeterminate
620	6	Indeterminate
630	6	Indeterminate
640	6	Indeterminate
650	6	Indeterminate
660	6	-0.7764419647800371
670	6	-0.9900144204722384
680	6	-0.3425571748631398
690	6	-0.515615760881305
700	6	-3.4798734646290455
710	6	1.1901302771635514
720	6	0.515615760881305
730	6	0.3425571748631398
740	6	0.2975517588149347
750	6	0.790832928054587
760	6	0.1857583321485795
770	6	-0.8195280142060379
780	6	-1.1635746689784303
790	6	3.97315394888812
800	6	0.9473042188371474
810	6	1.0667338007812848
820	6	1.0454643154603038
830	6	1.001048942884714
840	6	1.0030308554779779
850	6	0.9998549976056037
860	6	1.0000083026728799
870	6	1.0000516081845576
0	7	Indeterminate
10	7	Indeterminate
20	7	1.837559558616071
30	7	Indeterminate
40	7	-1.092716113531412
50	7	1.8375595586160685
60	7	Indeterminate
70	7	Indeterminate
80	7	0.7864098077908331
90	7	Indeterminate
100	7	Indeterminate
110	7	Indeterminate
120	7	Indeterminate
130	7	Indeterminate
140	7	Indeterminate
150	7	Indeterminate
160	7	Indeterminate
170	7	Indeterminate
180	7	Indeterminate
190	7	Indeterminate
200	7	Indeterminate
210	7	Indeterminate
220	7	Indeterminate
230	7	Indeterminate
240	7	Indeterminate
250	7	Indeterminate
260	7	Indeterminate
270	7	Indeterminate
280	7	Indeterminate
290	7	Indeterminate
300	7	Indeterminate
310	7	Indeterminate
320	7	Indeterminate
330	7	Indeterminate
340	7	Indeterminate
350	7	Indeterminate
360	7	Indeterminate
370	7	Indeterminate
380	7	Indeterminate
390	7	Indeterminate
400	7	Indeterminate
410	7	Indeterminate
420	7	Indeterminate
430	7	Indeterminate
440	7	Indeterminate
450	7	Indeterminate
460	7	Indeterminate
470	7	Indeterminate
480	7	Indeterminate
490	7	Indeterminate
500	7	Indeterminate
510	7	Indeterminate
520	7	Indeterminate
530	7	Indeterminate
540	7	Indeterminate
550	7	Indeterminate
560	7	Indeterminate
570	7	Indeterminate
580	7	Indeterminate
590	7	Indeterminate
600	7	Indeterminate
610	7	Indeterminate
620	7	Indeterminate
630	7	-0.21385929637552767
640	7	-1.1255272315049814
650	7	-0.8431597196284389
660	7	-0.44195636646968633
670	7	1.0201116661401723
680	7	1.325869099409043
690	7	1.1793647482166334
700	7	0.23845830719433458
710	7	0.3871245912089633
720	7	0.6528774767684452
730	7	-0.9448097421205731
740	7	-0.07805300993105277
750	7	-0.7294186056042007
760	7	0.8600368550152719
770	7	1.4155545252439343
780	7	1.2377298402589125
790	7	1.126046810716028
800	7	1.007326337317977
810	7	0.9906457649221815
820	7	1.000304700671331
830	7	1.0003620385192205
840	7	1.0001156872872097
850	7	1.0000367129412733
860	7	0.9999843623587932
870	7	0.9998845014222024
0	8	Indeterminate
10	8	Indeterminate
20	8	Indeterminate
30	8	0.1871268843285894
40	8	-0.2569178811473598
50	8	Indeterminate
60	8	Indeterminate
70	8	Indeterminate
80	8	0.68810858181698
90	8	Indeterminate
100	8	Indeterminate
110	8	Indeterminate
120	8	Indeterminate
130	8	Indeterminate
140	8	Indeterminate
150	8	Indeterminate
160	8	Indeterminate
170	8	Indeterminate
180	8	Indeterminate
190	8	Indeterminate
200	8	Indeterminate
210	8	Indeterminate
220	8	Indeterminate
230	8	Indeterminate
240	8	Indeterminate
250	8	Indeterminate
260	8	Indeterminate
270	8	Indeterminate
280	8	Indeterminate
290	8	Indeterminate
300	8	Indeterminate
310	8	Indeterminate
320	8	Indeterminate
330	8	Indeterminate
340	8	Indeterminate
350	8	Indeterminate
360	8	Indeterminate
370	8	Indeterminate
380	8	Indeterminate
390	8	Indeterminate
400	8	Indeterminate
410	8	Indeterminate
420	8	Indeterminate
430	8	Indeterminate
440	8	Indeterminate
450	8	Indeterminate
460	8	Indeterminate
470	8	Indeterminate
480	8	Indeterminate
490	8	Indeterminate
500	8	Indeterminate
510	8	Indeterminate
520	8	Indeterminate
530	8	Indeterminate
540	8	Indeterminate
550	8	Indeterminate
560	8	Indeterminate
570	8	Indeterminate
580	8	Indeterminate
590	8	Indeterminate
600	8	-0.7425108153541788
610	8	-0.24766211244410183
620	8	-0.38671182066098053
630	8	0.037645719646409885
640	8	1.1084628690070235
650	8	6.204425298061444
660	8	0.14558833717383518
670	8	0.5843122713981087
680	8	0.11856604107834702
690	8	0.7642831211119927
700	8	0.5718629774271055
710	8	0.6225847669489866
720	8	-2.7212682597076694
730	8	0.8571701177093195
740	8	2.0764169369607077
750	8	0.9829950308049371
760	8	1.0731352366133815
770	8	1.058218893081187
780	8	1.0525465917908199
790	8	1.036794330119093
800	8	0.9997476287269035
810	8	0.9993570989818659
820	8	0.9996973782652296
830	8	1.0000448350033846
840	8	0.9999591702097995
850	8	0.9999674110684429
860	8	0.9998729061468797
870	8	0.9995186659255955
0	9	-0.4207089940802592
10	9	Indeterminate
20	9	1.4292129900346897
30	9	Indeterminate
40	9	-0.22837144990875904
50	9	Indeterminate
60	9	Indeterminate
70	9	Indeterminate
80	9	0.6116520727262146
90	9	Indeterminate
100	9	Indeterminate
110	9	Indeterminate
120	9	Indeterminate
130	9	Indeterminate
140	9	Indeterminate
150	9	Indeterminate
160	9	Indeterminate
170	9	Indeterminate
180	9	Indeterminate
190	9	Indeterminate
200	9	Indeterminate
210	9	Indeterminate
220	9	Indeterminate
230	9	Indeterminate
240	9	Indeterminate
250	9	Indeterminate
260	9	Indeterminate
270	9	Indeterminate
280	9	Indeterminate
290	9	Indeterminate
300	9	Indeterminate
310	9	Indeterminate
320	9	Indeterminate
330	9	Indeterminate
340	9	Indeterminate
350	9	Indeterminate
360	9	Indeterminate
370	9	Indeterminate
380	9	Indeterminate
390	9	Indeterminate
400	9	Indeterminate
410	9	Indeterminate
420	9	Indeterminate
430	9	Indeterminate
440	9	Indeterminate
450	9	Indeterminate
460	9	Indeterminate
470	9	Indeterminate
480	9	Indeterminate
490	9	Indeterminate
500	9	Indeterminate
510	9	Indeterminate
520	9	Indeterminate
530	9	Indeterminate
540	9	Indeterminate
550	9	Indeterminate
560	9	-1.4292129900346897
570	9	-0.16633500829207706
580	9	-0.1854675722622614
590	9	-0.801422398121253
600	9	0.032047714195254325
610	9	3.787911699920036e15
620	9	0.3437438405875375
630	9	-0.7480585055587016
640	9	0.6449021730300688
650	9	0.5656125433232084
660	9	0.02627188694193295
670	9	-0.6458089810794585
680	9	0.43324430041469464
690	9	0.5627440315036742
700	9	0.6911796784639238
710	9	0.6231873198480407
720	9	0.9995049651933053
730	9	1.065620979013115
740	9	0.9998253677494371
750	9	1.0328306774195124
760	9	1.0027186891642803
770	9	1.0131455672394385
780	9	1.0136586460701833
790	9	1.013621697685114
800	9	1.0000933281134428
810	9	0.9998765752334057
820	9	1.0000633961985532
830	9	0.9999673932707965
840	9	0.9999524951568267
850	9	0.999862600958754
860	9	0.9995528399919867
870	9	0.9986347152745423
0	10	-0.3786380946722265
10	10	-1.760981058271379
20	10	Indeterminate
30	10	0.1497015074628682
40	10	-0.20553430491788374
50	10	Indeterminate
60	10	0.5940086522833367
70	10	Indeterminate
80	10	0.5504868654535976
90	10	Indeterminate
100	10	Indeterminate
110	10	Indeterminate
120	10	Indeterminate
130	10	Indeterminate
140	10	Indeterminate
150	10	Indeterminate
160	10	Indeterminate
170	10	Indeterminate
180	10	Indeterminate
190	10	Indeterminate
200	10	Indeterminate
210	10	Indeterminate
220	10	Indeterminate
230	10	Indeterminate
240	10	Indeterminate
250	10	Indeterminate
260	10	Indeterminate
270	10	Indeterminate
280	10	Indeterminate
290	10	Indeterminate
300	10	Indeterminate
310	10	Indeterminate
320	10	Indeterminate
330	10	Indeterminate
340	10	Indeterminate
350	10	Indeterminate
360	10	Indeterminate
370	10	Indeterminate
380	10	Indeterminate
390	10	Indeterminate
400	10	Indeterminate
410	10	Indeterminate
420	10	Indeterminate
430	10	Indeterminate
440	10	Indeterminate
450	10	Indeterminate
460	10	Indeterminate
470	10	Indeterminate
480	10	Indeterminate
490	10	Indeterminate
500	10	Indeterminate
510	10	Indeterminate
520	10	-0.16692081503603165
530	10	1.760981058271379
540	10	0.37863809467222725
550	10	1.2624722194806073
560	10	-0.36400177337954664
570	10	-0.5695374118247791
580	10	0.06410802759855012
590	10	-12.246509466072323
600	10	-0.21433895854873247
610	10	-0.22802884731349413
620	10	2.5804985456202796
630	10	1.2354250931075157
640	10	-1.95904654177793
650	10	0.021586337806996647
660	10	0.7601620220086912
670	10	0.056068037745338944
680	10	0.849778879613253
690	10	2.96194634173762
700	10	0.9537012881054027
710	10	1.0278392558351972
720	10	1.0194657852177542
730	10	1.0016725955925623
740	10	0.9951664711961604
750	10	1.0047525540018918
760	10	1.0048770076568014
770	10	1.0055621437411415
780	10	1.0052392373607006
790	10	1.0052861632009442
800	10	0.999968991818078
810	10	1.0000222228623286
820	10	1.0000007561045179
830	10	0.9999451020849892
840	10	0.9998488954576211
850	10	0.9995794208257794
860	10	0.9988534735462743
870	10	0.9968785215696558
0	11	Indeterminate
10	11	-1.6008918711557911
20	11	Indeterminate
30	11	0.13609227951170008
40	11	-0.18684936810717362
50	11	Indeterminate
60	11	Indeterminate
70	11	Indeterminate
80	11	0.5004426049578143
90	11	Indeterminate
100	11	Indeterminate
110	11	Indeterminate
120	11	Indeterminate
130	11	Indeterminate
140	11	Indeterminate
150	11	Indeterminate
160	11	Indeterminate
170	11	Indeterminate
180	11	Indeterminate
190	11	Indeterminate
200	11	Indeterminate
210	11	Indeterminate
220	11	Indeterminate
230	11	Indeterminate
240	11	Indeterminate
250	11	Indeterminate
260	11	Indeterminate
270	11	Indeterminate
280	11	Indeterminate
290	11	Indeterminate
300	11	Indeterminate
310	11	Indeterminate
320	11	Indeterminate
330	11	Indeterminate
340	11	Indeterminate
350	11	Indeterminate
360	11	Indeterminate
370	11	Indeterminate
380	11	Indeterminate
390	11	Indeterminate
400	11	Indeterminate
410	11	Indeterminate
420	11	Indeterminate
430	11	Indeterminate
440	11	Indeterminate
450	11	Indeterminate
460	11	Indeterminate
470	11	Indeterminate
480	11	-0.15174619548730112
490	11	-0.18684936810716732
500	11	-0.281244960480715
510	11	1.8981127988885647
520	11	-0.34421644970202026
530	11	2.12717514783297
540	11	0.056165397352951604
550	11	-0.45306967174588186
560	11	-0.28124496048071584
570	11	0.077858716747188
580	11	-0.31237133371066206
590	11	0.18160865799459025
600	11	0.037446388539275774
610	11	0.2390512995723125
620	11	0.7537978476324145
630	11	0.45914638743742625
640	11	-0.1405915425510151
650	11	-12.496491690711233
660	11	0.9101582852757306
670	11	0.9907229118917353
680	11	0.9349856368863121
690	11	1.1186235651946714
700	11	1.043589708947679
710	11	0.9872333091801597
720	11	0.9986835791679152
730	11	1.001735483709558
740	11	1.0028547147570166
750	11	1.0024694636037013
760	11	1.002175556244675
770	11	1.0023501136296686
780	11	1.0022662300337744
790	11	1.0022917520235586
800	11	0.9999239851998691
810	11	0.9999605559322238
820	11	0.9999450211061812
830	11	0.9998387409008191
840	11	0.9995978146674641
850	11	0.9990027701649827
860	11	0.9975229949147137
870	11	0.9938414379024774
0	12	-0.3155317455601981
10	12	Indeterminate
20	12	Indeterminate
30	12	0.1247512562190584
40	12	-0.17127858743157326
50	12	Indeterminate
60	12	Indeterminate
70	12	Indeterminate
80	12	0.4587390545446607
90	12	Indeterminate
100	12	Indeterminate
110	12	Indeterminate
120	12	Indeterminate
130	12	Indeterminate
140	12	Indeterminate
150	12	Indeterminate
160	12	Indeterminate
170	12	Indeterminate
180	12	Indeterminate
190	12	Indeterminate
200	12	Indeterminate
210	12	Indeterminate
220	12	Indeterminate
230	12	Indeterminate
240	12	Indeterminate
250	12	Indeterminate
260	12	Indeterminate
270	12	Indeterminate
280	12	Indeterminate
290	12	Indeterminate
300	12	Indeterminate
310	12	Indeterminate
320	12	Indeterminate
330	12	Indeterminate
340	12	Indeterminate
350	12	Indeterminate
360	12	Indeterminate
370	12	Indeterminate
380	12	Indeterminate
390	12	Indeterminate
400	12	Indeterminate
410	12	Indeterminate
420	12	Indeterminate
430	12	Indeterminate
440	12	-0.1247512562190584
450	12	-1.0719097425260078
460	12	1.4674842152261616
470	12	0.38096666186867634
480	12	-1.7399367323144794
490	12	-0.3155317455602031
500	12	-1.4674842152261616
510	12	-0.9014228391700059
520	12	0.4587390545446607
530	12	-1.0719097425260533
540	12	0.20334507274152705
550	12	-0.139100679196679
560	12	0.9295824035125029
570	12	0.259990043521962
580	12	0.16934103117728247
590	12	-10.385682584933596
600	12	0.4375627648938595
610	12	-0.5108040236603572
620	12	1.7731310645979044
630	12	1.0019813381074354
640	12	1.1080505426645544
650	12	1.0135345104477302
660	12	0.9982202139497482
670	12	1.004795979666674
680	12	0.9589562467004253
690	12	0.9871231986290431
700	12	1.0025407616759194
710	12	0.9977450138311893
720	12	1.0019217250151726
730	12	1.0013679065091154
740	12	1.0011722271415984
750	12	1.0010109303632027
760	12	1.0010749365241383
770	12	1.0010787371512475
780	12	1.0010890328119937
790	12	1.0010768483899704
800	12	0.9999646096432253
810	12	0.9999240958491521
820	12	0.9998266435310597
830	12	0.999613405491035
840	12	0.9991096663032794
850	12	0.9979499411613484
860	12	0.9952780258117576
870	12	0.9891106090959253
0	13	Indeterminate
10	13	Indeterminate
20	13	0.3380873479974622
30	13	0.4569297325256564
40	13	-0.1581033114753014
50	13	Indeterminate
60	13	Indeterminate
70	13	Indeterminate
80	13	0.42345143496429477
90	13	Indeterminate
100	13	Indeterminate
110	13	Indeterminate
120	13	Indeterminate
130	13	Indeterminate
140	13	Indeterminate
150	13	Indeterminate
160	13	Indeterminate
170	13	Indeterminate
180	13	Indeterminate
190	13	Indeterminate
200	13	Indeterminate
210	13	Indeterminate
220	13	Indeterminate
230	13	Indeterminate
240	13	Indeterminate
250	13	Indeterminate
260	13	Indeterminate
270	13	Indeterminate
280	13	Indeterminate
290	13	Indeterminate
300	13	Indeterminate
310	13	Indeterminate
320	13	Indeterminate
330	13	Indeterminate
340	13	Indeterminate
350	13	Indeterminate
360	13	Indeterminate
370	13	Indeterminate
380	13	Indeterminate
390	13	Indeterminate
400	13	Indeterminate
410	13	-0.1284006269507981
420	13	-0.15810331147529536
430	13	-0.23797650502213175
440	13	1.606095445213355
450	13	-0.35026681586192665
460	13	0.23797650502213175
470	13	0.15810331147529536
480	13	0.917725844952906
490	13	2.307458592425353e15
500	13	-0.3313465712052433
510	13	1.7354456628293358
520	13	-11.9285539237269
530	13	-0.28422399311461455
540	13	0.22077362181268176
550	13	0.2353946628601552
560	13	4.5776474764825
570	13	0.4618969932526465
580	13	5.277678667583028
590	13	136.55771891736103
600	13	1.0507987529231346
610	13	1.170022014498015
620	13	0.8353523167044585
630	13	1.0870094662736196
640	13	0.9939594186931286
650	13	1.0345930922429634
660	13	0.9884536296870705
670	13	0.9947752078292014
680	13	0.99979575758909
690	13	0.9993798042622726
700	13	1.0015617908551635
710	13	1.0010869600656582
720	13	1.0002774422327092
730	13	1.0005714527252354
740	13	1.00048551284668
750	13	1.0005303788823459
760	13	1.000557895954461
770	13	1.0005535240260095
780	13	1.000544379033323
790	13	1.0005297948769243
800	13	0.9999181938676689
810	13	0.9998254315069883
820	13	0.9996270612296055
830	13	0.999188386266073
840	13	0.9982482787069912
850	13	0.9962171959999843
860	13	0.9918247341293333
870	13	0.982304216670682
0	14	Indeterminate
10	14	0.2209781832348536
20	14	Indeterminate
30	14	Indeterminate
40	14	-0.14681021779849227
50	14	Indeterminate
60	14	Indeterminate
70	14	Indeterminate
80	14	0.3932049038954275
90	14	Indeterminate
100	14	Indeterminate
110	14	Indeterminate
120	14	Indeterminate
130	14	Indeterminate
140	14	Indeterminate
150	14	Indeterminate
160	14	Indeterminate
170	14	Indeterminate
180	14	Indeterminate
190	14	Indeterminate
200	14	Indeterminate
210	14	Indeterminate
220	14	Indeterminate
230	14	Indeterminate
240	14	Indeterminate
250	14	Indeterminate
260	14	Indeterminate
270	14	Indeterminate
280	14	Indeterminate
290	14	Indeterminate
300	14	Indeterminate
310	14	Indeterminate
320	14	Indeterminate
330	14	Indeterminate
340	14	Indeterminate
350	14	Indeterminate
360	14	Indeterminate
370	14	-0.1069296481877657
380	14	-0.9187797793080206
390	14	1.2578436130509294
400	14	0.27045578190873737
410	14	-1.090204077422565
420	14	-0.3372754239543659
430	14	-1.2578436130509294
440	14	0.3252477575860659
450	14	-1.4913743419838421
460	14	0.3932049038954275
470	14	-9.720710729715268
480	14	1.3399936713669494
490	14	1.5095430539587191
500	14	0.2270477941712057
510	14	-0.11267121668779409
520	14	-5.2625038464894205
530	14	0.2073829419825782
540	14	-1.2887191738316282
550	14	1.3464868491855504
560	14	0.13668076311532634
570	14	1.0375459100069442
580	14	0.8656425867105961
590	14	1.0717407195999917
600	14	1.1456293734796483
610	14	1.0101108633075497
620	14	0.9816682805125481
630	14	1.0303067318845884
640	14	0.9869336938019678
650	14	0.9906845072325953
660	14	0.9974201974561009
670	14	0.9993392432217326
680	14	0.9990250994773576
690	14	1.0001473867742705
700	14	1.0001366355271222
710	14	1.00058803996083
720	14	1.0004158229294684
730	14	1.0002817650717262
740	14	1.0002897879035277
750	14	1.0002863278161416
760	14	1.0002821243458757
770	14	1.0002775567446873
780	14	1.0002592861046418
790	14	1.0002282775312623
800	14	0.9998169200758064
810	14	0.9996297755839386
820	14	0.9992486244333915
830	14	0.9984654173747981
840	14	0.9968638099377993
850	14	0.9935881641714807
860	14	0.9868790861614354
870	14	0.9730981573288299
0	15	-0.2524253964481558
10	15	Indeterminate
20	15	Indeterminate
30	15	Indeterminate
40	15	-0.13702286994526164
50	15	Indeterminate
60	15	Indeterminate
70	15	Indeterminate
80	15	0.36699124363573493
90	15	Indeterminate
100	15	Indeterminate
110	15	Indeterminate
120	15	Indeterminate
130	15	Indeterminate
140	15	Indeterminate
150	15	Indeterminate
160	15	Indeterminate
170	15	Indeterminate
180	15	Indeterminate
190	15	Indeterminate
200	15	Indeterminate
210	15	Indeterminate
220	15	Indeterminate
230	15	Indeterminate
240	15	Indeterminate
250	15	Indeterminate
260	15	Indeterminate
270	15	Indeterminate
280	15	Indeterminate
290	15	Indeterminate
300	15	Indeterminate
310	15	Indeterminate
320	15	Indeterminate
330	15	Indeterminate
340	15	-0.1112805433573522
350	15	-0.13702286994525917
360	15	-0.20624630435252178
370	15	0.8416481463203636
380	15	-0.2666566978442853
390	15	3.2855020229488344e14
400	15	0.030876814570110458
410	15	-0.25398305440665275
420	15	-0.49321396151134694
430	15	0.13702286994525734
440	15	-0.09227225450830716
450	15	-0.8704510171237659
460	15	-0.13702286994527105
470	15	0.2894396724686202
480	15	1.5982756107356166
490	15	-5.883727957857707
500	15	-1.621140579629781
510	15	1.3190746153132007
520	15	-0.6871062460969153
530	15	1.1390688807320155
540	15	0.8711782739543509
550	15	1.138847591882612
560	15	0.6266632482209055
570	15	1.2413901171031598
580	15	0.9861052184899665
590	15	1.0483221463480925
600	15	1.011124967784337
610	15	1.0119708434005903
620	15	1.0020237981521725
630	15	1.0032599694084674
640	15	1.0064481270633292
650	15	0.9995688357558467
660	15	1.0013122873422147
670	15	0.9999154757441711
680	15	1.0002152503020136
690	15	1.000277366039676
700	15	1.000193698751858
710	15	1.000112606544307
720	15	1.0001873063040503
730	15	1.0001678850818385
740	15	1.0001547418711778
750	15	1.00015322530722
760	15	1.0001406050031074
770	15	1.0001221210953455
780	15	1.000080609719166
790	15	1.0000038966399314
800	15	0.9996377307245272
810	15	0.999294745500565
820	15	0.9986283874475448
830	15	0.9973284964279183
840	15	0.9947936740477493
850	15	0.9898487566945792
860	15	0.9801863685569324
870	15	0.9612438807477955
0	16	Indeterminate
10	16	-1.1006131614195722
20	16	0.8039323068945206
30	16	Indeterminate
40	16	-0.1284589405736788
50	16	Indeterminate
60	16	Indeterminate
70	16	Indeterminate
80	16	0.34405429090851175
90	16	Indeterminate
100	16	Indeterminate
110	16	Indeterminate
120	16	Indeterminate
130	16	Indeterminate
140	16	Indeterminate
150	16	Indeterminate
160	16	Indeterminate
170	16	Indeterminate
180	16	Indeterminate
190	16	Indeterminate
200	16	Indeterminate
210	16	Indeterminate
220	16	Indeterminate
230	16	Indeterminate
240	16	Indeterminate
250	16	Indeterminate
260	16	Indeterminate
270	16	Indeterminate
280	16	Indeterminate
290	16	Indeterminate
300	16	-0.09356344216429474
310	16	-0.8039323068945206
320	16	1.1006131614195722
330	16	0.23664880917014106
340	16	-1.208168661430267
350	16	-0.09925607959418552
360	16	0.09925607959418394
370	16	0.10432550939751951
380	16	-0.2845917878878006
390	16	-1.1006131614195722
400	16	0.8039323068945357
410	16	0.03891171888478251
420	16	0.04082926777238286
430	16	0.06492104830665216
440	16	-0.03993646899829633
450	16	-1.4536134086262158
460	16	-0.19315836169291287
470	16	0.8730073039096327
480	16	-0.02200423274081827
490	16	-2.922482053681775
500	16	0.22651504023159838
510	16	0.22710718525254972
520	16	1.967982821840743
530	16	0.8490457834707726
540	16	0.769091428412818
550	16	0.9534751848567392
560	16	1.0651126319653637
570	16	1.0372646701460784
580	16	1.036554318952454
590	16	1.0285980473335132
600	16	0.9807024267531671
610	16	0.993245221031157
620	16	0.997129006026771
630	16	0.9990709737813557
640	16	1.0032875789006557
650	16	0.9998632957076474
660	16	0.9996238225405183
670	16	1.0000233504649354
680	16	1.0002735912885485
690	16	1.0000640408751145
700	16	1.0001210251370312
710	16	1.0000908938983366
720	16	1.0000937764530977
730	16	1.0000934353359074
740	16	1.000077527049592
750	16	1.0000698917767818
760	16	1.0000442807695784
770	16	1.000000868619647
780	16	0.9999182606473924
790	16	0.9997662253048543
800	16	0.9993320716512405
810	16	0.9987539595177523
820	16	0.9976735830655736
830	16	0.9956525408622138
840	16	0.9918729818870952
850	16	0.9847988521205007
860	16	0.9715358487106075
870	16	0.9465807686713348
0	17	0.2740383405105906
10	17	-0.12066266314732446
20	17	0.4242824460641913
30	17	0.7566421711948574
40	17	-0.44994192910117137
50	17	Indeterminate
60	17	Indeterminate
70	17	Indeterminate
80	17	0.32381580320800085
90	17	Indeterminate
100	17	Indeterminate
110	17	Indeterminate
120	17	Indeterminate
130	17	Indeterminate
140	17	Indeterminate
150	17	Indeterminate
160	17	Indeterminate
170	17	Indeterminate
180	17	Indeterminate
190	17	Indeterminate
200	17	Indeterminate
210	17	Indeterminate
220	17	Indeterminate
230	17	Indeterminate
240	17	Indeterminate
250	17	Indeterminate
260	17	-0.27403834051058007
270	17	-0.756642171194853
280	17	1.0358712107478383
290	17	0.22272829098367194
300	17	-0.9893714001153447
310	17	-0.27861714916871094
320	17	0.3312224621258606
330	17	0.27861714916871094
340	17	-1.2281906345749245
350	17	1.0358712107478911
360	17	-0.3803993440966675
370	17	-0.11129904889655907
380	17	-0.27403834051061765
390	17	0.1711766031807474
400	17	0.26901084162311173
410	17	2.623208697330722
420	17	0.348918977190114
430	17	0.2587472869819482
440	17	-1.371976326860439
450	17	0.28522711220186225
460	17	0.394819075778325
470	17	1.9271940953661995
480	17	-3.78468031531267
490	17	0.6899055046757077
500	17	0.8207458049419317
510	17	1.6404168068705642
520	17	0.843408136321522
530	17	0.9652450289667451
540	17	0.8907279888075315
550	17	0.9882030688959109
560	17	0.9958119341204632
570	17	1.0139096598836386
580	17	0.9751115250240627
590	17	1.006598419281737
600	17	0.9932179189321311
610	17	0.9990076433340551
620	17	1.0000676598070501
630	17	0.9998313275773821
640	17	1.0004089185870109
650	17	0.9998612773775114
660	17	1.0001271354967454
670	17	1.000077861717762
680	17	1.0001169072910836
690	17	1.000053868187869
700	17	1.000058243468133
710	17	1.000046321242601
720	17	1.000048115120462
730	17	1.0000383318370831
740	17	1.0000248023826463
750	17	0.999999615528069
760	17	0.9999532660302469
770	17	0.9998703186748545
780	17	0.9997192787817696
790	17	0.9994508932430832
800	17	0.998855219999111
810	17	0.9979356059360407
820	17	0.9962877600080554
830	17	0.9933090578516741
840	17	0.9879437082941611
850	17	0.9782641040696097
860	17	0.9607715781269146
870	17	0.9290433111818677
0	18	-0.2507930091396007
10	18	0.09273378613112666
20	18	-0.04616078485701705
30	18	0.26044770058103806
40	18	-0.11418572495438241
50	18	0.17187192029377005
60	18	0.11418572495438063
70	18	0.09273378613112666
80	18	0.3058260363631146
90	18	Indeterminate
100	18	Indeterminate
110	18	Indeterminate
120	18	Indeterminate
130	18	Indeterminate
140	18	Indeterminate
150	18	Indeterminate
160	18	Indeterminate
170	18	Indeterminate
180	18	Indeterminate
190	18	Indeterminate
200	18	Indeterminate
210	18	Indeterminate
220	18	Indeterminate
230	18	-0.7146064950173544
240	18	-0.11418572495438063
250	18	0.21035449704013026
260	18	1.1599578215429713
270	18	-0.2529704781225014
280	18	0.20643592698841398
290	18	0.08780020205062328
300	18	0.8479365046619983
310	18	-0.21035449704013248
320	18	0.05666033562974302
330	18	0.1581043577483213
340	18	-0.09739969345740358
350	18	-0.20870847414802965
360	18	0.32849612722854293
370	18	-0.21252515522191476
380	18	-0.4211310813508445
390	18	0.465605703349991
400	18	0.031419112952982615
410	18	0.3600231326830037
420	18	-0.010104199946457348
430	18	-0.3183358600918486
440	18	5.129491294073203
450	18	3.812187701454998
460	18	0.7364498960862662
470	18	0.7532619710873308
480	18	0.742998398950454
490	18	0.8911809053238438
500	18	0.947997221402894
510	18	1.0008964863236038
520	18	0.9985957022835346
530	18	0.9465321124545036
540	18	0.9944643388480687
550	18	1.0352484302306857
560	18	1.0043460393733332
570	18	1.0047822282815053
580	18	1.0084273027151416
590	18	0.9992983553612145
600	18	0.99810360914688
610	18	0.9986622322084284
620	18	0.9993672165550265
630	18	1.000170215607046
640	18	1.0001605427000688
650	18	0.9999989395699037
660	18	1.0000355557770777
670	18	1.0000464980103727
680	18	1.0000383176886292
690	18	1.0000343624369457
700	18	1.0000289187411657
710	18	1.000022740409581
720	18	1.0000187262808804
730	18	0.9999994871385832
740	18	0.9999720740221535
750	18	0.999923421304485
760	18	0.9998403616681727
770	18	0.9996941646594019
780	18	0.99944210069151
790	18	0.9989990506772677
800	18	0.9981462443437332
810	18	0.9967676030501774
820	18	0.9943579570868536
830	18	0.9901718733114437
840	18	0.9828627966902188
850	18	0.9701044326516705
860	18	0.9478001724064568
870	18	0.908663947290589
0	19	0.07879026708571756
10	19	0.2898178896022844
20	19	0.6769956268585444
30	19	0.6769956268585372
40	19	0.07879026708571756
50	19	0.9268321359322808
60	19	0.08358406702668247
70	19	0.2451921994042194
80	19	0.28972992918609886
90	19	-0.9268321359322709
100	19	0.6769956268585409
110	19	0.2451921994042194
120	19	Indeterminate
130	19	Indeterminate
140	19	Indeterminate
150	19	Indeterminate
160	19	Indeterminate
170	19	Indeterminate
180	19	Indeterminate
190	19	-0.08785306054527982
200	19	0.9268321359322608
210	19	0.19928320772222935
220	19	1.0989074098828138
230	19	-0.19928320772222935
240	19	11.194684709510323
250	19	-11.194684709511593
260	19	0.16784570552387046
270	19	-1.0989074098828138
280	19	-0.19928320772222935
290	19	-1.187410190356951
300	19	-0.3743059073161714
310	19	0.28972992918609886
320	19	-0.04576055772635288
330	19	0.7771176570075815
340	19	0.21929883280266932
350	19	0.8273286709995803
360	19	0.27049228405569775
370	19	0.2769131998534919
380	19	3.012389371766059
390	19	-0.09542703749597918
400	19	0.8703306678867724
410	19	3.643397046008618
420	19	0.2653339222346222
430	19	1.4620664089233626
440	19	0.7394009357829356
450	19	0.6155377422467793
460	19	0.902527526092058
470	19	1.0433723809326567
480	19	0.9633900581483638
490	19	1.0570776169699687
500	19	0.9919293543603475
510	19	1.0193131500013046
520	19	1.053732338619516
530	19	0.9909367258766818
540	19	0.9871793878123168
550	19	0.996649153718638
560	19	0.9970703813316892
570	19	0.9979403359277984
580	19	0.9996951390851756
590	19	0.9994147537377325
600	19	0.9994685132744783
610	19	1.000815798229869
620	19	1.0002113968661737
630	19	1.0000252381049994
640	19	0.9999762445314941
650	19	1.0000500411740323
660	19	1.0000076719237452
670	19	1.0000110936566189
680	19	1.0000105617829778
690	19	1.0000078162598787
700	19	1.0000108549287843
710	19	0.9999981788776697
720	19	0.9999809581086563
730	19	0.9999518495646156
740	19	0.9999041304485328
750	19	0.9998202578524775
760	19	0.999680193156666
770	19	0.9994429759107916
780	19	0.9990414036242893
790	19	0.9983631142037579
800	19	0.9971391993248185
810	19	0.9951574618847627
820	19	0.9918030883968688
830	19	0.9861195764938766
840	19	0.9765076395061696
850	19	0.9602211319688304
860	19	0.932595926061152
870	19	0.8855714637918607
0	20	0.23440293052293215
10	20	-0.37367015138104087
20	20	-0.5965217992193901
30	20	-0.14169313497580113
40	20	0.1614108524142815
50	20	0.2970043261416653
60	20	0.2970043261416653
70	20	0.15468472826439056
80	20	0.643145845515612
90	20	0.07485075373143586
100	20	0.07485075373143464
110	20	-0.18931904733612226
120	20	0.2752434327268012
130	20	0.8804905291356562
140	20	0.2970043261416653
150	20	1.0439620393886628
160	20	-0.1893190473361169
170	20	-0.8804905291356562
180	20	0.643145845515612
190	20	0.07485075373143464
200	20	-0.2970043261416729
210	20	-0.38757210963109495
220	20	-0.11544285815230361
230	20	1.0940362019933842
240	20	-0.643145845515612
250	20	0.15468472826439056
260	20	-1.7969375902877
270	20	0.34789945344205137
280	20	0.7837042463096044
290	20	0.09571417791614142
300	20	1.9978320357799757
310	20	0.13201260955752375
320	20	-0.21739197066814203
330	20	-0.49411815315029084
340	20	1.145332104735171
350	20	0.4511726387158214
360	20	0.20020315055817686
370	20	0.4336023678567485
380	20	0.46510980854208084
390	20	-0.2910223569440354
400	20	-0.6927533404914946
410	20	0.47916672212544964
420	20	15.807975033201277
430	20	0.9226350873693137
440	20	0.7989328815615981
450	20	1.0324283839788075
460	20	0.9628132639285021
470	20	0.9695301197122764
480	20	1.0013817918222951
490	20	0.9839978190554275
500	20	0.986342066132373
510	20	0.9855162289349284
520	20	0.9947009978630874
530	20	0.999909183310837
540	20	1.0012048019701132
550	20	0.9985389283723152
560	20	1.0005195063562464
570	20	0.9998525514795001
580	20	0.9991772916859185
590	20	1.0002070644996612
600	20	1.0000134535644745
610	20	1.0001259261313236
620	20	1.000051702163555
630	20	1.0000914881508194
640	20	1.0000115021150913
650	20	0.9999884729160065
660	20	1.000003335031492
670	20	1.0000085726349315
680	20	1.000005396300399
690	20	0.9999990369270615
700	20	0.9999857879031092
710	20	0.9999702525875076
720	20	0.9999396033056882
730	20	0.9998886001188375
740	20	0.9998065176449168
750	20	0.9996717875380002
760	20	0.9994489460193748
770	20	0.9990816047798307
780	20	0.998476432861463
790	20	0.997479871782758
800	20	0.9957716002609879
810	20	0.9930295365593109
820	20	0.9885097806928866
830	20	0.9810612618610933
840	20	0.9687862098660364
850	20	0.9485620719841595
860	20	0.9152028762754797
870	20	0.8599841428666161
0	21	0.20814678286487853
10	21	0.2706645528887919
20	21	0.09787347853233246
30	21	0.17090130834542894
40	21	0.26213660259694865
50	21	0.2218405613657085
60	21	0.2218405613657161
70	21	-0.13183361449691505
80	21	0.6125198528720116
90	21	0.9942495613225982
100	21	0.26213660259694865
110	21	0.22324088621232122
120	21	0.07128643212517595
130	21	0.20068888614246935
140	21	0.02568229392378104
150	21	0.22184056136571798
160	21	-0.14731878882322513
170	21	10.128524260984928
180	21	0.39560704727070717
190	21	0.18030385460582612
200	21	0.09787347853233246
210	21	-0.28527001374693733
220	21	0.22324088621232122
230	21	0.32819799319336357
240	21	0.22324088621232122
250	21	0.20893844611767573
260	21	-2.1296608283246763
270	21	0.1997648911167898
280	21	-0.19183807113050239
290	21	0.04548282828763041
300	21	-0.0781827178772533
310	21	0.008075506258235087
320	21	-0.2597619103927523
330	21	0.2809948929209252
340	21	0.4033345088688345
350	21	-2.5862679683573235
360	21	434.4545112333567
370	21	0.9852962914431711
380	21	3.6113855263955394
390	21	1.6961753351012667
400	21	0.9901105813632343
410	21	0.8235848673834154
420	21	1.040897555113017
430	21	0.9622236555889822
440	21	0.983620628819171
450	21	1.0407642178238494
460	21	0.9709192503833456
470	21	1.0098421071445158
480	21	0.9904291833787878
490	21	0.991000468641651
500	21	1.0114962346674026
510	21	0.997807385041699
520	21	1.0017883610065113
530	21	1.0010643505307595
540	21	1.000046619220307
550	21	0.9993780899698909
560	21	1.0008895715745447
570	21	0.9999419693010747
580	21	0.9995134611656085
590	21	1.000103854197518
600	21	1.0001765521412616
610	21	1.0000028495302509
620	21	1.000053737315061
630	21	0.9999880090090036
640	21	1.0000040509159904
650	21	1.0000104413728776
660	21	1.0000078704710111
670	21	0.9999968995373322
680	21	0.999990998045822
690	21	0.9999795437447694
700	21	0.9999589265898927
710	21	0.9999290039427643
720	21	0.9998773702719309
730	21	0.9997958458807173
740	21	0.999666512231521
750	21	0.9994564858829791
760	21	0.9991188144455241
770	21	0.9985756161652037
780	21	0.9977015067340752
790	21	0.996295923424308
800	21	0.9939739726800322
810	21	0.9903019633866611
820	21	0.9843953555279519
830	21	0.974898622042283
840	21	0.9596376389726605
850	21	0.9351266129515792
860	21	0.8957339046860495
870	21	0.8321977257405272
0	22	0.07587309774365102
10	22	0.21175689948545073
20	22	-1.446857700586109e14
30	22	0.46628136965886313
40	22	0.27000393285606206
50	22	-0.19316698900868587
60	22	0.3624470639564501
70	22	-0.34768239975999754
80	22	0.21175689948546383
90	22	-0.3060239340921992
100	22	0.20116670452499305
110	22	0.19977888745303857
120	22	0.06804613975584786
130	22	1.0649368683417963
140	22	-0.013529064179954283
150	22	0.0012782022746634712
160	22	0.9490563994442834
170	22	-0.33536315962613544
180	22	0.2605916127142086
190	22	0.06804613975584786
200	22	0.21309357320266845
210	22	0.21309357320266845
220	22	-0.08600708470784424
230	22	0.16855689427251286
240	22	0.8395125741281282
250	22	-0.6819566160845684
260	22	0.08093901495781654
270	22	0.5209429540896667
280	22	0.24980915930384284
290	22	0.029312369352767625
300	22	2.9865613780079703
310	22	0.8757873937019506
320	22	1.6961359618662604
330	22	0.42121528944599823
340	22	-2.447961807499958
350	22	0.5570031596785208
360	22	0.985799961139055
370	22	0.8992491096246686
380	22	1.4357131681123854
390	22	0.915627044633618
400	22	0.9893238303455647
410	22	0.9991750548944277
420	22	0.993391352351659
430	22	0.9468902161425378
440	22	1.0170952627691998
450	22	0.9918488588542588
460	22	1.0176252282433464
470	22	1.0138686945358717
480	22	0.9838680669284406
490	22	1.0032662215497605
500	22	0.9991052672939801
510	22	0.9986259465762684
520	22	1.0007660185305864
530	22	1.0004400301012522
540	22	1.000422169282345
550	22	0.9999989426939561
560	22	0.999841721099803
570	22	1.0003248434746563
580	22	0.999812516755358
590	22	1.0000697204151259
600	22	0.9999770660559859
610	22	0.9999712419493109
620	22	1.0000362105388183
630	22	1.000032060140606
640	22	1.0000109724954718
650	22	0.9999954549858493
660	22	0.999990755299696
670	22	0.9999864590528925
680	22	0.9999704776048086
690	22	0.9999498696876256
700	22	0.9999194850275228
710	22	0.9998672340347123
720	22	0.9997881095577191
730	22	0.9996627299121326
740	22	0.9994647160858618
750	22	0.9991525913785374
760	22	0.9986612841874005
770	22	0.9978874933604295
780	22	0.9966693896452417
790	22	0.994752780577139
800	22	0.99167927880823
810	22	0.98690028532565
820	22	0.9793842235338638
830	22	0.9675731873835031
840	22	0.9490325331467371
850	22	0.9199580430211888
860	22	0.8743647631987845
870	22	0.8025687272731945
0	23	-4.518240440032306
10	23	0.20255007776869915
20	23	0.7949378796084814
30	23	0.06508761194037956
40	23	-0.19876521488800772
50	23	-0.08226451440180482
60	23	0.5483504637208245
70	23	0.14736851070365517
80	23	0.6636024819094
90	23	-0.2611809659381609
100	23	0.36950640953584846
110	23	0.005522702561269025
120	23	0.15254336478793903
130	23	0.20382863523733433
140	23	0.20382863523733433
150	23	0.08936274126864639
160	23	0.20255007776869838
170	23	0.20382863523733433
180	23	-0.06508761194040812
190	23	-0.2892537061075916
200	23	0.2024175800834937
210	23	0.14071119344391225
220	23	-0.7797244106086537
230	23	0.023528189409882234
240	23	0.3239448480250447
250	23	-0.9123531774943967
260	23	0.119322957346079
270	23	-0.298744001670456
280	23	0.013289917459047042
290	23	0.2996779326597996
300	23	1.1281826564633877
310	23	3.022895437312436
320	23	0.8861612334457142
330	23	0.6389575663721427
340	23	1.0202215635960006
350	23	0.9091961133806244
360	23	0.9914614986977967
370	23	0.915813673732927
380	23	0.9970249396435692
390	23	1.0064411749329711
400	23	0.9721727472488321
410	23	0.9982336228369344
420	23	1.0328176054948046
430	23	1.0126679825200473
440	23	1.0228613818977657
450	23	1.0187731442555612
460	23	0.9977172625305675
470	23	0.9932673742560959
480	23	1.00721836655878
490	23	0.9964194906309464
500	23	1.0011949436816368
510	23	0.9985127037032272
520	23	0.9993419654881281
530	23	0.9999404029134421
540	23	0.9998774625056368
550	23	0.9999118646473389
560	23	1.0001968821081544
570	23	1.0000827863656045
580	23	1.0000340885627532
590	23	1.0000299875358751
600	23	0.9999828025514277
610	23	1.000013419202711
620	23	1.0000122355242542
630	23	0.9999991314568117
640	23	0.9999992180482514
650	23	0.9999878124769759
660	23	0.9999805414684502
670	23	0.9999662659813617
680	23	0.9999432485108127
690	23	0.9999108593855434
700	23	0.9998601378552272
710	23	0.9997812844992761
720	23	0.9996604546343872
730	23	0.9994725212721308
740	23	0.9991828533601392
750	23	0.9987353123743252
760	23	0.9980443602657465
770	23	0.9969777506096046
780	23	0.9953318983375753
790	23	0.9927937091658818
800	23	0.9888243824259277
810	23	0.9827585723748034
820	23	0.9734165590589711
830	23	0.9590477171389561
840	23	0.9369840747055759
850	23	0.9031612879836626
860	23	0.8513281464426308
870	23	0.7714946609996413
0	24	0.46566023579763943
10	24	-0.11291160487672766
20	24	0.04761725237558375
30	24	0.24544254716784097
40	24	0.8044281750531949
50	24	0.15942106578481738
60	24	-0.8699683661572651
70	24	-0.10080124326508721
80	24	0.17015650273621183
90	24	-0.34398138489651453
100	24	10.382836726826024
110	24	0.03213463377475707
120	24	0.25907347014284504
130	24	0.19533577543578076
140	24	0.19533577543578076
150	24	-0.06955033959833332
160	24	0.44113844049415507
170	24	-0.41502259261340424
180	24	0.4932550303943034
190	24	0.26044208961599197
200	24	0.5290050341615896
210	24	-0.002718305695913206
220	24	0.14331745303195048
230	24	-0.1880580802700218
240	24	0.10586938781483755
250	24	0.1805004434343253
260	24	-0.1544723601708225
270	24	0.5138750796125898
280	24	0.710740554012555
290	24	1.0036135883366961
300	24	0.7619733875291458
310	24	0.9784136864232491
320	24	0.8298371660287062
330	24	1.0994991209367295
340	24	0.9803080944214674
350	24	0.945351032030909
360	24	0.9878682090166361
370	24	1.0907509323992488
380	24	0.9994093618196958
390	24	0.9997015680202138
400	24	0.9959859788491163
410	24	0.9918338244014249
420	24	0.9831180654908181
430	24	0.9887452041541183
440	24	0.9893876914601133
450	24	1.0037677278182333
460	24	0.996869845534324
470	24	1.0014802443782966
480	24	0.9994654438113147
490	24	1.0003527637668828
500	24	0.9987619117131113
510	24	0.9999534477771915
520	24	1.0001058399663052
530	24	1.000318210818649
540	24	1.0001640391989097
550	24	1.0001135116916589
560	24	0.9999926833367769
570	24	1.0000682759434951
580	24	1.0000364810206985
590	24	0.9999921166339202
600	24	1.0000076239559854
610	24	1.000004897582318
620	24	0.9999968373830053
630	24	0.9999909933420177
640	24	0.9999849338162624
650	24	0.9999721514567234
660	24	0.9999603063546679
670	24	0.9999381707451406
680	24	0.9999051147118004
690	24	0.9998530782499983
700	24	0.9997757113970533
710	24	0.9996585770343596
720	24	0.9994801496903762
730	24	0.9992096462840763
740	24	0.9987995470833175
750	24	0.9981776541413334
760	24	0.9972348215801033
770	24	0.995805872499264
780	24	0.9936412247448838
790	24	0.9903644776818908
800	24	0.9853517850337229
810	24	0.9778219294570589
820	24	0.9664511486495732
830	24	0.9493129153939394
840	24	0.9235424316862485
850	24	0.8848798974828991
860	24	0.8268997854894045
870	24	0.7393926493409407
0	25	-0.3302221295006528
10	25	0.15601938391359294
20	25	0.0667683260144127
30	25	-1.0905739192004569
40	25	-0.3218066959362176
50	25	-0.3757837776575236
60	25	-0.15862487961325042
70	25	-0.2989361211048371
80	25	0.215164574553781
90	25	0.05988060298514887
100	25	0.18752234441834817
110	25	-0.021370963420282326
120	25	-0.025443630815710775
130	25	-0.1333025481392242
140	25	0.18617207763869992
150	25	-0.034774941858771606
160	25	-2.4439693285822757
170	25	0.16434283426577104
180	25	-0.28044633127308594
190	25	0.34986386873399994
200	25	-0.07965938154781012
210	25	-0.5727293709754946
220	25	15.362425280022784
230	25	0.5763451663011385
240	25	0.4535112764931732
250	25	0.8964144308267096
260	25	0.4288635817664317
270	25	0.649868275707873
280	25	0.9170512160683142
290	25	1.1874243840332834
300	25	0.8314817441789656
310	25	0.9926060104472666
320	25	1.0087896834901078
330	25	1.0821807704404396
340	25	0.9775072339169854
350	25	0.9723185533110685
360	25	1.0050885359852377
370	25	0.9885674509720754
380	25	1.0041555350332667
390	25	1.0256514570545856
400	25	0.9770489639315008
410	25	0.9879447762022173
420	25	1.002750294864813
430	25	0.9970759694352169
440	25	1.0014458885283029
450	25	0.9975951748711286
460	25	1.0011970291864631
470	25	0.9999896131409941
480	25	1.0006692476292622
490	25	0.999928414134335
500	25	1.0003323032967675
510	25	0.9999472125415768
520	25	0.9999024761968665
530	25	1.0000398745384518
540	25	0.9998977535901211
550	25	0.9999111836632376
560	25	0.9999429528521974
570	25	1.0000095652358925
580	25	0.999997072797216
590	25	0.9999845528876455
600	25	1.0000011686884596
610	25	0.9999919889676834
620	25	0.9999889218580819
630	25	0.9999789129162419
640	25	0.9999700555701855
650	25	0.9999571720277344
660	25	0.9999324137394716
670	25	0.9998984418383762
680	25	0.9998469941396161
690	25	0.9997711204319234
700	25	0.9996570337009206
710	25	0.9994869127151415
720	25	0.9992335225032459
730	25	0.9988554550934389
740	25	0.9982917087121849
750	25	0.997451183648498
760	25	0.9961981620296386
770	25	0.9943311964972876
780	25	0.9915510348038753
790	25	0.987414968174965
800	25	0.981212075847101
810	25	0.9720488887492273
820	25	0.9584674316478216
830	25	0.9383888016263656
840	25	0.9087952148169735
850	25	0.8652998227236797
860	25	0.8013863176645452
870	25	0.7066746949732787
0	26	0.23735246838036927
10	26	0.17917891494923194
20	26	0.1803099465561059
30	26	0.1803099465561059
40	26	-0.11898825251106772
50	26	0.1803099465561059
60	26	0.1803099465561059
70	26	-0.30115176563007207
80	26	0.0017554684727884003
90	26	0.5349264848317365
100	26	-0.11898825251106299
110	26	1.1958518991264553
120	26	-0.4160549223047614
130	26	-1.4078794104929169
140	26	0.44512150100488335
150	26	-0.20655428259725547
160	26	0.17726988069173813
170	26	0.13034201440305443
180	26	0.04967740519344558
190	26	0.3873267452249824
200	26	-0.42468841803548096
210	26	0.3662635147962762
220	26	0.3249572038231647
230	26	1.0508499258074033
240	26	0.6064863629883241
250	26	2.229463361748249
260	26	1.4931308043964873
270	26	1.317923573957925
280	26	1.4241074197228996
290	26	0.9170059435219035
300	26	1.0661138761045674
310	26	1.0021817541422091
320	26	0.9969850640635703
330	26	1.0137409435243248
340	26	0.9887970305853976
350	26	1.0346490925915286
360	26	0.9907088651962488
370	26	0.9762891626404379
380	26	0.9968745420898051
390	26	0.9952766051045737
400	26	1.0039662770264695
410	26	0.9967783843956303
420	26	1.0014365860494014
430	26	0.9998193977472226
440	26	1.000883101048069
450	26	0.998831349285155
460	26	0.9996801759626908
470	26	1.0004712119757893
480	26	1.000498357131825
490	26	1.0002929500420106
500	26	0.9999612042217418
510	26	0.9998172780336698
520	26	1.0000823361088997
530	26	1.0000714770909076
540	26	0.9999678403795784
550	26	1.000010654904301
560	26	1.0000116936120496
570	26	0.9999889651876649
580	26	0.9999931501951266
590	26	0.9999931566615813
600	26	0.9999877522162857
610	26	0.9999850989444116
620	26	0.9999808776896999
630	26	0.9999668699297216
640	26	0.9999507668624678
650	26	0.9999279158043431
660	26	0.9998925654040536
670	26	0.9998408199416235
680	26	0.999766222541301
690	26	0.9996558441286979
700	26	0.999493245243178
710	26	0.9992547301114552
720	26	0.998904487272325
730	26	0.9983901195711704
740	26	0.9976349085862684
750	26	0.9965263125190302
760	26	0.9948996157712383
770	26	0.9925138848891325
780	26	0.9890178445708814
790	26	0.9839009046292091
800	26	0.9763655828956185
810	26	0.9654134498563784
820	26	0.9494671208618817
830	26	0.9263248872819436
840	26	0.8928645462188706
850	26	0.844639232435134
860	26	0.7751115667105422
870	26	0.673712100256417
0	27	0.39316946757081694
10	27	0.17254265884000186
20	27	0.05544500276402631
30	27	0.2768836108858247
40	27	-0.1145812801958458
50	27	0.12773224268010117
60	27	-0.05583509555745114
70	27	-0.11458128019584192
80	27	0.4788418094339225
90	27	-0.32877627204522997
100	27	0.32602665099608175
110	27	0.1380054045481605
120	27	0.027770564379847422
130	27	0.5367892041741422
140	27	0.3027643520768187
150	27	-0.4220603541874252
160	27	0.8653683733588067
170	27	-24.184797461566088
180	27	-8.486140438710724
190	27	0.9328111483487618
200	27	1.4652818420892055
210	27	0.41458556296475124
220	27	0.4697971430252386
230	27	0.8849207839172342
240	27	0.9336709344133857
250	27	1.3048107263437616
260	27	1.0526868612192863
270	27	1.0028745498020852
280	27	0.9811290831337358
290	27	0.9769544954387127
300	27	1.0011799007766051
310	27	0.9973083986409279
320	27	1.082182125193877
330	27	0.9814551496975548
340	27	1.0047913492271656
350	27	0.9833669785742781
360	27	1.018715928080193
370	27	0.9983567652310102
380	27	0.9962247063019403
390	27	1.0041246389190823
400	27	1.0044481685715578
410	27	0.9945003250457173
420	27	1.0011414356491377
430	27	0.9987159569020415
440	27	1.0007853956750883
450	27	0.9999533191293603
460	27	1.0000539598042941
470	27	1.000671047145393
480	27	0.9998042225159638
490	27	1.0000060661630383
500	27	0.9998607407269594
510	27	0.9999653599155869
520	27	1.0000084753587601
530	27	0.9999585420706347
540	27	0.999994617739728
550	27	1.0000153977264905
560	27	0.999982867670375
570	27	1.0000026726032316
580	27	0.9999980210609212
590	27	0.9999861403867255
600	27	0.9999806465878598
610	27	0.9999768770780327
620	27	0.9999647310425677
630	27	0.9999476205117335
640	27	0.9999225200005886
650	27	0.9998877122623702
660	27	0.9998355093575538
670	27	0.9997620137650123
680	27	0.9996543516726972
690	27	0.9994986892342544
700	27	0.999273646542749
710	27	0.9989476255827558
720	27	0.9984756000708873
730	27	0.997792328954646
740	27	0.9968035938667482
750	27	0.9953731211472931
760	27	0.9933047744918994
770	27	0.9903161688101321
780	27	0.9860023708126242
790	27	0.9797853177863916
800	27	0.9707843175860472
810	27	0.9579066033116868
820	27	0.9394750599267574
830	27	0.9131991143920497
840	27	0.8759023815830098
850	27	0.8231390465326066
860	27	0.7484053311356427
870	27	0.6408291942349661
0	28	0.06185430330557742
10	28	0.15987391968673362
20	28	-0.07340510889925356
30	28	0.2953884693513623
40	28	0.10877853563115124
50	28	-0.13094614518444414
60	28	0.2725361878210305
70	28	0.22289133843210593
80	28	0.20753218413596514
90	28	0.1760889801010266
100	28	0.14161851126888791
110	28	-0.14221677621636936
120	28	-0.6981314908193655
130	28	0.3392302172710559
140	28	1.0842602979671379
150	28	0.3103768647722391
160	28	0.3061503462287596
170	28	-8.786860137285839
180	28	1.0737641369474507
190	28	1.4822029147694407
200	28	0.934943652443684
210	28	1.017308109721224
220	28	0.813980540459222
230	28	1.0358718983698565
240	28	0.9294157421697409
250	28	0.9673091962676521
260	28	1.1869758203556109
270	28	0.9917676990026807
280	28	1.0414719922101356
290	28	0.9965539726307724
300	28	0.9647840639074898
310	28	0.9903951387756161
320	28	1.0113308561834609
330	28	1.0259856583456504
340	28	0.9847511628911715
350	28	0.9953753539005968
360	28	0.9977126409661669
370	28	1.0030701875942774
380	28	1.0015586007302386
390	28	1.0028620902494598
400	28	0.9992040216506111
410	28	0.9996296271020382
420	28	1.0007205983012721
430	28	1.0005365015507495
440	28	0.9996947896035616
450	28	0.9997676814972568
460	28	0.9998912403930172
470	28	1.0000054605147
480	28	0.9999164615903665
490	28	0.9999673454066276
500	28	1.000075444071138
510	28	0.9999198798296965
520	28	0.9999533513670739
530	28	0.9999790439893451
540	28	1.000019740472975
550	28	0.9999962280343034
560	28	0.9999993511224367
570	28	0.9999992767762729
580	28	0.9999858494579239
590	28	0.9999779560477864
600	28	0.9999722211684099
610	28	0.9999597037099105
620	28	0.9999433478733969
630	28	0.9999177364912427
640	28	0.9998815153818533
650	28	0.9998304141521293
660	28	0.9997576071153549
670	28	0.999653377481553
680	28	0.9995038565664698
690	28	0.9992905053555851
700	28	0.998985760051826
710	28	0.9985503495670189
720	28	0.9979282843430314
730	28	0.9970399505317971
740	28	0.9957716519042302
750	28	0.9939617571869632
760	28	0.991380666818593
770	28	0.9877032381124258
780	28	0.9824707854779435
790	28	0.9750400221311579
800	28	0.9644532246741672
810	28	0.9495373539167865
820	28	0.9285390357727421
830	28	0.8991154513029711
840	28	0.8580845106900457
850	28	0.8010533143759179
860	28	0.7215972781348042
870	28	0.6086582477889163
0	29	0.05180134764251803
10	29	0.0387233269918342
20	29	0.3897351577990125
30	29	-0.3494110456197983
40	29	0.4565588329037035
50	29	0.19160638911771438
60	29	0.14213712603869977
70	29	-0.05340401685248511
80	29	0.38479399553122495
90	29	0.21909006563902844
100	29	0.12631040032996765
110	29	-0.1494867842067066
120	29	0.23216871822180463
130	29	-16.672456130655075
140	29	-0.3129092643314691
150	29	0.9779279033730827
160	29	0.6810882328024996
170	29	0.7147956437867004
180	29	1.0138307917101135
190	29	0.9889404742781844
200	29	0.9223989529525704
210	29	0.905501110366178
220	29	0.9822571051322196
230	29	0.9122844804987067
240	29	0.9800481474951874
250	29	1.0122432515633717
260	29	1.0012090937340314
270	29	0.9969029165995433
280	29	1.0754749016921228
290	29	0.9964741441213467
300	29	1.0026783171369027
310	29	1.0244757016758448
320	29	1.0022049781302926
330	29	0.9848249737778888
340	29	0.9953194798443724
350	29	1.0072412915142168
360	29	0.9947600560904903
370	29	0.9998208890358303
380	29	0.997012884944986
390	29	0.9997942775262293
400	29	0.9998246027369571
410	29	0.9991345591418533
420	29	1.0007160648337055
430	29	1.0001898813669616
440	29	1.0001186609221866
450	29	1.0000484171989026
460	29	0.9999039502915678
470	29	0.9999874772977065
480	29	0.999942779943425
490	29	1.0000438625403425
500	29	1.0000184612796248
510	29	1.0000038393884065
520	29	0.9999890597936313
530	29	0.9999964923168697
540	29	0.9999886416678359
550	29	0.999991571478181
560	29	0.9999878930085964
570	29	0.9999860981056378
580	29	0.9999801287937281
590	29	0.9999687473016626
600	29	0.9999563954401299
610	29	0.9999380684408405
620	29	0.9999135107130434
630	29	0.9998764655888964
640	29	0.9998257283076223
650	29	0.9997538073313598
660	29	0.9996520874461479
670	29	0.9995082298317625
680	29	0.9993058376203215
690	29	0.9990197239276376
700	29	0.9986160915531818
710	29	0.9980465945858709
720	29	0.9972432006076496
730	29	0.996110239460833
740	29	0.9945131822369798
750	29	0.9922633017103664
760	29	0.9890964885135688
770	29	0.9846444049091366
780	29	0.9783959238504789
790	29	0.9696468293074477
800	29	0.9573712930788655
810	29	0.94033307715801
820	29	0.9167287635436521
830	29	0.8842002337839888
840	29	0.8396035740600944
850	29	0.7786408754380568
860	29	0.6950199965618333
870	29	0.5788508567904368
0	30	0.21840638924409556
10	30	0.2791391869333336
20	30	0.21075204954836904
30	30	0.1349533742179908
40	30	-0.15930923536556052
50	30	0.6099504716102506
60	30	0.16713478095674608
70	30	2.1255676528731113
80	30	0.6144836934766209
90	30	1.1913414159485713
100	30	0.41256628262659206
110	30	0.5243695387418348
120	30	1.0212144168062172
130	30	-1.051667464315881
140	30	1.4116601700300808
150	30	1.0216289264349616
160	30	1.206989571389128
170	30	0.8827448969052905
180	30	0.858922624705284
190	30	0.9811317248106862
200	30	0.9530307904541081
210	30	1.1228288632933883
220	30	1.0366476750976485
230	30	0.9860386038881036
240	30	0.9901967537794462
250	30	0.9957793656253271
260	30	0.9938992300654768
270	30	0.9826018832382493
280	30	1.014678649977366
290	30	0.9822042488872134
300	30	0.999142577655797
310	30	1.003564233482103
320	30	1.0040475858008853
330	30	1.004040380073083
340	30	0.9949082528744726
350	30	0.9967754258969979
360	30	0.9999421145471354
370	30	0.9980400877368836
380	30	1.0011952405710203
390	30	0.9984545909015473
400	30	0.9994111745917568
410	30	1.000275139170231
420	30	1.0001777724587082
430	30	1.000103565933006
440	30	1.000036308626109
450	30	1.0000902253195567
460	30	1.0000117893509355
470	30	0.9999398402173585
480	30	0.9999899027356568
490	30	1.0000230132733452
500	30	1.000009267267671
510	30	1.000001942149909
520	30	0.9999860809637247
530	30	1.0000011703870904
540	30	0.9999910977739312
550	30	0.999990762739726
560	30	0.9999839340552792
570	30	0.9999763790620335
580	30	0.9999671690434494
590	30	0.9999526452243853
600	30	0.9999346771081821
610	30	0.9999088453033151
620	30	0.9998718729780124
630	30	0.9998209361257594
640	30	0.999750141086852
650	30	0.999650899329803
660	30	0.999512449502781
670	30	0.9993193868947657
680	30	0.9990500379130756
690	30	0.9986742600537764
700	30	0.9981501866862219
710	30	0.997419324644749
720	30	0.996400385832114
730	30	0.9949803947685574
740	30	0.9930027205685826
750	30	0.9902504986689216
760	30	0.9864245647176464
770	30	0.9811140930808547
780	30	0.9737583610421199
790	30	0.9635985737200127
800	30	0.9495522447052366
810	30	0.9303393265201582
820	30	0.9041338434294522
830	30	0.8685975626332445
840	30	0.8206620415411948
850	30	0.7561599506838688
860	30	0.6690294467668467
870	30	0.5528273185258307
0	31	0.10862664943381321
10	31	0.08557183095830337
20	31	-0.614151460294638
30	31	0.017877167521490336
40	31	0.8001542723442439
50	31	-0.3215679335357768
60	31	3.231224688603778
70	31	1.0729886261904942
80	31	0.8258022168725071
90	31	1.244958764360584
100	31	1.0579855334303367
110	31	0.8502854066323532
120	31	0.734993482756685
130	31	0.8616711786757192
140	31	1.0084339310240322
150	31	1.1021399692970995
160	31	0.9203954653114649
170	31	0.8804254790878605
180	31	1.0078598457458072
190	31	1.0023658681141474
200	31	0.9671218429228321
210	31	0.9997820458856779
220	31	0.9683289849252696
230	31	1.030754925169238
240	31	1.0138932596452377
250	31	0.9425840732160116
260	31	0.9959200341572775
270	31	1.0022028267138867
280	31	0.984970104331353
290	31	1.005726706178581
300	31	0.9971612668664742
310	31	0.9946848002256498
320	31	1.0084355564660263
330	31	1.0000756316800834
340	31	1.0010547172141635
350	31	0.9988308000780749
360	31	1.0009846549370156
370	31	1.0010286567293831
380	31	1.000023278832046
390	31	0.9996234757161329
400	31	1.0001052575069205
410	31	0.9997663325457129
420	31	0.9999736613261628
430	31	0.9998717829332914
440	31	1.0000253118009008
450	31	1.0000426024288527
460	31	1.0000936029266128
470	31	0.9999944028410703
480	31	0.9999975809589386
490	31	1.0000041885201483
500	31	0.9999976756861271
510	31	0.9999908303062864
520	31	0.9999973491350599
530	31	0.9999828680020852
540	31	0.9999849899362911
550	31	0.9999799538321478
560	31	0.9999733220123546
570	31	0.9999636131648516
580	31	0.999949621053085
590	31	0.99993009588761
600	31	0.9999040006601038
610	31	0.9998670959139963
620	31	0.9998160434842908
630	31	0.9997467539333535
640	31	0.9996494502125863
650	31	0.9995159367881757
660	31	0.9993317473554285
670	31	0.9990772641296956
680	31	0.9987260583907994
690	31	0.998241528699467
700	31	0.9975730048238296
710	31	0.9966509559576652
720	31	0.9953797457177219
730	31	0.9936280505886719
740	31	0.991216109988217
750	31	0.9878984188075183
760	31	0.9833411194467209
770	31	0.9770927471361617
780	31	0.9685473446311689
790	31	0.9568998420658521
800	31	0.9410246551184421
810	31	0.9196187355882601
820	31	0.890860851340728
830	31	0.8524641308715102
840	31	0.8014658853847209
850	31	0.733867479205078
860	31	0.6440605042675521
870	31	0.5308387920304647
0	32	0.1523519771889695
10	32	0.17752914213646784
20	32	0.2108996979434437
30	32	0.13595484114919817
40	32	0.3479483787768541
50	32	0.2889433731101468
60	32	11.95699279528414
70	32	2.303119577772163
80	32	0.9624064730337498
90	32	2.758765978744139
100	32	0.9090229602667099
110	32	0.8971200456061285
120	32	0.8288349486189475
130	32	1.0536691579399946
140	32	0.99366988871212
150	32	1.1047740531937689
160	32	0.9202393276660472
170	32	0.9241226571150772
180	32	1.0317711565052603
190	32	0.983725069701139
200	32	0.9430013357234142
210	32	1.036046104148421
220	32	0.9948039968466317
230	32	0.976932438477844
240	32	0.9998205647848201
250	32	0.9959177441887095
260	32	1.0014179640390146
270	32	1.0012086947720051
280	32	0.9997349742056366
290	32	0.9947140920123855
300	32	0.9920310975770166
310	32	0.9963378052165773
320	32	1.0020667918100243
330	32	0.9983587786730669
340	32	0.9995059885360609
350	32	1.0004755685351634
360	32	0.9999927109244208
370	32	0.9999492615318616
380	32	1.0004358955698456
390	32	1.0001191728237557
400	32	1.0000402952337337
410	32	1.0000434630857646
420	32	0.9999770999376161
430	32	1.000035117394161
440	32	1.0000065761443344
450	32	1.0000220803175641
460	32	0.999959669010532
470	32	0.9999927424452287
480	32	0.9999896144588143
490	32	0.9999940277819155
500	32	0.9999901191895945
510	32	0.9999887378104974
520	32	0.9999931971097133
530	32	0.9999833672447407
540	32	0.9999796613451861
550	32	0.9999719545620427
560	32	0.9999601507786793
570	32	0.9999452442912881
580	32	0.9999266402391729
590	32	0.9998997340492624
600	32	0.9998625377210927
610	32	0.9998116927338838
620	32	0.9997430831623725
630	32	0.9996483716464083
640	32	0.9995191005791513
650	32	0.9993428796159884
660	32	0.9991017226042248
670	32	0.9987723492658784
680	32	0.9983225157059512
690	32	0.9977080274052744
700	32	0.9968689768165461
710	32	0.9957237805552968
720	32	0.9941614851312777
730	32	0.9920316826162644
740	32	0.989130929877853
750	32	0.9851851906241413
760	32	0.9798271190943251
770	32	0.9725676545444384
780	32	0.9627615103087831
790	32	0.9495673056149726
800	32	0.9318315377255088
810	32	0.9082493110538232
820	32	0.8770297553925854
830	32	0.8359639186545366
840	32	0.7822200223939214
850	32	0.7120253333099389
860	32	0.6207277664753424
870	32	0.5155673368313706
0	33	1.7381815120794025e-15
10	33	0.1483453451938094
20	33	0.7111669441766914
30	33	0.32645145664312464
40	33	0.5190417161155731
50	33	10.90437426381705
60	33	0.6868799913944317
70	33	0.7812672919817422
80	33	0.6938782431397662
90	33	0.9174237102271111
100	33	0.9984604308616082
110	33	1.112289006249063
120	33	0.8842104001429176
130	33	0.9113008268835099
140	33	1.1179231426161398
150	33	0.9972296868645473
160	33	0.9898582253638912
170	33	0.9378609552764027
180	33	0.9993532154311712
190	33	1.0120370479458483
200	33	0.9713812447733132
210	33	0.945404345706837
220	33	0.9930097854659877
230	33	1.0004268329821076
240	33	0.9990940112368578
250	33	1.0015962188471734
260	33	0.9889123414548541
270	33	0.9994596852831947
280	33	1.0011808906091795
290	33	0.999409805657431
300	33	0.9971109160171375
310	33	1.0001831774170877
320	33	0.9980367119079084
330	33	1.00055954127195
340	33	0.9997907556604251
350	33	1.0000403934282553
360	33	1.0000542577132898
370	33	1.0000714120862966
380	33	1.0000887393493907
390	33	1.0000727797329954
400	33	1.0001020358342048
410	33	0.999993791773123
420	33	0.9999016431672683
430	33	0.9999761307357723
440	33	0.9999582235406621
450	33	1.0000119526444846
460	33	1.0000071709837879
470	33	1.0000070272675055
480	33	0.9999950012071916
490	33	0.9999958383555605
500	33	0.9999898004039953
510	33	0.9999881111216774
520	33	0.9999793942106939
530	33	0.999978095460338
540	33	0.9999698864103913
550	33	0.9999571842652577
560	33	0.999942905845958
570	33	0.9999221275592773
580	33	0.9998954592939273
590	33	0.9998575395700384
600	33	0.9998072888294187
610	33	0.9997396730592129
620	33	0.9996470935496188
630	33	0.9995220759222077
640	33	0.9993529415825767
650	33	0.9991238513314878
660	33	0.9988140232179246
670	33	0.9983947071547206
680	33	0.997827267001219
690	33	0.9970598981827175
700	33	0.9960223203658772
710	33	0.9946201312629476
720	33	0.9927264156315927
730	33	0.9901711119088246
740	33	0.986727141122998
750	33	0.9820926579347778
760	33	0.9758689645511429
770	33	0.9675336430546487
780	33	0.9564093520648689
790	33	0.9416297044864332
800	33	0.9220293727446337
810	33	0.896322077660037
820	33	0.8627699528458337
830	33	0.8192634244390078
840	33	0.763126445254972
850	33	0.6909160548034946
860	33	0.5998956603896809
870	33	0.5124387834592078
0	34	0.0676219285538744
10	34	0.40831801292384756
20	34	0.495430054840805
30	34	1.9890423903287182
40	34	0.5752010111527031
50	34	0.7167493962353022
60	34	0.9147210902604778
70	34	1.3030939580258287
80	34	0.8590690152146709
90	34	0.9600662410277452
100	34	1.0391342482530335
110	34	1.0262938353916817
120	34	0.9787539834182339
130	34	0.9606657611704992
140	34	0.9888256977410087
150	34	1.0752548159553421
160	34	1.0185091825006345
170	34	1.002024297120451
180	34	0.9716894868510411
190	34	1.0232499730390472
200	34	1.0027976285098616
210	34	1.003515622412283
220	34	1.0177370479054573
230	34	0.9934536427592086
240	34	0.9946715212219984
250	34	0.9964669153638015
260	34	0.9960319694878107
270	34	1.0005810681251786
280	34	1.0001598531809384
290	34	1.0010720960974941
300	34	1.0003477792659705
310	34	0.9993707172302363
320	34	0.9998495257740155
330	34	0.9999231755673532
340	34	1.0004732920915302
350	34	1.0000373049090594
360	34	1.0000040473269833
370	34	0.9999403234845164
380	34	1.00006075762962
390	34	0.999915062064514
400	34	0.9999545546455942
410	34	0.9999777490185638
420	34	0.9999864294866693
430	34	0.9999817227034805
440	34	0.9999984213277062
450	34	0.9999841223382744
460	34	0.9999837691252874
470	34	0.9999936668405109
480	34	0.9999985599274841
490	34	0.9999849319638182
500	34	0.9999872877991707
510	34	0.9999801277458962
520	34	0.9999753959515674
530	34	0.9999652545886386
540	34	0.9999553432564975
550	34	0.999938891052447
560	34	0.9999182158531562
570	34	0.999890311194722
580	34	0.9998534428442157
590	34	0.9998028724624928
600	34	0.9997360758540247
610	34	0.9996456611421154
620	34	0.9995246069079537
630	34	0.9993619545775216
640	34	0.9991440685699778
650	34	0.9988515287505388
660	34	0.9984592871079243
670	34	0.9979332662568323
680	34	0.9972281318748158
690	34	0.9962831540501622
700	34	0.9950173465075045
710	34	0.9933228890724783
720	34	0.9910563945887292
730	34	0.9880280761294656
740	34	0.9839876589376197
750	34	0.9786070121372177
760	34	0.971459121344418
770	34	0.9619935661365585
780	34	0.9495093936327029
790	34	0.9331273607373952
800	34	0.9116866889296311
810	34	0.8839382446743895
820	34	0.8482162546699877
830	34	0.8025279870558225
840	34	0.7443860803225151
850	34	0.6708711682780244
860	34	0.5826328714509216
870	34	0.5255431762420975
0	35	-0.014650691236398204
10	35	0.30274838082331773
20	35	0.4578497461403468
30	35	0.4329136631992871
40	35	0.7306544394850526
50	35	0.7602480228943739
60	35	0.8479371001031281
70	35	0.90236477912089
80	35	0.934962902300304
90	35	0.9449660746464923
100	35	0.982811281787723
110	35	0.9966523105096419
120	35	1.048767859846398
130	35	1.0365634397698988
140	35	1.0405630860546256
150	35	0.9853604452630972
160	35	1.0182685802354319
170	35	1.000856323833484
180	35	0.9892615025025162
190	35	0.9887824660608745
200	35	0.9982581020710148
210	35	1.003733476665971
220	35	0.9959645876948733
230	35	0.9956176308428825
240	35	1.0035035490452098
250	35	1.0040842949982736
260	35	0.9994564308939324
270	35	1.000277544178639
280	35	1.0019357051478197
290	35	0.999822047563475
300	35	1.0004988955423795
310	35	0.9994516221358312
320	35	0.9999345627950849
330	35	0.9996285038557519
340	35	1.0001352548479714
350	35	1.000124520423591
360	35	0.9999081975735841
370	35	0.9998835960766046
380	35	1.0000039821333586
390	35	1.0000432717787888
400	35	0.999942393787892
410	35	1.0000083798027914
420	35	1.0000177752851296
430	35	0.9999834335501557
440	35	1.0000082834178967
450	35	0.9999888441298911
460	35	0.9999948468507
470	35	0.9999905121237298
480	35	0.9999934182162962
490	35	0.9999857493314959
500	35	0.9999772052255144
510	35	0.9999753705371294
520	35	0.9999621017162014
530	35	0.9999519207951183
540	35	0.9999355302430576
550	35	0.9999148497272755
560	35	0.9998875328413325
570	35	0.9998486910415589
580	35	0.9997993188724941
590	35	0.9997329307965226
600	35	0.9996443429788179
610	35	0.9995267515216205
620	35	0.9993703446015223
630	35	0.999162379179665
640	35	0.9988854803064395
650	35	0.9985174255831405
660	35	0.9980279390324263
670	35	0.99737719642188
680	35	0.9965124231624104
690	35	0.9953637185156855
700	35	0.9938387083899592
710	35	0.9918157092549968
720	35	0.989134776035114
730	35	0.9855866513761891
740	35	0.9808989036790549
750	35	0.9747193502597973
760	35	0.9665966114196608
770	35	0.955958595229193
780	35	0.9420900331177118
790	35	0.9241112891310522
800	35	0.9008820248481804
810	35	0.8712061252868302
820	35	0.8335052277011773
830	35	0.7859197988920248
840	35	0.7262053814534057
850	35	0.6523132862144845
860	35	0.5703164349865961
870	35	0.5556722109906383
0	36	0.02617937135910935
10	36	0.2994778463800051
20	36	0.529976333086693
30	36	0.7192413869325743
40	36	0.8663780943221695
50	36	0.8830405697758055
60	36	0.9045839498503676
70	36	1.0016114035965753
80	36	0.9462307372105108
90	36	0.9824597168571516
100	36	1.015489707845117
110	36	1.0013052328797476
120	36	0.9979543498399803
130	36	0.9815665962946097
140	36	1.0059489282913947
150	36	1.0088379150875288
160	36	0.9754022526816826
170	36	0.982802352875618
180	36	0.9919445946483568
190	36	1.0040923884109056
200	36	0.9989669053306893
210	36	0.9971465002336529
220	36	1.00066051480321
230	36	0.9970910362888394
240	36	0.9980900685392537
250	36	0.9975415418039857
260	36	0.998158149853992
270	36	1.0001837166974659
280	36	0.9992077135515682
290	36	1.000101559117091
300	36	1.0000561190338761
310	36	1.000112638342445
320	36	1.000292991016115
330	36	1.000155381888831
340	36	1.0000544499066641
350	36	1.0000558110982531
360	36	1.0000881367250396
370	36	1.00004530278758
380	36	1.0000072505156767
390	36	0.9999710789723105
400	36	0.9999933567632152
410	36	0.9999911562383291
420	36	0.9999882252352346
430	36	0.9999972335868909
440	36	0.999992391480623
450	36	0.9999923065484451
460	36	0.9999923079828266
470	36	0.9999877090981366
480	36	0.9999862034488195
490	36	0.9999780549796591
500	36	0.9999691011240988
510	36	0.9999618114475811
520	36	0.9999487993189384
530	36	0.9999331237631333
540	36	0.9999119451276228
550	36	0.9998821132000186
560	36	0.9998449008355789
570	36	0.9997952570402628
580	36	0.9997297743886399
590	36	0.9996432012690619
600	36	0.999529023748314
610	36	0.9993780622257517
620	36	0.9991790496198638
630	36	0.9989164899556231
640	36	0.9985699472545543
650	36	0.9981128275839283
660	36	0.9975099789003479
670	36	0.9967151165380447
680	36	0.9956675908912365
690	36	0.9942877786540066
700	36	0.9924716234302489
710	36	0.990083421551368
720	36	0.9869467929628071
730	36	0.9828337152617698
740	36	0.9774512675324409
750	36	0.9704261256602322
760	36	0.9612873482434727
770	36	0.9494482613374665
780	36	0.9341890611702913
790	36	0.9146418819249973
800	36	0.8897017464669738
810	36	0.8582380145175992
820	36	0.8187722933228866
830	36	0.769598167171322
840	36	0.7088086600021888
850	36	0.6358052028203938
860	36	0.5649404994917133
870	36	0.6009126395573283
0	37	0.035725768904524446
10	37	0.250122619061104
20	37	0.5397904650588976
30	37	0.7313023732699024
40	37	0.8353478250903597
50	37	0.8687564461302687
60	37	0.9609236430701582
70	37	0.9536201514399757
80	37	0.9676686898257568
90	37	1.0331288152010603
100	37	1.0014582012025617
110	37	1.0183629778832781
120	37	1.0000105812663533
130	37	1.0246166485455643
140	37	1.0263952813340127
150	37	0.9998470770390105
160	37	0.9946706877884902
170	37	1.0096454087773639
180	37	1.0036293268378231
190	37	1.0034851844119341
200	37	0.9975477805283158
210	37	1.0000602914957488
220	37	0.9991750536053089
230	37	0.9995462831102221
240	37	0.9994675037953233
250	37	1.0011024435861948
260	37	1.0003673810975153
270	37	0.9995933868761606
280	37	1.0003058784867367
290	37	0.9999787663055387
300	37	0.9999837905585902
310	37	1.000264028971002
320	37	1.0000704604559885
330	37	0.9999326179386083
340	37	0.9999505552734453
350	37	0.9998987203160921
360	37	0.9999563126120644
370	37	0.9999860179668141
380	37	0.9999949634980246
390	37	1.0000147385466538
400	37	1.0000083540105915
410	37	0.9999938426440846
420	37	0.9999936923265013
430	37	1.0000035026091385
440	37	0.9999965596360654
450	37	0.9999885956935671
460	37	0.9999837418171019
470	37	0.9999820315480784
480	37	0.9999760710654684
490	37	0.9999693390445095
500	37	0.9999585749910906
510	37	0.9999455367392441
520	37	0.999929993690189
530	37	0.999907533508199
540	37	0.9998784100969359
550	37	0.9998405023898709
560	37	0.9997911097205355
570	37	0.9997266413066701
580	37	0.9996418878896461
590	37	0.9995305787409311
600	37	0.9993851336007764
610	37	0.9991944390537988
620	37	0.9989447065944697
630	37	0.9986176212432365
640	37	0.9981893712634846
650	37	0.9976288323468769
660	37	0.9968952466096316
670	37	0.9959356869283535
680	37	0.9946811287799135
690	37	0.9930419986903096
700	37	0.9909023347616183
710	37	0.9881124086434081
720	37	0.9844799505698906
730	37	0.9797594119177626
740	37	0.9736395440208636
750	37	0.9657295257078441
760	37	0.955544284087418
770	37	0.9424902273653228
780	37	0.9258528348447068
790	37	0.9047872745381047
800	37	0.8782375701289552
810	37	0.8451474065853521
820	37	0.804149946667369
830	37	0.7537225554227399
840	37	0.6924569080309637
850	37	0.6220902998479261
860	37	0.5688581221173389
870	37	0.6577389737375567
0	38	0.0061462886221317235
10	38	0.28196316564682955
20	38	0.4875068984811777
30	38	0.6540362622914196
40	38	0.8189052684704643
50	38	0.8645598753847602
60	38	0.9174024833837792
70	38	0.9526207658139526
80	38	0.989826670795583
90	38	0.9707125462291569
100	38	1.0104922246121606
110	38	0.9906188264705611
120	38	0.99288804020762
130	38	1.0018559761785002
140	38	0.9930828855867131
150	38	0.9844936487782324
160	38	0.989179476972958
170	38	0.9979985592057335
180	38	0.994849732641981
190	38	0.9979495801683196
200	38	0.9964731405369317
210	38	1.0012103181786063
220	38	0.9994188635431631
230	38	0.9999231309128118
240	38	0.9996606421013035
250	38	0.9999463667039615
260	38	1.0002151502867038
270	38	1.0006165065702377
280	38	1.000039481228949
290	38	1.0001914227632551
300	38	1.0000923344256636
310	38	0.9999222924719179
320	38	0.999983315500063
330	38	0.9999787751480452
340	38	0.9999660169615716
350	38	1.0000077542408434
360	38	0.9999586685899984
370	38	1.0000321375065249
380	38	0.9999942488236852
390	38	0.9999915576550684
400	38	0.9999851372709121
410	38	0.9999782986516449
420	38	0.9999947866717666
430	38	0.9999911773878728
440	38	0.9999860776267145
450	38	0.9999841302424813
460	38	0.99997959525118
470	38	0.9999708488572492
480	38	0.9999640682922945
490	38	0.9999571360540127
500	38	0.9999433306965172
510	38	0.9999266700710968
520	38	0.9999031379859589
530	38	0.9998744799357402
540	38	0.9998364910642441
550	38	0.9997875022717079
560	38	0.9997237683254522
570	38	0.9996403975855003
580	38	0.9995322876176899
590	38	0.9993915308002874
600	38	0.9992085766804139
610	38	0.9989704576395999
620	38	0.9986610059973976
630	38	0.9982586299124795
640	38	0.9977356747059657
650	38	0.9970561260032802
660	38	0.9961735007375572
670	38	0.9950276522190411
680	38	0.9935410288477271
690	38	0.9916138540555899
700	38	0.9891182249979255
710	38	0.9858908588460583
720	38	0.981724432075887
730	38	0.9763575105050292
740	38	0.9694632885022797
750	38	0.9606376486008603
760	38	0.9493873716493371
770	38	0.9351197998544635
780	38	0.9171351631595392
790	38	0.8946214702596659
800	38	0.8665841575867614
810	38	0.8320466818995833
820	38	0.7897674435494302
830	38	0.7384588301656145
840	38	0.6774729534647064
850	38	0.6121205055473612
860	38	0.5838391931162424
870	38	0.7220616660355221
0	39	0.008919828170472743
10	39	0.25514798505585784
20	39	0.4774819222977853
30	39	0.6844183956295776
40	39	0.7760419182170714
50	39	0.8631561809546742
60	39	0.9148394041182588
70	39	0.9417935247722343
80	39	0.958028012313178
90	39	0.9825218229429004
100	39	0.9819247800714205
110	39	1.013028188092448
120	39	0.9940659171682625
130	39	1.0009156495229146
140	39	0.99795324270473
150	39	1.0005543523294567
160	39	0.9981648219843569
170	39	0.9995135290155956
180	39	0.9999469658727345
190	39	1.0004456167226932
200	39	0.9975712360648843
210	39	1.000964017749715
220	39	0.9994109097573286
230	39	1.0000636158927247
240	39	1.0002233518229857
250	39	0.9996528414945614
260	39	0.9998476167401721
270	39	0.9999667449193014
280	39	0.9999970019991987
290	39	1.0000737006766547
300	39	1.0000989423969846
310	39	1.000140768845861
320	39	1.0000328094994255
330	39	1.000046739015481
340	39	0.9999477975559962
350	39	0.9999936323848317
360	39	0.9999916569436422
370	39	0.9999745086641819
380	39	0.9999989587631011
390	39	0.9999892605666921
400	39	1.0000003067943302
410	39	0.9999931324348214
420	39	0.9999912655016245
430	39	0.9999864484967633
440	39	0.9999782676738919
450	39	0.9999769251669799
460	39	0.9999694895301504
470	39	0.99996537242694
480	39	0.999953229918132
490	39	0.9999403023088159
500	39	0.9999228302903064
510	39	0.9998997199749637
520	39	0.9998704083362225
530	39	0.9998323590399343
540	39	0.9997837848554764
550	39	0.9997207837859629
560	39	0.9996389632410999
570	39	0.9995337258397414
580	39	0.99939754890101
590	39	0.9992214780167054
600	39	0.9989941702970051
610	39	0.998700708329637
620	39	0.998321509161254
630	39	0.9978321034986058
640	39	0.9972004643314181
650	39	0.9963854999505802
660	39	0.995334547028744
670	39	0.993980086685156
680	39	0.9922357908463271
690	39	0.9899917058274212
700	39	0.9871082614058714
710	39	0.9834092008546886
720	39	0.9786734285230086
730	39	0.9726257358402128
740	39	0.9649270346124416
750	39	0.9551645833203943
760	39	0.942843285630412
770	39	0.9273791961717235
780	39	0.9080959480201537
790	39	0.8842223551733539
800	39	0.8548368976927938
810	39	0.8190456152197196
820	39	0.7757522543747997
830	39	0.7239890764135996
840	39	0.6642704846977893
850	39	0.6070729530978975
860	39	0.6103335545321251
870	39	0.790171293029588
0	40	0.00597636668501751
10	40	0.25373597781030266
20	40	0.4673333848730627
30	40	0.6331040882383017
40	40	0.7585906948657984
50	40	0.807866220820085
60	40	0.9068740004195863
70	40	0.9455403401722621
80	40	0.9736363359300588
90	40	0.995586262256449
100	40	0.98435348653537
110	40	0.996286749278068
120	40	0.9948270042288686
130	40	0.9960237734759895
140	40	0.994205130920732
150	40	0.9983524456920919
160	40	0.999323099669669
170	40	1.0016069595612522
180	40	0.9998337080077561
190	40	0.9981605799233823
200	40	1.0004084575256147
210	40	0.9995248445762419
220	40	0.9999797356274938
230	40	1.000085133014182
240	40	0.9998109699499051
250	40	0.9999909697088086
260	40	1.0000914048856544
270	40	1.0000242612269137
280	40	1.0000649596328839
290	40	0.9998477172390094
300	40	0.9999231232717328
310	40	1.0000196047972392
320	40	1.0000386845090998
330	40	1.000013573203933
340	40	0.999973931637298
350	40	1.0000054192813335
360	40	1.0000031600922934
370	40	0.9999884578964414
380	40	0.9999853317027353
390	40	1.0000013457074757
400	40	0.9999915271825353
410	40	0.9999900904306933
420	40	0.999983432332703
430	40	0.9999836175233351
440	40	0.9999770207282965
450	40	0.9999712708990691
460	40	0.999961493100308
470	40	0.9999507412500566
480	40	0.9999360813023787
490	40	0.999917353309003
500	40	0.9998962801560869
510	40	0.9998660753631826
520	40	0.9998288509129918
530	40	0.9997804284366326
540	40	0.999717850812229
550	40	0.9996378145384046
560	40	0.9995349893724341
570	40	0.9994028899524932
580	40	0.9992334938287841
590	40	0.9990160312581726
600	40	0.9987368853707733
610	40	0.9983789069813458
620	40	0.9979195414453177
630	40	0.9973304847444006
640	40	0.9965753493526841
650	40	0.9956076796892089
660	40	0.99436844376428
670	40	0.9927824940676148
680	40	0.9907547893126664
690	40	0.9881652709317332
700	40	0.9848632086090982
710	40	0.9806603448116761
720	40	0.9753234243586751
730	40	0.9685660237361915
740	40	0.9600404311015123
750	40	0.9493302877299452
760	40	0.9359449567816305
770	40	0.9193165596808704
780	40	0.8987996636713567
790	40	0.8736697507199
800	40	0.8430901284640461
810	40	0.8062508987506999
820	40	0.7622335012309396
830	40	0.7105250435308772
840	40	0.653381064501839
850	40	0.6082824736099819
860	40	0.6473983522652534
870	40	0.8592850948006172
0	41	0.0025238169565999077
10	41	0.2470963999024192
20	41	0.450714134517276
30	41	0.6137740115218928
40	41	0.7520217982021496
50	41	0.8383081217519365
60	41	0.8855042873870733
70	41	0.9305978947772939
80	41	0.9695141092312727
90	41	0.9691742489551153
100	41	0.978828174322244
110	41	0.9865278509136943
120	41	0.99324961632857
130	41	0.9953902939957341
140	41	0.997149723046314
150	41	0.9997019464233313
160	41	0.9990253517133196
170	41	0.9998081516954783
180	41	0.9994366647274308
190	41	1.0001526399409912
200	41	1.0002230106105723
210	41	1.0004838129435154
220	41	1.0002322297432185
230	41	0.9998090791260986
240	41	0.9998647909880918
250	41	1.0000552098306292
260	41	0.9999924614536191
270	41	0.999953356517782
280	41	0.9998743473177113
290	41	1.0000524285430918
300	41	0.9999411581875695
310	41	1.0000125147226706
320	41	0.9999771339548331
330	41	0.9999996402108959
340	41	0.9999939961055951
350	41	1.0000036802072918
360	41	0.999995553830948
370	41	0.9999944553670177
380	41	0.9999861531944196
390	41	0.9999911490081869
400	41	0.9999893556569852
410	41	0.9999795020523266
420	41	0.999984836345126
430	41	0.9999735200346654
440	41	0.9999676685055272
450	41	0.9999606449037612
460	41	0.9999483746780499
470	41	0.9999337784240077
480	41	0.9999156480683151
490	41	0.9998922490086913
500	41	0.9998629585534454
510	41	0.9998251663995162
520	41	0.9997766541726415
530	41	0.999715120425618
540	41	0.9996364929568187
550	41	0.9995361041411791
560	41	0.9994078842645617
570	41	0.999244636234393
580	41	0.9990361680906324
590	41	0.9987702560604618
600	41	0.9984312856203069
610	41	0.9979990941468793
620	41	0.9974481128337603
630	41	0.9967460622997119
640	41	0.9958518797785549
650	41	0.9947136133343513
660	41	0.9932655641380154
670	41	0.9914251021636549
680	41	0.9890883994839849
690	41	0.9861257299885078
700	41	0.9823759096843171
710	41	0.9776399681377113
720	41	0.9716744663206348
730	41	0.96418465713769
740	41	0.9548182127544698
750	41	0.9431603021994512
760	41	0.9287308977072448
770	41	0.9109848410095067
780	41	0.8893137798031803
790	41	0.8630436775073465
800	41	0.8314358985731631
810	41	0.7937668206295629
820	41	0.7493475746474796
830	41	0.6983246611742681
840	41	0.6454704508036683
850	41	0.6169884496233158
860	41	0.6930868584500772
870	41	0.9275859336780226
0	42	-0.00037449390726537426
10	42	0.2337619407796054
20	42	0.44637036282882536
30	42	0.6002970830017315
40	42	0.726878657599857
50	42	0.8327153920227057
60	42	0.8903254472139508
70	42	0.9251510397204793
80	42	0.958328417540833
90	42	0.9697295285222444
100	42	0.9824095263807637
110	42	0.9907925335579912
120	42	0.9925115289867712
130	42	0.995544126565384
140	42	0.9967744485924679
150	42	0.9986551645692674
160	42	0.9984880706618824
170	42	0.9996968483746834
180	42	0.9996528890976648
190	42	1.0002290920413301
200	42	1.0000414457021018
210	42	0.9998341701118836
220	42	0.9996291964210603
230	42	0.9999576041801255
240	42	0.9999588234562187
250	42	0.999920552004984
260	42	0.9999932048076842
270	42	1.000008054995082
280	42	0.9999504493754326
290	42	0.9999445615339254
300	42	1.0000323279896088
310	42	0.9999974042641051
320	42	0.9999865706700723
330	42	0.9999896895082785
340	42	0.9999985434102842
350	42	0.9999893243606037
360	42	0.9999923068375469
370	42	0.9999961864899451
380	42	0.9999913572964115
390	42	0.9999864574120697
400	42	0.9999810959102239
410	42	0.9999781319971219
420	42	0.9999719327164079
430	42	0.9999657029958414
440	42	0.9999571742101738
450	42	0.9999460018061745
460	42	0.9999311833553045
470	42	0.9999122911444777
480	42	0.9998891359984321
490	42	0.9998590043731499
500	42	0.9998211004748249
510	42	0.9997732337730945
520	42	0.9997124224111242
530	42	0.9996349458906861
540	42	0.999537141545376
550	42	0.9994126144060809
560	42	0.99925485934824
570	42	0.9990547480324258
580	42	0.9988010752683889
590	42	0.9984793961318748
600	42	0.9980716756404155
610	42	0.9975548908267436
620	42	0.9969002041370871
630	42	0.9960711716614611
640	42	0.9950218236346736
650	42	0.9936945173567373
660	42	0.9920169795237327
670	42	0.9898989699898192
680	42	0.9872282614091215
690	42	0.9838660145560412
700	42	0.9796415532765912
710	42	0.9743467524712912
720	42	0.9677303022659752
730	42	0.9594923317860076
740	42	0.9492800625554465
750	42	0.936685300500418
760	42	0.9212443624863467
770	42	0.9024405336573663
780	42	0.8797072234633277
790	42	0.8524230046903416
800	42	0.8199634612343683
810	42	0.7816972821619534
820	42	0.7372459507610601
830	42	0.6877099105386247
840	42	0.6413328900824111
850	42	0.6339677567645567
860	42	0.7450026641143077
870	42	0.9939890171967561
0	43	0.0006934129290631452
10	43	0.2294495614658929
20	43	0.4333223100126676
30	43	0.6014505138155049
40	43	0.7198640205092172
50	43	0.8216853877387145
60	43	0.8868946039863411
70	43	0.9213885979484456
80	43	0.9520521160225569
90	43	0.9717634614214278
100	43	0.9804273292884335
110	43	0.988363832953638
120	43	0.9930640531721733
130	43	0.9955556382950731
140	43	0.9957913155357782
150	43	0.9977567022153583
160	43	0.9983716200195423
170	43	0.9990847762807558
180	43	0.9993730434795685
190	43	0.9997371532703558
200	43	1.0000977287738348
210	43	1.000077202637651
220	43	0.999935674996965
230	43	0.9999409549778127
240	43	0.9999197212119988
250	43	1.0000516754721132
260	43	0.9999575560715782
270	43	0.999972836178419
280	43	1.0000194904147135
290	43	0.9999969967085767
300	43	0.9999860974171375
310	43	1.0000179978063264
320	43	0.9999803033970418
330	43	0.9999968099907953
340	43	0.9999898320160956
350	43	0.9999949765281076
360	43	0.9999892520338293
370	43	0.9999893274863316
380	43	0.999986025261507
390	43	0.9999828438974913
400	43	0.9999772275360808
410	43	0.9999708209779875
420	43	0.9999624025832933
430	43	0.9999560033742442
440	43	0.9999442351821737
450	43	0.999927680374771
460	43	0.9999090084089665
470	43	0.9998853288129812
480	43	0.9998554389029791
490	43	0.9998176708150793
500	43	0.9997700504907735
510	43	0.9997096739044219
520	43	0.9996335790819898
530	43	0.9995377704705313
540	43	0.9994169357274085
550	43	0.9992644686527083
560	43	0.9990720394642871
570	43	0.9988295311599255
580	43	0.998523690888472
590	43	0.9981381457436527
600	43	0.9976521711349831
610	43	0.9970399227990433
620	43	0.9962688463964091
630	43	0.9952982211213054
640	43	0.9940771080092928
650	43	0.9925421100852779
660	43	0.9906143256627602
670	43	0.988196205805686
680	43	0.985167504616388
690	43	0.9813810225365158
700	43	0.9766578582175696
710	43	0.9707825573234785
720	43	0.9634984998579247
730	43	0.9545040805903583
740	43	0.9434503030943674
750	43	0.9299404801616421
760	43	0.9135323872026238
770	43	0.893742406009149
780	43	0.8700490024690076
790	43	0.841884689219068
800	43	0.8087595921004844
810	43	0.7701492279811949
820	43	0.7261050384132687
830	43	0.6790825407212334
840	43	0.6418442942492487
850	43	0.6592733916358821
860	43	0.8008069208516779
870	43	1.05789085736055
0	44	-0.0006245351769192864
10	44	0.22379898175783722
20	44	0.42713003580518166
30	44	0.5927005213487887
40	44	0.7199786972231994
50	44	0.8121189065964868
60	44	0.8788138697420345
70	44	0.9203028903263686
80	44	0.950389526660614
90	44	0.9658304307789943
100	44	0.9780576737648007
110	44	0.9865864125634944
120	44	0.9917097713857077
130	44	0.9941942446945919
140	44	0.9958525370669276
150	44	0.9975586166049727
160	44	0.9987755096838389
170	44	0.999779294547461
180	44	0.9997346225000118
190	44	0.9996716221512703
200	44	0.999758539478646
210	44	0.9998561250387035
220	44	0.9999015908172117
230	44	0.9998287355600289
240	44	0.9999334779410013
250	44	1.0000345176561032
260	44	0.9999745616971744
270	44	0.9999724493644508
280	44	1.0000145689838185
290	44	0.9999911986047758
300	44	0.9999953477969757
310	44	0.9999983214567733
320	44	0.9999899470072086
330	44	0.9999887744183058
340	44	0.9999968150616984
350	44	0.9999918221022276
360	44	0.999988660105782
370	44	0.9999832466178549
380	44	0.9999805984632355
390	44	0.9999753317822436
400	44	0.9999699207136483
410	44	0.9999631909864554
420	44	0.9999528052580162
430	44	0.999940233873493
440	44	0.9999242193777215
450	44	0.9999056284507122
460	44	0.9998826265185469
470	44	0.9998517096453662
480	44	0.9998135784121158
490	44	0.9997664735023435
500	44	0.9997071494668448
510	44	0.9996323605627404
520	44	0.9995385933441906
530	44	0.9994208618630904
540	44	0.9992733121505094
550	44	0.9990881385335183
560	44	0.9988558485646007
570	44	0.998564468334024
580	44	0.9981991252129525
590	44	0.9977410274730453
600	44	0.9971669650993865
610	44	0.9964477213464649
620	44	0.9955470457807192
630	44	0.9944198176369173
640	44	0.9930101006529625
650	44	0.9912486565389684
660	44	0.9890502224599923
670	44	0.9863101708989769
680	44	0.9829008977582884
690	44	0.9786678173925255
700	44	0.9734252663741916
710	44	0.9669525225978753
720	44	0.9589904227381476
730	44	0.949239108720145
740	44	0.9373574801127744
750	44	0.9229648381026005
760	44	0.9056447540724175
770	44	0.8849502619035441
780	44	0.8604070969383367
790	44	0.8315038042657489
800	44	0.7979098256886918
810	44	0.7592374975758515
820	44	0.7161374129101189
830	44	0.6729320331061538
840	44	0.6478517393182983
850	44	0.6922128753263384
860	44	0.8585382369816648
870	44	1.118990369935722
0	45	0.00028439699230634193
10	45	0.21686625955858754
20	45	0.41714059938092896
30	45	0.5831908803530839
40	45	0.7093341648618531
50	45	0.805722832006396
60	45	0.8688950753595147
70	45	0.9141895711668852
80	45	0.9452959935365192
90	45	0.9641823654268503
100	45	0.9771133646665744
110	45	0.9848732430687436
120	45	0.9904845502022901
130	45	0.9940480084512027
140	45	0.9960661479643265
150	45	0.9972367662676491
160	45	0.99847587058144
170	45	0.9989304167208536
180	45	0.999343834079678
190	45	0.9997199627374266
200	45	0.9996501074889406
210	45	0.9998008628621575
220	45	0.9999235785824901
230	45	0.999984250156971
240	45	0.9999026109518103
250	45	0.999966899433884
260	45	0.9999527454175094
270	45	0.9999999876479204
280	45	0.9999938757542938
290	45	0.9999906393619686
300	45	0.9999999933674794
310	45	0.9999772998282048
320	45	0.9999943545355419
330	45	0.9999944282540929
340	45	0.9999888996335783
350	45	0.9999830623785299
360	45	0.9999824590346
370	45	0.9999831013062971
380	45	0.9999752002487221
390	45	0.9999662343092429
400	45	0.9999601114640929
410	45	0.9999505946209043
420	45	0.9999383517132371
430	45	0.9999219330193545
440	45	0.999902544048863
450	45	0.9998785815712395
460	45	0.9998479823024369
470	45	0.9998104875338693
480	45	0.999763298157293
490	45	0.9997046416153157
500	45	0.9996308315987581
510	45	0.999539294341734
520	45	0.9994246713008254
530	45	0.9992816691777962
540	45	0.9991030750330081
550	45	0.9988803074770557
560	45	0.9986022220875772
570	45	0.9982553267198151
580	45	0.9978225192809409
590	45	0.9972828932894081
600	45	0.9966101612513116
610	45	0.9957719301661674
620	45	0.9947280368334983
630	45	0.9934289606891538
640	45	0.9918136463207078
650	45	0.9898072508997854
660	45	0.9873182974841075
670	45	0.9842356378936029
680	45	0.9804250645728989
690	45	0.9757257904210028
700	45	0.9699470514866168
710	45	0.9628651100950758
720	45	0.9542211384164079
730	45	0.9437204854166544
740	45	0.9310338152632031
750	45	0.915800346593366
760	45	0.8976329430346587
770	45	0.8761238439704705
780	45	0.8508477286690637
790	45	0.8213545066144905
800	45	0.7875006605564239
810	45	0.7490910342218858
820	45	0.7076030819260505
830	45	0.6698282586996164
840	45	0.6600058077615878
850	45	0.7315354497639418
860	45	0.9167170215454791
870	45	1.1771746200520454
0	46	0.00004235760504848837
10	46	0.21463521226556692
20	46	0.40921770088005516
30	46	0.5739326637849955
40	46	0.7012631138767662
50	46	0.7960392783206178
60	46	0.862798644007099
70	46	0.9100254947716858
80	46	0.9398344170503438
90	46	0.9612504690456471
100	46	0.9747173119511481
110	46	0.9831482759213522
120	46	0.9892715968480635
130	46	0.9928858786250492
140	46	0.9955298651499731
150	46	0.9970655537302376
160	46	0.9979882842030753
170	46	0.9987616045875217
180	46	0.9993543663797134
190	46	0.9994758705644377
200	46	0.9996441660196248
210	46	0.9997660840223391
220	46	0.9998500258759836
230	46	0.9999479258771335
240	46	0.9999391608824008
250	46	0.9999533959510736
260	46	0.9999818677470701
270	46	0.9999882509464709
280	46	0.9999926791045838
290	46	1.000002405887067
300	46	0.9999922203740905
310	46	0.9999934275283916
320	46	0.999987209881737
330	46	0.9999876852519503
340	46	0.9999875335497237
350	46	0.999982617746507
360	46	0.9999765780752164
370	46	0.9999739339478302
380	46	0.999965589893676
390	46	0.999957748382253
400	46	0.9999476170249176
410	46	0.9999345966970935
420	46	0.9999199366637831
430	46	0.9998989002761973
440	46	0.9998754549922139
450	46	0.9998447111690637
460	46	0.9998068039599161
470	46	0.999760076543171
480	46	0.9997019466386783
490	46	0.9996295851277619
500	46	0.9995397919716178
510	46	0.9994281311180037
520	46	0.9992893701136432
530	46	0.9991171097520982
540	46	0.9989030397694002
550	46	0.9986371965680682
560	46	0.9983071712870307
570	46	0.9978974419483962
580	46	0.9973890142882049
590	46	0.9967581551349889
600	46	0.9959758737169838
610	46	0.9950062739211626
620	46	0.9938053196778589
630	46	0.9923189706811889
640	46	0.9904812410378467
650	46	0.9882117984321497
660	46	0.9854133952313946
670	46	0.9819689678731965
680	46	0.9777386358556487
690	46	0.9725567805726232
700	46	0.9662293861602238
710	46	0.9585320690309054
720	46	0.9492092356087148
730	46	0.9379747620947447
740	46	0.9245145717456261
750	46	0.9084910946117225
760	46	0.8895491354714751
770	46	0.8673219345675321
780	46	0.8414351073751148
790	46	0.8115119082239166
800	46	0.7776227287559228
810	46	0.739860149647739
820	46	0.7008184310258709
830	46	0.6703900115706788
840	46	0.6785944989544463
850	46	0.7757153455698612
860	46	0.974306074046745
870	46	1.2324462592663734
0	47	0.00009190395964606025
10	47	0.20927233658911829
20	47	0.4012510642229417
30	47	0.5640588743500862
40	47	0.6914133112740299
50	47	0.786629940732207
60	47	0.855101431118871
70	47	0.9037659125259575
80	47	0.9360934775856458
90	47	0.9574148360820348
100	47	0.9724338637324229
110	47	0.9817346291837717
120	47	0.9878794196301199
130	47	0.9920885926563613
140	47	0.9947309207188346
150	47	0.9966195734685419
160	47	0.9978141856884625
170	47	0.99850522288993
180	47	0.9991308810224934
190	47	0.9993722734172442
200	47	0.9995566868779424
210	47	0.9997050716467807
220	47	0.9997945674898717
230	47	0.9999064591483314
240	47	0.9999276405065491
250	47	0.9999469337495859
260	47	0.999971543839694
270	47	0.999966807553597
280	47	0.9999868836902784
290	47	0.999988774223574
300	47	0.9999837361379614
310	47	0.9999831084421682
320	47	0.9999850292694415
330	47	0.9999791747118798
340	47	0.9999802425730802
350	47	0.9999744331643269
360	47	0.9999695232869341
370	47	0.9999653428213564
380	47	0.9999559207756431
390	47	0.9999446498272189
400	47	0.9999314948659639
410	47	0.9999149729403203
420	47	0.9998959320391886
430	47	0.9998719384658032
440	47	0.9998414742774899
450	47	0.9998037883882384
460	47	0.9997571349320202
470	47	0.9996995053553926
480	47	0.9996282948653165
490	47	0.9995401907362181
500	47	0.9994313024165884
510	47	0.9992966238450302
520	47	0.9991301490873715
530	47	0.9989242602556132
540	47	0.9986697622550719
550	47	0.9983552115768126
560	47	0.997966534379619
570	47	0.9974863920377811
580	47	0.9968934006071588
590	47	0.9961614404396079
600	47	0.9952583130266248
610	47	0.9941447568829053
620	47	0.9927727102619675
630	47	0.9910837726309636
640	47	0.9890071214539528
650	47	0.986457286018535
660	47	0.9833317206871763
670	47	0.9795082136628189
680	47	0.9748423475712374
690	47	0.9691651613028701
700	47	0.9622813490110708
710	47	0.9539683143371408
720	47	0.9439765300698356
730	47	0.9320314733404991
740	47	0.9178373531378711
750	47	0.9010824216386788
760	47	0.8814453256973983
770	47	0.8586017342562499
780	47	0.8322317310880438
790	47	0.8020544376837517
800	47	0.7683749018586808
810	47	0.7317242580779977
820	47	0.6961593031054325
830	47	0.675222505744122
840	47	0.7034545035813573
850	47	0.8232187597956128
860	47	1.0306172363475006
870	47	1.284877076249126
0	48	-0.00004072680275548274
10	48	0.20568677727903345
20	48	0.3946959405316064
30	48	0.5542816988745354
40	48	0.6825816128636769
50	48	0.7782488861914384
60	48	0.8491674618477567
70	48	0.8971832137643233
80	48	0.9308850182760255
90	48	0.9542753168914084
100	48	0.9692562410302208
110	48	0.9798965722216253
120	48	0.9866693430895505
130	48	0.9912538133349666
140	48	0.9942912964666767
150	48	0.9961038338607835
160	48	0.9974888558120212
170	48	0.998307667212996
180	48	0.998889819854515
190	48	0.9991828938813242
200	48	0.9995115112561471
210	48	0.9996495179199545
220	48	0.9998011377788174
230	48	0.9998702782726161
240	48	0.9999128249748245
250	48	0.9999476309291375
260	48	0.9999491219362683
270	48	0.9999690717698785
280	48	0.9999671533289939
290	48	0.9999854878747252
300	48	0.9999819966883093
310	48	0.9999829075297565
320	48	0.999978931893064
330	48	0.9999774787804478
340	48	0.9999749579637575
350	48	0.9999690433682609
360	48	0.999961258640808
370	48	0.9999530088086468
380	48	0.9999420415852012
390	48	0.9999296046915248
400	48	0.9999126225062404
410	48	0.9998927673523069
420	48	0.9998685675286151
430	48	0.9998375046399859
440	48	0.999800295757037
450	48	0.999753961703902
460	48	0.9996971042923012
470	48	0.9996270240884184
480	48	0.9995407165292478
490	48	0.9994342528748786
500	48	0.9993034217119379
510	48	0.9991423869587284
520	48	0.9989440381682471
530	48	0.99870009507376
540	48	0.9983997395720204
550	48	0.9980303980427094
560	48	0.9975760308318554
570	48	0.9970173910794528
580	48	0.9963308185760372
590	48	0.9954874122268702
600	48	0.9944519480641226
610	48	0.9931816148820922
620	48	0.9916245100775058
630	48	0.9897179072003192
640	48	0.9873864242869621
650	48	0.9845398440881306
660	48	0.9810709478909388
670	48	0.9768532913870787
680	48	0.9717391532982281
690	48	0.9655578576049728
700	48	0.9581148493739834
710	48	0.9491917275653915
720	48	0.9385477041636876
730	48	0.9259225932048456
740	48	0.9110413834481189
750	48	0.8936201036372042
760	48	0.8733725956025191
770	48	0.8500185736306735
780	48	0.8232992754508232
790	48	0.7930657635640324
800	48	0.7598691674013175
810	48	0.724899016047969
820	48	0.6940537518544001
830	48	0.6848269441860435
840	48	0.7339957358168611
850	48	0.8726849530453837
860	48	1.0852177532508338
870	48	1.334578323701238
0	49	-0.0000878840853547985
10	49	0.2015138410019236
20	49	0.38696788296522794
30	49	0.5461926782665857
40	49	0.6729347187875167
50	49	0.7697774341739195
60	49	0.8410744295261096
70	49	0.8911674795614067
80	49	0.9262220844527546
90	49	0.9503900148241068
100	49	0.9670331514350027
110	49	0.9776953233852392
120	49	0.9850741169770634
130	49	0.9901053022177739
140	49	0.9934833495828584
150	49	0.9955260798385148
160	49	0.9970800598827436
170	49	0.9980789152876337
180	49	0.9987320875152046
190	49	0.9991465419537108
200	49	0.9994390410214449
210	49	0.9996359482065259
220	49	0.9997559856522118
230	49	0.9998183599233239
240	49	0.9998858242199729
250	49	0.9999122618931032
260	49	0.9999446647747029
270	49	0.9999612909513658
280	49	0.9999703771631353
290	49	0.999975010531599
300	49	0.9999793614432446
310	49	0.9999734257000042
320	49	0.9999744108796728
330	49	0.9999695136093337
340	49	0.9999668900694534
350	49	0.9999588858066539
360	49	0.9999509812728615
370	49	0.9999405889183741
380	49	0.9999272366754348
390	49	0.9999099404676255
400	49	0.9998901797863969
410	49	0.9998647404805434
420	49	0.9998342553845915
430	49	0.99979700955686
440	49	0.9997510635808691
450	49	0.9996944505974548
460	49	0.9996256497849374
470	49	0.9995409961463126
480	49	0.9994369906608351
490	49	0.999309881273877
500	49	0.9991537881377831
510	49	0.9989626514420761
520	49	0.9987282895262213
530	49	0.9984411918228401
540	49	0.9980895034572215
550	49	0.9976587312844929
560	49	0.9971313209274673
570	49	0.9964858565311006
580	49	0.9956962754039931
590	49	0.9947309027731563
600	49	0.9935514223521308
610	49	0.9921115558775551
620	49	0.9903555807610868
630	49	0.9882167093184862
640	49	0.9856152936937133
650	49	0.982456884975601
660	49	0.9786303549602097
670	49	0.9740060385894233
680	49	0.9684342525164282
690	49	0.9617443332166337
700	49	0.9537445019052041
710	49	0.9442228817941916
720	49	0.9329498655002572
730	49	0.9196819276118546
740	49	0.9041667846496338
750	49	0.8861496308683352
760	49	0.8653806028839703
770	49	0.8416260041583329
780	49	0.814700008176966
790	49	0.7846351492202113
800	49	0.7522359952662592
810	49	0.7196412027851622
820	49	0.6949599195164073
830	49	0.6995029318811997
840	49	0.7693186089932537
850	49	0.923007684342536
860	49	1.1378546374440661
870	49	1.381681913943404
0	50	-0.000020224359666617173
10	50	0.19726811697069943
20	50	0.3800286925197412
30	50	0.5372197644374885
40	50	0.6639556713602645
50	50	0.7611545636436675
60	50	0.8335519220998426
70	50	0.8852557252335176
80	50	0.9218992351888233
90	50	0.9468908339586581
100	50	0.9640194979627515
110	50	0.9756092725483446
120	50	0.983742621430158
130	50	0.9890083883118654
140	50	0.9926605950741428
150	50	0.9949995520431789
160	50	0.9966484675676914
170	50	0.9977563226776591
180	50	0.9985536032549645
190	50	0.9990106769548286
200	50	0.9993507792009274
210	50	0.9995317016266894
220	50	0.9996940565122466
230	50	0.9997951037339697
240	50	0.9998609711061659
250	50	0.9998935756920748
260	50	0.9999253401176229
270	50	0.9999513031524314
280	50	0.9999633465105147
290	50	0.9999651368399411
300	50	0.9999685852652235
310	50	0.9999694902975762
320	50	0.9999649133719154
330	50	0.999960374994916
340	50	0.9999549690858085
350	50	0.9999468974637002
360	50	0.999936913540274
370	50	0.9999236905521209
380	50	0.9999064937259726
390	50	0.9998860372056266
400	50	0.9998614854878564
410	50	0.9998309570619859
420	50	0.9997939657787072
430	50	0.9997481119508074
440	50	0.999692339595845
450	50	0.9996241328655244
460	50	0.9995411617453108
470	50	0.9994396998188563
480	50	0.9993158189280049
490	50	0.9991645799337608
500	50	0.9989800309523663
510	50	0.9987547419005385
520	50	0.9984797712791501
530	50	0.9981443915403775
540	50	0.9977352266176885
550	50	0.9972363454589785
560	50	0.9966282033566974
570	50	0.9958872770867726
580	50	0.9949850005703678
590	50	0.9938869664550037
600	50	0.9925517654570871
610	50	0.990929712459475
620	50	0.9889614489530659
630	50	0.9865763627717161
640	50	0.9836909697867117
650	50	0.9802072227596269
660	50	0.9760109050598883
670	50	0.9709702681637209
680	50	0.9649351094125723
690	50	0.9577364893414847
700	50	0.9491874274616728
710	50	0.9390847178147242
720	50	0.9272120681519045
730	50	0.9133445082199497
740	50	0.8972539114383649
750	50	0.8787156239007461
760	50	0.8575173183815481
770	50	0.8334762923736903
780	50	0.8064985093344759
790	50	0.7768558541106155
800	50	0.7456296510231754
810	50	0.716249067103845
820	50	0.6993263757310443
830	50	0.7192769083364391
840	50	0.8083714131302286
850	50	0.9733424434445781
860	50	1.1883984803075676
870	50	1.4263286238564157
0	51	0.00004437558264472485
10	51	0.19368720382317858
20	51	0.37334060433943034
30	51	0.5286444434315053
40	51	0.6551423690404152
50	51	0.7533285890231078
60	51	0.8264593880358713
70	51	0.8790147637187941
80	51	0.9166793253363359
90	51	0.94298517625348
100	51	0.9611533485756543
110	51	0.9736134249767125
120	51	0.9820265116232735
130	51	0.9878740541890553
140	51	0.9917823875301447
150	51	0.9944418739052359
160	51	0.9962388056979024
170	51	0.997435041647881
180	51	0.9982586894473591
190	51	0.9988377503665093
200	51	0.9991977070851401
210	51	0.9994596242544468
220	51	0.9996318647540482
230	51	0.9997483524213198
240	51	0.9998265056603733
250	51	0.9998819697350577
260	51	0.9999133463102766
270	51	0.9999344750859468
280	51	0.9999494229327575
290	51	0.9999557078848713
300	51	0.9999591498107561
310	51	0.9999593196165731
320	51	0.9999575887567328
330	51	0.9999528427320508
340	51	0.9999439090655298
350	51	0.9999337197053736
360	51	0.9999198844333085
370	51	0.9999041596968533
380	51	0.9998832651302958
390	51	0.9998577327577207
400	51	0.9998277407249083
410	51	0.9997903842339442
420	51	0.9997455710265125
430	51	0.9996899607619679
440	51	0.9996229471693455
450	51	0.9995413697870719
460	51	0.9994421659301105
470	51	0.9993215868110106
480	51	0.9991748632880179
490	51	0.9989964103206692
500	51	0.9987795172348655
510	51	0.9985158588918521
520	51	0.9981954831732739
530	51	0.9978061882450521
540	51	0.9973333356286178
550	51	0.9967592249275141
560	51	0.9960624006254872
570	51	0.9952171157237077
580	51	0.9941923487846415
590	51	0.9929509221776754
600	51	0.9914483943391856
610	51	0.9896318117968276
620	51	0.9874383677033574
630	51	0.984794012899605
640	51	0.9816119220333417
650	51	0.9777911361218605
660	51	0.973215310620852
670	51	0.9677518128532507
680	51	0.9612513833659196
690	51	0.9535485415131427
700	51	0.9444629932802666
710	51	0.9338021389128921
720	51	0.921364797309101
730	51	0.9069459924518964
740	51	0.8903427600477917
750	51	0.8713614112755754
760	51	0.8498290422630856
770	51	0.8256213169408513
780	51	0.7987633293770041
790	51	0.7698231234157582
800	51	0.7402326407111114
810	51	0.7150554901517466
820	51	0.7075372068345362
830	51	0.7438835772959074
840	51	0.8500955525301233
850	51	1.0230747736086194
860	51	1.2368032443054653
870	51	1.4686608021574137
0	52	0.000012471497116357434
10	52	0.19000190917765467
20	52	0.3666703849863893
30	52	0.5203580764909579
40	52	0.6464882401566865
50	52	0.7448254872114617
60	52	0.8189891045430279
70	52	0.8732514654915883
80	52	0.91180656863358
90	52	0.939093127794458
100	52	0.9581209530219268
110	52	0.9713505203949344
120	52	0.9803251089223609
130	52	0.9866302914838615
140	52	0.9908798802966539
150	52	0.9937600388088285
160	52	0.9957571604581787
170	52	0.9970924305376258
180	52	0.9980210769493102
190	52	0.9986734977348688
200	52	0.9990813476782061
210	52	0.9993740672382829
220	52	0.9995804813928321
230	52	0.9997022269846462
240	52	0.999792770402957
250	52	0.9998546853948803
260	52	0.9998961546700523
270	52	0.9999157082628235
280	52	0.9999374172189538
290	52	0.9999456758930549
300	52	0.9999502054799062
310	52	0.9999483530969444
320	52	0.9999448233789052
330	52	0.9999390490034201
340	52	0.9999279372727585
350	52	0.9999161362933083
360	52	0.9998985626686357
370	52	0.9998796427282968
380	52	0.9998546059721545
390	52	0.9998235988154022
400	52	0.9997872148346693
410	52	0.999741971844019
420	52	0.9996877900977125
430	52	0.999621632704138
440	52	0.9995415982979458
450	52	0.9994444840077894
460	52	0.9993269023015263
470	52	0.999184369916834
480	52	0.9990117563781561
490	52	0.9988027161771972
500	52	0.9985495848239648
510	52	0.9982430854178056
520	52	0.9978720874762355
530	52	0.997423190648707
540	52	0.9968800929627838
550	52	0.9962234089889657
560	52	0.9954297481562127
570	52	0.9944711084976842
580	52	0.9933139793339648
590	52	0.9919184867821561
600	52	0.9902372497198604
610	52	0.988214218785453
620	52	0.9857834762028537
630	52	0.982867878585239
640	52	0.9793779026956494
650	52	0.9752104522382621
660	52	0.9702480643521108
670	52	0.9643584717770329
680	52	0.9573948420474453
690	52	0.9491968140442177
700	52	0.9395925062089016
710	52	0.9284016003595054
720	52	0.9154394481571997
730	52	0.9005221116369311
740	52	0.8834724936077164
750	52	0.8641288091376318
760	52	0.8423607193126403
770	52	0.8181138053319607
780	52	0.7915681815101713
790	52	0.7636351835516894
800	52	0.7362580986694091
810	52	0.7164115374365223
820	52	0.7198516624925753
830	52	0.7728053663244782
840	52	0.8935275171372117
850	52	1.0717759514696756
860	52	1.2830780631736582
870	52	1.508817958774276
0	53	0.000019442913907453443
10	53	0.18646285636767235
20	53	0.360474882737829
30	53	0.5124423595209202
40	53	0.637889435727558
50	53	0.7367418650119327
60	53	0.8117769406787446
70	53	0.8669649983561186
80	53	0.9067699547172673
90	53	0.9350951168549527
100	53	0.95513888315436
110	53	0.9689487009340579
120	53	0.9786315168970188
130	53	0.9852747621558927
140	53	0.9898921920665212
150	53	0.9930330055348363
160	53	0.9952198350654214
170	53	0.9967352251594676
180	53	0.9977432592259342
190	53	0.9984715733436621
200	53	0.9989412982455652
210	53	0.9992694514500213
220	53	0.9994942742065269
230	53	0.9996481916765618
240	53	0.9997559098306956
250	53	0.9998240726634502
260	53	0.9998700233595432
270	53	0.9999028821917154
280	53	0.9999212906262311
290	53	0.9999330251186352
300	53	0.9999351367713464
310	53	0.9999361761672858
320	53	0.9999312972747917
330	53	0.9999226448481472
340	53	0.9999103705245943
350	53	0.9998945743722093
360	53	0.9998755163071096
370	53	0.9998503868873746
380	53	0.9998202133679714
390	53	0.9997836610411469
400	53	0.9997391317878065
410	53	0.9996851188725183
420	53	0.9996202872718379
430	53	0.9995416063855159
440	53	0.9994465388245655
450	53	0.99933190932214
460	53	0.9991934032876366
470	53	0.9990262380992124
480	53	0.9988245432004558
490	53	0.9985811760388758
500	53	0.9982875871285123
510	53	0.9979334518922295
520	53	0.9975065330045456
530	53	0.9969918870799481
540	53	0.9963718146589038
550	53	0.9956250671944181
560	53	0.9947262546461096
570	53	0.9936451624942546
580	53	0.9923458362717388
590	53	0.9907857787298441
600	53	0.9889148179986088
610	53	0.9866740632673561
620	53	0.9839947805642805
630	53	0.980797306930754
640	53	0.9769900246860098
650	53	0.972468570778833
660	53	0.9671154276449857
670	53	0.9607999674877856
680	53	0.9533792284692291
690	53	0.9446995046642082
700	53	0.9345988699077391
710	53	0.9229106589070195
720	53	0.9094678262349307
730	53	0.8941081866435447
740	53	0.8766810990215026
750	53	0.8570581106597072
760	53	0.8351565508511813
770	53	0.8110087958444582
780	53	0.7849925847432747
790	53	0.75840027287618
800	53	0.7339486242014043
810	53	0.7206593598249241
820	53	0.7363543079573585
830	53	0.8053527119978028
840	53	0.9378514867927904
850	53	1.119159895651472
860	53	1.3272677155705004
870	53	1.5469341976310131
0	54	0.000027522813143270774
10	54	0.18312531540715538
20	54	0.3543010677435258
30	54	0.5046730022947209
40	54	0.6295990503301868
50	54	0.7287135057155126
60	54	0.8044609660121833
70	54	0.8607912830295571
80	54	0.9016966231698149
90	54	0.9311384016625324
100	54	0.9519621179864486
110	54	0.9665323803002096
120	54	0.9767650868151183
130	54	0.9838922920150535
140	54	0.9888643451114717
150	54	0.9922863751516686
160	54	0.9946781547986009
170	54	0.996304272888808
180	54	0.9974459644484174
190	54	0.9982454899081269
200	54	0.998774071378156
210	54	0.999150133551335
220	54	0.9994133852472314
230	54	0.9995839254131277
240	54	0.9997132325384243
250	54	0.9997875714091276
260	54	0.9998428901884465
270	54	0.9998794541620325
280	54	0.9999047276375863
290	54	0.99991561689065
300	54	0.9999207460159425
310	54	0.9999198754942843
320	54	0.9999136966064237
330	54	0.9999044998576794
340	54	0.9998885940585139
350	54	0.9998697121949978
360	54	0.9998456650401965
370	54	0.9998157829674172
380	54	0.9997802159700895
390	54	0.9997359878193317
400	54	0.999682724155737
410	54	0.9996186455592815
420	54	0.9995414688756616
430	54	0.9994483162025913
440	54	0.9993365920831812
450	54	0.9992018204352953
460	54	0.999039794130281
470	54	0.9988450630651335
480	54	0.9986108541689066
490	54	0.998329172048366
500	54	0.9979907272350033
510	54	0.9975840278711247
520	54	0.9970954980801875
530	54	0.9965089288201379
540	54	0.995804916162332
550	54	0.9949604281805519
560	54	0.993948082825508
570	54	0.9927354562508338
580	54	0.9912842641532497
590	54	0.9895494336318966
600	54	0.9874782494473123
610	54	0.9850092561301983
620	54	0.9820713465335721
630	54	0.9785828532388352
640	54	0.9744508031437076
650	54	0.9695704888133219
660	54	0.9638254137022646
670	54	0.9570878433144965
680	54	0.9492200589831099
690	54	0.9400764033873267
700	54	0.929506210601325
710	54	0.9173575384078348
720	54	0.9034816926145626
730	54	0.8877387397426177
740	54	0.8700052047926725
750	54	0.8501883063426419
760	54	0.8282608894240637
770	54	0.8043651441067003
780	54	0.7791225105158813
790	54	0.7542491141656018
800	54	0.7335699607932108
810	54	0.7280961745009579
820	54	0.7569312372525808
830	54	0.8407576424809448
840	54	0.9824129087394667
850	54	1.1650466591721378
860	54	1.36943922143062
870	54	1.5831368252069205
0	55	-7.915169477081721e-6
10	55	0.1798443460610122
20	55	0.3483886676960333
30	55	0.49713314365658323
40	55	0.621437852938459
50	55	0.7207071672349669
60	55	0.7971686295970871
70	55	0.8544851047575255
80	55	0.8965472016355055
90	55	0.9269767974612991
100	55	0.9486395891795671
110	55	0.9640303090621224
120	55	0.9748632025261227
130	55	0.9824396091715433
140	55	0.9877721637113365
150	55	0.991467706136677
160	55	0.9940637200210748
170	55	0.9958635764873464
180	55	0.9971260307124015
190	55	0.9979929668279692
200	55	0.9985975902700465
210	55	0.9990181383736753
220	55	0.99931747127348
230	55	0.9995173816617973
240	55	0.9996544429469247
250	55	0.9997485921834851
260	55	0.99981465101725
270	55	0.9998547977900263
280	55	0.9998808722285406
290	55	0.9998946585784682
300	55	0.9999008051818484
310	55	0.9999002504653624
320	55	0.9998930086310509
330	55	0.9998803927534586
340	55	0.9998627358029806
350	55	0.9998399706184229
360	55	0.9998111493981987
370	55	0.9997757474003711
380	55	0.9997322669388723
390	55	0.9996800620408874
400	55	0.9996169500796876
410	55	0.9995410740007605
420	55	0.9994501185153993
430	55	0.9993408390666234
440	55	0.9992098407316565
450	55	0.9990527190394429
460	55	0.9988643898760003
470	55	0.9986386617060373
480	55	0.9983681398774016
490	55	0.9980442245214757
500	55	0.9976562158140685
510	55	0.9971917387661008
520	55	0.9966358676190433
530	55	0.9959708828316036
540	55	0.995175870790485
550	55	0.9942259059917156
560	55	0.9930916438264952
570	55	0.9917385281919259
580	55	0.9901259950461835
590	55	0.9882066436623642
600	55	0.9859254022938766
610	55	0.9832186110769688
620	55	0.9800132627441023
630	55	0.9762263070683885
640	55	0.9717641884968604
650	55	0.966522773067319
660	55	0.960387691939852
670	55	0.9532353111218853
680	55	0.9449344041827175
690	55	0.9353485873876888
700	55	0.9243394960359085
710	55	0.9117707006640928
720	55	0.8975123611886268
730	55	0.8814472190719889
740	55	0.8634800633997934
750	55	0.843557527495106
760	55	0.8217193704682403
770	55	0.7982469168784874
780	55	0.7740521743049682
790	55	0.7513474732832777
800	55	0.7353982349011515
810	55	0.7389348237701898
820	55	0.7812797401434857
830	55	0.8782563808398747
840	55	1.0267082977165125
850	55	1.2093335421595304
860	55	1.4096727071547972
870	55	1.6175457068446242
0	56	0.000014054974246963678
10	56	0.17670798868113188
20	56	0.3427254540899096
30	56	0.48975858743948075
40	56	0.6133519620408415
50	56	0.7128117609583189
60	56	0.7900084829528138
70	56	0.8483108690549996
80	56	0.8913691189816281
90	56	0.9227279773878038
100	56	0.9452979544360428
110	56	0.961389258265816
120	56	0.9728294703213345
130	56	0.9809209377018743
140	56	0.9866018660573735
150	56	0.9906023798659447
160	56	0.9934112353618463
170	56	0.9953905559418876
180	56	0.9967686804415535
190	56	0.9977314740484151
200	56	0.9984070379880418
210	56	0.9988759295547655
220	56	0.9992087001522372
230	56	0.999436918942521
240	56	0.9995948731593052
250	56	0.9997023121145892
260	56	0.9997759979163449
270	56	0.9998251050730406
280	56	0.9998554385052408
290	56	0.999871832246856
300	56	0.9998782970231714
310	56	0.9998772595285564
320	56	0.9998683178785478
330	56	0.999853823141185
340	56	0.9998316817050261
350	56	0.9998048848486505
360	56	0.9997704586152465
370	56	0.9997279865778045
380	56	0.9996766921494938
390	56	0.9996149015126946
400	56	0.999540588013956
410	56	0.9994514730265428
420	56	0.9993448906043308
430	56	0.9992172377810378
440	56	0.9990647471333532
450	56	0.9988825032538482
460	56	0.9986648619652129
470	56	0.9984048012464595
480	56	0.9980943041475868
490	56	0.9977236494409663
500	56	0.9972812928128615
510	56	0.9967536476747667
520	56	0.9961244414711902
530	56	0.9953745323835519
540	56	0.9944813157939384
550	56	0.9934181049920829
560	56	0.9921536352811114
570	56	0.9906512676026274
580	56	0.9888683018465216
590	56	0.9867552344195414
600	56	0.9842549051342665
610	56	0.9813018755206745
620	56	0.977821749166713
630	56	0.9737307411853414
640	56	0.9689355368580913
650	56	0.963333518638993
660	56	0.9568134995109167
670	56	0.9492570785590208
680	56	0.9405406453126195
690	56	0.9305380902013511
700	56	0.9191241610640268
710	56	0.9061784718432719
720	56	0.8915903825595658
730	56	0.875265846869652
740	56	0.857139714199392
750	56	0.8372037153419142
760	56	0.8155802036765799
770	56	0.7927246345975338
780	56	0.7698879158548787
790	56	0.7499013065406643
800	56	0.7397004190123044
810	56	0.7531631155969069
820	56	0.8089473436373664
830	56	0.9171476693056841
840	56	1.0703640528875291
850	56	1.2519730954001134
860	56	1.4480552233535622
870	56	1.6502730908113088
0	57	8.981464135834634e-6
10	57	0.17367230614980644
20	57	0.33714432704960573
30	57	0.48261863491133566
40	57	0.6054927870930776
50	57	0.7050196921471609
60	57	0.7828276596084872
70	57	0.8420312218885104
80	57	0.8861252727654415
90	57	0.9184260519087735
100	57	0.9418680547643797
110	57	0.9586985686011361
120	57	0.9707500496824567
130	57	0.9793185672074265
140	57	0.9853895533060463
150	57	0.9896928890958039
160	57	0.9927252340342199
170	57	0.9948715796909158
180	57	0.996378081403131
190	57	0.9974408762101404
200	57	0.9981930128767801
210	57	0.998718947172226
220	57	0.999090096980232
230	57	0.9993464042585383
240	57	0.9995273829790302
250	57	0.9996499676787874
260	57	0.9997344797796831
270	57	0.9997896074337008
280	57	0.999824915969509
290	57	0.9998446149902397
300	57	0.9998519263849827
310	57	0.9998491732904119
320	57	0.9998385303862208
330	57	0.9998212238859014
340	57	0.9997960629536442
350	57	0.9997634879922278
360	57	0.9997228602927799
370	57	0.9996727853432066
380	57	0.9996121310462812
390	57	0.9995394957874062
400	57	0.9994524839013279
410	57	0.9993483410109202
420	57	0.9992242412104426
430	57	0.9990761710003428
440	57	0.9988996456584579
450	57	0.9986894199577696
460	57	0.9984391688184913
470	57	0.9981411786805667
480	57	0.9977866557401535
490	57	0.9973648024689887
500	57	0.9968631363819354
510	57	0.9962667800446707
520	57	0.9955581600723917
530	57	0.9947166720180539
540	57	0.9937180594133388
550	57	0.9925339258897298
560	57	0.9911310964987537
570	57	0.9894710103519357
580	57	0.9875090200302769
590	57	0.9851937006530957
600	57	0.9824662277434247
610	57	0.9792597776562993
620	57	0.9754991448972166
630	57	0.9711005063744695
640	57	0.965971599952473
650	57	0.9600122590461674
660	57	0.9531154926759022
670	57	0.9451691460301722
680	57	0.9360581849016181
690	57	0.9256675763661856
700	57	0.9138857504861733
710	57	0.9006087097735311
720	57	0.8857453188485804
730	57	0.8692256035371699
740	57	0.8510173234603211
750	57	0.8311654893669915
760	57	0.8098955316202749
770	57	0.7878765590380928
780	57	0.7667537900776917
790	57	0.7501493908962047
800	57	0.7467093778357238
810	57	0.7710555983522964
820	57	0.8393876472917979
830	57	0.9568247796615907
840	57	1.1131124705910382
850	57	1.2929567556291994
860	57	1.484676595711887
870	57	1.6814237213671734
0	58	7.497130375789797e-6
10	58	0.1707322491152404
20	58	0.3317956160771885
30	58	0.47556584953862463
40	58	0.5977701954322295
50	58	0.697324682178198
60	58	0.7756742300471485
70	58	0.8357500690728074
80	58	0.8807846048736441
90	58	0.9140771975029376
100	58	0.9383418088210881
110	58	0.955924411790164
120	58	0.9685877123030283
130	58	0.977644045837416
140	58	0.9841100383675241
150	58	0.9887194026341516
160	58	0.9919845010139706
170	58	0.9943128382471954
180	58	0.9959642717017203
190	58	0.9971324533685322
200	58	0.9979574576379977
210	58	0.9985439621530875
220	58	0.9989563102121961
230	58	0.9992480630293181
240	58	0.9994511359179763
250	58	0.9995907143049376
260	58	0.9996867602781859
270	58	0.9997503687000916
280	58	0.9997902026632384
290	58	0.9998119491536407
300	58	0.9998201646995489
310	58	0.9998169797880099
320	58	0.9998045692036411
330	58	0.9997837895054239
340	58	0.9997536932534326
350	58	0.9997152876733384
360	58	0.9996670318572997
370	58	0.9996084846598011
380	58	0.999537630369831
390	58	0.9994526818292023
400	58	0.9993512977148262
410	58	0.9992303339564927
420	58	0.9990866527863129
430	58	0.9989155564607246
440	58	0.99871257765573
450	58	0.9984714322930855
460	58	0.9981852527972788
470	58	0.9978456699668554
480	58	0.9974427960942756
490	58	0.996965129224971
500	58	0.9963989653464169
510	58	0.9957282356956751
520	58	0.9949340642592891
530	58	0.9939943102065515
540	58	0.9928831784922594
550	58	0.991570531108515
560	58	0.9900214548937838
570	58	0.9881955965093979
580	58	0.9860465574860018
590	58	0.9835213207745904
600	58	0.9805597200683384
610	58	0.977094082997598
620	58	0.9730489587243666
630	58	0.9683412176507555
640	58	0.962880464946786
650	58	0.9565698752422813
660	58	0.949307580153043
670	58	0.9409885717693922
680	58	0.9315071714318195
690	58	0.9207600189541122
700	58	0.9086496014551684
710	58	0.8950885418088521
720	58	0.8800056245399107
730	58	0.8633563576662889
740	58	0.8451456972129883
750	58	0.8254831792343992
760	58	0.8047227666367808
770	58	0.783790382433421
780	58	0.7647966146035697
790	58	0.7523436853386186
800	58	0.7565969003474119
810	58	0.7921092011255965
820	58	0.8720182161148681
830	58	0.9967862213731314
840	58	1.1547692174586404
850	58	1.3323028502551117
860	58	1.519626680475205
870	58	1.711095123117452
0	59	9.11252714995683e-6
10	59	0.16788865278655085
20	59	0.3265688886272507
30	59	0.4687704935016574
40	59	0.590193656489836
50	59	0.6897547160896768
60	59	0.7686160929538164
70	59	0.8294750739280898
80	59	0.8754497666556861
90	59	0.9096368737437333
100	59	0.9347688432929365
110	59	0.9530852226914708
120	59	0.9663358838724236
130	59	0.9758941444376047
140	59	0.9827674228844588
150	59	0.9876865009985561
160	59	0.9912043288928781
170	59	0.9937195005288518
180	59	0.9955114897866597
190	59	0.9967901727520838
200	59	0.9977031881181987
210	59	0.9983499403444711
220	59	0.998811537508362
230	59	0.9991346505290415
240	59	0.9993633580763117
250	59	0.9995224489050982
260	59	0.999631861582043
270	59	0.999704477955097
280	59	0.9997488021903661
290	59	0.9997745464620839
300	59	0.9997831758428676
310	59	0.9997793282269463
320	59	0.9997647754789055
330	59	0.9997394091633717
340	59	0.9997043647730717
350	59	0.999659279835623
360	59	0.999602960646203
370	59	0.9995344413699014
380	59	0.999451958295485
390	59	0.9993532788589182
400	59	0.999235808753844
410	59	0.9990961302016528
420	59	0.9989305693277475
430	59	0.9987342611434246
440	59	0.9985017557285957
450	59	0.9982265654391815
460	59	0.9979009173060986
470	59	0.9975157350478635
480	59	0.9970602645443029
490	59	0.9965219641065339
500	59	0.9958860583554097
510	59	0.9951352463237707
520	59	0.9942492877921091
530	59	0.9932046502401402
540	59	0.9919739307337179
550	59	0.9905254322156316
560	59	0.9888225720898006
570	59	0.9868233938657642
580	59	0.9844800029353759
590	59	0.9817381059039124
600	59	0.978536650619922
610	59	0.9748075746452558
620	59	0.9704758399388631
630	59	0.965459715249109
640	59	0.9596714620941549
650	59	0.9530184451216711
660	59	0.9454047382035407
670	59	0.9367332318322619
680	59	0.9269082111123258
690	59	0.9158384002245303
700	59	0.9034405696088845
710	59	0.8896441858371765
720	59	0.8743986324550144
730	59	0.8576871308435269
740	59	0.8395579595079604
750	59	0.8201999700198926
760	59	0.8001258730811408
770	59	0.7805655249339793
780	59	0.7641871490111558
790	59	0.7567225085240196
800	59	0.769449787921347
810	59	0.8161260920036533
820	59	0.9062692362176132
830	59	1.0366324216726446
840	59	1.1952140102149325
850	59	1.3700478911625973
860	59	1.5529935785626816
870	59	1.7393779814368346
0	60	7.5514648018296494e-6
10	60	0.16514299276641253
20	60	0.32151257673025524
30	60	0.4621154137114304
40	60	0.5827737205790663
50	60	0.6822616665750582
60	60	0.7616090345370492
70	60	0.8232034001966196
80	60	0.8700590021524746
90	60	0.9051405559566288
100	60	0.9311019498926121
110	60	0.9501441863464329
120	60	0.9640246568708734
130	60	0.974084768744654
140	60	0.9813613210674708
150	60	0.9866048698447222
160	60	0.9903751687604722
170	60	0.9930829750338888
180	60	0.9950328620150076
190	60	0.9964273435742025
200	60	0.997425029315647
210	60	0.9981401372326891
220	60	0.9986488382677903
230	60	0.9990122924159641
240	60	0.9992668130035915
250	60	0.9994464207169762
260	60	0.9995690374519766
270	60	0.9996500842914902
280	60	0.9997027576137142
290	60	0.9997297338209106
300	60	0.999740286079502
310	60	0.9997355011836583
320	60	0.9997177654276675
330	60	0.9996884387764653
340	60	0.9996476521638402
350	60	0.9995946135359606
360	60	0.9995291422721089
370	60	0.9994496101284126
380	60	0.9993541527231888
390	60	0.999240012384066
400	60	0.9991046677331046
410	60	0.9989442318538252
420	60	0.998754464806003
430	60	0.9985301689036108
440	60	0.9982653207428763
450	60	0.9979527274556698
460	60	0.997583952964525
470	60	0.997149146923076
480	60	0.9966366170893765
490	60	0.9960328064186413
500	60	0.9953218025959976
510	60	0.9944851275258991
520	60	0.9935012120672708
530	60	0.992345108574761
540	60	0.9909879438456438
550	60	0.9893965206059311
560	60	0.9875327849908476
570	60	0.9853533616804468
580	60	0.9828091429269459
590	60	0.979844935411076
600	60	0.9763992077294695
610	60	0.9724040897292092
620	60	0.9677855666906914
630	60	0.9624640035324227
640	60	0.9563550772529513
650	60	0.9493710947819125
660	60	0.9414227959722039
670	60	0.9324215695742035
680	60	0.9222820962964943
690	60	0.9109254427923509
700	60	0.8982828182694228
710	60	0.8843008518610997
720	60	0.8689506596558655
730	60	0.8522465045392337
740	60	0.8342883706583311
750	60	0.8153630943166772
760	60	0.796176633724696
770	60	0.7783156808376386
780	60	0.7651147721927148
790	60	0.7634834853036423
800	60	0.785254343073755
810	60	0.842714674058071
820	60	0.9416174787669315
830	60	1.0760548706065487
840	60	1.2343748795457128
850	60	1.4062403020624552
860	60	1.5848625128851548
870	60	1.766356570196302
0	61	4.985042317796143e-6
10	61	0.16248575101456783
20	61	0.31661979479734115
30	61	0.4556487285226478
40	61	0.5755267594663945
50	61	0.6748864334255081
60	61	0.7546217136937066
70	61	0.8169342436675158
80	61	0.8646474240119885
90	61	0.9005971228950101
100	61	0.927378219745047
110	61	0.9471336609797764
120	61	0.9616270726130313
130	61	0.9722019485098425
140	61	0.9798905714333346
150	61	0.9854621905627268
160	61	0.9894955611330515
170	61	0.9924116741515552
180	61	0.9945186769740731
190	61	0.9960347042303122
200	61	0.9971243805270886
210	61	0.9979106021761259
220	61	0.9984717169549367
230	61	0.9988759288905827
240	61	0.9991593229614247
250	61	0.9993606426882281
260	61	0.9994978962798738
270	61	0.9995904094086042
280	61	0.9996483604918174
290	61	0.9996794030787153
300	61	0.9996910816000258
310	61	0.9996847855275898
320	61	0.9996639933868415
330	61	0.999629477124923
340	61	0.999581711491869
350	61	0.9995206212228341
360	61	0.9994448448658839
370	61	0.9993529019214695
380	61	0.9992428262959037
390	61	0.9991117404104959
400	61	0.9989565041934704
410	61	0.9987730678386753
420	61	0.9985565974758842
430	61	0.9983015832235825
440	61	0.9980012735463832
450	61	0.9976479007158912
460	61	0.997232235045933
470	61	0.9967436050398562
480	61	0.9961694350953123
490	61	0.9954951104648314
500	61	0.994703669775871
510	61	0.9937753505090449
520	61	0.9926873672837688
530	61	0.9914133808943755
540	61	0.989923168288229
550	61	0.9881821502365027
560	61	0.9861509618613532
570	61	0.9837850860269476
580	61	0.9810345029657789
590	61	0.9778434955686461
600	61	0.974150539692624
610	61	0.9698884932351021
620	61	0.9649849859233962
630	61	0.9593631630456365
640	61	0.9529428027477975
650	61	0.9456418286780849
660	61	0.9373782294563701
670	61	0.9280723444144413
680	61	0.9176495460647778
690	61	0.9060433838066503
700	61	0.8931996655438111
710	61	0.8790827358229959
720	61	0.8636872228350346
730	61	0.8470631598153241
740	61	0.8293732577810289
750	61	0.8110250157629809
760	61	0.7929559672473603
770	61	0.7771704751712389
780	61	0.7677752454294361
790	61	0.7727619979666742
800	61	0.8038929906350656
810	61	0.8714345966338864
820	61	0.9776053296506854
830	61	1.1148223225440943
840	61	1.2722157598706214
850	61	1.440935925201906
860	61	1.6153151596215887
870	61	1.7921091936740925
0	62	5.400124856779641e-6
10	62	0.15991273098091963
20	62	0.31184324557940185
30	62	0.4493362980676088
40	62	0.5684078825779034
50	62	0.6676271083142274
60	62	0.7477076182109103
70	62	0.810688752526946
80	62	0.8591988016660533
90	62	0.8960070844239749
100	62	0.9235812811969077
110	62	0.9440549477851234
120	62	0.9591627928527032
130	62	0.9702503459467243
140	62	0.9783567119232404
150	62	0.9842684213693436
160	62	0.9885731374019189
170	62	0.9917013084745472
180	62	0.9939682473451985
190	62	0.9956112961080452
200	62	0.9968004226872079
210	62	0.9976616005100738
220	62	0.9982793037912546
230	62	0.9987244186478633
240	62	0.9990406222794209
250	62	0.9992641687572594
260	62	0.9994185440826424
270	62	0.9995214344283436
280	62	0.9995865528759577
290	62	0.9996220121158564
300	62	0.9996338517037502
310	62	0.9996261767806862
320	62	0.9996016410162681
330	62	0.9995618456336028
340	62	0.9995066969603758
350	62	0.9994359689385663
360	62	0.999348712311234
370	62	0.9992430917424687
380	62	0.9991168163326335
390	62	0.9989669197385472
400	62	0.9987898333710192
410	62	0.9985809704200955
420	62	0.9983353483133974
430	62	0.9980466653309158
440	62	0.9977077164101897
450	62	0.997309999700892
460	62	0.9968435524032235
470	62	0.9962968501488487
480	62	0.9956563813315638
490	62	0.9949065651778269
500	62	0.9940292614412614
510	62	0.9930036087640023
520	62	0.9918055435326162
530	62	0.9904074795618051
540	62	0.9887779339267252
550	62	0.9868810955616825
560	62	0.9846765344156694
570	62	0.982118815419184
580	62	0.9791573712946482
590	62	0.9757363453131769
600	62	0.971794725594636
610	62	0.9672666391433173
620	62	0.9620819626502543
630	62	0.95616724989953
640	62	0.9494470061638512
650	62	0.941845334776378
660	62	0.933287931019465
670	62	0.9237044058528697
680	62	0.9130309832364603
690	62	0.901213800049353
700	62	0.8882135144747876
710	62	0.8740131070153621
720	62	0.8586333676437267
730	62	0.8421665309662177
740	62	0.8248520168630955
750	62	0.8072445549162023
760	62	0.7905552525732809
770	62	0.7772746363556612
780	62	0.7723536485075249
790	62	0.7846181262121296
800	62	0.8251537509107116
810	62	0.9018333093353873
820	62	1.0138477166139641
830	62	1.152766826168655
840	62	1.3087268981763287
850	62	1.4741948241573115
860	62	1.6444292855742006
870	62	1.8167086261016179
0	63	6.732606217458357e-6
10	63	0.15741497980466782
20	63	0.30721335907504776
30	63	0.44318723841629476
40	63	0.5614293348615944
50	63	0.6604715102162184
60	63	0.7408550153794096
70	63	0.804451018747048
80	63	0.8537477100709494
90	63	0.8913638458959522
100	63	0.9197221474382439
110	63	0.9409071294939434
120	63	0.9566279701401882
130	63	0.9682329677622341
140	63	0.9767619556002806
150	63	0.9830194467935373
160	63	0.9875977827386836
170	63	0.9909435868985912
180	63	0.9933830348294695
190	63	0.9951587909206616
200	63	0.9964516166773149
210	63	0.9973898476384513
220	63	0.9980690915967467
230	63	0.9985586803812241
240	63	0.9989083668650455
250	63	0.9991564817793138
260	63	0.9993280662203213
270	63	0.9994442899569395
280	63	0.9995164935056892
290	63	0.9995557894792612
300	63	0.9995685899306855
310	63	0.9995592839503918
320	63	0.9995308760947655
330	63	0.9994846407204773
340	63	0.9994211272380125
350	63	0.9993398705032914
360	63	0.9992397834127333
370	63	0.999118995796494
380	63	0.9989748157542524
390	63	0.9988042241305325
400	63	0.9986030215709721
410	63	0.9983665190022654
420	63	0.9980889588853259
430	63	0.9977636306132885
440	63	0.9973827179524404
450	63	0.9969370069539073
460	63	0.9964158055449339
470	63	0.9958066727622334
480	63	0.9950952355261303
490	63	0.9942648592588085
500	63	0.9932963787781192
510	63	0.9921677667539668
520	63	0.9908538040890782
530	63	0.9893257543803502
540	63	0.9875509922750484
550	63	0.9854926822584434
560	63	0.9831095141873842
570	63	0.980355482885928
580	63	0.9771797919769921
590	63	0.9735268956962602
600	63	0.9693367565347
610	63	0.9645453226298408
620	63	0.9590852852063424
630	63	0.9528871767525581
640	63	0.9458807681654837
650	63	0.9379967974437666
660	63	0.929169004944979
670	63	0.9193364654241057
680	63	0.9084463491961792
690	63	0.8964574881756223
700	63	0.8833458448953145
710	63	0.8691144897817719
720	63	0.8538141038843986
730	63	0.8375875605066317
740	63	0.8207681371297688
750	63	0.8040879328055538
760	63	0.7890773404416853
770	63	0.7787833799248618
780	63	0.7790060713465263
790	63	0.7990324357371451
800	63	0.8487500770887042
810	63	0.9334753755439121
820	63	1.0500307426625115
830	63	1.189770998291257
840	63	1.3439175443313398
850	63	1.5060790247655482
860	63	1.6722785963505113
870	63	1.8402225342116558
0	64	4.393619143212652e-6
10	64	0.15499477286788443
20	64	0.30271476348301557
30	64	0.43719317899563803
40	64	0.5546017588609988
50	64	0.6534184242592356
60	64	0.7340701226540465
70	64	0.7982367095961049
80	64	0.848279391035907
90	64	0.8866838592732972
100	64	0.9158099478850924
110	64	0.9376968642082457
120	64	0.9540272223406507
130	64	0.9661486800940818
140	64	0.975108985209644
150	64	0.9817171466345155
160	64	0.9865806090504413
170	64	0.990146616706504
180	64	0.992762461104026
190	64	0.9946769832669599
200	64	0.996076728387805
210	64	0.997096903696963
220	64	0.9978391879248246
230	64	0.99837693977842
240	64	0.9987630181234172
250	64	0.9990369256635443
260	64	0.9992285151569481
270	64	0.9993567411061209
280	64	0.9994374598603014
290	64	0.9994808975683767
300	64	0.9994942230762681
310	64	0.9994831968831271
320	64	0.9994499286244588
330	64	0.999396848077129
340	64	0.999324021533028
350	64	0.9992311754385539
360	64	0.9991169821834542
370	64	0.9989794611908885
380	64	0.998815655696015
390	64	0.9986222404109388
400	64	0.9983947142878956
410	64	0.9981279201674605
420	64	0.9978156293724282
430	64	0.9974505852514882
440	64	0.9970242972965397
450	64	0.9965268686361518
460	64	0.9959468235178218
470	64	0.9952709084057489
480	64	0.9944837986941348
490	64	0.9935678800247827
500	64	0.9925029648375372
510	64	0.9912659424319211
520	64	0.9898305290246833
530	64	0.9881669326546523
540	64	0.9862415513871968
550	64	0.9840167329230446
560	64	0.9814505546488995
570	64	0.9784967204431868
580	64	0.9751046018793222
590	64	0.9712193961835995
600	64	0.9667825109870035
610	64	0.9617322214568951
620	64	0.9560045737258384
630	64	0.9495345767260491
640	64	0.9422577137538029
650	64	0.9341117056290899
660	64	0.9250385594520848
670	64	0.9149869188822416
680	64	0.9039149560175601
690	64	0.8917944037718745
700	64	0.8786172956330516
710	64	0.8644089312000373
720	64	0.8492549372532403
730	64	0.8333595265636365
740	64	0.8171701966857379
750	64	0.8016296866035058
760	64	0.788636603487397
770	64	0.7818537260019812
780	64	0.7878436577746754
790	64	0.8159093606879683
800	64	0.874346487470705
810	64	0.9659624954517159
820	64	1.085905497713592
830	64	1.2257571069609332
840	64	1.37781043640078
850	64	1.5366509340854055
860	64	1.6989327251578519
870	64	1.8627138784246071
0	65	3.993262440041471e-6
10	65	0.1526487166993149
20	65	0.298339474203396
30	65	0.4313398085892268
40	65	0.5479089629702478
50	65	0.6464755141007267
60	65	0.7273453410578536
70	65	0.7920482550717258
80	65	0.8427954668558547
90	65	0.8819699851563895
100	65	0.911851162566432
110	65	0.9344218124206681
120	65	0.9513589486846933
130	65	0.9640009080849634
140	65	0.973396716877701
150	65	0.9803591271268963
160	65	0.9855083870274502
170	65	0.989306169652502
180	65	0.9921031607049696
190	65	0.9941629925191217
200	65	0.9956745294789977
210	65	0.9967818807988118
220	65	0.9975911181609932
230	65	0.9981783462071482
240	65	0.9986030903384265
250	65	0.9989055151886244
260	65	0.9991166096478136
270	65	0.999258577354391
280	65	0.9993478948399023
290	65	0.9993958146971057
300	65	0.9994101220057385
310	65	0.9993966090789698
320	65	0.9993583851610105
330	65	0.9992975219545084
340	65	0.9992143756149272
350	65	0.9991087139106962
360	65	0.9989789671227675
370	65	0.9988230643953215
380	65	0.9986378758650624
390	65	0.9984195372349686
400	65	0.998163343698394
410	65	0.9978636254681689
420	65	0.9975136961288259
430	65	0.9971057340938174
440	65	0.9966305744089141
450	65	0.9960776199413289
460	65	0.9954346533932699
470	65	0.9946875378681169
480	65	0.9938200804829073
490	65	0.9928136961691233
500	65	0.9916472098175969
510	65	0.990296541744663
520	65	0.9887344227358075
530	65	0.9869301391359679
540	65	0.9848492991728246
550	65	0.9824536461271318
560	65	0.9797009155004431
570	65	0.9765448758394368
580	65	0.9729354225404587
590	65	0.9688189116674885
600	65	0.964138680581544
610	65	0.9588358108463979
620	65	0.9528501612917274
630	65	0.9461216574569465
640	65	0.9385918420950621
650	65	0.9302056633226156
660	65	0.9209135233133523
670	65	0.9106736814684556
680	65	0.8994553913823687
690	65	0.8872436676724843
700	65	0.8740478131905572
710	65	0.8599183621238667
720	65	0.8449824860269942
730	65	0.8295189065116939
740	65	0.814112778328776
750	65	0.7999533402824036
760	65	0.7893572003844078
770	65	0.7866327695313186
780	65	0.7989215052964277
790	65	0.8350863193333895
800	65	0.9015850085811464
810	65	0.9989446469875676
820	65	1.1212796480675455
830	65	1.2606780536409388
840	65	1.410437666245758
850	65	1.565972251512849
860	65	1.724457308940488
870	65	1.8842412873277403
0	66	4.223169301043685e-6
10	66	0.15036970320702853
20	66	0.2940870789253464
30	66	0.4256280908032202
40	66	0.5413483461611288
50	66	0.639645211955676
60	66	0.720690249711062
70	66	0.7858898618449899
80	66	0.8373067506165832
90	66	0.8772202798313067
100	66	0.9078312286011692
110	66	0.9310862372747482
120	66	0.9486304895631029
130	66	0.9617904070765199
140	66	0.9716236141790694
150	66	0.9789477839179611
160	66	0.9843899119540249
170	66	0.9884232123351917
180	66	0.9914097385459787
190	66	0.9936167681240268
200	66	0.9952451815655401
210	66	0.9964428331120753
220	66	0.9973212106316234
230	66	0.9979629563448292
240	66	0.9984277955315148
250	66	0.9987600875021722
260	66	0.9989923214510812
270	66	0.9991491228000472
280	66	0.9992475520509073
290	66	0.9992999874736801
300	66	0.9993151312367211
310	66	0.9992989635288172
320	66	0.9992551438706077
330	66	0.9991855276043208
340	66	0.9990912416572519
350	66	0.9989713372343711
360	66	0.9988246757354533
370	66	0.9986486260252507
380	66	0.9984399709018217
390	66	0.9981945853673422
400	66	0.9979072241638066
410	66	0.9975719189855297
420	66	0.9971814062744427
430	66	0.9967272271371489
440	66	0.9961996360576589
450	66	0.9955873400982499
460	66	0.9948773234337926
470	66	0.9940546327776255
480	66	0.9931021978930524
490	66	0.992000544680221
500	66	0.9907275643918055
510	66	0.9892582735336226
520	66	0.9875645517813731
530	66	0.9856149332313802
540	66	0.9833744223030483
550	66	0.9808043881937772
560	66	0.9778625338401035
570	66	0.9745029996178685
580	66	0.9706766017847717
590	66	0.9663312794890976
600	66	0.9614127211907902
610	66	0.955865258695577
620	66	0.9496329741787883
630	66	0.9426610538236406
640	66	0.9348973597920719
650	66	0.9262942207182909
660	66	0.9168104900769443
670	66	0.9064140732888827
680	66	0.8950854740142384
690	66	0.8828236313737043
700	66	0.8696568799514781
710	66	0.8556650335902976
720	66	0.8410251634378594
730	66	0.8261062375558875
740	66	0.8116535214358924
750	66	0.799151569173234
760	66	0.7913689168075508
770	66	0.793244865860197
780	66	0.8122334723107862
790	66	0.8563467013495284
800	66	0.9301084642991244
810	66	1.0321241071741203
820	66	1.1560084991642343
830	66	1.2945101063893942
840	66	1.4418375982513814
850	66	1.5941032313468795
860	66	1.748914128691054
870	66	1.9048594052299586
0	67	3.5841756348044567e-6
10	67	0.14815874264277965
20	67	0.2899479473726123
30	67	0.42005853559359035
40	67	0.5349227934307127
50	67	0.6329148791956322
60	67	0.7141056594979327
70	67	0.7797582611488949
80	67	0.8318120316781435
90	67	0.8724457416964396
100	67	0.9037699870998522
110	67	0.9276959841652028
120	67	0.9458394483005154
130	67	0.9595184646774679
140	67	0.9697918620295896
150	67	0.9774802705295614
160	67	0.983219574511808
170	67	0.9874959284125426
180	67	0.9906760317724739
190	67	0.9930369198823106
200	67	0.9947868460425703
210	67	0.9960791286941085
220	67	0.9970312711719007
230	67	0.9977295341473195
240	67	0.9982362885732858
250	67	0.9985996209873106
260	67	0.9988548470115829
270	67	0.9990271844970849
280	67	0.9991351575979297
290	67	0.9991924261091888
300	67	0.9992082525247603
310	67	0.9991889474904626
320	67	0.9991388968616521
330	67	0.9990600061429756
340	67	0.9989531704096724
350	67	0.9988179161594846
360	67	0.9986526860907614
370	67	0.9984547477393715
380	67	0.998220661895806
390	67	0.997945862453636
400	67	0.9976248974597259
410	67	0.9972511715395648
420	67	0.9968169832017808
430	67	0.9963132821747734
440	67	0.995729686415297
450	67	0.9950541819599339
460	67	0.994272991099558
470	67	0.9933703860650331
480	67	0.992328454589089
490	67	0.9911268850761562
500	67	0.9897427179885162
510	67	0.9881501643719199
520	67	0.9863203880755069
530	67	0.9842213416929201
540	67	0.981817634383312
550	67	0.9790705311508902
560	67	0.9759379787743296
570	67	0.9723748393109581
580	67	0.9683332301305206
590	67	0.9637630550935472
600	67	0.9586127682631592
610	67	0.9528303334300023
620	67	0.9463643970338055
630	67	0.9391656733918625
640	67	0.9311885183291249
650	67	0.9223927148519889
660	67	0.9127455863929104
670	67	0.9022247425871843
680	67	0.8908222600291491
690	67	0.8785520092465623
700	67	0.8654638137113503
710	67	0.8516720253279492
720	67	0.8374139010214419
730	67	0.8231669261812705
740	67	0.8098723203532447
750	67	0.7993254599452302
760	67	0.7948004846585306
770	67	0.8017799485822257
780	67	0.8277127296413396
790	67	0.8794350502790701
800	67	0.9595783511217874
810	67	1.065254504900115
820	67	1.189986509274799
830	67	1.3272471417866483
840	67	1.4720525889936098
850	67	1.6211022018172188
860	67	1.7723612797714845
870	67	1.9246192126396617
0	68	3.6059677926547983e-6
10	68	0.1460113695220197
20	68	0.285922644917548
30	68	0.4146200479263425
40	68	0.5286241887506451
50	68	0.6262896977256295
60	68	0.7075888074796665
70	68	0.7736618755193767
80	68	0.8263224185206974
90	68	0.8676401030744924
100	68	0.8996662161440832
110	68	0.9242513752202596
120	68	0.9429875879284713
130	68	0.9571867557384832
140	68	0.9679016365244552
150	68	0.9759598270293125
160	68	0.9820020122728804
170	68	0.9865254096203536
180	68	0.9899052819407052
190	68	0.9924245899379386
200	68	0.9942984627940333
210	68	0.9956898510608795
220	68	0.9967194050511162
230	68	0.9974753051761419
240	68	0.9980272721310316
250	68	0.9984240602675487
260	68	0.9987031174615225
270	68	0.9988919493241052
280	68	0.9990101231845827
290	68	0.9990723115696294
300	68	0.9990886072082839
310	68	0.9990658911221922
320	68	0.9990087275012187
330	68	0.9989196293044532
340	68	0.998799239214091
350	68	0.9986471765489211
360	68	0.9984616697087019
370	68	0.998240011420338
380	68	0.997978396736927
390	68	0.9976719076281779
400	68	0.9973146942501716
410	68	0.9968997127117544
420	68	0.9964187351784249
430	68	0.9958621802309973
440	68	0.9952189436748501
450	68	0.9944763861801815
460	68	0.9936199512386205
470	68	0.9926331978865786
480	68	0.9914973928372925
490	68	0.9901914518819771
500	68	0.9886916791648014
510	68	0.9869716011680352
520	68	0.985001808886649
530	68	0.9827498584790493
540	68	0.9801801913538567
550	68	0.9772542204778836
560	68	0.9739304582600774
570	68	0.9701648152781733
580	68	0.9659110590598248
590	68	0.9611214435096502
600	68	0.9557475427194114
610	68	0.9497412829640802
620	68	0.943056142908901
630	68	0.9356485536576303
640	68	0.927479463968077
650	68	0.9185161363604061
660	68	0.9087343724140922
670	68	0.8981216291965278
680	68	0.8866821049524568
690	68	0.8744460719614972
700	68	0.8614881312370504
710	68	0.8479638146366053
720	68	0.834182884581446
730	68	0.8207519516584534
740	68	0.8088342730465837
750	68	0.8005824196675687
760	68	0.7997709906135081
770	68	0.8122847809929743
780	68	0.8452371483494178
790	68	0.9040729334507932
800	68	0.9896866914752038
810	68	1.098136860105152
820	68	1.223139729573965
830	68	1.358896136367404
840	68	1.5011273030654695
850	68	1.647025265542003
860	68	1.7948533637395543
870	68	1.9435683197780107
0	69	3.122584363832171e-6
10	69	0.14392398002560258
20	69	0.2820039028862547
30	69	0.40931093634966287
40	69	0.5224533612920915
50	69	0.6197682214199498
60	69	0.7011446246998513
70	69	0.7676022550997736
80	69	0.8208325604933674
90	69	0.862814770820504
100	69	0.8955197249259862
110	69	0.9207542265548571
120	69	0.9400804535229674
130	69	0.9547978189633335
140	69	0.9659551022908468
150	69	0.9743846666147934
160	69	0.9807361392528535
170	69	0.9855109237720567
180	69	0.9890940656089603
190	69	0.9917762616378459
200	69	0.993780918128795
210	69	0.9952749135691427
220	69	0.9963830122616945
230	69	0.9972011773306446
240	69	0.9977998152423778
250	69	0.9982318427732743
260	69	0.9985362190316664
270	69	0.9987422038732178
280	69	0.998871105540825
290	69	0.9989383822519415
300	69	0.9989550162775009
310	69	0.9989285365630532
320	69	0.9988637581256999
330	69	0.9987633055164332
340	69	0.9986281075229274
350	69	0.9984577868232499
360	69	0.998250458529774
370	69	0.9980031096089154
380	69	0.9977117469308404
390	69	0.9973711585014782
400	69	0.996975052111155
410	69	0.9965159490348877
420	69	0.9959850413121569
430	69	0.9953721942438597
440	69	0.9946657285987661
450	69	0.9938522849396925
460	69	0.9929166374061951
470	69	0.9918415803213237
480	69	0.9906077126911254
490	69	0.9891932196537171
500	69	0.9875737661814367
510	69	0.9857223437139773
520	69	0.9836091290122074
530	69	0.9812014687749357
540	69	0.978463889426317
550	69	0.9753582118638333
560	69	0.9718438119004236
570	69	0.9678779796583138
580	69	0.9634164740662562
590	69	0.9584142306225941
600	69	0.9528262612536373
610	69	0.9466087185314761
620	69	0.9397201157688155
630	69	0.932122719267718
640	69	0.9237841074873131
650	69	0.9146790209915009
660	69	0.9047917842233348
670	69	0.89411997829406
680	69	0.8826807790651366
690	69	0.8705228984676812
700	69	0.8577499750585782
710	69	0.8445668821036307
720	69	0.8313702617211776
730	69	0.8189183992459753
740	69	0.8086266203802189
750	69	0.8030324323332894
760	69	0.8063805524481206
770	69	0.8247581744843344
780	69	0.8646382860150672
790	69	0.9299741288402535
800	69	1.0201624303665768
810	69	1.1306141110599945
820	69	1.2554193365833464
830	69	1.389473667743099
840	69	1.5291074842871217
850	69	1.6719261311312092
860	69	1.8164416872906217
870	69	1.9617512372495645
0	70	2.828723196874385e-6
10	70	0.1418961528498146
20	70	0.27818796534174817
30	70	0.404127728731889
40	70	0.5164058332946713
50	70	0.6133510142208957
60	70	0.6947721174691168
70	70	0.7615790292937492
80	70	0.8153528588535425
90	70	0.8579726955851927
100	70	0.8913389008565371
110	70	0.9172089371980375
120	70	0.9371188287579635
130	70	0.9523504877022452
140	70	0.9639517295981785
150	70	0.9727568031951128
160	70	0.9794205291211722
170	70	0.9844519569548319
180	70	0.9882424210317005
190	70	0.9910939068978235
200	70	0.9932319812663699
210	70	0.994831497014802
220	70	0.9960234477931192
230	70	0.996905857443446
240	70	0.9975536474591137
250	70	0.9980221968632346
260	70	0.9983528365850184
270	70	0.9985770161224278
280	70	0.9987170875729009
290	70	0.9987896058822412
300	70	0.9988065210857463
310	70	0.998775805990951
320	70	0.9987024941177246
330	70	0.99858983342194
340	70	0.9984386530531718
350	70	0.9982485592076854
360	70	0.9980176181619489
370	70	0.9977426325983523
380	70	0.9974193087069662
390	70	0.9970421522189529
400	70	0.9966044305083986
410	70	0.9960982403447964
420	70	0.9955142454253206
430	70	0.994841759611084
440	70	0.9940684634824001
450	70	0.9931803729688577
460	70	0.9921616169069853
470	70	0.9909943136457924
480	70	0.9896583919823856
490	70	0.9881314583146781
500	70	0.9863886566210601
510	70	0.9844025470830051
520	70	0.9821430986257592
530	70	0.9795776598788017
540	70	0.9766710601435578
550	70	0.9733858246605857
560	70	0.9696824694649534
570	70	0.9655199795210061
580	70	0.9608564138250038
590	70	0.9556496951768403
600	70	0.9498585256962416
610	70	0.9434434941784948
620	70	0.9363682832211114
630	70	0.9286010518545864
640	70	0.9201160096324792
650	70	0.9108953702709858
660	70	0.9009321057868036
670	70	0.8902343950227638
680	70	0.8788336332751834
690	70	0.866799685270489
700	70	0.8542705885245196
710	70	0.8415103393812227
720	70	0.8290187790196029
730	70	0.8177297357228245
740	70	0.809340465629386
750	70	0.8067826778206159
760	70	0.8147016683566239
770	70	0.8391504070332749
780	70	0.8857126529570033
790	70	0.9568579525360393
800	70	1.050773526587039
810	70	1.1625651625655293
820	70	1.2867962462654639
830	70	1.4190032163757917
840	70	1.5560390622047044
850	70	1.6958560380065997
860	70	1.8371744643325396
870	70	1.9792096208330983
0	71	2.789758927713802e-6
10	71	0.13992361827561767
20	71	0.2744700274646878
30	71	0.39906395497887404
40	71	0.5104787622013418
50	71	0.6070370814012095
60	71	0.6884735005178717
70	71	0.7555977452865009
80	71	0.8098841949096189
90	71	0.8531146477021566
100	71	0.8871236231981953
110	71	0.9136179151314409
120	71	0.9341026656104892
130	71	0.9498472330531951
140	71	0.9618933899825763
150	71	0.9710758418550778
160	71	0.9780554829393859
170	71	0.9833476395607444
180	71	0.9873516541651154
190	71	0.9903748169193909
200	71	0.992651316546022
210	71	0.9943603925155757
220	71	0.9956384311075721
230	71	0.9965879268980725
240	71	0.9972870565336767
250	71	0.9977937923991954
260	71	0.9981524700237995
270	71	0.9983955630909429
280	71	0.9985473471591955
290	71	0.9986251977966452
300	71	0.9986421237957608
310	71	0.9986064163059608
320	71	0.9985240516762034
330	71	0.9983980197201722
340	71	0.9982296112791492
350	71	0.9980181219075758
360	71	0.9977617642415245
370	71	0.9974570963272229
380	71	0.9970996133293563
390	71	0.9966833735361798
400	71	0.9962013076598819
410	71	0.9956450652837906
420	71	0.9950048271524631
430	71	0.9942693252419292
440	71	0.9934256746702949
450	71	0.9924592862516521
460	71	0.991353665738811
470	71	0.9900903454922413
480	71	0.988648672951065
490	71	0.9870057637280454
500	71	0.9851363511836718
510	71	0.9830127730531867
520	71	0.9806049361018254
530	71	0.9778804117092349
540	71	0.9748045875555621
550	71	0.9713409420667015
560	71	0.9674514227389551
570	71	0.9630969981748351
580	71	0.9582383130912477
590	71	0.9528365138288075
600	71	0.946854217956669
610	71	0.9402565876332192
620	71	0.933012554561053
630	71	0.9250961809518238
640	71	0.9164882895656828
650	71	0.9071786045545233
660	71	0.8971696301383008
670	71	0.8864789476241866
680	71	0.8751558155320285
690	71	0.8632941062098808
700	71	0.8510728295320621
710	71	0.8388265447723581
720	71	0.8271762930536944
730	71	0.8172557112796728
740	71	0.811064912496205
750	71	0.8119309452576039
760	71	0.8247724886049084
770	71	0.8553664562295992
780	71	0.9082339800488342
790	71	0.9844598664329391
800	71	1.0813260231409436
810	71	1.1938990876237587
820	71	1.3172567131350557
830	71	1.447513094751551
840	71	1.581967512241394
850	71	1.718863744687008
860	71	1.8570970108985803
870	71	1.995982497233049
0	72	2.4606860320062906e-6
10	72	0.1380052135174646
20	72	0.27084892740616157
30	72	0.3941179834641645
40	72	0.5046689544631556
50	72	0.6008225285678167
60	72	0.682248407921547
70	72	0.7496591795705998
80	72	0.8044262533733745
90	72	0.8482456810433472
100	72	0.882878133587672
110	72	0.909983308434954
120	72	0.9310364187336776
130	72	0.9472907621925101
140	72	0.9597811102627245
150	72	0.9693427270732399
160	72	0.9766414813449132
170	72	0.9821990549008482
180	72	0.9864197841853847
190	72	0.9896191491652734
200	72	0.9920378794843617
210	72	0.9938603193834269
220	72	0.9952274824380255
230	72	0.9962467993618922
240	72	0.996998992810109
250	72	0.9975459952749995
260	72	0.9979336572216225
270	72	0.9981965223176483
280	72	0.9983603209758679
290	72	0.998443810080622
300	72	0.9984603516604863
310	72	0.9984194553230092
320	72	0.9983270934740185
330	72	0.9981866899834766
340	72	0.9979995427469638
350	72	0.9977651852055703
360	72	0.9974816097645409
370	72	0.9971452125938651
380	72	0.9967511567873022
390	72	0.9962933251360635
400	72	0.9957641913125425
410	72	0.9951549612422647
420	72	0.9944553052612797
430	72	0.9936534819982984
440	72	0.9927360357055597
450	72	0.9916877925784794
460	72	0.9904917558547872
470	72	0.9891288796232253
480	72	0.9875780688943177
490	72	0.9858160339411022
500	72	0.9838172620502537
510	72	0.9815540047238741
520	72	0.9789963133652367
530	72	0.9761122051875897
540	72	0.9728678612347581
550	72	0.9692279689747656
560	72	0.9651561810860645
570	72	0.9606157014243865
580	72	0.9555700021354936
590	72	0.9499836759000332
600	72	0.9438233918227931
610	72	0.9370589890258421
620	72	0.9296646694408502
630	72	0.9216203844093176
640	72	0.9129135626204052
650	72	0.9035415428260685
660	72	0.8935154900005275
670	72	0.8828673130476546
680	72	0.8716625356693586
690	72	0.8600247143715697
700	72	0.8481817053907558
710	72	0.8365516736772309
720	72	0.8258960918319356
730	72	0.8175717365372617
740	72	0.8138985427407189
750	72	0.8185586120563867
760	72	0.8365928408787908
770	72	0.8732722774309986
780	72	0.9319653183282749
790	72	1.0125389320163076
800	72	1.111661246932155
810	72	1.2245498262341437
820	72	1.3467987830596635
830	72	1.4750348697149165
840	72	1.6069374061286896
850	72	1.7409955635600012
860	72	1.8762519355218017
870	72	2.012106468259156
0	73	2.2879213273944244e-6
10	73	0.1361377889506611
20	73	0.2673184843315922
30	73	0.38928551022645436
40	73	0.49897383892118863
50	73	0.5947058129728995
60	73	0.6760962259670459
70	73	0.7437635753630084
80	73	0.7989851020333956
90	73	0.8433680982470139
100	73	0.8786051266367384
110	73	0.906308560231767
120	73	0.9279224585754192
130	73	0.9446815190382213
140	73	0.9576155508387978
150	73	0.9675584404827378
160	73	0.9751795853320878
170	73	0.9810047369672409
180	73	0.985447153992253
190	73	0.9888267906162116
200	73	0.9913910454236904
210	73	0.9933300775250989
220	73	0.9947898010377508
230	73	0.9958812029665348
240	73	0.9966890549332803
250	73	0.997277552416562
260	73	0.9976954084715147
270	73	0.9979789554996691
280	73	0.9981553188621664
290	73	0.9982443011071702
300	73	0.9982604846004857
310	73	0.9982136186451
320	73	0.9981103637540918
330	73	0.9979544720056521
340	73	0.9977473277424502
350	73	0.9974884395462301
360	73	0.997175748264127
370	73	0.9968054852612294
380	73	0.9963726031739104
390	73	0.9958706031189287
400	73	0.9952916352284774
410	73	0.9946264670004955
420	73	0.9938643102475305
430	73	0.9929929140865947
440	73	0.9919983355527737
450	73	0.9908648953233249
460	73	0.9895750654166013
470	73	0.9881093846847827
480	73	0.9864463905677612
490	73	0.9845625214078463
500	73	0.9824321556087844
510	73	0.9800276340187626
520	73	0.9773193648635177
530	73	0.9742760083016756
540	73	0.9708647723895579
550	73	0.9670518086741766
560	73	0.9628027131183752
570	73	0.9580831595102215
580	73	0.952859651414565
590	73	0.9471003764252299
600	73	0.9407761720136852
610	73	0.9338615918867874
620	73	0.9263361020997757
630	73	0.9181855181504209
640	73	0.9094039018486736
650	73	0.8999964235327615
660	73	0.8899841913103474
670	73	0.8794129631872067
680	73	0.8683693720032454
690	73	0.8570147752444965
700	73	0.8456249083037337
710	73	0.8347262023994803
720	73	0.8252369446233584
730	73	0.818757571991161
740	73	0.817930139979355
750	73	0.8267241216020617
760	73	0.8501233302726858
770	73	0.8927031689112744
780	73	0.9566699807623239
790	73	1.0408821323388784
800	73	1.141652028822434
810	73	1.2544715333576568
820	73	1.3754294592501024
830	73	1.5016021626973692
840	73	1.6309921016952706
850	73	1.7622954267214301
860	73	1.894679319818637
870	73	2.0276158980404855
0	74	2.1232051211774086e-6
10	74	0.13432032981185085
20	74	0.2638773807290124
30	74	0.38456284617572173
40	74	0.4933911946728477
50	74	0.588689954570793
60	74	0.6700187813121813
70	74	0.7379139905749141
80	74	0.7935611235126359
90	74	0.8384836847154052
100	74	0.8743069850278874
110	74	0.9025955609904205
120	74	0.9247609753161578
130	74	0.9420211223644266
140	74	0.9553978558182635
150	74	0.9657236933135569
160	74	0.9736684041721733
170	74	0.9797656132054645
180	74	0.9844329051926067
190	74	0.9879967078769589
200	74	0.9907105239036479
210	74	0.9927693862835072
220	74	0.9943242352345362
230	74	0.9954902188676482
240	74	0.996355667009751
250	74	0.996987626423105
260	74	0.9974367558823278
270	74	0.9977416699202113
280	74	0.9979309108244888
290	74	0.9980256209274009
300	74	0.9980409757865049
310	74	0.9979877168993456
320	74	0.9978727619604248
330	74	0.9977001833605974
340	74	0.9974716059881741
350	74	0.9971865389480775
360	74	0.9968428105368933
370	74	0.9964365847251123
380	74	0.995962500586735
390	74	0.9954138021393335
400	74	0.9947822855386685
410	74	0.9940582741258271
420	74	0.9932305850519493
430	74	0.992286476670234
440	74	0.9912115644073215
450	74	0.9899897219930829
460	74	0.9886030038244553
470	74	0.9870315965514892
480	74	0.9852537589729139
490	74	0.9832458257628005
500	74	0.980982205354485
510	74	0.9784355020063719
520	74	0.9755766709687194
530	74	0.9723752419310868
540	74	0.9687996760517813
550	74	0.9648178086035124
560	74	0.9603973971456967
570	74	0.9555067821851222
580	74	0.9501156599143482
590	74	0.9441959293543941
600	74	0.9377226516552302
610	74	0.9306751016299925
620	74	0.9230379828673966
630	74	0.9147980595502655
640	74	0.9059708274104824
650	74	0.8965549505518016
660	74	0.8865872988008172
670	74	0.8761293944316526
680	74	0.8652926158379585
690	74	0.85427575302284
700	74	0.8434333232127125
710	74	0.8333952521238877
720	74	0.8252627843488659
730	74	0.8208951998863558
740	74	0.8232408900082232
750	74	0.8364578290456505
760	74	0.865287377900945
770	74	0.9134732210035351
780	74	0.9821205977580726
790	74	1.069305962460388
800	74	1.1711985745805653
810	74	1.2836346080923937
820	74	1.4031624588649072
830	74	1.5272497433728298
840	74	1.654173537961084
850	74	1.7828049691552792
860	74	1.9124168895044202
870	74	2.042543084048766
0	75	2.0063668775962654e-6
10	75	0.1325503848683535
20	75	0.2605212395675241
30	75	0.3799470153473819
40	75	0.4879190909738263
50	75	0.5827704881888038
60	75	0.6640150581500808
70	75	0.7321128838777504
80	75	0.7881576110823654
90	75	0.8335953022487279
100	75	0.869986647440515
110	75	0.8988461173712909
120	75	0.9215546707081433
130	75	0.939312381808875
140	75	0.9531298713114613
150	75	0.9638374732335666
160	75	0.9721093351000912
170	75	0.9784812008990678
180	75	0.9833768023691798
190	75	0.9871283952094349
200	75	0.9899948777058827
210	75	0.9921770235559235
220	75	0.9938300397945087
230	75	0.995073215421386
240	75	0.9959979677475662
250	75	0.9966747597002324
260	75	0.9971565398322058
270	75	0.9974835899368487
280	75	0.9976861598405805
290	75	0.9977865284664568
300	75	0.9978008823337315
310	75	0.9977405498260857
320	75	0.9976129941631123
330	75	0.9974225583683315
340	75	0.9971710960768352
350	75	0.9968581644733245
360	75	0.9964815223944772
370	75	0.9960371564688707
380	75	0.9955195413545539
390	75	0.9949216162443586
400	75	0.9942348244645461
410	75	0.993449130215841
420	75	0.9925529588265576
430	75	0.9915331403617091
440	75	0.9903748872923941
450	75	0.9890616744183907
460	75	0.9875752436307362
470	75	0.985895521986378
480	75	0.984000629083728
490	75	0.9818668982959877
500	75	0.979468954018015
510	75	0.9767798443132565
520	75	0.9737712477847313
530	75	0.9704137800573297
540	75	0.9666773581788685
550	75	0.9625317124467507
560	75	0.9579469470444943
570	75	0.9528942359213954
580	75	0.9473465815527962
590	75	0.9412796682388208
600	75	0.9346728007298701
610	75	0.9275099519620803
620	75	0.9197810343995945
630	75	0.9114835880456483
640	75	0.9026253261837816
650	75	0.8932283795416194
660	75	0.8833368227849611
670	75	0.8730303921978483
680	75	0.8624496476726851
690	75	0.8518417218485487
700	75	0.841641477464979
710	75	0.8326087354317037
720	75	0.8260419098040314
730	75	0.8240658367586581
740	75	0.829897463246992
750	75	0.8477588399820178
760	75	0.8819757237495618
770	75	0.9353848988075282
780	75	1.0081058810564658
790	75	1.0976559166260582
800	75	1.2002243903199021
810	75	1.312022369741752
820	75	1.4300164437460914
830	75	1.5520128519981897
840	75	1.676522109222132
850	75	1.8025636277040622
860	75	1.9295001751603935
870	75	2.0569184125463824
0	76	1.866417951136791e-6
10	76	0.13082640538061133
20	76	0.25724723185898907
30	76	0.3754339955696661
40	76	0.48255196652153204
50	76	0.5769454948773202
60	76	0.6580857939567201
70	76	0.7263584975880212
80	76	0.7827755938786843
90	76	0.8287071059130543
100	76	0.8656463862856569
110	76	0.8950639254919913
120	76	0.9183065995347657
130	76	0.9365554771098591
140	76	0.950810974112315
150	76	0.9619024900852361
160	76	0.9705025203544356
170	76	0.9771517278705192
180	76	0.9822787992668901
190	76	0.9862214468679043
200	76	0.9892440129663859
210	76	0.9915522460698083
220	76	0.9933060308253071
230	76	0.9946286709143203
240	76	0.9956150536311071
250	76	0.996338214938242
260	76	0.9968535932952094
270	76	0.9972036188852814
280	76	0.9974198173197284
290	76	0.997525870493912
300	76	0.9975388622180941
310	76	0.9974708008725439
320	76	0.9973297203954974
330	76	0.9971202935201762
340	76	0.9968445030259865
350	76	0.9965020271553323
360	76	0.9960905119886622
370	76	0.9956058990315044
380	76	0.9950424238104275
390	76	0.9943927633284959
400	76	0.9936480661079751
410	76	0.9927979216400469
420	76	0.9918304300268886
430	76	0.9907320541340716
440	76	0.9894876323846591
450	76	0.9880803512319143
460	76	0.9864917093491746
470	76	0.9847014768490144
480	76	0.9826877679167517
490	76	0.9804270660385225
500	76	0.9778943560056985
510	76	0.9750633106056552
520	76	0.9719065306663298
530	76	0.9683958996612252
540	76	0.9645029919808664
550	76	0.9601996054184533
560	76	0.9554583569164434
570	76	0.9502533684573954
580	76	0.9445610378798143
590	76	0.9383608658573562
600	76	0.9316363853515756
610	76	0.9243762385231068
620	76	0.9165755292268172
630	76	0.9082377617618184
640	76	0.8993778988196383
650	76	0.8900276296170692
660	76	0.880244773321804
670	76	0.8701303284272136
680	76	0.8598576474335071
690	76	0.84973731890386
700	76	0.8402878899500581
710	76	0.8324212330683881
720	76	0.8276456080596608
730	76	0.8283461953064379
740	76	0.8379470068595052
750	76	0.8605941395162303
760	76	0.9000527177823374
770	76	0.9582379434432127
780	76	1.0344350234221749
790	76	1.1258045603363656
800	76	1.2286724971538445
810	76	1.339628313466844
820	76	1.4560136360353915
830	76	1.5759266929045532
840	76	1.698076594498301
850	76	1.821608743167713
860	76	1.9459626614998655
870	76	2.0707705000374608
0	77	1.6477180089038015e-6
10	77	0.1291462900104242
20	77	0.25405272910060517
30	77	0.3710213449511573
40	77	0.47729033068974397
50	77	0.571215797562767
60	77	0.6522306415636236
70	77	0.7206532140648982
80	77	0.777419101916443
90	77	0.8238192745848428
100	77	0.8612895844249724
110	77	0.8912507912814793
120	77	0.915017999877604
130	77	0.9337520819513447
140	77	0.9484443208112956
150	77	0.9599181080329213
160	77	0.9688478150675522
170	77	0.9757769329332817
180	77	0.9811382751285365
190	77	0.9852752384098585
200	77	0.9884570060959781
210	77	0.9908944472238409
220	77	0.9927516084397013
230	77	0.9941559180216049
240	77	0.9952057353399625
250	77	0.9959767222657289
260	77	0.9965269733663171
270	77	0.9969005532105178
280	77	0.9971307817218835
290	77	0.9972424949543262
300	77	0.9972537704140918
310	77	0.9971773656962258
320	77	0.997021817585493
330	77	0.9967921541061439
340	77	0.9964905605186001
350	77	0.9961167964623105
360	77	0.9956685220432899
370	77	0.9951415379475634
380	77	0.9945299039154742
390	77	0.9938260668615269
400	77	0.993020878168844
410	77	0.9921036551591241
420	77	0.9910621484711704
430	77	0.9898825281501255
440	77	0.9885493567469431
450	77	0.9870455960522803
460	77	0.9853525849085351
470	77	0.9834500768876593
480	77	0.9813162868915579
490	77	0.9789280018064538
500	77	0.9762607323696968
510	77	0.9732889445309234
520	77	0.9699863416262604
530	77	0.966326254714908
540	77	0.9622820844208332
550	77	0.9578278548502037
560	77	0.9529388152538202
570	77	0.947592132551607
580	77	0.9417676361271897
590	77	0.9354486464086305
600	77	0.9286228979262349
610	77	0.9212836662378545
620	77	0.9134312714220026
630	77	0.9050753564915716
640	77	0.8962386329162365
650	77	0.8869602500800354
660	77	0.8773233910147517
670	77	0.867444488049231
680	77	0.8575424402133462
690	77	0.8479878974296604
700	77	0.8394152738115293
710	77	0.8328915232059111
720	77	0.8301461301405701
730	77	0.8338042630689041
740	77	0.8474131789013392
750	77	0.8748999793727152
760	77	0.9193636380171685
770	77	0.981836978825831
780	77	1.060939944374085
790	77	1.1536488060990893
800	77	1.256502049776793
810	77	1.3664538712296195
820	77	1.4811787359034159
830	77	1.5990260650312624
840	77	1.718874131085678
850	77	1.8399756686626196
860	77	1.9618359285419782
870	77	2.084126325835871
0	78	1.601950815800336e-6
10	78	0.12750860225391522
20	78	0.2509347206162491
30	78	0.3667051097966914
40	78	0.47212980965912926
50	78	0.5655780053116443
60	78	0.6464498765813407
70	78	0.7149989222120531
80	78	0.7720869486833012
90	78	0.8189357105707541
100	78	0.8569176781439187
110	78	0.887408003780053
120	78	0.9116906938678235
130	78	0.9309050960297968
140	78	0.9460301991039741
150	78	0.9578860253907069
160	78	0.9671462087485202
170	78	0.9743568163913696
180	78	0.9799553842399845
190	78	0.9842894663471772
200	78	0.9876332662286573
210	78	0.9902026567593915
220	78	0.9921657587869679
230	78	0.9936540081354251
240	78	0.9947690926938116
250	78	0.9955893734638892
260	78	0.9961754139250003
270	78	0.996573284545021
280	78	0.9968178579300234
290	78	0.9969351812936766
300	78	0.9969443593568823
310	78	0.9968589676381515
320	78	0.9966879955869826
330	78	0.9964368701951355
340	78	0.9961080008289959
350	78	0.9957012926473351
360	78	0.9952143281340396
370	78	0.9946428776621408
380	78	0.9939808235136314
390	78	0.9932204237341636
400	78	0.9923522748954549
410	78	0.9913654438140503
420	78	0.9902474000273583
430	78	0.988984079979008
440	78	0.9875598338560693
450	78	0.9859574904646403
460	78	0.984158348623072
470	78	0.9821422386572541
480	78	0.9798876219745353
490	78	0.977371738545715
500	78	0.9745707774181075
510	78	0.9714601569262656
520	78	0.9680148625955831
530	78	0.9642098274320979
540	78	0.9600204298655686
550	78	0.9554230446164115
560	78	0.9503956494191688
570	78	0.9449185052896522
580	78	0.938974891995789
590	78	0.9325519251461639
600	78	0.9256415020340842
610	78	0.9182415185095191
620	78	0.9103575936420252
630	78	0.9020058027620285
640	78	0.8932173095582656
650	78	0.8840464937219448
660	78	0.8745854073350775
670	78	0.8649894156778334
680	78	0.8555220198771472
690	78	0.8466309371138309
700	78	0.8390705418943483
710	78	0.8340816848105622
720	78	0.8336140320356938
730	78	0.8404950035371636
740	78	0.8582936863431188
750	78	0.8905852244020007
760	78	0.9397422884636173
770	78	1.0059974551336084
780	78	1.0874757775801782
790	78	1.1811068712470603
800	78	1.2836853947021984
810	78	1.3925065967206525
820	78	1.5055380812087291
830	78	1.621345091888675
840	78	1.7389502177783516
850	78	1.8576978767383951
860	78	1.9771497815029477
870	78	2.0970113480454735
0	79	1.4885054951548793e-6
10	79	0.12591173966683825
20	79	0.2478907199418246
30	79	0.3624832212348507
40	79	0.46706841462369225
50	79	0.5600315795920553
60	79	0.6407419192962114
70	79	0.709395754773186
80	79	0.7667838746598199
90	79	0.8140578208372083
100	79	0.8525332997686429
110	79	0.8835393240123579
120	79	0.908326710509062
130	79	0.9280144977723555
140	79	0.943569492125902
150	79	0.9558064506330611
160	79	0.9653977353713702
170	79	0.972891832485461
180	79	0.9787297177985078
190	79	0.9832634158825144
200	79	0.9867722354125873
210	79	0.9894761950561531
220	79	0.991547758438596
230	79	0.9931219963648276
240	79	0.9943039915418381
250	79	0.9951750553943336
260	79	0.9957978733988403
270	79	0.996220665428415
280	79	0.99647978850853
290	79	0.9966027391106517
300	79	0.996609460920061
310	79	0.9965143600576046
320	79	0.9963270101890723
330	79	0.9960532059224495
340	79	0.9956956186311644
350	79	0.995254233644632
360	79	0.9947267373122609
370	79	0.9941087674434506
380	79	0.9933941181918821
390	79	0.9925748498600618
400	79	0.9916413858987008
410	79	0.9905825679861859
420	79	0.9893856643976169
430	79	0.9880364122484382
440	79	0.9865190643184921
450	79	0.9848163926700021
460	79	0.9829097520291648
470	79	0.9807791942216496
480	79	0.9784035549510551
490	79	0.9757606540161925
500	79	0.9728275271158909
510	79	0.9695807077636562
520	79	0.9659965966962737
530	79	0.9620518849991957
540	79	0.9577240514626665
550	79	0.9529919150039435
560	79	0.9478362448409476
570	79	0.942240421015615
580	79	0.9361911617798301
590	79	0.9296793407697849
600	79	0.9227009881642522
610	79	0.9152586407864444
620	79	0.9073633786052454
630	79	0.8990381558617105
640	79	0.8903235317458185
650	79	0.8812877244458952
660	79	0.8720443287875462
670	79	0.8627832726919444
680	79	0.8538238039125802
690	79	0.8457018153017114
700	79	0.8393045500927715
710	79	0.8360557136809089
720	79	0.8381149946870561
730	79	0.8484564480448242
740	79	0.8705595672963016
750	79	0.9075361783066284
760	79	0.9610182192648623
770	79	1.0305498104625834
780	79	1.1139200722560614
790	79	1.20811524252778
800	79	1.3102055636466652
810	79	1.4177987046775224
820	79	1.5291189993886585
830	79	1.64291703399581
840	79	1.7583387388455325
850	79	1.874807063357145
860	79	1.9919323713379071
870	79	2.109449614174951
0	80	1.3597572766335014e-6
10	80	0.1243540531328026
20	80	0.2449178797866445
30	80	0.3583522585586698
40	80	0.462103829525317
50	80	0.5545745164619185
60	80	0.6351077629237399
70	80	0.7038443983320802
80	80	0.7615082503339484
90	80	0.8091876133583606
100	80	0.848138366101723
110	80	0.8796461052925371
120	80	0.9049285707222268
130	80	0.9250828371982193
140	80	0.9410639542241025
150	80	0.953680248329148
160	80	0.9636031384426803
170	80	0.9713819059173943
180	80	0.9774612540085971
190	80	0.9821972654070618
200	80	0.9858734186746317
210	80	0.9887143155805308
220	80	0.9908965796858603
230	80	0.9925589271622854
240	80	0.9938094973111061
250	80	0.9947325687422154
260	80	0.995393256966581
270	80	0.9958415289001419
280	80	0.9961155556337601
290	80	0.9962439634323071
300	80	0.9962478726752109
310	80	0.996142392350264
320	80	0.9959376533550571
330	80	0.9956399554638206
340	80	0.9952521983923194
350	80	0.994774503992616
360	80	0.994204605208052
370	80	0.9935381307617405
380	80	0.9927687885502102
390	80	0.9918884843908596
400	80	0.9908874773687176
410	80	0.989754473300866
420	80	0.9884765797576921
430	80	0.9870394538836653
440	80	0.9854272804533231
450	80	0.9836229015886017
460	80	0.9816078469979103
470	80	0.979362484065132
480	80	0.976866171208089
490	80	0.9740974574422857
500	80	0.9710343570969657
510	80	0.9676546623129053
520	80	0.9639363325767387
530	80	0.959857934211058
540	80	0.9553991439794671
550	80	0.9505412956594483
560	80	0.945267982229376
570	80	0.9395657032664757
580	80	0.9334296942337997
590	80	0.9268392145625841
600	80	0.9198174346851538
610	80	0.9123434436458198
620	80	0.9044571040791453
630	80	0.8961811882860602
640	80	0.8875668787974565
650	80	0.8786984409406047
660	80	0.8697147419032729
670	80	0.8608461966025878
680	80	0.8524765198187516
690	80	0.8452411232618638
700	80	0.84017152283161
710	80	0.8388776262733472
720	80	0.8437063488754292
730	80	0.8577066232411451
740	80	0.8841562243355438
750	80	0.9256223183612262
760	80	0.9830230613772247
770	80	1.0553419458231086
780	80	1.140171163409993
790	80	1.2346258369680159
800	80	1.336054165097066
810	80	1.4423459021099807
820	80	1.551949308065973
830	80	1.6637741578554908
840	80	1.7770720052167555
850	80	1.8913332514933856
860	80	2.0062103071413833
870	80	2.1214638609591683
0	81	1.3033237599789344e-6
10	81	0.12283440002752784
20	81	0.24201417462365138
30	81	0.3543094288270977
40	81	0.4572339170101074
50	81	0.549205805339183
60	81	0.6295457332660461
70	81	0.6983445741483832
80	81	0.7562639029603377
90	81	0.8043267454633859
100	81	0.8437353399184596
110	81	0.8757303532634229
120	81	0.9014969730761548
130	81	0.9221112743534025
140	81	0.9385145149946185
150	81	0.9515083765752822
160	81	0.9617624833374637
170	81	0.9698272196811567
180	81	0.9761497673038796
190	81	0.9810902791801354
200	81	0.9849362270702521
210	81	0.9879164546553878
220	81	0.9902116181682536
230	81	0.991963814496537
240	81	0.9932846672714869
250	81	0.9942610654096418
260	81	0.994960406728215
270	81	0.9954347873463256
280	81	0.9957238875751139
290	81	0.9958576931834987
300	81	0.9958583636389293
310	81	0.9957417850608178
320	81	0.9955187653299585
330	81	0.9951959439157588
340	81	0.9947765995469735
350	81	0.9942609677763184
360	81	0.9936469032932762
370	81	0.9929300199109486
380	81	0.9921039459175448
390	81	0.9911605377012993
400	81	0.9900899436394665
410	81	0.9888807595884539
420	81	0.9875200092824897
430	81	0.9859933223647472
440	81	0.9842849589114477
450	81	0.9823778974349764
460	81	0.9802539548833278
470	81	0.9778939510665666
480	81	0.9752778823028393
490	81	0.9723851695213204
500	81	0.9691949365492394
510	81	0.9656863664397515
520	81	0.9618390950242425
530	81	0.9576336619771789
540	81	0.9530520144038858
550	81	0.9480780434017126
560	81	0.9426981742117579
570	81	0.9369020014513995
580	81	0.9306830206420679
590	81	0.9240395149116474
600	81	0.9169757740072385
610	81	0.9095039248957308
620	81	0.9016498390023696
630	81	0.8934435093040275
640	81	0.8849570880157309
650	81	0.8762906307694213
660	81	0.8676126297906683
670	81	0.8592006421960832
680	81	0.8515121414802336
690	81	0.8452931103128353
700	81	0.8417281041469404
710	81	0.8426090899731082
720	81	0.8504336164086843
730	81	0.8682416543217822
740	81	0.899006008979869
750	81	0.9447023584841716
760	81	1.0055956519372649
770	81	1.0802402604236614
780	81	1.1661460925600777
790	81	1.2606034536720159
800	81	1.361229631436662
810	81	1.466166455337214
820	81	1.574056934373429
830	81	1.6839476521434202
840	81	1.7951808049985478
850	81	1.9073048883237365
860	81	2.0200087602595445
870	81	2.133075605095539
0	82	1.2430588205699883e-6
10	82	0.12135118601005622
20	82	0.2391770117506969
30	82	0.3503528664015513
40	82	0.4524556354252468
50	82	0.5439234668168479
60	82	0.6240564864018413
70	82	0.6928980949726181
80	82	0.7510506897570133
90	82	0.7994772936708098
100	82	0.8393261138820511
110	82	0.8717939939658929
120	82	0.8980346441642915
130	82	0.9191012677229476
140	82	0.9359221179700729
150	82	0.9492915002067804
160	82	0.9598763961028774
170	82	0.968227902862073
180	82	0.9747952372948011
190	82	0.9799420406354731
200	82	0.9839600415918106
210	82	0.9870818139273192
220	82	0.9894917602896217
230	82	0.9913358144374317
240	82	0.992728482711859
250	82	0.9937592998831295
260	82	0.9944982594479936
270	82	0.9949992790875385
280	82	0.9953036792627565
290	82	0.9954427758463181
300	82	0.9954397987092017
310	82	0.9953114567975356
320	82	0.9950691550003439
330	82	0.9947200727957729
340	82	0.9942677077479399
350	82	0.9937125851347219
360	82	0.9930526437984575
370	82	0.9922835131422024
380	82	0.9913988363423863
390	82	0.9903904163667887
400	82	0.989248358235368
410	82	0.9879612014015465
420	82	0.9865159895708057
430	82	0.9848984010662669
440	82	0.983092832276711
450	82	0.9810825240480571
460	82	0.9788496952355331
470	82	0.9763757302509722
480	82	0.9736413943618234
490	82	0.970627097732664
500	82	0.9673132073575632
510	82	0.9636804061600267
520	82	0.959710103376811
530	82	0.9553848886947792
540	82	0.9506890261768839
550	82	0.9456089833283251
560	82	0.9401359226616125
570	82	0.9342567477528931
580	82	0.927974036448207
590	82	0.9212878336236593
600	82	0.9142066445686141
610	82	0.9067477136610945
620	82	0.8989406643456747
630	82	0.8908337013018824
640	82	0.8825042571812748
650	82	0.8740772179659598
660	82	0.8657556925776021
670	82	0.8578716891751298
680	82	0.8509660239655965
690	82	0.8459053270159103
700	82	0.8440320003793265
710	82	0.8473066930763961
720	82	0.8583274179001719
730	82	0.8800352293304065
740	82	0.9150120107577028
750	82	0.9646301185182077
760	82	1.0285858134272239
770	82	1.1051295685327345
780	82	1.1917783619714233
790	82	1.2860235452395976
800	82	1.3857357745572947
810	82	1.4892804498836387
820	82	1.5954696272215516
830	82	1.703467579133569
840	82	1.8126944612240778
850	82	1.9227489395701842
860	82	2.033351559745466
870	82	2.144305228488223
0	83	1.145894529117738e-6
10	83	0.11990311794238658
20	83	0.23640430364291456
30	83	0.3464790667265937
40	83	0.44776721077176074
50	83	0.5387262749958518
60	83	0.6186389232855312
70	83	0.6875048003329012
80	83	0.745870293943711
90	83	0.7946408807778179
100	83	0.8349123230872322
110	83	0.8678392266214764
120	83	0.8945427661510335
130	83	0.9160545471928511
140	83	0.933288237578275
150	83	0.9470307885772639
160	83	0.9579456769007183
170	83	0.9665839994173024
180	83	0.9733974899256359
190	83	0.9787525370068387
200	83	0.982944566158762
210	83	0.9862097740034795
220	83	0.9887365841187948
230	83	0.9906740521893788
240	83	0.9921399036993291
250	83	0.993226439343813
260	83	0.9940058073157279
270	83	0.9945339389867947
280	83	0.9948538099642928
290	83	0.9949980860287895
300	83	0.994991026750245
310	83	0.9948502173499216
320	83	0.9945877421632401
330	83	0.9942112115249903
340	83	0.9937245145235885
350	83	0.9931283974722689
360	83	0.9924209358312028
370	83	0.9915978337790066
380	83	0.9906528154830847
390	83	0.9895776362300893
400	83	0.9883624403988968
410	83	0.986995777057227
420	83	0.9854647812655414
430	83	0.9837552687029856
440	83	0.981851871918768
450	83	0.9797381883181586
460	83	0.9773969538334948
470	83	0.9748102344676006
480	83	0.971959682529067
490	83	0.9688268176370513
500	83	0.9653933517642873
510	83	0.9616415642329548
520	83	0.9575547194382382
530	83	0.9531175090173117
540	83	0.9483165417586304
550	83	0.9431408529750969
560	83	0.9375824811573243
570	83	0.9316371064448062
580	83	0.9253048519852466
590	83	0.9185913859961115
600	83	0.9115095688445523
610	83	0.9040821261939235
620	83	0.8963461080069716
630	83	0.8883604836077802
640	83	0.8802190677767228
650	83	0.8720723465783738
660	83	0.8641636579884987
670	83	0.856887292777732
680	83	0.8508768903754835
690	83	0.8471279794067238
700	83	0.8471402177853513
710	83	0.8530190456077895
720	83	0.8674010759926617
730	83	0.8930394381321913
740	83	0.9320626200635116
750	83	0.9852597853234866
760	83	1.051856816168447
770	83	1.1299122302357738
780	83	1.2170157126437369
790	83	1.3108703041979146
800	83	1.409580600126502
810	83	1.5117092059688084
820	83	1.6162147424032016
830	83	1.7223628514618246
840	83	1.82964089290676
850	83	1.937690978598982
860	83	2.046261282973177
870	83	2.155172054926816
0	84	1.0526936163812244e-6
10	84	0.11848905727392861
20	84	0.23369382867887487
30	84	0.34268607306076143
40	84	0.44316650046129713
50	84	0.5336127599350313
60	84	0.613292167860687
70	84	0.6821647885457764
80	84	0.7407235174298707
90	84	0.7898187596988926
100	84	0.8304957814133219
110	84	0.8638675944874572
120	84	0.89102335627685
130	84	0.9129724426825686
140	84	0.930614044533309
150	84	0.9447266477388021
160	84	0.95597059914846
170	84	0.9648962000151525
180	84	0.9719566070065027
190	84	0.9775213575255268
200	84	0.9818890902304694
210	84	0.9852997269392361
220	84	0.9879451328131319
230	84	0.9899777132592962
240	84	0.9915181127881169
250	84	0.9926613905844187
260	84	0.9934819087770476
270	84	0.9940376459717932
280	84	0.9943731693412337
290	84	0.9945224921137565
300	84	0.9945109440028447
310	84	0.9943570016571767
320	84	0.9940734271346171
330	84	0.9936683562798821
340	84	0.9931460415786417
350	84	0.9925074862115844
360	84	0.9917509836821488
370	84	0.9908723508869547
380	84	0.9898653509351847
390	84	0.9887218744226455
400	84	0.9874320800620238
410	84	0.9859846502733226
420	84	0.984366856067419
430	84	0.9825647475480377
440	84	0.9805632942152069
450	84	0.9783465544487917
460	84	0.9758978852320999
470	84	0.9732001459265149
480	84	0.9702359853608278
490	84	0.9669881359992768
500	84	0.9634397472799653
510	84	0.9595747814791493
520	84	0.9553784061444058
530	84	0.9508374496015805
540	84	0.9459408680378345
550	84	0.9406802506896824
560	84	0.9350503882528187
570	84	0.9290499456854215
580	84	0.9226823410988203
590	84	0.9159570155135288
600	84	0.9088914158087816
610	84	0.9015142480993708
620	84	0.8938699507410128
630	84	0.8860328916715635
640	84	0.8781130234294159
650	84	0.870291666804571
660	84	0.8628585691949644
670	84	0.8562784482912121
680	84	0.8512866282437834
690	84	0.8490129576624228
700	84	0.8511069446056055
710	84	0.8597839590707552
720	84	0.8776491657972179
730	84	0.9071868453814783
740	84	0.9500364158547624
750	84	1.0064502872136014
760	84	1.0752866740245757
770	84	1.1545067910797528
780	84	1.2418180392476694
790	84	1.335135038739494
800	84	1.4327753446707316
810	84	1.5334748181764237
820	84	1.6363190844079403
830	84	1.7406612292384698
840	84	1.8460466785723033
850	84	1.95215527006532
860	84	2.058759336060931
870	84	2.165694420249529
0	85	1.002646587291181e-6
10	85	0.11710781983635107
20	85	0.2310435671712208
30	85	0.33897151151056537
40	85	0.43865092767857855
50	85	0.5285811003406236
60	85	0.6080159523957263
70	85	0.6768782327803405
80	85	0.7356115215531059
90	85	0.7850125619386026
100	85	0.8260784459564915
110	85	0.8598809688302519
120	85	0.88747797620219
130	85	0.9098565109345247
140	85	0.9279004733167324
150	85	0.9423801669317299
160	85	0.9539516173881847
170	85	0.963164271178879
180	85	0.9704725636669392
190	85	0.9762483387585152
200	85	0.9807933276432031
210	85	0.9843510818195071
220	85	0.9871166784940572
230	85	0.98924580935984
240	85	0.9908620903209799
250	85	0.992063089696302
260	85	0.9929255773254864
270	85	0.9935093396216187
280	85	0.9938606543345684
290	85	0.9940148735627832
300	85	0.9939984581044863
310	85	0.9938307499568515
320	85	0.9935252168343864
330	85	0.9930905335933655
340	85	0.992531369571074
350	85	0.991849079089918
360	85	0.9910421052143452
370	85	0.9901064805422995
380	85	0.9890360981416216
390	85	0.9878229534610468
400	85	0.9864573638200804
410	85	0.9849281737565926
420	85	0.9832228908110779
430	85	0.9813278932675519
440	85	0.9792285667911539
450	85	0.9769095460198759
460	85	0.9743549005268116
470	85	0.9715483906509157
480	85	0.9684737665955074
490	85	0.9651150584178109
500	85	0.9614569388805431
510	85	0.9574851037943292
520	85	0.9531866682097381
530	85	0.948550607928214
540	85	0.943568212120238
550	85	0.9382335917606256
560	85	0.9325442525631699
570	85	0.9265018168080742
580	85	0.9201130226677553
590	85	0.9133912197095347
600	85	0.9063587716294567
610	85	0.899051028992265
620	85	0.8915229910876702
630	85	0.8838604784835675
640	85	0.8761987044481122
650	85	0.8687526193292195
660	85	0.8618650308034015
670	85	0.8560792421616822
680	85	0.8522398571713371
690	85	0.8516125229624242
700	85	0.8559811894856331
710	85	0.8676259715745555
720	85	0.8890471509201582
730	85	0.9223935377647992
740	85	0.9688069651262314
750	85	1.028068646853174
760	85	1.098768491936209
770	85	1.1788463668844162
780	85	1.2661555003075475
790	85	1.3588148073552304
800	85	1.4553336920308357
810	85	1.5545997941409948
820	85	1.6558087931111252
830	85	1.7583893298890558
840	85	1.861937121197742
850	85	1.9661648498252275
860	85	2.070866031918891
870	85	2.175889739866983
0	86	9.570517962962252e-7
10	86	0.11575830773702597
20	86	0.2284516789270388
30	86	0.33533288593852145
40	86	0.4342190085544761
50	86	0.523629871943664
60	86	0.6028093632810052
70	86	0.6716457352961515
80	86	0.7305349165439831
90	86	0.780223761625037
100	86	0.8216616991734267
110	86	0.8558809729867575
120	86	0.8839082335252583
130	86	0.9067077453098961
140	86	0.925148751176254
150	86	0.939992194675823
160	86	0.9518894597037778
170	86	0.961388853727921
180	86	0.9689453863150829
190	86	0.974933121961947
200	86	0.9796568812987178
210	86	0.9833632345929386
220	86	0.9862505643758745
230	86	0.9884776835154125
240	86	0.990170984506075
250	86	0.9914307179579014
260	86	0.9923358124021692
270	86	0.9929479992410792
280	86	0.9933152452314358
290	86	0.9934742311178706
300	86	0.993452540077346
310	86	0.9932704455738718
320	86	0.9929421468123624
330	86	0.992476872414159
340	86	0.9918797463925261
350	86	0.9911524544351482
360	86	0.9902937305232549
370	86	0.9892998294780438
380	86	0.9881648145062072
390	86	0.9868808803548947
400	86	0.9854385526377626
410	86	0.9838269113522677
420	86	0.9820337977317461
430	86	0.980045984643015
440	86	0.9778493935085598
450	86	0.975429313969081
460	86	0.9727706359558517
470	86	0.9698581177733582
480	86	0.9666766866313797
490	86	0.9632117593842127
500	86	0.9594495912509026
510	86	0.9553776478178349
520	86	0.9509850152041613
530	86	0.9462628094527573
540	86	0.9412046317083034
550	86	0.9358070712616813
560	86	0.9300703154429742
570	86	0.9239989410924321
580	86	0.9176030752395531
590	86	0.9109001876694512
600	86	0.9039184855712695
610	86	0.8966993973246183
620	86	0.8893103652287087
630	86	0.881853527377103
640	86	0.8744900265954706
650	86	0.8674747032198552
660	86	0.8612103895264265
670	86	0.8563267543834037
680	86	0.8537832354400857
690	86	0.8549776738725142
700	86	0.8618043365471301
710	86	0.8765544687032076
720	86	0.9015521147598168
730	86	0.9385628172600463
740	86	0.9882471988101886
750	86	1.0499923035728962
760	86	1.1222101060500325
770	86	1.2028769451060757
780	86	1.2900068453099984
790	86	1.3819112782844702
800	86	1.4772711404562828
810	86	1.575106775060844
820	86	1.674709264963723
830	86	1.775572651221569
840	86	1.8773363108287395
850	86	1.9797415990559188
860	86	2.082600659968909
870	86	2.1857745667851316
0	87	8.968425756498583e-7
10	87	0.11443936967328561
20	87	0.22591615194554113
30	87	0.33176813980422604
40	87	0.4298680870544764
50	87	0.5187578550241286
60	87	0.5976718719847331
70	87	0.6664669580196573
80	87	0.7254947165814343
90	87	0.7754534380996074
100	87	0.8172472289208944
110	87	0.8518692583057023
120	87	0.8803157008869589
130	87	0.9035280445004115
140	87	0.9223601536362231
150	87	0.9375635607740636
160	87	0.9497847625974581
170	87	0.9595699915702058
180	87	0.9673750046970971
190	87	0.9735756694245085
200	87	0.9784794086242
210	87	0.9823357191802942
220	87	0.9853461579335212
230	87	0.9876724858387633
240	87	0.9894439721301799
250	87	0.9907633126609801
260	87	0.9917116307248797
270	87	0.9923526772788718
280	87	0.9927359495928978
290	87	0.9928995580793285
300	87	0.9928722483972123
310	87	0.9926751779091062
320	87	0.9923233284957961
330	87	0.9918265393348922
340	87	0.9911904163591573
350	87	0.9904170155902869
360	87	0.9895054113864931
370	87	0.9884521072354443
380	87	0.9872514343803658
390	87	0.9858958226436376
400	87	0.9843760801409429
410	87	0.9826816235981183
420	87	0.9808006807671743
430	87	0.9787205274874807
440	87	0.9764277023553799
450	87	0.973908243660435
460	87	0.9711479536229449
470	87	0.9681326696289497
480	87	0.9648485829894565
490	87	0.9612825487861381
500	87	0.957422448685267
510	87	0.9532575531599763
520	87	0.9487746743735403
530	87	0.9439797703097018
540	87	0.9388559999668719
550	87	0.9334066351531163
560	87	0.9276345196322059
570	87	0.9215472133394621
580	87	0.9151583588652306
590	87	0.9084898529858919
600	87	0.9015753998119725
610	87	0.8944663927062989
620	87	0.887241636689866
630	87	0.880023282174117
640	87	0.8730024997918064
650	87	0.8664797124321005
660	87	0.8609248273434134
670	87	0.8570607796043804
680	87	0.8559644830060102
690	87	0.8591562481937501
700	87	0.8686078205444856
710	87	0.8865625855533836
720	87	0.9151044814521404
730	87	0.955589190082624
740	87	1.0082331299788254
750	87	1.0721104946566422
760	87	1.1455332423018385
770	87	1.2265557179924524
780	87	1.3133579582876114
790	87	1.4044297822309735
800	87	1.4986044949771204
810	87	1.5950183184557005
820	87	1.6930451006834262
830	87	1.7922355995928545
840	87	1.8922671868395702
850	87	1.9929063142407633
860	87	2.093981551415414
870	87	2.195364648830998
0	88	8.546738502732678e-7
10	88	0.11315001409489499
20	88	0.2234352310360104
30	88	0.3282752405462484
40	88	0.4255964442746397
50	88	0.5139632110026603
60	88	0.5926025805275739
70	88	0.6613420128193237
80	88	0.7204913941864219
90	88	0.7707028548367132
100	88	0.8128363593117598
110	88	0.8478475717210807
120	88	0.8767020028770468
130	88	0.9003184887999108
140	88	0.9195357038429566
150	88	0.9350951478915406
160	88	0.9476378412891826
170	88	0.957708109903249
180	88	0.9657616946007631
190	88	0.972175861227448
200	88	0.9772604512628772
210	88	0.9812679378499849
220	88	0.9844027596125192
230	88	0.9868295006842404
240	88	0.9886801569928975
250	88	0.9900599444339222
260	88	0.9910521026410145
270	88	0.9917223314433353
280	88	0.9921217735043093
290	88	0.9922899078180257
300	88	0.9922566315357557
310	88	0.9920440510185463
320	88	0.9916679689337402
330	88	0.9911388225936149
340	88	0.9904627685168017
350	88	0.9896422948053718
360	88	0.9886768167543469
370	88	0.9875631956262605
380	88	0.9862960461492598
390	88	0.984868131426854
400	88	0.9832706009322275
410	88	0.9814932729562511
420	88	0.9795248711626835
430	88	0.9773532474896283
440	88	0.9749656388477017
450	88	0.9723489255991218
460	88	0.9694899041702452
470	88	0.9663755662687414
480	88	0.9629934235219277
490	88	0.959331822002504
500	88	0.9553802997253064
510	88	0.9511258314286809
520	88	0.9465737444410998
530	88	0.941707051151791
540	88	0.936527973443125
550	88	0.9310379563299761
560	88	0.9252424979820684
570	88	0.9191522115140617
580	88	0.9127844532942652
590	88	0.9061659616511897
600	88	0.8993371708298403
610	88	0.892359312413693
620	88	0.8853260356673087
630	88	0.8783821809911275
640	88	0.8717534779233856
650	88	0.8657919249223129
660	88	0.8610413376150984
670	88	0.8583233365140234
680	88	0.8588311224857387
690	88	0.8641908645724289
700	88	0.8764111295269837
710	88	0.8976269921004457
720	88	0.929630524917979
730	88	0.9733623246254018
740	88	1.028646789096049
750	88	1.09432484312316
760	88	1.168672384166803
770	88	1.2498495168005728
780	88	1.3362006054473419
790	88	1.4263785292670892
800	88	1.5193514586886478
810	88	1.6143567334434759
820	88	1.7108400749109534
830	88	1.8084015245007772
840	88	1.906751598520048
850	88	2.005678772592646
860	88	2.105026140353097
870	88	2.204674979203593
0	89	8.00348739286728e-7
10	89	0.11188925417891657
20	89	0.22100728848209297
30	89	0.3248519481254566
40	89	0.42140216567241906
50	89	0.5092446783238228
60	89	0.587600650794703
70	89	0.6562708050773393
80	89	0.7155255221978125
90	89	0.7659727527529989
100	89	0.8084306388129087
110	89	0.843817166068836
120	89	0.8730682742495652
130	89	0.8970805679041621
140	89	0.9166765719859598
150	89	0.9325877721986847
160	89	0.9454495976821542
170	89	0.9558036192907188
180	89	0.964105367091558
190	89	0.9707335014605452
200	89	0.9759998289998203
210	89	0.9801595380553559
220	89	0.9834197662700821
230	89	0.9859480118375022
240	89	0.9878788102952116
250	89	0.9893197630630167
260	89	0.990356357165554
270	89	0.9910561242763158
280	89	0.9914718556985983
290	89	0.9916443843529951
300	89	0.9916048214253241
310	89	0.9913762926843561
320	89	0.9909753228737611
330	89	0.9904130951121618
340	89	0.9896963062401124
350	89	0.988827916179514
360	89	0.9878077740509251
370	89	0.9866331002173979
380	89	0.9852989080351684
390	89	0.9837983229608998
400	89	0.9821229318880957
410	89	0.9802630313911443
420	89	0.9782079013372135
430	89	0.9759460644100832
440	89	0.9734655449758198
450	89	0.9707541411975241
460	89	0.967799710964065
470	89	0.9645904635227341
480	89	0.9611152805477798
490	89	0.9573640358491953
500	89	0.9533239579198993
510	89	0.948999864262155
520	89	0.9443747642601819
530	89	0.9394500265129251
540	89	0.9342259669600775
550	89	0.9287064237410406
560	89	0.9228995805568453
570	89	0.9168192239655452
580	89	0.910486707847702
590	89	0.9039341546448139
600	89	0.8972096725241058
610	89	0.8903858758575455
620	89	0.8835736575266192
630	89	0.8769440951150339
640	89	0.8707623843677761
650	89	0.8654382221669825
660	89	0.8615955567167348
670	89	0.8601579417928829
680	89	0.8624289642902273
690	89	0.8701168438142531
700	89	0.8852203268666452
710	89	0.9097085651405286
720	89	0.9450454112551393
730	89	0.9917707075970444
740	89	1.0493783488926804
750	89	1.1165493273354306
760	89	1.191573497675847
770	89	1.272733384485687
780	89	1.3585313681647408
790	89	1.4477679642623043
800	89	1.5395303072833804
810	89	1.633143954740215
820	89	1.7281171203210095
830	89	1.8240927567236234
840	89	1.9208103630688778
850	89	2.0180777934095357
860	89	2.1157510189760944
870	89	2.2137198427684144
0	90	7.601538025201757e-7
10	90	0.11065618894972738
20	90	0.2186306124527676
30	90	0.3214963738960619
40	90	0.41728344650310445
50	90	0.504600766398809
60	90	0.5826654264962092
70	90	0.6512532841097574
80	90	0.7105975936798798
90	90	0.7612647001985777
100	90	0.8040312385235234
110	90	0.8397796476688022
120	90	0.8694163292784417
130	90	0.8938154936336824
140	90	0.913783846442602
150	90	0.9300424692081465
160	90	0.9432205074511067
170	90	0.9538568293942662
180	90	0.9624063093955272
190	90	0.9692484992074178
200	90	0.974697237351048
210	90	0.9790099846403046
220	90	0.9823966774695554
230	90	0.9850273455481612
240	90	0.9870391474732977
250	90	0.9885420059433573
260	90	0.9896235753335212
270	90	0.9903531782831747
280	90	0.990785293239664
290	90	0.9909621603130078
300	90	0.9909160753284268
310	90	0.9906711335912924
320	90	0.9902447702115316
330	90	0.9896488315126187
340	90	0.9888906265197647
350	90	0.9879736595192746
360	90	0.9868982304706556
370	90	0.9856620059372231
380	90	0.9842604310353215
390	90	0.9826871027692469
400	90	0.9809340855848713
410	90	0.9789922436636749
420	90	0.9768514956404281
430	90	0.9745011053590983
440	90	0.9719299573319886
450	90	0.9691268395515791
460	90	0.9660807359222571
470	90	0.9627811248907878
480	90	0.9592182957296669
490	90	0.9553798164312142
500	90	0.9512701069778868
510	90	0.946872297446282
520	90	0.9421870760516137
530	90	0.937213859242375
540	90	0.9319551365608303
550	90	0.9264171382085725
560	90	0.9206108052502653
570	90	0.9145532823775471
580	90	0.9082703043553162
590	90	0.9018000631759587
600	90	0.89519948990706
610	90	0.8885544001016933
620	90	0.8819956762918875
630	90	0.8757245589041592
640	90	0.8700509032502813
650	90	0.865448116336371
660	90	0.8626254222160723
670	90	0.8626086406145312
680	90	0.8668003995461576
690	90	0.8769602755584474
700	90	0.8950272311014528
710	90	0.9227538599623781
720	90	0.961256498312973
730	90	1.0107048043006623
740	90	1.0703274890232
750	90	1.1387098032970908
760	90	1.2141927201379215
770	90	1.2951893013709659
780	90	1.3803507402558899
790	90	1.4686102379402115
800	90	1.5591596300361896
810	90	1.651401450737085
820	90	1.744898324977508
830	90	1.8393306469626414
840	90	1.9344633206668091
850	90	2.0301212948525027
860	90	2.1261719901845915
870	90	2.222512860595637
0	91	7.171382377487488e-7
10	91	0.1094498825968667
20	91	0.21630356106503026
30	91	0.3182065793301931
40	91	0.4132382995921364
50	91	0.5000300054985355
60	91	0.577795936718828
70	91	0.646289244938388
80	91	0.7057082602742288
90	91	0.7565791206387031
100	91	0.7996394037746437
110	91	0.835736257642986
120	91	0.8657473282608549
130	91	0.8905245953001438
140	91	0.9108586492551218
150	91	0.9274599249412028
160	91	0.9409511745100135
170	91	0.951868118810657
180	91	0.9606645611283423
190	91	0.9677208411521053
200	91	0.9733524145882374
210	91	0.9778189897138121
220	91	0.9813329423516359
230	91	0.984066902925655
240	91	0.9861604823929119
250	91	0.987725901881779
260	91	0.988852901240181
270	91	0.9896126707347349
280	91	0.9900613139783901
290	91	0.9902424730536383
300	91	0.9901896462312145
310	91	0.989927989974288
320	91	0.9894757658679912
330	91	0.9888456083589928
340	91	0.9880454674427963
350	91	0.9870794065916567
360	91	0.9859482729530806
370	91	0.984650231643474
380	91	0.9831812177202699
390	91	0.9815353510890259
400	91	0.9797052687866847
410	91	0.97768246006486
420	91	0.9754575668437138
430	91	0.973020665940447
440	91	0.9703615683363974
450	91	0.9674701128454737
460	91	0.9643364630696482
470	91	0.9609514006588451
480	91	0.957302929018369
490	91	0.9533951680122887
500	91	0.9492114966979954
510	91	0.944752071681512
520	91	0.94001559834972
530	91	0.9350034817309795
540	91	0.9297203696234512
550	91	0.924174919658543
560	91	0.9183809448409564
570	91	0.9123592130259272
580	91	0.9061403345471761
590	91	0.8997694204722303
600	91	0.8933135963279457
610	91	0.886873988549921
620	91	0.8806045635286096
630	91	0.8747409862229543
640	91	0.8696431147289962
650	91	0.8658536614696232
660	91	0.864170636681213
670	91	0.8657188016501414
680	91	0.8719825956129816
690	91	0.8847363968092451
700	91	0.9058093278555939
710	91	0.9366972233380759
720	91	0.9781666324623396
730	91	1.0300596111540352
740	91	1.091404101733683
750	91	1.160743232218286
760	91	1.2364950836317272
770	91	1.3172050655877525
780	91	1.4016623691910364
790	91	1.4889187749523611
800	91	1.578258125849835
810	91	1.6691501562162239
820	91	1.7612049397416052
830	91	1.8541356078516247
840	91	1.947729387833517
850	91	2.041826347165277
860	91	2.136304114646246
870	91	2.2310670307156886
0	92	6.819250023073561e-7
10	92	0.10826948037035977
20	92	0.2140247393745221
30	92	0.31498074896769385
40	92	0.40926492917497703
50	92	0.49553097660651885
60	92	0.5729913901088691
70	92	0.6413785167299729
80	92	0.700857790769073
90	92	0.7519171524092796
100	92	0.7952563952817074
110	92	0.83168850321043
120	92	0.8620627551275918
130	92	0.8872090095915293
140	92	0.9079019915189448
150	92	0.9248411359032801
160	92	0.9386424165256757
170	92	0.9498379158531535
180	92	0.9588804077610861
190	92	0.966150537117156
200	92	0.9719652097840521
210	92	0.9765861396019434
220	92	0.9802280946853579
230	92	0.9830661052138531
240	92	0.9852421685039652
250	92	0.9868707616683776
260	92	0.9880436497231946
270	92	0.9888338925870215
280	92	0.9892992074686504
290	92	0.9894846526128562
300	92	0.9894249421595872
310	92	0.9891462788420876
320	92	0.9886678650267023
330	92	0.9880031152026091
340	92	0.9871606659002151
350	92	0.9861452080521089
360	92	0.9849581666787293
370	92	0.9835982676986411
380	92	0.9820620162762729
390	92	0.980344120190566
400	92	0.9784378501832298
410	92	0.9763354067304076
420	92	0.9740282055253109
430	92	0.9715072092490504
440	92	0.9687632198935267
450	92	0.9657871760687041
460	92	0.9625704573476221
470	92	0.959105182681161
480	92	0.9553845120298878
490	92	0.9514029552909081
500	92	0.9471566845691448
510	92	0.9426438673832997
520	92	0.9378650416004879
530	92	0.9328235771892335
540	92	0.927526718779895
550	92	0.9219843191575362
560	92	0.9162145399914743
570	92	0.9102416936073839
580	92	0.9041018877083231
590	92	0.8978481839395198
600	92	0.8915595141437911
610	92	0.8853547288230859
620	92	0.8794143040223169
630	92	0.8740128585655355
640	92	0.8695655583269388
650	92	0.8666892230245196
660	92	0.866271921019627
670	92	0.8695297129179199
680	92	0.8780057156649378
690	92	0.8934484301064879
700	92	0.9175304084623414
710	92	0.9514633434206372
720	92	0.9956772236591516
730	92	1.0497365653920634
740	92	1.1125284646787936
750	92	1.1825967370051955
760	92	1.2584533171731445
770	92	1.3387733200894842
780	92	1.4224724209372122
790	92	1.50870792191799
800	92	1.5968444425110537
810	92	1.6864104250618108
820	92	1.7770573896923574
830	92	1.8685271541375443
840	92	1.9606266070801248
850	92	2.0532092228986767
860	92	2.1461617556004744
870	92	2.239394762794427
0	93	6.484571429850676e-7
10	93	0.1071141636753962
20	93	0.2117925984717456
30	93	0.3118171329644994
40	93	0.40536164834911015
50	93	0.4911023417174007
60	93	0.5682509305914543
70	93	0.6365208341513691
80	93	0.6960464069940877
90	93	0.7472795516093887
100	93	0.7908832033948927
110	93	0.827637494463533
120	93	0.8583637747407599
130	93	0.8838701022244971
140	93	0.9049150505598873
150	93	0.9221869140234674
160	93	0.9362947007144179
170	93	0.9477666421123812
180	93	0.9570540180796823
190	93	0.964537570962317
200	93	0.9705354183300304
210	93	0.9753111574734079
220	93	0.9790816700380444
230	93	0.9820244109880603
240	93	0.9842835982929361
250	93	0.9859759085458595
260	93	0.9871951427810206
270	93	0.9880161796454315
280	93	0.9884983178364839
290	93	0.9886880746100355
300	93	0.9886213981336228
310	93	0.9883255792389036
320	93	0.9878207559619316
330	93	0.9871211666078517
340	93	0.9862362018543565
350	93	0.9851712217345728
360	93	0.9839282963456146
370	93	0.9825067603001814
380	93	0.9809037520833017
390	93	0.9791146293423587
400	93	0.9771333807842956
410	93	0.9749529654210969
420	93	0.9725656481884325
430	93	0.9699633366694119
440	93	0.9671378705518621
450	93	0.9640813317296874
460	93	0.9607863462500514
470	93	0.9572463802323671
480	93	0.9534560383985362
490	93	0.9494113551139624
500	93	0.9451101153278472
510	93	0.9405521822719441
520	93	0.9357398963253627
530	93	0.9306785785779027
540	93	0.9253772409114839
550	93	0.9198496442655903
560	93	0.9141159467884158
570	93	0.9082053243405014
580	93	0.9021601537569872
590	93	0.8960426728942901
600	93	0.8899454884011186
610	93	0.8840078921663594
620	93	0.8784405988399001
630	93	0.8735618693272064
640	93	0.8698472004900701
650	93	0.8679910837598306
660	93	0.8689700571942155
670	93	0.8740790406325675
680	93	0.884891301752765
690	93	0.9030869857784403
700	93	0.9301418625806691
710	93	0.9669700173654009
720	93	1.0136909385460773
730	93	1.0696448381403434
740	93	1.1336310121193787
750	93	1.204226582113512
760	93	1.2800467511007048
770	93	1.3598907157397775
780	93	1.4427890509953103
790	93	1.527992661810701
800	93	1.6149370509510788
810	93	1.703201999777037
820	93	1.7924752947116989
830	93	1.8825239434952041
840	93	1.9731721949266905
850	93	2.0642854421989285
860	93	2.1557586206576693
870	93	2.2475079151568678
0	94	6.206657695852233e-7
10	94	0.10598314895099929
20	94	0.2096057940942344
30	94	0.30871398303254677
40	94	0.40152676017414124
50	94	0.4867426545046031
60	94	0.563573664323015
70	94	0.6317158452326033
80	94	0.6912745435267766
90	94	0.7426668642259924
100	94	0.7865209411570644
110	94	0.8235844696164936
120	94	0.8546517003750138
130	94	0.8805090253750439
140	94	0.9018988062024319
150	94	0.9194981820988688
160	94	0.9339087569681114
170	94	0.9456548091609382
180	94	0.9551856440392651
190	94	0.962882026443574
200	94	0.9690629758628959
210	94	0.9739937465705533
220	94	0.9778933389628571
230	94	0.9809413495971199
240	94	0.9832842359810741
250	94	0.9850407886708047
260	94	0.9863067806963238
270	94	0.9871588931657763
280	94	0.9876580638471117
290	94	0.9878522143028909
300	94	0.9877785823057138
310	94	0.9874655348228256
320	94	0.9869342131006157
330	94	0.9861997040115494
340	94	0.9852721903794796
350	94	0.9841577772290274
360	94	0.9828592089523027
370	94	0.9813765115034663
380	94	0.9797075033063263
390	94	0.9778482766624744
400	94	0.9757935713987058
410	94	0.9735371836857556
420	94	0.9710722892033047
430	94	0.9683917818709534
440	94	0.965488582542981
450	94	0.9623559528480388
460	94	0.958987782910775
470	94	0.9553788910817365
480	94	0.9515197652983453
490	94	0.9474245858032413
500	94	0.943076077380648
510	94	0.9384813136486474
520	94	0.9336435612409705
530	94	0.9285726666917923
540	94	0.9232773471383255
550	94	0.9177749939091827
560	94	0.912089389747492
570	94	0.9062547129766573
580	94	0.9003205369097107
590	94	0.8943597163555523
600	94	0.8884806675711207
610	94	0.8828461364560198
620	94	0.8777010509955211
630	94	0.873412011763535
640	94	0.8705192872351346
650	94	0.86979687062846
660	94	0.8723047386299497
670	94	0.879399238624578
680	94	0.8926509544502897
690	94	0.9136300790911283
700	94	0.9435844938390485
710	94	0.9831309269141177
720	94	1.0321139149135714
730	94	1.0897020803331474
740	94	1.1546518242748105
750	94	1.2255971436527218
760	94	1.3012603337514899
770	94	1.3805571957768128
780	94	1.4626219653106594
790	94	1.5467883834176561
800	94	1.6325541502425291
810	94	1.719543993486981
820	94	1.8074774894244956
830	94	1.8961438158840191
840	94	1.9853825859146141
850	94	2.0750698169271917
860	94	2.1651077976526487
870	94	2.2554178240460945
0	95	5.871584961088145e-7
10	95	0.10487567324196917
20	95	0.20746294471531856
30	95	0.30566964239359595
40	95	0.397758640050825
50	95	0.48245061632706643
60	95	0.5589587656326761
70	95	0.6269632576298747
80	95	0.6865422815647703
90	95	0.7380799209130596
100	95	0.7821705366068639
110	95	0.8195306519945982
120	95	0.8509277713497103
130	95	0.8771269028161545
140	95	0.898854400218831
150	95	0.9167757723280583
160	95	0.9314853212291689
170	95	0.9435027925164328
180	95	0.9532756135964296
190	95	0.9611839749732817
200	95	0.9675477725031708
210	95	0.9726337496973566
220	95	0.9766627605130194
230	95	0.9798164938404607
240	95	0.9822435810639323
250	95	0.9840648463532771
260	95	0.9853780050417603
270	95	0.9862615373483467
280	95	0.9867779689020326
290	95	0.986976674455724
300	95	0.9868961523183284
310	95	0.9865659314263147
320	95	0.9860081288561378
330	95	0.9852387831070735
340	95	0.9842688953344592
350	95	0.9831053379593436
360	95	0.9817516107727364
370	95	0.9802084802493252
380	95	0.9784745198344403
390	95	0.9765465961836267
400	95	0.9744202781035903
410	95	0.972090245166882
420	95	0.9695506332417555
430	95	0.9667929968970824
440	95	0.9638184904036697
450	95	0.9606144538741711
460	95	0.9571784237448471
470	95	0.9535065680169708
480	95	0.9495963297160261
490	95	0.9454467316121984
500	95	0.9410586814392358
510	95	0.9364353451110656
520	95	0.9315826167380735
530	95	0.9265097808001227
540	95	0.921230493258317
550	95	0.9157643011308065
560	95	0.9101390324016538
570	95	0.9043945676972603
580	95	0.8985887822536183
590	95	0.8928068132491916
600	95	0.8871752908158664
610	95	0.8818836983909746
620	95	0.8772153129574762
630	95	0.8735895885125265
640	95	0.8716150586603498
650	95	0.872144794810077
660	95	0.8763132656464364
670	95	0.8855160168819115
680	95	0.9012854246054531
690	95	0.9250437521059255
700	95	0.9577906936420019
710	95	0.9998582451947903
720	95	1.0508574602565592
730	95	1.1098347140964668
740	95	1.1755399375269495
750	95	1.2466799150527694
760	95	1.3220837614882766
770	95	1.4007753882902385
780	95	1.4819820567128736
790	95	1.565110695461758
800	95	1.6497135944324195
810	95	1.7354548800446303
820	95	1.8220820488824945
830	95	1.90940383274606
840	95	1.9972734756907577
850	95	2.0855764900079667
860	95	2.1742217926285683
870	95	2.263135333639676
0	96	5.626970364181797e-7
10	96	0.10379101387546909
20	96	0.20536276861758032
30	96	0.30268252306179566
40	96	0.3940556678738193
50	96	0.4782248455822975
60	96	0.5544053033400809
70	96	0.6222627873312251
80	96	0.6818498138231314
90	96	0.7335193284366711
100	96	0.7778329209893778
110	96	0.8154770703431053
120	96	0.847193101244812
130	96	0.8737249228543477
140	96	0.8957827119150534
150	96	0.9140205681469256
160	96	0.9290250463745244
170	96	0.9413112094174152
180	96	0.9513241640692865
190	96	0.9594435679563091
200	96	0.9659898198711535
210	96	0.9712309727651335
220	96	0.9753896516603465
230	96	0.9786495154947576
240	96	0.9811612246791891
250	96	0.9830476475553143
260	96	0.9844083916385263
270	96	0.9853236716586717
280	96	0.9858576330494648
290	96	0.9860610982052542
300	96	0.9859738617923567
310	96	0.9856266262508151
320	96	0.9850425388800227
330	96	0.9842385974254677
340	96	0.9832266796274111
350	96	0.9820144860926594
360	96	0.980606334360093
370	96	0.9790037739060664
380	96	0.9772061895868626
390	96	0.9752112777501846
400	96	0.9730154955345497
410	96	0.9706144583109148
420	96	0.968004457561422
430	96	0.965177009848482
440	96	0.9621307764140415
450	96	0.9588602599172297
460	96	0.955361899867225
470	96	0.9516331939981971
480	96	0.9476729780681966
490	96	0.943481719589525
500	96	0.9390618451760834
510	96	0.9344181397102098
520	96	0.9295582853780746
530	96	0.9244936336478565
540	96	0.9192403794499842
550	96	0.9138213869827209
560	96	0.9082690528583154
570	96	0.9026298038839473
580	96	0.8969711127560104
590	96	0.8913922994662252
600	96	0.8860408749008956
610	96	0.8811365710482594
620	96	0.8770051913978878
630	96	0.8741231242328967
640	96	0.8731693098750428
650	96	0.8750727111613221
660	96	0.8810291503450932
670	96	0.8924469836066059
680	96	0.9107841957305395
690	96	0.9372832342075612
700	96	0.9726867941464963
710	96	1.0170649423143925
720	96	1.0698392469665428
730	96	1.1299778688949407
740	96	1.1962525558332975
750	96	1.2674525758399242
760	96	1.3425107171274169
770	96	1.4205500926967543
780	96	1.500881105733338
790	96	1.58297527811035
800	96	1.6664328372316464
810	96	1.7509524943788648
820	96	1.8363063141020817
830	96	1.9223203133336113
840	96	2.0088598598110523
850	96	2.0958189720805276
860	96	2.1831125595268266
870	96	2.270670822999107
0	97	5.335462322311105e-7
10	97	0.10272846707744546
20	97	0.20330402864216432
30	97	0.2997510970868977
40	97	0.390416281375859
50	97	0.4740640875786489
60	97	0.5499124468141591
70	97	0.6176140233681237
80	97	0.6771973335351384
90	97	0.7289855014809883
100	97	0.7735089960240381
110	97	0.8114248205886716
120	97	0.8434488751772021
130	97	0.8703041595545826
140	97	0.8926849000657266
150	97	0.9112335364058816
160	97	0.926528640352013
170	97	0.9390804998732692
180	97	0.9493316907120944
190	97	0.9576609693807142
200	97	0.9643891176081458
210	97	0.9697853049084473
220	97	0.9740737831548313
230	97	0.9774400849583672
240	97	0.9800368349276166
250	97	0.9819888244286658
260	97	0.9833975291534868
270	97	0.9843449198261025
280	97	0.9848967402848234
290	97	0.985105263328341
300	97	0.9850115949224427
310	97	0.9846476228982021
320	97	0.9840375846564471
330	97	0.9831994626139293
340	97	0.9821460698651621
350	97	0.9808859899728705
360	97	0.9794243787545964
370	97	0.9777636494596053
380	97	0.9759040416095291
390	97	0.973844147100869
400	97	0.9715813444289876
410	97	0.9691122323046321
420	97	0.9664329758154521
430	97	0.9635396708041383
440	97	0.9604286481625859
450	97	0.9570967857838295
460	97	0.9535437152849107
470	97	0.9497624601101171
480	97	0.9457590048701296
490	97	0.9415333055583924
500	97	0.9370892824225042
510	97	0.9324333391112537
520	97	0.9275749807129949
530	97	0.9225277358287456
540	97	0.9173105593656579
550	97	0.9119500217902007
560	97	0.9064837310596501
570	97	0.9009656616870281
580	97	0.8954743764954881
590	97	0.890125521077559
600	97	0.8850903981525555
610	97	0.880622656206765
620	97	0.8770946855668839
630	97	0.8750431643702248
640	97	0.8752177883960008
650	97	0.8786170209456726
660	97	0.8864807097075803
670	97	0.900200570867968
680	97	0.9211255903665833
690	97	0.9502945323594023
700	97	0.9881954315025597
710	97	1.0346667067873134
720	97	1.0889840520227807
730	97	1.1500750579006067
740	97	1.2167542250751358
750	97	1.2878981390186162
760	97	1.3625382095720735
770	97	1.439887847311067
780	97	1.5193315341880553
790	97	1.600397764750538
800	97	1.6827288932957645
810	97	1.7660540361260293
820	97	1.8501669182602076
830	97	1.9349088713993727
840	97	2.0201560709649233
850	97	2.1058101778604925
860	97	2.191791532421193
870	97	2.2780342299575236
0	98	5.076105371785709e-7
10	98	0.10168738907618106
20	98	0.20128550438302656
30	98	0.2968738343265119
40	98	0.386838982031593
50	98	0.4699670286169287
60	98	0.5454792754188954
70	98	0.6130165792956046
80	98	0.6725849191960414
90	98	0.7244790305765098
100	98	0.7691995259519803
110	98	0.8073749347711061
120	98	0.8396961628663547
130	98	0.8668657911753054
140	98	0.8895619638116308
150	98	0.908415452209799
160	98	0.9239968464114624
170	98	0.9368112699795712
180	98	0.9472985671173809
190	98	0.955836398110547
200	98	0.9627457353051505
210	98	0.968296701688954
220	98	0.9727150215236486
230	98	0.9761879975965241
240	98	0.9788701031121642
250	98	0.9808880559608507
260	98	0.9823451374073717
270	98	0.9833250345028695
280	98	0.9838950940448801
290	98	0.984109042057766
300	98	0.9840093149720746
310	98	0.983629023492793
320	98	0.9829935313466948
330	98	0.9821218374042405
340	98	0.9810277255306986
350	98	0.9797207140178098
360	98	0.9782068689129831
370	98	0.9764894925755124
380	98	0.9745697431685892
390	98	0.9724471437218436
400	98	0.9701200516292776
410	98	0.9675860685774226
420	98	0.9648468310363778
430	98	0.9618863511236139
440	98	0.9587153135455109
450	98	0.95532740672425
460	98	0.9517226287724159
470	98	0.9478979370453154
480	98	0.9438580044180289
490	98	0.9396050582655276
500	98	0.9351444992817526
510	98	0.9304843644906663
520	98	0.92563605500713
530	98	0.9206154296259293
540	98	0.9154444905757083
550	98	0.9101540007097954
560	98	0.9047875506223844
570	98	0.8994078319498529
580	98	0.8941062033393644
590	98	0.8890170119438369
600	98	0.8843384711623159
610	98	0.880361876561502
620	98	0.8775099473833113
630	98	0.8763819404346186
640	98	0.8777964248150212
650	98	0.8828114599545985
660	98	0.8926897437797078
670	98	0.9087753342821875
680	98	0.9322773844022686
690	98	0.9640163129699829
700	98	1.0042377744129967
710	98	1.0525834481543646
720	98	1.108224109536841
730	98	1.1700776784700826
740	98	1.2370160127239411
750	98	1.3080041828245998
760	98	1.3821660045709923
770	98	1.4587965670649616
780	98	1.5373462036586312
790	98	1.6173936484719678
800	98	1.6986183107467554
810	98	1.7807760795805372
820	98	1.863679815581144
830	98	1.9471844486416945
840	98	2.031175814150267
850	98	2.1155624562192967
860	98	2.200269652021851
870	98	2.28523507442703
0	99	4.847267831391398e-7
10	99	0.10066711258245654
20	99	0.1993060468021758
30	99	0.29404932371055936
40	99	0.38332231106892556
50	99	0.4659323799179712
60	99	0.5411048912902916
70	99	0.608469984044068
80	99	0.6680125515771113
90	99	0.7200004077941089
100	99	0.764905306430204
110	99	0.803328340440245
120	99	0.835936063649676
130	99	0.8634107963174988
140	99	0.8864148529357614
150	99	0.905567246548066
160	99	0.921430354145558
170	99	0.9345040833300655
180	99	0.9452251738982509
190	99	0.9539701171273713
200	99	0.9610597950932224
210	99	0.9667651740675438
220	99	0.9713132620537944
230	99	0.9748930702000032
240	99	0.9776608493764951
250	99	0.9797451327425347
260	99	0.9812509993931313
270	99	0.9822638388521512
280	99	0.9828525693999169
290	99	0.9830724034476394
300	99	0.9829671224243955
310	99	0.9825710752405671
320	99	0.9819107725173859
330	99	0.9810062986203907
340	99	0.9798724361597194
350	99	0.9785196885810543
360	99	0.9769550654720163
370	99	0.9751828256409579
380	99	0.9732050788967719
390	99	0.9710223249935719
400	99	0.9686339275689602
410	99	0.96603853826856
420	99	0.9632344742960851
430	99	0.9602200614163006
440	99	0.9569939581935918
450	99	0.9535554406037043
460	99	0.9499046885901478
470	99	0.9460430661680926
480	99	0.9419734048816398
490	99	0.9377003519729944
500	99	0.9332307909566743
510	99	0.9285744320551462
520	99	0.9237446774132614
530	99	0.9187599265847521
540	99	0.9136455936365452
550	99	0.9084372251897475
560	99	0.9031853061418785
570	99	0.8979625951416024
580	99	0.8928751666313705
590	99	0.888078665453302
600	99	0.8838014872718569
610	99	0.8803762373072186
620	99	0.8782791420500703
630	99	0.8781728918189995
640	99	0.8809404120090044
650	99	0.8876858311486905
660	99	0.899670394742896
670	99	0.9181596838754968
680	99	0.944197869449504
690	99	0.9783819298132439
700	99	1.0207355086421834
710	99	1.0707403846314343
720	99	1.12749915286374
730	99	1.1899444050175156
740	99	1.2570147219583185
750	99	1.3277621682097804
760	99	1.4013961374776929
770	99	1.4772852404266459
780	99	1.5549382509868233
790	99	1.6339782090571011
800	99	1.7141171531764987
810	99	1.7951345851334661
820	99	1.8768603055908846
830	99	1.959161346915537
840	99	2.0419321989520682
850	99	2.125087621186763
860	99	2.208557391309748
870	99	2.292282479314625
0	100	4.6642020832153855e-7
10	100	0.09966703008594036
20	100	0.1973645667685995
30	100	0.2912761678074275
40	100	0.37986481464342997
50	100	0.46195898277707437
60	100	0.5367884295038845
70	100	0.6039738241240388
80	100	0.6634802895205971
90	100	0.715549977982592
100	100	0.7606270791611808
110	100	0.7992859934912737
120	100	0.8321695623137503
130	100	0.8599402714288961
140	100	0.8832445996495633
150	100	0.9026898263378961
160	100	0.9188299948851146
170	100	0.9321595076970605
180	100	0.9431119822720246
190	100	0.9520624162411708
200	100	0.9593314794208334
210	100	0.9651907447854263
220	100	0.9698684967578269
230	100	0.9735552263761521
240	100	0.9764089385705731
250	100	0.9785599131860021
260	100	0.9801149972798895
270	100	0.9811612426085148
280	100	0.9817691650652509
290	100	0.9819954404910848
300	100	0.9818852250746118
310	100	0.9814741182561745
320	100	0.9807898382591527
330	100	0.9798535519347209
340	100	0.978681121653175
350	100	0.9772840539784433
360	100	0.9756703567321799
370	100	0.9738452842837747
380	100	0.9718119358828228
390	100	0.9695718298160033
400	100	0.9671253663158393
410	100	0.9644722581189547
420	100	0.9616119189082944
430	100	0.9585438030612476
440	100	0.9552677181595626
450	100	0.9517842946658966
460	100	0.9480943921491308
470	100	0.9442011313000229
480	100	0.9401084539541984
490	100	0.935822365410153
500	100	0.9313512518039229
510	100	0.9267065686162504
520	100	0.921903866482873
530	100	0.9169643583735368
540	100	0.911917321556065
550	100	0.9068037949506421
560	100	0.9016822219553726
570	100	0.8966369667533614
580	100	0.891790949185269
590	100	0.8873238997621586
600	100	0.8834977431805473
610	100	0.8806898193132671
620	100	0.879432196756916
630	100	0.8804500371831926
640	100	0.8846831586186922
650	100	0.8932647592398142
660	100	0.9074282783549251
670	100	0.9283320662699791
680	100	0.9568372691260509
690	100	0.9933214579406396
700	100	1.0376125080317489
710	100	1.0890687496307272
720	100	1.1467562219978786
730	100	1.2096405281517721
740	100	1.2767321579338955
750	100	1.347166837461825
760	100	1.420232497617395
770	100	1.4953636767967344
780	100	1.572120954305202
790	100	1.6501664564725036
800	100	1.7292409885664173
810	100	1.8091449150541674
820	100	1.8897230632055602
830	100	1.9708532603398292
840	100	2.052437769793666
850	100	2.1343969792142965
860	100	2.216664780019802
870	100	2.2991851892424027
0	101	4.4407256464352636e-7
10	101	0.0986865512471185
20	101	0.19545997232984852
30	101	0.28855301236469644
40	101	0.3764651207938744
50	101	0.45804553003808535
60	101	0.5325290154166961
70	101	0.5995276538015487
80	101	0.6589880828565285
90	101	0.7111281011593894
100	101	0.7563654631749552
110	101	0.7952487792308959
120	101	0.8283977379416922
130	101	0.8564551949662149
140	101	0.8800521640285672
150	101	0.8997840693112487
160	101	0.9161964588354025
170	101	0.9297781923279121
180	101	0.9409594713314428
190	101	0.9501136506930473
200	101	0.9575609754730935
210	101	0.963573569855899
220	101	0.9683807470820107
230	101	0.9721744483928852
240	101	0.9751143191037615
250	101	0.9773323544659872
260	101	0.9789371000945788
270	101	0.9800172861208177
280	101	0.9806449814627624
290	101	0.9808783495723326
300	101	0.9807639402652903
310	101	0.9803386414124649
320	101	0.9796313619138375
330	101	0.9786644443065081
340	101	0.9774548266759687
350	101	0.9760150772355248
360	101	0.9743542463630961
370	101	0.9724788548977148
380	101	0.9703923012999807
390	101	0.9680978802486986
400	101	0.965596804587419
410	101	0.9628898723920939
420	101	0.9599775934424891
430	101	0.9568605428204345
440	101	0.9535396660577131
450	101	0.9500165786438632
460	101	0.9462938415996716
470	101	0.9423752605851953
480	101	0.9382662162604046
490	101	0.9339740819096535
500	101	0.9295087863454665
510	101	0.9248836337164964
520	101	0.9201165266789977
530	101	0.915231831791045
540	101	0.9102632380861093
550	101	0.9052581123951042
560	101	0.900284081855568
570	101	0.8954388485985648
580	101	0.8908645066799171
590	101	0.8867678066778535
600	101	0.8834475130526579
610	101	0.8813286895623987
620	101	0.8810004208575876
630	101	0.8832472015143887
640	101	0.8890551612458865
650	101	0.8995665480634303
660	101	0.9159599561928169
670	101	0.9392615785018302
680	101	0.9701393927379838
690	101	1.0087636152918107
700	101	1.0547961601922693
710	101	1.1075061684209537
720	101	1.1659493048911365
730	101	1.2291372796611533
740	101	1.2961544558324962
750	101	1.366215690069556
760	101	1.4386804755095026
770	101	1.5130422969738213
780	101	1.5889076250285978
790	101	1.6659730879168273
800	101	1.744004885613275
810	101	1.8228218488231114
820	101	1.9022821611101688
830	101	1.9822733023123267
840	101	2.062704534418305
850	101	2.1435013548647297
860	101	2.22460142585871
870	101	2.3059515886697954
0	102	4.251637440707605e-7
10	102	0.09772511121167435
20	102	0.19359125615320255
30	102	0.28587856279282037
40	102	0.373121864760339
50	102	0.45419088472871366
60	102	0.5283258045087034
70	102	0.5951310084974132
80	102	0.654535886887649
90	102	0.7067351617002308
100	102	0.752121148427376
110	102	0.7912175593693704
120	102	0.8246214925737112
130	102	0.8529566200310454
140	102	0.8768385510201049
150	102	0.8968508414262125
160	102	0.9135305840809913
170	102	0.9273607964399524
180	102	0.93876815910459
190	102	0.948124208964312
200	102	0.9557486077781976
210	102	0.9619138215187704
220	102	0.9668501201778212
230	102	0.9707507871908428
240	102	0.9737770258154792
250	102	0.976062486869415
260	102	0.9777173842542348
270	102	0.978832076439647
280	102	0.9794802171033083
290	102	0.9797214498641746
300	102	0.9796037131710726
310	102	0.9791652189523702
320	102	0.9784361173955877
330	102	0.9774399256986368
340	102	0.9761947125055754
350	102	0.9747141460751946
360	102	0.9730083426664231
370	102	0.9710846383040806
380	102	0.968948236005716
390	102	0.9666027539365292
400	102	0.9640507263335591
410	102	0.9612940363869581
420	102	0.9583342976482139
430	102	0.955173192859601
440	102	0.9518127894124646
450	102	0.9482558336638077
460	102	0.9445060423288977
470	102	0.9405684073772723
480	102	0.9364495716362938
490	102	0.9321582958025423
500	102	0.9277061245507856
510	102	0.9231083547110172
520	102	0.9183854971406296
530	102	0.9135654955629543
540	102	0.9086871048039697
550	102	0.9038049917626956
560	102	0.8989973656021777
570	102	0.8943771854565463
580	102	0.8901082270414187
590	102	0.8864272740271855
600	102	0.883673069561013
610	102	0.8823207131915121
620	102	0.8830159918807117
630	102	0.8865971156762004
640	102	0.8940828541952067
650	102	0.9066022263238253
660	102	0.9252527920560518
670	102	0.9509089565110828
680	102	0.9840434044674247
690	102	1.024637481270722
700	102	1.0722183466218236
710	102	1.125996764786164
720	102	1.1850388694740923
730	102	1.2484111715368178
740	102	1.3152714742664078
750	102	1.3849085273502173
760	102	1.456746664644894
770	102	1.5303319591207918
780	102	1.6053115205888253
790	102	1.681412455604054
800	102	1.7584234145891304
810	102	1.836179601460902
820	102	1.914551098146792
830	102	1.9934340348910167
840	102	2.072743990362247
850	102	2.1524111142018287
860	102	2.2323765345620865
870	102	2.3125897181415076
0	103	4.0856599225070585e-7
10	103	0.09678214975048448
20	103	0.19175741126495052
30	103	0.2832515592989558
40	103	0.3698337349987061
50	103	0.45039385071525245
60	103	0.5241778632676248
70	103	0.5907833873946557
80	103	0.6501236506249943
90	103	0.7023714269953433
100	103	0.7478946937257492
110	103	0.7871931169407488
120	103	0.8208417736689976
130	103	0.8494455350449716
140	103	0.8736047085749509
150	103	0.8938910863532135
160	103	0.9108331487955533
170	103	0.9249079880061662
180	103	0.9365386197442186
190	103	0.9460945153438661
200	103	0.953894681607844
210	103	0.960211739489833
220	103	0.9652767995962959
230	103	0.969284387238706
240	103	0.9723971852657152
250	103	0.9747504402234796
260	103	0.9764560046875245
270	103	0.9776058494158683
280	103	0.9782751893641486
290	103	0.9785251574817405
300	103	0.9784050992808292
310	103	0.9779545703538478
320	103	0.9772049861344938
330	103	0.9761810716574477
340	103	0.9749020614546728
350	103	0.9733827441695536
360	103	0.9716359361698097
370	103	0.9696652922066873
380	103	0.9674818673332525
390	103	0.9650887697278845
400	103	0.9624896234779862
410	103	0.9596873977431386
420	103	0.9566847952944606
430	103	0.9534845975515766
440	103	0.9500899706845373
450	103	0.946504769533008
460	103	0.9427338393408551
470	103	0.9387833528052517
480	103	0.9346612169700675
490	103	0.9303776285541479
500	103	0.9259458482193827
510	103	0.9213833596131746
520	103	0.9167136042978805
530	103	0.9119686135157496
540	103	0.9071929766865747
550	103	0.9024497826147058
560	103	0.8978293908854724
570	103	0.8934621211663041
580	103	0.8895360743437488
590	103	0.8863210719159871
600	103	0.8841986308682908
610	103	0.8836952538473973
620	103	0.8855113067866688
630	103	0.8905304193248468
640	103	0.8997875052502317
650	103	0.9143748530835887
660	103	0.9352852005720508
670	103	0.9632278552279896
680	103	0.9984855925619898
690	103	1.040873954626681
700	103	1.0898161015521879
710	103	1.144491058162362
720	103	1.2039913345981719
730	103	1.2674433672470533
740	103	1.3340762543145928
750	103	1.4032470603576799
760	103	1.4744386094812334
770	103	1.5472438152161523
780	103	1.6213457749312992
790	103	1.696498543723204
800	103	1.7725106491599616
810	103	1.8492318402754555
820	103	1.9265428218549596
830	103	2.004347493272472
840	103	2.0825671499200378
850	103	2.161136187218493
860	103	2.239998928985984
870	103	2.3191072885636257
0	104	3.913962722278246e-7
10	104	0.09585715479541171
20	104	0.1899574810208525
30	104	0.2806707925139332
40	104	0.3665994796388277
50	104	0.44665331174985506
60	104	0.5200843711762297
70	104	0.5864843078420158
80	104	0.6457512335274659
90	104	0.6980371603564729
100	104	0.743686704079663
110	104	0.7831762512236012
120	104	0.8170595125113124
130	104	0.8459229121210137
140	104	0.8703516149713447
150	104	0.890905688579703
160	104	0.9081049608629422
170	104	0.9224204937412498
180	104	0.9342714253791452
190	104	0.9440250938922036
200	104	0.9519995927740521
210	104	0.9584676374572695
220	104	0.9636610441025797
230	104	0.9677754680913789
240	104	0.9709750011222834
250	104	0.9733964401420973
260	104	0.9751532226987163
270	104	0.9763389291206921
280	104	0.9770303123355651
290	104	0.97728999693941
300	104	0.9771687635212478
310	104	0.9767075137574868
320	104	0.9759389606364869
330	104	0.9748890636200288
340	104	0.9735782442337609
350	104	0.9720224513107075
360	104	0.9702340430292842
370	104	0.9682225536007879
380	104	0.9659953660602048
390	104	0.9635582754877664
400	104	0.9609159929980496
410	104	0.958072845175891
420	104	0.9550317913549261
430	104	0.9517975132383921
440	104	0.9483739780179749
450	104	0.9447661274140584
460	104	0.9409799202159753
470	104	0.937022702250993
480	104	0.932903676692549
490	104	0.9286345422037279
500	104	0.9242304202133017
510	104	0.9197112248344786
520	104	0.915103725277309
530	104	0.9104446468143848
540	104	0.9057853085952365
550	104	0.9011984962371349
560	104	0.8967884620891732
570	104	0.8927051500958028
580	104	0.889163714504423
590	104	0.8864698923159329
600	104	0.8850502230245159
610	104	0.8854827520655687
620	104	0.8885182073193992
630	104	0.895074612442435
640	104	0.9061842323136479
650	104	0.9228791381436611
660	104	0.9460272641460684
670	104	0.9761663213222026
680	104	1.0134010400768492
690	104	1.057406921606238
700	104	1.107531989204594
710	104	1.162945707212323
720	104	1.2227785138276215
730	104	1.2862190966825577
740	104	1.3525645413477163
750	104	1.421234572813939
760	104	1.4917645941197157
770	104	1.5637891931659813
780	104	1.637023343195985
790	104	1.7112449523832625
800	104	1.7862801743681815
810	104	1.861991705484836
820	104	1.9382697524550974
830	104	2.015025210804461
840	104	2.092184562259733
850	104	2.169686088122734
860	104	2.2474770656509286
870	104	2.325511695791095
0	105	3.772175204221304e-7
10	105	0.09494960965120378
20	105	0.1881905460357584
30	105	0.27813505928112037
40	105	0.3634178490828217
50	105	0.4429681447902662
60	105	0.5160444704327318
70	105	0.5822332524359797
80	105	0.641418546170402
90	105	0.6937325947729474
100	105	0.7394976938157619
110	105	0.7791677284481907
120	105	0.813275619797296
130	105	0.8423896934022872
140	105	0.867080192586763
150	105	0.8878955748050954
160	105	0.9053468642637861
170	105	0.9198990460234656
180	105	0.9319672277022113
190	105	0.9419164549803911
200	105	0.9500638003053086
210	105	0.9566818963700342
220	105	0.9620031709747449
230	105	0.9662243296159875
240	105	0.9695107695378917
250	105	0.9720007967962778
260	105	0.9738094073657043
270	105	0.975031743890017
280	105	0.9757461108126033
290	105	0.9760166221452756
300	105	0.9758954885757901
310	105	0.9754249902927061
320	105	0.9746391495420518
330	105	0.9735651851460783
340	105	0.9722247383023589
350	105	0.9706349360527937
360	105	0.9688092876076675
370	105	0.9667584557575734
380	105	0.9644909388980158
390	105	0.9620136239029112
400	105	0.9593323117883613
410	105	0.9564521263567347
420	105	0.9533779147130487
430	105	0.950114589944256
440	105	0.9466674490565924
450	105	0.9430424995421821
460	105	0.9392468028306682
470	105	0.9352888933561894
480	105	0.9311793124836548
490	105	0.9269313668817251
500	105	0.9225622205466246
510	105	0.918094526501367
520	105	0.9135588570982547
530	105	0.9089973448059825
540	105	0.904469069236189
550	105	0.9000579422452601
560	105	0.8958840173615987
570	105	0.8921192588953845
580	105	0.8890086083602968
590	105	0.8868963245538227
600	105	0.8862554443022737
610	105	0.887714180468801
620	105	0.8920671020043458
630	105	0.9002530116100527
640	105	0.9132812107632199
650	105	0.9321014056715667
660	105	0.9574416656706265
670	105	0.9896683548491568
680	105	1.028725122540364
690	105	1.0741741339466016
700	105	1.1253142460847567
710	105	1.1813231484612068
720	105	1.2413770596107507
730	105	1.3047271208140456
740	105	1.370734365500277
750	105	1.438875632985228
760	105	1.5087334644687367
770	105	1.5799794995696375
780	105	1.6523569585464886
790	105	1.7256648872473939
800	105	1.7997450956137733
810	105	1.8744718258196904
820	105	1.9497438047237539
830	105	2.0254782418465056
840	105	2.1016063358214887
850	105	2.1780699338513587
860	105	2.254819051237025
870	105	2.3318100333225993
0	106	3.6143822099826617e-7
10	106	0.09405903051995496
20	106	0.1864557125880327
30	106	0.2756432493816731
40	106	0.3602876167008407
50	106	0.43933724764165516
60	106	0.5120573043732505
70	106	0.5780297140068602
80	106	0.6371254162074267
90	106	0.6894579294183655
100	106	0.7353281425863686
110	106	0.7751682426242934
120	106	0.8094909369125209
130	106	0.838846812761204
140	106	0.8637914548142522
150	106	0.8848616433666506
160	106	0.9025597082340483
170	106	0.9173444034916279
180	106	0.9296267079215518
190	106	0.9397692010797306
200	106	0.9480878098926365
210	106	0.954854970666351
220	106	0.9603035900088549
230	106	0.9646313384066264
240	106	0.968004879612226
250	106	0.9705639323299673
260	106	0.9724250221722738
270	106	0.9736848366694039
280	106	0.9744232189996788
290	106	0.9747057778261552
300	106	0.9745861608457048
310	106	0.9741080354624818
320	106	0.9733067554170843
330	106	0.9722108175238857
340	106	0.9708431016088552
350	106	0.9692219356594544
360	106	0.9673631169708022
370	106	0.9652750766522196
380	106	0.962970802115292
390	106	0.9604571595076479
400	106	0.9577410195191673
410	106	0.954828570542053
420	106	0.9517257052245959
430	106	0.9484383659620814
440	106	0.9449728852023969
450	106	0.9413363222602412
460	106	0.9375368453320663
470	106	0.933584201741443
480	106	0.9294903457977832
490	106	0.9252703275952544
500	106	0.9209435914130105
510	106	0.9165358992355952
520	106	0.9120821953406271
530	106	0.907630846749628
540	106	0.9032498613060754
550	106	0.8990358672215679
560	106	0.8951267761902878
570	106	0.8917190512198109
580	106	0.8890900639142575
590	106	0.8876247582339671
600	106	0.8878431198264372
610	106	0.890420376768193
620	106	0.8961860183186536
630	106	0.9060837749025358
640	106	0.9210791310924651
650	106	0.9420199019624372
660	106	0.9694848608120731
670	106	1.0036754627931301
680	106	1.0443947835016796
690	106	1.0911178132108912
700	106	1.143116737980385
710	106	1.1995911701268234
720	106	1.2597679250269407
730	106	1.3229592479721208
740	106	1.388585675913925
750	106	1.4561758480940912
760	106	1.5253544799106258
770	106	1.5958261408301933
780	106	1.667359098334995
790	106	1.739771154081376
800	106	1.8129180476735787
810	106	1.8866843384946692
820	106	1.9609764097383287
830	106	2.0357171824387774
840	106	2.1108421576050294
850	106	2.1862964623789907
860	106	2.2620326570650255
870	106	2.338009102617334
0	107	3.4750125313952205e-7
10	107	0.09318494350373113
20	107	0.18475212701271213
30	107	0.27319424481588706
40	107	0.35720762772865094
50	107	0.43575954806994993
60	107	0.5081220469680376
70	107	0.573873198492543
80	107	0.6328717076904071
90	107	0.6852133535944176
100	107	0.7311785102868774
110	107	0.7711785010991624
120	107	0.805706296537777
130	107	0.8352952051696753
140	107	0.8604863142592293
150	107	0.8818048442274237
160	107	0.8997443973010208
170	107	0.9147573883728739
180	107	0.927250576136086
190	107	0.9375839701751816
200	107	0.9460721986776042
210	107	0.9529873725908348
220	107	0.9585627886515031
230	107	0.9629969791490222
240	107	0.966457798294395
250	107	0.9690863369829047
260	107	0.9710006176034941
270	107	0.9722988432332452
280	107	0.9730623770765868
290	107	0.9733583191299963
300	107	0.9732417703800038
310	107	0.9727577825530012
320	107	0.9719430685610498
330	107	0.9708257655699231
340	107	0.969434962615186
350	107	0.9677852420852738
360	107	0.9658941046652093
370	107	0.9637745073943954
380	107	0.9614371786744976
390	107	0.9588911989717326
400	107	0.9561445084528509
410	107	0.9532043359242864
420	107	0.9500775987384484
430	107	0.9467712520803403
440	107	0.9432926433389225
450	107	0.9396498791693131
460	107	0.9358522470568487
470	107	0.931910757422501
480	107	0.9278388786209353
490	107	0.9236535824990262
500	107	0.919376883890146
510	107	0.9150381038573862
520	107	0.9106772212990738
530	107	0.9063497873845353
540	107	0.9021340511636962
550	107	0.8981410972626087
560	107	0.8945288755885707
570	107	0.8915208453316777
580	107	0.8894292359577042
590	107	0.8886811979722128
600	107	0.8898428414392909
610	107	0.8936312719431155
620	107	0.900899629450327
630	107	0.9125790606156918
640	107	0.9295709476890368
650	107	0.9526054189171019
660	107	0.9821084054499974
670	107	1.0181281234009032
680	107	1.0603495647579837
690	107	1.1081850137452098
700	107	1.1608987769423698
710	107	1.2177224524237618
720	107	1.2779358557709393
730	107	1.3409099014127748
740	107	1.406120023466512
750	107	1.4731416554678338
760	107	1.541637189327385
770	107	1.6113404585901185
780	107	1.6820419587740285
790	107	1.7535761564600463
800	107	1.8258112065382266
810	107	1.8986409066341516
820	107	1.9719785345027265
830	107	2.045752191997116
840	107	2.119901311609193
850	107	2.194374047699851
860	107	2.26912533226355
870	107	2.3441154248852354
0	108	3.329970755757499e-7
10	108	0.09232689598386458
20	108	0.18307896721955463
30	108	0.2707869872044657
40	108	0.3541767486532739
50	108	0.432234003157658
60	108	0.5042378815694919
70	108	0.5697631779416821
80	108	0.6286572364365495
90	108	0.6809990118473276
100	108	0.7270492778451807
110	108	0.7671991566939736
120	108	0.8019225531455715
130	108	0.8317357939947905
140	108	0.8571657215318592
150	108	0.8787261090166419
160	108	0.8969017962296175
170	108	0.9121388228748089
180	108	0.9248396147482947
190	108	0.9353614629785307
200	108	0.9440175893243989
210	108	0.9510796890406376
220	108	0.9567813200664657
230	108	0.9613217924455022
240	108	0.9648700820375322
250	108	0.9675686178163366
260	108	0.9695368550680101
270	108	0.9708744975478236
280	108	0.971664413559218
290	108	0.9719753341977139
300	108	0.9718633922260224
310	108	0.97137546572128
320	108	0.9705494758642976
330	108	0.9694165255196715
340	108	0.9680020104788807
350	108	0.9663266932488012
360	108	0.96440760682266
370	108	0.9622588505920514
380	108	0.9598922687149312
390	108	0.9573180224069379
400	108	0.9545451028801814
410	108	0.9515817619854768
420	108	0.9484359210496505
430	108	0.9451155271520163
440	108	0.9416289344091214
450	108	0.9379852985384204
460	108	0.9341950593413983
470	108	0.9302705622877506
480	108	0.9262269220330059
490	108	0.9220832615562123
500	108	0.9178645174479502
510	108	0.9136041012613028
520	108	0.9093477954848694
530	108	0.9051594129522487
540	108	0.9011289008020337
550	108	0.8973836776569429
560	108	0.8941039941399802
570	108	0.8915427379165629
580	108	0.890049059941566
590	108	0.8900929803605891
600	108	0.8922843939388453
610	108	0.8973750367379402
620	108	0.9062283116887742
630	108	0.9197443788911015
640	108	0.9387419372598277
650	108	0.9638221833204326
660	108	0.9952603479879534
670	108	1.032967098307907
680	108	1.0765323887294262
690	108	1.1253277813862959
700	108	1.1786248399241814
710	108	1.2356940986666816
720	108	1.295868918875114
730	108	1.3585757357410617
740	108	1.4233402864929021
750	108	1.4897801458261335
760	108	1.5575913280064286
770	108	1.6265336779204087
780	108	1.6964174358509994
790	108	1.7670918969504543
800	108	1.8384363018879386
810	108	1.9103527364300348
820	108	1.9827607021408786
830	108	2.0555930098726787
840	108	2.1287926962951342
850	108	2.202310715933283
860	108	2.2761042161498217
870	108	2.3501352506431363
0	109	3.2014919921870684e-7
10	109	0.09148445898077039
20	109	0.18143541800653726
30	109	0.26842044059353054
40	109	0.35119386381637213
50	109	0.42875958967467204
60	109	0.5004039604195881
70	109	0.565699113829987
80	109	0.6244817911987727
90	109	0.6768150324470383
100	109	0.7229408456352671
110	109	0.7632308655086615
120	109	0.7981404926064114
130	109	0.8281694955347662
140	109	0.853830639024863
150	109	0.8756264019548906
160	109	0.8940328239603089
170	109	0.9094895791888269
180	109	0.9223946062384571
190	109	0.9331024202900658
200	109	0.9419246970204868
210	109	0.9491325691478298
220	109	0.9549598061945878
230	109	0.9596064160131578
240	109	0.9632423969306112
250	109	0.9660114657979766
260	109	0.9680344821203323
270	109	0.9694126313333236
280	109	0.9702302655534015
290	109	0.9705583555735037
300	109	0.9704522096859429
310	109	0.9699623916833842
320	109	0.9691274275857271
330	109	0.9679810888108635
340	109	0.9665454758115568
350	109	0.9648486634895463
360	109	0.9629044884111873
370	109	0.9607301988448226
380	109	0.9583382432074382
390	109	0.9557398521372049
400	109	0.9529450489224862
410	109	0.9499630875285424
420	109	0.9468028731295233
430	109	0.9434733337854273
440	109	0.9399838227490244
450	109	0.9363445649301698
460	109	0.9325672009912847
470	109	0.928665511941161
480	109	0.9246564341506697
490	109	0.9205615166999142
500	109	0.9164090433108584
510	109	0.9122371360182702
520	109	0.908098261052831
530	109	0.9040657038824318
540	109	0.9002427034699956
550	109	0.8967750065679938
560	109	0.8938674532476923
570	109	0.8918046199736878
580	109	0.8909741070825555
590	109	0.8918883851773207
600	109	0.8951970756826966
610	109	0.9016771835702356
620	109	0.9121872879840733
630	109	0.9275781846397886
640	109	0.9485700590337361
650	109	0.9756289432115381
660	109	1.00888660591787
670	109	1.0481345527284758
680	109	1.092890106750173
690	109	1.1425031481255468
700	109	1.1962642227896048
710	109	1.2534871740194882
720	109	1.3135580721726317
730	109	1.3759552992825466
740	109	1.440250435213048
750	109	1.5060989132677995
760	109	1.5732267321733406
770	109	1.6414168656540327
780	109	1.710497111668688
790	109	1.7803299801076593
800	109	1.8508046279484924
810	109	1.921830593504143
820	109	1.9933330080944736
830	109	2.0652489745235925
840	109	2.1375248410689838
850	109	2.2101141582401524
860	109	2.2829761502490538
870	109	2.3560745688204547
0	110	3.088974863049282e-7
10	110	0.09065720006280574
20	110	0.17982071945429887
30	110	0.266093609146008
40	110	0.3482578927382001
50	110	0.42533530679506515
60	110	0.49661953008296844
70	110	0.5616805021230528
80	110	0.6203451910969189
90	110	0.6726615317627842
100	110	0.7188535970081694
110	110	0.7592742597723524
120	110	0.7943609144295155
130	110	0.824597177821035
140	110	0.8504820116301527
150	110	0.8725066580218322
160	110	0.8911384405120728
170	110	0.9068105462552668
180	110	0.919916420010007
190	110	0.9308076338184612
200	110	0.9397942511415464
210	110	0.9471467507288472
220	110	0.9530989734545526
230	110	0.9578515497683555
240	110	0.9615754657279414
250	110	0.9644156539874523
260	110	0.9664943484731807
270	110	0.9679131787222619
280	110	0.9687609508250844
290	110	0.9691062361515004
300	110	0.9690094770169196
310	110	0.9685199502018247
320	110	0.967678449854187
330	110	0.9665187102450031
340	110	0.9650688278252676
350	110	0.9633515534123265
360	110	0.9613867424096086
370	110	0.9591906220249311
380	110	0.9567772286143289
390	110	0.9541588440127544
400	110	0.9513465000919519
410	110	0.948350441018261
420	110	0.9451805318151489
430	110	0.9418466739546303
440	110	0.9383592305119036
450	110	0.9347295252034572
460	110	0.9309704743237345
470	110	0.9270974264474274
480	110	0.9231293571599635
490	110	0.9190905768531388
500	110	0.9150132164177817
510	110	0.9109408256503502
520	110	0.9069335542347268
530	110	0.9030755003430186
540	110	0.8994849187053277
550	110	0.8963279566981459
560	110	0.8938362875719904
570	110	0.8923281353546403
580	110	0.8922303523928367
590	110	0.8940961394101463
600	110	0.8986089322027265
610	110	0.9065596678218548
620	110	0.9187859172187957
630	110	0.9360717406014165
640	110	0.9590265871580123
650	110	0.9879801761305123
660	110	1.0229322577810487
670	110	1.063574964257759
680	110	1.1093738384531027
690	110	1.1596730010468506
700	110	1.2137906578818969
710	110	1.2710862640739833
720	110	1.3309967749543887
730	110	1.3930487381166587
740	110	1.4568553289960575
750	110	1.5221059293832742
760	110	1.5885532683141925
770	110	1.6560008972177915
780	110	1.7242922451821059
790	110	1.793301617384803
800	110	1.8629270579282764
810	110	1.9330848197431245
820	110	2.0037051393233765
830	110	2.0747290397398257
840	110	2.146105919976825
850	110	2.2177917453293423
860	110	2.2897476889785677
870	110	2.3619391151251494
0	111	2.97948314791151e-7
10	111	0.0898447216431316
20	111	0.17823412544178258
30	111	0.26380551226456583
40	111	0.3453678103244025
50	111	0.42196016517633694
60	111	0.4928837426073927
70	111	0.5577068176840054
80	111	0.6162472065517037
90	111	0.6685386090494568
100	111	0.7147879049203688
110	111	0.7553299208829775
120	111	0.7905845928257932
130	111	0.8210197387642116
140	111	0.847120781554417
150	111	0.8693678520328468
160	111	0.888219583785129
170	111	0.9041026643004041
180	111	0.9174059385982992
190	111	0.9284779754182803
200	111	0.937627084193781
210	111	0.9451230165237429
220	111	0.9511996003088704
230	111	0.956057996961624
240	111	0.9598701157523245
250	111	0.962781778794105
260	111	0.9649173799543109
270	111	0.9663801248801334
280	111	0.9672575815838375
290	111	0.9676227515854908
300	111	0.9675365248204304
310	111	0.9670495924550718
320	111	0.9662041081578833
330	111	0.9650351293108098
340	111	0.9635718652640282
350	111	0.9618387465514091
360	111	0.9598563435500128
370	111	0.9576421547539034
380	111	0.9552112945421466
390	111	0.9525770712448969
400	111	0.9497515155521606
410	111	0.9467458321900827
420	111	0.9435708414281097
430	111	0.9402374155763071
440	111	0.9367569447441173
450	111	0.9331419075355848
460	111	0.9294065920617537
470	111	0.9255680848451043
480	111	0.9216476652609819
490	111	0.9176728080328656
500	111	0.9136800730881008
510	111	0.9097192596668391
520	111	0.9058593194956156
530	111	0.9021966331874091
540	111	0.8988663013489083
550	111	0.8960569781837768
560	111	0.8940292748358177
570	111	0.8931365699853877
580	111	0.893844845031966
590	111	0.8967448189988788
600	111	0.9025459307938102
610	111	0.9120400411250619
620	111	0.9260271774178027
630	111	0.9452092594796667
640	111	0.9700769660627369
650	111	1.0008273419524567
660	111	1.037342698759822
670	111	1.0792358174444132
680	111	1.12593913374056
690	111	1.176803860319625
700	111	1.2311819165015565
710	111	1.2884790602423555
720	111	1.3481806395025455
730	111	1.4098575385272183
740	111	1.473160543486732
750	111	1.5378094368053197
760	111	1.603580774945544
770	111	1.6702964305103936
780	111	1.7378137664408533
790	111	1.8060176333231797
800	111	1.8748140556296695
810	111	1.9441253484290704
820	111	2.0138863886932334
830	111	2.084041789456268
840	111	2.1545437670192635
850	111	2.225350537287113
860	111	2.296425108990503
870	111	2.367734379496694
0	112	2.863751632288482e-7
10	112	0.08904662947230069
20	112	0.17667490486884307
30	112	0.2615552248600575
40	112	0.3425225765376473
50	112	0.4186332160461568
60	112	0.4891958663783116
70	112	0.5537775329332237
80	112	0.6121876170302307
90	112	0.664446342632409
100	112	0.7107441344969565
110	112	0.7513984327516458
120	112	0.7868122741984984
130	112	0.8174380549648982
140	112	0.8437479039008668
150	112	0.8662109721071329
160	112	0.8852772518935336
170	112	0.9013668957443434
180	112	0.9148640908678951
190	112	0.9261143203325701
200	112	0.9354240654503887
210	112	0.9430622294432027
220	112	0.9492625451980067
230	112	0.9542266316784714
240	112	0.9581278743281234
250	112	0.961111147425113
260	112	0.9633056687210745
270	112	0.9648115915202015
280	112	0.9657213393533817
290	112	0.9661082876780057
300	112	0.9660350356888054
310	112	0.9655528252887631
320	112	0.9647060218434651
330	112	0.9635307134198762
340	112	0.9620573724775341
350	112	0.9603116385763281
360	112	0.9583152408351654
370	112	0.9560867837146416
380	112	0.9536424368162465
390	112	0.9509965211529813
400	112	0.9481620414599088
410	112	0.94515114989757
420	112	0.9419756162233036
430	112	0.9386472906787061
440	112	0.9351786295960869
450	112	0.9315833359878531
460	112	0.9278772021572133
470	112	0.9240792609993698
480	112	0.9202134176814214
490	112	0.916310783422861
500	112	0.9124130193151986
510	112	0.9085771033315879
520	112	0.9048820304846167
530	112	0.9014380519985253
540	112	0.898399021960301
550	112	0.895978174973559
560	112	0.8944669133204088
570	112	0.8942546598365052
580	112	0.8958452789371238
590	112	0.8998621606992206
600	112	0.9070311143701827
610	112	0.9181307084551583
620	112	0.9339073808655414
630	112	0.9549683122952791
640	112	0.9816818263345516
650	112	1.014120111386074
660	112	1.0520646272301315
670	112	1.0950680963644241
680	112	1.1425459896566077
690	112	1.193866595140737
700	112	1.2484194119411964
710	112	1.3056559772976943
720	112	1.3651071212068855
730	112	1.4263843029146523
740	112	1.4891722226433826
750	112	1.553217860127443
760	112	1.618319014942061
770	112	1.6843138859924798
780	112	1.7510722737258444
790	112	1.8184884729723132
800	112	1.886475688057079
810	112	1.9549617194647757
820	112	2.0238856715332263
830	112	2.093195452691938
840	112	2.162845888118227
850	112	2.2327972966547813
860	112	2.303014418842575
870	112	2.373465613779615
0	113	2.762315895247888e-7
10	113	0.08826254403108053
20	113	0.1751423750087653
30	113	0.2593418369253844
40	113	0.33972121755261286
50	113	0.41535352436486817
60	113	0.48555511521899336
70	113	0.5498921317296211
80	113	0.6081662131041723
90	113	0.6603847803784635
100	113	0.7067226173514569
110	113	0.7474803793198244
120	113	0.7830447098058199
130	113	0.8138530034583878
140	113	0.8403643291045455
150	113	0.8630370166843477
160	113	0.8823124389706228
170	113	0.8986042235839103
180	113	0.9122918613220815
190	113	0.9237176415866275
200	113	0.9331861373526587
210	113	0.9409653152397189
220	113	0.9472887357967209
230	113	0.9523583980691109
240	113	0.9563478518448404
250	113	0.9594053837176671
260	113	0.9616565458440574
270	113	0.96320974114445
280	113	0.9641534882995831
290	113	0.9645641962789132
300	113	0.9645056439234777
310	113	0.9640311988938545
320	113	0.9631858387497676
330	113	0.9620072011683077
340	113	0.960527008855148
350	113	0.9587721001625737
360	113	0.9567653429655893
370	113	0.9545264336850587
380	113	0.9520725764835601
390	113	0.9494190841891746
400	113	0.9465799127801195
410	113	0.9435681595288945
420	113	0.9403965417616902
430	113	0.9370779105737865
440	113	0.9336258386236487
450	113	0.9300553564013855
460	113	0.9263839223919602
470	113	0.922632772542101
480	113	0.9188288189825633
490	113	0.9150073587183909
500	113	0.911215922947201
510	113	0.9075197091688325
520	113	0.9040091161573185
530	113	0.9008099526053305
540	113	0.8980967692933738
550	113	0.8961093434236841
560	113	0.8951713378638546
570	113	0.8957083119321919
580	113	0.8982594638179643
590	113	0.9034743059067923
600	113	0.9120837775507128
610	113	0.9248383387256799
620	113	0.9424161396930548
630	113	0.9653204705829678
640	113	0.9937980938988028
650	113	1.0278075128449455
660	113	1.0670468461623923
670	113	1.1110265960820178
680	113	1.1591587549032563
690	113	1.2108361027038512
700	113	1.2654878151308941
710	113	1.3226098037652916
720	113	1.38177524508361
730	113	1.4426325562555287
740	113	1.5048969528384877
750	113	1.568339731270545
760	113	1.6327776366676503
770	113	1.6980634311452623
780	113	1.7640780329335077
790	113	1.830724209546895
800	113	1.89792163768756
810	113	1.9656030931091322
820	113	2.033711539171396
830	113	2.102197917324981
840	113	2.1710194739921294
850	113	2.240138497801712
860	113	2.309521367631267
870	113	2.3791378385856583
0	114	2.6650703942017776e-7
10	114	0.08749210432443941
20	114	0.17363585765668363
30	114	0.257164469719747
40	114	0.33696277537240993
50	114	0.41212018313084364
60	114	0.4819607206583532
70	114	0.5460500994393283
80	114	0.6041827299687614
90	114	0.6563539824711797
100	114	0.7027236607254577
110	114	0.7435762933375729
120	114	0.7792826346418003
130	114	0.8102654518864817
140	114	0.836971017112619
150	114	0.859846981443973
160	114	0.8793261777503084
170	114	0.8958156941072268
180	114	0.9096902644255737
190	114	0.9212889436374515
200	114	0.9309142996920967
210	114	0.938833272007432
220	114	0.9452791751670864
230	114	0.950454316999788
240	114	0.9545329728572639
250	114	0.9576644438668802
260	114	0.9599760244948368
270	114	0.9615762289691235
280	114	0.962555193868816
290	114	0.9629920449144365
300	114	0.9629505904400503
310	114	0.9624863009334297
320	114	0.9616452262806048
330	114	0.9604663287187329
340	114	0.958982570003378
350	114	0.9572219657781154
360	114	0.9552085083099076
370	114	0.9529629618867899
380	114	0.9505035434780775
390	114	0.9478465392535268
400	114	0.9450068496230184
410	114	0.9419985042108452
420	114	0.9388351816783147
430	114	0.935530771001296
440	114	0.9321000378979867
450	114	0.9285594635173847
460	114	0.9249283794092553
470	114	0.9212305301075165
480	114	0.9174962836599284
490	114	0.9137657550190519
500	114	0.9100932151045212
510	114	0.9065532346153068
520	114	0.9032490841643028
530	114	0.9003238928322813
540	114	0.8979748308314203
550	114	0.8964699668766488
560	114	0.8961661626243442
570	114	0.8975242297819391
580	114	0.9011147067147577
590	114	0.9076050085871523
600	114	0.9177187141887873
610	114	0.932163470516413
620	114	0.9515365845257363
630	114	0.9762321343372112
640	114	1.006380125521607
650	114	1.0418389541459538
660	114	1.0822408779715107
670	114	1.1270700783111889
680	114	1.1757459513325277
690	114	1.2276909684668853
700	114	1.282374689697421
710	114	1.3393353864108375
720	114	1.398185364992411
730	114	1.458606579001087
740	114	1.5203416561587586
750	114	1.583183627065598
760	114	1.6469661425367024
770	114	1.7115549693203265
780	114	1.776840978731675
790	114	1.842734553042999
800	114	1.909161215839168
810	114	1.9760582635494146
820	114	2.0433721926836013
830	114	2.111056741921018
840	114	2.1790714107054283
850	114	2.247380337005924
860	114	2.3159514530631546
870	114	2.3847558487969507
0	115	2.5744746077879223e-7
10	115	0.0867349556664868
20	115	0.17215469759109933
30	115	0.2550222689901894
40	115	0.33424631099081376
50	115	0.40893229630013567
60	115	0.4784119670049749
70	115	0.5422509217776457
80	115	0.6002369379493512
90	115	0.6523539912557819
100	115	0.6987475790201274
110	115	0.7396867083733736
120	115	0.7755267646148353
130	115	0.806676254550261
140	115	0.8335689185922819
150	115	0.8566418865381845
160	115	0.8763195047935882
170	115	0.893002352406521
180	115	0.907060356039952
190	115	0.9188292708036057
200	115	0.9286095843023102
210	115	0.9366670048778923
220	115	0.9432349266710952
230	115	0.9485154803035669
240	115	0.9526837438662215
250	115	0.9558899829180224
260	115	0.9582626456811132
270	115	0.9599111254762032
280	115	0.9609283243907418
290	115	0.9613928331417277
300	115	0.9613712423394032
310	115	0.9609197456145561
320	115	0.9600858601376564
330	115	0.9589098289618238
340	115	0.9574258264248925
350	115	0.9556630286499861
360	115	0.9536465319545624
370	115	0.9513981395236889
380	115	0.9489370708169397
390	115	0.9462805643540616
400	115	0.9434444524060174
410	115	0.9404437051054974
420	115	0.9372929841838988
430	115	0.9340072726542833
440	115	0.930602623886746
450	115	0.9270971337255438
460	115	0.9235122510587344
470	115	0.9198745951736158
480	115	0.9162185092708436
490	115	0.9125896491513704
500	115	0.9090499968781603
510	115	0.905684759927944
520	115	0.902611643762346
530	115	0.8999928970717157
540	115	0.8980501394469639
550	115	0.8970811518847872
560	115	0.8974762416490042
570	115	0.8997294452211119
580	115	0.9044371206331077
590	115	0.9122748437346667
600	115	0.923945583795032
610	115	0.9401003385972738
620	115	0.961245815865947
630	115	0.9876654887283409
640	115	1.0193808121893535
650	115	1.0561650929810968
660	115	1.097601403677677
670	115	1.1431612996900065
680	115	1.192280037461594
690	115	1.2444131230373492
700	115	1.299070151567704
710	115	1.3558293471986729
720	115	1.4143389534168347
730	115	1.4743112632403261
740	115	1.5355134994487516
750	115	1.5977581174516424
760	115	1.6608938636702497
770	115	1.724798131776621
780	115	1.78937071734434
790	115	1.854528858940508
800	115	1.92020337240458
810	115	1.986335672353049
820	115	2.05287549586869
830	115	2.1197791686158847
840	115	2.1870082909530004
850	115	2.2545287419462774
860	115	2.3223099284125426
870	115	2.390324220762934
0	116	2.4872847275748393e-7
10	116	0.0859907551730952
20	116	0.17069827040715066
30	116	0.252914408363696
40	116	0.3315709225548235
50	116	0.4057889887116412
60	116	0.4749081075215185
70	116	0.5384940817126121
80	116	0.5963285861605351
90	116	0.6483848309473906
100	116	0.6947946619127214
110	116	0.7358121500306238
120	116	0.7717778144852563
130	116	0.8030862753095714
140	116	0.8301590011989713
150	116	0.8534227518434899
160	116	0.8732934972401576
170	116	0.8901652886659804
180	116	0.9044032337673011
190	116	0.9163397171352083
200	116	0.9262731058991007
210	116	0.9344680528733359
220	116	0.941157119908068
230	116	0.9465430417440245
240	116	0.9508013564302848
250	116	0.9540832373367962
260	116	0.9565182535043848
270	116	0.9582170225792975
280	116	0.9592737723605189
290	116	0.9597685113252146
300	116	0.9597691210000934
310	116	0.95933314850462
320	116	0.9585094170808878
330	116	0.9573394155026198
340	116	0.9558585149208499
350	116	0.9540970297906697
360	116	0.9520811341144313
370	116	0.9498336583731002
380	116	0.9473747937458113
390	116	0.9447227234156635
400	116	0.9418942089212522
410	116	0.9389051715584174
420	116	0.9357712971218951
430	116	0.9325087355727923
440	116	0.9291349547065217
450	116	0.9256698620273481
460	116	0.9221373189105903
470	116	0.9185672455151782
480	116	0.9149985586256881
490	116	0.9114832703992375
500	116	0.9080921513959789
510	116	0.9049224097240388
520	116	0.9021078201452762
530	116	0.8998315370584251
540	116	0.8983412789945793
550	116	0.89796549936493
560	116	0.899127342572547
570	116	0.902350761030225
580	116	0.908250885268855
590	116	0.9175004602846644
600	116	0.9307684382337718
610	116	0.948636934215973
620	116	0.9715155561959202
630	116	0.999579528999307
640	116	1.0327526012371833
650	116	1.0707385433480996
660	116	1.1130865429459873
670	116	1.1592669398194482
680	116	1.2087371355631047
690	116	1.2609875056246762
700	116	1.3155665558341578
710	116	1.3720898315859966
720	116	1.4302384177308574
730	116	1.489751989254596
740	116	1.5504198178736488
750	116	1.6120717224486547
760	116	1.6745699399360734
770	116	1.7378022724519102
780	116	1.8016765303400075
790	116	1.8661161370878778
800	116	1.93105670893186
810	116	1.9964434198448595
820	116	2.0622289868245445
830	116	2.128372133448945
840	116	2.1948364240584533
850	116	2.2615893795224817
860	116	2.328601810645999
870	116	2.395847316868538
0	117	2.40437440333642e-7
10	117	0.08525918004277791
20	117	0.16926596734255914
30	117	0.2508400903399348
40	117	0.3289357226797578
50	117	0.4026894238334732
60	117	0.47144843774619566
70	117	0.534779081068486
80	117	0.592457421349912
90	117	0.6444465166261328
100	117	0.690865175931728
110	117	0.731953130383145
120	117	0.7680364834531588
130	117	0.7994963565925933
140	117	0.8267422250472535
150	117	0.850190633960814
160	117	0.8702492450505543
170	117	0.8873056220022647
180	117	0.9017200299324023
190	117	0.9138214537841504
200	117	0.9239060184417978
210	117	0.9322373561439617
220	117	0.9390469434650783
230	117	0.9445382193826057
240	117	0.9488870663489242
250	117	0.9522455038084989
260	117	0.9547441682637067
270	117	0.9564949136347394
280	117	0.9575932269374564
290	117	0.9581204540215088
300	117	0.9581458052808225
310	117	0.957728140691906
320	117	0.9569175577636987
330	117	0.9557567699725137
340	117	0.9542823240394047
350	117	0.952525645427104
360	117	0.9505139638651623
370	117	0.9482711127658763
380	117	0.9458182425665207
390	117	0.9431744695473455
400	117	0.940357492964631
410	117	0.9373842088004193
420	117	0.9342713823012955
430	117	0.9310364263728231
440	117	0.9276983821045273
450	117	0.9242792059987521
460	117	0.9208055211856527
470	117	0.9173110434302534
480	117	0.9138399439316638
490	117	0.9104515034972939
500	117	0.9072264588696016
510	117	0.9042754715787601
520	117	0.9017500575689285
530	117	0.8998559857921538
540	117	0.8988684392298296
550	117	0.8991468988404511
560	117	0.9011457295254239
570	117	0.9054141185028791
580	117	0.9125774925086727
590	117	0.923293923772591
600	117	0.938185441428265
610	117	0.9577552918030429
620	117	0.982312954655608
630	117	1.0119310957080903
640	117	1.0464484025280525
650	117	1.085514418122679
660	117	1.1286579983999345
670	117	1.1753574539501723
680	117	1.2250967389918974
690	117	1.2774017421236323
700	117	1.3318582112593393
710	117	1.3881162851883881
720	117	1.4458869408261203
730	117	1.5049345198947588
740	117	1.56506805014367
750	117	1.6261328767029744
760	117	1.6880033040971072
770	117	1.7505764648422633
780	117	1.8137673792401316
790	117	1.8775050608667578
800	117	1.9417294892102563
810	117	2.006389277834406
820	117	2.071439890185774
830	117	2.1368422776622187
840	117	2.2025618448404756
850	117	2.2685676647934074
860	117	2.3348318867727125
870	117	2.4013292920157494
0	118	2.324873892481001e-7
10	118	0.08453990806194438
20	118	0.1678571984721651
30	118	0.24879853407690417
40	118	0.3263398586941498
50	118	0.3996327727494248
60	118	0.4680322558166916
70	118	0.5311054128834495
80	118	0.5886231907882681
90	118	0.6405390621479307
100	118	0.6869594010608577
110	118	0.7281101404614158
120	118	0.7643034656544564
130	118	0.7959073619692251
140	118	0.8233195590144281
150	118	0.8469465719561661
160	118	0.8671878483776646
170	118	0.8844244527047155
180	118	0.8990119095577024
190	118	0.911275632574891
200	118	0.9215095126150231
210	118	0.9299759696893483
220	118	0.9369056334367835
230	118	0.9425022802494435
240	118	0.946942173767249
250	118	0.9503781315414302
260	118	0.9529418151467948
270	118	0.9547462450897515
280	118	0.9558881606281193
290	118	0.95645020280454
300	118	0.9565028786299062
310	118	0.9561063357749245
320	118	0.9553119167113565
330	118	0.9541635376391003
340	118	0.9526988865454576
350	118	0.9509504796534018
360	118	0.9489465783812029
370	118	0.9467119998142717
380	118	0.9442688404729072
390	118	0.9416371498943275
400	118	0.9388355747321503
410	118	0.9358820300936707
420	118	0.9327944319539618
430	118	0.9295915819963348
440	118	0.926294285664108
450	118	0.9229268326558262
460	118	0.9195190166823328
470	118	0.9161089146627659
480	118	0.9127467221471804
490	118	0.9094999961933481
500	118	0.9064607127656574
510	118	0.9037545080147611
520	118	0.9015523012294231
530	118	0.9000840319833074
540	118	0.8996533088741885
550	118	0.9006502426999772
560	118	0.9035576600970996
570	118	0.908943908331159
580	118	0.9174350150814297
590	118	0.9296621890129454
600	118	0.9461888004488775
610	118	0.9674319799422813
620	118	0.993601492436056
630	118	1.0246758696785132
640	118	1.06042235712699
650	118	1.100450716370395
660	118	1.1442810870256621
670	118	1.1914068728024967
680	118	1.2413414131493197
690	118	1.2936458418063865
700	118	1.3479411226106512
710	118	1.4039092573926952
720	118	1.4612883428469157
730	118	1.519864910082407
740	118	1.5794656839239707
750	118	1.639949900395363
760	118	1.7012026698809761
770	118	1.7631295008994685
780	118	1.8256519110419096
790	118	1.8887039760264828
800	118	1.9522296497948712
810	118	2.0161806999076526
820	118	2.080515127136344
830	118	2.145195957274388
840	118	2.2101903231203717
850	118	2.2754687681343775
860	118	2.341004720000908
870	118	2.406774098157942
0	119	2.251113617350454e-7
10	119	0.08383263376113395
20	119	0.16647139155669863
30	119	0.24678898801950125
40	119	0.32378249580420443
50	119	0.3966182133432708
60	119	0.4646588682060748
70	119	0.5274725962033162
80	119	0.584825643216026
90	119	0.6366624708201841
100	119	0.6830775928878191
110	119	0.7242836705949345
120	119	0.7605794484965418
130	119	0.7923201221156114
140	119	0.8198919624454829
150	119	0.8436916280367316
160	119	0.8641109249738776
170	119	0.8815230752659503
180	119	0.89627972221646
190	119	0.9087034910642796
200	119	0.9190848386604548
210	119	0.9276848623914266
220	119	0.9347344784044855
230	119	0.9404364510121966
240	119	0.9449680302234559
250	119	0.9484825092550164
260	119	0.951112615614898
270	119	0.9529724901717415
280	119	0.9541600878970157
290	119	0.9547593059198005
300	119	0.9548419219821135
310	119	0.9544693334826512
320	119	0.9536941008771189
330	119	0.9525613109957451
340	119	0.9511097711000089
350	119	0.9493730604196569
360	119	0.9473804487047934
370	119	0.9451577198637452
380	119	0.9427279096116227
390	119	0.9401120050073802
400	119	0.9373296313820415
410	119	0.9343997728621976
420	119	0.931341595746438
430	119	0.9281754444049071
440	119	0.9249241180330608
450	119	0.9216145760830898
460	119	0.9182802531083688
470	119	0.9149642332627062
480	119	0.9117235932112504
490	119	0.9086352708589709
500	119	0.905803836689057
510	119	0.9033714575035975
520	119	0.9015300565050716
530	119	0.9005350490796182
540	119	0.9007188988518379
550	119	0.9025010526164524
560	119	0.9063888047289546
570	119	0.912962255710609
580	119	0.922837440220513
590	119	0.9366067388613162
600	119	0.954764911794318
610	119	0.9776387617462872
620	119	1.0053419344090846
630	119	1.0377692859641956
640	119	1.0746304591403408
650	119	1.1155085721832345
660	119	1.1599246828825676
670	119	1.2073925672858343
680	119	1.2574564995408126
690	119	1.3097119163118665
700	119	1.3638127594538962
710	119	1.4194702286826535
720	119	1.4764469616122948
730	119	1.5345494296971947
740	119	1.5936202103347812
750	119	1.6535309754262817
760	119	1.7141765227039687
770	119	1.7754698912521965
780	119	1.8373384639794594
790	119	1.8997209097552552
800	119	1.9625648104964917
810	119	2.0258248324757715
820	119	2.0894613259789665
830	119	2.153439252594834
840	119	2.217727372134109
850	119	2.2822976227941028
860	119	2.347124656282576
870	119	2.4121854894610446
0	120	2.1787037438871926e-7
10	120	0.08313705902024025
20	120	0.16510800161967965
30	120	0.24481072637688886
40	120	0.3212628199814623
50	120	0.39364497417244043
60	120	0.4613276106081547
70	120	0.5238801328996623
80	120	0.5810645237407122
90	120	0.632816741010433
100	120	0.6792199868928038
110	120	0.7204742029792428
120	120	0.7568651025266917
130	120	0.7887354917185412
140	120	0.8164601942562295
150	120	0.840426877255492
160	120	0.8610181567309261
170	120	0.8786025530093742
180	120	0.8935257579236953
190	120	0.9061057819275276
200	120	0.9166332745070268
210	120	0.9253664247244546
220	120	0.9325348129130886
230	120	0.9383423599943066
240	120	0.9429660248885429
250	120	0.9465600632296516
260	120	0.9492580287174174
270	120	0.9511751443698956
280	120	0.9524105310353578
290	120	0.9530493143787707
300	120	0.9531644980990263
310	120	0.9528187010387197
320	120	0.9520656682624902
330	120	0.95095162730851
340	120	0.9495164755228855
350	120	0.9477948299793094
360	120	0.9458169497224661
370	120	0.9436095714604442
380	120	0.9411966686371641
390	120	0.9386001836615346
400	120	0.9358407566064242
410	120	0.9329385185060275
420	120	0.9299140065631989
430	120	0.926789294425018
440	120	0.9235894506735817
450	120	0.9203444949470793
460	120	0.9170920416406695
470	120	0.913880909287003
480	120	0.9107760050622862
490	120	0.9078648379532992
500	120	0.9052659921245255
510	120	0.9031397191526885
520	120	0.9017004103567363
530	120	0.901229906698215
540	120	0.9020892887981069
550	120	0.9047250236620288
560	120	0.9096636063760951
570	120	0.9174883105652517
580	120	0.9287941074895228
590	120	0.944123412358029
600	120	0.9638947098334549
610	120	0.988343378589173
620	120	1.0174932762080082
630	120	1.0511673386898455
640	120	1.0890310317958665
650	120	1.1306523831045028
660	120	1.175561091959032
670	120	1.223294993652865
680	120	1.2734298302627387
690	120	1.32559392168698
700	120	1.3794718502667442
710	120	1.4348014597004217
720	120	1.491367549530228
730	120	1.548994498010607
740	120	1.6075390855450704
750	120	1.666884126295785
760	120	1.7269331133412524
770	120	1.7876058667378611
780	120	1.8488350737845567
790	120	1.9105635794650777
800	120	1.9727422844509737
810	120	2.0353285250267317
820	120	2.0982848316214486
830	120	2.161577977379491
840	120	2.225178255916002
850	120	2.289058932149354
860	120	2.353195830202231
870	120	2.4175670277547336