0	1	Indeterminate
10	1	Indeterminate
20	1	Indeterminate
30	1	Indeterminate
40	1	-0.4865367853797086
50	1	Indeterminate
60	1	Indeterminate
70	1	Indeterminate
80	1	0.18165737690689612
90	1	Indeterminate
100	1	Indeterminate
110	1	Indeterminate
120	1	Indeterminate
130	1	Indeterminate
140	1	Indeterminate
150	1	Indeterminate
160	1	Indeterminate
170	1	Indeterminate
180	1	Indeterminate
190	1	Indeterminate
200	1	Indeterminate
210	1	Indeterminate
220	1	Indeterminate
230	1	Indeterminate
240	1	Indeterminate
250	1	Indeterminate
260	1	Indeterminate
270	1	Indeterminate
280	1	Indeterminate
290	1	Indeterminate
300	1	Indeterminate
310	1	Indeterminate
320	1	Indeterminate
330	1	Indeterminate
340	1	Indeterminate
350	1	Indeterminate
360	1	Indeterminate
370	1	Indeterminate
380	1	Indeterminate
390	1	Indeterminate
400	1	Indeterminate
410	1	Indeterminate
420	1	Indeterminate
430	1	Indeterminate
440	1	Indeterminate
450	1	Indeterminate
460	1	Indeterminate
470	1	Indeterminate
480	1	Indeterminate
490	1	Indeterminate
500	1	Indeterminate
510	1	Indeterminate
520	1	Indeterminate
530	1	Indeterminate
540	1	Indeterminate
550	1	Indeterminate
560	1	Indeterminate
570	1	Indeterminate
580	1	Indeterminate
590	1	Indeterminate
600	1	Indeterminate
610	1	Indeterminate
620	1	Indeterminate
630	1	Indeterminate
640	1	Indeterminate
650	1	Indeterminate
660	1	Indeterminate
670	1	Indeterminate
680	1	Indeterminate
690	1	Indeterminate
700	1	Indeterminate
710	1	Indeterminate
720	1	Indeterminate
730	1	Indeterminate
740	1	Indeterminate
750	1	Indeterminate
760	1	-0.5990864589201517
770	1	-0.667995945363502
780	1	0.05678652790176084
790	1	-0.3232381151068688
800	1	-0.8150685516557452
810	1	1.597563890453693
820	1	1.297431427679213
830	1	1.7813225209692887
840	1	1.5975638904537688
850	1	0.1514307410713736
860	1	4.316256162149431
870	1	0.5724116735117311
0	2	Indeterminate
10	2	Indeterminate
20	2	Indeterminate
30	2	Indeterminate
40	2	-0.9730735707594065
50	2	Indeterminate
60	2	Indeterminate
70	2	Indeterminate
80	2	0.3633147538138031
90	2	Indeterminate
100	2	Indeterminate
110	2	Indeterminate
120	2	Indeterminate
130	2	Indeterminate
140	2	Indeterminate
150	2	Indeterminate
160	2	Indeterminate
170	2	Indeterminate
180	2	Indeterminate
190	2	Indeterminate
200	2	Indeterminate
210	2	Indeterminate
220	2	Indeterminate
230	2	Indeterminate
240	2	Indeterminate
250	2	Indeterminate
260	2	Indeterminate
270	2	Indeterminate
280	2	Indeterminate
290	2	Indeterminate
300	2	Indeterminate
310	2	Indeterminate
320	2	Indeterminate
330	2	Indeterminate
340	2	Indeterminate
350	2	Indeterminate
360	2	Indeterminate
370	2	Indeterminate
380	2	Indeterminate
390	2	Indeterminate
400	2	Indeterminate
410	2	Indeterminate
420	2	Indeterminate
430	2	Indeterminate
440	2	Indeterminate
450	2	Indeterminate
460	2	Indeterminate
470	2	Indeterminate
480	2	Indeterminate
490	2	Indeterminate
500	2	Indeterminate
510	2	Indeterminate
520	2	Indeterminate
530	2	Indeterminate
540	2	Indeterminate
550	2	Indeterminate
560	2	Indeterminate
570	2	Indeterminate
580	2	Indeterminate
590	2	Indeterminate
600	2	Indeterminate
610	2	Indeterminate
620	2	Indeterminate
630	2	Indeterminate
640	2	Indeterminate
650	2	Indeterminate
660	2	Indeterminate
670	2	Indeterminate
680	2	Indeterminate
690	2	Indeterminate
700	2	Indeterminate
710	2	Indeterminate
720	2	Indeterminate
730	2	Indeterminate
740	2	Indeterminate
750	2	Indeterminate
760	2	-1.1981729178403002
770	2	-1.3359918907269948
780	2	0.11357305580352599
790	2	-0.6464762302137402
800	2	-1.6301371033115488
810	2	3.1951277809074625
820	2	-1.7239366139032886
830	2	3.5626450419386404
840	2	-0.4125179971879182
850	2	1.1448233470233824
860	2	0.7394260429728178
870	2	0.8978544862658111
0	3	Indeterminate
10	3	Indeterminate
20	3	Indeterminate
30	3	Indeterminate
40	3	-1.4596103561391258
50	3	Indeterminate
60	3	Indeterminate
70	3	Indeterminate
80	3	0.5449721307206922
90	3	Indeterminate
100	3	Indeterminate
110	3	Indeterminate
120	3	Indeterminate
130	3	Indeterminate
140	3	Indeterminate
150	3	Indeterminate
160	3	Indeterminate
170	3	Indeterminate
180	3	Indeterminate
190	3	Indeterminate
200	3	Indeterminate
210	3	Indeterminate
220	3	Indeterminate
230	3	Indeterminate
240	3	Indeterminate
250	3	Indeterminate
260	3	Indeterminate
270	3	Indeterminate
280	3	Indeterminate
290	3	Indeterminate
300	3	Indeterminate
310	3	Indeterminate
320	3	Indeterminate
330	3	Indeterminate
340	3	Indeterminate
350	3	Indeterminate
360	3	Indeterminate
370	3	Indeterminate
380	3	Indeterminate
390	3	Indeterminate
400	3	Indeterminate
410	3	Indeterminate
420	3	Indeterminate
430	3	Indeterminate
440	3	Indeterminate
450	3	Indeterminate
460	3	Indeterminate
470	3	Indeterminate
480	3	Indeterminate
490	3	Indeterminate
500	3	Indeterminate
510	3	Indeterminate
520	3	Indeterminate
530	3	Indeterminate
540	3	Indeterminate
550	3	Indeterminate
560	3	Indeterminate
570	3	Indeterminate
580	3	Indeterminate
590	3	Indeterminate
600	3	Indeterminate
610	3	Indeterminate
620	3	Indeterminate
630	3	Indeterminate
640	3	Indeterminate
650	3	Indeterminate
660	3	Indeterminate
670	3	Indeterminate
680	3	Indeterminate
690	3	Indeterminate
700	3	Indeterminate
710	3	Indeterminate
720	3	Indeterminate
730	3	Indeterminate
740	3	Indeterminate
750	3	Indeterminate
760	3	-1.7972593767604188
770	3	-1.4596103561391258
780	3	0.5603401877987297
790	3	-0.9697143453206171
800	3	3.892294283037596
810	3	3.278499241110487
820	3	1.717235020535133
830	3	5.343967562907914
840	3	2.3289353529396304
850	3	0.6357720190742054
860	3	1.8523933626617575
870	3	1.8436770917989285
0	4	Indeterminate
10	4	Indeterminate
20	4	1.9461471415187968
30	4	Indeterminate
40	4	-1.946147141518762
50	4	Indeterminate
60	4	Indeterminate
70	4	Indeterminate
80	4	0.7266295076275835
90	4	Indeterminate
100	4	Indeterminate
110	4	Indeterminate
120	4	Indeterminate
130	4	Indeterminate
140	4	Indeterminate
150	4	Indeterminate
160	4	Indeterminate
170	4	Indeterminate
180	4	Indeterminate
190	4	Indeterminate
200	4	Indeterminate
210	4	Indeterminate
220	4	Indeterminate
230	4	Indeterminate
240	4	Indeterminate
250	4	Indeterminate
260	4	Indeterminate
270	4	Indeterminate
280	4	Indeterminate
290	4	Indeterminate
300	4	Indeterminate
310	4	Indeterminate
320	4	Indeterminate
330	4	Indeterminate
340	4	Indeterminate
350	4	Indeterminate
360	4	Indeterminate
370	4	Indeterminate
380	4	Indeterminate
390	4	Indeterminate
400	4	Indeterminate
410	4	Indeterminate
420	4	Indeterminate
430	4	Indeterminate
440	4	Indeterminate
450	4	Indeterminate
460	4	Indeterminate
470	4	Indeterminate
480	4	Indeterminate
490	4	Indeterminate
500	4	Indeterminate
510	4	Indeterminate
520	4	Indeterminate
530	4	Indeterminate
540	4	Indeterminate
550	4	Indeterminate
560	4	Indeterminate
570	4	Indeterminate
580	4	Indeterminate
590	4	Indeterminate
600	4	Indeterminate
610	4	Indeterminate
620	4	Indeterminate
630	4	Indeterminate
640	4	Indeterminate
650	4	Indeterminate
660	4	Indeterminate
670	4	Indeterminate
680	4	Indeterminate
690	4	Indeterminate
700	4	Indeterminate
710	4	Indeterminate
720	4	Indeterminate
730	4	-0.3109714559994721
740	4	-2.3963458356805853
750	4	0.22714611160706177
760	4	-2.396345835680546
770	4	0.19157784713811965
780	4	-1.0019209938285571
790	4	1.1480697371604809
800	4	7.125290083877362
810	4	2.2896466940468105
820	4	-0.2701340066503283
830	4	3.5970754839704933
840	4	0.926524091685134
850	4	1.2804558190607092
860	4	0.9882467320150994
870	4	0.9903492295156908
0	5	Indeterminate
10	5	Indeterminate
20	5	Indeterminate
30	5	Indeterminate
40	5	-2.43268392689851
50	5	Indeterminate
60	5	Indeterminate
70	5	Indeterminate
80	5	0.9082868845344696
90	5	Indeterminate
100	5	Indeterminate
110	5	Indeterminate
120	5	Indeterminate
130	5	Indeterminate
140	5	Indeterminate
150	5	Indeterminate
160	5	Indeterminate
170	5	Indeterminate
180	5	Indeterminate
190	5	Indeterminate
200	5	Indeterminate
210	5	Indeterminate
220	5	Indeterminate
230	5	Indeterminate
240	5	Indeterminate
250	5	Indeterminate
260	5	Indeterminate
270	5	Indeterminate
280	5	Indeterminate
290	5	Indeterminate
300	5	Indeterminate
310	5	Indeterminate
320	5	Indeterminate
330	5	Indeterminate
340	5	Indeterminate
350	5	Indeterminate
360	5	Indeterminate
370	5	Indeterminate
380	5	Indeterminate
390	5	Indeterminate
400	5	Indeterminate
410	5	Indeterminate
420	5	Indeterminate
430	5	Indeterminate
440	5	Indeterminate
450	5	Indeterminate
460	5	Indeterminate
470	5	Indeterminate
480	5	Indeterminate
490	5	Indeterminate
500	5	Indeterminate
510	5	Indeterminate
520	5	Indeterminate
530	5	Indeterminate
540	5	Indeterminate
550	5	Indeterminate
560	5	Indeterminate
570	5	Indeterminate
580	5	Indeterminate
590	5	Indeterminate
600	5	Indeterminate
610	5	Indeterminate
620	5	Indeterminate
630	5	Indeterminate
640	5	Indeterminate
650	5	Indeterminate
660	5	Indeterminate
670	5	Indeterminate
680	5	Indeterminate
690	5	Indeterminate
700	5	-1.62475536956205
710	5	-0.3887143199993409
720	5	0.28393263950881237
730	5	1.3205221741696014
740	5	-0.23947230892263832
750	5	-0.29690918142048933
760	5	-0.28393263950881237
770	5	0.8351945365684734
780	5	2.55659974709486
790	5	0.852050945421705
800	5	-6.1852718705858925
810	5	1.1101704961171535
820	5	1.0841124466679406
830	5	0.9381831611829755
840	5	1.0973141243424125
850	5	1.002655390267716
860	5	0.9997518292705697
870	5	0.999659155067911
0	6	Indeterminate
10	6	Indeterminate
20	6	Indeterminate
30	6	Indeterminate
40	6	-2.91922071227825
50	6	Indeterminate
60	6	Indeterminate
70	6	Indeterminate
80	6	1.0899442614413977
90	6	Indeterminate
100	6	Indeterminate
110	6	Indeterminate
120	6	Indeterminate
130	6	Indeterminate
140	6	Indeterminate
150	6	Indeterminate
160	6	Indeterminate
170	6	Indeterminate
180	6	Indeterminate
190	6	Indeterminate
200	6	Indeterminate
210	6	Indeterminate
220	6	Indeterminate
230	6	Indeterminate
240	6	Indeterminate
250	6	Indeterminate
260	6	Indeterminate
270	6	Indeterminate
280	6	Indeterminate
290	6	Indeterminate
300	6	Indeterminate
310	6	Indeterminate
320	6	Indeterminate
330	6	Indeterminate
340	6	Indeterminate
350	6	Indeterminate
360	6	Indeterminate
370	6	Indeterminate
380	6	Indeterminate
390	6	Indeterminate
400	6	Indeterminate
410	6	Indeterminate
420	6	Indeterminate
430	6	Indeterminate
440	6	Indeterminate
450	6	Indeterminate
460	6	Indeterminate
470	6	Indeterminate
480	6	Indeterminate
490	6	Indeterminate
500	6	Indeterminate
510	6	Indeterminate
520	6	Indeterminate
530	6	Indeterminate
540	6	Indeterminate
550	6	Indeterminate
560	6	Indeterminate
570	6	Indeterminate
580	6	Indeterminate
590	6	Indeterminate
600	6	Indeterminate
610	6	Indeterminate
620	6	Indeterminate
630	6	Indeterminate
640	6	Indeterminate
650	6	Indeterminate
660	6	-1.287926265401299
670	6	-1.0100862970490858
680	6	-2.91922071227825
690	6	-1.939428690641209
700	6	-0.28736677070716415
710	6	0.840244147374613
720	6	1.939428690641209
730	6	2.91922071227825
740	6	3.3607598354744064
750	6	1.2644895837354098
760	6	5.38333860146928
770	6	-1.2202145413769705
780	6	-0.8594205654871794
790	6	0.25168921538513456
800	6	1.0556270943536374
810	6	0.9374409991204851
820	6	0.9565128003051098
830	6	0.9989521562435387
840	6	0.9969783028493837
850	6	1.00014502342314
860	6	0.9999916973960539
870	6	0.9999483944787095
0	7	Indeterminate
10	7	Indeterminate
20	7	0.5442000479990615
30	7	Indeterminate
40	7	-0.9151507766900459
50	7	0.5442000479990622
60	7	Indeterminate
70	7	Indeterminate
80	7	1.2716016383483064
90	7	Indeterminate
100	7	Indeterminate
110	7	Indeterminate
120	7	Indeterminate
130	7	Indeterminate
140	7	Indeterminate
150	7	Indeterminate
160	7	Indeterminate
170	7	Indeterminate
180	7	Indeterminate
190	7	Indeterminate
200	7	Indeterminate
210	7	Indeterminate
220	7	Indeterminate
230	7	Indeterminate
240	7	Indeterminate
250	7	Indeterminate
260	7	Indeterminate
270	7	Indeterminate
280	7	Indeterminate
290	7	Indeterminate
300	7	Indeterminate
310	7	Indeterminate
320	7	Indeterminate
330	7	Indeterminate
340	7	Indeterminate
350	7	Indeterminate
360	7	Indeterminate
370	7	Indeterminate
380	7	Indeterminate
390	7	Indeterminate
400	7	Indeterminate
410	7	Indeterminate
420	7	Indeterminate
430	7	Indeterminate
440	7	Indeterminate
450	7	Indeterminate
460	7	Indeterminate
470	7	Indeterminate
480	7	Indeterminate
490	7	Indeterminate
500	7	Indeterminate
510	7	Indeterminate
520	7	Indeterminate
530	7	Indeterminate
540	7	Indeterminate
550	7	Indeterminate
560	7	Indeterminate
570	7	Indeterminate
580	7	Indeterminate
590	7	Indeterminate
600	7	Indeterminate
610	7	Indeterminate
620	7	Indeterminate
630	7	-4.675971617544478
640	7	-0.8884725060475572
650	7	-1.1860149111969875
660	7	-2.2626668057480956
670	7	0.9802848386037291
680	7	0.7542222685827078
690	7	0.8479141008005723
700	7	4.1936052124409215
710	7	2.583147706729426
720	7	1.5316809594193859
730	7	-1.058414149874826
740	7	-12.811805731557802
750	7	-1.3709548842281973
760	7	1.1627408687994454
770	7	0.7064369349020136
780	7	0.8079307515045583
790	7	0.8880625480961333
800	7	0.9927269475178386
810	7	1.0094425630321586
820	7	0.9996953921428875
830	7	0.9996380925052332
840	7	0.9998843260947908
850	7	0.9999632884065174
860	7	1.0000156378857463
870	7	1.00011551191926
0	8	Indeterminate
10	8	Indeterminate
20	8	Indeterminate
30	8	5.343967562907897
40	8	-3.8922942830375917
50	8	Indeterminate
60	8	Indeterminate
70	8	Indeterminate
80	8	1.453259015255205
90	8	Indeterminate
100	8	Indeterminate
110	8	Indeterminate
120	8	Indeterminate
130	8	Indeterminate
140	8	Indeterminate
150	8	Indeterminate
160	8	Indeterminate
170	8	Indeterminate
180	8	Indeterminate
190	8	Indeterminate
200	8	Indeterminate
210	8	Indeterminate
220	8	Indeterminate
230	8	Indeterminate
240	8	Indeterminate
250	8	Indeterminate
260	8	Indeterminate
270	8	Indeterminate
280	8	Indeterminate
290	8	Indeterminate
300	8	Indeterminate
310	8	Indeterminate
320	8	Indeterminate
330	8	Indeterminate
340	8	Indeterminate
350	8	Indeterminate
360	8	Indeterminate
370	8	Indeterminate
380	8	Indeterminate
390	8	Indeterminate
400	8	Indeterminate
410	8	Indeterminate
420	8	Indeterminate
430	8	Indeterminate
440	8	Indeterminate
450	8	Indeterminate
460	8	Indeterminate
470	8	Indeterminate
480	8	Indeterminate
490	8	Indeterminate
500	8	Indeterminate
510	8	Indeterminate
520	8	Indeterminate
530	8	Indeterminate
540	8	Indeterminate
550	8	Indeterminate
560	8	Indeterminate
570	8	Indeterminate
580	8	Indeterminate
590	8	Indeterminate
600	8	-1.346781729398781
610	8	-4.037759308968599
620	8	-2.5859049208549334
630	8	26.563444911999863
640	8	0.9021502009316866
650	8	0.16117528247337384
660	8	6.8686820621213736
670	8	1.711413654906233
680	8	8.434118158159738
690	8	1.3084156543259144
700	8	1.7486706422212277
710	8	1.6062069827062413
720	8	-0.3674757152047275
730	8	1.1666295631867982
740	8	0.4815988456844894
750	8	1.0172991405471685
760	8	0.9318490026996198
770	8	0.9449840732746012
780	8	0.9500767071019477
790	8	0.9645114474006947
800	8	1.000252434980434
810	8	1.0006433146057492
820	8	1.0003027133424072
830	8	0.9999551670067027
840	8	1.0000408314573401
850	8	1.0000325899936302
860	8	1.000127110008021
870	8	1.0004815658684663
0	9	-2.3769399135052214
10	9	Indeterminate
20	9	0.699685775998809
30	9	Indeterminate
40	9	-4.37883106841739
50	9	Indeterminate
60	9	Indeterminate
70	9	Indeterminate
80	9	1.6349163921620786
90	9	Indeterminate
100	9	Indeterminate
110	9	Indeterminate
120	9	Indeterminate
130	9	Indeterminate
140	9	Indeterminate
150	9	Indeterminate
160	9	Indeterminate
170	9	Indeterminate
180	9	Indeterminate
190	9	Indeterminate
200	9	Indeterminate
210	9	Indeterminate
220	9	Indeterminate
230	9	Indeterminate
240	9	Indeterminate
250	9	Indeterminate
260	9	Indeterminate
270	9	Indeterminate
280	9	Indeterminate
290	9	Indeterminate
300	9	Indeterminate
310	9	Indeterminate
320	9	Indeterminate
330	9	Indeterminate
340	9	Indeterminate
350	9	Indeterminate
360	9	Indeterminate
370	9	Indeterminate
380	9	Indeterminate
390	9	Indeterminate
400	9	Indeterminate
410	9	Indeterminate
420	9	Indeterminate
430	9	Indeterminate
440	9	Indeterminate
450	9	Indeterminate
460	9	Indeterminate
470	9	Indeterminate
480	9	Indeterminate
490	9	Indeterminate
500	9	Indeterminate
510	9	Indeterminate
520	9	Indeterminate
530	9	Indeterminate
540	9	Indeterminate
550	9	Indeterminate
560	9	-0.699685775998809
570	9	-6.011963508271473
580	9	-5.39177813028115
590	9	-1.2477814475166475
600	9	31.20347348042943
610	9	2.639977061823036e-16
620	9	2.9091430359618067
630	9	-1.3367938370717827
640	9	1.550622779423283
650	9	1.76799473739494
660	9	38.06350119465097
670	9	-1.5484454835677839
680	9	2.308166544932768
690	9	1.7770068521703561
700	9	1.4468017957680668
710	9	1.6046539590116213
720	9	1.0004952799875275
730	9	0.9384199632838613
740	9	1.0001746627523125
750	9	0.9682129141423853
760	9	0.9972886820664066
770	9	0.9870249965409642
780	9	0.9865253987393722
790	9	0.9865613594142442
800	9	0.9999066805958811
810	9	1.0001234400021477
820	9	0.9999366078202699
830	9	1.0000326077924369
840	9	1.0000475070999906
850	9	1.0001374179223368
860	9	1.0004473600495367
870	9	1.0013671512762126
0	10	-2.6410443483391823
10	10	-0.5678652790176084
20	10	Indeterminate
30	10	6.67995945363502
40	10	-4.865367853797086
50	10	Indeterminate
60	10	1.6834771617484945
70	10	Indeterminate
80	10	1.8165737690689614
90	10	Indeterminate
100	10	Indeterminate
110	10	Indeterminate
120	10	Indeterminate
130	10	Indeterminate
140	10	Indeterminate
150	10	Indeterminate
160	10	Indeterminate
170	10	Indeterminate
180	10	Indeterminate
190	10	Indeterminate
200	10	Indeterminate
210	10	Indeterminate
220	10	Indeterminate
230	10	Indeterminate
240	10	Indeterminate
250	10	Indeterminate
260	10	Indeterminate
270	10	Indeterminate
280	10	Indeterminate
290	10	Indeterminate
300	10	Indeterminate
310	10	Indeterminate
320	10	Indeterminate
330	10	Indeterminate
340	10	Indeterminate
350	10	Indeterminate
360	10	Indeterminate
370	10	Indeterminate
380	10	Indeterminate
390	10	Indeterminate
400	10	Indeterminate
410	10	Indeterminate
420	10	Indeterminate
430	10	Indeterminate
440	10	Indeterminate
450	10	Indeterminate
460	10	Indeterminate
470	10	Indeterminate
480	10	Indeterminate
490	10	Indeterminate
500	10	Indeterminate
510	10	Indeterminate
520	10	-5.990864589201407
530	10	0.5678652790176084
540	10	2.641044348339177
550	10	0.7920966375097025
560	10	-2.7472393629173184
570	10	-1.755810907655799
580	10	15.5986705169294
590	10	-0.0816559202253014
600	10	-4.66550741298222
610	10	-4.385410055707556
620	10	0.3875220165100415
630	10	0.8094379866323248
640	10	-0.5104523954252008
650	10	46.32559765074538
660	10	1.3155090244544823
670	10	17.83547347495913
680	10	1.1767767168502878
690	10	0.3376158392570177
700	10	1.0485463451418557
710	10	0.9729147766276199
720	10	0.9809058964999041
730	10	0.9983301973120542
740	10	1.0048570052787549
750	10	0.9952699259305562
760	10	0.9951466621092526
770	10	0.9944686225751818
780	10	0.9947880691819625
790	10	0.9947416333831628
800	10	1.0000310091434592
810	10	0.999977777631516
820	10	0.9999992438960539
830	10	1.0000549009289572
840	10	1.0001511273784123
850	10	1.0004207561354885
860	10	1.0011478424855
870	10	1.003131252567694
0	11	Indeterminate
10	11	-0.6246518069193724
20	11	Indeterminate
30	11	7.34795539899843
40	11	-5.351904639176606
50	11	Indeterminate
60	11	Indeterminate
70	11	Indeterminate
80	11	1.9982311459758642
90	11	Indeterminate
100	11	Indeterminate
110	11	Indeterminate
120	11	Indeterminate
130	11	Indeterminate
140	11	Indeterminate
150	11	Indeterminate
160	11	Indeterminate
170	11	Indeterminate
180	11	Indeterminate
190	11	Indeterminate
200	11	Indeterminate
210	11	Indeterminate
220	11	Indeterminate
230	11	Indeterminate
240	11	Indeterminate
250	11	Indeterminate
260	11	Indeterminate
270	11	Indeterminate
280	11	Indeterminate
290	11	Indeterminate
300	11	Indeterminate
310	11	Indeterminate
320	11	Indeterminate
330	11	Indeterminate
340	11	Indeterminate
350	11	Indeterminate
360	11	Indeterminate
370	11	Indeterminate
380	11	Indeterminate
390	11	Indeterminate
400	11	Indeterminate
410	11	Indeterminate
420	11	Indeterminate
430	11	Indeterminate
440	11	Indeterminate
450	11	Indeterminate
460	11	Indeterminate
470	11	Indeterminate
480	11	-6.589951048121566
490	11	-5.351904639176787
500	11	-3.5556192661755093
510	11	0.5268390796298026
520	11	-2.905148783173133
530	11	0.4701070342133021
540	11	17.804556668865942
550	11	-2.207166054939296
560	11	-3.5556192661754986
570	11	12.843777058990852
580	11	-3.201318085500966
590	11	5.506345407991439
600	11	26.704844953236186
610	11	4.183202525102786
620	11	1.3266156213378373
630	11	2.1779546292004373
640	11	-7.112803386712537
650	11	-0.08002245948303313
660	11	1.0987099894355759
670	11	1.009363958375153
680	11	1.0695351463688776
690	11	0.8939557784355922
700	11	0.9582309900395306
710	11	1.0129317869455219
720	11	1.001318156080209
730	11	0.9982675229760942
740	11	0.9971534114413488
750	11	0.9975366196244783
760	11	0.9978291665256463
770	11	0.9976553964550785
780	11	0.9977388941522074
790	11	0.9977134880947274
800	11	1.00007602057882
810	11	1.000039445623672
820	11	1.0000549819166638
830	11	1.000161285107872
840	11	1.0004023471506585
850	11	1.0009982252950638
860	11	1.0024831558750162
870	11	1.0061967250133186
0	12	-3.169253218006925
10	12	Indeterminate
20	12	Indeterminate
30	12	8.015951344361923
40	12	-5.838441424556385
50	12	Indeterminate
60	12	Indeterminate
70	12	Indeterminate
80	12	2.1798885228827722
90	12	Indeterminate
100	12	Indeterminate
110	12	Indeterminate
120	12	Indeterminate
130	12	Indeterminate
140	12	Indeterminate
150	12	Indeterminate
160	12	Indeterminate
170	12	Indeterminate
180	12	Indeterminate
190	12	Indeterminate
200	12	Indeterminate
210	12	Indeterminate
220	12	Indeterminate
230	12	Indeterminate
240	12	Indeterminate
250	12	Indeterminate
260	12	Indeterminate
270	12	Indeterminate
280	12	Indeterminate
290	12	Indeterminate
300	12	Indeterminate
310	12	Indeterminate
320	12	Indeterminate
330	12	Indeterminate
340	12	Indeterminate
350	12	Indeterminate
360	12	Indeterminate
370	12	Indeterminate
380	12	Indeterminate
390	12	Indeterminate
400	12	Indeterminate
410	12	Indeterminate
420	12	Indeterminate
430	12	Indeterminate
440	12	-8.015951344361923
450	12	-0.9329143679984203
460	12	0.6814383348211245
470	12	2.624901599249941
480	12	-0.5747335414143426
490	12	-3.169253218006874
500	12	-0.6814383348211245
510	12	-1.109357292212343
520	12	2.1798885228827722
530	12	-0.9329143679983807
540	12	4.91774886166583
550	12	-7.189037507042416
560	12	1.0757518604283154
570	12	3.8463011369722997
580	12	5.905243360382658
590	12	-0.09628640118952699
600	12	2.285386418203505
610	12	-1.9576979696325145
620	12	0.5639741020649094
630	12	0.9980225798305008
640	12	0.9024859079038734
650	12	0.9866462263413689
660	12	1.001782959336407
670	12	0.9952269119664819
680	12	1.0428004441712517
690	12	1.0130447763651393
700	12	0.9974656774337315
710	12	1.002260082623868
720	12	0.9980819609284912
730	12	0.9986339621030156
740	12	0.9988291453659824
750	12	0.9989900905848891
760	12	0.9989262177236495
770	12	0.9989224252686486
780	12	0.9989121518902921
790	12	0.9989243099651118
800	12	1.0000353916092966
810	12	1.0000759099127252
820	12	1.0001733865266162
830	12	1.0003867440220804
840	12	1.0008911270972034
850	12	1.0020542702134598
860	12	1.004744377014042
870	12	1.0110092752053563
0	13	Indeterminate
10	13	Indeterminate
20	13	2.9578155051442687
30	13	2.1885203102729816
40	13	-6.324978209935964
50	13	Indeterminate
60	13	Indeterminate
70	13	Indeterminate
80	13	2.3615458997897116
90	13	Indeterminate
100	13	Indeterminate
110	13	Indeterminate
120	13	Indeterminate
130	13	Indeterminate
140	13	Indeterminate
150	13	Indeterminate
160	13	Indeterminate
170	13	Indeterminate
180	13	Indeterminate
190	13	Indeterminate
200	13	Indeterminate
210	13	Indeterminate
220	13	Indeterminate
230	13	Indeterminate
240	13	Indeterminate
250	13	Indeterminate
260	13	Indeterminate
270	13	Indeterminate
280	13	Indeterminate
290	13	Indeterminate
300	13	Indeterminate
310	13	Indeterminate
320	13	Indeterminate
330	13	Indeterminate
340	13	Indeterminate
350	13	Indeterminate
360	13	Indeterminate
370	13	Indeterminate
380	13	Indeterminate
390	13	Indeterminate
400	13	Indeterminate
410	13	-7.788123965961556
420	13	-6.324978209936205
430	13	-4.202095496389446
440	13	0.6226280031988753
450	13	-2.8549664276338262
460	13	4.202095496389446
470	13	6.324978209936205
480	13	1.0896500360097368
490	13	4.3337722431192457e-16
500	13	-3.017988073220707
510	13	0.5762208644260735
520	13	-0.08383245835112633
530	13	-3.5183518078178073
540	13	4.52952663361415
550	13	4.248184677806763
560	13	0.2184528199555479
570	13	2.164984865907157
580	13	0.18947724236078986
590	13	0.007322910838933667
600	13	0.9516570106484981
610	13	0.8546847731143239
620	13	1.1970996907569391
630	13	0.9199551899286609
640	13	1.0060772916813985
650	13	0.9665635770214097
660	13	1.0116812463085245
670	13	1.005252234001891
680	13	1.000204284134394
690	13	1.0006205806191821
700	13	0.9984406445319464
710	13	0.9989142201336966
720	13	0.9997226347201335
730	13	0.9994288736464757
740	13	0.9995147227616533
750	13	0.9994699022702954
760	13	0.999442415119888
770	13	0.9994467821933382
780	13	0.9994559171539706
790	13	0.9994704856570619
800	13	1.0000818128251219
810	13	1.0001745989724913
820	13	1.0003730779056097
830	13	1.0008122729858382
840	13	1.0017547952051347
850	13	1.0037971679420958
860	13	1.0082426517401215
870	13	1.0180145651713621
0	14	Indeterminate
10	14	4.525333611495978
20	14	Indeterminate
30	14	Indeterminate
40	14	-6.811514995315741
50	14	Indeterminate
60	14	Indeterminate
70	14	Indeterminate
80	14	2.5432032766965413
90	14	Indeterminate
100	14	Indeterminate
110	14	Indeterminate
120	14	Indeterminate
130	14	Indeterminate
140	14	Indeterminate
150	14	Indeterminate
160	14	Indeterminate
170	14	Indeterminate
180	14	Indeterminate
190	14	Indeterminate
200	14	Indeterminate
210	14	Indeterminate
220	14	Indeterminate
230	14	Indeterminate
240	14	Indeterminate
250	14	Indeterminate
260	14	Indeterminate
270	14	Indeterminate
280	14	Indeterminate
290	14	Indeterminate
300	14	Indeterminate
310	14	Indeterminate
320	14	Indeterminate
330	14	Indeterminate
340	14	Indeterminate
350	14	Indeterminate
360	14	Indeterminate
370	14	-9.351943235088793
380	14	-1.0884000959981406
390	14	0.795011390624687
400	14	3.6974620876747983
410	14	-0.9172594569304644
420	14	-2.964935862434205
430	14	-0.795011390624687
440	14	3.074579229759589
450	14	-0.6705224649833986
460	14	2.5432032766965413
470	14	-0.1028731363173988
480	14	0.7462721812558143
490	14	0.6624521224336981
500	14	4.404359018991167
510	14	-8.875381214449352
520	14	-0.19002361407623353
530	14	4.821997366032196
540	14	-0.7759642444263427
550	14	0.7426734249984469
560	14	7.316318530913057
570	14	0.9638127723845078
580	14	1.155211186870965
590	14	0.9330614967892908
600	14	0.8728826469966245
610	14	0.9899903429664717
620	14	1.0186740468764872
630	14	0.9705847482631188
640	14	1.0132392948787643
650	14	1.0094030871578148
660	14	1.0025864751390425
670	14	1.0006611936664642
680	14	1.0009758518811513
690	14	0.9998526349453897
700	14	0.9998633831395943
710	14	0.999412305626946
720	14	0.9995843499073706
730	14	0.9997183142974658
740	14	0.9997102960491729
750	14	0.9997137541440093
760	14	0.9997179552258216
770	14	0.999722520271683
780	14	0.9997407811072153
790	14	0.9997717745674759
800	14	1.00018311344859
810	14	1.0003703615329436
820	14	1.00075194055637
830	14	1.0015369411884456
840	14	1.0031460566939394
850	14	1.0064532127693628
860	14	1.0132953611263562
870	14	1.02764555915409
0	15	-3.961566522508698
10	15	Indeterminate
20	15	Indeterminate
30	15	Indeterminate
40	15	-7.298051780695322
50	15	Indeterminate
60	15	Indeterminate
70	15	Indeterminate
80	15	2.724860653603418
90	15	Indeterminate
100	15	Indeterminate
110	15	Indeterminate
120	15	Indeterminate
130	15	Indeterminate
140	15	Indeterminate
150	15	Indeterminate
160	15	Indeterminate
170	15	Indeterminate
180	15	Indeterminate
190	15	Indeterminate
200	15	Indeterminate
210	15	Indeterminate
220	15	Indeterminate
230	15	Indeterminate
240	15	Indeterminate
250	15	Indeterminate
260	15	Indeterminate
270	15	Indeterminate
280	15	Indeterminate
290	15	Indeterminate
300	15	Indeterminate
310	15	Indeterminate
320	15	Indeterminate
330	15	Indeterminate
340	15	-8.986296883802293
350	15	-7.298051780695452
360	15	-4.848571726603027
370	15	1.1881449562646116
380	15	-3.7501401918055404
390	15	3.043674887475707e-15
400	15	32.386760549063425
410	15	-3.9372705487622737
420	15	-2.027517625283188
430	15	7.29805178069555
440	15	-10.837493950144799
450	15	-1.1488297219805694
460	15	-7.298051780694819
470	15	3.454951394434071
480	15	0.6256743162962636
490	15	-0.16996027130460747
500	15	-0.6168496505271427
510	15	0.7581072278936701
520	15	-1.4553789980522918
530	15	0.8779100341652353
540	15	1.1478706826111682
550	15	0.8780806203812707
560	15	1.5957533856325483
570	15	0.8055485428976552
580	15	1.0140905668578761
590	15	0.953905250865465
600	15	0.9889974353924668
610	15	0.9881707625484901
620	15	0.9979802893345402
630	15	0.9967506234596507
640	15	0.9935931848945422
650	15	1.000431350226948
660	15	0.9986894324989283
670	15	1.0000845314007827
680	15	0.9997847960207079
690	15	0.9997227108709117
700	15	0.9998063387600824
710	15	0.9998874061344992
720	15	0.9998127287730311
730	15	0.9998321430988312
740	15	0.9998452820701642
750	15	0.999846798167178
760	15	0.9998594147638802
770	15	0.9998778938163952
780	15	0.999919396778237
790	15	0.9999961033752525
800	15	1.0003624005620617
810	15	1.0007057522343739
820	15	1.0013734964574372
830	15	1.0026786596208273
840	15	1.0052335736425286
850	15	1.0102553478364908
860	15	1.0202141471037167
870	15	1.0403187162263694
0	16	Indeterminate
10	16	-0.908584446428206
20	16	1.243885823997871
30	16	Indeterminate
40	16	-7.78458856607525
50	16	Indeterminate
60	16	Indeterminate
70	16	Indeterminate
80	16	2.906518030510226
90	16	Indeterminate
100	16	Indeterminate
110	16	Indeterminate
120	16	Indeterminate
130	16	Indeterminate
140	16	Indeterminate
150	16	Indeterminate
160	16	Indeterminate
170	16	Indeterminate
180	16	Indeterminate
190	16	Indeterminate
200	16	Indeterminate
210	16	Indeterminate
220	16	Indeterminate
230	16	Indeterminate
240	16	Indeterminate
250	16	Indeterminate
260	16	Indeterminate
270	16	Indeterminate
280	16	Indeterminate
290	16	Indeterminate
300	16	-10.687935125815791
310	16	-1.243885823997871
320	16	0.908584446428206
330	16	4.2256709573427
340	16	-0.827699005879005
350	16	-10.074949605994519
360	16	10.074949605994679
370	16	9.585383342722277
380	16	-3.513804834011046
390	16	-0.908584446428206
400	16	1.2438858239978474
410	16	25.6991988187671
420	16	24.49223448176569
430	16	15.403324901294528
440	16	-25.039770041829676
450	16	-0.6879408197982173
460	16	-5.1770992010680885
470	16	1.1454657887988446
480	16	-45.445801804531044
490	16	-0.34217489847035637
500	16	4.414717887949332
510	16	4.40320722960822
520	16	0.5081345166746196
530	16	1.1777927874656524
540	16	1.3002355286467182
550	16	1.0487949931809197
560	16	0.9388678436333847
570	16	0.9640740967868594
580	16	0.9647347772479535
590	16	0.9721970623922053
600	16	1.0196772973334245
610	16	1.0068007163043085
620	16	1.0028792603122327
630	16	1.0009298901109378
640	16	0.9967231938580781
650	16	1.0001367229829712
660	16	1.0003763190222155
670	16	0.9999766500802961
680	16	0.9997264835431713
690	16	0.9999359632258565
700	16	0.9998789895082805
710	16	0.9999091143626131
720	16	0.9999062323401009
730	16	0.9999065733934389
740	16	0.9999224789603854
750	16	0.9999301131077373
760	16	0.9999557211911213
770	16	0.9999991313811074
780	16	1.0000817460344757
790	16	1.0002338293585329
800	16	1.0006683747752194
810	16	1.0012475950361681
820	16	1.00233184177061
830	16	1.0043664420662466
840	16	1.0081936077111837
850	16	1.0154357895998434
860	16	1.0292980967477106
870	16	1.0564338861475573
0	17	3.6491244186371556
10	17	-8.287567785397199
20	17	2.356920511975898
30	17	1.3216286879977126
40	17	-2.2225090291043883
50	17	Indeterminate
60	17	Indeterminate
70	17	Indeterminate
80	17	3.0881754074172125
90	17	Indeterminate
100	17	Indeterminate
110	17	Indeterminate
120	17	Indeterminate
130	17	Indeterminate
140	17	Indeterminate
150	17	Indeterminate
160	17	Indeterminate
170	17	Indeterminate
180	17	Indeterminate
190	17	Indeterminate
200	17	Indeterminate
210	17	Indeterminate
220	17	Indeterminate
230	17	Indeterminate
240	17	Indeterminate
250	17	Indeterminate
260	17	-3.6491244186372964
270	17	-1.3216286879977204
280	17	0.9653709743299639
290	17	4.489775392176423
300	17	-1.0107427806013154
310	17	-3.5891545189649126
320	17	3.0191189135597085
330	17	3.5891545189649126
340	17	-0.814205850336987
350	17	0.9653709743299147
360	17	-2.6288163098038333
370	17	-8.984802744625394
380	17	-3.649124418636796
390	17	5.841919873500984
400	17	3.7173222981139737
410	17	0.3812125207641932
420	17	2.8659948738045693
430	17	3.864774822043897
440	17	-0.7288755501258167
450	17	3.5059780687758577
460	17	2.532805685816102
470	17	0.518889094982404
480	17	-0.26422310913659963
490	17	1.4494738673958736
500	17	1.2184040344510205
510	17	0.6096011671007613
520	17	1.1856655834047853
530	17	1.0360063714292926
540	17	1.1226771950197245
550	17	1.01193776003678
560	17	1.0042056795425292
570	17	0.9862811644528221
580	17	1.0255237214792667
590	17	0.9934448344490295
600	17	1.0068283917744465
610	17	1.000993342415913
620	17	0.9999323447704898
630	17	1.0001687008778035
640	17	0.9995912485590509
650	17	1.0001387418691245
660	17	0.9998728806646345
670	17	0.9999221443442131
680	17	0.9998831063746334
690	17	0.9999461347137564
700	17	0.9999417599239709
710	17	0.9999536809029571
720	17	0.9999518871944915
730	17	0.9999616696321902
740	17	0.9999751982324967
750	17	1.0000003844720786
760	17	1.0000467361539191
770	17	1.0001296981445726
780	17	1.000280800044761
790	17	1.000549408440804
800	17	1.0011460920241173
810	17	1.0020686646028858
820	17	1.0037260720656798
830	17	1.0067360124177234
840	17	1.0122034196934722
850	17	1.0222188423759682
860	17	1.040830123169925
870	17	1.076376082755352
0	18	-3.9873519737679883
10	18	10.78355626056277
20	18	-21.66340982064101
30	18	3.839542440839676
40	18	-8.757662136834561
50	18	5.818286071923569
60	18	8.757662136834696
70	18	10.78355626056277
80	18	3.2698327843240786
90	18	Indeterminate
100	18	Indeterminate
110	18	Indeterminate
120	18	Indeterminate
130	18	Indeterminate
140	18	Indeterminate
150	18	Indeterminate
160	18	Indeterminate
170	18	Indeterminate
180	18	Indeterminate
190	18	Indeterminate
200	18	Indeterminate
210	18	Indeterminate
220	18	Indeterminate
230	18	-1.3993715519975993
240	18	-8.757662136834696
250	18	4.753879827010428
260	18	0.8621003121215252
270	18	-3.95303043826224
280	18	4.844118049549215
290	18	11.389495429901476
300	18	1.179333587482021
310	18	-4.753879827010377
320	18	17.64903064702399
330	18	6.324936353695272
340	18	-10.266972764522471
350	18	-4.79137229133655
360	18	3.0441759190185977
370	18	-4.705325348219691
380	18	-2.374557576686912
390	18	2.1477400143621312
400	18	31.827760430297893
410	18	2.7775992963221303
420	18	-98.96874619455762
430	18	-3.141336322309
440	18	0.19495110580564506
450	18	0.26231656946438653
460	18	1.3578656271313563
470	18	1.3275593862205783
480	18	1.3458979203893062
490	18	1.1221066273144762
500	18	1.0548554124664518
510	18	0.9991043166442748
520	18	1.0014062725417845
530	18	1.0564881918341322
540	18	1.0055664752728524
550	18	0.9659517182529498
560	18	0.9956727669518717
570	18	0.9952405325782041
580	18	0.9916431232152765
590	18	1.0007021372896505
600	18	1.001899993984333
610	18	1.0013395598115424
620	18	1.000633184113398
630	18	0.9998298133613758
640	18	0.9998394830697525
650	18	1.0000010604312206
660	18	0.9999644454870907
670	18	0.9999535041515918
680	18	0.99996168377956
690	18	0.9999656387437909
700	18	0.9999710820951035
710	18	0.9999772601075334
720	18	0.9999812740697867
730	18	1.0000005128616798
740	18	1.0000279267577288
750	18	1.0000765845602608
760	18	1.0001596638202934
770	18	1.000305928904469
780	18	1.0005582107338724
790	18	1.0010019522261344
800	18	1.0018571984483953
810	18	1.0032428792227306
820	18	1.0056740561816149
830	18	1.0099256775045407
840	18	1.0174360077189721
850	18	1.0308168547035843
860	18	1.0550747183987192
870	18	1.1005168665288774
0	19	12.69192296190695
10	19	3.4504426257892318
20	19	1.4771144159974703
30	19	1.4771144159974856
40	19	12.69192296190695
50	19	1.0789440301334838
60	19	11.9640026571185
70	19	4.078433173770827
80	19	3.451490161231088
90	19	-1.0789440301334954
100	19	1.4771144159974778
110	19	4.078433173770827
120	19	Indeterminate
130	19	Indeterminate
140	19	Indeterminate
150	19	Indeterminate
160	19	Indeterminate
170	19	Indeterminate
180	19	Indeterminate
190	19	-11.382642719482675
200	19	1.0789440301335071
210	19	5.017984261844324
220	19	0.9099947739060553
230	19	-5.017984261844324
240	19	0.08932810757505844
250	19	-0.0893281075750483
260	19	5.9578527605389535
270	19	-0.9099947739060553
280	19	-5.017984261844324
290	19	-0.8421689556996197
300	19	-2.671611589488789
310	19	3.451490161231088
320	19	-21.852880508580725
330	19	1.2868064326972872
340	19	4.559987790267107
350	19	1.2087094706772314
360	19	3.6969631259207656
370	19	3.6112399139119264
380	19	0.3319623981456735
390	19	-10.47921036050328
400	19	1.14898858203868
410	19	0.27446912520706773
420	19	3.7688358562602007
430	19	0.683963460138846
440	19	1.3524462191018485
450	19	1.624595749969599
460	19	1.1079994472079955
470	19	0.9584305836293207
480	19	1.0380011621896954
490	19	0.9460043273514983
500	19	1.0081363109219175
510	19	0.9810527804911771
520	19	0.9490076021678235
530	19	1.0091461683542913
540	19	1.0129871149519185
550	19	1.0033621122025334
560	19	1.0029382265516682
570	19	1.0020639150438655
580	19	1.0003049538833444
590	19	1.000585588976027
600	19	1.0005317693538742
610	19	0.9991848667543899
620	19	0.9997886478130164
630	19	0.9999747625319465
640	19	1.0000237560328415
650	19	0.9999499613299616
660	19	0.9999923281351129
670	19	0.9999889064664491
680	19	0.9999894383285722
690	19	0.9999921838012148
700	19	0.9999891451890438
710	19	1.0000018211256467
720	19	1.0000190422539443
730	19	1.0000481527539604
740	19	1.0000958787433194
750	19	1.00017977446057
760	19	1.0003199091524702
770	19	1.000557334537972
780	19	1.0009595161644282
790	19	1.001639569584407
800	19	1.0028690083361667
810	19	1.0048661024015895
820	19	1.008264656259924
830	19	1.0140758015934284
840	19	1.0240575286289728
850	19	1.0414267783813582
860	19	1.072275754220299
870	19	1.1292143445071914
0	20	4.266158267599679
10	20	-2.676157023257324
20	20	-1.6763846707842067
30	20	-7.057504939606169
40	20	6.195370292905541
50	20	3.3669543234970236
60	20	3.3669543234970236
70	20	6.464762302137402
80	20	1.5548572799973492
90	20	13.359918907269726
100	20	13.359918907269945
110	20	-5.282088696678113
120	20	3.633147538137891
130	20	1.13573055803526
140	20	3.3669543234970236
150	20	0.957889235690594
160	20	-5.2820886966782625
170	20	-1.13573055803526
180	20	1.5548572799973492
190	20	13.359918907269945
200	20	-3.366954323496938
210	20	-2.5801650200057886
220	20	-8.662294194766917
230	20	0.9140465353687147
240	20	-1.5548572799973492
250	20	6.464762302137402
260	20	-0.5565023545641862
270	20	2.874393708027389
280	20	1.275991555116504
290	20	10.447772960826509
300	20	0.5005425792011534
310	20	7.575033955860524
320	20	-4.59998590070533
330	20	-2.0238074509596906
340	20	0.8731092020084643
350	20	2.2164464645868445
360	20	4.994926389579523
370	20	2.306260468416942
380	20	2.1500299104303346
390	20	-3.436162123421684
400	20	-1.4435152334170198
410	20	2.086956280194667
420	20	0.06325920922190942
430	20	1.0838521249514528
440	20	1.251669599635698
450	20	0.9685901855450411
460	20	1.0386229993547944
470	20	1.0314274715846536
480	20	0.9986201148916632
490	20	1.0162624150528439
500	20	1.0138470560433281
510	20	1.0146966337436418
520	20	1.0053272311461399
530	20	1.000090824937583
540	20	0.9987966478309509
550	20	1.0014632094815437
560	20	0.9994807633904728
570	20	1.000147470264772
580	20	1.0008233857203592
590	20	0.9997929783671696
600	20	0.9999865466165215
610	20	0.9998740897240702
620	20	0.9999483005094204
630	20	0.9999085202184966
640	20	0.9999884980172058
650	20	1.0000115272168688
660	20	0.9999966649796304
670	20	0.999991427438558
680	20	0.999994603728721
690	20	1.000000963073866
700	20	1.0000142122988773
710	20	1.0000297482974272
720	20	1.000060400342293
730	20	1.0001114122924786
740	20	1.0001935197977494
750	20	1.0003283202207875
760	20	1.0005513578085403
770	20	1.000919239445282
780	20	1.0015258919373498
790	20	1.0025264953093618
800	20	1.0042463550254936
810	20	1.0070193918549903
820	20	1.011623779077896
830	20	1.0193043379400992
840	20	1.0322194822924655
850	20	1.05422726623282
860	20	1.0926539086826428
870	20	1.1628121382176466
0	21	4.804301974963334
10	21	3.6946101339353095
20	21	10.217272492973164
30	21	5.851330277582084
40	21	3.814804915044856
50	21	4.507741928904879
60	21	4.507741928904725
70	21	-7.585318841602423
80	21	1.6326001439972166
90	21	1.0057836974750607
100	21	3.814804915044856
110	21	4.479466180979564
120	21	14.027914852633419
130	21	4.982836963328893
140	21	38.93733180407338
150	21	4.507741928904687
160	21	-6.788000417244455
170	21	0.09873106626717573
180	21	2.527760834643871
190	21	5.546193131512159
200	21	10.217272492973164
210	21	-3.505450807343175
220	21	4.479466180979564
230	21	3.046941238945457
240	21	4.479466180979564
250	21	4.786098578701941
260	21	-0.46955833844521716
270	21	5.005884639735637
280	21	-5.212729642802373
290	21	21.986319621024137
300	21	-12.790550484187541
310	21	123.83124574762589
320	21	-3.849679109951223
330	21	3.558783540885955
340	21	2.4793316168371864
350	21	-0.3866575359687702
360	21	0.0023017369463172043
370	21	1.0149231339694704
380	21	0.27690203460445345
390	21	0.589561691710543
400	21	1.0099881960893191
410	21	1.2142039510476526
420	21	0.9607093369447135
430	21	1.0392594218522873
440	21	1.016652122475809
450	21	0.9608324180196318
460	21	1.02995176952684
470	21	0.9902538158441957
480	21	1.0096633023156305
490	21	1.0090812584283482
500	21	0.9886344266311751
510	21	1.0021974330829486
520	21	0.99821483151919
530	21	0.9989367811068337
540	21	0.9999533829529434
550	21	1.0006222970428817
560	21	0.9991112190597157
570	21	1.0000580340666827
580	21	1.0004867756696583
590	21	0.9998961565870563
600	21	0.9998234790238948
610	21	0.9999971504778689
620	21	0.9999462655724827
630	21	1.0000119911347818
640	21	0.9999959491004193
650	21	0.9999895587361436
660	21	0.9999921295909328
670	21	1.0000031004722807
680	21	1.000009002035214
690	21	1.0000204566736974
700	21	1.0000410750972015
710	21	1.0000710010980336
720	21	1.0001226447679636
730	21	1.0002041958066978
740	21	1.0003335990196716
750	21	1.000543809685262
760	21	1.0008819627272907
770	21	1.001426415598116
780	21	1.0023037885082973
790	21	1.0037178477685236
800	21	1.0060625604750193
810	21	1.0097930095787888
820	21	1.0158520094435828
830	21	1.025747680210208
840	21	1.0420600020134156
850	21	1.0693739073938429
860	21	1.1164029794657546
870	21	1.2016375064112976
0	22	13.179902096243051
10	22	4.72239630647174
20	22	-6.911529721235951e-15
30	22	2.1446278257516735
40	22	3.7036497558466888
50	22	-5.176867979005638
60	22	2.759023591153039
70	22	-2.87618815531155
80	22	4.722396306471447
90	22	-3.2677182683976578
100	22	4.971001549989399
110	22	5.005533931782792
120	22	14.69591079799733
130	22	0.9390228000624028
140	22	-73.91494243051032
150	22	782.3487876856445
160	22	1.053678159259604
170	22	-2.9818421352983586
180	22	3.837422047411411
190	22	14.695910797997332
200	22	4.692774094359583
210	22	4.692774094359583
220	22	-11.626949144909169
230	22	5.932714910985836
240	22	1.1911673878602058
250	22	-1.4663689396276662
260	22	12.354981099302675
270	22	1.9195959790788841
280	22	4.0030557838101535
290	22	34.11529064625346
300	22	0.3348332324135919
310	22	1.1418296348991772
320	22	0.5895753774949144
330	22	2.374082862270375
340	22	-0.4085031052920205
350	22	1.7953219521719748
360	22	1.0144045845209178
370	22	1.1120389103497506
380	22	0.696517955125227
390	22	1.0921477318312973
400	22	1.0107913802609063
410	22	1.0008256262018667
420	22	1.0066526124197641
430	22	1.056088639371333
440	22	0.9831920731567902
450	22	1.0082181282692175
460	22	0.9826800400047356
470	22	0.9863210151268941
480	22	1.0163964393334992
490	22	0.9967444119221763
500	22	1.0008955339695518
510	22	1.0013759440443566
520	22	0.9992345678046591
530	22	0.9995601634400739
540	22	0.9995780088693478
550	22	1.0000010573071618
560	22	1.0001583039563733
570	22	0.9996752620143594
580	22	1.0001875184012003
590	22	0.9999302844454714
600	22	1.0000229344699918
610	22	1.0000287588777386
620	22	0.9999637907723373
630	22	0.9999679408872135
640	22	0.9999890276249226
650	22	1.0000045450348078
660	22	1.0000092447857691
670	22	1.0000135411304671
680	22	1.0000295232667888
690	22	1.0000501328255487
700	22	1.0000805214556598
710	22	1.0001327835944296
720	22	1.000211935349356
730	22	1.0003373838773575
740	22	1.0005355705964634
750	22	1.0008481273318757
760	22	1.0013405103750355
770	22	1.0021169787712807
780	22	1.0033417403899039
790	22	1.0052748979699424
800	22	1.0083905365066914
810	22	1.0132735949813079
820	22	1.021049733057522
830	22	1.033513550229916
840	22	1.0537046571883772
850	22	1.0870060950996738
860	22	1.1436874426887818
870	22	1.2459992098092303
0	23	-0.2213250961900668
10	23	4.937050684038463
20	23	1.25795993077159
30	23	15.363906743360054
40	23	-5.0310613985623185
50	23	-12.155909595669609
60	23	1.8236512343119284
70	23	6.785710157653083
80	23	1.506926250671449
90	23	-3.8287629284469653
100	23	2.706313000784315
110	23	181.0707690493867
120	23	6.555512928341187
130	23	4.906082007739582
140	23	4.906082007739582
150	23	11.190346063733138
160	23	4.937050684038481
170	23	4.906082007739582
180	23	-15.363906743353315
190	23	-3.457172644239301
200	23	4.940282358812499
210	23	7.106755159450779
220	23	-1.2825044161685266
230	23	42.502207993105635
240	23	3.0869452195229496
250	23	-1.0960667696103263
260	23	8.380616959564993
270	23	-3.347347543075018
280	23	75.24501209894687
290	23	3.3369157052188427
300	23	0.8863812914256164
310	23	0.3308086636595904
320	23	1.1284628149570928
330	23	1.5650491560461128
340	23	0.98017924310017
350	23	1.0998727175391714
360	23	1.0086120351757664
370	23	1.0919251684940705
380	23	1.0029839377513408
390	23	0.993600048275648
400	23	1.028623773737658
410	23	1.0017695027723525
420	23	0.9682251683935206
430	23	0.9874904877623139
440	23	0.9776495795986062
450	23	0.9815727923714762
460	23	1.002287960282097
470	23	1.0067782612400276
480	23	0.9928333648407924
490	23	1.0035933754836392
500	23	0.9988064825045535
510	23	1.0014895116419218
520	23	1.0006584678064134
530	23	1.0000596006385825
540	23	1.0001225525116408
550	23	1.000088143121186
560	23	0.99980315664678
570	23	0.9999172204874105
580	23	0.9999659125992373
590	23	0.9999700133633502
600	23	1.0000171977443295
610	23	0.9999865809773616
620	23	0.9999877646254521
630	23	1.0000008685439425
640	23	1.00000078195236
650	23	1.0000121876715617
660	23	1.0000194589101916
670	23	1.0000337351566608
680	23	1.0000567547101016
690	23	1.0000891485612142
700	23	1.0001398817089286
710	23	1.0002187633476591
720	23	1.000339660695828
730	23	1.0005277571085174
740	23	1.0008178149145703
750	23	1.0012662890858122
760	23	1.001959471755076
770	23	1.003031411070656
780	23	1.0046899950360493
790	23	1.0072585984052747
800	23	1.011301923549513
810	23	1.0175439096741057
820	23	1.0273094192754724
830	23	1.0427009857061267
840	23	1.0672539982221418
850	23	1.107221947291976
860	23	1.1746351911170927
870	23	1.2961852499462274
0	24	2.147488497245376
10	24	-8.856485576409614
20	24	21.00079173221596
30	24	4.074273232326626
40	24	1.2431190639659937
50	24	6.272696742284833
60	24	-1.149467082828652
70	24	-9.920512561240926
80	24	5.876942602365705
90	24	-2.907134059887706
100	24	0.09631279257395145
110	24	31.119072556088582
120	24	3.8599089264085253
130	24	5.1193899211195095
140	24	5.1193899211195095
150	24	-14.37807501408611
160	24	2.266862073683306
170	24	-2.4095073805572444
180	24	2.0273488122373724
190	24	3.8396251599518605
200	24	1.890341179049235
210	24	-367.87621109113456
220	24	6.977517244721513
230	24	-5.317506158545048
240	24	9.445601043324919
250	24	5.540152594494029
260	24	-6.47365003612397
270	24	1.9459982390154034
280	24	1.4069831731908395
290	24	0.9963994226675578
300	24	1.3123817922863474
310	24	1.022062562979534
320	24	1.2050556915709505
330	24	0.9095050473055766
340	24	1.0200874660635684
350	24	1.0578081221868325
360	24	1.012280778825184
370	24	0.9167995830178846
380	24	1.0005909872399321
390	24	1.0002985210680195
400	24	1.0040301984527151
410	24	1.0082334110792233
420	24	1.0171718281880555
430	24	1.0113829081532795
440	24	1.0107261376217702
450	24	0.9962464146696342
460	24	1.0031399830977916
470	24	0.9985219435065186
480	24	1.0005348420918354
490	24	0.999647360631509
500	24	1.0012396230496667
510	24	1.0000465543900188
520	24	0.9998941712346078
530	24	0.9996818904072649
540	24	0.9998359877055357
550	24	0.9998865011917828
560	24	1.000007316716757
570	24	0.999931728717791
580	24	0.9999635203101178
590	24	1.0000078834282278
600	24	0.999992376102139
610	24	0.9999951024416682
620	24	1.000003162626997
630	24	1.000009006739103
640	24	1.000015066410731
650	24	1.0000278493188397
660	24	1.00003969522098
670	24	1.0000618330779525
680	24	1.0000948942922718
690	24	1.0001469433391743
700	24	1.0002243389196095
710	24	1.000341539575095
720	24	1.0005201206945278
730	24	1.0007909788690121
740	24	1.001201895735924
750	24	1.0018256728660533
760	24	1.0027728458333567
770	24	1.004211792294626
780	24	1.0063994680340973
790	24	1.00972926890579
800	24	1.0148659749632216
810	24	1.0226810934330912
820	24	1.0347134476453412
830	24	1.0533934425457878
840	24	1.0827872826310228
850	24	1.1300968672071408
860	24	1.209336388215587
870	24	1.3524613760920565
0	25	-3.028264645716372
10	25	6.409459997315607
20	25	14.977161473003513
30	25	-0.9169483905622278
40	25	-3.1074555397013897
50	25	-2.6611047614497227
60	25	-6.304181301433542
70	25	-3.345196279071606
80	25	4.647605220672826
90	25	16.699898634087106
100	25	5.332697834499528
110	25	-46.79246229259557
120	25	-39.30256680907845
130	25	-7.501732067083798
140	25	5.371374766202471
150	25	-28.756338517004906
160	25	-0.40917043774035033
170	25	6.084840902663425
180	25	-3.5657446309263547
190	25	2.858254565178595
200	25	-12.553449205475166
210	25	-1.7460253492792965
220	25	0.06509388861278269
230	25	1.7350713747072586
240	25	2.2050168360368283
250	25	1.1155554457972743
260	25	2.331743805060653
270	25	1.5387733751285888
280	25	1.09045163724586
290	25	0.8421588889755948
300	25	1.2026722258195042
310	25	1.0074490678828367
320	25	0.9912869018845453
330	25	0.9240600344367674
340	25	1.0230103321004422
350	25	1.028469524308332
360	25	0.9949372261218264
370	25	1.0115647637565681
380	25	0.9958616619753742
390	25	0.9749900837383392
400	25	1.023490159567999
410	25	1.0122023255633017
420	25	0.9972572485105239
430	25	1.002932605593172
440	25	0.9985561990469326
450	25	1.0024106222538436
460	25	0.998804401979263
470	25	1.000010386966894
480	25	0.9993311999635768
490	25	1.000071590990568
500	25	0.999667807092031
510	25	1.0000527902450862
520	25	1.0000975333149535
530	25	0.9999601270514636
540	25	1.0001022568652762
550	25	1.0000888242258048
560	25	1.0000570504023654
570	25	0.9999904348556005
580	25	1.0000029272113526
590	25	1.0000154473509715
600	25	0.9999988313129062
610	25	1.0000080110964937
620	25	1.0000110782646447
630	25	1.0000210875284326
640	25	1.0000299453265102
650	25	1.0000428298065795
660	25	1.0000675908287395
670	25	1.0001015684767316
680	25	1.0001530292747598
690	25	1.000228931965926
700	25	1.0003430839653171
710	25	1.0005133506785644
720	25	1.0007670654351488
730	25	1.0011458563906566
740	25	1.0017112145407066
750	25	1.0025553294169032
760	25	1.0038163471036883
770	25	1.005701122043321
780	25	1.0085209584777406
790	25	1.0127454335114
800	25	1.0191476691078012
810	25	1.0287548410108658
820	25	1.0433322687665814
830	25	1.0656563657482412
840	25	1.1003579064854505
850	25	1.155668791023588
860	25	1.2478376258210502
870	25	1.4150782631855985
0	26	4.213143460540927
10	26	5.581013816739192
20	26	5.54600574787945
30	26	5.54600574787945
40	26	-8.40419099277876
50	26	5.54600574787945
60	26	5.54600574787945
70	26	-3.3205848815390215
80	26	569.6485100707004
90	26	1.8694157577831547
100	26	-8.404190992779096
110	26	0.8362239510849788
120	26	-2.4035288285028327
130	26	-0.7102881060316715
140	26	2.2465776147466516
150	26	-4.841342369791597
160	26	5.641116224018569
170	26	7.672123256494385
180	26	20.129875868233544
190	26	2.581799507336217
200	26	-2.3546674633270883
210	26	2.730274678208726
220	26	3.0773283011881785
230	26	0.9516106681281502
240	26	1.6488416904754901
250	26	0.4485384317846978
260	26	0.6697336878025184
270	26	0.7587693397097739
280	26	0.7021942208506844
290	26	1.0905054727991674
300	26	0.9379861029985479
310	26	0.9978229955462755
320	26	1.0030240532632868
330	26	0.9864453106958928
340	26	1.011329897914408
350	26	0.9665112617991655
360	26	1.009378269570557
370	26	1.0242866952404088
380	26	1.0031352570240613
390	26	1.004745811235993
400	26	0.9960493921785732
410	26	1.0032320279560667
420	26	0.9985654747695323
430	26	1.0001806348758429
440	26	0.999117678131298
450	26	1.001170018057284
460	26	1.0003199263574485
470	26	0.9995290099603577
480	26	0.9995018911042958
490	26	0.999707135752583
500	26	1.000038797283429
510	26	1.0001827553597489
520	26	0.9999176706697771
530	26	0.9999285280177019
540	26	1.0000321606546962
550	26	0.9999893452092248
560	26	0.9999883065246894
570	26	1.0000110349341036
580	26	1.0000068498517936
590	26	1.0000068433852505
600	26	1.0000122479337243
610	26	1.0000149012776332
620	26	1.0000191226759698
630	26	1.0000331311679163
640	26	1.0000492355615533
650	26	1.0000720893921629
660	26	1.000107446139379
670	26	1.0001592054007014
680	26	1.0002338321233786
690	26	1.0003442743553428
700	26	1.0005070116874064
710	26	1.0007458257300035
720	26	1.001096714192031
730	26	1.0016124763229037
740	26	1.002370698332001
750	26	1.0034857960470596
760	26	1.0051265315092195
770	26	1.0075425797309665
780	26	1.0111041024076604
790	26	1.0163625170939934
800	26	1.0242065241938256
810	26	1.0358256352744692
820	26	1.0532223581288913
830	26	1.0795348518965486
840	26	1.119990713300052
850	26	1.1839374274824457
860	26	1.290136856354564
870	26	1.4843135511732635
0	27	2.5434324953523557
10	27	5.795668194306058
20	27	18.035890524814214
30	27	3.6116258264645302
40	27	-8.727429107885422
50	27	7.828876867874687
60	27	-17.909882485489018
70	27	-8.727429107885717
80	27	2.088372360763945
90	27	-3.0415820271312928
100	27	3.0672339115369387
110	27	7.246093030009014
120	27	36.00935099200509
130	27	1.862928673348627
140	27	3.302898749936966
150	27	-2.3693293863747455
160	27	1.1555772440800436
170	27	-0.041348289213055285
180	27	-0.11783919995459412
190	27	1.072028354045912
200	27	0.68246256199708
210	27	2.412047329503902
220	27	2.1285782913887954
230	27	1.1300446527805015
240	27	1.0710411593012565
250	27	0.7663946807075397
260	27	0.9499501103697056
270	27	0.9971336895500513
280	27	1.0192338777747678
290	27	1.0235891279162788
300	27	0.9988214897485558
310	27	1.0026988656294684
320	27	0.9240588776319386
330	27	1.0188952600719043
340	27	0.9952314983296274
350	27	1.0169143583098927
360	27	0.9816279224028002
370	27	1.0016459394338952
380	27	1.0037896005531461
390	27	0.9958923038443489
400	27	0.9955715300094742
410	27	1.0055300886442948
420	27	0.9988598657407506
430	27	1.0012856939844452
440	27	0.9992152206871899
450	27	1.0000466830498451
460	27	0.9999460431072091
470	27	0.9993294028569055
480	27	1.0001958158203648
490	27	0.9999939338737598
500	27	1.0001392786688867
510	27	1.0000346412843901
520	27	0.9999915247130708
530	27	1.0000414596481966
540	27	1.000005382289241
550	27	0.9999846025105958
560	27	1.0000171326231466
570	27	0.9999973274039111
580	27	1.000001978942995
590	27	1.000013859805366
600	27	1.0000193537867021
610	27	1.000023123456649
620	27	1.0000352702013755
630	27	1.0000523822320209
640	27	1.0000774860030268
650	27	1.0001123003475818
660	27	1.000164517704069
670	27	1.0002380428859179
680	27	1.0003457678413787
690	27	1.000501562204278
700	27	1.000726881430091
710	27	1.0010534830758824
720	27	1.001526727272058
730	27	1.0022125556403778
740	27	1.003206655907863
750	27	1.0046483863733167
760	27	1.0067403536961004
770	27	1.009778524773056
780	27	1.0141963443514233
790	27	1.0206317464108148
800	27	1.0300949262206878
810	27	1.0439431115129465
820	27	1.064424211620861
830	27	1.0950514342819275
840	27	1.141679736265484
850	27	1.2148615768045543
860	27	1.3361743408248887
870	27	1.5604782194634854
0	28	16.167023902277624
10	28	6.254928896216837
20	28	-13.623029990630103
30	28	3.3853724967527685
40	28	9.19299008943109
50	28	-7.636727286560825
60	28	3.6692374983122664
70	28	4.486491072440692
80	28	4.818529733898275
90	28	5.6789470836066815
100	28	7.061223783812572
110	28	-7.031519252542997
120	28	-1.432394918651134
130	28	2.947850601413163
140	28	0.9222877586451186
150	28	3.2218896235511
160	28	3.2663689991478457
170	28	-0.11380629535192406
180	28	0.931303221620764
190	28	0.6746714569479523
200	28	1.0695831747574056
210	28	0.9829863641547428
220	28	1.2285305978393926
230	28	0.9653703335071567
240	28	1.075944762529499
250	28	1.0337956093651182
260	28	0.8424771447327428
270	28	1.0083006343174896
280	28	0.9601794455152588
290	28	1.0034579435372981
300	28	1.0365013658599225
310	28	1.0096980092574546
320	28	0.9887960936678812
330	28	0.9746724935828529
340	28	1.0154849648149273
350	28	1.0046461328194238
360	28	1.0022926030401078
370	28	0.9969392096064177
380	28	0.9984438247256805
390	28	0.9971460779330606
400	28	1.0007966124356407
410	28	1.0003705101248705
420	28	0.9992799205867298
430	28	0.9994637861288238
440	28	1.0003053035782645
450	28	1.0002323724871716
460	28	1.0001087714369215
470	28	0.999994539515117
480	28	1.0000835453888823
490	28	1.0000326556597297
500	28	0.9999245616202406
510	28	1.0000801265900594
520	28	1.0000466508091226
530	28	1.0000209564498184
540	28	0.9999802599167038
550	28	1.0000037719799244
560	28	1.0000006488779845
570	28	1.0000007232242503
580	28	1.0000141507423168
590	28	1.00002204443816
600	28	1.000027779603275
610	28	1.000040297913946
620	28	1.0000566553362482
630	28	1.0000822702765988
640	28	1.000118498658415
650	28	1.0001696146121086
660	28	1.0002424516532007
670	28	1.0003467427072776
680	28	1.0004963897140273
690	28	1.0007099983844663
700	28	1.0010152696752368
710	28	1.0014517549702022
720	28	1.002076016573007
730	28	1.0029688373736922
740	28	1.0042463029427318
750	28	1.0060749246833458
760	28	1.008694272008619
770	28	1.01244985478743
780	28	1.0178419702459947
790	28	1.0255989265079466
800	28	1.036856919979548
810	28	1.0531444559553744
820	28	1.0769606462132064
830	28	1.11220422088268
840	28	1.1653863780804412
850	28	1.2483563603741865
860	28	1.3858145399118127
870	28	1.6429581027328848
0	29	19.304517073590766
10	29	25.824227350373988
20	29	2.565844984700361
30	29	-2.861958751836717
40	29	2.19029822211526
50	29	5.219032646065078
60	29	7.035459544382018
70	29	-18.725183215379534
80	29	2.5987931506557325
90	29	4.564332924376381
100	29	7.917004438174884
110	29	-6.68955456702597
120	29	4.307212477456331
130	29	-0.05997916516699266
140	29	-3.195814614618397
150	29	1.0225702698029024
160	29	1.4682385509514118
170	29	1.3990012511861454
180	29	0.986357889478989
190	29	1.0111832066837871
200	29	1.084129591430076
210	29	1.1043608765930804
220	29	1.018063391728169
230	29	1.0961493058101164
240	29	1.0203580329760387
250	29	0.9879048326136406
260	29	0.9987923664081775
270	29	1.0031067051253304
280	29	0.9298217916816353
290	29	1.0035383315256636
300	29	0.9973288370845094
310	29	0.9761090461825426
320	29	0.9977998731014028
330	29	1.01540885601621
340	29	1.004702530444154
350	29	0.9928107678118212
360	29	1.0052675455527469
370	29	1.0001791430506541
380	29	1.0029960646448202
390	29	1.0002057648042153
400	29	1.0001754280326398
410	29	1.0008661904947918
420	29	0.9992844475482419
430	29	0.9998101546811271
440	29	0.9998813531565571
450	29	0.999951585145209
460	29	1.0000960589348649
470	29	1.0000125228591135
480	29	1.0000572233308975
490	29	0.9999561393834955
500	29	0.9999815390611878
510	29	0.9999961606263342
520	29	1.0000109403260582
530	29	1.0000035076954343
540	29	1.0000113584611774
550	29	1.0000084285928597
560	29	1.0000121071379846
570	29	1.0000139020876275
580	29	1.0000198716011446
590	29	1.0000312536750993
600	29	1.0000436064613105
610	29	1.0000619353949152
620	29	1.0000864967680003
630	29	1.0001235496737397
640	29	1.000174302068294
650	29	1.000246253294396
660	29	1.0003480336391244
670	29	1.000492012125123
680	29	1.0006946445758103
690	29	1.0009812379564524
700	29	1.0013858263035456
710	29	1.0019572286752199
720	29	1.0027644203446768
730	29	1.0039049498590362
740	29	1.005517089025083
750	29	1.0077970214924787
760	29	1.0110237086199922
770	29	1.0155950666192843
780	29	1.022081118310978
790	29	1.0313033258864275
800	29	1.044526828023057
810	29	1.0634529660727483
820	29	1.0908351954993314
830	29	1.1309655458022658
840	29	1.1910382838942335
850	29	1.2842891139479524
860	29	1.4388075234480449
870	29	1.7275607149391041
0	30	4.578620632212271
10	30	3.582442189454498
20	30	4.744912337236811
30	30	7.409966633251388
40	30	-6.277099991757164
50	30	1.639477378155034
60	30	5.983195085281481
70	30	0.47046256027104516
80	30	1.627382484866617
90	30	0.8393899402916155
100	30	2.423852947055021
110	30	1.9070520427242714
120	30	0.979226285433216
130	30	-0.9508709111301726
140	30	0.7083857866292927
150	30	0.9788289799991888
160	30	0.8285075726454677
170	30	1.132830111514414
180	30	1.164249224827583
190	30	1.0192311335085558
200	30	1.0492840420439213
210	30	0.8906076720070084
220	30	0.9646478972769639
230	30	1.0141590765887303
240	30	1.0099003013119727
250	30	1.004238523633217
260	30	1.0061382177890623
270	30	1.017706170788533
280	30	0.9855336958378959
290	30	1.0181181776936399
300	30	1.0008581581481741
310	30	0.9964484251598564
320	30	0.9959687311058504
330	30	0.9959758789055985
340	30	1.005117805697979
350	30	1.0032350056183421
360	30	1.000057888803784
370	30	1.0019637610625047
380	30	0.99880618632352
390	30	1.0015478010843308
400	30	1.0005891723278795
410	30	0.9997249365105095
420	30	0.9998222591387218
430	30	0.9998964447917859
440	30	0.9999636926921592
450	30	0.9999097828203171
460	30	0.9999882107880516
470	30	1.0000601634020587
480	30	1.000010097366299
490	30	0.9999769872562534
500	30	0.9999907328182104
510	30	0.999998057853863
520	30	1.0000139192300177
530	30	0.9999988296142794
540	30	1.0000089023053191
550	30	1.0000092373456018
560	30	1.0000160662028397
570	30	1.0000236214959284
580	30	1.0000328320344576
590	30	1.0000473570181956
600	30	1.0000653271591768
610	30	1.0000911630066212
620	30	1.000128143440625
630	30	1.0001790959438541
640	30	1.0002499213582268
650	30	1.0003492225840354
660	30	1.0004877883186563
670	30	1.0006810766549314
680	30	1.0009508653729786
690	30	1.0013274998658244
700	30	1.0018532414645127
710	30	1.0025873524720108
720	30	1.0036126181995402
730	30	1.0050449287823509
740	30	1.0070465863652527
750	30	1.0098454899484357
760	30	1.0137622640067154
770	30	1.0192494502447116
780	30	1.0269488201670445
790	30	1.037776546450726
800	30	1.05312794064367
810	30	1.074876629950064
820	30	1.10603093476395
830	30	1.1512811490840424
840	30	1.218528394614195
850	30	1.3224715208675135
860	30	1.4947025199452764
870	30	1.808883111396521
0	31	9.205844101905262
10	31	11.68608862053297
20	31	-1.6282628384865387
30	31	55.93727299349236
40	31	1.249758995937446
50	31	-3.109762808140018
60	31	0.3094801805417324
70	31	0.9319763281651635
80	31	1.2109437097265465
90	31	0.8032394554960253
100	31	0.9451925082166971
110	31	1.1760756943490394
120	31	1.360556281736506
130	31	1.1605355090753702
140	31	0.9916366052702453
150	31	0.9073257733659362
160	31	1.0864894903209859
170	31	1.1358144712440867
180	31	0.9922014496569302
190	31	0.9976397160064931
200	31	1.0339958789244215
210	31	1.000218001628674
220	31	1.0327068750060957
230	31	0.9701627181997812
240	31	0.9862971180515601
250	31	1.0609133215969697
260	31	1.004096680157835
270	31	0.9978020150660425
280	31	1.015259240460755
290	31	0.9943059022462071
300	31	1.0028468144801155
310	31	1.005343602086957
320	31	0.9916350069055597
330	31	0.9999243740396352
340	31	0.9989463940421771
350	31	1.0011705685505832
360	31	0.999016313654601
370	31	0.9989724003179448
380	31	0.9999767217098454
390	31	1.0003766661078035
400	31	0.9998947535710564
410	31	1.0002337220675275
420	31	1.0000263393675812
430	31	1.0001282335084327
440	31	0.9999746888397704
450	31	0.999957399386037
460	31	0.9999064058340752
470	31	1.0000055971902582
480	31	1.0000024190469132
490	31	0.9999958114973954
500	31	1.0000023243192753
510	31	1.0000091697777975
520	31	1.0000026508719673
530	31	1.000017132291425
540	31	1.0000150102890142
550	31	1.000020046569709
560	31	1.0000266786993794
570	31	1.0000363881591983
580	31	1.0000503814850812
590	31	1.0000699089993168
600	31	1.0000960085566541
610	31	1.0001329217518475
620	31	1.0001839903619352
630	31	1.0002533102164624
640	31	1.0003506727156597
650	31	1.0004842976424966
660	31	1.0006686995047842
670	31	1.000923588098172
680	31	1.0012755666065758
690	31	1.001761568969009
700	31	1.002432899812279
710	31	1.0033602978277554
720	31	1.0046417001171213
730	31	1.0064128115219302
740	31	1.0088617304776126
750	31	1.0122498234252562
760	31	1.0169411003199502
770	31	1.023444297310546
780	31	1.032474050487236
790	31	1.045041451612218
800	31	1.0626714130823012
810	31	1.0874071626654296
820	31	1.1225097595152147
830	31	1.1730698850374592
840	31	1.2477137433241823
850	31	1.3626438401156509
860	31	1.552649158540213
870	31	1.8838110835400483
0	32	6.563748094713939
10	32	5.632878005073067
20	32	4.7415904799833655
30	32	7.355383534320711
40	32	2.8739895369402455
50	32	3.460885741161451
60	32	0.08363306870891499
70	32	0.43419369521721174
80	32	1.0390620055242832
90	32	0.3624809091111184
100	32	1.1000822242230242
110	32	1.1146780243042747
120	32	1.2065128306501283
130	32	0.9490645070745717
140	32	1.0063704368621698
150	32	0.9051624602416397
160	32	1.0866738357468873
170	32	1.0821074370384949
180	32	0.9692071673985604
190	32	1.0165441857691047
200	32	1.0604438849843831
210	32	0.9652080114928389
220	32	1.0052231426188867
230	32	1.0236122382813877
240	32	1.0001794674179547
250	32	1.0040989889326815
260	32	0.9985840437360484
270	32	0.9987927644073442
280	32	1.000265096051655
290	32	1.005313997288327
300	32	1.0080329159463317
310	32	1.0036756557507385
320	32	0.9979374710080042
330	32	1.0016439193624505
340	32	1.0004942556318874
350	32	0.9995246575227621
360	32	1.0000072891287102
370	32	1.0000507410426611
380	32	0.999564294352316
390	32	0.999880841376714
400	32	0.9999597063899067
410	32	0.9999565388031931
420	32	1.0000229005868089
430	32	0.9999648838390269
440	32	0.9999934238989109
450	32	0.9999779201699657
460	32	1.0000403326161222
470	32	1.0000072576074437
480	32	1.0000103856490463
490	32	1.000005972253752
500	32	1.0000098809080369
510	32	1.000011262316341
520	32	1.0000068029365663
530	32	1.0000166330319125
540	32	1.0000203390684832
550	32	1.000028046224526
560	32	1.0000398508093444
570	32	1.0000547587070636
580	32	1.0000733651428764
590	32	1.0001002760050066
600	32	1.0001374811773833
610	32	1.0001883427324212
620	32	1.0002569828608516
630	32	1.0003517520395824
640	32	1.0004811307963701
650	32	1.0006575524751466
660	32	1.0008990850235286
670	32	1.0012291597129455
680	32	1.0016803029759
690	32	1.0022972378008086
700	32	1.003140857280415
710	32	1.0042945840284325
720	32	1.005872803318217
730	32	1.008032321470541
740	32	1.010988504953019
750	32	1.0150375883811986
760	32	1.0205882042990615
770	32	1.0282061050739049
780	32	1.0386788309383843
790	32	1.053111237178038
800	32	1.0731553499904956
810	32	1.1010192772287604
820	32	1.140212169372029
830	32	1.196223877233213
840	32	1.2784126861641567
850	32	1.404444411200055
860	32	1.6110121924757228
870	32	1.939610849178127
0	33	5.753139088470058e14
10	33	6.741027153184521
20	33	1.4061395966001862
30	33	3.0632425729783033
40	33	1.9266274153912775
50	33	0.09170631673182797
60	33	1.4558583923370734
70	33	1.2799716694441747
80	33	1.4411750330649473
90	33	1.0900088899516744
100	33	1.00154194306635
110	33	0.8990469153087006
120	33	1.1309525423342306
130	33	1.0973324839612248
140	33	0.8945158766995569
150	33	1.0027780090905265
160	33	1.0102456840547853
170	33	1.0662561378357882
180	33	1.000647203169852
190	33	0.9881061192667994
200	33	1.029461918665483
210	33	1.0577484697855333
220	33	1.0070394216012002
230	33	0.9995733491265569
240	33	1.0009068103231054
250	33	0.9984063250068869
260	33	1.0112119730742102
270	33	1.0005406068146234
280	33	0.9988205022486385
290	33	1.0005905428776345
300	33	1.0028974549736178
310	33	0.9998168561307331
320	33	1.0019671501746048
330	33	0.9994407716393983
340	33	1.0002092881319318
350	33	0.9999596082033079
360	33	0.9999457452304499
370	33	0.9999285930130254
380	33	0.9999112685245826
390	33	0.9999272255635088
400	33	0.9998979745760445
410	33	1.0000062082654195
420	33	1.0000983665077499
430	33	1.0000238698339832
440	33	1.0000417782046833
450	33	0.9999880474983793
460	33	0.9999928290676348
470	33	0.9999929727818768
480	33	1.0000049988177966
490	33	1.0000041616617588
500	33	1.0000101997000375
510	33	1.0000118890196696
520	33	1.0000206062139134
530	33	1.0000219050194814
540	33	1.0000301144964643
550	33	1.000042817568008
560	33	1.0000570974139704
570	33	1.000077878505312
580	33	1.0001045516359746
590	33	1.0001424807278274
600	33	1.0001927483153348
610	33	1.0002603947285502
620	33	1.0003530310373112
630	33	1.000478152598432
640	33	1.0006474773731078
650	33	1.000876916978155
660	33	1.0011873849931086
670	33	1.0016078739538337
680	33	1.002177464046769
690	33	1.0029487715057455
700	33	1.0039935647553175
710	33	1.0054089682763823
720	33	1.0073268770266173
730	33	1.0099264540976434
740	33	1.0134513973760733
750	33	1.0182338620704885
760	33	1.0247277414544649
770	33	1.0335557912413775
780	33	1.045577396165167
790	33	1.0619885876958417
800	33	1.084564146826764
810	33	1.1156703878260228
820	33	1.159057517825598
830	33	1.22060862253768
840	33	1.310398828684131
850	33	1.4473538327089717
860	33	1.6669565493279597
870	33	1.9514526071768419
0	34	14.788102341732234
10	34	2.4490714794561432
20	34	2.018448396961559
30	34	0.5027544937515059
40	34	1.7385226740057351
50	34	1.3951877814651263
60	34	1.0932294123832194
70	34	0.7674043716041686
80	34	1.1640508297812513
90	34	1.0415947955106786
100	34	0.9623395645761602
110	34	0.9743798174704549
120	34	1.0217072082890184
130	34	1.0409447701993408
140	34	1.0113005783370308
150	34	0.9300121098379086
160	34	0.9818271815132869
170	34	0.9979797923800171
180	34	1.0291353498541032
190	34	0.9772783057399017
200	34	0.9972101763802345
210	34	0.9964966938891973
220	34	0.9825720720868314
230	34	1.006589494425336
240	34	1.0053570235643776
250	34	1.0035456115820047
260	34	1.0039838385049324
270	34	0.9994192693189095
280	34	0.999840172368017
290	34	0.9989290520616112
300	34	0.9996523416423979
310	34	1.000629679015919
320	34	1.0001504968718848
330	34	1.0000768303350935
340	34	0.9995269318079038
350	34	0.9999626964825451
360	34	0.9999959526893974
370	34	1.0000596800769825
380	34	0.9999392460616452
390	34	1.0000849451505518
400	34	1.00004544741978
410	34	1.000022251476553
420	34	1.000013570697492
430	34	1.0000182776305853
440	34	1.000001578674786
450	34	1.0000158779138297
460	34	1.0000162311381582
470	34	1.0000063331995983
480	34	1.0000014400745896
490	34	1.000015068263231
500	34	1.0000127123624314
510	34	1.0000198726490181
520	34	1.0000246046538066
530	34	1.000034746618647
540	34	1.0000446587378162
550	34	1.0000611126820846
560	34	1.0000817908360375
570	34	1.0001097008382316
580	34	1.0001465786379327
590	34	1.000197166404435
600	34	1.0002639938203188
610	34	1.000354464458416
620	34	1.0004756191981274
630	34	1.000638452784355
640	34	1.0008566646762436
650	34	1.0011497917522314
660	34	1.0015430903512734
670	34	1.0020710139776379
680	34	1.002779572734248
690	34	1.0037307124332353
700	34	1.0050076046513003
710	34	1.0067219944299848
720	34	1.0090243153266594
730	34	1.0121169875226963
740	34	1.0162729084221118
750	34	1.0218606525371827
760	34	1.0293793923269603
770	34	1.0395079917385295
780	34	1.0531754679899759
790	34	1.07166507175372
800	34	1.0968680492352625
810	34	1.1313007509572837
820	34	1.1789446317426047
830	34	1.2460624627791848
840	34	1.3433889031975677
850	34	1.4905991601439295
860	34	1.7163466893134873
870	34	1.9027932341363683
0	35	-68.25616510950678
10	35	3.303072991771323
20	35	2.1841226481612273
30	35	2.3099294039598393
40	35	1.3686360418267978
50	35	1.3153602112542901
60	35	1.1793327593265794
70	35	1.1081992816411
80	35	1.0695611532176135
90	35	1.0582390488188642
100	35	1.0174893375063938
110	35	1.0033589341589408
120	35	0.9534998528143868
130	35	0.9647262884575446
140	35	0.9610181385460986
150	35	1.0148570554128484
160	35	0.9820591731984818
170	35	0.9991444088296269
180	35	1.0108550645813255
190	35	1.0113447945571021
200	35	1.0017449374318839
210	35	0.9962804103352493
220	35	1.0040517628387435
230	35	1.0044016588511069
240	35	0.9965086829552887
250	35	0.9959323186124719
260	35	1.000543864734135
270	35	0.9997225328307586
280	35	0.9980680345676133
290	35	1.0001779841092309
300	35	0.9995013532302712
310	35	1.0005486787474485
320	35	1.0000654414872232
330	35	1.0003716342049225
340	35	0.9998647634434287
350	35	0.9998754950798147
360	35	1.0000918108548753
370	35	1.000116417474846
380	35	0.9999960178824987
390	35	0.9999567300935769
400	35	1.000057609530775
410	35	0.999991620267429
420	35	0.9999822250308257
430	35	1.000016566724296
440	35	0.9999917166507177
450	35	1.0000111559945637
460	35	1.0000051531758551
470	35	1.0000094879662909
480	35	1.000006581827024
490	35	1.0000142508715886
500	35	1.0000227952940992
510	35	1.000024630069496
520	35	1.000037899720133
530	35	1.0000480815166028
540	35	1.0000644739135598
550	35	1.000085157523911
560	35	1.000112479808952
570	35	1.0001513318563067
580	35	1.0002007214085045
590	35	1.0002671405484909
600	35	1.0003557835581025
610	35	1.0004734725485427
620	35	1.0006300521141926
630	35	1.0008383230171483
640	35	1.0011157632336578
650	35	1.001484775707338
660	35	1.0019759576765812
670	35	1.0026297007667002
680	35	1.003499782598316
690	35	1.00465787671187
700	35	1.0061994884663148
710	35	1.0082518260888917
720	35	1.0109845738195946
730	35	1.0146241313269466
740	35	1.0194730529816098
750	35	1.0259363371964088
760	35	1.0345577339975143
770	35	1.0460704103614948
780	35	1.061469673647479
790	35	1.0821207486170916
800	35	1.1100232576718616
810	35	1.1478339866707967
820	35	1.199752523158155
830	35	1.272394462399066
840	35	1.3770209165878526
850	35	1.5330057215348425
860	35	1.753412559509183
870	35	1.7996221157383872
0	36	38.19801424116476
10	36	3.3391451557692453
20	36	1.886876710467033
30	36	1.3903538063414385
40	36	1.1542304757628628
50	36	1.132450800367971
60	36	1.105480591564128
70	36	0.9983911888475021
80	36	1.056824684165303
90	36	1.017853437491523
100	36	0.9847465634309713
110	36	0.9986964685323837
120	36	1.002049843422545
130	36	1.0187795751964013
140	36	0.994086252170377
150	36	0.9912395093846547
160	36	1.02521805465457
170	36	1.0174985815551445
180	36	1.0081208218635425
190	36	0.9959242909734808
200	36	1.0010341630576527
210	36	1.0028616655282634
220	36	0.9993399211886165
230	36	1.002917450468703
240	36	1.001913586279384
250	36	1.0024645171082984
260	36	1.0018452488178127
270	36	0.9998163170481597
280	36	1.000792914663975
290	36	0.9998984511961159
300	36	0.9999438841152931
310	36	0.9998873743435223
320	36	0.9997070948024764
330	36	0.9998446422509496
340	36	0.9999455530579668
350	36	0.9999441920164517
360	36	0.9999118710423582
370	36	0.9999546992646695
380	36	0.999992749536893
390	36	1.0000289218641394
400	36	1.0000066432809176
410	36	1.0000088438398835
420	36	1.000011774903412
430	36	1.0000027664207622
440	36	1.0000076085772671
450	36	1.0000076935107447
460	36	1.000007692076341
470	36	1.0000122910529314
480	36	1.000013796741528
490	36	1.0000219455019352
500	36	1.0000308998306713
510	36	1.0000381900108402
520	36	1.0000512033027054
530	36	1.000066880709597
540	36	1.0000880626267206
550	36	1.0001179006989174
560	36	1.0001551232239034
570	36	1.0002047848880011
580	36	1.000270298652979
590	36	1.0003569260817111
600	36	1.0004711981748364
610	36	1.0006223248215627
620	36	1.0008216248934048
630	36	1.0010846853118074
640	36	1.0014321007250193
650	36	1.0018907405695205
660	36	1.0024962367819088
670	36	1.0032957094835333
680	36	1.0043512605496032
690	36	1.0057450382762687
700	36	1.0075854829418005
710	36	1.0100159019258133
720	36	1.0132258467531032
730	36	1.017466113007385
740	36	1.0230689070816625
750	36	1.0304751423707261
760	36	1.040271675089936
770	36	1.053243278987443
780	36	1.070447130634633
790	36	1.0933240864668847
800	36	1.1239721670447689
810	36	1.1651779379198006
820	36	1.2213407905409486
830	36	1.2993793938926932
840	36	1.4108179773042164
850	36	1.5728087715609433
860	36	1.770097914558643
870	36	1.6641354069980383
0	37	27.991000072593437
10	37	3.9980390568183832
20	37	1.8525707005419003
30	37	1.3674234305143285
40	37	1.197106127488666
50	37	1.1510705957398464
60	37	1.0406654131279283
70	37	1.04863555839292
80	37	1.0334115493393352
90	37	0.9679335096324723
100	37	0.9985439220520532
110	37	0.9819681407493362
120	37	0.9999894188456087
130	37	0.9759747720471772
140	37	0.9742835125861973
150	37	1.000152946349998
160	37	1.005357865951955
170	37	0.990446736355644
180	37	0.9963837975428056
190	37	0.9965269199126476
200	37	1.0024582476343995
210	37	0.9999397121390965
220	37	1.0008256274931149
230	37	1.0004539228422382
240	37	1.0005327799079555
250	37	0.9988987704572516
260	37	0.9996327538217887
270	37	1.0004067785253263
280	37	0.9996942150463022
290	37	1.0000212341453407
300	37	1.00001620970416
310	37	0.9997360407218946
320	37	0.9999295445083376
330	37	1.0000673866020398
340	37	1.0000494471714565
350	37	1.0001012899425212
360	37	1.000043689296607
370	37	1.0000139822286858
380	37	1.0000050365273419
390	37	0.999985261670568
400	37	0.9999916460591974
410	37	1.0000061573938286
420	37	1.0000063077132857
430	37	0.9999964974031296
440	37	1.0000034403757707
450	37	1.0000114044364925
460	37	1.0000162584472307
470	37	1.0000179687747925
480	37	1.0000239295071394
490	37	1.0000306618956134
500	37	1.0000414267250117
510	37	1.0000544662271642
520	37	1.0000700112110377
530	37	1.0000924750426436
540	37	1.0001216046889665
550	37	1.000159523053675
560	37	1.0002089339237303
570	37	1.0002734334387375
580	37	1.0003582404005797
590	37	1.0004696417188759
600	37	1.0006152446925123
610	37	1.0008062103978121
620	37	1.0010564082261648
630	37	1.0013842923731333
640	37	1.0018139130596269
650	37	1.0023768034525875
660	37	1.0031144229054432
670	37	1.0040808991232975
680	37	1.0053473128887151
690	37	1.0070067543153935
700	37	1.0091811926556518
710	37	1.0120306062879145
720	37	1.015764718642696
730	37	1.0206587329869268
740	37	1.0270741427266554
750	37	1.0354866175050794
760	37	1.046523972413313
770	37	1.061018959098857
780	37	1.0800852601674324
790	37	1.1052321668764644
800	37	1.1386440685441934
810	37	1.183225544098039
820	37	1.2435491715746427
830	37	1.3267481420124552
840	37	1.4441331848988996
850	37	1.6074836727794284
860	37	1.7579075715363155
870	37	1.5203599603009206
0	38	162.6998114600692
10	38	3.5465625366560865
20	38	2.051253024553066
30	38	1.5289672112315218
40	38	1.2211424672694817
50	38	1.1566578885643566
60	38	1.0900341105591576
70	38	1.04973567224893
80	38	1.0102778895584215
90	38	1.0301710881193546
100	38	0.9896167191032197
110	38	1.0094700133681718
120	38	1.0071629020638548
130	38	0.9981474620877349
140	38	1.0069652941498435
150	38	1.0157505853298405
160	38	1.0109388875112475
170	38	1.0020054545928998
180	38	1.0051769299312587
190	38	1.0020546326912976
200	38	1.00353934222569
210	38	0.9987911449206717
220	38	1.0005814743727937
230	38	1.000076874996499
240	38	1.0003394731015751
250	38	1.0000536361727232
260	38	0.999784895992985
270	38	0.9993838732759356
280	38	0.9999605203297569
290	38	0.9998086138724062
300	38	0.9999076740991953
310	38	1.0000777135670114
320	38	1.0000166847783143
330	38	1.0000212253024587
340	38	1.0000339841933144
350	38	0.9999922458192845
360	38	1.0000413331183577
370	38	0.9999678635262612
380	38	1.0000057512093912
390	38	1.0000084424162055
400	38	1.000014862949992
410	38	1.0000217018193138
420	38	1.0000052133554123
430	38	1.0000088226899664
440	38	1.0000139225671205
450	38	1.0000158700093718
460	38	1.0000204051651824
470	38	1.0000291519925646
480	38	1.0000359329988395
490	38	1.000042865783384
500	38	1.0000566725150748
510	38	1.000073335306576
520	38	1.0000968713971998
530	38	1.0001255358215242
540	38	1.0001635356753003
550	38	1.000212542893174
560	38	1.0002763079995693
570	38	1.0003597317749144
580	38	1.000467931239545
590	38	1.0006088396598933
600	38	1.0007920501665584
610	38	1.0010306034102678
620	38	1.0013407893114492
630	38	1.0017444077469917
640	38	1.0022694640989975
650	38	1.0029525659789287
660	38	1.0038411976022348
670	38	1.0049971955752885
680	38	1.0065009606697006
690	38	1.0084570681521963
700	38	1.0110014907490936
710	38	1.0143110578897707
720	38	1.0186157819108859
730	38	1.024214992193527
740	38	1.0314985743760305
750	38	1.0409752329158342
760	38	1.0533108295539422
770	38	1.0693816986397189
780	38	1.0903518261746616
790	38	1.1177911924131978
800	38	1.1539560136718527
810	38	1.2018556431436938
820	38	1.266195521438219
830	38	1.3541716330695504
840	38	1.47607368661116
850	38	1.633665252082668
860	38	1.712800393996331
870	38	1.3849232649207064
0	39	112.10978293396889
10	39	3.919294129565933
20	39	2.0943201266923404
30	39	1.4610945678631673
40	39	1.2885901863361509
50	39	1.158538885620877
60	39	1.0930880277985193
70	39	1.0618038600783992
80	39	1.0438108146602934
90	39	1.017789098062726
100	39	1.0184079476304335
110	39	0.9871393627091657
120	39	1.0059695063770435
130	39	0.9990851881241432
140	39	1.0020509551025885
150	39	0.9994459548067868
160	39	1.001838552086012
170	39	1.0004867077536044
180	39	1.0000530369400336
190	39	0.9995545817631217
200	39	1.0024346771912716
210	39	0.9990369106854787
220	39	1.0005894374745365
230	39	0.9999363881539994
240	39	0.9997766980519116
250	39	1.0003472790663201
260	39	1.0001524064840248
270	39	1.0000332561866359
280	39	1.0000029980097895
290	39	0.9999263047547348
300	39	0.9999010673916447
310	39	0.9998592509672181
320	39	0.9999671915770024
330	39	0.9999532631689525
340	39	1.0000522051692413
350	39	1.000006367655715
360	39	1.000008343125965
370	39	1.0000254919856428
380	39	1.0000010412379832
390	39	1.0000107395486444
400	39	0.999999693205764
410	39	1.0000068676123424
420	39	1.0000087345746675
430	39	1.0000135516868822
440	39	1.0000217327984124
450	39	1.0000230753654804
460	39	1.0000305114007668
470	39	1.0000346287721704
480	39	1.0000467722694109
490	39	1.0000597012552113
500	39	1.0000771756653173
510	39	1.0001002900821283
520	39	1.0001296084599536
530	39	1.0001676690682693
540	39	1.0002162619036223
550	39	1.0002792941975056
560	39	1.0003611671535186
570	39	1.0004664916732717
580	39	1.0006028142651064
590	39	1.000779128552
600	39	1.001006842415002
610	39	1.0013009820254721
620	39	1.0016813129070576
630	39	1.002172606487397
640	39	1.0028073950712195
650	39	1.003627612053366
660	39	1.0046873214490375
670	39	1.0060563721501905
680	39	1.0078249638093084
690	39	1.0101094727497884
700	39	1.0130601060675632
710	39	1.0168706974989579
720	39	1.0217913053072023
730	39	1.0281447047420966
740	39	1.0363477901742542
750	39	1.0469399907225896
760	39	1.0606216486246403
770	39	1.0783075619207974
780	39	1.1012052219594384
790	39	1.1309372514156213
800	39	1.1698138003857832
810	39	1.2209332196128504
820	39	1.2890713425073161
830	39	1.3812363094670799
840	39	1.5054108575288443
850	39	1.6472484812525299
860	39	1.6384483411969524
870	39	1.2655483802327336
0	40	167.32574366746206
10	40	3.9411044843928953
20	40	2.1398000493194393
30	40	1.5795191005362736
40	40	1.3182339392877855
50	40	1.237828707561105
60	40	1.1026890169277392
70	40	1.0575963367335721
80	40	1.0270775268927874
90	40	1.0044333051899967
100	40	1.015895218210382
110	40	1.0037270903428384
120	40	1.0051998948049679
130	40	1.0039921000179886
140	40	1.0058286453157823
150	40	1.0016502732226653
160	40	1.00067735883475
170	40	0.9983956186147545
180	40	1.0001663196498698
190	40	1.0018428097779206
200	40	0.9995917092438174
210	40	1.0004753813037628
220	40	1.0000202647831595
230	40	0.9999148742328313
240	40	1.0001890657892105
250	40	1.0000090303727383
260	40	0.9999086034684349
270	40	0.9999757393616792
280	40	0.999935044586596
290	40	1.0001523059545618
300	40	1.000076882638753
310	40	0.9999803955871014
320	40	0.9999613169873334
330	40	0.9999864269802963
340	40	1.0000260690422793
350	40	0.9999945807480352
360	40	0.9999968399176927
370	40	1.0000115422367803
380	40	1.000014668512427
390	40	0.9999986542943354
400	40	1.000008472889254
410	40	1.0000099096675072
420	40	1.0000165679417892
430	40	1.000016382745055
440	40	1.0000229797997624
450	40	1.000028729926316
460	40	1.0000385083825305
470	40	1.0000492611764873
480	40	1.0000639227834824
490	40	1.000082653522037
500	40	1.000103730602835
510	40	1.0001339425750282
520	40	1.0001711783840324
530	40	1.000219619785627
540	40	1.000282228818403
550	40	1.000362316687432
560	40	1.0004652269630478
570	40	1.0005974668009368
580	40	1.0007670941536184
590	40	1.0009849378899236
600	40	1.001264712105589
610	40	1.001623725228286
620	40	1.0020847958861183
630	40	1.0026766606420172
640	40	1.0034364191824936
650	40	1.004411697901087
660	40	1.0056634502744286
670	40	1.007269977034762
680	40	1.0093314822063564
690	40	1.0119764673141243
700	40	1.0153694353272462
710	40	1.019721053564206
720	40	1.0253009155988957
730	40	1.0324541388955124
740	40	1.041622797961373
750	40	1.0533741658988012
760	40	1.068438899909917
770	40	1.0877645893239842
780	40	1.1125949868686722
790	40	1.144597256773517
800	40	1.1861128083919268
810	40	1.2403086949106261
820	40	1.3119339393835203
830	40	1.4074099274961633
840	40	1.5305004297338116
850	40	1.6439730608466936
860	40	1.5446440302187823
870	40	1.1637581124714302
0	41	396.2252481840848
10	41	4.04700351925366
20	41	2.2187012197232736
30	41	1.6292641611208571
40	41	1.3297486886559526
50	41	1.1928788163356356
60	41	1.1293000093209917
70	41	1.0745779735933263
80	41	1.0314445044981344
90	41	1.031806201081094
100	41	1.0216297673413577
110	41	1.0136561264578878
120	41	1.0067962610409877
130	41	1.0046310538007774
140	41	1.0028584242544623
150	41	1.0002981424390889
160	41	1.0009755991527232
170	41	1.000191885117356
180	41	1.000563652798072
190	41	0.9998473833544046
200	41	0.9997770391120716
210	41	0.9995164210182552
220	41	0.9997678241749136
230	41	1.0001909573316419
240	41	1.0001352272958572
250	41	0.9999447932173279
260	41	1.000007538603211
270	41	1.0000466456579338
280	41	1.0001256684728694
290	41	0.999947574205516
300	41	1.000058845274993
310	41	0.9999874854339458
320	41	1.0000228665680349
330	41	1.0000003597892335
340	41	1.0000060039304517
350	41	0.9999963198062519
360	41	1.0000044461888205
370	41	1.0000055446637255
380	41	1.000013846997317
390	41	1.0000088510701537
400	41	1.0000106444563182
410	41	1.0000204983678478
420	41	1.0000151638848138
430	41	1.0000264806665418
440	41	1.0000323325398321
450	41	1.0000393566451233
460	41	1.0000516279872615
470	41	1.0000662259615798
480	41	1.0000843590475335
490	41	1.0001077626028358
500	41	1.0001370602294866
510	41	1.0001748641726167
520	41	1.000223395721861
530	41	1.0002849607538804
540	41	1.0003636392286022
550	41	1.0004641111580652
560	41	1.0005924665442019
570	41	1.0007559347713424
580	41	1.0009647617775537
590	41	1.00123125807169
600	41	1.0015711791109576
610	41	1.00200491750429
620	41	1.0025584159550813
630	41	1.0032645603763717
640	41	1.0041653987964227
650	41	1.0053144810674988
660	41	1.0067800959835238
670	41	1.0086490626650784
680	41	1.0110319770424037
690	41	1.0140694736883642
700	41	1.0179402712769556
710	41	1.0228714379434405
720	41	1.0291512586377034
730	41	1.03714572991509
740	41	1.0473197794532945
750	41	1.06026515075751
760	41	1.076738162226213
770	41	1.0977131067206904
780	41	1.1244625043607401
790	41	1.158689908821547
800	41	1.2027385414992444
810	41	1.259815822494151
820	41	1.3344942104742736
830	41	1.431998690005376
840	41	1.5492575977024368
850	41	1.620775884233361
860	41	1.4428206043846519
870	41	1.0780672320405338
0	42	-2670.270411879836
10	42	4.277856338225804
20	42	2.24029210555693
30	42	1.6658418445073733
40	42	1.3757454418898276
50	42	1.200890495816286
60	42	1.1231847894825966
70	42	1.0809045842959168
80	42	1.0434836134423526
90	42	1.0312153756149762
100	42	1.017905438767517
110	42	1.0092930317197124
120	42	1.0075449713121958
130	42	1.0044758171091708
140	42	1.0032359892572356
150	42	1.0013466464485894
160	42	1.0015142187298396
170	42	1.000303243554093
180	42	1.0003472314301503
190	42	0.9997709604298126
200	42	0.9999585560155732
210	42	1.0001658573922292
220	42	1.0003709411252366
230	42	1.0000423976173562
240	42	1.000041178239359
250	42	1.0000794543075013
260	42	1.0000067952384908
270	42	0.9999919450698004
280	42	1.0000495530799534
290	42	1.0000554415396683
300	42	0.9999676730554564
310	42	1.0000025957426326
320	42	1.000013429510277
330	42	1.000010310598029
340	42	1.0000014565918374
350	42	1.0000106757533667
360	42	1.0000076932216382
370	42	1.0000038135245977
380	42	1.0000086427782855
390	42	1.0000135427713344
400	42	1.0000189044471475
410	42	1.000021868481098
420	42	1.0000280680713864
430	42	1.0000342981804835
440	42	1.000042827623953
450	42	1.0000540011097878
460	42	1.000068821380752
470	42	1.0000877165490405
480	42	1.0001108762937574
490	42	1.0001410155094201
500	42	1.000178931535942
510	42	1.000226817661491
520	42	1.000287660313535
530	42	1.000365187422483
540	42	1.0004630727917807
550	42	1.000587730818535
560	42	1.0007456963003871
570	42	1.0009461463142393
580	42	1.0012003638775508
590	42	1.0015229196255988
600	42	1.0019320499786222
610	42	1.0024511023861855
620	42	1.0031094344750346
630	42	1.0039443249140376
640	42	1.0050030825928438
650	42	1.0063454940458316
660	42	1.0080472619330567
670	42	1.0102041019502068
680	42	1.0129369661405851
690	42	1.0163985595652871
700	42	1.0207815263198219
710	42	1.0263286632440074
720	42	1.0333457551742093
730	42	1.0422178133915787
740	42	1.0534298985570352
750	42	1.0675944198822769
760	42	1.085488325053192
770	42	1.1081062548767058
780	42	1.136741831064079
790	42	1.1731264812160582
800	42	1.2195665383608751
810	42	1.27926759222481
820	42	1.3563994471148988
830	42	1.4541014818541511
840	42	1.5592526369129458
850	42	1.5773672861589718
860	42	1.3422770792220513
870	42	1.0060473332192303
0	43	1442.1421321795626
10	43	4.358256313985797
20	43	2.307751013260237
30	43	1.662647178828
40	43	1.389151244553965
50	43	1.2170108108554891
60	43	1.127529692373008
70	43	1.0853184011898886
80	43	1.0503626673062372
90	43	1.0290570079032089
100	43	1.0199634079210866
110	43	1.011773161520478
120	43	1.0069843901867872
130	43	1.0044642022343804
140	43	1.0042264723527514
150	43	1.002248341484112
160	43	1.001631035926708
170	43	1.0009160621210256
180	43	1.0006273498415053
190	43	1.0002629158362117
200	43	0.9999022807761451
210	43	0.9999228033221361
220	43	1.0000643291410072
230	43	1.000059048508708
240	43	1.0000802852332022
250	43	0.9999483271981033
260	43	1.0000424457299852
270	43	1.0000271645594743
280	43	0.9999805099651555
290	43	1.0000030033004432
300	43	1.000013902776147
310	43	0.999982002517589
320	43	1.000019696990922
330	43	1.0000031900193806
340	43	1.0000101680872935
350	43	1.0000050234971278
360	43	1.0000107480816907
370	43	1.0000106726275722
380	43	1.000013974933789
390	43	1.0000171563968456
400	43	1.000022772982516
410	43	1.0000291798734526
420	43	1.0000375988303256
430	43	1.0000439985615441
440	43	1.0000557679277147
450	43	1.0000723248557355
460	43	1.0000909998712566
470	43	1.000114684338008
480	43	1.0001445819979533
490	43	1.0001823624349149
500	43	1.000230002398165
510	43	1.0002904104092984
520	43	1.0003665552315144
530	43	1.0004624432844105
540	43	1.0005834044348738
550	43	1.0007360727518744
560	43	1.0009288224462876
570	43	1.0011718404427983
580	43	1.0014784918224768
590	43	1.0018653272237783
600	43	1.0023533541377914
610	43	1.002968865271359
620	43	1.0037451272486204
630	43	1.0047239900352656
640	43	1.0059581816571233
650	43	1.007513927962292
660	43	1.0094745998458687
670	43	1.0119447880137227
680	43	1.0150558106252068
690	43	1.018972220815276
700	43	1.0239000194244388
710	43	1.0300967940308652
720	43	1.0378843352090923
730	43	1.0476644577375747
740	43	1.059939242925842
750	43	1.07533763862627
760	43	1.094651940104886
770	43	1.1188906258407563
780	43	1.1493605499945636
790	43	1.1878111252119334
800	43	1.236461378347096
810	43	1.298449655817116
820	43	1.3772112120104059
830	43	1.4725750406392861
840	43	1.558010266601619
850	43	1.5168214168611585
860	43	1.2487404566090354
870	43	0.9452770983341433
0	44	-1601.1908327290873
10	44	4.46829557554491
20	44	2.341207398620195
30	44	1.6871927119691636
40	44	1.3889299834242064
50	44	1.231346779243085
60	44	1.1378973801284433
70	44	1.0865987823262928
80	44	1.0522001473582125
90	44	1.0353784351083721
100	44	1.022434593402593
110	44	1.0135959580080294
120	44	1.0083595310377031
130	44	1.005839658936259
140	44	1.004164736021347
150	44	1.0024473583350282
160	44	1.0012259915309183
170	44	1.000220754174189
180	44	1.0002654479439002
190	44	1.0003284857161625
200	44	1.0002415188386187
210	44	1.0001438956642799
220	44	1.0000984188681086
230	44	1.0001712937765037
240	44	1.0000665264844775
250	44	0.9999654835353241
260	44	1.0000254389499494
270	44	1.0000275513946075
280	44	0.9999854312284338
290	44	1.0000088014726893
300	44	1.0000046522246673
310	44	1.0000016785460442
320	44	1.0000100530938552
330	44	1.0000112257077094
340	44	1.0000031849484454
350	44	1.000008177964651
360	44	1.0000113400228126
370	44	1.0000167536628257
380	44	1.0000194019131914
390	44	1.0000246688262924
400	44	1.0000300801911424
410	44	1.000036810368498
420	44	1.0000471969694327
430	44	1.0000597696987104
440	44	1.0000757863654164
450	44	1.0000943804561178
460	44	1.0001173872596045
470	44	1.0001483123479245
480	44	1.0001864563473726
490	44	1.00023358104502
500	44	1.0002929363197126
510	44	1.0003677746457234
520	44	1.0004616196501883
530	44	1.0005794737322473
540	44	1.0007272163087462
550	44	1.0009126937167125
560	44	1.0011454620174107
570	44	1.0014375953796664
580	44	1.0018041237880901
590	44	1.0022640870373707
600	44	1.0028410837901465
610	44	1.0035649423220467
620	44	1.0044728717122442
630	44	1.005611495531478
640	44	1.0070391019612401
650	44	1.008828605621104
660	44	1.0110710025551313
670	44	1.0138798417627037
680	44	1.0173965679354957
690	44	1.0217971636834957
700	44	1.027300229965053
710	44	1.0341769390221323
720	44	1.042763281352446
730	44	1.0534753475847571
740	44	1.0668288472821372
750	44	1.0834648934793287
760	44	1.1041857146560996
770	44	1.1300070106188589
780	44	1.1622405295799967
790	44	1.202640318504664
800	44	1.253274452582258
810	44	1.3171109214084822
820	44	1.3963800549623122
830	44	1.4860341770091543
840	44	1.5435630396736288
850	44	1.4446422995650838
860	44	1.164770486537289
870	44	0.8936627399728586
0	45	3516.2115882113017
10	45	4.611136845516739
20	45	2.3972732490773674
30	45	1.7147044538737737
40	45	1.4097727834591975
50	45	1.2411215870720933
60	45	1.1508869463740938
70	45	1.093865027057337
80	45	1.0578697115374662
90	45	1.037148195048447
100	45	1.0234227021766664
110	45	1.015359090154712
120	45	1.0096068634243376
130	45	1.0059876298711878
140	45	1.0039493883450545
150	45	1.0027708903500347
160	45	1.0015264559349564
170	45	1.0010707285124598
180	45	1.0006565967567373
190	45	1.0002801157054086
200	45	1.0003500149786793
210	45	1.0001991768013405
220	45	1.0000764272581892
230	45	1.0000157500910907
240	45	1.0000973985337402
250	45	1.0000331016617998
260	45	1.0000472568155916
270	45	1.0000000123520798
280	45	1.0000061242832128
290	45	1.0000093607256537
300	45	1.0000000066325205
310	45	1.0000227006871045
320	45	1.0000056454963295
330	45	1.0000055717769516
340	45	1.0000111004896413
350	45	1.000016937908358
360	45	1.0000175412730907
370	45	1.0000168989792735
380	45	1.0000248003663206
390	45	1.0000337668309174
400	45	1.000039890127066
410	45	1.0000494078201079
420	45	1.0000616520875085
430	45	1.0000780730755747
440	45	1.0000974654497252
450	45	1.0001214331729855
460	45	1.0001520408104572
470	45	1.000189548387913
480	45	1.0002367578837341
490	45	1.0002954456470332
500	45	1.0003693047368811
510	45	1.0004609180057993
520	45	1.000575659892832
530	45	1.0007188471922985
540	45	1.0008977301635893
550	45	1.001120947639635
560	45	1.0013997344302925
570	45	1.0017477224849056
580	45	1.0021822324882266
590	45	1.00272450949362
600	45	1.0034013688405827
610	45	1.0042460223126868
620	45	1.005299904065521
630	45	1.0066145034731904
640	45	1.0082539232139633
650	45	1.0102977110856168
660	45	1.0128445938338306
670	45	1.0160168576502016
680	45	1.019965763967518
690	45	1.0248781059364265
700	45	1.030984112449563
710	45	1.038567073950013
720	45	1.0479751073839816
730	45	1.0596357877708866
740	45	1.0740748441207801
750	45	1.091941058681451
760	45	1.1140411097427703
770	45	1.1413911479319407
780	45	1.175298430383363
790	45	1.2175010813806348
800	45	1.2698402046970103
810	45	1.33495123331538
820	45	1.4132216570878462
830	45	1.4929199940614162
840	45	1.5151381824828234
850	45	1.3669877520258091
860	45	1.0908491677334795
870	45	0.8494916412280344
0	46	23608.511360716966
10	46	4.659067771054759
20	46	2.443687059111619
30	46	1.742364676380601
40	46	1.4259982882483837
50	46	1.2562194193604022
60	46	1.1590189749901507
70	46	1.0988703126947972
80	46	1.0640172160735344
90	46	1.0403115860040353
100	46	1.0259384826132225
110	46	1.017140572273145
120	46	1.0108447500020403
130	46	1.0071650947285125
140	46	1.0044902066793884
150	46	1.0029430825874828
160	46	1.0020157709551982
170	46	1.0012399309372628
180	46	1.0006460507323598
190	46	1.0005244042912875
200	46	1.0003559606432677
210	46	1.0002339707071477
220	46	1.0001499966196281
230	46	1.0000520768347219
240	46	1.0000608428192228
250	46	1.000046606220965
260	46	1.0000181325817143
270	46	1.000011749191571
280	46	1.0000073209490121
290	46	0.9999975941187214
300	46	1.0000077796864324
310	46	1.000006572514806
320	46	1.0000127902818523
330	46	1.0000123148997047
340	46	1.0000124666056907
350	46	1.000017382555641
360	46	1.000023422473383
370	46	1.0000260667316265
380	46	1.0000344112904203
390	46	1.0000422534030216
400	46	1.000052385719202
410	46	1.0000654075807782
420	46	1.000080069746868
430	46	1.0001011099459904
440	46	1.0001245605211773
450	46	1.0001553129493026
460	46	1.0001932333720065
470	46	1.0002399810339082
480	46	1.0002981422236137
490	46	1.000370552130258
500	46	1.0004604199173246
510	46	1.0005721961031422
520	46	1.0007111352403117
530	46	1.0008836704319084
540	46	1.001098164873793
550	46	1.0013646631996236
560	46	1.0016956992413335
570	46	1.0021069881164326
580	46	1.0026178208045118
590	46	1.003252388604307
600	46	1.0040403853037103
610	46	1.0050187885340238
620	46	1.0062332935832434
630	46	1.0077404842049311
640	46	1.0096102364868407
650	46	1.0119288209132424
660	46	1.014802523325939
670	46	1.0183621201043207
680	46	1.0227682156846238
690	46	1.0282176012502002
700	46	1.0349509281372407
710	46	1.043261912990579
720	46	1.0535085021151462
730	46	1.066126766318037
740	46	1.0816487165928015
750	46	1.1007262546997088
760	46	1.1241649956412856
770	46	1.1529744148562602
780	46	1.188445777024367
790	46	1.2322678076143212
800	46	1.2859706423445811
810	46	1.3516067874126187
820	46	1.4269031117463358
830	46	1.4916690027303168
840	46	1.4736341092372005
850	46	1.289132676968474
860	46	1.0263715136728402
870	46	0.81139440562322
0	47	10880.923997738415
10	47	4.77846243941636
20	47	2.492205228007529
30	47	1.772864581117014
40	47	1.446312912543373
50	47	1.271245789435862
60	47	1.1694519078181567
70	47	1.1064812095037702
80	47	1.0682693811511013
90	47	1.0444793231868368
100	47	1.028347569223651
110	47	1.0186052017248433
120	47	1.0122692913011775
130	47	1.0079744968364726
140	47	1.0052969895389978
150	47	1.0033918925751109
160	47	1.0021906025619685
170	47	1.0014970148135467
180	47	1.0008698750023792
190	47	1.0006281208709238
200	47	1.0004435097357431
210	47	1.0002950153616141
220	47	1.000205474721316
230	47	1.000093549602378
240	47	1.0000723647297258
250	47	1.0000530690665903
260	47	1.000028456970082
270	47	1.000033193548178
280	47	1.0000131164817614
290	47	1.0000112259024454
300	47	1.000016264126556
310	47	1.0000168918431613
320	47	1.0000149709546846
330	47	1.0000208257218217
340	47	1.0000197578172836
350	47	1.000025567489353
360	47	1.0000304776419242
370	47	1.0000346583798052
380	47	1.0000440811674205
390	47	1.0000553532365923
400	47	1.000068509827311
410	47	1.0000850342898953
420	47	1.000104078792079
430	47	1.0001280779360537
440	47	1.0001585508568993
450	47	1.0001962501183137
460	47	1.0002429240657496
470	47	1.0003005849687807
480	47	1.0003718433507665
490	47	1.0004600207856007
500	47	1.0005690211843843
510	47	1.000703871241217
520	47	1.0008706082119763
530	47	1.0010768982065883
540	47	1.0013320096344205
550	47	1.0016474982091692
560	47	1.0020376090282879
570	47	1.0025199421087678
580	47	1.0031162804277258
590	47	1.0038533508772416
600	47	1.0047642776868204
610	47	1.005889728911767
620	47	1.00727990371142
630	47	1.0089964416886448
640	47	1.0111150651067977
650	47	1.0137286369855152
660	47	1.0169508203205073
670	47	1.0209204844342787
680	47	1.0258068932801714
690	47	1.0318158761048302
700	47	1.039197113222336
710	47	1.0482528454782527
720	47	1.0593483716443879
730	47	1.0729251410533323
740	47	1.089517654278543
750	47	1.1097763933530442
760	47	1.1345003153868918
770	47	1.1646843467725279
780	47	1.2015884069844576
790	47	1.246798163585871
800	47	1.3014480269735822
810	47	1.3666350253668993
820	47	1.436452828453477
830	47	1.4809932896089717
840	47	1.4215560422300233
850	47	1.2147439402963536
860	47	0.9702923303941551
870	47	0.77828456782749
0	48	-24553.85476743267
10	48	4.861761233408825
20	48	2.5335958577458997
30	48	1.8041367810456168
40	48	1.465026278403015
50	48	1.2849359860876355
60	48	1.1776240199124415
70	48	1.1145995429454
80	48	1.0742465292351289
90	48	1.0479156091530708
100	48	1.0317189177312922
110	48	1.0205158670295131
120	48	1.0135107642735786
130	48	1.0088233573958296
140	48	1.005741479940144
150	48	1.0039114056253708
160	48	1.0025174659078617
170	48	1.0016952016323069
180	48	1.0011114140152582
190	48	1.000817774327082
200	48	1.0004887274817265
210	48	1.0003506049608015
220	48	1.0001989017752313
230	48	1.0001297385572936
240	48	1.000087182625323
250	48	1.0000523718135257
260	48	1.0000508806524409
270	48	1.0000309291867067
280	48	1.0000328477499454
290	48	1.0000145123358797
300	48	1.0000180036358157
310	48	1.000017092762401
320	48	1.0000210685508104
330	48	1.000022521726769
340	48	1.000025042663362
350	48	1.0000309575900819
360	48	1.0000387428601432
370	48	1.0000469933996292
380	48	1.0000579617741714
390	48	1.0000704002643235
400	48	1.000087385129253
410	48	1.000107244147767
420	48	1.0001314497481502
430	48	1.0001625217690475
440	48	1.0001997441327137
450	48	1.0002460988458388
460	48	1.0003029874813065
470	48	1.0003731150745165
480	48	1.000459494508985
490	48	1.000566067376112
500	48	1.0006970638476038
510	48	1.000858349172716
520	48	1.0010570780658437
530	48	1.0013015968784342
540	48	1.0016028253659857
550	48	1.0019734889449794
560	48	1.0024298590716172
570	48	1.0029915314890527
580	48	1.0036826938959962
590	48	1.0045330435299382
600	48	1.0055790045428317
610	48	1.0068651946590021
620	48	1.008446231247188
630	48	1.0103889125627388
640	48	1.0127747104910287
650	48	1.0157029255897596
660	48	1.0192942744352524
670	48	1.0236951738986866
680	48	1.029082749836569
690	48	1.0356707183559766
700	48	1.0437162106958093
710	48	1.053527934303566
720	48	1.0654759428462623
730	48	1.0800038872998596
740	48	1.0976449787771325
750	48	1.1190437591206925
760	48	1.144986693004861
770	48	1.176444881349725
780	48	1.2146251427859194
790	48	1.26092947891989
800	48	1.3160160234161202
810	48	1.3795024932601463
820	48	1.4408105961939701
830	48	1.4602229198042989
840	48	1.362405735078425
850	48	1.1458888989781806
860	48	0.9214740516402732
870	48	0.7493003462147212
0	49	-11378.62442287339
10	49	4.96243828725618
20	49	2.584193789772103
30	49	1.8308557397247278
40	49	1.4860282462491823
50	49	1.2990767923369202
60	49	1.1889554180875936
70	49	1.1221235322592291
80	49	1.0796546711481578
90	49	1.0521996069004103
100	49	1.0340907119017346
110	49	1.0228135249103285
120	49	1.0151520406086194
130	49	1.0099935812484415
140	49	1.0065593957059047
150	49	1.0044940260753499
160	49	1.0029284911360075
170	49	1.0019247823823756
180	49	1.0012695221277508
190	49	1.0008541870591077
200	49	1.0005612738301497
210	49	1.0003641843754492
220	49	1.000244073905323
230	49	1.0001816730757875
240	49	1.0001141888176246
250	49	1.0000877458055477
260	49	1.0000553382874537
270	49	1.0000387105470827
280	49	1.000029623714403
290	49	1.00002499009289
300	49	1.0000206389827144
310	49	1.000026575006208
320	49	1.000025589775147
330	49	1.0000304873201147
340	49	1.0000331110268503
350	49	1.0000411158837925
360	49	1.0000490211300919
370	49	1.0000594146115123
380	49	1.000072768619452
390	49	1.0000900676438245
400	49	1.000109832275407
410	49	1.000135277817069
420	49	1.00016577209124
430	49	1.000203031656626
440	49	1.000248998403902
450	49	1.0003056427915176
460	49	1.0003744904056264
470	49	1.0004592146349744
480	49	1.0005633264972438
490	49	1.000690595318885
500	49	1.0008469285431967
510	49	1.0010384257673963
520	49	1.0012733297805974
530	49	1.001561241853728
540	49	1.001914153526473
550	49	1.0023467631185794
560	49	1.0028769320673474
570	49	1.0035265362231358
580	49	1.0043223266997365
590	49	1.005297007675296
600	49	1.0064904317006593
610	49	1.0079511664547314
620	49	1.009738339871323
630	49	1.0119237921909254
640	49	1.0145946460026793
650	49	1.0178563714018194
660	49	1.0218362785616426
670	49	1.0266876799328903
680	49	1.032594621061316
690	49	1.039777376857961
700	49	1.0484988359066771
710	49	1.0590719831951352
720	49	1.0718689577856253
730	49	1.0873324461172222
740	49	1.1059906390915495
750	49	1.1284775902012205
760	49	1.1555609135071858
770	49	1.1881762149210788
780	49	1.2274456732088113
790	49	1.274477699595568
800	49	1.3293700464919165
810	49	1.3895813582237795
820	49	1.4389319037216661
830	49	1.4295865741558256
840	49	1.299851567751131
850	49	1.0834145987769386
860	49	0.8788468817478078
870	49	0.7237555836176067
0	50	-49445.323188680464
10	50	5.069242893156078
20	50	2.6313802607103236
30	50	1.861435610149375
40	50	1.5061246452662602
50	50	1.313793607454671
60	50	1.1996853147202273
70	50	1.1296170942426997
80	50	1.0847172465602275
90	50	1.0560879503071212
100	50	1.0373234173305474
110	50	1.025000508029147
120	50	1.0165260488014711
130	50	1.0111137699316142
140	50	1.0073936700643478
150	50	1.005025578098556
160	50	1.0033628029755446
170	50	1.0022487227305357
180	50	1.0014484918389164
190	50	1.000990302774528
200	50	1.000649642560535
210	50	1.0004685177794246
220	50	1.0003060371178165
230	50	1.0002049382571139
240	50	1.0001390482255552
250	50	1.000106435635264
260	50	1.0000746654568913
270	50	1.0000486992190671
280	50	1.0000366548330129
290	50	1.0000348643755412
300	50	1.000031415721693
310	50	1.000030510633294
320	50	1.0000350878591993
330	50	1.000039626575287
340	50	1.0000450329420663
350	50	1.0000531053563289
360	50	1.0000630904398786
370	50	1.0000763152714554
380	50	1.0000935150182684
390	50	1.0001139757833721
400	50	1.0001385337010715
410	50	1.0001690715183604
420	50	1.0002060766801413
430	50	1.0002519515127677
440	50	1.0003077550882098
450	50	1.0003760084636995
460	50	1.0004590488838778
470	50	1.000560614293434
480	50	1.0006846494962214
490	50	1.0008361185764758
500	50	1.0010210104466866
510	50	1.001246810700585
520	50	1.0015225433349564
530	50	1.0018590581436408
540	50	1.0022699142236253
550	50	1.002771313494144
560	50	1.0033832041195965
570	50	1.0041297072548794
580	50	1.0050402764129684
590	50	1.0061506325682088
600	50	1.007504127041155
610	50	1.0091533107005264
620	50	1.0111617607123309
630	50	1.0136062830357817
640	50	1.01657942454918
650	50	1.0201924417417059
660	50	1.0245787160939968
670	50	1.0298976526759975
680	50	1.036339117776297
690	50	1.0441285375767342
700	50	1.0535327071010736
710	50	1.064866652634948
720	50	1.0785019245847118
730	50	1.094877114823777
740	50	1.1145117198730576
750	50	1.1380246040930226
760	50	1.1661572058828729
770	50	1.199794174291461
780	50	1.2399278962402571
790	50	1.2872400905633277
800	50	1.3411483819450716
810	50	1.3961623769277671
820	50	1.4299474961953853
830	50	1.3902851438854391
840	50	1.237055125598436
850	50	1.027387644230414
860	50	0.8414685954000813
870	50	0.7011007023726862
0	51	22534.91538367159
10	51	5.162963687125777
20	51	2.6785192619735225
30	51	1.8916305891893228
40	51	1.5263857861378993
50	51	1.3274419882255732
60	51	1.2099808102810206
70	51	1.137637319957359
80	51	1.090894026254048
90	51	1.0604620572860353
100	51	1.040416705078241
110	51	1.0271016959569128
120	51	1.0183024471987183
130	51	1.012274789240111
140	51	1.008285701150955
150	51	1.0055891915260335
160	51	1.003775394293603
170	51	1.0025715542817517
180	51	1.001744348004228
190	51	1.001163602029523
200	51	1.0008029371056106
210	51	1.0005406679093776
220	51	1.0003682708194204
230	51	1.000251710921124
240	51	1.0001735244451357
250	51	1.0001180441977302
260	51	1.000086661199236
270	51	1.0000655292078489
280	51	1.0000505796254118
290	51	1.0000442940770071
300	51	1.00004085185805
310	51	1.000040682038388
320	51	1.000042413042057
330	51	1.000047159491862
340	51	1.0000560940808396
350	51	1.000066284687995
360	51	1.0000801219857098
370	51	1.0000958494893908
380	51	1.000116748498325
390	51	1.0001422874851273
400	51	1.0001722889534619
410	51	1.0002096597140373
420	51	1.0002544937240645
430	51	1.0003101353921726
440	51	1.0003771950531168
450	51	1.0004588406511137
460	51	1.0005581454224222
470	51	1.0006788737458923
480	51	1.0008258181248344
490	51	1.0010045978833986
500	51	1.0012219741635406
510	51	1.001486347056916
520	51	1.0018077789943405
530	51	1.0021986351465773
540	51	1.0026737944838686
550	51	1.003251311842859
560	51	1.0039531653559457
570	51	1.0048058701972928
580	51	1.0058415770574558
590	51	1.0070991200721833
600	51	1.0086253663928864
610	51	1.0104768137802151
620	51	1.0127214342763073
630	51	1.0154407793926599
640	51	1.0187325332485457
650	51	1.0227133004766484
660	51	1.0275218536811357
670	51	1.033322786605453
680	51	1.040310596483511
690	51	1.0487143091982978
700	51	1.0588027345855497
710	51	1.0708906719406037
720	51	1.0853464370687458
730	51	1.102601487103477
740	51	1.1231629490044062
750	51	1.1476294302912864
760	51	1.1767072555404916
770	51	1.2112090367352293
780	51	1.2519352894930098
790	51	1.2989996917251994
800	51	1.3509266479242803
810	51	1.3984928635227782
820	51	1.4133532347703925
830	51	1.3442963798651155
840	51	1.17633835046392
850	51	0.9774456626203094
860	51	0.8085360420941944
870	51	0.6808924147298228
0	52	80182.83536211659
10	52	5.263105009460641
20	52	2.727245070629633
30	52	1.921753586959799
40	52	1.5468185465487112
50	52	1.3425963761576978
60	52	1.2210174646437706
70	52	1.1451455159448944
80	52	1.0967238385862754
90	52	1.0648571162996232
100	52	1.043709561768779
110	52	1.0294944811409759
120	52	1.0200697614480843
130	52	1.0135508798295976
140	52	1.0092040618491676
150	52	1.0062791427985485
160	52	1.0042609179329114
170	52	1.002916048074707
180	52	1.0019828469522294
190	52	1.0013282642106152
200	52	1.000919497019866
210	52	1.0006263247989282
220	52	1.0004196946768944
230	52	1.0002978617105336
240	52	1.0002072725500502
250	52	1.0001453357245231
260	52	1.0001038561149203
270	52	1.0000842988428724
280	52	1.0000625866978958
290	52	1.000054327058214
300	52	1.0000497969997115
310	52	1.000051649570596
320	52	1.0000551796657222
330	52	1.0000609547118302
340	52	1.0000720679206523
350	52	1.0000838707404027
360	52	1.00010144762194
370	52	1.00012037175932
380	52	1.0001454151703428
390	52	1.0001764323074658
400	52	1.0002128304524938
410	52	1.000258094751694
420	52	1.000312307407753
430	52	1.0003785105118608
440	52	1.0004586119305436
450	52	1.0005558247617545
460	52	1.0006735510641447
470	52	1.0008162958786413
480	52	1.0009892212133986
490	52	1.0011987190297054
500	52	1.0014525219358945
510	52	1.0017600067637424
520	52	1.0021324501912328
530	52	1.0025834664518047
540	52	1.0031296713207942
550	52	1.0037909077190499
560	52	1.0045912349437542
570	52	1.005559630093898
580	52	1.0067310244345078
590	52	1.0081473561845398
600	52	1.0098590012473287
610	52	1.0119263424776788
620	52	1.0144215480785972
630	52	1.017430747090261
640	52	1.0210563228428884
650	52	1.0254196903907686
660	52	1.0306642566380757
670	52	1.0369587962008464
680	52	1.044501135875603
690	52	1.0535222887436027
700	52	1.0642911617450341
710	52	1.0771200734819604
720	52	1.0923715402619176
730	52	1.1104669025641607
740	52	1.131897152696216
750	52	1.1572348814500961
760	52	1.1871398761518608
770	52	1.2223238301109425
780	52	1.2633150540389053
790	52	1.3095258331982178
800	52	1.358219355151725
810	52	1.3958457503046633
820	52	1.3891750927369904
830	52	1.293986873766259
840	52	1.1191597134063842
850	52	0.9330308247994811
860	52	0.7793758062752063
870	52	0.6627704781644923
0	53	51432.61986140101
10	53	5.362998398073307
20	53	2.7741183862934866
30	53	1.9514389890306783
40	53	1.5676697935268822
50	53	1.357327508439884
60	53	1.2318654914783338
70	53	1.1534491033618814
80	53	1.1028155430136655
90	53	1.0694099263007006
100	53	1.0469681610044872
110	53	1.0320463808207894
120	53	1.0218350653274841
130	53	1.0149453111047793
140	53	1.0102110189518492
150	53	1.0070158740206339
160	53	1.0048031246626674
170	53	1.0032754685077074
180	53	1.0022618451722909
190	53	1.0015307663203867
200	53	1.0010598237917425
210	53	1.000731082641342
220	53	1.0005059816814605
230	53	1.000351932136093
240	53	1.0002441497638614
250	53	1.0001759582924235
260	53	1.00012999353658
270	53	1.0000971272410695
280	53	1.000078715569422
290	53	1.0000669793673
300	53	1.000064867436165
310	53	1.0000638279064558
320	53	1.000068707445597
330	53	1.000077361136135
340	53	1.0000896375095687
350	53	1.0001054367435254
360	53	1.0001244991910094
370	53	1.0001496355000583
380	53	1.000179818961074
390	53	1.0002163857715258
400	53	1.000260936282175
410	53	1.0003149803088365
420	53	1.0003798569646865
430	53	1.000458603835554
440	53	1.000553767664337
450	53	1.0006685373214121
460	53	1.0008072478358137
470	53	1.00097471103726
480	53	1.0011768401242702
490	53	1.001420839882795
500	53	1.0017153502593508
510	53	1.0020708275725723
520	53	1.0024996999146902
530	53	1.0030171889651602
540	53	1.0036413970043285
550	53	1.004394156946962
560	53	1.005301705197041
570	53	1.0063954797402659
580	53	1.0077132018379984
590	53	1.009299912723786
600	53	1.0112094406915912
610	53	1.013505915710924
620	53	1.0162655531836675
630	53	1.0195786559909485
640	53	1.0235519040446552
650	53	1.0283108678762929
660	53	1.0340027378480467
670	53	1.0407993691077146
680	53	1.0489005530418638
690	53	1.0585376567498554
700	53	1.0699777543051354
710	53	1.083528497963471
720	53	1.0995441192679238
730	53	1.1184328864653055
740	53	1.1406656321393702
750	53	1.166782027452334
760	53	1.1973802983174977
770	53	1.2330322496179045
780	53	1.2738973837912642
790	53	1.3185649264175103
800	53	1.3624931868876804
810	53	1.387618139370227
820	53	1.3580418953125877
830	53	1.241691975580916
840	53	1.0662669026838583
850	53	0.8935273716343204
860	53	0.7534275024313156
870	53	0.6464399077422993
0	54	36333.49522792137
10	54	5.460741447880267
20	54	2.8224583300547312
30	54	1.9814810688367597
40	54	1.5883124338824213
50	54	1.3722814139668174
60	54	1.2430683926867565
70	54	1.1617218014574884
80	54	1.1090204557765897
90	54	1.0739542029568498
100	54	1.0504619680824687
110	54	1.0346264857566336
120	54	1.0237876163864972
130	54	1.0163714139399926
140	54	1.0112610541006746
150	54	1.007773587385146
160	54	1.0053503187696695
170	54	1.0037094361750314
180	54	1.0025605753520646
190	54	1.0017575938079466
200	54	1.0012274333675408
210	54	1.0008505893360033
220	54	1.0005869590716192
230	54	1.000416247776994
240	54	1.000286849720742
250	54	1.0002124737263667
260	54	1.000157134498925
270	54	1.0001205603710186
280	54	1.0000952814401014
290	54	1.0000843902304601
300	54	1.0000792602657493
310	54	1.0000801309261664
320	54	1.0000863108424949
330	54	1.000095509263469
340	54	1.0001114183541526
350	54	1.0001303047821264
360	54	1.0001543587827602
370	54	1.0001842509747505
380	54	1.0002198323455493
390	54	1.000264081901507
400	54	1.0003173765401727
410	54	1.0003814999274099
420	54	1.0004587414715813
430	54	1.0005519883204215
440	54	1.0006638483190493
450	54	1.000798817164241
460	54	1.0009611287511875
470	54	1.001156272356518
480	54	1.0013910782416335
490	54	1.001673624289878
500	54	1.0020133180701623
510	54	1.0024218231861943
520	54	1.0029129626253501
530	54	1.0035033014546044
540	54	1.0042127567052341
550	54	1.005065097743298
560	54	1.0060887658813005
570	54	1.0073177035265786
580	54	1.00879236780198
590	54	1.0105609341109387
600	54	1.0126805330240904
610	54	1.0152188862962526
620	54	1.0182559582149617
630	54	1.0218858798621702
640	54	1.0262190731167418
650	54	1.0313845270021795
660	54	1.0375323017877074
670	54	1.0448361735918557
680	54	1.0534964896035701
690	54	1.0637433259645215
700	54	1.0758400412979172
710	54	1.0900875156436818
720	54	1.1068292895964784
730	54	1.1264575434546542
740	54	1.14941841093733
750	54	1.1762100143459056
760	54	1.2073490524167525
770	54	1.2432164761571871
780	54	1.2834951968437784
790	54	1.325821908463576
800	54	1.3631964958307425
810	54	1.3734449307955874
820	54	1.3211239684461713
830	54	1.1894034017331745
840	54	1.0179019342112465
850	54	0.8583347217274397
860	54	0.7302259087886531
870	54	0.6316573426111146
0	55	-126339.68266825972
10	55	5.560363847416976
20	55	2.8703574275627504
30	55	2.0115335554669724
40	55	1.6091713680966102
50	55	1.3875260930685005
60	55	1.2544397294025857
70	55	1.17029541466819
80	55	1.1153902417806592
90	55	1.0787756530030619
100	55	1.0541411210392897
110	55	1.0373117842870225
120	55	1.0257849485022525
130	55	1.0178742699953485
140	55	1.0123792072077837
150	55	1.00860572039867
160	55	1.0059717298392092
170	55	1.004153604580302
180	55	1.0028822527936065
190	55	1.0020110694551385
200	55	1.0014043792450713
210	55	1.0009828266260743
220	55	1.0006829948901526
230	55	1.000482851371129
240	55	1.0003456765040293
250	55	1.0002514710382997
260	55	1.000185383343364
270	55	1.0001452232967172
280	55	1.000119141964576
290	55	1.000105352519516
300	55	1.0000992046587396
310	55	1.0000997594855998
320	55	1.0001070028173271
330	55	1.0001196215541461
340	55	1.000137283041066
350	55	1.000160054995079
360	55	1.0001888862730877
370	55	1.0002243029001374
380	55	1.0002678047613163
390	55	1.0003200403521695
400	55	1.0003831967037793
410	55	1.0004591367090125
420	55	1.0005501840206068
430	55	1.0006595957131024
440	55	1.0007907841137402
450	55	1.0009481791526156
460	55	1.001136901200513
470	55	1.0013631940622416
480	55	1.0016345274427514
490	55	1.0019596080318605
500	55	1.0023492904156561
510	55	1.0028161697743045
520	55	1.0033754879693357
530	55	1.0040454166259773
540	55	1.0048475142445759
550	55	1.0058076277971504
560	55	1.0069564135560403
570	55	1.0083302922829225
580	55	1.009972473203631
590	55	1.0119340994247203
600	55	1.0142755199058437
610	55	1.0170678104889102
620	55	1.0203943538477567
630	55	1.0243526452416591
640	55	1.0290562379612023
650	55	1.0346367699401837
660	55	1.0412461638071773
670	55	1.04905891371468
680	55	1.0582745168061791
690	55	1.0691201264256724
700	55	1.0818535876575293
710	55	1.0967669823911264
720	55	1.114190782481974
730	55	1.1344978784467965
740	55	1.1581043296618623
750	55	1.1854556060562231
760	55	1.216960480595912
770	55	1.2527452080998445
780	55	1.2919025786574574
790	55	1.3309421213997668
800	55	1.359807451991525
810	55	1.3532993273991403
820	55	1.2799512756037232
830	55	1.1386196807858113
840	55	0.9739864791431859
850	55	0.8269017315225382
860	55	0.709384522325287
870	55	0.6182205521417494
0	56	71149.18764195046
10	56	5.659053716040488
20	56	2.917787366145448
30	56	2.041822288871187
40	56	1.6303852630920785
50	56	1.4028949222941822
60	56	1.2658091926586676
70	56	1.1788131408878195
80	56	1.1218696931552672
90	56	1.083743014740866
100	56	1.0578675171222516
110	56	1.040161403304871
120	56	1.02792938588681
130	56	1.0194501529785107
140	56	1.013580081696143
150	56	1.0094867732251231
160	56	1.0066324643849571
170	56	1.004630789422902
180	56	1.0032417948334964
190	56	1.0022736838624324
200	56	1.0015955035885646
210	56	1.0011253354015004
220	56	1.000791926499081
230	56	1.0005633982963875
240	56	1.0004052910349712
250	56	1.0002977765298764
260	56	1.0002240522718309
270	56	1.0001749255205457
280	56	1.0001445823958064
290	56	1.0001281841822225
300	56	1.0001217177902462
310	56	1.0001227555385164
320	56	1.000131699463917
330	56	1.000146198229613
340	56	1.0001683466307918
350	56	1.0001951532287012
360	56	1.000229594086098
370	56	1.0002720874336293
380	56	1.000323412412278
390	56	1.0003852468452827
400	56	1.0004596231424245
410	56	1.00054882802043
420	56	1.000655538845326
430	56	1.000783375415641
440	56	1.0009361283834008
450	56	1.0011187469422196
460	56	1.0013369230115494
470	56	1.0015977474783264
480	56	1.0019093344631806
490	56	1.0022815441533426
500	56	1.0027261187056566
510	56	1.00325692545275
520	56	1.0038906369199072
530	56	1.0046469619886416
540	56	1.005549309090494
550	56	1.0066255033755092
560	56	1.0079084170433599
570	56	1.0094369559734135
580	56	1.0112570077660412
590	56	1.0134225440296243
600	56	1.015996968654767
610	56	1.0190544061371576
620	56	1.0226812819945832
630	56	1.0269779495537754
640	56	1.0320604023283526
650	56	1.0380620840566306
660	56	1.0451357558303247
670	56	1.053455404849872
680	56	1.063218272366759
690	56	1.074647035441202
700	56	1.0879922891400733
710	56	1.103535375284169
720	56	1.1215912817825753
730	56	1.142510019757373
740	56	1.1666709445776247
750	56	1.1944524154334406
760	56	1.2261209817159222
770	56	1.2614720879813455
780	56	1.2988903701516168
790	56	1.333508811463544
800	56	1.3518986528833716
810	56	1.327733633380953
820	56	1.2361744035199878
830	56	1.0903369582316425
840	56	0.9342615695120667
850	56	0.798739209072551
860	56	0.6905813976376484
870	56	0.6059603138219863
0	57	111340.42121374806
10	57	5.757970410880701
20	57	2.9660887630859203
30	57	2.072029398913938
40	57	1.6515473368409883
50	57	1.418400097385176
60	57	1.2774203718097115
70	57	1.1876044189397121
80	57	1.1285086101643118
90	57	1.0888192880871472
100	57	1.0617198395694212
110	57	1.0430807270935305
120	57	1.0301312890245138
130	57	1.0211181871610457
140	57	1.0148270769107859
150	57	1.010414453834879
160	57	1.0073280760036865
170	57	1.0051548565802608
180	57	1.0036350845773008
190	57	1.0025656897074273
200	57	1.0018102582365431
210	57	1.0012826960291492
220	57	1.0009107316972896
230	57	1.0006540232082455
240	57	1.000472840493435
250	57	1.0003501548867404
260	57	1.0002655907400289
270	57	1.0002104368406461
280	57	1.0001751146902766
290	57	1.0001554091580138
300	57	1.0001480955440598
310	57	1.000150849461716
320	57	1.000161495690426
330	57	1.0001788080807124
340	57	1.0002039786451582
350	57	1.0002365679589351
360	57	1.0002772165349294
370	57	1.0003273217612711
380	57	1.0003880194544186
390	57	1.000460716374425
400	57	1.0005478160367713
410	57	1.0006520839254316
420	57	1.0007763610584723
430	57	1.000924683248858
440	57	1.0011015664549734
450	57	1.00131229991631
460	57	1.0015632711839177
470	57	1.001862282970722
480	57	1.0022182540196478
490	57	1.0026421601449016
500	57	1.0031467344950178
510	57	1.0037472091111599
520	57	1.0044616578978018
530	57	1.0053113897962798
540	57	1.0063216528341752
550	57	1.007522235679327
560	57	1.0089482647982455
570	57	1.010641028931529
580	57	1.0126489781018306
590	57	1.015028820562991
600	57	1.0178466920912363
610	57	1.0211794896685524
620	57	1.0251162240694378
630	57	1.0297595289425032
640	57	1.0352271226702745
650	57	1.0416533649201136
660	57	1.049190793439385
670	57	1.058011684152116
680	57	1.0683096586619798
690	57	1.0803014230287884
700	57	1.0942286817230877
710	57	1.1103601254883069
720	57	1.128992701084714
730	57	1.150449314804655
740	57	1.175064211306417
750	57	1.2031298373102466
760	57	1.2347271480797066
770	57	1.2692343597845908
780	57	1.3041996178443074
790	57	1.3330678024083953
800	57	1.3392091082321995
810	57	1.2969233374829847
820	57	1.1913446703991917
830	57	1.0451234345683225
840	57	0.8983818135367956
850	57	0.7734210720089891
860	57	0.6735473589926905
870	57	0.5947340859369435
0	58	133384.3684017104
10	58	5.857124270207573
20	58	3.0139035946977715
30	58	2.102758221537902
40	58	1.6728836727581078
50	58	1.4340522077554323
60	58	1.2892010089586399
70	58	1.19652996392739
80	58	1.1353513611235955
90	58	1.0939995032495997
100	58	1.0657097345543816
110	58	1.0461078173820202
120	58	1.0324310202348965
130	58	1.0228671716027633
140	58	1.0161465293645766
150	58	1.011409301097758
160	58	1.008080266352787
170	58	1.0057196905581849
180	58	1.004052081397844
190	58	1.0028757931022911
200	58	1.0020467228801884
210	58	1.0014581609844928
220	58	1.001044780214244
230	58	1.0007525028053619
240	58	1.0005491654992413
250	58	1.000409453278432
260	58	1.0003133378716818
270	58	1.0002496936312542
280	58	1.0002098413609202
290	58	1.0001880862161316
300	58	1.0001798676470035
310	58	1.0001830537145195
320	58	1.0001954689970205
330	58	1.0002162572516635
340	58	1.0002463674285271
350	58	1.0002847934108563
360	58	1.0003330790474123
370	58	1.0003916686844971
380	58	1.0004625835147376
390	58	1.0005476178920205
400	58	1.000649123372989
410	58	1.0007702588856162
420	58	1.0009141821794334
430	58	1.0010856208337748
440	58	1.0012890819371596
450	58	1.0015309078031447
460	58	1.001818046497517
470	58	1.0021589811911658
480	58	1.0025637599627144
490	58	1.0030441092532376
500	58	1.0036140489691607
510	58	1.0042900905600416
520	58	1.0050917301182993
530	58	1.0060419760272075
540	58	1.007167833700786
550	58	1.0085011288930312
560	58	1.0100791200603696
570	58	1.0119454119531586
580	58	1.0141508962310801
590	58	1.016754775801333
600	58	1.0198256970318
610	58	1.023442898080121
620	58	1.027697518232757
630	58	1.032693829171137
640	58	1.0385505121399108
650	58	1.0454019365252525
660	58	1.0533993627637364
670	58	1.062712162507612
680	58	1.0735290405364246
690	58	1.0860593199256154
700	58	1.100534241580624
710	58	1.1172079110510522
720	58	1.1363563733161652
730	58	1.1582702682621902
740	58	1.1832279372629713
750	58	1.211411722438073
760	58	1.2426639849887078
770	58	1.2758513276155756
780	58	1.3075371685821953
790	58	1.329179761175127
800	58	1.3217077674265159
810	58	1.2624521954535917
820	58	1.146765034858255
830	58	1.003224140300055
840	58	0.8659738975383767
850	58	0.7505800950651108
860	58	0.6580563587415353
870	58	0.5844210450311467
0	59	109739.04204002701
10	59	5.956328694062329
20	59	3.0621410514747804
30	59	2.1332400692076927
40	59	1.6943591124775523
50	59	1.4497907396257477
60	59	1.3010396336576402
70	59	1.205581736488315
80	59	1.1422699943368646
90	59	1.0993397792729809
100	59	1.0697831952520709
110	59	1.0492241157365172
120	59	1.034836868514779
130	59	1.0247013015702509
140	59	1.017534745977805
150	59	1.0124670115355376
160	59	1.0088737214424257
170	59	1.0063201934427228
180	59	1.0045087477737722
190	59	1.0032201634161921
200	59	1.0023020993709897
210	59	1.0016527868524332
220	59	1.001189876615365
230	59	1.000866098949226
240	59	1.000637047494831
250	59	1.00047777925891
260	59	1.0003682739937625
270	59	1.0002956094039985
280	59	1.000251260925828
290	59	1.0002255043786763
300	59	1.0002168711800432
310	59	1.0002207204798335
320	59	1.000235279864688
330	59	1.0002606587619132
340	59	1.0002957226529618
350	59	1.0003408362941753
360	59	1.0003971970566596
370	59	1.000465775475891
380	59	1.0005483422189194
390	59	1.0006471396599812
400	59	1.0007647756810367
410	59	1.0009046875180718
420	59	1.0010705755786133
430	59	1.0012673429818322
440	59	1.0015004923755102
450	59	1.001776585218445
460	59	1.0021034981103816
470	59	1.0024904518944928
480	59	1.0029484029804765
490	59	1.0034901748468579
500	59	1.0041309360745385
510	59	1.0048885351957944
520	59	1.005783974178811
530	59	1.0068418424724621
540	59	1.0080910082590029
550	59	1.0095651938619843
560	59	1.0113037750408314
570	59	1.0133525473921103
580	59	1.0157646646131449
590	59	1.0186015944438394
600	59	1.0219341292597273
610	59	1.0258434854324066
620	59	1.030422354525587
630	59	1.0357759979058048
640	59	1.0420232751506873
650	59	1.0492976343939817
660	59	1.057748030647912
670	59	1.0675397925661156
680	59	1.0788554767466794
690	59	1.0918956878799102
700	59	1.1068796704944497
710	59	1.1240448888664134
720	59	1.1436431427075082
730	59	1.1659263197950864
740	59	1.191102994945185
750	59	1.2192148702172552
760	59	1.2498033542512255
770	59	1.281122427338282
780	59	1.3085799745441697
790	59	1.321488377490569
800	59	1.2996299637712292
810	59	1.225300857058646
820	59	1.1034248543772485
830	59	0.9646620914928198
840	59	0.8366702460425246
850	59	0.729901492094133
860	59	0.6439176657288659
870	59	0.5749181665355667
0	60	132424.63895980938
10	60	6.055358348836852
20	60	3.1102982352039894
30	60	2.1639615782745856
40	60	1.715931869759607
50	60	1.4657133017893014
60	60	1.3130096344088917
70	60	1.2147666053871413
80	60	1.149347340267797
90	60	1.1048007885837308
100	60	1.0739962472587823
110	60	1.0524718399270288
120	60	1.0373178661694185
130	60	1.026604698160658
140	60	1.0189926773476818
150	60	1.0135769957808802
160	60	1.009718368900115
170	60	1.006965203452285
180	60	1.0049919336080355
190	60	1.0035854660641712
200	60	1.0025816182757312
210	60	1.0018633283022436
220	60	1.001352989840306
230	60	1.0009886841148343
240	60	1.0007337249540036
250	60	1.0005538859027847
260	60	1.0004311483568178
270	60	1.000350038192372
280	60	1.000297330765592
290	60	1.0002703392426437
300	60	1.000259781389341
310	60	1.0002645687944747
320	60	1.0002823142511745
330	60	1.0003116583241836
340	60	1.0003524720289163
350	60	1.000405550868872
360	60	1.0004710795393326
370	60	1.0005506929674188
380	60	1.0006462646650853
390	60	1.0007605656363987
400	60	1.0008961346051228
410	60	1.001056883970605
420	60	1.001247088486597
430	60	1.0014719946799435
440	60	1.0017376935981637
450	60	1.0020514724675886
460	60	1.0024218984560598
470	60	1.0028590036763518
480	60	1.0033747334313745
490	60	1.0039829948931334
500	60	1.004700185801015
510	60	1.0055454549509664
520	60	1.006541298444122
530	60	1.0077139408045586
540	60	1.0090940119002696
550	60	1.0107171181353811
560	60	1.012624608720477
570	60	1.01486435109388
580	60	1.0174915518407341
590	60	1.0205696471559231
600	60	1.0241712529912963
610	60	1.0283790561580994
620	60	1.0332867470006446
630	60	1.0389998964426859
640	60	1.0456367344986708
650	60	1.0533288884571717
660	60	1.0622219944943052
670	60	1.0724762624878537
680	60	1.0842669547805264
690	60	1.0977846846988926
700	60	1.1132351411624897
710	60	1.1308368615674176
720	60	1.1508133274172718
730	60	1.1733694355726916
740	60	1.19862632055018
750	60	1.2264474649028105
760	60	1.2560026979462733
770	60	1.2848257135508057
780	60	1.3069934555493368
790	60	1.3097860258264704
800	60	1.2734727401642338
810	60	1.1866412568616205
820	60	1.062002376282906
830	60	0.9293206390454064
840	60	0.8101266613332493
850	60	0.7111160151884106
860	60	0.6309695584758044
870	60	0.5661371078031352
0	61	200600.1025167012
10	61	6.1543858077151885
20	61	3.158362226341755
30	61	2.194673083456866
40	61	1.7375386696652646
50	61	1.4817307779092832
60	61	1.3251672750115033
70	61	1.2240887289907632
80	61	1.1565407728389125
90	61	1.1103744111300897
100	61	1.078308697259375
110	61	1.055817189482565
120	61	1.0399041670932763
130	61	1.0285928777789073
140	61	1.0205221166045617
150	61	1.0147522752029399
160	61	1.0106159535015196
170	61	1.0076463488349554
180	61	1.0055115335215266
190	61	1.0039810819370516
200	61	1.0028839125078772
210	61	1.0020937725476788
220	61	1.0015306222691256
230	61	1.0011253360671786
240	61	1.0008413843710968
250	61	1.0006397663510664
260	61	1.00050235595492
270	61	1.0004097584245912
280	61	1.000351763202022
290	61	1.000320699736633
300	61	1.0003090138600415
310	61	1.0003153138639034
320	61	1.0003361195515508
330	61	1.0003706602131648
340	61	1.0004184635466236
350	61	1.0004796086913939
360	61	1.0005554635025313
370	61	1.0006475170855922
380	61	1.0007577474505402
390	61	1.000889049296067
400	61	1.0010445858274601
410	61	1.0012284393731
420	61	1.0014454889465096
430	61	1.0017013063035853
440	61	1.0020027293617715
450	61	1.0023576446985165
460	61	1.0027754467382812
470	61	1.0032670337122591
480	61	1.0038452945550584
490	61	1.0045252754009661
500	61	1.0053245306969887
510	61	1.006263638444812
520	61	1.0073665012341602
530	61	1.0086609877081527
540	61	1.0101794078920245
550	61	1.0119591815746407
560	61	1.0140435274864072
570	61	1.016482170957213
580	61	1.0193321406911644
590	61	1.0226585384386784
600	61	1.0265353857069486
610	61	1.0310463594268036
620	61	1.0362855532338648
630	61	1.0423581376893356
640	61	1.0493809251893331
650	61	1.0574828330065544
660	61	1.066805232483314
670	61	1.0775022076872043
680	61	1.089740636050409
690	61	1.10369990871585
700	61	1.119570504307304
710	61	1.1375493559929846
720	61	1.1578265529013172
730	61	1.1805495120552982
740	61	1.2057297370251356
750	61	1.2330075898574333
760	61	1.2611040729933154
770	61	1.2867189785866011
780	61	1.302464498501348
790	61	1.2940594939078844
800	61	1.2439466591318482
810	61	1.1475330493679348
820	61	1.022907680298057
830	61	0.8970039258973013
840	61	0.7860301935747874
850	61	0.6939933847925116
860	61	0.6190742370264541
870	61	0.5580017130261187
0	62	185180.9035016181
10	62	6.253410806418642
20	62	3.2067393287355297
30	62	2.225504603791293
40	62	1.759300021429496
50	62	1.4978421150768146
60	62	1.3374211732558865
70	62	1.2335190254989525
80	62	1.1638749938441746
90	62	1.1160626041733588
100	62	1.0827417362812486
110	62	1.0592603771063656
120	62	1.0425758874839592
130	62	1.0306618329769803
140	62	1.0221220826851727
150	62	1.0159830167148614
160	62	1.0115589450752347
170	62	1.0083681361056365
180	62	1.0060683554740422
190	62	1.0044080495160217
200	62	1.003209847467928
210	62	1.0023438804187017
220	62	1.001723662107599
230	62	1.0012772105380818
240	62	1.0009602990100543
250	62	1.0007363730890657
260	62	1.0005817942050408
270	62	1.000478794706319
280	62	1.0004136181332701
290	62	1.0003781308130095
300	62	1.0003662824099302
310	62	1.000373963015372
320	62	1.0003985177368526
330	62	1.0004383464297995
340	62	1.0004935465076166
350	62	1.0005643493720089
360	62	1.0006517121408598
370	62	1.0007574816016105
380	62	1.000883964370261
390	62	1.0010341486199794
400	62	1.0012116329066911
410	62	1.0014210460863355
420	62	1.0016674273723902
430	62	1.0019571576529807
440	62	1.0022975502264913
450	62	1.0026972559183351
460	62	1.0031664423059836
470	62	1.0037169141412001
480	62	1.0043625680002444
490	62	1.0051195107163282
500	62	1.0060066024113632
510	62	1.0070456856090444
520	62	1.008262160380952
530	62	1.0096854281052472
540	62	1.0113494301280659
550	62	1.013293297943711
560	62	1.0155619282563935
570	62	1.0182067427077894
580	62	1.0212862909644378
590	62	1.0248670194600933
600	62	1.0290239015118192
610	62	1.033841093584778
620	62	1.0394124812872416
630	62	1.0458421370372974
640	62	1.053244671380242
650	62	1.0617454512713913
660	62	1.071480693967255
670	62	1.082597412834342
680	62	1.0952530838058274
690	62	1.1096146108118154
700	62	1.125855420688249
710	62	1.144147601418549
720	62	1.1646414379914136
730	62	1.1874136091025844
740	62	1.2123386735513972
750	62	1.2387819699865392
760	62	1.2649337244233976
770	62	1.2865465476766507
780	62	1.2947436733578883
790	62	1.2745053505552584
800	62	1.211895357557683
810	62	1.1088523673371051
820	62	0.9863414234829936
830	62	0.8674781207259475
840	62	0.7641013578871724
850	62	0.6783363932725963
860	62	0.6081137138413469
870	62	0.5504460019798821
0	63	148530.89096565527
10	63	6.3526355702670365
20	63	3.2550667816359984
30	63	2.2563826602350847
40	63	1.7811680614204524
50	63	1.5140698493908242
60	63	1.3497917665953523
70	63	1.243083763580192
80	63	1.171306216349203
90	63	1.1218763298559102
100	63	1.0872848966237887
110	63	1.0628041478842223
120	63	1.0453384504881829
130	63	1.0328092858800144
140	63	1.0237908983519308
150	63	1.0172738731281978
160	63	1.012557963857436
170	63	1.0091391813026946
180	63	1.0066610410471388
190	63	1.0048647604015633
200	63	1.0035610191837687
210	63	1.0026169830861311
220	63	1.001934644023656
230	63	1.0014434000195418
240	63	1.0010928261001362
250	63	1.000844230344364
260	63	1.0006723855782618
270	63	1.0005560190284188
280	63	1.000483740385929
290	63	1.0004444079314176
300	63	1.0004315962642887
310	63	1.000440910365883
320	63	1.0004693440857648
330	63	1.0005156250116574
340	63	1.000579208049751
350	63	1.0006605655555163
360	63	1.0007607949562118
370	63	1.0008817810563233
380	63	1.0010262363270626
390	63	1.0011972074612605
400	63	1.0013989327078445
410	63	1.0016361536235883
420	63	1.0019147001854507
430	63	1.0022413819446765
440	63	1.0026241501887387
450	63	1.0030724037975594
460	63	1.0035970871147573
470	63	1.0042109852770265
480	63	1.0049289397625107
490	63	1.0057682223079543
500	63	1.006748863043402
510	63	1.0078940613759884
520	63	1.009230620978773
530	63	1.0107894144799003
540	63	1.0126059391589213
550	63	1.0147208781990245
560	63	1.0171806757730109
570	63	1.020038157032838
580	63	1.0233531313381328
590	63	1.0271929870872303
600	63	1.0316332206104706
610	63	1.0367579174750354
620	63	1.0426601423510058
630	63	1.0494421841292927
640	63	1.0572157016570696
650	63	1.0661017209495862
660	63	1.0762304754873042
670	63	1.0877410367255287
680	63	1.1007804708388451
690	63	1.1155018650522923
700	63	1.1320594371715305
710	63	1.1505963963977777
720	63	1.1712151338921828
730	63	1.193905028144317
740	63	1.2183708830328213
750	63	1.243645078108419
760	63	1.2673028976351683
770	63	1.2840541102668135
780	63	1.283687042735728
790	63	1.2515136498525903
800	63	1.1782031330472427
810	63	1.0712655375802769
820	63	0.9523530686962071
830	63	0.8404978785297297
840	63	0.7440932698721077
850	63	0.6639757831802154
860	63	0.5979864851361161
870	63	0.5434125391951012
0	64	227602.7956462315
10	64	6.451830481098787
20	64	3.3034398074744282
30	64	2.2873183938900774
40	64	1.803095615949232
50	64	1.5304129220624219
60	64	1.36226767598779
70	64	1.2527612273131163
80	64	1.178856884379584
90	64	1.1277976806971244
100	64	1.0919296108426537
110	64	1.0664427259702534
120	64	1.0481881193563405
130	64	1.0350373815162919
140	64	1.025526392606263
150	64	1.018623341181481
160	64	1.0136019204375752
170	64	1.0099514386326653
180	64	1.0072903027456592
190	64	1.0053515028723767
200	64	1.0039387242974191
210	64	1.002911548809622
220	64	1.0021654912949143
230	64	1.0016256988286811
240	64	1.001238513895826
250	64	1.0009640027427575
260	64	1.0007720804914486
270	64	1.000643672942224
280	64	1.0005628567692242
290	64	1.0005193720389116
300	64	1.000506032863477
310	64	1.0005170703404365
320	64	1.0005503741205908
330	64	1.0006035159346676
340	64	1.0006764357229552
350	64	1.0007694161074474
360	64	1.0008837982261256
370	64	1.001021581372549
380	64	1.001185748638631
390	64	1.0013796604294474
400	64	1.0016078667977018
410	64	1.0018755910887909
420	64	1.0021891525480973
430	64	1.002555930876384
440	64	1.0029845839379532
450	64	1.0034852360464717
460	64	1.0040696715793136
470	64	1.0047515621669543
480	64	1.0055467985633437
490	64	1.0064737599760742
500	64	1.0075536652564963
510	64	1.0088110134669321
520	64	1.0102739516282015
530	64	1.0119747655525761
540	64	1.0139503842577422
550	64	1.0162428813882836
560	64	1.0189000304327467
570	64	1.02197583201615
580	64	1.0255310025946929
590	64	1.0296334730643701
600	64	1.0343588021457735
610	64	1.0397904714943775
620	64	1.0460201001996237
630	64	1.0531475361834146
640	64	1.0612807784997176
650	64	1.0705357763679204
660	64	1.0810360171281033
670	64	1.0929117994622386
680	64	1.1062987655451222
690	64	1.1213346885453264
700	64	1.1381519632839587
710	64	1.1568598656329534
720	64	1.1775027216613154
730	64	1.1999622829338814
740	64	1.223735280674429
750	64	1.2474587913990394
760	64	1.2680111417323796
770	64	1.279011619108746
780	64	1.2692873644811415
790	64	1.2256263356959258
800	64	1.1437113482239556
810	64	1.0352368800119585
820	64	0.920890447746633
830	64	0.8158223144871976
840	64	0.7257892476212295
850	64	0.6507658817096199
860	64	0.5886048253659294
870	64	0.5368511028895921
0	65	250421.80798655812
10	65	6.550988580990069
20	65	3.3518863122961715
30	65	2.318357777527367
40	65	1.8251207181918312
50	65	1.5468489961155605
60	65	1.374862728268248
70	65	1.2625493378676058
80	65	1.186527502017322
90	65	1.133825432645173
100	65	1.09667020348526
110	65	1.0701804974023972
120	65	1.0511279695035778
130	65	1.0373434211660137
140	65	1.0273303604388893
150	65	1.0200343652949553
160	65	1.0147047079084333
170	65	1.0108094244992472
180	65	1.0079596957330716
190	65	1.0058712781755113
200	65	1.004344261496039
210	65	1.0032285089277597
220	65	1.0024146985625206
230	65	1.001824978271442
240	65	1.0013988637478581
250	65	1.0010956840208944
260	65	1.000884171420689
270	65	1.0007419727610163
280	65	1.0006525306787206
290	65	1.0006045505634598
300	65	1.0005902261556823
310	65	1.0006037552214493
320	65	1.0006420267728942
330	65	1.0007029718677953
340	65	1.0007862420760203
350	65	1.0008920811888578
360	65	1.001022076450892
370	65	1.0011783224142816
380	65	1.0013639820478046
390	65	1.0015829645816112
400	65	1.0018400358149806
410	65	1.0021409483994659
420	65	1.0024925009860246
430	65	1.002902666996307
440	65	1.0033808170024128
450	65	1.0039378257077014
460	65	1.0045862845855
470	65	1.0053408351161903
480	65	1.0062183484097944
490	65	1.0072383206019475
500	65	1.0084231469616491
510	65	1.0097985379593892
520	65	1.0113939365365887
530	65	1.0132429443035091
540	65	1.015383775812097
550	65	1.0178597269622203
560	65	1.020719674931801
570	65	1.024018480605309
580	65	1.027817444850422
590	65	1.0321846404493118
600	65	1.0371951879337789
610	65	1.0429314265153125
620	65	1.0494829519096203
630	65	1.0569465270331846
640	65	1.0654258381021793
650	65	1.0750310812214205
660	65	1.0858782879005866
670	65	1.0980881740070783
680	65	1.1117838745322375
690	65	1.1270860941992527
700	65	1.1441021702802237
710	65	1.1629010892733505
720	65	1.1834564816862412
730	65	1.2055180323800165
740	65	1.2283310453040872
750	65	1.2500729100611978
760	65	1.2668535860735943
770	65	1.2712412179266408
780	65	1.2516874228200494
790	65	1.1974809990879187
800	65	1.1091577504973518
810	65	1.0010564679590754
820	65	0.8918381794616862
830	65	0.793223929862125
840	65	0.7089997834939823
850	65	0.6385809193195624
860	65	0.5798925811705963
870	65	0.5307175926593857
0	66	236788.9915644317
10	66	6.650275811366091
20	66	3.4003534043528942
30	66	2.3494689885549116
40	66	1.84723941079956
50	66	1.563366662188499
60	66	1.3875586639349131
70	66	1.2724429319553194
80	66	1.194305431388928
90	66	1.1399645254351671
100	66	1.1015263283472294
110	66	1.074014371565581
120	66	1.0541512327529716
130	66	1.0397275670898225
140	66	1.0292051216199658
150	66	1.0215049427843674
160	66	1.0158576269996398
170	66	1.0117123793941036
180	66	1.008664693436056
190	66	1.006424239284956
200	66	1.0047775347447354
210	66	1.0035698654952587
220	66	1.002685984555247
230	66	1.0020412016720859
240	66	1.0015746801877128
250	66	1.001241451789417
260	66	1.0010086949892218
270	66	1.000851601808515
280	66	1.000753014553349
290	66	1.0007005028871154
300	66	1.0006853381299563
310	66	1.0007015282680842
320	66	1.0007454113536078
330	66	1.0008151363016955
340	66	1.0009095849356466
350	66	1.0010297220023114
360	66	1.0011767072771618
370	66	1.0013532026576033
380	66	1.0015624665915261
390	66	1.001808680050086
400	66	1.0020971647318686
410	66	1.0024339909416653
420	66	1.0028265606516749
430	66	1.0032835190749745
440	66	1.0038148618055922
450	66	1.0044322177713858
460	66	1.0051490535019199
470	66	1.0059809260239165
480	66	1.0069457122555783
490	66	1.0080639626285262
500	66	1.0093592183577598
510	66	1.0108583640427973
520	66	1.0125920358281348
530	66	1.0145950170635685
540	66	1.016906660697982
550	66	1.0195712947834308
560	66	1.0226386280216317
570	66	1.0261641066185838
580	66	1.0302092356623327
590	66	1.034841799314106
600	66	1.0401360185471815
610	66	1.0461725550781618
620	66	1.053038412935026
630	66	1.0608266841446137
640	66	1.0696361365512974
650	66	1.0795705917549117
660	66	1.0907379560153965
670	66	1.103248536699728
680	66	1.1172117401428108
690	66	1.132729080262572
700	66	1.149878789041253
710	66	1.1686816227654941
720	66	1.1890250654478625
730	66	1.2104980625235242
740	66	1.232052807743512
750	66	1.251327080586921
760	66	1.263633153591734
770	66	1.2606447807457248
780	66	1.2311730975023993
790	66	1.1677513306515765
800	66	1.0751434250773557
810	66	0.9688757321422581
820	66	0.8650455431106046
830	66	0.7724930033873337
840	66	0.6935593864473855
850	66	0.6273119458863943
860	66	0.571783361798577
870	66	0.5249731278090196
0	67	279004.1844739446
10	67	6.749517322855966
20	67	3.448894910488534
30	67	2.3806205927630697
40	67	1.8694286582677238
50	67	1.5799912956239774
60	67	1.4003529963662118
70	67	1.2824487406219987
80	67	1.2021946809095136
90	67	1.1462030842806747
100	67	1.1064762210227235
110	67	1.0779393433505706
120	67	1.0572618870959551
130	67	1.0421894281483572
140	67	1.0311490941027188
150	67	1.0230385514157112
160	67	1.0170668138869428
170	67	1.012662403183331
180	67	1.0094117228321797
190	67	1.0070119045709949
200	67	1.0052404733518225
210	67	1.0039363050514187
220	67	1.0029775684213091
230	67	1.0022756325987894
240	67	1.0017668276007425
250	67	1.001402342824149
260	67	1.001146465867231
270	67	1.0009737627944577
280	67	1.0008655910018716
290	67	1.0008082265935059
300	67	1.0007923748360155
310	67	1.0008117108496588
320	67	1.0008618452760198
330	67	1.000940878276825
340	67	1.0010479265908914
350	67	1.001183482816428
360	67	1.0013491316130263
370	67	1.0015476437606483
380	67	1.0017825097917876
390	67	1.0020583657126585
400	67	1.0023807570824683
410	67	1.0027564053458984
420	67	1.003193180746174
430	67	1.0037003600084293
440	67	1.004288627368414
450	67	1.004970400737701
460	67	1.0057599964513855
470	67	1.0066738590438842
480	67	1.0077308530007714
490	67	1.0089525519461235
500	67	1.010363584217452
510	67	1.0119919381237081
520	67	1.0138693391010447
530	67	1.0160316156932134
540	67	1.0185190864168052
550	67	1.0213768754989565
560	67	1.024655277024765
570	67	1.0284099912628524
580	67	1.0327023475846335
590	67	1.0375994335069583
600	67	1.0431740877099178
610	67	1.049504791057812
620	67	1.0566754234777902
630	67	1.0647748617008435
640	67	1.073896402625697
650	67	1.0841369233499034
660	67	1.0955955470044083
670	67	1.1083712879924343
680	67	1.1225583877610763
690	67	1.1382365408936805
700	67	1.1554498110229716
710	67	1.1741609096705212
720	67	1.194152615307965
730	67	1.2148204309411101
740	67	1.23476253585729
750	67	1.2510548582657683
760	67	1.2581773908072404
770	67	1.2472250045268451
780	67	1.2081486295774564
790	67	1.1370936371965972
800	67	1.0421243860190865
810	67	0.9387428031517843
820	67	0.8403456612373021
830	67	0.7534391813825035
840	67	0.6793235564251577
850	67	0.6168642537645206
860	67	0.5642190513939308
870	67	0.5195832990924348
0	68	277318.0620295492
10	68	6.848781730310337
20	68	3.4974494597599004
30	68	2.411846713639015
40	68	1.8917030686079812
50	68	1.596705172752321
60	68	1.4132501665223645
70	68	1.292554320747261
80	68	1.2101813742270533
90	68	1.1525516126519382
100	68	1.1115233428303462
110	68	1.081956734726728
120	68	1.0604593451720525
130	68	1.0447282037751198
140	68	1.0331628362472904
150	68	1.024632338652568
160	68	1.0183278521858243
170	68	1.0136586348899335
180	68	1.010197660567589
190	68	1.0076332349468842
200	68	1.0057342311381485
210	68	1.0043288067409026
220	68	1.0032913926750684
230	68	1.0025310850411602
240	68	1.001976627216565
250	68	1.0015784272386514
260	68	1.001298566626861
270	68	1.0011092798141428
280	68	1.000990857642425
290	68	1.0009285498353098
300	68	1.0009122241862638
310	68	1.000934982253031
320	68	1.00099225609496
330	68	1.00108153915876
340	68	1.001202204345744
350	68	1.001354656061567
360	68	1.0015407003973893
370	68	1.0017630916007443
380	68	1.002025698421612
390	68	1.0023335250336525
400	68	1.0026925360323176
410	68	1.0031099289614722
420	68	1.0035941363757415
430	68	1.0041550124617071
440	68	1.0048040246375292
450	68	1.0055542935926662
460	68	1.0064210151511415
470	68	1.007421474648547
480	68	1.0085755214528362
490	68	1.0099057087388308
500	68	1.011437661581972
510	68	1.0132003786294828
520	68	1.0152265620002299
530	68	1.0175529320834986
540	68	1.0202205766051724
550	68	1.0232751919055347
560	68	1.0267673544027935
570	68	1.03075269712113
580	68	1.0352920081206607
590	68	1.0404512424032284
600	68	1.0463014083768145
610	68	1.0529183241135582
620	68	1.0603822556263225
630	68	1.068777369548435
640	68	1.0781909884253988
650	68	1.088712500971917
660	68	1.100431578639924
670	68	1.1134349374200174
680	68	1.1277999120706503
690	68	1.1435810990114794
700	68	1.1607820975595498
710	68	1.179295605235879
720	68	1.1987778920946732
730	68	1.2183949096671032
740	68	1.2363472139148663
750	68	1.249090631312185
760	68	1.2503579296279492
770	68	1.231095329371497
780	68	1.1830999169319565
790	68	1.1061054512306423
800	68	1.0104207812569688
810	68	0.9106333065846139
820	68	0.8175680797714849
830	68	0.7358914145367992
840	68	0.6661660193361938
850	68	0.6071552276224008
860	68	0.5571485783755129
870	68	0.5145175447777505
0	69	320247.55250255484
10	69	6.94811246758261
20	69	3.5460502133665375
30	69	2.443130420404228
40	69	1.9140464471831071
50	69	1.6135064132667238
60	69	1.4262392732855709
70	69	1.3027580278148334
80	69	1.2182752587189558
90	69	1.1589973118436974
100	69	1.1166699874563333
110	69	1.0860661522474386
120	69	1.0637387430538343
130	69	1.0473421494466175
140	69	1.035244803436943
150	69	1.026288727915023
160	69	1.0196422462435433
170	69	1.0147020960178565
180	69	1.0110261852438929
190	69	1.0082919290169066
200	69	1.0062580008910968
210	69	1.00474751886784
220	69	1.0036301178299853
230	69	1.0028066780635452
240	69	1.0022050362447579
250	69	1.001771289144427
260	69	1.0014659267640316
270	69	1.0012593801702825
280	69	1.001130170302167
290	69	1.0010627459780503
300	69	1.0010460768557858
310	69	1.0010726127022391
320	69	1.0011375343885056
330	69	1.0012382257905712
340	69	1.0013737771516122
350	69	1.0015445952719313
360	69	1.001752607730131
370	69	1.002000885940994
380	69	1.0022935011802745
390	69	1.0026357705214493
400	69	1.0030341259617674
410	69	1.0034962320156406
420	69	1.0040311435627123
430	69	1.00464932191486
440	69	1.00536287845038
450	69	1.0061857432472279
460	69	1.0071338945556485
470	69	1.0082255269798561
480	69	1.009481338766644
490	69	1.0109248427218962
500	69	1.0125825879990826
510	69	1.0144844604335819
520	69	1.0166640086029428
530	69	1.0191586863893862
540	69	1.0220101230167111
550	69	1.0252643468178508
560	69	1.0289719271294402
570	69	1.0331880888053946
580	69	1.0379727012341164
590	69	1.0433901835434887
600	69	1.0495092764176084
610	69	1.0564026935557413
620	69	1.064146636024565
630	69	1.072820111911452
640	69	1.0825040092105433
650	69	1.0932796938056066
660	69	1.1052266581514012
670	69	1.1184181365771004
680	69	1.132912400176107
690	69	1.1487348601170952
700	69	1.1658408966222438
710	69	1.1840388501964692
720	69	1.2028334979527773
730	69	1.221122887116417
740	69	1.2366647038280743
750	69	1.245279716903092
760	69	1.2401092721842841
770	69	1.212476615494272
780	69	1.1565529958299512
790	69	1.0752987303497075
800	69	0.9802360587231861
810	69	0.88447507440223
820	69	0.7965465967104856
830	69	0.7196969782264999
840	69	0.6539762641121368
850	69	0.5981125489817003
860	69	0.5505268938699516
870	69	0.5097486271511319
0	70	353516.38545084797
10	70	7.047407416735377
20	70	3.594691807647109
30	70	2.4744651972728935
40	70	1.9364614718234223
50	70	1.6303877825493485
60	70	1.439320857668775
70	70	1.3130613653153642
80	70	1.2264628610073038
90	70	1.1655382568065706
100	70	1.1219077267232975
110	70	1.0902641257016958
120	70	1.0671005312371942
130	70	1.050033588382697
140	70	1.03739634391947
150	70	1.0280061745293418
160	70	1.0210118843407272
170	70	1.0157936026591508
180	70	1.0118974643448566
190	70	1.0089861243623754
200	70	1.006814136940094
210	70	1.0051953551940274
220	70	1.0039924283064738
230	70	1.0031037459891037
240	70	1.0024523518580855
250	70	1.0019817225939278
260	70	1.0016498810386676
270	70	1.00142501164617
280	70	1.0012845604056069
290	70	1.0012118609471206
300	70	1.0011949050081854
310	70	1.0012256944969091
320	70	1.001299191591007
330	70	1.0014121579560127
340	70	1.0015637885633273
350	70	1.001754513719213
360	70	1.0019863194817162
370	70	1.002262474638143
380	70	1.002587368492374
390	70	1.0029666225991192
400	70	1.003407138667715
410	70	1.0039170430156095
420	70	1.0045059672378298
430	70	1.0051849857920445
440	70	1.0059669295782916
450	70	1.0068664536842957
460	70	1.0079003087394678
470	70	1.0090875257609464
480	70	1.0104496744547369
490	70	1.0120110958774298
500	70	1.0137991686011134
510	70	1.0158445881344105
520	70	1.0181815678379522
530	70	1.0208481072585147
540	70	1.0238861790918767
550	70	1.027341856297008
560	70	1.0312654208874943
570	70	1.0357113485068423
580	70	1.0407382264527667
590	70	1.046408537612679
600	70	1.0527883605266426
610	70	1.059946892601927
620	70	1.0679558651431413
630	70	1.0768887220220318
640	70	1.0868194765999437
650	70	1.0978209272295523
660	70	1.1099615537917569
670	70	1.1232996675829734
680	70	1.1378717906747164
690	70	1.1536690852488545
700	70	1.1705892880231092
710	70	1.1883395285853735
720	70	1.20624529299879
730	70	1.2228979286366044
740	70	1.235573954926802
750	70	1.239491163470846
760	70	1.2274431719492496
770	70	1.1916814811964298
780	70	1.1290343393666575
790	70	1.0450872016579031
800	70	0.9516798574551513
810	70	0.8601668381264899
820	70	0.7771238087631953
830	70	0.704720037600797
840	70	0.6426573884225827
850	70	0.5896726948446955
860	70	0.5443141189986592
870	70	0.5052521923266902
0	71	358453.9115784806
10	71	7.1467562969264256
20	71	3.643385069171737
30	71	2.5058640038109647
40	71	1.9589453549207252
50	71	1.6473458222547517
60	71	1.4524887294104962
70	71	1.3234555108695154
80	71	1.234744431716682
90	71	1.172175395995691
100	71	1.1272386100990874
110	71	1.09454946475752
120	71	1.0705461367530122
130	71	1.052800877026923
140	71	1.0396162510464013
150	71	1.0297856839787791
160	71	1.0224368836363593
170	71	1.0169343574635459
180	71	1.0128103758995368
190	71	1.0097187276131967
200	71	1.0074030863924586
210	71	1.0056715930429982
220	71	1.004380675510462
230	71	1.00342375520497
240	71	1.0027203235503255
250	71	1.0022110857149147
260	71	1.001850949661184
270	71	1.0016070152636596
280	71	1.0014547661109283
290	71	1.0013766948865181
300	71	1.0013597225391195
310	71	1.001395528479773
320	71	1.0014781299672442
330	71	1.001604550738469
340	71	1.0017735285558023
350	71	1.0019858137331574
360	71	1.0022432566958275
370	71	1.002549386517115
380	71	1.0029088233832115
390	71	1.0033276630792516
400	71	1.0038131774280055
410	71	1.004373983127178
420	71	1.005020249863342
430	71	1.0057637046749646
440	71	1.006617833117598
450	71	1.0075980081528864
460	71	1.008721745387147
470	71	1.010008838640712
480	71	1.0114816591166322
490	71	1.0131653094130615
500	71	1.0150879102151382
510	71	1.0172807794694794
520	71	1.0197786725154323
530	71	1.0226199318709148
540	71	1.0258466289203854
550	71	1.0295046329173783
560	71	1.0336436295363507
570	71	1.038317014688136
580	71	1.0435817336232678
590	71	1.0494979836380056
600	71	1.0561287905101384
610	71	1.0635394775772482
620	71	1.0717969389709467
630	71	1.0809686825980713
640	71	1.091121415718135
650	71	1.1023187660946405
660	71	1.1146164185761032
670	71	1.128058373726817
680	71	1.1426536649271717
690	71	1.1583537902167536
700	71	1.1749875748586889
710	71	1.1921415771020711
720	71	1.2089321326029434
730	71	1.2236072335721988
740	71	1.232946937529712
750	71	1.2316318349988826
760	71	1.2124555726773651
770	71	1.169089567070395
780	71	1.1010378624528359
790	71	1.0157854414353815
800	71	0.9247904689237805
810	71	0.8375917281169215
820	71	0.7591534664644158
830	71	0.6908400370441128
840	71	0.632124232806248
850	71	0.5817796803795477
860	71	0.5384748314877407
870	71	0.5010063972936938
0	72	406390.7329065716
10	72	7.246103060254676
20	72	3.6920951084307343
30	72	2.5373112670737235
40	72	1.9814969618326441
50	72	1.6643849929923642
60	72	1.4657417861134707
70	72	1.333939511782933
80	72	1.2431220336314037
90	72	1.1789037331377792
100	72	1.1326591541421358
110	72	1.0989212557314512
120	72	1.0740718406699077
130	72	1.055642089959258
140	72	1.0419042313994553
150	72	1.0316268664018602
160	72	1.0239171887547929
170	72	1.018123561624633
180	72	1.013767177050114
190	72	1.0104897432951683
200	72	1.0080260246914934
210	72	1.0061776091638128
220	72	1.0047954037103992
230	72	1.0037673402218323
240	72	1.003010040342601
250	72	1.002460041678904
260	72	1.0020706213919377
270	72	1.001806736090569
280	72	1.001642371987029
290	72	1.0015586154209843
300	72	1.0015420225119136
310	72	1.0015830467531097
320	72	1.0016757098318951
330	72	1.001816604082903
340	72	1.0020044671037927
350	72	1.0022398203781477
360	72	1.0025247485375228
370	72	1.002862960549857
380	72	1.0032594325981716
390	72	1.0037204654195893
400	72	1.00425382708518
410	72	1.0048686274464103
420	72	1.0055756097930046
430	72	1.0063870535520476
440	72	1.0073171155606107
450	72	1.0083818793411867
460	72	1.0095995187128108
470	72	1.0109906005180191
480	72	1.0125781763456836
490	72	1.0143880456094767
500	72	1.0164489266187726
510	72	1.0187926443041868
520	72	1.0214543061582781
530	72	1.0244723861513643
540	72	1.027888822158033
550	72	1.0317490126268072
560	72	1.0361017414556957
570	72	1.0409990160656495
580	72	1.0464958064455927
590	72	1.0526496669035712
600	72	1.05952025417458
610	72	1.0671686753035587
620	72	1.0756566672598769
630	72	1.0850454448671045
640	72	1.095393957265378
650	72	1.106755973690188
660	72	1.119174777819923
670	72	1.1326730361644082
680	72	1.1472329704202437
690	72	1.1627572827726373
700	72	1.178992654102698
710	72	1.1953834191787567
720	72	1.2108060685719935
730	72	1.2231342588179406
740	72	1.2286543684334457
750	72	1.22165961639301
760	72	1.1953245965499295
770	72	1.1451182246868186
780	72	1.0730013020160056
790	72	0.9876163457820447
800	72	0.8995546105071973
810	72	0.8166266317437638
820	72	0.7425014134095039
830	72	0.6779500746265561
840	72	0.6223017749080366
850	72	0.574384002423988
860	72	0.5329774648423701
870	72	0.4969915935239673
0	73	437077.9659363723
10	73	7.345499054361893
20	73	3.740856164512594
30	73	2.568808685990604
40	73	2.004113085692148
50	73	1.681503658087784
60	73	1.4790793996367342
70	73	1.3445132742779593
80	73	1.251587792381894
90	73	1.1857218717171707
100	73	1.1381677270971045
110	73	1.103376977642442
120	73	1.077676254905218
130	73	1.0585578100629072
140	73	1.0442604019160682
150	73	1.0335293023758612
160	73	1.0254521475236378
170	73	1.0193630696335705
180	73	1.014767758929325
190	73	1.011299460623256
200	73	1.008683712260716
210	73	1.0067147090637982
220	73	1.0052374873132133
230	73	1.004135831684739
240	73	1.0033219438402896
250	73	1.0027298795373876
260	73	1.002309914938885
270	73	1.0020251373931217
280	73	1.0018480902751052
290	73	1.0017587867928546
300	73	1.0017425465861354
310	73	1.0017895782240724
320	73	1.0018932137311958
330	73	1.002049720755534
340	73	1.002257758246917
350	73	1.0025178842723355
360	73	1.0028322507248992
370	73	1.0032047523674423
380	73	1.0036406027369025
390	73	1.0041465195057857
400	73	1.0047306383424408
410	73	1.0054025638546593
420	73	1.0061735688556332
430	73	1.0070565316368352
440	73	1.0080662075332691
450	73	1.0092193241679979
460	73	1.0105347587542637
470	73	1.0120337034538038
480	73	1.01373983377286
490	73	1.015679531016557
500	73	1.0178819924520175
510	73	1.0203793906293614
520	73	1.0232069842795448
530	73	1.026403187063146
540	73	1.0300095630607058
550	73	1.034070761287335
560	73	1.0386343810365348
570	73	1.0437507329856488
580	73	1.049472499455143
590	73	1.055854294741637
600	73	1.0629520918451294
610	73	1.0708224952046541
620	73	1.0795217823565835
630	73	1.089104522160603
640	73	1.0996214091089327
650	73	1.1111155265203099
660	73	1.1236154639192786
670	73	1.1371221961247382
680	73	1.1515836834423299
690	73	1.1668410264160398
700	73	1.182557408350154
710	73	1.197997615416203
720	73	1.211773184071884
730	73	1.221362750353649
740	73	1.222598301641312
750	73	1.2095933502728295
760	73	1.1762999136598684
770	73	1.1201931782314416
780	73	1.0452925461329396
790	73	0.9607235717967262
800	73	0.8759236393872639
810	73	0.7971484194013149
820	73	0.7270456461978135
830	73	0.6659553541156817
840	73	0.6131237539167659
850	73	0.5674417494576363
860	73	0.5277938010616605
870	73	0.49319005683789174
0	74	470986.05312587845
10	74	7.444889402823455
20	74	3.789638949868708
30	74	2.600355208373565
40	74	2.02678931200438
50	74	1.6986870461023724
60	74	1.4924954760843796
70	74	1.355171487155153
80	74	1.2601423763976474
90	74	1.1926290495913656
100	74	1.1437630227420674
110	74	1.1079159295916516
120	74	1.0813605101124855
130	74	1.0615473223042486
140	74	1.046684367052024
150	74	1.0354928712257596
160	74	1.027043699595258
170	74	1.0206522728720142
180	74	1.0158132613459803
190	74	1.0121491215783847
200	74	1.0093765796084908
210	74	1.0072832762738195
220	74	1.005708162955643
230	74	1.004530211394223
240	74	1.0036576627312077
250	74	1.0030214753895217
260	74	1.0025698312224365
270	74	1.0022634416782146
280	74	1.0020733791819332
290	74	1.001978284957018
300	74	1.0019628695224174
310	74	1.0020163405486657
320	74	1.0021317728278263
330	74	1.0023051179881073
340	74	1.0025348029925334
350	74	1.0028213989479746
360	74	1.0031671888784615
370	74	1.003576158613115
380	74	1.004053866898489
390	74	1.0046073279783843
400	74	1.0052450818004928
410	74	1.0059772410016887
420	74	1.0068155522493265
430	74	1.0077734842821298
440	74	1.0088663570001157
450	74	1.010111496901972
460	74	1.0115283851368597
470	74	1.0131387926119286
480	74	1.0149669472385048
490	74	1.0170396596641553
500	74	1.0193864827941939
510	74	1.0220397746702856
520	74	1.0250347612423214
530	74	1.0284095654410654
540	74	1.032205134579908
550	74	1.036465114017133
560	74	1.041235641591702
570	74	1.0465650465746854
580	74	1.0525034395182464
590	74	1.0591022148165399
600	74	1.0664133987110584
610	74	1.0744888288604597
620	74	1.0833790359238766
630	74	1.0931374302341892
640	74	1.103788300621422
650	74	1.1153806014729284
660	74	1.1279205120043823
670	74	1.141383916982608
680	74	1.1556784164066733
690	74	1.1705822112608455
700	74	1.1856301766580803
710	74	1.199910843566152
720	74	1.2117352423555634
730	74	1.2181822967638734
740	74	1.2147112857696016
750	74	1.195517532714042
760	74	1.1556854121989473
770	74	1.09472284135643
780	74	1.0182048948802636
790	74	0.9351860319744962
800	74	0.8538261757688053
810	74	0.7790378926337125
820	74	0.7126758513828493
830	74	0.6547717584103608
840	74	0.6045314938555896
850	74	0.5609138505339794
860	74	0.5228985403172934
870	74	0.4895857560163587
0	75	498413.3316624791
10	75	7.544300991605425
20	75	3.838458628786048
30	75	2.6319459282650493
40	75	2.0495201325369816
50	75	1.7159413873339853
60	75	1.5059899436406754
70	75	1.3659095776369123
80	75	1.2687817587991248
90	75	1.1996228833132512
100	75	1.149442928741472
110	75	1.112537486310268
120	75	1.0851228166762776
130	75	1.064608557670938
140	75	1.0491749656571434
150	75	1.0375193201869526
160	75	1.0286908724079242
170	75	1.0219920414221142
180	75	1.0169041994795598
190	75	1.0130394433520822
200	75	1.0101062364254876
210	75	1.0078846579373903
220	75	1.0062082649531978
230	75	1.004951177965862
240	75	1.0040181128697323
250	75	1.0033363344134125
260	75	1.002851568489209
270	75	1.0025227583576695
280	75	1.002319206432401
290	75	1.0022183818586379
300	75	1.0022039644434118
310	75	1.002264566849877
320	75	1.0023927172669698
330	75	1.0025841020037534
340	75	1.002836929323658
350	75	1.003151737768367
360	75	1.0035309010016245
370	75	1.0039786101405879
380	75	1.0045006235029297
390	75	1.0051043053771527
400	75	1.0057986055141035
410	75	1.0065940666561717
420	75	1.0075029156955482
430	75	1.0085391595032338
440	75	1.0097186558656794
450	75	1.0110592957593283
460	75	1.0125810731378657
470	75	1.0143062603481596
480	75	1.0162595128939806
490	75	1.018467983527586
500	75	1.0209614055634553
510	75	1.023772148680104
520	75	1.0269352296804177
530	75	1.0304882520742054
540	75	1.034471317176507
550	75	1.0389268084040628
560	75	1.0438991460698839
570	75	1.0494344097202517
580	75	1.0555798896333164
590	75	1.0623835122998542
600	75	1.0698931211212277
610	75	1.0781555474252025
620	75	1.0872152855954134
630	75	1.0971124583209926
640	75	1.1078793946851786
650	75	1.1195345142450277
660	75	1.1320709996524616
670	75	1.1454354956446666
680	75	1.1594879801951263
690	75	1.173927003516497
700	75	1.1881543706852429
710	75	1.2010443290407047
720	75	1.210592329676394
730	75	1.2134952759761928
740	75	1.2049681367713527
750	75	1.1795807402270335
760	75	1.133818055386694
770	75	1.0690786234360274
780	75	0.9919592959343011
790	75	0.9110323051633248
800	75	0.8331775358551617
810	75	0.7621821266636117
820	75	0.6992926580483129
830	75	0.6443245613027735
840	75	0.5964728973744206
850	75	0.5547654377525119
860	75	0.5182689345528942
870	75	0.4861641540570587
0	76	535785.6740452606
10	76	7.643716855864952
20	76	3.8873110228379577
30	76	2.6635840435351263
40	76	2.0723156662452
50	76	1.7332659824523575
60	76	1.519558709796076
70	76	1.3767306410273235
80	76	1.2775053384648338
90	76	1.2066989565610375
100	76	1.1552061163113403
110	76	1.117238636838512
120	76	1.0889609205755704
130	76	1.0677424076210904
140	76	1.051733759103494
150	76	1.0396064157307547
160	76	1.0303940268334304
170	76	1.0233825223635162
180	76	1.0180409072722896
190	76	1.0139710540425322
200	76	1.0108729361943378
210	76	1.0085197264830732
220	76	1.006739080370962
230	76	1.0054003360678734
240	76	1.0044042588075588
250	76	1.0036752430117166
260	76	1.003156337827293
270	76	1.002804222790371
280	76	1.0025868572445302
290	76	1.0024802660053949
300	76	1.0024672099254692
310	76	1.0025356121956088
320	76	1.002677429088791
330	76	1.0028880231387705
340	76	1.0031654856544172
350	76	1.0035102516094754
360	76	1.003924832095361
370	76	1.0044134943081093
380	76	1.0049822762034486
390	76	1.0056388550664177
400	76	1.00639253887637
410	76	1.0072543245739836
420	76	1.0082368615902315
430	76	1.0093546442019874
440	76	1.0106240515508074
450	76	1.0120634407446971
460	76	1.0136932632305014
470	76	1.0155362041295397
480	76	1.0176172255811724
490	76	1.019963681786717
500	76	1.0226053498095584
510	76	1.0255744310375656
520	76	1.0289055258373556
530	76	1.032635516476093
540	76	1.0368034192887583
550	76	1.0414501259498037
560	76	1.0466180893820491
570	76	1.0523509131289492
580	76	1.058692831799018
590	76	1.0656880912082003
600	76	1.0733801467217554
610	76	1.0818105856958402
620	76	1.0910175627790937
630	76	1.101033277960365
640	76	1.1118796685046632
650	76	1.1235606252249115
660	76	1.1360476430053343
670	76	1.14925312603174
680	76	1.1629832019111395
690	76	1.1768342730786205
700	76	1.1900683229642095
710	76	1.2013148635263662
720	76	1.2082466097348217
730	76	1.2072247155430715
740	76	1.1933928897817108
750	76	1.161987926808489
760	76	1.1110460312412869
770	76	1.0435821361933602
780	76	0.9667112746161134
790	76	0.888253641201473
800	76	0.8138865338944655
810	76	0.7464757126639741
820	76	0.6868067545870793
830	76	0.6345472822450413
840	76	0.5889015862063934
850	76	0.5489653053932072
860	76	0.5138844746534049
870	76	0.48291203683938405
0	77	606899.9638265062
10	77	7.743157003730296
20	77	3.936190740954406
30	77	2.695262721695012
40	77	2.0951608186884396
50	77	1.7506518626878784
60	77	1.5331999698797536
70	77	1.3876299730343604
80	77	1.286307472423645
90	77	1.2138584648968573
100	77	1.161049684198417
110	77	1.1220186391780436
120	77	1.0928746758356267
130	77	1.0709480806834841
140	77	1.0543581505602815
150	77	1.0417555327185308
160	77	1.032153847537217
170	77	1.0248243899288554
180	77	1.0192243288735143
190	77	1.014944820509146
200	77	1.0116777905693766
210	77	1.0091892257562547
220	77	1.0073013143455802
230	77	1.0058784360405209
240	77	1.0048173603605688
250	77	1.004039529884914
260	77	1.0034851305850265
270	77	1.00310908322751
280	77	1.002877474380203
290	77	1.0027651299053397
300	77	1.0027537921313328
310	77	1.0028306241205178
320	77	1.0029870784791042
330	77	1.0032181692849829
340	77	1.003521799021933
350	77	1.0038983415915488
360	77	1.0043503212774278
370	77	1.0048821819481648
380	77	1.0055001826118952
390	77	1.0062122873854276
400	77	1.0070281723019012
410	77	1.0079591933764311
420	77	1.0090184571599443
430	77	1.0102208813290017
440	77	1.011583279251466
450	77	1.0131244230251686
460	77	1.0148651511304703
470	77	1.0168284323742356
480	77	1.0190394405534888
490	77	1.0215255852878469
500	77	1.0243165241038432
510	77	1.02744411679509
520	77	1.0309423515422078
530	77	1.0348471803604535
540	77	1.0391963190314075
550	77	1.0440289399981917
560	77	1.0493853162373752
570	77	1.0553063556018274
580	77	1.0618330484494858
590	77	1.0690057694125645
600	77	1.0768633879620693
610	77	1.0854420160118443
620	77	1.0947731168030077
630	77	1.1048803757914631
640	77	1.1157742628725327
650	77	1.1274462411475195
660	77	1.1398305462292018
670	77	1.1528115214022157
680	77	1.1661230431361649
690	77	1.1792621133286265
700	77	1.1913054613115441
710	77	1.2006365440614237
720	77	1.20460719347167
730	77	1.1993222441912146
740	77	1.1800618929439919
750	77	1.14298779697878
760	77	1.087708887591795
770	77	1.0184990192525547
780	77	0.9425604204109429
790	77	0.8668149221090666
800	77	0.7958602217781034
810	77	0.7318212645554865
820	77	0.6751379666479411
830	77	0.6253806750676382
840	77	0.581776164941396
850	77	0.5434854476781461
860	77	0.5097266216055043
870	77	0.4798173640453078
0	78	624238.8905681845
10	78	7.842608124655326
20	78	3.985100178820155
30	78	2.7269868166124542
40	78	2.118061557523735
50	78	1.7681027030904093
60	78	1.5469103425131108
70	78	1.3986035068503526
80	78	1.2951909130252446
90	78	1.221097074034119
100	78	1.1669732408438547
110	78	1.126877372911157
120	78	1.0968632308371238
130	78	1.0742233598944566
140	78	1.0570487083257418
150	78	1.0439655381673572
160	78	1.0339698289196546
170	78	1.026318062518003
180	78	1.020454620773946
190	78	1.0159612941009384
200	78	1.0125215848779232
210	78	1.0098942809067712
220	78	1.007896101174274
230	78	1.0063865206728075
240	78	1.0052584135802038
250	78	1.004430166345353
260	78	1.0038392696924034
270	78	1.003438498209937
280	78	1.003192300423454
290	78	1.0030742406967186
300	78	1.0030650062006357
310	78	1.003150929533483
320	78	1.0033230102375887
330	78	1.0035758710977514
340	78	1.0039072060135699
350	78	1.0043172660158306
360	78	1.0048086846528157
370	78	1.0053859756684236
380	78	1.0060556263702265
390	78	1.0068258526544867
400	78	1.0077066635488399
410	78	1.0087097611075995
420	78	1.0098486499155384
430	78	1.0111386221922054
440	78	1.0125968733411892
450	78	1.0142425101195205
460	78	1.0160966488767704
470	78	1.0181824593626685
480	78	1.0205251883730677
490	78	1.0231521544586042
500	78	1.0260927406927396
510	78	1.0293782950028907
520	78	1.0330419899945067
530	78	1.037118655659442
540	78	1.04164449931553
550	78	1.0466567722379834
560	78	1.052193368741899
570	78	1.0582923229908205
580	78	1.0649912031987376
590	78	1.0723263477722857
600	78	1.0803318539656164
610	78	1.0890381014607033
620	78	1.0984694442975387
630	78	1.108640317986762
640	78	1.119548389063959
650	78	1.131162226309927
660	78	1.1433989083434053
670	78	1.156083510243149
680	78	1.1688769859408175
690	78	1.181152207134085
700	78	1.1917949088551307
710	78	1.198923340736251
720	78	1.199595929974919
730	78	1.1897750680153611
740	78	1.1651023605458883
750	78	1.1228571647047791
760	78	1.064121528078616
770	78	0.9940382998952897
780	78	0.9195607117109065
790	78	0.8466634343970582
800	78	0.7790070714577145
810	78	0.7181294525677624
820	78	0.6642143513215851
830	78	0.6167718427143223
840	78	0.5750595904220767
850	78	0.5383006636987302
860	78	0.5057785754804278
870	78	0.476869140900002
0	79	671814.7855382621
10	79	7.942071189279048
20	79	4.034035643749317
30	79	2.7587483817688376
40	79	2.1410139685974703
50	79	1.7856135911628976
60	79	1.5606907709400322
70	79	1.4096503866445165
80	79	1.3041484478838905
90	79	1.2284139706090675
100	79	1.1729747099279009
110	79	1.131811536648722
120	79	1.1009254582412982
130	79	1.0775693724617899
140	79	1.05980535439627
150	79	1.0462369231110211
160	79	1.0358424961659134
170	79	1.0278634958269568
180	79	1.0217325394485173
190	79	1.0170214653033378
200	79	1.0134050838812687
210	79	1.010635733326813
220	79	1.0085242909274628
230	79	1.0069256381998872
240	79	1.0057286388334108
250	79	1.004848337565851
260	79	1.0042198589828446
270	79	1.003793672127811
280	79	1.003532647156586
290	79	1.0034088416136402
300	79	1.003402073944601
310	79	1.0034978321257648
320	79	1.0036865303995228
330	79	1.0039624329845867
340	79	1.0043229891628458
350	79	1.004768396048906
360	79	1.0053012173996523
370	79	1.0059261448540482
380	79	1.0066498096648102
390	79	1.007480695426632
400	79	1.008429069439981
410	79	1.009506963193345
420	79	1.0107282084068254
430	79	1.012108448234551
440	79	1.013665154753822
450	79	1.0154177036887382
460	79	1.0173874029996683
470	79	1.019597485235812
480	79	1.0220731465453692
490	79	1.024841487391441
500	79	1.027931439157223
510	79	1.0313736566670206
520	79	1.035200334473246
530	79	1.0394449775448815
540	79	1.044142097583086
550	79	1.049326845543975
560	79	1.055034564718303
570	79	1.0613002559602862
580	79	1.0681579156321668
590	79	1.0756396922534481
600	79	1.0837747144820307
610	79	1.0925873359040248
620	79	1.102094291635564
630	79	1.112299843427134
640	79	1.1231872059352617
650	79	1.1347031988091567
660	79	1.1467306958929002
670	79	1.159039624029717
680	79	1.1712018280792582
690	79	1.182449868152691
700	79	1.1914626221071556
710	79	1.1960925374186995
720	79	1.1931536917238788
730	79	1.1786108789725052
740	79	1.1486864742704532
750	79	1.1018844470375824
760	79	1.040562998654653
770	79	0.9703558138069324
780	79	0.8977304789693438
790	79	0.8277356040204135
800	79	0.763239012065193
810	79	0.7053187428517572
820	79	0.6539713393135523
830	79	0.6086734626932784
840	79	0.5687186307779166
850	79	0.5333882187372062
860	79	0.5020250759458953
870	79	0.4740573054128721
0	80	735425.3712661193
10	80	8.04155533983328
20	80	4.083001211961866
30	80	2.7905502926704138
40	80	2.1640158252469397
50	80	1.803184189529322
60	80	1.574535942367428
70	80	1.4207685709650144
80	80	1.3131834087962468
90	80	1.2358073498551383
100	80	1.1790528998190175
110	80	1.1368208123509371
120	80	1.1050595951478208
130	80	1.0809842749095648
140	80	1.0626270356136314
150	80	1.048569477822367
160	80	1.0377716303582638
170	80	1.0294612179908564
180	80	1.0230584546435686
190	80	1.0181254165735842
200	80	1.014329001125073
210	80	1.0114145049197987
220	80	1.0091870539274903
230	80	1.007496857500429
240	80	1.0062290637246305
250	80	1.005295324013011
260	80	1.0046280633319318
270	80	1.0041758361939885
280	80	1.003899592114861
290	80	1.003770197567624
300	80	1.0037662588073726
310	80	1.003872546414408
320	80	1.0040789166181816
330	80	1.004379137771895
340	80	1.0047704507614752
350	80	1.0052529452518244
360	80	1.0058291771749892
370	80	1.0065038965674173
380	80	1.0072838827461024
390	80	1.0081778503700662
400	80	1.0091963243450008
410	80	1.0103515841307238
420	80	1.0116577574808425
430	80	1.013130727515845
440	80	1.014788224190397
450	80	1.0166497733887128
460	80	1.0187367624029688
470	80	1.0210723978819423
480	80	1.02368167664492
490	80	1.0265913254980947
500	80	1.0298296787248917
510	80	1.0334265300905825
520	80	1.0374129143227313
530	80	1.0418208407288274
540	80	1.046682955811285
550	80	1.0520321469108178
560	80	1.057901059593218
570	80	1.06432152272419
580	80	1.0713179644674193
590	80	1.0789357898197516
600	80	1.0871722608109644
610	80	1.0960784636144207
620	80	1.105635629915395
630	80	1.1158457832756927
640	80	1.1266756611680648
650	80	1.1380468581798642
660	80	1.1498022878301597
670	80	1.1616476949617667
680	80	1.1730528369421998
690	80	1.1830943531721543
700	80	1.190233152189834
710	80	1.192068984414839
720	80	1.1852465035173596
730	80	1.1658998227402622
740	80	1.1310218403444645
750	80	1.0803542440187226
760	80	1.0172701326040006
770	80	0.9475601760717045
780	80	0.8770612975417017
790	80	0.8099619901490089
800	80	0.7484726488819775
810	80	0.6933149659434112
820	80	0.6443509429094642
830	80	0.6010431135010189
840	80	0.5627233995383472
850	80	0.5287275519586015
860	80	0.4984522292804306
870	80	0.471372630193132
0	81	767269.062919687
10	81	8.141041921285039
20	81	4.1319893826676415
30	81	2.822391724968736
40	81	2.1870643510855174
50	81	1.8208110516647071
60	81	1.5884469501716085
70	81	1.4319578572218152
80	81	1.322289740506688
90	81	1.2432758274423457
100	81	1.1852057780306346
110	81	1.1419040076360083
120	81	1.1092660650736583
130	81	1.0844678162092902
140	81	1.065513621817276
150	81	1.0509628970364415
160	81	1.039757754461212
170	81	1.0311115007978051
180	81	1.0244329645869759
190	81	1.0192741903789597
200	81	1.0152941606935872
210	81	1.0122313433364436
220	81	1.0098851413699361
230	81	1.008101288964398
240	81	1.0067607333021258
250	81	1.005772060065526
260	81	1.0050651194135023
270	81	1.0045861494009511
280	81	1.004294476087442
290	81	1.0041595368945329
300	81	1.0041588608503893
310	81	1.0042764248754732
320	81	1.0045014065290434
330	81	1.0048272464469046
340	81	1.0052508276284395
350	81	1.0057721588292026
360	81	1.006393716606641
370	81	1.0071203206140202
380	81	1.007958897971273
390	81	1.008918295233183
400	81	1.010009248578069
410	81	1.0112442681321596
420	81	1.012637709211156
430	81	1.0142056516180658
440	81	1.0159659465953153
450	81	1.017938211569128
460	81	1.0201438056110903
470	81	1.0226057732633715
480	81	1.025348793554906
490	81	1.028399065868388
500	81	1.0317841770412464
510	81	1.0355328963447568
520	81	1.0396749364557651
530	81	1.0442406524592602
540	81	1.0492606750592508
550	81	1.0547654878832453
560	81	1.0607849122399704
570	81	1.0673474904001192
580	81	1.0744796862309909
590	81	1.0822048017022472
600	81	1.090541351632378
610	81	1.0995004778177775
620	81	1.1090779998435423
630	81	1.119264944662229
640	81	1.129998294315288
650	81	1.1411739038245297
660	81	1.1525881086369998
670	81	1.1638725006583317
680	81	1.174381375539333
690	81	1.1830215907354424
700	81	1.1880320914477032
710	81	1.1867899502863362
720	81	1.1758707331242655
730	81	1.1517530805189709
740	81	1.1123396173232838
750	81	1.0585344590486219
760	81	0.9944354851510298
770	81	0.9257199871515697
780	81	0.8575254904852171
790	81	0.7932708712538402
800	81	0.7346299088013425
810	81	0.682050797410996
820	81	0.6353010352818408
830	81	0.5938426878811497
840	81	0.5570469543878668
850	81	0.524300024669294
860	81	0.49504735804784983
870	81	0.46880663658202154
0	82	804467.160726524
10	82	8.240545748907072
20	82	4.181003820895367
30	82	2.854265216297292
40	82	2.210161442812257
50	82	1.838493944473854
60	82	1.6024190466567505
70	82	1.4432136662744293
80	82	1.3314680535391412
90	82	1.250817262624793
100	82	1.1914320113010664
110	82	1.147059978528738
120	82	1.113542786459644
130	82	1.088019389286098
140	82	1.0684649724582918
150	82	1.053417206181846
160	82	1.0418008027492138
170	82	1.0328146886120602
180	82	1.025856468867396
190	82	1.020468516027254
200	82	1.0163014327108655
210	82	1.0130872495981698
220	82	1.0106198354873641
230	82	1.0087399097625513
240	82	1.0073247795492652
250	82	1.0062798910335777
260	82	1.005532177155403
270	82	1.0050258538046857
280	82	1.0047184802338138
290	82	1.0045780875247272
300	82	1.0045810919924154
310	82	1.004710629190937
320	82	1.0049552787109097
330	82	1.0053079528086604
340	82	1.0057653408708647
350	82	1.00632719657508
360	82	1.0069959596250293
370	82	1.0077764940721046
380	82	1.0086757855086317
390	82	1.0097028237293164
400	82	1.0108684959394938
410	82	1.012185497346834
420	82	1.0136683141193288
430	82	1.0153331540769932
440	82	1.0171979361136572
450	82	1.0192822474034982
460	82	1.0216073058687296
470	82	1.024195879738792
480	82	1.0270721908402975
490	82	1.0302617785305497
500	82	1.0337913225972881
510	82	1.037688422020217
520	82	1.0419813196520762
530	82	1.0466985733531673
540	82	1.0518686683714191
550	82	1.0575195642497295
560	82	1.06367598120164
570	82	1.0703695771052602
580	82	1.0776163564095718
590	82	1.0854371060852348
600	82	1.0938445984188498
610	82	1.1028425932968597
620	82	1.112420474078659
630	82	1.122543970371327
640	82	1.1331390096564606
650	82	1.1440636816127887
660	82	1.1550602653535136
670	82	1.1656754880925502
680	82	1.1751350486825414
690	82	1.182165389036723
700	82	1.1847892017726558
710	82	1.1802101979971458
720	82	1.1650565729875186
730	82	1.1363181457643137
740	82	1.0928818291378715
750	82	1.036666781186684
760	82	0.9722086256158087
770	82	0.9048712734450555
780	82	0.839082191713746
790	82	0.7775907398442625
800	82	0.7216382937933988
810	82	0.671465203265196
820	82	0.626774701904831
830	82	0.5870378821701014
840	82	0.5516649503770863
850	82	0.5200887018684521
860	82	0.4917988702972641
870	82	0.46635151876443415
0	83	872680.6652702434
10	83	8.340066690179816
20	83	4.230041435753582
30	83	2.886177250036001
40	83	2.233303323564993
50	83	1.8562302349327584
60	83	1.616451798230052
70	83	1.4545352985401463
80	83	1.3407156822302237
90	83	1.258430096147546
100	83	1.1977305548711121
110	83	1.1522871625577809
120	83	1.1178895384764211
130	83	1.0916380504462213
140	83	1.0714803420161285
150	83	1.0559318789437802
160	83	1.043900530179688
170	83	1.0345712329221692
180	83	1.027329544558818
190	83	1.021708718179305
200	83	1.0173513689667046
210	83	1.0139830554918752
220	83	1.0113917256245186
230	83	1.0094137398572325
240	83	1.0079223668671762
250	83	1.0068197546781597
260	83	1.0060303397023997
270	83	1.0054961030477996
280	83	1.0051728103005324
290	83	1.005027058887293
300	83	1.0050341893696417
310	83	1.005176440191968
320	83	1.0054417097731247
330	83	1.0058224936592
340	83	1.0063151158944892
350	83	1.006919148163743
360	83	1.0076369450655023
370	83	1.0084733608069436
380	83	1.009435378743013
390	83	1.0105321334964843
400	83	1.0117745870597898
410	83	1.0131755608737718
420	83	1.014749607505803
430	83	1.0165129802236605
440	83	1.01848357028211
450	83	1.0206808430287109
460	83	1.023125758759379
470	83	1.0258406863630816
480	83	1.0288492598766765
490	83	1.0321762174575013
500	83	1.035847199664746
510	83	1.0398884960818446
520	83	1.0443267415429407
530	83	1.049188573852793
540	83	1.0545002179815655
550	83	1.0602870152910282
560	83	1.0665728296945451
570	83	1.0733793159184817
580	83	1.0807249068828448
590	83	1.0886233152683114
600	83	1.0970811872744464
610	83	1.1060942043062827
620	83	1.1156404775645237
630	83	1.125669160720469
640	83	1.1360808196598406
650	83	1.1466938539257179
660	83	1.1571882140099314
670	83	1.16701462190943
680	83	1.1752581499289632
690	83	1.180459180087923
700	83	1.1804421263510125
710	83	1.1723067675323526
720	83	1.152869217801685
730	83	1.1197713754854082
740	83	1.0728892871295053
750	83	1.014960739183802
760	83	0.9506997384327047
770	83	0.8850244941514921
780	83	0.8216820782269844
790	83	0.7628519745985645
800	83	0.7094308760423174
810	83	0.6615028843190316
820	83	0.6187296612039733
830	83	0.5805977521817008
840	83	0.5465553398357286
850	83	0.5160781626402755
860	83	0.48869614468149436
870	83	0.46400007726248915
0	84	949944.0145154811
10	84	8.43959790892886
20	84	4.279103156695368
30	84	2.918122674400867
40	84	2.2564882475527566
50	84	1.8740181552662878
60	84	1.6305442208535685
70	84	1.465921455916506
80	84	1.3500313902139291
90	84	1.266113254110647
100	84	1.204100035641625
110	84	1.157584803945924
120	84	1.1223050360638245
130	84	1.09532331234634
140	84	1.0745593255058679
150	84	1.0585072437551057
160	84	1.0460572750780825
170	84	1.0363809081062774
180	84	1.028852515422337
190	84	1.0229955512495146
200	84	1.0184449648638825
210	84	1.0149195951839236
220	84	1.0122019601964558
230	84	1.0101237498647395
240	84	1.0085544450499573
250	84	1.0073928627477502
260	84	1.0065608554774552
270	84	1.0059981169248151
280	84	1.005658671042476
290	84	1.0055076762262074
300	84	1.0055193520295134
310	84	1.0056750224853035
320	84	1.0059619065389023
330	84	1.0063719888835168
340	84	1.0069012593661084
350	84	1.0075490753394867
360	84	1.0083176285716646
370	84	1.0092117305572963
380	84	1.0102384117751375
390	84	1.0114067725910687
400	84	1.0127278829518955
410	84	1.0142145719233988
420	84	1.0158814204645572
430	84	1.017744634636518
440	84	1.0198219797737271
450	84	1.0221326946497074
460	84	1.0246973737033644
470	84	1.027537864832491
480	84	1.0306770879335123
490	84	1.0341388511107314
500	84	1.037947627574276
510	84	1.0421282627483568
520	84	1.0467056755403048
530	84	1.0517044742179849
540	84	1.0571485319947118
550	84	1.063060481249421
560	84	1.0694610820584143
570	84	1.0763683961708153
580	84	1.0837966171641504
590	84	1.0917542887526797
600	84	1.1002414398535658
610	84	1.109244809062378
620	84	1.1187309733043447
630	84	1.128626272680949
640	84	1.1388055675276993
650	84	1.1490400725904635
660	84	1.1589384815787211
670	84	1.1678444108871342
680	84	1.1746924793861904
690	84	1.177838325051349
700	84	1.1749404776192842
710	84	1.1630828761690188
720	84	1.139407452283788
730	84	1.1023087527018685
740	84	1.0525912305164475
750	84	0.9935910523395454
760	84	0.9299845558926225
770	84	0.866170738644811
780	84	0.8052709562874686
790	84	0.7489879083273134
800	84	0.6979461251336732
810	84	0.652113740732423
820	84	0.6111277497944873
830	84	0.5744943261805715
840	84	0.5416981117581385
850	84	0.5122543351618438
860	84	0.4857294305770201
870	84	0.46174566026022307
0	85	997360.398644221
10	85	8.539139413554288
20	85	4.328188022040554
30	85	2.9501004244978595
40	85	2.2797170526737154
50	85	1.8918572747977345
60	85	1.6446936894661468
70	85	1.4773705986856849
80	85	1.3594131830462464
90	85	1.2738649653331433
100	85	1.2105387870786652
110	85	1.1629516598795768
120	85	1.1267885252536953
130	85	1.0990744012733258
140	85	1.0777017888842664
150	85	1.061142875338594
160	85	1.0482711929750594
170	85	1.0382444925786496
180	85	1.0304258331853209
190	85	1.024329527947458
200	85	1.019582792638842
210	85	1.015897699986845
220	85	1.0130514677612354
230	85	1.0108711005277033
240	85	1.0092221811372961
250	85	1.0080004088309824
260	85	1.0071248267101438
270	85	1.006533064279852
280	85	1.0061772700616085
290	85	1.0060211638642433
300	85	1.0060377778723706
310	85	1.0062075459462452
320	85	1.0065169791927817
330	85	1.0069575392906358
340	85	1.0075248306077755
350	85	1.0082179043988837
360	85	1.0090388639781531
370	85	1.0099923792563013
380	85	1.011085441551607
390	85	1.0123271548775905
400	85	1.013728557033094
410	85	1.0153024622962326
420	85	1.0170633834359595
430	85	1.0190273881549163
440	85	1.0212120376317373
450	85	1.0236362251491955
460	85	1.0263200805572206
470	85	1.0292848093032425
480	85	1.0325524908282413
490	85	1.0361458888014645
500	85	1.0400881823832213
510	85	1.04440267116135
520	85	1.0491124491682056
530	85	1.054240007482742
540	85	1.0598067920844403
550	85	1.0658326548759225
560	85	1.0723351704237336
570	85	1.079328698399251
580	85	1.0868230047441587
590	85	1.094821122013859
600	85	1.103315851627049
610	85	1.1122839168772072
620	85	1.121676064438884
630	85	1.131400288103946
640	85	1.1412936299989922
650	85	1.1510756661339554
660	85	1.160274479482981
670	85	1.1681161634931179
680	85	1.1733785877124927
690	85	1.1742429485670247
700	85	1.1682499712416685
710	85	1.1525703848920221
720	85	1.1247997352727652
730	85	1.084135956137834
740	85	1.0321973685126267
750	85	0.9726976919886726
760	85	0.9101098250804746
770	85	0.8482869592607807
780	85	0.7897924068229386
790	85	0.7359354597749634
800	85	0.6871276364148189
810	85	0.643252368724619
820	85	0.6039344664434861
830	85	0.568702268037019
840	85	0.5370750647888274
850	85	0.5086043523201476
860	85	0.48288975944686635
870	85	0.4595821110223775
0	86	1.0448755269777285e6
10	86	8.638688829762014
20	86	4.377293284499663
30	86	2.9821113345362016
40	86	2.3029853145513375
50	86	1.9097458979719697
60	86	1.6588992489385748
70	86	1.4888801453627425
80	86	1.3688599646007382
90	86	1.281683600506112
100	86	1.2170458973638147
110	86	1.168386763535953
120	86	1.1313391617721869
130	86	1.1028912074179078
140	86	1.0809072581339796
150	86	1.0638386208567103
160	86	1.0505421504627164
170	86	1.0401618409890638
180	86	1.0320499112989416
190	86	1.0257113821177894
200	86	1.0207655548484624
210	86	1.016918230031193
220	86	1.0139411181303875
230	86	1.0116566278396997
240	86	1.0099265840422784
250	86	1.0086433493403848
260	86	1.0077233810390034
270	86	1.0071020846653709
280	86	1.006729741439745
290	86	1.0065686342712548
300	86	1.0065906116885506
310	86	1.0067751481543783
320	86	1.0071080205531566
330	86	1.0075801540518936
340	86	1.0081867319471007
350	86	1.0089265233872562
360	86	1.0098014045505634
370	86	1.0108159025233043
380	86	1.011976934738065
390	86	1.0132935189101924
400	86	1.0147766162824259
410	86	1.0164389573624313
420	86	1.0182948919983725
430	86	1.0203602847924054
440	86	1.0226523702305148
450	86	1.025189612080592
460	86	1.0279915563213857
470	86	1.0310786512730776
480	86	1.0344720358207287
490	86	1.0381933051142422
500	86	1.042264240996996
510	86	1.0467065063580736
520	86	1.0515412798437376
530	86	1.0567888645843748
540	86	1.062468209686752
550	86	1.06859632792876
560	86	1.0751875244225158
570	86	1.082252322516423
580	86	1.0897958245605661
590	86	1.0978151212796559
600	86	1.1062944457519392
610	86	1.1152009279626909
620	86	1.124466821819652
630	86	1.133975165892118
640	86	1.1435236190093097
650	86	1.1527713676125
660	86	1.1611564516190904
670	86	1.167778531829299
680	86	1.1712574790538566
690	86	1.1696211849259468
700	86	1.160356194082939
710	86	1.1408304169385164
720	86	1.1091982189697496
730	86	1.0654587861463634
740	86	1.0118925722268286
750	86	0.952387933318384
760	86	0.8910987297377059
770	86	0.8313402331539532
780	86	0.7751896849506194
790	86	0.7236354574379175
800	86	0.6769238040425886
810	86	0.6348775942261892
820	86	0.5971185691276759
830	86	0.5631985823345578
840	86	0.5326696097187592
850	86	0.5051164255359745
860	86	0.48016886733096925
870	86	0.4575037221111115
0	87	1.115022889357581e6
10	87	8.73825155499294
20	87	4.426421003492737
30	87	3.014153199249611
40	87	2.326295042863398
50	87	1.9276816540030755
60	87	1.6731588801046067
70	87	1.5004494791030663
80	87	1.3783697898063927
90	87	1.2895680783241938
100	87	1.2236199336159452
110	87	1.1738890566246252
120	87	1.1359561109638892
130	87	1.1067725081548863
140	87	1.0841751956193002
150	87	1.0665943535330962
160	87	1.052870123190031
170	87	1.0421334647654374
180	87	1.033725282485584
190	87	1.0271415272642457
200	87	1.0219939133988105
210	87	1.017981918477367
220	87	1.0148717706447559
230	87	1.0124813785318396
240	87	1.0106686463985362
250	87	1.0093227991196123
260	87	1.0083576404857348
270	87	1.0077062549396227
280	87	1.0073172029380835
290	87	1.007151218733954
300	87	1.0071789211696613
310	87	1.007378871008261
320	87	1.0077360586854696
330	87	1.008240816655893
340	87	1.0088878821823175
350	87	1.0096757065547803
360	87	1.010605893098454
370	87	1.0116828045385562
380	87	1.012913190273191
390	87	1.0143059510268972
400	87	1.015871901170963
410	87	1.0176235883382758
420	87	1.0195751487629556
430	87	1.021742133647842
440	87	1.0241413650880224
450	87	1.0267907747053244
460	87	1.029709218115963
470	87	1.0329162844832662
480	87	1.036432055381821
490	87	1.0402768689213724
500	87	1.044471018381907
510	87	1.0490344363756428
520	87	1.0539910339199166
530	87	1.0593447353982162
540	87	1.06512606835903
550	87	1.0713444305396005
560	87	1.0780107669952665
570	87	1.0851315977357734
580	87	1.0927070602731208
590	87	1.1007277590534952
600	87	1.1091695716282346
610	87	1.1179849887645286
620	87	1.1270886742092205
630	87	1.1363335723680832
640	87	1.1454720922774904
650	87	1.1540951111170563
660	87	1.1615415983364494
670	87	1.1667783940149499
680	87	1.1682727728236575
690	87	1.163932639845608
700	87	1.151267552913755
710	87	1.1279519531898696
720	87	1.092771394161618
730	87	1.0464747931206044
740	87	0.991834100929615
750	87	0.9327396802698621
760	87	0.8729558978058083
770	87	0.8152911321768045
780	87	0.7614070434413971
790	87	0.7120327499830386
800	87	0.6672874686761615
810	87	0.6269520471515347
820	87	0.5906517195533262
830	87	0.5579623573079187
840	87	0.5284665965540425
850	87	0.5017797338762358
860	87	0.4775591262129584
870	87	0.45550519387860533
0	88	1.1700369675289195e6
10	88	8.837824793917699
20	88	4.475569924059259
30	88	3.046224254793035
40	88	2.3496436905255123
50	88	1.9456645506770018
60	88	1.6874715582739008
70	88	1.5120769293590854
80	88	1.3879416299332747
90	88	1.2975169272103806
100	88	1.2302599269140895
110	88	1.1794572908548393
120	88	1.1406384344034004
130	88	1.1107180541554365
140	88	1.0875053527783252
150	88	1.0694098908060932
160	88	1.0552554535386462
170	88	1.0441594778820695
180	88	1.0354521261203995
190	88	1.0286204789506108
200	88	1.0232686677412732
210	88	1.0190896506728409
220	88	1.0158443688167027
230	88	1.013346276440487
240	88	1.0114494489719832
250	88	1.0100398522553713
260	88	1.0090286851066061
270	88	1.0083467602717158
280	88	1.0079407858048148
290	88	1.0077699995951064
300	88	1.0078037961331228
310	88	1.0080197537329971
320	88	1.0084020371004
330	88	1.0089403998757682
340	88	1.0096290661157108
350	88	1.0104661100773438
360	88	1.0114528661477318
370	88	1.0125934263536953
380	88	1.0138943615400708
390	88	1.0153643600501352
400	88	1.0170140336260554
410	88	1.0188556840415288
420	88	1.020903122973297
430	88	1.0231715120081104
440	88	1.0256771727687615
450	88	1.0284373990374296
460	88	1.0314702563673084
470	88	1.0347943748837583
480	88	1.0384286907616973
490	88	1.0423921911738583
500	88	1.0467036009508706
510	88	1.0513855968961598
520	88	1.0564417256158372
530	88	1.0619013617631
540	88	1.067773764753146
550	88	1.0740700668551288
560	88	1.080797739166733
570	88	1.087959086072113
580	88	1.0955488958986663
590	88	1.1035506102853705
600	88	1.111930021837389
610	88	1.1206248268930545
620	88	1.1295273828090422
630	88	1.1384566099367412
640	88	1.1471132898512915
650	88	1.1550119274786832
660	88	1.1613844264083621
670	88	1.165062112911178
680	88	1.1643732671280849
690	88	1.157151783240343
700	88	1.1410170025336392
710	88	1.11404849542236
720	88	1.0756961751963015
730	88	1.0273666595682647
740	88	0.9721509954634446
750	88	0.9138054447763786
760	88	0.855671797800667
770	88	0.8000963208433685
780	88	0.7483906203329505
790	88	0.7010761726158526
800	88	0.6581755618697335
810	88	0.6194417747228442
820	88	0.5845081692115778
830	88	0.552974539366227
840	88	0.5244521629226186
850	88	0.4985843264957865
860	88	0.4750534831041385
870	88	0.4535815979375044
0	89	1.2494553322982697e6
10	89	8.937408755991434
20	89	4.524737653984767
30	89	3.0783253902907295
40	89	2.373030044599627
50	89	1.9636925874051288
60	89	1.7018361001601097
70	89	1.5237612160457958
80	89	1.3975741870512097
90	89	1.305529467472412
100	89	1.2369644988571808
110	89	1.1850908469411525
120	89	1.1453857956979794
130	89	1.11472707778777
140	89	1.0908973028878899
150	89	1.0722851294118763
160	89	1.0576978428586574
170	89	1.0462400223406545
180	89	1.0372310269537512
190	89	1.0301488498083367
200	89	1.024590343447882
210	89	1.0202420740444027
220	89	1.0168597727019495
230	89	1.0142522607620144
240	89	1.0122699156804125
250	89	1.0107955358173746
260	89	1.009737548272065
270	89	1.0090245905399304
280	89	1.0086014991271666
290	89	1.0084260202335102
300	89	1.00846625429131
310	89	1.0086987225529604
320	89	1.0091068636301337
330	89	1.0096797032825506
340	89	1.0104109651566062
350	89	1.0112983094810377
360	89	1.0123427110712802
370	89	1.0135479944668964
380	89	1.0149204387064101
390	89	1.0164684942644937
400	89	1.0182024749972352
410	89	1.0201343598369164
420	89	1.0222775737478675
430	89	1.0246467878370473
440	89	1.0272577238723322
450	89	1.0301269472478358
460	89	1.033271645642319
470	89	1.0367093992905014
480	89	1.0404579140912817
490	89	1.0445347459840457
500	89	1.0489613648039908
510	89	1.0537409304873795
520	89	1.0589016541366336
530	89	1.0644525752070346
540	89	1.0704048435454516
550	89	1.0767665372354942
560	89	1.083541504479431
570	89	1.0907275653259871
580	89	1.098313672655253
590	89	1.106275268902671
600	89	1.1145666733470625
610	89	1.123108561259334
620	89	1.1317675572167827
630	89	1.1403235457886562
640	89	1.1484189234082016
650	89	1.1554839783896838
660	89	1.1606373688957732
670	89	1.162577186598586
680	89	1.1595157878573719
690	89	1.1492709365519114
700	89	1.129662265596219
710	89	1.0992531436103645
720	89	1.0581502095987896
730	89	1.0082975755786279
740	89	0.9529451422884937
750	89	0.8956164994397807
760	89	0.8392264530475801
770	89	0.7857105126570566
780	89	0.7360890027522251
790	89	0.69071841944613
800	89	0.6495487586500177
810	89	0.6123158935851865
820	89	0.5786644830034686
830	89	0.5482177352626342
840	89	0.5206136010232163
850	89	0.49552103653571417
860	89	0.4726454063030272
870	89	0.45172834460815464
0	90	1.315523248959158e6
10	90	9.037000184908896
20	90	4.573924889937531
30	90	3.1104549885943498
40	90	2.396452599258716
50	90	1.9817647268685565
60	90	1.7162507925232213
70	90	1.535500894044578
80	90	1.4072662346370037
90	90	1.3136035333559373
100	90	1.243732770677346
110	90	1.190788563137918
120	90	1.1501969382492898
130	90	1.118799133739156
140	90	1.094350708751354
150	90	1.0752197164194195
160	90	1.0601974746099725
170	90	1.0483753632450652
180	90	1.0390621821962958
190	90	1.0317271585333674
200	90	1.0259596125641206
210	90	1.0214400421742453
220	90	1.0179187521030577
230	90	1.0152002424293172
240	90	1.0131310420259223
250	90	1.011590801390082
260	90	1.0104852238013649
270	90	1.0097407893753099
280	90	1.0093004072862302
290	90	1.009120267199847
300	90	1.0091671988150586
310	90	1.009416713672568
320	90	1.0098513317938398
330	90	1.0104594358703582
340	90	1.0112341781611713
350	90	1.0121727339234703
360	90	1.0132757047533625
370	90	1.014546562590838
380	90	1.0159912645763098
390	90	1.0176179143716906
400	90	1.019436488848036
410	90	1.0214585523759698
420	90	1.0236970557580973
430	90	1.0261661013011427
440	90	1.0288807258756232
450	90	1.0318566767407928
460	90	1.0351101753885634
470	90	1.038657670104858
480	90	1.042515561318929
490	90	1.046704130442553
500	90	1.051226137208205
510	90	1.0561086248874358
520	90	1.0613603449016313
530	90	1.0669923306601334
540	90	1.073013024736656
550	90	1.0794273537876422
560	90	1.086235349723223
570	90	1.0934300048656747
580	90	1.1009938288247716
590	90	1.1088932467782278
600	90	1.117069447954914
610	90	1.1254234967330665
620	90	1.1337924061081905
630	90	1.1419115632104153
640	90	1.149358039011583
650	90	1.1554707684074883
660	90	1.159251714876446
670	90	1.1592742675143966
680	90	1.1536681345827522
690	90	1.1403025061348429
700	90	1.117284441468182
710	90	1.0837126165376012
720	90	1.0403050608812765
730	90	0.9894085748330153
740	90	0.9342934851767828
750	90	0.8781868717600727
760	90	0.8235924852904809
770	90	0.7720879094210351
780	90	0.7244535543296913
790	90	0.6809158578402277
800	90	0.6413711468252863
810	90	0.6055462768024461
820	90	0.5730992950623013
830	90	0.5436760386999145
840	90	0.5169392406237509
850	90	0.49258140512863025
860	90	0.47032883727961317
870	90	0.4499411534257661
0	91	1.394431292827468e6
10	91	9.136601851673689
20	91	4.623132393550176
30	91	3.1426125823826263
40	91	2.419911225525305
50	91	1.9998799852080658
60	91	1.7307148362426588
70	91	1.5472948185844124
80	91	1.4170161471702392
90	91	1.3217388277326518
100	91	1.25056368568078
110	91	1.1965497378566348
120	91	1.155071424833429
130	91	1.122933611578643
140	91	1.0978651855782187
150	91	1.0782137029407455
160	91	1.0627543990481072
170	91	1.0505657036286529
180	91	1.0409460705258622
190	91	1.0333558578830082
200	91	1.0273771195431158
210	91	1.022684168051062
220	91	1.0190221451280654
230	91	1.016191070980007
240	91	1.014033737768022
250	91	1.0124266237170014
260	91	1.0112727572987232
270	91	1.0104963583960105
280	91	1.0100384550747397
290	91	1.0098536744402329
300	91	1.009907550342629
310	91	1.0101744875664882
320	91	1.010636171693176
330	91	1.0112802155834197
340	91	1.0120991725088762
350	91	1.0130897203629823
360	91	1.0142519921504929
370	91	1.0155890567667931
380	91	1.0171064926552686
390	91	1.01881200599702
400	91	1.020715139399474
410	91	1.0228269820179237
420	91	1.0251599187811913
430	91	1.0277274008702342
440	91	1.0305436989991426
450	91	1.033623661054346
460	91	1.0369824623418562
470	91	1.0406353529578942
480	91	1.0446014210208392
490	91	1.0488830167713945
500	91	1.0535059925829824
510	91	1.0584787585807092
520	91	1.0638121343471192
530	91	1.0695147339437625
540	91	1.0755922239339695
550	91	1.08204624333397
560	91	1.0888727663803806
570	91	1.0960595187978688
580	91	1.1035818204690426
590	91	1.1113958501447683
600	91	1.1194277173330835
610	91	1.1275559018649821
620	91	1.1355834859553409
630	91	1.1431955467388144
640	91	1.149896989998738
650	91	1.1549295735525202
660	91	1.1571788690257174
670	91	1.1551094860062023
680	91	1.1468118802268357
690	91	1.1302801643590643
700	91	1.1039850984614967
710	91	1.0675808309074881
720	91	1.022320703664466
730	91	0.9708176004295928
740	91	0.9162509087252938
750	91	0.861516976574491
760	91	0.8087375463417823
770	91	0.759183232835343
780	91	0.7134385726408178
790	91	0.6716283096315953
800	91	0.633609916921249
810	91	0.599107274007563
820	91	0.5677930929189392
830	91	0.5393348769989341
840	91	0.5134183456113028
850	91	0.48975761400489676
860	91	0.4680981481728746
870	91	0.44821602678572015
0	92	1.466436919919944e6
10	92	9.23621316532857
20	92	4.67235705050947
30	92	3.1747972003919696
40	92	2.4434050628668946
50	92	2.0180373119117023
60	92	1.7452269218390852
70	92	1.5591417141603614
80	92	1.4268229777437003
90	92	1.3299337524031973
100	92	1.2574560933216579
110	92	1.2023732396682951
120	92	1.1600083567605153
130	92	1.1271301228787112
140	92	1.1014404741275792
150	92	1.0812667832117062
160	92	1.065368432529861
170	92	1.0528112042166589
180	92	1.0428829204414816
190	92	1.0350353920868747
200	92	1.0288434091403091
210	92	1.0239752126807782
220	92	1.0201707188580313
230	92	1.01722559113404
240	92	1.0149788873921666
250	92	1.013303908517288
260	92	1.0121010344838055
270	92	1.0112921973009694
280	92	1.0108165380610483
290	92	1.0106270949826022
300	92	1.0106880849570368
310	92	1.0109728170545391
320	92	1.011462024178354
330	92	1.0121425576628174
340	92	1.013006326673355
350	92	1.014049444072499
360	92	1.0152715453611514
370	92	1.0166752350425896
380	92	1.0182656323393338
390	92	1.020049979802616
400	92	1.0220373218521055
410	92	1.0242381799394549
420	92	1.0266643145725767
430	92	1.0293284398506664
440	92	1.0322439781620805
450	92	1.0354248066023835
460	92	1.038884990045836
470	92	1.0426385114555614
480	92	1.046698986019062
490	92	1.0510793501731688
500	92	1.0557915245616338
510	92	1.0608460253137975
520	92	1.0662514921053858
530	92	1.0720140704560461
540	92	1.0781360577034795
550	92	1.0846171450223259
560	92	1.0914474245402233
570	92	1.0986093111565727
580	92	1.1060700277208302
590	92	1.113774040965662
600	92	1.1216301145755252
610	92	1.1294907763460118
620	92	1.1371204623647138
630	92	1.1441479266577836
640	92	1.1499995491128003
650	92	1.1538161239737823
660	92	1.1543719422683945
670	92	1.150046956583295
680	92	1.138944749628051
690	92	1.1192587801411353
700	92	1.0898821344524883
710	92	1.0510126395462247
720	92	1.0043415438639463
730	92	0.9526199552994637
740	92	0.8988534062260758
750	92	0.8455967860459324
760	92	0.7946262180358771
770	92	0.7469524414582445
780	92	0.7030013273235474
790	92	0.6628188169972091
800	92	0.6262350754889374
810	92	0.592975461452895
820	92	0.5627280276936465
830	92	0.53518087643825
840	92	0.5100410227979392
850	92	0.48704242550996407
860	92	0.46594810358094846
870	92	0.44654922687777954
0	93	1.5421219595124847e6
10	93	9.33583352273045
20	93	4.721600316610714
30	93	3.2070078718665234
40	93	2.4669329327839344
50	93	2.0362354545143644
60	93	1.7597859434372893
70	93	1.5710404850035014
80	93	1.4366858157038
90	93	1.3381872926220668
100	93	1.264409201899176
110	93	1.2082584545643271
120	93	1.16500722587229
130	93	1.1313879692086322
140	93	1.1050761056314422
150	93	1.0843788659253872
160	93	1.0680397947750566
170	93	1.0551120450612201
180	93	1.0448731013182393
190	93	1.0367662495534542
200	93	1.0303590998468333
210	93	1.025313811225691
220	93	1.02136525542465
230	93	1.018304625435791
240	93	1.0159673510097307
250	93	1.0142235640167148
260	93	1.0129709483607334
270	93	1.0121291741992213
280	93	1.0116355101025258
290	93	1.011441349077085
300	93	1.0115095646198418
310	93	1.0118123227874833
320	93	1.0123294068934685
330	93	1.0130468617509287
340	93	1.013955884117582
350	93	1.0150519807504308
360	93	1.0163342224368148
370	93	1.017804701612917
380	93	1.0194680139372907
390	93	1.0213308738647582
400	93	1.0234017378439682
410	93	1.0256905055600145
420	93	1.0282082262134886
430	93	1.0309668027595
440	93	1.0339787433092515
450	93	1.0372568859993065
460	93	1.0408141247042066
470	93	1.0446631302562406
480	93	1.0488160541514226
490	93	1.0532842214426277
500	93	1.0580777665818466
510	93	1.0632052307660986
520	93	1.0686730403683606
530	93	1.0744848146478476
540	93	1.0806403656686152
550	93	1.0871341922389954
560	93	1.0939531287177766
570	93	1.1010726024163708
580	93	1.1084506402056942
590	93	1.116018277087094
600	93	1.1236643289204218
610	93	1.131211620237223
620	93	1.1383809005647458
630	93	1.1447386099512022
640	93	1.1496271982442459
650	93	1.1520855671331938
660	93	1.1507876384473619
670	93	1.1440612959627816
680	93	1.1300823027859255
690	93	1.1073130448646904
700	93	1.0751048202749527
710	93	1.0341582283229342
720	93	0.9864939716579553
730	93	0.9348897543773257
740	93	0.88212124519287
750	93	0.8304085085424053
760	93	0.7812214664348047
770	93	0.7353532077436108
780	93	0.693102016064059
790	93	0.6544534047794318
800	93	0.6192191822034635
810	93	0.5871294186660819
820	93	0.5578877449247297
830	93	0.5312017429873117
840	93	0.5067981408673525
850	93	0.48442912959497253
860	93	0.46387382632612384
870	93	0.4449372539496501
0	94	1.6111731128144492e6
10	94	9.435462239967451
20	94	4.770860482751831
30	94	3.239244268033602
40	94	2.490494032244083
50	94	2.0544737362657894
60	94	1.7743909329071221
70	94	1.582990212366434
80	94	1.4466032481076962
90	94	1.3464987441471492
100	94	1.2714219643394145
110	94	1.2142045374722223
120	94	1.1700672912266
130	94	1.135706700535023
140	94	1.1087718412785539
150	94	1.0875497303511528
160	94	1.0707684155853197
170	94	1.0574683175219945
180	94	1.046916906928401
190	94	1.0385488279322463
200	94	1.0319246786923797
210	94	1.0267006369609817
220	94	1.0226064133544348
230	94	1.0194289397737262
240	94	1.0169999308513755
250	94	1.0151863877123108
260	94	1.013883326741411
270	94	1.0130081458244709
280	94	1.0124961629987752
290	94	1.0122971690716729
300	94	1.012372628758318
310	94	1.01269357231736
320	94	1.0132387617390788
330	94	1.0139934091769804
340	94	1.0149479603345428
350	94	1.0160972388142657
360	94	1.017439721672821
370	94	1.0189769046622101
380	94	1.0207128113495003
390	94	1.0226535382494433
400	94	1.0248069154284307
410	94	1.0271821320825751
420	94	1.0297894514325276
430	94	1.0326399074432238
440	94	1.0357450290775267
450	94	1.0391165524986423
460	94	1.042766151790529
470	94	1.0467051442467408
480	94	1.0509503180803124
490	94	1.0554929806388595
500	94	1.0603598415702111
510	94	1.0655513172789546
520	94	1.0710725607862925
530	94	1.076921640998416
540	94	1.0830981644892235
550	94	1.0895916827506782
560	94	1.0963837659342204
570	94	1.1034425373805006
580	94	1.1107155274191927
590	94	1.1181183384185993
600	94	1.1255168924876493
610	94	1.132700205286356
620	94	1.1393400963411893
630	94	1.1449350209654972
640	94	1.1487396254896436
650	94	1.1496937201871782
660	94	1.1463883614464938
670	94	1.1371399429047122
680	94	1.1202587024799828
690	94	1.0945348920591491
700	94	1.0597885049291351
710	94	1.0171585214380667
720	94	0.9688852999174412
730	94	0.9176820142384939
740	94	0.8660619409041848
750	94	0.8159287945300192
760	94	0.7684857319188648
770	94	0.7243452158730151
780	94	0.6837036662358623
790	94	0.6465008469940033
800	94	0.6125371093212694
810	94	0.5815495292866267
820	94	0.5532572360380554
830	94	0.5273861569059204
840	94	0.503681258763195
850	94	0.4819114961061029
860	94	0.4618707673974353
870	94	0.44337682771614145
0	95	1.7031176532863728e6
10	95	9.535099695549032
20	95	4.820137887140297
30	95	3.2715057739111315
40	95	2.514087437226308
50	95	2.072751005300971
60	95	1.7890407333859708
70	95	1.5949897985734056
80	95	1.4565745284045661
90	95	1.354866826295621
100	95	1.2784935678325378
110	95	1.220210613924165
120	95	1.175187875715746
130	95	1.1400858835698027
140	95	1.1125272343958537
150	95	1.0907792616078873
160	95	1.0735542227121952
170	95	1.0598802758525838
180	95	1.0490145617250113
190	95	1.0403835540722548
200	95	1.0335406978539892
210	95	1.0281362335114925
220	95	1.023894880024628
230	95	1.020599271686506
240	95	1.018077408983253
250	95	1.016193194692174
260	95	1.014838970307258
270	95	1.013929837199766
280	95	1.0133991956799353
290	95	1.0131951705459075
300	95	1.0132778384543188
310	95	1.0136170002893403
320	95	1.0141904216957056
330	95	1.0149823749795712
340	95	1.0159825274781191
350	95	1.0171849967529674
360	95	1.0185875826706312
370	95	1.0201911329573894
380	95	1.0219990196261848
390	95	1.0240166766317447
400	95	1.0262512208245427
410	95	1.0287110738657053
420	95	1.0314056488792493
430	95	1.0343475834118527
440	95	1.0375397545871696
450	95	1.0410003680113145
460	95	1.0447372978672238
470	95	1.048760473752921
480	95	1.0530790491777142
490	95	1.0577010492117056
500	95	1.0626329895502593
510	95	1.0678793845413805
520	95	1.0734420995332536
530	95	1.0793194208229642
540	95	1.0855046672012363
550	95	1.0919840386496584
560	95	1.0987332312967868
570	95	1.105712081559896
580	95	1.1128560914059569
590	95	1.1200631370191947
600	95	1.1271729615918151
610	95	1.13393637032245
620	95	1.1399709800192188
630	95	1.14470228714918
640	95	1.1472954603801528
650	95	1.1465985991669714
660	95	1.1411444276862828
670	95	1.1292850506772432
680	95	1.109526430473188
690	95	1.081029948825049
700	95	1.0440694471539467
710	95	1.0001417749024835
720	95	0.9516038452597153
730	95	0.9010350706268141
740	95	0.8506729274581322
750	95	0.8021305131539493
760	95	0.756381727943088
770	95	0.7138903269999498
780	95	0.6747720024478978
790	95	0.638932442861473
800	95	0.6061658237980683
810	95	0.5762178040458668
820	95	0.5488227056587887
830	95	0.5237236790091823
840	95	0.5006825615876913
850	95	0.4794837325751499
860	95	0.4599346779571326
870	95	0.44186487000393165
0	96	1.7771552634530484e6
10	96	9.634745462645
20	96	4.869431819270837
30	96	3.303791675463998
40	96	2.537712515075942
50	96	2.09106659605353
60	96	1.803734549390817
70	96	1.60703808802198
80	96	1.466598625866011
90	96	1.3632905926709136
100	96	1.2856231370716902
110	96	1.2262760491588784
120	96	1.180368440832041
130	96	1.1445249801655284
140	96	1.1163421516163725
150	96	1.0940672834391332
160	96	1.0763972445118157
170	96	1.0623479142662158
180	96	1.051166403387151
190	96	1.0422707842318222
200	96	1.0352075968392533
210	96	1.0296212003545973
220	96	1.025231299407125
230	96	1.0218162724930677
240	96	1.019200489019499
250	96	1.0172446905161145
260	96	1.015838556938266
270	96	1.0148949312428703
280	96	1.0143452426358863
290	96	1.014135941292194
300	96	1.014225669412925
310	96	1.0145829803765136
320	96	1.0151845839439417
330	96	1.0160138025634844
340	96	1.0170594642315292
350	96	1.0183149171036197
360	96	1.0197772184008607
370	96	1.0214465221213214
380	96	1.0233254871449127
390	96	1.0254188223776524
400	96	1.027732862004038
410	96	1.0302751946846358
420	96	1.03305309411403
430	96	1.0360793821197467
440	96	1.0393597466314308
450	96	1.042904833793322
460	96	1.046723760010713
470	96	1.0508250514030455
480	96	1.0552163279346325
490	96	1.0599039485736557
500	96	1.06489258948913
510	96	1.0701847037238907
520	96	1.075779771672171
530	96	1.0816732139671004
540	96	1.0878547356659172
550	96	1.0943057519170414
560	96	1.1009953458757713
570	96	1.1078738987977974
580	96	1.1148631051533262
590	96	1.1218405191505583
600	96	1.1286161037568958
610	96	1.1348978499556917
620	96	1.1402441055178554
630	96	1.1440035988952575
640	96	1.1452532615273752
650	96	1.142762181068228
660	96	1.1350362239527565
670	96	1.1205147402243938
680	96	1.097954932340367
690	96	1.0669133550067857
700	96	1.0280801651856188
710	96	0.9832213838031225
720	96	0.9347198682750074
730	96	0.8849730844533688
740	96	0.8359438775062096
750	96	0.7889841553537521
760	96	0.7448730108760023
770	96	0.7039526484431201
780	96	0.6662752940123097
790	96	0.6317218050263761
800	96	0.6000841904083246
810	96	0.5711177220457607
820	96	0.5445714542940951
830	96	0.5202046677984898
840	96	0.49779480391133774
850	96	0.47714044644194453
860	96	0.45806158534342484
870	96	0.44039848923552816
0	97	1.8742518259726756e6
10	97	9.734400098135554
20	97	4.918741682980131
30	97	3.33610121770497
40	97	2.561368589639546
50	97	2.109419435476847
60	97	1.8184712962824543
70	97	1.6191342200207108
80	97	1.47667444994172
90	97	1.37176939454684
100	97	1.2928097864926749
110	97	1.23240006298368
120	97	1.185608315370517
130	97	1.149023578735732
140	97	1.1202161030464075
150	97	1.0974135170049097
160	97	1.0792974512046096
170	97	1.064871435553131
180	97	1.0533726091561308
190	97	1.0442108762630944
200	97	1.0369258442900886
210	97	1.0311560661299206
220	97	1.0266162761933688
230	97	1.0230806116802482
240	97	1.0203698109712966
250	97	1.0183415280533497
260	97	1.016882766484887
270	97	1.0159040595004678
280	97	1.015334866181818
290	97	1.0151199442599002
300	97	1.0152164757804067
310	97	1.0155917474889238
320	97	1.0162213472253967
330	97	1.017087618560536
340	97	1.0181784875820854
350	97	1.0194864746999375
360	97	1.0210078712473616
370	97	1.0227420507529446
380	97	1.02469090951886
390	97	1.0268583561106743
400	97	1.0292498983579337
410	97	1.031872229722985
420	97	1.0347329044274642
430	97	1.037839987600545
440	97	1.041201761227259
450	97	1.0448264113446315
460	97	1.0487196171191884
470	97	1.0528948468694563
480	97	1.0573518146277854
490	97	1.062097319443132
500	97	1.0671341768148952
510	97	1.0724627252744385
520	97	1.078079962043968
530	97	1.0839782492844594
540	97	1.0901433432659098
550	97	1.096551319815699
560	97	1.1031637587483587
570	97	1.1099202139707893
580	97	1.1167265376297884
590	97	1.123437061763413
600	97	1.1298280967540655
610	97	1.1355601550242262
620	97	1.1401277609539728
630	97	1.1428007676852234
640	97	1.142572755328346
650	97	1.1381523191113239
660	97	1.1280561314525004
670	97	1.1108635479266649
680	97	1.085628290494054
690	97	1.052305328451368
700	97	1.0119455809257198
710	97	0.9664948078836371
720	97	0.9182870935001358
730	97	0.8695084665390799
740	97	0.8218586624905693
750	97	0.7764589214811694
760	97	0.7339243721569214
770	97	0.6944985346375829
780	97	0.6581841931783566
790	97	0.6248446617618683
800	97	0.5942727934274765
810	97	0.566234089979248
820	97	0.5404917740829263
830	97	0.5168202052207119
840	97	0.49501125896790343
850	97	0.4748766106810264
860	97	0.45624777046899895
870	97	0.4389749665959348
0	98	1.9700142663669982e6
10	98	9.834061126801386
20	98	4.9680676363912335
30	98	3.3684342787184347
40	98	2.585054884459215
50	98	2.127808844256397
60	98	1.8332502169437326
70	98	1.6312772505256938
80	98	1.4868011034135682
90	98	1.3803022003331724
100	98	1.3000528032858254
110	98	1.238581923878407
120	98	1.190906954470815
130	98	1.1535811081484597
140	98	1.1241487840994908
150	98	1.1008179105357727
160	98	1.0822547759591519
170	98	1.0674508644860845
180	98	1.0556333923770085
190	98	1.046204143278864
200	98	1.0386958501385015
210	98	1.0327413056925088
220	98	1.028050331158259
230	98	1.024392844884493
240	98	1.0215860069897493
250	98	1.0194843274143326
260	98	1.0179721585829022
270	98	1.0169577351455927
280	98	1.0163685194210201
290	98	1.0161475581090142
300	98	1.0162505423318875
310	98	1.0166434459701839
320	98	1.0173006923351842
330	98	1.0182036096896203
340	98	1.0193391827524936
350	98	1.0206990478939917
360	98	1.0222786526854328
370	98	1.0240765595567016
380	98	1.0260938296203719
390	98	1.028333525843578
400	98	1.030800258504646
410	98	1.0334997913624713
420	98	1.0364339373181783
430	98	1.0396238587145603
440	98	1.0430625086208445
450	98	1.0467615531191856
460	98	1.0507263038285166
470	98	1.0549658997223808
480	98	1.0594814000826187
490	98	1.0642769440236508
500	98	1.0693534536834257
510	98	1.0747090850337777
520	98	1.08033821132032
530	98	1.0862298934163277
540	98	1.0923655233001797
550	98	1.0987151616321382
560	98	1.105231829629089
570	98	1.1118426641138652
580	98	1.1184353673703824
590	98	1.1248378676280881
600	98	1.1307887563521537
610	98	1.1358965291702292
620	98	1.139588221172817
630	98	1.1410550056566389
640	98	1.1392163054329265
650	98	1.1327446973235127
660	98	1.1202100247796434
670	98	1.1003819781154909
680	98	1.0726421306906977
690	98	1.0373268445210817
700	98	0.9957801085350791
710	98	0.9500434400269488
720	98	0.9023445631569311
730	98	0.8546441132930036
740	98	0.808396972807146
750	98	0.7645235490306512
760	98	0.7235020950398705
770	98	0.6854965404888214
780	98	0.6504715708278099
790	98	0.6182786738063116
800	98	0.5887137761751636
810	98	0.5615529158700012
820	98	0.5365728552939089
830	98	0.5135620309095906
840	98	0.49232567315613956
850	98	0.472687533785739
860	98	0.4544897481456827
870	98	0.43759174326988093
0	99	2.0630178376443293e6
10	99	9.933730831714268
20	99	5.017409235920297
30	99	3.4007900014227768
40	99	2.608770664069666
50	99	2.146234181397852
60	99	1.8480705240262199
70	99	1.6434664424261485
80	99	1.496977860130172
90	99	1.388888102249464
100	99	1.3073513696315922
110	99	1.2448210148442835
120	99	1.1962637377241807
130	99	1.1581972385161994
140	99	1.128139941121305
150	99	1.104280221940339
160	99	1.085269218124792
170	99	1.0700862819523942
180	99	1.0579489709058947
190	99	1.0482508645147455
200	99	1.0405179834861373
210	99	1.0343773512161436
220	99	1.0295339712396687
230	99	1.0257535216604279
240	99	1.0228495910803341
250	99	1.0206736084524015
260	99	1.01910724230443
270	99	1.0180564125913205
280	99	1.0174465948749083
290	99	1.0172190740915883
300	99	1.0173280236816005
310	99	1.0177380804285998
320	99	1.018422475838856
330	99	1.0193614469206982
340	99	1.0205410042139402
350	99	1.0219518438613067
360	99	1.0235885306729533
370	99	1.0254487401813404
380	99	1.0275326564608591
390	99	1.0298424395202446
400	99	1.03238176109499
410	99	1.0351553901693296
420	99	1.0381688225297196
430	99	1.041427939471526
440	99	1.0449386764024988
450	99	1.0487067216216512
460	99	1.0527371977542335
470	99	1.057034331481819
480	99	1.0616010970348482
490	99	1.0664387593498523
500	99	1.071546298825909
510	99	1.076919593604115
520	99	1.082550215932258
530	99	1.088423614335506
540	99	1.0945163058464957
550	99	1.1007915266694708
560	99	1.1071925032435292
570	99	1.1136321327975882
580	99	1.1199773914339997
590	99	1.126026374577493
600	99	1.1314758058247083
610	99	1.1358780003634257
620	99	1.138590172670855
630	99	1.138727930816282
640	99	1.135150557708526
650	99	1.1265246835200373
660	99	1.1115181802617569
670	99	1.0891351663134021
680	99	1.0591000386211742
690	99	1.0220957373884476
700	99	0.9796857183211285
710	99	0.9339332058015312
720	99	0.8869186264664553
730	99	0.8403753955087341
740	99	0.7955356309925216
750	99	0.7531469294296119
760	99	0.7135741088881928
770	99	0.6769173431335413
780	99	0.643112354696633
790	99	0.6120032656843429
800	99	0.5833906965733703
810	99	0.5570612968417914
820	99	0.5328047042292654
830	99	0.510422483362271
840	99	0.48973222544470674
850	99	0.4705688320943427
860	99	0.45278424909165105
870	99	0.43624640899362116
0	100	2.1439894373329226e6
10	100	10.033408230763225
20	100	5.0667656123525555
30	100	3.43316793655818
40	100	2.6325154672160833
50	100	2.164694350109793
60	100	1.8629313618481478
70	100	1.6557008930814672
80	100	1.5072037795162803
90	100	1.3975264213121505
100	100	1.3147047053633687
110	100	1.251116631772827
120	100	1.201678173880353
130	100	1.1628714612218098
140	100	1.1321892037571026
150	100	1.107800233062202
160	100	1.088340613134897
170	100	1.0727777721975313
180	100	1.0603194729759746
190	100	1.050351303592144
200	100	1.04239256341689
210	100	1.0360646384174685
220	100	1.0310676172521323
230	100	1.0271630955362263
240	100	1.0241610461534318
250	100	1.0219098355911524
260	100	1.0202884383723312
270	100	1.0192004703950601
280	100	1.0185693700550655
290	100	1.018334667114046
300	100	1.0184489739358402
310	100	1.01887556828981
320	100	1.0195864200376956
330	100	1.0205606725877556
340	100	1.02178327330031
350	100	1.023243954435849
360	100	1.024936335412821
370	100	1.0268571570231109
380	100	1.0290056780292274
390	100	1.031383100507129
400	100	1.0339921119113988
410	100	1.0368364580546219
420	100	1.0399205545780745
430	100	1.0432491418820466
440	100	1.0468269585479342
450	100	1.0506582275041934
460	100	1.0547472997210858
470	100	1.0590963798392727
480	100	1.0637070603863747
490	100	1.0685788638549145
500	100	1.073708762470778
510	100	1.079090225391615
520	100	1.0847117973537406
530	100	1.090554928191263
540	100	1.0965906407980428
550	100	1.1027743879859155
560	100	1.1090381684929056
570	100	1.11527857659149
580	100	1.1213390323299308
590	100	1.126984182740985
600	100	1.1318648040911237
610	100	1.1354735550136903
620	100	1.1370973267611788
630	100	1.1357827903548978
640	100	1.1303481820105616
650	100	1.1194889193334119
660	100	1.1020154692698114
670	100	1.0772007521166227
680	100	1.0451097927167623
690	100	1.0067234448687
700	100	0.9637509111150787
710	100	0.918215677696263
720	100	0.872024917604371
730	100	0.8266918780639029
740	100	0.7832496375890428
750	100	0.742298557381418
760	100	0.7041100676668195
770	100	0.6687336435388958
780	100	0.6360833733953691
790	100	0.6059994711913251
800	100	0.5782883974020442
810	100	0.552747318182667
820	100	0.529178068189361
830	100	0.5073944469247663
840	100	0.48722549093438833
850	100	0.4685164052134833
860	100	0.4511282035126063
870	100	0.43493669178058114
0	101	2.2518842180730924e6
10	101	10.133092983419042
20	101	5.116137018133052
30	101	3.4655677021181805
40	101	2.6562885769901885
50	101	2.1831890814802897
60	101	1.877831951029964
70	101	1.6679797731749213
80	101	1.5174781244378206
90	101	1.4062164023185801
100	101	1.3221121913768419
110	101	1.2574681359047466
120	101	1.2071496024176567
130	101	1.1676034028136726
140	101	1.1362962797822733
150	101	1.1113777561826172
160	101	1.0914689642777293
170	101	1.0755253330864554
180	101	1.0627450283113848
190	101	1.052505665264954
200	101	1.0443199186411487
210	101	1.0378034758150834
220	101	1.0326516744712928
230	101	1.0286219738166473
240	101	1.025520782957132
250	101	1.02319338496309
260	101	1.021516091180308
270	101	1.0203901647064608
280	101	1.0197370291013645
290	101	1.0194944158325083
300	101	1.0196133431756336
310	101	1.0200556805138348
320	101	1.0207921457785607
330	101	1.021800685431676
340	101	1.023065181846511
350	101	1.0245743363231747
360	101	1.0263207696098517
370	101	1.0282999933249757
380	101	1.0305110610011596
390	101	1.0329534031652936
400	101	1.0356289449686826
410	101	1.038540365489268
420	101	1.041690979905052
430	101	1.0450843725381422
440	101	1.048724070530145
450	101	1.052613209579445
460	101	1.0567542089352926
470	101	1.0611484000322984
480	101	1.0657955947573645
490	101	1.0706935228388206
500	101	1.0758370600580147
510	101	1.0812170996924886
520	101	1.0868188658770515
530	101	1.0926193400016142
540	101	1.0985833088267614
550	101	1.1046573196170877
560	101	1.1107605034389905
570	101	1.1167708454520173
580	101	1.1225051537037996
590	101	1.127690915783642
600	101	1.1319291584676123
610	101	1.1346504565697555
620	101	1.1350732375661925
630	101	1.1321858685602744
640	101	1.1247896009046725
650	101	1.1116464948066167
660	101	1.0917507836876352
670	101	1.0646661408156932
680	101	1.0307797080352978
690	101	0.9913125184543105
700	101	0.9480504743378275
710	101	0.9029295082173379
720	101	0.8576702227146736
730	101	0.8135787731340135
740	101	0.7715129902151346
750	101	0.7319488476589583
760	101	0.6950813728433023
770	101	0.660920056233763
780	101	0.6293632079347606
790	101	0.600249792300321
800	101	0.5733928891193172
810	101	0.5485999636473751
820	101	0.5256843703020385
830	101	0.5044713051593327
840	101	0.48480040806329355
850	101	0.46652641377178283
860	101	0.4495187265350214
870	101	0.43366044842982027
0	102	2.3520349840403344e6
10	102	10.232784466563379
20	102	5.165522554431016
30	102	3.497988762188902
40	102	2.680089521535579
50	102	2.2017174576220215
60	102	1.8927714517558198
70	102	1.6803022960016825
80	102	1.5278001100215457
90	102	1.4149571921598554
100	102	1.3295730376561257
110	102	1.2638748826517916
120	102	1.212677584813995
130	102	1.1723925654784206
140	102	1.140460805283493
150	102	1.1150126128105706
160	102	1.0946541007228527
170	102	1.0783289565818421
180	102	1.0652257325747114
190	102	1.0547141297998863
200	102	1.0463002424085892
210	102	1.0395941690712949
220	102	1.0342864722570255
230	102	1.0301305064029858
240	102	1.0269291362286563
250	102	1.0245245703554915
260	102	1.022790446507977
270	102	1.0216256946108142
280	102	1.0209496654841854
290	102	1.0206982812702903
300	102	1.020820957040784
310	102	1.0212781057214446
320	102	1.0220391318564683
330	102	1.0230807783764695
340	102	1.0243857984369982
350	102	1.0259418148660528
360	102	1.0277404171680677
370	102	1.02977635579368
380	102	1.0320468760253783
390	102	1.0345511596438757
400	102	1.037289815446913
410	102	1.04026443746444
420	102	1.0434772108793717
430	102	1.0469305540351237
440	102	1.050626773587777
450	102	1.0545677279266152
460	102	1.0587544760796546
470	102	1.0631868901364119
480	102	1.0678631613367733
490	102	1.0727791669107545
500	102	1.0779275608256016
510	102	1.0832964460743657
520	102	1.08886736900079
530	102	1.0946122690237807
540	102	1.1004888203137086
550	102	1.1064333668369044
560	102	1.1123503118723463
570	102	1.1180964991739333
580	102	1.12345888917783
590	102	1.1281241330231582
600	102	1.1316402348854826
610	102	1.1333747299015806
620	102	1.1324823210394268
630	102	1.1279080230678487
640	102	1.1184645755231855
650	102	1.1030195723816967
660	102	1.0807857145481816
670	102	1.0516253876386168
680	102	1.0162153371082359
690	102	0.9759549287225299
700	102	0.9326458581413406
710	102	0.8881020188276547
720	102	0.8438541770733559
730	102	0.8010181443418045
740	102	0.7602993142976431
750	102	0.7220693498893583
760	102	0.6864611564041346
770	102	0.6534529936723802
780	102	0.6229320522369403
790	102	0.5947380707613148
800	102	0.5686912444996406
810	102	0.5446090345434508
820	102	0.5223156493279075
830	102	0.5016468980146972
840	102	0.4824522491198892
850	102	0.4645952594287855
860	102	0.44795310491657925
870	102	0.4324156559874534
0	103	2.4475850143356426e6
10	103	10.332483857592699
20	103	5.214922298978597
30	103	3.5304306972748463
40	103	2.7039177483457495
50	103	2.22027898118933
60	103	1.907749392097924
70	103	1.6926677718714844
80	103	1.538168929923797
90	103	1.423748121813375
100	103	1.3370866358448814
110	103	1.270336310721666
120	103	1.2182615847268605
130	103	1.1772385147060167
140	103	1.1446824750191982
150	103	1.118704521464328
160	103	1.0978959223457743
170	103	1.0811886295367719
180	103	1.0677616266087495
190	103	1.0569768493336433
200	103	1.0483337618723727
210	103	1.0414369652794568
220	103	1.0359722728425944
230	103	1.031688958540637
240	103	1.0283863581184083
250	103	1.0259036146428735
260	103	1.0241116806076789
270	103	1.0229071364471811
280	103	1.0222072591353073
290	103	1.0219461322522618
300	103	1.0220715332892727
310	103	1.0225423862359737
320	103	1.0233267473958312
330	103	1.0244001128828595
340	103	1.02574406141667
350	103	1.0273451075539202
360	103	1.0291920695543657
370	103	1.0312836893690187
380	103	1.0336111029722757
390	103	1.0361741130631528
400	103	1.0389722399151369
410	103	1.0420059723110495
420	103	1.0452763594849517
430	103	1.0487846395923635
440	103	1.0525318978785796
450	103	1.0565187119906283
460	103	1.0607447810499564
470	103	1.0652084924725413
480	103	1.0699063808828444
490	103	1.0748323791427021
500	103	1.079976763136878
510	103	1.0853245715440651
520	103	1.0908532341089334
530	103	1.0965289651196204
540	103	1.1023013026979034
550	103	1.108094898203264
560	103	1.1137973540983805
570	103	1.1192416290627116
580	103	1.124181501843807
590	103	1.1282593088284245
600	103	1.1309675960683079
610	103	1.1316118261880888
620	103	1.129291057421713
630	103	1.122926267648608
640	103	1.1113735122626527
650	103	1.093643374626559
660	103	1.0691925835973537
670	103	1.0381759565739581
680	103	1.0015167043463538
690	103	0.9607311198008209
700	103	0.9175860024234677
710	103	0.8737508195176621
720	103	0.8305707618184367
730	103	0.7889898877076039
740	103	0.7495823396645114
750	103	0.7126328842941638
760	103	0.6782242363768812
770	103	0.6463105492267218
780	103	0.6167715828798905
790	103	0.5894493712946901
800	103	0.5641715046811854
810	103	0.5407650778125491
820	103	0.5190645069789604
830	103	0.4989154841445746
840	103	0.4801765936039066
850	103	0.4627195666401096
860	103	0.4464287848801275
870	103	0.43120040410867116
0	104	2.554955350770225e6
10	104	10.432189460810765
20	104	5.264335969427945
30	104	3.562892993044004
40	104	2.7277725570838123
50	104	2.2388729103614993
60	104	1.9227649501145103
70	104	1.7050754583349825
80	104	1.5485839562975714
90	104	1.432588487823945
100	104	1.3446522500863227
110	104	1.2768517922212814
120	104	1.2239010557828305
130	104	1.182140814099317
140	104	1.1489609288918523
150	104	1.1224532661748035
160	104	1.1011942926175988
170	104	1.0841042743359866
180	104	1.070352761344682
190	104	1.0592938752051735
200	104	1.0504206173934156
210	104	1.0433320447343557
220	104	1.0377092714495493
230	104	1.0332975292008315
240	104	1.029892632502555
250	104	1.0273306525078507
260	104	1.0254798699557397
270	104	1.024234484740476
280	104	1.0235096980865686
290	104	1.0232377320260222
300	104	1.023364681036753
310	104	1.023847964630583
320	104	1.024654246150621
330	104	1.0257577372821554
340	104	1.0271388107969008
350	104	1.0287828214786259
360	104	1.0306791512672344
370	104	1.032820394733662
380	104	1.0352016532734338
390	104	1.0378199486624577
400	104	1.0406736981034195
410	104	1.0437619697032658
420	104	1.0470855620222617
430	104	1.0506436359532016
440	104	1.0544363544114943
450	104	1.0584630110915636
460	104	1.062721933291072
470	104	1.0672100020604813
480	104	1.071922026875625
490	104	1.0768498850224932
500	104	1.0819812658505783
510	104	1.0872978093531163
520	104	1.0927722971480247
530	104	1.0983644129261085
540	104	1.1040143735063213
550	104	1.1096334538677117
560	104	1.1150901715108863
570	104	1.120190692181716
580	104	1.1246522813375845
590	104	1.1280698968663965
600	104	1.1298793830960936
610	104	1.1293274743830939
620	104	1.1254693395838606
630	104	1.1172252973092933
640	104	1.1035283602836743
650	104	1.0835655056754938
660	104	1.0570519877169184
670	104	1.0244155920535294
680	104	0.9867761729592927
690	104	0.9457097164457418
700	104	0.9029084574958226
710	104	0.859885370226855
720	104	0.8178095940447418
730	104	0.7774725181574587
740	104	0.7393362530438543
750	104	0.7036136181376972
760	104	0.670347053376807
770	104	0.6394723818083449
780	104	0.6108648384009511
790	104	0.5843698756319445
800	104	0.5598225935378286
810	104	0.5370593204332317
820	104	0.515924059968101
830	104	0.49627170649679797
840	104	0.47796930444793884
850	104	0.46089616625842167
860	104	0.44494336128425577
870	104	0.4300128878344854
0	105	2.650990332795085e6
10	105	10.531902170777613
20	105	5.313763210028566
30	105	3.5953755797080826
40	105	2.7516535099301174
50	105	2.257498675155239
60	105	1.9378174891815907
70	105	1.7175247133621183
80	105	1.5590444117503515
90	105	1.441477606118956
100	105	1.3522692610981144
110	105	1.2834207109573497
120	105	1.2295954479113045
130	105	1.1870990443403315
140	105	1.1532958641538065
150	105	1.126258569561531
160	105	1.1045490291869342
170	105	1.087075809375816
180	105	1.0729991036975897
190	105	1.0616652832769737
200	105	1.0525608908355883
210	105	1.0452795268671111
220	105	1.039497613076218
230	105	1.0349563443485594
240	105	1.0314480575359062
250	105	1.028805740999398
260	105	1.026894988317216
270	105	1.0256076340759623
280	105	1.0248567623469163
290	105	1.0245727145527594
300	105	1.0246998902099524
310	105	1.025194156344015
320	105	1.0260207590366799
330	105	1.027152588503825
340	105	1.02856876666823
350	105	1.0302534586964518
360	105	1.032194894073893
370	105	1.0343845394311837
380	105	1.0368163760486493
390	105	1.0394863182321443
400	105	1.0423916589818882
410	105	1.0455306360279062
420	105	1.0489019984283816
430	105	1.0525046247933851
440	105	1.0563371551399137
450	105	1.0603975965934398
460	105	1.0646828895091642
470	105	1.0691883621237086
480	105	1.0739070194040132
490	105	1.078828525745206
500	105	1.08393773095054
510	105	1.0892124624800397
520	105	1.0946202231307889
530	105	1.100113224437901
540	105	1.1056210035402156
550	105	1.111039582080046
560	105	1.116215917039156
570	105	1.1209263672193253
580	105	1.1248485004486264
590	105	1.1275275049798825
600	105	1.1283428569370026
610	105	1.1264887077413825
620	105	1.1209919049286141
630	105	1.110798838885921
640	105	1.094952998282216
650	105	1.0728446432065117
660	105	1.0444500546146214
670	105	1.0104395023850368
680	105	0.9720769699203715
690	105	0.9309477564181519
700	105	0.8886406650224542
710	105	0.8465084268454414
720	105	0.8055570161040051
730	105	0.7664437904656107
740	105	0.7295359517998441
750	105	0.6949870976168422
760	105	0.6628075956094243
770	105	0.6329196045090363
780	105	0.6051961077948069
790	105	0.5794867864496559
800	105	0.555634240891745
810	105	0.5334836118770195
820	105	0.5128878971571771
830	105	0.49371056145651837
840	105	0.4758265061135315
850	105	0.45912208072757155
860	105	0.4434945675358677
870	105	0.42885140114741627
0	106	2.7667245518143396e6
10	106	10.631621381509419
20	106	5.363203873562537
30	106	3.6278777087529424
40	106	2.775560284744215
50	106	2.2761557445173612
60	106	1.9529064256274657
70	106	1.7300148690766646
80	106	1.5695496907855795
90	106	1.4504148220379613
100	106	1.3599370703842524
110	106	1.2900425288509627
120	106	1.2353442816964693
130	106	1.1921127729010896
140	106	1.1576868402976244
150	106	1.130120180365464
160	106	1.107959939799001
170	106	1.090103123967144
180	106	1.0757005919459737
190	106	1.0640910543259647
200	106	1.0547546224787367
210	106	1.0472794620340553
220	106	1.0413373545659441
230	106	1.0366654702010776
240	106	1.0330526437021588
250	106	1.030328829136858
260	106	1.0283569192472313
270	106	1.0270263665814188
280	106	1.0262481235069272
290	106	1.0259506229974933
300	106	1.0260765442557096
310	106	1.0265801775520982
320	106	1.0274253152301167
330	106	1.0285834944183097
340	106	1.0300325545320625
350	106	1.0317554351672864
360	106	1.033737985722876
370	106	1.035974121975897
380	106	1.0384530847699314
390	106	1.0411708529640433
400	106	1.0441235987804394
410	106	1.047308418339748
420	106	1.0507229073570226
430	106	1.0543647704356787
440	106	1.058231421937379
450	106	1.062319573092539
460	106	1.0666247465141596
470	106	1.071140662122034
480	106	1.0758584040393642
490	106	1.080765231712299
500	106	1.0858428348099938
510	106	1.091064737163067
520	106	1.0963924140921741
530	106	1.1017695173992388
540	106	1.1071133723220576
550	106	1.1123026749649683
560	106	1.1171601907118216
570	106	1.1214294442089896
580	106	1.1247454454697838
590	106	1.1266021939153843
600	106	1.1263251104491165
610	106	1.1230650444338768
620	106	1.1158397693774706
630	106	1.103650708354828
640	106	1.0856830496354086
650	106	1.0615486975559405
660	106	1.0314756221797692
670	106	0.9963379967635138
680	106	0.9574923350796226
690	106	0.9164913155044606
700	106	0.8748012926193014
710	106	0.833617339726065
720	106	0.7937970003313225
730	106	0.7558811819281929
740	106	0.7201572199294296
750	106	0.6867302471118754
760	106	0.6555853168363804
770	106	0.6266346780607142
780	106	0.5997508281201022
790	106	0.5747882401970357
800	106	0.5515969137619028
810	106	0.5300303710571271
820	106	0.5099500407215196
830	106	0.49122737118228066
840	106	0.47374456512399976
850	106	0.457394510400416
860	106	0.44208026655879246
870	106	0.4277143313430768
0	107	2.877687464334119e6
10	107	10.731347387252104
20	107	5.412657576230198
30	107	3.6603992176845708
40	107	2.79949229068434
50	107	2.294843576989106
60	107	1.968031117655682
70	107	1.7425452218831823
80	107	1.5800990751338617
90	107	1.4593994625970275
100	107	1.3676550745558025
110	107	1.2967166467616742
120	107	1.2411470585461823
130	107	1.1971815399046473
140	107	1.1621335324326159
150	107	1.1340377709947043
160	107	1.1114267596438696
170	107	1.093186032395706
180	107	1.0784571352514718
190	107	1.0665711358238734
200	107	1.05700178210265
210	107	1.04933184715906
220	107	1.043228478967758
230	107	1.0384248566217484
240	107	1.0347063283723306
250	107	1.0318998027702466
260	107	1.02986546235993
270	107	1.0284903730571544
280	107	1.0276833464719324
290	107	1.027370887314978
300	107	1.0274939181962448
310	107	1.0280051395482046
320	107	1.0288668465741393
330	107	1.0300509478268225
340	107	1.0315287136976785
350	107	1.0332870935759604
360	107	1.0353101806606555
370	107	1.0375871039622553
380	107	1.0401095590859797
390	107	1.04287118400122
400	107	1.0458670118998143
410	107	1.0490930037895154
420	107	1.0525456039883905
430	107	1.056221339423541
440	107	1.060116398724741
450	107	1.0642261784613207
460	107	1.0685447442637326
470	107	1.0730641233993496
480	107	1.0777733322474254
490	107	1.0826569819546543
500	107	1.087693216484533
510	107	1.0928506646711793
520	107	1.0980839057042713
530	107	1.1033267883095248
540	107	1.1084827124195822
550	107	1.113410802654328
560	107	1.1179068974626813
570	107	1.1216787641437191
580	107	1.124316538710623
590	107	1.1252629202483342
600	107	1.123793948134182
610	107	1.1190297736846158
620	107	1.110001566556463
630	107	1.0957954692992053
640	107	1.0757651177525003
650	107	1.0497525839573483
660	107	1.0182175353053868
670	107	0.9821946541066471
680	107	0.9430852175888261
690	107	0.9023763970786892
700	107	0.8614015449597141
710	107	0.8212051917163835
720	107	0.7825118885929769
730	107	0.7457622610933112
740	107	0.7111768435916991
750	107	0.6788213450405924
760	107	0.648661051330955
770	107	0.620601310336969
780	107	0.5945154904036158
790	107	0.5702632282698833
800	107	0.5477017538390617
810	107	0.5266925391240871
820	107	0.5071049113889923
830	107	0.48881775804124844
840	107	0.47172007230889024
850	107	0.45571082152024295
860	107	0.4406984426031933
870	107	0.42660015346682795
0	108	3.0030293757715626e6
10	108	10.831080037335642
20	108	5.46212388668746
30	108	3.6929396435321338
40	108	2.8234490372459864
50	108	2.3135616186939565
60	108	1.9831909433051675
70	108	1.7551151754182943
80	108	1.5906919415552296
90	108	1.4684309119440968
100	108	1.3754225889114244
110	108	1.303442517206634
120	108	1.2470032125639343
130	108	1.2023048752020689
140	108	1.1666355465228808
150	108	1.1380110249814612
160	108	1.1149492666909413
170	108	1.0963243476999225
180	108	1.0812685616545101
190	108	1.069105409598164
200	108	1.0593022961740213
210	108	1.0514366057051525
220	108	1.045170906901205
230	108	1.0402344021101453
240	108	1.0364089618037315
250	108	1.0335184312373178
260	108	1.0314203062758793
270	108	1.0299992455520666
280	108	1.0291619061533688
290	108	1.0288326923701394
300	108	1.0289511962267983
310	108	1.0294680432941195
320	108	1.0303441760240775
330	108	1.0315483320896905
340	108	1.033055705643927
350	108	1.0348467107309112
360	108	1.0369059647866141
370	108	1.0392214105224675
380	108	1.041783575711849
390	108	1.0445849514937042
400	108	1.0476194335738207
410	108	1.0508818474131938
420	108	1.0543674884153298
430	108	1.0580717079248196
440	108	1.0619894562049612
450	108	1.066114790453765
460	108	1.0704402576320555
470	108	1.0749560832504133
480	108	1.0796490322318284
490	108	1.0845007622329967
500	108	1.0894854098733668
510	108	1.0945660145564373
520	108	1.09968925527201
530	108	1.1047777725013335
540	108	1.1097191523986945
550	108	1.1143505558413844
560	108	1.1184381308595752
570	108	1.1216512203743476
580	108	1.123533572481558
590	108	1.1234781332562425
600	108	1.120718917413384
610	108	1.1143612860405758
620	108	1.1034746841405567
630	108	1.0872586154923387
640	108	1.065255487486778
650	108	1.0375357792190802
660	108	1.0047622232932605
670	108	0.9680850451462492
680	108	0.9289084197273865
690	108	0.8886299765638915
700	108	0.8484463979770933
710	108	0.809261775288078
720	108	0.7716829884831681
730	108	0.7360649639856335
740	108	0.7025726802576432
750	108	0.6712399831623922
760	108	0.6420169283299149
770	108	0.6148043619229218
780	108	0.5894775536177833
790	108	0.5659015253964679
800	108	0.5439405210684067
810	108	0.5234635368276263
820	108	0.5043472966355717
830	108	0.48647762236841763
840	108	0.4697498266225547
850	108	0.45406853481899606
860	108	0.43934719372892556
870	108	0.42550742546682824
0	109	3.1235436553969313e6
10	109	10.93081831757015
20	109	5.511603032016436
30	109	3.7254986907435326
40	109	2.847430160462222
50	109	2.3323093502322956
60	109	1.9983854627399458
70	109	1.767724176249171
80	109	1.601327715385219
90	109	1.4775085541236872
100	109	1.383239038211036
110	109	1.3102195484894885
120	109	1.252912249489304
130	109	1.2074822912359013
140	109	1.1711924523370032
150	109	1.1420395704919788
160	109	1.1185271649985813
170	109	1.0995178206350635
180	109	1.0841347003079507
190	109	1.0716937157757431
200	109	1.0616559934814516
210	109	1.0535935995725456
220	109	1.0471644916500649
230	109	1.0420939077863443
240	109	1.0381602836280022
250	109	1.0351844003983401
260	109	1.033021052937755
270	109	1.0315524758787253
280	109	1.0306831640936476
290	109	1.0303347493300383
300	109	1.030447445035567
310	109	1.0309678071790858
320	109	1.0318560506446322
330	109	1.0330780338162089
340	109	1.0346124678307074
350	109	1.0364319689093238
360	109	1.0385246013859808
370	109	1.0408749524084862
380	109	1.0434729147958504
390	109	1.0463098276835705
400	109	1.0493784517068636
410	109	1.0526724807820012
420	109	1.0561860640479903
430	109	1.059913369239356
440	109	1.063848095891114
450	109	1.0679829172443345
460	109	1.072308782613239
470	109	1.0768139735368558
480	109	1.081482768157598
490	109	1.086293508754159
500	109	1.091215770183955
510	109	1.0962061952057742
520	109	1.1012024170607042
530	109	1.1061142964560946
540	109	1.110811557978186
550	109	1.1151069027080203
560	109	1.1187340990732977
570	109	1.1213218429273268
580	109	1.1223670722311376
590	109	1.1212165295786254
600	109	1.1170724605387907
610	109	1.1090443655682296
620	109	1.0962660992678293
630	109	1.0780762382723947
640	109	1.0542183895395698
650	109	1.0249798419348222
660	109	0.9911916702375239
670	109	0.9540759794597238
680	109	0.9150050804042945
690	109	0.8752711111918202
700	109	0.835935724691381
710	109	0.7977744174225215
720	109	0.7612910469546238
730	109	0.7267677958153306
740	109	0.6943236922904145
750	109	0.6639670151745138
760	109	0.6356362878595039
770	109	0.6092297580977662
780	109	0.5846253660285008
790	109	0.5616936248748271
800	109	0.5403055432752191
810	109	0.5203372260697878
820	109	0.5016723226571911
830	109	0.48420312143269695
840	109	0.46783082038938845
850	109	0.45246531554563235
860	109	0.4380247248272428
870	109	0.4244347837006873
0	110	3.237319966446246e6
10	110	11.0305634776633
20	110	5.561094422459745
30	110	3.758075976380518
40	110	2.8714352807266925
50	110	2.3510862701125808
60	110	2.013613922579592
70	110	1.7803715746232551
80	110	1.6120057257665856
90	110	1.4866317646846685
100	110	1.3911038411186185
110	110	1.3170471501296812
120	110	1.2588736200825892
130	110	1.2127133428257175
140	110	1.1758038222151934
150	110	1.1461230591262463
160	110	1.1221600982955826
170	110	1.1027661777088558
180	110	1.0870552783361795
190	110	1.0743358387572417
200	110	1.0640626911532212
210	110	1.0558025978872665
220	110	1.0492089781352425
230	110	1.0440031132609615
240	110	1.039959977808887
250	110	1.0368973127566121
260	110	1.0346671986026095
270	110	1.0331505159585654
280	110	1.0322463959228638
290	110	1.0318786142282856
300	110	1.0319816510757813
310	110	1.0325032538479104
320	110	1.0334011263252616
330	110	1.0346411191010567
340	110	1.0361955242647802
350	110	1.0380426506376197
360	110	1.0401641253067537
370	110	1.0425456390398364
380	110	1.0451753763499045
390	110	1.0480435267931476
400	110	1.0511417237603182
410	110	1.0544625243452006
420	110	1.0579989391863311
430	110	1.0617439416133363
440	110	1.0656899484587257
450	110	1.069828194185196
460	110	1.0741479215293153
470	110	1.078635288452833
480	110	1.0832717996062127
490	110	1.0880320451373637
500	110	1.0928803891105925
510	110	1.0977661466496107
520	110	1.1026166088251117
530	110	1.1073271278206152
540	110	1.1117473780876157
550	110	1.1156630701152697
560	110	1.118773106332919
570	110	1.1206639804118328
580	110	1.1207867982950148
590	110	1.1184479564577035
600	110	1.112831137287649
610	110	1.1030713537065349
620	110	1.0883928249869599
630	110	1.0682941879620362
640	110	1.04272395926312
650	110	1.0121660577407172
660	110	0.9775818412151813
670	110	0.9402252155285299
680	110	0.9014093945052712
690	110	0.8623120475317511
700	110	0.8238652962983186
710	110	0.7867286652873429
720	110	0.7513166213601595
730	110	0.7178499736857423
740	110	0.6864099544387268
750	110	0.656984498053417
760	110	0.629503599247397
770	110	0.6038644071268783
780	110	0.5799480933664978
790	110	0.557630679806286
800	110	0.5367896696460461
810	110	0.5173078748468387
820	110	0.4990754280031873
830	110	0.48199065075283354
840	110	0.46596022623654976
850	110	0.4508989638481587
860	110	0.4367293413214839
870	110	0.4233809388211152
0	111	3.356286813372168e6
10	111	11.130314410367449
20	111	5.610597844387743
30	111	3.7906713601841564
40	111	2.895463821775122
50	111	2.369891953147048
60	111	2.0288760077780683
70	111	1.7930567966744781
80	111	1.6227254085185034
90	111	1.4957999230916854
100	111	1.399016397894149
110	111	1.3239247808838344
120	111	1.2648867800796515
130	111	1.2179975130746394
140	111	1.180469210264277
150	111	1.1502610749427822
160	111	1.1258477275838943
170	111	1.1060690776459567
180	111	1.090030005177311
190	111	1.077031471370658
200	111	1.066522092693014
210	111	1.058063323521736
220	111	1.0513040582389683
230	111	1.0459616500024318
240	111	1.0418076191654562
250	111	1.0386569646680592
260	111	1.0363581595424785
270	111	1.0347894935484487
280	111	1.0338507746432428
290	111	1.0334606109265803
300	111	1.0335527128400601
310	111	1.0340731311010392
320	111	1.0349780047060142
330	111	1.0362317076624565
340	111	1.037805311725234
350	111	1.0396753131285414
360	111	1.041822567220337
370	111	1.0442313916903354
380	111	1.046888793834166
390	111	1.0497838234686119
400	111	1.0529069800100568
410	111	1.0562496987039551
420	111	1.0598038388792133
430	111	1.0635611638439872
440	111	1.0675127690386732
450	111	1.0716483655106506
460	111	1.0759553553215553
470	111	1.0804175472054571
480	111	1.085013327426844
490	111	1.089713012357435
500	111	1.0944750021965028
510	111	1.0992402209514875
520	111	1.1039241728581013
530	111	1.1084058210980652
540	111	1.112512504361686
550	111	1.1160004601793359
560	111	1.1185316053365737
570	111	1.119649596272114
580	111	1.118762395462758
590	111	1.115144441109116
600	111	1.1079768529015213
610	111	1.0964430890188042
620	111	1.0798819131728596
630	111	1.0579667835146849
640	111	1.0308460410710627
650	111	0.9991733419764064
660	111	0.96400157941588
670	111	0.926581553203043
680	111	0.8881474762119964
690	111	0.8497592791107905
700	111	0.8122276542539975
710	111	0.776108848685446
720	111	0.741740365274035
730	111	0.7092915224928552
740	111	0.678812641582948
750	111	0.6502756297798657
760	111	0.6236043831555409
770	111	0.5986961246719718
780	111	0.5754356532967626
790	111	0.5537044498064733
800	111	0.5333862294221722
810	111	0.5143701257781754
820	111	0.4965523405959747
830	111	0.4798368271976459
840	111	0.46413538462644705
850	111	0.4493674067273388
860	111	0.43545944349981225
870	111	0.42234467204575904
0	112	3.4919229332778407e6
10	112	11.230071322475663
20	112	5.660113419856447
30	112	3.8232843581505205
40	112	2.9195155837854334
50	112	2.388725886217648
60	112	2.0441709931102863
70	112	1.8057792895700286
80	112	1.6334861604210114
90	112	1.5050124228815707
100	112	1.4069760852937183
110	112	1.3308518575663875
120	112	1.2709511948306467
130	112	1.2233342868322192
140	112	1.1851881295073312
150	112	1.154453166954713
160	112	1.1295896261437692
170	112	1.109426144582563
180	112	1.093058531843063
190	112	1.0797803014652634
200	112	1.0690338606143506
210	112	1.0603754119072442
220	112	1.0534493381822099
230	112	1.0479690744336216
240	112	1.043702022239191
250	112	1.0404623884335054
260	112	1.0380920952407997
270	112	1.0364717928236684
280	112	1.035495395255085
290	112	1.0350806558170114
300	112	1.0351591433606513
310	112	1.0356761161161068
320	112	1.0365852159698261
330	112	1.0378496357948808
340	112	1.0394390486554397
350	112	1.0413286269054391
360	112	1.0434979612016884
370	112	1.0459301572130768
380	112	1.0486110531516606
390	112	1.0515285574205964
400	112	1.0546720457826755
410	112	1.0580318292035875
420	112	1.0615986048655226
430	112	1.0653629003466591
440	112	1.06931442651968
450	112	1.0734412707582384
460	112	1.0777288176443058
470	112	1.0821582543888322
480	112	1.0867044326734658
490	112	1.0913327858748094
500	112	1.0959948826141683
510	112	1.1006220565466385
520	112	1.1051164309942614
530	112	1.109338570501832
540	112	1.1130911494293552
550	112	1.1160986148234144
560	112	1.1179843380543109
570	112	1.1182496943128348
580	112	1.1162641848003603
590	112	1.1112813091540255
600	112	1.1024980115421645
610	112	1.0891695384882556
620	112	1.0707699933511654
630	112	1.0471551643388948
640	112	1.0186599906141134
650	112	0.9860764901242565
660	112	0.9505119496630099
670	112	0.9131852195493176
680	112	0.87523829154619
690	112	0.837614524160563
700	112	0.8010128570854861
710	112	0.7658985348266792
720	112	0.7325432447498362
730	112	0.7010733348345288
740	112	0.6715140027423636
750	112	0.6438246853007145
760	112	0.6179251376069396
770	112	0.593713563912555
780	112	0.5710786556355265
790	112	0.5499072525686696
800	112	0.5300889941655813
810	112	0.5115189673758817
820	112	0.4940990561203165
830	112	0.4777384733537222
840	112	0.4623537929787706
850	112	0.4478686898708713
860	112	0.4342135211218388
870	112	0.4213248315856383
0	113	3.620150764510084e6
10	113	11.329834313951599
20	113	5.709640513610445
30	113	3.8559146948886287
40	113	2.9435900624756512
50	113	2.4075876123336992
60	113	2.059498435206441
70	113	1.8185384774548736
80	113	1.6442873320697131
90	113	1.5142686956336342
100	113	1.414982307694696
110	113	1.337827757980695
120	113	1.2770662868637233
130	113	1.228723117996246
140	113	1.1899600748946055
150	113	1.158698851460442
160	113	1.1333853585547098
170	113	1.112836968439445
180	113	1.0961404375029862
190	113	1.0825819005495507
200	113	1.0715975730596303
210	113	1.0627384280846117
220	113	1.0556443481394786
230	113	1.0500248667176997
240	113	1.0456446345029715
250	113	1.042312266505145
260	113	1.0398722956981363
270	113	1.038195480469121
280	113	1.0371792584224708
290	113	1.0367376312098155
300	113	1.0368005685608392
310	113	1.0373108268149587
320	113	1.0382212443011183
330	113	1.0394932582474974
340	113	1.0410951392110253
350	113	1.0430007296107546
360	113	1.045188360293654
370	113	1.0476399235371463
380	113	1.0503400945476844
390	113	1.0532756468172562
400	113	1.0564348413679994
410	113	1.0598068511545375
420	113	1.0633811967520126
430	113	1.067147126953068
440	113	1.0710928924955634
450	113	1.0752048177747695
460	113	1.0794660570295307
470	113	1.0838548442678138
480	113	1.0883420059759543
490	113	1.092887385518576
500	113	1.0974347295925637
510	113	1.1019044433931544
520	113	1.1061835352399
530	113	1.1101120687086008
540	113	1.113465758023831
550	113	1.1159352453344482
560	113	1.1171045784221576
570	113	1.1164348780495668
580	113	1.113264084911054
590	113	1.1068383389125025
600	113	1.0963905121581872
610	113	1.0812700535078208
620	113	1.061102370684887
630	113	1.0359254055765428
640	113	1.0062406097770487
650	113	0.9729448243008314
660	113	0.9371659769170165
670	113	0.9000684623810558
680	113	0.8626946013822415
690	113	0.825875605927966
700	113	0.7902091099127386
710	113	0.7560808918496862
720	113	0.7237066980017368
730	113	0.6931772027906968
740	113	0.6644973252911652
750	113	0.6376169525399188
760	113	0.6124532683096446
770	113	0.5889061513594626
780	113	0.566868347845751
790	113	0.5462319200156863
800	113	0.526892143565214
810	113	0.5087497081713632
820	113	0.4917118188784209
830	113	0.4756926033265635
840	113	0.46061309535891576
850	113	0.4464009707352103
860	113	0.4329901485283239
870	113	0.4203203293990215
0	114	3.752246102675695e6
10	114	11.429602793547936
20	114	5.759179086022776
30	114	3.8885620594858272
40	114	2.9676868576797655
50	114	2.426476646698254
60	114	2.0748578818498125
70	114	1.8313337934134195
80	114	1.6551284080094506
90	114	1.5235681152340836
100	114	1.4230344812463673
110	114	1.3448519122516114
120	114	1.2832314689774307
130	114	1.2341634431923185
140	114	1.1947845021561176
150	114	1.162997628160144
160	114	1.1372344248392863
170	114	1.1163010500687907
180	114	1.09927525786093
190	114	1.0854357982977414
200	114	1.074212739379719
210	114	1.0651518537064415
220	114	1.0578885331132373
230	114	1.0521284212339719
240	114	1.0476327465217223
250	114	1.0442070877792813
260	114	1.0416926824044639
270	114	1.0399591523514151
280	114	1.0389014639053384
290	114	1.0384301773633569
300	114	1.0384748811909643
310	114	1.0389758264924802
320	114	1.0398845360754732
330	114	1.041160913297195
340	114	1.0427718201348306
350	114	1.0446897749437987
360	114	1.046891847487146
370	114	1.0493587264085067
380	114	1.0520739316139793
390	114	1.0550231061533932
400	114	1.0581933881208578
410	114	1.0615728109226088
420	114	1.0651496870966675
430	114	1.0689119278564219
440	114	1.0728462175102331
450	114	1.076936953732611
460	114	1.081164793147219
470	114	1.085504623781075
480	114	1.089922670870078
490	114	1.0943723755320094
500	114	1.098788545396587
510	114	1.1030791814717278
520	114	1.1071143248655628
530	114	1.1107113872699221
540	114	1.1136169585890467
550	114	1.1154863374665585
560	114	1.1158644922182595
570	114	1.1141760487546482
580	114	1.1097366323603282
590	114	1.1018008831360206
600	114	1.0896585026970325
610	114	1.0727732115977533
620	114	1.0509317416296913
630	114	1.0243465307346449
640	114	0.9936603224171382
650	114	0.9598412461163431
660	114	0.9240087122511411
670	114	0.8872562755799606
680	114	0.8505238728372003
690	114	0.8145372293882548
700	114	0.7798032884101542
710	114	0.7466389749320435
720	114	0.7152127500672473
730	114	0.6855858285548394
740	114	0.6577468925810825
750	114	0.6316386696428145
760	114	0.6071770233599172
770	114	0.5842640276970531
780	114	0.562796565348132
790	114	0.5426717583108486
800	114	0.5237902340062214
810	114	0.5060579530705691
820	114	0.48938710411179676
830	114	0.4736964100216561
840	114	0.4589110733531542
850	114	0.4449625119227712
860	114	0.4317879801311753
870	114	0.41933013834706595
0	115	3.8842876794160134e6
10	115	11.529376965905183
20	115	5.808729090711153
30	115	3.9212261892253393
40	115	2.991805644872124
50	115	2.445392572432211
60	115	2.090248716520089
70	115	1.84416468435264
80	115	1.6660087654991693
90	115	1.5329100663199737
100	115	1.4311319710077952
110	115	1.3519237113224256
120	115	1.2894461488980964
130	115	1.2396546871923495
140	115	1.1996608531047248
150	115	1.167348942089613
160	115	1.141136303060542
170	115	1.1198178787604922
180	115	1.1024624693838503
190	115	1.0883414707994694
200	115	1.0768788271244558
210	115	1.0676152728688932
220	115	1.0601812673850433
230	115	1.0542790505432298
240	115	1.0496662784879247
250	115	1.0461454956848946
260	115	1.0435552345768637
270	115	1.0417631106253813
280	115	1.040660343354985
290	115	1.0401575355332202
300	115	1.0401808957449128
310	115	1.0406696340290627
320	115	1.0415735107864423
330	115	1.0428509227845364
340	115	1.0444673335521801
350	115	1.0463939380522507
360	115	1.048606550217755
370	115	1.0510846705046566
380	115	1.0538106590557161
390	115	1.0567690362346263
400	115	1.0599458160464583
410	115	1.0633278680809732
420	115	1.0669022566841255
430	115	1.070655474831772
440	115	1.0745725128341137
450	115	1.078635629021412
460	115	1.0828226684091937
470	115	1.0871047045399285
480	115	1.091442696126967
490	115	1.0957827550749821
500	115	1.1000495060053663
510	115	1.10413694062773
520	115	1.1078961886993959
530	115	1.1111198802275828
540	115	1.1135235729887183
550	115	1.1147263521243067
560	115	1.1142356238451736
570	115	1.111445229798216
580	115	1.1056600588219976
590	115	1.0961608849217022
600	115	1.082314821932024
610	115	1.0637162427705351
620	115	1.040316621923749
630	115	1.0124885514502895
640	115	0.9809876623558093
650	115	0.9468216727154207
660	115	0.9110775520597469
670	115	0.8747671918837457
680	115	0.8387291312274547
690	115	0.8035916541600039
700	115	0.7697813692302997
710	115	0.737555948369266
720	115	0.7070440912230744
730	115	0.6782828191939214
740	115	0.6512479378129852
750	115	0.6258769641520948
760	115	0.6020854323527911
770	115	0.5797779934802888
780	115	0.5588556861398349
790	115	0.5392205115488469
800	115	0.5207781708807996
810	115	0.5034395816973785
820	115	0.48712160187622205
830	115	0.47174725311266863
840	115	0.4572456374018795
850	115	0.4435516750772161
860	115	0.43060574635856985
870	115	0.4183532891955653
0	116	4.0204484388686107e6
10	116	11.629157087724707
20	116	5.8582901725646845
30	116	3.953906803767304
40	116	3.0159460072517525
50	116	2.464334981525614
60	116	2.1056705163844547
70	116	1.8570306229172038
80	116	1.676927826717994
90	116	1.5422939468507382
100	116	1.4392741551109065
110	116	1.3590425218697204
120	116	1.2957096993866797
130	116	1.2451962270361585
140	116	1.2045885168452464
150	116	1.171752215229658
160	116	1.1450903999174036
170	116	1.123386872901571
180	116	1.105701486531057
190	116	1.0912983267017415
200	116	1.0795952010604206
210	116	1.0701275414661466
220	116	1.0625218455529293
230	116	1.0564759930594176
240	116	1.0517443977514167
250	116	1.0481265793866943
260	116	1.0454583551712806
270	116	1.0436049208437483
280	116	1.0424552706567434
290	116	1.0419179085373778
300	116	1.0419172466790612
310	116	1.0423907498232186
320	116	1.0432865678518533
330	116	1.0445616087738145
340	116	1.0461799360366686
350	116	1.0481114276389702
360	116	1.0503306537316697
370	116	1.0528159232773726
380	116	1.0555484551643122
390	116	1.0585116407325108
400	116	1.0616903581404287
410	116	1.0650702864275163
420	116	1.0686371799131367
430	116	1.0723760130630318
440	116	1.0762699163716878
450	116	1.0802987555518535
460	116	1.084437186840455
470	116	1.0886519249215667
480	116	1.092897896475359
490	116	1.0971128406580533
500	116	1.101209825966158
510	116	1.1050671187433139
520	116	1.1085149442989632
530	116	1.1113191289883309
540	116	1.1131626959402297
550	116	1.1136285310596366
560	116	1.1121895115978124
570	116	1.1082164976048643
580	116	1.1010173689002087
590	116	1.089917709348875
600	116	1.0743810801079614
610	116	1.0541440712789423
620	116	1.0293195961942327
630	116	1.0004206478709243
640	116	0.9682861111190161
650	116	0.9339348118291262
660	116	0.8984027399642414
670	116	0.8626140931403999
680	116	0.8273097355730186
690	116	0.7930292691556952
700	116	0.7601287791676435
710	116	0.7288152546426945
720	116	0.699184127347487
730	116	0.6712526697147452
740	116	0.6449865955476937
750	116	0.620319794755193
760	116	0.5971682496809747
770	116	0.5754394592827147
780	116	0.5550385894249744
790	116	0.5358723286968226
800	116	0.5178511823990594
810	116	0.5008907290133513
820	116	0.4849122024706951
830	116	0.4698426484186009
840	116	0.45561481896263983
850	116	0.44216691546859965
860	116	0.42944224960581845
870	116	0.4173888682134542
0	117	4.159086033407917e6
10	117	11.728942261680915
20	117	5.9078621396834485
30	117	3.9866035714020627
40	117	3.0401076290931495
50	117	2.483303361882026
60	117	2.121122735670937
70	117	1.8699310339551891
80	117	1.6878850090551722
90	117	1.5517191484489576
100	117	1.4474604233038098
110	117	1.3662076962175767
120	117	1.3020214814586843
130	117	1.2507874385593718
140	117	1.2095668634111967
150	117	1.1762067941648142
160	117	1.1490960844693503
170	117	1.1270073976804438
180	117	1.1089916679293077
190	117	1.0943056719219961
200	117	1.082361170984185
210	117	1.0726881876267291
220	117	1.0649094882413495
230	117	1.0587184080847958
240	117	1.0538661927891435
250	117	1.0501493532923045
260	117	1.0474010035783674
270	117	1.0454838658785321
280	117	1.0442847462467624
290	117	1.0437101053450122
300	117	1.043682490168509
310	117	1.044137639390605
320	117	1.0450221044506531
330	117	1.0462913069700344
340	117	1.047907914470296
350	117	1.049840500149063
360	117	1.0520623978353858
370	117	1.0545507361109452
380	117	1.0572855914540775
390	117	1.0602492245999053
400	117	1.0634253541675265
410	117	1.0667984275942848
420	117	1.0703528106970397
430	117	1.0740718318571578
440	117	1.0779365570644341
450	117	1.0819241561530382
460	117	1.0860056515651366
470	117	1.0901427679977929
480	117	1.0942835303276908
490	117	1.0983561410560867
500	117	1.1022606210647712
510	117	1.1058577075568752
520	117	1.1089547392943322
530	117	1.1112889348840507
540	117	1.1125098583468147
550	117	1.1121653216950538
560	117	1.1096984286066987
570	117	1.104466983189439
580	117	1.0957973522347162
590	117	1.0830787187616127
600	117	1.0658873564245788
610	117	1.0441080394527795
620	117	1.0180055096093006
630	117	0.9882095769576668
640	117	0.9556132892784388
650	117	0.9212222180608433
660	117	0.8860079859600257
670	117	0.8508050011842555
680	117	0.8162620699022316
690	117	0.7828390764032759
700	117	0.7508306751770891
710	117	0.720400740680227
720	117	0.6916170080550289
730	117	0.6644807377200244
740	117	0.6389498526330546
750	117	0.6149558958721291
760	117	0.5924159020144146
770	117	0.5712403999959554
780	117	0.5513386178656189
790	117	0.53262173340739
800	117	0.5150047962688776
810	117	0.498407767150425
820	117	0.4827559828010827
830	117	0.4679802578101532
840	117	0.4540167634078065
850	117	0.44080677668085666
860	117	0.42829636072095767
870	117	0.4164360145544926
0	118	4.301308570904226e6
10	118	11.82873299634152
20	118	5.957444834668944
30	118	4.019316286208093
40	118	3.0642901054180265
50	118	2.502297279375066
60	118	2.136604876206775
70	118	1.8828653893223437
80	118	1.6988797173635435
90	118	1.5611850378752588
100	118	1.4556901011263839
110	118	1.3734185865977406
120	118	1.3083808263825178
130	118	1.2564276293736136
140	118	1.2145952188929787
150	118	1.1807120225899626
160	118	1.1531526898938913
170	118	1.1306788238857888
180	118	1.1123323165896455
190	118	1.0973628222389864
200	118	1.0851759925540427
210	118	1.075296601840199
220	118	1.0673433527470337
230	118	1.061005390602704
240	118	1.056030693005962
250	118	1.0522127633325142
260	118	1.0493820127370066
270	118	1.0473987252036736
280	118	1.046147490039938
290	118	1.0455327387330378
300	118	1.0454751599204792
310	118	1.0459087682851715
320	118	1.04677852595253
330	118	1.048038371361699
340	118	1.049649594559787
350	118	1.051579468538126
360	118	1.0538001008506597
370	118	1.0562874455971643
380	118	1.059020436911994
390	118	1.061980190684089
400	118	1.06514924116004
410	118	1.0685107394357298
420	118	1.0720475656198547
430	118	1.0757412388056058
440	118	1.0795705160623426
450	118	1.0835095097651317
460	118	1.0875250885055605
470	118	1.0915732660107513
480	118	1.095594183726633
490	118	1.0995052272517138
500	118	1.1031917720393523
510	118	1.1064951722306287
520	118	1.1091979895523825
530	118	1.1110073776073226
540	118	1.1115392897863996
550	118	1.1103089219208906
560	118	1.1067362318554594
570	118	1.1001778996858256
580	118	1.0899954586006748
590	118	1.0756595372150553
600	118	1.0568715245050397
610	118	1.0336644030101856
620	118	1.0064397121105932
630	118	0.9759183655937412
640	118	0.9430204797919456
650	118	0.9087185687863328
660	118	0.8739111494006311
670	118	0.8393438235317057
680	118	0.8055801485450891
690	118	0.7730090938982549
700	118	0.7418721657984813
710	118	0.7122967490485637
720	118	0.6843276379333711
730	118	0.657953212398186
740	118	0.6331254994509498
750	118	0.6097747252882039
760	118	0.5878194395674
770	118	0.567173312845055
780	118	0.5477495430272327
790	118	0.5294635965683901
800	118	0.5122348183294286
810	118	0.4959872892572591
820	118	0.4806501942508906
830	118	0.46615788017359755
840	118	0.4524497232383991
850	118	0.43946988594349506
860	118	0.4271670157075173
870	118	0.41549391808951397
0	119	4.442245794670255e6
10	119	11.928528964619202
20	119	6.007038150212188
30	119	4.052044655740393
40	119	3.0884930870528384
50	119	2.5213163852727707
60	119	2.152116463117848
70	119	1.8958330863022623
80	119	1.7099113412689646
90	119	1.5706909796516577
100	119	1.4639625284330304
110	119	1.3806745072391169
120	119	1.314787037668093
130	119	1.262116122117223
140	119	1.2196728908249213
150	119	1.1852671838489115
160	119	1.1572588322850221
170	119	1.1344002534457829
180	119	1.1157231110027173
190	119	1.1004689756708135
200	119	1.0880388381310666
210	119	1.0779522664864405
220	119	1.069822525116349
230	119	1.06333607010202
240	119	1.0582368588316482
250	119	1.0543156992799456
260	119	1.051400206013981
270	119	1.049348234406833
280	119	1.0480421605183845
290	119	1.0473843970932708
300	119	1.0472937739517603
310	119	1.0477025975797642
320	119	1.0485542471955036
330	119	1.049801192276711
340	119	1.0514033504707316
350	119	1.0533267075831751
360	119	1.055542154545352
370	119	1.0580244746285952
380	119	1.0607514531016398
390	119	1.0637030424817835
400	119	1.0668605435267786
410	119	1.0702057396020759
420	119	1.0737198945769566
430	119	1.0773825207594698
440	119	1.0811697743665667
450	119	1.0850522831898475
460	119	1.088992164009855
470	119	1.0929388971130178
480	119	1.0968236507709805
490	119	1.100551598723059
500	119	1.1039917910430297
510	119	1.1069643519216652
520	119	1.1092253583609437
530	119	1.1104509491574357
540	119	1.1102242900362338
550	119	1.1080319486618737
560	119	1.1032792933701767
570	119	1.0953355341307565
580	119	1.0836144660115317
590	119	1.0676839686374182
600	119	1.0473782474061288
610	119	1.0228727001513018
620	119	0.9946864502252913
630	119	0.9636053152901861
640	119	0.9305524438605229
650	119	0.8964520981159605
660	119	0.8621249420392251
670	119	0.8282310385991163
680	119	0.7952561383754997
690	119	0.7635266867052629
700	119	0.7332384838520095
710	119	0.7044881814309377
720	119	0.6773016748993069
730	119	0.6516570796923272
740	119	0.6275020820612736
750	119	0.6047664149395201
760	119	0.5833704911688935
770	119	0.5632311789273565
780	119	0.5442655338712702
790	119	0.5263931111485382
800	119	0.509537312934404
810	119	0.4936260944031842
820	119	0.4785922512978192
830	119	0.4643734429912653
840	119	0.45091205193436584
850	119	0.43815494964927054
860	119	0.426053212522517
870	119	0.41456181722717783
0	120	4.5898851682139365e6
10	120	12.028330227035617
20	120	6.0566416538882475
30	120	4.084788337503189
40	120	3.1127162491373968
50	120	2.5403601356839354
60	120	2.167656947048388
70	120	1.9088335999019992
80	120	1.7209792701889834
90	120	1.5802363230834842
100	120	1.472277052055923
110	120	1.387974747554994
120	120	1.3212394080023446
130	120	1.267852164001323
140	120	1.224799453831267
150	120	1.1898715129930304
160	120	1.1614156939462854
170	120	1.138171061050093
180	120	1.1191619168581342
190	120	1.1036239034616184
200	120	1.0909488317864182
210	120	1.080652996782079
220	120	1.0723460252128938
230	120	1.0657091085668002
240	120	1.060483594961121
250	120	1.0564569950141485
260	120	1.0534543503952682
270	120	1.0513310886213794
280	120	1.049967390546289
290	120	1.049263647654826
300	120	1.0491368509783794
310	120	1.0495176038315006
320	120	1.0503477158513546
330	120	1.0515781994403985
340	120	1.0531676129677623
350	120	1.0550806655295115
360	120	1.0572870366654277
370	120	1.0597603397052016
380	120	1.0624771987856503
390	120	1.065416369405492
400	120	1.06855786408174
410	120	1.0718819945406073
420	120	1.0753682522707952
430	120	1.0789939051037507
440	120	1.0827321590460908
450	120	1.0865496620996262
460	120	1.0904030943404643
470	120	1.0942344782978188
480	120	1.0979648063209702
490	120	1.1014855496049516
500	120	1.1046477043207465
510	120	1.1072483900256145
520	120	1.1090157978350856
530	120	1.1095947799420498
540	120	1.108537716185882
550	120	1.1053082139281718
560	120	1.0993074725543717
570	120	1.0899321424421353
580	120	1.0766648839999022
590	120	1.0591835631979662
600	120	1.0374577117170645
610	120	1.011794100778483
620	120	0.9828074773396025
630	120	0.9513233176045791
640	120	0.9182474794597453
650	120	0.8844451353423388
660	120	0.8506576194466716
670	120	0.8174643117061351
680	120	0.7852808032568832
690	120	0.7543788362633542
700	120	0.7249151186424233
710	120	0.6969605398985267
720	120	0.6705255188870068
730	120	0.6455800851999878
740	120	0.6220688560495738
750	120	0.5999217247465419
760	120	0.5790612226232724
770	120	0.5594074278939712
780	120	0.5408811278947693
790	120	0.5234057692442674
800	120	0.506908585009778
810	120	0.49132117380748946
820	120	0.47657972117505637
830	120	0.4626249945478779
840	120	0.4494021983817861
850	120	0.4368607491730375
860	120	0.42495400814732076
870	120	0.41363899677632915