0	1	Indeterminate
10	1	Indeterminate
20	1	Indeterminate
30	1	Indeterminate
40	1	-0.08876684467597286
50	1	Indeterminate
60	1	Indeterminate
70	1	Indeterminate
80	1	-0.0554882837365641
90	1	Indeterminate
100	1	Indeterminate
110	1	Indeterminate
120	1	Indeterminate
130	1	Indeterminate
140	1	Indeterminate
150	1	Indeterminate
160	1	Indeterminate
170	1	Indeterminate
180	1	Indeterminate
190	1	Indeterminate
200	1	Indeterminate
210	1	Indeterminate
220	1	Indeterminate
230	1	Indeterminate
240	1	Indeterminate
250	1	Indeterminate
260	1	Indeterminate
270	1	Indeterminate
280	1	Indeterminate
290	1	Indeterminate
300	1	Indeterminate
310	1	Indeterminate
320	1	Indeterminate
330	1	Indeterminate
340	1	Indeterminate
350	1	Indeterminate
360	1	Indeterminate
370	1	Indeterminate
380	1	Indeterminate
390	1	Indeterminate
400	1	Indeterminate
410	1	Indeterminate
420	1	Indeterminate
430	1	Indeterminate
440	1	Indeterminate
450	1	Indeterminate
460	1	Indeterminate
470	1	Indeterminate
480	1	Indeterminate
490	1	Indeterminate
500	1	Indeterminate
510	1	Indeterminate
520	1	Indeterminate
530	1	Indeterminate
540	1	Indeterminate
550	1	Indeterminate
560	1	Indeterminate
570	1	Indeterminate
580	1	Indeterminate
590	1	Indeterminate
600	1	Indeterminate
610	1	Indeterminate
620	1	Indeterminate
630	1	Indeterminate
640	1	Indeterminate
650	1	Indeterminate
660	1	Indeterminate
670	1	Indeterminate
680	1	Indeterminate
690	1	Indeterminate
700	1	Indeterminate
710	1	Indeterminate
720	1	Indeterminate
730	1	Indeterminate
740	1	Indeterminate
750	1	Indeterminate
760	1	-0.08641253688014934
770	1	-0.08523896087219902
780	1	-0.04371310168305834
790	1	-0.09212727132827785
800	1	-0.07529696968071697
810	1	-0.6144891511477123
820	1	-0.631230895473601
830	1	-0.606143721757834
840	1	-0.6144891511477301
850	1	-0.3108487230795243
860	1	-0.6486887447325146
870	1	-0.4325936307777651
0	2	Indeterminate
10	2	Indeterminate
20	2	Indeterminate
30	2	Indeterminate
40	2	-0.35506737870389526
50	2	Indeterminate
60	2	Indeterminate
70	2	Indeterminate
80	2	-0.22195313494625743
90	2	Indeterminate
100	2	Indeterminate
110	2	Indeterminate
120	2	Indeterminate
130	2	Indeterminate
140	2	Indeterminate
150	2	Indeterminate
160	2	Indeterminate
170	2	Indeterminate
180	2	Indeterminate
190	2	Indeterminate
200	2	Indeterminate
210	2	Indeterminate
220	2	Indeterminate
230	2	Indeterminate
240	2	Indeterminate
250	2	Indeterminate
260	2	Indeterminate
270	2	Indeterminate
280	2	Indeterminate
290	2	Indeterminate
300	2	Indeterminate
310	2	Indeterminate
320	2	Indeterminate
330	2	Indeterminate
340	2	Indeterminate
350	2	Indeterminate
360	2	Indeterminate
370	2	Indeterminate
380	2	Indeterminate
390	2	Indeterminate
400	2	Indeterminate
410	2	Indeterminate
420	2	Indeterminate
430	2	Indeterminate
440	2	Indeterminate
450	2	Indeterminate
460	2	Indeterminate
470	2	Indeterminate
480	2	Indeterminate
490	2	Indeterminate
500	2	Indeterminate
510	2	Indeterminate
520	2	Indeterminate
530	2	Indeterminate
540	2	Indeterminate
550	2	Indeterminate
560	2	Indeterminate
570	2	Indeterminate
580	2	Indeterminate
590	2	Indeterminate
600	2	Indeterminate
610	2	Indeterminate
620	2	Indeterminate
630	2	Indeterminate
640	2	Indeterminate
650	2	Indeterminate
660	2	Indeterminate
670	2	Indeterminate
680	2	Indeterminate
690	2	Indeterminate
700	2	Indeterminate
710	2	Indeterminate
720	2	Indeterminate
730	2	Indeterminate
740	2	Indeterminate
750	2	Indeterminate
760	2	-0.3456501475205921
770	2	-0.340955843488801
780	2	-0.17485240673223032
790	2	-0.3685090853131088
800	2	-0.3011878787228701
810	2	-2.457956604590863
820	2	-2.6205090511154694
830	2	-2.4245748870314605
840	2	-0.4506425705926503
850	2	-1.7303745231109613
860	2	-1.6389168952294744
870	2	-1.6854612495983188
0	3	Indeterminate
10	3	Indeterminate
20	3	Indeterminate
30	3	Indeterminate
40	3	-0.7989016020837277
50	3	Indeterminate
60	3	Indeterminate
70	3	Indeterminate
80	3	-0.49939455362909274
90	3	Indeterminate
100	3	Indeterminate
110	3	Indeterminate
120	3	Indeterminate
130	3	Indeterminate
140	3	Indeterminate
150	3	Indeterminate
160	3	Indeterminate
170	3	Indeterminate
180	3	Indeterminate
190	3	Indeterminate
200	3	Indeterminate
210	3	Indeterminate
220	3	Indeterminate
230	3	Indeterminate
240	3	Indeterminate
250	3	Indeterminate
260	3	Indeterminate
270	3	Indeterminate
280	3	Indeterminate
290	3	Indeterminate
300	3	Indeterminate
310	3	Indeterminate
320	3	Indeterminate
330	3	Indeterminate
340	3	Indeterminate
350	3	Indeterminate
360	3	Indeterminate
370	3	Indeterminate
380	3	Indeterminate
390	3	Indeterminate
400	3	Indeterminate
410	3	Indeterminate
420	3	Indeterminate
430	3	Indeterminate
440	3	Indeterminate
450	3	Indeterminate
460	3	Indeterminate
470	3	Indeterminate
480	3	Indeterminate
490	3	Indeterminate
500	3	Indeterminate
510	3	Indeterminate
520	3	Indeterminate
530	3	Indeterminate
540	3	Indeterminate
550	3	Indeterminate
560	3	Indeterminate
570	3	Indeterminate
580	3	Indeterminate
590	3	Indeterminate
600	3	Indeterminate
610	3	Indeterminate
620	3	Indeterminate
630	3	Indeterminate
640	3	Indeterminate
650	3	Indeterminate
660	3	Indeterminate
670	3	Indeterminate
680	3	Indeterminate
690	3	Indeterminate
700	3	Indeterminate
710	3	Indeterminate
720	3	Indeterminate
730	3	Indeterminate
740	3	Indeterminate
750	3	Indeterminate
760	3	-0.7777128319213226
770	3	-0.7989016020837277
780	3	-0.022818723357972557
790	3	-0.829145441954505
800	3	-5.681078059262208
810	3	-5.781357867914113
820	3	-3.893342676999674
830	3	-5.455293495820638
840	3	-9.510485224928546
850	3	-3.515502751785002
860	3	-2.7283407200551917
870	3	1.7232908619495293
0	4	Indeterminate
10	4	Indeterminate
20	4	-1.4202695148155715
30	4	Indeterminate
40	4	-1.4202695148155915
50	4	Indeterminate
60	4	Indeterminate
70	4	Indeterminate
80	4	-0.8878125397850345
90	4	Indeterminate
100	4	Indeterminate
110	4	Indeterminate
120	4	Indeterminate
130	4	Indeterminate
140	4	Indeterminate
150	4	Indeterminate
160	4	Indeterminate
170	4	Indeterminate
180	4	Indeterminate
190	4	Indeterminate
200	4	Indeterminate
210	4	Indeterminate
220	4	Indeterminate
230	4	Indeterminate
240	4	Indeterminate
250	4	Indeterminate
260	4	Indeterminate
270	4	Indeterminate
280	4	Indeterminate
290	4	Indeterminate
300	4	Indeterminate
310	4	Indeterminate
320	4	Indeterminate
330	4	Indeterminate
340	4	Indeterminate
350	4	Indeterminate
360	4	Indeterminate
370	4	Indeterminate
380	4	Indeterminate
390	4	Indeterminate
400	4	Indeterminate
410	4	Indeterminate
420	4	Indeterminate
430	4	Indeterminate
440	4	Indeterminate
450	4	Indeterminate
460	4	Indeterminate
470	4	Indeterminate
480	4	Indeterminate
490	4	Indeterminate
500	4	Indeterminate
510	4	Indeterminate
520	4	Indeterminate
530	4	Indeterminate
540	4	Indeterminate
550	4	Indeterminate
560	4	Indeterminate
570	4	Indeterminate
580	4	Indeterminate
590	4	Indeterminate
600	4	Indeterminate
610	4	Indeterminate
620	4	Indeterminate
630	4	Indeterminate
640	4	Indeterminate
650	4	Indeterminate
660	4	Indeterminate
670	4	Indeterminate
680	4	Indeterminate
690	4	Indeterminate
700	4	Indeterminate
710	4	Indeterminate
720	4	Indeterminate
730	4	-0.8806739608316223
740	4	-1.382600590082374
750	4	-0.6994096269289329
760	4	-1.382600590082351
770	4	-0.3026493184706419
780	4	0.17890645706810424
790	4	-0.04056661930306215
800	4	-9.698299548125737
810	4	-6.921498092443844
820	4	-7.60591850480815
830	4	-4.662676834743256
840	4	-1.3387043496163549
850	4	0.736752739751239
860	4	1.1646718105068679
870	4	0.9860014471320648
0	5	Indeterminate
10	5	Indeterminate
20	5	Indeterminate
30	5	Indeterminate
40	5	-2.219171116899355
50	5	Indeterminate
60	5	Indeterminate
70	5	Indeterminate
80	5	-1.3872070934141232
90	5	Indeterminate
100	5	Indeterminate
110	5	Indeterminate
120	5	Indeterminate
130	5	Indeterminate
140	5	Indeterminate
150	5	Indeterminate
160	5	Indeterminate
170	5	Indeterminate
180	5	Indeterminate
190	5	Indeterminate
200	5	Indeterminate
210	5	Indeterminate
220	5	Indeterminate
230	5	Indeterminate
240	5	Indeterminate
250	5	Indeterminate
260	5	Indeterminate
270	5	Indeterminate
280	5	Indeterminate
290	5	Indeterminate
300	5	Indeterminate
310	5	Indeterminate
320	5	Indeterminate
330	5	Indeterminate
340	5	Indeterminate
350	5	Indeterminate
360	5	Indeterminate
370	5	Indeterminate
380	5	Indeterminate
390	5	Indeterminate
400	5	Indeterminate
410	5	Indeterminate
420	5	Indeterminate
430	5	Indeterminate
440	5	Indeterminate
450	5	Indeterminate
460	5	Indeterminate
470	5	Indeterminate
480	5	Indeterminate
490	5	Indeterminate
500	5	Indeterminate
510	5	Indeterminate
520	5	Indeterminate
530	5	Indeterminate
540	5	Indeterminate
550	5	Indeterminate
560	5	Indeterminate
570	5	Indeterminate
580	5	Indeterminate
590	5	Indeterminate
600	5	Indeterminate
610	5	Indeterminate
620	5	Indeterminate
630	5	Indeterminate
640	5	Indeterminate
650	5	Indeterminate
660	5	Indeterminate
670	5	Indeterminate
680	5	Indeterminate
690	5	Indeterminate
700	5	-1.6692815655141549
710	5	-1.3760530637993957
720	5	-1.0928275420764253
730	5	0.18418722613026398
740	5	-0.4728895601103746
750	5	-0.4048594451230158
760	5	-1.0928275420764253
770	5	-1.4609754308890357
780	5	-0.3661905510962718
790	5	-1.2755731619703548
800	5	-21.732251836080057
810	5	1.9166426741228701
820	5	0.923445843554797
830	5	0.5052731243916626
840	5	1.2165401677334258
850	5	0.988122596872075
860	5	1.0047779885143677
870	5	0.9999655044227524
0	6	Indeterminate
10	6	Indeterminate
20	6	Indeterminate
30	6	Indeterminate
40	6	-3.195606408335116
50	6	Indeterminate
60	6	Indeterminate
70	6	Indeterminate
80	6	-1.9975782145163956
90	6	Indeterminate
100	6	Indeterminate
110	6	Indeterminate
120	6	Indeterminate
130	6	Indeterminate
140	6	Indeterminate
150	6	Indeterminate
160	6	Indeterminate
170	6	Indeterminate
180	6	Indeterminate
190	6	Indeterminate
200	6	Indeterminate
210	6	Indeterminate
220	6	Indeterminate
230	6	Indeterminate
240	6	Indeterminate
250	6	Indeterminate
260	6	Indeterminate
270	6	Indeterminate
280	6	Indeterminate
290	6	Indeterminate
300	6	Indeterminate
310	6	Indeterminate
320	6	Indeterminate
330	6	Indeterminate
340	6	Indeterminate
350	6	Indeterminate
360	6	Indeterminate
370	6	Indeterminate
380	6	Indeterminate
390	6	Indeterminate
400	6	Indeterminate
410	6	Indeterminate
420	6	Indeterminate
430	6	Indeterminate
440	6	Indeterminate
450	6	Indeterminate
460	6	Indeterminate
470	6	Indeterminate
480	6	Indeterminate
490	6	Indeterminate
500	6	Indeterminate
510	6	Indeterminate
520	6	Indeterminate
530	6	Indeterminate
540	6	Indeterminate
550	6	Indeterminate
560	6	Indeterminate
570	6	Indeterminate
580	6	Indeterminate
590	6	Indeterminate
600	6	Indeterminate
610	6	Indeterminate
620	6	Indeterminate
630	6	Indeterminate
640	6	Indeterminate
650	6	Indeterminate
660	6	-2.1900052558122662
670	6	-2.1331618940229227
680	6	-3.195606408335116
690	6	-3.3165817678181164
700	6	-0.6809609665589295
710	6	-0.2777053149656683
720	6	-3.3165817678181164
730	6	-3.195606408335116
740	6	-3.111964246003705
750	6	-2.1949077856483883
760	6	-4.244848736420629
770	6	0.26059045254721996
780	6	1.0736668311106639
790	6	0.04163801772467072
800	6	-0.8819640862366085
810	6	0.9434378883122412
820	6	0.8964575064900242
830	6	0.9925119612494974
840	6	0.9959405285927143
850	6	1.0005695958304293
860	6	0.9999628276419883
870	6	0.9997401127444321
0	7	Indeterminate
10	7	Indeterminate
20	7	-2.6970640050467507
30	7	Indeterminate
40	7	-4.2963018905466495
50	7	-2.697064005046793
60	7	Indeterminate
70	7	Indeterminate
80	7	-2.71892590309169
90	7	Indeterminate
100	7	Indeterminate
110	7	Indeterminate
120	7	Indeterminate
130	7	Indeterminate
140	7	Indeterminate
150	7	Indeterminate
160	7	Indeterminate
170	7	Indeterminate
180	7	Indeterminate
190	7	Indeterminate
200	7	Indeterminate
210	7	Indeterminate
220	7	Indeterminate
230	7	Indeterminate
240	7	Indeterminate
250	7	Indeterminate
260	7	Indeterminate
270	7	Indeterminate
280	7	Indeterminate
290	7	Indeterminate
300	7	Indeterminate
310	7	Indeterminate
320	7	Indeterminate
330	7	Indeterminate
340	7	Indeterminate
350	7	Indeterminate
360	7	Indeterminate
370	7	Indeterminate
380	7	Indeterminate
390	7	Indeterminate
400	7	Indeterminate
410	7	Indeterminate
420	7	Indeterminate
430	7	Indeterminate
440	7	Indeterminate
450	7	Indeterminate
460	7	Indeterminate
470	7	Indeterminate
480	7	Indeterminate
490	7	Indeterminate
500	7	Indeterminate
510	7	Indeterminate
520	7	Indeterminate
530	7	Indeterminate
540	7	Indeterminate
550	7	Indeterminate
560	7	Indeterminate
570	7	Indeterminate
580	7	Indeterminate
590	7	Indeterminate
600	7	Indeterminate
610	7	Indeterminate
620	7	Indeterminate
630	7	-4.1767090827377675
640	7	-4.628235109378706
650	7	-3.0677035559074963
660	7	-4.514236295085623
670	7	-0.37798778981439385
680	7	-4.514236295085759
690	7	-0.2574334411027571
700	7	-4.234214307127287
710	7	-3.4757669927216064
720	7	-2.9934433821587776
730	7	-0.8585472117939389
740	7	-12.349821760576935
750	7	1.617408395467068
760	7	0.9231143843058436
770	7	0.6602233231319119
780	7	0.7759954324292997
790	7	0.9860562622359006
800	7	0.8886730159641902
810	7	1.0081136075510306
820	7	0.9931616694932573
830	7	0.9959126842892164
840	7	1.0000295504478622
850	7	0.9999567380428422
860	7	1.000084466790484
870	7	1.0003833795921355
0	8	Indeterminate
10	8	Indeterminate
20	8	Indeterminate
30	8	-5.455293495820712
40	8	-5.6810780592622985
50	8	Indeterminate
60	8	Indeterminate
70	8	Indeterminate
80	8	-3.551250159140218
90	8	Indeterminate
100	8	Indeterminate
110	8	Indeterminate
120	8	Indeterminate
130	8	Indeterminate
140	8	Indeterminate
150	8	Indeterminate
160	8	Indeterminate
170	8	Indeterminate
180	8	Indeterminate
190	8	Indeterminate
200	8	Indeterminate
210	8	Indeterminate
220	8	Indeterminate
230	8	Indeterminate
240	8	Indeterminate
250	8	Indeterminate
260	8	Indeterminate
270	8	Indeterminate
280	8	Indeterminate
290	8	Indeterminate
300	8	Indeterminate
310	8	Indeterminate
320	8	Indeterminate
330	8	Indeterminate
340	8	Indeterminate
350	8	Indeterminate
360	8	Indeterminate
370	8	Indeterminate
380	8	Indeterminate
390	8	Indeterminate
400	8	Indeterminate
410	8	Indeterminate
420	8	Indeterminate
430	8	Indeterminate
440	8	Indeterminate
450	8	Indeterminate
460	8	Indeterminate
470	8	Indeterminate
480	8	Indeterminate
490	8	Indeterminate
500	8	Indeterminate
510	8	Indeterminate
520	8	Indeterminate
530	8	Indeterminate
540	8	Indeterminate
550	8	Indeterminate
560	8	Indeterminate
570	8	Indeterminate
580	8	Indeterminate
590	8	Indeterminate
600	8	-3.7922878115962972
610	8	-5.658453300763691
620	8	-5.896145365009854
630	8	32.62081205623387
640	8	-1.2967181148975877
650	8	-1.494124012573031
660	8	-5.732715368898053
670	8	-4.300602359001299
680	8	-6.946867293574865
690	8	-3.7691902287809085
700	8	-3.558089993338259
710	8	-2.9082084214461092
720	8	6.841805170875855
730	8	-0.32674079045588655
740	8	-0.12536182537321153
750	8	0.7896793089006976
760	8	0.9584470075771615
770	8	0.9442944667769894
780	8	0.960954447343053
790	8	0.9802232528060949
800	8	1.0139487540757455
810	8	0.9958538440029534
820	8	1.0003302157622518
830	8	1.0009450953639691
840	8	1.0000908666176396
850	8	1.00017756806909
860	8	1.0004183183142772
870	8	1.0014692441237303
0	9	0.596766612662048
10	9	Indeterminate
20	9	-4.4584119267101325
30	9	Indeterminate
40	9	-7.1901144187539625
50	9	Indeterminate
60	9	Indeterminate
70	9	Indeterminate
80	9	-4.494550982661865
90	9	Indeterminate
100	9	Indeterminate
110	9	Indeterminate
120	9	Indeterminate
130	9	Indeterminate
140	9	Indeterminate
150	9	Indeterminate
160	9	Indeterminate
170	9	Indeterminate
180	9	Indeterminate
190	9	Indeterminate
200	9	Indeterminate
210	9	Indeterminate
220	9	Indeterminate
230	9	Indeterminate
240	9	Indeterminate
250	9	Indeterminate
260	9	Indeterminate
270	9	Indeterminate
280	9	Indeterminate
290	9	Indeterminate
300	9	Indeterminate
310	9	Indeterminate
320	9	Indeterminate
330	9	Indeterminate
340	9	Indeterminate
350	9	Indeterminate
360	9	Indeterminate
370	9	Indeterminate
380	9	Indeterminate
390	9	Indeterminate
400	9	Indeterminate
410	9	Indeterminate
420	9	Indeterminate
430	9	Indeterminate
440	9	Indeterminate
450	9	Indeterminate
460	9	Indeterminate
470	9	Indeterminate
480	9	Indeterminate
490	9	Indeterminate
500	9	Indeterminate
510	9	Indeterminate
520	9	Indeterminate
530	9	Indeterminate
540	9	Indeterminate
550	9	Indeterminate
560	9	-4.458411926709966
570	9	-6.904355830647991
580	9	-6.999415487291625
590	9	-4.667071939930888
600	9	19.365057585581894
610	9	-1.532162174757626
620	9	-7.462308977590431
630	9	-0.7367873824293593
640	9	-4.789689540860987
650	9	-4.805181953992568
660	9	4.250486305832491
670	9	-6.688486135573576
680	9	0.3147473552803239
690	9	-1.1220034019658687
700	9	-0.4582832254915636
710	9	1.9579736345829628
720	9	1.0108735845146322
730	9	0.6624855966404102
740	9	1.0796299784553207
750	9	0.9643727210900738
760	9	0.9990611841157484
770	9	0.9926152369304155
780	9	0.9922462154261454
790	9	0.9914237293563579
800	9	0.9994894756806225
810	9	1.0005918758336692
820	9	1.0000127848835438
830	9	1.0000724281385711
840	9	1.0001920444601464
850	9	1.0004071027507964
860	9	1.0013520302075594
870	9	1.004120755118771
0	10	0.7367489045210581
10	10	-4.371310168305834
20	10	Indeterminate
30	10	-8.523896087219903
40	10	-8.876684467597288
50	10	Indeterminate
60	10	-5.9254497056195445
70	10	Indeterminate
80	10	-5.548828373656409
90	10	Indeterminate
100	10	Indeterminate
110	10	Indeterminate
120	10	Indeterminate
130	10	Indeterminate
140	10	Indeterminate
150	10	Indeterminate
160	10	Indeterminate
170	10	Indeterminate
180	10	Indeterminate
190	10	Indeterminate
200	10	Indeterminate
210	10	Indeterminate
220	10	Indeterminate
230	10	Indeterminate
240	10	Indeterminate
250	10	Indeterminate
260	10	Indeterminate
270	10	Indeterminate
280	10	Indeterminate
290	10	Indeterminate
300	10	Indeterminate
310	10	Indeterminate
320	10	Indeterminate
330	10	Indeterminate
340	10	Indeterminate
350	10	Indeterminate
360	10	Indeterminate
370	10	Indeterminate
380	10	Indeterminate
390	10	Indeterminate
400	10	Indeterminate
410	10	Indeterminate
420	10	Indeterminate
430	10	Indeterminate
440	10	Indeterminate
450	10	Indeterminate
460	10	Indeterminate
470	10	Indeterminate
480	10	Indeterminate
490	10	Indeterminate
500	10	Indeterminate
510	10	Indeterminate
520	10	-8.641253688014666
530	10	-4.371310168305834
540	10	0.7367489045210404
550	10	-1.3073885509997392
560	10	-0.25971480734120866
570	10	-7.0359838031007875
580	10	-2.9672349617603606
590	10	-3.9300223692379705
600	10	4.166152538260034
610	10	-0.7992741634328628
620	10	-0.9255444458063431
630	10	-5.152354722679239
640	10	-4.846603100517344
650	10	-2.3050459679888307
660	10	2.553146247017652
670	10	29.793001800928007
680	10	-0.04598790531210931
690	10	0.8174284774569752
700	10	1.1415209219745817
710	10	1.0610031475655697
720	10	1.0211021369014823
730	10	0.9716802222893541
740	10	0.9999558550742527
750	10	0.9969525088484397
760	10	0.994727541060881
770	10	0.9957446879366617
780	10	0.9970854125541684
790	10	0.996684834964779
800	10	1.0000612344239996
810	10	0.9995834104908442
820	10	1.0000315846685814
830	10	1.0001906649009362
840	10	1.0004119411300552
850	10	1.0012688436617645
860	10	1.0034535977545533
870	10	1.009426681100428
0	11	Indeterminate
10	11	-5.289285303649778
20	11	Indeterminate
30	11	-10.313914265536026
40	11	-10.740788205792809
50	11	Indeterminate
60	11	Indeterminate
70	11	Indeterminate
80	11	-6.714082332124393
90	11	Indeterminate
100	11	Indeterminate
110	11	Indeterminate
120	11	Indeterminate
130	11	Indeterminate
140	11	Indeterminate
150	11	Indeterminate
160	11	Indeterminate
170	11	Indeterminate
180	11	Indeterminate
190	11	Indeterminate
200	11	Indeterminate
210	11	Indeterminate
220	11	Indeterminate
230	11	Indeterminate
240	11	Indeterminate
250	11	Indeterminate
260	11	Indeterminate
270	11	Indeterminate
280	11	Indeterminate
290	11	Indeterminate
300	11	Indeterminate
310	11	Indeterminate
320	11	Indeterminate
330	11	Indeterminate
340	11	Indeterminate
350	11	Indeterminate
360	11	Indeterminate
370	11	Indeterminate
380	11	Indeterminate
390	11	Indeterminate
400	11	Indeterminate
410	11	Indeterminate
420	11	Indeterminate
430	11	Indeterminate
440	11	Indeterminate
450	11	Indeterminate
460	11	Indeterminate
470	11	Indeterminate
480	11	-10.455916962497826
490	11	-10.74078820579261
500	11	-11.147399830721362
510	11	-2.288785470934206
520	11	0.8914661744704614
530	11	-8.877759928048647
540	11	-11.037844422088687
550	11	-10.155505135440254
560	11	-11.147399830721625
570	11	-26.58142485793526
580	11	1.986683002440483
590	11	-16.7393636201899
600	11	135.01813150749786
610	11	-13.069416233903485
620	11	-4.7261698172510265
630	11	-12.181429108038113
640	11	52.89443453811613
650	11	0.025895164709834526
660	11	0.4940155441736792
670	11	0.7284236626461733
680	11	1.1687032944655265
690	11	0.777080808000038
700	11	0.9583737111939793
710	11	1.0457359807159958
720	11	1.0095979779973585
730	11	0.9939697611372745
740	11	0.9959893732117322
750	11	0.998123455077207
760	11	0.9991621333703017
770	11	0.998580402394768
780	11	0.9986730620116803
790	11	0.9986248642746255
800	11	1.0003808708219009
810	11	1.0001403176758799
820	11	1.0001377952658095
830	11	1.0004322210148833
840	11	1.0011977506719931
850	11	1.0029994371445075
860	11	1.0074680182196767
870	11	1.0186902474514128
0	12	1.060918422510295
10	12	Indeterminate
20	12	Indeterminate
30	12	-12.274410365596404
40	12	-12.782425633340692
50	12	Indeterminate
60	12	Indeterminate
70	12	Indeterminate
80	12	-7.990312858065226
90	12	Indeterminate
100	12	Indeterminate
110	12	Indeterminate
120	12	Indeterminate
130	12	Indeterminate
140	12	Indeterminate
150	12	Indeterminate
160	12	Indeterminate
170	12	Indeterminate
180	12	Indeterminate
190	12	Indeterminate
200	12	Indeterminate
210	12	Indeterminate
220	12	Indeterminate
230	12	Indeterminate
240	12	Indeterminate
250	12	Indeterminate
260	12	Indeterminate
270	12	Indeterminate
280	12	Indeterminate
290	12	Indeterminate
300	12	Indeterminate
310	12	Indeterminate
320	12	Indeterminate
330	12	Indeterminate
340	12	Indeterminate
350	12	Indeterminate
360	12	Indeterminate
370	12	Indeterminate
380	12	Indeterminate
390	12	Indeterminate
400	12	Indeterminate
410	12	Indeterminate
420	12	Indeterminate
430	12	Indeterminate
440	12	-12.274410365596404
450	12	-7.926065647484089
460	12	-6.294686642360439
470	12	0.41192646425097407
480	12	-2.7238438662357543
490	12	1.0609184225102781
500	12	-6.294686642360439
510	12	-2.993817301278921
520	12	-7.990312858065226
530	12	-7.926065647484485
540	12	-13.00805520280674
550	12	-12.443405310741129
560	12	-7.681026022378685
570	12	-8.643658846337537
580	12	-7.624208720247149
590	12	-3.2062602677208343
600	12	-5.25725090780219
610	12	27.29102897925921
620	12	5.521419157603306
630	12	1.0810364388953961
640	12	1.9264179610319208
650	12	1.1808543867770216
660	12	0.9958548187548509
670	12	1.031454741344389
680	12	1.1035639027902315
690	12	0.9863902848888937
700	12	0.9797990303382018
710	12	0.9998029104147725
720	12	1.0057271181724305
730	12	0.9974984490665219
740	12	0.9994136462169569
750	12	0.9994623400111314
760	12	0.9993193413193767
770	12	0.9993628806082646
780	12	0.9993298291652638
790	12	0.9993709101379754
800	12	1.0000732643267531
810	12	1.0002104615680745
820	12	1.000512327856486
830	12	1.0011720113746143
840	12	1.0026785107201084
850	12	1.006174313475142
860	12	1.0142894121659098
870	12	1.03332173670963
0	13	Indeterminate
10	13	Indeterminate
20	13	-11.390397884152714
30	13	-10.01401000249651
40	13	-15.001596750239552
50	13	Indeterminate
60	13	Indeterminate
70	13	Indeterminate
80	13	-9.377519951479611
90	13	Indeterminate
100	13	Indeterminate
110	13	Indeterminate
120	13	Indeterminate
130	13	Indeterminate
140	13	Indeterminate
150	13	Indeterminate
160	13	Indeterminate
170	13	Indeterminate
180	13	Indeterminate
190	13	Indeterminate
200	13	Indeterminate
210	13	Indeterminate
220	13	Indeterminate
230	13	Indeterminate
240	13	Indeterminate
250	13	Indeterminate
260	13	Indeterminate
270	13	Indeterminate
280	13	Indeterminate
290	13	Indeterminate
300	13	Indeterminate
310	13	Indeterminate
320	13	Indeterminate
330	13	Indeterminate
340	13	Indeterminate
350	13	Indeterminate
360	13	Indeterminate
370	13	Indeterminate
380	13	Indeterminate
390	13	Indeterminate
400	13	Indeterminate
410	13	-14.60371873274458
420	13	-15.00159675023981
430	13	-15.569508854479492
440	13	-3.196733426346209
450	13	3.3501143432332556
460	13	-15.569508854479492
470	13	-15.00159675023981
480	13	-8.023947781162041
490	13	1.2451056486405403
500	13	-12.772533548600169
510	13	-6.248979915063708
520	13	-7.9998002728300355
530	13	1.516011440253922
540	13	-13.313607575753034
550	13	-17.784415542028572
560	13	-4.345696038614395
570	13	-19.21766412188115
580	13	-4.397883895396232
590	13	3.1201126526912644
600	13	0.8962798994863899
610	13	0.16280552346075453
620	13	1.2550489409029624
630	13	0.44379916975561046
640	13	0.833668990271756
650	13	0.9101414834527848
660	13	1.0833126239725874
670	13	1.0122910392682802
680	13	0.9976045843755013
690	13	0.9936397347314736
700	13	0.9942642685581348
710	13	0.9971181798571861
720	13	0.9999515062890157
730	13	0.9996280745763287
740	13	0.9997360216575555
750	13	0.9997152258090056
760	13	0.99963385415159
770	13	0.9996455944474116
780	13	0.9997054297400182
790	13	0.9997542966273889
800	13	1.0002624332665453
810	13	1.000528636503263
820	13	1.0011294459443254
830	13	1.0024417504253895
840	13	1.0052701804081292
850	13	1.011425602463841
860	13	1.024887426437879
870	13	1.0548039816699204
0	14	Indeterminate
10	14	-18.056945180341835
20	14	Indeterminate
30	14	Indeterminate
40	14	-17.398301556490594
50	14	Indeterminate
60	14	Indeterminate
70	14	Indeterminate
80	14	-10.87570361236659
90	14	Indeterminate
100	14	Indeterminate
110	14	Indeterminate
120	14	Indeterminate
130	14	Indeterminate
140	14	Indeterminate
150	14	Indeterminate
160	14	Indeterminate
170	14	Indeterminate
180	14	Indeterminate
190	14	Indeterminate
200	14	Indeterminate
210	14	Indeterminate
220	14	Indeterminate
230	14	Indeterminate
240	14	Indeterminate
250	14	Indeterminate
260	14	Indeterminate
270	14	Indeterminate
280	14	Indeterminate
290	14	Indeterminate
300	14	Indeterminate
310	14	Indeterminate
320	14	Indeterminate
330	14	Indeterminate
340	14	Indeterminate
350	14	Indeterminate
360	14	Indeterminate
370	14	-16.706836330950864
380	14	-10.788256020187205
390	14	-8.56776792987926
400	14	1.4440278528612647
410	14	-4.575754788504956
420	14	-3.8679513893899493
430	14	-8.56776792987926
440	14	3.8853397116789528
450	14	-3.7074541512654053
460	14	-10.875703612366715
470	14	-11.463583073515647
480	14	-3.83734131040829
490	14	-3.7399425040084173
500	14	-14.436482918286014
510	14	22.673799730951334
520	14	-5.6963545780002836
530	14	-4.260433198904282
540	14	-5.101601762550756
550	14	1.4818618711135296
560	14	24.027207099777073
570	14	-2.238685661208689
580	14	-0.06708086190855504
590	14	1.0045860975879428
600	14	0.6963791881230808
610	14	1.1152506839991747
620	14	1.0271464550709548
630	14	0.9050748167139487
640	14	1.0988797818175768
650	14	1.045908263884718
660	14	1.0101442992523044
670	14	1.0044894877105865
680	14	1.0071752841615336
690	14	1.001226683928493
700	14	0.9993744025401049
710	14	0.9989237648641683
720	14	0.9996943282392717
730	14	0.9999480708508217
740	14	0.9998256961439098
750	14	0.9998753562125393
760	14	0.999876654159768
770	14	0.9998831458443775
780	14	0.9999453929355765
790	14	1.0000585411264094
800	14	1.000559282248885
810	14	1.0011036856534605
820	14	1.0022618071227298
830	14	1.0046158007443118
840	14	1.0094616269700316
850	14	1.0194548745167267
860	14	1.0402894870281671
870	14	1.084684499139095
0	15	1.6576850351723638
10	15	Indeterminate
20	15	Indeterminate
30	15	Indeterminate
40	15	-19.972540052093727
50	15	Indeterminate
60	15	Indeterminate
70	15	Indeterminate
80	15	-12.484863840726813
90	15	Indeterminate
100	15	Indeterminate
110	15	Indeterminate
120	15	Indeterminate
130	15	Indeterminate
140	15	Indeterminate
150	15	Indeterminate
160	15	Indeterminate
170	15	Indeterminate
180	15	Indeterminate
190	15	Indeterminate
200	15	Indeterminate
210	15	Indeterminate
220	15	Indeterminate
230	15	Indeterminate
240	15	Indeterminate
250	15	Indeterminate
260	15	Indeterminate
270	15	Indeterminate
280	15	Indeterminate
290	15	Indeterminate
300	15	Indeterminate
310	15	Indeterminate
320	15	Indeterminate
330	15	Indeterminate
340	15	-19.442820798033267
350	15	-19.972540052094086
360	15	-20.72863604886238
370	15	-2.941624239749254
380	15	-4.824337224454915
390	15	-20.72863604886238
400	15	9.8113339159362
410	15	-11.672969608638542
420	15	-0.38239810097590515
430	15	-19.972540052094352
440	15	15.639395911141929
450	15	-3.4832415866608315
460	15	-19.97254005209398
470	15	-13.401188750652196
480	15	-3.9509309056912385
490	15	-3.6736566375041546
500	15	-3.8131879914364224
510	15	-0.2610124865333494
520	15	0.44251227083695494
530	15	0.8590249827427657
540	15	10.289011477203566
550	15	0.9252482537615445
560	15	3.181978110311273
570	15	0.4066616237860309
580	15	0.9096971753954098
590	15	0.8985580670167563
600	15	0.7567551984615944
610	15	0.954482890584316
620	15	0.9720703931985831
630	15	0.9429320541257862
640	15	0.9743654463820178
650	15	1.001270488959964
660	15	0.9966994767730398
670	15	0.9970577402016659
680	15	0.9999963592814658
690	15	0.999549680221508
700	15	0.9997975243364098
710	15	0.9998629943529367
720	15	0.9996289376268715
730	15	1.000017172123864
740	15	0.9999098853728209
750	15	0.999930405514467
760	15	0.9999758863361932
770	15	1.000034841037801
780	15	1.0001760463216631
790	15	1.0004289792324208
800	15	1.0010677619066688
810	15	1.00209300138808
820	15	1.0041193400139143
830	15	1.0080536167530991
840	15	1.0157619820214567
850	15	1.0310003996299417
860	15	1.0615531181528846
870	15	1.124596303715203
0	16	Indeterminate
10	16	-11.190554030862653
20	16	-14.090783373305749
30	16	Indeterminate
40	16	-22.724312237049613
50	16	Indeterminate
60	16	Indeterminate
70	16	Indeterminate
80	16	-14.205000636560202
90	16	Indeterminate
100	16	Indeterminate
110	16	Indeterminate
120	16	Indeterminate
130	16	Indeterminate
140	16	Indeterminate
150	16	Indeterminate
160	16	Indeterminate
170	16	Indeterminate
180	16	Indeterminate
190	16	Indeterminate
200	16	Indeterminate
210	16	Indeterminate
220	16	Indeterminate
230	16	Indeterminate
240	16	Indeterminate
250	16	Indeterminate
260	16	Indeterminate
270	16	Indeterminate
280	16	Indeterminate
290	16	Indeterminate
300	16	-21.821173983283416
310	16	-14.090783373305749
320	16	-11.190554030862513
330	16	1.8860771955738949
340	16	-6.031181557336922
350	16	16.783828439681063
360	16	16.783828439681326
370	16	-22.121609441317517
380	16	5.074729419335847
390	16	-11.190554030862653
400	16	-14.09078337330586
410	16	-38.04194089971545
420	16	-45.86290713979613
430	16	-26.947027250442876
440	16	-83.61188527050625
450	16	-4.823415056784113
460	16	-14.561267914111506
470	16	-11.243069190228006
480	16	-181.44275134021703
490	16	-3.413242238397723
500	16	3.5783288977709
510	16	11.449527514492516
520	16	1.2934621877966137
530	16	-0.15590068144127864
540	16	1.3799783503863416
550	16	0.09203584069925483
560	16	0.5105935766554766
570	16	0.808758166575086
580	16	0.8796919706382988
590	16	0.8677228491008661
600	16	1.1166227546902605
610	16	1.0257334048348012
620	16	0.9954207477425548
630	16	1.0104476215096714
640	16	0.991014707278438
650	16	0.9976382901006611
660	16	0.9999731417563489
670	16	1.0005845535954452
680	16	0.99962664253839
690	16	1.0000444828914063
700	16	1.0001341772982988
710	16	1.0000293923919654
720	16	1.0000089007959003
730	16	0.999970030129632
740	16	0.9999833375385585
750	16	1.0000276227259985
760	16	1.0001020464560642
770	16	1.0002389265733644
780	16	1.0005009590389227
790	16	1.0009830876501475
800	16	1.002016865899154
810	16	1.0037235625711074
820	16	1.0070119918728981
830	16	1.0131418638399246
840	16	1.0247265786603617
850	16	1.046825415674605
860	16	1.0897655157957173
870	16	1.176294122772876
0	17	-17.58087552582743
10	17	12.075460849609728
20	17	-16.651651736296902
30	17	-15.907173417521125
40	17	-25.339413191182686
50	17	Indeterminate
60	17	Indeterminate
70	17	Indeterminate
80	17	-16.036113999867002
90	17	Indeterminate
100	17	Indeterminate
110	17	Indeterminate
120	17	Indeterminate
130	17	Indeterminate
140	17	Indeterminate
150	17	Indeterminate
160	17	Indeterminate
170	17	Indeterminate
180	17	Indeterminate
190	17	Indeterminate
200	17	Indeterminate
210	17	Indeterminate
220	17	Indeterminate
230	17	Indeterminate
240	17	Indeterminate
250	17	Indeterminate
260	17	-17.58087552582687
270	17	-15.907173417520948
280	17	-12.63308638640348
290	17	2.129204334065776
300	17	-5.823955926372606
310	17	-2.9980640019556475
320	17	-5.287249221196518
330	17	-2.9980640019556475
340	17	-5.4666033148758055
350	17	-12.633086386403225
360	17	-14.85967526856237
370	17	10.43124312973387
380	17	-17.5808755258265
390	17	-27.17015527003059
400	17	-17.889669007060927
410	17	-20.92620573168873
420	17	-15.20009374694727
430	17	-27.20868509710806
440	17	-14.42627390653251
450	17	1.5797280353562264
460	17	-3.4225850477747777
470	17	1.9016863544924838
480	17	8.249688363727593
490	17	0.3514613246738134
500	17	2.0598481470638044
510	17	0.7063753390756325
520	17	0.26217479452278936
530	17	0.726939599121132
540	17	1.2886951549300367
550	17	0.9580340916435668
560	17	1.038659453558588
570	17	1.0187655112829772
580	17	1.1610540681636095
590	17	0.9563116651343196
600	17	1.0122705212975207
610	17	1.0022047374817562
620	17	0.9905487229904745
630	17	0.9947624984526079
640	17	0.9964265244793733
650	17	1.0002367188867511
660	17	0.9994921677936522
670	17	1.0000319632898318
680	17	1.0000481834753667
690	17	1.0000394542433382
700	17	0.999988663754346
710	17	0.9999849399520716
720	17	1.0000059716365732
730	17	1.0000306896415667
740	17	1.0000717751323063
750	17	1.0001485106465577
760	17	1.0002900275424464
770	17	1.0005436309658693
780	17	1.0010111129884836
790	17	1.001839247691741
800	17	1.0034408826305463
810	17	1.0062405902225933
820	17	1.0112134517174647
830	17	1.0203027587250713
840	17	1.0369254150335212
850	17	1.0677051822387853
860	17	1.126048404470829
870	17	1.2416984118588128
0	18	-0.5015734800256676
10	18	-27.997661949167593
20	18	-46.44246270592099
30	18	-17.31416438404114
40	18	-28.760457675014866
50	18	-29.849235910362033
60	18	-28.76045767501684
70	18	-27.997661949167593
80	18	-17.97820393064673
90	18	Indeterminate
100	18	Indeterminate
110	18	Indeterminate
120	18	Indeterminate
130	18	Indeterminate
140	18	Indeterminate
150	18	Indeterminate
160	18	Indeterminate
170	18	Indeterminate
180	18	Indeterminate
190	18	Indeterminate
200	18	Indeterminate
210	18	Indeterminate
220	18	Indeterminate
230	18	-17.833647706839894
240	18	-28.76045767501592
250	18	2.3870664506481662
260	18	-6.128648699030535
270	18	6.422704421346765
280	18	-3.0929920579434693
290	18	9.604670789776582
300	18	-7.564002813650834
310	18	2.387066450648141
320	18	-30.73295592753208
330	18	-25.299918545766268
340	18	-30.405704713326564
350	18	2.856598035481671
360	18	-16.385914501644248
370	18	-25.597520348046967
380	18	-21.116191395798868
390	18	-10.332074984072195
400	18	-118.70793507596936
410	18	-11.293468746480189
420	18	182.05064730576206
430	18	9.167051462845512
440	18	-7.2469716545602685
450	18	-3.939110309861134
460	18	0.2753220555729855
470	18	-1.0226172564626408
480	18	0.9495748301510534
490	18	1.1143629885958068
500	18	0.6554880737416316
510	18	0.729900764120381
520	18	0.891439994260378
530	18	1.092018363836083
540	18	0.9594628995773934
550	18	0.8881117619070796
560	18	0.97741446283174
570	18	1.015377791211118
580	18	0.9893914674140907
590	18	1.0046261436372534
600	18	1.0147493553290354
610	18	1.0010858530198057
620	18	1.0042888602169322
630	18	1.0009351827567936
640	18	0.999701942650941
650	18	0.9996328753251007
660	18	0.9997261381188722
670	18	0.9999641987538963
680	18	0.9999325419094521
690	18	1.0000413933787704
700	18	0.9999617497730887
710	18	1.0000065368067315
720	18	1.0000382524473825
730	18	1.000092132383088
740	18	1.0001743752577106
750	18	1.0003230637220266
760	18	1.0005772993920203
770	18	1.0010201499228515
780	18	1.0017904691843018
790	18	1.0031479492445514
800	18	1.0055623727848306
810	18	1.0097579482421688
820	18	1.0170678213444722
830	18	1.0299883635932752
840	18	1.0529371684063529
850	18	1.0944224991878497
860	18	1.1715649992702861
870	18	1.3229402268290928
0	19	-30.77126487486439
10	19	-7.314300616843975
20	19	-19.870206241262917
30	19	-19.870206241263222
40	19	-30.77126487486439
50	19	-15.780429707583531
60	19	23.667820573144216
70	19	-21.960886037450727
80	19	-20.03127042890067
90	19	-15.780429707583531
100	19	-19.870206241263855
110	19	-21.960886037450727
120	19	Indeterminate
130	19	Indeterminate
140	19	Indeterminate
150	19	Indeterminate
160	19	Indeterminate
170	19	Indeterminate
180	19	Indeterminate
190	19	-31.194925813733388
200	19	-15.780429707583531
210	19	2.6596635453208908
220	19	-6.828525247993872
230	19	2.6596635453208908
240	19	-3.780612183775085
250	19	-3.7806121837749003
260	19	15.083880161623085
270	19	-6.828525247993872
280	19	2.6596635453208908
290	19	-13.348412717975894
300	19	-15.127081275519787
310	19	-20.03127042890067
320	19	-25.46073038432554
330	19	-20.08631113424394
340	19	-21.49147983002995
350	19	-17.786975967982784
360	19	-20.580554062245803
370	19	-33.58290947750942
380	19	-10.501543210833935
390	19	44.31116054121666
400	19	-5.445562186332274
410	19	-7.023052696624918
420	19	7.777655831814423
430	19	-0.4188683421328309
440	19	-0.15139210196767644
450	19	0.5383058601587765
460	19	0.10134782909661354
470	19	0.8687733793756158
480	19	0.691864404666286
490	19	0.8455702972181902
500	19	0.9504516946338467
510	19	1.034159026747642
520	19	1.040616771233693
530	19	0.9600696516596511
540	19	1.0334891640033077
550	19	0.9946905762393681
560	19	0.9769028813285203
570	19	1.0158372329562249
580	19	1.0057194040701822
590	19	1.0086579495131782
600	19	1.001430317375918
610	19	1.0013545840052642
620	19	0.9995340337836961
630	19	1.0006309863087814
640	19	1.0002459632719964
650	19	1.000257191974193
660	19	1.000011598688464
670	19	0.9999878459880098
680	19	1.0000237967952834
690	19	1.0000246194914602
700	19	1.00002015457041
710	19	1.0000569379138016
720	19	1.0001137317574842
730	19	1.0002056860421646
740	19	1.0003445922445804
750	19	1.0006022579876046
760	19	1.001024165376632
770	19	1.00174635435618
780	19	1.0029670813295959
790	19	1.0050305023663209
800	19	1.008622801468204
810	19	1.01464530719776
820	19	1.0248847237468939
830	19	1.0425788363555917
840	19	1.0733239796252032
850	19	1.1277648057002492
860	19	1.2275294751955936
870	19	1.4224074714676158
0	20	-21.37551158523628
10	20	-15.720089476951397
20	20	-18.991592381448054
30	20	8.417277404619442
40	20	-14.3434852068027
50	20	-23.70179882247767
60	20	-23.70179882247767
70	20	-36.85090853131088
80	20	-22.016849020790396
90	20	-34.09558434887786
100	20	-34.09558434888009
110	20	2.946995618084108
120	20	-22.1953134946257
130	20	-17.485240673223032
140	20	-23.70179882247767
150	20	-7.566232961766157
160	20	2.946995618084151
170	20	-17.485240673223032
180	20	-22.016849020790396
190	20	-34.09558434888009
200	20	-23.701798822476814
210	20	-26.959521619296147
220	20	-37.156331488757864
230	20	-5.120929042236773
240	20	-22.016849020790396
250	20	-36.85090853131088
260	20	-9.157085058748176
270	20	-22.70667972229096
280	20	-22.127315925113244
290	20	-31.737182205782343
300	20	-22.147071425242046
310	20	7.929264717711713
320	20	-12.587058277367861
330	20	-24.96736318984994
340	20	-11.317535830028199
350	20	-14.19589185604311
360	20	-15.155581336534187
370	20	-37.58588427956631
380	20	-1.368942932741336
390	20	23.038557844826354
400	20	1.815289022384914
410	20	6.360950331789945
420	20	7.30477990114394
430	20	0.9284251009020841
440	20	0.4424832210683509
450	20	1.1445706293219966
460	20	1.5065276714053475
470	20	0.9545617825962182
480	20	1.1500844249816682
490	20	1.0427568478875358
500	20	1.0295822021994212
510	20	1.168751653807692
520	20	1.0424847479252826
530	20	1.0194891108945983
540	20	0.9874048148646181
550	20	1.014490805386462
560	20	0.9972440617654711
570	20	0.9977735719829784
580	20	0.9993228325062199
590	20	1.0012347584452712
600	20	1.0005235685939518
610	20	1.0005420346643286
620	20	0.9999270215911762
630	20	0.9996735751803663
640	20	0.9999075274080748
650	20	0.9999051398678634
660	20	1.0000818637615667
670	20	0.9999862156774947
680	20	1.0000196767505622
690	20	1.0000503641022427
700	20	1.000071828780408
710	20	1.0001244913040075
720	20	1.0002183183154996
730	20	1.0003721176017464
740	20	1.0006202930729622
750	20	1.0010265849985671
760	20	1.0017022292268325
770	20	1.002814399837076
780	20	1.0046495409494933
790	20	1.0076813375401372
800	20	1.0127747595519758
810	20	1.021154810715327
820	20	1.0351359598153733
830	20	1.0586452293191766
840	20	1.0986543803880755
850	20	1.1685176147188632
860	20	1.2952103767838077
870	20	1.542792729764906
0	21	-27.162833673224537
10	21	-41.92606058511792
20	21	-39.146178502103716
30	21	-32.376533456910835
40	21	-24.47033312782567
50	21	-26.82756438370058
60	21	-26.827564383701358
70	21	-13.670196901845571
80	21	-24.273576045420487
90	21	-8.341771840347294
100	21	-24.47033312782567
110	21	-23.566501522723506
120	21	-37.59038174464023
130	21	-41.38554252647464
140	21	-64.77148642665918
150	21	-26.82756438370155
160	21	-40.62812665577206
170	21	-4.618420977963602
180	21	-34.43600024284923
190	21	3.249062668937768
200	21	-39.146178502103716
210	21	-4.574900432050085
220	21	-23.566501522723506
230	21	-25.793061915410544
240	21	-23.566501522723506
250	21	-26.85166327159834
260	21	-10.432344408326585
270	21	-26.156426730617085
280	21	-26.04791002079875
290	21	3.2633074383289133
300	21	-114.77418610141918
310	21	-387.02494861576054
320	21	-38.67435172372342
330	21	-18.215978773576353
340	21	-9.353962286469867
350	21	-5.802418675353696
360	21	-4.057379417615114
370	21	-1.6785157162773443
380	21	-2.471396218843306
390	21	5.44576538652788
400	21	1.1379151353789176
410	21	1.1312576212646772
420	21	-0.19465594092649258
430	21	0.7957043408067428
440	21	0.9574618002442981
450	21	0.81802025263518
460	21	1.4343974156470372
470	21	1.0145551552167604
480	21	1.0590802018767063
490	21	1.0693551187982282
500	21	0.9386351771024883
510	21	0.9819602002919917
520	21	0.9881373658583631
530	21	0.9928260660369891
540	21	0.9955418877107575
550	21	1.0011652700332083
560	21	0.9922131356726785
570	21	1.0013276337006034
580	21	1.0013792543922964
590	21	0.998418132306663
600	21	0.9995668256718613
610	21	1.000093677248335
620	21	1.0000711440925116
630	21	0.9999462998287785
640	21	0.9999328113358222
650	21	1.000039990059553
660	21	1.0000256156604264
670	21	1.0000513086626717
680	21	1.000058497790664
690	21	1.0000879332791517
700	21	1.0001545229842743
710	21	1.0002437585549977
720	21	1.0003978193993506
730	21	1.0006374534563538
740	21	1.0010291857720275
750	21	1.0016643034439137
760	21	1.0026831975245172
770	21	1.0043260691926768
780	21	1.0069768419843916
790	21	1.011256938767315
800	21	1.0182578941627538
810	21	1.0295617083343538
820	21	1.0480359606881164
830	21	1.0785131892346815
840	21	1.1295873443288629
850	21	1.2174406426484805
860	21	1.375941031807496
870	21	1.6871448414148755
0	22	-41.82366784999048
10	22	-29.44340399480993
20	22	-41.8236678499913
30	22	-13.32113481401063
40	22	-28.67917657519721
50	22	-37.827177424660725
60	22	-27.616289424094834
70	22	-42.436941122949676
80	22	-29.443403994809348
90	22	-4.402532013528418
100	22	-29.975446318616882
110	22	-32.621021159348025
120	22	-41.25565706214441
130	22	-10.244025915935925
140	22	-103.96266443024474
150	22	1382.7473397820365
160	22	-9.15514188373666
170	22	-18.367622571351806
180	22	-28.61984698455886
190	22	-41.2556570621441
200	22	-25.86436901813557
210	22	-25.86436901813557
220	22	-23.560543907706762
230	22	-43.357997015854565
240	22	-8.567510196839223
250	22	-28.390569351797854
260	22	-80.53297393718849
270	22	-25.0563789393163
280	22	-22.621847345841665
290	22	-184.08198859933952
300	22	3.7213181559257835
310	22	-166.0349229798855
320	22	32.40994649512219
330	22	-4.505442191003526
340	22	-3.0817868679793476
350	22	-3.9414190151902195
360	22	-0.5567635645434647
370	22	0.10428423915775063
380	22	0.7183950642383757
390	22	0.6420733050339533
400	22	0.7448847930043874
410	22	1.1321409288255735
420	22	0.7580715726142107
430	22	0.8205054930649192
440	22	1.0610184762939496
450	22	0.9576772757264089
460	22	0.8752777226032302
470	22	0.9758651492132677
480	22	1.0178034263842692
490	22	0.9846759010306355
500	22	0.9939554136689285
510	22	0.990147645950307
520	22	0.9864935552472731
530	22	1.007089702556121
540	22	0.99093033408171
550	22	1.0002145803567215
560	22	1.00179914722817
570	22	1.0003940336163604
580	22	0.9993045056982641
590	22	1.0000026594076175
600	22	0.9999017302812501
610	22	1.0001039862435883
620	22	0.9999883916851707
630	22	0.9999375246731609
640	22	0.9999726687934394
650	22	1.0000502463161842
660	22	1.0000516784549263
670	22	1.0000531617090116
680	22	1.0001069127116906
690	22	1.000163615824117
700	22	1.000263125488253
710	22	1.0004148340194343
720	22	1.0006520003945198
730	22	1.0010307092263535
740	22	1.0016294076857786
750	22	1.0025693403854303
760	22	1.0040533180341544
770	22	1.0063946243670698
780	22	1.0100934667623076
790	22	1.0159448581491914
800	22	1.0253021229441703
810	22	1.0401472443562507
820	22	1.0639730846763742
830	22	1.1026387800570898
840	22	1.166539417171458
850	22	1.2754199832750182
860	22	1.4710707537898335
870	22	1.8589255765120218
0	23	-24.28675412128823
10	23	-32.18091056457672
20	23	-14.359803783117199
30	23	-45.091410301392166
40	23	1.5132576360330339
50	23	19.09386718210815
60	23	-38.37541333852833
70	23	-34.461289096718076
80	23	-12.34986879142359
90	23	2.8485385401370205
100	23	-41.76053354293178
110	23	171.07181248956732
120	23	-49.13924839388354
130	23	-28.26911407147517
140	23	-28.26911407147517
150	23	-46.95766083359023
160	23	-32.18091056457581
170	23	-28.26911407147517
180	23	-45.09141030138544
190	23	-25.04079493684792
200	23	-16.22534808353534
210	23	-69.9161152974606
220	23	-26.798789314123194
230	23	-172.19388583587047
240	23	-24.610356884112694
250	23	-0.1821678200885171
260	23	-14.25430501405945
270	23	3.0643267744467932
280	23	288.9005982843554
290	23	-18.389190090678284
300	23	9.022757755960765
310	23	-6.450494986706651
320	23	-1.753006915972843
330	23	-3.1238019368108376
340	23	1.130429437466936
350	23	1.334911131857962
360	23	0.9308329982179008
370	23	0.4055144117453222
380	23	0.9923985070434158
390	23	0.8076734531139332
400	23	0.7720411918128601
410	23	0.9559395783693068
420	23	0.9737765593449154
430	23	0.9321625619374738
440	23	0.8694129644939935
450	23	0.9553969558630052
460	23	0.9971156037106282
470	23	1.0144291415323627
480	23	0.9898672390463962
490	23	1.0204956267528984
500	23	1.0089300175522529
510	23	1.004740462647266
520	23	0.997717108232479
530	23	1.0032504283928056
540	23	1.0003617185043852
550	23	1.0011779129323684
560	23	0.9982067956010173
570	23	0.9997308997102002
580	23	0.9995844339847828
590	23	0.9998434073319361
600	23	0.9998722410848664
610	23	0.9999727254654788
620	23	1.0000244425356337
630	23	1.00003354791931
640	23	1.0000509222135745
650	23	1.0000615014863883
660	23	1.0000895620854013
670	23	1.000113363490685
680	23	1.000178514744388
690	23	1.0002764835702993
700	23	1.000431775790698
710	23	1.0006660998338641
720	23	1.0010334611013503
730	23	1.001599074289617
740	23	1.0024707616196102
750	23	1.0038207790193556
760	23	1.0059084742502664
770	23	1.0091409543345
780	23	1.014151622871773
790	23	1.0219334091074086
800	23	1.0341357606106574
810	23	1.053186938379314
820	23	1.0832785767141835
830	23	1.1314235732191533
840	23	1.2100738235083515
850	23	1.3430933348475478
860	23	1.5820469453519832
870	23	2.0620658820885858
0	24	-30.242667927644735
10	24	7.169511436286207
20	24	-61.44596028325202
30	24	-35.75507371753344
40	24	-11.135774146270533
50	24	-40.54184731658234
60	24	-10.895375464943612
70	24	20.129347617869687
80	24	-11.03433511027787
90	24	-3.026156368881397
100	24	-17.756259035814686
110	24	-73.55182508605515
120	24	-32.97722226910145
130	24	-30.78073668274064
140	24	-30.78073668274064
150	24	-49.77362124296664
160	24	-30.98603799175808
170	24	-24.863164115794746
180	24	-25.951360232778033
190	24	-17.571648123568277
200	24	-13.39154917383864
210	24	1905.0721601855885
220	24	-26.05110211227453
230	24	-20.856987490414195
240	24	-14.010951158656592
250	24	25.636564017470434
260	24	39.37182235785642
270	24	-14.767815141331607
280	24	-3.635531080817621
290	24	12.262803094515213
300	24	0.7074208404214042
310	24	0.766102289358769
320	24	0.5505119874885837
330	24	2.2118306274834527
340	24	0.9112561383940556
350	24	0.6762008909488016
360	24	0.9766129140709051
370	24	1.0391312075365027
380	24	1.2403243091161988
390	24	0.9882767265356226
400	24	0.9949348083522573
410	24	1.1356435391417985
420	24	1.27886505702603
430	24	1.0053717784317633
440	24	1.0767770823903655
450	24	1.0401965754765157
460	24	1.031970085181529
470	24	1.0106217639967083
480	24	1.0078204058296945
490	24	0.988932416945432
500	24	0.9971028985735486
510	24	1.0021832664899124
520	24	0.9969105474091992
530	24	0.9989456567538342
540	24	0.9998245582660368
550	24	0.999678512344842
560	24	1.0005256107551792
570	24	0.9999582660262442
580	24	1.0000862151690506
590	24	0.9998699075074203
600	24	1.000002818886123
610	24	1.000033958049019
620	24	1.0000416104305578
630	24	1.0000280775684565
640	24	1.0000804800816252
650	24	1.0000873352807638
660	24	1.0001254868004699
670	24	1.0001895676484556
680	24	1.0002945267266945
690	24	1.0004472453304663
700	24	1.0006806988712007
710	24	1.001034774844097
720	24	1.001570875745166
730	24	1.0023856934217787
740	24	1.0036211446690562
750	24	1.0054985683264144
760	24	1.0083517282907835
770	24	1.0126930213893084
780	24	1.0193081457484587
790	24	1.0294119468154714
800	24	1.044984743884591
810	24	1.068945583594708
820	24	1.1062645462178722
830	24	1.165242606686361
840	24	1.2606705236896538
850	24	1.4212227675862246
860	24	1.710313306097531
870	24	2.301018979752119
0	25	-3.2835898099841923
10	25	-39.85090106729287
20	25	-54.00783555009218
30	25	-11.855782573585627
40	25	-24.65936874877496
50	25	-7.373823995645627
60	25	-5.685087827387232
70	25	-24.562639807735785
80	25	-37.41496774792495
90	25	-53.27435054512383
100	25	-33.3992368519307
110	25	-102.55293162516547
120	25	45.35148039389877
130	25	-55.73476325468795
140	25	-36.0670853936995
150	25	18.422137727945216
160	25	-30.974249862294112
170	25	-34.84330105475886
180	25	-2.881113968421181
190	25	3.39046119507588
200	25	79.40867631318669
210	25	-5.988202944687375
220	25	-14.434128487386998
230	25	-9.608228340297472
240	25	-9.701659894775375
250	25	2.258182298236185
260	25	-4.128911536378869
270	25	-2.93363977955281
280	25	-3.945786889028628
290	25	1.3070712213576166
300	25	0.1366123363636232
310	25	0.03056556882888709
320	25	0.9650405256728329
330	25	1.4459680624205837
340	25	0.9898666651898497
350	25	0.7246999722283417
360	25	0.9644978676326009
370	25	0.8439063629748741
380	25	0.9542576053837105
390	25	0.9574452969926068
400	25	1.1644546039436043
410	25	1.0817436649552994
420	25	1.0234025562626012
430	25	0.9829667135280802
440	25	0.9997790611014404
450	25	0.993992583892188
460	25	0.989386379499376
470	25	0.9991567186523675
480	25	1.0010908303829686
490	25	0.9995205984835116
500	25	0.9970560243705012
510	25	0.9987019305688238
520	25	1.0004365304390086
530	25	0.9996594605093128
540	25	0.9996906740750726
550	25	1.0005386217365975
560	25	1.0001148695509177
570	25	0.9996813676913655
580	25	1.0001209421971502
590	25	1.0000286256662543
600	25	0.9999576440354583
610	25	1.00000609663172
620	25	1.000049082139884
630	25	1.0000435859895869
640	25	1.0001096079677356
650	25	1.0001402449252133
660	25	1.0002084204190014
670	25	1.0003138146568245
680	25	1.0004647238288378
690	25	1.0006922762059787
700	25	1.001035584183878
710	25	1.001547918230121
720	25	1.0023105709339235
730	25	1.0034487354480959
740	25	1.005149066741431
750	25	1.0076904484980336
760	25	1.0114910661225773
770	25	1.0171825320438566
780	25	1.0257212557610662
790	25	1.0385673770495816
800	25	1.0580658276318373
810	25	1.0876738764199845
820	25	1.133217815014157
830	25	1.2044335300976985
840	25	1.318761214050536
850	25	1.51047791187469
860	25	1.8573313915290077
870	25	2.5808624939130227
0	26	-39.61904827241745
10	26	-41.123432025810104
20	26	-36.124614579049876
30	26	-36.124614579049876
40	26	-62.27803541791637
50	26	-36.124614579049876
60	26	-36.124614579049876
70	26	-7.0367595738462425
80	26	-206.08155175073486
90	26	-44.96776604223971
100	26	-62.27803541791693
110	26	-46.61535768032718
120	26	-17.20550564503295
130	26	-64.74284582603903
140	26	-36.12797089156809
150	26	-71.00375870956823
160	26	4.863931435214532
170	26	-26.827867652727928
180	26	-129.95557806318766
190	26	-18.507697612462604
200	26	2.02407166895989
210	26	-14.403108261830786
220	26	-13.65905401461486
230	26	1.1671647371704916
240	26	-2.691353900874474
250	26	-3.155649355403313
260	26	-0.9159350358007691
270	26	1.805874938567169
280	26	-0.1674202579149639
290	26	2.1442597104262036
300	26	1.274586593730167
310	26	0.968768164689426
320	26	0.9728483543581565
330	26	1.1712820190888156
340	26	0.9336384269091901
350	26	0.8674578540900542
360	26	1.070071858621265
370	26	1.0819036916115368
380	26	0.9087890054664775
390	26	0.8871089025958373
400	26	0.9694187530086453
410	26	1.0224296302968277
420	26	0.9877519990057559
430	26	0.9986737862894447
440	26	1.0040519067682774
450	26	0.9964416256813351
460	26	0.9903204339942128
470	26	0.9956566278972369
480	26	1.0034055427145148
490	26	0.9978623572340032
500	26	0.999894143321171
510	26	1.000572110143287
520	26	0.9988118668821825
530	26	0.9996496425585019
540	26	0.9999410560391617
550	26	1.0002451266991175
560	26	0.9998851488008921
570	26	0.9999978042493556
580	26	0.9998895915520206
590	26	0.9999903179242634
600	26	1.000053201751181
610	26	1.0000583287072682
620	26	1.0000550999792182
630	26	1.0001071963887147
640	26	1.0001494177128734
650	26	1.000218155017276
660	26	1.0003338080714883
670	26	1.000482126452951
680	26	1.0007064399629102
690	26	1.0010382959127118
700	26	1.0015270688347788
710	26	1.0022441792566255
720	26	1.0032983971097627
730	26	1.0048491980202257
740	26	1.0071304819798077
750	26	1.010488992259565
760	26	1.0154384361424582
770	26	1.0227432301781347
780	26	1.0335478689614166
790	26	1.0495809845052384
800	26	1.073584640659707
810	26	1.1096026824822236
820	26	1.164395919872923
830	26	1.2492897894376946
840	26	1.3847159391263546
850	26	1.611457824343609
860	26	2.0245246727449677
870	26	2.9076349244254263
0	27	-40.511060859375156
10	27	-44.347606430199775
20	27	-62.139202475833265
30	27	-22.836976716900224
40	27	-67.1607807983151
50	27	2.5422509764632077
60	27	-46.91768388823894
70	27	-67.1607807983151
80	27	-11.549476193978471
90	27	-25.069554217033623
100	27	-40.4095265457812
110	27	-42.84872396847957
120	27	-135.7098141146125
130	27	-18.167713889797056
140	27	-29.061932622201386
150	27	-5.406050939895747
160	27	0.964438395768841
170	27	-11.091637294675616
180	27	-11.447528968556693
190	27	2.34958681308015
200	27	2.7816478530981352
210	27	-7.333717188815238
220	27	-4.939771376949711
230	27	0.07466815037917823
240	27	-0.5855733612091623
250	27	-1.4176705300994898
260	27	0.9906352139483559
270	27	1.0198760945730396
280	27	0.7400318088721057
290	27	0.5127556271812487
300	27	0.9883639506742635
310	27	0.9683814258851143
320	27	0.5267243121634105
330	27	1.1348150671365003
340	27	0.7503224117092613
350	27	1.0901527408261786
360	27	0.9808072104618056
370	27	0.9626682281563181
380	27	0.9862105370214033
390	27	1.0453811712790275
400	27	0.9882301403535987
410	27	1.0207517910330168
420	27	0.9916051843838377
430	27	0.9960291307169569
440	27	0.9980439118948701
450	27	1.0045483828823245
460	27	0.998784602118968
470	27	1.0008216242419412
480	27	1.0001633734851163
490	27	1.0002044089221165
500	27	0.9999096352423732
510	27	0.9998298684092796
520	27	1.000245262570906
530	27	0.9998484194683855
540	27	0.9997775918617317
550	27	0.9998494497383744
560	27	0.9999493982217632
570	27	0.9999412087000391
580	27	1.0000411998564607
590	27	1.0000432023523995
600	27	1.0000518279941637
610	27	1.0000646512953781
620	27	1.0000970972040886
630	27	1.0001671327420814
640	27	1.0002325057396149
650	27	1.0003394889677069
660	27	1.000495143627885
670	27	1.0007177588245961
680	27	1.0010414722411984
690	27	1.0015078245401892
700	27	1.0021853892135797
710	27	1.0031665929711153
720	27	1.0045893851891083
730	27	1.0066518690685713
740	27	1.009644435112831
750	27	1.0139897995214755
760	27	1.0203073573526305
770	27	1.0295078585799766
780	27	1.0429406393679657
790	27	1.0626245662886389
800	27	1.0917318248870136
810	27	1.1349358183049911
820	27	1.2000167951603804
830	27	1.3000490551258448
840	27	1.4588291096631878
850	27	1.724665947086486
860	27	2.2131761345259444
870	27	3.2877112667463355
0	28	-31.1481944409986
10	28	-47.721683705189
20	28	-69.59320622596438
30	28	-15.09439223553668
40	28	-87.09158007271981
50	28	-29.215357628326036
60	28	-41.33881302643776
70	28	-20.13222017449645
80	28	-39.614640845814
90	28	-41.34752428426756
100	28	-72.33594311917003
110	28	42.03248841410278
120	28	-21.71049632604984
130	28	-21.151105374787473
140	28	-1.2965844720414847
150	28	-18.63706545388272
160	28	-15.608839096018647
170	28	11.639700472993155
180	28	1.4670433967580263
190	28	-5.495579276183931
200	28	0.5889845310108268
210	28	1.0849754320824927
220	28	-1.514760769472128
230	28	-0.31083641215143765
240	28	0.5298198987846665
250	28	0.6786798698362119
260	28	0.45247590220182116
270	28	0.4077453989785204
280	28	0.4390770211499404
290	28	0.9709507360087721
300	28	1.2440588830516421
310	28	0.9941949449162217
320	28	0.8756489347536988
330	28	0.7986819523324923
340	28	1.1059407097443377
350	28	0.9883390967168748
360	28	1.0034503612974623
370	28	1.0010118677573747
380	28	1.0083391586051942
390	28	1.015736137529225
400	28	0.9886495819665484
410	28	1.01006296028605
420	28	0.9933731331562229
430	28	0.995923186132397
440	28	0.9952600632550287
450	28	0.9992081964217434
460	28	0.9983491092126241
470	28	0.9999797147952767
480	28	0.9988879917970662
490	28	0.9999797417887194
500	28	0.999704796581362
510	28	1.0000964528733378
520	28	0.9999184494923075
530	28	1.000038123395649
540	28	1.0000461220433385
550	28	0.9999636711040052
560	28	1.0000134991344467
570	28	0.999975228409163
580	28	1.0000474801018748
590	28	1.000094310976895
600	28	1.0000740621603306
610	28	1.0001174163162978
620	28	1.000176111439637
630	28	1.0002468496597487
640	28	1.0003605506125617
650	28	1.000510872462577
660	28	1.0007301943084943
670	28	1.0010443679513006
680	28	1.0014916873630981
690	28	1.0021343113253602
700	28	1.003050909659047
710	28	1.0043623069343968
720	28	1.0062392905212805
730	28	1.0089255930718595
740	28	1.0127736222137085
750	28	1.018290687403875
760	28	1.0262116919681916
770	28	1.0376063915790237
780	28	1.0540448784752294
790	28	1.0778569286248567
800	28	1.1126746923510957
810	28	1.163846017610965
820	28	1.240251838435037
830	28	1.3568830560729441
840	28	1.5413048875582567
850	28	1.8504734438919666
860	28	2.424204135651035
870	28	3.71483490710228
0	29	-132.80478547659413
10	29	-75.3896522419178
20	29	-49.66519578780453
30	29	-35.75916050744348
40	29	-42.62784548639536
50	29	-15.92067967681965
60	29	2.42700820838558
70	29	103.35035569293004
80	29	-8.630571846987113
90	29	-24.083459515883497
100	29	20.921659299344462
110	29	74.88335991039997
120	29	-7.274432897445748
130	29	-15.83144434598665
140	29	39.11112607390235
150	29	0.7121103950404277
160	29	-1.8491227786999644
170	29	-2.45747964750693
180	29	1.0904232834635015
190	29	1.0305727662441106
200	29	1.2719948598800617
210	29	1.3624062703086461
220	29	1.7141671761002661
230	29	1.920327244449484
240	29	0.7004216364395216
250	29	0.865299727709421
260	29	0.9920890728700235
270	29	0.9049621642982831
280	29	0.6082758854102582
290	29	1.0474257973327084
300	29	0.8969273323366148
310	29	0.9774879939166625
320	29	0.9632473780396664
330	29	1.0614166793421198
340	29	0.947649692220356
350	29	0.9576646394330551
360	29	1.0035578547508759
370	29	1.0229332001267553
380	29	0.9895986261597228
390	29	1.0177787568702525
400	29	0.998929068781118
410	29	1.0026978667298219
420	29	0.9989203553173905
430	29	1.003896057284516
440	29	0.9987719257610337
450	29	0.9983720287073712
460	29	1.0009806591149835
470	29	1.0003244969233756
480	29	1.0004177390563724
490	29	1.0001605983727757
500	29	1.0001507203221134
510	29	0.9999894492210242
520	29	1.0000902518316572
530	29	1.0000909990757838
540	29	1.000079233565129
550	29	1.0000275323197385
560	29	1.0000543003968028
570	29	1.00001404285226
580	29	1.0000414838188298
590	29	1.0001081961756582
600	29	1.0001374216393473
610	29	1.0001812648486235
620	29	1.0002534296618757
630	29	1.000372657559478
640	29	1.0005223444726836
650	29	1.000738991285701
660	29	1.001047709514265
670	29	1.0014774428939315
680	29	1.002087182285686
690	29	1.0029468366860277
700	29	1.0041630051333639
710	29	1.0058806615889395
720	29	1.0083085730756023
730	29	1.0117422144311132
740	29	1.0166025487225971
750	29	1.023489345604719
760	29	1.0332627985121194
770	29	1.0471631266563695
780	29	1.0669956366678517
790	29	1.095420038270616
800	29	1.1365562279648966
810	29	1.1964686129781914
820	29	1.2852186263766379
830	29	1.4198883646625056
840	29	1.632240454017956
850	29	1.989057675583358
860	29	2.657673924442268
870	29	4.143869039593292
0	30	-56.38432937939946
10	30	-0.3357788460068284
20	30	-45.90865351013456
30	30	-74.35317290975092
40	30	5.405814565909632
50	30	26.68685426927109
60	30	23.07661981986694
70	30	-8.259304986959243
80	30	1.3233694827699392
90	30	26.539470697840436
100	30	-11.79483017101175
110	30	-8.441116212227064
120	30	2.0333138811557903
130	30	0.27654815683715533
140	30	1.8283633375809227
150	30	0.5179182136106669
160	30	2.7680830369611678
170	30	-1.6393778871974969
180	30	-0.7349893412835
190	30	0.9012589322310947
200	30	-0.008887265352408701
210	30	1.7716626061567184
220	30	1.457957537603228
230	30	0.7807078304117391
240	30	1.4539341143242606
250	30	0.9788049511578649
260	30	0.9771356119473303
270	30	1.235588463656877
280	30	0.8867983203828723
290	30	0.9533532230452134
300	30	1.0285842657188466
310	30	0.8467048076194811
320	30	0.9547287773256341
330	30	0.9983131835191916
340	30	0.9862585331773527
350	30	0.9930615771656761
360	30	1.0014600057058944
370	30	1.005411309054452
380	30	0.9976851273449318
390	30	0.9966503273699514
400	30	1.003644480726651
410	30	0.9988368578505906
420	30	1.0024029852295635
430	30	0.9993259653591777
440	30	0.998357906828838
450	30	0.9993749191274599
460	30	0.999628110305285
470	30	0.9995016664044218
480	30	1.00020961766938
490	30	1.0004245063045554
500	30	0.9997372001958522
510	30	1.0001800539758896
520	30	1.0000424137479378
530	30	1.0000763816409457
540	30	0.9999707781888132
550	30	1.0000604644613678
560	30	1.0000218526095328
570	30	1.0000802456519533
580	30	1.0000913308070976
590	30	1.0001412982535842
600	30	1.0001944990558849
610	30	1.0002742209415776
620	30	1.0003876822268076
630	30	1.000540793838459
640	30	1.0007485332335968
650	30	1.0010507887987914
660	30	1.0014645118965524
670	30	1.002045953244784
680	30	1.0028557542479513
690	30	1.0039871464599583
700	30	1.0055668411007297
710	30	1.0077743713306844
720	30	1.0108599559809006
730	30	1.0151751291255615
740	30	1.0212159820474875
750	30	1.029682016892712
760	30	1.041567538071613
770	30	1.0582940223400712
780	30	1.0819144946477606
790	30	1.1154350809214972
800	30	1.1634889319455988
810	30	1.2328945962760192
820	30	1.334973817648665
830	30	1.4890765408078974
840	30	1.7316041145510142
850	30	2.140290496085461
860	30	2.9116974154845825
870	30	4.535813087533997
0	31	-88.53430774647472
10	31	-59.22353345308115
20	31	-31.208730668066952
30	31	-371.44424749505356
40	31	-1.549994616025185
50	31	1.4814418527941695
60	31	-16.50538757743747
70	31	-1.2099212379289515
80	31	13.688133507517886
90	31	0.9749981915658503
100	31	1.0819874216904297
110	31	-1.9255668784374491
120	31	-1.943267582933175
130	31	0.31975405907722565
140	31	1.045342922321053
150	31	3.4018573019020626
160	31	0.019151301937860094
170	31	-0.38431536146351103
180	31	1.014420606921742
190	31	1.2316332057318526
200	31	0.9294654463613746
210	31	0.9869343121192639
220	31	1.0580768922617174
230	31	0.9882814621094519
240	31	0.8071588751484651
250	31	1.4657391574363927
260	31	0.9972856233903814
270	31	1.1133333099933047
280	31	1.015678740625611
290	31	0.9484245057092257
300	31	0.9976228931012217
310	31	1.0402621847294473
320	31	1.0022244352728198
330	31	1.0103157894698478
340	31	1.0063808637690599
350	31	1.0052650299069557
360	31	1.0045885427678378
370	31	1.0019727478697809
380	31	0.9989383736817073
390	31	0.9977036160047382
400	31	1.0011841624114841
410	31	1.001897180388863
420	31	1.0003659105402711
430	31	0.9999535968854047
440	31	0.9999063587038397
450	31	0.9993610695015129
460	31	0.9998876322168162
470	31	1.0002993537308777
480	31	0.9999494576726159
490	31	0.999966904935005
500	31	1.0000623089224625
510	31	0.9999910862820357
520	31	1.0000000400656937
530	31	1.0000759269718675
540	31	1.0000506943478562
550	31	1.0000412146199855
560	31	1.0000881504068126
570	31	1.0001040334213849
580	31	1.0001576689328595
590	31	1.0002060784963525
600	31	1.0002887148302138
610	31	1.0004008627800214
620	31	1.0005529533777646
630	31	1.0007628775024098
640	31	1.0010542564039924
650	31	1.0014540415166477
660	31	1.00200860588741
670	31	1.002773035043993
680	31	1.0038307889453018
690	31	1.0052903841535135
700	31	1.0073088018800307
710	31	1.0100986702885593
720	31	1.0139576382164315
730	31	1.0192983303218646
740	31	1.0266976068918947
750	31	1.036961549522398
760	31	1.0512266601924274
770	31	1.0711043017713857
780	31	1.098906171634645
790	31	1.1379985083675475
800	31	1.1935491905468143
810	31	1.2731657182300682
820	31	1.3895062886126028
830	31	1.5643646159132432
840	31	1.839203080560562
850	31	2.3035301412805858
860	31	3.179941149293716
870	31	4.8518866899938216
0	32	-56.37843088506086
10	32	-36.83400126309893
20	32	-34.509934773667595
30	32	18.4441645456713
40	32	-16.082362311919013
50	32	1.9791375088835288
60	32	-10.51482299717062
70	32	9.885930995818335
80	32	0.5425950795355855
90	32	0.8370326907758161
100	32	0.4693868145056864
110	32	0.14525563585006615
120	32	-0.6009135205274546
130	32	2.229677230290967
140	32	0.9917708159563693
150	32	2.3454124179367404
160	32	0.11423813932634114
170	32	0.29558760029245995
180	32	1.3069343995659621
190	32	0.5970666949650976
200	32	1.0542372717447273
210	32	0.7978717221355281
220	32	1.1382211795374744
230	32	0.9850038033721745
240	32	1.0223580058200947
250	32	0.9582746017661395
260	32	0.9376822417057239
270	32	0.967368127588399
280	32	0.959729923236957
290	32	0.9973647562391971
300	32	1.0130683913506253
310	32	1.0106308026379631
320	32	0.9917178190653843
330	32	0.9962931007055905
340	32	1.0089140323140189
350	32	0.9930986555891995
360	32	1.0037849651859987
370	32	1.0002190607013446
380	32	0.9976892143378583
390	32	1.0009580727291136
400	32	0.9993216602444723
410	32	1.0000278517847427
420	32	0.9997216762054193
430	32	1.0003798484847048
440	32	0.9996341188430194
450	32	0.9999786673863589
460	32	1.0001625942537231
470	32	1.0001690234536371
480	32	1.0000996329265877
490	32	1.0000229726718932
500	32	0.9999811973482707
510	32	1.0000546333235332
520	32	0.9999980802221943
530	32	1.0000410412504377
540	32	1.000043131500409
550	32	1.0000965164222881
560	32	1.0001143567282613
570	32	1.0001621196927886
580	32	1.0002202009319963
590	32	1.0002989083388734
600	32	1.0004149300622096
610	32	1.0005620998234463
620	32	1.0007743962899123
630	32	1.0010575548181806
640	32	1.0014446604782672
650	32	1.00197448309077
660	32	1.0026994145968053
670	32	1.0036904786497591
680	32	1.005045711007429
690	32	1.0069002598890295
700	32	1.0094372669886307
710	32	1.01291005761284
720	32	1.0176662051744039
730	32	1.0241848058797598
740	32	1.033128117888943
750	32	1.0454157789474146
760	32	1.0623319122014045
770	32	1.0856856436021731
780	32	1.1180554842729185
790	32	1.1631782128417691
800	32	1.2267740612125368
810	32	1.3172697906996127
820	32	1.4487319597371848
830	32	1.6455630451769618
840	32	1.9546290315404153
850	32	2.477241070833844
860	32	3.447058121363257
870	32	4.8765999129539574
0	33	-48.647529348691926
10	33	18.352036919120117
20	33	-17.85410988850355
30	33	-17.839093773151184
40	33	2.0157514593897443
50	33	1.6162214621932054
60	33	-3.0660974978554703
70	33	-2.414814072360468
80	33	-3.700455305748735
90	33	0.9481328426935701
100	33	0.9427186137291214
110	33	1.5925327472738258
120	33	-0.5380707305596242
130	33	-0.08765832761265745
140	33	1.1365730375220657
150	33	1.00070448659931
160	33	0.36701114748792396
170	33	0.9578161190415944
180	33	1.0005385945726764
190	33	0.9292842772900065
200	33	1.0652523652902968
210	33	1.2681352574205997
220	33	0.9846585859896595
230	33	0.994898558156807
240	33	0.9666982476472255
250	33	0.9443660358612574
260	33	0.9816144731171272
270	33	1.009202965526842
280	33	1.002058525973559
290	33	1.0008267490858684
300	33	1.012184925936931
310	33	1.008448522559195
320	33	1.0019347630748587
330	33	1.005298774308636
340	33	1.0002460814796943
350	33	0.9981674769947375
360	33	0.995232291829293
370	33	1.0026545288724351
380	33	1.0002714329083775
390	33	0.9989305402627522
400	33	0.9995574034758529
410	33	1.0000206686929702
420	33	1.0002852233869206
430	33	1.000341780283842
440	33	1.0004687190128492
450	33	1.0001899767188538
460	33	1.0000206227924624
470	33	0.9998686708730667
480	33	0.9999765767304847
490	33	0.9999718008384241
500	33	0.9999927895287607
510	33	1.0000622206390914
520	33	1.0000428962590675
530	33	1.0000549556155702
540	33	1.0000930399010437
550	33	1.0001245744009957
560	33	1.0001753242605806
570	33	1.0002311148369805
580	33	1.0003149761097068
590	33	1.0004271993437215
600	33	1.0005761182210395
610	33	1.0007848421977752
620	33	1.0010601692562069
630	33	1.0014349894643686
640	33	1.0019440002605777
650	33	1.002632015384259
660	33	1.0035643748586545
670	33	1.0048279828132092
680	33	1.0065393558916567
690	33	1.008858472228091
700	33	1.0120020329499413
710	33	1.0162654147460288
720	33	1.0220500411821907
730	33	1.029905647489858
740	33	1.0405849869916266
750	33	1.055125330210622
760	33	1.0749643198114782
770	33	1.102113547987242
780	33	1.139423982088964
790	33	1.191010056642644
800	33	1.2631569619315177
810	33	1.3651372893042861
820	33	1.5124887739095292
830	33	1.7323596079981545
840	33	2.0771641394357405
850	33	2.658317367194773
860	33	3.684512293524842
870	33	4.355960107386022
0	34	41.724972518936475
10	34	17.231104095922568
20	34	-8.433361026788491
30	34	-7.637205207109625
40	34	3.8073020815538188
50	34	0.319387294129903
60	34	1.1742744758618986
70	34	-0.5467060921735378
80	34	-0.6858388680743498
90	34	0.3107046972199874
100	34	1.0098270291097076
110	34	1.747601911381451
120	34	0.7227246278472323
130	34	0.711884534413979
140	34	0.9598781419481414
150	34	0.6255199231405142
160	34	0.8074540662191088
170	34	1.1395651447466482
180	34	0.8955967398729491
190	34	0.9779503810401169
200	34	1.0310468867749047
210	34	1.0043890773162567
220	34	0.9368350011796114
230	34	0.9781638692343722
240	34	0.9705033976564746
250	34	1.0068605541990563
260	34	0.9772996515206989
270	34	0.9907927326106696
280	34	1.0255797746794708
290	34	1.0009247792529288
300	34	0.9957507880795929
310	34	1.0046858543080683
320	34	1.0019661221910319
330	34	0.9966507608834522
340	34	1.0006539797072738
350	34	1.0004653581252763
360	34	0.9996284814123022
370	34	0.998261742366822
380	34	1.0005573857323868
390	34	0.9996431759339475
400	34	0.9995955399864618
410	34	1.0003849507610534
420	34	1.000095148899755
430	34	0.9999561587793112
440	34	1.0001260151002185
450	34	1.0000397009392186
460	34	1.00000316858739
470	34	1.0000891453602596
480	34	1.0000168350548415
490	34	1.0000167797156003
500	34	1.0000740182918653
510	34	1.0000443999587993
520	34	1.0000599411026307
530	34	1.0001025035293616
540	34	1.0001315208958113
550	34	1.0001846768202969
560	34	1.0002477951460722
570	34	1.0003208543182815
580	34	1.0004388891193992
590	34	1.0005913382385845
600	34	1.0007931178708989
610	34	1.00106541320475
620	34	1.001427223261515
630	34	1.0019168239587117
640	34	1.002570904779092
650	34	1.0034513211279659
660	34	1.0046329374389567
670	34	1.0062187716826072
680	34	1.0083489057905133
690	34	1.0112097645762066
700	34	1.015053975167097
710	34	1.0202213634337365
720	34	1.0271720560092557
730	34	1.0365289328636642
740	34	1.049139499286674
750	34	1.066162158841437
760	34	1.0891915174892701
770	34	1.1204445378314656
780	34	1.163047127969187
790	34	1.221494797676377
800	34	1.3026452350277105
810	34	1.4166377044251302
820	34	1.5805309164980383
830	34	1.8242917687518023
840	34	2.2056208239369277
850	34	2.8409450478504796
860	34	3.8497181775596463
870	34	3.339617391301919
0	35	-93.89590961657768
10	35	4.7994544361815255
20	35	-4.755911821753953
30	35	8.55798667616102
40	35	0.2963287780242052
50	35	-1.7195436537420516
60	35	1.1331572990278411
70	35	0.2267153049802225
80	35	0.4281416224155244
90	35	0.7577141758863906
100	35	0.5799078310457878
110	35	0.9972154009573203
120	35	0.989234052237683
130	35	0.7560384459654805
140	35	1.1007301170374597
150	35	1.2282877768868807
160	35	0.85701086754452
170	35	1.0776834735410543
180	35	0.8737085714805835
190	35	0.9095647784259766
200	35	1.03162191835686
210	35	1.136359015526101
220	35	1.0091430877223657
230	35	0.993589274877268
240	35	0.9783878010803336
250	35	1.0276492159980042
260	35	0.9816169998360585
270	35	0.9788876213527499
280	35	0.9953315760900672
290	35	0.9880030754396678
300	35	1.0017167142552381
310	35	1.0052804997928364
320	35	1.0074915709696657
330	35	0.9980304921380234
340	35	1.002125838806231
350	35	0.9984637578745692
360	35	1.0010853936063178
370	35	0.9994575947058786
380	35	0.9996979278825163
390	35	1.0000002874063676
400	35	1.0001204648380948
410	35	0.9999805253152184
420	35	0.9998697604428258
430	35	1.0000796165616401
440	35	1.0000124635300822
450	35	1.0000867331369823
460	35	1.0000309293116998
470	35	1.0000655422561924
480	35	0.9999578212416912
490	35	1.0000437439065495
500	35	1.000089038535302
510	35	1.000059819315527
520	35	1.0001000866371272
530	35	1.000144964412124
540	35	1.0001909762875392
550	35	1.0002563217867126
560	35	1.0003402413753906
570	35	1.0004530274211298
580	35	1.000601844760291
590	35	1.0008032207790825
600	35	1.0010670335119398
610	35	1.0014202488241712
620	35	1.0018909308036335
630	35	1.002516591465963
640	35	1.003349087409685
650	35	1.004457587450118
660	35	1.0059332434721369
670	35	1.007897567151172
680	35	1.0105140495145724
690	35	1.0139990948029676
700	35	1.018643119932359
710	35	1.0248339417287728
720	35	1.0330923780381154
730	35	1.0441180910649657
740	35	1.0588557365701945
750	35	1.0785873467599125
760	35	1.1050657765866414
770	35	1.140713794236307
780	35	1.1889316232361637
790	35	1.2545957642613388
800	35	1.345137849553704
810	35	1.4715782182323678
820	35	1.6525206896340758
830	35	1.9207016240772745
840	35	2.3380764904756655
850	35	3.014898289403273
860	35	3.8803793962562043
870	35	2.165011743496017
0	36	-73.86414363738578
10	36	3.5724432850135797
20	36	3.6967586378178243
30	36	2.6217564706374676
40	36	1.514910641517555
50	36	1.0114039838410933
60	36	0.7812846198750795
70	36	1.092857396202616
80	36	0.6764609821850583
90	36	0.9767261116124337
100	36	0.8979967512909696
110	36	0.9540034778082946
120	36	1.0115179915459016
130	36	1.123875878391882
140	36	0.9782253374871129
150	36	0.9704776682092552
160	36	1.1338075684610271
170	36	1.0914803168192522
180	36	1.0559990783858038
190	36	0.9886027608618809
200	36	0.9834071101988434
210	36	0.9654392776327003
220	36	1.028818841662082
230	36	1.0166878414542009
240	36	1.0028834117224261
250	36	1.0013754662136667
260	36	0.9959096121568234
270	36	0.9893087363943351
280	36	1.011464299976005
290	36	0.9979214532923367
300	36	0.9973435612729359
310	36	0.9998342877366297
320	36	0.9980979565135264
330	36	0.9990978470259332
340	36	0.9993351649993538
350	36	1.001010908315453
360	36	0.9991212509003454
370	36	0.9993611009074861
380	36	0.9998807665712243
390	36	0.9999490848527816
400	36	0.9998062785180805
410	36	1.0003367827729832
420	36	1.0002228894367353
430	36	0.9998734505701656
440	36	1.0000465826971614
450	36	1.0000807388405435
460	36	1.0000582925883283
470	36	1.0000408857609244
480	36	1.0000628699287293
490	36	1.0000783451349897
500	36	1.000094480764247
510	36	1.0001207940630334
520	36	1.0001439396423006
530	36	1.0002026407766798
540	36	1.0002630518401818
550	36	1.0003578225950738
560	36	1.0004643604549102
570	36	1.0006140744782153
580	36	1.000812221222944
590	36	1.0010708460816689
600	36	1.0014136542103325
610	36	1.0018675215965775
620	36	1.0024653630673392
630	36	1.0032558761376211
640	36	1.0042987274473325
650	36	1.0056765083606176
660	36	1.0074959818893416
670	36	1.009899554805004
680	36	1.0130747325116338
690	36	1.0172712485255293
700	36	1.0228191568555574
710	36	1.0301567149550397
720	36	1.0398675649922977
730	36	1.052730493860792
740	36	1.0697889916034693
750	36	1.0924492060675015
760	36	1.1226217276045451
770	36	1.1629328464012854
780	36	1.2170534267560902
790	36	1.2902374551247136
800	36	1.3904844603557294
810	36	1.5297006498278218
820	36	1.728014715715779
830	36	2.020659886411682
840	36	2.471455331965062
850	36	3.1635478121358718
860	36	3.697080048310411
870	36	1.1644949771418662
0	37	-31.748392988666406
10	37	-3.994758574232194
20	37	-1.011987151663159
30	37	-0.07162084221166276
40	37	2.1012847835494415
50	37	0.5630077642471936
60	37	0.25353730359196325
70	37	0.9946247070290759
80	37	0.8975312054415531
90	37	0.39031281258818684
100	37	0.9305299466240751
110	37	0.8965934112455202
120	37	1.1911048218138824
130	37	0.8101806645243339
140	37	0.8168340327285972
150	37	0.9926291026325328
160	37	1.0674754558839123
170	37	0.9608563508023614
180	37	0.8424140285766515
190	37	1.034186715157336
200	37	0.9696181315142618
210	37	1.0051061999747695
220	37	0.9879798354161727
230	37	1.004700434764484
240	37	0.9996098955403147
250	37	0.9982284886528471
260	37	0.9945774902447272
270	37	0.9974727245739271
280	37	1.001555500865095
290	37	0.9993252497958525
300	37	0.998747157516133
310	37	0.9988963506941971
320	37	0.9997127970200304
330	37	0.9986971569632223
340	37	0.9999239254381096
350	37	0.9995062717219587
360	37	1.0003317739373154
370	37	1.0001622671830093
380	37	0.9999318715083497
390	37	1.0001033151124357
400	37	0.9998472789042813
410	37	0.9998973956516748
420	37	1.0000544318619968
430	37	1.0000881151243297
440	37	1.0000387229467285
450	37	1.0000059957552232
460	37	1.0000795492356598
470	37	1.0000682880696525
480	37	1.0000711931143917
490	37	1.0000883869343014
500	37	1.0001193847064447
510	37	1.0001511628682918
520	37	1.0002171196968677
530	37	1.0002769844575001
540	37	1.00036384114669
550	37	1.0004845624705232
560	37	1.0006221428515434
570	37	1.0008191550972232
580	37	1.0010751836287872
590	37	1.001407827114932
600	37	1.001845799769231
610	37	1.0024193769197305
620	37	1.0031705698225217
630	37	1.0041549714453981
640	37	1.0054455152908446
650	37	1.0071365650968644
660	37	1.0093534803910111
670	37	1.0122600834137738
680	37	1.0160714999057123
690	37	1.02107063995452
700	37	1.0276298744424068
710	37	1.0362399636145947
720	37	1.0475492262953519
730	37	1.0624163620058102
740	37	1.0819839472224198
750	37	1.1077815073852642
760	37	1.1418744922075046
770	37	1.1870878729964753
780	37	1.2473563471952074
790	37	1.3283049218108394
800	37	1.4384845532900492
810	37	1.5906782723772785
820	37	1.8064407594160674
830	37	2.1228443183312553
840	37	2.600914838752808
850	37	3.26248816601712
860	37	3.254879399328272
870	37	0.4791717814362287
0	38	4.568155565727748
10	38	-0.6313733620525067
20	38	1.2553987263161326
30	38	0.5402801143417032
40	38	1.054041712684243
50	38	1.0184973955012746
60	38	0.98801766954525
70	38	0.8078463864115912
80	38	0.9100551424368324
90	38	1.208730712576491
100	38	0.9561109087519722
110	38	1.1162046164044934
120	38	0.9565957917208877
130	38	1.20762946606952
140	38	1.0393959348232058
150	38	1.0172237879063366
160	38	0.9773777049577741
170	38	0.9889915230423778
180	38	1.0106560747877174
190	38	1.0067866270364534
200	38	0.997453799934274
210	38	0.9881136694822457
220	38	0.9891666888101226
230	38	0.9905645644132295
240	38	1.0005941830351615
250	38	0.9962198471837688
260	38	0.9967047081433374
270	38	0.9987944891933507
280	38	1.0014058675653579
290	38	0.9997290496279857
300	38	1.0002797095678013
310	38	0.9996828151639872
320	38	0.9995285218160486
330	38	1.0000682197482085
340	38	0.9997759816051709
350	38	0.9998112222060089
360	38	1.0003479496426744
370	38	0.9995852470545601
380	38	1.0002113868734095
390	38	0.9999880667676355
400	38	1.0000614587322756
410	38	1.0000072736754686
420	38	0.9999971408864161
430	38	1.000042505893104
440	38	1.0000356018499532
450	38	1.0000779071583787
460	38	1.0000507421747775
470	38	1.0000638187324715
480	38	1.0000819222286148
490	38	1.0001321799482952
500	38	1.0001747445501916
510	38	1.000227705864533
520	38	1.0002915883826209
530	38	1.0003810927646812
540	38	1.0004892353332702
550	38	1.0006352240608336
560	38	1.0008307568284383
570	38	1.001078645996306
580	38	1.0014050260920127
590	38	1.0018274211157565
600	38	1.0023765918394962
610	38	1.003092994215375
620	38	1.0040241412722843
630	38	1.0052362408475664
640	38	1.006813671551182
650	38	1.008866492415801
660	38	1.0115378581620122
670	38	1.015015705007486
680	38	1.019543583963635
690	38	1.0254399208276848
700	38	1.0331208097501798
710	38	1.0431306084583893
720	38	1.0561830064895823
730	38	1.0732170345504297
740	38	1.0954733450262273
750	38	1.124601889077127
760	38	1.1628181255097727
770	38	1.2131382718017
780	38	1.2797513539148642
790	38	1.3686441476147853
800	38	1.4888874941266181
810	38	1.6541092666492374
820	38	1.887059131379166
830	38	2.2253545577023455
840	38	2.7190428695138724
850	38	3.2799321426039185
860	38	2.6057964395020643
870	38	0.08150954633161342
0	39	-15.926681033194331
10	39	0.09810574761220986
20	39	0.784153075351317
30	39	1.0761945384016165
40	39	0.9789616216447613
50	39	1.0275588667610032
60	39	1.0024133614700934
70	39	1.0697748456119451
80	39	0.9458361032621235
90	39	1.0675783367181924
100	39	1.1046633621977668
110	39	0.9053650402049029
120	39	1.0366951808123688
130	39	0.9623339076508289
140	39	0.9421108426049292
150	39	0.9868513807168495
160	39	0.9720860427998809
170	39	0.9916255610375109
180	39	0.9613913270375958
190	39	0.9886315511940034
200	39	1.0078603520723717
210	39	0.997113647595563
220	39	0.9948809277570314
230	39	1.0067471232590885
240	39	1.0017043859130876
250	39	0.9955521479539408
260	39	1.0019293066502666
270	39	1.0007882777944566
280	39	1.000063049095888
290	39	0.9994979413432279
300	39	0.9992024178420953
310	39	0.9992534272353385
320	39	1.0002193267700445
330	39	0.9994134607533391
340	39	1.00006726695953
350	39	1.0000045161641018
360	39	1.0000219425805632
370	39	1.0001366324580776
380	39	0.9999665327492836
390	39	0.9999489485476654
400	39	1.0000778850725918
410	39	1.000021310972072
420	39	1.0000652519771733
430	39	1.0000313384489925
440	39	1.000027303860262
450	39	1.0000513482310533
460	39	1.000085022627474
470	39	1.000114587604852
480	39	1.0001390753692254
490	39	1.0001790302165428
500	39	1.0002320470757682
510	39	1.000301339695402
520	39	1.000392031536721
530	39	1.0004978907147513
540	39	1.0006469426172715
550	39	1.000838239771604
560	39	1.0010843259491022
570	39	1.0014005401698687
580	39	1.001808417722187
590	39	1.002337805759444
600	39	1.003021205215425
610	39	1.0039047519148836
620	39	1.0050461971497593
630	39	1.0065221193841483
640	39	1.0084293664939055
650	39	1.0108949122500432
660	39	1.0140817416170176
670	39	1.018202127557764
680	39	1.023529839449557
690	39	1.0304202858831808
700	39	1.0393340240178293
710	39	1.050869900089001
720	39	1.0658071354007723
730	39	1.0851638956512748
740	39	1.1102763223198977
750	39	1.1429103424321814
760	39	1.1854243520779466
770	39	1.241016043555919
780	39	1.3141167093531614
790	39	1.4110628896215631
800	39	1.5413912001827619
810	39	1.7195038300555412
820	39	1.9689006238979125
830	39	2.325445548583609
840	39	2.8150129339957095
850	39	3.1810410799082
860	39	1.8853167355022817
870	39	-0.12017109545247703
0	40	-47.128540806317766
10	40	3.532286999346363
20	40	0.4705635538779496
30	40	0.9382379603612738
40	40	0.8742437807810284
50	40	0.9453547980281595
60	40	1.075323882546331
70	40	1.1280648553664474
80	40	0.9367299436622921
90	40	0.822104937530929
100	40	0.9226681015257181
110	40	1.0647696689726756
120	40	0.9960421314894405
130	40	0.9652487275351005
140	40	1.010251983162997
150	40	1.0020868009283617
160	40	0.9764545173205305
170	40	0.985900811413602
180	40	1.0107043975374872
190	40	1.0076095687929723
200	40	0.9881493761584194
210	40	1.001205476671185
220	40	0.9977535071275497
230	40	1.0023208119515545
240	40	0.9996206672333282
250	40	1.0017469171760733
260	40	0.9974292780840224
270	40	1.0003937004092673
280	40	0.9980841340053171
290	40	1.000930078982792
300	40	1.0012875440354685
310	40	1.0002596805609139
320	40	0.9995469840932607
330	40	0.9997393065495416
340	40	0.9999181405259728
350	40	0.9999136191541305
360	40	0.99969591679405
370	40	0.9999723538474918
380	40	0.9999260280460349
390	40	1.0000284737657843
400	40	1.0000378754134558
410	40	1.0000775473245138
420	40	1.000026776528215
430	40	1.0000598366937854
440	40	1.000044636120471
450	40	1.0001084196998453
460	40	1.0001227785578861
470	40	1.000137240690397
480	40	1.0001894430329252
490	40	1.0002416362470348
500	40	1.0003104583670275
510	40	1.000395973501342
520	40	1.000514446684891
530	40	1.000658458668089
540	40	1.0008456930318606
550	40	1.0010883543953342
560	40	1.0013967520829872
570	40	1.0017922687742689
580	40	1.0023025144207793
590	40	1.0029558372190017
600	40	1.0037951724847216
610	40	1.00487392253783
620	40	1.006258095831624
630	40	1.0080359792644487
640	40	1.0103192986177874
650	40	1.013251492654448
660	40	1.0170172070688765
670	40	1.021853966143702
680	40	1.0280672120413907
690	40	1.0360496417946448
700	40	1.046307394749273
710	40	1.0594933117384868
720	40	1.0764515244685726
730	40	1.0982769493809152
740	40	1.126397311446103
750	40	1.162688119165661
760	40	1.2096418294922826
770	40	1.2706257228467703
780	40	1.3502987530523056
790	40	1.4553316464808062
800	40	1.5956390405680483
810	40	1.7862631448798723
820	40	2.0506739709443718
830	40	2.419175939659227
840	40	2.874100761191247
850	40	2.94076506893134
860	40	1.2323537160482436
870	40	-0.20895916271301315
0	41	-49.10830447218289
10	41	-0.24600551215095487
20	41	0.8175707671544781
30	41	1.2876976295817064
40	41	0.7988157833906719
50	41	0.9330943108584766
60	41	1.2314101987755648
70	41	0.9763769173986003
80	41	0.9657529944912018
90	41	0.9903608456587074
100	41	0.9440658467135985
110	41	0.9630490908551003
120	41	1.0637601378031463
130	41	0.9546647860418455
140	41	0.9920251805851665
150	41	0.9772630682866636
160	41	0.9943717116610138
170	41	1.0211408906118054
180	41	0.9937095345889121
190	41	0.989383056336827
200	41	1.0023136098187369
210	41	0.9998430572401833
220	41	0.9997847777338582
230	41	0.9987744876622109
240	41	1.0018191792535562
250	41	0.9988373668432625
260	41	1.0009117474772236
270	41	0.9982071650055393
280	41	1.0004021699247747
290	41	1.0000910106833414
300	41	0.999714446033544
310	41	1.0000517893512912
320	41	0.9999141765704382
330	41	1.0000151634234902
340	41	0.9998704756025506
350	41	0.9999812091253459
360	41	1.0000483756432061
370	41	1.0000338037511132
380	41	1.000075622336187
390	41	0.9999972506861994
400	41	0.9999738852370387
410	41	1.0000416154629448
420	41	1.000057679515885
430	41	1.0000997509619618
440	41	1.000073548436901
450	41	1.000127263254635
460	41	1.0001627838123555
470	41	1.0002028119455406
480	41	1.0002527849313099
490	41	1.0003263770672117
500	41	1.0004140359713454
510	41	1.0005225176005945
520	41	1.0006710805751389
530	41	1.0008556275620317
540	41	1.001091656409767
550	41	1.0013925293918682
560	41	1.001778665726685
570	41	1.0022689236659104
580	41	1.002895022733419
590	41	1.0036950928333834
600	41	1.0047155888555541
610	41	1.0060178441536476
620	41	1.0076802767431206
630	41	1.0098019252833652
640	41	1.012509474798163
650	41	1.0159651806206358
660	41	1.020375836485103
670	41	1.0260050251141395
680	41	1.0331903016444073
690	41	1.0423627165520837
700	41	1.0540735533218775
710	41	1.0690292256790275
720	41	1.08813648767373
730	41	1.1125638422455992
740	41	1.1438248727176545
750	41	1.1838970314751491
760	41	1.2353959575526408
770	41	1.3018448684156916
780	41	1.3881129722430459
790	41	1.5011839232956075
800	41	1.6512128722129527
810	41	1.853646084269162
820	41	2.1306346411966643
830	41	2.501001627786151
840	41	2.878267075248117
850	41	2.563643431399883
860	41	0.7251417898045375
870	41	-0.23869256664718003
0	42	-276.24659197515285
10	42	1.13585728710856
20	42	0.995607493052128
30	42	1.3073305491941232
40	42	1.1171452380258704
50	42	0.9882801855089942
60	42	0.9244836057212723
70	42	1.1102490918979515
80	42	1.0705534004994903
90	42	1.0260321331293534
100	42	1.0489020374622973
110	42	1.0181500399399979
120	42	1.0320157375945205
130	42	1.0089217337410787
140	42	0.9919958493290182
150	42	0.9926840239004677
160	42	0.9997863774596221
170	42	1.0011185533903049
180	42	1.0065231877057923
190	42	0.9928297468486383
200	42	1.0009359929350299
210	42	0.998214241122716
220	42	1.0019567505397255
230	42	0.9982579492281183
240	42	1.0013123920141012
250	42	0.9977346671188134
260	42	0.9996227749336128
270	42	0.99907135957408
280	42	0.9998573131206286
290	42	0.9999844712150553
300	42	1.0001239531432535
310	42	1.0001042115041217
320	42	1.0000881491352065
330	42	0.9999079255569143
340	42	0.9998486417097929
350	42	0.9999761551846905
360	42	0.9999325849742698
370	42	0.9999861032862161
380	42	1.000067254350378
390	42	1.0000255244005116
400	42	1.0000813068542314
410	42	1.0000589707440033
420	42	1.0000922277048592
430	42	1.0001054906128086
440	42	1.0001255964893374
450	42	1.0001527191494206
460	42	1.0002093773986982
470	42	1.0002636030091367
480	42	1.0003312573613437
490	42	1.0004240245645584
500	42	1.000533468899809
510	42	1.0006813014255205
520	42	1.000863698070625
530	42	1.0010975770449906
540	42	1.0013891289449972
550	42	1.0017620063646686
560	42	1.0022375704075797
570	42	1.0028390556936297
580	42	1.0036020139109374
590	42	1.0045704960383606
600	42	1.0057988601399415
610	42	1.0073573924736592
620	42	1.009335097358824
630	42	1.0118440008557699
640	42	1.0150270380296655
650	42	1.019064972615619
660	42	1.0241876972092443
670	42	1.0306864024003746
680	42	1.0389306932712947
690	42	1.0493897345933163
700	42	1.0626593521411596
710	42	1.0794978883441597
720	42	1.1008719123524517
730	42	1.1280186925891296
740	42	1.1625311243118912
750	42	1.2064790976983106
760	42	1.2625892884824896
770	42	1.3345251428965519
780	42	1.4273452838224134
790	42	1.5483143698330457
800	42	1.707621346189337
810	42	1.9207179877609255
820	42	2.206411481591372
830	42	2.563417964379793
840	42	2.808751394541313
850	42	2.0938034249042357
860	42	0.37432827930506024
870	42	-0.23934222637551095
0	43	-2.073681594735151
10	43	1.2248231863734786
20	43	1.1251635828640458
30	43	0.9034071682283719
40	43	1.0134899172889646
50	43	1.0004068594568682
60	43	1.020413136725061
70	43	1.0089304519573679
80	43	1.0046120493559103
90	43	0.9984036299308168
100	43	0.990108377861188
110	43	0.9764211873148728
120	43	1.017513411881752
130	43	0.9932085629334392
140	43	0.9990262928387673
150	43	0.9958151419096036
160	43	0.9986751424705665
170	43	0.9995495081583308
180	43	1.0003967515489878
190	43	0.9958970052771744
200	43	0.9993687714212142
210	43	0.9995050237928111
220	43	0.9995902585964188
230	43	1.0004371219263275
240	43	0.9997911922336751
250	43	1.0010397643913687
260	43	0.9994401394260822
270	43	0.9997897129411104
280	43	0.9996898674785901
290	43	1.0001032149774007
300	43	1.0002173298656636
310	43	0.9999449283285885
320	43	0.9999110981303299
330	43	1.0000135543913191
340	43	0.9999809718534283
350	43	1.0000388814044583
360	43	0.9999881240222451
370	43	0.9999966089096705
380	43	1.0000784530578937
390	43	1.0000632969575238
400	43	1.0000475682290253
410	43	1.0000927744256793
420	43	1.0001113423432793
430	43	1.0001349591824156
440	43	1.0001602134046514
450	43	1.0002133187438582
460	43	1.0002744449453052
470	43	1.0003514045466342
480	43	1.0004328627335175
490	43	1.0005422356158902
500	43	1.0006942377449715
510	43	1.0008727832994138
520	43	1.0010992911858758
530	43	1.0013874365730375
540	43	1.0017508689879437
550	43	1.0022081819345388
560	43	1.0027871833555702
570	43	1.003516894819618
580	43	1.0044371969157242
590	43	1.0055982742454799
600	43	1.0070637320922782
610	43	1.0089124375262946
620	43	1.011244213695135
630	43	1.0141864182936018
640	43	1.0178973342571478
650	43	1.0225782365349179
660	43	1.028482012363784
670	43	1.0359273630095236
680	43	1.0453164137996869
690	43	1.0571557942436665
700	43	1.0720846480704878
710	43	1.0909105832767036
720	43	1.1146562040481953
730	43	1.1446216820557111
740	43	1.1824712540061937
750	43	1.2303566648762287
760	43	1.2911021949612311
770	43	1.3684936258744247
780	43	1.4677527477366208
790	43	1.5963730403810872
800	43	1.7642799229987574
810	43	1.9862799353232945
820	43	2.2747999840836757
830	43	2.5968685965942426
840	43	2.651519649183739
850	43	1.6005635466587145
860	43	0.15164038182931283
870	43	-0.22656064271897927
0	44	-53.60548161671501
10	44	0.9341536713234199
20	44	0.96313620508782
30	44	1.0056517097847544
40	44	1.0077529344721357
50	44	0.9927587646601245
60	44	1.0278532143889845
70	44	1.001818732006508
80	44	0.9852721924205027
90	44	0.9922232231737439
100	44	0.9828577098605874
110	44	0.9886640441407555
120	44	0.9927323371123308
130	44	1.0061965870451397
140	44	0.9948213145137969
150	44	1.0044749400347042
160	44	1.0009464330531803
170	44	0.9989720573482093
180	44	1.0017078659633225
190	44	1.0002330367346175
200	44	1.0001399493525143
210	44	1.0003828697610577
220	44	0.9995170599562616
230	44	0.9998212240450741
240	44	0.9999830483238871
250	44	0.9998177384426925
260	44	0.9995813173808515
270	44	1.0001356323369561
280	44	1.0002318293680368
290	44	0.9998788364443522
300	44	1.0000083138995184
310	44	1.0001418909632538
320	44	0.9999163139544321
330	44	0.9999977209182458
340	44	0.9999937802970047
350	44	0.9999936690216233
360	44	1.0000688937630837
370	44	1.00007426959716
380	44	1.000056730807634
390	44	1.000048967304347
400	44	1.000082652565702
410	44	1.0000957004738593
420	44	1.0001413028582984
430	44	1.0001828205054157
440	44	1.0002197733044835
450	44	1.0002787327542515
460	44	1.0003461167392749
470	44	1.000449186378701
480	44	1.0005578695156518
490	44	1.0007036164993384
500	44	1.000879697117538
510	44	1.0011038499113767
520	44	1.0013854602024428
530	44	1.0017380847095807
540	44	1.002181256614607
550	44	1.0027398075318228
560	44	1.0034372724860003
570	44	1.0043142440318324
580	44	1.0054141889351045
590	44	1.0067952485174319
600	44	1.0085278269190125
610	44	1.0107022567398474
620	44	1.0134302679913503
630	44	1.0168526862057554
640	44	1.02114630783529
650	44	1.0265313175541455
660	44	1.033285054808527
670	44	1.0417537129141232
680	44	1.0523711387732704
690	44	1.0656803615150854
700	44	1.0823617956891525
710	44	1.1032690448986218
720	44	1.1294757437500458
730	44	1.1623384141836872
740	44	1.2035834641968042
750	44	1.2554330854927336
760	44	1.3207941259447713
770	44	1.4035541883196425
780	44	1.509063119146725
790	44	1.6449533662998752
800	44	1.8204815661268245
810	44	2.048775169653516
820	44	2.331554151529924
830	44	2.590266700515948
840	44	2.4048750299487365
850	44	1.1490683166359759
860	44	0.019290929047732604
870	44	-0.20831453239008285
0	45	-38.41468413332597
10	45	1.3971211666931067
20	45	0.9681925908610983
30	45	0.9267841354076837
40	45	0.9813050148381952
50	45	0.9495042189641605
60	45	0.9657279151051724
70	45	1.0085268690724627
80	45	1.005754377330685
90	45	1.0021659300966637
100	45	0.9875409807532551
110	45	1.0069839481307723
120	45	0.9961848658134399
130	45	0.9994616986583644
140	45	0.9997509269687741
150	45	0.9980125591609108
160	45	1.000531588869547
170	45	0.9999490742686246
180	45	0.9988564543094683
190	45	0.9998194649632922
200	45	0.9992850220505379
210	45	0.9997667238273236
220	45	1.0005037615632193
230	45	1.0004457857380402
240	45	1.0004028326861245
250	45	0.9995956062308924
260	45	0.9997252158535772
270	45	1.0001019728821254
280	45	1.0001133160643287
290	45	1.0000441494324155
300	45	0.9999269508290465
310	45	0.9999711190150968
320	45	1.0000150528453184
330	45	0.9999894717166505
340	45	0.9999571846776192
350	45	1.0000481452842347
360	45	1.0000368684718632
370	45	1.000068158648829
380	45	1.0000950429674793
390	45	1.000099228533265
400	45	1.0001139478975607
410	45	1.0001499811662065
420	45	1.0001846140050294
430	45	1.0002329844703128
440	45	1.0002866352755484
450	45	1.0003653728742412
460	45	1.000456973681301
470	45	1.0005677443157261
480	45	1.0007101925987745
490	45	1.000888224958167
500	45	1.0011067864199237
510	45	1.001382293737042
520	45	1.0017279081341104
530	45	1.0021569432957016
540	45	1.0026940762527674
550	45	1.0033637866062426
560	45	1.004199940799084
570	45	1.0052450455052653
580	45	1.00654915902494
590	45	1.0081773319544653
600	45	1.01020995047376
610	45	1.0127474220948514
620	45	1.0159142352292396
630	45	1.019866105456685
640	45	1.0247971287477398
650	45	1.030948560614348
660	45	1.0386208724463262
670	45	1.0481876259555711
680	45	1.0601135054695865
690	45	1.0749762530300908
700	45	1.0934947020065293
710	45	1.1165644794996337
720	45	1.145304484206535
730	45	1.181119858131291
740	45	1.225789539923519
750	45	1.281593554758074
760	45	1.3515050236914676
770	45	1.4394884431509931
780	45	1.5509722265413706
790	45	1.6935715264265496
800	45	1.8753551642983752
810	45	2.1061753847608022
820	45	2.371249462304082
830	45	2.5325287747519405
840	45	2.08517252081109
850	45	0.7785249739734073
860	45	-0.054721923124293435
870	45	-0.18857583973800776
0	46	-51.80196774687967
10	46	0.7413029556938198
20	46	1.0640778432309244
30	46	0.9814568970813435
40	46	0.9880844433538796
50	46	1.0167465933570783
60	46	0.973027549097971
70	46	0.9983617959591461
80	46	1.0070726725911905
90	46	0.9916083846733258
100	46	1.001314416131523
110	46	1.0034169689257213
120	46	1.0021874172502123
130	46	0.9921225775445542
140	46	1.0026031066606345
150	46	0.9977244669309587
160	46	1.001467483752535
170	46	1.0029237565273859
180	46	1.0003350885400244
190	46	0.9996668538037887
200	46	0.9992496300525466
210	46	1.0008030927905882
220	46	1.0008655730088494
230	46	1.0004856572204728
240	46	0.999730710237873
250	46	1.0002063082405512
260	46	0.9998460452569082
270	46	0.9996577833458604
280	46	0.9999872987667392
290	46	0.9998829846559463
300	46	0.9999681717154401
310	46	0.9999736704726174
320	46	1.0000603488368036
330	46	1.00003729341256
340	46	0.9999612136050899
350	46	1.000061261833811
360	46	1.0000696452314182
370	46	1.0001025909550116
380	46	1.0000961247016165
390	46	1.0001404340856297
400	46	1.0001581388468552
410	46	1.0001878165195643
420	46	1.000244911229672
430	46	1.0003111750860767
440	46	1.0003725669005668
450	46	1.000468937779949
460	46	1.0005793825035587
470	46	1.0007218088982268
480	46	1.0008963772390118
490	46	1.00110998057136
500	46	1.0013818687761626
510	46	1.0017168608195908
520	46	1.0021325694757337
530	46	1.002651709516362
540	46	1.0032951333734152
550	46	1.0040946044696775
560	46	1.0050887165537659
570	46	1.0063232543864407
580	46	1.007856357437433
590	46	1.0097616744426565
600	46	1.0121286486846874
610	46	1.0150675921537975
620	46	1.0187174088467796
630	46	1.0232485627673475
640	46	1.0288730024700787
650	46	1.0358522859683719
660	46	1.044510322399976
670	46	1.0552470532776212
680	46	1.0685565959393324
690	46	1.0850491755045257
700	46	1.10547854312603
710	46	1.1307774252079696
720	46	1.162103647741557
730	46	1.2009026705951076
740	46	1.2489953988571638
750	46	1.3087064351593596
760	46	1.3830566640840765
770	46	1.4760559163037401
780	46	1.5931381553744186
790	46	1.7416369185507197
800	46	1.9278112659243898
810	46	2.1558598097523585
820	46	2.3873420056314587
830	46	2.4153407343936326
840	46	1.7251567309924078
850	46	0.49899808139436186
860	46	-0.09294838187261728
870	46	-0.169254468334039
0	47	30.605165513342385
10	47	1.0080279096559406
20	47	1.0260516984190713
30	47	0.9570280314778522
40	47	0.971618993073393
50	47	1.0322478859275515
60	47	1.0120959506563965
70	47	1.0101185905417174
80	47	1.0004224374888984
90	47	1.0078084480969998
100	47	0.9997794134604663
110	47	1.0041305039043522
120	47	0.9996016291732668
130	47	1.000986640638025
140	47	1.0001698193396504
150	47	0.9987754023102499
160	47	0.999920019427893
170	47	1.0003669194563936
180	47	0.9999810237529175
190	47	1.0005052879317091
200	47	0.9997657105226655
210	47	1.0000860353150396
220	47	1.0003182265299086
230	47	0.9998415272293475
240	47	1.0001469075819551
250	47	0.9998348040888667
260	47	0.9998245262607128
270	47	1.0001720108381766
280	47	0.9999798639787941
290	47	0.999816029445675
300	47	1.0001552108474987
310	47	1.0000369318353046
320	47	1.000031211515002
330	47	1.0000159901552685
340	47	1.000071200776812
350	47	1.0000912813322425
360	47	1.0000841114403605
370	47	1.0001088016780157
380	47	1.0001404419849624
390	47	1.0001803500712148
400	47	1.00018832204843
410	47	1.0002449470182275
420	47	1.0003100805915957
430	47	1.0003836214851283
440	47	1.000473878696739
450	47	1.000589757552981
460	47	1.0007293512066362
470	47	1.0009026680945459
480	47	1.0011150275537342
490	47	1.001380615544777
500	47	1.0017072960170919
510	47	1.00211282138067
520	47	1.0026127401373957
530	47	1.0032313362734064
540	47	1.003996424211281
550	47	1.0049436450664808
560	47	1.0061142771877716
570	47	1.0075621245377278
580	47	1.0093524658089483
590	47	1.0115657223230055
600	47	1.0143015450772306
610	47	1.0176823963666057
620	47	1.0218603368019936
630	47	1.0270211024870517
640	47	1.0333942868219872
650	47	1.0412618319118394
660	47	1.050970356710204
670	47	1.0629449732119094
680	47	1.0777073619518975
690	47	1.09589713017456
700	47	1.1182989536364933
710	47	1.145877322981923
720	47	1.1798218730288934
730	47	1.2216095384483303
740	47	1.273092151039929
750	47	1.3366245887744737
760	47	1.4152537044009033
770	47	1.5129928279390632
780	47	1.6351710040545653
790	47	1.7884183557208904
800	47	1.9764754056544391
810	47	2.194513713064779
820	47	2.3725984826057194
830	47	2.2367410989282823
840	47	1.364040081708083
850	47	0.30097921574905023
860	47	-0.1099145708017984
870	47	-0.15120104525336336
0	48	-56.41456590481535
10	48	0.9605323619554526
20	48	0.9805110165823311
30	48	1.05005769749511
40	48	1.0021160964595286
50	48	0.9997519361037541
60	48	0.9844328208585963
70	48	0.9958776999903326
80	48	1.001000286246016
90	48	1.003756920231938
100	48	0.9985890260470114
110	48	1.0014801925572305
120	48	0.9980574490226523
130	48	0.9984659941468299
140	48	0.9987096686721866
150	48	0.9994693264807967
160	48	0.999339037758265
170	48	0.9997478672247346
180	48	1.0000585882143516
190	48	1.0000683675354785
200	48	1.0000044504796444
210	48	1.000744656733434
220	48	1.0002993512721394
230	48	0.9999399446927797
240	48	1.0001879721599922
250	48	1.0001101864770614
260	48	1.00008053605686
270	48	1.0000153499888127
280	48	1.0000483167548067
290	48	1.0000451468154443
300	48	1.0000102460710747
310	48	0.9999776963777912
320	48	1.000037465971342
330	48	1.000049286111806
340	48	1.0000947498061303
350	48	1.0000883816188235
360	48	1.0001199507170515
370	48	1.0001265541259339
380	48	1.0001811434281858
390	48	1.0002105807683044
400	48	1.0002669494539769
410	48	1.0003137934336324
420	48	1.0003949188129209
430	48	1.000485055108868
440	48	1.0005952254257582
450	48	1.0007399817615468
460	48	1.000910306864005
470	48	1.001120270708689
480	48	1.0013787101906753
490	48	1.0016991875909391
500	48	1.0020912727030622
510	48	1.0025754190545269
520	48	1.0031719781673905
530	48	1.0039049586177469
540	48	1.0048094000231784
550	48	1.0059220711888832
560	48	1.0072916477749159
570	48	1.008977405896569
580	48	1.0110525980700407
590	48	1.013605585982494
600	48	1.016747017802912
610	48	1.0206108325009586
620	48	1.0253620185870373
630	48	1.031202492071336
640	48	1.038379078256753
650	48	1.0471935511805854
660	48	1.0580139944344347
670	48	1.0712892588055267
680	48	1.087565992992792
690	48	1.1075099476528867
700	48	1.1319321204360744
710	48	1.1618226619158847
720	48	1.1983955961936443
730	48	1.243150068742696
740	48	1.2979574214783103
750	48	1.3651867064186083
760	48	1.4478841850482327
770	48	1.550008791424964
780	48	1.6766174466849235
790	48	1.8330175179041892
800	48	2.019614952407816
810	48	2.218096084258707
820	48	2.3200673674348136
830	48	2.004059327719036
840	48	1.0351627438410236
850	48	0.16704659752286058
860	48	-0.11456943079979577
870	48	-0.13472807964813222
0	49	-84.44917753612039
10	49	0.9858608024743992
20	49	1.0048114940748356
30	49	0.9999629784597982
40	49	0.9969533689990056
50	49	0.993092978851766
60	49	1.011067940820664
70	49	1.0039537883872118
80	49	1.0001650595372904
90	49	0.9988500924181962
100	49	0.9970921613516366
110	49	1.0020540989061375
120	49	1.0007874745218424
130	49	1.00048252942257
140	49	1.000633224698882
150	49	1.0016074761270992
160	49	1.0003201836242754
170	49	0.9998247898842876
180	49	0.9995764578940131
190	49	1.000068321067708
200	49	0.9999084321936355
210	49	0.9999111965295178
220	49	1.0001299886973953
230	49	0.9999739645309279
240	49	1.000078316884273
250	49	0.9998876233760988
260	49	0.9998769229074389
270	49	1.0000079969001543
280	49	1.0000621764117852
290	49	1.0000364114602038
300	49	1.0000145938327598
310	49	1.000065798380911
320	49	1.00003119306324
330	49	1.0000942424948691
340	49	1.0001126500215698
350	49	1.0001195162861143
360	49	1.0001471689584962
370	49	1.0001787814179937
380	49	1.0002186350000353
390	49	1.0002654396107113
400	49	1.0003239990895278
410	49	1.0004086543078092
420	49	1.0004952145140247
430	49	1.0006125283452079
440	49	1.0007487571811617
450	49	1.0009181345783649
460	49	1.0011254472436129
470	49	1.0013777720945791
480	49	1.0016909802833658
490	49	1.0020718494170882
500	49	1.0025402389157714
510	49	1.0031153595056028
520	49	1.003821069541246
530	49	1.0046842726576954
540	49	1.0057435627687263
550	49	1.0070412615634663
560	49	1.008632947124523
570	49	1.0105828660691727
580	49	1.0129717305260038
590	49	1.0158982406341561
600	49	1.019482091427519
610	49	1.0238699836412597
620	49	1.0292401099446316
630	49	1.03580976527082
640	49	1.043842861696552
650	49	1.0536599456074418
660	49	1.0656494553239966
670	49	1.080281789980564
680	49	1.0981257803063262
690	49	1.1198692224405065
700	49	1.1463444893570411
710	49	1.1785610639742363
720	49	1.2177495605090565
730	49	1.265421893902235
740	49	1.323456488572909
750	49	1.394218356784015
760	49	1.4807189006291723
770	49	1.586780869470066
780	49	1.7169404178090761
790	49	1.8743643423880165
800	49	2.055070475655374
810	49	2.221951716471267
820	49	2.2246403017293503
830	49	1.7341496168653436
840	49	0.7583512250472939
850	49	0.07963338271441767
860	49	-0.11230334234290595
870	49	-0.11988126984679358
0	50	-488.19025275137733
10	50	1.0076507837541457
20	50	0.9954491817838264
30	50	0.9950281589429152
40	50	0.9972118459437511
50	50	0.9990017419442794
60	50	1.0001010379366784
70	50	0.999698482493034
80	50	0.998661252981722
90	50	0.9964181542089563
100	50	1.0008993157687827
110	50	0.9980130402834644
120	50	0.9992263011094064
130	50	1.0005170508100243
140	50	1.000294308259615
150	50	1.0004686435865018
160	50	1.000193391042411
170	50	0.999745477170065
180	50	0.9994556660640032
190	50	0.999956331421859
200	50	1.000139813718184
210	50	1.000132899605354
220	50	1.0001169046163108
230	50	0.9999278167380516
240	50	0.999816818720632
250	50	0.9999644990894904
260	50	1.0000362294007459
270	50	0.999996265716911
280	50	0.9999991135723744
290	50	1.00005377895162
300	50	1.000068294477314
310	50	1.0000220882439692
320	50	1.0000854206667351
330	50	1.000106146647383
340	50	1.0001204307081075
350	50	1.00016225458819
360	50	1.000196658213786
370	50	1.0002211773685503
380	50	1.0002898785735512
390	50	1.0003342508389625
400	50	1.0004179748516904
410	50	1.0005053791174117
420	50	1.0006171181941426
430	50	1.0007571185565318
440	50	1.0009242624360717
450	50	1.0011280285267417
460	50	1.0013778337338588
470	50	1.0016825415862955
480	50	1.0020550821085146
490	50	1.0025089176823332
500	50	1.0030626390634432
510	50	1.0037409414544038
520	50	1.0045682254210897
530	50	1.00557780751321
540	50	1.0068106607455471
550	50	1.0083154111465584
560	50	1.010151635427871
570	50	1.012392299059407
580	50	1.0151255228035043
590	50	1.0184591477620133
600	50	1.0225232681761014
610	50	1.0274765815172133
620	50	1.0335105565077838
630	50	1.0408575596589766
640	50	1.0497979936178397
650	50	1.0606697666054035
660	50	1.0738801190004663
670	50	1.089918428691301
680	50	1.109372465015931
690	50	1.1329478942263493
700	50	1.1614928924368688
710	50	1.196029794975238
720	50	1.237797795240582
730	50	1.288311709167543
740	50	1.3494436446248208
750	50	1.4235325436392319
760	50	1.5135094097735091
770	50	1.6229443606143437
780	50	1.755496356461954
790	50	1.9112373471887347
800	50	2.080214283573944
810	50	2.201156536376338
820	50	2.0849538741500258
830	50	1.449903987103614
840	50	0.5393979256703642
850	50	0.02436067767289257
860	50	-0.10632247920677566
870	50	-0.1065805932107616
0	51	-63.16247905089614
10	51	0.9861281293341166
20	51	0.9846441243221868
30	51	0.9966476275931333
40	51	0.9996347964505908
50	51	0.9978174705069163
60	51	0.9980234829823569
70	51	1.0013791304633224
80	51	0.9987687912215549
90	51	0.9989438426014762
100	51	1.0003078138022639
110	51	0.9999188439802317
120	51	0.9981580549810769
130	51	0.999577650188693
140	51	0.9996024561823241
150	51	1.0003533249431071
160	51	1.0003491587660358
170	51	1.0001653804753672
180	51	0.9999914817182135
190	51	1.000121031432803
200	51	1.0000788675488834
210	51	1.0001247269777125
220	51	0.9999433432994107
230	51	0.9999904433833675
240	51	1.0001296606920633
250	51	1.0000389709087325
260	51	1.0000344068436346
270	51	1.0000460632994215
280	51	1.000072758853599
290	51	1.0001011606041583
300	51	1.000057571624038
310	51	1.0000971841921256
320	51	1.0001133224752679
330	51	1.000137407109254
340	51	1.0001663057927896
350	51	1.0001887948186658
360	51	1.000232293206011
370	51	1.0002834991753033
380	51	1.0003502343280974
390	51	1.0004289265024124
400	51	1.0005109446655154
410	51	1.0006221844693433
420	51	1.000764150517409
430	51	1.0009309710142338
440	51	1.001131064448572
450	51	1.0013764378976378
460	51	1.001673628750573
470	51	1.0020370104202418
480	51	1.002477159421675
490	51	1.0030142233349137
500	51	1.003665711373
510	51	1.004459695109638
520	51	1.0054240472336484
530	51	1.0065963660027646
540	51	1.0080222797969471
550	51	1.0097551765947301
560	51	1.0118615069640102
570	51	1.014420435876478
580	51	1.0175290150082745
590	51	1.0213036578454333
600	51	1.025885799390621
610	51	1.0314453050603554
620	51	1.038187166872035
630	51	1.0463578922459702
640	51	1.0562531620099929
650	51	1.0682271634191571
660	51	1.0827037796688717
670	51	1.1001885022191207
680	51	1.121284389932748
690	51	1.1467104309486456
700	51	1.1773249733724827
710	51	1.2141564390574104
720	51	1.2584445200438688
730	51	1.3116965473660596
740	51	1.3757631164938655
750	51	1.4529294521847367
760	51	1.5459842293646908
770	51	1.658080101863702
780	51	1.7915147638819717
790	51	1.9422833548413396
800	51	2.09196905237337
810	51	2.151169132818139
820	51	1.9049733431617806
830	51	1.1743876743671633
840	51	0.3742012074462077
850	51	-0.009373949489660218
860	51	-0.09851552780906052
870	51	-0.09469324494004905
0	52	46.64549930181152
10	52	0.9971699913313402
20	52	1.007330492678842
30	52	0.9972253881201133
40	52	0.999514523044557
50	52	1.0039343717783547
60	52	1.0015937651995934
70	52	1.0004687737134295
80	52	0.9991377280455244
90	52	1.0010576804525302
100	52	0.9994955152918686
110	52	1.0003339351466225
120	52	0.9995946790154046
130	52	0.9994922069949301
140	52	0.9999073868097351
150	52	1.0000678149420121
160	52	1.0000206366790447
170	52	0.9998601029935444
180	52	0.9999424354678438
190	52	0.9997847683759887
200	52	0.9998792554851252
210	52	0.9999361171733426
220	52	1.0000124555247127
230	52	0.9999837958284621
240	52	1.0000245229739915
250	52	1.0000026991629625
260	52	1.0000647290774556
270	52	1.0000436823664183
280	52	1.0000315009259622
290	52	1.000088674165663
300	52	1.0000998793148121
310	52	1.0001166394276104
320	52	1.0001524255216059
330	52	1.0001600151095276
340	52	1.0002024510702738
350	52	1.0002487813585228
360	52	1.0002941627668613
370	52	1.0003610501063087
380	52	1.0004407410119829
390	52	1.0005254656343374
400	52	1.0006326038184925
410	52	1.0007734586154566
420	52	1.0009372455916115
430	52	1.0011345634094995
440	52	1.001375914830314
450	52	1.0016671564571713
460	52	1.0020205716582167
470	52	1.002449022694817
480	52	1.0029677026748236
490	52	1.0035962400587886
500	52	1.0043570543470055
510	52	1.005280053967476
520	52	1.0063975982917646
530	52	1.0077507835323125
540	52	1.009389450993015
550	52	1.011373438005814
560	52	1.0137746987424683
570	52	1.0166806175126715
580	52	1.0201957115970846
590	52	1.0244461950249062
600	52	1.029583590520174
610	52	1.0357894496432574
620	52	1.0432813876513682
630	52	1.0523194322363938
640	52	1.063213238089623
650	52	1.076331694523288
660	52	1.0921126001981833
670	52	1.1110747153426184
680	52	1.1338324168163294
690	52	1.161113087464077
700	52	1.193779648302902
710	52	1.232859735121727
720	52	1.279585238328799
730	52	1.335444866379174
740	52	1.4022496654567473
750	52	1.4821951904731292
760	52	1.5778428042688013
770	52	1.6916987793609326
780	52	1.8240853034085174
790	52	1.96598796257706
800	52	2.0869320573126036
810	52	2.0687815904522466
820	52	1.6943681004369766
830	52	0.925496549741716
840	52	0.25385020551531673
850	52	-0.028953867209549553
860	52	-0.0899823225582264
870	52	-0.08407071488950207
0	53	-34.210347121185066
10	53	1.016308337226413
20	53	0.9944416003436567
30	53	1.0029536968462691
40	53	1.0023254739856076
50	53	1.0006795069160233
60	53	0.9975350155745414
70	53	0.9989457212538587
80	53	0.9992650470437506
90	53	1.0008218180285748
100	53	0.9999935044550208
110	53	1.0003178890706432
120	53	1.000099156360449
130	53	0.9997250454163932
140	53	1.0000592874780192
150	53	1.0000879592049479
160	53	0.9999559228157774
170	53	0.9999221088096835
180	53	0.9998923637880133
190	53	1.000027841226477
200	53	0.9999635556126146
210	53	1.0000095016881059
220	53	1.0000186729724827
230	53	1.0000453306374582
240	53	1.0000136685829348
250	53	1.0000454363965623
260	53	1.000066203910649
270	53	1.0000808912536125
280	53	1.0000915598863636
290	53	1.0000772977961807
300	53	1.0001189845585416
310	53	1.0001339994298786
320	53	1.0001720034206154
330	53	1.0002088695614002
340	53	1.000247252932312
350	53	1.000301249527052
360	53	1.0003677767860224
370	53	1.0004458247635382
380	53	1.0005299935354153
390	53	1.0006488938176363
400	53	1.0007831801813618
410	53	1.0009423353417983
420	53	1.0011400481256152
430	53	1.0013732457937543
440	53	1.001660394213876
450	53	1.002006059034196
460	53	1.0024203232241677
470	53	1.0029240284128853
480	53	1.0035300749012344
490	53	1.0042621010009019
500	53	1.0051460132926948
510	53	1.0062124426155108
520	53	1.0074986324399562
530	53	1.0090514429132167
540	53	1.010924126935358
550	53	1.0131822274786093
560	53	1.0159048271051663
570	53	1.0191860191967954
580	53	1.023139204437958
590	53	1.0278996529474622
600	53	1.033628902177287
610	53	1.0405198726515295
620	53	1.0488019475160746
630	53	1.0587475374624575
640	53	1.0706790723904855
650	53	1.0849777916060004
660	53	1.1020928957550005
670	53	1.122553133030099
680	53	1.1469799390831679
690	53	1.1761042552496455
700	53	1.2107877367286841
710	53	1.25205044667781
720	53	1.3011078656468316
730	53	1.3594174852167928
740	53	1.428728480654345
750	53	1.5110991279725532
760	53	1.608747041389019
770	53	1.7232236385604256
780	53	1.8521533563550865
790	53	1.9805696604931475
800	53	2.061650932632139
810	53	1.9532126487271313
820	53	1.4671159149463047
830	53	0.7133665875653391
840	53	0.16841083882926136
850	53	-0.039359187235717165
860	53	-0.08135170011518117
870	53	-0.074566990725733
0	54	-49.19851042523057
10	54	1.0089863565618693
20	54	0.9944583447991409
30	54	0.9992496750757393
40	54	1.0005532049720536
50	54	1.0017311138493061
60	54	0.9985940070339431
70	54	0.9999782663756602
80	54	1.0004203142279167
90	54	0.9992122983195993
100	54	0.9995456984436303
110	54	0.999848530675034
120	54	0.9996084950087296
130	54	0.999945653425687
140	54	1.0001998542721378
150	54	1.0000493494607865
160	54	0.9998508292879605
170	54	1.0001499803599123
180	54	0.99991891498437
190	54	1.0000583345353096
200	54	1.0000924401351012
210	54	0.9999880075603073
220	54	0.9999814702279788
230	54	1.0000186977243237
240	54	1.0000281843898937
250	54	1.0000918715356824
260	54	1.0000598689041977
270	54	1.0001374513309509
280	54	1.0001220087808163
290	54	1.0001278613138649
300	54	1.0001356966340915
310	54	1.0001596032332312
320	54	1.0002128275270425
330	54	1.0002659249755899
340	54	1.0003095769371488
350	54	1.0003774381785813
360	54	1.0004516272805408
370	54	1.000542799587389
380	54	1.0006527331276265
390	54	1.0007905137706987
400	54	1.00094850403592
410	54	1.0011430084314907
420	54	1.001373742279027
430	54	1.0016539903785182
440	54	1.0019911930600711
450	54	1.0023962297688012
460	54	1.002882982613143
470	54	1.003468260511523
480	54	1.0041729797907875
490	54	1.0050202058444933
500	54	1.0060397533499361
510	54	1.0072648842231604
520	54	1.0087379263287644
530	54	1.010508656848227
540	54	1.0126366754055403
550	54	1.0151931225899846
560	54	1.0182632910770575
570	54	1.021949096472841
580	54	1.0263716861184415
590	54	1.0316755810860232
600	54	1.0380323545072818
610	54	1.0456451820076762
620	54	1.0547545009876547
630	54	1.0656439804200994
640	54	1.0786469974466244
650	54	1.0941547192906211
660	54	1.112625167678605
670	54	1.1345931553781583
680	54	1.1606832411036991
690	54	1.191624918457253
700	54	1.228272801213868
710	54	1.2716324568771946
720	54	1.3228937013354911
730	54	1.3834680508102215
740	54	1.4550143494334493
750	54	1.539389748011954
760	54	1.6383105012203498
770	54	1.7519740488116415
780	54	1.8745162892496008
790	54	1.9838476303920551
800	54	2.013078872677813
810	54	1.8070039510749185
820	54	1.238652568068993
830	54	0.5407760204027018
840	54	0.1089544089909642
850	54	-0.04389020919563581
860	54	-0.07297172469858085
870	54	-0.06604684552867468
0	55	-300.3194447963098
10	55	0.9932760829876943
20	55	1.0021145534769536
30	55	0.9998675349958137
40	55	0.9980517927567352
50	55	1.0007568629634853
60	55	0.9998840610824699
70	55	1.0005528576112752
80	55	1.0002897476250336
90	55	0.999822024971701
100	55	1.0002085256971045
110	55	0.9997580916091603
120	55	1.000031138143924
130	55	0.9999818996189073
140	55	1.0001355701641481
150	55	1.0001804258410756
160	55	0.9999430032837732
170	55	1.0001790770160184
180	55	1.0000714233889878
190	55	0.9999914143758577
200	55	1.0000579643059226
210	55	1.000069676635103
220	55	1.000053066338355
230	55	1.0000515796750475
240	55	1.0000508682018052
250	55	1.0000612771936372
260	55	1.0000743009647297
270	55	1.0001195468326327
280	55	1.0001462756095314
290	55	1.000144654062811
300	55	1.000184922241069
310	55	1.0002146341822675
320	55	1.0002668897506668
330	55	1.00031001718922
340	55	1.0003840056458482
350	55	1.0004651671156335
360	55	1.0005471730113151
370	55	1.0006665113977335
380	55	1.000797611234622
390	55	1.0009542099118875
400	55	1.0011477365072234
410	55	1.0013754949855513
420	55	1.0016494662225561
430	55	1.001978453226925
440	55	1.0023710409087103
450	55	1.0028439320376297
460	55	1.0034104073596342
470	55	1.004089379825506
480	55	1.0049025856719453
490	55	1.0058783706019871
500	55	1.0070469050026805
510	55	1.0084470692218632
520	55	1.010124633210751
530	55	1.012133605182416
540	55	1.0145388984042625
550	55	1.0174178689257392
560	55	1.0208622688415612
570	55	1.0249811561692084
580	55	1.0299040556691086
590	55	1.03578408863336
600	55	1.0428021241316636
610	55	1.0511712032359366
620	55	1.061141670464442
630	55	1.0730066198409465
640	55	1.0871086687467373
650	55	1.103846557226192
660	55	1.1236837861544753
670	55	1.1471578557382243
680	55	1.1748919939410079
690	55	1.2076094345927524
700	55	1.2461520255908507
710	55	1.2915036969258489
720	55	1.3448182115012897
730	55	1.4074431374630387
740	55	1.4809097626739849
750	55	1.566788685457792
760	55	1.6660856085196443
770	55	1.777152429100751
780	55	1.8898074407022447
790	55	1.9732136831494422
800	55	1.9391866816964547
810	55	1.636289487784141
820	55	1.022708600737061
830	55	0.4053013271364725
840	55	0.06828202741248451
850	55	-0.04471313911472771
860	55	-0.06502357172410186
870	55	-0.058388940234584186
0	56	-10.35211549813998
10	56	1.0006341568731307
20	56	0.9969422402833887
30	56	1.0002487704912508
40	56	1.0021595768235574
50	56	1.0003000343234096
60	56	0.9991501517636389
70	56	1.000148392584626
80	56	0.9999763447916462
90	56	0.9998124810080603
100	56	1.0001524989624202
110	56	1.000044061154581
120	56	1.0001336128490053
130	56	0.9997743418766464
140	56	1.0000791071447472
150	56	0.9998332355931366
160	56	1.0000843301892917
170	56	1.0001599128669434
180	56	1.0000642323274536
190	56	0.9999951232610407
200	56	1.0000643088223853
210	56	1.000003061705332
220	56	1.0000081795496356
230	56	1.000050977752321
240	56	1.0000792072508724
250	56	1.0000826410087595
260	56	1.0001244750564655
270	56	1.0001459405180513
280	56	1.00016269922414
290	56	1.000180936719032
300	56	1.0002247989285888
310	56	1.000263652840938
320	56	1.0003277634615795
330	56	1.000390375081267
340	56	1.0004718377193937
350	56	1.000557676613505
360	56	1.0006782483902337
370	56	1.0008052176520554
380	56	1.0009612348217416
390	56	1.0011488436706926
400	56	1.0013748342378923
410	56	1.0016435968600395
420	56	1.0019643355029695
430	56	1.0023489931800527
440	56	1.0028069776107702
450	56	1.0033554968711613
460	56	1.004010212469428
470	56	1.004792127771171
480	56	1.0057270749106686
490	56	1.0068434213489166
500	56	1.0081766501587184
510	56	1.0097683179506813
520	56	1.0116684268633171
530	56	1.0139360571136289
540	56	1.0166412777031353
550	56	1.0198670794623765
560	56	1.023712209314383
570	56	1.0282925892490375
580	56	1.0337458401734452
590	56	1.0402333374148096
600	56	1.047944484122559
610	56	1.0571011749859573
620	56	1.0679623915782253
630	56	1.0808292743942962
640	56	1.0960511820331493
650	56	1.1140319446270006
660	56	1.1352374284304536
670	56	1.1602040859286467
680	56	1.189549651477715
690	56	1.2239862253375058
700	56	1.2643371359252533
710	56	1.311557029789539
720	56	1.3667515716908796
730	56	1.4311815707022397
740	56	1.506201863440585
750	56	1.5929830169860666
760	56	1.6915500700652832
770	56	1.7978355996832953
780	56	1.896464942971726
790	56	1.9458434408954917
800	56	1.8396273160553633
810	56	1.4610352967327744
820	56	0.8290717940412035
830	56	0.30178037251741185
840	56	0.04093947350894156
850	56	-0.043242313895799606
860	56	-0.05758987023778377
870	56	-0.05148634526497527
0	57	1.167378615646326
10	57	1.0001722739435088
20	57	1.0011088413870828
30	57	0.9993415290838895
40	57	0.9999208836851875
50	57	0.9997346064573053
60	57	1.000228852209211
70	57	0.9999223978719127
80	57	1.0002324315044142
90	57	1.00028658897365
100	57	1.000137489572458
110	57	1.0003031989789795
120	57	0.9999648293091191
130	57	1.0000552314053437
140	57	0.9998982376840105
150	57	0.9999533523493198
160	57	1.0000522588079739
170	57	1.0000621334511108
180	57	1.000005892906583
190	57	1.0000677741106776
200	57	1.0000682893665345
210	57	1.0000689846665183
220	57	1.0000347189428838
230	57	1.0000888555744325
240	57	1.0001118901432011
250	57	1.000110060986532
260	57	1.0001411058422391
270	57	1.0001730655840022
280	57	1.0001862227117397
290	57	1.0002385184485918
300	57	1.0002791942741336
310	57	1.0003432568804131
320	57	1.0004003776145471
330	57	1.0004825859707793
340	57	1.0005716448556516
350	57	1.0006824722244037
360	57	1.000814415842031
370	57	1.00096809123136
380	57	1.0011552952360163
390	57	1.0013769031421325
400	57	1.0016378163726651
410	57	1.0019526278103728
420	57	1.0023264803769367
430	57	1.0027725080296488
440	57	1.0033032958896346
450	57	1.0039355885494075
460	57	1.0046888542357653
470	57	1.0055848220760237
480	57	1.0066530772116697
490	57	1.0079241572819744
500	57	1.0094371390775911
510	57	1.011237359166386
520	57	1.013379055561203
530	57	1.0159259613762648
540	57	1.018953705752714
550	57	1.0225508729490167
560	57	1.0268227180853176
570	57	1.0318925733107587
580	57	1.0379050742309734
590	57	1.0450294069186534
600	57	1.0534627958833003
610	57	1.0634350269252753
620	57	1.0752121049423042
630	57	1.0891014000963297
640	57	1.1054567886012836
650	57	1.1246843746703457
660	57	1.1472492496871045
670	57	1.1736831870866098
680	57	1.204594228914497
690	57	1.2406786020025367
700	57	1.2827352447291913
710	57	1.33168095598809
720	57	1.3885586611576475
730	57	1.4545130496392749
740	57	1.530658101179592
750	57	1.6176159339075242
760	57	1.7140939483216653
770	57	1.812969237521501
780	57	1.8927111321411982
790	57	1.8991822153484983
800	57	1.716262879638942
810	57	1.2590890728963227
820	57	0.6628670616019721
830	57	0.22422240533580748
840	57	0.0229447739112804
850	57	-0.040397978851244715
860	57	-0.05069582363101871
870	57	-0.04524578084505374
0	58	47.0024303589058
10	58	0.9984469889253407
20	58	1.0006445715901355
30	58	1.0003777209165974
40	58	1.0006103600786485
50	58	1.0003360865170263
60	58	0.9996903071861871
70	58	1.0002414127597123
80	58	1.000016898402743
90	58	1.0001896723604136
100	58	1.0000060759962728
110	58	1.000280653883474
120	58	0.9999914402035588
130	58	0.9997879396023412
140	58	1.0000437428681406
150	58	1.000131252524639
160	58	1.0000294124504356
170	58	0.9999982232369765
180	58	1.0000565325163357
190	58	1.0000453072563888
200	58	1.00007863967916
210	58	1.0001102094235101
220	58	1.0000608549103245
230	58	1.0001075733138822
240	58	1.0001304242903764
250	58	1.0001468562771076
260	58	1.0001710794024865
270	58	1.0002039042337054
280	58	1.0002514158093099
290	58	1.0002952915540493
300	58	1.0003412317150593
310	58	1.0004174757594289
320	58	1.0004797458243333
330	58	1.0005759520404958
340	58	1.0006964905398097
350	58	1.0008169396917148
360	58	1.000973966163108
370	58	1.0011573190202727
380	58	1.0013753194192616
390	58	1.0016330834416067
400	58	1.0019420706741413
410	58	1.0023053104900295
420	58	1.0027388438102396
430	58	1.003254018934024
440	58	1.003865725609953
450	58	1.0045908668354586
460	58	1.005451855250183
470	58	1.0064748448381562
480	58	1.0076885357457848
490	58	1.0091288812045216
500	58	1.0108372973737558
510	58	1.0128634608520304
520	58	1.0152657371300566
530	58	1.0181127549084872
540	58	1.0214854728881753
550	58	1.025478411410833
560	58	1.030202801997428
570	58	1.0357886394031521
580	58	1.0423876361822824
590	58	1.050175996726541
600	58	1.059357942708391
610	58	1.070169547657685
620	58	1.0828824611706809
630	58	1.0978082415802926
640	58	1.1153029798629273
650	58	1.1357723035078133
660	58	1.159677233969015
670	58	1.1875413215553714
680	58	1.2199589226409988
690	58	1.2576056161131848
700	58	1.3012496274116736
710	58	1.3517600285675122
720	58	1.4100986187138778
730	58	1.4772558506220435
740	58	1.5540205491572443
750	58	1.6402763261486162
760	58	1.7330091609524876
770	58	1.8213638405300445
780	58	1.8765980551379826
790	58	1.8315933793511179
800	58	1.573328151451568
810	58	1.0732448722207424
820	58	0.5251387658333402
830	58	0.16694973426538426
840	58	0.011454408929484327
850	58	-0.03677674565705687
860	58	-0.044334009355984805
870	58	-0.039586344973604165
0	59	-8.772512336355916
10	59	1.0001631171568146
20	59	1.0004772126828883
30	59	0.9999674720260102
40	59	0.9994445985096974
50	59	0.9999250697966232
60	59	1.0003706045901668
70	59	0.9999199072044038
80	59	1.000061113887943
90	59	0.9999391801878442
100	59	1.0000230899963571
110	59	0.9997140525339566
120	59	1.0000897483420406
130	59	0.9999659533813576
140	59	0.9999877349870092
150	59	0.9999629709787493
160	59	1.0000653196065756
170	59	1.0000433859414648
180	59	1.000086199919912
190	59	1.0000653684090832
200	59	1.0001169270699457
210	59	1.0001015397997943
220	59	1.0001092849410878
230	59	1.0001134171711445
240	59	1.0001469443768485
250	59	1.0001788202631556
260	59	1.0002170944811801
270	59	1.0002466529615777
280	59	1.0002977175156966
290	59	1.0003614872235629
300	59	1.0004258641070392
310	59	1.0004977989722863
320	59	1.0005892648090935
330	59	1.0007012114255784
340	59	1.0008250287266003
350	59	1.0009810193657158
360	59	1.0011593268397965
370	59	1.0013755389125274
380	59	1.0016298372066093
390	59	1.0019299153686345
400	59	1.002285503743081
410	59	1.0027081901679074
420	59	1.003207667936034
430	59	1.00379912495953
440	59	1.0044987211804488
450	59	1.005326625206364
460	59	1.006307759455562
470	59	1.0074678958550929
480	59	1.0088408880563267
490	59	1.010464820687344
500	59	1.0123851293693813
510	59	1.0146551457686461
520	59	1.0173377171468767
530	59	1.020505572042088
540	59	1.0242456025041875
550	59	1.028657971332093
560	59	1.033859608153375
570	59	1.0399869195561062
580	59	1.0471977943311326
590	59	1.0556746416487586
600	59	1.0656277324123786
610	59	1.077298053578386
620	59	1.090961216490946
630	59	1.1069308541496647
640	59	1.1255627945831947
650	59	1.1472593457978668
660	59	1.1724745615584733
670	59	1.2017201341185428
680	59	1.2355728571994906
690	59	1.2746827842568622
700	59	1.3197803455903532
710	59	1.3716749285884702
720	59	1.431223780090724
730	59	1.4992135096828187
740	59	1.5759989765911653
750	59	1.6604881128215792
760	59	1.747482831355335
770	59	1.8216960890266258
780	59	1.8461757787053814
790	59	1.7429541705276963
800	59	1.4170748790024472
810	59	0.9007589117774946
820	59	0.41409340062179895
830	59	0.12511463638547232
840	59	0.0044637833079021385
850	59	-0.032763382766941136
860	59	-0.03847931188664388
870	59	-0.034438057714301
0	60	-8.816404289312786
10	60	1.000321034928399
20	60	1.000622389324801
30	60	0.999953158190375
40	60	1.0005981373412958
50	60	1.0006683936054515
60	60	0.9999732629949256
70	60	1.0000127866199349
80	60	0.9999177663972774
90	60	1.0000018518360534
100	60	1.0000589926048435
110	60	1.0000071779797262
120	60	1.000024215121908
130	60	1.0000676469647256
140	60	1.0000479255234918
150	60	1.0001087127039712
160	60	0.9999912803979083
170	60	1.0000885708868543
180	60	1.0000431908386165
190	60	1.0000722799151567
200	60	1.0000522952024242
210	60	1.0001005805465695
220	60	1.00012206330032
230	60	1.000168156420096
240	60	1.0002011246281188
250	60	1.0002128543842554
260	60	1.0002604692832384
270	60	1.0003061435393297
280	60	1.0003629625371986
290	60	1.000431825130048
300	60	1.0005073145599492
310	60	1.0005980495543318
320	60	1.0007123370476168
330	60	1.0008361822648304
340	60	1.0009871429511255
350	60	1.0011663646095794
360	60	1.0013757507227978
370	60	1.0016280858769981
380	60	1.001920573090519
390	60	1.0022678988821336
400	60	1.0026781854899591
410	60	1.003163561515579
420	60	1.0037352267453443
430	60	1.0044113955104816
440	60	1.0052089381854081
450	60	1.0061505156559112
460	60	1.0072610924814969
470	60	1.008571791219294
480	60	1.010117708412533
490	60	1.0119405420759804
500	60	1.0140890430042113
510	60	1.0166209185379163
520	60	1.0196024899710696
530	60	1.0231124658097601
540	60	1.0272419630733576
550	60	1.0320964662536605
560	60	1.0377990373980388
570	60	1.0444913585603774
580	60	1.0523371198129345
590	60	1.0615241391492538
600	60	1.0722669917519607
610	60	1.0848105724029102
620	60	1.0994323570920663
630	60	1.1164460541864094
640	60	1.1362047662322667
650	60	1.1591048495079022
660	60	1.1855901972901852
670	60	1.2161574594012539
680	60	1.2513618695458422
690	60	1.2918227195078424
700	60	1.338224557842707
710	60	1.3913020860633543
720	60	1.4517778612348582
730	60	1.5201705514419528
740	60	1.5962629213074018
750	60	1.6777005912601637
760	60	1.7565955722163213
770	60	1.8125310534379226
780	60	1.7997979677903517
790	60	1.6349850771369714
800	60	1.2549210922631036
810	60	0.7469630292554269
820	60	0.3263966400173241
830	60	0.0948254540332533
840	60	0.0005695959328627518
850	60	-0.028603808423980227
860	60	-0.033097878663236886
870	60	-0.02974045210375918
0	61	20.023971788993578
10	61	1.0004763068581708
20	61	1.0001112112739605
30	61	0.999683887118001
40	61	1.0005320837336074
50	61	0.999913355812725
60	61	0.9995281551807659
70	61	1.000217897464755
80	61	0.9999360604474626
90	61	1.0000142489613868
100	61	1.0000654966547953
110	61	1.0001105387727172
120	61	1.0000125965197093
130	61	1.0000669016259254
140	61	1.0000392979093868
150	61	1.0000637293966637
160	61	1.000041512596564
170	61	1.0000565060748134
180	61	1.000113905087248
190	61	1.00008861108049
200	61	1.0001254733705136
210	61	1.0001337353159494
220	61	1.0001574790672256
230	61	1.0001910761739377
240	61	1.000215704872556
250	61	1.000266117779534
260	61	1.0003281621017317
270	61	1.0003733189994022
280	61	1.0004362015225965
290	61	1.0005139729430736
300	61	1.0006047158690792
310	61	1.0007177596386232
320	61	1.0008406358700999
330	61	1.0009900274354926
340	61	1.0011674561942199
350	61	1.0013758362616652
360	61	1.00162055460403
370	61	1.001908970173678
380	61	1.0022489743972407
390	61	1.0026498373679125
400	61	1.0031204755398395
410	61	1.0036751250041627
420	61	1.0043289468613577
430	61	1.005097664034001
440	61	1.0060024356733928
450	61	1.0070676468994317
460	61	1.0083197798923649
470	61	1.0097935168533005
480	61	1.0115266077475449
490	61	1.013563542783575
500	61	1.0159570061327174
510	61	1.0187683441533402
520	61	1.0220688307527757
530	61	1.0259410804275249
540	61	1.030481055266625
550	61	1.0357998401301136
560	61	1.0420253560607269
570	61	1.0493043913003934
580	61	1.0578054313928513
590	61	1.06772044105298
600	61	1.0792675805347323
610	61	1.0926935083336196
620	61	1.1082760132605072
630	61	1.1263266187626326
640	61	1.1471934098941294
650	61	1.1712640489855135
660	61	1.1989694585383912
670	61	1.2307879389695826
680	61	1.2672491283703964
690	61	1.3089357727076865
700	61	1.3564766185552262
710	61	1.4105128382672676
720	61	1.4715934098807963
730	61	1.5398871957230558
740	61	1.6144332644577346
750	61	1.6912812366833558
760	61	1.7593265554187982
770	61	1.7923909357979633
780	61	1.7365102340519554
790	61	1.5111950724555117
800	61	1.09433291052027
810	61	0.6143256926334458
820	61	0.2581843447364241
830	61	0.07307556744306833
840	61	-0.0012071663343992199
850	61	-0.024452871739148486
860	61	-0.02815243523323248
870	61	-0.02544125469735855
0	62	8.152388283274385
10	62	0.9994132361088833
20	62	1.000636564315428
30	62	1.000701946358349
40	62	1.0000156738374233
50	62	1.0001369333605752
60	62	1.0001229381808279
70	62	0.9999270785200289
80	62	1.0000462075039909
90	62	1.0001173659731941
100	62	1.0000196211661316
110	62	1.0000554070375949
120	62	1.0000774347096042
130	62	1.0000870307517766
140	62	1.0000390154985912
150	62	1.000082346166709
160	62	1.0000424840856807
170	62	1.0000865477176086
180	62	1.0001296511174782
190	62	1.0001183401430056
200	62	1.0001322097810852
210	62	1.0001780632789123
220	62	1.0001940036428567
230	62	1.0002258003750055
240	62	1.000270183840856
250	62	1.0003209264195363
260	62	1.00037762677064
270	62	1.0004510784468164
280	62	1.000520002834528
290	62	1.0006100864187302
300	62	1.0007212086609878
310	62	1.0008479033218165
320	62	1.000996349302412
330	62	1.0011745865010753
340	62	1.0013774234277872
350	62	1.001616788481347
360	62	1.0019009253648838
370	62	1.0022320089065775
380	62	1.0026229819898775
390	62	1.0030813965172733
400	62	1.0036182735655228
410	62	1.004251591320639
420	62	1.0049925151698667
430	62	1.0058635807826968
440	62	1.0068849401995836
450	62	1.0080841379090126
460	62	1.0094906959608627
470	62	1.0111403102610657
480	62	1.0130742019237269
490	62	1.0153409147671326
500	62	1.0179962354431795
510	62	1.0211049827980903
520	62	1.0247432629489301
530	62	1.0289974775055333
540	62	1.0339687804526139
550	62	1.0397724687875407
560	62	1.0465410715103034
570	62	1.0544260674917476
580	62	1.0635997075896553
590	62	1.0742569498131624
600	62	1.0866179781116057
610	62	1.1009298740662017
620	62	1.117468678839203
630	62	1.1365416667367658
640	62	1.158489547063489
650	62	1.1836887989138813
660	62	1.212554625245332
670	62	1.245543671412704
680	62	1.2831557216284792
690	62	1.325930189478881
700	62	1.3744277993826823
710	62	1.4291719798248732
720	62	1.4904884679393167
730	62	1.5580932555944471
740	62	1.630074175634639
750	62	1.7005125724081132
760	62	1.7545703144745113
770	62	1.7598935298455072
780	62	1.6564108503086152
790	62	1.3764597029164485
800	62	0.9417747437489511
810	62	0.5029704268095322
820	62	0.20570170260337425
830	62	0.05759756414135634
840	62	-0.0015485867137779816
850	62	-0.020405625982982328
860	62	-0.023605372793337995
870	62	-0.021495245081487806
0	63	-22.172546203126647
10	63	1.0006799661864005
20	63	1.0002694895815234
30	63	0.9997726328560433
40	63	1.0001309628946833
50	63	1.0001294119211719
60	63	0.9997106566895905
70	63	1.0000621235005835
80	63	1.000065927411972
90	63	0.9999864896102314
100	63	1.00007226950706
110	63	0.999947003907596
120	63	1.000084694061324
130	63	1.0001144584986377
140	63	1.000070350739102
150	63	1.0000837557866158
160	63	1.0001286616652714
170	63	1.0001052509076938
180	63	1.0001310164025445
190	63	1.0001523852480985
200	63	1.000175607830799
210	63	1.0001928793110906
220	63	1.0002426611261104
230	63	1.0002791893687029
240	63	1.000329484582688
250	63	1.0003928754479186
260	63	1.0004580426925442
270	63	1.0005259416516117
280	63	1.0006231879050609
290	63	1.0007328690537678
300	63	1.000856362233107
310	63	1.001003064573166
320	63	1.0011781290815782
330	63	1.0013783885392344
340	63	1.0016142196809772
350	63	1.0018914818660027
360	63	1.0022178323890998
370	63	1.0025970237208885
380	63	1.003044530151854
390	63	1.0035655443850733
400	63	1.0041771112373286
410	63	1.0048928759638558
420	63	1.0057319424690674
430	63	1.006713214072627
440	63	1.007862715231068
450	63	1.0092065608525689
460	63	1.0107792674496607
470	63	1.012618253408096
480	63	1.0147680354389643
490	63	1.0172799183732515
500	63	1.0202133947455487
510	63	1.023637762221196
520	63	1.0276320655573479
530	63	1.032287669409619
540	63	1.0377093739724939
550	63	1.0440169151746894
560	63	1.0513469897082435
570	63	1.0598544559352872
580	63	1.069714447227083
590	63	1.0811240153028907
600	63	1.0943037390624293
610	63	1.1094993282413046
620	63	1.1269833610680715
630	63	1.1470568203281475
640	63	1.1700506935093788
650	63	1.1963279911979177
660	63	1.226285465455149
670	63	1.2603548175009847
680	63	1.2990010973007184
690	63	1.3427122347303744
700	63	1.3919655004266307
710	63	1.4471357212889817
720	63	1.5082624546759555
730	63	1.5744815522266
740	63	1.6426863585334337
750	63	1.7045949613138118
760	63	1.7411746833307153
770	63	1.7139617767781934
780	63	1.560863262658337
790	63	1.2363592632080853
800	63	0.802009260634905
810	63	0.41142962414209633
820	63	0.1656287594989
830	63	0.046706917052632205
840	63	-0.0009297370518743689
850	63	-0.01651793502231315
860	63	-0.019420474984432157
870	63	-0.017863212365030117
0	64	20.297787323263144
10	64	1.0010080423463514
20	64	0.9994463973581921
30	64	1.0001992986216524
40	64	1.0000373824676239
50	64	0.9999523362355732
60	64	1.0001237712643323
70	64	1.0002353293551685
80	64	0.9999798935349242
90	64	1.0001123900198667
100	64	1.0000131636449192
110	64	1.0000462755967225
120	64	1.0000405126090295
130	64	1.0000504237177654
140	64	1.0000888738557143
150	64	1.0001187721756626
160	64	1.0001252734909256
170	64	1.000118249968848
180	64	1.0001597881729092
190	64	1.0001853545889245
200	64	1.0002164823036743
210	64	1.0002500515741772
220	64	1.0002821708080771
230	64	1.0003329880804435
240	64	1.0003992978013525
250	64	1.000460953825317
260	64	1.0005374089245074
270	64	1.0006261695007501
280	64	1.000738863290698
290	64	1.0008613951944503
300	64	1.0010072649797954
310	64	1.0011794672599286
320	64	1.0013773300962852
330	64	1.0016115985953584
340	64	1.001882753867328
350	64	1.0021999928403165
360	64	1.00257303566429
370	64	1.0030068557864755
380	64	1.0035144673622587
390	64	1.0041065822143749
400	64	1.0047990793267978
410	64	1.005607710393725
420	64	1.006551374037312
430	64	1.007654069606408
440	64	1.0089402948891382
450	64	1.0104411292644029
460	64	1.012192502282922
470	64	1.0142343250146277
480	64	1.016614211587015
490	64	1.0193870921997
500	64	1.022615587015358
510	64	1.026372458358751
520	64	1.0307406250120361
530	64	1.0358154918623061
540	64	1.0417055600583482
550	64	1.0485344075551721
560	64	1.0564416748251835
570	64	1.0655851838892716
580	64	1.0761418649564147
590	64	1.0883093184775376
600	64	1.1023071629668195
610	64	1.1183782954079446
620	64	1.1367898465004818
630	64	1.1578344698433514
640	64	1.181831514372499
650	64	1.2091281082087846
660	64	1.240099882398857
670	64	1.275150046698025
680	64	1.3147032926849636
690	64	1.359185929980431
700	64	1.4089721648877782
710	64	1.4642490506282115
720	64	1.5246913787671503
730	64	1.5887012916509053
740	64	1.651703102954206
750	64	1.7026578967563144
760	64	1.71801225247414
770	64	1.6540716171452166
780	64	1.4524816313549929
790	64	1.096453554384186
800	64	0.6778601121730474
810	64	0.33736950068950267
820	64	0.13519413353579965
830	64	0.039163229920397544
840	64	0.0003185480584982534
850	64	-0.01282005722086882
860	64	-0.015563827773368608
870	64	-0.014511106926078531
0	65	23.908185374402272
10	65	1.0006873851013642
20	65	1.0002035256493587
30	65	0.9998853688762779
40	65	1.0001372547584217
50	65	1.0001523489028705
60	65	1.0000563756970728
70	65	1.0001168945028984
80	65	1.0000871568063565
90	65	1.0000716552083124
100	65	1.000049044171497
110	65	1.0000487168591268
120	65	1.0000709510889119
130	65	1.0000873594941375
140	65	1.0001123013944195
150	65	1.0001232371400908
160	65	1.0001359263496232
170	65	1.0001703569024174
180	65	1.000195829664723
190	65	1.0002221680857892
200	65	1.0002695095980625
210	65	1.000289873856014
220	65	1.0003376259522176
230	65	1.0004072172114153
240	65	1.000471395999511
250	65	1.0005433225067577
260	65	1.0006423505060398
270	65	1.0007425293577104
280	65	1.0008714280002964
290	65	1.001016695101902
300	65	1.0011837503267076
310	65	1.0013790876317004
320	65	1.0016098457377982
330	65	1.0018745841867365
340	65	1.0021862953080212
350	65	1.0025488081576766
360	65	1.002972865503395
370	65	1.0034656874353587
380	65	1.0040404763989836
390	65	1.0047101610199811
400	65	1.0054902738427685
410	65	1.0063987553009075
420	65	1.0074577509474218
430	65	1.0086900993275705
440	65	1.0101247278481253
450	65	1.011794428065773
460	65	1.0137364143404286
470	65	1.0159949078948698
480	65	1.018619615422027
490	65	1.021668728562585
500	65	1.0252081872638616
510	65	1.0293141456731116
520	65	1.0340732019296346
530	65	1.0395842142773688
540	65	1.0459589487225083
550	65	1.0533239715605807
560	65	1.061821760114307
570	65	1.0716116284077428
580	65	1.082871196267825
590	65	1.0957975597384852
600	65	1.1106078497979834
610	65	1.1275402334789268
620	65	1.146854942204239
630	65	1.1688344305796552
640	65	1.1937843546505587
650	65	1.2220337425092211
660	65	1.2539343981425748
670	65	1.289856978024211
680	65	1.3301789739651297
690	65	1.375252412071392
700	65	1.425323547572953
710	65	1.4803424371992917
720	65	1.5395226392957901
730	65	1.600352265795857
740	65	1.6564905784963624
750	65	1.693783973506517
760	65	1.6840936778156028
770	65	1.5804760714813366
780	65	1.3348823253996265
790	65	0.9616551341798408
800	65	0.570373839861588
810	65	0.2781490485451057
820	65	0.11216844671826108
830	65	0.034057534884909785
840	65	0.001966030635816993
850	65	-0.009325644287192361
860	65	-0.012004208344618008
870	65	-0.011409292251290408
0	66	-3.7178384603240513
10	66	1.0006916465069684
20	66	1.0000509037737055
30	66	1.00020171059439
40	66	1.000026848735265
50	66	1.0000332699687768
60	66	1.0000308538972698
70	66	0.9999458437167744
80	66	1.0001042793564945
90	66	1.0000521377177618
100	66	1.0000518282418087
110	66	1.000050264095975
120	66	1.0001231070766616
130	66	1.0001013352246066
140	66	1.00012790913985
150	66	1.0001656649274082
160	66	1.0001635867387493
170	66	1.0001862523508336
180	66	1.0002282500378141
190	66	1.0002455816353417
200	66	1.0003057871897303
210	66	1.0003472015704804
220	66	1.00041361194724
230	66	1.0004788351184368
240	66	1.0005532114985858
250	66	1.0006504789302968
260	66	1.0007550144612927
270	66	1.000874801114924
280	66	1.0010197599979471
290	66	1.0011847976224748
300	66	1.0013802198782593
310	66	1.0016065349566043
320	66	1.0018651066187358
330	66	1.0021734035326506
340	66	1.002527485694654
350	66	1.0029395492751603
360	66	1.003419053399666
370	66	1.0039767686864702
380	66	1.00462571375403
390	66	1.0053787904380438
400	66	1.0062542207316552
410	66	1.0072722095946753
420	66	1.0084546269079606
430	66	1.009827245386012
440	66	1.0114210929268745
450	66	1.013270799425604
460	66	1.0154170404732297
470	66	1.0179054557405598
480	66	1.0207895344614544
490	66	1.0241297011736379
500	66	1.0279959373976602
510	66	1.0324670007171988
520	66	1.037632884538174
530	66	1.0435953518767196
540	66	1.0504692943397613
550	66	1.0583834034675992
560	66	1.0674818184520485
570	66	1.0779247104309884
580	66	1.089889395003697
590	66	1.1035707857214812
600	66	1.1191822143086432
610	66	1.1369558373256259
620	66	1.1571429343132937
630	66	1.1800141888280093
640	66	1.2058596576168767
650	66	1.234988139824541
660	66	1.267724545087882
670	66	1.3044022694279533
680	66	1.3453432134015475
690	66	1.390808986264104
700	66	1.4408866059118846
710	66	1.4952280397951903
720	66	1.552469638184862
730	66	1.608980699750143
740	66	1.6561418213580752
750	66	1.6770512312442487
760	66	1.6387184738830654
770	66	1.4943362474101598
780	66	1.2122632574139085
790	66	0.8358059850648285
800	66	0.47921964067604045
810	66	0.23118328575774308
820	66	0.09480111417448864
830	66	0.030725143752169986
840	66	0.003852773594361578
850	66	-0.006037719029398064
860	66	-0.008713214941455995
870	66	-0.008531903791194529
0	67	4.196953231037747
10	67	0.999908308241853
20	67	1.000087374751816
30	67	1.000307939116526
40	67	0.9999633248072693
50	67	1.000076903884189
60	67	1.0000763059611368
70	67	1.0000276182360563
80	67	1.0001067186966073
90	67	1.0000623275376992
100	67	1.0000969848689791
110	67	1.0000893393347519
120	67	1.000102500333384
130	67	1.000137274612252
140	67	1.0001511882971759
150	67	1.0001550779615378
160	67	1.0002072025392372
170	67	1.000229155321407
180	67	1.0002568463214665
190	67	1.0003007732120217
200	67	1.000359718018387
210	67	1.0004290322152602
220	67	1.0004859940818716
230	67	1.000564303693735
240	67	1.000660039951694
250	67	1.000759754877065
260	67	1.000881590059067
270	67	1.0010259955330492
280	67	1.001189057359164
290	67	1.0013804251828957
300	67	1.0016009348293278
310	67	1.0018608165409872
320	67	1.0021582627290306
330	67	1.0025066554624673
340	67	1.0029074646481706
350	67	1.003375522460481
360	67	1.0039171112882452
370	67	1.0045449348049582
380	67	1.005273323770063
390	67	1.0061179600781676
400	67	1.0070971793603136
410	67	1.0082323521828476
420	67	1.0095477718173433
430	67	1.0110712004961964
440	67	1.012835276790015
450	67	1.0148773739412353
460	67	1.0172400902091914
470	67	1.0199721575455996
480	67	1.0231293569944195
490	67	1.026775644831452
500	67	1.0309832587816794
510	67	1.0358343194391668
520	67	1.0414215021917639
530	67	1.0478492677979963
540	67	1.0552345801488852
550	67	1.0637078705282275
560	67	1.0734140976766315
570	67	1.0845131281951776
580	67	1.0971806659691123
590	67	1.1116084131775177
600	67	1.128004448772299
610	67	1.146593250177566
620	67	1.1676158518012034
630	67	1.191329406928496
640	67	1.2180065874356623
650	67	1.2479336211497811
660	67	1.2814051978945245
670	67	1.3187117216770259
680	67	1.360108929166747
690	67	1.4057477505202958
700	67	1.4555168189161285
710	67	1.5086955204217072
720	67	1.5632068691506285
730	67	1.6140780794551546
740	67	1.6505547180198374
750	67	1.6515994536558225
760	67	1.5816406895487298
770	67	1.3977104171801589
780	67	1.0889136148087106
790	67	0.7214921867428884
800	67	0.4031589276030544
810	67	0.19414072982624064
820	67	0.0817390347297781
830	67	0.0286801742789644
840	67	0.005868076016688185
850	67	-0.0029526420258596535
860	67	-0.00566517595002314
870	67	-0.005856318571742538
0	68	0.6099923921230885
10	68	0.9997824529768784
20	68	0.9999468853002335
30	68	0.999907172823933
40	68	1.000021133494412
50	68	1.000026282710433
60	68	1.0001415055910472
70	68	1.000078796106444
80	68	1.000095254101328
90	68	1.0000723824619753
100	68	1.0000884192267334
110	68	1.0000949615986312
120	68	1.0001447802959658
130	68	1.0001547898156715
140	68	1.000181942676446
150	68	1.0002029055631925
160	68	1.0002262597605407
170	68	1.000273029239216
180	68	1.0003197854774835
190	68	1.0003739201248532
200	68	1.000433068950384
210	68	1.0004946057947879
220	68	1.0005753108500575
230	68	1.0006691777665753
240	68	1.0007659959358775
250	68	1.00088767955408
260	68	1.0010290784252005
270	68	1.0011941416888763
280	68	1.0013795743905196
290	68	1.0015989925750668
300	68	1.0018543809267666
310	68	1.002145965031132
320	68	1.0024861450305576
330	68	1.0028789887658667
340	68	1.0033339067287952
350	68	1.0038589397025055
360	68	1.0044687184054506
370	68	1.0051730226473838
380	68	1.0059887834311192
390	68	1.0069324827822779
400	68	1.0080232697455593
410	68	1.0092846354572902
420	68	1.010742679388561
430	68	1.0124271708870267
440	68	1.0143726778249875
450	68	1.0166188175834485
460	68	1.0192107026426858
470	68	1.0221994513172252
480	68	1.0256437679260078
490	68	1.029609982450828
500	68	1.0341730892642673
510	68	1.039417880057718
520	68	1.045439618096007
530	68	1.0523445294972564
540	68	1.0602512173347507
550	68	1.0692910055070795
560	68	1.0796087702957675
570	68	1.091363156659123
580	68	1.104726988382621
590	68	1.1198875040114087
600	68	1.1370461934945668
610	68	1.156418591144498
620	68	1.1782339309645067
630	68	1.2027343348747122
640	68	1.230173254146962
650	68	1.2608118634356842
660	68	1.2949106851343963
670	68	1.3327100110492849
680	68	1.3743860859903914
690	68	1.4199537704850684
700	68	1.4690551178001905
710	68	1.5205076436389584
720	68	1.5713660045115032
730	68	1.6150843548579685
740	68	1.6383331543815143
750	68	1.6167221684035948
760	68	1.5132116099892037
770	68	1.2933917815789673
780	68	0.9687600706971818
790	68	0.620071310692079
800	68	0.34046758462271065
810	68	0.16502410491046213
820	68	0.07194669226526977
830	68	0.027567154200265637
840	68	0.007935806817908191
850	68	-0.00006275667829080249
860	68	-0.002837030960613696
870	68	-0.0033626958409149143
0	69	12.184613560481246
10	69	1.0001155729574682
20	69	1.0000494918833658
30	69	1.0001312026003846
40	69	1.0001277822091699
50	69	1.0001456138269125
60	69	1.000025585003924
70	69	1.0001343349947118
80	69	1.0000944572726649
90	69	1.00012691597654
100	69	1.0000956080866714
110	69	1.000173142188454
120	69	1.0001509802743003
130	69	1.0001899642779504
140	69	1.0002101294971488
150	69	1.000258289639756
160	69	1.0002938509844157
170	69	1.0003375385725732
180	69	1.0003785626327413
190	69	1.0004436655569213
200	69	1.0005031801027477
210	69	1.0005755227881896
220	69	1.0006775114098045
230	69	1.000773392861621
240	69	1.000893663696647
250	69	1.0010371067244634
260	69	1.001197069278331
270	69	1.001384588199439
280	69	1.0015974809608736
290	69	1.0018485675953486
300	69	1.0021344773597196
310	69	1.0024658336781114
320	69	1.0028489352122563
330	69	1.0032924460694883
340	69	1.003804409563248
350	69	1.004396150197724
360	69	1.0050775370260154
370	69	1.0058663926171352
380	69	1.006775615174802
390	69	1.00782515737208
400	69	1.0090365204342475
410	69	1.0104333741317273
420	69	1.012043672495017
430	69	1.0138997699498087
440	69	1.0160379741011842
450	69	1.0185001616037253
460	69	1.0213335695351957
470	69	1.0245920255110204
480	69	1.0283365652128489
490	69	1.0326359691341607
500	69	1.0375678355857518
510	69	1.043218873077729
520	69	1.0496863385895674
530	69	1.0570781728355811
540	69	1.0655136807126235
550	69	1.0751243909748278
560	69	1.086053933440073
570	69	1.0984588167282152
580	69	1.1125079427977416
590	69	1.1283828234218412
600	69	1.1462771344327711
610	69	1.1663961417295696
620	69	1.1889559842510615
630	69	1.2141822252797492
640	69	1.2423072396650527
650	69	1.2735642941854615
660	69	1.3081748350780356
670	69	1.3463202225475173
680	69	1.388080501634705
690	69	1.4333029508540165
700	69	1.4813244551863094
710	69	1.5303961239456607
720	69	1.5765339789728172
730	69	1.611397203303928
740	69	1.6189543880271726
750	69	1.571978072498769
760	69	1.4344581836305792
770	69	1.1846274642378203
780	69	0.8550288782655462
790	69	0.5318508245312927
800	69	0.2892561622626792
810	69	0.1421797377644868
820	69	0.06463627518154967
830	69	0.027125691298275963
840	69	0.01000414678301838
850	69	0.0026418730045764437
860	69	-0.00020810165675698688
870	69	-0.0010335931286284269
0	70	-1.368248914709211
10	70	0.9998060744181319
20	70	1.0001621173798252
30	70	1.000088646192416
40	70	1.0000796092548931
50	70	1.0001266142775511
60	70	1.0000814934788502
70	70	1.0000581993403126
80	70	1.000099142748897
90	70	1.0001080288634467
100	70	1.0001331171245706
110	70	1.000164311786008
120	70	1.0001755767689258
130	70	1.00023936400081
140	70	1.0002566707691842
150	70	1.000298173578014
160	70	1.000331006592914
170	70	1.0003839103238443
180	70	1.0004403189868283
190	70	1.0005115181951547
200	70	1.0005933069081556
210	70	1.000686175220487
220	70	1.0007835178284277
230	70	1.0009020894987397
240	70	1.0010417721513636
250	70	1.0011984737936046
260	70	1.0013834186456476
270	70	1.0015982565145516
280	70	1.001841588167836
290	70	1.0021227537591173
300	70	1.0024476761549481
310	70	1.0028221178503742
320	70	1.0032543451750184
330	70	1.0037518514682764
340	70	1.0043272740023395
350	70	1.0049877877740332
360	70	1.005750299249475
370	70	1.006628241256545
380	70	1.0076386010762055
390	70	1.008802724133802
400	70	1.0101421555047856
410	70	1.0116831654549627
420	70	1.0134560914968636
430	70	1.015494193599423
440	70	1.017836325312819
450	70	1.0205260714179047
460	70	1.0236131052445891
470	70	1.027153707874933
480	70	1.0312109256860629
490	70	1.0358558985083974
500	70	1.0411682595713083
510	70	1.0472365131672459
520	70	1.0541594497375775
530	70	1.0620456557045765
540	70	1.0710148206345171
550	70	1.08119755909867
560	70	1.0927356482592807
570	70	1.1057821425314718
580	70	1.1205011537661191
590	70	1.1370672832053421
600	70	1.1556652374398115
610	70	1.1764887907395283
620	70	1.1997397891436732
630	70	1.2256257681383815
640	70	1.2543558464148374
650	70	1.2861320304720711
660	70	1.321130687384502
670	70	1.3594631441088787
680	70	1.4010923807048445
690	70	1.445659435526732
700	70	1.492126194841232
710	70	1.538058116790909
720	70	1.5782541485623824
730	70	1.6023893002784404
740	70	1.5918110344340095
750	70	1.5173051859741544
760	70	1.3470674874075368
770	70	1.0747798601567413
780	70	0.750061773326244
790	70	0.45634475396869095
800	70	0.2476803341907277
810	70	0.1242695940738038
820	70	0.05921023267751305
830	70	0.027164750713525594
840	70	0.012038396779452176
850	70	0.005172308069676453
860	70	0.002240101479178639
870	70	0.0011463577581034862
0	71	-7.725683666052665
10	71	1.0000572821843314
20	71	0.9999720943239029
30	71	1.0000927417762469
40	71	1.0000809928978858
50	71	1.0001011982647732
60	71	1.0001333993693498
70	71	1.0001208917389255
80	71	1.0001389062698187
90	71	1.0001721868249056
100	71	1.0002047429172154
110	71	1.0001986088219594
120	71	1.0002249494696576
130	71	1.0002690913680268
140	71	1.0002978332128
150	71	1.0003481995577852
160	71	1.0004064344391608
170	71	1.0004453160992715
180	71	1.0005136580877516
190	71	1.0005956655648574
200	71	1.0006828994784807
210	71	1.0007926549040442
220	71	1.0009109109279517
230	71	1.0010454143385004
240	71	1.0012057505103504
250	71	1.0013865064416236
260	71	1.0015965431659561
270	71	1.00183363971208
280	71	1.002111468745975
290	71	1.0024298381434755
300	71	1.0027960354248429
310	71	1.0032169718205937
320	71	1.0037027247741086
330	71	1.0042615022916905
340	71	1.0049021055001421
350	71	1.0056395939685805
360	71	1.006487470260086
370	71	1.0074619901066502
380	71	1.0085814175544936
390	71	1.0098671289084737
400	71	1.011344051743332
410	71	1.0130393664384534
420	71	1.0149843044570677
430	71	1.017214913946551
440	71	1.0197718379175433
450	71	1.0227005872193924
460	71	1.0260531094419327
470	71	1.0298875767998203
480	71	1.0342691531484325
490	71	1.0392710118107238
500	71	1.0449743257484483
510	71	1.051469171485691
520	71	1.0588549492148807
530	71	1.0672407515866198
540	71	1.0767454189876637
550	71	1.087498140249873
560	71	1.0996377675683098
570	71	1.1133131364132838
580	71	1.1286822687974303
590	71	1.1459119901474553
600	71	1.165176919212977
610	71	1.1866583669420445
620	71	1.2105425338395022
630	71	1.237017339860882
640	71	1.2662662637281439
650	71	1.2984559605424206
660	71	1.3337713508537388
670	71	1.372056276909091
680	71	1.4133144518437022
690	71	1.4568728235103998
700	71	1.5012365886190122
710	71	1.5431540243692425
720	71	1.5760316706780932
730	71	1.5874356040113695
740	71	1.5562669439431596
750	71	1.4531132827427664
760	71	1.2532706710640213
770	71	0.9669990537677595
780	71	0.655282814954307
790	71	0.39254447250438473
800	71	0.2140595652822069
810	71	0.11022765764418455
820	71	0.05521586356354314
830	71	0.027543967079325028
840	71	0.01401591809670216
850	71	0.00754000460992674
860	71	0.00452410485374099
870	71	0.003190744718272464
0	72	3.4187484108993194
10	72	1.0001302422237126
20	72	1.0000793010073112
30	72	1.0000486275833442
40	72	1.000118694822714
50	72	1.0001401259401999
60	72	1.0001253560635635
70	72	1.0001616158066666
80	72	1.0001574017754618
90	72	1.0002159662216403
100	72	1.0002046338749189
110	72	1.0002300517879075
120	72	1.0002690242659542
130	72	1.0002984328225333
140	72	1.000349852379699
150	72	1.0004077478049378
160	72	1.0004498438970149
170	72	1.0005330802103884
180	72	1.0006085766021553
190	72	1.000696664399016
200	72	1.0007960177098294
210	72	1.0009137888087283
220	72	1.001052317223596
230	72	1.001209369747433
240	72	1.001386260736433
250	72	1.0015945697089204
260	72	1.0018286970357575
270	72	1.002102333484608
280	72	1.0024138338647843
290	72	1.0027711897705005
300	72	1.0031837036701876
310	72	1.0036551441413273
320	72	1.0041983189534733
330	72	1.0048211703685463
340	72	1.0055345344340094
350	72	1.0063543009547853
360	72	1.007294233174155
370	72	1.0083723049462872
380	72	1.009608048699402
390	72	1.0110249368574074
400	72	1.0126474596918336
410	72	1.0145055427206626
420	72	1.0166329016437334
430	72	1.019066293979332
440	72	1.0218486112100038
450	72	1.0250274559888743
460	72	1.0286564208371385
470	72	1.0327959034272636
480	72	1.037512595072059
490	72	1.0428815371640674
500	72	1.048984843316272
510	72	1.055913702980252
520	72	1.0637676871929065
530	72	1.0726555674974172
540	72	1.0826947579594626
550	72	1.0940120305755243
560	72	1.1067425632372612
570	72	1.121029983769459
580	72	1.1370253517078386
590	72	1.1548867346852492
600	72	1.1747776626664805
610	72	1.1968659726644613
620	72	1.2213210014606668
630	72	1.2483092505658329
640	72	1.277985720318152
650	72	1.3104765037102923
660	72	1.3458434163696869
670	72	1.3840125059721782
680	72	1.424629858974516
690	72	1.466775101282512
700	72	1.508403671283449
710	72	1.545307424295294
720	72	1.5693446096736712
730	72	1.5659522213181416
740	72	1.5122028314901286
750	72	1.380329005116032
760	72	1.155645453834292
770	72	0.8639628133528349
780	72	0.5712841806878539
790	72	0.339158982366363
800	72	0.18692964814990318
810	72	0.09921325790884472
820	72	0.052310042695487204
830	72	0.028160121221703447
840	72	0.015922550760614735
850	72	0.009756304953804645
860	72	0.0066586798540595364
870	72	0.005111585914169929
0	73	1.211441353537447
10	73	1.000079813764778
20	73	1.0000605553031479
30	73	1.0001751009398747
40	73	1.0001134689543176
50	73	1.0001499636798827
60	73	1.0001900967974287
70	73	1.0001634522299363
80	73	1.0001861566491015
90	73	1.0002282225586019
100	73	1.0002435740577276
110	73	1.0002828084895061
120	73	1.0003097993036216
130	73	1.0003699119870713
140	73	1.0004218863280563
150	73	1.000474451950974
160	73	1.000538190729626
170	73	1.0006189278659454
180	73	1.000702913337063
190	73	1.0008059830005585
200	73	1.0009251446011833
210	73	1.001057399018901
220	73	1.0012131748404063
230	73	1.0013881700327354
240	73	1.0015915051178883
250	73	1.0018251534662133
260	73	1.002092579910846
270	73	1.0023961617107813
280	73	1.0027471255061418
290	73	1.0031506022656074
300	73	1.0036108697874893
310	73	1.0041385131673048
320	73	1.004742730843467
330	73	1.0054343147251397
340	73	1.0062276042415326
350	73	1.007135421117937
360	73	1.0081741276641696
370	73	1.009362851766838
380	73	1.0107232850413272
390	73	1.0122778588544725
400	73	1.0140556090649853
410	73	1.016086348986601
420	73	1.01840538087272
430	73	1.021052002644598
440	73	1.024070081708429
450	73	1.0275095154539406
460	73	1.0314256788015208
470	73	1.035880350156614
480	73	1.040941881052976
490	73	1.0466865099639662
500	73	1.053197218487902
510	73	1.0605655222877752
520	73	1.068890787264093
530	73	1.0782804260858956
540	73	1.0888502065846561
550	73	1.1007233016887632
560	73	1.1140305204391012
570	73	1.1289093494220181
580	73	1.1455031075644695
590	73	1.1639601331531877
600	73	1.1844321522365822
610	73	1.2070723436092394
620	73	1.23203192901949
630	73	1.2594539597929901
640	73	1.289461352341078
650	73	1.3221332532671262
660	73	1.357457841300939
670	73	1.3952386054885102
680	73	1.4349097406575433
690	73	1.4750668096874653
700	73	1.5133450303217713
710	73	1.5441080208513627
720	73	1.5576620861293162
730	73	1.5374470211085043
740	73	1.4596343218968022
750	73	1.3003757128666416
760	73	1.056875357591785
770	73	0.7677164996363525
780	73	0.4979853593437574
790	73	0.29480171855634707
800	73	0.16505318252244583
810	73	0.09056770696917636
820	73	0.05023239165066458
830	73	0.02893724573478023
840	73	0.017750073039063542
850	73	0.011832188151716355
860	73	0.008657011091160762
870	73	0.006919562373824457
0	74	-0.8450643048972394
10	74	1.0002215206116265
20	74	1.000196070616729
30	74	1.0001883262775095
40	74	1.0001743625310493
50	74	1.0001980745026215
60	74	1.0001844008310998
70	74	1.0001894566107894
80	74	1.0002274239927336
90	74	1.000260872212889
100	74	1.0002791842990297
110	74	1.000334317503502
120	74	1.0003733183862284
130	74	1.0004204030249257
140	74	1.0004815583074629
150	74	1.0005437275508862
160	74	1.000624148918814
170	74	1.0007147588440806
180	74	1.000815001062437
190	74	1.0009291270734981
200	74	1.001060936498982
210	74	1.0012159102679032
220	74	1.0013900913655118
230	74	1.001591998660287
240	74	1.001818179635809
250	74	1.0020822735313155
260	74	1.0023830298583736
270	74	1.0027260305709609
280	74	1.0031186054347803
290	74	1.0035674773818177
300	74	1.004081763679226
310	74	1.0046684496273455
320	74	1.0053402460029315
330	74	1.006107130914031
340	74	1.0069845547853327
350	74	1.0079865919064672
360	74	1.0091312559221686
370	74	1.0104379824735739
380	74	1.011929830646818
390	74	1.0136321294626434
400	74	1.0155729263436601
410	74	1.0177856399717216
420	74	1.0203060915974143
430	74	1.0231751463801533
440	74	1.026439260671806
450	74	1.0301492945924815
460	74	1.0343623894150393
470	74	1.0391414240335193
480	74	1.044556343450577
490	74	1.0506838674588421
500	74	1.0576075343442042
510	74	1.0654186837287043
520	74	1.0742157493332696
530	74	1.084104377988616
540	74	1.0951975592620322
550	74	1.1076144893731534
560	74	1.1214806237617314
570	74	1.1369264931205845
580	74	1.1540870734399982
590	74	1.1731000812062182
600	74	1.194104554318959
610	74	1.217238090232941
620	74	1.2426322312886107
630	74	1.2705194388386392
640	74	1.3006400431799952
650	74	1.3333643777659379
660	74	1.3684771016190156
670	74	1.4056333820955118
680	74	1.4440107508544402
690	74	1.4818686611986742
700	74	1.515747050499348
710	74	1.5391186736536564
720	74	1.5404707070411257
730	74	1.5015795617821255
740	74	1.3990032163365582
750	74	1.2150845119342035
760	74	0.9595107184782027
770	74	0.6796185208916249
780	74	0.434820711503924
790	74	0.25811893388349166
800	74	0.14740620957652834
810	74	0.08377680294669147
820	74	0.048784961827549066
830	74	0.0298194900045578
840	74	0.019494407331050283
850	74	0.01377805778561904
860	74	0.010530898538464952
870	74	0.008624164835507146
0	75	-3.9247708850881287
10	75	1.0002075599983382
20	75	1.0001464255276804
30	75	1.0001886698457334
40	75	1.0001866590459687
50	75	1.0002281773538721
60	75	1.0002321809995274
70	75	1.0002453657027184
80	75	1.0002693002170975
90	75	1.0003132678725442
100	75	1.0003363962567116
110	75	1.0003970556516173
120	75	1.0004417451812146
130	75	1.0004857831245095
140	75	1.0005658821244499
150	75	1.0006373081112754
160	75	1.0007267251058127
170	75	1.000824489981644
180	75	1.000938733237531
190	75	1.001071411540107
200	75	1.0012213087648352
210	75	1.0013939940061163
220	75	1.0015935997203504
230	75	1.0018151410894427
240	75	1.0020755022415597
250	75	1.002367803640149
260	75	1.002704018685556
270	75	1.0030862796907911
280	75	1.0035263297962682
290	75	1.0040265141159297
300	75	1.0045971921138914
310	75	1.005249644332549
320	75	1.0059930757346625
330	75	1.0068413800011107
340	75	1.0078085160566261
350	75	1.0089118431793123
360	75	1.010169077722426
370	75	1.0116010512681533
380	75	1.0132328934033783
390	75	1.0150898885935622
400	75	1.0172033654263366
410	75	1.019606394957879
420	75	1.0223376745851493
430	75	1.0254391324941032
440	75	1.0289586040418417
450	75	1.0329485517140413
460	75	1.0374672585883007
470	75	1.042578953594142
480	75	1.0483543659587307
490	75	1.05487032285861
500	75	1.0622107165384096
510	75	1.0704658771961593
520	75	1.0797327764666371
530	75	1.0901147787938845
540	75	1.1017211727420069
550	75	1.1146666153011295
560	75	1.1290704538948693
570	75	1.145055710544771
580	75	1.1627479866280792
590	75	1.1822739018948754
600	75	1.2037589517946516
610	75	1.2273239375867442
620	75	1.2530790212311127
630	75	1.2811122445089653
640	75	1.3114680944291954
650	75	1.344105872281843
660	75	1.3788197554563801
670	75	1.4150856619052237
680	75	1.4517724184395084
690	75	1.4866106694820818
700	75	1.5152663620337483
710	75	1.5298875632061393
720	75	1.5173097845797625
730	75	1.4582242322308465
740	75	1.33115526398329
750	75	1.1265490181735838
760	75	0.8657709000556748
770	75	0.6003755935130072
780	75	0.3809201352988117
790	75	0.22786633386497637
800	75	0.13315369174348934
810	75	0.0784398585475053
820	75	0.04781690068467612
830	75	0.030765841427009454
840	75	0.02115431450689831
850	75	0.015603672146786993
860	75	0.012290892024062186
870	75	0.010233860974679595
0	76	-6.650492461372648
10	76	1.0001958618713014
20	76	1.0002356352628488
30	76	1.0002242237028502
40	76	1.000253862265765
50	76	1.0002531928211036
60	76	1.0002569255144995
70	76	1.000295008841298
80	76	1.0003348429932837
90	76	1.0003568421013804
100	76	1.0004100134344802
110	76	1.0004417600355835
120	76	1.0004976922744877
130	76	1.000572264251424
140	76	1.0006419025582747
150	76	1.0007369559565982
160	76	1.0008292954223468
170	76	1.000948840013205
180	76	1.0010793553461932
190	76	1.001226744567935
200	76	1.001397098771797
210	76	1.0015919892387768
220	76	1.00181515161047
230	76	1.0020655025668785
240	76	1.002355532072338
250	76	1.0026839628041915
260	76	1.0030589653018698
270	76	1.0034877935112092
280	76	1.0039750934366019
290	76	1.0045300017448764
300	76	1.0051632817661988
310	76	1.0058849368929756
320	76	1.0067057409469369
330	76	1.0076395997918939
340	76	1.0087036147959658
350	76	1.0099141155999463
360	76	1.0112904328939796
370	76	1.0128559847289582
380	76	1.014635038945292
390	76	1.0166558701681971
400	76	1.018949504940502
410	76	1.0215524318818747
420	76	1.0245033539309778
430	76	1.0278461913917711
440	76	1.03162984698505
450	76	1.0359080476974885
460	76	1.0407403429481588
470	76	1.0461917438756212
480	76	1.0523330884255608
490	76	1.0592415650622122
500	76	1.06700023447672
510	76	1.0756982695870847
520	76	1.085430603660497
530	76	1.096297459991023
540	76	1.1084039580517249
550	76	1.121859513803645
560	76	1.1367766383720546
570	76	1.1532702509954738
580	76	1.171456020731913
590	76	1.1914487283504855
600	76	1.2133594096319402
610	76	1.2372909113326156
620	76	1.2633297337451908
630	76	1.291531112413207
640	76	1.321890654702583
650	76	1.3542905670284957
660	76	1.3883976769690396
670	76	1.4234721264142292
680	76	1.4580179203189374
690	76	1.489183671184712
700	76	1.5115341657951509
710	76	1.5159664308148095
720	76	1.4878144747223025
730	76	1.4075270750200493
740	76	1.257317049568635
750	76	1.0369489552596831
760	76	0.7774127997504772
770	76	0.5301398591431734
780	76	0.3352610480966392
790	76	0.20294598940551667
800	76	0.1216214086838462
810	76	0.0742446686363738
820	76	0.04721300458708185
830	76	0.03174626976413698
840	76	0.02273052207442527
850	76	0.017318109248666055
860	76	0.013946440808791235
870	76	0.011756209161807684
0	77	9.091703300564362
10	77	1.0002854814781001
20	77	1.000228208082346
30	77	1.0002664843261524
40	77	1.0002847883346389
50	77	1.0002891520426975
60	77	1.000334505431171
70	77	1.0003566291998494
80	77	1.000384753303144
90	77	1.0004198146390653
100	77	1.000461658241958
110	77	1.0005147630715099
120	77	1.0005943252917255
130	77	1.0006576585180942
140	77	1.0007477091284995
150	77	1.0008461615482718
160	77	1.000952151952735
170	77	1.001083783526071
180	77	1.001237251664518
190	77	1.00140193581702
200	77	1.001590679572719
210	77	1.0018111950181448
220	77	1.0020599403082626
230	77	1.0023423156598499
240	77	1.002665483666266
250	77	1.0030329750536204
260	77	1.0034492625601619
270	77	1.0039255328973586
280	77	1.0044666074604416
290	77	1.0050816016611066
300	77	1.0057806998669696
310	77	1.0065757045129593
320	77	1.0074793856774835
330	77	1.0085064844349754
340	77	1.0096725842459124
350	77	1.0109972792137043
360	77	1.0125004446864392
370	77	1.014206115839933
380	77	1.0161403510298435
390	77	1.0183324112246488
400	77	1.0208155536336059
410	77	1.0236262858579037
420	77	1.0268053488706135
430	77	1.0303979745058358
440	77	1.0344540256011727
450	77	1.039028166772717
460	77	1.0441808361375902
470	77	1.0499773217541548
480	77	1.0564888513991861
490	77	1.0637917751843262
500	77	1.0719684013055109
510	77	1.081105910240562
520	77	1.091296578068302
530	77	1.1026370570179163
540	77	1.1152276793221387
550	77	1.1291718438128067
560	77	1.1445748842666208
570	77	1.1615428613411887
580	77	1.1801810411027707
590	77	1.2005916285535736
600	77	1.222870318912248
610	77	1.2471003455163194
620	77	1.2733419869904097
630	77	1.301612813442898
640	77	1.3318511129637296
650	77	1.363681469529778
660	77	1.397114296771869
670	77	1.4306550577571018
680	77	1.4625363044855741
690	77	1.4891658931315357
700	77	1.5041644054452818
710	77	1.4969354544538018
720	77	1.451763995837681
730	77	1.3499447169013685
740	77	1.1790244426054874
750	77	0.9483728554779359
760	77	0.6956734052995548
770	77	0.4686371645436737
780	77	0.2967826308482065
790	77	0.18241621223477794
800	77	0.11226848635539993
810	77	0.07094781807572874
820	77	0.04688506739610452
830	77	0.03273891620985219
840	77	0.02422501748123084
850	77	0.018929734210820157
860	77	0.015506019137078868
870	77	0.013197979892491362
0	78	0.7885465925289831
10	78	1.0003423307040644
20	78	1.000300107523352
30	78	1.0003088511524585
40	78	1.000310340053772
50	78	1.0003452561671904
60	78	1.0003664812787936
70	78	1.0004053311855707
80	78	1.0004375292678345
90	78	1.000468384767921
100	78	1.0005550978014133
110	78	1.0006061592410684
120	78	1.0006769899827646
130	78	1.0007609189329976
140	78	1.0008549712698758
150	78	1.0009687607660835
160	78	1.0010965637220248
170	78	1.0012424675844767
180	78	1.0014078571984153
190	78	1.0015970542347914
200	78	1.0018118210858442
210	78	1.0020524844445966
220	78	1.002332811412782
230	78	1.0026481174257615
240	78	1.0030083672496009
250	78	1.0034165745434214
260	78	1.0038789490277
270	78	1.004405496556027
280	78	1.0050032148842185
290	78	1.0056819886248523
300	78	1.0064525769022936
310	78	1.0073273005796108
320	78	1.0083188396613936
330	78	1.0094440523227186
340	78	1.0107192156677787
350	78	1.012164293065172
360	78	1.0138010990543773
370	78	1.0156545107882706
380	78	1.0177515593262254
390	78	1.0201232271091096
400	78	1.0228036222130708
410	78	1.0258303446869874
420	78	1.029245859154031
430	78	1.0330957890876429
440	78	1.0374314054952967
450	78	1.0423082445619891
460	78	1.0477867966549355
470	78	1.0539326633878858
480	78	1.0608165644035437
490	78	1.0685143045142826
500	78	1.0771062776183897
510	78	1.086677494092281
520	78	1.0973169208973144
530	78	1.1091170668980825
540	78	1.1221729467623232
550	78	1.1365815021305632
560	78	1.1524402246869383
570	78	1.1698459325619075
580	78	1.1888928578540556
590	78	1.2096699439987513
600	78	1.232256375671896
610	78	1.2567139940811478
620	78	1.2830734052650818
630	78	1.3113086555847877
640	78	1.341290156426679
650	78	1.3726979424880819
660	78	1.4048627691466165
670	78	1.4364802299317219
680	78	1.4651127475673547
690	78	1.4863755297614236
700	78	1.4927664577221589
710	78	1.4724346445472458
720	78	1.4091295853315495
730	78	1.2862548314503504
740	78	1.098011671893623
750	78	0.8626673993179133
760	78	0.621279052195562
770	78	0.4153001426794725
780	78	0.26446270087964613
790	78	0.1654851536093014
800	78	0.10466281885640565
810	78	0.06835922235138778
820	78	0.0467653821758746
830	78	0.03372799202552732
840	78	0.0256406407252754
850	78	0.020446267006025406
860	78	0.0169772227016541
870	78	0.014565232135012388
0	79	1.007057772149864
10	79	1.0003448831369732
20	79	1.0003578542279787
30	79	1.0003844764905885
40	79	1.0003843493362192
50	79	1.000389780381961
60	79	1.0004401515987844
70	79	1.0004505420970695
80	79	1.0005123436467414
90	79	1.0005604947491213
100	79	1.0006172007635448
110	79	1.0006963031453036
120	79	1.0007782653573483
130	79	1.000871871446894
140	79	1.00098301850135
150	79	1.0011062864157023
160	79	1.0012529421415268
170	79	1.0014124400953657
180	79	1.0016002598433575
190	79	1.0018110406236076
200	79	1.002049307149553
210	79	1.0023237798431512
220	79	1.0026332145809542
230	79	1.0029845674477444
240	79	1.003382060489858
250	79	1.003834505905535
260	79	1.004347989223692
270	79	1.0049291011718324
280	79	1.0055889702830563
290	79	1.0063357285008991
300	79	1.007182329205968
310	79	1.0081415960970395
320	79	1.0092270693073682
330	79	1.010456221577818
340	79	1.0118463421095432
350	79	1.0134185596054253
360	79	1.0151959861194595
370	79	1.017204379509163
380	79	1.0194719308442974
390	79	1.0220305477276166
400	79	1.0249159639520435
410	79	1.0281665794475907
420	79	1.0318256214526513
430	79	1.035940242894735
440	79	1.0405618467840172
450	79	1.0457466823726371
460	79	1.0515554001563456
470	79	1.05805334296496
480	79	1.0653104032160243
490	79	1.0734010777074392
500	79	1.0824036725029371
510	79	1.0924004401587848
520	79	1.1034765959449961
530	79	1.1157198511522863
540	79	1.1292195555358806
550	79	1.1440656180398583
560	79	1.1603472750619441
570	79	1.1781516697995928
580	79	1.197561399243436
590	79	1.2186513123679865
600	79	1.2414827738450163
610	79	1.266093831914482
620	79	1.2924813338814491
630	79	1.3205683539021218
640	79	1.3501447845407213
650	79	1.3807590850838893
660	79	1.4115239681132017
670	79	1.4407750244347488
680	79	1.4654968927965952
690	79	1.4804370821355284
700	79	1.4769629223382243
710	79	1.4422003512637436
720	79	1.3601148230272038
730	79	1.217531626338078
740	79	1.016078385542431
750	79	0.7813320870610184
760	79	0.5545042506087329
770	79	0.3693877459928182
780	79	0.2373630285744221
790	79	0.1514960193188021
800	79	0.09845990935733985
810	79	0.06633009939743575
820	79	0.046801885368230434
830	79	0.0347022133541419
840	79	0.02698070266244466
850	79	0.02187475941746906
860	79	0.01836688385253602
870	79	0.01586342380091845
0	80	5.852305045628439
10	80	1.000414178751853
20	80	1.0004260570489336
30	80	1.0004156518793712
40	80	1.0004612050879538
50	80	1.000445075557246
60	80	1.0004868771750142
70	80	1.0005460450781136
80	80	1.0005829871722143
90	80	1.0006453102790793
100	80	1.0007190942223663
110	80	1.0007931321591714
120	80	1.0008881877216833
130	80	1.0009976447676612
140	80	1.0011209948105158
150	80	1.0012616937858587
160	80	1.0014232661048266
170	80	1.0016061671796788
180	80	1.0018134176777411
190	80	1.0020472652708712
200	80	1.0023163729518851
210	80	1.0026172158225106
220	80	1.0029616276720819
230	80	1.0033514280999751
240	80	1.0037944816164674
250	80	1.0042936545315555
260	80	1.0048597300613185
270	80	1.0054998186837512
280	80	1.0062244003400684
290	80	1.0070455515746572
300	80	1.0079721918794031
310	80	1.0090213311154124
320	80	1.0102069071452486
330	80	1.01154496449716
340	80	1.013057074830611
350	80	1.0147633597074845
360	80	1.016688124644621
370	80	1.0188584834576517
380	80	1.0213041598257147
390	80	1.0240571647718293
400	80	1.0271544246918143
410	80	1.0306360128824934
420	80	1.0345456684259324
430	80	1.0389310087534396
440	80	1.0438439779260251
450	80	1.0493411649978168
460	80	1.0554829424975214
470	80	1.0623339646597738
480	80	1.0699631520617863
490	80	1.0784429554540174
500	80	1.0878493494030657
510	80	1.0982612264211675
520	80	1.1097595963705833
530	80	1.122427017597672
540	80	1.1363466076589022
550	80	1.1516008989360182
560	80	1.1682705304356331
570	80	1.1864323652489974
580	80	1.2060374382250125
590	80	1.2275038069093895
600	80	1.2504261505879144
610	80	1.2752019746827001
620	80	1.3015223595485725
630	80	1.3293393878572632
640	80	1.3583470970206772
650	80	1.3879372072528058
660	80	1.416964645016126
670	80	1.4433471339691135
680	80	1.4634200809647027
690	80	1.4710097853897646
700	80	1.4564126630290637
710	80	1.4061040031181313
720	80	1.3051801749007403
730	80	1.145086383679435
740	80	0.9349556230639247
750	80	0.7054666018273864
760	80	0.49525937902064515
770	80	0.33008146866509996
780	80	0.21465095709690912
790	80	0.13990907825976862
800	80	0.09338528683441773
810	80	0.06474375823600334
820	80	0.04695446396967719
830	80	0.03565366347209208
840	80	0.028248791706361305
850	80	0.023221670443140795
860	80	0.019681141395147105
870	80	0.01709745538115853
0	81	3.1222951351088075
10	81	1.0004390359294433
20	81	1.0004812783636992
30	81	1.0004851870170115
40	81	1.0004784293283009
50	81	1.0005274352954623
60	81	1.00055663953393
70	81	1.0006169507077591
80	81	1.0006699761278723
90	81	1.0007356998053683
100	81	1.0008194924651597
110	81	1.00091387449432
120	81	1.0010157954607304
130	81	1.0011356127306366
140	81	1.001270796024735
150	81	1.001433781084238
160	81	1.0016106845663055
170	81	1.0018138042947582
180	81	1.002045401544496
190	81	1.0023083818457474
200	81	1.0026052662827807
210	81	1.0029412638294795
220	81	1.0033227560776095
230	81	1.0037542760836926
240	81	1.0042419856735092
250	81	1.0047929708132783
260	81	1.0054158747401998
270	81	1.0061200718676682
280	81	1.0069152859298234
290	81	1.0078127314899594
300	81	1.0088264860044758
310	81	1.0099700534869755
320	81	1.0112599528084265
330	81	1.0127150278002852
340	81	1.0143544291438011
350	81	1.0162015044056956
360	81	1.01828045066134
370	81	1.0206196646665655
380	81	1.0232496383348137
390	81	1.0262043574298125
400	81	1.0295208167480026
410	81	1.033239727993327
420	81	1.0374058156308845
430	81	1.0420671393769527
440	81	1.0472759935489413
450	81	1.0530885644998254
460	81	1.0595648045307784
470	81	1.06676835684374
480	81	1.0747666205080784
490	81	1.0836298590708897
500	81	1.0934310415644144
510	81	1.104245340633567
520	81	1.1161491246325634
530	81	1.1292194195401069
540	81	1.1435326952411435
550	81	1.1591638247985114
560	81	1.1761843772565344
570	81	1.1946605524329303
580	81	1.2146499210104995
590	81	1.2361960346804821
600	81	1.2593192064247163
610	81	1.284000303486121
620	81	1.3100532653286916
630	81	1.337566014462658
640	81	1.3658229734892897
650	81	1.3941285283400535
660	81	1.421035658036376
670	81	1.4439840448597856
680	81	1.4585957962309704
690	81	1.4577565209617385
700	81	1.4308384781840877
710	81	1.3641885544558854
720	81	1.2450447271565817
730	81	1.0703801103583435
740	81	0.856190142203889
750	81	0.6357676323896879
760	81	0.4431880529460151
770	81	0.29655560336585113
780	81	0.19560493767028944
790	81	0.13028349240483553
800	81	0.08922023309987076
810	81	0.06350838832694897
820	81	0.04719215759409564
830	81	0.036576914227612174
840	81	0.029448595313683667
850	81	0.02449289885842805
860	81	0.020925532074755695
870	81	0.01827173797723975
0	82	2.3744126027681185
10	82	1.0005123615066867
20	82	1.000535256302913
30	82	1.0005307567987416
40	82	1.0005816286078677
50	82	1.000608532680896
60	82	1.0006476791606729
70	82	1.0007113548665696
80	82	1.0007724859368565
90	82	1.000841185099264
100	82	1.0009338506819028
110	82	1.0010390760157448
120	82	1.0011540428489412
130	82	1.001289879358446
140	82	1.0014466689937551
150	82	1.0016188726622726
160	82	1.0018212830764694
170	82	1.002049115173952
180	82	1.002303741321178
190	82	1.0025956439967698
200	82	1.0029250814022879
210	82	1.0032980925636876
220	82	1.003717896481913
230	82	1.0041929648782977
240	82	1.0047295748537934
250	82	1.0053361407842152
260	82	1.0060202097711142
270	82	1.0067906925062502
280	82	1.0076605813090758
290	82	1.0086406607681728
300	82	1.0097453760747108
310	82	1.010989827928144
320	82	1.0123911494009967
330	82	1.013967629905087
340	82	1.0157412194841564
350	82	1.017734885934284
360	82	1.0199748085644809
370	82	1.022489737675157
380	82	1.0253111803362396
390	82	1.0284737844048795
400	82	1.0320155492452536
410	82	1.035977793454234
420	82	1.040405536068669
430	82	1.0453472786711533
440	82	1.0508550222180018
450	82	1.0569846210434715
460	82	1.0637952911987418
470	82	1.0713492496751955
480	82	1.0797117110283716
490	82	1.0889506219478997
500	82	1.099135508724887
510	82	1.1103373418883205
520	82	1.122627617093245
530	82	1.1360773246777514
540	82	1.1507560917703143
550	82	1.1667307465964052
560	82	1.1839922045273317
570	82	1.2028091298205663
580	82	1.223011746829927
590	82	1.2446970526037475
600	82	1.267861203325809
610	82	1.292450088043291
620	82	1.3183229816465423
630	82	1.3451882153386385
640	82	1.3724905995600254
650	82	1.3992170091402363
660	82	1.423570696628086
670	82	1.442453746424811
680	82	1.4507258660031008
690	82	1.440360874664598
700	82	1.4000578741611542
710	82	1.3166969299101663
720	82	1.1806613697565156
730	82	0.9949207698575163
740	82	0.7810608420360821
750	82	0.5725645500041201
760	82	0.39775958978260106
770	82	0.2680235913611002
780	82	0.17961025115110207
790	82	0.12226055542607067
800	82	0.08579019696268574
810	82	0.06255156585665414
820	82	0.047491051360540985
830	82	0.03746840478300807
840	82	0.030583789018965413
850	82	0.025693812810159252
860	82	0.022105040188929215
870	82	0.01939026224607481
0	83	0.4578168102507684
10	83	1.0005591574803585
20	83	1.0006034263241843
30	83	1.0006309617652047
40	83	1.0006630236661689
50	83	1.000695841042366
60	83	1.0007519623574712
70	83	1.0008055631662047
80	83	1.0008781296396516
90	83	1.0009680266387284
100	83	1.0010631969654609
110	83	1.0011763922428794
120	83	1.0013090340479975
130	83	1.0014622295070805
140	83	1.0016347459745398
150	83	1.0018324320729546
160	83	1.0020524490260807
170	83	1.0023032935729974
180	83	1.0025886079171564
190	83	1.0029099020242318
200	83	1.0032741142297092
210	83	1.0036850140163538
220	83	1.004148395332015
230	83	1.0046712871153216
240	83	1.0052611809566894
250	83	1.0059257215579795
260	83	1.006673792606812
270	83	1.0075163528360722
280	83	1.008465301109871
290	83	1.009532967511346
300	83	1.0107340260608881
310	83	1.0120840754044098
320	83	1.0136017548206806
330	83	1.015306291221862
340	83	1.0172198691991237
350	83	1.0193667146554157
360	83	1.0217737511933072
370	83	1.0244707866752452
380	83	1.0274897640003153
390	83	1.0308664136520072
400	83	1.0346391327179398
410	83	1.0388497822168634
420	83	1.043543391387136
430	83	1.0487687346266326
440	83	1.0545774429572206
450	83	1.0610244007035694
460	83	1.0681678373652872
470	83	1.0760681153916396
480	83	1.0847883214523457
490	83	1.094393191091157
500	83	1.1049486766488923
510	83	1.1165212315906419
520	83	1.1291769930983986
530	83	1.1429807833152967
540	83	1.1579950539045667
550	83	1.1742781802303277
560	83	1.191882582293517
570	83	1.2108515105109772
580	83	1.231213989641759
590	83	1.25297623813136
600	83	1.2761069702612635
610	83	1.300511490666034
620	83	1.3259863738625668
630	83	1.3521405254392647
640	83	1.3782589478426763
650	83	1.403072791632721
660	83	1.4243855544851107
670	83	1.4385070536518778
680	83	1.439509778434758
690	83	1.4185482015554698
700	83	1.3640141308227407
710	83	1.2640865896519837
720	83	1.113166260707079
730	83	0.920160061005291
740	83	0.7105334218691166
750	83	0.5158798864937237
760	83	0.3583476610105462
770	83	0.24376492141507453
780	83	0.16614947685692236
790	83	0.11554899089200084
800	83	0.08295570071580433
810	83	0.06181598807197871
820	83	0.04783266718197829
830	83	0.03832593884211889
840	83	0.0316579612637126
850	83	0.026829309428909855
860	83	0.02322416531522964
870	83	0.02045662810914553
0	84	7.285373908894469
10	84	1.0006840627880367
20	84	1.0007032062905796
30	84	1.0007236302006226
40	84	1.000757530353692
50	84	1.0007901338812062
60	84	1.0008527174680344
70	84	1.000920798552903
80	84	1.0010020154053423
90	84	1.0010941919120597
100	84	1.001209128614366
110	84	1.0013361528361868
120	84	1.001483975292983
130	84	1.001653100774244
140	84	1.0018432537762436
150	84	1.0020589997654081
160	84	1.0023072663158696
170	84	1.0025832965082655
180	84	1.0028979611548337
190	84	1.0032535982046653
200	84	1.0036555090343036
210	84	1.0041072907049338
220	84	1.0046172812324519
230	84	1.0051900245536012
240	84	1.0058361750048184
250	84	1.0065634522063
260	84	1.0073799004139123
270	84	1.0082986608246947
280	84	1.0093313962002466
290	84	1.0104915017569596
300	84	1.0117933895663673
310	84	1.0132551853965905
320	84	1.0148947862414095
330	84	1.0167331480597461
340	84	1.018792843169303
350	84	1.0210990556025623
360	84	1.0236794678538177
370	84	1.026564227583253
380	84	1.0297866477470974
390	84	1.0333827072475086
400	84	1.0373912451012293
410	84	1.0418544676290686
420	84	1.0468175467572023
430	84	1.0523285569734078
440	84	1.0584387843031142
450	84	1.065202127793032
460	84	1.072675049168565
470	84	1.080916073136415
480	84	1.0899855519272366
490	84	1.0999448266135186
500	84	1.1108558826298836
510	84	1.1227803434707717
520	84	1.135778793927713
530	84	1.1499095872643261
540	84	1.1652276865579643
550	84	1.1817828552039251
560	84	1.1996172727992362
570	84	1.2187616155461691
580	84	1.239228802784195
590	84	1.261003154293807
600	84	1.2840219010446308
610	84	1.3081428911181565
620	84	1.333057127447056
630	84	1.3583507129660766
640	84	1.3830262657318082
650	84	1.405550876761766
660	84	1.4232783253314434
670	84	1.4318819715272235
680	84	1.4246573942763987
690	84	1.3921098894984851
700	84	1.3228039115847965
710	84	1.2070256338029406
720	84	1.0438082780168698
730	84	0.84740362682397
740	84	0.6452520173882487
750	84	0.4655007711102679
760	84	0.3242913435460794
770	84	0.223137659650944
780	84	0.15479075987919652
790	84	0.1099124661657696
800	84	0.08060498386130092
810	84	0.06125619894519539
820	84	0.048202715753719136
830	84	0.039148331265145546
840	84	0.0326745719912803
850	84	0.027903849849940335
860	84	0.024286973276462072
870	84	0.021474092770988662
0	85	4.631231407304613
10	85	1.000784249671683
20	85	1.0008062160115778
30	85	1.0008291958528832
40	85	1.00086081761787
50	85	1.0009063757442245
60	85	1.0009672164105419
70	85	1.0010500955765778
80	85	1.0011365366772027
90	85	1.0012464754594614
100	85	1.0013687389507235
110	85	1.0015110432515084
120	85	1.0016699483208136
130	85	1.0018594791832018
140	85	1.0020716636082918
150	85	1.0023121429598265
160	85	1.0025818098956565
170	85	1.0028917235139818
180	85	1.0032371510715012
190	85	1.0036286966847532
200	85	1.0040700074138704
210	85	1.0045675007149375
220	85	1.005125155570212
230	85	1.0057524734471226
240	85	1.0064583860381018
250	85	1.0072512369463518
260	85	1.0081418666709845
270	85	1.009140244277855
280	85	1.0102611181016172
290	85	1.0115181204914514
300	85	1.012927377826101
310	85	1.014505283765338
320	85	1.016272793581198
330	85	1.0182505005916367
340	85	1.0204619364136718
350	85	1.0229331193436444
360	85	1.025692673843079
370	85	1.0287710785555868
380	85	1.03220229684353
390	85	1.0360225421958627
400	85	1.0402712388038882
410	85	1.0449904849661236
420	85	1.05022499261553
430	85	1.0560227670784865
440	85	1.062433902749229
450	85	1.069510999053129
460	85	1.0773086492648258
470	85	1.085883163955092
480	85	1.095291627693274
490	85	1.1055919744355809
500	85	1.1168417847275796
510	85	1.1290976814132165
520	85	1.1424143350366813
530	85	1.156843543633803
540	85	1.1724324514055118
550	85	1.1892219028376836
560	85	1.2072433284805906
570	85	1.2265138890389067
580	85	1.2470286854194028
590	85	1.2687472640524777
600	85	1.2915703771836795
610	85	1.3153001593054912
620	85	1.3395718803859342
630	85	1.3637384380712594
640	85	1.3866786173234404
650	85	1.4064903387948853
660	85	1.420030857949407
670	85	1.4223104418727042
680	85	1.405905048985398
690	85	1.3609291723860284
700	85	1.2766969645602193
710	85	1.1463683389882322
720	85	0.9738678213822566
730	85	0.7777448279167914
740	85	0.5855610289271672
750	85	0.4210500962224919
760	85	0.2949385658112098
770	85	0.2055812439166113
780	85	0.14517573531602193
790	85	0.10515919631419864
800	85	0.07864830597144898
810	85	0.06083601602983177
820	85	0.048590165280481476
830	85	0.039935134052243276
840	85	0.033636909536409215
850	85	0.028921497315919944
860	85	0.025297143575514807
870	85	0.022445606229117898
0	86	2.305864390093481
10	86	1.0009059718747475
20	86	1.0009014374238205
30	86	1.0009396248996059
40	86	1.0009755017512505
50	86	1.0010376545779933
60	86	1.001104856327419
70	86	1.0011880114728973
80	86	1.0012912975871293
90	86	1.0014082258032508
100	86	1.0015443324891682
110	86	1.001700815538105
120	86	1.0018837340305777
130	86	1.002088987218876
140	86	1.0023218423455715
150	86	1.0025862645246215
160	86	1.0028873361706203
170	86	1.0032263616906483
180	86	1.0036088569062593
190	86	1.0040374800751686
200	86	1.0045216176889398
210	86	1.0050651735251135
220	86	1.00567520223955
230	86	1.0063602768514655
240	86	1.0071298975578002
250	86	1.0079928053523033
260	86	1.0089597476037704
270	86	1.0100437127014583
280	86	1.011257697291157
290	86	1.0126167010450813
300	86	1.0141370083910213
310	86	1.015837364445573
320	86	1.0177380540393108
330	86	1.0198604827047761
340	86	1.0222292545010654
350	86	1.0248712613047044
360	86	1.0278148359832897
370	86	1.0310919752489127
380	86	1.0347367160053758
390	86	1.0387854235133627
400	86	1.04327747769342
410	86	1.0482550687060441
420	86	1.05376243449559
430	86	1.059846641865962
440	86	1.0665566561444275
450	86	1.0739435418580845
460	86	1.0820596442047068
470	86	1.0909585145976608
480	86	1.100694272240843
490	86	1.11132061100077
500	86	1.1228907150357623
510	86	1.135455922216504
520	86	1.1490649374355701
530	86	1.1637625420859372
540	86	1.1795880879154377
550	86	1.196572991136206
560	86	1.214737206150408
570	86	1.2340832426871902
580	86	1.2545863249806097
590	86	1.2761775667942368
600	86	1.2987395278362743
610	86	1.3219358150509832
620	86	1.3453717704173571
630	86	1.368213855621349
640	86	1.3890886275458547
650	86	1.405714145490304
660	86	1.414411770007006
670	86	1.409527917450893
680	86	1.383034704217652
690	86	1.3250059897347528
700	86	1.2261436861563777
710	86	1.0831114953550862
720	86	0.9045758719186716
730	86	0.712026890554173
740	86	0.5315475193673564
750	86	0.3820498540855077
760	86	0.2696742076484575
770	86	0.19061326282049795
780	86	0.13700813332574027
790	86	0.10113340588797941
800	86	0.07701339529161313
810	86	0.06052656294090604
820	86	0.04898650999278472
830	86	0.04068642926335911
840	86	0.034548081500178573
850	86	0.029885939448607755
860	86	0.026258006538683227
870	86	0.023373842021892653
0	87	3.49951577734212
10	87	1.0009924577696883
20	87	1.001016606255534
30	87	1.0010721162392229
40	87	1.0011129189940784
50	87	1.001175162773942
60	87	1.0012470556699395
70	87	1.0013443696900546
80	87	1.0014562257832462
90	87	1.0015856318308822
100	87	1.001733516967107
110	87	1.0019149628334627
120	87	1.0021125379215108
130	87	1.0023384015417494
140	87	1.0025984298681134
150	87	1.0028907909305322
160	87	1.0032191986441563
170	87	1.0035908296695288
180	87	1.0040096513604397
190	87	1.0044814330761043
200	87	1.0050101551034283
210	87	1.005603718039185
220	87	1.006269954229879
230	87	1.0070155495983286
240	87	1.007852644788189
250	87	1.008789506829074
260	87	1.009838059951216
270	87	1.0110109671315142
280	87	1.0123223849592398
290	87	1.013788249057972
300	87	1.0154255531249705
310	87	1.017253337997273
320	87	1.0192919809047838
330	87	1.0215648645396997
340	87	1.0240963581372997
350	87	1.0269138314966275
360	87	1.0300470260072219
370	87	1.0335274289676946
380	87	1.037389570164674
390	87	1.041669973821892
400	87	1.0464080281925667
410	87	1.0516452909573972
420	87	1.057425640136032
430	87	1.063794813914721
440	87	1.0708003746499468
450	87	1.078491527364943
460	87	1.0869182134787363
470	87	1.096130977992133
480	87	1.106180389383895
490	87	1.1171161804517469
500	87	1.1289866571042075
510	87	1.141837675966409
520	87	1.1558342662636971
530	87	1.1706468251482307
540	87	1.1866737546902981
550	87	1.2038141950230978
560	87	1.222075830657395
570	87	1.2414449808651307
580	87	1.2618743439721876
590	87	1.2832621487153293
600	87	1.3054168937661113
610	87	1.3279980177185489
620	87	1.3504170331958996
630	87	1.3716762888076077
640	87	1.390114629471041
650	87	1.4030300236114737
660	87	1.406181423934492
670	87	1.3932857256534017
680	87	1.3558950960571592
690	87	1.2844777097714972
700	87	1.171767554901881
710	87	1.0183362508538782
720	87	0.837043474934351
730	87	0.6508330386602211
740	87	0.48309414529056904
750	87	0.34797272582732486
760	87	0.24793605631385118
770	87	0.17782293220769746
780	87	0.1300435628943465
790	87	0.09770838440140865
800	87	0.07564187565551617
810	87	0.060304734810950104
820	87	0.04938520563349211
830	87	0.04140267595708715
840	87	0.03541099909262053
850	87	0.030800546295118986
860	87	0.02717257635821572
870	87	0.024261226536290176
0	88	3.154748500804986
10	88	1.0011610100125923
20	88	1.0011643442712412
30	88	1.0012063974985572
40	88	1.0012642252814952
50	88	1.0013260917375046
60	88	1.0014127165338946
70	88	1.001516367982247
80	88	1.00163890215358
90	88	1.0017820725186941
100	88	1.0019515188390837
110	88	1.0021446699474441
120	88	1.0023655678590426
130	88	1.0026155537915193
140	88	1.0028981675337105
150	88	1.0032194498876241
160	88	1.0035812797665076
170	88	1.0039886586888098
180	88	1.0044459221678903
190	88	1.0049611223698454
200	88	1.0055387679460566
210	88	1.0061857861331778
220	88	1.0069099091569802
230	88	1.0077212883228934
240	88	1.0086283271731489
250	88	1.0096438050943
260	88	1.0107780007509128
270	88	1.0120445614446474
280	88	1.0134586678610398
290	88	1.0150359539312686
300	88	1.016795090004867
310	88	1.0187548672984432
320	88	1.0209369154358916
330	88	1.0233650244674797
340	88	1.02606435104244
350	88	1.0290623570379671
360	88	1.0323890461305556
370	88	1.0360767744862898
380	88	1.0401596526714527
390	88	1.0446745238970447
400	88	1.0496602040322138
410	88	1.055157545448632
420	88	1.0612097374489324
430	88	1.0678610900940246
440	88	1.0751575488755964
450	88	1.0831460529376375
460	88	1.0918739717672077
470	88	1.1013886423635046
480	88	1.1117367914765557
490	88	1.1229639489096517
500	88	1.1351134330209822
510	88	1.1483450344832378
520	88	1.16233662042685
530	88	1.1774769328408115
540	88	1.1936690994902146
550	88	1.210924272801724
560	88	1.2292366771338887
570	88	1.248574565207201
580	88	1.2688648859021183
590	88	1.2899676604736996
600	88	1.3116329775130553
610	88	1.333429565205251
620	88	1.3546278191516696
630	88	1.3740130423587456
640	88	1.38960029192821
650	88	1.3982325324865343
660	88	1.395099076820782
670	88	1.3733661961728505
680	88	1.3244233242335732
690	88	1.2396322991885356
700	88	1.1143414200699415
710	88	0.9531426868944667
720	88	0.7722091083179767
730	88	0.594500144445686
740	88	0.439934075022301
750	88	0.3182809086875432
760	88	0.22922190950259322
770	88	0.16686310265399557
780	88	0.12408063430148938
790	88	0.09478086600867362
800	88	0.07448647020412709
810	88	0.060152003527104855
820	88	0.049781246173368744
830	88	0.042084595703595705
840	88	0.03622839025787027
850	88	0.03166837411231286
860	88	0.02804359009948845
870	88	0.025109964202740274
0	89	3.615999973337214
10	89	1.001336455600018
20	89	1.0013245367077221
30	89	1.0013637703747524
40	89	1.001420459549514
50	89	1.001498399538629
60	89	1.0015907059867377
70	89	1.0017066568037403
80	89	1.0018437534398617
90	89	1.0020016378794225
100	89	1.0021870046397834
110	89	1.0023981232839703
120	89	1.0026404211330457
130	89	1.0029156516585125
140	89	1.0032253394780961
150	89	1.0035781628436211
160	89	1.0039725956275893
170	89	1.0044181668970977
180	89	1.004919148262923
190	89	1.0054798976656587
200	89	1.0061079833462843
210	89	1.0068117760744946
220	89	1.0075986631739038
230	89	1.008478343987209
240	89	1.0094612448166858
250	89	1.0105584934650529
260	89	1.0117818093071316
270	89	1.0131468694347638
280	89	1.0146673941139266
290	89	1.0163616369282047
300	89	1.0182471358526202
310	89	1.020343829232571
320	89	1.0226744155389516
330	89	1.025262514166761
340	89	1.0281340086152941
350	89	1.03131696275542
360	89	1.0348413130946899
370	89	1.0387394365833649
380	89	1.0430457630731544
390	89	1.0477966983764544
400	89	1.0530305269615763
410	89	1.0587873608388918
420	89	1.0651091390067333
430	89	1.072038759428858
440	89	1.0796200323630676
450	89	1.087897602910919
460	89	1.0969159484510074
470	89	1.1067190178455375
480	89	1.117349673404056
490	89	1.128848856094808
500	89	1.1413713951124782
510	89	1.1546024144859284
520	89	1.1689211088003657
530	89	1.1842339339238221
540	89	1.2005543813030424
550	89	1.217882396575819
560	89	1.2361974803318878
570	89	1.255447375291443
580	89	1.2755293495164068
590	89	1.2962587118505262
600	89	1.3173169899798505
610	89	1.338166712999956
620	89	1.3579145709285754
630	89	1.3750985036446326
640	89	1.387375011688568
650	89	1.391106668595566
660	89	1.380932514834193
670	89	1.3495999305117004
680	89	1.2886646149276084
690	89	1.190910885743198
700	89	1.0547492665106384
710	89	0.8885853240915016
720	89	0.7108076083714763
730	89	0.5431491118665988
740	89	0.40170173222754085
750	89	0.29245309867542224
760	89	0.21309068235303633
770	89	0.1574419538895489
780	89	0.11895341443662823
790	89	0.0922665032026445
800	89	0.07350873126160835
810	89	0.06005345108795936
820	89	0.05017080618498994
830	89	0.042733084185269325
840	89	0.03700279158384539
850	89	0.032492218974327615
860	89	0.0288735324067384
870	89	0.025922058329505407
0	90	3.290973952824223
10	90	1.0014931304594838
20	90	1.0014894305606696
30	90	1.0015322819341177
40	90	1.0015984391088073
50	90	1.00168347243797
60	90	1.0017864091766684
70	90	1.0019119268621177
80	90	1.0020623795985317
90	90	1.0022378347870133
100	90	1.002440850191087
110	90	1.0026750145731955
120	90	1.0029401224138452
130	90	1.0032417109327876
140	90	1.0035813189933578
150	90	1.0039661995541058
160	90	1.0043976075350873
170	90	1.0048849025267876
180	90	1.005429478325655
190	90	1.0060397061200281
200	90	1.0067221218366376
210	90	1.0074859170591517
220	90	1.0083383501527052
230	90	1.0092899725732043
240	90	1.0103511769386526
250	90	1.0115340049548092
260	90	1.0128518101564272
270	90	1.0143196037043662
280	90	1.0159521029803504
290	90	1.017766806981539
300	90	1.0197833085384003
310	90	1.02202239738169
320	90	1.0245055250643076
330	90	1.027258012996304
340	90	1.0303057885167184
350	90	1.0336773896334177
360	90	1.0374027026278747
370	90	1.0415140555675535
380	90	1.0460456468356851
390	90	1.0510334904458893
400	90	1.056515186838772
410	90	1.062529779676605
420	90	1.0691177281780362
430	90	1.076320200062442
440	90	1.0841790778541094
450	90	1.092736129279302
460	90	1.1020328157133719
470	90	1.1121095515462591
480	90	1.1230050902005297
490	90	1.1348694293529977
500	90	1.1473949263591947
510	90	1.1609511918439983
520	90	1.1754476083439858
530	90	1.1908993240236274
540	90	1.2073103182411076
550	90	1.224668278854929
560	90	1.2429361981775402
570	90	1.262038453415152
580	90	1.2818377242863055
590	90	1.3020970780834713
600	90	1.3224176077886427
610	90	1.3421380857021086
620	90	1.3601769038129194
630	90	1.3747936293304048
640	90	1.3832553242101753
650	90	1.381433335875895
660	90	1.36347000127775
670	90	1.321884172769962
680	90	1.2487876304292314
690	90	1.1388977885911735
700	90	0.993937450137508
710	90	0.8256170985533211
720	90	0.6533606036866266
730	90	0.4967246918307327
740	90	0.3679757636031311
750	90	0.27000154921928016
760	90	0.19915978121916098
770	90	0.14931504803574103
780	90	0.11452510013909331
790	90	0.09009622749465072
800	90	0.07267734499122651
810	90	0.05999706672433677
820	90	0.050551001837006816
830	90	0.04334914160803022
840	90	0.03773654624298679
850	90	0.03327461297888696
860	90	0.02966465830247067
870	90	0.026699331336095644
0	91	5.144892022098318
10	91	1.0016674053227292
20	91	1.0016826360066644
30	91	1.0017262040362647
40	91	1.0017913295265217
50	91	1.0018890076601281
60	91	1.00200150212051
70	91	1.0021473958855422
80	91	1.0023070605137903
90	91	1.0025019308173797
100	91	1.0027210609600512
110	91	1.0029769296562454
120	91	1.0032680000228291
130	91	1.0035973136000107
140	91	1.0039677915213348
150	91	1.0043881938792747
160	91	1.0048587414138805
170	91	1.0053878430031928
180	91	1.005979862148724
190	91	1.006641932809833
200	91	1.0073821713145554
210	91	1.0082087100984547
220	91	1.0091302354016072
230	91	1.010157862610553
240	91	1.0113017243155682
250	91	1.0125748582552134
260	91	1.0139906577890054
270	91	1.0155648315936199
280	91	1.0173133833063508
290	91	1.019253691441741
300	91	1.021405804600043
310	91	1.023790858258408
320	91	1.0264313386882646
330	91	1.029352245959137
340	91	1.0325801366660237
350	91	1.036143518888114
360	91	1.0400724037743814
370	91	1.0443989615949245
380	91	1.0491568720237974
390	91	1.0543815249538864
400	91	1.0601096656075717
410	91	1.0663791661331694
420	91	1.0732286828348985
430	91	1.0806976606171128
440	91	1.088825467042478
450	91	1.0976510947340004
460	91	1.1072127764938087
470	91	1.1175472204895538
480	91	1.1287996598246595
490	91	1.140669888702425
500	91	1.153517691264365
510	91	1.1672553138200434
520	91	1.1818988503649364
530	91	1.1974552243655603
540	91	1.2139181807462964
550	91	1.231261887859101
560	91	1.24943069607565
570	91	1.2683219639222632
580	91	1.2877581466557635
590	91	1.3074409661790791
600	91	1.326877590878059
610	91	1.3452634869521942
620	91	1.3613026329454827
630	91	1.3729460594599143
640	91	1.3770475530662303
650	91	1.3689967869150481
660	91	1.342534360763872
670	91	1.2902007759681307
680	91	1.2050926678736888
690	91	1.0842977629188895
700	91	0.9328610940901421
710	91	0.7650473192216829
720	91	0.6001853650474961
730	91	0.4550382110220272
740	91	0.3383128071120644
750	91	0.25048146182255193
760	91	0.18710039434869774
770	91	0.14227808178036405
780	91	0.1106827758865301
790	91	0.08821332870700756
800	91	0.07196668291776546
810	91	0.059973131961993026
820	91	0.05091966356202279
830	91	0.04393383228374109
840	91	0.03843183782273025
850	91	0.034017874509685346
860	91	0.030419021271659154
870	91	0.02744344137977498
0	92	4.0829046011334835
10	92	1.001859661518318
20	92	1.0018821624302365
30	92	1.001939151986483
40	92	1.0020147314045313
50	92	1.002110767268506
60	92	1.0022421530510635
70	92	1.002392752190414
80	92	1.0025714864785686
90	92	1.0027831728369763
100	92	1.0030265481409466
110	92	1.0033061072782623
120	92	1.003622791893186
130	92	1.0039806104442517
140	92	1.0043872985724613
150	92	1.0048434189884123
160	92	1.0053558091963186
170	92	1.0059292619136735
180	92	1.0065714118525957
190	92	1.0072889448062539
200	92	1.0080899479743064
210	92	1.0089826354183589
220	92	1.0099764200602015
230	92	1.011083419662755
240	92	1.0123140842701968
250	92	1.0136812212532054
260	92	1.015199841619843
270	92	1.0168850307149582
280	92	1.0187534468557846
290	92	1.020823623860683
300	92	1.0231154662304713
310	92	1.025650654912389
320	92	1.0284522699905143
330	92	1.0315452864682708
340	92	1.034956569786383
350	92	1.0387142633678967
360	92	1.0428488903020916
370	92	1.047391670443969
380	92	1.0523761528030977
390	92	1.05783663757729
400	92	1.063808843124889
410	92	1.0703292444757493
420	92	1.0774346667186974
430	92	1.085162462532077
440	92	1.0935494169138804
450	92	1.102631582274851
460	92	1.1124438115971853
470	92	1.123018970451717
480	92	1.134387457711287
490	92	1.146576143342775
500	92	1.1596076024897777
510	92	1.1734985816095471
520	92	1.1882580681982262
530	92	1.2038842563001475
540	92	1.2203821267473787
550	92	1.2376434049747185
560	92	1.2556584692785455
570	92	1.2742709210054026
580	92	1.293256119007853
590	92	1.3122440880599058
600	92	1.3306327195770336
610	92	1.3474528754728214
620	92	1.3611672806144277
630	92	1.3693910131355305
640	92	1.3685519371342845
650	92	1.3535941643373812
660	92	1.3179984910447227
670	92	1.2546317408511987
680	92	1.1580105849161713
690	92	1.0279021596577342
700	92	0.8724319489780668
710	92	0.707516421049656
720	92	0.5514172013836267
730	92	0.417808286209404
740	92	0.31227222086312756
750	92	0.23349482985452444
760	92	0.17663181921125667
770	92	0.1361604893620687
780	92	0.10733308929866724
790	92	0.0865711107110626
800	92	0.07135573045147188
810	92	0.05997378666863847
820	92	0.05127520169345921
830	92	0.04448824675828715
840	92	0.039090666204504
850	92	0.03472411499608745
860	92	0.03113848767745251
870	92	0.028155900333172515
0	93	2.922725353462177
10	93	1.0020923557124997
20	93	1.0021145674451133
30	93	1.0021714069682426
40	93	1.0022479420263122
50	93	1.0023621380777843
60	93	1.0024968254541253
70	93	1.0026648029281686
80	93	1.0028633835886112
90	93	1.0030951171513671
100	93	1.0033581683312487
110	93	1.0036625331313853
120	93	1.0040072114997671
130	93	1.004398225202717
140	93	1.0048392380244289
150	93	1.0053351732436275
160	93	1.0058902505556795
170	93	1.0065119888766978
180	93	1.0072078392330013
190	93	1.0079834179413099
200	93	1.0088481339082092
210	93	1.009809935861709
220	93	1.0108806421144396
230	93	1.0120701018541831
240	93	1.0133908633070547
250	93	1.0148561940393386
260	93	1.0164810873092138
270	93	1.0182808915812465
280	93	1.020273617875644
290	93	1.0224778309694087
300	93	1.0249132731822057
310	93	1.0276024883366583
320	93	1.0305687388384002
330	93	1.0338371621379259
340	93	1.037434342518809
350	93	1.0413887098817851
360	93	1.0457301392875182
370	93	1.0504896994415867
380	93	1.0556998325375904
390	93	1.06139427072044
400	93	1.0676070788292282
410	93	1.0743732957874348
420	93	1.0817279203175991
430	93	1.0897057281290277
440	93	1.0983409272290017
450	93	1.1076664814474575
460	93	1.1177137243696904
470	93	1.128511719723296
480	93	1.1400864261578552
490	93	1.152460002549153
500	93	1.1656494592354743
510	93	1.1796653453295147
520	93	1.1945090878327431
530	93	1.2101695044755925
540	93	1.226616749978307
550	93	1.2437928687689166
560	93	1.2615962544916788
570	93	1.2798564872237914
580	93	1.2982938602519785
590	93	1.3164547572857497
600	93	1.3336107567341446
610	93	1.348605429770755
620	93	1.3596338861814956
630	93	1.3639531998466
640	93	1.3575684630359717
650	93	1.33504699728416
660	93	1.2898012365198241
670	93	1.2153702076601256
680	93	1.1080912818142754
690	93	0.9705474194693172
700	93	0.8134733936017704
710	93	0.6534874920074042
720	93	0.5070399712222964
730	93	0.38469639399917915
740	93	0.2894328559315791
750	93	0.21869054193668125
760	93	0.16751556901963113
770	93	0.13081990865145898
780	93	0.10439871144621944
790	93	0.0851310063830422
800	93	0.07082718297268366
810	93	0.05999264634688556
820	93	0.05161645082616367
830	93	0.04501347337403203
840	93	0.03971489076802009
850	93	0.03539525277187884
860	93	0.03182474888991983
870	93	0.02883808532793947
0	94	2.278961524952635
10	94	1.0023115476402913
20	94	1.0023554665389054
30	94	1.0024224503963077
40	94	1.002510068722989
50	94	1.002633641087858
60	94	1.0027833563927997
70	94	1.0029626582560591
80	94	1.0031798143797566
90	94	1.0034276186541917
100	94	1.003718991024382
110	94	1.0040482143266658
120	94	1.004423592936123
130	94	1.0048490539679265
140	94	1.0053266858655299
150	94	1.0058644358811477
160	94	1.0064662768977937
170	94	1.0071385453890223
180	94	1.0078895512642299
190	94	1.008725656000522
200	94	1.009657401124564
210	94	1.0106923962987573
220	94	1.011842362250083
230	94	1.013118742977727
240	94	1.0145333603955624
250	94	1.016100727977784
260	94	1.017835689005434
270	94	1.0197548415789919
280	94	1.0218754599316244
290	94	1.0242173559014347
300	94	1.0268001670038445
310	94	1.0296469837353035
320	94	1.0327807682131163
330	94	1.0362271169494168
340	94	1.040012315647509
350	94	1.0441646905969124
360	94	1.0487135786877708
370	94	1.05368941887351
380	94	1.0591237745806543
390	94	1.0650491523896544
400	94	1.0714982556519785
410	94	1.0785042977363284
420	94	1.0861000932008935
430	94	1.0943180677097148
440	94	1.1031895550642936
450	94	1.1127443996426558
460	94	1.1230103430108886
470	94	1.1340124144921209
480	94	1.1457722860742166
490	94	1.1583071734828834
500	94	1.1716285708019476
510	94	1.1857404262495237
520	94	1.2006085937507662
530	94	1.2162944810712282
540	94	1.2326715616164152
550	94	1.249689976059594
560	94	1.267219598961688
570	94	1.2850474304467128
580	94	1.3028294321632028
590	94	1.3200148815789534
600	94	1.3357304080189185
610	94	1.3486089435403787
620	94	1.356553582338327
630	94	1.356450004790065
640	94	1.3439045024317364
650	94	1.3132142141770493
660	94	1.2579622176267575
670	94	1.1727248132034676
680	94	1.0559819617779567
690	94	0.9130705302446716
700	94	0.7566866946474864
710	94	0.6032523652264977
720	94	0.46691972343240046
730	94	0.35533581838853345
740	94	0.2694033679239241
750	94	0.20576214511980406
760	94	0.15954968260747954
770	94	0.12613747193457384
780	94	0.10181544223923145
790	94	0.08386106758303039
800	94	0.07036676770703221
810	94	0.06002453007142645
820	94	0.05194259786269304
830	94	0.04551058468703233
840	94	0.04030622026234086
850	94	0.036033045616575124
860	94	0.0324793637915994
870	94	0.02949125410064683
0	95	3.584763891981357
10	95	1.0025836521955909
20	95	1.0026230039955875
30	95	1.0026950299276562
40	95	1.0027935308330054
50	95	1.0029267166682745
60	95	1.0030909692412218
70	95	1.0032885792649198
80	95	1.0035203618362334
90	95	1.0037933998304873
100	95	1.0041074996818258
110	95	1.004466560024034
120	95	1.0048739801780568
130	95	1.0053346454675969
140	95	1.0058520290154231
150	95	1.0064340077775125
160	95	1.0070832315843357
170	95	1.0078091758943946
180	95	1.0086182197964324
190	95	1.009519507122066
200	95	1.0105205173707406
210	95	1.0116316629134852
220	95	1.0128649168353856
230	95	1.0142311943647784
240	95	1.0157439489963649
250	95	1.017416800201109
260	95	1.0192658549386189
270	95	1.0213076088673327
280	95	1.0235602302678342
290	95	1.026042842737851
300	95	1.02877664326127
310	95	1.031783864073481
320	95	1.035088035317766
330	95	1.0387143248303938
340	95	1.0426892044850073
350	95	1.0470402245393469
360	95	1.051796300776094
370	95	1.056987136565274
380	95	1.0626432607759708
390	95	1.0687956960442393
400	95	1.075475749274885
410	95	1.0827144568021487
420	95	1.090542591036758
430	95	1.0990550578995795
440	95	1.1080848247495585
450	95	1.1178538823645332
460	95	1.1283213337731217
470	95	1.1395081497695736
480	95	1.1514315659915284
490	95	1.1641038236095624
500	95	1.1775306724459957
510	95	1.1917091620152356
520	95	1.2066242113340353
530	95	1.2222429574979594
540	95	1.2385061139280575
550	95	1.2553136929419728
560	95	1.2725023804155902
570	95	1.2898094204696557
580	95	1.3068158905135276
590	95	1.3228589551162906
600	95	1.336900491300157
610	95	1.347339538889643
620	95	1.351766969217316
630	95	1.3466960312947154
640	95	1.3273842141424734
650	95	1.2880060069878856
660	95	1.2225938600421968
670	95	1.1271159132610087
680	95	1.002396896109791
690	95	0.856266333640013
700	95	0.7026306168073723
710	95	0.5569486600495065
720	95	0.4308375620092343
730	95	0.3293537006162512
740	95	0.251827623019149
750	95	0.19444428762307778
760	95	0.15256348095508324
770	95	0.12201383185215546
780	95	0.0995298497049939
790	95	0.08273474432590835
800	95	0.06996264573786296
810	95	0.06006521823464309
820	95	0.05225309259928297
830	95	0.045980613224399634
840	95	0.04086621897992457
850	95	0.036639090003461654
860	95	0.033103737137027446
870	95	0.030116550806038738
0	96	2.02522031684019
10	96	1.0028804279749153
20	96	1.002925452254677
30	96	1.0029943012099907
40	96	1.0031028502940458
50	96	1.0032437543298582
60	96	1.0034246829296296
70	96	1.003639343580215
80	96	1.003893211786132
90	96	1.0041889111770936
100	96	1.004530261336035
110	96	1.0049183907273633
120	96	1.0053601050851884
130	96	1.0058577203867372
140	96	1.006417362067637
150	96	1.0070437984204375
160	96	1.0077448079264777
170	96	1.0085269706263624
180	96	1.0093976677182186
190	96	1.010365038859872
200	96	1.0114394593239513
210	96	1.0126307023558343
220	96	1.0139496617238657
230	96	1.0154097194945062
240	96	1.0170236331629254
250	96	1.01880576358949
260	96	1.0207726560038382
270	96	1.0229405528963975
280	96	1.0253283181304238
290	96	1.0279553300397464
300	96	1.0308428003206276
310	96	1.0340128836525195
320	96	1.0374896178673396
330	96	1.0412975214293283
340	96	1.0454626970373861
350	96	1.050012627881502
360	96	1.0549748682295539
370	96	1.0603786304957652
380	96	1.0662531002269486
390	96	1.0726278972135426
400	96	1.079532414504901
410	96	1.0869958504447093
420	96	1.0949981780589184
430	96	1.1037113218520784
440	96	1.1130159458414168
450	96	1.122983533779931
460	96	1.1336346451689507
470	96	1.1449862920737965
480	96	1.1570512191424505
490	96	1.1698365404761246
500	96	1.1833420001896287
510	96	1.1975574196977383
520	96	1.2124582075764958
530	96	1.2279988395139358
540	96	1.2441020604705255
550	96	1.2606418609562218
560	96	1.2774161779281084
570	96	1.2941042802797975
580	96	1.3102003599178673
590	96	1.3249131559061316
600	96	1.3370192059244577
610	96	1.34466194418586
620	96	1.345106515978758
630	96	1.3345092510308671
640	96	1.307859475470189
650	96	1.2593974681957583
660	96	1.1839088404384641
670	96	1.0790630868074136
680	96	0.9480816797561669
690	96	0.8008510316754583
700	96	0.6517143488546602
710	96	0.5145836649553718
720	96	0.39851909616769965
730	96	0.30638677298536304
740	96	0.2363865895860694
750	96	0.1845085528747036
760	96	0.1464128833694495
770	96	0.1183658428278387
780	96	0.09749734656140265
790	96	0.08172990409691251
800	96	0.06960499963526592
810	96	0.0601112564585741
820	96	0.05254758423814993
830	96	0.04642455751631973
840	96	0.04139633867148215
850	96	0.03721484798633843
860	96	0.03369915959634691
870	96	0.030715026851600227
0	97	3.9658580119314215
10	97	1.0032019242334682
20	97	1.003235281676954
30	97	1.00331565980082
40	97	1.0034386247023928
50	97	1.003593212761742
60	97	1.0037883020297136
70	97	1.0040193979055332
80	97	1.0042954854284303
90	97	1.0046164772673138
100	97	1.0049847540119938
110	97	1.0054049710775463
120	97	1.0058820690313812
130	97	1.0064192157729515
140	97	1.0070222598497307
150	97	1.0076982944793174
160	97	1.008452681756176
170	97	1.0092931671076695
180	97	1.0102273928734715
190	97	1.0112654659930702
200	97	1.0124157959219773
210	97	1.013689532436003
220	97	1.0150985360039413
230	97	1.0166557664098859
240	97	1.0183741210164239
250	97	1.0202693436945498
260	97	1.022356975932982
270	97	1.0246543907126064
280	97	1.0271804819250776
290	97	1.0299547185283038
300	97	1.0329983324345042
310	97	1.036333800038775
320	97	1.0399844138320187
330	97	1.0439748928931023
340	97	1.0483306695927523
350	97	1.0530784725867512
360	97	1.0582454260504561
370	97	1.063859197425387
380	97	1.0699477802983985
390	97	1.0765391927299368
400	97	1.083661020889656
410	97	1.0913401245756904
420	97	1.0996024940555398
430	97	1.1084723781384107
440	97	1.1179722511972756
450	97	1.1281219683989596
460	97	1.138866586264519
470	97	1.1504345894271844
480	97	1.1626186225295252
490	97	1.175492379650376
500	97	1.189049376735192
510	97	1.203271442819074
520	97	1.21812357629316
530	97	1.2335458448663583
540	97	1.2494403396151967
550	97	1.2656506762669373
560	97	1.281929672897299
570	97	1.2978891328394295
580	97	1.312923146928326
590	97	1.3260944746979244
600	97	1.3359738166272763
610	97	1.3404304749432914
620	97	1.3364001789296864
630	97	1.3197187549341178
640	97	1.285221887819879
650	97	1.2274406669266016
660	97	1.1422214450609094
670	97	1.0291644023344206
680	97	0.8937757387616012
690	97	0.7474350035195766
700	97	0.6042020528347495
710	97	0.47606121429933407
720	97	0.3696590659180436
730	97	0.286091738394689
740	97	0.22279786869856297
750	97	0.17575914922386618
760	97	0.14097630075971176
770	97	0.11512379816255822
780	97	0.09568062338006157
790	97	0.08082803706051783
800	97	0.06928564177469983
810	97	0.06015984220750743
820	97	0.05282588399983487
830	97	0.04684336688878501
840	97	0.04189790509912992
850	97	0.03776166017497785
860	97	0.03426680187545999
870	97	0.03128763896410486
0	98	4.635941864846111
10	98	1.0035252147044351
20	98	1.0035839692911093
30	98	1.0036758999949804
40	98	1.0038032608477958
50	98	1.0039685655424317
60	98	1.0041798348214184
70	98	1.0044329898380606
80	98	1.0047304964793495
90	98	1.0050755851791777
100	98	1.0054732997777844
110	98	1.0059276846719862
120	98	1.0064415055055826
130	98	1.0070205180798462
140	98	1.0076701996180295
150	98	1.0083976784984825
160	98	1.0092078152083919
170	98	1.0101093230951612
180	98	1.0111112074784805
190	98	1.0122218897969155
200	98	1.0134515422067711
210	98	1.0148116362122546
220	98	1.016313798158913
230	98	1.0179706518494045
240	98	1.0197973165989167
250	98	1.0218080611504654
260	98	1.0240200116059865
270	98	1.0264497275017135
280	98	1.029117001054946
290	98	1.0320410368496165
300	98	1.0352431489276743
310	98	1.038745383380085
320	98	1.0425710929496443
330	98	1.0467443444665363
340	98	1.0512903347005675
350	98	1.0562346006915735
360	98	1.0616036407906666
370	98	1.0674236316059296
380	98	1.07372132706393
390	98	1.0805227568888651
400	98	1.087853717088711
410	98	1.0957388264233388
420	98	1.1041447831390114
430	98	1.113263054253674
440	98	1.1229430630542434
450	98	1.1332580099353133
460	98	1.1442886748728454
470	98	1.155841075938651
480	98	1.1681215787277266
490	98	1.1810589534929181
500	98	1.194640001802917
510	98	1.2088378391929853
520	98	1.2236057822422177
530	98	1.238867350100761
540	98	1.2545007273540218
550	98	1.2703141765784938
560	98	1.2860079124734445
570	98	1.301115625431224
580	98	1.3149167811016969
590	98	1.326310000145177
600	98	1.3336407103597299
610	98	1.334490871083932
620	98	1.3254763570452477
630	98	1.3021739148255016
640	98	1.2594150654239233
650	98	1.1922736867641073
660	98	1.0979417581591149
670	98	0.9780692054796155
680	98	0.840177010242602
690	98	0.6965064341812434
700	98	0.5602262939980492
710	98	0.44120845715848717
720	98	0.3439407136910553
730	98	0.26815141636528994
740	98	0.21081374535598027
750	98	0.1680287385198815
760	98	0.13615109573299664
770	98	0.11222914096766336
780	98	0.09404837033304461
790	98	0.08001361452512257
800	98	0.06899772335706522
810	98	0.06020867085719617
820	98	0.05308791700639994
830	98	0.047237940944149334
840	98	0.042372143220140976
850	98	0.03828074308812956
860	98	0.03480774645252422
870	98	0.03183526002083079
0	99	5.186095401130853
10	99	1.0038914411127688
20	99	1.0039595284912863
30	99	1.0040597976830472
40	99	1.0041964190305777
50	99	1.0043777965347107
60	99	1.0046040188497252
70	99	1.004877899343065
80	99	1.005199704730082
90	99	1.0055715006206016
100	99	1.0060011047775521
110	99	1.006489826792003
120	99	1.007042883625594
130	99	1.007665657928468
140	99	1.0083636041929125
150	99	1.0091437271957082
160	99	1.0100130412399593
170	99	1.010978492903795
180	99	1.0120496139887025
190	99	1.0132363532973194
200	99	1.0145484542572942
210	99	1.0159972872700265
220	99	1.0175956161524564
230	99	1.0193561427495528
240	99	1.0212938811556824
250	99	1.0234233973866156
260	99	1.0257621202560556
270	99	1.028327514464516
280	99	1.0311379636088067
290	99	1.0342139791651588
300	99	1.0375760313935563
310	99	1.0412462467581791
320	99	1.0452474975035495
330	99	1.0496033503229205
340	99	1.0543382479380463
350	99	1.0594770587624915
360	99	1.0650446861908431
370	99	1.0710663876179114
380	99	1.0775672373298792
390	99	1.0845714078410431
400	99	1.0921025778793851
410	99	1.1001831282369812
420	99	1.108833755623174
430	99	1.1180732347555293
440	99	1.1279177856344516
450	99	1.1383806496139501
460	99	1.149471216061823
470	99	1.1611942150490056
480	99	1.1735483762821075
490	99	1.1865243026039174
500	99	1.2001014545535336
510	99	1.2142433983502905
520	99	1.2288900867197297
530	99	1.243946015878725
540	99	1.259261506173596
550	99	1.2746036466319546
560	99	1.2896115603807328
570	99	1.3037289824823028
580	99	1.3161052220661225
590	99	1.3254565168173789
600	99	1.329886064777949
610	99	1.326683134668883
620	99	1.3121702897706424
630	99	1.281754760131427
640	99	1.230446225124606
650	99	1.154125169256582
660	99	1.0515625359851484
670	99	0.9264469924319667
680	99	0.7879121135521149
690	99	0.6484256790585835
700	99	0.5198071620261968
710	99	0.40980032785499454
720	99	0.3210501218653827
730	99	0.25227771740936383
740	99	0.20021841307973715
750	99	0.16117456948742676
760	99	0.13185055996969497
770	99	0.10963257157621882
780	99	0.09257423602493912
790	99	0.07927356684554485
800	99	0.06873550979241348
810	99	0.060255860635959425
820	99	0.053333698616117954
830	99	0.047609137329266804
840	99	0.04282017064255877
850	99	0.03877321367011538
860	99	0.03532297133708905
870	99	0.032358698962191706
0	100	2.5840927935136246
10	100	1.004313463627355
20	100	1.0043626955124418
30	100	1.0044740419106213
40	100	1.0046215346535279
50	100	1.0048175512175839
60	100	1.0050619421645157
70	100	1.0053548022174321
80	100	1.005701448866868
90	100	1.006104424912169
100	100	1.0065672790012228
110	100	1.0070927856102485
120	100	1.007685988085508
130	100	1.0083549384231003
140	100	1.0091040918119505
150	100	1.0099386930002885
160	100	1.0108687620968404
170	100	1.0119017816281672
180	100	1.013045196913677
190	100	1.0143104338512454
200	100	1.015707725357556
210	100	1.0172486134159766
220	100	1.0189458727685503
230	100	1.020812947258484
240	100	1.0228644931171895
250	100	1.0251160608221366
260	100	1.0275842635313173
270	100	1.0302873511643793
280	100	1.0332435833546199
290	100	1.036472925552658
300	100	1.0399961179472894
310	100	1.0438349422979805
320	100	1.0480115039433484
330	100	1.0525491279210577
340	100	1.057471082595796
350	100	1.0628012801605873
360	100	1.068563692710815
370	100	1.0747817518517484
380	100	1.0814789678879597
390	100	1.088677769447444
400	100	1.096399547334653
410	100	1.1046643161393133
420	100	1.113490164935505
430	100	1.1228930643536883
440	100	1.1328861215229795
450	100	1.1434664985144023
460	100	1.1546780395662588
470	100	1.1664829837902204
480	100	1.1788877897291177
490	100	1.1918768729895024
500	100	1.2054217185415463
510	100	1.2194749969915148
520	100	1.2339614202615004
530	100	1.2487634013630782
540	100	1.263698860273934
550	100	1.2784869426137337
560	100	1.2926961129512704
570	100	1.305667186582244
580	100	1.3164031739818005
590	100	1.323420428698627
600	100	1.324567236838274
610	100	1.3168455920013582
620	100	1.296331791384688
630	100	1.2583829301502354
640	100	1.1983958354017101
650	100	1.1133132443860065
660	100	1.0036394720405728
670	100	0.8749555656004293
680	100	0.7375143893516062
690	100	0.6034290162603911
700	100	0.482874098083496
710	100	0.3815804643979477
720	100	0.3006861689722398
730	100	0.23821237179361587
740	100	0.19082481593065648
750	100	0.155074988296792
760	100	0.12800135383742545
770	100	0.10729248382220694
780	100	0.09123597547803165
790	100	0.07859685769444315
800	100	0.06849417745252245
810	100	0.0602998727119124
820	100	0.05356331604574784
830	100	0.04795774294646932
840	100	0.04324302376878317
850	100	0.039240095963839164
860	100	0.03581337980991813
870	100	0.03285869066161114
0	101	4.395680182798857
10	101	1.004743196114387
20	101	1.0048075987670966
30	101	1.0049202913442215
40	101	1.0050807489020233
50	101	1.0052920891506356
60	101	1.0055548267446508
70	101	1.0058706096886114
80	101	1.0062435030302546
90	101	1.0066764389206988
100	101	1.0071721067989434
110	101	1.0077365686775788
120	101	1.0083743517298838
130	101	1.0090911824035493
140	101	1.0098923178434382
150	101	1.0107853297523055
160	101	1.0117790328168745
170	101	1.0128802752278903
180	101	1.0140995595270013
190	101	1.0154457451828154
200	101	1.016931085333753
210	101	1.0185669360841707
220	101	1.0203660490370816
230	101	1.0223423763624935
240	101	1.024510599294533
250	101	1.0268862217995984
260	101	1.0294866829975564
270	101	1.0323291838874649
280	101	1.0354327588026913
290	101	1.0388168637152244
300	101	1.04250195320087
310	101	1.0465093491302944
320	101	1.0508606167242078
330	101	1.055578184169437
340	101	1.060684707082375
350	101	1.0662028307655036
360	101	1.0721550523707937
370	101	1.078588353854569
380	101	1.085449713211391
390	101	1.0928342799956334
400	101	1.1007363243541857
410	101	1.1091734569971456
420	101	1.118161262358433
430	101	1.1277127346821623
440	101	1.1378380052725356
450	101	1.148543486996721
460	101	1.1598310493357662
470	101	1.1716967711551842
480	101	1.1841290301288914
490	101	1.1971055370982824
500	101	1.2105888336593968
510	101	1.2245192566598795
520	101	1.2388039217908768
530	101	1.2532995630296793
540	101	1.267786339397781
550	101	1.2819277785271996
560	101	1.2952110527397658
570	101	1.306860210867803
580	101	1.3157155915564356
590	101	1.320078194302351
600	101	1.3175350530218217
610	101	1.3048201710274385
620	101	1.2778341862740763
630	101	1.2320325011261768
640	101	1.163424068186715
650	101	1.0702381629012643
660	101	0.954766521348858
670	101	0.8242115303124009
680	101	0.6894108598357138
690	101	0.561639600106237
700	101	0.44928793935312833
710	101	0.35627806912380716
720	101	0.28256687459997765
730	101	0.2257261530178658
740	101	0.18247142086888846
750	101	0.1496263565362214
760	101	0.12454135047020014
770	101	0.1051736761480851
780	101	0.09001475313014477
790	101	0.07797414080651002
800	101	0.06826965310829361
810	101	0.060339434979618654
820	101	0.05377689499896993
830	101	0.04828451228993262
840	101	0.04364165326834404
850	101	0.039682327586421706
860	101	0.03627979927383872
870	101	0.03333591668168373
0	102	3.9320745577667156
10	102	1.0052085118155387
20	102	1.0052821693562881
30	102	1.0053987205379362
40	102	1.0055760722720841
50	102	1.0058032539474553
60	102	1.006084946657702
70	102	1.0064255643868076
80	102	1.0068254153769436
90	102	1.007289606392193
100	102	1.0078206755741974
110	102	1.0084254223121134
120	102	1.0091079630474933
130	102	1.0098738483530991
140	102	1.0107300217258852
150	102	1.011683805879107
160	102	1.0127429817728746
170	102	1.0139161537910562
180	102	1.0152131784844365
190	102	1.0166439163043086
200	102	1.0182198909233091
210	102	1.0199534782903295
220	102	1.0218570331094556
230	102	1.023945370188779
240	102	1.0262323456220406
250	102	1.0287347822766608
260	102	1.0314690049461368
270	102	1.0344528947042693
280	102	1.0377049244556567
290	102	1.0412445317958519
300	102	1.0450915607835132
310	102	1.049266836140891
320	102	1.0537915958932251
330	102	1.058687148455872
340	102	1.0639749313103917
350	102	1.0696765397038157
360	102	1.075813145763745
370	102	1.0824050717624867
380	102	1.0894723327317548
390	102	1.0970330841406808
400	102	1.105104547214424
410	102	1.1137017710475388
420	102	1.122837735381781
430	102	1.1325226939087678
440	102	1.1427635921757937
450	102	1.153563433217636
460	102	1.164920235463147
470	102	1.1768254462496917
480	102	1.1892617165371813
490	102	1.2021993760048888
500	102	1.2155909045689623
510	102	1.2293624578243931
520	102	1.2434007147752901
530	102	1.2575325493361125
540	102	1.271494212509777
550	102	1.2848849635524993
560	102	1.2970990523789372
570	102	1.3072292646327295
580	102	1.3139375028033122
590	102	1.3152973601137936
600	102	1.3086370851113744
610	102	1.2904589834005609
620	102	1.256584046193488
630	102	1.2027396699050783
640	102	1.1257729083640895
650	102	1.0253688042379596
660	102	0.905548601736126
670	102	0.7747657926137783
680	102	0.6439179629039258
690	102	0.5230831559826568
700	102	0.41886137983308974
710	102	0.3336207725407044
720	102	0.26643294910197013
730	102	0.21461717131032435
740	102	0.17501908670778377
750	102	0.14474035905959912
760	102	0.12141782777593917
770	102	0.10324628593456658
780	102	0.0888945720915467
790	102	0.07739747347264683
800	102	0.06805849835757208
810	102	0.06037352281583672
820	102	0.05397460893737879
830	102	0.048590147557315964
840	102	0.04401693131846229
850	102	0.040100769285740814
860	102	0.03672299232403351
870	102	0.03379099458563193
0	103	3.6312665957823347
10	103	1.005720820523964
20	103	1.0057873444974157
30	103	1.005917640718733
40	103	1.006106180586423
50	103	1.006350793537777
60	103	1.0066548231976213
70	103	1.0070176013228322
80	103	1.0074467750472544
90	103	1.0079431922393634
100	103	1.0085133137986009
110	103	1.0091601437547428
120	103	1.0098894158542702
130	103	1.0107069944132379
140	103	1.0116208475785637
150	103	1.0126365457170734
160	103	1.0137636195962691
170	103	1.0150110278504914
180	103	1.0163886609439503
190	103	1.0179061321987697
200	103	1.0195753012883588
210	103	1.0214087284576088
220	103	1.0234196772152253
230	103	1.025621786035218
240	103	1.0280304125867499
250	103	1.0306613555385624
260	103	1.0335312760532522
270	103	1.036657505204505
280	103	1.0400588317620838
290	103	1.0437542655638337
300	103	1.047762931301095
310	103	1.052105254264722
320	103	1.0568013182590368
330	103	1.0618718052885405
340	103	1.0673370487424219
350	103	1.0732171803661672
360	103	1.0794466886838712
370	103	1.0863000548384125
380	103	1.0935394619988816
390	103	1.1012664928260303
400	103	1.1094959072869153
410	103	1.118240570316473
420	103	1.1275107037609342
430	103	1.1373137030918192
440	103	1.1476535050265533
450	103	1.1585296223231962
460	103	1.1699360057892223
470	103	1.1818592490005209
480	103	1.1942757872034004
490	103	1.2071476356937205
500	103	1.2204158133342937
510	103	1.2339900920073545
520	103	1.2477334005323084
530	103	1.2614378642156299
540	103	1.2747888192460057
550	103	1.2873116535608673
560	103	1.2982952108975496
570	103	1.3066863145383851
580	103	1.3109542794314042
590	103	1.3089383890129764
600	103	1.2977220833668492
610	103	1.273632023685214
620	103	1.2325311174326452
630	103	1.1706102127398959
640	103	1.0857630811697303
650	103	0.9792238897483376
660	103	0.856574284881951
670	103	0.7270858098238376
680	103	0.6012449341116336
690	103	0.48770600002100417
700	103	0.3913767631838178
710	103	0.3133438834279034
720	103	0.25204928898648726
730	103	0.20470865028745908
740	103	0.16834815890149035
750	103	0.14034169074866487
760	103	0.11858595352535853
770	103	0.10148491292747024
780	103	0.0878618055863863
790	103	0.07686008634420204
800	103	0.06785779028346597
810	103	0.060401273171226594
820	103	0.054156651006398125
830	103	0.04887530962492588
840	103	0.044369666123022546
850	103	0.040496213798278814
860	103	0.037143653721387934
870	103	0.034224503430349634
0	104	3.508173699862887
10	104	1.0062548298454297
20	104	1.0063376084566886
30	104	1.0064744168943018
40	104	1.006677618329001
50	104	1.0069368557660834
60	104	1.0072635775233871
70	104	1.0076521857354084
80	104	1.0081109755433333
90	104	1.0086438896938668
100	104	1.009251351133371
110	104	1.0099423515860058
120	104	1.0107200616216971
130	104	1.011592166004592
140	104	1.0125641260320795
150	104	1.0136450845298683
160	104	1.0148428836356078
170	104	1.016166910991142
180	104	1.0176268964899247
190	104	1.0192337104853726
200	104	1.0209988093278084
210	104	1.0229346179629997
220	104	1.0250546879659972
230	104	1.027373051176455
240	104	1.0299048853902284
250	104	1.0326658402400009
260	104	1.0356726555150237
270	104	1.0389424334097273
280	104	1.042493410196908
290	104	1.0463442777104486
300	104	1.050513548723938
310	104	1.0550211381383312
320	104	1.059886101230608
330	104	1.0651280052277867
340	104	1.0707661349658812
350	104	1.0768192007972006
360	104	1.0833053537404997
370	104	1.0902415904136753
380	104	1.0976439037334627
390	104	1.105526656404113
400	104	1.113902299776519
410	104	1.1227961804022233
420	104	1.1321712160536914
430	104	1.1420767816384407
440	104	1.152498671511896
450	104	1.1634329255696478
460	104	1.1748692179776308
470	104	1.1867888386861036
480	104	1.1991614054515611
490	104	1.2119395023808963
500	104	1.2250509736873325
510	104	1.2383866020936733
520	104	1.251781675028504
530	104	1.2649879007700882
540	104	1.2776318648786975
550	104	1.2891545543329905
560	104	1.298726363436764
570	104	1.305133870592907
580	104	1.3066423987337135
590	104	1.3008573756912698
600	104	1.2846455614313732
610	104	1.254235773964244
620	104	1.2056777033151707
630	104	1.135823695941268
640	104	1.0437854984786603
650	104	0.9323494945495335
660	104	0.8083910378224919
670	104	0.6815453166001734
680	104	0.5615030841728994
690	104	0.45539340676900486
700	104	0.36660070855561744
710	104	0.2951966061486152
720	104	0.23920501697599966
730	104	0.19584647533687072
740	104	0.16235583573583912
750	104	0.13636606782478963
760	104	0.11600752297191702
770	104	0.0998678906945326
780	104	0.08690480969707268
790	104	0.07635619231910233
800	104	0.06766505202171587
810	104	0.06042199269058142
820	104	0.05432322135876916
830	104	0.049140602306401035
840	104	0.04470059887269957
850	104	0.04086939364451474
860	104	0.037542431128472116
870	104	0.03463697855115212
0	105	2.0091993060164492
10	105	1.006839826976015
20	105	1.0069202985314083
30	105	1.0070747329093497
40	105	1.0072868347872588
50	105	1.007567067455884
60	105	1.007914966406122
70	105	1.0083311957333232
80	105	1.0088225343445083
90	105	1.0093886505953475
100	105	1.0100376027409201
110	105	1.0107727773354442
120	105	1.0116019280582051
130	105	1.0125293415952163
140	105	1.0135630143789864
150	105	1.0147114737475877
160	105	1.0159817388679275
170	105	1.0173847141994161
180	105	1.0189292339601932
190	105	1.0206275707055228
200	105	1.0224905086990541
210	105	1.024531249912843
220	105	1.0267625819051927
230	105	1.0291991169264767
240	105	1.0318556149166525
250	105	1.034747942467033
260	105	1.0378923647422789
270	105	1.0413062244157487
280	105	1.0450066498183193
290	105	1.049012081668323
300	105	1.0533407769649352
310	105	1.0580111987176886
320	105	1.0630418866612223
330	105	1.0684512007432425
340	105	1.0742571271122952
350	105	1.0804768864472678
360	105	1.0871269372288204
370	105	1.0942228221276433
380	105	1.1017783318246108
390	105	1.1098058113318545
400	105	1.118315552475178
410	105	1.1273155315359846
420	105	1.1368108844064724
430	105	1.1468033316351467
440	105	1.1572905322916893
450	105	1.1682647121463894
460	105	1.1797110875575596
470	105	1.1916051688986613
480	105	1.203908811520113
490	105	1.2165639268785589
500	105	1.22948307869063
510	105	1.2425349943738877
520	105	1.2555227563972287
530	105	1.268151275145952
540	105	1.2799796401887766
550	105	1.2903531719521264
560	105	1.2983105261858494
570	105	1.3024650318703215
580	105	1.3008709135743202
590	105	1.2909097420493774
600	105	1.2692764703439914
610	105	1.2322022578837186
620	105	1.1760865745076245
630	105	1.09863344613018
640	105	1.0002875663480477
650	105	0.8852949468283807
660	105	0.7614850205622797
670	105	0.6384213188369081
680	105	0.5247189614863386
690	105	0.42598686641566663
700	105	0.3442955285012909
710	105	0.2789458246283967
720	105	0.2277125698697143
730	105	0.18789671579200307
740	105	0.15695381420358434
750	105	0.13275854079177313
760	105	0.11364990283273696
770	105	0.09837668768893983
780	105	0.08601360557287219
790	105	0.07588082897850451
800	105	0.06747816181541387
810	105	0.06043512135768458
820	105	0.05447454280645721
830	105	0.04938660643136131
840	105	0.04501042083699819
850	105	0.0412209797217508
860	105	0.0379199271584866
870	105	0.03502891800807726
0	106	2.7491861953733028
10	106	1.0074550935691633
20	106	1.0075497603641024
30	106	1.0077130121400422
40	106	1.007942173233795
50	106	1.0082415406710505
60	106	1.0086104185431528
70	106	1.0090548993860637
80	106	1.009578713333713
90	106	1.0101826124837467
100	106	1.0108735890853675
110	106	1.0116562000692604
120	106	1.0125368395392775
130	106	1.0135215561153879
140	106	1.0146194034144298
150	106	1.0158356233322252
160	106	1.0171818172459446
170	106	1.0186653199335507
180	106	1.0202973784878921
190	106	1.0220891380299582
200	106	1.024052105846407
210	106	1.026199243404747
220	106	1.0285437131680983
230	106	1.0310999610103198
240	106	1.033882399379782
250	106	1.0369069693826285
260	106	1.0401896138986617
270	106	1.0437470925227046
280	106	1.0475965247959116
290	106	1.051755576220802
300	106	1.0562413509942086
310	106	1.0610718777724037
320	106	1.0662646059807936
330	106	1.071836653928753
340	106	1.077804571651929
350	106	1.0841841665410517
360	106	1.090945319211428
370	106	1.098236772964963
380	106	1.1059353037212738
390	106	1.1140963064212095
400	106	1.1227277250389138
410	106	1.1318352596737278
420	106	1.1414214779532137
430	106	1.1514852278553087
440	106	1.1620208659577953
450	106	1.173016752379296
460	106	1.1844532039271616
470	106	1.19629931422542
480	106	1.2085081978704266
490	106	1.2210094031735188
500	106	1.2336977804961453
510	106	1.2464163515337172
520	106	1.258930836399681
530	106	1.2708921542075153
540	106	1.281782338125396
550	106	1.2908391982947163
560	106	1.2969566563620536
570	106	1.2985641050473455
580	106	1.293503671252772
590	106	1.278955024631535
600	106	1.2515048132402735
610	106	1.2075079408670204
620	106	1.1438864507083772
630	106	1.0593618713272228
640	106	0.9557553043689261
650	106	0.8385892976289024
660	106	0.7162667754219021
670	106	0.5978973763451554
680	106	0.49084949596488536
690	106	0.399299267524887
700	106	0.324227667563794
710	106	0.2643780355563015
720	106	0.21740619792125032
730	106	0.18074323776193194
740	106	0.15206623488209636
750	106	0.1294720640003845
760	106	0.11148515259784113
770	106	0.09699540833679729
780	106	0.08517961581388105
790	106	0.07542972777367775
800	106	0.06729530684595611
810	106	0.060440177359409056
820	106	0.05461083756502815
830	106	0.04961385431499854
840	106	0.04529976531914508
850	106	0.04155159880667583
860	106	0.038276692283684445
870	106	0.03540077712049033
0	107	2.562914687697576
10	107	1.0081219861269914
20	107	1.0082246450780599
30	107	1.0083953784744215
40	107	1.0086391825864458
50	107	1.008958498182893
60	107	1.009352981108898
70	107	1.0098259786431578
80	107	1.0103827317265346
90	107	1.0110253534079832
100	107	1.0117605947282533
110	107	1.0125911359254314
120	107	1.0135264840300207
130	107	1.0145714217254327
140	107	1.0157330942053762
150	107	1.017021195347987
160	107	1.0184434041536317
170	107	1.020010231859091
180	107	1.0217318820643244
190	107	1.0236191120456144
200	107	1.025683856446796
210	107	1.027939157395176
220	107	1.0303981384022427
230	107	1.0330751354269239
240	107	1.0359845749117438
250	107	1.0391418890102588
260	107	1.0425627936413888
270	107	1.0462637360869456
280	107	1.0502610439464213
290	107	1.054571510364005
300	107	1.0592121506525443
310	107	1.0641993913815186
320	107	1.0695497613308942
330	107	1.075351609859776
340	107	1.081402877370389
350	107	1.0879351296450395
360	107	1.0948890604018453
370	107	1.1022765547803863
380	107	1.1101076500536349
390	107	1.1183905413063366
400	107	1.1271311418011565
410	107	1.1363327186088108
420	107	1.145995194044029
430	107	1.1561146095690442
440	107	1.1666818530321947
450	107	1.177681116417691
460	107	1.1890873547650578
470	107	1.2008624689910357
480	107	1.2129494662388074
490	107	1.2252636523989844
500	107	1.2376792377666213
510	107	1.250009362705814
520	107	1.2619764956504376
530	107	1.2731695657829876
540	107	1.2829832744158214
550	107	1.2905358707210488
560	107	1.29456459599555
570	107	1.293307756441125
580	107	1.284402462893714
590	107	1.2648626569369827
600	107	1.231249838284078
610	107	1.1801816889558017
620	107	1.109274149298133
630	107	1.0183909550068388
640	107	0.9106927942063843
650	107	0.7927204441445821
660	107	0.6730632815631098
670	107	0.560071708219669
680	107	0.4597975047764327
690	107	0.3751275740358858
700	107	0.3061735939828202
710	107	0.2512999367822079
720	107	0.20814015452508117
730	107	0.17428548029583732
740	107	0.1476278803553651
750	107	0.12646628307644128
760	107	0.10948929034933266
770	107	0.09571037964511085
780	107	0.08439544540231099
790	107	0.0749992081543471
800	107	0.06711494025339755
810	107	0.06043678764327114
820	107	0.0547323298253128
830	107	0.04982284856152874
840	107	0.04556922156603951
850	107	0.04186182639213352
860	107	0.03861324295848219
870	107	0.03575299130010228
0	108	4.318008266001834
10	108	1.0088345880678762
20	108	1.008939801276714
30	108	1.0091230330294143
40	108	1.0093846179162538
50	108	1.009724185839921
60	108	1.0101431038045428
70	108	1.0106458869664607
80	108	1.0112373745795358
90	108	1.011920037423589
100	108	1.0126996900421628
110	108	1.0135817783434309
120	108	1.0145717450140879
130	108	1.0156783391028799
140	108	1.0169075387578705
150	108	1.0182684841818412
160	108	1.0197697732448863
170	108	1.0214211294478353
180	108	1.0232335019606604
190	108	1.0252178341772797
200	108	1.0273861217416438
210	108	1.029751243548533
220	108	1.032325922326427
230	108	1.0351246217006642
240	108	1.038161459310053
250	108	1.0414516012042303
260	108	1.0450104445571708
270	108	1.0488537107303992
280	108	1.0529971737684767
290	108	1.0574719245997362
300	108	1.0622493430451103
310	108	1.0673893442219522
320	108	1.072892697869183
330	108	1.078773748378378
340	108	1.0850464527393289
350	108	1.0917235118103692
360	108	1.098816496909955
370	108	1.1063353110364866
380	108	1.1142882317318692
390	108	1.1226813159658668
400	108	1.1315184595436427
410	108	1.140800403503385
420	108	1.150524630984365
430	108	1.160684062858068
440	108	1.171266064867523
450	108	1.182250233202476
460	108	1.1936055361844473
470	108	1.2052856539148746
480	108	1.2172220219975254
490	108	1.2293133143438626
500	108	1.2414097760428733
510	108	1.253289818965888
520	108	1.264626048130064
530	108	1.2749366619408051
540	108	1.2835182914283267
550	108	1.2893577426698788
560	108	1.2910255116249791
570	108	1.2865668778693344
580	108	1.273431126373926
590	108	1.248518753810828
600	108	1.2084683741040096
610	108	1.1503110115344652
620	108	1.0725127759325768
630	108	0.9761485011994933
640	108	0.8656008010029252
650	108	0.7481184809946666
660	108	0.6321160861829829
670	108	0.5249684906360239
680	108	0.4314263558151818
690	108	0.35326290376891173
700	108	0.2899235883758091
710	108	0.23953808359260625
720	108	0.1997867501549795
730	108	0.16843643275133452
740	108	0.14358263223356188
750	108	0.12370651650114986
760	108	0.10764167897172913
770	108	0.09450980765704753
780	108	0.08365470174431969
790	108	0.07458608713922633
800	108	0.06693572760987487
810	108	0.06042464988803964
820	108	0.05483925002540096
830	108	0.05001405755848849
840	108	0.04581934905270375
850	108	0.04215220732468776
860	108	0.03893006582452633
870	108	0.03608596271714505
0	109	4.529700589917021
10	109	1.009589083555497
20	109	1.0097024693086787
30	109	1.00989908421025
40	109	1.01017542776939
50	109	1.0105365284765038
60	109	1.0109827070881445
70	109	1.0115164315361667
80	109	1.0121434435777106
90	109	1.0128678967283589
100	109	1.0136937668875454
110	109	1.0146278619128497
120	109	1.015675502063314
130	109	1.0168450531890765
140	109	1.0181425643370647
150	109	1.019578296445176
160	109	1.021159650714425
170	109	1.0228982160484357
180	109	1.0248031135042588
190	109	1.0268863201565515
200	109	1.0291593373844183
210	109	1.031635232796414
220	109	1.0343265809235644
230	109	1.0372474516693309
240	109	1.040411846867815
250	109	1.043834662224121
260	109	1.0475305436951847
270	109	1.0515148315011258
280	109	1.0558025287434123
290	109	1.06035775341269
300	109	1.0653491398359831
310	109	1.0706375632601661
320	109	1.0762884359915341
330	109	1.082334161324077
340	109	1.0887306252428621
350	109	1.0955596253080941
360	109	1.10276617478649
370	109	1.1104063084948774
380	109	1.1184700395007197
390	109	1.1269615886829307
400	109	1.1358824720171004
410	109	1.1452312785859073
420	109	1.155002681756909
430	109	1.165186580956212
440	109	1.1757663874742093
450	109	1.1867167144300097
460	109	1.197999726141235
470	109	1.2095596590685014
480	109	1.221314494624429
490	109	1.2331436442326336
500	109	1.2448693736962473
510	109	1.256229986123086
520	109	1.2668408522708934
530	109	1.2761400957455937
540	109	1.283315199276165
550	109	1.287210513274718
560	109	1.2862228258315205
570	109	1.278209221519061
580	109	1.2604606032838868
590	109	1.2298334886674285
600	109	1.183162646648769
610	109	1.118045659042172
620	109	1.0339256313762328
630	109	0.9330911426243081
640	109	0.8209564471967737
650	109	0.7051442608586092
660	109	0.5935846318676856
670	109	0.492550794641081
680	109	0.4055729985780112
690	109	0.3334981335683049
700	109	0.275283893477477
710	109	0.22893793562568393
720	109	0.19223442219960643
730	109	0.1631208239534029
740	109	0.13988213988909043
750	109	0.12116289510810291
760	109	0.10592451511929929
770	109	0.09338349194471163
780	109	0.08295184274815373
790	109	0.07418760487746875
800	109	0.06675652467485647
810	109	0.06040351520610174
820	109	0.05493182056394207
830	109	0.05018792801355537
840	109	0.04605064908406718
850	109	0.042423242518392246
860	109	0.039227607200402886
870	109	0.03640008047604703
0	110	3.6565634148347583
10	110	1.0103945407694146
20	110	1.0105163030184874
30	110	1.0107241500145765
40	110	1.0110189653630113
50	110	1.0114005805971584
60	110	1.0118726046710216
70	110	1.0124402681519031
80	110	1.0131040363174593
90	110	1.0138704877911306
100	110	1.0147446828094817
110	110	1.0157317892226125
120	110	1.0168385015422166
130	110	1.018072388029443
140	110	1.019440416226813
150	110	1.020952082222987
160	110	1.0226159798093875
170	110	1.024442188467312
180	110	1.0264411849370558
190	110	1.0286244263535476
200	110	1.031003548468468
210	110	1.033590939249226
220	110	1.0363995881038903
230	110	1.0394429125260025
240	110	1.0427347497060262
250	110	1.0462893546872682
260	110	1.050121106878446
270	110	1.054279440781874
280	110	1.0586737179003696
290	110	1.0634234493467003
300	110	1.0685075768202699
310	110	1.07393957555889
320	110	1.0797321833822986
330	110	1.0858974829047379
340	110	1.0924548441825663
350	110	1.0993882965802055
360	110	1.106731669564352
370	110	1.1144828976164451
380	110	1.122646397918012
390	110	1.1312244800527471
400	110	1.1402164665699306
410	110	1.1496185513247417
420	110	1.1594227499642962
430	110	1.169615473396022
440	110	1.1801760082975832
450	110	1.1910732806238749
460	110	1.2022617241629336
470	110	1.2136746589133105
480	110	1.2252144492996453
490	110	1.2367379701832795
500	110	1.2480351549328514
510	110	1.2587980079318757
520	110	1.2685766753458894
530	110	1.2767192812751393
540	110	1.2822933519269093
550	110	1.2839913707680088
560	110	1.2800337557461368
570	110	1.268102988565689
580	110	1.2453749450093583
590	110	1.2087488426215534
600	110	1.1553868505291593
610	110	1.0835979621589482
620	110	0.9938859925314926
630	110	0.8896855282185527
640	110	0.7771955889906903
650	110	0.6640834061502492
660	110	0.5575535477768963
670	110	0.4627338330645188
680	110	0.38205897028168573
690	110	0.31563335907952356
700	110	0.26207764283463597
710	110	0.21936254423387
720	110	0.1853858727714545
730	110	0.1582735238305736
740	110	0.13648468267286587
750	110	0.11880963730031754
760	110	0.1043223991856845
770	110	0.09232258414796232
780	110	0.08228205035751969
790	110	0.07380136216187858
800	110	0.06657634346679549
810	110	0.06037319027412001
820	110	0.05501026787319363
830	110	0.05034487130111797
840	110	0.04626361123335282
850	110	0.04267540472848005
860	110	0.03950630170392963
870	110	0.036695702752453464
0	111	2.6470144050916695
10	111	1.0112519506631998
20	111	1.011379073436355
30	111	1.0116000212109486
40	111	1.0119137676525736
50	111	1.0123170295341508
60	111	1.0128176468983343
70	111	1.0134169049261559
80	111	1.014119808954965
90	111	1.0149300851123446
100	111	1.0158525349327934
110	111	1.016894680182088
120	111	1.018061802429659
130	111	1.0193613592098676
140	111	1.020801479887533
150	111	1.022390844613861
160	111	1.0241384885927274
170	111	1.0260540045401507
180	111	1.0281485067986156
190	111	1.0304327383734668
200	111	1.032918586361716
210	111	1.0356180328043185
220	111	1.0385441774818658
230	111	1.0417097942949551
240	111	1.0451284416372362
250	111	1.0488178773652481
260	111	1.0527794555772827
270	111	1.0570396104712967
280	111	1.0616076306433528
290	111	1.0664969417092647
300	111	1.0717204340887876
310	111	1.0772905096120984
320	111	1.0832187824189337
330	111	1.0895157244434945
340	111	1.0961909100650065
350	111	1.1032524297865194
360	111	1.1107067945707865
370	111	1.1185586564096333
380	111	1.1268108493585558
390	111	1.1354635296596474
400	111	1.144513967019547
410	111	1.1539559252952585
420	111	1.163778418563481
430	111	1.173964381931026
440	111	1.1844882419427878
450	111	1.1953126357925037
460	111	1.2063830315817194
470	111	1.2176200955360534
480	111	1.2289079797913025
490	111	1.2400774050034902
500	111	1.2508808549887869
510	111	1.2609572747541755
520	111	1.2697829593771326
530	111	1.2766059489080284
540	111	1.2803635964500928
550	111	1.279589720056235
560	111	1.2723316081299803
570	111	1.256121259191056
580	111	1.2280780128829287
590	111	1.1852461441520536
600	111	1.1252517406935472
610	111	1.0472394131953582
620	111	0.9528034272369438
630	111	0.8463893312542836
640	111	0.7346991641356082
650	111	0.625145450224698
660	111	0.5240425492459378
670	111	0.43539753721451857
680	111	0.3606992498159021
690	111	0.2994795478301145
700	111	0.2501449065915247
710	111	0.21069105256851867
720	111	0.1791563478248926
730	111	0.15383814188673803
740	111	0.1333542018908806
750	111	0.11662443981579679
760	111	0.1028219783486614
770	111	0.0913193910550695
780	111	0.08164112613304135
790	111	0.07342526984217525
800	111	0.06639433156085886
810	111	0.06033352084230472
820	111	0.05507480657153524
830	111	0.0504852831578373
840	111	0.04645868576613766
850	111	0.042909141864329516
860	111	0.03976654978624718
870	111	0.03697317712966563
0	112	4.263420463726124
10	112	1.0121586787587564
20	112	1.012297533163847
30	112	1.012530751371857
40	112	1.0128604315237668
50	112	1.0132877247555103
60	112	1.0138175631726112
70	112	1.0144497242605024
80	112	1.0151926873959012
90	112	1.016047263983511
100	112	1.0170206521995888
110	112	1.0181186499875339
120	112	1.0193470811032184
130	112	1.020713966677623
140	112	1.022227515408912
150	112	1.0238957111496758
160	112	1.0257278370393323
170	112	1.027734147540915
180	112	1.0299249859304145
190	112	1.0323107910400038
200	112	1.0349039334463626
210	112	1.0377158652751746
220	112	1.040759206972011
230	112	1.0440465926740532
240	112	1.0475714191844956
250	112	1.051404522261725
260	112	1.0554874871702493
270	112	1.0598974898101672
280	112	1.0646006189219894
290	112	1.0696252462949012
300	112	1.0750032244006027
310	112	1.0806857409086346
320	112	1.086743020320972
330	112	1.0931643588154405
340	112	1.0999577317565927
350	112	1.1071297137648204
360	112	1.1146852913422292
370	112	1.1226274674295469
380	112	1.1309571571772525
390	112	1.1396726315860202
400	112	1.14876897587129
410	112	1.15823737661346
420	112	1.1680637546004586
430	112	1.178227103638678
440	112	1.188696516741399
450	112	1.1994272760702602
460	112	1.210354591718152
470	112	1.2213842821011058
480	112	1.2323793767179976
490	112	1.243140238673581
500	112	1.25337620094873
510	112	1.2626657520559503
520	112	1.2704022582863184
530	112	1.2757236772491491
540	112	1.2774283744379322
550	112	1.2738884574931992
560	112	1.2629888449572162
570	112	1.2421473254190076
580	112	1.2085006350135559
590	112	1.1593527296775932
600	112	1.0929264999551258
610	112	1.0092934080308003
620	112	0.9111076713189535
630	112	0.803633673821064
640	112	0.6937841510340438
650	112	0.5884673056641339
660	112	0.4930176590216932
670	112	0.4103978032960441
680	112	0.34130907084143386
690	112	0.2848607513188825
700	112	0.23934214324417077
710	112	0.20281713200078483
720	112	0.17347206150030617
730	112	0.14976581055417246
740	112	0.13045947535026958
750	112	0.11458796427210367
760	112	0.10141164374537498
770	112	0.09036720422145723
780	112	0.08102540146838964
790	112	0.07305750448999192
800	112	0.06620975695049543
810	112	0.060284394452600094
820	112	0.05512565444655256
830	112	0.050609541607143906
840	112	0.04663630436813465
850	112	0.0431248745801791
860	112	0.040008739317672654
870	112	0.03723284184492654
0	113	3.7404865470160678
10	113	1.0131274809742312
20	113	1.0132688849058245
30	113	1.013514345206177
40	113	1.0138627166405625
50	113	1.0143150589532737
60	113	1.0148730025324542
70	113	1.0155412132639952
80	113	1.0163238830288912
90	113	1.0172239268324583
100	113	1.0182489462139908
110	113	1.0194034493247959
120	113	1.0206950758915798
130	113	1.022130858505639
140	113	1.0237185081066733
150	113	1.0254668380195737
160	113	1.0273851064619033
170	113	1.0294826858056378
180	113	1.0317704826647087
190	113	1.0342587956217766
200	113	1.0369593543445956
210	113	1.0398836965572023
220	113	1.0430437804659516
230	113	1.0464519404921502
240	113	1.0501207943665156
250	113	1.0540626008218543
260	113	1.0583153776335543
270	113	1.062814710333857
280	113	1.067649205198517
290	113	1.0728045024108817
300	113	1.0782885050110216
310	113	1.084120357792565
320	113	1.090299756196004
330	113	1.096837799767142
340	113	1.1037409599557064
350	113	1.1110143526596643
360	113	1.1186613808010983
370	113	1.1266833740183377
380	113	1.1350794408054115
390	113	1.1438459279313746
400	113	1.1529757170791783
410	113	1.162457219079648
420	113	1.1722730131317018
430	113	1.182397614191938
440	113	1.1927941292561353
450	113	1.203409360089403
460	113	1.2141664468629874
470	113	1.2249541036041225
480	113	1.2356106645336045
490	113	1.245901428373819
500	113	1.2554863020321032
510	113	1.2638753479373133
520	113	1.2703696859504905
530	113	1.2739877459232494
540	113	1.2733823746190946
550	113	1.2667659826312914
560	113	1.2518810586134488
570	113	1.2260807976443464
580	113	1.186607772546903
590	113	1.1311471429063502
600	113	1.0586374037250605
610	113	0.970124510516658
620	113	0.8692314127067199
630	113	0.7618083126640842
640	113	0.6546992662557454
650	113	0.5541199803521651
660	113	0.46440266033880473
670	113	0.3875760637493555
680	113	0.3237088978636514
690	113	0.2716152217518711
700	113	0.2295412689525356
710	113	0.19564745067270697
720	113	0.16826878454757568
730	113	0.1460141315845937
740	113	0.12777341813448448
750	113	0.11268340179140576
760	113	0.10008127769582938
770	113	0.08946016002449192
780	113	0.08043166409533645
790	113	0.07269647100020267
800	113	0.06602198849370704
810	113	0.060225734650692184
820	113	0.055163029766796934
830	113	0.05071799831598797
840	113	0.04679686499895266
850	113	0.04332300363552908
860	113	0.04023323422064486
870	113	0.03747501166960144
0	114	4.592768163749038
10	114	1.0141410097141184
20	114	1.0142949537003676
30	114	1.0145551252673728
40	114	1.0149221730628515
50	114	1.015397916531611
60	114	1.0159874615874336
70	114	1.016691190838961
80	114	1.0175142176941563
90	114	1.0184619100613037
100	114	1.0195393082932274
110	114	1.0207520862243027
120	114	1.022107359503455
130	114	1.0236129776398322
140	114	1.0252759443775759
150	114	1.027105357168168
160	114	1.0291102268987813
170	114	1.0312998484720928
180	114	1.0336851352243441
190	114	1.036276096642954
200	114	1.0390839629094462
210	114	1.042120154136372
220	114	1.0453962930933196
230	114	1.0489239686180747
240	114	1.0527153332404993
250	114	1.0567820035566153
260	114	1.061135812887235
270	114	1.0657940263232386
280	114	1.0707496367497689
290	114	1.076035608364844
300	114	1.0816409488266685
310	114	1.087589460244784
320	114	1.093883922121141
330	114	1.1005306796997014
340	114	1.1075350751459139
350	114	1.1149006679441065
360	114	1.1226292650224505
370	114	1.130720679637807
380	114	1.1391721260967083
390	114	1.1479780219503335
400	114	1.1571287983835399
410	114	1.1666100582197907
420	114	1.1764006039944903
430	114	1.1864699225828874
440	114	1.1967742201885379
450	114	1.2072504079686537
460	114	1.2178076584939057
470	114	1.2283146366030886
480	114	1.2385811394677988
490	114	1.2483320786285745
500	114	1.2571710429511145
510	114	1.2645312921108818
520	114	1.26961246489239
530	114	1.2713052275959797
540	114	1.268113600233425
550	114	1.2580988701630198
560	114	1.2388916963107126
570	114	1.2078441784403884
580	114	1.1624051527451387
590	114	1.1007621102446188
600	114	1.0226629896966937
610	114	0.9301249162832924
620	114	0.8275934464699217
630	114	0.7212505198520855
640	114	0.6176250070300416
650	114	0.5221174059035041
660	114	0.4380899800917411
670	114	0.36676706013789334
680	114	0.3077278653159496
690	114	0.25959571569952666
700	114	0.2206285077342809
710	114	0.1891002046377701
720	114	0.16349059147893266
730	114	0.1425462698982637
740	114	0.1252724842947585
750	114	0.11089611072732365
760	114	0.09882203978173884
770	114	0.08859312105038586
780	114	0.0798570949282307
790	114	0.07234077373679139
800	114	0.06583048317913583
810	114	0.06015747874225566
820	114	0.055187141758447425
830	114	0.05081099575166718
840	114	0.04694075725658893
850	114	0.04350391629473473
860	114	0.04044039338752124
870	114	0.03770000055365917
0	115	3.487782143527972
10	115	1.015215993800416
20	115	1.01537945481393
30	115	1.0156533289710046
40	115	1.0160414174435135
50	115	1.0165424903811515
60	115	1.017161283827532
70	115	1.0179013598828206
80	115	1.0187666209165214
90	115	1.0197619214388038
100	115	1.0208925344582724
110	115	1.0221643951199855
120	115	1.0235851551296733
130	115	1.0251608832500512
140	115	1.0269001154111344
150	115	1.0288113523915021
160	115	1.0309032824642308
170	115	1.0331857445669974
180	115	1.0356684197376915
190	115	1.0383618519896853
200	115	1.041276778002568
210	115	1.0444297420831457
220	115	1.0478149180149539
230	115	1.0514606643660496
240	115	1.0553723487474973
250	115	1.0595612016442584
260	115	1.064038011403688
270	115	1.068813367526289
280	115	1.073898591619882
290	115	1.0792986851731388
300	115	1.0850265150981493
310	115	1.0910881476009096
320	115	1.0974902227449472
330	115	1.1042377937704995
340	115	1.1113347687870962
350	115	1.118783261680516
360	115	1.1265836497177257
370	115	1.1347340577361094
380	115	1.143230013792555
390	115	1.1520636866145317
400	115	1.1612231349846036
410	115	1.170690725695606
420	115	1.1804410799464444
430	115	1.1904379716099898
440	115	1.2006294517771483
450	115	1.2109411023453827
460	115	1.221265722388836
470	115	1.231448701146913
480	115	1.2412668430371714
490	115	1.2503987637914682
500	115	1.2583844154269082
510	115	1.2645716108228175
520	115	1.2680497522863248
530	115	1.2675754721709012
540	115	1.261505086038119
550	115	1.2477653802978652
560	115	1.2239176256549515
570	115	1.1873896557955148
580	115	1.1359447825312674
590	115	1.068384771294497
600	115	0.9853258513139654
610	115	0.8896992262229196
620	115	0.7865835276184255
630	115	0.6822381123241887
640	115	0.5826772907201889
650	115	0.49242630480887667
660	115	0.4139504415675369
670	115	0.3478049114837175
680	115	0.2932059436433446
690	115	0.2486692308521942
700	115	0.21250314042754487
710	115	0.18310376302996287
720	115	0.1590887572943237
730	115	0.1393301731380008
740	115	0.12293616529465447
750	115	0.10921330474638553
760	115	0.09762618845496883
770	115	0.08776157585530037
780	115	0.07929921521285481
790	115	0.07198918854741278
800	115	0.06563476532088228
810	115	0.0600796041240814
820	115	0.055198208086778854
830	115	0.05088886317694822
840	115	0.047068353542533845
850	115	0.04366798042293738
860	115	0.04063055998314047
870	115	0.03790811429616403
0	116	3.9153765569258776
10	116	1.0163549758055783
20	116	1.0165239258124672
30	116	1.016813531356011
40	116	1.017219457935938
50	116	1.0177463937369382
60	116	1.018396954341471
70	116	1.0191740359471133
80	116	1.0200818409131673
90	116	1.02112540534864
100	116	1.0223102323242745
110	116	1.0236424092062018
120	116	1.0251281285494178
130	116	1.026775396461718
140	116	1.0285916174836094
150	116	1.0305850354153006
160	116	1.032764547734022
170	116	1.0351397419243362
180	116	1.0377200822244446
190	116	1.0405160524972608
200	116	1.0435366724981565
210	116	1.0467940107667406
220	116	1.050298158766797
230	116	1.0540596729218432
240	116	1.0580892894672598
250	116	1.0623970098020297
260	116	1.0669937567030585
270	116	1.0718874731603047
280	116	1.0770886246377738
290	116	1.0826049146014942
300	116	1.0884438126909484
310	116	1.094611586180197
320	116	1.101113686016468
330	116	1.1079538895051295
340	116	1.1151347347669607
350	116	1.1226569358203984
360	116	1.1305193609510744
370	116	1.1387185486897407
380	116	1.1472481497875335
390	116	1.1560981085151245
400	116	1.1652538736696696
410	116	1.1746942086130918
420	116	1.1843889934134473
430	116	1.1942953310878248
440	116	1.2043519120453965
450	116	1.2144709918311012
460	116	1.224526384165312
470	116	1.2343364220015405
480	116	1.243639971211145
490	116	1.2520629827089118
500	116	1.2590739573481242
510	116	1.2639267006753192
520	116	1.265592677473081
530	116	1.2626910321450349
540	116	1.253437282828835
550	116	1.2356497503042458
560	116	1.2068752172880122
570	116	1.164705586655761
580	116	1.1073286954595083
590	116	1.0342538102497394
600	116	0.946981511471511
610	116	0.849248747913222
620	116	0.7465499905254487
630	116	0.6449865910749984
640	116	0.5499137617735507
650	116	0.4649762032636429
660	116	0.3918416113863651
670	116	0.3305276036995565
680	116	0.2799951409381941
690	116	0.23871636068669858
700	116	0.20507623566559738
710	116	0.17759542821696062
720	116	0.15502079248209222
730	116	0.13633790604561688
740	116	0.12074655789371194
750	116	0.10762379428706297
760	116	0.09648692660345962
770	116	0.08696155318965536
780	116	0.07875584116632414
790	116	0.07164064184433615
800	116	0.06543444307228602
810	116	0.05999209969299929
820	116	0.05519642840072074
830	116	0.0509519143144208
840	116	0.04718000707531648
850	116	0.043815548818479155
860	116	0.040804061024762264
870	116	0.038099646665167804
0	117	4.333112991456308
10	117	1.017550608800309
20	117	1.0177289385389454
30	117	1.0180316678951358
40	117	1.0184593591943023
50	117	1.0190122904480012
60	117	1.0196946992761882
70	117	1.020509478195987
80	117	1.0214607131803246
90	117	1.0225534244223176
100	117	1.023793154507094
110	117	1.0251858150707838
120	117	1.026738286203024
130	117	1.0284570057311728
140	117	1.0303504790930293
150	117	1.032426439577308
160	117	1.0346938325419257
170	117	1.0371617451414679
180	117	1.0398389527841476
190	117	1.0427360345446115
200	117	1.0458623641164846
210	117	1.0492177032598804
220	117	1.0528437090847826
230	117	1.0567186724130242
240	117	1.0608630711605276
250	117	1.0652864564725566
260	117	1.069997991485578
270	117	1.0750064150040017
280	117	1.0803196116618115
290	117	1.0859447608042259
300	117	1.0918881417670057
310	117	1.0981550400877496
320	117	1.1047494310217285
330	117	1.1116740657457183
340	117	1.1189300145803223
350	117	1.1265167366037212
360	117	1.134431593701286
370	117	1.1426693710201041
380	117	1.151221878473011
390	117	1.160076764003695
400	117	1.1692163841738195
410	117	1.1786155870180859
420	117	1.188238720610693
430	117	1.1980351945562318
440	117	1.2079328030652836
450	117	1.2178281989466289
460	117	1.2275731303010797
470	117	1.2369547280351558
480	117	1.245668398771683
490	117	1.2532805557909499
500	117	1.2591802156853045
510	117	1.262519097904451
520	117	1.262144683572619
530	117	1.2565391612884549
540	117	1.2437911826328574
550	117	1.2216472246746761
560	117	1.1877067155634216
570	117	1.1398221577121588
580	117	1.076710376458139
590	117	0.9986533951241395
600	117	0.9080051906395447
610	117	0.8091566139106797
620	117	0.7077908461954675
630	117	0.6096499813108377
640	117	0.5193417806822562
650	117	0.4396689160066344
660	117	0.3716146336753393
670	117	0.3147801621144563
680	117	0.2679599610823503
690	117	0.22963042175597814
700	117	0.19826941151305882
710	117	0.1725203230972174
720	117	0.1512496044835956
730	117	0.13354507717957645
740	117	0.11868800150902055
750	117	0.10611776238086473
760	117	0.09539827451595419
770	117	0.08618955107451495
780	117	0.07822504670399233
790	117	0.07129419188862951
800	117	0.06522916824782468
810	117	0.05989498363254888
820	117	0.055182020144858394
830	117	0.05100046001366742
840	117	0.047276066815515196
850	117	0.04394697190006849
860	117	0.04096122433082364
870	117	0.03827489815590765
0	118	4.26661473039433
10	118	1.0188135261381286
20	118	1.0189985559017296
30	118	1.019314651583523
40	118	1.0197628065545903
50	118	1.0203418148500634
60	118	1.0210570126964507
70	118	1.0219090122312018
80	118	1.0229045123585023
90	118	1.0240470392665266
100	118	1.0253421815745791
110	118	1.0267958071099963
120	118	1.0284148776960602
130	118	1.0302059851311012
140	118	1.0321771087701512
150	118	1.0343357005060216
160	118	1.036690691958994
170	118	1.0392452329126773
180	118	1.042024448425274
190	118	1.045021993583055
200	118	1.0482521947264969
210	118	1.05174477918335
220	118	1.0554492905558914
230	118	1.0594350124387522
240	118	1.0636910155130026
250	118	1.0682261645459217
260	118	1.0730486718336338
270	118	1.0781662817136928
280	118	1.0835859753143369
290	118	1.0893137704128153
300	118	1.0953550331287976
310	118	1.1017136741057145
320	118	1.1083927274844425
330	118	1.1153935115585036
340	118	1.1227159387159393
350	118	1.1303580432427174
360	118	1.138315765235341
370	118	1.146582130732331
380	118	1.15514693153475
390	118	1.1639952879307234
400	118	1.1731061592912695
410	118	1.1824498366974567
420	118	1.1919843464510467
430	118	1.2016500912560735
440	118	1.2113621301914428
450	118	1.2209989862983586
460	118	1.230386775404265
470	118	1.2392768126005698
480	118	1.2473149803603147
490	118	1.2540009638028
500	118	1.2586363301237442
510	118	1.2602634502516417
520	118	1.2576023866659432
530	118	1.2490039160300868
540	118	1.2324522135104807
550	118	1.2056697144496058
560	118	1.1663865440162984
570	118	1.1128156431366358
580	118	1.0442934253257408
590	118	0.9619041957321222
600	118	0.8687775038402014
610	118	0.7697748065404293
620	118	0.6705485883327326
630	118	0.5763246593908834
640	118	0.49092721196768474
650	118	0.41638705446058927
660	118	0.3531195932474776
670	118	0.3004167126856356
680	118	0.25697733736349315
690	118	0.22131645016682394
700	118	0.19201366936101605
710	118	0.16783039998453506
720	118	0.1477427710740828
730	118	0.13093035054765864
740	118	0.11674676665883678
750	118	0.1046865782895226
760	118	0.09435495884793027
770	118	0.08544247488839501
780	118	0.07770513018334527
790	118	0.07094901218386922
800	118	0.06501865528305288
810	118	0.059788276141541905
820	118	0.05515518812659611
830	118	0.051034798726207135
840	118	0.04735686296849429
850	118	0.04406258029279288
860	118	0.04110237127021906
870	118	0.038434155158751294
0	119	4.146544619231641
10	119	1.0201323384895702
20	119	1.0203302405317114
30	119	1.0206622857467103
40	119	1.0211301165473579
50	119	1.021736559607289
60	119	1.022483126875339
70	119	1.0233738891714705
80	119	1.0244140116978269
90	119	1.025606761767677
100	119	1.0269576537380545
110	119	1.0284734043564072
120	119	1.0301593065248535
130	119	1.0320226149531153
140	119	1.0340713336868617
150	119	1.0363125470338708
160	119	1.0387313267673683
170	119	1.041405996490705
180	119	1.0442506869205057
190	119	1.0473720484468991
200	119	1.05070443906023
210	119	1.054281746766085
220	119	1.058112694595353
230	119	1.0622004187592269
240	119	1.0665701109599508
250	119	1.0712128104526548
260	119	1.076141596516678
270	119	1.0813631409951343
280	119	1.0868834935884826
290	119	1.0927077553658766
300	119	1.0988399558059774
310	119	1.1052831359392696
320	119	1.1120389132747999
330	119	1.1191076667748585
340	119	1.126487972306884
350	119	1.134176542767309
360	119	1.1421676750369354
370	119	1.1504527210790232
380	119	1.1590192012404392
390	119	1.1678494890404683
400	119	1.1769186766151036
410	119	1.186191795790247
420	119	1.1956194864949528
430	119	1.2051316451546492
440	119	1.2146284586315959
450	119	1.2239674254567625
460	119	1.2329450181858321
470	119	1.2412715628943973
480	119	1.248537053350851
490	119	1.2541669133260407
500	119	1.2573677504273637
510	119	1.2570668242314897
520	119	1.2518568308773304
530	119	1.239968997375278
540	119	1.2193148362465929
550	119	1.1876517726452278
560	119	1.1429269640717914
570	119	1.0838107045971268
580	119	1.010327297794247
590	119	0.9243520630880208
600	119	0.8296702217521216
610	119	0.7314139544128404
620	119	0.6350085856887258
630	119	0.5450553467178539
640	119	0.4646032505347033
650	119	0.3950013255680026
660	119	0.3362095484980888
670	119	0.2873016936167683
680	119	0.24693619499669148
690	119	0.21369015097966812
700	119	0.18624831275025402
710	119	0.16348356327986557
720	119	0.14447191219621885
730	119	0.128475026793593
740	119	0.11491079233650933
750	119	0.1033226377421703
760	119	0.09335232103050123
770	119	0.08471758592068566
780	119	0.07719458656756817
790	119	0.07060437845841974
800	119	0.06480266056766826
810	119	0.0596720391634323
820	119	0.055116146017185216
830	119	0.05105522459552135
840	119	0.04742272594352957
850	119	0.04416270714917191
860	119	0.041227814693649556
870	119	0.03857770564090918
0	120	4.180571672017827
10	120	1.0215224034933943
20	120	1.0217264585908503
30	120	1.0220737807536155
40	120	1.0225631346763202
50	120	1.023196100577114
60	120	1.02397592867728
70	120	1.024905832982551
80	120	1.025990625695322
90	120	1.0272335521486609
100	120	1.0286408867698051
110	120	1.0302180060253294
120	120	1.0319708870379345
130	120	1.0339066716417336
140	120	1.0360494075281075
150	120	1.0383561416170344
160	120	1.040884747445121
170	120	1.0436268896699556
180	120	1.0465907510738424
190	120	1.0498109244922202
200	120	1.0532172644993731
210	120	1.0569146659098787
220	120	1.0608312377432056
230	120	1.0650287596916612
240	120	1.0694969983896383
250	120	1.0742429039497312
260	120	1.079272979566215
270	120	1.0845931152741997
280	120	1.090208191834189
290	120	1.0961223167243095
300	120	1.102338578547897
310	120	1.1088588543325815
320	120	1.1156837258877805
330	120	1.122812313382063
340	120	1.1302419975056461
350	120	1.1379680783791621
360	120	1.1459833356154978
370	120	1.154277206023117
380	120	1.1628348378239797
390	120	1.1716352921527973
400	120	1.180649358768584
410	120	1.1898359352365933
420	120	1.1991370155384804
430	120	1.208470276059674
440	120	1.217718540261889
450	120	1.226714887462183
460	120	1.2352218367350807
470	120	1.2429030359717708
480	120	1.2492858045319377
490	120	1.2537139246682363
500	120	1.2552922043254973
510	120	1.2528294296351792
520	120	1.244795423936075
530	120	1.2293212709245658
540	120	1.2042877695350682
550	120	1.1675566425008959
560	120	1.1173826785003784
570	120	1.0529802831329542
580	120	0.9751001943332477
590	120	0.8863552036714185
600	120	0.7910332312877427
610	120	0.6943363562774042
620	120	0.6013006220229992
630	120	0.5158424389360611
640	120	0.44027874695301916
650	120	0.3753765282281446
660	120	0.3207434098753468
670	120	0.2753103912644636
680	120	0.2377367878793888
690	120	0.20667685760978777
700	120	0.18091996003649663
710	120	0.15944290168966224
720	120	0.14141214484227346
730	120	0.1261626860013383
740	120	0.11316945929074004
750	120	0.10201922665794881
760	120	0.09238623611549984
770	120	0.08401245564507523
780	120	0.07669208467604466
790	120	0.07025965730775587
800	120	0.06458098986310638
810	120	0.05954632382425576
820	120	0.05506510586175032
830	120	0.051062026943110295
840	120	0.047473973964434035
850	120	0.044247674500451445
860	120	0.041337863930074735
870	120	0.038705841166578825