0	1	Indeterminate
10	1	Indeterminate
20	1	Indeterminate
30	1	Indeterminate
40	1	0.18244631720229834
50	1	Indeterminate
60	1	Indeterminate
70	1	Indeterminate
80	1	-0.3054557138354101
90	1	Indeterminate
100	1	Indeterminate
110	1	Indeterminate
120	1	Indeterminate
130	1	Indeterminate
140	1	Indeterminate
150	1	Indeterminate
160	1	Indeterminate
170	1	Indeterminate
180	1	Indeterminate
190	1	Indeterminate
200	1	Indeterminate
210	1	Indeterminate
220	1	Indeterminate
230	1	Indeterminate
240	1	Indeterminate
250	1	Indeterminate
260	1	Indeterminate
270	1	Indeterminate
280	1	Indeterminate
290	1	Indeterminate
300	1	Indeterminate
310	1	Indeterminate
320	1	Indeterminate
330	1	Indeterminate
340	1	Indeterminate
350	1	Indeterminate
360	1	Indeterminate
370	1	Indeterminate
380	1	Indeterminate
390	1	Indeterminate
400	1	Indeterminate
410	1	Indeterminate
420	1	Indeterminate
430	1	Indeterminate
440	1	Indeterminate
450	1	Indeterminate
460	1	Indeterminate
470	1	Indeterminate
480	1	Indeterminate
490	1	Indeterminate
500	1	Indeterminate
510	1	Indeterminate
520	1	Indeterminate
530	1	Indeterminate
540	1	Indeterminate
550	1	Indeterminate
560	1	Indeterminate
570	1	Indeterminate
580	1	Indeterminate
590	1	Indeterminate
600	1	Indeterminate
610	1	Indeterminate
620	1	Indeterminate
630	1	Indeterminate
640	1	Indeterminate
650	1	Indeterminate
660	1	Indeterminate
670	1	Indeterminate
680	1	Indeterminate
690	1	Indeterminate
700	1	Indeterminate
710	1	Indeterminate
720	1	Indeterminate
730	1	Indeterminate
740	1	Indeterminate
750	1	Indeterminate
760	1	0.1442405108536541
770	1	0.12760400937136632
780	1	-0.7697794406215648
790	1	0.2850136386230899
800	1	0.09238114944780697
810	1	-0.38464136227641144
820	1	-0.4865235125394785
830	1	-0.3402773583236387
840	1	-0.3846413622764044
850	1	-2.0527451749906747
860	1	-0.15028967706343854
870	1	-0.7557386594228838
0	2	Indeterminate
10	2	Indeterminate
20	2	Indeterminate
30	2	Indeterminate
40	2	0.3648926344046046
50	2	Indeterminate
60	2	Indeterminate
70	2	Indeterminate
80	2	-0.6109114276708048
90	2	Indeterminate
100	2	Indeterminate
110	2	Indeterminate
120	2	Indeterminate
130	2	Indeterminate
140	2	Indeterminate
150	2	Indeterminate
160	2	Indeterminate
170	2	Indeterminate
180	2	Indeterminate
190	2	Indeterminate
200	2	Indeterminate
210	2	Indeterminate
220	2	Indeterminate
230	2	Indeterminate
240	2	Indeterminate
250	2	Indeterminate
260	2	Indeterminate
270	2	Indeterminate
280	2	Indeterminate
290	2	Indeterminate
300	2	Indeterminate
310	2	Indeterminate
320	2	Indeterminate
330	2	Indeterminate
340	2	Indeterminate
350	2	Indeterminate
360	2	Indeterminate
370	2	Indeterminate
380	2	Indeterminate
390	2	Indeterminate
400	2	Indeterminate
410	2	Indeterminate
420	2	Indeterminate
430	2	Indeterminate
440	2	Indeterminate
450	2	Indeterminate
460	2	Indeterminate
470	2	Indeterminate
480	2	Indeterminate
490	2	Indeterminate
500	2	Indeterminate
510	2	Indeterminate
520	2	Indeterminate
530	2	Indeterminate
540	2	Indeterminate
550	2	Indeterminate
560	2	Indeterminate
570	2	Indeterminate
580	2	Indeterminate
590	2	Indeterminate
600	2	Indeterminate
610	2	Indeterminate
620	2	Indeterminate
630	2	Indeterminate
640	2	Indeterminate
650	2	Indeterminate
660	2	Indeterminate
670	2	Indeterminate
680	2	Indeterminate
690	2	Indeterminate
700	2	Indeterminate
710	2	Indeterminate
720	2	Indeterminate
730	2	Indeterminate
740	2	Indeterminate
750	2	Indeterminate
760	2	0.28848102170730455
770	2	0.2552080187427381
780	2	-1.5395588812430443
790	2	0.5700272772461735
800	2	0.18476229889560872
810	2	-0.7692827245528088
820	2	1.5200727393231628
830	2	-0.6805547166473002
840	2	1.09241917604716
850	2	-1.5114773188457862
860	2	-2.216471695587442
870	2	-1.877209810030771
0	3	Indeterminate
10	3	Indeterminate
20	3	Indeterminate
30	3	Indeterminate
40	3	0.5473389516068757
50	3	Indeterminate
60	3	Indeterminate
70	3	Indeterminate
80	3	-0.9163671415062531
90	3	Indeterminate
100	3	Indeterminate
110	3	Indeterminate
120	3	Indeterminate
130	3	Indeterminate
140	3	Indeterminate
150	3	Indeterminate
160	3	Indeterminate
170	3	Indeterminate
180	3	Indeterminate
190	3	Indeterminate
200	3	Indeterminate
210	3	Indeterminate
220	3	Indeterminate
230	3	Indeterminate
240	3	Indeterminate
250	3	Indeterminate
260	3	Indeterminate
270	3	Indeterminate
280	3	Indeterminate
290	3	Indeterminate
300	3	Indeterminate
310	3	Indeterminate
320	3	Indeterminate
330	3	Indeterminate
340	3	Indeterminate
350	3	Indeterminate
360	3	Indeterminate
370	3	Indeterminate
380	3	Indeterminate
390	3	Indeterminate
400	3	Indeterminate
410	3	Indeterminate
420	3	Indeterminate
430	3	Indeterminate
440	3	Indeterminate
450	3	Indeterminate
460	3	Indeterminate
470	3	Indeterminate
480	3	Indeterminate
490	3	Indeterminate
500	3	Indeterminate
510	3	Indeterminate
520	3	Indeterminate
530	3	Indeterminate
540	3	Indeterminate
550	3	Indeterminate
560	3	Indeterminate
570	3	Indeterminate
580	3	Indeterminate
590	3	Indeterminate
600	3	Indeterminate
610	3	Indeterminate
620	3	Indeterminate
630	3	Indeterminate
640	3	Indeterminate
650	3	Indeterminate
660	3	Indeterminate
670	3	Indeterminate
680	3	Indeterminate
690	3	Indeterminate
700	3	Indeterminate
710	3	Indeterminate
720	3	Indeterminate
730	3	Indeterminate
740	3	Indeterminate
750	3	Indeterminate
760	3	0.43272153256095913
770	3	0.5473389516068757
780	3	-0.0407229819578261
790	3	0.855040915869265
800	3	-1.4595705376183996
810	3	-1.763415954293728
820	3	-2.267215978268607
830	3	-1.0208320749709316
840	3	-4.083619243842134
850	3	-5.529502158500441
860	3	-1.4728732973512495
870	3	0.9347031915811599
0	4	Indeterminate
10	4	Indeterminate
20	4	-0.7297852688092104
30	4	Indeterminate
40	4	0.7297852688092338
50	4	Indeterminate
60	4	Indeterminate
70	4	Indeterminate
80	4	-1.2218228553416544
90	4	Indeterminate
100	4	Indeterminate
110	4	Indeterminate
120	4	Indeterminate
130	4	Indeterminate
140	4	Indeterminate
150	4	Indeterminate
160	4	Indeterminate
170	4	Indeterminate
180	4	Indeterminate
190	4	Indeterminate
200	4	Indeterminate
210	4	Indeterminate
220	4	Indeterminate
230	4	Indeterminate
240	4	Indeterminate
250	4	Indeterminate
260	4	Indeterminate
270	4	Indeterminate
280	4	Indeterminate
290	4	Indeterminate
300	4	Indeterminate
310	4	Indeterminate
320	4	Indeterminate
330	4	Indeterminate
340	4	Indeterminate
350	4	Indeterminate
360	4	Indeterminate
370	4	Indeterminate
380	4	Indeterminate
390	4	Indeterminate
400	4	Indeterminate
410	4	Indeterminate
420	4	Indeterminate
430	4	Indeterminate
440	4	Indeterminate
450	4	Indeterminate
460	4	Indeterminate
470	4	Indeterminate
480	4	Indeterminate
490	4	Indeterminate
500	4	Indeterminate
510	4	Indeterminate
520	4	Indeterminate
530	4	Indeterminate
540	4	Indeterminate
550	4	Indeterminate
560	4	Indeterminate
570	4	Indeterminate
580	4	Indeterminate
590	4	Indeterminate
600	4	Indeterminate
610	4	Indeterminate
620	4	Indeterminate
630	4	Indeterminate
640	4	Indeterminate
650	4	Indeterminate
660	4	Indeterminate
670	4	Indeterminate
680	4	Indeterminate
690	4	Indeterminate
700	4	Indeterminate
710	4	Indeterminate
720	4	Indeterminate
730	4	2.832008995813163
740	4	0.5769620434146151
750	4	-3.0791177624860073
760	4	0.5769620434146151
770	4	-1.5797719986509942
780	4	-0.17856343780607284
790	4	-0.03533462993580469
800	4	-1.3611094332945701
810	4	-3.0229546376915124
820	4	28.15609407760919
830	4	-1.2962410312269954
840	4	-1.444867285837716
850	4	0.5753831790086215
860	4	1.1785233108052138
870	4	0.9956098492793778
0	5	Indeterminate
10	5	Indeterminate
20	5	Indeterminate
30	5	Indeterminate
40	5	0.9122315860115177
50	5	Indeterminate
60	5	Indeterminate
70	5	Indeterminate
80	5	-1.527278569177092
90	5	Indeterminate
100	5	Indeterminate
110	5	Indeterminate
120	5	Indeterminate
130	5	Indeterminate
140	5	Indeterminate
150	5	Indeterminate
160	5	Indeterminate
170	5	Indeterminate
180	5	Indeterminate
190	5	Indeterminate
200	5	Indeterminate
210	5	Indeterminate
220	5	Indeterminate
230	5	Indeterminate
240	5	Indeterminate
250	5	Indeterminate
260	5	Indeterminate
270	5	Indeterminate
280	5	Indeterminate
290	5	Indeterminate
300	5	Indeterminate
310	5	Indeterminate
320	5	Indeterminate
330	5	Indeterminate
340	5	Indeterminate
350	5	Indeterminate
360	5	Indeterminate
370	5	Indeterminate
380	5	Indeterminate
390	5	Indeterminate
400	5	Indeterminate
410	5	Indeterminate
420	5	Indeterminate
430	5	Indeterminate
440	5	Indeterminate
450	5	Indeterminate
460	5	Indeterminate
470	5	Indeterminate
480	5	Indeterminate
490	5	Indeterminate
500	5	Indeterminate
510	5	Indeterminate
520	5	Indeterminate
530	5	Indeterminate
540	5	Indeterminate
550	5	Indeterminate
560	5	Indeterminate
570	5	Indeterminate
580	5	Indeterminate
590	5	Indeterminate
600	5	Indeterminate
610	5	Indeterminate
620	5	Indeterminate
630	5	Indeterminate
640	5	Indeterminate
650	5	Indeterminate
660	5	Indeterminate
670	5	Indeterminate
680	5	Indeterminate
690	5	Indeterminate
700	5	1.0274048615479308
710	5	3.5400112447664105
720	5	-3.848897203107596
730	5	0.13948060072985027
740	5	1.9747149983138212
750	5	1.36358007922175
760	5	3.848897203107596
770	5	-1.7492636349031692
780	5	-0.1432334300714787
790	5	-1.4970620815860207
800	5	3.5135483598429924
810	5	1.726439930466871
820	5	0.8517989498165449
830	5	0.5385655438054897
840	5	1.10865260980985
850	5	0.9855056946417444
860	5	1.0050274068990352
870	5	1.0003064538080686
0	6	Indeterminate
10	6	Indeterminate
20	6	Indeterminate
30	6	Indeterminate
40	6	1.0946779032138225
50	6	Indeterminate
60	6	Indeterminate
70	6	Indeterminate
80	6	-1.8327342830125062
90	6	Indeterminate
100	6	Indeterminate
110	6	Indeterminate
120	6	Indeterminate
130	6	Indeterminate
140	6	Indeterminate
150	6	Indeterminate
160	6	Indeterminate
170	6	Indeterminate
180	6	Indeterminate
190	6	Indeterminate
200	6	Indeterminate
210	6	Indeterminate
220	6	Indeterminate
230	6	Indeterminate
240	6	Indeterminate
250	6	Indeterminate
260	6	Indeterminate
270	6	Indeterminate
280	6	Indeterminate
290	6	Indeterminate
300	6	Indeterminate
310	6	Indeterminate
320	6	Indeterminate
330	6	Indeterminate
340	6	Indeterminate
350	6	Indeterminate
360	6	Indeterminate
370	6	Indeterminate
380	6	Indeterminate
390	6	Indeterminate
400	6	Indeterminate
410	6	Indeterminate
420	6	Indeterminate
430	6	Indeterminate
440	6	Indeterminate
450	6	Indeterminate
460	6	Indeterminate
470	6	Indeterminate
480	6	Indeterminate
490	6	Indeterminate
500	6	Indeterminate
510	6	Indeterminate
520	6	Indeterminate
530	6	Indeterminate
540	6	Indeterminate
550	6	Indeterminate
560	6	Indeterminate
570	6	Indeterminate
580	6	Indeterminate
590	6	Indeterminate
600	6	Indeterminate
610	6	Indeterminate
620	6	Indeterminate
630	6	Indeterminate
640	6	Indeterminate
650	6	Indeterminate
660	6	1.7004119837014835
670	6	2.1118610362845662
680	6	1.0946779032138225
690	6	1.710081831738602
700	6	2.3696579979765655
710	6	-0.33050550346988217
720	6	-1.710081831738602
730	6	-1.0946779032138225
740	6	-0.9259704347675943
750	6	-1.735805350934125
760	6	-0.7885160215005014
770	6	-0.21356117609707595
780	6	-1.249291527602711
790	6	0.165434254546649
800	6	-0.8354882997547889
810	6	1.0063970844003862
820	6	0.9372143333618441
830	6	0.9935530496092435
840	6	0.9989590803995398
850	6	1.0004245108432739
860	6	0.9999711300062383
870	6	0.9997917075166802
0	7	Indeterminate
10	7	Indeterminate
20	7	-4.9560157426729985
30	7	Indeterminate
40	7	4.694638304395792
50	7	-4.95601574267307
60	7	Indeterminate
70	7	Indeterminate
80	7	-2.1381899968478533
90	7	Indeterminate
100	7	Indeterminate
110	7	Indeterminate
120	7	Indeterminate
130	7	Indeterminate
140	7	Indeterminate
150	7	Indeterminate
160	7	Indeterminate
170	7	Indeterminate
180	7	Indeterminate
190	7	Indeterminate
200	7	Indeterminate
210	7	Indeterminate
220	7	Indeterminate
230	7	Indeterminate
240	7	Indeterminate
250	7	Indeterminate
260	7	Indeterminate
270	7	Indeterminate
280	7	Indeterminate
290	7	Indeterminate
300	7	Indeterminate
310	7	Indeterminate
320	7	Indeterminate
330	7	Indeterminate
340	7	Indeterminate
350	7	Indeterminate
360	7	Indeterminate
370	7	Indeterminate
380	7	Indeterminate
390	7	Indeterminate
400	7	Indeterminate
410	7	Indeterminate
420	7	Indeterminate
430	7	Indeterminate
440	7	Indeterminate
450	7	Indeterminate
460	7	Indeterminate
470	7	Indeterminate
480	7	Indeterminate
490	7	Indeterminate
500	7	Indeterminate
510	7	Indeterminate
520	7	Indeterminate
530	7	Indeterminate
540	7	Indeterminate
550	7	Indeterminate
560	7	Indeterminate
570	7	Indeterminate
580	7	Indeterminate
590	7	Indeterminate
600	7	Indeterminate
610	7	Indeterminate
620	7	Indeterminate
630	7	0.8932280655995745
640	7	5.20920464941317
650	7	2.5865640701021295
660	7	1.9950954703616208
670	7	-0.3855897540482026
680	7	-5.98528641108497
690	7	-0.3036079254486947
700	7	-1.009683575975605
710	7	-1.3455548761949596
720	7	-1.9543517621930233
730	7	0.8111637697733686
740	7	0.9639407605250433
750	7	-1.1797677765141164
760	7	0.7939123918977568
770	7	0.9345821127309663
780	7	0.9604727026223628
790	7	1.1103455092773034
800	7	0.8951837342445279
810	7	0.9986834758808505
820	7	0.9934642865206923
830	7	0.9962732430427093
840	7	1.000145241153683
850	7	0.9999934493958418
860	7	1.000068827828416
870	7	1.0002678367345403
0	8	Indeterminate
10	8	Indeterminate
20	8	Indeterminate
30	8	-1.0208320749709485
40	8	1.4595705376184247
50	8	Indeterminate
60	8	Indeterminate
70	8	Indeterminate
80	8	-2.4436457106832994
90	8	Indeterminate
100	8	Indeterminate
110	8	Indeterminate
120	8	Indeterminate
130	8	Indeterminate
140	8	Indeterminate
150	8	Indeterminate
160	8	Indeterminate
170	8	Indeterminate
180	8	Indeterminate
190	8	Indeterminate
200	8	Indeterminate
210	8	Indeterminate
220	8	Indeterminate
230	8	Indeterminate
240	8	Indeterminate
250	8	Indeterminate
260	8	Indeterminate
270	8	Indeterminate
280	8	Indeterminate
290	8	Indeterminate
300	8	Indeterminate
310	8	Indeterminate
320	8	Indeterminate
330	8	Indeterminate
340	8	Indeterminate
350	8	Indeterminate
360	8	Indeterminate
370	8	Indeterminate
380	8	Indeterminate
390	8	Indeterminate
400	8	Indeterminate
410	8	Indeterminate
420	8	Indeterminate
430	8	Indeterminate
440	8	Indeterminate
450	8	Indeterminate
460	8	Indeterminate
470	8	Indeterminate
480	8	Indeterminate
490	8	Indeterminate
500	8	Indeterminate
510	8	Indeterminate
520	8	Indeterminate
530	8	Indeterminate
540	8	Indeterminate
550	8	Indeterminate
560	8	Indeterminate
570	8	Indeterminate
580	8	Indeterminate
590	8	Indeterminate
600	8	2.8158147150460815
610	8	1.4013844976334364
620	8	2.280109108984762
630	8	1.228033945307208
640	8	-1.4373638819327592
650	8	-9.27018082204919
660	8	-0.8346164980487567
670	8	-2.5128947327681135
680	8	-0.8236625528958228
690	8	-2.8807284721174984
700	8	-2.0347399375440065
710	8	-1.8106062623051058
720	8	-18.618387250608272
730	8	-0.2800724418155084
740	8	-0.26030341745324703
750	8	0.7762508365788626
760	8	1.0285432562577046
770	8	0.9992702453754356
780	8	1.0114493284171613
790	8	1.0162899107602534
800	8	1.0136928625378248
810	8	0.9952136085527311
820	8	1.0000274940970146
830	8	1.0009899727407077
840	8	1.0000500331173743
850	8	1.0001449733507792
860	8	1.0002911712954705
870	8	1.0009872028520654
0	9	-0.2510650813137339
10	9	Indeterminate
20	9	-6.372020240579711
30	9	Indeterminate
40	9	1.6420168548207168
50	9	Indeterminate
60	9	Indeterminate
70	9	Indeterminate
80	9	-2.7491014245187744
90	9	Indeterminate
100	9	Indeterminate
110	9	Indeterminate
120	9	Indeterminate
130	9	Indeterminate
140	9	Indeterminate
150	9	Indeterminate
160	9	Indeterminate
170	9	Indeterminate
180	9	Indeterminate
190	9	Indeterminate
200	9	Indeterminate
210	9	Indeterminate
220	9	Indeterminate
230	9	Indeterminate
240	9	Indeterminate
250	9	Indeterminate
260	9	Indeterminate
270	9	Indeterminate
280	9	Indeterminate
290	9	Indeterminate
300	9	Indeterminate
310	9	Indeterminate
320	9	Indeterminate
330	9	Indeterminate
340	9	Indeterminate
350	9	Indeterminate
360	9	Indeterminate
370	9	Indeterminate
380	9	Indeterminate
390	9	Indeterminate
400	9	Indeterminate
410	9	Indeterminate
420	9	Indeterminate
430	9	Indeterminate
440	9	Indeterminate
450	9	Indeterminate
460	9	Indeterminate
470	9	Indeterminate
480	9	Indeterminate
490	9	Indeterminate
500	9	Indeterminate
510	9	Indeterminate
520	9	Indeterminate
530	9	Indeterminate
540	9	Indeterminate
550	9	Indeterminate
560	9	6.372020240579473
570	9	1.1484360843422843
580	9	1.2981645976828513
590	9	3.7402959863038205
600	9	0.6206058308773702
610	9	-5.803695027939339e15
620	9	-2.565122747607795
630	9	0.551160068214614
640	9	-3.0888811930406432
650	9	-2.7178711861285207
660	9	0.11166829567506545
670	9	4.319484416178856
680	9	0.13636249774579928
690	9	-0.6314007177831105
700	9	-0.3167560524406688
710	9	1.2201843416688836
720	9	1.0103731669051292
730	9	0.7059585500740416
740	9	1.079441440242408
750	9	0.9960337308083593
760	9	1.0017773209314569
770	9	1.0056637272703755
780	9	1.00579895529713
790	9	1.0049286036754985
800	9	0.9995827561477939
810	9	1.0004683780149382
820	9	1.0000761818926103
830	9	1.0000398190477229
840	9	1.0001445304939311
850	9	1.0002696477740227
860	9	1.0009042656257074
870	9	1.0027498443892922
0	10	-0.27896120145970354
10	10	7.697794406215648
20	10	Indeterminate
30	10	-1.2760400937136631
40	10	1.8244631720229834
50	10	Indeterminate
60	10	-3.5197683938077597
70	10	Indeterminate
80	10	-3.0545571383541006
90	10	Indeterminate
100	10	Indeterminate
110	10	Indeterminate
120	10	Indeterminate
130	10	Indeterminate
140	10	Indeterminate
150	10	Indeterminate
160	10	Indeterminate
170	10	Indeterminate
180	10	Indeterminate
190	10	Indeterminate
200	10	Indeterminate
210	10	Indeterminate
220	10	Indeterminate
230	10	Indeterminate
240	10	Indeterminate
250	10	Indeterminate
260	10	Indeterminate
270	10	Indeterminate
280	10	Indeterminate
290	10	Indeterminate
300	10	Indeterminate
310	10	Indeterminate
320	10	Indeterminate
330	10	Indeterminate
340	10	Indeterminate
350	10	Indeterminate
360	10	Indeterminate
370	10	Indeterminate
380	10	Indeterminate
390	10	Indeterminate
400	10	Indeterminate
410	10	Indeterminate
420	10	Indeterminate
430	10	Indeterminate
440	10	Indeterminate
450	10	Indeterminate
460	10	Indeterminate
470	10	Indeterminate
480	10	Indeterminate
490	10	Indeterminate
500	10	Indeterminate
510	10	Indeterminate
520	10	1.4424051085365228
530	10	-7.697794406215648
540	10	0.2789612014596974
550	10	-1.6505417257041757
560	10	0.09453665044512727
570	10	4.007256004859088
580	10	-0.19022358081991603
590	10	48.12905614674879
600	10	-0.892968796205814
610	10	0.182257566175053
620	10	-2.3883660963101963
630	10	-6.365348312988947
640	10	9.494721043438695
650	10	-0.04975750092566247
660	10	1.9408048136168399
670	10	1.6704351495213827
680	10	-0.03907955065188461
690	10	2.42117928843584
700	10	1.0886699736864254
710	10	1.090540685632597
720	10	1.0409786917837964
730	10	0.9733054503465352
740	10	0.9951225396461831
750	10	1.0016905794840634
760	10	0.9995788348950663
770	10	1.0012831630204435
780	10	1.0023093796994318
790	10	1.001953473662309
800	10	1.0000302243433097
810	10	0.9996056240953615
820	10	1.0000323407969807
830	10	1.0001357565188198
840	10	1.0002607743415004
850	10	1.0008477308383243
860	10	1.0023031116596417
870	10	1.006275777488359
0	11	Indeterminate
10	11	8.46757384683672
20	11	Indeterminate
30	11	-1.4036441030850395
40	11	2.0069094892253694
50	11	Indeterminate
60	11	Indeterminate
70	11	Indeterminate
80	11	-3.3600128521895685
90	11	Indeterminate
100	11	Indeterminate
110	11	Indeterminate
120	11	Indeterminate
130	11	Indeterminate
140	11	Indeterminate
150	11	Indeterminate
160	11	Indeterminate
170	11	Indeterminate
180	11	Indeterminate
190	11	Indeterminate
200	11	Indeterminate
210	11	Indeterminate
220	11	Indeterminate
230	11	Indeterminate
240	11	Indeterminate
250	11	Indeterminate
260	11	Indeterminate
270	11	Indeterminate
280	11	Indeterminate
290	11	Indeterminate
300	11	Indeterminate
310	11	Indeterminate
320	11	Indeterminate
330	11	Indeterminate
340	11	Indeterminate
350	11	Indeterminate
360	11	Indeterminate
370	11	Indeterminate
380	11	Indeterminate
390	11	Indeterminate
400	11	Indeterminate
410	11	Indeterminate
420	11	Indeterminate
430	11	Indeterminate
440	11	Indeterminate
450	11	Indeterminate
460	11	Indeterminate
470	11	Indeterminate
480	11	1.5866456193901826
490	11	2.0069094892252646
500	11	3.135150024853959
510	11	-4.344372996290408
520	11	-0.3068573216056639
530	11	-18.8845502873725
540	11	-0.6199449178866716
550	11	4.6011513781275335
560	11	3.1351500248540423
570	11	-2.069595628750643
580	11	-0.6205828191326361
590	11	-3.0400133627461536
600	11	5.055941412276797
610	11	-3.1242609353661064
620	11	-3.562576635789106
630	11	-5.593059168780808
640	11	-7.436510144077437
650	11	-0.32359871062604595
660	11	0.44963234058467283
670	11	0.72166601214766
680	11	1.0927207941069812
690	11	0.8692609038893585
700	11	1.0001489423280319
710	11	1.0323853927710123
720	11	1.0082689221870922
730	11	0.9956947794655214
740	11	0.9988326387732716
750	11	1.0005882846215206
760	11	1.0013358667889982
770	11	1.000927179808756
780	11	1.0009362848987327
790	11	1.0009134648281026
800	11	1.0003048270699506
810	11	1.0001008680734036
820	11	1.0000828087961593
830	11	1.000270892216131
840	11	1.000795083621705
850	11	1.0019992161812814
860	11	1.0049725148152835
870	11	1.0124165803043426
0	12	-0.3347534417516451
10	12	Indeterminate
20	12	Indeterminate
30	12	-1.5312481124563833
40	12	2.1893558064277268
50	12	Indeterminate
60	12	Indeterminate
70	12	Indeterminate
80	12	-3.665468566024888
90	12	Indeterminate
100	12	Indeterminate
110	12	Indeterminate
120	12	Indeterminate
130	12	Indeterminate
140	12	Indeterminate
150	12	Indeterminate
160	12	Indeterminate
170	12	Indeterminate
180	12	Indeterminate
190	12	Indeterminate
200	12	Indeterminate
210	12	Indeterminate
220	12	Indeterminate
230	12	Indeterminate
240	12	Indeterminate
250	12	Indeterminate
260	12	Indeterminate
270	12	Indeterminate
280	12	Indeterminate
290	12	Indeterminate
300	12	Indeterminate
310	12	Indeterminate
320	12	Indeterminate
330	12	Indeterminate
340	12	Indeterminate
350	12	Indeterminate
360	12	Indeterminate
370	12	Indeterminate
380	12	Indeterminate
390	12	Indeterminate
400	12	Indeterminate
410	12	Indeterminate
420	12	Indeterminate
430	12	Indeterminate
440	12	1.5312481124563833
450	12	8.496026987438904
460	12	-9.23735328745891
470	12	0.15693025002106023
480	12	4.739315995953077
490	12	-0.3347534417516451
500	12	9.23735328745891
510	12	2.6986952916751297
520	12	-3.665468566024888
530	12	8.49602698743969
540	12	-2.645123931440536
550	12	1.7308861302436538
560	12	-7.140146631324858
570	12	-2.2472652396482884
580	12	-1.2910913665974812
590	12	33.299201425232795
600	12	-2.300377242958679
610	12	-13.940367412437013
620	12	9.790199829012415
630	12	1.083178337587306
640	12	2.134568467120164
650	12	1.1968366728121034
660	12	0.994082410240355
670	12	1.0364015773109714
680	12	1.0582694982137935
690	12	0.9736887331161377
700	12	0.9822884661645881
710	12	0.9975483686802505
720	12	1.00765984913386
730	12	0.9988629336878324
740	12	1.0005851860187363
750	12	1.0004727268375264
760	12	1.0003935461786388
770	12	1.0004409304751543
780	12	1.000418132139229
790	12	1.0004470810935404
800	12	1.0000378713771276
810	12	1.00013454144232
820	12	1.0003388825721977
830	12	1.0007849637724875
840	12	1.0017857922550364
850	12	1.004111596930578
860	12	1.009499963742255
870	12	1.0220694923889213
0	13	Indeterminate
10	13	Indeterminate
20	13	-3.850949413289096
30	13	-4.575698911949978
40	13	2.3718021236299927
50	13	Indeterminate
60	13	Indeterminate
70	13	Indeterminate
80	13	-3.9709242798603452
90	13	Indeterminate
100	13	Indeterminate
110	13	Indeterminate
120	13	Indeterminate
130	13	Indeterminate
140	13	Indeterminate
150	13	Indeterminate
160	13	Indeterminate
170	13	Indeterminate
180	13	Indeterminate
190	13	Indeterminate
200	13	Indeterminate
210	13	Indeterminate
220	13	Indeterminate
230	13	Indeterminate
240	13	Indeterminate
250	13	Indeterminate
260	13	Indeterminate
270	13	Indeterminate
280	13	Indeterminate
290	13	Indeterminate
300	13	Indeterminate
310	13	Indeterminate
320	13	Indeterminate
330	13	Indeterminate
340	13	Indeterminate
350	13	Indeterminate
360	13	Indeterminate
370	13	Indeterminate
380	13	Indeterminate
390	13	Indeterminate
400	13	Indeterminate
410	13	1.8751266410975187
420	13	2.3718021236299434
430	13	3.705177302100163
440	13	-5.134258995615928
450	13	-1.1734338837776823
460	13	-3.705177302100163
470	13	-2.3718021236299434
480	13	-7.363784257324929
490	13	2.873029727432957e15
500	13	4.232135196932604
510	13	-10.844765090704945
520	13	95.42604893349825
530	13	-0.4308868251564075
540	13	-2.939293363891755
550	13	-4.186356500680721
560	13	-19.89306450472318
570	13	-8.876581275236164
580	13	-23.210618017239646
590	13	426.07546661671535
600	13	0.9418098006503709
610	13	0.19048604653095583
620	13	1.0484080403607667
630	13	0.48241389864872164
640	13	0.8286331449530022
650	13	0.9416260917440145
660	13	1.0708042952515286
670	13	1.0070020289717416
680	13	0.9974008312100535
690	13	0.9930234836031566
700	13	0.9958171014003847
710	13	0.9982020074994327
720	13	1.0002289350675213
730	13	1.0001993147637673
740	13	1.000221406339359
750	13	1.0002454536531344
760	13	1.0001915458347634
770	13	1.000198922301433
780	13	1.000249648415468
790	13	1.0002839613319252
800	13	1.0001806056655635
810	13	1.0003539757269737
820	13	1.0007560859597493
830	13	1.0016281549332824
840	13	1.0035092272278814
850	13	1.0075995776491224
860	13	1.016508699239246
870	13	1.0361383989553876
0	14	Indeterminate
10	14	-3.990190940723284
20	14	Indeterminate
30	14	Indeterminate
40	14	2.554248440832231
50	14	Indeterminate
60	14	Indeterminate
70	14	Indeterminate
80	14	-4.276379993695759
90	14	Indeterminate
100	14	Indeterminate
110	14	Indeterminate
120	14	Indeterminate
130	14	Indeterminate
140	14	Indeterminate
150	14	Indeterminate
160	14	Indeterminate
170	14	Indeterminate
180	14	Indeterminate
190	14	Indeterminate
200	14	Indeterminate
210	14	Indeterminate
220	14	Indeterminate
230	14	Indeterminate
240	14	Indeterminate
250	14	Indeterminate
260	14	Indeterminate
270	14	Indeterminate
280	14	Indeterminate
290	14	Indeterminate
300	14	Indeterminate
310	14	Indeterminate
320	14	Indeterminate
330	14	Indeterminate
340	14	Indeterminate
350	14	Indeterminate
360	14	Indeterminate
370	14	1.7864561311991582
380	14	9.912031485346025
390	14	-10.77691216870121
400	14	0.3905456820435885
410	14	4.98850652771393
420	14	1.3045649446913739
430	14	10.77691216870121
440	14	1.2636980286836712
450	14	5.529201995278709
460	14	-4.276379993695809
470	14	111.43417498370587
480	14	-5.142013070822064
490	14	-5.645604229130886
500	14	-3.27777160218713
510	14	-2.554684602621665
520	14	29.97708787769411
530	14	-0.883541170909017
540	14	6.574532008652389
550	14	1.9953075217638607
560	14	3.284057001927517
570	14	-2.3227391515782667
580	14	-0.05806805082129789
590	14	1.0766558271290494
600	14	0.7977924529937112
610	14	1.126526831218742
620	14	1.0083170943840634
630	14	0.9325046765195916
640	14	1.0845214821135214
650	14	1.036165113017131
660	14	1.007538326419388
670	14	1.0038257644728834
680	14	1.006193388450612
690	14	1.0013742514997506
700	14	0.9995109525883885
710	14	0.9995111719557312
720	14	1.0001100240634133
730	14	1.0002298212907275
740	14	1.0001154335362885
750	14	1.0001616483396976
760	14	1.0001587437067794
770	14	1.0001606701554058
780	14	1.0002046648813652
790	14	1.0002868320212956
800	14	1.0003760999313396
810	14	1.0007330526260225
820	14	1.0015087320895129
830	14	1.0030741347914862
840	14	1.0062957634473553
850	14	1.0129182972267416
860	14	1.026639938301706
870	14	1.055504487395398
0	15	-0.418441802189559
10	15	Indeterminate
20	15	Indeterminate
30	15	Indeterminate
40	15	2.7366947580345675
50	15	Indeterminate
60	15	Indeterminate
70	15	Indeterminate
80	15	-4.581835707531152
90	15	Indeterminate
100	15	Indeterminate
110	15	Indeterminate
120	15	Indeterminate
130	15	Indeterminate
140	15	Indeterminate
150	15	Indeterminate
160	15	Indeterminate
170	15	Indeterminate
180	15	Indeterminate
190	15	Indeterminate
200	15	Indeterminate
210	15	Indeterminate
220	15	Indeterminate
230	15	Indeterminate
240	15	Indeterminate
250	15	Indeterminate
260	15	Indeterminate
270	15	Indeterminate
280	15	Indeterminate
290	15	Indeterminate
300	15	Indeterminate
310	15	Indeterminate
320	15	Indeterminate
330	15	Indeterminate
340	15	2.16360766280477
350	15	2.7366947580345675
360	15	4.275204579346325
370	15	-2.4758125885560083
380	15	1.2864418335604122
390	15	-6.810397567150748e15
400	15	0.3029427380077977
410	15	2.964736475198047
420	15	0.18860408225674227
430	15	-2.7366947580345675
440	15	-1.4430823198690663
450	15	3.031991181996721
460	15	2.7366947580347905
470	15	-3.878835682678928
480	15	-6.314676506267888
490	15	21.61479626565273
500	15	6.1817137906745625
510	15	-0.34429494526591986
520	15	-0.3040529452666016
530	15	0.9784886256136411
540	15	8.963563259406708
550	15	1.0537167456899268
560	15	1.9940287383754811
570	15	0.5048257207731021
580	15	0.8970571319029961
590	15	0.9419783214333992
600	15	0.7651740756651093
610	15	0.9659088557960437
620	15	0.9740376674641199
630	15	0.9460059837764995
640	15	0.9806482785864065
650	15	1.0008387769263984
660	15	0.998007432880401
670	15	0.996973464638157
680	15	1.0002116087998136
690	15	0.9998269213577704
700	15	0.9999911838689846
710	15	0.999975585469511
720	15	0.9998161744286002
730	15	1.000185060088646
740	15	1.0000646132994926
750	15	1.0000836201580505
760	15	1.0001164879487987
770	15	1.0001569663879724
780	15	1.0002566702318738
790	15	1.0004328775439297
800	15	1.0007051058138636
810	15	1.0013862707899985
820	15	1.002742077322988
830	15	1.0053605979150932
840	15	1.0104735940531488
850	15	1.020534463725312
860	15	1.0405198959125639
870	15	1.0810113152578282
0	16	Indeterminate
10	16	12.316471049944283
20	16	-11.328035983252645
30	16	Indeterminate
40	16	2.9191410752368783
50	16	Indeterminate
60	16	Indeterminate
70	16	Indeterminate
80	16	-4.887291421366678
90	16	Indeterminate
100	16	Indeterminate
110	16	Indeterminate
120	16	Indeterminate
130	16	Indeterminate
140	16	Indeterminate
150	16	Indeterminate
160	16	Indeterminate
170	16	Indeterminate
180	16	Indeterminate
190	16	Indeterminate
200	16	Indeterminate
210	16	Indeterminate
220	16	Indeterminate
230	16	Indeterminate
240	16	Indeterminate
250	16	Indeterminate
260	16	Indeterminate
270	16	Indeterminate
280	16	Indeterminate
290	16	Indeterminate
300	16	2.041664149941951
310	16	11.328035983252645
320	16	-12.316471049944129
330	16	0.4463379223355215
340	16	7.28668454897066
350	16	-1.6658970115041378
360	16	1.6658970115041378
370	16	-2.307848173658427
380	16	-1.444226318495609
390	16	12.316471049944283
400	16	-11.328035983252946
410	16	-1.4802773101212376
420	16	-1.872548916430666
430	16	-1.749429257846674
440	16	3.339163463994682
450	16	7.011380801910966
460	16	2.812630654461357
470	16	-9.815281521430407
480	16	3.9925085296245517
490	16	9.975139186585956
500	16	0.8105453142404664
510	16	2.6002699662880167
520	16	2.5455113662842805
530	16	-0.13236681621793775
540	16	1.0613295206773956
550	16	0.0877538902241674
560	16	0.5438396682961233
570	16	0.8388962728804535
580	16	0.911848511512924
590	16	0.8925380282118235
600	16	1.0950746452925446
610	16	1.0188048024041834
620	16	0.9925629007749589
630	16	1.009508889176722
640	16	0.994272746320326
650	16	0.9975019086641889
660	16	0.9995969744003329
670	16	1.0006079177099787
680	16	0.9999001316795895
690	16	1.0001085266152443
700	16	1.0002552186741558
710	16	1.0001202889618912
720	16	1.000102678083683
730	16	1.0000634626652947
740	16	1.000060863296359
750	16	1.0000975164333816
760	16	1.0001463317443382
770	16	1.000239795400548
780	16	1.0004191787382475
790	16	1.000749083133986
800	16	1.0013475904284848
810	16	1.0024728823791578
820	16	1.0046692621218345
830	16	1.0087372709861
840	16	1.016398607194814
850	16	1.030912467726917
860	16	1.0587462652841453
870	16	1.1134573949179225
0	17	-4.817833953821006
10	17	-1.457057264845163
20	17	-7.065003529685087
30	17	-12.036038232206305
40	17	11.401264453532407
50	17	Indeterminate
60	17	Indeterminate
70	17	Indeterminate
80	17	-5.192747135202001
90	17	Indeterminate
100	17	Indeterminate
110	17	Indeterminate
120	17	Indeterminate
130	17	Indeterminate
140	17	Indeterminate
150	17	Indeterminate
160	17	Indeterminate
170	17	Indeterminate
180	17	Indeterminate
190	17	Indeterminate
200	17	Indeterminate
210	17	Indeterminate
220	17	Indeterminate
230	17	Indeterminate
240	17	Indeterminate
250	17	Indeterminate
260	17	4.817833953820667
270	17	12.0360382322061
280	17	-13.086250490565805
290	17	0.47423404248149764
300	17	5.762055429085325
310	17	0.8353120452502193
320	17	-1.7512557049177497
330	17	-0.8353120452502193
340	17	6.714030994266702
350	17	-13.086250490566208
360	17	5.652610725650597
370	17	-1.1609874391481458
380	17	4.817833953821228
390	17	-4.650894887017319
400	17	-4.812514915948358
410	17	-54.89380487749787
420	17	-5.303601163378688
430	17	-7.040173451222877
440	17	19.792506284567068
450	17	0.4505812655889779
460	17	-1.3513018653351523
470	17	3.664918713616388
480	17	-31.222433157663808
490	17	0.24247510257308003
500	17	1.6906117255200288
510	17	1.158749978178561
520	17	0.22112035483894374
530	17	0.7016748344107512
540	17	1.1478768435368418
550	17	0.946732229469079
560	17	1.0343094793406808
570	17	1.0329361930461047
580	17	1.1321572030424092
590	17	0.962621810464892
600	17	1.0054052205594668
610	17	1.0012101929298747
620	17	0.9906157433259457
630	17	0.9945947094520645
640	17	0.9968339818058234
650	17	1.0000979634259979
660	17	0.9996192387268977
670	17	1.0001098274963105
680	17	1.00016509639945
690	17	1.0000933245565358
700	17	1.000046906562217
710	17	1.0000312604970725
720	17	1.0000540870443613
730	17	1.0000690226550404
740	17	1.0000965792951468
750	17	1.0001481261175287
760	17	1.000243280018555
770	17	1.0004138791419397
780	17	1.0007301079293833
790	17	1.001289130991489
800	17	1.0022921635760365
810	17	1.0041633131212229
820	17	1.0074595847016066
830	17	1.0134759719926645
840	17	1.0244239397526789
850	17	1.0444976535133046
860	17	1.0818753026107326
870	17	1.1535916040425778
0	18	0.12579112236025858
10	18	-2.5963291953656906
20	18	2.1438205291980563
30	18	-4.50943430130562
40	18	3.284033709641404
50	18	-5.130245495215681
60	18	-3.284033709641579
70	18	-2.5963291953656906
80	18	-5.498202849037457
90	18	Indeterminate
100	18	Indeterminate
110	18	Indeterminate
120	18	Indeterminate
130	18	Indeterminate
140	18	Indeterminate
150	18	Indeterminate
160	18	Indeterminate
170	18	Indeterminate
180	18	Indeterminate
190	18	Indeterminate
200	18	Indeterminate
210	18	Indeterminate
220	18	Indeterminate
230	18	12.744040481159136
240	18	3.2840337096414736
250	18	0.5021301626274639
260	18	-7.108973993929624
270	18	-1.6247546083075948
280	18	-0.6385046826493623
290	18	0.8432920359721033
300	18	-6.413794107060609
310	18	-0.5021301626274639
320	18	-1.7413395977480677
330	18	-4.000027372763218
340	18	2.9615063184343384
350	18	-0.5961962172396386
360	18	-5.382709454888156
370	18	5.440116985264803
380	18	8.892684516524175
390	18	-4.810673040023782
400	18	-3.729698020567208
410	18	-4.0659099969653925
420	18	-1.8394761407594067
430	18	-2.918201211931165
440	18	-37.17327801046216
450	18	-15.0166278779272
460	18	0.20276089921698237
470	18	-0.7702986902709673
480	18	0.7055325784858819
490	18	0.9930990170361953
500	18	0.6214008725698021
510	18	0.7305551101730029
520	18	0.8901881471120723
530	18	1.0336304487608785
540	18	0.9541516380774835
550	18	0.9194163073837127
560	18	0.981662344571272
570	18	1.0202335596006602
580	18	0.9977293688137673
590	18	1.0039212530895867
600	18	1.0128249939333802
610	18	0.9997466326090377
620	18	1.0036533628522155
630	18	1.0011055575465404
640	18	0.9998624375000783
650	18	0.9996318152843144
660	18	0.9997616841585778
670	18	1.0000106950995822
680	18	0.9999708570132431
690	18	1.0000757572380934
700	18	0.9999906674081062
710	18	1.0000292773649622
720	18	1.0000569794445888
730	18	1.00009161947442
740	18	1.0001464444102643
750	18	1.0002464602867132
760	18	1.000417568901081
770	18	1.0007140025843542
780	18	1.0012315709742918
790	18	1.0021438489841548
800	18	1.0036983058485518
810	18	1.006494009730212
820	18	1.0113294810508662
830	18	1.0198655074681418
840	18	1.0348927700789479
850	18	1.0617041176558522
860	18	1.1104095082937475
870	18	1.2021080885400306
0	19	-2.424476178055924
10	19	-2.119815168690408
20	19	-13.452042730112348
30	19	-13.452042730112415
40	19	-2.424476178055924
50	19	-14.625809371808861
60	19	1.9782527011611806
70	19	-5.384637948387957
80	19	-5.803658562872986
90	19	14.625809371808707
100	19	-13.452042730112915
110	19	-5.384637948387957
120	19	Indeterminate
130	19	Indeterminate
140	19	Indeterminate
150	19	Indeterminate
160	19	Indeterminate
170	19	Indeterminate
180	19	Indeterminate
190	19	2.7405697062194316
200	19	-14.625809371808547
210	19	0.530026282773424
220	19	-7.503916993592345
230	19	-0.530026282773424
240	19	-42.32276140629538
250	19	42.322761406298106
260	19	2.5317645077651405
270	19	7.503916993592345
280	19	-0.530026282773424
290	19	15.8500412864149
300	19	5.662155881878902
310	19	-5.803658562872986
320	19	1.1650972225070357
330	19	-15.609427046568948
340	19	-4.7130564419276775
350	19	-14.71567518869267
360	19	-5.566881075428636
370	19	-9.29955092380729
380	19	-31.63473715545816
390	19	-4.2284827784570345
400	19	-4.7394397746495205
410	19	-25.587769448846082
420	19	2.063675927646304
430	19	-0.6124133327938305
440	19	-0.11193946186504555
450	19	0.3313475738003437
460	19	0.09146920546936729
470	19	0.9064541493300465
480	19	0.6665352890422364
490	19	0.8938334347639928
500	19	0.9427809358088498
510	19	1.0541318951564222
520	19	1.096531543958769
530	19	0.951368277229181
540	19	1.0202392002314484
550	19	0.9913575210208706
560	19	0.9740409284102537
570	19	1.0137449495043003
580	19	1.0054127995326008
590	19	1.0080676362183194
600	19	1.0008980704556978
610	19	1.0021714873023668
620	19	0.9997453321460718
630	19	1.0006562403386794
640	19	1.0002222019605178
650	19	1.0003072460184135
660	19	1.0000192707011932
670	19	0.9999989395097962
680	19	1.0000343588295977
690	19	1.0000324359437711
700	19	1.0000310097179708
710	19	1.0000551166877805
720	19	1.0000946877004728
730	19	1.0001575257029078
740	19	1.0002486896572091
750	19	1.000422407588938
760	19	1.000704030998202
770	19	1.0011883575055267
780	19	1.0020056407204763
790	19	1.0033853822122074
800	19	1.0057373326767605
810	19	1.0097318486242084
820	19	1.0164838342629412
830	19	1.0281074005684547
840	19	1.0481090657691754
850	19	1.0829035983241013
860	19	1.1447889876873947
870	19	1.2596434666160556
0	20	-5.01048255700627
10	20	5.874128214575936
20	20	11.328898857422654
30	20	-1.1926704234215035
40	20	-2.31519417382166
50	20	-7.0395367876152966
60	20	-7.0395367876152966
70	20	-5.700272772461735
80	20	-14.160044979065816
90	20	-2.5520801874272556
100	20	-2.552080187427381
110	20	-0.5579224029194101
120	20	-6.109114276708271
130	20	-15.395588812430445
140	20	-7.0395367876152966
150	20	-7.898859993255119
160	20	-0.5579224029194024
170	20	15.395588812430445
180	20	-14.160044979065816
190	20	-2.552080187427381
200	20	7.039536787615222
210	20	10.448758668635723
220	20	4.289433105516646
230	20	-5.602481760046336
240	20	14.160044979065816
250	20	-5.700272772461735
260	20	16.45471035952645
270	20	-7.8996414648687345
280	20	-17.341271449945385
290	20	-3.0376983042012484
300	20	-44.24612879205584
310	20	1.0467629272575252
320	20	2.7363254038317484
330	20	12.336827388401208
340	20	-12.962337132621906
350	20	-6.404797987615408
360	20	-3.034195132114849
370	20	-16.29732842160969
380	20	-0.6367087853523574
390	20	-6.704735404592863
400	20	-1.257547534214689
410	20	3.0479557200865792
420	20	115.4737783003139
430	20	0.8565975740866582
440	20	0.3535143948507953
450	20	1.1816872051805156
460	20	1.4505048245043883
470	20	0.9254763993532754
480	20	1.1516736022350569
490	20	1.0260704641264473
500	20	1.0155202365704956
510	20	1.1518237224220176
520	20	1.0369606190183278
530	20	1.0193965242689091
540	20	0.9885944421308662
550	20	1.0130085616541649
560	20	0.9977621363942871
570	20	0.9976264517459958
580	20	0.9985006813034656
590	20	1.0014420786195721
600	20	1.0005370292022902
610	20	1.0006680290519807
620	20	0.9999787199815897
630	20	0.9997650334671825
640	20	0.9999190284595356
650	20	0.9998936138773306
660	20	1.000085199066077
670	20	0.9999947881942581
680	20	1.000025073157143
690	20	1.0000494009808
700	20	1.0000576156626797
710	20	1.0000947401882208
720	20	1.000157908435483
730	20	1.0002606762667272
740	20	1.0004266907021142
750	20	1.0006980355985777
760	20	1.0011502372260161
770	20	1.0018934198855487
780	20	1.0031188899231565
790	20	1.0051418513674142
800	20	1.0084923430230082
810	20	1.014036888439952
820	20	1.0232420206244153
830	20	1.0385958245390978
840	20	1.0643612131288824
850	20	1.1084114897677126
860	20	1.1853802622143887
870	20	1.3267772833277194
0	21	-5.653856442575479
10	21	-11.347898442659343
20	21	-3.8313726612485026
30	21	-5.533191927475615
40	21	-6.414569990543786
50	21	-5.951441942954825
60	21	-5.9514419429552
70	21	1.8021914684548315
80	21	-14.868047228018542
90	21	-8.293802992918499
100	21	-6.414569990543786
110	21	-5.261006684856813
120	21	-2.6796841967987497
130	21	-8.305618432039992
140	21	-1.6634803522896555
150	21	-5.951441942955293
160	21	5.985286411084927
170	21	-46.77778892274608
180	21	-13.623124375886938
190	21	0.5858185230653727
200	21	-3.8313726612485026
210	21	1.305081909141797
220	21	-5.261006684856813
230	21	-8.465231158949916
240	21	-5.261006684856813
250	21	-5.610344799642823
260	21	22.217355234005105
270	21	-5.225135737846012
280	21	4.996980815370916
290	21	0.14842445186726103
300	21	8.973357811558621
310	21	-3.125422394639688
320	21	10.046123486955628
330	21	-5.118597004930933
340	21	-3.7727757847909245
350	21	15.006609559065595
360	21	-1762.7467917682557
370	21	-1.6538353103771455
380	21	-8.925164534719379
390	21	9.236972929376806
400	21	1.1266618162320436
410	21	0.9316866579857472
420	21	-0.20261689299861002
430	21	0.7656455395790853
440	21	0.941779178026632
450	21	0.8513662083979207
460	21	1.3926840635518296
470	21	1.0245405157584249
480	21	1.0489439394773878
490	21	1.0597314238733926
500	21	0.9494259473655375
510	21	0.9798071396683752
520	21	0.9899045121925408
530	21	0.9938827809873274
540	21	0.9955882990973454
550	21	1.0005426353099778
560	21	0.9930957802740629
570	21	1.0012695259581665
580	21	1.0008920444970806
590	21	0.9985218222205811
600	21	0.9997433013352677
610	21	1.000096527045522
620	21	1.0001248852306652
630	21	0.9999343094817005
640	21	0.999936861979637
650	21	1.0000504318499814
660	21	1.0000334863330447
670	21	1.0000482080409232
680	21	1.0000494953098915
690	21	1.0000674752251355
700	21	1.0001134432273813
710	21	1.0001727451918656
720	21	1.0002751408867967
730	21	1.0004331691983221
740	21	1.0006953547826822
750	21	1.0011198847544758
760	21	1.001799647575143
770	21	1.0028955233748542
780	21	1.0046623124941483
790	21	1.0075111656284208
800	21	1.0121218442737563
810	21	1.0195769811912354
820	21	1.031681732127657
830	21	1.0514410220393189
840	21	1.0839945321251476
850	21	1.1384611446294675
860	21	1.2324770330386803
870	21	1.4040381000203217
0	22	-3.173291238780322
10	22	-6.234843940238485
20	22	6.05128958955156e15
30	22	-6.211396986487242
40	22	-7.743490466376696
50	22	7.306961965819049
60	22	-10.009443019134737
70	22	14.754577528100866
80	22	-6.234843940238748
90	22	1.3472801667468175
100	22	-6.030061752581993
110	22	-6.516991314796579
120	22	-2.80728820617001
130	22	-10.909240878129005
140	22	1.4065175593958312
150	22	1.767430794994263
160	22	-8.688745992580667
170	22	6.159823940348864
180	22	-7.458092081340073
190	22	-2.807288206169989
200	22	-5.511530812706902
210	22	-5.511530812706902
220	22	2.026373695633019
230	22	-7.308289318869326
240	22	-7.192532539217482
250	22	19.361136603866324
260	22	-6.518259582099549
270	22	-13.052944063437543
280	22	-5.651144667364575
290	22	-5.395879241015799
300	22	11.113945079767788
310	22	-145.411292460058
320	22	54.971675772538106
330	22	-1.8977611365657627
340	22	7.544096551668358
350	22	-2.195382845077956
360	22	-0.5488575002905891
370	22	0.09377750921049326
380	22	1.0314092536339792
390	22	0.5878996827263783
400	22	0.7369322765812637
410	22	1.1312069747075209
420	22	0.7530617446985797
430	22	0.7769286236743808
440	22	1.0791568659491708
450	22	0.949871113079894
460	22	0.8907046922404288
470	22	0.9893991248759094
480	22	1.0013842896298344
490	22	0.9878920706781117
500	22	0.9930660892519934
510	22	0.9887871301873892
520	22	0.9872492275908966
530	22	1.0075328523399067
540	22	0.9913486744297032
550	22	1.0002135228238005
560	22	1.0016405835609283
570	22	1.0007190050902657
580	22	0.9991171528471503
590	22	1.0000723800081583
600	22	0.9998787985909482
610	22	1.0000752252024576
620	22	1.0000246018036456
630	22	0.9999695828107993
640	22	0.9999836409890196
650	22	1.0000457010736632
660	22	1.0000424332768703
670	22	1.0000396200420443
680	22	1.0000773871601798
690	22	1.00011347730963
700	22	1.0001825893302345
710	22	1.0002820129783077
720	22	1.000439971799587
730	22	1.0006930915110948
740	22	1.0010932515759168
750	22	1.0017197544827736
760	22	1.002709175980609
770	22	1.0042686090410664
780	22	1.0067292390026352
790	22	1.0106139725569554
800	22	1.016770869841822
810	22	1.0265216122358725
820	22	1.0420384533967006
830	22	1.0668837189524958
840	22	1.1070838580937472
850	22	1.173332871843803
860	22	1.2862524312861052
870	22	1.4919155340368426
0	23	109.73339462792576
10	23	-6.5182459375225665
20	23	-11.415151970945036
30	23	-2.934892215541447
40	23	-0.30078297920702457
50	23	-1.5707477117886843
60	23	-21.043175699660328
70	23	-5.078508851111453
80	23	-8.195403581244136
90	23	-0.7439840474250657
100	23	-15.430784809750085
110	23	0.9447787369970678
120	23	-7.495866293153323
130	23	-5.762054940557308
140	23	-5.762054940557308
150	23	-4.1962652956529745
160	23	-6.518245937522359
170	23	-5.762054940557308
180	23	2.934892215542296
190	23	7.243142739363476
200	23	-3.2842956950815756
210	23	-9.837980024467853
220	23	20.895670202980195
230	23	-4.051410361169998
240	23	-7.972398320665998
250	23	0.16620138949498614
260	23	-1.7008658291906158
270	23	-0.915449243024156
280	23	3.83946510506839
290	23	-5.510834469662541
300	23	10.17931881374545
310	23	-19.499171863722275
320	23	-1.553446770897362
330	23	-1.9959768833732385
340	23	1.153288488227465
350	23	1.2136960127937892
360	23	0.9228850794504834
370	23	0.37137564317213034
380	23	0.98944606158733
390	23	0.812875819114157
400	23	0.7505574064339708
410	23	0.9542510285288046
420	23	1.0057335743095852
430	23	0.9439711809779404
440	23	0.8892889463021594
450	23	0.9733327607367455
460	23	0.9948394505606821
470	23	1.0075993697787156
480	23	0.9970124636223604
490	23	1.0168417326002315
500	23	1.0101356321019406
510	23	1.003246115877953
520	23	0.9970605759421771
530	23	1.0031906375901856
540	23	1.0002391366859429
550	23	1.0010896737639357
560	23	0.9984033246593091
570	23	0.9998136637979698
580	23	0.9996185083814879
590	23	0.999873390171983
600	23	0.9998550458334216
610	23	0.9999861443021872
620	23	1.000036678358955
630	23	1.000032679346984
640	23	1.0000501402220072
650	23	1.0000493132138133
660	23	1.000070101811105
670	23	1.0000796256478406
680	23	1.0001217531242232
690	23	1.0001873183099275
700	23	1.000291853256837
710	23	1.0004472386467815
720	23	1.00069356482881
730	23	1.0010707520840756
740	23	1.0016515960051942
750	23	1.0025512593017345
760	23	1.0039412796690002
770	23	1.0060910787004396
780	23	1.0094174599950947
790	23	1.0145690597482788
800	23	1.0225786548304001
810	23	1.0350284920054447
820	23	1.05448130464742
830	23	1.0850891950130295
840	23	1.133819901845411
850	23	1.213029906183184
860	23	1.3468410935717299
870	23	1.59087281866086
0	24	-14.082807878336753
10	24	-0.8095210424531285
20	24	-2.925887798267707
30	24	-8.775816367405334
40	24	-8.957930474288954
50	24	-6.463224508094895
60	24	9.478631991906946
70	24	-2.029063265996386
80	24	-1.8775638723842747
90	24	1.0409414586812307
100	24	-184.3603384480932
110	24	-2.363560962605372
120	24	-8.543523408928019
130	24	-6.0125790684077245
140	24	-6.0125790684077245
150	24	3.461772260487147
160	24	-13.6691324767768
170	24	10.318774831909694
180	24	-12.800638980392446
190	24	-4.576396755299046
200	24	-7.084196928183117
210	24	-5.17856850415816
220	24	-3.733577603406451
230	24	3.922325027663153
240	24	-1.4833308218705623
250	24	4.627411173285881
260	24	-6.08185832384444
270	24	-7.588812181455789
280	24	-2.5839193745101787
290	24	12.307115816752756
300	24	0.5390358541846126
310	24	0.7495649651088038
320	24	0.45683530756235674
330	24	2.431905830578991
340	24	0.8933117685589416
350	24	0.6392472101186698
360	24	0.9647648503257429
370	24	1.1334333335055975
380	24	1.2395917262232754
390	24	0.9879817931555459
400	24	0.990941118987781
410	24	1.126369674583779
420	24	1.2572753408872355
430	24	0.9940565243163026
440	24	1.0653499917633602
450	24	1.0441157530503695
460	24	1.028739859410954
470	24	1.0121177311814487
480	24	1.0072816691946749
490	24	0.9892812764700263
500	24	0.9958683971540019
510	24	1.002136612631196
520	24	0.9970160603879463
530	24	0.9992635320690558
540	24	0.999988568685625
550	24	0.9997919875438933
560	24	1.0005182902462395
570	24	1.0000265391203131
580	24	1.0001226993349666
590	24	0.9998620251669073
600	24	1.0000104428635992
610	24	1.0000388557976492
620	24	1.0000384476819653
630	24	1.000019070657589
640	24	1.0000654126853599
650	24	1.0000594843053268
660	24	1.0000857881741092
670	24	1.0001277266727695
680	24	1.0001996134922417
690	24	1.000300257870398
700	24	1.0004562575952551
710	24	1.0006929985825608
720	24	1.0010502088152997
730	24	1.001593454164194
740	24	1.002416344738694
750	24	1.0036662021745297
760	24	1.0055634558520483
770	24	1.0084456577384961
780	24	1.012826594333935
790	24	1.0194930250274026
800	24	1.0296775827196896
810	24	1.0452384330351792
820	24	1.0691506414025613
830	24	1.1061798560946627
840	24	1.1642827210035191
850	24	1.2576114568820604
860	24	1.4142577059317225
870	24	1.7013565196227076
0	25	1.0843140194596237
10	25	-6.217513032920577
20	25	-3.6060127713413426
30	25	12.929607266463757
40	25	7.93554998091609
50	25	2.7709634368654084
60	25	0.901796372210055
70	25	7.342660268219798
80	25	-8.05037561742571
90	25	-3.1901002342842095
100	25	-6.263103196257736
110	25	2.191654950404126
120	25	-1.1539063240883058
130	25	7.429585961786305
140	25	-6.714684222117443
150	25	-0.6406287684035777
160	25	75.70011663929058
170	25	-5.726246850514602
180	25	0.8079978424233618
190	25	1.1861998705017482
200	25	-6.325646044638691
210	25	3.429619705784405
220	25	-221.74322036973103
230	25	-5.537655960648059
240	25	-4.3998121629822045
250	25	2.0242671995763413
260	25	-1.7707397902881823
270	25	-1.9064794250860095
280	25	-3.618488664930114
290	25	1.5520482399081994
300	25	0.11359066371598893
310	25	0.03033956733229294
320	25	0.9735229264486244
330	25	1.564798831822577
340	25	0.9676018258363607
350	25	0.7046392285816326
360	25	0.9694057497397344
370	25	0.8342583621051863
380	25	0.9582230562936437
390	25	0.9820051639105277
400	25	1.137729164328365
410	25	1.0687030029824296
420	25	1.0262172150577267
430	25	0.9800924888135597
440	25	1.0012246301767243
450	25	0.9916022055485323
460	25	0.9905707038723258
470	25	0.999146340552406
480	25	1.0017608080478784
490	25	0.9994490469362192
500	25	0.9973873493744615
510	25	0.9986492116321867
520	25	1.0003389640637663
530	25	0.9996993214689096
540	25	0.999588459292659
550	25	1.0004497575614255
560	25	1.0000578158501348
570	25	0.9996909298794648
580	25	1.0001180146403437
590	25	1.0000131781117159
600	25	0.9999588126744171
610	25	0.9999980855505629
620	25	1.0000380034542269
630	25	1.0000224979867274
640	25	1.0000796602557729
650	25	1.000097410946542
660	25	1.0001408200721165
670	25	1.0002122246247611
680	25	1.0003116468629847
690	25	1.000463238190023
700	25	1.0006922627143235
710	25	1.0010340367281008
720	25	1.0015423224365438
730	25	1.0023002433089436
740	25	1.0034319793477608
750	25	1.0051220306056496
760	25	1.0076455409807112
770	25	1.0114163241433085
780	25	1.0170549725702156
790	25	1.0254969735569694
800	25	1.0381869671135162
810	25	1.0572721828956102
820	25	1.0861523686541752
830	25	1.1302269369469924
840	25	1.1984838808153495
850	25	1.3070162693732033
860	25	1.4884399645401973
870	25	1.823830215653961
0	26	-9.403678902339287
10	26	-7.368451929373149
20	26	-6.513627324108408
30	26	-6.513627324108408
40	26	7.410354604200252
50	26	-6.513627324108408
60	26	-6.513627324108408
70	26	2.119132569978109
80	26	-0.36176966692172624
90	26	-24.054449019711218
100	26	7.410354604200023
110	26	-55.74506401047825
120	26	7.158435314358316
130	26	91.15011961519761
140	26	-16.081336631515523
150	26	14.666130441963496
160	26	0.8622285452132747
170	26	-3.4967983119951014
180	26	-6.455855908593421
190	26	-7.168526277843317
200	26	-0.8595997950810114
210	26	-5.275333055969428
220	26	-4.438607999458817
230	26	1.2265149774606285
240	26	-1.6322694388557983
250	26	-7.035404620396165
260	26	-1.3676108167801277
270	26	2.3800051531574917
280	26	-0.23842443150862158
290	26	1.9662988989153845
300	26	1.358854453872586
310	26	0.9708817786455775
320	26	0.9699152788939057
330	26	1.187376539164172
340	26	0.923178904168229
350	26	0.8975144815956692
360	26	1.0601296767331143
370	26	1.0562508491410258
380	26	0.9059486236806441
390	26	0.882918736933629
400	26	0.9732637363377322
410	26	1.0191357550454934
420	26	0.9891709897477959
430	26	0.9984934235538511
440	26	1.0049385860594602
450	26	0.9952771334631813
460	26	0.990003705714783
470	26	0.9961257932240761
480	26	1.0039055970228392
490	26	0.9981546810534756
500	26	0.9998553516497052
510	26	1.0003892836398665
520	26	0.9988941051648244
530	26	0.9997210946068787
540	26	0.9999088983143554
550	26	1.0002557842152202
560	26	0.9998968410699164
570	26	0.9999867694612502
580	26	0.9998827425034235
590	26	0.9999834746521024
600	26	1.000040953315863
610	26	1.0000434267825207
620	26	1.0000359766152793
630	26	1.0000740627670124
640	26	1.0001001772190383
650	26	1.0001460550960901
660	26	1.0002263376130065
670	26	1.0003228696496578
680	26	1.0004724973544719
690	26	1.0006937827057751
700	26	1.0010195402285609
710	26	1.0014972368488562
720	26	1.002199270946073
730	26	1.0032315109624077
740	26	1.00474852632437
750	26	1.0069788692974955
760	26	1.0102593099574788
770	26	1.0150868566281608
780	26	1.0221972856210482
790	26	1.03268368013632
800	26	1.0482110934654978
810	26	1.0712253536650551
820	26	1.1055556415850663
830	26	1.1572482233833556
840	26	1.2363637686300897
850	26	1.3611004998551768
860	26	1.5692324909354995
870	26	1.9589088317135623
0	27	-15.927712228809494
10	27	-7.651853926656634
20	27	-3.445308253026966
30	27	-6.323184575090839
40	27	7.695368242823523
50	27	0.3247274186793226
60	27	2.6196533632341072
70	27	7.695368242823262
80	27	-5.530372078738663
90	27	8.24227457731209
100	27	-13.174582608058305
110	27	-5.913355485642484
120	27	-3.7687381298469727
130	27	-9.752232680567673
140	27	-8.798917200460963
150	27	2.281679774447662
160	27	0.834594485751259
170	27	268.24900148888264
180	27	97.14533850338141
190	27	2.191720773254402
200	27	4.07589809023112
210	27	-3.0404532693492383
220	27	-2.3206904800888233
230	27	0.06607539816719234
240	27	-0.5467328273277454
250	27	-1.8497917140952607
260	27	1.042828673984591
270	27	1.0228077791988461
280	27	0.7260667301284891
290	27	0.5009389150362175
300	27	0.9895301220672327
310	27	0.9657749291231018
320	27	0.5700116355282827
330	27	1.1137700915954944
340	27	0.7539174684167294
350	27	1.0720202069307074
360	27	0.9991639276733433
370	27	0.96108633825281
380	27	0.9824873025960263
390	27	1.049692991143361
400	27	0.9926259546053857
410	27	1.015137987973333
420	27	0.9927370378911634
430	27	0.9947501863862941
440	27	0.9988277712668205
450	27	1.004501489689212
460	27	0.9988384963406304
470	27	1.0014932227359363
480	27	0.9999675640162303
490	27	1.0002104763251327
500	27	0.9997703885534631
510	27	0.9997952342182391
520	27	1.0002537400083547
530	27	0.9998069678232352
540	27	0.9997722107985181
550	27	0.9998648451467332
560	27	0.9999322667590647
570	27	0.9999438811461449
580	27	1.00003922083585
590	27	1.0000293421403572
600	27	1.000032473578975
610	27	1.0000415268784841
620	27	1.000061824822139
630	27	1.0001147444994873
640	27	1.000155007725659
650	27	1.000227163109629
660	27	1.0003305715389454
670	27	1.000479601772888
680	27	1.0006954639307575
690	27	1.0010057578857687
700	27	1.001457448391318
710	27	1.0021108861124386
720	27	1.0030579892015388
730	27	1.004429512884477
740	27	1.0064172014480328
750	27	1.0092981915612091
760	27	1.0134761695075802
770	27	1.0195382782688458
780	27	1.0283419430336485
790	27	1.0411439483687406
800	27	1.0598361346099097
810	27	1.0871625146893036
820	27	1.1273858505464138
830	27	1.1872036458071427
840	27	1.277791891476608
850	27	1.4196398832720252
860	27	1.6563528178213913
870	27	2.1068613619462737
0	28	-1.9266498663746279
10	28	-7.629452627999091
20	28	5.108496881665126
30	28	-4.4587094182442675
40	28	-9.473694546113613
50	28	3.825638461614239
60	28	-11.266322511271706
70	28	-4.487297500303359
80	28	-8.221312938493597
90	28	-7.280843380919105
100	28	-10.244108575767815
110	28	-5.977724998605593
120	28	15.15678116653353
130	28	-7.175094071812152
140	28	-1.4058350659952643
150	28	-5.784513944131126
160	28	-4.778651493475108
170	28	-102.27642009609066
180	28	1.5752585867843385
190	28	-8.145563621506355
200	28	0.5506673486560927
210	28	1.1037543059058088
220	28	-1.2329857898013497
230	28	-0.3219867043377848
240	28	0.49242295444524775
250	28	0.6564932794143008
260	28	0.5370779552071517
270	28	0.40438871612385724
280	28	0.4572864199507203
290	28	0.9676048131983144
300	28	1.200248184930776
310	28	0.9846458404403176
320	28	0.8855707869005937
330	28	0.8194362286726414
340	28	1.089076400009424
350	28	0.9837683781683554
360	28	1.0011551100485454
370	28	1.0040851619754878
380	28	1.0099107567541243
390	28	1.0186432660244715
400	28	0.9878626383041705
410	28	1.009688860340325
420	28	0.9940889561485048
430	28	0.9964575004661845
440	28	0.9949562995365633
450	28	0.9989760618696221
460	28	0.9982405291558747
470	28	0.9999851751992092
480	28	0.9988045462828296
490	28	0.9999470878568707
500	28	0.9997802183811523
510	28	1.0000163249752136
520	28	0.9998718046636011
530	28	1.00001716658608
540	28	1.0000658634267843
550	28	0.9999598992753399
560	28	1.0000128502481243
570	28	0.9999745052033512
580	28	1.0000333288879295
590	28	1.0000722649456946
600	28	1.00004628127138
610	28	1.0000771152947663
620	28	1.0001194493359464
630	28	1.0001645658442724
640	28	1.0002420232747133
650	28	1.0003411999779668
660	28	1.0004876244299443
670	28	1.0006973834314041
680	28	1.000994803838678
690	28	1.0014233023984904
700	28	1.0020335753564187
710	28	1.0029063326812795
720	28	1.0041546488284507
730	28	1.0059391234066308
740	28	1.0084912627967753
750	28	1.0121420009790765
760	28	1.0173664314804622
770	28	1.0248471928487513
780	28	1.0355682996845623
790	28	1.0509536435406022
800	28	1.0731226950513513
810	28	1.1051152679289054
820	28	1.1516222461758399
830	28	1.2199945213263796
840	28	1.3225698502646026
850	28	1.482327885394279
860	28	1.7492991059289225
870	28	2.261064905381976
0	29	-6.879466861063082
10	29	-2.9193381555644495
20	29	-19.35627291747885
30	29	12.494645663392024
40	29	-19.46211938446807
50	29	-3.050503945175193
60	29	0.3449679716122601
70	29	-5.519324137135566
80	29	-3.320992224721475
90	29	-5.276446726149801
100	29	2.642623161667389
110	29	-11.194072663599107
120	29	-1.6888957615905076
130	29	263.94906134336975
140	29	-12.238233686960122
150	29	0.696392625592063
160	29	-1.2594157655796065
170	29	-1.7565957467324294
180	29	1.105504700772943
190	29	1.0191751202276313
200	29	1.1732867269144205
210	29	1.2336603905343224
220	29	1.683752888108919
230	29	1.7518847425901105
240	29	0.6864469272581007
250	29	0.8758938099534844
260	29	0.9932886015516316
270	29	0.9021594210011936
280	29	0.6541854480632863
290	29	1.0437327249277297
300	29	0.8993295881813684
310	29	1.001412698447487
320	29	0.9653713174423055
330	29	1.0453096534005168
340	29	0.9432141987354442
350	29	0.9645993682600472
360	29	0.9982992678820336
370	29	1.0227499815749994
380	29	0.9866425812051
390	29	1.017569376906638
400	29	0.9987538593564796
410	29	1.0018300910275775
420	29	0.999635647055506
430	29	1.0040866784401603
440	29	0.9988904409587988
450	29	0.998420367084464
460	29	1.000884515214529
470	29	1.0003119701575038
480	29	1.0003604950967449
490	29	1.000204467957371
500	29	1.0001691843842282
510	29	0.9999932885689222
520	29	1.0000793106379149
530	29	1.0000874910734576
540	29	1.0000678743330036
550	29	1.0000191035658628
560	29	1.0000421927479846
570	29	1.0000001407626755
580	29	1.0000216117882244
590	29	1.0000769400958982
600	29	1.0000938110872672
610	29	1.0001193220634492
620	29	1.0001669184559683
630	29	1.0002490771123422
640	29	1.0003479817504506
650	29	1.000492616682824
660	29	1.00069943244912
670	29	1.0009849461633533
680	29	1.0013915710625854
690	29	1.0019636719001728
700	29	1.0027733354685773
710	29	1.003915768858624
720	29	1.0055288686140458
730	29	1.0078067794896095
740	29	1.0110246358003345
750	29	1.0155709173351206
760	29	1.0219966057200405
770	29	1.0310833136893516
780	29	1.0439441816820727
790	29	1.0621705668689458
800	29	1.0881063056235911
810	29	1.1250790125647587
820	29	1.178196882241526
830	29	1.2554656239817532
840	29	1.3704349189189473
850	29	1.5487616098130124
860	29	1.8471365218283393
870	29	2.3986821439959414
0	30	-12.314697789704413
10	30	-0.0937290340637591
20	30	-9.675342819266785
30	30	-10.034211567984594
40	30	-0.861196185023073
50	30	16.277659347335927
60	30	3.8569057988155664
70	30	-17.555711515494142
80	30	0.8131889676067177
90	30	31.617570599690843
100	30	-4.8661492378662885
110	30	-4.426264214671729
120	30	2.0764494493284964
130	30	-0.2908366988621617
140	30	2.5810277000062514
150	30	0.5291202285521788
160	30	3.341047358351276
170	30	-1.4471524640229672
180	30	-0.6312989741456315
190	30	0.8842537306809312
200	30	-0.008469837523781472
210	30	1.98927391021035
220	30	1.511388291747479
230	30	0.7698080591437015
240	30	1.439680840213077
250	30	0.9746737733349081
260	30	0.9711743323840101
270	30	1.2140915512967025
280	30	0.8998153225282884
290	30	0.9363875863653278
300	30	1.0277023345865237
310	30	0.849722661244256
320	30	0.9585931239684339
330	30	1.0023467482125787
340	30	0.9812367541260201
350	30	0.9898593765212613
360	30	1.0014020357399382
370	30	1.0034407911003602
380	30	0.998877601086238
390	30	0.9951100948860581
400	30	1.0030535093555561
410	30	0.9991116769948556
420	30	1.002581184872864
430	30	0.9994294614851572
440	30	0.9983941558328002
450	30	0.9994650880488952
460	30	0.9996398952718824
470	30	0.9994415366014211
480	30	1.0001995182884718
490	30	1.0004475293471804
500	30	0.9997464650280872
510	30	1.0001819964754903
520	30	1.000028494121304
530	30	1.0000775521174323
540	30	0.9999618762228836
550	30	1.0000512266425676
560	30	1.000005786313729
570	30	1.000056622818509
580	30	1.0000584968520692
590	30	1.0000939367868227
600	30	1.000129163458826
610	30	1.0001830412483659
620	30	1.000259505532251
630	30	1.0003616331275786
640	30	1.0004984872927485
650	30	1.0007013212975202
660	30	1.00097624737583
670	30	1.0013639476369585
680	30	1.0019030793027617
690	30	1.0026561205944013
700	30	1.0037067301701679
710	30	1.0051736328469378
720	30	1.0072212501616031
730	30	1.0100793507365724
740	30	1.014070248461272
750	30	1.019643130698429
760	30	1.0274278053663215
770	30	1.0383071799410688
780	30	1.0535232850959166
790	30	1.0748316530532216
800	30	1.1047935270186415
810	30	1.147010328369774
820	30	1.2069950086283763
830	30	1.2934082539200826
840	30	1.4210617677885682
850	30	1.6184019559691352
860	30	1.9480113110341075
870	30	2.5075213865157884
0	31	-9.617185210441644
10	31	-5.067866193400485
20	31	19.16688751373537
30	31	-6.64037103736299
40	31	-1.2402348141231276
50	31	-0.47638419525643355
60	31	-53.332615835190055
70	31	-1.2982317268840877
80	31	11.303690995355117
90	31	1.213832543825625
100	31	1.144727039502064
110	31	-1.6372814162299774
120	31	-1.4282890087082192
130	31	0.27552285697141854
140	31	1.0541592724243691
150	31	3.749322902271453
160	31	0.0176267714584171
170	31	-0.33836103623733593
180	31	1.022393796413515
190	31	1.234547087461619
200	31	0.8989063354181053
210	31	0.9867192057253718
220	31	1.0245665230566727
230	31	1.0186759845227733
240	31	0.8183729429758606
250	31	1.3815823852886
260	31	0.9932167321115104
270	31	1.115785790350018
280	31	1.0004131951211452
290	31	0.9538558541859884
300	31	0.9947909079398115
310	31	1.0347329833999084
320	31	1.0106787560881951
330	31	1.01039220135042
340	31	1.007442310990082
350	31	1.0040896741124743
360	31	1.0055777158361436
370	31	1.0030034338795357
380	31	0.9989616278003326
390	31	0.9973279563652103
400	31	1.0012895445603875
410	31	1.0016630696252642
420	31	1.0003395622288356
430	31	0.9998253857683674
440	31	0.9999316681345105
450	31	0.9994036447103746
460	31	0.9999812246254756
470	31	1.0002937548964177
480	31	0.9999470387538184
490	31	0.9999710933165339
500	31	1.000059984463764
510	31	0.9999819166700582
520	31	0.9999973892006473
530	31	1.0000587936731722
540	31	1.000035683523222
550	31	1.0000211676259383
560	31	1.0000614700674917
570	31	1.0000676428007895
580	31	1.0001072820427497
590	31	1.000136159978228
600	31	1.0001926877738845
610	31	1.0002679054177164
620	31	1.0003688951426786
630	31	1.0005094382400366
640	31	1.0007033370472203
650	31	1.0009692744568168
660	31	1.0013390109866422
670	31	1.0018477403947839
680	31	1.0025519671346677
690	31	1.0035226098642778
700	31	1.0048640682769538
710	31	1.006715805354659
720	31	1.0092728960964135
730	31	1.0128034129260024
740	31	1.0176792080375954
750	31	1.024412675137371
760	31	1.0337144008258592
770	31	1.0465682446871636
780	31	1.0643426545355392
790	31	1.0889505929280814
800	31	1.1231592154012118
810	31	1.1708270479930545
820	31	1.2378567552167188
830	31	1.3335647226706264
840	31	1.4740585253637768
850	31	1.6904858580545006
860	31	2.0480745001552503
870	31	2.57556966958501
0	32	-8.589365416150684
10	32	-6.539108645691527
20	32	-7.27813481981444
30	32	2.507573460936414
40	32	-5.5958318933342
50	32	0.5718586676656199
60	32	-125.7256628208571
70	32	22.768481220973865
80	32	0.5221970167813098
90	32	2.3091773104089848
100	32	0.4266833916321201
110	32	0.13031174265835854
120	32	-0.4980581269108037
130	32	2.349342129718663
140	32	0.9854927963192941
150	32	2.591150783374971
160	32	0.10512642852749239
170	32	0.27315919859253746
180	32	1.3484572169166809
190	32	0.5873494761207693
200	32	0.9941471554246858
210	32	0.8266318893287053
220	32	1.1323069786993671
230	32	0.9622821675383292
240	32	1.0221745587913293
250	32	0.9543626797042676
260	32	0.9390118414044852
270	32	0.9685373803868195
280	32	0.9594755700516769
290	32	0.9920927779076272
300	32	1.0049953481921434
310	32	1.0069296757845763
320	32	0.9937674933316838
330	32	0.9946579632208363
340	32	1.0084156172159267
350	32	0.9935709420621108
360	32	1.003777648521522
370	32	1.0001683111184019
380	32	0.998124102646471
390	32	1.0010773597291018
400	32	0.999361928144347
410	32	1.0000713160810317
420	32	0.9996987825166676
430	32	1.000414979218155
440	32	0.9996406925812666
450	32	1.000000747232892
460	32	1.000122256706668
470	32	1.000161764672169
480	32	1.00008924635066
490	32	1.000017000316611
500	32	0.9999713167236506
510	32	1.0000433705187397
520	32	0.9999912773449676
530	32	1.0000244078125493
540	32	1.0000227919683584
550	32	1.0000684682774856
560	32	1.000074502949914
570	32	1.0001073551070978
580	32	1.0001468250172816
590	32	1.000198612417807
600	32	1.0002774107460704
610	32	1.0003736867098492
620	32	1.000517280496839
630	32	1.0007055545983294
640	32	1.0009630663210312
650	32	1.0013160652336717
660	32	1.001798712377916
670	32	1.002458297296814
680	32	1.0033597626124129
690	32	1.0045924720877417
700	32	1.006276695503447
710	32	1.0085786319287406
720	32	1.0117245459040967
730	32	1.0160237762869102
740	32	1.0218989759304464
750	32	1.029928143463794
760	32	1.0409016170542675
770	32	1.0559027399707344
780	32	1.076420786647613
790	32	1.1045160015181978
800	32	1.1431467599014455
810	32	1.1964093798749371
820	32	1.2705810362777241
830	32	1.3756313316392252
840	32	1.5289499648233527
850	32	1.7638583991495376
860	32	2.1396846885845044
870	32	2.5142156299137652
0	33	-8.455823612223643e-14
10	33	2.722439251776408
20	33	-12.697252770401917
30	33	-5.823598147438498
40	33	1.046259096744124
50	33	17.623883716968354
60	33	-2.106041022941454
70	33	-1.8866152509524656
80	33	-2.5676654263701586
90	33	0.869839550332113
100	33	0.9412672332452366
110	33	1.7713566668842937
120	33	-0.47576773597331723
130	33	-0.07988310643664033
140	33	1.2706013019194398
150	33	0.9979322218153774
160	33	0.3632890031411617
170	33	0.8982983403834863
180	33	0.9998914616491891
190	33	0.9404701166910693
200	33	1.0347661685934046
210	33	1.1989005833094932
220	33	0.9777756112308346
230	33	0.9953232136752795
240	33	0.9658224298975078
250	33	0.9458734507263297
260	33	0.9707306670162312
270	33	1.0086576783123242
280	33	1.0032418474767295
290	33	1.0002360668006662
300	33	1.0092606386797116
310	33	1.0086332475548236
320	33	0.9999676764854613
330	33	1.0058612804635023
340	33	1.0000367856489627
350	33	0.9982077964011065
360	33	0.9952862908576399
370	33	1.0027261305241766
380	33	1.000360196344548
390	33	0.9990032421607534
400	33	0.9996593941493522
410	33	1.0000144603377772
420	33	1.0001868385005197
430	33	1.00031790286157
440	33	1.0004269229720906
450	33	1.0002019316340625
460	33	1.000027793924136
470	33	0.9998756972176872
480	33	0.9999715780547644
490	33	0.9999676393113396
500	33	0.9999825900063
510	33	1.0000503310210354
520	33	1.0000222895858502
530	33	1.0000330498721306
540	33	1.0000629235096696
550	33	1.0000817533325088
560	33	1.0001182200965484
570	33	1.0001532243987812
580	33	1.0002104024758092
590	33	1.0002846780547576
600	33	1.0003832960260415
610	33	1.0005243109414197
620	33	1.0007068886652566
630	33	1.0009563795705598
640	33	1.0012956839614222
650	33	1.0017535606789723
660	33	1.002374170810754
670	33	1.0032149396416628
680	33	1.0043524146185392
690	33	1.0058923256005123
700	33	1.0079766130737853
710	33	1.0107980402126888
720	33	1.0146160739789178
730	33	1.0197828201362107
740	33	1.0267734493097596
750	33	1.03623084000086
760	33	1.049024317703851
770	33	1.0663319361439807
780	33	1.0897557524368788
790	33	1.1214904476767829
800	33	1.1646678212877344
810	33	1.2236026914404088
820	33	1.3049298681457773
830	33	1.4192588648083853
840	33	1.5851388859386997
850	33	1.8366741477578254
860	33	2.210322935537983
870	33	2.232162898225733
0	34	2.8215231105878953
10	34	7.035770184931074
20	34	-4.178140515994129
30	34	-15.190724900580264
40	34	2.1899640070735473
50	34	0.22892065023283487
60	34	1.074133628825447
70	34	-0.7124094055272489
80	34	-0.5891829209925763
90	34	0.298297090729657
100	34	1.0493458507595104
110	34	1.7935530683695033
120	34	0.7073696084199393
130	34	0.6838830981183116
140	34	0.9491521734582139
150	34	0.6725933098328535
160	34	0.8223993808916378
170	34	1.1418719631877248
180	34	0.8702419365926112
190	34	1.0006877010328254
200	34	1.0339313729403503
210	34	1.0079201300671219
220	34	0.9534516884750432
230	34	0.9717604591063291
240	34	0.9653320908980837
250	34	1.0033032306442211
260	34	0.9734216966839127
270	34	0.9913684506862482
280	34	1.025743716868759
290	34	1.001997866802651
300	34	0.9960970895577609
310	34	1.0040536228109267
320	34	1.0018153521143325
330	34	0.9965741937542004
340	34	1.0011275813222276
350	34	1.000502680394478
360	34	0.9996325272356285
370	34	0.998202169584497
380	34	1.0006181772274427
390	34	0.999558268306361
400	34	0.9995501130128847
410	34	1.000362691214085
420	34	1.0000815770952047
430	34	0.9999378822840906
440	34	1.000124436228988
450	34	1.000023822647135
460	34	0.9999869376612485
470	34	1.0000828116361986
480	34	1.0000153949580821
490	34	1.0000017114265811
500	34	1.0000613051501006
510	34	1.0000245268223684
520	34	1.0000353355794045
530	34	1.0000677545564731
540	34	1.0000868582790137
550	34	1.0001235565873379
560	34	1.0001659907335139
570	34	1.0002111303188768
580	34	1.000292267641274
590	34	1.0003940941320264
600	34	1.000528984401967
610	34	1.0007106968295674
620	34	1.0009511516773895
630	34	1.0012775555154807
640	34	1.001712772830866
650	34	1.0022988861354165
660	34	1.0030850865204406
670	34	1.004139185394162
680	34	1.0055538955994883
690	34	1.0074512536583051
700	34	1.0099963129326592
710	34	1.013409232219462
720	34	1.017985434450825
730	34	1.024119687389814
740	34	1.032340319802081
750	34	1.0433537647175843
760	34	1.0581050345559198
770	34	1.0778604366067195
780	34	1.1043241732442792
790	34	1.1398102167102162
800	34	1.1876043211723744
810	34	1.2522202457891063
820	34	1.3406320143820891
830	34	1.46404520097889
840	34	1.6418334398081256
850	34	1.9059081232651194
860	34	2.242972356068386
870	34	1.755113131258158
0	35	1.3756399801532326
10	35	1.4530270593892463
20	35	-2.1774930202559215
30	35	3.704869361587558
40	35	0.21651393721056622
50	35	-1.3072796630379626
60	35	0.9608461140983607
70	35	0.20457990610180368
80	35	0.4002965338891796
90	35	0.7160141904913644
100	35	0.569939958748849
110	35	0.9938770334399122
120	35	1.0374768798524947
130	35	0.7836818121482673
140	35	1.1453791274977683
150	35	1.2103061907444765
160	35	0.872667239340894
170	35	1.0786063195843993
180	35	0.8643262541722091
190	35	0.8993617046541502
200	35	1.0298249382737785
210	35	1.1406015853947333
220	35	1.0050707792885374
230	35	0.989234999884203
240	35	0.9818156307266536
250	35	1.0318464385508848
260	35	0.981083423160957
270	35	0.979159305913598
280	35	0.9972582445456922
290	35	0.9878272578850991
300	35	1.002216466258707
310	35	1.0047292262194696
320	35	1.007425643537286
330	35	0.9976597276583521
340	35	1.002261381184207
350	35	0.9985880870046399
360	35	1.000993491538135
370	35	0.9993412539205876
380	35	0.9997019088129835
390	35	1.000043559197593
400	35	1.0000628516864636
410	35	0.9999889049548157
420	35	0.9998875334129101
430	35	1.0000630487928321
440	35	1.0000207470512197
450	35	1.0000755762992897
460	35	1.0000257760030162
470	35	1.0000560537580654
480	35	0.9999512397355989
490	35	1.0000294926146653
500	35	1.0000662417312032
510	35	1.0000351883793388
520	35	1.000062184560217
530	35	1.0000968782374688
540	35	1.000126494218402
550	35	1.000171149688118
560	35	1.0002277359507423
570	35	1.0003016499155815
580	35	1.0004010428538999
590	35	1.0005359370600713
600	35	1.0007109969927972
610	35	1.000946328215197
620	35	1.0012600847703672
630	35	1.0016768626962198
640	35	1.0022308350922509
650	35	1.0029684043281442
660	35	1.0039494817867007
670	35	1.0052540498056697
680	35	1.0069898041214265
690	35	1.0092979095746208
700	35	1.012366962623894
710	35	1.016446402784317
720	35	1.0218675979743146
730	35	1.0290688530140184
740	35	1.038630431155982
750	35	1.0513199578322607
760	35	1.0681528350444836
770	35	1.0904751562967028
780	35	1.1200806323092523
790	35	1.1593861090499036
800	35	1.211810509605868
810	35	1.2820479575627186
820	35	1.377384633694357
830	35	1.5095174341263968
840	35	1.6979237296331207
850	35	1.9666582107630766
860	35	2.2130441436682786
870	35	1.2030368623291285
0	36	-1.9337168464057164
10	36	1.0698676213105773
20	36	1.9591945871772491
30	36	1.8856757601407435
40	36	1.3124853946663546
50	36	0.8931107501645585
60	36	0.7067375274039425
70	36	1.0946184305414008
80	36	0.640088173867114
90	36	0.9595940590617383
100	36	0.9119064586143308
110	36	0.9552486745149237
120	36	1.0094487796046328
130	36	1.1031590206107345
140	36	0.9840447298726491
150	36	0.9790546674352316
160	36	1.105918456384427
170	36	1.072709423487386
180	36	1.0474925777584445
190	36	0.9926485073434215
200	36	0.9823911575555349
210	36	0.9626843968795531
220	36	1.029498391736821
230	36	1.0137303334178325
240	36	1.000967973142917
250	36	0.9989136264914661
260	36	0.9940752958922616
270	36	0.9894904889281595
280	36	1.0106629305180617
290	36	0.9980228013140592
300	36	0.9973995312300371
310	36	0.9999469074135201
320	36	0.9983903902479876
330	36	0.9992530887365311
340	36	0.9993895787058142
350	36	1.0010667758336096
360	36	0.9992093101753171
370	36	0.9994063747511562
380	36	0.9998880162223972
390	36	0.9999201652976105
400	36	0.9997996365682333
410	36	1.0003279360328858
420	36	1.0002111120474992
430	36	0.9998706845071444
440	36	1.000038973823359
450	36	1.000073044767828
460	36	1.0000506001227674
470	36	1.0000285943565381
480	36	1.0000490725101605
490	36	1.0000563983953632
500	36	1.0000635789689962
510	36	1.0000826008976642
520	36	1.0000927315914316
530	36	1.0001357509879603
540	36	1.0001749738048085
550	36	1.0002398936125316
560	36	1.0003091892685705
570	36	1.0004092057910519
580	36	1.0005417761286073
590	36	1.000713665274208
600	36	1.000942012161085
610	36	1.001244422340104
620	36	1.0016423887464558
630	36	1.0021688383187457
640	36	1.0028625272948988
650	36	1.003778623394548
660	36	1.0049872956366224
670	36	1.0065821524591891
680	36	1.0086856783126423
690	36	1.0114603699850364
700	36	1.0151189890799932
710	36	1.019941085076803
720	36	1.0262939583751916
730	36	1.03465902245056
740	36	1.045666605835063
750	36	1.0601412505246823
760	36	1.0791620636094794
770	36	1.1041445690679312
780	36	1.1369579981353577
790	36	1.1801052140853874
800	36	1.23711645281368
810	36	1.3128472485145108
820	36	1.4148505716823045
830	36	1.5550961450590424
840	36	1.75178894210542
850	36	2.011400158327061
860	36	2.088630249153331
870	36	0.6997597504655696
0	37	-1.13423575100312
10	37	-0.9991794771037581
20	37	-0.5462610152298857
30	37	-0.052376491884978185
40	37	1.755303673833493
50	37	0.48911662441113996
60	37	0.24362998942177402
70	37	0.9484941637430089
80	37	0.8685128456473598
90	37	0.4032434136270269
100	37	0.9318868465112617
110	37	0.9130575362265145
120	37	1.1911174252112569
130	37	0.8301245972013412
140	37	0.8383945968256646
150	37	0.992477306850994
160	37	1.0617865459013833
170	37	0.9701242030821763
180	37	0.8454714244191235
190	37	1.037791046576032
200	37	0.9672404150520645
210	37	1.0051667993309523
220	37	0.9871648050129186
230	37	1.0042445852080641
240	37	0.9990776070647822
250	37	0.9993289792477194
260	37	0.9949428792146573
270	37	0.9970671390734435
280	37	1.0018618551460823
290	37	0.9993040304288309
300	37	0.9987309683826
310	37	0.9991600882698086
320	37	0.9997832372395659
330	37	0.9986298626900801
340	37	0.9998744844730408
350	37	0.9994050420426948
360	37	1.000288072055043
370	37	1.0001482828809982
380	37	0.9999268353495036
390	37	1.0001180551818039
400	37	0.9998556316390391
410	37	0.999891238927531
420	37	1.0000481238451597
430	37	1.0000916180421011
440	37	1.0000352824495726
450	37	0.9999945913804129
460	37	1.0000632897594357
470	37	1.0000503183907001
480	37	1.0000472624762846
490	37	1.000057723268783
500	37	1.0000779547520229
510	37	1.0000966913747131
520	37	1.0001470981873077
530	37	1.0001844923539183
540	37	1.000242207004216
550	37	1.000324987573838
560	37	1.0004131226124848
570	37	1.0005455724807262
580	37	1.000716686482155
590	37	1.0009377449918864
600	37	1.0012297984497498
610	37	1.0016118670179688
620	37	1.002111930535566
630	37	1.0027668489443737
640	37	1.0036250267478584
650	37	1.0047484754514293
660	37	1.006219686750687
670	37	1.0081459415248493
680	37	1.0106671464473136
690	37	1.01396602910443
700	37	1.0182808418557696
710	37	1.0239215663797747
720	37	1.031291210522775
730	37	1.0409124300506216
740	37	1.0534623570115311
750	37	1.0698173097150916
760	37	1.091111644174104
770	37	1.1188187193230656
780	37	1.1548684101122213
790	37	1.2018333899607796
800	37	1.2633311787494885
810	37	1.3443576166113254
820	37	1.4526492403421922
830	37	1.6000356443772783
840	37	1.8010214472946222
850	37	2.0295622414479
860	37	1.8515645828202927
870	37	0.31516995576586193
0	38	0.02807720257776017
10	38	-0.17802403186940663
20	38	0.6120155394235987
30	38	0.3533627865744284
40	38	0.863160311704758
50	38	0.8805519813342848
60	38	0.9064098636678666
70	38	0.7695712432834443
80	38	0.9007968518786499
90	38	1.173330067710509
100	38	0.9661426391607348
110	38	1.1057333072036422
120	38	0.9497925209126088
130	38	1.2098707975909997
140	38	1.0322063142213282
150	38	1.0014503585799241
160	38	0.9668019669951612
170	38	0.987012115062977
180	38	1.0054509257955546
190	38	1.0047222917701073
200	38	0.9939359205610023
210	38	0.9893096014189492
220	38	0.9885918479853665
230	38	0.9904884206193622
240	38	1.0002546234957588
250	38	0.9961664166297853
260	38	0.9969191494470535
270	38	0.9994102525582558
280	38	1.0014454042996859
290	38	0.9999204205251719
300	38	1.0003720698202871
310	38	0.9996051322835546
320	38	0.9995118451824893
330	38	1.0000469934482996
340	38	0.9997420061795682
350	38	0.9998189749830239
360	38	1.0003066038514234
370	38	0.9996173712319596
380	38	1.0002056344813715
390	38	0.9999796245234484
400	38	1.0000465950897433
410	38	0.999985572169265
420	38	0.9999919275730882
430	38	1.000033682905964
440	38	1.0000216789810055
450	38	1.0000620361644923
460	38	1.000030336390576
470	38	1.0000346657293318
480	38	1.0000459875773036
490	38	1.0000893103365538
500	38	1.000118065344057
510	38	1.000154359237975
520	38	1.0001946981247418
530	38	1.000255524865633
540	38	1.0003256464031656
550	38	1.0004225913488716
560	38	1.0005542956725406
570	38	1.0007186556981016
580	38	1.0009366565616018
590	38	1.0012178399865799
600	38	1.001583287629707
610	38	1.0020602674864099
620	38	1.0026797589686527
630	38	1.0034857525268628
640	38	1.0045339178883093
650	38	1.0058965165826161
660	38	1.0076672092938221
670	38	1.0099686939190535
680	38	1.012958381366329
690	38	1.0168404319943993
700	38	1.0218786215485172
710	38	1.0284129314616528
720	38	1.0368806622141882
730	38	1.0478435120852474
740	38	1.0620211915357187
750	38	1.0803349143351368
760	38	1.103964843883932
770	38	1.1344296179229953
780	38	1.1737049667763502
790	38	1.2244184396014264
800	38	1.2902463148391796
810	38	1.3762961268148508
820	38	1.490337866015932
830	38	1.6433327233845927
840	38	1.8420780034067132
850	38	2.00771372129175
860	38	1.5213660906640625
870	38	0.058854918822004366
0	39	-0.14206325814202073
10	39	0.025031483825653882
20	39	0.3744189177944669
30	39	0.7365673393581482
40	39	0.7597152547220954
50	39	0.8869437871395403
60	39	0.9170472422874809
70	39	1.0075070225615468
80	39	0.9061374819822541
90	39	1.048919013526708
100	39	1.0846963289789981
110	39	0.9171603062410193
120	39	1.0305433457381652
130	39	0.963215068234254
140	39	0.9401825703648745
150	39	0.9873984440785776
160	39	0.9703020918648209
170	39	0.9911431639746725
180	39	0.9613403404876056
190	39	0.9890721019457975
200	39	1.0054124971976253
210	39	0.9980748828503281
220	39	0.9942948531098699
230	39	1.0068111683760828
240	39	1.001928118413774
250	39	0.9952065335581708
260	39	1.001776629396402
270	39	1.0007549964995164
280	39	1.0000600509060653
290	39	0.9995716050178197
300	39	0.9993012813243894
310	39	0.999394090987013
320	39	1.0002521434654714
330	39	0.9994601723545532
340	39	1.0000150610040266
350	39	0.9999981485201765
360	39	1.0000135993411372
370	39	1.0001111376393157
380	39	0.999965491547232
390	39	0.9999382096626213
400	39	1.0000781918908166
410	39	1.0000144432605387
420	39	1.0000565169088547
430	39	1.0000177865210726
440	39	1.0000055709407774
450	39	1.0000282722131812
460	39	1.0000545095635442
470	39	1.0000799560639013
480	39	1.0000922987827912
490	39	1.000119321837668
500	39	1.000154859459069
510	39	1.0002010294520134
520	39	1.0002623890689242
530	39	1.0003301662878081
540	39	1.0004305875939563
550	39	1.0005587895074313
560	39	1.000722897708676
570	39	1.0009336129739184
580	39	1.0012048771399529
590	39	1.0015574637429732
600	39	1.0020123366944858
610	39	1.0026003868328826
620	39	1.003359236315327
630	39	1.0043400836029595
640	39	1.00560623251316
650	39	1.0072410325397572
660	39	1.009350590942494
670	39	1.0120726390128767
680	39	1.0155829397010452
690	39	1.0201075365406693
700	39	1.0259352014682075
710	39	1.0334351286487709
720	39	1.0430771233469605
730	39	1.0554583325150528
740	39	1.0713356392965463
750	39	1.0916674810018039
760	39	1.1176693909794735
770	39	1.150892460909101
780	39	1.193344058989184
790	39	1.2476933515588966
800	39	1.3176380716952043
810	39	1.408352072360505
820	39	1.5273790976287551
830	39	1.6835971749691634
840	39	1.8699300060958757
850	39	1.931124002305596
860	39	1.15067206459801
870	39	-0.09495574987846582
0	40	-0.2816574411883658
10	40	0.8962682956857694
20	40	0.21991005843168
30	40	0.5940022884450882
40	40	0.6631931971447831
50	40	0.7637202080171439
60	40	0.9751832711115126
70	40	1.0666308270795644
80	40	0.9120343101033246
90	40	0.8184763819389891
100	40	0.9082315626518114
110	40	1.0608159122306715
120	40	0.9908896097553769
130	40	0.961410679942408
140	40	1.0043977051834967
150	40	1.0004358085025942
160	40	0.975793554935203
170	40	0.9874851141489495
180	40	1.0105363254896509
190	40	1.0057561515227424
200	40	0.9885529932075426
210	40	1.0007297484586484
220	40	0.9977332882788118
230	40	1.0024061425434532
240	40	0.9994317088885252
250	40	1.0017378711097111
260	40	0.9975204479931341
270	40	1.000417971187836
280	40	0.9981489691842493
290	40	1.0007776545868061
300	40	1.0012105683250285
310	40	1.0002792904491378
320	40	0.9995856510776625
330	40	0.9997528762150293
340	40	0.9998920742972134
350	40	0.9999190379673417
360	40	0.9996990759254124
370	40	0.999960812063028
380	40	0.9999113608338128
390	40	1.000029819511577
400	40	1.0000294022750795
410	40	1.0000676369867467
420	40	1.0000102084172933
430	40	1.000043453236847
440	40	1.000021655823062
450	40	1.000079687484114
460	40	1.0000842669303724
470	40	1.0000879751801488
480	40	1.000125512226352
490	40	1.0001589695856017
500	40	1.0002067063224211
510	40	1.000261995833917
520	40	1.0003432095508022
530	40	1.0004387425259222
540	40	1.0005633052324874
550	40	1.0007257747475997
560	40	1.0009310919508587
570	40	1.001194088545069
580	40	1.0015342433580507
590	40	1.0019689600257449
600	40	1.002527264117609
610	40	1.0032449284373763
620	40	1.0041646175679328
630	40	1.0053450118396092
640	40	1.0068593079777801
650	40	1.0088009675433225
660	40	1.0112898174745735
670	40	1.0144787290810284
680	40	1.0185625140653285
690	40	1.0237882749827303
700	40	1.0304696579841952
710	40	1.0390030764151292
720	40	1.0498883870008044
730	40	1.0637537378229875
740	40	1.0813869604723012
750	40	1.1037750467077259
760	40	1.1321581698254066
770	40	1.1681072681695122
780	40	1.2136480650992647
790	40	1.2714792367956675
800	40	1.345267523694763
810	40	1.4401762659646489
820	40	1.5630924007560827
830	40	1.718885089835223
840	40	1.8778830148326826
850	40	1.7888158504353844
860	40	0.797823765177595
870	40	-0.1795554939413091
0	41	-0.12394037153676625
10	41	-0.06078707640865179
20	41	0.36849070072465595
30	41	0.7903553397355964
40	41	0.6007268818577121
50	41	0.7822205391531872
60	41	1.0904190105479308
70	41	0.9086143038402813
80	41	0.9363111541915717
90	41	0.9598322287858305
100	41	0.924078249178655
110	41	0.9500747499256692
120	41	1.0565793487386017
130	41	0.9502640620455671
140	41	0.9891976340754685
150	41	0.9769717915338146
160	41	0.9934025489759198
170	41	1.0209449864632638
180	41	0.9931497429573898
190	41	0.989534075708164
200	41	1.0025371363888473
210	41	1.00032679425276
220	41	1.0000169574960651
230	41	0.9985838007641961
240	41	1.0016837242722187
250	41	0.9988925124851121
260	41	1.000904202057592
270	41	0.9981606051473886
280	41	1.0002764667087563
290	41	1.0001434439979908
300	41	0.9996556210236265
310	41	1.0000643047220914
320	41	0.9998913124877138
330	41	1.0000148036289302
340	41	0.9998644724857966
350	41	0.9999848892634836
360	41	1.0000439292590677
370	41	1.0000282589307015
380	41	1.000061774483479
390	41	0.9999883997187204
400	41	0.9999632411719983
410	41	1.00002111666224
420	41	1.000042514986379
430	41	1.0000732683552251
440	41	1.0000412145644975
450	41	1.0000879031499386
460	41	1.0001111500866386
470	41	1.0001365769390216
480	41	1.0001684116767275
490	41	1.0002185909084504
500	41	1.0002769377847025
510	41	1.0003475926464773
520	41	1.000447584864734
530	41	1.000570504236834
540	41	1.000727752541792
550	41	1.0009279875444292
560	41	1.0011854968152818
570	41	1.0015118460375791
580	41	1.0019284005087625
590	41	1.002460804875827
600	41	1.0031394770638147
610	41	1.0040048971609365
620	41	1.005108790377227
630	41	1.006516092728862
640	41	1.008309463771348
650	41	1.0105943958370396
660	41	1.0135041808591752
670	41	1.017207136844209
680	41	1.0219165418158422
690	41	1.0279006947727274
700	41	1.03549646581876
710	41	1.0451256981311265
720	41	1.0573144409443818
730	41	1.072716986779364
740	41	1.0921448206723798
750	41	1.1166046819791349
760	41	1.1473503966817655
770	41	1.1859609404727112
780	41	1.2344679941392904
790	41	1.2955872937759474
800	41	1.37287765814395
810	41	1.4713627588827718
820	41	1.5965859008406231
830	41	1.7465111143200571
840	41	1.857836346593758
850	41	1.581738386126411
860	41	0.5025862450264931
870	41	-0.22140786729542813
0	42	0.10345266559751858
10	42	0.26552020388315445
20	42	0.4444096779087756
30	42	0.7847867152002836
40	42	0.8120290309603175
50	42	0.8229561221043945
60	42	0.8230912797057575
70	42	1.0271481017181079
80	42	1.025941746193634
90	42	0.9949736567082005
100	42	1.0304513538431535
110	42	1.0087754576143204
120	42	1.024287517658348
130	42	1.0044261061900952
140	42	0.9887961157209488
150	42	0.9913490272536042
160	42	0.9982747711036906
170	42	1.00081506267371
180	42	1.0061738125338866
190	42	0.993057196242037
200	42	1.0009774774300162
210	42	0.9980487073667944
220	42	1.0015852213906826
230	42	0.9982156272639144
240	42	1.0012711614305527
250	42	0.9976553990999529
260	42	0.9996159823046139
270	42	0.999079407088968
280	42	0.9998077695662853
290	42	0.9999290336098728
300	42	1.0001562851400183
310	42	1.0001016154977214
320	42	1.0000747186214949
330	42	0.9998976160145255
340	42	0.9998471853405441
350	42	0.999965479799853
360	42	0.9999248923304515
370	42	0.9999822898291565
380	42	1.00005861106553
390	42	1.0000119814669148
400	42	1.000062401227423
410	42	1.0000371014515528
420	42	1.000064157832686
430	42	1.000071189990638
440	42	1.0000827653207425
450	42	1.0000987127090368
460	42	1.0001405463453528
470	42	1.0001758710332962
480	42	1.000220356635259
490	42	1.000282969152099
500	42	1.0003544739373011
510	42	1.000454380702461
520	42	1.0005758721015403
530	42	1.0007321222606664
540	42	1.0009256275202967
550	42	1.0011735857935944
560	42	1.001490762451148
570	42	1.0018911201030751
580	42	1.0023987706357649
590	42	1.00304294225628
600	42	1.0038593536970912
610	42	1.0048942936725742
620	42	1.0062063645997383
630	42	1.007868639471027
640	42	1.009974054418779
650	42	1.012639276118434
660	42	1.0160115858508818
670	42	1.020275408118643
680	42	1.0256617420427936
690	42	1.032458895890348
700	42	1.0410252583354616
710	42	1.0518052618077485
720	42	1.0653471084969603
730	42	1.0823252856505476
740	42	1.1035676184094456
750	42	1.1300912361750153
760	42	1.1631532641501412
770	42	1.2043295821347373
780	42	1.255645956554891
790	42	1.3198187873383178
800	42	1.4001871094991
810	42	1.5014200308322914
820	42	1.6266679305159504
830	42	1.7628879389567311
840	42	1.8013446493841827
850	42	1.3274038603924843
860	42	0.27887556533559454
870	42	-0.23790354436867764
0	43	-0.001437917628549635
10	43	0.2810351429866523
20	43	0.48755848286877784
30	43	0.5433547055155644
40	43	0.7295749266051881
50	43	0.8220196982092863
60	43	0.9049989047982333
70	43	0.9296170145564906
80	43	0.9564430273710519
90	43	0.9702121673172889
100	43	0.9707293126125476
110	43	0.9650593872716698
120	43	1.0104559929603394
130	43	0.9887943848313324
140	43	0.9948217064007476
150	43	0.9935812320078452
160	43	0.9970489198615868
170	43	0.9986346967399053
180	43	0.9997695462825856
190	43	0.9956352370062749
200	43	0.999466438505854
210	43	0.9995821882169934
220	43	0.9995259599500008
230	43	1.0003780510942664
240	43	0.9997109302085083
250	43	1.0010914935937976
260	43	0.9993977192603426
270	43	0.9997625548317296
280	43	0.999709351848692
290	43	1.000100211375993
300	43	1.0002034242613547
310	43	0.9999629251437455
320	43	0.9998914032784365
330	43	1.0000103643388758
340	43	0.9999708040630017
350	43	1.000033857737246
360	43	0.9999773761837171
370	43	0.9999859364321937
380	43	1.0000644772230396
390	43	1.000046139769086
400	43	1.0000247946818603
410	43	1.0000635926965997
420	43	1.0000737407403881
430	43	1.0000909566189111
440	43	1.000104439652554
450	43	1.0001409836914978
460	43	1.0001834283820892
470	43	1.000236693063639
480	43	1.0002882390613848
490	43	1.0003598075655915
500	43	1.0004641285961162
510	43	1.000582203812068
520	43	1.0007324674645803
530	43	1.0009245657294146
540	43	1.0011667838461995
550	43	1.0014710264002138
560	43	1.0018566364236976
570	43	1.0023423095637434
580	43	1.0029543371299598
590	43	1.0037259968184005
600	43	1.0046993187931603
610	43	1.0059259788222112
620	43	1.0074711062030959
630	43	1.00941793801301
640	43	1.011868438288714
650	43	1.0149519606176498
660	43	1.0188290151340285
670	43	1.0236994896163008
680	43	1.0298117629175891
690	43	1.0374726343352518
700	43	1.0470598962124593
710	43	1.059036965844606
720	43	1.073969580457765
730	43	1.092546066254376
740	43	1.11560286299252
750	43	1.1441584677050767
760	43	1.1794636702854808
770	43	1.2230807857971926
780	43	1.2770168140393918
790	43	1.3439620209789302
800	43	1.426878310875549
810	43	1.529731958743773
820	43	1.65174372982558
830	43	1.763488124494402
840	43	1.7018627579183525
850	43	1.055208957934447
860	43	0.12143466724950475
870	43	-0.23967643257013826
0	44	0.03347850894533866
10	44	0.2090626404475267
20	44	0.41138440176442737
30	44	0.5960502926847246
40	44	0.7255606448841044
50	44	0.8062381624698594
60	44	0.9032916608639724
70	44	0.921976674648687
80	44	0.9363923725863871
90	44	0.9583193830668193
100	44	0.9612915253480455
110	44	0.9754025125393443
120	44	0.9845023590848688
130	44	1.0003548558716187
140	44	0.9906953299868204
150	44	1.0020226315953824
160	44	0.9997207838389106
170	44	0.9987515787682183
180	44	1.0014420352341344
190	44	0.9999045823617863
200	44	0.9998984550389167
210	44	1.0002389397143892
220	44	0.9994186982992084
230	44	0.9996499902230669
240	44	0.9999165273925488
250	44	0.9998522498075539
260	44	0.9995558897286012
270	44	1.00010807796465
280	44	1.0002464017293737
290	44	0.9998700361155364
300	44	1.0000036616578163
310	44	1.0001402121818568
320	44	0.999906261802936
330	44	0.9999864953621356
340	44	0.9999905953785124
350	44	0.999985491175625
360	44	1.0000575530876177
370	44	1.000057514970748
380	44	1.0000373281702046
390	44	1.0000242978786544
400	44	1.0000525707932204
410	44	1.0000588879376746
420	44	1.0000941014475626
430	44	1.0001230434524353
440	44	1.0001439760276472
450	44	1.0001843349005217
460	44	1.000228702632895
470	44	1.0003008294140596
480	44	1.0003713439288466
490	44	1.000469925688585
500	44	1.0005865889646128
510	44	1.000735804655357
520	44	1.0009234142860746
530	44	1.0011579399815307
540	44	1.001452983672438
550	44	1.0018254477404274
560	44	1.0022891882903524
570	44	1.002872519131934
580	44	1.0036035638717113
590	44	1.0045209257107626
600	44	1.0056706323871112
610	44	1.0071119606881507
620	44	1.0089175094035514
630	44	1.0111784627803366
640	44	1.0140085979249225
650	44	1.0175477894207239
660	44	1.021970813322959
670	44	1.0274922826189725
680	44	1.0343765370751599
690	44	1.042947073442046
700	44	1.0535983192819613
710	44	1.0668087860688709
720	44	1.08315642097134
730	44	1.1033370803109102
740	44	1.12818796310492
750	44	1.158720594500449
760	44	1.196170271371546
770	44	1.242075646549284
780	44	1.298408617441745
790	44	1.3677849819180963
800	44	1.4525801290977314
810	44	1.5555069329032762
820	44	1.669713158136487
830	44	1.7430734370653655
840	44	1.5580024709954339
850	44	0.7953998834049841
860	44	0.016562000214378734
870	44	-0.23310195566216574
0	45	-0.010925020627916063
10	45	0.3029884415708639
20	45	0.4038724376679731
30	45	0.5404920558256788
40	45	0.6960731731749995
50	45	0.7650372283058247
60	45	0.8391162295720959
70	45	0.9219847459476359
80	45	0.9507355833725128
90	45	0.9662707170308008
100	45	0.9649394904499419
110	45	0.9917515467137212
120	45	0.9867057187335538
130	45	0.9935129110746033
140	45	0.9958180547495514
150	45	0.9952548171921275
160	45	0.9990066492407523
170	45	0.9988795454587889
180	45	0.9982010387448568
190	45	0.9995394782572562
200	45	0.9989353797049088
210	45	0.9995676331434306
220	45	1.0004273016475367
230	45	1.0004300288739558
240	45	1.0003054044064428
250	45	0.999562519050439
260	45	0.9996779742558968
270	45	1.0001019605287862
280	45	1.000107191124647
290	45	1.0000347883811171
300	45	0.9999269441970103
310	45	0.9999484194989051
320	45	1.00000940729588
330	45	0.9999839000294043
340	45	0.9999460847864633
350	45	1.0000312068472978
360	45	1.0000193268597546
370	45	1.0000512588033337
380	45	1.0000702408591595
390	45	1.000065459491988
400	45	1.0000740548164389
410	45	1.0001005683772344
420	45	1.0001229543371295
430	45	1.000154899301273
440	45	1.000189151390098
450	45	1.0002439100824805
460	45	1.000304886515651
470	45	1.0003781242549699
480	45	1.0004733226521707
490	45	1.000592604228794
500	45	1.0007372094281086
510	45	1.00092095124823
520	45	1.0011515853197968
530	45	1.0014370630746465
540	45	1.0017947349015213
550	45	1.0022403276765866
560	45	1.002796292302179
570	45	1.0034912213343339
580	45	1.004357417638378
590	45	1.0054380065603452
600	45	1.0067855016393337
610	45	1.0084654552702004
620	45	1.0105583728007863
630	45	1.0131645251859296
640	45	1.0164077770022877
650	45	1.0204403606007786
660	45	1.0254493915151652
670	45	1.031663616664563
680	45	1.0393618520546215
690	45	1.0488820541715933
700	45	1.0606319620274698
710	45	1.0751009804816658
720	45	1.0928737487529765
730	45	1.1146470058509117
740	45	1.1412515120647202
750	45	1.173683821639268
760	45	1.2131554319422981
770	45	1.2611701481645163
780	45	1.3196411961815258
790	45	1.3910226055044284
800	45	1.4768434306628713
810	45	1.5777170972231473
820	45	1.6779034275418583
830	45	1.6963593392987653
840	45	1.3762259739201896
850	45	0.5695186169880976
860	45	-0.05016451837974296
870	45	-0.22198669249458472
0	46	-0.002194207290556862
10	46	0.15910971724843515
20	46	0.43543948856436665
30	46	0.5632901713320517
40	46	0.6929071735195328
50	46	0.8093702244109153
60	46	0.8395268499432803
70	46	0.9085346873288708
80	46	0.9464815581720732
90	46	0.9531840248768308
100	46	0.9759984961096515
110	46	0.986507663029552
120	46	0.9914355466041541
130	46	0.9850644971090733
140	46	0.9981213355728055
150	46	0.9947966980907226
160	46	0.9994528157953637
170	46	1.0016817403482368
180	46	0.9996892385753107
190	46	0.9991428989799542
200	46	0.9988940630792966
210	46	1.000568988956692
220	46	1.0007154690712792
230	46	1.0004335578074326
240	46	0.9996698875036252
250	46	1.0001596945768254
260	46	0.9998279157955247
270	46	0.9996460383130532
280	46	0.9999799779643074
290	46	0.9998853902614875
300	46	0.9999603923371428
310	46	0.999967098174059
320	46	1.0000475579466719
330	46	1.0000249782052515
340	46	0.9999487476383423
350	46	1.0000438785154493
360	46	1.0000462216754091
370	46	1.0000765222287007
380	46	1.000061711287631
390	46	1.0000981765343153
400	46	1.0001057475879898
410	46	1.0001224009328373
420	46	1.0001648282850448
430	46	1.0002100439025587
440	46	1.000247975491433
450	46	1.000313576128213
460	46	1.0003860745290694
470	46	1.0004817122625118
480	46	1.000598056709441
490	46	1.0007391545458104
500	46	1.0009210248006757
510	46	1.001144010118317
520	46	1.0014204241217726
530	46	1.001766478099988
540	46	1.0021945585125502
550	46	1.002726220896722
560	46	1.0033872735153024
570	46	1.0042074013254143
580	46	1.0052248588886221
590	46	1.0064881837434796
600	46	1.0080557151877219
610	46	1.0099986226470765
620	46	1.012406780160374
630	46	1.0153889605563002
640	46	1.019079408356899
650	46	1.0236414504268583
660	46	1.029274463150399
670	46	1.0362198597582577
680	46	1.0447690684482784
690	46	1.0552719328916607
700	46	1.0681458541379625
710	46	1.083886424998035
720	46	1.1030795151708626
730	46	1.1264163967503895
740	46	1.1547144462866883
750	46	1.1889481418033319
760	46	1.2302968598440525
770	46	1.2802156728584113
780	46	1.3405223748308663
790	46	1.4133590992063165
800	46	1.4991098571345338
810	46	1.595034761462926
820	46	1.6730932787087949
830	46	1.6192203028772791
840	46	1.1706818674856836
850	46	0.38708046914752514
860	46	-0.09056017303130738
870	46	-0.20859703636240526
0	47	0.0028127358962992135
10	47	0.2109523560007433
20	47	0.4117043359384091
30	47	0.5398201541568762
40	47	0.6717903052976134
50	47	0.8119970933281357
60	47	0.8654446958358989
70	47	0.9129107497403692
80	47	0.9364889185636912
90	47	0.964890760136879
100	47	0.9722193579114967
110	47	0.985789687902653
120	47	0.9874858772890092
130	47	0.9930674275783969
140	47	0.9948998452669209
150	47	0.9953991154413125
160	47	0.9977343799390346
170	47	0.998871593883519
180	47	0.9991119212680273
190	47	0.9998772441662866
200	47	0.9993225012642075
210	47	0.9997910815875664
220	47	1.0001127286457057
230	47	0.999748001201357
240	47	1.0000745374583462
250	47	0.9997817466047803
260	47	0.9997960750937157
270	47	1.0001388126823132
280	47	0.9999667479331829
290	47	0.9998048057344614
300	47	1.0001389444611326
310	47	1.0000200396536367
320	47	1.0000162403171844
330	47	0.9999951645341488
340	47	1.0000514419431479
350	47	1.0000657121627945
360	47	1.0000536321638542
370	47	1.000074140728613
380	47	1.0000963565700318
390	47	1.000124989916026
400	47	1.0001198040133668
410	47	1.0001598991314231
420	47	1.0002059803613292
430	47	1.0002555108237756
440	47	1.0003152778522661
450	47	1.0003934302239392
460	47	1.000486309004726
470	47	1.0006019022030102
480	47	1.0007429079575836
490	47	1.000920171461178
500	47	1.0011376274985613
510	47	1.0014079591175213
520	47	1.0017406165303742
530	47	1.0021521204521628
540	47	1.0026608702720223
550	47	1.0032907253931196
560	47	1.0040683783949358
570	47	1.0050295083590595
580	47	1.0062168120515036
590	47	1.0076827670486175
600	47	1.0094920446538636
610	47	1.0117236185198917
620	47	1.0144750560761222
630	47	1.0178639488244787
640	47	1.022034308936774
650	47	1.0271603207424411
660	47	1.0334524892550605
670	47	1.0411633319326703
680	47	1.050594774719993
690	47	1.0621053189369798
700	47	1.0761182257029938
710	47	1.0931306582422204
720	47	1.113724157802309
730	47	1.1385785379668043
740	47	1.168491530211087
750	47	1.204408921274706
760	47	1.2474687624201037
770	47	1.2990582659857477
780	47	1.3608411953293056
790	47	1.4344088786410185
800	47	1.518674095845826
810	47	1.6057789185343172
820	47	1.651706506199804
830	47	1.5102979295192158
840	47	0.9595401385430335
850	47	0.2477717367131893
860	47	-0.11327985119407114
870	47	-0.1942747569509533
0	48	0.0022975848981415968
10	48	0.1975688060028351
20	48	0.3870037178915647
30	48	0.5820277644838724
40	48	0.6840260213979971
50	48	0.7780558307404807
60	48	0.8359483198481217
70	48	0.8934847553935492
80	48	0.9318161697564292
90	48	0.957860453136277
100	48	0.9678886457203555
110	48	0.9813470078346835
120	48	0.9847526875928126
130	48	0.9897332241833336
140	48	0.9930083312578735
150	48	0.9955752279337766
160	48	0.9968295533417781
170	48	0.9980559611302929
180	48	0.9989483430253941
190	48	0.999251205553271
200	48	0.9995159595617824
210	48	1.0003939136645477
220	48	1.0001004295212979
230	48	0.999810230755874
240	48	1.0001007807483389
250	48	1.0000578116358356
260	48	1.0000296538956097
270	48	0.9999844212839432
280	48	1.000015468496756
290	48	1.0000306340349934
300	48	0.9999922425749209
310	48	0.9999606042887718
320	48	1.000016397075069
330	48	1.0000267637822706
340	48	1.0000697053971597
350	48	1.0000574222510872
360	48	1.0000812047108056
370	48	1.0000795569876515
380	48	1.0001231745146009
390	48	1.0001401706359312
400	48	1.000179548634843
410	48	1.0002065271370384
420	48	1.0002634344363803
430	48	1.0003224809296494
440	48	1.0003954023137522
450	48	1.0004937614015972
460	48	1.0006071354282644
470	48	1.0007468769631187
480	48	1.0009187935011215
490	48	1.001132479155323
500	48	1.0013932376798407
510	48	1.0017155973002874
520	48	1.0021126668477616
530	48	1.002599977616563
540	48	1.0032014433026595
550	48	1.0039408051085879
560	48	1.0048500038773798
570	48	1.0059680208851112
580	48	1.0073428626585528
590	48	1.0090316018084133
600	48	1.0111060525424929
610	48	1.0136519147894585
620	48	1.0167741093334532
630	48	1.0205995723525965
640	48	1.0252814051343269
650	48	1.0310037756094292
660	48	1.0379867924016695
670	48	1.0464924384918026
680	48	1.0568304571867626
690	48	1.0693649323319168
700	48	1.084520973073183
710	48	1.1027924595885603
720	48	1.1247514354874184
730	48	1.1510607353930191
740	48	1.1824929249203529
750	48	1.2199582860739302
760	48	1.2645423688274129
770	48	1.317536262002052
780	48	1.3803579290639065
790	48	1.4537034374629332
800	48	1.5346431323573784
810	48	1.6078956689789898
820	48	1.6102514609230936
830	48	1.3724338253693642
840	48	0.759805039855793
850	48	0.1457790521156287
860	48	-0.12433278028378124
870	48	-0.17980517469229118
0	49	0.007421738726726937
10	49	0.1986645969998549
20	49	0.38882977664126683
30	49	0.5461724573723893
40	49	0.6708845350116132
50	49	0.764460565156647
60	49	0.8503833915378782
70	49	0.8946909671931574
80	49	0.9263749662414424
90	49	0.9492971541403898
100	49	0.9642211750630114
110	49	0.9797036062795407
120	49	0.9858498377463092
130	49	0.9905830571575367
140	49	0.9941124477777423
150	49	0.99712636424576
160	49	0.9973993085900096
170	49	0.997904041765396
180	49	0.9983090824235418
190	49	0.9992148047122538
200	49	0.9993475245808635
210	49	0.9995471770651062
220	49	0.9998859426305
230	49	0.9997923291833364
240	49	0.9999641321623546
250	49	0.9997998951289142
260	49	0.9998215944926404
270	49	0.9999692875419676
280	49	1.0000325517330788
290	49	1.0000114210818998
300	49	0.9999939549748087
310	49	1.000039222332369
320	49	1.0000056031447095
330	49	1.0000637532310892
340	49	1.0000795363611887
350	49	1.0000783971789524
360	49	1.0000981430173226
370	49	1.0001193597147704
380	49	1.0001458557668605
390	49	1.0001753561729694
400	49	1.0002141432942755
410	49	1.0002733395139676
420	49	1.000329387819477
430	49	1.0004094135646677
440	49	1.0004996343690993
450	49	1.0006123046403477
460	49	1.0007506757171327
470	49	1.000918135838191
480	49	1.001127018906509
490	49	1.0013803008688849
500	49	1.001691877473251
510	49	1.0020747792339884
520	49	1.0025444997733106
530	49	1.0031181625980128
540	49	1.003822093169135
550	49	1.0046835073625429
560	49	1.0057395028972398
570	49	1.007031532890594
580	49	1.0086121791742793
590	49	1.0105453740316754
600	49	1.0129078820003365
610	49	1.0157932424866571
620	49	1.0193136868268202
630	49	1.0236045177158835
640	49	1.0288274887011333
650	49	1.0351754679850487
660	49	1.0428769047268767
670	49	1.0522009868192603
680	49	1.0634626192199765
690	49	1.077027878625875
700	49	1.0933197540136068
710	49	1.112824324196182
720	49	1.1360992886899217
730	49	1.1637856466262513
740	49	1.1966253978966621
750	49	1.2354860822140117
760	49	1.281385414928163
770	49	1.335476042646977
780	49	1.398791372428418
790	49	1.4706921454826645
800	49	1.5458979845969247
810	49	1.599008005771938
820	49	1.5460358450427856
830	49	1.213042741317967
840	49	0.583413709581714
850	49	0.07350222417559758
860	49	-0.1277848788853441
870	49	-0.1656377823678834
0	50	0.0098733352573806
10	50	0.1987773726752298
20	50	0.3782992510231537
30	50	0.5345487931559808
40	50	0.6621044606619919
50	50	0.7603947349688618
60	50	0.8336361424661659
70	50	0.8849888051342178
80	50	0.9206650453365616
90	50	0.9434992170104655
100	50	0.9648864558986834
110	50	0.9736707762247125
120	50	0.9829815008553279
130	50	0.989519755900163
140	50	0.9929527432862674
150	50	0.995465852201816
160	50	0.9968412104537516
170	50	0.9975023709148256
180	50	0.9980100566418009
190	50	0.9989670515790183
200	50	0.9994905021491376
210	50	0.9996645389953744
220	50	0.9998109253623513
230	50	0.9997229352621023
240	50	0.9996778152942886
250	50	0.9998580785597252
260	50	0.9999615668134859
270	50	0.9999475690511902
280	50	0.9999624601153797
290	50	1.0000189139166569
300	50	1.0000368775970847
310	50	0.9999915778676395
320	50	1.0000503310415272
330	50	1.0000665174362375
340	50	1.0000753943708112
350	50	1.00010914343576
360	50	1.0001335593475893
370	50	1.0001448510427484
380	50	1.0001963451940583
390	50	1.0002202499524295
400	50	1.000279402443964
410	50	1.0003362507486266
420	50	1.0004109568253832
430	50	1.0005050397982231
440	50	1.000616317672962
450	50	1.0007517374034163
460	50	1.000918363276344
470	50	1.0011212986767961
480	50	1.0013694949882395
490	50	1.0016714016159176
500	50	1.0020395462187606
510	50	1.0024910249172965
520	50	1.0030410519527513
530	50	1.0037118488267798
540	50	1.0045304627600633
550	50	1.0055287756817612
560	50	1.0067456095343088
570	50	1.0082286100538904
580	50	1.0100346688856396
590	50	1.0122332728275356
600	50	1.01490727504914
610	50	1.0181570734816965
620	50	1.0221020974722272
630	50	1.0268854653717976
640	50	1.0326768064220768
650	50	1.0396761661893843
660	50	1.0481187068714657
670	50	1.0582783889829739
680	50	1.0704724409094424
690	50	1.0850655388231716
700	50	1.1024744505871689
710	50	1.123173302512324
720	50	1.1477010536788876
730	50	1.1766724244436324
740	50	1.2107935884052632
750	50	1.2508802872269635
760	50	1.2978605304142192
770	50	1.3526856484136323
780	50	1.4158051946286694
790	50	1.4847559217584116
800	50	1.5510694503146647
810	50	1.5765763157290829
820	50	1.4580632363757375
830	50	1.0428824572285638
840	50	0.43603386341366623
850	50	0.02371128153009903
860	50	-0.12635347271186514
870	50	-0.15201895084410605
0	51	-0.0028028718091687435
10	51	0.19100039998210686
20	51	0.36760763243371447
30	51	0.526872230386302
40	51	0.6549031087218733
50	51	0.7516844271595817
60	51	0.8248258769910275
70	51	0.8802270397571488
80	51	0.9155507017039628
90	51	0.9419892354828817
100	51	0.9614492048424379
110	51	0.9735344103863486
120	51	0.9802176727817385
130	51	0.9874568257686736
140	51	0.9913881105735023
150	51	0.9947932350237568
160	51	0.9965866512099769
170	51	0.9975999979292167
180	51	0.9982501859985465
190	51	0.9989586411305741
200	51	0.9992765113591479
210	51	0.9995842838327257
220	51	0.9995752289107872
230	51	0.9997387982095868
240	51	0.9999561438570406
250	51	0.9999209360440435
260	51	0.9999477501724313
270	51	0.9999805353670745
280	51	1.000022178106427
290	51	1.0000568640084124
300	51	1.0000167190829825
310	51	1.0000564998552084
320	51	1.0000709064258537
330	51	1.0000902433615608
340	51	1.0001102055300721
350	51	1.0001225020106632
360	51	1.0001521590290177
370	51	1.00018763170151
380	51	1.0002334585738346
390	51	1.0002865982379425
400	51	1.0003385973754662
410	51	1.0004124382836133
420	51	1.0005095271218896
430	51	1.000620643138658
440	51	1.0007535851468656
450	51	1.0009171764087035
460	51	1.001114861073546
470	51	1.0013572152965173
480	51	1.0016499787145126
490	51	1.0020076086121528
500	51	1.002440754670313
510	51	1.0029689351846482
520	51	1.0036097426224202
530	51	1.0043880830625398
540	51	1.0053342226978532
550	51	1.0064827871891084
560	51	1.0078772017270952
570	51	1.0095685803241747
580	51	1.0116195613875991
590	51	1.014104408881056
600	51	1.0171128285812032
610	51	1.020751086016211
620	51	1.0251458414266954
630	51	1.0304469876340816
640	51	1.0368306965144238
650	51	1.0445030517558502
660	51	1.0537038952408113
670	51	1.0647094175028569
680	51	1.0778361709694653
690	51	1.0934440589689884
700	51	1.111939868414985
710	51	1.1337818797666706
720	51	1.159486480134968
730	51	1.189637926946637
740	51	1.2249007303110997
750	51	1.266026657939541
760	51	1.3138222969948297
770	51	1.3689462772941305
780	51	1.4309962974264212
790	51	1.4952146387823975
800	51	1.5485437759242608
810	51	1.5382052986665822
820	51	1.3478395183149348
830	51	0.8736077043404666
840	51	0.31810678220142324
850	51	-0.00959025125195276
860	51	-0.12184432440871135
870	51	-0.1390722570725409
0	52	0.0005817392100335951
10	52	0.18946420212762
20	52	0.3693582595590802
30	52	0.5189142847901311
40	52	0.6461743850141256
50	52	0.7477559075881456
60	52	0.8202943808766947
70	52	0.8736608228238245
80	52	0.9110203434015406
90	52	0.9400863882388316
100	52	0.9576375956525869
110	52	0.9716748884733843
120	52	0.9799277625839888
130	52	0.9861292875232559
140	52	0.9907881117497702
150	52	0.9938274305882342
160	52	0.9957777095791056
170	52	0.996952940291434
180	52	0.9979636263329336
190	52	0.9984585516160944
200	52	0.9989607140855603
210	52	0.9993102243979797
220	52	0.9995929316922204
230	52	0.9996860276382733
240	52	0.9998172882950623
250	52	0.9998573841656149
260	52	0.9999608770256956
270	52	0.9999593869471793
280	52	0.9999689161735004
290	52	1.000034345241573
300	52	1.0000500798212757
310	52	1.0000649865004896
320	52	1.000097240490186
330	52	1.0000990543598673
340	52	1.000130373753856
350	52	1.0001648967881043
360	52	1.000192695596411
370	52	1.0002406493795997
380	52	1.0002952829030263
390	52	1.0003489717569793
400	52	1.0004196840444537
410	52	1.0005152308853753
420	52	1.0006247430719695
430	52	1.0007557668319482
440	52	1.0009168824065597
450	52	1.0011107143328872
460	52	1.00134611391761
470	52	1.0016313951150668
480	52	1.0019765262397398
490	52	1.0023946505159402
500	52	1.0029003196332227
510	52	1.0035138627814715
520	52	1.004256072238473
530	52	1.0051540018895335
540	52	1.0062402497415701
550	52	1.0075538941710422
560	52	1.0091414930563556
570	52	1.0110595006859364
580	52	1.013374661985946
590	52	1.0161671195588424
600	52	1.019532023033396
610	52	1.0235818618054258
620	52	1.0284495529767028
630	52	1.0342909679562076
640	52	1.0412875512384652
650	52	1.0496499185744304
660	52	1.0596201363968378
670	52	1.0714743145179093
680	52	1.0855253076061429
690	52	1.102124843365947
700	52	1.1216664116101045
710	52	1.1445889511058072
720	52	1.1713828044458146
730	52	1.202597631046473
740	52	1.2388490086016586
750	52	1.2808075648530706
760	52	1.329112799566141
770	52	1.3840021258584054
780	52	1.4438878865385094
790	52	1.5012975786629452
800	52	1.536520628569216
810	52	1.482098999836268
820	52	1.2196936939739442
830	52	0.7152287001551876
840	52	0.2268221438588719
850	52	-0.03103205857724161
860	52	-0.1154543441478765
870	52	-0.12684740443227266
0	53	-0.000665148833821299
10	53	0.1895037555095166
20	53	0.3584712192734987
30	53	0.5139559589021319
40	53	0.6393728310160363
50	53	0.7372424862045324
60	53	0.8097759231630252
70	53	0.8660509755847033
80	53	0.9061035214584098
90	53	0.9358635948804166
100	53	0.9551326790067831
110	53	0.9692567191360988
120	53	0.9787285544364552
130	53	0.985003856343926
140	53	0.9899508802780996
150	53	0.9931203519284901
160	53	0.9951759685774093
170	53	0.9966575882663495
180	53	0.9976358659209759
190	53	0.9984993720168662
200	53	0.9989048924419166
210	53	0.9992789461966828
220	53	0.9995129377356058
230	53	0.9996935063663244
240	53	0.9997695750772639
250	53	0.9998695010665082
260	53	0.9999362186652304
270	53	0.9999837655893468
280	53	1.0000128433059734
290	53	1.0000103177378052
300	53	1.0000541136121655
310	53	1.0000701670448071
320	53	1.0001032888783032
330	53	1.0001314982524108
340	53	1.0001576012957558
350	53	1.0001957921398408
360	53	1.0002432473109197
370	53	1.000296144949682
380	53	1.000350111617634
390	53	1.0004324144777703
400	53	1.0005221076623545
410	53	1.0006271574907017
420	53	1.0007599025066691
430	53	1.0009142226921672
440	53	1.0011060140747081
450	53	1.001336628126996
460	53	1.001611774287049
470	53	1.0019474192046323
480	53	1.0023504686511446
490	53	1.0028372298687527
500	53	1.003424788321808
510	53	1.0041330561962087
520	53	1.0049864678520017
530	53	1.0060161022307923
540	53	1.0072563068370506
550	53	1.0087496233135806
560	53	1.0105472037432257
570	53	1.0127092576566723
580	53	1.0153079294503868
590	53	1.018428358101688
600	53	1.0221709376747539
610	53	1.0266539706595166
620	53	1.03201564220147
630	53	1.0384167334627459
640	53	1.0460427733655746
650	53	1.0551068023298618
660	53	1.0658510421825982
670	53	1.078549013718631
680	53	1.0935068493927942
690	53	1.1110651073678075
700	53	1.1316008504447774
710	53	1.1555307027282458
720	53	1.183315742266994
730	53	1.2154663025987145
740	53	1.2525392546233727
750	53	1.2950997636396875
760	53	1.343555630278496
770	53	1.3975495280795964
780	53	1.4539266505461108
790	53	1.5020645709682863
800	53	1.5131458655889003
810	53	1.4076009770336386
820	53	1.080317124243513
830	53	0.5745117159443639
840	53	0.15794435558804376
850	53	-0.04404922387965197
860	53	-0.10797548516965293
870	53	-0.11535022796807098
0	54	-0.00135408140936088
10	54	0.1847709447869088
20	54	0.35233765338879497
30	54	0.5042943335624976
40	54	0.6299473476552298
50	54	0.7299749917574332
60	54	0.8033298995525028
70	54	0.8607725749151769
80	54	0.9020756190897975
90	54	0.9304049423788573
100	54	0.9515296401146424
110	54	0.9663859802930078
120	54	0.9763826784083316
130	54	0.9838388208394894
140	54	0.989061973875407
150	54	0.9923353439492282
160	54	0.9945297779499994
170	54	0.996453698962238
180	54	0.9973650865267999
190	54	0.9983037220949057
200	54	0.9988663981882498
210	54	0.9991381513036145
220	54	0.9993948663450479
230	54	0.9996026153578035
240	54	0.999741408845952
250	54	0.999879423428669
260	54	0.9999027496866518
270	54	1.0000168889237975
280	54	1.000026724794338
290	54	1.0000434674151797
300	54	1.0000564318955352
310	54	1.0000794659393855
320	54	1.0001265057657285
330	54	1.0001703994373963
340	54	1.0001981365069526
350	54	1.000247101197987
360	54	1.000297222618859
370	54	1.000358482561877
380	54	1.0004328056373986
390	54	1.000526292884766
400	54	1.0006309272542382
410	54	1.0007612180994312
420	54	1.0009145812510967
430	54	1.0011013941014166
440	54	1.0013264641700124
450	54	1.0015961375824625
460	54	1.0019200084865965
470	54	1.002309317954492
480	54	1.0027780370822144
490	54	1.0033409899926113
500	54	1.0040183450730262
510	54	1.0048313603364825
520	54	1.0058080450851548
530	54	1.006980899199303
540	54	1.0083885796551166
550	54	1.0100769839380828
560	54	1.0121008459776335
570	54	1.0145251025520932
580	54	1.0174261016216495
590	54	1.0208939869555322
600	54	1.0250343722985225
610	54	1.029970182905507
620	54	1.0358441730472918
630	54	1.0428209268962905
640	54	1.0510884329704118
650	54	1.0608601260200106
660	54	1.072376412533383
670	54	1.0859053161202707
680	54	1.1017438145811607
690	54	1.1202184675300106
700	54	1.1416871970409768
710	54	1.1665416204003705
720	54	1.195210240431733
730	54	1.228158183900442
740	54	1.2658700570551251
750	54	1.3087711626635097
760	54	1.3569485128935506
770	54	1.4092268582435754
780	54	1.4604778372830631
790	54	1.496315317862736
800	54	1.476734189703904
810	54	1.315672664085764
820	54	0.9375748208745496
830	54	0.45466157202400287
840	54	0.10703821785680266
850	54	-0.05113414159374174
860	54	-0.0999303418576741
870	54	-0.10456119334519792
0	55	0.0023770793028258805
10	55	0.17863508760296556
20	55	0.3491253541646412
30	55	0.4970672909126276
40	55	0.6202271632121253
50	55	0.7212526437973654
60	55	0.7970762067290825
70	55	0.8549575133514119
80	55	0.89680697405791
90	55	0.9268118187395384
100	55	0.9488374049112018
110	55	0.9637971020413366
120	55	0.9748935579568292
130	55	0.9824218266402166
140	55	0.9879060761457117
150	55	0.9916465925314559
160	55	0.9940070616533132
170	55	0.996041912764985
180	55	0.9971972488327631
190	55	0.9979843984354594
200	55	0.9986554732862625
210	55	0.9990877465959639
220	55	0.9993705013925345
230	55	0.9995689364435477
240	55	0.999705293570864
250	55	0.9998098539715569
260	55	0.9998889382103716
270	55	0.9999743272641947
280	55	1.0000271304125847
290	55	1.0000392974032144
300	55	1.0000857090795892
310	55	1.00011486323797
320	55	1.0001598698268177
330	55	1.0001903728623762
340	55	1.0002466887386021
350	55	1.0003050632936505
360	55	1.0003582190755613
370	55	1.000442109331191
380	55	1.0005296646265969
390	55	1.0006339666648032
400	55	1.0007642469465334
410	55	1.0009159377359012
420	55	1.0010986777270203
430	55	1.0013179881744727
440	55	1.0015790081404172
450	55	1.0018939570744003
460	55	1.00227092434251
470	55	1.0027224745021883
480	55	1.0032627252152915
490	55	1.0039110983503858
500	55	1.0046866043922438
510	55	1.0056150864109281
520	55	1.0067264402233647
530	55	1.0080556002970644
540	55	1.0096446316702812
550	55	1.0115432025048536
560	55	1.0138097886843114
570	55	1.0165133032437093
580	55	1.019734777921476
590	55	1.0235687177872534
600	55	1.0281251037474195
610	55	1.0335310904497437
620	55	1.0399329107055848
630	55	1.0474972899472614
640	55	1.0564132732925755
650	55	1.0668928355310723
660	55	1.0791720778551306
670	55	1.093511375520541
680	55	1.110195866273691
690	55	1.1295357787623763
700	55	1.1518675353187735
710	55	1.1775552306563475
720	55	1.2069909683739886
730	55	1.2405868395187505
740	55	1.2787360557631056
750	55	1.3216763896120822
760	55	1.3690548173789572
770	55	1.418606447352789
780	55	1.4628095584932796
790	55	1.4825691150823235
800	55	1.426074462863394
810	55	1.2091112842927882
820	55	0.7990215098263589
830	55	0.3559584767204764
840	55	0.07010572412930421
850	55	-0.05407309890668551
860	55	-0.09166195438118879
870	55	-0.09444677960365899
0	56	-0.00014549871672795098
10	56	0.17682004926669112
20	56	0.3416774820025362
30	56	0.4898804249238724
40	56	0.6146765427227484
50	56	0.7130256289527365
60	56	0.789337095636866
70	56	0.8484367520974251
80	56	0.8913480334593985
90	56	0.9225549483676494
100	56	0.9454421113932724
110	56	0.961431618186537
120	56	0.9729594528384605
130	56	0.9806995849239143
140	56	0.9866799133139996
150	56	0.9904371826476288
160	56	0.9934950099193689
170	56	0.9955497316994165
180	56	0.996832705213831
190	56	0.9977266083724647
200	56	0.998471244368916
210	56	0.9988789878185249
220	56	0.9992168732293962
230	56	0.9994878679902354
240	56	0.9996740483211943
250	56	0.9997849285221216
260	56	0.9999004450901383
270	56	0.9999710200668356
280	56	1.0000181142093376
290	56	1.0000527457756352
300	56	1.0001030685930614
310	56	1.0001408800086207
320	56	1.0001960381795394
330	56	1.000244141158649
340	56	1.0003034400054995
350	56	1.0003624526509987
360	56	1.0004485513194055
370	56	1.0005329851998508
380	56	1.0006376161964714
390	56	1.0007633027654275
400	56	1.0009147906365206
410	56	1.0010941683293713
420	56	1.001307939252656
430	56	1.0015643922579764
440	56	1.0018690995102661
450	56	1.0022342503681743
460	56	1.002669720247445
470	56	1.0031892846213832
480	56	1.0038104649953516
490	56	1.0045514927638695
500	56	1.0054357130540266
510	56	1.006490254223755
520	56	1.0077476466632593
530	56	1.0092461287163006
540	56	1.0110307555406446
550	56	1.0131544214233241
560	56	1.0156797899529229
570	56	1.0186793570059471
580	56	1.0222384935132205
590	56	1.0264556907117723
600	56	1.031444498806027
610	56	1.0373353656288287
620	56	1.0442768537772864
630	56	1.0524366904507727
640	56	1.062002940487235
650	56	1.0731843130937684
660	56	1.0862104966723163
670	56	1.101331941140866
680	56	1.118819796832252
690	56	1.1389658045583233
700	56	1.162082809359393
710	56	1.188504744989985
720	56	1.218582556667759
730	56	1.2526643495049345
740	56	1.2910254347560546
750	56	1.3336513002973065
760	56	1.3795947506729767
770	56	1.4251885688253785
780	56	1.4600654424363433
790	56	1.459190538651111
800	56	1.3607730965126332
810	56	1.100397896084308
820	56	0.6706754254742973
830	56	0.27677716529654545
840	56	0.043820140788112326
850	56	-0.05413821358038757
860	56	-0.08339331241007664
870	56	-0.08496653013500892
0	57	0.000010484769169367762
10	57	0.17370222536286517
20	57	0.3375181666328585
30	57	0.4823008445766736
40	57	0.6054448827351173
50	57	0.7048325844733925
60	57	0.7830068114478201
70	57	0.8419658784737759
80	57	0.8863312361956899
90	57	0.9186892626883635
100	57	0.9419975518005409
110	57	0.9589892450282852
120	57	0.9707159077325367
130	57	0.9793726563481725
140	57	0.9852892777829501
150	57	0.9896467222476327
160	57	0.9927771126715962
170	57	0.994933394495574
180	57	0.9963839529660858
190	57	0.9975084768784791
200	57	0.9982611788453084
210	57	0.9987878434657421
220	57	0.9991247843322446
230	57	0.9994352017573457
240	57	0.9996392202410452
250	57	0.999759990140417
260	57	0.9998755481554679
270	57	0.9999626366059906
280	57	1.000011106076626
290	57	1.00008309637664
300	57	1.0001310793178109
310	57	1.0001923783985192
320	57	1.0002388433519491
330	57	1.0003037235818362
340	57	1.0003675912297325
350	57	1.0004457988037554
360	57	1.0005370504278426
370	57	1.0006405598009265
380	57	1.000766978179143
390	57	1.0009157648598415
400	57	1.0010894035431623
410	57	1.0012996963738279
420	57	1.0015489167997782
430	57	1.001846117706672
440	57	1.002199306752119
450	57	1.0026198506033697
460	57	1.00312070454436
470	57	1.0037156195702504
480	57	1.0044250074015666
490	57	1.0052680780312584
500	57	1.0062706724412953
510	57	1.0074621876775713
520	57	1.0088777880104094
530	57	1.01055849131694
540	57	1.0125526991126172
550	57	1.014916432350058
560	57	1.0177159264857316
570	57	1.0210277870884554
580	57	1.0249406227382802
590	57	1.0295563886934982
600	57	1.0349916191395074
610	57	1.0413791480187657
620	57	1.048868488954354
630	57	1.0576269211266895
640	57	1.0678398627635044
650	57	1.0797107872412046
660	57	1.0934610338375836
670	57	1.109329135648622
680	57	1.1275702874606683
690	57	1.1484559545650754
700	57	1.1722734618044022
710	57	1.199323467602416
720	57	1.2299093340670384
730	57	1.2642999834253883
740	57	1.3026165603987137
750	57	1.3445065393140903
760	57	1.388237029523071
770	57	1.428395964500355
780	57	1.4512434340915028
790	57	1.4246703820445807
800	57	1.281549587057742
810	57	0.9708276784809122
820	57	0.5564024233053066
830	57	0.21454155358062585
840	57	0.025540113975538126
850	57	-0.05223283966948238
860	57	-0.07526690284531108
870	57	-0.07607732920465383
0	58	0.00035238334837969716
10	58	0.17046710004156293
20	58	0.33200948210504333
30	58	0.47574548070721484
40	58	0.5981350504957272
50	58	0.6975590436018678
60	58	0.775434009312243
70	58	0.835951829803412
80	58	0.8807994887266271
90	58	0.9142505726825881
100	58	0.938347510182421
110	58	0.9561926956886406
120	58	0.9685794213893756
130	58	0.9774367262522872
140	58	0.9841530861631683
150	58	0.9888491745519069
160	58	0.9920136777089397
170	58	0.9943110715889105
180	58	0.9960205760681801
190	58	0.9971776307042507
200	58	0.9980359366922819
210	58	0.9986540111075061
220	58	0.999017101608872
230	58	0.9993555554548483
240	58	0.9995814886231442
250	58	0.9997375104758719
260	58	0.999857786091808
270	58	0.9999542220329182
280	58	1.0000415657261812
290	58	1.0001071851778633
300	58	1.0001613350491
310	58	1.0002343791409367
320	58	1.000284221270866
330	58	1.000359617019044
340	58	1.0004500122429234
350	58	1.0005319947722529
360	58	1.0006406737207034
370	58	1.0007653505719238
380	58	1.0009123138831613
390	58	1.001084871454567
400	58	1.001292108563283
410	58	1.0015338701273182
420	58	1.0018229950811897
430	58	1.002166046594939
440	58	1.0025733264441559
450	58	1.0030552816777527
460	58	1.0036272143083969
470	58	1.004306565852317
480	58	1.005111670686422
490	58	1.0060663054547163
500	58	1.0071972372367786
510	58	1.0085367468748079
520	58	1.0101224661460102
530	58	1.0119982855277534
540	58	1.0142157431048802
550	58	1.016834173042956
560	58	1.0199228768691464
570	58	1.0235617723726556
580	58	1.0278427402235104
590	58	1.0328704833462596
600	58	1.0387637277543107
610	58	1.04565633282054
620	58	1.0536976512630103
630	58	1.0630529693988953
640	58	1.0739034518069515
650	58	1.0864455706701075
660	58	1.1008903887376997
670	58	1.1174628120875256
680	58	1.1364004852923266
690	58	1.157952970929174
700	58	1.1823799553413037
710	58	1.2099449128459867
720	58	1.2408947156241714
730	58	1.2753982305342628
740	58	1.3133737805008103
750	58	1.35402051653208
760	58	1.394591926608572
770	58	1.4275674611194482
780	58	1.4352158395411723
790	58	1.3779877130628344
800	58	1.1903752026175798
810	58	0.8501271383469152
820	58	0.4579305697947528
830	58	0.16641319477764077
840	58	0.013227198835951878
850	58	-0.04899776306200417
860	58	-0.06737114346979187
870	58	-0.06773600182637915
0	59	-0.0000799397568383745
10	59	0.1679160383062548
20	59	0.32672473144274033
30	59	0.4687552453472376
40	59	0.5898658620534544
50	59	0.6897030326285201
60	59	0.7689009456059412
70	59	0.8294086389505415
80	59	0.8755032687946253
90	59	0.9095815497999422
100	59	0.934790427102123
110	59	0.9528126903871188
120	59	0.9664226109158555
130	59	0.9758609185418338
140	59	0.9827553692292503
150	59	0.9876499279341217
160	59	0.9912690739696775
170	59	0.9937626139849343
180	59	0.9955973027973508
190	59	0.9968553313398664
200	59	0.9978198466286609
210	59	0.9984513125975385
220	59	0.9989206925683963
230	59	0.999247969554697
240	59	0.9995102089022093
250	59	0.9997011837724414
260	59	0.9998488761424044
270	59	0.9999510580252872
280	59	1.0000464449200748
290	59	1.0001359521870732
300	59	1.0002089476122806
310	59	1.0002770173490507
320	59	1.0003539016784664
330	59	1.000440437859678
340	59	1.0005291495921171
350	59	1.0006399649482594
360	59	1.0007618271876202
370	59	1.000909339888417
380	59	1.0010809022833336
390	59	1.0012819461104834
400	59	1.0015195659349714
410	59	1.0018018725182591
420	59	1.0021348068853042
430	59	1.002528577402872
440	59	1.0029937367258073
450	59	1.003543744224312
460	59	1.0041954362529502
470	59	1.0049650786710174
480	59	1.0058751627285503
490	59	1.0069503877719086
500	59	1.0082202360253045
510	59	1.009719098418163
520	59	1.0114873007173324
530	59	1.013570879748176
540	59	1.016024936352804
550	59	1.018911881655776
560	59	1.0223037169139737
570	59	1.0262834215323584
580	59	1.0309452876370326
590	59	1.0363960231430436
600	59	1.0427557920825115
610	59	1.0501583027788013
620	59	1.0587515029147745
630	59	1.0686971472477884
640	59	1.0801704927564375
650	59	1.0933593178835885
660	59	1.1084630059204996
670	59	1.1256911849907618
680	59	1.145262626765725
690	59	1.1674034419275547
700	59	1.192343107178759
710	59	1.2203026250773568
720	59	1.251460116048425
730	59	1.285856133641711
740	59	1.3231424849735127
750	59	1.3619323003546473
760	59	1.3982062261324912
770	59	1.4219531640012455
780	59	1.410823804902316
790	59	1.31893265216412
800	59	1.0903679651171014
810	59	0.7351328505064302
820	59	0.37528010990427185
830	59	0.12969788850296454
840	59	0.00533517634816819
850	59	-0.04488740346720068
860	59	-0.0597581242674686
870	59	-0.05990079931170609
0	60	-0.00006657676666944545
10	60	0.16519600943527094
20	60	0.3217126827258014
30	60	0.4620937673891965
40	60	0.5831222993028704
50	60	0.6827176859102415
60	60	0.7615886713924281
70	60	0.8232139261856269
80	60	0.8699874540661463
90	60	0.9051422321285437
100	60	0.9311568780220111
110	60	0.9501510064621395
120	60	0.9640480008454618
130	60	0.9741506626226452
140	60	0.9814083533225175
150	60	0.9867121263278742
160	60	0.990366533083079
170	60	0.9931709332737074
180	60	0.9950758383187689
190	60	0.9964993652580557
200	60	0.9974771898594581
210	60	0.9982405307132449
220	60	0.9987707366408501
230	60	0.9991802827466886
240	60	0.9994677901697484
250	60	0.9996591572694543
260	60	0.9998293944827088
270	60	0.9999561207063863
280	60	1.0000656122630622
290	60	1.0001614422432303
300	60	1.000247468882798
310	60	1.0003333925545908
320	60	1.0004299014291422
330	60	1.0005243605193261
340	60	1.0006344472972828
350	60	1.0007605053171151
360	60	1.0009042452120473
370	60	1.001076799923434
380	60	1.0012734854168073
390	60	1.001506187691135
400	60	1.0017804553571779
410	60	1.0021044533819277
420	60	1.0024850391949784
430	60	1.0029350804077926
440	60	1.0034652230912624
450	60	1.0040906513297452
460	60	1.0048275023050577
470	60	1.0056965012249974
480	60	1.00672029577434
490	60	1.0079259780527399
500	60	1.0093449342758019
510	60	1.0110143838176762
520	60	1.012976309613065
530	60	1.0152806509681778
540	60	1.0179844008180297
550	60	1.0211526526410486
560	60	1.0248605736625058
570	60	1.0291930714036448
580	60	1.034246542793561
590	60	1.0401290515619988
600	60	1.0469606412210761
610	60	1.0548742371860744
620	60	1.064014766746428
630	60	1.0745391390402277
640	60	1.086615196985231
650	60	1.100420639944341
660	60	1.116141638410163
670	60	1.1339714471442928
680	60	1.1541086482702394
690	60	1.1767541827769001
700	60	1.2021041272962991
710	60	1.2303296199019493
720	60	1.2615233301938116
730	60	1.2955600387698836
740	60	1.3317435917598601
750	60	1.367935145426806
760	60	1.3985603495028969
770	60	1.4107213408958992
780	60	1.3770520121188263
790	60	1.2482841051119793
800	60	0.9854322379144624
810	60	0.6294767057324163
820	60	0.3073407812511105
830	60	0.10203739166995962
840	60	0.0007030949110171871
850	60	-0.04022382819827456
860	60	-0.052455587149385564
870	60	-0.05253224297408346
0	61	0.00009982034673848911
10	61	0.16256314409213107
20	61	0.3166550064880817
30	61	0.45550469208989536
40	61	0.5758329878933623
50	61	0.6748279584389811
60	61	0.7542656493476186
70	61	0.8171122515680826
80	61	0.8645921388425946
90	61	0.9006099554686395
100	61	0.9274389599161703
110	61	0.9472383559722601
120	61	0.9616391857674045
130	61	0.9722669904009256
140	61	0.9799290790842198
150	61	0.9855249934735661
160	61	0.9895366376630826
170	61	0.9924677514398605
180	61	0.9946319577107436
190	61	0.9961229639416598
200	61	0.9972494930839345
210	61	0.998044058065797
220	61	0.9986289553495741
230	61	0.9990667902813138
240	61	0.9993748464958471
250	61	0.9996265903234138
260	61	0.9998258936101934
270	61	0.9999635755000568
280	61	1.0000844086287248
290	61	1.0001932112436458
300	61	1.0002956106612464
310	61	1.0004023189179871
320	61	1.0005043467977297
330	61	1.0006191377326037
340	61	1.0007486793525793
350	61	1.0008957979377946
360	61	1.0010644998107054
370	61	1.0012606368042163
380	61	1.0014900978288697
390	61	1.0017592240349558
400	61	1.0020737235301698
410	61	1.0024436837137733
420	61	1.0028792959244153
430	61	1.0033905892994677
440	61	1.0039917119928095
450	61	1.0046989238081103
460	61	1.0055289877430862
470	61	1.0065052303342337
480	61	1.0076518894237492
490	61	1.0089975509864608
500	61	1.0105761623347211
510	61	1.012426868298505
520	61	1.0145948167827727
530	61	1.017131715145081
540	61	1.020097071090535
550	61	1.0235589132344014
560	61	1.027594307163205
570	61	1.0322900108639113
580	61	1.0377436256209873
590	61	1.0440634883693425
600	61	1.0513690960506619
610	61	1.0597908603654718
620	61	1.0694697130554283
630	61	1.080556267598616
640	61	1.0932097033183146
650	61	1.107596277147559
660	61	1.1238878682169797
670	61	1.142260247996519
680	61	1.1628905874000797
690	61	1.1859525966896447
700	61	1.2116044620115278
710	61	1.2399574847774486
720	61	1.2709964253222836
730	61	1.3043817137683302
740	61	1.338967776013373
750	61	1.3716713916407526
760	61	1.39506849045608
770	61	1.3929933152667247
780	61	1.3332495711399677
790	61	1.1677941235081142
800	61	0.8797265561885155
810	61	0.5353446621618598
820	61	0.25240239144669807
830	61	0.08146627381810903
840	61	-0.0015357760354079361
850	61	-0.03523502136329346
860	61	-0.04547505541250535
870	61	-0.04559350644174045
0	62	0.00004402391461062912
10	62	0.15981889996465018
20	62	0.3120417538615449
30	62	0.44965170804571136
40	62	0.5684167917106451
50	62	0.6677185287377799
60	62	0.7477995400252843
70	62	0.8106296359033159
80	62	0.8592385030981103
90	62	0.8961122451674272
100	62	0.9235994029386623
110	62	0.944107255073107
120	62	0.959237065345031
130	62	0.9703347875637435
140	62	0.978394882998156
150	62	0.984349472100856
160	62	0.9886151360277899
170	62	0.9917871379593451
180	62	0.9940971164392046
190	62	0.9957291168912046
200	62	0.9969322094528769
210	62	0.9978392474059056
220	62	0.9984729736127785
230	62	0.9989499309961213
240	62	0.9993105469119197
250	62	0.9995848590291098
260	62	0.9997959512799621
270	62	0.9999722970045452
280	62	1.0001063407168092
290	62	1.000231867929312
300	62	1.0003547962954156
310	62	1.0004737631365532
320	62	1.0005975934139848
330	62	1.0007359174844739
340	62	1.0008834409009992
350	62	1.00105184550099
360	62	1.0012483996268304
370	62	1.0014734112230739
380	62	1.0017374817476576
390	62	1.0020451329259008
400	62	1.0024037282226184
410	62	1.002826528606889
420	62	1.0033195526844663
430	62	1.0038987925779848
440	62	1.004576874374337
450	62	1.0053723912765113
460	62	1.0063042914796287
470	62	1.007395906171629
480	62	1.0086737939077397
490	62	1.0101693419954807
500	62	1.011918046067568
510	62	1.0139609328454082
520	62	1.01634604889045
530	62	1.0191267981717103
540	62	1.0223655144806714
550	62	1.0261317931319236
560	62	1.0305044354184267
570	62	1.0355716803521038
580	62	1.0414314937932434
590	62	1.048191550137976
600	62	1.0559696198651658
610	62	1.0648927392204905
620	62	1.075096459737807
630	62	1.0867239198799215
640	62	1.0999244321315456
650	62	1.1148517730840934
660	62	1.1316625974432988
670	62	1.1505141769660738
680	62	1.1715609301639403
690	62	1.194946584660421
700	62	1.2207853460815405
710	62	1.2491150425460338
720	62	1.2797831326608742
730	62	1.3121739919858357
740	62	1.3445699714086798
750	62	1.3727295146429932
760	62	1.3870847781169782
770	62	1.3679206034353477
780	62	1.2793349636633107
790	62	1.0799952329088083
800	62	0.7771089623174212
810	62	0.4535954845074726
820	62	0.20855020148803569
830	62	0.06639656121027689
840	62	-0.0020266770864797324
850	62	-0.0300818682078025
860	62	-0.03881736631826147
870	62	-0.03905059715970727
0	63	-0.00014927902242405314
10	63	0.15752201666816792
20	63	0.3072961498746232
30	63	0.443086472199658
40	63	0.561502861272448
50	63	0.6605569831032349
60	63	0.7406406539367262
70	63	0.8045009940603807
80	63	0.8538039954479515
90	63	0.8913518032229685
100	63	0.9197886153044715
110	63	0.9408572650927651
120	63	0.9567089908481556
130	63	0.9683437902540557
140	63	0.9768306715257837
150	63	0.9831017803605621
160	63	0.9877248487140291
170	63	0.9910478846105856
180	63	0.9935131843010416
190	63	0.9953104384399135
200	63	0.9966266013842158
210	63	0.9975822235051527
220	63	0.9983112841664495
230	63	0.9988374673488124
240	63	0.9992374917714457
250	63	0.9995490258296335
260	63	0.999785801138508
270	63	0.999969939337493
280	63	1.0001393800953509
290	63	1.0002883329848848
300	63	1.000424582720502
310	63	1.0005619064569016
320	63	1.000708452487828
330	63	1.0008623188943873
340	63	1.0010344124911845
350	63	1.0012301037463218
360	63	1.0014559297688632
370	63	1.0017137315285678
380	63	1.002016224701759
390	63	1.0023655049236686
400	63	1.0027742974740064
410	63	1.0032514025462098
420	63	1.003809947376668
430	63	1.004461831459477
440	63	1.005224854240089
450	63	1.0061153681746062
460	63	1.007156438003972
470	63	1.0083720137046202
480	63	1.0097908372295248
490	63	1.011445674868193
500	63	1.0133742705816855
510	63	1.0156203925080323
520	63	1.0182331413614152
530	63	1.021268777276205
540	63	1.0247909219596556
550	63	1.0288710300586905
560	63	1.03358922829444
570	63	1.0390341269372412
580	63	1.045303341016144
590	63	1.0525033064804992
600	63	1.0607488370865699
610	63	1.0701623875161008
620	63	1.0808731582727737
630	63	1.0930157350972547
640	63	1.1067284487692084
650	63	1.1221518244359814
660	63	1.139426445715451
670	63	1.1586901431015992
680	63	1.1800728044446684
690	63	1.203684437289068
700	63	1.2295869410394915
710	63	1.2577266240530498
720	63	1.2877757561616343
730	63	1.3187661623921727
740	63	1.3482646223819699
750	63	1.3706442387135858
760	63	1.3739214883669943
770	63	1.3348049455813429
780	63	1.2159219581525924
790	63	0.9878911535273386
800	63	0.6807054217897303
810	63	0.38405942290593403
820	63	0.17391528934290046
830	63	0.055570535328817144
840	63	-0.0012494899356288614
850	63	-0.024877315469546087
860	63	-0.032476444647426425
870	63	-0.03287228592753671
0	64	0.00008918074694834805
10	64	0.15515101416239838
20	64	0.3025471797902371
30	64	0.4372803109936077
40	64	0.5546224912432935
50	64	0.6533872798773895
60	64	0.7341609794412359
70	64	0.7984245581262459
80	64	0.8482623351359566
90	64	0.8867835136898564
100	64	0.9158220032820598
110	64	0.9377402566901818
120	64	0.9540658724725128
130	64	0.9661973969024463
140	64	0.9751956469049011
150	64	0.9818337473159066
160	64	0.9867042014474166
170	64	0.9902637015130845
180	64	0.9929210928038187
190	64	0.994861351210306
200	64	0.9962923613726029
210	64	0.9973462293473397
220	64	0.9981207490148123
230	64	0.9987093873991558
240	64	0.999161822000626
250	64	0.9994974355560619
260	64	0.9997655094786155
270	64	0.9999825078177706
280	64	1.0001759075107404
290	64	1.000341845610487
300	64	1.0005009786046806
310	64	1.0006620545906995
320	64	1.0008265010908834
330	64	1.0010074746336959
340	64	1.0012055026992832
350	64	1.0014294768703396
360	64	1.0016877458114102
370	64	1.0019832483643405
380	64	1.0023259607188717
390	64	1.0027231647422898
400	64	1.003186089721219
410	64	1.0037251324796508
420	64	1.0043526927807227
430	64	1.0050851414599555
440	64	1.0059379885260067
450	64	1.0069317344870325
460	64	1.0080899074372318
470	64	1.0094379179936002
480	64	1.0110063629454975
490	64	1.0128302721214835
500	64	1.0149490020018213
510	64	1.017408062221155
520	64	1.0202585381428966
530	64	1.023558617389745
540	64	1.027373307640614
550	64	1.0317754020798409
560	64	1.0368452677113886
570	64	1.0426716077885023
580	64	1.049350884793996
590	64	1.056987119152739
600	64	1.0656912868920219
610	64	1.0755804424718582
620	64	1.0867762926195543
630	64	1.0994038632415362
640	64	1.1135898607748254
650	64	1.1294607194829824
660	64	1.1471402087909386
670	64	1.1667456123407725
680	64	1.1883799689834702
690	64	1.212114406042019
700	64	1.2379473131359455
710	64	1.2657099568642016
720	64	1.2948516812054527
730	64	1.3239593562612362
740	64	1.349722549507532
750	64	1.3649011161697486
760	64	1.3548873475409378
770	64	1.2932420569391103
780	64	1.1443284412972452
790	64	0.8946067185816516
800	64	0.5926846080750021
810	64	0.3258862847753314
820	64	0.1468080528651503
830	64	0.048004607406472354
840	64	0.00043889883949409963
850	64	-0.019699952903476422
860	64	-0.02644189633289659
870	64	-0.027030040262509922
0	65	0.00009547165866514943
10	65	0.1527536451529164
20	65	0.2984001939386126
30	65	0.4312903636222622
40	65	0.5479841660825974
50	65	0.6465740039360326
60	65	0.7273863456584685
70	65	0.7921408411587741
80	65	0.8428689222171575
90	65	0.882033182899401
100	65	0.9118958835512287
110	65	0.9344673345164688
120	65	0.9514264486380484
130	65	0.964085122716642
140	65	0.9735060306863298
150	65	0.9804799437819853
160	65	0.9856423435850218
170	65	0.9894747047871062
180	65	0.9922974439343011
190	65	0.9943838638081322
200	65	0.9959428733212387
210	65	0.9970708218062038
220	65	0.9979279308121863
230	65	0.9985848216097858
240	65	0.9990738278403115
250	65	0.999448243037151
260	65	0.9997583927076136
270	65	1.0000005561840206
280	65	1.000218754577503
290	65	1.0004118955267696
300	65	1.0005931740641778
310	65	1.0007748645817138
320	65	1.000967197997895
330	65	1.0011707892870092
340	65	1.0013989533160415
350	65	1.0016552503511176
360	65	1.0019487972327439
370	65	1.002284672939743
380	65	1.0026728486336263
390	65	1.0031222540208404
400	65	1.0036435337951115
410	65	1.004248710631216
420	65	1.004952904841197
430	65	1.0057706819631826
440	65	1.0067211877399251
450	65	1.0078257857776531
460	65	1.0091083562411007
470	65	1.0105974734204923
480	65	1.012324628180187
490	65	1.0143267066646287
500	65	1.0166448383823647
510	65	1.0193262388289448
520	65	1.0224237703764651
530	65	1.0259969932403195
540	65	1.0301119376129066
550	65	1.0348419764128038
560	65	1.0402677504822784
570	65	1.046476844611536
580	65	1.0535637448977282
590	65	1.061629399233729
600	65	1.0707799869477332
610	65	1.0811259540297036
620	65	1.0927809166575237
630	65	1.1058595687527697
640	65	1.1204762564957327
650	65	1.1367427080534085
660	65	1.1547651445972864
670	65	1.174638802745085
680	65	1.1964366496364034
690	65	1.2201839940616526
700	65	1.2458009298451467
710	65	1.272973643978868
720	65	1.3008696670469964
730	65	1.3275224615564911
740	65	1.348570147135115
750	65	1.3549481473233405
760	65	1.3293514707056053
770	65	1.243254269287342
780	65	1.0664661968018654
790	65	0.8030650464703001
800	65	0.5142405033060713
810	65	0.2778555031088184
820	65	0.12577219646053503
830	65	0.042935586790516435
840	65	0.002772963661749383
850	65	-0.014603700181222559
860	65	-0.020700744817920922
870	65	-0.021497859519069847
0	66	-0.000015701061251880054
10	66	0.15047370588700557
20	66	0.2941020490674618
30	66	0.4257139444984052
40	66	0.5413628806795612
50	66	0.639666492931906
60	66	0.72071248581399
70	66	0.7858473009710478
80	66	0.837394064425726
90	66	0.8772660160946714
100	66	0.9078782798976065
110	66	0.9311330374827395
120	66	0.9487472726895051
130	66	0.9618878703234455
140	66	0.9717478937198171
150	66	0.9791099612315203
160	66	0.9845509450893792
170	66	0.9886073084821075
180	66	0.991636027856291
190	66	0.9938607821548454
200	66	0.9955495147927036
210	66	0.9967887996286259
220	66	0.9977337145995765
230	66	0.9984408160552262
240	66	0.9989801372685105
250	66	0.9994097598955136
260	66	0.9997465751004971
270	66	1.000023179566648
280	66	1.0002665447325354
290	66	1.000483955722978
300	66	1.0006944058454992
310	66	1.0009043722458248
320	66	1.0011188612532465
330	66	1.0013571609597895
340	66	1.0016164304781947
350	66	1.0019078627046443
360	66	1.0022397106386969
370	66	1.0026200206100147
380	66	1.0030584684077954
390	66	1.003563664858423
400	66	1.0041483562134403
410	66	1.004826471066155
420	66	1.0056122030240486
430	66	1.006522310181145
440	66	1.0075773246747919
450	66	1.0087995799993643
460	66	1.0102153873950699
470	66	1.0118536340085238
480	66	1.0137483302598962
490	66	1.0159372213874407
500	66	1.018463911262655
510	66	1.0213765226099336
520	66	1.0247294545325552
530	66	1.0285831630605518
540	66	1.0330046354684537
550	66	1.0380670865124864
560	66	1.0438504758197615
570	66	1.0504408636772202
580	66	1.0579301342634493
590	66	1.0664149693730276
600	66	1.0759960181668067
610	66	1.0867765855707057
620	66	1.0988610862619035
630	66	1.11235341876746
640	66	1.1273550101857899
650	66	1.143962376575105
660	66	1.1622631614645922
670	66	1.182328574239454
680	66	1.204197167879363
690	66	1.227839039800857
700	66	1.2530769500612047
710	66	1.2794143508965063
720	66	1.305666031186738
730	66	1.32918899217063
740	66	1.3442133413025343
750	66	1.3402181230327457
760	66	1.2968308636293642
770	66	1.1853745561269025
780	66	0.9846407949240834
790	66	0.7157396982784591
800	66	0.44572624405117023
810	66	0.23860984240629005
820	66	0.10959089371594784
830	66	0.039774009107451
840	66	0.00555507382590064
850	66	-0.009624747414728
860	66	-0.015238664717434383
870	66	-0.016252077181174038
0	67	0.00001504261751109933
10	67	0.14814515770718184
20	67	0.2899732815025536
30	67	0.4201878880479302
40	67	0.5349031750341676
50	67	0.6329635528082033
60	67	0.714160150016634
70	67	0.7797797966966183
80	67	0.8319008015739864
90	67	0.8725001190912958
100	67	0.9038576391136384
110	67	0.9277788639072801
120	67	0.9459363971592939
130	67	0.9596501822026553
140	67	0.9699384832098248
150	67	0.9776318561773586
160	67	0.9834233001042746
170	67	0.9877222183594062
180	67	0.9909304832669996
190	67	0.9933355987863597
200	67	0.9951446887955461
210	67	0.9965064787292668
220	67	0.9975158224691312
230	67	0.9982925566087872
240	67	0.9988951644049751
250	67	0.999358311919591
260	67	0.9997354275151593
270	67	1.0000521819257737
280	67	1.000323186609871
290	67	1.0005717364967486
300	67	1.0008079198179791
310	67	1.0010482548115247
320	67	1.0012953011038734
330	67	1.0015643053647063
340	67	1.0018575914378165
350	67	1.0021894484694118
360	67	1.002564519800484
370	67	1.0029926594735479
380	67	1.003484602639949
390	67	1.0040512554002998
400	67	1.004705220291312
410	67	1.0054608943984358
420	67	1.006334364301044
430	67	1.0073436662787538
440	67	1.0085101525484723
450	67	1.009857975116742
460	67	1.0114143471586767
470	67	1.013210135916657
480	67	1.0152803736710008
490	67	1.0176649465338585
500	67	1.0204081727472372
510	67	1.0235598530158887
520	67	1.027175260191958
530	67	1.0313156122440879
540	67	1.036047919201246
550	67	1.0414450297874538
560	67	1.0475855848744027
570	67	1.0545532787594103
580	67	1.0624364983146266
590	67	1.0713271203516546
600	67	1.0813194672507727
610	67	1.0925088288752804
620	67	1.1049900715569592
630	67	1.1188556846895292
640	67	1.134193749469328
650	67	1.1510848807674199
660	67	1.1695969387591612
670	67	1.1897743436367572
680	67	1.2116153101661475
690	67	1.2350225107134412
700	67	1.2596971370201655
710	67	1.2849137694807595
720	67	1.3090511623989425
730	67	1.3286556912816683
740	67	1.3367385793527213
750	67	1.3201654929387312
760	67	1.2570887866089828
770	67	1.1206561864195488
780	67	0.9013076604569361
790	67	0.6345055175241883
800	67	0.38686257898936693
810	67	0.20680928703199897
820	67	0.09726834860958021
830	67	0.03806567933769845
840	67	0.008638116492777152
850	67	-0.004786534489299138
860	67	-0.010040738496913646
870	67	-0.011271183238514153
0	68	2.1996129197603133e-6
10	68	0.14597960518323827
20	68	0.2859074582221067
30	68	0.4145815599181527
40	68	0.5286353604269841
50	68	0.6263061583164019
60	68	0.7076889352520872
70	68	0.7737228370628717
80	68	0.8264011291200807
90	68	0.8677029050012613
100	68	0.8997457639352329
110	68	0.9243391436083876
120	68	0.9431241139505436
130	68	0.9573349184999673
140	68	0.968077739138741
150	68	0.9761578547076691
160	68	0.9822241998130278
170	68	0.9867947599024093
180	68	0.990221839273954
190	68	0.9927956774645155
200	68	0.9947290625856839
210	68	0.9961823250310256
220	68	0.9972928285393049
230	68	0.9981427934730738
240	68	0.9987917569653789
250	68	0.9993103408921498
260	68	0.9997308612928827
270	68	1.0000847678434759
280	68	1.0003883319663982
290	68	1.0006698207777842
300	68	1.0009412980656407
310	68	1.0012098515883372
320	68	1.0014924080845793
330	68	1.0017955076952245
340	68	1.0021291427184225
350	68	1.0025008957873007
360	68	1.002923513749266
370	68	1.00340392960694
380	68	1.0039550732239202
390	68	1.0045882509501725
400	68	1.0053164190633508
410	68	1.0061555631317605
420	68	1.007122942187202
430	68	1.0082379297246549
440	68	1.009522904917613
450	68	1.0110034078331571
460	68	1.0127080886617055
470	68	1.0146691102389231
480	68	1.0169231218784538
490	68	1.0195110033951622
500	68	1.0224783281717384
510	68	1.0258759293632507
520	68	1.0297599149063343
530	68	1.0341914374346304
540	68	1.0392372410903354
550	68	1.0449691480508332
560	68	1.0514638643957555
570	68	1.0588021352816024
580	68	1.0670680153206282
590	68	1.0763478944238645
600	68	1.0867291053908927
610	68	1.0982984763970896
620	68	1.11114074637978
630	68	1.1253366408598966
640	68	1.1409604303440892
650	68	1.1580760414803084
660	68	1.1767298487879077
670	68	1.1969356863701062
680	68	1.2186435477433286
690	68	1.2416729969675853
700	68	1.2655735481179111
710	68	1.289335461684207
720	68	1.3108066263766274
730	68	1.3255836363427118
740	68	1.3251400059322884
750	68	1.2943193455107485
760	68	1.210222748328927
770	68	1.0506024600379842
780	68	0.8188319995908663
790	68	0.5605896888060661
800	68	0.3369562373798045
810	68	0.18121905240803807
820	68	0.08800085772108335
830	68	0.03746089933338542
840	68	0.011912656286215089
850	68	-0.00010336183472644304
860	68	-0.005092054562690751
870	68	-0.006535629105451505
0	69	0.000038047483783296176
10	69	0.14394061374562478
20	69	0.28201785979052507
30	69	0.4093646390088778
40	69	0.5225201215367856
50	69	0.6198584682424696
60	69	0.7011625634878254
70	69	0.7677053709446534
80	69	0.8209100940983461
90	69	0.862924275799716
100	69	0.8956053438534629
110	69	0.9209136479566712
120	69	0.9402223871277048
130	69	0.9549791964416015
140	69	0.9661580779507596
150	69	0.974636340079317
160	69	0.9810243295328251
170	69	0.9858435717225221
180	69	0.989468499662466
190	69	0.9922162786053068
200	69	0.9942809689132878
210	69	0.9958477169624151
220	69	0.9970580731210372
230	69	0.9979724056027922
240	69	0.9986915127137812
250	69	0.999267115729988
260	69	0.99973153606277
270	69	1.0001250505429824
280	69	1.0004667831142933
290	69	1.0007849873751224
300	69	1.0010872631431238
310	69	1.001391728190537
320	69	1.001709456258471
330	69	1.0020516798360302
340	69	1.002427297845316
350	69	1.0028471572202122
360	69	1.0033191121941956
370	69	1.003857787683003
380	69	1.004471857783423
390	69	1.005175744775126
400	69	1.0059842375419925
410	69	1.006912972759402
420	69	1.0079803589596565
430	69	1.0092076387582856
440	69	1.0106181517933686
450	69	1.0122387128213084
460	69	1.014099093532953
470	69	1.0162329737674765
480	69	1.0186781327421486
490	69	1.0214764990380567
500	69	1.0246747750581426
510	69	1.0283241525768332
520	69	1.0324810652360976
530	69	1.0372066557961976
540	69	1.0425666602670247
550	69	1.0486314035124007
560	69	1.0554747946038494
570	69	1.063174100272767
580	69	1.0718084796209044
590	69	1.0814581555575944
600	69	1.09220295636211
610	69	1.1041207570226856
620	69	1.1172858551644336
630	69	1.1317668375142889
640	69	1.1476236846190084
650	69	1.1649025417752896
660	69	1.1836258431063225
670	69	1.2037718081610402
680	69	1.2252319785880472
690	69	1.247723039159719
700	69	1.2706060144897189
710	69	1.2925218827842684
720	69	1.3106834667109606
730	69	1.3196028182790942
740	69	1.3091296153401382
750	69	1.2623493751332824
760	69	1.1567191825797543
770	69	0.9770311848487908
780	69	0.7392907037969073
790	69	0.49460750721645946
800	69	0.29508826949240374
810	69	0.16075041782333843
820	69	0.0811456297076397
830	69	0.037690433778282566
840	69	0.015297415719820335
850	69	0.004417016511481477
860	69	-0.0003780045245276351
870	69	-0.0020276525988994648
0	70	-3.870397444136147e-6
10	70	0.14186863555580834
20	70	0.27823306444578827
30	70	0.4041635531162908
40	70	0.5164469439782824
50	70	0.6134286732164465
60	70	0.6948287368659775
70	70	0.76162335269085
80	70	0.8154336951772903
90	70	0.8580653814003653
100	70	0.8914575533280371
110	70	0.9173596454366509
120	70	0.9372833650540163
130	70	0.9525784461251551
140	70	0.9641991478300709
150	70	0.9730468535716592
160	70	0.9797447237735466
170	70	0.9848298982244357
180	70	0.98867756293327
190	70	0.9916008694643086
200	70	0.9938212726622564
210	70	0.9955141257366136
220	70	0.9968038499219971
230	70	0.9978051557486777
240	70	0.9985928710685277
250	70	0.9992183003116107
260	70	0.9997339765140852
270	70	1.0001729983437269
280	70	1.0005563131443906
290	70	1.000909790272695
300	70	1.0012512759908145
310	70	1.00159446902156
320	70	1.0019526167607355
330	70	1.00233639415467
340	70	1.0027591706794594
350	70	1.003227611166748
360	70	1.0037565181226284
370	70	1.0043559114791543
380	70	1.0050381969118833
390	70	1.0058188392347085
400	70	1.0067121476193732
410	70	1.007735820896142
420	70	1.0089099761981948
430	70	1.0102560304352888
440	70	1.0117989919802866
450	70	1.0135664642352777
460	70	1.0155896335866517
470	70	1.01790348374425
480	70	1.0205465465091363
490	70	1.023561799596964
500	70	1.0269965608750302
510	70	1.030902290960162
520	70	1.0353354284108895
530	70	1.0403561980995368
540	70	1.0460291802985762
550	70	1.052422377684271
560	70	1.059606601876446
570	70	1.067654751611681
580	70	1.0766407202944923
590	70	1.0866380025907432
600	70	1.0977184786329766
610	70	1.1099506955971326
620	70	1.1233982866725196
630	70	1.1381173774733866
640	70	1.1541528960623912
650	70	1.171531712114232
660	70	1.1902490522048867
670	70	1.210240849651512
680	70	1.231327107489015
690	70	1.253097143722884
700	70	1.2746795226198715
710	70	1.2942918078487622
720	70	1.3084023272238092
730	70	1.3103213790417707
740	70	1.2883170838028157
750	70	1.224135541011336
760	70	1.0974581293798855
770	70	0.9019019571216956
780	70	0.6643392031344221
790	70	0.4366571069330442
800	70	0.26025593822384735
810	70	0.14447150083636404
820	70	0.07619150514992849
830	70	0.038546868634539405
840	70	0.018732215635146897
850	70	0.008771489870391072
860	70	0.004115457235060545
870	70	0.0022688823037550813
0	71	-0.000021552794980063116
10	71	0.13993163340611203
20	71	0.27446236819300296
30	71	0.39910096487889485
40	71	0.5105201073556016
50	71	0.6070985125005002
60	71	0.6885653424486547
70	71	0.7556890908118568
80	71	0.8099966929021191
90	71	0.853261542804625
100	71	0.8873052554767394
110	71	0.9137993677092863
120	71	0.9343127915097239
130	71	0.9501028287445539
140	71	0.962179873781286
150	71	0.9714139700337876
160	71	0.9784529983710626
170	71	0.9837855400958214
180	71	0.9878588153277323
190	71	0.9909647490941317
200	71	0.9933291976124045
210	71	0.9951485771570905
220	71	0.9965453690347567
230	71	0.997629774206428
240	71	0.998489535911058
250	71	0.999177239919769
260	71	0.9997460635283981
270	71	1.000226260843791
280	71	1.0006557486740983
290	71	1.0010516953932873
300	71	1.0014343625506341
310	71	1.0018189050070812
320	71	1.0022213114198881
330	71	1.002652695169229
340	71	1.0031230381470053
350	71	1.00364653888842
360	71	1.0042347140136922
370	71	1.0049001113118246
380	71	1.0056561414547596
390	71	1.0065177768637938
400	71	1.0075022668407507
410	71	1.0086276461326638
420	71	1.0099142824187675
430	71	1.0113855861156644
440	71	1.013067526093002
450	71	1.0149886948409037
460	71	1.0171815112879656
470	71	1.0196817467319013
480	71	1.0225288257344196
490	71	1.025766478732662
500	71	1.029442194348444
510	71	1.0336076260420857
520	71	1.0383183898159596
530	71	1.043633825554397
540	71	1.0496163740586106
550	71	1.0563314680460973
560	71	1.0638461227314497
570	71	1.0722285397082443
580	71	1.0815465932684518
590	71	1.0918667858467321
600	71	1.1032526806225644
610	71	1.1157633467873351
620	71	1.1294513819024037
630	71	1.1443600168764863
640	71	1.1605182021789344
650	71	1.1779314663603764
660	71	1.1966191495345109
670	71	1.2162990044355304
680	71	1.236870361706477
690	71	1.257709722033876
700	71	1.277661671273043
710	71	1.294438558313211
720	71	1.3036560350867261
730	71	1.2973408136669888
740	71	1.2622335127099953
750	71	1.179827641223714
760	71	1.0336631702690167
770	71	0.827138553798704
780	71	0.5951501190835539
790	71	0.38644427897065514
800	71	0.23146817844188802
810	71	0.13160069989229597
820	71	0.0727334669506265
830	71	0.03987025302872861
840	71	0.022172727083219053
850	71	0.012960240558775978
860	71	0.008401701600874152
870	71	0.006368670610810635
0	72	8.41246646164366e-6
10	72	0.13802318762335702
20	72	0.270870405998934
30	72	0.39413714846925285
40	72	0.504728856055235
50	72	0.6009067193895254
60	72	0.6823339318963365
70	72	0.7497803363436312
80	72	0.8045528714938834
90	72	0.8484288734581049
100	72	0.8830588003612291
110	72	0.9101926517220255
120	72	0.9312868901228041
130	72	0.947573464848431
140	72	0.9601168919681402
150	72	0.9697379744424364
160	72	0.9770808175548678
170	72	0.982722645779678
180	72	0.987020096185943
190	72	0.9903085815950815
200	72	0.992827559205253
210	72	0.9947684978207186
220	72	0.9962747774591912
230	72	0.9974516301020174
240	72	0.9983810933681048
250	72	0.9991366519023199
260	72	0.9997585755424663
270	72	1.0002950642907358
280	72	1.0007701969278964
290	72	1.001210687353537
300	72	1.0016391535466047
310	72	1.0020688223457204
320	72	1.0025183890323164
330	72	1.0029991180755022
340	72	1.0035230055814226
350	72	1.0041052854745736
360	72	1.004757473213095
370	72	1.0054936163894312
380	72	1.0063279904429
390	72	1.007277396137145
400	72	1.0083580787847393
410	72	1.0095902240462435
420	72	1.0109959825427794
430	72	1.0125987713996647
440	72	1.014425939383851
450	72	1.0165072151619412
460	72	1.0188757044462782
470	72	1.0215682548364662
480	72	1.0246246850947962
490	72	1.0280893408374812
500	72	1.032009396483629
510	72	1.0364363238030814
520	72	1.0414246440389197
530	72	1.0470321913966494
540	72	1.0533189335461064
550	72	1.0603470584286745
560	72	1.0681794257794772
570	72	1.0768790041764675
580	72	1.0865073177595697
590	72	1.0971235454644792
600	72	1.1087826382155306
610	72	1.1215340183443911
620	72	1.1354189851040988
630	72	1.1504672513681902
640	72	1.166690496913649
650	72	1.1840699619997095
660	72	1.2025319396415446
670	72	1.2218994023720082
680	72	1.2417964752640076
690	72	1.2614628375278225
700	72	1.279400398326873
710	72	1.292729512140079
720	72	1.2961155798669994
730	72	1.2802782769174554
740	72	1.2307796808782046
750	72	1.1298801946089523
760	72	0.9668047132718897
770	72	0.7544747736323228
780	72	0.5324170433106634
790	72	0.3434116737889749
800	72	0.20780244575091036
810	72	0.12149157773239909
820	72	0.07045110184408121
830	72	0.041537160737411594
840	72	0.025586542418214637
850	72	0.01698568364131235
860	72	0.012493360964199233
870	72	0.010285055080963706
0	73	2.771682509645894e-6
10	73	0.1361486546201258
20	73	0.26733467188344795
30	73	0.3893536744851746
40	73	0.4990304569609228
50	73	0.5947949972450606
60	73	0.6762247496943558
70	73	0.7438851451779468
80	73	0.799133838422672
90	73	0.843560573872239
100	73	0.8788191320525734
110	73	0.9065648719867125
120	73	0.9282099283069007
130	73	0.9450309680560782
140	73	0.9580195557472309
150	73	0.9680175004725062
160	73	0.975704417944634
170	73	0.9816119081355743
180	73	0.986139837939765
190	73	0.989623768199945
200	73	0.9923082254970255
210	73	0.9943804237745186
220	73	0.9959966549958625
230	73	0.9972636554086574
240	73	0.9982752906651499
250	73	0.9990977369981319
260	73	0.9997831658404255
270	73	1.000370274461003
280	73	1.0008973767977036
290	73	1.001389371863868
300	73	1.001865073224374
310	73	1.002344738849646
320	73	1.0028441325614526
330	73	1.0033776706878914
340	73	1.0039609032326768
350	73	1.0046059396226665
360	73	1.005326790134052
370	73	1.0061384272601013
380	73	1.0070569906051134
390	73	1.0080977618213414
400	73	1.009281065358899
410	73	1.0106263754599754
420	73	1.0121567614134395
430	73	1.0138974035400128
440	73	1.0158758165441546
450	73	1.0181231084739892
460	73	1.0206731335723773
470	73	1.0235630954003092
480	73	1.0268333613555238
490	73	1.0305283093737012
500	73	1.0346948136402454
510	73	1.0393835195295615
520	73	1.0446476653174086
530	73	1.0505427493567965
540	73	1.0571263079821351
550	73	1.0644564597479298
560	73	1.0725916075754423
570	73	1.081589036294876
580	73	1.0915036917681815
590	73	1.1023870802533449
600	73	1.1142855461910623
610	73	1.1272385003254397
620	73	1.141275654790382
630	73	1.156412386659126
640	73	1.1726411851020437
650	73	1.1899151993741484
660	73	1.2081160191281062
670	73	1.2269909164058368
680	73	1.2460316703761305
690	73	1.2641540503749196
700	73	1.279722252497759
710	73	1.2889074243398353
720	73	1.2854403007130035
730	73	1.258796390067842
740	73	1.1938789052277223
750	73	1.075051968972329
760	73	0.8984743986790639
770	73	0.6853429520508431
780	73	0.4764076441433114
790	73	0.30685384142809646
800	73	0.18843330069034983
810	73	0.11361461023430962
820	73	0.06909111128491294
830	73	0.043452230777851215
840	73	0.02895022893122681
850	73	0.020851811067877223
860	73	0.016402259885862868
870	73	0.014030214676649232
0	74	-1.7942448598820456e-6
10	74	0.13435008453346464
20	74	0.2639291193297928
30	74	0.3846352694650104
40	74	0.49347722361034824
50	74	0.5888065590407429
60	74	0.6701423333323079
70	74	0.7380537932586225
80	74	0.7937415983518232
90	74	0.8387024218097082
100	74	0.8745510778106393
110	74	0.9028973144850427
120	74	0.9251062055911099
130	74	0.9424171508938126
140	74	0.9558579355926649
150	74	0.9662487838921551
160	74	0.9742761182539206
170	74	0.980465909342629
180	74	0.9852352190562367
190	74	0.9889146823667744
200	74	0.9917616048583826
210	74	0.9939765047739493
220	74	0.9957064367684548
230	74	0.9970750379624144
240	74	0.9981672205935308
250	74	0.999063627368655
260	74	0.9998136774534349
270	74	1.0004615442143352
280	74	1.0010430635865213
290	74	1.0015860547565338
300	74	1.0021147431918498
310	74	1.0026467722843997
320	74	1.0032016479889183
330	74	1.0037932689933333
340	74	1.004438501067012
350	74	1.0051506608892782
360	74	1.0059452373540794
370	74	1.0068373723325008
380	74	1.0078441645493164
390	74	1.008983411958999
400	74	1.0102739567993402
410	74	1.01173823670034
420	74	1.0133992162893675
430	74	1.0152828610181133
440	74	1.0174184653395952
450	74	1.0198372137649812
460	74	1.0225737652187488
470	74	1.0256654188065926
480	74	1.0291530638436828
490	74	1.0330805268752221
500	74	1.0374941714404966
510	74	1.0424434646610627
520	74	1.0479798246367193
530	74	1.054156256825231
540	74	1.0610270406257583
550	74	1.068646184414504
560	74	1.0770670720100992
570	74	1.0863409750226651
580	74	1.0965162013800627
590	74	1.1076363214002205
600	74	1.1197388890295612
610	74	1.1328531833354403
620	74	1.1469967482146515
630	74	1.1622687172704793
640	74	1.1783419360829859
650	74	1.195434433775474
660	74	1.2132744169951746
670	74	1.2315167238482565
680	74	1.2494918399049733
690	74	1.265924466426445
700	74	1.2784315719525323
710	74	1.2826941950781725
720	74	1.2712931449006255
730	74	1.2326394545144046
740	74	1.151716652941275
750	74	1.0163669529594779
760	74	0.8302525136598559
770	74	0.6208133193325309
780	74	0.4270463770998243
790	74	0.27600811502553635
800	74	0.17264194254035406
810	74	0.10753880361771001
820	74	0.06845322699357438
830	74	0.04554180845696956
840	74	0.032247132745257936
850	74	0.024563589885510207
860	74	0.020139468226617788
870	74	0.017615228240461685
0	75	-7.874530305995e-6
10	75	0.13257789702601652
20	75	0.2605593865274997
30	75	0.38001869989215437
40	75	0.48801016548585735
50	75	0.5829034632167136
60	75	0.6641692298299833
70	75	0.7322925192699724
80	75	0.7883698620981369
90	75	0.833856440875626
100	75	0.8702793076921032
110	75	0.8992030093021274
120	75	0.9219617630431545
130	75	0.9397686839126006
140	75	0.9536692304679156
150	75	0.9644517346732095
160	75	0.9728157913595034
170	75	0.9792879488464361
180	75	0.9842999308585807
190	75	0.9881860159636294
200	75	0.9912039671271667
210	75	0.9935601123797666
220	75	0.9954138070680011
230	75	0.9968794137017013
240	75	0.9980651637622151
250	75	0.9990346898242956
260	75	0.9998528697483364
270	75	1.0005621032823684
280	75	1.0012043302733509
290	75	1.0018041300080116
300	75	1.0023879646812301
310	75	1.0029783328488344
320	75	1.0035917643910153
330	75	1.0042463051118093
340	75	1.0049575225917546
350	75	1.0057420081071278
360	75	1.0066148204446679
370	75	1.0075922345860517
380	75	1.0086931453262789
390	75	1.0099348725928128
400	75	1.0113390094693993
410	75	1.012927086233414
420	75	1.0147242838293524
430	75	1.016756883291665
440	75	1.019054761506478
450	75	1.0216498241463414
460	75	1.024576980659253
470	75	1.0278739216657087
480	75	1.0315813556060638
490	75	1.0357422520096706
500	75	1.0404024194746022
510	75	1.045609492870318
520	75	1.0514127330139897
530	75	1.0578624031857333
540	75	1.065008912715968
550	75	1.07290196603302
560	75	1.0815895943067315
570	75	1.09111698638699
580	75	1.1015253303395072
590	75	1.1128503861430246
600	75	1.1251207508775598
610	75	1.1383551663929925
620	75	1.1525583183323844
630	75	1.1677127853142455
640	75	1.183764316513775
650	75	1.2005935102306853
660	75	1.2179622619779757
670	75	1.235412790406669
680	75	1.252080610784076
690	75	1.2663569924100402
700	75	1.2753110196950677
710	75	1.2737977493537542
720	75	1.2533614722186104
730	75	1.2016727721150644
740	75	1.1047223767676124
750	75	0.9550418888297186
760	75	0.7635889161779134
770	75	0.5615822637846739
780	75	0.38400782860755667
790	75	0.25011882956678005
800	75	0.1598143084916737
810	75	0.10291484909370573
820	75	0.06837895426806058
830	75	0.04774898129725699
840	75	0.035465675976253504
850	75	0.028126611870417196
860	75	0.023715278313305468
870	75	0.021050217070258326
0	76	-0.000012412598513805813
10	76	0.1308520292851848
20	76	0.25730784837808524
30	76	0.3755181767703286
40	76	0.48267446825710264
50	76	0.5770915733347912
60	76	0.6582548729879173
70	76	0.7265727797667616
80	76	0.7830377008016082
90	76	0.8290028234981572
100	76	0.8660013129335432
110	76	0.8954593289635662
120	76	0.9187636336349653
130	76	0.9370914343288845
140	76	0.9514213021090334
150	76	0.962611369854971
160	76	0.9713073536519415
170	76	0.9780788885288951
180	76	0.9833390271403311
190	76	0.9874312886706303
200	76	0.9906260845619087
210	76	0.9931307865752363
220	76	0.9951090318668492
230	76	0.9966830789871847
240	76	0.9979602568216378
250	76	0.9990123496475308
260	76	0.9999029338481435
270	76	1.0006816591965837
280	76	1.001384654289093
290	76	1.002044664427809
300	76	1.0026894364364596
310	76	1.0033408535882646
320	76	1.0040175551391506
330	76	1.0047378935070461
340	76	1.0055206535918007
350	76	1.0063814634481312
360	76	1.0073368050705998
370	76	1.008405393265514
380	76	1.0096049084351109
390	76	1.01095524009069
400	76	1.0124772050458084
410	76	1.0141951312186608
420	76	1.0161336020933516
430	76	1.0183201685314516
440	76	1.0207849747905853
450	76	1.0235603876129011
460	76	1.0266817199035754
470	76	1.03018655526157
480	76	1.0341148537698563
490	76	1.0385090998599975
500	76	1.0434135071515414
510	76	1.0488739159563574
520	76	1.0549370922827337
530	76	1.0616499650643225
540	76	1.0690589338643233
550	76	1.0772090624891977
560	76	1.0861427390799612
570	76	1.0958989407501547
580	76	1.106511714773093
590	76	1.1180088603596077
600	76	1.1304097745218225
610	76	1.14372231857647
620	76	1.1579371192954722
630	76	1.1730173267839223
640	76	1.188879239495725
650	76	1.2053560231851286
660	76	1.2221297984441315
670	76	1.2386062688637973
680	76	1.2536878588813363
690	76	1.2654149401079045
700	76	1.2701238547634286
710	76	1.2619226456291468
720	76	1.231383115611505
730	76	1.165919697383657
740	76	1.0535650583594618
750	76	0.8923921938739611
760	76	0.699712503254193
770	76	0.508000128362629
780	76	0.34680577014038994
790	76	0.22847752037470637
800	76	0.14943287991494958
810	76	0.09946026022925011
820	76	0.06874277847699266
830	76	0.05002979392145221
840	76	0.038598167515308514
850	76	0.031546819222503714
860	76	0.027139253074725728
870	76	0.024344411124541474
0	77	0.000014980563259950031
10	77	0.1291831588841875
20	77	0.2541107059867279
30	77	0.37112021632425474
40	77	0.4774262574081603
50	77	0.5713809657774532
60	77	0.6524488162556027
70	77	0.7209102200439991
80	77	0.7777182164838327
90	77	0.8241651259762578
100	77	0.8616872058603349
110	77	0.891709574276285
120	77	0.9155618182173153
130	77	0.9343661719618283
140	77	0.9491534812878397
150	77	0.9607303538254285
160	77	0.9697703054065717
170	77	0.9768344638983149
180	77	0.9823521900925615
190	77	0.9866565310562082
200	77	0.9900293244640859
210	77	0.9926891503101601
220	77	0.9947966174940188
230	77	0.9964845449967193
240	77	0.9978584399720852
250	77	0.9989974948183474
260	77	0.999964256545741
270	77	1.0008139191275407
280	77	1.0015845735105584
290	77	1.002310084073212
300	77	1.0030185951520596
310	77	1.0037345094000554
320	77	1.0044789282880804
330	77	1.0052713510499534
340	77	1.0061291994154729
350	77	1.0070713710024675
360	77	1.008114821329121
370	77	1.0092786339127755
380	77	1.0105819656743467
390	77	1.0120452950050076
400	77	1.013691157517658
410	77	1.0155433797165847
420	77	1.0176279151134
430	77	1.019972952004605
440	77	1.0226088615923252
450	77	1.0255681761872846
460	77	1.0288862860001302
470	77	1.032600277809422
480	77	1.0367497167973763
490	77	1.0413755568193328
500	77	1.0465206565356908
510	77	1.0522284303041798
520	77	1.0585427753897287
530	77	1.0655071376179914
540	77	1.0731636158619162
550	77	1.0815522449164698
560	77	1.090709834182312
570	77	1.1006688770283926
580	77	1.111456309281482
590	77	1.1230918138199737
600	77	1.135585379336271
610	77	1.14893317848377
620	77	1.163110390131669
630	77	1.1780576811408283
640	77	1.193656420730581
650	77	1.2095312572436423
660	77	1.2257210524790862
670	77	1.241013844151152
680	77	1.2541869514491688
690	77	1.2627946546405735
700	77	1.2626185762544073
710	77	1.2467848508009596
720	77	1.2051762630220615
730	77	1.125589659859706
740	77	0.9991208509106958
750	77	0.8297313916952892
760	77	0.6395768327679908
770	77	0.46012529780106437
780	77	0.31486854786329077
790	77	0.21044424545776969
800	77	0.1410655832308979
810	77	0.0969469206648743
820	77	0.06944516485850856
830	77	0.052350380360428155
840	77	0.041639755873586023
850	77	0.03483025036215948
860	77	0.030420265451780806
870	77	0.02750625734179373
0	78	1.2632128571983798e-6
10	78	0.12755225236349904
20	78	0.25101002801377625
30	78	0.3668183670924645
40	78	0.47227633044964623
50	78	0.5657732746060053
60	78	0.6466867883587861
70	78	0.715288733572875
80	78	0.7724247593206631
90	78	0.8193192875834922
100	78	0.8573933512630485
110	78	0.8879459143421423
120	78	0.9123078993349517
130	78	0.9316134393421897
140	78	0.9468390277446428
150	78	0.9588139877904851
160	78	0.9682067461949277
170	78	0.9755674231514497
180	78	0.9813350214818126
190	78	0.9858614300076675
200	78	0.9894226810054917
210	78	0.9922350323093881
220	78	0.9944802943924376
230	78	0.9962853206295462
240	78	0.9977617234531869
250	78	0.9989908787729669
260	78	1.0000395275782632
270	78	1.0009636847179124
280	78	1.0018051518736737
290	78	1.0025997556535025
300	78	1.0033772195029405
310	78	1.0041632529295166
320	78	1.0049792832147066
330	78	1.0058472721335443
340	78	1.0067854973182817
350	78	1.007813294976468
360	78	1.008949379656953
370	78	1.0102135253209794
380	78	1.011625533071364
390	78	1.0132072238903724
400	78	1.014981501274452
410	78	1.0169727549385355
420	78	1.019208036016204
430	78	1.0217152885010297
440	78	1.0245255864480036
450	78	1.0276716210989434
460	78	1.0311881235049798
470	78	1.0351117854137803
480	78	1.0394810206445848
490	78	1.04433568346409
500	78	1.049716302340478
510	78	1.0556638889391283
520	78	1.062219088406222
530	78	1.0694215756757948
540	78	1.0773089547342771
550	78	1.085916159220277
560	78	1.0952741757581155
570	78	1.105409070015577
580	78	1.1163405427980768
590	78	1.1280800350674878
600	78	1.1406276424680104
610	78	1.153966966257236
620	78	1.168055617683199
630	78	1.1828080165495527
640	78	1.1980635848604235
650	78	1.2135288029959166
660	78	1.2286724772039785
670	78	1.2425401947213996
680	78	1.2534362171465803
690	78	1.2584115076649809
700	78	1.2525363606026385
710	78	1.2281307690974081
720	78	1.1746701952890184
730	78	1.081090759109556
740	78	0.9424164855173488
750	78	0.7682788394058342
760	78	0.5838421982847646
770	78	0.4177908866521738
780	78	0.2875967812800473
790	78	0.19545565201732115
800	78	0.1343541319343298
810	78	0.09519066807100134
820	78	0.07040706374805915
830	78	0.05468471432984909
840	78	0.04458779777319413
850	78	0.037982986804319704
860	78	0.033566512155102285
870	78	0.030543457074037578
0	79	1.4990110277835028e-6
10	79	0.1259551645025963
20	79	0.24797942868403247
30	79	0.36262258751164833
40	79	0.4672479320588218
50	79	0.5602498689150589
60	79	0.6410239428763977
70	79	0.7097153674241936
80	79	0.7671767315064256
90	79	0.8145140959712688
100	79	0.8530594839722074
110	79	0.8841545352226671
120	79	0.9090336297210053
130	79	0.9288236071152668
140	79	0.9444970383939711
150	79	0.9568638463254372
160	79	0.9666073228773517
170	79	0.9742659839181174
180	79	0.9802959396634014
190	79	0.9850441458723848
200	79	0.9887944348095987
210	79	0.9917755198935027
220	79	0.9941587164538289
230	79	0.9960860359468171
240	79	0.9976667877865399
250	79	0.9989910600212842
260	79	1.000127591821354
270	79	1.0011311378777819
280	79	1.0020490844341705
290	79	1.0029169434889091
300	79	1.0037674381581712
310	79	1.0046275774820934
320	79	1.00552018856489
330	79	1.0064681589468705
340	79	1.0074909695664425
350	79	1.0086091119013443
360	79	1.0098425910051134
370	79	1.0112117919519341
380	79	1.0127374197624464
390	79	1.014441817463136
400	79	1.0163490869231075
410	79	1.0184838905867672
420	79	1.0208734780234152
430	79	1.0235466808934894
440	79	1.0265340994548908
450	79	1.029868475380843
460	79	1.0335840576126027
470	79	1.0377167051566962
480	79	1.0423034856329
490	79	1.0473825376054966
500	79	1.0529920880621908
510	79	1.059170391930484
520	79	1.0659546362168553
530	79	1.0733803859320792
540	79	1.081480727718695
550	79	1.0902852842259747
560	79	1.0998192039061392
570	79	1.1101021253722183
580	79	1.1211463976603913
590	79	1.132954948710503
600	79	1.1455173822156932
610	79	1.1588033197061498
620	79	1.172750229894886
630	79	1.1872413375814983
640	79	1.2020656729404922
650	79	1.2168460321015773
660	79	1.230911471340811
670	79	1.2430765907946286
680	79	1.2512761316296555
690	79	1.2520083278019851
700	79	1.2396217010367883
710	79	1.2057598439466666
720	79	1.139932627675231
730	79	1.0330225590650437
740	79	0.8845567596569434
750	79	0.7090871362796985
760	79	0.5328886874948014
770	79	0.3806724716200997
780	79	0.26440344194053783
790	79	0.18302465012132782
800	79	0.12900272103613303
810	79	0.09404272900681573
820	79	0.07156565212377122
830	79	0.05701285743687659
840	79	0.047441214692649246
850	79	0.04101095346510922
860	79	0.03658559050646999
870	79	0.033463093216341167
0	80	7.957714370872226e-6
10	80	0.124405557939317
20	80	0.24502222877573748
30	80	0.3585012083484167
40	80	0.46231695416265695
50	80	0.5548213440238672
60	80	0.6354169823971819
70	80	0.7042287291015472
80	80	0.7619521998754284
90	80	0.8097097904429645
100	80	0.8487482575005539
110	80	0.8803437809073346
120	80	0.9057323171677426
130	80	0.9260057412504031
140	80	0.9421188820331511
150	80	0.954883500772161
160	80	0.9649746021281302
170	80	0.9729421076536126
180	80	0.9792337995259234
190	80	0.9842080837576742
200	80	0.9881570691956321
210	80	0.9913019943312108
220	80	0.9938312464164293
230	80	0.9958854170416584
240	80	0.9975804891789238
250	80	0.9990036067436812
260	80	1.0002305995002951
270	80	1.0013184767468422
280	80	1.0023157776369944
290	80	1.0032630516576104
300	80	1.0041901518756247
310	80	1.0051289227097548
320	80	1.006103096505309
330	80	1.0071345834016043
340	80	1.0082472808220577
350	80	1.0094607178228936
360	80	1.0107960155820201
370	80	1.012274753165257
380	80	1.0139188934914651
390	80	1.0157505090951306
400	80	1.0177944567509882
410	80	1.0200766040954168
420	80	1.0226241639288012
430	80	1.0254658955028004
440	80	1.0286323323852216
450	80	1.032156001471516
460	80	1.036070338728011
470	80	1.0404100305359565
480	80	1.0452108076883357
490	80	1.0505085409043025
500	80	1.0563390936159582
510	80	1.062737596183932
520	80	1.069737595367302
530	80	1.0773704784139804
540	80	1.0856645762212866
550	80	1.0946442105572283
560	80	1.1043287270029338
570	80	1.1147311596332825
580	80	1.1257511571968886
590	80	1.1376986642684808
600	80	1.1501637740970072
610	80	1.163422160925964
620	80	1.177171144211558
630	80	1.191328952245386
640	80	1.2056238932262282
650	80	1.2195782601364973
660	80	1.2323550405262629
670	80	1.2424998906545572
680	80	1.2475312576536655
690	80	1.243357963332038
700	80	1.2236364449683688
710	80	1.179549188429189
720	80	1.1011887999900976
730	80	0.9821481754651024
740	80	0.8266468336094855
750	80	0.6529956315098814
760	80	0.48685139094065794
770	80	0.34834881942117607
780	80	0.24473883148025136
790	80	0.17273536284589047
800	80	0.12476780143390802
810	80	0.09338289437889874
820	80	0.07287094786834916
830	80	0.05931964391774308
840	80	0.05020013692257394
850	80	0.04391991746433333
860	80	0.03948450872325107
870	80	0.03627163370548968
0	81	4.069361435253946e-6
10	81	0.12288832874251152
20	81	0.24213065080960622
30	81	0.3544813351619694
40	81	0.45745267112589894
50	81	0.5494954758653916
60	81	0.629896163309599
70	81	0.6987754183276639
80	81	0.7567705817216926
90	81	0.8049184884934757
100	81	0.8444267746721117
110	81	0.8765306608971722
120	81	0.9024127096092678
130	81	0.9231584356556217
140	81	0.9397071755094295
150	81	0.9528726312871099
160	81	0.963311579325827
170	81	0.9715862964573877
180	81	0.9781463855455823
190	81	0.9833550101696341
200	81	0.9875022482133273
210	81	0.9908221775900132
220	81	0.9935018498406416
230	81	0.9956879205211898
240	81	0.9974981665997689
250	81	0.9990265296769291
260	81	1.000348987662513
270	81	1.001526919784462
280	81	1.002609602964851
290	81	1.003638061942552
300	81	1.0046482935480283
310	81	1.0056693839170905
320	81	1.006728259647477
330	81	1.007849888009379
340	81	1.009056049759082
350	81	1.0103694912261576
360	81	1.0118112164837223
370	81	1.0134039039588785
380	81	1.0151700038506692
390	81	1.0171332627015495
400	81	1.0193182074296874
410	81	1.0217508870550085
420	81	1.02445900068152
430	81	1.0274712408814097
440	81	1.0308180082792653
450	81	1.034530929806156
460	81	1.0386425900964755
470	81	1.043186323346714
480	81	1.048196113618898
490	81	1.0537056042110116
500	81	1.0597478289499915
510	81	1.066354670654455
520	81	1.0735558639486853
530	81	1.081378527909937
540	81	1.0898461387362768
550	81	1.0989777709970183
560	81	1.1087868649761285
570	81	1.119279862629447
580	81	1.130454057508701
590	81	1.1422939842218547
600	81	1.154765204033486
610	81	1.1678033155879364
620	81	1.1812093157681434
630	81	1.1950396738873188
640	81	1.2086947213640686
650	81	1.2216617674727506
660	81	1.2329084842952533
670	81	1.2406720186644258
680	81	1.2420120300027002
690	81	1.2322315436825655
700	81	1.2043769595823857
710	81	1.1494776764218035
720	81	1.0588278899063355
730	81	0.9293485977706599
740	81	0.7697200826706248
750	81	0.600611181766436
760	81	0.4456679790330551
770	81	0.32035130221002306
780	81	0.22810393374966556
790	81	0.16423582048198748
800	81	0.12144922501923014
810	81	0.09311386859750206
820	81	0.07428314290902992
830	81	0.06159360883623879
840	81	0.05286555304129511
850	81	0.046715425721898685
860	81	0.04226975810409859
870	81	0.03897499854194782
0	82	2.9515345295434536e-6
10	82	0.12141336168655854
20	82	0.2393050327537484
30	82	0.35053881856735253
40	82	0.4527187965666011
50	82	0.5442544620223121
60	82	0.6244606747831666
70	82	0.6933909914045137
80	82	0.751630865852717
90	82	0.8001498020574456
100	82	0.8401099191458387
110	82	0.8726998541956933
120	82	0.8990710146234906
130	82	0.9202867974765049
140	82	0.9372760874787097
150	82	0.9508282822649929
160	82	0.9616246027386022
170	82	0.9702119133496714
180	82	0.9770409133626446
190	82	0.9824856213104307
200	82	0.9868382048100652
210	82	0.990337301117584
220	82	0.9931705882240843
230	82	0.9954924506899663
240	82	0.9974236663803376
250	82	0.9990621394129289
260	82	1.0004853475868785
270	82	1.0017560132357626
280	82	1.0029282840249711
290	82	1.0040440591865345
300	82	1.0051407339073573
310	82	1.0062497584426509
320	82	1.0073992055642766
330	82	1.0086139546317456
340	82	1.0099186939616094
350	82	1.0113359644835487
360	82	1.0128886802527832
370	82	1.014599709052154
380	82	1.0164923110741866
390	82	1.0185905795590755
400	82	1.0209196877642386
410	82	1.0235058654463682
420	82	1.0263766969697277
430	82	1.0295608633221922
440	82	1.0330880401045013
450	82	1.036989139893308
460	82	1.0412956965828837
470	82	1.04603940600545
480	82	1.0512520158344538
490	82	1.0569649817554692
500	82	1.0632082942652574
510	82	1.070010340605581
520	82	1.0773970664542212
530	82	1.085391108385916
540	82	1.094011188252237
550	82	1.1032710751069243
560	82	1.1131136036274596
570	82	1.1237325457936498
580	82	1.13492314732934
590	82	1.1467242511110605
600	82	1.1590871364712134
610	82	1.1719261623543347
620	82	1.1850941369435135
630	82	1.198338996817793
640	82	1.2112287970530027
650	82	1.2230237106799486
660	82	1.2324644343924283
670	82	1.2374402320024471
680	82	1.2345184220567054
690	82	1.2184089367040793
700	82	1.1816936481750664
710	82	1.1156461214660263
720	82	1.0133940249175901
730	82	0.8755653278671439
740	82	0.7146800515955399
750	82	0.5523130097297986
760	82	0.4091298712050156
770	82	0.2962007958774866
780	82	0.2140556109101364
790	82	0.15722995293199774
800	82	0.11888254503751018
810	82	0.09315682413992392
820	82	0.0757705300105619
830	82	0.06382621278970739
840	82	0.055439064957924375
850	82	0.04940275133424852
860	82	0.04494731794639543
870	82	0.041578640716016024
0	83	5.246097782044891e-7
10	83	0.11997016266770238
20	83	0.23654695622288313
30	83	0.34669768177014193
40	83	0.44806409102943684
50	83	0.5391011428485949
60	83	0.6191041164687084
70	83	0.6880586288766384
80	83	0.7465252647561585
90	83	0.7954101143186334
100	83	0.8357999993355646
110	83	0.8688601459557403
120	83	0.895713753089315
130	83	0.9173940291818516
140	83	0.9348139267677413
150	83	0.9487661581683285
160	83	0.9599118115723113
170	83	0.9688103261309224
180	83	0.9759172343745975
190	83	0.9816006109954969
200	83	0.9861628389498378
210	83	0.9898439708437475
220	83	0.9928382543489457
230	83	0.9953017751248544
240	83	0.9973597312670437
250	83	0.9991120226673881
260	83	1.0006395959237195
270	83	1.002009206979668
280	83	1.003275547025943
290	83	1.0044833704567535
300	83	1.005671286361732
310	83	1.0068720623924716
320	83	1.008115880779799
330	83	1.009428897864632
340	83	1.0108363206836473
350	83	1.0123620317623045
360	83	1.0140296623670204
370	83	1.015863012837048
380	83	1.0178856275869625
390	83	1.0201223488907427
400	83	1.0225984581453011
410	83	1.0253403480448642
420	83	1.0283752599344251
430	83	1.0317317683399132
440	83	1.0354388364508549
450	83	1.039526124106675
460	83	1.0440239904237436
470	83	1.0489622118680335
480	83	1.0543705125300613
490	83	1.0602774725685031
500	83	1.0667101064775877
510	83	1.07369322364613
520	83	1.0812487588224506
530	83	1.0893949970481314
540	83	1.0981458648923776
550	83	1.1075097245324759
560	83	1.1174882287549546
570	83	1.1280741975867696
580	83	1.1392482784476328
590	83	1.15097317920528
600	83	1.163183714262372
610	83	1.1757691936209769
620	83	1.188542725481989
630	83	1.2011882110849033
640	83	1.2131698062250074
650	83	1.223580981819417
660	83	1.2309022311498292
670	83	1.2326384148454295
680	83	1.224845603939668
690	83	1.2016918716747271
700	83	1.1555112278474733
710	83	1.0782899362705405
720	83	0.9655616122960481
730	83	0.8217392238718481
740	83	0.6622616428300213
750	83	0.5082757062195109
760	83	0.37693042979196306
770	83	0.275432966009355
780	83	0.20220652398241143
790	83	0.1514697408403592
800	83	0.11693274639889797
810	83	0.09344779824446829
820	83	0.07730786186797911
830	83	0.06601117330906339
840	83	0.05792270051414674
850	83	0.05198691084243923
860	83	0.04752271031392297
870	83	0.04408755323886083
0	84	7.669266606843534e-6
10	84	0.11857011122879926
20	84	0.2338581636492715
30	84	0.342934051052561
40	84	0.4435022125371359
50	84	0.5340343854560999
60	84	0.6138151328052306
70	84	0.6827929248959108
80	84	0.7414657338054349
90	84	0.7906829729977481
100	84	0.831499957626739
110	84	0.8650218536239214
120	84	0.8923456129230355
130	84	0.9144816781344305
140	84	0.9323294023851203
150	84	0.9466718396848711
160	84	0.958176277910837
170	84	0.9673888129994904
180	84	0.9747732994977915
190	84	0.9807018192593939
200	84	0.9854783946704911
210	84	0.9893466393492674
220	84	0.9925067533335621
230	84	0.9951157218986298
240	84	0.9973047860147954
250	84	0.9991766761785588
260	84	1.0008137063268456
270	84	1.002286827242691
280	84	1.0036520593552516
290	84	1.0049565265871037
300	84	1.0062395989934858
310	84	1.0075373880645404
320	84	1.0088799383400524
330	84	1.010295556007798
340	84	1.011810079382243
350	84	1.013448456849122
360	84	1.0152351192192424
370	84	1.0171941095218688
380	84	1.019350121460548
390	84	1.0217280873057046
400	84	1.0243533949884394
410	84	1.0272525129009458
420	84	1.0304524973775955
430	84	1.0339809429201672
440	84	1.0378662210614005
450	84	1.0421368315178343
460	84	1.0468213120248413
470	84	1.0519476801106744
480	84	1.0575432060031882
490	84	1.063633597589054
500	84	1.0702427108253978
510	84	1.07739170273505
520	84	1.085098533875274
530	84	1.093377099226818
540	84	1.1022364892843586
550	84	1.111679792493997
560	84	1.1217025966857135
570	84	1.1322904127266449
580	84	1.1434145329100092
590	84	1.1550246857601014
600	84	1.1670364835699378
610	84	1.179309454892922
620	84	1.191579708846056
630	84	1.2035434101134628
640	84	1.214453375684053
650	84	1.2232392153156235
660	84	1.2280878993616944
670	84	1.2260896727154926
680	84	1.21279178957613
690	84	1.1819193346742174
700	84	1.1258475955012799
710	84	1.0377812781309799
720	84	0.9160974644537363
730	84	0.7687534229832608
740	84	0.6130129139225866
750	84	0.4685033847820821
760	84	0.34870616021662476
770	84	0.25761394341265736
780	84	0.19222195792684063
790	84	0.14674798477218812
800	84	0.11548883353405419
810	84	0.09393483853966235
820	84	0.07887502370810189
830	84	0.06814398242262307
840	84	0.06031878509827461
850	84	0.05447264753967241
860	84	0.05000103297757863
870	84	0.0465063228940509
0	85	4.643488365489703e-6
10	85	0.11719966160560924
20	85	0.23122983819444629
30	85	0.3392525852821555
40	85	0.43902852612521925
50	85	0.5290601934288278
60	85	0.6086040354027547
70	85	0.6775890196184648
80	85	0.7364475710275238
90	85	0.7859910608324281
100	85	0.8272091317018253
110	85	0.8611802861653033
120	85	0.888960018558308
130	85	0.9115483701763082
140	85	0.9298227709594195
150	85	0.9445590846001811
160	85	0.956414539113935
170	85	0.9659494759496741
180	85	0.973614129966276
190	85	0.9797908478688642
200	85	0.9847851637581857
210	85	0.9888471060894672
220	85	0.9921758050372902
230	85	0.9949364196108598
240	85	0.9972614602107933
250	85	0.9992567742254197
260	85	1.001009844990281
270	85	1.0025902576780907
280	85	1.004058775885246
290	85	1.005464056646774
300	85	1.0068482517309647
310	85	1.0082465469996944
320	85	1.0096926476056474
330	85	1.01121493296426
340	85	1.012840483343812
350	85	1.014595272391571
360	85	1.0165046267883757
370	85	1.0185929118723775
380	85	1.0208853321629447
390	85	1.023406847484139
400	85	1.026183223888333
410	85	1.0292405699507
420	85	1.0326052532414844
430	85	1.036304597259702
440	85	1.0403656278994597
450	85	1.0448155045482563
460	85	1.0496809617911034
470	85	1.054988040375494
480	85	1.0607612081926292
490	85	1.0670234629936586
500	85	1.073795283558061
510	85	1.08109421068187
520	85	1.0889341137286577
530	85	1.0973246465916733
540	85	1.1062699920044465
550	85	1.1157679372998057
560	85	1.1258078274198058
570	85	1.1363673465348838
580	85	1.147407333094644
590	85	1.1588626110160276
600	85	1.1706261405371936
610	85	1.182521961657292
620	85	1.1942591295786027
630	85	1.2053545084000965
640	85	1.215006007984698
650	85	1.221892165889298
660	85	1.2238749391283463
670	85	1.2176104451970318
680	85	1.1981683181437772
690	85	1.1589843260688295
700	85	1.0928285863369538
710	85	0.9946189438969745
720	85	0.8658144119727167
730	85	0.7173868033004442
740	85	0.5672956033311223
750	85	0.43286840268085597
760	85	0.3240692031702113
770	85	0.24234870249067622
780	85	0.18381505578157387
790	85	0.14289187308130868
800	85	0.11445952950139966
810	85	0.09457565799633473
820	85	0.08045602293014412
830	85	0.07022151360515368
840	85	0.06262981050821065
850	85	0.05686443142687645
860	85	0.052386995335108814
870	85	0.04883916429903208
0	86	2.206831656554466e-6
10	86	0.11586318150810407
20	86	0.22865761381995825
30	86	0.33564797306780597
40	86	0.4346425899577473
50	86	0.5241732188774604
60	86	0.6034753810202537
70	86	0.6724436581354057
80	86	0.7314782545190301
90	86	0.7813224928584669
100	86	0.8229306180305654
110	86	0.8573366686443818
120	86	0.8855732815446575
130	86	0.9086018462011044
140	86	0.9272968007226877
150	86	0.9424232631423343
160	86	0.9546378845712128
170	86	0.964490641895405
180	86	0.9724421715642743
190	86	0.9788693950164902
200	86	0.9840865151822895
210	86	0.9883441400143688
220	86	0.991847735787578
230	86	0.9947646752440658
240	86	0.9972308021903095
250	86	0.9993550307068332
260	86	1.0012268908194748
270	86	1.0029208836729444
280	86	1.004497687576943
290	86	1.0060085984878766
300	86	1.0074969869725006
310	86	1.0090012316134418
320	86	1.0105550082704293
330	86	1.0121879421736308
340	86	1.0139284937095376
350	86	1.0158036661222039
360	86	1.0178385882130394
370	86	1.0200591152899288
380	86	1.0224904150342142
390	86	1.0251574732566997
400	86	1.0280858476177794
410	86	1.0313015465544264
420	86	1.0348303254547544
430	86	1.0386984456981196
440	86	1.042931779353346
450	86	1.0475560122761562
460	86	1.0525958482351752
470	86	1.058074971536506
480	86	1.0640154920839158
490	86	1.07043708096199
500	86	1.0773570375604957
510	86	1.084789208168034
520	86	1.0927435369977345
530	86	1.1012252126101216
540	86	1.1102337718539514
550	86	1.1197614663860025
560	86	1.1297910165046272
570	86	1.1402916094628786
580	86	1.151212269955697
590	86	1.162470385092414
600	86	1.1739546671533108
610	86	1.1853790486580449
620	86	1.1964530605182542
630	86	1.206564214785913
640	86	1.2147441508460401
650	86	1.2194214611711538
660	86	1.218106111398496
670	86	1.2070164667635213
680	86	1.180811844492869
690	86	1.1328505389705676
700	86	1.0566959459594496
710	86	0.9494062213573145
720	86	0.8155222902889836
730	86	0.6682819643634352
740	86	0.5253003470492946
750	86	0.40114940637093105
760	86	0.30263112116413393
770	86	0.22928429927822208
780	86	0.1767414298533499
790	86	0.1397573942079198
800	86	0.11376966629285185
810	86	0.09533579935936771
820	86	0.08203816214315457
830	86	0.07224171107588137
840	86	0.06485836786975586
850	86	0.05916643755327509
860	86	0.05468494174692961
870	86	0.051089949419506515
0	87	3.138514743278823e-6
10	87	0.1145529459148761
20	87	0.2261458197188351
30	87	0.3321238338145669
40	87	0.4303464954135074
50	87	0.5193674799440431
60	87	0.5984172020814551
70	87	0.6673629359974419
80	87	0.726551200693329
90	87	0.7766830217544252
100	87	0.8186639408585499
110	87	0.8535005562743272
120	87	0.8821754011879839
130	87	0.9056408558726851
140	87	0.9247568418085892
150	87	0.9402738610123467
160	87	0.9528423084174522
170	87	0.9630156439659256
180	87	0.9712538412007364
190	87	0.9779386836315578
200	87	0.983381742226918
210	87	0.9878404515704005
220	87	0.9915242332443516
230	87	0.9946015511500699
240	87	0.997213724181133
250	87	0.9994716335636097
260	87	1.0014681492022692
270	87	1.0032794399912595
280	87	1.0049688241266581
290	87	1.0065899044756765
300	87	1.0081878520111722
310	87	1.0098021382750753
320	87	1.0114672112005085
330	87	1.0132151443025286
340	87	1.015074495614007
350	87	1.0170729322592766
360	87	1.0192371062167096
370	87	1.0215923650487486
380	87	1.0241643411563055
390	87	1.0269780757643105
400	87	1.0300590330202122
410	87	1.0334325019673307
420	87	1.0371237877060853
430	87	1.0411578214130621
440	87	1.0455591495007275
450	87	1.0503517892186514
460	87	1.0555583987753818
470	87	1.0612002099865152
480	87	1.0672965812277766
490	87	1.0738642892348904
500	87	1.0809171697777045
510	87	1.088465389097613
520	87	1.0966262796041193
530	87	1.1050669211172084
540	87	1.1141157745942023
550	87	1.123648157126067
560	87	1.1336397261260014
570	87	1.1440501626305228
580	87	1.1548148537237268
590	87	1.165830640828749
600	87	1.176931757918485
610	87	1.1878495964298261
620	87	1.198146218746603
630	87	1.2071070697568829
640	87	1.2135735465253796
650	87	1.215697051392473
660	87	1.2106164996143178
670	87	1.1941305502401593
680	87	1.1605980449069508
690	87	1.1035670500157804
700	87	1.0178064620480636
710	87	0.9028188195197533
720	87	0.7659822350826969
730	87	0.6219290162923339
740	87	0.4870715221807559
750	87	0.37306521121375336
760	87	0.28401899447273715
770	87	0.21810973428953556
780	87	0.1707937482513655
790	87	0.1372245650270106
800	87	0.11335725486585693
810	87	0.09618715671307858
820	87	0.08361138044402736
830	87	0.07420334976869875
840	87	0.06700707163617162
850	87	0.06138260319360757
860	87	0.05689887359853035
870	87	0.05326223907505197
0	88	2.696281047826817e-6
10	88	0.11328138239418412
20	88	0.22369538656726062
30	88	0.3286712709752817
40	88	0.42613449405920617
50	88	0.5146447733701522
60	88	0.5934397599911139
70	88	0.6623448506728777
80	88	0.7216722090839899
90	88	0.7720763032143967
100	88	0.8144226247800489
110	88	0.8496659249281644
120	88	0.878775900957011
130	88	0.9026733202368664
140	88	0.9222006723659218
150	88	0.938105639860338
160	88	0.9510315975161684
170	88	0.9615280806771581
180	88	0.9700553959276879
190	88	0.9769989446400072
200	88	0.9826732701252809
210	88	0.9873378514528691
220	88	0.9912048932553224
230	88	0.9944490957845604
240	88	0.9972108128570324
250	88	0.9996078895697165
260	88	1.001733662947473
270	88	1.0036671920004336
280	88	1.0054744109316096
290	88	1.0072099331584403
300	88	1.008921670970325
310	88	1.010649705549609
320	88	1.0124304373397885
330	88	1.0142968054341837
340	88	1.0162785378098909
350	88	1.0184036325168786
360	88	1.0206991157804144
370	88	1.023191290325829
380	88	1.0259053527938413
390	88	1.028866646299721
400	88	1.0321000195933994
410	88	1.035630032766862
420	88	1.0394813313512508
430	88	1.0436775042712094
440	88	1.048241666501425
450	88	1.0531959008408414
460	88	1.0585607922545752
470	88	1.0643550729459923
480	88	1.0705952188792918
490	88	1.077295051150623
500	88	1.0844650118618073
510	88	1.0922206256898666
520	88	1.1002373270984567
530	88	1.108838330224776
540	88	1.1179045027072507
550	88	1.1274164602196797
560	88	1.1373420137625365
570	88	1.1476300728504065
580	88	1.1582001411824554
590	88	1.1689247855520855
600	88	1.1796002911637107
610	88	1.1898982899586474
620	88	1.1992872769341998
630	88	1.2069085728573294
640	88	1.211388887411769
650	88	1.210578435790517
660	88	1.2012379752113551
670	88	1.1787922557546537
680	88	1.137455970197813
690	88	1.0712789083876486
700	88	0.9766212226422005
710	88	0.8555666030796171
720	88	0.7178691587120852
730	88	0.5786640425877901
740	88	0.45253677368563017
750	88	0.3483027054685925
760	88	0.2678853154816628
770	88	0.20855376822394073
780	88	0.16579661867794032
790	88	0.13519339226011295
800	88	0.11317112715720902
810	88	0.09710679192409742
820	88	0.08516775093240679
830	88	0.07610584702838133
840	88	0.06907854103600228
850	88	0.06351658571958838
860	88	0.0590324902287705
870	88	0.055359309806479386
0	89	2.8940610199212814e-6
10	89	0.1120387891992458
20	89	0.22130002074836164
30	89	0.32529497158849074
40	89	0.42200075040283436
50	89	0.5100077303148725
60	89	0.5885353506677332
70	89	0.6573908341119207
80	89	0.7168447748406734
90	89	0.7675059528295148
100	89	0.8101986803709355
110	89	0.8458407436621995
120	89	0.8753735421714854
130	89	0.8996961423497913
140	89	0.9196331651222319
150	89	0.9359247231135815
160	89	0.9492054866200124
170	89	0.9600265192015952
180	89	0.9688479443333612
190	89	0.9760530217091754
200	89	0.9819612197013275
210	89	0.9868361653458692
220	89	0.9908924418325278
230	89	0.9943072182353654
240	89	0.9972253735686308
250	89	0.9997654893161653
260	89	1.002024546911784
270	89	1.0040854097446996
280	89	1.0060141641589957
290	89	1.0078693097316718
300	89	1.0096987693139852
310	89	1.011544682687946
320	89	1.0134451091334473
330	89	1.0154334199583783
340	89	1.0175404306463964
350	89	1.0197950032020273
360	89	1.022224293984002
370	89	1.0248547106343184
380	89	1.027711851386688
390	89	1.0308206346667235
400	89	1.0342054285071696
410	89	1.0378901079345613
420	89	1.041898175562863
430	89	1.0462520081596622
440	89	1.0509729031711257
450	89	1.0560811032246342
460	89	1.061594937862758
470	89	1.0675306104130522
480	89	1.0739018448237094
490	89	1.0807192967346728
500	89	1.0880966958451852
510	89	1.0957175346239023
520	89	1.1038995965620955
530	89	1.1125286006222401
540	89	1.1215890777609925
550	89	1.1310552050610965
560	89	1.1408861360837284
570	89	1.1510182883442812
580	89	1.161352518204314
590	89	1.1717325228975808
600	89	1.1819095451902624
610	89	1.1914847407978786
620	89	1.199817544044051
630	89	1.2058845129726794
640	89	1.2080739731902086
650	89	1.2039168821139803
660	89	1.1898053189068074
670	89	1.1608690984727619
680	89	1.1113816891694819
690	89	1.036231621166908
700	89	0.9336854904629015
710	89	0.8083536801842115
720	89	0.6717454685767037
730	89	0.5386793790066429
740	89	0.42153710051226645
750	89	0.32653831060320493
760	89	0.25391320969354036
770	89	0.20038163083388505
780	89	0.16160194486246
790	89	0.133580487511294
800	89	0.11316891962719532
810	89	0.09807593060558802
820	89	0.08670102910858832
830	89	0.0779491093348106
840	89	0.07107534553672808
850	89	0.06557182557069052
860	89	0.06108920561099606
870	89	0.05738417488942637
0	90	2.5016463642341863e-6
10	90	0.1108214130759786
20	90	0.21895624756845267
30	90	0.32198899698166716
40	90	0.4179504486834529
50	90	0.50545024788122
60	90	0.5837063053610295
70	90	0.6524984327576892
80	90	0.7120631156598509
90	90	0.7629682848268073
100	90	0.8059937583257136
110	90	0.8420260704645891
120	90	0.8719725197151162
130	90	0.8967129850912896
140	90	0.9170563978876906
150	90	0.9337312032348193
160	90	0.9473684210619225
170	90	0.9585163270303679
180	90	0.9676316735928638
190	90	0.975102475299909
200	90	0.9812492709343558
210	90	0.9863387721854032
220	90	0.9905882449551506
230	90	0.9941782225721597
240	90	0.9972561643341706
250	90	0.9999438543379449
260	90	1.0023420296500325
270	90	1.0045346433235494
280	90	1.00659040226884
290	90	1.008568393741298
300	90	1.01051967378231
310	90	1.0124880869698092
320	90	1.01451123824775
330	90	1.0166246922237667
340	90	1.0188597367132377
350	90	1.0212460333984588
360	90	1.0238108915089252
370	90	1.0265808332225272
380	90	1.029581339237113
390	90	1.03283705563972
400	90	1.0363717587082204
410	90	1.0402084129650695
420	90	1.0443692517864114
430	90	1.0488752246811754
440	90	1.0537461248789792
450	90	1.058999911432276
460	90	1.0646526736148516
470	90	1.0707180850394968
480	90	1.077207028717893
490	90	1.0842313470886638
500	90	1.0914824943435957
510	90	1.0992725222443258
520	90	1.1074915451574823
530	90	1.1161273514373196
540	90	1.125159052507691
550	90	1.1345536821516014
560	90	1.1442604942789287
570	90	1.1542014100575102
580	90	1.1642551399716485
590	90	1.1742312272769058
600	90	1.1838275679365073
610	90	1.1925627015946723
620	90	1.1996701481550816
630	90	1.203940544629617
640	90	1.2035025442548237
650	90	1.1955588783780626
660	90	1.1761638855311676
670	90	1.140268709322961
680	90	1.0824496170043572
690	90	0.9987681185158219
700	90	0.8896010838846121
710	90	0.7618413645410161
720	90	0.6280471260354568
730	90	0.5020420324480875
740	90	0.39385457507873384
750	90	0.30745341100139634
760	90	0.24181835650056635
770	90	0.1933912527495836
780	90	0.15808480675487738
790	90	0.13231624209843443
800	90	0.11331558232853325
810	90	0.09907924302853945
820	90	0.08820635843132812
830	90	0.07973340467917338
840	90	0.07299996455570483
850	90	0.06755150038641387
860	90	0.06307216558110994
870	90	0.05933960726377666
0	91	3.689598798135185e-6
10	91	0.1096323799136808
20	91	0.21666752122524802
30	91	0.3187558688117988
40	91	0.4139785455596855
50	91	0.500974566009216
60	91	0.5789523965113926
70	91	0.6476770838038388
80	91	0.707336371935763
90	91	0.7584720292564151
100	91	0.8018152713383735
110	91	0.8382241856931628
120	91	0.8685765905493756
130	91	0.893728091537961
140	91	0.9144727464807708
150	91	0.9315297989071024
160	91	0.9455230129500448
170	91	0.9569966347945534
180	91	0.9664092027750544
190	91	0.9741483779577128
200	91	0.980537868862164
210	91	0.9858456223291366
220	91	0.990292743122658
230	91	0.9940629193251662
240	91	0.9973057962958244
250	91	1.0001464150929453
260	91	1.0026876037850976
270	91	1.0050158252976336
280	91	1.0072026250040873
290	91	1.0093082960823194
300	91	1.0113854523154253
310	91	1.0134792264697972
320	91	1.0156289349594783
330	91	1.0178704478711584
340	91	1.020236123804328
350	91	1.0227559297678706
360	91	1.0254575902475105
370	91	1.028367679462646
380	91	1.0315113310159465
390	91	1.0349127402773954
400	91	1.0385950248874285
410	91	1.0425802065069911
420	91	1.046889039625014
430	91	1.0515411574139462
440	91	1.0565543878439492
450	91	1.0619446284872611
460	91	1.0677256527495642
470	91	1.0739085668318358
480	91	1.080603220625085
490	91	1.0875091601860072
500	91	1.0949322541926643
510	91	1.1027668759127394
520	91	1.1110033550146419
530	91	1.11962480399875
540	91	1.1286044596960743
550	91	1.1379013562908107
560	91	1.1474533431752494
570	91	1.1571652288676144
580	91	1.166889597826505
590	91	1.176395400440603
600	91	1.1853177925942395
610	91	1.1930791943238672
620	91	1.198769310915304
630	91	1.2009721900828845
640	91	1.1975399231784594
650	91	1.185350880490544
660	91	1.1601787733077202
670	91	1.1169510696592126
680	91	1.050819832486672
690	91	0.9593176958331834
700	91	0.8449942806204255
710	91	0.716617699637189
720	91	0.5870812973816892
730	91	0.46871648270557725
740	91	0.36923598535114344
750	91	0.2907446616066701
760	91	0.23134871775772217
770	91	0.18740941004320405
780	91	0.1551398818777543
790	91	0.13134248131290766
800	91	0.11358200210542184
810	91	0.10010416258313688
820	91	0.08967996299541517
830	91	0.08145928282666563
840	91	0.0748548199557834
850	91	0.06945859244843762
860	91	0.06498428030615713
870	91	0.06122815727179463
0	92	2.784234729548666e-6
10	92	0.10847082495661281
20	92	0.21442756869811397
30	92	0.31559154451275845
40	92	0.4100894880805592
50	92	0.49657692717247065
60	92	0.5742761245024348
70	92	0.6429131765807631
80	92	0.7026600371014352
90	92	0.7540098678035216
100	92	0.7976632770464233
110	92	0.8344381546241411
120	92	0.8651858290882853
130	92	0.8907406430413435
140	92	0.9118852286302708
150	92	0.9293205290221789
160	92	0.9436696062121586
170	92	0.9554697536317847
180	92	0.965181605837869
190	92	0.9731927550567355
200	92	0.9798283577640409
210	92	0.9853584568486101
220	92	0.9900072619127501
230	92	0.9939618394141683
240	92	0.9973745235934744
250	92	1.000372358907082
260	92	1.0030617567124784
270	92	1.005530383235345
280	92	1.0078519775803836
290	92	1.0100893088347849
300	92	1.0122959609976632
310	92	1.0145185286985396
320	92	1.0167977100533874
330	92	1.0191699565032195
340	92	1.0216684166081282
350	92	1.0243230933556275
360	92	1.0271625311148955
370	92	1.030212632650674
380	92	1.033498646502877
390	92	1.037043927771055
400	92	1.0408708374730253
410	92	1.0450003382406805
420	92	1.0494517549947742
430	92	1.0542431555563656
440	92	1.0593904542421793
450	92	1.0649074420893954
460	92	1.0708055485026347
470	92	1.0770933148095034
480	92	1.0837762077383228
490	92	1.090855931242368
500	92	1.0983300921753925
510	92	1.1061912413372403
520	92	1.1144257025628448
530	92	1.1230116184837036
540	92	1.131937029679626
550	92	1.1410878120954309
560	92	1.1504525468164413
570	92	1.1598945212505984
580	92	1.1692352984853398
590	92	1.1781959713499577
600	92	1.1863382609699316
610	92	1.1929737751661271
620	92	1.1970299767394867
630	92	1.1968653538845397
640	92	1.1900456293135877
650	92	1.1731454745800887
660	92	1.1417450847382817
670	92	1.090939577440053
680	92	1.016739912356896
690	92	0.9183775708492712
700	92	0.8004828425014422
710	92	0.673175939496909
720	92	0.5490335481515487
730	92	0.43858863535780396
740	92	0.34741173443869244
750	92	0.27613022389354386
760	92	0.22228289880473312
770	92	0.1822880304082656
780	92	0.15267835938134516
790	92	0.1306105205390195
800	92	0.11394400161274966
810	92	0.10114041906842496
820	92	0.09111897607732777
830	92	0.08312749710783111
840	92	0.07664220024903837
850	92	0.071295873166961
860	92	0.06682823138058522
870	92	0.0630521757478684
0	93	1.8952621324361057e-6
10	93	0.10733828460765203
20	93	0.21224044820558993
30	93	0.3124942148598359
40	93	0.4062728778342892
50	93	0.4922623932588604
60	93	0.5696697539792855
70	93	0.6382170367340558
80	93	0.6980394548527863
90	93	0.7495924693664409
100	93	0.79353912232225
110	93	0.8306687442077824
120	93	0.8618034199298846
130	93	0.8877575619840292
140	93	0.9092941498814348
150	93	0.9271069409727888
160	93	0.9418097110955808
170	93	0.9539384879435221
180	93	0.9639523095792986
190	93	0.972237877511405
200	93	0.9791228456740744
210	93	0.984878897373431
220	93	0.9897347072905361
230	93	0.9938775456519803
240	93	0.9974640054130527
250	93	1.00062375796133
260	93	1.0034651921204265
270	93	1.006077996306047
280	93	1.0085387550030178
290	93	1.0109116380325898
300	93	1.0132511930991
310	93	1.0156058245126665
320	93	1.018017190670083
330	93	1.02052254557214
340	93	1.0231553056390217
350	93	1.025946187614829
360	93	1.0289234743864302
370	93	1.0321132313270647
380	93	1.0355399268098358
390	93	1.0392266579625467
400	93	1.0431945142856498
410	93	1.0474634306971968
420	93	1.0520514159872107
430	93	1.0569746040438026
440	93	1.0622471055002145
450	93	1.0678805765462018
460	93	1.073884085390692
470	93	1.0802637587549286
480	93	1.087022287316414
490	93	1.0941586127348317
500	93	1.101667094849882
510	93	1.1095368149002616
520	93	1.1177498100083145
530	93	1.1262788342636694
540	93	1.135083223750737
550	93	1.144102427877166
560	93	1.15324525463938
570	93	1.1623724760883782
580	93	1.1712689885866774
590	93	1.179599639462727
600	93	1.1868408762387537
610	93	1.1921778433357526
620	93	1.1943576051802933
630	93	1.1914975069328204
640	93	1.1808771270454472
650	93	1.1588088900429856
660	93	1.1207986542678015
670	93	1.062329625124967
680	93	0.9805403368255241
690	93	0.8764887436035891
700	93	0.7566456574845686
710	93	0.6319028114944719
720	93	0.5139818243087056
730	93	0.4114885120924258
740	93	0.32811006141031834
750	93	0.26335296385696133
760	93	0.21442775988236468
770	93	0.17790077920904485
780	93	0.1506253178126242
790	93	0.13007955304584842
800	93	0.1143814419970782
810	93	0.10217959522993203
820	93	0.09252121290659965
830	93	0.08473894140649917
840	93	0.07836431818800796
850	93	0.07306590501994077
860	93	0.06860647676971028
870	93	0.06481382503251311
0	94	1.4144734087398414e-6
10	94	0.10622813404886763
20	94	0.21009951352858405
30	94	0.3094618273430897
40	94	0.40253461993629747
50	94	0.4880245599587195
60	94	0.5651422906844221
70	94	0.6335874033969651
80	94	0.6934726682606426
90	94	0.7452124430236633
100	94	0.789446005477716
110	94	0.8269185160656144
120	94	0.858432331599638
130	94	0.8847786611583339
140	94	0.9067029378255687
150	94	0.9248905202306196
160	94	0.9399476695879415
170	94	0.9524054089384807
180	94	0.9627216301447693
190	94	0.9712838037754061
200	94	0.9784216057357675
210	94	0.984408073701397
220	94	0.9894739061247986
230	94	0.9938100670387093
240	94	0.9975746601538623
250	94	1.0009006624562153
260	94	1.0038982417007742
270	94	1.0066600607135592
280	94	1.0092635382489452
290	94	1.0117753829546845
300	94	1.0142512132743278
310	94	1.0167409094728908
320	94	1.0192866747818614
330	94	1.021926876024256
340	94	1.0246952122596558
350	94	1.0276228009588924
360	94	1.0307377983666008
370	94	1.0340660461022
380	94	1.037631508886785
390	94	1.0414564782250526
400	94	1.0455611096301276
410	94	1.0499640366112089
420	94	1.0546817038085143
430	94	1.0597286235229897
440	94	1.0651169197952468
450	94	1.070856196994427
460	94	1.0769531990298813
470	94	1.0834115230304049
480	94	1.090224976730687
490	94	1.0974086940699437
500	94	1.1049348766989955
510	94	1.11279523287296
520	94	1.120940483125979
530	94	1.12941780977082
540	94	1.1380977293020607
550	94	1.1469342101664608
560	94	1.1558175506930273
570	94	1.1645802902408768
580	94	1.172964093866948
590	94	1.1805681350740609
600	94	1.1867706446116941
610	94	1.190614195394658
620	94	1.1906485049500888
630	94	1.1847397275403473
640	94	1.1698947895689635
650	94	1.1422296139560097
660	94	1.0973264034532606
670	94	1.0312933078472797
680	94	0.9426233060633823
690	94	0.8342087007632177
700	94	0.7139978317636911
710	94	0.5930760569882606
720	94	0.48191434370217684
730	94	0.38721018051486644
740	94	0.311067090239137
750	94	0.2521814973306887
760	94	0.20761567323975308
770	94	0.1741399945363717
780	94	0.14891750222691863
790	94	0.1297153251584344
800	94	0.1148775586592674
810	94	0.10321482014620001
820	94	0.09388507637904658
830	94	0.08629461371158229
840	94	0.08002326781289032
850	94	0.07477108537091569
860	94	0.07032132380798897
870	94	0.06651510015207134
0	95	2.1048245757209543e-6
10	95	0.10514663550540486
20	95	0.20800712084824322
30	95	0.3064934312278227
40	95	0.39886979107590126
50	95	0.48386261258749014
60	95	0.5606864899843581
70	95	0.6290250759987828
80	95	0.6889591588117515
90	95	0.7408797531599373
100	95	0.78538330183711
110	95	0.8231911348432678
120	95	0.8550751764402268
130	95	0.8818060638727699
140	95	0.9041145222495524
150	95	0.922674314777452
160	95	0.9380832474768444
170	95	0.950870771780046
180	95	0.9614911523609828
190	95	0.9703339726686553
200	95	0.9777268756508118
210	95	0.9839470976121155
220	95	0.9892274457032375
230	95	0.9937604528061198
240	95	0.9977079739062096
250	95	1.0012041071671471
260	95	1.0043621547466004
270	95	1.0072764124270595
280	95	1.01002668507259
290	95	1.0126803527745016
300	95	1.0152957108295129
310	95	1.0179228088902958
320	95	1.0206052169050464
330	95	1.0233816373917826
340	95	1.026286551475624
350	95	1.0293508338027817
360	95	1.0326027124917359
370	95	1.0360677547757333
380	95	1.0397693543430722
390	95	1.043728798987712
400	95	1.0479653787021008
410	95	1.0524961617585282
420	95	1.0573362597167937
430	95	1.0625587331816309
440	95	1.0679926430293343
450	95	1.0738265967187282
460	95	1.08000483573864
470	95	1.0865285051141544
480	95	1.0933951889847315
490	95	1.100598155288924
500	95	1.1081254619662853
510	95	1.115958580403756
520	95	1.1240701402140747
530	95	1.1324200546359282
540	95	1.1409495982373858
550	95	1.1495714667169377
560	95	1.1581540852402463
570	95	1.1664966332375084
580	95	1.1742900996862284
590	95	1.181057488095531
600	95	1.1860650821610914
610	95	1.1881967755443887
620	95	1.185790684947547
630	95	1.176459631830203
640	95	1.1569680696746145
650	95	1.1233277346785961
660	95	1.0713752180528597
670	95	0.9980791940751065
680	95	0.9034457121335014
690	95	0.7920838220723418
700	95	0.6729730658460407
710	95	0.5568697099006894
720	95	0.45274886619615173
730	95	0.3655281701600505
740	95	0.29603342823149065
750	95	0.2424097879764349
760	95	0.2017017007668415
770	95	0.1709139726894829
780	95	0.14750145137013007
790	95	0.12948903323077315
800	95	0.11541832777621189
810	95	0.10424047610625709
820	95	0.09520942202374824
830	95	0.08779555912268285
840	95	0.08162101522037356
850	95	0.07641362472650555
860	95	0.07197486670077272
870	95	0.06815783025650074
0	96	1.1395854703798622e-6
10	96	0.10408997641538081
20	96	0.20596354759205937
30	96	0.3035888457068426
40	96	0.39527836361875196
50	96	0.47977608949580086
60	96	0.5563039657185258
70	96	0.6245274154115056
80	96	0.6845043995546795
90	96	0.7365919757501738
100	96	0.781356707397231
110	96	0.8194879052042584
120	96	0.8517341452949307
130	96	0.8788429591473518
140	96	0.9015312739113421
150	96	0.9204587447810862
160	96	0.9362201669175821
170	96	0.9493377424503832
180	96	0.9602643924555218
190	96	0.9693882378220304
200	96	0.9770402211229207
210	96	0.9834983021008973
220	96	0.9889960073499676
230	96	0.9937302300119663
240	96	0.9978641534418142
250	96	1.0015346092124437
260	96	1.0048571685253251
270	96	1.00792754146843
280	96	1.0108277488106485
290	96	1.0136267616449368
300	96	1.0163840567329765
310	96	1.0191506300143096
320	96	1.021971407245709
330	96	1.024885211994218
340	96	1.0279268162823871
350	96	1.0311276111598562
360	96	1.0345150383766049
370	96	1.0381146810247004
380	96	1.0419491292079555
390	96	1.0460388221921126
400	96	1.0504017672450954
410	96	1.0550538885656036
420	96	1.0599631173826687
430	96	1.0652767933611047
440	96	1.0708668961336112
450	96	1.0767842830829937
460	96	1.0830313483639162
470	96	1.08960696221034
480	96	1.0965061746221636
490	96	1.103719390847075
500	96	1.11123132217243
510	96	1.1190193763101195
520	96	1.1270505725273812
530	96	1.1352771092575895
540	96	1.1436288501414331
550	96	1.152001493867493
560	96	1.1602375820326523
570	96	1.1680970927143304
580	96	1.1752118747688547
590	96	1.1810173846362197
600	96	1.184653666976607
610	96	1.1848308147190145
620	96	1.1796653974964966
630	96	1.1665253958288047
640	96	1.1419827556098405
650	96	1.1020643569237671
660	96	1.0430581997775445
670	96	0.9630065969425095
680	96	0.8634978101835793
690	96	0.7506242450872357
700	96	0.6339139406867107
710	96	0.523365005513764
720	96	0.42635136974583904
730	96	0.3462102727955985
740	96	0.28277806195705224
750	96	0.23385584060553996
760	96	0.1965608650490125
770	96	0.1681446090012157
780	96	0.14633192531314446
790	96	0.1293764176677423
800	96	0.1159920570277039
810	96	0.10525195443638796
820	96	0.09649346072732574
830	96	0.089242869951146
840	96	0.08315944310028447
850	96	0.07799558445286088
860	96	0.07356905856028392
870	96	0.06974371529956276
0	97	2.115968599829572e-6
10	97	0.10305739584564777
20	97	0.2039617744408813
30	97	0.3007449697497604
40	97	0.39175877644521434
50	97	0.47576750070802
60	97	0.5519956812525899
70	97	0.6200964598800774
80	97	0.6801062248135105
90	97	0.7323508464767767
100	97	0.7773647480952822
110	97	0.8158105482755565
120	97	0.8484100996854352
130	97	0.8758908297428606
140	97	0.8989535653979189
150	97	0.9182484805085637
160	97	0.9343602920868911
170	97	0.9478075318861454
180	97	0.9590408788802439
190	97	0.9684494664641634
200	97	0.9763627760817443
210	97	0.9830612122959503
220	97	0.9887808712402899
230	97	0.9937200986930926
240	97	0.9980441503331298
250	97	1.0018930934152173
260	97	1.0053833240453254
270	97	1.0086133440754645
280	97	1.0116667083322028
290	97	1.014613814212092
300	97	1.0175153349835346
310	97	1.0204236127372406
320	97	1.0233837506676107
330	97	1.0264355536749326
340	97	1.0296138470596357
350	97	1.032949920102374
360	97	1.036471368979361
370	97	1.040202851385813
380	97	1.0441663631043516
390	97	1.0483813919647433
400	97	1.0528648315812612
410	97	1.0576310643311626
420	97	1.0626921105441882
430	97	1.0680571103269647
440	97	1.0737325779006823
450	97	1.0797219099267712
460	97	1.0859590758805127
470	97	1.092639585850135
480	97	1.0995570314870045
490	97	1.1067652258709193
500	97	1.1142454272097069
510	97	1.1219704092850051
520	97	1.1299009527861723
530	97	1.1379802553055187
540	97	1.1461248168264335
550	97	1.1542101618004157
560	97	1.1620483928440204
570	97	1.1693535413650797
580	97	1.1756890363821366
590	97	1.180390535288562
600	97	1.1824575972800253
610	97	1.180413445305057
620	97	1.1721494947298605
630	97	1.1548108753962836
640	97	1.1248490582558475
650	97	1.0784502621626202
660	97	1.012557277260813
670	97	0.9264543824984365
680	97	0.8232797050221089
690	97	0.7102833971386843
700	97	0.5970697083157676
710	97	0.49256468882826154
720	97	0.40255282747038734
730	97	0.32902697259915714
740	97	0.2710902480767118
750	97	0.22635988120091255
760	97	0.19208559642923184
770	97	0.16576535791055974
780	97	0.14537058831209845
790	97	0.1293570098408264
800	97	0.11658895130482741
810	97	0.10624553214327355
820	97	0.0977367030043457
830	97	0.09063764615932575
840	97	0.08464030734671953
850	97	0.07951888832937756
860	97	0.07510568619378787
870	97	0.07127431253478361
0	98	2.3532529403431597e-6
10	98	0.10204585895540803
20	98	0.20200690544948074
30	98	0.2979651128526225
40	98	0.3883102315863549
50	98	0.4718321235727768
60	98	0.5477592886886533
70	98	0.6157340755621847
80	98	0.6757665797883619
90	98	0.7281561856067289
100	98	0.7734095855464451
110	98	0.8121607987964947
120	98	0.8451050703224751
130	98	0.8729516381350517
140	98	0.8963850816466723
150	98	0.9160440331205105
160	98	0.9325048386263559
170	98	0.9462817977869828
180	98	0.9578241980406893
190	98	0.9675185252321348
200	98	0.9756961501979966
210	98	0.9826387601798968
220	98	0.988583698050928
230	98	0.9937307322408985
240	98	0.9982491044526899
250	98	1.002279322667006
260	98	1.0059410790089813
270	98	1.0093337137110832
280	98	1.012543168536141
290	98	1.0156409161383797
300	98	1.0186889018058543
310	98	1.0217401071118
320	98	1.024840640338554
330	98	1.028030478879972
340	98	1.0313449659237048
350	98	1.0348149171598644
360	98	1.0384679734844613
370	98	1.0423279603899847
380	98	1.0464163179513313
390	98	1.050751268663029
400	98	1.055348704187202
410	98	1.060221623246597
420	98	1.0653305950170238
430	98	1.0708325370967962
440	98	1.0765827107898054
450	98	1.0826324357809873
460	98	1.0890454257244886
470	98	1.095619371434485
480	98	1.1025409022155894
490	98	1.1097289668117363
500	98	1.117161026307941
510	98	1.1248047085737551
520	98	1.1326136291586
530	98	1.1405203977625487
540	98	1.148425779279458
550	98	1.1561815299712854
560	98	1.1635639492078536
570	98	1.170233583785174
580	98	1.1756752508580564
590	98	1.179112153240295
600	98	1.1793897868793484
610	98	1.174834887521644
620	98	1.1631186883285984
630	98	1.141201702258117
640	98	1.1055100417872958
650	98	1.0525528740776733
660	98	0.9801213467761022
670	98	0.8888451691608511
680	98	0.783278025543891
690	98	0.6714435646392724
700	98	0.562600406652242
710	98	0.46440871919074767
720	98	0.3811633911637354
730	98	0.31375798673916294
740	98	0.26077997870765496
750	98	0.21978229281874598
760	98	0.1881834160072386
770	98	0.16371948556827695
780	98	0.14458490509178717
790	98	0.1294135119242176
800	98	0.11720079629415009
810	98	0.10721816084583274
820	98	0.09893887937607453
830	98	0.09198098399230235
840	98	0.08606527250246156
850	98	0.08098530287342325
860	98	0.07658642817476027
870	98	0.0727510528031071
0	99	2.513839340842845e-6
10	99	0.10105885272306366
20	99	0.20009520477297466
30	99	0.29524310447366114
40	99	0.3849308921099402
50	99	0.46797213707618557
60	99	0.5435961484094706
70	99	0.6114380393795114
80	99	0.6714860196013008
90	99	0.7240118905129673
100	99	0.7694955833189974
110	99	0.8085418022268094
120	99	0.8418234640643978
130	99	0.8700294081338149
140	99	0.8938284759164349
150	99	0.9138475064078702
160	99	0.9306566742813678
170	99	0.944763529777472
180	99	0.956614772376129
190	99	0.9665972026327544
200	99	0.9750417295606606
210	99	0.9822307942797596
220	99	0.9884041173766831
230	99	0.9937632396323443
240	99	0.9984790433136816
250	99	1.0026940923243655
260	99	1.006530105640872
270	99	1.0100889319552067
280	99	1.013456596938714
290	99	1.0167072221770392
300	99	1.0199031258754483
310	99	1.023098444267389
320	99	1.0263397777455745
330	99	1.0296674977198494
340	99	1.0331169875434236
350	99	1.0367191615990448
360	99	1.0405008011281982
370	99	1.0444855463262883
380	99	1.0486939082222015
390	99	1.0531430500633612
400	99	1.057847609319495
410	99	1.0628193010297848
420	99	1.0680668996794416
430	99	1.073596350144876
440	99	1.079410506191265
450	99	1.0855090619173615
460	99	1.0918880975365446
470	99	1.098539735621613
480	99	1.1054513597997768
490	99	1.112604256176205
500	99	1.1199716296612494
510	99	1.1275153739998318
520	99	1.1351806767332715
530	99	1.1428877502241321
540	99	1.150518726351625
550	99	1.1578973999630662
560	99	1.1647582119665778
570	99	1.1706998604711292
580	99	1.1751176694567058
590	99	1.1771096545715598
600	99	1.1753552819528683
610	99	1.1679803061987373
620	99	1.152451796323352
630	99	1.1256022843073832
640	99	1.0839498045161948
650	99	1.024500560121152
660	99	0.9460596818465992
670	99	0.8506262776987394
680	99	0.7439449389293626
690	99	0.6344079672178
700	99	0.5305856279266599
710	99	0.4387897606695447
720	99	0.3619837404300194
730	99	0.3001964583418624
740	99	0.25167749284836155
750	99	0.21400149584290368
760	99	0.18477486546580146
770	99	0.16195857985956588
780	99	0.1439472206510602
790	99	0.12953128077985174
800	99	0.11782071636750714
810	99	0.10816737938459298
820	99	0.10009990188293928
830	99	0.09327398161549312
840	99	0.08743588519966282
850	99	0.08239647640399157
860	99	0.0780128094295504
870	99	0.07417527868444841
0	100	1.2052730990728112e-6
10	100	0.10009694019506256
20	100	0.19822560827835592
30	100	0.29257934958976306
40	100	0.3816203730479606
50	100	0.4641844938370258
60	100	0.5395056214886144
70	100	0.6072079844967292
80	100	0.6672630884654737
90	100	0.7199179990940909
100	100	0.7656223294059176
110	100	0.8049551576843816
120	100	0.8385656076548161
130	100	0.8671250194442286
140	100	0.8912857395771823
150	100	0.9116613833963523
160	100	0.9288165395069621
170	100	0.9432538666002906
180	100	0.9554150637924114
190	100	0.9656868424710471
200	100	0.9744003948264337
210	100	0.9818389468149087
220	100	0.9882435018996258
230	100	0.9938177799559403
240	100	0.9987340340260822
250	100	1.0031374834836866
260	100	1.0071507476558543
270	100	1.0108780177122774
280	100	1.014406690139093
290	100	1.017811687085166
300	100	1.0211568223473968
310	100	1.024496979596895
320	100	1.0278790334463281
330	100	1.0313440015792412
340	100	1.0349269852306509
350	100	1.0386587436488182
360	100	1.0425659192582164
370	100	1.0466711406750793
380	100	1.0509941693997553
390	100	1.0555512970031635
400	100	1.0603558138445468
410	100	1.0654180874503143
420	100	1.0707454141891442
430	100	1.0763421883366826
440	100	1.0822095402418936
450	100	1.0883334547626131
460	100	1.0947437740505221
470	100	1.1013945529369524
480	100	1.1082823773877228
490	100	1.1153850345586926
500	100	1.1226710265153053
510	100	1.130095489975319
520	100	1.1375938044297746
530	100	1.1450715310912505
540	100	1.152388879914458
550	100	1.1593368113569775
560	100	1.1656011034389746
570	100	1.1707094657664983
580	100	1.1739564360357306
590	100	1.1743025758177736
600	100	1.1702521644375083
610	100	1.1597325064831483
620	100	1.140035915023264
630	100	1.1079432976414696
640	100	1.0602006129386712
650	100	0.9944834872049627
660	100	0.9107308382028232
670	100	0.8122493081082648
680	100	0.705681254248358
690	100	0.5993989901954576
700	100	0.501036203975985
710	100	0.4155673592453851
720	100	0.34481373513762154
730	100	0.28815133922871583
740	100	0.2436321790304854
750	100	0.20891188155321883
760	100	0.18179168245893468
770	100	0.1604412831010295
780	100	0.14343398883548913
790	100	0.1296978981515129
800	100	0.11844293912904354
810	100	0.10909120809516988
820	100	0.10121983367341815
830	100	0.0945176740445885
840	100	0.08875361526313583
850	100	0.0837539422892974
860	100	0.0793862576781178
870	100	0.07554821490707396
0	101	1.9520009721282135e-6
10	101	0.09915464091353608
20	101	0.19639966545183823
30	101	0.2899727772537835
40	101	0.3783778455429979
50	101	0.46046954781809696
60	101	0.5354871218338352
70	101	0.6030472466545467
80	101	0.6631024769487449
90	101	0.7158759044915726
100	101	0.7617901970558784
110	101	0.8014012760271765
120	101	0.8353350319714561
130	101	0.8642413853641202
140	101	0.8887579197539436
150	101	0.9094885372046416
160	101	0.9269883669907288
170	101	0.9417539913459859
180	101	0.9542265854099761
190	101	0.9647888640363665
200	101	0.9737735220611001
210	101	0.9814641787398097
220	101	0.9881028368636487
230	101	0.9938951358088787
240	101	0.9990149554456751
250	101	1.0036091289200835
260	101	1.0078027080396146
270	101	1.011700445176712
280	101	1.015391938562002
290	101	1.018952970788896
300	101	1.0224483233555466
310	101	1.0259335535518357
320	101	1.0294560171431508
330	101	1.0330568370322548
340	101	1.0367713865190535
350	101	1.0406300382183282
360	101	1.0446588280371307
370	101	1.0489043672625025
380	101	1.0533120451486055
390	101	1.0579705499268852
400	101	1.0628674774897025
410	101	1.0680118884686793
420	101	1.0734097577194641
430	101	1.0790638194534905
440	101	1.084973671575348
450	101	1.0911353539403172
460	101	1.0975409792825204
470	101	1.1041780500441984
480	101	1.1110282646631375
490	101	1.118065544960331
500	101	1.1252529575381198
510	101	1.1325378196554123
520	101	1.1398439617545422
530	101	1.1470596548545695
540	101	1.1540192985015594
550	101	1.160475521016382
560	101	1.1660578934250037
570	101	1.170213402498743
580	101	1.1721243214029993
590	101	1.170602845004757
600	101	1.1639730659518301
610	101	1.1499754514461973
620	101	1.1257724558936741
630	101	1.0881892587944686
640	101	1.0343481725390853
650	101	0.9627504498068374
660	101	0.8745279010690682
670	101	0.7741502229806347
680	101	0.6688246329079905
690	101	0.5665615934942144
700	101	0.4739071932503769
710	101	0.3945801592277234
720	101	0.32945865102510485
730	101	0.27744842966875677
740	101	0.23651114522129651
750	101	0.20442187594772712
760	101	0.17917520931506317
770	101	0.15913222054027948
780	101	0.14302512761355388
790	101	0.12990282013708299
800	101	0.11906260855998757
810	101	0.1099880404264904
820	101	0.10229882803643517
830	101	0.09571309962750486
840	101	0.09001983608612468
850	101	0.08505912294568096
860	101	0.08070809319444938
870	101	0.07687101003189253
0	102	1.6717755409454766e-6
10	102	0.09823411360809518
20	102	0.1946138379541003
30	102	0.2874219412611257
40	102	0.37520241924453746
50	102	0.4568266697734137
60	102	0.5315406388470264
70	102	0.598955061111099
80	102	0.6590033661947733
90	102	0.7118869828525484
100	102	0.7580032439217191
110	102	0.7978839014478171
120	102	0.8321321146562413
130	102	0.861378584349004
140	102	0.8862470477226443
150	102	0.9073294725599501
160	102	0.9251716876628987
170	102	0.9402660919030071
180	102	0.953049806664554
190	102	0.9639047089444029
200	102	0.9731622431620208
210	102	0.981107348073613
220	102	0.9879825952664292
230	102	0.9939957741511763
240	102	0.9993214813154735
250	102	1.0041094299180238
260	102	1.0084851774552555
270	102	1.0125556749023834
280	102	1.0164114446949988
290	102	1.0201296023541757
300	102	1.023775573547281
310	102	1.0274055913493563
320	102	1.0310677576298675
330	102	1.0348030877248093
340	102	1.0386467021836872
350	102	1.0426288549740739
360	102	1.0467751659783326
370	102	1.051106937610977
380	102	1.0556422949774664
390	102	1.0603952002898662
400	102	1.0653768414165845
410	102	1.0705948708215924
420	102	1.0760539125100101
430	102	1.0817553175267942
440	102	1.0876970023078503
450	102	1.0938732550498738
460	102	1.1002742012261446
470	102	1.1068848357401204
480	102	1.113683625014687
490	102	1.1206401215515969
500	102	1.1277111271168558
510	102	1.1348347557857679
520	102	1.141921183583919
530	102	1.1488383466207908
540	102	1.1553903947405126
550	102	1.161285443899578
560	102	1.1660886310137457
570	102	1.1691560304486512
580	102	1.1695465810634853
590	102	1.1659154534608234
600	102	1.1564073499417449
610	102	1.1385986905783765
620	102	1.109583807931021
630	102	1.0663455222471878
640	102	1.006534255085804
650	102	0.9296016407251326
660	102	0.8378613720988043
670	102	0.7367317313948498
680	102	0.633643224413708
690	102	0.5359706074412096
700	102	0.44911085614837115
710	102	0.37565591054629377
720	102	0.315733400794447
730	102	0.26793047426743993
740	102	0.23019761219890703
750	102	0.2004521575133711
760	102	0.17687501564102753
770	102	0.15800109102619073
780	102	0.14270348069637379
790	102	0.13013707592919274
800	102	0.11967565707373061
810	102	0.11085663106277374
820	102	0.10333714681310222
830	102	0.09686125390113023
840	102	0.0912358298645305
850	102	0.08631334149867187
860	102	0.08197954634307604
870	102	0.07814470664450775
0	103	1.4836120398326525e-6
10	103	0.0973358230591304
20	103	0.1928671774638734
30	103	0.28492774025990786
40	103	0.37209200657155944
50	103	0.4532542090718293
60	103	0.5276661742717778
70	103	0.5949292696755437
80	103	0.6549649752040985
90	103	0.7079504982634033
100	103	0.754261755941745
110	103	0.7944039190546701
120	103	0.828959419319367
130	103	0.8585405436430479
140	103	0.883756735737216
150	103	0.9051867819320003
160	103	0.9233695097712473
170	103	0.9387918075732687
180	103	0.9518872336441218
190	103	0.9630354088081442
200	103	0.9725674573976806
210	103	0.9807686518823788
220	103	0.9878832706661868
230	103	0.9941191844158135
240	103	0.9996538795669075
250	103	1.0046376100325418
260	103	1.0091978205345575
270	103	1.013442440928785
280	103	1.0174637505919077
290	103	1.0213398070830886
300	103	1.0251365948224205
310	103	1.028911141901482
320	103	1.032711517556237
330	103	1.036579156849396
340	103	1.0405490890859337
350	103	1.0446510841147307
360	103	1.0488291939047543
370	103	1.0533474600990296
380	103	1.0579796006972784
390	103	1.0628199247040158
400	103	1.0678782980549497
410	103	1.073161382977819
420	103	1.0786723468198425
430	103	1.0844110984823965
440	103	1.0903740849466843
450	103	1.0965538131741797
460	103	1.1029382625207782
470	103	1.109509788320606
480	103	1.1162432606654158
490	103	1.12310315461147
500	103	1.1300389554581705
510	103	1.1369779367031068
520	103	1.1438141828048236
530	103	1.1503917400649963
540	103	1.1564794635785478
550	103	1.1617341219133819
560	103	1.165647598389673
570	103	1.167474726286446
580	103	1.1661411233695491
590	103	1.1601396760219667
600	103	1.147444089360514
610	103	1.1255025744786797
620	103	1.0914202404530147
630	103	1.0424640036172075
640	103	0.9769560540985163
650	103	0.8953777003245764
660	103	0.8011412518406764
670	103	0.7003493051633211
680	103	0.600334404311349
690	103	0.5076404729370227
700	103	0.42652869829110224
710	103	0.358619272713105
720	103	0.3034651598313611
730	103	0.2594566210249366
740	103	0.2245892812480581
750	103	0.1969340649886906
760	103	0.1748477084199358
770	103	0.15702190386477807
780	103	0.14245436726532265
790	103	0.13039302455337848
800	103	0.12027865590590679
810	103	0.11169595754140785
820	103	0.10433510725208048
830	103	0.09796310432963612
840	103	0.09240280912072672
850	103	0.08751783308479721
860	103	0.08320174455453523
870	103	0.07937029535279465
0	104	1.3730861084540292e-6
10	104	0.09645672498812402
20	104	0.19116135715898153
30	104	0.28248797223472244
40	104	0.3690474910434661
50	104	0.4497516813509072
60	104	0.5238620443249704
70	104	0.5909721946965253
80	104	0.6509889059896845
90	104	0.7040709165728143
100	104	0.7505668109123232
110	104	0.7909628648670762
120	104	0.8258184408340273
130	104	0.8557289909454082
140	104	0.8812868223540685
150	104	0.9030621720085136
160	104	0.9215838571259489
170	104	0.93733318375997
180	104	0.9507397310877977
190	104	0.9621821992390528
200	104	0.9719904507028656
210	104	0.9804497265522507
220	104	0.987805270867557
230	104	0.9942664355067617
240	104	1.0000118972476224
250	104	1.0051932527459646
260	104	1.0099395276864127
270	104	1.0143599428532988
280	104	1.0185476621724534
290	104	1.0225817959612133
300	104	1.0265290254688886
310	104	1.0304470727926835
320	104	1.0343841400280578
330	104	1.0383816436519862
340	104	1.042474613665053
350	104	1.046692439177332
360	104	1.0510597331949139
370	104	1.055596496712113
380	104	1.0603189245907585
390	104	1.0652393585505038
400	104	1.070366534492565
410	104	1.0757205311105809
420	104	1.081259504588242
430	104	1.087025840690774
440	104	1.092999749762168
450	104	1.0991720195964445
460	104	1.1055283429967964
470	104	1.1120480846269707
480	104	1.118702084093566
490	104	1.1254488849720974
500	104	1.1322293761937576
510	104	1.1389580586301804
520	104	1.145510074052454
530	104	1.1517014625410928
540	104	1.1572601730002585
550	104	1.161784145782145
560	104	1.1646828181411202
570	104	1.1650997278427573
580	104	1.1618190087870381
590	104	1.153170897747427
600	104	1.1369758406522912
610	104	1.1106041448689474
620	104	1.0712665915545658
630	104	1.0166469544475647
640	104	0.945861960639003
650	104	0.8604458979785515
660	104	0.7647599618714129
670	104	0.6653015845199672
680	104	0.5690278095071748
690	104	0.4815361403713908
700	104	0.4060220119904166
710	104	0.34329762590417884
720	104	0.29249475515802387
730	104	0.25190147659625267
740	104	0.2195967464971704
750	104	0.19380817015128154
760	104	0.1730559154210354
770	104	0.15617232821239155
780	104	0.1422652021101128
790	104	0.1306641486892695
800	104	0.12086874092398268
810	104	0.112505249218728
820	104	0.10529305681562497
830	104	0.09901955252151393
840	104	0.09352190288522687
850	104	0.08867375482051529
860	104	0.08437575295002059
870	104	0.08054869872756956
0	105	7.579051802493901e-7
10	105	0.09559904855265819
20	105	0.18949288079511456
30	105	0.2801027905382604
40	105	0.36606601490782914
50	105	0.446320114622702
60	105	0.5201289450802719
70	105	0.5870839516244732
80	105	0.6470774833231949
90	105	0.7002458077118744
100	105	0.7469204778941112
110	105	0.7875615288937269
120	105	0.8227111850296764
130	105	0.8529442816272141
140	105	0.8788404137065517
150	105	0.9009578272444397
160	105	0.9198158814333469
170	105	0.9358912280308991
180	105	0.949608653398619
190	105	0.9613459032541946
200	105	0.9714312184707316
210	105	0.98015049905698
220	105	0.9877488596310114
230	105	0.9944372267936513
240	105	1.0003951312698383
250	105	1.0057758245612651
260	105	1.0107093486190681
270	105	1.015306623915617
280	105	1.019661174333533
290	105	1.0238532285395006
300	105	1.0279505121729977
310	105	1.032010563238776
320	105	1.036082240343072
330	105	1.0402068910711446
340	105	1.044419354276195
350	105	1.0487486135832653
360	105	1.053218673595759
370	105	1.0578491657748141
380	105	1.0626552177190085
390	105	1.067648310387868
400	105	1.0728362442648909
410	105	1.0782233372125651
420	105	1.0838103903985394
430	105	1.089594577183234
440	105	1.0955692760219196
450	105	1.101723274269459
460	105	1.1080398672523282
470	105	1.114495079736744
480	105	1.1210549794043128
490	105	1.1276712636405415
500	105	1.1342746392013279
510	105	1.1407645773210733
520	105	1.1469939343951026
530	105	1.1527461419199911
540	105	1.157701993802815
550	105	1.1613926207168752
560	105	1.16313564998223
570	105	1.1619541389693044
580	105	1.1564854405330944
590	105	1.1449031055543162
600	105	1.1249031821671356
610	105	1.0938434175290512
620	105	1.0491481422272346
630	105	0.9890480685342251
640	105	0.9135438397057396
650	105	0.8251846643726686
660	105	0.7290774864703803
670	105	0.6318253763139519
680	105	0.5397915779542862
690	105	0.4575840733046753
700	105	0.3874406630857831
710	105	0.32952515980012526
720	105	0.2826771604212736
730	105	0.2451539410057152
740	105	0.21514198692519854
750	105	0.19102302941595775
760	105	0.17146741163737053
770	105	0.15543314978408967
780	105	0.1421251796980084
790	105	0.13094488218342978
800	105	0.1214434907883237
810	105	0.11328393227497359
820	105	0.10621140235204887
830	105	0.10003149676535902
840	105	0.09459418560902694
850	105	0.08978217657584196
860	105	0.08550257417847586
870	105	0.08168078246766923
0	106	9.936609676487183e-7
10	106	0.09476024939350601
20	106	0.1878634085365903
30	106	0.27776928911047466
40	106	0.36314908336666984
50	106	0.44295806343640126
60	106	0.5164663320819828
70	106	0.5832637149093476
80	106	0.6432282579269002
90	106	0.6964784123374791
100	106	0.7433237986517593
110	106	0.7842037587476592
120	106	0.8196393948970926
130	106	0.8501893270121688
140	106	0.8764195705581191
150	106	0.8988739790521387
160	106	0.918067324194479
170	106	0.9344669302720514
180	106	0.9484956930646887
190	106	0.9605278926786844
200	106	0.9708913182478622
210	106	0.9798714484590716
220	106	0.9877142202363627
230	106	0.994631335420405
240	106	1.0008032075448254
250	106	1.006384505664353
260	106	1.011506408358775
270	106	1.0162807173071349
280	106	1.020802377904509
290	106	1.0251522370032928
300	106	1.0293982031919262
310	106	1.0335986423413628
320	106	1.0378025440632421
330	106	1.042051189568139
340	106	1.0463791332707624
350	106	1.0508150765062503
360	106	1.0553402644370737
370	106	1.0601005852060408
380	106	1.064983406512094
390	106	1.0700417738832768
400	106	1.0752823960212048
410	106	1.0807086430833588
420	106	1.086320161063523
430	106	1.0921127679365639
440	106	1.0980782103695255
450	106	1.1042032756343785
460	106	1.1104685202533295
470	106	1.1168461403149743
480	106	1.1232967027380387
490	106	1.1297637704712478
500	106	1.13616606468838
510	106	1.142385331574905
520	106	1.1482484010454328
530	106	1.1535009220508259
540	106	1.1577697191363412
550	106	1.160510738082484
560	106	1.1609406306679
570	106	1.1579543517009216
580	106	1.1500412617474538
590	106	1.1352321445306837
600	106	1.111139937865047
610	106	1.0751896756573973
620	106	1.0251350436689974
630	106	0.9598706033599845
640	106	0.880326265285145
650	106	0.7899678079391278
660	106	0.6944097950742152
670	106	0.6000949259060222
680	106	0.5126406530701549
690	106	0.4356825435984653
700	106	0.3706300737085129
710	106	0.3171455570288147
720	106	0.27388135484324994
730	106	0.23911593790557173
740	106	0.2111569955474414
750	106	0.18853409260025236
760	106	0.17005437695863673
770	106	0.15478780816435997
780	106	0.142025007419954
790	106	0.13123046454085535
800	106	0.12200087630476515
810	106	0.11403153603983716
820	106	0.10709056418107195
830	106	0.10099977571605681
840	106	0.09562065436526568
850	106	0.09084411347722646
860	106	0.08658312795012309
870	106	0.08276733914743384
0	107	8.906160656645944e-7
10	107	0.09394179032211292
20	107	0.18627164768480833
30	107	0.2754878138981502
40	107	0.36029360964586993
50	107	0.4396632991895128
60	107	0.5128745028743442
70	107	0.5795120642848115
80	107	0.6394426448486705
90	107	0.6927680729776654
100	107	0.7397776044203693
110	107	0.7808885144292724
120	107	0.8166046698907822
130	107	0.8474666438694344
140	107	0.8740244265039065
150	107	0.8968142167398199
160	107	0.9163387468554093
170	107	0.9330618958090315
180	107	0.9474014763007522
190	107	0.9597288710189212
200	107	0.9703709812167446
210	107	0.9796130367892654
220	107	0.9877013129681712
230	107	0.9948482346500945
240	107	1.0012353713361586
250	107	1.007018206826448
260	107	1.0123291165162127
270	107	1.0172810203142306
280	107	1.0219695079734423
290	107	1.0264759527302894
300	107	1.0308695087090936
310	107	1.0352082401545395
320	107	1.0395414770066878
330	107	1.0439790498989663
340	107	1.0483497579955177
350	107	1.0528875628165983
360	107	1.0575468887045727
370	107	1.0623460435958583
380	107	1.0672987670925433
390	107	1.0724148470718782
400	107	1.0777002515393672
410	107	1.0831572744305504
420	107	1.0887843621231534
430	107	1.0945760764500578
440	107	1.1005224090822914
450	107	1.1066079187418651
460	107	1.1128100729037635
470	107	1.1190966530376907
480	107	1.125421672578877
490	107	1.1317191620441633
500	107	1.1378936808734073
510	107	1.1438061970543076
520	107	1.149253248403683
530	107	1.153936965251872
540	107	1.157422898924009
550	107	1.1590833029861591
560	107	1.1580254124326717
570	107	1.1530108242964072
580	107	1.1423851012337496
590	107	1.1240596612370737
600	107	1.0956188546203716
610	107	1.0546472638255475
620	107	0.9993446700615147
630	107	0.9293622610596582
640	107	0.8465535637640055
650	107	0.7551497907785008
660	107	0.6610211062228885
670	107	0.5702247572596298
680	107	0.48754608406649735
690	107	0.4157107557891653
700	107	0.3554365507867057
710	107	0.3060135753123665
720	107	0.26598976649330514
730	107	0.2337011262011693
740	107	0.20758251858959742
750	107	0.1863027496120924
760	107	0.1687927618355952
770	107	0.15422200702918726
780	107	0.14195668029610975
790	107	0.13151682317284696
800	107	0.12253921004079676
810	107	0.11474775728507601
820	107	0.1079309795588402
830	107	0.1019252016562878
840	107	0.09660225256685709
850	107	0.09186050542421449
860	107	0.08761828775793908
870	107	0.08380913839235737
0	108	1.4378841248905254e-6
10	108	0.09314256607746767
20	108	0.18471565680444346
30	108	0.2732573858326677
40	108	0.357500562114206
50	108	0.43643712693069614
60	108	0.509352418744434
70	108	0.5758288123317006
80	108	0.6357216932845229
90	108	0.689116545553975
100	108	0.7362825783191927
110	108	0.7776190855854583
120	108	0.8136079641110551
130	108	0.8447760298170437
140	108	0.8716582841905771
150	108	0.8947791030393834
160	108	0.9146333413640083
170	108	0.9316778666740062
180	108	0.9463268777508456
190	108	0.9589492532477412
200	108	0.96987056995189
210	108	0.9793754925033487
220	108	0.9877101587023105
230	108	0.9950878567377548
240	108	1.001690932412695
250	108	1.0076758862997877
260	108	1.0131761399291828
270	108	1.0183053194065466
280	108	1.0231598813292606
290	108	1.0278366273175283
300	108	1.0323612499216848
310	108	1.0368358213495303
320	108	1.0412954455755679
330	108	1.0457810989747993
340	108	1.050327147714648
350	108	1.0549615711096825
360	108	1.0597069881221886
370	108	1.0645809447673693
380	108	1.069596658759453
390	108	1.0747630571936622
400	108	1.0800854043759107
410	108	1.0855648580394939
420	108	1.0911988880779655
430	108	1.0969805299250468
440	108	1.1028980165707707
450	108	1.1089333379375415
460	108	1.1150603947060516
470	108	1.1212417629847498
480	108	1.1274238068655598
490	108	1.1335292303646662
500	108	1.1394459850427598
510	108	1.1450107186762712
520	108	1.149984908979816
530	108	1.154020920473639
540	108	1.1566154271141125
550	108	1.15704859293255
560	108	1.1543110664805052
570	108	1.1470293568083907
580	108	1.1334161769294426
590	108	1.1112977786155684
600	108	1.0782974707816577
610	108	1.032260386235798
620	108	0.9719414421980195
630	108	0.8978070969412075
640	108	0.8125757728271447
650	108	0.721053187734645
660	108	0.6291200759032586
670	108	0.5422751784753752
680	108	0.4644444453865491
690	108	0.3975365597443499
700	108	0.3417111429396823
710	108	0.2959957963013098
720	108	0.25889743992890574
730	108	0.22883365055074412
740	108	0.20436694489872298
750	108	0.18429551219272602
760	108	0.1676617456984172
770	108	0.15372338504796793
780	108	0.14191329462997893
790	108	0.13180047020896735
800	108	0.12305707153127676
810	108	0.11543239526144332
820	108	0.10873310988524319
830	108	0.10280854711259875
840	108	0.09753989561239311
850	108	0.09283225789140129
860	108	0.08860888695819447
870	108	0.08480689303495655
0	109	1.4501800165624382e-6
10	109	0.09236171110196643
20	109	0.183195789581253
30	109	0.2710775571387183
40	109	0.3547674116106886
50	109	0.43327722730085333
60	109	0.5058997505426239
70	109	0.5722139489444802
80	109	0.6320651505955026
90	109	0.6855242183887678
100	109	0.7328406290488814
110	109	0.774395301216947
120	109	0.8106517455450776
130	109	0.8421200547366199
140	109	0.8693213163263288
150	109	0.8927696752275862
160	109	0.91295024624254
170	109	0.9303152680668937
180	109	0.9452728643527057
190	109	0.9581901107008376
200	109	0.9693905970516231
210	109	0.9791585989274798
220	109	0.9877403112606775
230	109	0.9953493096151877
240	109	1.002168801171958
250	109	1.0083562521058589
260	109	1.014045687371198
270	109	1.0193517596915227
280	109	1.0243715678346739
290	109	1.029139077471835
300	109	1.0338704268408483
310	109	1.0384781714859013
320	109	1.043060643312741
330	109	1.0476789999356726
340	109	1.0523076602059758
350	109	1.0570492402516227
360	109	1.0618584993699471
370	109	1.0668008735588288
380	109	1.0718726127352736
390	109	1.077082102132134
400	109	1.0824335778665302
410	109	1.0879274413397289
420	109	1.093559857559746
430	109	1.099322468016801
440	109	1.1052013835578178
450	109	1.111175745668328
460	109	1.117215251395857
470	109	1.123276340012226
480	109	1.1292963055759517
490	109	1.1351845834436525
500	109	1.1408095517959653
510	109	1.145979644721195
520	109	1.1504159749778846
530	109	1.153714493912834
540	109	1.155295144400511
550	109	1.1543382164963258
560	109	1.1497127216350713
570	109	1.1399128890436694
580	109	1.1230377605236002
590	109	1.0968742042445836
600	109	1.0591637413369777
610	109	1.0081162609480736
620	109	0.9431338176623065
630	109	0.8655149881789218
640	109	0.77873470558157
650	109	0.687959150033166
660	109	0.5988595845699978
670	109	0.5162595068371847
680	109	0.4432467177109104
690	109	0.3810226674957824
700	109	0.3293122728773304
710	109	0.28697076595329407
720	109	0.25251107702973474
730	109	0.2244469621420201
740	109	0.20146531285379496
750	109	0.18248330465069418
760	109	0.16664327877818083
770	109	0.15328123865171717
780	109	0.14188888742831215
790	109	0.13207841711573884
800	109	0.12355328481398208
810	109	0.11608532347827905
820	109	0.10949741112482853
830	109	0.10365056686345912
840	109	0.09843440636454426
850	109	0.09376020892835431
860	109	0.08955569166985784
870	109	0.08576130391263237
0	110	1.1295032473570214e-6
10	110	0.09159954002489953
20	110	0.1817117686290827
30	110	0.2689472369284098
40	110	0.3520953343956777
50	110	0.4301843762409995
60	110	0.502515697435552
70	110	0.5686679581851591
80	110	0.6284742170104142
90	110	0.6819916753266632
100	110	0.7294528652825099
110	110	0.7712190023892462
120	110	0.8077367619122133
130	110	0.8394996179866004
140	110	0.86701573592966
150	110	0.8907874892608092
160	110	0.911292409490063
170	110	0.9289749805309843
180	110	0.9442401001981259
190	110	0.9574514683820176
200	110	0.9689312077572009
210	110	0.9789622996926817
220	110	0.987791383510539
230	110	0.9956320046587648
240	110	1.0026681525792802
250	110	1.0090578322608312
260	110	1.014936115010419
270	110	1.0204509647887126
280	110	1.0256017575666891
290	110	1.0305702964316266
300	110	1.0353939682032256
310	110	1.040131904240065
320	110	1.0448335654730594
330	110	1.0495402346353828
340	110	1.0542941159273045
350	110	1.0590974233138726
360	110	1.0639971545240199
370	110	1.0690015438008658
380	110	1.0741225093138544
390	110	1.0793678422060584
400	110	1.0847409448185155
410	110	1.0902412601515932
420	110	1.095863811409836
430	110	1.1015984434239134
440	110	1.1074290510147302
450	110	1.1133313620800787
460	110	1.119270167605237
470	110	1.1251946528229895
480	110	1.13103142696508
490	110	1.1366742144319304
500	110	1.1419686613175728
510	110	1.1466904966724791
520	110	1.1505147529907207
530	110	1.1529739037351259
540	110	1.153403531414358
550	110	1.1508773617785408
560	110	1.144140620202959
570	110	1.131563975224468
580	110	1.111161326046909
590	110	1.0807376737044132
600	110	1.038240944035079
610	110	0.982346208627255
620	110	0.9131684532589606
630	110	0.8328094809874313
640	110	0.7453512332640029
650	110	0.6561012405736737
660	110	0.5703395094612542
670	110	0.49215211996245145
680	110	0.4238462263768336
690	110	0.36603148475424924
700	110	0.31810739451238956
710	110	0.2788287168279937
720	110	0.24674799878091055
730	110	0.22048273264945747
740	110	0.19883843727830053
750	110	0.18084085340268954
760	110	0.16572168818479696
770	110	0.15288628218249065
780	110	0.14187830134915472
790	110	0.13234810213009846
800	110	0.12402687166221973
810	110	0.11670649763836463
820	110	0.11022435645307369
830	110	0.1044519664903936
840	110	0.09928660994740483
850	110	0.09464516033541184
860	110	0.09045946302666294
870	110	0.08667301568802545
0	111	7.886734812249641e-7
10	111	0.09085565001840905
20	111	0.18026226464404912
30	111	0.26686566180239996
40	111	0.34948244217128555
50	111	0.427157460993049
60	111	0.4992013523820638
70	111	0.5651895170335407
80	111	0.6249484993772447
90	111	0.6785199473834538
100	111	0.7261191051526573
110	111	0.7680909783282571
120	111	0.8048639755453453
130	111	0.8369157968448172
140	111	0.8647421474542324
150	111	0.8888337325200003
160	111	0.9096598620761635
170	111	0.9276581592208492
180	111	0.943229545898024
190	111	0.956734102729711
200	111	0.968492442339898
210	111	0.9787864391304021
220	111	0.9878628065238552
230	111	0.9959349793489399
240	111	1.0031875582503802
250	111	1.009782741600771
260	111	1.0158451939453574
270	111	1.0215020707704994
280	111	1.0268480294070372
290	111	1.0319667052942296
300	111	1.0369286643773086
310	111	1.0417933482760964
320	111	1.046610437606954
330	111	1.0514209480244883
340	111	1.0562587198968107
350	111	1.0611509341956622
360	111	1.0661189625928704
370	111	1.071178921942752
380	111	1.0763424501199217
390	111	1.08161652358858
400	111	1.0870038747474302
410	111	1.0925029628043363
420	111	1.0981073816398186
430	111	1.1038052364454647
440	111	1.1095775866076567
450	111	1.1153963130648046
460	111	1.1212203421034928
470	111	1.1269902998942178
480	111	1.1326201703952437
490	111	1.137985314427662
500	111	1.1429049110106608
510	111	1.1471171184608835
520	111	1.1502447274884982
530	111	1.1517495890118408
540	111	1.1508756903228814
550	111	1.1465852978686149
560	111	1.137501704967136
570	111	1.1218878329196258
580	111	1.097711201112506
590	111	1.0628633390067523
600	111	1.0155913796816125
610	111	0.9551242774784803
620	111	0.8823218683582359
630	111	0.8000150330263517
640	111	0.7127147361134996
650	111	0.6256626592820564
660	111	0.5436117122997581
670	111	0.46989661698899515
680	111	0.4061254008785867
690	111	0.3524286879732545
700	111	0.30797388550045623
710	111	0.27147100941495766
720	111	0.24153511958150417
730	111	0.21688986405203747
740	111	0.1964521485338091
750	111	0.17934616411086637
760	111	0.16488334772178037
770	111	0.15253045291566536
780	111	0.14187707290173338
790	111	0.13260733206648118
800	111	0.12447702602443476
810	111	0.11729592722949823
820	111	0.11091440331432746
830	111	0.10521343985346562
840	111	0.10009727184133846
850	111	0.09548788190231464
860	111	0.09132090342705892
870	111	0.0875426626091302
0	112	1.2209377312127804e-6
10	112	0.0901293188346044
20	112	0.17884757037068721
30	112	0.2648327083527891
40	112	0.34692756467855385
50	112	0.42419589899449217
60	112	0.4959553611657741
70	112	0.5617794655857702
80	112	0.6214883921234127
90	112	0.6751088884955097
100	112	0.722841463213127
110	112	0.7650127579558543
120	112	0.8020347950804244
130	112	0.834370439596462
140	112	0.8625023234360606
150	112	0.8869096992912848
160	112	0.9080535207648783
170	112	0.9263655382194135
180	112	0.9422413859153582
190	112	0.9560378066159909
200	112	0.968074044774995
210	112	0.9786306374349883
220	112	0.9879537337485101
230	112	0.9962570634427467
240	112	1.0037073770701364
250	112	1.0105166067989193
260	112	1.0167570796552636
270	112	1.022601383992014
280	112	1.0281075355817828
290	112	1.0333738151551322
300	112	1.038490778249417
310	112	1.0434591703836125
320	112	1.048387535899997
330	112	1.0532974345346227
340	112	1.058222445250096
350	112	1.0631895495420356
360	112	1.0682199034280448
370	112	1.073329284644429
380	112	1.0785287393052898
390	112	1.0838247078915684
400	112	1.089219137327931
410	112	1.0947093883605563
420	112	1.1002875750278727
430	112	1.1059396786346642
440	112	1.1116435795318633
450	112	1.117366463116357
460	112	1.1230604321815751
470	112	1.1286558848002357
480	112	1.1340520381297685
490	112	1.1391028060034714
500	112	1.1435967638454436
510	112	1.1472291914789963
520	112	1.1495641750103662
530	112	1.1499858665078684
540	112	1.1476404022193754
550	112	1.141376255264639
560	112	1.1297017337069897
570	112	1.1107960339593994
580	112	1.0826295884694102
590	112	1.0432576523402186
600	112	0.9913183411790013
610	112	0.92666327175444
620	112	0.8508901790079864
630	112	0.7674446931925563
640	112	0.6810752924690665
650	112	0.5967765295671743
660	112	0.5186864396565297
670	112	0.44941354120754046
680	112	0.3899613101233032
690	112	0.3400857352663064
700	112	0.29879937772163323
710	112	0.2648094006952002
720	112	0.23680794648450676
730	112	0.21362360128776117
740	112	0.19427662687225053
750	112	0.17798007266307672
760	112	0.16411639140967046
770	112	0.15220673690851866
780	112	0.14188133397880243
790	112	0.13285422977917333
800	112	0.12490309679927783
810	112	0.11785368343594786
820	112	0.11156802216826962
830	112	0.10593566235489706
840	112	0.10086713913965013
850	112	0.09628910338120038
860	112	0.09214070352831398
870	112	0.08837086982222792
0	113	1.033240544478337e-6
10	113	0.08942120889858576
20	113	0.17746631902488938
30	113	0.2628466720359981
40	113	0.3444306765283316
50	113	0.4212993345526013
60	113	0.49277677767729156
70	113	0.5584381226210241
80	113	0.6180938472290085
90	113	0.6717591995169713
100	113	0.7196195603837144
110	113	0.7619840769812356
120	113	0.7992498795017514
130	113	0.8318642691223149
140	113	0.8602965172569708
150	113	0.8850158405931442
160	113	0.9064746590444949
170	113	0.925097489571454
180	113	0.9412758140873695
190	113	0.9553630954819733
200	113	0.9676760944725402
210	113	0.9784944903435919
220	113	0.9880636241782238
230	113	0.9965972937034168
240	113	1.0042807658700146
250	113	1.0112733340039333
260	113	1.017735910468733
270	113	1.0237134820251879
280	113	1.0293777054724276
290	113	1.0347888126323515
300	113	1.0400153488609396
310	113	1.045125848268001
320	113	1.0501612851603153
330	113	1.055165861889593
340	113	1.0601730028171643
350	113	1.0652095642102688
360	113	1.0702964396645227
370	113	1.075449062893973
380	113	1.0806780077211269
390	113	1.0859891533501225
400	113	1.0913836537104042
410	113	1.0968576187380603
420	113	1.1024014875496086
430	113	1.107998685774411
440	113	1.1136234192321242
450	113	1.1192373212947127
460	113	1.1247842754816437
470	113	1.1301828008450956
480	113	1.1353146876156721
490	113	1.1400089751997986
500	113	1.1440191094537513
510	113	1.1469917881857277
520	113	1.148425776989153
530	113	1.147620841024894
540	113	1.1436205967205335
550	113	1.1351608329671845
560	113	1.1206480420854195
570	113	1.098210761550493
580	113	1.06588166153021
590	113	1.0219623798157658
600	113	0.9655660022460322
610	113	0.8972083406632895
620	113	0.8191777124630075
630	113	0.7353891588749104
640	113	0.6506388828819045
650	113	0.569528678823449
660	113	0.49553939406394637
670	113	0.43060731483031356
680	113	0.3752300029987355
690	113	0.3288815165410779
700	113	0.2904816789291172
710	113	0.2587652363414085
720	113	0.23250964100814756
730	113	0.21064473989731355
740	113	0.19228582760434365
750	113	0.17672585608418415
760	113	0.16341047207087514
770	113	0.15190902628199296
780	113	0.14188773178286976
790	113	0.1330871894086948
800	113	0.12530456052536573
810	113	0.1183798903141704
820	113	0.11218569017239012
830	113	0.1066192704307618
840	113	0.1015969052345069
850	113	0.09704952828435222
860	113	0.09291951412149281
870	113	0.08915821826458789
0	114	1.2240050460640026e-6
10	114	0.08872933102159995
20	114	0.17611797420260952
30	114	0.2609075307908354
40	114	0.3419909922222558
50	114	0.41846597531168467
60	114	0.4896660491665305
70	114	0.5551643258567037
80	114	0.614764517828484
90	114	0.6684715306639412
100	114	0.7164543949773177
110	114	0.7590070526912616
120	114	0.7965105160006263
130	114	0.8293982318842058
140	114	0.8581262499868008
150	114	0.8831534409859831
160	114	0.904923562302658
170	114	0.9238545895917057
180	114	0.9403333039950186
190	114	0.9547097103929286
200	114	0.9672981196531356
210	114	0.9783770741327396
220	114	0.9881913456579828
230	114	0.9969543141775992
240	114	1.004851496610479
250	114	1.0120425497245733
260	114	1.018664939104585
270	114	1.0248422006897187
280	114	1.030655624186638
290	114	1.0362137309000108
300	114	1.0415667903167767
310	114	1.0467899565251875
320	114	1.0519282518128998
330	114	1.0570226615735039
340	114	1.0621068327323129
350	114	1.0672074090167916
360	114	1.0723450256271427
370	114	1.0775349279342887
380	114	1.0827871424863766
390	114	1.0881069952447329
400	114	1.093494640368498
410	114	1.09894492984037
420	114	1.1044462747776465
430	114	1.1099791214438166
440	114	1.1155132959930696
450	114	1.121003791154517
460	114	1.1263848640029481
470	114	1.1315609438166847
480	114	1.136393592472985
490	114	1.1406831043425418
500	114	1.1441428364156838
510	114	1.1463649331353933
520	114	1.1467762961576344
530	114	1.144586471487242
540	114	1.138734095644633
550	114	1.1278478524625917
560	114	1.110252817389936
570	114	1.0840694159513087
580	114	1.0474603782996588
590	114	0.9990572045209791
600	114	0.9385169639529108
610	114	0.867028469976422
620	114	0.7874854414298721
630	114	0.7041079343870246
640	114	0.6215655321001767
650	114	0.5439622521079052
660	114	0.47411888468500757
670	114	0.41337217919158
680	114	0.36180979175742917
690	114	0.3187033156170061
700	114	0.28292841414415354
710	114	0.25326859564889626
720	114	0.2285901523197966
730	114	0.207918927085672
740	114	0.19045697624381525
750	114	0.1755689068087524
760	114	0.16275655365693895
770	114	0.15163199658138515
780	114	0.14189335871094572
790	114	0.133304843358651
800	114	0.12568100530555884
810	114	0.11887468298293254
820	114	0.11276787086289947
830	114	0.1072648951452772
840	114	0.10228726213469631
850	114	0.09776984606353845
860	114	0.09365798782827542
870	114	0.089905296819987
0	115	8.979206566008894e-7
10	115	0.08805471421418741
20	115	0.17480234298370745
30	115	0.25901421646162487
40	115	0.33960809559437183
50	115	0.4156970548782229
60	115	0.4866221305572352
70	115	0.5519579506751785
80	115	0.6115013570239402
90	115	0.6652457595812687
100	115	0.7133461868924399
110	115	0.7560814168427626
120	115	0.7938176836654899
130	115	0.826972941611589
140	115	0.8559920187055489
150	115	0.8813228978045573
160	115	0.9034006539791394
170	115	0.9226373003712117
180	115	0.939413765546605
190	115	0.954077263293964
200	115	0.9669395959646134
210	115	0.9782828783224096
220	115	0.9883356273587146
230	115	0.9973267170814711
240	115	1.0054360803776534
250	115	1.0128239389403295
260	115	1.0196278799129683
270	115	1.0259658425461708
280	115	1.0319395742108708
290	115	1.0376300207447455
300	115	1.043113288791101
310	115	1.0484481452357233
320	115	1.0536848444967508
330	115	1.0588644739576514
340	115	1.0640206094407023
350	115	1.069179800260512
360	115	1.0743625905100227
370	115	1.079583871384301
380	115	1.084853340558317
390	115	1.09017547554142
400	115	1.095549524706748
410	115	1.1009687236058194
420	115	1.106419142476267
430	115	1.1118777231275436
440	115	1.1173089181395193
450	115	1.1226600250948546
460	115	1.1278538564241853
470	115	1.1327783754445917
480	115	1.1372716565348433
490	115	1.1411009691477632
500	115	1.1439343489153564
510	115	1.145303235759757
520	115	1.1445564712835952
530	115	1.1408089214561372
540	115	1.132894818429587
550	115	1.1193468046395685
560	115	1.0984369907607787
570	115	1.0683294362701854
580	115	1.027390628310781
590	115	0.9746605502811848
600	115	0.9103874689206187
610	115	0.8364065438218993
620	115	0.756100124752288
630	115	0.6738230386377706
640	115	0.5939700498586382
650	115	0.5200834740048051
660	115	0.4543525857175227
670	115	0.3975971146502941
680	115	0.349583593471049
690	115	0.30944725416807456
700	115	0.2760564868438238
710	115	0.24825745549853503
720	115	0.22500542649203858
730	115	0.2054160435665793
740	115	0.18877014138040507
750	115	0.17449644419225746
760	115	0.16214673733837312
770	115	0.15137100207699425
780	115	0.14189569361026924
790	115	0.1335060276928865
800	115	0.12603209771614132
810	115	0.11933826085251226
820	115	0.11331504879720927
830	115	0.1078731520770388
840	115	0.10293887943902855
850	115	0.09845071696625968
860	115	0.09435675284580847
870	115	0.09061268376557054
0	116	9.738656312746293e-7
10	116	0.08739713189345458
20	116	0.17351887596367488
30	116	0.257166792699106
40	116	0.33728039410853644
50	116	0.412990279879432
60	116	0.48364497029198633
70	116	0.5488191865926776
80	116	0.6083039619597849
90	116	0.6620822233230638
100	116	0.71029569223766
110	116	0.7532085219805431
120	116	0.7911711466192305
130	116	0.8245892287239495
140	116	0.8538945898118275
150	116	0.8795247169328463
160	116	0.9019065637162936
170	116	0.9214454671797052
180	116	0.9385173981090574
190	116	0.9534661852199834
200	116	0.9665999547544801
210	116	0.978195561000666
220	116	0.9884955901497054
230	116	0.9977128489871531
240	116	1.006032731649827
250	116	1.0136151784488525
260	116	1.020599004661692
270	116	1.027100823071714
280	116	1.0332228681228801
290	116	1.0390501072404372
300	116	1.0446547613643817
310	116	1.0500971793598848
320	116	1.0554278373234325
330	116	1.060687928982695
340	116	1.065911031511003
350	116	1.0711236479401367
360	116	1.076346155312621
370	116	1.0815932049592836
380	116	1.0868739792802282
390	116	1.0921921536121058
400	116	1.097545875532518
410	116	1.1029264674665544
420	116	1.1083172246633974
430	116	1.1136908290931968
440	116	1.1190054592490124
450	116	1.124199195444512
460	116	1.1291814768294803
470	116	1.1338210071970156
480	116	1.1379287811074899
490	116	1.141234462225343
500	116	1.1433551786949072
510	116	1.1437555956896637
520	116	1.141701051467065
530	116	1.136209212284956
540	116	1.1260144517959458
550	116	1.1095708450721034
560	116	1.0851345069368357
570	116	1.0509729724949808
580	116	1.0057322679347047
590	116	0.9489283469553038
600	116	0.8814205024685949
610	116	0.8056287286071526
620	116	0.7252849292733903
630	116	0.6447153929176156
640	116	0.5679248679277591
650	116	0.4978679425740429
660	116	0.4361536246004341
670	116	0.3831697236666402
680	116	0.33844052462922053
690	116	0.3010183482141205
700	116	0.26979143703802405
710	116	0.24367688119265246
720	116	0.22171669295497115
730	116	0.20310966674226394
740	116	0.18720785629843886
750	116	0.17349727543280527
760	116	0.16157410688697169
770	116	0.15112198474893074
780	116	0.14189255065655162
790	116	0.13368975781704875
800	116	0.12635762028995778
810	116	0.11977083267476527
820	116	0.11382767461715185
830	116	0.10844463457269163
840	116	0.10355239801624015
850	116	0.0990927798658213
860	116	0.09501641038397125
870	116	0.09128093623638163
0	117	1.0418425963422052e-6
10	117	0.08675553055834383
20	117	0.17226687327431048
30	117	0.25536315554373035
40	117	0.3350076653365408
50	117	0.41034547211973355
60	117	0.4807334729518357
70	117	0.54574712097133
80	117	0.6051719801410571
90	117	0.6589809924330863
100	117	0.7073030378062423
110	117	0.7503879665654563
120	117	0.7885724627620934
130	117	0.8222476289942006
140	117	0.8518342476638746
150	117	0.8777592891821375
160	117	0.9004415266280755
170	117	0.9202794473897046
180	117	0.9376436116293994
190	117	0.9528745590006769
200	117	0.9662785326689871
210	117	0.9781199377064308
220	117	0.9886696669625012
230	117	0.9981111732293491
240	117	1.006639247391423
250	117	1.0144142384440802
260	117	1.0215743424247348
270	117	1.0282381680760433
280	117	1.0345067430550536
290	117	1.0404658872640238
300	117	1.0461880428699286
310	117	1.0517339847346858
320	117	1.0571541274741483
330	117	1.0624900143393397
340	117	1.067775134751155
350	117	1.0730360816178945
360	117	1.0782930708628828
370	117	1.083560355980718
380	117	1.088846653901472
390	117	1.0941547865233863
400	117	1.099481387754864
410	117	1.10481563951679
420	117	1.110137432008875
430	117	1.1154144062085039
440	117	1.1205973070946502
450	117	1.1256132807652806
460	117	1.1303561160403888
470	117	1.134672232249914
480	117	1.1383415396909602
490	117	1.1410511663237943
500	117	1.14236160815484
510	117	1.1416650526347383
520	117	1.1381390410719263
530	117	1.1307042856676686
540	117	1.1180046390610205
550	117	1.0984403135432788
560	117	1.0702968346586448
570	117	1.032011074175004
580	117	0.9825816555062373
590	117	0.9220506116729865
600	117	0.8518772505993172
610	117	0.7749740288703852
620	117	0.6952721174044626
630	117	0.6169237735862928
640	117	0.5434643767610212
650	117	0.47726694752557075
660	117	0.4194258286201334
670	117	0.3699792098968699
680	117	0.32827687450238313
690	117	0.29333030079567096
700	117	0.2640667437652244
710	117	0.23947827001720992
720	117	0.21868982792794667
730	117	0.2009765966095544
740	117	0.18575479909717174
750	117	0.17256158220967824
760	117	0.16103260258809354
770	117	0.15088139962636607
780	117	0.14188203795123708
790	117	0.13385520608130766
800	117	0.12665739954345848
810	117	0.12017265295641333
820	117	0.11430623774909464
830	117	0.108979939137426
840	117	0.10412846094198275
850	117	0.09969667941807987
860	117	0.09563757268885731
870	117	0.09191063409070062
0	118	9.91934119596864e-7
10	118	0.08613040183198276
20	118	0.17104624284084624
30	118	0.25360399107709086
40	118	0.33278925019257455
50	118	0.4077620286207111
60	118	0.47788761696977217
70	118	0.5427414078703703
80	118	0.602105317936179
90	118	0.6559421301271462
100	118	0.7043684509369061
110	118	0.7476204393400523
120	118	0.7860210551537027
130	118	0.8199485279106016
140	118	0.8498116020174282
150	118	0.8760270757954547
160	118	0.8990055705930723
170	118	0.9191338963447793
180	118	0.9367923891846173
190	118	0.9523030782570718
200	118	0.9659743690600424
210	118	0.9780973708867453
220	118	0.9888563861286713
230	118	0.9985199149996214
240	118	1.0072538824465753
250	118	1.0152187863248214
260	118	1.0225529490780003
270	118	1.0293752090485273
280	118	1.0357870048256481
290	118	1.0418743766291152
300	118	1.0477102423094513
310	118	1.0533554240223442
320	118	1.058860780962091
330	118	1.0642678188483605
340	118	1.0696102247215136
350	118	1.0749145234017428
360	118	1.0802008505374574
370	118	1.0854830619369136
380	118	1.090769253616155
390	118	1.0960612054175134
400	118	1.1013537952800445
410	118	1.106633553652345
420	118	1.1118763613458185
430	118	1.1170438093367734
440	118	1.1220778190662346
450	118	1.1268927271003186
460	118	1.131364037858676
470	118	1.1353125357582399
480	118	1.138482659808952
490	118	1.1405138718051013
500	118	1.1409043849167206
510	118	1.1389687744511579
520	118	1.1337943257302958
530	118	1.124208480703301
540	118	1.108779711914022
550	118	1.0858867209350496
560	118	1.0538974964801093
570	118	1.011486999924666
580	118	0.9580713544131588
590	118	0.8942459602250614
600	118	0.8220275442155301
610	118	0.7447047652010941
620	118	0.6662580781182936
630	118	0.5905459715785264
640	118	0.5205901912925537
650	118	0.4582134323685142
660	118	0.40406807201128336
670	118	0.3579185361983992
680	118	0.3189966111101481
690	118	0.28630510548166216
700	118	0.2588231210350784
710	118	0.23561865221020759
720	118	0.21589478911045767
730	118	0.19899644546217524
740	118	0.18439751164671186
750	118	0.17168074363863398
760	118	0.1605169079086086
770	118	0.1506461481055913
780	118	0.14186251941698466
790	118	0.13400168140682514
800	118	0.1269313466333678
810	118	0.12054396843732598
820	118	0.11475120323743407
830	118	0.10947964390777162
840	118	0.10466768026630356
850	118	0.1002630252996635
860	118	0.09622084514681255
870	118	0.09250232912066608
0	119	9.334343057303599e-7
10	119	0.08552038072048526
20	119	0.16985579498869505
30	119	0.2518882126091016
40	119	0.33062405767654174
50	119	0.40523932877894325
60	119	0.4751058524937034
70	119	0.5398016822079603
80	119	0.5991035833106912
90	119	0.6529653350368972
100	119	0.7014917621131127
110	119	0.7449064924165268
120	119	0.783517997220253
130	119	0.8176922843057249
140	119	0.8478267750851389
150	119	0.8743282199618984
160	119	0.8975790875722938
170	119	0.9180234166268876
180	119	0.9359407155974584
190	119	0.9517506368668431
200	119	0.9656865198534952
210	119	0.9780412171704884
220	119	0.989054417675752
230	119	0.9989319920815964
240	119	1.0078746568490373
250	119	1.0160266144042522
260	119	1.0235318486349698
270	119	1.030509325254069
280	119	1.037060849776202
290	119	1.0432728980863075
300	119	1.0492184553525201
310	119	1.0549588580695692
320	119	1.0605449515359786
330	119	1.0660186662084488
340	119	1.0714137174877134
350	119	1.076756655463186
360	119	1.0820673244726025
370	119	1.0873592706660908
380	119	1.0926397487851318
390	119	1.097909324688679
400	119	1.1031607493182753
410	119	1.108377344557409
420	119	1.113530160457746
430	119	1.1185736003078333
440	119	1.1234391558376848
450	119	1.128026219951845
460	119	1.1321890633683884
470	119	1.1357190838144733
480	119	1.1383206885384245
490	119	1.1395802929923662
500	119	1.1389285324661949
510	119	1.1355982891854195
520	119	1.1285865594770996
530	119	1.1166355419085512
540	119	1.09825991665774
550	119	1.0718569749541138
560	119	1.0359362048575238
570	119	0.9894782656322972
580	119	0.9323678572813507
590	119	0.8657543713686007
600	119	0.7921400160895367
610	119	0.7150586327161246
620	119	0.6384007599026805
630	119	0.5656416979743544
640	119	0.499276804440203
650	119	0.4406273646948476
660	119	0.38997775392373685
670	119	0.3468859294415182
680	119	0.3105115233704672
690	119	0.27987253713655325
700	119	0.2540078253555562
710	119	0.23206005095472587
720	119	0.21330511580042558
730	119	0.19715127909643992
740	119	0.18312416105304438
750	119	0.17084718196942722
760	119	0.16002235705040915
770	119	0.15041352306174838
780	119	0.14183258311158511
790	119	0.1341286140777335
800	119	0.12717942125665432
810	119	0.12088509874174791
820	119	0.11516305553991815
830	119	0.10994432469404088
840	119	0.10517067738617988
850	119	0.10079244154270718
860	119	0.09676682039211394
870	119	0.0930565817637006
0	120	9.10822715341398e-7
10	120	0.084926368349728
20	120	0.16869521377988766
30	120	0.2502146246770657
40	120	0.3285115162551984
50	120	0.4027760025850198
60	120	0.47238836849695576
70	120	0.5369278039925378
80	120	0.5961667542820875
90	120	0.6500505887272862
100	120	0.6986734496291892
110	120	0.742245496785964
120	120	0.7810627512225273
130	120	0.8154788870484231
140	120	0.8458931005294501
150	120	0.8726624095782656
160	120	0.8962206666145337
170	120	0.9169332496532556
180	120	0.9351557940891846
190	120	0.951239748613084
200	120	0.9654139899253937
210	120	0.9780333456318658
220	120	0.9892620598212205
230	120	0.9993615998308825
240	120	1.0084993332017056
250	120	1.016835431086662
260	120	1.0245085410309989
270	120	1.0316380130035316
280	120	1.038325762923897
290	120	1.044658622429373
300	120	1.0507099979568004
310	120	1.0565414532204531
320	120	1.0622041720569348
330	120	1.0677401965727058
340	120	1.073183397959507
350	120	1.0785602613692593
360	120	1.0838904629246273
370	120	1.0891870197220324
380	120	1.0944562755351668
390	120	1.0996971003989513
400	120	1.1048997891968813
410	120	1.110043774684861
420	120	1.1150943065376253
430	120	1.1199973144829518
440	120	1.124671997675514
450	120	1.1290002935454457
460	120	1.132812116130513
470	120	1.1358653566694583
480	120	1.1378195342326225
490	120	1.138202789058723
500	120	1.1363733427549039
510	120	1.131480019226939
520	120	1.1224325445733465
530	120	1.1079010942974774
540	120	1.086375097528148
550	120	1.056317711013382
560	120	1.016442357026835
570	120	0.9660971010301747
580	120	0.9056673147086092
590	120	0.8368286994515554
600	120	0.762472746940719
610	120	0.6862427402405054
620	120	0.6118193398880948
630	120	0.5422367237196984
640	120	0.47947721807203764
650	120	0.4244203662026464
660	120	0.37705347315172605
670	120	0.33678582333442975
680	120	0.30274111743645876
690	120	0.2739695862009002
700	120	0.24957399202173142
710	120	0.2287689080831982
720	120	0.21089748392723506
730	120	0.19542530647031284
740	120	0.18192432909986633
750	120	0.17005422949310664
760	120	0.15954485036482022
770	120	0.15018115859019082
780	120	0.14179101603072647
790	120	0.13423554235789575
800	120	0.12740164947464966
810	120	0.12119633143998661
820	120	0.11554227638134
830	120	0.11037455292058541
840	120	0.10563805458758102
850	120	0.10128553454209557
860	120	0.09727608902971906
870	120	0.09357396538583279