0	1	1
10	1	1
20	1	1
30	1	1
40	1	1
50	1	1
60	1	1
70	1	1
80	1	1
90	1	1
100	1	1
110	1	1
120	1	1
130	1	1
140	1	1
150	1	1
160	1	1
170	1	1
180	1	1
190	1	1
200	1	1
210	1	1
220	1	1
230	1	1
240	1	1
250	1	1
260	1	1
270	1	1
280	1	1
290	1	1
300	1	1
310	1	1
320	1	1
330	1	1
340	1	1
350	1	1
360	1	1
370	1	1
380	1	1
390	1	1
400	1	1
410	1	1
420	1	1
430	1	1
440	1	1
450	1	1
460	1	1
470	1	1
480	1	1
490	1	1
500	1	1
510	1	1
520	1	1
530	1	1
540	1	1
550	1	1
560	1	1
570	1	1
580	1	1
590	1	1
600	1	1
610	1	1
620	1	1
630	1	1
640	1	1
650	1	1
660	1	1
670	1	1
680	1	1
690	1	1
700	1	1
710	1	1
720	1	1
730	1	1
740	1	1
750	1	1
760	1	1
770	1	1
780	1	1
790	1	1
0	2	1
10	2	1
20	2	1
30	2	1
40	2	1
50	2	1
60	2	1
70	2	1
80	2	1
90	2	1
100	2	1
110	2	1
120	2	1
130	2	1
140	2	1
150	2	1
160	2	1
170	2	1
180	2	1
190	2	1
200	2	1
210	2	1
220	2	1
230	2	1
240	2	1
250	2	1
260	2	1
270	2	1
280	2	1
290	2	1
300	2	1
310	2	1
320	2	1
330	2	1
340	2	1
350	2	1
360	2	1
370	2	1
380	2	1
390	2	1
400	2	1
410	2	1
420	2	1
430	2	1
440	2	1
450	2	1
460	2	1
470	2	1
480	2	1
490	2	1
500	2	1
510	2	1
520	2	1
530	2	1
540	2	1
550	2	1
560	2	1
570	2	1
580	2	1
590	2	1
600	2	1
610	2	1
620	2	1
630	2	1
640	2	1
650	2	1
660	2	1
670	2	1
680	2	1
690	2	1
700	2	1
710	2	1
720	2	1
730	2	1
740	2	1
750	2	1
760	2	1
770	2	1
780	2	1
790	2	1
0	3	1
10	3	1
20	3	1
30	3	1
40	3	1
50	3	1
60	3	1
70	3	1
80	3	1
90	3	1
100	3	1
110	3	1
120	3	1
130	3	1
140	3	1
150	3	1
160	3	1
170	3	1
180	3	1
190	3	1
200	3	1
210	3	1
220	3	1
230	3	1
240	3	1
250	3	1
260	3	1
270	3	1
280	3	1
290	3	1
300	3	1
310	3	1
320	3	1
330	3	1
340	3	1
350	3	1
360	3	1
370	3	1
380	3	1
390	3	1
400	3	1
410	3	1
420	3	1
430	3	1
440	3	1
450	3	1
460	3	1
470	3	1
480	3	1
490	3	1
500	3	1
510	3	1
520	3	1
530	3	1
540	3	1
550	3	1
560	3	1
570	3	1
580	3	1
590	3	1
600	3	1
610	3	1
620	3	1
630	3	1
640	3	1
650	3	1
660	3	1
670	3	1
680	3	1
690	3	1
700	3	1
710	3	1
720	3	1
730	3	1
740	3	1
750	3	1
760	3	1
770	3	1
780	3	1
790	3	1
0	4	1
10	4	1
20	4	1
30	4	1
40	4	1
50	4	1
60	4	1
70	4	1
80	4	1
90	4	1
100	4	1
110	4	1
120	4	1
130	4	1
140	4	1
150	4	1
160	4	1
170	4	1
180	4	1
190	4	1
200	4	1
210	4	1
220	4	1
230	4	1
240	4	1
250	4	1
260	4	1
270	4	1
280	4	1
290	4	1
300	4	1
310	4	1
320	4	1
330	4	1
340	4	1
350	4	1
360	4	1
370	4	1
380	4	1
390	4	1
400	4	1
410	4	1
420	4	1
430	4	1
440	4	1
450	4	1
460	4	1
470	4	1
480	4	1
490	4	1
500	4	1
510	4	1
520	4	1
530	4	1
540	4	1
550	4	1
560	4	1
570	4	1
580	4	1
590	4	1
600	4	1
610	4	1
620	4	1
630	4	1
640	4	1
650	4	1
660	4	1
670	4	1
680	4	1
690	4	1
700	4	1
710	4	1
720	4	1
730	4	1
740	4	1
750	4	1
760	4	1
770	4	1
780	4	1
790	4	1
0	5	1
10	5	1
20	5	1
30	5	1
40	5	1
50	5	1
60	5	1
70	5	1
80	5	1
90	5	1
100	5	1
110	5	1
120	5	1
130	5	1
140	5	1
150	5	1
160	5	1
170	5	1
180	5	1
190	5	1
200	5	1
210	5	1
220	5	1
230	5	1
240	5	1
250	5	1
260	5	1
270	5	1
280	5	1
290	5	1
300	5	1
310	5	1
320	5	1
330	5	1
340	5	1
350	5	1
360	5	1
370	5	1
380	5	1
390	5	1
400	5	1
410	5	1
420	5	1
430	5	1
440	5	1
450	5	1
460	5	1
470	5	1
480	5	1
490	5	1
500	5	1
510	5	1
520	5	1
530	5	1
540	5	1
550	5	1
560	5	1
570	5	1
580	5	1
590	5	1
600	5	1
610	5	1
620	5	1
630	5	1
640	5	1
650	5	1
660	5	1
670	5	1
680	5	1
690	5	1
700	5	1
710	5	1
720	5	1
730	5	1
740	5	1
750	5	1
760	5	1
770	5	1
780	5	1
790	5	1
0	6	1
10	6	1
20	6	1
30	6	1
40	6	1
50	6	1
60	6	1
70	6	1
80	6	1
90	6	1
100	6	1
110	6	1
120	6	1
130	6	1
140	6	1
150	6	1
160	6	1
170	6	1
180	6	1
190	6	1
200	6	1
210	6	1
220	6	1
230	6	1
240	6	1
250	6	1
260	6	1
270	6	1
280	6	1
290	6	1
300	6	1
310	6	1
320	6	1
330	6	1
340	6	1
350	6	1
360	6	1
370	6	1
380	6	1
390	6	1
400	6	1
410	6	1
420	6	1
430	6	1
440	6	1
450	6	1
460	6	1
470	6	1
480	6	1
490	6	1
500	6	1
510	6	1
520	6	1
530	6	1
540	6	1
550	6	1
560	6	1
570	6	1
580	6	1
590	6	1
600	6	1
610	6	1
620	6	1
630	6	1
640	6	1
650	6	1
660	6	1
670	6	1
680	6	1
690	6	1
700	6	1
710	6	1
720	6	1
730	6	1
740	6	1
750	6	1
760	6	1
770	6	1
780	6	1
790	6	1
0	7	1
10	7	1
20	7	1
30	7	1
40	7	1
50	7	1
60	7	1
70	7	1
80	7	1
90	7	1
100	7	1
110	7	1
120	7	1
130	7	1
140	7	1
150	7	1
160	7	1
170	7	1
180	7	1
190	7	1
200	7	1
210	7	1
220	7	1
230	7	1
240	7	1
250	7	1
260	7	1
270	7	1
280	7	1
290	7	1
300	7	1
310	7	1
320	7	1
330	7	1
340	7	1
350	7	1
360	7	1
370	7	1
380	7	1
390	7	1
400	7	1
410	7	1
420	7	1
430	7	1
440	7	1
450	7	1
460	7	1
470	7	1
480	7	1
490	7	1
500	7	1
510	7	1
520	7	1
530	7	1
540	7	1
550	7	1
560	7	1
570	7	1
580	7	1
590	7	1
600	7	1
610	7	1
620	7	1
630	7	1
640	7	1
650	7	1
660	7	1
670	7	1
680	7	1
690	7	1
700	7	1
710	7	1
720	7	1
730	7	1
740	7	1
750	7	1
760	7	1
770	7	1
780	7	1
790	7	1
0	8	1
10	8	1
20	8	1
30	8	1
40	8	1
50	8	1
60	8	1
70	8	1
80	8	1
90	8	1
100	8	1
110	8	1
120	8	1
130	8	1
140	8	1
150	8	1
160	8	1
170	8	1
180	8	1
190	8	1
200	8	1
210	8	1
220	8	1
230	8	1
240	8	1
250	8	1
260	8	1
270	8	1
280	8	1
290	8	1
300	8	1
310	8	1
320	8	1
330	8	1
340	8	1
350	8	1
360	8	1
370	8	1
380	8	1
390	8	1
400	8	1
410	8	1
420	8	1
430	8	1
440	8	1
450	8	1
460	8	1
470	8	1
480	8	1
490	8	1
500	8	1
510	8	1
520	8	1
530	8	1
540	8	1
550	8	1
560	8	1
570	8	1
580	8	1
590	8	1
600	8	1
610	8	1
620	8	1
630	8	1
640	8	1
650	8	1
660	8	1
670	8	1
680	8	1
690	8	1
700	8	1
710	8	1
720	8	1
730	8	1
740	8	1
750	8	1
760	8	1
770	8	1
780	8	1
790	8	1
0	9	1
10	9	1
20	9	1
30	9	1
40	9	1
50	9	1
60	9	1
70	9	1
80	9	1
90	9	1
100	9	1
110	9	1
120	9	1
130	9	1
140	9	1
150	9	1
160	9	1
170	9	1
180	9	1
190	9	1
200	9	1
210	9	1
220	9	1
230	9	1
240	9	1
250	9	1
260	9	1
270	9	1
280	9	1
290	9	1
300	9	1
310	9	1
320	9	1
330	9	1
340	9	1
350	9	1
360	9	1
370	9	1
380	9	1
390	9	1
400	9	1
410	9	1
420	9	1
430	9	1
440	9	1
450	9	1
460	9	1
470	9	1
480	9	1
490	9	1
500	9	1
510	9	1
520	9	1
530	9	1
540	9	1
550	9	1
560	9	1
570	9	1
580	9	1
590	9	1
600	9	1
610	9	1
620	9	1
630	9	1
640	9	1
650	9	1
660	9	1
670	9	1
680	9	1
690	9	1
700	9	1
710	9	1
720	9	1
730	9	1
740	9	1
750	9	1
760	9	1
770	9	1
780	9	1
790	9	1
0	10	1
10	10	1
20	10	1
30	10	1
40	10	1
50	10	1
60	10	1
70	10	1
80	10	1
90	10	1
100	10	1
110	10	1
120	10	1
130	10	1
140	10	1
150	10	1
160	10	1
170	10	1
180	10	1
190	10	1
200	10	1
210	10	1
220	10	1
230	10	1
240	10	1
250	10	1
260	10	1
270	10	1
280	10	1
290	10	1
300	10	1
310	10	1
320	10	1
330	10	1
340	10	1
350	10	1
360	10	1
370	10	1
380	10	1
390	10	1
400	10	1
410	10	1
420	10	1
430	10	1
440	10	1
450	10	1
460	10	1
470	10	1
480	10	1
490	10	1
500	10	1
510	10	1
520	10	1
530	10	1
540	10	1
550	10	1
560	10	1
570	10	1
580	10	1
590	10	1
600	10	1
610	10	1
620	10	1
630	10	1
640	10	1
650	10	1
660	10	1
670	10	1
680	10	1
690	10	1
700	10	1
710	10	1
720	10	1
730	10	1
740	10	1
750	10	1
760	10	1
770	10	1
780	10	1
790	10	1
0	11	1
10	11	1
20	11	1
30	11	1
40	11	1
50	11	1
60	11	1
70	11	1
80	11	1
90	11	1
100	11	1
110	11	1
120	11	1
130	11	1
140	11	1
150	11	1
160	11	1
170	11	1
180	11	1
190	11	1
200	11	1
210	11	1
220	11	1
230	11	1
240	11	1
250	11	1
260	11	1
270	11	1
280	11	1
290	11	1
300	11	1
310	11	1
320	11	1
330	11	1
340	11	1
350	11	1
360	11	1
370	11	1
380	11	1
390	11	1
400	11	1
410	11	1
420	11	1
430	11	1
440	11	1
450	11	1
460	11	1
470	11	1
480	11	1
490	11	1
500	11	1
510	11	1
520	11	1
530	11	1
540	11	1
550	11	1
560	11	1
570	11	1
580	11	1
590	11	1
600	11	1
610	11	1
620	11	1
630	11	1
640	11	1
650	11	1
660	11	1
670	11	1
680	11	1
690	11	1
700	11	1
710	11	1
720	11	1
730	11	1
740	11	1
750	11	1
760	11	1
770	11	1
780	11	1
790	11	1
0	12	1
10	12	1
20	12	1
30	12	1
40	12	1
50	12	1
60	12	1
70	12	1
80	12	1
90	12	1
100	12	1
110	12	1
120	12	1
130	12	1
140	12	1
150	12	1
160	12	1
170	12	1
180	12	1
190	12	1
200	12	1
210	12	1
220	12	1
230	12	1
240	12	1
250	12	1
260	12	1
270	12	1
280	12	1
290	12	1
300	12	1
310	12	1
320	12	1
330	12	1
340	12	1
350	12	1
360	12	1
370	12	1
380	12	1
390	12	1
400	12	1
410	12	1
420	12	1
430	12	1
440	12	1
450	12	1
460	12	1
470	12	1
480	12	1
490	12	1
500	12	1
510	12	1
520	12	1
530	12	1
540	12	1
550	12	1
560	12	1
570	12	1
580	12	1
590	12	1
600	12	1
610	12	1
620	12	1
630	12	1
640	12	1
650	12	1
660	12	1
670	12	1
680	12	1
690	12	1
700	12	1
710	12	1
720	12	1
730	12	1
740	12	1
750	12	1
760	12	1
770	12	1
780	12	1
790	12	1
0	13	1
10	13	1
20	13	1
30	13	1
40	13	1
50	13	1
60	13	1
70	13	1
80	13	1
90	13	1
100	13	1
110	13	1
120	13	1
130	13	1
140	13	1
150	13	1
160	13	1
170	13	1
180	13	1
190	13	1
200	13	1
210	13	1
220	13	1
230	13	1
240	13	1
250	13	1
260	13	1
270	13	1
280	13	1
290	13	1
300	13	1
310	13	1
320	13	1
330	13	1
340	13	1
350	13	1
360	13	1
370	13	1
380	13	1
390	13	1
400	13	1
410	13	1
420	13	1
430	13	1
440	13	1
450	13	1
460	13	1
470	13	1
480	13	1
490	13	1
500	13	1
510	13	1
520	13	1
530	13	1
540	13	1
550	13	1
560	13	1
570	13	1
580	13	1
590	13	1
600	13	1
610	13	1
620	13	1
630	13	1
640	13	1
650	13	1
660	13	1
670	13	1
680	13	1
690	13	1
700	13	1
710	13	1
720	13	1
730	13	1
740	13	1
750	13	1
760	13	1
770	13	1
780	13	1
790	13	1
0	14	1
10	14	1
20	14	1
30	14	1
40	14	1
50	14	1
60	14	1
70	14	1
80	14	1
90	14	1
100	14	1
110	14	1
120	14	1
130	14	1
140	14	1
150	14	1
160	14	1
170	14	1
180	14	1
190	14	1
200	14	1
210	14	1
220	14	1
230	14	1
240	14	1
250	14	1
260	14	1
270	14	1
280	14	1
290	14	1
300	14	1
310	14	1
320	14	1
330	14	1
340	14	1
350	14	1
360	14	1
370	14	1
380	14	1
390	14	1
400	14	1
410	14	1
420	14	1
430	14	1
440	14	1
450	14	1
460	14	1
470	14	1
480	14	1
490	14	1
500	14	1
510	14	1
520	14	1
530	14	1
540	14	1
550	14	1
560	14	1
570	14	1
580	14	1
590	14	1
600	14	1
610	14	1
620	14	1
630	14	1
640	14	1
650	14	1
660	14	1
670	14	1
680	14	1
690	14	1
700	14	1
710	14	1
720	14	1
730	14	1
740	14	1
750	14	1
760	14	1
770	14	1
780	14	1
790	14	1
0	15	1
10	15	1
20	15	1
30	15	1
40	15	1
50	15	1
60	15	1
70	15	1
80	15	1
90	15	1
100	15	1
110	15	1
120	15	1
130	15	1
140	15	1
150	15	1
160	15	1
170	15	1
180	15	1
190	15	1
200	15	1
210	15	1
220	15	1
230	15	1
240	15	1
250	15	1
260	15	1
270	15	1
280	15	1
290	15	1
300	15	1
310	15	1
320	15	1
330	15	1
340	15	1
350	15	1
360	15	1
370	15	1
380	15	1
390	15	1
400	15	1
410	15	1
420	15	1
430	15	1
440	15	1
450	15	1
460	15	1
470	15	1
480	15	1
490	15	1
500	15	1
510	15	1
520	15	1
530	15	1
540	15	1
550	15	1
560	15	1
570	15	1
580	15	1
590	15	1
600	15	1
610	15	1
620	15	1
630	15	1
640	15	1
650	15	1
660	15	1
670	15	1
680	15	1
690	15	1
700	15	1
710	15	1
720	15	1
730	15	1
740	15	1
750	15	1
760	15	1
770	15	1
780	15	1
790	15	1
0	16	1
10	16	1
20	16	1
30	16	1
40	16	1
50	16	1
60	16	1
70	16	1
80	16	1
90	16	1
100	16	1
110	16	1
120	16	1
130	16	1
140	16	1
150	16	1
160	16	1
170	16	1
180	16	1
190	16	1
200	16	1
210	16	1
220	16	1
230	16	1
240	16	1
250	16	1
260	16	1
270	16	1
280	16	1
290	16	1
300	16	1
310	16	1
320	16	1
330	16	1
340	16	1
350	16	1
360	16	1
370	16	1
380	16	1
390	16	1
400	16	1
410	16	1
420	16	1
430	16	1
440	16	1
450	16	1
460	16	1
470	16	1
480	16	1
490	16	1
500	16	1
510	16	1
520	16	1
530	16	1
540	16	1
550	16	1
560	16	1
570	16	1
580	16	1
590	16	1
600	16	1
610	16	1
620	16	1
630	16	1
640	16	1
650	16	1
660	16	1
670	16	1
680	16	1
690	16	1
700	16	1
710	16	1
720	16	1
730	16	1
740	16	1
750	16	1
760	16	1
770	16	1
780	16	1.0030749383770747
790	16	1.0043204313563008
0	17	1
10	17	1
20	17	1
30	17	1
40	17	1
50	17	1
60	17	1
70	17	1
80	17	1
90	17	1
100	17	1
110	17	1
120	17	1
130	17	1
140	17	1
150	17	1
160	17	1
170	17	1
180	17	1
190	17	1
200	17	1
210	17	1
220	17	1
230	17	1
240	17	1
250	17	1
260	17	1
270	17	1
280	17	1
290	17	1
300	17	1
310	17	1
320	17	1
330	17	1
340	17	1
350	17	1
360	17	1
370	17	1
380	17	1
390	17	1
400	17	1
410	17	1
420	17	1
430	17	1
440	17	1
450	17	1
460	17	1
470	17	1
480	17	1
490	17	1
500	17	1
510	17	1
520	17	1
530	17	1
540	17	1
550	17	1
560	17	1
570	17	1
580	17	1
590	17	1
600	17	1
610	17	1
620	17	1
630	17	1
640	17	1
650	17	1
660	17	1
670	17	1
680	17	1
690	17	1
700	17	1
710	17	1
720	17	1
730	17	1
740	17	1
750	17	1
760	17	1
770	17	1
780	17	1.003604016670086
790	17	1.0055609279036812
0	18	1
10	18	1
20	18	1
30	18	1
40	18	1
50	18	1
60	18	1
70	18	1
80	18	1
90	18	1
100	18	1
110	18	1
120	18	1
130	18	1
140	18	1
150	18	1
160	18	1
170	18	1
180	18	1
190	18	1
200	18	1
210	18	1
220	18	1
230	18	1
240	18	1
250	18	1
260	18	1
270	18	1
280	18	1
290	18	1
300	18	1
310	18	1
320	18	1
330	18	1
340	18	1
350	18	1
360	18	1
370	18	1
380	18	1
390	18	1
400	18	1
410	18	1
420	18	1
430	18	1
440	18	1
450	18	1
460	18	1
470	18	1
480	18	1
490	18	1
500	18	1
510	18	1
520	18	1
530	18	1
540	18	1
550	18	1
560	18	1
570	18	1
580	18	1
590	18	1
600	18	1
610	18	1
620	18	1
630	18	1
640	18	1
650	18	1
660	18	1
670	18	1
680	18	1
690	18	1
700	18	1
710	18	1
720	18	1
730	18	1
740	18	1
750	18	1
760	18	1
770	18	1
780	18	1.0049109187421148
790	18	1.007866971426833
0	19	1
10	19	1
20	19	1
30	19	1
40	19	1
50	19	1
60	19	1
70	19	1
80	19	1
90	19	1
100	19	1
110	19	1
120	19	1
130	19	1
140	19	1
150	19	1
160	19	1
170	19	1
180	19	1
190	19	1
200	19	1
210	19	1
220	19	1
230	19	1
240	19	1
250	19	1
260	19	1
270	19	1
280	19	1
290	19	1
300	19	1
310	19	1
320	19	1
330	19	1
340	19	1
350	19	1
360	19	1
370	19	1
380	19	1
390	19	1
400	19	1
410	19	1
420	19	1
430	19	1
440	19	1
450	19	1
460	19	1
470	19	1
480	19	1
490	19	1
500	19	1
510	19	1
520	19	1
530	19	1
540	19	1
550	19	1
560	19	1
570	19	1
580	19	1
590	19	1
600	19	1
610	19	1
620	19	1
630	19	1
640	19	1
650	19	1
660	19	1
670	19	1
680	19	1
690	19	1
700	19	1
710	19	1
720	19	1
730	19	1
740	19	1
750	19	1
760	19	1
770	19	1
780	19	1.0070467162687218
790	19	1.0114853186157469
0	20	1
10	20	1
20	20	1
30	20	1
40	20	1
50	20	1
60	20	1
70	20	1
80	20	1
90	20	1
100	20	1
110	20	1
120	20	1
130	20	1
140	20	1
150	20	1
160	20	1
170	20	1
180	20	1
190	20	1
200	20	1
210	20	1
220	20	1
230	20	1
240	20	1
250	20	1
260	20	1
270	20	1
280	20	1
290	20	1
300	20	1
310	20	1
320	20	1
330	20	1
340	20	1
350	20	1
360	20	1
370	20	1
380	20	1
390	20	1
400	20	1
410	20	1
420	20	1
430	20	1
440	20	1
450	20	1
460	20	1
470	20	1
480	20	1
490	20	1
500	20	1
510	20	1
520	20	1
530	20	1
540	20	1
550	20	1
560	20	1
570	20	1
580	20	1
590	20	1
600	20	1
610	20	1
620	20	1
630	20	1
640	20	1
650	20	1
660	20	1
670	20	1
680	20	1
690	20	1
700	20	1
710	20	1
720	20	1
730	20	1
740	20	1
750	20	1
760	20	1
770	20	1
780	20	1.010151068956122
790	20	1.0165580412421702
0	21	1
10	21	1
20	21	1
30	21	1
40	21	1
50	21	1
60	21	1
70	21	1
80	21	1
90	21	1
100	21	1
110	21	1
120	21	1
130	21	1
140	21	1
150	21	1
160	21	1
170	21	1
180	21	1
190	21	1
200	21	1
210	21	1
220	21	1
230	21	1
240	21	1
250	21	1
260	21	1
270	21	1
280	21	1
290	21	1
300	21	1
310	21	1
320	21	1
330	21	1
340	21	1
350	21	1
360	21	1
370	21	1
380	21	1
390	21	1
400	21	1
410	21	1
420	21	1
430	21	1
440	21	1
450	21	1
460	21	1
470	21	1
480	21	1
490	21	1
500	21	1
510	21	1
520	21	1
530	21	1
540	21	1
550	21	1
560	21	1
570	21	1
580	21	1
590	21	1
600	21	1
610	21	1
620	21	1.0005372591190567
630	21	0.999916123469394
640	21	1.0002012532009343
650	21	1.0000833679201113
660	21	1.0002982651171175
670	21	1.0003307734507607
680	21	1.000413425040004
690	21	1.0005157494043218
700	21	1.0006464138346662
710	21	1.0008637172560357
720	21	1.0012012867140443
730	21	1.0017243625581516
740	21	1.002572129106995
750	21	1.0039099491879275
760	21	1.0060462913687256
770	21	1.0092503762527911
780	21	1.0148831590103498
790	21	1.0237047873392875
0	22	1
10	22	1
20	22	1
30	22	1
40	22	1
50	22	1
60	22	1
70	22	1
80	22	1
90	22	1
100	22	1
110	22	1
120	22	1
130	22	1
140	22	1
150	22	1
160	22	1
170	22	1
180	22	1
190	22	1
200	22	1
210	22	1
220	22	1
230	22	1
240	22	1
250	22	1
260	22	1
270	22	1
280	22	1
290	22	1
300	22	1
310	22	1
320	22	1
330	22	1
340	22	1
350	22	1
360	22	1
370	22	1
380	22	1
390	22	1
400	22	1
410	22	1
420	22	1
430	22	1
440	22	1
450	22	1
460	22	1
470	22	1
480	22	1
490	22	1
500	22	1
510	22	1
520	22	1
530	22	1
540	22	1
550	22	1
560	22	1
570	22	1
580	22	1
590	22	1
600	22	1
610	22	1
620	22	1.0003925411851782
630	22	1.0005222404878784
640	22	1.00029857623899
650	22	1.0002496850010127
660	22	1.0002905897807646
670	22	1.0003879187704265
680	22	1.0004795153535162
690	22	1.0005933110080383
700	22	1.00082951377176
710	22	1.0011714254734978
720	22	1.00167807762962
730	22	1.002491197910696
740	22	1.0037511030551483
750	22	1.0055376296198169
760	22	1.0086068553801142
770	22	1.0134501315340783
780	22	1.0211164500308352
790	22	1.0332940607558956
0	23	1
10	23	1
20	23	1
30	23	1
40	23	1
50	23	1
60	23	1
70	23	1
80	23	1
90	23	1
100	23	1
110	23	1
120	23	1
130	23	1
140	23	1
150	23	1
160	23	1
170	23	1
180	23	1
190	23	1
200	23	1
210	23	1
220	23	1
230	23	1
240	23	1
250	23	1
260	23	1
270	23	1
280	23	1
290	23	1
300	23	1
310	23	1
320	23	1
330	23	1
340	23	1
350	23	1
360	23	1
370	23	1
380	23	1
390	23	1
400	23	1
410	23	1
420	23	1
430	23	1
440	23	1
450	23	1
460	23	1
470	23	1
480	23	1
490	23	1
500	23	1
510	23	1
520	23	1
530	23	1
540	23	1
550	23	1
560	23	1
570	23	1
580	23	1
590	23	1
600	23	1
610	23	1
620	23	1.0000203694023573
630	23	1.000165712069514
640	23	1.0001225607756492
650	23	1.0003358516884466
660	23	1.000341103588739
670	23	1.000423011314348
680	23	1.000548146411185
690	23	1.0008052729561234
700	23	1.0011244853309509
710	23	1.0016144123678778
720	23	1.0023843044355947
730	23	1.0035527723031776
740	23	1.00519423829524
750	23	1.0080313693356473
760	23	1.0122050060930334
770	23	1.0188133780665052
780	23	1.029085614334341
790	23	1.045107847624867
0	24	1
10	24	1
20	24	1
30	24	1
40	24	1
50	24	1
60	24	1
70	24	1
80	24	1
90	24	1
100	24	1
110	24	1
120	24	1
130	24	1
140	24	1
150	24	1
160	24	1
170	24	1
180	24	1
190	24	1
200	24	1
210	24	1
220	24	1
230	24	1
240	24	1
250	24	1
260	24	1
270	24	1
280	24	1
290	24	1
300	24	1
310	24	1
320	24	1
330	24	1
340	24	1
350	24	1
360	24	1
370	24	1
380	24	1
390	24	1
400	24	1
410	24	1
420	24	1
430	24	1
440	24	1
450	24	1
460	24	1
470	24	1
480	24	1
490	24	1
500	24	1
510	24	1
520	24	1
530	24	1
540	24	1
550	24	1
560	24	1
570	24	1
580	24	1
590	24	1
600	24	1
610	24	1
620	24	1.0002010756278583
630	24	1.0002846363825018
640	24	1.0002494608901993
650	24	1.0003547859972235
660	24	1.00043263802184
670	24	1.0005705488826286
680	24	1.0007952445731882
690	24	1.0010870788228572
700	24	1.0015904613727917
710	24	1.0023305094546606
720	24	1.0033090794722002
730	24	1.0049599773458084
740	24	1.007468703016572
750	24	1.0112798751539653
760	24	1.0170793137568284
770	24	1.025912663044504
780	24	1.0394204470315986
790	24	1.0601596112488885
0	25	1
10	25	1
20	25	1
30	25	1
40	25	1
50	25	1
60	25	1
70	25	1
80	25	1
90	25	1
100	25	1
110	25	1
120	25	1
130	25	1
140	25	1
150	25	1
160	25	1
170	25	1
180	25	1
190	25	1
200	25	1
210	25	1
220	25	1
230	25	1
240	25	1
250	25	1
260	25	1
270	25	1
280	25	1
290	25	1
300	25	1
310	25	1
320	25	1
330	25	1
340	25	1
350	25	1
360	25	1
370	25	1
380	25	1
390	25	1
400	25	1
410	25	1
420	25	1
430	25	1
440	25	1
450	25	1
460	25	1
470	25	1
480	25	1
490	25	1
500	25	1
510	25	1
520	25	1
530	25	1
540	25	1
550	25	1
560	25	1
570	25	1
580	25	1
590	25	1
600	25	1
610	25	1
620	25	1.0000865905741279
630	25	1.000200814812262
640	25	1.0002842889346093
650	25	1.0004376204243002
660	25	1.0005606056727925
670	25	1.000784327971798
680	25	1.001088455960169
690	25	1.0015798851634279
700	25	1.002190054355175
710	25	1.0032264550767034
720	25	1.0048301213501172
730	25	1.0070690158701803
740	25	1.0105092677550587
750	25	1.0156478837937655
760	25	1.0233494687811524
770	25	1.03490913768603
780	25	1.0522965592170042
790	25	1.078574423844333
0	26	1
10	26	1
20	26	1
30	26	1
40	26	1
50	26	1
60	26	1
70	26	1
80	26	1
90	26	1
100	26	1
110	26	1
120	26	1
130	26	1
140	26	1
150	26	1
160	26	1
170	26	1
180	26	1
190	26	1
200	26	1
210	26	1
220	26	1
230	26	1
240	26	1
250	26	1
260	26	1
270	26	1
280	26	1
290	26	1
300	26	1
310	26	1
320	26	1
330	26	1
340	26	1
350	26	1
360	26	1
370	26	1
380	26	1
390	26	1
400	26	1
410	26	1
420	26	1
430	26	1
440	26	1
450	26	1
460	26	1
470	26	1
480	26	1
490	26	1
500	26	1
510	26	1
520	26	1
530	26	1
540	26	1
550	26	1
560	26	1
570	26	1
580	26	1
590	26	1
600	26	1
610	26	1
620	26	1.000256733617945
630	26	1.0003035560777214
640	26	1.0004050837178085
650	26	1.0005613738542687
660	26	1.000778126482813
670	26	1.0011031797419132
680	26	1.0015004085901813
690	26	1.0021720866452604
700	26	1.0032038011301105
710	26	1.0046029086925274
720	26	1.00672809829091
730	26	1.0098525689370583
740	26	1.0144574361456413
750	26	1.0212443458951537
760	26	1.0312532557346503
770	26	1.0460444677879892
780	26	1.0679942665446998
790	26	1.1007252881271619
0	27	1
10	27	1
20	27	1
30	27	1
40	27	1
50	27	1
60	27	1
70	27	1
80	27	1
90	27	1
100	27	1
110	27	1
120	27	1
130	27	1
140	27	1
150	27	1
160	27	1
170	27	1
180	27	1
190	27	1
200	27	1
210	27	1
220	27	1
230	27	1
240	27	1
250	27	1
260	27	1
270	27	1
280	27	1
290	27	1
300	27	1
310	27	1
320	27	1
330	27	1
340	27	1
350	27	1
360	27	1
370	27	1
380	27	1
390	27	1
400	27	1
410	27	1
420	27	1
430	27	1
440	27	1
450	27	1
460	27	1
470	27	1
480	27	1
490	27	1
500	27	1
510	27	1
520	27	1
530	27	1
540	27	1
550	27	1
560	27	1
570	27	1
580	27	1
590	27	1
600	27	1
610	27	1
620	27	1.0002920036575755
630	27	1.000408129446437
640	27	1.0005905829373536
650	27	1.0008064118787074
660	27	1.001064826263104
670	27	1.0015114426420657
680	27	1.0021954064770138
690	27	1.0031452008223596
700	27	1.0044619342955499
710	27	1.0064327695271333
720	27	1.0092966853224394
730	27	1.0134535760687262
740	27	1.019483452846033
750	27	1.0282403921503724
760	27	1.0409917183445645
770	27	1.0596039687957874
780	27	1.0868298385960415
790	27	1.1269326385232947
0	28	1
10	28	1
20	28	1
30	28	1
40	28	1
50	28	1
60	28	1
70	28	1
80	28	1
90	28	1
100	28	1
110	28	1
120	28	1
130	28	1
140	28	1
150	28	1
160	28	1
170	28	1
180	28	1
190	28	1
200	28	1
210	28	1
220	28	1
230	28	1
240	28	1
250	28	1
260	28	1
270	28	1
280	28	1
290	28	1
300	28	1
310	28	1
320	28	1
330	28	1
340	28	1
350	28	1
360	28	1
370	28	1
380	28	1
390	28	1
400	28	1
410	28	1
420	28	1
430	28	1
440	28	1
450	28	1
460	28	1
470	28	1
480	28	1
490	28	1
500	28	1
510	28	1
520	28	1
530	28	1
540	28	1
550	28	1
560	28	1
570	28	1
580	28	1
590	28	1
600	28	1
610	28	1
620	28	1.0004156899535301
630	28	1.0006025259769757
640	28	1.0007588382707795
650	28	1.00107035972472
660	28	1.0015425954454984
670	28	1.0021870084339524
680	28	1.0030460347080539
690	28	1.0043363684397293
700	28	1.0061802385383807
710	28	1.0088184569290584
720	28	1.0125928354311229
730	28	1.0179915034612408
740	28	1.0257342005425605
750	28	1.0368489130129321
760	28	1.052803914955855
770	28	1.0758036051809756
780	28	1.1090716219369507
790	28	1.1574880100740594
0	29	1
10	29	1
20	29	1
30	29	1
40	29	1
50	29	1
60	29	1
70	29	1
80	29	1
90	29	1
100	29	1
110	29	1
120	29	1
130	29	1
140	29	1
150	29	1
160	29	1
170	29	1
180	29	1
190	29	1
200	29	1
210	29	1
220	29	1
230	29	1
240	29	1
250	29	1
260	29	1
270	29	1
280	29	1
290	29	1
300	29	1
310	29	1
320	29	1
330	29	1
340	29	1
350	29	1
360	29	1
370	29	1
380	29	1
390	29	1
400	29	1
410	29	1
420	29	1
430	29	1
440	29	1
450	29	1
460	29	1
470	29	1
480	29	1
490	29	1
500	29	1
510	29	1
520	29	1
530	29	1
540	29	1
550	29	1
560	29	1
570	29	1
580	29	1
590	29	1
600	29	1
610	29	1
620	29	1.000585362589256
630	29	1.000782073469849
640	29	1.0011203762916012
650	29	1.0015595499785304
660	29	1.0021453581828208
670	29	1.003005323035922
680	29	1.004233241450115
690	29	1.005959125033657
700	29	1.0084001565410217
710	29	1.0118451838630083
720	29	1.0167221647550906
730	29	1.0236267370739927
740	29	1.0333865632049948
750	29	1.0472328675969766
760	29	1.0668986162883494
770	29	1.0949076487226064
780	29	1.1349664605907634
790	29	1.1926362950090397
0	30	1
10	30	1
20	30	1
30	30	1
40	30	1
50	30	1
60	30	1
70	30	1
80	30	1
90	30	1
100	30	1
110	30	1
120	30	1
130	30	1
140	30	1
150	30	1
160	30	1
170	30	1
180	30	1
190	30	1
200	30	1
210	30	1
220	30	1
230	30	1
240	30	1
250	30	1
260	30	1
270	30	1
280	30	1
290	30	1
300	30	1
310	30	1
320	30	1
330	30	1
340	30	1
350	30	1
360	30	1
370	30	1
380	30	1
390	30	1
400	30	1
410	30	1
420	30	1
430	30	1
440	30	1
450	30	1
460	30	1
470	30	1
480	30	1
490	30	1
500	30	1
510	30	1
520	30	1
530	30	1
540	30	1
550	30	1
560	30	1
570	30	1
580	30	1
590	30	1
600	30	1
610	30	1
620	30	1.000822929648394
630	30	1.0011370673270623
640	30	1.001542472219078
650	30	1.0021393026756815
660	30	1.0029655731180305
670	30	1.004138933590017
680	30	1.0057624288567977
690	30	1.008029921789039
700	30	1.0111994046805495
710	30	1.015633179589984
720	30	1.0218187144944861
730	30	1.030478283031575
740	30	1.0426028280516708
750	30	1.0596003071011921
760	30	1.0834776265173864
770	30	1.117117643081832
780	30	1.1647231672656944
790	30	1.232565567024888
0	31	1
10	31	1
20	31	1
30	31	1
40	31	1
50	31	1
60	31	1
70	31	1
80	31	1
90	31	1
100	31	1
110	31	1
120	31	1
130	31	1
140	31	1
150	31	1
160	31	1
170	31	1
180	31	1
190	31	1
200	31	1
210	31	1
220	31	1
230	31	1
240	31	1
250	31	1
260	31	1
270	31	1
280	31	1
290	31	1
300	31	1
310	31	1
320	31	1
330	31	1
340	31	1
350	31	1
360	31	1
370	31	1
380	31	1
390	31	1
400	31	1
410	31	1
420	31	1
430	31	1
440	31	1
450	31	1
460	31	1
470	31	1
480	31	1
490	31	1
500	31	1
510	31	1
520	31	1
530	31	1
540	31	1
550	31	1
560	31	1
570	31	1
580	31	1
590	31	1
600	31	1
610	31	1
620	31	1.0011289659828408
630	31	1.0015588850768469
640	31	1.0021366062515389
650	31	1.002943014975274
660	31	1.0040519499786742
670	31	1.005584032234218
680	31	1.0077054171800175
690	31	1.0106365628294869
700	31	1.01467753988717
710	31	1.020270399600497
720	31	1.0280051213451256
730	31	1.038710908074096
740	31	1.0535422243588706
750	31	1.0741187935443048
760	31	1.1027244159949519
770	31	1.1426152928144186
780	31	1.1985052725608953
790	31	1.2773972337535957
0	32	1
10	32	1
20	32	1
30	32	1
40	32	1
50	32	1
60	32	1
70	32	1
80	32	1
90	32	1
100	32	1
110	32	1
120	32	1
130	32	1
140	32	1
150	32	1
160	32	1
170	32	1
180	32	1
190	32	1
200	32	1
210	32	1
220	32	1
230	32	1
240	32	1
250	32	1
260	32	1
270	32	1
280	32	1
290	32	1
300	32	1
310	32	1
320	32	1
330	32	1
340	32	1
350	32	1
360	32	1
370	32	1
380	32	1
390	32	1
400	32	1
410	32	1
420	32	1
430	32	1
440	32	1
450	32	1
460	32	1
470	32	1
480	32	1
490	32	1
500	32	1
510	32	1
520	32	1
530	32	1
540	32	1
550	32	1
560	32	1
570	32	1
580	32	1
590	32	1
600	32	1
610	32	1
620	32	1.00158504096218
630	32	1.0021415056734526
640	32	1.002913814952095
650	32	1.0039771958737946
660	32	1.0054272028572782
670	32	1.007419792067314
680	32	1.0101315325745621
690	32	1.0138460985953504
700	32	1.0189281404974881
710	32	1.0258837719911682
720	32	1.0354074227302208
730	32	1.048458305427236
740	32	1.0663590049900873
750	32	1.0909483670393985
760	32	1.1247980608324644
770	32	1.1715447028873527
780	32	1.2364218555867872
790	32	1.3271767150204212
0	33	1
10	33	1
20	33	1
30	33	1
40	33	1
50	33	1
60	33	1
70	33	1
80	33	1
90	33	1
100	33	1
110	33	1
120	33	1
130	33	1
140	33	1
150	33	1
160	33	1
170	33	1
180	33	1
190	33	1
200	33	1
210	33	1
220	33	1
230	33	1
240	33	1
250	33	1
260	33	1
270	33	1
280	33	1
290	33	1
300	33	1
310	33	1
320	33	1
330	33	1
340	33	1
350	33	1
360	33	1
370	33	1
380	33	1
390	33	1
400	33	1
410	33	1
420	33	1
430	33	1
440	33	1
450	33	1
460	33	1
470	33	1
480	33	1
490	33	1
500	33	1
510	33	1
520	33	1
530	33	1
540	33	1
550	33	1
560	33	1
570	33	1
580	33	1
590	33	1
600	33	1
610	33	1
620	33	1.0021386899803628
630	33	1.0028978026280493
640	33	1.0039128923343796
650	33	1.005293508260473
660	33	1.0071567271447783
670	33	1.0096877021926078
680	33	1.0131137291480548
690	33	1.017756272140899
700	33	1.0240482503189303
710	33	1.032578463677473
720	33	1.0441493049755197
730	33	1.059854134324791
740	33	1.081193034164832
750	33	1.110229899205616
760	33	1.1498274484719846
770	33	1.2040061932344417
780	33	1.2785205892735012
790	33	1.3818667704514527
0	34	1
10	34	1
20	34	1
30	34	1
40	34	1
50	34	1
60	34	1
70	34	1
80	34	1
90	34	1
100	34	1
110	34	1
120	34	1
130	34	1
140	34	1
150	34	1
160	34	1
170	34	1
180	34	1
190	34	1
200	34	1
210	34	1
220	34	1
230	34	1
240	34	1
250	34	1
260	34	1
270	34	1
280	34	1
290	34	1
300	34	1
310	34	1
320	34	1
330	34	1
340	34	1
350	34	1
360	34	1
370	34	1
380	34	1
390	34	1
400	34	1
410	34	1
420	34	1
430	34	1
440	34	1
450	34	1
460	34	1
470	34	1
480	34	1
490	34	1
500	34	1
510	34	1
520	34	1
530	34	1
540	34	1
550	34	1
560	34	1
570	34	1
580	34	1
590	34	1
600	34	1
610	34	1
620	34	1.0028774096521214
630	34	1.0038512900237955
640	34	1.0051657267562077
650	34	1.0069254460080872
660	34	1.0092893720601095
670	34	1.0124643217697236
680	34	1.016726479256262
690	34	1.0224493613486965
700	34	1.03013613435665
710	34	1.0404642004281102
720	34	1.054348071556085
730	34	1.0730237321066036
740	34	1.0981698952634262
750	34	1.1320789954816577
760	34	1.1779053095778929
770	34	1.2400496499453921
780	34	1.3247818258055672
790	34	1.4413419092970996
0	35	1
10	35	1
20	35	1
30	35	1
40	35	1
50	35	1
60	35	1
70	35	1
80	35	1
90	35	1
100	35	1
110	35	1
120	35	1
130	35	1
140	35	1
150	35	1
160	35	1
170	35	1
180	35	1
190	35	1
200	35	1
210	35	1
220	35	1
230	35	1
240	35	1
250	35	1
260	35	1
270	35	1
280	35	1
290	35	1
300	35	1
310	35	1
320	35	1
330	35	1
340	35	1
350	35	1
360	35	1
370	35	1
380	35	1
390	35	1
400	35	1
410	35	1
420	35	1
430	35	1
440	35	1
450	35	1
460	35	1
470	35	1
480	35	1
490	35	1
500	35	1
510	35	1
520	35	1
530	35	1
540	35	1
550	35	1
560	35	1
570	35	1
580	35	1
590	35	1
600	35	1
610	35	1
620	35	1.003797239971744
630	35	1.0050501201259083
640	35	1.0067161826699684
650	35	1.0089325695341276
660	35	1.0118879006829489
670	35	1.0158155458180753
680	35	1.0210470190558631
690	35	1.0280131538881285
700	35	1.0372886607413152
710	35	1.049646542110689
720	35	1.0661154938505493
730	35	1.0880777691861652
740	35	1.1173937278397725
750	35	1.1565818435557427
760	35	1.2090833550132436
770	35	1.279669811308206
780	35	1.375114138591198
790	35	1.505386189484251
0	36	1
10	36	1
20	36	1
30	36	1
40	36	1
50	36	1
60	36	1
70	36	1
80	36	1
90	36	1
100	36	1
110	36	1
120	36	1
130	36	1
140	36	1
150	36	1
160	36	1
170	36	1
180	36	1
190	36	1
200	36	1
210	36	1
220	36	1
230	36	1
240	36	1
250	36	1
260	36	1
270	36	1
280	36	1
290	36	1
300	36	1
310	36	1
320	36	1
330	36	1
340	36	1
350	36	1
360	36	1
370	36	1
380	36	1
390	36	1
400	36	1
410	36	1
420	36	1
430	36	1
440	36	1
450	36	1
460	36	1
470	36	1
480	36	1
490	36	1
500	36	1
510	36	1
520	36	1
530	36	1
540	36	1
550	36	1
560	36	1
570	36	1
580	36	1
590	36	1
600	36	1
610	36	1
620	36	1.004947697567242
630	36	1.006528241667417
640	36	1.0086125445917433
650	36	1.0113663091828824
660	36	1.0150062126860988
670	36	1.0198101500396974
680	36	1.026153381195642
690	36	1.0345326920003592
700	36	1.045600205433172
710	36	1.0602228033161627
720	36	1.079550642181898
730	36	1.1051113455616401
740	36	1.1389447194123787
750	36	1.1837906537148486
760	36	1.2433670702769268
770	36	1.322802113756176
780	36	1.4293523520864935
790	36	1.5736897856735788
0	37	1
10	37	1
20	37	1
30	37	1
40	37	1
50	37	1
60	37	1
70	37	1
80	37	1
90	37	1
100	37	1
110	37	1
120	37	1
130	37	1
140	37	1
150	37	1
160	37	1
170	37	1
180	37	1
190	37	1
200	37	1
210	37	1
220	37	1
230	37	1
240	37	1
250	37	1
260	37	1
270	37	1
280	37	1
290	37	1
300	37	1
310	37	1
320	37	1
330	37	1
340	37	1
350	37	1
360	37	1
370	37	1
380	37	1
390	37	1
400	37	1
410	37	1
420	37	1
430	37	1
440	37	1
450	37	1
460	37	1
470	37	1
480	37	1
490	37	1
500	37	1
510	37	1
520	37	1
530	37	1
540	37	1
550	37	1
560	37	1
570	37	1
580	37	1
590	37	1
600	37	1
610	37	1
620	37	1.0063547759138263
630	37	1.0083202036368837
640	37	1.0109012807622302
650	37	1.0142821730197311
660	37	1.0187123322161449
670	37	1.0245173554820795
680	37	1.0321236574207904
690	37	1.0420921436508686
700	37	1.0551571389722978
710	37	1.0722832663232775
720	37	1.0947399346489421
730	37	1.1241986264192703
740	37	1.162874580723464
750	37	1.2137192426881627
760	37	1.2807129710536327
770	37	1.3693206030821503
780	37	1.4872572767326282
790	37	1.645849438805045
0	38	1
10	38	1
20	38	1
30	38	1
40	38	1
50	38	1
60	38	1
70	38	1
80	38	1
90	38	1
100	38	1
110	38	1
120	38	1
130	38	1
140	38	1
150	38	1
160	38	1
170	38	1
180	38	1
190	38	1
200	38	1
210	38	1
220	38	1
230	38	1
240	38	1
250	38	1
260	38	1
270	38	1
280	38	1
290	38	1
300	38	1
310	38	1
320	38	1
330	38	1
340	38	1
350	38	1
360	38	1
370	38	1
380	38	1
390	38	1
400	38	1
410	38	1
420	38	1
430	38	1
440	38	1
450	38	1
460	38	1
470	38	1
480	38	1
490	38	1
500	38	1
510	38	1
520	38	1
530	38	1
540	38	1
550	38	1
560	38	1
570	38	1
580	38	1
590	38	1
600	38	1
610	38	1
620	38	1.0080562839456866
630	38	1.0104777114941674
640	38	1.013632731931507
650	38	1.0177336987713552
660	38	1.0230669957661778
670	38	1.0300055466851696
680	38	1.0390311523032694
690	38	1.0507710722697488
700	38	1.0660415052001995
710	38	1.085906251323618
720	38	1.111751698787997
730	38	1.1453904049610384
740	38	1.1892031049937961
750	38	1.2463403028452331
760	38	1.3210261468494888
770	38	1.4190378605725555
780	38	1.5485168636550117
790	38	1.7213653680179568
0	39	1
10	39	1
20	39	1
30	39	1
40	39	1
50	39	1
60	39	1
70	39	1
80	39	1
90	39	1
100	39	1
110	39	1
120	39	1
130	39	1
140	39	1
150	39	1
160	39	1
170	39	1
180	39	1
190	39	1
200	39	1
210	39	1
220	39	1
230	39	1
240	39	1
250	39	1
260	39	1
270	39	1
280	39	1
290	39	1
300	39	1
310	39	1
320	39	1
330	39	1
340	39	1
350	39	1
360	39	1
370	39	1
380	39	1
390	39	1
400	39	1
410	39	1
420	39	1
430	39	1
440	39	1
450	39	1
460	39	1
470	39	1
480	39	1
490	39	1
500	39	1
510	39	1
520	39	1
530	39	1
540	39	1
550	39	1
560	39	1
570	39	1
580	39	1
590	39	1
600	39	1
610	39	1
620	39	1.0100972648216318
630	39	1.0130472790290794
640	39	1.0168553724040688
650	39	1.021777015946671
660	39	1.0281332880269614
670	39	1.0363436952533518
680	39	1.0469476177543802
690	39	1.0606416229906737
700	39	1.078324067909047
710	39	1.1011553608523474
720	39	1.1306354802492522
730	39	1.1687104622357438
740	39	1.2179153767191637
750	39	1.2815832022582905
760	39	1.3641593978445954
770	39	1.4717064266389128
780	39	1.612748685088774
790	39	1.7996352439503245
0	40	1
10	40	1
20	40	1
30	40	1
40	40	1
50	40	1
60	40	1
70	40	1
80	40	1
90	40	1
100	40	1
110	40	1
120	40	1
130	40	1
140	40	1
150	40	1
160	40	1
170	40	1
180	40	1
190	40	1
200	40	1
210	40	1
220	40	1
230	40	1
240	40	1
250	40	1
260	40	1
270	40	1
280	40	1
290	40	1
300	40	1
310	40	1
320	40	1
330	40	1
340	40	1
350	40	1
360	40	1
370	40	1
380	40	1
390	40	1
400	40	1
410	40	1
420	40	1
430	40	1
440	40	1
450	40	1
460	40	1
470	40	1
480	40	1
490	40	1
500	40	1
510	40	1
520	40	1
530	40	1
540	40	1
550	40	1
560	40	1
570	40	1
580	40	1
590	40	1
600	40	1
610	40	1
620	40	1.0125160488193516
630	40	1.0160660535208044
640	40	1.0206220180457743
650	40	1.0264703476501975
660	40	1.033971632856116
670	40	1.0435958589312306
680	40	1.055940357739571
690	40	1.0717697819593996
700	40	1.0920641776816506
710	40	1.1180776773563301
720	40	1.1514180341998776
730	40	1.194153588878486
740	40	1.2489599989833793
750	40	1.3193329332338597
760	40	1.40991498059421
770	40	1.5270215216567986
780	40	1.6795017570493591
790	40	1.8799430552924623
0	41	1
10	41	1
20	41	1
30	41	1
40	41	1
50	41	1
60	41	1
70	41	1
80	41	1
90	41	1
100	41	1
110	41	1
120	41	1
130	41	1
140	41	1
150	41	1
160	41	1
170	41	1
180	41	1
190	41	1
200	41	1
210	41	1
220	41	1
230	41	1
240	41	1
250	41	1
260	41	1
270	41	1
280	41	1
290	41	1
300	41	1
310	41	1
320	41	1
330	41	1
340	41	1
350	41	1
360	41	1
370	41	1
380	41	1
390	41	1
400	41	1
410	41	1
420	41	1
430	41	1
440	41	1
450	41	1
460	41	1
470	41	1
480	41	1
490	41	1
500	41	1
510	41	1
520	41	1
530	41	1
540	41	1
550	41	1.0027877774492266
560	41	1.0035594079616112
570	41	1.0045430608702435
580	41	1.0057933342191117
590	41	1.0073891286946859
600	41	1.0094303723484792
610	41	1.0120333976643012
620	41	1.015352996178646
630	41	1.01958621117926
640	41	1.0249829766381753
650	41	1.031866532782271
660	41	1.0406401995937729
670	41	1.0518220638841678
680	41	1.0660675585075403
690	41	1.0842098974241432
700	41	1.1073068216942066
710	41	1.1367012881679506
720	41	1.1741004544598093
730	41	1.2216830125269933
740	41	1.2822474481574924
750	41	1.3594308454146176
760	41	1.4580461011432853
770	41	1.5846246454339796
780	41	1.7482561756073707
790	41	1.9614414674975247
0	42	1
10	42	1
20	42	1
30	42	1
40	42	1
50	42	1
60	42	1
70	42	1
80	42	1
90	42	1
100	42	1
110	42	1
120	42	1
130	42	1
140	42	1
150	42	1
160	42	1
170	42	1
180	42	1
190	42	1
200	42	1
210	42	1
220	42	1
230	42	1
240	42	1
250	42	1
260	42	1
270	42	1
280	42	1
290	42	1
300	42	1
310	42	1
320	42	1
330	42	1
340	42	1
350	42	1
360	42	1
370	42	1
380	42	1
390	42	1
400	42	1
410	42	1
420	42	1
430	42	1
440	42	1
450	42	1
460	42	1
470	42	1
480	42	1
490	42	1
500	42	1
510	42	1
520	42	1
530	42	1
540	42	1
550	42	1.003530868956607
560	42	1.0044737310324854
570	42	1.0056795583690934
580	42	1.0072061127031346
590	42	1.009141273362828
600	42	1.0115947239717642
610	42	1.0147046659032486
620	42	1.018650381629858
630	42	1.0236511621528295
640	42	1.0299887716066116
650	42	1.0380215014701755
660	42	1.0481949991353214
670	42	1.0610766866397021
680	42	1.077379988932776
690	42	1.0980045201302586
700	42	1.124080960792263
710	42	1.1570335144643347
720	42	1.1986582693145855
730	42	1.2512296318969123
740	42	1.3176504839871785
750	42	1.4016760397163663
760	42	1.5082611621081456
770	42	1.6441068252536621
780	42	1.818419983140981
790	42	2.0431309370927586
0	43	1
10	43	1
20	43	1
30	43	1
40	43	1
50	43	1
60	43	1
70	43	1
80	43	1
90	43	1
100	43	1
110	43	1
120	43	1
130	43	1
140	43	1
150	43	1
160	43	1
170	43	1
180	43	1
190	43	1
200	43	1
210	43	1
220	43	1
230	43	1
240	43	1
250	43	1
260	43	1
270	43	1
280	43	1
290	43	1
300	43	1
310	43	1
320	43	1
330	43	1
340	43	1
350	43	1
360	43	1
370	43	1
380	43	1
390	43	1
400	43	1
410	43	1
420	43	1
430	43	1
440	43	1
450	43	1
460	43	1
470	43	1
480	43	1
490	43	1
500	43	1
510	43	1
520	43	1
530	43	1
540	43	1
550	43	1.004416529402045
560	43	1.0055742781388735
570	43	1.0070331709349734
580	43	1.0088716145013323
590	43	1.011192735188196
600	43	1.0141157655080288
610	43	1.0178022581043296
620	43	1.0224521090161527
630	43	1.028308908757332
640	43	1.0356888729712095
650	43	1.044983606396911
660	43	1.0566836311676384
670	43	1.0714053031025266
680	43	1.0899183567160087
690	43	1.1131826382145955
700	43	1.1423969316429428
710	43	1.1790580291480306
720	43	1.2250381544988729
730	43	1.2826913986966482
740	43	1.3550051812969457
750	43	1.445828774497189
760	43	1.560227199784185
770	43	1.7050108606250183
780	43	1.8893205204246917
790	43	2.1238435531637867
0	44	1
10	44	1
20	44	1
30	44	1
40	44	1
50	44	1
60	44	1
70	44	1
80	44	1
90	44	1
100	44	1
110	44	1
120	44	1
130	44	1
140	44	1
150	44	1
160	44	1
170	44	1
180	44	1
190	44	1
200	44	1
210	44	1
220	44	1
230	44	1
240	44	1
250	44	1
260	44	1
270	44	1
280	44	1
290	44	1
300	44	1
310	44	1
320	44	1
330	44	1
340	44	1
350	44	1
360	44	1
370	44	1
380	44	1
390	44	1
400	44	1
410	44	1
420	44	1
430	44	1
440	44	1
450	44	1
460	44	1
470	44	1
480	44	1
490	44	1
500	44	1
510	44	1
520	44	1
530	44	1
540	44	1
550	44	1.005474750477338
560	44	1.0068734157944672
570	44	1.0086251343149228
580	44	1.0108255726550683
590	44	1.0135773757284372
600	44	1.017031891130158
610	44	1.0213666756543318
620	44	1.0267976570276116
630	44	1.0336017300749205
640	44	1.0421265655480239
650	44	1.0527979249079051
660	44	1.066151392171084
670	44	1.0828482903773513
680	44	1.1037115627913507
690	44	1.1297577803597063
700	44	1.1622459616816396
710	44	1.2027349947945032
720	44	1.2531589361122673
730	44	1.3159346402102503
740	44	1.3941131734455545
750	44	1.4916135416713563
760	44	1.613573711702975
770	44	1.7668301316563926
780	44	1.9601911738119304
790	44	2.2022483012955227
0	45	1
10	45	1
20	45	1
30	45	1
40	45	1
50	45	1
60	45	1
70	45	1
80	45	1
90	45	1
100	45	1
110	45	1
120	45	1
130	45	1
140	45	1
150	45	1
160	45	1
170	45	1
180	45	1
190	45	1
200	45	1
210	45	1
220	45	1
230	45	1
240	45	1
250	45	1
260	45	1
270	45	1
280	45	1
290	45	1
300	45	1
310	45	1
320	45	1
330	45	1
340	45	1
350	45	1
360	45	1
370	45	1
380	45	1
390	45	1
400	45	1
410	45	1
420	45	1
430	45	1
440	45	1
450	45	1
460	45	1
470	45	1
480	45	1
490	45	1
500	45	1
510	45	1
520	45	1
530	45	1
540	45	1
550	45	1.006725196433972
560	45	1.0083972683952684
570	45	1.010482567564489
580	45	1.0130864777137358
590	45	1.0163324072802558
600	45	1.020381248313123
610	45	1.0254320555315632
620	45	1.0317287814498426
630	45	1.0395732036437115
640	45	1.049344960338665
650	45	1.061506339409997
660	45	1.0766325262589698
670	45	1.095432426999521
680	45	1.1187744126410435
690	45	1.1477263905929844
700	45	1.1835986107123324
710	45	1.2279994737607576
720	45	1.28291107906966
730	45	1.3507946569354543
740	45	1.4347449262673957
750	45	1.5387233287018058
760	45	1.6678952627311954
770	45	1.8290046561111477
780	45	2.0301536931222235
790	45	2.2768990368649504
0	46	1
10	46	1
20	46	1
30	46	1
40	46	1
50	46	1
60	46	1
70	46	1
80	46	1
90	46	1
100	46	1
110	46	1
120	46	1
130	46	1
140	46	1
150	46	1
160	46	1
170	46	1
180	46	1
190	46	1
200	46	1
210	46	1
220	46	1
230	46	1
240	46	1
250	46	1
260	46	1
270	46	1
280	46	1
290	46	1
300	46	1
310	46	1
320	46	1
330	46	1
340	46	1
350	46	1
360	46	1
370	46	1
380	46	1
390	46	1
400	46	1
410	46	1
420	46	1
430	46	1
440	46	1
450	46	1
460	46	1
470	46	1
480	46	1
490	46	1
500	46	1
510	46	1
520	46	1
530	46	1
540	46	1
550	46	1.0081838891812605
560	46	1.0101685526070254
570	46	1.0126280622030162
580	46	1.0156889492276642
590	46	1.0194865074729764
600	46	1.0241962338803292
610	46	1.0300385585697678
620	46	1.0372835524740043
630	46	1.0462611061667133
640	46	1.0573804303865775
650	46	1.071141235456929
660	46	1.0881562619623484
670	46	1.109174319224934
680	46	1.135107727873546
690	46	1.1670667726589488
700	46	1.2064030484232944
710	46	1.2547619664841072
720	46	1.314157869294346
730	46	1.3870792712378037
740	46	1.4766427493295593
750	46	1.5868230712613238
760	46	1.7227517752817367
770	46	1.890911483575397
780	46	2.098200872589209
790	46	2.346333501637209
0	47	1
10	47	1
20	47	1
30	47	1
40	47	1
50	47	1
60	47	1
70	47	1
80	47	1
90	47	1
100	47	1
110	47	1
120	47	1
130	47	1
140	47	1
150	47	1
160	47	1
170	47	1
180	47	1
190	47	1
200	47	1
210	47	1
220	47	1
230	47	1
240	47	1
250	47	1
260	47	1
270	47	1
280	47	1
290	47	1
300	47	1
310	47	1
320	47	1
330	47	1
340	47	1
350	47	1
360	47	1
370	47	1
380	47	1
390	47	1
400	47	1
410	47	1
420	47	1
430	47	1
440	47	1
450	47	1
460	47	1
470	47	1
480	47	1
490	47	1
500	47	1
510	47	1
520	47	1
530	47	1
540	47	1
550	47	1.0098789571300488
560	47	1.0122138099930085
570	47	1.0151026849327809
580	47	1.018666402939725
590	47	1.023071659164588
600	47	1.028509299083786
610	47	1.035220565544466
620	47	1.0434975885760436
630	47	1.053699755843671
640	47	1.0662656899343483
650	47	1.0817295955560529
660	47	1.1007379951518919
670	47	1.1240776023706314
680	47	1.1526960762958272
690	47	1.1877386501189355
700	47	1.2305862686213667
710	47	1.2829090139083548
720	47	1.346737862646102
730	47	1.4245707869460813
740	47	1.5195251181952725
750	47	1.6355520760754727
760	47	1.7776658159439118
770	47	1.9518505818763876
780	47	2.1631844753373373
790	47	2.4091826259340325
0	48	1
10	48	1
20	48	1
30	48	1
40	48	1
50	48	1
60	48	1
70	48	1
80	48	1
90	48	1
100	48	1
110	48	1
120	48	1
130	48	1
140	48	1
150	48	1
160	48	1
170	48	1
180	48	1
190	48	1
200	48	1
210	48	1
220	48	1
230	48	1
240	48	1
250	48	1
260	48	1
270	48	1
280	48	1
290	48	1
300	48	1
310	48	1
320	48	1
330	48	1
340	48	1
350	48	1
360	48	1
370	48	1
380	48	1
390	48	1
400	48	1
410	48	1
420	48	1
430	48	1
440	48	1
450	48	1
460	48	1
470	48	1
480	48	1
490	48	1
500	48	1
510	48	1
520	48	1
530	48	1
540	48	1
550	48	1.0118289434306207
560	48	1.0145583218467837
570	48	1.0179180201732523
580	48	1.0220458725960437
590	48	1.0271196424007896
600	48	1.0333545817326208
610	48	1.0410102371688428
620	48	1.0504028883968397
630	48	1.0619191247830404
640	48	1.0760262806852696
650	48	1.0932885324408368
660	48	1.114384716896715
670	48	1.1401322365525872
680	48	1.171508129482277
690	48	1.2096820822588537
700	48	1.2560539279534284
710	48	1.3123043208967435
720	48	1.3804665823807631
730	48	1.4630303506675189
740	48	1.563089268141142
750	48	1.6845249905151412
760	48	1.8321161024128945
770	48	2.0110258117305113
780	48	2.223813933962181
790	48	2.46415173944075
0	49	1
10	49	1
20	49	1
30	49	1
40	49	1
50	49	1
60	49	1
70	49	1
80	49	1
90	49	1
100	49	1
110	49	1
120	49	1
130	49	1
140	49	1
150	49	1
160	49	1
170	49	1
180	49	1
190	49	1
200	49	1
210	49	1
220	49	1
230	49	1
240	49	1
250	49	1
260	49	1
270	49	1
280	49	1
290	49	1
300	49	1
310	49	1
320	49	1
330	49	1
340	49	1
350	49	1
360	49	1
370	49	1
380	49	1
390	49	1
400	49	1
410	49	1
420	49	1
430	49	1
440	49	1
450	49	1
460	49	1
470	49	1
480	49	1
490	49	1
500	49	1
510	49	1
520	49	1
530	49	1
540	49	1
550	49	1.0140589171330316
560	49	1.017228688967215
570	49	1.0211066346234419
580	49	1.025855903257685
590	49	1.0316639171203763
600	49	1.0387630447534635
610	49	1.0474382671346267
620	49	1.058027633629596
630	49	1.07094314140841
640	49	1.0866784447792226
650	49	1.105825389556392
660	49	1.1290902919475998
670	49	1.1573139110940125
680	49	1.1914950987671393
690	49	1.2328185973652859
700	49	1.2826911010234943
710	49	1.3427911692880528
720	49	1.4151397434369741
730	49	1.5022003978039897
740	49	1.607014064821891
750	49	1.7333297037994664
760	49	1.8855258131884158
770	49	2.067522709099608
780	49	2.278660500987805
790	49	2.509638672370802
0	50	1
10	50	1
20	50	1
30	50	1
40	50	1
50	50	1
60	50	1
70	50	1
80	50	1
90	50	1
100	50	1
110	50	1
120	50	1
130	50	1
140	50	1
150	50	1
160	50	1
170	50	1
180	50	1
190	50	1
200	50	1
210	50	1
220	50	1
230	50	1
240	50	1
250	50	1
260	50	1
270	50	1
280	50	1
290	50	1
300	50	1
310	50	1
320	50	1
330	50	1
340	50	1
350	50	1
360	50	1
370	50	1
380	50	1
390	50	1
400	50	1
410	50	1
420	50	1
430	50	1
440	50	1
450	50	1
460	50	1
470	50	1
480	50	1
490	50	1
500	50	1
510	50	1
520	50	1
530	50	1
540	50	1
550	50	1.0165961126403442
560	50	1.0202476935973914
570	50	1.0247000179727994
580	50	1.0301235903883021
590	50	1.0367278629763776
600	50	1.0447615128682681
610	50	1.0545301841853132
620	50	1.066394400375692
630	50	1.08078932297757
640	50	1.0982321970009699
650	50	1.1193383761009625
660	50	1.1448355030039035
670	50	1.1755829859049765
680	50	1.2125916707967652
690	50	1.2570512843810866
700	50	1.3103642271864067
710	50	1.374194788227562
720	50	1.4505367187551323
730	50	1.5418080759140664
740	50	1.6509603197265568
750	50	1.7815223521762031
760	50	1.9372466574076355
770	50	2.1202848326888604
780	50	2.3261381085029913
790	50	2.542787624324891
0	51	1
10	51	1
20	51	1
30	51	1
40	51	1
50	51	1
60	51	1
70	51	1
80	51	1
90	51	1
100	51	1
110	51	1
120	51	1
130	51	1
140	51	1
150	51	1
160	51	1
170	51	1
180	51	1
190	51	1
200	51	1
210	51	1
220	51	1
230	51	1
240	51	1
250	51	1
260	51	1
270	51	1
280	51	1
290	51	1
300	51	1
310	51	1
320	51	1
330	51	1
340	51	1
350	51	1
360	51	1
370	51	1
380	51	1
390	51	1
400	51	1
410	51	1
420	51	1
430	51	1
440	51	1
450	51	1.0027599653352244
460	51	1.0033370696429513
470	51	1.0040709324905732
480	51	1.0049510917608862
490	51	1.0060242435971214
500	51	1.0073272278344587
510	51	1.008908262378103
520	51	1.0108309859594298
530	51	1.0131698821453954
540	51	1.0160090949483476
550	51	1.0194556829980845
560	51	1.023639837828681
570	51	1.028719193350956
580	51	1.0348759451470833
590	51	1.0423381754728465
600	51	1.0513761145072429
610	51	1.062308047769776
620	51	1.0755201991525403
630	51	1.0914674309416428
640	51	1.1106865583495324
650	51	1.1338127063037498
660	51	1.1615890463721474
670	51	1.1948853386798877
680	51	1.2347161467403545
690	51	1.2822660257574463
700	51	1.3389231138158535
710	51	1.4063246230740338
720	51	1.486422786236945
730	51	1.5815668577795774
740	51	1.694569635160663
750	51	1.8286183348032135
760	51	1.9865375988591134
770	51	2.168087889629698
780	51	2.364396636174242
790	51	2.5580876119794915
0	52	1
10	52	1
20	52	1
30	52	1
40	52	1
50	52	1
60	52	1
70	52	1
80	52	1
90	52	1
100	52	1
110	52	1
120	52	1
130	52	1
140	52	1
150	52	1
160	52	1
170	52	1
180	52	1
190	52	1
200	52	1
210	52	1
220	52	1
230	52	1
240	52	1
250	52	1
260	52	1
270	52	1
280	52	1
290	52	1
300	52	1
310	52	1
320	52	1
330	52	1
340	52	1
350	52	1
360	52	1
370	52	1
380	52	1
390	52	1
400	52	1
410	52	1
420	52	1
430	52	1
440	52	1
450	52	1.003333073031952
460	52	1.004043409271962
470	52	1.0048944450395016
480	52	1.0059239247117258
490	52	1.0071834727025095
500	52	1.0087060318648355
510	52	1.0105460253827152
520	52	1.012769331694945
530	52	1.0154667981885213
540	52	1.018726398321776
550	52	1.022666563783184
560	52	1.0274309770393864
570	52	1.0331888189751453
580	52	1.0401371558923556
590	52	1.0485206223835866
600	52	1.058624539800038
610	52	1.070788919738927
620	52	1.0854162804607106
630	52	1.1029787371501516
640	52	1.1240319935131642
650	52	1.149223393912835
660	52	1.1793055839392088
670	52	1.2151515822908556
680	52	1.2577707042569966
690	52	1.308333617382935
700	52	1.3682027474572782
710	52	1.4389774606206551
720	52	1.5225521458080302
730	52	1.6211774883712706
740	52	1.7374600997748713
750	52	1.8740788874517145
760	52	2.032539320594839
770	52	2.2095063822991885
780	52	2.391040090446009
790	52	2.5461524169916245
0	53	1
10	53	1
20	53	1
30	53	1
40	53	1
50	53	1
60	53	1
70	53	1
80	53	1
90	53	1
100	53	1
110	53	1
120	53	1
130	53	1
140	53	1
150	53	1
160	53	1
170	53	1
180	53	1
190	53	1
200	53	1
210	53	1
220	53	1
230	53	1
240	53	1
250	53	1
260	53	1
270	53	1
280	53	1
290	53	1
300	53	1
310	53	1
320	53	1
330	53	1
340	53	1
350	53	1
360	53	1
370	53	1
380	53	1
390	53	1
400	53	1
410	53	1
420	53	1
430	53	1
440	53	1
450	53	1.004012351809281
460	53	1.0048430921670803
470	53	1.0058456327415253
480	53	1.0070508534349045
490	53	1.0085134017896564
500	53	1.0102752067527603
510	53	1.0123977668843427
520	53	1.014962934694642
530	53	1.0180508387170963
540	53	1.021770806751118
550	53	1.0262511983276907
560	53	1.031644176053845
570	53	1.0381316156954763
580	53	1.0459284573075673
590	53	1.0552926166350658
600	53	1.066525564049233
610	53	1.0799833223564181
620	53	1.096084424933336
630	53	1.1153172827398246
640	53	1.1382480712145573
650	53	1.16553230931096
660	53	1.1979265417658655
670	53	1.2362981853729595
680	53	1.28164404699589
690	53	1.3351109575175615
700	53	1.3980266733924904
710	53	1.4719400615463445
720	53	1.5586691155549677
730	53	1.6603264595298737
740	53	1.7792191508167192
750	53	1.91729345267067
760	53	2.0742444955621004
770	53	2.242855322790372
780	53	2.4026205411050388
790	53	2.4936885358862964
0	54	1
10	54	1
20	54	1
30	54	1
40	54	1
50	54	1
60	54	1
70	54	1
80	54	1
90	54	1
100	54	1
110	54	1
120	54	1
130	54	1
140	54	1
150	54	1
160	54	1
170	54	1
180	54	1
190	54	1
200	54	1
210	54	1
220	54	1
230	54	1
240	54	1
250	54	1
260	54	1
270	54	1
280	54	1
290	54	1
300	54	1
310	54	1
320	54	1
330	54	1
340	54	1
350	54	1
360	54	1
370	54	1
380	54	1
390	54	1
400	54	1
410	54	1
420	54	1
430	54	1
440	54	1
450	54	1.0047939746366157
460	54	1.0057529174982272
470	54	1.006930268493428
480	54	1.00833770150309
490	54	1.0100265007545541
500	54	1.0120546593935085
510	54	1.0144958907446477
520	54	1.017424218449968
530	54	1.020942635879012
540	54	1.0251638586653038
550	54	1.030228475614229
560	54	1.0362985104249383
570	54	1.0435688525619122
580	54	1.0522690180787697
590	54	1.0626704036900338
600	54	1.0750888790945583
610	54	1.0898953178429724
620	54	1.1075216455774604
630	54	1.128466100377174
640	54	1.1533027870381836
650	54	1.1826906070307013
660	54	1.217380674474306
670	54	1.2582292528673742
680	54	1.306212016933969
690	54	1.3624438848726783
700	54	1.4282083829655057
710	54	1.5049909662290044
720	54	1.5945088201490543
730	54	1.6986827790182717
740	54	1.8193927201616313
750	54	1.9575570743313893
760	54	2.1104624939397416
770	54	2.2660792779034042
780	54	2.3940037025988827
790	54	2.3854228110773192
0	55	1
10	55	1
20	55	1
30	55	1
40	55	1
50	55	1
60	55	1
70	55	1
80	55	1
90	55	1
100	55	1
110	55	1
120	55	1
130	55	1
140	55	1
150	55	1
160	55	1
170	55	1
180	55	1
190	55	1
200	55	1
210	55	1
220	55	1
230	55	1
240	55	1
250	55	1
260	55	1
270	55	1
280	55	1
290	55	1
300	55	1
310	55	1
320	55	1
330	55	1
340	55	1
350	55	1
360	55	1
370	55	1
380	55	1
390	55	1
400	55	1
410	55	1
420	55	1
430	55	1
440	55	1
450	55	1.0056814298090433
460	55	1.0068101361337347
470	55	1.008167530968595
480	55	1.0097916893998116
490	55	1.0117333547486538
500	55	1.0140566645667894
510	55	1.0168447545661992
520	55	1.0201774255335665
530	55	1.0241614581473957
540	55	1.0289272596682166
550	55	1.034618076275351
560	55	1.0414133744276322
570	55	1.0495168909855175
580	55	1.0591730458059938
590	55	1.0706636381602623
600	55	1.08431929319447
610	55	1.100522447137951
620	55	1.1197141486132591
630	55	1.142399376884538
640	55	1.1691552900641562
650	55	1.2006363618038538
660	55	1.2375844284900457
670	55	1.2808363165459917
680	55	1.3313392106497113
690	55	1.390168803247113
700	55	1.4585542008448884
710	55	1.5379020092458
720	55	1.6297961742169391
730	55	1.7358921282683932
740	55	1.8574707179695797
750	55	1.9940437799086206
760	55	2.1397747417017423
770	55	2.2765605092091246
780	55	2.357921495734739
790	55	2.2078386325641945
0	56	1
10	56	1
20	56	1
30	56	1
40	56	1
50	56	1
60	56	1
70	56	1
80	56	1
90	56	1
100	56	1
110	56	1
120	56	1
130	56	1
140	56	1
150	56	1
160	56	1
170	56	1
180	56	1
190	56	1
200	56	1
210	56	1
220	56	1
230	56	1
240	56	1
250	56	1
260	56	1
270	56	1
280	56	1
290	56	1
300	56	1
310	56	1
320	56	1
330	56	1
340	56	1
350	56	1
360	56	1
370	56	1
380	56	1
390	56	1
400	56	1
410	56	1
420	56	1
430	56	1
440	56	1
450	56	1.006703462078413
460	56	1.0080140314337545
470	56	1.0095684430543828
480	56	1.011426731359287
490	56	1.013654229091207
500	56	1.0163026396504888
510	56	1.019465447897244
520	56	1.0232349022786962
530	56	1.0277256876806913
540	56	1.0330752362096827
550	56	1.039439720561573
560	56	1.0470047005787941
570	56	1.0559905219619439
580	56	1.066651113152112
590	56	1.0792797554820845
600	56	1.0942173616918411
610	56	1.1118557050174642
620	56	1.1326412483386534
630	56	1.1570819280095501
640	56	1.1857522591803515
650	56	1.219297978582271
660	56	1.2584437179980201
670	56	1.3040009304569131
680	56	1.3568819933833134
690	56	1.4181153179553696
700	56	1.488864960435296
710	56	1.5704383669081314
720	56	1.6642428182709197
730	56	1.7715676660897373
740	56	1.8928682210539463
750	56	2.025775236889832
760	56	2.1604726877896416
770	56	2.2708494566230195
780	56	2.285179237340968
790	56	1.9535496883615657
0	57	1
10	57	1
20	57	1
30	57	1
40	57	1
50	57	1
60	57	1
70	57	1
80	57	1
90	57	1
100	57	1
110	57	1
120	57	1
130	57	1
140	57	1
150	57	1
160	57	1
170	57	1
180	57	1
190	57	1
200	57	1
210	57	1
220	57	1
230	57	1
240	57	1
250	57	1
260	57	1
270	57	1
280	57	1
290	57	1
300	57	1
310	57	1
320	57	1
330	57	1
340	57	1
350	57	1
360	57	1
370	57	1
380	57	1
390	57	1
400	57	1
410	57	1
420	57	1
430	57	1
440	57	1
450	57	1.007854031235403
460	57	1.0093611508324938
470	57	1.011145355716463
480	57	1.0132709569062124
490	57	1.0157982799633165
500	57	1.0188055998436443
510	57	1.0223775670903863
520	57	1.026617630333132
530	57	1.0316541013715181
540	57	1.037627762906154
550	57	1.0447071452663326
560	57	1.0530887567046878
570	57	1.0630024238055646
580	57	1.0747105168409503
590	57	1.0885185487099227
600	57	1.1047753440969479
610	57	1.123876826550628
620	57	1.1462727934666492
630	57	1.1724688954829334
640	57	1.2030322279262993
650	57	1.2385933310233632
660	57	1.2798545465648523
670	57	1.327596527754367
680	57	1.3826898616462338
690	57	1.4461078691416829
700	57	1.518936609928281
710	57	1.602357784551134
720	57	1.697542092538124
730	57	1.8052783686708918
740	57	1.9249032736237492
750	57	2.051584453846106
760	57	2.170468615456978
770	57	2.2443955331190666
780	57	2.165881032202398
790	57	1.6246510856591223
0	58	1
10	58	1
20	58	1
30	58	1
40	58	1
50	58	1
60	58	1
70	58	1
80	58	1
90	58	1
100	58	1
110	58	1
120	58	1
130	58	1
140	58	1
150	58	1
160	58	1
170	58	1
180	58	1
190	58	1
200	58	1
210	58	1
220	58	1
230	58	1
240	58	1
250	58	1
260	58	1
270	58	1
280	58	1
290	58	1
300	58	1
310	58	1
320	58	1
330	58	1
340	58	1
350	58	1
360	58	1
370	58	1
380	58	1
390	58	1
400	58	1
410	58	1
420	58	1
430	58	1
440	58	1
450	58	1.0091633171972738
460	58	1.010879795380965
470	58	1.0129157299988216
480	58	1.0153285367780895
490	58	1.018189089190424
500	58	1.0215814537659733
510	58	1.0255919136355625
520	58	1.0303424744279988
530	58	1.035958603430695
540	58	1.0425975098721012
550	58	1.0504332437781705
560	58	1.0596738563868087
570	58	1.070556035356943
580	58	1.0833526595145746
590	58	1.0983757341043776
600	58	1.115978571378986
610	58	1.1365608675822871
620	58	1.1605703039217528
630	58	1.1885064487900208
640	58	1.2209226087318203
650	58	1.258430739102753
660	58	1.3017048889985539
670	58	1.3514893694094468
680	58	1.4086070423520676
690	58	1.4739672450516221
700	58	1.5485608804085333
710	58	1.633407906983982
720	58	1.729361826639759
730	58	1.8365336715800185
740	58	1.9527706898395698
750	58	2.070072528725655
760	58	2.1671763948360248
770	58	2.1914533504223566
780	58	1.9916337646304394
790	58	1.233783200538604
0	59	1
10	59	1
20	59	1
30	59	1
40	59	1
50	59	1
60	59	1
70	59	1
80	59	1
90	59	1
100	59	1
110	59	1
120	59	1
130	59	1
140	59	1
150	59	1
160	59	1
170	59	1
180	59	1
190	59	1
200	59	1
210	59	1
220	59	1
230	59	1
240	59	1
250	59	1
260	59	1
270	59	1
280	59	1
290	59	1
300	59	1
310	59	1
320	59	1
330	59	1
340	59	1
350	59	1
360	59	1
370	59	1
380	59	1
390	59	1
400	59	1
410	59	1
420	59	1
430	59	1
440	59	1
450	59	1.0106313146041364
460	59	1.0125816702402322
470	59	1.0148882839261089
480	59	1.0176168273820518
490	59	1.0208385899998906
500	59	1.024641937867272
510	59	1.0291289029708446
520	59	1.0344219019560148
530	59	1.0406571199979815
540	59	1.047998755759437
550	59	1.0566307092570697
560	59	1.0667678439839772
570	59	1.078655387282344
580	59	1.0925733130016781
590	59	1.1088383920604044
600	59	1.127805945017859
610	59	1.1498744837500692
620	59	1.17548705560409
630	59	1.2051311134233555
640	59	1.2393432892066214
650	59	1.2787110836982023
660	59	1.3238760850361888
670	59	1.3755411817875665
680	59	1.4344746551872412
690	59	1.5015110242776024
700	59	1.5775239295378718
710	59	1.6633220272539397
720	59	1.759334431995376
730	59	1.864765074276137
740	59	1.9755125243238425
750	59	2.079556586589573
760	59	2.147381033902842
770	59	2.105395477166211
780	59	1.7581693664841065
790	59	0.8025935573765478
0	60	1
10	60	1
20	60	1
30	60	1
40	60	1
50	60	1
60	60	1
70	60	1
80	60	1
90	60	1
100	60	1
110	60	1
120	60	1
130	60	1
140	60	1
150	60	1
160	60	1
170	60	1
180	60	1
190	60	1
200	60	1
210	60	1
220	60	1
230	60	1
240	60	1
250	60	1
260	60	1
270	60	1
280	60	1
290	60	1
300	60	1
310	60	1
320	60	1
330	60	1
340	60	1
350	60	1
360	60	1
370	60	1
380	60	1
390	60	1
400	60	1
410	60	1
420	60	1
430	60	1
440	60	1
450	60	1.0122693885054515
460	60	1.0144801659253655
470	60	1.017078092917739
480	60	1.0201455982738952
490	60	1.0237558544434544
500	60	1.0280054289683438
510	60	1.0329990061934888
520	60	1.0388690919513413
530	60	1.0457598302860485
540	60	1.053840277595985
550	60	1.0633041090986621
560	60	1.0743734189309613
570	60	1.0872981014097096
580	60	1.1023639826071154
590	60	1.119889016167879
600	60	1.1402291625214296
610	60	1.1637779036878821
620	60	1.1909676386304648
630	60	1.2222725280204225
640	60	1.2582066488685766
650	60	1.2993291535755682
660	60	1.346244830431959
670	60	1.399609972646632
680	60	1.4601313831333143
690	60	1.5285540993375648
700	60	1.6056039549634855
710	60	1.6918129652010974
720	60	1.787044461787448
730	60	1.8893049588476045
740	60	1.9919851413775695
750	60	2.0780081239167285
760	60	2.1071573006065276
770	60	1.9795988929624944
780	60	1.4675064797567126
790	60	0.358222892944974
0	61	1.0009068079234769
10	61	1.0003816154529366
20	61	0.9993937720230658
30	61	1.001521652041799
40	61	0.9992364904349237
50	61	0.9988368172767546
60	61	0.9993364544828772
70	61	0.9985527246729597
80	61	0.999898164618865
90	61	0.9978446294006885
100	61	1.0006670519341403
110	61	1.0003393061454355
120	61	1.000628640395138
130	61	1.0007535933894678
140	61	1.000337256862544
150	61	1.0003730958297605
160	61	0.9998057501883217
170	61	1.0000073257806277
180	61	1.0000601776614249
190	61	1.0002194658606272
200	61	1.000116154465838
210	61	1.0001824737857943
220	61	1.0004245706176427
230	61	1.0004192622637276
240	61	1.0003859569325657
250	61	1.0005567521573058
260	61	1.0005765334713121
270	61	1.0008080504912473
280	61	1.000868070444608
290	61	1.0010284682443484
300	61	1.0012150724535318
310	61	1.0014082612733173
320	61	1.001676438781248
330	61	1.0019749067029304
340	61	1.0023373957932213
350	61	1.0027536082108317
360	61	1.0032429171410708
370	61	1.0038170557717414
380	61	1.0044977851641401
390	61	1.005292958631773
400	61	1.0062314537887564
410	61	1.0073387847858044
420	61	1.0086417808981658
430	61	1.0101731101001226
440	61	1.0119725942234554
450	61	1.014087742698778
460	61	1.0165765203037616
470	61	1.0194997320208419
480	61	1.0229310664591469
490	61	1.0269594624678586
500	61	1.031682573763236
510	61	1.0372185613934197
520	61	1.0436974448331169
530	61	1.0512764047547383
540	61	1.0601301562645207
550	61	1.0704589396083077
560	61	1.0824894331557595
570	61	1.096477331535299
580	61	1.1127095620091347
590	61	1.1315042700113263
600	61	1.1532132924442664
610	61	1.1782218807159452
620	61	1.2069502877754101
630	61	1.239852665725186
640	61	1.277418338097263
650	61	1.3201739997679003
660	61	1.3686838312462357
670	61	1.423552007579977
680	61	1.4854142594590896
690	61	1.5549072211053165
700	61	1.6325681222824342
710	61	1.7185648215329106
720	61	1.8120134322859769
730	61	1.9093623806382556
740	61	2.000823262507123
750	61	2.0629890152376804
760	61	2.0419398005009763
770	61	1.8088655412390384
780	61	1.128859779478638
790	61	-0.07105383574030393
0	62	1.0026396297052285
10	62	0.9981396752493519
20	62	0.9989177388008911
30	62	0.9998474115188124
40	62	0.9996873329718418
50	62	0.9985325899413365
60	62	1.0009840535228272
70	62	0.9997191876630103
80	62	0.999493565674526
90	62	1.0006315227986187
100	62	0.9992586692840149
110	62	1.0001206786413828
120	62	1.000291550905317
130	62	1.0002940185475893
140	62	1.0004357166540248
150	62	0.9999249080211506
160	62	1.0002623717726418
170	62	1.0000896869655476
180	62	1.0001503418428954
190	62	1.0001723738557782
200	62	1.0003007907474815
210	62	1.0003575025072629
220	62	1.0003811971131433
230	62	1.0005194956185957
240	62	1.0005607013681028
250	62	1.0006569540874721
260	62	1.0008209780236648
270	62	1.0008325047968027
280	62	1.001060021271102
290	62	1.0012397161440043
300	62	1.0014438727859174
310	62	1.001690630433209
320	62	1.001998464838637
330	62	1.0023523999167454
340	62	1.0027355812261212
350	62	1.003230853138671
360	62	1.0037935271623504
370	62	1.0044603872422804
380	62	1.005240373455629
390	62	1.0061564387891138
400	62	1.007230697599945
410	62	1.0084814207246715
420	62	1.009962504234802
430	62	1.0116940513124464
440	62	1.0137248803837573
450	62	1.016108549176732
460	62	1.0188963785836458
470	62	1.0221639837465273
480	62	1.0259878604314865
490	62	1.030459700603881
500	62	1.035686983004101
510	62	1.0417935956275648
520	62	1.048916576825447
530	62	1.0572146560495586
540	62	1.0668725158091292
550	62	1.078093697068081
560	62	1.0911103266311892
570	62	1.1061795841893771
580	62	1.1235884528130737
590	62	1.1436518943858927
600	62	1.166715325745824
610	62	1.1931521573644077
620	62	1.2233653636572006
630	62	1.2577878706318002
640	62	1.2968797982418252
650	62	1.3411320974667005
660	62	1.3910644193036787
670	62	1.4472222970396942
680	62	1.510158520886433
690	62	1.5803752246476783
700	62	1.658166684225768
710	62	1.7432226916026725
720	62	1.8336825990909376
730	62	1.9239972434044899
740	62	2.0004021950627915
750	62	2.0316070293424193
760	62	1.9468632013342713
770	62	1.591068824033065
780	62	0.7579469699818839
790	62	-0.4599091210728161
0	63	1.0016874783873027
10	63	1.000338363211749
20	63	0.9999756369683427
30	63	0.9991450948717608
40	63	1.0000903278676407
50	63	0.9999568952391894
60	63	1.0000263464373662
70	63	1.0001445774129392
80	63	0.9995826394556874
90	63	1.0003546746474234
100	63	0.9991514954052024
110	63	1.0003617869738104
120	63	1.000102210062595
130	63	1.0001368543571068
140	63	1.0000610240131926
150	63	1.0002470234896188
160	63	1.000223762480687
170	63	1.0001352683100408
180	63	1.0001363446833198
190	63	1.000354090075913
200	63	1.0002744263067143
210	63	1.0005128553320013
220	63	1.0004475483949784
230	63	1.000525308038565
240	63	1.0006914125252062
250	63	1.0008193719495067
260	63	1.0008484610170103
270	63	1.0010657923957353
280	63	1.0012487371786887
290	63	1.0014527956387296
300	63	1.0017305884550765
310	63	1.001982646283752
320	63	1.002368983448075
330	63	1.0027457119477614
340	63	1.0032376738394828
350	63	1.0037741307971675
360	63	1.0044240749396443
370	63	1.005189733034369
380	63	1.0060724861302641
390	63	1.0071231199279058
400	63	1.0083399655571348
410	63	1.0097626117964185
420	63	1.0114293550691051
430	63	1.0133803407323998
440	63	1.0156657880364472
450	63	1.0183291603138975
460	63	1.0214451530963449
470	63	1.0250792230177166
480	63	1.029323325241316
490	63	1.0342696290168716
500	63	1.040030907176214
510	63	1.0467358480505489
520	63	1.0545305486300651
530	63	1.0635780150276275
540	63	1.0740665171272379
550	63	1.0862048202794958
560	63	1.1002258195986152
570	63	1.1163880520621818
580	63	1.1349749291433686
590	63	1.1562965498919981
600	63	1.180687035288771
610	63	1.208506527124076
620	63	1.2401386447542373
630	63	1.2759892242932978
640	63	1.3164882547515442
650	63	1.3620870566730157
660	63	1.4132563658745387
670	63	1.47047510549192
680	63	1.5341963785833785
690	63	1.6047537861604089
700	63	1.6821263490726626
710	63	1.7653802168220314
720	63	1.851393369501309
730	63	1.9320931219792552
740	63	1.9888022630412798
750	63	1.9805347447224553
760	63	1.8174430170850464
770	63	1.328531202369849
780	63	0.3748932555611628
790	63	-0.7889851691633698
0	64	0.9993812247251131
10	64	1.0008844807411899
20	64	0.9993171154283861
30	64	0.999919195153459
40	64	1.0005400128887365
50	64	0.9992010097584662
60	64	1.0010121271927688
70	64	1.0000739356365953
80	64	0.9999202667548742
90	64	1.0006333757041508
100	64	1.000214000696096
110	64	1.0002209268711035
120	64	1.0002062206093087
130	64	1.0001422652740637
140	64	1.0001018501421783
150	64	1.0000880827022618
160	64	1.00003890783492
170	64	1.000228549066099
180	64	1.0002927610506465
190	64	1.000380674831799
200	64	1.0004028395927995
210	64	1.0005625615404288
220	64	1.0005772155847559
230	64	1.000658676109162
240	64	1.0008444602554412
250	64	1.0008597236526424
260	64	1.001083089221315
270	64	1.0012734450151366
280	64	1.001484203756413
290	64	1.0017331624659114
300	64	1.0020352590699912
310	64	1.0023623194880495
320	64	1.0027608067960994
330	64	1.0032256123538368
340	64	1.0037573701271538
350	64	1.0043975364646143
360	64	1.005135193915884
370	64	1.0059976767005836
380	64	1.007007724649009
390	64	1.008193827754927
400	64	1.0095811177591578
410	64	1.011185278168729
420	64	1.0130572578086448
430	64	1.0152486644480327
440	64	1.0177992369835211
450	64	1.0207743319071951
460	64	1.0242352841088391
470	64	1.0282646592652507
480	64	1.0329520275461153
490	64	1.0383988289701702
500	64	1.044719514655431
510	64	1.0520524909504545
520	64	1.0605458185995942
530	64	1.0703671387307323
540	64	1.0817099832249
550	64	1.094782844530814
560	64	1.1098203389607049
570	64	1.1270783228125638
580	64	1.1468356369343045
590	64	1.1693936488775787
600	64	1.195073913821514
610	64	1.2242192351653263
620	64	1.2571898061973394
630	64	1.2943647629236497
640	64	1.336139075543558
650	64	1.3829217756633008
660	64	1.435129380607395
670	64	1.4931635699641999
680	64	1.5573557196189638
690	64	1.6278246827352174
700	64	1.7041417313845895
710	64	1.784565587363679
720	64	1.8643663531636712
730	64	1.9323307832223626
740	64	1.9637859282132648
750	64	1.9061531233591398
760	64	1.650551045261657
770	64	1.0286524513372655
780	64	0.0013332296602570166
790	64	-1.0465083436331446
0	65	1.0010733943791574
10	65	0.9995260413661871
20	65	0.9993019338892709
30	65	1.0010018487388928
40	65	1.0001614697788435
50	65	0.9989282992806582
60	65	1.0002823930468465
70	65	1.0005175573137177
80	65	0.9998550375404975
90	65	0.999937982571481
100	65	0.9997988681629748
110	65	0.9997388049091014
120	65	1.000361299611216
130	65	1.0000753377346672
140	65	1.0001878019430084
150	65	1.0003596361084328
160	65	1.0003306831042336
170	65	1.0002817264294905
180	65	1.0003048183681398
190	65	1.0005435819042698
200	65	1.0005553140828294
210	65	1.0006401076242823
220	65	1.0006874886037203
230	65	1.0007551729004722
240	65	1.0009180962855266
250	65	1.0010838569367773
260	65	1.0012837946528257
270	65	1.0014891748340489
280	65	1.0017527306424034
290	65	1.0020094622854252
300	65	1.0023607766540765
310	65	1.0027679726746972
320	65	1.0032212948494406
330	65	1.0037522621909574
340	65	1.0043645524745897
350	65	1.0050921722626545
360	65	1.0059398720287969
370	65	1.006917830053293
380	65	1.0080678396735974
390	65	1.0094015727632517
400	65	1.0109425166690427
410	65	1.012756947627327
420	65	1.014857814917072
430	65	1.0173014612444025
440	65	1.020141356956164
450	65	1.0234434215635009
460	65	1.0272762106503124
470	65	1.0317253062417633
480	65	1.036880337329388
490	65	1.0428536185230899
500	65	1.0497627171445945
510	65	1.05774826077043
520	65	1.0669641767418425
530	65	1.0775825198386426
540	65	1.0897964489436753
550	65	1.1038155396875602
560	65	1.1198742269715725
570	65	1.138223155614902
580	65	1.1591340282331521
590	65	1.1828961820238684
600	65	1.2098168265354594
610	65	1.2402181891556094
620	65	1.2744362202239228
630	65	1.3128194193881166
640	65	1.3557234392721387
650	65	1.4035188716714246
660	65	1.456552934748496
670	65	1.515138799557834
680	65	1.5794563831734265
690	65	1.6493502357137042
700	65	1.7238649781339765
710	65	1.8002251900747552
720	65	1.8716801436261192
730	65	1.923165193498006
740	65	1.9228068467007162
750	65	1.8048802352100124
760	65	1.4454918575041644
770	65	0.7035258243325833
780	65	-0.34256166558951245
790	65	-1.2285142960714661
0	66	0.9999847337900342
10	66	0.9996306353982922
20	66	1.0010736381385632
30	66	0.9996399139813879
40	66	1.0007590674387647
50	66	1.0000360637755914
60	66	1.0004020603169688
70	66	1.0000944489034913
80	66	1.0002976762899716
90	66	0.9999018823420649
100	66	0.9999432396081783
110	66	0.9998313618624856
120	66	1.0000862228054765
130	66	1.0000632570048194
140	66	1.0001168630588557
150	66	1.0001357452038686
160	66	1.0002848700386555
170	66	1.0004995375187251
180	66	1.0004622496053037
190	66	1.00053275434955
200	66	1.000559661588533
210	66	1.0006755802991452
220	66	1.0007633040494344
230	66	1.0009519585065643
240	66	1.001154366166937
250	66	1.0012934203169708
260	66	1.0014920821693347
270	66	1.0017745713857664
280	66	1.002061022709193
290	66	1.0023723474933415
300	66	1.0027695764974403
310	66	1.0032064021621774
320	66	1.0037268381326214
330	66	1.0043391340431185
340	66	1.0050422565903776
350	66	1.0058677218161318
360	66	1.0068228316442096
370	66	1.0079372006686456
380	66	1.0092273599965371
390	66	1.0107228086709652
400	66	1.0124664708870097
410	66	1.0144896074091325
420	66	1.016829231505291
430	66	1.0195517664850413
440	66	1.022703192263663
450	66	1.026353397741637
460	66	1.0305792496431854
470	66	1.0354681719064611
480	66	1.0411183228801584
490	66	1.0476408763289238
500	66	1.0551630282087534
510	66	1.0638244488226838
520	66	1.0737838365958516
530	66	1.0852156073278607
540	66	1.0983130882311813
550	66	1.1132852597249583
560	66	1.1303620127139407
570	66	1.1497882454838269
580	66	1.1718253004014598
590	66	1.1967497028233893
600	66	1.2248510363681455
610	66	1.2564283259310756
620	66	1.291791952019122
630	66	1.3312570635890724
640	66	1.3751425631264977
650	66	1.4237611572902433
660	66	1.4773963303000592
670	66	1.536248407507951
680	66	1.6003072507476097
690	66	1.6690659168288737
700	66	1.740893942748407
710	66	1.8117067846280654
720	66	1.872250845729098
730	66	1.9028122372172216
740	66	1.8624798208129
750	66	1.6737081298038892
760	66	1.2048833957448173
770	66	0.36859557711080254
780	66	-0.6405167501085408
790	66	-1.3379439305444711
0	67	1.0002725691591006
10	67	1.0000619260020913
20	67	0.9993717242219734
30	67	1.000145839562185
40	67	0.9996227064795803
50	67	0.9999009651825665
60	67	0.9994836387592838
70	67	1.0001494138122649
80	67	1.0002506094137984
90	67	0.9997622006308853
100	67	0.9998214077714255
110	67	1.0002511511824468
120	67	1.000337474124881
130	67	1.000297096431542
140	67	1.000408694387608
150	67	1.000434005817459
160	67	1.000401523136973
170	67	1.0005296148078626
180	67	1.0006180035799817
190	67	1.0006250305041655
200	67	1.0006906772888675
210	67	1.0008309642954687
220	67	1.0009113298883352
230	67	1.00116607179774
240	67	1.0013154978477112
250	67	1.0015039477731145
260	67	1.001747111817917
270	67	1.002070160414594
280	67	1.0023854031798567
290	67	1.0027409980340538
300	67	1.003209331632018
310	67	1.0037055860185682
320	67	1.0043092463829608
330	67	1.005001252206191
340	67	1.005808470395102
350	67	1.0067326852800893
360	67	1.0078150875984702
370	67	1.0090693506569859
380	67	1.0105200767988047
390	67	1.0121940006860775
400	67	1.014138924101784
410	67	1.0163889639722168
420	67	1.0189941415222026
430	67	1.0220057556147994
440	67	1.0254891747584578
450	67	1.0295106002927175
460	67	1.0341525699977547
470	67	1.0395045133640637
480	67	1.0456719145685376
490	67	1.0527686719678677
500	67	1.0609234975547444
510	67	1.0702812594205018
520	67	1.0810010316189336
530	67	1.0932591937954548
540	67	1.107246058906795
550	67	1.123170401660189
560	67	1.1412545441560793
570	67	1.1617351448900979
580	67	1.1848628110706951
590	67	1.2108973939463141
600	67	1.2401083972652653
610	67	1.2727720686476558
620	67	1.3091689539540154
630	67	1.34958068122771
640	67	1.3942831308547414
650	67	1.4435317509327492
660	67	1.49752710425348
670	67	1.5563334931282704
680	67	1.619700291363268
690	67	1.6866716334576233
700	67	1.7547592055276287
710	67	1.8182423784372603
720	67	1.8648270937043332
730	67	1.8692552180354973
740	67	1.7817666265609884
750	67	1.5109001678014116
760	67	0.9350466630539007
770	67	0.040682474672032926
780	67	-0.8816800182752894
790	67	-1.382993133544519
0	68	1.000869837125272
10	68	1.000212023059941
20	68	0.99974016194613
30	68	1.0000966177191928
40	68	1.0000113264480845
50	68	0.9999283063867522
60	68	0.9999589842772253
70	68	1.0002298581450342
80	68	1.000490917105778
90	68	1.0002108952147581
100	68	1.0002195415992974
110	68	1.00032097997359
120	68	1.0003654636555293
130	68	1.0003252652543255
140	68	1.0002890809435856
150	68	1.0003652383356127
160	68	1.0004629154961562
170	68	1.0004486197633813
180	68	1.0006269499334641
190	68	1.0007495828818045
200	68	1.0008189221920418
210	68	1.0010246500339275
220	68	1.0011641012955643
230	68	1.0013310141526952
240	68	1.0015283047333101
250	68	1.0017837529340763
260	68	1.0020668377142028
270	68	1.0023707138942761
280	68	1.0027687795498041
290	68	1.00318830373934
300	68	1.0037094089827396
310	68	1.0042917057781178
320	68	1.0049570011312705
330	68	1.005749082468145
340	68	1.006653862967022
350	68	1.007702244714359
360	68	1.0089161334853411
370	68	1.0103210364531174
380	68	1.011939300374726
390	68	1.0138084358352293
400	68	1.0159735357379156
410	68	1.0184694847436366
420	68	1.0213515792544647
430	68	1.0246774500192866
440	68	1.0285090840406739
450	68	1.0329237506233937
460	68	1.0380019021975118
470	68	1.0438417423487785
480	68	1.0505468622341718
490	68	1.0582367054547914
500	68	1.0670441586667119
510	68	1.077113765738934
520	68	1.0886070139275745
530	68	1.101697713815744
540	68	1.1165763330676193
550	68	1.133443965494517
560	68	1.1525169880785322
570	68	1.174022024568923
580	68	1.198194179409334
590	68	1.2252771721996298
600	68	1.2555185540461586
610	68	1.2891694038453785
620	68	1.3264797267543176
630	68	1.3676941924132695
640	68	1.4130421508317967
650	68	1.4627141059208648
660	68	1.5168101998645267
670	68	1.575225829307543
680	68	1.6374052282936185
690	68	1.7018221324219622
700	68	1.76490978705521
710	68	1.8189315392346428
720	68	1.847922404725257
730	68	1.8202876633993463
740	68	1.67624811107345
750	68	1.316715291795417
760	68	0.645728829047239
770	68	-0.26416129012101397
780	68	-1.0611357915699258
790	68	-1.3751288732959952
0	69	1.0003984589232473
10	69	0.9998809150798438
20	69	0.9993521974391114
30	69	1.0001292265051467
40	69	0.999834291082133
50	69	0.9997771695861424
60	69	0.9997014738135315
70	69	1.0001423137340333
80	69	1.0000105999346578
90	69	0.9999766909255119
100	69	1.000161945549261
110	69	1.0003255466605012
120	69	1.0003879759455128
130	69	1.0003117221979836
140	69	1.000391538607731
150	69	1.0004360599263724
160	69	1.0006052440761728
170	69	1.0006514859941587
180	69	1.000839856186006
190	69	1.0008471392587461
200	69	1.0010003863094863
210	69	1.001184080341169
220	69	1.0013116003578364
230	69	1.0015528484605665
240	69	1.0017936424071927
250	69	1.0020784709773374
260	69	1.0023843781016837
270	69	1.0027415370920745
280	69	1.003193659042028
290	69	1.0036764590436626
300	69	1.0042688767086407
310	69	1.0049290121013787
320	69	1.005688251971644
330	69	1.006572888208464
340	69	1.0075900873593149
350	69	1.0087647745216781
360	69	1.0101261452202626
370	69	1.0116905762888075
380	69	1.0134934977891787
390	69	1.0155820121849608
400	69	1.0179783658363954
410	69	1.0207415208093396
420	69	1.0239184386173412
430	69	1.0275725595651564
440	69	1.0317753261263856
450	69	1.0365995095980438
460	69	1.0421364294450233
470	69	1.0484823891443087
480	69	1.0557449044417093
490	69	1.0640470392469672
500	69	1.0735218438587768
510	69	1.0843166316197028
520	69	1.096590902439616
530	69	1.1105162951334973
540	69	1.1262798190492778
550	69	1.1440757974819447
560	69	1.1641116243052596
570	69	1.1866011577278068
580	69	1.2117643673785226
590	69	1.2398252605027738
600	69	1.2710089845628105
610	69	1.3055397381489857
620	69	1.3436356338803075
630	69	1.385501816613817
640	69	1.4313153081400014
650	69	1.4811903668216149
660	69	1.5351049845323974
670	69	1.5927426505585118
680	69	1.6531614171781748
690	69	1.7141156397769601
700	69	1.7706991040897018
710	69	1.812728553939071
720	69	1.8199362201243472
730	69	1.7536129994488676
740	69	1.5445804355139967
750	69	1.0939726789104058
760	69	0.34917098386052736
770	69	-0.5325265810698152
780	69	-1.1795133962516315
790	69	-1.3271433709765132
0	70	1.0001108068067557
10	70	1.0000437186080195
20	70	0.9996639101411252
30	70	1.0002247970095268
40	70	1.0003179745564055
50	70	0.9999046087964372
60	70	0.9995952907980258
70	70	1.0000682788134716
80	70	0.9998685785607621
90	70	1.0001786188339135
100	70	1.0001751322270693
110	70	1.0003282929965271
120	70	1.000299198972712
130	70	1.0004433410045401
140	70	1.000637715657438
150	70	1.000580847767224
160	70	1.0006740204181375
170	70	1.000705208094347
180	70	1.0007947154762722
190	70	1.0010796207426773
200	70	1.0011787806798587
210	70	1.0013330698724208
220	70	1.001565986107755
230	70	1.0017772489432277
240	70	1.0020999115059297
250	70	1.0024037499244227
260	70	1.0027697767916572
270	70	1.0031886773812748
280	70	1.0036623082552414
290	70	1.0042332542365833
300	70	1.0048939544942475
310	70	1.0056419435282735
320	70	1.0064937530325293
330	70	1.0074858807603515
340	70	1.0086340017982105
350	70	1.0099485714572147
360	70	1.0114578797701996
370	70	1.0132043637162644
380	70	1.015204327272738
390	70	1.017511812037853
400	70	1.020161304786751
410	70	1.0232006418356026
420	70	1.0266935646739035
430	70	1.0306979580359161
440	70	1.0352891537986293
450	70	1.040545951633224
460	70	1.046560508273565
470	70	1.0534308390906826
480	70	1.0612680460458805
490	70	1.070196547962188
500	70	1.0803513585541935
510	70	1.0918785762479972
520	70	1.1049368089569087
530	70	1.1196935770363636
540	70	1.1363290924693004
550	70	1.1550313071655036
560	70	1.1759960879854057
570	70	1.1994224403694007
580	70	1.2255143896512297
590	70	1.2544750113659184
600	70	1.2865061226047463
610	70	1.3218028603687357
620	70	1.3605497692172288
630	70	1.4029092222652124
640	70	1.4489981751944325
650	70	1.4988403263910148
660	70	1.5522627541886023
670	70	1.608682120972632
680	70	1.6666700295562786
690	70	1.7230826415426221
700	70	1.7713713356682925
710	70	1.7984343180996487
720	70	1.7790647601600154
730	70	1.6670218227978386
740	70	1.3864307165312668
750	70	0.848268217381032
760	70	0.05871104022823679
770	70	-0.7549400394480625
780	70	-1.2419334027883318
790	70	-1.251527141539501
0	71	0.9998972638921235
10	71	0.999897204191377
20	71	0.9999872498692026
30	71	1.0002190014298074
40	71	0.9999469635660664
50	71	1.0002195674069747
60	71	1.0003256645825036
70	71	0.999957249788822
80	71	1.0001263671588612
90	71	1.000249224119395
100	71	1.000271870365856
110	71	1.0002984819255778
120	71	1.000458295279388
130	71	1.0004861595389032
140	71	1.0005477392774096
150	71	1.0006846314439661
160	71	1.0008112587307587
170	71	1.0008911979708457
180	71	1.0009672911470462
190	71	1.0012041596542234
200	71	1.0013359582612906
210	71	1.001594986422689
220	71	1.0018127434506527
230	71	1.0020703205419035
240	71	1.0023987443002702
250	71	1.0027522878647173
260	71	1.0031756331981039
270	71	1.0036449479732898
280	71	1.0042101599912843
290	71	1.0048506140532194
300	71	1.005582327723276
310	71	1.006428375498467
320	71	1.0073863833909307
330	71	1.0085001297441134
340	71	1.0097707469644555
350	71	1.0112370859043942
360	71	1.012922571851576
370	71	1.0148514542141407
380	71	1.0170696572871385
390	71	1.0196127096197798
400	71	1.0225285106401452
410	71	1.0258661692256275
420	71	1.0296890032069443
430	71	1.0340632703926087
440	71	1.03906094712014
450	71	1.0447675204064089
460	71	1.0512743975689203
470	71	1.0586853491197008
480	71	1.0671130193229343
490	71	1.0766815087966417
500	71	1.0875248690153152
510	71	1.0997883839473424
520	71	1.1136270875909668
530	71	1.1292052685472005
540	71	1.1466943224220985
550	71	1.1662735288047925
560	71	1.1881244456290865
570	71	1.2124331368029033
580	71	1.2393843433936556
590	71	1.2691596134303718
600	71	1.3019356043890136
610	71	1.3378783028807517
620	71	1.3771359528037548
630	71	1.4198225541521585
640	71	1.4659859698895654
650	71	1.51553960491287
660	71	1.5685713103351118
670	71	1.6228167486004108
680	71	1.6775847230569385
690	71	1.7281734549827275
700	71	1.7660505768911647
710	71	1.7746992861257924
720	71	1.7234221410103199
730	71	1.558657311397216
740	71	1.2013785454924704
750	71	0.5877337597690485
760	71	-0.21278075651914233
770	71	-0.9264383667937863
780	71	-1.2565912754526793
790	71	-1.1593211205330871
0	72	1.0004961558478078
10	72	1.0002433414450642
20	72	0.999943377814261
30	72	1.0000809106887
40	72	1.0004123653720836
50	72	1.0001421099006595
60	72	1.000064779619816
70	72	1.0003189450778696
80	72	1.0003389543788574
90	72	1.0003514768781738
100	72	1.0003785081557073
110	72	1.0004223229083578
120	72	1.0005688719064694
130	72	1.0006823360826185
140	72	1.0007214642274564
150	72	1.000836269697202
160	72	1.0009008434565851
170	72	1.0011141646813875
180	72	1.001227633228674
190	72	1.0013103320174872
200	72	1.0015845567334851
210	72	1.0018316692533833
220	72	1.0021040633148346
230	72	1.0023931863860964
240	72	1.0027698939647087
250	72	1.0031713439528012
260	72	1.003648496736521
270	72	1.0041922873633653
280	72	1.0048201662252458
290	72	1.0055150047606476
300	72	1.006348372484925
310	72	1.0072949523032244
320	72	1.0083702524349605
330	72	1.0096049076962867
340	72	1.0110276815625963
350	72	1.0126534612519769
360	72	1.0145221694341833
370	72	1.016651687948299
380	72	1.0191001280905831
390	72	1.0218920484947385
400	72	1.0250887106059403
410	72	1.028742774850483
420	72	1.032913849059339
430	72	1.03767016079847
440	72	1.0430940828060054
450	72	1.0492656588759348
460	72	1.0562819597672628
470	72	1.0642489986810533
480	72	1.073277687590654
490	72	1.0834939133410577
500	72	1.0950304032938734
510	72	1.1080285415213493
520	72	1.122640702816802
530	72	1.1390236881331026
540	72	1.157340908890656
550	72	1.1777597318254889
560	72	1.2004494019928775
570	72	1.2255782300137246
580	72	1.2533120296905913
590	72	1.283810597240297
600	72	1.317224069550583
610	72	1.3536873852042484
620	72	1.3933091114362228
630	72	1.4361489047302214
640	72	1.4821718118028804
650	72	1.531156103828525
660	72	1.5825064084235356
670	72	1.6348860812246049
680	72	1.6855016758806758
690	72	1.728747465803225
700	72	1.7537338872974244
710	72	1.74004131378799
720	72	1.6511403389630637
730	72	1.4273578157327504
740	72	0.9936695419744258
750	72	0.3223413366055795
760	72	-0.45432500618317345
770	72	-1.0464502027108598
780	72	-1.2332705304058913
790	72	-1.0594849384527913
0	73	1.0003146280791637
10	73	1.0001607033711948
20	73	0.9999366819266126
30	73	1.0001418229108638
40	73	1.0000465496138395
50	73	1.0002873643650185
60	73	1.0002346445942996
70	73	1.0002676134866761
80	73	1.0003084106768552
90	73	1.0003305438547485
100	73	1.0004384014850822
110	73	1.0004957086569255
120	73	1.0006132767048286
130	73	1.0006974545647114
140	73	1.0007809012690265
150	73	1.0008201407721813
160	73	1.0011118317584053
170	73	1.0011971359567684
180	73	1.001352788505912
190	73	1.001589065049528
200	73	1.00184146904686
210	73	1.0020954400594124
220	73	1.0024128605743359
230	73	1.0027700101148698
240	73	1.0031791500061138
250	73	1.0036308030254666
260	73	1.0041538436468531
270	73	1.0047858250672446
280	73	1.0054854684811476
290	73	1.0062760222564826
300	73	1.0071988834388073
310	73	1.008250335682175
320	73	1.0094547661837638
330	73	1.0108325022974574
340	73	1.0123988347005541
350	73	1.0142009712975442
360	73	1.0162624272242613
370	73	1.0186086650996904
380	73	1.02129148876179
390	73	1.024357549049531
400	73	1.0278514409517958
410	73	1.0318342262846953
420	73	1.0363679225222202
430	73	1.0415271020709251
440	73	1.0473892630912875
450	73	1.054042561163857
460	73	1.0615834087374496
470	73	1.0701154810611406
480	73	1.079755871275779
490	73	1.0906239499300858
500	73	1.1028525489568224
510	73	1.1165804708911609
520	73	1.1319523895571064
530	73	1.1491178694975568
540	73	1.1682312493341873
550	73	1.1894473245133992
560	73	1.2129200081111566
570	73	1.238800913905149
580	73	1.2672355308042251
590	73	1.2983604703300617
600	73	1.3322988907196838
610	73	1.369152410435901
620	73	1.4089856864514687
630	73	1.451794593262791
640	73	1.4974448854293305
650	73	1.5455474876665898
660	73	1.595214696621269
670	73	1.6445891771264007
680	73	1.689949589461211
690	73	1.7247627978986462
700	73	1.7332920964291558
710	73	1.6928876420370673
720	73	1.560539662147111
730	73	1.273034815216742
740	73	0.7679189041187146
750	73	0.06287443238232902
760	73	-0.6578741223561153
770	73	-1.1181310760120011
780	73	-1.1820209156981147
790	73	-0.9587182362407001
0	74	1.0001229722480012
10	74	1.0002747002151742
20	74	0.9998752499528601
30	74	1.0000483773105384
40	74	1.000095961038586
50	74	1.0000368219943923
60	74	1.0003192628903876
70	74	1.0002777492488941
80	74	1.000398078608939
90	74	1.0005378235179585
100	74	1.0005998992667102
110	74	1.0005664568960677
120	74	1.0006237197094876
130	74	1.0007017233255642
140	74	1.0009376434682913
150	74	1.0010856896225067
160	74	1.0012052809376721
170	74	1.0014122278801019
180	74	1.0016059759378357
190	74	1.0018632972329111
200	74	1.0020816364036618
210	74	1.0024432130615186
220	74	1.002769421489377
230	74	1.0031385324215893
240	74	1.003623140948934
250	74	1.0041492934202245
260	74	1.0047514139037066
270	74	1.005428693728915
280	74	1.0062173941564059
290	74	1.0071076063568203
300	74	1.0081302004486283
310	74	1.0093017014772019
320	74	1.0106371272922743
330	74	1.0121617303672192
340	74	1.013901239807811
350	74	1.0158827711683134
360	74	1.0181483197085752
370	74	1.0207260741833524
380	74	1.0236679574332517
390	74	1.0270140156369225
400	74	1.0308179818187535
410	74	1.0351453567894953
420	74	1.0400592316354145
430	74	1.0456358059097057
440	74	1.0519516695400626
450	74	1.0590981138993756
460	74	1.0671738183429413
470	74	1.0762820331343825
480	74	1.0865367306547469
490	74	1.0980590435353723
500	74	1.1109759137411095
510	74	1.1254221298037592
520	74	1.141534124189566
530	74	1.159454663185792
540	74	1.1793259557231912
550	74	1.2012893571208372
560	74	1.225484346088201
570	74	1.25204355494077
580	74	1.2810917940315516
590	74	1.3127420656864204
600	74	1.347088759796408
610	74	1.3841974068565313
620	74	1.4240821833626895
630	74	1.4654053386885728
640	74	1.5116881081791231
650	74	1.5585565432518547
660	74	1.606019015250914
670	74	1.6515761282851118
680	74	1.690380157513918
690	74	1.7132720147483718
700	74	1.7034820044911745
710	74	1.631648756856673
720	74	1.4503589882925192
730	74	1.0970152708494114
740	74	0.5310815853691522
750	74	-0.1802354256111114
760	74	-0.8188435831318136
770	74	-1.1473606524796112
780	74	-1.1121518248933646
790	74	-0.8616119970733661
0	75	1.0002103702767686
10	75	1.0000180996820933
20	75	0.9999400472051291
30	75	1.0002121211659893
40	75	1.0002782572888222
50	75	1.0003556689667168
60	75	1.0002466476430185
70	75	1.0003381036182917
80	75	1.0005226672006453
90	75	1.0005960833645595
100	75	1.0006254773241998
110	75	1.0006448087338657
120	75	1.0007075446323772
130	75	1.00097098936233
140	75	1.0011041273046948
150	75	1.0012248127612444
160	75	1.0014480749404324
170	75	1.0016095521771777
180	75	1.0018312968812064
190	75	1.0021116823633613
200	75	1.002417965318197
210	75	1.0027710952880777
220	75	1.003151913622395
230	75	1.0035989405843688
240	75	1.0041194647298386
250	75	1.0047094622027286
260	75	1.0053977177616196
270	75	1.006147831694482
280	75	1.0070397288682067
290	75	1.0080289227642052
300	75	1.0091573388858972
310	75	1.010455076358336
320	75	1.0119291739002136
330	75	1.0136133649544596
340	75	1.0155292682123547
350	75	1.0177058977959983
360	75	1.020192391357199
370	75	1.0230139811639072
380	75	1.0262191705271488
390	75	1.0298631891696075
400	75	1.0339982463614508
410	75	1.038686044362587
420	75	1.043993358783497
430	75	1.0499953398190989
440	75	1.056779593460397
450	75	1.0644315691594104
460	75	1.0730496480628038
470	75	1.0827395313902692
480	75	1.0936121560430665
490	75	1.1057830763735264
500	75	1.1193795679269383
510	75	1.1345268151418897
520	75	1.1513553666496257
530	75	1.1699969466710565
540	75	1.1905821989198297
550	75	1.2132390356959275
560	75	1.2380896930767014
570	75	1.265248475935701
580	75	1.2948193930621086
590	75	1.3268896971469717
600	75	1.3615239163746657
610	75	1.398746922098546
620	75	1.4385153288957384
630	75	1.48065990238234
640	75	1.524774809894785
650	75	1.570006716429478
660	75	1.6146560393083105
670	75	1.6554392460012068
680	75	1.686159375141256
690	75	1.6954184553436666
700	75	1.6629746916399653
710	75	1.5548326537675017
720	75	1.320029706228918
730	75	0.9022618161775456
740	75	0.29146373418365945
750	75	-0.3979895785691531
760	75	-0.936123156531074
770	75	-1.1416224263111479
780	75	-1.0315987933450994
790	75	-0.7709906983548193
0	76	1.0001708895736972
10	76	1.000224237532827
20	76	0.9997282582980276
30	76	1.0002846911970535
40	76	1.0001857263055351
50	76	1.000270647747469
60	76	1.0004230767542461
70	76	1.0004397207378324
80	76	1.0004153936842328
90	76	1.0006525061938785
100	76	1.0007096276558844
110	76	1.0007634283359372
120	76	1.0009282021552868
130	76	1.0011355242926563
140	76	1.0012018885055107
150	76	1.001383296562747
160	76	1.0015992170553896
170	76	1.0018388161072909
180	76	1.0021191114939823
190	76	1.0024016073570405
200	76	1.00274487438505
210	76	1.003172398845789
220	76	1.0036052850897048
230	76	1.0041254565832882
240	76	1.0046879228109487
250	76	1.0053456381752142
260	76	1.0060997705200097
270	76	1.0069384683852554
280	76	1.0079208981540744
290	76	1.0090162439943062
300	76	1.0102866483170245
310	76	1.0117076219102716
320	76	1.0133391376947298
330	76	1.0151890371808165
340	76	1.0172925774998367
350	76	1.0196832036070531
360	76	1.0223978390066295
370	76	1.0254705088208524
380	76	1.0289651276098477
390	76	1.032918110740298
400	76	1.0373916579794986
410	76	1.0424525483081313
420	76	1.048165734756129
430	76	1.0546130052752736
440	76	1.0618727339241973
450	76	1.070038402099437
460	76	1.0792059739342585
470	76	1.0894782787411659
480	76	1.1009653652727325
490	76	1.1137797162074556
500	76	1.1280402436945374
510	76	1.1438677128697587
520	76	1.1613826869535848
530	76	1.1807068335921784
540	76	1.2019572647336305
550	76	1.225247386873925
560	76	1.250682689029378
570	76	1.278358562634113
580	76	1.308356503357855
590	76	1.3407388877914277
600	76	1.375535791792043
610	76	1.412726906039644
620	76	1.4522000766738505
630	76	1.4936763128414852
640	76	1.5365653890292497
650	76	1.579696644199605
660	76	1.6208201334587802
670	76	1.6557049367793135
680	76	1.6759708526136428
690	76	1.6699237331043735
700	76	1.6104069046904639
710	76	1.461202876882543
720	76	1.169956761095306
730	76	0.6933939181978677
740	76	0.057937070227617744
750	76	-0.5836416786919946
760	76	-1.0116535701891636
770	76	-1.108954555233394
780	76	-0.9466419028073243
790	76	-0.6883239831187857
0	77	1.0001605689656101
10	77	1.0003212805323727
20	77	0.9996009603509537
30	77	1.000299324126483
40	77	1.0003015036345324
50	77	1.0004294601152455
60	77	1.0005051912040066
70	77	1.00037600993311
80	77	1.0006613931434363
90	77	1.0006684340817154
100	77	1.0008007108106092
110	77	1.0010312139113506
120	77	1.0011028937662256
130	77	1.0012407913623818
140	77	1.0013748756185998
150	77	1.001615514883219
160	77	1.0018431016012965
170	77	1.00214345247165
180	77	1.002425558828047
190	77	1.0027557044285014
200	77	1.0031710776115472
210	77	1.0036026217393217
220	77	1.004084697298514
230	77	1.0046624657644552
240	77	1.005299179818769
250	77	1.0060304285249333
260	77	1.006868409297065
270	77	1.0078077180114033
280	77	1.0088881042283528
290	77	1.0101205677298457
300	77	1.0115001463045998
310	77	1.0130806306198852
320	77	1.014869607986345
330	77	1.01690035206851
340	77	1.0192052624082213
350	77	1.0218126156394254
360	77	1.0247682159952498
370	77	1.028114749540981
380	77	1.0319012580078373
390	77	1.0361777694466328
400	77	1.0410066833471756
410	77	1.0464504753803947
420	77	1.0525834163748322
430	77	1.0594817601349529
440	77	1.067227461093474
450	77	1.075912200355378
460	77	1.0856315261880554
470	77	1.096486304766004
480	77	1.1085814407707857
490	77	1.1220272012969537
500	77	1.1369338273660288
510	77	1.1534146790598758
520	77	1.1715815094962665
530	77	1.1915438537638712
540	77	1.2134056410222251
550	77	1.2372646681332364
560	77	1.2632099012788414
570	77	1.291316663878189
580	77	1.3216444449222573
590	77	1.354226665241808
600	77	1.38905738634728
610	77	1.426062664007245
620	77	1.465048295363676
630	77	1.5056008507611587
640	77	1.5469031127360235
650	77	1.5867975780315227
660	77	1.6241558720292975
670	77	1.6518263822311063
680	77	1.660771734591315
690	77	1.6342225115563196
700	77	1.5444600610219754
710	77	1.3499755083395857
720	77	1.0017530353184771
730	77	0.4764676979449086
740	77	-0.16094497531903126
750	77	-0.7331494155859944
760	77	-1.049712354672297
770	77	-1.0571025722435543
780	77	-0.8619021356389288
790	77	-0.6141225396896448
0	78	1.000256957717575
10	78	1.0002369522424317
20	78	0.9996926205873301
30	78	1.0003442711444295
40	78	1.0003718786514446
50	78	1.0004507031550116
60	78	1.0004910853366036
70	78	1.0005250414892461
80	78	1.0006215056092973
90	78	1.0008338066371862
100	78	1.0009586019560663
110	78	1.0010707745136695
120	78	1.0012416809173177
130	78	1.001424149933693
140	78	1.001592464949911
150	78	1.0018434090931803
160	78	1.0021243651335723
170	78	1.0023731920712005
180	78	1.002735295042816
190	78	1.0031540861481587
200	78	1.0035701983634264
210	78	1.0040395288274444
220	78	1.0046099296470836
230	78	1.0052724211665143
240	78	1.005967543947835
250	78	1.0067895764533654
260	78	1.007715444837382
270	78	1.0087704829365152
280	78	1.00995208526622
290	78	1.0113066335238134
300	78	1.0128328529657689
310	78	1.0145588568579276
320	78	1.0165292368216783
330	78	1.0187452677271793
340	78	1.0212611440559314
350	78	1.0241049861342415
360	78	1.027315265211158
370	78	1.0309417521847801
380	78	1.0350313902767243
390	78	1.039646141146769
400	78	1.0448417902482117
410	78	1.0506817779506084
420	78	1.057242274499804
430	78	1.064600527954873
440	78	1.0728386581024527
450	78	1.082046537339427
460	78	1.092317460427281
470	78	1.1037488466941565
480	78	1.1164425003310423
490	78	1.130502054777408
500	78	1.14603127772195
510	78	1.1631356960553874
520	78	1.1819149170422116
530	78	1.2024666676453126
540	78	1.2248816353316634
550	78	1.2492418296929622
560	78	1.275618757295971
570	78	1.3040680404309684
580	78	1.3346247300508727
590	78	1.3672921215143894
600	78	1.4020219702252361
610	78	1.4386781981280212
620	78	1.4769665961260305
630	78	1.5163091894816547
640	78	1.5556094764273347
650	78	1.5928310625603361
660	78	1.624250819054426
670	78	1.6431781559816254
680	78	1.6378818685920185
690	78	1.5885662346962264
700	78	1.4639718951104816
710	78	1.2210371473394421
720	78	0.8183663586703305
730	78	0.25852512873407274
740	78	-0.35777490183071803
750	78	-0.845236456801753
760	78	-1.0560714702828182
770	78	-0.9929371234638872
780	78	-0.7805205191194111
790	78	-0.5482713476432419
0	79	1.000263459579144
10	79	1.0001869748926577
20	79	0.999524808194854
30	79	1.000400696699025
40	79	1.0004037255484195
50	79	1.000518180399456
60	79	1.0005958511304165
70	79	1.0007204453884544
80	79	1.0007950717288001
90	79	1.0009292588349665
100	79	1.001066209947767
110	79	1.0012077140284397
120	79	1.0014304919132262
130	79	1.0016112716063743
140	79	1.0018364709609333
150	79	1.0021753420140647
160	79	1.00240856542277
170	79	1.0027760015343894
180	79	1.0031244963980879
190	79	1.0035631323263847
200	79	1.0040457852610893
210	79	1.0045928370247101
220	79	1.0052288711710824
230	79	1.0059195988798653
240	79	1.006710617332353
250	79	1.0076246057025011
260	79	1.008638683928672
270	79	1.0098010112839817
280	79	1.0111109529283413
290	79	1.0125924065457197
300	79	1.0142755211826933
310	79	1.0161703426141162
320	79	1.0183137269006717
330	79	1.0207351663109785
340	79	1.0234724616238338
350	79	1.0265564389272166
360	79	1.0300380776946525
370	79	1.0339546306245448
380	79	1.0383659987570812
390	79	1.0433260079186317
400	79	1.0488969821099599
410	79	1.0551451566508423
420	79	1.0621412499493281
430	79	1.0699646029532024
440	79	1.0787000799993716
450	79	1.0884303126050716
460	79	1.0992490701071647
470	79	1.1112491174958499
480	79	1.1245269964974056
490	79	1.1391802489049507
500	79	1.1553051644220433
510	79	1.1729964893769644
520	79	1.1923443625410703
530	79	1.213432809443629
540	79	1.236339483495489
550	79	1.2611302098400707
560	79	1.2878579451491854
570	79	1.3165586999583914
580	79	1.3472410913486634
590	79	1.3798748509912995
600	79	1.414363155144589
610	79	1.450494550070701
620	79	1.4878541201250908
630	79	1.5256614183349193
640	79	1.5624788351030001
650	79	1.5956944762440757
660	79	1.6206290496070839
670	79	1.6290541928028355
680	79	1.6069137758388072
690	79	1.5313125634577551
700	79	1.3680792734025107
710	79	1.0751532172672396
720	79	0.6240486811440141
730	79	0.04697549030988207
740	79	-0.5269302285392766
750	79	-0.9211150795014096
760	79	-1.037173345951646
770	79	-0.9221388201295323
780	79	-0.7044287032138801
790	79	-0.4902843588883719
0	80	1.0004344527283477
10	80	1.000374973885375
20	80	0.999469515685232
30	80	1.0004671201084663
40	80	1.0004402314250183
50	80	1.0005864356097673
60	80	1.0006893992645567
70	80	1.0008107372930892
80	80	1.0009384666583891
90	80	1.0010466993909097
100	80	1.001244688003164
110	80	1.001427284108698
120	80	1.0016163483683769
130	80	1.0018338733450411
140	80	1.0021052761465552
150	80	1.0024105751532644
160	80	1.0027282075400814
170	80	1.0031081903178105
180	80	1.0035489962923219
190	80	1.004020254932628
200	80	1.0045729647813844
210	80	1.0051718671588628
220	80	1.0058602739535065
230	80	1.006652562584127
240	80	1.0075229411950921
250	80	1.008525564203563
260	80	1.0096497959579938
270	80	1.010934318538799
280	80	1.0123645343809717
290	80	1.0139877249716136
300	80	1.0158260520016396
310	80	1.017902115438096
320	80	1.0202356527488978
330	80	1.0228697608706177
340	80	1.0258392754631709
350	80	1.0291797458654517
360	80	1.0329351839236933
370	80	1.0371603669405751
380	80	1.0419019848914002
390	80	1.0472207056376779
400	80	1.0531759851756681
410	80	1.05983841691723
420	80	1.0672767798136804
430	80	1.0755720100110788
440	80	1.0848019340903303
450	80	1.0950523810172987
460	80	1.1064114374099268
470	80	1.1189675739722171
480	80	1.1328125538019624
490	80	1.1480349110008874
500	80	1.1647233131437018
510	80	1.1829625321011357
520	80	1.202830871503135
530	80	1.2244006495710054
540	80	1.2477340246128008
550	80	1.2728814163476272
560	80	1.2998776414963142
570	80	1.3287361726983211
580	80	1.3609369880216495
590	80	1.391915404445462
600	80	1.4276912515443565
610	80	1.4614282776342893
620	80	1.4975993920343815
630	80	1.5334983451412405
640	80	1.567273059851881
650	80	1.59562257364865
660	80	1.612746226217314
670	80	1.6086704275294839
680	80	1.5668403688984187
690	80	1.4613894960598666
700	80	1.2563847999382243
710	80	0.9141247605869507
720	80	0.42414368637295097
730	80	-0.15109026679351906
740	80	-0.6649412539591838
750	80	-0.9639689582209843
760	80	-0.9994339301621626
770	80	-0.8491086695913871
780	80	-0.6346401911609192
790	80	-0.43948441980606584
0	81	1.0004832823666183
10	81	1.000486472277593
20	81	0.9993304641399635
30	81	1.0004624854127178
40	81	1.0005474084845989
50	81	1.0007166048544303
60	81	1.0007162621713686
70	81	1.000968639090487
80	81	1.0010957279180663
90	81	1.001176203141126
100	81	1.0014099080543435
110	81	1.0016117804947025
120	81	1.0018445462885686
130	81	1.0020678956279407
140	81	1.0023904623805133
150	81	1.0027200169671588
160	81	1.0030998314761723
170	81	1.0035048338659633
180	81	1.0039791484423777
190	81	1.0045326808162274
200	81	1.0051239152532732
210	81	1.0058027032662002
220	81	1.0065665383157023
230	81	1.0074327361270343
240	81	1.0083974941896854
250	81	1.0095078646315438
260	81	1.010752973480825
270	81	1.012146689629341
280	81	1.0137273516022023
290	81	1.0155073866902173
300	81	1.017506039038292
310	81	1.019763930026626
320	81	1.0223026334893586
330	81	1.0251574006184307
340	81	1.0283697588847116
350	81	1.0319747748868353
360	81	1.0360229253977935
370	81	1.04056129105712
380	81	1.0456429870506578
390	81	1.0513271304451624
400	81	1.0576757146915565
410	81	1.064758779575016
420	81	1.0726428377245518
430	81	1.0814097273286163
440	81	1.0911344684935818
450	81	1.101899794112232
460	81	1.1137881913078518
470	81	1.1268844726668812
480	81	1.1412734545469683
490	81	1.1570365360120836
500	81	1.1742531781798577
510	81	1.192996769448635
520	81	1.2133354650249601
530	81	1.2353270827054996
540	81	1.259020001655788
550	81	1.2844488339316236
560	81	1.3116287475541533
570	81	1.3405501671589697
580	81	1.3711631563880962
590	81	1.4033540078081852
600	81	1.436899727209368
610	81	1.471388792640495
620	81	1.5068035470191008
630	81	1.5396364564271394
640	81	1.5697157905221604
650	81	1.5921976442081696
660	81	1.599986958534143
670	81	1.5811747587411173
680	81	1.5166283456764111
690	81	1.3779242659607054
700	81	1.1291291990086567
710	81	0.7408509696027997
720	81	0.22470592415946591
730	81	-0.3295400108119289
740	81	-0.7705638983076754
750	81	-0.9783151087979022
760	81	-0.9487325362774125
770	81	-0.777040248492134
780	81	-0.5715168691669696
790	81	-0.39512178089781375
0	82	1.000486196332825
10	82	1.000570260313208
20	82	0.9991141851811887
30	82	1.0006138585242528
40	82	1.0006302374366733
50	82	1.0007976919649708
60	82	1.0008980484877095
70	82	1.0010253885555072
80	82	1.0012170741372541
90	82	1.0014053138602452
100	82	1.0015594516220574
110	82	1.0018240580733555
120	82	1.0020817325491405
130	82	1.002372241380757
140	82	1.0027065097298478
150	82	1.0030576142183776
160	82	1.0034919230049977
170	82	1.0039748909501214
180	82	1.0044763571635804
190	82	1.0050854054417182
200	82	1.0057610380657342
210	82	1.0065053599716929
220	82	1.0073428316510527
230	82	1.0083004756936067
240	82	1.0093705176224588
250	82	1.0105818242422324
260	82	1.011933125432604
270	82	1.013464306554224
280	82	1.0151905096500238
290	82	1.017129126755777
300	82	1.0193082415493102
310	82	1.021764206239012
320	82	1.0245111524881232
330	82	1.0276014308282184
340	82	1.0310640451634105
350	82	1.0349474336587612
360	82	1.0392935376199564
370	82	1.0441550918625442
380	82	1.049586172715153
390	82	1.0556455240322788
400	82	1.0623922884035473
410	82	1.0699007411349188
420	82	1.0782352281390315
430	82	1.087470942887863
440	82	1.0976852401101151
450	82	1.1089548629943964
460	82	1.121359302970773
470	82	1.1349766975751387
480	82	1.1498846757990728
490	82	1.1661560841238212
500	82	1.183861193608801
510	82	1.2030634470598913
520	82	1.2238177777931538
530	82	1.2461700334006152
540	82	1.2701540098798938
550	82	1.2957866166081056
560	82	1.3235526955831047
570	82	1.351951124432384
580	82	1.3823617751622717
590	82	1.4141296425976775
600	82	1.4469494477705542
610	82	1.4802757299563705
620	82	1.5131443889143912
630	82	1.5438636235594305
640	82	1.5694868785778096
650	82	1.5849418809992208
660	82	1.5816663828543496
670	82	1.5456658049391943
680	82	1.4552974956979474
690	82	1.2803704776568186
700	82	0.9873435991145023
710	82	0.5592645227706606
720	82	0.0320017539922503
730	82	-0.4836979953870628
740	82	-0.8445891469594016
750	82	-0.969357707178358
760	82	-0.8901022326370472
770	82	-0.7080869815409447
780	82	-0.5149887816533113
790	82	-0.356446778478584
0	83	1.0005388281081586
10	83	1.0006582037875167
20	83	0.9989924050606005
30	83	1.0007336842207182
40	83	1.0007977617465802
50	83	1.0009546902051476
60	83	1.0010103794378908
70	83	1.0012085121063992
80	83	1.0014290030721011
90	83	1.0015951297547825
100	83	1.0017967297624601
110	83	1.0020750963746434
120	83	1.0023448369936485
130	83	1.0026905448388084
140	83	1.003043665879222
150	83	1.0034560048438168
160	83	1.0039245204627372
170	83	1.0044600784852133
180	83	1.0050431824165245
190	83	1.005694050663077
200	83	1.0064189470390903
210	83	1.0072553274924805
220	83	1.008183769552431
230	83	1.009227961636737
240	83	1.010408534894357
250	83	1.0117379217783826
260	83	1.0132236312993572
270	83	1.0148917138834408
280	83	1.0167726913804367
290	83	1.0188801168166242
300	83	1.0212437513435104
310	83	1.0238982296674295
320	83	1.0268696492656786
330	83	1.0302023231025197
340	83	1.0339300904362339
350	83	1.038099450688279
360	83	1.0427548252426266
370	83	1.047944223006175
380	83	1.0537323226740383
390	83	1.0601717269839512
400	83	1.0673252570483192
410	83	1.075257998229446
420	83	1.0840409161656537
430	83	1.093743510347678
440	83	1.1044394315596462
450	83	1.1162012914877015
460	83	1.129104398205296
470	83	1.1432203064364554
480	83	1.1586176197572775
490	83	1.1753618872853326
500	83	1.1935137771008903
510	83	1.2131252227104592
520	83	1.2342394522109525
530	83	1.2568891622795584
540	83	1.281093514759291
550	83	1.306851820949304
560	83	1.334139142053455
570	83	1.362890839024204
580	83	1.3929805793378829
590	83	1.4241787612072785
600	83	1.4560800196380381
610	83	1.487976300733511
620	83	1.5186368085151964
630	83	1.5459337084787013
640	83	1.5662169259390255
650	83	1.5733146197970906
660	83	1.5570366657866002
670	83	1.5012238104278721
680	83	1.3820000760249906
690	83	1.16864718430173
700	83	0.8329495177082927
710	83	0.3741276987203485
720	83	-0.14803251129038963
730	83	-0.6106365785645677
740	83	-0.8894588328454127
750	83	-0.9424211404908381
760	83	-0.8275991679770142
770	83	-0.6435682816585903
780	83	-0.4647216934648603
790	83	-0.3227508435588455
0	84	1.000678494142457
10	84	1.000721266527598
20	84	0.9987833373677912
30	84	1.0007650976450486
40	84	1.0008756193020198
50	84	1.0010199782139981
60	84	1.001142008289039
70	84	1.0013532811141328
80	84	1.0015539225575083
90	84	1.00177186928368
100	84	1.0020310587014303
110	84	1.0023286300885148
120	84	1.0026608642010348
130	84	1.0030441166007258
140	84	1.0034320826186933
150	84	1.0039008388993333
160	84	1.0044150301176304
170	84	1.0049851922124067
180	84	1.005629806243841
190	84	1.0063584933371528
200	84	1.0071714919100307
210	84	1.0080694721798247
220	84	1.0090953052765257
230	84	1.010246445018363
240	84	1.0115457193504112
250	84	1.0129850857145044
260	84	1.0146103842094878
270	84	1.0164281572365588
280	84	1.0184705109464047
290	84	1.0207490638687293
300	84	1.0233141873627547
310	84	1.0261796417926359
320	84	1.0293848725579975
330	84	1.0329670562421813
340	84	1.0369660597585317
350	84	1.04142931340244
360	84	1.046402072599532
370	84	1.0519332655592593
380	84	1.0580822983337521
390	84	1.064906140448317
400	84	1.0724652226050466
410	84	1.0808253583243697
420	84	1.090052944997995
430	84	1.1002149018003118
440	84	1.1113811774711724
450	84	1.1236213581355352
460	84	1.1370019039902237
470	84	1.1515889087482554
480	84	1.1674441688950359
490	84	1.1846234023520372
500	84	1.2031763912273796
510	84	1.223145532296175
520	84	1.2445618828511646
530	84	1.2674444307742747
540	84	1.2917969455776561
550	84	1.3176017101914632
560	84	1.3448089080858296
570	84	1.373321762702957
580	84	1.40296513573329
590	84	1.4334337205077075
600	84	1.4642010821896358
610	84	1.4943618013602225
620	84	1.521982060345437
630	84	1.5455611532008586
640	84	1.559483061930053
650	84	1.5567123431556695
660	84	1.5253011744975438
670	84	1.4469553139213513
680	84	1.2961187114213264
690	84	1.0432737996450152
700	84	0.6687760474069152
710	84	0.19070454796962336
720	84	-0.31029186257245256
730	84	-0.7092418554971646
740	84	-0.9087757766007253
750	84	-0.9025150486564003
760	84	-0.7643089064135357
770	84	-0.584174751820502
780	84	-0.42023698396415465
790	84	-0.2933868234228664
0	85	1.0007521542209947
10	85	1.0008178147277191
20	85	0.9985119815495488
30	85	1.000876470570643
40	85	1.0010314495492867
50	85	1.001175607446479
60	85	1.001344689435718
70	85	1.0015128065143009
80	85	1.001745554030003
90	85	1.0019879438076686
100	85	1.002316816463206
110	85	1.0026553205465862
120	85	1.002993360645714
130	85	1.0034090762521626
140	85	1.0038504859876363
150	85	1.0043551400646098
160	85	1.0049230109997964
170	85	1.0055667811980096
180	85	1.0062782148817908
190	85	1.0070727502106747
200	85	1.0079641024749952
210	85	1.0089672177092044
220	85	1.0100961081504531
230	85	1.0113496513949753
240	85	1.012760152248103
250	85	1.0143315917247433
260	85	1.0160972736588916
270	85	1.0180742175267192
280	85	1.0202814558932245
290	85	1.0227552879752357
300	85	1.0255208579067787
310	85	1.0286115028957639
320	85	1.0320542091178824
330	85	1.0358959690730067
340	85	1.0401771308492946
350	85	1.0449409354321404
360	85	1.0502360061121132
370	85	1.0561155846346955
380	85	1.0626302500546017
390	85	1.0698409172683552
400	85	1.0778080697425567
410	85	1.0865921061897843
420	85	1.0962581571416221
430	85	1.1068705064972355
440	85	1.118494187793266
450	85	1.1311926265205792
460	85	1.1450279960793952
470	85	1.1600573087892032
480	85	1.1763348559935645
490	85	1.1939073874740813
500	85	1.212815127296198
510	85	1.2330884252145349
520	85	1.2547472862530715
530	85	1.2777971739263734
540	85	1.302225878610582
550	85	1.3279955267855532
560	85	1.3550305368512543
570	85	1.383195659958249
580	85	1.4122578811315785
590	85	1.4418206942761038
600	85	1.4712104589827857
610	85	1.4992839573568109
620	85	1.5241052506940904
630	85	1.5424169951712614
640	85	1.5488063339412121
650	85	1.534473850866963
660	85	1.4856372649547953
670	85	1.3820540299588455
680	85	1.1973777404640409
690	85	0.905478713964045
700	85	0.4984734205922852
710	85	0.014350135630713166
720	85	-0.450890343875703
730	85	-0.7800740412847856
740	85	-0.9067943042008438
750	85	-0.8540494241418431
760	85	-0.7024420160845499
770	85	-0.5301492486043636
780	85	-0.3809928259074396
790	85	-0.2677765981014958
0	86	1.000852500723338
10	86	1.0008796048791824
20	86	0.9982149718196751
30	86	1.0010031049707933
40	86	1.0011667465838159
50	86	1.0012968647537386
60	86	1.001497452188577
70	86	1.0017509466422632
80	86	1.0019572125813343
90	86	1.002278120353874
100	86	1.0026151704201123
110	86	1.0029517849926801
120	86	1.003351641368428
130	86	1.0038099841431316
140	86	1.0043174834344373
150	86	1.0048558868567448
160	86	1.0055046375297025
170	86	1.0061990743252607
180	86	1.0069664948980532
190	86	1.0078523483490425
200	86	1.0088330173850482
210	86	1.0099382973119524
220	86	1.0111595118692445
230	86	1.0125331775032795
240	86	1.0140657331269978
250	86	1.0157815270750816
260	86	1.0176938187269704
270	86	1.019834898235179
280	86	1.0222264232999743
290	86	1.0248933837290215
300	86	1.0278684217741738
310	86	1.031186853067901
320	86	1.034880444609377
330	86	1.0389916078771617
340	86	1.0435622835911869
350	86	1.0486343338141852
360	86	1.0542592075040387
370	86	1.0604862182752817
380	86	1.067373036357036
390	86	1.0749719143086662
400	86	1.0833430907139097
410	86	1.092546826280912
420	86	1.102643421060533
430	86	1.1136940933790562
440	86	1.1257584106681602
450	86	1.1388944635151486
460	86	1.153157372357438
470	86	1.1685969603483501
480	86	1.1852597150428776
490	86	1.2031821711755317
500	86	1.2223955791783658
510	86	1.2429187512784545
520	86	1.264759626581153
530	86	1.2879106121145705
540	86	1.312341488068092
550	86	1.3379937433452211
560	86	1.364761010260128
570	86	1.3924632901850096
580	86	1.4207978484232953
590	86	1.4492577811145824
600	86	1.4771599359669014
610	86	1.5025709541370602
620	86	1.5236042735379025
630	86	1.5361241711093019
640	86	1.5336509384849608
650	86	1.5058898885794236
660	86	1.437230955510229
670	86	1.3058766485930713
680	86	1.0859581609135978
690	86	0.7572565589644713
700	86	0.32631854374813113
710	86	-0.14992451931519654
720	86	-0.5673885576757027
730	86	-0.8250734242735706
740	86	-0.8879604873083271
750	86	-0.8006901405053412
760	86	-0.6434752898997015
770	86	-0.4814339617621228
780	86	-0.3464360396999895
790	86	-0.24541118075823215
0	87	1.0010568259481536
10	87	1.0009852491415376
20	87	0.9979351274376524
30	87	1.0011585126985085
40	87	1.001312774993297
50	87	1.0014815904728491
60	87	1.001704012714864
70	87	1.0019439229379272
80	87	1.0022261232129916
90	87	1.0025527072805862
100	87	1.0028983722289075
110	87	1.0032921692474681
120	87	1.0037405981891037
130	87	1.004242488813717
140	87	1.0048129412029179
150	87	1.0054140477338203
160	87	1.0061230243579051
170	87	1.0068891426255089
180	87	1.0077375296540152
190	87	1.008718329690901
200	87	1.009777112935486
210	87	1.0109702798926943
220	87	1.0123138541527539
230	87	1.013802885785852
240	87	1.0154658138296055
250	87	1.0173283474944181
260	87	1.0194018319365048
270	87	1.0217180673812287
280	87	1.0242919387720557
290	87	1.0271648133953177
300	87	1.030359586512167
310	87	1.0339180500360488
320	87	1.037868440146523
330	87	1.0422556017893645
340	87	1.0471212247029182
350	87	1.0525078709112135
360	87	1.0584655976104198
370	87	1.0650482160237704
380	87	1.0723033398404163
390	87	1.080289640374483
400	87	1.0890628669129074
410	87	1.0986781507876902
420	87	1.109194268166012
430	87	1.1206684188561116
440	87	1.1331544080880287
450	87	1.146703664961141
460	87	1.1613650109247564
470	87	1.17718122320829
480	87	1.1941888640030587
490	87	1.21241672103887
500	87	1.2318849411595687
510	87	1.2526024493746668
520	87	1.2733150190253106
530	87	1.2977489355475555
540	87	1.322108010268026
550	87	1.3475578013561171
560	87	1.373957388416829
570	87	1.401072899013882
580	87	1.42851797577017
590	87	1.4556520435153029
600	87	1.4814101593495188
610	87	1.5040233136114305
620	87	1.520565859169048
630	87	1.5262550685563825
640	87	1.513427581540259
650	87	1.4702213116991938
660	87	1.3793236059729728
670	87	1.2180324395749955
680	87	0.9626012635796203
690	87	0.601353465497414
700	87	0.15692892023897892
710	87	-0.2978486082842597
720	87	-0.6588447756132342
730	87	-0.8471774478305101
740	87	-0.8565465996180265
750	87	-0.7453277392486305
760	87	-0.5883056588784251
770	87	-0.4377825885103117
780	87	-0.3160333103260004
790	87	-0.22584688905985584
0	88	1.0011314679294987
10	88	1.0011756849381932
20	88	0.9975187156929678
30	88	1.0013299120074157
40	88	1.0015026883494127
50	88	1.0016750261542864
60	88	1.0018975472185494
70	88	1.0021692913770341
80	88	1.0025034174442127
90	88	1.0028452261517544
100	88	1.003242098077237
110	88	1.0037049436542633
120	88	1.0041604607002739
130	88	1.0047243734843248
140	88	1.0053444282714306
150	88	1.0060401486432038
160	88	1.0067789389087305
170	88	1.0076265307991914
180	88	1.00857167924955
190	88	1.0096302214092192
200	88	1.010797216674701
210	88	1.0120995689886128
220	88	1.0135483701394419
230	88	1.0151694252426813
240	88	1.016975968229155
250	88	1.0189851342771539
260	88	1.02122267198447
270	88	1.0237220131103753
280	88	1.0264909751669657
290	88	1.0295771768035227
300	88	1.033002172555579
310	88	1.0368007773764398
320	88	1.041017812141601
330	88	1.0456850613565143
340	88	1.050852166328003
350	88	1.0565577151660304
360	88	1.062854322670848
370	88	1.069789636604665
380	88	1.0774154653937666
390	88	1.0857860225060214
400	88	1.0949537698569012
410	88	1.1049721087583577
420	88	1.1158957895472479
430	88	1.1277758212110685
440	88	1.140660998820606
450	88	1.154596763334126
460	88	1.1696252147717463
470	88	1.1857813977210072
480	88	1.2030926858340671
490	88	1.2215792802054537
500	88	1.2412515608786372
510	88	1.2608707352015631
520	88	1.284128681506366
530	88	1.307278560295875
540	88	1.331489568673767
550	88	1.3566494668572093
560	88	1.3825751399162969
570	88	1.4089690771553802
580	88	1.4353436460160482
590	88	1.460897364826771
600	88	1.4843099566573763
610	88	1.5034097178916745
620	88	1.5146513623063418
630	88	1.5123305088849495
640	88	1.4875010118465029
650	88	1.4267252030973774
660	88	1.3112721359006776
670	88	1.1184794299297236
680	88	0.8286823619264314
690	88	0.44116670706284455
700	88	-0.00508067148230685
710	88	-0.42619448678351923
720	88	-0.7257053258787738
730	88	-0.8499150732015445
740	88	-0.8163984127715701
750	88	-0.6901253704860908
760	88	-0.5373949475537176
770	88	-0.39884157502276385
780	88	-0.28928834427921196
790	88	-0.20869956182536745
0	89	1.0012791736630307
10	89	1.0013087865946113
20	89	0.9970727389981119
30	89	1.001496350114089
40	89	1.0016741881164355
50	89	1.0018605103570435
60	89	1.0021286539056018
70	89	1.0024080661803392
80	89	1.0027746199317369
90	89	1.003175003060777
100	89	1.0035792270340642
110	89	1.0040917309924744
120	89	1.004635449973574
130	89	1.005267079973581
140	89	1.0059240797692013
150	89	1.0066786894301716
160	89	1.0075041029895409
170	89	1.0084288850358234
180	89	1.0094618488607996
190	89	1.0106102427112493
200	89	1.011883581393622
210	89	1.0133069635283398
220	89	1.0148768660612186
230	89	1.016640368506948
240	89	1.0185833694656636
250	89	1.020756866311451
260	89	1.0231676821916058
270	89	1.0258500895747524
280	89	1.0288243189086335
290	89	1.0321292816944085
300	89	1.0357903093630074
310	89	1.0398423997649784
320	89	1.0443280000682533
330	89	1.0492844231605007
340	89	1.054755184067268
350	89	1.0607854303331021
360	89	1.0674221563332902
370	89	1.0747091947256797
380	89	1.0827030087491492
390	89	1.0914518413243257
400	89	1.101005749311236
410	89	1.1114150270893135
420	89	1.122729382262726
430	89	1.1349951171954196
440	89	1.1482550943897152
450	89	1.162549706192079
460	89	1.1779117616351347
470	89	1.194369556110447
480	89	1.2119415791653805
490	89	1.2306396682099787
500	89	1.2492413046070991
510	89	1.271400523036324
520	89	1.293419749769018
530	89	1.3164668053432407
540	89	1.3404517914502292
550	89	1.3652293528710635
560	89	1.3905675515805942
570	89	1.4160908812756385
580	89	1.4411901957681823
590	89	1.4648711656253999
600	89	1.4855097081785904
610	89	1.5004632999730432
620	89	1.50547621922436
630	89	1.4938215986989922
640	89	1.455203224707561
650	89	1.3746918949543023
660	89	1.232620807807953
670	89	1.007617995217691
680	89	0.6862361209226662
690	89	0.2805602702490124
700	89	-0.15545202196386454
710	89	-0.5329521954018712
720	89	-0.7695719090691118
730	89	-0.8370330060003526
740	89	-0.7707924611627469
750	89	-0.6366128116683561
760	89	-0.4908941956476809
770	89	-0.36420628266716704
780	89	-0.2657498886709887
790	89	-0.19363802376893893
0	90	1.0014334982544613
10	90	1.001469861271815
20	90	0.9965956536138181
30	90	1.0016988141370735
40	90	1.001898191530515
50	90	1.0021381335879014
60	90	1.0023954330832052
70	90	1.0027259889061697
80	90	1.0030879868269071
90	90	1.0035387137281875
100	90	1.004002726233024
110	90	1.0045630993904038
120	90	1.0051534233678405
130	90	1.005811306594679
140	90	1.0065705751616685
150	90	1.00738269224272
160	90	1.0082965214742765
170	90	1.0092969060276082
180	90	1.010422538556409
190	90	1.0116598770925627
200	90	1.0130550841713715
210	90	1.0145884237380296
220	90	1.0163000364115575
230	90	1.0181918738043232
240	90	1.0202988860066355
250	90	1.0226407476841135
260	90	1.0252362998193796
270	90	1.0281108743978584
280	90	1.031297527181089
290	90	1.0348243035846798
300	90	1.0387257961712113
310	90	1.0430386834785088
320	90	1.0477987470215084
330	90	1.0530489968086103
340	90	1.0588286636653885
350	90	1.065181712688452
360	90	1.0721570817633925
370	90	1.0797985209788583
380	90	1.0881544915763406
390	90	1.0972740009996784
400	90	1.1072041519954519
410	90	1.117990444273291
420	90	1.129677578151442
430	90	1.1423069981897178
440	90	1.1559165064942576
450	90	1.17053807003656
460	90	1.1861988329546667
470	90	1.202917948509861
480	90	1.220707368385308
490	90	1.2383612622419589
500	90	1.2594925744312355
510	90	1.2804535833614645
520	90	1.302407862422849
530	90	1.3252821442710627
540	90	1.348959856869579
550	90	1.373257891222397
560	90	1.397884008677615
570	90	1.4223700289391714
580	90	1.4459604106583397
590	90	1.4674308727666685
600	90	1.4847992915676946
610	90	1.4948779999315625
620	90	1.4926087071844976
630	90	1.470155302978545
640	90	1.4158544727538336
650	90	1.3134929562286157
660	90	1.1431817501805517
670	90	0.8863677883385254
680	90	0.5379182936149963
690	90	0.12361273868746449
700	90	-0.2905993670651046
710	90	-0.6173644879912576
720	90	-0.7928963058041228
730	90	-0.812190475735203
740	90	-0.7223855988397062
750	90	-0.5857997702148465
760	90	-0.44874365825132806
770	90	-0.3334581253298414
780	90	-0.24501408036722455
790	90	-0.1803776355954216
0	91	1.0016426130796448
10	91	1.0016493917533922
20	91	1.0015154412110636
30	91	1.0019039018049207
40	91	1.002107220611362
50	91	1.0023380775120108
60	91	1.0026555400400183
70	91	1.003033983888123
80	91	1.0034654117531414
90	91	1.0039330863070268
100	91	1.004451892159867
110	91	1.0050558797968658
120	91	1.0056994824588972
130	91	1.006441479055649
140	91	1.007239661197069
150	91	1.008130337927378
160	91	1.0091246662020572
170	91	1.0102369970025684
180	91	1.0114561219797737
190	91	1.0128097340593432
200	91	1.0143020027900453
210	91	1.0159684690839235
220	91	1.017815710449263
230	91	1.0198655311679097
240	91	1.0221327908648257
250	91	1.0246408391731558
260	91	1.0274225254772105
270	91	1.030498510226392
280	91	1.0339011825252526
290	91	1.037664212151463
300	91	1.041813080278169
310	91	1.0463911232256784
320	91	1.0514319251134536
330	91	1.0569778924969058
340	91	1.0630667258486557
350	91	1.0697455509657574
360	91	1.077057554234309
370	91	1.085047674000621
380	91	1.093760126159822
390	91	1.103240697930919
400	91	1.1135335402334405
410	91	1.1246810921876704
420	91	1.136721260665086
430	91	1.1496903691876532
440	91	1.1636206871176318
450	91	1.178537220575549
460	91	1.194459644969218
470	91	1.2114000291135782
480	91	1.2281706675677337
490	91	1.2483386919807535
500	91	1.2683090485542263
510	91	1.2892372830905712
520	91	1.311063460214341
530	91	1.3336930176959403
540	91	1.3569792549992692
550	91	1.3806920535284244
560	91	1.404468685644477
570	91	1.4277287860742063
580	91	1.4495417869217333
590	91	1.4684107724563629
600	91	1.4819358402248786
610	91	1.4863053577566383
620	91	1.4755709787482232
630	91	1.4407249586086113
640	91	1.3687926436493107
650	91	1.2426394618103394
660	91	1.0431168875533625
670	91	0.7562139766446677
680	91	0.38689736597926694
690	91	-0.025673134802986965
700	91	-0.40784598870512595
710	91	-0.6798345769683177
720	91	-0.7986532972863435
730	91	-0.7787398320579796
740	91	-0.6732327313491157
750	91	-0.5382895083426756
760	91	-0.41074910291306954
770	91	-0.30618789110254063
780	91	-0.22672345011876988
790	91	-0.16867419661938046
0	92	1.001823900523669
10	92	1.0018347385514401
20	92	1.0019580038206108
30	92	1.0021001497039108
40	92	1.0023427975222132
50	92	1.0025978741839017
60	92	1.0029720032892937
70	92	1.0033555734208404
80	92	1.0038222094880567
90	92	1.004358778542134
100	92	1.0049322754738492
110	92	1.0055859991077196
120	92	1.0063094878952197
130	92	1.0070874980229974
140	92	1.007978630121456
150	92	1.0089550603288657
160	92	1.0100261884861668
170	92	1.011240709595585
180	92	1.0125594008569256
190	92	1.0140236480412
200	92	1.0156503737339204
210	92	1.0174440258233193
220	92	1.0194315813890427
230	92	1.0216299221753535
240	92	1.0240687292599313
250	92	1.026759741623825
260	92	1.029735950127736
270	92	1.033022168099585
280	92	1.0366499101343942
290	92	1.0406473390731688
300	92	1.0450515041737076
310	92	1.0498959156370986
320	92	1.0552212099911171
330	92	1.0610650326363658
340	92	1.0674669418072273
350	92	1.0744685319138916
360	92	1.0821151729138947
370	92	1.0904472067630615
380	92	1.099507973816815
390	92	1.1093397890783199
400	92	1.1199800426642108
410	92	1.131469574869346
420	92	1.1438401587938065
430	92	1.1571242869198337
440	92	1.171344796876609
450	92	1.1865219733737191
460	92	1.2026690341596353
470	92	1.2197895844784319
480	92	1.2378791237175033
490	92	1.2569218443594652
500	92	1.276887018566902
510	92	1.2977250119090302
520	92	1.3193584624074821
530	92	1.3416688998224484
540	92	1.3646435797388288
550	92	1.387486266157826
560	92	1.410258968035736
570	92	1.4320778060977462
580	92	1.451803351298509
590	92	1.467618637455297
600	92	1.476640582398524
610	92	1.474353790186256
620	92	1.4538429354102769
630	92	1.4049065777633876
640	92	1.3134115513498203
650	92	1.1618491270884117
660	92	0.9330121016856321
670	92	0.6192073932053745
680	92	0.236680189665392
690	92	-0.1636611866446226
700	92	-0.505555980965651
710	92	-0.7217361175547503
720	92	-0.7900349967856488
730	92	-0.7395934239632774
740	92	-0.6248475967649453
750	92	-0.4943815019285228
760	92	-0.3766376641569746
770	92	-0.2820094550139365
780	92	-0.21056404725755648
790	92	-0.15831840853771828
0	93	1.0020435332854714
10	93	1.0020867055881242
20	93	1.0021956399363796
30	93	1.0023691658812497
40	93	1.002621414125404
50	93	1.0029194005368707
60	93	1.0032833915842183
70	93	1.0037189894363374
80	93	1.004241664569688
90	93	1.0048089494983883
100	93	1.0054443938070632
110	93	1.0061536521794305
120	93	1.0069350356076285
130	93	1.007818782078175
140	93	1.0087727754306761
150	93	1.0098369302238321
160	93	1.0110163467972864
170	93	1.0123082020769354
180	93	1.0137407487502912
190	93	1.0153246297828897
200	93	1.0170786890556458
210	93	1.0190112568638638
220	93	1.0211517436224808
230	93	1.02351286264292
240	93	1.0261246579297219
250	93	1.0290008414526526
260	93	1.032179175599644
270	93	1.035676211197454
280	93	1.0395339548725284
290	93	1.0437759273380072
300	93	1.0484385971555996
310	93	1.053555892490776
320	93	1.059167395488272
330	93	1.0653088930095667
340	93	1.0720210273329054
350	93	1.0793451359644788
360	93	1.0873205579034109
370	93	1.095987991583864
380	93	1.1053861094041244
390	93	1.1155538852884945
400	93	1.1265273311618431
410	93	1.1383379207141693
420	93	1.1510154337227263
430	93	1.1645851163384706
440	93	1.1790656364668073
450	93	1.194469443133618
460	93	1.2108021484846452
470	93	1.2280610802421552
480	93	1.246233342620639
490	93	1.2652936872653213
500	93	1.2852006317788214
510	93	1.3058900621581107
520	93	1.3272647177774903
530	93	1.3491777944548198
540	93	1.3714031159789217
550	93	1.393588900893197
560	93	1.4151834369644347
570	93	1.4353131389721954
580	93	1.4525929140064482
590	93	1.4648321634284553
600	93	1.4685960737084787
610	93	1.4585886416123632
620	93	1.4268704751386616
630	93	1.3620824410282877
640	93	1.2492091087680306
650	93	1.071117328601066
660	93	0.813932278031016
670	93	0.47790968904615677
680	93	0.09088811057985567
690	93	-0.28733504685713246
700	93	-0.5831537935945346
710	93	-0.7451645224156467
720	93	-0.7701962549330787
730	93	-0.697165480125678
740	93	-0.5782852464611136
750	93	-0.45415779703538833
760	93	-0.3460971431076952
770	93	-0.2605669552361608
780	93	-0.19626164410354102
790	93	-0.14913092007295756
0	94	1.002285242753126
10	94	1.002338465174629
20	94	1.0024634419824112
30	94	1.0026594815536318
40	94	1.0029013828024456
50	94	1.0032507358831853
60	94	1.0036512313694632
70	94	1.0041297241039089
80	94	1.0046744104885452
90	94	1.0053070336334256
100	94	1.006006866286755
110	94	1.0067816291682383
120	94	1.0076332415725693
130	94	1.0085852930554908
140	94	1.009616647358173
150	94	1.0107873256566797
160	94	1.0120535789461829
170	94	1.0134566522760307
180	94	1.0150057150697578
190	94	1.0167116797478504
200	94	1.0185987018080915
210	94	1.0206826117741703
220	94	1.0229761738942804
230	94	1.0255080749798862
240	94	1.0282920409981622
250	94	1.031369112742229
260	94	1.0347479783599618
270	94	1.038468160711621
280	94	1.0425585666358332
290	94	1.047048849162425
300	94	1.0519721335134475
310	94	1.05736587829206
320	94	1.0632640490621619
330	94	1.0697040693733002
340	94	1.0767246915812083
350	94	1.0843667897640619
360	94	1.0926637736106735
370	94	1.1016576751674718
380	94	1.1113806289352113
390	94	1.1218700914045723
400	94	1.1331562591485218
410	94	1.1452675453589087
420	94	1.1582267838927698
430	94	1.1720534473778916
440	94	1.186760850133852
450	94	1.2023550605576043
460	94	1.2188352343519315
470	94	1.2361909350294722
480	94	1.2530030043434264
490	94	1.2734302632539172
500	94	1.293225743763398
510	94	1.3137072111820645
520	94	1.3343642674246057
530	94	1.356186974150378
540	94	1.3777264945763799
550	94	1.3989422859324627
560	94	1.4191591228243248
570	94	1.4373140617216569
580	94	1.4517334275772018
590	94	1.459795761536259
600	94	1.457444709948956
610	94	1.4385348433664704
620	94	1.3940787301482112
630	94	1.3116723443918326
640	94	1.1758432688589409
650	94	0.9707857371081496
660	94	0.6874442268024732
670	94	0.3352802541483145
680	94	-0.046990768230355466
690	94	-0.3944826102796271
700	94	-0.6410419170962929
710	94	-0.7526695400104151
720	94	-0.7420664966117265
730	94	-0.6533715593486754
740	94	-0.5342303403284542
750	94	-0.417551919664254
760	94	-0.31880266087615367
770	94	-0.24153779242391332
780	94	-0.1835776341611334
790	94	-0.14095803792382158
0	95	1.0025628638156925
10	95	1.0026136145298779
20	95	1.0027355257582122
30	95	1.0029327431568122
40	95	1.0032255491091273
50	95	1.0035992504673525
60	95	1.004037944998745
70	95	1.004567297498311
80	95	1.0051806391282934
90	95	1.005840667434845
100	95	1.0066076972183708
110	95	1.007443925624358
120	95	1.008385514957885
130	95	1.0094113786582803
140	95	1.0105374805726417
150	95	1.0117873092739311
160	95	1.0131609915525241
170	95	1.0146791567201168
180	95	1.0163456348743694
190	95	1.0181907265936485
200	95	1.02021183076193
210	95	1.022445184625449
220	95	1.024905258836933
230	95	1.0276121377590217
240	95	1.0305815355786434
250	95	1.0338561976782035
260	95	1.037449349681637
270	95	1.0413967253350658
280	95	1.0457230218848015
290	95	1.0504641570943118
300	95	1.0556533206557273
310	95	1.0613224897989293
320	95	1.067506962352801
330	95	1.0742448693572404
340	95	1.0815705201084664
350	95	1.089523305040496
360	95	1.0981345563930804
370	95	1.1074425279580487
380	95	1.1174788051668472
390	95	1.1282716217366084
400	95	1.139850794111043
410	95	1.152237940240313
420	95	1.1654521333882535
430	95	1.1785429327846948
440	95	1.1944080195408582
450	95	1.2101568774983036
460	95	1.2267452969807773
470	95	1.2441554681028228
480	95	1.2623580838039632
490	95	1.2813083392450748
500	95	1.3009391335861489
510	95	1.321151395367282
520	95	1.3417993774506667
530	95	1.362660673198106
540	95	1.3833964742135394
550	95	1.4034799190788643
560	95	1.422089801903053
570	95	1.4379396201332184
580	95	1.4490200147911882
590	95	1.4522182364749119
600	95	1.442788447103057
610	95	1.4136841106201192
620	95	1.354890706381138
630	95	1.253173544921926
640	95	1.093193457782095
650	95	0.8615992246943341
660	95	0.5555975410527236
670	95	0.19451218703685028
680	95	-0.17384230269415804
690	95	-0.4837932533541847
700	95	-0.6804410430018286
710	95	-0.7470032290938775
720	95	-0.7082296437528299
730	95	-0.6096666129334132
740	95	-0.4930806891887981
750	95	-0.3844016061045499
760	95	-0.294433885134192
770	95	-0.22463289400747438
780	95	-0.17230493874388692
790	95	-0.13366798420853987
0	96	1.0028564934025486
10	96	1.0028801523965347
20	96	1.0030448896063198
30	96	1.0032675747990552
40	96	1.0035845176640041
50	96	1.0039996430539038
60	96	1.0044523368305134
70	96	1.0050234437843866
80	96	1.005694965336423
90	96	1.0064239411555016
100	96	1.0072552879728038
110	96	1.0081637355259705
120	96	1.0091713689041195
130	96	1.0102814524694168
140	96	1.0115065798734637
150	96	1.0128506747216388
160	96	1.0143490559159607
170	96	1.015981951061668
180	96	1.0177810217523622
190	96	1.0197581866323908
200	96	1.0219257883756243
210	96	1.0243150685903926
220	96	1.0269416801938023
230	96	1.0298328821316836
240	96	1.0329946612977
250	96	1.0364680389407281
260	96	1.040279728323815
270	96	1.044456497152084
280	96	1.0490286135872644
290	96	1.0540221384728292
300	96	1.0594756338116085
310	96	1.0654215496738897
320	96	1.0718928452227097
330	96	1.0789236805539666
340	96	1.0865498402438274
350	96	1.0948048535743196
360	96	1.1037221139172821
370	96	1.1133316056535747
380	96	1.1236634696154875
390	96	1.1347426111996701
400	96	1.1465930423564914
410	96	1.159231522152255
420	96	1.1730715106976122
430	96	1.1869234773163893
440	96	1.2019855701132405
450	96	1.2178527976755773
460	96	1.234510615292249
470	96	1.2519337427455144
480	96	1.270084660650647
490	96	1.2889063262114504
500	96	1.3083175955157968
510	96	1.3281979200879954
520	96	1.3483688376999197
530	96	1.3685603576802239
540	96	1.3883590997774469
550	96	1.4071250297511584
560	96	1.423863236676708
570	96	1.437025875338635
580	96	1.4442170547556243
590	96	1.4417709945503872
600	96	1.4241910124414272
610	96	1.38350403284132
620	96	1.3087535558311456
630	96	1.186207665212453
640	96	1.0014223718530482
650	96	0.7447416183758034
660	96	0.42085807681422993
670	96	0.05883204725224573
680	96	-0.2871295182317127
690	96	-0.5548631721041648
700	96	-0.7031832365419795
710	96	-0.7309072671176706
720	96	-0.6708651876253611
730	96	-0.567104820043148
740	96	-0.4550205079109864
750	96	-0.3544876895809878
760	96	-0.27268569224186623
770	96	-0.20959540390223966
780	96	-0.1622641440434906
790	96	-0.12714766273301126
0	97	1.0031645725880547
10	97	1.0032081289859864
20	97	1.003354225189053
30	97	1.0036188108594946
40	97	1.0039419848118945
50	97	1.004375868511459
60	97	1.0049280055898528
70	97	1.0055333328776999
80	97	1.0062343896790582
90	97	1.0070478492048889
100	97	1.0079442149313227
110	97	1.0089319790250466
120	97	1.0100207931151277
130	97	1.0112320387184246
140	97	1.0125461450303475
150	97	1.01401067964085
160	97	1.0156113196077976
170	97	1.0173659536233388
180	97	1.0192931982587365
190	97	1.0214139459997265
200	97	1.023734995688717
210	97	1.0262931566888247
220	97	1.0290910594927207
230	97	1.0321599475890593
240	97	1.0355223289487028
250	97	1.0392114712314717
260	97	1.043241631227373
270	97	1.0476504873757768
280	97	1.052464651831282
290	97	1.057717123141903
300	97	1.0634371626426453
310	97	1.069659654230252
320	97	1.07641239436965
330	97	1.0837323580635427
340	97	1.0916539653455446
350	97	1.1002022683817874
360	97	1.109412241097282
370	97	1.119309758762062
380	97	1.1299201020727017
390	97	1.1412659616413554
400	97	1.1533646347838962
410	97	1.1662288695385652
420	97	1.1798682923972048
430	97	1.194284583284055
440	97	1.2094730633570328
450	97	1.2254223047135524
460	97	1.2427816200458544
470	97	1.2595056057126088
480	97	1.2775593625735526
490	97	1.2962036102279981
500	97	1.315339176327293
510	97	1.3348203402408707
520	97	1.3544304510687448
530	97	1.3738420237443325
540	97	1.392552645155688
550	97	1.4097878237332004
560	97	1.424348363923287
570	97	1.4343830652221872
580	97	1.437055801650808
590	97	1.4280872138817295
600	97	1.4011830145131927
610	97	1.3474550132894076
620	97	1.2551713453959044
630	97	1.1105736617574329
640	97	0.9010319518592783
650	97	0.6218396994454556
660	97	0.2859916720265777
670	97	-0.06871184452918125
680	97	-0.3850362466376842
690	97	-0.6081190998548579
700	97	-0.711490175371073
710	97	-0.7069524285787507
720	97	-0.6317373523824401
730	97	-0.5264078857148872
740	97	-0.42008104740779223
750	97	-0.3275618266608697
760	97	-0.2532741003224931
770	97	-0.19619848732729986
780	97	-0.15329994591767568
790	97	-0.12129991532450272
0	98	1.0034900481283717
10	98	1.0035713666607569
20	98	1.003729724452924
30	98	1.0039887444218945
40	98	1.0043699562175503
50	98	1.0048405251983354
60	98	1.0054105889335143
70	98	1.0060735433051866
80	98	1.006846780158115
90	98	1.00771158260297
100	98	1.008681544350765
110	98	1.0097530977221876
120	98	1.0109328197182785
130	98	1.0122300612735362
140	98	1.0136641670338131
150	98	1.0152234911707119
160	98	1.0169514104558681
170	98	1.0188377347429551
180	98	1.02089893927675
190	98	1.0231627713738436
200	98	1.0256549117394833
210	98	1.0283679718667178
220	98	1.031346805597266
230	98	1.0346085643382181
240	98	1.0381775641470288
250	98	1.0420758343603527
260	98	1.0463340151280651
270	98	1.0509787390032017
280	98	1.0560389112328339
290	98	1.0615459555285645
300	98	1.0675307161225898
310	98	1.07402501110057
320	98	1.0810602018764708
330	98	1.0886636442806863
340	98	1.0968686554926441
350	98	1.1057025758253323
360	98	1.115192942962734
370	98	1.125361629071879
380	98	1.1362337554179631
390	98	1.1478238188887182
400	98	1.1601465632770567
410	98	1.173210740277211
420	98	1.1883879998425209
430	98	1.2015690359828244
440	98	1.2168500999196223
450	98	1.2328451260940354
460	98	1.2497000609374789
470	98	1.2668511890047955
480	98	1.2847634356444493
490	98	1.3031798492035558
500	98	1.3219810777800498
510	98	1.34099115844676
520	98	1.359948330173125
530	98	1.378455587410941
540	98	1.3959053681810096
550	98	1.4113633820883917
560	98	1.4233925763209394
570	98	1.429792586620656
580	98	1.4272320885321716
590	98	1.4107642169908776
600	98	1.3732701053156322
610	98	1.3050108066618673
620	98	1.1937454152365814
630	98	1.0263031274445655
640	98	0.7929046003422383
650	98	0.494928794250018
660	98	0.153911151524983
670	98	-0.18545026177825452
680	98	-0.4665353306156632
690	98	-0.6446799312198243
700	98	-0.707763401431718
710	98	-0.6774327384373315
720	98	-0.5922180745786357
730	98	-0.4880326585716726
740	98	-0.38818876671440156
750	98	-0.30336564653607995
760	98	-0.23593912861764424
770	98	-0.18424273760356272
780	98	-0.14527798321669233
790	98	-0.11604116979430709
0	99	1.003874380634291
10	99	1.003933935678572
20	99	1.0041161825722988
30	99	1.0043840919932994
40	99	1.0048120800889055
50	99	1.0053228822553824
60	99	1.005940087551273
70	99	1.006662714054277
80	99	1.0074946197837307
90	99	1.0084290211427538
100	99	1.0094758951971667
110	99	1.0106193450704115
120	99	1.0119010087734484
130	99	1.0133097376294862
140	99	1.0148361317725771
150	99	1.016516880808689
160	99	1.0183700722804105
170	99	1.020388861980427
180	99	1.0226018550495237
190	99	1.0250183877272487
200	99	1.0276642234991882
210	99	1.0305597370593305
220	99	1.033723431343125
230	99	1.0371783363039397
240	99	1.0409514555580694
250	99	1.045067483773969
260	99	1.0495525189241997
270	99	1.0544353105092108
280	99	1.0597434903806635
290	99	1.0655078955493786
300	99	1.0717568261619677
310	99	1.0785199325547548
320	99	1.0858284132510223
330	99	1.0937082803103129
340	99	1.1021887735885245
350	99	1.1112947493689687
360	99	1.1210494448968438
370	99	1.1314753769245791
380	99	1.1425868154935321
390	99	1.1543998743792085
400	99	1.1669218336885099
410	99	1.1801584813717558
420	99	1.1941062484834535
430	99	1.2087579866010951
440	99	1.2240980979359497
450	99	1.240103413563491
460	99	1.2567379085528854
470	99	1.2739528274139131
480	99	1.2916781458157995
490	99	1.3098147559101558
500	99	1.328219375315564
510	99	1.3466803006572798
520	99	1.3648816353681903
530	99	1.3823432775487243
540	99	1.3983328880458705
550	99	1.411729121614469
560	99	1.4208189344964832
570	99	1.4230047800707943
580	99	1.4144065741504148
590	99	1.3893661660833723
600	99	1.3399460611375862
610	99	1.2556878941079521
620	99	1.1242189632861768
630	99	0.9337137666215061
640	99	0.6783219430771368
650	99	0.3663767213196797
660	99	0.02749711898933829
670	99	-0.2892560960212521
680	99	-0.5313822281781867
690	99	-0.6661814545514635
700	99	-0.6944059768890307
710	99	-0.6443093421812734
720	99	-0.5533304847841367
730	99	-0.4522325164086335
740	99	-0.359202161612813
750	99	-0.2816434804918646
760	99	-0.22044557762944642
770	99	-0.17355336544681182
780	99	-0.13808199694271395
790	99	-0.11129944406778114
0	100	1.0042725496415732
10	100	1.0043453392347501
20	100	1.0045306035198398
30	100	1.0048532831580503
40	100	1.0052748832458216
50	100	1.0058367457817463
60	100	1.006497803500505
70	100	1.0072865017365755
80	100	1.0081830814470243
90	100	1.0091952421442947
100	100	1.0103154656803313
110	100	1.0115603186191549
120	100	1.0129270181656622
130	100	1.014442204420008
140	100	1.0160922802288872
150	100	1.017896554391677
160	100	1.0198690793116354
170	100	1.022032993089059
180	100	1.0243909759170526
190	100	1.026963185893871
200	100	1.0297842849947467
210	100	1.032852191237741
220	100	1.0362074678331348
230	100	1.0398638518484669
240	100	1.0438468982030835
250	100	1.0481819038620095
260	100	1.0528951604740335
270	100	1.058018310245102
280	100	1.0635746476187813
290	100	1.0695943118955662
300	100	1.0761029312528896
310	100	1.0831328561771247
320	100	1.0907068373793454
330	100	1.098855152480121
340	100	1.1076008803536204
350	100	1.1169657991326638
360	100	1.1269703640496302
370	100	1.1376320924339287
380	100	1.1489647954350222
390	100	1.1609770413187488
400	100	1.1736735643956113
410	100	1.1870537699903625
420	100	1.2011116394290957
430	100	1.2158339076875109
440	100	1.2311998106582511
450	100	1.247319649097831
460	100	1.2637306607578285
470	100	1.2807934596836463
480	100	1.2982851497863181
490	100	1.3160876742416983
500	100	1.3340291091117664
510	100	1.3518547167248538
520	100	1.369183422838209
530	100	1.3854373968212803
540	100	1.399736607752822
550	100	1.4107419904796088
560	100	1.416423171577133
570	100	1.4137368047403558
580	100	1.3982046854078298
590	100	1.3634318992865446
600	100	1.3007106980894803
610	100	1.199076480510878
620	100	1.0465284173286709
630	100	0.8334509574420584
640	100	0.5589532712685177
650	100	0.23876876689263765
660	100	-0.09058492995598762
670	100	-0.3786536670667313
680	100	-0.5800419222094049
690	100	-0.6745898876505271
700	100	-0.6736859717481262
710	100	-0.6091947014357504
720	100	-0.5158018969420944
730	100	-0.4191100299919747
740	100	-0.33293912290454486
750	100	-0.2621504048887087
760	100	-0.20658248744878563
770	100	-0.16397753639718723
780	100	-0.13161134499235835
790	100	-0.10701262276173325
0	101	1.0046911090030783
10	101	1.0047784025904851
20	101	1.004984070785069
30	101	1.0053203177358943
40	101	1.0057803179720082
50	101	1.0063906560684277
60	101	1.0071043882163275
70	101	1.0079588897093887
80	101	1.0089175403275392
90	101	1.0099982890979473
100	101	1.0112272132023088
110	101	1.0125516457224017
120	101	1.0140189487311686
130	101	1.0156457272034072
140	101	1.0174100719369206
150	101	1.0193485301237943
160	101	1.0214542150221033
170	101	1.0237637035830525
180	101	1.0262753424343043
190	101	1.0290137080507638
200	101	1.032003586084314
210	101	1.035260539770287
220	101	1.0388017815967252
230	101	1.0426641561124548
240	101	1.0468603516377488
250	101	1.0514187598090932
260	101	1.056363491604524
270	101	1.0617249384302867
280	101	1.0675275941123394
290	101	1.0737987234769981
300	101	1.0805651477277316
310	101	1.087854061714503
320	101	1.0956886262266925
330	101	1.1040943694885188
340	101	1.113091834582744
350	101	1.122701612441706
360	101	1.1329393352052992
370	101	1.1441012236539214
380	101	1.1553509191367528
390	101	1.1675388944889193
400	101	1.1803838342412625
410	101	1.1938806510563746
420	101	1.2080186840108942
430	101	1.2227803828859862
440	101	1.2381387199203604
450	101	1.2540578806495892
460	101	1.2704870091641691
470	101	1.2873558096071938
480	101	1.304566418145423
490	101	1.3219770049449404
500	101	1.3393819984513342
510	101	1.356475668527673
520	101	1.3727992715005948
530	101	1.3876586134892124
540	101	1.4000015954013219
550	101	1.408236214861
560	101	1.409972300145931
570	101	1.401672213421871
580	101	1.3782202342851295
590	101	1.3324851908174902
600	101	1.2550935022195744
610	101	1.1348834740645788
620	101	0.9608501356460868
630	101	0.726517033016251
640	101	0.4368085397212225
650	101	0.11476321833113295
660	101	-0.19805090789318622
670	101	-0.45286447613301417
680	101	-0.6135664244121436
690	101	-0.6720257401173176
700	101	-0.6476443774571196
710	101	-0.5733658639107788
720	101	-0.48011847547980063
730	101	-0.38865988371620536
740	101	-0.30919671275582966
750	101	-0.24465693840574415
760	101	-0.19416189902068082
770	101	-0.15538177784851392
780	101	-0.1257788678521305
790	101	-0.1031270602371799
0	102	1.0051768432874983
10	102	1.0052514874617335
20	102	1.0054635364933011
30	102	1.0058340095967973
40	102	1.0063318425550452
50	102	1.0069689092434755
60	102	1.007768204374978
70	102	1.0086688542564306
80	102	1.0097045081222529
90	102	1.0108736245231713
100	102	1.0121726812644405
110	102	1.0136106615970704
120	102	1.015187616611251
130	102	1.0169228696749837
140	102	1.018815506312856
150	102	1.0208769842134988
160	102	1.0231340392660666
170	102	1.025582392293016
180	102	1.028253069969345
190	102	1.0311660097958184
200	102	1.034331442308985
210	102	1.0377749375958436
220	102	1.041517903974319
230	102	1.0455785669010311
240	102	1.0499914341313241
250	102	1.0547741955275667
260	102	1.0599521488878634
270	102	1.0655515828380957
280	102	1.0715989623903093
290	102	1.078118345214754
300	102	1.0851363148296207
310	102	1.0926772896732082
320	102	1.1007630714671846
330	102	1.1094146219497152
340	102	1.1186514916574894
350	102	1.1284896059789715
360	102	1.1389437770123525
370	102	1.1500214394100716
380	102	1.1617290284631716
390	102	1.1740686756386192
400	102	1.1870354316235947
410	102	1.2006215698648888
420	102	1.214810930071775
430	102	1.2295808377394324
440	102	1.2448993354622218
450	102	1.2607229851245738
460	102	1.2769922947356276
470	102	1.29362465926608
480	102	1.3105029927871499
490	102	1.3274593227818605
500	102	1.3442470010194905
510	102	1.3604992283678992
520	102	1.3756651718305377
530	102	1.388914129074925
540	102	1.3989929044463485
550	102	1.404020218103806
560	102	1.4012017453587484
570	102	1.3864614698337188
580	102	1.354021092108002
590	102	1.2960502567243326
600	102	1.2026829048181704
610	102	1.062974513503245
620	102	0.8676447215700679
630	102	0.6142739312983582
640	102	0.3141561232844133
650	102	-0.003068363992963282
660	102	-0.2931285650359071
670	102	-0.5117901550206625
680	102	-0.6334437532258622
690	102	-0.6606134729886272
700	102	-0.6180438736307945
710	102	-0.5377963610353076
720	102	-0.44657660973402247
730	102	-0.360802966451101
740	102	-0.2877648934486099
750	102	-0.22895152168175792
760	102	-0.18301713139957385
770	102	-0.1476496364030609
780	102	-0.1205089954456952
790	102	-0.09959629784742027
0	103	1.0056871337979227
10	103	1.0057562715672603
20	103	1.0059934938489545
30	103	1.0063874723954018
40	103	1.0069146859945843
50	103	1.0076198723291394
60	103	1.0084558676538107
70	103	1.0094311308777062
80	103	1.0105478083499315
90	103	1.0117913528604494
100	103	1.0131920485818495
110	103	1.0147298255739898
120	103	1.016419550741776
130	103	1.018275271473678
140	103	1.0202850669856205
150	103	1.0224922921810653
160	103	1.0248889494648614
170	103	1.0274946789401864
180	103	1.0303360691083479
190	103	1.0334149302496418
200	103	1.0367634882191767
210	103	1.040398326158385
220	103	1.0443367857526769
230	103	1.048611969972634
240	103	1.0532401854842106
250	103	1.058245089430894
260	103	1.063655757025847
270	103	1.0694911464871197
280	103	1.075780496974876
290	103	1.0825451463182756
300	103	1.089807308956962
310	103	1.0975922576093227
320	103	1.1059191315650703
330	103	1.1148049228302541
340	103	1.1242664563195468
350	103	1.1343167910855272
360	103	1.1452023209578712
370	103	1.1562224289031366
380	103	1.168084252167147
390	103	1.1805508958355089
400	103	1.1936144444154901
410	103	1.2072616416438833
420	103	1.221473141254037
430	103	1.2362207263803346
440	103	1.2514670251418163
450	103	1.2671604870729996
460	103	1.283231552180303
470	103	1.2995825313405724
480	103	1.316075355924973
490	103	1.332509024923197
500	103	1.348588307079893
510	103	1.3638737649553407
520	103	1.3777060625953315
530	103	1.3890945649220545
540	103	1.3965539819434296
550	103	1.3978748636885678
560	103	1.389815190991329
570	103	1.367723916197165
580	103	1.32515788916041
590	103	1.2536715016683562
600	103	1.1431609077833018
610	103	0.9834191679887161
620	103	0.7676887029437603
630	103	0.4984183413619087
640	103	0.193409288971911
650	103	-0.11239877141821021
660	103	-0.3746389226869395
670	103	-0.5559411386967351
680	103	-0.6414390311103385
690	103	-0.6423656400808613
700	103	-0.5863512212341893
710	103	-0.5031976675177992
720	103	-0.4153279980437024
730	103	-0.3354123262685392
740	103	-0.2684358304757387
750	103	-0.21484132923823476
760	103	-0.17300087877536657
770	103	-0.14067952460737002
780	103	-0.11573614121310173
790	103	-0.09638008873079906
0	104	1.0062185054297723
10	104	1.006301467605798
20	104	1.0065626054009398
30	104	1.00697658293525
40	104	1.0075535279793546
50	104	1.0083004809176335
60	104	1.0091918267460223
70	104	1.0102384115274612
80	104	1.0114310520934506
90	104	1.0127755059602377
100	104	1.014266364805358
110	104	1.0159148803754765
120	104	1.0177170531540927
130	104	1.019698614125547
140	104	1.0218421185245474
150	104	1.024187848844226
160	104	1.0267386020546025
170	104	1.0295028087950338
180	104	1.0325081308135484
190	104	1.0357677786367057
200	104	1.0392998215129488
210	104	1.0431269812045048
220	104	1.0472719742593293
230	104	1.0517569739242287
240	104	1.0566026630506795
250	104	1.0618328345607158
260	104	1.0674697189202071
270	104	1.0735413073294522
280	104	1.080066659170784
290	104	1.087069323021598
300	104	1.094570968352511
310	104	1.1025893645918192
320	104	1.1111451265322538
330	104	1.120251641463182
340	104	1.12992357964653
350	104	1.1401696956578067
360	104	1.1509964189208741
370	104	1.1624073737910285
380	104	1.1744001608100119
390	104	1.1869702010755814
400	104	1.2001042441985765
410	104	1.2139181080996049
420	104	1.227991107473407
430	104	1.2426866907732326
440	104	1.2578284580568053
450	104	1.2733570009495854
460	104	1.2891900371926033
470	104	1.305212919941938
480	104	1.321261368076536
490	104	1.3370960511693455
500	104	1.3523638163199665
510	104	1.3665384710391
520	104	1.378833578423382
530	104	1.388072617209605
540	104	1.392504482839609
550	104	1.3895516433746202
560	104	1.3754843140758883
570	104	1.345052677809253
580	104	1.2911772301418958
590	104	1.2049392562765573
600	104	1.0763420710361944
610	104	0.8965325482603841
620	104	0.6620884188694253
630	104	0.38092502779861637
640	104	0.07699134677315479
650	104	-0.21128273614068818
660	104	-0.4420230153410291
670	104	-0.5863263234131242
680	104	-0.6394452861496407
690	104	-0.619103523422508
700	104	-0.553744632377683
710	104	-0.4700636378570191
720	104	-0.38641769361645867
730	104	-0.3123326277968237
740	104	-0.25100997751500165
750	104	-0.20215219305841267
760	104	-0.16398329241730716
770	104	-0.1343828570043994
780	104	-0.11140333048263755
790	104	-0.09344344591430696
0	105	1.0067949117682744
10	105	1.0068839167874424
20	105	1.0071597929174076
30	105	1.0076124662713637
40	105	1.0082346725095386
50	105	1.0090219615770122
60	105	1.0099822355724448
70	105	1.0110924584982282
80	105	1.0123752862211874
90	105	1.013811939334227
100	105	1.015407181923048
110	105	1.0171645467098835
120	105	1.019088319961126
130	105	1.0211966112856494
140	105	1.0234862321650258
150	105	1.025969873059135
160	105	1.028673641034316
170	105	1.031603645843176
180	105	1.0347793696516006
190	105	1.0382163294055327
200	105	1.0419377025640124
210	105	1.045963325050942
220	105	1.0503128778658435
230	105	1.0550067752744359
240	105	1.0600714582599209
250	105	1.0655265553825257
260	105	1.0713920491528202
270	105	1.0776936943187956
280	105	1.0844515937421702
290	105	1.0916848913742319
300	105	1.0994151886941097
310	105	1.1076594956215957
320	105	1.1164306498436125
330	105	1.1257448637310303
340	105	1.1356093219106917
350	105	1.1460321418532855
360	105	1.1570170004312506
370	105	1.1685631028632542
380	105	1.180664908495776
390	105	1.19331272399543
400	105	1.2064921139569615
410	105	1.2201814505500674
420	105	1.2343521759207294
430	105	1.248965707019891
440	105	1.2639714398297506
450	105	1.2792989718411063
460	105	1.2948530079658724
470	105	1.310497396471415
480	105	1.3260372715455964
490	105	1.3411867147515486
500	105	1.355524390901665
510	105	1.3684220697654355
520	105	1.3789440398921733
530	105	1.3856997044158879
540	105	1.3866372816618173
550	105	1.3787711643583997
560	105	1.3578506271359114
570	105	1.3180225976643003
580	105	1.2516388792432585
590	105	1.1495201770318395
600	105	1.002214254614168
610	105	0.8029094578159391
620	105	0.5522706373553278
630	105	0.26396021024660715
640	105	-0.03280688848993093
650	105	-0.29825961506456017
660	105	-0.49531581085590753
670	105	-0.6043209424626802
680	105	-0.6293562154141571
690	105	-0.5924116140250584
700	105	-0.5211375478882402
710	105	-0.43871340383293894
720	105	-0.3598148352334901
730	105	-0.2913941847460849
740	105	-0.23529961076518693
750	105	-0.1907277772961776
760	105	-0.15585013805857245
770	105	-0.12868233882702884
780	105	-0.10746097709950839
790	105	-0.09075596455427745
0	106	1.0074190432503718
10	106	1.007506498780483
20	106	1.0078039819162474
30	106	1.0082776139743344
40	106	1.0089503176703387
50	106	1.0097920686472497
60	106	1.010821179806993
70	106	1.0120082890966084
80	106	1.013378027057234
90	106	1.0149113550316853
100	106	1.0166131198213668
110	106	1.0184824631041756
120	106	1.0205326116052034
130	106	1.0227720263929307
140	106	1.0252020678289793
150	106	1.0278394422694253
160	106	1.0306984804003319
170	106	1.0337976963968911
180	106	1.0371465540515215
190	106	1.0407706194435782
200	106	1.0446804961061025
210	106	1.0489060597312159
220	106	1.0534607341786668
230	106	1.0583675915262183
240	106	1.0636473258917039
250	106	1.069323203345057
260	106	1.0754162798189515
270	106	1.0819427162066046
280	106	1.0889236612580915
290	106	1.0963834220861863
300	106	1.1043340542336615
310	106	1.112789955784432
320	106	1.1217657326773662
330	106	1.131270652733671
340	106	1.141311809240196
350	106	1.1518943046476426
360	106	1.1634834205187607
370	106	1.174675334211902
380	106	1.1868625027854989
390	106	1.1995652249339561
400	106	1.212764620222952
410	106	1.226435265556357
420	106	1.2405442254875128
430	106	1.2550468707130014
440	106	1.2698833879269005
450	106	1.2849735943027125
460	106	1.3002045013315364
470	106	1.315415534112605
480	106	1.330374706381478
490	106	1.3447412923796276
500	106	1.358012003570822
510	106	1.3694396746598545
520	106	1.3779160121654983
530	106	1.3818048839716464
540	106	1.378717404776276
550	106	1.365223885284717
560	106	1.3365298099415432
570	106	1.2862007004578921
580	106	1.2061382204586153
590	106	1.0871917396880821
600	106	0.9209784541507733
610	106	0.7034448739617746
620	106	0.4399457417245864
630	106	0.14977069517175956
640	106	-0.13396214507042506
650	106	-0.37241179090138193
660	106	-0.5350760735661506
670	106	-0.6115296162441758
680	106	-0.6129678873521985
690	106	-0.5636202716837473
700	106	-0.48921157394969184
710	106	-0.4093300686795197
720	106	-0.3354368274414716
730	106	-0.27242296706430713
740	106	-0.22113085462684937
750	106	-0.18042846646312555
760	106	-0.1485009898775718
770	106	-0.12351046648385577
780	106	-0.10386588540505111
790	106	-0.08829110688674892
0	107	1.008082830224798
10	107	1.0081808908840115
20	107	1.008492914588826
30	107	1.0090056776679026
40	107	1.0097152054737213
50	107	1.0106171908180148
60	107	1.0117125207030606
70	107	1.012986937867968
80	107	1.0144349905860648
90	107	1.0160705209643126
100	107	1.0178837988893972
110	107	1.0198667046296743
120	107	1.0220489941579898
130	107	1.024420883426283
140	107	1.0269952941882732
150	107	1.0297949645381443
160	107	1.0328168675721412
170	107	1.0360814879999827
180	107	1.0396128572097658
190	107	1.0434208845049429
200	107	1.0475287212086866
210	107	1.051950300976551
220	107	1.0567128205328116
230	107	1.0618302312659935
240	107	1.0673264482152736
250	107	1.0732185664586125
260	107	1.079531240978305
270	107	1.086278958011284
280	107	1.0934806401794377
290	107	1.101155153106569
300	107	1.1093142792298032
310	107	1.1179711184656216
320	107	1.127137383462104
330	107	1.1364226254760366
340	107	1.1470189947334624
350	107	1.1577400303365601
360	107	1.1689802245219842
370	107	1.1807305217610515
380	107	1.192980739193625
390	107	1.205714518692885
400	107	1.218909189276637
410	107	1.2325355184414504
420	107	1.2465553108483114
430	107	1.260917280005292
440	107	1.2755526646302402
450	107	1.2903670235272473
460	107	1.3052277011440956
470	107	1.3199444555393995
480	107	1.3342412750448798
490	107	1.3477121652682487
500	107	1.3597582769861172
510	107	1.369492523170179
520	107	1.3756080240571071
530	107	1.3761914258250303
540	107	1.3684805226557102
550	107	1.3485707135589946
560	107	1.3111179273346956
570	107	1.2491620374678036
580	107	1.1543328103422719
590	107	1.0178795637584828
600	107	0.8330831861646333
610	107	0.5993352686868889
620	107	0.3270434000595442
630	107	0.04055900509286805
640	107	-0.22483160017229664
650	107	-0.43337534362488583
660	107	-0.562285494652758
670	107	-0.6096591112876866
680	107	-0.5919108464479513
690	107	-0.5338097019352237
700	107	-0.4584529030681458
710	107	-0.38199391252099696
720	107	-0.3131679306591999
730	107	-0.2552473173189369
740	107	-0.20834438287097198
750	107	-0.17113004449442712
760	107	-0.14184765118365972
770	107	-0.11880828359419997
780	107	-0.1005803547112088
790	107	-0.08602572372282576
0	108	1.0087861459012455
10	108	1.008900746815122
20	108	1.0092256004017586
30	108	1.0097741928964519
40	108	1.0105250109031538
50	108	1.0114876543015696
60	108	1.0126515331640833
70	108	1.0140096322462537
80	108	1.0155569232238018
90	108	1.0172952588131356
100	108	1.0192114439863904
110	108	1.0213275216676678
120	108	1.023640695219473
130	108	1.0261563932656603
140	108	1.0288824525973377
150	108	1.0318317594201882
160	108	1.0350218925160006
170	108	1.038466849680496
180	108	1.0421746121238322
190	108	1.0461733625947525
200	108	1.0504732403792045
210	108	1.055097344299449
220	108	1.0600646957478224
230	108	1.0653931735428968
240	108	1.071100497020484
250	108	1.0772106295267148
260	108	1.0837356069109503
270	108	1.0906972237482329
280	108	1.0981106140980317
290	108	1.1061697813323612
300	108	1.1143469902126986
310	108	1.1231920241105833
320	108	1.132532927015197
330	108	1.1423736483261409
340	108	1.1527168043999092
350	108	1.1635589382501967
360	108	1.1748957239461166
370	108	1.1867166413647654
380	108	1.199007985488975
390	108	1.2117495037242267
400	108	1.224915253927992
410	108	1.2384720891809093
420	108	1.2523758694699225
430	108	1.266567630571727
440	108	1.280967381690955
450	108	1.2954650834904473
460	108	1.309903547152269
470	108	1.3240578928177902
480	108	1.3375989507873511
490	108	1.3500443101647723
500	108	1.3606820724388606
510	108	1.3684644610691667
520	108	1.3718570929070282
530	108	1.3686361471926056
540	108	1.3556330344905114
550	108	1.3284469608992684
560	108	1.2812009112194063
570	108	1.2065086945869297
580	108	1.0959735375340973
590	108	0.9416948090907943
600	108	0.7392488680242283
610	108	0.4920574380028729
620	108	0.2156235489079453
630	108	-0.06164331855282293
640	108	-0.304231945890714
650	108	-0.4813064862483836
660	108	-0.5782315900352264
670	108	-0.6004101743413431
680	108	-0.5676105320518537
690	108	-0.5038282345016328
700	108	-0.42918831948507313
710	108	-0.3567100320221316
720	108	-0.29287300904435754
730	108	-0.23970238998513396
740	108	-0.1967954956155825
750	108	-0.1627222628491658
760	108	-0.1358126739258767
770	108	-0.11452422482372908
780	108	-0.09757145192031183
790	108	-0.08393955848010246
0	109	1.0095346835940735
10	109	1.00965916788173
20	109	1.0100150589578178
30	109	1.010591990937452
40	109	1.0113978768954348
50	109	1.0124146824932114
60	109	1.0136556307612663
70	109	1.0150949820341533
80	109	1.0167371046490012
90	109	1.0185785219626249
100	109	1.0206222883873837
110	109	1.0228627457048238
120	109	1.025307943741031
130	109	1.0279712354277881
140	109	1.0308483807865576
150	109	1.0339614591121475
160	109	1.037319390754185
170	109	1.0409371188843235
180	109	1.0448330763047555
190	109	1.0490182721528714
200	109	1.0535138079983062
210	109	1.0583395158499402
220	109	1.0635116633476196
230	109	1.0690476961740805
240	109	1.0749667241432703
250	109	1.081286370914252
260	109	1.0880215207679271
270	109	1.095191933727159
280	109	1.1028059094729956
290	109	1.1110294267304097
300	109	1.1194228446930197
310	109	1.1284412026351351
320	109	1.1379425800595298
330	109	1.1484442991764217
340	109	1.158061159787839
350	109	1.1696252628579793
360	109	1.1807519772056032
370	109	1.1926221180399368
380	109	1.204932037872048
390	109	1.2176588634235823
400	109	1.2307726372071863
410	109	1.2442348855486753
420	109	1.257995285642687
430	109	1.2719866655443013
440	109	1.2861150894035231
450	109	1.30025129082339
460	109	1.3142101917880333
470	109	1.3277241804784494
480	109	1.3404023398977805
490	109	1.3516711603266465
500	109	1.360688109727818
510	109	1.366219979047884
520	109	1.366475514860537
530	109	1.3588875741914812
540	109	1.3398529160866217
550	109	1.3044675885686008
560	109	1.2463682627691601
570	109	1.1578938084743113
580	109	1.0309386956192803
590	109	0.858968154478492
600	109	0.6404771664580785
610	109	0.3833220075183608
620	109	0.10776928955817032
630	109	-0.15509048074982798
640	109	-0.3714779736948686
650	109	-0.5168123261182621
660	109	-0.5843887826792679
670	109	-0.5853941879568152
680	109	-0.5412714324833241
690	109	-0.47431889342299227
700	109	-0.4016183431717742
710	109	-0.33343036794152314
720	109	-0.27440767147416983
730	109	-0.22563288983143615
740	109	-0.18635357350913095
750	109	-0.15510750389554534
760	109	-0.13032802854352588
770	109	-0.11061313284797376
780	109	-0.09481033582365331
790	109	-0.08201485390170486
0	110	1.0103386043439868
10	110	1.0104734955583325
20	110	1.0108456793926042
30	110	1.0114623455349112
40	110	1.012314633365439
50	110	1.0134010059812568
60	110	1.0147075410271602
70	110	1.0162374057328556
80	110	1.0179813436240581
90	110	1.0199295869106537
100	110	1.022095212787924
110	110	1.0244632258514474
120	110	1.0270542965764693
130	110	1.0298602064300346
140	110	1.0328988495285019
150	110	1.03617287804616
160	110	1.039708055469443
170	110	1.0435054175086873
180	110	1.0475843504567741
190	110	1.0519581205104127
200	110	1.0566515659766929
210	110	1.0616788604970648
220	110	1.067052787397512
230	110	1.0727927082938267
240	110	1.0789171925353584
250	110	1.085443255688095
260	110	1.0923819261631227
270	110	1.0992868984572048
280	110	1.1075563253471647
290	110	1.1158143680826165
300	110	1.124530276928317
310	110	1.1337098979026008
320	110	1.1433544829779019
330	110	1.153465795425818
340	110	1.1641190074357854
350	110	1.175065145753651
360	110	1.1865361969373032
370	110	1.19843570707533
380	110	1.210743392777336
390	110	1.2234334367320883
400	110	1.2364718822720888
410	110	1.2498150245487292
420	110	1.263405087810223
430	110	1.2771636510686475
440	110	1.2909824724053973
450	110	1.3047085750664633
460	110	1.3181225638853546
470	110	1.3309070492551094
480	110	1.3425977276726333
490	110	1.3525147655378933
500	110	1.3596647865886742
510	110	1.362602694355225
520	110	1.3592502549098688
530	110	1.3466662852053015
540	110	1.3207926283392768
550	110	1.2762356985561447
560	110	1.2062299397344969
570	110	1.1030494867536262
580	110	0.9592686595061839
590	110	0.7702763492015602
600	110	0.5380409807422163
610	110	0.27500319753162206
620	110	0.005471961070775014
630	110	-0.23841337988435374
640	110	-0.42638007880990597
650	110	-0.5408574645264406
660	110	-0.5823090290324039
670	110	-0.5660755519918732
680	110	-0.5138793407373963
690	110	-0.4457496856705686
700	110	-0.37584628821815047
710	110	-0.3120710806924524
720	110	-0.25762540825343777
730	110	-0.21289452784072457
740	110	-0.17690130909667037
750	110	-0.1481994005961026
760	110	-0.12533397652419997
770	110	-0.10703543333525443
780	110	-0.0922717199237669
790	110	-0.0802360239826187
0	111	1.0112011732303976
10	111	1.0113319107002174
20	111	1.0117244715784341
30	111	1.0123823024284562
40	111	1.013283363153882
50	111	1.0144305722457043
60	111	1.0158280664001595
70	111	1.0174411319676318
80	111	1.0192839292160032
90	111	1.0213514414141684
100	111	1.0236362474597502
110	111	1.0261463742589907
120	111	1.0288768628257343
130	111	1.0318342022076286
140	111	1.0350297148397
150	111	1.0384771952530265
160	111	1.0421791540270506
170	111	1.046158479724902
180	111	1.0504247800305138
190	111	1.0549915158980057
200	111	1.0598791494921216
210	111	1.0651023220920277
220	111	1.0706797891772
230	111	1.076622707121673
240	111	1.0829484376042835
250	111	1.089486275890935
260	111	1.0968070224516224
270	111	1.1043642047144402
280	111	1.112353147399466
290	111	1.1207820125125514
300	111	1.1296587804185385
310	111	1.1389837684314026
320	111	1.1487581152390474
330	111	1.158978180535628
340	111	1.169639376439711
350	111	1.1807301815973732
360	111	1.1922393086205512
370	111	1.2041480935340367
380	111	1.2164325508562344
390	111	1.2290639967236285
400	111	1.242004018848137
410	111	1.2552034884422891
420	111	1.2685945497382212
430	111	1.2820873286633436
440	111	1.2955543967099894
450	111	1.30881505336329
460	111	1.3216102166679171
470	111	1.3335622062238275
480	111	1.344121021790533
490	111	1.352483286748461
500	111	1.3574819816637393
510	111	1.3574331666587252
520	111	1.349941071778352
530	111	1.3316648690795323
540	111	1.298084136144618
550	111	1.2433544594702644
560	111	1.160437887857207
570	111	1.041817987208396
580	111	0.881199089099295
590	111	0.6764567466733814
600	111	0.43345248786433527
610	111	0.16904879470728976
620	111	-0.08948013411701562
630	111	-0.31067819667037094
640	111	-0.46920431546595825
650	111	-0.5546595019287109
660	111	-0.573529796297743
670	111	-0.5437378852286506
680	111	-0.48621588602626875
690	111	-0.418443984381987
700	111	-0.35190276724506775
710	111	-0.29252578221140185
720	111	-0.24238243186243913
730	111	-0.20135465514082607
740	111	-0.16833372915381395
750	111	-0.141921663323025
760	111	-0.12077798522834805
770	111	-0.10375639535831327
780	111	-0.08993339531322
790	111	-0.07858934787061933
0	112	1.0121025966868682
10	112	1.0122440188347437
20	112	1.0126630477710408
30	112	1.0133500113798197
40	112	1.01430818635794
50	112	1.0155278072648681
60	112	1.0169947532743984
70	112	1.0187080109117332
80	112	1.0206639217419944
90	112	1.0228412435515462
100	112	1.025256126641711
110	112	1.027897526741794
120	112	1.0307687524772449
130	112	1.033889081104039
140	112	1.0372471075373326
150	112	1.0408578442887022
160	112	1.044739381295227
170	112	1.048899708237232
180	112	1.0533532121467688
190	112	1.0581131306856046
200	112	1.0631962872450924
210	112	1.0686161158826857
220	112	1.0743890462981462
230	112	1.0805313399554317
240	112	1.0874063252643875
250	112	1.0936259803170032
260	112	1.1017264736441084
270	112	1.109026462431487
280	112	1.1171869339694507
290	112	1.1257768956603333
300	112	1.1348576040005696
310	112	1.1442544284213307
320	112	1.1541416574847077
330	112	1.1644549447126684
340	112	1.1751864699411307
350	112	1.1863236603109117
360	112	1.1978514977621728
370	112	1.2097491553360857
380	112	1.2219903503090561
390	112	1.2345426152236894
400	112	1.247361845185551
410	112	1.2603914076943281
420	112	1.2735546184784987
430	112	1.2867450303547499
440	112	1.2998136366139232
450	112	1.3125470703819069
460	112	1.3246374349315606
470	112	1.3356375187895666
480	112	1.3448964652837576
490	112	1.3514686605728872
500	112	1.353988918199087
510	112	1.350506601390896
520	112	1.3382805762535783
530	112	1.3135510524076055
540	112	1.2713459080907457
550	112	1.2054422440563954
560	112	1.1087113322994384
570	112	0.9741839474811964
580	112	0.7971884281416036
590	112	0.5786059586498388
600	112	0.32840852987926883
610	112	0.0673781624320935
620	112	-0.17559790265243982
630	112	-0.3714082744285276
640	112	-0.500603838562461
650	112	-0.5595849432640088
660	112	-0.5595034794016007
670	112	-0.519470387499604
680	112	-0.4588805617323857
690	112	-0.39260913659687696
700	112	-0.32976566804832963
710	112	-0.2746753872693844
720	112	-0.22854100713255046
730	112	-0.19089229003974736
740	112	-0.16055716463496425
750	112	-0.1362068721937258
760	112	-0.11661385229373901
770	112	-0.1007454788621487
780	112	-0.0877758160829598
790	112	-0.07706274497875923
0	113	1.0130658477942325
10	113	1.0132127014354944
20	113	1.013658676052904
30	113	1.0143855648792088
40	113	1.0153944677456788
50	113	1.0166858398460588
60	113	1.0182381996624483
70	113	1.0200446341073528
80	113	1.0220985480299343
90	113	1.0243978046655748
100	113	1.0269441831660042
110	113	1.0297255953257982
120	113	1.032749854464052
130	113	1.0360217027424745
140	113	1.0395466314292423
150	113	1.0433293440969875
160	113	1.0473884215635707
170	113	1.0517287527541508
180	113	1.056369166233454
190	113	1.0613203795877764
200	113	1.0665968270028927
210	113	1.0722088786075117
220	113	1.0781772782932462
230	113	1.084510068555723
240	113	1.091221901673245
250	113	1.098322200982003
260	113	1.105674946583144
270	113	1.1137285251698652
280	113	1.122048498756038
290	113	1.1307842522946763
300	113	1.1399782645238248
310	113	1.149510754217902
320	113	1.1594947834843108
330	113	1.1698845686775448
340	113	1.180669192150779
350	113	1.1918347175772892
360	113	1.2033630397295867
370	113	1.2152312775161753
380	113	1.2274101953205452
390	113	1.239861819195903
400	113	1.2525368407300497
410	113	1.2653709685376195
420	113	1.2782743015972848
430	113	1.2911228534531205
440	113	1.3037404675477655
450	113	1.3158750507586856
460	113	1.3271617720029512
470	113	1.3370708806973377
480	113	1.3448349423557366
490	113	1.349344932517095
500	113	1.349012738300876
510	113	1.3415927707381594
520	113	1.3239743667882191
530	113	1.2919716698479808
540	113	1.2401939109087494
550	113	1.1621521097244978
560	113	1.050865092007819
570	113	0.9003064121003325
580	113	0.7079360596581964
590	113	0.47805895259523284
600	113	0.22471622627655535
610	113	-0.02822228962683237
620	113	-0.2517629786610997
630	113	-0.42057011454948645
640	113	-0.5215322060862537
650	113	-0.5570549203050644
660	113	-0.541548850945052
670	113	-0.49416932755559534
680	113	-0.4323161942401313
690	113	-0.36836171967441755
700	113	-0.309376160659827
710	113	-0.2583953579909187
720	113	-0.2159713370302214
730	113	-0.18139776145046493
740	113	-0.1534882231777416
750	113	-0.13099550536823654
760	113	-0.11280090062205464
770	113	-0.09797580589967779
780	113	-0.08578176733730095
790	113	-0.07564552208682283
0	114	1.0140792523849869
10	114	1.0142387574005387
20	114	1.0146983330226846
30	114	1.015475065757781
40	114	1.0165400163148584
50	114	1.017895229875311
60	114	1.019531159163714
70	114	1.0214394732116094
80	114	1.0236017654891265
90	114	1.0260305983702873
100	114	1.0287067931267257
110	114	1.0316322942698353
120	114	1.0348018477555214
130	114	1.0382333704532416
140	114	1.0419227249460297
150	114	1.0458812070271977
160	114	1.0501176950817337
170	114	1.0546438985874764
180	114	1.0594687050324503
190	114	1.0646075899673988
200	114	1.0700745275722405
210	114	1.0758771844753183
220	114	1.0820351688400132
230	114	1.0885547394770687
240	114	1.0954488958858943
250	114	1.102725384086776
260	114	1.1103936605491125
270	114	1.1186322122306445
280	114	1.1268169652879776
290	114	1.135894587591124
300	114	1.1450712478844574
310	114	1.1547436561475728
320	114	1.1648085020088297
330	114	1.1752583328438768
340	114	1.1860788705841236
350	114	1.1972552896693267
360	114	1.2087667152746386
370	114	1.2205868170274485
380	114	1.232683283585315
390	114	1.2450135682860546
400	114	1.2575217740801
410	114	1.2701326717301882
420	114	1.2827418112328124
430	114	1.2952040118781685
440	114	1.3073108481540754
450	114	1.3187641804146075
460	114	1.3291317647236576
470	114	1.3377884812072092
480	114	1.34383163754768
490	114	1.3459668012741806
500	114	1.3423564541125268
510	114	1.3304345898003826
520	114	1.3067035147196275
530	114	1.2665592266735084
540	114	1.2042552055351083
550	114	1.1131946000174235
560	114	0.986840048806865
570	114	0.8205464411434439
580	114	0.6143868684060392
590	114	0.37634772874940847
600	114	0.12420380537503897
610	114	-0.11619564071963619
620	114	-0.31726806511762684
630	114	-0.4585285626742881
640	114	-0.533149302046576
650	114	-0.5484667402618439
660	114	-0.5208228307185188
670	114	-0.4685502903324551
680	114	-0.40683496063519353
690	114	-0.34574934102261
700	114	-0.29065110263279537
710	114	-0.24356080151077109
720	114	-0.20455266081259812
730	114	-0.17277215394420622
740	114	-0.147052701997877
750	114	-0.1262349557233481
760	114	-0.1093032573028734
770	114	-0.09542369469559385
780	114	-0.0839360414654554
790	114	-0.0743282411691018
0	115	1.0151615335478117
10	115	1.0153297138841906
20	115	1.0158091491094807
30	115	1.016621042567218
40	115	1.0177476329899027
50	115	1.0191781382124272
60	115	1.0208984359355386
70	115	1.0229014719829106
80	115	1.0251817158787893
90	115	1.0277267042509621
100	115	1.0305386631197786
110	115	1.03360530013281
120	115	1.036934171889903
130	115	1.0405262259651433
140	115	1.044383065875421
150	115	1.048512677919711
160	115	1.0529290968631246
170	115	1.0576372195286154
180	115	1.0626469557042009
190	115	1.0679731339029346
200	115	1.073626769123385
210	115	1.079542593439031
220	115	1.0859576614651874
230	115	1.0926577334513627
240	115	1.0997272520907941
250	115	1.1071712000666656
260	115	1.114998454030035
270	115	1.1232127283681694
280	115	1.1318298888410965
290	115	1.1408069828566025
300	115	1.1501843870934216
310	115	1.1599428376260046
320	115	1.1700740863218047
330	115	1.1805672895355706
340	115	1.191408389170565
350	115	1.202578098312754
360	115	1.2140551447616033
370	115	1.2258093590168406
380	115	1.2378045261244266
390	115	1.2499923010437004
400	115	1.2623086585798966
410	115	1.2746663935492692
420	115	1.2869437415496359
430	115	1.2989688902597045
440	115	1.310496811848659
450	115	1.3211726532905335
460	115	1.3304869285569316
470	115	1.3377031551306473
480	115	1.3417643573454645
490	115	1.3411667337296131
500	115	1.3337979752730864
510	115	1.3167491613350404
520	115	1.2861279880045786
530	115	1.2369414699086718
540	115	1.1631853004205566
550	115	1.0583640193670587
560	115	0.9167332880389744
570	115	0.7354875018791854
580	115	0.5177194662234565
590	115	0.27514027693631554
600	115	0.02862460599188412
610	115	-0.19529318409314775
620	115	-0.37182446395491203
630	115	-0.48597909594213906
640	115	-0.5367299487483936
650	115	-0.5351343591099895
660	115	-0.4983091965858125
670	115	-0.4431668542121186
680	115	-0.38264301869936895
690	115	-0.32476859441165484
700	115	-0.2734925349662479
710	115	-0.23004999213148067
720	115	-0.194173735230717
730	115	-0.16492652904460803
740	115	-0.1411847371937215
750	115	-0.1218787672395247
760	115	-0.10608930538610464
770	115	-0.0930682013266987
780	115	-0.08222517007112365
790	115	-0.07310251670569559
0	116	1.0162892735927789
10	116	1.0164622998373927
20	116	1.0169772060115652
30	116	1.0178306615764008
40	116	1.0190096640936026
50	116	1.0205141484014069
60	116	1.02232052862023
70	116	1.0244300084497653
80	116	1.026827259970892
90	116	1.0294956036076037
100	116	1.032445499611507
110	116	1.0356610700799094
120	116	1.0391414287050706
130	116	1.0428944911627458
140	116	1.0469186989736394
150	116	1.0512257729908923
160	116	1.0558199890757034
170	116	1.0607073815307242
180	116	1.065900244834732
190	116	1.0714052841744013
200	116	1.0772479122445238
210	116	1.0834197128147611
220	116	1.0899388399312917
230	116	1.096812974480197
240	116	1.1040474717017406
250	116	1.111651292260126
260	116	1.1196325259927589
270	116	1.1279780499380112
280	116	1.13670307386956
290	116	1.1458027502326353
300	116	1.1552704115827392
310	116	1.1650997979896272
320	116	1.1752823496688338
330	116	1.1858035094980715
340	116	1.1966483250604008
350	116	1.2077962299450136
360	116	1.2192214056674329
370	116	1.2308921799142654
380	116	1.2427667627313093
390	116	1.2547904090855706
400	116	1.2668890991799084
410	116	1.2789612028546782
420	116	1.2908641860250096
430	116	1.3023950331275034
440	116	1.3132631222745625
450	116	1.3230504570843042
460	116	1.3311550958823009
470	116	1.3367128349878772
480	116	1.3384917744608293
490	116	1.3347543234607964
500	116	1.323089403146923
510	116	1.3002290081004524
520	116	1.2618930514820372
530	116	1.2027539565248568
540	116	1.1166895345363377
550	116	0.9975667458234563
560	116	0.8408256415046234
570	116	0.6459446729516471
580	116	0.419315214576366
590	116	0.17616378110570605
600	116	-0.06043648867824963
610	116	-0.2646281781850103
620	116	-0.41553859927385617
630	116	-0.5038668435697188
640	116	-0.5335824502476931
650	116	-0.5182478882010677
660	116	-0.47482023549419816
670	116	-0.41843232393570157
680	116	-0.3598627420791234
690	116	-0.3053796190381543
700	116	-0.2577946687767196
710	116	-0.21774664679224845
720	116	-0.1847328200660157
730	116	-0.15778118325277474
740	116	-0.13582582513457975
750	116	-0.11788582020655686
760	116	-0.10313107306491105
770	116	-0.09089083334054832
780	116	-0.08063724120772069
790	116	-0.07196089807096374
0	117	1.0174834696819957
10	117	1.0176671682137313
20	117	1.0182061064154453
30	117	1.0191040413338814
40	117	1.020341276941268
50	117	1.0219205853596587
60	117	1.0238215576996208
70	117	1.0260288775275104
80	117	1.028539121260739
90	117	1.0313427047360366
100	117	1.0344242676703528
110	117	1.0377843547601935
120	117	1.041424291426948
130	117	1.04534222436547
140	117	1.0495351247845741
150	117	1.0540135513860502
160	117	1.058785652333299
170	117	1.0638503349554396
180	117	1.0692271807007099
190	117	1.0749172486256942
200	117	1.080934015244006
210	117	1.0873417181156364
220	117	1.0939731879889505
230	117	1.101012113550129
240	117	1.108405514854915
250	117	1.1161574088243635
260	117	1.1242714789699397
270	117	1.1327458011880176
280	117	1.1415824386290123
290	117	1.1507754863159563
300	117	1.1603199698072317
310	117	1.170206757640587
320	117	1.1804248054621516
330	117	1.190959518003695
340	117	1.2017931136404705
350	117	1.2129028606512593
360	117	1.2242603080753878
370	117	1.235829946949004
380	117	1.2475644877050436
390	117	1.259400856980872
400	117	1.2712539583215505
410	117	1.2830041216534056
420	117	1.294484021114721
430	117	1.3054536718483452
440	117	1.3155692992067578
450	117	1.3243377735291038
460	117	1.3310509120150102
470	117	1.3346985117135366
480	117	1.3338513450792766
490	117	1.3265145453437595
500	117	1.3099575567351704
510	117	1.2805460752217381
520	117	1.233637211010291
530	117	1.1636560396134785
540	117	1.0645468673918699
550	117	0.930849834265464
560	117	0.7596035294160979
570	117	0.5529595504905859
580	117	0.32070918505705165
590	117	0.0811178063178369
600	117	-0.14164491646928634
610	117	-0.3237002421040002
620	117	-0.4488631490189217
630	117	-0.5133019811109727
640	117	-0.5249818726345302
650	117	-0.4988504749111546
660	117	-0.4510074215782826
670	117	-0.39464223316618957
680	117	-0.3385518705399916
690	117	-0.28751765662618495
700	117	-0.2434490924766337
710	117	-0.2065413504666127
720	117	-0.1761374094392934
730	117	-0.15126479109369986
740	117	-0.13092403188508075
750	117	-0.11421975294324248
760	117	-0.1004038292878078
770	117	-0.08887519494130551
780	117	-0.07916165399844496
790	117	-0.0708967473061366
0	118	1.0187385840491292
10	118	1.0189315704298818
20	118	1.019496115203734
30	118	1.0204372107100963
40	118	1.0217366949440705
50	118	1.0233892337598374
60	118	1.0253794807018022
70	118	1.027694729053987
80	118	1.0303215411494584
90	118	1.0332532532274796
100	118	1.036473787043856
110	118	1.0399859716298359
120	118	1.043781713586369
130	118	1.0478601999116692
140	118	1.052223319527838
150	118	1.0568778824346132
160	118	1.061821932956051
170	118	1.067004176848691
180	118	1.0726190824619681
190	118	1.0784864833575163
200	118	1.0846767757894509
210	118	1.0913130999763687
220	118	1.0980531329123913
230	118	1.1052477742143654
240	118	1.1127912836671525
250	118	1.1206813093319314
260	118	1.1289215696342185
270	118	1.137510425398312
280	118	1.1464445356348036
290	118	1.1557188859625025
300	118	1.1653259284099313
310	118	1.1752555706220627
320	118	1.1854951485785843
330	118	1.196028994616347
340	118	1.2068360848277935
350	118	1.2178925044761157
360	118	1.2291663855834336
370	118	1.2406171388616705
380	118	1.2521909111871148
390	118	1.2638160932674456
400	118	1.275392340017621
410	118	1.2867796543649526
420	118	1.2977803879790695
430	118	1.3081109594447549
440	118	1.3173657788806656
450	118	1.3249636228266246
460	118	1.3300744355612721
470	118	1.3315222803503886
480	118	1.3276579691520318
490	118	1.3162073616270442
500	118	1.2941054374140604
510	118	1.2573567000085832
520	118	1.2010043616058164
530	118	1.1193498802730708
540	118	1.0066365124098862
550	118	0.8584281237008015
560	118	0.6737712889531784
570	118	0.45777792464592837
580	118	0.2235240968943291
590	118	-0.008414315538739527
600	118	-0.21397900164482092
610	118	-0.37239035431224377
620	118	-0.47253067662259424
630	118	-0.5154791613562351
640	118	-0.5121200662300249
650	118	-0.4778295173958849
660	118	-0.4273776673436855
670	118	-0.3719957956780113
680	118	-0.31871971125078497
690	118	-0.27110187784073114
700	118	-0.23034837373433953
710	118	-0.1963323191362213
720	118	-0.16830377689374704
730	118	-0.14531366364449233
740	118	-0.1264332572664537
750	118	-0.11084834554799658
760	118	-0.09788566709748406
770	118	-0.08700673053718398
780	118	-0.07778898457389014
790	118	-0.06990414866763363
0	119	1.0200591586131547
10	119	1.020259650409449
20	119	1.020849230273469
30	119	1.0218360530090818
40	119	1.0231958352391373
50	119	1.0249266499920635
60	119	1.0270076079881256
70	119	1.029427929602526
80	119	1.0321765079614607
90	119	1.0352360628629067
100	119	1.0385988672812412
110	119	1.0422611314914265
120	119	1.0462091547737449
130	119	1.0504547483371385
140	119	1.0549852488315974
150	119	1.0598093989445767
160	119	1.0652252184720827
170	119	1.070348964260221
180	119	1.0758073983783794
190	119	1.0821152371752256
200	119	1.0884739453921912
210	119	1.095156299420699
220	119	1.1021691830307707
230	119	1.109459692879509
240	119	1.1171976987422094
250	119	1.1252155650498228
260	119	1.1335719052479327
270	119	1.1422618795180528
280	119	1.1512807717714981
290	119	1.1606228206209814
300	119	1.1702800436928478
310	119	1.1802394133088068
320	119	1.1904870891207133
330	119	1.2010054073948273
340	119	1.2117721102017562
350	119	1.222760475552326
360	119	1.2339341312404855
370	119	1.2452482014669877
380	119	1.2566406790413427
390	119	1.2680270171775017
400	119	1.2792914575166805
410	119	1.2902690557998149
420	119	1.300725527610698
430	119	1.3103265699372204
440	119	1.3185938000707427
450	119	1.3248442617236964
460	119	1.3281091012949666
470	119	1.327025626240272
480	119	1.3197030398238017
490	119	1.3035684618720378
500	119	1.2752151924476829
510	119	1.2303095956899954
520	119	1.1636581583014625
530	119	1.0696033529765796
540	119	0.9429651082755222
550	119	0.7807067278556858
560	119	0.5842510292631796
570	119	0.36181037644609015
580	119	0.12939294705467289
590	119	-0.09104762860032378
600	119	-0.2767671851611561
610	119	-0.4109296528713336
620	119	-0.48747818255792147
630	119	-0.5116072247109346
640	119	-0.49607241720811557
650	119	-0.4559188272668893
660	119	-0.4043123314095136
670	119	-0.35061539698590516
680	119	-0.30034029033146636
690	119	-0.25604226272052627
700	119	-0.21838853502702346
710	119	-0.187025677694788
720	119	-0.16115635599273723
730	119	-0.1398709817589584
740	119	-0.12231257776654306
750	119	-0.10774303952197002
760	119	-0.09555713656125515
770	119	-0.08527249657154012
780	119	-0.07651081892464458
790	119	-0.06897778901067435
0	120	1.0162007336450103
10	120	1.0209262897180074
20	120	1.0260448968806675
30	120	1.0233752467314878
40	120	1.0243038384439769
50	120	1.0265288207966943
60	120	1.0287036419818265
70	120	1.031235477305382
80	120	1.0340992483294995
90	120	1.03728954169777
100	120	1.0407956792061512
110	120	1.0446040809804424
120	120	1.0487125436465443
130	120	1.0531165498442516
140	120	1.0576710586247526
150	120	1.0628085642969067
160	120	1.0680994343483654
170	120	1.0736911319036997
180	120	1.079590010201929
190	120	1.0855079940431067
200	120	1.092317013163907
210	120	1.099402619137801
220	120	1.1063179895816402
230	120	1.1138044648164425
240	120	1.1216159131312815
250	120	1.129752628221531
260	120	1.1382125652198896
270	120	1.146991739005016
280	120	1.1560849673620985
290	120	1.165482564647094
300	120	1.1751761801781142
310	120	1.1851525510570073
320	120	1.1953945332686708
330	120	1.205884518826213
340	120	1.2165969292806884
350	120	1.2275019416874133
360	120	1.238559584758645
370	120	1.2497176930537077
380	120	1.260904580923115
390	120	1.272023445226447
400	120	1.2829364542874284
410	120	1.2934492567494624
420	120	1.3032858998025372
430	120	1.312051388134327
440	120	1.3191829915499562
450	120	1.3238812052828506
460	120	1.3250198247041014
470	120	1.321028077468457
480	120	1.3097532255468751
490	120	1.2883093174418976
500	120	1.2529533935333326
510	120	1.1990564991990258
520	120	1.1212996569445872
530	120	1.0142744593862112
540	120	0.8736934069251516
550	120	0.698295624419588
560	120	0.4921676513481232
570	120	0.2665763534726313
580	120	0.03987636565865542
590	120	-0.16566298774798668
600	120	-0.3296983753808259
610	120	-0.4398476616754835
620	120	-0.494770646486298
630	120	-0.5028527579672862
640	120	-0.4777792646217206
650	120	-0.43370845768332705
660	120	-0.38208674023520417
670	120	-0.33056363455799176
680	120	-0.2833629513210775
690	120	-0.2422444822207866
700	120	-0.20747067185334853
710	120	-0.17853540856823638
720	120	-0.15462719755805007
730	120	-0.1348860191976707
740	120	-0.11852562067495843
750	120	-0.10487846317262588
760	120	-0.09340095321146342
770	120	-0.08366097858746935
780	120	-0.07531965789232382
790	120	-0.06811292072464267